alpha,CI_elec,P_elec,tau,wUP_net
0.0000,369.0000,0.0000,0.0000,0.0216
0.0000,369.0000,0.0020,0.0000,0.0014
0.0000,369.0000,0.0040,0.0000,-0.0189
0.0000,369.0000,0.0060,0.0000,-0.0385
0.0000,369.0000,0.0080,0.0000,-0.0569
0.0000,369.0000,0.0100,0.0000,-0.0746
0.0000,369.0000,0.0120,0.0000,-0.0902
0.0000,369.0000,0.0140,0.0000,-0.1048
0.0000,369.0000,0.0160,0.0000,-0.1191
0.0000,369.0000,0.0180,0.0000,-0.1318
0.0000,369.0000,0.0200,0.0000,-0.1437
0.0000,369.0000,0.0220,0.0000,-0.1556
0.0000,369.0000,0.0240,0.0000,-0.1675
0.0000,369.0000,0.0260,0.0000,-0.1794
0.0000,369.0000,0.0280,0.0000,-0.1913
0.0000,369.0000,0.0300,0.0000,-0.2031
0.0000,369.0000,0.0320,0.0000,-0.2120
0.0000,369.0000,0.0340,0.0000,-0.2209
0.0000,369.0000,0.0360,0.0000,-0.2298
0.0000,369.0000,0.0380,0.0000,-0.2387
0.0000,369.0000,0.0400,0.0000,-0.2476
0.0000,369.0000,0.0420,0.0000,-0.2565
0.0000,369.0000,0.0440,0.0000,-0.2654
0.0000,369.0000,0.0460,0.0000,-0.2737
0.0000,369.0000,0.0480,0.0000,-0.2818
0.0000,369.0000,0.0500,0.0000,-0.2900
0.0000,369.0000,0.0520,0.0000,-0.2981
0.0000,369.0000,0.0540,0.0000,-0.3062
0.0000,369.0000,0.0560,0.0000,-0.3143
0.0000,369.0000,0.0580,0.0000,-0.3225
0.0000,369.0000,0.0600,0.0000,-0.3306
0.0000,369.0000,0.0620,0.0000,-0.3387
0.0000,369.0000,0.0640,0.0000,-0.3468
0.0000,369.0000,0.0660,0.0000,-0.3549
0.0000,369.0000,0.0680,0.0000,-0.3631
0.0000,369.0000,0.0700,0.0000,-0.3712
0.0000,369.0000,0.0720,0.0000,-0.3784
0.0000,369.0000,0.0740,0.0000,-0.3855
0.0000,369.0000,0.0760,0.0000,-0.3926
0.0000,369.0000,0.0780,0.0000,-0.3998
0.0000,369.0000,0.0800,0.0000,-0.4069
0.0000,369.0000,0.0000,0.0050,0.0139
0.0000,369.0000,0.0020,0.0050,-0.0060
0.0000,369.0000,0.0040,0.0050,-0.0258
0.0000,369.0000,0.0060,0.0050,-0.0442
0.0000,369.0000,0.0080,0.0050,-0.0614
0.0000,369.0000,0.0100,0.0050,-0.0767
0.0000,369.0000,0.0120,0.0050,-0.0911
0.0000,369.0000,0.0140,0.0050,-0.1050
0.0000,369.0000,0.0160,0.0050,-0.1169
0.0000,369.0000,0.0180,0.0050,-0.1288
0.0000,369.0000,0.0200,0.0050,-0.1407
0.0000,369.0000,0.0220,0.0050,-0.1526
0.0000,369.0000,0.0240,0.0050,-0.1645
0.0000,369.0000,0.0260,0.0050,-0.1764
0.0000,369.0000,0.0280,0.0050,-0.1875
0.0000,369.0000,0.0300,0.0050,-0.1964
0.0000,369.0000,0.0320,0.0050,-0.2053
0.0000,369.0000,0.0340,0.0050,-0.2142
0.0000,369.0000,0.0360,0.0050,-0.2231
0.0000,369.0000,0.0380,0.0050,-0.2321
0.0000,369.0000,0.0400,0.0050,-0.2410
0.0000,369.0000,0.0420,0.0050,-0.2499
0.0000,369.0000,0.0440,0.0050,-0.2583
0.0000,369.0000,0.0460,0.0050,-0.2664
0.0000,369.0000,0.0480,0.0050,-0.2746
0.0000,369.0000,0.0500,0.0050,-0.2827
0.0000,369.0000,0.0520,0.0050,-0.2908
0.0000,369.0000,0.0540,0.0050,-0.2989
0.0000,369.0000,0.0560,0.0050,-0.3071
0.0000,369.0000,0.0580,0.0050,-0.3152
0.0000,369.0000,0.0600,0.0050,-0.3233
0.0000,369.0000,0.0620,0.0050,-0.3314
0.0000,369.0000,0.0640,0.0050,-0.3395
0.0000,369.0000,0.0660,0.0050,-0.3477
0.0000,369.0000,0.0680,0.0050,-0.3558
0.0000,369.0000,0.0700,0.0050,-0.3633
0.0000,369.0000,0.0720,0.0050,-0.3704
0.0000,369.0000,0.0740,0.0050,-0.3776
0.0000,369.0000,0.0760,0.0050,-0.3847
0.0000,369.0000,0.0780,0.0050,-0.3918
0.0000,369.0000,0.0800,0.0050,-0.3990
0.0000,369.0000,0.0000,0.0100,0.0071
0.0000,369.0000,0.0020,0.0100,-0.0128
0.0000,369.0000,0.0040,0.0100,-0.0315
0.0000,369.0000,0.0060,0.0100,-0.0481
0.0000,369.0000,0.0080,0.0100,-0.0631
0.0000,369.0000,0.0100,0.0100,-0.0775
0.0000,369.0000,0.0120,0.0100,-0.0900
0.0000,369.0000,0.0140,0.0100,-0.1019
0.0000,369.0000,0.0160,0.0100,-0.1138
0.0000,369.0000,0.0180,0.0100,-0.1257
0.0000,369.0000,0.0200,0.0100,-0.1376
0.0000,369.0000,0.0220,0.0100,-0.1495
0.0000,369.0000,0.0240,0.0100,-0.1614
0.0000,369.0000,0.0260,0.0100,-0.1720
0.0000,369.0000,0.0280,0.0100,-0.1809
0.0000,369.0000,0.0300,0.0100,-0.1898
0.0000,369.0000,0.0320,0.0100,-0.1987
0.0000,369.0000,0.0340,0.0100,-0.2076
0.0000,369.0000,0.0360,0.0100,-0.2165
0.0000,369.0000,0.0380,0.0100,-0.2254
0.0000,369.0000,0.0400,0.0100,-0.2343
0.0000,369.0000,0.0420,0.0100,-0.2429
0.0000,369.0000,0.0440,0.0100,-0.2510
0.0000,369.0000,0.0460,0.0100,-0.2592
0.0000,369.0000,0.0480,0.0100,-0.2673
0.0000,369.0000,0.0500,0.0100,-0.2754
0.0000,369.0000,0.0520,0.0100,-0.2835
0.0000,369.0000,0.0540,0.0100,-0.2916
0.0000,369.0000,0.0560,0.0100,-0.2998
0.0000,369.0000,0.0580,0.0100,-0.3079
0.0000,369.0000,0.0600,0.0100,-0.3160
0.0000,369.0000,0.0620,0.0100,-0.3241
0.0000,369.0000,0.0640,0.0100,-0.3323
0.0000,369.0000,0.0660,0.0100,-0.3404
0.0000,369.0000,0.0680,0.0100,-0.3482
0.0000,369.0000,0.0700,0.0100,-0.3553
0.0000,369.0000,0.0720,0.0100,-0.3625
0.0000,369.0000,0.0740,0.0100,-0.3696
0.0000,369.0000,0.0760,0.0100,-0.3768
0.0000,369.0000,0.0780,0.0100,-0.3839
0.0000,369.0000,0.0800,0.0100,-0.3910
0.0000,369.0000,0.0000,0.0150,0.0003
0.0000,369.0000,0.0020,0.0150,-0.0179
0.0000,369.0000,0.0040,0.0150,-0.0349
0.0000,369.0000,0.0060,0.0150,-0.0495
0.0000,369.0000,0.0080,0.0150,-0.0632
0.0000,369.0000,0.0100,0.0150,-0.0751
0.0000,369.0000,0.0120,0.0150,-0.0870
0.0000,369.0000,0.0140,0.0150,-0.0989
0.0000,369.0000,0.0160,0.0150,-0.1108
0.0000,369.0000,0.0180,0.0150,-0.1227
0.0000,369.0000,0.0200,0.0150,-0.1346
0.0000,369.0000,0.0220,0.0150,-0.1465
0.0000,369.0000,0.0240,0.0150,-0.1564
0.0000,369.0000,0.0260,0.0150,-0.1653
0.0000,369.0000,0.0280,0.0150,-0.1742
0.0000,369.0000,0.0300,0.0150,-0.1831
0.0000,369.0000,0.0320,0.0150,-0.1920
0.0000,369.0000,0.0340,0.0150,-0.2009
0.0000,369.0000,0.0360,0.0150,-0.2098
0.0000,369.0000,0.0380,0.0150,-0.2187
0.0000,369.0000,0.0400,0.0150,-0.2275
0.0000,369.0000,0.0420,0.0150,-0.2356
0.0000,369.0000,0.0440,0.0150,-0.2438
0.0000,369.0000,0.0460,0.0150,-0.2519
0.0000,369.0000,0.0480,0.0150,-0.2600
0.0000,369.0000,0.0500,0.0150,-0.2681
0.0000,369.0000,0.0520,0.0150,-0.2762
0.0000,369.0000,0.0540,0.0150,-0.2844
0.0000,369.0000,0.0560,0.0150,-0.2925
0.0000,369.0000,0.0580,0.0150,-0.3006
0.0000,369.0000,0.0600,0.0150,-0.3087
0.0000,369.0000,0.0620,0.0150,-0.3169
0.0000,369.0000,0.0640,0.0150,-0.3250
0.0000,369.0000,0.0660,0.0150,-0.3331
0.0000,369.0000,0.0680,0.0150,-0.3403
0.0000,369.0000,0.0700,0.0150,-0.3474
0.0000,369.0000,0.0720,0.0150,-0.3545
0.0000,369.0000,0.0740,0.0150,-0.3617
0.0000,369.0000,0.0760,0.0150,-0.3688
0.0000,369.0000,0.0780,0.0150,-0.3760
0.0000,369.0000,0.0800,0.0150,-0.3831
0.0000,369.0000,0.0000,0.0200,-0.0038
0.0000,369.0000,0.0020,0.0200,-0.0209
0.0000,369.0000,0.0040,0.0200,-0.0358
0.0000,369.0000,0.0060,0.0200,-0.0482
0.0000,369.0000,0.0080,0.0200,-0.0601
0.0000,369.0000,0.0100,0.0200,-0.0720
0.0000,369.0000,0.0120,0.0200,-0.0839
0.0000,369.0000,0.0140,0.0200,-0.0958
0.0000,369.0000,0.0160,0.0200,-0.1077
0.0000,369.0000,0.0180,0.0200,-0.1196
0.0000,369.0000,0.0200,0.0200,-0.1315
0.0000,369.0000,0.0220,0.0200,-0.1408
0.0000,369.0000,0.0240,0.0200,-0.1497
0.0000,369.0000,0.0260,0.0200,-0.1586
0.0000,369.0000,0.0280,0.0200,-0.1675
0.0000,369.0000,0.0300,0.0200,-0.1764
0.0000,369.0000,0.0320,0.0200,-0.1854
0.0000,369.0000,0.0340,0.0200,-0.1943
0.0000,369.0000,0.0360,0.0200,-0.2032
0.0000,369.0000,0.0380,0.0200,-0.2121
0.0000,369.0000,0.0400,0.0200,-0.2202
0.0000,369.0000,0.0420,0.0200,-0.2284
0.0000,369.0000,0.0440,0.0200,-0.2365
0.0000,369.0000,0.0460,0.0200,-0.2446
0.0000,369.0000,0.0480,0.0200,-0.2527
0.0000,369.0000,0.0500,0.0200,-0.2608
0.0000,369.0000,0.0520,0.0200,-0.2690
0.0000,369.0000,0.0540,0.0200,-0.2771
0.0000,369.0000,0.0560,0.0200,-0.2852
0.0000,369.0000,0.0580,0.0200,-0.2933
0.0000,369.0000,0.0600,0.0200,-0.3014
0.0000,369.0000,0.0620,0.0200,-0.3096
0.0000,369.0000,0.0640,0.0200,-0.3177
0.0000,369.0000,0.0660,0.0200,-0.3252
0.0000,369.0000,0.0680,0.0200,-0.3323
0.0000,369.0000,0.0700,0.0200,-0.3395
0.0000,369.0000,0.0720,0.0200,-0.3466
0.0000,369.0000,0.0740,0.0200,-0.3537
0.0000,369.0000,0.0760,0.0200,-0.3609
0.0000,369.0000,0.0780,0.0200,-0.3680
0.0000,369.0000,0.0800,0.0200,-0.3752
0.0000,369.0000,0.0000,0.0250,-0.0065
0.0000,369.0000,0.0020,0.0250,-0.0214
0.0000,369.0000,0.0040,0.0250,-0.0333
0.0000,369.0000,0.0060,0.0250,-0.0452
0.0000,369.0000,0.0080,0.0250,-0.0571
0.0000,369.0000,0.0100,0.0250,-0.0690
0.0000,369.0000,0.0120,0.0250,-0.0809
0.0000,369.0000,0.0140,0.0250,-0.0928
0.0000,369.0000,0.0160,0.0250,-0.1047
0.0000,369.0000,0.0180,0.0250,-0.1164
0.0000,369.0000,0.0200,0.0250,-0.1253
0.0000,369.0000,0.0220,0.0250,-0.1342
0.0000,369.0000,0.0240,0.0250,-0.1431
0.0000,369.0000,0.0260,0.0250,-0.1520
0.0000,369.0000,0.0280,0.0250,-0.1609
0.0000,369.0000,0.0300,0.0250,-0.1698
0.0000,369.0000,0.0320,0.0250,-0.1787
0.0000,369.0000,0.0340,0.0250,-0.1876
0.0000,369.0000,0.0360,0.0250,-0.1965
0.0000,369.0000,0.0380,0.0250,-0.2048
0.0000,369.0000,0.0400,0.0250,-0.2129
0.0000,369.0000,0.0420,0.0250,-0.2211
0.0000,369.0000,0.0440,0.0250,-0.2292
0.0000,369.0000,0.0460,0.0250,-0.2373
0.0000,369.0000,0.0480,0.0250,-0.2454
0.0000,369.0000,0.0500,0.0250,-0.2536
0.0000,369.0000,0.0520,0.0250,-0.2617
0.0000,369.0000,0.0540,0.0250,-0.2698
0.0000,369.0000,0.0560,0.0250,-0.2779
0.0000,369.0000,0.0580,0.0250,-0.2860
0.0000,369.0000,0.0600,0.0250,-0.2942
0.0000,369.0000,0.0620,0.0250,-0.3023
0.0000,369.0000,0.0640,0.0250,-0.3101
0.0000,369.0000,0.0660,0.0250,-0.3172
0.0000,369.0000,0.0680,0.0250,-0.3244
0.0000,369.0000,0.0700,0.0250,-0.3315
0.0000,369.0000,0.0720,0.0250,-0.3387
0.0000,369.0000,0.0740,0.0250,-0.3458
0.0000,369.0000,0.0760,0.0250,-0.3529
0.0000,369.0000,0.0780,0.0250,-0.3601
0.0000,369.0000,0.0800,0.0250,-0.3672
0.0000,369.0000,0.0000,0.0300,-0.0060
0.0000,369.0000,0.0020,0.0300,-0.0183
0.0000,369.0000,0.0040,0.0300,-0.0302
0.0000,369.0000,0.0060,0.0300,-0.0421
0.0000,369.0000,0.0080,0.0300,-0.0540
0.0000,369.0000,0.0100,0.0300,-0.0659
0.0000,369.0000,0.0120,0.0300,-0.0778
0.0000,369.0000,0.0140,0.0300,-0.0897
0.0000,369.0000,0.0160,0.0300,-0.1008
0.0000,369.0000,0.0180,0.0300,-0.1097
0.0000,369.0000,0.0200,0.0300,-0.1186
0.0000,369.0000,0.0220,0.0300,-0.1275
0.0000,369.0000,0.0240,0.0300,-0.1364
0.0000,369.0000,0.0260,0.0300,-0.1453
0.0000,369.0000,0.0280,0.0300,-0.1542
0.0000,369.0000,0.0300,0.0300,-0.1631
0.0000,369.0000,0.0320,0.0300,-0.1720
0.0000,369.0000,0.0340,0.0300,-0.1809
0.0000,369.0000,0.0360,0.0300,-0.1894
0.0000,369.0000,0.0380,0.0300,-0.1975
0.0000,369.0000,0.0400,0.0300,-0.2057
0.0000,369.0000,0.0420,0.0300,-0.2138
0.0000,369.0000,0.0440,0.0300,-0.2219
0.0000,369.0000,0.0460,0.0300,-0.2300
0.0000,369.0000,0.0480,0.0300,-0.2382
0.0000,369.0000,0.0500,0.0300,-0.2463
0.0000,369.0000,0.0520,0.0300,-0.2544
0.0000,369.0000,0.0540,0.0300,-0.2625
0.0000,369.0000,0.0560,0.0300,-0.2706
0.0000,369.0000,0.0580,0.0300,-0.2788
0.0000,369.0000,0.0600,0.0300,-0.2869
0.0000,369.0000,0.0620,0.0300,-0.2950
0.0000,369.0000,0.0640,0.0300,-0.3021
0.0000,369.0000,0.0660,0.0300,-0.3093
0.0000,369.0000,0.0680,0.0300,-0.3164
0.0000,369.0000,0.0700,0.0300,-0.3236
0.0000,369.0000,0.0720,0.0300,-0.3307
0.0000,369.0000,0.0740,0.0300,-0.3379
0.0000,369.0000,0.0760,0.0300,-0.3450
0.0000,369.0000,0.0780,0.0300,-0.3521
0.0000,369.0000,0.0800,0.0300,-0.3593
0.0000,369.0000,0.0000,0.0350,-0.0034
0.0000,369.0000,0.0020,0.0350,-0.0153
0.0000,369.0000,0.0040,0.0350,-0.0272
0.0000,369.0000,0.0060,0.0350,-0.0391
0.0000,369.0000,0.0080,0.0350,-0.0510
0.0000,369.0000,0.0100,0.0350,-0.0629
0.0000,369.0000,0.0120,0.0350,-0.0748
0.0000,369.0000,0.0140,0.0350,-0.0852
0.0000,369.0000,0.0160,0.0350,-0.0941
0.0000,369.0000,0.0180,0.0350,-0.1030
0.0000,369.0000,0.0200,0.0350,-0.1119
0.0000,369.0000,0.0220,0.0350,-0.1208
0.0000,369.0000,0.0240,0.0350,-0.1297
0.0000,369.0000,0.0260,0.0350,-0.1387
0.0000,369.0000,0.0280,0.0350,-0.1476
0.0000,369.0000,0.0300,0.0350,-0.1565
0.0000,369.0000,0.0320,0.0350,-0.1654
0.0000,369.0000,0.0340,0.0350,-0.1740
0.0000,369.0000,0.0360,0.0350,-0.1821
0.0000,369.0000,0.0380,0.0350,-0.1903
0.0000,369.0000,0.0400,0.0350,-0.1984
0.0000,369.0000,0.0420,0.0350,-0.2065
0.0000,369.0000,0.0440,0.0350,-0.2146
0.0000,369.0000,0.0460,0.0350,-0.2227
0.0000,369.0000,0.0480,0.0350,-0.2309
0.0000,369.0000,0.0500,0.0350,-0.2390
0.0000,369.0000,0.0520,0.0350,-0.2471
0.0000,369.0000,0.0540,0.0350,-0.2552
0.0000,369.0000,0.0560,0.0350,-0.2634
0.0000,369.0000,0.0580,0.0350,-0.2715
0.0000,369.0000,0.0600,0.0350,-0.2796
0.0000,369.0000,0.0620,0.0350,-0.2871
0.0000,369.0000,0.0640,0.0350,-0.2942
0.0000,369.0000,0.0660,0.0350,-0.3013
0.0000,369.0000,0.0680,0.0350,-0.3085
0.0000,369.0000,0.0700,0.0350,-0.3156
0.0000,369.0000,0.0720,0.0350,-0.3228
0.0000,369.0000,0.0740,0.0350,-0.3299
0.0000,369.0000,0.0760,0.0350,-0.3371
0.0000,369.0000,0.0780,0.0350,-0.3442
0.0000,369.0000,0.0800,0.0350,-0.3513
0.0000,369.0000,0.0000,0.0400,-0.0003
0.0000,369.0000,0.0020,0.0400,-0.0122
0.0000,369.0000,0.0040,0.0400,-0.0241
0.0000,369.0000,0.0060,0.0400,-0.0360
0.0000,369.0000,0.0080,0.0400,-0.0479
0.0000,369.0000,0.0100,0.0400,-0.0598
0.0000,369.0000,0.0120,0.0400,-0.0697
0.0000,369.0000,0.0140,0.0400,-0.0786
0.0000,369.0000,0.0160,0.0400,-0.0875
0.0000,369.0000,0.0180,0.0400,-0.0964
0.0000,369.0000,0.0200,0.0400,-0.1053
0.0000,369.0000,0.0220,0.0400,-0.1142
0.0000,369.0000,0.0240,0.0400,-0.1231
0.0000,369.0000,0.0260,0.0400,-0.1320
0.0000,369.0000,0.0280,0.0400,-0.1409
0.0000,369.0000,0.0300,0.0400,-0.1498
0.0000,369.0000,0.0320,0.0400,-0.1586
0.0000,369.0000,0.0340,0.0400,-0.1667
0.0000,369.0000,0.0360,0.0400,-0.1749
0.0000,369.0000,0.0380,0.0400,-0.1830
0.0000,369.0000,0.0400,0.0400,-0.1911
0.0000,369.0000,0.0420,0.0400,-0.1992
0.0000,369.0000,0.0440,0.0400,-0.2073
0.0000,369.0000,0.0460,0.0400,-0.2155
0.0000,369.0000,0.0480,0.0400,-0.2236
0.0000,369.0000,0.0500,0.0400,-0.2317
0.0000,369.0000,0.0520,0.0400,-0.2398
0.0000,369.0000,0.0540,0.0400,-0.2480
0.0000,369.0000,0.0560,0.0400,-0.2561
0.0000,369.0000,0.0580,0.0400,-0.2642
0.0000,369.0000,0.0600,0.0400,-0.2720
0.0000,369.0000,0.0620,0.0400,-0.2791
0.0000,369.0000,0.0640,0.0400,-0.2863
0.0000,369.0000,0.0660,0.0400,-0.2934
0.0000,369.0000,0.0680,0.0400,-0.3006
0.0000,369.0000,0.0700,0.0400,-0.3077
0.0000,369.0000,0.0720,0.0400,-0.3148
0.0000,369.0000,0.0740,0.0400,-0.3220
0.0000,369.0000,0.0760,0.0400,-0.3291
0.0000,369.0000,0.0780,0.0400,-0.3363
0.0000,369.0000,0.0800,0.0400,-0.3434
0.0000,369.0000,0.0000,0.0450,0.0027
0.0000,369.0000,0.0020,0.0450,-0.0092
0.0000,369.0000,0.0040,0.0450,-0.0211
0.0000,369.0000,0.0060,0.0450,-0.0330
0.0000,369.0000,0.0080,0.0450,-0.0449
0.0000,369.0000,0.0100,0.0450,-0.0541
0.0000,369.0000,0.0120,0.0450,-0.0630
0.0000,369.0000,0.0140,0.0450,-0.0719
0.0000,369.0000,0.0160,0.0450,-0.0808
0.0000,369.0000,0.0180,0.0450,-0.0897
0.0000,369.0000,0.0200,0.0450,-0.0986
0.0000,369.0000,0.0220,0.0450,-0.1075
0.0000,369.0000,0.0240,0.0450,-0.1164
0.0000,369.0000,0.0260,0.0450,-0.1253
0.0000,369.0000,0.0280,0.0450,-0.1342
0.0000,369.0000,0.0300,0.0450,-0.1431
0.0000,369.0000,0.0320,0.0450,-0.1513
0.0000,369.0000,0.0340,0.0450,-0.1594
0.0000,369.0000,0.0360,0.0450,-0.1676
0.0000,369.0000,0.0380,0.0450,-0.1757
0.0000,369.0000,0.0400,0.0450,-0.1838
0.0000,369.0000,0.0420,0.0450,-0.1919
0.0000,369.0000,0.0440,0.0450,-0.2001
0.0000,369.0000,0.0460,0.0450,-0.2082
0.0000,369.0000,0.0480,0.0450,-0.2163
0.0000,369.0000,0.0500,0.0450,-0.2244
0.0000,369.0000,0.0520,0.0450,-0.2325
0.0000,369.0000,0.0540,0.0450,-0.2407
0.0000,369.0000,0.0560,0.0450,-0.2488
0.0000,369.0000,0.0580,0.0450,-0.2569
0.0000,369.0000,0.0600,0.0450,-0.2640
0.0000,369.0000,0.0620,0.0450,-0.2712
0.0000,369.0000,0.0640,0.0450,-0.2783
0.0000,369.0000,0.0660,0.0450,-0.2855
0.0000,369.0000,0.0680,0.0450,-0.2926
0.0000,369.0000,0.0700,0.0450,-0.2998
0.0000,369.0000,0.0720,0.0450,-0.3069
0.0000,369.0000,0.0740,0.0450,-0.3140
0.0000,369.0000,0.0760,0.0450,-0.3212
0.0000,369.0000,0.0780,0.0450,-0.3283
0.0000,369.0000,0.0800,0.0450,-0.3355
0.0000,369.0000,0.0000,0.0500,0.0058
0.0000,369.0000,0.0020,0.0500,-0.0061
0.0000,369.0000,0.0040,0.0500,-0.0180
0.0000,369.0000,0.0060,0.0500,-0.0296
0.0000,369.0000,0.0080,0.0500,-0.0385
0.0000,369.0000,0.0100,0.0500,-0.0474
0.0000,369.0000,0.0120,0.0500,-0.0563
0.0000,369.0000,0.0140,0.0500,-0.0652
0.0000,369.0000,0.0160,0.0500,-0.0741
0.0000,369.0000,0.0180,0.0500,-0.0830
0.0000,369.0000,0.0200,0.0500,-0.0919
0.0000,369.0000,0.0220,0.0500,-0.1009
0.0000,369.0000,0.0240,0.0500,-0.1098
0.0000,369.0000,0.0260,0.0500,-0.1187
0.0000,369.0000,0.0280,0.0500,-0.1276
0.0000,369.0000,0.0300,0.0500,-0.1359
0.0000,369.0000,0.0320,0.0500,-0.1440
0.0000,369.0000,0.0340,0.0500,-0.1522
0.0000,369.0000,0.0360,0.0500,-0.1603
0.0000,369.0000,0.0380,0.0500,-0.1684
0.0000,369.0000,0.0400,0.0500,-0.1765
0.0000,369.0000,0.0420,0.0500,-0.1847
0.0000,369.0000,0.0440,0.0500,-0.1928
0.0000,369.0000,0.0460,0.0500,-0.2009
0.0000,369.0000,0.0480,0.0500,-0.2090
0.0000,369.0000,0.0500,0.0500,-0.2171
0.0000,369.0000,0.0520,0.0500,-0.2253
0.0000,369.0000,0.0540,0.0500,-0.2334
0.0000,369.0000,0.0560,0.0500,-0.2415
0.0000,369.0000,0.0580,0.0500,-0.2490
0.0000,369.0000,0.0600,0.0500,-0.2561
0.0000,369.0000,0.0620,0.0500,-0.2632
0.0000,369.0000,0.0640,0.0500,-0.2704
0.0000,369.0000,0.0660,0.0500,-0.2775
0.0000,369.0000,0.0680,0.0500,-0.2847
0.0000,369.0000,0.0700,0.0500,-0.2918
0.0000,369.0000,0.0720,0.0500,-0.2990
0.0000,369.0000,0.0740,0.0500,-0.3061
0.0000,369.0000,0.0760,0.0500,-0.3132
0.0000,369.0000,0.0780,0.0500,-0.3204
0.0000,369.0000,0.0800,0.0500,-0.3275
0.0000,369.0000,0.0000,0.0550,0.0088
0.0000,369.0000,0.0020,0.0550,-0.0031
0.0000,369.0000,0.0040,0.0550,-0.0141
0.0000,369.0000,0.0060,0.0550,-0.0230
0.0000,369.0000,0.0080,0.0550,-0.0319
0.0000,369.0000,0.0100,0.0550,-0.0408
0.0000,369.0000,0.0120,0.0550,-0.0497
0.0000,369.0000,0.0140,0.0550,-0.0586
0.0000,369.0000,0.0160,0.0550,-0.0675
0.0000,369.0000,0.0180,0.0550,-0.0764
0.0000,369.0000,0.0200,0.0550,-0.0853
0.0000,369.0000,0.0220,0.0550,-0.0942
0.0000,369.0000,0.0240,0.0550,-0.1031
0.0000,369.0000,0.0260,0.0550,-0.1120
0.0000,369.0000,0.0280,0.0550,-0.1205
0.0000,369.0000,0.0300,0.0550,-0.1286
0.0000,369.0000,0.0320,0.0550,-0.1368
0.0000,369.0000,0.0340,0.0550,-0.1449
0.0000,369.0000,0.0360,0.0550,-0.1530
0.0000,369.0000,0.0380,0.0550,-0.1611
0.0000,369.0000,0.0400,0.0550,-0.1693
0.0000,369.0000,0.0420,0.0550,-0.1774
0.0000,369.0000,0.0440,0.0550,-0.1855
0.0000,369.0000,0.0460,0.0550,-0.1936
0.0000,369.0000,0.0480,0.0550,-0.2017
0.0000,369.0000,0.0500,0.0550,-0.2099
0.0000,369.0000,0.0520,0.0550,-0.2180
0.0000,369.0000,0.0540,0.0550,-0.2261
0.0000,369.0000,0.0560,0.0550,-0.2339
0.0000,369.0000,0.0580,0.0550,-0.2410
0.0000,369.0000,0.0600,0.0550,-0.2482
0.0000,369.0000,0.0620,0.0550,-0.2553
0.0000,369.0000,0.0640,0.0550,-0.2624
0.0000,369.0000,0.0660,0.0550,-0.2696
0.0000,369.0000,0.0680,0.0550,-0.2767
0.0000,369.0000,0.0700,0.0550,-0.2839
0.0000,369.0000,0.0720,0.0550,-0.2910
0.0000,369.0000,0.0740,0.0550,-0.2982
0.0000,369.0000,0.0760,0.0550,-0.3053
0.0000,369.0000,0.0780,0.0550,-0.3124
0.0000,369.0000,0.0800,0.0550,-0.3196
0.0000,369.0000,0.0000,0.0600,0.0118
0.0000,369.0000,0.0020,0.0600,0.0015
0.0000,369.0000,0.0040,0.0600,-0.0074
0.0000,369.0000,0.0060,0.0600,-0.0163
0.0000,369.0000,0.0080,0.0600,-0.0252
0.0000,369.0000,0.0100,0.0600,-0.0341
0.0000,369.0000,0.0120,0.0600,-0.0430
0.0000,369.0000,0.0140,0.0600,-0.0519
0.0000,369.0000,0.0160,0.0600,-0.0608
0.0000,369.0000,0.0180,0.0600,-0.0697
0.0000,369.0000,0.0200,0.0600,-0.0786
0.0000,369.0000,0.0220,0.0600,-0.0875
0.0000,369.0000,0.0240,0.0600,-0.0964
0.0000,369.0000,0.0260,0.0600,-0.1051
0.0000,369.0000,0.0280,0.0600,-0.1132
0.0000,369.0000,0.0300,0.0600,-0.1214
0.0000,369.0000,0.0320,0.0600,-0.1295
0.0000,369.0000,0.0340,0.0600,-0.1376
0.0000,369.0000,0.0360,0.0600,-0.1457
0.0000,369.0000,0.0380,0.0600,-0.1538
0.0000,369.0000,0.0400,0.0600,-0.1620
0.0000,369.0000,0.0420,0.0600,-0.1701
0.0000,369.0000,0.0440,0.0600,-0.1782
0.0000,369.0000,0.0460,0.0600,-0.1863
0.0000,369.0000,0.0480,0.0600,-0.1945
0.0000,369.0000,0.0500,0.0600,-0.2026
0.0000,369.0000,0.0520,0.0600,-0.2107
0.0000,369.0000,0.0540,0.0600,-0.2188
0.0000,369.0000,0.0560,0.0600,-0.2259
0.0000,369.0000,0.0580,0.0600,-0.2331
0.0000,369.0000,0.0600,0.0600,-0.2402
0.0000,369.0000,0.0620,0.0600,-0.2474
0.0000,369.0000,0.0640,0.0600,-0.2545
0.0000,369.0000,0.0660,0.0600,-0.2616
0.0000,369.0000,0.0680,0.0600,-0.2688
0.0000,369.0000,0.0700,0.0600,-0.2759
0.0000,369.0000,0.0720,0.0600,-0.2831
0.0000,369.0000,0.0740,0.0600,-0.2902
0.0000,369.0000,0.0760,0.0600,-0.2974
0.0000,369.0000,0.0780,0.0600,-0.3045
0.0000,369.0000,0.0800,0.0600,-0.3116
0.0000,369.0000,0.0000,0.0650,0.0171
0.0000,369.0000,0.0020,0.0650,0.0082
0.0000,369.0000,0.0040,0.0650,-0.0007
0.0000,369.0000,0.0060,0.0650,-0.0096
0.0000,369.0000,0.0080,0.0650,-0.0185
0.0000,369.0000,0.0100,0.0650,-0.0274
0.0000,369.0000,0.0120,0.0650,-0.0363
0.0000,369.0000,0.0140,0.0650,-0.0452
0.0000,369.0000,0.0160,0.0650,-0.0542
0.0000,369.0000,0.0180,0.0650,-0.0631
0.0000,369.0000,0.0200,0.0650,-0.0720
0.0000,369.0000,0.0220,0.0650,-0.0809
0.0000,369.0000,0.0240,0.0650,-0.0897
0.0000,369.0000,0.0260,0.0650,-0.0978
0.0000,369.0000,0.0280,0.0650,-0.1060
0.0000,369.0000,0.0300,0.0650,-0.1141
0.0000,369.0000,0.0320,0.0650,-0.1222
0.0000,369.0000,0.0340,0.0650,-0.1303
0.0000,369.0000,0.0360,0.0650,-0.1384
0.0000,369.0000,0.0380,0.0650,-0.1466
0.0000,369.0000,0.0400,0.0650,-0.1547
0.0000,369.0000,0.0420,0.0650,-0.1628
0.0000,369.0000,0.0440,0.0650,-0.1709
0.0000,369.0000,0.0460,0.0650,-0.1791
0.0000,369.0000,0.0480,0.0650,-0.1872
0.0000,369.0000,0.0500,0.0650,-0.1953
0.0000,369.0000,0.0520,0.0650,-0.2034
0.0000,369.0000,0.0540,0.0650,-0.2109
0.0000,369.0000,0.0560,0.0650,-0.2180
0.0000,369.0000,0.0580,0.0650,-0.2251
0.0000,369.0000,0.0600,0.0650,-0.2323
0.0000,369.0000,0.0620,0.0650,-0.2394
0.0000,369.0000,0.0640,0.0650,-0.2466
0.0000,369.0000,0.0660,0.0650,-0.2537
0.0000,369.0000,0.0680,0.0650,-0.2608
0.0000,369.0000,0.0700,0.0650,-0.2680
0.0000,369.0000,0.0720,0.0650,-0.2751
0.0000,369.0000,0.0740,0.0650,-0.2823
0.0000,369.0000,0.0760,0.0650,-0.2894
0.0000,369.0000,0.0780,0.0650,-0.2966
0.0000,369.0000,0.0800,0.0650,-0.3037
0.0000,369.0000,0.0000,0.0700,0.0237
0.0000,369.0000,0.0020,0.0700,0.0148
0.0000,369.0000,0.0040,0.0700,0.0059
0.0000,369.0000,0.0060,0.0700,-0.0030
0.0000,369.0000,0.0080,0.0700,-0.0119
0.0000,369.0000,0.0100,0.0700,-0.0208
0.0000,369.0000,0.0120,0.0700,-0.0297
0.0000,369.0000,0.0140,0.0700,-0.0386
0.0000,369.0000,0.0160,0.0700,-0.0475
0.0000,369.0000,0.0180,0.0700,-0.0564
0.0000,369.0000,0.0200,0.0700,-0.0653
0.0000,369.0000,0.0220,0.0700,-0.0742
0.0000,369.0000,0.0240,0.0700,-0.0824
0.0000,369.0000,0.0260,0.0700,-0.0905
0.0000,369.0000,0.0280,0.0700,-0.0987
0.0000,369.0000,0.0300,0.0700,-0.1068
0.0000,369.0000,0.0320,0.0700,-0.1149
0.0000,369.0000,0.0340,0.0700,-0.1230
0.0000,369.0000,0.0360,0.0700,-0.1312
0.0000,369.0000,0.0380,0.0700,-0.1393
0.0000,369.0000,0.0400,0.0700,-0.1474
0.0000,369.0000,0.0420,0.0700,-0.1555
0.0000,369.0000,0.0440,0.0700,-0.1636
0.0000,369.0000,0.0460,0.0700,-0.1718
0.0000,369.0000,0.0480,0.0700,-0.1799
0.0000,369.0000,0.0500,0.0700,-0.1880
0.0000,369.0000,0.0520,0.0700,-0.1958
0.0000,369.0000,0.0540,0.0700,-0.2029
0.0000,369.0000,0.0560,0.0700,-0.2101
0.0000,369.0000,0.0580,0.0700,-0.2172
0.0000,369.0000,0.0600,0.0700,-0.2243
0.0000,369.0000,0.0620,0.0700,-0.2315
0.0000,369.0000,0.0640,0.0700,-0.2386
0.0000,369.0000,0.0660,0.0700,-0.2458
0.0000,369.0000,0.0680,0.0700,-0.2529
0.0000,369.0000,0.0700,0.0700,-0.2600
0.0000,369.0000,0.0720,0.0700,-0.2672
0.0000,369.0000,0.0740,0.0700,-0.2743
0.0000,369.0000,0.0760,0.0700,-0.2815
0.0000,369.0000,0.0780,0.0700,-0.2886
0.0000,369.0000,0.0800,0.0700,-0.2958
0.0000,369.0000,0.0000,0.0750,0.0304
0.0000,369.0000,0.0020,0.0750,0.0215
0.0000,369.0000,0.0040,0.0750,0.0126
0.0000,369.0000,0.0060,0.0750,0.0037
0.0000,369.0000,0.0080,0.0750,-0.0052
0.0000,369.0000,0.0100,0.0750,-0.0141
0.0000,369.0000,0.0120,0.0750,-0.0230
0.0000,369.0000,0.0140,0.0750,-0.0319
0.0000,369.0000,0.0160,0.0750,-0.0408
0.0000,369.0000,0.0180,0.0750,-0.0497
0.0000,369.0000,0.0200,0.0750,-0.0586
0.0000,369.0000,0.0220,0.0750,-0.0670
0.0000,369.0000,0.0240,0.0750,-0.0751
0.0000,369.0000,0.0260,0.0750,-0.0833
0.0000,369.0000,0.0280,0.0750,-0.0914
0.0000,369.0000,0.0300,0.0750,-0.0995
0.0000,369.0000,0.0320,0.0750,-0.1076
0.0000,369.0000,0.0340,0.0750,-0.1158
0.0000,369.0000,0.0360,0.0750,-0.1239
0.0000,369.0000,0.0380,0.0750,-0.1320
0.0000,369.0000,0.0400,0.0750,-0.1401
0.0000,369.0000,0.0420,0.0750,-0.1482
0.0000,369.0000,0.0440,0.0750,-0.1564
0.0000,369.0000,0.0460,0.0750,-0.1645
0.0000,369.0000,0.0480,0.0750,-0.1726
0.0000,369.0000,0.0500,0.0750,-0.1807
0.0000,369.0000,0.0520,0.0750,-0.1878
0.0000,369.0000,0.0540,0.0750,-0.1950
0.0000,369.0000,0.0560,0.0750,-0.2021
0.0000,369.0000,0.0580,0.0750,-0.2093
0.0000,369.0000,0.0600,0.0750,-0.2164
0.0000,369.0000,0.0620,0.0750,-0.2235
0.0000,369.0000,0.0640,0.0750,-0.2307
0.0000,369.0000,0.0660,0.0750,-0.2378
0.0000,369.0000,0.0680,0.0750,-0.2450
0.0000,369.0000,0.0700,0.0750,-0.2521
0.0000,369.0000,0.0720,0.0750,-0.2592
0.0000,369.0000,0.0740,0.0750,-0.2664
0.0000,369.0000,0.0760,0.0750,-0.2735
0.0000,369.0000,0.0780,0.0750,-0.2807
0.0000,369.0000,0.0800,0.0750,-0.2878
0.0000,369.0000,0.0000,0.0800,0.0371
0.0000,369.0000,0.0020,0.0800,0.0282
0.0000,369.0000,0.0040,0.0800,0.0193
0.0000,369.0000,0.0060,0.0800,0.0104
0.0000,369.0000,0.0080,0.0800,0.0015
0.0000,369.0000,0.0100,0.0800,-0.0075
0.0000,369.0000,0.0120,0.0800,-0.0164
0.0000,369.0000,0.0140,0.0800,-0.0253
0.0000,369.0000,0.0160,0.0800,-0.0342
0.0000,369.0000,0.0180,0.0800,-0.0431
0.0000,369.0000,0.0200,0.0800,-0.0516
0.0000,369.0000,0.0220,0.0800,-0.0597
0.0000,369.0000,0.0240,0.0800,-0.0679
0.0000,369.0000,0.0260,0.0800,-0.0760
0.0000,369.0000,0.0280,0.0800,-0.0841
0.0000,369.0000,0.0300,0.0800,-0.0922
0.0000,369.0000,0.0320,0.0800,-0.1004
0.0000,369.0000,0.0340,0.0800,-0.1085
0.0000,369.0000,0.0360,0.0800,-0.1166
0.0000,369.0000,0.0380,0.0800,-0.1247
0.0000,369.0000,0.0400,0.0800,-0.1328
0.0000,369.0000,0.0420,0.0800,-0.1410
0.0000,369.0000,0.0440,0.0800,-0.1491
0.0000,369.0000,0.0460,0.0800,-0.1572
0.0000,369.0000,0.0480,0.0800,-0.1653
0.0000,369.0000,0.0500,0.0800,-0.1727
0.0000,369.0000,0.0520,0.0800,-0.1799
0.0000,369.0000,0.0540,0.0800,-0.1870
0.0000,369.0000,0.0560,0.0800,-0.1942
0.0000,369.0000,0.0580,0.0800,-0.2013
0.0000,369.0000,0.0600,0.0800,-0.2085
0.0000,369.0000,0.0620,0.0800,-0.2156
0.0000,369.0000,0.0640,0.0800,-0.2227
0.0000,369.0000,0.0660,0.0800,-0.2299
0.0000,369.0000,0.0680,0.0800,-0.2370
0.0000,369.0000,0.0700,0.0800,-0.2442
0.0000,369.0000,0.0720,0.0800,-0.2513
0.0000,369.0000,0.0740,0.0800,-0.2584
0.0000,369.0000,0.0760,0.0800,-0.2656
0.0000,369.0000,0.0780,0.0800,-0.2727
0.0000,369.0000,0.0800,0.0800,-0.2799
0.0000,369.0000,0.0000,0.0850,0.0437
0.0000,369.0000,0.0020,0.0850,0.0348
0.0000,369.0000,0.0040,0.0850,0.0259
0.0000,369.0000,0.0060,0.0850,0.0170
0.0000,369.0000,0.0080,0.0850,0.0081
0.0000,369.0000,0.0100,0.0850,-0.0008
0.0000,369.0000,0.0120,0.0850,-0.0097
0.0000,369.0000,0.0140,0.0850,-0.0186
0.0000,369.0000,0.0160,0.0850,-0.0275
0.0000,369.0000,0.0180,0.0850,-0.0362
0.0000,369.0000,0.0200,0.0850,-0.0443
0.0000,369.0000,0.0220,0.0850,-0.0525
0.0000,369.0000,0.0240,0.0850,-0.0606
0.0000,369.0000,0.0260,0.0850,-0.0687
0.0000,369.0000,0.0280,0.0850,-0.0768
0.0000,369.0000,0.0300,0.0850,-0.0849
0.0000,369.0000,0.0320,0.0850,-0.0931
0.0000,369.0000,0.0340,0.0850,-0.1012
0.0000,369.0000,0.0360,0.0850,-0.1093
0.0000,369.0000,0.0380,0.0850,-0.1174
0.0000,369.0000,0.0400,0.0850,-0.1256
0.0000,369.0000,0.0420,0.0850,-0.1337
0.0000,369.0000,0.0440,0.0850,-0.1418
0.0000,369.0000,0.0460,0.0850,-0.1499
0.0000,369.0000,0.0480,0.0850,-0.1577
0.0000,369.0000,0.0500,0.0850,-0.1648
0.0000,369.0000,0.0520,0.0850,-0.1719
0.0000,369.0000,0.0540,0.0850,-0.1791
0.0000,369.0000,0.0560,0.0850,-0.1862
0.0000,369.0000,0.0580,0.0850,-0.1934
0.0000,369.0000,0.0600,0.0850,-0.2005
0.0000,369.0000,0.0620,0.0850,-0.2077
0.0000,369.0000,0.0640,0.0850,-0.2148
0.0000,369.0000,0.0660,0.0850,-0.2219
0.0000,369.0000,0.0680,0.0850,-0.2291
0.0000,369.0000,0.0700,0.0850,-0.2362
0.0000,369.0000,0.0720,0.0850,-0.2434
0.0000,369.0000,0.0740,0.0850,-0.2505
0.0000,369.0000,0.0760,0.0850,-0.2576
0.0000,369.0000,0.0780,0.0850,-0.2648
0.0000,369.0000,0.0800,0.0850,-0.2719
0.0000,369.0000,0.0000,0.0900,0.0504
0.0000,369.0000,0.0020,0.0900,0.0415
0.0000,369.0000,0.0040,0.0900,0.0326
0.0000,369.0000,0.0060,0.0900,0.0237
0.0000,369.0000,0.0080,0.0900,0.0148
0.0000,369.0000,0.0100,0.0900,0.0059
0.0000,369.0000,0.0120,0.0900,-0.0030
0.0000,369.0000,0.0140,0.0900,-0.0119
0.0000,369.0000,0.0160,0.0900,-0.0208
0.0000,369.0000,0.0180,0.0900,-0.0289
0.0000,369.0000,0.0200,0.0900,-0.0371
0.0000,369.0000,0.0220,0.0900,-0.0452
0.0000,369.0000,0.0240,0.0900,-0.0533
0.0000,369.0000,0.0260,0.0900,-0.0614
0.0000,369.0000,0.0280,0.0900,-0.0695
0.0000,369.0000,0.0300,0.0900,-0.0777
0.0000,369.0000,0.0320,0.0900,-0.0858
0.0000,369.0000,0.0340,0.0900,-0.0939
0.0000,369.0000,0.0360,0.0900,-0.1020
0.0000,369.0000,0.0380,0.0900,-0.1102
0.0000,369.0000,0.0400,0.0900,-0.1183
0.0000,369.0000,0.0420,0.0900,-0.1264
0.0000,369.0000,0.0440,0.0900,-0.1345
0.0000,369.0000,0.0460,0.0900,-0.1426
0.0000,369.0000,0.0480,0.0900,-0.1497
0.0000,369.0000,0.0500,0.0900,-0.1569
0.0000,369.0000,0.0520,0.0900,-0.1640
0.0000,369.0000,0.0540,0.0900,-0.1711
0.0000,369.0000,0.0560,0.0900,-0.1783
0.0000,369.0000,0.0580,0.0900,-0.1854
0.0000,369.0000,0.0600,0.0900,-0.1926
0.0000,369.0000,0.0620,0.0900,-0.1997
0.0000,369.0000,0.0640,0.0900,-0.2069
0.0000,369.0000,0.0660,0.0900,-0.2140
0.0000,369.0000,0.0680,0.0900,-0.2211
0.0000,369.0000,0.0700,0.0900,-0.2283
0.0000,369.0000,0.0720,0.0900,-0.2354
0.0000,369.0000,0.0740,0.0900,-0.2426
0.0000,369.0000,0.0760,0.0900,-0.2497
0.0000,369.0000,0.0780,0.0900,-0.2568
0.0000,369.0000,0.0800,0.0900,-0.2640
0.0000,369.0000,0.0000,0.0950,0.0571
0.0000,369.0000,0.0020,0.0950,0.0482
0.0000,369.0000,0.0040,0.0950,0.0393
0.0000,369.0000,0.0060,0.0950,0.0303
0.0000,369.0000,0.0080,0.0950,0.0214
0.0000,369.0000,0.0100,0.0950,0.0125
0.0000,369.0000,0.0120,0.0950,0.0036
0.0000,369.0000,0.0140,0.0950,-0.0053
0.0000,369.0000,0.0160,0.0950,-0.0135
0.0000,369.0000,0.0180,0.0950,-0.0216
0.0000,369.0000,0.0200,0.0950,-0.0298
0.0000,369.0000,0.0220,0.0950,-0.0379
0.0000,369.0000,0.0240,0.0950,-0.0460
0.0000,369.0000,0.0260,0.0950,-0.0541
0.0000,369.0000,0.0280,0.0950,-0.0623
0.0000,369.0000,0.0300,0.0950,-0.0704
0.0000,369.0000,0.0320,0.0950,-0.0785
0.0000,369.0000,0.0340,0.0950,-0.0866
0.0000,369.0000,0.0360,0.0950,-0.0947
0.0000,369.0000,0.0380,0.0950,-0.1029
0.0000,369.0000,0.0400,0.0950,-0.1110
0.0000,369.0000,0.0420,0.0950,-0.1191
0.0000,369.0000,0.0440,0.0950,-0.1272
0.0000,369.0000,0.0460,0.0950,-0.1346
0.0000,369.0000,0.0480,0.0950,-0.1418
0.0000,369.0000,0.0500,0.0950,-0.1489
0.0000,369.0000,0.0520,0.0950,-0.1561
0.0000,369.0000,0.0540,0.0950,-0.1632
0.0000,369.0000,0.0560,0.0950,-0.1703
0.0000,369.0000,0.0580,0.0950,-0.1775
0.0000,369.0000,0.0600,0.0950,-0.1846
0.0000,369.0000,0.0620,0.0950,-0.1918
0.0000,369.0000,0.0640,0.0950,-0.1989
0.0000,369.0000,0.0660,0.0950,-0.2061
0.0000,369.0000,0.0680,0.0950,-0.2132
0.0000,369.0000,0.0700,0.0950,-0.2203
0.0000,369.0000,0.0720,0.0950,-0.2275
0.0000,369.0000,0.0740,0.0950,-0.2346
0.0000,369.0000,0.0760,0.0950,-0.2418
0.0000,369.0000,0.0780,0.0950,-0.2489
0.0000,369.0000,0.0800,0.0950,-0.2560
0.0000,369.0000,0.0000,0.1000,0.0637
0.0000,369.0000,0.0020,0.1000,0.0548
0.0000,369.0000,0.0040,0.1000,0.0459
0.0000,369.0000,0.0060,0.1000,0.0370
0.0000,369.0000,0.0080,0.1000,0.0281
0.0000,369.0000,0.0100,0.1000,0.0192
0.0000,369.0000,0.0120,0.1000,0.0103
0.0000,369.0000,0.0140,0.1000,0.0019
0.0000,369.0000,0.0160,0.1000,-0.0062
0.0000,369.0000,0.0180,0.1000,-0.0144
0.0000,369.0000,0.0200,0.1000,-0.0225
0.0000,369.0000,0.0220,0.1000,-0.0306
0.0000,369.0000,0.0240,0.1000,-0.0387
0.0000,369.0000,0.0260,0.1000,-0.0469
0.0000,369.0000,0.0280,0.1000,-0.0550
0.0000,369.0000,0.0300,0.1000,-0.0631
0.0000,369.0000,0.0320,0.1000,-0.0712
0.0000,369.0000,0.0340,0.1000,-0.0793
0.0000,369.0000,0.0360,0.1000,-0.0875
0.0000,369.0000,0.0380,0.1000,-0.0956
0.0000,369.0000,0.0400,0.1000,-0.1037
0.0000,369.0000,0.0420,0.1000,-0.1118
0.0000,369.0000,0.0440,0.1000,-0.1196
0.0000,369.0000,0.0460,0.1000,-0.1267
0.0000,369.0000,0.0480,0.1000,-0.1338
0.0000,369.0000,0.0500,0.1000,-0.1410
0.0000,369.0000,0.0520,0.1000,-0.1481
0.0000,369.0000,0.0540,0.1000,-0.1553
0.0000,369.0000,0.0560,0.1000,-0.1624
0.0000,369.0000,0.0580,0.1000,-0.1695
0.0000,369.0000,0.0600,0.1000,-0.1767
0.0000,369.0000,0.0620,0.1000,-0.1838
0.0000,369.0000,0.0640,0.1000,-0.1910
0.0000,369.0000,0.0660,0.1000,-0.1981
0.0000,369.0000,0.0680,0.1000,-0.2053
0.0000,369.0000,0.0700,0.1000,-0.2124
0.0000,369.0000,0.0720,0.1000,-0.2195
0.0000,369.0000,0.0740,0.1000,-0.2267
0.0000,369.0000,0.0760,0.1000,-0.2338
0.0000,369.0000,0.0780,0.1000,-0.2410
0.0000,369.0000,0.0800,0.1000,-0.2481
0.0000,369.0000,0.0000,0.1050,0.0704
0.0000,369.0000,0.0020,0.1050,0.0615
0.0000,369.0000,0.0040,0.1050,0.0526
0.0000,369.0000,0.0060,0.1050,0.0437
0.0000,369.0000,0.0080,0.1050,0.0348
0.0000,369.0000,0.0100,0.1050,0.0259
0.0000,369.0000,0.0120,0.1050,0.0173
0.0000,369.0000,0.0140,0.1050,0.0092
0.0000,369.0000,0.0160,0.1050,0.0010
0.0000,369.0000,0.0180,0.1050,-0.0071
0.0000,369.0000,0.0200,0.1050,-0.0152
0.0000,369.0000,0.0220,0.1050,-0.0233
0.0000,369.0000,0.0240,0.1050,-0.0314
0.0000,369.0000,0.0260,0.1050,-0.0396
0.0000,369.0000,0.0280,0.1050,-0.0477
0.0000,369.0000,0.0300,0.1050,-0.0558
0.0000,369.0000,0.0320,0.1050,-0.0639
0.0000,369.0000,0.0340,0.1050,-0.0721
0.0000,369.0000,0.0360,0.1050,-0.0802
0.0000,369.0000,0.0380,0.1050,-0.0883
0.0000,369.0000,0.0400,0.1050,-0.0964
0.0000,369.0000,0.0420,0.1050,-0.1045
0.0000,369.0000,0.0440,0.1050,-0.1116
0.0000,369.0000,0.0460,0.1050,-0.1188
0.0000,369.0000,0.0480,0.1050,-0.1259
0.0000,369.0000,0.0500,0.1050,-0.1330
0.0000,369.0000,0.0520,0.1050,-0.1402
0.0000,369.0000,0.0540,0.1050,-0.1473
0.0000,369.0000,0.0560,0.1050,-0.1545
0.0000,369.0000,0.0580,0.1050,-0.1616
0.0000,369.0000,0.0600,0.1050,-0.1687
0.0000,369.0000,0.0620,0.1050,-0.1759
0.0000,369.0000,0.0640,0.1050,-0.1830
0.0000,369.0000,0.0660,0.1050,-0.1902
0.0000,369.0000,0.0680,0.1050,-0.1973
0.0000,369.0000,0.0700,0.1050,-0.2045
0.0000,369.0000,0.0720,0.1050,-0.2116
0.0000,369.0000,0.0740,0.1050,-0.2187
0.0000,369.0000,0.0760,0.1050,-0.2259
0.0000,369.0000,0.0780,0.1050,-0.2330
0.0000,369.0000,0.0800,0.1050,-0.2402
0.0000,369.0000,0.0000,0.1100,0.0770
0.0000,369.0000,0.0020,0.1100,0.0681
0.0000,369.0000,0.0040,0.1100,0.0592
0.0000,369.0000,0.0060,0.1100,0.0503
0.0000,369.0000,0.0080,0.1100,0.0414
0.0000,369.0000,0.0100,0.1100,0.0327
0.0000,369.0000,0.0120,0.1100,0.0246
0.0000,369.0000,0.0140,0.1100,0.0164
0.0000,369.0000,0.0160,0.1100,0.0083
0.0000,369.0000,0.0180,0.1100,0.0002
0.0000,369.0000,0.0200,0.1100,-0.0079
0.0000,369.0000,0.0220,0.1100,-0.0160
0.0000,369.0000,0.0240,0.1100,-0.0242
0.0000,369.0000,0.0260,0.1100,-0.0323
0.0000,369.0000,0.0280,0.1100,-0.0404
0.0000,369.0000,0.0300,0.1100,-0.0485
0.0000,369.0000,0.0320,0.1100,-0.0567
0.0000,369.0000,0.0340,0.1100,-0.0648
0.0000,369.0000,0.0360,0.1100,-0.0729
0.0000,369.0000,0.0380,0.1100,-0.0810
0.0000,369.0000,0.0400,0.1100,-0.0891
0.0000,369.0000,0.0420,0.1100,-0.0965
0.0000,369.0000,0.0440,0.1100,-0.1037
0.0000,369.0000,0.0460,0.1100,-0.1108
0.0000,369.0000,0.0480,0.1100,-0.1180
0.0000,369.0000,0.0500,0.1100,-0.1251
0.0000,369.0000,0.0520,0.1100,-0.1322
0.0000,369.0000,0.0540,0.1100,-0.1394
0.0000,369.0000,0.0560,0.1100,-0.1465
0.0000,369.0000,0.0580,0.1100,-0.1537
0.0000,369.0000,0.0600,0.1100,-0.1608
0.0000,369.0000,0.0620,0.1100,-0.1679
0.0000,369.0000,0.0640,0.1100,-0.1751
0.0000,369.0000,0.0660,0.1100,-0.1822
0.0000,369.0000,0.0680,0.1100,-0.1894
0.0000,369.0000,0.0700,0.1100,-0.1965
0.0000,369.0000,0.0720,0.1100,-0.2037
0.0000,369.0000,0.0740,0.1100,-0.2108
0.0000,369.0000,0.0760,0.1100,-0.2179
0.0000,369.0000,0.0780,0.1100,-0.2251
0.0000,369.0000,0.0800,0.1100,-0.2322
0.0000,369.0000,0.0000,0.1150,0.0837
0.0000,369.0000,0.0020,0.1150,0.0748
0.0000,369.0000,0.0040,0.1150,0.0659
0.0000,369.0000,0.0060,0.1150,0.0570
0.0000,369.0000,0.0080,0.1150,0.0481
0.0000,369.0000,0.0100,0.1150,0.0400
0.0000,369.0000,0.0120,0.1150,0.0318
0.0000,369.0000,0.0140,0.1150,0.0237
0.0000,369.0000,0.0160,0.1150,0.0156
0.0000,369.0000,0.0180,0.1150,0.0075
0.0000,369.0000,0.0200,0.1150,-0.0006
0.0000,369.0000,0.0220,0.1150,-0.0088
0.0000,369.0000,0.0240,0.1150,-0.0169
0.0000,369.0000,0.0260,0.1150,-0.0250
0.0000,369.0000,0.0280,0.1150,-0.0331
0.0000,369.0000,0.0300,0.1150,-0.0413
0.0000,369.0000,0.0320,0.1150,-0.0494
0.0000,369.0000,0.0340,0.1150,-0.0575
0.0000,369.0000,0.0360,0.1150,-0.0656
0.0000,369.0000,0.0380,0.1150,-0.0737
0.0000,369.0000,0.0400,0.1150,-0.0814
0.0000,369.0000,0.0420,0.1150,-0.0886
0.0000,369.0000,0.0440,0.1150,-0.0957
0.0000,369.0000,0.0460,0.1150,-0.1029
0.0000,369.0000,0.0480,0.1150,-0.1100
0.0000,369.0000,0.0500,0.1150,-0.1172
0.0000,369.0000,0.0520,0.1150,-0.1243
0.0000,369.0000,0.0540,0.1150,-0.1314
0.0000,369.0000,0.0560,0.1150,-0.1386
0.0000,369.0000,0.0580,0.1150,-0.1457
0.0000,369.0000,0.0600,0.1150,-0.1529
0.0000,369.0000,0.0620,0.1150,-0.1600
0.0000,369.0000,0.0640,0.1150,-0.1671
0.0000,369.0000,0.0660,0.1150,-0.1743
0.0000,369.0000,0.0680,0.1150,-0.1814
0.0000,369.0000,0.0700,0.1150,-0.1886
0.0000,369.0000,0.0720,0.1150,-0.1957
0.0000,369.0000,0.0740,0.1150,-0.2029
0.0000,369.0000,0.0760,0.1150,-0.2100
0.0000,369.0000,0.0780,0.1150,-0.2171
0.0000,369.0000,0.0800,0.1150,-0.2243
0.0000,369.0000,0.0000,0.1200,0.0904
0.0000,369.0000,0.0020,0.1200,0.0815
0.0000,369.0000,0.0040,0.1200,0.0726
0.0000,369.0000,0.0060,0.1200,0.0637
0.0000,369.0000,0.0080,0.1200,0.0554
0.0000,369.0000,0.0100,0.1200,0.0473
0.0000,369.0000,0.0120,0.1200,0.0391
0.0000,369.0000,0.0140,0.1200,0.0310
0.0000,369.0000,0.0160,0.1200,0.0229
0.0000,369.0000,0.0180,0.1200,0.0148
0.0000,369.0000,0.0200,0.1200,0.0066
0.0000,369.0000,0.0220,0.1200,-0.0015
0.0000,369.0000,0.0240,0.1200,-0.0096
0.0000,369.0000,0.0260,0.1200,-0.0177
0.0000,369.0000,0.0280,0.1200,-0.0258
0.0000,369.0000,0.0300,0.1200,-0.0340
0.0000,369.0000,0.0320,0.1200,-0.0421
0.0000,369.0000,0.0340,0.1200,-0.0502
0.0000,369.0000,0.0360,0.1200,-0.0583
0.0000,369.0000,0.0380,0.1200,-0.0664
0.0000,369.0000,0.0400,0.1200,-0.0735
0.0000,369.0000,0.0420,0.1200,-0.0806
0.0000,369.0000,0.0440,0.1200,-0.0878
0.0000,369.0000,0.0460,0.1200,-0.0949
0.0000,369.0000,0.0480,0.1200,-0.1021
0.0000,369.0000,0.0500,0.1200,-0.1092
0.0000,369.0000,0.0520,0.1200,-0.1164
0.0000,369.0000,0.0540,0.1200,-0.1235
0.0000,369.0000,0.0560,0.1200,-0.1306
0.0000,369.0000,0.0580,0.1200,-0.1378
0.0000,369.0000,0.0600,0.1200,-0.1449
0.0000,369.0000,0.0620,0.1200,-0.1521
0.0000,369.0000,0.0640,0.1200,-0.1592
0.0000,369.0000,0.0660,0.1200,-0.1663
0.0000,369.0000,0.0680,0.1200,-0.1735
0.0000,369.0000,0.0700,0.1200,-0.1806
0.0000,369.0000,0.0720,0.1200,-0.1878
0.0000,369.0000,0.0740,0.1200,-0.1949
0.0000,369.0000,0.0760,0.1200,-0.2021
0.0000,369.0000,0.0780,0.1200,-0.2092
0.0000,369.0000,0.0800,0.1200,-0.2163
0.0000,369.0000,0.0000,0.1250,0.0970
0.0000,369.0000,0.0020,0.1250,0.0881
0.0000,369.0000,0.0040,0.1250,0.0792
0.0000,369.0000,0.0060,0.1250,0.0708
0.0000,369.0000,0.0080,0.1250,0.0627
0.0000,369.0000,0.0100,0.1250,0.0545
0.0000,369.0000,0.0120,0.1250,0.0464
0.0000,369.0000,0.0140,0.1250,0.0383
0.0000,369.0000,0.0160,0.1250,0.0302
0.0000,369.0000,0.0180,0.1250,0.0220
0.0000,369.0000,0.0200,0.1250,0.0139
0.0000,369.0000,0.0220,0.1250,0.0058
0.0000,369.0000,0.0240,0.1250,-0.0023
0.0000,369.0000,0.0260,0.1250,-0.0104
0.0000,369.0000,0.0280,0.1250,-0.0186
0.0000,369.0000,0.0300,0.1250,-0.0267
0.0000,369.0000,0.0320,0.1250,-0.0348
0.0000,369.0000,0.0340,0.1250,-0.0429
0.0000,369.0000,0.0360,0.1250,-0.0511
0.0000,369.0000,0.0380,0.1250,-0.0584
0.0000,369.0000,0.0400,0.1250,-0.0656
0.0000,369.0000,0.0420,0.1250,-0.0727
0.0000,369.0000,0.0440,0.1250,-0.0798
0.0000,369.0000,0.0460,0.1250,-0.0870
0.0000,369.0000,0.0480,0.1250,-0.0941
0.0000,369.0000,0.0500,0.1250,-0.1013
0.0000,369.0000,0.0520,0.1250,-0.1084
0.0000,369.0000,0.0540,0.1250,-0.1156
0.0000,369.0000,0.0560,0.1250,-0.1227
0.0000,369.0000,0.0580,0.1250,-0.1298
0.0000,369.0000,0.0600,0.1250,-0.1370
0.0000,369.0000,0.0620,0.1250,-0.1441
0.0000,369.0000,0.0640,0.1250,-0.1513
0.0000,369.0000,0.0660,0.1250,-0.1584
0.0000,369.0000,0.0680,0.1250,-0.1655
0.0000,369.0000,0.0700,0.1250,-0.1727
0.0000,369.0000,0.0720,0.1250,-0.1798
0.0000,369.0000,0.0740,0.1250,-0.1870
0.0000,369.0000,0.0760,0.1250,-0.1941
0.0000,369.0000,0.0780,0.1250,-0.2013
0.0000,369.0000,0.0800,0.1250,-0.2084
0.0000,369.0000,0.0000,0.1300,0.1037
0.0000,369.0000,0.0020,0.1300,0.0948
0.0000,369.0000,0.0040,0.1300,0.0862
0.0000,369.0000,0.0060,0.1300,0.0781
0.0000,369.0000,0.0080,0.1300,0.0699
0.0000,369.0000,0.0100,0.1300,0.0618
0.0000,369.0000,0.0120,0.1300,0.0537
0.0000,369.0000,0.0140,0.1300,0.0456
0.0000,369.0000,0.0160,0.1300,0.0375
0.0000,369.0000,0.0180,0.1300,0.0293
0.0000,369.0000,0.0200,0.1300,0.0212
0.0000,369.0000,0.0220,0.1300,0.0131
0.0000,369.0000,0.0240,0.1300,0.0050
0.0000,369.0000,0.0260,0.1300,-0.0032
0.0000,369.0000,0.0280,0.1300,-0.0113
0.0000,369.0000,0.0300,0.1300,-0.0194
0.0000,369.0000,0.0320,0.1300,-0.0275
0.0000,369.0000,0.0340,0.1300,-0.0356
0.0000,369.0000,0.0360,0.1300,-0.0433
0.0000,369.0000,0.0380,0.1300,-0.0505
0.0000,369.0000,0.0400,0.1300,-0.0576
0.0000,369.0000,0.0420,0.1300,-0.0648
0.0000,369.0000,0.0440,0.1300,-0.0719
0.0000,369.0000,0.0460,0.1300,-0.0791
0.0000,369.0000,0.0480,0.1300,-0.0862
0.0000,369.0000,0.0500,0.1300,-0.0933
0.0000,369.0000,0.0520,0.1300,-0.1005
0.0000,369.0000,0.0540,0.1300,-0.1076
0.0000,369.0000,0.0560,0.1300,-0.1148
0.0000,369.0000,0.0580,0.1300,-0.1219
0.0000,369.0000,0.0600,0.1300,-0.1290
0.0000,369.0000,0.0620,0.1300,-0.1362
0.0000,369.0000,0.0640,0.1300,-0.1433
0.0000,369.0000,0.0660,0.1300,-0.1505
0.0000,369.0000,0.0680,0.1300,-0.1576
0.0000,369.0000,0.0700,0.1300,-0.1647
0.0000,369.0000,0.0720,0.1300,-0.1719
0.0000,369.0000,0.0740,0.1300,-0.1790
0.0000,369.0000,0.0760,0.1300,-0.1862
0.0000,369.0000,0.0780,0.1300,-0.1933
0.0000,369.0000,0.0800,0.1300,-0.2005
0.0000,369.0000,0.0000,0.1350,0.1104
0.0000,369.0000,0.0020,0.1350,0.1016
0.0000,369.0000,0.0040,0.1350,0.0935
0.0000,369.0000,0.0060,0.1350,0.0853
0.0000,369.0000,0.0080,0.1350,0.0772
0.0000,369.0000,0.0100,0.1350,0.0691
0.0000,369.0000,0.0120,0.1350,0.0610
0.0000,369.0000,0.0140,0.1350,0.0529
0.0000,369.0000,0.0160,0.1350,0.0447
0.0000,369.0000,0.0180,0.1350,0.0366
0.0000,369.0000,0.0200,0.1350,0.0285
0.0000,369.0000,0.0220,0.1350,0.0204
0.0000,369.0000,0.0240,0.1350,0.0122
0.0000,369.0000,0.0260,0.1350,0.0041
0.0000,369.0000,0.0280,0.1350,-0.0040
0.0000,369.0000,0.0300,0.1350,-0.0121
0.0000,369.0000,0.0320,0.1350,-0.0202
0.0000,369.0000,0.0340,0.1350,-0.0283
0.0000,369.0000,0.0360,0.1350,-0.0354
0.0000,369.0000,0.0380,0.1350,-0.0425
0.0000,369.0000,0.0400,0.1350,-0.0497
0.0000,369.0000,0.0420,0.1350,-0.0568
0.0000,369.0000,0.0440,0.1350,-0.0640
0.0000,369.0000,0.0460,0.1350,-0.0711
0.0000,369.0000,0.0480,0.1350,-0.0783
0.0000,369.0000,0.0500,0.1350,-0.0854
0.0000,369.0000,0.0520,0.1350,-0.0925
0.0000,369.0000,0.0540,0.1350,-0.0997
0.0000,369.0000,0.0560,0.1350,-0.1068
0.0000,369.0000,0.0580,0.1350,-0.1140
0.0000,369.0000,0.0600,0.1350,-0.1211
0.0000,369.0000,0.0620,0.1350,-0.1282
0.0000,369.0000,0.0640,0.1350,-0.1354
0.0000,369.0000,0.0660,0.1350,-0.1425
0.0000,369.0000,0.0680,0.1350,-0.1497
0.0000,369.0000,0.0700,0.1350,-0.1568
0.0000,369.0000,0.0720,0.1350,-0.1639
0.0000,369.0000,0.0740,0.1350,-0.1711
0.0000,369.0000,0.0760,0.1350,-0.1782
0.0000,369.0000,0.0780,0.1350,-0.1854
0.0000,369.0000,0.0800,0.1350,-0.1925
0.0000,369.0000,0.0000,0.1400,0.1170
0.0000,369.0000,0.0020,0.1400,0.1089
0.0000,369.0000,0.0040,0.1400,0.1007
0.0000,369.0000,0.0060,0.1400,0.0926
0.0000,369.0000,0.0080,0.1400,0.0845
0.0000,369.0000,0.0100,0.1400,0.0764
0.0000,369.0000,0.0120,0.1400,0.0683
0.0000,369.0000,0.0140,0.1400,0.0601
0.0000,369.0000,0.0160,0.1400,0.0520
0.0000,369.0000,0.0180,0.1400,0.0439
0.0000,369.0000,0.0200,0.1400,0.0358
0.0000,369.0000,0.0220,0.1400,0.0277
0.0000,369.0000,0.0240,0.1400,0.0195
0.0000,369.0000,0.0260,0.1400,0.0114
0.0000,369.0000,0.0280,0.1400,0.0033
0.0000,369.0000,0.0300,0.1400,-0.0048
0.0000,369.0000,0.0320,0.1400,-0.0130
0.0000,369.0000,0.0340,0.1400,-0.0203
0.0000,369.0000,0.0360,0.1400,-0.0275
0.0000,369.0000,0.0380,0.1400,-0.0346
0.0000,369.0000,0.0400,0.1400,-0.0417
0.0000,369.0000,0.0420,0.1400,-0.0489
0.0000,369.0000,0.0440,0.1400,-0.0560
0.0000,369.0000,0.0460,0.1400,-0.0632
0.0000,369.0000,0.0480,0.1400,-0.0703
0.0000,369.0000,0.0500,0.1400,-0.0775
0.0000,369.0000,0.0520,0.1400,-0.0846
0.0000,369.0000,0.0540,0.1400,-0.0917
0.0000,369.0000,0.0560,0.1400,-0.0989
0.0000,369.0000,0.0580,0.1400,-0.1060
0.0000,369.0000,0.0600,0.1400,-0.1132
0.0000,369.0000,0.0620,0.1400,-0.1203
0.0000,369.0000,0.0640,0.1400,-0.1274
0.0000,369.0000,0.0660,0.1400,-0.1346
0.0000,369.0000,0.0680,0.1400,-0.1417
0.0000,369.0000,0.0700,0.1400,-0.1489
0.0000,369.0000,0.0720,0.1400,-0.1560
0.0000,369.0000,0.0740,0.1400,-0.1631
0.0000,369.0000,0.0760,0.1400,-0.1703
0.0000,369.0000,0.0780,0.1400,-0.1774
0.0000,369.0000,0.0800,0.1400,-0.1846
0.0000,369.0000,0.0000,0.1450,0.1243
0.0000,369.0000,0.0020,0.1450,0.1162
0.0000,369.0000,0.0040,0.1450,0.1080
0.0000,369.0000,0.0060,0.1450,0.0999
0.0000,369.0000,0.0080,0.1450,0.0918
0.0000,369.0000,0.0100,0.1450,0.0837
0.0000,369.0000,0.0120,0.1450,0.0755
0.0000,369.0000,0.0140,0.1450,0.0674
0.0000,369.0000,0.0160,0.1450,0.0593
0.0000,369.0000,0.0180,0.1450,0.0512
0.0000,369.0000,0.0200,0.1450,0.0431
0.0000,369.0000,0.0220,0.1450,0.0349
0.0000,369.0000,0.0240,0.1450,0.0268
0.0000,369.0000,0.0260,0.1450,0.0187
0.0000,369.0000,0.0280,0.1450,0.0106
0.0000,369.0000,0.0300,0.1450,0.0024
0.0000,369.0000,0.0320,0.1450,-0.0052
0.0000,369.0000,0.0340,0.1450,-0.0124
0.0000,369.0000,0.0360,0.1450,-0.0195
0.0000,369.0000,0.0380,0.1450,-0.0267
0.0000,369.0000,0.0400,0.1450,-0.0338
0.0000,369.0000,0.0420,0.1450,-0.0409
0.0000,369.0000,0.0440,0.1450,-0.0481
0.0000,369.0000,0.0460,0.1450,-0.0552
0.0000,369.0000,0.0480,0.1450,-0.0624
0.0000,369.0000,0.0500,0.1450,-0.0695
0.0000,369.0000,0.0520,0.1450,-0.0767
0.0000,369.0000,0.0540,0.1450,-0.0838
0.0000,369.0000,0.0560,0.1450,-0.0909
0.0000,369.0000,0.0580,0.1450,-0.0981
0.0000,369.0000,0.0600,0.1450,-0.1052
0.0000,369.0000,0.0620,0.1450,-0.1124
0.0000,369.0000,0.0640,0.1450,-0.1195
0.0000,369.0000,0.0660,0.1450,-0.1266
0.0000,369.0000,0.0680,0.1450,-0.1338
0.0000,369.0000,0.0700,0.1450,-0.1409
0.0000,369.0000,0.0720,0.1450,-0.1481
0.0000,369.0000,0.0740,0.1450,-0.1552
0.0000,369.0000,0.0760,0.1450,-0.1623
0.0000,369.0000,0.0780,0.1450,-0.1695
0.0000,369.0000,0.0800,0.1450,-0.1766
0.0000,369.0000,0.0000,0.1500,0.1316
0.0000,369.0000,0.0020,0.1500,0.1234
0.0000,369.0000,0.0040,0.1500,0.1153
0.0000,369.0000,0.0060,0.1500,0.1072
0.0000,369.0000,0.0080,0.1500,0.0991
0.0000,369.0000,0.0100,0.1500,0.0909
0.0000,369.0000,0.0120,0.1500,0.0828
0.0000,369.0000,0.0140,0.1500,0.0747
0.0000,369.0000,0.0160,0.1500,0.0666
0.0000,369.0000,0.0180,0.1500,0.0585
0.0000,369.0000,0.0200,0.1500,0.0503
0.0000,369.0000,0.0220,0.1500,0.0422
0.0000,369.0000,0.0240,0.1500,0.0341
0.0000,369.0000,0.0260,0.1500,0.0260
0.0000,369.0000,0.0280,0.1500,0.0178
0.0000,369.0000,0.0300,0.1500,0.0098
0.0000,369.0000,0.0320,0.1500,0.0027
0.0000,369.0000,0.0340,0.1500,-0.0044
0.0000,369.0000,0.0360,0.1500,-0.0116
0.0000,369.0000,0.0380,0.1500,-0.0187
0.0000,369.0000,0.0400,0.1500,-0.0259
0.0000,369.0000,0.0420,0.1500,-0.0330
0.0000,369.0000,0.0440,0.1500,-0.0401
0.0000,369.0000,0.0460,0.1500,-0.0473
0.0000,369.0000,0.0480,0.1500,-0.0544
0.0000,369.0000,0.0500,0.1500,-0.0616
0.0000,369.0000,0.0520,0.1500,-0.0687
0.0000,369.0000,0.0540,0.1500,-0.0759
0.0000,369.0000,0.0560,0.1500,-0.0830
0.0000,369.0000,0.0580,0.1500,-0.0901
0.0000,369.0000,0.0600,0.1500,-0.0973
0.0000,369.0000,0.0620,0.1500,-0.1044
0.0000,369.0000,0.0640,0.1500,-0.1116
0.0000,369.0000,0.0660,0.1500,-0.1187
0.0000,369.0000,0.0680,0.1500,-0.1258
0.0000,369.0000,0.0700,0.1500,-0.1330
0.0000,369.0000,0.0720,0.1500,-0.1401
0.0000,369.0000,0.0740,0.1500,-0.1473
0.0000,369.0000,0.0760,0.1500,-0.1544
0.0000,369.0000,0.0780,0.1500,-0.1615
0.0000,369.0000,0.0800,0.1500,-0.1687
0.0000,369.0000,0.0000,0.1550,0.1388
0.0000,369.0000,0.0020,0.1550,0.1307
0.0000,369.0000,0.0040,0.1550,0.1226
0.0000,369.0000,0.0060,0.1550,0.1145
0.0000,369.0000,0.0080,0.1550,0.1064
0.0000,369.0000,0.0100,0.1550,0.0982
0.0000,369.0000,0.0120,0.1550,0.0901
0.0000,369.0000,0.0140,0.1550,0.0820
0.0000,369.0000,0.0160,0.1550,0.0739
0.0000,369.0000,0.0180,0.1550,0.0657
0.0000,369.0000,0.0200,0.1550,0.0576
0.0000,369.0000,0.0220,0.1550,0.0495
0.0000,369.0000,0.0240,0.1550,0.0414
0.0000,369.0000,0.0260,0.1550,0.0333
0.0000,369.0000,0.0280,0.1550,0.0251
0.0000,369.0000,0.0300,0.1550,0.0178
0.0000,369.0000,0.0320,0.1550,0.0106
0.0000,369.0000,0.0340,0.1550,0.0035
0.0000,369.0000,0.0360,0.1550,-0.0036
0.0000,369.0000,0.0380,0.1550,-0.0108
0.0000,369.0000,0.0400,0.1550,-0.0179
0.0000,369.0000,0.0420,0.1550,-0.0251
0.0000,369.0000,0.0440,0.1550,-0.0322
0.0000,369.0000,0.0460,0.1550,-0.0393
0.0000,369.0000,0.0480,0.1550,-0.0465
0.0000,369.0000,0.0500,0.1550,-0.0536
0.0000,369.0000,0.0520,0.1550,-0.0608
0.0000,369.0000,0.0540,0.1550,-0.0679
0.0000,369.0000,0.0560,0.1550,-0.0751
0.0000,369.0000,0.0580,0.1550,-0.0822
0.0000,369.0000,0.0600,0.1550,-0.0893
0.0000,369.0000,0.0620,0.1550,-0.0965
0.0000,369.0000,0.0640,0.1550,-0.1036
0.0000,369.0000,0.0660,0.1550,-0.1108
0.0000,369.0000,0.0680,0.1550,-0.1179
0.0000,369.0000,0.0700,0.1550,-0.1250
0.0000,369.0000,0.0720,0.1550,-0.1322
0.0000,369.0000,0.0740,0.1550,-0.1393
0.0000,369.0000,0.0760,0.1550,-0.1465
0.0000,369.0000,0.0780,0.1550,-0.1536
0.0000,369.0000,0.0800,0.1550,-0.1608
0.0000,369.0000,0.0000,0.1600,0.1461
0.0000,369.0000,0.0020,0.1600,0.1380
0.0000,369.0000,0.0040,0.1600,0.1299
0.0000,369.0000,0.0060,0.1600,0.1218
0.0000,369.0000,0.0080,0.1600,0.1136
0.0000,369.0000,0.0100,0.1600,0.1055
0.0000,369.0000,0.0120,0.1600,0.0974
0.0000,369.0000,0.0140,0.1600,0.0893
0.0000,369.0000,0.0160,0.1600,0.0811
0.0000,369.0000,0.0180,0.1600,0.0730
0.0000,369.0000,0.0200,0.1600,0.0649
0.0000,369.0000,0.0220,0.1600,0.0568
0.0000,369.0000,0.0240,0.1600,0.0487
0.0000,369.0000,0.0260,0.1600,0.0405
0.0000,369.0000,0.0280,0.1600,0.0329
0.0000,369.0000,0.0300,0.1600,0.0257
0.0000,369.0000,0.0320,0.1600,0.0186
0.0000,369.0000,0.0340,0.1600,0.0114
0.0000,369.0000,0.0360,0.1600,0.0043
0.0000,369.0000,0.0380,0.1600,-0.0028
0.0000,369.0000,0.0400,0.1600,-0.0100
0.0000,369.0000,0.0420,0.1600,-0.0171
0.0000,369.0000,0.0440,0.1600,-0.0243
0.0000,369.0000,0.0460,0.1600,-0.0314
0.0000,369.0000,0.0480,0.1600,-0.0385
0.0000,369.0000,0.0500,0.1600,-0.0457
0.0000,369.0000,0.0520,0.1600,-0.0528
0.0000,369.0000,0.0540,0.1600,-0.0600
0.0000,369.0000,0.0560,0.1600,-0.0671
0.0000,369.0000,0.0580,0.1600,-0.0743
0.0000,369.0000,0.0600,0.1600,-0.0814
0.0000,369.0000,0.0620,0.1600,-0.0885
0.0000,369.0000,0.0640,0.1600,-0.0957
0.0000,369.0000,0.0660,0.1600,-0.1028
0.0000,369.0000,0.0680,0.1600,-0.1100
0.0000,369.0000,0.0700,0.1600,-0.1171
0.0000,369.0000,0.0720,0.1600,-0.1242
0.0000,369.0000,0.0740,0.1600,-0.1314
0.0000,369.0000,0.0760,0.1600,-0.1385
0.0000,369.0000,0.0780,0.1600,-0.1457
0.0000,369.0000,0.0800,0.1600,-0.1528
0.0000,369.0000,0.0000,0.1650,0.1534
0.0000,369.0000,0.0020,0.1650,0.1453
0.0000,369.0000,0.0040,0.1650,0.1372
0.0000,369.0000,0.0060,0.1650,0.1290
0.0000,369.0000,0.0080,0.1650,0.1209
0.0000,369.0000,0.0100,0.1650,0.1128
0.0000,369.0000,0.0120,0.1650,0.1047
0.0000,369.0000,0.0140,0.1650,0.0966
0.0000,369.0000,0.0160,0.1650,0.0884
0.0000,369.0000,0.0180,0.1650,0.0803
0.0000,369.0000,0.0200,0.1650,0.0722
0.0000,369.0000,0.0220,0.1650,0.0641
0.0000,369.0000,0.0240,0.1650,0.0559
0.0000,369.0000,0.0260,0.1650,0.0480
0.0000,369.0000,0.0280,0.1650,0.0408
0.0000,369.0000,0.0300,0.1650,0.0337
0.0000,369.0000,0.0320,0.1650,0.0265
0.0000,369.0000,0.0340,0.1650,0.0194
0.0000,369.0000,0.0360,0.1650,0.0122
0.0000,369.0000,0.0380,0.1650,0.0051
0.0000,369.0000,0.0400,0.1650,-0.0020
0.0000,369.0000,0.0420,0.1650,-0.0092
0.0000,369.0000,0.0440,0.1650,-0.0163
0.0000,369.0000,0.0460,0.1650,-0.0235
0.0000,369.0000,0.0480,0.1650,-0.0306
0.0000,369.0000,0.0500,0.1650,-0.0377
0.0000,369.0000,0.0520,0.1650,-0.0449
0.0000,369.0000,0.0540,0.1650,-0.0520
0.0000,369.0000,0.0560,0.1650,-0.0592
0.0000,369.0000,0.0580,0.1650,-0.0663
0.0000,369.0000,0.0600,0.1650,-0.0735
0.0000,369.0000,0.0620,0.1650,-0.0806
0.0000,369.0000,0.0640,0.1650,-0.0877
0.0000,369.0000,0.0660,0.1650,-0.0949
0.0000,369.0000,0.0680,0.1650,-0.1020
0.0000,369.0000,0.0700,0.1650,-0.1092
0.0000,369.0000,0.0720,0.1650,-0.1163
0.0000,369.0000,0.0740,0.1650,-0.1234
0.0000,369.0000,0.0760,0.1650,-0.1306
0.0000,369.0000,0.0780,0.1650,-0.1377
0.0000,369.0000,0.0800,0.1650,-0.1449
0.0000,369.0000,0.0000,0.1700,0.1607
0.0000,369.0000,0.0020,0.1700,0.1526
0.0000,369.0000,0.0040,0.1700,0.1444
0.0000,369.0000,0.0060,0.1700,0.1363
0.0000,369.0000,0.0080,0.1700,0.1282
0.0000,369.0000,0.0100,0.1700,0.1201
0.0000,369.0000,0.0120,0.1700,0.1120
0.0000,369.0000,0.0140,0.1700,0.1038
0.0000,369.0000,0.0160,0.1700,0.0957
0.0000,369.0000,0.0180,0.1700,0.0876
0.0000,369.0000,0.0200,0.1700,0.0795
0.0000,369.0000,0.0220,0.1700,0.0713
0.0000,369.0000,0.0240,0.1700,0.0632
0.0000,369.0000,0.0260,0.1700,0.0559
0.0000,369.0000,0.0280,0.1700,0.0488
0.0000,369.0000,0.0300,0.1700,0.0416
0.0000,369.0000,0.0320,0.1700,0.0345
0.0000,369.0000,0.0340,0.1700,0.0273
0.0000,369.0000,0.0360,0.1700,0.0202
0.0000,369.0000,0.0380,0.1700,0.0130
0.0000,369.0000,0.0400,0.1700,0.0059
0.0000,369.0000,0.0420,0.1700,-0.0012
0.0000,369.0000,0.0440,0.1700,-0.0084
0.0000,369.0000,0.0460,0.1700,-0.0155
0.0000,369.0000,0.0480,0.1700,-0.0227
0.0000,369.0000,0.0500,0.1700,-0.0298
0.0000,369.0000,0.0520,0.1700,-0.0369
0.0000,369.0000,0.0540,0.1700,-0.0441
0.0000,369.0000,0.0560,0.1700,-0.0512
0.0000,369.0000,0.0580,0.1700,-0.0584
0.0000,369.0000,0.0600,0.1700,-0.0655
0.0000,369.0000,0.0620,0.1700,-0.0727
0.0000,369.0000,0.0640,0.1700,-0.0798
0.0000,369.0000,0.0660,0.1700,-0.0869
0.0000,369.0000,0.0680,0.1700,-0.0941
0.0000,369.0000,0.0700,0.1700,-0.1012
0.0000,369.0000,0.0720,0.1700,-0.1084
0.0000,369.0000,0.0740,0.1700,-0.1155
0.0000,369.0000,0.0760,0.1700,-0.1226
0.0000,369.0000,0.0780,0.1700,-0.1298
0.0000,369.0000,0.0800,0.1700,-0.1369
0.0000,369.0000,0.0000,0.1750,0.1680
0.0000,369.0000,0.0020,0.1750,0.1598
0.0000,369.0000,0.0040,0.1750,0.1517
0.0000,369.0000,0.0060,0.1750,0.1436
0.0000,369.0000,0.0080,0.1750,0.1355
0.0000,369.0000,0.0100,0.1750,0.1274
0.0000,369.0000,0.0120,0.1750,0.1192
0.0000,369.0000,0.0140,0.1750,0.1111
0.0000,369.0000,0.0160,0.1750,0.1030
0.0000,369.0000,0.0180,0.1750,0.0949
0.0000,369.0000,0.0200,0.1750,0.0868
0.0000,369.0000,0.0220,0.1750,0.0786
0.0000,369.0000,0.0240,0.1750,0.0710
0.0000,369.0000,0.0260,0.1750,0.0638
0.0000,369.0000,0.0280,0.1750,0.0567
0.0000,369.0000,0.0300,0.1750,0.0496
0.0000,369.0000,0.0320,0.1750,0.0424
0.0000,369.0000,0.0340,0.1750,0.0353
0.0000,369.0000,0.0360,0.1750,0.0281
0.0000,369.0000,0.0380,0.1750,0.0210
0.0000,369.0000,0.0400,0.1750,0.0138
0.0000,369.0000,0.0420,0.1750,0.0067
0.0000,369.0000,0.0440,0.1750,-0.0004
0.0000,369.0000,0.0460,0.1750,-0.0076
0.0000,369.0000,0.0480,0.1750,-0.0147
0.0000,369.0000,0.0500,0.1750,-0.0219
0.0000,369.0000,0.0520,0.1750,-0.0290
0.0000,369.0000,0.0540,0.1750,-0.0361
0.0000,369.0000,0.0560,0.1750,-0.0433
0.0000,369.0000,0.0580,0.1750,-0.0504
0.0000,369.0000,0.0600,0.1750,-0.0576
0.0000,369.0000,0.0620,0.1750,-0.0647
0.0000,369.0000,0.0640,0.1750,-0.0719
0.0000,369.0000,0.0660,0.1750,-0.0790
0.0000,369.0000,0.0680,0.1750,-0.0861
0.0000,369.0000,0.0700,0.1750,-0.0933
0.0000,369.0000,0.0720,0.1750,-0.1004
0.0000,369.0000,0.0740,0.1750,-0.1076
0.0000,369.0000,0.0760,0.1750,-0.1147
0.0000,369.0000,0.0780,0.1750,-0.1218
0.0000,369.0000,0.0800,0.1750,-0.1290
0.0000,369.0000,0.0000,0.1800,0.1753
0.0000,369.0000,0.0020,0.1800,0.1671
0.0000,369.0000,0.0040,0.1800,0.1590
0.0000,369.0000,0.0060,0.1800,0.1509
0.0000,369.0000,0.0080,0.1800,0.1428
0.0000,369.0000,0.0100,0.1800,0.1346
0.0000,369.0000,0.0120,0.1800,0.1265
0.0000,369.0000,0.0140,0.1800,0.1184
0.0000,369.0000,0.0160,0.1800,0.1103
0.0000,369.0000,0.0180,0.1800,0.1022
0.0000,369.0000,0.0200,0.1800,0.0940
0.0000,369.0000,0.0220,0.1800,0.0861
0.0000,369.0000,0.0240,0.1800,0.0789
0.0000,369.0000,0.0260,0.1800,0.0718
0.0000,369.0000,0.0280,0.1800,0.0646
0.0000,369.0000,0.0300,0.1800,0.0575
0.0000,369.0000,0.0320,0.1800,0.0504
0.0000,369.0000,0.0340,0.1800,0.0432
0.0000,369.0000,0.0360,0.1800,0.0361
0.0000,369.0000,0.0380,0.1800,0.0289
0.0000,369.0000,0.0400,0.1800,0.0218
0.0000,369.0000,0.0420,0.1800,0.0146
0.0000,369.0000,0.0440,0.1800,0.0075
0.0000,369.0000,0.0460,0.1800,0.0004
0.0000,369.0000,0.0480,0.1800,-0.0068
0.0000,369.0000,0.0500,0.1800,-0.0139
0.0000,369.0000,0.0520,0.1800,-0.0211
0.0000,369.0000,0.0540,0.1800,-0.0282
0.0000,369.0000,0.0560,0.1800,-0.0353
0.0000,369.0000,0.0580,0.1800,-0.0425
0.0000,369.0000,0.0600,0.1800,-0.0496
0.0000,369.0000,0.0620,0.1800,-0.0568
0.0000,369.0000,0.0640,0.1800,-0.0639
0.0000,369.0000,0.0660,0.1800,-0.0711
0.0000,369.0000,0.0680,0.1800,-0.0782
0.0000,369.0000,0.0700,0.1800,-0.0853
0.0000,369.0000,0.0720,0.1800,-0.0925
0.0000,369.0000,0.0740,0.1800,-0.0996
0.0000,369.0000,0.0760,0.1800,-0.1068
0.0000,369.0000,0.0780,0.1800,-0.1139
0.0000,369.0000,0.0800,0.1800,-0.1210
0.0000,369.0000,0.0000,0.1850,0.1825
0.0000,369.0000,0.0020,0.1850,0.1744
0.0000,369.0000,0.0040,0.1850,0.1663
0.0000,369.0000,0.0060,0.1850,0.1582
0.0000,369.0000,0.0080,0.1850,0.1500
0.0000,369.0000,0.0100,0.1850,0.1419
0.0000,369.0000,0.0120,0.1850,0.1338
0.0000,369.0000,0.0140,0.1850,0.1257
0.0000,369.0000,0.0160,0.1850,0.1176
0.0000,369.0000,0.0180,0.1850,0.1094
0.0000,369.0000,0.0200,0.1850,0.1013
0.0000,369.0000,0.0220,0.1850,0.0940
0.0000,369.0000,0.0240,0.1850,0.0869
0.0000,369.0000,0.0260,0.1850,0.0797
0.0000,369.0000,0.0280,0.1850,0.0726
0.0000,369.0000,0.0300,0.1850,0.0654
0.0000,369.0000,0.0320,0.1850,0.0583
0.0000,369.0000,0.0340,0.1850,0.0512
0.0000,369.0000,0.0360,0.1850,0.0440
0.0000,369.0000,0.0380,0.1850,0.0369
0.0000,369.0000,0.0400,0.1850,0.0297
0.0000,369.0000,0.0420,0.1850,0.0226
0.0000,369.0000,0.0440,0.1850,0.0154
0.0000,369.0000,0.0460,0.1850,0.0083
0.0000,369.0000,0.0480,0.1850,0.0012
0.0000,369.0000,0.0500,0.1850,-0.0060
0.0000,369.0000,0.0520,0.1850,-0.0131
0.0000,369.0000,0.0540,0.1850,-0.0203
0.0000,369.0000,0.0560,0.1850,-0.0274
0.0000,369.0000,0.0580,0.1850,-0.0345
0.0000,369.0000,0.0600,0.1850,-0.0417
0.0000,369.0000,0.0620,0.1850,-0.0488
0.0000,369.0000,0.0640,0.1850,-0.0560
0.0000,369.0000,0.0660,0.1850,-0.0631
0.0000,369.0000,0.0680,0.1850,-0.0703
0.0000,369.0000,0.0700,0.1850,-0.0774
0.0000,369.0000,0.0720,0.1850,-0.0845
0.0000,369.0000,0.0740,0.1850,-0.0917
0.0000,369.0000,0.0760,0.1850,-0.0988
0.0000,369.0000,0.0780,0.1850,-0.1060
0.0000,369.0000,0.0800,0.1850,-0.1131
0.0000,369.0000,0.0000,0.1900,0.1898
0.0000,369.0000,0.0020,0.1900,0.1817
0.0000,369.0000,0.0040,0.1900,0.1736
0.0000,369.0000,0.0060,0.1900,0.1655
0.0000,369.0000,0.0080,0.1900,0.1573
0.0000,369.0000,0.0100,0.1900,0.1492
0.0000,369.0000,0.0120,0.1900,0.1411
0.0000,369.0000,0.0140,0.1900,0.1330
0.0000,369.0000,0.0160,0.1900,0.1248
0.0000,369.0000,0.0180,0.1900,0.1167
0.0000,369.0000,0.0200,0.1900,0.1091
0.0000,369.0000,0.0220,0.1900,0.1019
0.0000,369.0000,0.0240,0.1900,0.0948
0.0000,369.0000,0.0260,0.1900,0.0877
0.0000,369.0000,0.0280,0.1900,0.0805
0.0000,369.0000,0.0300,0.1900,0.0734
0.0000,369.0000,0.0320,0.1900,0.0662
0.0000,369.0000,0.0340,0.1900,0.0591
0.0000,369.0000,0.0360,0.1900,0.0520
0.0000,369.0000,0.0380,0.1900,0.0448
0.0000,369.0000,0.0400,0.1900,0.0377
0.0000,369.0000,0.0420,0.1900,0.0305
0.0000,369.0000,0.0440,0.1900,0.0234
0.0000,369.0000,0.0460,0.1900,0.0162
0.0000,369.0000,0.0480,0.1900,0.0091
0.0000,369.0000,0.0500,0.1900,0.0020
0.0000,369.0000,0.0520,0.1900,-0.0052
0.0000,369.0000,0.0540,0.1900,-0.0123
0.0000,369.0000,0.0560,0.1900,-0.0195
0.0000,369.0000,0.0580,0.1900,-0.0266
0.0000,369.0000,0.0600,0.1900,-0.0337
0.0000,369.0000,0.0620,0.1900,-0.0409
0.0000,369.0000,0.0640,0.1900,-0.0480
0.0000,369.0000,0.0660,0.1900,-0.0552
0.0000,369.0000,0.0680,0.1900,-0.0623
0.0000,369.0000,0.0700,0.1900,-0.0695
0.0000,369.0000,0.0720,0.1900,-0.0766
0.0000,369.0000,0.0740,0.1900,-0.0837
0.0000,369.0000,0.0760,0.1900,-0.0909
0.0000,369.0000,0.0780,0.1900,-0.0980
0.0000,369.0000,0.0800,0.1900,-0.1052
0.0000,369.0000,0.0000,0.1950,0.1971
0.0000,369.0000,0.0020,0.1950,0.1890
0.0000,369.0000,0.0040,0.1950,0.1809
0.0000,369.0000,0.0060,0.1950,0.1727
0.0000,369.0000,0.0080,0.1950,0.1646
0.0000,369.0000,0.0100,0.1950,0.1565
0.0000,369.0000,0.0120,0.1950,0.1484
0.0000,369.0000,0.0140,0.1950,0.1402
0.0000,369.0000,0.0160,0.1950,0.1321
0.0000,369.0000,0.0180,0.1950,0.1242
0.0000,369.0000,0.0200,0.1950,0.1170
0.0000,369.0000,0.0220,0.1950,0.1099
0.0000,369.0000,0.0240,0.1950,0.1027
0.0000,369.0000,0.0260,0.1950,0.0956
0.0000,369.0000,0.0280,0.1950,0.0885
0.0000,369.0000,0.0300,0.1950,0.0813
0.0000,369.0000,0.0320,0.1950,0.0742
0.0000,369.0000,0.0340,0.1950,0.0670
0.0000,369.0000,0.0360,0.1950,0.0599
0.0000,369.0000,0.0380,0.1950,0.0528
0.0000,369.0000,0.0400,0.1950,0.0456
0.0000,369.0000,0.0420,0.1950,0.0385
0.0000,369.0000,0.0440,0.1950,0.0313
0.0000,369.0000,0.0460,0.1950,0.0242
0.0000,369.0000,0.0480,0.1950,0.0170
0.0000,369.0000,0.0500,0.1950,0.0099
0.0000,369.0000,0.0520,0.1950,0.0028
0.0000,369.0000,0.0540,0.1950,-0.0044
0.0000,369.0000,0.0560,0.1950,-0.0115
0.0000,369.0000,0.0580,0.1950,-0.0187
0.0000,369.0000,0.0600,0.1950,-0.0258
0.0000,369.0000,0.0620,0.1950,-0.0329
0.0000,369.0000,0.0640,0.1950,-0.0401
0.0000,369.0000,0.0660,0.1950,-0.0472
0.0000,369.0000,0.0680,0.1950,-0.0544
0.0000,369.0000,0.0700,0.1950,-0.0615
0.0000,369.0000,0.0720,0.1950,-0.0687
0.0000,369.0000,0.0740,0.1950,-0.0758
0.0000,369.0000,0.0760,0.1950,-0.0829
0.0000,369.0000,0.0780,0.1950,-0.0901
0.0000,369.0000,0.0800,0.1950,-0.0972
0.0000,369.0000,0.0000,0.2000,0.2044
0.0000,369.0000,0.0020,0.2000,0.1963
0.0000,369.0000,0.0040,0.2000,0.1881
0.0000,369.0000,0.0060,0.2000,0.1800
0.0000,369.0000,0.0080,0.2000,0.1719
0.0000,369.0000,0.0100,0.2000,0.1638
0.0000,369.0000,0.0120,0.2000,0.1557
0.0000,369.0000,0.0140,0.2000,0.1475
0.0000,369.0000,0.0160,0.2000,0.1394
0.0000,369.0000,0.0180,0.2000,0.1321
0.0000,369.0000,0.0200,0.2000,0.1250
0.0000,369.0000,0.0220,0.2000,0.1178
0.0000,369.0000,0.0240,0.2000,0.1107
0.0000,369.0000,0.0260,0.2000,0.1035
0.0000,369.0000,0.0280,0.2000,0.0964
0.0000,369.0000,0.0300,0.2000,0.0893
0.0000,369.0000,0.0320,0.2000,0.0821
0.0000,369.0000,0.0340,0.2000,0.0750
0.0000,369.0000,0.0360,0.2000,0.0678
0.0000,369.0000,0.0380,0.2000,0.0607
0.0000,369.0000,0.0400,0.2000,0.0536
0.0000,369.0000,0.0420,0.2000,0.0464
0.0000,369.0000,0.0440,0.2000,0.0393
0.0000,369.0000,0.0460,0.2000,0.0321
0.0000,369.0000,0.0480,0.2000,0.0250
0.0000,369.0000,0.0500,0.2000,0.0178
0.0000,369.0000,0.0520,0.2000,0.0107
0.0000,369.0000,0.0540,0.2000,0.0036
0.0000,369.0000,0.0560,0.2000,-0.0036
0.0000,369.0000,0.0580,0.2000,-0.0107
0.0000,369.0000,0.0600,0.2000,-0.0179
0.0000,369.0000,0.0620,0.2000,-0.0250
0.0000,369.0000,0.0640,0.2000,-0.0321
0.0000,369.0000,0.0660,0.2000,-0.0393
0.0000,369.0000,0.0680,0.2000,-0.0464
0.0000,369.0000,0.0700,0.2000,-0.0536
0.0000,369.0000,0.0720,0.2000,-0.0607
0.0000,369.0000,0.0740,0.2000,-0.0679
0.0000,369.0000,0.0760,0.2000,-0.0750
0.0000,369.0000,0.0780,0.2000,-0.0821
0.0000,369.0000,0.0800,0.2000,-0.0893
0.2000,301.2000,0.0000,0.0000,0.0216
0.2000,301.2000,0.0020,0.0000,0.0014
0.2000,301.2000,0.0040,0.0000,-0.0189
0.2000,301.2000,0.0060,0.0000,-0.0385
0.2000,301.2000,0.0080,0.0000,-0.0569
0.2000,301.2000,0.0100,0.0000,-0.0746
0.2000,301.2000,0.0120,0.0000,-0.0902
0.2000,301.2000,0.0140,0.0000,-0.1048
0.2000,301.2000,0.0160,0.0000,-0.1191
0.2000,301.2000,0.0180,0.0000,-0.1318
0.2000,301.2000,0.0200,0.0000,-0.1437
0.2000,301.2000,0.0220,0.0000,-0.1556
0.2000,301.2000,0.0240,0.0000,-0.1675
0.2000,301.2000,0.0260,0.0000,-0.1794
0.2000,301.2000,0.0280,0.0000,-0.1913
0.2000,301.2000,0.0300,0.0000,-0.2031
0.2000,301.2000,0.0320,0.0000,-0.2120
0.2000,301.2000,0.0340,0.0000,-0.2209
0.2000,301.2000,0.0360,0.0000,-0.2298
0.2000,301.2000,0.0380,0.0000,-0.2387
0.2000,301.2000,0.0400,0.0000,-0.2476
0.2000,301.2000,0.0420,0.0000,-0.2565
0.2000,301.2000,0.0440,0.0000,-0.2654
0.2000,301.2000,0.0460,0.0000,-0.2737
0.2000,301.2000,0.0480,0.0000,-0.2818
0.2000,301.2000,0.0500,0.0000,-0.2900
0.2000,301.2000,0.0520,0.0000,-0.2981
0.2000,301.2000,0.0540,0.0000,-0.3062
0.2000,301.2000,0.0560,0.0000,-0.3143
0.2000,301.2000,0.0580,0.0000,-0.3225
0.2000,301.2000,0.0600,0.0000,-0.3306
0.2000,301.2000,0.0620,0.0000,-0.3387
0.2000,301.2000,0.0640,0.0000,-0.3468
0.2000,301.2000,0.0660,0.0000,-0.3549
0.2000,301.2000,0.0680,0.0000,-0.3631
0.2000,301.2000,0.0700,0.0000,-0.3712
0.2000,301.2000,0.0720,0.0000,-0.3784
0.2000,301.2000,0.0740,0.0000,-0.3855
0.2000,301.2000,0.0760,0.0000,-0.3926
0.2000,301.2000,0.0780,0.0000,-0.3998
0.2000,301.2000,0.0800,0.0000,-0.4069
0.2000,301.2000,0.0000,0.0050,0.0173
0.2000,301.2000,0.0020,0.0050,-0.0027
0.2000,301.2000,0.0040,0.0050,-0.0226
0.2000,301.2000,0.0060,0.0050,-0.0411
0.2000,301.2000,0.0080,0.0050,-0.0588
0.2000,301.2000,0.0100,0.0050,-0.0744
0.2000,301.2000,0.0120,0.0050,-0.0888
0.2000,301.2000,0.0140,0.0050,-0.1031
0.2000,301.2000,0.0160,0.0050,-0.1150
0.2000,301.2000,0.0180,0.0050,-0.1269
0.2000,301.2000,0.0200,0.0050,-0.1388
0.2000,301.2000,0.0220,0.0050,-0.1507
0.2000,301.2000,0.0240,0.0050,-0.1626
0.2000,301.2000,0.0260,0.0050,-0.1745
0.2000,301.2000,0.0280,0.0050,-0.1862
0.2000,301.2000,0.0300,0.0050,-0.1951
0.2000,301.2000,0.0320,0.0050,-0.2040
0.2000,301.2000,0.0340,0.0050,-0.2129
0.2000,301.2000,0.0360,0.0050,-0.2218
0.2000,301.2000,0.0380,0.0050,-0.2307
0.2000,301.2000,0.0400,0.0050,-0.2396
0.2000,301.2000,0.0420,0.0050,-0.2485
0.2000,301.2000,0.0440,0.0050,-0.2570
0.2000,301.2000,0.0460,0.0050,-0.2651
0.2000,301.2000,0.0480,0.0050,-0.2733
0.2000,301.2000,0.0500,0.0050,-0.2814
0.2000,301.2000,0.0520,0.0050,-0.2895
0.2000,301.2000,0.0540,0.0050,-0.2976
0.2000,301.2000,0.0560,0.0050,-0.3058
0.2000,301.2000,0.0580,0.0050,-0.3139
0.2000,301.2000,0.0600,0.0050,-0.3220
0.2000,301.2000,0.0620,0.0050,-0.3301
0.2000,301.2000,0.0640,0.0050,-0.3382
0.2000,301.2000,0.0660,0.0050,-0.3464
0.2000,301.2000,0.0680,0.0050,-0.3545
0.2000,301.2000,0.0700,0.0050,-0.3621
0.2000,301.2000,0.0720,0.0050,-0.3692
0.2000,301.2000,0.0740,0.0050,-0.3764
0.2000,301.2000,0.0760,0.0050,-0.3835
0.2000,301.2000,0.0780,0.0050,-0.3907
0.2000,301.2000,0.0800,0.0050,-0.3978
0.2000,301.2000,0.0000,0.0100,0.0138
0.2000,301.2000,0.0020,0.0100,-0.0061
0.2000,301.2000,0.0040,0.0100,-0.0254
0.2000,301.2000,0.0060,0.0100,-0.0431
0.2000,301.2000,0.0080,0.0100,-0.0585
0.2000,301.2000,0.0100,0.0100,-0.0728
0.2000,301.2000,0.0120,0.0100,-0.0864
0.2000,301.2000,0.0140,0.0100,-0.0983
0.2000,301.2000,0.0160,0.0100,-0.1102
0.2000,301.2000,0.0180,0.0100,-0.1221
0.2000,301.2000,0.0200,0.0100,-0.1340
0.2000,301.2000,0.0220,0.0100,-0.1459
0.2000,301.2000,0.0240,0.0100,-0.1578
0.2000,301.2000,0.0260,0.0100,-0.1693
0.2000,301.2000,0.0280,0.0100,-0.1782
0.2000,301.2000,0.0300,0.0100,-0.1871
0.2000,301.2000,0.0320,0.0100,-0.1960
0.2000,301.2000,0.0340,0.0100,-0.2049
0.2000,301.2000,0.0360,0.0100,-0.2138
0.2000,301.2000,0.0380,0.0100,-0.2227
0.2000,301.2000,0.0400,0.0100,-0.2316
0.2000,301.2000,0.0420,0.0100,-0.2403
0.2000,301.2000,0.0440,0.0100,-0.2484
0.2000,301.2000,0.0460,0.0100,-0.2566
0.2000,301.2000,0.0480,0.0100,-0.2647
0.2000,301.2000,0.0500,0.0100,-0.2728
0.2000,301.2000,0.0520,0.0100,-0.2809
0.2000,301.2000,0.0540,0.0100,-0.2891
0.2000,301.2000,0.0560,0.0100,-0.2972
0.2000,301.2000,0.0580,0.0100,-0.3053
0.2000,301.2000,0.0600,0.0100,-0.3134
0.2000,301.2000,0.0620,0.0100,-0.3215
0.2000,301.2000,0.0640,0.0100,-0.3297
0.2000,301.2000,0.0660,0.0100,-0.3378
0.2000,301.2000,0.0680,0.0100,-0.3458
0.2000,301.2000,0.0700,0.0100,-0.3530
0.2000,301.2000,0.0720,0.0100,-0.3601
0.2000,301.2000,0.0740,0.0100,-0.3672
0.2000,301.2000,0.0760,0.0100,-0.3744
0.2000,301.2000,0.0780,0.0100,-0.3815
0.2000,301.2000,0.0800,0.0100,-0.3887
0.2000,301.2000,0.0000,0.0150,0.0104
0.2000,301.2000,0.0020,0.0150,-0.0093
0.2000,301.2000,0.0040,0.0150,-0.0267
0.2000,301.2000,0.0060,0.0150,-0.0425
0.2000,301.2000,0.0080,0.0150,-0.0569
0.2000,301.2000,0.0100,0.0150,-0.0696
0.2000,301.2000,0.0120,0.0150,-0.0815
0.2000,301.2000,0.0140,0.0150,-0.0934
0.2000,301.2000,0.0160,0.0150,-0.1053
0.2000,301.2000,0.0180,0.0150,-0.1172
0.2000,301.2000,0.0200,0.0150,-0.1291
0.2000,301.2000,0.0220,0.0150,-0.1410
0.2000,301.2000,0.0240,0.0150,-0.1523
0.2000,301.2000,0.0260,0.0150,-0.1612
0.2000,301.2000,0.0280,0.0150,-0.1702
0.2000,301.2000,0.0300,0.0150,-0.1791
0.2000,301.2000,0.0320,0.0150,-0.1880
0.2000,301.2000,0.0340,0.0150,-0.1969
0.2000,301.2000,0.0360,0.0150,-0.2058
0.2000,301.2000,0.0380,0.0150,-0.2147
0.2000,301.2000,0.0400,0.0150,-0.2236
0.2000,301.2000,0.0420,0.0150,-0.2317
0.2000,301.2000,0.0440,0.0150,-0.2399
0.2000,301.2000,0.0460,0.0150,-0.2480
0.2000,301.2000,0.0480,0.0150,-0.2561
0.2000,301.2000,0.0500,0.0150,-0.2642
0.2000,301.2000,0.0520,0.0150,-0.2724
0.2000,301.2000,0.0540,0.0150,-0.2805
0.2000,301.2000,0.0560,0.0150,-0.2886
0.2000,301.2000,0.0580,0.0150,-0.2967
0.2000,301.2000,0.0600,0.0150,-0.3048
0.2000,301.2000,0.0620,0.0150,-0.3130
0.2000,301.2000,0.0640,0.0150,-0.3211
0.2000,301.2000,0.0660,0.0150,-0.3292
0.2000,301.2000,0.0680,0.0150,-0.3367
0.2000,301.2000,0.0700,0.0150,-0.3438
0.2000,301.2000,0.0720,0.0150,-0.3510
0.2000,301.2000,0.0740,0.0150,-0.3581
0.2000,301.2000,0.0760,0.0150,-0.3652
0.2000,301.2000,0.0780,0.0150,-0.3724
0.2000,301.2000,0.0800,0.0150,-0.3795
0.2000,301.2000,0.0000,0.0200,0.0083
0.2000,301.2000,0.0020,0.0200,-0.0098
0.2000,301.2000,0.0040,0.0200,-0.0265
0.2000,301.2000,0.0060,0.0200,-0.0409
0.2000,301.2000,0.0080,0.0200,-0.0528
0.2000,301.2000,0.0100,0.0200,-0.0647
0.2000,301.2000,0.0120,0.0200,-0.0766
0.2000,301.2000,0.0140,0.0200,-0.0885
0.2000,301.2000,0.0160,0.0200,-0.1004
0.2000,301.2000,0.0180,0.0200,-0.1123
0.2000,301.2000,0.0200,0.0200,-0.1242
0.2000,301.2000,0.0220,0.0200,-0.1354
0.2000,301.2000,0.0240,0.0200,-0.1443
0.2000,301.2000,0.0260,0.0200,-0.1532
0.2000,301.2000,0.0280,0.0200,-0.1621
0.2000,301.2000,0.0300,0.0200,-0.1710
0.2000,301.2000,0.0320,0.0200,-0.1799
0.2000,301.2000,0.0340,0.0200,-0.1888
0.2000,301.2000,0.0360,0.0200,-0.1977
0.2000,301.2000,0.0380,0.0200,-0.2066
0.2000,301.2000,0.0400,0.0200,-0.2150
0.2000,301.2000,0.0420,0.0200,-0.2232
0.2000,301.2000,0.0440,0.0200,-0.2313
0.2000,301.2000,0.0460,0.0200,-0.2394
0.2000,301.2000,0.0480,0.0200,-0.2475
0.2000,301.2000,0.0500,0.0200,-0.2556
0.2000,301.2000,0.0520,0.0200,-0.2638
0.2000,301.2000,0.0540,0.0200,-0.2719
0.2000,301.2000,0.0560,0.0200,-0.2800
0.2000,301.2000,0.0580,0.0200,-0.2881
0.2000,301.2000,0.0600,0.0200,-0.2963
0.2000,301.2000,0.0620,0.0200,-0.3044
0.2000,301.2000,0.0640,0.0200,-0.3125
0.2000,301.2000,0.0660,0.0200,-0.3204
0.2000,301.2000,0.0680,0.0200,-0.3275
0.2000,301.2000,0.0700,0.0200,-0.3347
0.2000,301.2000,0.0720,0.0200,-0.3418
0.2000,301.2000,0.0740,0.0200,-0.3490
0.2000,301.2000,0.0760,0.0200,-0.3561
0.2000,301.2000,0.0780,0.0200,-0.3633
0.2000,301.2000,0.0800,0.0200,-0.3704
0.2000,301.2000,0.0000,0.0250,0.0071
0.2000,301.2000,0.0020,0.0250,-0.0095
0.2000,301.2000,0.0040,0.0250,-0.0242
0.2000,301.2000,0.0060,0.0250,-0.0361
0.2000,301.2000,0.0080,0.0250,-0.0480
0.2000,301.2000,0.0100,0.0250,-0.0599
0.2000,301.2000,0.0120,0.0250,-0.0718
0.2000,301.2000,0.0140,0.0250,-0.0837
0.2000,301.2000,0.0160,0.0250,-0.0956
0.2000,301.2000,0.0180,0.0250,-0.1075
0.2000,301.2000,0.0200,0.0250,-0.1185
0.2000,301.2000,0.0220,0.0250,-0.1274
0.2000,301.2000,0.0240,0.0250,-0.1363
0.2000,301.2000,0.0260,0.0250,-0.1452
0.2000,301.2000,0.0280,0.0250,-0.1541
0.2000,301.2000,0.0300,0.0250,-0.1630
0.2000,301.2000,0.0320,0.0250,-0.1719
0.2000,301.2000,0.0340,0.0250,-0.1808
0.2000,301.2000,0.0360,0.0250,-0.1897
0.2000,301.2000,0.0380,0.0250,-0.1983
0.2000,301.2000,0.0400,0.0250,-0.2065
0.2000,301.2000,0.0420,0.0250,-0.2146
0.2000,301.2000,0.0440,0.0250,-0.2227
0.2000,301.2000,0.0460,0.0250,-0.2308
0.2000,301.2000,0.0480,0.0250,-0.2389
0.2000,301.2000,0.0500,0.0250,-0.2471
0.2000,301.2000,0.0520,0.0250,-0.2552
0.2000,301.2000,0.0540,0.0250,-0.2633
0.2000,301.2000,0.0560,0.0250,-0.2714
0.2000,301.2000,0.0580,0.0250,-0.2796
0.2000,301.2000,0.0600,0.0250,-0.2877
0.2000,301.2000,0.0620,0.0250,-0.2958
0.2000,301.2000,0.0640,0.0250,-0.3039
0.2000,301.2000,0.0660,0.0250,-0.3113
0.2000,301.2000,0.0680,0.0250,-0.3184
0.2000,301.2000,0.0700,0.0250,-0.3256
0.2000,301.2000,0.0720,0.0250,-0.3327
0.2000,301.2000,0.0740,0.0250,-0.3398
0.2000,301.2000,0.0760,0.0250,-0.3470
0.2000,301.2000,0.0780,0.0250,-0.3541
0.2000,301.2000,0.0800,0.0250,-0.3613
0.2000,301.2000,0.0000,0.0300,0.0075
0.2000,301.2000,0.0020,0.0300,-0.0069
0.2000,301.2000,0.0040,0.0300,-0.0193
0.2000,301.2000,0.0060,0.0300,-0.0312
0.2000,301.2000,0.0080,0.0300,-0.0431
0.2000,301.2000,0.0100,0.0300,-0.0550
0.2000,301.2000,0.0120,0.0300,-0.0669
0.2000,301.2000,0.0140,0.0300,-0.0788
0.2000,301.2000,0.0160,0.0300,-0.0907
0.2000,301.2000,0.0180,0.0300,-0.1016
0.2000,301.2000,0.0200,0.0300,-0.1105
0.2000,301.2000,0.0220,0.0300,-0.1194
0.2000,301.2000,0.0240,0.0300,-0.1283
0.2000,301.2000,0.0260,0.0300,-0.1372
0.2000,301.2000,0.0280,0.0300,-0.1461
0.2000,301.2000,0.0300,0.0300,-0.1550
0.2000,301.2000,0.0320,0.0300,-0.1639
0.2000,301.2000,0.0340,0.0300,-0.1728
0.2000,301.2000,0.0360,0.0300,-0.1816
0.2000,301.2000,0.0380,0.0300,-0.1898
0.2000,301.2000,0.0400,0.0300,-0.1979
0.2000,301.2000,0.0420,0.0300,-0.2060
0.2000,301.2000,0.0440,0.0300,-0.2141
0.2000,301.2000,0.0460,0.0300,-0.2222
0.2000,301.2000,0.0480,0.0300,-0.2304
0.2000,301.2000,0.0500,0.0300,-0.2385
0.2000,301.2000,0.0520,0.0300,-0.2466
0.2000,301.2000,0.0540,0.0300,-0.2547
0.2000,301.2000,0.0560,0.0300,-0.2629
0.2000,301.2000,0.0580,0.0300,-0.2710
0.2000,301.2000,0.0600,0.0300,-0.2791
0.2000,301.2000,0.0620,0.0300,-0.2872
0.2000,301.2000,0.0640,0.0300,-0.2950
0.2000,301.2000,0.0660,0.0300,-0.3021
0.2000,301.2000,0.0680,0.0300,-0.3093
0.2000,301.2000,0.0700,0.0300,-0.3164
0.2000,301.2000,0.0720,0.0300,-0.3236
0.2000,301.2000,0.0740,0.0300,-0.3307
0.2000,301.2000,0.0760,0.0300,-0.3379
0.2000,301.2000,0.0780,0.0300,-0.3450
0.2000,301.2000,0.0800,0.0300,-0.3521
0.2000,301.2000,0.0000,0.0350,0.0109
0.2000,301.2000,0.0020,0.0350,-0.0025
0.2000,301.2000,0.0040,0.0350,-0.0144
0.2000,301.2000,0.0060,0.0350,-0.0263
0.2000,301.2000,0.0080,0.0350,-0.0382
0.2000,301.2000,0.0100,0.0350,-0.0501
0.2000,301.2000,0.0120,0.0350,-0.0620
0.2000,301.2000,0.0140,0.0350,-0.0739
0.2000,301.2000,0.0160,0.0350,-0.0847
0.2000,301.2000,0.0180,0.0350,-0.0936
0.2000,301.2000,0.0200,0.0350,-0.1025
0.2000,301.2000,0.0220,0.0350,-0.1114
0.2000,301.2000,0.0240,0.0350,-0.1203
0.2000,301.2000,0.0260,0.0350,-0.1292
0.2000,301.2000,0.0280,0.0350,-0.1381
0.2000,301.2000,0.0300,0.0350,-0.1470
0.2000,301.2000,0.0320,0.0350,-0.1559
0.2000,301.2000,0.0340,0.0350,-0.1648
0.2000,301.2000,0.0360,0.0350,-0.1731
0.2000,301.2000,0.0380,0.0350,-0.1812
0.2000,301.2000,0.0400,0.0350,-0.1893
0.2000,301.2000,0.0420,0.0350,-0.1974
0.2000,301.2000,0.0440,0.0350,-0.2055
0.2000,301.2000,0.0460,0.0350,-0.2137
0.2000,301.2000,0.0480,0.0350,-0.2218
0.2000,301.2000,0.0500,0.0350,-0.2299
0.2000,301.2000,0.0520,0.0350,-0.2380
0.2000,301.2000,0.0540,0.0350,-0.2462
0.2000,301.2000,0.0560,0.0350,-0.2543
0.2000,301.2000,0.0580,0.0350,-0.2624
0.2000,301.2000,0.0600,0.0350,-0.2705
0.2000,301.2000,0.0620,0.0350,-0.2786
0.2000,301.2000,0.0640,0.0350,-0.2859
0.2000,301.2000,0.0660,0.0350,-0.2930
0.2000,301.2000,0.0680,0.0350,-0.3002
0.2000,301.2000,0.0700,0.0350,-0.3073
0.2000,301.2000,0.0720,0.0350,-0.3144
0.2000,301.2000,0.0740,0.0350,-0.3216
0.2000,301.2000,0.0760,0.0350,-0.3287
0.2000,301.2000,0.0780,0.0350,-0.3359
0.2000,301.2000,0.0800,0.0350,-0.3430
0.2000,301.2000,0.0000,0.0400,0.0152
0.2000,301.2000,0.0020,0.0400,0.0024
0.2000,301.2000,0.0040,0.0400,-0.0095
0.2000,301.2000,0.0060,0.0400,-0.0214
0.2000,301.2000,0.0080,0.0400,-0.0333
0.2000,301.2000,0.0100,0.0400,-0.0452
0.2000,301.2000,0.0120,0.0400,-0.0571
0.2000,301.2000,0.0140,0.0400,-0.0677
0.2000,301.2000,0.0160,0.0400,-0.0767
0.2000,301.2000,0.0180,0.0400,-0.0856
0.2000,301.2000,0.0200,0.0400,-0.0945
0.2000,301.2000,0.0220,0.0400,-0.1034
0.2000,301.2000,0.0240,0.0400,-0.1123
0.2000,301.2000,0.0260,0.0400,-0.1212
0.2000,301.2000,0.0280,0.0400,-0.1301
0.2000,301.2000,0.0300,0.0400,-0.1390
0.2000,301.2000,0.0320,0.0400,-0.1479
0.2000,301.2000,0.0340,0.0400,-0.1564
0.2000,301.2000,0.0360,0.0400,-0.1645
0.2000,301.2000,0.0380,0.0400,-0.1726
0.2000,301.2000,0.0400,0.0400,-0.1807
0.2000,301.2000,0.0420,0.0400,-0.1888
0.2000,301.2000,0.0440,0.0400,-0.1970
0.2000,301.2000,0.0460,0.0400,-0.2051
0.2000,301.2000,0.0480,0.0400,-0.2132
0.2000,301.2000,0.0500,0.0400,-0.2213
0.2000,301.2000,0.0520,0.0400,-0.2295
0.2000,301.2000,0.0540,0.0400,-0.2376
0.2000,301.2000,0.0560,0.0400,-0.2457
0.2000,301.2000,0.0580,0.0400,-0.2538
0.2000,301.2000,0.0600,0.0400,-0.2619
0.2000,301.2000,0.0620,0.0400,-0.2696
0.2000,301.2000,0.0640,0.0400,-0.2767
0.2000,301.2000,0.0660,0.0400,-0.2839
0.2000,301.2000,0.0680,0.0400,-0.2910
0.2000,301.2000,0.0700,0.0400,-0.2982
0.2000,301.2000,0.0720,0.0400,-0.3053
0.2000,301.2000,0.0740,0.0400,-0.3124
0.2000,301.2000,0.0760,0.0400,-0.3196
0.2000,301.2000,0.0780,0.0400,-0.3267
0.2000,301.2000,0.0800,0.0400,-0.3339
0.2000,301.2000,0.0000,0.0450,0.0195
0.2000,301.2000,0.0020,0.0450,0.0072
0.2000,301.2000,0.0040,0.0450,-0.0047
0.2000,301.2000,0.0060,0.0450,-0.0166
0.2000,301.2000,0.0080,0.0450,-0.0285
0.2000,301.2000,0.0100,0.0450,-0.0404
0.2000,301.2000,0.0120,0.0450,-0.0508
0.2000,301.2000,0.0140,0.0450,-0.0597
0.2000,301.2000,0.0160,0.0450,-0.0686
0.2000,301.2000,0.0180,0.0450,-0.0775
0.2000,301.2000,0.0200,0.0450,-0.0864
0.2000,301.2000,0.0220,0.0450,-0.0953
0.2000,301.2000,0.0240,0.0450,-0.1042
0.2000,301.2000,0.0260,0.0450,-0.1131
0.2000,301.2000,0.0280,0.0450,-0.1221
0.2000,301.2000,0.0300,0.0450,-0.1310
0.2000,301.2000,0.0320,0.0450,-0.1397
0.2000,301.2000,0.0340,0.0450,-0.1478
0.2000,301.2000,0.0360,0.0450,-0.1559
0.2000,301.2000,0.0380,0.0450,-0.1640
0.2000,301.2000,0.0400,0.0450,-0.1721
0.2000,301.2000,0.0420,0.0450,-0.1803
0.2000,301.2000,0.0440,0.0450,-0.1884
0.2000,301.2000,0.0460,0.0450,-0.1965
0.2000,301.2000,0.0480,0.0450,-0.2046
0.2000,301.2000,0.0500,0.0450,-0.2127
0.2000,301.2000,0.0520,0.0450,-0.2209
0.2000,301.2000,0.0540,0.0450,-0.2290
0.2000,301.2000,0.0560,0.0450,-0.2371
0.2000,301.2000,0.0580,0.0450,-0.2452
0.2000,301.2000,0.0600,0.0450,-0.2533
0.2000,301.2000,0.0620,0.0450,-0.2605
0.2000,301.2000,0.0640,0.0450,-0.2676
0.2000,301.2000,0.0660,0.0450,-0.2747
0.2000,301.2000,0.0680,0.0450,-0.2819
0.2000,301.2000,0.0700,0.0450,-0.2890
0.2000,301.2000,0.0720,0.0450,-0.2962
0.2000,301.2000,0.0740,0.0450,-0.3033
0.2000,301.2000,0.0760,0.0450,-0.3105
0.2000,301.2000,0.0780,0.0450,-0.3176
0.2000,301.2000,0.0800,0.0450,-0.3247
0.2000,301.2000,0.0000,0.0500,0.0240
0.2000,301.2000,0.0020,0.0500,0.0121
0.2000,301.2000,0.0040,0.0500,0.0002
0.2000,301.2000,0.0060,0.0500,-0.0117
0.2000,301.2000,0.0080,0.0500,-0.0236
0.2000,301.2000,0.0100,0.0500,-0.0339
0.2000,301.2000,0.0120,0.0500,-0.0428
0.2000,301.2000,0.0140,0.0500,-0.0517
0.2000,301.2000,0.0160,0.0500,-0.0606
0.2000,301.2000,0.0180,0.0500,-0.0695
0.2000,301.2000,0.0200,0.0500,-0.0784
0.2000,301.2000,0.0220,0.0500,-0.0873
0.2000,301.2000,0.0240,0.0500,-0.0962
0.2000,301.2000,0.0260,0.0500,-0.1051
0.2000,301.2000,0.0280,0.0500,-0.1140
0.2000,301.2000,0.0300,0.0500,-0.1229
0.2000,301.2000,0.0320,0.0500,-0.1311
0.2000,301.2000,0.0340,0.0500,-0.1392
0.2000,301.2000,0.0360,0.0500,-0.1473
0.2000,301.2000,0.0380,0.0500,-0.1554
0.2000,301.2000,0.0400,0.0500,-0.1636
0.2000,301.2000,0.0420,0.0500,-0.1717
0.2000,301.2000,0.0440,0.0500,-0.1798
0.2000,301.2000,0.0460,0.0500,-0.1879
0.2000,301.2000,0.0480,0.0500,-0.1960
0.2000,301.2000,0.0500,0.0500,-0.2042
0.2000,301.2000,0.0520,0.0500,-0.2123
0.2000,301.2000,0.0540,0.0500,-0.2204
0.2000,301.2000,0.0560,0.0500,-0.2285
0.2000,301.2000,0.0580,0.0500,-0.2367
0.2000,301.2000,0.0600,0.0500,-0.2442
0.2000,301.2000,0.0620,0.0500,-0.2513
0.2000,301.2000,0.0640,0.0500,-0.2585
0.2000,301.2000,0.0660,0.0500,-0.2656
0.2000,301.2000,0.0680,0.0500,-0.2728
0.2000,301.2000,0.0700,0.0500,-0.2799
0.2000,301.2000,0.0720,0.0500,-0.2870
0.2000,301.2000,0.0740,0.0500,-0.2942
0.2000,301.2000,0.0760,0.0500,-0.3013
0.2000,301.2000,0.0780,0.0500,-0.3085
0.2000,301.2000,0.0800,0.0500,-0.3156
0.2000,301.2000,0.0000,0.0550,0.0289
0.2000,301.2000,0.0020,0.0550,0.0170
0.2000,301.2000,0.0040,0.0550,0.0051
0.2000,301.2000,0.0060,0.0550,-0.0068
0.2000,301.2000,0.0080,0.0550,-0.0170
0.2000,301.2000,0.0100,0.0550,-0.0259
0.2000,301.2000,0.0120,0.0550,-0.0348
0.2000,301.2000,0.0140,0.0550,-0.0437
0.2000,301.2000,0.0160,0.0550,-0.0526
0.2000,301.2000,0.0180,0.0550,-0.0615
0.2000,301.2000,0.0200,0.0550,-0.0704
0.2000,301.2000,0.0220,0.0550,-0.0793
0.2000,301.2000,0.0240,0.0550,-0.0882
0.2000,301.2000,0.0260,0.0550,-0.0971
0.2000,301.2000,0.0280,0.0550,-0.1060
0.2000,301.2000,0.0300,0.0550,-0.1144
0.2000,301.2000,0.0320,0.0550,-0.1225
0.2000,301.2000,0.0340,0.0550,-0.1306
0.2000,301.2000,0.0360,0.0550,-0.1387
0.2000,301.2000,0.0380,0.0550,-0.1469
0.2000,301.2000,0.0400,0.0550,-0.1550
0.2000,301.2000,0.0420,0.0550,-0.1631
0.2000,301.2000,0.0440,0.0550,-0.1712
0.2000,301.2000,0.0460,0.0550,-0.1793
0.2000,301.2000,0.0480,0.0550,-0.1875
0.2000,301.2000,0.0500,0.0550,-0.1956
0.2000,301.2000,0.0520,0.0550,-0.2037
0.2000,301.2000,0.0540,0.0550,-0.2118
0.2000,301.2000,0.0560,0.0550,-0.2200
0.2000,301.2000,0.0580,0.0550,-0.2279
0.2000,301.2000,0.0600,0.0550,-0.2351
0.2000,301.2000,0.0620,0.0550,-0.2422
0.2000,301.2000,0.0640,0.0550,-0.2493
0.2000,301.2000,0.0660,0.0550,-0.2565
0.2000,301.2000,0.0680,0.0550,-0.2636
0.2000,301.2000,0.0700,0.0550,-0.2708
0.2000,301.2000,0.0720,0.0550,-0.2779
0.2000,301.2000,0.0740,0.0550,-0.2850
0.2000,301.2000,0.0760,0.0550,-0.2922
0.2000,301.2000,0.0780,0.0550,-0.2993
0.2000,301.2000,0.0800,0.0550,-0.3065
0.2000,301.2000,0.0000,0.0600,0.0337
0.2000,301.2000,0.0020,0.0600,0.0218
0.2000,301.2000,0.0040,0.0600,0.0099
0.2000,301.2000,0.0060,0.0600,-0.0001
0.2000,301.2000,0.0080,0.0600,-0.0090
0.2000,301.2000,0.0100,0.0600,-0.0179
0.2000,301.2000,0.0120,0.0600,-0.0268
0.2000,301.2000,0.0140,0.0600,-0.0357
0.2000,301.2000,0.0160,0.0600,-0.0446
0.2000,301.2000,0.0180,0.0600,-0.0535
0.2000,301.2000,0.0200,0.0600,-0.0624
0.2000,301.2000,0.0220,0.0600,-0.0713
0.2000,301.2000,0.0240,0.0600,-0.0802
0.2000,301.2000,0.0260,0.0600,-0.0891
0.2000,301.2000,0.0280,0.0600,-0.0977
0.2000,301.2000,0.0300,0.0600,-0.1058
0.2000,301.2000,0.0320,0.0600,-0.1139
0.2000,301.2000,0.0340,0.0600,-0.1220
0.2000,301.2000,0.0360,0.0600,-0.1302
0.2000,301.2000,0.0380,0.0600,-0.1383
0.2000,301.2000,0.0400,0.0600,-0.1464
0.2000,301.2000,0.0420,0.0600,-0.1545
0.2000,301.2000,0.0440,0.0600,-0.1626
0.2000,301.2000,0.0460,0.0600,-0.1708
0.2000,301.2000,0.0480,0.0600,-0.1789
0.2000,301.2000,0.0500,0.0600,-0.1870
0.2000,301.2000,0.0520,0.0600,-0.1951
0.2000,301.2000,0.0540,0.0600,-0.2033
0.2000,301.2000,0.0560,0.0600,-0.2114
0.2000,301.2000,0.0580,0.0600,-0.2188
0.2000,301.2000,0.0600,0.0600,-0.2259
0.2000,301.2000,0.0620,0.0600,-0.2331
0.2000,301.2000,0.0640,0.0600,-0.2402
0.2000,301.2000,0.0660,0.0600,-0.2473
0.2000,301.2000,0.0680,0.0600,-0.2545
0.2000,301.2000,0.0700,0.0600,-0.2616
0.2000,301.2000,0.0720,0.0600,-0.2688
0.2000,301.2000,0.0740,0.0600,-0.2759
0.2000,301.2000,0.0760,0.0600,-0.2831
0.2000,301.2000,0.0780,0.0600,-0.2902
0.2000,301.2000,0.0800,0.0600,-0.2973
0.2000,301.2000,0.0000,0.0650,0.0386
0.2000,301.2000,0.0020,0.0650,0.0267
0.2000,301.2000,0.0040,0.0650,0.0168
0.2000,301.2000,0.0060,0.0650,0.0079
0.2000,301.2000,0.0080,0.0650,-0.0010
0.2000,301.2000,0.0100,0.0650,-0.0099
0.2000,301.2000,0.0120,0.0650,-0.0188
0.2000,301.2000,0.0140,0.0650,-0.0277
0.2000,301.2000,0.0160,0.0650,-0.0366
0.2000,301.2000,0.0180,0.0650,-0.0455
0.2000,301.2000,0.0200,0.0650,-0.0544
0.2000,301.2000,0.0220,0.0650,-0.0633
0.2000,301.2000,0.0240,0.0650,-0.0722
0.2000,301.2000,0.0260,0.0650,-0.0810
0.2000,301.2000,0.0280,0.0650,-0.0891
0.2000,301.2000,0.0300,0.0650,-0.0972
0.2000,301.2000,0.0320,0.0650,-0.1053
0.2000,301.2000,0.0340,0.0650,-0.1135
0.2000,301.2000,0.0360,0.0650,-0.1216
0.2000,301.2000,0.0380,0.0650,-0.1297
0.2000,301.2000,0.0400,0.0650,-0.1378
0.2000,301.2000,0.0420,0.0650,-0.1459
0.2000,301.2000,0.0440,0.0650,-0.1541
0.2000,301.2000,0.0460,0.0650,-0.1622
0.2000,301.2000,0.0480,0.0650,-0.1703
0.2000,301.2000,0.0500,0.0650,-0.1784
0.2000,301.2000,0.0520,0.0650,-0.1866
0.2000,301.2000,0.0540,0.0650,-0.1947
0.2000,301.2000,0.0560,0.0650,-0.2025
0.2000,301.2000,0.0580,0.0650,-0.2096
0.2000,301.2000,0.0600,0.0650,-0.2168
0.2000,301.2000,0.0620,0.0650,-0.2239
0.2000,301.2000,0.0640,0.0650,-0.2311
0.2000,301.2000,0.0660,0.0650,-0.2382
0.2000,301.2000,0.0680,0.0650,-0.2454
0.2000,301.2000,0.0700,0.0650,-0.2525
0.2000,301.2000,0.0720,0.0650,-0.2596
0.2000,301.2000,0.0740,0.0650,-0.2668
0.2000,301.2000,0.0760,0.0650,-0.2739
0.2000,301.2000,0.0780,0.0650,-0.2811
0.2000,301.2000,0.0800,0.0650,-0.2882
0.2000,301.2000,0.0000,0.0700,0.0435
0.2000,301.2000,0.0020,0.0700,0.0338
0.2000,301.2000,0.0040,0.0700,0.0249
0.2000,301.2000,0.0060,0.0700,0.0160
0.2000,301.2000,0.0080,0.0700,0.0071
0.2000,301.2000,0.0100,0.0700,-0.0018
0.2000,301.2000,0.0120,0.0700,-0.0107
0.2000,301.2000,0.0140,0.0700,-0.0196
0.2000,301.2000,0.0160,0.0700,-0.0286
0.2000,301.2000,0.0180,0.0700,-0.0375
0.2000,301.2000,0.0200,0.0700,-0.0464
0.2000,301.2000,0.0220,0.0700,-0.0553
0.2000,301.2000,0.0240,0.0700,-0.0642
0.2000,301.2000,0.0260,0.0700,-0.0724
0.2000,301.2000,0.0280,0.0700,-0.0805
0.2000,301.2000,0.0300,0.0700,-0.0886
0.2000,301.2000,0.0320,0.0700,-0.0968
0.2000,301.2000,0.0340,0.0700,-0.1049
0.2000,301.2000,0.0360,0.0700,-0.1130
0.2000,301.2000,0.0380,0.0700,-0.1211
0.2000,301.2000,0.0400,0.0700,-0.1292
0.2000,301.2000,0.0420,0.0700,-0.1374
0.2000,301.2000,0.0440,0.0700,-0.1455
0.2000,301.2000,0.0460,0.0700,-0.1536
0.2000,301.2000,0.0480,0.0700,-0.1617
0.2000,301.2000,0.0500,0.0700,-0.1698
0.2000,301.2000,0.0520,0.0700,-0.1780
0.2000,301.2000,0.0540,0.0700,-0.1861
0.2000,301.2000,0.0560,0.0700,-0.1934
0.2000,301.2000,0.0580,0.0700,-0.2005
0.2000,301.2000,0.0600,0.0700,-0.2077
0.2000,301.2000,0.0620,0.0700,-0.2148
0.2000,301.2000,0.0640,0.0700,-0.2219
0.2000,301.2000,0.0660,0.0700,-0.2291
0.2000,301.2000,0.0680,0.0700,-0.2362
0.2000,301.2000,0.0700,0.0700,-0.2434
0.2000,301.2000,0.0720,0.0700,-0.2505
0.2000,301.2000,0.0740,0.0700,-0.2576
0.2000,301.2000,0.0760,0.0700,-0.2648
0.2000,301.2000,0.0780,0.0700,-0.2719
0.2000,301.2000,0.0800,0.0700,-0.2791
0.2000,301.2000,0.0000,0.0750,0.0507
0.2000,301.2000,0.0020,0.0750,0.0418
0.2000,301.2000,0.0040,0.0750,0.0329
0.2000,301.2000,0.0060,0.0750,0.0240
0.2000,301.2000,0.0080,0.0750,0.0151
0.2000,301.2000,0.0100,0.0750,0.0062
0.2000,301.2000,0.0120,0.0750,-0.0027
0.2000,301.2000,0.0140,0.0750,-0.0116
0.2000,301.2000,0.0160,0.0750,-0.0205
0.2000,301.2000,0.0180,0.0750,-0.0294
0.2000,301.2000,0.0200,0.0750,-0.0383
0.2000,301.2000,0.0220,0.0750,-0.0472
0.2000,301.2000,0.0240,0.0750,-0.0557
0.2000,301.2000,0.0260,0.0750,-0.0638
0.2000,301.2000,0.0280,0.0750,-0.0719
0.2000,301.2000,0.0300,0.0750,-0.0800
0.2000,301.2000,0.0320,0.0750,-0.0882
0.2000,301.2000,0.0340,0.0750,-0.0963
0.2000,301.2000,0.0360,0.0750,-0.1044
0.2000,301.2000,0.0380,0.0750,-0.1125
0.2000,301.2000,0.0400,0.0750,-0.1207
0.2000,301.2000,0.0420,0.0750,-0.1288
0.2000,301.2000,0.0440,0.0750,-0.1369
0.2000,301.2000,0.0460,0.0750,-0.1450
0.2000,301.2000,0.0480,0.0750,-0.1531
0.2000,301.2000,0.0500,0.0750,-0.1613
0.2000,301.2000,0.0520,0.0750,-0.1694
0.2000,301.2000,0.0540,0.0750,-0.1771
0.2000,301.2000,0.0560,0.0750,-0.1842
0.2000,301.2000,0.0580,0.0750,-0.1914
0.2000,301.2000,0.0600,0.0750,-0.1985
0.2000,301.2000,0.0620,0.0750,-0.2057
0.2000,301.2000,0.0640,0.0750,-0.2128
0.2000,301.2000,0.0660,0.0750,-0.2199
0.2000,301.2000,0.0680,0.0750,-0.2271
0.2000,301.2000,0.0700,0.0750,-0.2342
0.2000,301.2000,0.0720,0.0750,-0.2414
0.2000,301.2000,0.0740,0.0750,-0.2485
0.2000,301.2000,0.0760,0.0750,-0.2557
0.2000,301.2000,0.0780,0.0750,-0.2628
0.2000,301.2000,0.0800,0.0750,-0.2699
0.2000,301.2000,0.0000,0.0800,0.0587
0.2000,301.2000,0.0020,0.0800,0.0498
0.2000,301.2000,0.0040,0.0800,0.0409
0.2000,301.2000,0.0060,0.0800,0.0320
0.2000,301.2000,0.0080,0.0800,0.0231
0.2000,301.2000,0.0100,0.0800,0.0142
0.2000,301.2000,0.0120,0.0800,0.0053
0.2000,301.2000,0.0140,0.0800,-0.0036
0.2000,301.2000,0.0160,0.0800,-0.0125
0.2000,301.2000,0.0180,0.0800,-0.0214
0.2000,301.2000,0.0200,0.0800,-0.0303
0.2000,301.2000,0.0220,0.0800,-0.0390
0.2000,301.2000,0.0240,0.0800,-0.0471
0.2000,301.2000,0.0260,0.0800,-0.0552
0.2000,301.2000,0.0280,0.0800,-0.0633
0.2000,301.2000,0.0300,0.0800,-0.0715
0.2000,301.2000,0.0320,0.0800,-0.0796
0.2000,301.2000,0.0340,0.0800,-0.0877
0.2000,301.2000,0.0360,0.0800,-0.0958
0.2000,301.2000,0.0380,0.0800,-0.1040
0.2000,301.2000,0.0400,0.0800,-0.1121
0.2000,301.2000,0.0420,0.0800,-0.1202
0.2000,301.2000,0.0440,0.0800,-0.1283
0.2000,301.2000,0.0460,0.0800,-0.1364
0.2000,301.2000,0.0480,0.0800,-0.1446
0.2000,301.2000,0.0500,0.0800,-0.1527
0.2000,301.2000,0.0520,0.0800,-0.1608
0.2000,301.2000,0.0540,0.0800,-0.1680
0.2000,301.2000,0.0560,0.0800,-0.1751
0.2000,301.2000,0.0580,0.0800,-0.1822
0.2000,301.2000,0.0600,0.0800,-0.1894
0.2000,301.2000,0.0620,0.0800,-0.1965
0.2000,301.2000,0.0640,0.0800,-0.2037
0.2000,301.2000,0.0660,0.0800,-0.2108
0.2000,301.2000,0.0680,0.0800,-0.2180
0.2000,301.2000,0.0700,0.0800,-0.2251
0.2000,301.2000,0.0720,0.0800,-0.2322
0.2000,301.2000,0.0740,0.0800,-0.2394
0.2000,301.2000,0.0760,0.0800,-0.2465
0.2000,301.2000,0.0780,0.0800,-0.2537
0.2000,301.2000,0.0800,0.0800,-0.2608
0.2000,301.2000,0.0000,0.0850,0.0667
0.2000,301.2000,0.0020,0.0850,0.0578
0.2000,301.2000,0.0040,0.0850,0.0489
0.2000,301.2000,0.0060,0.0850,0.0400
0.2000,301.2000,0.0080,0.0850,0.0311
0.2000,301.2000,0.0100,0.0850,0.0222
0.2000,301.2000,0.0120,0.0850,0.0133
0.2000,301.2000,0.0140,0.0850,0.0044
0.2000,301.2000,0.0160,0.0850,-0.0045
0.2000,301.2000,0.0180,0.0850,-0.0134
0.2000,301.2000,0.0200,0.0850,-0.0223
0.2000,301.2000,0.0220,0.0850,-0.0304
0.2000,301.2000,0.0240,0.0850,-0.0385
0.2000,301.2000,0.0260,0.0850,-0.0466
0.2000,301.2000,0.0280,0.0850,-0.0548
0.2000,301.2000,0.0300,0.0850,-0.0629
0.2000,301.2000,0.0320,0.0850,-0.0710
0.2000,301.2000,0.0340,0.0850,-0.0791
0.2000,301.2000,0.0360,0.0850,-0.0873
0.2000,301.2000,0.0380,0.0850,-0.0954
0.2000,301.2000,0.0400,0.0850,-0.1035
0.2000,301.2000,0.0420,0.0850,-0.1116
0.2000,301.2000,0.0440,0.0850,-0.1197
0.2000,301.2000,0.0460,0.0850,-0.1279
0.2000,301.2000,0.0480,0.0850,-0.1360
0.2000,301.2000,0.0500,0.0850,-0.1441
0.2000,301.2000,0.0520,0.0850,-0.1517
0.2000,301.2000,0.0540,0.0850,-0.1588
0.2000,301.2000,0.0560,0.0850,-0.1660
0.2000,301.2000,0.0580,0.0850,-0.1731
0.2000,301.2000,0.0600,0.0850,-0.1803
0.2000,301.2000,0.0620,0.0850,-0.1874
0.2000,301.2000,0.0640,0.0850,-0.1945
0.2000,301.2000,0.0660,0.0850,-0.2017
0.2000,301.2000,0.0680,0.0850,-0.2088
0.2000,301.2000,0.0700,0.0850,-0.2160
0.2000,301.2000,0.0720,0.0850,-0.2231
0.2000,301.2000,0.0740,0.0850,-0.2302
0.2000,301.2000,0.0760,0.0850,-0.2374
0.2000,301.2000,0.0780,0.0850,-0.2445
0.2000,301.2000,0.0800,0.0850,-0.2517
0.2000,301.2000,0.0000,0.0900,0.0747
0.2000,301.2000,0.0020,0.0900,0.0658
0.2000,301.2000,0.0040,0.0900,0.0569
0.2000,301.2000,0.0060,0.0900,0.0480
0.2000,301.2000,0.0080,0.0900,0.0391
0.2000,301.2000,0.0100,0.0900,0.0302
0.2000,301.2000,0.0120,0.0900,0.0213
0.2000,301.2000,0.0140,0.0900,0.0124
0.2000,301.2000,0.0160,0.0900,0.0035
0.2000,301.2000,0.0180,0.0900,-0.0054
0.2000,301.2000,0.0200,0.0900,-0.0137
0.2000,301.2000,0.0220,0.0900,-0.0218
0.2000,301.2000,0.0240,0.0900,-0.0299
0.2000,301.2000,0.0260,0.0900,-0.0381
0.2000,301.2000,0.0280,0.0900,-0.0462
0.2000,301.2000,0.0300,0.0900,-0.0543
0.2000,301.2000,0.0320,0.0900,-0.0624
0.2000,301.2000,0.0340,0.0900,-0.0706
0.2000,301.2000,0.0360,0.0900,-0.0787
0.2000,301.2000,0.0380,0.0900,-0.0868
0.2000,301.2000,0.0400,0.0900,-0.0949
0.2000,301.2000,0.0420,0.0900,-0.1030
0.2000,301.2000,0.0440,0.0900,-0.1112
0.2000,301.2000,0.0460,0.0900,-0.1193
0.2000,301.2000,0.0480,0.0900,-0.1274
0.2000,301.2000,0.0500,0.0900,-0.1354
0.2000,301.2000,0.0520,0.0900,-0.1426
0.2000,301.2000,0.0540,0.0900,-0.1497
0.2000,301.2000,0.0560,0.0900,-0.1568
0.2000,301.2000,0.0580,0.0900,-0.1640
0.2000,301.2000,0.0600,0.0900,-0.1711
0.2000,301.2000,0.0620,0.0900,-0.1783
0.2000,301.2000,0.0640,0.0900,-0.1854
0.2000,301.2000,0.0660,0.0900,-0.1926
0.2000,301.2000,0.0680,0.0900,-0.1997
0.2000,301.2000,0.0700,0.0900,-0.2068
0.2000,301.2000,0.0720,0.0900,-0.2140
0.2000,301.2000,0.0740,0.0900,-0.2211
0.2000,301.2000,0.0760,0.0900,-0.2283
0.2000,301.2000,0.0780,0.0900,-0.2354
0.2000,301.2000,0.0800,0.0900,-0.2425
0.2000,301.2000,0.0000,0.0950,0.0828
0.2000,301.2000,0.0020,0.0950,0.0739
0.2000,301.2000,0.0040,0.0950,0.0649
0.2000,301.2000,0.0060,0.0950,0.0560
0.2000,301.2000,0.0080,0.0950,0.0471
0.2000,301.2000,0.0100,0.0950,0.0382
0.2000,301.2000,0.0120,0.0950,0.0293
0.2000,301.2000,0.0140,0.0950,0.0204
0.2000,301.2000,0.0160,0.0950,0.0115
0.2000,301.2000,0.0180,0.0950,0.0030
0.2000,301.2000,0.0200,0.0950,-0.0051
0.2000,301.2000,0.0220,0.0950,-0.0132
0.2000,301.2000,0.0240,0.0950,-0.0214
0.2000,301.2000,0.0260,0.0950,-0.0295
0.2000,301.2000,0.0280,0.0950,-0.0376
0.2000,301.2000,0.0300,0.0950,-0.0457
0.2000,301.2000,0.0320,0.0950,-0.0539
0.2000,301.2000,0.0340,0.0950,-0.0620
0.2000,301.2000,0.0360,0.0950,-0.0701
0.2000,301.2000,0.0380,0.0950,-0.0782
0.2000,301.2000,0.0400,0.0950,-0.0863
0.2000,301.2000,0.0420,0.0950,-0.0945
0.2000,301.2000,0.0440,0.0950,-0.1026
0.2000,301.2000,0.0460,0.0950,-0.1107
0.2000,301.2000,0.0480,0.0950,-0.1188
0.2000,301.2000,0.0500,0.0950,-0.1263
0.2000,301.2000,0.0520,0.0950,-0.1334
0.2000,301.2000,0.0540,0.0950,-0.1406
0.2000,301.2000,0.0560,0.0950,-0.1477
0.2000,301.2000,0.0580,0.0950,-0.1549
0.2000,301.2000,0.0600,0.0950,-0.1620
0.2000,301.2000,0.0620,0.0950,-0.1691
0.2000,301.2000,0.0640,0.0950,-0.1763
0.2000,301.2000,0.0660,0.0950,-0.1834
0.2000,301.2000,0.0680,0.0950,-0.1906
0.2000,301.2000,0.0700,0.0950,-0.1977
0.2000,301.2000,0.0720,0.0950,-0.2048
0.2000,301.2000,0.0740,0.0950,-0.2120
0.2000,301.2000,0.0760,0.0950,-0.2191
0.2000,301.2000,0.0780,0.0950,-0.2263
0.2000,301.2000,0.0800,0.0950,-0.2334
0.2000,301.2000,0.0000,0.1000,0.0908
0.2000,301.2000,0.0020,0.1000,0.0819
0.2000,301.2000,0.0040,0.1000,0.0730
0.2000,301.2000,0.0060,0.1000,0.0641
0.2000,301.2000,0.0080,0.1000,0.0552
0.2000,301.2000,0.0100,0.1000,0.0463
0.2000,301.2000,0.0120,0.1000,0.0374
0.2000,301.2000,0.0140,0.1000,0.0285
0.2000,301.2000,0.0160,0.1000,0.0197
0.2000,301.2000,0.0180,0.1000,0.0116
0.2000,301.2000,0.0200,0.1000,0.0035
0.2000,301.2000,0.0220,0.1000,-0.0047
0.2000,301.2000,0.0240,0.1000,-0.0128
0.2000,301.2000,0.0260,0.1000,-0.0209
0.2000,301.2000,0.0280,0.1000,-0.0290
0.2000,301.2000,0.0300,0.1000,-0.0371
0.2000,301.2000,0.0320,0.1000,-0.0453
0.2000,301.2000,0.0340,0.1000,-0.0534
0.2000,301.2000,0.0360,0.1000,-0.0615
0.2000,301.2000,0.0380,0.1000,-0.0696
0.2000,301.2000,0.0400,0.1000,-0.0778
0.2000,301.2000,0.0420,0.1000,-0.0859
0.2000,301.2000,0.0440,0.1000,-0.0940
0.2000,301.2000,0.0460,0.1000,-0.1021
0.2000,301.2000,0.0480,0.1000,-0.1100
0.2000,301.2000,0.0500,0.1000,-0.1172
0.2000,301.2000,0.0520,0.1000,-0.1243
0.2000,301.2000,0.0540,0.1000,-0.1314
0.2000,301.2000,0.0560,0.1000,-0.1386
0.2000,301.2000,0.0580,0.1000,-0.1457
0.2000,301.2000,0.0600,0.1000,-0.1529
0.2000,301.2000,0.0620,0.1000,-0.1600
0.2000,301.2000,0.0640,0.1000,-0.1671
0.2000,301.2000,0.0660,0.1000,-0.1743
0.2000,301.2000,0.0680,0.1000,-0.1814
0.2000,301.2000,0.0700,0.1000,-0.1886
0.2000,301.2000,0.0720,0.1000,-0.1957
0.2000,301.2000,0.0740,0.1000,-0.2029
0.2000,301.2000,0.0760,0.1000,-0.2100
0.2000,301.2000,0.0780,0.1000,-0.2171
0.2000,301.2000,0.0800,0.1000,-0.2243
0.2000,301.2000,0.0000,0.1050,0.0988
0.2000,301.2000,0.0020,0.1050,0.0899
0.2000,301.2000,0.0040,0.1050,0.0810
0.2000,301.2000,0.0060,0.1050,0.0721
0.2000,301.2000,0.0080,0.1050,0.0632
0.2000,301.2000,0.0100,0.1050,0.0543
0.2000,301.2000,0.0120,0.1050,0.0454
0.2000,301.2000,0.0140,0.1050,0.0365
0.2000,301.2000,0.0160,0.1050,0.0283
0.2000,301.2000,0.0180,0.1050,0.0202
0.2000,301.2000,0.0200,0.1050,0.0120
0.2000,301.2000,0.0220,0.1050,0.0039
0.2000,301.2000,0.0240,0.1050,-0.0042
0.2000,301.2000,0.0260,0.1050,-0.0123
0.2000,301.2000,0.0280,0.1050,-0.0204
0.2000,301.2000,0.0300,0.1050,-0.0286
0.2000,301.2000,0.0320,0.1050,-0.0367
0.2000,301.2000,0.0340,0.1050,-0.0448
0.2000,301.2000,0.0360,0.1050,-0.0529
0.2000,301.2000,0.0380,0.1050,-0.0611
0.2000,301.2000,0.0400,0.1050,-0.0692
0.2000,301.2000,0.0420,0.1050,-0.0773
0.2000,301.2000,0.0440,0.1050,-0.0854
0.2000,301.2000,0.0460,0.1050,-0.0935
0.2000,301.2000,0.0480,0.1050,-0.1009
0.2000,301.2000,0.0500,0.1050,-0.1080
0.2000,301.2000,0.0520,0.1050,-0.1152
0.2000,301.2000,0.0540,0.1050,-0.1223
0.2000,301.2000,0.0560,0.1050,-0.1294
0.2000,301.2000,0.0580,0.1050,-0.1366
0.2000,301.2000,0.0600,0.1050,-0.1437
0.2000,301.2000,0.0620,0.1050,-0.1509
0.2000,301.2000,0.0640,0.1050,-0.1580
0.2000,301.2000,0.0660,0.1050,-0.1652
0.2000,301.2000,0.0680,0.1050,-0.1723
0.2000,301.2000,0.0700,0.1050,-0.1794
0.2000,301.2000,0.0720,0.1050,-0.1866
0.2000,301.2000,0.0740,0.1050,-0.1937
0.2000,301.2000,0.0760,0.1050,-0.2009
0.2000,301.2000,0.0780,0.1050,-0.2080
0.2000,301.2000,0.0800,0.1050,-0.2151
0.2000,301.2000,0.0000,0.1100,0.1068
0.2000,301.2000,0.0020,0.1100,0.0979
0.2000,301.2000,0.0040,0.1100,0.0890
0.2000,301.2000,0.0060,0.1100,0.0801
0.2000,301.2000,0.0080,0.1100,0.0712
0.2000,301.2000,0.0100,0.1100,0.0623
0.2000,301.2000,0.0120,0.1100,0.0534
0.2000,301.2000,0.0140,0.1100,0.0450
0.2000,301.2000,0.0160,0.1100,0.0369
0.2000,301.2000,0.0180,0.1100,0.0287
0.2000,301.2000,0.0200,0.1100,0.0206
0.2000,301.2000,0.0220,0.1100,0.0125
0.2000,301.2000,0.0240,0.1100,0.0044
0.2000,301.2000,0.0260,0.1100,-0.0037
0.2000,301.2000,0.0280,0.1100,-0.0119
0.2000,301.2000,0.0300,0.1100,-0.0200
0.2000,301.2000,0.0320,0.1100,-0.0281
0.2000,301.2000,0.0340,0.1100,-0.0362
0.2000,301.2000,0.0360,0.1100,-0.0444
0.2000,301.2000,0.0380,0.1100,-0.0525
0.2000,301.2000,0.0400,0.1100,-0.0606
0.2000,301.2000,0.0420,0.1100,-0.0687
0.2000,301.2000,0.0440,0.1100,-0.0768
0.2000,301.2000,0.0460,0.1100,-0.0846
0.2000,301.2000,0.0480,0.1100,-0.0917
0.2000,301.2000,0.0500,0.1100,-0.0989
0.2000,301.2000,0.0520,0.1100,-0.1060
0.2000,301.2000,0.0540,0.1100,-0.1132
0.2000,301.2000,0.0560,0.1100,-0.1203
0.2000,301.2000,0.0580,0.1100,-0.1275
0.2000,301.2000,0.0600,0.1100,-0.1346
0.2000,301.2000,0.0620,0.1100,-0.1417
0.2000,301.2000,0.0640,0.1100,-0.1489
0.2000,301.2000,0.0660,0.1100,-0.1560
0.2000,301.2000,0.0680,0.1100,-0.1632
0.2000,301.2000,0.0700,0.1100,-0.1703
0.2000,301.2000,0.0720,0.1100,-0.1774
0.2000,301.2000,0.0740,0.1100,-0.1846
0.2000,301.2000,0.0760,0.1100,-0.1917
0.2000,301.2000,0.0780,0.1100,-0.1989
0.2000,301.2000,0.0800,0.1100,-0.2060
0.2000,301.2000,0.0000,0.1150,0.1148
0.2000,301.2000,0.0020,0.1150,0.1059
0.2000,301.2000,0.0040,0.1150,0.0970
0.2000,301.2000,0.0060,0.1150,0.0881
0.2000,301.2000,0.0080,0.1150,0.0792
0.2000,301.2000,0.0100,0.1150,0.0703
0.2000,301.2000,0.0120,0.1150,0.0617
0.2000,301.2000,0.0140,0.1150,0.0536
0.2000,301.2000,0.0160,0.1150,0.0454
0.2000,301.2000,0.0180,0.1150,0.0373
0.2000,301.2000,0.0200,0.1150,0.0292
0.2000,301.2000,0.0220,0.1150,0.0211
0.2000,301.2000,0.0240,0.1150,0.0130
0.2000,301.2000,0.0260,0.1150,0.0048
0.2000,301.2000,0.0280,0.1150,-0.0033
0.2000,301.2000,0.0300,0.1150,-0.0114
0.2000,301.2000,0.0320,0.1150,-0.0195
0.2000,301.2000,0.0340,0.1150,-0.0277
0.2000,301.2000,0.0360,0.1150,-0.0358
0.2000,301.2000,0.0380,0.1150,-0.0439
0.2000,301.2000,0.0400,0.1150,-0.0520
0.2000,301.2000,0.0420,0.1150,-0.0601
0.2000,301.2000,0.0440,0.1150,-0.0683
0.2000,301.2000,0.0460,0.1150,-0.0755
0.2000,301.2000,0.0480,0.1150,-0.0826
0.2000,301.2000,0.0500,0.1150,-0.0898
0.2000,301.2000,0.0520,0.1150,-0.0969
0.2000,301.2000,0.0540,0.1150,-0.1040
0.2000,301.2000,0.0560,0.1150,-0.1112
0.2000,301.2000,0.0580,0.1150,-0.1183
0.2000,301.2000,0.0600,0.1150,-0.1255
0.2000,301.2000,0.0620,0.1150,-0.1326
0.2000,301.2000,0.0640,0.1150,-0.1397
0.2000,301.2000,0.0660,0.1150,-0.1469
0.2000,301.2000,0.0680,0.1150,-0.1540
0.2000,301.2000,0.0700,0.1150,-0.1612
0.2000,301.2000,0.0720,0.1150,-0.1683
0.2000,301.2000,0.0740,0.1150,-0.1755
0.2000,301.2000,0.0760,0.1150,-0.1826
0.2000,301.2000,0.0780,0.1150,-0.1897
0.2000,301.2000,0.0800,0.1150,-0.1969
0.2000,301.2000,0.0000,0.1200,0.1228
0.2000,301.2000,0.0020,0.1200,0.1139
0.2000,301.2000,0.0040,0.1200,0.1050
0.2000,301.2000,0.0060,0.1200,0.0961
0.2000,301.2000,0.0080,0.1200,0.0872
0.2000,301.2000,0.0100,0.1200,0.0784
0.2000,301.2000,0.0120,0.1200,0.0703
0.2000,301.2000,0.0140,0.1200,0.0621
0.2000,301.2000,0.0160,0.1200,0.0540
0.2000,301.2000,0.0180,0.1200,0.0459
0.2000,301.2000,0.0200,0.1200,0.0378
0.2000,301.2000,0.0220,0.1200,0.0297
0.2000,301.2000,0.0240,0.1200,0.0215
0.2000,301.2000,0.0260,0.1200,0.0134
0.2000,301.2000,0.0280,0.1200,0.0053
0.2000,301.2000,0.0300,0.1200,-0.0028
0.2000,301.2000,0.0320,0.1200,-0.0110
0.2000,301.2000,0.0340,0.1200,-0.0191
0.2000,301.2000,0.0360,0.1200,-0.0272
0.2000,301.2000,0.0380,0.1200,-0.0353
0.2000,301.2000,0.0400,0.1200,-0.0434
0.2000,301.2000,0.0420,0.1200,-0.0516
0.2000,301.2000,0.0440,0.1200,-0.0592
0.2000,301.2000,0.0460,0.1200,-0.0663
0.2000,301.2000,0.0480,0.1200,-0.0735
0.2000,301.2000,0.0500,0.1200,-0.0806
0.2000,301.2000,0.0520,0.1200,-0.0878
0.2000,301.2000,0.0540,0.1200,-0.0949
0.2000,301.2000,0.0560,0.1200,-0.1020
0.2000,301.2000,0.0580,0.1200,-0.1092
0.2000,301.2000,0.0600,0.1200,-0.1163
0.2000,301.2000,0.0620,0.1200,-0.1235
0.2000,301.2000,0.0640,0.1200,-0.1306
0.2000,301.2000,0.0660,0.1200,-0.1378
0.2000,301.2000,0.0680,0.1200,-0.1449
0.2000,301.2000,0.0700,0.1200,-0.1520
0.2000,301.2000,0.0720,0.1200,-0.1592
0.2000,301.2000,0.0740,0.1200,-0.1663
0.2000,301.2000,0.0760,0.1200,-0.1735
0.2000,301.2000,0.0780,0.1200,-0.1806
0.2000,301.2000,0.0800,0.1200,-0.1877
0.2000,301.2000,0.0000,0.1250,0.1309
0.2000,301.2000,0.0020,0.1250,0.1220
0.2000,301.2000,0.0040,0.1250,0.1130
0.2000,301.2000,0.0060,0.1250,0.1041
0.2000,301.2000,0.0080,0.1250,0.0952
0.2000,301.2000,0.0100,0.1250,0.0870
0.2000,301.2000,0.0120,0.1250,0.0788
0.2000,301.2000,0.0140,0.1250,0.0707
0.2000,301.2000,0.0160,0.1250,0.0626
0.2000,301.2000,0.0180,0.1250,0.0545
0.2000,301.2000,0.0200,0.1250,0.0464
0.2000,301.2000,0.0220,0.1250,0.0382
0.2000,301.2000,0.0240,0.1250,0.0301
0.2000,301.2000,0.0260,0.1250,0.0220
0.2000,301.2000,0.0280,0.1250,0.0139
0.2000,301.2000,0.0300,0.1250,0.0057
0.2000,301.2000,0.0320,0.1250,-0.0024
0.2000,301.2000,0.0340,0.1250,-0.0105
0.2000,301.2000,0.0360,0.1250,-0.0186
0.2000,301.2000,0.0380,0.1250,-0.0267
0.2000,301.2000,0.0400,0.1250,-0.0349
0.2000,301.2000,0.0420,0.1250,-0.0429
0.2000,301.2000,0.0440,0.1250,-0.0501
0.2000,301.2000,0.0460,0.1250,-0.0572
0.2000,301.2000,0.0480,0.1250,-0.0643
0.2000,301.2000,0.0500,0.1250,-0.0715
0.2000,301.2000,0.0520,0.1250,-0.0786
0.2000,301.2000,0.0540,0.1250,-0.0858
0.2000,301.2000,0.0560,0.1250,-0.0929
0.2000,301.2000,0.0580,0.1250,-0.1001
0.2000,301.2000,0.0600,0.1250,-0.1072
0.2000,301.2000,0.0620,0.1250,-0.1143
0.2000,301.2000,0.0640,0.1250,-0.1215
0.2000,301.2000,0.0660,0.1250,-0.1286
0.2000,301.2000,0.0680,0.1250,-0.1358
0.2000,301.2000,0.0700,0.1250,-0.1429
0.2000,301.2000,0.0720,0.1250,-0.1500
0.2000,301.2000,0.0740,0.1250,-0.1572
0.2000,301.2000,0.0760,0.1250,-0.1643
0.2000,301.2000,0.0780,0.1250,-0.1715
0.2000,301.2000,0.0800,0.1250,-0.1786
0.2000,301.2000,0.0000,0.1300,0.1389
0.2000,301.2000,0.0020,0.1300,0.1300
0.2000,301.2000,0.0040,0.1300,0.1211
0.2000,301.2000,0.0060,0.1300,0.1122
0.2000,301.2000,0.0080,0.1300,0.1037
0.2000,301.2000,0.0100,0.1300,0.0956
0.2000,301.2000,0.0120,0.1300,0.0874
0.2000,301.2000,0.0140,0.1300,0.0793
0.2000,301.2000,0.0160,0.1300,0.0712
0.2000,301.2000,0.0180,0.1300,0.0631
0.2000,301.2000,0.0200,0.1300,0.0549
0.2000,301.2000,0.0220,0.1300,0.0468
0.2000,301.2000,0.0240,0.1300,0.0387
0.2000,301.2000,0.0260,0.1300,0.0306
0.2000,301.2000,0.0280,0.1300,0.0225
0.2000,301.2000,0.0300,0.1300,0.0143
0.2000,301.2000,0.0320,0.1300,0.0062
0.2000,301.2000,0.0340,0.1300,-0.0019
0.2000,301.2000,0.0360,0.1300,-0.0100
0.2000,301.2000,0.0380,0.1300,-0.0182
0.2000,301.2000,0.0400,0.1300,-0.0263
0.2000,301.2000,0.0420,0.1300,-0.0338
0.2000,301.2000,0.0440,0.1300,-0.0409
0.2000,301.2000,0.0460,0.1300,-0.0481
0.2000,301.2000,0.0480,0.1300,-0.0552
0.2000,301.2000,0.0500,0.1300,-0.0624
0.2000,301.2000,0.0520,0.1300,-0.0695
0.2000,301.2000,0.0540,0.1300,-0.0766
0.2000,301.2000,0.0560,0.1300,-0.0838
0.2000,301.2000,0.0580,0.1300,-0.0909
0.2000,301.2000,0.0600,0.1300,-0.0981
0.2000,301.2000,0.0620,0.1300,-0.1052
0.2000,301.2000,0.0640,0.1300,-0.1123
0.2000,301.2000,0.0660,0.1300,-0.1195
0.2000,301.2000,0.0680,0.1300,-0.1266
0.2000,301.2000,0.0700,0.1300,-0.1338
0.2000,301.2000,0.0720,0.1300,-0.1409
0.2000,301.2000,0.0740,0.1300,-0.1481
0.2000,301.2000,0.0760,0.1300,-0.1552
0.2000,301.2000,0.0780,0.1300,-0.1623
0.2000,301.2000,0.0800,0.1300,-0.1695
0.2000,301.2000,0.0000,0.1350,0.1469
0.2000,301.2000,0.0020,0.1350,0.1380
0.2000,301.2000,0.0040,0.1350,0.1291
0.2000,301.2000,0.0060,0.1350,0.1204
0.2000,301.2000,0.0080,0.1350,0.1123
0.2000,301.2000,0.0100,0.1350,0.1041
0.2000,301.2000,0.0120,0.1350,0.0960
0.2000,301.2000,0.0140,0.1350,0.0879
0.2000,301.2000,0.0160,0.1350,0.0798
0.2000,301.2000,0.0180,0.1350,0.0716
0.2000,301.2000,0.0200,0.1350,0.0635
0.2000,301.2000,0.0220,0.1350,0.0554
0.2000,301.2000,0.0240,0.1350,0.0473
0.2000,301.2000,0.0260,0.1350,0.0392
0.2000,301.2000,0.0280,0.1350,0.0310
0.2000,301.2000,0.0300,0.1350,0.0229
0.2000,301.2000,0.0320,0.1350,0.0148
0.2000,301.2000,0.0340,0.1350,0.0067
0.2000,301.2000,0.0360,0.1350,-0.0015
0.2000,301.2000,0.0380,0.1350,-0.0096
0.2000,301.2000,0.0400,0.1350,-0.0175
0.2000,301.2000,0.0420,0.1350,-0.0247
0.2000,301.2000,0.0440,0.1350,-0.0318
0.2000,301.2000,0.0460,0.1350,-0.0389
0.2000,301.2000,0.0480,0.1350,-0.0461
0.2000,301.2000,0.0500,0.1350,-0.0532
0.2000,301.2000,0.0520,0.1350,-0.0604
0.2000,301.2000,0.0540,0.1350,-0.0675
0.2000,301.2000,0.0560,0.1350,-0.0746
0.2000,301.2000,0.0580,0.1350,-0.0818
0.2000,301.2000,0.0600,0.1350,-0.0889
0.2000,301.2000,0.0620,0.1350,-0.0961
0.2000,301.2000,0.0640,0.1350,-0.1032
0.2000,301.2000,0.0660,0.1350,-0.1104
0.2000,301.2000,0.0680,0.1350,-0.1175
0.2000,301.2000,0.0700,0.1350,-0.1246
0.2000,301.2000,0.0720,0.1350,-0.1318
0.2000,301.2000,0.0740,0.1350,-0.1389
0.2000,301.2000,0.0760,0.1350,-0.1461
0.2000,301.2000,0.0780,0.1350,-0.1532
0.2000,301.2000,0.0800,0.1350,-0.1603
0.2000,301.2000,0.0000,0.1400,0.1549
0.2000,301.2000,0.0020,0.1400,0.1460
0.2000,301.2000,0.0040,0.1400,0.1371
0.2000,301.2000,0.0060,0.1400,0.1290
0.2000,301.2000,0.0080,0.1400,0.1208
0.2000,301.2000,0.0100,0.1400,0.1127
0.2000,301.2000,0.0120,0.1400,0.1046
0.2000,301.2000,0.0140,0.1400,0.0965
0.2000,301.2000,0.0160,0.1400,0.0883
0.2000,301.2000,0.0180,0.1400,0.0802
0.2000,301.2000,0.0200,0.1400,0.0721
0.2000,301.2000,0.0220,0.1400,0.0640
0.2000,301.2000,0.0240,0.1400,0.0559
0.2000,301.2000,0.0260,0.1400,0.0477
0.2000,301.2000,0.0280,0.1400,0.0396
0.2000,301.2000,0.0300,0.1400,0.0315
0.2000,301.2000,0.0320,0.1400,0.0234
0.2000,301.2000,0.0340,0.1400,0.0152
0.2000,301.2000,0.0360,0.1400,0.0071
0.2000,301.2000,0.0380,0.1400,-0.0010
0.2000,301.2000,0.0400,0.1400,-0.0084
0.2000,301.2000,0.0420,0.1400,-0.0155
0.2000,301.2000,0.0440,0.1400,-0.0227
0.2000,301.2000,0.0460,0.1400,-0.0298
0.2000,301.2000,0.0480,0.1400,-0.0369
0.2000,301.2000,0.0500,0.1400,-0.0441
0.2000,301.2000,0.0520,0.1400,-0.0512
0.2000,301.2000,0.0540,0.1400,-0.0584
0.2000,301.2000,0.0560,0.1400,-0.0655
0.2000,301.2000,0.0580,0.1400,-0.0727
0.2000,301.2000,0.0600,0.1400,-0.0798
0.2000,301.2000,0.0620,0.1400,-0.0869
0.2000,301.2000,0.0640,0.1400,-0.0941
0.2000,301.2000,0.0660,0.1400,-0.1012
0.2000,301.2000,0.0680,0.1400,-0.1084
0.2000,301.2000,0.0700,0.1400,-0.1155
0.2000,301.2000,0.0720,0.1400,-0.1226
0.2000,301.2000,0.0740,0.1400,-0.1298
0.2000,301.2000,0.0760,0.1400,-0.1369
0.2000,301.2000,0.0780,0.1400,-0.1441
0.2000,301.2000,0.0800,0.1400,-0.1512
0.2000,301.2000,0.0000,0.1450,0.1629
0.2000,301.2000,0.0020,0.1450,0.1540
0.2000,301.2000,0.0040,0.1450,0.1457
0.2000,301.2000,0.0060,0.1450,0.1375
0.2000,301.2000,0.0080,0.1450,0.1294
0.2000,301.2000,0.0100,0.1450,0.1213
0.2000,301.2000,0.0120,0.1450,0.1132
0.2000,301.2000,0.0140,0.1450,0.1050
0.2000,301.2000,0.0160,0.1450,0.0969
0.2000,301.2000,0.0180,0.1450,0.0888
0.2000,301.2000,0.0200,0.1450,0.0807
0.2000,301.2000,0.0220,0.1450,0.0726
0.2000,301.2000,0.0240,0.1450,0.0644
0.2000,301.2000,0.0260,0.1450,0.0563
0.2000,301.2000,0.0280,0.1450,0.0482
0.2000,301.2000,0.0300,0.1450,0.0401
0.2000,301.2000,0.0320,0.1450,0.0319
0.2000,301.2000,0.0340,0.1450,0.0238
0.2000,301.2000,0.0360,0.1450,0.0157
0.2000,301.2000,0.0380,0.1450,0.0079
0.2000,301.2000,0.0400,0.1450,0.0007
0.2000,301.2000,0.0420,0.1450,-0.0064
0.2000,301.2000,0.0440,0.1450,-0.0135
0.2000,301.2000,0.0460,0.1450,-0.0207
0.2000,301.2000,0.0480,0.1450,-0.0278
0.2000,301.2000,0.0500,0.1450,-0.0350
0.2000,301.2000,0.0520,0.1450,-0.0421
0.2000,301.2000,0.0540,0.1450,-0.0492
0.2000,301.2000,0.0560,0.1450,-0.0564
0.2000,301.2000,0.0580,0.1450,-0.0635
0.2000,301.2000,0.0600,0.1450,-0.0707
0.2000,301.2000,0.0620,0.1450,-0.0778
0.2000,301.2000,0.0640,0.1450,-0.0849
0.2000,301.2000,0.0660,0.1450,-0.0921
0.2000,301.2000,0.0680,0.1450,-0.0992
0.2000,301.2000,0.0700,0.1450,-0.1064
0.2000,301.2000,0.0720,0.1450,-0.1135
0.2000,301.2000,0.0740,0.1450,-0.1207
0.2000,301.2000,0.0760,0.1450,-0.1278
0.2000,301.2000,0.0780,0.1450,-0.1349
0.2000,301.2000,0.0800,0.1450,-0.1421
0.2000,301.2000,0.0000,0.1500,0.1709
0.2000,301.2000,0.0020,0.1500,0.1624
0.2000,301.2000,0.0040,0.1500,0.1542
0.2000,301.2000,0.0060,0.1500,0.1461
0.2000,301.2000,0.0080,0.1500,0.1380
0.2000,301.2000,0.0100,0.1500,0.1299
0.2000,301.2000,0.0120,0.1500,0.1217
0.2000,301.2000,0.0140,0.1500,0.1136
0.2000,301.2000,0.0160,0.1500,0.1055
0.2000,301.2000,0.0180,0.1500,0.0974
0.2000,301.2000,0.0200,0.1500,0.0893
0.2000,301.2000,0.0220,0.1500,0.0811
0.2000,301.2000,0.0240,0.1500,0.0730
0.2000,301.2000,0.0260,0.1500,0.0649
0.2000,301.2000,0.0280,0.1500,0.0568
0.2000,301.2000,0.0300,0.1500,0.0486
0.2000,301.2000,0.0320,0.1500,0.0405
0.2000,301.2000,0.0340,0.1500,0.0324
0.2000,301.2000,0.0360,0.1500,0.0243
0.2000,301.2000,0.0380,0.1500,0.0170
0.2000,301.2000,0.0400,0.1500,0.0099
0.2000,301.2000,0.0420,0.1500,0.0027
0.2000,301.2000,0.0440,0.1500,-0.0044
0.2000,301.2000,0.0460,0.1500,-0.0115
0.2000,301.2000,0.0480,0.1500,-0.0187
0.2000,301.2000,0.0500,0.1500,-0.0258
0.2000,301.2000,0.0520,0.1500,-0.0330
0.2000,301.2000,0.0540,0.1500,-0.0401
0.2000,301.2000,0.0560,0.1500,-0.0473
0.2000,301.2000,0.0580,0.1500,-0.0544
0.2000,301.2000,0.0600,0.1500,-0.0615
0.2000,301.2000,0.0620,0.1500,-0.0687
0.2000,301.2000,0.0640,0.1500,-0.0758
0.2000,301.2000,0.0660,0.1500,-0.0830
0.2000,301.2000,0.0680,0.1500,-0.0901
0.2000,301.2000,0.0700,0.1500,-0.0972
0.2000,301.2000,0.0720,0.1500,-0.1044
0.2000,301.2000,0.0740,0.1500,-0.1115
0.2000,301.2000,0.0760,0.1500,-0.1187
0.2000,301.2000,0.0780,0.1500,-0.1258
0.2000,301.2000,0.0800,0.1500,-0.1329
0.2000,301.2000,0.0000,0.1550,0.1791
0.2000,301.2000,0.0020,0.1550,0.1709
0.2000,301.2000,0.0040,0.1550,0.1628
0.2000,301.2000,0.0060,0.1550,0.1547
0.2000,301.2000,0.0080,0.1550,0.1466
0.2000,301.2000,0.0100,0.1550,0.1384
0.2000,301.2000,0.0120,0.1550,0.1303
0.2000,301.2000,0.0140,0.1550,0.1222
0.2000,301.2000,0.0160,0.1550,0.1141
0.2000,301.2000,0.0180,0.1550,0.1060
0.2000,301.2000,0.0200,0.1550,0.0978
0.2000,301.2000,0.0220,0.1550,0.0897
0.2000,301.2000,0.0240,0.1550,0.0816
0.2000,301.2000,0.0260,0.1550,0.0735
0.2000,301.2000,0.0280,0.1550,0.0654
0.2000,301.2000,0.0300,0.1550,0.0572
0.2000,301.2000,0.0320,0.1550,0.0491
0.2000,301.2000,0.0340,0.1550,0.0410
0.2000,301.2000,0.0360,0.1550,0.0333
0.2000,301.2000,0.0380,0.1550,0.0262
0.2000,301.2000,0.0400,0.1550,0.0190
0.2000,301.2000,0.0420,0.1550,0.0119
0.2000,301.2000,0.0440,0.1550,0.0047
0.2000,301.2000,0.0460,0.1550,-0.0024
0.2000,301.2000,0.0480,0.1550,-0.0096
0.2000,301.2000,0.0500,0.1550,-0.0167
0.2000,301.2000,0.0520,0.1550,-0.0238
0.2000,301.2000,0.0540,0.1550,-0.0310
0.2000,301.2000,0.0560,0.1550,-0.0381
0.2000,301.2000,0.0580,0.1550,-0.0453
0.2000,301.2000,0.0600,0.1550,-0.0524
0.2000,301.2000,0.0620,0.1550,-0.0595
0.2000,301.2000,0.0640,0.1550,-0.0667
0.2000,301.2000,0.0660,0.1550,-0.0738
0.2000,301.2000,0.0680,0.1550,-0.0810
0.2000,301.2000,0.0700,0.1550,-0.0881
0.2000,301.2000,0.0720,0.1550,-0.0953
0.2000,301.2000,0.0740,0.1550,-0.1024
0.2000,301.2000,0.0760,0.1550,-0.1095
0.2000,301.2000,0.0780,0.1550,-0.1167
0.2000,301.2000,0.0800,0.1550,-0.1238
0.2000,301.2000,0.0000,0.1600,0.1876
0.2000,301.2000,0.0020,0.1600,0.1795
0.2000,301.2000,0.0040,0.1600,0.1714
0.2000,301.2000,0.0060,0.1600,0.1633
0.2000,301.2000,0.0080,0.1600,0.1552
0.2000,301.2000,0.0100,0.1600,0.1470
0.2000,301.2000,0.0120,0.1600,0.1389
0.2000,301.2000,0.0140,0.1600,0.1308
0.2000,301.2000,0.0160,0.1600,0.1227
0.2000,301.2000,0.0180,0.1600,0.1145
0.2000,301.2000,0.0200,0.1600,0.1064
0.2000,301.2000,0.0220,0.1600,0.0983
0.2000,301.2000,0.0240,0.1600,0.0902
0.2000,301.2000,0.0260,0.1600,0.0821
0.2000,301.2000,0.0280,0.1600,0.0739
0.2000,301.2000,0.0300,0.1600,0.0658
0.2000,301.2000,0.0320,0.1600,0.0577
0.2000,301.2000,0.0340,0.1600,0.0496
0.2000,301.2000,0.0360,0.1600,0.0424
0.2000,301.2000,0.0380,0.1600,0.0353
0.2000,301.2000,0.0400,0.1600,0.0281
0.2000,301.2000,0.0420,0.1600,0.0210
0.2000,301.2000,0.0440,0.1600,0.0139
0.2000,301.2000,0.0460,0.1600,0.0067
0.2000,301.2000,0.0480,0.1600,-0.0004
0.2000,301.2000,0.0500,0.1600,-0.0076
0.2000,301.2000,0.0520,0.1600,-0.0147
0.2000,301.2000,0.0540,0.1600,-0.0218
0.2000,301.2000,0.0560,0.1600,-0.0290
0.2000,301.2000,0.0580,0.1600,-0.0361
0.2000,301.2000,0.0600,0.1600,-0.0433
0.2000,301.2000,0.0620,0.1600,-0.0504
0.2000,301.2000,0.0640,0.1600,-0.0576
0.2000,301.2000,0.0660,0.1600,-0.0647
0.2000,301.2000,0.0680,0.1600,-0.0718
0.2000,301.2000,0.0700,0.1600,-0.0790
0.2000,301.2000,0.0720,0.1600,-0.0861
0.2000,301.2000,0.0740,0.1600,-0.0933
0.2000,301.2000,0.0760,0.1600,-0.1004
0.2000,301.2000,0.0780,0.1600,-0.1075
0.2000,301.2000,0.0800,0.1600,-0.1147
0.2000,301.2000,0.0000,0.1650,0.1962
0.2000,301.2000,0.0020,0.1650,0.1881
0.2000,301.2000,0.0040,0.1650,0.1800
0.2000,301.2000,0.0060,0.1650,0.1719
0.2000,301.2000,0.0080,0.1650,0.1637
0.2000,301.2000,0.0100,0.1650,0.1556
0.2000,301.2000,0.0120,0.1650,0.1475
0.2000,301.2000,0.0140,0.1650,0.1394
0.2000,301.2000,0.0160,0.1650,0.1312
0.2000,301.2000,0.0180,0.1650,0.1231
0.2000,301.2000,0.0200,0.1650,0.1150
0.2000,301.2000,0.0220,0.1650,0.1069
0.2000,301.2000,0.0240,0.1650,0.0988
0.2000,301.2000,0.0260,0.1650,0.0906
0.2000,301.2000,0.0280,0.1650,0.0825
0.2000,301.2000,0.0300,0.1650,0.0744
0.2000,301.2000,0.0320,0.1650,0.0663
0.2000,301.2000,0.0340,0.1650,0.0587
0.2000,301.2000,0.0360,0.1650,0.0516
0.2000,301.2000,0.0380,0.1650,0.0444
0.2000,301.2000,0.0400,0.1650,0.0373
0.2000,301.2000,0.0420,0.1650,0.0301
0.2000,301.2000,0.0440,0.1650,0.0230
0.2000,301.2000,0.0460,0.1650,0.0159
0.2000,301.2000,0.0480,0.1650,0.0087
0.2000,301.2000,0.0500,0.1650,0.0016
0.2000,301.2000,0.0520,0.1650,-0.0056
0.2000,301.2000,0.0540,0.1650,-0.0127
0.2000,301.2000,0.0560,0.1650,-0.0199
0.2000,301.2000,0.0580,0.1650,-0.0270
0.2000,301.2000,0.0600,0.1650,-0.0341
0.2000,301.2000,0.0620,0.1650,-0.0413
0.2000,301.2000,0.0640,0.1650,-0.0484
0.2000,301.2000,0.0660,0.1650,-0.0556
0.2000,301.2000,0.0680,0.1650,-0.0627
0.2000,301.2000,0.0700,0.1650,-0.0698
0.2000,301.2000,0.0720,0.1650,-0.0770
0.2000,301.2000,0.0740,0.1650,-0.0841
0.2000,301.2000,0.0760,0.1650,-0.0913
0.2000,301.2000,0.0780,0.1650,-0.0984
0.2000,301.2000,0.0800,0.1650,-0.1056
0.2000,301.2000,0.0000,0.1700,0.2048
0.2000,301.2000,0.0020,0.1700,0.1967
0.2000,301.2000,0.0040,0.1700,0.1886
0.2000,301.2000,0.0060,0.1700,0.1804
0.2000,301.2000,0.0080,0.1700,0.1723
0.2000,301.2000,0.0100,0.1700,0.1642
0.2000,301.2000,0.0120,0.1700,0.1561
0.2000,301.2000,0.0140,0.1700,0.1479
0.2000,301.2000,0.0160,0.1700,0.1398
0.2000,301.2000,0.0180,0.1700,0.1317
0.2000,301.2000,0.0200,0.1700,0.1236
0.2000,301.2000,0.0220,0.1700,0.1155
0.2000,301.2000,0.0240,0.1700,0.1073
0.2000,301.2000,0.0260,0.1700,0.0992
0.2000,301.2000,0.0280,0.1700,0.0911
0.2000,301.2000,0.0300,0.1700,0.0830
0.2000,301.2000,0.0320,0.1700,0.0750
0.2000,301.2000,0.0340,0.1700,0.0678
0.2000,301.2000,0.0360,0.1700,0.0607
0.2000,301.2000,0.0380,0.1700,0.0536
0.2000,301.2000,0.0400,0.1700,0.0464
0.2000,301.2000,0.0420,0.1700,0.0393
0.2000,301.2000,0.0440,0.1700,0.0321
0.2000,301.2000,0.0460,0.1700,0.0250
0.2000,301.2000,0.0480,0.1700,0.0178
0.2000,301.2000,0.0500,0.1700,0.0107
0.2000,301.2000,0.0520,0.1700,0.0036
0.2000,301.2000,0.0540,0.1700,-0.0036
0.2000,301.2000,0.0560,0.1700,-0.0107
0.2000,301.2000,0.0580,0.1700,-0.0179
0.2000,301.2000,0.0600,0.1700,-0.0250
0.2000,301.2000,0.0620,0.1700,-0.0321
0.2000,301.2000,0.0640,0.1700,-0.0393
0.2000,301.2000,0.0660,0.1700,-0.0464
0.2000,301.2000,0.0680,0.1700,-0.0536
0.2000,301.2000,0.0700,0.1700,-0.0607
0.2000,301.2000,0.0720,0.1700,-0.0679
0.2000,301.2000,0.0740,0.1700,-0.0750
0.2000,301.2000,0.0760,0.1700,-0.0821
0.2000,301.2000,0.0780,0.1700,-0.0893
0.2000,301.2000,0.0800,0.1700,-0.0964
0.2000,301.2000,0.0000,0.1750,0.2134
0.2000,301.2000,0.0020,0.1750,0.2053
0.2000,301.2000,0.0040,0.1750,0.1971
0.2000,301.2000,0.0060,0.1750,0.1890
0.2000,301.2000,0.0080,0.1750,0.1809
0.2000,301.2000,0.0100,0.1750,0.1728
0.2000,301.2000,0.0120,0.1750,0.1646
0.2000,301.2000,0.0140,0.1750,0.1565
0.2000,301.2000,0.0160,0.1750,0.1484
0.2000,301.2000,0.0180,0.1750,0.1403
0.2000,301.2000,0.0200,0.1750,0.1322
0.2000,301.2000,0.0220,0.1750,0.1240
0.2000,301.2000,0.0240,0.1750,0.1159
0.2000,301.2000,0.0260,0.1750,0.1078
0.2000,301.2000,0.0280,0.1750,0.0997
0.2000,301.2000,0.0300,0.1750,0.0915
0.2000,301.2000,0.0320,0.1750,0.0841
0.2000,301.2000,0.0340,0.1750,0.0770
0.2000,301.2000,0.0360,0.1750,0.0698
0.2000,301.2000,0.0380,0.1750,0.0627
0.2000,301.2000,0.0400,0.1750,0.0555
0.2000,301.2000,0.0420,0.1750,0.0484
0.2000,301.2000,0.0440,0.1750,0.0413
0.2000,301.2000,0.0460,0.1750,0.0341
0.2000,301.2000,0.0480,0.1750,0.0270
0.2000,301.2000,0.0500,0.1750,0.0198
0.2000,301.2000,0.0520,0.1750,0.0127
0.2000,301.2000,0.0540,0.1750,0.0056
0.2000,301.2000,0.0560,0.1750,-0.0016
0.2000,301.2000,0.0580,0.1750,-0.0087
0.2000,301.2000,0.0600,0.1750,-0.0159
0.2000,301.2000,0.0620,0.1750,-0.0230
0.2000,301.2000,0.0640,0.1750,-0.0302
0.2000,301.2000,0.0660,0.1750,-0.0373
0.2000,301.2000,0.0680,0.1750,-0.0444
0.2000,301.2000,0.0700,0.1750,-0.0516
0.2000,301.2000,0.0720,0.1750,-0.0587
0.2000,301.2000,0.0740,0.1750,-0.0659
0.2000,301.2000,0.0760,0.1750,-0.0730
0.2000,301.2000,0.0780,0.1750,-0.0801
0.2000,301.2000,0.0800,0.1750,-0.0873
0.2000,301.2000,0.0000,0.1800,0.2220
0.2000,301.2000,0.0020,0.1800,0.2138
0.2000,301.2000,0.0040,0.1800,0.2057
0.2000,301.2000,0.0060,0.1800,0.1976
0.2000,301.2000,0.0080,0.1800,0.1895
0.2000,301.2000,0.0100,0.1800,0.1813
0.2000,301.2000,0.0120,0.1800,0.1732
0.2000,301.2000,0.0140,0.1800,0.1651
0.2000,301.2000,0.0160,0.1800,0.1570
0.2000,301.2000,0.0180,0.1800,0.1489
0.2000,301.2000,0.0200,0.1800,0.1407
0.2000,301.2000,0.0220,0.1800,0.1326
0.2000,301.2000,0.0240,0.1800,0.1245
0.2000,301.2000,0.0260,0.1800,0.1164
0.2000,301.2000,0.0280,0.1800,0.1083
0.2000,301.2000,0.0300,0.1800,0.1004
0.2000,301.2000,0.0320,0.1800,0.0932
0.2000,301.2000,0.0340,0.1800,0.0861
0.2000,301.2000,0.0360,0.1800,0.0790
0.2000,301.2000,0.0380,0.1800,0.0718
0.2000,301.2000,0.0400,0.1800,0.0647
0.2000,301.2000,0.0420,0.1800,0.0575
0.2000,301.2000,0.0440,0.1800,0.0504
0.2000,301.2000,0.0460,0.1800,0.0433
0.2000,301.2000,0.0480,0.1800,0.0361
0.2000,301.2000,0.0500,0.1800,0.0290
0.2000,301.2000,0.0520,0.1800,0.0218
0.2000,301.2000,0.0540,0.1800,0.0147
0.2000,301.2000,0.0560,0.1800,0.0075
0.2000,301.2000,0.0580,0.1800,0.0004
0.2000,301.2000,0.0600,0.1800,-0.0067
0.2000,301.2000,0.0620,0.1800,-0.0139
0.2000,301.2000,0.0640,0.1800,-0.0210
0.2000,301.2000,0.0660,0.1800,-0.0282
0.2000,301.2000,0.0680,0.1800,-0.0353
0.2000,301.2000,0.0700,0.1800,-0.0424
0.2000,301.2000,0.0720,0.1800,-0.0496
0.2000,301.2000,0.0740,0.1800,-0.0567
0.2000,301.2000,0.0760,0.1800,-0.0639
0.2000,301.2000,0.0780,0.1800,-0.0710
0.2000,301.2000,0.0800,0.1800,-0.0782
0.2000,301.2000,0.0000,0.1850,0.2305
0.2000,301.2000,0.0020,0.1850,0.2224
0.2000,301.2000,0.0040,0.1850,0.2143
0.2000,301.2000,0.0060,0.1850,0.2062
0.2000,301.2000,0.0080,0.1850,0.1981
0.2000,301.2000,0.0100,0.1850,0.1899
0.2000,301.2000,0.0120,0.1850,0.1818
0.2000,301.2000,0.0140,0.1850,0.1737
0.2000,301.2000,0.0160,0.1850,0.1656
0.2000,301.2000,0.0180,0.1850,0.1574
0.2000,301.2000,0.0200,0.1850,0.1493
0.2000,301.2000,0.0220,0.1850,0.1412
0.2000,301.2000,0.0240,0.1850,0.1331
0.2000,301.2000,0.0260,0.1850,0.1250
0.2000,301.2000,0.0280,0.1850,0.1168
0.2000,301.2000,0.0300,0.1850,0.1095
0.2000,301.2000,0.0320,0.1850,0.1024
0.2000,301.2000,0.0340,0.1850,0.0952
0.2000,301.2000,0.0360,0.1850,0.0881
0.2000,301.2000,0.0380,0.1850,0.0810
0.2000,301.2000,0.0400,0.1850,0.0738
0.2000,301.2000,0.0420,0.1850,0.0667
0.2000,301.2000,0.0440,0.1850,0.0595
0.2000,301.2000,0.0460,0.1850,0.0524
0.2000,301.2000,0.0480,0.1850,0.0452
0.2000,301.2000,0.0500,0.1850,0.0381
0.2000,301.2000,0.0520,0.1850,0.0310
0.2000,301.2000,0.0540,0.1850,0.0238
0.2000,301.2000,0.0560,0.1850,0.0167
0.2000,301.2000,0.0580,0.1850,0.0095
0.2000,301.2000,0.0600,0.1850,0.0024
0.2000,301.2000,0.0620,0.1850,-0.0047
0.2000,301.2000,0.0640,0.1850,-0.0119
0.2000,301.2000,0.0660,0.1850,-0.0190
0.2000,301.2000,0.0680,0.1850,-0.0262
0.2000,301.2000,0.0700,0.1850,-0.0333
0.2000,301.2000,0.0720,0.1850,-0.0405
0.2000,301.2000,0.0740,0.1850,-0.0476
0.2000,301.2000,0.0760,0.1850,-0.0547
0.2000,301.2000,0.0780,0.1850,-0.0619
0.2000,301.2000,0.0800,0.1850,-0.0690
0.2000,301.2000,0.0000,0.1900,0.2391
0.2000,301.2000,0.0020,0.1900,0.2310
0.2000,301.2000,0.0040,0.1900,0.2229
0.2000,301.2000,0.0060,0.1900,0.2148
0.2000,301.2000,0.0080,0.1900,0.2066
0.2000,301.2000,0.0100,0.1900,0.1985
0.2000,301.2000,0.0120,0.1900,0.1904
0.2000,301.2000,0.0140,0.1900,0.1823
0.2000,301.2000,0.0160,0.1900,0.1741
0.2000,301.2000,0.0180,0.1900,0.1660
0.2000,301.2000,0.0200,0.1900,0.1579
0.2000,301.2000,0.0220,0.1900,0.1498
0.2000,301.2000,0.0240,0.1900,0.1417
0.2000,301.2000,0.0260,0.1900,0.1335
0.2000,301.2000,0.0280,0.1900,0.1258
0.2000,301.2000,0.0300,0.1900,0.1187
0.2000,301.2000,0.0320,0.1900,0.1115
0.2000,301.2000,0.0340,0.1900,0.1044
0.2000,301.2000,0.0360,0.1900,0.0972
0.2000,301.2000,0.0380,0.1900,0.0901
0.2000,301.2000,0.0400,0.1900,0.0829
0.2000,301.2000,0.0420,0.1900,0.0758
0.2000,301.2000,0.0440,0.1900,0.0687
0.2000,301.2000,0.0460,0.1900,0.0615
0.2000,301.2000,0.0480,0.1900,0.0544
0.2000,301.2000,0.0500,0.1900,0.0472
0.2000,301.2000,0.0520,0.1900,0.0401
0.2000,301.2000,0.0540,0.1900,0.0330
0.2000,301.2000,0.0560,0.1900,0.0258
0.2000,301.2000,0.0580,0.1900,0.0187
0.2000,301.2000,0.0600,0.1900,0.0115
0.2000,301.2000,0.0620,0.1900,0.0044
0.2000,301.2000,0.0640,0.1900,-0.0028
0.2000,301.2000,0.0660,0.1900,-0.0099
0.2000,301.2000,0.0680,0.1900,-0.0170
0.2000,301.2000,0.0700,0.1900,-0.0242
0.2000,301.2000,0.0720,0.1900,-0.0313
0.2000,301.2000,0.0740,0.1900,-0.0385
0.2000,301.2000,0.0760,0.1900,-0.0456
0.2000,301.2000,0.0780,0.1900,-0.0527
0.2000,301.2000,0.0800,0.1900,-0.0599
0.2000,301.2000,0.0000,0.1950,0.2477
0.2000,301.2000,0.0020,0.1950,0.2396
0.2000,301.2000,0.0040,0.1950,0.2315
0.2000,301.2000,0.0060,0.1950,0.2233
0.2000,301.2000,0.0080,0.1950,0.2152
0.2000,301.2000,0.0100,0.1950,0.2071
0.2000,301.2000,0.0120,0.1950,0.1990
0.2000,301.2000,0.0140,0.1950,0.1908
0.2000,301.2000,0.0160,0.1950,0.1827
0.2000,301.2000,0.0180,0.1950,0.1746
0.2000,301.2000,0.0200,0.1950,0.1665
0.2000,301.2000,0.0220,0.1950,0.1584
0.2000,301.2000,0.0240,0.1950,0.1502
0.2000,301.2000,0.0260,0.1950,0.1421
0.2000,301.2000,0.0280,0.1950,0.1349
0.2000,301.2000,0.0300,0.1950,0.1278
0.2000,301.2000,0.0320,0.1950,0.1206
0.2000,301.2000,0.0340,0.1950,0.1135
0.2000,301.2000,0.0360,0.1950,0.1064
0.2000,301.2000,0.0380,0.1950,0.0992
0.2000,301.2000,0.0400,0.1950,0.0921
0.2000,301.2000,0.0420,0.1950,0.0849
0.2000,301.2000,0.0440,0.1950,0.0778
0.2000,301.2000,0.0460,0.1950,0.0707
0.2000,301.2000,0.0480,0.1950,0.0635
0.2000,301.2000,0.0500,0.1950,0.0564
0.2000,301.2000,0.0520,0.1950,0.0492
0.2000,301.2000,0.0540,0.1950,0.0421
0.2000,301.2000,0.0560,0.1950,0.0349
0.2000,301.2000,0.0580,0.1950,0.0278
0.2000,301.2000,0.0600,0.1950,0.0207
0.2000,301.2000,0.0620,0.1950,0.0135
0.2000,301.2000,0.0640,0.1950,0.0064
0.2000,301.2000,0.0660,0.1950,-0.0008
0.2000,301.2000,0.0680,0.1950,-0.0079
0.2000,301.2000,0.0700,0.1950,-0.0150
0.2000,301.2000,0.0720,0.1950,-0.0222
0.2000,301.2000,0.0740,0.1950,-0.0293
0.2000,301.2000,0.0760,0.1950,-0.0365
0.2000,301.2000,0.0780,0.1950,-0.0436
0.2000,301.2000,0.0800,0.1950,-0.0508
0.2000,301.2000,0.0000,0.2000,0.2563
0.2000,301.2000,0.0020,0.2000,0.2482
0.2000,301.2000,0.0040,0.2000,0.2400
0.2000,301.2000,0.0060,0.2000,0.2319
0.2000,301.2000,0.0080,0.2000,0.2238
0.2000,301.2000,0.0100,0.2000,0.2157
0.2000,301.2000,0.0120,0.2000,0.2075
0.2000,301.2000,0.0140,0.2000,0.1994
0.2000,301.2000,0.0160,0.2000,0.1913
0.2000,301.2000,0.0180,0.2000,0.1832
0.2000,301.2000,0.0200,0.2000,0.1751
0.2000,301.2000,0.0220,0.2000,0.1669
0.2000,301.2000,0.0240,0.2000,0.1588
0.2000,301.2000,0.0260,0.2000,0.1512
0.2000,301.2000,0.0280,0.2000,0.1441
0.2000,301.2000,0.0300,0.2000,0.1369
0.2000,301.2000,0.0320,0.2000,0.1298
0.2000,301.2000,0.0340,0.2000,0.1226
0.2000,301.2000,0.0360,0.2000,0.1155
0.2000,301.2000,0.0380,0.2000,0.1084
0.2000,301.2000,0.0400,0.2000,0.1012
0.2000,301.2000,0.0420,0.2000,0.0941
0.2000,301.2000,0.0440,0.2000,0.0869
0.2000,301.2000,0.0460,0.2000,0.0798
0.2000,301.2000,0.0480,0.2000,0.0726
0.2000,301.2000,0.0500,0.2000,0.0655
0.2000,301.2000,0.0520,0.2000,0.0584
0.2000,301.2000,0.0540,0.2000,0.0512
0.2000,301.2000,0.0560,0.2000,0.0441
0.2000,301.2000,0.0580,0.2000,0.0369
0.2000,301.2000,0.0600,0.2000,0.0298
0.2000,301.2000,0.0620,0.2000,0.0227
0.2000,301.2000,0.0640,0.2000,0.0155
0.2000,301.2000,0.0660,0.2000,0.0084
0.2000,301.2000,0.0680,0.2000,0.0012
0.2000,301.2000,0.0700,0.2000,-0.0059
0.2000,301.2000,0.0720,0.2000,-0.0131
0.2000,301.2000,0.0740,0.2000,-0.0202
0.2000,301.2000,0.0760,0.2000,-0.0273
0.2000,301.2000,0.0780,0.2000,-0.0345
0.2000,301.2000,0.0800,0.2000,-0.0416
0.4000,233.4000,0.0000,0.0000,0.0216
0.4000,233.4000,0.0020,0.0000,0.0014
0.4000,233.4000,0.0040,0.0000,-0.0189
0.4000,233.4000,0.0060,0.0000,-0.0385
0.4000,233.4000,0.0080,0.0000,-0.0569
0.4000,233.4000,0.0100,0.0000,-0.0746
0.4000,233.4000,0.0120,0.0000,-0.0902
0.4000,233.4000,0.0140,0.0000,-0.1048
0.4000,233.4000,0.0160,0.0000,-0.1191
0.4000,233.4000,0.0180,0.0000,-0.1318
0.4000,233.4000,0.0200,0.0000,-0.1437
0.4000,233.4000,0.0220,0.0000,-0.1556
0.4000,233.4000,0.0240,0.0000,-0.1675
0.4000,233.4000,0.0260,0.0000,-0.1794
0.4000,233.4000,0.0280,0.0000,-0.1913
0.4000,233.4000,0.0300,0.0000,-0.2031
0.4000,233.4000,0.0320,0.0000,-0.2120
0.4000,233.4000,0.0340,0.0000,-0.2209
0.4000,233.4000,0.0360,0.0000,-0.2298
0.4000,233.4000,0.0380,0.0000,-0.2387
0.4000,233.4000,0.0400,0.0000,-0.2476
0.4000,233.4000,0.0420,0.0000,-0.2565
0.4000,233.4000,0.0440,0.0000,-0.2654
0.4000,233.4000,0.0460,0.0000,-0.2737
0.4000,233.4000,0.0480,0.0000,-0.2818
0.4000,233.4000,0.0500,0.0000,-0.2900
0.4000,233.4000,0.0520,0.0000,-0.2981
0.4000,233.4000,0.0540,0.0000,-0.3062
0.4000,233.4000,0.0560,0.0000,-0.3143
0.4000,233.4000,0.0580,0.0000,-0.3225
0.4000,233.4000,0.0600,0.0000,-0.3306
0.4000,233.4000,0.0620,0.0000,-0.3387
0.4000,233.4000,0.0640,0.0000,-0.3468
0.4000,233.4000,0.0660,0.0000,-0.3549
0.4000,233.4000,0.0680,0.0000,-0.3631
0.4000,233.4000,0.0700,0.0000,-0.3712
0.4000,233.4000,0.0720,0.0000,-0.3784
0.4000,233.4000,0.0740,0.0000,-0.3855
0.4000,233.4000,0.0760,0.0000,-0.3926
0.4000,233.4000,0.0780,0.0000,-0.3998
0.4000,233.4000,0.0800,0.0000,-0.4069
0.4000,233.4000,0.0000,0.0050,0.0208
0.4000,233.4000,0.0020,0.0050,0.0007
0.4000,233.4000,0.0040,0.0050,-0.0192
0.4000,233.4000,0.0060,0.0050,-0.0381
0.4000,233.4000,0.0080,0.0050,-0.0563
0.4000,233.4000,0.0100,0.0050,-0.0719
0.4000,233.4000,0.0120,0.0050,-0.0865
0.4000,233.4000,0.0140,0.0050,-0.1008
0.4000,233.4000,0.0160,0.0050,-0.1132
0.4000,233.4000,0.0180,0.0050,-0.1251
0.4000,233.4000,0.0200,0.0050,-0.1370
0.4000,233.4000,0.0220,0.0050,-0.1489
0.4000,233.4000,0.0240,0.0050,-0.1608
0.4000,233.4000,0.0260,0.0050,-0.1727
0.4000,233.4000,0.0280,0.0050,-0.1846
0.4000,233.4000,0.0300,0.0050,-0.1937
0.4000,233.4000,0.0320,0.0050,-0.2026
0.4000,233.4000,0.0340,0.0050,-0.2115
0.4000,233.4000,0.0360,0.0050,-0.2204
0.4000,233.4000,0.0380,0.0050,-0.2293
0.4000,233.4000,0.0400,0.0050,-0.2382
0.4000,233.4000,0.0420,0.0050,-0.2472
0.4000,233.4000,0.0440,0.0050,-0.2557
0.4000,233.4000,0.0460,0.0050,-0.2638
0.4000,233.4000,0.0480,0.0050,-0.2720
0.4000,233.4000,0.0500,0.0050,-0.2801
0.4000,233.4000,0.0520,0.0050,-0.2882
0.4000,233.4000,0.0540,0.0050,-0.2963
0.4000,233.4000,0.0560,0.0050,-0.3045
0.4000,233.4000,0.0580,0.0050,-0.3126
0.4000,233.4000,0.0600,0.0050,-0.3207
0.4000,233.4000,0.0620,0.0050,-0.3288
0.4000,233.4000,0.0640,0.0050,-0.3369
0.4000,233.4000,0.0660,0.0050,-0.3451
0.4000,233.4000,0.0680,0.0050,-0.3532
0.4000,233.4000,0.0700,0.0050,-0.3609
0.4000,233.4000,0.0720,0.0050,-0.3680
0.4000,233.4000,0.0740,0.0050,-0.3752
0.4000,233.4000,0.0760,0.0050,-0.3823
0.4000,233.4000,0.0780,0.0050,-0.3895
0.4000,233.4000,0.0800,0.0050,-0.3966
0.4000,233.4000,0.0000,0.0100,0.0205
0.4000,233.4000,0.0020,0.0100,0.0006
0.4000,233.4000,0.0040,0.0100,-0.0192
0.4000,233.4000,0.0060,0.0100,-0.0377
0.4000,233.4000,0.0080,0.0100,-0.0536
0.4000,233.4000,0.0100,0.0100,-0.0682
0.4000,233.4000,0.0120,0.0100,-0.0825
0.4000,233.4000,0.0140,0.0100,-0.0946
0.4000,233.4000,0.0160,0.0100,-0.1065
0.4000,233.4000,0.0180,0.0100,-0.1184
0.4000,233.4000,0.0200,0.0100,-0.1303
0.4000,233.4000,0.0220,0.0100,-0.1422
0.4000,233.4000,0.0240,0.0100,-0.1541
0.4000,233.4000,0.0260,0.0100,-0.1660
0.4000,233.4000,0.0280,0.0100,-0.1755
0.4000,233.4000,0.0300,0.0100,-0.1844
0.4000,233.4000,0.0320,0.0100,-0.1933
0.4000,233.4000,0.0340,0.0100,-0.2022
0.4000,233.4000,0.0360,0.0100,-0.2111
0.4000,233.4000,0.0380,0.0100,-0.2200
0.4000,233.4000,0.0400,0.0100,-0.2289
0.4000,233.4000,0.0420,0.0100,-0.2377
0.4000,233.4000,0.0440,0.0100,-0.2458
0.4000,233.4000,0.0460,0.0100,-0.2540
0.4000,233.4000,0.0480,0.0100,-0.2621
0.4000,233.4000,0.0500,0.0100,-0.2702
0.4000,233.4000,0.0520,0.0100,-0.2783
0.4000,233.4000,0.0540,0.0100,-0.2865
0.4000,233.4000,0.0560,0.0100,-0.2946
0.4000,233.4000,0.0580,0.0100,-0.3027
0.4000,233.4000,0.0600,0.0100,-0.3108
0.4000,233.4000,0.0620,0.0100,-0.3189
0.4000,233.4000,0.0640,0.0100,-0.3271
0.4000,233.4000,0.0660,0.0100,-0.3352
0.4000,233.4000,0.0680,0.0100,-0.3433
0.4000,233.4000,0.0700,0.0100,-0.3506
0.4000,233.4000,0.0720,0.0100,-0.3577
0.4000,233.4000,0.0740,0.0100,-0.3649
0.4000,233.4000,0.0760,0.0100,-0.3720
0.4000,233.4000,0.0780,0.0100,-0.3791
0.4000,233.4000,0.0800,0.0100,-0.3863
0.4000,233.4000,0.0000,0.0150,0.0205
0.4000,233.4000,0.0020,0.0150,0.0006
0.4000,233.4000,0.0040,0.0150,-0.0182
0.4000,233.4000,0.0060,0.0150,-0.0353
0.4000,233.4000,0.0080,0.0150,-0.0499
0.4000,233.4000,0.0100,0.0150,-0.0641
0.4000,233.4000,0.0120,0.0150,-0.0760
0.4000,233.4000,0.0140,0.0150,-0.0879
0.4000,233.4000,0.0160,0.0150,-0.0998
0.4000,233.4000,0.0180,0.0150,-0.1117
0.4000,233.4000,0.0200,0.0150,-0.1236
0.4000,233.4000,0.0220,0.0150,-0.1355
0.4000,233.4000,0.0240,0.0150,-0.1474
0.4000,233.4000,0.0260,0.0150,-0.1572
0.4000,233.4000,0.0280,0.0150,-0.1661
0.4000,233.4000,0.0300,0.0150,-0.1750
0.4000,233.4000,0.0320,0.0150,-0.1839
0.4000,233.4000,0.0340,0.0150,-0.1928
0.4000,233.4000,0.0360,0.0150,-0.2017
0.4000,233.4000,0.0380,0.0150,-0.2106
0.4000,233.4000,0.0400,0.0150,-0.2195
0.4000,233.4000,0.0420,0.0150,-0.2278
0.4000,233.4000,0.0440,0.0150,-0.2360
0.4000,233.4000,0.0460,0.0150,-0.2441
0.4000,233.4000,0.0480,0.0150,-0.2522
0.4000,233.4000,0.0500,0.0150,-0.2603
0.4000,233.4000,0.0520,0.0150,-0.2685
0.4000,233.4000,0.0540,0.0150,-0.2766
0.4000,233.4000,0.0560,0.0150,-0.2847
0.4000,233.4000,0.0580,0.0150,-0.2928
0.4000,233.4000,0.0600,0.0150,-0.3009
0.4000,233.4000,0.0620,0.0150,-0.3091
0.4000,233.4000,0.0640,0.0150,-0.3172
0.4000,233.4000,0.0660,0.0150,-0.3253
0.4000,233.4000,0.0680,0.0150,-0.3331
0.4000,233.4000,0.0700,0.0150,-0.3402
0.4000,233.4000,0.0720,0.0150,-0.3474
0.4000,233.4000,0.0740,0.0150,-0.3545
0.4000,233.4000,0.0760,0.0150,-0.3617
0.4000,233.4000,0.0780,0.0150,-0.3688
0.4000,233.4000,0.0800,0.0150,-0.3760
0.4000,233.4000,0.0000,0.0200,0.0206
0.4000,233.4000,0.0020,0.0200,0.0019
0.4000,233.4000,0.0040,0.0200,-0.0158
0.4000,233.4000,0.0060,0.0200,-0.0316
0.4000,233.4000,0.0080,0.0200,-0.0455
0.4000,233.4000,0.0100,0.0200,-0.0574
0.4000,233.4000,0.0120,0.0200,-0.0693
0.4000,233.4000,0.0140,0.0200,-0.0812
0.4000,233.4000,0.0160,0.0200,-0.0931
0.4000,233.4000,0.0180,0.0200,-0.1050
0.4000,233.4000,0.0200,0.0200,-0.1169
0.4000,233.4000,0.0220,0.0200,-0.1288
0.4000,233.4000,0.0240,0.0200,-0.1389
0.4000,233.4000,0.0260,0.0200,-0.1478
0.4000,233.4000,0.0280,0.0200,-0.1567
0.4000,233.4000,0.0300,0.0200,-0.1656
0.4000,233.4000,0.0320,0.0200,-0.1745
0.4000,233.4000,0.0340,0.0200,-0.1834
0.4000,233.4000,0.0360,0.0200,-0.1923
0.4000,233.4000,0.0380,0.0200,-0.2012
0.4000,233.4000,0.0400,0.0200,-0.2098
0.4000,233.4000,0.0420,0.0200,-0.2180
0.4000,233.4000,0.0440,0.0200,-0.2261
0.4000,233.4000,0.0460,0.0200,-0.2342
0.4000,233.4000,0.0480,0.0200,-0.2423
0.4000,233.4000,0.0500,0.0200,-0.2505
0.4000,233.4000,0.0520,0.0200,-0.2586
0.4000,233.4000,0.0540,0.0200,-0.2667
0.4000,233.4000,0.0560,0.0200,-0.2748
0.4000,233.4000,0.0580,0.0200,-0.2829
0.4000,233.4000,0.0600,0.0200,-0.2911
0.4000,233.4000,0.0620,0.0200,-0.2992
0.4000,233.4000,0.0640,0.0200,-0.3073
0.4000,233.4000,0.0660,0.0200,-0.3154
0.4000,233.4000,0.0680,0.0200,-0.3228
0.4000,233.4000,0.0700,0.0200,-0.3299
0.4000,233.4000,0.0720,0.0200,-0.3371
0.4000,233.4000,0.0740,0.0200,-0.3442
0.4000,233.4000,0.0760,0.0200,-0.3514
0.4000,233.4000,0.0780,0.0200,-0.3585
0.4000,233.4000,0.0800,0.0200,-0.3656
0.4000,233.4000,0.0000,0.0250,0.0226
0.4000,233.4000,0.0020,0.0250,0.0039
0.4000,233.4000,0.0040,0.0250,-0.0124
0.4000,233.4000,0.0060,0.0250,-0.0269
0.4000,233.4000,0.0080,0.0250,-0.0388
0.4000,233.4000,0.0100,0.0250,-0.0507
0.4000,233.4000,0.0120,0.0250,-0.0626
0.4000,233.4000,0.0140,0.0250,-0.0745
0.4000,233.4000,0.0160,0.0250,-0.0864
0.4000,233.4000,0.0180,0.0250,-0.0983
0.4000,233.4000,0.0200,0.0250,-0.1102
0.4000,233.4000,0.0220,0.0250,-0.1206
0.4000,233.4000,0.0240,0.0250,-0.1296
0.4000,233.4000,0.0260,0.0250,-0.1385
0.4000,233.4000,0.0280,0.0250,-0.1474
0.4000,233.4000,0.0300,0.0250,-0.1563
0.4000,233.4000,0.0320,0.0250,-0.1652
0.4000,233.4000,0.0340,0.0250,-0.1741
0.4000,233.4000,0.0360,0.0250,-0.1830
0.4000,233.4000,0.0380,0.0250,-0.1919
0.4000,233.4000,0.0400,0.0250,-0.2000
0.4000,233.4000,0.0420,0.0250,-0.2081
0.4000,233.4000,0.0440,0.0250,-0.2162
0.4000,233.4000,0.0460,0.0250,-0.2243
0.4000,233.4000,0.0480,0.0250,-0.2325
0.4000,233.4000,0.0500,0.0250,-0.2406
0.4000,233.4000,0.0520,0.0250,-0.2487
0.4000,233.4000,0.0540,0.0250,-0.2568
0.4000,233.4000,0.0560,0.0250,-0.2649
0.4000,233.4000,0.0580,0.0250,-0.2731
0.4000,233.4000,0.0600,0.0250,-0.2812
0.4000,233.4000,0.0620,0.0250,-0.2893
0.4000,233.4000,0.0640,0.0250,-0.2974
0.4000,233.4000,0.0660,0.0250,-0.3053
0.4000,233.4000,0.0680,0.0250,-0.3125
0.4000,233.4000,0.0700,0.0250,-0.3196
0.4000,233.4000,0.0720,0.0250,-0.3267
0.4000,233.4000,0.0740,0.0250,-0.3339
0.4000,233.4000,0.0760,0.0250,-0.3410
0.4000,233.4000,0.0780,0.0250,-0.3482
0.4000,233.4000,0.0800,0.0250,-0.3553
0.4000,233.4000,0.0000,0.0300,0.0246
0.4000,233.4000,0.0020,0.0300,0.0072
0.4000,233.4000,0.0040,0.0300,-0.0078
0.4000,233.4000,0.0060,0.0300,-0.0202
0.4000,233.4000,0.0080,0.0300,-0.0321
0.4000,233.4000,0.0100,0.0300,-0.0440
0.4000,233.4000,0.0120,0.0300,-0.0559
0.4000,233.4000,0.0140,0.0300,-0.0678
0.4000,233.4000,0.0160,0.0300,-0.0797
0.4000,233.4000,0.0180,0.0300,-0.0916
0.4000,233.4000,0.0200,0.0300,-0.1024
0.4000,233.4000,0.0220,0.0300,-0.1113
0.4000,233.4000,0.0240,0.0300,-0.1202
0.4000,233.4000,0.0260,0.0300,-0.1291
0.4000,233.4000,0.0280,0.0300,-0.1380
0.4000,233.4000,0.0300,0.0300,-0.1469
0.4000,233.4000,0.0320,0.0300,-0.1558
0.4000,233.4000,0.0340,0.0300,-0.1647
0.4000,233.4000,0.0360,0.0300,-0.1736
0.4000,233.4000,0.0380,0.0300,-0.1820
0.4000,233.4000,0.0400,0.0300,-0.1901
0.4000,233.4000,0.0420,0.0300,-0.1982
0.4000,233.4000,0.0440,0.0300,-0.2063
0.4000,233.4000,0.0460,0.0300,-0.2145
0.4000,233.4000,0.0480,0.0300,-0.2226
0.4000,233.4000,0.0500,0.0300,-0.2307
0.4000,233.4000,0.0520,0.0300,-0.2388
0.4000,233.4000,0.0540,0.0300,-0.2469
0.4000,233.4000,0.0560,0.0300,-0.2551
0.4000,233.4000,0.0580,0.0300,-0.2632
0.4000,233.4000,0.0600,0.0300,-0.2713
0.4000,233.4000,0.0620,0.0300,-0.2794
0.4000,233.4000,0.0640,0.0300,-0.2876
0.4000,233.4000,0.0660,0.0300,-0.2950
0.4000,233.4000,0.0680,0.0300,-0.3021
0.4000,233.4000,0.0700,0.0300,-0.3093
0.4000,233.4000,0.0720,0.0300,-0.3164
0.4000,233.4000,0.0740,0.0300,-0.3236
0.4000,233.4000,0.0760,0.0300,-0.3307
0.4000,233.4000,0.0780,0.0300,-0.3378
0.4000,233.4000,0.0800,0.0300,-0.3450
0.4000,233.4000,0.0000,0.0350,0.0275
0.4000,233.4000,0.0020,0.0350,0.0121
0.4000,233.4000,0.0040,0.0350,-0.0014
0.4000,233.4000,0.0060,0.0350,-0.0135
0.4000,233.4000,0.0080,0.0350,-0.0254
0.4000,233.4000,0.0100,0.0350,-0.0373
0.4000,233.4000,0.0120,0.0350,-0.0492
0.4000,233.4000,0.0140,0.0350,-0.0611
0.4000,233.4000,0.0160,0.0350,-0.0730
0.4000,233.4000,0.0180,0.0350,-0.0841
0.4000,233.4000,0.0200,0.0350,-0.0930
0.4000,233.4000,0.0220,0.0350,-0.1019
0.4000,233.4000,0.0240,0.0350,-0.1108
0.4000,233.4000,0.0260,0.0350,-0.1197
0.4000,233.4000,0.0280,0.0350,-0.1286
0.4000,233.4000,0.0300,0.0350,-0.1375
0.4000,233.4000,0.0320,0.0350,-0.1464
0.4000,233.4000,0.0340,0.0350,-0.1553
0.4000,233.4000,0.0360,0.0350,-0.1640
0.4000,233.4000,0.0380,0.0350,-0.1721
0.4000,233.4000,0.0400,0.0350,-0.1802
0.4000,233.4000,0.0420,0.0350,-0.1883
0.4000,233.4000,0.0440,0.0350,-0.1965
0.4000,233.4000,0.0460,0.0350,-0.2046
0.4000,233.4000,0.0480,0.0350,-0.2127
0.4000,233.4000,0.0500,0.0350,-0.2208
0.4000,233.4000,0.0520,0.0350,-0.2289
0.4000,233.4000,0.0540,0.0350,-0.2371
0.4000,233.4000,0.0560,0.0350,-0.2452
0.4000,233.4000,0.0580,0.0350,-0.2533
0.4000,233.4000,0.0600,0.0350,-0.2614
0.4000,233.4000,0.0620,0.0350,-0.2696
0.4000,233.4000,0.0640,0.0350,-0.2775
0.4000,233.4000,0.0660,0.0350,-0.2847
0.4000,233.4000,0.0680,0.0350,-0.2918
0.4000,233.4000,0.0700,0.0350,-0.2990
0.4000,233.4000,0.0720,0.0350,-0.3061
0.4000,233.4000,0.0740,0.0350,-0.3132
0.4000,233.4000,0.0760,0.0350,-0.3204
0.4000,233.4000,0.0780,0.0350,-0.3275
0.4000,233.4000,0.0800,0.0350,-0.3347
0.4000,233.4000,0.0000,0.0400,0.0320
0.4000,233.4000,0.0020,0.0400,0.0185
0.4000,233.4000,0.0040,0.0400,0.0051
0.4000,233.4000,0.0060,0.0400,-0.0068
0.4000,233.4000,0.0080,0.0400,-0.0187
0.4000,233.4000,0.0100,0.0400,-0.0306
0.4000,233.4000,0.0120,0.0400,-0.0425
0.4000,233.4000,0.0140,0.0400,-0.0544
0.4000,233.4000,0.0160,0.0400,-0.0658
0.4000,233.4000,0.0180,0.0400,-0.0747
0.4000,233.4000,0.0200,0.0400,-0.0836
0.4000,233.4000,0.0220,0.0400,-0.0925
0.4000,233.4000,0.0240,0.0400,-0.1014
0.4000,233.4000,0.0260,0.0400,-0.1103
0.4000,233.4000,0.0280,0.0400,-0.1192
0.4000,233.4000,0.0300,0.0400,-0.1282
0.4000,233.4000,0.0320,0.0400,-0.1371
0.4000,233.4000,0.0340,0.0400,-0.1460
0.4000,233.4000,0.0360,0.0400,-0.1541
0.4000,233.4000,0.0380,0.0400,-0.1622
0.4000,233.4000,0.0400,0.0400,-0.1703
0.4000,233.4000,0.0420,0.0400,-0.1785
0.4000,233.4000,0.0440,0.0400,-0.1866
0.4000,233.4000,0.0460,0.0400,-0.1947
0.4000,233.4000,0.0480,0.0400,-0.2028
0.4000,233.4000,0.0500,0.0400,-0.2110
0.4000,233.4000,0.0520,0.0400,-0.2191
0.4000,233.4000,0.0540,0.0400,-0.2272
0.4000,233.4000,0.0560,0.0400,-0.2353
0.4000,233.4000,0.0580,0.0400,-0.2434
0.4000,233.4000,0.0600,0.0400,-0.2516
0.4000,233.4000,0.0620,0.0400,-0.2597
0.4000,233.4000,0.0640,0.0400,-0.2672
0.4000,233.4000,0.0660,0.0400,-0.2743
0.4000,233.4000,0.0680,0.0400,-0.2815
0.4000,233.4000,0.0700,0.0400,-0.2886
0.4000,233.4000,0.0720,0.0400,-0.2958
0.4000,233.4000,0.0740,0.0400,-0.3029
0.4000,233.4000,0.0760,0.0400,-0.3101
0.4000,233.4000,0.0780,0.0400,-0.3172
0.4000,233.4000,0.0800,0.0400,-0.3243
0.4000,233.4000,0.0000,0.0450,0.0384
0.4000,233.4000,0.0020,0.0450,0.0249
0.4000,233.4000,0.0040,0.0450,0.0118
0.4000,233.4000,0.0060,0.0450,-0.0001
0.4000,233.4000,0.0080,0.0450,-0.0120
0.4000,233.4000,0.0100,0.0450,-0.0239
0.4000,233.4000,0.0120,0.0450,-0.0358
0.4000,233.4000,0.0140,0.0450,-0.0476
0.4000,233.4000,0.0160,0.0450,-0.0565
0.4000,233.4000,0.0180,0.0450,-0.0654
0.4000,233.4000,0.0200,0.0450,-0.0743
0.4000,233.4000,0.0220,0.0450,-0.0832
0.4000,233.4000,0.0240,0.0450,-0.0921
0.4000,233.4000,0.0260,0.0450,-0.1010
0.4000,233.4000,0.0280,0.0450,-0.1099
0.4000,233.4000,0.0300,0.0450,-0.1188
0.4000,233.4000,0.0320,0.0450,-0.1277
0.4000,233.4000,0.0340,0.0450,-0.1361
0.4000,233.4000,0.0360,0.0450,-0.1442
0.4000,233.4000,0.0380,0.0450,-0.1523
0.4000,233.4000,0.0400,0.0450,-0.1605
0.4000,233.4000,0.0420,0.0450,-0.1686
0.4000,233.4000,0.0440,0.0450,-0.1767
0.4000,233.4000,0.0460,0.0450,-0.1848
0.4000,233.4000,0.0480,0.0450,-0.1930
0.4000,233.4000,0.0500,0.0450,-0.2011
0.4000,233.4000,0.0520,0.0450,-0.2092
0.4000,233.4000,0.0540,0.0450,-0.2173
0.4000,233.4000,0.0560,0.0450,-0.2254
0.4000,233.4000,0.0580,0.0450,-0.2336
0.4000,233.4000,0.0600,0.0450,-0.2417
0.4000,233.4000,0.0620,0.0450,-0.2497
0.4000,233.4000,0.0640,0.0450,-0.2569
0.4000,233.4000,0.0660,0.0450,-0.2640
0.4000,233.4000,0.0680,0.0450,-0.2712
0.4000,233.4000,0.0700,0.0450,-0.2783
0.4000,233.4000,0.0720,0.0450,-0.2854
0.4000,233.4000,0.0740,0.0450,-0.2926
0.4000,233.4000,0.0760,0.0450,-0.2997
0.4000,233.4000,0.0780,0.0450,-0.3069
0.4000,233.4000,0.0800,0.0450,-0.3140
0.4000,233.4000,0.0000,0.0500,0.0448
0.4000,233.4000,0.0020,0.0500,0.0313
0.4000,233.4000,0.0040,0.0500,0.0185
0.4000,233.4000,0.0060,0.0500,0.0066
0.4000,233.4000,0.0080,0.0500,-0.0053
0.4000,233.4000,0.0100,0.0500,-0.0172
0.4000,233.4000,0.0120,0.0500,-0.0291
0.4000,233.4000,0.0140,0.0500,-0.0382
0.4000,233.4000,0.0160,0.0500,-0.0471
0.4000,233.4000,0.0180,0.0500,-0.0560
0.4000,233.4000,0.0200,0.0500,-0.0649
0.4000,233.4000,0.0220,0.0500,-0.0738
0.4000,233.4000,0.0240,0.0500,-0.0827
0.4000,233.4000,0.0260,0.0500,-0.0916
0.4000,233.4000,0.0280,0.0500,-0.1005
0.4000,233.4000,0.0300,0.0500,-0.1094
0.4000,233.4000,0.0320,0.0500,-0.1181
0.4000,233.4000,0.0340,0.0500,-0.1262
0.4000,233.4000,0.0360,0.0500,-0.1343
0.4000,233.4000,0.0380,0.0500,-0.1425
0.4000,233.4000,0.0400,0.0500,-0.1506
0.4000,233.4000,0.0420,0.0500,-0.1587
0.4000,233.4000,0.0440,0.0500,-0.1668
0.4000,233.4000,0.0460,0.0500,-0.1750
0.4000,233.4000,0.0480,0.0500,-0.1831
0.4000,233.4000,0.0500,0.0500,-0.1912
0.4000,233.4000,0.0520,0.0500,-0.1993
0.4000,233.4000,0.0540,0.0500,-0.2074
0.4000,233.4000,0.0560,0.0500,-0.2156
0.4000,233.4000,0.0580,0.0500,-0.2237
0.4000,233.4000,0.0600,0.0500,-0.2318
0.4000,233.4000,0.0620,0.0500,-0.2394
0.4000,233.4000,0.0640,0.0500,-0.2466
0.4000,233.4000,0.0660,0.0500,-0.2537
0.4000,233.4000,0.0680,0.0500,-0.2608
0.4000,233.4000,0.0700,0.0500,-0.2680
0.4000,233.4000,0.0720,0.0500,-0.2751
0.4000,233.4000,0.0740,0.0500,-0.2823
0.4000,233.4000,0.0760,0.0500,-0.2894
0.4000,233.4000,0.0780,0.0500,-0.2965
0.4000,233.4000,0.0800,0.0500,-0.3037
0.4000,233.4000,0.0000,0.0550,0.0512
0.4000,233.4000,0.0020,0.0550,0.0377
0.4000,233.4000,0.0040,0.0550,0.0251
0.4000,233.4000,0.0060,0.0550,0.0133
0.4000,233.4000,0.0080,0.0550,0.0014
0.4000,233.4000,0.0100,0.0550,-0.0105
0.4000,233.4000,0.0120,0.0550,-0.0199
0.4000,233.4000,0.0140,0.0550,-0.0288
0.4000,233.4000,0.0160,0.0550,-0.0377
0.4000,233.4000,0.0180,0.0550,-0.0466
0.4000,233.4000,0.0200,0.0550,-0.0555
0.4000,233.4000,0.0220,0.0550,-0.0644
0.4000,233.4000,0.0240,0.0550,-0.0733
0.4000,233.4000,0.0260,0.0550,-0.0822
0.4000,233.4000,0.0280,0.0550,-0.0911
0.4000,233.4000,0.0300,0.0550,-0.1000
0.4000,233.4000,0.0320,0.0550,-0.1082
0.4000,233.4000,0.0340,0.0550,-0.1163
0.4000,233.4000,0.0360,0.0550,-0.1245
0.4000,233.4000,0.0380,0.0550,-0.1326
0.4000,233.4000,0.0400,0.0550,-0.1407
0.4000,233.4000,0.0420,0.0550,-0.1488
0.4000,233.4000,0.0440,0.0550,-0.1570
0.4000,233.4000,0.0460,0.0550,-0.1651
0.4000,233.4000,0.0480,0.0550,-0.1732
0.4000,233.4000,0.0500,0.0550,-0.1813
0.4000,233.4000,0.0520,0.0550,-0.1894
0.4000,233.4000,0.0540,0.0550,-0.1976
0.4000,233.4000,0.0560,0.0550,-0.2057
0.4000,233.4000,0.0580,0.0550,-0.2138
0.4000,233.4000,0.0600,0.0550,-0.2219
0.4000,233.4000,0.0620,0.0550,-0.2291
0.4000,233.4000,0.0640,0.0550,-0.2362
0.4000,233.4000,0.0660,0.0550,-0.2434
0.4000,233.4000,0.0680,0.0550,-0.2505
0.4000,233.4000,0.0700,0.0550,-0.2577
0.4000,233.4000,0.0720,0.0550,-0.2648
0.4000,233.4000,0.0740,0.0550,-0.2719
0.4000,233.4000,0.0760,0.0550,-0.2791
0.4000,233.4000,0.0780,0.0550,-0.2862
0.4000,233.4000,0.0800,0.0550,-0.2934
0.4000,233.4000,0.0000,0.0600,0.0576
0.4000,233.4000,0.0020,0.0600,0.0441
0.4000,233.4000,0.0040,0.0600,0.0318
0.4000,233.4000,0.0060,0.0600,0.0199
0.4000,233.4000,0.0080,0.0600,0.0081
0.4000,233.4000,0.0100,0.0600,-0.0016
0.4000,233.4000,0.0120,0.0600,-0.0105
0.4000,233.4000,0.0140,0.0600,-0.0195
0.4000,233.4000,0.0160,0.0600,-0.0284
0.4000,233.4000,0.0180,0.0600,-0.0373
0.4000,233.4000,0.0200,0.0600,-0.0462
0.4000,233.4000,0.0220,0.0600,-0.0551
0.4000,233.4000,0.0240,0.0600,-0.0640
0.4000,233.4000,0.0260,0.0600,-0.0729
0.4000,233.4000,0.0280,0.0600,-0.0818
0.4000,233.4000,0.0300,0.0600,-0.0902
0.4000,233.4000,0.0320,0.0600,-0.0983
0.4000,233.4000,0.0340,0.0600,-0.1065
0.4000,233.4000,0.0360,0.0600,-0.1146
0.4000,233.4000,0.0380,0.0600,-0.1227
0.4000,233.4000,0.0400,0.0600,-0.1308
0.4000,233.4000,0.0420,0.0600,-0.1390
0.4000,233.4000,0.0440,0.0600,-0.1471
0.4000,233.4000,0.0460,0.0600,-0.1552
0.4000,233.4000,0.0480,0.0600,-0.1633
0.4000,233.4000,0.0500,0.0600,-0.1714
0.4000,233.4000,0.0520,0.0600,-0.1796
0.4000,233.4000,0.0540,0.0600,-0.1877
0.4000,233.4000,0.0560,0.0600,-0.1958
0.4000,233.4000,0.0580,0.0600,-0.2039
0.4000,233.4000,0.0600,0.0600,-0.2116
0.4000,233.4000,0.0620,0.0600,-0.2188
0.4000,233.4000,0.0640,0.0600,-0.2259
0.4000,233.4000,0.0660,0.0600,-0.2330
0.4000,233.4000,0.0680,0.0600,-0.2402
0.4000,233.4000,0.0700,0.0600,-0.2473
0.4000,233.4000,0.0720,0.0600,-0.2545
0.4000,233.4000,0.0740,0.0600,-0.2616
0.4000,233.4000,0.0760,0.0600,-0.2688
0.4000,233.4000,0.0780,0.0600,-0.2759
0.4000,233.4000,0.0800,0.0600,-0.2830
0.4000,233.4000,0.0000,0.0650,0.0640
0.4000,233.4000,0.0020,0.0650,0.0505
0.4000,233.4000,0.0040,0.0650,0.0385
0.4000,233.4000,0.0060,0.0650,0.0266
0.4000,233.4000,0.0080,0.0650,0.0166
0.4000,233.4000,0.0100,0.0650,0.0077
0.4000,233.4000,0.0120,0.0650,-0.0012
0.4000,233.4000,0.0140,0.0650,-0.0101
0.4000,233.4000,0.0160,0.0650,-0.0190
0.4000,233.4000,0.0180,0.0650,-0.0279
0.4000,233.4000,0.0200,0.0650,-0.0368
0.4000,233.4000,0.0220,0.0650,-0.0457
0.4000,233.4000,0.0240,0.0650,-0.0546
0.4000,233.4000,0.0260,0.0650,-0.0635
0.4000,233.4000,0.0280,0.0650,-0.0722
0.4000,233.4000,0.0300,0.0650,-0.0803
0.4000,233.4000,0.0320,0.0650,-0.0885
0.4000,233.4000,0.0340,0.0650,-0.0966
0.4000,233.4000,0.0360,0.0650,-0.1047
0.4000,233.4000,0.0380,0.0650,-0.1128
0.4000,233.4000,0.0400,0.0650,-0.1210
0.4000,233.4000,0.0420,0.0650,-0.1291
0.4000,233.4000,0.0440,0.0650,-0.1372
0.4000,233.4000,0.0460,0.0650,-0.1453
0.4000,233.4000,0.0480,0.0650,-0.1534
0.4000,233.4000,0.0500,0.0650,-0.1616
0.4000,233.4000,0.0520,0.0650,-0.1697
0.4000,233.4000,0.0540,0.0650,-0.1778
0.4000,233.4000,0.0560,0.0650,-0.1859
0.4000,233.4000,0.0580,0.0650,-0.1941
0.4000,233.4000,0.0600,0.0650,-0.2013
0.4000,233.4000,0.0620,0.0650,-0.2084
0.4000,233.4000,0.0640,0.0650,-0.2156
0.4000,233.4000,0.0660,0.0650,-0.2227
0.4000,233.4000,0.0680,0.0650,-0.2299
0.4000,233.4000,0.0700,0.0650,-0.2370
0.4000,233.4000,0.0720,0.0650,-0.2442
0.4000,233.4000,0.0740,0.0650,-0.2513
0.4000,233.4000,0.0760,0.0650,-0.2584
0.4000,233.4000,0.0780,0.0650,-0.2656
0.4000,233.4000,0.0800,0.0650,-0.2727
0.4000,233.4000,0.0000,0.0700,0.0704
0.4000,233.4000,0.0020,0.0700,0.0571
0.4000,233.4000,0.0040,0.0700,0.0452
0.4000,233.4000,0.0060,0.0700,0.0349
0.4000,233.4000,0.0080,0.0700,0.0260
0.4000,233.4000,0.0100,0.0700,0.0171
0.4000,233.4000,0.0120,0.0700,0.0082
0.4000,233.4000,0.0140,0.0700,-0.0007
0.4000,233.4000,0.0160,0.0700,-0.0096
0.4000,233.4000,0.0180,0.0700,-0.0185
0.4000,233.4000,0.0200,0.0700,-0.0274
0.4000,233.4000,0.0220,0.0700,-0.0363
0.4000,233.4000,0.0240,0.0700,-0.0452
0.4000,233.4000,0.0260,0.0700,-0.0541
0.4000,233.4000,0.0280,0.0700,-0.0623
0.4000,233.4000,0.0300,0.0700,-0.0705
0.4000,233.4000,0.0320,0.0700,-0.0786
0.4000,233.4000,0.0340,0.0700,-0.0867
0.4000,233.4000,0.0360,0.0700,-0.0948
0.4000,233.4000,0.0380,0.0700,-0.1030
0.4000,233.4000,0.0400,0.0700,-0.1111
0.4000,233.4000,0.0420,0.0700,-0.1192
0.4000,233.4000,0.0440,0.0700,-0.1273
0.4000,233.4000,0.0460,0.0700,-0.1354
0.4000,233.4000,0.0480,0.0700,-0.1436
0.4000,233.4000,0.0500,0.0700,-0.1517
0.4000,233.4000,0.0520,0.0700,-0.1598
0.4000,233.4000,0.0540,0.0700,-0.1679
0.4000,233.4000,0.0560,0.0700,-0.1761
0.4000,233.4000,0.0580,0.0700,-0.1838
0.4000,233.4000,0.0600,0.0700,-0.1910
0.4000,233.4000,0.0620,0.0700,-0.1981
0.4000,233.4000,0.0640,0.0700,-0.2053
0.4000,233.4000,0.0660,0.0700,-0.2124
0.4000,233.4000,0.0680,0.0700,-0.2195
0.4000,233.4000,0.0700,0.0700,-0.2267
0.4000,233.4000,0.0720,0.0700,-0.2338
0.4000,233.4000,0.0740,0.0700,-0.2410
0.4000,233.4000,0.0760,0.0700,-0.2481
0.4000,233.4000,0.0780,0.0700,-0.2553
0.4000,233.4000,0.0800,0.0700,-0.2624
0.4000,233.4000,0.0000,0.0750,0.0768
0.4000,233.4000,0.0020,0.0750,0.0638
0.4000,233.4000,0.0040,0.0750,0.0532
0.4000,233.4000,0.0060,0.0750,0.0443
0.4000,233.4000,0.0080,0.0750,0.0354
0.4000,233.4000,0.0100,0.0750,0.0265
0.4000,233.4000,0.0120,0.0750,0.0176
0.4000,233.4000,0.0140,0.0750,0.0087
0.4000,233.4000,0.0160,0.0750,-0.0002
0.4000,233.4000,0.0180,0.0750,-0.0092
0.4000,233.4000,0.0200,0.0750,-0.0181
0.4000,233.4000,0.0220,0.0750,-0.0270
0.4000,233.4000,0.0240,0.0750,-0.0359
0.4000,233.4000,0.0260,0.0750,-0.0443
0.4000,233.4000,0.0280,0.0750,-0.0525
0.4000,233.4000,0.0300,0.0750,-0.0606
0.4000,233.4000,0.0320,0.0750,-0.0687
0.4000,233.4000,0.0340,0.0750,-0.0768
0.4000,233.4000,0.0360,0.0750,-0.0850
0.4000,233.4000,0.0380,0.0750,-0.0931
0.4000,233.4000,0.0400,0.0750,-0.1012
0.4000,233.4000,0.0420,0.0750,-0.1093
0.4000,233.4000,0.0440,0.0750,-0.1174
0.4000,233.4000,0.0460,0.0750,-0.1256
0.4000,233.4000,0.0480,0.0750,-0.1337
0.4000,233.4000,0.0500,0.0750,-0.1418
0.4000,233.4000,0.0520,0.0750,-0.1499
0.4000,233.4000,0.0540,0.0750,-0.1581
0.4000,233.4000,0.0560,0.0750,-0.1662
0.4000,233.4000,0.0580,0.0750,-0.1735
0.4000,233.4000,0.0600,0.0750,-0.1807
0.4000,233.4000,0.0620,0.0750,-0.1878
0.4000,233.4000,0.0640,0.0750,-0.1949
0.4000,233.4000,0.0660,0.0750,-0.2021
0.4000,233.4000,0.0680,0.0750,-0.2092
0.4000,233.4000,0.0700,0.0750,-0.2164
0.4000,233.4000,0.0720,0.0750,-0.2235
0.4000,233.4000,0.0740,0.0750,-0.2306
0.4000,233.4000,0.0760,0.0750,-0.2378
0.4000,233.4000,0.0780,0.0750,-0.2449
0.4000,233.4000,0.0800,0.0750,-0.2521
0.4000,233.4000,0.0000,0.0800,0.0832
0.4000,233.4000,0.0020,0.0800,0.0714
0.4000,233.4000,0.0040,0.0800,0.0625
0.4000,233.4000,0.0060,0.0800,0.0536
0.4000,233.4000,0.0080,0.0800,0.0447
0.4000,233.4000,0.0100,0.0800,0.0358
0.4000,233.4000,0.0120,0.0800,0.0269
0.4000,233.4000,0.0140,0.0800,0.0180
0.4000,233.4000,0.0160,0.0800,0.0091
0.4000,233.4000,0.0180,0.0800,0.0002
0.4000,233.4000,0.0200,0.0800,-0.0087
0.4000,233.4000,0.0220,0.0800,-0.0176
0.4000,233.4000,0.0240,0.0800,-0.0263
0.4000,233.4000,0.0260,0.0800,-0.0345
0.4000,233.4000,0.0280,0.0800,-0.0426
0.4000,233.4000,0.0300,0.0800,-0.0507
0.4000,233.4000,0.0320,0.0800,-0.0588
0.4000,233.4000,0.0340,0.0800,-0.0670
0.4000,233.4000,0.0360,0.0800,-0.0751
0.4000,233.4000,0.0380,0.0800,-0.0832
0.4000,233.4000,0.0400,0.0800,-0.0913
0.4000,233.4000,0.0420,0.0800,-0.0994
0.4000,233.4000,0.0440,0.0800,-0.1076
0.4000,233.4000,0.0460,0.0800,-0.1157
0.4000,233.4000,0.0480,0.0800,-0.1238
0.4000,233.4000,0.0500,0.0800,-0.1319
0.4000,233.4000,0.0520,0.0800,-0.1401
0.4000,233.4000,0.0540,0.0800,-0.1482
0.4000,233.4000,0.0560,0.0800,-0.1560
0.4000,233.4000,0.0580,0.0800,-0.1632
0.4000,233.4000,0.0600,0.0800,-0.1703
0.4000,233.4000,0.0620,0.0800,-0.1775
0.4000,233.4000,0.0640,0.0800,-0.1846
0.4000,233.4000,0.0660,0.0800,-0.1918
0.4000,233.4000,0.0680,0.0800,-0.1989
0.4000,233.4000,0.0700,0.0800,-0.2060
0.4000,233.4000,0.0720,0.0800,-0.2132
0.4000,233.4000,0.0740,0.0800,-0.2203
0.4000,233.4000,0.0760,0.0800,-0.2275
0.4000,233.4000,0.0780,0.0800,-0.2346
0.4000,233.4000,0.0800,0.0800,-0.2417
0.4000,233.4000,0.0000,0.0850,0.0897
0.4000,233.4000,0.0020,0.0850,0.0808
0.4000,233.4000,0.0040,0.0850,0.0719
0.4000,233.4000,0.0060,0.0850,0.0630
0.4000,233.4000,0.0080,0.0850,0.0541
0.4000,233.4000,0.0100,0.0850,0.0452
0.4000,233.4000,0.0120,0.0850,0.0363
0.4000,233.4000,0.0140,0.0850,0.0274
0.4000,233.4000,0.0160,0.0850,0.0185
0.4000,233.4000,0.0180,0.0850,0.0096
0.4000,233.4000,0.0200,0.0850,0.0007
0.4000,233.4000,0.0220,0.0850,-0.0082
0.4000,233.4000,0.0240,0.0850,-0.0165
0.4000,233.4000,0.0260,0.0850,-0.0246
0.4000,233.4000,0.0280,0.0850,-0.0327
0.4000,233.4000,0.0300,0.0850,-0.0408
0.4000,233.4000,0.0320,0.0850,-0.0490
0.4000,233.4000,0.0340,0.0850,-0.0571
0.4000,233.4000,0.0360,0.0850,-0.0652
0.4000,233.4000,0.0380,0.0850,-0.0733
0.4000,233.4000,0.0400,0.0850,-0.0814
0.4000,233.4000,0.0420,0.0850,-0.0896
0.4000,233.4000,0.0440,0.0850,-0.0977
0.4000,233.4000,0.0460,0.0850,-0.1058
0.4000,233.4000,0.0480,0.0850,-0.1139
0.4000,233.4000,0.0500,0.0850,-0.1221
0.4000,233.4000,0.0520,0.0850,-0.1302
0.4000,233.4000,0.0540,0.0850,-0.1383
0.4000,233.4000,0.0560,0.0850,-0.1457
0.4000,233.4000,0.0580,0.0850,-0.1529
0.4000,233.4000,0.0600,0.0850,-0.1600
0.4000,233.4000,0.0620,0.0850,-0.1671
0.4000,233.4000,0.0640,0.0850,-0.1743
0.4000,233.4000,0.0660,0.0850,-0.1814
0.4000,233.4000,0.0680,0.0850,-0.1886
0.4000,233.4000,0.0700,0.0850,-0.1957
0.4000,233.4000,0.0720,0.0850,-0.2029
0.4000,233.4000,0.0740,0.0850,-0.2100
0.4000,233.4000,0.0760,0.0850,-0.2171
0.4000,233.4000,0.0780,0.0850,-0.2243
0.4000,233.4000,0.0800,0.0850,-0.2314
0.4000,233.4000,0.0000,0.0900,0.0991
0.4000,233.4000,0.0020,0.0900,0.0902
0.4000,233.4000,0.0040,0.0900,0.0813
0.4000,233.4000,0.0060,0.0900,0.0724
0.4000,233.4000,0.0080,0.0900,0.0635
0.4000,233.4000,0.0100,0.0900,0.0546
0.4000,233.4000,0.0120,0.0900,0.0457
0.4000,233.4000,0.0140,0.0900,0.0368
0.4000,233.4000,0.0160,0.0900,0.0279
0.4000,233.4000,0.0180,0.0900,0.0190
0.4000,233.4000,0.0200,0.0900,0.0101
0.4000,233.4000,0.0220,0.0900,0.0015
0.4000,233.4000,0.0240,0.0900,-0.0066
0.4000,233.4000,0.0260,0.0900,-0.0147
0.4000,233.4000,0.0280,0.0900,-0.0228
0.4000,233.4000,0.0300,0.0900,-0.0310
0.4000,233.4000,0.0320,0.0900,-0.0391
0.4000,233.4000,0.0340,0.0900,-0.0472
0.4000,233.4000,0.0360,0.0900,-0.0553
0.4000,233.4000,0.0380,0.0900,-0.0634
0.4000,233.4000,0.0400,0.0900,-0.0716
0.4000,233.4000,0.0420,0.0900,-0.0797
0.4000,233.4000,0.0440,0.0900,-0.0878
0.4000,233.4000,0.0460,0.0900,-0.0959
0.4000,233.4000,0.0480,0.0900,-0.1041
0.4000,233.4000,0.0500,0.0900,-0.1122
0.4000,233.4000,0.0520,0.0900,-0.1203
0.4000,233.4000,0.0540,0.0900,-0.1283
0.4000,233.4000,0.0560,0.0900,-0.1354
0.4000,233.4000,0.0580,0.0900,-0.1425
0.4000,233.4000,0.0600,0.0900,-0.1497
0.4000,233.4000,0.0620,0.0900,-0.1568
0.4000,233.4000,0.0640,0.0900,-0.1640
0.4000,233.4000,0.0660,0.0900,-0.1711
0.4000,233.4000,0.0680,0.0900,-0.1782
0.4000,233.4000,0.0700,0.0900,-0.1854
0.4000,233.4000,0.0720,0.0900,-0.1925
0.4000,233.4000,0.0740,0.0900,-0.1997
0.4000,233.4000,0.0760,0.0900,-0.2068
0.4000,233.4000,0.0780,0.0900,-0.2140
0.4000,233.4000,0.0800,0.0900,-0.2211
0.4000,233.4000,0.0000,0.0950,0.1085
0.4000,233.4000,0.0020,0.0950,0.0995
0.4000,233.4000,0.0040,0.0950,0.0906
0.4000,233.4000,0.0060,0.0950,0.0817
0.4000,233.4000,0.0080,0.0950,0.0728
0.4000,233.4000,0.0100,0.0950,0.0639
0.4000,233.4000,0.0120,0.0950,0.0550
0.4000,233.4000,0.0140,0.0950,0.0461
0.4000,233.4000,0.0160,0.0950,0.0372
0.4000,233.4000,0.0180,0.0950,0.0283
0.4000,233.4000,0.0200,0.0950,0.0195
0.4000,233.4000,0.0220,0.0950,0.0114
0.4000,233.4000,0.0240,0.0950,0.0033
0.4000,233.4000,0.0260,0.0950,-0.0048
0.4000,233.4000,0.0280,0.0950,-0.0130
0.4000,233.4000,0.0300,0.0950,-0.0211
0.4000,233.4000,0.0320,0.0950,-0.0292
0.4000,233.4000,0.0340,0.0950,-0.0373
0.4000,233.4000,0.0360,0.0950,-0.0454
0.4000,233.4000,0.0380,0.0950,-0.0536
0.4000,233.4000,0.0400,0.0950,-0.0617
0.4000,233.4000,0.0420,0.0950,-0.0698
0.4000,233.4000,0.0440,0.0950,-0.0779
0.4000,233.4000,0.0460,0.0950,-0.0861
0.4000,233.4000,0.0480,0.0950,-0.0942
0.4000,233.4000,0.0500,0.0950,-0.1023
0.4000,233.4000,0.0520,0.0950,-0.1104
0.4000,233.4000,0.0540,0.0950,-0.1179
0.4000,233.4000,0.0560,0.0950,-0.1251
0.4000,233.4000,0.0580,0.0950,-0.1322
0.4000,233.4000,0.0600,0.0950,-0.1394
0.4000,233.4000,0.0620,0.0950,-0.1465
0.4000,233.4000,0.0640,0.0950,-0.1536
0.4000,233.4000,0.0660,0.0950,-0.1608
0.4000,233.4000,0.0680,0.0950,-0.1679
0.4000,233.4000,0.0700,0.0950,-0.1751
0.4000,233.4000,0.0720,0.0950,-0.1822
0.4000,233.4000,0.0740,0.0950,-0.1893
0.4000,233.4000,0.0760,0.0950,-0.1965
0.4000,233.4000,0.0780,0.0950,-0.2036
0.4000,233.4000,0.0800,0.0950,-0.2108
0.4000,233.4000,0.0000,0.1000,0.1178
0.4000,233.4000,0.0020,0.1000,0.1089
0.4000,233.4000,0.0040,0.1000,0.1000
0.4000,233.4000,0.0060,0.1000,0.0911
0.4000,233.4000,0.0080,0.1000,0.0822
0.4000,233.4000,0.0100,0.1000,0.0733
0.4000,233.4000,0.0120,0.1000,0.0644
0.4000,233.4000,0.0140,0.1000,0.0555
0.4000,233.4000,0.0160,0.1000,0.0466
0.4000,233.4000,0.0180,0.1000,0.0377
0.4000,233.4000,0.0200,0.1000,0.0294
0.4000,233.4000,0.0220,0.1000,0.0213
0.4000,233.4000,0.0240,0.1000,0.0132
0.4000,233.4000,0.0260,0.1000,0.0050
0.4000,233.4000,0.0280,0.1000,-0.0031
0.4000,233.4000,0.0300,0.1000,-0.0112
0.4000,233.4000,0.0320,0.1000,-0.0193
0.4000,233.4000,0.0340,0.1000,-0.0274
0.4000,233.4000,0.0360,0.1000,-0.0356
0.4000,233.4000,0.0380,0.1000,-0.0437
0.4000,233.4000,0.0400,0.1000,-0.0518
0.4000,233.4000,0.0420,0.1000,-0.0599
0.4000,233.4000,0.0440,0.1000,-0.0681
0.4000,233.4000,0.0460,0.1000,-0.0762
0.4000,233.4000,0.0480,0.1000,-0.0843
0.4000,233.4000,0.0500,0.1000,-0.0924
0.4000,233.4000,0.0520,0.1000,-0.1005
0.4000,233.4000,0.0540,0.1000,-0.1076
0.4000,233.4000,0.0560,0.1000,-0.1147
0.4000,233.4000,0.0580,0.1000,-0.1219
0.4000,233.4000,0.0600,0.1000,-0.1290
0.4000,233.4000,0.0620,0.1000,-0.1362
0.4000,233.4000,0.0640,0.1000,-0.1433
0.4000,233.4000,0.0660,0.1000,-0.1505
0.4000,233.4000,0.0680,0.1000,-0.1576
0.4000,233.4000,0.0700,0.1000,-0.1647
0.4000,233.4000,0.0720,0.1000,-0.1719
0.4000,233.4000,0.0740,0.1000,-0.1790
0.4000,233.4000,0.0760,0.1000,-0.1862
0.4000,233.4000,0.0780,0.1000,-0.1933
0.4000,233.4000,0.0800,0.1000,-0.2004
0.4000,233.4000,0.0000,0.1050,0.1272
0.4000,233.4000,0.0020,0.1050,0.1183
0.4000,233.4000,0.0040,0.1050,0.1094
0.4000,233.4000,0.0060,0.1050,0.1005
0.4000,233.4000,0.0080,0.1050,0.0916
0.4000,233.4000,0.0100,0.1050,0.0827
0.4000,233.4000,0.0120,0.1050,0.0738
0.4000,233.4000,0.0140,0.1050,0.0649
0.4000,233.4000,0.0160,0.1050,0.0560
0.4000,233.4000,0.0180,0.1050,0.0474
0.4000,233.4000,0.0200,0.1050,0.0393
0.4000,233.4000,0.0220,0.1050,0.0312
0.4000,233.4000,0.0240,0.1050,0.0230
0.4000,233.4000,0.0260,0.1050,0.0149
0.4000,233.4000,0.0280,0.1050,0.0068
0.4000,233.4000,0.0300,0.1050,-0.0013
0.4000,233.4000,0.0320,0.1050,-0.0094
0.4000,233.4000,0.0340,0.1050,-0.0176
0.4000,233.4000,0.0360,0.1050,-0.0257
0.4000,233.4000,0.0380,0.1050,-0.0338
0.4000,233.4000,0.0400,0.1050,-0.0419
0.4000,233.4000,0.0420,0.1050,-0.0501
0.4000,233.4000,0.0440,0.1050,-0.0582
0.4000,233.4000,0.0460,0.1050,-0.0663
0.4000,233.4000,0.0480,0.1050,-0.0744
0.4000,233.4000,0.0500,0.1050,-0.0825
0.4000,233.4000,0.0520,0.1050,-0.0901
0.4000,233.4000,0.0540,0.1050,-0.0973
0.4000,233.4000,0.0560,0.1050,-0.1044
0.4000,233.4000,0.0580,0.1050,-0.1116
0.4000,233.4000,0.0600,0.1050,-0.1187
0.4000,233.4000,0.0620,0.1050,-0.1258
0.4000,233.4000,0.0640,0.1050,-0.1330
0.4000,233.4000,0.0660,0.1050,-0.1401
0.4000,233.4000,0.0680,0.1050,-0.1473
0.4000,233.4000,0.0700,0.1050,-0.1544
0.4000,233.4000,0.0720,0.1050,-0.1616
0.4000,233.4000,0.0740,0.1050,-0.1687
0.4000,233.4000,0.0760,0.1050,-0.1758
0.4000,233.4000,0.0780,0.1050,-0.1830
0.4000,233.4000,0.0800,0.1050,-0.1901
0.4000,233.4000,0.0000,0.1100,0.1366
0.4000,233.4000,0.0020,0.1100,0.1277
0.4000,233.4000,0.0040,0.1100,0.1188
0.4000,233.4000,0.0060,0.1100,0.1099
0.4000,233.4000,0.0080,0.1100,0.1009
0.4000,233.4000,0.0100,0.1100,0.0920
0.4000,233.4000,0.0120,0.1100,0.0831
0.4000,233.4000,0.0140,0.1100,0.0742
0.4000,233.4000,0.0160,0.1100,0.0654
0.4000,233.4000,0.0180,0.1100,0.0573
0.4000,233.4000,0.0200,0.1100,0.0492
0.4000,233.4000,0.0220,0.1100,0.0410
0.4000,233.4000,0.0240,0.1100,0.0329
0.4000,233.4000,0.0260,0.1100,0.0248
0.4000,233.4000,0.0280,0.1100,0.0167
0.4000,233.4000,0.0300,0.1100,0.0086
0.4000,233.4000,0.0320,0.1100,0.0004
0.4000,233.4000,0.0340,0.1100,-0.0077
0.4000,233.4000,0.0360,0.1100,-0.0158
0.4000,233.4000,0.0380,0.1100,-0.0239
0.4000,233.4000,0.0400,0.1100,-0.0321
0.4000,233.4000,0.0420,0.1100,-0.0402
0.4000,233.4000,0.0440,0.1100,-0.0483
0.4000,233.4000,0.0460,0.1100,-0.0564
0.4000,233.4000,0.0480,0.1100,-0.0645
0.4000,233.4000,0.0500,0.1100,-0.0727
0.4000,233.4000,0.0520,0.1100,-0.0798
0.4000,233.4000,0.0540,0.1100,-0.0870
0.4000,233.4000,0.0560,0.1100,-0.0941
0.4000,233.4000,0.0580,0.1100,-0.1012
0.4000,233.4000,0.0600,0.1100,-0.1084
0.4000,233.4000,0.0620,0.1100,-0.1155
0.4000,233.4000,0.0640,0.1100,-0.1227
0.4000,233.4000,0.0660,0.1100,-0.1298
0.4000,233.4000,0.0680,0.1100,-0.1370
0.4000,233.4000,0.0700,0.1100,-0.1441
0.4000,233.4000,0.0720,0.1100,-0.1512
0.4000,233.4000,0.0740,0.1100,-0.1584
0.4000,233.4000,0.0760,0.1100,-0.1655
0.4000,233.4000,0.0780,0.1100,-0.1727
0.4000,233.4000,0.0800,0.1100,-0.1798
0.4000,233.4000,0.0000,0.1150,0.1459
0.4000,233.4000,0.0020,0.1150,0.1370
0.4000,233.4000,0.0040,0.1150,0.1281
0.4000,233.4000,0.0060,0.1150,0.1192
0.4000,233.4000,0.0080,0.1150,0.1103
0.4000,233.4000,0.0100,0.1150,0.1014
0.4000,233.4000,0.0120,0.1150,0.0925
0.4000,233.4000,0.0140,0.1150,0.0836
0.4000,233.4000,0.0160,0.1150,0.0753
0.4000,233.4000,0.0180,0.1150,0.0672
0.4000,233.4000,0.0200,0.1150,0.0590
0.4000,233.4000,0.0220,0.1150,0.0509
0.4000,233.4000,0.0240,0.1150,0.0428
0.4000,233.4000,0.0260,0.1150,0.0347
0.4000,233.4000,0.0280,0.1150,0.0266
0.4000,233.4000,0.0300,0.1150,0.0184
0.4000,233.4000,0.0320,0.1150,0.0103
0.4000,233.4000,0.0340,0.1150,0.0022
0.4000,233.4000,0.0360,0.1150,-0.0059
0.4000,233.4000,0.0380,0.1150,-0.0141
0.4000,233.4000,0.0400,0.1150,-0.0222
0.4000,233.4000,0.0420,0.1150,-0.0303
0.4000,233.4000,0.0440,0.1150,-0.0384
0.4000,233.4000,0.0460,0.1150,-0.0465
0.4000,233.4000,0.0480,0.1150,-0.0547
0.4000,233.4000,0.0500,0.1150,-0.0624
0.4000,233.4000,0.0520,0.1150,-0.0695
0.4000,233.4000,0.0540,0.1150,-0.0766
0.4000,233.4000,0.0560,0.1150,-0.0838
0.4000,233.4000,0.0580,0.1150,-0.0909
0.4000,233.4000,0.0600,0.1150,-0.0981
0.4000,233.4000,0.0620,0.1150,-0.1052
0.4000,233.4000,0.0640,0.1150,-0.1123
0.4000,233.4000,0.0660,0.1150,-0.1195
0.4000,233.4000,0.0680,0.1150,-0.1266
0.4000,233.4000,0.0700,0.1150,-0.1338
0.4000,233.4000,0.0720,0.1150,-0.1409
0.4000,233.4000,0.0740,0.1150,-0.1481
0.4000,233.4000,0.0760,0.1150,-0.1552
0.4000,233.4000,0.0780,0.1150,-0.1623
0.4000,233.4000,0.0800,0.1150,-0.1695
0.4000,233.4000,0.0000,0.1200,0.1553
0.4000,233.4000,0.0020,0.1200,0.1464
0.4000,233.4000,0.0040,0.1200,0.1375
0.4000,233.4000,0.0060,0.1200,0.1286
0.4000,233.4000,0.0080,0.1200,0.1197
0.4000,233.4000,0.0100,0.1200,0.1108
0.4000,233.4000,0.0120,0.1200,0.1019
0.4000,233.4000,0.0140,0.1200,0.0933
0.4000,233.4000,0.0160,0.1200,0.0852
0.4000,233.4000,0.0180,0.1200,0.0770
0.4000,233.4000,0.0200,0.1200,0.0689
0.4000,233.4000,0.0220,0.1200,0.0608
0.4000,233.4000,0.0240,0.1200,0.0527
0.4000,233.4000,0.0260,0.1200,0.0446
0.4000,233.4000,0.0280,0.1200,0.0364
0.4000,233.4000,0.0300,0.1200,0.0283
0.4000,233.4000,0.0320,0.1200,0.0202
0.4000,233.4000,0.0340,0.1200,0.0121
0.4000,233.4000,0.0360,0.1200,0.0039
0.4000,233.4000,0.0380,0.1200,-0.0042
0.4000,233.4000,0.0400,0.1200,-0.0123
0.4000,233.4000,0.0420,0.1200,-0.0204
0.4000,233.4000,0.0440,0.1200,-0.0285
0.4000,233.4000,0.0460,0.1200,-0.0367
0.4000,233.4000,0.0480,0.1200,-0.0448
0.4000,233.4000,0.0500,0.1200,-0.0520
0.4000,233.4000,0.0520,0.1200,-0.0592
0.4000,233.4000,0.0540,0.1200,-0.0663
0.4000,233.4000,0.0560,0.1200,-0.0735
0.4000,233.4000,0.0580,0.1200,-0.0806
0.4000,233.4000,0.0600,0.1200,-0.0877
0.4000,233.4000,0.0620,0.1200,-0.0949
0.4000,233.4000,0.0640,0.1200,-0.1020
0.4000,233.4000,0.0660,0.1200,-0.1092
0.4000,233.4000,0.0680,0.1200,-0.1163
0.4000,233.4000,0.0700,0.1200,-0.1234
0.4000,233.4000,0.0720,0.1200,-0.1306
0.4000,233.4000,0.0740,0.1200,-0.1377
0.4000,233.4000,0.0760,0.1200,-0.1449
0.4000,233.4000,0.0780,0.1200,-0.1520
0.4000,233.4000,0.0800,0.1200,-0.1592
0.4000,233.4000,0.0000,0.1250,0.1647
0.4000,233.4000,0.0020,0.1250,0.1558
0.4000,233.4000,0.0040,0.1250,0.1469
0.4000,233.4000,0.0060,0.1250,0.1380
0.4000,233.4000,0.0080,0.1250,0.1291
0.4000,233.4000,0.0100,0.1250,0.1202
0.4000,233.4000,0.0120,0.1250,0.1113
0.4000,233.4000,0.0140,0.1250,0.1032
0.4000,233.4000,0.0160,0.1250,0.0950
0.4000,233.4000,0.0180,0.1250,0.0869
0.4000,233.4000,0.0200,0.1250,0.0788
0.4000,233.4000,0.0220,0.1250,0.0707
0.4000,233.4000,0.0240,0.1250,0.0626
0.4000,233.4000,0.0260,0.1250,0.0544
0.4000,233.4000,0.0280,0.1250,0.0463
0.4000,233.4000,0.0300,0.1250,0.0382
0.4000,233.4000,0.0320,0.1250,0.0301
0.4000,233.4000,0.0340,0.1250,0.0219
0.4000,233.4000,0.0360,0.1250,0.0138
0.4000,233.4000,0.0380,0.1250,0.0057
0.4000,233.4000,0.0400,0.1250,-0.0024
0.4000,233.4000,0.0420,0.1250,-0.0105
0.4000,233.4000,0.0440,0.1250,-0.0187
0.4000,233.4000,0.0460,0.1250,-0.0268
0.4000,233.4000,0.0480,0.1250,-0.0346
0.4000,233.4000,0.0500,0.1250,-0.0417
0.4000,233.4000,0.0520,0.1250,-0.0488
0.4000,233.4000,0.0540,0.1250,-0.0560
0.4000,233.4000,0.0560,0.1250,-0.0631
0.4000,233.4000,0.0580,0.1250,-0.0703
0.4000,233.4000,0.0600,0.1250,-0.0774
0.4000,233.4000,0.0620,0.1250,-0.0846
0.4000,233.4000,0.0640,0.1250,-0.0917
0.4000,233.4000,0.0660,0.1250,-0.0988
0.4000,233.4000,0.0680,0.1250,-0.1060
0.4000,233.4000,0.0700,0.1250,-0.1131
0.4000,233.4000,0.0720,0.1250,-0.1203
0.4000,233.4000,0.0740,0.1250,-0.1274
0.4000,233.4000,0.0760,0.1250,-0.1345
0.4000,233.4000,0.0780,0.1250,-0.1417
0.4000,233.4000,0.0800,0.1250,-0.1488
0.4000,233.4000,0.0000,0.1300,0.1740
0.4000,233.4000,0.0020,0.1300,0.1651
0.4000,233.4000,0.0040,0.1300,0.1562
0.4000,233.4000,0.0060,0.1300,0.1473
0.4000,233.4000,0.0080,0.1300,0.1384
0.4000,233.4000,0.0100,0.1300,0.1295
0.4000,233.4000,0.0120,0.1300,0.1212
0.4000,233.4000,0.0140,0.1300,0.1130
0.4000,233.4000,0.0160,0.1300,0.1049
0.4000,233.4000,0.0180,0.1300,0.0968
0.4000,233.4000,0.0200,0.1300,0.0887
0.4000,233.4000,0.0220,0.1300,0.0806
0.4000,233.4000,0.0240,0.1300,0.0724
0.4000,233.4000,0.0260,0.1300,0.0643
0.4000,233.4000,0.0280,0.1300,0.0562
0.4000,233.4000,0.0300,0.1300,0.0481
0.4000,233.4000,0.0320,0.1300,0.0399
0.4000,233.4000,0.0340,0.1300,0.0318
0.4000,233.4000,0.0360,0.1300,0.0237
0.4000,233.4000,0.0380,0.1300,0.0156
0.4000,233.4000,0.0400,0.1300,0.0075
0.4000,233.4000,0.0420,0.1300,-0.0007
0.4000,233.4000,0.0440,0.1300,-0.0088
0.4000,233.4000,0.0460,0.1300,-0.0169
0.4000,233.4000,0.0480,0.1300,-0.0242
0.4000,233.4000,0.0500,0.1300,-0.0314
0.4000,233.4000,0.0520,0.1300,-0.0385
0.4000,233.4000,0.0540,0.1300,-0.0457
0.4000,233.4000,0.0560,0.1300,-0.0528
0.4000,233.4000,0.0580,0.1300,-0.0599
0.4000,233.4000,0.0600,0.1300,-0.0671
0.4000,233.4000,0.0620,0.1300,-0.0742
0.4000,233.4000,0.0640,0.1300,-0.0814
0.4000,233.4000,0.0660,0.1300,-0.0885
0.4000,233.4000,0.0680,0.1300,-0.0957
0.4000,233.4000,0.0700,0.1300,-0.1028
0.4000,233.4000,0.0720,0.1300,-0.1099
0.4000,233.4000,0.0740,0.1300,-0.1171
0.4000,233.4000,0.0760,0.1300,-0.1242
0.4000,233.4000,0.0780,0.1300,-0.1314
0.4000,233.4000,0.0800,0.1300,-0.1385
0.4000,233.4000,0.0000,0.1350,0.1834
0.4000,233.4000,0.0020,0.1350,0.1745
0.4000,233.4000,0.0040,0.1350,0.1656
0.4000,233.4000,0.0060,0.1350,0.1567
0.4000,233.4000,0.0080,0.1350,0.1478
0.4000,233.4000,0.0100,0.1350,0.1392
0.4000,233.4000,0.0120,0.1350,0.1310
0.4000,233.4000,0.0140,0.1350,0.1229
0.4000,233.4000,0.0160,0.1350,0.1148
0.4000,233.4000,0.0180,0.1350,0.1067
0.4000,233.4000,0.0200,0.1350,0.0985
0.4000,233.4000,0.0220,0.1350,0.0904
0.4000,233.4000,0.0240,0.1350,0.0823
0.4000,233.4000,0.0260,0.1350,0.0742
0.4000,233.4000,0.0280,0.1350,0.0661
0.4000,233.4000,0.0300,0.1350,0.0579
0.4000,233.4000,0.0320,0.1350,0.0498
0.4000,233.4000,0.0340,0.1350,0.0417
0.4000,233.4000,0.0360,0.1350,0.0336
0.4000,233.4000,0.0380,0.1350,0.0255
0.4000,233.4000,0.0400,0.1350,0.0173
0.4000,233.4000,0.0420,0.1350,0.0092
0.4000,233.4000,0.0440,0.1350,0.0011
0.4000,233.4000,0.0460,0.1350,-0.0068
0.4000,233.4000,0.0480,0.1350,-0.0139
0.4000,233.4000,0.0500,0.1350,-0.0211
0.4000,233.4000,0.0520,0.1350,-0.0282
0.4000,233.4000,0.0540,0.1350,-0.0353
0.4000,233.4000,0.0560,0.1350,-0.0425
0.4000,233.4000,0.0580,0.1350,-0.0496
0.4000,233.4000,0.0600,0.1350,-0.0568
0.4000,233.4000,0.0620,0.1350,-0.0639
0.4000,233.4000,0.0640,0.1350,-0.0710
0.4000,233.4000,0.0660,0.1350,-0.0782
0.4000,233.4000,0.0680,0.1350,-0.0853
0.4000,233.4000,0.0700,0.1350,-0.0925
0.4000,233.4000,0.0720,0.1350,-0.0996
0.4000,233.4000,0.0740,0.1350,-0.1068
0.4000,233.4000,0.0760,0.1350,-0.1139
0.4000,233.4000,0.0780,0.1350,-0.1210
0.4000,233.4000,0.0800,0.1350,-0.1282
0.4000,233.4000,0.0000,0.1400,0.1928
0.4000,233.4000,0.0020,0.1400,0.1839
0.4000,233.4000,0.0040,0.1400,0.1750
0.4000,233.4000,0.0060,0.1400,0.1661
0.4000,233.4000,0.0080,0.1400,0.1572
0.4000,233.4000,0.0100,0.1400,0.1490
0.4000,233.4000,0.0120,0.1400,0.1409
0.4000,233.4000,0.0140,0.1400,0.1328
0.4000,233.4000,0.0160,0.1400,0.1247
0.4000,233.4000,0.0180,0.1400,0.1165
0.4000,233.4000,0.0200,0.1400,0.1084
0.4000,233.4000,0.0220,0.1400,0.1003
0.4000,233.4000,0.0240,0.1400,0.0922
0.4000,233.4000,0.0260,0.1400,0.0841
0.4000,233.4000,0.0280,0.1400,0.0759
0.4000,233.4000,0.0300,0.1400,0.0678
0.4000,233.4000,0.0320,0.1400,0.0597
0.4000,233.4000,0.0340,0.1400,0.0516
0.4000,233.4000,0.0360,0.1400,0.0435
0.4000,233.4000,0.0380,0.1400,0.0353
0.4000,233.4000,0.0400,0.1400,0.0272
0.4000,233.4000,0.0420,0.1400,0.0191
0.4000,233.4000,0.0440,0.1400,0.0110
0.4000,233.4000,0.0460,0.1400,0.0036
0.4000,233.4000,0.0480,0.1400,-0.0036
0.4000,233.4000,0.0500,0.1400,-0.0107
0.4000,233.4000,0.0520,0.1400,-0.0179
0.4000,233.4000,0.0540,0.1400,-0.0250
0.4000,233.4000,0.0560,0.1400,-0.0322
0.4000,233.4000,0.0580,0.1400,-0.0393
0.4000,233.4000,0.0600,0.1400,-0.0464
0.4000,233.4000,0.0620,0.1400,-0.0536
0.4000,233.4000,0.0640,0.1400,-0.0607
0.4000,233.4000,0.0660,0.1400,-0.0679
0.4000,233.4000,0.0680,0.1400,-0.0750
0.4000,233.4000,0.0700,0.1400,-0.0821
0.4000,233.4000,0.0720,0.1400,-0.0893
0.4000,233.4000,0.0740,0.1400,-0.0964
0.4000,233.4000,0.0760,0.1400,-0.1036
0.4000,233.4000,0.0780,0.1400,-0.1107
0.4000,233.4000,0.0800,0.1400,-0.1179
0.4000,233.4000,0.0000,0.1450,0.2021
0.4000,233.4000,0.0020,0.1450,0.1932
0.4000,233.4000,0.0040,0.1450,0.1843
0.4000,233.4000,0.0060,0.1450,0.1754
0.4000,233.4000,0.0080,0.1450,0.1670
0.4000,233.4000,0.0100,0.1450,0.1589
0.4000,233.4000,0.0120,0.1450,0.1508
0.4000,233.4000,0.0140,0.1450,0.1427
0.4000,233.4000,0.0160,0.1450,0.1345
0.4000,233.4000,0.0180,0.1450,0.1264
0.4000,233.4000,0.0200,0.1450,0.1183
0.4000,233.4000,0.0220,0.1450,0.1102
0.4000,233.4000,0.0240,0.1450,0.1021
0.4000,233.4000,0.0260,0.1450,0.0939
0.4000,233.4000,0.0280,0.1450,0.0858
0.4000,233.4000,0.0300,0.1450,0.0777
0.4000,233.4000,0.0320,0.1450,0.0696
0.4000,233.4000,0.0340,0.1450,0.0615
0.4000,233.4000,0.0360,0.1450,0.0533
0.4000,233.4000,0.0380,0.1450,0.0452
0.4000,233.4000,0.0400,0.1450,0.0371
0.4000,233.4000,0.0420,0.1450,0.0290
0.4000,233.4000,0.0440,0.1450,0.0210
0.4000,233.4000,0.0460,0.1450,0.0139
0.4000,233.4000,0.0480,0.1450,0.0067
0.4000,233.4000,0.0500,0.1450,-0.0004
0.4000,233.4000,0.0520,0.1450,-0.0075
0.4000,233.4000,0.0540,0.1450,-0.0147
0.4000,233.4000,0.0560,0.1450,-0.0218
0.4000,233.4000,0.0580,0.1450,-0.0290
0.4000,233.4000,0.0600,0.1450,-0.0361
0.4000,233.4000,0.0620,0.1450,-0.0433
0.4000,233.4000,0.0640,0.1450,-0.0504
0.4000,233.4000,0.0660,0.1450,-0.0575
0.4000,233.4000,0.0680,0.1450,-0.0647
0.4000,233.4000,0.0700,0.1450,-0.0718
0.4000,233.4000,0.0720,0.1450,-0.0790
0.4000,233.4000,0.0740,0.1450,-0.0861
0.4000,233.4000,0.0760,0.1450,-0.0932
0.4000,233.4000,0.0780,0.1450,-0.1004
0.4000,233.4000,0.0800,0.1450,-0.1075
0.4000,233.4000,0.0000,0.1500,0.2115
0.4000,233.4000,0.0020,0.1500,0.2026
0.4000,233.4000,0.0040,0.1500,0.1937
0.4000,233.4000,0.0060,0.1500,0.1850
0.4000,233.4000,0.0080,0.1500,0.1769
0.4000,233.4000,0.0100,0.1500,0.1688
0.4000,233.4000,0.0120,0.1500,0.1607
0.4000,233.4000,0.0140,0.1500,0.1525
0.4000,233.4000,0.0160,0.1500,0.1444
0.4000,233.4000,0.0180,0.1500,0.1363
0.4000,233.4000,0.0200,0.1500,0.1282
0.4000,233.4000,0.0220,0.1500,0.1201
0.4000,233.4000,0.0240,0.1500,0.1119
0.4000,233.4000,0.0260,0.1500,0.1038
0.4000,233.4000,0.0280,0.1500,0.0957
0.4000,233.4000,0.0300,0.1500,0.0876
0.4000,233.4000,0.0320,0.1500,0.0794
0.4000,233.4000,0.0340,0.1500,0.0713
0.4000,233.4000,0.0360,0.1500,0.0632
0.4000,233.4000,0.0380,0.1500,0.0551
0.4000,233.4000,0.0400,0.1500,0.0470
0.4000,233.4000,0.0420,0.1500,0.0388
0.4000,233.4000,0.0440,0.1500,0.0313
0.4000,233.4000,0.0460,0.1500,0.0242
0.4000,233.4000,0.0480,0.1500,0.0171
0.4000,233.4000,0.0500,0.1500,0.0099
0.4000,233.4000,0.0520,0.1500,0.0028
0.4000,233.4000,0.0540,0.1500,-0.0044
0.4000,233.4000,0.0560,0.1500,-0.0115
0.4000,233.4000,0.0580,0.1500,-0.0186
0.4000,233.4000,0.0600,0.1500,-0.0258
0.4000,233.4000,0.0620,0.1500,-0.0329
0.4000,233.4000,0.0640,0.1500,-0.0401
0.4000,233.4000,0.0660,0.1500,-0.0472
0.4000,233.4000,0.0680,0.1500,-0.0544
0.4000,233.4000,0.0700,0.1500,-0.0615
0.4000,233.4000,0.0720,0.1500,-0.0686
0.4000,233.4000,0.0740,0.1500,-0.0758
0.4000,233.4000,0.0760,0.1500,-0.0829
0.4000,233.4000,0.0780,0.1500,-0.0901
0.4000,233.4000,0.0800,0.1500,-0.0972
0.4000,233.4000,0.0000,0.1550,0.2209
0.4000,233.4000,0.0020,0.1550,0.2120
0.4000,233.4000,0.0040,0.1550,0.2031
0.4000,233.4000,0.0060,0.1550,0.1949
0.4000,233.4000,0.0080,0.1550,0.1868
0.4000,233.4000,0.0100,0.1550,0.1787
0.4000,233.4000,0.0120,0.1550,0.1705
0.4000,233.4000,0.0140,0.1550,0.1624
0.4000,233.4000,0.0160,0.1550,0.1543
0.4000,233.4000,0.0180,0.1550,0.1462
0.4000,233.4000,0.0200,0.1550,0.1381
0.4000,233.4000,0.0220,0.1550,0.1299
0.4000,233.4000,0.0240,0.1550,0.1218
0.4000,233.4000,0.0260,0.1550,0.1137
0.4000,233.4000,0.0280,0.1550,0.1056
0.4000,233.4000,0.0300,0.1550,0.0974
0.4000,233.4000,0.0320,0.1550,0.0893
0.4000,233.4000,0.0340,0.1550,0.0812
0.4000,233.4000,0.0360,0.1550,0.0731
0.4000,233.4000,0.0380,0.1550,0.0650
0.4000,233.4000,0.0400,0.1550,0.0568
0.4000,233.4000,0.0420,0.1550,0.0488
0.4000,233.4000,0.0440,0.1550,0.0417
0.4000,233.4000,0.0460,0.1550,0.0345
0.4000,233.4000,0.0480,0.1550,0.0274
0.4000,233.4000,0.0500,0.1550,0.0202
0.4000,233.4000,0.0520,0.1550,0.0131
0.4000,233.4000,0.0540,0.1550,0.0060
0.4000,233.4000,0.0560,0.1550,-0.0012
0.4000,233.4000,0.0580,0.1550,-0.0083
0.4000,233.4000,0.0600,0.1550,-0.0155
0.4000,233.4000,0.0620,0.1550,-0.0226
0.4000,233.4000,0.0640,0.1550,-0.0298
0.4000,233.4000,0.0660,0.1550,-0.0369
0.4000,233.4000,0.0680,0.1550,-0.0440
0.4000,233.4000,0.0700,0.1550,-0.0512
0.4000,233.4000,0.0720,0.1550,-0.0583
0.4000,233.4000,0.0740,0.1550,-0.0655
0.4000,233.4000,0.0760,0.1550,-0.0726
0.4000,233.4000,0.0780,0.1550,-0.0797
0.4000,233.4000,0.0800,0.1550,-0.0869
0.4000,233.4000,0.0000,0.1600,0.2303
0.4000,233.4000,0.0020,0.1600,0.2213
0.4000,233.4000,0.0040,0.1600,0.2129
0.4000,233.4000,0.0060,0.1600,0.2048
0.4000,233.4000,0.0080,0.1600,0.1967
0.4000,233.4000,0.0100,0.1600,0.1885
0.4000,233.4000,0.0120,0.1600,0.1804
0.4000,233.4000,0.0140,0.1600,0.1723
0.4000,233.4000,0.0160,0.1600,0.1642
0.4000,233.4000,0.0180,0.1600,0.1561
0.4000,233.4000,0.0200,0.1600,0.1479
0.4000,233.4000,0.0220,0.1600,0.1398
0.4000,233.4000,0.0240,0.1600,0.1317
0.4000,233.4000,0.0260,0.1600,0.1236
0.4000,233.4000,0.0280,0.1600,0.1154
0.4000,233.4000,0.0300,0.1600,0.1073
0.4000,233.4000,0.0320,0.1600,0.0992
0.4000,233.4000,0.0340,0.1600,0.0911
0.4000,233.4000,0.0360,0.1600,0.0830
0.4000,233.4000,0.0380,0.1600,0.0748
0.4000,233.4000,0.0400,0.1600,0.0667
0.4000,233.4000,0.0420,0.1600,0.0591
0.4000,233.4000,0.0440,0.1600,0.0520
0.4000,233.4000,0.0460,0.1600,0.0448
0.4000,233.4000,0.0480,0.1600,0.0377
0.4000,233.4000,0.0500,0.1600,0.0306
0.4000,233.4000,0.0520,0.1600,0.0234
0.4000,233.4000,0.0540,0.1600,0.0163
0.4000,233.4000,0.0560,0.1600,0.0091
0.4000,233.4000,0.0580,0.1600,0.0020
0.4000,233.4000,0.0600,0.1600,-0.0051
0.4000,233.4000,0.0620,0.1600,-0.0123
0.4000,233.4000,0.0640,0.1600,-0.0194
0.4000,233.4000,0.0660,0.1600,-0.0266
0.4000,233.4000,0.0680,0.1600,-0.0337
0.4000,233.4000,0.0700,0.1600,-0.0409
0.4000,233.4000,0.0720,0.1600,-0.0480
0.4000,233.4000,0.0740,0.1600,-0.0551
0.4000,233.4000,0.0760,0.1600,-0.0623
0.4000,233.4000,0.0780,0.1600,-0.0694
0.4000,233.4000,0.0800,0.1600,-0.0766
0.4000,233.4000,0.0000,0.1650,0.2396
0.4000,233.4000,0.0020,0.1650,0.2309
0.4000,233.4000,0.0040,0.1650,0.2228
0.4000,233.4000,0.0060,0.1650,0.2147
0.4000,233.4000,0.0080,0.1650,0.2065
0.4000,233.4000,0.0100,0.1650,0.1984
0.4000,233.4000,0.0120,0.1650,0.1903
0.4000,233.4000,0.0140,0.1650,0.1822
0.4000,233.4000,0.0160,0.1650,0.1741
0.4000,233.4000,0.0180,0.1650,0.1659
0.4000,233.4000,0.0200,0.1650,0.1578
0.4000,233.4000,0.0220,0.1650,0.1497
0.4000,233.4000,0.0240,0.1650,0.1416
0.4000,233.4000,0.0260,0.1650,0.1334
0.4000,233.4000,0.0280,0.1650,0.1253
0.4000,233.4000,0.0300,0.1650,0.1172
0.4000,233.4000,0.0320,0.1650,0.1091
0.4000,233.4000,0.0340,0.1650,0.1010
0.4000,233.4000,0.0360,0.1650,0.0928
0.4000,233.4000,0.0380,0.1650,0.0847
0.4000,233.4000,0.0400,0.1650,0.0766
0.4000,233.4000,0.0420,0.1650,0.0695
0.4000,233.4000,0.0440,0.1650,0.0623
0.4000,233.4000,0.0460,0.1650,0.0552
0.4000,233.4000,0.0480,0.1650,0.0480
0.4000,233.4000,0.0500,0.1650,0.0409
0.4000,233.4000,0.0520,0.1650,0.0337
0.4000,233.4000,0.0540,0.1650,0.0266
0.4000,233.4000,0.0560,0.1650,0.0195
0.4000,233.4000,0.0580,0.1650,0.0123
0.4000,233.4000,0.0600,0.1650,0.0052
0.4000,233.4000,0.0620,0.1650,-0.0020
0.4000,233.4000,0.0640,0.1650,-0.0091
0.4000,233.4000,0.0660,0.1650,-0.0162
0.4000,233.4000,0.0680,0.1650,-0.0234
0.4000,233.4000,0.0700,0.1650,-0.0305
0.4000,233.4000,0.0720,0.1650,-0.0377
0.4000,233.4000,0.0740,0.1650,-0.0448
0.4000,233.4000,0.0760,0.1650,-0.0520
0.4000,233.4000,0.0780,0.1650,-0.0591
0.4000,233.4000,0.0800,0.1650,-0.0662
0.4000,233.4000,0.0000,0.1700,0.2490
0.4000,233.4000,0.0020,0.1700,0.2408
0.4000,233.4000,0.0040,0.1700,0.2327
0.4000,233.4000,0.0060,0.1700,0.2245
0.4000,233.4000,0.0080,0.1700,0.2164
0.4000,233.4000,0.0100,0.1700,0.2083
0.4000,233.4000,0.0120,0.1700,0.2002
0.4000,233.4000,0.0140,0.1700,0.1921
0.4000,233.4000,0.0160,0.1700,0.1839
0.4000,233.4000,0.0180,0.1700,0.1758
0.4000,233.4000,0.0200,0.1700,0.1677
0.4000,233.4000,0.0220,0.1700,0.1596
0.4000,233.4000,0.0240,0.1700,0.1514
0.4000,233.4000,0.0260,0.1700,0.1433
0.4000,233.4000,0.0280,0.1700,0.1352
0.4000,233.4000,0.0300,0.1700,0.1271
0.4000,233.4000,0.0320,0.1700,0.1190
0.4000,233.4000,0.0340,0.1700,0.1108
0.4000,233.4000,0.0360,0.1700,0.1027
0.4000,233.4000,0.0380,0.1700,0.0946
0.4000,233.4000,0.0400,0.1700,0.0869
0.4000,233.4000,0.0420,0.1700,0.0798
0.4000,233.4000,0.0440,0.1700,0.0726
0.4000,233.4000,0.0460,0.1700,0.0655
0.4000,233.4000,0.0480,0.1700,0.0584
0.4000,233.4000,0.0500,0.1700,0.0512
0.4000,233.4000,0.0520,0.1700,0.0441
0.4000,233.4000,0.0540,0.1700,0.0369
0.4000,233.4000,0.0560,0.1700,0.0298
0.4000,233.4000,0.0580,0.1700,0.0226
0.4000,233.4000,0.0600,0.1700,0.0155
0.4000,233.4000,0.0620,0.1700,0.0084
0.4000,233.4000,0.0640,0.1700,0.0012
0.4000,233.4000,0.0660,0.1700,-0.0059
0.4000,233.4000,0.0680,0.1700,-0.0131
0.4000,233.4000,0.0700,0.1700,-0.0202
0.4000,233.4000,0.0720,0.1700,-0.0273
0.4000,233.4000,0.0740,0.1700,-0.0345
0.4000,233.4000,0.0760,0.1700,-0.0416
0.4000,233.4000,0.0780,0.1700,-0.0488
0.4000,233.4000,0.0800,0.1700,-0.0559
0.4000,233.4000,0.0000,0.1750,0.2588
0.4000,233.4000,0.0020,0.1750,0.2507
0.4000,233.4000,0.0040,0.1750,0.2425
0.4000,233.4000,0.0060,0.1750,0.2344
0.4000,233.4000,0.0080,0.1750,0.2263
0.4000,233.4000,0.0100,0.1750,0.2182
0.4000,233.4000,0.0120,0.1750,0.2101
0.4000,233.4000,0.0140,0.1750,0.2019
0.4000,233.4000,0.0160,0.1750,0.1938
0.4000,233.4000,0.0180,0.1750,0.1857
0.4000,233.4000,0.0200,0.1750,0.1776
0.4000,233.4000,0.0220,0.1750,0.1694
0.4000,233.4000,0.0240,0.1750,0.1613
0.4000,233.4000,0.0260,0.1750,0.1532
0.4000,233.4000,0.0280,0.1750,0.1451
0.4000,233.4000,0.0300,0.1750,0.1370
0.4000,233.4000,0.0320,0.1750,0.1288
0.4000,233.4000,0.0340,0.1750,0.1207
0.4000,233.4000,0.0360,0.1750,0.1126
0.4000,233.4000,0.0380,0.1750,0.1045
0.4000,233.4000,0.0400,0.1750,0.0972
0.4000,233.4000,0.0420,0.1750,0.0901
0.4000,233.4000,0.0440,0.1750,0.0830
0.4000,233.4000,0.0460,0.1750,0.0758
0.4000,233.4000,0.0480,0.1750,0.0687
0.4000,233.4000,0.0500,0.1750,0.0615
0.4000,233.4000,0.0520,0.1750,0.0544
0.4000,233.4000,0.0540,0.1750,0.0473
0.4000,233.4000,0.0560,0.1750,0.0401
0.4000,233.4000,0.0580,0.1750,0.0330
0.4000,233.4000,0.0600,0.1750,0.0258
0.4000,233.4000,0.0620,0.1750,0.0187
0.4000,233.4000,0.0640,0.1750,0.0115
0.4000,233.4000,0.0660,0.1750,0.0044
0.4000,233.4000,0.0680,0.1750,-0.0027
0.4000,233.4000,0.0700,0.1750,-0.0099
0.4000,233.4000,0.0720,0.1750,-0.0170
0.4000,233.4000,0.0740,0.1750,-0.0242
0.4000,233.4000,0.0760,0.1750,-0.0313
0.4000,233.4000,0.0780,0.1750,-0.0384
0.4000,233.4000,0.0800,0.1750,-0.0456
0.4000,233.4000,0.0000,0.1800,0.2687
0.4000,233.4000,0.0020,0.1800,0.2605
0.4000,233.4000,0.0040,0.1800,0.2524
0.4000,233.4000,0.0060,0.1800,0.2443
0.4000,233.4000,0.0080,0.1800,0.2362
0.4000,233.4000,0.0100,0.1800,0.2281
0.4000,233.4000,0.0120,0.1800,0.2199
0.4000,233.4000,0.0140,0.1800,0.2118
0.4000,233.4000,0.0160,0.1800,0.2037
0.4000,233.4000,0.0180,0.1800,0.1956
0.4000,233.4000,0.0200,0.1800,0.1874
0.4000,233.4000,0.0220,0.1800,0.1793
0.4000,233.4000,0.0240,0.1800,0.1712
0.4000,233.4000,0.0260,0.1800,0.1631
0.4000,233.4000,0.0280,0.1800,0.1550
0.4000,233.4000,0.0300,0.1800,0.1468
0.4000,233.4000,0.0320,0.1800,0.1387
0.4000,233.4000,0.0340,0.1800,0.1306
0.4000,233.4000,0.0360,0.1800,0.1225
0.4000,233.4000,0.0380,0.1800,0.1147
0.4000,233.4000,0.0400,0.1800,0.1076
0.4000,233.4000,0.0420,0.1800,0.1004
0.4000,233.4000,0.0440,0.1800,0.0933
0.4000,233.4000,0.0460,0.1800,0.0861
0.4000,233.4000,0.0480,0.1800,0.0790
0.4000,233.4000,0.0500,0.1800,0.0719
0.4000,233.4000,0.0520,0.1800,0.0647
0.4000,233.4000,0.0540,0.1800,0.0576
0.4000,233.4000,0.0560,0.1800,0.0504
0.4000,233.4000,0.0580,0.1800,0.0433
0.4000,233.4000,0.0600,0.1800,0.0362
0.4000,233.4000,0.0620,0.1800,0.0290
0.4000,233.4000,0.0640,0.1800,0.0219
0.4000,233.4000,0.0660,0.1800,0.0147
0.4000,233.4000,0.0680,0.1800,0.0076
0.4000,233.4000,0.0700,0.1800,0.0004
0.4000,233.4000,0.0720,0.1800,-0.0067
0.4000,233.4000,0.0740,0.1800,-0.0138
0.4000,233.4000,0.0760,0.1800,-0.0210
0.4000,233.4000,0.0780,0.1800,-0.0281
0.4000,233.4000,0.0800,0.1800,-0.0353
0.4000,233.4000,0.0000,0.1850,0.2785
0.4000,233.4000,0.0020,0.1850,0.2704
0.4000,233.4000,0.0040,0.1850,0.2623
0.4000,233.4000,0.0060,0.1850,0.2542
0.4000,233.4000,0.0080,0.1850,0.2461
0.4000,233.4000,0.0100,0.1850,0.2379
0.4000,233.4000,0.0120,0.1850,0.2298
0.4000,233.4000,0.0140,0.1850,0.2217
0.4000,233.4000,0.0160,0.1850,0.2136
0.4000,233.4000,0.0180,0.1850,0.2054
0.4000,233.4000,0.0200,0.1850,0.1973
0.4000,233.4000,0.0220,0.1850,0.1892
0.4000,233.4000,0.0240,0.1850,0.1811
0.4000,233.4000,0.0260,0.1850,0.1730
0.4000,233.4000,0.0280,0.1850,0.1648
0.4000,233.4000,0.0300,0.1850,0.1567
0.4000,233.4000,0.0320,0.1850,0.1486
0.4000,233.4000,0.0340,0.1850,0.1405
0.4000,233.4000,0.0360,0.1850,0.1323
0.4000,233.4000,0.0380,0.1850,0.1250
0.4000,233.4000,0.0400,0.1850,0.1179
0.4000,233.4000,0.0420,0.1850,0.1108
0.4000,233.4000,0.0440,0.1850,0.1036
0.4000,233.4000,0.0460,0.1850,0.0965
0.4000,233.4000,0.0480,0.1850,0.0893
0.4000,233.4000,0.0500,0.1850,0.0822
0.4000,233.4000,0.0520,0.1850,0.0750
0.4000,233.4000,0.0540,0.1850,0.0679
0.4000,233.4000,0.0560,0.1850,0.0608
0.4000,233.4000,0.0580,0.1850,0.0536
0.4000,233.4000,0.0600,0.1850,0.0465
0.4000,233.4000,0.0620,0.1850,0.0393
0.4000,233.4000,0.0640,0.1850,0.0322
0.4000,233.4000,0.0660,0.1850,0.0251
0.4000,233.4000,0.0680,0.1850,0.0179
0.4000,233.4000,0.0700,0.1850,0.0108
0.4000,233.4000,0.0720,0.1850,0.0036
0.4000,233.4000,0.0740,0.1850,-0.0035
0.4000,233.4000,0.0760,0.1850,-0.0107
0.4000,233.4000,0.0780,0.1850,-0.0178
0.4000,233.4000,0.0800,0.1850,-0.0249
0.4000,233.4000,0.0000,0.1900,0.2884
0.4000,233.4000,0.0020,0.1900,0.2803
0.4000,233.4000,0.0040,0.1900,0.2722
0.4000,233.4000,0.0060,0.1900,0.2641
0.4000,233.4000,0.0080,0.1900,0.2559
0.4000,233.4000,0.0100,0.1900,0.2478
0.4000,233.4000,0.0120,0.1900,0.2397
0.4000,233.4000,0.0140,0.1900,0.2316
0.4000,233.4000,0.0160,0.1900,0.2234
0.4000,233.4000,0.0180,0.1900,0.2153
0.4000,233.4000,0.0200,0.1900,0.2072
0.4000,233.4000,0.0220,0.1900,0.1991
0.4000,233.4000,0.0240,0.1900,0.1910
0.4000,233.4000,0.0260,0.1900,0.1828
0.4000,233.4000,0.0280,0.1900,0.1747
0.4000,233.4000,0.0300,0.1900,0.1666
0.4000,233.4000,0.0320,0.1900,0.1585
0.4000,233.4000,0.0340,0.1900,0.1503
0.4000,233.4000,0.0360,0.1900,0.1425
0.4000,233.4000,0.0380,0.1900,0.1354
0.4000,233.4000,0.0400,0.1900,0.1282
0.4000,233.4000,0.0420,0.1900,0.1211
0.4000,233.4000,0.0440,0.1900,0.1139
0.4000,233.4000,0.0460,0.1900,0.1068
0.4000,233.4000,0.0480,0.1900,0.0997
0.4000,233.4000,0.0500,0.1900,0.0925
0.4000,233.4000,0.0520,0.1900,0.0854
0.4000,233.4000,0.0540,0.1900,0.0782
0.4000,233.4000,0.0560,0.1900,0.0711
0.4000,233.4000,0.0580,0.1900,0.0639
0.4000,233.4000,0.0600,0.1900,0.0568
0.4000,233.4000,0.0620,0.1900,0.0497
0.4000,233.4000,0.0640,0.1900,0.0425
0.4000,233.4000,0.0660,0.1900,0.0354
0.4000,233.4000,0.0680,0.1900,0.0282
0.4000,233.4000,0.0700,0.1900,0.0211
0.4000,233.4000,0.0720,0.1900,0.0140
0.4000,233.4000,0.0740,0.1900,0.0068
0.4000,233.4000,0.0760,0.1900,-0.0003
0.4000,233.4000,0.0780,0.1900,-0.0075
0.4000,233.4000,0.0800,0.1900,-0.0146
0.4000,233.4000,0.0000,0.1950,0.2983
0.4000,233.4000,0.0020,0.1950,0.2902
0.4000,233.4000,0.0040,0.1950,0.2821
0.4000,233.4000,0.0060,0.1950,0.2739
0.4000,233.4000,0.0080,0.1950,0.2658
0.4000,233.4000,0.0100,0.1950,0.2577
0.4000,233.4000,0.0120,0.1950,0.2496
0.4000,233.4000,0.0140,0.1950,0.2414
0.4000,233.4000,0.0160,0.1950,0.2333
0.4000,233.4000,0.0180,0.1950,0.2252
0.4000,233.4000,0.0200,0.1950,0.2171
0.4000,233.4000,0.0220,0.1950,0.2090
0.4000,233.4000,0.0240,0.1950,0.2008
0.4000,233.4000,0.0260,0.1950,0.1927
0.4000,233.4000,0.0280,0.1950,0.1846
0.4000,233.4000,0.0300,0.1950,0.1765
0.4000,233.4000,0.0320,0.1950,0.1683
0.4000,233.4000,0.0340,0.1950,0.1602
0.4000,233.4000,0.0360,0.1950,0.1528
0.4000,233.4000,0.0380,0.1950,0.1457
0.4000,233.4000,0.0400,0.1950,0.1385
0.4000,233.4000,0.0420,0.1950,0.1314
0.4000,233.4000,0.0440,0.1950,0.1243
0.4000,233.4000,0.0460,0.1950,0.1171
0.4000,233.4000,0.0480,0.1950,0.1100
0.4000,233.4000,0.0500,0.1950,0.1028
0.4000,233.4000,0.0520,0.1950,0.0957
0.4000,233.4000,0.0540,0.1950,0.0886
0.4000,233.4000,0.0560,0.1950,0.0814
0.4000,233.4000,0.0580,0.1950,0.0743
0.4000,233.4000,0.0600,0.1950,0.0671
0.4000,233.4000,0.0620,0.1950,0.0600
0.4000,233.4000,0.0640,0.1950,0.0528
0.4000,233.4000,0.0660,0.1950,0.0457
0.4000,233.4000,0.0680,0.1950,0.0386
0.4000,233.4000,0.0700,0.1950,0.0314
0.4000,233.4000,0.0720,0.1950,0.0243
0.4000,233.4000,0.0740,0.1950,0.0171
0.4000,233.4000,0.0760,0.1950,0.0100
0.4000,233.4000,0.0780,0.1950,0.0029
0.4000,233.4000,0.0800,0.1950,-0.0043
0.4000,233.4000,0.0000,0.2000,0.3082
0.4000,233.4000,0.0020,0.2000,0.3001
0.4000,233.4000,0.0040,0.2000,0.2919
0.4000,233.4000,0.0060,0.2000,0.2838
0.4000,233.4000,0.0080,0.2000,0.2757
0.4000,233.4000,0.0100,0.2000,0.2676
0.4000,233.4000,0.0120,0.2000,0.2594
0.4000,233.4000,0.0140,0.2000,0.2513
0.4000,233.4000,0.0160,0.2000,0.2432
0.4000,233.4000,0.0180,0.2000,0.2351
0.4000,233.4000,0.0200,0.2000,0.2270
0.4000,233.4000,0.0220,0.2000,0.2188
0.4000,233.4000,0.0240,0.2000,0.2107
0.4000,233.4000,0.0260,0.2000,0.2026
0.4000,233.4000,0.0280,0.2000,0.1945
0.4000,233.4000,0.0300,0.2000,0.1863
0.4000,233.4000,0.0320,0.2000,0.1782
0.4000,233.4000,0.0340,0.2000,0.1703
0.4000,233.4000,0.0360,0.2000,0.1631
0.4000,233.4000,0.0380,0.2000,0.1560
0.4000,233.4000,0.0400,0.2000,0.1489
0.4000,233.4000,0.0420,0.2000,0.1417
0.4000,233.4000,0.0440,0.2000,0.1346
0.4000,233.4000,0.0460,0.2000,0.1274
0.4000,233.4000,0.0480,0.2000,0.1203
0.4000,233.4000,0.0500,0.2000,0.1132
0.4000,233.4000,0.0520,0.2000,0.1060
0.4000,233.4000,0.0540,0.2000,0.0989
0.4000,233.4000,0.0560,0.2000,0.0917
0.4000,233.4000,0.0580,0.2000,0.0846
0.4000,233.4000,0.0600,0.2000,0.0774
0.4000,233.4000,0.0620,0.2000,0.0703
0.4000,233.4000,0.0640,0.2000,0.0632
0.4000,233.4000,0.0660,0.2000,0.0560
0.4000,233.4000,0.0680,0.2000,0.0489
0.4000,233.4000,0.0700,0.2000,0.0417
0.4000,233.4000,0.0720,0.2000,0.0346
0.4000,233.4000,0.0740,0.2000,0.0275
0.4000,233.4000,0.0760,0.2000,0.0203
0.4000,233.4000,0.0780,0.2000,0.0132
0.4000,233.4000,0.0800,0.2000,0.0060
0.6000,165.6000,0.0000,0.0000,0.0216
0.6000,165.6000,0.0020,0.0000,0.0014
0.6000,165.6000,0.0040,0.0000,-0.0189
0.6000,165.6000,0.0060,0.0000,-0.0385
0.6000,165.6000,0.0080,0.0000,-0.0569
0.6000,165.6000,0.0100,0.0000,-0.0746
0.6000,165.6000,0.0120,0.0000,-0.0902
0.6000,165.6000,0.0140,0.0000,-0.1048
0.6000,165.6000,0.0160,0.0000,-0.1191
0.6000,165.6000,0.0180,0.0000,-0.1318
0.6000,165.6000,0.0200,0.0000,-0.1437
0.6000,165.6000,0.0220,0.0000,-0.1556
0.6000,165.6000,0.0240,0.0000,-0.1675
0.6000,165.6000,0.0260,0.0000,-0.1794
0.6000,165.6000,0.0280,0.0000,-0.1913
0.6000,165.6000,0.0300,0.0000,-0.2031
0.6000,165.6000,0.0320,0.0000,-0.2120
0.6000,165.6000,0.0340,0.0000,-0.2209
0.6000,165.6000,0.0360,0.0000,-0.2298
0.6000,165.6000,0.0380,0.0000,-0.2387
0.6000,165.6000,0.0400,0.0000,-0.2476
0.6000,165.6000,0.0420,0.0000,-0.2565
0.6000,165.6000,0.0440,0.0000,-0.2654
0.6000,165.6000,0.0460,0.0000,-0.2737
0.6000,165.6000,0.0480,0.0000,-0.2818
0.6000,165.6000,0.0500,0.0000,-0.2900
0.6000,165.6000,0.0520,0.0000,-0.2981
0.6000,165.6000,0.0540,0.0000,-0.3062
0.6000,165.6000,0.0560,0.0000,-0.3143
0.6000,165.6000,0.0580,0.0000,-0.3225
0.6000,165.6000,0.0600,0.0000,-0.3306
0.6000,165.6000,0.0620,0.0000,-0.3387
0.6000,165.6000,0.0640,0.0000,-0.3468
0.6000,165.6000,0.0660,0.0000,-0.3549
0.6000,165.6000,0.0680,0.0000,-0.3631
0.6000,165.6000,0.0700,0.0000,-0.3712
0.6000,165.6000,0.0720,0.0000,-0.3784
0.6000,165.6000,0.0740,0.0000,-0.3855
0.6000,165.6000,0.0760,0.0000,-0.3926
0.6000,165.6000,0.0780,0.0000,-0.3998
0.6000,165.6000,0.0800,0.0000,-0.4069
0.6000,165.6000,0.0000,0.0050,0.0243
0.6000,165.6000,0.0020,0.0050,0.0040
0.6000,165.6000,0.0040,0.0050,-0.0159
0.6000,165.6000,0.0060,0.0050,-0.0350
0.6000,165.6000,0.0080,0.0050,-0.0534
0.6000,165.6000,0.0100,0.0050,-0.0694
0.6000,165.6000,0.0120,0.0050,-0.0841
0.6000,165.6000,0.0140,0.0050,-0.0985
0.6000,165.6000,0.0160,0.0050,-0.1114
0.6000,165.6000,0.0180,0.0050,-0.1233
0.6000,165.6000,0.0200,0.0050,-0.1352
0.6000,165.6000,0.0220,0.0050,-0.1471
0.6000,165.6000,0.0240,0.0050,-0.1590
0.6000,165.6000,0.0260,0.0050,-0.1709
0.6000,165.6000,0.0280,0.0050,-0.1828
0.6000,165.6000,0.0300,0.0050,-0.1924
0.6000,165.6000,0.0320,0.0050,-0.2013
0.6000,165.6000,0.0340,0.0050,-0.2102
0.6000,165.6000,0.0360,0.0050,-0.2191
0.6000,165.6000,0.0380,0.0050,-0.2280
0.6000,165.6000,0.0400,0.0050,-0.2369
0.6000,165.6000,0.0420,0.0050,-0.2458
0.6000,165.6000,0.0440,0.0050,-0.2544
0.6000,165.6000,0.0460,0.0050,-0.2626
0.6000,165.6000,0.0480,0.0050,-0.2707
0.6000,165.6000,0.0500,0.0050,-0.2788
0.6000,165.6000,0.0520,0.0050,-0.2869
0.6000,165.6000,0.0540,0.0050,-0.2950
0.6000,165.6000,0.0560,0.0050,-0.3032
0.6000,165.6000,0.0580,0.0050,-0.3113
0.6000,165.6000,0.0600,0.0050,-0.3194
0.6000,165.6000,0.0620,0.0050,-0.3275
0.6000,165.6000,0.0640,0.0050,-0.3356
0.6000,165.6000,0.0660,0.0050,-0.3438
0.6000,165.6000,0.0680,0.0050,-0.3519
0.6000,165.6000,0.0700,0.0050,-0.3597
0.6000,165.6000,0.0720,0.0050,-0.3668
0.6000,165.6000,0.0740,0.0050,-0.3740
0.6000,165.6000,0.0760,0.0050,-0.3811
0.6000,165.6000,0.0780,0.0050,-0.3883
0.6000,165.6000,0.0800,0.0050,-0.3954
0.6000,165.6000,0.0000,0.0100,0.0273
0.6000,165.6000,0.0020,0.0100,0.0074
0.6000,165.6000,0.0040,0.0100,-0.0125
0.6000,165.6000,0.0060,0.0100,-0.0315
0.6000,165.6000,0.0080,0.0100,-0.0485
0.6000,165.6000,0.0100,0.0100,-0.0635
0.6000,165.6000,0.0120,0.0100,-0.0779
0.6000,165.6000,0.0140,0.0100,-0.0910
0.6000,165.6000,0.0160,0.0100,-0.1029
0.6000,165.6000,0.0180,0.0100,-0.1148
0.6000,165.6000,0.0200,0.0100,-0.1267
0.6000,165.6000,0.0220,0.0100,-0.1386
0.6000,165.6000,0.0240,0.0100,-0.1505
0.6000,165.6000,0.0260,0.0100,-0.1624
0.6000,165.6000,0.0280,0.0100,-0.1728
0.6000,165.6000,0.0300,0.0100,-0.1817
0.6000,165.6000,0.0320,0.0100,-0.1906
0.6000,165.6000,0.0340,0.0100,-0.1995
0.6000,165.6000,0.0360,0.0100,-0.2084
0.6000,165.6000,0.0380,0.0100,-0.2173
0.6000,165.6000,0.0400,0.0100,-0.2262
0.6000,165.6000,0.0420,0.0100,-0.2351
0.6000,165.6000,0.0440,0.0100,-0.2433
0.6000,165.6000,0.0460,0.0100,-0.2514
0.6000,165.6000,0.0480,0.0100,-0.2595
0.6000,165.6000,0.0500,0.0100,-0.2676
0.6000,165.6000,0.0520,0.0100,-0.2757
0.6000,165.6000,0.0540,0.0100,-0.2839
0.6000,165.6000,0.0560,0.0100,-0.2920
0.6000,165.6000,0.0580,0.0100,-0.3001
0.6000,165.6000,0.0600,0.0100,-0.3082
0.6000,165.6000,0.0620,0.0100,-0.3164
0.6000,165.6000,0.0640,0.0100,-0.3245
0.6000,165.6000,0.0660,0.0100,-0.3326
0.6000,165.6000,0.0680,0.0100,-0.3407
0.6000,165.6000,0.0700,0.0100,-0.3482
0.6000,165.6000,0.0720,0.0100,-0.3553
0.6000,165.6000,0.0740,0.0100,-0.3625
0.6000,165.6000,0.0760,0.0100,-0.3696
0.6000,165.6000,0.0780,0.0100,-0.3768
0.6000,165.6000,0.0800,0.0100,-0.3839
0.6000,165.6000,0.0000,0.0150,0.0306
0.6000,165.6000,0.0020,0.0150,0.0107
0.6000,165.6000,0.0040,0.0150,-0.0092
0.6000,165.6000,0.0060,0.0150,-0.0270
0.6000,165.6000,0.0080,0.0150,-0.0429
0.6000,165.6000,0.0100,0.0150,-0.0573
0.6000,165.6000,0.0120,0.0150,-0.0706
0.6000,165.6000,0.0140,0.0150,-0.0825
0.6000,165.6000,0.0160,0.0150,-0.0944
0.6000,165.6000,0.0180,0.0150,-0.1062
0.6000,165.6000,0.0200,0.0150,-0.1181
0.6000,165.6000,0.0220,0.0150,-0.1300
0.6000,165.6000,0.0240,0.0150,-0.1419
0.6000,165.6000,0.0260,0.0150,-0.1531
0.6000,165.6000,0.0280,0.0150,-0.1620
0.6000,165.6000,0.0300,0.0150,-0.1709
0.6000,165.6000,0.0320,0.0150,-0.1798
0.6000,165.6000,0.0340,0.0150,-0.1887
0.6000,165.6000,0.0360,0.0150,-0.1976
0.6000,165.6000,0.0380,0.0150,-0.2066
0.6000,165.6000,0.0400,0.0150,-0.2155
0.6000,165.6000,0.0420,0.0150,-0.2240
0.6000,165.6000,0.0440,0.0150,-0.2321
0.6000,165.6000,0.0460,0.0150,-0.2402
0.6000,165.6000,0.0480,0.0150,-0.2483
0.6000,165.6000,0.0500,0.0150,-0.2564
0.6000,165.6000,0.0520,0.0150,-0.2646
0.6000,165.6000,0.0540,0.0150,-0.2727
0.6000,165.6000,0.0560,0.0150,-0.2808
0.6000,165.6000,0.0580,0.0150,-0.2889
0.6000,165.6000,0.0600,0.0150,-0.2971
0.6000,165.6000,0.0620,0.0150,-0.3052
0.6000,165.6000,0.0640,0.0150,-0.3133
0.6000,165.6000,0.0660,0.0150,-0.3214
0.6000,165.6000,0.0680,0.0150,-0.3295
0.6000,165.6000,0.0700,0.0150,-0.3367
0.6000,165.6000,0.0720,0.0150,-0.3438
0.6000,165.6000,0.0740,0.0150,-0.3510
0.6000,165.6000,0.0760,0.0150,-0.3581
0.6000,165.6000,0.0780,0.0150,-0.3652
0.6000,165.6000,0.0800,0.0150,-0.3724
0.6000,165.6000,0.0000,0.0200,0.0339
0.6000,165.6000,0.0020,0.0200,0.0143
0.6000,165.6000,0.0040,0.0200,-0.0044
0.6000,165.6000,0.0060,0.0200,-0.0216
0.6000,165.6000,0.0080,0.0200,-0.0366
0.6000,165.6000,0.0100,0.0200,-0.0501
0.6000,165.6000,0.0120,0.0200,-0.0620
0.6000,165.6000,0.0140,0.0200,-0.0739
0.6000,165.6000,0.0160,0.0200,-0.0858
0.6000,165.6000,0.0180,0.0200,-0.0977
0.6000,165.6000,0.0200,0.0200,-0.1096
0.6000,165.6000,0.0220,0.0200,-0.1215
0.6000,165.6000,0.0240,0.0200,-0.1334
0.6000,165.6000,0.0260,0.0200,-0.1424
0.6000,165.6000,0.0280,0.0200,-0.1513
0.6000,165.6000,0.0300,0.0200,-0.1602
0.6000,165.6000,0.0320,0.0200,-0.1691
0.6000,165.6000,0.0340,0.0200,-0.1780
0.6000,165.6000,0.0360,0.0200,-0.1869
0.6000,165.6000,0.0380,0.0200,-0.1958
0.6000,165.6000,0.0400,0.0200,-0.2047
0.6000,165.6000,0.0420,0.0200,-0.2128
0.6000,165.6000,0.0440,0.0200,-0.2209
0.6000,165.6000,0.0460,0.0200,-0.2290
0.6000,165.6000,0.0480,0.0200,-0.2371
0.6000,165.6000,0.0500,0.0200,-0.2453
0.6000,165.6000,0.0520,0.0200,-0.2534
0.6000,165.6000,0.0540,0.0200,-0.2615
0.6000,165.6000,0.0560,0.0200,-0.2696
0.6000,165.6000,0.0580,0.0200,-0.2778
0.6000,165.6000,0.0600,0.0200,-0.2859
0.6000,165.6000,0.0620,0.0200,-0.2940
0.6000,165.6000,0.0640,0.0200,-0.3021
0.6000,165.6000,0.0660,0.0200,-0.3102
0.6000,165.6000,0.0680,0.0200,-0.3180
0.6000,165.6000,0.0700,0.0200,-0.3252
0.6000,165.6000,0.0720,0.0200,-0.3323
0.6000,165.6000,0.0740,0.0200,-0.3394
0.6000,165.6000,0.0760,0.0200,-0.3466
0.6000,165.6000,0.0780,0.0200,-0.3537
0.6000,165.6000,0.0800,0.0200,-0.3609
0.6000,165.6000,0.0000,0.0250,0.0380
0.6000,165.6000,0.0020,0.0250,0.0194
0.6000,165.6000,0.0040,0.0250,0.0007
0.6000,165.6000,0.0060,0.0250,-0.0154
0.6000,165.6000,0.0080,0.0250,-0.0297
0.6000,165.6000,0.0100,0.0250,-0.0416
0.6000,165.6000,0.0120,0.0250,-0.0535
0.6000,165.6000,0.0140,0.0250,-0.0654
0.6000,165.6000,0.0160,0.0250,-0.0773
0.6000,165.6000,0.0180,0.0250,-0.0892
0.6000,165.6000,0.0200,0.0250,-0.1011
0.6000,165.6000,0.0220,0.0250,-0.1130
0.6000,165.6000,0.0240,0.0250,-0.1228
0.6000,165.6000,0.0260,0.0250,-0.1317
0.6000,165.6000,0.0280,0.0250,-0.1406
0.6000,165.6000,0.0300,0.0250,-0.1495
0.6000,165.6000,0.0320,0.0250,-0.1584
0.6000,165.6000,0.0340,0.0250,-0.1673
0.6000,165.6000,0.0360,0.0250,-0.1762
0.6000,165.6000,0.0380,0.0250,-0.1851
0.6000,165.6000,0.0400,0.0250,-0.1935
0.6000,165.6000,0.0420,0.0250,-0.2016
0.6000,165.6000,0.0440,0.0250,-0.2097
0.6000,165.6000,0.0460,0.0250,-0.2179
0.6000,165.6000,0.0480,0.0250,-0.2260
0.6000,165.6000,0.0500,0.0250,-0.2341
0.6000,165.6000,0.0520,0.0250,-0.2422
0.6000,165.6000,0.0540,0.0250,-0.2503
0.6000,165.6000,0.0560,0.0250,-0.2585
0.6000,165.6000,0.0580,0.0250,-0.2666
0.6000,165.6000,0.0600,0.0250,-0.2747
0.6000,165.6000,0.0620,0.0250,-0.2828
0.6000,165.6000,0.0640,0.0250,-0.2909
0.6000,165.6000,0.0660,0.0250,-0.2991
0.6000,165.6000,0.0680,0.0250,-0.3065
0.6000,165.6000,0.0700,0.0250,-0.3136
0.6000,165.6000,0.0720,0.0250,-0.3208
0.6000,165.6000,0.0740,0.0250,-0.3279
0.6000,165.6000,0.0760,0.0250,-0.3351
0.6000,165.6000,0.0780,0.0250,-0.3422
0.6000,165.6000,0.0800,0.0250,-0.3494
0.6000,165.6000,0.0000,0.0300,0.0431
0.6000,165.6000,0.0020,0.0300,0.0244
0.6000,165.6000,0.0040,0.0300,0.0068
0.6000,165.6000,0.0060,0.0300,-0.0087
0.6000,165.6000,0.0080,0.0300,-0.0212
0.6000,165.6000,0.0100,0.0300,-0.0331
0.6000,165.6000,0.0120,0.0300,-0.0450
0.6000,165.6000,0.0140,0.0300,-0.0569
0.6000,165.6000,0.0160,0.0300,-0.0688
0.6000,165.6000,0.0180,0.0300,-0.0807
0.6000,165.6000,0.0200,0.0300,-0.0926
0.6000,165.6000,0.0220,0.0300,-0.1032
0.6000,165.6000,0.0240,0.0300,-0.1121
0.6000,165.6000,0.0260,0.0300,-0.1210
0.6000,165.6000,0.0280,0.0300,-0.1299
0.6000,165.6000,0.0300,0.0300,-0.1388
0.6000,165.6000,0.0320,0.0300,-0.1477
0.6000,165.6000,0.0340,0.0300,-0.1566
0.6000,165.6000,0.0360,0.0300,-0.1655
0.6000,165.6000,0.0380,0.0300,-0.1742
0.6000,165.6000,0.0400,0.0300,-0.1823
0.6000,165.6000,0.0420,0.0300,-0.1904
0.6000,165.6000,0.0440,0.0300,-0.1986
0.6000,165.6000,0.0460,0.0300,-0.2067
0.6000,165.6000,0.0480,0.0300,-0.2148
0.6000,165.6000,0.0500,0.0300,-0.2229
0.6000,165.6000,0.0520,0.0300,-0.2310
0.6000,165.6000,0.0540,0.0300,-0.2392
0.6000,165.6000,0.0560,0.0300,-0.2473
0.6000,165.6000,0.0580,0.0300,-0.2554
0.6000,165.6000,0.0600,0.0300,-0.2635
0.6000,165.6000,0.0620,0.0300,-0.2717
0.6000,165.6000,0.0640,0.0300,-0.2798
0.6000,165.6000,0.0660,0.0300,-0.2878
0.6000,165.6000,0.0680,0.0300,-0.2950
0.6000,165.6000,0.0700,0.0300,-0.3021
0.6000,165.6000,0.0720,0.0300,-0.3093
0.6000,165.6000,0.0740,0.0300,-0.3164
0.6000,165.6000,0.0760,0.0300,-0.3236
0.6000,165.6000,0.0780,0.0300,-0.3307
0.6000,165.6000,0.0800,0.0300,-0.3378
0.6000,165.6000,0.0000,0.0350,0.0482
0.6000,165.6000,0.0020,0.0350,0.0302
0.6000,165.6000,0.0040,0.0350,0.0133
0.6000,165.6000,0.0060,0.0350,-0.0002
0.6000,165.6000,0.0080,0.0350,-0.0127
0.6000,165.6000,0.0100,0.0350,-0.0246
0.6000,165.6000,0.0120,0.0350,-0.0365
0.6000,165.6000,0.0140,0.0350,-0.0484
0.6000,165.6000,0.0160,0.0350,-0.0603
0.6000,165.6000,0.0180,0.0350,-0.0722
0.6000,165.6000,0.0200,0.0350,-0.0835
0.6000,165.6000,0.0220,0.0350,-0.0924
0.6000,165.6000,0.0240,0.0350,-0.1013
0.6000,165.6000,0.0260,0.0350,-0.1102
0.6000,165.6000,0.0280,0.0350,-0.1192
0.6000,165.6000,0.0300,0.0350,-0.1281
0.6000,165.6000,0.0320,0.0350,-0.1370
0.6000,165.6000,0.0340,0.0350,-0.1459
0.6000,165.6000,0.0360,0.0350,-0.1548
0.6000,165.6000,0.0380,0.0350,-0.1630
0.6000,165.6000,0.0400,0.0350,-0.1711
0.6000,165.6000,0.0420,0.0350,-0.1793
0.6000,165.6000,0.0440,0.0350,-0.1874
0.6000,165.6000,0.0460,0.0350,-0.1955
0.6000,165.6000,0.0480,0.0350,-0.2036
0.6000,165.6000,0.0500,0.0350,-0.2117
0.6000,165.6000,0.0520,0.0350,-0.2199
0.6000,165.6000,0.0540,0.0350,-0.2280
0.6000,165.6000,0.0560,0.0350,-0.2361
0.6000,165.6000,0.0580,0.0350,-0.2442
0.6000,165.6000,0.0600,0.0350,-0.2524
0.6000,165.6000,0.0620,0.0350,-0.2605
0.6000,165.6000,0.0640,0.0350,-0.2686
0.6000,165.6000,0.0660,0.0350,-0.2763
0.6000,165.6000,0.0680,0.0350,-0.2835
0.6000,165.6000,0.0700,0.0350,-0.2906
0.6000,165.6000,0.0720,0.0350,-0.2978
0.6000,165.6000,0.0740,0.0350,-0.3049
0.6000,165.6000,0.0760,0.0350,-0.3120
0.6000,165.6000,0.0780,0.0350,-0.3192
0.6000,165.6000,0.0800,0.0350,-0.3263
0.6000,165.6000,0.0000,0.0400,0.0538
0.6000,165.6000,0.0020,0.0400,0.0363
0.6000,165.6000,0.0040,0.0400,0.0218
0.6000,165.6000,0.0060,0.0400,0.0083
0.6000,165.6000,0.0080,0.0400,-0.0041
0.6000,165.6000,0.0100,0.0400,-0.0160
0.6000,165.6000,0.0120,0.0400,-0.0279
0.6000,165.6000,0.0140,0.0400,-0.0398
0.6000,165.6000,0.0160,0.0400,-0.0517
0.6000,165.6000,0.0180,0.0400,-0.0636
0.6000,165.6000,0.0200,0.0400,-0.0728
0.6000,165.6000,0.0220,0.0400,-0.0817
0.6000,165.6000,0.0240,0.0400,-0.0906
0.6000,165.6000,0.0260,0.0400,-0.0995
0.6000,165.6000,0.0280,0.0400,-0.1084
0.6000,165.6000,0.0300,0.0400,-0.1173
0.6000,165.6000,0.0320,0.0400,-0.1262
0.6000,165.6000,0.0340,0.0400,-0.1351
0.6000,165.6000,0.0360,0.0400,-0.1437
0.6000,165.6000,0.0380,0.0400,-0.1518
0.6000,165.6000,0.0400,0.0400,-0.1600
0.6000,165.6000,0.0420,0.0400,-0.1681
0.6000,165.6000,0.0440,0.0400,-0.1762
0.6000,165.6000,0.0460,0.0400,-0.1843
0.6000,165.6000,0.0480,0.0400,-0.1924
0.6000,165.6000,0.0500,0.0400,-0.2006
0.6000,165.6000,0.0520,0.0400,-0.2087
0.6000,165.6000,0.0540,0.0400,-0.2168
0.6000,165.6000,0.0560,0.0400,-0.2249
0.6000,165.6000,0.0580,0.0400,-0.2331
0.6000,165.6000,0.0600,0.0400,-0.2412
0.6000,165.6000,0.0620,0.0400,-0.2493
0.6000,165.6000,0.0640,0.0400,-0.2574
0.6000,165.6000,0.0660,0.0400,-0.2648
0.6000,165.6000,0.0680,0.0400,-0.2720
0.6000,165.6000,0.0700,0.0400,-0.2791
0.6000,165.6000,0.0720,0.0400,-0.2862
0.6000,165.6000,0.0740,0.0400,-0.2934
0.6000,165.6000,0.0760,0.0400,-0.3005
0.6000,165.6000,0.0780,0.0400,-0.3077
0.6000,165.6000,0.0800,0.0400,-0.3148
0.6000,165.6000,0.0000,0.0450,0.0598
0.6000,165.6000,0.0020,0.0450,0.0438
0.6000,165.6000,0.0040,0.0450,0.0303
0.6000,165.6000,0.0060,0.0450,0.0168
0.6000,165.6000,0.0080,0.0450,0.0044
0.6000,165.6000,0.0100,0.0450,-0.0075
0.6000,165.6000,0.0120,0.0450,-0.0194
0.6000,165.6000,0.0140,0.0450,-0.0313
0.6000,165.6000,0.0160,0.0450,-0.0432
0.6000,165.6000,0.0180,0.0450,-0.0532
0.6000,165.6000,0.0200,0.0450,-0.0621
0.6000,165.6000,0.0220,0.0450,-0.0710
0.6000,165.6000,0.0240,0.0450,-0.0799
0.6000,165.6000,0.0260,0.0450,-0.0888
0.6000,165.6000,0.0280,0.0450,-0.0977
0.6000,165.6000,0.0300,0.0450,-0.1066
0.6000,165.6000,0.0320,0.0450,-0.1155
0.6000,165.6000,0.0340,0.0450,-0.1244
0.6000,165.6000,0.0360,0.0450,-0.1325
0.6000,165.6000,0.0380,0.0450,-0.1407
0.6000,165.6000,0.0400,0.0450,-0.1488
0.6000,165.6000,0.0420,0.0450,-0.1569
0.6000,165.6000,0.0440,0.0450,-0.1650
0.6000,165.6000,0.0460,0.0450,-0.1732
0.6000,165.6000,0.0480,0.0450,-0.1813
0.6000,165.6000,0.0500,0.0450,-0.1894
0.6000,165.6000,0.0520,0.0450,-0.1975
0.6000,165.6000,0.0540,0.0450,-0.2056
0.6000,165.6000,0.0560,0.0450,-0.2138
0.6000,165.6000,0.0580,0.0450,-0.2219
0.6000,165.6000,0.0600,0.0450,-0.2300
0.6000,165.6000,0.0620,0.0450,-0.2381
0.6000,165.6000,0.0640,0.0450,-0.2462
0.6000,165.6000,0.0660,0.0450,-0.2533
0.6000,165.6000,0.0680,0.0450,-0.2604
0.6000,165.6000,0.0700,0.0450,-0.2676
0.6000,165.6000,0.0720,0.0450,-0.2747
0.6000,165.6000,0.0740,0.0450,-0.2819
0.6000,165.6000,0.0760,0.0450,-0.2890
0.6000,165.6000,0.0780,0.0450,-0.2961
0.6000,165.6000,0.0800,0.0450,-0.3033
0.6000,165.6000,0.0000,0.0500,0.0659
0.6000,165.6000,0.0020,0.0500,0.0523
0.6000,165.6000,0.0040,0.0500,0.0388
0.6000,165.6000,0.0060,0.0500,0.0253
0.6000,165.6000,0.0080,0.0500,0.0129
0.6000,165.6000,0.0100,0.0500,0.0010
0.6000,165.6000,0.0120,0.0500,-0.0109
0.6000,165.6000,0.0140,0.0500,-0.0228
0.6000,165.6000,0.0160,0.0500,-0.0336
0.6000,165.6000,0.0180,0.0500,-0.0425
0.6000,165.6000,0.0200,0.0500,-0.0514
0.6000,165.6000,0.0220,0.0500,-0.0603
0.6000,165.6000,0.0240,0.0500,-0.0692
0.6000,165.6000,0.0260,0.0500,-0.0781
0.6000,165.6000,0.0280,0.0500,-0.0870
0.6000,165.6000,0.0300,0.0500,-0.0959
0.6000,165.6000,0.0320,0.0500,-0.1048
0.6000,165.6000,0.0340,0.0500,-0.1132
0.6000,165.6000,0.0360,0.0500,-0.1214
0.6000,165.6000,0.0380,0.0500,-0.1295
0.6000,165.6000,0.0400,0.0500,-0.1376
0.6000,165.6000,0.0420,0.0500,-0.1457
0.6000,165.6000,0.0440,0.0500,-0.1539
0.6000,165.6000,0.0460,0.0500,-0.1620
0.6000,165.6000,0.0480,0.0500,-0.1701
0.6000,165.6000,0.0500,0.0500,-0.1782
0.6000,165.6000,0.0520,0.0500,-0.1863
0.6000,165.6000,0.0540,0.0500,-0.1945
0.6000,165.6000,0.0560,0.0500,-0.2026
0.6000,165.6000,0.0580,0.0500,-0.2107
0.6000,165.6000,0.0600,0.0500,-0.2188
0.6000,165.6000,0.0620,0.0500,-0.2270
0.6000,165.6000,0.0640,0.0500,-0.2346
0.6000,165.6000,0.0660,0.0500,-0.2418
0.6000,165.6000,0.0680,0.0500,-0.2489
0.6000,165.6000,0.0700,0.0500,-0.2561
0.6000,165.6000,0.0720,0.0500,-0.2632
0.6000,165.6000,0.0740,0.0500,-0.2703
0.6000,165.6000,0.0760,0.0500,-0.2775
0.6000,165.6000,0.0780,0.0500,-0.2846
0.6000,165.6000,0.0800,0.0500,-0.2918
0.6000,165.6000,0.0000,0.0550,0.0744
0.6000,165.6000,0.0020,0.0550,0.0608
0.6000,165.6000,0.0040,0.0550,0.0473
0.6000,165.6000,0.0060,0.0550,0.0338
0.6000,165.6000,0.0080,0.0550,0.0214
0.6000,165.6000,0.0100,0.0550,0.0095
0.6000,165.6000,0.0120,0.0550,-0.0024
0.6000,165.6000,0.0140,0.0550,-0.0139
0.6000,165.6000,0.0160,0.0550,-0.0228
0.6000,165.6000,0.0180,0.0550,-0.0317
0.6000,165.6000,0.0200,0.0550,-0.0407
0.6000,165.6000,0.0220,0.0550,-0.0496
0.6000,165.6000,0.0240,0.0550,-0.0585
0.6000,165.6000,0.0260,0.0550,-0.0674
0.6000,165.6000,0.0280,0.0550,-0.0763
0.6000,165.6000,0.0300,0.0550,-0.0852
0.6000,165.6000,0.0320,0.0550,-0.0939
0.6000,165.6000,0.0340,0.0550,-0.1021
0.6000,165.6000,0.0360,0.0550,-0.1102
0.6000,165.6000,0.0380,0.0550,-0.1183
0.6000,165.6000,0.0400,0.0550,-0.1264
0.6000,165.6000,0.0420,0.0550,-0.1346
0.6000,165.6000,0.0440,0.0550,-0.1427
0.6000,165.6000,0.0460,0.0550,-0.1508
0.6000,165.6000,0.0480,0.0550,-0.1589
0.6000,165.6000,0.0500,0.0550,-0.1670
0.6000,165.6000,0.0520,0.0550,-0.1752
0.6000,165.6000,0.0540,0.0550,-0.1833
0.6000,165.6000,0.0560,0.0550,-0.1914
0.6000,165.6000,0.0580,0.0550,-0.1995
0.6000,165.6000,0.0600,0.0550,-0.2077
0.6000,165.6000,0.0620,0.0550,-0.2158
0.6000,165.6000,0.0640,0.0550,-0.2231
0.6000,165.6000,0.0660,0.0550,-0.2303
0.6000,165.6000,0.0680,0.0550,-0.2374
0.6000,165.6000,0.0700,0.0550,-0.2446
0.6000,165.6000,0.0720,0.0550,-0.2517
0.6000,165.6000,0.0740,0.0550,-0.2588
0.6000,165.6000,0.0760,0.0550,-0.2660
0.6000,165.6000,0.0780,0.0550,-0.2731
0.6000,165.6000,0.0800,0.0550,-0.2803
0.6000,165.6000,0.0000,0.0600,0.0829
0.6000,165.6000,0.0020,0.0600,0.0693
0.6000,165.6000,0.0040,0.0600,0.0558
0.6000,165.6000,0.0060,0.0600,0.0423
0.6000,165.6000,0.0080,0.0600,0.0299
0.6000,165.6000,0.0100,0.0600,0.0180
0.6000,165.6000,0.0120,0.0600,0.0062
0.6000,165.6000,0.0140,0.0600,-0.0032
0.6000,165.6000,0.0160,0.0600,-0.0121
0.6000,165.6000,0.0180,0.0600,-0.0210
0.6000,165.6000,0.0200,0.0600,-0.0299
0.6000,165.6000,0.0220,0.0600,-0.0388
0.6000,165.6000,0.0240,0.0600,-0.0477
0.6000,165.6000,0.0260,0.0600,-0.0566
0.6000,165.6000,0.0280,0.0600,-0.0655
0.6000,165.6000,0.0300,0.0600,-0.0744
0.6000,165.6000,0.0320,0.0600,-0.0828
0.6000,165.6000,0.0340,0.0600,-0.0909
0.6000,165.6000,0.0360,0.0600,-0.0990
0.6000,165.6000,0.0380,0.0600,-0.1071
0.6000,165.6000,0.0400,0.0600,-0.1153
0.6000,165.6000,0.0420,0.0600,-0.1234
0.6000,165.6000,0.0440,0.0600,-0.1315
0.6000,165.6000,0.0460,0.0600,-0.1396
0.6000,165.6000,0.0480,0.0600,-0.1477
0.6000,165.6000,0.0500,0.0600,-0.1559
0.6000,165.6000,0.0520,0.0600,-0.1640
0.6000,165.6000,0.0540,0.0600,-0.1721
0.6000,165.6000,0.0560,0.0600,-0.1802
0.6000,165.6000,0.0580,0.0600,-0.1884
0.6000,165.6000,0.0600,0.0600,-0.1965
0.6000,165.6000,0.0620,0.0600,-0.2045
0.6000,165.6000,0.0640,0.0600,-0.2116
0.6000,165.6000,0.0660,0.0600,-0.2188
0.6000,165.6000,0.0680,0.0600,-0.2259
0.6000,165.6000,0.0700,0.0600,-0.2330
0.6000,165.6000,0.0720,0.0600,-0.2402
0.6000,165.6000,0.0740,0.0600,-0.2473
0.6000,165.6000,0.0760,0.0600,-0.2545
0.6000,165.6000,0.0780,0.0600,-0.2616
0.6000,165.6000,0.0800,0.0600,-0.2687
0.6000,165.6000,0.0000,0.0650,0.0914
0.6000,165.6000,0.0020,0.0650,0.0778
0.6000,165.6000,0.0040,0.0650,0.0643
0.6000,165.6000,0.0060,0.0650,0.0508
0.6000,165.6000,0.0080,0.0650,0.0385
0.6000,165.6000,0.0100,0.0650,0.0266
0.6000,165.6000,0.0120,0.0650,0.0164
0.6000,165.6000,0.0140,0.0650,0.0075
0.6000,165.6000,0.0160,0.0650,-0.0014
0.6000,165.6000,0.0180,0.0650,-0.0103
0.6000,165.6000,0.0200,0.0650,-0.0192
0.6000,165.6000,0.0220,0.0650,-0.0281
0.6000,165.6000,0.0240,0.0650,-0.0370
0.6000,165.6000,0.0260,0.0650,-0.0459
0.6000,165.6000,0.0280,0.0650,-0.0548
0.6000,165.6000,0.0300,0.0650,-0.0635
0.6000,165.6000,0.0320,0.0650,-0.0716
0.6000,165.6000,0.0340,0.0650,-0.0797
0.6000,165.6000,0.0360,0.0650,-0.0878
0.6000,165.6000,0.0380,0.0650,-0.0960
0.6000,165.6000,0.0400,0.0650,-0.1041
0.6000,165.6000,0.0420,0.0650,-0.1122
0.6000,165.6000,0.0440,0.0650,-0.1203
0.6000,165.6000,0.0460,0.0650,-0.1285
0.6000,165.6000,0.0480,0.0650,-0.1366
0.6000,165.6000,0.0500,0.0650,-0.1447
0.6000,165.6000,0.0520,0.0650,-0.1528
0.6000,165.6000,0.0540,0.0650,-0.1609
0.6000,165.6000,0.0560,0.0650,-0.1691
0.6000,165.6000,0.0580,0.0650,-0.1772
0.6000,165.6000,0.0600,0.0650,-0.1853
0.6000,165.6000,0.0620,0.0650,-0.1930
0.6000,165.6000,0.0640,0.0650,-0.2001
0.6000,165.6000,0.0660,0.0650,-0.2072
0.6000,165.6000,0.0680,0.0650,-0.2144
0.6000,165.6000,0.0700,0.0650,-0.2215
0.6000,165.6000,0.0720,0.0650,-0.2287
0.6000,165.6000,0.0740,0.0650,-0.2358
0.6000,165.6000,0.0760,0.0650,-0.2429
0.6000,165.6000,0.0780,0.0650,-0.2501
0.6000,165.6000,0.0800,0.0650,-0.2572
0.6000,165.6000,0.0000,0.0700,0.0999
0.6000,165.6000,0.0020,0.0700,0.0863
0.6000,165.6000,0.0040,0.0700,0.0728
0.6000,165.6000,0.0060,0.0700,0.0593
0.6000,165.6000,0.0080,0.0700,0.0470
0.6000,165.6000,0.0100,0.0700,0.0360
0.6000,165.6000,0.0120,0.0700,0.0271
0.6000,165.6000,0.0140,0.0700,0.0182
0.6000,165.6000,0.0160,0.0700,0.0093
0.6000,165.6000,0.0180,0.0700,0.0004
0.6000,165.6000,0.0200,0.0700,-0.0085
0.6000,165.6000,0.0220,0.0700,-0.0174
0.6000,165.6000,0.0240,0.0700,-0.0263
0.6000,165.6000,0.0260,0.0700,-0.0352
0.6000,165.6000,0.0280,0.0700,-0.0441
0.6000,165.6000,0.0300,0.0700,-0.0523
0.6000,165.6000,0.0320,0.0700,-0.0604
0.6000,165.6000,0.0340,0.0700,-0.0685
0.6000,165.6000,0.0360,0.0700,-0.0767
0.6000,165.6000,0.0380,0.0700,-0.0848
0.6000,165.6000,0.0400,0.0700,-0.0929
0.6000,165.6000,0.0420,0.0700,-0.1010
0.6000,165.6000,0.0440,0.0700,-0.1092
0.6000,165.6000,0.0460,0.0700,-0.1173
0.6000,165.6000,0.0480,0.0700,-0.1254
0.6000,165.6000,0.0500,0.0700,-0.1335
0.6000,165.6000,0.0520,0.0700,-0.1416
0.6000,165.6000,0.0540,0.0700,-0.1498
0.6000,165.6000,0.0560,0.0700,-0.1579
0.6000,165.6000,0.0580,0.0700,-0.1660
0.6000,165.6000,0.0600,0.0700,-0.1741
0.6000,165.6000,0.0620,0.0700,-0.1814
0.6000,165.6000,0.0640,0.0700,-0.1886
0.6000,165.6000,0.0660,0.0700,-0.1957
0.6000,165.6000,0.0680,0.0700,-0.2029
0.6000,165.6000,0.0700,0.0700,-0.2100
0.6000,165.6000,0.0720,0.0700,-0.2171
0.6000,165.6000,0.0740,0.0700,-0.2243
0.6000,165.6000,0.0760,0.0700,-0.2314
0.6000,165.6000,0.0780,0.0700,-0.2386
0.6000,165.6000,0.0800,0.0700,-0.2457
0.6000,165.6000,0.0000,0.0750,0.1084
0.6000,165.6000,0.0020,0.0750,0.0948
0.6000,165.6000,0.0040,0.0750,0.0813
0.6000,165.6000,0.0060,0.0750,0.0678
0.6000,165.6000,0.0080,0.0750,0.0557
0.6000,165.6000,0.0100,0.0750,0.0467
0.6000,165.6000,0.0120,0.0750,0.0378
0.6000,165.6000,0.0140,0.0750,0.0289
0.6000,165.6000,0.0160,0.0750,0.0200
0.6000,165.6000,0.0180,0.0750,0.0111
0.6000,165.6000,0.0200,0.0750,0.0022
0.6000,165.6000,0.0220,0.0750,-0.0067
0.6000,165.6000,0.0240,0.0750,-0.0156
0.6000,165.6000,0.0260,0.0750,-0.0245
0.6000,165.6000,0.0280,0.0750,-0.0330
0.6000,165.6000,0.0300,0.0750,-0.0411
0.6000,165.6000,0.0320,0.0750,-0.0492
0.6000,165.6000,0.0340,0.0750,-0.0574
0.6000,165.6000,0.0360,0.0750,-0.0655
0.6000,165.6000,0.0380,0.0750,-0.0736
0.6000,165.6000,0.0400,0.0750,-0.0817
0.6000,165.6000,0.0420,0.0750,-0.0899
0.6000,165.6000,0.0440,0.0750,-0.0980
0.6000,165.6000,0.0460,0.0750,-0.1061
0.6000,165.6000,0.0480,0.0750,-0.1142
0.6000,165.6000,0.0500,0.0750,-0.1223
0.6000,165.6000,0.0520,0.0750,-0.1305
0.6000,165.6000,0.0540,0.0750,-0.1386
0.6000,165.6000,0.0560,0.0750,-0.1467
0.6000,165.6000,0.0580,0.0750,-0.1548
0.6000,165.6000,0.0600,0.0750,-0.1628
0.6000,165.6000,0.0620,0.0750,-0.1699
0.6000,165.6000,0.0640,0.0750,-0.1771
0.6000,165.6000,0.0660,0.0750,-0.1842
0.6000,165.6000,0.0680,0.0750,-0.1913
0.6000,165.6000,0.0700,0.0750,-0.1985
0.6000,165.6000,0.0720,0.0750,-0.2056
0.6000,165.6000,0.0740,0.0750,-0.2128
0.6000,165.6000,0.0760,0.0750,-0.2199
0.6000,165.6000,0.0780,0.0750,-0.2271
0.6000,165.6000,0.0800,0.0750,-0.2342
0.6000,165.6000,0.0000,0.0800,0.1169
0.6000,165.6000,0.0020,0.0800,0.1033
0.6000,165.6000,0.0040,0.0800,0.0898
0.6000,165.6000,0.0060,0.0800,0.0763
0.6000,165.6000,0.0080,0.0800,0.0664
0.6000,165.6000,0.0100,0.0800,0.0575
0.6000,165.6000,0.0120,0.0800,0.0486
0.6000,165.6000,0.0140,0.0800,0.0397
0.6000,165.6000,0.0160,0.0800,0.0308
0.6000,165.6000,0.0180,0.0800,0.0219
0.6000,165.6000,0.0200,0.0800,0.0130
0.6000,165.6000,0.0220,0.0800,0.0041
0.6000,165.6000,0.0240,0.0800,-0.0048
0.6000,165.6000,0.0260,0.0800,-0.0137
0.6000,165.6000,0.0280,0.0800,-0.0218
0.6000,165.6000,0.0300,0.0800,-0.0300
0.6000,165.6000,0.0320,0.0800,-0.0381
0.6000,165.6000,0.0340,0.0800,-0.0462
0.6000,165.6000,0.0360,0.0800,-0.0543
0.6000,165.6000,0.0380,0.0800,-0.0624
0.6000,165.6000,0.0400,0.0800,-0.0706
0.6000,165.6000,0.0420,0.0800,-0.0787
0.6000,165.6000,0.0440,0.0800,-0.0868
0.6000,165.6000,0.0460,0.0800,-0.0949
0.6000,165.6000,0.0480,0.0800,-0.1031
0.6000,165.6000,0.0500,0.0800,-0.1112
0.6000,165.6000,0.0520,0.0800,-0.1193
0.6000,165.6000,0.0540,0.0800,-0.1274
0.6000,165.6000,0.0560,0.0800,-0.1355
0.6000,165.6000,0.0580,0.0800,-0.1437
0.6000,165.6000,0.0600,0.0800,-0.1513
0.6000,165.6000,0.0620,0.0800,-0.1584
0.6000,165.6000,0.0640,0.0800,-0.1655
0.6000,165.6000,0.0660,0.0800,-0.1727
0.6000,165.6000,0.0680,0.0800,-0.1798
0.6000,165.6000,0.0700,0.0800,-0.1870
0.6000,165.6000,0.0720,0.0800,-0.1941
0.6000,165.6000,0.0740,0.0800,-0.2013
0.6000,165.6000,0.0760,0.0800,-0.2084
0.6000,165.6000,0.0780,0.0800,-0.2155
0.6000,165.6000,0.0800,0.0800,-0.2227
0.6000,165.6000,0.0000,0.0850,0.1254
0.6000,165.6000,0.0020,0.0850,0.1118
0.6000,165.6000,0.0040,0.0850,0.0983
0.6000,165.6000,0.0060,0.0850,0.0860
0.6000,165.6000,0.0080,0.0850,0.0771
0.6000,165.6000,0.0100,0.0850,0.0682
0.6000,165.6000,0.0120,0.0850,0.0593
0.6000,165.6000,0.0140,0.0850,0.0504
0.6000,165.6000,0.0160,0.0850,0.0415
0.6000,165.6000,0.0180,0.0850,0.0326
0.6000,165.6000,0.0200,0.0850,0.0237
0.6000,165.6000,0.0220,0.0850,0.0148
0.6000,165.6000,0.0240,0.0850,0.0059
0.6000,165.6000,0.0260,0.0850,-0.0025
0.6000,165.6000,0.0280,0.0850,-0.0107
0.6000,165.6000,0.0300,0.0850,-0.0188
0.6000,165.6000,0.0320,0.0850,-0.0269
0.6000,165.6000,0.0340,0.0850,-0.0350
0.6000,165.6000,0.0360,0.0850,-0.0431
0.6000,165.6000,0.0380,0.0850,-0.0513
0.6000,165.6000,0.0400,0.0850,-0.0594
0.6000,165.6000,0.0420,0.0850,-0.0675
0.6000,165.6000,0.0440,0.0850,-0.0756
0.6000,165.6000,0.0460,0.0850,-0.0838
0.6000,165.6000,0.0480,0.0850,-0.0919
0.6000,165.6000,0.0500,0.0850,-0.1000
0.6000,165.6000,0.0520,0.0850,-0.1081
0.6000,165.6000,0.0540,0.0850,-0.1162
0.6000,165.6000,0.0560,0.0850,-0.1244
0.6000,165.6000,0.0580,0.0850,-0.1325
0.6000,165.6000,0.0600,0.0850,-0.1398
0.6000,165.6000,0.0620,0.0850,-0.1469
0.6000,165.6000,0.0640,0.0850,-0.1540
0.6000,165.6000,0.0660,0.0850,-0.1612
0.6000,165.6000,0.0680,0.0850,-0.1683
0.6000,165.6000,0.0700,0.0850,-0.1755
0.6000,165.6000,0.0720,0.0850,-0.1826
0.6000,165.6000,0.0740,0.0850,-0.1897
0.6000,165.6000,0.0760,0.0850,-0.1969
0.6000,165.6000,0.0780,0.0850,-0.2040
0.6000,165.6000,0.0800,0.0850,-0.2112
0.6000,165.6000,0.0000,0.0900,0.1339
0.6000,165.6000,0.0020,0.0900,0.1203
0.6000,165.6000,0.0040,0.0900,0.1068
0.6000,165.6000,0.0060,0.0900,0.0967
0.6000,165.6000,0.0080,0.0900,0.0878
0.6000,165.6000,0.0100,0.0900,0.0789
0.6000,165.6000,0.0120,0.0900,0.0700
0.6000,165.6000,0.0140,0.0900,0.0611
0.6000,165.6000,0.0160,0.0900,0.0522
0.6000,165.6000,0.0180,0.0900,0.0433
0.6000,165.6000,0.0200,0.0900,0.0344
0.6000,165.6000,0.0220,0.0900,0.0255
0.6000,165.6000,0.0240,0.0900,0.0168
0.6000,165.6000,0.0260,0.0900,0.0086
0.6000,165.6000,0.0280,0.0900,0.0005
0.6000,165.6000,0.0300,0.0900,-0.0076
0.6000,165.6000,0.0320,0.0900,-0.0157
0.6000,165.6000,0.0340,0.0900,-0.0238
0.6000,165.6000,0.0360,0.0900,-0.0320
0.6000,165.6000,0.0380,0.0900,-0.0401
0.6000,165.6000,0.0400,0.0900,-0.0482
0.6000,165.6000,0.0420,0.0900,-0.0563
0.6000,165.6000,0.0440,0.0900,-0.0645
0.6000,165.6000,0.0460,0.0900,-0.0726
0.6000,165.6000,0.0480,0.0900,-0.0807
0.6000,165.6000,0.0500,0.0900,-0.0888
0.6000,165.6000,0.0520,0.0900,-0.0969
0.6000,165.6000,0.0540,0.0900,-0.1051
0.6000,165.6000,0.0560,0.0900,-0.1132
0.6000,165.6000,0.0580,0.0900,-0.1211
0.6000,165.6000,0.0600,0.0900,-0.1282
0.6000,165.6000,0.0620,0.0900,-0.1354
0.6000,165.6000,0.0640,0.0900,-0.1425
0.6000,165.6000,0.0660,0.0900,-0.1497
0.6000,165.6000,0.0680,0.0900,-0.1568
0.6000,165.6000,0.0700,0.0900,-0.1639
0.6000,165.6000,0.0720,0.0900,-0.1711
0.6000,165.6000,0.0740,0.0900,-0.1782
0.6000,165.6000,0.0760,0.0900,-0.1854
0.6000,165.6000,0.0780,0.0900,-0.1925
0.6000,165.6000,0.0800,0.0900,-0.1997
0.6000,165.6000,0.0000,0.0950,0.1424
0.6000,165.6000,0.0020,0.0950,0.1288
0.6000,165.6000,0.0040,0.0950,0.1163
0.6000,165.6000,0.0060,0.0950,0.1074
0.6000,165.6000,0.0080,0.0950,0.0985
0.6000,165.6000,0.0100,0.0950,0.0896
0.6000,165.6000,0.0120,0.0950,0.0807
0.6000,165.6000,0.0140,0.0950,0.0718
0.6000,165.6000,0.0160,0.0950,0.0629
0.6000,165.6000,0.0180,0.0950,0.0540
0.6000,165.6000,0.0200,0.0950,0.0451
0.6000,165.6000,0.0220,0.0950,0.0362
0.6000,165.6000,0.0240,0.0950,0.0279
0.6000,165.6000,0.0260,0.0950,0.0198
0.6000,165.6000,0.0280,0.0950,0.0117
0.6000,165.6000,0.0300,0.0950,0.0036
0.6000,165.6000,0.0320,0.0950,-0.0046
0.6000,165.6000,0.0340,0.0950,-0.0127
0.6000,165.6000,0.0360,0.0950,-0.0208
0.6000,165.6000,0.0380,0.0950,-0.0289
0.6000,165.6000,0.0400,0.0950,-0.0370
0.6000,165.6000,0.0420,0.0950,-0.0452
0.6000,165.6000,0.0440,0.0950,-0.0533
0.6000,165.6000,0.0460,0.0950,-0.0614
0.6000,165.6000,0.0480,0.0950,-0.0695
0.6000,165.6000,0.0500,0.0950,-0.0776
0.6000,165.6000,0.0520,0.0950,-0.0858
0.6000,165.6000,0.0540,0.0950,-0.0939
0.6000,165.6000,0.0560,0.0950,-0.1020
0.6000,165.6000,0.0580,0.0950,-0.1096
0.6000,165.6000,0.0600,0.0950,-0.1167
0.6000,165.6000,0.0620,0.0950,-0.1239
0.6000,165.6000,0.0640,0.0950,-0.1310
0.6000,165.6000,0.0660,0.0950,-0.1381
0.6000,165.6000,0.0680,0.0950,-0.1453
0.6000,165.6000,0.0700,0.0950,-0.1524
0.6000,165.6000,0.0720,0.0950,-0.1596
0.6000,165.6000,0.0740,0.0950,-0.1667
0.6000,165.6000,0.0760,0.0950,-0.1739
0.6000,165.6000,0.0780,0.0950,-0.1810
0.6000,165.6000,0.0800,0.0950,-0.1881
0.6000,165.6000,0.0000,0.1000,0.1509
0.6000,165.6000,0.0020,0.1000,0.1374
0.6000,165.6000,0.0040,0.1000,0.1271
0.6000,165.6000,0.0060,0.1000,0.1182
0.6000,165.6000,0.0080,0.1000,0.1093
0.6000,165.6000,0.0100,0.1000,0.1004
0.6000,165.6000,0.0120,0.1000,0.0915
0.6000,165.6000,0.0140,0.1000,0.0826
0.6000,165.6000,0.0160,0.1000,0.0736
0.6000,165.6000,0.0180,0.1000,0.0647
0.6000,165.6000,0.0200,0.1000,0.0558
0.6000,165.6000,0.0220,0.1000,0.0472
0.6000,165.6000,0.0240,0.1000,0.0391
0.6000,165.6000,0.0260,0.1000,0.0310
0.6000,165.6000,0.0280,0.1000,0.0229
0.6000,165.6000,0.0300,0.1000,0.0147
0.6000,165.6000,0.0320,0.1000,0.0066
0.6000,165.6000,0.0340,0.1000,-0.0015
0.6000,165.6000,0.0360,0.1000,-0.0096
0.6000,165.6000,0.0380,0.1000,-0.0177
0.6000,165.6000,0.0400,0.1000,-0.0259
0.6000,165.6000,0.0420,0.1000,-0.0340
0.6000,165.6000,0.0440,0.1000,-0.0421
0.6000,165.6000,0.0460,0.1000,-0.0502
0.6000,165.6000,0.0480,0.1000,-0.0584
0.6000,165.6000,0.0500,0.1000,-0.0665
0.6000,165.6000,0.0520,0.1000,-0.0746
0.6000,165.6000,0.0540,0.1000,-0.0827
0.6000,165.6000,0.0560,0.1000,-0.0908
0.6000,165.6000,0.0580,0.1000,-0.0981
0.6000,165.6000,0.0600,0.1000,-0.1052
0.6000,165.6000,0.0620,0.1000,-0.1123
0.6000,165.6000,0.0640,0.1000,-0.1195
0.6000,165.6000,0.0660,0.1000,-0.1266
0.6000,165.6000,0.0680,0.1000,-0.1338
0.6000,165.6000,0.0700,0.1000,-0.1409
0.6000,165.6000,0.0720,0.1000,-0.1481
0.6000,165.6000,0.0740,0.1000,-0.1552
0.6000,165.6000,0.0760,0.1000,-0.1623
0.6000,165.6000,0.0780,0.1000,-0.1695
0.6000,165.6000,0.0800,0.1000,-0.1766
0.6000,165.6000,0.0000,0.1050,0.1594
0.6000,165.6000,0.0020,0.1050,0.1467
0.6000,165.6000,0.0040,0.1050,0.1378
0.6000,165.6000,0.0060,0.1050,0.1289
0.6000,165.6000,0.0080,0.1050,0.1200
0.6000,165.6000,0.0100,0.1050,0.1111
0.6000,165.6000,0.0120,0.1050,0.1022
0.6000,165.6000,0.0140,0.1050,0.0933
0.6000,165.6000,0.0160,0.1050,0.0844
0.6000,165.6000,0.0180,0.1050,0.0755
0.6000,165.6000,0.0200,0.1050,0.0666
0.6000,165.6000,0.0220,0.1050,0.0584
0.6000,165.6000,0.0240,0.1050,0.0503
0.6000,165.6000,0.0260,0.1050,0.0422
0.6000,165.6000,0.0280,0.1050,0.0340
0.6000,165.6000,0.0300,0.1050,0.0259
0.6000,165.6000,0.0320,0.1050,0.0178
0.6000,165.6000,0.0340,0.1050,0.0097
0.6000,165.6000,0.0360,0.1050,0.0016
0.6000,165.6000,0.0380,0.1050,-0.0066
0.6000,165.6000,0.0400,0.1050,-0.0147
0.6000,165.6000,0.0420,0.1050,-0.0228
0.6000,165.6000,0.0440,0.1050,-0.0309
0.6000,165.6000,0.0460,0.1050,-0.0391
0.6000,165.6000,0.0480,0.1050,-0.0472
0.6000,165.6000,0.0500,0.1050,-0.0553
0.6000,165.6000,0.0520,0.1050,-0.0634
0.6000,165.6000,0.0540,0.1050,-0.0715
0.6000,165.6000,0.0560,0.1050,-0.0794
0.6000,165.6000,0.0580,0.1050,-0.0865
0.6000,165.6000,0.0600,0.1050,-0.0937
0.6000,165.6000,0.0620,0.1050,-0.1008
0.6000,165.6000,0.0640,0.1050,-0.1080
0.6000,165.6000,0.0660,0.1050,-0.1151
0.6000,165.6000,0.0680,0.1050,-0.1223
0.6000,165.6000,0.0700,0.1050,-0.1294
0.6000,165.6000,0.0720,0.1050,-0.1365
0.6000,165.6000,0.0740,0.1050,-0.1437
0.6000,165.6000,0.0760,0.1050,-0.1508
0.6000,165.6000,0.0780,0.1050,-0.1580
0.6000,165.6000,0.0800,0.1050,-0.1651
0.6000,165.6000,0.0000,0.1100,0.1679
0.6000,165.6000,0.0020,0.1100,0.1574
0.6000,165.6000,0.0040,0.1100,0.1485
0.6000,165.6000,0.0060,0.1100,0.1396
0.6000,165.6000,0.0080,0.1100,0.1307
0.6000,165.6000,0.0100,0.1100,0.1218
0.6000,165.6000,0.0120,0.1100,0.1129
0.6000,165.6000,0.0140,0.1100,0.1040
0.6000,165.6000,0.0160,0.1100,0.0951
0.6000,165.6000,0.0180,0.1100,0.0862
0.6000,165.6000,0.0200,0.1100,0.0777
0.6000,165.6000,0.0220,0.1100,0.0696
0.6000,165.6000,0.0240,0.1100,0.0615
0.6000,165.6000,0.0260,0.1100,0.0533
0.6000,165.6000,0.0280,0.1100,0.0452
0.6000,165.6000,0.0300,0.1100,0.0371
0.6000,165.6000,0.0320,0.1100,0.0290
0.6000,165.6000,0.0340,0.1100,0.0209
0.6000,165.6000,0.0360,0.1100,0.0127
0.6000,165.6000,0.0380,0.1100,0.0046
0.6000,165.6000,0.0400,0.1100,-0.0035
0.6000,165.6000,0.0420,0.1100,-0.0116
0.6000,165.6000,0.0440,0.1100,-0.0198
0.6000,165.6000,0.0460,0.1100,-0.0279
0.6000,165.6000,0.0480,0.1100,-0.0360
0.6000,165.6000,0.0500,0.1100,-0.0441
0.6000,165.6000,0.0520,0.1100,-0.0522
0.6000,165.6000,0.0540,0.1100,-0.0604
0.6000,165.6000,0.0560,0.1100,-0.0679
0.6000,165.6000,0.0580,0.1100,-0.0750
0.6000,165.6000,0.0600,0.1100,-0.0822
0.6000,165.6000,0.0620,0.1100,-0.0893
0.6000,165.6000,0.0640,0.1100,-0.0965
0.6000,165.6000,0.0660,0.1100,-0.1036
0.6000,165.6000,0.0680,0.1100,-0.1107
0.6000,165.6000,0.0700,0.1100,-0.1179
0.6000,165.6000,0.0720,0.1100,-0.1250
0.6000,165.6000,0.0740,0.1100,-0.1322
0.6000,165.6000,0.0760,0.1100,-0.1393
0.6000,165.6000,0.0780,0.1100,-0.1464
0.6000,165.6000,0.0800,0.1100,-0.1536
0.6000,165.6000,0.0000,0.1150,0.1770
0.6000,165.6000,0.0020,0.1150,0.1681
0.6000,165.6000,0.0040,0.1150,0.1592
0.6000,165.6000,0.0060,0.1150,0.1503
0.6000,165.6000,0.0080,0.1150,0.1414
0.6000,165.6000,0.0100,0.1150,0.1325
0.6000,165.6000,0.0120,0.1150,0.1236
0.6000,165.6000,0.0140,0.1150,0.1147
0.6000,165.6000,0.0160,0.1150,0.1058
0.6000,165.6000,0.0180,0.1150,0.0970
0.6000,165.6000,0.0200,0.1150,0.0889
0.6000,165.6000,0.0220,0.1150,0.0808
0.6000,165.6000,0.0240,0.1150,0.0726
0.6000,165.6000,0.0260,0.1150,0.0645
0.6000,165.6000,0.0280,0.1150,0.0564
0.6000,165.6000,0.0300,0.1150,0.0483
0.6000,165.6000,0.0320,0.1150,0.0401
0.6000,165.6000,0.0340,0.1150,0.0320
0.6000,165.6000,0.0360,0.1150,0.0239
0.6000,165.6000,0.0380,0.1150,0.0158
0.6000,165.6000,0.0400,0.1150,0.0077
0.6000,165.6000,0.0420,0.1150,-0.0005
0.6000,165.6000,0.0440,0.1150,-0.0086
0.6000,165.6000,0.0460,0.1150,-0.0167
0.6000,165.6000,0.0480,0.1150,-0.0248
0.6000,165.6000,0.0500,0.1150,-0.0329
0.6000,165.6000,0.0520,0.1150,-0.0411
0.6000,165.6000,0.0540,0.1150,-0.0492
0.6000,165.6000,0.0560,0.1150,-0.0564
0.6000,165.6000,0.0580,0.1150,-0.0635
0.6000,165.6000,0.0600,0.1150,-0.0707
0.6000,165.6000,0.0620,0.1150,-0.0778
0.6000,165.6000,0.0640,0.1150,-0.0849
0.6000,165.6000,0.0660,0.1150,-0.0921
0.6000,165.6000,0.0680,0.1150,-0.0992
0.6000,165.6000,0.0700,0.1150,-0.1064
0.6000,165.6000,0.0720,0.1150,-0.1135
0.6000,165.6000,0.0740,0.1150,-0.1206
0.6000,165.6000,0.0760,0.1150,-0.1278
0.6000,165.6000,0.0780,0.1150,-0.1349
0.6000,165.6000,0.0800,0.1150,-0.1421
0.6000,165.6000,0.0000,0.1200,0.1878
0.6000,165.6000,0.0020,0.1200,0.1789
0.6000,165.6000,0.0040,0.1200,0.1700
0.6000,165.6000,0.0060,0.1200,0.1610
0.6000,165.6000,0.0080,0.1200,0.1521
0.6000,165.6000,0.0100,0.1200,0.1432
0.6000,165.6000,0.0120,0.1200,0.1343
0.6000,165.6000,0.0140,0.1200,0.1254
0.6000,165.6000,0.0160,0.1200,0.1165
0.6000,165.6000,0.0180,0.1200,0.1082
0.6000,165.6000,0.0200,0.1200,0.1001
0.6000,165.6000,0.0220,0.1200,0.0919
0.6000,165.6000,0.0240,0.1200,0.0838
0.6000,165.6000,0.0260,0.1200,0.0757
0.6000,165.6000,0.0280,0.1200,0.0676
0.6000,165.6000,0.0300,0.1200,0.0594
0.6000,165.6000,0.0320,0.1200,0.0513
0.6000,165.6000,0.0340,0.1200,0.0432
0.6000,165.6000,0.0360,0.1200,0.0351
0.6000,165.6000,0.0380,0.1200,0.0270
0.6000,165.6000,0.0400,0.1200,0.0188
0.6000,165.6000,0.0420,0.1200,0.0107
0.6000,165.6000,0.0440,0.1200,0.0026
0.6000,165.6000,0.0460,0.1200,-0.0055
0.6000,165.6000,0.0480,0.1200,-0.0137
0.6000,165.6000,0.0500,0.1200,-0.0218
0.6000,165.6000,0.0520,0.1200,-0.0299
0.6000,165.6000,0.0540,0.1200,-0.0377
0.6000,165.6000,0.0560,0.1200,-0.0449
0.6000,165.6000,0.0580,0.1200,-0.0520
0.6000,165.6000,0.0600,0.1200,-0.0591
0.6000,165.6000,0.0620,0.1200,-0.0663
0.6000,165.6000,0.0640,0.1200,-0.0734
0.6000,165.6000,0.0660,0.1200,-0.0806
0.6000,165.6000,0.0680,0.1200,-0.0877
0.6000,165.6000,0.0700,0.1200,-0.0948
0.6000,165.6000,0.0720,0.1200,-0.1020
0.6000,165.6000,0.0740,0.1200,-0.1091
0.6000,165.6000,0.0760,0.1200,-0.1163
0.6000,165.6000,0.0780,0.1200,-0.1234
0.6000,165.6000,0.0800,0.1200,-0.1306
0.6000,165.6000,0.0000,0.1250,0.1985
0.6000,165.6000,0.0020,0.1250,0.1896
0.6000,165.6000,0.0040,0.1250,0.1807
0.6000,165.6000,0.0060,0.1250,0.1718
0.6000,165.6000,0.0080,0.1250,0.1629
0.6000,165.6000,0.0100,0.1250,0.1540
0.6000,165.6000,0.0120,0.1250,0.1451
0.6000,165.6000,0.0140,0.1250,0.1362
0.6000,165.6000,0.0160,0.1250,0.1275
0.6000,165.6000,0.0180,0.1250,0.1194
0.6000,165.6000,0.0200,0.1250,0.1112
0.6000,165.6000,0.0220,0.1250,0.1031
0.6000,165.6000,0.0240,0.1250,0.0950
0.6000,165.6000,0.0260,0.1250,0.0869
0.6000,165.6000,0.0280,0.1250,0.0787
0.6000,165.6000,0.0300,0.1250,0.0706
0.6000,165.6000,0.0320,0.1250,0.0625
0.6000,165.6000,0.0340,0.1250,0.0544
0.6000,165.6000,0.0360,0.1250,0.0463
0.6000,165.6000,0.0380,0.1250,0.0381
0.6000,165.6000,0.0400,0.1250,0.0300
0.6000,165.6000,0.0420,0.1250,0.0219
0.6000,165.6000,0.0440,0.1250,0.0138
0.6000,165.6000,0.0460,0.1250,0.0056
0.6000,165.6000,0.0480,0.1250,-0.0025
0.6000,165.6000,0.0500,0.1250,-0.0106
0.6000,165.6000,0.0520,0.1250,-0.0187
0.6000,165.6000,0.0540,0.1250,-0.0262
0.6000,165.6000,0.0560,0.1250,-0.0333
0.6000,165.6000,0.0580,0.1250,-0.0405
0.6000,165.6000,0.0600,0.1250,-0.0476
0.6000,165.6000,0.0620,0.1250,-0.0548
0.6000,165.6000,0.0640,0.1250,-0.0619
0.6000,165.6000,0.0660,0.1250,-0.0691
0.6000,165.6000,0.0680,0.1250,-0.0762
0.6000,165.6000,0.0700,0.1250,-0.0833
0.6000,165.6000,0.0720,0.1250,-0.0905
0.6000,165.6000,0.0740,0.1250,-0.0976
0.6000,165.6000,0.0760,0.1250,-0.1048
0.6000,165.6000,0.0780,0.1250,-0.1119
0.6000,165.6000,0.0800,0.1250,-0.1190
0.6000,165.6000,0.0000,0.1300,0.2092
0.6000,165.6000,0.0020,0.1300,0.2003
0.6000,165.6000,0.0040,0.1300,0.1914
0.6000,165.6000,0.0060,0.1300,0.1825
0.6000,165.6000,0.0080,0.1300,0.1736
0.6000,165.6000,0.0100,0.1300,0.1647
0.6000,165.6000,0.0120,0.1300,0.1558
0.6000,165.6000,0.0140,0.1300,0.1469
0.6000,165.6000,0.0160,0.1300,0.1386
0.6000,165.6000,0.0180,0.1300,0.1305
0.6000,165.6000,0.0200,0.1300,0.1224
0.6000,165.6000,0.0220,0.1300,0.1143
0.6000,165.6000,0.0240,0.1300,0.1062
0.6000,165.6000,0.0260,0.1300,0.0980
0.6000,165.6000,0.0280,0.1300,0.0899
0.6000,165.6000,0.0300,0.1300,0.0818
0.6000,165.6000,0.0320,0.1300,0.0737
0.6000,165.6000,0.0340,0.1300,0.0656
0.6000,165.6000,0.0360,0.1300,0.0574
0.6000,165.6000,0.0380,0.1300,0.0493
0.6000,165.6000,0.0400,0.1300,0.0412
0.6000,165.6000,0.0420,0.1300,0.0331
0.6000,165.6000,0.0440,0.1300,0.0249
0.6000,165.6000,0.0460,0.1300,0.0168
0.6000,165.6000,0.0480,0.1300,0.0087
0.6000,165.6000,0.0500,0.1300,0.0006
0.6000,165.6000,0.0520,0.1300,-0.0075
0.6000,165.6000,0.0540,0.1300,-0.0147
0.6000,165.6000,0.0560,0.1300,-0.0218
0.6000,165.6000,0.0580,0.1300,-0.0290
0.6000,165.6000,0.0600,0.1300,-0.0361
0.6000,165.6000,0.0620,0.1300,-0.0433
0.6000,165.6000,0.0640,0.1300,-0.0504
0.6000,165.6000,0.0660,0.1300,-0.0575
0.6000,165.6000,0.0680,0.1300,-0.0647
0.6000,165.6000,0.0700,0.1300,-0.0718
0.6000,165.6000,0.0720,0.1300,-0.0790
0.6000,165.6000,0.0740,0.1300,-0.0861
0.6000,165.6000,0.0760,0.1300,-0.0932
0.6000,165.6000,0.0780,0.1300,-0.1004
0.6000,165.6000,0.0800,0.1300,-0.1075
0.6000,165.6000,0.0000,0.1350,0.2199
0.6000,165.6000,0.0020,0.1350,0.2110
0.6000,165.6000,0.0040,0.1350,0.2021
0.6000,165.6000,0.0060,0.1350,0.1932
0.6000,165.6000,0.0080,0.1350,0.1843
0.6000,165.6000,0.0100,0.1350,0.1754
0.6000,165.6000,0.0120,0.1350,0.1665
0.6000,165.6000,0.0140,0.1350,0.1579
0.6000,165.6000,0.0160,0.1350,0.1498
0.6000,165.6000,0.0180,0.1350,0.1417
0.6000,165.6000,0.0200,0.1350,0.1336
0.6000,165.6000,0.0220,0.1350,0.1255
0.6000,165.6000,0.0240,0.1350,0.1173
0.6000,165.6000,0.0260,0.1350,0.1092
0.6000,165.6000,0.0280,0.1350,0.1011
0.6000,165.6000,0.0300,0.1350,0.0930
0.6000,165.6000,0.0320,0.1350,0.0848
0.6000,165.6000,0.0340,0.1350,0.0767
0.6000,165.6000,0.0360,0.1350,0.0686
0.6000,165.6000,0.0380,0.1350,0.0605
0.6000,165.6000,0.0400,0.1350,0.0524
0.6000,165.6000,0.0420,0.1350,0.0442
0.6000,165.6000,0.0440,0.1350,0.0361
0.6000,165.6000,0.0460,0.1350,0.0280
0.6000,165.6000,0.0480,0.1350,0.0199
0.6000,165.6000,0.0500,0.1350,0.0117
0.6000,165.6000,0.0520,0.1350,0.0040
0.6000,165.6000,0.0540,0.1350,-0.0032
0.6000,165.6000,0.0560,0.1350,-0.0103
0.6000,165.6000,0.0580,0.1350,-0.0175
0.6000,165.6000,0.0600,0.1350,-0.0246
0.6000,165.6000,0.0620,0.1350,-0.0317
0.6000,165.6000,0.0640,0.1350,-0.0389
0.6000,165.6000,0.0660,0.1350,-0.0460
0.6000,165.6000,0.0680,0.1350,-0.0532
0.6000,165.6000,0.0700,0.1350,-0.0603
0.6000,165.6000,0.0720,0.1350,-0.0674
0.6000,165.6000,0.0740,0.1350,-0.0746
0.6000,165.6000,0.0760,0.1350,-0.0817
0.6000,165.6000,0.0780,0.1350,-0.0889
0.6000,165.6000,0.0800,0.1350,-0.0960
0.6000,165.6000,0.0000,0.1400,0.2306
0.6000,165.6000,0.0020,0.1400,0.2217
0.6000,165.6000,0.0040,0.1400,0.2128
0.6000,165.6000,0.0060,0.1400,0.2039
0.6000,165.6000,0.0080,0.1400,0.1950
0.6000,165.6000,0.0100,0.1400,0.1861
0.6000,165.6000,0.0120,0.1400,0.1772
0.6000,165.6000,0.0140,0.1400,0.1691
0.6000,165.6000,0.0160,0.1400,0.1610
0.6000,165.6000,0.0180,0.1400,0.1529
0.6000,165.6000,0.0200,0.1400,0.1448
0.6000,165.6000,0.0220,0.1400,0.1366
0.6000,165.6000,0.0240,0.1400,0.1285
0.6000,165.6000,0.0260,0.1400,0.1204
0.6000,165.6000,0.0280,0.1400,0.1123
0.6000,165.6000,0.0300,0.1400,0.1041
0.6000,165.6000,0.0320,0.1400,0.0960
0.6000,165.6000,0.0340,0.1400,0.0879
0.6000,165.6000,0.0360,0.1400,0.0798
0.6000,165.6000,0.0380,0.1400,0.0717
0.6000,165.6000,0.0400,0.1400,0.0635
0.6000,165.6000,0.0420,0.1400,0.0554
0.6000,165.6000,0.0440,0.1400,0.0473
0.6000,165.6000,0.0460,0.1400,0.0392
0.6000,165.6000,0.0480,0.1400,0.0310
0.6000,165.6000,0.0500,0.1400,0.0229
0.6000,165.6000,0.0520,0.1400,0.0155
0.6000,165.6000,0.0540,0.1400,0.0083
0.6000,165.6000,0.0560,0.1400,0.0012
0.6000,165.6000,0.0580,0.1400,-0.0059
0.6000,165.6000,0.0600,0.1400,-0.0131
0.6000,165.6000,0.0620,0.1400,-0.0202
0.6000,165.6000,0.0640,0.1400,-0.0274
0.6000,165.6000,0.0660,0.1400,-0.0345
0.6000,165.6000,0.0680,0.1400,-0.0416
0.6000,165.6000,0.0700,0.1400,-0.0488
0.6000,165.6000,0.0720,0.1400,-0.0559
0.6000,165.6000,0.0740,0.1400,-0.0631
0.6000,165.6000,0.0760,0.1400,-0.0702
0.6000,165.6000,0.0780,0.1400,-0.0774
0.6000,165.6000,0.0800,0.1400,-0.0845
0.6000,165.6000,0.0000,0.1450,0.2414
0.6000,165.6000,0.0020,0.1450,0.2325
0.6000,165.6000,0.0040,0.1450,0.2236
0.6000,165.6000,0.0060,0.1450,0.2147
0.6000,165.6000,0.0080,0.1450,0.2058
0.6000,165.6000,0.0100,0.1450,0.1969
0.6000,165.6000,0.0120,0.1450,0.1884
0.6000,165.6000,0.0140,0.1450,0.1803
0.6000,165.6000,0.0160,0.1450,0.1722
0.6000,165.6000,0.0180,0.1450,0.1641
0.6000,165.6000,0.0200,0.1450,0.1559
0.6000,165.6000,0.0220,0.1450,0.1478
0.6000,165.6000,0.0240,0.1450,0.1397
0.6000,165.6000,0.0260,0.1450,0.1316
0.6000,165.6000,0.0280,0.1450,0.1234
0.6000,165.6000,0.0300,0.1450,0.1153
0.6000,165.6000,0.0320,0.1450,0.1072
0.6000,165.6000,0.0340,0.1450,0.0991
0.6000,165.6000,0.0360,0.1450,0.0910
0.6000,165.6000,0.0380,0.1450,0.0828
0.6000,165.6000,0.0400,0.1450,0.0747
0.6000,165.6000,0.0420,0.1450,0.0666
0.6000,165.6000,0.0440,0.1450,0.0585
0.6000,165.6000,0.0460,0.1450,0.0503
0.6000,165.6000,0.0480,0.1450,0.0422
0.6000,165.6000,0.0500,0.1450,0.0341
0.6000,165.6000,0.0520,0.1450,0.0270
0.6000,165.6000,0.0540,0.1450,0.0199
0.6000,165.6000,0.0560,0.1450,0.0127
0.6000,165.6000,0.0580,0.1450,0.0056
0.6000,165.6000,0.0600,0.1450,-0.0016
0.6000,165.6000,0.0620,0.1450,-0.0087
0.6000,165.6000,0.0640,0.1450,-0.0158
0.6000,165.6000,0.0660,0.1450,-0.0230
0.6000,165.6000,0.0680,0.1450,-0.0301
0.6000,165.6000,0.0700,0.1450,-0.0373
0.6000,165.6000,0.0720,0.1450,-0.0444
0.6000,165.6000,0.0740,0.1450,-0.0516
0.6000,165.6000,0.0760,0.1450,-0.0587
0.6000,165.6000,0.0780,0.1450,-0.0658
0.6000,165.6000,0.0800,0.1450,-0.0730
0.6000,165.6000,0.0000,0.1500,0.2521
0.6000,165.6000,0.0020,0.1500,0.2432
0.6000,165.6000,0.0040,0.1500,0.2343
0.6000,165.6000,0.0060,0.1500,0.2254
0.6000,165.6000,0.0080,0.1500,0.2165
0.6000,165.6000,0.0100,0.1500,0.2077
0.6000,165.6000,0.0120,0.1500,0.1996
0.6000,165.6000,0.0140,0.1500,0.1915
0.6000,165.6000,0.0160,0.1500,0.1833
0.6000,165.6000,0.0180,0.1500,0.1752
0.6000,165.6000,0.0200,0.1500,0.1671
0.6000,165.6000,0.0220,0.1500,0.1590
0.6000,165.6000,0.0240,0.1500,0.1509
0.6000,165.6000,0.0260,0.1500,0.1427
0.6000,165.6000,0.0280,0.1500,0.1346
0.6000,165.6000,0.0300,0.1500,0.1265
0.6000,165.6000,0.0320,0.1500,0.1184
0.6000,165.6000,0.0340,0.1500,0.1102
0.6000,165.6000,0.0360,0.1500,0.1021
0.6000,165.6000,0.0380,0.1500,0.0940
0.6000,165.6000,0.0400,0.1500,0.0859
0.6000,165.6000,0.0420,0.1500,0.0778
0.6000,165.6000,0.0440,0.1500,0.0696
0.6000,165.6000,0.0460,0.1500,0.0615
0.6000,165.6000,0.0480,0.1500,0.0534
0.6000,165.6000,0.0500,0.1500,0.0457
0.6000,165.6000,0.0520,0.1500,0.0385
0.6000,165.6000,0.0540,0.1500,0.0314
0.6000,165.6000,0.0560,0.1500,0.0242
0.6000,165.6000,0.0580,0.1500,0.0171
0.6000,165.6000,0.0600,0.1500,0.0100
0.6000,165.6000,0.0620,0.1500,0.0028
0.6000,165.6000,0.0640,0.1500,-0.0043
0.6000,165.6000,0.0660,0.1500,-0.0115
0.6000,165.6000,0.0680,0.1500,-0.0186
0.6000,165.6000,0.0700,0.1500,-0.0258
0.6000,165.6000,0.0720,0.1500,-0.0329
0.6000,165.6000,0.0740,0.1500,-0.0400
0.6000,165.6000,0.0760,0.1500,-0.0472
0.6000,165.6000,0.0780,0.1500,-0.0543
0.6000,165.6000,0.0800,0.1500,-0.0615
0.6000,165.6000,0.0000,0.1550,0.2628
0.6000,165.6000,0.0020,0.1550,0.2539
0.6000,165.6000,0.0040,0.1550,0.2450
0.6000,165.6000,0.0060,0.1550,0.2361
0.6000,165.6000,0.0080,0.1550,0.2272
0.6000,165.6000,0.0100,0.1550,0.2189
0.6000,165.6000,0.0120,0.1550,0.2108
0.6000,165.6000,0.0140,0.1550,0.2026
0.6000,165.6000,0.0160,0.1550,0.1945
0.6000,165.6000,0.0180,0.1550,0.1864
0.6000,165.6000,0.0200,0.1550,0.1783
0.6000,165.6000,0.0220,0.1550,0.1702
0.6000,165.6000,0.0240,0.1550,0.1620
0.6000,165.6000,0.0260,0.1550,0.1539
0.6000,165.6000,0.0280,0.1550,0.1458
0.6000,165.6000,0.0300,0.1550,0.1377
0.6000,165.6000,0.0320,0.1550,0.1295
0.6000,165.6000,0.0340,0.1550,0.1214
0.6000,165.6000,0.0360,0.1550,0.1133
0.6000,165.6000,0.0380,0.1550,0.1052
0.6000,165.6000,0.0400,0.1550,0.0971
0.6000,165.6000,0.0420,0.1550,0.0889
0.6000,165.6000,0.0440,0.1550,0.0808
0.6000,165.6000,0.0460,0.1550,0.0727
0.6000,165.6000,0.0480,0.1550,0.0646
0.6000,165.6000,0.0500,0.1550,0.0572
0.6000,165.6000,0.0520,0.1550,0.0500
0.6000,165.6000,0.0540,0.1550,0.0429
0.6000,165.6000,0.0560,0.1550,0.0357
0.6000,165.6000,0.0580,0.1550,0.0286
0.6000,165.6000,0.0600,0.1550,0.0215
0.6000,165.6000,0.0620,0.1550,0.0143
0.6000,165.6000,0.0640,0.1550,0.0072
0.6000,165.6000,0.0660,0.1550,0.0000
0.6000,165.6000,0.0680,0.1550,-0.0071
0.6000,165.6000,0.0700,0.1550,-0.0142
0.6000,165.6000,0.0720,0.1550,-0.0214
0.6000,165.6000,0.0740,0.1550,-0.0285
0.6000,165.6000,0.0760,0.1550,-0.0357
0.6000,165.6000,0.0780,0.1550,-0.0428
0.6000,165.6000,0.0800,0.1550,-0.0499
0.6000,165.6000,0.0000,0.1600,0.2735
0.6000,165.6000,0.0020,0.1600,0.2646
0.6000,165.6000,0.0040,0.1600,0.2557
0.6000,165.6000,0.0060,0.1600,0.2468
0.6000,165.6000,0.0080,0.1600,0.2382
0.6000,165.6000,0.0100,0.1600,0.2301
0.6000,165.6000,0.0120,0.1600,0.2219
0.6000,165.6000,0.0140,0.1600,0.2138
0.6000,165.6000,0.0160,0.1600,0.2057
0.6000,165.6000,0.0180,0.1600,0.1976
0.6000,165.6000,0.0200,0.1600,0.1895
0.6000,165.6000,0.0220,0.1600,0.1813
0.6000,165.6000,0.0240,0.1600,0.1732
0.6000,165.6000,0.0260,0.1600,0.1651
0.6000,165.6000,0.0280,0.1600,0.1570
0.6000,165.6000,0.0300,0.1600,0.1488
0.6000,165.6000,0.0320,0.1600,0.1407
0.6000,165.6000,0.0340,0.1600,0.1326
0.6000,165.6000,0.0360,0.1600,0.1245
0.6000,165.6000,0.0380,0.1600,0.1164
0.6000,165.6000,0.0400,0.1600,0.1082
0.6000,165.6000,0.0420,0.1600,0.1001
0.6000,165.6000,0.0440,0.1600,0.0920
0.6000,165.6000,0.0460,0.1600,0.0839
0.6000,165.6000,0.0480,0.1600,0.0758
0.6000,165.6000,0.0500,0.1600,0.0687
0.6000,165.6000,0.0520,0.1600,0.0615
0.6000,165.6000,0.0540,0.1600,0.0544
0.6000,165.6000,0.0560,0.1600,0.0473
0.6000,165.6000,0.0580,0.1600,0.0401
0.6000,165.6000,0.0600,0.1600,0.0330
0.6000,165.6000,0.0620,0.1600,0.0258
0.6000,165.6000,0.0640,0.1600,0.0187
0.6000,165.6000,0.0660,0.1600,0.0116
0.6000,165.6000,0.0680,0.1600,0.0044
0.6000,165.6000,0.0700,0.1600,-0.0027
0.6000,165.6000,0.0720,0.1600,-0.0099
0.6000,165.6000,0.0740,0.1600,-0.0170
0.6000,165.6000,0.0760,0.1600,-0.0242
0.6000,165.6000,0.0780,0.1600,-0.0313
0.6000,165.6000,0.0800,0.1600,-0.0384
0.6000,165.6000,0.0000,0.1650,0.2843
0.6000,165.6000,0.0020,0.1650,0.2753
0.6000,165.6000,0.0040,0.1650,0.2664
0.6000,165.6000,0.0060,0.1650,0.2575
0.6000,165.6000,0.0080,0.1650,0.2494
0.6000,165.6000,0.0100,0.1650,0.2412
0.6000,165.6000,0.0120,0.1650,0.2331
0.6000,165.6000,0.0140,0.1650,0.2250
0.6000,165.6000,0.0160,0.1650,0.2169
0.6000,165.6000,0.0180,0.1650,0.2088
0.6000,165.6000,0.0200,0.1650,0.2006
0.6000,165.6000,0.0220,0.1650,0.1925
0.6000,165.6000,0.0240,0.1650,0.1844
0.6000,165.6000,0.0260,0.1650,0.1763
0.6000,165.6000,0.0280,0.1650,0.1681
0.6000,165.6000,0.0300,0.1650,0.1600
0.6000,165.6000,0.0320,0.1650,0.1519
0.6000,165.6000,0.0340,0.1650,0.1438
0.6000,165.6000,0.0360,0.1650,0.1357
0.6000,165.6000,0.0380,0.1650,0.1275
0.6000,165.6000,0.0400,0.1650,0.1194
0.6000,165.6000,0.0420,0.1650,0.1113
0.6000,165.6000,0.0440,0.1650,0.1032
0.6000,165.6000,0.0460,0.1650,0.0950
0.6000,165.6000,0.0480,0.1650,0.0873
0.6000,165.6000,0.0500,0.1650,0.0802
0.6000,165.6000,0.0520,0.1650,0.0731
0.6000,165.6000,0.0540,0.1650,0.0659
0.6000,165.6000,0.0560,0.1650,0.0588
0.6000,165.6000,0.0580,0.1650,0.0516
0.6000,165.6000,0.0600,0.1650,0.0445
0.6000,165.6000,0.0620,0.1650,0.0374
0.6000,165.6000,0.0640,0.1650,0.0302
0.6000,165.6000,0.0660,0.1650,0.0231
0.6000,165.6000,0.0680,0.1650,0.0159
0.6000,165.6000,0.0700,0.1650,0.0088
0.6000,165.6000,0.0720,0.1650,0.0016
0.6000,165.6000,0.0740,0.1650,-0.0055
0.6000,165.6000,0.0760,0.1650,-0.0126
0.6000,165.6000,0.0780,0.1650,-0.0198
0.6000,165.6000,0.0800,0.1650,-0.0269
0.6000,165.6000,0.0000,0.1700,0.2950
0.6000,165.6000,0.0020,0.1700,0.2861
0.6000,165.6000,0.0040,0.1700,0.2772
0.6000,165.6000,0.0060,0.1700,0.2687
0.6000,165.6000,0.0080,0.1700,0.2605
0.6000,165.6000,0.0100,0.1700,0.2524
0.6000,165.6000,0.0120,0.1700,0.2443
0.6000,165.6000,0.0140,0.1700,0.2362
0.6000,165.6000,0.0160,0.1700,0.2280
0.6000,165.6000,0.0180,0.1700,0.2199
0.6000,165.6000,0.0200,0.1700,0.2118
0.6000,165.6000,0.0220,0.1700,0.2037
0.6000,165.6000,0.0240,0.1700,0.1956
0.6000,165.6000,0.0260,0.1700,0.1874
0.6000,165.6000,0.0280,0.1700,0.1793
0.6000,165.6000,0.0300,0.1700,0.1712
0.6000,165.6000,0.0320,0.1700,0.1631
0.6000,165.6000,0.0340,0.1700,0.1549
0.6000,165.6000,0.0360,0.1700,0.1468
0.6000,165.6000,0.0380,0.1700,0.1387
0.6000,165.6000,0.0400,0.1700,0.1306
0.6000,165.6000,0.0420,0.1700,0.1225
0.6000,165.6000,0.0440,0.1700,0.1143
0.6000,165.6000,0.0460,0.1700,0.1062
0.6000,165.6000,0.0480,0.1700,0.0989
0.6000,165.6000,0.0500,0.1700,0.0917
0.6000,165.6000,0.0520,0.1700,0.0846
0.6000,165.6000,0.0540,0.1700,0.0774
0.6000,165.6000,0.0560,0.1700,0.0703
0.6000,165.6000,0.0580,0.1700,0.0632
0.6000,165.6000,0.0600,0.1700,0.0560
0.6000,165.6000,0.0620,0.1700,0.0489
0.6000,165.6000,0.0640,0.1700,0.0417
0.6000,165.6000,0.0660,0.1700,0.0346
0.6000,165.6000,0.0680,0.1700,0.0274
0.6000,165.6000,0.0700,0.1700,0.0203
0.6000,165.6000,0.0720,0.1700,0.0132
0.6000,165.6000,0.0740,0.1700,0.0060
0.6000,165.6000,0.0760,0.1700,-0.0011
0.6000,165.6000,0.0780,0.1700,-0.0083
0.6000,165.6000,0.0800,0.1700,-0.0154
0.6000,165.6000,0.0000,0.1750,0.3057
0.6000,165.6000,0.0020,0.1750,0.2968
0.6000,165.6000,0.0040,0.1750,0.2880
0.6000,165.6000,0.0060,0.1750,0.2798
0.6000,165.6000,0.0080,0.1750,0.2717
0.6000,165.6000,0.0100,0.1750,0.2636
0.6000,165.6000,0.0120,0.1750,0.2555
0.6000,165.6000,0.0140,0.1750,0.2473
0.6000,165.6000,0.0160,0.1750,0.2392
0.6000,165.6000,0.0180,0.1750,0.2311
0.6000,165.6000,0.0200,0.1750,0.2230
0.6000,165.6000,0.0220,0.1750,0.2149
0.6000,165.6000,0.0240,0.1750,0.2067
0.6000,165.6000,0.0260,0.1750,0.1986
0.6000,165.6000,0.0280,0.1750,0.1905
0.6000,165.6000,0.0300,0.1750,0.1824
0.6000,165.6000,0.0320,0.1750,0.1742
0.6000,165.6000,0.0340,0.1750,0.1661
0.6000,165.6000,0.0360,0.1750,0.1580
0.6000,165.6000,0.0380,0.1750,0.1499
0.6000,165.6000,0.0400,0.1750,0.1418
0.6000,165.6000,0.0420,0.1750,0.1336
0.6000,165.6000,0.0440,0.1750,0.1255
0.6000,165.6000,0.0460,0.1750,0.1175
0.6000,165.6000,0.0480,0.1750,0.1104
0.6000,165.6000,0.0500,0.1750,0.1032
0.6000,165.6000,0.0520,0.1750,0.0961
0.6000,165.6000,0.0540,0.1750,0.0890
0.6000,165.6000,0.0560,0.1750,0.0818
0.6000,165.6000,0.0580,0.1750,0.0747
0.6000,165.6000,0.0600,0.1750,0.0675
0.6000,165.6000,0.0620,0.1750,0.0604
0.6000,165.6000,0.0640,0.1750,0.0532
0.6000,165.6000,0.0660,0.1750,0.0461
0.6000,165.6000,0.0680,0.1750,0.0390
0.6000,165.6000,0.0700,0.1750,0.0318
0.6000,165.6000,0.0720,0.1750,0.0247
0.6000,165.6000,0.0740,0.1750,0.0175
0.6000,165.6000,0.0760,0.1750,0.0104
0.6000,165.6000,0.0780,0.1750,0.0033
0.6000,165.6000,0.0800,0.1750,-0.0039
0.6000,165.6000,0.0000,0.1800,0.3164
0.6000,165.6000,0.0020,0.1800,0.3075
0.6000,165.6000,0.0040,0.1800,0.2991
0.6000,165.6000,0.0060,0.1800,0.2910
0.6000,165.6000,0.0080,0.1800,0.2829
0.6000,165.6000,0.0100,0.1800,0.2748
0.6000,165.6000,0.0120,0.1800,0.2666
0.6000,165.6000,0.0140,0.1800,0.2585
0.6000,165.6000,0.0160,0.1800,0.2504
0.6000,165.6000,0.0180,0.1800,0.2423
0.6000,165.6000,0.0200,0.1800,0.2342
0.6000,165.6000,0.0220,0.1800,0.2260
0.6000,165.6000,0.0240,0.1800,0.2179
0.6000,165.6000,0.0260,0.1800,0.2098
0.6000,165.6000,0.0280,0.1800,0.2017
0.6000,165.6000,0.0300,0.1800,0.1935
0.6000,165.6000,0.0320,0.1800,0.1854
0.6000,165.6000,0.0340,0.1800,0.1773
0.6000,165.6000,0.0360,0.1800,0.1692
0.6000,165.6000,0.0380,0.1800,0.1611
0.6000,165.6000,0.0400,0.1800,0.1529
0.6000,165.6000,0.0420,0.1800,0.1448
0.6000,165.6000,0.0440,0.1800,0.1367
0.6000,165.6000,0.0460,0.1800,0.1290
0.6000,165.6000,0.0480,0.1800,0.1219
0.6000,165.6000,0.0500,0.1800,0.1148
0.6000,165.6000,0.0520,0.1800,0.1076
0.6000,165.6000,0.0540,0.1800,0.1005
0.6000,165.6000,0.0560,0.1800,0.0933
0.6000,165.6000,0.0580,0.1800,0.0862
0.6000,165.6000,0.0600,0.1800,0.0790
0.6000,165.6000,0.0620,0.1800,0.0719
0.6000,165.6000,0.0640,0.1800,0.0648
0.6000,165.6000,0.0660,0.1800,0.0576
0.6000,165.6000,0.0680,0.1800,0.0505
0.6000,165.6000,0.0700,0.1800,0.0433
0.6000,165.6000,0.0720,0.1800,0.0362
0.6000,165.6000,0.0740,0.1800,0.0291
0.6000,165.6000,0.0760,0.1800,0.0219
0.6000,165.6000,0.0780,0.1800,0.0148
0.6000,165.6000,0.0800,0.1800,0.0076
0.6000,165.6000,0.0000,0.1850,0.3271
0.6000,165.6000,0.0020,0.1850,0.3184
0.6000,165.6000,0.0040,0.1850,0.3103
0.6000,165.6000,0.0060,0.1850,0.3022
0.6000,165.6000,0.0080,0.1850,0.2941
0.6000,165.6000,0.0100,0.1850,0.2859
0.6000,165.6000,0.0120,0.1850,0.2778
0.6000,165.6000,0.0140,0.1850,0.2697
0.6000,165.6000,0.0160,0.1850,0.2616
0.6000,165.6000,0.0180,0.1850,0.2534
0.6000,165.6000,0.0200,0.1850,0.2453
0.6000,165.6000,0.0220,0.1850,0.2372
0.6000,165.6000,0.0240,0.1850,0.2291
0.6000,165.6000,0.0260,0.1850,0.2210
0.6000,165.6000,0.0280,0.1850,0.2128
0.6000,165.6000,0.0300,0.1850,0.2047
0.6000,165.6000,0.0320,0.1850,0.1966
0.6000,165.6000,0.0340,0.1850,0.1885
0.6000,165.6000,0.0360,0.1850,0.1804
0.6000,165.6000,0.0380,0.1850,0.1722
0.6000,165.6000,0.0400,0.1850,0.1641
0.6000,165.6000,0.0420,0.1850,0.1560
0.6000,165.6000,0.0440,0.1850,0.1479
0.6000,165.6000,0.0460,0.1850,0.1406
0.6000,165.6000,0.0480,0.1850,0.1334
0.6000,165.6000,0.0500,0.1850,0.1263
0.6000,165.6000,0.0520,0.1850,0.1191
0.6000,165.6000,0.0540,0.1850,0.1120
0.6000,165.6000,0.0560,0.1850,0.1048
0.6000,165.6000,0.0580,0.1850,0.0977
0.6000,165.6000,0.0600,0.1850,0.0906
0.6000,165.6000,0.0620,0.1850,0.0834
0.6000,165.6000,0.0640,0.1850,0.0763
0.6000,165.6000,0.0660,0.1850,0.0691
0.6000,165.6000,0.0680,0.1850,0.0620
0.6000,165.6000,0.0700,0.1850,0.0549
0.6000,165.6000,0.0720,0.1850,0.0477
0.6000,165.6000,0.0740,0.1850,0.0406
0.6000,165.6000,0.0760,0.1850,0.0334
0.6000,165.6000,0.0780,0.1850,0.0263
0.6000,165.6000,0.0800,0.1850,0.0191
0.6000,165.6000,0.0000,0.1900,0.3379
0.6000,165.6000,0.0020,0.1900,0.3296
0.6000,165.6000,0.0040,0.1900,0.3215
0.6000,165.6000,0.0060,0.1900,0.3134
0.6000,165.6000,0.0080,0.1900,0.3052
0.6000,165.6000,0.0100,0.1900,0.2971
0.6000,165.6000,0.0120,0.1900,0.2890
0.6000,165.6000,0.0140,0.1900,0.2809
0.6000,165.6000,0.0160,0.1900,0.2727
0.6000,165.6000,0.0180,0.1900,0.2646
0.6000,165.6000,0.0200,0.1900,0.2565
0.6000,165.6000,0.0220,0.1900,0.2484
0.6000,165.6000,0.0240,0.1900,0.2403
0.6000,165.6000,0.0260,0.1900,0.2321
0.6000,165.6000,0.0280,0.1900,0.2240
0.6000,165.6000,0.0300,0.1900,0.2159
0.6000,165.6000,0.0320,0.1900,0.2078
0.6000,165.6000,0.0340,0.1900,0.1996
0.6000,165.6000,0.0360,0.1900,0.1915
0.6000,165.6000,0.0380,0.1900,0.1834
0.6000,165.6000,0.0400,0.1900,0.1753
0.6000,165.6000,0.0420,0.1900,0.1672
0.6000,165.6000,0.0440,0.1900,0.1592
0.6000,165.6000,0.0460,0.1900,0.1521
0.6000,165.6000,0.0480,0.1900,0.1449
0.6000,165.6000,0.0500,0.1900,0.1378
0.6000,165.6000,0.0520,0.1900,0.1306
0.6000,165.6000,0.0540,0.1900,0.1235
0.6000,165.6000,0.0560,0.1900,0.1164
0.6000,165.6000,0.0580,0.1900,0.1092
0.6000,165.6000,0.0600,0.1900,0.1021
0.6000,165.6000,0.0620,0.1900,0.0949
0.6000,165.6000,0.0640,0.1900,0.0878
0.6000,165.6000,0.0660,0.1900,0.0807
0.6000,165.6000,0.0680,0.1900,0.0735
0.6000,165.6000,0.0700,0.1900,0.0664
0.6000,165.6000,0.0720,0.1900,0.0592
0.6000,165.6000,0.0740,0.1900,0.0521
0.6000,165.6000,0.0760,0.1900,0.0449
0.6000,165.6000,0.0780,0.1900,0.0378
0.6000,165.6000,0.0800,0.1900,0.0307
0.6000,165.6000,0.0000,0.1950,0.3489
0.6000,165.6000,0.0020,0.1950,0.3408
0.6000,165.6000,0.0040,0.1950,0.3327
0.6000,165.6000,0.0060,0.1950,0.3245
0.6000,165.6000,0.0080,0.1950,0.3164
0.6000,165.6000,0.0100,0.1950,0.3083
0.6000,165.6000,0.0120,0.1950,0.3002
0.6000,165.6000,0.0140,0.1950,0.2920
0.6000,165.6000,0.0160,0.1950,0.2839
0.6000,165.6000,0.0180,0.1950,0.2758
0.6000,165.6000,0.0200,0.1950,0.2677
0.6000,165.6000,0.0220,0.1950,0.2596
0.6000,165.6000,0.0240,0.1950,0.2514
0.6000,165.6000,0.0260,0.1950,0.2433
0.6000,165.6000,0.0280,0.1950,0.2352
0.6000,165.6000,0.0300,0.1950,0.2271
0.6000,165.6000,0.0320,0.1950,0.2189
0.6000,165.6000,0.0340,0.1950,0.2108
0.6000,165.6000,0.0360,0.1950,0.2027
0.6000,165.6000,0.0380,0.1950,0.1946
0.6000,165.6000,0.0400,0.1950,0.1865
0.6000,165.6000,0.0420,0.1950,0.1783
0.6000,165.6000,0.0440,0.1950,0.1707
0.6000,165.6000,0.0460,0.1950,0.1636
0.6000,165.6000,0.0480,0.1950,0.1564
0.6000,165.6000,0.0500,0.1950,0.1493
0.6000,165.6000,0.0520,0.1950,0.1422
0.6000,165.6000,0.0540,0.1950,0.1350
0.6000,165.6000,0.0560,0.1950,0.1279
0.6000,165.6000,0.0580,0.1950,0.1207
0.6000,165.6000,0.0600,0.1950,0.1136
0.6000,165.6000,0.0620,0.1950,0.1064
0.6000,165.6000,0.0640,0.1950,0.0993
0.6000,165.6000,0.0660,0.1950,0.0922
0.6000,165.6000,0.0680,0.1950,0.0850
0.6000,165.6000,0.0700,0.1950,0.0779
0.6000,165.6000,0.0720,0.1950,0.0707
0.6000,165.6000,0.0740,0.1950,0.0636
0.6000,165.6000,0.0760,0.1950,0.0565
0.6000,165.6000,0.0780,0.1950,0.0493
0.6000,165.6000,0.0800,0.1950,0.0422
0.6000,165.6000,0.0000,0.2000,0.3601
0.6000,165.6000,0.0020,0.2000,0.3519
0.6000,165.6000,0.0040,0.2000,0.3438
0.6000,165.6000,0.0060,0.2000,0.3357
0.6000,165.6000,0.0080,0.2000,0.3276
0.6000,165.6000,0.0100,0.2000,0.3195
0.6000,165.6000,0.0120,0.2000,0.3113
0.6000,165.6000,0.0140,0.2000,0.3032
0.6000,165.6000,0.0160,0.2000,0.2951
0.6000,165.6000,0.0180,0.2000,0.2870
0.6000,165.6000,0.0200,0.2000,0.2789
0.6000,165.6000,0.0220,0.2000,0.2707
0.6000,165.6000,0.0240,0.2000,0.2626
0.6000,165.6000,0.0260,0.2000,0.2545
0.6000,165.6000,0.0280,0.2000,0.2464
0.6000,165.6000,0.0300,0.2000,0.2382
0.6000,165.6000,0.0320,0.2000,0.2301
0.6000,165.6000,0.0340,0.2000,0.2220
0.6000,165.6000,0.0360,0.2000,0.2139
0.6000,165.6000,0.0380,0.2000,0.2058
0.6000,165.6000,0.0400,0.2000,0.1976
0.6000,165.6000,0.0420,0.2000,0.1895
0.6000,165.6000,0.0440,0.2000,0.1822
0.6000,165.6000,0.0460,0.2000,0.1751
0.6000,165.6000,0.0480,0.2000,0.1680
0.6000,165.6000,0.0500,0.2000,0.1608
0.6000,165.6000,0.0520,0.2000,0.1537
0.6000,165.6000,0.0540,0.2000,0.1465
0.6000,165.6000,0.0560,0.2000,0.1394
0.6000,165.6000,0.0580,0.2000,0.1322
0.6000,165.6000,0.0600,0.2000,0.1251
0.6000,165.6000,0.0620,0.2000,0.1180
0.6000,165.6000,0.0640,0.2000,0.1108
0.6000,165.6000,0.0660,0.2000,0.1037
0.6000,165.6000,0.0680,0.2000,0.0965
0.6000,165.6000,0.0700,0.2000,0.0894
0.6000,165.6000,0.0720,0.2000,0.0823
0.6000,165.6000,0.0740,0.2000,0.0751
0.6000,165.6000,0.0760,0.2000,0.0680
0.6000,165.6000,0.0780,0.2000,0.0608
0.6000,165.6000,0.0800,0.2000,0.0537
0.8000,97.8000,0.0000,0.0000,0.0216
0.8000,97.8000,0.0020,0.0000,0.0014
0.8000,97.8000,0.0040,0.0000,-0.0189
0.8000,97.8000,0.0060,0.0000,-0.0385
0.8000,97.8000,0.0080,0.0000,-0.0569
0.8000,97.8000,0.0100,0.0000,-0.0746
0.8000,97.8000,0.0120,0.0000,-0.0902
0.8000,97.8000,0.0140,0.0000,-0.1048
0.8000,97.8000,0.0160,0.0000,-0.1191
0.8000,97.8000,0.0180,0.0000,-0.1318
0.8000,97.8000,0.0200,0.0000,-0.1437
0.8000,97.8000,0.0220,0.0000,-0.1556
0.8000,97.8000,0.0240,0.0000,-0.1675
0.8000,97.8000,0.0260,0.0000,-0.1794
0.8000,97.8000,0.0280,0.0000,-0.1913
0.8000,97.8000,0.0300,0.0000,-0.2031
0.8000,97.8000,0.0320,0.0000,-0.2120
0.8000,97.8000,0.0340,0.0000,-0.2209
0.8000,97.8000,0.0360,0.0000,-0.2298
0.8000,97.8000,0.0380,0.0000,-0.2387
0.8000,97.8000,0.0400,0.0000,-0.2476
0.8000,97.8000,0.0420,0.0000,-0.2565
0.8000,97.8000,0.0440,0.0000,-0.2654
0.8000,97.8000,0.0460,0.0000,-0.2737
0.8000,97.8000,0.0480,0.0000,-0.2818
0.8000,97.8000,0.0500,0.0000,-0.2900
0.8000,97.8000,0.0520,0.0000,-0.2981
0.8000,97.8000,0.0540,0.0000,-0.3062
0.8000,97.8000,0.0560,0.0000,-0.3143
0.8000,97.8000,0.0580,0.0000,-0.3225
0.8000,97.8000,0.0600,0.0000,-0.3306
0.8000,97.8000,0.0620,0.0000,-0.3387
0.8000,97.8000,0.0640,0.0000,-0.3468
0.8000,97.8000,0.0660,0.0000,-0.3549
0.8000,97.8000,0.0680,0.0000,-0.3631
0.8000,97.8000,0.0700,0.0000,-0.3712
0.8000,97.8000,0.0720,0.0000,-0.3784
0.8000,97.8000,0.0740,0.0000,-0.3855
0.8000,97.8000,0.0760,0.0000,-0.3926
0.8000,97.8000,0.0780,0.0000,-0.3998
0.8000,97.8000,0.0800,0.0000,-0.4069
0.8000,97.8000,0.0000,0.0050,0.0278
0.8000,97.8000,0.0020,0.0050,0.0075
0.8000,97.8000,0.0040,0.0050,-0.0125
0.8000,97.8000,0.0060,0.0050,-0.0319
0.8000,97.8000,0.0080,0.0050,-0.0504
0.8000,97.8000,0.0100,0.0050,-0.0669
0.8000,97.8000,0.0120,0.0050,-0.0818
0.8000,97.8000,0.0140,0.0050,-0.0962
0.8000,97.8000,0.0160,0.0050,-0.1096
0.8000,97.8000,0.0180,0.0050,-0.1215
0.8000,97.8000,0.0200,0.0050,-0.1334
0.8000,97.8000,0.0220,0.0050,-0.1453
0.8000,97.8000,0.0240,0.0050,-0.1572
0.8000,97.8000,0.0260,0.0050,-0.1691
0.8000,97.8000,0.0280,0.0050,-0.1810
0.8000,97.8000,0.0300,0.0050,-0.1910
0.8000,97.8000,0.0320,0.0050,-0.1999
0.8000,97.8000,0.0340,0.0050,-0.2088
0.8000,97.8000,0.0360,0.0050,-0.2177
0.8000,97.8000,0.0380,0.0050,-0.2266
0.8000,97.8000,0.0400,0.0050,-0.2355
0.8000,97.8000,0.0420,0.0050,-0.2444
0.8000,97.8000,0.0440,0.0050,-0.2531
0.8000,97.8000,0.0460,0.0050,-0.2613
0.8000,97.8000,0.0480,0.0050,-0.2694
0.8000,97.8000,0.0500,0.0050,-0.2775
0.8000,97.8000,0.0520,0.0050,-0.2856
0.8000,97.8000,0.0540,0.0050,-0.2937
0.8000,97.8000,0.0560,0.0050,-0.3019
0.8000,97.8000,0.0580,0.0050,-0.3100
0.8000,97.8000,0.0600,0.0050,-0.3181
0.8000,97.8000,0.0620,0.0050,-0.3262
0.8000,97.8000,0.0640,0.0050,-0.3344
0.8000,97.8000,0.0660,0.0050,-0.3425
0.8000,97.8000,0.0680,0.0050,-0.3506
0.8000,97.8000,0.0700,0.0050,-0.3585
0.8000,97.8000,0.0720,0.0050,-0.3657
0.8000,97.8000,0.0740,0.0050,-0.3728
0.8000,97.8000,0.0760,0.0050,-0.3799
0.8000,97.8000,0.0780,0.0050,-0.3871
0.8000,97.8000,0.0800,0.0050,-0.3942
0.8000,97.8000,0.0000,0.0100,0.0340
0.8000,97.8000,0.0020,0.0100,0.0141
0.8000,97.8000,0.0040,0.0100,-0.0058
0.8000,97.8000,0.0060,0.0100,-0.0254
0.8000,97.8000,0.0080,0.0100,-0.0435
0.8000,97.8000,0.0100,0.0100,-0.0589
0.8000,97.8000,0.0120,0.0100,-0.0732
0.8000,97.8000,0.0140,0.0100,-0.0873
0.8000,97.8000,0.0160,0.0100,-0.0992
0.8000,97.8000,0.0180,0.0100,-0.1111
0.8000,97.8000,0.0200,0.0100,-0.1230
0.8000,97.8000,0.0220,0.0100,-0.1349
0.8000,97.8000,0.0240,0.0100,-0.1468
0.8000,97.8000,0.0260,0.0100,-0.1587
0.8000,97.8000,0.0280,0.0100,-0.1701
0.8000,97.8000,0.0300,0.0100,-0.1790
0.8000,97.8000,0.0320,0.0100,-0.1879
0.8000,97.8000,0.0340,0.0100,-0.1968
0.8000,97.8000,0.0360,0.0100,-0.2057
0.8000,97.8000,0.0380,0.0100,-0.2146
0.8000,97.8000,0.0400,0.0100,-0.2235
0.8000,97.8000,0.0420,0.0100,-0.2324
0.8000,97.8000,0.0440,0.0100,-0.2407
0.8000,97.8000,0.0460,0.0100,-0.2488
0.8000,97.8000,0.0480,0.0100,-0.2569
0.8000,97.8000,0.0500,0.0100,-0.2650
0.8000,97.8000,0.0520,0.0100,-0.2731
0.8000,97.8000,0.0540,0.0100,-0.2813
0.8000,97.8000,0.0560,0.0100,-0.2894
0.8000,97.8000,0.0580,0.0100,-0.2975
0.8000,97.8000,0.0600,0.0100,-0.3056
0.8000,97.8000,0.0620,0.0100,-0.3138
0.8000,97.8000,0.0640,0.0100,-0.3219
0.8000,97.8000,0.0660,0.0100,-0.3300
0.8000,97.8000,0.0680,0.0100,-0.3381
0.8000,97.8000,0.0700,0.0100,-0.3458
0.8000,97.8000,0.0720,0.0100,-0.3529
0.8000,97.8000,0.0740,0.0100,-0.3601
0.8000,97.8000,0.0760,0.0100,-0.3672
0.8000,97.8000,0.0780,0.0100,-0.3744
0.8000,97.8000,0.0800,0.0100,-0.3815
0.8000,97.8000,0.0000,0.0150,0.0407
0.8000,97.8000,0.0020,0.0150,0.0208
0.8000,97.8000,0.0040,0.0150,0.0009
0.8000,97.8000,0.0060,0.0150,-0.0186
0.8000,97.8000,0.0080,0.0150,-0.0357
0.8000,97.8000,0.0100,0.0150,-0.0503
0.8000,97.8000,0.0120,0.0150,-0.0646
0.8000,97.8000,0.0140,0.0150,-0.0770
0.8000,97.8000,0.0160,0.0150,-0.0889
0.8000,97.8000,0.0180,0.0150,-0.1008
0.8000,97.8000,0.0200,0.0150,-0.1127
0.8000,97.8000,0.0220,0.0150,-0.1246
0.8000,97.8000,0.0240,0.0150,-0.1365
0.8000,97.8000,0.0260,0.0150,-0.1484
0.8000,97.8000,0.0280,0.0150,-0.1580
0.8000,97.8000,0.0300,0.0150,-0.1669
0.8000,97.8000,0.0320,0.0150,-0.1758
0.8000,97.8000,0.0340,0.0150,-0.1847
0.8000,97.8000,0.0360,0.0150,-0.1936
0.8000,97.8000,0.0380,0.0150,-0.2025
0.8000,97.8000,0.0400,0.0150,-0.2114
0.8000,97.8000,0.0420,0.0150,-0.2201
0.8000,97.8000,0.0440,0.0150,-0.2282
0.8000,97.8000,0.0460,0.0150,-0.2363
0.8000,97.8000,0.0480,0.0150,-0.2444
0.8000,97.8000,0.0500,0.0150,-0.2526
0.8000,97.8000,0.0520,0.0150,-0.2607
0.8000,97.8000,0.0540,0.0150,-0.2688
0.8000,97.8000,0.0560,0.0150,-0.2769
0.8000,97.8000,0.0580,0.0150,-0.2850
0.8000,97.8000,0.0600,0.0150,-0.2932
0.8000,97.8000,0.0620,0.0150,-0.3013
0.8000,97.8000,0.0640,0.0150,-0.3094
0.8000,97.8000,0.0660,0.0150,-0.3175
0.8000,97.8000,0.0680,0.0150,-0.3257
0.8000,97.8000,0.0700,0.0150,-0.3331
0.8000,97.8000,0.0720,0.0150,-0.3402
0.8000,97.8000,0.0740,0.0150,-0.3474
0.8000,97.8000,0.0760,0.0150,-0.3545
0.8000,97.8000,0.0780,0.0150,-0.3617
0.8000,97.8000,0.0800,0.0150,-0.3688
0.8000,97.8000,0.0000,0.0200,0.0473
0.8000,97.8000,0.0020,0.0200,0.0274
0.8000,97.8000,0.0040,0.0200,0.0080
0.8000,97.8000,0.0060,0.0200,-0.0106
0.8000,97.8000,0.0080,0.0200,-0.0272
0.8000,97.8000,0.0100,0.0200,-0.0417
0.8000,97.8000,0.0120,0.0200,-0.0547
0.8000,97.8000,0.0140,0.0200,-0.0666
0.8000,97.8000,0.0160,0.0200,-0.0785
0.8000,97.8000,0.0180,0.0200,-0.0904
0.8000,97.8000,0.0200,0.0200,-0.1023
0.8000,97.8000,0.0220,0.0200,-0.1142
0.8000,97.8000,0.0240,0.0200,-0.1261
0.8000,97.8000,0.0260,0.0200,-0.1370
0.8000,97.8000,0.0280,0.0200,-0.1459
0.8000,97.8000,0.0300,0.0200,-0.1548
0.8000,97.8000,0.0320,0.0200,-0.1637
0.8000,97.8000,0.0340,0.0200,-0.1726
0.8000,97.8000,0.0360,0.0200,-0.1815
0.8000,97.8000,0.0380,0.0200,-0.1904
0.8000,97.8000,0.0400,0.0200,-0.1993
0.8000,97.8000,0.0420,0.0200,-0.2076
0.8000,97.8000,0.0440,0.0200,-0.2157
0.8000,97.8000,0.0460,0.0200,-0.2238
0.8000,97.8000,0.0480,0.0200,-0.2320
0.8000,97.8000,0.0500,0.0200,-0.2401
0.8000,97.8000,0.0520,0.0200,-0.2482
0.8000,97.8000,0.0540,0.0200,-0.2563
0.8000,97.8000,0.0560,0.0200,-0.2644
0.8000,97.8000,0.0580,0.0200,-0.2726
0.8000,97.8000,0.0600,0.0200,-0.2807
0.8000,97.8000,0.0620,0.0200,-0.2888
0.8000,97.8000,0.0640,0.0200,-0.2969
0.8000,97.8000,0.0660,0.0200,-0.3051
0.8000,97.8000,0.0680,0.0200,-0.3132
0.8000,97.8000,0.0700,0.0200,-0.3204
0.8000,97.8000,0.0720,0.0200,-0.3275
0.8000,97.8000,0.0740,0.0200,-0.3347
0.8000,97.8000,0.0760,0.0200,-0.3418
0.8000,97.8000,0.0780,0.0200,-0.3490
0.8000,97.8000,0.0800,0.0200,-0.3561
0.8000,97.8000,0.0000,0.0250,0.0540
0.8000,97.8000,0.0020,0.0250,0.0348
0.8000,97.8000,0.0040,0.0250,0.0161
0.8000,97.8000,0.0060,0.0250,-0.0024
0.8000,97.8000,0.0080,0.0250,-0.0184
0.8000,97.8000,0.0100,0.0250,-0.0325
0.8000,97.8000,0.0120,0.0250,-0.0444
0.8000,97.8000,0.0140,0.0250,-0.0563
0.8000,97.8000,0.0160,0.0250,-0.0682
0.8000,97.8000,0.0180,0.0250,-0.0801
0.8000,97.8000,0.0200,0.0250,-0.0920
0.8000,97.8000,0.0220,0.0250,-0.1039
0.8000,97.8000,0.0240,0.0250,-0.1158
0.8000,97.8000,0.0260,0.0250,-0.1249
0.8000,97.8000,0.0280,0.0250,-0.1338
0.8000,97.8000,0.0300,0.0250,-0.1427
0.8000,97.8000,0.0320,0.0250,-0.1516
0.8000,97.8000,0.0340,0.0250,-0.1605
0.8000,97.8000,0.0360,0.0250,-0.1694
0.8000,97.8000,0.0380,0.0250,-0.1783
0.8000,97.8000,0.0400,0.0250,-0.1870
0.8000,97.8000,0.0420,0.0250,-0.1951
0.8000,97.8000,0.0440,0.0250,-0.2032
0.8000,97.8000,0.0460,0.0250,-0.2114
0.8000,97.8000,0.0480,0.0250,-0.2195
0.8000,97.8000,0.0500,0.0250,-0.2276
0.8000,97.8000,0.0520,0.0250,-0.2357
0.8000,97.8000,0.0540,0.0250,-0.2439
0.8000,97.8000,0.0560,0.0250,-0.2520
0.8000,97.8000,0.0580,0.0250,-0.2601
0.8000,97.8000,0.0600,0.0250,-0.2682
0.8000,97.8000,0.0620,0.0250,-0.2763
0.8000,97.8000,0.0640,0.0250,-0.2845
0.8000,97.8000,0.0660,0.0250,-0.2926
0.8000,97.8000,0.0680,0.0250,-0.3005
0.8000,97.8000,0.0700,0.0250,-0.3077
0.8000,97.8000,0.0720,0.0250,-0.3148
0.8000,97.8000,0.0740,0.0250,-0.3220
0.8000,97.8000,0.0760,0.0250,-0.3291
0.8000,97.8000,0.0780,0.0250,-0.3363
0.8000,97.8000,0.0800,0.0250,-0.3434
0.8000,97.8000,0.0000,0.0300,0.0616
0.8000,97.8000,0.0020,0.0300,0.0430
0.8000,97.8000,0.0040,0.0300,0.0243
0.8000,97.8000,0.0060,0.0300,0.0066
0.8000,97.8000,0.0080,0.0300,-0.0095
0.8000,97.8000,0.0100,0.0300,-0.0221
0.8000,97.8000,0.0120,0.0300,-0.0340
0.8000,97.8000,0.0140,0.0300,-0.0459
0.8000,97.8000,0.0160,0.0300,-0.0578
0.8000,97.8000,0.0180,0.0300,-0.0697
0.8000,97.8000,0.0200,0.0300,-0.0816
0.8000,97.8000,0.0220,0.0300,-0.0935
0.8000,97.8000,0.0240,0.0300,-0.1040
0.8000,97.8000,0.0260,0.0300,-0.1129
0.8000,97.8000,0.0280,0.0300,-0.1218
0.8000,97.8000,0.0300,0.0300,-0.1307
0.8000,97.8000,0.0320,0.0300,-0.1396
0.8000,97.8000,0.0340,0.0300,-0.1485
0.8000,97.8000,0.0360,0.0300,-0.1574
0.8000,97.8000,0.0380,0.0300,-0.1663
0.8000,97.8000,0.0400,0.0300,-0.1745
0.8000,97.8000,0.0420,0.0300,-0.1826
0.8000,97.8000,0.0440,0.0300,-0.1908
0.8000,97.8000,0.0460,0.0300,-0.1989
0.8000,97.8000,0.0480,0.0300,-0.2070
0.8000,97.8000,0.0500,0.0300,-0.2151
0.8000,97.8000,0.0520,0.0300,-0.2233
0.8000,97.8000,0.0540,0.0300,-0.2314
0.8000,97.8000,0.0560,0.0300,-0.2395
0.8000,97.8000,0.0580,0.0300,-0.2476
0.8000,97.8000,0.0600,0.0300,-0.2557
0.8000,97.8000,0.0620,0.0300,-0.2639
0.8000,97.8000,0.0640,0.0300,-0.2720
0.8000,97.8000,0.0660,0.0300,-0.2801
0.8000,97.8000,0.0680,0.0300,-0.2878
0.8000,97.8000,0.0700,0.0300,-0.2950
0.8000,97.8000,0.0720,0.0300,-0.3021
0.8000,97.8000,0.0740,0.0300,-0.3093
0.8000,97.8000,0.0760,0.0300,-0.3164
0.8000,97.8000,0.0780,0.0300,-0.3235
0.8000,97.8000,0.0800,0.0300,-0.3307
0.8000,97.8000,0.0000,0.0350,0.0698
0.8000,97.8000,0.0020,0.0350,0.0511
0.8000,97.8000,0.0040,0.0350,0.0330
0.8000,97.8000,0.0060,0.0350,0.0155
0.8000,97.8000,0.0080,0.0350,0.0010
0.8000,97.8000,0.0100,0.0350,-0.0118
0.8000,97.8000,0.0120,0.0350,-0.0237
0.8000,97.8000,0.0140,0.0350,-0.0356
0.8000,97.8000,0.0160,0.0350,-0.0475
0.8000,97.8000,0.0180,0.0350,-0.0594
0.8000,97.8000,0.0200,0.0350,-0.0713
0.8000,97.8000,0.0220,0.0350,-0.0830
0.8000,97.8000,0.0240,0.0350,-0.0919
0.8000,97.8000,0.0260,0.0350,-0.1008
0.8000,97.8000,0.0280,0.0350,-0.1097
0.8000,97.8000,0.0300,0.0350,-0.1186
0.8000,97.8000,0.0320,0.0350,-0.1275
0.8000,97.8000,0.0340,0.0350,-0.1364
0.8000,97.8000,0.0360,0.0350,-0.1453
0.8000,97.8000,0.0380,0.0350,-0.1539
0.8000,97.8000,0.0400,0.0350,-0.1621
0.8000,97.8000,0.0420,0.0350,-0.1702
0.8000,97.8000,0.0440,0.0350,-0.1783
0.8000,97.8000,0.0460,0.0350,-0.1864
0.8000,97.8000,0.0480,0.0350,-0.1945
0.8000,97.8000,0.0500,0.0350,-0.2027
0.8000,97.8000,0.0520,0.0350,-0.2108
0.8000,97.8000,0.0540,0.0350,-0.2189
0.8000,97.8000,0.0560,0.0350,-0.2270
0.8000,97.8000,0.0580,0.0350,-0.2352
0.8000,97.8000,0.0600,0.0350,-0.2433
0.8000,97.8000,0.0620,0.0350,-0.2514
0.8000,97.8000,0.0640,0.0350,-0.2595
0.8000,97.8000,0.0660,0.0350,-0.2676
0.8000,97.8000,0.0680,0.0350,-0.2751
0.8000,97.8000,0.0700,0.0350,-0.2823
0.8000,97.8000,0.0720,0.0350,-0.2894
0.8000,97.8000,0.0740,0.0350,-0.2966
0.8000,97.8000,0.0760,0.0350,-0.3037
0.8000,97.8000,0.0780,0.0350,-0.3108
0.8000,97.8000,0.0800,0.0350,-0.3180
0.8000,97.8000,0.0000,0.0400,0.0780
0.8000,97.8000,0.0020,0.0400,0.0594
0.8000,97.8000,0.0040,0.0400,0.0420
0.8000,97.8000,0.0060,0.0400,0.0251
0.8000,97.8000,0.0080,0.0400,0.0116
0.8000,97.8000,0.0100,0.0400,-0.0014
0.8000,97.8000,0.0120,0.0400,-0.0133
0.8000,97.8000,0.0140,0.0400,-0.0252
0.8000,97.8000,0.0160,0.0400,-0.0371
0.8000,97.8000,0.0180,0.0400,-0.0490
0.8000,97.8000,0.0200,0.0400,-0.0609
0.8000,97.8000,0.0220,0.0400,-0.0709
0.8000,97.8000,0.0240,0.0400,-0.0798
0.8000,97.8000,0.0260,0.0400,-0.0887
0.8000,97.8000,0.0280,0.0400,-0.0976
0.8000,97.8000,0.0300,0.0400,-0.1065
0.8000,97.8000,0.0320,0.0400,-0.1154
0.8000,97.8000,0.0340,0.0400,-0.1243
0.8000,97.8000,0.0360,0.0400,-0.1332
0.8000,97.8000,0.0380,0.0400,-0.1415
0.8000,97.8000,0.0400,0.0400,-0.1496
0.8000,97.8000,0.0420,0.0400,-0.1577
0.8000,97.8000,0.0440,0.0400,-0.1658
0.8000,97.8000,0.0460,0.0400,-0.1739
0.8000,97.8000,0.0480,0.0400,-0.1821
0.8000,97.8000,0.0500,0.0400,-0.1902
0.8000,97.8000,0.0520,0.0400,-0.1983
0.8000,97.8000,0.0540,0.0400,-0.2064
0.8000,97.8000,0.0560,0.0400,-0.2146
0.8000,97.8000,0.0580,0.0400,-0.2227
0.8000,97.8000,0.0600,0.0400,-0.2308
0.8000,97.8000,0.0620,0.0400,-0.2389
0.8000,97.8000,0.0640,0.0400,-0.2470
0.8000,97.8000,0.0660,0.0400,-0.2552
0.8000,97.8000,0.0680,0.0400,-0.2624
0.8000,97.8000,0.0700,0.0400,-0.2696
0.8000,97.8000,0.0720,0.0400,-0.2767
0.8000,97.8000,0.0740,0.0400,-0.2838
0.8000,97.8000,0.0760,0.0400,-0.2910
0.8000,97.8000,0.0780,0.0400,-0.2981
0.8000,97.8000,0.0800,0.0400,-0.3053
0.8000,97.8000,0.0000,0.0450,0.0861
0.8000,97.8000,0.0020,0.0450,0.0684
0.8000,97.8000,0.0040,0.0450,0.0509
0.8000,97.8000,0.0060,0.0450,0.0357
0.8000,97.8000,0.0080,0.0450,0.0222
0.8000,97.8000,0.0100,0.0450,0.0089
0.8000,97.8000,0.0120,0.0450,-0.0030
0.8000,97.8000,0.0140,0.0450,-0.0149
0.8000,97.8000,0.0160,0.0450,-0.0268
0.8000,97.8000,0.0180,0.0450,-0.0387
0.8000,97.8000,0.0200,0.0450,-0.0499
0.8000,97.8000,0.0220,0.0450,-0.0588
0.8000,97.8000,0.0240,0.0450,-0.0677
0.8000,97.8000,0.0260,0.0450,-0.0766
0.8000,97.8000,0.0280,0.0450,-0.0855
0.8000,97.8000,0.0300,0.0450,-0.0944
0.8000,97.8000,0.0320,0.0450,-0.1033
0.8000,97.8000,0.0340,0.0450,-0.1122
0.8000,97.8000,0.0360,0.0450,-0.1209
0.8000,97.8000,0.0380,0.0450,-0.1290
0.8000,97.8000,0.0400,0.0450,-0.1371
0.8000,97.8000,0.0420,0.0450,-0.1452
0.8000,97.8000,0.0440,0.0450,-0.1534
0.8000,97.8000,0.0460,0.0450,-0.1615
0.8000,97.8000,0.0480,0.0450,-0.1696
0.8000,97.8000,0.0500,0.0450,-0.1777
0.8000,97.8000,0.0520,0.0450,-0.1858
0.8000,97.8000,0.0540,0.0450,-0.1940
0.8000,97.8000,0.0560,0.0450,-0.2021
0.8000,97.8000,0.0580,0.0450,-0.2102
0.8000,97.8000,0.0600,0.0450,-0.2183
0.8000,97.8000,0.0620,0.0450,-0.2265
0.8000,97.8000,0.0640,0.0450,-0.2346
0.8000,97.8000,0.0660,0.0450,-0.2426
0.8000,97.8000,0.0680,0.0450,-0.2497
0.8000,97.8000,0.0700,0.0450,-0.2569
0.8000,97.8000,0.0720,0.0450,-0.2640
0.8000,97.8000,0.0740,0.0450,-0.2711
0.8000,97.8000,0.0760,0.0450,-0.2783
0.8000,97.8000,0.0780,0.0450,-0.2854
0.8000,97.8000,0.0800,0.0450,-0.2926
0.8000,97.8000,0.0000,0.0500,0.0948
0.8000,97.8000,0.0020,0.0500,0.0773
0.8000,97.8000,0.0040,0.0500,0.0599
0.8000,97.8000,0.0060,0.0500,0.0463
0.8000,97.8000,0.0080,0.0500,0.0328
0.8000,97.8000,0.0100,0.0500,0.0193
0.8000,97.8000,0.0120,0.0500,0.0074
0.8000,97.8000,0.0140,0.0500,-0.0045
0.8000,97.8000,0.0160,0.0500,-0.0164
0.8000,97.8000,0.0180,0.0500,-0.0283
0.8000,97.8000,0.0200,0.0500,-0.0378
0.8000,97.8000,0.0220,0.0500,-0.0468
0.8000,97.8000,0.0240,0.0500,-0.0557
0.8000,97.8000,0.0260,0.0500,-0.0646
0.8000,97.8000,0.0280,0.0500,-0.0735
0.8000,97.8000,0.0300,0.0500,-0.0824
0.8000,97.8000,0.0320,0.0500,-0.0913
0.8000,97.8000,0.0340,0.0500,-0.1002
0.8000,97.8000,0.0360,0.0500,-0.1084
0.8000,97.8000,0.0380,0.0500,-0.1165
0.8000,97.8000,0.0400,0.0500,-0.1246
0.8000,97.8000,0.0420,0.0500,-0.1328
0.8000,97.8000,0.0440,0.0500,-0.1409
0.8000,97.8000,0.0460,0.0500,-0.1490
0.8000,97.8000,0.0480,0.0500,-0.1571
0.8000,97.8000,0.0500,0.0500,-0.1652
0.8000,97.8000,0.0520,0.0500,-0.1734
0.8000,97.8000,0.0540,0.0500,-0.1815
0.8000,97.8000,0.0560,0.0500,-0.1896
0.8000,97.8000,0.0580,0.0500,-0.1977
0.8000,97.8000,0.0600,0.0500,-0.2059
0.8000,97.8000,0.0620,0.0500,-0.2140
0.8000,97.8000,0.0640,0.0500,-0.2221
0.8000,97.8000,0.0660,0.0500,-0.2299
0.8000,97.8000,0.0680,0.0500,-0.2370
0.8000,97.8000,0.0700,0.0500,-0.2442
0.8000,97.8000,0.0720,0.0500,-0.2513
0.8000,97.8000,0.0740,0.0500,-0.2584
0.8000,97.8000,0.0760,0.0500,-0.2656
0.8000,97.8000,0.0780,0.0500,-0.2727
0.8000,97.8000,0.0800,0.0500,-0.2799
0.8000,97.8000,0.0000,0.0550,0.1038
0.8000,97.8000,0.0020,0.0550,0.0863
0.8000,97.8000,0.0040,0.0550,0.0704
0.8000,97.8000,0.0060,0.0550,0.0569
0.8000,97.8000,0.0080,0.0550,0.0434
0.8000,97.8000,0.0100,0.0550,0.0299
0.8000,97.8000,0.0120,0.0550,0.0177
0.8000,97.8000,0.0140,0.0550,0.0058
0.8000,97.8000,0.0160,0.0550,-0.0061
0.8000,97.8000,0.0180,0.0550,-0.0169
0.8000,97.8000,0.0200,0.0550,-0.0258
0.8000,97.8000,0.0220,0.0550,-0.0347
0.8000,97.8000,0.0240,0.0550,-0.0436
0.8000,97.8000,0.0260,0.0550,-0.0525
0.8000,97.8000,0.0280,0.0550,-0.0614
0.8000,97.8000,0.0300,0.0550,-0.0703
0.8000,97.8000,0.0320,0.0550,-0.0792
0.8000,97.8000,0.0340,0.0550,-0.0878
0.8000,97.8000,0.0360,0.0550,-0.0959
0.8000,97.8000,0.0380,0.0550,-0.1040
0.8000,97.8000,0.0400,0.0550,-0.1122
0.8000,97.8000,0.0420,0.0550,-0.1203
0.8000,97.8000,0.0440,0.0550,-0.1284
0.8000,97.8000,0.0460,0.0550,-0.1365
0.8000,97.8000,0.0480,0.0550,-0.1447
0.8000,97.8000,0.0500,0.0550,-0.1528
0.8000,97.8000,0.0520,0.0550,-0.1609
0.8000,97.8000,0.0540,0.0550,-0.1690
0.8000,97.8000,0.0560,0.0550,-0.1771
0.8000,97.8000,0.0580,0.0550,-0.1853
0.8000,97.8000,0.0600,0.0550,-0.1934
0.8000,97.8000,0.0620,0.0550,-0.2015
0.8000,97.8000,0.0640,0.0550,-0.2096
0.8000,97.8000,0.0660,0.0550,-0.2172
0.8000,97.8000,0.0680,0.0550,-0.2243
0.8000,97.8000,0.0700,0.0550,-0.2314
0.8000,97.8000,0.0720,0.0550,-0.2386
0.8000,97.8000,0.0740,0.0550,-0.2457
0.8000,97.8000,0.0760,0.0550,-0.2529
0.8000,97.8000,0.0780,0.0550,-0.2600
0.8000,97.8000,0.0800,0.0550,-0.2672
0.8000,97.8000,0.0000,0.0600,0.1127
0.8000,97.8000,0.0020,0.0600,0.0952
0.8000,97.8000,0.0040,0.0600,0.0810
0.8000,97.8000,0.0060,0.0600,0.0675
0.8000,97.8000,0.0080,0.0600,0.0540
0.8000,97.8000,0.0100,0.0600,0.0405
0.8000,97.8000,0.0120,0.0600,0.0280
0.8000,97.8000,0.0140,0.0600,0.0162
0.8000,97.8000,0.0160,0.0600,0.0043
0.8000,97.8000,0.0180,0.0600,-0.0048
0.8000,97.8000,0.0200,0.0600,-0.0137
0.8000,97.8000,0.0220,0.0600,-0.0226
0.8000,97.8000,0.0240,0.0600,-0.0315
0.8000,97.8000,0.0260,0.0600,-0.0404
0.8000,97.8000,0.0280,0.0600,-0.0493
0.8000,97.8000,0.0300,0.0600,-0.0582
0.8000,97.8000,0.0320,0.0600,-0.0671
0.8000,97.8000,0.0340,0.0600,-0.0753
0.8000,97.8000,0.0360,0.0600,-0.0834
0.8000,97.8000,0.0380,0.0600,-0.0916
0.8000,97.8000,0.0400,0.0600,-0.0997
0.8000,97.8000,0.0420,0.0600,-0.1078
0.8000,97.8000,0.0440,0.0600,-0.1159
0.8000,97.8000,0.0460,0.0600,-0.1241
0.8000,97.8000,0.0480,0.0600,-0.1322
0.8000,97.8000,0.0500,0.0600,-0.1403
0.8000,97.8000,0.0520,0.0600,-0.1484
0.8000,97.8000,0.0540,0.0600,-0.1565
0.8000,97.8000,0.0560,0.0600,-0.1647
0.8000,97.8000,0.0580,0.0600,-0.1728
0.8000,97.8000,0.0600,0.0600,-0.1809
0.8000,97.8000,0.0620,0.0600,-0.1890
0.8000,97.8000,0.0640,0.0600,-0.1972
0.8000,97.8000,0.0660,0.0600,-0.2045
0.8000,97.8000,0.0680,0.0600,-0.2116
0.8000,97.8000,0.0700,0.0600,-0.2187
0.8000,97.8000,0.0720,0.0600,-0.2259
0.8000,97.8000,0.0740,0.0600,-0.2330
0.8000,97.8000,0.0760,0.0600,-0.2402
0.8000,97.8000,0.0780,0.0600,-0.2473
0.8000,97.8000,0.0800,0.0600,-0.2544
0.8000,97.8000,0.0000,0.0650,0.1217
0.8000,97.8000,0.0020,0.0650,0.1052
0.8000,97.8000,0.0040,0.0650,0.0916
0.8000,97.8000,0.0060,0.0650,0.0781
0.8000,97.8000,0.0080,0.0650,0.0646
0.8000,97.8000,0.0100,0.0650,0.0511
0.8000,97.8000,0.0120,0.0650,0.0384
0.8000,97.8000,0.0140,0.0650,0.0265
0.8000,97.8000,0.0160,0.0650,0.0162
0.8000,97.8000,0.0180,0.0650,0.0073
0.8000,97.8000,0.0200,0.0650,-0.0016
0.8000,97.8000,0.0220,0.0650,-0.0105
0.8000,97.8000,0.0240,0.0650,-0.0194
0.8000,97.8000,0.0260,0.0650,-0.0283
0.8000,97.8000,0.0280,0.0650,-0.0372
0.8000,97.8000,0.0300,0.0650,-0.0461
0.8000,97.8000,0.0320,0.0650,-0.0547
0.8000,97.8000,0.0340,0.0650,-0.0629
0.8000,97.8000,0.0360,0.0650,-0.0710
0.8000,97.8000,0.0380,0.0650,-0.0791
0.8000,97.8000,0.0400,0.0650,-0.0872
0.8000,97.8000,0.0420,0.0650,-0.0953
0.8000,97.8000,0.0440,0.0650,-0.1035
0.8000,97.8000,0.0460,0.0650,-0.1116
0.8000,97.8000,0.0480,0.0650,-0.1197
0.8000,97.8000,0.0500,0.0650,-0.1278
0.8000,97.8000,0.0520,0.0650,-0.1360
0.8000,97.8000,0.0540,0.0650,-0.1441
0.8000,97.8000,0.0560,0.0650,-0.1522
0.8000,97.8000,0.0580,0.0650,-0.1603
0.8000,97.8000,0.0600,0.0650,-0.1684
0.8000,97.8000,0.0620,0.0650,-0.1766
0.8000,97.8000,0.0640,0.0650,-0.1846
0.8000,97.8000,0.0660,0.0650,-0.1917
0.8000,97.8000,0.0680,0.0650,-0.1989
0.8000,97.8000,0.0700,0.0650,-0.2060
0.8000,97.8000,0.0720,0.0650,-0.2132
0.8000,97.8000,0.0740,0.0650,-0.2203
0.8000,97.8000,0.0760,0.0650,-0.2275
0.8000,97.8000,0.0780,0.0650,-0.2346
0.8000,97.8000,0.0800,0.0650,-0.2417
0.8000,97.8000,0.0000,0.0700,0.1306
0.8000,97.8000,0.0020,0.0700,0.1158
0.8000,97.8000,0.0040,0.0700,0.1022
0.8000,97.8000,0.0060,0.0700,0.0887
0.8000,97.8000,0.0080,0.0700,0.0752
0.8000,97.8000,0.0100,0.0700,0.0617
0.8000,97.8000,0.0120,0.0700,0.0487
0.8000,97.8000,0.0140,0.0700,0.0372
0.8000,97.8000,0.0160,0.0700,0.0283
0.8000,97.8000,0.0180,0.0700,0.0194
0.8000,97.8000,0.0200,0.0700,0.0104
0.8000,97.8000,0.0220,0.0700,0.0015
0.8000,97.8000,0.0240,0.0700,-0.0074
0.8000,97.8000,0.0260,0.0700,-0.0163
0.8000,97.8000,0.0280,0.0700,-0.0252
0.8000,97.8000,0.0300,0.0700,-0.0341
0.8000,97.8000,0.0320,0.0700,-0.0423
0.8000,97.8000,0.0340,0.0700,-0.0504
0.8000,97.8000,0.0360,0.0700,-0.0585
0.8000,97.8000,0.0380,0.0700,-0.0666
0.8000,97.8000,0.0400,0.0700,-0.0747
0.8000,97.8000,0.0420,0.0700,-0.0829
0.8000,97.8000,0.0440,0.0700,-0.0910
0.8000,97.8000,0.0460,0.0700,-0.0991
0.8000,97.8000,0.0480,0.0700,-0.1072
0.8000,97.8000,0.0500,0.0700,-0.1154
0.8000,97.8000,0.0520,0.0700,-0.1235
0.8000,97.8000,0.0540,0.0700,-0.1316
0.8000,97.8000,0.0560,0.0700,-0.1397
0.8000,97.8000,0.0580,0.0700,-0.1478
0.8000,97.8000,0.0600,0.0700,-0.1560
0.8000,97.8000,0.0620,0.0700,-0.1641
0.8000,97.8000,0.0640,0.0700,-0.1719
0.8000,97.8000,0.0660,0.0700,-0.1790
0.8000,97.8000,0.0680,0.0700,-0.1862
0.8000,97.8000,0.0700,0.0700,-0.1933
0.8000,97.8000,0.0720,0.0700,-0.2005
0.8000,97.8000,0.0740,0.0700,-0.2076
0.8000,97.8000,0.0760,0.0700,-0.2147
0.8000,97.8000,0.0780,0.0700,-0.2219
0.8000,97.8000,0.0800,0.0700,-0.2290
0.8000,97.8000,0.0000,0.0750,0.1399
0.8000,97.8000,0.0020,0.0750,0.1264
0.8000,97.8000,0.0040,0.0750,0.1128
0.8000,97.8000,0.0060,0.0750,0.0993
0.8000,97.8000,0.0080,0.0750,0.0858
0.8000,97.8000,0.0100,0.0750,0.0723
0.8000,97.8000,0.0120,0.0750,0.0591
0.8000,97.8000,0.0140,0.0750,0.0492
0.8000,97.8000,0.0160,0.0750,0.0403
0.8000,97.8000,0.0180,0.0750,0.0314
0.8000,97.8000,0.0200,0.0750,0.0225
0.8000,97.8000,0.0220,0.0750,0.0136
0.8000,97.8000,0.0240,0.0750,0.0047
0.8000,97.8000,0.0260,0.0750,-0.0042
0.8000,97.8000,0.0280,0.0750,-0.0131
0.8000,97.8000,0.0300,0.0750,-0.0217
0.8000,97.8000,0.0320,0.0750,-0.0298
0.8000,97.8000,0.0340,0.0750,-0.0379
0.8000,97.8000,0.0360,0.0750,-0.0460
0.8000,97.8000,0.0380,0.0750,-0.0542
0.8000,97.8000,0.0400,0.0750,-0.0623
0.8000,97.8000,0.0420,0.0750,-0.0704
0.8000,97.8000,0.0440,0.0750,-0.0785
0.8000,97.8000,0.0460,0.0750,-0.0866
0.8000,97.8000,0.0480,0.0750,-0.0948
0.8000,97.8000,0.0500,0.0750,-0.1029
0.8000,97.8000,0.0520,0.0750,-0.1110
0.8000,97.8000,0.0540,0.0750,-0.1191
0.8000,97.8000,0.0560,0.0750,-0.1273
0.8000,97.8000,0.0580,0.0750,-0.1354
0.8000,97.8000,0.0600,0.0750,-0.1435
0.8000,97.8000,0.0620,0.0750,-0.1516
0.8000,97.8000,0.0640,0.0750,-0.1592
0.8000,97.8000,0.0660,0.0750,-0.1663
0.8000,97.8000,0.0680,0.0750,-0.1735
0.8000,97.8000,0.0700,0.0750,-0.1806
0.8000,97.8000,0.0720,0.0750,-0.1878
0.8000,97.8000,0.0740,0.0750,-0.1949
0.8000,97.8000,0.0760,0.0750,-0.2020
0.8000,97.8000,0.0780,0.0750,-0.2092
0.8000,97.8000,0.0800,0.0750,-0.2163
0.8000,97.8000,0.0000,0.0800,0.1505
0.8000,97.8000,0.0020,0.0800,0.1370
0.8000,97.8000,0.0040,0.0800,0.1234
0.8000,97.8000,0.0060,0.0800,0.1099
0.8000,97.8000,0.0080,0.0800,0.0964
0.8000,97.8000,0.0100,0.0800,0.0829
0.8000,97.8000,0.0120,0.0800,0.0702
0.8000,97.8000,0.0140,0.0800,0.0613
0.8000,97.8000,0.0160,0.0800,0.0524
0.8000,97.8000,0.0180,0.0800,0.0435
0.8000,97.8000,0.0200,0.0800,0.0346
0.8000,97.8000,0.0220,0.0800,0.0257
0.8000,97.8000,0.0240,0.0800,0.0168
0.8000,97.8000,0.0260,0.0800,0.0079
0.8000,97.8000,0.0280,0.0800,-0.0010
0.8000,97.8000,0.0300,0.0800,-0.0092
0.8000,97.8000,0.0320,0.0800,-0.0173
0.8000,97.8000,0.0340,0.0800,-0.0254
0.8000,97.8000,0.0360,0.0800,-0.0336
0.8000,97.8000,0.0380,0.0800,-0.0417
0.8000,97.8000,0.0400,0.0800,-0.0498
0.8000,97.8000,0.0420,0.0800,-0.0579
0.8000,97.8000,0.0440,0.0800,-0.0660
0.8000,97.8000,0.0460,0.0800,-0.0742
0.8000,97.8000,0.0480,0.0800,-0.0823
0.8000,97.8000,0.0500,0.0800,-0.0904
0.8000,97.8000,0.0520,0.0800,-0.0985
0.8000,97.8000,0.0540,0.0800,-0.1067
0.8000,97.8000,0.0560,0.0800,-0.1148
0.8000,97.8000,0.0580,0.0800,-0.1229
0.8000,97.8000,0.0600,0.0800,-0.1310
0.8000,97.8000,0.0620,0.0800,-0.1391
0.8000,97.8000,0.0640,0.0800,-0.1465
0.8000,97.8000,0.0660,0.0800,-0.1536
0.8000,97.8000,0.0680,0.0800,-0.1608
0.8000,97.8000,0.0700,0.0800,-0.1679
0.8000,97.8000,0.0720,0.0800,-0.1751
0.8000,97.8000,0.0740,0.0800,-0.1822
0.8000,97.8000,0.0760,0.0800,-0.1893
0.8000,97.8000,0.0780,0.0800,-0.1965
0.8000,97.8000,0.0800,0.0800,-0.2036
0.8000,97.8000,0.0000,0.0850,0.1611
0.8000,97.8000,0.0020,0.0850,0.1476
0.8000,97.8000,0.0040,0.0850,0.1340
0.8000,97.8000,0.0060,0.0850,0.1205
0.8000,97.8000,0.0080,0.0850,0.1070
0.8000,97.8000,0.0100,0.0850,0.0935
0.8000,97.8000,0.0120,0.0850,0.0823
0.8000,97.8000,0.0140,0.0850,0.0734
0.8000,97.8000,0.0160,0.0850,0.0645
0.8000,97.8000,0.0180,0.0850,0.0556
0.8000,97.8000,0.0200,0.0850,0.0467
0.8000,97.8000,0.0220,0.0850,0.0378
0.8000,97.8000,0.0240,0.0850,0.0289
0.8000,97.8000,0.0260,0.0850,0.0200
0.8000,97.8000,0.0280,0.0850,0.0114
0.8000,97.8000,0.0300,0.0850,0.0033
0.8000,97.8000,0.0320,0.0850,-0.0048
0.8000,97.8000,0.0340,0.0850,-0.0130
0.8000,97.8000,0.0360,0.0850,-0.0211
0.8000,97.8000,0.0380,0.0850,-0.0292
0.8000,97.8000,0.0400,0.0850,-0.0373
0.8000,97.8000,0.0420,0.0850,-0.0455
0.8000,97.8000,0.0440,0.0850,-0.0536
0.8000,97.8000,0.0460,0.0850,-0.0617
0.8000,97.8000,0.0480,0.0850,-0.0698
0.8000,97.8000,0.0500,0.0850,-0.0779
0.8000,97.8000,0.0520,0.0850,-0.0861
0.8000,97.8000,0.0540,0.0850,-0.0942
0.8000,97.8000,0.0560,0.0850,-0.1023
0.8000,97.8000,0.0580,0.0850,-0.1104
0.8000,97.8000,0.0600,0.0850,-0.1186
0.8000,97.8000,0.0620,0.0850,-0.1266
0.8000,97.8000,0.0640,0.0850,-0.1338
0.8000,97.8000,0.0660,0.0850,-0.1409
0.8000,97.8000,0.0680,0.0850,-0.1481
0.8000,97.8000,0.0700,0.0850,-0.1552
0.8000,97.8000,0.0720,0.0850,-0.1623
0.8000,97.8000,0.0740,0.0850,-0.1695
0.8000,97.8000,0.0760,0.0850,-0.1766
0.8000,97.8000,0.0780,0.0850,-0.1838
0.8000,97.8000,0.0800,0.0850,-0.1909
0.8000,97.8000,0.0000,0.0900,0.1717
0.8000,97.8000,0.0020,0.0900,0.1582
0.8000,97.8000,0.0040,0.0900,0.1447
0.8000,97.8000,0.0060,0.0900,0.1311
0.8000,97.8000,0.0080,0.0900,0.1176
0.8000,97.8000,0.0100,0.0900,0.1041
0.8000,97.8000,0.0120,0.0900,0.0944
0.8000,97.8000,0.0140,0.0900,0.0855
0.8000,97.8000,0.0160,0.0900,0.0766
0.8000,97.8000,0.0180,0.0900,0.0676
0.8000,97.8000,0.0200,0.0900,0.0587
0.8000,97.8000,0.0220,0.0900,0.0498
0.8000,97.8000,0.0240,0.0900,0.0409
0.8000,97.8000,0.0260,0.0900,0.0320
0.8000,97.8000,0.0280,0.0900,0.0239
0.8000,97.8000,0.0300,0.0900,0.0158
0.8000,97.8000,0.0320,0.0900,0.0076
0.8000,97.8000,0.0340,0.0900,-0.0005
0.8000,97.8000,0.0360,0.0900,-0.0086
0.8000,97.8000,0.0380,0.0900,-0.0167
0.8000,97.8000,0.0400,0.0900,-0.0249
0.8000,97.8000,0.0420,0.0900,-0.0330
0.8000,97.8000,0.0440,0.0900,-0.0411
0.8000,97.8000,0.0460,0.0900,-0.0492
0.8000,97.8000,0.0480,0.0900,-0.0573
0.8000,97.8000,0.0500,0.0900,-0.0655
0.8000,97.8000,0.0520,0.0900,-0.0736
0.8000,97.8000,0.0540,0.0900,-0.0817
0.8000,97.8000,0.0560,0.0900,-0.0898
0.8000,97.8000,0.0580,0.0900,-0.0980
0.8000,97.8000,0.0600,0.0900,-0.1061
0.8000,97.8000,0.0620,0.0900,-0.1139
0.8000,97.8000,0.0640,0.0900,-0.1211
0.8000,97.8000,0.0660,0.0900,-0.1282
0.8000,97.8000,0.0680,0.0900,-0.1354
0.8000,97.8000,0.0700,0.0900,-0.1425
0.8000,97.8000,0.0720,0.0900,-0.1496
0.8000,97.8000,0.0740,0.0900,-0.1568
0.8000,97.8000,0.0760,0.0900,-0.1639
0.8000,97.8000,0.0780,0.0900,-0.1711
0.8000,97.8000,0.0800,0.0900,-0.1782
0.8000,97.8000,0.0000,0.0950,0.1823
0.8000,97.8000,0.0020,0.0950,0.1688
0.8000,97.8000,0.0040,0.0950,0.1553
0.8000,97.8000,0.0060,0.0950,0.1417
0.8000,97.8000,0.0080,0.0950,0.1282
0.8000,97.8000,0.0100,0.0950,0.1153
0.8000,97.8000,0.0120,0.0950,0.1064
0.8000,97.8000,0.0140,0.0950,0.0975
0.8000,97.8000,0.0160,0.0950,0.0886
0.8000,97.8000,0.0180,0.0950,0.0797
0.8000,97.8000,0.0200,0.0950,0.0708
0.8000,97.8000,0.0220,0.0950,0.0619
0.8000,97.8000,0.0240,0.0950,0.0530
0.8000,97.8000,0.0260,0.0950,0.0445
0.8000,97.8000,0.0280,0.0950,0.0363
0.8000,97.8000,0.0300,0.0950,0.0282
0.8000,97.8000,0.0320,0.0950,0.0201
0.8000,97.8000,0.0340,0.0950,0.0120
0.8000,97.8000,0.0360,0.0950,0.0039
0.8000,97.8000,0.0380,0.0950,-0.0043
0.8000,97.8000,0.0400,0.0950,-0.0124
0.8000,97.8000,0.0420,0.0950,-0.0205
0.8000,97.8000,0.0440,0.0950,-0.0286
0.8000,97.8000,0.0460,0.0950,-0.0368
0.8000,97.8000,0.0480,0.0950,-0.0449
0.8000,97.8000,0.0500,0.0950,-0.0530
0.8000,97.8000,0.0520,0.0950,-0.0611
0.8000,97.8000,0.0540,0.0950,-0.0692
0.8000,97.8000,0.0560,0.0950,-0.0774
0.8000,97.8000,0.0580,0.0950,-0.0855
0.8000,97.8000,0.0600,0.0950,-0.0936
0.8000,97.8000,0.0620,0.0950,-0.1012
0.8000,97.8000,0.0640,0.0950,-0.1084
0.8000,97.8000,0.0660,0.0950,-0.1155
0.8000,97.8000,0.0680,0.0950,-0.1226
0.8000,97.8000,0.0700,0.0950,-0.1298
0.8000,97.8000,0.0720,0.0950,-0.1369
0.8000,97.8000,0.0740,0.0950,-0.1441
0.8000,97.8000,0.0760,0.0950,-0.1512
0.8000,97.8000,0.0780,0.0950,-0.1584
0.8000,97.8000,0.0800,0.0950,-0.1655
0.8000,97.8000,0.0000,0.1000,0.1929
0.8000,97.8000,0.0020,0.1000,0.1794
0.8000,97.8000,0.0040,0.1000,0.1659
0.8000,97.8000,0.0060,0.1000,0.1523
0.8000,97.8000,0.0080,0.1000,0.1388
0.8000,97.8000,0.0100,0.1000,0.1274
0.8000,97.8000,0.0120,0.1000,0.1185
0.8000,97.8000,0.0140,0.1000,0.1096
0.8000,97.8000,0.0160,0.1000,0.1007
0.8000,97.8000,0.0180,0.1000,0.0918
0.8000,97.8000,0.0200,0.1000,0.0829
0.8000,97.8000,0.0220,0.1000,0.0740
0.8000,97.8000,0.0240,0.1000,0.0651
0.8000,97.8000,0.0260,0.1000,0.0569
0.8000,97.8000,0.0280,0.1000,0.0488
0.8000,97.8000,0.0300,0.1000,0.0407
0.8000,97.8000,0.0320,0.1000,0.0326
0.8000,97.8000,0.0340,0.1000,0.0245
0.8000,97.8000,0.0360,0.1000,0.0163
0.8000,97.8000,0.0380,0.1000,0.0082
0.8000,97.8000,0.0400,0.1000,0.0001
0.8000,97.8000,0.0420,0.1000,-0.0080
0.8000,97.8000,0.0440,0.1000,-0.0162
0.8000,97.8000,0.0460,0.1000,-0.0243
0.8000,97.8000,0.0480,0.1000,-0.0324
0.8000,97.8000,0.0500,0.1000,-0.0405
0.8000,97.8000,0.0520,0.1000,-0.0486
0.8000,97.8000,0.0540,0.1000,-0.0568
0.8000,97.8000,0.0560,0.1000,-0.0649
0.8000,97.8000,0.0580,0.1000,-0.0730
0.8000,97.8000,0.0600,0.1000,-0.0811
0.8000,97.8000,0.0620,0.1000,-0.0885
0.8000,97.8000,0.0640,0.1000,-0.0957
0.8000,97.8000,0.0660,0.1000,-0.1028
0.8000,97.8000,0.0680,0.1000,-0.1099
0.8000,97.8000,0.0700,0.1000,-0.1171
0.8000,97.8000,0.0720,0.1000,-0.1242
0.8000,97.8000,0.0740,0.1000,-0.1314
0.8000,97.8000,0.0760,0.1000,-0.1385
0.8000,97.8000,0.0780,0.1000,-0.1456
0.8000,97.8000,0.0800,0.1000,-0.1528
0.8000,97.8000,0.0000,0.1050,0.2035
0.8000,97.8000,0.0020,0.1050,0.1900
0.8000,97.8000,0.0040,0.1050,0.1765
0.8000,97.8000,0.0060,0.1050,0.1629
0.8000,97.8000,0.0080,0.1050,0.1494
0.8000,97.8000,0.0100,0.1050,0.1395
0.8000,97.8000,0.0120,0.1050,0.1306
0.8000,97.8000,0.0140,0.1050,0.1217
0.8000,97.8000,0.0160,0.1050,0.1128
0.8000,97.8000,0.0180,0.1050,0.1039
0.8000,97.8000,0.0200,0.1050,0.0950
0.8000,97.8000,0.0220,0.1050,0.0861
0.8000,97.8000,0.0240,0.1050,0.0775
0.8000,97.8000,0.0260,0.1050,0.0694
0.8000,97.8000,0.0280,0.1050,0.0613
0.8000,97.8000,0.0300,0.1050,0.0532
0.8000,97.8000,0.0320,0.1050,0.0450
0.8000,97.8000,0.0340,0.1050,0.0369
0.8000,97.8000,0.0360,0.1050,0.0288
0.8000,97.8000,0.0380,0.1050,0.0207
0.8000,97.8000,0.0400,0.1050,0.0126
0.8000,97.8000,0.0420,0.1050,0.0044
0.8000,97.8000,0.0440,0.1050,-0.0037
0.8000,97.8000,0.0460,0.1050,-0.0118
0.8000,97.8000,0.0480,0.1050,-0.0199
0.8000,97.8000,0.0500,0.1050,-0.0281
0.8000,97.8000,0.0520,0.1050,-0.0362
0.8000,97.8000,0.0540,0.1050,-0.0443
0.8000,97.8000,0.0560,0.1050,-0.0524
0.8000,97.8000,0.0580,0.1050,-0.0605
0.8000,97.8000,0.0600,0.1050,-0.0687
0.8000,97.8000,0.0620,0.1050,-0.0758
0.8000,97.8000,0.0640,0.1050,-0.0830
0.8000,97.8000,0.0660,0.1050,-0.0901
0.8000,97.8000,0.0680,0.1050,-0.0972
0.8000,97.8000,0.0700,0.1050,-0.1044
0.8000,97.8000,0.0720,0.1050,-0.1115
0.8000,97.8000,0.0740,0.1050,-0.1187
0.8000,97.8000,0.0760,0.1050,-0.1258
0.8000,97.8000,0.0780,0.1050,-0.1329
0.8000,97.8000,0.0800,0.1050,-0.1401
0.8000,97.8000,0.0000,0.1100,0.2141
0.8000,97.8000,0.0020,0.1100,0.2006
0.8000,97.8000,0.0040,0.1100,0.1871
0.8000,97.8000,0.0060,0.1100,0.1735
0.8000,97.8000,0.0080,0.1100,0.1605
0.8000,97.8000,0.0100,0.1100,0.1516
0.8000,97.8000,0.0120,0.1100,0.1427
0.8000,97.8000,0.0140,0.1100,0.1337
0.8000,97.8000,0.0160,0.1100,0.1248
0.8000,97.8000,0.0180,0.1100,0.1159
0.8000,97.8000,0.0200,0.1100,0.1070
0.8000,97.8000,0.0220,0.1100,0.0981
0.8000,97.8000,0.0240,0.1100,0.0900
0.8000,97.8000,0.0260,0.1100,0.0819
0.8000,97.8000,0.0280,0.1100,0.0738
0.8000,97.8000,0.0300,0.1100,0.0656
0.8000,97.8000,0.0320,0.1100,0.0575
0.8000,97.8000,0.0340,0.1100,0.0494
0.8000,97.8000,0.0360,0.1100,0.0413
0.8000,97.8000,0.0380,0.1100,0.0332
0.8000,97.8000,0.0400,0.1100,0.0250
0.8000,97.8000,0.0420,0.1100,0.0169
0.8000,97.8000,0.0440,0.1100,0.0088
0.8000,97.8000,0.0460,0.1100,0.0007
0.8000,97.8000,0.0480,0.1100,-0.0075
0.8000,97.8000,0.0500,0.1100,-0.0156
0.8000,97.8000,0.0520,0.1100,-0.0237
0.8000,97.8000,0.0540,0.1100,-0.0318
0.8000,97.8000,0.0560,0.1100,-0.0399
0.8000,97.8000,0.0580,0.1100,-0.0481
0.8000,97.8000,0.0600,0.1100,-0.0560
0.8000,97.8000,0.0620,0.1100,-0.0631
0.8000,97.8000,0.0640,0.1100,-0.0702
0.8000,97.8000,0.0660,0.1100,-0.0774
0.8000,97.8000,0.0680,0.1100,-0.0845
0.8000,97.8000,0.0700,0.1100,-0.0917
0.8000,97.8000,0.0720,0.1100,-0.0988
0.8000,97.8000,0.0740,0.1100,-0.1060
0.8000,97.8000,0.0760,0.1100,-0.1131
0.8000,97.8000,0.0780,0.1100,-0.1202
0.8000,97.8000,0.0800,0.1100,-0.1274
0.8000,97.8000,0.0000,0.1150,0.2247
0.8000,97.8000,0.0020,0.1150,0.2112
0.8000,97.8000,0.0040,0.1150,0.1977
0.8000,97.8000,0.0060,0.1150,0.1841
0.8000,97.8000,0.0080,0.1150,0.1725
0.8000,97.8000,0.0100,0.1150,0.1636
0.8000,97.8000,0.0120,0.1150,0.1547
0.8000,97.8000,0.0140,0.1150,0.1458
0.8000,97.8000,0.0160,0.1150,0.1369
0.8000,97.8000,0.0180,0.1150,0.1280
0.8000,97.8000,0.0200,0.1150,0.1191
0.8000,97.8000,0.0220,0.1150,0.1106
0.8000,97.8000,0.0240,0.1150,0.1025
0.8000,97.8000,0.0260,0.1150,0.0944
0.8000,97.8000,0.0280,0.1150,0.0862
0.8000,97.8000,0.0300,0.1150,0.0781
0.8000,97.8000,0.0320,0.1150,0.0700
0.8000,97.8000,0.0340,0.1150,0.0619
0.8000,97.8000,0.0360,0.1150,0.0537
0.8000,97.8000,0.0380,0.1150,0.0456
0.8000,97.8000,0.0400,0.1150,0.0375
0.8000,97.8000,0.0420,0.1150,0.0294
0.8000,97.8000,0.0440,0.1150,0.0213
0.8000,97.8000,0.0460,0.1150,0.0131
0.8000,97.8000,0.0480,0.1150,0.0050
0.8000,97.8000,0.0500,0.1150,-0.0031
0.8000,97.8000,0.0520,0.1150,-0.0112
0.8000,97.8000,0.0540,0.1150,-0.0194
0.8000,97.8000,0.0560,0.1150,-0.0275
0.8000,97.8000,0.0580,0.1150,-0.0356
0.8000,97.8000,0.0600,0.1150,-0.0433
0.8000,97.8000,0.0620,0.1150,-0.0504
0.8000,97.8000,0.0640,0.1150,-0.0575
0.8000,97.8000,0.0660,0.1150,-0.0647
0.8000,97.8000,0.0680,0.1150,-0.0718
0.8000,97.8000,0.0700,0.1150,-0.0790
0.8000,97.8000,0.0720,0.1150,-0.0861
0.8000,97.8000,0.0740,0.1150,-0.0932
0.8000,97.8000,0.0760,0.1150,-0.1004
0.8000,97.8000,0.0780,0.1150,-0.1075
0.8000,97.8000,0.0800,0.1150,-0.1147
0.8000,97.8000,0.0000,0.1200,0.2353
0.8000,97.8000,0.0020,0.1200,0.2218
0.8000,97.8000,0.0040,0.1200,0.2083
0.8000,97.8000,0.0060,0.1200,0.1948
0.8000,97.8000,0.0080,0.1200,0.1846
0.8000,97.8000,0.0100,0.1200,0.1757
0.8000,97.8000,0.0120,0.1200,0.1668
0.8000,97.8000,0.0140,0.1200,0.1579
0.8000,97.8000,0.0160,0.1200,0.1490
0.8000,97.8000,0.0180,0.1200,0.1401
0.8000,97.8000,0.0200,0.1200,0.1312
0.8000,97.8000,0.0220,0.1200,0.1231
0.8000,97.8000,0.0240,0.1200,0.1149
0.8000,97.8000,0.0260,0.1200,0.1068
0.8000,97.8000,0.0280,0.1200,0.0987
0.8000,97.8000,0.0300,0.1200,0.0906
0.8000,97.8000,0.0320,0.1200,0.0825
0.8000,97.8000,0.0340,0.1200,0.0743
0.8000,97.8000,0.0360,0.1200,0.0662
0.8000,97.8000,0.0380,0.1200,0.0581
0.8000,97.8000,0.0400,0.1200,0.0500
0.8000,97.8000,0.0420,0.1200,0.0419
0.8000,97.8000,0.0440,0.1200,0.0337
0.8000,97.8000,0.0460,0.1200,0.0256
0.8000,97.8000,0.0480,0.1200,0.0175
0.8000,97.8000,0.0500,0.1200,0.0094
0.8000,97.8000,0.0520,0.1200,0.0012
0.8000,97.8000,0.0540,0.1200,-0.0069
0.8000,97.8000,0.0560,0.1200,-0.0150
0.8000,97.8000,0.0580,0.1200,-0.0231
0.8000,97.8000,0.0600,0.1200,-0.0305
0.8000,97.8000,0.0620,0.1200,-0.0377
0.8000,97.8000,0.0640,0.1200,-0.0448
0.8000,97.8000,0.0660,0.1200,-0.0520
0.8000,97.8000,0.0680,0.1200,-0.0591
0.8000,97.8000,0.0700,0.1200,-0.0663
0.8000,97.8000,0.0720,0.1200,-0.0734
0.8000,97.8000,0.0740,0.1200,-0.0805
0.8000,97.8000,0.0760,0.1200,-0.0877
0.8000,97.8000,0.0780,0.1200,-0.0948
0.8000,97.8000,0.0800,0.1200,-0.1020
0.8000,97.8000,0.0000,0.1250,0.2459
0.8000,97.8000,0.0020,0.1250,0.2324
0.8000,97.8000,0.0040,0.1250,0.2189
0.8000,97.8000,0.0060,0.1250,0.2056
0.8000,97.8000,0.0080,0.1250,0.1967
0.8000,97.8000,0.0100,0.1250,0.1878
0.8000,97.8000,0.0120,0.1250,0.1789
0.8000,97.8000,0.0140,0.1250,0.1700
0.8000,97.8000,0.0160,0.1250,0.1611
0.8000,97.8000,0.0180,0.1250,0.1522
0.8000,97.8000,0.0200,0.1250,0.1437
0.8000,97.8000,0.0220,0.1250,0.1355
0.8000,97.8000,0.0240,0.1250,0.1274
0.8000,97.8000,0.0260,0.1250,0.1193
0.8000,97.8000,0.0280,0.1250,0.1112
0.8000,97.8000,0.0300,0.1250,0.1031
0.8000,97.8000,0.0320,0.1250,0.0949
0.8000,97.8000,0.0340,0.1250,0.0868
0.8000,97.8000,0.0360,0.1250,0.0787
0.8000,97.8000,0.0380,0.1250,0.0706
0.8000,97.8000,0.0400,0.1250,0.0624
0.8000,97.8000,0.0420,0.1250,0.0543
0.8000,97.8000,0.0440,0.1250,0.0462
0.8000,97.8000,0.0460,0.1250,0.0381
0.8000,97.8000,0.0480,0.1250,0.0300
0.8000,97.8000,0.0500,0.1250,0.0218
0.8000,97.8000,0.0520,0.1250,0.0137
0.8000,97.8000,0.0540,0.1250,0.0056
0.8000,97.8000,0.0560,0.1250,-0.0025
0.8000,97.8000,0.0580,0.1250,-0.0107
0.8000,97.8000,0.0600,0.1250,-0.0178
0.8000,97.8000,0.0620,0.1250,-0.0250
0.8000,97.8000,0.0640,0.1250,-0.0321
0.8000,97.8000,0.0660,0.1250,-0.0393
0.8000,97.8000,0.0680,0.1250,-0.0464
0.8000,97.8000,0.0700,0.1250,-0.0535
0.8000,97.8000,0.0720,0.1250,-0.0607
0.8000,97.8000,0.0740,0.1250,-0.0678
0.8000,97.8000,0.0760,0.1250,-0.0750
0.8000,97.8000,0.0780,0.1250,-0.0821
0.8000,97.8000,0.0800,0.1250,-0.0893
0.8000,97.8000,0.0000,0.1300,0.2565
0.8000,97.8000,0.0020,0.1300,0.2430
0.8000,97.8000,0.0040,0.1300,0.2295
0.8000,97.8000,0.0060,0.1300,0.2177
0.8000,97.8000,0.0080,0.1300,0.2088
0.8000,97.8000,0.0100,0.1300,0.1999
0.8000,97.8000,0.0120,0.1300,0.1909
0.8000,97.8000,0.0140,0.1300,0.1820
0.8000,97.8000,0.0160,0.1300,0.1731
0.8000,97.8000,0.0180,0.1300,0.1643
0.8000,97.8000,0.0200,0.1300,0.1561
0.8000,97.8000,0.0220,0.1300,0.1480
0.8000,97.8000,0.0240,0.1300,0.1399
0.8000,97.8000,0.0260,0.1300,0.1318
0.8000,97.8000,0.0280,0.1300,0.1236
0.8000,97.8000,0.0300,0.1300,0.1155
0.8000,97.8000,0.0320,0.1300,0.1074
0.8000,97.8000,0.0340,0.1300,0.0993
0.8000,97.8000,0.0360,0.1300,0.0912
0.8000,97.8000,0.0380,0.1300,0.0830
0.8000,97.8000,0.0400,0.1300,0.0749
0.8000,97.8000,0.0420,0.1300,0.0668
0.8000,97.8000,0.0440,0.1300,0.0587
0.8000,97.8000,0.0460,0.1300,0.0506
0.8000,97.8000,0.0480,0.1300,0.0424
0.8000,97.8000,0.0500,0.1300,0.0343
0.8000,97.8000,0.0520,0.1300,0.0262
0.8000,97.8000,0.0540,0.1300,0.0181
0.8000,97.8000,0.0560,0.1300,0.0099
0.8000,97.8000,0.0580,0.1300,0.0020
0.8000,97.8000,0.0600,0.1300,-0.0051
0.8000,97.8000,0.0620,0.1300,-0.0123
0.8000,97.8000,0.0640,0.1300,-0.0194
0.8000,97.8000,0.0660,0.1300,-0.0266
0.8000,97.8000,0.0680,0.1300,-0.0337
0.8000,97.8000,0.0700,0.1300,-0.0408
0.8000,97.8000,0.0720,0.1300,-0.0480
0.8000,97.8000,0.0740,0.1300,-0.0551
0.8000,97.8000,0.0760,0.1300,-0.0623
0.8000,97.8000,0.0780,0.1300,-0.0694
0.8000,97.8000,0.0800,0.1300,-0.0765
0.8000,97.8000,0.0000,0.1350,0.2671
0.8000,97.8000,0.0020,0.1350,0.2536
0.8000,97.8000,0.0040,0.1350,0.2401
0.8000,97.8000,0.0060,0.1350,0.2297
0.8000,97.8000,0.0080,0.1350,0.2208
0.8000,97.8000,0.0100,0.1350,0.2119
0.8000,97.8000,0.0120,0.1350,0.2030
0.8000,97.8000,0.0140,0.1350,0.1941
0.8000,97.8000,0.0160,0.1350,0.1852
0.8000,97.8000,0.0180,0.1350,0.1767
0.8000,97.8000,0.0200,0.1350,0.1686
0.8000,97.8000,0.0220,0.1350,0.1605
0.8000,97.8000,0.0240,0.1350,0.1524
0.8000,97.8000,0.0260,0.1350,0.1442
0.8000,97.8000,0.0280,0.1350,0.1361
0.8000,97.8000,0.0300,0.1350,0.1280
0.8000,97.8000,0.0320,0.1350,0.1199
0.8000,97.8000,0.0340,0.1350,0.1118
0.8000,97.8000,0.0360,0.1350,0.1036
0.8000,97.8000,0.0380,0.1350,0.0955
0.8000,97.8000,0.0400,0.1350,0.0874
0.8000,97.8000,0.0420,0.1350,0.0793
0.8000,97.8000,0.0440,0.1350,0.0711
0.8000,97.8000,0.0460,0.1350,0.0630
0.8000,97.8000,0.0480,0.1350,0.0549
0.8000,97.8000,0.0500,0.1350,0.0468
0.8000,97.8000,0.0520,0.1350,0.0387
0.8000,97.8000,0.0540,0.1350,0.0305
0.8000,97.8000,0.0560,0.1350,0.0224
0.8000,97.8000,0.0580,0.1350,0.0147
0.8000,97.8000,0.0600,0.1350,0.0076
0.8000,97.8000,0.0620,0.1350,0.0004
0.8000,97.8000,0.0640,0.1350,-0.0067
0.8000,97.8000,0.0660,0.1350,-0.0139
0.8000,97.8000,0.0680,0.1350,-0.0210
0.8000,97.8000,0.0700,0.1350,-0.0281
0.8000,97.8000,0.0720,0.1350,-0.0353
0.8000,97.8000,0.0740,0.1350,-0.0424
0.8000,97.8000,0.0760,0.1350,-0.0496
0.8000,97.8000,0.0780,0.1350,-0.0567
0.8000,97.8000,0.0800,0.1350,-0.0638
0.8000,97.8000,0.0000,0.1400,0.2777
0.8000,97.8000,0.0020,0.1400,0.2642
0.8000,97.8000,0.0040,0.1400,0.2518
0.8000,97.8000,0.0060,0.1400,0.2421
0.8000,97.8000,0.0080,0.1400,0.2329
0.8000,97.8000,0.0100,0.1400,0.2240
0.8000,97.8000,0.0120,0.1400,0.2151
0.8000,97.8000,0.0140,0.1400,0.2062
0.8000,97.8000,0.0160,0.1400,0.1973
0.8000,97.8000,0.0180,0.1400,0.1892
0.8000,97.8000,0.0200,0.1400,0.1811
0.8000,97.8000,0.0220,0.1400,0.1730
0.8000,97.8000,0.0240,0.1400,0.1648
0.8000,97.8000,0.0260,0.1400,0.1567
0.8000,97.8000,0.0280,0.1400,0.1486
0.8000,97.8000,0.0300,0.1400,0.1405
0.8000,97.8000,0.0320,0.1400,0.1323
0.8000,97.8000,0.0340,0.1400,0.1242
0.8000,97.8000,0.0360,0.1400,0.1161
0.8000,97.8000,0.0380,0.1400,0.1080
0.8000,97.8000,0.0400,0.1400,0.0999
0.8000,97.8000,0.0420,0.1400,0.0917
0.8000,97.8000,0.0440,0.1400,0.0836
0.8000,97.8000,0.0460,0.1400,0.0755
0.8000,97.8000,0.0480,0.1400,0.0674
0.8000,97.8000,0.0500,0.1400,0.0593
0.8000,97.8000,0.0520,0.1400,0.0511
0.8000,97.8000,0.0540,0.1400,0.0430
0.8000,97.8000,0.0560,0.1400,0.0349
0.8000,97.8000,0.0580,0.1400,0.0274
0.8000,97.8000,0.0600,0.1400,0.0203
0.8000,97.8000,0.0620,0.1400,0.0131
0.8000,97.8000,0.0640,0.1400,0.0060
0.8000,97.8000,0.0660,0.1400,-0.0011
0.8000,97.8000,0.0680,0.1400,-0.0083
0.8000,97.8000,0.0700,0.1400,-0.0154
0.8000,97.8000,0.0720,0.1400,-0.0226
0.8000,97.8000,0.0740,0.1400,-0.0297
0.8000,97.8000,0.0760,0.1400,-0.0369
0.8000,97.8000,0.0780,0.1400,-0.0440
0.8000,97.8000,0.0800,0.1400,-0.0511
0.8000,97.8000,0.0000,0.1450,0.2883
0.8000,97.8000,0.0020,0.1450,0.2748
0.8000,97.8000,0.0040,0.1450,0.2642
0.8000,97.8000,0.0060,0.1450,0.2546
0.8000,97.8000,0.0080,0.1450,0.2450
0.8000,97.8000,0.0100,0.1450,0.2361
0.8000,97.8000,0.0120,0.1450,0.2272
0.8000,97.8000,0.0140,0.1450,0.2183
0.8000,97.8000,0.0160,0.1450,0.2098
0.8000,97.8000,0.0180,0.1450,0.2017
0.8000,97.8000,0.0200,0.1450,0.1936
0.8000,97.8000,0.0220,0.1450,0.1854
0.8000,97.8000,0.0240,0.1450,0.1773
0.8000,97.8000,0.0260,0.1450,0.1692
0.8000,97.8000,0.0280,0.1450,0.1611
0.8000,97.8000,0.0300,0.1450,0.1529
0.8000,97.8000,0.0320,0.1450,0.1448
0.8000,97.8000,0.0340,0.1450,0.1367
0.8000,97.8000,0.0360,0.1450,0.1286
0.8000,97.8000,0.0380,0.1450,0.1205
0.8000,97.8000,0.0400,0.1450,0.1123
0.8000,97.8000,0.0420,0.1450,0.1042
0.8000,97.8000,0.0440,0.1450,0.0961
0.8000,97.8000,0.0460,0.1450,0.0880
0.8000,97.8000,0.0480,0.1450,0.0798
0.8000,97.8000,0.0500,0.1450,0.0717
0.8000,97.8000,0.0520,0.1450,0.0636
0.8000,97.8000,0.0540,0.1450,0.0555
0.8000,97.8000,0.0560,0.1450,0.0474
0.8000,97.8000,0.0580,0.1450,0.0401
0.8000,97.8000,0.0600,0.1450,0.0330
0.8000,97.8000,0.0620,0.1450,0.0258
0.8000,97.8000,0.0640,0.1450,0.0187
0.8000,97.8000,0.0660,0.1450,0.0116
0.8000,97.8000,0.0680,0.1450,0.0044
0.8000,97.8000,0.0700,0.1450,-0.0027
0.8000,97.8000,0.0720,0.1450,-0.0099
0.8000,97.8000,0.0740,0.1450,-0.0170
0.8000,97.8000,0.0760,0.1450,-0.0241
0.8000,97.8000,0.0780,0.1450,-0.0313
0.8000,97.8000,0.0800,0.1450,-0.0384
0.8000,97.8000,0.0000,0.1500,0.2989
0.8000,97.8000,0.0020,0.1500,0.2864
0.8000,97.8000,0.0040,0.1500,0.2767
0.8000,97.8000,0.0060,0.1500,0.2670
0.8000,97.8000,0.0080,0.1500,0.2573
0.8000,97.8000,0.0100,0.1500,0.2481
0.8000,97.8000,0.0120,0.1500,0.2392
0.8000,97.8000,0.0140,0.1500,0.2304
0.8000,97.8000,0.0160,0.1500,0.2223
0.8000,97.8000,0.0180,0.1500,0.2141
0.8000,97.8000,0.0200,0.1500,0.2060
0.8000,97.8000,0.0220,0.1500,0.1979
0.8000,97.8000,0.0240,0.1500,0.1898
0.8000,97.8000,0.0260,0.1500,0.1817
0.8000,97.8000,0.0280,0.1500,0.1735
0.8000,97.8000,0.0300,0.1500,0.1654
0.8000,97.8000,0.0320,0.1500,0.1573
0.8000,97.8000,0.0340,0.1500,0.1492
0.8000,97.8000,0.0360,0.1500,0.1411
0.8000,97.8000,0.0380,0.1500,0.1329
0.8000,97.8000,0.0400,0.1500,0.1248
0.8000,97.8000,0.0420,0.1500,0.1167
0.8000,97.8000,0.0440,0.1500,0.1086
0.8000,97.8000,0.0460,0.1500,0.1004
0.8000,97.8000,0.0480,0.1500,0.0923
0.8000,97.8000,0.0500,0.1500,0.0842
0.8000,97.8000,0.0520,0.1500,0.0761
0.8000,97.8000,0.0540,0.1500,0.0680
0.8000,97.8000,0.0560,0.1500,0.0600
0.8000,97.8000,0.0580,0.1500,0.0528
0.8000,97.8000,0.0600,0.1500,0.0457
0.8000,97.8000,0.0620,0.1500,0.0386
0.8000,97.8000,0.0640,0.1500,0.0314
0.8000,97.8000,0.0660,0.1500,0.0243
0.8000,97.8000,0.0680,0.1500,0.0171
0.8000,97.8000,0.0700,0.1500,0.0100
0.8000,97.8000,0.0720,0.1500,0.0028
0.8000,97.8000,0.0740,0.1500,-0.0043
0.8000,97.8000,0.0760,0.1500,-0.0114
0.8000,97.8000,0.0780,0.1500,-0.0186
0.8000,97.8000,0.0800,0.1500,-0.0257
0.8000,97.8000,0.0000,0.1550,0.3095
0.8000,97.8000,0.0020,0.1550,0.2988
0.8000,97.8000,0.0040,0.1550,0.2891
0.8000,97.8000,0.0060,0.1550,0.2795
0.8000,97.8000,0.0080,0.1550,0.2698
0.8000,97.8000,0.0100,0.1550,0.2602
0.8000,97.8000,0.0120,0.1550,0.2513
0.8000,97.8000,0.0140,0.1550,0.2429
0.8000,97.8000,0.0160,0.1550,0.2347
0.8000,97.8000,0.0180,0.1550,0.2266
0.8000,97.8000,0.0200,0.1550,0.2185
0.8000,97.8000,0.0220,0.1550,0.2104
0.8000,97.8000,0.0240,0.1550,0.2023
0.8000,97.8000,0.0260,0.1550,0.1941
0.8000,97.8000,0.0280,0.1550,0.1860
0.8000,97.8000,0.0300,0.1550,0.1779
0.8000,97.8000,0.0320,0.1550,0.1698
0.8000,97.8000,0.0340,0.1550,0.1616
0.8000,97.8000,0.0360,0.1550,0.1535
0.8000,97.8000,0.0380,0.1550,0.1454
0.8000,97.8000,0.0400,0.1550,0.1373
0.8000,97.8000,0.0420,0.1550,0.1292
0.8000,97.8000,0.0440,0.1550,0.1210
0.8000,97.8000,0.0460,0.1550,0.1129
0.8000,97.8000,0.0480,0.1550,0.1048
0.8000,97.8000,0.0500,0.1550,0.0967
0.8000,97.8000,0.0520,0.1550,0.0885
0.8000,97.8000,0.0540,0.1550,0.0804
0.8000,97.8000,0.0560,0.1550,0.0727
0.8000,97.8000,0.0580,0.1550,0.0655
0.8000,97.8000,0.0600,0.1550,0.0584
0.8000,97.8000,0.0620,0.1550,0.0513
0.8000,97.8000,0.0640,0.1550,0.0441
0.8000,97.8000,0.0660,0.1550,0.0370
0.8000,97.8000,0.0680,0.1550,0.0298
0.8000,97.8000,0.0700,0.1550,0.0227
0.8000,97.8000,0.0720,0.1550,0.0156
0.8000,97.8000,0.0740,0.1550,0.0084
0.8000,97.8000,0.0760,0.1550,0.0013
0.8000,97.8000,0.0780,0.1550,-0.0059
0.8000,97.8000,0.0800,0.1550,-0.0130
0.8000,97.8000,0.0000,0.1600,0.3209
0.8000,97.8000,0.0020,0.1600,0.3112
0.8000,97.8000,0.0040,0.1600,0.3016
0.8000,97.8000,0.0060,0.1600,0.2919
0.8000,97.8000,0.0080,0.1600,0.2822
0.8000,97.8000,0.0100,0.1600,0.2726
0.8000,97.8000,0.0120,0.1600,0.2635
0.8000,97.8000,0.0140,0.1600,0.2553
0.8000,97.8000,0.0160,0.1600,0.2472
0.8000,97.8000,0.0180,0.1600,0.2391
0.8000,97.8000,0.0200,0.1600,0.2310
0.8000,97.8000,0.0220,0.1600,0.2228
0.8000,97.8000,0.0240,0.1600,0.2147
0.8000,97.8000,0.0260,0.1600,0.2066
0.8000,97.8000,0.0280,0.1600,0.1985
0.8000,97.8000,0.0300,0.1600,0.1904
0.8000,97.8000,0.0320,0.1600,0.1822
0.8000,97.8000,0.0340,0.1600,0.1741
0.8000,97.8000,0.0360,0.1600,0.1660
0.8000,97.8000,0.0380,0.1600,0.1579
0.8000,97.8000,0.0400,0.1600,0.1498
0.8000,97.8000,0.0420,0.1600,0.1416
0.8000,97.8000,0.0440,0.1600,0.1335
0.8000,97.8000,0.0460,0.1600,0.1254
0.8000,97.8000,0.0480,0.1600,0.1173
0.8000,97.8000,0.0500,0.1600,0.1091
0.8000,97.8000,0.0520,0.1600,0.1010
0.8000,97.8000,0.0540,0.1600,0.0929
0.8000,97.8000,0.0560,0.1600,0.0854
0.8000,97.8000,0.0580,0.1600,0.0782
0.8000,97.8000,0.0600,0.1600,0.0711
0.8000,97.8000,0.0620,0.1600,0.0640
0.8000,97.8000,0.0640,0.1600,0.0568
0.8000,97.8000,0.0660,0.1600,0.0497
0.8000,97.8000,0.0680,0.1600,0.0425
0.8000,97.8000,0.0700,0.1600,0.0354
0.8000,97.8000,0.0720,0.1600,0.0283
0.8000,97.8000,0.0740,0.1600,0.0211
0.8000,97.8000,0.0760,0.1600,0.0140
0.8000,97.8000,0.0780,0.1600,0.0068
0.8000,97.8000,0.0800,0.1600,-0.0003
0.8000,97.8000,0.0000,0.1650,0.3334
0.8000,97.8000,0.0020,0.1650,0.3237
0.8000,97.8000,0.0040,0.1650,0.3140
0.8000,97.8000,0.0060,0.1650,0.3044
0.8000,97.8000,0.0080,0.1650,0.2947
0.8000,97.8000,0.0100,0.1650,0.2850
0.8000,97.8000,0.0120,0.1650,0.2759
0.8000,97.8000,0.0140,0.1650,0.2678
0.8000,97.8000,0.0160,0.1650,0.2597
0.8000,97.8000,0.0180,0.1650,0.2516
0.8000,97.8000,0.0200,0.1650,0.2434
0.8000,97.8000,0.0220,0.1650,0.2353
0.8000,97.8000,0.0240,0.1650,0.2272
0.8000,97.8000,0.0260,0.1650,0.2191
0.8000,97.8000,0.0280,0.1650,0.2110
0.8000,97.8000,0.0300,0.1650,0.2028
0.8000,97.8000,0.0320,0.1650,0.1947
0.8000,97.8000,0.0340,0.1650,0.1866
0.8000,97.8000,0.0360,0.1650,0.1785
0.8000,97.8000,0.0380,0.1650,0.1703
0.8000,97.8000,0.0400,0.1650,0.1622
0.8000,97.8000,0.0420,0.1650,0.1541
0.8000,97.8000,0.0440,0.1650,0.1460
0.8000,97.8000,0.0460,0.1650,0.1379
0.8000,97.8000,0.0480,0.1650,0.1297
0.8000,97.8000,0.0500,0.1650,0.1216
0.8000,97.8000,0.0520,0.1650,0.1135
0.8000,97.8000,0.0540,0.1650,0.1054
0.8000,97.8000,0.0560,0.1650,0.0981
0.8000,97.8000,0.0580,0.1650,0.0910
0.8000,97.8000,0.0600,0.1650,0.0838
0.8000,97.8000,0.0620,0.1650,0.0767
0.8000,97.8000,0.0640,0.1650,0.0695
0.8000,97.8000,0.0660,0.1650,0.0624
0.8000,97.8000,0.0680,0.1650,0.0552
0.8000,97.8000,0.0700,0.1650,0.0481
0.8000,97.8000,0.0720,0.1650,0.0410
0.8000,97.8000,0.0740,0.1650,0.0338
0.8000,97.8000,0.0760,0.1650,0.0267
0.8000,97.8000,0.0780,0.1650,0.0195
0.8000,97.8000,0.0800,0.1650,0.0124
0.8000,97.8000,0.0000,0.1700,0.3458
0.8000,97.8000,0.0020,0.1700,0.3361
0.8000,97.8000,0.0040,0.1700,0.3265
0.8000,97.8000,0.0060,0.1700,0.3168
0.8000,97.8000,0.0080,0.1700,0.3071
0.8000,97.8000,0.0100,0.1700,0.2975
0.8000,97.8000,0.0120,0.1700,0.2886
0.8000,97.8000,0.0140,0.1700,0.2803
0.8000,97.8000,0.0160,0.1700,0.2722
0.8000,97.8000,0.0180,0.1700,0.2640
0.8000,97.8000,0.0200,0.1700,0.2559
0.8000,97.8000,0.0220,0.1700,0.2478
0.8000,97.8000,0.0240,0.1700,0.2397
0.8000,97.8000,0.0260,0.1700,0.2315
0.8000,97.8000,0.0280,0.1700,0.2234
0.8000,97.8000,0.0300,0.1700,0.2153
0.8000,97.8000,0.0320,0.1700,0.2072
0.8000,97.8000,0.0340,0.1700,0.1991
0.8000,97.8000,0.0360,0.1700,0.1909
0.8000,97.8000,0.0380,0.1700,0.1828
0.8000,97.8000,0.0400,0.1700,0.1747
0.8000,97.8000,0.0420,0.1700,0.1666
0.8000,97.8000,0.0440,0.1700,0.1585
0.8000,97.8000,0.0460,0.1700,0.1503
0.8000,97.8000,0.0480,0.1700,0.1422
0.8000,97.8000,0.0500,0.1700,0.1341
0.8000,97.8000,0.0520,0.1700,0.1260
0.8000,97.8000,0.0540,0.1700,0.1179
0.8000,97.8000,0.0560,0.1700,0.1108
0.8000,97.8000,0.0580,0.1700,0.1037
0.8000,97.8000,0.0600,0.1700,0.0965
0.8000,97.8000,0.0620,0.1700,0.0894
0.8000,97.8000,0.0640,0.1700,0.0822
0.8000,97.8000,0.0660,0.1700,0.0751
0.8000,97.8000,0.0680,0.1700,0.0680
0.8000,97.8000,0.0700,0.1700,0.0608
0.8000,97.8000,0.0720,0.1700,0.0537
0.8000,97.8000,0.0740,0.1700,0.0465
0.8000,97.8000,0.0760,0.1700,0.0394
0.8000,97.8000,0.0780,0.1700,0.0322
0.8000,97.8000,0.0800,0.1700,0.0251
0.8000,97.8000,0.0000,0.1750,0.3583
0.8000,97.8000,0.0020,0.1750,0.3486
0.8000,97.8000,0.0040,0.1750,0.3389
0.8000,97.8000,0.0060,0.1750,0.3292
0.8000,97.8000,0.0080,0.1750,0.3196
0.8000,97.8000,0.0100,0.1750,0.3104
0.8000,97.8000,0.0120,0.1750,0.3015
0.8000,97.8000,0.0140,0.1750,0.2928
0.8000,97.8000,0.0160,0.1750,0.2846
0.8000,97.8000,0.0180,0.1750,0.2765
0.8000,97.8000,0.0200,0.1750,0.2684
0.8000,97.8000,0.0220,0.1750,0.2603
0.8000,97.8000,0.0240,0.1750,0.2521
0.8000,97.8000,0.0260,0.1750,0.2440
0.8000,97.8000,0.0280,0.1750,0.2359
0.8000,97.8000,0.0300,0.1750,0.2278
0.8000,97.8000,0.0320,0.1750,0.2197
0.8000,97.8000,0.0340,0.1750,0.2115
0.8000,97.8000,0.0360,0.1750,0.2034
0.8000,97.8000,0.0380,0.1750,0.1953
0.8000,97.8000,0.0400,0.1750,0.1872
0.8000,97.8000,0.0420,0.1750,0.1790
0.8000,97.8000,0.0440,0.1750,0.1709
0.8000,97.8000,0.0460,0.1750,0.1628
0.8000,97.8000,0.0480,0.1750,0.1547
0.8000,97.8000,0.0500,0.1750,0.1466
0.8000,97.8000,0.0520,0.1750,0.1384
0.8000,97.8000,0.0540,0.1750,0.1307
0.8000,97.8000,0.0560,0.1750,0.1235
0.8000,97.8000,0.0580,0.1750,0.1164
0.8000,97.8000,0.0600,0.1750,0.1092
0.8000,97.8000,0.0620,0.1750,0.1021
0.8000,97.8000,0.0640,0.1750,0.0949
0.8000,97.8000,0.0660,0.1750,0.0878
0.8000,97.8000,0.0680,0.1750,0.0807
0.8000,97.8000,0.0700,0.1750,0.0735
0.8000,97.8000,0.0720,0.1750,0.0664
0.8000,97.8000,0.0740,0.1750,0.0592
0.8000,97.8000,0.0760,0.1750,0.0521
0.8000,97.8000,0.0780,0.1750,0.0450
0.8000,97.8000,0.0800,0.1750,0.0378
0.8000,97.8000,0.0000,0.1800,0.3707
0.8000,97.8000,0.0020,0.1800,0.3610
0.8000,97.8000,0.0040,0.1800,0.3514
0.8000,97.8000,0.0060,0.1800,0.3417
0.8000,97.8000,0.0080,0.1800,0.3321
0.8000,97.8000,0.0100,0.1800,0.3232
0.8000,97.8000,0.0120,0.1800,0.3143
0.8000,97.8000,0.0140,0.1800,0.3054
0.8000,97.8000,0.0160,0.1800,0.2971
0.8000,97.8000,0.0180,0.1800,0.2890
0.8000,97.8000,0.0200,0.1800,0.2809
0.8000,97.8000,0.0220,0.1800,0.2727
0.8000,97.8000,0.0240,0.1800,0.2646
0.8000,97.8000,0.0260,0.1800,0.2565
0.8000,97.8000,0.0280,0.1800,0.2484
0.8000,97.8000,0.0300,0.1800,0.2402
0.8000,97.8000,0.0320,0.1800,0.2321
0.8000,97.8000,0.0340,0.1800,0.2240
0.8000,97.8000,0.0360,0.1800,0.2159
0.8000,97.8000,0.0380,0.1800,0.2078
0.8000,97.8000,0.0400,0.1800,0.1996
0.8000,97.8000,0.0420,0.1800,0.1915
0.8000,97.8000,0.0440,0.1800,0.1834
0.8000,97.8000,0.0460,0.1800,0.1753
0.8000,97.8000,0.0480,0.1800,0.1672
0.8000,97.8000,0.0500,0.1800,0.1590
0.8000,97.8000,0.0520,0.1800,0.1509
0.8000,97.8000,0.0540,0.1800,0.1434
0.8000,97.8000,0.0560,0.1800,0.1362
0.8000,97.8000,0.0580,0.1800,0.1291
0.8000,97.8000,0.0600,0.1800,0.1219
0.8000,97.8000,0.0620,0.1800,0.1148
0.8000,97.8000,0.0640,0.1800,0.1077
0.8000,97.8000,0.0660,0.1800,0.1005
0.8000,97.8000,0.0680,0.1800,0.0934
0.8000,97.8000,0.0700,0.1800,0.0862
0.8000,97.8000,0.0720,0.1800,0.0791
0.8000,97.8000,0.0740,0.1800,0.0719
0.8000,97.8000,0.0760,0.1800,0.0648
0.8000,97.8000,0.0780,0.1800,0.0577
0.8000,97.8000,0.0800,0.1800,0.0505
0.8000,97.8000,0.0000,0.1850,0.3832
0.8000,97.8000,0.0020,0.1850,0.3735
0.8000,97.8000,0.0040,0.1850,0.3638
0.8000,97.8000,0.0060,0.1850,0.3541
0.8000,97.8000,0.0080,0.1850,0.3450
0.8000,97.8000,0.0100,0.1850,0.3361
0.8000,97.8000,0.0120,0.1850,0.3272
0.8000,97.8000,0.0140,0.1850,0.3183
0.8000,97.8000,0.0160,0.1850,0.3096
0.8000,97.8000,0.0180,0.1850,0.3015
0.8000,97.8000,0.0200,0.1850,0.2933
0.8000,97.8000,0.0220,0.1850,0.2852
0.8000,97.8000,0.0240,0.1850,0.2771
0.8000,97.8000,0.0260,0.1850,0.2690
0.8000,97.8000,0.0280,0.1850,0.2608
0.8000,97.8000,0.0300,0.1850,0.2527
0.8000,97.8000,0.0320,0.1850,0.2446
0.8000,97.8000,0.0340,0.1850,0.2365
0.8000,97.8000,0.0360,0.1850,0.2284
0.8000,97.8000,0.0380,0.1850,0.2202
0.8000,97.8000,0.0400,0.1850,0.2121
0.8000,97.8000,0.0420,0.1850,0.2040
0.8000,97.8000,0.0440,0.1850,0.1959
0.8000,97.8000,0.0460,0.1850,0.1877
0.8000,97.8000,0.0480,0.1850,0.1796
0.8000,97.8000,0.0500,0.1850,0.1715
0.8000,97.8000,0.0520,0.1850,0.1634
0.8000,97.8000,0.0540,0.1850,0.1561
0.8000,97.8000,0.0560,0.1850,0.1489
0.8000,97.8000,0.0580,0.1850,0.1418
0.8000,97.8000,0.0600,0.1850,0.1346
0.8000,97.8000,0.0620,0.1850,0.1275
0.8000,97.8000,0.0640,0.1850,0.1204
0.8000,97.8000,0.0660,0.1850,0.1132
0.8000,97.8000,0.0680,0.1850,0.1061
0.8000,97.8000,0.0700,0.1850,0.0989
0.8000,97.8000,0.0720,0.1850,0.0918
0.8000,97.8000,0.0740,0.1850,0.0847
0.8000,97.8000,0.0760,0.1850,0.0775
0.8000,97.8000,0.0780,0.1850,0.0704
0.8000,97.8000,0.0800,0.1850,0.0632
0.8000,97.8000,0.0000,0.1900,0.3956
0.8000,97.8000,0.0020,0.1900,0.3859
0.8000,97.8000,0.0040,0.1900,0.3763
0.8000,97.8000,0.0060,0.1900,0.3667
0.8000,97.8000,0.0080,0.1900,0.3578
0.8000,97.8000,0.0100,0.1900,0.3489
0.8000,97.8000,0.0120,0.1900,0.3400
0.8000,97.8000,0.0140,0.1900,0.3311
0.8000,97.8000,0.0160,0.1900,0.3222
0.8000,97.8000,0.0180,0.1900,0.3139
0.8000,97.8000,0.0200,0.1900,0.3058
0.8000,97.8000,0.0220,0.1900,0.2977
0.8000,97.8000,0.0240,0.1900,0.2896
0.8000,97.8000,0.0260,0.1900,0.2814
0.8000,97.8000,0.0280,0.1900,0.2733
0.8000,97.8000,0.0300,0.1900,0.2652
0.8000,97.8000,0.0320,0.1900,0.2571
0.8000,97.8000,0.0340,0.1900,0.2489
0.8000,97.8000,0.0360,0.1900,0.2408
0.8000,97.8000,0.0380,0.1900,0.2327
0.8000,97.8000,0.0400,0.1900,0.2246
0.8000,97.8000,0.0420,0.1900,0.2165
0.8000,97.8000,0.0440,0.1900,0.2083
0.8000,97.8000,0.0460,0.1900,0.2002
0.8000,97.8000,0.0480,0.1900,0.1921
0.8000,97.8000,0.0500,0.1900,0.1840
0.8000,97.8000,0.0520,0.1900,0.1759
0.8000,97.8000,0.0540,0.1900,0.1688
0.8000,97.8000,0.0560,0.1900,0.1616
0.8000,97.8000,0.0580,0.1900,0.1545
0.8000,97.8000,0.0600,0.1900,0.1473
0.8000,97.8000,0.0620,0.1900,0.1402
0.8000,97.8000,0.0640,0.1900,0.1331
0.8000,97.8000,0.0660,0.1900,0.1259
0.8000,97.8000,0.0680,0.1900,0.1188
0.8000,97.8000,0.0700,0.1900,0.1116
0.8000,97.8000,0.0720,0.1900,0.1045
0.8000,97.8000,0.0740,0.1900,0.0974
0.8000,97.8000,0.0760,0.1900,0.0902
0.8000,97.8000,0.0780,0.1900,0.0831
0.8000,97.8000,0.0800,0.1900,0.0759
0.8000,97.8000,0.0000,0.1950,0.4080
0.8000,97.8000,0.0020,0.1950,0.3984
0.8000,97.8000,0.0040,0.1950,0.3887
0.8000,97.8000,0.0060,0.1950,0.3795
0.8000,97.8000,0.0080,0.1950,0.3707
0.8000,97.8000,0.0100,0.1950,0.3618
0.8000,97.8000,0.0120,0.1950,0.3529
0.8000,97.8000,0.0140,0.1950,0.3440
0.8000,97.8000,0.0160,0.1950,0.3351
0.8000,97.8000,0.0180,0.1950,0.3264
0.8000,97.8000,0.0200,0.1950,0.3183
0.8000,97.8000,0.0220,0.1950,0.3102
0.8000,97.8000,0.0240,0.1950,0.3020
0.8000,97.8000,0.0260,0.1950,0.2939
0.8000,97.8000,0.0280,0.1950,0.2858
0.8000,97.8000,0.0300,0.1950,0.2777
0.8000,97.8000,0.0320,0.1950,0.2695
0.8000,97.8000,0.0340,0.1950,0.2614
0.8000,97.8000,0.0360,0.1950,0.2533
0.8000,97.8000,0.0380,0.1950,0.2452
0.8000,97.8000,0.0400,0.1950,0.2371
0.8000,97.8000,0.0420,0.1950,0.2289
0.8000,97.8000,0.0440,0.1950,0.2208
0.8000,97.8000,0.0460,0.1950,0.2127
0.8000,97.8000,0.0480,0.1950,0.2046
0.8000,97.8000,0.0500,0.1950,0.1964
0.8000,97.8000,0.0520,0.1950,0.1886
0.8000,97.8000,0.0540,0.1950,0.1815
0.8000,97.8000,0.0560,0.1950,0.1743
0.8000,97.8000,0.0580,0.1950,0.1672
0.8000,97.8000,0.0600,0.1950,0.1601
0.8000,97.8000,0.0620,0.1950,0.1529
0.8000,97.8000,0.0640,0.1950,0.1458
0.8000,97.8000,0.0660,0.1950,0.1386
0.8000,97.8000,0.0680,0.1950,0.1315
0.8000,97.8000,0.0700,0.1950,0.1243
0.8000,97.8000,0.0720,0.1950,0.1172
0.8000,97.8000,0.0740,0.1950,0.1101
0.8000,97.8000,0.0760,0.1950,0.1029
0.8000,97.8000,0.0780,0.1950,0.0958
0.8000,97.8000,0.0800,0.1950,0.0886
0.8000,97.8000,0.0000,0.2000,0.4205
0.8000,97.8000,0.0020,0.2000,0.4108
0.8000,97.8000,0.0040,0.2000,0.4013
0.8000,97.8000,0.0060,0.2000,0.3924
0.8000,97.8000,0.0080,0.2000,0.3835
0.8000,97.8000,0.0100,0.2000,0.3746
0.8000,97.8000,0.0120,0.2000,0.3657
0.8000,97.8000,0.0140,0.2000,0.3568
0.8000,97.8000,0.0160,0.2000,0.3479
0.8000,97.8000,0.0180,0.2000,0.3390
0.8000,97.8000,0.0200,0.2000,0.3307
0.8000,97.8000,0.0220,0.2000,0.3226
0.8000,97.8000,0.0240,0.2000,0.3145
0.8000,97.8000,0.0260,0.2000,0.3064
0.8000,97.8000,0.0280,0.2000,0.2983
0.8000,97.8000,0.0300,0.2000,0.2901
0.8000,97.8000,0.0320,0.2000,0.2820
0.8000,97.8000,0.0340,0.2000,0.2739
0.8000,97.8000,0.0360,0.2000,0.2658
0.8000,97.8000,0.0380,0.2000,0.2576
0.8000,97.8000,0.0400,0.2000,0.2495
0.8000,97.8000,0.0420,0.2000,0.2414
0.8000,97.8000,0.0440,0.2000,0.2333
0.8000,97.8000,0.0460,0.2000,0.2252
0.8000,97.8000,0.0480,0.2000,0.2170
0.8000,97.8000,0.0500,0.2000,0.2089
0.8000,97.8000,0.0520,0.2000,0.2013
0.8000,97.8000,0.0540,0.2000,0.1942
0.8000,97.8000,0.0560,0.2000,0.1870
0.8000,97.8000,0.0580,0.2000,0.1799
0.8000,97.8000,0.0600,0.2000,0.1728
0.8000,97.8000,0.0620,0.2000,0.1656
0.8000,97.8000,0.0640,0.2000,0.1585
0.8000,97.8000,0.0660,0.2000,0.1513
0.8000,97.8000,0.0680,0.2000,0.1442
0.8000,97.8000,0.0700,0.2000,0.1371
0.8000,97.8000,0.0720,0.2000,0.1299
0.8000,97.8000,0.0740,0.2000,0.1228
0.8000,97.8000,0.0760,0.2000,0.1156
0.8000,97.8000,0.0780,0.2000,0.1085
0.8000,97.8000,0.0800,0.2000,0.1013
1.0000,30.0000,0.0000,0.0000,0.0216
1.0000,30.0000,0.0020,0.0000,0.0014
1.0000,30.0000,0.0040,0.0000,-0.0189
1.0000,30.0000,0.0060,0.0000,-0.0385
1.0000,30.0000,0.0080,0.0000,-0.0569
1.0000,30.0000,0.0100,0.0000,-0.0746
1.0000,30.0000,0.0120,0.0000,-0.0902
1.0000,30.0000,0.0140,0.0000,-0.1048
1.0000,30.0000,0.0160,0.0000,-0.1191
1.0000,30.0000,0.0180,0.0000,-0.1318
1.0000,30.0000,0.0200,0.0000,-0.1437
1.0000,30.0000,0.0220,0.0000,-0.1556
1.0000,30.0000,0.0240,0.0000,-0.1675
1.0000,30.0000,0.0260,0.0000,-0.1794
1.0000,30.0000,0.0280,0.0000,-0.1913
1.0000,30.0000,0.0300,0.0000,-0.2031
1.0000,30.0000,0.0320,0.0000,-0.2120
1.0000,30.0000,0.0340,0.0000,-0.2209
1.0000,30.0000,0.0360,0.0000,-0.2298
1.0000,30.0000,0.0380,0.0000,-0.2387
1.0000,30.0000,0.0400,0.0000,-0.2476
1.0000,30.0000,0.0420,0.0000,-0.2565
1.0000,30.0000,0.0440,0.0000,-0.2654
1.0000,30.0000,0.0460,0.0000,-0.2737
1.0000,30.0000,0.0480,0.0000,-0.2818
1.0000,30.0000,0.0500,0.0000,-0.2900
1.0000,30.0000,0.0520,0.0000,-0.2981
1.0000,30.0000,0.0540,0.0000,-0.3062
1.0000,30.0000,0.0560,0.0000,-0.3143
1.0000,30.0000,0.0580,0.0000,-0.3225
1.0000,30.0000,0.0600,0.0000,-0.3306
1.0000,30.0000,0.0620,0.0000,-0.3387
1.0000,30.0000,0.0640,0.0000,-0.3468
1.0000,30.0000,0.0660,0.0000,-0.3549
1.0000,30.0000,0.0680,0.0000,-0.3631
1.0000,30.0000,0.0700,0.0000,-0.3712
1.0000,30.0000,0.0720,0.0000,-0.3784
1.0000,30.0000,0.0740,0.0000,-0.3855
1.0000,30.0000,0.0760,0.0000,-0.3926
1.0000,30.0000,0.0780,0.0000,-0.3998
1.0000,30.0000,0.0800,0.0000,-0.4069
1.0000,30.0000,0.0000,0.0050,0.0313
1.0000,30.0000,0.0020,0.0050,0.0110
1.0000,30.0000,0.0040,0.0050,-0.0091
1.0000,30.0000,0.0060,0.0050,-0.0288
1.0000,30.0000,0.0080,0.0050,-0.0473
1.0000,30.0000,0.0100,0.0050,-0.0643
1.0000,30.0000,0.0120,0.0050,-0.0795
1.0000,30.0000,0.0140,0.0050,-0.0938
1.0000,30.0000,0.0160,0.0050,-0.1077
1.0000,30.0000,0.0180,0.0050,-0.1196
1.0000,30.0000,0.0200,0.0050,-0.1315
1.0000,30.0000,0.0220,0.0050,-0.1434
1.0000,30.0000,0.0240,0.0050,-0.1553
1.0000,30.0000,0.0260,0.0050,-0.1672
1.0000,30.0000,0.0280,0.0050,-0.1791
1.0000,30.0000,0.0300,0.0050,-0.1897
1.0000,30.0000,0.0320,0.0050,-0.1986
1.0000,30.0000,0.0340,0.0050,-0.2075
1.0000,30.0000,0.0360,0.0050,-0.2164
1.0000,30.0000,0.0380,0.0050,-0.2253
1.0000,30.0000,0.0400,0.0050,-0.2342
1.0000,30.0000,0.0420,0.0050,-0.2431
1.0000,30.0000,0.0440,0.0050,-0.2518
1.0000,30.0000,0.0460,0.0050,-0.2600
1.0000,30.0000,0.0480,0.0050,-0.2681
1.0000,30.0000,0.0500,0.0050,-0.2762
1.0000,30.0000,0.0520,0.0050,-0.2843
1.0000,30.0000,0.0540,0.0050,-0.2924
1.0000,30.0000,0.0560,0.0050,-0.3006
1.0000,30.0000,0.0580,0.0050,-0.3087
1.0000,30.0000,0.0600,0.0050,-0.3168
1.0000,30.0000,0.0620,0.0050,-0.3249
1.0000,30.0000,0.0640,0.0050,-0.3331
1.0000,30.0000,0.0660,0.0050,-0.3412
1.0000,30.0000,0.0680,0.0050,-0.3493
1.0000,30.0000,0.0700,0.0050,-0.3573
1.0000,30.0000,0.0720,0.0050,-0.3645
1.0000,30.0000,0.0740,0.0050,-0.3716
1.0000,30.0000,0.0760,0.0050,-0.3787
1.0000,30.0000,0.0780,0.0050,-0.3859
1.0000,30.0000,0.0800,0.0050,-0.3930
1.0000,30.0000,0.0000,0.0100,0.0410
1.0000,30.0000,0.0020,0.0100,0.0208
1.0000,30.0000,0.0040,0.0100,0.0009
1.0000,30.0000,0.0060,0.0100,-0.0190
1.0000,30.0000,0.0080,0.0100,-0.0377
1.0000,30.0000,0.0100,0.0100,-0.0540
1.0000,30.0000,0.0120,0.0100,-0.0686
1.0000,30.0000,0.0140,0.0100,-0.0829
1.0000,30.0000,0.0160,0.0100,-0.0956
1.0000,30.0000,0.0180,0.0100,-0.1075
1.0000,30.0000,0.0200,0.0100,-0.1194
1.0000,30.0000,0.0220,0.0100,-0.1313
1.0000,30.0000,0.0240,0.0100,-0.1432
1.0000,30.0000,0.0260,0.0100,-0.1551
1.0000,30.0000,0.0280,0.0100,-0.1670
1.0000,30.0000,0.0300,0.0100,-0.1763
1.0000,30.0000,0.0320,0.0100,-0.1852
1.0000,30.0000,0.0340,0.0100,-0.1941
1.0000,30.0000,0.0360,0.0100,-0.2030
1.0000,30.0000,0.0380,0.0100,-0.2119
1.0000,30.0000,0.0400,0.0100,-0.2208
1.0000,30.0000,0.0420,0.0100,-0.2297
1.0000,30.0000,0.0440,0.0100,-0.2381
1.0000,30.0000,0.0460,0.0100,-0.2462
1.0000,30.0000,0.0480,0.0100,-0.2543
1.0000,30.0000,0.0500,0.0100,-0.2624
1.0000,30.0000,0.0520,0.0100,-0.2706
1.0000,30.0000,0.0540,0.0100,-0.2787
1.0000,30.0000,0.0560,0.0100,-0.2868
1.0000,30.0000,0.0580,0.0100,-0.2949
1.0000,30.0000,0.0600,0.0100,-0.3030
1.0000,30.0000,0.0620,0.0100,-0.3112
1.0000,30.0000,0.0640,0.0100,-0.3193
1.0000,30.0000,0.0660,0.0100,-0.3274
1.0000,30.0000,0.0680,0.0100,-0.3355
1.0000,30.0000,0.0700,0.0100,-0.3434
1.0000,30.0000,0.0720,0.0100,-0.3506
1.0000,30.0000,0.0740,0.0100,-0.3577
1.0000,30.0000,0.0760,0.0100,-0.3648
1.0000,30.0000,0.0780,0.0100,-0.3720
1.0000,30.0000,0.0800,0.0100,-0.3791
1.0000,30.0000,0.0000,0.0150,0.0507
1.0000,30.0000,0.0020,0.0150,0.0308
1.0000,30.0000,0.0040,0.0150,0.0109
1.0000,30.0000,0.0060,0.0150,-0.0090
1.0000,30.0000,0.0080,0.0150,-0.0274
1.0000,30.0000,0.0100,0.0150,-0.0433
1.0000,30.0000,0.0120,0.0150,-0.0577
1.0000,30.0000,0.0140,0.0150,-0.0715
1.0000,30.0000,0.0160,0.0150,-0.0834
1.0000,30.0000,0.0180,0.0150,-0.0953
1.0000,30.0000,0.0200,0.0150,-0.1072
1.0000,30.0000,0.0220,0.0150,-0.1191
1.0000,30.0000,0.0240,0.0150,-0.1310
1.0000,30.0000,0.0260,0.0150,-0.1429
1.0000,30.0000,0.0280,0.0150,-0.1539
1.0000,30.0000,0.0300,0.0150,-0.1628
1.0000,30.0000,0.0320,0.0150,-0.1717
1.0000,30.0000,0.0340,0.0150,-0.1806
1.0000,30.0000,0.0360,0.0150,-0.1895
1.0000,30.0000,0.0380,0.0150,-0.1984
1.0000,30.0000,0.0400,0.0150,-0.2073
1.0000,30.0000,0.0420,0.0150,-0.2162
1.0000,30.0000,0.0440,0.0150,-0.2243
1.0000,30.0000,0.0460,0.0150,-0.2324
1.0000,30.0000,0.0480,0.0150,-0.2405
1.0000,30.0000,0.0500,0.0150,-0.2487
1.0000,30.0000,0.0520,0.0150,-0.2568
1.0000,30.0000,0.0540,0.0150,-0.2649
1.0000,30.0000,0.0560,0.0150,-0.2730
1.0000,30.0000,0.0580,0.0150,-0.2811
1.0000,30.0000,0.0600,0.0150,-0.2893
1.0000,30.0000,0.0620,0.0150,-0.2974
1.0000,30.0000,0.0640,0.0150,-0.3055
1.0000,30.0000,0.0660,0.0150,-0.3136
1.0000,30.0000,0.0680,0.0150,-0.3218
1.0000,30.0000,0.0700,0.0150,-0.3295
1.0000,30.0000,0.0720,0.0150,-0.3367
1.0000,30.0000,0.0740,0.0150,-0.3438
1.0000,30.0000,0.0760,0.0150,-0.3510
1.0000,30.0000,0.0780,0.0150,-0.3581
1.0000,30.0000,0.0800,0.0150,-0.3652
1.0000,30.0000,0.0000,0.0200,0.0608
1.0000,30.0000,0.0020,0.0200,0.0409
1.0000,30.0000,0.0040,0.0200,0.0210
1.0000,30.0000,0.0060,0.0200,0.0016
1.0000,30.0000,0.0080,0.0200,-0.0166
1.0000,30.0000,0.0100,0.0200,-0.0324
1.0000,30.0000,0.0120,0.0200,-0.0468
1.0000,30.0000,0.0140,0.0200,-0.0593
1.0000,30.0000,0.0160,0.0200,-0.0712
1.0000,30.0000,0.0180,0.0200,-0.0831
1.0000,30.0000,0.0200,0.0200,-0.0950
1.0000,30.0000,0.0220,0.0200,-0.1069
1.0000,30.0000,0.0240,0.0200,-0.1188
1.0000,30.0000,0.0260,0.0200,-0.1307
1.0000,30.0000,0.0280,0.0200,-0.1405
1.0000,30.0000,0.0300,0.0200,-0.1494
1.0000,30.0000,0.0320,0.0200,-0.1583
1.0000,30.0000,0.0340,0.0200,-0.1672
1.0000,30.0000,0.0360,0.0200,-0.1761
1.0000,30.0000,0.0380,0.0200,-0.1850
1.0000,30.0000,0.0400,0.0200,-0.1939
1.0000,30.0000,0.0420,0.0200,-0.2024
1.0000,30.0000,0.0440,0.0200,-0.2105
1.0000,30.0000,0.0460,0.0200,-0.2186
1.0000,30.0000,0.0480,0.0200,-0.2268
1.0000,30.0000,0.0500,0.0200,-0.2349
1.0000,30.0000,0.0520,0.0200,-0.2430
1.0000,30.0000,0.0540,0.0200,-0.2511
1.0000,30.0000,0.0560,0.0200,-0.2593
1.0000,30.0000,0.0580,0.0200,-0.2674
1.0000,30.0000,0.0600,0.0200,-0.2755
1.0000,30.0000,0.0620,0.0200,-0.2836
1.0000,30.0000,0.0640,0.0200,-0.2917
1.0000,30.0000,0.0660,0.0200,-0.2999
1.0000,30.0000,0.0680,0.0200,-0.3080
1.0000,30.0000,0.0700,0.0200,-0.3156
1.0000,30.0000,0.0720,0.0200,-0.3228
1.0000,30.0000,0.0740,0.0200,-0.3299
1.0000,30.0000,0.0760,0.0200,-0.3371
1.0000,30.0000,0.0780,0.0200,-0.3442
1.0000,30.0000,0.0800,0.0200,-0.3513
1.0000,30.0000,0.0000,0.0250,0.0708
1.0000,30.0000,0.0020,0.0250,0.0509
1.0000,30.0000,0.0040,0.0250,0.0316
1.0000,30.0000,0.0060,0.0250,0.0129
1.0000,30.0000,0.0080,0.0250,-0.0053
1.0000,30.0000,0.0100,0.0250,-0.0213
1.0000,30.0000,0.0120,0.0250,-0.0353
1.0000,30.0000,0.0140,0.0250,-0.0472
1.0000,30.0000,0.0160,0.0250,-0.0591
1.0000,30.0000,0.0180,0.0250,-0.0710
1.0000,30.0000,0.0200,0.0250,-0.0829
1.0000,30.0000,0.0220,0.0250,-0.0948
1.0000,30.0000,0.0240,0.0250,-0.1067
1.0000,30.0000,0.0260,0.0250,-0.1182
1.0000,30.0000,0.0280,0.0250,-0.1271
1.0000,30.0000,0.0300,0.0250,-0.1360
1.0000,30.0000,0.0320,0.0250,-0.1449
1.0000,30.0000,0.0340,0.0250,-0.1538
1.0000,30.0000,0.0360,0.0250,-0.1627
1.0000,30.0000,0.0380,0.0250,-0.1716
1.0000,30.0000,0.0400,0.0250,-0.1805
1.0000,30.0000,0.0420,0.0250,-0.1886
1.0000,30.0000,0.0440,0.0250,-0.1968
1.0000,30.0000,0.0460,0.0250,-0.2049
1.0000,30.0000,0.0480,0.0250,-0.2130
1.0000,30.0000,0.0500,0.0250,-0.2211
1.0000,30.0000,0.0520,0.0250,-0.2292
1.0000,30.0000,0.0540,0.0250,-0.2374
1.0000,30.0000,0.0560,0.0250,-0.2455
1.0000,30.0000,0.0580,0.0250,-0.2536
1.0000,30.0000,0.0600,0.0250,-0.2617
1.0000,30.0000,0.0620,0.0250,-0.2699
1.0000,30.0000,0.0640,0.0250,-0.2780
1.0000,30.0000,0.0660,0.0250,-0.2861
1.0000,30.0000,0.0680,0.0250,-0.2942
1.0000,30.0000,0.0700,0.0250,-0.3017
1.0000,30.0000,0.0720,0.0250,-0.3089
1.0000,30.0000,0.0740,0.0250,-0.3160
1.0000,30.0000,0.0760,0.0250,-0.3232
1.0000,30.0000,0.0780,0.0250,-0.3303
1.0000,30.0000,0.0800,0.0250,-0.3374
1.0000,30.0000,0.0000,0.0300,0.0809
1.0000,30.0000,0.0020,0.0300,0.0615
1.0000,30.0000,0.0040,0.0300,0.0428
1.0000,30.0000,0.0060,0.0300,0.0241
1.0000,30.0000,0.0080,0.0300,0.0065
1.0000,30.0000,0.0100,0.0300,-0.0099
1.0000,30.0000,0.0120,0.0300,-0.0231
1.0000,30.0000,0.0140,0.0300,-0.0350
1.0000,30.0000,0.0160,0.0300,-0.0469
1.0000,30.0000,0.0180,0.0300,-0.0588
1.0000,30.0000,0.0200,0.0300,-0.0707
1.0000,30.0000,0.0220,0.0300,-0.0826
1.0000,30.0000,0.0240,0.0300,-0.0945
1.0000,30.0000,0.0260,0.0300,-0.1047
1.0000,30.0000,0.0280,0.0300,-0.1136
1.0000,30.0000,0.0300,0.0300,-0.1225
1.0000,30.0000,0.0320,0.0300,-0.1314
1.0000,30.0000,0.0340,0.0300,-0.1404
1.0000,30.0000,0.0360,0.0300,-0.1493
1.0000,30.0000,0.0380,0.0300,-0.1582
1.0000,30.0000,0.0400,0.0300,-0.1667
1.0000,30.0000,0.0420,0.0300,-0.1749
1.0000,30.0000,0.0440,0.0300,-0.1830
1.0000,30.0000,0.0460,0.0300,-0.1911
1.0000,30.0000,0.0480,0.0300,-0.1992
1.0000,30.0000,0.0500,0.0300,-0.2074
1.0000,30.0000,0.0520,0.0300,-0.2155
1.0000,30.0000,0.0540,0.0300,-0.2236
1.0000,30.0000,0.0560,0.0300,-0.2317
1.0000,30.0000,0.0580,0.0300,-0.2398
1.0000,30.0000,0.0600,0.0300,-0.2480
1.0000,30.0000,0.0620,0.0300,-0.2561
1.0000,30.0000,0.0640,0.0300,-0.2642
1.0000,30.0000,0.0660,0.0300,-0.2723
1.0000,30.0000,0.0680,0.0300,-0.2804
1.0000,30.0000,0.0700,0.0300,-0.2878
1.0000,30.0000,0.0720,0.0300,-0.2950
1.0000,30.0000,0.0740,0.0300,-0.3021
1.0000,30.0000,0.0760,0.0300,-0.3093
1.0000,30.0000,0.0780,0.0300,-0.3164
1.0000,30.0000,0.0800,0.0300,-0.3235
1.0000,30.0000,0.0000,0.0350,0.0914
1.0000,30.0000,0.0020,0.0350,0.0727
1.0000,30.0000,0.0040,0.0350,0.0541
1.0000,30.0000,0.0060,0.0350,0.0358
1.0000,30.0000,0.0080,0.0350,0.0183
1.0000,30.0000,0.0100,0.0350,0.0022
1.0000,30.0000,0.0120,0.0350,-0.0109
1.0000,30.0000,0.0140,0.0350,-0.0228
1.0000,30.0000,0.0160,0.0350,-0.0347
1.0000,30.0000,0.0180,0.0350,-0.0466
1.0000,30.0000,0.0200,0.0350,-0.0585
1.0000,30.0000,0.0220,0.0350,-0.0704
1.0000,30.0000,0.0240,0.0350,-0.0823
1.0000,30.0000,0.0260,0.0350,-0.0913
1.0000,30.0000,0.0280,0.0350,-0.1002
1.0000,30.0000,0.0300,0.0350,-0.1091
1.0000,30.0000,0.0320,0.0350,-0.1180
1.0000,30.0000,0.0340,0.0350,-0.1269
1.0000,30.0000,0.0360,0.0350,-0.1358
1.0000,30.0000,0.0380,0.0350,-0.1447
1.0000,30.0000,0.0400,0.0350,-0.1530
1.0000,30.0000,0.0420,0.0350,-0.1611
1.0000,30.0000,0.0440,0.0350,-0.1692
1.0000,30.0000,0.0460,0.0350,-0.1773
1.0000,30.0000,0.0480,0.0350,-0.1855
1.0000,30.0000,0.0500,0.0350,-0.1936
1.0000,30.0000,0.0520,0.0350,-0.2017
1.0000,30.0000,0.0540,0.0350,-0.2098
1.0000,30.0000,0.0560,0.0350,-0.2179
1.0000,30.0000,0.0580,0.0350,-0.2261
1.0000,30.0000,0.0600,0.0350,-0.2342
1.0000,30.0000,0.0620,0.0350,-0.2423
1.0000,30.0000,0.0640,0.0350,-0.2504
1.0000,30.0000,0.0660,0.0350,-0.2586
1.0000,30.0000,0.0680,0.0350,-0.2667
1.0000,30.0000,0.0700,0.0350,-0.2739
1.0000,30.0000,0.0720,0.0350,-0.2811
1.0000,30.0000,0.0740,0.0350,-0.2882
1.0000,30.0000,0.0760,0.0350,-0.2954
1.0000,30.0000,0.0780,0.0350,-0.3025
1.0000,30.0000,0.0800,0.0350,-0.3096
1.0000,30.0000,0.0000,0.0400,0.1027
1.0000,30.0000,0.0020,0.0400,0.0840
1.0000,30.0000,0.0040,0.0400,0.0653
1.0000,30.0000,0.0060,0.0400,0.0476
1.0000,30.0000,0.0080,0.0400,0.0302
1.0000,30.0000,0.0100,0.0400,0.0149
1.0000,30.0000,0.0120,0.0400,0.0014
1.0000,30.0000,0.0140,0.0400,-0.0106
1.0000,30.0000,0.0160,0.0400,-0.0225
1.0000,30.0000,0.0180,0.0400,-0.0344
1.0000,30.0000,0.0200,0.0400,-0.0463
1.0000,30.0000,0.0220,0.0400,-0.0582
1.0000,30.0000,0.0240,0.0400,-0.0690
1.0000,30.0000,0.0260,0.0400,-0.0779
1.0000,30.0000,0.0280,0.0400,-0.0868
1.0000,30.0000,0.0300,0.0400,-0.0957
1.0000,30.0000,0.0320,0.0400,-0.1046
1.0000,30.0000,0.0340,0.0400,-0.1135
1.0000,30.0000,0.0360,0.0400,-0.1224
1.0000,30.0000,0.0380,0.0400,-0.1311
1.0000,30.0000,0.0400,0.0400,-0.1392
1.0000,30.0000,0.0420,0.0400,-0.1473
1.0000,30.0000,0.0440,0.0400,-0.1554
1.0000,30.0000,0.0460,0.0400,-0.1636
1.0000,30.0000,0.0480,0.0400,-0.1717
1.0000,30.0000,0.0500,0.0400,-0.1798
1.0000,30.0000,0.0520,0.0400,-0.1879
1.0000,30.0000,0.0540,0.0400,-0.1961
1.0000,30.0000,0.0560,0.0400,-0.2042
1.0000,30.0000,0.0580,0.0400,-0.2123
1.0000,30.0000,0.0600,0.0400,-0.2204
1.0000,30.0000,0.0620,0.0400,-0.2285
1.0000,30.0000,0.0640,0.0400,-0.2367
1.0000,30.0000,0.0660,0.0400,-0.2448
1.0000,30.0000,0.0680,0.0400,-0.2529
1.0000,30.0000,0.0700,0.0400,-0.2600
1.0000,30.0000,0.0720,0.0400,-0.2672
1.0000,30.0000,0.0740,0.0400,-0.2743
1.0000,30.0000,0.0760,0.0400,-0.2815
1.0000,30.0000,0.0780,0.0400,-0.2886
1.0000,30.0000,0.0800,0.0400,-0.2957
1.0000,30.0000,0.0000,0.0450,0.1139
1.0000,30.0000,0.0020,0.0450,0.0952
1.0000,30.0000,0.0040,0.0450,0.0769
1.0000,30.0000,0.0060,0.0450,0.0595
1.0000,30.0000,0.0080,0.0450,0.0420
1.0000,30.0000,0.0100,0.0450,0.0276
1.0000,30.0000,0.0120,0.0450,0.0141
1.0000,30.0000,0.0140,0.0450,0.0015
1.0000,30.0000,0.0160,0.0450,-0.0104
1.0000,30.0000,0.0180,0.0450,-0.0223
1.0000,30.0000,0.0200,0.0450,-0.0342
1.0000,30.0000,0.0220,0.0450,-0.0461
1.0000,30.0000,0.0240,0.0450,-0.0556
1.0000,30.0000,0.0260,0.0450,-0.0645
1.0000,30.0000,0.0280,0.0450,-0.0734
1.0000,30.0000,0.0300,0.0450,-0.0823
1.0000,30.0000,0.0320,0.0450,-0.0912
1.0000,30.0000,0.0340,0.0450,-0.1001
1.0000,30.0000,0.0360,0.0450,-0.1090
1.0000,30.0000,0.0380,0.0450,-0.1173
1.0000,30.0000,0.0400,0.0450,-0.1254
1.0000,30.0000,0.0420,0.0450,-0.1336
1.0000,30.0000,0.0440,0.0450,-0.1417
1.0000,30.0000,0.0460,0.0450,-0.1498
1.0000,30.0000,0.0480,0.0450,-0.1579
1.0000,30.0000,0.0500,0.0450,-0.1660
1.0000,30.0000,0.0520,0.0450,-0.1742
1.0000,30.0000,0.0540,0.0450,-0.1823
1.0000,30.0000,0.0560,0.0450,-0.1904
1.0000,30.0000,0.0580,0.0450,-0.1985
1.0000,30.0000,0.0600,0.0450,-0.2067
1.0000,30.0000,0.0620,0.0450,-0.2148
1.0000,30.0000,0.0640,0.0450,-0.2229
1.0000,30.0000,0.0660,0.0450,-0.2310
1.0000,30.0000,0.0680,0.0450,-0.2390
1.0000,30.0000,0.0700,0.0450,-0.2461
1.0000,30.0000,0.0720,0.0450,-0.2533
1.0000,30.0000,0.0740,0.0450,-0.2604
1.0000,30.0000,0.0760,0.0450,-0.2676
1.0000,30.0000,0.0780,0.0450,-0.2747
1.0000,30.0000,0.0800,0.0450,-0.2818
1.0000,30.0000,0.0000,0.0500,0.1252
1.0000,30.0000,0.0020,0.0500,0.1065
1.0000,30.0000,0.0040,0.0500,0.0888
1.0000,30.0000,0.0060,0.0500,0.0713
1.0000,30.0000,0.0080,0.0500,0.0539
1.0000,30.0000,0.0100,0.0500,0.0403
1.0000,30.0000,0.0120,0.0500,0.0268
1.0000,30.0000,0.0140,0.0500,0.0137
1.0000,30.0000,0.0160,0.0500,0.0018
1.0000,30.0000,0.0180,0.0500,-0.0101
1.0000,30.0000,0.0200,0.0500,-0.0220
1.0000,30.0000,0.0220,0.0500,-0.0332
1.0000,30.0000,0.0240,0.0500,-0.0421
1.0000,30.0000,0.0260,0.0500,-0.0510
1.0000,30.0000,0.0280,0.0500,-0.0599
1.0000,30.0000,0.0300,0.0500,-0.0688
1.0000,30.0000,0.0320,0.0500,-0.0777
1.0000,30.0000,0.0340,0.0500,-0.0866
1.0000,30.0000,0.0360,0.0500,-0.0954
1.0000,30.0000,0.0380,0.0500,-0.1035
1.0000,30.0000,0.0400,0.0500,-0.1117
1.0000,30.0000,0.0420,0.0500,-0.1198
1.0000,30.0000,0.0440,0.0500,-0.1279
1.0000,30.0000,0.0460,0.0500,-0.1360
1.0000,30.0000,0.0480,0.0500,-0.1442
1.0000,30.0000,0.0500,0.0500,-0.1523
1.0000,30.0000,0.0520,0.0500,-0.1604
1.0000,30.0000,0.0540,0.0500,-0.1685
1.0000,30.0000,0.0560,0.0500,-0.1766
1.0000,30.0000,0.0580,0.0500,-0.1848
1.0000,30.0000,0.0600,0.0500,-0.1929
1.0000,30.0000,0.0620,0.0500,-0.2010
1.0000,30.0000,0.0640,0.0500,-0.2091
1.0000,30.0000,0.0660,0.0500,-0.2172
1.0000,30.0000,0.0680,0.0500,-0.2251
1.0000,30.0000,0.0700,0.0500,-0.2322
1.0000,30.0000,0.0720,0.0500,-0.2394
1.0000,30.0000,0.0740,0.0500,-0.2465
1.0000,30.0000,0.0760,0.0500,-0.2537
1.0000,30.0000,0.0780,0.0500,-0.2608
1.0000,30.0000,0.0800,0.0500,-0.2679
1.0000,30.0000,0.0000,0.0550,0.1364
1.0000,30.0000,0.0020,0.0550,0.1181
1.0000,30.0000,0.0040,0.0550,0.1006
1.0000,30.0000,0.0060,0.0550,0.0832
1.0000,30.0000,0.0080,0.0550,0.0665
1.0000,30.0000,0.0100,0.0550,0.0530
1.0000,30.0000,0.0120,0.0550,0.0395
1.0000,30.0000,0.0140,0.0550,0.0260
1.0000,30.0000,0.0160,0.0550,0.0140
1.0000,30.0000,0.0180,0.0550,0.0021
1.0000,30.0000,0.0200,0.0550,-0.0098
1.0000,30.0000,0.0220,0.0550,-0.0198
1.0000,30.0000,0.0240,0.0550,-0.0287
1.0000,30.0000,0.0260,0.0550,-0.0376
1.0000,30.0000,0.0280,0.0550,-0.0465
1.0000,30.0000,0.0300,0.0550,-0.0554
1.0000,30.0000,0.0320,0.0550,-0.0643
1.0000,30.0000,0.0340,0.0550,-0.0732
1.0000,30.0000,0.0360,0.0550,-0.0816
1.0000,30.0000,0.0380,0.0550,-0.0898
1.0000,30.0000,0.0400,0.0550,-0.0979
1.0000,30.0000,0.0420,0.0550,-0.1060
1.0000,30.0000,0.0440,0.0550,-0.1141
1.0000,30.0000,0.0460,0.0550,-0.1223
1.0000,30.0000,0.0480,0.0550,-0.1304
1.0000,30.0000,0.0500,0.0550,-0.1385
1.0000,30.0000,0.0520,0.0550,-0.1466
1.0000,30.0000,0.0540,0.0550,-0.1547
1.0000,30.0000,0.0560,0.0550,-0.1629
1.0000,30.0000,0.0580,0.0550,-0.1710
1.0000,30.0000,0.0600,0.0550,-0.1791
1.0000,30.0000,0.0620,0.0550,-0.1872
1.0000,30.0000,0.0640,0.0550,-0.1954
1.0000,30.0000,0.0660,0.0550,-0.2035
1.0000,30.0000,0.0680,0.0550,-0.2112
1.0000,30.0000,0.0700,0.0550,-0.2183
1.0000,30.0000,0.0720,0.0550,-0.2255
1.0000,30.0000,0.0740,0.0550,-0.2326
1.0000,30.0000,0.0760,0.0550,-0.2398
1.0000,30.0000,0.0780,0.0550,-0.2469
1.0000,30.0000,0.0800,0.0550,-0.2540
1.0000,30.0000,0.0000,0.0600,0.1476
1.0000,30.0000,0.0020,0.0600,0.1299
1.0000,30.0000,0.0040,0.0600,0.1125
1.0000,30.0000,0.0060,0.0600,0.0950
1.0000,30.0000,0.0080,0.0600,0.0792
1.0000,30.0000,0.0100,0.0600,0.0657
1.0000,30.0000,0.0120,0.0600,0.0522
1.0000,30.0000,0.0140,0.0600,0.0387
1.0000,30.0000,0.0160,0.0600,0.0261
1.0000,30.0000,0.0180,0.0600,0.0143
1.0000,30.0000,0.0200,0.0600,0.0025
1.0000,30.0000,0.0220,0.0600,-0.0064
1.0000,30.0000,0.0240,0.0600,-0.0153
1.0000,30.0000,0.0260,0.0600,-0.0242
1.0000,30.0000,0.0280,0.0600,-0.0331
1.0000,30.0000,0.0300,0.0600,-0.0420
1.0000,30.0000,0.0320,0.0600,-0.0509
1.0000,30.0000,0.0340,0.0600,-0.0598
1.0000,30.0000,0.0360,0.0600,-0.0679
1.0000,30.0000,0.0380,0.0600,-0.0760
1.0000,30.0000,0.0400,0.0600,-0.0841
1.0000,30.0000,0.0420,0.0600,-0.0922
1.0000,30.0000,0.0440,0.0600,-0.1004
1.0000,30.0000,0.0460,0.0600,-0.1085
1.0000,30.0000,0.0480,0.0600,-0.1166
1.0000,30.0000,0.0500,0.0600,-0.1247
1.0000,30.0000,0.0520,0.0600,-0.1329
1.0000,30.0000,0.0540,0.0600,-0.1410
1.0000,30.0000,0.0560,0.0600,-0.1491
1.0000,30.0000,0.0580,0.0600,-0.1572
1.0000,30.0000,0.0600,0.0600,-0.1653
1.0000,30.0000,0.0620,0.0600,-0.1735
1.0000,30.0000,0.0640,0.0600,-0.1816
1.0000,30.0000,0.0660,0.0600,-0.1897
1.0000,30.0000,0.0680,0.0600,-0.1973
1.0000,30.0000,0.0700,0.0600,-0.2044
1.0000,30.0000,0.0720,0.0600,-0.2116
1.0000,30.0000,0.0740,0.0600,-0.2187
1.0000,30.0000,0.0760,0.0600,-0.2259
1.0000,30.0000,0.0780,0.0600,-0.2330
1.0000,30.0000,0.0800,0.0600,-0.2401
1.0000,30.0000,0.0000,0.0650,0.1592
1.0000,30.0000,0.0020,0.0650,0.1418
1.0000,30.0000,0.0040,0.0650,0.1243
1.0000,30.0000,0.0060,0.0650,0.1069
1.0000,30.0000,0.0080,0.0650,0.0919
1.0000,30.0000,0.0100,0.0650,0.0784
1.0000,30.0000,0.0120,0.0650,0.0649
1.0000,30.0000,0.0140,0.0650,0.0514
1.0000,30.0000,0.0160,0.0650,0.0383
1.0000,30.0000,0.0180,0.0650,0.0264
1.0000,30.0000,0.0200,0.0650,0.0160
1.0000,30.0000,0.0220,0.0650,0.0071
1.0000,30.0000,0.0240,0.0650,-0.0018
1.0000,30.0000,0.0260,0.0650,-0.0108
1.0000,30.0000,0.0280,0.0650,-0.0197
1.0000,30.0000,0.0300,0.0650,-0.0286
1.0000,30.0000,0.0320,0.0650,-0.0375
1.0000,30.0000,0.0340,0.0650,-0.0460
1.0000,30.0000,0.0360,0.0650,-0.0541
1.0000,30.0000,0.0380,0.0650,-0.0622
1.0000,30.0000,0.0400,0.0650,-0.0704
1.0000,30.0000,0.0420,0.0650,-0.0785
1.0000,30.0000,0.0440,0.0650,-0.0866
1.0000,30.0000,0.0460,0.0650,-0.0947
1.0000,30.0000,0.0480,0.0650,-0.1028
1.0000,30.0000,0.0500,0.0650,-0.1110
1.0000,30.0000,0.0520,0.0650,-0.1191
1.0000,30.0000,0.0540,0.0650,-0.1272
1.0000,30.0000,0.0560,0.0650,-0.1353
1.0000,30.0000,0.0580,0.0650,-0.1435
1.0000,30.0000,0.0600,0.0650,-0.1516
1.0000,30.0000,0.0620,0.0650,-0.1597
1.0000,30.0000,0.0640,0.0650,-0.1678
1.0000,30.0000,0.0660,0.0650,-0.1759
1.0000,30.0000,0.0680,0.0650,-0.1834
1.0000,30.0000,0.0700,0.0650,-0.1905
1.0000,30.0000,0.0720,0.0650,-0.1977
1.0000,30.0000,0.0740,0.0650,-0.2048
1.0000,30.0000,0.0760,0.0650,-0.2120
1.0000,30.0000,0.0780,0.0650,-0.2191
1.0000,30.0000,0.0800,0.0650,-0.2263
1.0000,30.0000,0.0000,0.0700,0.1711
1.0000,30.0000,0.0020,0.0700,0.1536
1.0000,30.0000,0.0040,0.0700,0.1362
1.0000,30.0000,0.0060,0.0700,0.1187
1.0000,30.0000,0.0080,0.0700,0.1046
1.0000,30.0000,0.0100,0.0700,0.0911
1.0000,30.0000,0.0120,0.0700,0.0776
1.0000,30.0000,0.0140,0.0700,0.0641
1.0000,30.0000,0.0160,0.0700,0.0506
1.0000,30.0000,0.0180,0.0700,0.0386
1.0000,30.0000,0.0200,0.0700,0.0294
1.0000,30.0000,0.0220,0.0700,0.0205
1.0000,30.0000,0.0240,0.0700,0.0116
1.0000,30.0000,0.0260,0.0700,0.0027
1.0000,30.0000,0.0280,0.0700,-0.0062
1.0000,30.0000,0.0300,0.0700,-0.0151
1.0000,30.0000,0.0320,0.0700,-0.0240
1.0000,30.0000,0.0340,0.0700,-0.0322
1.0000,30.0000,0.0360,0.0700,-0.0403
1.0000,30.0000,0.0380,0.0700,-0.0485
1.0000,30.0000,0.0400,0.0700,-0.0566
1.0000,30.0000,0.0420,0.0700,-0.0647
1.0000,30.0000,0.0440,0.0700,-0.0728
1.0000,30.0000,0.0460,0.0700,-0.0810
1.0000,30.0000,0.0480,0.0700,-0.0891
1.0000,30.0000,0.0500,0.0700,-0.0972
1.0000,30.0000,0.0520,0.0700,-0.1053
1.0000,30.0000,0.0540,0.0700,-0.1134
1.0000,30.0000,0.0560,0.0700,-0.1216
1.0000,30.0000,0.0580,0.0700,-0.1297
1.0000,30.0000,0.0600,0.0700,-0.1378
1.0000,30.0000,0.0620,0.0700,-0.1459
1.0000,30.0000,0.0640,0.0700,-0.1540
1.0000,30.0000,0.0660,0.0700,-0.1622
1.0000,30.0000,0.0680,0.0700,-0.1695
1.0000,30.0000,0.0700,0.0700,-0.1766
1.0000,30.0000,0.0720,0.0700,-0.1838
1.0000,30.0000,0.0740,0.0700,-0.1909
1.0000,30.0000,0.0760,0.0700,-0.1981
1.0000,30.0000,0.0780,0.0700,-0.2052
1.0000,30.0000,0.0800,0.0700,-0.2124
1.0000,30.0000,0.0000,0.0750,0.1829
1.0000,30.0000,0.0020,0.0750,0.1655
1.0000,30.0000,0.0040,0.0750,0.1480
1.0000,30.0000,0.0060,0.0750,0.1308
1.0000,30.0000,0.0080,0.0750,0.1173
1.0000,30.0000,0.0100,0.0750,0.1038
1.0000,30.0000,0.0120,0.0750,0.0903
1.0000,30.0000,0.0140,0.0750,0.0768
1.0000,30.0000,0.0160,0.0750,0.0633
1.0000,30.0000,0.0180,0.0750,0.0517
1.0000,30.0000,0.0200,0.0750,0.0428
1.0000,30.0000,0.0220,0.0750,0.0339
1.0000,30.0000,0.0240,0.0750,0.0250
1.0000,30.0000,0.0260,0.0750,0.0161
1.0000,30.0000,0.0280,0.0750,0.0072
1.0000,30.0000,0.0300,0.0750,-0.0017
1.0000,30.0000,0.0320,0.0750,-0.0103
1.0000,30.0000,0.0340,0.0750,-0.0184
1.0000,30.0000,0.0360,0.0750,-0.0266
1.0000,30.0000,0.0380,0.0750,-0.0347
1.0000,30.0000,0.0400,0.0750,-0.0428
1.0000,30.0000,0.0420,0.0750,-0.0509
1.0000,30.0000,0.0440,0.0750,-0.0591
1.0000,30.0000,0.0460,0.0750,-0.0672
1.0000,30.0000,0.0480,0.0750,-0.0753
1.0000,30.0000,0.0500,0.0750,-0.0834
1.0000,30.0000,0.0520,0.0750,-0.0915
1.0000,30.0000,0.0540,0.0750,-0.0997
1.0000,30.0000,0.0560,0.0750,-0.1078
1.0000,30.0000,0.0580,0.0750,-0.1159
1.0000,30.0000,0.0600,0.0750,-0.1240
1.0000,30.0000,0.0620,0.0750,-0.1322
1.0000,30.0000,0.0640,0.0750,-0.1403
1.0000,30.0000,0.0660,0.0750,-0.1484
1.0000,30.0000,0.0680,0.0750,-0.1556
1.0000,30.0000,0.0700,0.0750,-0.1627
1.0000,30.0000,0.0720,0.0750,-0.1699
1.0000,30.0000,0.0740,0.0750,-0.1770
1.0000,30.0000,0.0760,0.0750,-0.1842
1.0000,30.0000,0.0780,0.0750,-0.1913
1.0000,30.0000,0.0800,0.0750,-0.1985
1.0000,30.0000,0.0000,0.0800,0.1948
1.0000,30.0000,0.0020,0.0800,0.1773
1.0000,30.0000,0.0040,0.0800,0.1599
1.0000,30.0000,0.0060,0.0800,0.1435
1.0000,30.0000,0.0080,0.0800,0.1300
1.0000,30.0000,0.0100,0.0800,0.1165
1.0000,30.0000,0.0120,0.0800,0.1030
1.0000,30.0000,0.0140,0.0800,0.0895
1.0000,30.0000,0.0160,0.0800,0.0760
1.0000,30.0000,0.0180,0.0800,0.0651
1.0000,30.0000,0.0200,0.0800,0.0562
1.0000,30.0000,0.0220,0.0800,0.0473
1.0000,30.0000,0.0240,0.0800,0.0384
1.0000,30.0000,0.0260,0.0800,0.0295
1.0000,30.0000,0.0280,0.0800,0.0206
1.0000,30.0000,0.0300,0.0800,0.0117
1.0000,30.0000,0.0320,0.0800,0.0034
1.0000,30.0000,0.0340,0.0800,-0.0047
1.0000,30.0000,0.0360,0.0800,-0.0128
1.0000,30.0000,0.0380,0.0800,-0.0209
1.0000,30.0000,0.0400,0.0800,-0.0290
1.0000,30.0000,0.0420,0.0800,-0.0372
1.0000,30.0000,0.0440,0.0800,-0.0453
1.0000,30.0000,0.0460,0.0800,-0.0534
1.0000,30.0000,0.0480,0.0800,-0.0615
1.0000,30.0000,0.0500,0.0800,-0.0697
1.0000,30.0000,0.0520,0.0800,-0.0778
1.0000,30.0000,0.0540,0.0800,-0.0859
1.0000,30.0000,0.0560,0.0800,-0.0940
1.0000,30.0000,0.0580,0.0800,-0.1021
1.0000,30.0000,0.0600,0.0800,-0.1103
1.0000,30.0000,0.0620,0.0800,-0.1184
1.0000,30.0000,0.0640,0.0800,-0.1265
1.0000,30.0000,0.0660,0.0800,-0.1346
1.0000,30.0000,0.0680,0.0800,-0.1417
1.0000,30.0000,0.0700,0.0800,-0.1488
1.0000,30.0000,0.0720,0.0800,-0.1560
1.0000,30.0000,0.0740,0.0800,-0.1631
1.0000,30.0000,0.0760,0.0800,-0.1703
1.0000,30.0000,0.0780,0.0800,-0.1774
1.0000,30.0000,0.0800,0.0800,-0.1846
1.0000,30.0000,0.0000,0.0850,0.2066
1.0000,30.0000,0.0020,0.0850,0.1892
1.0000,30.0000,0.0040,0.0850,0.1717
1.0000,30.0000,0.0060,0.0850,0.1563
1.0000,30.0000,0.0080,0.0850,0.1427
1.0000,30.0000,0.0100,0.0850,0.1292
1.0000,30.0000,0.0120,0.0850,0.1157
1.0000,30.0000,0.0140,0.0850,0.1022
1.0000,30.0000,0.0160,0.0850,0.0887
1.0000,30.0000,0.0180,0.0850,0.0786
1.0000,30.0000,0.0200,0.0850,0.0697
1.0000,30.0000,0.0220,0.0850,0.0608
1.0000,30.0000,0.0240,0.0850,0.0519
1.0000,30.0000,0.0260,0.0850,0.0430
1.0000,30.0000,0.0280,0.0850,0.0341
1.0000,30.0000,0.0300,0.0850,0.0253
1.0000,30.0000,0.0320,0.0850,0.0172
1.0000,30.0000,0.0340,0.0850,0.0091
1.0000,30.0000,0.0360,0.0850,0.0010
1.0000,30.0000,0.0380,0.0850,-0.0072
1.0000,30.0000,0.0400,0.0850,-0.0153
1.0000,30.0000,0.0420,0.0850,-0.0234
1.0000,30.0000,0.0440,0.0850,-0.0315
1.0000,30.0000,0.0460,0.0850,-0.0396
1.0000,30.0000,0.0480,0.0850,-0.0478
1.0000,30.0000,0.0500,0.0850,-0.0559
1.0000,30.0000,0.0520,0.0850,-0.0640
1.0000,30.0000,0.0540,0.0850,-0.0721
1.0000,30.0000,0.0560,0.0850,-0.0803
1.0000,30.0000,0.0580,0.0850,-0.0884
1.0000,30.0000,0.0600,0.0850,-0.0965
1.0000,30.0000,0.0620,0.0850,-0.1046
1.0000,30.0000,0.0640,0.0850,-0.1127
1.0000,30.0000,0.0660,0.0850,-0.1207
1.0000,30.0000,0.0680,0.0850,-0.1278
1.0000,30.0000,0.0700,0.0850,-0.1350
1.0000,30.0000,0.0720,0.0850,-0.1421
1.0000,30.0000,0.0740,0.0850,-0.1492
1.0000,30.0000,0.0760,0.0850,-0.1564
1.0000,30.0000,0.0780,0.0850,-0.1635
1.0000,30.0000,0.0800,0.0850,-0.1707
1.0000,30.0000,0.0000,0.0900,0.2185
1.0000,30.0000,0.0020,0.0900,0.2010
1.0000,30.0000,0.0040,0.0900,0.1835
1.0000,30.0000,0.0060,0.0900,0.1690
1.0000,30.0000,0.0080,0.0900,0.1554
1.0000,30.0000,0.0100,0.0900,0.1419
1.0000,30.0000,0.0120,0.0900,0.1284
1.0000,30.0000,0.0140,0.0900,0.1149
1.0000,30.0000,0.0160,0.0900,0.1014
1.0000,30.0000,0.0180,0.0900,0.0920
1.0000,30.0000,0.0200,0.0900,0.0831
1.0000,30.0000,0.0220,0.0900,0.0742
1.0000,30.0000,0.0240,0.0900,0.0653
1.0000,30.0000,0.0260,0.0900,0.0564
1.0000,30.0000,0.0280,0.0900,0.0475
1.0000,30.0000,0.0300,0.0900,0.0391
1.0000,30.0000,0.0320,0.0900,0.0310
1.0000,30.0000,0.0340,0.0900,0.0229
1.0000,30.0000,0.0360,0.0900,0.0147
1.0000,30.0000,0.0380,0.0900,0.0066
1.0000,30.0000,0.0400,0.0900,-0.0015
1.0000,30.0000,0.0420,0.0900,-0.0096
1.0000,30.0000,0.0440,0.0900,-0.0178
1.0000,30.0000,0.0460,0.0900,-0.0259
1.0000,30.0000,0.0480,0.0900,-0.0340
1.0000,30.0000,0.0500,0.0900,-0.0421
1.0000,30.0000,0.0520,0.0900,-0.0502
1.0000,30.0000,0.0540,0.0900,-0.0584
1.0000,30.0000,0.0560,0.0900,-0.0665
1.0000,30.0000,0.0580,0.0900,-0.0746
1.0000,30.0000,0.0600,0.0900,-0.0827
1.0000,30.0000,0.0620,0.0900,-0.0908
1.0000,30.0000,0.0640,0.0900,-0.0990
1.0000,30.0000,0.0660,0.0900,-0.1068
1.0000,30.0000,0.0680,0.0900,-0.1139
1.0000,30.0000,0.0700,0.0900,-0.1211
1.0000,30.0000,0.0720,0.0900,-0.1282
1.0000,30.0000,0.0740,0.0900,-0.1353
1.0000,30.0000,0.0760,0.0900,-0.1425
1.0000,30.0000,0.0780,0.0900,-0.1496
1.0000,30.0000,0.0800,0.0900,-0.1568
1.0000,30.0000,0.0000,0.0950,0.2303
1.0000,30.0000,0.0020,0.0950,0.2129
1.0000,30.0000,0.0040,0.0950,0.1954
1.0000,30.0000,0.0060,0.0950,0.1817
1.0000,30.0000,0.0080,0.0950,0.1681
1.0000,30.0000,0.0100,0.0950,0.1546
1.0000,30.0000,0.0120,0.0950,0.1411
1.0000,30.0000,0.0140,0.0950,0.1276
1.0000,30.0000,0.0160,0.0950,0.1143
1.0000,30.0000,0.0180,0.0950,0.1054
1.0000,30.0000,0.0200,0.0950,0.0965
1.0000,30.0000,0.0220,0.0950,0.0876
1.0000,30.0000,0.0240,0.0950,0.0787
1.0000,30.0000,0.0260,0.0950,0.0698
1.0000,30.0000,0.0280,0.0950,0.0610
1.0000,30.0000,0.0300,0.0950,0.0529
1.0000,30.0000,0.0320,0.0950,0.0448
1.0000,30.0000,0.0340,0.0950,0.0366
1.0000,30.0000,0.0360,0.0950,0.0285
1.0000,30.0000,0.0380,0.0950,0.0204
1.0000,30.0000,0.0400,0.0950,0.0123
1.0000,30.0000,0.0420,0.0950,0.0041
1.0000,30.0000,0.0440,0.0950,-0.0040
1.0000,30.0000,0.0460,0.0950,-0.0121
1.0000,30.0000,0.0480,0.0950,-0.0202
1.0000,30.0000,0.0500,0.0950,-0.0283
1.0000,30.0000,0.0520,0.0950,-0.0365
1.0000,30.0000,0.0540,0.0950,-0.0446
1.0000,30.0000,0.0560,0.0950,-0.0527
1.0000,30.0000,0.0580,0.0950,-0.0608
1.0000,30.0000,0.0600,0.0950,-0.0690
1.0000,30.0000,0.0620,0.0950,-0.0771
1.0000,30.0000,0.0640,0.0950,-0.0852
1.0000,30.0000,0.0660,0.0950,-0.0929
1.0000,30.0000,0.0680,0.0950,-0.1000
1.0000,30.0000,0.0700,0.0950,-0.1072
1.0000,30.0000,0.0720,0.0950,-0.1143
1.0000,30.0000,0.0740,0.0950,-0.1214
1.0000,30.0000,0.0760,0.0950,-0.1286
1.0000,30.0000,0.0780,0.0950,-0.1357
1.0000,30.0000,0.0800,0.0950,-0.1429
1.0000,30.0000,0.0000,0.1000,0.2422
1.0000,30.0000,0.0020,0.1000,0.2247
1.0000,30.0000,0.0040,0.1000,0.2079
1.0000,30.0000,0.0060,0.1000,0.1944
1.0000,30.0000,0.0080,0.1000,0.1808
1.0000,30.0000,0.0100,0.1000,0.1673
1.0000,30.0000,0.0120,0.1000,0.1538
1.0000,30.0000,0.0140,0.1000,0.1403
1.0000,30.0000,0.0160,0.1000,0.1277
1.0000,30.0000,0.0180,0.1000,0.1188
1.0000,30.0000,0.0200,0.1000,0.1099
1.0000,30.0000,0.0220,0.1000,0.1010
1.0000,30.0000,0.0240,0.1000,0.0921
1.0000,30.0000,0.0260,0.1000,0.0832
1.0000,30.0000,0.0280,0.1000,0.0748
1.0000,30.0000,0.0300,0.1000,0.0666
1.0000,30.0000,0.0320,0.1000,0.0585
1.0000,30.0000,0.0340,0.1000,0.0504
1.0000,30.0000,0.0360,0.1000,0.0423
1.0000,30.0000,0.0380,0.1000,0.0342
1.0000,30.0000,0.0400,0.1000,0.0260
1.0000,30.0000,0.0420,0.1000,0.0179
1.0000,30.0000,0.0440,0.1000,0.0098
1.0000,30.0000,0.0460,0.1000,0.0017
1.0000,30.0000,0.0480,0.1000,-0.0065
1.0000,30.0000,0.0500,0.1000,-0.0146
1.0000,30.0000,0.0520,0.1000,-0.0227
1.0000,30.0000,0.0540,0.1000,-0.0308
1.0000,30.0000,0.0560,0.1000,-0.0389
1.0000,30.0000,0.0580,0.1000,-0.0471
1.0000,30.0000,0.0600,0.1000,-0.0552
1.0000,30.0000,0.0620,0.1000,-0.0633
1.0000,30.0000,0.0640,0.1000,-0.0714
1.0000,30.0000,0.0660,0.1000,-0.0790
1.0000,30.0000,0.0680,0.1000,-0.0861
1.0000,30.0000,0.0700,0.1000,-0.0933
1.0000,30.0000,0.0720,0.1000,-0.1004
1.0000,30.0000,0.0740,0.1000,-0.1075
1.0000,30.0000,0.0760,0.1000,-0.1147
1.0000,30.0000,0.0780,0.1000,-0.1218
1.0000,30.0000,0.0800,0.1000,-0.1290
1.0000,30.0000,0.0000,0.1050,0.2540
1.0000,30.0000,0.0020,0.1050,0.2365
1.0000,30.0000,0.0040,0.1050,0.2206
1.0000,30.0000,0.0060,0.1050,0.2071
1.0000,30.0000,0.0080,0.1050,0.1936
1.0000,30.0000,0.0100,0.1050,0.1800
1.0000,30.0000,0.0120,0.1050,0.1665
1.0000,30.0000,0.0140,0.1050,0.1530
1.0000,30.0000,0.0160,0.1050,0.1412
1.0000,30.0000,0.0180,0.1050,0.1323
1.0000,30.0000,0.0200,0.1050,0.1234
1.0000,30.0000,0.0220,0.1050,0.1145
1.0000,30.0000,0.0240,0.1050,0.1056
1.0000,30.0000,0.0260,0.1050,0.0967
1.0000,30.0000,0.0280,0.1050,0.0885
1.0000,30.0000,0.0300,0.1050,0.0804
1.0000,30.0000,0.0320,0.1050,0.0723
1.0000,30.0000,0.0340,0.1050,0.0642
1.0000,30.0000,0.0360,0.1050,0.0560
1.0000,30.0000,0.0380,0.1050,0.0479
1.0000,30.0000,0.0400,0.1050,0.0398
1.0000,30.0000,0.0420,0.1050,0.0317
1.0000,30.0000,0.0440,0.1050,0.0236
1.0000,30.0000,0.0460,0.1050,0.0154
1.0000,30.0000,0.0480,0.1050,0.0073
1.0000,30.0000,0.0500,0.1050,-0.0008
1.0000,30.0000,0.0520,0.1050,-0.0089
1.0000,30.0000,0.0540,0.1050,-0.0171
1.0000,30.0000,0.0560,0.1050,-0.0252
1.0000,30.0000,0.0580,0.1050,-0.0333
1.0000,30.0000,0.0600,0.1050,-0.0414
1.0000,30.0000,0.0620,0.1050,-0.0495
1.0000,30.0000,0.0640,0.1050,-0.0577
1.0000,30.0000,0.0660,0.1050,-0.0651
1.0000,30.0000,0.0680,0.1050,-0.0722
1.0000,30.0000,0.0700,0.1050,-0.0794
1.0000,30.0000,0.0720,0.1050,-0.0865
1.0000,30.0000,0.0740,0.1050,-0.0936
1.0000,30.0000,0.0760,0.1050,-0.1008
1.0000,30.0000,0.0780,0.1050,-0.1079
1.0000,30.0000,0.0800,0.1050,-0.1151
1.0000,30.0000,0.0000,0.1100,0.2659
1.0000,30.0000,0.0020,0.1100,0.2484
1.0000,30.0000,0.0040,0.1100,0.2333
1.0000,30.0000,0.0060,0.1100,0.2198
1.0000,30.0000,0.0080,0.1100,0.2063
1.0000,30.0000,0.0100,0.1100,0.1927
1.0000,30.0000,0.0120,0.1100,0.1792
1.0000,30.0000,0.0140,0.1100,0.1657
1.0000,30.0000,0.0160,0.1100,0.1546
1.0000,30.0000,0.0180,0.1100,0.1457
1.0000,30.0000,0.0200,0.1100,0.1368
1.0000,30.0000,0.0220,0.1100,0.1279
1.0000,30.0000,0.0240,0.1100,0.1190
1.0000,30.0000,0.0260,0.1100,0.1104
1.0000,30.0000,0.0280,0.1100,0.1023
1.0000,30.0000,0.0300,0.1100,0.0942
1.0000,30.0000,0.0320,0.1100,0.0861
1.0000,30.0000,0.0340,0.1100,0.0779
1.0000,30.0000,0.0360,0.1100,0.0698
1.0000,30.0000,0.0380,0.1100,0.0617
1.0000,30.0000,0.0400,0.1100,0.0536
1.0000,30.0000,0.0420,0.1100,0.0454
1.0000,30.0000,0.0440,0.1100,0.0373
1.0000,30.0000,0.0460,0.1100,0.0292
1.0000,30.0000,0.0480,0.1100,0.0211
1.0000,30.0000,0.0500,0.1100,0.0130
1.0000,30.0000,0.0520,0.1100,0.0048
1.0000,30.0000,0.0540,0.1100,-0.0033
1.0000,30.0000,0.0560,0.1100,-0.0114
1.0000,30.0000,0.0580,0.1100,-0.0195
1.0000,30.0000,0.0600,0.1100,-0.0276
1.0000,30.0000,0.0620,0.1100,-0.0358
1.0000,30.0000,0.0640,0.1100,-0.0439
1.0000,30.0000,0.0660,0.1100,-0.0512
1.0000,30.0000,0.0680,0.1100,-0.0583
1.0000,30.0000,0.0700,0.1100,-0.0655
1.0000,30.0000,0.0720,0.1100,-0.0726
1.0000,30.0000,0.0740,0.1100,-0.0797
1.0000,30.0000,0.0760,0.1100,-0.0869
1.0000,30.0000,0.0780,0.1100,-0.0940
1.0000,30.0000,0.0800,0.1100,-0.1012
1.0000,30.0000,0.0000,0.1150,0.2777
1.0000,30.0000,0.0020,0.1150,0.2602
1.0000,30.0000,0.0040,0.1150,0.2460
1.0000,30.0000,0.0060,0.1150,0.2325
1.0000,30.0000,0.0080,0.1150,0.2190
1.0000,30.0000,0.0100,0.1150,0.2054
1.0000,30.0000,0.0120,0.1150,0.1919
1.0000,30.0000,0.0140,0.1150,0.1784
1.0000,30.0000,0.0160,0.1150,0.1680
1.0000,30.0000,0.0180,0.1150,0.1591
1.0000,30.0000,0.0200,0.1150,0.1502
1.0000,30.0000,0.0220,0.1150,0.1413
1.0000,30.0000,0.0240,0.1150,0.1324
1.0000,30.0000,0.0260,0.1150,0.1242
1.0000,30.0000,0.0280,0.1150,0.1161
1.0000,30.0000,0.0300,0.1150,0.1080
1.0000,30.0000,0.0320,0.1150,0.0998
1.0000,30.0000,0.0340,0.1150,0.0917
1.0000,30.0000,0.0360,0.1150,0.0836
1.0000,30.0000,0.0380,0.1150,0.0755
1.0000,30.0000,0.0400,0.1150,0.0673
1.0000,30.0000,0.0420,0.1150,0.0592
1.0000,30.0000,0.0440,0.1150,0.0511
1.0000,30.0000,0.0460,0.1150,0.0430
1.0000,30.0000,0.0480,0.1150,0.0349
1.0000,30.0000,0.0500,0.1150,0.0267
1.0000,30.0000,0.0520,0.1150,0.0186
1.0000,30.0000,0.0540,0.1150,0.0105
1.0000,30.0000,0.0560,0.1150,0.0024
1.0000,30.0000,0.0580,0.1150,-0.0058
1.0000,30.0000,0.0600,0.1150,-0.0139
1.0000,30.0000,0.0620,0.1150,-0.0220
1.0000,30.0000,0.0640,0.1150,-0.0301
1.0000,30.0000,0.0660,0.1150,-0.0373
1.0000,30.0000,0.0680,0.1150,-0.0444
1.0000,30.0000,0.0700,0.1150,-0.0516
1.0000,30.0000,0.0720,0.1150,-0.0587
1.0000,30.0000,0.0740,0.1150,-0.0658
1.0000,30.0000,0.0760,0.1150,-0.0730
1.0000,30.0000,0.0780,0.1150,-0.0801
1.0000,30.0000,0.0800,0.1150,-0.0873
1.0000,30.0000,0.0000,0.1200,0.2895
1.0000,30.0000,0.0020,0.1200,0.2722
1.0000,30.0000,0.0040,0.1200,0.2587
1.0000,30.0000,0.0060,0.1200,0.2452
1.0000,30.0000,0.0080,0.1200,0.2317
1.0000,30.0000,0.0100,0.1200,0.2181
1.0000,30.0000,0.0120,0.1200,0.2046
1.0000,30.0000,0.0140,0.1200,0.1911
1.0000,30.0000,0.0160,0.1200,0.1815
1.0000,30.0000,0.0180,0.1200,0.1726
1.0000,30.0000,0.0200,0.1200,0.1636
1.0000,30.0000,0.0220,0.1200,0.1547
1.0000,30.0000,0.0240,0.1200,0.1461
1.0000,30.0000,0.0260,0.1200,0.1380
1.0000,30.0000,0.0280,0.1200,0.1298
1.0000,30.0000,0.0300,0.1200,0.1217
1.0000,30.0000,0.0320,0.1200,0.1136
1.0000,30.0000,0.0340,0.1200,0.1055
1.0000,30.0000,0.0360,0.1200,0.0974
1.0000,30.0000,0.0380,0.1200,0.0892
1.0000,30.0000,0.0400,0.1200,0.0811
1.0000,30.0000,0.0420,0.1200,0.0730
1.0000,30.0000,0.0440,0.1200,0.0649
1.0000,30.0000,0.0460,0.1200,0.0567
1.0000,30.0000,0.0480,0.1200,0.0486
1.0000,30.0000,0.0500,0.1200,0.0405
1.0000,30.0000,0.0520,0.1200,0.0324
1.0000,30.0000,0.0540,0.1200,0.0243
1.0000,30.0000,0.0560,0.1200,0.0161
1.0000,30.0000,0.0580,0.1200,0.0080
1.0000,30.0000,0.0600,0.1200,-0.0001
1.0000,30.0000,0.0620,0.1200,-0.0082
1.0000,30.0000,0.0640,0.1200,-0.0162
1.0000,30.0000,0.0660,0.1200,-0.0234
1.0000,30.0000,0.0680,0.1200,-0.0305
1.0000,30.0000,0.0700,0.1200,-0.0377
1.0000,30.0000,0.0720,0.1200,-0.0448
1.0000,30.0000,0.0740,0.1200,-0.0519
1.0000,30.0000,0.0760,0.1200,-0.0591
1.0000,30.0000,0.0780,0.1200,-0.0662
1.0000,30.0000,0.0800,0.1200,-0.0734
1.0000,30.0000,0.0000,0.1250,0.3014
1.0000,30.0000,0.0020,0.1250,0.2849
1.0000,30.0000,0.0040,0.1250,0.2714
1.0000,30.0000,0.0060,0.1250,0.2579
1.0000,30.0000,0.0080,0.1250,0.2444
1.0000,30.0000,0.0100,0.1250,0.2309
1.0000,30.0000,0.0120,0.1250,0.2173
1.0000,30.0000,0.0140,0.1250,0.2051
1.0000,30.0000,0.0160,0.1250,0.1954
1.0000,30.0000,0.0180,0.1250,0.1860
1.0000,30.0000,0.0200,0.1250,0.1771
1.0000,30.0000,0.0220,0.1250,0.1682
1.0000,30.0000,0.0240,0.1250,0.1599
1.0000,30.0000,0.0260,0.1250,0.1517
1.0000,30.0000,0.0280,0.1250,0.1436
1.0000,30.0000,0.0300,0.1250,0.1355
1.0000,30.0000,0.0320,0.1250,0.1274
1.0000,30.0000,0.0340,0.1250,0.1192
1.0000,30.0000,0.0360,0.1250,0.1111
1.0000,30.0000,0.0380,0.1250,0.1030
1.0000,30.0000,0.0400,0.1250,0.0949
1.0000,30.0000,0.0420,0.1250,0.0868
1.0000,30.0000,0.0440,0.1250,0.0786
1.0000,30.0000,0.0460,0.1250,0.0705
1.0000,30.0000,0.0480,0.1250,0.0624
1.0000,30.0000,0.0500,0.1250,0.0543
1.0000,30.0000,0.0520,0.1250,0.0461
1.0000,30.0000,0.0540,0.1250,0.0380
1.0000,30.0000,0.0560,0.1250,0.0299
1.0000,30.0000,0.0580,0.1250,0.0218
1.0000,30.0000,0.0600,0.1250,0.0137
1.0000,30.0000,0.0620,0.1250,0.0055
1.0000,30.0000,0.0640,0.1250,-0.0023
1.0000,30.0000,0.0660,0.1250,-0.0095
1.0000,30.0000,0.0680,0.1250,-0.0166
1.0000,30.0000,0.0700,0.1250,-0.0238
1.0000,30.0000,0.0720,0.1250,-0.0309
1.0000,30.0000,0.0740,0.1250,-0.0380
1.0000,30.0000,0.0760,0.1250,-0.0452
1.0000,30.0000,0.0780,0.1250,-0.0523
1.0000,30.0000,0.0800,0.1250,-0.0595
1.0000,30.0000,0.0000,0.1300,0.3136
1.0000,30.0000,0.0020,0.1300,0.2976
1.0000,30.0000,0.0040,0.1300,0.2841
1.0000,30.0000,0.0060,0.1300,0.2706
1.0000,30.0000,0.0080,0.1300,0.2571
1.0000,30.0000,0.0100,0.1300,0.2436
1.0000,30.0000,0.0120,0.1300,0.2300
1.0000,30.0000,0.0140,0.1300,0.2191
1.0000,30.0000,0.0160,0.1300,0.2094
1.0000,30.0000,0.0180,0.1300,0.1997
1.0000,30.0000,0.0200,0.1300,0.1905
1.0000,30.0000,0.0220,0.1300,0.1817
1.0000,30.0000,0.0240,0.1300,0.1736
1.0000,30.0000,0.0260,0.1300,0.1655
1.0000,30.0000,0.0280,0.1300,0.1574
1.0000,30.0000,0.0300,0.1300,0.1493
1.0000,30.0000,0.0320,0.1300,0.1411
1.0000,30.0000,0.0340,0.1300,0.1330
1.0000,30.0000,0.0360,0.1300,0.1249
1.0000,30.0000,0.0380,0.1300,0.1168
1.0000,30.0000,0.0400,0.1300,0.1086
1.0000,30.0000,0.0420,0.1300,0.1005
1.0000,30.0000,0.0440,0.1300,0.0924
1.0000,30.0000,0.0460,0.1300,0.0843
1.0000,30.0000,0.0480,0.1300,0.0762
1.0000,30.0000,0.0500,0.1300,0.0680
1.0000,30.0000,0.0520,0.1300,0.0599
1.0000,30.0000,0.0540,0.1300,0.0518
1.0000,30.0000,0.0560,0.1300,0.0437
1.0000,30.0000,0.0580,0.1300,0.0356
1.0000,30.0000,0.0600,0.1300,0.0274
1.0000,30.0000,0.0620,0.1300,0.0193
1.0000,30.0000,0.0640,0.1300,0.0116
1.0000,30.0000,0.0660,0.1300,0.0044
1.0000,30.0000,0.0680,0.1300,-0.0027
1.0000,30.0000,0.0700,0.1300,-0.0099
1.0000,30.0000,0.0720,0.1300,-0.0170
1.0000,30.0000,0.0740,0.1300,-0.0241
1.0000,30.0000,0.0760,0.1300,-0.0313
1.0000,30.0000,0.0780,0.1300,-0.0384
1.0000,30.0000,0.0800,0.1300,-0.0456
1.0000,30.0000,0.0000,0.1350,0.3265
1.0000,30.0000,0.0020,0.1350,0.3103
1.0000,30.0000,0.0040,0.1350,0.2968
1.0000,30.0000,0.0060,0.1350,0.2833
1.0000,30.0000,0.0080,0.1350,0.2698
1.0000,30.0000,0.0100,0.1350,0.2563
1.0000,30.0000,0.0120,0.1350,0.2428
1.0000,30.0000,0.0140,0.1350,0.2331
1.0000,30.0000,0.0160,0.1350,0.2234
1.0000,30.0000,0.0180,0.1350,0.2137
1.0000,30.0000,0.0200,0.1350,0.2041
1.0000,30.0000,0.0220,0.1350,0.1955
1.0000,30.0000,0.0240,0.1350,0.1874
1.0000,30.0000,0.0260,0.1350,0.1793
1.0000,30.0000,0.0280,0.1350,0.1712
1.0000,30.0000,0.0300,0.1350,0.1630
1.0000,30.0000,0.0320,0.1350,0.1549
1.0000,30.0000,0.0340,0.1350,0.1468
1.0000,30.0000,0.0360,0.1350,0.1387
1.0000,30.0000,0.0380,0.1350,0.1305
1.0000,30.0000,0.0400,0.1350,0.1224
1.0000,30.0000,0.0420,0.1350,0.1143
1.0000,30.0000,0.0440,0.1350,0.1062
1.0000,30.0000,0.0460,0.1350,0.0981
1.0000,30.0000,0.0480,0.1350,0.0899
1.0000,30.0000,0.0500,0.1350,0.0818
1.0000,30.0000,0.0520,0.1350,0.0737
1.0000,30.0000,0.0540,0.1350,0.0656
1.0000,30.0000,0.0560,0.1350,0.0574
1.0000,30.0000,0.0580,0.1350,0.0493
1.0000,30.0000,0.0600,0.1350,0.0412
1.0000,30.0000,0.0620,0.1350,0.0331
1.0000,30.0000,0.0640,0.1350,0.0255
1.0000,30.0000,0.0660,0.1350,0.0183
1.0000,30.0000,0.0680,0.1350,0.0112
1.0000,30.0000,0.0700,0.1350,0.0040
1.0000,30.0000,0.0720,0.1350,-0.0031
1.0000,30.0000,0.0740,0.1350,-0.0102
1.0000,30.0000,0.0760,0.1350,-0.0174
1.0000,30.0000,0.0780,0.1350,-0.0245
1.0000,30.0000,0.0800,0.1350,-0.0317
1.0000,30.0000,0.0000,0.1400,0.3394
1.0000,30.0000,0.0020,0.1400,0.3230
1.0000,30.0000,0.0040,0.1400,0.3095
1.0000,30.0000,0.0060,0.1400,0.2960
1.0000,30.0000,0.0080,0.1400,0.2825
1.0000,30.0000,0.0100,0.1400,0.2690
1.0000,30.0000,0.0120,0.1400,0.2568
1.0000,30.0000,0.0140,0.1400,0.2471
1.0000,30.0000,0.0160,0.1400,0.2374
1.0000,30.0000,0.0180,0.1400,0.2278
1.0000,30.0000,0.0200,0.1400,0.2181
1.0000,30.0000,0.0220,0.1400,0.2093
1.0000,30.0000,0.0240,0.1400,0.2012
1.0000,30.0000,0.0260,0.1400,0.1930
1.0000,30.0000,0.0280,0.1400,0.1849
1.0000,30.0000,0.0300,0.1400,0.1768
1.0000,30.0000,0.0320,0.1400,0.1687
1.0000,30.0000,0.0340,0.1400,0.1606
1.0000,30.0000,0.0360,0.1400,0.1524
1.0000,30.0000,0.0380,0.1400,0.1443
1.0000,30.0000,0.0400,0.1400,0.1362
1.0000,30.0000,0.0420,0.1400,0.1281
1.0000,30.0000,0.0440,0.1400,0.1199
1.0000,30.0000,0.0460,0.1400,0.1118
1.0000,30.0000,0.0480,0.1400,0.1037
1.0000,30.0000,0.0500,0.1400,0.0956
1.0000,30.0000,0.0520,0.1400,0.0875
1.0000,30.0000,0.0540,0.1400,0.0793
1.0000,30.0000,0.0560,0.1400,0.0712
1.0000,30.0000,0.0580,0.1400,0.0631
1.0000,30.0000,0.0600,0.1400,0.0550
1.0000,30.0000,0.0620,0.1400,0.0468
1.0000,30.0000,0.0640,0.1400,0.0394
1.0000,30.0000,0.0660,0.1400,0.0322
1.0000,30.0000,0.0680,0.1400,0.0251
1.0000,30.0000,0.0700,0.1400,0.0179
1.0000,30.0000,0.0720,0.1400,0.0108
1.0000,30.0000,0.0740,0.1400,0.0036
1.0000,30.0000,0.0760,0.1400,-0.0035
1.0000,30.0000,0.0780,0.1400,-0.0106
1.0000,30.0000,0.0800,0.1400,-0.0178
1.0000,30.0000,0.0000,0.1450,0.3523
1.0000,30.0000,0.0020,0.1450,0.3357
1.0000,30.0000,0.0040,0.1450,0.3222
1.0000,30.0000,0.0060,0.1450,0.3087
1.0000,30.0000,0.0080,0.1450,0.2952
1.0000,30.0000,0.0100,0.1450,0.2817
1.0000,30.0000,0.0120,0.1450,0.2708
1.0000,30.0000,0.0140,0.1450,0.2611
1.0000,30.0000,0.0160,0.1450,0.2514
1.0000,30.0000,0.0180,0.1450,0.2418
1.0000,30.0000,0.0200,0.1450,0.2325
1.0000,30.0000,0.0220,0.1450,0.2236
1.0000,30.0000,0.0240,0.1450,0.2149
1.0000,30.0000,0.0260,0.1450,0.2068
1.0000,30.0000,0.0280,0.1450,0.1987
1.0000,30.0000,0.0300,0.1450,0.1906
1.0000,30.0000,0.0320,0.1450,0.1824
1.0000,30.0000,0.0340,0.1450,0.1743
1.0000,30.0000,0.0360,0.1450,0.1662
1.0000,30.0000,0.0380,0.1450,0.1581
1.0000,30.0000,0.0400,0.1450,0.1500
1.0000,30.0000,0.0420,0.1450,0.1418
1.0000,30.0000,0.0440,0.1450,0.1337
1.0000,30.0000,0.0460,0.1450,0.1256
1.0000,30.0000,0.0480,0.1450,0.1175
1.0000,30.0000,0.0500,0.1450,0.1093
1.0000,30.0000,0.0520,0.1450,0.1012
1.0000,30.0000,0.0540,0.1450,0.0931
1.0000,30.0000,0.0560,0.1450,0.0850
1.0000,30.0000,0.0580,0.1450,0.0769
1.0000,30.0000,0.0600,0.1450,0.0687
1.0000,30.0000,0.0620,0.1450,0.0606
1.0000,30.0000,0.0640,0.1450,0.0533
1.0000,30.0000,0.0660,0.1450,0.0461
1.0000,30.0000,0.0680,0.1450,0.0390
1.0000,30.0000,0.0700,0.1450,0.0318
1.0000,30.0000,0.0720,0.1450,0.0247
1.0000,30.0000,0.0740,0.1450,0.0175
1.0000,30.0000,0.0760,0.1450,0.0104
1.0000,30.0000,0.0780,0.1450,0.0033
1.0000,30.0000,0.0800,0.1450,-0.0039
1.0000,30.0000,0.0000,0.1500,0.3652
1.0000,30.0000,0.0020,0.1500,0.3484
1.0000,30.0000,0.0040,0.1500,0.3349
1.0000,30.0000,0.0060,0.1500,0.3214
1.0000,30.0000,0.0080,0.1500,0.3079
1.0000,30.0000,0.0100,0.1500,0.2944
1.0000,30.0000,0.0120,0.1500,0.2848
1.0000,30.0000,0.0140,0.1500,0.2751
1.0000,30.0000,0.0160,0.1500,0.2654
1.0000,30.0000,0.0180,0.1500,0.2558
1.0000,30.0000,0.0200,0.1500,0.2468
1.0000,30.0000,0.0220,0.1500,0.2379
1.0000,30.0000,0.0240,0.1500,0.2291
1.0000,30.0000,0.0260,0.1500,0.2206
1.0000,30.0000,0.0280,0.1500,0.2125
1.0000,30.0000,0.0300,0.1500,0.2043
1.0000,30.0000,0.0320,0.1500,0.1962
1.0000,30.0000,0.0340,0.1500,0.1881
1.0000,30.0000,0.0360,0.1500,0.1800
1.0000,30.0000,0.0380,0.1500,0.1719
1.0000,30.0000,0.0400,0.1500,0.1637
1.0000,30.0000,0.0420,0.1500,0.1556
1.0000,30.0000,0.0440,0.1500,0.1475
1.0000,30.0000,0.0460,0.1500,0.1394
1.0000,30.0000,0.0480,0.1500,0.1312
1.0000,30.0000,0.0500,0.1500,0.1231
1.0000,30.0000,0.0520,0.1500,0.1150
1.0000,30.0000,0.0540,0.1500,0.1069
1.0000,30.0000,0.0560,0.1500,0.0988
1.0000,30.0000,0.0580,0.1500,0.0906
1.0000,30.0000,0.0600,0.1500,0.0825
1.0000,30.0000,0.0620,0.1500,0.0744
1.0000,30.0000,0.0640,0.1500,0.0672
1.0000,30.0000,0.0660,0.1500,0.0600
1.0000,30.0000,0.0680,0.1500,0.0529
1.0000,30.0000,0.0700,0.1500,0.0457
1.0000,30.0000,0.0720,0.1500,0.0386
1.0000,30.0000,0.0740,0.1500,0.0314
1.0000,30.0000,0.0760,0.1500,0.0243
1.0000,30.0000,0.0780,0.1500,0.0172
1.0000,30.0000,0.0800,0.1500,0.0100
1.0000,30.0000,0.0000,0.1550,0.3782
1.0000,30.0000,0.0020,0.1550,0.3611
1.0000,30.0000,0.0040,0.1550,0.3476
1.0000,30.0000,0.0060,0.1550,0.3341
1.0000,30.0000,0.0080,0.1550,0.3206
1.0000,30.0000,0.0100,0.1550,0.3085
1.0000,30.0000,0.0120,0.1550,0.2988
1.0000,30.0000,0.0140,0.1550,0.2891
1.0000,30.0000,0.0160,0.1550,0.2794
1.0000,30.0000,0.0180,0.1550,0.2701
1.0000,30.0000,0.0200,0.1550,0.2612
1.0000,30.0000,0.0220,0.1550,0.2523
1.0000,30.0000,0.0240,0.1550,0.2434
1.0000,30.0000,0.0260,0.1550,0.2345
1.0000,30.0000,0.0280,0.1550,0.2262
1.0000,30.0000,0.0300,0.1550,0.2181
1.0000,30.0000,0.0320,0.1550,0.2100
1.0000,30.0000,0.0340,0.1550,0.2019
1.0000,30.0000,0.0360,0.1550,0.1937
1.0000,30.0000,0.0380,0.1550,0.1856
1.0000,30.0000,0.0400,0.1550,0.1775
1.0000,30.0000,0.0420,0.1550,0.1694
1.0000,30.0000,0.0440,0.1550,0.1613
1.0000,30.0000,0.0460,0.1550,0.1531
1.0000,30.0000,0.0480,0.1550,0.1450
1.0000,30.0000,0.0500,0.1550,0.1369
1.0000,30.0000,0.0520,0.1550,0.1288
1.0000,30.0000,0.0540,0.1550,0.1206
1.0000,30.0000,0.0560,0.1550,0.1125
1.0000,30.0000,0.0580,0.1550,0.1044
1.0000,30.0000,0.0600,0.1550,0.0963
1.0000,30.0000,0.0620,0.1550,0.0882
1.0000,30.0000,0.0640,0.1550,0.0811
1.0000,30.0000,0.0660,0.1550,0.0739
1.0000,30.0000,0.0680,0.1550,0.0668
1.0000,30.0000,0.0700,0.1550,0.0596
1.0000,30.0000,0.0720,0.1550,0.0525
1.0000,30.0000,0.0740,0.1550,0.0453
1.0000,30.0000,0.0760,0.1550,0.0382
1.0000,30.0000,0.0780,0.1550,0.0311
1.0000,30.0000,0.0800,0.1550,0.0239
1.0000,30.0000,0.0000,0.1600,0.3911
1.0000,30.0000,0.0020,0.1600,0.3738
1.0000,30.0000,0.0040,0.1600,0.3603
1.0000,30.0000,0.0060,0.1600,0.3468
1.0000,30.0000,0.0080,0.1600,0.3333
1.0000,30.0000,0.0100,0.1600,0.3225
1.0000,30.0000,0.0120,0.1600,0.3128
1.0000,30.0000,0.0140,0.1600,0.3031
1.0000,30.0000,0.0160,0.1600,0.2935
1.0000,30.0000,0.0180,0.1600,0.2844
1.0000,30.0000,0.0200,0.1600,0.2755
1.0000,30.0000,0.0220,0.1600,0.2666
1.0000,30.0000,0.0240,0.1600,0.2578
1.0000,30.0000,0.0260,0.1600,0.2489
1.0000,30.0000,0.0280,0.1600,0.2400
1.0000,30.0000,0.0300,0.1600,0.2319
1.0000,30.0000,0.0320,0.1600,0.2238
1.0000,30.0000,0.0340,0.1600,0.2156
1.0000,30.0000,0.0360,0.1600,0.2075
1.0000,30.0000,0.0380,0.1600,0.1994
1.0000,30.0000,0.0400,0.1600,0.1913
1.0000,30.0000,0.0420,0.1600,0.1831
1.0000,30.0000,0.0440,0.1600,0.1750
1.0000,30.0000,0.0460,0.1600,0.1669
1.0000,30.0000,0.0480,0.1600,0.1588
1.0000,30.0000,0.0500,0.1600,0.1507
1.0000,30.0000,0.0520,0.1600,0.1425
1.0000,30.0000,0.0540,0.1600,0.1344
1.0000,30.0000,0.0560,0.1600,0.1263
1.0000,30.0000,0.0580,0.1600,0.1182
1.0000,30.0000,0.0600,0.1600,0.1100
1.0000,30.0000,0.0620,0.1600,0.1021
1.0000,30.0000,0.0640,0.1600,0.0949
1.0000,30.0000,0.0660,0.1600,0.0878
1.0000,30.0000,0.0680,0.1600,0.0807
1.0000,30.0000,0.0700,0.1600,0.0735
1.0000,30.0000,0.0720,0.1600,0.0664
1.0000,30.0000,0.0740,0.1600,0.0592
1.0000,30.0000,0.0760,0.1600,0.0521
1.0000,30.0000,0.0780,0.1600,0.0450
1.0000,30.0000,0.0800,0.1600,0.0378
1.0000,30.0000,0.0000,0.1650,0.4040
1.0000,30.0000,0.0020,0.1650,0.3865
1.0000,30.0000,0.0040,0.1650,0.3730
1.0000,30.0000,0.0060,0.1650,0.3595
1.0000,30.0000,0.0080,0.1650,0.3461
1.0000,30.0000,0.0100,0.1650,0.3365
1.0000,30.0000,0.0120,0.1650,0.3268
1.0000,30.0000,0.0140,0.1650,0.3171
1.0000,30.0000,0.0160,0.1650,0.3077
1.0000,30.0000,0.0180,0.1650,0.2988
1.0000,30.0000,0.0200,0.1650,0.2899
1.0000,30.0000,0.0220,0.1650,0.2810
1.0000,30.0000,0.0240,0.1650,0.2721
1.0000,30.0000,0.0260,0.1650,0.2632
1.0000,30.0000,0.0280,0.1650,0.2543
1.0000,30.0000,0.0300,0.1650,0.2456
1.0000,30.0000,0.0320,0.1650,0.2375
1.0000,30.0000,0.0340,0.1650,0.2294
1.0000,30.0000,0.0360,0.1650,0.2213
1.0000,30.0000,0.0380,0.1650,0.2132
1.0000,30.0000,0.0400,0.1650,0.2050
1.0000,30.0000,0.0420,0.1650,0.1969
1.0000,30.0000,0.0440,0.1650,0.1888
1.0000,30.0000,0.0460,0.1650,0.1807
1.0000,30.0000,0.0480,0.1650,0.1725
1.0000,30.0000,0.0500,0.1650,0.1644
1.0000,30.0000,0.0520,0.1650,0.1563
1.0000,30.0000,0.0540,0.1650,0.1482
1.0000,30.0000,0.0560,0.1650,0.1401
1.0000,30.0000,0.0580,0.1650,0.1319
1.0000,30.0000,0.0600,0.1650,0.1238
1.0000,30.0000,0.0620,0.1650,0.1160
1.0000,30.0000,0.0640,0.1650,0.1088
1.0000,30.0000,0.0660,0.1650,0.1017
1.0000,30.0000,0.0680,0.1650,0.0946
1.0000,30.0000,0.0700,0.1650,0.0874
1.0000,30.0000,0.0720,0.1650,0.0803
1.0000,30.0000,0.0740,0.1650,0.0731
1.0000,30.0000,0.0760,0.1650,0.0660
1.0000,30.0000,0.0780,0.1650,0.0589
1.0000,30.0000,0.0800,0.1650,0.0517
1.0000,30.0000,0.0000,0.1700,0.4169
1.0000,30.0000,0.0020,0.1700,0.3992
1.0000,30.0000,0.0040,0.1700,0.3857
1.0000,30.0000,0.0060,0.1700,0.3722
1.0000,30.0000,0.0080,0.1700,0.3601
1.0000,30.0000,0.0100,0.1700,0.3505
1.0000,30.0000,0.0120,0.1700,0.3408
1.0000,30.0000,0.0140,0.1700,0.3311
1.0000,30.0000,0.0160,0.1700,0.3220
1.0000,30.0000,0.0180,0.1700,0.3131
1.0000,30.0000,0.0200,0.1700,0.3042
1.0000,30.0000,0.0220,0.1700,0.2953
1.0000,30.0000,0.0240,0.1700,0.2865
1.0000,30.0000,0.0260,0.1700,0.2776
1.0000,30.0000,0.0280,0.1700,0.2687
1.0000,30.0000,0.0300,0.1700,0.2598
1.0000,30.0000,0.0320,0.1700,0.2513
1.0000,30.0000,0.0340,0.1700,0.2432
1.0000,30.0000,0.0360,0.1700,0.2351
1.0000,30.0000,0.0380,0.1700,0.2269
1.0000,30.0000,0.0400,0.1700,0.2188
1.0000,30.0000,0.0420,0.1700,0.2107
1.0000,30.0000,0.0440,0.1700,0.2026
1.0000,30.0000,0.0460,0.1700,0.1944
1.0000,30.0000,0.0480,0.1700,0.1863
1.0000,30.0000,0.0500,0.1700,0.1782
1.0000,30.0000,0.0520,0.1700,0.1701
1.0000,30.0000,0.0540,0.1700,0.1620
1.0000,30.0000,0.0560,0.1700,0.1538
1.0000,30.0000,0.0580,0.1700,0.1457
1.0000,30.0000,0.0600,0.1700,0.1376
1.0000,30.0000,0.0620,0.1700,0.1299
1.0000,30.0000,0.0640,0.1700,0.1227
1.0000,30.0000,0.0660,0.1700,0.1156
1.0000,30.0000,0.0680,0.1700,0.1085
1.0000,30.0000,0.0700,0.1700,0.1013
1.0000,30.0000,0.0720,0.1700,0.0942
1.0000,30.0000,0.0740,0.1700,0.0870
1.0000,30.0000,0.0760,0.1700,0.0799
1.0000,30.0000,0.0780,0.1700,0.0728
1.0000,30.0000,0.0800,0.1700,0.0656
1.0000,30.0000,0.0000,0.1750,0.4298
1.0000,30.0000,0.0020,0.1750,0.4119
1.0000,30.0000,0.0040,0.1750,0.3984
1.0000,30.0000,0.0060,0.1750,0.3849
1.0000,30.0000,0.0080,0.1750,0.3742
1.0000,30.0000,0.0100,0.1750,0.3645
1.0000,30.0000,0.0120,0.1750,0.3548
1.0000,30.0000,0.0140,0.1750,0.3453
1.0000,30.0000,0.0160,0.1750,0.3364
1.0000,30.0000,0.0180,0.1750,0.3275
1.0000,30.0000,0.0200,0.1750,0.3186
1.0000,30.0000,0.0220,0.1750,0.3097
1.0000,30.0000,0.0240,0.1750,0.3008
1.0000,30.0000,0.0260,0.1750,0.2919
1.0000,30.0000,0.0280,0.1750,0.2830
1.0000,30.0000,0.0300,0.1750,0.2741
1.0000,30.0000,0.0320,0.1750,0.2652
1.0000,30.0000,0.0340,0.1750,0.2569
1.0000,30.0000,0.0360,0.1750,0.2488
1.0000,30.0000,0.0380,0.1750,0.2407
1.0000,30.0000,0.0400,0.1750,0.2326
1.0000,30.0000,0.0420,0.1750,0.2245
1.0000,30.0000,0.0440,0.1750,0.2163
1.0000,30.0000,0.0460,0.1750,0.2082
1.0000,30.0000,0.0480,0.1750,0.2001
1.0000,30.0000,0.0500,0.1750,0.1920
1.0000,30.0000,0.0520,0.1750,0.1838
1.0000,30.0000,0.0540,0.1750,0.1757
1.0000,30.0000,0.0560,0.1750,0.1676
1.0000,30.0000,0.0580,0.1750,0.1595
1.0000,30.0000,0.0600,0.1750,0.1514
1.0000,30.0000,0.0620,0.1750,0.1438
1.0000,30.0000,0.0640,0.1750,0.1366
1.0000,30.0000,0.0660,0.1750,0.1295
1.0000,30.0000,0.0680,0.1750,0.1224
1.0000,30.0000,0.0700,0.1750,0.1152
1.0000,30.0000,0.0720,0.1750,0.1081
1.0000,30.0000,0.0740,0.1750,0.1009
1.0000,30.0000,0.0760,0.1750,0.0938
1.0000,30.0000,0.0780,0.1750,0.0867
1.0000,30.0000,0.0800,0.1750,0.0795
1.0000,30.0000,0.0000,0.1800,0.4427
1.0000,30.0000,0.0020,0.1800,0.4250
1.0000,30.0000,0.0040,0.1800,0.4111
1.0000,30.0000,0.0060,0.1800,0.3978
1.0000,30.0000,0.0080,0.1800,0.3882
1.0000,30.0000,0.0100,0.1800,0.3785
1.0000,30.0000,0.0120,0.1800,0.3688
1.0000,30.0000,0.0140,0.1800,0.3596
1.0000,30.0000,0.0160,0.1800,0.3507
1.0000,30.0000,0.0180,0.1800,0.3418
1.0000,30.0000,0.0200,0.1800,0.3329
1.0000,30.0000,0.0220,0.1800,0.3240
1.0000,30.0000,0.0240,0.1800,0.3152
1.0000,30.0000,0.0260,0.1800,0.3063
1.0000,30.0000,0.0280,0.1800,0.2974
1.0000,30.0000,0.0300,0.1800,0.2885
1.0000,30.0000,0.0320,0.1800,0.2796
1.0000,30.0000,0.0340,0.1800,0.2707
1.0000,30.0000,0.0360,0.1800,0.2626
1.0000,30.0000,0.0380,0.1800,0.2545
1.0000,30.0000,0.0400,0.1800,0.2463
1.0000,30.0000,0.0420,0.1800,0.2382
1.0000,30.0000,0.0440,0.1800,0.2301
1.0000,30.0000,0.0460,0.1800,0.2220
1.0000,30.0000,0.0480,0.1800,0.2139
1.0000,30.0000,0.0500,0.1800,0.2057
1.0000,30.0000,0.0520,0.1800,0.1976
1.0000,30.0000,0.0540,0.1800,0.1895
1.0000,30.0000,0.0560,0.1800,0.1814
1.0000,30.0000,0.0580,0.1800,0.1732
1.0000,30.0000,0.0600,0.1800,0.1651
1.0000,30.0000,0.0620,0.1800,0.1577
1.0000,30.0000,0.0640,0.1800,0.1505
1.0000,30.0000,0.0660,0.1800,0.1434
1.0000,30.0000,0.0680,0.1800,0.1363
1.0000,30.0000,0.0700,0.1800,0.1291
1.0000,30.0000,0.0720,0.1800,0.1220
1.0000,30.0000,0.0740,0.1800,0.1148
1.0000,30.0000,0.0760,0.1800,0.1077
1.0000,30.0000,0.0780,0.1800,0.1006
1.0000,30.0000,0.0800,0.1800,0.0934
1.0000,30.0000,0.0000,0.1850,0.4557
1.0000,30.0000,0.0020,0.1850,0.4385
1.0000,30.0000,0.0040,0.1850,0.4239
1.0000,30.0000,0.0060,0.1850,0.4118
1.0000,30.0000,0.0080,0.1850,0.4022
1.0000,30.0000,0.0100,0.1850,0.3925
1.0000,30.0000,0.0120,0.1850,0.3828
1.0000,30.0000,0.0140,0.1850,0.3739
1.0000,30.0000,0.0160,0.1850,0.3651
1.0000,30.0000,0.0180,0.1850,0.3562
1.0000,30.0000,0.0200,0.1850,0.3473
1.0000,30.0000,0.0220,0.1850,0.3384
1.0000,30.0000,0.0240,0.1850,0.3295
1.0000,30.0000,0.0260,0.1850,0.3206
1.0000,30.0000,0.0280,0.1850,0.3117
1.0000,30.0000,0.0300,0.1850,0.3028
1.0000,30.0000,0.0320,0.1850,0.2939
1.0000,30.0000,0.0340,0.1850,0.2851
1.0000,30.0000,0.0360,0.1850,0.2764
1.0000,30.0000,0.0380,0.1850,0.2682
1.0000,30.0000,0.0400,0.1850,0.2601
1.0000,30.0000,0.0420,0.1850,0.2520
1.0000,30.0000,0.0440,0.1850,0.2439
1.0000,30.0000,0.0460,0.1850,0.2357
1.0000,30.0000,0.0480,0.1850,0.2276
1.0000,30.0000,0.0500,0.1850,0.2195
1.0000,30.0000,0.0520,0.1850,0.2114
1.0000,30.0000,0.0540,0.1850,0.2033
1.0000,30.0000,0.0560,0.1850,0.1951
1.0000,30.0000,0.0580,0.1850,0.1870
1.0000,30.0000,0.0600,0.1850,0.1789
1.0000,30.0000,0.0620,0.1850,0.1716
1.0000,30.0000,0.0640,0.1850,0.1644
1.0000,30.0000,0.0660,0.1850,0.1573
1.0000,30.0000,0.0680,0.1850,0.1502
1.0000,30.0000,0.0700,0.1850,0.1430
1.0000,30.0000,0.0720,0.1850,0.1359
1.0000,30.0000,0.0740,0.1850,0.1287
1.0000,30.0000,0.0760,0.1850,0.1216
1.0000,30.0000,0.0780,0.1850,0.1145
1.0000,30.0000,0.0800,0.1850,0.1073
1.0000,30.0000,0.0000,0.1900,0.4686
1.0000,30.0000,0.0020,0.1900,0.4520
1.0000,30.0000,0.0040,0.1900,0.4374
1.0000,30.0000,0.0060,0.1900,0.4258
1.0000,30.0000,0.0080,0.1900,0.4162
1.0000,30.0000,0.0100,0.1900,0.4065
1.0000,30.0000,0.0120,0.1900,0.3972
1.0000,30.0000,0.0140,0.1900,0.3883
1.0000,30.0000,0.0160,0.1900,0.3794
1.0000,30.0000,0.0180,0.1900,0.3705
1.0000,30.0000,0.0200,0.1900,0.3616
1.0000,30.0000,0.0220,0.1900,0.3527
1.0000,30.0000,0.0240,0.1900,0.3438
1.0000,30.0000,0.0260,0.1900,0.3350
1.0000,30.0000,0.0280,0.1900,0.3261
1.0000,30.0000,0.0300,0.1900,0.3172
1.0000,30.0000,0.0320,0.1900,0.3083
1.0000,30.0000,0.0340,0.1900,0.2994
1.0000,30.0000,0.0360,0.1900,0.2905
1.0000,30.0000,0.0380,0.1900,0.2820
1.0000,30.0000,0.0400,0.1900,0.2739
1.0000,30.0000,0.0420,0.1900,0.2658
1.0000,30.0000,0.0440,0.1900,0.2576
1.0000,30.0000,0.0460,0.1900,0.2495
1.0000,30.0000,0.0480,0.1900,0.2414
1.0000,30.0000,0.0500,0.1900,0.2333
1.0000,30.0000,0.0520,0.1900,0.2252
1.0000,30.0000,0.0540,0.1900,0.2170
1.0000,30.0000,0.0560,0.1900,0.2089
1.0000,30.0000,0.0580,0.1900,0.2008
1.0000,30.0000,0.0600,0.1900,0.1927
1.0000,30.0000,0.0620,0.1900,0.1855
1.0000,30.0000,0.0640,0.1900,0.1783
1.0000,30.0000,0.0660,0.1900,0.1712
1.0000,30.0000,0.0680,0.1900,0.1641
1.0000,30.0000,0.0700,0.1900,0.1569
1.0000,30.0000,0.0720,0.1900,0.1498
1.0000,30.0000,0.0740,0.1900,0.1426
1.0000,30.0000,0.0760,0.1900,0.1355
1.0000,30.0000,0.0780,0.1900,0.1283
1.0000,30.0000,0.0800,0.1900,0.1212
1.0000,30.0000,0.0000,0.1950,0.4815
1.0000,30.0000,0.0020,0.1950,0.4654
1.0000,30.0000,0.0040,0.1950,0.4511
1.0000,30.0000,0.0060,0.1950,0.4404
1.0000,30.0000,0.0080,0.1950,0.4302
1.0000,30.0000,0.0100,0.1950,0.4205
1.0000,30.0000,0.0120,0.1950,0.4115
1.0000,30.0000,0.0140,0.1950,0.4026
1.0000,30.0000,0.0160,0.1950,0.3938
1.0000,30.0000,0.0180,0.1950,0.3849
1.0000,30.0000,0.0200,0.1950,0.3760
1.0000,30.0000,0.0220,0.1950,0.3671
1.0000,30.0000,0.0240,0.1950,0.3582
1.0000,30.0000,0.0260,0.1950,0.3493
1.0000,30.0000,0.0280,0.1950,0.3404
1.0000,30.0000,0.0300,0.1950,0.3315
1.0000,30.0000,0.0320,0.1950,0.3226
1.0000,30.0000,0.0340,0.1950,0.3137
1.0000,30.0000,0.0360,0.1950,0.3049
1.0000,30.0000,0.0380,0.1950,0.2960
1.0000,30.0000,0.0400,0.1950,0.2877
1.0000,30.0000,0.0420,0.1950,0.2795
1.0000,30.0000,0.0440,0.1950,0.2714
1.0000,30.0000,0.0460,0.1950,0.2633
1.0000,30.0000,0.0480,0.1950,0.2552
1.0000,30.0000,0.0500,0.1950,0.2470
1.0000,30.0000,0.0520,0.1950,0.2389
1.0000,30.0000,0.0540,0.1950,0.2308
1.0000,30.0000,0.0560,0.1950,0.2227
1.0000,30.0000,0.0580,0.1950,0.2146
1.0000,30.0000,0.0600,0.1950,0.2065
1.0000,30.0000,0.0620,0.1950,0.1994
1.0000,30.0000,0.0640,0.1950,0.1922
1.0000,30.0000,0.0660,0.1950,0.1851
1.0000,30.0000,0.0680,0.1950,0.1780
1.0000,30.0000,0.0700,0.1950,0.1708
1.0000,30.0000,0.0720,0.1950,0.1637
1.0000,30.0000,0.0740,0.1950,0.1565
1.0000,30.0000,0.0760,0.1950,0.1494
1.0000,30.0000,0.0780,0.1950,0.1422
1.0000,30.0000,0.0800,0.1950,0.1351
1.0000,30.0000,0.0000,0.2000,0.4944
1.0000,30.0000,0.0020,0.2000,0.4789
1.0000,30.0000,0.0040,0.2000,0.4659
1.0000,30.0000,0.0060,0.2000,0.4552
1.0000,30.0000,0.0080,0.2000,0.4444
1.0000,30.0000,0.0100,0.2000,0.4348
1.0000,30.0000,0.0120,0.2000,0.4259
1.0000,30.0000,0.0140,0.2000,0.4170
1.0000,30.0000,0.0160,0.2000,0.4081
1.0000,30.0000,0.0180,0.2000,0.3992
1.0000,30.0000,0.0200,0.2000,0.3903
1.0000,30.0000,0.0220,0.2000,0.3814
1.0000,30.0000,0.0240,0.2000,0.3725
1.0000,30.0000,0.0260,0.2000,0.3637
1.0000,30.0000,0.0280,0.2000,0.3548
1.0000,30.0000,0.0300,0.2000,0.3459
1.0000,30.0000,0.0320,0.2000,0.3370
1.0000,30.0000,0.0340,0.2000,0.3281
1.0000,30.0000,0.0360,0.2000,0.3192
1.0000,30.0000,0.0380,0.2000,0.3103
1.0000,30.0000,0.0400,0.2000,0.3014
1.0000,30.0000,0.0420,0.2000,0.2933
1.0000,30.0000,0.0440,0.2000,0.2852
1.0000,30.0000,0.0460,0.2000,0.2771
1.0000,30.0000,0.0480,0.2000,0.2689
1.0000,30.0000,0.0500,0.2000,0.2608
1.0000,30.0000,0.0520,0.2000,0.2527
1.0000,30.0000,0.0540,0.2000,0.2446
1.0000,30.0000,0.0560,0.2000,0.2364
1.0000,30.0000,0.0580,0.2000,0.2283
1.0000,30.0000,0.0600,0.2000,0.2204
1.0000,30.0000,0.0620,0.2000,0.2133
1.0000,30.0000,0.0640,0.2000,0.2061
1.0000,30.0000,0.0660,0.2000,0.1990
1.0000,30.0000,0.0680,0.2000,0.1919
1.0000,30.0000,0.0700,0.2000,0.1847
1.0000,30.0000,0.0720,0.2000,0.1776
1.0000,30.0000,0.0740,0.2000,0.1704
1.0000,30.0000,0.0760,0.2000,0.1633
1.0000,30.0000,0.0780,0.2000,0.1561
1.0000,30.0000,0.0800,0.2000,0.1490
