P_elec_$/kWh,CI_elec_kgCO2/kWh,feed,optimal_idx,optimal_tech,optimal_p1,optimal_p2,optimal_UP,optimal_CR,qualified_CR>0
0.04,0.03,PET,82,HT,#8,#6,-0.2146,2.7189,True
0.04,0.03,PP,322,LT,#1,#6,-0.1775,2.79,True
0.04,0.03,PVC,562,LT,#1,#6,-0.4376,1.2231,True
0.04,0.03,PS,707,LT,#1,-,-0.2268,3.0706,True
0.04,0.03,PE,741,HT,#1,#6,-0.2422,3.0185,True
0.045,0.03,PET,82,HT,#8,#6,-0.2209,2.7189,True
0.045,0.03,PP,322,LT,#1,#6,-0.2054,2.79,True
0.045,0.03,PVC,562,LT,#1,#6,-0.4531,1.2231,True
0.045,0.03,PS,714,LT,#8,-,-0.2631,3.8499,True
0.045,0.03,PE,741,HT,#1,#6,-0.2636,3.0185,True
0.05,0.03,PET,82,HT,#8,#6,-0.2272,2.7189,True
0.05,0.03,PP,322,LT,#1,#6,-0.2333,2.79,True
0.05,0.03,PVC,562,LT,#1,#6,-0.4686,1.2231,True
0.05,0.03,PS,714,LT,#8,-,-0.2797,3.8499,True
0.05,0.03,PE,741,HT,#1,#6,-0.285,3.0185,True
0.055,0.03,PET,82,HT,#8,#6,-0.2335,2.7189,True
0.055,0.03,PP,322,LT,#1,#6,-0.2613,2.79,True
0.055,0.03,PVC,562,LT,#1,#6,-0.4841,1.2231,True
0.055,0.03,PS,714,LT,#8,-,-0.2962,3.8499,True
0.055,0.03,PE,741,HT,#1,#6,-0.3064,3.0185,True
0.06,0.03,PET,82,HT,#8,#6,-0.2398,2.7189,True
0.06,0.03,PP,322,LT,#1,#6,-0.2892,2.79,True
0.06,0.03,PVC,562,LT,#1,#6,-0.4996,1.2231,True
0.06,0.03,PS,714,LT,#8,-,-0.3128,3.8499,True
0.06,0.03,PE,741,HT,#1,#6,-0.3278,3.0185,True
0.065,0.03,PET,82,HT,#8,#6,-0.2461,2.7189,True
0.065,0.03,PP,322,LT,#1,#6,-0.3171,2.79,True
0.065,0.03,PVC,562,LT,#1,#6,-0.5151,1.2231,True
0.065,0.03,PS,714,LT,#8,-,-0.3294,3.8499,True
0.065,0.03,PE,741,HT,#1,#6,-0.3492,3.0185,True
0.07,0.03,PET,82,HT,#8,#6,-0.2524,2.7189,True
0.07,0.03,PP,322,LT,#1,#6,-0.345,2.79,True
0.07,0.03,PVC,562,LT,#1,#6,-0.5307,1.2231,True
0.07,0.03,PS,714,LT,#8,-,-0.346,3.8499,True
0.07,0.03,PE,741,HT,#1,#6,-0.3706,3.0185,True
0.075,0.03,PET,82,HT,#8,#6,-0.2587,2.7189,True
0.075,0.03,PP,223,HT,#1,#6,-0.3637,2.8875,True
0.075,0.03,PVC,562,LT,#1,#6,-0.5462,1.2231,True
0.075,0.03,PS,714,LT,#8,-,-0.3625,3.8499,True
0.075,0.03,PE,741,HT,#1,#6,-0.392,3.0185,True
0.08,0.03,PET,82,HT,#8,#6,-0.265,2.7189,True
0.08,0.03,PP,223,HT,#1,#6,-0.3823,2.8875,True
0.08,0.03,PVC,562,LT,#1,#6,-0.5617,1.2231,True
0.08,0.03,PS,714,LT,#8,-,-0.3791,3.8499,True
0.08,0.03,PE,741,HT,#1,#6,-0.4134,3.0185,True
0.085,0.03,PET,82,HT,#8,#6,-0.2713,2.7189,True
0.085,0.03,PP,223,HT,#1,#6,-0.401,2.8875,True
0.085,0.03,PVC,562,LT,#1,#6,-0.5772,1.2231,True
0.085,0.03,PS,714,LT,#8,-,-0.3957,3.8499,True
0.085,0.03,PE,741,HT,#1,#6,-0.4348,3.0185,True
0.09,0.03,PET,82,HT,#8,#6,-0.2776,2.7189,True
0.09,0.03,PP,223,HT,#1,#6,-0.4196,2.8875,True
0.09,0.03,PVC,562,LT,#1,#6,-0.5927,1.2231,True
0.09,0.03,PS,714,LT,#8,-,-0.4122,3.8499,True
0.09,0.03,PE,741,HT,#1,#6,-0.4563,3.0185,True
0.095,0.03,PET,82,HT,#8,#6,-0.2838,2.7189,True
0.095,0.03,PP,223,HT,#1,#6,-0.4382,2.8875,True
0.095,0.03,PVC,562,LT,#1,#6,-0.6083,1.2231,True
0.095,0.03,PS,714,LT,#8,-,-0.4288,3.8499,True
0.095,0.03,PE,741,HT,#1,#6,-0.4777,3.0185,True
0.1,0.03,PET,82,HT,#8,#6,-0.2901,2.7189,True
0.1,0.03,PP,223,HT,#1,#6,-0.4568,2.8875,True
0.1,0.03,PVC,562,LT,#1,#6,-0.6238,1.2231,True
0.1,0.03,PS,714,LT,#8,-,-0.4454,3.8499,True
0.1,0.03,PE,741,HT,#1,#6,-0.4991,3.0185,True
0.105,0.03,PET,82,HT,#8,#6,-0.2964,2.7189,True
0.105,0.03,PP,223,HT,#1,#6,-0.4755,2.8875,True
0.105,0.03,PVC,562,LT,#1,#6,-0.6393,1.2231,True
0.105,0.03,PS,714,LT,#8,-,-0.462,3.8499,True
0.105,0.03,PE,741,HT,#1,#6,-0.5205,3.0185,True
0.11,0.03,PET,82,HT,#8,#6,-0.3027,2.7189,True
0.11,0.03,PP,223,HT,#1,#6,-0.4941,2.8875,True
0.11,0.03,PVC,562,LT,#1,#6,-0.6548,1.2231,True
0.11,0.03,PS,714,LT,#8,-,-0.4785,3.8499,True
0.11,0.03,PE,741,HT,#1,#6,-0.5419,3.0185,True
0.115,0.03,PET,82,HT,#8,#6,-0.309,2.7189,True
0.115,0.03,PP,223,HT,#1,#6,-0.5127,2.8875,True
0.115,0.03,PVC,693,OG,#6,-,-0.6682,0.5908,True
0.115,0.03,PS,714,LT,#8,-,-0.4951,3.8499,True
0.115,0.03,PE,741,HT,#1,#6,-0.5633,3.0185,True
0.12,0.03,PET,82,HT,#8,#6,-0.3153,2.7189,True
0.12,0.03,PP,223,HT,#1,#6,-0.5313,2.8875,True
0.12,0.03,PVC,693,OG,#6,-,-0.6754,0.5908,True
0.12,0.03,PS,714,LT,#8,-,-0.5117,3.8499,True
0.12,0.03,PE,741,HT,#1,#6,-0.5847,3.0185,True
0.125,0.03,PET,82,HT,#8,#6,-0.3216,2.7189,True
0.125,0.03,PP,223,HT,#1,#6,-0.55,2.8875,True
0.125,0.03,PVC,693,OG,#6,-,-0.6826,0.5908,True
0.125,0.03,PS,714,LT,#8,-,-0.5282,3.8499,True
0.125,0.03,PE,741,HT,#1,#6,-0.6061,3.0185,True
0.13,0.03,PET,82,HT,#8,#6,-0.3279,2.7189,True
0.13,0.03,PP,223,HT,#1,#6,-0.5686,2.8875,True
0.13,0.03,PVC,693,OG,#6,-,-0.6898,0.5908,True
0.13,0.03,PS,714,LT,#8,-,-0.5448,3.8499,True
0.13,0.03,PE,741,HT,#1,#6,-0.6275,3.0185,True
0.135,0.03,PET,82,HT,#8,#6,-0.3342,2.7189,True
0.135,0.03,PP,223,HT,#1,#6,-0.5872,2.8875,True
0.135,0.03,PVC,693,OG,#6,-,-0.697,0.5908,True
0.135,0.03,PS,714,LT,#8,-,-0.5614,3.8499,True
0.135,0.03,PE,741,HT,#1,#6,-0.6489,3.0185,True
0.14,0.03,PET,82,HT,#8,#6,-0.3405,2.7189,True
0.14,0.03,PP,223,HT,#1,#6,-0.6058,2.8875,True
0.14,0.03,PVC,693,OG,#6,-,-0.7043,0.5908,True
0.14,0.03,PS,714,LT,#8,-,-0.578,3.8499,True
0.14,0.03,PE,741,HT,#1,#6,-0.6704,3.0185,True
0.145,0.03,PET,82,HT,#8,#6,-0.3468,2.7189,True
0.145,0.03,PP,223,HT,#1,#6,-0.6244,2.8875,True
0.145,0.03,PVC,693,OG,#6,-,-0.7115,0.5908,True
0.145,0.03,PS,714,LT,#8,-,-0.5945,3.8499,True
0.145,0.03,PE,741,HT,#1,#6,-0.6918,3.0185,True
0.15,0.03,PET,82,HT,#8,#6,-0.3531,2.7189,True
0.15,0.03,PP,223,HT,#1,#6,-0.6431,2.8875,True
0.15,0.03,PVC,693,OG,#6,-,-0.7187,0.5908,True
0.15,0.03,PS,714,LT,#8,-,-0.6111,3.8499,True
0.15,0.03,PE,741,HT,#1,#6,-0.7132,3.0185,True
0.155,0.03,PET,82,HT,#8,#6,-0.3594,2.7189,True
0.155,0.03,PP,223,HT,#1,#6,-0.6617,2.8875,True
0.155,0.03,PVC,693,OG,#6,-,-0.7259,0.5908,True
0.155,0.03,PS,714,LT,#8,-,-0.6277,3.8499,True
0.155,0.03,PE,741,HT,#1,#6,-0.7346,3.0185,True
0.16,0.03,PET,82,HT,#8,#6,-0.3657,2.7189,True
0.16,0.03,PP,223,HT,#1,#6,-0.6803,2.8875,True
0.16,0.03,PVC,693,OG,#6,-,-0.7331,0.5908,True
0.16,0.03,PS,714,LT,#8,-,-0.6442,3.8499,True
0.16,0.03,PE,741,HT,#1,#6,-0.756,3.0185,True
0.165,0.03,PET,82,HT,#8,#6,-0.372,2.7189,True
0.165,0.03,PP,223,HT,#1,#6,-0.6989,2.8875,True
0.165,0.03,PVC,693,OG,#6,-,-0.7403,0.5908,True
0.165,0.03,PS,714,LT,#8,-,-0.6608,3.8499,True
0.165,0.03,PE,944,OG,#1,-,-0.7697,0.5167,True
0.17,0.03,PET,82,HT,#8,#6,-0.3782,2.7189,True
0.17,0.03,PP,223,HT,#1,#6,-0.7176,2.8875,True
0.17,0.03,PVC,693,OG,#6,-,-0.7475,0.5908,True
0.17,0.03,PS,714,LT,#8,-,-0.6774,3.8499,True
0.17,0.03,PE,944,OG,#1,-,-0.7809,0.5167,True
0.175,0.03,PET,82,HT,#8,#6,-0.3845,2.7189,True
0.175,0.03,PP,223,HT,#1,#6,-0.7362,2.8875,True
0.175,0.03,PVC,693,OG,#6,-,-0.7547,0.5908,True
0.175,0.03,PS,714,LT,#8,-,-0.694,3.8499,True
0.175,0.03,PE,944,OG,#1,-,-0.792,0.5167,True
0.18,0.03,PET,82,HT,#8,#6,-0.3908,2.7189,True
0.18,0.03,PP,223,HT,#1,#6,-0.7548,2.8875,True
0.18,0.03,PVC,693,OG,#6,-,-0.7619,0.5908,True
0.18,0.03,PS,714,LT,#8,-,-0.7105,3.8499,True
0.18,0.03,PE,944,OG,#1,-,-0.8032,0.5167,True
0.185,0.03,PET,82,HT,#8,#6,-0.3971,2.7189,True
0.185,0.03,PP,223,HT,#1,#6,-0.7734,2.8875,True
0.185,0.03,PVC,693,OG,#6,-,-0.7691,0.5908,True
0.185,0.03,PS,714,LT,#8,-,-0.7271,3.8499,True
0.185,0.03,PE,944,OG,#1,-,-0.8144,0.5167,True
0.19,0.03,PET,82,HT,#8,#6,-0.4034,2.7189,True
0.19,0.03,PP,223,HT,#1,#6,-0.792,2.8875,True
0.19,0.03,PVC,693,OG,#6,-,-0.7763,0.5908,True
0.19,0.03,PS,714,LT,#8,-,-0.7437,3.8499,True
0.19,0.03,PE,944,OG,#1,-,-0.8256,0.5167,True
0.195,0.03,PET,82,HT,#8,#6,-0.4097,2.7189,True
0.195,0.03,PP,223,HT,#1,#6,-0.8107,2.8875,True
0.195,0.03,PVC,693,OG,#6,-,-0.7835,0.5908,True
0.195,0.03,PS,714,LT,#8,-,-0.7602,3.8499,True
0.195,0.03,PE,944,OG,#1,-,-0.8367,0.5167,True
0.2,0.03,PET,82,HT,#8,#6,-0.416,2.7189,True
0.2,0.03,PP,223,HT,#1,#6,-0.8293,2.8875,True
0.2,0.03,PVC,693,OG,#6,-,-0.7907,0.5908,True
0.2,0.03,PS,714,LT,#8,-,-0.7768,3.8499,True
0.2,0.03,PE,944,OG,#1,-,-0.8479,0.5167,True
0.04,0.0541,PET,82,HT,#8,#6,-0.2146,2.6763,True
0.04,0.0541,PP,322,LT,#1,#6,-0.1775,2.6756,True
0.04,0.0541,PVC,562,LT,#1,#6,-0.4376,1.1588,True
0.04,0.0541,PS,707,LT,#1,-,-0.2268,2.9378,True
0.04,0.0541,PE,741,HT,#1,#6,-0.2422,2.9179,True
0.045,0.0541,PET,82,HT,#8,#6,-0.2209,2.6763,True
0.045,0.0541,PP,322,LT,#1,#6,-0.2054,2.6756,True
0.045,0.0541,PVC,562,LT,#1,#6,-0.4531,1.1588,True
0.045,0.0541,PS,714,LT,#8,-,-0.2631,3.7616,True
0.045,0.0541,PE,741,HT,#1,#6,-0.2636,2.9179,True
0.05,0.0541,PET,82,HT,#8,#6,-0.2272,2.6763,True
0.05,0.0541,PP,322,LT,#1,#6,-0.2333,2.6756,True
0.05,0.0541,PVC,562,LT,#1,#6,-0.4686,1.1588,True
0.05,0.0541,PS,714,LT,#8,-,-0.2797,3.7616,True
0.05,0.0541,PE,741,HT,#1,#6,-0.285,2.9179,True
0.055,0.0541,PET,82,HT,#8,#6,-0.2335,2.6763,True
0.055,0.0541,PP,322,LT,#1,#6,-0.2613,2.6756,True
0.055,0.0541,PVC,562,LT,#1,#6,-0.4841,1.1588,True
0.055,0.0541,PS,714,LT,#8,-,-0.2962,3.7616,True
0.055,0.0541,PE,741,HT,#1,#6,-0.3064,2.9179,True
0.06,0.0541,PET,82,HT,#8,#6,-0.2398,2.6763,True
0.06,0.0541,PP,322,LT,#1,#6,-0.2892,2.6756,True
0.06,0.0541,PVC,562,LT,#1,#6,-0.4996,1.1588,True
0.06,0.0541,PS,714,LT,#8,-,-0.3128,3.7616,True
0.06,0.0541,PE,741,HT,#1,#6,-0.3278,2.9179,True
0.065,0.0541,PET,82,HT,#8,#6,-0.2461,2.6763,True
0.065,0.0541,PP,322,LT,#1,#6,-0.3171,2.6756,True
0.065,0.0541,PVC,562,LT,#1,#6,-0.5151,1.1588,True
0.065,0.0541,PS,714,LT,#8,-,-0.3294,3.7616,True
0.065,0.0541,PE,741,HT,#1,#6,-0.3492,2.9179,True
0.07,0.0541,PET,82,HT,#8,#6,-0.2524,2.6763,True
0.07,0.0541,PP,322,LT,#1,#6,-0.345,2.6756,True
0.07,0.0541,PVC,562,LT,#1,#6,-0.5307,1.1588,True
0.07,0.0541,PS,714,LT,#8,-,-0.346,3.7616,True
0.07,0.0541,PE,741,HT,#1,#6,-0.3706,2.9179,True
0.075,0.0541,PET,82,HT,#8,#6,-0.2587,2.6763,True
0.075,0.0541,PP,223,HT,#1,#6,-0.3637,2.8017,True
0.075,0.0541,PVC,562,LT,#1,#6,-0.5462,1.1588,True
0.075,0.0541,PS,714,LT,#8,-,-0.3625,3.7616,True
0.075,0.0541,PE,741,HT,#1,#6,-0.392,2.9179,True
0.08,0.0541,PET,82,HT,#8,#6,-0.265,2.6763,True
0.08,0.0541,PP,223,HT,#1,#6,-0.3823,2.8017,True
0.08,0.0541,PVC,562,LT,#1,#6,-0.5617,1.1588,True
0.08,0.0541,PS,714,LT,#8,-,-0.3791,3.7616,True
0.08,0.0541,PE,741,HT,#1,#6,-0.4134,2.9179,True
0.085,0.0541,PET,82,HT,#8,#6,-0.2713,2.6763,True
0.085,0.0541,PP,223,HT,#1,#6,-0.401,2.8017,True
0.085,0.0541,PVC,562,LT,#1,#6,-0.5772,1.1588,True
0.085,0.0541,PS,714,LT,#8,-,-0.3957,3.7616,True
0.085,0.0541,PE,741,HT,#1,#6,-0.4348,2.9179,True
0.09,0.0541,PET,82,HT,#8,#6,-0.2776,2.6763,True
0.09,0.0541,PP,223,HT,#1,#6,-0.4196,2.8017,True
0.09,0.0541,PVC,562,LT,#1,#6,-0.5927,1.1588,True
0.09,0.0541,PS,714,LT,#8,-,-0.4122,3.7616,True
0.09,0.0541,PE,741,HT,#1,#6,-0.4563,2.9179,True
0.095,0.0541,PET,82,HT,#8,#6,-0.2838,2.6763,True
0.095,0.0541,PP,223,HT,#1,#6,-0.4382,2.8017,True
0.095,0.0541,PVC,562,LT,#1,#6,-0.6083,1.1588,True
0.095,0.0541,PS,714,LT,#8,-,-0.4288,3.7616,True
0.095,0.0541,PE,741,HT,#1,#6,-0.4777,2.9179,True
0.1,0.0541,PET,82,HT,#8,#6,-0.2901,2.6763,True
0.1,0.0541,PP,223,HT,#1,#6,-0.4568,2.8017,True
0.1,0.0541,PVC,562,LT,#1,#6,-0.6238,1.1588,True
0.1,0.0541,PS,714,LT,#8,-,-0.4454,3.7616,True
0.1,0.0541,PE,741,HT,#1,#6,-0.4991,2.9179,True
0.105,0.0541,PET,82,HT,#8,#6,-0.2964,2.6763,True
0.105,0.0541,PP,223,HT,#1,#6,-0.4755,2.8017,True
0.105,0.0541,PVC,562,LT,#1,#6,-0.6393,1.1588,True
0.105,0.0541,PS,714,LT,#8,-,-0.462,3.7616,True
0.105,0.0541,PE,741,HT,#1,#6,-0.5205,2.9179,True
0.11,0.0541,PET,82,HT,#8,#6,-0.3027,2.6763,True
0.11,0.0541,PP,223,HT,#1,#6,-0.4941,2.8017,True
0.11,0.0541,PVC,562,LT,#1,#6,-0.6548,1.1588,True
0.11,0.0541,PS,714,LT,#8,-,-0.4785,3.7616,True
0.11,0.0541,PE,741,HT,#1,#6,-0.5419,2.9179,True
0.115,0.0541,PET,82,HT,#8,#6,-0.309,2.6763,True
0.115,0.0541,PP,223,HT,#1,#6,-0.5127,2.8017,True
0.115,0.0541,PVC,693,OG,#6,-,-0.6682,0.5555,True
0.115,0.0541,PS,714,LT,#8,-,-0.4951,3.7616,True
0.115,0.0541,PE,741,HT,#1,#6,-0.5633,2.9179,True
0.12,0.0541,PET,82,HT,#8,#6,-0.3153,2.6763,True
0.12,0.0541,PP,223,HT,#1,#6,-0.5313,2.8017,True
0.12,0.0541,PVC,693,OG,#6,-,-0.6754,0.5555,True
0.12,0.0541,PS,714,LT,#8,-,-0.5117,3.7616,True
0.12,0.0541,PE,741,HT,#1,#6,-0.5847,2.9179,True
0.125,0.0541,PET,82,HT,#8,#6,-0.3216,2.6763,True
0.125,0.0541,PP,223,HT,#1,#6,-0.55,2.8017,True
0.125,0.0541,PVC,693,OG,#6,-,-0.6826,0.5555,True
0.125,0.0541,PS,714,LT,#8,-,-0.5282,3.7616,True
0.125,0.0541,PE,741,HT,#1,#6,-0.6061,2.9179,True
0.13,0.0541,PET,82,HT,#8,#6,-0.3279,2.6763,True
0.13,0.0541,PP,223,HT,#1,#6,-0.5686,2.8017,True
0.13,0.0541,PVC,693,OG,#6,-,-0.6898,0.5555,True
0.13,0.0541,PS,714,LT,#8,-,-0.5448,3.7616,True
0.13,0.0541,PE,741,HT,#1,#6,-0.6275,2.9179,True
0.135,0.0541,PET,82,HT,#8,#6,-0.3342,2.6763,True
0.135,0.0541,PP,223,HT,#1,#6,-0.5872,2.8017,True
0.135,0.0541,PVC,693,OG,#6,-,-0.697,0.5555,True
0.135,0.0541,PS,714,LT,#8,-,-0.5614,3.7616,True
0.135,0.0541,PE,741,HT,#1,#6,-0.6489,2.9179,True
0.14,0.0541,PET,82,HT,#8,#6,-0.3405,2.6763,True
0.14,0.0541,PP,223,HT,#1,#6,-0.6058,2.8017,True
0.14,0.0541,PVC,693,OG,#6,-,-0.7043,0.5555,True
0.14,0.0541,PS,714,LT,#8,-,-0.578,3.7616,True
0.14,0.0541,PE,741,HT,#1,#6,-0.6704,2.9179,True
0.145,0.0541,PET,82,HT,#8,#6,-0.3468,2.6763,True
0.145,0.0541,PP,223,HT,#1,#6,-0.6244,2.8017,True
0.145,0.0541,PVC,693,OG,#6,-,-0.7115,0.5555,True
0.145,0.0541,PS,714,LT,#8,-,-0.5945,3.7616,True
0.145,0.0541,PE,741,HT,#1,#6,-0.6918,2.9179,True
0.15,0.0541,PET,82,HT,#8,#6,-0.3531,2.6763,True
0.15,0.0541,PP,223,HT,#1,#6,-0.6431,2.8017,True
0.15,0.0541,PVC,693,OG,#6,-,-0.7187,0.5555,True
0.15,0.0541,PS,714,LT,#8,-,-0.6111,3.7616,True
0.15,0.0541,PE,741,HT,#1,#6,-0.7132,2.9179,True
0.155,0.0541,PET,82,HT,#8,#6,-0.3594,2.6763,True
0.155,0.0541,PP,223,HT,#1,#6,-0.6617,2.8017,True
0.155,0.0541,PVC,693,OG,#6,-,-0.7259,0.5555,True
0.155,0.0541,PS,714,LT,#8,-,-0.6277,3.7616,True
0.155,0.0541,PE,741,HT,#1,#6,-0.7346,2.9179,True
0.16,0.0541,PET,82,HT,#8,#6,-0.3657,2.6763,True
0.16,0.0541,PP,223,HT,#1,#6,-0.6803,2.8017,True
0.16,0.0541,PVC,693,OG,#6,-,-0.7331,0.5555,True
0.16,0.0541,PS,714,LT,#8,-,-0.6442,3.7616,True
0.16,0.0541,PE,741,HT,#1,#6,-0.756,2.9179,True
0.165,0.0541,PET,82,HT,#8,#6,-0.372,2.6763,True
0.165,0.0541,PP,223,HT,#1,#6,-0.6989,2.8017,True
0.165,0.0541,PVC,693,OG,#6,-,-0.7403,0.5555,True
0.165,0.0541,PS,714,LT,#8,-,-0.6608,3.7616,True
0.165,0.0541,PE,944,OG,#1,-,-0.7697,0.4592,True
0.17,0.0541,PET,82,HT,#8,#6,-0.3782,2.6763,True
0.17,0.0541,PP,223,HT,#1,#6,-0.7176,2.8017,True
0.17,0.0541,PVC,693,OG,#6,-,-0.7475,0.5555,True
0.17,0.0541,PS,714,LT,#8,-,-0.6774,3.7616,True
0.17,0.0541,PE,944,OG,#1,-,-0.7809,0.4592,True
0.175,0.0541,PET,82,HT,#8,#6,-0.3845,2.6763,True
0.175,0.0541,PP,223,HT,#1,#6,-0.7362,2.8017,True
0.175,0.0541,PVC,693,OG,#6,-,-0.7547,0.5555,True
0.175,0.0541,PS,714,LT,#8,-,-0.694,3.7616,True
0.175,0.0541,PE,944,OG,#1,-,-0.792,0.4592,True
0.18,0.0541,PET,82,HT,#8,#6,-0.3908,2.6763,True
0.18,0.0541,PP,223,HT,#1,#6,-0.7548,2.8017,True
0.18,0.0541,PVC,693,OG,#6,-,-0.7619,0.5555,True
0.18,0.0541,PS,714,LT,#8,-,-0.7105,3.7616,True
0.18,0.0541,PE,944,OG,#1,-,-0.8032,0.4592,True
0.185,0.0541,PET,82,HT,#8,#6,-0.3971,2.6763,True
0.185,0.0541,PP,223,HT,#1,#6,-0.7734,2.8017,True
0.185,0.0541,PVC,693,OG,#6,-,-0.7691,0.5555,True
0.185,0.0541,PS,714,LT,#8,-,-0.7271,3.7616,True
0.185,0.0541,PE,944,OG,#1,-,-0.8144,0.4592,True
0.19,0.0541,PET,82,HT,#8,#6,-0.4034,2.6763,True
0.19,0.0541,PP,223,HT,#1,#6,-0.792,2.8017,True
0.19,0.0541,PVC,693,OG,#6,-,-0.7763,0.5555,True
0.19,0.0541,PS,714,LT,#8,-,-0.7437,3.7616,True
0.19,0.0541,PE,944,OG,#1,-,-0.8256,0.4592,True
0.195,0.0541,PET,82,HT,#8,#6,-0.4097,2.6763,True
0.195,0.0541,PP,223,HT,#1,#6,-0.8107,2.8017,True
0.195,0.0541,PVC,693,OG,#6,-,-0.7835,0.5555,True
0.195,0.0541,PS,714,LT,#8,-,-0.7602,3.7616,True
0.195,0.0541,PE,944,OG,#1,-,-0.8367,0.4592,True
0.2,0.0541,PET,82,HT,#8,#6,-0.416,2.6763,True
0.2,0.0541,PP,223,HT,#1,#6,-0.8293,2.8017,True
0.2,0.0541,PVC,693,OG,#6,-,-0.7907,0.5555,True
0.2,0.0541,PS,714,LT,#8,-,-0.7768,3.7616,True
0.2,0.0541,PE,944,OG,#1,-,-0.8479,0.4592,True
0.04,0.0781,PET,82,HT,#8,#6,-0.2146,2.6338,True
0.04,0.0781,PP,322,LT,#1,#6,-0.1775,2.5613,True
0.04,0.0781,PVC,562,LT,#1,#6,-0.4376,1.0944,True
0.04,0.0781,PS,707,LT,#1,-,-0.2268,2.8051,True
0.04,0.0781,PE,741,HT,#1,#6,-0.2422,2.8173,True
0.045,0.0781,PET,82,HT,#8,#6,-0.2209,2.6338,True
0.045,0.0781,PP,322,LT,#1,#6,-0.2054,2.5613,True
0.045,0.0781,PVC,562,LT,#1,#6,-0.4531,1.0944,True
0.045,0.0781,PS,714,LT,#8,-,-0.2631,3.6733,True
0.045,0.0781,PE,741,HT,#1,#6,-0.2636,2.8173,True
0.05,0.0781,PET,82,HT,#8,#6,-0.2272,2.6338,True
0.05,0.0781,PP,322,LT,#1,#6,-0.2333,2.5613,True
0.05,0.0781,PVC,562,LT,#1,#6,-0.4686,1.0944,True
0.05,0.0781,PS,714,LT,#8,-,-0.2797,3.6733,True
0.05,0.0781,PE,741,HT,#1,#6,-0.285,2.8173,True
0.055,0.0781,PET,82,HT,#8,#6,-0.2335,2.6338,True
0.055,0.0781,PP,322,LT,#1,#6,-0.2613,2.5613,True
0.055,0.0781,PVC,562,LT,#1,#6,-0.4841,1.0944,True
0.055,0.0781,PS,714,LT,#8,-,-0.2962,3.6733,True
0.055,0.0781,PE,741,HT,#1,#6,-0.3064,2.8173,True
0.06,0.0781,PET,82,HT,#8,#6,-0.2398,2.6338,True
0.06,0.0781,PP,322,LT,#1,#6,-0.2892,2.5613,True
0.06,0.0781,PVC,562,LT,#1,#6,-0.4996,1.0944,True
0.06,0.0781,PS,714,LT,#8,-,-0.3128,3.6733,True
0.06,0.0781,PE,741,HT,#1,#6,-0.3278,2.8173,True
0.065,0.0781,PET,82,HT,#8,#6,-0.2461,2.6338,True
0.065,0.0781,PP,322,LT,#1,#6,-0.3171,2.5613,True
0.065,0.0781,PVC,562,LT,#1,#6,-0.5151,1.0944,True
0.065,0.0781,PS,714,LT,#8,-,-0.3294,3.6733,True
0.065,0.0781,PE,741,HT,#1,#6,-0.3492,2.8173,True
0.07,0.0781,PET,82,HT,#8,#6,-0.2524,2.6338,True
0.07,0.0781,PP,322,LT,#1,#6,-0.345,2.5613,True
0.07,0.0781,PVC,562,LT,#1,#6,-0.5307,1.0944,True
0.07,0.0781,PS,714,LT,#8,-,-0.346,3.6733,True
0.07,0.0781,PE,741,HT,#1,#6,-0.3706,2.8173,True
0.075,0.0781,PET,82,HT,#8,#6,-0.2587,2.6338,True
0.075,0.0781,PP,223,HT,#1,#6,-0.3637,2.7159,True
0.075,0.0781,PVC,562,LT,#1,#6,-0.5462,1.0944,True
0.075,0.0781,PS,714,LT,#8,-,-0.3625,3.6733,True
0.075,0.0781,PE,741,HT,#1,#6,-0.392,2.8173,True
0.08,0.0781,PET,82,HT,#8,#6,-0.265,2.6338,True
0.08,0.0781,PP,223,HT,#1,#6,-0.3823,2.7159,True
0.08,0.0781,PVC,562,LT,#1,#6,-0.5617,1.0944,True
0.08,0.0781,PS,714,LT,#8,-,-0.3791,3.6733,True
0.08,0.0781,PE,741,HT,#1,#6,-0.4134,2.8173,True
0.085,0.0781,PET,82,HT,#8,#6,-0.2713,2.6338,True
0.085,0.0781,PP,223,HT,#1,#6,-0.401,2.7159,True
0.085,0.0781,PVC,562,LT,#1,#6,-0.5772,1.0944,True
0.085,0.0781,PS,714,LT,#8,-,-0.3957,3.6733,True
0.085,0.0781,PE,741,HT,#1,#6,-0.4348,2.8173,True
0.09,0.0781,PET,82,HT,#8,#6,-0.2776,2.6338,True
0.09,0.0781,PP,223,HT,#1,#6,-0.4196,2.7159,True
0.09,0.0781,PVC,562,LT,#1,#6,-0.5927,1.0944,True
0.09,0.0781,PS,714,LT,#8,-,-0.4122,3.6733,True
0.09,0.0781,PE,741,HT,#1,#6,-0.4563,2.8173,True
0.095,0.0781,PET,82,HT,#8,#6,-0.2838,2.6338,True
0.095,0.0781,PP,223,HT,#1,#6,-0.4382,2.7159,True
0.095,0.0781,PVC,562,LT,#1,#6,-0.6083,1.0944,True
0.095,0.0781,PS,714,LT,#8,-,-0.4288,3.6733,True
0.095,0.0781,PE,741,HT,#1,#6,-0.4777,2.8173,True
0.1,0.0781,PET,82,HT,#8,#6,-0.2901,2.6338,True
0.1,0.0781,PP,223,HT,#1,#6,-0.4568,2.7159,True
0.1,0.0781,PVC,562,LT,#1,#6,-0.6238,1.0944,True
0.1,0.0781,PS,714,LT,#8,-,-0.4454,3.6733,True
0.1,0.0781,PE,741,HT,#1,#6,-0.4991,2.8173,True
0.105,0.0781,PET,82,HT,#8,#6,-0.2964,2.6338,True
0.105,0.0781,PP,223,HT,#1,#6,-0.4755,2.7159,True
0.105,0.0781,PVC,562,LT,#1,#6,-0.6393,1.0944,True
0.105,0.0781,PS,714,LT,#8,-,-0.462,3.6733,True
0.105,0.0781,PE,741,HT,#1,#6,-0.5205,2.8173,True
0.11,0.0781,PET,82,HT,#8,#6,-0.3027,2.6338,True
0.11,0.0781,PP,223,HT,#1,#6,-0.4941,2.7159,True
0.11,0.0781,PVC,562,LT,#1,#6,-0.6548,1.0944,True
0.11,0.0781,PS,714,LT,#8,-,-0.4785,3.6733,True
0.11,0.0781,PE,741,HT,#1,#6,-0.5419,2.8173,True
0.115,0.0781,PET,82,HT,#8,#6,-0.309,2.6338,True
0.115,0.0781,PP,223,HT,#1,#6,-0.5127,2.7159,True
0.115,0.0781,PVC,693,OG,#6,-,-0.6682,0.5203,True
0.115,0.0781,PS,714,LT,#8,-,-0.4951,3.6733,True
0.115,0.0781,PE,741,HT,#1,#6,-0.5633,2.8173,True
0.12,0.0781,PET,82,HT,#8,#6,-0.3153,2.6338,True
0.12,0.0781,PP,223,HT,#1,#6,-0.5313,2.7159,True
0.12,0.0781,PVC,693,OG,#6,-,-0.6754,0.5203,True
0.12,0.0781,PS,714,LT,#8,-,-0.5117,3.6733,True
0.12,0.0781,PE,741,HT,#1,#6,-0.5847,2.8173,True
0.125,0.0781,PET,82,HT,#8,#6,-0.3216,2.6338,True
0.125,0.0781,PP,223,HT,#1,#6,-0.55,2.7159,True
0.125,0.0781,PVC,693,OG,#6,-,-0.6826,0.5203,True
0.125,0.0781,PS,714,LT,#8,-,-0.5282,3.6733,True
0.125,0.0781,PE,741,HT,#1,#6,-0.6061,2.8173,True
0.13,0.0781,PET,82,HT,#8,#6,-0.3279,2.6338,True
0.13,0.0781,PP,223,HT,#1,#6,-0.5686,2.7159,True
0.13,0.0781,PVC,693,OG,#6,-,-0.6898,0.5203,True
0.13,0.0781,PS,714,LT,#8,-,-0.5448,3.6733,True
0.13,0.0781,PE,741,HT,#1,#6,-0.6275,2.8173,True
0.135,0.0781,PET,82,HT,#8,#6,-0.3342,2.6338,True
0.135,0.0781,PP,223,HT,#1,#6,-0.5872,2.7159,True
0.135,0.0781,PVC,693,OG,#6,-,-0.697,0.5203,True
0.135,0.0781,PS,714,LT,#8,-,-0.5614,3.6733,True
0.135,0.0781,PE,741,HT,#1,#6,-0.6489,2.8173,True
0.14,0.0781,PET,82,HT,#8,#6,-0.3405,2.6338,True
0.14,0.0781,PP,223,HT,#1,#6,-0.6058,2.7159,True
0.14,0.0781,PVC,693,OG,#6,-,-0.7043,0.5203,True
0.14,0.0781,PS,714,LT,#8,-,-0.578,3.6733,True
0.14,0.0781,PE,741,HT,#1,#6,-0.6704,2.8173,True
0.145,0.0781,PET,82,HT,#8,#6,-0.3468,2.6338,True
0.145,0.0781,PP,223,HT,#1,#6,-0.6244,2.7159,True
0.145,0.0781,PVC,693,OG,#6,-,-0.7115,0.5203,True
0.145,0.0781,PS,714,LT,#8,-,-0.5945,3.6733,True
0.145,0.0781,PE,741,HT,#1,#6,-0.6918,2.8173,True
0.15,0.0781,PET,82,HT,#8,#6,-0.3531,2.6338,True
0.15,0.0781,PP,223,HT,#1,#6,-0.6431,2.7159,True
0.15,0.0781,PVC,693,OG,#6,-,-0.7187,0.5203,True
0.15,0.0781,PS,714,LT,#8,-,-0.6111,3.6733,True
0.15,0.0781,PE,741,HT,#1,#6,-0.7132,2.8173,True
0.155,0.0781,PET,82,HT,#8,#6,-0.3594,2.6338,True
0.155,0.0781,PP,223,HT,#1,#6,-0.6617,2.7159,True
0.155,0.0781,PVC,693,OG,#6,-,-0.7259,0.5203,True
0.155,0.0781,PS,714,LT,#8,-,-0.6277,3.6733,True
0.155,0.0781,PE,741,HT,#1,#6,-0.7346,2.8173,True
0.16,0.0781,PET,82,HT,#8,#6,-0.3657,2.6338,True
0.16,0.0781,PP,223,HT,#1,#6,-0.6803,2.7159,True
0.16,0.0781,PVC,693,OG,#6,-,-0.7331,0.5203,True
0.16,0.0781,PS,714,LT,#8,-,-0.6442,3.6733,True
0.16,0.0781,PE,741,HT,#1,#6,-0.756,2.8173,True
0.165,0.0781,PET,82,HT,#8,#6,-0.372,2.6338,True
0.165,0.0781,PP,223,HT,#1,#6,-0.6989,2.7159,True
0.165,0.0781,PVC,693,OG,#6,-,-0.7403,0.5203,True
0.165,0.0781,PS,714,LT,#8,-,-0.6608,3.6733,True
0.165,0.0781,PE,944,OG,#1,-,-0.7697,0.4016,True
0.17,0.0781,PET,82,HT,#8,#6,-0.3782,2.6338,True
0.17,0.0781,PP,223,HT,#1,#6,-0.7176,2.7159,True
0.17,0.0781,PVC,693,OG,#6,-,-0.7475,0.5203,True
0.17,0.0781,PS,714,LT,#8,-,-0.6774,3.6733,True
0.17,0.0781,PE,944,OG,#1,-,-0.7809,0.4016,True
0.175,0.0781,PET,82,HT,#8,#6,-0.3845,2.6338,True
0.175,0.0781,PP,223,HT,#1,#6,-0.7362,2.7159,True
0.175,0.0781,PVC,693,OG,#6,-,-0.7547,0.5203,True
0.175,0.0781,PS,714,LT,#8,-,-0.694,3.6733,True
0.175,0.0781,PE,944,OG,#1,-,-0.792,0.4016,True
0.18,0.0781,PET,82,HT,#8,#6,-0.3908,2.6338,True
0.18,0.0781,PP,223,HT,#1,#6,-0.7548,2.7159,True
0.18,0.0781,PVC,693,OG,#6,-,-0.7619,0.5203,True
0.18,0.0781,PS,714,LT,#8,-,-0.7105,3.6733,True
0.18,0.0781,PE,944,OG,#1,-,-0.8032,0.4016,True
0.185,0.0781,PET,82,HT,#8,#6,-0.3971,2.6338,True
0.185,0.0781,PP,223,HT,#1,#6,-0.7734,2.7159,True
0.185,0.0781,PVC,693,OG,#6,-,-0.7691,0.5203,True
0.185,0.0781,PS,714,LT,#8,-,-0.7271,3.6733,True
0.185,0.0781,PE,944,OG,#1,-,-0.8144,0.4016,True
0.19,0.0781,PET,82,HT,#8,#6,-0.4034,2.6338,True
0.19,0.0781,PP,223,HT,#1,#6,-0.792,2.7159,True
0.19,0.0781,PVC,693,OG,#6,-,-0.7763,0.5203,True
0.19,0.0781,PS,714,LT,#8,-,-0.7437,3.6733,True
0.19,0.0781,PE,944,OG,#1,-,-0.8256,0.4016,True
0.195,0.0781,PET,82,HT,#8,#6,-0.4097,2.6338,True
0.195,0.0781,PP,223,HT,#1,#6,-0.8107,2.7159,True
0.195,0.0781,PVC,693,OG,#6,-,-0.7835,0.5203,True
0.195,0.0781,PS,714,LT,#8,-,-0.7602,3.6733,True
0.195,0.0781,PE,944,OG,#1,-,-0.8367,0.4016,True
0.2,0.0781,PET,82,HT,#8,#6,-0.416,2.6338,True
0.2,0.0781,PP,223,HT,#1,#6,-0.8293,2.7159,True
0.2,0.0781,PVC,693,OG,#6,-,-0.7907,0.5203,True
0.2,0.0781,PS,714,LT,#8,-,-0.7768,3.6733,True
0.2,0.0781,PE,944,OG,#1,-,-0.8479,0.4016,True
0.04,0.1022,PET,82,HT,#8,#6,-0.2146,2.5912,True
0.04,0.1022,PP,322,LT,#1,#6,-0.1775,2.447,True
0.04,0.1022,PVC,562,LT,#1,#6,-0.4376,1.0301,True
0.04,0.1022,PS,707,LT,#1,-,-0.2268,2.6723,True
0.04,0.1022,PE,741,HT,#1,#6,-0.2422,2.7166,True
0.045,0.1022,PET,82,HT,#8,#6,-0.2209,2.5912,True
0.045,0.1022,PP,322,LT,#1,#6,-0.2054,2.447,True
0.045,0.1022,PVC,562,LT,#1,#6,-0.4531,1.0301,True
0.045,0.1022,PS,714,LT,#8,-,-0.2631,3.5849,True
0.045,0.1022,PE,741,HT,#1,#6,-0.2636,2.7166,True
0.05,0.1022,PET,82,HT,#8,#6,-0.2272,2.5912,True
0.05,0.1022,PP,322,LT,#1,#6,-0.2333,2.447,True
0.05,0.1022,PVC,562,LT,#1,#6,-0.4686,1.0301,True
0.05,0.1022,PS,714,LT,#8,-,-0.2797,3.5849,True
0.05,0.1022,PE,741,HT,#1,#6,-0.285,2.7166,True
0.055,0.1022,PET,82,HT,#8,#6,-0.2335,2.5912,True
0.055,0.1022,PP,322,LT,#1,#6,-0.2613,2.447,True
0.055,0.1022,PVC,562,LT,#1,#6,-0.4841,1.0301,True
0.055,0.1022,PS,714,LT,#8,-,-0.2962,3.5849,True
0.055,0.1022,PE,741,HT,#1,#6,-0.3064,2.7166,True
0.06,0.1022,PET,82,HT,#8,#6,-0.2398,2.5912,True
0.06,0.1022,PP,322,LT,#1,#6,-0.2892,2.447,True
0.06,0.1022,PVC,562,LT,#1,#6,-0.4996,1.0301,True
0.06,0.1022,PS,714,LT,#8,-,-0.3128,3.5849,True
0.06,0.1022,PE,741,HT,#1,#6,-0.3278,2.7166,True
0.065,0.1022,PET,82,HT,#8,#6,-0.2461,2.5912,True
0.065,0.1022,PP,322,LT,#1,#6,-0.3171,2.447,True
0.065,0.1022,PVC,562,LT,#1,#6,-0.5151,1.0301,True
0.065,0.1022,PS,714,LT,#8,-,-0.3294,3.5849,True
0.065,0.1022,PE,741,HT,#1,#6,-0.3492,2.7166,True
0.07,0.1022,PET,82,HT,#8,#6,-0.2524,2.5912,True
0.07,0.1022,PP,322,LT,#1,#6,-0.345,2.447,True
0.07,0.1022,PVC,562,LT,#1,#6,-0.5307,1.0301,True
0.07,0.1022,PS,714,LT,#8,-,-0.346,3.5849,True
0.07,0.1022,PE,741,HT,#1,#6,-0.3706,2.7166,True
0.075,0.1022,PET,82,HT,#8,#6,-0.2587,2.5912,True
0.075,0.1022,PP,223,HT,#1,#6,-0.3637,2.63,True
0.075,0.1022,PVC,562,LT,#1,#6,-0.5462,1.0301,True
0.075,0.1022,PS,714,LT,#8,-,-0.3625,3.5849,True
0.075,0.1022,PE,741,HT,#1,#6,-0.392,2.7166,True
0.08,0.1022,PET,82,HT,#8,#6,-0.265,2.5912,True
0.08,0.1022,PP,223,HT,#1,#6,-0.3823,2.63,True
0.08,0.1022,PVC,562,LT,#1,#6,-0.5617,1.0301,True
0.08,0.1022,PS,714,LT,#8,-,-0.3791,3.5849,True
0.08,0.1022,PE,741,HT,#1,#6,-0.4134,2.7166,True
0.085,0.1022,PET,82,HT,#8,#6,-0.2713,2.5912,True
0.085,0.1022,PP,223,HT,#1,#6,-0.401,2.63,True
0.085,0.1022,PVC,562,LT,#1,#6,-0.5772,1.0301,True
0.085,0.1022,PS,714,LT,#8,-,-0.3957,3.5849,True
0.085,0.1022,PE,741,HT,#1,#6,-0.4348,2.7166,True
0.09,0.1022,PET,82,HT,#8,#6,-0.2776,2.5912,True
0.09,0.1022,PP,223,HT,#1,#6,-0.4196,2.63,True
0.09,0.1022,PVC,562,LT,#1,#6,-0.5927,1.0301,True
0.09,0.1022,PS,714,LT,#8,-,-0.4122,3.5849,True
0.09,0.1022,PE,741,HT,#1,#6,-0.4563,2.7166,True
0.095,0.1022,PET,82,HT,#8,#6,-0.2838,2.5912,True
0.095,0.1022,PP,223,HT,#1,#6,-0.4382,2.63,True
0.095,0.1022,PVC,562,LT,#1,#6,-0.6083,1.0301,True
0.095,0.1022,PS,714,LT,#8,-,-0.4288,3.5849,True
0.095,0.1022,PE,741,HT,#1,#6,-0.4777,2.7166,True
0.1,0.1022,PET,82,HT,#8,#6,-0.2901,2.5912,True
0.1,0.1022,PP,223,HT,#1,#6,-0.4568,2.63,True
0.1,0.1022,PVC,562,LT,#1,#6,-0.6238,1.0301,True
0.1,0.1022,PS,714,LT,#8,-,-0.4454,3.5849,True
0.1,0.1022,PE,741,HT,#1,#6,-0.4991,2.7166,True
0.105,0.1022,PET,82,HT,#8,#6,-0.2964,2.5912,True
0.105,0.1022,PP,223,HT,#1,#6,-0.4755,2.63,True
0.105,0.1022,PVC,562,LT,#1,#6,-0.6393,1.0301,True
0.105,0.1022,PS,714,LT,#8,-,-0.462,3.5849,True
0.105,0.1022,PE,741,HT,#1,#6,-0.5205,2.7166,True
0.11,0.1022,PET,82,HT,#8,#6,-0.3027,2.5912,True
0.11,0.1022,PP,223,HT,#1,#6,-0.4941,2.63,True
0.11,0.1022,PVC,562,LT,#1,#6,-0.6548,1.0301,True
0.11,0.1022,PS,714,LT,#8,-,-0.4785,3.5849,True
0.11,0.1022,PE,741,HT,#1,#6,-0.5419,2.7166,True
0.115,0.1022,PET,82,HT,#8,#6,-0.309,2.5912,True
0.115,0.1022,PP,223,HT,#1,#6,-0.5127,2.63,True
0.115,0.1022,PVC,693,OG,#6,-,-0.6682,0.485,True
0.115,0.1022,PS,714,LT,#8,-,-0.4951,3.5849,True
0.115,0.1022,PE,741,HT,#1,#6,-0.5633,2.7166,True
0.12,0.1022,PET,82,HT,#8,#6,-0.3153,2.5912,True
0.12,0.1022,PP,223,HT,#1,#6,-0.5313,2.63,True
0.12,0.1022,PVC,693,OG,#6,-,-0.6754,0.485,True
0.12,0.1022,PS,714,LT,#8,-,-0.5117,3.5849,True
0.12,0.1022,PE,741,HT,#1,#6,-0.5847,2.7166,True
0.125,0.1022,PET,82,HT,#8,#6,-0.3216,2.5912,True
0.125,0.1022,PP,223,HT,#1,#6,-0.55,2.63,True
0.125,0.1022,PVC,693,OG,#6,-,-0.6826,0.485,True
0.125,0.1022,PS,714,LT,#8,-,-0.5282,3.5849,True
0.125,0.1022,PE,741,HT,#1,#6,-0.6061,2.7166,True
0.13,0.1022,PET,82,HT,#8,#6,-0.3279,2.5912,True
0.13,0.1022,PP,223,HT,#1,#6,-0.5686,2.63,True
0.13,0.1022,PVC,693,OG,#6,-,-0.6898,0.485,True
0.13,0.1022,PS,714,LT,#8,-,-0.5448,3.5849,True
0.13,0.1022,PE,741,HT,#1,#6,-0.6275,2.7166,True
0.135,0.1022,PET,82,HT,#8,#6,-0.3342,2.5912,True
0.135,0.1022,PP,223,HT,#1,#6,-0.5872,2.63,True
0.135,0.1022,PVC,693,OG,#6,-,-0.697,0.485,True
0.135,0.1022,PS,714,LT,#8,-,-0.5614,3.5849,True
0.135,0.1022,PE,741,HT,#1,#6,-0.6489,2.7166,True
0.14,0.1022,PET,82,HT,#8,#6,-0.3405,2.5912,True
0.14,0.1022,PP,223,HT,#1,#6,-0.6058,2.63,True
0.14,0.1022,PVC,693,OG,#6,-,-0.7043,0.485,True
0.14,0.1022,PS,714,LT,#8,-,-0.578,3.5849,True
0.14,0.1022,PE,741,HT,#1,#6,-0.6704,2.7166,True
0.145,0.1022,PET,82,HT,#8,#6,-0.3468,2.5912,True
0.145,0.1022,PP,223,HT,#1,#6,-0.6244,2.63,True
0.145,0.1022,PVC,693,OG,#6,-,-0.7115,0.485,True
0.145,0.1022,PS,714,LT,#8,-,-0.5945,3.5849,True
0.145,0.1022,PE,741,HT,#1,#6,-0.6918,2.7166,True
0.15,0.1022,PET,82,HT,#8,#6,-0.3531,2.5912,True
0.15,0.1022,PP,223,HT,#1,#6,-0.6431,2.63,True
0.15,0.1022,PVC,693,OG,#6,-,-0.7187,0.485,True
0.15,0.1022,PS,714,LT,#8,-,-0.6111,3.5849,True
0.15,0.1022,PE,741,HT,#1,#6,-0.7132,2.7166,True
0.155,0.1022,PET,82,HT,#8,#6,-0.3594,2.5912,True
0.155,0.1022,PP,223,HT,#1,#6,-0.6617,2.63,True
0.155,0.1022,PVC,693,OG,#6,-,-0.7259,0.485,True
0.155,0.1022,PS,714,LT,#8,-,-0.6277,3.5849,True
0.155,0.1022,PE,741,HT,#1,#6,-0.7346,2.7166,True
0.16,0.1022,PET,82,HT,#8,#6,-0.3657,2.5912,True
0.16,0.1022,PP,223,HT,#1,#6,-0.6803,2.63,True
0.16,0.1022,PVC,693,OG,#6,-,-0.7331,0.485,True
0.16,0.1022,PS,714,LT,#8,-,-0.6442,3.5849,True
0.16,0.1022,PE,741,HT,#1,#6,-0.756,2.7166,True
0.165,0.1022,PET,82,HT,#8,#6,-0.372,2.5912,True
0.165,0.1022,PP,223,HT,#1,#6,-0.6989,2.63,True
0.165,0.1022,PVC,693,OG,#6,-,-0.7403,0.485,True
0.165,0.1022,PS,714,LT,#8,-,-0.6608,3.5849,True
0.165,0.1022,PE,944,OG,#1,-,-0.7697,0.3441,True
0.17,0.1022,PET,82,HT,#8,#6,-0.3782,2.5912,True
0.17,0.1022,PP,223,HT,#1,#6,-0.7176,2.63,True
0.17,0.1022,PVC,693,OG,#6,-,-0.7475,0.485,True
0.17,0.1022,PS,714,LT,#8,-,-0.6774,3.5849,True
0.17,0.1022,PE,944,OG,#1,-,-0.7809,0.3441,True
0.175,0.1022,PET,82,HT,#8,#6,-0.3845,2.5912,True
0.175,0.1022,PP,223,HT,#1,#6,-0.7362,2.63,True
0.175,0.1022,PVC,693,OG,#6,-,-0.7547,0.485,True
0.175,0.1022,PS,714,LT,#8,-,-0.694,3.5849,True
0.175,0.1022,PE,944,OG,#1,-,-0.792,0.3441,True
0.18,0.1022,PET,82,HT,#8,#6,-0.3908,2.5912,True
0.18,0.1022,PP,223,HT,#1,#6,-0.7548,2.63,True
0.18,0.1022,PVC,693,OG,#6,-,-0.7619,0.485,True
0.18,0.1022,PS,714,LT,#8,-,-0.7105,3.5849,True
0.18,0.1022,PE,944,OG,#1,-,-0.8032,0.3441,True
0.185,0.1022,PET,82,HT,#8,#6,-0.3971,2.5912,True
0.185,0.1022,PP,223,HT,#1,#6,-0.7734,2.63,True
0.185,0.1022,PVC,693,OG,#6,-,-0.7691,0.485,True
0.185,0.1022,PS,714,LT,#8,-,-0.7271,3.5849,True
0.185,0.1022,PE,944,OG,#1,-,-0.8144,0.3441,True
0.19,0.1022,PET,82,HT,#8,#6,-0.4034,2.5912,True
0.19,0.1022,PP,223,HT,#1,#6,-0.792,2.63,True
0.19,0.1022,PVC,693,OG,#6,-,-0.7763,0.485,True
0.19,0.1022,PS,714,LT,#8,-,-0.7437,3.5849,True
0.19,0.1022,PE,944,OG,#1,-,-0.8256,0.3441,True
0.195,0.1022,PET,82,HT,#8,#6,-0.4097,2.5912,True
0.195,0.1022,PP,223,HT,#1,#6,-0.8107,2.63,True
0.195,0.1022,PVC,693,OG,#6,-,-0.7835,0.485,True
0.195,0.1022,PS,714,LT,#8,-,-0.7602,3.5849,True
0.195,0.1022,PE,944,OG,#1,-,-0.8367,0.3441,True
0.2,0.1022,PET,82,HT,#8,#6,-0.416,2.5912,True
0.2,0.1022,PP,223,HT,#1,#6,-0.8293,2.63,True
0.2,0.1022,PVC,693,OG,#6,-,-0.7907,0.485,True
0.2,0.1022,PS,714,LT,#8,-,-0.7768,3.5849,True
0.2,0.1022,PE,944,OG,#1,-,-0.8479,0.3441,True
0.04,0.1262,PET,82,HT,#8,#6,-0.2146,2.5486,True
0.04,0.1262,PP,322,LT,#1,#6,-0.1775,2.3327,True
0.04,0.1262,PVC,562,LT,#1,#6,-0.4376,0.9658,True
0.04,0.1262,PS,707,LT,#1,-,-0.2268,2.5395,True
0.04,0.1262,PE,741,HT,#1,#6,-0.2422,2.616,True
0.045,0.1262,PET,82,HT,#8,#6,-0.2209,2.5486,True
0.045,0.1262,PP,322,LT,#1,#6,-0.2054,2.3327,True
0.045,0.1262,PVC,562,LT,#1,#6,-0.4531,0.9658,True
0.045,0.1262,PS,714,LT,#8,-,-0.2631,3.4966,True
0.045,0.1262,PE,741,HT,#1,#6,-0.2636,2.616,True
0.05,0.1262,PET,82,HT,#8,#6,-0.2272,2.5486,True
0.05,0.1262,PP,322,LT,#1,#6,-0.2333,2.3327,True
0.05,0.1262,PVC,562,LT,#1,#6,-0.4686,0.9658,True
0.05,0.1262,PS,714,LT,#8,-,-0.2797,3.4966,True
0.05,0.1262,PE,741,HT,#1,#6,-0.285,2.616,True
0.055,0.1262,PET,82,HT,#8,#6,-0.2335,2.5486,True
0.055,0.1262,PP,322,LT,#1,#6,-0.2613,2.3327,True
0.055,0.1262,PVC,562,LT,#1,#6,-0.4841,0.9658,True
0.055,0.1262,PS,714,LT,#8,-,-0.2962,3.4966,True
0.055,0.1262,PE,741,HT,#1,#6,-0.3064,2.616,True
0.06,0.1262,PET,82,HT,#8,#6,-0.2398,2.5486,True
0.06,0.1262,PP,322,LT,#1,#6,-0.2892,2.3327,True
0.06,0.1262,PVC,562,LT,#1,#6,-0.4996,0.9658,True
0.06,0.1262,PS,714,LT,#8,-,-0.3128,3.4966,True
0.06,0.1262,PE,741,HT,#1,#6,-0.3278,2.616,True
0.065,0.1262,PET,82,HT,#8,#6,-0.2461,2.5486,True
0.065,0.1262,PP,322,LT,#1,#6,-0.3171,2.3327,True
0.065,0.1262,PVC,562,LT,#1,#6,-0.5151,0.9658,True
0.065,0.1262,PS,714,LT,#8,-,-0.3294,3.4966,True
0.065,0.1262,PE,741,HT,#1,#6,-0.3492,2.616,True
0.07,0.1262,PET,82,HT,#8,#6,-0.2524,2.5486,True
0.07,0.1262,PP,322,LT,#1,#6,-0.345,2.3327,True
0.07,0.1262,PVC,562,LT,#1,#6,-0.5307,0.9658,True
0.07,0.1262,PS,714,LT,#8,-,-0.346,3.4966,True
0.07,0.1262,PE,741,HT,#1,#6,-0.3706,2.616,True
0.075,0.1262,PET,82,HT,#8,#6,-0.2587,2.5486,True
0.075,0.1262,PP,223,HT,#1,#6,-0.3637,2.5442,True
0.075,0.1262,PVC,562,LT,#1,#6,-0.5462,0.9658,True
0.075,0.1262,PS,714,LT,#8,-,-0.3625,3.4966,True
0.075,0.1262,PE,741,HT,#1,#6,-0.392,2.616,True
0.08,0.1262,PET,82,HT,#8,#6,-0.265,2.5486,True
0.08,0.1262,PP,223,HT,#1,#6,-0.3823,2.5442,True
0.08,0.1262,PVC,562,LT,#1,#6,-0.5617,0.9658,True
0.08,0.1262,PS,714,LT,#8,-,-0.3791,3.4966,True
0.08,0.1262,PE,741,HT,#1,#6,-0.4134,2.616,True
0.085,0.1262,PET,82,HT,#8,#6,-0.2713,2.5486,True
0.085,0.1262,PP,223,HT,#1,#6,-0.401,2.5442,True
0.085,0.1262,PVC,562,LT,#1,#6,-0.5772,0.9658,True
0.085,0.1262,PS,714,LT,#8,-,-0.3957,3.4966,True
0.085,0.1262,PE,741,HT,#1,#6,-0.4348,2.616,True
0.09,0.1262,PET,82,HT,#8,#6,-0.2776,2.5486,True
0.09,0.1262,PP,223,HT,#1,#6,-0.4196,2.5442,True
0.09,0.1262,PVC,562,LT,#1,#6,-0.5927,0.9658,True
0.09,0.1262,PS,714,LT,#8,-,-0.4122,3.4966,True
0.09,0.1262,PE,741,HT,#1,#6,-0.4563,2.616,True
0.095,0.1262,PET,82,HT,#8,#6,-0.2838,2.5486,True
0.095,0.1262,PP,223,HT,#1,#6,-0.4382,2.5442,True
0.095,0.1262,PVC,562,LT,#1,#6,-0.6083,0.9658,True
0.095,0.1262,PS,714,LT,#8,-,-0.4288,3.4966,True
0.095,0.1262,PE,741,HT,#1,#6,-0.4777,2.616,True
0.1,0.1262,PET,82,HT,#8,#6,-0.2901,2.5486,True
0.1,0.1262,PP,223,HT,#1,#6,-0.4568,2.5442,True
0.1,0.1262,PVC,562,LT,#1,#6,-0.6238,0.9658,True
0.1,0.1262,PS,714,LT,#8,-,-0.4454,3.4966,True
0.1,0.1262,PE,741,HT,#1,#6,-0.4991,2.616,True
0.105,0.1262,PET,82,HT,#8,#6,-0.2964,2.5486,True
0.105,0.1262,PP,223,HT,#1,#6,-0.4755,2.5442,True
0.105,0.1262,PVC,562,LT,#1,#6,-0.6393,0.9658,True
0.105,0.1262,PS,714,LT,#8,-,-0.462,3.4966,True
0.105,0.1262,PE,741,HT,#1,#6,-0.5205,2.616,True
0.11,0.1262,PET,82,HT,#8,#6,-0.3027,2.5486,True
0.11,0.1262,PP,223,HT,#1,#6,-0.4941,2.5442,True
0.11,0.1262,PVC,562,LT,#1,#6,-0.6548,0.9658,True
0.11,0.1262,PS,714,LT,#8,-,-0.4785,3.4966,True
0.11,0.1262,PE,741,HT,#1,#6,-0.5419,2.616,True
0.115,0.1262,PET,82,HT,#8,#6,-0.309,2.5486,True
0.115,0.1262,PP,223,HT,#1,#6,-0.5127,2.5442,True
0.115,0.1262,PVC,693,OG,#6,-,-0.6682,0.4498,True
0.115,0.1262,PS,714,LT,#8,-,-0.4951,3.4966,True
0.115,0.1262,PE,741,HT,#1,#6,-0.5633,2.616,True
0.12,0.1262,PET,82,HT,#8,#6,-0.3153,2.5486,True
0.12,0.1262,PP,223,HT,#1,#6,-0.5313,2.5442,True
0.12,0.1262,PVC,693,OG,#6,-,-0.6754,0.4498,True
0.12,0.1262,PS,714,LT,#8,-,-0.5117,3.4966,True
0.12,0.1262,PE,741,HT,#1,#6,-0.5847,2.616,True
0.125,0.1262,PET,82,HT,#8,#6,-0.3216,2.5486,True
0.125,0.1262,PP,223,HT,#1,#6,-0.55,2.5442,True
0.125,0.1262,PVC,693,OG,#6,-,-0.6826,0.4498,True
0.125,0.1262,PS,714,LT,#8,-,-0.5282,3.4966,True
0.125,0.1262,PE,741,HT,#1,#6,-0.6061,2.616,True
0.13,0.1262,PET,82,HT,#8,#6,-0.3279,2.5486,True
0.13,0.1262,PP,223,HT,#1,#6,-0.5686,2.5442,True
0.13,0.1262,PVC,693,OG,#6,-,-0.6898,0.4498,True
0.13,0.1262,PS,714,LT,#8,-,-0.5448,3.4966,True
0.13,0.1262,PE,741,HT,#1,#6,-0.6275,2.616,True
0.135,0.1262,PET,82,HT,#8,#6,-0.3342,2.5486,True
0.135,0.1262,PP,223,HT,#1,#6,-0.5872,2.5442,True
0.135,0.1262,PVC,693,OG,#6,-,-0.697,0.4498,True
0.135,0.1262,PS,714,LT,#8,-,-0.5614,3.4966,True
0.135,0.1262,PE,741,HT,#1,#6,-0.6489,2.616,True
0.14,0.1262,PET,82,HT,#8,#6,-0.3405,2.5486,True
0.14,0.1262,PP,223,HT,#1,#6,-0.6058,2.5442,True
0.14,0.1262,PVC,693,OG,#6,-,-0.7043,0.4498,True
0.14,0.1262,PS,714,LT,#8,-,-0.578,3.4966,True
0.14,0.1262,PE,741,HT,#1,#6,-0.6704,2.616,True
0.145,0.1262,PET,82,HT,#8,#6,-0.3468,2.5486,True
0.145,0.1262,PP,223,HT,#1,#6,-0.6244,2.5442,True
0.145,0.1262,PVC,693,OG,#6,-,-0.7115,0.4498,True
0.145,0.1262,PS,714,LT,#8,-,-0.5945,3.4966,True
0.145,0.1262,PE,741,HT,#1,#6,-0.6918,2.616,True
0.15,0.1262,PET,82,HT,#8,#6,-0.3531,2.5486,True
0.15,0.1262,PP,223,HT,#1,#6,-0.6431,2.5442,True
0.15,0.1262,PVC,693,OG,#6,-,-0.7187,0.4498,True
0.15,0.1262,PS,714,LT,#8,-,-0.6111,3.4966,True
0.15,0.1262,PE,741,HT,#1,#6,-0.7132,2.616,True
0.155,0.1262,PET,82,HT,#8,#6,-0.3594,2.5486,True
0.155,0.1262,PP,223,HT,#1,#6,-0.6617,2.5442,True
0.155,0.1262,PVC,693,OG,#6,-,-0.7259,0.4498,True
0.155,0.1262,PS,714,LT,#8,-,-0.6277,3.4966,True
0.155,0.1262,PE,741,HT,#1,#6,-0.7346,2.616,True
0.16,0.1262,PET,82,HT,#8,#6,-0.3657,2.5486,True
0.16,0.1262,PP,223,HT,#1,#6,-0.6803,2.5442,True
0.16,0.1262,PVC,693,OG,#6,-,-0.7331,0.4498,True
0.16,0.1262,PS,714,LT,#8,-,-0.6442,3.4966,True
0.16,0.1262,PE,741,HT,#1,#6,-0.756,2.616,True
0.165,0.1262,PET,82,HT,#8,#6,-0.372,2.5486,True
0.165,0.1262,PP,223,HT,#1,#6,-0.6989,2.5442,True
0.165,0.1262,PVC,693,OG,#6,-,-0.7403,0.4498,True
0.165,0.1262,PS,714,LT,#8,-,-0.6608,3.4966,True
0.165,0.1262,PE,944,OG,#1,-,-0.7697,0.2866,True
0.17,0.1262,PET,82,HT,#8,#6,-0.3782,2.5486,True
0.17,0.1262,PP,223,HT,#1,#6,-0.7176,2.5442,True
0.17,0.1262,PVC,693,OG,#6,-,-0.7475,0.4498,True
0.17,0.1262,PS,714,LT,#8,-,-0.6774,3.4966,True
0.17,0.1262,PE,944,OG,#1,-,-0.7809,0.2866,True
0.175,0.1262,PET,82,HT,#8,#6,-0.3845,2.5486,True
0.175,0.1262,PP,223,HT,#1,#6,-0.7362,2.5442,True
0.175,0.1262,PVC,693,OG,#6,-,-0.7547,0.4498,True
0.175,0.1262,PS,714,LT,#8,-,-0.694,3.4966,True
0.175,0.1262,PE,944,OG,#1,-,-0.792,0.2866,True
0.18,0.1262,PET,82,HT,#8,#6,-0.3908,2.5486,True
0.18,0.1262,PP,223,HT,#1,#6,-0.7548,2.5442,True
0.18,0.1262,PVC,693,OG,#6,-,-0.7619,0.4498,True
0.18,0.1262,PS,714,LT,#8,-,-0.7105,3.4966,True
0.18,0.1262,PE,944,OG,#1,-,-0.8032,0.2866,True
0.185,0.1262,PET,82,HT,#8,#6,-0.3971,2.5486,True
0.185,0.1262,PP,223,HT,#1,#6,-0.7734,2.5442,True
0.185,0.1262,PVC,693,OG,#6,-,-0.7691,0.4498,True
0.185,0.1262,PS,714,LT,#8,-,-0.7271,3.4966,True
0.185,0.1262,PE,944,OG,#1,-,-0.8144,0.2866,True
0.19,0.1262,PET,82,HT,#8,#6,-0.4034,2.5486,True
0.19,0.1262,PP,223,HT,#1,#6,-0.792,2.5442,True
0.19,0.1262,PVC,693,OG,#6,-,-0.7763,0.4498,True
0.19,0.1262,PS,714,LT,#8,-,-0.7437,3.4966,True
0.19,0.1262,PE,944,OG,#1,-,-0.8256,0.2866,True
0.195,0.1262,PET,82,HT,#8,#6,-0.4097,2.5486,True
0.195,0.1262,PP,223,HT,#1,#6,-0.8107,2.5442,True
0.195,0.1262,PVC,693,OG,#6,-,-0.7835,0.4498,True
0.195,0.1262,PS,714,LT,#8,-,-0.7602,3.4966,True
0.195,0.1262,PE,944,OG,#1,-,-0.8367,0.2866,True
0.2,0.1262,PET,82,HT,#8,#6,-0.416,2.5486,True
0.2,0.1262,PP,223,HT,#1,#6,-0.8293,2.5442,True
0.2,0.1262,PVC,693,OG,#6,-,-0.7907,0.4498,True
0.2,0.1262,PS,714,LT,#8,-,-0.7768,3.4966,True
0.2,0.1262,PE,944,OG,#1,-,-0.8479,0.2866,True
0.04,0.1503,PET,82,HT,#8,#6,-0.2146,2.506,True
0.04,0.1503,PP,322,LT,#1,#6,-0.1775,2.2183,True
0.04,0.1503,PVC,562,LT,#1,#6,-0.4376,0.9015,True
0.04,0.1503,PS,707,LT,#1,-,-0.2268,2.4067,True
0.04,0.1503,PE,741,HT,#1,#6,-0.2422,2.5154,True
0.045,0.1503,PET,82,HT,#8,#6,-0.2209,2.506,True
0.045,0.1503,PP,322,LT,#1,#6,-0.2054,2.2183,True
0.045,0.1503,PVC,562,LT,#1,#6,-0.4531,0.9015,True
0.045,0.1503,PS,714,LT,#8,-,-0.2631,3.4083,True
0.045,0.1503,PE,741,HT,#1,#6,-0.2636,2.5154,True
0.05,0.1503,PET,82,HT,#8,#6,-0.2272,2.506,True
0.05,0.1503,PP,322,LT,#1,#6,-0.2333,2.2183,True
0.05,0.1503,PVC,562,LT,#1,#6,-0.4686,0.9015,True
0.05,0.1503,PS,714,LT,#8,-,-0.2797,3.4083,True
0.05,0.1503,PE,741,HT,#1,#6,-0.285,2.5154,True
0.055,0.1503,PET,82,HT,#8,#6,-0.2335,2.506,True
0.055,0.1503,PP,322,LT,#1,#6,-0.2613,2.2183,True
0.055,0.1503,PVC,562,LT,#1,#6,-0.4841,0.9015,True
0.055,0.1503,PS,714,LT,#8,-,-0.2962,3.4083,True
0.055,0.1503,PE,741,HT,#1,#6,-0.3064,2.5154,True
0.06,0.1503,PET,82,HT,#8,#6,-0.2398,2.506,True
0.06,0.1503,PP,322,LT,#1,#6,-0.2892,2.2183,True
0.06,0.1503,PVC,562,LT,#1,#6,-0.4996,0.9015,True
0.06,0.1503,PS,714,LT,#8,-,-0.3128,3.4083,True
0.06,0.1503,PE,741,HT,#1,#6,-0.3278,2.5154,True
0.065,0.1503,PET,82,HT,#8,#6,-0.2461,2.506,True
0.065,0.1503,PP,322,LT,#1,#6,-0.3171,2.2183,True
0.065,0.1503,PVC,562,LT,#1,#6,-0.5151,0.9015,True
0.065,0.1503,PS,714,LT,#8,-,-0.3294,3.4083,True
0.065,0.1503,PE,741,HT,#1,#6,-0.3492,2.5154,True
0.07,0.1503,PET,82,HT,#8,#6,-0.2524,2.506,True
0.07,0.1503,PP,322,LT,#1,#6,-0.345,2.2183,True
0.07,0.1503,PVC,562,LT,#1,#6,-0.5307,0.9015,True
0.07,0.1503,PS,714,LT,#8,-,-0.346,3.4083,True
0.07,0.1503,PE,741,HT,#1,#6,-0.3706,2.5154,True
0.075,0.1503,PET,82,HT,#8,#6,-0.2587,2.506,True
0.075,0.1503,PP,223,HT,#1,#6,-0.3637,2.4584,True
0.075,0.1503,PVC,562,LT,#1,#6,-0.5462,0.9015,True
0.075,0.1503,PS,714,LT,#8,-,-0.3625,3.4083,True
0.075,0.1503,PE,741,HT,#1,#6,-0.392,2.5154,True
0.08,0.1503,PET,82,HT,#8,#6,-0.265,2.506,True
0.08,0.1503,PP,223,HT,#1,#6,-0.3823,2.4584,True
0.08,0.1503,PVC,562,LT,#1,#6,-0.5617,0.9015,True
0.08,0.1503,PS,714,LT,#8,-,-0.3791,3.4083,True
0.08,0.1503,PE,741,HT,#1,#6,-0.4134,2.5154,True
0.085,0.1503,PET,82,HT,#8,#6,-0.2713,2.506,True
0.085,0.1503,PP,223,HT,#1,#6,-0.401,2.4584,True
0.085,0.1503,PVC,562,LT,#1,#6,-0.5772,0.9015,True
0.085,0.1503,PS,714,LT,#8,-,-0.3957,3.4083,True
0.085,0.1503,PE,741,HT,#1,#6,-0.4348,2.5154,True
0.09,0.1503,PET,82,HT,#8,#6,-0.2776,2.506,True
0.09,0.1503,PP,223,HT,#1,#6,-0.4196,2.4584,True
0.09,0.1503,PVC,562,LT,#1,#6,-0.5927,0.9015,True
0.09,0.1503,PS,714,LT,#8,-,-0.4122,3.4083,True
0.09,0.1503,PE,741,HT,#1,#6,-0.4563,2.5154,True
0.095,0.1503,PET,82,HT,#8,#6,-0.2838,2.506,True
0.095,0.1503,PP,223,HT,#1,#6,-0.4382,2.4584,True
0.095,0.1503,PVC,562,LT,#1,#6,-0.6083,0.9015,True
0.095,0.1503,PS,714,LT,#8,-,-0.4288,3.4083,True
0.095,0.1503,PE,741,HT,#1,#6,-0.4777,2.5154,True
0.1,0.1503,PET,82,HT,#8,#6,-0.2901,2.506,True
0.1,0.1503,PP,223,HT,#1,#6,-0.4568,2.4584,True
0.1,0.1503,PVC,562,LT,#1,#6,-0.6238,0.9015,True
0.1,0.1503,PS,714,LT,#8,-,-0.4454,3.4083,True
0.1,0.1503,PE,741,HT,#1,#6,-0.4991,2.5154,True
0.105,0.1503,PET,82,HT,#8,#6,-0.2964,2.506,True
0.105,0.1503,PP,223,HT,#1,#6,-0.4755,2.4584,True
0.105,0.1503,PVC,562,LT,#1,#6,-0.6393,0.9015,True
0.105,0.1503,PS,714,LT,#8,-,-0.462,3.4083,True
0.105,0.1503,PE,741,HT,#1,#6,-0.5205,2.5154,True
0.11,0.1503,PET,82,HT,#8,#6,-0.3027,2.506,True
0.11,0.1503,PP,223,HT,#1,#6,-0.4941,2.4584,True
0.11,0.1503,PVC,562,LT,#1,#6,-0.6548,0.9015,True
0.11,0.1503,PS,714,LT,#8,-,-0.4785,3.4083,True
0.11,0.1503,PE,741,HT,#1,#6,-0.5419,2.5154,True
0.115,0.1503,PET,82,HT,#8,#6,-0.309,2.506,True
0.115,0.1503,PP,223,HT,#1,#6,-0.5127,2.4584,True
0.115,0.1503,PVC,693,OG,#6,-,-0.6682,0.4145,True
0.115,0.1503,PS,714,LT,#8,-,-0.4951,3.4083,True
0.115,0.1503,PE,741,HT,#1,#6,-0.5633,2.5154,True
0.12,0.1503,PET,82,HT,#8,#6,-0.3153,2.506,True
0.12,0.1503,PP,223,HT,#1,#6,-0.5313,2.4584,True
0.12,0.1503,PVC,693,OG,#6,-,-0.6754,0.4145,True
0.12,0.1503,PS,714,LT,#8,-,-0.5117,3.4083,True
0.12,0.1503,PE,741,HT,#1,#6,-0.5847,2.5154,True
0.125,0.1503,PET,82,HT,#8,#6,-0.3216,2.506,True
0.125,0.1503,PP,223,HT,#1,#6,-0.55,2.4584,True
0.125,0.1503,PVC,693,OG,#6,-,-0.6826,0.4145,True
0.125,0.1503,PS,714,LT,#8,-,-0.5282,3.4083,True
0.125,0.1503,PE,741,HT,#1,#6,-0.6061,2.5154,True
0.13,0.1503,PET,82,HT,#8,#6,-0.3279,2.506,True
0.13,0.1503,PP,223,HT,#1,#6,-0.5686,2.4584,True
0.13,0.1503,PVC,693,OG,#6,-,-0.6898,0.4145,True
0.13,0.1503,PS,714,LT,#8,-,-0.5448,3.4083,True
0.13,0.1503,PE,741,HT,#1,#6,-0.6275,2.5154,True
0.135,0.1503,PET,82,HT,#8,#6,-0.3342,2.506,True
0.135,0.1503,PP,223,HT,#1,#6,-0.5872,2.4584,True
0.135,0.1503,PVC,693,OG,#6,-,-0.697,0.4145,True
0.135,0.1503,PS,714,LT,#8,-,-0.5614,3.4083,True
0.135,0.1503,PE,741,HT,#1,#6,-0.6489,2.5154,True
0.14,0.1503,PET,82,HT,#8,#6,-0.3405,2.506,True
0.14,0.1503,PP,223,HT,#1,#6,-0.6058,2.4584,True
0.14,0.1503,PVC,693,OG,#6,-,-0.7043,0.4145,True
0.14,0.1503,PS,714,LT,#8,-,-0.578,3.4083,True
0.14,0.1503,PE,741,HT,#1,#6,-0.6704,2.5154,True
0.145,0.1503,PET,82,HT,#8,#6,-0.3468,2.506,True
0.145,0.1503,PP,223,HT,#1,#6,-0.6244,2.4584,True
0.145,0.1503,PVC,693,OG,#6,-,-0.7115,0.4145,True
0.145,0.1503,PS,714,LT,#8,-,-0.5945,3.4083,True
0.145,0.1503,PE,741,HT,#1,#6,-0.6918,2.5154,True
0.15,0.1503,PET,82,HT,#8,#6,-0.3531,2.506,True
0.15,0.1503,PP,223,HT,#1,#6,-0.6431,2.4584,True
0.15,0.1503,PVC,693,OG,#6,-,-0.7187,0.4145,True
0.15,0.1503,PS,714,LT,#8,-,-0.6111,3.4083,True
0.15,0.1503,PE,741,HT,#1,#6,-0.7132,2.5154,True
0.155,0.1503,PET,82,HT,#8,#6,-0.3594,2.506,True
0.155,0.1503,PP,223,HT,#1,#6,-0.6617,2.4584,True
0.155,0.1503,PVC,693,OG,#6,-,-0.7259,0.4145,True
0.155,0.1503,PS,714,LT,#8,-,-0.6277,3.4083,True
0.155,0.1503,PE,741,HT,#1,#6,-0.7346,2.5154,True
0.16,0.1503,PET,82,HT,#8,#6,-0.3657,2.506,True
0.16,0.1503,PP,223,HT,#1,#6,-0.6803,2.4584,True
0.16,0.1503,PVC,693,OG,#6,-,-0.7331,0.4145,True
0.16,0.1503,PS,714,LT,#8,-,-0.6442,3.4083,True
0.16,0.1503,PE,741,HT,#1,#6,-0.756,2.5154,True
0.165,0.1503,PET,82,HT,#8,#6,-0.372,2.506,True
0.165,0.1503,PP,223,HT,#1,#6,-0.6989,2.4584,True
0.165,0.1503,PVC,693,OG,#6,-,-0.7403,0.4145,True
0.165,0.1503,PS,714,LT,#8,-,-0.6608,3.4083,True
0.165,0.1503,PE,944,OG,#1,-,-0.7697,0.229,True
0.17,0.1503,PET,82,HT,#8,#6,-0.3782,2.506,True
0.17,0.1503,PP,223,HT,#1,#6,-0.7176,2.4584,True
0.17,0.1503,PVC,693,OG,#6,-,-0.7475,0.4145,True
0.17,0.1503,PS,714,LT,#8,-,-0.6774,3.4083,True
0.17,0.1503,PE,944,OG,#1,-,-0.7809,0.229,True
0.175,0.1503,PET,82,HT,#8,#6,-0.3845,2.506,True
0.175,0.1503,PP,223,HT,#1,#6,-0.7362,2.4584,True
0.175,0.1503,PVC,693,OG,#6,-,-0.7547,0.4145,True
0.175,0.1503,PS,714,LT,#8,-,-0.694,3.4083,True
0.175,0.1503,PE,944,OG,#1,-,-0.792,0.229,True
0.18,0.1503,PET,82,HT,#8,#6,-0.3908,2.506,True
0.18,0.1503,PP,223,HT,#1,#6,-0.7548,2.4584,True
0.18,0.1503,PVC,693,OG,#6,-,-0.7619,0.4145,True
0.18,0.1503,PS,714,LT,#8,-,-0.7105,3.4083,True
0.18,0.1503,PE,944,OG,#1,-,-0.8032,0.229,True
0.185,0.1503,PET,82,HT,#8,#6,-0.3971,2.506,True
0.185,0.1503,PP,223,HT,#1,#6,-0.7734,2.4584,True
0.185,0.1503,PVC,693,OG,#6,-,-0.7691,0.4145,True
0.185,0.1503,PS,714,LT,#8,-,-0.7271,3.4083,True
0.185,0.1503,PE,944,OG,#1,-,-0.8144,0.229,True
0.19,0.1503,PET,82,HT,#8,#6,-0.4034,2.506,True
0.19,0.1503,PP,223,HT,#1,#6,-0.792,2.4584,True
0.19,0.1503,PVC,693,OG,#6,-,-0.7763,0.4145,True
0.19,0.1503,PS,714,LT,#8,-,-0.7437,3.4083,True
0.19,0.1503,PE,944,OG,#1,-,-0.8256,0.229,True
0.195,0.1503,PET,82,HT,#8,#6,-0.4097,2.506,True
0.195,0.1503,PP,223,HT,#1,#6,-0.8107,2.4584,True
0.195,0.1503,PVC,693,OG,#6,-,-0.7835,0.4145,True
0.195,0.1503,PS,714,LT,#8,-,-0.7602,3.4083,True
0.195,0.1503,PE,944,OG,#1,-,-0.8367,0.229,True
0.2,0.1503,PET,82,HT,#8,#6,-0.416,2.506,True
0.2,0.1503,PP,223,HT,#1,#6,-0.8293,2.4584,True
0.2,0.1503,PVC,693,OG,#6,-,-0.7907,0.4145,True
0.2,0.1503,PS,714,LT,#8,-,-0.7768,3.4083,True
0.2,0.1503,PE,944,OG,#1,-,-0.8479,0.229,True
0.04,0.1744,PET,82,HT,#8,#6,-0.2146,2.4635,True
0.04,0.1744,PP,322,LT,#1,#6,-0.1775,2.104,True
0.04,0.1744,PVC,562,LT,#1,#6,-0.4376,0.8371,True
0.04,0.1744,PS,707,LT,#1,-,-0.2268,2.2739,True
0.04,0.1744,PE,741,HT,#1,#6,-0.2422,2.4148,True
0.045,0.1744,PET,82,HT,#8,#6,-0.2209,2.4635,True
0.045,0.1744,PP,322,LT,#1,#6,-0.2054,2.104,True
0.045,0.1744,PVC,562,LT,#1,#6,-0.4531,0.8371,True
0.045,0.1744,PS,714,LT,#8,-,-0.2631,3.3199,True
0.045,0.1744,PE,741,HT,#1,#6,-0.2636,2.4148,True
0.05,0.1744,PET,82,HT,#8,#6,-0.2272,2.4635,True
0.05,0.1744,PP,322,LT,#1,#6,-0.2333,2.104,True
0.05,0.1744,PVC,562,LT,#1,#6,-0.4686,0.8371,True
0.05,0.1744,PS,714,LT,#8,-,-0.2797,3.3199,True
0.05,0.1744,PE,741,HT,#1,#6,-0.285,2.4148,True
0.055,0.1744,PET,82,HT,#8,#6,-0.2335,2.4635,True
0.055,0.1744,PP,322,LT,#1,#6,-0.2613,2.104,True
0.055,0.1744,PVC,562,LT,#1,#6,-0.4841,0.8371,True
0.055,0.1744,PS,714,LT,#8,-,-0.2962,3.3199,True
0.055,0.1744,PE,741,HT,#1,#6,-0.3064,2.4148,True
0.06,0.1744,PET,82,HT,#8,#6,-0.2398,2.4635,True
0.06,0.1744,PP,322,LT,#1,#6,-0.2892,2.104,True
0.06,0.1744,PVC,562,LT,#1,#6,-0.4996,0.8371,True
0.06,0.1744,PS,714,LT,#8,-,-0.3128,3.3199,True
0.06,0.1744,PE,741,HT,#1,#6,-0.3278,2.4148,True
0.065,0.1744,PET,82,HT,#8,#6,-0.2461,2.4635,True
0.065,0.1744,PP,322,LT,#1,#6,-0.3171,2.104,True
0.065,0.1744,PVC,562,LT,#1,#6,-0.5151,0.8371,True
0.065,0.1744,PS,714,LT,#8,-,-0.3294,3.3199,True
0.065,0.1744,PE,741,HT,#1,#6,-0.3492,2.4148,True
0.07,0.1744,PET,82,HT,#8,#6,-0.2524,2.4635,True
0.07,0.1744,PP,322,LT,#1,#6,-0.345,2.104,True
0.07,0.1744,PVC,562,LT,#1,#6,-0.5307,0.8371,True
0.07,0.1744,PS,714,LT,#8,-,-0.346,3.3199,True
0.07,0.1744,PE,741,HT,#1,#6,-0.3706,2.4148,True
0.075,0.1744,PET,82,HT,#8,#6,-0.2587,2.4635,True
0.075,0.1744,PP,223,HT,#1,#6,-0.3637,2.3726,True
0.075,0.1744,PVC,562,LT,#1,#6,-0.5462,0.8371,True
0.075,0.1744,PS,714,LT,#8,-,-0.3625,3.3199,True
0.075,0.1744,PE,741,HT,#1,#6,-0.392,2.4148,True
0.08,0.1744,PET,82,HT,#8,#6,-0.265,2.4635,True
0.08,0.1744,PP,223,HT,#1,#6,-0.3823,2.3726,True
0.08,0.1744,PVC,562,LT,#1,#6,-0.5617,0.8371,True
0.08,0.1744,PS,714,LT,#8,-,-0.3791,3.3199,True
0.08,0.1744,PE,741,HT,#1,#6,-0.4134,2.4148,True
0.085,0.1744,PET,82,HT,#8,#6,-0.2713,2.4635,True
0.085,0.1744,PP,223,HT,#1,#6,-0.401,2.3726,True
0.085,0.1744,PVC,562,LT,#1,#6,-0.5772,0.8371,True
0.085,0.1744,PS,714,LT,#8,-,-0.3957,3.3199,True
0.085,0.1744,PE,741,HT,#1,#6,-0.4348,2.4148,True
0.09,0.1744,PET,82,HT,#8,#6,-0.2776,2.4635,True
0.09,0.1744,PP,223,HT,#1,#6,-0.4196,2.3726,True
0.09,0.1744,PVC,562,LT,#1,#6,-0.5927,0.8371,True
0.09,0.1744,PS,714,LT,#8,-,-0.4122,3.3199,True
0.09,0.1744,PE,741,HT,#1,#6,-0.4563,2.4148,True
0.095,0.1744,PET,82,HT,#8,#6,-0.2838,2.4635,True
0.095,0.1744,PP,223,HT,#1,#6,-0.4382,2.3726,True
0.095,0.1744,PVC,562,LT,#1,#6,-0.6083,0.8371,True
0.095,0.1744,PS,714,LT,#8,-,-0.4288,3.3199,True
0.095,0.1744,PE,741,HT,#1,#6,-0.4777,2.4148,True
0.1,0.1744,PET,82,HT,#8,#6,-0.2901,2.4635,True
0.1,0.1744,PP,223,HT,#1,#6,-0.4568,2.3726,True
0.1,0.1744,PVC,562,LT,#1,#6,-0.6238,0.8371,True
0.1,0.1744,PS,714,LT,#8,-,-0.4454,3.3199,True
0.1,0.1744,PE,741,HT,#1,#6,-0.4991,2.4148,True
0.105,0.1744,PET,82,HT,#8,#6,-0.2964,2.4635,True
0.105,0.1744,PP,223,HT,#1,#6,-0.4755,2.3726,True
0.105,0.1744,PVC,562,LT,#1,#6,-0.6393,0.8371,True
0.105,0.1744,PS,714,LT,#8,-,-0.462,3.3199,True
0.105,0.1744,PE,741,HT,#1,#6,-0.5205,2.4148,True
0.11,0.1744,PET,82,HT,#8,#6,-0.3027,2.4635,True
0.11,0.1744,PP,223,HT,#1,#6,-0.4941,2.3726,True
0.11,0.1744,PVC,562,LT,#1,#6,-0.6548,0.8371,True
0.11,0.1744,PS,714,LT,#8,-,-0.4785,3.3199,True
0.11,0.1744,PE,741,HT,#1,#6,-0.5419,2.4148,True
0.115,0.1744,PET,82,HT,#8,#6,-0.309,2.4635,True
0.115,0.1744,PP,223,HT,#1,#6,-0.5127,2.3726,True
0.115,0.1744,PVC,693,OG,#6,-,-0.6682,0.3793,True
0.115,0.1744,PS,714,LT,#8,-,-0.4951,3.3199,True
0.115,0.1744,PE,741,HT,#1,#6,-0.5633,2.4148,True
0.12,0.1744,PET,82,HT,#8,#6,-0.3153,2.4635,True
0.12,0.1744,PP,223,HT,#1,#6,-0.5313,2.3726,True
0.12,0.1744,PVC,693,OG,#6,-,-0.6754,0.3793,True
0.12,0.1744,PS,714,LT,#8,-,-0.5117,3.3199,True
0.12,0.1744,PE,741,HT,#1,#6,-0.5847,2.4148,True
0.125,0.1744,PET,82,HT,#8,#6,-0.3216,2.4635,True
0.125,0.1744,PP,223,HT,#1,#6,-0.55,2.3726,True
0.125,0.1744,PVC,693,OG,#6,-,-0.6826,0.3793,True
0.125,0.1744,PS,714,LT,#8,-,-0.5282,3.3199,True
0.125,0.1744,PE,741,HT,#1,#6,-0.6061,2.4148,True
0.13,0.1744,PET,82,HT,#8,#6,-0.3279,2.4635,True
0.13,0.1744,PP,223,HT,#1,#6,-0.5686,2.3726,True
0.13,0.1744,PVC,693,OG,#6,-,-0.6898,0.3793,True
0.13,0.1744,PS,714,LT,#8,-,-0.5448,3.3199,True
0.13,0.1744,PE,741,HT,#1,#6,-0.6275,2.4148,True
0.135,0.1744,PET,82,HT,#8,#6,-0.3342,2.4635,True
0.135,0.1744,PP,223,HT,#1,#6,-0.5872,2.3726,True
0.135,0.1744,PVC,693,OG,#6,-,-0.697,0.3793,True
0.135,0.1744,PS,714,LT,#8,-,-0.5614,3.3199,True
0.135,0.1744,PE,741,HT,#1,#6,-0.6489,2.4148,True
0.14,0.1744,PET,82,HT,#8,#6,-0.3405,2.4635,True
0.14,0.1744,PP,223,HT,#1,#6,-0.6058,2.3726,True
0.14,0.1744,PVC,693,OG,#6,-,-0.7043,0.3793,True
0.14,0.1744,PS,714,LT,#8,-,-0.578,3.3199,True
0.14,0.1744,PE,741,HT,#1,#6,-0.6704,2.4148,True
0.145,0.1744,PET,82,HT,#8,#6,-0.3468,2.4635,True
0.145,0.1744,PP,223,HT,#1,#6,-0.6244,2.3726,True
0.145,0.1744,PVC,693,OG,#6,-,-0.7115,0.3793,True
0.145,0.1744,PS,714,LT,#8,-,-0.5945,3.3199,True
0.145,0.1744,PE,741,HT,#1,#6,-0.6918,2.4148,True
0.15,0.1744,PET,82,HT,#8,#6,-0.3531,2.4635,True
0.15,0.1744,PP,223,HT,#1,#6,-0.6431,2.3726,True
0.15,0.1744,PVC,693,OG,#6,-,-0.7187,0.3793,True
0.15,0.1744,PS,714,LT,#8,-,-0.6111,3.3199,True
0.15,0.1744,PE,741,HT,#1,#6,-0.7132,2.4148,True
0.155,0.1744,PET,82,HT,#8,#6,-0.3594,2.4635,True
0.155,0.1744,PP,223,HT,#1,#6,-0.6617,2.3726,True
0.155,0.1744,PVC,693,OG,#6,-,-0.7259,0.3793,True
0.155,0.1744,PS,714,LT,#8,-,-0.6277,3.3199,True
0.155,0.1744,PE,741,HT,#1,#6,-0.7346,2.4148,True
0.16,0.1744,PET,82,HT,#8,#6,-0.3657,2.4635,True
0.16,0.1744,PP,223,HT,#1,#6,-0.6803,2.3726,True
0.16,0.1744,PVC,693,OG,#6,-,-0.7331,0.3793,True
0.16,0.1744,PS,714,LT,#8,-,-0.6442,3.3199,True
0.16,0.1744,PE,741,HT,#1,#6,-0.756,2.4148,True
0.165,0.1744,PET,82,HT,#8,#6,-0.372,2.4635,True
0.165,0.1744,PP,223,HT,#1,#6,-0.6989,2.3726,True
0.165,0.1744,PVC,693,OG,#6,-,-0.7403,0.3793,True
0.165,0.1744,PS,714,LT,#8,-,-0.6608,3.3199,True
0.165,0.1744,PE,944,OG,#1,-,-0.7697,0.1715,True
0.17,0.1744,PET,82,HT,#8,#6,-0.3782,2.4635,True
0.17,0.1744,PP,223,HT,#1,#6,-0.7176,2.3726,True
0.17,0.1744,PVC,693,OG,#6,-,-0.7475,0.3793,True
0.17,0.1744,PS,714,LT,#8,-,-0.6774,3.3199,True
0.17,0.1744,PE,944,OG,#1,-,-0.7809,0.1715,True
0.175,0.1744,PET,82,HT,#8,#6,-0.3845,2.4635,True
0.175,0.1744,PP,223,HT,#1,#6,-0.7362,2.3726,True
0.175,0.1744,PVC,693,OG,#6,-,-0.7547,0.3793,True
0.175,0.1744,PS,714,LT,#8,-,-0.694,3.3199,True
0.175,0.1744,PE,944,OG,#1,-,-0.792,0.1715,True
0.18,0.1744,PET,82,HT,#8,#6,-0.3908,2.4635,True
0.18,0.1744,PP,223,HT,#1,#6,-0.7548,2.3726,True
0.18,0.1744,PVC,693,OG,#6,-,-0.7619,0.3793,True
0.18,0.1744,PS,714,LT,#8,-,-0.7105,3.3199,True
0.18,0.1744,PE,944,OG,#1,-,-0.8032,0.1715,True
0.185,0.1744,PET,82,HT,#8,#6,-0.3971,2.4635,True
0.185,0.1744,PP,223,HT,#1,#6,-0.7734,2.3726,True
0.185,0.1744,PVC,693,OG,#6,-,-0.7691,0.3793,True
0.185,0.1744,PS,714,LT,#8,-,-0.7271,3.3199,True
0.185,0.1744,PE,944,OG,#1,-,-0.8144,0.1715,True
0.19,0.1744,PET,82,HT,#8,#6,-0.4034,2.4635,True
0.19,0.1744,PP,223,HT,#1,#6,-0.792,2.3726,True
0.19,0.1744,PVC,693,OG,#6,-,-0.7763,0.3793,True
0.19,0.1744,PS,714,LT,#8,-,-0.7437,3.3199,True
0.19,0.1744,PE,944,OG,#1,-,-0.8256,0.1715,True
0.195,0.1744,PET,82,HT,#8,#6,-0.4097,2.4635,True
0.195,0.1744,PP,223,HT,#1,#6,-0.8107,2.3726,True
0.195,0.1744,PVC,693,OG,#6,-,-0.7835,0.3793,True
0.195,0.1744,PS,714,LT,#8,-,-0.7602,3.3199,True
0.195,0.1744,PE,944,OG,#1,-,-0.8367,0.1715,True
0.2,0.1744,PET,82,HT,#8,#6,-0.416,2.4635,True
0.2,0.1744,PP,223,HT,#1,#6,-0.8293,2.3726,True
0.2,0.1744,PVC,693,OG,#6,-,-0.7907,0.3793,True
0.2,0.1744,PS,714,LT,#8,-,-0.7768,3.3199,True
0.2,0.1744,PE,944,OG,#1,-,-0.8479,0.1715,True
0.04,0.1984,PET,82,HT,#8,#6,-0.2146,2.4209,True
0.04,0.1984,PP,322,LT,#1,#6,-0.1775,1.9897,True
0.04,0.1984,PVC,562,LT,#1,#6,-0.4376,0.7728,True
0.04,0.1984,PS,707,LT,#1,-,-0.2268,2.1412,True
0.04,0.1984,PE,741,HT,#1,#6,-0.2422,2.3142,True
0.045,0.1984,PET,82,HT,#8,#6,-0.2209,2.4209,True
0.045,0.1984,PP,322,LT,#1,#6,-0.2054,1.9897,True
0.045,0.1984,PVC,562,LT,#1,#6,-0.4531,0.7728,True
0.045,0.1984,PS,714,LT,#8,-,-0.2631,3.2316,True
0.045,0.1984,PE,741,HT,#1,#6,-0.2636,2.3142,True
0.05,0.1984,PET,82,HT,#8,#6,-0.2272,2.4209,True
0.05,0.1984,PP,322,LT,#1,#6,-0.2333,1.9897,True
0.05,0.1984,PVC,562,LT,#1,#6,-0.4686,0.7728,True
0.05,0.1984,PS,714,LT,#8,-,-0.2797,3.2316,True
0.05,0.1984,PE,741,HT,#1,#6,-0.285,2.3142,True
0.055,0.1984,PET,82,HT,#8,#6,-0.2335,2.4209,True
0.055,0.1984,PP,322,LT,#1,#6,-0.2613,1.9897,True
0.055,0.1984,PVC,562,LT,#1,#6,-0.4841,0.7728,True
0.055,0.1984,PS,714,LT,#8,-,-0.2962,3.2316,True
0.055,0.1984,PE,741,HT,#1,#6,-0.3064,2.3142,True
0.06,0.1984,PET,82,HT,#8,#6,-0.2398,2.4209,True
0.06,0.1984,PP,322,LT,#1,#6,-0.2892,1.9897,True
0.06,0.1984,PVC,562,LT,#1,#6,-0.4996,0.7728,True
0.06,0.1984,PS,714,LT,#8,-,-0.3128,3.2316,True
0.06,0.1984,PE,741,HT,#1,#6,-0.3278,2.3142,True
0.065,0.1984,PET,82,HT,#8,#6,-0.2461,2.4209,True
0.065,0.1984,PP,322,LT,#1,#6,-0.3171,1.9897,True
0.065,0.1984,PVC,562,LT,#1,#6,-0.5151,0.7728,True
0.065,0.1984,PS,714,LT,#8,-,-0.3294,3.2316,True
0.065,0.1984,PE,741,HT,#1,#6,-0.3492,2.3142,True
0.07,0.1984,PET,82,HT,#8,#6,-0.2524,2.4209,True
0.07,0.1984,PP,322,LT,#1,#6,-0.345,1.9897,True
0.07,0.1984,PVC,562,LT,#1,#6,-0.5307,0.7728,True
0.07,0.1984,PS,714,LT,#8,-,-0.346,3.2316,True
0.07,0.1984,PE,741,HT,#1,#6,-0.3706,2.3142,True
0.075,0.1984,PET,82,HT,#8,#6,-0.2587,2.4209,True
0.075,0.1984,PP,223,HT,#1,#6,-0.3637,2.2867,True
0.075,0.1984,PVC,562,LT,#1,#6,-0.5462,0.7728,True
0.075,0.1984,PS,714,LT,#8,-,-0.3625,3.2316,True
0.075,0.1984,PE,741,HT,#1,#6,-0.392,2.3142,True
0.08,0.1984,PET,82,HT,#8,#6,-0.265,2.4209,True
0.08,0.1984,PP,223,HT,#1,#6,-0.3823,2.2867,True
0.08,0.1984,PVC,562,LT,#1,#6,-0.5617,0.7728,True
0.08,0.1984,PS,714,LT,#8,-,-0.3791,3.2316,True
0.08,0.1984,PE,741,HT,#1,#6,-0.4134,2.3142,True
0.085,0.1984,PET,82,HT,#8,#6,-0.2713,2.4209,True
0.085,0.1984,PP,223,HT,#1,#6,-0.401,2.2867,True
0.085,0.1984,PVC,562,LT,#1,#6,-0.5772,0.7728,True
0.085,0.1984,PS,714,LT,#8,-,-0.3957,3.2316,True
0.085,0.1984,PE,741,HT,#1,#6,-0.4348,2.3142,True
0.09,0.1984,PET,82,HT,#8,#6,-0.2776,2.4209,True
0.09,0.1984,PP,223,HT,#1,#6,-0.4196,2.2867,True
0.09,0.1984,PVC,562,LT,#1,#6,-0.5927,0.7728,True
0.09,0.1984,PS,714,LT,#8,-,-0.4122,3.2316,True
0.09,0.1984,PE,741,HT,#1,#6,-0.4563,2.3142,True
0.095,0.1984,PET,82,HT,#8,#6,-0.2838,2.4209,True
0.095,0.1984,PP,223,HT,#1,#6,-0.4382,2.2867,True
0.095,0.1984,PVC,562,LT,#1,#6,-0.6083,0.7728,True
0.095,0.1984,PS,714,LT,#8,-,-0.4288,3.2316,True
0.095,0.1984,PE,741,HT,#1,#6,-0.4777,2.3142,True
0.1,0.1984,PET,82,HT,#8,#6,-0.2901,2.4209,True
0.1,0.1984,PP,223,HT,#1,#6,-0.4568,2.2867,True
0.1,0.1984,PVC,562,LT,#1,#6,-0.6238,0.7728,True
0.1,0.1984,PS,714,LT,#8,-,-0.4454,3.2316,True
0.1,0.1984,PE,741,HT,#1,#6,-0.4991,2.3142,True
0.105,0.1984,PET,82,HT,#8,#6,-0.2964,2.4209,True
0.105,0.1984,PP,223,HT,#1,#6,-0.4755,2.2867,True
0.105,0.1984,PVC,562,LT,#1,#6,-0.6393,0.7728,True
0.105,0.1984,PS,714,LT,#8,-,-0.462,3.2316,True
0.105,0.1984,PE,741,HT,#1,#6,-0.5205,2.3142,True
0.11,0.1984,PET,82,HT,#8,#6,-0.3027,2.4209,True
0.11,0.1984,PP,223,HT,#1,#6,-0.4941,2.2867,True
0.11,0.1984,PVC,562,LT,#1,#6,-0.6548,0.7728,True
0.11,0.1984,PS,714,LT,#8,-,-0.4785,3.2316,True
0.11,0.1984,PE,741,HT,#1,#6,-0.5419,2.3142,True
0.115,0.1984,PET,82,HT,#8,#6,-0.309,2.4209,True
0.115,0.1984,PP,223,HT,#1,#6,-0.5127,2.2867,True
0.115,0.1984,PVC,693,OG,#6,-,-0.6682,0.3441,True
0.115,0.1984,PS,714,LT,#8,-,-0.4951,3.2316,True
0.115,0.1984,PE,741,HT,#1,#6,-0.5633,2.3142,True
0.12,0.1984,PET,82,HT,#8,#6,-0.3153,2.4209,True
0.12,0.1984,PP,223,HT,#1,#6,-0.5313,2.2867,True
0.12,0.1984,PVC,693,OG,#6,-,-0.6754,0.3441,True
0.12,0.1984,PS,714,LT,#8,-,-0.5117,3.2316,True
0.12,0.1984,PE,741,HT,#1,#6,-0.5847,2.3142,True
0.125,0.1984,PET,82,HT,#8,#6,-0.3216,2.4209,True
0.125,0.1984,PP,223,HT,#1,#6,-0.55,2.2867,True
0.125,0.1984,PVC,693,OG,#6,-,-0.6826,0.3441,True
0.125,0.1984,PS,714,LT,#8,-,-0.5282,3.2316,True
0.125,0.1984,PE,741,HT,#1,#6,-0.6061,2.3142,True
0.13,0.1984,PET,82,HT,#8,#6,-0.3279,2.4209,True
0.13,0.1984,PP,223,HT,#1,#6,-0.5686,2.2867,True
0.13,0.1984,PVC,693,OG,#6,-,-0.6898,0.3441,True
0.13,0.1984,PS,714,LT,#8,-,-0.5448,3.2316,True
0.13,0.1984,PE,741,HT,#1,#6,-0.6275,2.3142,True
0.135,0.1984,PET,82,HT,#8,#6,-0.3342,2.4209,True
0.135,0.1984,PP,223,HT,#1,#6,-0.5872,2.2867,True
0.135,0.1984,PVC,693,OG,#6,-,-0.697,0.3441,True
0.135,0.1984,PS,714,LT,#8,-,-0.5614,3.2316,True
0.135,0.1984,PE,741,HT,#1,#6,-0.6489,2.3142,True
0.14,0.1984,PET,82,HT,#8,#6,-0.3405,2.4209,True
0.14,0.1984,PP,223,HT,#1,#6,-0.6058,2.2867,True
0.14,0.1984,PVC,693,OG,#6,-,-0.7043,0.3441,True
0.14,0.1984,PS,714,LT,#8,-,-0.578,3.2316,True
0.14,0.1984,PE,741,HT,#1,#6,-0.6704,2.3142,True
0.145,0.1984,PET,82,HT,#8,#6,-0.3468,2.4209,True
0.145,0.1984,PP,223,HT,#1,#6,-0.6244,2.2867,True
0.145,0.1984,PVC,693,OG,#6,-,-0.7115,0.3441,True
0.145,0.1984,PS,714,LT,#8,-,-0.5945,3.2316,True
0.145,0.1984,PE,741,HT,#1,#6,-0.6918,2.3142,True
0.15,0.1984,PET,82,HT,#8,#6,-0.3531,2.4209,True
0.15,0.1984,PP,223,HT,#1,#6,-0.6431,2.2867,True
0.15,0.1984,PVC,693,OG,#6,-,-0.7187,0.3441,True
0.15,0.1984,PS,714,LT,#8,-,-0.6111,3.2316,True
0.15,0.1984,PE,741,HT,#1,#6,-0.7132,2.3142,True
0.155,0.1984,PET,82,HT,#8,#6,-0.3594,2.4209,True
0.155,0.1984,PP,223,HT,#1,#6,-0.6617,2.2867,True
0.155,0.1984,PVC,693,OG,#6,-,-0.7259,0.3441,True
0.155,0.1984,PS,714,LT,#8,-,-0.6277,3.2316,True
0.155,0.1984,PE,741,HT,#1,#6,-0.7346,2.3142,True
0.16,0.1984,PET,82,HT,#8,#6,-0.3657,2.4209,True
0.16,0.1984,PP,223,HT,#1,#6,-0.6803,2.2867,True
0.16,0.1984,PVC,693,OG,#6,-,-0.7331,0.3441,True
0.16,0.1984,PS,714,LT,#8,-,-0.6442,3.2316,True
0.16,0.1984,PE,741,HT,#1,#6,-0.756,2.3142,True
0.165,0.1984,PET,82,HT,#8,#6,-0.372,2.4209,True
0.165,0.1984,PP,223,HT,#1,#6,-0.6989,2.2867,True
0.165,0.1984,PVC,693,OG,#6,-,-0.7403,0.3441,True
0.165,0.1984,PS,714,LT,#8,-,-0.6608,3.2316,True
0.165,0.1984,PE,944,OG,#1,-,-0.7697,0.1139,True
0.17,0.1984,PET,82,HT,#8,#6,-0.3782,2.4209,True
0.17,0.1984,PP,223,HT,#1,#6,-0.7176,2.2867,True
0.17,0.1984,PVC,693,OG,#6,-,-0.7475,0.3441,True
0.17,0.1984,PS,714,LT,#8,-,-0.6774,3.2316,True
0.17,0.1984,PE,944,OG,#1,-,-0.7809,0.1139,True
0.175,0.1984,PET,82,HT,#8,#6,-0.3845,2.4209,True
0.175,0.1984,PP,223,HT,#1,#6,-0.7362,2.2867,True
0.175,0.1984,PVC,693,OG,#6,-,-0.7547,0.3441,True
0.175,0.1984,PS,714,LT,#8,-,-0.694,3.2316,True
0.175,0.1984,PE,944,OG,#1,-,-0.792,0.1139,True
0.18,0.1984,PET,82,HT,#8,#6,-0.3908,2.4209,True
0.18,0.1984,PP,223,HT,#1,#6,-0.7548,2.2867,True
0.18,0.1984,PVC,693,OG,#6,-,-0.7619,0.3441,True
0.18,0.1984,PS,714,LT,#8,-,-0.7105,3.2316,True
0.18,0.1984,PE,944,OG,#1,-,-0.8032,0.1139,True
0.185,0.1984,PET,82,HT,#8,#6,-0.3971,2.4209,True
0.185,0.1984,PP,223,HT,#1,#6,-0.7734,2.2867,True
0.185,0.1984,PVC,693,OG,#6,-,-0.7691,0.3441,True
0.185,0.1984,PS,714,LT,#8,-,-0.7271,3.2316,True
0.185,0.1984,PE,944,OG,#1,-,-0.8144,0.1139,True
0.19,0.1984,PET,82,HT,#8,#6,-0.4034,2.4209,True
0.19,0.1984,PP,223,HT,#1,#6,-0.792,2.2867,True
0.19,0.1984,PVC,693,OG,#6,-,-0.7763,0.3441,True
0.19,0.1984,PS,714,LT,#8,-,-0.7437,3.2316,True
0.19,0.1984,PE,944,OG,#1,-,-0.8256,0.1139,True
0.195,0.1984,PET,82,HT,#8,#6,-0.4097,2.4209,True
0.195,0.1984,PP,223,HT,#1,#6,-0.8107,2.2867,True
0.195,0.1984,PVC,693,OG,#6,-,-0.7835,0.3441,True
0.195,0.1984,PS,714,LT,#8,-,-0.7602,3.2316,True
0.195,0.1984,PE,944,OG,#1,-,-0.8367,0.1139,True
0.2,0.1984,PET,82,HT,#8,#6,-0.416,2.4209,True
0.2,0.1984,PP,223,HT,#1,#6,-0.8293,2.2867,True
0.2,0.1984,PVC,693,OG,#6,-,-0.7907,0.3441,True
0.2,0.1984,PS,714,LT,#8,-,-0.7768,3.2316,True
0.2,0.1984,PE,944,OG,#1,-,-0.8479,0.1139,True
0.04,0.2225,PET,82,HT,#8,#6,-0.2146,2.3783,True
0.04,0.2225,PP,322,LT,#1,#6,-0.1775,1.8754,True
0.04,0.2225,PVC,562,LT,#1,#6,-0.4376,0.7085,True
0.04,0.2225,PS,707,LT,#1,-,-0.2268,2.0084,True
0.04,0.2225,PE,741,HT,#1,#6,-0.2422,2.2135,True
0.045,0.2225,PET,82,HT,#8,#6,-0.2209,2.3783,True
0.045,0.2225,PP,322,LT,#1,#6,-0.2054,1.8754,True
0.045,0.2225,PVC,562,LT,#1,#6,-0.4531,0.7085,True
0.045,0.2225,PS,714,LT,#8,-,-0.2631,3.1433,True
0.045,0.2225,PE,741,HT,#1,#6,-0.2636,2.2135,True
0.05,0.2225,PET,82,HT,#8,#6,-0.2272,2.3783,True
0.05,0.2225,PP,322,LT,#1,#6,-0.2333,1.8754,True
0.05,0.2225,PVC,562,LT,#1,#6,-0.4686,0.7085,True
0.05,0.2225,PS,714,LT,#8,-,-0.2797,3.1433,True
0.05,0.2225,PE,741,HT,#1,#6,-0.285,2.2135,True
0.055,0.2225,PET,82,HT,#8,#6,-0.2335,2.3783,True
0.055,0.2225,PP,322,LT,#1,#6,-0.2613,1.8754,True
0.055,0.2225,PVC,562,LT,#1,#6,-0.4841,0.7085,True
0.055,0.2225,PS,714,LT,#8,-,-0.2962,3.1433,True
0.055,0.2225,PE,741,HT,#1,#6,-0.3064,2.2135,True
0.06,0.2225,PET,82,HT,#8,#6,-0.2398,2.3783,True
0.06,0.2225,PP,322,LT,#1,#6,-0.2892,1.8754,True
0.06,0.2225,PVC,562,LT,#1,#6,-0.4996,0.7085,True
0.06,0.2225,PS,714,LT,#8,-,-0.3128,3.1433,True
0.06,0.2225,PE,741,HT,#1,#6,-0.3278,2.2135,True
0.065,0.2225,PET,82,HT,#8,#6,-0.2461,2.3783,True
0.065,0.2225,PP,322,LT,#1,#6,-0.3171,1.8754,True
0.065,0.2225,PVC,562,LT,#1,#6,-0.5151,0.7085,True
0.065,0.2225,PS,714,LT,#8,-,-0.3294,3.1433,True
0.065,0.2225,PE,741,HT,#1,#6,-0.3492,2.2135,True
0.07,0.2225,PET,82,HT,#8,#6,-0.2524,2.3783,True
0.07,0.2225,PP,322,LT,#1,#6,-0.345,1.8754,True
0.07,0.2225,PVC,562,LT,#1,#6,-0.5307,0.7085,True
0.07,0.2225,PS,714,LT,#8,-,-0.346,3.1433,True
0.07,0.2225,PE,741,HT,#1,#6,-0.3706,2.2135,True
0.075,0.2225,PET,82,HT,#8,#6,-0.2587,2.3783,True
0.075,0.2225,PP,223,HT,#1,#6,-0.3637,2.2009,True
0.075,0.2225,PVC,562,LT,#1,#6,-0.5462,0.7085,True
0.075,0.2225,PS,714,LT,#8,-,-0.3625,3.1433,True
0.075,0.2225,PE,741,HT,#1,#6,-0.392,2.2135,True
0.08,0.2225,PET,82,HT,#8,#6,-0.265,2.3783,True
0.08,0.2225,PP,223,HT,#1,#6,-0.3823,2.2009,True
0.08,0.2225,PVC,562,LT,#1,#6,-0.5617,0.7085,True
0.08,0.2225,PS,714,LT,#8,-,-0.3791,3.1433,True
0.08,0.2225,PE,741,HT,#1,#6,-0.4134,2.2135,True
0.085,0.2225,PET,82,HT,#8,#6,-0.2713,2.3783,True
0.085,0.2225,PP,223,HT,#1,#6,-0.401,2.2009,True
0.085,0.2225,PVC,562,LT,#1,#6,-0.5772,0.7085,True
0.085,0.2225,PS,714,LT,#8,-,-0.3957,3.1433,True
0.085,0.2225,PE,741,HT,#1,#6,-0.4348,2.2135,True
0.09,0.2225,PET,82,HT,#8,#6,-0.2776,2.3783,True
0.09,0.2225,PP,223,HT,#1,#6,-0.4196,2.2009,True
0.09,0.2225,PVC,562,LT,#1,#6,-0.5927,0.7085,True
0.09,0.2225,PS,714,LT,#8,-,-0.4122,3.1433,True
0.09,0.2225,PE,741,HT,#1,#6,-0.4563,2.2135,True
0.095,0.2225,PET,82,HT,#8,#6,-0.2838,2.3783,True
0.095,0.2225,PP,223,HT,#1,#6,-0.4382,2.2009,True
0.095,0.2225,PVC,562,LT,#1,#6,-0.6083,0.7085,True
0.095,0.2225,PS,714,LT,#8,-,-0.4288,3.1433,True
0.095,0.2225,PE,741,HT,#1,#6,-0.4777,2.2135,True
0.1,0.2225,PET,82,HT,#8,#6,-0.2901,2.3783,True
0.1,0.2225,PP,223,HT,#1,#6,-0.4568,2.2009,True
0.1,0.2225,PVC,562,LT,#1,#6,-0.6238,0.7085,True
0.1,0.2225,PS,714,LT,#8,-,-0.4454,3.1433,True
0.1,0.2225,PE,741,HT,#1,#6,-0.4991,2.2135,True
0.105,0.2225,PET,82,HT,#8,#6,-0.2964,2.3783,True
0.105,0.2225,PP,223,HT,#1,#6,-0.4755,2.2009,True
0.105,0.2225,PVC,562,LT,#1,#6,-0.6393,0.7085,True
0.105,0.2225,PS,714,LT,#8,-,-0.462,3.1433,True
0.105,0.2225,PE,741,HT,#1,#6,-0.5205,2.2135,True
0.11,0.2225,PET,82,HT,#8,#6,-0.3027,2.3783,True
0.11,0.2225,PP,223,HT,#1,#6,-0.4941,2.2009,True
0.11,0.2225,PVC,562,LT,#1,#6,-0.6548,0.7085,True
0.11,0.2225,PS,714,LT,#8,-,-0.4785,3.1433,True
0.11,0.2225,PE,741,HT,#1,#6,-0.5419,2.2135,True
0.115,0.2225,PET,82,HT,#8,#6,-0.309,2.3783,True
0.115,0.2225,PP,223,HT,#1,#6,-0.5127,2.2009,True
0.115,0.2225,PVC,693,OG,#6,-,-0.6682,0.3088,True
0.115,0.2225,PS,714,LT,#8,-,-0.4951,3.1433,True
0.115,0.2225,PE,741,HT,#1,#6,-0.5633,2.2135,True
0.12,0.2225,PET,82,HT,#8,#6,-0.3153,2.3783,True
0.12,0.2225,PP,223,HT,#1,#6,-0.5313,2.2009,True
0.12,0.2225,PVC,693,OG,#6,-,-0.6754,0.3088,True
0.12,0.2225,PS,714,LT,#8,-,-0.5117,3.1433,True
0.12,0.2225,PE,741,HT,#1,#6,-0.5847,2.2135,True
0.125,0.2225,PET,82,HT,#8,#6,-0.3216,2.3783,True
0.125,0.2225,PP,223,HT,#1,#6,-0.55,2.2009,True
0.125,0.2225,PVC,693,OG,#6,-,-0.6826,0.3088,True
0.125,0.2225,PS,714,LT,#8,-,-0.5282,3.1433,True
0.125,0.2225,PE,741,HT,#1,#6,-0.6061,2.2135,True
0.13,0.2225,PET,82,HT,#8,#6,-0.3279,2.3783,True
0.13,0.2225,PP,223,HT,#1,#6,-0.5686,2.2009,True
0.13,0.2225,PVC,693,OG,#6,-,-0.6898,0.3088,True
0.13,0.2225,PS,714,LT,#8,-,-0.5448,3.1433,True
0.13,0.2225,PE,741,HT,#1,#6,-0.6275,2.2135,True
0.135,0.2225,PET,82,HT,#8,#6,-0.3342,2.3783,True
0.135,0.2225,PP,223,HT,#1,#6,-0.5872,2.2009,True
0.135,0.2225,PVC,693,OG,#6,-,-0.697,0.3088,True
0.135,0.2225,PS,714,LT,#8,-,-0.5614,3.1433,True
0.135,0.2225,PE,741,HT,#1,#6,-0.6489,2.2135,True
0.14,0.2225,PET,82,HT,#8,#6,-0.3405,2.3783,True
0.14,0.2225,PP,223,HT,#1,#6,-0.6058,2.2009,True
0.14,0.2225,PVC,693,OG,#6,-,-0.7043,0.3088,True
0.14,0.2225,PS,714,LT,#8,-,-0.578,3.1433,True
0.14,0.2225,PE,741,HT,#1,#6,-0.6704,2.2135,True
0.145,0.2225,PET,82,HT,#8,#6,-0.3468,2.3783,True
0.145,0.2225,PP,223,HT,#1,#6,-0.6244,2.2009,True
0.145,0.2225,PVC,693,OG,#6,-,-0.7115,0.3088,True
0.145,0.2225,PS,714,LT,#8,-,-0.5945,3.1433,True
0.145,0.2225,PE,741,HT,#1,#6,-0.6918,2.2135,True
0.15,0.2225,PET,82,HT,#8,#6,-0.3531,2.3783,True
0.15,0.2225,PP,223,HT,#1,#6,-0.6431,2.2009,True
0.15,0.2225,PVC,693,OG,#6,-,-0.7187,0.3088,True
0.15,0.2225,PS,714,LT,#8,-,-0.6111,3.1433,True
0.15,0.2225,PE,741,HT,#1,#6,-0.7132,2.2135,True
0.155,0.2225,PET,82,HT,#8,#6,-0.3594,2.3783,True
0.155,0.2225,PP,223,HT,#1,#6,-0.6617,2.2009,True
0.155,0.2225,PVC,693,OG,#6,-,-0.7259,0.3088,True
0.155,0.2225,PS,714,LT,#8,-,-0.6277,3.1433,True
0.155,0.2225,PE,741,HT,#1,#6,-0.7346,2.2135,True
0.16,0.2225,PET,82,HT,#8,#6,-0.3657,2.3783,True
0.16,0.2225,PP,223,HT,#1,#6,-0.6803,2.2009,True
0.16,0.2225,PVC,693,OG,#6,-,-0.7331,0.3088,True
0.16,0.2225,PS,714,LT,#8,-,-0.6442,3.1433,True
0.16,0.2225,PE,741,HT,#1,#6,-0.756,2.2135,True
0.165,0.2225,PET,82,HT,#8,#6,-0.372,2.3783,True
0.165,0.2225,PP,223,HT,#1,#6,-0.6989,2.2009,True
0.165,0.2225,PVC,693,OG,#6,-,-0.7403,0.3088,True
0.165,0.2225,PS,714,LT,#8,-,-0.6608,3.1433,True
0.165,0.2225,PE,944,OG,#1,-,-0.7697,0.0564,True
0.17,0.2225,PET,82,HT,#8,#6,-0.3782,2.3783,True
0.17,0.2225,PP,223,HT,#1,#6,-0.7176,2.2009,True
0.17,0.2225,PVC,693,OG,#6,-,-0.7475,0.3088,True
0.17,0.2225,PS,714,LT,#8,-,-0.6774,3.1433,True
0.17,0.2225,PE,944,OG,#1,-,-0.7809,0.0564,True
0.175,0.2225,PET,82,HT,#8,#6,-0.3845,2.3783,True
0.175,0.2225,PP,223,HT,#1,#6,-0.7362,2.2009,True
0.175,0.2225,PVC,693,OG,#6,-,-0.7547,0.3088,True
0.175,0.2225,PS,714,LT,#8,-,-0.694,3.1433,True
0.175,0.2225,PE,944,OG,#1,-,-0.792,0.0564,True
0.18,0.2225,PET,82,HT,#8,#6,-0.3908,2.3783,True
0.18,0.2225,PP,223,HT,#1,#6,-0.7548,2.2009,True
0.18,0.2225,PVC,693,OG,#6,-,-0.7619,0.3088,True
0.18,0.2225,PS,714,LT,#8,-,-0.7105,3.1433,True
0.18,0.2225,PE,944,OG,#1,-,-0.8032,0.0564,True
0.185,0.2225,PET,82,HT,#8,#6,-0.3971,2.3783,True
0.185,0.2225,PP,223,HT,#1,#6,-0.7734,2.2009,True
0.185,0.2225,PVC,693,OG,#6,-,-0.7691,0.3088,True
0.185,0.2225,PS,714,LT,#8,-,-0.7271,3.1433,True
0.185,0.2225,PE,944,OG,#1,-,-0.8144,0.0564,True
0.19,0.2225,PET,82,HT,#8,#6,-0.4034,2.3783,True
0.19,0.2225,PP,223,HT,#1,#6,-0.792,2.2009,True
0.19,0.2225,PVC,693,OG,#6,-,-0.7763,0.3088,True
0.19,0.2225,PS,714,LT,#8,-,-0.7437,3.1433,True
0.19,0.2225,PE,944,OG,#1,-,-0.8256,0.0564,True
0.195,0.2225,PET,82,HT,#8,#6,-0.4097,2.3783,True
0.195,0.2225,PP,223,HT,#1,#6,-0.8107,2.2009,True
0.195,0.2225,PVC,693,OG,#6,-,-0.7835,0.3088,True
0.195,0.2225,PS,714,LT,#8,-,-0.7602,3.1433,True
0.195,0.2225,PE,944,OG,#1,-,-0.8367,0.0564,True
0.2,0.2225,PET,82,HT,#8,#6,-0.416,2.3783,True
0.2,0.2225,PP,223,HT,#1,#6,-0.8293,2.2009,True
0.2,0.2225,PVC,693,OG,#6,-,-0.7907,0.3088,True
0.2,0.2225,PS,714,LT,#8,-,-0.7768,3.1433,True
0.2,0.2225,PE,944,OG,#1,-,-0.8479,0.0564,True
0.04,0.2466,PET,82,HT,#8,#6,-0.2146,2.3358,True
0.04,0.2466,PP,322,LT,#1,#6,-0.1775,1.761,True
0.04,0.2466,PVC,562,LT,#1,#6,-0.4376,0.6441,True
0.04,0.2466,PS,707,LT,#1,-,-0.2268,1.8756,True
0.04,0.2466,PE,741,HT,#1,#6,-0.2422,2.1129,True
0.045,0.2466,PET,82,HT,#8,#6,-0.2209,2.3358,True
0.045,0.2466,PP,322,LT,#1,#6,-0.2054,1.761,True
0.045,0.2466,PVC,562,LT,#1,#6,-0.4531,0.6441,True
0.045,0.2466,PS,714,LT,#8,-,-0.2631,3.0549,True
0.045,0.2466,PE,741,HT,#1,#6,-0.2636,2.1129,True
0.05,0.2466,PET,82,HT,#8,#6,-0.2272,2.3358,True
0.05,0.2466,PP,322,LT,#1,#6,-0.2333,1.761,True
0.05,0.2466,PVC,562,LT,#1,#6,-0.4686,0.6441,True
0.05,0.2466,PS,714,LT,#8,-,-0.2797,3.0549,True
0.05,0.2466,PE,741,HT,#1,#6,-0.285,2.1129,True
0.055,0.2466,PET,82,HT,#8,#6,-0.2335,2.3358,True
0.055,0.2466,PP,322,LT,#1,#6,-0.2613,1.761,True
0.055,0.2466,PVC,562,LT,#1,#6,-0.4841,0.6441,True
0.055,0.2466,PS,714,LT,#8,-,-0.2962,3.0549,True
0.055,0.2466,PE,741,HT,#1,#6,-0.3064,2.1129,True
0.06,0.2466,PET,82,HT,#8,#6,-0.2398,2.3358,True
0.06,0.2466,PP,322,LT,#1,#6,-0.2892,1.761,True
0.06,0.2466,PVC,562,LT,#1,#6,-0.4996,0.6441,True
0.06,0.2466,PS,714,LT,#8,-,-0.3128,3.0549,True
0.06,0.2466,PE,741,HT,#1,#6,-0.3278,2.1129,True
0.065,0.2466,PET,82,HT,#8,#6,-0.2461,2.3358,True
0.065,0.2466,PP,322,LT,#1,#6,-0.3171,1.761,True
0.065,0.2466,PVC,562,LT,#1,#6,-0.5151,0.6441,True
0.065,0.2466,PS,714,LT,#8,-,-0.3294,3.0549,True
0.065,0.2466,PE,741,HT,#1,#6,-0.3492,2.1129,True
0.07,0.2466,PET,82,HT,#8,#6,-0.2524,2.3358,True
0.07,0.2466,PP,322,LT,#1,#6,-0.345,1.761,True
0.07,0.2466,PVC,562,LT,#1,#6,-0.5307,0.6441,True
0.07,0.2466,PS,714,LT,#8,-,-0.346,3.0549,True
0.07,0.2466,PE,741,HT,#1,#6,-0.3706,2.1129,True
0.075,0.2466,PET,82,HT,#8,#6,-0.2587,2.3358,True
0.075,0.2466,PP,223,HT,#1,#6,-0.3637,2.1151,True
0.075,0.2466,PVC,562,LT,#1,#6,-0.5462,0.6441,True
0.075,0.2466,PS,714,LT,#8,-,-0.3625,3.0549,True
0.075,0.2466,PE,741,HT,#1,#6,-0.392,2.1129,True
0.08,0.2466,PET,82,HT,#8,#6,-0.265,2.3358,True
0.08,0.2466,PP,223,HT,#1,#6,-0.3823,2.1151,True
0.08,0.2466,PVC,562,LT,#1,#6,-0.5617,0.6441,True
0.08,0.2466,PS,714,LT,#8,-,-0.3791,3.0549,True
0.08,0.2466,PE,741,HT,#1,#6,-0.4134,2.1129,True
0.085,0.2466,PET,82,HT,#8,#6,-0.2713,2.3358,True
0.085,0.2466,PP,223,HT,#1,#6,-0.401,2.1151,True
0.085,0.2466,PVC,562,LT,#1,#6,-0.5772,0.6441,True
0.085,0.2466,PS,714,LT,#8,-,-0.3957,3.0549,True
0.085,0.2466,PE,741,HT,#1,#6,-0.4348,2.1129,True
0.09,0.2466,PET,82,HT,#8,#6,-0.2776,2.3358,True
0.09,0.2466,PP,223,HT,#1,#6,-0.4196,2.1151,True
0.09,0.2466,PVC,562,LT,#1,#6,-0.5927,0.6441,True
0.09,0.2466,PS,714,LT,#8,-,-0.4122,3.0549,True
0.09,0.2466,PE,741,HT,#1,#6,-0.4563,2.1129,True
0.095,0.2466,PET,82,HT,#8,#6,-0.2838,2.3358,True
0.095,0.2466,PP,223,HT,#1,#6,-0.4382,2.1151,True
0.095,0.2466,PVC,562,LT,#1,#6,-0.6083,0.6441,True
0.095,0.2466,PS,714,LT,#8,-,-0.4288,3.0549,True
0.095,0.2466,PE,741,HT,#1,#6,-0.4777,2.1129,True
0.1,0.2466,PET,82,HT,#8,#6,-0.2901,2.3358,True
0.1,0.2466,PP,223,HT,#1,#6,-0.4568,2.1151,True
0.1,0.2466,PVC,562,LT,#1,#6,-0.6238,0.6441,True
0.1,0.2466,PS,714,LT,#8,-,-0.4454,3.0549,True
0.1,0.2466,PE,741,HT,#1,#6,-0.4991,2.1129,True
0.105,0.2466,PET,82,HT,#8,#6,-0.2964,2.3358,True
0.105,0.2466,PP,223,HT,#1,#6,-0.4755,2.1151,True
0.105,0.2466,PVC,562,LT,#1,#6,-0.6393,0.6441,True
0.105,0.2466,PS,714,LT,#8,-,-0.462,3.0549,True
0.105,0.2466,PE,741,HT,#1,#6,-0.5205,2.1129,True
0.11,0.2466,PET,82,HT,#8,#6,-0.3027,2.3358,True
0.11,0.2466,PP,223,HT,#1,#6,-0.4941,2.1151,True
0.11,0.2466,PVC,562,LT,#1,#6,-0.6548,0.6441,True
0.11,0.2466,PS,714,LT,#8,-,-0.4785,3.0549,True
0.11,0.2466,PE,741,HT,#1,#6,-0.5419,2.1129,True
0.115,0.2466,PET,82,HT,#8,#6,-0.309,2.3358,True
0.115,0.2466,PP,223,HT,#1,#6,-0.5127,2.1151,True
0.115,0.2466,PVC,693,OG,#6,-,-0.6682,0.2736,True
0.115,0.2466,PS,714,LT,#8,-,-0.4951,3.0549,True
0.115,0.2466,PE,741,HT,#1,#6,-0.5633,2.1129,True
0.12,0.2466,PET,82,HT,#8,#6,-0.3153,2.3358,True
0.12,0.2466,PP,223,HT,#1,#6,-0.5313,2.1151,True
0.12,0.2466,PVC,693,OG,#6,-,-0.6754,0.2736,True
0.12,0.2466,PS,714,LT,#8,-,-0.5117,3.0549,True
0.12,0.2466,PE,741,HT,#1,#6,-0.5847,2.1129,True
0.125,0.2466,PET,82,HT,#8,#6,-0.3216,2.3358,True
0.125,0.2466,PP,223,HT,#1,#6,-0.55,2.1151,True
0.125,0.2466,PVC,693,OG,#6,-,-0.6826,0.2736,True
0.125,0.2466,PS,714,LT,#8,-,-0.5282,3.0549,True
0.125,0.2466,PE,741,HT,#1,#6,-0.6061,2.1129,True
0.13,0.2466,PET,82,HT,#8,#6,-0.3279,2.3358,True
0.13,0.2466,PP,223,HT,#1,#6,-0.5686,2.1151,True
0.13,0.2466,PVC,693,OG,#6,-,-0.6898,0.2736,True
0.13,0.2466,PS,714,LT,#8,-,-0.5448,3.0549,True
0.13,0.2466,PE,741,HT,#1,#6,-0.6275,2.1129,True
0.135,0.2466,PET,82,HT,#8,#6,-0.3342,2.3358,True
0.135,0.2466,PP,223,HT,#1,#6,-0.5872,2.1151,True
0.135,0.2466,PVC,693,OG,#6,-,-0.697,0.2736,True
0.135,0.2466,PS,714,LT,#8,-,-0.5614,3.0549,True
0.135,0.2466,PE,741,HT,#1,#6,-0.6489,2.1129,True
0.14,0.2466,PET,82,HT,#8,#6,-0.3405,2.3358,True
0.14,0.2466,PP,223,HT,#1,#6,-0.6058,2.1151,True
0.14,0.2466,PVC,693,OG,#6,-,-0.7043,0.2736,True
0.14,0.2466,PS,714,LT,#8,-,-0.578,3.0549,True
0.14,0.2466,PE,741,HT,#1,#6,-0.6704,2.1129,True
0.145,0.2466,PET,82,HT,#8,#6,-0.3468,2.3358,True
0.145,0.2466,PP,223,HT,#1,#6,-0.6244,2.1151,True
0.145,0.2466,PVC,693,OG,#6,-,-0.7115,0.2736,True
0.145,0.2466,PS,714,LT,#8,-,-0.5945,3.0549,True
0.145,0.2466,PE,741,HT,#1,#6,-0.6918,2.1129,True
0.15,0.2466,PET,82,HT,#8,#6,-0.3531,2.3358,True
0.15,0.2466,PP,223,HT,#1,#6,-0.6431,2.1151,True
0.15,0.2466,PVC,693,OG,#6,-,-0.7187,0.2736,True
0.15,0.2466,PS,714,LT,#8,-,-0.6111,3.0549,True
0.15,0.2466,PE,741,HT,#1,#6,-0.7132,2.1129,True
0.155,0.2466,PET,82,HT,#8,#6,-0.3594,2.3358,True
0.155,0.2466,PP,223,HT,#1,#6,-0.6617,2.1151,True
0.155,0.2466,PVC,693,OG,#6,-,-0.7259,0.2736,True
0.155,0.2466,PS,714,LT,#8,-,-0.6277,3.0549,True
0.155,0.2466,PE,741,HT,#1,#6,-0.7346,2.1129,True
0.16,0.2466,PET,82,HT,#8,#6,-0.3657,2.3358,True
0.16,0.2466,PP,223,HT,#1,#6,-0.6803,2.1151,True
0.16,0.2466,PVC,693,OG,#6,-,-0.7331,0.2736,True
0.16,0.2466,PS,714,LT,#8,-,-0.6442,3.0549,True
0.16,0.2466,PE,741,HT,#1,#6,-0.756,2.1129,True
0.165,0.2466,PET,82,HT,#8,#6,-0.372,2.3358,True
0.165,0.2466,PP,223,HT,#1,#6,-0.6989,2.1151,True
0.165,0.2466,PVC,693,OG,#6,-,-0.7403,0.2736,True
0.165,0.2466,PS,714,LT,#8,-,-0.6608,3.0549,True
0.165,0.2466,PE,741,HT,#1,#6,-0.7774,2.1129,True
0.17,0.2466,PET,82,HT,#8,#6,-0.3782,2.3358,True
0.17,0.2466,PP,223,HT,#1,#6,-0.7176,2.1151,True
0.17,0.2466,PVC,693,OG,#6,-,-0.7475,0.2736,True
0.17,0.2466,PS,714,LT,#8,-,-0.6774,3.0549,True
0.17,0.2466,PE,741,HT,#1,#6,-0.7988,2.1129,True
0.175,0.2466,PET,82,HT,#8,#6,-0.3845,2.3358,True
0.175,0.2466,PP,223,HT,#1,#6,-0.7362,2.1151,True
0.175,0.2466,PVC,693,OG,#6,-,-0.7547,0.2736,True
0.175,0.2466,PS,714,LT,#8,-,-0.694,3.0549,True
0.175,0.2466,PE,741,HT,#1,#6,-0.8202,2.1129,True
0.18,0.2466,PET,82,HT,#8,#6,-0.3908,2.3358,True
0.18,0.2466,PP,223,HT,#1,#6,-0.7548,2.1151,True
0.18,0.2466,PVC,693,OG,#6,-,-0.7619,0.2736,True
0.18,0.2466,PS,714,LT,#8,-,-0.7105,3.0549,True
0.18,0.2466,PE,741,HT,#1,#6,-0.8416,2.1129,True
0.185,0.2466,PET,82,HT,#8,#6,-0.3971,2.3358,True
0.185,0.2466,PP,223,HT,#1,#6,-0.7734,2.1151,True
0.185,0.2466,PVC,693,OG,#6,-,-0.7691,0.2736,True
0.185,0.2466,PS,714,LT,#8,-,-0.7271,3.0549,True
0.185,0.2466,PE,741,HT,#1,#6,-0.863,2.1129,True
0.19,0.2466,PET,82,HT,#8,#6,-0.4034,2.3358,True
0.19,0.2466,PP,223,HT,#1,#6,-0.792,2.1151,True
0.19,0.2466,PVC,693,OG,#6,-,-0.7763,0.2736,True
0.19,0.2466,PS,714,LT,#8,-,-0.7437,3.0549,True
0.19,0.2466,PE,741,HT,#1,#6,-0.8845,2.1129,True
0.195,0.2466,PET,82,HT,#8,#6,-0.4097,2.3358,True
0.195,0.2466,PP,223,HT,#1,#6,-0.8107,2.1151,True
0.195,0.2466,PVC,693,OG,#6,-,-0.7835,0.2736,True
0.195,0.2466,PS,714,LT,#8,-,-0.7602,3.0549,True
0.195,0.2466,PE,741,HT,#1,#6,-0.9059,2.1129,True
0.2,0.2466,PET,82,HT,#8,#6,-0.416,2.3358,True
0.2,0.2466,PP,223,HT,#1,#6,-0.8293,2.1151,True
0.2,0.2466,PVC,693,OG,#6,-,-0.7907,0.2736,True
0.2,0.2466,PS,714,LT,#8,-,-0.7768,3.0549,True
0.2,0.2466,PE,741,HT,#1,#6,-0.9273,2.1129,True
0.04,0.2706,PET,82,HT,#8,#6,-0.2146,2.2932,True
0.04,0.2706,PP,322,LT,#1,#6,-0.1775,1.6467,True
0.04,0.2706,PVC,562,LT,#1,#6,-0.4376,0.5798,True
0.04,0.2706,PS,707,LT,#1,-,-0.2268,1.7428,True
0.04,0.2706,PE,741,HT,#1,#6,-0.2422,2.0123,True
0.045,0.2706,PET,82,HT,#8,#6,-0.2209,2.2932,True
0.045,0.2706,PP,322,LT,#1,#6,-0.2054,1.6467,True
0.045,0.2706,PVC,562,LT,#1,#6,-0.4531,0.5798,True
0.045,0.2706,PS,714,LT,#8,-,-0.2631,2.9666,True
0.045,0.2706,PE,741,HT,#1,#6,-0.2636,2.0123,True
0.05,0.2706,PET,82,HT,#8,#6,-0.2272,2.2932,True
0.05,0.2706,PP,322,LT,#1,#6,-0.2333,1.6467,True
0.05,0.2706,PVC,562,LT,#1,#6,-0.4686,0.5798,True
0.05,0.2706,PS,714,LT,#8,-,-0.2797,2.9666,True
0.05,0.2706,PE,741,HT,#1,#6,-0.285,2.0123,True
0.055,0.2706,PET,82,HT,#8,#6,-0.2335,2.2932,True
0.055,0.2706,PP,322,LT,#1,#6,-0.2613,1.6467,True
0.055,0.2706,PVC,562,LT,#1,#6,-0.4841,0.5798,True
0.055,0.2706,PS,714,LT,#8,-,-0.2962,2.9666,True
0.055,0.2706,PE,741,HT,#1,#6,-0.3064,2.0123,True
0.06,0.2706,PET,82,HT,#8,#6,-0.2398,2.2932,True
0.06,0.2706,PP,322,LT,#1,#6,-0.2892,1.6467,True
0.06,0.2706,PVC,562,LT,#1,#6,-0.4996,0.5798,True
0.06,0.2706,PS,714,LT,#8,-,-0.3128,2.9666,True
0.06,0.2706,PE,741,HT,#1,#6,-0.3278,2.0123,True
0.065,0.2706,PET,82,HT,#8,#6,-0.2461,2.2932,True
0.065,0.2706,PP,322,LT,#1,#6,-0.3171,1.6467,True
0.065,0.2706,PVC,562,LT,#1,#6,-0.5151,0.5798,True
0.065,0.2706,PS,714,LT,#8,-,-0.3294,2.9666,True
0.065,0.2706,PE,741,HT,#1,#6,-0.3492,2.0123,True
0.07,0.2706,PET,82,HT,#8,#6,-0.2524,2.2932,True
0.07,0.2706,PP,322,LT,#1,#6,-0.345,1.6467,True
0.07,0.2706,PVC,562,LT,#1,#6,-0.5307,0.5798,True
0.07,0.2706,PS,714,LT,#8,-,-0.346,2.9666,True
0.07,0.2706,PE,741,HT,#1,#6,-0.3706,2.0123,True
0.075,0.2706,PET,82,HT,#8,#6,-0.2587,2.2932,True
0.075,0.2706,PP,223,HT,#1,#6,-0.3637,2.0292,True
0.075,0.2706,PVC,562,LT,#1,#6,-0.5462,0.5798,True
0.075,0.2706,PS,714,LT,#8,-,-0.3625,2.9666,True
0.075,0.2706,PE,741,HT,#1,#6,-0.392,2.0123,True
0.08,0.2706,PET,82,HT,#8,#6,-0.265,2.2932,True
0.08,0.2706,PP,223,HT,#1,#6,-0.3823,2.0292,True
0.08,0.2706,PVC,562,LT,#1,#6,-0.5617,0.5798,True
0.08,0.2706,PS,714,LT,#8,-,-0.3791,2.9666,True
0.08,0.2706,PE,741,HT,#1,#6,-0.4134,2.0123,True
0.085,0.2706,PET,82,HT,#8,#6,-0.2713,2.2932,True
0.085,0.2706,PP,223,HT,#1,#6,-0.401,2.0292,True
0.085,0.2706,PVC,562,LT,#1,#6,-0.5772,0.5798,True
0.085,0.2706,PS,714,LT,#8,-,-0.3957,2.9666,True
0.085,0.2706,PE,741,HT,#1,#6,-0.4348,2.0123,True
0.09,0.2706,PET,82,HT,#8,#6,-0.2776,2.2932,True
0.09,0.2706,PP,223,HT,#1,#6,-0.4196,2.0292,True
0.09,0.2706,PVC,562,LT,#1,#6,-0.5927,0.5798,True
0.09,0.2706,PS,714,LT,#8,-,-0.4122,2.9666,True
0.09,0.2706,PE,741,HT,#1,#6,-0.4563,2.0123,True
0.095,0.2706,PET,82,HT,#8,#6,-0.2838,2.2932,True
0.095,0.2706,PP,223,HT,#1,#6,-0.4382,2.0292,True
0.095,0.2706,PVC,562,LT,#1,#6,-0.6083,0.5798,True
0.095,0.2706,PS,714,LT,#8,-,-0.4288,2.9666,True
0.095,0.2706,PE,741,HT,#1,#6,-0.4777,2.0123,True
0.1,0.2706,PET,82,HT,#8,#6,-0.2901,2.2932,True
0.1,0.2706,PP,223,HT,#1,#6,-0.4568,2.0292,True
0.1,0.2706,PVC,562,LT,#1,#6,-0.6238,0.5798,True
0.1,0.2706,PS,714,LT,#8,-,-0.4454,2.9666,True
0.1,0.2706,PE,741,HT,#1,#6,-0.4991,2.0123,True
0.105,0.2706,PET,82,HT,#8,#6,-0.2964,2.2932,True
0.105,0.2706,PP,223,HT,#1,#6,-0.4755,2.0292,True
0.105,0.2706,PVC,562,LT,#1,#6,-0.6393,0.5798,True
0.105,0.2706,PS,714,LT,#8,-,-0.462,2.9666,True
0.105,0.2706,PE,741,HT,#1,#6,-0.5205,2.0123,True
0.11,0.2706,PET,82,HT,#8,#6,-0.3027,2.2932,True
0.11,0.2706,PP,223,HT,#1,#6,-0.4941,2.0292,True
0.11,0.2706,PVC,562,LT,#1,#6,-0.6548,0.5798,True
0.11,0.2706,PS,714,LT,#8,-,-0.4785,2.9666,True
0.11,0.2706,PE,741,HT,#1,#6,-0.5419,2.0123,True
0.115,0.2706,PET,82,HT,#8,#6,-0.309,2.2932,True
0.115,0.2706,PP,223,HT,#1,#6,-0.5127,2.0292,True
0.115,0.2706,PVC,693,OG,#6,-,-0.6682,0.2383,True
0.115,0.2706,PS,714,LT,#8,-,-0.4951,2.9666,True
0.115,0.2706,PE,741,HT,#1,#6,-0.5633,2.0123,True
0.12,0.2706,PET,82,HT,#8,#6,-0.3153,2.2932,True
0.12,0.2706,PP,223,HT,#1,#6,-0.5313,2.0292,True
0.12,0.2706,PVC,693,OG,#6,-,-0.6754,0.2383,True
0.12,0.2706,PS,714,LT,#8,-,-0.5117,2.9666,True
0.12,0.2706,PE,741,HT,#1,#6,-0.5847,2.0123,True
0.125,0.2706,PET,82,HT,#8,#6,-0.3216,2.2932,True
0.125,0.2706,PP,223,HT,#1,#6,-0.55,2.0292,True
0.125,0.2706,PVC,693,OG,#6,-,-0.6826,0.2383,True
0.125,0.2706,PS,714,LT,#8,-,-0.5282,2.9666,True
0.125,0.2706,PE,741,HT,#1,#6,-0.6061,2.0123,True
0.13,0.2706,PET,82,HT,#8,#6,-0.3279,2.2932,True
0.13,0.2706,PP,223,HT,#1,#6,-0.5686,2.0292,True
0.13,0.2706,PVC,693,OG,#6,-,-0.6898,0.2383,True
0.13,0.2706,PS,714,LT,#8,-,-0.5448,2.9666,True
0.13,0.2706,PE,741,HT,#1,#6,-0.6275,2.0123,True
0.135,0.2706,PET,82,HT,#8,#6,-0.3342,2.2932,True
0.135,0.2706,PP,223,HT,#1,#6,-0.5872,2.0292,True
0.135,0.2706,PVC,693,OG,#6,-,-0.697,0.2383,True
0.135,0.2706,PS,714,LT,#8,-,-0.5614,2.9666,True
0.135,0.2706,PE,741,HT,#1,#6,-0.6489,2.0123,True
0.14,0.2706,PET,82,HT,#8,#6,-0.3405,2.2932,True
0.14,0.2706,PP,223,HT,#1,#6,-0.6058,2.0292,True
0.14,0.2706,PVC,693,OG,#6,-,-0.7043,0.2383,True
0.14,0.2706,PS,714,LT,#8,-,-0.578,2.9666,True
0.14,0.2706,PE,741,HT,#1,#6,-0.6704,2.0123,True
0.145,0.2706,PET,82,HT,#8,#6,-0.3468,2.2932,True
0.145,0.2706,PP,223,HT,#1,#6,-0.6244,2.0292,True
0.145,0.2706,PVC,693,OG,#6,-,-0.7115,0.2383,True
0.145,0.2706,PS,714,LT,#8,-,-0.5945,2.9666,True
0.145,0.2706,PE,741,HT,#1,#6,-0.6918,2.0123,True
0.15,0.2706,PET,82,HT,#8,#6,-0.3531,2.2932,True
0.15,0.2706,PP,223,HT,#1,#6,-0.6431,2.0292,True
0.15,0.2706,PVC,693,OG,#6,-,-0.7187,0.2383,True
0.15,0.2706,PS,714,LT,#8,-,-0.6111,2.9666,True
0.15,0.2706,PE,741,HT,#1,#6,-0.7132,2.0123,True
0.155,0.2706,PET,82,HT,#8,#6,-0.3594,2.2932,True
0.155,0.2706,PP,223,HT,#1,#6,-0.6617,2.0292,True
0.155,0.2706,PVC,693,OG,#6,-,-0.7259,0.2383,True
0.155,0.2706,PS,714,LT,#8,-,-0.6277,2.9666,True
0.155,0.2706,PE,741,HT,#1,#6,-0.7346,2.0123,True
0.16,0.2706,PET,82,HT,#8,#6,-0.3657,2.2932,True
0.16,0.2706,PP,223,HT,#1,#6,-0.6803,2.0292,True
0.16,0.2706,PVC,693,OG,#6,-,-0.7331,0.2383,True
0.16,0.2706,PS,714,LT,#8,-,-0.6442,2.9666,True
0.16,0.2706,PE,741,HT,#1,#6,-0.756,2.0123,True
0.165,0.2706,PET,82,HT,#8,#6,-0.372,2.2932,True
0.165,0.2706,PP,223,HT,#1,#6,-0.6989,2.0292,True
0.165,0.2706,PVC,693,OG,#6,-,-0.7403,0.2383,True
0.165,0.2706,PS,714,LT,#8,-,-0.6608,2.9666,True
0.165,0.2706,PE,741,HT,#1,#6,-0.7774,2.0123,True
0.17,0.2706,PET,82,HT,#8,#6,-0.3782,2.2932,True
0.17,0.2706,PP,223,HT,#1,#6,-0.7176,2.0292,True
0.17,0.2706,PVC,693,OG,#6,-,-0.7475,0.2383,True
0.17,0.2706,PS,714,LT,#8,-,-0.6774,2.9666,True
0.17,0.2706,PE,741,HT,#1,#6,-0.7988,2.0123,True
0.175,0.2706,PET,82,HT,#8,#6,-0.3845,2.2932,True
0.175,0.2706,PP,223,HT,#1,#6,-0.7362,2.0292,True
0.175,0.2706,PVC,693,OG,#6,-,-0.7547,0.2383,True
0.175,0.2706,PS,714,LT,#8,-,-0.694,2.9666,True
0.175,0.2706,PE,741,HT,#1,#6,-0.8202,2.0123,True
0.18,0.2706,PET,82,HT,#8,#6,-0.3908,2.2932,True
0.18,0.2706,PP,223,HT,#1,#6,-0.7548,2.0292,True
0.18,0.2706,PVC,693,OG,#6,-,-0.7619,0.2383,True
0.18,0.2706,PS,714,LT,#8,-,-0.7105,2.9666,True
0.18,0.2706,PE,741,HT,#1,#6,-0.8416,2.0123,True
0.185,0.2706,PET,82,HT,#8,#6,-0.3971,2.2932,True
0.185,0.2706,PP,223,HT,#1,#6,-0.7734,2.0292,True
0.185,0.2706,PVC,693,OG,#6,-,-0.7691,0.2383,True
0.185,0.2706,PS,714,LT,#8,-,-0.7271,2.9666,True
0.185,0.2706,PE,741,HT,#1,#6,-0.863,2.0123,True
0.19,0.2706,PET,82,HT,#8,#6,-0.4034,2.2932,True
0.19,0.2706,PP,223,HT,#1,#6,-0.792,2.0292,True
0.19,0.2706,PVC,693,OG,#6,-,-0.7763,0.2383,True
0.19,0.2706,PS,714,LT,#8,-,-0.7437,2.9666,True
0.19,0.2706,PE,741,HT,#1,#6,-0.8845,2.0123,True
0.195,0.2706,PET,82,HT,#8,#6,-0.4097,2.2932,True
0.195,0.2706,PP,223,HT,#1,#6,-0.8107,2.0292,True
0.195,0.2706,PVC,693,OG,#6,-,-0.7835,0.2383,True
0.195,0.2706,PS,714,LT,#8,-,-0.7602,2.9666,True
0.195,0.2706,PE,741,HT,#1,#6,-0.9059,2.0123,True
0.2,0.2706,PET,82,HT,#8,#6,-0.416,2.2932,True
0.2,0.2706,PP,223,HT,#1,#6,-0.8293,2.0292,True
0.2,0.2706,PVC,693,OG,#6,-,-0.7907,0.2383,True
0.2,0.2706,PS,714,LT,#8,-,-0.7768,2.9666,True
0.2,0.2706,PE,741,HT,#1,#6,-0.9273,2.0123,True
0.04,0.2947,PET,82,HT,#8,#6,-0.2146,2.2506,True
0.04,0.2947,PP,322,LT,#1,#6,-0.1775,1.5324,True
0.04,0.2947,PVC,562,LT,#1,#6,-0.4376,0.5155,True
0.04,0.2947,PS,707,LT,#1,-,-0.2268,1.61,True
0.04,0.2947,PE,741,HT,#1,#6,-0.2422,1.9117,True
0.045,0.2947,PET,82,HT,#8,#6,-0.2209,2.2506,True
0.045,0.2947,PP,322,LT,#1,#6,-0.2054,1.5324,True
0.045,0.2947,PVC,562,LT,#1,#6,-0.4531,0.5155,True
0.045,0.2947,PS,714,LT,#8,-,-0.2631,2.8783,True
0.045,0.2947,PE,741,HT,#1,#6,-0.2636,1.9117,True
0.05,0.2947,PET,82,HT,#8,#6,-0.2272,2.2506,True
0.05,0.2947,PP,322,LT,#1,#6,-0.2333,1.5324,True
0.05,0.2947,PVC,562,LT,#1,#6,-0.4686,0.5155,True
0.05,0.2947,PS,714,LT,#8,-,-0.2797,2.8783,True
0.05,0.2947,PE,741,HT,#1,#6,-0.285,1.9117,True
0.055,0.2947,PET,82,HT,#8,#6,-0.2335,2.2506,True
0.055,0.2947,PP,322,LT,#1,#6,-0.2613,1.5324,True
0.055,0.2947,PVC,562,LT,#1,#6,-0.4841,0.5155,True
0.055,0.2947,PS,714,LT,#8,-,-0.2962,2.8783,True
0.055,0.2947,PE,741,HT,#1,#6,-0.3064,1.9117,True
0.06,0.2947,PET,82,HT,#8,#6,-0.2398,2.2506,True
0.06,0.2947,PP,322,LT,#1,#6,-0.2892,1.5324,True
0.06,0.2947,PVC,562,LT,#1,#6,-0.4996,0.5155,True
0.06,0.2947,PS,714,LT,#8,-,-0.3128,2.8783,True
0.06,0.2947,PE,741,HT,#1,#6,-0.3278,1.9117,True
0.065,0.2947,PET,82,HT,#8,#6,-0.2461,2.2506,True
0.065,0.2947,PP,322,LT,#1,#6,-0.3171,1.5324,True
0.065,0.2947,PVC,562,LT,#1,#6,-0.5151,0.5155,True
0.065,0.2947,PS,714,LT,#8,-,-0.3294,2.8783,True
0.065,0.2947,PE,741,HT,#1,#6,-0.3492,1.9117,True
0.07,0.2947,PET,82,HT,#8,#6,-0.2524,2.2506,True
0.07,0.2947,PP,322,LT,#1,#6,-0.345,1.5324,True
0.07,0.2947,PVC,562,LT,#1,#6,-0.5307,0.5155,True
0.07,0.2947,PS,714,LT,#8,-,-0.346,2.8783,True
0.07,0.2947,PE,741,HT,#1,#6,-0.3706,1.9117,True
0.075,0.2947,PET,82,HT,#8,#6,-0.2587,2.2506,True
0.075,0.2947,PP,223,HT,#1,#6,-0.3637,1.9434,True
0.075,0.2947,PVC,562,LT,#1,#6,-0.5462,0.5155,True
0.075,0.2947,PS,714,LT,#8,-,-0.3625,2.8783,True
0.075,0.2947,PE,741,HT,#1,#6,-0.392,1.9117,True
0.08,0.2947,PET,82,HT,#8,#6,-0.265,2.2506,True
0.08,0.2947,PP,223,HT,#1,#6,-0.3823,1.9434,True
0.08,0.2947,PVC,562,LT,#1,#6,-0.5617,0.5155,True
0.08,0.2947,PS,714,LT,#8,-,-0.3791,2.8783,True
0.08,0.2947,PE,741,HT,#1,#6,-0.4134,1.9117,True
0.085,0.2947,PET,82,HT,#8,#6,-0.2713,2.2506,True
0.085,0.2947,PP,223,HT,#1,#6,-0.401,1.9434,True
0.085,0.2947,PVC,562,LT,#1,#6,-0.5772,0.5155,True
0.085,0.2947,PS,714,LT,#8,-,-0.3957,2.8783,True
0.085,0.2947,PE,741,HT,#1,#6,-0.4348,1.9117,True
0.09,0.2947,PET,82,HT,#8,#6,-0.2776,2.2506,True
0.09,0.2947,PP,223,HT,#1,#6,-0.4196,1.9434,True
0.09,0.2947,PVC,562,LT,#1,#6,-0.5927,0.5155,True
0.09,0.2947,PS,714,LT,#8,-,-0.4122,2.8783,True
0.09,0.2947,PE,741,HT,#1,#6,-0.4563,1.9117,True
0.095,0.2947,PET,82,HT,#8,#6,-0.2838,2.2506,True
0.095,0.2947,PP,223,HT,#1,#6,-0.4382,1.9434,True
0.095,0.2947,PVC,562,LT,#1,#6,-0.6083,0.5155,True
0.095,0.2947,PS,714,LT,#8,-,-0.4288,2.8783,True
0.095,0.2947,PE,741,HT,#1,#6,-0.4777,1.9117,True
0.1,0.2947,PET,82,HT,#8,#6,-0.2901,2.2506,True
0.1,0.2947,PP,223,HT,#1,#6,-0.4568,1.9434,True
0.1,0.2947,PVC,562,LT,#1,#6,-0.6238,0.5155,True
0.1,0.2947,PS,714,LT,#8,-,-0.4454,2.8783,True
0.1,0.2947,PE,741,HT,#1,#6,-0.4991,1.9117,True
0.105,0.2947,PET,82,HT,#8,#6,-0.2964,2.2506,True
0.105,0.2947,PP,223,HT,#1,#6,-0.4755,1.9434,True
0.105,0.2947,PVC,562,LT,#1,#6,-0.6393,0.5155,True
0.105,0.2947,PS,714,LT,#8,-,-0.462,2.8783,True
0.105,0.2947,PE,741,HT,#1,#6,-0.5205,1.9117,True
0.11,0.2947,PET,82,HT,#8,#6,-0.3027,2.2506,True
0.11,0.2947,PP,223,HT,#1,#6,-0.4941,1.9434,True
0.11,0.2947,PVC,562,LT,#1,#6,-0.6548,0.5155,True
0.11,0.2947,PS,714,LT,#8,-,-0.4785,2.8783,True
0.11,0.2947,PE,741,HT,#1,#6,-0.5419,1.9117,True
0.115,0.2947,PET,82,HT,#8,#6,-0.309,2.2506,True
0.115,0.2947,PP,223,HT,#1,#6,-0.5127,1.9434,True
0.115,0.2947,PVC,693,OG,#6,-,-0.6682,0.2031,True
0.115,0.2947,PS,714,LT,#8,-,-0.4951,2.8783,True
0.115,0.2947,PE,741,HT,#1,#6,-0.5633,1.9117,True
0.12,0.2947,PET,82,HT,#8,#6,-0.3153,2.2506,True
0.12,0.2947,PP,223,HT,#1,#6,-0.5313,1.9434,True
0.12,0.2947,PVC,693,OG,#6,-,-0.6754,0.2031,True
0.12,0.2947,PS,714,LT,#8,-,-0.5117,2.8783,True
0.12,0.2947,PE,741,HT,#1,#6,-0.5847,1.9117,True
0.125,0.2947,PET,82,HT,#8,#6,-0.3216,2.2506,True
0.125,0.2947,PP,223,HT,#1,#6,-0.55,1.9434,True
0.125,0.2947,PVC,693,OG,#6,-,-0.6826,0.2031,True
0.125,0.2947,PS,714,LT,#8,-,-0.5282,2.8783,True
0.125,0.2947,PE,741,HT,#1,#6,-0.6061,1.9117,True
0.13,0.2947,PET,82,HT,#8,#6,-0.3279,2.2506,True
0.13,0.2947,PP,223,HT,#1,#6,-0.5686,1.9434,True
0.13,0.2947,PVC,693,OG,#6,-,-0.6898,0.2031,True
0.13,0.2947,PS,714,LT,#8,-,-0.5448,2.8783,True
0.13,0.2947,PE,741,HT,#1,#6,-0.6275,1.9117,True
0.135,0.2947,PET,82,HT,#8,#6,-0.3342,2.2506,True
0.135,0.2947,PP,223,HT,#1,#6,-0.5872,1.9434,True
0.135,0.2947,PVC,693,OG,#6,-,-0.697,0.2031,True
0.135,0.2947,PS,714,LT,#8,-,-0.5614,2.8783,True
0.135,0.2947,PE,741,HT,#1,#6,-0.6489,1.9117,True
0.14,0.2947,PET,82,HT,#8,#6,-0.3405,2.2506,True
0.14,0.2947,PP,223,HT,#1,#6,-0.6058,1.9434,True
0.14,0.2947,PVC,693,OG,#6,-,-0.7043,0.2031,True
0.14,0.2947,PS,714,LT,#8,-,-0.578,2.8783,True
0.14,0.2947,PE,741,HT,#1,#6,-0.6704,1.9117,True
0.145,0.2947,PET,82,HT,#8,#6,-0.3468,2.2506,True
0.145,0.2947,PP,223,HT,#1,#6,-0.6244,1.9434,True
0.145,0.2947,PVC,693,OG,#6,-,-0.7115,0.2031,True
0.145,0.2947,PS,714,LT,#8,-,-0.5945,2.8783,True
0.145,0.2947,PE,741,HT,#1,#6,-0.6918,1.9117,True
0.15,0.2947,PET,82,HT,#8,#6,-0.3531,2.2506,True
0.15,0.2947,PP,223,HT,#1,#6,-0.6431,1.9434,True
0.15,0.2947,PVC,693,OG,#6,-,-0.7187,0.2031,True
0.15,0.2947,PS,714,LT,#8,-,-0.6111,2.8783,True
0.15,0.2947,PE,741,HT,#1,#6,-0.7132,1.9117,True
0.155,0.2947,PET,82,HT,#8,#6,-0.3594,2.2506,True
0.155,0.2947,PP,223,HT,#1,#6,-0.6617,1.9434,True
0.155,0.2947,PVC,693,OG,#6,-,-0.7259,0.2031,True
0.155,0.2947,PS,714,LT,#8,-,-0.6277,2.8783,True
0.155,0.2947,PE,741,HT,#1,#6,-0.7346,1.9117,True
0.16,0.2947,PET,82,HT,#8,#6,-0.3657,2.2506,True
0.16,0.2947,PP,223,HT,#1,#6,-0.6803,1.9434,True
0.16,0.2947,PVC,693,OG,#6,-,-0.7331,0.2031,True
0.16,0.2947,PS,714,LT,#8,-,-0.6442,2.8783,True
0.16,0.2947,PE,741,HT,#1,#6,-0.756,1.9117,True
0.165,0.2947,PET,82,HT,#8,#6,-0.372,2.2506,True
0.165,0.2947,PP,223,HT,#1,#6,-0.6989,1.9434,True
0.165,0.2947,PVC,693,OG,#6,-,-0.7403,0.2031,True
0.165,0.2947,PS,714,LT,#8,-,-0.6608,2.8783,True
0.165,0.2947,PE,741,HT,#1,#6,-0.7774,1.9117,True
0.17,0.2947,PET,82,HT,#8,#6,-0.3782,2.2506,True
0.17,0.2947,PP,223,HT,#1,#6,-0.7176,1.9434,True
0.17,0.2947,PVC,693,OG,#6,-,-0.7475,0.2031,True
0.17,0.2947,PS,714,LT,#8,-,-0.6774,2.8783,True
0.17,0.2947,PE,741,HT,#1,#6,-0.7988,1.9117,True
0.175,0.2947,PET,82,HT,#8,#6,-0.3845,2.2506,True
0.175,0.2947,PP,223,HT,#1,#6,-0.7362,1.9434,True
0.175,0.2947,PVC,693,OG,#6,-,-0.7547,0.2031,True
0.175,0.2947,PS,714,LT,#8,-,-0.694,2.8783,True
0.175,0.2947,PE,741,HT,#1,#6,-0.8202,1.9117,True
0.18,0.2947,PET,82,HT,#8,#6,-0.3908,2.2506,True
0.18,0.2947,PP,223,HT,#1,#6,-0.7548,1.9434,True
0.18,0.2947,PVC,693,OG,#6,-,-0.7619,0.2031,True
0.18,0.2947,PS,714,LT,#8,-,-0.7105,2.8783,True
0.18,0.2947,PE,741,HT,#1,#6,-0.8416,1.9117,True
0.185,0.2947,PET,82,HT,#8,#6,-0.3971,2.2506,True
0.185,0.2947,PP,223,HT,#1,#6,-0.7734,1.9434,True
0.185,0.2947,PVC,693,OG,#6,-,-0.7691,0.2031,True
0.185,0.2947,PS,714,LT,#8,-,-0.7271,2.8783,True
0.185,0.2947,PE,741,HT,#1,#6,-0.863,1.9117,True
0.19,0.2947,PET,82,HT,#8,#6,-0.4034,2.2506,True
0.19,0.2947,PP,223,HT,#1,#6,-0.792,1.9434,True
0.19,0.2947,PVC,693,OG,#6,-,-0.7763,0.2031,True
0.19,0.2947,PS,714,LT,#8,-,-0.7437,2.8783,True
0.19,0.2947,PE,741,HT,#1,#6,-0.8845,1.9117,True
0.195,0.2947,PET,82,HT,#8,#6,-0.4097,2.2506,True
0.195,0.2947,PP,223,HT,#1,#6,-0.8107,1.9434,True
0.195,0.2947,PVC,693,OG,#6,-,-0.7835,0.2031,True
0.195,0.2947,PS,714,LT,#8,-,-0.7602,2.8783,True
0.195,0.2947,PE,741,HT,#1,#6,-0.9059,1.9117,True
0.2,0.2947,PET,82,HT,#8,#6,-0.416,2.2506,True
0.2,0.2947,PP,223,HT,#1,#6,-0.8293,1.9434,True
0.2,0.2947,PVC,693,OG,#6,-,-0.7907,0.2031,True
0.2,0.2947,PS,714,LT,#8,-,-0.7768,2.8783,True
0.2,0.2947,PE,741,HT,#1,#6,-0.9273,1.9117,True
0.04,0.3188,PET,82,HT,#8,#6,-0.2146,2.208,True
0.04,0.3188,PP,322,LT,#1,#6,-0.1775,1.4181,True
0.04,0.3188,PVC,562,LT,#1,#6,-0.4376,0.4512,True
0.04,0.3188,PS,707,LT,#1,-,-0.2268,1.4773,True
0.04,0.3188,PE,741,HT,#1,#6,-0.2422,1.8111,True
0.045,0.3188,PET,82,HT,#8,#6,-0.2209,2.208,True
0.045,0.3188,PP,322,LT,#1,#6,-0.2054,1.4181,True
0.045,0.3188,PVC,562,LT,#1,#6,-0.4531,0.4512,True
0.045,0.3188,PS,714,LT,#8,-,-0.2631,2.7899,True
0.045,0.3188,PE,741,HT,#1,#6,-0.2636,1.8111,True
0.05,0.3188,PET,82,HT,#8,#6,-0.2272,2.208,True
0.05,0.3188,PP,322,LT,#1,#6,-0.2333,1.4181,True
0.05,0.3188,PVC,562,LT,#1,#6,-0.4686,0.4512,True
0.05,0.3188,PS,714,LT,#8,-,-0.2797,2.7899,True
0.05,0.3188,PE,741,HT,#1,#6,-0.285,1.8111,True
0.055,0.3188,PET,82,HT,#8,#6,-0.2335,2.208,True
0.055,0.3188,PP,322,LT,#1,#6,-0.2613,1.4181,True
0.055,0.3188,PVC,562,LT,#1,#6,-0.4841,0.4512,True
0.055,0.3188,PS,714,LT,#8,-,-0.2962,2.7899,True
0.055,0.3188,PE,741,HT,#1,#6,-0.3064,1.8111,True
0.06,0.3188,PET,82,HT,#8,#6,-0.2398,2.208,True
0.06,0.3188,PP,322,LT,#1,#6,-0.2892,1.4181,True
0.06,0.3188,PVC,562,LT,#1,#6,-0.4996,0.4512,True
0.06,0.3188,PS,714,LT,#8,-,-0.3128,2.7899,True
0.06,0.3188,PE,741,HT,#1,#6,-0.3278,1.8111,True
0.065,0.3188,PET,82,HT,#8,#6,-0.2461,2.208,True
0.065,0.3188,PP,322,LT,#1,#6,-0.3171,1.4181,True
0.065,0.3188,PVC,562,LT,#1,#6,-0.5151,0.4512,True
0.065,0.3188,PS,714,LT,#8,-,-0.3294,2.7899,True
0.065,0.3188,PE,741,HT,#1,#6,-0.3492,1.8111,True
0.07,0.3188,PET,82,HT,#8,#6,-0.2524,2.208,True
0.07,0.3188,PP,322,LT,#1,#6,-0.345,1.4181,True
0.07,0.3188,PVC,562,LT,#1,#6,-0.5307,0.4512,True
0.07,0.3188,PS,714,LT,#8,-,-0.346,2.7899,True
0.07,0.3188,PE,741,HT,#1,#6,-0.3706,1.8111,True
0.075,0.3188,PET,82,HT,#8,#6,-0.2587,2.208,True
0.075,0.3188,PP,223,HT,#1,#6,-0.3637,1.8576,True
0.075,0.3188,PVC,562,LT,#1,#6,-0.5462,0.4512,True
0.075,0.3188,PS,714,LT,#8,-,-0.3625,2.7899,True
0.075,0.3188,PE,741,HT,#1,#6,-0.392,1.8111,True
0.08,0.3188,PET,82,HT,#8,#6,-0.265,2.208,True
0.08,0.3188,PP,223,HT,#1,#6,-0.3823,1.8576,True
0.08,0.3188,PVC,562,LT,#1,#6,-0.5617,0.4512,True
0.08,0.3188,PS,714,LT,#8,-,-0.3791,2.7899,True
0.08,0.3188,PE,741,HT,#1,#6,-0.4134,1.8111,True
0.085,0.3188,PET,82,HT,#8,#6,-0.2713,2.208,True
0.085,0.3188,PP,223,HT,#1,#6,-0.401,1.8576,True
0.085,0.3188,PVC,562,LT,#1,#6,-0.5772,0.4512,True
0.085,0.3188,PS,714,LT,#8,-,-0.3957,2.7899,True
0.085,0.3188,PE,741,HT,#1,#6,-0.4348,1.8111,True
0.09,0.3188,PET,82,HT,#8,#6,-0.2776,2.208,True
0.09,0.3188,PP,223,HT,#1,#6,-0.4196,1.8576,True
0.09,0.3188,PVC,562,LT,#1,#6,-0.5927,0.4512,True
0.09,0.3188,PS,714,LT,#8,-,-0.4122,2.7899,True
0.09,0.3188,PE,741,HT,#1,#6,-0.4563,1.8111,True
0.095,0.3188,PET,82,HT,#8,#6,-0.2838,2.208,True
0.095,0.3188,PP,223,HT,#1,#6,-0.4382,1.8576,True
0.095,0.3188,PVC,562,LT,#1,#6,-0.6083,0.4512,True
0.095,0.3188,PS,714,LT,#8,-,-0.4288,2.7899,True
0.095,0.3188,PE,741,HT,#1,#6,-0.4777,1.8111,True
0.1,0.3188,PET,82,HT,#8,#6,-0.2901,2.208,True
0.1,0.3188,PP,223,HT,#1,#6,-0.4568,1.8576,True
0.1,0.3188,PVC,562,LT,#1,#6,-0.6238,0.4512,True
0.1,0.3188,PS,714,LT,#8,-,-0.4454,2.7899,True
0.1,0.3188,PE,741,HT,#1,#6,-0.4991,1.8111,True
0.105,0.3188,PET,82,HT,#8,#6,-0.2964,2.208,True
0.105,0.3188,PP,223,HT,#1,#6,-0.4755,1.8576,True
0.105,0.3188,PVC,562,LT,#1,#6,-0.6393,0.4512,True
0.105,0.3188,PS,714,LT,#8,-,-0.462,2.7899,True
0.105,0.3188,PE,741,HT,#1,#6,-0.5205,1.8111,True
0.11,0.3188,PET,82,HT,#8,#6,-0.3027,2.208,True
0.11,0.3188,PP,223,HT,#1,#6,-0.4941,1.8576,True
0.11,0.3188,PVC,562,LT,#1,#6,-0.6548,0.4512,True
0.11,0.3188,PS,714,LT,#8,-,-0.4785,2.7899,True
0.11,0.3188,PE,741,HT,#1,#6,-0.5419,1.8111,True
0.115,0.3188,PET,82,HT,#8,#6,-0.309,2.208,True
0.115,0.3188,PP,223,HT,#1,#6,-0.5127,1.8576,True
0.115,0.3188,PVC,693,OG,#6,-,-0.6682,0.1678,True
0.115,0.3188,PS,714,LT,#8,-,-0.4951,2.7899,True
0.115,0.3188,PE,741,HT,#1,#6,-0.5633,1.8111,True
0.12,0.3188,PET,82,HT,#8,#6,-0.3153,2.208,True
0.12,0.3188,PP,223,HT,#1,#6,-0.5313,1.8576,True
0.12,0.3188,PVC,693,OG,#6,-,-0.6754,0.1678,True
0.12,0.3188,PS,714,LT,#8,-,-0.5117,2.7899,True
0.12,0.3188,PE,741,HT,#1,#6,-0.5847,1.8111,True
0.125,0.3188,PET,82,HT,#8,#6,-0.3216,2.208,True
0.125,0.3188,PP,223,HT,#1,#6,-0.55,1.8576,True
0.125,0.3188,PVC,693,OG,#6,-,-0.6826,0.1678,True
0.125,0.3188,PS,714,LT,#8,-,-0.5282,2.7899,True
0.125,0.3188,PE,741,HT,#1,#6,-0.6061,1.8111,True
0.13,0.3188,PET,82,HT,#8,#6,-0.3279,2.208,True
0.13,0.3188,PP,223,HT,#1,#6,-0.5686,1.8576,True
0.13,0.3188,PVC,693,OG,#6,-,-0.6898,0.1678,True
0.13,0.3188,PS,714,LT,#8,-,-0.5448,2.7899,True
0.13,0.3188,PE,741,HT,#1,#6,-0.6275,1.8111,True
0.135,0.3188,PET,82,HT,#8,#6,-0.3342,2.208,True
0.135,0.3188,PP,223,HT,#1,#6,-0.5872,1.8576,True
0.135,0.3188,PVC,693,OG,#6,-,-0.697,0.1678,True
0.135,0.3188,PS,714,LT,#8,-,-0.5614,2.7899,True
0.135,0.3188,PE,741,HT,#1,#6,-0.6489,1.8111,True
0.14,0.3188,PET,82,HT,#8,#6,-0.3405,2.208,True
0.14,0.3188,PP,223,HT,#1,#6,-0.6058,1.8576,True
0.14,0.3188,PVC,693,OG,#6,-,-0.7043,0.1678,True
0.14,0.3188,PS,714,LT,#8,-,-0.578,2.7899,True
0.14,0.3188,PE,741,HT,#1,#6,-0.6704,1.8111,True
0.145,0.3188,PET,82,HT,#8,#6,-0.3468,2.208,True
0.145,0.3188,PP,223,HT,#1,#6,-0.6244,1.8576,True
0.145,0.3188,PVC,693,OG,#6,-,-0.7115,0.1678,True
0.145,0.3188,PS,714,LT,#8,-,-0.5945,2.7899,True
0.145,0.3188,PE,741,HT,#1,#6,-0.6918,1.8111,True
0.15,0.3188,PET,82,HT,#8,#6,-0.3531,2.208,True
0.15,0.3188,PP,223,HT,#1,#6,-0.6431,1.8576,True
0.15,0.3188,PVC,693,OG,#6,-,-0.7187,0.1678,True
0.15,0.3188,PS,714,LT,#8,-,-0.6111,2.7899,True
0.15,0.3188,PE,741,HT,#1,#6,-0.7132,1.8111,True
0.155,0.3188,PET,82,HT,#8,#6,-0.3594,2.208,True
0.155,0.3188,PP,223,HT,#1,#6,-0.6617,1.8576,True
0.155,0.3188,PVC,693,OG,#6,-,-0.7259,0.1678,True
0.155,0.3188,PS,714,LT,#8,-,-0.6277,2.7899,True
0.155,0.3188,PE,741,HT,#1,#6,-0.7346,1.8111,True
0.16,0.3188,PET,82,HT,#8,#6,-0.3657,2.208,True
0.16,0.3188,PP,223,HT,#1,#6,-0.6803,1.8576,True
0.16,0.3188,PVC,693,OG,#6,-,-0.7331,0.1678,True
0.16,0.3188,PS,714,LT,#8,-,-0.6442,2.7899,True
0.16,0.3188,PE,741,HT,#1,#6,-0.756,1.8111,True
0.165,0.3188,PET,82,HT,#8,#6,-0.372,2.208,True
0.165,0.3188,PP,223,HT,#1,#6,-0.6989,1.8576,True
0.165,0.3188,PVC,693,OG,#6,-,-0.7403,0.1678,True
0.165,0.3188,PS,714,LT,#8,-,-0.6608,2.7899,True
0.165,0.3188,PE,741,HT,#1,#6,-0.7774,1.8111,True
0.17,0.3188,PET,82,HT,#8,#6,-0.3782,2.208,True
0.17,0.3188,PP,223,HT,#1,#6,-0.7176,1.8576,True
0.17,0.3188,PVC,693,OG,#6,-,-0.7475,0.1678,True
0.17,0.3188,PS,714,LT,#8,-,-0.6774,2.7899,True
0.17,0.3188,PE,741,HT,#1,#6,-0.7988,1.8111,True
0.175,0.3188,PET,82,HT,#8,#6,-0.3845,2.208,True
0.175,0.3188,PP,223,HT,#1,#6,-0.7362,1.8576,True
0.175,0.3188,PVC,693,OG,#6,-,-0.7547,0.1678,True
0.175,0.3188,PS,714,LT,#8,-,-0.694,2.7899,True
0.175,0.3188,PE,741,HT,#1,#6,-0.8202,1.8111,True
0.18,0.3188,PET,82,HT,#8,#6,-0.3908,2.208,True
0.18,0.3188,PP,223,HT,#1,#6,-0.7548,1.8576,True
0.18,0.3188,PVC,693,OG,#6,-,-0.7619,0.1678,True
0.18,0.3188,PS,714,LT,#8,-,-0.7105,2.7899,True
0.18,0.3188,PE,741,HT,#1,#6,-0.8416,1.8111,True
0.185,0.3188,PET,82,HT,#8,#6,-0.3971,2.208,True
0.185,0.3188,PP,223,HT,#1,#6,-0.7734,1.8576,True
0.185,0.3188,PVC,693,OG,#6,-,-0.7691,0.1678,True
0.185,0.3188,PS,714,LT,#8,-,-0.7271,2.7899,True
0.185,0.3188,PE,741,HT,#1,#6,-0.863,1.8111,True
0.19,0.3188,PET,82,HT,#8,#6,-0.4034,2.208,True
0.19,0.3188,PP,223,HT,#1,#6,-0.792,1.8576,True
0.19,0.3188,PVC,693,OG,#6,-,-0.7763,0.1678,True
0.19,0.3188,PS,714,LT,#8,-,-0.7437,2.7899,True
0.19,0.3188,PE,741,HT,#1,#6,-0.8845,1.8111,True
0.195,0.3188,PET,82,HT,#8,#6,-0.4097,2.208,True
0.195,0.3188,PP,223,HT,#1,#6,-0.8107,1.8576,True
0.195,0.3188,PVC,693,OG,#6,-,-0.7835,0.1678,True
0.195,0.3188,PS,714,LT,#8,-,-0.7602,2.7899,True
0.195,0.3188,PE,741,HT,#1,#6,-0.9059,1.8111,True
0.2,0.3188,PET,82,HT,#8,#6,-0.416,2.208,True
0.2,0.3188,PP,223,HT,#1,#6,-0.8293,1.8576,True
0.2,0.3188,PVC,693,OG,#6,-,-0.7907,0.1678,True
0.2,0.3188,PS,714,LT,#8,-,-0.7768,2.7899,True
0.2,0.3188,PE,741,HT,#1,#6,-0.9273,1.8111,True
0.04,0.3428,PET,82,HT,#8,#6,-0.2146,2.1655,True
0.04,0.3428,PP,322,LT,#1,#6,-0.1775,1.3037,True
0.04,0.3428,PVC,562,LT,#1,#6,-0.4376,0.3868,True
0.04,0.3428,PS,707,LT,#1,-,-0.2268,1.3445,True
0.04,0.3428,PE,741,HT,#1,#6,-0.2422,1.7104,True
0.045,0.3428,PET,82,HT,#8,#6,-0.2209,2.1655,True
0.045,0.3428,PP,322,LT,#1,#6,-0.2054,1.3037,True
0.045,0.3428,PVC,562,LT,#1,#6,-0.4531,0.3868,True
0.045,0.3428,PS,714,LT,#8,-,-0.2631,2.7016,True
0.045,0.3428,PE,741,HT,#1,#6,-0.2636,1.7104,True
0.05,0.3428,PET,82,HT,#8,#6,-0.2272,2.1655,True
0.05,0.3428,PP,322,LT,#1,#6,-0.2333,1.3037,True
0.05,0.3428,PVC,562,LT,#1,#6,-0.4686,0.3868,True
0.05,0.3428,PS,714,LT,#8,-,-0.2797,2.7016,True
0.05,0.3428,PE,741,HT,#1,#6,-0.285,1.7104,True
0.055,0.3428,PET,82,HT,#8,#6,-0.2335,2.1655,True
0.055,0.3428,PP,322,LT,#1,#6,-0.2613,1.3037,True
0.055,0.3428,PVC,562,LT,#1,#6,-0.4841,0.3868,True
0.055,0.3428,PS,714,LT,#8,-,-0.2962,2.7016,True
0.055,0.3428,PE,741,HT,#1,#6,-0.3064,1.7104,True
0.06,0.3428,PET,82,HT,#8,#6,-0.2398,2.1655,True
0.06,0.3428,PP,322,LT,#1,#6,-0.2892,1.3037,True
0.06,0.3428,PVC,562,LT,#1,#6,-0.4996,0.3868,True
0.06,0.3428,PS,714,LT,#8,-,-0.3128,2.7016,True
0.06,0.3428,PE,741,HT,#1,#6,-0.3278,1.7104,True
0.065,0.3428,PET,82,HT,#8,#6,-0.2461,2.1655,True
0.065,0.3428,PP,322,LT,#1,#6,-0.3171,1.3037,True
0.065,0.3428,PVC,562,LT,#1,#6,-0.5151,0.3868,True
0.065,0.3428,PS,714,LT,#8,-,-0.3294,2.7016,True
0.065,0.3428,PE,741,HT,#1,#6,-0.3492,1.7104,True
0.07,0.3428,PET,82,HT,#8,#6,-0.2524,2.1655,True
0.07,0.3428,PP,322,LT,#1,#6,-0.345,1.3037,True
0.07,0.3428,PVC,562,LT,#1,#6,-0.5307,0.3868,True
0.07,0.3428,PS,714,LT,#8,-,-0.346,2.7016,True
0.07,0.3428,PE,741,HT,#1,#6,-0.3706,1.7104,True
0.075,0.3428,PET,82,HT,#8,#6,-0.2587,2.1655,True
0.075,0.3428,PP,223,HT,#1,#6,-0.3637,1.7718,True
0.075,0.3428,PVC,562,LT,#1,#6,-0.5462,0.3868,True
0.075,0.3428,PS,714,LT,#8,-,-0.3625,2.7016,True
0.075,0.3428,PE,741,HT,#1,#6,-0.392,1.7104,True
0.08,0.3428,PET,82,HT,#8,#6,-0.265,2.1655,True
0.08,0.3428,PP,223,HT,#1,#6,-0.3823,1.7718,True
0.08,0.3428,PVC,562,LT,#1,#6,-0.5617,0.3868,True
0.08,0.3428,PS,714,LT,#8,-,-0.3791,2.7016,True
0.08,0.3428,PE,741,HT,#1,#6,-0.4134,1.7104,True
0.085,0.3428,PET,82,HT,#8,#6,-0.2713,2.1655,True
0.085,0.3428,PP,223,HT,#1,#6,-0.401,1.7718,True
0.085,0.3428,PVC,562,LT,#1,#6,-0.5772,0.3868,True
0.085,0.3428,PS,714,LT,#8,-,-0.3957,2.7016,True
0.085,0.3428,PE,741,HT,#1,#6,-0.4348,1.7104,True
0.09,0.3428,PET,82,HT,#8,#6,-0.2776,2.1655,True
0.09,0.3428,PP,223,HT,#1,#6,-0.4196,1.7718,True
0.09,0.3428,PVC,562,LT,#1,#6,-0.5927,0.3868,True
0.09,0.3428,PS,714,LT,#8,-,-0.4122,2.7016,True
0.09,0.3428,PE,741,HT,#1,#6,-0.4563,1.7104,True
0.095,0.3428,PET,82,HT,#8,#6,-0.2838,2.1655,True
0.095,0.3428,PP,223,HT,#1,#6,-0.4382,1.7718,True
0.095,0.3428,PVC,562,LT,#1,#6,-0.6083,0.3868,True
0.095,0.3428,PS,714,LT,#8,-,-0.4288,2.7016,True
0.095,0.3428,PE,741,HT,#1,#6,-0.4777,1.7104,True
0.1,0.3428,PET,82,HT,#8,#6,-0.2901,2.1655,True
0.1,0.3428,PP,223,HT,#1,#6,-0.4568,1.7718,True
0.1,0.3428,PVC,562,LT,#1,#6,-0.6238,0.3868,True
0.1,0.3428,PS,714,LT,#8,-,-0.4454,2.7016,True
0.1,0.3428,PE,741,HT,#1,#6,-0.4991,1.7104,True
0.105,0.3428,PET,82,HT,#8,#6,-0.2964,2.1655,True
0.105,0.3428,PP,223,HT,#1,#6,-0.4755,1.7718,True
0.105,0.3428,PVC,562,LT,#1,#6,-0.6393,0.3868,True
0.105,0.3428,PS,714,LT,#8,-,-0.462,2.7016,True
0.105,0.3428,PE,741,HT,#1,#6,-0.5205,1.7104,True
0.11,0.3428,PET,82,HT,#8,#6,-0.3027,2.1655,True
0.11,0.3428,PP,223,HT,#1,#6,-0.4941,1.7718,True
0.11,0.3428,PVC,562,LT,#1,#6,-0.6548,0.3868,True
0.11,0.3428,PS,714,LT,#8,-,-0.4785,2.7016,True
0.11,0.3428,PE,741,HT,#1,#6,-0.5419,1.7104,True
0.115,0.3428,PET,82,HT,#8,#6,-0.309,2.1655,True
0.115,0.3428,PP,223,HT,#1,#6,-0.5127,1.7718,True
0.115,0.3428,PVC,693,OG,#6,-,-0.6682,0.1326,True
0.115,0.3428,PS,714,LT,#8,-,-0.4951,2.7016,True
0.115,0.3428,PE,741,HT,#1,#6,-0.5633,1.7104,True
0.12,0.3428,PET,82,HT,#8,#6,-0.3153,2.1655,True
0.12,0.3428,PP,223,HT,#1,#6,-0.5313,1.7718,True
0.12,0.3428,PVC,693,OG,#6,-,-0.6754,0.1326,True
0.12,0.3428,PS,714,LT,#8,-,-0.5117,2.7016,True
0.12,0.3428,PE,741,HT,#1,#6,-0.5847,1.7104,True
0.125,0.3428,PET,82,HT,#8,#6,-0.3216,2.1655,True
0.125,0.3428,PP,223,HT,#1,#6,-0.55,1.7718,True
0.125,0.3428,PVC,693,OG,#6,-,-0.6826,0.1326,True
0.125,0.3428,PS,714,LT,#8,-,-0.5282,2.7016,True
0.125,0.3428,PE,741,HT,#1,#6,-0.6061,1.7104,True
0.13,0.3428,PET,82,HT,#8,#6,-0.3279,2.1655,True
0.13,0.3428,PP,223,HT,#1,#6,-0.5686,1.7718,True
0.13,0.3428,PVC,693,OG,#6,-,-0.6898,0.1326,True
0.13,0.3428,PS,714,LT,#8,-,-0.5448,2.7016,True
0.13,0.3428,PE,741,HT,#1,#6,-0.6275,1.7104,True
0.135,0.3428,PET,82,HT,#8,#6,-0.3342,2.1655,True
0.135,0.3428,PP,223,HT,#1,#6,-0.5872,1.7718,True
0.135,0.3428,PVC,693,OG,#6,-,-0.697,0.1326,True
0.135,0.3428,PS,714,LT,#8,-,-0.5614,2.7016,True
0.135,0.3428,PE,741,HT,#1,#6,-0.6489,1.7104,True
0.14,0.3428,PET,82,HT,#8,#6,-0.3405,2.1655,True
0.14,0.3428,PP,223,HT,#1,#6,-0.6058,1.7718,True
0.14,0.3428,PVC,693,OG,#6,-,-0.7043,0.1326,True
0.14,0.3428,PS,714,LT,#8,-,-0.578,2.7016,True
0.14,0.3428,PE,741,HT,#1,#6,-0.6704,1.7104,True
0.145,0.3428,PET,82,HT,#8,#6,-0.3468,2.1655,True
0.145,0.3428,PP,223,HT,#1,#6,-0.6244,1.7718,True
0.145,0.3428,PVC,693,OG,#6,-,-0.7115,0.1326,True
0.145,0.3428,PS,714,LT,#8,-,-0.5945,2.7016,True
0.145,0.3428,PE,741,HT,#1,#6,-0.6918,1.7104,True
0.15,0.3428,PET,82,HT,#8,#6,-0.3531,2.1655,True
0.15,0.3428,PP,223,HT,#1,#6,-0.6431,1.7718,True
0.15,0.3428,PVC,693,OG,#6,-,-0.7187,0.1326,True
0.15,0.3428,PS,714,LT,#8,-,-0.6111,2.7016,True
0.15,0.3428,PE,741,HT,#1,#6,-0.7132,1.7104,True
0.155,0.3428,PET,82,HT,#8,#6,-0.3594,2.1655,True
0.155,0.3428,PP,223,HT,#1,#6,-0.6617,1.7718,True
0.155,0.3428,PVC,693,OG,#6,-,-0.7259,0.1326,True
0.155,0.3428,PS,714,LT,#8,-,-0.6277,2.7016,True
0.155,0.3428,PE,741,HT,#1,#6,-0.7346,1.7104,True
0.16,0.3428,PET,82,HT,#8,#6,-0.3657,2.1655,True
0.16,0.3428,PP,223,HT,#1,#6,-0.6803,1.7718,True
0.16,0.3428,PVC,693,OG,#6,-,-0.7331,0.1326,True
0.16,0.3428,PS,714,LT,#8,-,-0.6442,2.7016,True
0.16,0.3428,PE,741,HT,#1,#6,-0.756,1.7104,True
0.165,0.3428,PET,82,HT,#8,#6,-0.372,2.1655,True
0.165,0.3428,PP,223,HT,#1,#6,-0.6989,1.7718,True
0.165,0.3428,PVC,693,OG,#6,-,-0.7403,0.1326,True
0.165,0.3428,PS,714,LT,#8,-,-0.6608,2.7016,True
0.165,0.3428,PE,741,HT,#1,#6,-0.7774,1.7104,True
0.17,0.3428,PET,82,HT,#8,#6,-0.3782,2.1655,True
0.17,0.3428,PP,223,HT,#1,#6,-0.7176,1.7718,True
0.17,0.3428,PVC,693,OG,#6,-,-0.7475,0.1326,True
0.17,0.3428,PS,714,LT,#8,-,-0.6774,2.7016,True
0.17,0.3428,PE,741,HT,#1,#6,-0.7988,1.7104,True
0.175,0.3428,PET,82,HT,#8,#6,-0.3845,2.1655,True
0.175,0.3428,PP,223,HT,#1,#6,-0.7362,1.7718,True
0.175,0.3428,PVC,693,OG,#6,-,-0.7547,0.1326,True
0.175,0.3428,PS,714,LT,#8,-,-0.694,2.7016,True
0.175,0.3428,PE,741,HT,#1,#6,-0.8202,1.7104,True
0.18,0.3428,PET,82,HT,#8,#6,-0.3908,2.1655,True
0.18,0.3428,PP,223,HT,#1,#6,-0.7548,1.7718,True
0.18,0.3428,PVC,693,OG,#6,-,-0.7619,0.1326,True
0.18,0.3428,PS,714,LT,#8,-,-0.7105,2.7016,True
0.18,0.3428,PE,741,HT,#1,#6,-0.8416,1.7104,True
0.185,0.3428,PET,82,HT,#8,#6,-0.3971,2.1655,True
0.185,0.3428,PP,223,HT,#1,#6,-0.7734,1.7718,True
0.185,0.3428,PVC,693,OG,#6,-,-0.7691,0.1326,True
0.185,0.3428,PS,714,LT,#8,-,-0.7271,2.7016,True
0.185,0.3428,PE,741,HT,#1,#6,-0.863,1.7104,True
0.19,0.3428,PET,82,HT,#8,#6,-0.4034,2.1655,True
0.19,0.3428,PP,223,HT,#1,#6,-0.792,1.7718,True
0.19,0.3428,PVC,693,OG,#6,-,-0.7763,0.1326,True
0.19,0.3428,PS,714,LT,#8,-,-0.7437,2.7016,True
0.19,0.3428,PE,741,HT,#1,#6,-0.8845,1.7104,True
0.195,0.3428,PET,82,HT,#8,#6,-0.4097,2.1655,True
0.195,0.3428,PP,223,HT,#1,#6,-0.8107,1.7718,True
0.195,0.3428,PVC,693,OG,#6,-,-0.7835,0.1326,True
0.195,0.3428,PS,714,LT,#8,-,-0.7602,2.7016,True
0.195,0.3428,PE,741,HT,#1,#6,-0.9059,1.7104,True
0.2,0.3428,PET,82,HT,#8,#6,-0.416,2.1655,True
0.2,0.3428,PP,223,HT,#1,#6,-0.8293,1.7718,True
0.2,0.3428,PVC,693,OG,#6,-,-0.7907,0.1326,True
0.2,0.3428,PS,714,LT,#8,-,-0.7768,2.7016,True
0.2,0.3428,PE,741,HT,#1,#6,-0.9273,1.7104,True
0.04,0.3669,PET,82,HT,#8,#6,-0.2146,2.1229,True
0.04,0.3669,PP,322,LT,#1,#6,-0.1775,1.1894,True
0.04,0.3669,PVC,562,LT,#1,#6,-0.4376,0.3225,True
0.04,0.3669,PS,707,LT,#1,-,-0.2268,1.2117,True
0.04,0.3669,PE,741,HT,#1,#6,-0.2422,1.6098,True
0.045,0.3669,PET,82,HT,#8,#6,-0.2209,2.1229,True
0.045,0.3669,PP,322,LT,#1,#6,-0.2054,1.1894,True
0.045,0.3669,PVC,562,LT,#1,#6,-0.4531,0.3225,True
0.045,0.3669,PS,714,LT,#8,-,-0.2631,2.6133,True
0.045,0.3669,PE,741,HT,#1,#6,-0.2636,1.6098,True
0.05,0.3669,PET,82,HT,#8,#6,-0.2272,2.1229,True
0.05,0.3669,PP,322,LT,#1,#6,-0.2333,1.1894,True
0.05,0.3669,PVC,562,LT,#1,#6,-0.4686,0.3225,True
0.05,0.3669,PS,714,LT,#8,-,-0.2797,2.6133,True
0.05,0.3669,PE,741,HT,#1,#6,-0.285,1.6098,True
0.055,0.3669,PET,82,HT,#8,#6,-0.2335,2.1229,True
0.055,0.3669,PP,322,LT,#1,#6,-0.2613,1.1894,True
0.055,0.3669,PVC,562,LT,#1,#6,-0.4841,0.3225,True
0.055,0.3669,PS,714,LT,#8,-,-0.2962,2.6133,True
0.055,0.3669,PE,741,HT,#1,#6,-0.3064,1.6098,True
0.06,0.3669,PET,82,HT,#8,#6,-0.2398,2.1229,True
0.06,0.3669,PP,322,LT,#1,#6,-0.2892,1.1894,True
0.06,0.3669,PVC,562,LT,#1,#6,-0.4996,0.3225,True
0.06,0.3669,PS,714,LT,#8,-,-0.3128,2.6133,True
0.06,0.3669,PE,741,HT,#1,#6,-0.3278,1.6098,True
0.065,0.3669,PET,82,HT,#8,#6,-0.2461,2.1229,True
0.065,0.3669,PP,322,LT,#1,#6,-0.3171,1.1894,True
0.065,0.3669,PVC,562,LT,#1,#6,-0.5151,0.3225,True
0.065,0.3669,PS,714,LT,#8,-,-0.3294,2.6133,True
0.065,0.3669,PE,741,HT,#1,#6,-0.3492,1.6098,True
0.07,0.3669,PET,82,HT,#8,#6,-0.2524,2.1229,True
0.07,0.3669,PP,322,LT,#1,#6,-0.345,1.1894,True
0.07,0.3669,PVC,562,LT,#1,#6,-0.5307,0.3225,True
0.07,0.3669,PS,714,LT,#8,-,-0.346,2.6133,True
0.07,0.3669,PE,741,HT,#1,#6,-0.3706,1.6098,True
0.075,0.3669,PET,82,HT,#8,#6,-0.2587,2.1229,True
0.075,0.3669,PP,223,HT,#1,#6,-0.3637,1.6859,True
0.075,0.3669,PVC,562,LT,#1,#6,-0.5462,0.3225,True
0.075,0.3669,PS,714,LT,#8,-,-0.3625,2.6133,True
0.075,0.3669,PE,741,HT,#1,#6,-0.392,1.6098,True
0.08,0.3669,PET,82,HT,#8,#6,-0.265,2.1229,True
0.08,0.3669,PP,223,HT,#1,#6,-0.3823,1.6859,True
0.08,0.3669,PVC,562,LT,#1,#6,-0.5617,0.3225,True
0.08,0.3669,PS,714,LT,#8,-,-0.3791,2.6133,True
0.08,0.3669,PE,741,HT,#1,#6,-0.4134,1.6098,True
0.085,0.3669,PET,82,HT,#8,#6,-0.2713,2.1229,True
0.085,0.3669,PP,223,HT,#1,#6,-0.401,1.6859,True
0.085,0.3669,PVC,562,LT,#1,#6,-0.5772,0.3225,True
0.085,0.3669,PS,714,LT,#8,-,-0.3957,2.6133,True
0.085,0.3669,PE,741,HT,#1,#6,-0.4348,1.6098,True
0.09,0.3669,PET,82,HT,#8,#6,-0.2776,2.1229,True
0.09,0.3669,PP,223,HT,#1,#6,-0.4196,1.6859,True
0.09,0.3669,PVC,562,LT,#1,#6,-0.5927,0.3225,True
0.09,0.3669,PS,714,LT,#8,-,-0.4122,2.6133,True
0.09,0.3669,PE,741,HT,#1,#6,-0.4563,1.6098,True
0.095,0.3669,PET,82,HT,#8,#6,-0.2838,2.1229,True
0.095,0.3669,PP,223,HT,#1,#6,-0.4382,1.6859,True
0.095,0.3669,PVC,562,LT,#1,#6,-0.6083,0.3225,True
0.095,0.3669,PS,714,LT,#8,-,-0.4288,2.6133,True
0.095,0.3669,PE,741,HT,#1,#6,-0.4777,1.6098,True
0.1,0.3669,PET,82,HT,#8,#6,-0.2901,2.1229,True
0.1,0.3669,PP,223,HT,#1,#6,-0.4568,1.6859,True
0.1,0.3669,PVC,562,LT,#1,#6,-0.6238,0.3225,True
0.1,0.3669,PS,714,LT,#8,-,-0.4454,2.6133,True
0.1,0.3669,PE,741,HT,#1,#6,-0.4991,1.6098,True
0.105,0.3669,PET,82,HT,#8,#6,-0.2964,2.1229,True
0.105,0.3669,PP,223,HT,#1,#6,-0.4755,1.6859,True
0.105,0.3669,PVC,562,LT,#1,#6,-0.6393,0.3225,True
0.105,0.3669,PS,714,LT,#8,-,-0.462,2.6133,True
0.105,0.3669,PE,741,HT,#1,#6,-0.5205,1.6098,True
0.11,0.3669,PET,82,HT,#8,#6,-0.3027,2.1229,True
0.11,0.3669,PP,223,HT,#1,#6,-0.4941,1.6859,True
0.11,0.3669,PVC,562,LT,#1,#6,-0.6548,0.3225,True
0.11,0.3669,PS,714,LT,#8,-,-0.4785,2.6133,True
0.11,0.3669,PE,741,HT,#1,#6,-0.5419,1.6098,True
0.115,0.3669,PET,82,HT,#8,#6,-0.309,2.1229,True
0.115,0.3669,PP,223,HT,#1,#6,-0.5127,1.6859,True
0.115,0.3669,PVC,693,OG,#6,-,-0.6682,0.0974,True
0.115,0.3669,PS,714,LT,#8,-,-0.4951,2.6133,True
0.115,0.3669,PE,741,HT,#1,#6,-0.5633,1.6098,True
0.12,0.3669,PET,82,HT,#8,#6,-0.3153,2.1229,True
0.12,0.3669,PP,223,HT,#1,#6,-0.5313,1.6859,True
0.12,0.3669,PVC,693,OG,#6,-,-0.6754,0.0974,True
0.12,0.3669,PS,714,LT,#8,-,-0.5117,2.6133,True
0.12,0.3669,PE,741,HT,#1,#6,-0.5847,1.6098,True
0.125,0.3669,PET,82,HT,#8,#6,-0.3216,2.1229,True
0.125,0.3669,PP,223,HT,#1,#6,-0.55,1.6859,True
0.125,0.3669,PVC,693,OG,#6,-,-0.6826,0.0974,True
0.125,0.3669,PS,714,LT,#8,-,-0.5282,2.6133,True
0.125,0.3669,PE,741,HT,#1,#6,-0.6061,1.6098,True
0.13,0.3669,PET,82,HT,#8,#6,-0.3279,2.1229,True
0.13,0.3669,PP,223,HT,#1,#6,-0.5686,1.6859,True
0.13,0.3669,PVC,693,OG,#6,-,-0.6898,0.0974,True
0.13,0.3669,PS,714,LT,#8,-,-0.5448,2.6133,True
0.13,0.3669,PE,741,HT,#1,#6,-0.6275,1.6098,True
0.135,0.3669,PET,82,HT,#8,#6,-0.3342,2.1229,True
0.135,0.3669,PP,223,HT,#1,#6,-0.5872,1.6859,True
0.135,0.3669,PVC,693,OG,#6,-,-0.697,0.0974,True
0.135,0.3669,PS,714,LT,#8,-,-0.5614,2.6133,True
0.135,0.3669,PE,741,HT,#1,#6,-0.6489,1.6098,True
0.14,0.3669,PET,82,HT,#8,#6,-0.3405,2.1229,True
0.14,0.3669,PP,223,HT,#1,#6,-0.6058,1.6859,True
0.14,0.3669,PVC,693,OG,#6,-,-0.7043,0.0974,True
0.14,0.3669,PS,714,LT,#8,-,-0.578,2.6133,True
0.14,0.3669,PE,741,HT,#1,#6,-0.6704,1.6098,True
0.145,0.3669,PET,82,HT,#8,#6,-0.3468,2.1229,True
0.145,0.3669,PP,223,HT,#1,#6,-0.6244,1.6859,True
0.145,0.3669,PVC,693,OG,#6,-,-0.7115,0.0974,True
0.145,0.3669,PS,714,LT,#8,-,-0.5945,2.6133,True
0.145,0.3669,PE,741,HT,#1,#6,-0.6918,1.6098,True
0.15,0.3669,PET,82,HT,#8,#6,-0.3531,2.1229,True
0.15,0.3669,PP,223,HT,#1,#6,-0.6431,1.6859,True
0.15,0.3669,PVC,693,OG,#6,-,-0.7187,0.0974,True
0.15,0.3669,PS,714,LT,#8,-,-0.6111,2.6133,True
0.15,0.3669,PE,741,HT,#1,#6,-0.7132,1.6098,True
0.155,0.3669,PET,82,HT,#8,#6,-0.3594,2.1229,True
0.155,0.3669,PP,223,HT,#1,#6,-0.6617,1.6859,True
0.155,0.3669,PVC,693,OG,#6,-,-0.7259,0.0974,True
0.155,0.3669,PS,714,LT,#8,-,-0.6277,2.6133,True
0.155,0.3669,PE,741,HT,#1,#6,-0.7346,1.6098,True
0.16,0.3669,PET,82,HT,#8,#6,-0.3657,2.1229,True
0.16,0.3669,PP,223,HT,#1,#6,-0.6803,1.6859,True
0.16,0.3669,PVC,693,OG,#6,-,-0.7331,0.0974,True
0.16,0.3669,PS,714,LT,#8,-,-0.6442,2.6133,True
0.16,0.3669,PE,741,HT,#1,#6,-0.756,1.6098,True
0.165,0.3669,PET,82,HT,#8,#6,-0.372,2.1229,True
0.165,0.3669,PP,223,HT,#1,#6,-0.6989,1.6859,True
0.165,0.3669,PVC,693,OG,#6,-,-0.7403,0.0974,True
0.165,0.3669,PS,714,LT,#8,-,-0.6608,2.6133,True
0.165,0.3669,PE,741,HT,#1,#6,-0.7774,1.6098,True
0.17,0.3669,PET,82,HT,#8,#6,-0.3782,2.1229,True
0.17,0.3669,PP,223,HT,#1,#6,-0.7176,1.6859,True
0.17,0.3669,PVC,693,OG,#6,-,-0.7475,0.0974,True
0.17,0.3669,PS,714,LT,#8,-,-0.6774,2.6133,True
0.17,0.3669,PE,741,HT,#1,#6,-0.7988,1.6098,True
0.175,0.3669,PET,82,HT,#8,#6,-0.3845,2.1229,True
0.175,0.3669,PP,223,HT,#1,#6,-0.7362,1.6859,True
0.175,0.3669,PVC,693,OG,#6,-,-0.7547,0.0974,True
0.175,0.3669,PS,714,LT,#8,-,-0.694,2.6133,True
0.175,0.3669,PE,741,HT,#1,#6,-0.8202,1.6098,True
0.18,0.3669,PET,82,HT,#8,#6,-0.3908,2.1229,True
0.18,0.3669,PP,223,HT,#1,#6,-0.7548,1.6859,True
0.18,0.3669,PVC,693,OG,#6,-,-0.7619,0.0974,True
0.18,0.3669,PS,714,LT,#8,-,-0.7105,2.6133,True
0.18,0.3669,PE,741,HT,#1,#6,-0.8416,1.6098,True
0.185,0.3669,PET,82,HT,#8,#6,-0.3971,2.1229,True
0.185,0.3669,PP,223,HT,#1,#6,-0.7734,1.6859,True
0.185,0.3669,PVC,693,OG,#6,-,-0.7691,0.0974,True
0.185,0.3669,PS,714,LT,#8,-,-0.7271,2.6133,True
0.185,0.3669,PE,741,HT,#1,#6,-0.863,1.6098,True
0.19,0.3669,PET,82,HT,#8,#6,-0.4034,2.1229,True
0.19,0.3669,PP,223,HT,#1,#6,-0.792,1.6859,True
0.19,0.3669,PVC,693,OG,#6,-,-0.7763,0.0974,True
0.19,0.3669,PS,714,LT,#8,-,-0.7437,2.6133,True
0.19,0.3669,PE,741,HT,#1,#6,-0.8845,1.6098,True
0.195,0.3669,PET,82,HT,#8,#6,-0.4097,2.1229,True
0.195,0.3669,PP,223,HT,#1,#6,-0.8107,1.6859,True
0.195,0.3669,PVC,693,OG,#6,-,-0.7835,0.0974,True
0.195,0.3669,PS,714,LT,#8,-,-0.7602,2.6133,True
0.195,0.3669,PE,741,HT,#1,#6,-0.9059,1.6098,True
0.2,0.3669,PET,82,HT,#8,#6,-0.416,2.1229,True
0.2,0.3669,PP,223,HT,#1,#6,-0.8293,1.6859,True
0.2,0.3669,PVC,693,OG,#6,-,-0.7907,0.0974,True
0.2,0.3669,PS,714,LT,#8,-,-0.7768,2.6133,True
0.2,0.3669,PE,741,HT,#1,#6,-0.9273,1.6098,True
0.04,0.3909,PET,82,HT,#8,#6,-0.2146,2.0803,True
0.04,0.3909,PP,322,LT,#1,#6,-0.1775,1.0751,True
0.04,0.3909,PVC,562,LT,#1,#6,-0.4376,0.2582,True
0.04,0.3909,PS,707,LT,#1,-,-0.2268,1.0789,True
0.04,0.3909,PE,741,HT,#1,#6,-0.2422,1.5092,True
0.045,0.3909,PET,82,HT,#8,#6,-0.2209,2.0803,True
0.045,0.3909,PP,322,LT,#1,#6,-0.2054,1.0751,True
0.045,0.3909,PVC,562,LT,#1,#6,-0.4531,0.2582,True
0.045,0.3909,PS,714,LT,#8,-,-0.2631,2.525,True
0.045,0.3909,PE,741,HT,#1,#6,-0.2636,1.5092,True
0.05,0.3909,PET,82,HT,#8,#6,-0.2272,2.0803,True
0.05,0.3909,PP,322,LT,#1,#6,-0.2333,1.0751,True
0.05,0.3909,PVC,562,LT,#1,#6,-0.4686,0.2582,True
0.05,0.3909,PS,714,LT,#8,-,-0.2797,2.525,True
0.05,0.3909,PE,741,HT,#1,#6,-0.285,1.5092,True
0.055,0.3909,PET,82,HT,#8,#6,-0.2335,2.0803,True
0.055,0.3909,PP,322,LT,#1,#6,-0.2613,1.0751,True
0.055,0.3909,PVC,562,LT,#1,#6,-0.4841,0.2582,True
0.055,0.3909,PS,714,LT,#8,-,-0.2962,2.525,True
0.055,0.3909,PE,741,HT,#1,#6,-0.3064,1.5092,True
0.06,0.3909,PET,82,HT,#8,#6,-0.2398,2.0803,True
0.06,0.3909,PP,322,LT,#1,#6,-0.2892,1.0751,True
0.06,0.3909,PVC,562,LT,#1,#6,-0.4996,0.2582,True
0.06,0.3909,PS,714,LT,#8,-,-0.3128,2.525,True
0.06,0.3909,PE,741,HT,#1,#6,-0.3278,1.5092,True
0.065,0.3909,PET,82,HT,#8,#6,-0.2461,2.0803,True
0.065,0.3909,PP,322,LT,#1,#6,-0.3171,1.0751,True
0.065,0.3909,PVC,562,LT,#1,#6,-0.5151,0.2582,True
0.065,0.3909,PS,714,LT,#8,-,-0.3294,2.525,True
0.065,0.3909,PE,741,HT,#1,#6,-0.3492,1.5092,True
0.07,0.3909,PET,82,HT,#8,#6,-0.2524,2.0803,True
0.07,0.3909,PP,322,LT,#1,#6,-0.345,1.0751,True
0.07,0.3909,PVC,562,LT,#1,#6,-0.5307,0.2582,True
0.07,0.3909,PS,714,LT,#8,-,-0.346,2.525,True
0.07,0.3909,PE,741,HT,#1,#6,-0.3706,1.5092,True
0.075,0.3909,PET,82,HT,#8,#6,-0.2587,2.0803,True
0.075,0.3909,PP,223,HT,#1,#6,-0.3637,1.6001,True
0.075,0.3909,PVC,562,LT,#1,#6,-0.5462,0.2582,True
0.075,0.3909,PS,714,LT,#8,-,-0.3625,2.525,True
0.075,0.3909,PE,741,HT,#1,#6,-0.392,1.5092,True
0.08,0.3909,PET,82,HT,#8,#6,-0.265,2.0803,True
0.08,0.3909,PP,223,HT,#1,#6,-0.3823,1.6001,True
0.08,0.3909,PVC,562,LT,#1,#6,-0.5617,0.2582,True
0.08,0.3909,PS,714,LT,#8,-,-0.3791,2.525,True
0.08,0.3909,PE,741,HT,#1,#6,-0.4134,1.5092,True
0.085,0.3909,PET,82,HT,#8,#6,-0.2713,2.0803,True
0.085,0.3909,PP,223,HT,#1,#6,-0.401,1.6001,True
0.085,0.3909,PVC,562,LT,#1,#6,-0.5772,0.2582,True
0.085,0.3909,PS,714,LT,#8,-,-0.3957,2.525,True
0.085,0.3909,PE,741,HT,#1,#6,-0.4348,1.5092,True
0.09,0.3909,PET,82,HT,#8,#6,-0.2776,2.0803,True
0.09,0.3909,PP,223,HT,#1,#6,-0.4196,1.6001,True
0.09,0.3909,PVC,562,LT,#1,#6,-0.5927,0.2582,True
0.09,0.3909,PS,714,LT,#8,-,-0.4122,2.525,True
0.09,0.3909,PE,741,HT,#1,#6,-0.4563,1.5092,True
0.095,0.3909,PET,82,HT,#8,#6,-0.2838,2.0803,True
0.095,0.3909,PP,223,HT,#1,#6,-0.4382,1.6001,True
0.095,0.3909,PVC,562,LT,#1,#6,-0.6083,0.2582,True
0.095,0.3909,PS,714,LT,#8,-,-0.4288,2.525,True
0.095,0.3909,PE,741,HT,#1,#6,-0.4777,1.5092,True
0.1,0.3909,PET,82,HT,#8,#6,-0.2901,2.0803,True
0.1,0.3909,PP,223,HT,#1,#6,-0.4568,1.6001,True
0.1,0.3909,PVC,562,LT,#1,#6,-0.6238,0.2582,True
0.1,0.3909,PS,714,LT,#8,-,-0.4454,2.525,True
0.1,0.3909,PE,741,HT,#1,#6,-0.4991,1.5092,True
0.105,0.3909,PET,82,HT,#8,#6,-0.2964,2.0803,True
0.105,0.3909,PP,223,HT,#1,#6,-0.4755,1.6001,True
0.105,0.3909,PVC,562,LT,#1,#6,-0.6393,0.2582,True
0.105,0.3909,PS,714,LT,#8,-,-0.462,2.525,True
0.105,0.3909,PE,741,HT,#1,#6,-0.5205,1.5092,True
0.11,0.3909,PET,82,HT,#8,#6,-0.3027,2.0803,True
0.11,0.3909,PP,223,HT,#1,#6,-0.4941,1.6001,True
0.11,0.3909,PVC,562,LT,#1,#6,-0.6548,0.2582,True
0.11,0.3909,PS,714,LT,#8,-,-0.4785,2.525,True
0.11,0.3909,PE,741,HT,#1,#6,-0.5419,1.5092,True
0.115,0.3909,PET,82,HT,#8,#6,-0.309,2.0803,True
0.115,0.3909,PP,223,HT,#1,#6,-0.5127,1.6001,True
0.115,0.3909,PVC,693,OG,#6,-,-0.6682,0.0621,True
0.115,0.3909,PS,714,LT,#8,-,-0.4951,2.525,True
0.115,0.3909,PE,741,HT,#1,#6,-0.5633,1.5092,True
0.12,0.3909,PET,82,HT,#8,#6,-0.3153,2.0803,True
0.12,0.3909,PP,223,HT,#1,#6,-0.5313,1.6001,True
0.12,0.3909,PVC,693,OG,#6,-,-0.6754,0.0621,True
0.12,0.3909,PS,714,LT,#8,-,-0.5117,2.525,True
0.12,0.3909,PE,741,HT,#1,#6,-0.5847,1.5092,True
0.125,0.3909,PET,82,HT,#8,#6,-0.3216,2.0803,True
0.125,0.3909,PP,223,HT,#1,#6,-0.55,1.6001,True
0.125,0.3909,PVC,693,OG,#6,-,-0.6826,0.0621,True
0.125,0.3909,PS,714,LT,#8,-,-0.5282,2.525,True
0.125,0.3909,PE,741,HT,#1,#6,-0.6061,1.5092,True
0.13,0.3909,PET,82,HT,#8,#6,-0.3279,2.0803,True
0.13,0.3909,PP,223,HT,#1,#6,-0.5686,1.6001,True
0.13,0.3909,PVC,693,OG,#6,-,-0.6898,0.0621,True
0.13,0.3909,PS,714,LT,#8,-,-0.5448,2.525,True
0.13,0.3909,PE,741,HT,#1,#6,-0.6275,1.5092,True
0.135,0.3909,PET,82,HT,#8,#6,-0.3342,2.0803,True
0.135,0.3909,PP,223,HT,#1,#6,-0.5872,1.6001,True
0.135,0.3909,PVC,693,OG,#6,-,-0.697,0.0621,True
0.135,0.3909,PS,714,LT,#8,-,-0.5614,2.525,True
0.135,0.3909,PE,741,HT,#1,#6,-0.6489,1.5092,True
0.14,0.3909,PET,82,HT,#8,#6,-0.3405,2.0803,True
0.14,0.3909,PP,223,HT,#1,#6,-0.6058,1.6001,True
0.14,0.3909,PVC,693,OG,#6,-,-0.7043,0.0621,True
0.14,0.3909,PS,714,LT,#8,-,-0.578,2.525,True
0.14,0.3909,PE,741,HT,#1,#6,-0.6704,1.5092,True
0.145,0.3909,PET,82,HT,#8,#6,-0.3468,2.0803,True
0.145,0.3909,PP,223,HT,#1,#6,-0.6244,1.6001,True
0.145,0.3909,PVC,693,OG,#6,-,-0.7115,0.0621,True
0.145,0.3909,PS,714,LT,#8,-,-0.5945,2.525,True
0.145,0.3909,PE,741,HT,#1,#6,-0.6918,1.5092,True
0.15,0.3909,PET,82,HT,#8,#6,-0.3531,2.0803,True
0.15,0.3909,PP,223,HT,#1,#6,-0.6431,1.6001,True
0.15,0.3909,PVC,693,OG,#6,-,-0.7187,0.0621,True
0.15,0.3909,PS,714,LT,#8,-,-0.6111,2.525,True
0.15,0.3909,PE,741,HT,#1,#6,-0.7132,1.5092,True
0.155,0.3909,PET,82,HT,#8,#6,-0.3594,2.0803,True
0.155,0.3909,PP,223,HT,#1,#6,-0.6617,1.6001,True
0.155,0.3909,PVC,693,OG,#6,-,-0.7259,0.0621,True
0.155,0.3909,PS,714,LT,#8,-,-0.6277,2.525,True
0.155,0.3909,PE,741,HT,#1,#6,-0.7346,1.5092,True
0.16,0.3909,PET,82,HT,#8,#6,-0.3657,2.0803,True
0.16,0.3909,PP,223,HT,#1,#6,-0.6803,1.6001,True
0.16,0.3909,PVC,693,OG,#6,-,-0.7331,0.0621,True
0.16,0.3909,PS,714,LT,#8,-,-0.6442,2.525,True
0.16,0.3909,PE,741,HT,#1,#6,-0.756,1.5092,True
0.165,0.3909,PET,82,HT,#8,#6,-0.372,2.0803,True
0.165,0.3909,PP,223,HT,#1,#6,-0.6989,1.6001,True
0.165,0.3909,PVC,693,OG,#6,-,-0.7403,0.0621,True
0.165,0.3909,PS,714,LT,#8,-,-0.6608,2.525,True
0.165,0.3909,PE,741,HT,#1,#6,-0.7774,1.5092,True
0.17,0.3909,PET,82,HT,#8,#6,-0.3782,2.0803,True
0.17,0.3909,PP,223,HT,#1,#6,-0.7176,1.6001,True
0.17,0.3909,PVC,693,OG,#6,-,-0.7475,0.0621,True
0.17,0.3909,PS,714,LT,#8,-,-0.6774,2.525,True
0.17,0.3909,PE,741,HT,#1,#6,-0.7988,1.5092,True
0.175,0.3909,PET,82,HT,#8,#6,-0.3845,2.0803,True
0.175,0.3909,PP,223,HT,#1,#6,-0.7362,1.6001,True
0.175,0.3909,PVC,693,OG,#6,-,-0.7547,0.0621,True
0.175,0.3909,PS,714,LT,#8,-,-0.694,2.525,True
0.175,0.3909,PE,741,HT,#1,#6,-0.8202,1.5092,True
0.18,0.3909,PET,82,HT,#8,#6,-0.3908,2.0803,True
0.18,0.3909,PP,223,HT,#1,#6,-0.7548,1.6001,True
0.18,0.3909,PVC,693,OG,#6,-,-0.7619,0.0621,True
0.18,0.3909,PS,714,LT,#8,-,-0.7105,2.525,True
0.18,0.3909,PE,741,HT,#1,#6,-0.8416,1.5092,True
0.185,0.3909,PET,82,HT,#8,#6,-0.3971,2.0803,True
0.185,0.3909,PP,223,HT,#1,#6,-0.7734,1.6001,True
0.185,0.3909,PVC,693,OG,#6,-,-0.7691,0.0621,True
0.185,0.3909,PS,714,LT,#8,-,-0.7271,2.525,True
0.185,0.3909,PE,741,HT,#1,#6,-0.863,1.5092,True
0.19,0.3909,PET,82,HT,#8,#6,-0.4034,2.0803,True
0.19,0.3909,PP,223,HT,#1,#6,-0.792,1.6001,True
0.19,0.3909,PVC,693,OG,#6,-,-0.7763,0.0621,True
0.19,0.3909,PS,714,LT,#8,-,-0.7437,2.525,True
0.19,0.3909,PE,741,HT,#1,#6,-0.8845,1.5092,True
0.195,0.3909,PET,82,HT,#8,#6,-0.4097,2.0803,True
0.195,0.3909,PP,223,HT,#1,#6,-0.8107,1.6001,True
0.195,0.3909,PVC,693,OG,#6,-,-0.7835,0.0621,True
0.195,0.3909,PS,714,LT,#8,-,-0.7602,2.525,True
0.195,0.3909,PE,741,HT,#1,#6,-0.9059,1.5092,True
0.2,0.3909,PET,82,HT,#8,#6,-0.416,2.0803,True
0.2,0.3909,PP,223,HT,#1,#6,-0.8293,1.6001,True
0.2,0.3909,PVC,693,OG,#6,-,-0.7907,0.0621,True
0.2,0.3909,PS,714,LT,#8,-,-0.7768,2.525,True
0.2,0.3909,PE,741,HT,#1,#6,-0.9273,1.5092,True
0.04,0.415,PET,82,HT,#8,#6,-0.2146,2.0377,True
0.04,0.415,PP,322,LT,#1,#6,-0.1775,0.9607,True
0.04,0.415,PVC,562,LT,#1,#6,-0.4376,0.1939,True
0.04,0.415,PS,707,LT,#1,-,-0.2268,0.9461,True
0.04,0.415,PE,741,HT,#1,#6,-0.2422,1.4086,True
0.045,0.415,PET,82,HT,#8,#6,-0.2209,2.0377,True
0.045,0.415,PP,322,LT,#1,#6,-0.2054,0.9607,True
0.045,0.415,PVC,562,LT,#1,#6,-0.4531,0.1939,True
0.045,0.415,PS,714,LT,#8,-,-0.2631,2.4366,True
0.045,0.415,PE,741,HT,#1,#6,-0.2636,1.4086,True
0.05,0.415,PET,82,HT,#8,#6,-0.2272,2.0377,True
0.05,0.415,PP,322,LT,#1,#6,-0.2333,0.9607,True
0.05,0.415,PVC,562,LT,#1,#6,-0.4686,0.1939,True
0.05,0.415,PS,714,LT,#8,-,-0.2797,2.4366,True
0.05,0.415,PE,741,HT,#1,#6,-0.285,1.4086,True
0.055,0.415,PET,82,HT,#8,#6,-0.2335,2.0377,True
0.055,0.415,PP,322,LT,#1,#6,-0.2613,0.9607,True
0.055,0.415,PVC,562,LT,#1,#6,-0.4841,0.1939,True
0.055,0.415,PS,714,LT,#8,-,-0.2962,2.4366,True
0.055,0.415,PE,741,HT,#1,#6,-0.3064,1.4086,True
0.06,0.415,PET,82,HT,#8,#6,-0.2398,2.0377,True
0.06,0.415,PP,322,LT,#1,#6,-0.2892,0.9607,True
0.06,0.415,PVC,562,LT,#1,#6,-0.4996,0.1939,True
0.06,0.415,PS,714,LT,#8,-,-0.3128,2.4366,True
0.06,0.415,PE,741,HT,#1,#6,-0.3278,1.4086,True
0.065,0.415,PET,82,HT,#8,#6,-0.2461,2.0377,True
0.065,0.415,PP,322,LT,#1,#6,-0.3171,0.9607,True
0.065,0.415,PVC,562,LT,#1,#6,-0.5151,0.1939,True
0.065,0.415,PS,714,LT,#8,-,-0.3294,2.4366,True
0.065,0.415,PE,741,HT,#1,#6,-0.3492,1.4086,True
0.07,0.415,PET,82,HT,#8,#6,-0.2524,2.0377,True
0.07,0.415,PP,322,LT,#1,#6,-0.345,0.9607,True
0.07,0.415,PVC,562,LT,#1,#6,-0.5307,0.1939,True
0.07,0.415,PS,714,LT,#8,-,-0.346,2.4366,True
0.07,0.415,PE,741,HT,#1,#6,-0.3706,1.4086,True
0.075,0.415,PET,82,HT,#8,#6,-0.2587,2.0377,True
0.075,0.415,PP,223,HT,#1,#6,-0.3637,1.5143,True
0.075,0.415,PVC,562,LT,#1,#6,-0.5462,0.1939,True
0.075,0.415,PS,714,LT,#8,-,-0.3625,2.4366,True
0.075,0.415,PE,741,HT,#1,#6,-0.392,1.4086,True
0.08,0.415,PET,82,HT,#8,#6,-0.265,2.0377,True
0.08,0.415,PP,223,HT,#1,#6,-0.3823,1.5143,True
0.08,0.415,PVC,562,LT,#1,#6,-0.5617,0.1939,True
0.08,0.415,PS,714,LT,#8,-,-0.3791,2.4366,True
0.08,0.415,PE,741,HT,#1,#6,-0.4134,1.4086,True
0.085,0.415,PET,82,HT,#8,#6,-0.2713,2.0377,True
0.085,0.415,PP,223,HT,#1,#6,-0.401,1.5143,True
0.085,0.415,PVC,562,LT,#1,#6,-0.5772,0.1939,True
0.085,0.415,PS,714,LT,#8,-,-0.3957,2.4366,True
0.085,0.415,PE,741,HT,#1,#6,-0.4348,1.4086,True
0.09,0.415,PET,82,HT,#8,#6,-0.2776,2.0377,True
0.09,0.415,PP,223,HT,#1,#6,-0.4196,1.5143,True
0.09,0.415,PVC,562,LT,#1,#6,-0.5927,0.1939,True
0.09,0.415,PS,714,LT,#8,-,-0.4122,2.4366,True
0.09,0.415,PE,741,HT,#1,#6,-0.4563,1.4086,True
0.095,0.415,PET,82,HT,#8,#6,-0.2838,2.0377,True
0.095,0.415,PP,223,HT,#1,#6,-0.4382,1.5143,True
0.095,0.415,PVC,562,LT,#1,#6,-0.6083,0.1939,True
0.095,0.415,PS,714,LT,#8,-,-0.4288,2.4366,True
0.095,0.415,PE,741,HT,#1,#6,-0.4777,1.4086,True
0.1,0.415,PET,82,HT,#8,#6,-0.2901,2.0377,True
0.1,0.415,PP,223,HT,#1,#6,-0.4568,1.5143,True
0.1,0.415,PVC,562,LT,#1,#6,-0.6238,0.1939,True
0.1,0.415,PS,714,LT,#8,-,-0.4454,2.4366,True
0.1,0.415,PE,741,HT,#1,#6,-0.4991,1.4086,True
0.105,0.415,PET,82,HT,#8,#6,-0.2964,2.0377,True
0.105,0.415,PP,223,HT,#1,#6,-0.4755,1.5143,True
0.105,0.415,PVC,562,LT,#1,#6,-0.6393,0.1939,True
0.105,0.415,PS,714,LT,#8,-,-0.462,2.4366,True
0.105,0.415,PE,741,HT,#1,#6,-0.5205,1.4086,True
0.11,0.415,PET,82,HT,#8,#6,-0.3027,2.0377,True
0.11,0.415,PP,223,HT,#1,#6,-0.4941,1.5143,True
0.11,0.415,PVC,562,LT,#1,#6,-0.6548,0.1939,True
0.11,0.415,PS,714,LT,#8,-,-0.4785,2.4366,True
0.11,0.415,PE,741,HT,#1,#6,-0.5419,1.4086,True
0.115,0.415,PET,82,HT,#8,#6,-0.309,2.0377,True
0.115,0.415,PP,223,HT,#1,#6,-0.5127,1.5143,True
0.115,0.415,PVC,693,OG,#6,-,-0.6682,0.0269,True
0.115,0.415,PS,714,LT,#8,-,-0.4951,2.4366,True
0.115,0.415,PE,741,HT,#1,#6,-0.5633,1.4086,True
0.12,0.415,PET,82,HT,#8,#6,-0.3153,2.0377,True
0.12,0.415,PP,223,HT,#1,#6,-0.5313,1.5143,True
0.12,0.415,PVC,693,OG,#6,-,-0.6754,0.0269,True
0.12,0.415,PS,714,LT,#8,-,-0.5117,2.4366,True
0.12,0.415,PE,741,HT,#1,#6,-0.5847,1.4086,True
0.125,0.415,PET,82,HT,#8,#6,-0.3216,2.0377,True
0.125,0.415,PP,223,HT,#1,#6,-0.55,1.5143,True
0.125,0.415,PVC,693,OG,#6,-,-0.6826,0.0269,True
0.125,0.415,PS,714,LT,#8,-,-0.5282,2.4366,True
0.125,0.415,PE,741,HT,#1,#6,-0.6061,1.4086,True
0.13,0.415,PET,82,HT,#8,#6,-0.3279,2.0377,True
0.13,0.415,PP,223,HT,#1,#6,-0.5686,1.5143,True
0.13,0.415,PVC,693,OG,#6,-,-0.6898,0.0269,True
0.13,0.415,PS,714,LT,#8,-,-0.5448,2.4366,True
0.13,0.415,PE,741,HT,#1,#6,-0.6275,1.4086,True
0.135,0.415,PET,82,HT,#8,#6,-0.3342,2.0377,True
0.135,0.415,PP,223,HT,#1,#6,-0.5872,1.5143,True
0.135,0.415,PVC,693,OG,#6,-,-0.697,0.0269,True
0.135,0.415,PS,714,LT,#8,-,-0.5614,2.4366,True
0.135,0.415,PE,741,HT,#1,#6,-0.6489,1.4086,True
0.14,0.415,PET,82,HT,#8,#6,-0.3405,2.0377,True
0.14,0.415,PP,223,HT,#1,#6,-0.6058,1.5143,True
0.14,0.415,PVC,693,OG,#6,-,-0.7043,0.0269,True
0.14,0.415,PS,714,LT,#8,-,-0.578,2.4366,True
0.14,0.415,PE,741,HT,#1,#6,-0.6704,1.4086,True
0.145,0.415,PET,82,HT,#8,#6,-0.3468,2.0377,True
0.145,0.415,PP,223,HT,#1,#6,-0.6244,1.5143,True
0.145,0.415,PVC,693,OG,#6,-,-0.7115,0.0269,True
0.145,0.415,PS,714,LT,#8,-,-0.5945,2.4366,True
0.145,0.415,PE,741,HT,#1,#6,-0.6918,1.4086,True
0.15,0.415,PET,82,HT,#8,#6,-0.3531,2.0377,True
0.15,0.415,PP,223,HT,#1,#6,-0.6431,1.5143,True
0.15,0.415,PVC,693,OG,#6,-,-0.7187,0.0269,True
0.15,0.415,PS,714,LT,#8,-,-0.6111,2.4366,True
0.15,0.415,PE,741,HT,#1,#6,-0.7132,1.4086,True
0.155,0.415,PET,82,HT,#8,#6,-0.3594,2.0377,True
0.155,0.415,PP,223,HT,#1,#6,-0.6617,1.5143,True
0.155,0.415,PVC,693,OG,#6,-,-0.7259,0.0269,True
0.155,0.415,PS,714,LT,#8,-,-0.6277,2.4366,True
0.155,0.415,PE,741,HT,#1,#6,-0.7346,1.4086,True
0.16,0.415,PET,82,HT,#8,#6,-0.3657,2.0377,True
0.16,0.415,PP,223,HT,#1,#6,-0.6803,1.5143,True
0.16,0.415,PVC,693,OG,#6,-,-0.7331,0.0269,True
0.16,0.415,PS,714,LT,#8,-,-0.6442,2.4366,True
0.16,0.415,PE,741,HT,#1,#6,-0.756,1.4086,True
0.165,0.415,PET,82,HT,#8,#6,-0.372,2.0377,True
0.165,0.415,PP,223,HT,#1,#6,-0.6989,1.5143,True
0.165,0.415,PVC,693,OG,#6,-,-0.7403,0.0269,True
0.165,0.415,PS,714,LT,#8,-,-0.6608,2.4366,True
0.165,0.415,PE,741,HT,#1,#6,-0.7774,1.4086,True
0.17,0.415,PET,82,HT,#8,#6,-0.3782,2.0377,True
0.17,0.415,PP,223,HT,#1,#6,-0.7176,1.5143,True
0.17,0.415,PVC,693,OG,#6,-,-0.7475,0.0269,True
0.17,0.415,PS,714,LT,#8,-,-0.6774,2.4366,True
0.17,0.415,PE,741,HT,#1,#6,-0.7988,1.4086,True
0.175,0.415,PET,82,HT,#8,#6,-0.3845,2.0377,True
0.175,0.415,PP,223,HT,#1,#6,-0.7362,1.5143,True
0.175,0.415,PVC,693,OG,#6,-,-0.7547,0.0269,True
0.175,0.415,PS,714,LT,#8,-,-0.694,2.4366,True
0.175,0.415,PE,741,HT,#1,#6,-0.8202,1.4086,True
0.18,0.415,PET,82,HT,#8,#6,-0.3908,2.0377,True
0.18,0.415,PP,223,HT,#1,#6,-0.7548,1.5143,True
0.18,0.415,PVC,693,OG,#6,-,-0.7619,0.0269,True
0.18,0.415,PS,714,LT,#8,-,-0.7105,2.4366,True
0.18,0.415,PE,741,HT,#1,#6,-0.8416,1.4086,True
0.185,0.415,PET,82,HT,#8,#6,-0.3971,2.0377,True
0.185,0.415,PP,223,HT,#1,#6,-0.7734,1.5143,True
0.185,0.415,PVC,693,OG,#6,-,-0.7691,0.0269,True
0.185,0.415,PS,714,LT,#8,-,-0.7271,2.4366,True
0.185,0.415,PE,741,HT,#1,#6,-0.863,1.4086,True
0.19,0.415,PET,82,HT,#8,#6,-0.4034,2.0377,True
0.19,0.415,PP,223,HT,#1,#6,-0.792,1.5143,True
0.19,0.415,PVC,693,OG,#6,-,-0.7763,0.0269,True
0.19,0.415,PS,714,LT,#8,-,-0.7437,2.4366,True
0.19,0.415,PE,741,HT,#1,#6,-0.8845,1.4086,True
0.195,0.415,PET,82,HT,#8,#6,-0.4097,2.0377,True
0.195,0.415,PP,223,HT,#1,#6,-0.8107,1.5143,True
0.195,0.415,PVC,693,OG,#6,-,-0.7835,0.0269,True
0.195,0.415,PS,714,LT,#8,-,-0.7602,2.4366,True
0.195,0.415,PE,741,HT,#1,#6,-0.9059,1.4086,True
0.2,0.415,PET,82,HT,#8,#6,-0.416,2.0377,True
0.2,0.415,PP,223,HT,#1,#6,-0.8293,1.5143,True
0.2,0.415,PVC,693,OG,#6,-,-0.7907,0.0269,True
0.2,0.415,PS,714,LT,#8,-,-0.7768,2.4366,True
0.2,0.415,PE,741,HT,#1,#6,-0.9273,1.4086,True
0.04,0.4391,PET,82,HT,#8,#6,-0.2146,1.9952,True
0.04,0.4391,PP,322,LT,#1,#6,-0.1775,0.8464,True
0.04,0.4391,PVC,562,LT,#1,#6,-0.4376,0.1295,True
0.04,0.4391,PS,707,LT,#1,-,-0.2268,0.8134,True
0.04,0.4391,PE,741,HT,#1,#6,-0.2422,1.3079,True
0.045,0.4391,PET,82,HT,#8,#6,-0.2209,1.9952,True
0.045,0.4391,PP,322,LT,#1,#6,-0.2054,0.8464,True
0.045,0.4391,PVC,562,LT,#1,#6,-0.4531,0.1295,True
0.045,0.4391,PS,714,LT,#8,-,-0.2631,2.3483,True
0.045,0.4391,PE,741,HT,#1,#6,-0.2636,1.3079,True
0.05,0.4391,PET,82,HT,#8,#6,-0.2272,1.9952,True
0.05,0.4391,PP,322,LT,#1,#6,-0.2333,0.8464,True
0.05,0.4391,PVC,562,LT,#1,#6,-0.4686,0.1295,True
0.05,0.4391,PS,714,LT,#8,-,-0.2797,2.3483,True
0.05,0.4391,PE,741,HT,#1,#6,-0.285,1.3079,True
0.055,0.4391,PET,82,HT,#8,#6,-0.2335,1.9952,True
0.055,0.4391,PP,322,LT,#1,#6,-0.2613,0.8464,True
0.055,0.4391,PVC,562,LT,#1,#6,-0.4841,0.1295,True
0.055,0.4391,PS,714,LT,#8,-,-0.2962,2.3483,True
0.055,0.4391,PE,741,HT,#1,#6,-0.3064,1.3079,True
0.06,0.4391,PET,82,HT,#8,#6,-0.2398,1.9952,True
0.06,0.4391,PP,322,LT,#1,#6,-0.2892,0.8464,True
0.06,0.4391,PVC,562,LT,#1,#6,-0.4996,0.1295,True
0.06,0.4391,PS,714,LT,#8,-,-0.3128,2.3483,True
0.06,0.4391,PE,741,HT,#1,#6,-0.3278,1.3079,True
0.065,0.4391,PET,82,HT,#8,#6,-0.2461,1.9952,True
0.065,0.4391,PP,322,LT,#1,#6,-0.3171,0.8464,True
0.065,0.4391,PVC,562,LT,#1,#6,-0.5151,0.1295,True
0.065,0.4391,PS,714,LT,#8,-,-0.3294,2.3483,True
0.065,0.4391,PE,741,HT,#1,#6,-0.3492,1.3079,True
0.07,0.4391,PET,82,HT,#8,#6,-0.2524,1.9952,True
0.07,0.4391,PP,322,LT,#1,#6,-0.345,0.8464,True
0.07,0.4391,PVC,562,LT,#1,#6,-0.5307,0.1295,True
0.07,0.4391,PS,714,LT,#8,-,-0.346,2.3483,True
0.07,0.4391,PE,741,HT,#1,#6,-0.3706,1.3079,True
0.075,0.4391,PET,82,HT,#8,#6,-0.2587,1.9952,True
0.075,0.4391,PP,223,HT,#1,#6,-0.3637,1.4284,True
0.075,0.4391,PVC,562,LT,#1,#6,-0.5462,0.1295,True
0.075,0.4391,PS,714,LT,#8,-,-0.3625,2.3483,True
0.075,0.4391,PE,741,HT,#1,#6,-0.392,1.3079,True
0.08,0.4391,PET,82,HT,#8,#6,-0.265,1.9952,True
0.08,0.4391,PP,223,HT,#1,#6,-0.3823,1.4284,True
0.08,0.4391,PVC,562,LT,#1,#6,-0.5617,0.1295,True
0.08,0.4391,PS,714,LT,#8,-,-0.3791,2.3483,True
0.08,0.4391,PE,741,HT,#1,#6,-0.4134,1.3079,True
0.085,0.4391,PET,82,HT,#8,#6,-0.2713,1.9952,True
0.085,0.4391,PP,223,HT,#1,#6,-0.401,1.4284,True
0.085,0.4391,PVC,562,LT,#1,#6,-0.5772,0.1295,True
0.085,0.4391,PS,714,LT,#8,-,-0.3957,2.3483,True
0.085,0.4391,PE,741,HT,#1,#6,-0.4348,1.3079,True
0.09,0.4391,PET,82,HT,#8,#6,-0.2776,1.9952,True
0.09,0.4391,PP,223,HT,#1,#6,-0.4196,1.4284,True
0.09,0.4391,PVC,562,LT,#1,#6,-0.5927,0.1295,True
0.09,0.4391,PS,714,LT,#8,-,-0.4122,2.3483,True
0.09,0.4391,PE,741,HT,#1,#6,-0.4563,1.3079,True
0.095,0.4391,PET,82,HT,#8,#6,-0.2838,1.9952,True
0.095,0.4391,PP,223,HT,#1,#6,-0.4382,1.4284,True
0.095,0.4391,PVC,562,LT,#1,#6,-0.6083,0.1295,True
0.095,0.4391,PS,714,LT,#8,-,-0.4288,2.3483,True
0.095,0.4391,PE,741,HT,#1,#6,-0.4777,1.3079,True
0.1,0.4391,PET,82,HT,#8,#6,-0.2901,1.9952,True
0.1,0.4391,PP,223,HT,#1,#6,-0.4568,1.4284,True
0.1,0.4391,PVC,562,LT,#1,#6,-0.6238,0.1295,True
0.1,0.4391,PS,714,LT,#8,-,-0.4454,2.3483,True
0.1,0.4391,PE,741,HT,#1,#6,-0.4991,1.3079,True
0.105,0.4391,PET,82,HT,#8,#6,-0.2964,1.9952,True
0.105,0.4391,PP,223,HT,#1,#6,-0.4755,1.4284,True
0.105,0.4391,PVC,562,LT,#1,#6,-0.6393,0.1295,True
0.105,0.4391,PS,714,LT,#8,-,-0.462,2.3483,True
0.105,0.4391,PE,741,HT,#1,#6,-0.5205,1.3079,True
0.11,0.4391,PET,82,HT,#8,#6,-0.3027,1.9952,True
0.11,0.4391,PP,223,HT,#1,#6,-0.4941,1.4284,True
0.11,0.4391,PVC,562,LT,#1,#6,-0.6548,0.1295,True
0.11,0.4391,PS,714,LT,#8,-,-0.4785,2.3483,True
0.11,0.4391,PE,741,HT,#1,#6,-0.5419,1.3079,True
0.115,0.4391,PET,82,HT,#8,#6,-0.309,1.9952,True
0.115,0.4391,PP,223,HT,#1,#6,-0.5127,1.4284,True
0.115,0.4391,PVC,562,LT,#1,#6,-0.6703,0.1295,True
0.115,0.4391,PS,714,LT,#8,-,-0.4951,2.3483,True
0.115,0.4391,PE,741,HT,#1,#6,-0.5633,1.3079,True
0.12,0.4391,PET,82,HT,#8,#6,-0.3153,1.9952,True
0.12,0.4391,PP,223,HT,#1,#6,-0.5313,1.4284,True
0.12,0.4391,PVC,562,LT,#1,#6,-0.6858,0.1295,True
0.12,0.4391,PS,714,LT,#8,-,-0.5117,2.3483,True
0.12,0.4391,PE,741,HT,#1,#6,-0.5847,1.3079,True
0.125,0.4391,PET,82,HT,#8,#6,-0.3216,1.9952,True
0.125,0.4391,PP,223,HT,#1,#6,-0.55,1.4284,True
0.125,0.4391,PVC,562,LT,#1,#6,-0.7014,0.1295,True
0.125,0.4391,PS,714,LT,#8,-,-0.5282,2.3483,True
0.125,0.4391,PE,741,HT,#1,#6,-0.6061,1.3079,True
0.13,0.4391,PET,82,HT,#8,#6,-0.3279,1.9952,True
0.13,0.4391,PP,223,HT,#1,#6,-0.5686,1.4284,True
0.13,0.4391,PVC,562,LT,#1,#6,-0.7169,0.1295,True
0.13,0.4391,PS,714,LT,#8,-,-0.5448,2.3483,True
0.13,0.4391,PE,741,HT,#1,#6,-0.6275,1.3079,True
0.135,0.4391,PET,82,HT,#8,#6,-0.3342,1.9952,True
0.135,0.4391,PP,223,HT,#1,#6,-0.5872,1.4284,True
0.135,0.4391,PVC,562,LT,#1,#6,-0.7324,0.1295,True
0.135,0.4391,PS,714,LT,#8,-,-0.5614,2.3483,True
0.135,0.4391,PE,741,HT,#1,#6,-0.6489,1.3079,True
0.14,0.4391,PET,82,HT,#8,#6,-0.3405,1.9952,True
0.14,0.4391,PP,223,HT,#1,#6,-0.6058,1.4284,True
0.14,0.4391,PVC,562,LT,#1,#6,-0.7479,0.1295,True
0.14,0.4391,PS,714,LT,#8,-,-0.578,2.3483,True
0.14,0.4391,PE,741,HT,#1,#6,-0.6704,1.3079,True
0.145,0.4391,PET,82,HT,#8,#6,-0.3468,1.9952,True
0.145,0.4391,PP,223,HT,#1,#6,-0.6244,1.4284,True
0.145,0.4391,PVC,562,LT,#1,#6,-0.7634,0.1295,True
0.145,0.4391,PS,714,LT,#8,-,-0.5945,2.3483,True
0.145,0.4391,PE,741,HT,#1,#6,-0.6918,1.3079,True
0.15,0.4391,PET,82,HT,#8,#6,-0.3531,1.9952,True
0.15,0.4391,PP,223,HT,#1,#6,-0.6431,1.4284,True
0.15,0.4391,PVC,562,LT,#1,#6,-0.779,0.1295,True
0.15,0.4391,PS,714,LT,#8,-,-0.6111,2.3483,True
0.15,0.4391,PE,741,HT,#1,#6,-0.7132,1.3079,True
0.155,0.4391,PET,82,HT,#8,#6,-0.3594,1.9952,True
0.155,0.4391,PP,223,HT,#1,#6,-0.6617,1.4284,True
0.155,0.4391,PVC,562,LT,#1,#6,-0.7945,0.1295,True
0.155,0.4391,PS,714,LT,#8,-,-0.6277,2.3483,True
0.155,0.4391,PE,741,HT,#1,#6,-0.7346,1.3079,True
0.16,0.4391,PET,82,HT,#8,#6,-0.3657,1.9952,True
0.16,0.4391,PP,223,HT,#1,#6,-0.6803,1.4284,True
0.16,0.4391,PVC,562,LT,#1,#6,-0.81,0.1295,True
0.16,0.4391,PS,714,LT,#8,-,-0.6442,2.3483,True
0.16,0.4391,PE,741,HT,#1,#6,-0.756,1.3079,True
0.165,0.4391,PET,82,HT,#8,#6,-0.372,1.9952,True
0.165,0.4391,PP,223,HT,#1,#6,-0.6989,1.4284,True
0.165,0.4391,PVC,562,LT,#1,#6,-0.8255,0.1295,True
0.165,0.4391,PS,714,LT,#8,-,-0.6608,2.3483,True
0.165,0.4391,PE,741,HT,#1,#6,-0.7774,1.3079,True
0.17,0.4391,PET,82,HT,#8,#6,-0.3782,1.9952,True
0.17,0.4391,PP,223,HT,#1,#6,-0.7176,1.4284,True
0.17,0.4391,PVC,562,LT,#1,#6,-0.841,0.1295,True
0.17,0.4391,PS,714,LT,#8,-,-0.6774,2.3483,True
0.17,0.4391,PE,741,HT,#1,#6,-0.7988,1.3079,True
0.175,0.4391,PET,82,HT,#8,#6,-0.3845,1.9952,True
0.175,0.4391,PP,223,HT,#1,#6,-0.7362,1.4284,True
0.175,0.4391,PVC,562,LT,#1,#6,-0.8565,0.1295,True
0.175,0.4391,PS,714,LT,#8,-,-0.694,2.3483,True
0.175,0.4391,PE,741,HT,#1,#6,-0.8202,1.3079,True
0.18,0.4391,PET,82,HT,#8,#6,-0.3908,1.9952,True
0.18,0.4391,PP,223,HT,#1,#6,-0.7548,1.4284,True
0.18,0.4391,PVC,562,LT,#1,#6,-0.8721,0.1295,True
0.18,0.4391,PS,714,LT,#8,-,-0.7105,2.3483,True
0.18,0.4391,PE,741,HT,#1,#6,-0.8416,1.3079,True
0.185,0.4391,PET,82,HT,#8,#6,-0.3971,1.9952,True
0.185,0.4391,PP,223,HT,#1,#6,-0.7734,1.4284,True
0.185,0.4391,PVC,562,LT,#1,#6,-0.8876,0.1295,True
0.185,0.4391,PS,714,LT,#8,-,-0.7271,2.3483,True
0.185,0.4391,PE,741,HT,#1,#6,-0.863,1.3079,True
0.19,0.4391,PET,82,HT,#8,#6,-0.4034,1.9952,True
0.19,0.4391,PP,223,HT,#1,#6,-0.792,1.4284,True
0.19,0.4391,PVC,562,LT,#1,#6,-0.9031,0.1295,True
0.19,0.4391,PS,714,LT,#8,-,-0.7437,2.3483,True
0.19,0.4391,PE,741,HT,#1,#6,-0.8845,1.3079,True
0.195,0.4391,PET,82,HT,#8,#6,-0.4097,1.9952,True
0.195,0.4391,PP,223,HT,#1,#6,-0.8107,1.4284,True
0.195,0.4391,PVC,562,LT,#1,#6,-0.9186,0.1295,True
0.195,0.4391,PS,714,LT,#8,-,-0.7602,2.3483,True
0.195,0.4391,PE,741,HT,#1,#6,-0.9059,1.3079,True
0.2,0.4391,PET,82,HT,#8,#6,-0.416,1.9952,True
0.2,0.4391,PP,223,HT,#1,#6,-0.8293,1.4284,True
0.2,0.4391,PVC,562,LT,#1,#6,-0.9341,0.1295,True
0.2,0.4391,PS,714,LT,#8,-,-0.7768,2.3483,True
0.2,0.4391,PE,741,HT,#1,#6,-0.9273,1.3079,True
0.04,0.4631,PET,82,HT,#8,#6,-0.2146,1.9526,True
0.04,0.4631,PP,322,LT,#1,#6,-0.1775,0.7321,True
0.04,0.4631,PVC,562,LT,#1,#6,-0.4376,0.0652,True
0.04,0.4631,PS,707,LT,#1,-,-0.2268,0.6806,True
0.04,0.4631,PE,741,HT,#1,#6,-0.2422,1.2073,True
0.045,0.4631,PET,82,HT,#8,#6,-0.2209,1.9526,True
0.045,0.4631,PP,322,LT,#1,#6,-0.2054,0.7321,True
0.045,0.4631,PVC,562,LT,#1,#6,-0.4531,0.0652,True
0.045,0.4631,PS,714,LT,#8,-,-0.2631,2.26,True
0.045,0.4631,PE,741,HT,#1,#6,-0.2636,1.2073,True
0.05,0.4631,PET,82,HT,#8,#6,-0.2272,1.9526,True
0.05,0.4631,PP,322,LT,#1,#6,-0.2333,0.7321,True
0.05,0.4631,PVC,562,LT,#1,#6,-0.4686,0.0652,True
0.05,0.4631,PS,714,LT,#8,-,-0.2797,2.26,True
0.05,0.4631,PE,741,HT,#1,#6,-0.285,1.2073,True
0.055,0.4631,PET,82,HT,#8,#6,-0.2335,1.9526,True
0.055,0.4631,PP,322,LT,#1,#6,-0.2613,0.7321,True
0.055,0.4631,PVC,562,LT,#1,#6,-0.4841,0.0652,True
0.055,0.4631,PS,714,LT,#8,-,-0.2962,2.26,True
0.055,0.4631,PE,741,HT,#1,#6,-0.3064,1.2073,True
0.06,0.4631,PET,82,HT,#8,#6,-0.2398,1.9526,True
0.06,0.4631,PP,322,LT,#1,#6,-0.2892,0.7321,True
0.06,0.4631,PVC,562,LT,#1,#6,-0.4996,0.0652,True
0.06,0.4631,PS,714,LT,#8,-,-0.3128,2.26,True
0.06,0.4631,PE,741,HT,#1,#6,-0.3278,1.2073,True
0.065,0.4631,PET,82,HT,#8,#6,-0.2461,1.9526,True
0.065,0.4631,PP,322,LT,#1,#6,-0.3171,0.7321,True
0.065,0.4631,PVC,562,LT,#1,#6,-0.5151,0.0652,True
0.065,0.4631,PS,714,LT,#8,-,-0.3294,2.26,True
0.065,0.4631,PE,741,HT,#1,#6,-0.3492,1.2073,True
0.07,0.4631,PET,82,HT,#8,#6,-0.2524,1.9526,True
0.07,0.4631,PP,322,LT,#1,#6,-0.345,0.7321,True
0.07,0.4631,PVC,562,LT,#1,#6,-0.5307,0.0652,True
0.07,0.4631,PS,714,LT,#8,-,-0.346,2.26,True
0.07,0.4631,PE,741,HT,#1,#6,-0.3706,1.2073,True
0.075,0.4631,PET,82,HT,#8,#6,-0.2587,1.9526,True
0.075,0.4631,PP,223,HT,#1,#6,-0.3637,1.3426,True
0.075,0.4631,PVC,562,LT,#1,#6,-0.5462,0.0652,True
0.075,0.4631,PS,714,LT,#8,-,-0.3625,2.26,True
0.075,0.4631,PE,741,HT,#1,#6,-0.392,1.2073,True
0.08,0.4631,PET,82,HT,#8,#6,-0.265,1.9526,True
0.08,0.4631,PP,223,HT,#1,#6,-0.3823,1.3426,True
0.08,0.4631,PVC,562,LT,#1,#6,-0.5617,0.0652,True
0.08,0.4631,PS,714,LT,#8,-,-0.3791,2.26,True
0.08,0.4631,PE,741,HT,#1,#6,-0.4134,1.2073,True
0.085,0.4631,PET,82,HT,#8,#6,-0.2713,1.9526,True
0.085,0.4631,PP,223,HT,#1,#6,-0.401,1.3426,True
0.085,0.4631,PVC,562,LT,#1,#6,-0.5772,0.0652,True
0.085,0.4631,PS,714,LT,#8,-,-0.3957,2.26,True
0.085,0.4631,PE,741,HT,#1,#6,-0.4348,1.2073,True
0.09,0.4631,PET,82,HT,#8,#6,-0.2776,1.9526,True
0.09,0.4631,PP,223,HT,#1,#6,-0.4196,1.3426,True
0.09,0.4631,PVC,562,LT,#1,#6,-0.5927,0.0652,True
0.09,0.4631,PS,714,LT,#8,-,-0.4122,2.26,True
0.09,0.4631,PE,741,HT,#1,#6,-0.4563,1.2073,True
0.095,0.4631,PET,82,HT,#8,#6,-0.2838,1.9526,True
0.095,0.4631,PP,223,HT,#1,#6,-0.4382,1.3426,True
0.095,0.4631,PVC,562,LT,#1,#6,-0.6083,0.0652,True
0.095,0.4631,PS,714,LT,#8,-,-0.4288,2.26,True
0.095,0.4631,PE,741,HT,#1,#6,-0.4777,1.2073,True
0.1,0.4631,PET,82,HT,#8,#6,-0.2901,1.9526,True
0.1,0.4631,PP,223,HT,#1,#6,-0.4568,1.3426,True
0.1,0.4631,PVC,562,LT,#1,#6,-0.6238,0.0652,True
0.1,0.4631,PS,714,LT,#8,-,-0.4454,2.26,True
0.1,0.4631,PE,741,HT,#1,#6,-0.4991,1.2073,True
0.105,0.4631,PET,82,HT,#8,#6,-0.2964,1.9526,True
0.105,0.4631,PP,223,HT,#1,#6,-0.4755,1.3426,True
0.105,0.4631,PVC,562,LT,#1,#6,-0.6393,0.0652,True
0.105,0.4631,PS,714,LT,#8,-,-0.462,2.26,True
0.105,0.4631,PE,741,HT,#1,#6,-0.5205,1.2073,True
0.11,0.4631,PET,82,HT,#8,#6,-0.3027,1.9526,True
0.11,0.4631,PP,223,HT,#1,#6,-0.4941,1.3426,True
0.11,0.4631,PVC,562,LT,#1,#6,-0.6548,0.0652,True
0.11,0.4631,PS,714,LT,#8,-,-0.4785,2.26,True
0.11,0.4631,PE,741,HT,#1,#6,-0.5419,1.2073,True
0.115,0.4631,PET,82,HT,#8,#6,-0.309,1.9526,True
0.115,0.4631,PP,223,HT,#1,#6,-0.5127,1.3426,True
0.115,0.4631,PVC,562,LT,#1,#6,-0.6703,0.0652,True
0.115,0.4631,PS,714,LT,#8,-,-0.4951,2.26,True
0.115,0.4631,PE,741,HT,#1,#6,-0.5633,1.2073,True
0.12,0.4631,PET,82,HT,#8,#6,-0.3153,1.9526,True
0.12,0.4631,PP,223,HT,#1,#6,-0.5313,1.3426,True
0.12,0.4631,PVC,562,LT,#1,#6,-0.6858,0.0652,True
0.12,0.4631,PS,714,LT,#8,-,-0.5117,2.26,True
0.12,0.4631,PE,741,HT,#1,#6,-0.5847,1.2073,True
0.125,0.4631,PET,82,HT,#8,#6,-0.3216,1.9526,True
0.125,0.4631,PP,223,HT,#1,#6,-0.55,1.3426,True
0.125,0.4631,PVC,562,LT,#1,#6,-0.7014,0.0652,True
0.125,0.4631,PS,714,LT,#8,-,-0.5282,2.26,True
0.125,0.4631,PE,741,HT,#1,#6,-0.6061,1.2073,True
0.13,0.4631,PET,82,HT,#8,#6,-0.3279,1.9526,True
0.13,0.4631,PP,223,HT,#1,#6,-0.5686,1.3426,True
0.13,0.4631,PVC,562,LT,#1,#6,-0.7169,0.0652,True
0.13,0.4631,PS,714,LT,#8,-,-0.5448,2.26,True
0.13,0.4631,PE,741,HT,#1,#6,-0.6275,1.2073,True
0.135,0.4631,PET,82,HT,#8,#6,-0.3342,1.9526,True
0.135,0.4631,PP,223,HT,#1,#6,-0.5872,1.3426,True
0.135,0.4631,PVC,562,LT,#1,#6,-0.7324,0.0652,True
0.135,0.4631,PS,714,LT,#8,-,-0.5614,2.26,True
0.135,0.4631,PE,741,HT,#1,#6,-0.6489,1.2073,True
0.14,0.4631,PET,82,HT,#8,#6,-0.3405,1.9526,True
0.14,0.4631,PP,223,HT,#1,#6,-0.6058,1.3426,True
0.14,0.4631,PVC,562,LT,#1,#6,-0.7479,0.0652,True
0.14,0.4631,PS,714,LT,#8,-,-0.578,2.26,True
0.14,0.4631,PE,741,HT,#1,#6,-0.6704,1.2073,True
0.145,0.4631,PET,82,HT,#8,#6,-0.3468,1.9526,True
0.145,0.4631,PP,223,HT,#1,#6,-0.6244,1.3426,True
0.145,0.4631,PVC,562,LT,#1,#6,-0.7634,0.0652,True
0.145,0.4631,PS,714,LT,#8,-,-0.5945,2.26,True
0.145,0.4631,PE,741,HT,#1,#6,-0.6918,1.2073,True
0.15,0.4631,PET,82,HT,#8,#6,-0.3531,1.9526,True
0.15,0.4631,PP,223,HT,#1,#6,-0.6431,1.3426,True
0.15,0.4631,PVC,562,LT,#1,#6,-0.779,0.0652,True
0.15,0.4631,PS,714,LT,#8,-,-0.6111,2.26,True
0.15,0.4631,PE,741,HT,#1,#6,-0.7132,1.2073,True
0.155,0.4631,PET,82,HT,#8,#6,-0.3594,1.9526,True
0.155,0.4631,PP,223,HT,#1,#6,-0.6617,1.3426,True
0.155,0.4631,PVC,562,LT,#1,#6,-0.7945,0.0652,True
0.155,0.4631,PS,714,LT,#8,-,-0.6277,2.26,True
0.155,0.4631,PE,741,HT,#1,#6,-0.7346,1.2073,True
0.16,0.4631,PET,82,HT,#8,#6,-0.3657,1.9526,True
0.16,0.4631,PP,223,HT,#1,#6,-0.6803,1.3426,True
0.16,0.4631,PVC,562,LT,#1,#6,-0.81,0.0652,True
0.16,0.4631,PS,714,LT,#8,-,-0.6442,2.26,True
0.16,0.4631,PE,741,HT,#1,#6,-0.756,1.2073,True
0.165,0.4631,PET,82,HT,#8,#6,-0.372,1.9526,True
0.165,0.4631,PP,223,HT,#1,#6,-0.6989,1.3426,True
0.165,0.4631,PVC,562,LT,#1,#6,-0.8255,0.0652,True
0.165,0.4631,PS,714,LT,#8,-,-0.6608,2.26,True
0.165,0.4631,PE,741,HT,#1,#6,-0.7774,1.2073,True
0.17,0.4631,PET,82,HT,#8,#6,-0.3782,1.9526,True
0.17,0.4631,PP,223,HT,#1,#6,-0.7176,1.3426,True
0.17,0.4631,PVC,562,LT,#1,#6,-0.841,0.0652,True
0.17,0.4631,PS,714,LT,#8,-,-0.6774,2.26,True
0.17,0.4631,PE,741,HT,#1,#6,-0.7988,1.2073,True
0.175,0.4631,PET,82,HT,#8,#6,-0.3845,1.9526,True
0.175,0.4631,PP,223,HT,#1,#6,-0.7362,1.3426,True
0.175,0.4631,PVC,562,LT,#1,#6,-0.8565,0.0652,True
0.175,0.4631,PS,714,LT,#8,-,-0.694,2.26,True
0.175,0.4631,PE,741,HT,#1,#6,-0.8202,1.2073,True
0.18,0.4631,PET,82,HT,#8,#6,-0.3908,1.9526,True
0.18,0.4631,PP,223,HT,#1,#6,-0.7548,1.3426,True
0.18,0.4631,PVC,562,LT,#1,#6,-0.8721,0.0652,True
0.18,0.4631,PS,714,LT,#8,-,-0.7105,2.26,True
0.18,0.4631,PE,741,HT,#1,#6,-0.8416,1.2073,True
0.185,0.4631,PET,82,HT,#8,#6,-0.3971,1.9526,True
0.185,0.4631,PP,223,HT,#1,#6,-0.7734,1.3426,True
0.185,0.4631,PVC,562,LT,#1,#6,-0.8876,0.0652,True
0.185,0.4631,PS,714,LT,#8,-,-0.7271,2.26,True
0.185,0.4631,PE,741,HT,#1,#6,-0.863,1.2073,True
0.19,0.4631,PET,82,HT,#8,#6,-0.4034,1.9526,True
0.19,0.4631,PP,223,HT,#1,#6,-0.792,1.3426,True
0.19,0.4631,PVC,562,LT,#1,#6,-0.9031,0.0652,True
0.19,0.4631,PS,714,LT,#8,-,-0.7437,2.26,True
0.19,0.4631,PE,741,HT,#1,#6,-0.8845,1.2073,True
0.195,0.4631,PET,82,HT,#8,#6,-0.4097,1.9526,True
0.195,0.4631,PP,223,HT,#1,#6,-0.8107,1.3426,True
0.195,0.4631,PVC,562,LT,#1,#6,-0.9186,0.0652,True
0.195,0.4631,PS,714,LT,#8,-,-0.7602,2.26,True
0.195,0.4631,PE,741,HT,#1,#6,-0.9059,1.2073,True
0.2,0.4631,PET,82,HT,#8,#6,-0.416,1.9526,True
0.2,0.4631,PP,223,HT,#1,#6,-0.8293,1.3426,True
0.2,0.4631,PVC,562,LT,#1,#6,-0.9341,0.0652,True
0.2,0.4631,PS,714,LT,#8,-,-0.7768,2.26,True
0.2,0.4631,PE,741,HT,#1,#6,-0.9273,1.2073,True
0.04,0.4872,PET,82,HT,#8,#6,-0.2146,1.91,True
0.04,0.4872,PP,322,LT,#1,#6,-0.1775,0.6178,True
0.04,0.4872,PVC,562,LT,#1,#6,-0.4376,0.0009,True
0.04,0.4872,PS,707,LT,#1,-,-0.2268,0.5478,True
0.04,0.4872,PE,741,HT,#1,#6,-0.2422,1.1067,True
0.045,0.4872,PET,82,HT,#8,#6,-0.2209,1.91,True
0.045,0.4872,PP,322,LT,#1,#6,-0.2054,0.6178,True
0.045,0.4872,PVC,562,LT,#1,#6,-0.4531,0.0009,True
0.045,0.4872,PS,714,LT,#8,-,-0.2631,2.1716,True
0.045,0.4872,PE,741,HT,#1,#6,-0.2636,1.1067,True
0.05,0.4872,PET,82,HT,#8,#6,-0.2272,1.91,True
0.05,0.4872,PP,322,LT,#1,#6,-0.2333,0.6178,True
0.05,0.4872,PVC,562,LT,#1,#6,-0.4686,0.0009,True
0.05,0.4872,PS,714,LT,#8,-,-0.2797,2.1716,True
0.05,0.4872,PE,741,HT,#1,#6,-0.285,1.1067,True
0.055,0.4872,PET,82,HT,#8,#6,-0.2335,1.91,True
0.055,0.4872,PP,322,LT,#1,#6,-0.2613,0.6178,True
0.055,0.4872,PVC,562,LT,#1,#6,-0.4841,0.0009,True
0.055,0.4872,PS,714,LT,#8,-,-0.2962,2.1716,True
0.055,0.4872,PE,741,HT,#1,#6,-0.3064,1.1067,True
0.06,0.4872,PET,82,HT,#8,#6,-0.2398,1.91,True
0.06,0.4872,PP,322,LT,#1,#6,-0.2892,0.6178,True
0.06,0.4872,PVC,562,LT,#1,#6,-0.4996,0.0009,True
0.06,0.4872,PS,714,LT,#8,-,-0.3128,2.1716,True
0.06,0.4872,PE,741,HT,#1,#6,-0.3278,1.1067,True
0.065,0.4872,PET,82,HT,#8,#6,-0.2461,1.91,True
0.065,0.4872,PP,322,LT,#1,#6,-0.3171,0.6178,True
0.065,0.4872,PVC,562,LT,#1,#6,-0.5151,0.0009,True
0.065,0.4872,PS,714,LT,#8,-,-0.3294,2.1716,True
0.065,0.4872,PE,741,HT,#1,#6,-0.3492,1.1067,True
0.07,0.4872,PET,82,HT,#8,#6,-0.2524,1.91,True
0.07,0.4872,PP,322,LT,#1,#6,-0.345,0.6178,True
0.07,0.4872,PVC,562,LT,#1,#6,-0.5307,0.0009,True
0.07,0.4872,PS,714,LT,#8,-,-0.346,2.1716,True
0.07,0.4872,PE,741,HT,#1,#6,-0.3706,1.1067,True
0.075,0.4872,PET,82,HT,#8,#6,-0.2587,1.91,True
0.075,0.4872,PP,223,HT,#1,#6,-0.3637,1.2568,True
0.075,0.4872,PVC,562,LT,#1,#6,-0.5462,0.0009,True
0.075,0.4872,PS,714,LT,#8,-,-0.3625,2.1716,True
0.075,0.4872,PE,741,HT,#1,#6,-0.392,1.1067,True
0.08,0.4872,PET,82,HT,#8,#6,-0.265,1.91,True
0.08,0.4872,PP,223,HT,#1,#6,-0.3823,1.2568,True
0.08,0.4872,PVC,562,LT,#1,#6,-0.5617,0.0009,True
0.08,0.4872,PS,714,LT,#8,-,-0.3791,2.1716,True
0.08,0.4872,PE,741,HT,#1,#6,-0.4134,1.1067,True
0.085,0.4872,PET,82,HT,#8,#6,-0.2713,1.91,True
0.085,0.4872,PP,223,HT,#1,#6,-0.401,1.2568,True
0.085,0.4872,PVC,562,LT,#1,#6,-0.5772,0.0009,True
0.085,0.4872,PS,714,LT,#8,-,-0.3957,2.1716,True
0.085,0.4872,PE,741,HT,#1,#6,-0.4348,1.1067,True
0.09,0.4872,PET,82,HT,#8,#6,-0.2776,1.91,True
0.09,0.4872,PP,223,HT,#1,#6,-0.4196,1.2568,True
0.09,0.4872,PVC,562,LT,#1,#6,-0.5927,0.0009,True
0.09,0.4872,PS,714,LT,#8,-,-0.4122,2.1716,True
0.09,0.4872,PE,741,HT,#1,#6,-0.4563,1.1067,True
0.095,0.4872,PET,82,HT,#8,#6,-0.2838,1.91,True
0.095,0.4872,PP,223,HT,#1,#6,-0.4382,1.2568,True
0.095,0.4872,PVC,562,LT,#1,#6,-0.6083,0.0009,True
0.095,0.4872,PS,714,LT,#8,-,-0.4288,2.1716,True
0.095,0.4872,PE,741,HT,#1,#6,-0.4777,1.1067,True
0.1,0.4872,PET,82,HT,#8,#6,-0.2901,1.91,True
0.1,0.4872,PP,223,HT,#1,#6,-0.4568,1.2568,True
0.1,0.4872,PVC,562,LT,#1,#6,-0.6238,0.0009,True
0.1,0.4872,PS,714,LT,#8,-,-0.4454,2.1716,True
0.1,0.4872,PE,741,HT,#1,#6,-0.4991,1.1067,True
0.105,0.4872,PET,82,HT,#8,#6,-0.2964,1.91,True
0.105,0.4872,PP,223,HT,#1,#6,-0.4755,1.2568,True
0.105,0.4872,PVC,562,LT,#1,#6,-0.6393,0.0009,True
0.105,0.4872,PS,714,LT,#8,-,-0.462,2.1716,True
0.105,0.4872,PE,741,HT,#1,#6,-0.5205,1.1067,True
0.11,0.4872,PET,82,HT,#8,#6,-0.3027,1.91,True
0.11,0.4872,PP,223,HT,#1,#6,-0.4941,1.2568,True
0.11,0.4872,PVC,562,LT,#1,#6,-0.6548,0.0009,True
0.11,0.4872,PS,714,LT,#8,-,-0.4785,2.1716,True
0.11,0.4872,PE,741,HT,#1,#6,-0.5419,1.1067,True
0.115,0.4872,PET,82,HT,#8,#6,-0.309,1.91,True
0.115,0.4872,PP,223,HT,#1,#6,-0.5127,1.2568,True
0.115,0.4872,PVC,562,LT,#1,#6,-0.6703,0.0009,True
0.115,0.4872,PS,714,LT,#8,-,-0.4951,2.1716,True
0.115,0.4872,PE,741,HT,#1,#6,-0.5633,1.1067,True
0.12,0.4872,PET,82,HT,#8,#6,-0.3153,1.91,True
0.12,0.4872,PP,223,HT,#1,#6,-0.5313,1.2568,True
0.12,0.4872,PVC,562,LT,#1,#6,-0.6858,0.0009,True
0.12,0.4872,PS,714,LT,#8,-,-0.5117,2.1716,True
0.12,0.4872,PE,741,HT,#1,#6,-0.5847,1.1067,True
0.125,0.4872,PET,82,HT,#8,#6,-0.3216,1.91,True
0.125,0.4872,PP,223,HT,#1,#6,-0.55,1.2568,True
0.125,0.4872,PVC,562,LT,#1,#6,-0.7014,0.0009,True
0.125,0.4872,PS,714,LT,#8,-,-0.5282,2.1716,True
0.125,0.4872,PE,741,HT,#1,#6,-0.6061,1.1067,True
0.13,0.4872,PET,82,HT,#8,#6,-0.3279,1.91,True
0.13,0.4872,PP,223,HT,#1,#6,-0.5686,1.2568,True
0.13,0.4872,PVC,562,LT,#1,#6,-0.7169,0.0009,True
0.13,0.4872,PS,714,LT,#8,-,-0.5448,2.1716,True
0.13,0.4872,PE,741,HT,#1,#6,-0.6275,1.1067,True
0.135,0.4872,PET,82,HT,#8,#6,-0.3342,1.91,True
0.135,0.4872,PP,223,HT,#1,#6,-0.5872,1.2568,True
0.135,0.4872,PVC,562,LT,#1,#6,-0.7324,0.0009,True
0.135,0.4872,PS,714,LT,#8,-,-0.5614,2.1716,True
0.135,0.4872,PE,741,HT,#1,#6,-0.6489,1.1067,True
0.14,0.4872,PET,82,HT,#8,#6,-0.3405,1.91,True
0.14,0.4872,PP,223,HT,#1,#6,-0.6058,1.2568,True
0.14,0.4872,PVC,562,LT,#1,#6,-0.7479,0.0009,True
0.14,0.4872,PS,714,LT,#8,-,-0.578,2.1716,True
0.14,0.4872,PE,741,HT,#1,#6,-0.6704,1.1067,True
0.145,0.4872,PET,82,HT,#8,#6,-0.3468,1.91,True
0.145,0.4872,PP,223,HT,#1,#6,-0.6244,1.2568,True
0.145,0.4872,PVC,562,LT,#1,#6,-0.7634,0.0009,True
0.145,0.4872,PS,714,LT,#8,-,-0.5945,2.1716,True
0.145,0.4872,PE,741,HT,#1,#6,-0.6918,1.1067,True
0.15,0.4872,PET,82,HT,#8,#6,-0.3531,1.91,True
0.15,0.4872,PP,223,HT,#1,#6,-0.6431,1.2568,True
0.15,0.4872,PVC,562,LT,#1,#6,-0.779,0.0009,True
0.15,0.4872,PS,714,LT,#8,-,-0.6111,2.1716,True
0.15,0.4872,PE,741,HT,#1,#6,-0.7132,1.1067,True
0.155,0.4872,PET,82,HT,#8,#6,-0.3594,1.91,True
0.155,0.4872,PP,223,HT,#1,#6,-0.6617,1.2568,True
0.155,0.4872,PVC,562,LT,#1,#6,-0.7945,0.0009,True
0.155,0.4872,PS,714,LT,#8,-,-0.6277,2.1716,True
0.155,0.4872,PE,741,HT,#1,#6,-0.7346,1.1067,True
0.16,0.4872,PET,82,HT,#8,#6,-0.3657,1.91,True
0.16,0.4872,PP,223,HT,#1,#6,-0.6803,1.2568,True
0.16,0.4872,PVC,562,LT,#1,#6,-0.81,0.0009,True
0.16,0.4872,PS,714,LT,#8,-,-0.6442,2.1716,True
0.16,0.4872,PE,741,HT,#1,#6,-0.756,1.1067,True
0.165,0.4872,PET,82,HT,#8,#6,-0.372,1.91,True
0.165,0.4872,PP,223,HT,#1,#6,-0.6989,1.2568,True
0.165,0.4872,PVC,562,LT,#1,#6,-0.8255,0.0009,True
0.165,0.4872,PS,714,LT,#8,-,-0.6608,2.1716,True
0.165,0.4872,PE,741,HT,#1,#6,-0.7774,1.1067,True
0.17,0.4872,PET,82,HT,#8,#6,-0.3782,1.91,True
0.17,0.4872,PP,223,HT,#1,#6,-0.7176,1.2568,True
0.17,0.4872,PVC,562,LT,#1,#6,-0.841,0.0009,True
0.17,0.4872,PS,714,LT,#8,-,-0.6774,2.1716,True
0.17,0.4872,PE,741,HT,#1,#6,-0.7988,1.1067,True
0.175,0.4872,PET,82,HT,#8,#6,-0.3845,1.91,True
0.175,0.4872,PP,223,HT,#1,#6,-0.7362,1.2568,True
0.175,0.4872,PVC,562,LT,#1,#6,-0.8565,0.0009,True
0.175,0.4872,PS,714,LT,#8,-,-0.694,2.1716,True
0.175,0.4872,PE,741,HT,#1,#6,-0.8202,1.1067,True
0.18,0.4872,PET,82,HT,#8,#6,-0.3908,1.91,True
0.18,0.4872,PP,223,HT,#1,#6,-0.7548,1.2568,True
0.18,0.4872,PVC,562,LT,#1,#6,-0.8721,0.0009,True
0.18,0.4872,PS,714,LT,#8,-,-0.7105,2.1716,True
0.18,0.4872,PE,741,HT,#1,#6,-0.8416,1.1067,True
0.185,0.4872,PET,82,HT,#8,#6,-0.3971,1.91,True
0.185,0.4872,PP,223,HT,#1,#6,-0.7734,1.2568,True
0.185,0.4872,PVC,562,LT,#1,#6,-0.8876,0.0009,True
0.185,0.4872,PS,714,LT,#8,-,-0.7271,2.1716,True
0.185,0.4872,PE,741,HT,#1,#6,-0.863,1.1067,True
0.19,0.4872,PET,82,HT,#8,#6,-0.4034,1.91,True
0.19,0.4872,PP,223,HT,#1,#6,-0.792,1.2568,True
0.19,0.4872,PVC,562,LT,#1,#6,-0.9031,0.0009,True
0.19,0.4872,PS,714,LT,#8,-,-0.7437,2.1716,True
0.19,0.4872,PE,741,HT,#1,#6,-0.8845,1.1067,True
0.195,0.4872,PET,82,HT,#8,#6,-0.4097,1.91,True
0.195,0.4872,PP,223,HT,#1,#6,-0.8107,1.2568,True
0.195,0.4872,PVC,562,LT,#1,#6,-0.9186,0.0009,True
0.195,0.4872,PS,714,LT,#8,-,-0.7602,2.1716,True
0.195,0.4872,PE,741,HT,#1,#6,-0.9059,1.1067,True
0.2,0.4872,PET,82,HT,#8,#6,-0.416,1.91,True
0.2,0.4872,PP,223,HT,#1,#6,-0.8293,1.2568,True
0.2,0.4872,PVC,562,LT,#1,#6,-0.9341,0.0009,True
0.2,0.4872,PS,714,LT,#8,-,-0.7768,2.1716,True
0.2,0.4872,PE,741,HT,#1,#6,-0.9273,1.1067,True
0.04,0.5112,PET,82,HT,#8,#6,-0.2146,1.8675,True
0.04,0.5112,PP,322,LT,#1,#6,-0.1775,0.5034,True
0.04,0.5112,PVC,540,HT,#8,#6,-0.7013,0.4968,True
0.04,0.5112,PS,707,LT,#1,-,-0.2268,0.415,True
0.04,0.5112,PE,741,HT,#1,#6,-0.2422,1.0061,True
0.045,0.5112,PET,82,HT,#8,#6,-0.2209,1.8675,True
0.045,0.5112,PP,322,LT,#1,#6,-0.2054,0.5034,True
0.045,0.5112,PVC,540,HT,#8,#6,-0.7106,0.4968,True
0.045,0.5112,PS,714,LT,#8,-,-0.2631,2.0833,True
0.045,0.5112,PE,741,HT,#1,#6,-0.2636,1.0061,True
0.05,0.5112,PET,82,HT,#8,#6,-0.2272,1.8675,True
0.05,0.5112,PP,322,LT,#1,#6,-0.2333,0.5034,True
0.05,0.5112,PVC,540,HT,#8,#6,-0.7199,0.4968,True
0.05,0.5112,PS,714,LT,#8,-,-0.2797,2.0833,True
0.05,0.5112,PE,741,HT,#1,#6,-0.285,1.0061,True
0.055,0.5112,PET,82,HT,#8,#6,-0.2335,1.8675,True
0.055,0.5112,PP,322,LT,#1,#6,-0.2613,0.5034,True
0.055,0.5112,PVC,540,HT,#8,#6,-0.7293,0.4968,True
0.055,0.5112,PS,714,LT,#8,-,-0.2962,2.0833,True
0.055,0.5112,PE,741,HT,#1,#6,-0.3064,1.0061,True
0.06,0.5112,PET,82,HT,#8,#6,-0.2398,1.8675,True
0.06,0.5112,PP,322,LT,#1,#6,-0.2892,0.5034,True
0.06,0.5112,PVC,540,HT,#8,#6,-0.7386,0.4968,True
0.06,0.5112,PS,714,LT,#8,-,-0.3128,2.0833,True
0.06,0.5112,PE,741,HT,#1,#6,-0.3278,1.0061,True
0.065,0.5112,PET,82,HT,#8,#6,-0.2461,1.8675,True
0.065,0.5112,PP,322,LT,#1,#6,-0.3171,0.5034,True
0.065,0.5112,PVC,540,HT,#8,#6,-0.7479,0.4968,True
0.065,0.5112,PS,714,LT,#8,-,-0.3294,2.0833,True
0.065,0.5112,PE,741,HT,#1,#6,-0.3492,1.0061,True
0.07,0.5112,PET,82,HT,#8,#6,-0.2524,1.8675,True
0.07,0.5112,PP,322,LT,#1,#6,-0.345,0.5034,True
0.07,0.5112,PVC,540,HT,#8,#6,-0.7572,0.4968,True
0.07,0.5112,PS,714,LT,#8,-,-0.346,2.0833,True
0.07,0.5112,PE,741,HT,#1,#6,-0.3706,1.0061,True
0.075,0.5112,PET,82,HT,#8,#6,-0.2587,1.8675,True
0.075,0.5112,PP,223,HT,#1,#6,-0.3637,1.171,True
0.075,0.5112,PVC,540,HT,#8,#6,-0.7666,0.4968,True
0.075,0.5112,PS,714,LT,#8,-,-0.3625,2.0833,True
0.075,0.5112,PE,741,HT,#1,#6,-0.392,1.0061,True
0.08,0.5112,PET,82,HT,#8,#6,-0.265,1.8675,True
0.08,0.5112,PP,223,HT,#1,#6,-0.3823,1.171,True
0.08,0.5112,PVC,540,HT,#8,#6,-0.7759,0.4968,True
0.08,0.5112,PS,714,LT,#8,-,-0.3791,2.0833,True
0.08,0.5112,PE,741,HT,#1,#6,-0.4134,1.0061,True
0.085,0.5112,PET,82,HT,#8,#6,-0.2713,1.8675,True
0.085,0.5112,PP,223,HT,#1,#6,-0.401,1.171,True
0.085,0.5112,PVC,540,HT,#8,#6,-0.7852,0.4968,True
0.085,0.5112,PS,714,LT,#8,-,-0.3957,2.0833,True
0.085,0.5112,PE,741,HT,#1,#6,-0.4348,1.0061,True
0.09,0.5112,PET,82,HT,#8,#6,-0.2776,1.8675,True
0.09,0.5112,PP,223,HT,#1,#6,-0.4196,1.171,True
0.09,0.5112,PVC,540,HT,#8,#6,-0.7945,0.4968,True
0.09,0.5112,PS,714,LT,#8,-,-0.4122,2.0833,True
0.09,0.5112,PE,741,HT,#1,#6,-0.4563,1.0061,True
0.095,0.5112,PET,82,HT,#8,#6,-0.2838,1.8675,True
0.095,0.5112,PP,223,HT,#1,#6,-0.4382,1.171,True
0.095,0.5112,PVC,540,HT,#8,#6,-0.8039,0.4968,True
0.095,0.5112,PS,714,LT,#8,-,-0.4288,2.0833,True
0.095,0.5112,PE,741,HT,#1,#6,-0.4777,1.0061,True
0.1,0.5112,PET,82,HT,#8,#6,-0.2901,1.8675,True
0.1,0.5112,PP,223,HT,#1,#6,-0.4568,1.171,True
0.1,0.5112,PVC,540,HT,#8,#6,-0.8132,0.4968,True
0.1,0.5112,PS,714,LT,#8,-,-0.4454,2.0833,True
0.1,0.5112,PE,741,HT,#1,#6,-0.4991,1.0061,True
0.105,0.5112,PET,82,HT,#8,#6,-0.2964,1.8675,True
0.105,0.5112,PP,223,HT,#1,#6,-0.4755,1.171,True
0.105,0.5112,PVC,540,HT,#8,#6,-0.8225,0.4968,True
0.105,0.5112,PS,714,LT,#8,-,-0.462,2.0833,True
0.105,0.5112,PE,741,HT,#1,#6,-0.5205,1.0061,True
0.11,0.5112,PET,82,HT,#8,#6,-0.3027,1.8675,True
0.11,0.5112,PP,223,HT,#1,#6,-0.4941,1.171,True
0.11,0.5112,PVC,540,HT,#8,#6,-0.8318,0.4968,True
0.11,0.5112,PS,714,LT,#8,-,-0.4785,2.0833,True
0.11,0.5112,PE,741,HT,#1,#6,-0.5419,1.0061,True
0.115,0.5112,PET,82,HT,#8,#6,-0.309,1.8675,True
0.115,0.5112,PP,223,HT,#1,#6,-0.5127,1.171,True
0.115,0.5112,PVC,540,HT,#8,#6,-0.8412,0.4968,True
0.115,0.5112,PS,714,LT,#8,-,-0.4951,2.0833,True
0.115,0.5112,PE,741,HT,#1,#6,-0.5633,1.0061,True
0.12,0.5112,PET,82,HT,#8,#6,-0.3153,1.8675,True
0.12,0.5112,PP,223,HT,#1,#6,-0.5313,1.171,True
0.12,0.5112,PVC,540,HT,#8,#6,-0.8505,0.4968,True
0.12,0.5112,PS,714,LT,#8,-,-0.5117,2.0833,True
0.12,0.5112,PE,741,HT,#1,#6,-0.5847,1.0061,True
0.125,0.5112,PET,82,HT,#8,#6,-0.3216,1.8675,True
0.125,0.5112,PP,223,HT,#1,#6,-0.55,1.171,True
0.125,0.5112,PVC,540,HT,#8,#6,-0.8598,0.4968,True
0.125,0.5112,PS,714,LT,#8,-,-0.5282,2.0833,True
0.125,0.5112,PE,741,HT,#1,#6,-0.6061,1.0061,True
0.13,0.5112,PET,82,HT,#8,#6,-0.3279,1.8675,True
0.13,0.5112,PP,223,HT,#1,#6,-0.5686,1.171,True
0.13,0.5112,PVC,540,HT,#8,#6,-0.8691,0.4968,True
0.13,0.5112,PS,714,LT,#8,-,-0.5448,2.0833,True
0.13,0.5112,PE,741,HT,#1,#6,-0.6275,1.0061,True
0.135,0.5112,PET,82,HT,#8,#6,-0.3342,1.8675,True
0.135,0.5112,PP,223,HT,#1,#6,-0.5872,1.171,True
0.135,0.5112,PVC,540,HT,#8,#6,-0.8785,0.4968,True
0.135,0.5112,PS,714,LT,#8,-,-0.5614,2.0833,True
0.135,0.5112,PE,741,HT,#1,#6,-0.6489,1.0061,True
0.14,0.5112,PET,82,HT,#8,#6,-0.3405,1.8675,True
0.14,0.5112,PP,223,HT,#1,#6,-0.6058,1.171,True
0.14,0.5112,PVC,540,HT,#8,#6,-0.8878,0.4968,True
0.14,0.5112,PS,714,LT,#8,-,-0.578,2.0833,True
0.14,0.5112,PE,741,HT,#1,#6,-0.6704,1.0061,True
0.145,0.5112,PET,82,HT,#8,#6,-0.3468,1.8675,True
0.145,0.5112,PP,223,HT,#1,#6,-0.6244,1.171,True
0.145,0.5112,PVC,540,HT,#8,#6,-0.8971,0.4968,True
0.145,0.5112,PS,714,LT,#8,-,-0.5945,2.0833,True
0.145,0.5112,PE,741,HT,#1,#6,-0.6918,1.0061,True
0.15,0.5112,PET,82,HT,#8,#6,-0.3531,1.8675,True
0.15,0.5112,PP,223,HT,#1,#6,-0.6431,1.171,True
0.15,0.5112,PVC,540,HT,#8,#6,-0.9064,0.4968,True
0.15,0.5112,PS,714,LT,#8,-,-0.6111,2.0833,True
0.15,0.5112,PE,741,HT,#1,#6,-0.7132,1.0061,True
0.155,0.5112,PET,82,HT,#8,#6,-0.3594,1.8675,True
0.155,0.5112,PP,223,HT,#1,#6,-0.6617,1.171,True
0.155,0.5112,PVC,540,HT,#8,#6,-0.9158,0.4968,True
0.155,0.5112,PS,714,LT,#8,-,-0.6277,2.0833,True
0.155,0.5112,PE,741,HT,#1,#6,-0.7346,1.0061,True
0.16,0.5112,PET,82,HT,#8,#6,-0.3657,1.8675,True
0.16,0.5112,PP,223,HT,#1,#6,-0.6803,1.171,True
0.16,0.5112,PVC,540,HT,#8,#6,-0.9251,0.4968,True
0.16,0.5112,PS,714,LT,#8,-,-0.6442,2.0833,True
0.16,0.5112,PE,741,HT,#1,#6,-0.756,1.0061,True
0.165,0.5112,PET,82,HT,#8,#6,-0.372,1.8675,True
0.165,0.5112,PP,223,HT,#1,#6,-0.6989,1.171,True
0.165,0.5112,PVC,540,HT,#8,#6,-0.9344,0.4968,True
0.165,0.5112,PS,714,LT,#8,-,-0.6608,2.0833,True
0.165,0.5112,PE,741,HT,#1,#6,-0.7774,1.0061,True
0.17,0.5112,PET,82,HT,#8,#6,-0.3782,1.8675,True
0.17,0.5112,PP,223,HT,#1,#6,-0.7176,1.171,True
0.17,0.5112,PVC,540,HT,#8,#6,-0.9437,0.4968,True
0.17,0.5112,PS,714,LT,#8,-,-0.6774,2.0833,True
0.17,0.5112,PE,741,HT,#1,#6,-0.7988,1.0061,True
0.175,0.5112,PET,82,HT,#8,#6,-0.3845,1.8675,True
0.175,0.5112,PP,223,HT,#1,#6,-0.7362,1.171,True
0.175,0.5112,PVC,540,HT,#8,#6,-0.953,0.4968,True
0.175,0.5112,PS,714,LT,#8,-,-0.694,2.0833,True
0.175,0.5112,PE,741,HT,#1,#6,-0.8202,1.0061,True
0.18,0.5112,PET,82,HT,#8,#6,-0.3908,1.8675,True
0.18,0.5112,PP,223,HT,#1,#6,-0.7548,1.171,True
0.18,0.5112,PVC,540,HT,#8,#6,-0.9624,0.4968,True
0.18,0.5112,PS,714,LT,#8,-,-0.7105,2.0833,True
0.18,0.5112,PE,741,HT,#1,#6,-0.8416,1.0061,True
0.185,0.5112,PET,82,HT,#8,#6,-0.3971,1.8675,True
0.185,0.5112,PP,223,HT,#1,#6,-0.7734,1.171,True
0.185,0.5112,PVC,540,HT,#8,#6,-0.9717,0.4968,True
0.185,0.5112,PS,714,LT,#8,-,-0.7271,2.0833,True
0.185,0.5112,PE,741,HT,#1,#6,-0.863,1.0061,True
0.19,0.5112,PET,82,HT,#8,#6,-0.4034,1.8675,True
0.19,0.5112,PP,223,HT,#1,#6,-0.792,1.171,True
0.19,0.5112,PVC,540,HT,#8,#6,-0.981,0.4968,True
0.19,0.5112,PS,714,LT,#8,-,-0.7437,2.0833,True
0.19,0.5112,PE,741,HT,#1,#6,-0.8845,1.0061,True
0.195,0.5112,PET,82,HT,#8,#6,-0.4097,1.8675,True
0.195,0.5112,PP,223,HT,#1,#6,-0.8107,1.171,True
0.195,0.5112,PVC,540,HT,#8,#6,-0.9903,0.4968,True
0.195,0.5112,PS,714,LT,#8,-,-0.7602,2.0833,True
0.195,0.5112,PE,741,HT,#1,#6,-0.9059,1.0061,True
0.2,0.5112,PET,82,HT,#8,#6,-0.416,1.8675,True
0.2,0.5112,PP,223,HT,#1,#6,-0.8293,1.171,True
0.2,0.5112,PVC,540,HT,#8,#6,-0.9997,0.4968,True
0.2,0.5112,PS,714,LT,#8,-,-0.7768,2.0833,True
0.2,0.5112,PE,741,HT,#1,#6,-0.9273,1.0061,True
0.04,0.5353,PET,82,HT,#8,#6,-0.2146,1.8249,True
0.04,0.5353,PP,322,LT,#1,#6,-0.1775,0.3891,True
0.04,0.5353,PVC,540,HT,#8,#6,-0.7013,0.4529,True
0.04,0.5353,PS,707,LT,#1,-,-0.2268,0.2822,True
0.04,0.5353,PE,741,HT,#1,#6,-0.2422,0.9055,True
0.045,0.5353,PET,82,HT,#8,#6,-0.2209,1.8249,True
0.045,0.5353,PP,322,LT,#1,#6,-0.2054,0.3891,True
0.045,0.5353,PVC,540,HT,#8,#6,-0.7106,0.4529,True
0.045,0.5353,PS,714,LT,#8,-,-0.2631,1.995,True
0.045,0.5353,PE,741,HT,#1,#6,-0.2636,0.9055,True
0.05,0.5353,PET,82,HT,#8,#6,-0.2272,1.8249,True
0.05,0.5353,PP,322,LT,#1,#6,-0.2333,0.3891,True
0.05,0.5353,PVC,540,HT,#8,#6,-0.7199,0.4529,True
0.05,0.5353,PS,714,LT,#8,-,-0.2797,1.995,True
0.05,0.5353,PE,741,HT,#1,#6,-0.285,0.9055,True
0.055,0.5353,PET,82,HT,#8,#6,-0.2335,1.8249,True
0.055,0.5353,PP,322,LT,#1,#6,-0.2613,0.3891,True
0.055,0.5353,PVC,540,HT,#8,#6,-0.7293,0.4529,True
0.055,0.5353,PS,714,LT,#8,-,-0.2962,1.995,True
0.055,0.5353,PE,741,HT,#1,#6,-0.3064,0.9055,True
0.06,0.5353,PET,82,HT,#8,#6,-0.2398,1.8249,True
0.06,0.5353,PP,322,LT,#1,#6,-0.2892,0.3891,True
0.06,0.5353,PVC,540,HT,#8,#6,-0.7386,0.4529,True
0.06,0.5353,PS,714,LT,#8,-,-0.3128,1.995,True
0.06,0.5353,PE,741,HT,#1,#6,-0.3278,0.9055,True
0.065,0.5353,PET,82,HT,#8,#6,-0.2461,1.8249,True
0.065,0.5353,PP,322,LT,#1,#6,-0.3171,0.3891,True
0.065,0.5353,PVC,540,HT,#8,#6,-0.7479,0.4529,True
0.065,0.5353,PS,714,LT,#8,-,-0.3294,1.995,True
0.065,0.5353,PE,741,HT,#1,#6,-0.3492,0.9055,True
0.07,0.5353,PET,82,HT,#8,#6,-0.2524,1.8249,True
0.07,0.5353,PP,322,LT,#1,#6,-0.345,0.3891,True
0.07,0.5353,PVC,540,HT,#8,#6,-0.7572,0.4529,True
0.07,0.5353,PS,714,LT,#8,-,-0.346,1.995,True
0.07,0.5353,PE,741,HT,#1,#6,-0.3706,0.9055,True
0.075,0.5353,PET,82,HT,#8,#6,-0.2587,1.8249,True
0.075,0.5353,PP,223,HT,#1,#6,-0.3637,1.0851,True
0.075,0.5353,PVC,540,HT,#8,#6,-0.7666,0.4529,True
0.075,0.5353,PS,714,LT,#8,-,-0.3625,1.995,True
0.075,0.5353,PE,741,HT,#1,#6,-0.392,0.9055,True
0.08,0.5353,PET,82,HT,#8,#6,-0.265,1.8249,True
0.08,0.5353,PP,223,HT,#1,#6,-0.3823,1.0851,True
0.08,0.5353,PVC,540,HT,#8,#6,-0.7759,0.4529,True
0.08,0.5353,PS,714,LT,#8,-,-0.3791,1.995,True
0.08,0.5353,PE,741,HT,#1,#6,-0.4134,0.9055,True
0.085,0.5353,PET,82,HT,#8,#6,-0.2713,1.8249,True
0.085,0.5353,PP,223,HT,#1,#6,-0.401,1.0851,True
0.085,0.5353,PVC,540,HT,#8,#6,-0.7852,0.4529,True
0.085,0.5353,PS,714,LT,#8,-,-0.3957,1.995,True
0.085,0.5353,PE,741,HT,#1,#6,-0.4348,0.9055,True
0.09,0.5353,PET,82,HT,#8,#6,-0.2776,1.8249,True
0.09,0.5353,PP,223,HT,#1,#6,-0.4196,1.0851,True
0.09,0.5353,PVC,540,HT,#8,#6,-0.7945,0.4529,True
0.09,0.5353,PS,714,LT,#8,-,-0.4122,1.995,True
0.09,0.5353,PE,741,HT,#1,#6,-0.4563,0.9055,True
0.095,0.5353,PET,82,HT,#8,#6,-0.2838,1.8249,True
0.095,0.5353,PP,223,HT,#1,#6,-0.4382,1.0851,True
0.095,0.5353,PVC,540,HT,#8,#6,-0.8039,0.4529,True
0.095,0.5353,PS,714,LT,#8,-,-0.4288,1.995,True
0.095,0.5353,PE,741,HT,#1,#6,-0.4777,0.9055,True
0.1,0.5353,PET,82,HT,#8,#6,-0.2901,1.8249,True
0.1,0.5353,PP,223,HT,#1,#6,-0.4568,1.0851,True
0.1,0.5353,PVC,540,HT,#8,#6,-0.8132,0.4529,True
0.1,0.5353,PS,714,LT,#8,-,-0.4454,1.995,True
0.1,0.5353,PE,741,HT,#1,#6,-0.4991,0.9055,True
0.105,0.5353,PET,82,HT,#8,#6,-0.2964,1.8249,True
0.105,0.5353,PP,223,HT,#1,#6,-0.4755,1.0851,True
0.105,0.5353,PVC,540,HT,#8,#6,-0.8225,0.4529,True
0.105,0.5353,PS,714,LT,#8,-,-0.462,1.995,True
0.105,0.5353,PE,741,HT,#1,#6,-0.5205,0.9055,True
0.11,0.5353,PET,82,HT,#8,#6,-0.3027,1.8249,True
0.11,0.5353,PP,223,HT,#1,#6,-0.4941,1.0851,True
0.11,0.5353,PVC,540,HT,#8,#6,-0.8318,0.4529,True
0.11,0.5353,PS,714,LT,#8,-,-0.4785,1.995,True
0.11,0.5353,PE,741,HT,#1,#6,-0.5419,0.9055,True
0.115,0.5353,PET,82,HT,#8,#6,-0.309,1.8249,True
0.115,0.5353,PP,223,HT,#1,#6,-0.5127,1.0851,True
0.115,0.5353,PVC,540,HT,#8,#6,-0.8412,0.4529,True
0.115,0.5353,PS,714,LT,#8,-,-0.4951,1.995,True
0.115,0.5353,PE,741,HT,#1,#6,-0.5633,0.9055,True
0.12,0.5353,PET,82,HT,#8,#6,-0.3153,1.8249,True
0.12,0.5353,PP,223,HT,#1,#6,-0.5313,1.0851,True
0.12,0.5353,PVC,540,HT,#8,#6,-0.8505,0.4529,True
0.12,0.5353,PS,714,LT,#8,-,-0.5117,1.995,True
0.12,0.5353,PE,741,HT,#1,#6,-0.5847,0.9055,True
0.125,0.5353,PET,82,HT,#8,#6,-0.3216,1.8249,True
0.125,0.5353,PP,223,HT,#1,#6,-0.55,1.0851,True
0.125,0.5353,PVC,540,HT,#8,#6,-0.8598,0.4529,True
0.125,0.5353,PS,714,LT,#8,-,-0.5282,1.995,True
0.125,0.5353,PE,741,HT,#1,#6,-0.6061,0.9055,True
0.13,0.5353,PET,82,HT,#8,#6,-0.3279,1.8249,True
0.13,0.5353,PP,223,HT,#1,#6,-0.5686,1.0851,True
0.13,0.5353,PVC,540,HT,#8,#6,-0.8691,0.4529,True
0.13,0.5353,PS,714,LT,#8,-,-0.5448,1.995,True
0.13,0.5353,PE,741,HT,#1,#6,-0.6275,0.9055,True
0.135,0.5353,PET,82,HT,#8,#6,-0.3342,1.8249,True
0.135,0.5353,PP,223,HT,#1,#6,-0.5872,1.0851,True
0.135,0.5353,PVC,540,HT,#8,#6,-0.8785,0.4529,True
0.135,0.5353,PS,714,LT,#8,-,-0.5614,1.995,True
0.135,0.5353,PE,741,HT,#1,#6,-0.6489,0.9055,True
0.14,0.5353,PET,82,HT,#8,#6,-0.3405,1.8249,True
0.14,0.5353,PP,223,HT,#1,#6,-0.6058,1.0851,True
0.14,0.5353,PVC,540,HT,#8,#6,-0.8878,0.4529,True
0.14,0.5353,PS,714,LT,#8,-,-0.578,1.995,True
0.14,0.5353,PE,741,HT,#1,#6,-0.6704,0.9055,True
0.145,0.5353,PET,82,HT,#8,#6,-0.3468,1.8249,True
0.145,0.5353,PP,223,HT,#1,#6,-0.6244,1.0851,True
0.145,0.5353,PVC,540,HT,#8,#6,-0.8971,0.4529,True
0.145,0.5353,PS,714,LT,#8,-,-0.5945,1.995,True
0.145,0.5353,PE,741,HT,#1,#6,-0.6918,0.9055,True
0.15,0.5353,PET,82,HT,#8,#6,-0.3531,1.8249,True
0.15,0.5353,PP,223,HT,#1,#6,-0.6431,1.0851,True
0.15,0.5353,PVC,540,HT,#8,#6,-0.9064,0.4529,True
0.15,0.5353,PS,714,LT,#8,-,-0.6111,1.995,True
0.15,0.5353,PE,741,HT,#1,#6,-0.7132,0.9055,True
0.155,0.5353,PET,82,HT,#8,#6,-0.3594,1.8249,True
0.155,0.5353,PP,223,HT,#1,#6,-0.6617,1.0851,True
0.155,0.5353,PVC,540,HT,#8,#6,-0.9158,0.4529,True
0.155,0.5353,PS,714,LT,#8,-,-0.6277,1.995,True
0.155,0.5353,PE,741,HT,#1,#6,-0.7346,0.9055,True
0.16,0.5353,PET,82,HT,#8,#6,-0.3657,1.8249,True
0.16,0.5353,PP,223,HT,#1,#6,-0.6803,1.0851,True
0.16,0.5353,PVC,540,HT,#8,#6,-0.9251,0.4529,True
0.16,0.5353,PS,714,LT,#8,-,-0.6442,1.995,True
0.16,0.5353,PE,741,HT,#1,#6,-0.756,0.9055,True
0.165,0.5353,PET,82,HT,#8,#6,-0.372,1.8249,True
0.165,0.5353,PP,223,HT,#1,#6,-0.6989,1.0851,True
0.165,0.5353,PVC,540,HT,#8,#6,-0.9344,0.4529,True
0.165,0.5353,PS,714,LT,#8,-,-0.6608,1.995,True
0.165,0.5353,PE,741,HT,#1,#6,-0.7774,0.9055,True
0.17,0.5353,PET,82,HT,#8,#6,-0.3782,1.8249,True
0.17,0.5353,PP,223,HT,#1,#6,-0.7176,1.0851,True
0.17,0.5353,PVC,540,HT,#8,#6,-0.9437,0.4529,True
0.17,0.5353,PS,714,LT,#8,-,-0.6774,1.995,True
0.17,0.5353,PE,741,HT,#1,#6,-0.7988,0.9055,True
0.175,0.5353,PET,82,HT,#8,#6,-0.3845,1.8249,True
0.175,0.5353,PP,223,HT,#1,#6,-0.7362,1.0851,True
0.175,0.5353,PVC,540,HT,#8,#6,-0.953,0.4529,True
0.175,0.5353,PS,714,LT,#8,-,-0.694,1.995,True
0.175,0.5353,PE,741,HT,#1,#6,-0.8202,0.9055,True
0.18,0.5353,PET,82,HT,#8,#6,-0.3908,1.8249,True
0.18,0.5353,PP,223,HT,#1,#6,-0.7548,1.0851,True
0.18,0.5353,PVC,540,HT,#8,#6,-0.9624,0.4529,True
0.18,0.5353,PS,714,LT,#8,-,-0.7105,1.995,True
0.18,0.5353,PE,741,HT,#1,#6,-0.8416,0.9055,True
0.185,0.5353,PET,82,HT,#8,#6,-0.3971,1.8249,True
0.185,0.5353,PP,223,HT,#1,#6,-0.7734,1.0851,True
0.185,0.5353,PVC,540,HT,#8,#6,-0.9717,0.4529,True
0.185,0.5353,PS,714,LT,#8,-,-0.7271,1.995,True
0.185,0.5353,PE,741,HT,#1,#6,-0.863,0.9055,True
0.19,0.5353,PET,82,HT,#8,#6,-0.4034,1.8249,True
0.19,0.5353,PP,223,HT,#1,#6,-0.792,1.0851,True
0.19,0.5353,PVC,540,HT,#8,#6,-0.981,0.4529,True
0.19,0.5353,PS,714,LT,#8,-,-0.7437,1.995,True
0.19,0.5353,PE,741,HT,#1,#6,-0.8845,0.9055,True
0.195,0.5353,PET,82,HT,#8,#6,-0.4097,1.8249,True
0.195,0.5353,PP,223,HT,#1,#6,-0.8107,1.0851,True
0.195,0.5353,PVC,540,HT,#8,#6,-0.9903,0.4529,True
0.195,0.5353,PS,714,LT,#8,-,-0.7602,1.995,True
0.195,0.5353,PE,741,HT,#1,#6,-0.9059,0.9055,True
0.2,0.5353,PET,82,HT,#8,#6,-0.416,1.8249,True
0.2,0.5353,PP,223,HT,#1,#6,-0.8293,1.0851,True
0.2,0.5353,PVC,540,HT,#8,#6,-0.9997,0.4529,True
0.2,0.5353,PS,714,LT,#8,-,-0.7768,1.995,True
0.2,0.5353,PE,741,HT,#1,#6,-0.9273,0.9055,True
0.04,0.5594,PET,82,HT,#8,#6,-0.2146,1.7823,True
0.04,0.5594,PP,322,LT,#1,#6,-0.1775,0.2748,True
0.04,0.5594,PVC,540,HT,#8,#6,-0.7013,0.409,True
0.04,0.5594,PS,707,LT,#1,-,-0.2268,0.1495,True
0.04,0.5594,PE,741,HT,#1,#6,-0.2422,0.8048,True
0.045,0.5594,PET,82,HT,#8,#6,-0.2209,1.7823,True
0.045,0.5594,PP,322,LT,#1,#6,-0.2054,0.2748,True
0.045,0.5594,PVC,540,HT,#8,#6,-0.7106,0.409,True
0.045,0.5594,PS,714,LT,#8,-,-0.2631,1.9066,True
0.045,0.5594,PE,741,HT,#1,#6,-0.2636,0.8048,True
0.05,0.5594,PET,82,HT,#8,#6,-0.2272,1.7823,True
0.05,0.5594,PP,322,LT,#1,#6,-0.2333,0.2748,True
0.05,0.5594,PVC,540,HT,#8,#6,-0.7199,0.409,True
0.05,0.5594,PS,714,LT,#8,-,-0.2797,1.9066,True
0.05,0.5594,PE,741,HT,#1,#6,-0.285,0.8048,True
0.055,0.5594,PET,82,HT,#8,#6,-0.2335,1.7823,True
0.055,0.5594,PP,322,LT,#1,#6,-0.2613,0.2748,True
0.055,0.5594,PVC,540,HT,#8,#6,-0.7293,0.409,True
0.055,0.5594,PS,714,LT,#8,-,-0.2962,1.9066,True
0.055,0.5594,PE,741,HT,#1,#6,-0.3064,0.8048,True
0.06,0.5594,PET,82,HT,#8,#6,-0.2398,1.7823,True
0.06,0.5594,PP,322,LT,#1,#6,-0.2892,0.2748,True
0.06,0.5594,PVC,540,HT,#8,#6,-0.7386,0.409,True
0.06,0.5594,PS,714,LT,#8,-,-0.3128,1.9066,True
0.06,0.5594,PE,741,HT,#1,#6,-0.3278,0.8048,True
0.065,0.5594,PET,82,HT,#8,#6,-0.2461,1.7823,True
0.065,0.5594,PP,322,LT,#1,#6,-0.3171,0.2748,True
0.065,0.5594,PVC,540,HT,#8,#6,-0.7479,0.409,True
0.065,0.5594,PS,714,LT,#8,-,-0.3294,1.9066,True
0.065,0.5594,PE,741,HT,#1,#6,-0.3492,0.8048,True
0.07,0.5594,PET,82,HT,#8,#6,-0.2524,1.7823,True
0.07,0.5594,PP,322,LT,#1,#6,-0.345,0.2748,True
0.07,0.5594,PVC,540,HT,#8,#6,-0.7572,0.409,True
0.07,0.5594,PS,714,LT,#8,-,-0.346,1.9066,True
0.07,0.5594,PE,741,HT,#1,#6,-0.3706,0.8048,True
0.075,0.5594,PET,82,HT,#8,#6,-0.2587,1.7823,True
0.075,0.5594,PP,223,HT,#1,#6,-0.3637,0.9993,True
0.075,0.5594,PVC,540,HT,#8,#6,-0.7666,0.409,True
0.075,0.5594,PS,714,LT,#8,-,-0.3625,1.9066,True
0.075,0.5594,PE,741,HT,#1,#6,-0.392,0.8048,True
0.08,0.5594,PET,82,HT,#8,#6,-0.265,1.7823,True
0.08,0.5594,PP,223,HT,#1,#6,-0.3823,0.9993,True
0.08,0.5594,PVC,540,HT,#8,#6,-0.7759,0.409,True
0.08,0.5594,PS,714,LT,#8,-,-0.3791,1.9066,True
0.08,0.5594,PE,741,HT,#1,#6,-0.4134,0.8048,True
0.085,0.5594,PET,82,HT,#8,#6,-0.2713,1.7823,True
0.085,0.5594,PP,223,HT,#1,#6,-0.401,0.9993,True
0.085,0.5594,PVC,540,HT,#8,#6,-0.7852,0.409,True
0.085,0.5594,PS,714,LT,#8,-,-0.3957,1.9066,True
0.085,0.5594,PE,741,HT,#1,#6,-0.4348,0.8048,True
0.09,0.5594,PET,82,HT,#8,#6,-0.2776,1.7823,True
0.09,0.5594,PP,223,HT,#1,#6,-0.4196,0.9993,True
0.09,0.5594,PVC,540,HT,#8,#6,-0.7945,0.409,True
0.09,0.5594,PS,714,LT,#8,-,-0.4122,1.9066,True
0.09,0.5594,PE,741,HT,#1,#6,-0.4563,0.8048,True
0.095,0.5594,PET,82,HT,#8,#6,-0.2838,1.7823,True
0.095,0.5594,PP,223,HT,#1,#6,-0.4382,0.9993,True
0.095,0.5594,PVC,540,HT,#8,#6,-0.8039,0.409,True
0.095,0.5594,PS,714,LT,#8,-,-0.4288,1.9066,True
0.095,0.5594,PE,741,HT,#1,#6,-0.4777,0.8048,True
0.1,0.5594,PET,82,HT,#8,#6,-0.2901,1.7823,True
0.1,0.5594,PP,223,HT,#1,#6,-0.4568,0.9993,True
0.1,0.5594,PVC,540,HT,#8,#6,-0.8132,0.409,True
0.1,0.5594,PS,714,LT,#8,-,-0.4454,1.9066,True
0.1,0.5594,PE,741,HT,#1,#6,-0.4991,0.8048,True
0.105,0.5594,PET,82,HT,#8,#6,-0.2964,1.7823,True
0.105,0.5594,PP,223,HT,#1,#6,-0.4755,0.9993,True
0.105,0.5594,PVC,540,HT,#8,#6,-0.8225,0.409,True
0.105,0.5594,PS,714,LT,#8,-,-0.462,1.9066,True
0.105,0.5594,PE,741,HT,#1,#6,-0.5205,0.8048,True
0.11,0.5594,PET,82,HT,#8,#6,-0.3027,1.7823,True
0.11,0.5594,PP,223,HT,#1,#6,-0.4941,0.9993,True
0.11,0.5594,PVC,540,HT,#8,#6,-0.8318,0.409,True
0.11,0.5594,PS,714,LT,#8,-,-0.4785,1.9066,True
0.11,0.5594,PE,741,HT,#1,#6,-0.5419,0.8048,True
0.115,0.5594,PET,82,HT,#8,#6,-0.309,1.7823,True
0.115,0.5594,PP,223,HT,#1,#6,-0.5127,0.9993,True
0.115,0.5594,PVC,540,HT,#8,#6,-0.8412,0.409,True
0.115,0.5594,PS,714,LT,#8,-,-0.4951,1.9066,True
0.115,0.5594,PE,741,HT,#1,#6,-0.5633,0.8048,True
0.12,0.5594,PET,82,HT,#8,#6,-0.3153,1.7823,True
0.12,0.5594,PP,223,HT,#1,#6,-0.5313,0.9993,True
0.12,0.5594,PVC,540,HT,#8,#6,-0.8505,0.409,True
0.12,0.5594,PS,714,LT,#8,-,-0.5117,1.9066,True
0.12,0.5594,PE,741,HT,#1,#6,-0.5847,0.8048,True
0.125,0.5594,PET,82,HT,#8,#6,-0.3216,1.7823,True
0.125,0.5594,PP,223,HT,#1,#6,-0.55,0.9993,True
0.125,0.5594,PVC,540,HT,#8,#6,-0.8598,0.409,True
0.125,0.5594,PS,714,LT,#8,-,-0.5282,1.9066,True
0.125,0.5594,PE,741,HT,#1,#6,-0.6061,0.8048,True
0.13,0.5594,PET,82,HT,#8,#6,-0.3279,1.7823,True
0.13,0.5594,PP,223,HT,#1,#6,-0.5686,0.9993,True
0.13,0.5594,PVC,540,HT,#8,#6,-0.8691,0.409,True
0.13,0.5594,PS,714,LT,#8,-,-0.5448,1.9066,True
0.13,0.5594,PE,741,HT,#1,#6,-0.6275,0.8048,True
0.135,0.5594,PET,82,HT,#8,#6,-0.3342,1.7823,True
0.135,0.5594,PP,223,HT,#1,#6,-0.5872,0.9993,True
0.135,0.5594,PVC,540,HT,#8,#6,-0.8785,0.409,True
0.135,0.5594,PS,714,LT,#8,-,-0.5614,1.9066,True
0.135,0.5594,PE,741,HT,#1,#6,-0.6489,0.8048,True
0.14,0.5594,PET,82,HT,#8,#6,-0.3405,1.7823,True
0.14,0.5594,PP,223,HT,#1,#6,-0.6058,0.9993,True
0.14,0.5594,PVC,540,HT,#8,#6,-0.8878,0.409,True
0.14,0.5594,PS,714,LT,#8,-,-0.578,1.9066,True
0.14,0.5594,PE,741,HT,#1,#6,-0.6704,0.8048,True
0.145,0.5594,PET,82,HT,#8,#6,-0.3468,1.7823,True
0.145,0.5594,PP,223,HT,#1,#6,-0.6244,0.9993,True
0.145,0.5594,PVC,540,HT,#8,#6,-0.8971,0.409,True
0.145,0.5594,PS,714,LT,#8,-,-0.5945,1.9066,True
0.145,0.5594,PE,741,HT,#1,#6,-0.6918,0.8048,True
0.15,0.5594,PET,82,HT,#8,#6,-0.3531,1.7823,True
0.15,0.5594,PP,223,HT,#1,#6,-0.6431,0.9993,True
0.15,0.5594,PVC,540,HT,#8,#6,-0.9064,0.409,True
0.15,0.5594,PS,714,LT,#8,-,-0.6111,1.9066,True
0.15,0.5594,PE,741,HT,#1,#6,-0.7132,0.8048,True
0.155,0.5594,PET,82,HT,#8,#6,-0.3594,1.7823,True
0.155,0.5594,PP,223,HT,#1,#6,-0.6617,0.9993,True
0.155,0.5594,PVC,540,HT,#8,#6,-0.9158,0.409,True
0.155,0.5594,PS,714,LT,#8,-,-0.6277,1.9066,True
0.155,0.5594,PE,741,HT,#1,#6,-0.7346,0.8048,True
0.16,0.5594,PET,82,HT,#8,#6,-0.3657,1.7823,True
0.16,0.5594,PP,223,HT,#1,#6,-0.6803,0.9993,True
0.16,0.5594,PVC,540,HT,#8,#6,-0.9251,0.409,True
0.16,0.5594,PS,714,LT,#8,-,-0.6442,1.9066,True
0.16,0.5594,PE,741,HT,#1,#6,-0.756,0.8048,True
0.165,0.5594,PET,82,HT,#8,#6,-0.372,1.7823,True
0.165,0.5594,PP,223,HT,#1,#6,-0.6989,0.9993,True
0.165,0.5594,PVC,540,HT,#8,#6,-0.9344,0.409,True
0.165,0.5594,PS,714,LT,#8,-,-0.6608,1.9066,True
0.165,0.5594,PE,741,HT,#1,#6,-0.7774,0.8048,True
0.17,0.5594,PET,82,HT,#8,#6,-0.3782,1.7823,True
0.17,0.5594,PP,223,HT,#1,#6,-0.7176,0.9993,True
0.17,0.5594,PVC,540,HT,#8,#6,-0.9437,0.409,True
0.17,0.5594,PS,714,LT,#8,-,-0.6774,1.9066,True
0.17,0.5594,PE,741,HT,#1,#6,-0.7988,0.8048,True
0.175,0.5594,PET,82,HT,#8,#6,-0.3845,1.7823,True
0.175,0.5594,PP,223,HT,#1,#6,-0.7362,0.9993,True
0.175,0.5594,PVC,540,HT,#8,#6,-0.953,0.409,True
0.175,0.5594,PS,714,LT,#8,-,-0.694,1.9066,True
0.175,0.5594,PE,741,HT,#1,#6,-0.8202,0.8048,True
0.18,0.5594,PET,82,HT,#8,#6,-0.3908,1.7823,True
0.18,0.5594,PP,223,HT,#1,#6,-0.7548,0.9993,True
0.18,0.5594,PVC,540,HT,#8,#6,-0.9624,0.409,True
0.18,0.5594,PS,714,LT,#8,-,-0.7105,1.9066,True
0.18,0.5594,PE,741,HT,#1,#6,-0.8416,0.8048,True
0.185,0.5594,PET,82,HT,#8,#6,-0.3971,1.7823,True
0.185,0.5594,PP,223,HT,#1,#6,-0.7734,0.9993,True
0.185,0.5594,PVC,540,HT,#8,#6,-0.9717,0.409,True
0.185,0.5594,PS,714,LT,#8,-,-0.7271,1.9066,True
0.185,0.5594,PE,741,HT,#1,#6,-0.863,0.8048,True
0.19,0.5594,PET,82,HT,#8,#6,-0.4034,1.7823,True
0.19,0.5594,PP,223,HT,#1,#6,-0.792,0.9993,True
0.19,0.5594,PVC,540,HT,#8,#6,-0.981,0.409,True
0.19,0.5594,PS,714,LT,#8,-,-0.7437,1.9066,True
0.19,0.5594,PE,741,HT,#1,#6,-0.8845,0.8048,True
0.195,0.5594,PET,82,HT,#8,#6,-0.4097,1.7823,True
0.195,0.5594,PP,223,HT,#1,#6,-0.8107,0.9993,True
0.195,0.5594,PVC,540,HT,#8,#6,-0.9903,0.409,True
0.195,0.5594,PS,714,LT,#8,-,-0.7602,1.9066,True
0.195,0.5594,PE,741,HT,#1,#6,-0.9059,0.8048,True
0.2,0.5594,PET,82,HT,#8,#6,-0.416,1.7823,True
0.2,0.5594,PP,223,HT,#1,#6,-0.8293,0.9993,True
0.2,0.5594,PVC,540,HT,#8,#6,-0.9997,0.409,True
0.2,0.5594,PS,714,LT,#8,-,-0.7768,1.9066,True
0.2,0.5594,PE,741,HT,#1,#6,-0.9273,0.8048,True
0.04,0.5834,PET,82,HT,#8,#6,-0.2146,1.7397,True
0.04,0.5834,PP,322,LT,#1,#6,-0.1775,0.1605,True
0.04,0.5834,PVC,540,HT,#8,#6,-0.7013,0.3652,True
0.04,0.5834,PS,707,LT,#1,-,-0.2268,0.0167,True
0.04,0.5834,PE,741,HT,#1,#6,-0.2422,0.7042,True
0.045,0.5834,PET,82,HT,#8,#6,-0.2209,1.7397,True
0.045,0.5834,PP,322,LT,#1,#6,-0.2054,0.1605,True
0.045,0.5834,PVC,540,HT,#8,#6,-0.7106,0.3652,True
0.045,0.5834,PS,714,LT,#8,-,-0.2631,1.8183,True
0.045,0.5834,PE,741,HT,#1,#6,-0.2636,0.7042,True
0.05,0.5834,PET,82,HT,#8,#6,-0.2272,1.7397,True
0.05,0.5834,PP,322,LT,#1,#6,-0.2333,0.1605,True
0.05,0.5834,PVC,540,HT,#8,#6,-0.7199,0.3652,True
0.05,0.5834,PS,714,LT,#8,-,-0.2797,1.8183,True
0.05,0.5834,PE,741,HT,#1,#6,-0.285,0.7042,True
0.055,0.5834,PET,82,HT,#8,#6,-0.2335,1.7397,True
0.055,0.5834,PP,322,LT,#1,#6,-0.2613,0.1605,True
0.055,0.5834,PVC,540,HT,#8,#6,-0.7293,0.3652,True
0.055,0.5834,PS,714,LT,#8,-,-0.2962,1.8183,True
0.055,0.5834,PE,741,HT,#1,#6,-0.3064,0.7042,True
0.06,0.5834,PET,82,HT,#8,#6,-0.2398,1.7397,True
0.06,0.5834,PP,322,LT,#1,#6,-0.2892,0.1605,True
0.06,0.5834,PVC,540,HT,#8,#6,-0.7386,0.3652,True
0.06,0.5834,PS,714,LT,#8,-,-0.3128,1.8183,True
0.06,0.5834,PE,741,HT,#1,#6,-0.3278,0.7042,True
0.065,0.5834,PET,82,HT,#8,#6,-0.2461,1.7397,True
0.065,0.5834,PP,322,LT,#1,#6,-0.3171,0.1605,True
0.065,0.5834,PVC,540,HT,#8,#6,-0.7479,0.3652,True
0.065,0.5834,PS,714,LT,#8,-,-0.3294,1.8183,True
0.065,0.5834,PE,741,HT,#1,#6,-0.3492,0.7042,True
0.07,0.5834,PET,82,HT,#8,#6,-0.2524,1.7397,True
0.07,0.5834,PP,322,LT,#1,#6,-0.345,0.1605,True
0.07,0.5834,PVC,540,HT,#8,#6,-0.7572,0.3652,True
0.07,0.5834,PS,714,LT,#8,-,-0.346,1.8183,True
0.07,0.5834,PE,741,HT,#1,#6,-0.3706,0.7042,True
0.075,0.5834,PET,82,HT,#8,#6,-0.2587,1.7397,True
0.075,0.5834,PP,223,HT,#1,#6,-0.3637,0.9135,True
0.075,0.5834,PVC,540,HT,#8,#6,-0.7666,0.3652,True
0.075,0.5834,PS,714,LT,#8,-,-0.3625,1.8183,True
0.075,0.5834,PE,741,HT,#1,#6,-0.392,0.7042,True
0.08,0.5834,PET,82,HT,#8,#6,-0.265,1.7397,True
0.08,0.5834,PP,223,HT,#1,#6,-0.3823,0.9135,True
0.08,0.5834,PVC,540,HT,#8,#6,-0.7759,0.3652,True
0.08,0.5834,PS,714,LT,#8,-,-0.3791,1.8183,True
0.08,0.5834,PE,741,HT,#1,#6,-0.4134,0.7042,True
0.085,0.5834,PET,82,HT,#8,#6,-0.2713,1.7397,True
0.085,0.5834,PP,223,HT,#1,#6,-0.401,0.9135,True
0.085,0.5834,PVC,540,HT,#8,#6,-0.7852,0.3652,True
0.085,0.5834,PS,714,LT,#8,-,-0.3957,1.8183,True
0.085,0.5834,PE,741,HT,#1,#6,-0.4348,0.7042,True
0.09,0.5834,PET,82,HT,#8,#6,-0.2776,1.7397,True
0.09,0.5834,PP,223,HT,#1,#6,-0.4196,0.9135,True
0.09,0.5834,PVC,540,HT,#8,#6,-0.7945,0.3652,True
0.09,0.5834,PS,714,LT,#8,-,-0.4122,1.8183,True
0.09,0.5834,PE,741,HT,#1,#6,-0.4563,0.7042,True
0.095,0.5834,PET,82,HT,#8,#6,-0.2838,1.7397,True
0.095,0.5834,PP,223,HT,#1,#6,-0.4382,0.9135,True
0.095,0.5834,PVC,540,HT,#8,#6,-0.8039,0.3652,True
0.095,0.5834,PS,714,LT,#8,-,-0.4288,1.8183,True
0.095,0.5834,PE,741,HT,#1,#6,-0.4777,0.7042,True
0.1,0.5834,PET,82,HT,#8,#6,-0.2901,1.7397,True
0.1,0.5834,PP,223,HT,#1,#6,-0.4568,0.9135,True
0.1,0.5834,PVC,540,HT,#8,#6,-0.8132,0.3652,True
0.1,0.5834,PS,714,LT,#8,-,-0.4454,1.8183,True
0.1,0.5834,PE,741,HT,#1,#6,-0.4991,0.7042,True
0.105,0.5834,PET,82,HT,#8,#6,-0.2964,1.7397,True
0.105,0.5834,PP,223,HT,#1,#6,-0.4755,0.9135,True
0.105,0.5834,PVC,540,HT,#8,#6,-0.8225,0.3652,True
0.105,0.5834,PS,714,LT,#8,-,-0.462,1.8183,True
0.105,0.5834,PE,741,HT,#1,#6,-0.5205,0.7042,True
0.11,0.5834,PET,82,HT,#8,#6,-0.3027,1.7397,True
0.11,0.5834,PP,223,HT,#1,#6,-0.4941,0.9135,True
0.11,0.5834,PVC,540,HT,#8,#6,-0.8318,0.3652,True
0.11,0.5834,PS,714,LT,#8,-,-0.4785,1.8183,True
0.11,0.5834,PE,741,HT,#1,#6,-0.5419,0.7042,True
0.115,0.5834,PET,82,HT,#8,#6,-0.309,1.7397,True
0.115,0.5834,PP,223,HT,#1,#6,-0.5127,0.9135,True
0.115,0.5834,PVC,540,HT,#8,#6,-0.8412,0.3652,True
0.115,0.5834,PS,714,LT,#8,-,-0.4951,1.8183,True
0.115,0.5834,PE,741,HT,#1,#6,-0.5633,0.7042,True
0.12,0.5834,PET,82,HT,#8,#6,-0.3153,1.7397,True
0.12,0.5834,PP,223,HT,#1,#6,-0.5313,0.9135,True
0.12,0.5834,PVC,540,HT,#8,#6,-0.8505,0.3652,True
0.12,0.5834,PS,714,LT,#8,-,-0.5117,1.8183,True
0.12,0.5834,PE,741,HT,#1,#6,-0.5847,0.7042,True
0.125,0.5834,PET,82,HT,#8,#6,-0.3216,1.7397,True
0.125,0.5834,PP,223,HT,#1,#6,-0.55,0.9135,True
0.125,0.5834,PVC,540,HT,#8,#6,-0.8598,0.3652,True
0.125,0.5834,PS,714,LT,#8,-,-0.5282,1.8183,True
0.125,0.5834,PE,741,HT,#1,#6,-0.6061,0.7042,True
0.13,0.5834,PET,82,HT,#8,#6,-0.3279,1.7397,True
0.13,0.5834,PP,223,HT,#1,#6,-0.5686,0.9135,True
0.13,0.5834,PVC,540,HT,#8,#6,-0.8691,0.3652,True
0.13,0.5834,PS,714,LT,#8,-,-0.5448,1.8183,True
0.13,0.5834,PE,741,HT,#1,#6,-0.6275,0.7042,True
0.135,0.5834,PET,82,HT,#8,#6,-0.3342,1.7397,True
0.135,0.5834,PP,223,HT,#1,#6,-0.5872,0.9135,True
0.135,0.5834,PVC,540,HT,#8,#6,-0.8785,0.3652,True
0.135,0.5834,PS,714,LT,#8,-,-0.5614,1.8183,True
0.135,0.5834,PE,741,HT,#1,#6,-0.6489,0.7042,True
0.14,0.5834,PET,82,HT,#8,#6,-0.3405,1.7397,True
0.14,0.5834,PP,223,HT,#1,#6,-0.6058,0.9135,True
0.14,0.5834,PVC,540,HT,#8,#6,-0.8878,0.3652,True
0.14,0.5834,PS,714,LT,#8,-,-0.578,1.8183,True
0.14,0.5834,PE,741,HT,#1,#6,-0.6704,0.7042,True
0.145,0.5834,PET,82,HT,#8,#6,-0.3468,1.7397,True
0.145,0.5834,PP,223,HT,#1,#6,-0.6244,0.9135,True
0.145,0.5834,PVC,540,HT,#8,#6,-0.8971,0.3652,True
0.145,0.5834,PS,714,LT,#8,-,-0.5945,1.8183,True
0.145,0.5834,PE,741,HT,#1,#6,-0.6918,0.7042,True
0.15,0.5834,PET,82,HT,#8,#6,-0.3531,1.7397,True
0.15,0.5834,PP,223,HT,#1,#6,-0.6431,0.9135,True
0.15,0.5834,PVC,540,HT,#8,#6,-0.9064,0.3652,True
0.15,0.5834,PS,714,LT,#8,-,-0.6111,1.8183,True
0.15,0.5834,PE,741,HT,#1,#6,-0.7132,0.7042,True
0.155,0.5834,PET,82,HT,#8,#6,-0.3594,1.7397,True
0.155,0.5834,PP,223,HT,#1,#6,-0.6617,0.9135,True
0.155,0.5834,PVC,540,HT,#8,#6,-0.9158,0.3652,True
0.155,0.5834,PS,714,LT,#8,-,-0.6277,1.8183,True
0.155,0.5834,PE,741,HT,#1,#6,-0.7346,0.7042,True
0.16,0.5834,PET,82,HT,#8,#6,-0.3657,1.7397,True
0.16,0.5834,PP,223,HT,#1,#6,-0.6803,0.9135,True
0.16,0.5834,PVC,540,HT,#8,#6,-0.9251,0.3652,True
0.16,0.5834,PS,714,LT,#8,-,-0.6442,1.8183,True
0.16,0.5834,PE,741,HT,#1,#6,-0.756,0.7042,True
0.165,0.5834,PET,82,HT,#8,#6,-0.372,1.7397,True
0.165,0.5834,PP,223,HT,#1,#6,-0.6989,0.9135,True
0.165,0.5834,PVC,540,HT,#8,#6,-0.9344,0.3652,True
0.165,0.5834,PS,714,LT,#8,-,-0.6608,1.8183,True
0.165,0.5834,PE,741,HT,#1,#6,-0.7774,0.7042,True
0.17,0.5834,PET,82,HT,#8,#6,-0.3782,1.7397,True
0.17,0.5834,PP,223,HT,#1,#6,-0.7176,0.9135,True
0.17,0.5834,PVC,540,HT,#8,#6,-0.9437,0.3652,True
0.17,0.5834,PS,714,LT,#8,-,-0.6774,1.8183,True
0.17,0.5834,PE,741,HT,#1,#6,-0.7988,0.7042,True
0.175,0.5834,PET,82,HT,#8,#6,-0.3845,1.7397,True
0.175,0.5834,PP,223,HT,#1,#6,-0.7362,0.9135,True
0.175,0.5834,PVC,540,HT,#8,#6,-0.953,0.3652,True
0.175,0.5834,PS,714,LT,#8,-,-0.694,1.8183,True
0.175,0.5834,PE,741,HT,#1,#6,-0.8202,0.7042,True
0.18,0.5834,PET,82,HT,#8,#6,-0.3908,1.7397,True
0.18,0.5834,PP,223,HT,#1,#6,-0.7548,0.9135,True
0.18,0.5834,PVC,540,HT,#8,#6,-0.9624,0.3652,True
0.18,0.5834,PS,714,LT,#8,-,-0.7105,1.8183,True
0.18,0.5834,PE,741,HT,#1,#6,-0.8416,0.7042,True
0.185,0.5834,PET,82,HT,#8,#6,-0.3971,1.7397,True
0.185,0.5834,PP,223,HT,#1,#6,-0.7734,0.9135,True
0.185,0.5834,PVC,540,HT,#8,#6,-0.9717,0.3652,True
0.185,0.5834,PS,714,LT,#8,-,-0.7271,1.8183,True
0.185,0.5834,PE,741,HT,#1,#6,-0.863,0.7042,True
0.19,0.5834,PET,82,HT,#8,#6,-0.4034,1.7397,True
0.19,0.5834,PP,223,HT,#1,#6,-0.792,0.9135,True
0.19,0.5834,PVC,540,HT,#8,#6,-0.981,0.3652,True
0.19,0.5834,PS,714,LT,#8,-,-0.7437,1.8183,True
0.19,0.5834,PE,741,HT,#1,#6,-0.8845,0.7042,True
0.195,0.5834,PET,82,HT,#8,#6,-0.4097,1.7397,True
0.195,0.5834,PP,223,HT,#1,#6,-0.8107,0.9135,True
0.195,0.5834,PVC,540,HT,#8,#6,-0.9903,0.3652,True
0.195,0.5834,PS,714,LT,#8,-,-0.7602,1.8183,True
0.195,0.5834,PE,741,HT,#1,#6,-0.9059,0.7042,True
0.2,0.5834,PET,82,HT,#8,#6,-0.416,1.7397,True
0.2,0.5834,PP,223,HT,#1,#6,-0.8293,0.9135,True
0.2,0.5834,PVC,540,HT,#8,#6,-0.9997,0.3652,True
0.2,0.5834,PS,714,LT,#8,-,-0.7768,1.8183,True
0.2,0.5834,PE,741,HT,#1,#6,-0.9273,0.7042,True
0.04,0.6075,PET,82,HT,#8,#6,-0.2146,1.6972,True
0.04,0.6075,PP,322,LT,#1,#6,-0.1775,0.0461,True
0.04,0.6075,PVC,540,HT,#8,#6,-0.7013,0.3213,True
0.04,0.6075,PS,714,LT,#8,-,-0.2465,1.73,True
0.04,0.6075,PE,741,HT,#1,#6,-0.2422,0.6036,True
0.045,0.6075,PET,82,HT,#8,#6,-0.2209,1.6972,True
0.045,0.6075,PP,322,LT,#1,#6,-0.2054,0.0461,True
0.045,0.6075,PVC,540,HT,#8,#6,-0.7106,0.3213,True
0.045,0.6075,PS,714,LT,#8,-,-0.2631,1.73,True
0.045,0.6075,PE,741,HT,#1,#6,-0.2636,0.6036,True
0.05,0.6075,PET,82,HT,#8,#6,-0.2272,1.6972,True
0.05,0.6075,PP,322,LT,#1,#6,-0.2333,0.0461,True
0.05,0.6075,PVC,540,HT,#8,#6,-0.7199,0.3213,True
0.05,0.6075,PS,714,LT,#8,-,-0.2797,1.73,True
0.05,0.6075,PE,741,HT,#1,#6,-0.285,0.6036,True
0.055,0.6075,PET,82,HT,#8,#6,-0.2335,1.6972,True
0.055,0.6075,PP,322,LT,#1,#6,-0.2613,0.0461,True
0.055,0.6075,PVC,540,HT,#8,#6,-0.7293,0.3213,True
0.055,0.6075,PS,714,LT,#8,-,-0.2962,1.73,True
0.055,0.6075,PE,741,HT,#1,#6,-0.3064,0.6036,True
0.06,0.6075,PET,82,HT,#8,#6,-0.2398,1.6972,True
0.06,0.6075,PP,322,LT,#1,#6,-0.2892,0.0461,True
0.06,0.6075,PVC,540,HT,#8,#6,-0.7386,0.3213,True
0.06,0.6075,PS,714,LT,#8,-,-0.3128,1.73,True
0.06,0.6075,PE,741,HT,#1,#6,-0.3278,0.6036,True
0.065,0.6075,PET,82,HT,#8,#6,-0.2461,1.6972,True
0.065,0.6075,PP,322,LT,#1,#6,-0.3171,0.0461,True
0.065,0.6075,PVC,540,HT,#8,#6,-0.7479,0.3213,True
0.065,0.6075,PS,714,LT,#8,-,-0.3294,1.73,True
0.065,0.6075,PE,741,HT,#1,#6,-0.3492,0.6036,True
0.07,0.6075,PET,82,HT,#8,#6,-0.2524,1.6972,True
0.07,0.6075,PP,322,LT,#1,#6,-0.345,0.0461,True
0.07,0.6075,PVC,540,HT,#8,#6,-0.7572,0.3213,True
0.07,0.6075,PS,714,LT,#8,-,-0.346,1.73,True
0.07,0.6075,PE,741,HT,#1,#6,-0.3706,0.6036,True
0.075,0.6075,PET,82,HT,#8,#6,-0.2587,1.6972,True
0.075,0.6075,PP,223,HT,#1,#6,-0.3637,0.8276,True
0.075,0.6075,PVC,540,HT,#8,#6,-0.7666,0.3213,True
0.075,0.6075,PS,714,LT,#8,-,-0.3625,1.73,True
0.075,0.6075,PE,741,HT,#1,#6,-0.392,0.6036,True
0.08,0.6075,PET,82,HT,#8,#6,-0.265,1.6972,True
0.08,0.6075,PP,223,HT,#1,#6,-0.3823,0.8276,True
0.08,0.6075,PVC,540,HT,#8,#6,-0.7759,0.3213,True
0.08,0.6075,PS,714,LT,#8,-,-0.3791,1.73,True
0.08,0.6075,PE,741,HT,#1,#6,-0.4134,0.6036,True
0.085,0.6075,PET,82,HT,#8,#6,-0.2713,1.6972,True
0.085,0.6075,PP,223,HT,#1,#6,-0.401,0.8276,True
0.085,0.6075,PVC,540,HT,#8,#6,-0.7852,0.3213,True
0.085,0.6075,PS,714,LT,#8,-,-0.3957,1.73,True
0.085,0.6075,PE,741,HT,#1,#6,-0.4348,0.6036,True
0.09,0.6075,PET,82,HT,#8,#6,-0.2776,1.6972,True
0.09,0.6075,PP,223,HT,#1,#6,-0.4196,0.8276,True
0.09,0.6075,PVC,540,HT,#8,#6,-0.7945,0.3213,True
0.09,0.6075,PS,714,LT,#8,-,-0.4122,1.73,True
0.09,0.6075,PE,741,HT,#1,#6,-0.4563,0.6036,True
0.095,0.6075,PET,82,HT,#8,#6,-0.2838,1.6972,True
0.095,0.6075,PP,223,HT,#1,#6,-0.4382,0.8276,True
0.095,0.6075,PVC,540,HT,#8,#6,-0.8039,0.3213,True
0.095,0.6075,PS,714,LT,#8,-,-0.4288,1.73,True
0.095,0.6075,PE,741,HT,#1,#6,-0.4777,0.6036,True
0.1,0.6075,PET,82,HT,#8,#6,-0.2901,1.6972,True
0.1,0.6075,PP,223,HT,#1,#6,-0.4568,0.8276,True
0.1,0.6075,PVC,540,HT,#8,#6,-0.8132,0.3213,True
0.1,0.6075,PS,714,LT,#8,-,-0.4454,1.73,True
0.1,0.6075,PE,741,HT,#1,#6,-0.4991,0.6036,True
0.105,0.6075,PET,82,HT,#8,#6,-0.2964,1.6972,True
0.105,0.6075,PP,223,HT,#1,#6,-0.4755,0.8276,True
0.105,0.6075,PVC,540,HT,#8,#6,-0.8225,0.3213,True
0.105,0.6075,PS,714,LT,#8,-,-0.462,1.73,True
0.105,0.6075,PE,741,HT,#1,#6,-0.5205,0.6036,True
0.11,0.6075,PET,82,HT,#8,#6,-0.3027,1.6972,True
0.11,0.6075,PP,223,HT,#1,#6,-0.4941,0.8276,True
0.11,0.6075,PVC,540,HT,#8,#6,-0.8318,0.3213,True
0.11,0.6075,PS,714,LT,#8,-,-0.4785,1.73,True
0.11,0.6075,PE,741,HT,#1,#6,-0.5419,0.6036,True
0.115,0.6075,PET,82,HT,#8,#6,-0.309,1.6972,True
0.115,0.6075,PP,223,HT,#1,#6,-0.5127,0.8276,True
0.115,0.6075,PVC,540,HT,#8,#6,-0.8412,0.3213,True
0.115,0.6075,PS,714,LT,#8,-,-0.4951,1.73,True
0.115,0.6075,PE,741,HT,#1,#6,-0.5633,0.6036,True
0.12,0.6075,PET,82,HT,#8,#6,-0.3153,1.6972,True
0.12,0.6075,PP,223,HT,#1,#6,-0.5313,0.8276,True
0.12,0.6075,PVC,540,HT,#8,#6,-0.8505,0.3213,True
0.12,0.6075,PS,714,LT,#8,-,-0.5117,1.73,True
0.12,0.6075,PE,741,HT,#1,#6,-0.5847,0.6036,True
0.125,0.6075,PET,82,HT,#8,#6,-0.3216,1.6972,True
0.125,0.6075,PP,223,HT,#1,#6,-0.55,0.8276,True
0.125,0.6075,PVC,540,HT,#8,#6,-0.8598,0.3213,True
0.125,0.6075,PS,714,LT,#8,-,-0.5282,1.73,True
0.125,0.6075,PE,741,HT,#1,#6,-0.6061,0.6036,True
0.13,0.6075,PET,82,HT,#8,#6,-0.3279,1.6972,True
0.13,0.6075,PP,223,HT,#1,#6,-0.5686,0.8276,True
0.13,0.6075,PVC,540,HT,#8,#6,-0.8691,0.3213,True
0.13,0.6075,PS,714,LT,#8,-,-0.5448,1.73,True
0.13,0.6075,PE,741,HT,#1,#6,-0.6275,0.6036,True
0.135,0.6075,PET,82,HT,#8,#6,-0.3342,1.6972,True
0.135,0.6075,PP,223,HT,#1,#6,-0.5872,0.8276,True
0.135,0.6075,PVC,540,HT,#8,#6,-0.8785,0.3213,True
0.135,0.6075,PS,714,LT,#8,-,-0.5614,1.73,True
0.135,0.6075,PE,741,HT,#1,#6,-0.6489,0.6036,True
0.14,0.6075,PET,82,HT,#8,#6,-0.3405,1.6972,True
0.14,0.6075,PP,223,HT,#1,#6,-0.6058,0.8276,True
0.14,0.6075,PVC,540,HT,#8,#6,-0.8878,0.3213,True
0.14,0.6075,PS,714,LT,#8,-,-0.578,1.73,True
0.14,0.6075,PE,741,HT,#1,#6,-0.6704,0.6036,True
0.145,0.6075,PET,82,HT,#8,#6,-0.3468,1.6972,True
0.145,0.6075,PP,223,HT,#1,#6,-0.6244,0.8276,True
0.145,0.6075,PVC,540,HT,#8,#6,-0.8971,0.3213,True
0.145,0.6075,PS,714,LT,#8,-,-0.5945,1.73,True
0.145,0.6075,PE,741,HT,#1,#6,-0.6918,0.6036,True
0.15,0.6075,PET,82,HT,#8,#6,-0.3531,1.6972,True
0.15,0.6075,PP,223,HT,#1,#6,-0.6431,0.8276,True
0.15,0.6075,PVC,540,HT,#8,#6,-0.9064,0.3213,True
0.15,0.6075,PS,714,LT,#8,-,-0.6111,1.73,True
0.15,0.6075,PE,741,HT,#1,#6,-0.7132,0.6036,True
0.155,0.6075,PET,82,HT,#8,#6,-0.3594,1.6972,True
0.155,0.6075,PP,223,HT,#1,#6,-0.6617,0.8276,True
0.155,0.6075,PVC,540,HT,#8,#6,-0.9158,0.3213,True
0.155,0.6075,PS,714,LT,#8,-,-0.6277,1.73,True
0.155,0.6075,PE,741,HT,#1,#6,-0.7346,0.6036,True
0.16,0.6075,PET,82,HT,#8,#6,-0.3657,1.6972,True
0.16,0.6075,PP,223,HT,#1,#6,-0.6803,0.8276,True
0.16,0.6075,PVC,540,HT,#8,#6,-0.9251,0.3213,True
0.16,0.6075,PS,714,LT,#8,-,-0.6442,1.73,True
0.16,0.6075,PE,741,HT,#1,#6,-0.756,0.6036,True
0.165,0.6075,PET,82,HT,#8,#6,-0.372,1.6972,True
0.165,0.6075,PP,223,HT,#1,#6,-0.6989,0.8276,True
0.165,0.6075,PVC,540,HT,#8,#6,-0.9344,0.3213,True
0.165,0.6075,PS,714,LT,#8,-,-0.6608,1.73,True
0.165,0.6075,PE,741,HT,#1,#6,-0.7774,0.6036,True
0.17,0.6075,PET,82,HT,#8,#6,-0.3782,1.6972,True
0.17,0.6075,PP,223,HT,#1,#6,-0.7176,0.8276,True
0.17,0.6075,PVC,540,HT,#8,#6,-0.9437,0.3213,True
0.17,0.6075,PS,714,LT,#8,-,-0.6774,1.73,True
0.17,0.6075,PE,741,HT,#1,#6,-0.7988,0.6036,True
0.175,0.6075,PET,82,HT,#8,#6,-0.3845,1.6972,True
0.175,0.6075,PP,223,HT,#1,#6,-0.7362,0.8276,True
0.175,0.6075,PVC,540,HT,#8,#6,-0.953,0.3213,True
0.175,0.6075,PS,714,LT,#8,-,-0.694,1.73,True
0.175,0.6075,PE,741,HT,#1,#6,-0.8202,0.6036,True
0.18,0.6075,PET,82,HT,#8,#6,-0.3908,1.6972,True
0.18,0.6075,PP,223,HT,#1,#6,-0.7548,0.8276,True
0.18,0.6075,PVC,540,HT,#8,#6,-0.9624,0.3213,True
0.18,0.6075,PS,714,LT,#8,-,-0.7105,1.73,True
0.18,0.6075,PE,741,HT,#1,#6,-0.8416,0.6036,True
0.185,0.6075,PET,82,HT,#8,#6,-0.3971,1.6972,True
0.185,0.6075,PP,223,HT,#1,#6,-0.7734,0.8276,True
0.185,0.6075,PVC,540,HT,#8,#6,-0.9717,0.3213,True
0.185,0.6075,PS,714,LT,#8,-,-0.7271,1.73,True
0.185,0.6075,PE,741,HT,#1,#6,-0.863,0.6036,True
0.19,0.6075,PET,82,HT,#8,#6,-0.4034,1.6972,True
0.19,0.6075,PP,223,HT,#1,#6,-0.792,0.8276,True
0.19,0.6075,PVC,540,HT,#8,#6,-0.981,0.3213,True
0.19,0.6075,PS,714,LT,#8,-,-0.7437,1.73,True
0.19,0.6075,PE,741,HT,#1,#6,-0.8845,0.6036,True
0.195,0.6075,PET,82,HT,#8,#6,-0.4097,1.6972,True
0.195,0.6075,PP,223,HT,#1,#6,-0.8107,0.8276,True
0.195,0.6075,PVC,540,HT,#8,#6,-0.9903,0.3213,True
0.195,0.6075,PS,714,LT,#8,-,-0.7602,1.73,True
0.195,0.6075,PE,741,HT,#1,#6,-0.9059,0.6036,True
0.2,0.6075,PET,82,HT,#8,#6,-0.416,1.6972,True
0.2,0.6075,PP,223,HT,#1,#6,-0.8293,0.8276,True
0.2,0.6075,PVC,540,HT,#8,#6,-0.9997,0.3213,True
0.2,0.6075,PS,714,LT,#8,-,-0.7768,1.73,True
0.2,0.6075,PE,741,HT,#1,#6,-0.9273,0.6036,True
0.04,0.6316,PET,82,HT,#8,#6,-0.2146,1.6546,True
0.04,0.6316,PP,223,HT,#1,#6,-0.2334,0.7418,True
0.04,0.6316,PVC,540,HT,#8,#6,-0.7013,0.2774,True
0.04,0.6316,PS,714,LT,#8,-,-0.2465,1.6416,True
0.04,0.6316,PE,741,HT,#1,#6,-0.2422,0.503,True
0.045,0.6316,PET,82,HT,#8,#6,-0.2209,1.6546,True
0.045,0.6316,PP,223,HT,#1,#6,-0.252,0.7418,True
0.045,0.6316,PVC,540,HT,#8,#6,-0.7106,0.2774,True
0.045,0.6316,PS,714,LT,#8,-,-0.2631,1.6416,True
0.045,0.6316,PE,741,HT,#1,#6,-0.2636,0.503,True
0.05,0.6316,PET,82,HT,#8,#6,-0.2272,1.6546,True
0.05,0.6316,PP,223,HT,#1,#6,-0.2706,0.7418,True
0.05,0.6316,PVC,540,HT,#8,#6,-0.7199,0.2774,True
0.05,0.6316,PS,714,LT,#8,-,-0.2797,1.6416,True
0.05,0.6316,PE,741,HT,#1,#6,-0.285,0.503,True
0.055,0.6316,PET,82,HT,#8,#6,-0.2335,1.6546,True
0.055,0.6316,PP,223,HT,#1,#6,-0.2892,0.7418,True
0.055,0.6316,PVC,540,HT,#8,#6,-0.7293,0.2774,True
0.055,0.6316,PS,714,LT,#8,-,-0.2962,1.6416,True
0.055,0.6316,PE,741,HT,#1,#6,-0.3064,0.503,True
0.06,0.6316,PET,82,HT,#8,#6,-0.2398,1.6546,True
0.06,0.6316,PP,223,HT,#1,#6,-0.3079,0.7418,True
0.06,0.6316,PVC,540,HT,#8,#6,-0.7386,0.2774,True
0.06,0.6316,PS,714,LT,#8,-,-0.3128,1.6416,True
0.06,0.6316,PE,741,HT,#1,#6,-0.3278,0.503,True
0.065,0.6316,PET,82,HT,#8,#6,-0.2461,1.6546,True
0.065,0.6316,PP,223,HT,#1,#6,-0.3265,0.7418,True
0.065,0.6316,PVC,540,HT,#8,#6,-0.7479,0.2774,True
0.065,0.6316,PS,714,LT,#8,-,-0.3294,1.6416,True
0.065,0.6316,PE,741,HT,#1,#6,-0.3492,0.503,True
0.07,0.6316,PET,82,HT,#8,#6,-0.2524,1.6546,True
0.07,0.6316,PP,223,HT,#1,#6,-0.3451,0.7418,True
0.07,0.6316,PVC,540,HT,#8,#6,-0.7572,0.2774,True
0.07,0.6316,PS,714,LT,#8,-,-0.346,1.6416,True
0.07,0.6316,PE,741,HT,#1,#6,-0.3706,0.503,True
0.075,0.6316,PET,82,HT,#8,#6,-0.2587,1.6546,True
0.075,0.6316,PP,223,HT,#1,#6,-0.3637,0.7418,True
0.075,0.6316,PVC,540,HT,#8,#6,-0.7666,0.2774,True
0.075,0.6316,PS,714,LT,#8,-,-0.3625,1.6416,True
0.075,0.6316,PE,741,HT,#1,#6,-0.392,0.503,True
0.08,0.6316,PET,82,HT,#8,#6,-0.265,1.6546,True
0.08,0.6316,PP,223,HT,#1,#6,-0.3823,0.7418,True
0.08,0.6316,PVC,540,HT,#8,#6,-0.7759,0.2774,True
0.08,0.6316,PS,714,LT,#8,-,-0.3791,1.6416,True
0.08,0.6316,PE,741,HT,#1,#6,-0.4134,0.503,True
0.085,0.6316,PET,82,HT,#8,#6,-0.2713,1.6546,True
0.085,0.6316,PP,223,HT,#1,#6,-0.401,0.7418,True
0.085,0.6316,PVC,540,HT,#8,#6,-0.7852,0.2774,True
0.085,0.6316,PS,714,LT,#8,-,-0.3957,1.6416,True
0.085,0.6316,PE,741,HT,#1,#6,-0.4348,0.503,True
0.09,0.6316,PET,82,HT,#8,#6,-0.2776,1.6546,True
0.09,0.6316,PP,223,HT,#1,#6,-0.4196,0.7418,True
0.09,0.6316,PVC,540,HT,#8,#6,-0.7945,0.2774,True
0.09,0.6316,PS,714,LT,#8,-,-0.4122,1.6416,True
0.09,0.6316,PE,741,HT,#1,#6,-0.4563,0.503,True
0.095,0.6316,PET,82,HT,#8,#6,-0.2838,1.6546,True
0.095,0.6316,PP,223,HT,#1,#6,-0.4382,0.7418,True
0.095,0.6316,PVC,540,HT,#8,#6,-0.8039,0.2774,True
0.095,0.6316,PS,714,LT,#8,-,-0.4288,1.6416,True
0.095,0.6316,PE,741,HT,#1,#6,-0.4777,0.503,True
0.1,0.6316,PET,82,HT,#8,#6,-0.2901,1.6546,True
0.1,0.6316,PP,223,HT,#1,#6,-0.4568,0.7418,True
0.1,0.6316,PVC,540,HT,#8,#6,-0.8132,0.2774,True
0.1,0.6316,PS,714,LT,#8,-,-0.4454,1.6416,True
0.1,0.6316,PE,741,HT,#1,#6,-0.4991,0.503,True
0.105,0.6316,PET,82,HT,#8,#6,-0.2964,1.6546,True
0.105,0.6316,PP,223,HT,#1,#6,-0.4755,0.7418,True
0.105,0.6316,PVC,540,HT,#8,#6,-0.8225,0.2774,True
0.105,0.6316,PS,714,LT,#8,-,-0.462,1.6416,True
0.105,0.6316,PE,741,HT,#1,#6,-0.5205,0.503,True
0.11,0.6316,PET,82,HT,#8,#6,-0.3027,1.6546,True
0.11,0.6316,PP,223,HT,#1,#6,-0.4941,0.7418,True
0.11,0.6316,PVC,540,HT,#8,#6,-0.8318,0.2774,True
0.11,0.6316,PS,714,LT,#8,-,-0.4785,1.6416,True
0.11,0.6316,PE,741,HT,#1,#6,-0.5419,0.503,True
0.115,0.6316,PET,82,HT,#8,#6,-0.309,1.6546,True
0.115,0.6316,PP,223,HT,#1,#6,-0.5127,0.7418,True
0.115,0.6316,PVC,540,HT,#8,#6,-0.8412,0.2774,True
0.115,0.6316,PS,714,LT,#8,-,-0.4951,1.6416,True
0.115,0.6316,PE,741,HT,#1,#6,-0.5633,0.503,True
0.12,0.6316,PET,82,HT,#8,#6,-0.3153,1.6546,True
0.12,0.6316,PP,223,HT,#1,#6,-0.5313,0.7418,True
0.12,0.6316,PVC,540,HT,#8,#6,-0.8505,0.2774,True
0.12,0.6316,PS,714,LT,#8,-,-0.5117,1.6416,True
0.12,0.6316,PE,741,HT,#1,#6,-0.5847,0.503,True
0.125,0.6316,PET,82,HT,#8,#6,-0.3216,1.6546,True
0.125,0.6316,PP,223,HT,#1,#6,-0.55,0.7418,True
0.125,0.6316,PVC,540,HT,#8,#6,-0.8598,0.2774,True
0.125,0.6316,PS,714,LT,#8,-,-0.5282,1.6416,True
0.125,0.6316,PE,741,HT,#1,#6,-0.6061,0.503,True
0.13,0.6316,PET,82,HT,#8,#6,-0.3279,1.6546,True
0.13,0.6316,PP,223,HT,#1,#6,-0.5686,0.7418,True
0.13,0.6316,PVC,540,HT,#8,#6,-0.8691,0.2774,True
0.13,0.6316,PS,714,LT,#8,-,-0.5448,1.6416,True
0.13,0.6316,PE,741,HT,#1,#6,-0.6275,0.503,True
0.135,0.6316,PET,82,HT,#8,#6,-0.3342,1.6546,True
0.135,0.6316,PP,223,HT,#1,#6,-0.5872,0.7418,True
0.135,0.6316,PVC,540,HT,#8,#6,-0.8785,0.2774,True
0.135,0.6316,PS,714,LT,#8,-,-0.5614,1.6416,True
0.135,0.6316,PE,741,HT,#1,#6,-0.6489,0.503,True
0.14,0.6316,PET,82,HT,#8,#6,-0.3405,1.6546,True
0.14,0.6316,PP,223,HT,#1,#6,-0.6058,0.7418,True
0.14,0.6316,PVC,540,HT,#8,#6,-0.8878,0.2774,True
0.14,0.6316,PS,714,LT,#8,-,-0.578,1.6416,True
0.14,0.6316,PE,741,HT,#1,#6,-0.6704,0.503,True
0.145,0.6316,PET,82,HT,#8,#6,-0.3468,1.6546,True
0.145,0.6316,PP,223,HT,#1,#6,-0.6244,0.7418,True
0.145,0.6316,PVC,540,HT,#8,#6,-0.8971,0.2774,True
0.145,0.6316,PS,714,LT,#8,-,-0.5945,1.6416,True
0.145,0.6316,PE,741,HT,#1,#6,-0.6918,0.503,True
0.15,0.6316,PET,82,HT,#8,#6,-0.3531,1.6546,True
0.15,0.6316,PP,223,HT,#1,#6,-0.6431,0.7418,True
0.15,0.6316,PVC,540,HT,#8,#6,-0.9064,0.2774,True
0.15,0.6316,PS,714,LT,#8,-,-0.6111,1.6416,True
0.15,0.6316,PE,741,HT,#1,#6,-0.7132,0.503,True
0.155,0.6316,PET,82,HT,#8,#6,-0.3594,1.6546,True
0.155,0.6316,PP,223,HT,#1,#6,-0.6617,0.7418,True
0.155,0.6316,PVC,540,HT,#8,#6,-0.9158,0.2774,True
0.155,0.6316,PS,714,LT,#8,-,-0.6277,1.6416,True
0.155,0.6316,PE,741,HT,#1,#6,-0.7346,0.503,True
0.16,0.6316,PET,82,HT,#8,#6,-0.3657,1.6546,True
0.16,0.6316,PP,223,HT,#1,#6,-0.6803,0.7418,True
0.16,0.6316,PVC,540,HT,#8,#6,-0.9251,0.2774,True
0.16,0.6316,PS,714,LT,#8,-,-0.6442,1.6416,True
0.16,0.6316,PE,741,HT,#1,#6,-0.756,0.503,True
0.165,0.6316,PET,82,HT,#8,#6,-0.372,1.6546,True
0.165,0.6316,PP,223,HT,#1,#6,-0.6989,0.7418,True
0.165,0.6316,PVC,540,HT,#8,#6,-0.9344,0.2774,True
0.165,0.6316,PS,714,LT,#8,-,-0.6608,1.6416,True
0.165,0.6316,PE,741,HT,#1,#6,-0.7774,0.503,True
0.17,0.6316,PET,82,HT,#8,#6,-0.3782,1.6546,True
0.17,0.6316,PP,223,HT,#1,#6,-0.7176,0.7418,True
0.17,0.6316,PVC,540,HT,#8,#6,-0.9437,0.2774,True
0.17,0.6316,PS,714,LT,#8,-,-0.6774,1.6416,True
0.17,0.6316,PE,741,HT,#1,#6,-0.7988,0.503,True
0.175,0.6316,PET,82,HT,#8,#6,-0.3845,1.6546,True
0.175,0.6316,PP,223,HT,#1,#6,-0.7362,0.7418,True
0.175,0.6316,PVC,540,HT,#8,#6,-0.953,0.2774,True
0.175,0.6316,PS,714,LT,#8,-,-0.694,1.6416,True
0.175,0.6316,PE,741,HT,#1,#6,-0.8202,0.503,True
0.18,0.6316,PET,82,HT,#8,#6,-0.3908,1.6546,True
0.18,0.6316,PP,223,HT,#1,#6,-0.7548,0.7418,True
0.18,0.6316,PVC,540,HT,#8,#6,-0.9624,0.2774,True
0.18,0.6316,PS,714,LT,#8,-,-0.7105,1.6416,True
0.18,0.6316,PE,741,HT,#1,#6,-0.8416,0.503,True
0.185,0.6316,PET,82,HT,#8,#6,-0.3971,1.6546,True
0.185,0.6316,PP,223,HT,#1,#6,-0.7734,0.7418,True
0.185,0.6316,PVC,540,HT,#8,#6,-0.9717,0.2774,True
0.185,0.6316,PS,714,LT,#8,-,-0.7271,1.6416,True
0.185,0.6316,PE,741,HT,#1,#6,-0.863,0.503,True
0.19,0.6316,PET,82,HT,#8,#6,-0.4034,1.6546,True
0.19,0.6316,PP,223,HT,#1,#6,-0.792,0.7418,True
0.19,0.6316,PVC,540,HT,#8,#6,-0.981,0.2774,True
0.19,0.6316,PS,714,LT,#8,-,-0.7437,1.6416,True
0.19,0.6316,PE,741,HT,#1,#6,-0.8845,0.503,True
0.195,0.6316,PET,82,HT,#8,#6,-0.4097,1.6546,True
0.195,0.6316,PP,223,HT,#1,#6,-0.8107,0.7418,True
0.195,0.6316,PVC,540,HT,#8,#6,-0.9903,0.2774,True
0.195,0.6316,PS,714,LT,#8,-,-0.7602,1.6416,True
0.195,0.6316,PE,741,HT,#1,#6,-0.9059,0.503,True
0.2,0.6316,PET,82,HT,#8,#6,-0.416,1.6546,True
0.2,0.6316,PP,223,HT,#1,#6,-0.8293,0.7418,True
0.2,0.6316,PVC,540,HT,#8,#6,-0.9997,0.2774,True
0.2,0.6316,PS,714,LT,#8,-,-0.7768,1.6416,True
0.2,0.6316,PE,741,HT,#1,#6,-0.9273,0.503,True
0.04,0.6556,PET,82,HT,#8,#6,-0.2146,1.612,True
0.04,0.6556,PP,223,HT,#1,#6,-0.2334,0.656,True
0.04,0.6556,PVC,540,HT,#8,#6,-0.7013,0.2335,True
0.04,0.6556,PS,714,LT,#8,-,-0.2465,1.5533,True
0.04,0.6556,PE,741,HT,#1,#6,-0.2422,0.4023,True
0.045,0.6556,PET,82,HT,#8,#6,-0.2209,1.612,True
0.045,0.6556,PP,223,HT,#1,#6,-0.252,0.656,True
0.045,0.6556,PVC,540,HT,#8,#6,-0.7106,0.2335,True
0.045,0.6556,PS,714,LT,#8,-,-0.2631,1.5533,True
0.045,0.6556,PE,741,HT,#1,#6,-0.2636,0.4023,True
0.05,0.6556,PET,82,HT,#8,#6,-0.2272,1.612,True
0.05,0.6556,PP,223,HT,#1,#6,-0.2706,0.656,True
0.05,0.6556,PVC,540,HT,#8,#6,-0.7199,0.2335,True
0.05,0.6556,PS,714,LT,#8,-,-0.2797,1.5533,True
0.05,0.6556,PE,741,HT,#1,#6,-0.285,0.4023,True
0.055,0.6556,PET,82,HT,#8,#6,-0.2335,1.612,True
0.055,0.6556,PP,223,HT,#1,#6,-0.2892,0.656,True
0.055,0.6556,PVC,540,HT,#8,#6,-0.7293,0.2335,True
0.055,0.6556,PS,714,LT,#8,-,-0.2962,1.5533,True
0.055,0.6556,PE,741,HT,#1,#6,-0.3064,0.4023,True
0.06,0.6556,PET,82,HT,#8,#6,-0.2398,1.612,True
0.06,0.6556,PP,223,HT,#1,#6,-0.3079,0.656,True
0.06,0.6556,PVC,540,HT,#8,#6,-0.7386,0.2335,True
0.06,0.6556,PS,714,LT,#8,-,-0.3128,1.5533,True
0.06,0.6556,PE,741,HT,#1,#6,-0.3278,0.4023,True
0.065,0.6556,PET,82,HT,#8,#6,-0.2461,1.612,True
0.065,0.6556,PP,223,HT,#1,#6,-0.3265,0.656,True
0.065,0.6556,PVC,540,HT,#8,#6,-0.7479,0.2335,True
0.065,0.6556,PS,714,LT,#8,-,-0.3294,1.5533,True
0.065,0.6556,PE,741,HT,#1,#6,-0.3492,0.4023,True
0.07,0.6556,PET,82,HT,#8,#6,-0.2524,1.612,True
0.07,0.6556,PP,223,HT,#1,#6,-0.3451,0.656,True
0.07,0.6556,PVC,540,HT,#8,#6,-0.7572,0.2335,True
0.07,0.6556,PS,714,LT,#8,-,-0.346,1.5533,True
0.07,0.6556,PE,741,HT,#1,#6,-0.3706,0.4023,True
0.075,0.6556,PET,82,HT,#8,#6,-0.2587,1.612,True
0.075,0.6556,PP,223,HT,#1,#6,-0.3637,0.656,True
0.075,0.6556,PVC,540,HT,#8,#6,-0.7666,0.2335,True
0.075,0.6556,PS,714,LT,#8,-,-0.3625,1.5533,True
0.075,0.6556,PE,741,HT,#1,#6,-0.392,0.4023,True
0.08,0.6556,PET,82,HT,#8,#6,-0.265,1.612,True
0.08,0.6556,PP,223,HT,#1,#6,-0.3823,0.656,True
0.08,0.6556,PVC,540,HT,#8,#6,-0.7759,0.2335,True
0.08,0.6556,PS,714,LT,#8,-,-0.3791,1.5533,True
0.08,0.6556,PE,741,HT,#1,#6,-0.4134,0.4023,True
0.085,0.6556,PET,82,HT,#8,#6,-0.2713,1.612,True
0.085,0.6556,PP,223,HT,#1,#6,-0.401,0.656,True
0.085,0.6556,PVC,540,HT,#8,#6,-0.7852,0.2335,True
0.085,0.6556,PS,714,LT,#8,-,-0.3957,1.5533,True
0.085,0.6556,PE,741,HT,#1,#6,-0.4348,0.4023,True
0.09,0.6556,PET,82,HT,#8,#6,-0.2776,1.612,True
0.09,0.6556,PP,223,HT,#1,#6,-0.4196,0.656,True
0.09,0.6556,PVC,540,HT,#8,#6,-0.7945,0.2335,True
0.09,0.6556,PS,714,LT,#8,-,-0.4122,1.5533,True
0.09,0.6556,PE,741,HT,#1,#6,-0.4563,0.4023,True
0.095,0.6556,PET,82,HT,#8,#6,-0.2838,1.612,True
0.095,0.6556,PP,223,HT,#1,#6,-0.4382,0.656,True
0.095,0.6556,PVC,540,HT,#8,#6,-0.8039,0.2335,True
0.095,0.6556,PS,714,LT,#8,-,-0.4288,1.5533,True
0.095,0.6556,PE,741,HT,#1,#6,-0.4777,0.4023,True
0.1,0.6556,PET,82,HT,#8,#6,-0.2901,1.612,True
0.1,0.6556,PP,223,HT,#1,#6,-0.4568,0.656,True
0.1,0.6556,PVC,540,HT,#8,#6,-0.8132,0.2335,True
0.1,0.6556,PS,714,LT,#8,-,-0.4454,1.5533,True
0.1,0.6556,PE,741,HT,#1,#6,-0.4991,0.4023,True
0.105,0.6556,PET,82,HT,#8,#6,-0.2964,1.612,True
0.105,0.6556,PP,223,HT,#1,#6,-0.4755,0.656,True
0.105,0.6556,PVC,540,HT,#8,#6,-0.8225,0.2335,True
0.105,0.6556,PS,714,LT,#8,-,-0.462,1.5533,True
0.105,0.6556,PE,741,HT,#1,#6,-0.5205,0.4023,True
0.11,0.6556,PET,82,HT,#8,#6,-0.3027,1.612,True
0.11,0.6556,PP,223,HT,#1,#6,-0.4941,0.656,True
0.11,0.6556,PVC,540,HT,#8,#6,-0.8318,0.2335,True
0.11,0.6556,PS,714,LT,#8,-,-0.4785,1.5533,True
0.11,0.6556,PE,741,HT,#1,#6,-0.5419,0.4023,True
0.115,0.6556,PET,82,HT,#8,#6,-0.309,1.612,True
0.115,0.6556,PP,223,HT,#1,#6,-0.5127,0.656,True
0.115,0.6556,PVC,540,HT,#8,#6,-0.8412,0.2335,True
0.115,0.6556,PS,714,LT,#8,-,-0.4951,1.5533,True
0.115,0.6556,PE,741,HT,#1,#6,-0.5633,0.4023,True
0.12,0.6556,PET,82,HT,#8,#6,-0.3153,1.612,True
0.12,0.6556,PP,223,HT,#1,#6,-0.5313,0.656,True
0.12,0.6556,PVC,540,HT,#8,#6,-0.8505,0.2335,True
0.12,0.6556,PS,714,LT,#8,-,-0.5117,1.5533,True
0.12,0.6556,PE,741,HT,#1,#6,-0.5847,0.4023,True
0.125,0.6556,PET,82,HT,#8,#6,-0.3216,1.612,True
0.125,0.6556,PP,223,HT,#1,#6,-0.55,0.656,True
0.125,0.6556,PVC,540,HT,#8,#6,-0.8598,0.2335,True
0.125,0.6556,PS,714,LT,#8,-,-0.5282,1.5533,True
0.125,0.6556,PE,741,HT,#1,#6,-0.6061,0.4023,True
0.13,0.6556,PET,82,HT,#8,#6,-0.3279,1.612,True
0.13,0.6556,PP,223,HT,#1,#6,-0.5686,0.656,True
0.13,0.6556,PVC,540,HT,#8,#6,-0.8691,0.2335,True
0.13,0.6556,PS,714,LT,#8,-,-0.5448,1.5533,True
0.13,0.6556,PE,741,HT,#1,#6,-0.6275,0.4023,True
0.135,0.6556,PET,82,HT,#8,#6,-0.3342,1.612,True
0.135,0.6556,PP,223,HT,#1,#6,-0.5872,0.656,True
0.135,0.6556,PVC,540,HT,#8,#6,-0.8785,0.2335,True
0.135,0.6556,PS,714,LT,#8,-,-0.5614,1.5533,True
0.135,0.6556,PE,741,HT,#1,#6,-0.6489,0.4023,True
0.14,0.6556,PET,82,HT,#8,#6,-0.3405,1.612,True
0.14,0.6556,PP,223,HT,#1,#6,-0.6058,0.656,True
0.14,0.6556,PVC,540,HT,#8,#6,-0.8878,0.2335,True
0.14,0.6556,PS,714,LT,#8,-,-0.578,1.5533,True
0.14,0.6556,PE,741,HT,#1,#6,-0.6704,0.4023,True
0.145,0.6556,PET,82,HT,#8,#6,-0.3468,1.612,True
0.145,0.6556,PP,223,HT,#1,#6,-0.6244,0.656,True
0.145,0.6556,PVC,540,HT,#8,#6,-0.8971,0.2335,True
0.145,0.6556,PS,714,LT,#8,-,-0.5945,1.5533,True
0.145,0.6556,PE,741,HT,#1,#6,-0.6918,0.4023,True
0.15,0.6556,PET,82,HT,#8,#6,-0.3531,1.612,True
0.15,0.6556,PP,223,HT,#1,#6,-0.6431,0.656,True
0.15,0.6556,PVC,540,HT,#8,#6,-0.9064,0.2335,True
0.15,0.6556,PS,714,LT,#8,-,-0.6111,1.5533,True
0.15,0.6556,PE,741,HT,#1,#6,-0.7132,0.4023,True
0.155,0.6556,PET,82,HT,#8,#6,-0.3594,1.612,True
0.155,0.6556,PP,223,HT,#1,#6,-0.6617,0.656,True
0.155,0.6556,PVC,540,HT,#8,#6,-0.9158,0.2335,True
0.155,0.6556,PS,714,LT,#8,-,-0.6277,1.5533,True
0.155,0.6556,PE,741,HT,#1,#6,-0.7346,0.4023,True
0.16,0.6556,PET,82,HT,#8,#6,-0.3657,1.612,True
0.16,0.6556,PP,223,HT,#1,#6,-0.6803,0.656,True
0.16,0.6556,PVC,540,HT,#8,#6,-0.9251,0.2335,True
0.16,0.6556,PS,714,LT,#8,-,-0.6442,1.5533,True
0.16,0.6556,PE,741,HT,#1,#6,-0.756,0.4023,True
0.165,0.6556,PET,82,HT,#8,#6,-0.372,1.612,True
0.165,0.6556,PP,223,HT,#1,#6,-0.6989,0.656,True
0.165,0.6556,PVC,540,HT,#8,#6,-0.9344,0.2335,True
0.165,0.6556,PS,714,LT,#8,-,-0.6608,1.5533,True
0.165,0.6556,PE,741,HT,#1,#6,-0.7774,0.4023,True
0.17,0.6556,PET,82,HT,#8,#6,-0.3782,1.612,True
0.17,0.6556,PP,223,HT,#1,#6,-0.7176,0.656,True
0.17,0.6556,PVC,540,HT,#8,#6,-0.9437,0.2335,True
0.17,0.6556,PS,714,LT,#8,-,-0.6774,1.5533,True
0.17,0.6556,PE,741,HT,#1,#6,-0.7988,0.4023,True
0.175,0.6556,PET,82,HT,#8,#6,-0.3845,1.612,True
0.175,0.6556,PP,223,HT,#1,#6,-0.7362,0.656,True
0.175,0.6556,PVC,540,HT,#8,#6,-0.953,0.2335,True
0.175,0.6556,PS,714,LT,#8,-,-0.694,1.5533,True
0.175,0.6556,PE,741,HT,#1,#6,-0.8202,0.4023,True
0.18,0.6556,PET,82,HT,#8,#6,-0.3908,1.612,True
0.18,0.6556,PP,223,HT,#1,#6,-0.7548,0.656,True
0.18,0.6556,PVC,540,HT,#8,#6,-0.9624,0.2335,True
0.18,0.6556,PS,714,LT,#8,-,-0.7105,1.5533,True
0.18,0.6556,PE,741,HT,#1,#6,-0.8416,0.4023,True
0.185,0.6556,PET,82,HT,#8,#6,-0.3971,1.612,True
0.185,0.6556,PP,223,HT,#1,#6,-0.7734,0.656,True
0.185,0.6556,PVC,540,HT,#8,#6,-0.9717,0.2335,True
0.185,0.6556,PS,714,LT,#8,-,-0.7271,1.5533,True
0.185,0.6556,PE,741,HT,#1,#6,-0.863,0.4023,True
0.19,0.6556,PET,82,HT,#8,#6,-0.4034,1.612,True
0.19,0.6556,PP,223,HT,#1,#6,-0.792,0.656,True
0.19,0.6556,PVC,540,HT,#8,#6,-0.981,0.2335,True
0.19,0.6556,PS,714,LT,#8,-,-0.7437,1.5533,True
0.19,0.6556,PE,741,HT,#1,#6,-0.8845,0.4023,True
0.195,0.6556,PET,82,HT,#8,#6,-0.4097,1.612,True
0.195,0.6556,PP,223,HT,#1,#6,-0.8107,0.656,True
0.195,0.6556,PVC,540,HT,#8,#6,-0.9903,0.2335,True
0.195,0.6556,PS,714,LT,#8,-,-0.7602,1.5533,True
0.195,0.6556,PE,741,HT,#1,#6,-0.9059,0.4023,True
0.2,0.6556,PET,82,HT,#8,#6,-0.416,1.612,True
0.2,0.6556,PP,223,HT,#1,#6,-0.8293,0.656,True
0.2,0.6556,PVC,540,HT,#8,#6,-0.9997,0.2335,True
0.2,0.6556,PS,714,LT,#8,-,-0.7768,1.5533,True
0.2,0.6556,PE,741,HT,#1,#6,-0.9273,0.4023,True
0.04,0.6797,PET,82,HT,#8,#6,-0.2146,1.5695,True
0.04,0.6797,PP,223,HT,#1,#6,-0.2334,0.5702,True
0.04,0.6797,PVC,540,HT,#8,#6,-0.7013,0.1896,True
0.04,0.6797,PS,714,LT,#8,-,-0.2465,1.465,True
0.04,0.6797,PE,741,HT,#1,#6,-0.2422,0.3017,True
0.045,0.6797,PET,82,HT,#8,#6,-0.2209,1.5695,True
0.045,0.6797,PP,223,HT,#1,#6,-0.252,0.5702,True
0.045,0.6797,PVC,540,HT,#8,#6,-0.7106,0.1896,True
0.045,0.6797,PS,714,LT,#8,-,-0.2631,1.465,True
0.045,0.6797,PE,741,HT,#1,#6,-0.2636,0.3017,True
0.05,0.6797,PET,82,HT,#8,#6,-0.2272,1.5695,True
0.05,0.6797,PP,223,HT,#1,#6,-0.2706,0.5702,True
0.05,0.6797,PVC,540,HT,#8,#6,-0.7199,0.1896,True
0.05,0.6797,PS,714,LT,#8,-,-0.2797,1.465,True
0.05,0.6797,PE,741,HT,#1,#6,-0.285,0.3017,True
0.055,0.6797,PET,82,HT,#8,#6,-0.2335,1.5695,True
0.055,0.6797,PP,223,HT,#1,#6,-0.2892,0.5702,True
0.055,0.6797,PVC,540,HT,#8,#6,-0.7293,0.1896,True
0.055,0.6797,PS,714,LT,#8,-,-0.2962,1.465,True
0.055,0.6797,PE,741,HT,#1,#6,-0.3064,0.3017,True
0.06,0.6797,PET,82,HT,#8,#6,-0.2398,1.5695,True
0.06,0.6797,PP,223,HT,#1,#6,-0.3079,0.5702,True
0.06,0.6797,PVC,540,HT,#8,#6,-0.7386,0.1896,True
0.06,0.6797,PS,714,LT,#8,-,-0.3128,1.465,True
0.06,0.6797,PE,741,HT,#1,#6,-0.3278,0.3017,True
0.065,0.6797,PET,82,HT,#8,#6,-0.2461,1.5695,True
0.065,0.6797,PP,223,HT,#1,#6,-0.3265,0.5702,True
0.065,0.6797,PVC,540,HT,#8,#6,-0.7479,0.1896,True
0.065,0.6797,PS,714,LT,#8,-,-0.3294,1.465,True
0.065,0.6797,PE,741,HT,#1,#6,-0.3492,0.3017,True
0.07,0.6797,PET,82,HT,#8,#6,-0.2524,1.5695,True
0.07,0.6797,PP,223,HT,#1,#6,-0.3451,0.5702,True
0.07,0.6797,PVC,540,HT,#8,#6,-0.7572,0.1896,True
0.07,0.6797,PS,714,LT,#8,-,-0.346,1.465,True
0.07,0.6797,PE,741,HT,#1,#6,-0.3706,0.3017,True
0.075,0.6797,PET,82,HT,#8,#6,-0.2587,1.5695,True
0.075,0.6797,PP,223,HT,#1,#6,-0.3637,0.5702,True
0.075,0.6797,PVC,540,HT,#8,#6,-0.7666,0.1896,True
0.075,0.6797,PS,714,LT,#8,-,-0.3625,1.465,True
0.075,0.6797,PE,741,HT,#1,#6,-0.392,0.3017,True
0.08,0.6797,PET,82,HT,#8,#6,-0.265,1.5695,True
0.08,0.6797,PP,223,HT,#1,#6,-0.3823,0.5702,True
0.08,0.6797,PVC,540,HT,#8,#6,-0.7759,0.1896,True
0.08,0.6797,PS,714,LT,#8,-,-0.3791,1.465,True
0.08,0.6797,PE,741,HT,#1,#6,-0.4134,0.3017,True
0.085,0.6797,PET,82,HT,#8,#6,-0.2713,1.5695,True
0.085,0.6797,PP,223,HT,#1,#6,-0.401,0.5702,True
0.085,0.6797,PVC,540,HT,#8,#6,-0.7852,0.1896,True
0.085,0.6797,PS,714,LT,#8,-,-0.3957,1.465,True
0.085,0.6797,PE,741,HT,#1,#6,-0.4348,0.3017,True
0.09,0.6797,PET,82,HT,#8,#6,-0.2776,1.5695,True
0.09,0.6797,PP,223,HT,#1,#6,-0.4196,0.5702,True
0.09,0.6797,PVC,540,HT,#8,#6,-0.7945,0.1896,True
0.09,0.6797,PS,714,LT,#8,-,-0.4122,1.465,True
0.09,0.6797,PE,741,HT,#1,#6,-0.4563,0.3017,True
0.095,0.6797,PET,82,HT,#8,#6,-0.2838,1.5695,True
0.095,0.6797,PP,223,HT,#1,#6,-0.4382,0.5702,True
0.095,0.6797,PVC,540,HT,#8,#6,-0.8039,0.1896,True
0.095,0.6797,PS,714,LT,#8,-,-0.4288,1.465,True
0.095,0.6797,PE,741,HT,#1,#6,-0.4777,0.3017,True
0.1,0.6797,PET,82,HT,#8,#6,-0.2901,1.5695,True
0.1,0.6797,PP,223,HT,#1,#6,-0.4568,0.5702,True
0.1,0.6797,PVC,540,HT,#8,#6,-0.8132,0.1896,True
0.1,0.6797,PS,714,LT,#8,-,-0.4454,1.465,True
0.1,0.6797,PE,741,HT,#1,#6,-0.4991,0.3017,True
0.105,0.6797,PET,82,HT,#8,#6,-0.2964,1.5695,True
0.105,0.6797,PP,223,HT,#1,#6,-0.4755,0.5702,True
0.105,0.6797,PVC,540,HT,#8,#6,-0.8225,0.1896,True
0.105,0.6797,PS,714,LT,#8,-,-0.462,1.465,True
0.105,0.6797,PE,741,HT,#1,#6,-0.5205,0.3017,True
0.11,0.6797,PET,82,HT,#8,#6,-0.3027,1.5695,True
0.11,0.6797,PP,223,HT,#1,#6,-0.4941,0.5702,True
0.11,0.6797,PVC,540,HT,#8,#6,-0.8318,0.1896,True
0.11,0.6797,PS,714,LT,#8,-,-0.4785,1.465,True
0.11,0.6797,PE,741,HT,#1,#6,-0.5419,0.3017,True
0.115,0.6797,PET,82,HT,#8,#6,-0.309,1.5695,True
0.115,0.6797,PP,223,HT,#1,#6,-0.5127,0.5702,True
0.115,0.6797,PVC,540,HT,#8,#6,-0.8412,0.1896,True
0.115,0.6797,PS,714,LT,#8,-,-0.4951,1.465,True
0.115,0.6797,PE,741,HT,#1,#6,-0.5633,0.3017,True
0.12,0.6797,PET,82,HT,#8,#6,-0.3153,1.5695,True
0.12,0.6797,PP,223,HT,#1,#6,-0.5313,0.5702,True
0.12,0.6797,PVC,540,HT,#8,#6,-0.8505,0.1896,True
0.12,0.6797,PS,714,LT,#8,-,-0.5117,1.465,True
0.12,0.6797,PE,741,HT,#1,#6,-0.5847,0.3017,True
0.125,0.6797,PET,82,HT,#8,#6,-0.3216,1.5695,True
0.125,0.6797,PP,223,HT,#1,#6,-0.55,0.5702,True
0.125,0.6797,PVC,540,HT,#8,#6,-0.8598,0.1896,True
0.125,0.6797,PS,714,LT,#8,-,-0.5282,1.465,True
0.125,0.6797,PE,741,HT,#1,#6,-0.6061,0.3017,True
0.13,0.6797,PET,82,HT,#8,#6,-0.3279,1.5695,True
0.13,0.6797,PP,223,HT,#1,#6,-0.5686,0.5702,True
0.13,0.6797,PVC,540,HT,#8,#6,-0.8691,0.1896,True
0.13,0.6797,PS,714,LT,#8,-,-0.5448,1.465,True
0.13,0.6797,PE,741,HT,#1,#6,-0.6275,0.3017,True
0.135,0.6797,PET,82,HT,#8,#6,-0.3342,1.5695,True
0.135,0.6797,PP,223,HT,#1,#6,-0.5872,0.5702,True
0.135,0.6797,PVC,540,HT,#8,#6,-0.8785,0.1896,True
0.135,0.6797,PS,714,LT,#8,-,-0.5614,1.465,True
0.135,0.6797,PE,741,HT,#1,#6,-0.6489,0.3017,True
0.14,0.6797,PET,82,HT,#8,#6,-0.3405,1.5695,True
0.14,0.6797,PP,223,HT,#1,#6,-0.6058,0.5702,True
0.14,0.6797,PVC,540,HT,#8,#6,-0.8878,0.1896,True
0.14,0.6797,PS,714,LT,#8,-,-0.578,1.465,True
0.14,0.6797,PE,741,HT,#1,#6,-0.6704,0.3017,True
0.145,0.6797,PET,82,HT,#8,#6,-0.3468,1.5695,True
0.145,0.6797,PP,223,HT,#1,#6,-0.6244,0.5702,True
0.145,0.6797,PVC,540,HT,#8,#6,-0.8971,0.1896,True
0.145,0.6797,PS,714,LT,#8,-,-0.5945,1.465,True
0.145,0.6797,PE,741,HT,#1,#6,-0.6918,0.3017,True
0.15,0.6797,PET,82,HT,#8,#6,-0.3531,1.5695,True
0.15,0.6797,PP,223,HT,#1,#6,-0.6431,0.5702,True
0.15,0.6797,PVC,540,HT,#8,#6,-0.9064,0.1896,True
0.15,0.6797,PS,714,LT,#8,-,-0.6111,1.465,True
0.15,0.6797,PE,741,HT,#1,#6,-0.7132,0.3017,True
0.155,0.6797,PET,82,HT,#8,#6,-0.3594,1.5695,True
0.155,0.6797,PP,223,HT,#1,#6,-0.6617,0.5702,True
0.155,0.6797,PVC,540,HT,#8,#6,-0.9158,0.1896,True
0.155,0.6797,PS,714,LT,#8,-,-0.6277,1.465,True
0.155,0.6797,PE,741,HT,#1,#6,-0.7346,0.3017,True
0.16,0.6797,PET,82,HT,#8,#6,-0.3657,1.5695,True
0.16,0.6797,PP,223,HT,#1,#6,-0.6803,0.5702,True
0.16,0.6797,PVC,540,HT,#8,#6,-0.9251,0.1896,True
0.16,0.6797,PS,714,LT,#8,-,-0.6442,1.465,True
0.16,0.6797,PE,741,HT,#1,#6,-0.756,0.3017,True
0.165,0.6797,PET,82,HT,#8,#6,-0.372,1.5695,True
0.165,0.6797,PP,223,HT,#1,#6,-0.6989,0.5702,True
0.165,0.6797,PVC,540,HT,#8,#6,-0.9344,0.1896,True
0.165,0.6797,PS,714,LT,#8,-,-0.6608,1.465,True
0.165,0.6797,PE,741,HT,#1,#6,-0.7774,0.3017,True
0.17,0.6797,PET,82,HT,#8,#6,-0.3782,1.5695,True
0.17,0.6797,PP,223,HT,#1,#6,-0.7176,0.5702,True
0.17,0.6797,PVC,540,HT,#8,#6,-0.9437,0.1896,True
0.17,0.6797,PS,714,LT,#8,-,-0.6774,1.465,True
0.17,0.6797,PE,741,HT,#1,#6,-0.7988,0.3017,True
0.175,0.6797,PET,82,HT,#8,#6,-0.3845,1.5695,True
0.175,0.6797,PP,223,HT,#1,#6,-0.7362,0.5702,True
0.175,0.6797,PVC,540,HT,#8,#6,-0.953,0.1896,True
0.175,0.6797,PS,714,LT,#8,-,-0.694,1.465,True
0.175,0.6797,PE,741,HT,#1,#6,-0.8202,0.3017,True
0.18,0.6797,PET,82,HT,#8,#6,-0.3908,1.5695,True
0.18,0.6797,PP,223,HT,#1,#6,-0.7548,0.5702,True
0.18,0.6797,PVC,540,HT,#8,#6,-0.9624,0.1896,True
0.18,0.6797,PS,714,LT,#8,-,-0.7105,1.465,True
0.18,0.6797,PE,741,HT,#1,#6,-0.8416,0.3017,True
0.185,0.6797,PET,82,HT,#8,#6,-0.3971,1.5695,True
0.185,0.6797,PP,223,HT,#1,#6,-0.7734,0.5702,True
0.185,0.6797,PVC,540,HT,#8,#6,-0.9717,0.1896,True
0.185,0.6797,PS,714,LT,#8,-,-0.7271,1.465,True
0.185,0.6797,PE,741,HT,#1,#6,-0.863,0.3017,True
0.19,0.6797,PET,82,HT,#8,#6,-0.4034,1.5695,True
0.19,0.6797,PP,223,HT,#1,#6,-0.792,0.5702,True
0.19,0.6797,PVC,540,HT,#8,#6,-0.981,0.1896,True
0.19,0.6797,PS,714,LT,#8,-,-0.7437,1.465,True
0.19,0.6797,PE,741,HT,#1,#6,-0.8845,0.3017,True
0.195,0.6797,PET,82,HT,#8,#6,-0.4097,1.5695,True
0.195,0.6797,PP,223,HT,#1,#6,-0.8107,0.5702,True
0.195,0.6797,PVC,540,HT,#8,#6,-0.9903,0.1896,True
0.195,0.6797,PS,714,LT,#8,-,-0.7602,1.465,True
0.195,0.6797,PE,741,HT,#1,#6,-0.9059,0.3017,True
0.2,0.6797,PET,82,HT,#8,#6,-0.416,1.5695,True
0.2,0.6797,PP,223,HT,#1,#6,-0.8293,0.5702,True
0.2,0.6797,PVC,540,HT,#8,#6,-0.9997,0.1896,True
0.2,0.6797,PS,714,LT,#8,-,-0.7768,1.465,True
0.2,0.6797,PE,741,HT,#1,#6,-0.9273,0.3017,True
0.04,0.7038,PET,82,HT,#8,#6,-0.2146,1.5269,True
0.04,0.7038,PP,223,HT,#1,#6,-0.2334,0.4843,True
0.04,0.7038,PVC,540,HT,#8,#6,-0.7013,0.1458,True
0.04,0.7038,PS,714,LT,#8,-,-0.2465,1.3766,True
0.04,0.7038,PE,741,HT,#1,#6,-0.2422,0.2011,True
0.045,0.7038,PET,82,HT,#8,#6,-0.2209,1.5269,True
0.045,0.7038,PP,223,HT,#1,#6,-0.252,0.4843,True
0.045,0.7038,PVC,540,HT,#8,#6,-0.7106,0.1458,True
0.045,0.7038,PS,714,LT,#8,-,-0.2631,1.3766,True
0.045,0.7038,PE,741,HT,#1,#6,-0.2636,0.2011,True
0.05,0.7038,PET,82,HT,#8,#6,-0.2272,1.5269,True
0.05,0.7038,PP,223,HT,#1,#6,-0.2706,0.4843,True
0.05,0.7038,PVC,540,HT,#8,#6,-0.7199,0.1458,True
0.05,0.7038,PS,714,LT,#8,-,-0.2797,1.3766,True
0.05,0.7038,PE,741,HT,#1,#6,-0.285,0.2011,True
0.055,0.7038,PET,82,HT,#8,#6,-0.2335,1.5269,True
0.055,0.7038,PP,223,HT,#1,#6,-0.2892,0.4843,True
0.055,0.7038,PVC,540,HT,#8,#6,-0.7293,0.1458,True
0.055,0.7038,PS,714,LT,#8,-,-0.2962,1.3766,True
0.055,0.7038,PE,741,HT,#1,#6,-0.3064,0.2011,True
0.06,0.7038,PET,82,HT,#8,#6,-0.2398,1.5269,True
0.06,0.7038,PP,223,HT,#1,#6,-0.3079,0.4843,True
0.06,0.7038,PVC,540,HT,#8,#6,-0.7386,0.1458,True
0.06,0.7038,PS,714,LT,#8,-,-0.3128,1.3766,True
0.06,0.7038,PE,741,HT,#1,#6,-0.3278,0.2011,True
0.065,0.7038,PET,82,HT,#8,#6,-0.2461,1.5269,True
0.065,0.7038,PP,223,HT,#1,#6,-0.3265,0.4843,True
0.065,0.7038,PVC,540,HT,#8,#6,-0.7479,0.1458,True
0.065,0.7038,PS,714,LT,#8,-,-0.3294,1.3766,True
0.065,0.7038,PE,741,HT,#1,#6,-0.3492,0.2011,True
0.07,0.7038,PET,82,HT,#8,#6,-0.2524,1.5269,True
0.07,0.7038,PP,223,HT,#1,#6,-0.3451,0.4843,True
0.07,0.7038,PVC,540,HT,#8,#6,-0.7572,0.1458,True
0.07,0.7038,PS,714,LT,#8,-,-0.346,1.3766,True
0.07,0.7038,PE,741,HT,#1,#6,-0.3706,0.2011,True
0.075,0.7038,PET,82,HT,#8,#6,-0.2587,1.5269,True
0.075,0.7038,PP,223,HT,#1,#6,-0.3637,0.4843,True
0.075,0.7038,PVC,540,HT,#8,#6,-0.7666,0.1458,True
0.075,0.7038,PS,714,LT,#8,-,-0.3625,1.3766,True
0.075,0.7038,PE,741,HT,#1,#6,-0.392,0.2011,True
0.08,0.7038,PET,82,HT,#8,#6,-0.265,1.5269,True
0.08,0.7038,PP,223,HT,#1,#6,-0.3823,0.4843,True
0.08,0.7038,PVC,540,HT,#8,#6,-0.7759,0.1458,True
0.08,0.7038,PS,714,LT,#8,-,-0.3791,1.3766,True
0.08,0.7038,PE,741,HT,#1,#6,-0.4134,0.2011,True
0.085,0.7038,PET,82,HT,#8,#6,-0.2713,1.5269,True
0.085,0.7038,PP,223,HT,#1,#6,-0.401,0.4843,True
0.085,0.7038,PVC,540,HT,#8,#6,-0.7852,0.1458,True
0.085,0.7038,PS,714,LT,#8,-,-0.3957,1.3766,True
0.085,0.7038,PE,741,HT,#1,#6,-0.4348,0.2011,True
0.09,0.7038,PET,82,HT,#8,#6,-0.2776,1.5269,True
0.09,0.7038,PP,223,HT,#1,#6,-0.4196,0.4843,True
0.09,0.7038,PVC,540,HT,#8,#6,-0.7945,0.1458,True
0.09,0.7038,PS,714,LT,#8,-,-0.4122,1.3766,True
0.09,0.7038,PE,741,HT,#1,#6,-0.4563,0.2011,True
0.095,0.7038,PET,82,HT,#8,#6,-0.2838,1.5269,True
0.095,0.7038,PP,223,HT,#1,#6,-0.4382,0.4843,True
0.095,0.7038,PVC,540,HT,#8,#6,-0.8039,0.1458,True
0.095,0.7038,PS,714,LT,#8,-,-0.4288,1.3766,True
0.095,0.7038,PE,741,HT,#1,#6,-0.4777,0.2011,True
0.1,0.7038,PET,82,HT,#8,#6,-0.2901,1.5269,True
0.1,0.7038,PP,223,HT,#1,#6,-0.4568,0.4843,True
0.1,0.7038,PVC,540,HT,#8,#6,-0.8132,0.1458,True
0.1,0.7038,PS,714,LT,#8,-,-0.4454,1.3766,True
0.1,0.7038,PE,741,HT,#1,#6,-0.4991,0.2011,True
0.105,0.7038,PET,82,HT,#8,#6,-0.2964,1.5269,True
0.105,0.7038,PP,223,HT,#1,#6,-0.4755,0.4843,True
0.105,0.7038,PVC,540,HT,#8,#6,-0.8225,0.1458,True
0.105,0.7038,PS,714,LT,#8,-,-0.462,1.3766,True
0.105,0.7038,PE,741,HT,#1,#6,-0.5205,0.2011,True
0.11,0.7038,PET,82,HT,#8,#6,-0.3027,1.5269,True
0.11,0.7038,PP,223,HT,#1,#6,-0.4941,0.4843,True
0.11,0.7038,PVC,540,HT,#8,#6,-0.8318,0.1458,True
0.11,0.7038,PS,714,LT,#8,-,-0.4785,1.3766,True
0.11,0.7038,PE,741,HT,#1,#6,-0.5419,0.2011,True
0.115,0.7038,PET,82,HT,#8,#6,-0.309,1.5269,True
0.115,0.7038,PP,223,HT,#1,#6,-0.5127,0.4843,True
0.115,0.7038,PVC,540,HT,#8,#6,-0.8412,0.1458,True
0.115,0.7038,PS,714,LT,#8,-,-0.4951,1.3766,True
0.115,0.7038,PE,741,HT,#1,#6,-0.5633,0.2011,True
0.12,0.7038,PET,82,HT,#8,#6,-0.3153,1.5269,True
0.12,0.7038,PP,223,HT,#1,#6,-0.5313,0.4843,True
0.12,0.7038,PVC,540,HT,#8,#6,-0.8505,0.1458,True
0.12,0.7038,PS,714,LT,#8,-,-0.5117,1.3766,True
0.12,0.7038,PE,741,HT,#1,#6,-0.5847,0.2011,True
0.125,0.7038,PET,82,HT,#8,#6,-0.3216,1.5269,True
0.125,0.7038,PP,223,HT,#1,#6,-0.55,0.4843,True
0.125,0.7038,PVC,540,HT,#8,#6,-0.8598,0.1458,True
0.125,0.7038,PS,714,LT,#8,-,-0.5282,1.3766,True
0.125,0.7038,PE,741,HT,#1,#6,-0.6061,0.2011,True
0.13,0.7038,PET,82,HT,#8,#6,-0.3279,1.5269,True
0.13,0.7038,PP,223,HT,#1,#6,-0.5686,0.4843,True
0.13,0.7038,PVC,540,HT,#8,#6,-0.8691,0.1458,True
0.13,0.7038,PS,714,LT,#8,-,-0.5448,1.3766,True
0.13,0.7038,PE,741,HT,#1,#6,-0.6275,0.2011,True
0.135,0.7038,PET,82,HT,#8,#6,-0.3342,1.5269,True
0.135,0.7038,PP,223,HT,#1,#6,-0.5872,0.4843,True
0.135,0.7038,PVC,540,HT,#8,#6,-0.8785,0.1458,True
0.135,0.7038,PS,714,LT,#8,-,-0.5614,1.3766,True
0.135,0.7038,PE,741,HT,#1,#6,-0.6489,0.2011,True
0.14,0.7038,PET,82,HT,#8,#6,-0.3405,1.5269,True
0.14,0.7038,PP,223,HT,#1,#6,-0.6058,0.4843,True
0.14,0.7038,PVC,540,HT,#8,#6,-0.8878,0.1458,True
0.14,0.7038,PS,714,LT,#8,-,-0.578,1.3766,True
0.14,0.7038,PE,741,HT,#1,#6,-0.6704,0.2011,True
0.145,0.7038,PET,82,HT,#8,#6,-0.3468,1.5269,True
0.145,0.7038,PP,223,HT,#1,#6,-0.6244,0.4843,True
0.145,0.7038,PVC,540,HT,#8,#6,-0.8971,0.1458,True
0.145,0.7038,PS,714,LT,#8,-,-0.5945,1.3766,True
0.145,0.7038,PE,741,HT,#1,#6,-0.6918,0.2011,True
0.15,0.7038,PET,82,HT,#8,#6,-0.3531,1.5269,True
0.15,0.7038,PP,223,HT,#1,#6,-0.6431,0.4843,True
0.15,0.7038,PVC,540,HT,#8,#6,-0.9064,0.1458,True
0.15,0.7038,PS,714,LT,#8,-,-0.6111,1.3766,True
0.15,0.7038,PE,741,HT,#1,#6,-0.7132,0.2011,True
0.155,0.7038,PET,82,HT,#8,#6,-0.3594,1.5269,True
0.155,0.7038,PP,223,HT,#1,#6,-0.6617,0.4843,True
0.155,0.7038,PVC,540,HT,#8,#6,-0.9158,0.1458,True
0.155,0.7038,PS,714,LT,#8,-,-0.6277,1.3766,True
0.155,0.7038,PE,741,HT,#1,#6,-0.7346,0.2011,True
0.16,0.7038,PET,82,HT,#8,#6,-0.3657,1.5269,True
0.16,0.7038,PP,223,HT,#1,#6,-0.6803,0.4843,True
0.16,0.7038,PVC,540,HT,#8,#6,-0.9251,0.1458,True
0.16,0.7038,PS,714,LT,#8,-,-0.6442,1.3766,True
0.16,0.7038,PE,741,HT,#1,#6,-0.756,0.2011,True
0.165,0.7038,PET,82,HT,#8,#6,-0.372,1.5269,True
0.165,0.7038,PP,223,HT,#1,#6,-0.6989,0.4843,True
0.165,0.7038,PVC,540,HT,#8,#6,-0.9344,0.1458,True
0.165,0.7038,PS,714,LT,#8,-,-0.6608,1.3766,True
0.165,0.7038,PE,741,HT,#1,#6,-0.7774,0.2011,True
0.17,0.7038,PET,82,HT,#8,#6,-0.3782,1.5269,True
0.17,0.7038,PP,223,HT,#1,#6,-0.7176,0.4843,True
0.17,0.7038,PVC,540,HT,#8,#6,-0.9437,0.1458,True
0.17,0.7038,PS,714,LT,#8,-,-0.6774,1.3766,True
0.17,0.7038,PE,741,HT,#1,#6,-0.7988,0.2011,True
0.175,0.7038,PET,82,HT,#8,#6,-0.3845,1.5269,True
0.175,0.7038,PP,223,HT,#1,#6,-0.7362,0.4843,True
0.175,0.7038,PVC,540,HT,#8,#6,-0.953,0.1458,True
0.175,0.7038,PS,714,LT,#8,-,-0.694,1.3766,True
0.175,0.7038,PE,741,HT,#1,#6,-0.8202,0.2011,True
0.18,0.7038,PET,82,HT,#8,#6,-0.3908,1.5269,True
0.18,0.7038,PP,223,HT,#1,#6,-0.7548,0.4843,True
0.18,0.7038,PVC,540,HT,#8,#6,-0.9624,0.1458,True
0.18,0.7038,PS,714,LT,#8,-,-0.7105,1.3766,True
0.18,0.7038,PE,741,HT,#1,#6,-0.8416,0.2011,True
0.185,0.7038,PET,82,HT,#8,#6,-0.3971,1.5269,True
0.185,0.7038,PP,223,HT,#1,#6,-0.7734,0.4843,True
0.185,0.7038,PVC,540,HT,#8,#6,-0.9717,0.1458,True
0.185,0.7038,PS,714,LT,#8,-,-0.7271,1.3766,True
0.185,0.7038,PE,741,HT,#1,#6,-0.863,0.2011,True
0.19,0.7038,PET,82,HT,#8,#6,-0.4034,1.5269,True
0.19,0.7038,PP,223,HT,#1,#6,-0.792,0.4843,True
0.19,0.7038,PVC,540,HT,#8,#6,-0.981,0.1458,True
0.19,0.7038,PS,714,LT,#8,-,-0.7437,1.3766,True
0.19,0.7038,PE,741,HT,#1,#6,-0.8845,0.2011,True
0.195,0.7038,PET,82,HT,#8,#6,-0.4097,1.5269,True
0.195,0.7038,PP,223,HT,#1,#6,-0.8107,0.4843,True
0.195,0.7038,PVC,540,HT,#8,#6,-0.9903,0.1458,True
0.195,0.7038,PS,714,LT,#8,-,-0.7602,1.3766,True
0.195,0.7038,PE,741,HT,#1,#6,-0.9059,0.2011,True
0.2,0.7038,PET,82,HT,#8,#6,-0.416,1.5269,True
0.2,0.7038,PP,223,HT,#1,#6,-0.8293,0.4843,True
0.2,0.7038,PVC,540,HT,#8,#6,-0.9997,0.1458,True
0.2,0.7038,PS,714,LT,#8,-,-0.7768,1.3766,True
0.2,0.7038,PE,741,HT,#1,#6,-0.9273,0.2011,True
0.04,0.7278,PET,82,HT,#8,#6,-0.2146,1.4843,True
0.04,0.7278,PP,223,HT,#1,#6,-0.2334,0.3985,True
0.04,0.7278,PVC,540,HT,#8,#6,-0.7013,0.1019,True
0.04,0.7278,PS,714,LT,#8,-,-0.2465,1.2883,True
0.04,0.7278,PE,741,HT,#1,#6,-0.2422,0.1005,True
0.045,0.7278,PET,82,HT,#8,#6,-0.2209,1.4843,True
0.045,0.7278,PP,223,HT,#1,#6,-0.252,0.3985,True
0.045,0.7278,PVC,540,HT,#8,#6,-0.7106,0.1019,True
0.045,0.7278,PS,714,LT,#8,-,-0.2631,1.2883,True
0.045,0.7278,PE,741,HT,#1,#6,-0.2636,0.1005,True
0.05,0.7278,PET,82,HT,#8,#6,-0.2272,1.4843,True
0.05,0.7278,PP,223,HT,#1,#6,-0.2706,0.3985,True
0.05,0.7278,PVC,540,HT,#8,#6,-0.7199,0.1019,True
0.05,0.7278,PS,714,LT,#8,-,-0.2797,1.2883,True
0.05,0.7278,PE,741,HT,#1,#6,-0.285,0.1005,True
0.055,0.7278,PET,82,HT,#8,#6,-0.2335,1.4843,True
0.055,0.7278,PP,223,HT,#1,#6,-0.2892,0.3985,True
0.055,0.7278,PVC,540,HT,#8,#6,-0.7293,0.1019,True
0.055,0.7278,PS,714,LT,#8,-,-0.2962,1.2883,True
0.055,0.7278,PE,741,HT,#1,#6,-0.3064,0.1005,True
0.06,0.7278,PET,82,HT,#8,#6,-0.2398,1.4843,True
0.06,0.7278,PP,223,HT,#1,#6,-0.3079,0.3985,True
0.06,0.7278,PVC,540,HT,#8,#6,-0.7386,0.1019,True
0.06,0.7278,PS,714,LT,#8,-,-0.3128,1.2883,True
0.06,0.7278,PE,741,HT,#1,#6,-0.3278,0.1005,True
0.065,0.7278,PET,82,HT,#8,#6,-0.2461,1.4843,True
0.065,0.7278,PP,223,HT,#1,#6,-0.3265,0.3985,True
0.065,0.7278,PVC,540,HT,#8,#6,-0.7479,0.1019,True
0.065,0.7278,PS,714,LT,#8,-,-0.3294,1.2883,True
0.065,0.7278,PE,741,HT,#1,#6,-0.3492,0.1005,True
0.07,0.7278,PET,82,HT,#8,#6,-0.2524,1.4843,True
0.07,0.7278,PP,223,HT,#1,#6,-0.3451,0.3985,True
0.07,0.7278,PVC,540,HT,#8,#6,-0.7572,0.1019,True
0.07,0.7278,PS,714,LT,#8,-,-0.346,1.2883,True
0.07,0.7278,PE,741,HT,#1,#6,-0.3706,0.1005,True
0.075,0.7278,PET,82,HT,#8,#6,-0.2587,1.4843,True
0.075,0.7278,PP,223,HT,#1,#6,-0.3637,0.3985,True
0.075,0.7278,PVC,540,HT,#8,#6,-0.7666,0.1019,True
0.075,0.7278,PS,714,LT,#8,-,-0.3625,1.2883,True
0.075,0.7278,PE,741,HT,#1,#6,-0.392,0.1005,True
0.08,0.7278,PET,82,HT,#8,#6,-0.265,1.4843,True
0.08,0.7278,PP,223,HT,#1,#6,-0.3823,0.3985,True
0.08,0.7278,PVC,540,HT,#8,#6,-0.7759,0.1019,True
0.08,0.7278,PS,714,LT,#8,-,-0.3791,1.2883,True
0.08,0.7278,PE,741,HT,#1,#6,-0.4134,0.1005,True
0.085,0.7278,PET,82,HT,#8,#6,-0.2713,1.4843,True
0.085,0.7278,PP,223,HT,#1,#6,-0.401,0.3985,True
0.085,0.7278,PVC,540,HT,#8,#6,-0.7852,0.1019,True
0.085,0.7278,PS,714,LT,#8,-,-0.3957,1.2883,True
0.085,0.7278,PE,741,HT,#1,#6,-0.4348,0.1005,True
0.09,0.7278,PET,82,HT,#8,#6,-0.2776,1.4843,True
0.09,0.7278,PP,223,HT,#1,#6,-0.4196,0.3985,True
0.09,0.7278,PVC,540,HT,#8,#6,-0.7945,0.1019,True
0.09,0.7278,PS,714,LT,#8,-,-0.4122,1.2883,True
0.09,0.7278,PE,741,HT,#1,#6,-0.4563,0.1005,True
0.095,0.7278,PET,82,HT,#8,#6,-0.2838,1.4843,True
0.095,0.7278,PP,223,HT,#1,#6,-0.4382,0.3985,True
0.095,0.7278,PVC,540,HT,#8,#6,-0.8039,0.1019,True
0.095,0.7278,PS,714,LT,#8,-,-0.4288,1.2883,True
0.095,0.7278,PE,741,HT,#1,#6,-0.4777,0.1005,True
0.1,0.7278,PET,82,HT,#8,#6,-0.2901,1.4843,True
0.1,0.7278,PP,223,HT,#1,#6,-0.4568,0.3985,True
0.1,0.7278,PVC,540,HT,#8,#6,-0.8132,0.1019,True
0.1,0.7278,PS,714,LT,#8,-,-0.4454,1.2883,True
0.1,0.7278,PE,741,HT,#1,#6,-0.4991,0.1005,True
0.105,0.7278,PET,82,HT,#8,#6,-0.2964,1.4843,True
0.105,0.7278,PP,223,HT,#1,#6,-0.4755,0.3985,True
0.105,0.7278,PVC,540,HT,#8,#6,-0.8225,0.1019,True
0.105,0.7278,PS,714,LT,#8,-,-0.462,1.2883,True
0.105,0.7278,PE,741,HT,#1,#6,-0.5205,0.1005,True
0.11,0.7278,PET,82,HT,#8,#6,-0.3027,1.4843,True
0.11,0.7278,PP,223,HT,#1,#6,-0.4941,0.3985,True
0.11,0.7278,PVC,540,HT,#8,#6,-0.8318,0.1019,True
0.11,0.7278,PS,714,LT,#8,-,-0.4785,1.2883,True
0.11,0.7278,PE,741,HT,#1,#6,-0.5419,0.1005,True
0.115,0.7278,PET,82,HT,#8,#6,-0.309,1.4843,True
0.115,0.7278,PP,223,HT,#1,#6,-0.5127,0.3985,True
0.115,0.7278,PVC,540,HT,#8,#6,-0.8412,0.1019,True
0.115,0.7278,PS,714,LT,#8,-,-0.4951,1.2883,True
0.115,0.7278,PE,741,HT,#1,#6,-0.5633,0.1005,True
0.12,0.7278,PET,82,HT,#8,#6,-0.3153,1.4843,True
0.12,0.7278,PP,223,HT,#1,#6,-0.5313,0.3985,True
0.12,0.7278,PVC,540,HT,#8,#6,-0.8505,0.1019,True
0.12,0.7278,PS,714,LT,#8,-,-0.5117,1.2883,True
0.12,0.7278,PE,741,HT,#1,#6,-0.5847,0.1005,True
0.125,0.7278,PET,82,HT,#8,#6,-0.3216,1.4843,True
0.125,0.7278,PP,223,HT,#1,#6,-0.55,0.3985,True
0.125,0.7278,PVC,540,HT,#8,#6,-0.8598,0.1019,True
0.125,0.7278,PS,714,LT,#8,-,-0.5282,1.2883,True
0.125,0.7278,PE,741,HT,#1,#6,-0.6061,0.1005,True
0.13,0.7278,PET,82,HT,#8,#6,-0.3279,1.4843,True
0.13,0.7278,PP,223,HT,#1,#6,-0.5686,0.3985,True
0.13,0.7278,PVC,540,HT,#8,#6,-0.8691,0.1019,True
0.13,0.7278,PS,714,LT,#8,-,-0.5448,1.2883,True
0.13,0.7278,PE,741,HT,#1,#6,-0.6275,0.1005,True
0.135,0.7278,PET,82,HT,#8,#6,-0.3342,1.4843,True
0.135,0.7278,PP,223,HT,#1,#6,-0.5872,0.3985,True
0.135,0.7278,PVC,540,HT,#8,#6,-0.8785,0.1019,True
0.135,0.7278,PS,714,LT,#8,-,-0.5614,1.2883,True
0.135,0.7278,PE,741,HT,#1,#6,-0.6489,0.1005,True
0.14,0.7278,PET,82,HT,#8,#6,-0.3405,1.4843,True
0.14,0.7278,PP,223,HT,#1,#6,-0.6058,0.3985,True
0.14,0.7278,PVC,540,HT,#8,#6,-0.8878,0.1019,True
0.14,0.7278,PS,714,LT,#8,-,-0.578,1.2883,True
0.14,0.7278,PE,741,HT,#1,#6,-0.6704,0.1005,True
0.145,0.7278,PET,82,HT,#8,#6,-0.3468,1.4843,True
0.145,0.7278,PP,223,HT,#1,#6,-0.6244,0.3985,True
0.145,0.7278,PVC,540,HT,#8,#6,-0.8971,0.1019,True
0.145,0.7278,PS,714,LT,#8,-,-0.5945,1.2883,True
0.145,0.7278,PE,741,HT,#1,#6,-0.6918,0.1005,True
0.15,0.7278,PET,82,HT,#8,#6,-0.3531,1.4843,True
0.15,0.7278,PP,223,HT,#1,#6,-0.6431,0.3985,True
0.15,0.7278,PVC,540,HT,#8,#6,-0.9064,0.1019,True
0.15,0.7278,PS,714,LT,#8,-,-0.6111,1.2883,True
0.15,0.7278,PE,741,HT,#1,#6,-0.7132,0.1005,True
0.155,0.7278,PET,82,HT,#8,#6,-0.3594,1.4843,True
0.155,0.7278,PP,223,HT,#1,#6,-0.6617,0.3985,True
0.155,0.7278,PVC,540,HT,#8,#6,-0.9158,0.1019,True
0.155,0.7278,PS,714,LT,#8,-,-0.6277,1.2883,True
0.155,0.7278,PE,741,HT,#1,#6,-0.7346,0.1005,True
0.16,0.7278,PET,82,HT,#8,#6,-0.3657,1.4843,True
0.16,0.7278,PP,223,HT,#1,#6,-0.6803,0.3985,True
0.16,0.7278,PVC,540,HT,#8,#6,-0.9251,0.1019,True
0.16,0.7278,PS,714,LT,#8,-,-0.6442,1.2883,True
0.16,0.7278,PE,741,HT,#1,#6,-0.756,0.1005,True
0.165,0.7278,PET,82,HT,#8,#6,-0.372,1.4843,True
0.165,0.7278,PP,223,HT,#1,#6,-0.6989,0.3985,True
0.165,0.7278,PVC,540,HT,#8,#6,-0.9344,0.1019,True
0.165,0.7278,PS,714,LT,#8,-,-0.6608,1.2883,True
0.165,0.7278,PE,741,HT,#1,#6,-0.7774,0.1005,True
0.17,0.7278,PET,82,HT,#8,#6,-0.3782,1.4843,True
0.17,0.7278,PP,223,HT,#1,#6,-0.7176,0.3985,True
0.17,0.7278,PVC,540,HT,#8,#6,-0.9437,0.1019,True
0.17,0.7278,PS,714,LT,#8,-,-0.6774,1.2883,True
0.17,0.7278,PE,741,HT,#1,#6,-0.7988,0.1005,True
0.175,0.7278,PET,82,HT,#8,#6,-0.3845,1.4843,True
0.175,0.7278,PP,223,HT,#1,#6,-0.7362,0.3985,True
0.175,0.7278,PVC,540,HT,#8,#6,-0.953,0.1019,True
0.175,0.7278,PS,714,LT,#8,-,-0.694,1.2883,True
0.175,0.7278,PE,741,HT,#1,#6,-0.8202,0.1005,True
0.18,0.7278,PET,82,HT,#8,#6,-0.3908,1.4843,True
0.18,0.7278,PP,223,HT,#1,#6,-0.7548,0.3985,True
0.18,0.7278,PVC,540,HT,#8,#6,-0.9624,0.1019,True
0.18,0.7278,PS,714,LT,#8,-,-0.7105,1.2883,True
0.18,0.7278,PE,741,HT,#1,#6,-0.8416,0.1005,True
0.185,0.7278,PET,82,HT,#8,#6,-0.3971,1.4843,True
0.185,0.7278,PP,223,HT,#1,#6,-0.7734,0.3985,True
0.185,0.7278,PVC,540,HT,#8,#6,-0.9717,0.1019,True
0.185,0.7278,PS,714,LT,#8,-,-0.7271,1.2883,True
0.185,0.7278,PE,741,HT,#1,#6,-0.863,0.1005,True
0.19,0.7278,PET,82,HT,#8,#6,-0.4034,1.4843,True
0.19,0.7278,PP,223,HT,#1,#6,-0.792,0.3985,True
0.19,0.7278,PVC,540,HT,#8,#6,-0.981,0.1019,True
0.19,0.7278,PS,714,LT,#8,-,-0.7437,1.2883,True
0.19,0.7278,PE,741,HT,#1,#6,-0.8845,0.1005,True
0.195,0.7278,PET,82,HT,#8,#6,-0.4097,1.4843,True
0.195,0.7278,PP,223,HT,#1,#6,-0.8107,0.3985,True
0.195,0.7278,PVC,540,HT,#8,#6,-0.9903,0.1019,True
0.195,0.7278,PS,714,LT,#8,-,-0.7602,1.2883,True
0.195,0.7278,PE,741,HT,#1,#6,-0.9059,0.1005,True
0.2,0.7278,PET,82,HT,#8,#6,-0.416,1.4843,True
0.2,0.7278,PP,223,HT,#1,#6,-0.8293,0.3985,True
0.2,0.7278,PVC,540,HT,#8,#6,-0.9997,0.1019,True
0.2,0.7278,PS,714,LT,#8,-,-0.7768,1.2883,True
0.2,0.7278,PE,741,HT,#1,#6,-0.9273,0.1005,True
0.04,0.7519,PET,82,HT,#8,#6,-0.2146,1.4417,True
0.04,0.7519,PP,223,HT,#1,#6,-0.2334,0.3127,True
0.04,0.7519,PVC,540,HT,#8,#6,-0.7013,0.058,True
0.04,0.7519,PS,714,LT,#8,-,-0.2465,1.2,True
0.04,0.7519,PE,818,HT,#8,#6,-0.5047,0.3555,True
0.045,0.7519,PET,82,HT,#8,#6,-0.2209,1.4417,True
0.045,0.7519,PP,223,HT,#1,#6,-0.252,0.3127,True
0.045,0.7519,PVC,540,HT,#8,#6,-0.7106,0.058,True
0.045,0.7519,PS,714,LT,#8,-,-0.2631,1.2,True
0.045,0.7519,PE,818,HT,#8,#6,-0.5223,0.3555,True
0.05,0.7519,PET,82,HT,#8,#6,-0.2272,1.4417,True
0.05,0.7519,PP,223,HT,#1,#6,-0.2706,0.3127,True
0.05,0.7519,PVC,540,HT,#8,#6,-0.7199,0.058,True
0.05,0.7519,PS,714,LT,#8,-,-0.2797,1.2,True
0.05,0.7519,PE,818,HT,#8,#6,-0.5398,0.3555,True
0.055,0.7519,PET,82,HT,#8,#6,-0.2335,1.4417,True
0.055,0.7519,PP,223,HT,#1,#6,-0.2892,0.3127,True
0.055,0.7519,PVC,540,HT,#8,#6,-0.7293,0.058,True
0.055,0.7519,PS,714,LT,#8,-,-0.2962,1.2,True
0.055,0.7519,PE,818,HT,#8,#6,-0.5574,0.3555,True
0.06,0.7519,PET,82,HT,#8,#6,-0.2398,1.4417,True
0.06,0.7519,PP,223,HT,#1,#6,-0.3079,0.3127,True
0.06,0.7519,PVC,540,HT,#8,#6,-0.7386,0.058,True
0.06,0.7519,PS,714,LT,#8,-,-0.3128,1.2,True
0.06,0.7519,PE,818,HT,#8,#6,-0.575,0.3555,True
0.065,0.7519,PET,82,HT,#8,#6,-0.2461,1.4417,True
0.065,0.7519,PP,223,HT,#1,#6,-0.3265,0.3127,True
0.065,0.7519,PVC,540,HT,#8,#6,-0.7479,0.058,True
0.065,0.7519,PS,714,LT,#8,-,-0.3294,1.2,True
0.065,0.7519,PE,818,HT,#8,#6,-0.5926,0.3555,True
0.07,0.7519,PET,82,HT,#8,#6,-0.2524,1.4417,True
0.07,0.7519,PP,223,HT,#1,#6,-0.3451,0.3127,True
0.07,0.7519,PVC,540,HT,#8,#6,-0.7572,0.058,True
0.07,0.7519,PS,714,LT,#8,-,-0.346,1.2,True
0.07,0.7519,PE,818,HT,#8,#6,-0.6102,0.3555,True
0.075,0.7519,PET,82,HT,#8,#6,-0.2587,1.4417,True
0.075,0.7519,PP,223,HT,#1,#6,-0.3637,0.3127,True
0.075,0.7519,PVC,540,HT,#8,#6,-0.7666,0.058,True
0.075,0.7519,PS,714,LT,#8,-,-0.3625,1.2,True
0.075,0.7519,PE,818,HT,#8,#6,-0.6278,0.3555,True
0.08,0.7519,PET,82,HT,#8,#6,-0.265,1.4417,True
0.08,0.7519,PP,223,HT,#1,#6,-0.3823,0.3127,True
0.08,0.7519,PVC,540,HT,#8,#6,-0.7759,0.058,True
0.08,0.7519,PS,714,LT,#8,-,-0.3791,1.2,True
0.08,0.7519,PE,818,HT,#8,#6,-0.6453,0.3555,True
0.085,0.7519,PET,82,HT,#8,#6,-0.2713,1.4417,True
0.085,0.7519,PP,223,HT,#1,#6,-0.401,0.3127,True
0.085,0.7519,PVC,540,HT,#8,#6,-0.7852,0.058,True
0.085,0.7519,PS,714,LT,#8,-,-0.3957,1.2,True
0.085,0.7519,PE,818,HT,#8,#6,-0.6629,0.3555,True
0.09,0.7519,PET,82,HT,#8,#6,-0.2776,1.4417,True
0.09,0.7519,PP,223,HT,#1,#6,-0.4196,0.3127,True
0.09,0.7519,PVC,540,HT,#8,#6,-0.7945,0.058,True
0.09,0.7519,PS,714,LT,#8,-,-0.4122,1.2,True
0.09,0.7519,PE,818,HT,#8,#6,-0.6805,0.3555,True
0.095,0.7519,PET,82,HT,#8,#6,-0.2838,1.4417,True
0.095,0.7519,PP,223,HT,#1,#6,-0.4382,0.3127,True
0.095,0.7519,PVC,540,HT,#8,#6,-0.8039,0.058,True
0.095,0.7519,PS,714,LT,#8,-,-0.4288,1.2,True
0.095,0.7519,PE,818,HT,#8,#6,-0.6981,0.3555,True
0.1,0.7519,PET,82,HT,#8,#6,-0.2901,1.4417,True
0.1,0.7519,PP,223,HT,#1,#6,-0.4568,0.3127,True
0.1,0.7519,PVC,540,HT,#8,#6,-0.8132,0.058,True
0.1,0.7519,PS,714,LT,#8,-,-0.4454,1.2,True
0.1,0.7519,PE,818,HT,#8,#6,-0.7157,0.3555,True
0.105,0.7519,PET,82,HT,#8,#6,-0.2964,1.4417,True
0.105,0.7519,PP,223,HT,#1,#6,-0.4755,0.3127,True
0.105,0.7519,PVC,540,HT,#8,#6,-0.8225,0.058,True
0.105,0.7519,PS,714,LT,#8,-,-0.462,1.2,True
0.105,0.7519,PE,818,HT,#8,#6,-0.7332,0.3555,True
0.11,0.7519,PET,82,HT,#8,#6,-0.3027,1.4417,True
0.11,0.7519,PP,223,HT,#1,#6,-0.4941,0.3127,True
0.11,0.7519,PVC,540,HT,#8,#6,-0.8318,0.058,True
0.11,0.7519,PS,714,LT,#8,-,-0.4785,1.2,True
0.11,0.7519,PE,818,HT,#8,#6,-0.7508,0.3555,True
0.115,0.7519,PET,82,HT,#8,#6,-0.309,1.4417,True
0.115,0.7519,PP,223,HT,#1,#6,-0.5127,0.3127,True
0.115,0.7519,PVC,540,HT,#8,#6,-0.8412,0.058,True
0.115,0.7519,PS,714,LT,#8,-,-0.4951,1.2,True
0.115,0.7519,PE,818,HT,#8,#6,-0.7684,0.3555,True
0.12,0.7519,PET,82,HT,#8,#6,-0.3153,1.4417,True
0.12,0.7519,PP,223,HT,#1,#6,-0.5313,0.3127,True
0.12,0.7519,PVC,540,HT,#8,#6,-0.8505,0.058,True
0.12,0.7519,PS,714,LT,#8,-,-0.5117,1.2,True
0.12,0.7519,PE,818,HT,#8,#6,-0.786,0.3555,True
0.125,0.7519,PET,82,HT,#8,#6,-0.3216,1.4417,True
0.125,0.7519,PP,223,HT,#1,#6,-0.55,0.3127,True
0.125,0.7519,PVC,540,HT,#8,#6,-0.8598,0.058,True
0.125,0.7519,PS,714,LT,#8,-,-0.5282,1.2,True
0.125,0.7519,PE,818,HT,#8,#6,-0.8036,0.3555,True
0.13,0.7519,PET,82,HT,#8,#6,-0.3279,1.4417,True
0.13,0.7519,PP,223,HT,#1,#6,-0.5686,0.3127,True
0.13,0.7519,PVC,540,HT,#8,#6,-0.8691,0.058,True
0.13,0.7519,PS,714,LT,#8,-,-0.5448,1.2,True
0.13,0.7519,PE,818,HT,#8,#6,-0.8212,0.3555,True
0.135,0.7519,PET,82,HT,#8,#6,-0.3342,1.4417,True
0.135,0.7519,PP,223,HT,#1,#6,-0.5872,0.3127,True
0.135,0.7519,PVC,540,HT,#8,#6,-0.8785,0.058,True
0.135,0.7519,PS,714,LT,#8,-,-0.5614,1.2,True
0.135,0.7519,PE,818,HT,#8,#6,-0.8387,0.3555,True
0.14,0.7519,PET,82,HT,#8,#6,-0.3405,1.4417,True
0.14,0.7519,PP,223,HT,#1,#6,-0.6058,0.3127,True
0.14,0.7519,PVC,540,HT,#8,#6,-0.8878,0.058,True
0.14,0.7519,PS,714,LT,#8,-,-0.578,1.2,True
0.14,0.7519,PE,818,HT,#8,#6,-0.8563,0.3555,True
0.145,0.7519,PET,82,HT,#8,#6,-0.3468,1.4417,True
0.145,0.7519,PP,223,HT,#1,#6,-0.6244,0.3127,True
0.145,0.7519,PVC,540,HT,#8,#6,-0.8971,0.058,True
0.145,0.7519,PS,714,LT,#8,-,-0.5945,1.2,True
0.145,0.7519,PE,818,HT,#8,#6,-0.8739,0.3555,True
0.15,0.7519,PET,82,HT,#8,#6,-0.3531,1.4417,True
0.15,0.7519,PP,223,HT,#1,#6,-0.6431,0.3127,True
0.15,0.7519,PVC,540,HT,#8,#6,-0.9064,0.058,True
0.15,0.7519,PS,714,LT,#8,-,-0.6111,1.2,True
0.15,0.7519,PE,818,HT,#8,#6,-0.8915,0.3555,True
0.155,0.7519,PET,82,HT,#8,#6,-0.3594,1.4417,True
0.155,0.7519,PP,223,HT,#1,#6,-0.6617,0.3127,True
0.155,0.7519,PVC,540,HT,#8,#6,-0.9158,0.058,True
0.155,0.7519,PS,714,LT,#8,-,-0.6277,1.2,True
0.155,0.7519,PE,818,HT,#8,#6,-0.9091,0.3555,True
0.16,0.7519,PET,82,HT,#8,#6,-0.3657,1.4417,True
0.16,0.7519,PP,223,HT,#1,#6,-0.6803,0.3127,True
0.16,0.7519,PVC,540,HT,#8,#6,-0.9251,0.058,True
0.16,0.7519,PS,714,LT,#8,-,-0.6442,1.2,True
0.16,0.7519,PE,818,HT,#8,#6,-0.9267,0.3555,True
0.165,0.7519,PET,82,HT,#8,#6,-0.372,1.4417,True
0.165,0.7519,PP,223,HT,#1,#6,-0.6989,0.3127,True
0.165,0.7519,PVC,540,HT,#8,#6,-0.9344,0.058,True
0.165,0.7519,PS,714,LT,#8,-,-0.6608,1.2,True
0.165,0.7519,PE,818,HT,#8,#6,-0.9442,0.3555,True
0.17,0.7519,PET,82,HT,#8,#6,-0.3782,1.4417,True
0.17,0.7519,PP,223,HT,#1,#6,-0.7176,0.3127,True
0.17,0.7519,PVC,540,HT,#8,#6,-0.9437,0.058,True
0.17,0.7519,PS,714,LT,#8,-,-0.6774,1.2,True
0.17,0.7519,PE,818,HT,#8,#6,-0.9618,0.3555,True
0.175,0.7519,PET,82,HT,#8,#6,-0.3845,1.4417,True
0.175,0.7519,PP,223,HT,#1,#6,-0.7362,0.3127,True
0.175,0.7519,PVC,540,HT,#8,#6,-0.953,0.058,True
0.175,0.7519,PS,714,LT,#8,-,-0.694,1.2,True
0.175,0.7519,PE,818,HT,#8,#6,-0.9794,0.3555,True
0.18,0.7519,PET,82,HT,#8,#6,-0.3908,1.4417,True
0.18,0.7519,PP,223,HT,#1,#6,-0.7548,0.3127,True
0.18,0.7519,PVC,540,HT,#8,#6,-0.9624,0.058,True
0.18,0.7519,PS,714,LT,#8,-,-0.7105,1.2,True
0.18,0.7519,PE,818,HT,#8,#6,-0.997,0.3555,True
0.185,0.7519,PET,82,HT,#8,#6,-0.3971,1.4417,True
0.185,0.7519,PP,223,HT,#1,#6,-0.7734,0.3127,True
0.185,0.7519,PVC,540,HT,#8,#6,-0.9717,0.058,True
0.185,0.7519,PS,714,LT,#8,-,-0.7271,1.2,True
0.185,0.7519,PE,818,HT,#8,#6,-1.0146,0.3555,True
0.19,0.7519,PET,82,HT,#8,#6,-0.4034,1.4417,True
0.19,0.7519,PP,223,HT,#1,#6,-0.792,0.3127,True
0.19,0.7519,PVC,540,HT,#8,#6,-0.981,0.058,True
0.19,0.7519,PS,714,LT,#8,-,-0.7437,1.2,True
0.19,0.7519,PE,818,HT,#8,#6,-1.0321,0.3555,True
0.195,0.7519,PET,82,HT,#8,#6,-0.4097,1.4417,True
0.195,0.7519,PP,223,HT,#1,#6,-0.8107,0.3127,True
0.195,0.7519,PVC,540,HT,#8,#6,-0.9903,0.058,True
0.195,0.7519,PS,714,LT,#8,-,-0.7602,1.2,True
0.195,0.7519,PE,818,HT,#8,#6,-1.0497,0.3555,True
0.2,0.7519,PET,82,HT,#8,#6,-0.416,1.4417,True
0.2,0.7519,PP,223,HT,#1,#6,-0.8293,0.3127,True
0.2,0.7519,PVC,540,HT,#8,#6,-0.9997,0.058,True
0.2,0.7519,PS,714,LT,#8,-,-0.7768,1.2,True
0.2,0.7519,PE,818,HT,#8,#6,-1.0673,0.3555,True
0.04,0.7759,PET,82,HT,#8,#6,-0.2146,1.3992,True
0.04,0.7759,PP,223,HT,#1,#6,-0.2334,0.2268,True
0.04,0.7759,PVC,540,HT,#8,#6,-0.7013,0.0141,True
0.04,0.7759,PS,714,LT,#8,-,-0.2465,1.1116,True
0.04,0.7759,PE,818,HT,#8,#6,-0.5047,0.2642,True
0.045,0.7759,PET,82,HT,#8,#6,-0.2209,1.3992,True
0.045,0.7759,PP,223,HT,#1,#6,-0.252,0.2268,True
0.045,0.7759,PVC,540,HT,#8,#6,-0.7106,0.0141,True
0.045,0.7759,PS,714,LT,#8,-,-0.2631,1.1116,True
0.045,0.7759,PE,818,HT,#8,#6,-0.5223,0.2642,True
0.05,0.7759,PET,82,HT,#8,#6,-0.2272,1.3992,True
0.05,0.7759,PP,223,HT,#1,#6,-0.2706,0.2268,True
0.05,0.7759,PVC,540,HT,#8,#6,-0.7199,0.0141,True
0.05,0.7759,PS,714,LT,#8,-,-0.2797,1.1116,True
0.05,0.7759,PE,818,HT,#8,#6,-0.5398,0.2642,True
0.055,0.7759,PET,82,HT,#8,#6,-0.2335,1.3992,True
0.055,0.7759,PP,223,HT,#1,#6,-0.2892,0.2268,True
0.055,0.7759,PVC,540,HT,#8,#6,-0.7293,0.0141,True
0.055,0.7759,PS,714,LT,#8,-,-0.2962,1.1116,True
0.055,0.7759,PE,818,HT,#8,#6,-0.5574,0.2642,True
0.06,0.7759,PET,82,HT,#8,#6,-0.2398,1.3992,True
0.06,0.7759,PP,223,HT,#1,#6,-0.3079,0.2268,True
0.06,0.7759,PVC,540,HT,#8,#6,-0.7386,0.0141,True
0.06,0.7759,PS,714,LT,#8,-,-0.3128,1.1116,True
0.06,0.7759,PE,818,HT,#8,#6,-0.575,0.2642,True
0.065,0.7759,PET,82,HT,#8,#6,-0.2461,1.3992,True
0.065,0.7759,PP,223,HT,#1,#6,-0.3265,0.2268,True
0.065,0.7759,PVC,540,HT,#8,#6,-0.7479,0.0141,True
0.065,0.7759,PS,714,LT,#8,-,-0.3294,1.1116,True
0.065,0.7759,PE,818,HT,#8,#6,-0.5926,0.2642,True
0.07,0.7759,PET,82,HT,#8,#6,-0.2524,1.3992,True
0.07,0.7759,PP,223,HT,#1,#6,-0.3451,0.2268,True
0.07,0.7759,PVC,540,HT,#8,#6,-0.7572,0.0141,True
0.07,0.7759,PS,714,LT,#8,-,-0.346,1.1116,True
0.07,0.7759,PE,818,HT,#8,#6,-0.6102,0.2642,True
0.075,0.7759,PET,82,HT,#8,#6,-0.2587,1.3992,True
0.075,0.7759,PP,223,HT,#1,#6,-0.3637,0.2268,True
0.075,0.7759,PVC,540,HT,#8,#6,-0.7666,0.0141,True
0.075,0.7759,PS,714,LT,#8,-,-0.3625,1.1116,True
0.075,0.7759,PE,818,HT,#8,#6,-0.6278,0.2642,True
0.08,0.7759,PET,82,HT,#8,#6,-0.265,1.3992,True
0.08,0.7759,PP,223,HT,#1,#6,-0.3823,0.2268,True
0.08,0.7759,PVC,540,HT,#8,#6,-0.7759,0.0141,True
0.08,0.7759,PS,714,LT,#8,-,-0.3791,1.1116,True
0.08,0.7759,PE,818,HT,#8,#6,-0.6453,0.2642,True
0.085,0.7759,PET,82,HT,#8,#6,-0.2713,1.3992,True
0.085,0.7759,PP,223,HT,#1,#6,-0.401,0.2268,True
0.085,0.7759,PVC,540,HT,#8,#6,-0.7852,0.0141,True
0.085,0.7759,PS,714,LT,#8,-,-0.3957,1.1116,True
0.085,0.7759,PE,818,HT,#8,#6,-0.6629,0.2642,True
0.09,0.7759,PET,82,HT,#8,#6,-0.2776,1.3992,True
0.09,0.7759,PP,223,HT,#1,#6,-0.4196,0.2268,True
0.09,0.7759,PVC,540,HT,#8,#6,-0.7945,0.0141,True
0.09,0.7759,PS,714,LT,#8,-,-0.4122,1.1116,True
0.09,0.7759,PE,818,HT,#8,#6,-0.6805,0.2642,True
0.095,0.7759,PET,82,HT,#8,#6,-0.2838,1.3992,True
0.095,0.7759,PP,223,HT,#1,#6,-0.4382,0.2268,True
0.095,0.7759,PVC,540,HT,#8,#6,-0.8039,0.0141,True
0.095,0.7759,PS,714,LT,#8,-,-0.4288,1.1116,True
0.095,0.7759,PE,818,HT,#8,#6,-0.6981,0.2642,True
0.1,0.7759,PET,82,HT,#8,#6,-0.2901,1.3992,True
0.1,0.7759,PP,223,HT,#1,#6,-0.4568,0.2268,True
0.1,0.7759,PVC,540,HT,#8,#6,-0.8132,0.0141,True
0.1,0.7759,PS,714,LT,#8,-,-0.4454,1.1116,True
0.1,0.7759,PE,818,HT,#8,#6,-0.7157,0.2642,True
0.105,0.7759,PET,82,HT,#8,#6,-0.2964,1.3992,True
0.105,0.7759,PP,223,HT,#1,#6,-0.4755,0.2268,True
0.105,0.7759,PVC,540,HT,#8,#6,-0.8225,0.0141,True
0.105,0.7759,PS,714,LT,#8,-,-0.462,1.1116,True
0.105,0.7759,PE,818,HT,#8,#6,-0.7332,0.2642,True
0.11,0.7759,PET,82,HT,#8,#6,-0.3027,1.3992,True
0.11,0.7759,PP,223,HT,#1,#6,-0.4941,0.2268,True
0.11,0.7759,PVC,540,HT,#8,#6,-0.8318,0.0141,True
0.11,0.7759,PS,714,LT,#8,-,-0.4785,1.1116,True
0.11,0.7759,PE,818,HT,#8,#6,-0.7508,0.2642,True
0.115,0.7759,PET,82,HT,#8,#6,-0.309,1.3992,True
0.115,0.7759,PP,223,HT,#1,#6,-0.5127,0.2268,True
0.115,0.7759,PVC,540,HT,#8,#6,-0.8412,0.0141,True
0.115,0.7759,PS,714,LT,#8,-,-0.4951,1.1116,True
0.115,0.7759,PE,818,HT,#8,#6,-0.7684,0.2642,True
0.12,0.7759,PET,82,HT,#8,#6,-0.3153,1.3992,True
0.12,0.7759,PP,223,HT,#1,#6,-0.5313,0.2268,True
0.12,0.7759,PVC,540,HT,#8,#6,-0.8505,0.0141,True
0.12,0.7759,PS,714,LT,#8,-,-0.5117,1.1116,True
0.12,0.7759,PE,818,HT,#8,#6,-0.786,0.2642,True
0.125,0.7759,PET,82,HT,#8,#6,-0.3216,1.3992,True
0.125,0.7759,PP,223,HT,#1,#6,-0.55,0.2268,True
0.125,0.7759,PVC,540,HT,#8,#6,-0.8598,0.0141,True
0.125,0.7759,PS,714,LT,#8,-,-0.5282,1.1116,True
0.125,0.7759,PE,818,HT,#8,#6,-0.8036,0.2642,True
0.13,0.7759,PET,82,HT,#8,#6,-0.3279,1.3992,True
0.13,0.7759,PP,223,HT,#1,#6,-0.5686,0.2268,True
0.13,0.7759,PVC,540,HT,#8,#6,-0.8691,0.0141,True
0.13,0.7759,PS,714,LT,#8,-,-0.5448,1.1116,True
0.13,0.7759,PE,818,HT,#8,#6,-0.8212,0.2642,True
0.135,0.7759,PET,82,HT,#8,#6,-0.3342,1.3992,True
0.135,0.7759,PP,223,HT,#1,#6,-0.5872,0.2268,True
0.135,0.7759,PVC,540,HT,#8,#6,-0.8785,0.0141,True
0.135,0.7759,PS,714,LT,#8,-,-0.5614,1.1116,True
0.135,0.7759,PE,818,HT,#8,#6,-0.8387,0.2642,True
0.14,0.7759,PET,82,HT,#8,#6,-0.3405,1.3992,True
0.14,0.7759,PP,223,HT,#1,#6,-0.6058,0.2268,True
0.14,0.7759,PVC,540,HT,#8,#6,-0.8878,0.0141,True
0.14,0.7759,PS,714,LT,#8,-,-0.578,1.1116,True
0.14,0.7759,PE,818,HT,#8,#6,-0.8563,0.2642,True
0.145,0.7759,PET,82,HT,#8,#6,-0.3468,1.3992,True
0.145,0.7759,PP,223,HT,#1,#6,-0.6244,0.2268,True
0.145,0.7759,PVC,540,HT,#8,#6,-0.8971,0.0141,True
0.145,0.7759,PS,714,LT,#8,-,-0.5945,1.1116,True
0.145,0.7759,PE,818,HT,#8,#6,-0.8739,0.2642,True
0.15,0.7759,PET,82,HT,#8,#6,-0.3531,1.3992,True
0.15,0.7759,PP,223,HT,#1,#6,-0.6431,0.2268,True
0.15,0.7759,PVC,540,HT,#8,#6,-0.9064,0.0141,True
0.15,0.7759,PS,714,LT,#8,-,-0.6111,1.1116,True
0.15,0.7759,PE,818,HT,#8,#6,-0.8915,0.2642,True
0.155,0.7759,PET,82,HT,#8,#6,-0.3594,1.3992,True
0.155,0.7759,PP,223,HT,#1,#6,-0.6617,0.2268,True
0.155,0.7759,PVC,540,HT,#8,#6,-0.9158,0.0141,True
0.155,0.7759,PS,714,LT,#8,-,-0.6277,1.1116,True
0.155,0.7759,PE,818,HT,#8,#6,-0.9091,0.2642,True
0.16,0.7759,PET,82,HT,#8,#6,-0.3657,1.3992,True
0.16,0.7759,PP,223,HT,#1,#6,-0.6803,0.2268,True
0.16,0.7759,PVC,540,HT,#8,#6,-0.9251,0.0141,True
0.16,0.7759,PS,714,LT,#8,-,-0.6442,1.1116,True
0.16,0.7759,PE,818,HT,#8,#6,-0.9267,0.2642,True
0.165,0.7759,PET,82,HT,#8,#6,-0.372,1.3992,True
0.165,0.7759,PP,223,HT,#1,#6,-0.6989,0.2268,True
0.165,0.7759,PVC,540,HT,#8,#6,-0.9344,0.0141,True
0.165,0.7759,PS,714,LT,#8,-,-0.6608,1.1116,True
0.165,0.7759,PE,818,HT,#8,#6,-0.9442,0.2642,True
0.17,0.7759,PET,82,HT,#8,#6,-0.3782,1.3992,True
0.17,0.7759,PP,223,HT,#1,#6,-0.7176,0.2268,True
0.17,0.7759,PVC,540,HT,#8,#6,-0.9437,0.0141,True
0.17,0.7759,PS,714,LT,#8,-,-0.6774,1.1116,True
0.17,0.7759,PE,818,HT,#8,#6,-0.9618,0.2642,True
0.175,0.7759,PET,82,HT,#8,#6,-0.3845,1.3992,True
0.175,0.7759,PP,223,HT,#1,#6,-0.7362,0.2268,True
0.175,0.7759,PVC,540,HT,#8,#6,-0.953,0.0141,True
0.175,0.7759,PS,714,LT,#8,-,-0.694,1.1116,True
0.175,0.7759,PE,818,HT,#8,#6,-0.9794,0.2642,True
0.18,0.7759,PET,82,HT,#8,#6,-0.3908,1.3992,True
0.18,0.7759,PP,223,HT,#1,#6,-0.7548,0.2268,True
0.18,0.7759,PVC,540,HT,#8,#6,-0.9624,0.0141,True
0.18,0.7759,PS,714,LT,#8,-,-0.7105,1.1116,True
0.18,0.7759,PE,818,HT,#8,#6,-0.997,0.2642,True
0.185,0.7759,PET,82,HT,#8,#6,-0.3971,1.3992,True
0.185,0.7759,PP,223,HT,#1,#6,-0.7734,0.2268,True
0.185,0.7759,PVC,540,HT,#8,#6,-0.9717,0.0141,True
0.185,0.7759,PS,714,LT,#8,-,-0.7271,1.1116,True
0.185,0.7759,PE,818,HT,#8,#6,-1.0146,0.2642,True
0.19,0.7759,PET,82,HT,#8,#6,-0.4034,1.3992,True
0.19,0.7759,PP,223,HT,#1,#6,-0.792,0.2268,True
0.19,0.7759,PVC,540,HT,#8,#6,-0.981,0.0141,True
0.19,0.7759,PS,714,LT,#8,-,-0.7437,1.1116,True
0.19,0.7759,PE,818,HT,#8,#6,-1.0321,0.2642,True
0.195,0.7759,PET,82,HT,#8,#6,-0.4097,1.3992,True
0.195,0.7759,PP,223,HT,#1,#6,-0.8107,0.2268,True
0.195,0.7759,PVC,540,HT,#8,#6,-0.9903,0.0141,True
0.195,0.7759,PS,714,LT,#8,-,-0.7602,1.1116,True
0.195,0.7759,PE,818,HT,#8,#6,-1.0497,0.2642,True
0.2,0.7759,PET,82,HT,#8,#6,-0.416,1.3992,True
0.2,0.7759,PP,223,HT,#1,#6,-0.8293,0.2268,True
0.2,0.7759,PVC,540,HT,#8,#6,-0.9997,0.0141,True
0.2,0.7759,PS,714,LT,#8,-,-0.7768,1.1116,True
0.2,0.7759,PE,818,HT,#8,#6,-1.0673,0.2642,True
0.04,0.8,PET,82,HT,#8,#6,-0.2146,1.3566,True
0.04,0.8,PP,223,HT,#1,#6,-0.2334,0.141,True
0.04,0.8,PVC,562,LT,#1,#6,-0.4376,-0.8354,False
0.04,0.8,PS,714,LT,#8,-,-0.2465,1.0233,True
0.04,0.8,PE,818,HT,#8,#6,-0.5047,0.173,True
0.045,0.8,PET,82,HT,#8,#6,-0.2209,1.3566,True
0.045,0.8,PP,223,HT,#1,#6,-0.252,0.141,True
0.045,0.8,PVC,562,LT,#1,#6,-0.4531,-0.8354,False
0.045,0.8,PS,714,LT,#8,-,-0.2631,1.0233,True
0.045,0.8,PE,818,HT,#8,#6,-0.5223,0.173,True
0.05,0.8,PET,82,HT,#8,#6,-0.2272,1.3566,True
0.05,0.8,PP,223,HT,#1,#6,-0.2706,0.141,True
0.05,0.8,PVC,562,LT,#1,#6,-0.4686,-0.8354,False
0.05,0.8,PS,714,LT,#8,-,-0.2797,1.0233,True
0.05,0.8,PE,818,HT,#8,#6,-0.5398,0.173,True
0.055,0.8,PET,82,HT,#8,#6,-0.2335,1.3566,True
0.055,0.8,PP,223,HT,#1,#6,-0.2892,0.141,True
0.055,0.8,PVC,562,LT,#1,#6,-0.4841,-0.8354,False
0.055,0.8,PS,714,LT,#8,-,-0.2962,1.0233,True
0.055,0.8,PE,818,HT,#8,#6,-0.5574,0.173,True
0.06,0.8,PET,82,HT,#8,#6,-0.2398,1.3566,True
0.06,0.8,PP,223,HT,#1,#6,-0.3079,0.141,True
0.06,0.8,PVC,562,LT,#1,#6,-0.4996,-0.8354,False
0.06,0.8,PS,714,LT,#8,-,-0.3128,1.0233,True
0.06,0.8,PE,818,HT,#8,#6,-0.575,0.173,True
0.065,0.8,PET,82,HT,#8,#6,-0.2461,1.3566,True
0.065,0.8,PP,223,HT,#1,#6,-0.3265,0.141,True
0.065,0.8,PVC,562,LT,#1,#6,-0.5151,-0.8354,False
0.065,0.8,PS,714,LT,#8,-,-0.3294,1.0233,True
0.065,0.8,PE,818,HT,#8,#6,-0.5926,0.173,True
0.07,0.8,PET,82,HT,#8,#6,-0.2524,1.3566,True
0.07,0.8,PP,223,HT,#1,#6,-0.3451,0.141,True
0.07,0.8,PVC,562,LT,#1,#6,-0.5307,-0.8354,False
0.07,0.8,PS,714,LT,#8,-,-0.346,1.0233,True
0.07,0.8,PE,818,HT,#8,#6,-0.6102,0.173,True
0.075,0.8,PET,82,HT,#8,#6,-0.2587,1.3566,True
0.075,0.8,PP,223,HT,#1,#6,-0.3637,0.141,True
0.075,0.8,PVC,562,LT,#1,#6,-0.5462,-0.8354,False
0.075,0.8,PS,714,LT,#8,-,-0.3625,1.0233,True
0.075,0.8,PE,818,HT,#8,#6,-0.6278,0.173,True
0.08,0.8,PET,82,HT,#8,#6,-0.265,1.3566,True
0.08,0.8,PP,223,HT,#1,#6,-0.3823,0.141,True
0.08,0.8,PVC,562,LT,#1,#6,-0.5617,-0.8354,False
0.08,0.8,PS,714,LT,#8,-,-0.3791,1.0233,True
0.08,0.8,PE,818,HT,#8,#6,-0.6453,0.173,True
0.085,0.8,PET,82,HT,#8,#6,-0.2713,1.3566,True
0.085,0.8,PP,223,HT,#1,#6,-0.401,0.141,True
0.085,0.8,PVC,562,LT,#1,#6,-0.5772,-0.8354,False
0.085,0.8,PS,714,LT,#8,-,-0.3957,1.0233,True
0.085,0.8,PE,818,HT,#8,#6,-0.6629,0.173,True
0.09,0.8,PET,82,HT,#8,#6,-0.2776,1.3566,True
0.09,0.8,PP,223,HT,#1,#6,-0.4196,0.141,True
0.09,0.8,PVC,562,LT,#1,#6,-0.5927,-0.8354,False
0.09,0.8,PS,714,LT,#8,-,-0.4122,1.0233,True
0.09,0.8,PE,818,HT,#8,#6,-0.6805,0.173,True
0.095,0.8,PET,82,HT,#8,#6,-0.2838,1.3566,True
0.095,0.8,PP,223,HT,#1,#6,-0.4382,0.141,True
0.095,0.8,PVC,562,LT,#1,#6,-0.6083,-0.8354,False
0.095,0.8,PS,714,LT,#8,-,-0.4288,1.0233,True
0.095,0.8,PE,818,HT,#8,#6,-0.6981,0.173,True
0.1,0.8,PET,82,HT,#8,#6,-0.2901,1.3566,True
0.1,0.8,PP,223,HT,#1,#6,-0.4568,0.141,True
0.1,0.8,PVC,562,LT,#1,#6,-0.6238,-0.8354,False
0.1,0.8,PS,714,LT,#8,-,-0.4454,1.0233,True
0.1,0.8,PE,818,HT,#8,#6,-0.7157,0.173,True
0.105,0.8,PET,82,HT,#8,#6,-0.2964,1.3566,True
0.105,0.8,PP,223,HT,#1,#6,-0.4755,0.141,True
0.105,0.8,PVC,562,LT,#1,#6,-0.6393,-0.8354,False
0.105,0.8,PS,714,LT,#8,-,-0.462,1.0233,True
0.105,0.8,PE,818,HT,#8,#6,-0.7332,0.173,True
0.11,0.8,PET,82,HT,#8,#6,-0.3027,1.3566,True
0.11,0.8,PP,223,HT,#1,#6,-0.4941,0.141,True
0.11,0.8,PVC,562,LT,#1,#6,-0.6548,-0.8354,False
0.11,0.8,PS,714,LT,#8,-,-0.4785,1.0233,True
0.11,0.8,PE,818,HT,#8,#6,-0.7508,0.173,True
0.115,0.8,PET,82,HT,#8,#6,-0.309,1.3566,True
0.115,0.8,PP,223,HT,#1,#6,-0.5127,0.141,True
0.115,0.8,PVC,688,OG,#1,-,-0.6642,-0.8767,False
0.115,0.8,PS,714,LT,#8,-,-0.4951,1.0233,True
0.115,0.8,PE,818,HT,#8,#6,-0.7684,0.173,True
0.12,0.8,PET,82,HT,#8,#6,-0.3153,1.3566,True
0.12,0.8,PP,223,HT,#1,#6,-0.5313,0.141,True
0.12,0.8,PVC,688,OG,#1,-,-0.6693,-0.8767,False
0.12,0.8,PS,714,LT,#8,-,-0.5117,1.0233,True
0.12,0.8,PE,818,HT,#8,#6,-0.786,0.173,True
0.125,0.8,PET,82,HT,#8,#6,-0.3216,1.3566,True
0.125,0.8,PP,223,HT,#1,#6,-0.55,0.141,True
0.125,0.8,PVC,688,OG,#1,-,-0.6744,-0.8767,False
0.125,0.8,PS,714,LT,#8,-,-0.5282,1.0233,True
0.125,0.8,PE,818,HT,#8,#6,-0.8036,0.173,True
0.13,0.8,PET,82,HT,#8,#6,-0.3279,1.3566,True
0.13,0.8,PP,223,HT,#1,#6,-0.5686,0.141,True
0.13,0.8,PVC,688,OG,#1,-,-0.6795,-0.8767,False
0.13,0.8,PS,714,LT,#8,-,-0.5448,1.0233,True
0.13,0.8,PE,818,HT,#8,#6,-0.8212,0.173,True
0.135,0.8,PET,82,HT,#8,#6,-0.3342,1.3566,True
0.135,0.8,PP,223,HT,#1,#6,-0.5872,0.141,True
0.135,0.8,PVC,688,OG,#1,-,-0.6846,-0.8767,False
0.135,0.8,PS,714,LT,#8,-,-0.5614,1.0233,True
0.135,0.8,PE,818,HT,#8,#6,-0.8387,0.173,True
0.14,0.8,PET,82,HT,#8,#6,-0.3405,1.3566,True
0.14,0.8,PP,223,HT,#1,#6,-0.6058,0.141,True
0.14,0.8,PVC,688,OG,#1,-,-0.6897,-0.8767,False
0.14,0.8,PS,714,LT,#8,-,-0.578,1.0233,True
0.14,0.8,PE,818,HT,#8,#6,-0.8563,0.173,True
0.145,0.8,PET,82,HT,#8,#6,-0.3468,1.3566,True
0.145,0.8,PP,223,HT,#1,#6,-0.6244,0.141,True
0.145,0.8,PVC,688,OG,#1,-,-0.6948,-0.8767,False
0.145,0.8,PS,714,LT,#8,-,-0.5945,1.0233,True
0.145,0.8,PE,818,HT,#8,#6,-0.8739,0.173,True
0.15,0.8,PET,82,HT,#8,#6,-0.3531,1.3566,True
0.15,0.8,PP,223,HT,#1,#6,-0.6431,0.141,True
0.15,0.8,PVC,688,OG,#1,-,-0.6999,-0.8767,False
0.15,0.8,PS,714,LT,#8,-,-0.6111,1.0233,True
0.15,0.8,PE,818,HT,#8,#6,-0.8915,0.173,True
0.155,0.8,PET,82,HT,#8,#6,-0.3594,1.3566,True
0.155,0.8,PP,223,HT,#1,#6,-0.6617,0.141,True
0.155,0.8,PVC,688,OG,#1,-,-0.705,-0.8767,False
0.155,0.8,PS,714,LT,#8,-,-0.6277,1.0233,True
0.155,0.8,PE,818,HT,#8,#6,-0.9091,0.173,True
0.16,0.8,PET,82,HT,#8,#6,-0.3657,1.3566,True
0.16,0.8,PP,223,HT,#1,#6,-0.6803,0.141,True
0.16,0.8,PVC,688,OG,#1,-,-0.7101,-0.8767,False
0.16,0.8,PS,714,LT,#8,-,-0.6442,1.0233,True
0.16,0.8,PE,818,HT,#8,#6,-0.9267,0.173,True
0.165,0.8,PET,82,HT,#8,#6,-0.372,1.3566,True
0.165,0.8,PP,223,HT,#1,#6,-0.6989,0.141,True
0.165,0.8,PVC,688,OG,#1,-,-0.7152,-0.8767,False
0.165,0.8,PS,714,LT,#8,-,-0.6608,1.0233,True
0.165,0.8,PE,818,HT,#8,#6,-0.9442,0.173,True
0.17,0.8,PET,82,HT,#8,#6,-0.3782,1.3566,True
0.17,0.8,PP,223,HT,#1,#6,-0.7176,0.141,True
0.17,0.8,PVC,688,OG,#1,-,-0.7203,-0.8767,False
0.17,0.8,PS,714,LT,#8,-,-0.6774,1.0233,True
0.17,0.8,PE,818,HT,#8,#6,-0.9618,0.173,True
0.175,0.8,PET,82,HT,#8,#6,-0.3845,1.3566,True
0.175,0.8,PP,223,HT,#1,#6,-0.7362,0.141,True
0.175,0.8,PVC,688,OG,#1,-,-0.7254,-0.8767,False
0.175,0.8,PS,714,LT,#8,-,-0.694,1.0233,True
0.175,0.8,PE,818,HT,#8,#6,-0.9794,0.173,True
0.18,0.8,PET,82,HT,#8,#6,-0.3908,1.3566,True
0.18,0.8,PP,223,HT,#1,#6,-0.7548,0.141,True
0.18,0.8,PVC,688,OG,#1,-,-0.7305,-0.8767,False
0.18,0.8,PS,714,LT,#8,-,-0.7105,1.0233,True
0.18,0.8,PE,818,HT,#8,#6,-0.997,0.173,True
0.185,0.8,PET,82,HT,#8,#6,-0.3971,1.3566,True
0.185,0.8,PP,223,HT,#1,#6,-0.7734,0.141,True
0.185,0.8,PVC,688,OG,#1,-,-0.7356,-0.8767,False
0.185,0.8,PS,714,LT,#8,-,-0.7271,1.0233,True
0.185,0.8,PE,818,HT,#8,#6,-1.0146,0.173,True
0.19,0.8,PET,82,HT,#8,#6,-0.4034,1.3566,True
0.19,0.8,PP,223,HT,#1,#6,-0.792,0.141,True
0.19,0.8,PVC,688,OG,#1,-,-0.7407,-0.8767,False
0.19,0.8,PS,714,LT,#8,-,-0.7437,1.0233,True
0.19,0.8,PE,818,HT,#8,#6,-1.0321,0.173,True
0.195,0.8,PET,82,HT,#8,#6,-0.4097,1.3566,True
0.195,0.8,PP,223,HT,#1,#6,-0.8107,0.141,True
0.195,0.8,PVC,688,OG,#1,-,-0.7458,-0.8767,False
0.195,0.8,PS,714,LT,#8,-,-0.7602,1.0233,True
0.195,0.8,PE,818,HT,#8,#6,-1.0497,0.173,True
0.2,0.8,PET,82,HT,#8,#6,-0.416,1.3566,True
0.2,0.8,PP,223,HT,#1,#6,-0.8293,0.141,True
0.2,0.8,PVC,688,OG,#1,-,-0.7509,-0.8767,False
0.2,0.8,PS,714,LT,#8,-,-0.7768,1.0233,True
0.2,0.8,PE,818,HT,#8,#6,-1.0673,0.173,True
