idx,feed,tech,scenario,UP,CR,zone
0,PET,HT,S0_Baseline,-0.6016433323475819,0.0873788030717364,3
1,PET,HT,S0_Baseline,-0.7228960679017512,-0.1305569722586161,4
2,PET,HT,S0_Baseline,-0.5526663590197095,0.8854616018764376,3
3,PET,HT,S0_Baseline,-0.724604902348672,-0.5666232520546812,4
4,PET,HT,S0_Baseline,-0.800367377257702,-0.6144411910004867,4
5,PET,HT,S0_Baseline,-0.44356235722835013,1.265779828841235,3
6,PET,HT,S0_Baseline,-0.5624943540456868,0.6246089350971102,3
7,PET,HT,S0_Baseline,-0.6219158578056974,0.4891650965299797,3
8,PET,HT,S0_Baseline,-0.5335472845571063,0.8204183769608444,3
9,PET,HT,S0_Baseline,-0.6482772189391417,0.31671601905551316,3
10,PET,HT,S0_Baseline,-0.6465545865405274,0.3514809735390127,3
11,PET,HT,S0_Baseline,-0.8340826823810134,-0.40560872544388055,4
12,PET,HT,S0_Baseline,-0.9553354179351826,-0.623544500774234,4
13,PET,HT,S0_Baseline,-0.7851057090531407,0.3924740733608204,3
14,PET,HT,S0_Baseline,-0.9570442523821036,-1.0596107805702983,4
15,PET,HT,S0_Baseline,-1.0328067272911334,-1.1074287195161046,4
16,PET,HT,S0_Baseline,-0.6760017072617814,0.7727923003256173,3
17,PET,HT,S0_Baseline,-0.7949337040791181,0.1316214065814927,3
18,PET,HT,S0_Baseline,-0.8543552078391283,-0.0038224319856375454,4
19,PET,HT,S0_Baseline,-0.7659866345905375,0.32743084844522685,3
20,PET,HT,S0_Baseline,-0.880716568972573,-0.17627150946010411,4
21,PET,HT,S0_Baseline,-0.8789939365739587,-0.14150655497660578,4
22,PET,HT,S0_Baseline,-0.9009892924524843,-1.2181951830324365,4
23,PET,HT,S0_Baseline,-1.022242028006653,-1.4361309583627904,4
24,PET,HT,S0_Baseline,-0.8520123191246116,-0.4201123842277342,4
25,PET,HT,S0_Baseline,-1.023950862453574,-1.8721972381588536,4
26,PET,HT,S0_Baseline,-1.0997133373626042,-1.9200151771046592,4
27,PET,HT,S0_Baseline,-0.7429083173332521,-0.039794157262937425,4
28,PET,HT,S0_Baseline,-0.8618403141505891,-0.6809650510070616,4
29,PET,HT,S0_Baseline,-0.9212618179105994,-0.8164088895741922,4
30,PET,HT,S0_Baseline,-0.8328932446620081,-0.48515560914332745,4
31,PET,HT,S0_Baseline,-0.9476231790440437,-0.9888579670486587,4
32,PET,HT,S0_Baseline,-0.9459005466454294,-0.9540930125651592,4
33,PET,HT,S0_Baseline,-0.9061196905225456,-1.501638565037117,4
34,PET,HT,S0_Baseline,-1.0273724260767145,-1.7195743403674704,4
35,PET,HT,S0_Baseline,-0.8571427171946725,-0.7035557662324154,4
36,PET,HT,S0_Baseline,-1.0290812605236352,-2.1556406201635347,4
37,PET,HT,S0_Baseline,-1.1048437354326655,-2.203458559109341,4
38,PET,HT,S0_Baseline,-0.7480387154033137,-0.32323753926761867,4
39,PET,HT,S0_Baseline,-0.8669707122206504,-0.9644084330117428,4
40,PET,HT,S0_Baseline,-0.9263922159806609,-1.0998522715788734,4
41,PET,HT,S0_Baseline,-0.8380236427320693,-0.768598991148009,4
42,PET,HT,S0_Baseline,-0.9527535771141052,-1.27230134905334,4
43,PET,HT,S0_Baseline,-0.951030944715491,-1.237536394569841,4
44,PET,HT,S0_Baseline,-0.7872321666263963,-0.8412607415551913,4
45,PET,HT,S0_Baseline,-0.9084849021805654,-1.0591965168855453,4
46,PET,HT,S0_Baseline,-0.7382551932985237,-0.04317794275049001,4
47,PET,HT,S0_Baseline,-0.9101937366274864,-1.4952627966816103,4
48,PET,HT,S0_Baseline,-0.9859562115365166,-1.5430807356274145,4
49,PET,HT,S0_Baseline,-0.6291511915071641,0.3371402842143071,3
50,PET,HT,S0_Baseline,-0.7480831883245013,-0.3040306095298171,4
51,PET,HT,S0_Baseline,-0.8075046920845115,-0.43947444809694797,4
52,PET,HT,S0_Baseline,-0.7191361188359202,-0.10822116766608357,4
53,PET,HT,S0_Baseline,-0.8338660532179559,-0.6119235255714143,4
54,PET,HT,S0_Baseline,-0.8321434208193418,-0.5771585710879156,4
55,PET,HT,S0_Baseline,-1.0563498903844697,-2.426089664229775,4
56,PET,HT,S0_Baseline,-1.177602625938639,-2.6440254395601284,4
57,PET,HT,S0_Baseline,-1.0073729170565975,-1.6280068654250734,4
58,PET,HT,S0_Baseline,-1.17931146038556,-3.0800917193561936,4
59,PET,HT,S0_Baseline,-1.2550739352945899,-3.1279096583019985,4
60,PET,HT,S0_Baseline,-0.8982689152652376,-1.2476886384602761,4
61,PET,HT,S0_Baseline,-1.017200912082575,-1.8888595322044022,4
62,PET,HT,S0_Baseline,-1.0766224158425852,-2.024303370771532,4
63,PET,HT,S0_Baseline,-0.9882538425939942,-1.693050090340668,4
64,PET,HT,S0_Baseline,-1.1029837769760298,-2.196752448245998,4
65,PET,HT,S0_Baseline,-1.1012611445774154,-2.161987493762499,4
66,PET,HT,S0_Baseline,-1.0828942766956655,-2.6572216859485613,4
67,PET,HT,S0_Baseline,-1.2041470122498343,-2.8751574612789144,4
68,PET,HT,S0_Baseline,-1.0339173033677926,-1.8591388871438606,4
69,PET,HT,S0_Baseline,-1.205855846696755,-3.311223741074979,4
70,PET,HT,S0_Baseline,-1.2816183216057853,-3.3590416800207854,4
71,PET,HT,S0_Baseline,-0.9248133015764336,-1.478820660179063,4
72,PET,HT,S0_Baseline,-1.0437452983937705,-2.119991553923187,4
73,PET,HT,S0_Baseline,-1.1031668021537804,-2.2554353924903183,4
74,PET,HT,S0_Baseline,-1.0147982289051898,-1.9241821120594542,4
75,PET,HT,S0_Baseline,-1.1295281632872254,-2.4278844699647846,4
76,PET,HT,S0_Baseline,-1.127805530888611,-2.3931195154812857,4
77,PET,HT,S0_Baseline,-0.3541897961909464,1.1128371358196407,1
78,PET,HT,S0_Baseline,-0.47544253174511536,0.8949013604892879,3
79,PET,HT,S0_Baseline,-0.305212822863074,1.9109199346243428,1
80,PET,HT,S0_Baseline,-0.47715136619203635,0.45883508069322315,3
81,PET,HT,S0_Baseline,-0.5529138411010668,0.41101714174741744,3
82,PET,HT,S0_Baseline,-0.19610882107171476,2.2912381615891393,1
83,PET,HT,S0_Baseline,-0.3150408178890514,1.6500672678450152,1
84,PET,HT,S0_Baseline,-0.3744623216490615,1.5146234292778844,1
85,PET,HT,S0_Baseline,-0.2860937484004707,1.8458767097087485,1
86,PET,HT,S0_Baseline,-0.40082368278250613,1.3421743518034177,1
87,PET,HT,S0_Baseline,-0.39910105038389176,1.376939306286917,1
88,PET,LT,S0_Baseline,-0.7976079371681685,-0.13459039734804212,4
89,PET,LT,S0_Baseline,-0.7919424662792436,-0.545367315177341,4
90,PET,LT,S0_Baseline,-0.6398210985563729,0.4476792939411834,3
91,PET,LT,S0_Baseline,-0.8960072216210513,-1.6216567337752736,4
92,PET,LT,S0_Baseline,-0.9633465597492532,-1.796490998141538,4
93,PET,LT,S0_Baseline,-0.4170033810585009,1.23241451864001,1
94,PET,LT,S0_Baseline,-0.4735085384042431,0.5104063227996367,3
95,PET,LT,S0_Baseline,-0.4824940605475929,0.39171824853503584,3
96,PET,LT,S0_Baseline,-0.47079485549349703,0.6576904955931884,3
97,PET,LT,S0_Baseline,-0.5377041050343419,0.2681413912040922,3
98,PET,LT,S0_Baseline,-0.5558596322260663,0.23415360331492335,3
99,PET,LT,S0_Baseline,-0.9767207473171223,-0.5941481095777184,4
100,PET,LT,S0_Baseline,-0.9710552764281973,-1.0049250274070174,4
101,PET,LT,S0_Baseline,-0.8189339087053268,-0.011878418288493753,4
102,PET,LT,S0_Baseline,-1.0751200317700051,-2.08121444600495,4
103,PET,LT,S0_Baseline,-1.1424593698982073,-2.256048710371214,4
104,PET,LT,S0_Baseline,-0.5961161912074545,0.7728568064103326,3
105,PET,LT,S0_Baseline,-0.6526213485531972,0.05084861056995958,3
106,PET,LT,S0_Baseline,-0.661606870696547,-0.06783946369464129,4
107,PET,LT,S0_Baseline,-0.649907665642451,0.19813278336351156,3
108,PET,LT,S0_Baseline,-0.7168169151832956,-0.19141632102558465,4
109,PET,LT,S0_Baseline,-0.7349724423750202,-0.2254041089147538,4
110,PET,LT,S0_Baseline,-1.0628305506725837,-1.3205631250741006,4
111,PET,LT,S0_Baseline,-1.0571650797836585,-1.7313400429034007,4
112,PET,LT,S0_Baseline,-0.9050437120607882,-0.7382934337848759,4
113,PET,LT,S0_Baseline,-1.1612298351254664,-2.8076294615013326,4
114,PET,LT,S0_Baseline,-1.228569173253669,-2.982463725867597,4
115,PET,LT,S0_Baseline,-0.6822259945629159,0.046441790913950204,3
116,PET,LT,S0_Baseline,-0.7387311519086589,-0.6755664049264228,4
117,PET,LT,S0_Baseline,-0.7477166740520083,-0.7942544791910237,4
118,PET,LT,S0_Baseline,-0.7360174689979124,-0.5282822321328705,4
119,PET,LT,S0_Baseline,-0.8029267185387571,-0.917831336521967,4
120,PET,LT,S0_Baseline,-0.8210822457304817,-0.9518191244111359,4
121,PET,LT,S0_Baseline,-1.1268333877927073,-1.555765932045365,4
122,PET,LT,S0_Baseline,-1.1211679169037823,-1.966542849874665,4
123,PET,LT,S0_Baseline,-0.9690465491809115,-0.9734962407561409,4
124,PET,LT,S0_Baseline,-1.22523267224559,-3.0428322684725977,4
125,PET,LT,S0_Baseline,-1.2925720103737917,-3.217666532838863,4
126,PET,LT,S0_Baseline,-0.7462288316830391,-0.18876101605731427,4
127,PET,LT,S0_Baseline,-0.8027339890287819,-0.9107692118976879,4
128,PET,LT,S0_Baseline,-0.8117195111721319,-1.0294572861622882,4
129,PET,LT,S0_Baseline,-0.8000203061180354,-0.763485039104135,4
130,PET,LT,S0_Baseline,-0.8669295556588805,-1.153034143493232,4
131,PET,LT,S0_Baseline,-0.8850850828506046,-1.187021931382401,4
132,PET,LT,S0_Baseline,-1.0474540851614162,-0.9561250507838285,4
133,PET,LT,S0_Baseline,-1.0417886142724908,-1.3669019686131274,4
134,PET,LT,S0_Baseline,-0.8896672465496208,-0.37385535949460386,4
135,PET,LT,S0_Baseline,-1.1458533696142987,-2.4431913872110607,4
136,PET,LT,S0_Baseline,-1.213192707742501,-2.618025651577325,4
137,PET,LT,S0_Baseline,-0.6668495290517485,0.4108798652042228,3
138,PET,LT,S0_Baseline,-0.7233546863974912,-0.31112833063615086,4
139,PET,LT,S0_Baseline,-0.7323402085408406,-0.429816404900752,4
140,PET,LT,S0_Baseline,-0.7206410034867449,-0.16384415784259884,4
141,PET,LT,S0_Baseline,-0.7875502530275896,-0.553393262231695,4
142,PET,LT,S0_Baseline,-0.8057057802193144,-0.5873810501208636,4
143,PET,LT,S0_Baseline,-1.1783242396486098,-2.0250708704730016,4
144,PET,LT,S0_Baseline,-1.172658768759684,-2.435847788302301,4
145,PET,LT,S0_Baseline,-1.0205374010368138,-1.442801179183777,4
146,PET,LT,S0_Baseline,-1.2767235241014923,-3.512137206900233,4
147,PET,LT,S0_Baseline,-1.3440628622296946,-3.686971471266497,4
148,PET,LT,S0_Baseline,-0.7977196835389417,-0.6580659544849509,4
149,PET,LT,S0_Baseline,-0.8542248408846846,-1.380074150325324,4
150,PET,LT,S0_Baseline,-0.8632103630280342,-1.4987622245899248,4
151,PET,LT,S0_Baseline,-0.8515111579739383,-1.2327899775317723,4
152,PET,LT,S0_Baseline,-0.918420407514783,-1.622339081920868,4
153,PET,LT,S0_Baseline,-0.9365759347065074,-1.6563268698100364,4
154,PET,LT,S0_Baseline,-1.2070063338889125,-2.2638264405395003,4
155,PET,LT,S0_Baseline,-1.201340862999987,-2.6746033583688003,4
156,PET,LT,S0_Baseline,-1.0492194952771174,-1.6815567492502768,4
157,PET,LT,S0_Baseline,-1.3054056183417952,-3.7508927769667326,4
158,PET,LT,S0_Baseline,-1.3727449564699974,-3.925727041332998,4
159,PET,LT,S0_Baseline,-0.826401777779245,-0.8968215245514494,4
160,PET,LT,S0_Baseline,-0.8829069351249875,-1.6188297203918225,4
161,PET,LT,S0_Baseline,-0.8918924572683374,-1.737517794656424,4
162,PET,LT,S0_Baseline,-0.8801932522142413,-1.4715455475982713,4
163,PET,LT,S0_Baseline,-0.947102501755086,-1.861094651987368,4
164,PET,LT,S0_Baseline,-0.9652580289468107,-1.8950824398765362,4
165,PET,LT,S0_Baseline,-0.8388961575418168,0.07671717739734739,3
166,PET,LT,S0_Baseline,-0.8332306866528914,-0.33405974043195186,4
167,PET,LT,S0_Baseline,-0.6811093189300209,0.6589868686865726,3
168,PET,LT,S0_Baseline,-0.9372954419946989,-1.4103491590298844,4
169,PET,LT,S0_Baseline,-1.004634780122901,-1.5851834233961475,4
170,PET,LT,S0_Baseline,-0.4582916014321486,1.443722093385399,3
171,PET,LT,S0_Baseline,-0.5147967587778912,0.7217138975450257,3
172,PET,LT,S0_Baseline,-0.5237822809212409,0.603025823280425,3
173,PET,LT,S0_Baseline,-0.5120830758671451,0.8689980703385775,3
174,PET,LT,S0_Baseline,-0.5789923254079898,0.4794489659494817,3
175,PET,LT,S0_Baseline,-0.5971478525997144,0.44546117806031255,3
176,PET,HT,S0_Baseline,-0.9022875204794716,-0.952412812136147,4
177,PET,HT,S0_Baseline,-1.0419560223674242,-1.2589877815316046,4
178,PET,HT,S0_Baseline,-0.8666653112023968,-0.914430538443535,4
179,PET,HT,S0_Baseline,-1.2212508870479966,-2.651268142008253,4
180,PET,HT,S0_Baseline,-1.1667335699424397,-2.627542883843175,4
181,PET,HT,S0_Baseline,-0.670693692020583,0.8346154391626067,3
182,PET,HT,S0_Baseline,-0.7703351990501617,-0.3632251055853039,4
183,PET,HT,S0_Baseline,-0.8406779139867331,-0.6173400937303242,4
184,PET,HT,S0_Baseline,-0.6664288232934109,0.698103912581307,3
185,PET,HT,S0_Baseline,-0.7075093032868617,0.17209634215526282,3
186,PET,HT,S0_Baseline,-0.6924348208911183,0.3513924691630328,3
187,PET,LT,S0_Baseline,-0.8930028165210044,-1.5125518221126069,4
188,PET,LT,S0_Baseline,-0.9959973505786293,-1.544281959237057,4
189,PET,LT,S0_Baseline,-0.8054811075309493,-0.010561368050371408,4
190,PET,LT,S0_Baseline,-1.1042835929088384,-2.595811868158836,4
191,PET,LT,S0_Baseline,-1.065506409513946,-2.297027753597634,4
192,PET,LT,S0_Baseline,-0.6054715757967759,0.8945218505808767,3
193,PET,LT,S0_Baseline,-0.7370869761648771,-0.23135702799899488,4
194,PET,LT,S0_Baseline,-0.7794784751476346,-0.3867272940298146,4
195,PET,LT,S0_Baseline,-0.7166032350355814,0.3227669416285434,3
196,PET,LT,S0_Baseline,-0.8930186238317075,-1.0700438613236976,4
197,PET,LT,S0_Baseline,-0.9218833244770924,-1.361574102786404,4
198,PET,SG,S0_Baseline,-0.4751162067252772,-0.8885861093505109,4
199,PET,SG,S0_Baseline,-0.34909325636830546,-0.6234845009186238,2
200,PET,SG,S0_Baseline,-0.47087027585946123,-0.17433912819078834,4
201,PET,SG,S0_Baseline,-0.872806984574538,-3.9872464650898647,4
202,PET,SG,S0_Baseline,-0.712066858106098,-3.4938718702537317,4
203,PET,SG,S0_Baseline,-0.41339151070021174,-0.40415747184604767,2
204,PET,SG,S0_Baseline,-0.4511672834115249,-0.5911063586398954,4
205,PET,SG,S0_Baseline,-0.5086654045832207,-0.7768170651217204,4
206,PET,SG,S0_Baseline,-0.7822571508037284,-3.3245079938104976,4
207,PET,SG,S0_Baseline,-0.8101775089749463,-3.5968900604964613,4
208,PET,OG,S0_Baseline,-0.5988027978150644,-0.6384925023482806,4
209,PET,OG,S0_Baseline,-0.6758298778625705,-0.23933400538860738,4
210,PET,OG,S0_Baseline,-0.6176820056030934,0.2818136796765208,3
211,PET,OG,S0_Baseline,-0.8841608260569024,-2.6452109461095685,4
212,PET,OG,S0_Baseline,-0.9191523799852264,-2.0798136938914307,4
213,PET,OG,S0_Baseline,-0.5640636402496082,0.036142755122784975,3
214,PET,OG,S0_Baseline,-0.5369686867888004,0.4248650150045741,3
215,PET,OG,S0_Baseline,-0.6009660980678453,0.38926723568597493,3
216,PET,OG,S0_Baseline,-0.790981529927426,-1.8460203740675807,4
217,PET,OG,S0_Baseline,-0.7843971961510038,-1.4816183579049385,4
218,PP,HT,S0_Baseline,-0.23755619643190698,0.13861654727818729,1
219,PP,HT,S0_Baseline,-0.25886547751644173,0.17595052584861726,1
220,PP,HT,S0_Baseline,-0.3213285885481983,0.8594545758981764,1
221,PP,HT,S0_Baseline,-0.6830227118624433,-2.9438869501807665,4
222,PP,HT,S0_Baseline,-0.7394700470009349,-3.2930456848120735,4
223,PP,HT,S0_Baseline,-0.21646503077166188,2.0357241590530535,1
224,PP,HT,S0_Baseline,-0.22782098506423396,0.47145291389467625,1
225,PP,HT,S0_Baseline,-0.30115128354500015,0.006171022112423182,1
226,PP,HT,S0_Baseline,-0.2989997150262323,1.6653103607690796,1
227,PP,HT,S0_Baseline,-0.6627230183653612,-2.5577602633205347,4
228,PP,HT,S0_Baseline,-0.8079766666881313,-3.439390673260261,4
229,PP,HT,S0_Baseline,-0.38702329573687705,-0.2898487919004238,2
230,PP,HT,S0_Baseline,-0.4083325768214101,-0.2525148133299932,2
231,PP,HT,S0_Baseline,-0.47079568785316855,0.43098923671956657,3
232,PP,HT,S0_Baseline,-0.832489811167414,-3.37235228935938,4
233,PP,HT,S0_Baseline,-0.8889371463059038,-3.7215110239906846,4
234,PP,HT,S0_Baseline,-0.3659321300766321,1.607258819874443,1
235,PP,HT,S0_Baseline,-0.3772880843692042,0.04298757471606642,1
236,PP,HT,S0_Baseline,-0.4506183828499705,-0.42229431706618664,4
237,PP,HT,S0_Baseline,-0.4484668143312011,1.2368450215904694,3
238,PP,HT,S0_Baseline,-0.8121901176703314,-2.9862256024991463,4
239,PP,HT,S0_Baseline,-0.9574437659931011,-3.867856012438872,4
240,PP,HT,S0_Baseline,-0.4533329345695816,-0.944839910971267,4
241,PP,HT,S0_Baseline,-0.47464221565411635,-0.907505932400839,4
242,PP,HT,S0_Baseline,-0.5371053266858729,-0.22400188235127896,4
243,PP,HT,S0_Baseline,-0.8987994500001181,-4.027343408430223,4
244,PP,HT,S0_Baseline,-0.9552467851386076,-4.376502143061528,4
245,PP,HT,S0_Baseline,-0.4322417689093366,0.9522677008035979,3
246,PP,HT,S0_Baseline,-0.4435977232019087,-0.6120035443547794,4
247,PP,HT,S0_Baseline,-0.5169280216826747,-1.0772854361370316,4
248,PP,HT,S0_Baseline,-0.5147764531639066,0.5818539025196245,3
249,PP,HT,S0_Baseline,-0.8784997565030355,-3.641216721569992,4
250,PP,HT,S0_Baseline,-1.0237534048258052,-4.522847131509716,4
251,PP,HT,S0_Baseline,-0.43055560809566146,-1.1471212309363916,4
252,PP,HT,S0_Baseline,-0.4518648891801959,-1.1097872523659627,4
253,PP,HT,S0_Baseline,-0.5143280002119529,-0.4262832023164019,4
254,PP,HT,S0_Baseline,-0.876022123526198,-4.229624728395348,4
255,PP,HT,S0_Baseline,-0.9324694586646876,-4.578783463026651,4
256,PP,HT,S0_Baseline,-0.40946444243541663,0.7499863808384737,1
257,PP,HT,S0_Baseline,-0.4208203967279889,-0.814284864319903,4
258,PP,HT,S0_Baseline,-0.4941506952087545,-1.2795667561021558,4
259,PP,HT,S0_Baseline,-0.4919991266899868,0.3795725825544998,3
260,PP,HT,S0_Baseline,-0.8557224300291156,-3.8434980415351165,4
261,PP,HT,S0_Baseline,-1.000976078351885,-4.725128451474839,4
262,PP,HT,S0_Baseline,-0.4300581984932022,-0.6184541959301445,4
263,PP,HT,S0_Baseline,-0.4513674795777371,-0.5811202173597151,4
264,PP,HT,S0_Baseline,-0.5138305906094949,0.10238383268984466,3
265,PP,HT,S0_Baseline,-0.8755247139237387,-3.700957693389101,4
266,PP,HT,S0_Baseline,-0.9319720490622304,-4.050116428020403,4
267,PP,HT,S0_Baseline,-0.40896703283295854,1.2786534158447216,1
268,PP,HT,S0_Baseline,-0.4203229871255291,-0.2856178293136552,4
269,PP,HT,S0_Baseline,-0.49365328560629546,-0.7508997210959074,4
270,PP,HT,S0_Baseline,-0.49150171708752766,0.9082396175607481,3
271,PP,HT,S0_Baseline,-0.8552250204266579,-3.314831006528869,4
272,PP,HT,S0_Baseline,-1.0004786687494283,-4.1964614164685905,4
273,PP,HT,S0_Baseline,-0.5598690631954412,-1.6016013076347562,4
274,PP,HT,S0_Baseline,-0.581178344279976,-1.5642673290643279,4
275,PP,HT,S0_Baseline,-0.6436414553117327,-0.8807632790147665,4
276,PP,HT,S0_Baseline,-1.0053355786259779,-4.68410480509371,4
277,PP,HT,S0_Baseline,-1.061782913764468,-5.033263539725017,4
278,PP,HT,S0_Baseline,-0.5387778975351964,0.2955063041401094,3
279,PP,HT,S0_Baseline,-0.5501338518277683,-1.2687649410182682,4
280,PP,HT,S0_Baseline,-0.6234641503085345,-1.734046832800521,4
281,PP,HT,S0_Baseline,-0.6213125817897662,-0.07490749414386451,4
282,PP,HT,S0_Baseline,-0.985035885128896,-4.2979781182334795,4
283,PP,HT,S0_Baseline,-1.1302895334516656,-5.179608528173205,4
284,PP,HT,S0_Baseline,-0.6013393672016608,-1.8220790405963327,4
285,PP,HT,S0_Baseline,-0.6226486482861956,-1.7847450620259044,4
286,PP,HT,S0_Baseline,-0.6851117593179535,-1.1012410119763432,4
287,PP,HT,S0_Baseline,-1.0468058826321975,-4.904582538055289,4
288,PP,HT,S0_Baseline,-1.1032532177706886,-5.253741272686592,4
289,PP,HT,S0_Baseline,-0.5802482015414161,0.07502857117853284,3
290,PP,HT,S0_Baseline,-0.5916041558339877,-1.4892426739798448,4
291,PP,HT,S0_Baseline,-0.6649344543147536,-1.9545245657620969,4
292,PP,HT,S0_Baseline,-0.6627828857959857,-0.2953852271054408,4
293,PP,HT,S0_Baseline,-1.0265061891351164,-4.518455851195059,4
294,PP,HT,S0_Baseline,-1.1717598374578861,-5.4000862611347795,4
295,PP,HT,S0_Baseline,-0.46506922701615455,0.3776684486363685,3
296,PP,HT,S0_Baseline,-0.4863785081006893,0.4150024272067979,3
297,PP,HT,S0_Baseline,-0.548841619132446,1.0985064772563577,3
298,PP,HT,S0_Baseline,-0.9105357424466911,-2.704835048822585,4
299,PP,HT,S0_Baseline,-0.9669830775851811,-3.0539937834538913,4
300,PP,HT,S0_Baseline,-0.4439780613559097,2.2747760604112344,3
301,PP,HT,S0_Baseline,-0.45533401564848147,0.7105048152528569,3
302,PP,HT,S0_Baseline,-0.5286643141292476,0.245222923470605,3
303,PP,HT,S0_Baseline,-0.5265127456104797,1.9043622621272607,3
304,PP,HT,S0_Baseline,-0.8902360489496085,-2.318708361962354,4
305,PP,HT,S0_Baseline,-1.0354896972723784,-3.2003387719020795,4
306,PP,HT,S0_Baseline,-0.590052679862195,0.032128865522756275,3
307,PP,HT,S0_Baseline,-0.6113619609467281,0.06946284409318507,3
308,PP,HT,S0_Baseline,-0.6738250719784863,0.7529668941427449,3
309,PP,HT,S0_Baseline,-1.0355191952927314,-3.0503746319361995,4
310,PP,HT,S0_Baseline,-1.0919665304312218,-3.3995333665675043,4
311,PP,HT,S0_Baseline,-0.5689615142019502,1.9292364772976214,3
312,PP,HT,S0_Baseline,-0.5803174684945221,0.3649652321392447,3
313,PP,HT,S0_Baseline,-0.6536477669752884,-0.10031665964300841,4
314,PP,HT,S0_Baseline,-0.6514961984565202,1.5588226790136472,3
315,PP,HT,S0_Baseline,-1.0152195017956496,-2.6642479450759677,4
316,PP,HT,S0_Baseline,-1.1604731501184193,-3.545878355015693,4
317,PP,LT,S0_Baseline,-0.29469724383285506,0.8122069381664363,1
318,PP,LT,S0_Baseline,-0.327049195416369,0.7264928769298526,1
319,PP,LT,S0_Baseline,-0.2718864249550536,1.0629697069048747,1
320,PP,LT,S0_Baseline,-0.3548065993499445,0.5532891768937025,1
321,PP,LT,S0_Baseline,-0.3794517918378139,0.5109885486440244,1
322,PP,LT,S0_Baseline,-0.18064921129754793,1.5575150043806427,1
323,PP,LT,S0_Baseline,-0.2841371022747971,0.9104079342291271,1
324,PP,LT,S0_Baseline,-0.3371986457199289,0.7874366915483472,1
325,PP,LT,S0_Baseline,-0.264427786958527,1.0859525384446156,1
326,PP,LT,S0_Baseline,-0.3463003180742611,0.5919405012096748,1
327,PP,LT,S0_Baseline,-0.3545971300554493,0.6140453049755686,1
328,PP,LT,S0_Baseline,-0.41324811509203596,0.29849916512126534,1
329,PP,LT,S0_Baseline,-0.44560006667555,0.21278510388468147,3
330,PP,LT,S0_Baseline,-0.3904372962142333,0.5492619338597032,1
331,PP,LT,S0_Baseline,-0.4733574706091237,0.03958140384853095,3
332,PP,LT,S0_Baseline,-0.49800266309699326,-0.0027192244011473654,4
333,PP,LT,S0_Baseline,-0.29920008255672725,1.0438072313354712,1
334,PP,LT,S0_Baseline,-0.40268797353397645,0.39670016118395596,1
335,PP,LT,S0_Baseline,-0.4557495169791084,0.27372891850317566,3
336,PP,LT,S0_Baseline,-0.38297865821770644,0.5722447653994444,1
337,PP,LT,S0_Baseline,-0.4648511893334422,0.07823272816450358,3
338,PP,LT,S0_Baseline,-0.4731480013146284,0.10033753193039804,3
339,PP,LT,S0_Baseline,-0.48338616650068117,-0.6049962989317319,4
340,PP,LT,S0_Baseline,-0.5157381180841947,-0.6907103601683161,4
341,PP,LT,S0_Baseline,-0.46057534762287944,-0.35423353019329457,4
342,PP,LT,S0_Baseline,-0.5434955220177701,-0.8639140602044663,4
343,PP,LT,S0_Baseline,-0.5681407145056397,-0.9062146884541449,4
344,PP,LT,S0_Baseline,-0.3693381339653736,0.14031176728247285,1
345,PP,LT,S0_Baseline,-0.4728260249426223,-0.5067953028690418,4
346,PP,LT,S0_Baseline,-0.5258875683877544,-0.6297665455498221,4
347,PP,LT,S0_Baseline,-0.45311670962635264,-0.33125069865355283,4
348,PP,LT,S0_Baseline,-0.5349892407420869,-0.8252627358884945,4
349,PP,LT,S0_Baseline,-0.5432860527232746,-0.803157932122601,4
350,PP,LT,S0_Baseline,-0.5296497063652286,-0.7925827003252205,4
351,PP,LT,S0_Baseline,-0.5620016579487424,-0.8782967615618047,4
352,PP,LT,S0_Baseline,-0.5068388874874254,-0.5418199315867832,4
353,PP,LT,S0_Baseline,-0.589759061882316,-1.0515004615979548,4
354,PP,LT,S0_Baseline,-0.6144042543701854,-1.0938010898476347,4
355,PP,LT,S0_Baseline,-0.4156016738299193,-0.04727463411101669,2
356,PP,LT,S0_Baseline,-0.5190895648071684,-0.6943817042625317,4
357,PP,LT,S0_Baseline,-0.5721511082523002,-0.8173529469433108,4
358,PP,LT,S0_Baseline,-0.4993802494908998,-0.5188371000470424,4
359,PP,LT,S0_Baseline,-0.5812527806066342,-1.0128491372819826,4
360,PP,LT,S0_Baseline,-0.5895495925878204,-0.990744333516089,4
361,PP,LT,S0_Baseline,-0.49126787162224295,-0.22755710340696395,4
362,PP,LT,S0_Baseline,-0.5236198232057571,-0.31327116464354726,4
363,PP,LT,S0_Baseline,-0.46845705274444044,0.023205665331474244,3
364,PP,LT,S0_Baseline,-0.5513772271393309,-0.48647486467969836,4
365,PP,LT,S0_Baseline,-0.5760224196272021,-0.5287754929293761,4
366,PP,LT,S0_Baseline,-0.3772198390869342,0.517750962807242,1
367,PP,LT,S0_Baseline,-0.4807077300641844,-0.12935610734427244,4
368,PP,LT,S0_Baseline,-0.5337692735093152,-0.2523273500250524,4
369,PP,LT,S0_Baseline,-0.46099841474791475,0.046188496871216,3
370,PP,LT,S0_Baseline,-0.542870945863649,-0.4478235403637251,4
371,PP,LT,S0_Baseline,-0.5511677578448354,-0.42571873659783066,4
372,PP,LT,S0_Baseline,-0.6660092803241179,-1.7753833700720778,4
373,PP,LT,S0_Baseline,-0.6983612319076322,-1.8610974313086626,4
374,PP,LT,S0_Baseline,-0.643198461446316,-1.5246206013336399,4
375,PP,LT,S0_Baseline,-0.726118635841207,-2.034301131344812,4
376,PP,LT,S0_Baseline,-0.7507638283290766,-2.0766017595944914,4
377,PP,LT,S0_Baseline,-0.5519612477888102,-1.0300753038578734,4
378,PP,LT,S0_Baseline,-0.6554491387660595,-1.6771823740093879,4
379,PP,LT,S0_Baseline,-0.7085106822111916,-1.8001536166901686,4
380,PP,LT,S0_Baseline,-0.6357398234497894,-1.5016377697938998,4
381,PP,LT,S0_Baseline,-0.7176123545655235,-1.9956498070288404,4
382,PP,LT,S0_Baseline,-0.7259091665467119,-1.973545003262947,4
383,PP,LT,S0_Baseline,-0.730598838812109,-2.143710748278428,4
384,PP,LT,S0_Baseline,-0.7629507903956236,-2.229424809515012,4
385,PP,LT,S0_Baseline,-0.7077880199343077,-1.8929479795399908,4
386,PP,LT,S0_Baseline,-0.7907081943291986,-2.4026285095511626,4
387,PP,LT,S0_Baseline,-0.8153533868170683,-2.4449291378008406,4
388,PP,LT,S0_Baseline,-0.6165508062768021,-1.398402682064223,4
389,PP,LT,S0_Baseline,-0.720038697254051,-2.0455097522157373,4
390,PP,LT,S0_Baseline,-0.7731002406991831,-2.168480994896518,4
391,PP,LT,S0_Baseline,-0.7003293819377809,-1.8699651480002495,4
392,PP,LT,S0_Baseline,-0.7822019130535154,-2.3639771852351905,4
393,PP,LT,S0_Baseline,-0.7904987250347028,-2.3418723814692965,4
394,PP,LT,S0_Baseline,-0.4565028053354817,1.0358846657654044,3
395,PP,LT,S0_Baseline,-0.4888547569189958,0.9501706045288204,3
396,PP,LT,S0_Baseline,-0.43369198645768026,1.286647434503842,3
397,PP,LT,S0_Baseline,-0.516612160852571,0.7769669044926703,3
398,PP,LT,S0_Baseline,-0.5412573533404407,0.7346662762429914,3
399,PP,LT,S0_Baseline,-0.342454772800174,1.78119273197961,1
400,PP,LT,S0_Baseline,-0.4459426637774236,1.1340856618280948,3
401,PP,LT,S0_Baseline,-0.499004207222554,1.0111144191473145,3
402,PP,LT,S0_Baseline,-0.4262333484611533,1.3096302660435837,3
403,PP,LT,S0_Baseline,-0.5081058795768877,0.815618228808642,3
404,PP,LT,S0_Baseline,-0.5164026915580756,0.8377230325745365,3
405,PP,LT,S0_Baseline,-0.5607937054527333,0.7985753581064364,3
406,PP,LT,S0_Baseline,-0.5931456570362462,0.7128612968698526,3
407,PP,LT,S0_Baseline,-0.5379828865749308,1.049338126844874,3
408,PP,LT,S0_Baseline,-0.6209030609698212,0.5396575968337017,3
409,PP,LT,S0_Baseline,-0.645548253457691,0.49735696858402373,3
410,PP,LT,S0_Baseline,-0.44674567291742506,1.5438834243206419,3
411,PP,LT,S0_Baseline,-0.5502335638946738,0.8967763541691266,3
412,PP,LT,S0_Baseline,-0.6032951073398058,0.7738051114883466,3
413,PP,LT,S0_Baseline,-0.5305242485784036,1.0723209583846154,3
414,PP,LT,S0_Baseline,-0.6123967796941394,0.578308921149674,3
415,PP,LT,S0_Baseline,-0.6206935916753257,0.6004137249155682,3
416,PP,HT,S0_Baseline,-0.35325747576814154,-0.30080314259500207,2
417,PP,HT,S0_Baseline,-0.4247513682653921,-0.39853624421691536,4
418,PP,HT,S0_Baseline,-0.4681850424112615,-0.23041761741309016,4
419,PP,HT,S0_Baseline,-0.7642348769483389,-1.341905970638435,4
420,PP,HT,S0_Baseline,-0.7357535953715139,-1.5980655546635898,4
421,PP,HT,S0_Baseline,-0.2842338087172418,1.8027721982757163,1
422,PP,HT,S0_Baseline,-0.35630220943315455,-0.5548467310494849,2
423,PP,HT,S0_Baseline,-0.4392415992746821,-1.413579167812756,4
424,PP,HT,S0_Baseline,-0.4297221439245092,0.05814864894764602,3
425,PP,HT,S0_Baseline,-0.8837694658972906,-4.302403280249021,4
426,PP,HT,S0_Baseline,-0.7853175829118366,-3.4497271193091583,4
427,PP,LT,S0_Baseline,-0.3749395024488327,-0.12043210468335538,2
428,PP,LT,S0_Baseline,-0.43355335362878167,-0.3271559513452363,4
429,PP,LT,S0_Baseline,-0.38477582689543627,0.34623151088972004,1
430,PP,LT,S0_Baseline,-0.5912144841317486,-1.5378975581685153,4
431,PP,LT,S0_Baseline,-0.6526805713666519,-1.8251830253143624,4
432,PP,LT,S0_Baseline,-0.30127893427160257,1.0004028976169712,1
433,PP,LT,S0_Baseline,-0.385490024144587,-0.14449696876517146,2
434,PP,LT,S0_Baseline,-0.5294744809393066,-0.7812936648591444,4
435,PP,LT,S0_Baseline,-0.3923462457523212,0.3466775162420261,1
436,PP,LT,S0_Baseline,-0.6840795224631693,-1.9067931418740014,4
437,PP,LT,S0_Baseline,-0.5633611315022584,-1.5862516652060519,4
438,PP,SG,S0_Baseline,-0.17797523337304869,-0.8731966091620419,2
439,PP,SG,S0_Baseline,-0.3251883874799537,-1.9193337033501265,2
440,PP,SG,S0_Baseline,-0.2663007388581137,-0.9125210175607154,2
441,PP,SG,S0_Baseline,-0.8256103102130765,-6.138011008848294,4
442,PP,SG,S0_Baseline,-0.9780534054916038,-7.170534527355541,4
443,PP,SG,S0_Baseline,-0.19354347577121686,-0.7887275068430254,2
444,PP,SG,S0_Baseline,-0.40558730322973363,-2.1969745577782605,2
445,PP,SG,S0_Baseline,-0.29430279201855813,-0.9383752013217321,2
446,PP,SG,S0_Baseline,-0.8327116599068811,-6.16561939977165,4
447,PP,SG,S0_Baseline,-1.021240096319658,-7.194664136254006,4
448,PP,OG,S0_Baseline,-0.3977167670509036,0.22364599687367528,1
449,PP,OG,S0_Baseline,-0.47184397133582295,-0.2538732886101276,4
450,PP,OG,S0_Baseline,-0.4518463434440412,0.9435489238864899,3
451,PP,OG,S0_Baseline,-0.8381126871950447,-3.3072109013951327,4
452,PP,OG,S0_Baseline,-0.8908890751774279,-3.4822564744513347,4
453,PP,OG,S0_Baseline,-0.3778678560110759,0.3967524107758385,1
454,PP,OG,S0_Baseline,-0.30898797118505,0.6748984865381441,1
455,PP,OG,S0_Baseline,-0.45182094111289517,0.41159676229363173,3
456,PP,OG,S0_Baseline,-0.7533550377934688,-2.7699032799533927,4
457,PP,OG,S0_Baseline,-0.7072839595041476,-2.722086915233648,4
458,PVC,HT,S0_Baseline,-0.5808874142596908,-0.2406860133156079,4
459,PVC,HT,S0_Baseline,-0.6676100660785608,-0.30145175277419894,4
460,PVC,HT,S0_Baseline,-0.5383790856646566,0.40541941380294955,3
461,PVC,HT,S0_Baseline,-0.6789879727749424,-0.76355254076108,4
462,PVC,HT,S0_Baseline,-0.7319422518226301,-0.7254824623290744,4
463,PVC,HT,S0_Baseline,-0.4634157552056613,0.6320645081515524,3
464,PVC,HT,S0_Baseline,-0.5199757221456329,0.3477389213557539,3
465,PVC,HT,S0_Baseline,-0.5718038225177903,0.19221578412264065,3
466,PVC,HT,S0_Baseline,-0.5160535752859605,0.35901669061191177,3
467,PVC,HT,S0_Baseline,-0.5693593400917841,0.08660869674561322,3
468,PVC,HT,S0_Baseline,-0.5995869174248213,-0.11055780042120993,4
469,PVC,HT,S0_Baseline,-0.6645534173703924,-0.4074239883330971,4
470,PVC,HT,S0_Baseline,-0.751276069189262,-0.4681897277916878,4
471,PVC,HT,S0_Baseline,-0.6220450887753581,0.23868143878546058,3
472,PVC,HT,S0_Baseline,-0.7626539758856437,-0.9302905157785699,4
473,PVC,HT,S0_Baseline,-0.8156082549333314,-0.8922204373465633,4
474,PVC,HT,S0_Baseline,-0.5470817583163626,0.4653265331340632,3
475,PVC,HT,S0_Baseline,-0.6036417252563343,0.18100094633826494,3
476,PVC,HT,S0_Baseline,-0.6554698256284913,0.025477809105151444,3
477,PVC,HT,S0_Baseline,-0.5997195783966619,0.19227871559442297,3
478,PVC,HT,S0_Baseline,-0.6530253432024854,-0.08012927827187598,4
479,PVC,HT,S0_Baseline,-0.6832529205355226,-0.2772957754386991,4
480,PVC,HT,S0_Baseline,-0.7061093372435893,-0.8486351190769058,4
481,PVC,HT,S0_Baseline,-0.7928319890624588,-0.9094008585354966,4
482,PVC,HT,S0_Baseline,-0.663601008648555,-0.20252969195834844,4
483,PVC,HT,S0_Baseline,-0.8042098957588404,-1.3715016465223786,4
484,PVC,HT,S0_Baseline,-0.8571641748065281,-1.3334315680903719,4
485,PVC,HT,S0_Baseline,-0.5886376781895593,0.02411540239025414,3
486,PVC,HT,S0_Baseline,-0.6451976451295309,-0.2602101844055444,4
487,PVC,HT,S0_Baseline,-0.6970257455016882,-0.4157333216386577,4
488,PVC,HT,S0_Baseline,-0.6412754982698586,-0.24893241514938622,4
489,PVC,HT,S0_Baseline,-0.694581263075682,-0.5213404090156853,4
490,PVC,HT,S0_Baseline,-0.7248088404087193,-0.7185069061825085,4
491,PVC,HT,S0_Baseline,-0.7242608425577978,-0.8644339280394637,4
492,PVC,HT,S0_Baseline,-0.8109834943766673,-0.9251996674980539,4
493,PVC,HT,S0_Baseline,-0.6817525139627633,-0.21832850092090636,4
494,PVC,HT,S0_Baseline,-0.8223614010730487,-1.3873004554849362,4
495,PVC,HT,S0_Baseline,-0.8753156801207365,-1.34923037705293,4
496,PVC,HT,S0_Baseline,-0.6067891835037679,0.008316593427696526,3
497,PVC,HT,S0_Baseline,-0.6633491504437393,-0.2760089933681017,4
498,PVC,HT,S0_Baseline,-0.7151772508158963,-0.43153213060121537,4
499,PVC,HT,S0_Baseline,-0.659427003584067,-0.26473122411194383,4
500,PVC,HT,S0_Baseline,-0.7127327683898905,-0.537139217978242,4
501,PVC,HT,S0_Baseline,-0.7429603457229275,-0.734305715145066,4
502,PVC,HT,S0_Baseline,-0.7043266528784896,-0.6210965319256944,4
503,PVC,HT,S0_Baseline,-0.791049304697359,-0.6818622713842851,4
504,PVC,HT,S0_Baseline,-0.6618183242834552,0.0250088951928629,3
505,PVC,HT,S0_Baseline,-0.802427211393741,-1.1439630593711674,4
506,PVC,HT,S0_Baseline,-0.8553814904414284,-1.105892980939161,4
507,PVC,HT,S0_Baseline,-0.5868549938244598,0.2516539895414656,3
508,PVC,HT,S0_Baseline,-0.6434149607644315,-0.0326715972543332,4
509,PVC,HT,S0_Baseline,-0.6952430611365886,-0.18819473448744625,4
510,PVC,HT,S0_Baseline,-0.639492813904759,-0.021393827998174877,4
511,PVC,HT,S0_Baseline,-0.6927985787105826,-0.2938018218644737,4
512,PVC,HT,S0_Baseline,-0.7230261560436199,-0.4909683190312973,4
513,PVC,HT,S0_Baseline,-0.7958908119390079,-1.375959150423991,4
514,PVC,HT,S0_Baseline,-0.8826134637578775,-1.4367248898825824,4
515,PVC,HT,S0_Baseline,-0.7533824833439733,-0.7298537233054337,4
516,PVC,HT,S0_Baseline,-0.8939913704542594,-1.8988256778694637,4
517,PVC,HT,S0_Baseline,-0.9469456495019466,-1.8607555994374578,4
518,PVC,HT,S0_Baseline,-0.6784191528849779,-0.503208628956831,4
519,PVC,HT,S0_Baseline,-0.7349791198249493,-0.7875342157526296,4
520,PVC,HT,S0_Baseline,-0.786807220197107,-0.9430573529857427,4
521,PVC,HT,S0_Baseline,-0.7310569729652773,-0.7762564464964715,4
522,PVC,HT,S0_Baseline,-0.7843627377711009,-1.04866444036277,4
523,PVC,HT,S0_Baseline,-0.8145903151041378,-1.2458309375295937,4
524,PVC,HT,S0_Baseline,-0.827760006072762,-1.5457636598990563,4
525,PVC,HT,S0_Baseline,-0.9144826578916317,-1.6065293993576466,4
526,PVC,HT,S0_Baseline,-0.7852516774777277,-0.8996582327804988,4
527,PVC,HT,S0_Baseline,-0.9258605645880136,-2.0686301873445285,4
528,PVC,HT,S0_Baseline,-0.9788148436357013,-2.030560108912522,4
529,PVC,HT,S0_Baseline,-0.7102883470187321,-0.6730131384318957,4
530,PVC,HT,S0_Baseline,-0.7668483139587037,-0.9573387252276943,4
531,PVC,HT,S0_Baseline,-0.8186764143308611,-1.1128618624608075,4
532,PVC,HT,S0_Baseline,-0.7629261670990316,-0.9460609559715357,4
533,PVC,HT,S0_Baseline,-0.8162319319048549,-1.218468949837835,4
534,PVC,HT,S0_Baseline,-0.8464595092378919,-1.4156354470046586,4
535,PVC,HT,S0_Baseline,-0.7891306913638231,0.09335191220596523,3
536,PVC,HT,S0_Baseline,-0.8758533431826929,0.03258617274737418,3
537,PVC,HT,S0_Baseline,-0.7466223627687888,0.7394573393245226,3
538,PVC,HT,S0_Baseline,-0.8872312498790745,-0.42951461523950724,4
539,PVC,HT,S0_Baseline,-0.940185528926762,-0.3914445368075013,4
540,PVC,HT,S0_Baseline,-0.6716590323097932,0.9661024336731253,3
541,PVC,HT,S0_Baseline,-0.728218999249765,0.6817768468773271,3
542,PVC,HT,S0_Baseline,-0.780047099621922,0.5262537096442138,3
543,PVC,HT,S0_Baseline,-0.7242968523900926,0.693054616133485,3
544,PVC,HT,S0_Baseline,-0.7776026171959161,0.42064662226718635,3
545,PVC,HT,S0_Baseline,-0.807830194528953,0.2234801251003629,3
546,PVC,HT,S0_Baseline,-0.8642615236443899,-0.1895741739939645,4
547,PVC,HT,S0_Baseline,-0.9509841754632595,-0.25033991345255524,4
548,PVC,HT,S0_Baseline,-0.8217531950493553,0.45653125312459336,3
549,PVC,HT,S0_Baseline,-0.9623620821596409,-0.7124407014394369,4
550,PVC,HT,S0_Baseline,-1.015316361207329,-0.6743706230074308,4
551,PVC,HT,S0_Baseline,-0.7467898645903598,0.6831763474731961,3
552,PVC,HT,S0_Baseline,-0.8033498315303312,0.39885076067739755,3
553,PVC,HT,S0_Baseline,-0.8551779319024885,0.24332762344428435,3
554,PVC,HT,S0_Baseline,-0.7994276846706587,0.41012852993355564,3
555,PVC,HT,S0_Baseline,-0.8527334494764826,0.13772053606725693,3
556,PVC,HT,S0_Baseline,-0.8829610268095197,-0.05944596109956652,4
557,PVC,LT,S0_Baseline,-0.5368919154645491,-0.40957113911677034,4
558,PVC,LT,S0_Baseline,-0.6312854772268089,-0.4373136570937091,4
559,PVC,LT,S0_Baseline,-0.48616753177959837,0.382173666511915,3
560,PVC,LT,S0_Baseline,-0.6515309972959046,-1.028720600880415,4
561,PVC,LT,S0_Baseline,-0.5611520509599528,-0.6503835248056644,4
562,PVC,LT,S0_Baseline,-0.3995154245902002,0.6552319347070953,1
563,PVC,LT,S0_Baseline,-0.4705768715911486,0.2662476675109783,3
564,PVC,LT,S0_Baseline,-0.49980575055833043,0.17366117943110138,3
565,PVC,LT,S0_Baseline,-0.46437733004105186,0.3133947287018917,3
566,PVC,LT,S0_Baseline,-0.5170654826145765,0.05182054269808203,3
567,PVC,LT,S0_Baseline,-0.531090721910482,-0.008554421760810614,4
568,PVC,LT,S0_Baseline,-0.656808753436774,-0.5805435826852691,4
569,PVC,LT,S0_Baseline,-0.7512023151990344,-0.6082861006622079,4
570,PVC,LT,S0_Baseline,-0.6060843697518237,0.21120122294341565,3
571,PVC,LT,S0_Baseline,-0.7714478352681294,-1.1996930444489144,4
572,PVC,LT,S0_Baseline,-0.6810688889321779,-0.8213559683741641,4
573,PVC,LT,S0_Baseline,-0.5194322625624253,0.48425949113859573,3
574,PVC,LT,S0_Baseline,-0.5904937095633738,0.09527522394247905,3
575,PVC,LT,S0_Baseline,-0.6197225885305558,0.0026887358626022937,3
576,PVC,LT,S0_Baseline,-0.5842941680132772,0.14242228513339222,3
577,PVC,LT,S0_Baseline,-0.6369823205868013,-0.11915190087041735,4
578,PVC,LT,S0_Baseline,-0.6510075598827072,-0.17952686532931014,4
579,PVC,LT,S0_Baseline,-0.6870016268427103,-1.017303354672504,4
580,PVC,LT,S0_Baseline,-0.7813951886049706,-1.0450458726494423,4
581,PVC,LT,S0_Baseline,-0.6362772431577596,-0.22555854904381842,4
582,PVC,LT,S0_Baseline,-0.8016407086740659,-1.636452816436149,4
583,PVC,LT,S0_Baseline,-0.7112617623381139,-1.258115740361398,4
584,PVC,LT,S0_Baseline,-0.5496251359683619,0.04749971915136143,3
585,PVC,LT,S0_Baseline,-0.62068658296931,-0.3414845480447555,4
586,PVC,LT,S0_Baseline,-0.6499154619364916,-0.4340710361246324,4
587,PVC,LT,S0_Baseline,-0.6144870414192133,-0.294337486853842,4
588,PVC,LT,S0_Baseline,-0.6671751939927378,-0.5559116728576518,4
589,PVC,LT,S0_Baseline,-0.6812004332886435,-0.6162866373165443,4
590,PVC,LT,S0_Baseline,-0.729828330483833,-1.1167689840521455,4
591,PVC,LT,S0_Baseline,-0.8242218922460933,-1.1445115020290844,4
592,PVC,LT,S0_Baseline,-0.6791039467988826,-0.32502417842346,4
593,PVC,LT,S0_Baseline,-0.8444674123151884,-1.7359184458157904,4
594,PVC,LT,S0_Baseline,-0.7540884659792368,-1.3575813697410393,4
595,PVC,LT,S0_Baseline,-0.5924518396094844,-0.05196591022827983,4
596,PVC,LT,S0_Baseline,-0.6635132866104327,-0.44095017742439657,4
597,PVC,LT,S0_Baseline,-0.6927421655776146,-0.5335366655042738,4
598,PVC,LT,S0_Baseline,-0.657313745060336,-0.3938031162334836,4
599,PVC,LT,S0_Baseline,-0.7100018976338606,-0.6553773022372928,4
600,PVC,LT,S0_Baseline,-0.7240271369297663,-0.7157522666961855,4
601,PVC,LT,S0_Baseline,-0.6931264962745053,-0.8078804345052054,4
602,PVC,LT,S0_Baseline,-0.7875200580367656,-0.8356229524821439,4
603,PVC,LT,S0_Baseline,-0.6424021125895547,-0.0161356288765198,4
604,PVC,LT,S0_Baseline,-0.8077655781058608,-1.4270298962688506,4
605,PVC,LT,S0_Baseline,-0.7173866317699091,-1.0486928201940995,4
606,PVC,LT,S0_Baseline,-0.5557500054001565,0.2569226393186599,3
607,PVC,LT,S0_Baseline,-0.6268114524011048,-0.13206162787745684,4
608,PVC,LT,S0_Baseline,-0.6560403313682867,-0.22464811595733358,4
609,PVC,LT,S0_Baseline,-0.6206119108510084,-0.08491456668654368,4
610,PVC,LT,S0_Baseline,-0.6733000634245324,-0.3464887526903534,4
611,PVC,LT,S0_Baseline,-0.6873253027204383,-0.40686371714924574,4
612,PVC,LT,S0_Baseline,-0.736374655696638,-1.4026043269248263,4
613,PVC,LT,S0_Baseline,-0.8307682174588975,-1.4303468449017644,4
614,PVC,LT,S0_Baseline,-0.6856502720116868,-0.6108595212961412,4
615,PVC,LT,S0_Baseline,-0.8510137375279934,-2.0217537886884727,4
616,PVC,LT,S0_Baseline,-0.7606347911920418,-1.643416712613721,4
617,PVC,LT,S0_Baseline,-0.5989981648222888,-0.337801253100961,4
618,PVC,LT,S0_Baseline,-0.6700596118232371,-0.7267855202970782,4
619,PVC,LT,S0_Baseline,-0.6992884907904193,-0.8193720083769548,4
620,PVC,LT,S0_Baseline,-0.6638600702731404,-0.6796384591061648,4
621,PVC,LT,S0_Baseline,-0.7165482228466646,-0.9412126451099745,4
622,PVC,LT,S0_Baseline,-0.7305734621425708,-1.0015876095688672,4
623,PVC,LT,S0_Baseline,-0.8269849945902644,-1.8396176890249956,4
624,PVC,LT,S0_Baseline,-0.9213785563525246,-1.8673602070019346,4
625,PVC,LT,S0_Baseline,-0.7762606109053138,-1.0478728833963105,4
626,PVC,LT,S0_Baseline,-0.94162407642162,-2.458767150788641,4
627,PVC,LT,S0_Baseline,-0.8512451300856684,-2.0804300747138895,4
628,PVC,LT,S0_Baseline,-0.6896085037159156,-0.7748146152011308,4
629,PVC,LT,S0_Baseline,-0.7606699507168642,-1.1637988823972476,4
630,PVC,LT,S0_Baseline,-0.7898988296840459,-1.2563853704771244,4
631,PVC,LT,S0_Baseline,-0.7544704091667678,-1.1166518212063339,4
632,PVC,LT,S0_Baseline,-0.807158561740292,-1.3782260072101438,4
633,PVC,LT,S0_Baseline,-0.8211838010361976,-1.4386009716690367,4
634,PVC,LT,S0_Baseline,-0.8086142281669766,-0.19324862151718766,4
635,PVC,LT,S0_Baseline,-0.9030077899292366,-0.22099113949412674,4
636,PVC,LT,S0_Baseline,-0.7578898444820259,0.5984961841114975,3
637,PVC,LT,S0_Baseline,-0.923253309998332,-0.8123980832808331,4
638,PVC,LT,S0_Baseline,-0.8328743636623804,-0.43406100720608204,4
639,PVC,LT,S0_Baseline,-0.671237737292628,0.8715544523066774,3
640,PVC,LT,S0_Baseline,-0.742299184293576,0.4825701851105607,3
641,PVC,LT,S0_Baseline,-0.7715280632607581,0.3899836970306836,3
642,PVC,LT,S0_Baseline,-0.7360996427434796,0.5297172463014739,3
643,PVC,LT,S0_Baseline,-0.7887877953170042,0.2681430602976644,3
644,PVC,LT,S0_Baseline,-0.8028130346129098,0.20776809583877162,3
645,PVC,LT,S0_Baseline,-0.8788815914555973,-0.4716745868244505,4
646,PVC,LT,S0_Baseline,-0.9732751532178576,-0.49941710480138896,4
647,PVC,LT,S0_Baseline,-0.8281572077706464,0.3200702188042353,3
648,PVC,LT,S0_Baseline,-0.9935206732869528,-1.0908240485880953,4
649,PVC,LT,S0_Baseline,-0.903141726951001,-0.7124869725133446,4
650,PVC,LT,S0_Baseline,-0.7415051005812484,0.5931284869994153,3
651,PVC,LT,S0_Baseline,-0.8125665475821969,0.20414421980329855,3
652,PVC,LT,S0_Baseline,-0.8417954265493788,0.11155773172342137,3
653,PVC,LT,S0_Baseline,-0.8063670060321002,0.2512912809942117,3
654,PVC,LT,S0_Baseline,-0.8590551586056245,-0.01028290500959769,4
655,PVC,LT,S0_Baseline,-0.8730803979015305,-0.07065786946849048,4
656,PVC,HT,S0_Baseline,-0.6978373559523187,-0.30172913005385144,4
657,PVC,HT,S0_Baseline,-0.7553265957855197,-0.45211973877080264,4
658,PVC,HT,S0_Baseline,-0.6472561763567004,-1.1412129295230264,4
659,PVC,HT,S0_Baseline,-0.9470462775730445,-1.5571897903116583,4
660,PVC,HT,S0_Baseline,-0.9328565349050686,-1.5528318385413935,4
661,PVC,HT,S0_Baseline,-0.5711526411884696,0.3644065323998296,3
662,PVC,HT,S0_Baseline,-0.6309369574090761,-0.6208247211463612,4
663,PVC,HT,S0_Baseline,-0.7076042086668557,-0.7741974104408113,4
664,PVC,HT,S0_Baseline,-0.6285144955460407,0.16120804221140161,3
665,PVC,HT,S0_Baseline,-0.7875805219638474,-1.389279258711871,4
666,PVC,HT,S0_Baseline,-0.8707484919495602,-1.648168733367443,4
667,PVC,LT,S0_Baseline,-0.6470862186968878,-0.8760306382911658,4
668,PVC,LT,S0_Baseline,-0.6862825126947368,-0.8915482301960811,4
669,PVC,LT,S0_Baseline,-0.6268197452483792,-0.10597401605138392,4
670,PVC,LT,S0_Baseline,-0.8566866908052694,-1.9094750115850907,4
671,PVC,LT,S0_Baseline,-0.861770075272374,-2.068584203977796,4
672,PVC,LT,S0_Baseline,-0.5237748070754816,0.4878849720008597,3
673,PVC,LT,S0_Baseline,-0.6079206068859702,-0.2938413827057834,4
674,PVC,LT,S0_Baseline,-0.6799374390103069,-0.46852869113321244,4
675,PVC,LT,S0_Baseline,-0.6071762543024429,0.06697213800768584,3
676,PVC,LT,S0_Baseline,-0.754699187226328,-1.1528265947515401,4
677,PVC,LT,S0_Baseline,-0.8125224338505104,-1.4105675551546246,4
678,PVC,SG,S0_Baseline,-0.481556396817777,-0.5731524927330786,4
679,PVC,SG,S0_Baseline,-0.49679020006229835,-0.5381051955599024,4
680,PVC,SG,S0_Baseline,-0.5038847222165806,-0.3744079390301937,4
681,PVC,SG,S0_Baseline,-0.7587233410981927,-2.557844540377194,4
682,PVC,SG,S0_Baseline,-0.7739261853983441,-2.5277639649355628,4
683,PVC,SG,S0_Baseline,-0.4686068153812684,-0.5146891835432288,4
684,PVC,SG,S0_Baseline,-0.5370774818317298,-0.7704335604624444,4
685,PVC,SG,S0_Baseline,-0.5322620823751655,-0.6556108323476505,4
686,PVC,SG,S0_Baseline,-0.7329796074123545,-2.5831167726883684,4
687,PVC,SG,S0_Baseline,-0.7987541214639473,-2.8586838187754644,4
688,PVC,OG,S0_Baseline,-0.5806834243451855,-0.29427960097751454,4
689,PVC,OG,S0_Baseline,-0.6088245134272212,0.034474138007640986,3
690,PVC,OG,S0_Baseline,-0.5741845357965616,0.3006275705422804,3
691,PVC,OG,S0_Baseline,-0.7685655931474715,-1.4194598698150867,4
692,PVC,OG,S0_Baseline,-0.9715118625615107,-2.3165069036421615,4
693,PVC,OG,S0_Baseline,-0.5347380797735429,0.299151319952829,3
694,PVC,OG,S0_Baseline,-0.5961903041567514,0.2827355423239243,3
695,PVC,OG,S0_Baseline,-0.5700017406749526,0.3595211945212359,3
696,PVC,OG,S0_Baseline,-0.6814087187421215,-0.9714624119765926,4
697,PVC,OG,S0_Baseline,-0.7501854621946782,-0.8467486557081384,4
698,PS,HT,S0_Baseline,-0.25243927634505997,1.7024303958992903,1
699,PS,HT,S0_Baseline,-0.45100825012076984,1.3075621132826052,3
700,PS,HT,S0_Baseline,-0.5105589669750304,0.3616534762778124,3
701,PS,HT,S0_Baseline,-0.5564445948342467,0.13256874806945293,3
702,PS,HT,S0_Baseline,-0.5267936498247984,0.7339903301282361,3
703,PS,HT,S0_Baseline,-0.7309618664211174,-1.102727133336735,4
704,PS,HT,S0_Baseline,-0.8054067966819293,-1.5488956265024898,4
705,PS,HT,S0_Baseline,-0.6151427063233106,2.339098253078203,3
706,PS,HT,S0_Baseline,-0.7006364799541597,1.9775658289861056,3
707,PS,LT,S0_Baseline,-0.24588958724186327,1.7596327074647609,1
708,PS,LT,S0_Baseline,-0.34973218284527774,1.5473664746147615,1
709,PS,LT,S0_Baseline,-0.4865226053991451,0.34550652004510374,3
710,PS,LT,S0_Baseline,-0.5385106919561876,0.11058322721950799,3
711,PS,LT,S0_Baseline,-0.48514037230845175,0.8366707180741647,3
712,PS,LT,S0_Baseline,-0.7031117347437237,-1.10296182573769,4
713,PS,LT,S0_Baseline,-0.7807457946046975,-1.5653501207885125,4
714,PS,LT,S0_Baseline,-0.20764256020669364,2.9708031849057353,1
715,PS,LT,S0_Baseline,-0.33673494428616196,2.6513901641134003,1
716,PS,SG,S0_Baseline,-0.28224337698778795,-0.7744345658941916,2
717,PS,SG,S0_Baseline,-0.25967368093100535,-0.7878748532393077,2
718,PS,SG,S0_Baseline,-0.329906784541905,-0.4999194784494999,2
719,PS,SG,S0_Baseline,-0.839139094289388,-5.197645664008486,4
720,PS,SG,S0_Baseline,-0.7958800395959519,-5.152720595223425,4
721,PS,SG,S0_Baseline,-0.2581836687160113,-0.4592289406348875,2
722,PS,SG,S0_Baseline,-0.34453700259491526,-1.01019243081095,2
723,PS,SG,S0_Baseline,-0.4013611910376525,-1.0569942778908483,2
724,PS,SG,S0_Baseline,-0.9099244299196599,-5.0357257698652935,4
725,PS,SG,S0_Baseline,-1.006581739768416,-5.642842798978654,4
726,PS,OG,S0_Baseline,-0.5671992231652564,-0.6966136806557116,4
727,PS,OG,S0_Baseline,-0.6957282366675537,-0.3190232340643826,4
728,PS,OG,S0_Baseline,-0.49292385125579735,1.0469255441072345,3
729,PS,OG,S0_Baseline,-0.9185898477843042,-3.1735362348536027,4
730,PS,OG,S0_Baseline,-0.9187501060403933,-2.653202010636732,4
731,PS,OG,S0_Baseline,-0.4077108246829442,0.9616615645564947,1
732,PS,OG,S0_Baseline,-0.439482237143894,1.0862351166239999,3
733,PS,OG,S0_Baseline,-0.5046464277051894,0.8652215176195511,3
734,PS,OG,S0_Baseline,-0.7278025890902409,-1.5161137485765341,4
735,PS,OG,S0_Baseline,-0.7027761746696134,-1.3524594303433433,4
736,PE,HT,S0_Baseline,-0.22210458307664807,0.44984359742782326,1
737,PE,HT,S0_Baseline,-0.28253702675092274,0.019223718475001456,1
738,PE,HT,S0_Baseline,-0.2988667715877132,0.7557794316413152,1
739,PE,HT,S0_Baseline,-0.6085212417481408,-2.2236388115127803,4
740,PE,HT,S0_Baseline,-0.7123426782790677,-2.9591119376071284,4
741,PE,HT,S0_Baseline,-0.231564573878603,1.9214336092949411,1
742,PE,HT,S0_Baseline,-0.22865134059695066,0.43682740745089027,1
743,PE,HT,S0_Baseline,-0.316342011925169,-0.09165101005581885,2
744,PE,HT,S0_Baseline,-0.31464298951804875,0.7394459086226853,1
745,PE,HT,S0_Baseline,-0.6639410991754277,-2.561957818892543,4
746,PE,HT,S0_Baseline,-0.7817129729671803,-3.341639135821588,4
747,PE,HT,S0_Baseline,-0.3453434696044457,0.13982171076639116,1
748,PE,HT,S0_Baseline,-0.40577591327871876,-0.2907981681864306,2
749,PE,HT,S0_Baseline,-0.4221056581155094,0.44575754497988285,3
750,PE,HT,S0_Baseline,-0.7317601282759376,-2.5336606981742147,4
751,PE,HT,S0_Baseline,-0.8355815648068647,-3.2691338242685615,4
752,PE,HT,S0_Baseline,-0.35480346040640054,1.6114117226335094,1
753,PE,HT,S0_Baseline,-0.3518902271247468,0.12680552078945845,1
754,PE,HT,S0_Baseline,-0.4395808984529651,-0.4016728967172509,4
755,PE,HT,S0_Baseline,-0.43788187604584505,0.42942402196125357,3
756,PE,HT,S0_Baseline,-0.7871799857032248,-2.8719797055539775,4
757,PE,HT,S0_Baseline,-0.9049518594949759,-3.651661022483021,4
758,PE,HT,S0_Baseline,-0.4048775987927198,-0.5544794415007186,2
759,PE,HT,S0_Baseline,-0.46531004246699437,-0.985099320453541,4
760,PE,HT,S0_Baseline,-0.48163978730378515,-0.24854360728722663,4
761,PE,HT,S0_Baseline,-0.7912942574642131,-3.2279618504413223,4
762,PE,HT,S0_Baseline,-0.8951156939951396,-3.9634349765356696,4
763,PE,HT,S0_Baseline,-0.41433758959467487,0.9171105703663986,1
764,PE,HT,S0_Baseline,-0.41142435631302243,-0.5674956314776507,2
765,PE,HT,S0_Baseline,-0.49911502764124066,-1.09597404898436,4
766,PE,HT,S0_Baseline,-0.4974160052341207,-0.26487713030585647,4
767,PE,HT,S0_Baseline,-0.8467141148914992,-3.5662808578210856,4
768,PE,HT,S0_Baseline,-0.9644859886832521,-4.34596217475013,4
769,PE,HT,S0_Baseline,-0.4494266476819369,-0.722887202452493,4
770,PE,HT,S0_Baseline,-0.5098590913562115,-1.1535070814053145,4
771,PE,HT,S0_Baseline,-0.5261888361930023,-0.41695136823900075,4
772,PE,HT,S0_Baseline,-0.83584330635343,-3.3963696113930966,4
773,PE,HT,S0_Baseline,-0.9396647428843564,-4.131842737487443,4
774,PE,HT,S0_Baseline,-0.4588866384838919,0.7487028094146249,3
775,PE,HT,S0_Baseline,-0.4559734052022394,-0.7359033924294248,4
776,PE,HT,S0_Baseline,-0.5436640765304577,-1.2643818099361346,4
777,PE,HT,S0_Baseline,-0.5419650541233374,-0.4332848912576303,4
778,PE,HT,S0_Baseline,-0.8912631637807162,-3.7346886187728585,4
779,PE,HT,S0_Baseline,-1.0090350375724682,-4.514369935701903,4
780,PE,HT,S0_Baseline,-0.4062305867343224,-0.20332090267795652,2
781,PE,HT,S0_Baseline,-0.46666303040859647,-0.6339407816307792,4
782,PE,HT,S0_Baseline,-0.4829927752453874,0.10261493153553575,3
783,PE,HT,S0_Baseline,-0.7926472454058165,-2.8768033116185605,4
784,PE,HT,S0_Baseline,-0.8964686819367432,-3.6122764377129077,4
785,PE,HT,S0_Baseline,-0.41569057753627703,1.2682691091891616,1
786,PE,HT,S0_Baseline,-0.4127773442546247,-0.2163370926548895,2
787,PE,HT,S0_Baseline,-0.5004680155828432,-0.7448155101615981,4
788,PE,HT,S0_Baseline,-0.49876899317572343,0.0862814085169056,3
789,PE,HT,S0_Baseline,-0.8480671028331037,-3.215122318998324,4
790,PE,HT,S0_Baseline,-0.9658389766248544,-3.994803635927368,4
791,PE,HT,S0_Baseline,-0.48398414095222453,-0.8584561273110267,4
792,PE,HT,S0_Baseline,-0.5444165846264991,-1.2890760062638493,4
793,PE,HT,S0_Baseline,-0.5607463294632895,-0.5525202930975354,4
794,PE,HT,S0_Baseline,-0.8704007996237189,-3.531938536251631,4
795,PE,HT,S0_Baseline,-0.9742222361546445,-4.267411662345981,4
796,PE,HT,S0_Baseline,-0.49344413175417967,0.6131338845560896,3
797,PE,HT,S0_Baseline,-0.49053089847252707,-0.8714723172879609,4
798,PE,HT,S0_Baseline,-0.5782215698007459,-1.399950734794669,4
799,PE,HT,S0_Baseline,-0.5765225473936253,-0.5688538161161664,4
800,PE,HT,S0_Baseline,-0.9258206570510055,-3.870257543631395,4
801,PE,HT,S0_Baseline,-1.0435925308427563,-4.6499388605604395,4
802,PE,HT,S0_Baseline,-0.5331241706550083,-1.1261748861605378,4
803,PE,HT,S0_Baseline,-0.5935566143292816,-1.556794765113359,4
804,PE,HT,S0_Baseline,-0.609886359166072,-0.820239051947045,4
805,PE,HT,S0_Baseline,-0.9195408293265014,-3.7996572951011394,4
806,PE,HT,S0_Baseline,-1.023362265857428,-4.535130421195488,4
807,PE,HT,S0_Baseline,-0.5425841614569635,0.34541512570658117,3
808,PE,HT,S0_Baseline,-0.5396709281753093,-1.1391910761374697,4
809,PE,HT,S0_Baseline,-0.627361599503528,-1.6676694936441783,4
810,PE,HT,S0_Baseline,-0.6256625770964076,-0.8365725749656746,4
811,PE,HT,S0_Baseline,-0.9749606867537876,-4.1379763024809035,4
812,PE,HT,S0_Baseline,-1.0927325605455387,-4.91765761940995,4
813,PE,HT,S0_Baseline,-0.4734078947613843,0.606220688915703,3
814,PE,HT,S0_Baseline,-0.533840338435657,0.17560080996288122,3
815,PE,HT,S0_Baseline,-0.5501700832724492,0.9121565231291949,3
816,PE,HT,S0_Baseline,-0.8598245534328769,-2.0672617200249017,4
817,PE,HT,S0_Baseline,-0.9636459899638031,-2.8027348461192476,4
818,PE,HT,S0_Baseline,-0.48286788556333887,2.0778107007828206,3
819,PE,HT,S0_Baseline,-0.479954652281687,0.59320449893877,3
820,PE,HT,S0_Baseline,-0.567645323609905,0.06472608143206239,3
821,PE,HT,S0_Baseline,-0.5659463012027849,0.8958230001105657,3
822,PE,HT,S0_Baseline,-0.9152444108601632,-2.405580727404665,4
823,PE,HT,S0_Baseline,-1.0330162846519164,-3.1852620443337094,4
824,PE,HT,S0_Baseline,-0.5950693611307056,0.25136099874584494,3
825,PE,HT,S0_Baseline,-0.6555018048049804,-0.17925888020697683,4
826,PE,HT,S0_Baseline,-0.671831549641771,0.5572968329593366,3
827,PE,HT,S0_Baseline,-0.9814860198021996,-2.42212141019476,4
828,PE,HT,S0_Baseline,-1.0853074563331266,-3.1575945362891065,4
829,PE,HT,S0_Baseline,-0.6045293519326609,1.7229510106129622,3
830,PE,HT,S0_Baseline,-0.6016161186510084,0.23834480876891226,3
831,PE,HT,S0_Baseline,-0.6893067899792273,-0.29013360873779653,4
832,PE,HT,S0_Baseline,-0.6876077675721066,0.5409633099407067,3
833,PE,HT,S0_Baseline,-1.0369058772294866,-2.760440417574524,4
834,PE,HT,S0_Baseline,-1.154677751021238,-3.5401217345035683,4
835,PE,LT,S0_Baseline,-0.3434665457304469,1.0603780880003755,1
836,PE,LT,S0_Baseline,-0.4008152644352075,0.937088153357767,1
837,PE,LT,S0_Baseline,-0.3257699459821153,1.2068877647320186,1
838,PE,LT,S0_Baseline,-0.3344214566082209,1.129801555321806,1
839,PE,LT,S0_Baseline,-0.3840071378706487,0.9518077727511357,1
840,PE,LT,S0_Baseline,-0.2817481158708833,1.3856804243520702,1
841,PE,LT,S0_Baseline,-0.32317976680494853,1.1716431594474432,1
842,PE,LT,S0_Baseline,-0.36780478078252316,1.0600286575130315,1
843,PE,LT,S0_Baseline,-0.3155021225580536,1.2364605328233202,1
844,PE,LT,S0_Baseline,-0.3901291235357989,1.0532878365723324,1
845,PE,LT,S0_Baseline,-0.40033471833162854,1.007115484764993,1
846,PE,LT,S0_Baseline,-0.42520303379851015,1.3102136549141845,3
847,PE,LT,S0_Baseline,-0.4825517525032707,1.1869237202715763,3
848,PE,LT,S0_Baseline,-0.4075064340501784,1.456723331645828,1
849,PE,LT,S0_Baseline,-0.41615794467628403,1.3796371222356156,1
850,PE,LT,S0_Baseline,-0.46574362593871216,1.2016433396649453,3
851,PE,LT,S0_Baseline,-0.363484603938946,1.6355159912658797,1
852,PE,LT,S0_Baseline,-0.40491625487301147,1.421478726361253,1
853,PE,LT,S0_Baseline,-0.44954126885058643,1.3098642244268408,3
854,PE,LT,S0_Baseline,-0.39723861062611704,1.4862960997371302,1
855,PE,LT,S0_Baseline,-0.4718656116038622,1.3031234034861425,3
856,PE,LT,S0_Baseline,-0.48207120639969175,1.2569510516788027,3
857,PE,LT,S0_Baseline,-0.6119035855447498,0.4543982969710648,3
858,PE,LT,S0_Baseline,-0.6692523042495115,0.33110836232845636,3
859,PE,LT,S0_Baseline,-0.594206985796418,0.6009079737027075,3
860,PE,LT,S0_Baseline,-0.6028584964225251,0.5238217642924965,3
861,PE,LT,S0_Baseline,-0.6524441776849531,0.34582798172182533,3
862,PE,LT,S0_Baseline,-0.5501851556851862,0.7797006333227599,3
863,PE,LT,S0_Baseline,-0.5916168066192526,0.5656633684181329,3
864,PE,LT,S0_Baseline,-0.6362418205968277,0.4540488664837211,3
865,PE,LT,S0_Baseline,-0.583939162372358,0.6304807417940095,3
866,PE,LT,S0_Baseline,-0.6585661633501033,0.44730804554302184,3
867,PE,LT,S0_Baseline,-0.6687717581459328,0.40113569373568236,3
868,PE,LT,S0_Baseline,-0.6587436493706027,0.2578853411429909,3
869,PE,LT,S0_Baseline,-0.716092368075363,0.1345954065003827,3
870,PE,LT,S0_Baseline,-0.6410470496222708,0.4043950178746325,3
871,PE,LT,S0_Baseline,-0.6496985602483784,0.32730880846442134,3
872,PE,LT,S0_Baseline,-0.6992842415108059,0.14931502589375167,3
873,PE,LT,S0_Baseline,-0.5970252195110394,0.5831876774946859,3
874,PE,LT,S0_Baseline,-0.6384568704451042,0.36915041259005843,3
875,PE,LT,S0_Baseline,-0.6830818844226806,0.2575359106556466,3
876,PE,LT,S0_Baseline,-0.6307792261982097,0.43396778596593527,3
877,PE,LT,S0_Baseline,-0.7054062271759564,0.2507950897149476,3
878,PE,LT,S0_Baseline,-0.7156118219717859,0.20462273790760785,3
879,PE,LT,S0_Baseline,-0.6242601613068491,0.770149733935707,3
880,PE,LT,S0_Baseline,-0.6816088800116094,0.646859799293097,3
881,PE,LT,S0_Baseline,-0.6065635615585172,0.9166594106673506,3
882,PE,LT,S0_Baseline,-0.6152150721846248,0.8395732012571374,3
883,PE,LT,S0_Baseline,-0.6648007534470521,0.661579418686466,3
884,PE,LT,S0_Baseline,-0.5625417314472853,1.0954520702874004,3
885,PE,LT,S0_Baseline,-0.6039733823813505,0.8814148053827745,3
886,PE,LT,S0_Baseline,-0.6485983963589271,0.769800303448362,3
887,PE,LT,S0_Baseline,-0.5962957381344571,0.9462321787586507,3
888,PE,LT,S0_Baseline,-0.6709227391122023,0.7630594825076634,3
889,PE,LT,S0_Baseline,-0.6811283339080323,0.7168871307003238,3
890,PE,LT,S0_Baseline,-0.7763411203289274,-0.5833481991561773,4
891,PE,LT,S0_Baseline,-0.8336898390336879,-0.7066381337987855,4
892,PE,LT,S0_Baseline,-0.7586445205805961,-0.43683852242453547,4
893,PE,LT,S0_Baseline,-0.7672960312067033,-0.5139247318347457,4
894,PE,LT,S0_Baseline,-0.8168817124691311,-0.6919185144054165,4
895,PE,LT,S0_Baseline,-0.7146226904693638,-0.2580458628044826,4
896,PE,LT,S0_Baseline,-0.7560543414034288,-0.4720831277091092,4
897,PE,LT,S0_Baseline,-0.8006793553810054,-0.583697629643521,4
898,PE,LT,S0_Baseline,-0.7483766971565359,-0.40726575433323237,4
899,PE,LT,S0_Baseline,-0.8230036981342808,-0.5904384505842206,4
900,PE,LT,S0_Baseline,-0.8332092929301107,-0.6366108023915598,4
901,PE,LT,S0_Baseline,-0.8351094555520144,-0.9065622511547938,4
902,PE,LT,S0_Baseline,-0.8924581742567747,-1.029852185797402,4
903,PE,LT,S0_Baseline,-0.8174128558036825,-0.7600525744231513,4
904,PE,LT,S0_Baseline,-0.8260643664297899,-0.8371387838333634,4
905,PE,LT,S0_Baseline,-0.8756500476922177,-1.0151325664040336,4
906,PE,LT,S0_Baseline,-0.7733910256924506,-0.5812599148030994,4
907,PE,LT,S0_Baseline,-0.8148226766265159,-0.795297179707726,4
908,PE,LT,S0_Baseline,-0.8594476906040919,-0.9069116816421374,4
909,PE,LT,S0_Baseline,-0.8071450323796213,-0.7304798063318494,4
910,PE,LT,S0_Baseline,-0.8817720333573676,-0.913652502582837,4
911,PE,LT,S0_Baseline,-0.8919776281531979,-0.9598248543901763,4
912,PE,HT,S0_Baseline,-0.3613955834815587,-0.42961539835546436,2
913,PE,HT,S0_Baseline,-0.4614391261580066,-0.9797860289770445,4
914,PE,HT,S0_Baseline,-0.4588488095250226,-0.032480891640618445,4
915,PE,HT,S0_Baseline,-0.900588369078396,-4.19849803043564,4
916,PE,HT,S0_Baseline,-1.0140985545038221,-4.928858738335718,4
917,PE,HT,S0_Baseline,-0.2736119960288035,1.7856664237347286,1
918,PE,HT,S0_Baseline,-0.35207117363667934,-0.35224086898035256,2
919,PE,HT,S0_Baseline,-0.437701550372348,-0.9402233433800533,4
920,PE,HT,S0_Baseline,-0.45965170979323305,-0.047047457085990015,4
921,PE,HT,S0_Baseline,-0.8872997014853461,-4.116945896695658,4
922,PE,HT,S0_Baseline,-1.025928970965959,-5.105448049726354,4
923,PE,LT,S0_Baseline,-0.38535222235752686,0.5264884615434098,1
924,PE,LT,S0_Baseline,-0.43682344552778946,0.3435186899222201,3
925,PE,LT,S0_Baseline,-0.3910841966018883,0.9785481835509807,1
926,PE,LT,S0_Baseline,-0.5255828450213891,-0.6041910287444207,4
927,PE,LT,S0_Baseline,-0.5711261206571265,-0.8552578231814513,4
928,PE,LT,S0_Baseline,-0.30301200998091743,1.2707855064659337,1
929,PE,LT,S0_Baseline,-0.40862255019787996,0.3506332261134705,1
930,PE,LT,S0_Baseline,-0.4764223693376041,0.05532322111928761,3
931,PE,LT,S0_Baseline,-0.41018966137766527,0.8150521922009065,1
932,PE,LT,S0_Baseline,-0.546424977670226,-0.7750982784862461,4
933,PE,LT,S0_Baseline,-0.5796793893172676,-1.0752494587536456,4
934,PE,SG,S0_Baseline,-0.24405295730248838,-0.9833132511627171,2
935,PE,SG,S0_Baseline,-0.3904077666937697,-1.912107390002236,2
936,PE,SG,S0_Baseline,-0.3294626489748241,-1.0245524337144836,2
937,PE,SG,S0_Baseline,-0.8933752355595654,-6.254408024156043,4
938,PE,SG,S0_Baseline,-1.025600715949994,-7.143248406693723,4
939,PE,SG,S0_Baseline,-0.2456801122491055,-0.8601753499644902,2
940,PE,SG,S0_Baseline,-0.4437469179555703,-2.201851396932778,4
941,PE,SG,S0_Baseline,-0.398127402336554,-1.3992026301041844,2
942,PE,SG,S0_Baseline,-0.8993989219297038,-6.314043435072769,4
943,PE,SG,S0_Baseline,-1.0669982420392117,-7.1949196039722105,4
944,PE,OG,S0_Baseline,-0.48942023828161785,-0.06502765613466233,4
945,PE,OG,S0_Baseline,-0.5961479312114153,0.19630995212737917,3
946,PE,OG,S0_Baseline,-0.4864104252912358,0.8114759962172265,3
947,PE,OG,S0_Baseline,-0.9291617095450143,-3.328982878194026,4
948,PE,OG,S0_Baseline,-1.052853239616673,-3.2606584968414793,4
949,PE,OG,S0_Baseline,-0.46735760527106635,0.5520842992876965,3
950,PE,OG,S0_Baseline,-0.5822130056715326,0.6302429120353695,3
951,PE,OG,S0_Baseline,-0.5199611681159876,0.6625168169771197,3
952,PE,OG,S0_Baseline,-0.8157241538897818,-2.5060427694269483,4
953,PE,OG,S0_Baseline,-0.7861067232198555,-2.4512954044649162,4
954,PE,HG,S0_Baseline,-0.27540564822543534,0.8214300090115807,1
955,PE,HG,S0_Baseline,-0.3327514683108147,0.506722756590744,1
956,PE,HG,S0_Baseline,-0.2852474488275246,1.103710511602588,1
957,PE,HG,S0_Baseline,-0.4294150641035021,-0.13576604096027522,4
958,PE,HG,S0_Baseline,-0.496149152725193,-0.5392276376941192,4
0,PET,HT,S1_Grid_Electrified,-0.9571745065012337,-0.5664196788149196,4
1,PET,HT,S1_Grid_Electrified,-1.529222193973444,-1.4785782882905139,4
2,PET,HT,S1_Grid_Electrified,-0.891513040946609,0.09793854482477571,3
3,PET,HT,S1_Grid_Electrified,-1.3696735745952853,-1.3243234994318636,4
4,PET,HT,S1_Grid_Electrified,-1.8330447127081104,-1.9304931927187217,4
5,PET,HT,S1_Grid_Electrified,-0.7125670632670817,0.656348069881217,3
6,PET,HT,S1_Grid_Electrified,-0.9303161309803835,-0.18942137676594129,4
7,PET,HT,S1_Grid_Electrified,-1.098659394471516,-0.3377882052538374,4
8,PET,HT,S1_Grid_Electrified,-0.8854544905904596,0.0007744770340821772,3
9,PET,HT,S1_Grid_Electrified,-1.1692635034725765,-0.5421946177989259,4
10,PET,HT,S1_Grid_Electrified,-1.1928798842069028,-0.5002740351921728,4
11,PET,HT,S1_Grid_Electrified,-1.2716860951353819,-1.1604062557455266,4
12,PET,HT,S1_Grid_Electrified,-1.8437337826075924,-2.072564865221122,4
13,PET,HT,S1_Grid_Electrified,-1.2060246295807568,-0.4960480321058315,4
14,PET,HT,S1_Grid_Electrified,-1.6841851632294333,-1.918310076362471,4
15,PET,HT,S1_Grid_Electrified,-2.1475563013422585,-2.5244797696493295,4
16,PET,HT,S1_Grid_Electrified,-1.0270786519012298,0.06236149295060911,3
17,PET,HT,S1_Grid_Electrified,-1.2448277196145314,-0.783407953696549,4
18,PET,HT,S1_Grid_Electrified,-1.4131709831056638,-0.931774782184445,4
19,PET,HT,S1_Grid_Electrified,-1.1999660792246076,-0.5932120998965258,4
20,PET,HT,S1_Grid_Electrified,-1.4837750921067245,-1.1361811947295335,4
21,PET,HT,S1_Grid_Electrified,-1.5073914728410511,-1.0942606121227816,4
22,PET,HT,S1_Grid_Electrified,-1.5121948706593957,-2.166869204694888,4
23,PET,HT,S1_Grid_Electrified,-2.084242558131606,-3.079027814170484,4
24,PET,HT,S1_Grid_Electrified,-1.4465334051047711,-1.5025109810551913,4
25,PET,HT,S1_Grid_Electrified,-1.9246939387534472,-2.9247730253118314,4
26,PET,HT,S1_Grid_Electrified,-2.3880650768662726,-3.5309427185986895,4
27,PET,HT,S1_Grid_Electrified,-1.2675874274252437,-0.944101455998751,4
28,PET,HT,S1_Grid_Electrified,-1.4853364951385457,-1.7898709026459088,4
29,PET,HT,S1_Grid_Electrified,-1.6536797586296779,-1.9382377311338046,4
30,PET,HT,S1_Grid_Electrified,-1.4404748547486212,-1.5996750488458855,4
31,PET,HT,S1_Grid_Electrified,-1.7242838676307382,-2.142644143678893,4
32,PET,HT,S1_Grid_Electrified,-1.7479002483650647,-2.10072356107214,4
33,PET,HT,S1_Grid_Electrified,-1.6743686175471542,-2.442558469473072,4
34,PET,HT,S1_Grid_Electrified,-2.246416305019364,-3.354717078948667,4
35,PET,HT,S1_Grid_Electrified,-1.6087071519925287,-1.7782002458333763,4
36,PET,HT,S1_Grid_Electrified,-2.086867685641205,-3.200462290090016,4
37,PET,HT,S1_Grid_Electrified,-2.5502388237540305,-3.806631983376875,4
38,PET,HT,S1_Grid_Electrified,-1.429761174313002,-1.2197907207769356,4
39,PET,HT,S1_Grid_Electrified,-1.6475102420263035,-2.065560167424093,4
40,PET,HT,S1_Grid_Electrified,-1.8158535055174363,-2.2139269959119896,4
41,PET,HT,S1_Grid_Electrified,-1.6026486016363792,-1.87536431362407,4
42,PET,HT,S1_Grid_Electrified,-1.8864576145184966,-2.418333408457078,4
43,PET,HT,S1_Grid_Electrified,-1.9100739952528234,-2.376412825850325,4
44,PET,HT,S1_Grid_Electrified,-1.3346429605417591,-1.8148570546192033,4
45,PET,HT,S1_Grid_Electrified,-1.9066906480139694,-2.7270156640947993,4
46,PET,HT,S1_Grid_Electrified,-1.2689814949871343,-1.1504988309795081,4
47,PET,HT,S1_Grid_Electrified,-1.7471420286358108,-2.572760875236149,4
48,PET,HT,S1_Grid_Electrified,-2.210513166748636,-3.178930568523006,4
49,PET,HT,S1_Grid_Electrified,-1.0900355173076068,-0.5920893059230672,4
50,PET,HT,S1_Grid_Electrified,-1.307784585020909,-1.4378587525702249,4
51,PET,HT,S1_Grid_Electrified,-1.4761278485120415,-1.5862255810581212,4
52,PET,HT,S1_Grid_Electrified,-1.2629229446309846,-1.2476628987702023,4
53,PET,HT,S1_Grid_Electrified,-1.5467319575131018,-1.7906319936032098,4
54,PET,HT,S1_Grid_Electrified,-1.5703483382474284,-1.7487114109964574,4
55,PET,HT,S1_Grid_Electrified,-2.112949201187006,-3.580655362459737,4
56,PET,HT,S1_Grid_Electrified,-2.6849968886592164,-4.492813971935332,4
57,PET,HT,S1_Grid_Electrified,-2.047287735632382,-2.916297138820042,4
58,PET,HT,S1_Grid_Electrified,-2.5254482692810587,-4.338559183076683,4
59,PET,HT,S1_Grid_Electrified,-2.9888194073938834,-4.9447288763635395,4
60,PET,HT,S1_Grid_Electrified,-1.8683417579528543,-2.3578876137636002,4
61,PET,HT,S1_Grid_Electrified,-2.086090825666157,-3.20365706041076,4
62,PET,HT,S1_Grid_Electrified,-2.254434089157289,-3.352023888898655,4
63,PET,HT,S1_Grid_Electrified,-2.0412291852762325,-3.013461206610737,4
64,PET,HT,S1_Grid_Electrified,-2.3250381981583494,-3.5564303014437435,4
65,PET,HT,S1_Grid_Electrified,-2.348654578892676,-3.514509718836991,4
66,PET,HT,S1_Grid_Electrified,-2.3000069443131697,-3.7605296964897796,4
67,PET,HT,S1_Grid_Electrified,-2.87205463178538,-4.672688305965375,4
68,PET,HT,S1_Grid_Electrified,-2.2343454787585446,-3.0961714728500844,4
69,PET,HT,S1_Grid_Electrified,-2.712506012407221,-4.518433517106724,4
70,PET,HT,S1_Grid_Electrified,-3.175877150520047,-5.124603210393582,4
71,PET,HT,S1_Grid_Electrified,-2.055399501079018,-2.5377619477936433,4
72,PET,HT,S1_Grid_Electrified,-2.27314856879232,-3.3835313944408005,4
73,PET,HT,S1_Grid_Electrified,-2.4414918322834516,-3.5318982229286977,4
74,PET,HT,S1_Grid_Electrified,-2.2282869284023956,-3.1933355406407786,4
75,PET,HT,S1_Grid_Electrified,-2.5120959412845125,-3.7363046354737857,4
76,PET,HT,S1_Grid_Electrified,-2.5357123220188393,-3.6943840528670333,4
77,PET,HT,S1_Grid_Electrified,-0.5116649249093601,0.8964241735284747,3
78,PET,HT,S1_Grid_Electrified,-1.0837126123815701,-0.015734435947119985,4
79,PET,HT,S1_Grid_Electrified,-0.4460034593547353,1.560782397168171,3
80,PET,HT,S1_Grid_Electrified,-0.9241639930034115,0.1385203529115308,3
81,PET,HT,S1_Grid_Electrified,-1.3875351311162372,-0.46764934037532746,4
82,PET,HT,S1_Grid_Electrified,-0.26705748167520826,2.119191922224611,1
83,PET,HT,S1_Grid_Electrified,-0.4848065493885099,1.2734224755774537,3
84,PET,HT,S1_Grid_Electrified,-0.653149812879642,1.1250556470895572,3
85,PET,HT,S1_Grid_Electrified,-0.43994490899858585,1.4636183293774763,3
86,PET,HT,S1_Grid_Electrified,-0.7237539218807026,0.9206492345444686,3
87,PET,HT,S1_Grid_Electrified,-0.7473703026150291,0.9625698171512216,3
88,PET,LT,S1_Grid_Electrified,-1.8241452081677338,-1.9903189530051266,4
89,PET,LT,S1_Grid_Electrified,-1.6962970272822173,-1.6619999719040703,4
90,PET,LT,S1_Grid_Electrified,-0.99381162159588,-0.11533818842800753,4
91,PET,LT,S1_Grid_Electrified,-2.1646117042957256,-3.0296151373649893,4
92,PET,LT,S1_Grid_Electrified,-2.4035759049689975,-3.1112058726034117,4
93,PET,LT,S1_Grid_Electrified,-0.6254133919727574,0.7425434694183857,3
94,PET,LT,S1_Grid_Electrified,-0.7313201150959738,-0.18347371876868657,4
95,PET,LT,S1_Grid_Electrified,-0.7549514598390639,-0.315084782954053,4
96,PET,LT,S1_Grid_Electrified,-0.7243058002867611,-0.05563898965419922,4
97,PET,LT,S1_Grid_Electrified,-0.9165024292201107,-0.4628871438273676,4
98,PET,LT,S1_Grid_Electrified,-0.9742832039425404,-0.48886720858679694,4
99,PET,LT,S1_Grid_Electrified,-2.0616618447256068,-2.529181454705091,4
100,PET,LT,S1_Grid_Electrified,-1.9338136638400898,-2.200862473604035,4
101,PET,LT,S1_Grid_Electrified,-1.2313282581537526,-0.654200690127973,4
102,PET,LT,S1_Grid_Electrified,-2.4021283408535985,-3.5684776390649544,4
103,PET,LT,S1_Grid_Electrified,-2.64109254152687,-3.650068374303376,4
104,PET,LT,S1_Grid_Electrified,-0.8629300285306298,0.20368096771842015,3
105,PET,LT,S1_Grid_Electrified,-0.9688367516538468,-0.7223362204686518,4
106,PET,LT,S1_Grid_Electrified,-0.9924680963969368,-0.8539472846540184,4
107,PET,LT,S1_Grid_Electrified,-0.9618224368446338,-0.5945014913541642,4
108,PET,LT,S1_Grid_Electrified,-1.1540190657779832,-1.0017496455273327,4
109,PET,LT,S1_Grid_Electrified,-1.2117998405004131,-1.0277297102867624,4
110,PET,LT,S1_Grid_Electrified,-2.311984611073467,-3.452215575349041,4
111,PET,LT,S1_Grid_Electrified,-2.1841364301879507,-3.123896594247986,4
112,PET,LT,S1_Grid_Electrified,-1.4816510245016135,-1.5772348107719232,4
113,PET,LT,S1_Grid_Electrified,-2.6524511072014594,-4.491511759708905,4
114,PET,LT,S1_Grid_Electrified,-2.8914153078747313,-4.573102494947326,4
115,PET,LT,S1_Grid_Electrified,-1.1132527948784907,-0.7193531529255304,4
116,PET,LT,S1_Grid_Electrified,-1.219159518001708,-1.6453703411126024,4
117,PET,LT,S1_Grid_Electrified,-1.2427908627447977,-1.7769814052979687,4
118,PET,LT,S1_Grid_Electrified,-1.2121452031924949,-1.5175356119981145,4
119,PET,LT,S1_Grid_Electrified,-1.4043418321258443,-1.9247837661712832,4
120,PET,LT,S1_Grid_Electrified,-1.4621226068482742,-1.9507638309307127,4
121,PET,LT,S1_Grid_Electrified,-2.477146419496136,-3.6882082003639844,4
122,PET,LT,S1_Grid_Electrified,-2.3492982386106185,-3.3598892192629295,4
123,PET,LT,S1_Grid_Electrified,-1.6468128329242813,-1.8132274357868672,4
124,PET,LT,S1_Grid_Electrified,-2.817612915624127,-4.727504384723849,4
125,PET,LT,S1_Grid_Electrified,-3.0565771162973983,-4.809095119962272,4
126,PET,LT,S1_Grid_Electrified,-1.2784146033011583,-0.9553457779404739,4
127,PET,LT,S1_Grid_Electrified,-1.3843213264243754,-1.8813629661275464,4
128,PET,LT,S1_Grid_Electrified,-1.4079526711674655,-2.012974030312912,4
129,PET,LT,S1_Grid_Electrified,-1.3773070116151622,-1.7535282370130578,4
130,PET,LT,S1_Grid_Electrified,-1.569503640548512,-2.160776391186227,4
131,PET,LT,S1_Grid_Electrified,-1.6272844152709414,-2.1867564559456567,4
132,PET,LT,S1_Grid_Electrified,-2.2539307538189632,-3.105780121592732,4
133,PET,LT,S1_Grid_Electrified,-2.126082572933446,-2.777461140491676,4
134,PET,LT,S1_Grid_Electrified,-1.4235971672471095,-1.230799357015614,4
135,PET,LT,S1_Grid_Electrified,-2.5943972499469545,-4.145076305952596,4
136,PET,LT,S1_Grid_Electrified,-2.8333614506202265,-4.226667041191018,4
137,PET,LT,S1_Grid_Electrified,-1.0551989376239865,-0.37291769916922046,4
138,PET,LT,S1_Grid_Electrified,-1.1611056607472034,-1.2989348873562934,4
139,PET,LT,S1_Grid_Electrified,-1.1847370054902933,-1.4305459515416599,4
140,PET,LT,S1_Grid_Electrified,-1.1540913459379905,-1.1711001582418055,4
141,PET,LT,S1_Grid_Electrified,-1.3462879748713399,-1.578348312414974,4
142,PET,LT,S1_Grid_Electrified,-1.40406874959377,-1.604328377174403,4
143,PET,LT,S1_Grid_Electrified,-2.7115190354479717,-4.2969888657702064,4
144,PET,LT,S1_Grid_Electrified,-2.583670854562454,-3.9686698846691515,4
145,PET,LT,S1_Grid_Electrified,-1.881185448876117,-2.422008101193089,4
146,PET,LT,S1_Grid_Electrified,-3.051985531575963,-5.33628505013007,4
147,PET,LT,S1_Grid_Electrified,-3.290949732249235,-5.417875785368492,4
148,PET,LT,S1_Grid_Electrified,-1.5127872192529945,-1.5641264433466961,4
149,PET,LT,S1_Grid_Electrified,-1.6186939423762117,-2.490143631533768,4
150,PET,LT,S1_Grid_Electrified,-1.6423252871193017,-2.621754695719135,4
151,PET,LT,S1_Grid_Electrified,-1.6116796275669985,-2.362308902419281,4
152,PET,LT,S1_Grid_Electrified,-1.8038762565003483,-2.769557056592449,4
153,PET,LT,S1_Grid_Electrified,-1.8616570312227778,-2.7955371213518783,4
154,PET,LT,S1_Grid_Electrified,-2.853357577148659,-4.501519451426541,4
155,PET,LT,S1_Grid_Electrified,-2.725509396263142,-4.173200470325487,4
156,PET,LT,S1_Grid_Electrified,-2.0230239905768057,-2.626538686849424,4
157,PET,LT,S1_Grid_Electrified,-3.1938240732766503,-5.540815635786405,4
158,PET,LT,S1_Grid_Electrified,-3.4327882739499223,-5.6224063710248275,4
159,PET,LT,S1_Grid_Electrified,-1.6546257609536825,-1.76865702900303,4
160,PET,LT,S1_Grid_Electrified,-1.7605324840768994,-2.694674217190102,4
161,PET,LT,S1_Grid_Electrified,-1.7841638288199895,-2.826285281375469,4
162,PET,LT,S1_Grid_Electrified,-1.7535181692676867,-2.5668394880756153,4
163,PET,LT,S1_Grid_Electrified,-1.9457147982010363,-2.974087642248784,4
164,PET,LT,S1_Grid_Electrified,-2.003495572923466,-3.000067707008213,4
165,PET,LT,S1_Grid_Electrified,-1.761794326760198,-1.5489651885779931,4
166,PET,LT,S1_Grid_Electrified,-1.6339461458746807,-1.2206462074769373,4
167,PET,LT,S1_Grid_Electrified,-0.9314607401883436,0.32601557599912545,3
168,PET,LT,S1_Grid_Electrified,-2.102260822888189,-2.5882613729378567,4
169,PET,LT,S1_Grid_Electrified,-2.341225023561461,-2.6698521081762774,4
170,PET,LT,S1_Grid_Electrified,-0.5630625105652206,1.1838972338455185,3
171,PET,LT,S1_Grid_Electrified,-0.6689692336884375,0.25788004565844613,3
172,PET,LT,S1_Grid_Electrified,-0.6926005784315274,0.1262689814730799,3
173,PET,LT,S1_Grid_Electrified,-0.6619549188792248,0.38571477477293364,3
174,PET,LT,S1_Grid_Electrified,-0.8541515478125743,-0.021533379400234476,4
175,PET,LT,S1_Grid_Electrified,-0.9119323225350041,-0.047513444159664076,4
176,PET,HT,S1_Grid_Electrified,-1.4264368539931525,-1.5771237650473522,4
177,PET,HT,S1_Grid_Electrified,-1.7994609727617619,-1.9672890964975467,4
178,PET,HT,S1_Grid_Electrified,-1.352606601508878,-1.8175409772513482,4
179,PET,HT,S1_Grid_Electrified,-2.4745809010992605,-3.622085727340511,4
180,PET,HT,S1_Grid_Electrified,-2.597558892745976,-3.6623017710701697,4
181,PET,HT,S1_Grid_Electrified,-1.0219712342495657,0.12744727787917032,3
182,PET,HT,S1_Grid_Electrified,-1.3495061284331602,-1.3449867489683416,4
183,PET,HT,S1_Grid_Electrified,-1.579748648403665,-1.5791191730433565,4
184,PET,HT,S1_Grid_Electrified,-1.0685924380149496,-0.1226066173220891,4
185,PET,HT,S1_Grid_Electrified,-1.2424005079257041,-0.5842710040409819,4
186,PET,HT,S1_Grid_Electrified,-1.2526650386629015,-0.39781924890995823,4
187,PET,LT,S1_Grid_Electrified,-1.4359429919485307,-2.4259164569368474,4
188,PET,LT,S1_Grid_Electrified,-1.5992898923191619,-2.0872962923906355,4
189,PET,LT,S1_Grid_Electrified,-1.1720160738922227,-0.6860962488742018,4
190,PET,LT,S1_Grid_Electrified,-2.0673992954411577,-3.424541770964404,4
191,PET,LT,S1_Grid_Electrified,-2.1783511311001256,-3.1072224080648967,4
192,PET,LT,S1_Grid_Electrified,-0.8128801043801055,0.4836591911496091,3
193,PET,LT,S1_Grid_Electrified,-1.144366898125668,-0.9244559828465262,4
194,PET,LT,S1_Grid_Electrified,-1.3079966432187906,-1.065031033514624,4
195,PET,LT,S1_Grid_Electrified,-1.0879571968733202,-0.4118247673306477,4
196,PET,LT,S1_Grid_Electrified,-1.7231635862968,-1.9655655041833757,4
197,PET,LT,S1_Grid_Electrified,-1.854522874434981,-2.1858658486712135,4
198,PET,SG,S1_Grid_Electrified,-0.983226143554086,-1.4232185108051245,4
199,PET,SG,S1_Grid_Electrified,-1.09543994922254,-0.9041827756032215,4
200,PET,SG,S1_Grid_Electrified,-1.0359586564775984,-0.6553052150304525,4
201,PET,SG,S1_Grid_Electrified,-2.5683865008163047,-4.932436042957365,4
202,PET,SG,S1_Grid_Electrified,-2.6373624509262115,-4.197770490201488,4
203,PET,SG,S1_Grid_Electrified,-1.0087031552572394,-1.1201733350109855,4
204,PET,SG,S1_Grid_Electrified,-1.2760581337028414,-1.1477320685307877,4
205,PET,SG,S1_Grid_Electrified,-1.1665657639760618,-1.3239820885663733,4
206,PET,SG,S1_Grid_Electrified,-2.5455306929197077,-4.458153056766866,4
207,PET,SG,S1_Grid_Electrified,-2.8299328427284394,-4.576651527174424,4
208,PET,OG,S1_Grid_Electrified,-0.8091126300961445,-0.8721843924000574,4
209,PET,OG,S1_Grid_Electrified,-1.6813944499852052,-1.4485178063047837,4
210,PET,OG,S1_Grid_Electrified,-0.9050093507096655,-0.14598081969469023,4
211,PET,OG,S1_Grid_Electrified,-1.8502584772222737,-3.153829983693288,4
212,PET,OG,S1_Grid_Electrified,-2.6617399510721786,-3.553927463986555,4
213,PET,OG,S1_Grid_Electrified,-0.8205537966308882,-0.31949300209408277,4
214,PET,OG,S1_Grid_Electrified,-1.1583368050190903,-0.342512580391645,4
215,PET,OG,S1_Grid_Electrified,-0.9592309530627231,-0.11850332394931701,4
216,PET,OG,S1_Grid_Electrified,-1.7644133679121303,-2.44995999665526,4
217,PET,OG,S1_Grid_Electrified,-2.1800777276046057,-2.5692154204169473,4
218,PP,HT,S1_Grid_Electrified,-0.7414473905551946,-0.515478163137286,4
219,PP,HT,S1_Grid_Electrified,-1.0379800898477627,-0.38772619864447433,4
220,PP,HT,S1_Grid_Electrified,-0.7986671852667541,0.18768462587959844,3
221,PP,HT,S1_Grid_Electrified,-2.379059626875575,-4.145842743660992,4
222,PP,HT,S1_Grid_Electrified,-2.753761842709774,-4.303950943199903,4
223,PP,HT,S1_Grid_Electrified,-0.3683670341710822,1.6790448295777218,1
224,PP,HT,S1_Grid_Electrified,-0.7542128133601004,-0.2578212384000077,4
225,PP,HT,S1_Grid_Electrified,-1.2164953511228926,-0.6905195069078323,4
226,PP,HT,S1_Grid_Electrified,-0.7868994843289593,0.9421062946963118,3
227,PP,HT,S1_Grid_Electrified,-2.3482022703175613,-3.822558760392167,4
228,PP,HT,S1_Grid_Electrified,-2.9337944917156515,-4.574367151922622,4
229,PP,HT,S1_Grid_Electrified,-0.9518296833424762,-1.018443396793378,4
230,PP,HT,S1_Grid_Electrified,-1.2483623826350425,-0.8906914323005657,4
231,PP,HT,S1_Grid_Electrified,-1.009049478054036,-0.31528060777649236,4
232,PP,HT,S1_Grid_Electrified,-2.5894419196628573,-4.648807977317087,4
233,PP,HT,S1_Grid_Electrified,-2.9641441354970546,-4.806916176855994,4
234,PP,HT,S1_Grid_Electrified,-0.578749326958364,1.1760795959216306,3
235,PP,HT,S1_Grid_Electrified,-0.9645951061473821,-0.7607864720560983,4
236,PP,HT,S1_Grid_Electrified,-1.4268776439101747,-1.1934847405639228,4
237,PP,HT,S1_Grid_Electrified,-0.9972817771162397,0.43914106104022066,3
238,PP,HT,S1_Grid_Electrified,-2.5585845631048434,-4.325523994048259,4
239,PP,HT,S1_Grid_Electrified,-3.1441767845029327,-5.077332385578714,4
240,PP,HT,S1_Grid_Electrified,-1.1501179028017432,-1.843762148658532,4
241,PP,HT,S1_Grid_Electrified,-1.4466506020943113,-1.7160101841657225,4
242,PP,HT,S1_Grid_Electrified,-1.2073376975133026,-1.1405993596416488,4
243,PP,HT,S1_Grid_Electrified,-2.787730139122124,-5.474126729182241,4
244,PP,HT,S1_Grid_Electrified,-3.1624323549563207,-5.632234928721148,4
245,PP,HT,S1_Grid_Electrified,-0.7770375464176309,0.35076084405647456,3
246,PP,HT,S1_Grid_Electrified,-1.1628833256066489,-1.5861052239212552,4
247,PP,HT,S1_Grid_Electrified,-1.6251658633694412,-2.018803492429079,4
248,PP,HT,S1_Grid_Electrified,-1.1955699965755076,-0.38617769082493514,4
249,PP,HT,S1_Grid_Electrified,-2.75687278256411,-5.150842745913416,4
250,PP,HT,S1_Grid_Electrified,-3.3424650039621993,-5.902651137443868,4
251,PP,HT,S1_Grid_Electrified,-1.230206655167027,-2.04625652051044,4
252,PP,HT,S1_Grid_Electrified,-1.526739354459595,-1.9185045560176297,4
253,PP,HT,S1_Grid_Electrified,-1.2874264498785868,-1.3430937314935554,4
254,PP,HT,S1_Grid_Electrified,-2.8678188914874077,-5.676621101034149,4
255,PP,HT,S1_Grid_Electrified,-3.242521107321605,-5.834729300573056,4
256,PP,HT,S1_Grid_Electrified,-0.857126298782915,0.14826647220456668,3
257,PP,HT,S1_Grid_Electrified,-1.242972077971933,-1.7885995957731624,4
258,PP,HT,S1_Grid_Electrified,-1.7052546157347253,-2.2212978642809866,4
259,PP,HT,S1_Grid_Electrified,-1.2756587489407916,-0.5886720626768434,4
260,PP,HT,S1_Grid_Electrified,-2.836961534929394,-5.353337117765324,4
261,PP,HT,S1_Grid_Electrified,-3.4225537563274835,-6.105145509295775,4
262,PP,HT,S1_Grid_Electrified,-1.1027809047694563,-1.5352197800115064,4
263,PP,HT,S1_Grid_Electrified,-1.3993136040620244,-1.4074678155186953,4
264,PP,HT,S1_Grid_Electrified,-1.160000699481017,-0.832056990994622,4
265,PP,HT,S1_Grid_Electrified,-2.740393141089837,-5.165584360535216,4
266,PP,HT,S1_Grid_Electrified,-3.1150953569240354,-5.32369256007412,4
267,PP,HT,S1_Grid_Electrified,-0.7297005483853454,0.6593032127035015,3
268,PP,HT,S1_Grid_Electrified,-1.115546327574362,-1.2775628552742275,4
269,PP,HT,S1_Grid_Electrified,-1.5778288653371546,-1.7102611237820513,4
270,PP,HT,S1_Grid_Electrified,-1.1482329985432211,-0.07763532217790836,4
271,PP,HT,S1_Grid_Electrified,-2.709535784531825,-4.8423003772663895,4
272,PP,HT,S1_Grid_Electrified,-3.2951280059299153,-5.59410876879684,4
273,PP,HT,S1_Grid_Electrified,-1.5313057753840844,-2.6307346184919185,4
274,PP,HT,S1_Grid_Electrified,-1.827838474676653,-2.502982653999108,4
275,PP,HT,S1_Grid_Electrified,-1.5885255700956438,-1.927571829475033,4
276,PP,HT,S1_Grid_Electrified,-3.1689180117044655,-6.261099199015625,4
277,PP,HT,S1_Grid_Electrified,-3.543620227538663,-6.419207398554535,4
278,PP,HT,S1_Grid_Electrified,-1.1582254189999723,-0.4362116257769108,4
279,PP,HT,S1_Grid_Electrified,-1.5440711981889903,-2.3730776937546407,4
280,PP,HT,S1_Grid_Electrified,-2.006353735951783,-2.805775962262465,4
281,PP,HT,S1_Grid_Electrified,-1.5767578691578485,-1.1731501606583212,4
282,PP,HT,S1_Grid_Electrified,-3.138060655146452,-5.9378152157468005,4
283,PP,HT,S1_Grid_Electrified,-3.7236528765445414,-6.689623607277254,4
284,PP,HT,S1_Grid_Electrified,-1.6732163468696748,-2.819568290591434,4
285,PP,HT,S1_Grid_Electrified,-1.9697490461622427,-2.691816326098624,4
286,PP,HT,S1_Grid_Electrified,-1.7304361415812357,-2.1164055015745493,4
287,PP,HT,S1_Grid_Electrified,-3.3108285831900552,-6.449932871115143,4
288,PP,HT,S1_Grid_Electrified,-3.6855307990242543,-6.608041070654049,4
289,PP,HT,S1_Grid_Electrified,-1.3001359904855625,-0.6250452978764269,4
290,PP,HT,S1_Grid_Electrified,-1.6859817696745802,-2.561911365854157,4
291,PP,HT,S1_Grid_Electrified,-2.1482643074373726,-2.9946096343619804,4
292,PP,HT,S1_Grid_Electrified,-1.7186684406434387,-1.3619838327578364,4
293,PP,HT,S1_Grid_Electrified,-3.279971226632043,-6.126648887846319,4
294,PP,HT,S1_Grid_Electrified,-3.865563448030133,-6.878457279376768,4
295,PP,HT,S1_Grid_Electrified,-0.9529523844385714,-0.18545159934645494,4
296,PP,HT,S1_Grid_Electrified,-1.2494850837311398,-0.05769963485364382,4
297,PP,HT,S1_Grid_Electrified,-1.010172179150131,0.5177111896704295,3
298,PP,HT,S1_Grid_Electrified,-2.5905646207589523,-3.8158161798701618,4
299,PP,HT,S1_Grid_Electrified,-2.965266836593149,-3.97392437940907,4
300,PP,HT,S1_Grid_Electrified,-0.5798720280544594,2.0090713933685524,3
301,PP,HT,S1_Grid_Electrified,-0.9657178072434771,0.07220532539082292,3
302,PP,HT,S1_Grid_Electrified,-1.4280003450062697,-0.36049294311700064,4
303,PP,HT,S1_Grid_Electrified,-0.998404478212336,1.2721328584871427,3
304,PP,HT,S1_Grid_Electrified,-2.559707264200938,-3.4925321966013367,4
305,PP,HT,S1_Grid_Electrified,-3.145299485599028,-4.244340588131791,4
306,PP,HT,S1_Grid_Electrified,-1.1030591394374958,-0.5849163027400486,4
307,PP,HT,S1_Grid_Electrified,-1.3995918387300623,-0.4571643382472381,4
308,PP,HT,S1_Grid_Electrified,-1.1602789341490551,0.1182464862768352,3
309,PP,HT,S1_Grid_Electrified,-2.7406713757578762,-4.215280883263757,4
310,PP,HT,S1_Grid_Electrified,-3.1153735915920735,-4.373389082802665,4
311,PP,HT,S1_Grid_Electrified,-0.7299787830533836,1.6096066899749581,3
312,PP,HT,S1_Grid_Electrified,-1.1158245622424015,-0.32725937800277083,4
313,PP,HT,S1_Grid_Electrified,-1.5781071000051943,-0.7599576465105954,4
314,PP,HT,S1_Grid_Electrified,-1.1485112332112601,0.8726681550935478,3
315,PP,HT,S1_Grid_Electrified,-2.709814019199863,-3.8919968999949317,4
316,PP,HT,S1_Grid_Electrified,-3.295406240597952,-4.643805291525386,4
317,PP,LT,S1_Grid_Electrified,-0.771199259015401,0.26399840551024933,3
318,PP,LT,S1_Grid_Electrified,-0.8828769526327259,0.17198580843307032,3
319,PP,LT,S1_Grid_Electrified,-0.7348836570081625,0.505511841732826,3
320,PP,LT,S1_Grid_Electrified,-0.9557487046879174,-0.04624191412219947,4
321,PP,LT,S1_Grid_Electrified,-1.0293849201508167,-0.07776058331381053,4
322,PP,LT,S1_Grid_Electrified,-0.49780751453067973,1.1819225221410428,3
323,PP,LT,S1_Grid_Electrified,-0.7533789753039637,0.36042528239548144,3
324,PP,LT,S1_Grid_Electrified,-0.8856164312329666,0.2286676459673075,3
325,PP,LT,S1_Grid_Electrified,-0.7197330638522677,0.5366037275346454,3
326,PP,LT,S1_Grid_Electrified,-0.9653727484419343,-0.015808045093210654,4
327,PP,LT,S1_Grid_Electrified,-0.969725829391771,0.03138035804884476,3
328,PP,LT,S1_Grid_Electrified,-0.9555954154147606,-0.3034176739123738,4
329,PP,LT,S1_Grid_Electrified,-1.0672731090320857,-0.395430270989553,4
330,PP,LT,S1_Grid_Electrified,-0.9192798134075211,-0.06190423768979769,4
331,PP,LT,S1_Grid_Electrified,-1.1401448610872755,-0.6136579935448232,4
332,PP,LT,S1_Grid_Electrified,-1.213781076550175,-0.6451766627364345,4
333,PP,LT,S1_Grid_Electrified,-0.6822036709300379,0.6145064427184189,3
334,PP,LT,S1_Grid_Electrified,-0.9377751317033218,-0.20699079702714202,4
335,PP,LT,S1_Grid_Electrified,-1.0700125876323252,-0.3387484334553163,4
336,PP,LT,S1_Grid_Electrified,-0.904129220251626,-0.03081235188797804,4
337,PP,LT,S1_Grid_Electrified,-1.149768904841294,-0.5832241245158342,4
338,PP,LT,S1_Grid_Electrified,-1.154121985791129,-0.5360357213737781,4
339,PP,LT,S1_Grid_Electrified,-1.2079666254469108,-1.4222030990421013,4
340,PP,LT,S1_Grid_Electrified,-1.3196443190642355,-1.5142156961192808,4
341,PP,LT,S1_Grid_Electrified,-1.1716510234396722,-1.1806896628195256,4
342,PP,LT,S1_Grid_Electrified,-1.3925160711194269,-1.7324434186745505,4
343,PP,LT,S1_Grid_Electrified,-1.4661522865823264,-1.7639620878661622,4
344,PP,LT,S1_Grid_Electrified,-0.9345748809621893,-0.5042789824113095,4
345,PP,LT,S1_Grid_Electrified,-1.1901463417354732,-1.3257762221568699,4
346,PP,LT,S1_Grid_Electrified,-1.3223837976644761,-1.4575338585850441,4
347,PP,LT,S1_Grid_Electrified,-1.1565004302837774,-1.1495977770177055,4
348,PP,LT,S1_Grid_Electrified,-1.4021401148734443,-1.7020095496455623,4
349,PP,LT,S1_Grid_Electrified,-1.40649319582328,-1.6548211465035072,4
350,PP,LT,S1_Grid_Electrified,-1.4098299295455599,-1.6010064004589817,4
351,PP,LT,S1_Grid_Electrified,-1.5215076231628846,-1.6930189975361611,4
352,PP,LT,S1_Grid_Electrified,-1.3735143275383197,-1.3594929642364062,4
353,PP,LT,S1_Grid_Electrified,-1.5943793752180744,-1.9112467200914312,4
354,PP,LT,S1_Grid_Electrified,-1.6680155906809735,-1.9427653892830439,4
355,PP,LT,S1_Grid_Electrified,-1.1364381850608365,-0.6830822838281909,4
356,PP,LT,S1_Grid_Electrified,-1.3920096458341205,-1.5045795235737516,4
357,PP,LT,S1_Grid_Electrified,-1.5242471017631236,-1.6363371600019248,4
358,PP,LT,S1_Grid_Electrified,-1.358363734382426,-1.3284010784345868,4
359,PP,LT,S1_Grid_Electrified,-1.6040034189720926,-1.8808128510624422,4
360,PP,LT,S1_Grid_Electrified,-1.6083564999219275,-1.8336244479203871,4
361,PP,LT,S1_Grid_Electrified,-1.1913633889183641,-1.070006387451581,4
362,PP,LT,S1_Grid_Electrified,-1.3030410825356895,-1.1620189845287598,4
363,PP,LT,S1_Grid_Electrified,-1.1550477869111246,-0.8284929512290046,4
364,PP,LT,S1_Grid_Electrified,-1.375912834590879,-1.3802467070840305,4
365,PP,LT,S1_Grid_Electrified,-1.4495490500537804,-1.4117653762756412,4
366,PP,LT,S1_Grid_Electrified,-0.9179716444336414,-0.15208227082078818,4
367,PP,LT,S1_Grid_Electrified,-1.1735431052069265,-0.9735795105663483,4
368,PP,LT,S1_Grid_Electrified,-1.3057805611359283,-1.1053371469945221,4
369,PP,LT,S1_Grid_Electrified,-1.139897193755231,-0.7974010654271845,4
370,PP,LT,S1_Grid_Electrified,-1.3855368783448978,-1.3498128380550407,4
371,PP,LT,S1_Grid_Electrified,-1.3898899592947327,-1.3026244349129845,4
372,PP,LT,S1_Grid_Electrified,-1.853479367514951,-2.8113280462965484,4
373,PP,LT,S1_Grid_Electrified,-1.9651570611322762,-2.9033406433737285,4
374,PP,LT,S1_Grid_Electrified,-1.8171637655077122,-2.569814610073972,4
375,PP,LT,S1_Grid_Electrified,-2.0380288131874673,-3.1215683659289972,4
376,PP,LT,S1_Grid_Electrified,-2.1116650286503664,-3.1530870351206097,4
377,PP,LT,S1_Grid_Electrified,-1.580087623030229,-1.8934039296657568,4
378,PP,LT,S1_Grid_Electrified,-1.8356590838035132,-2.714901169411317,4
379,PP,LT,S1_Grid_Electrified,-1.9678965397325165,-2.8466588058394917,4
380,PP,LT,S1_Grid_Electrified,-1.8020131723518173,-2.5387227242721533,4
381,PP,LT,S1_Grid_Electrified,-2.047652856941484,-3.0911344969000094,4
382,PP,LT,S1_Grid_Electrified,-2.0520059378913205,-3.0439460937579543,4
383,PP,LT,S1_Grid_Electrified,-2.0897402363389195,-3.12543169978061,4
384,PP,LT,S1_Grid_Electrified,-2.2014179299562455,-3.21744429685779,4
385,PP,LT,S1_Grid_Electrified,-2.053424634331681,-2.883918263558035,4
386,PP,LT,S1_Grid_Electrified,-2.2742896820114358,-3.43567201941306,4
387,PP,LT,S1_Grid_Electrified,-2.3479258974743353,-3.467190688604671,4
388,PP,LT,S1_Grid_Electrified,-1.8163484918541986,-2.2075075831498183,4
389,PP,LT,S1_Grid_Electrified,-2.071919952627482,-3.029004822895378,4
390,PP,LT,S1_Grid_Electrified,-2.204157408556486,-3.1607624593235526,4
391,PP,LT,S1_Grid_Electrified,-2.0382740411757867,-2.852826377756215,4
392,PP,LT,S1_Grid_Electrified,-2.283913725765453,-3.405238150384071,4
393,PP,LT,S1_Grid_Electrified,-2.288266806715289,-3.358049747242016,4
394,PP,LT,S1_Grid_Electrified,-0.9732020471560473,0.5189248983433048,3
395,PP,LT,S1_Grid_Electrified,-1.0848797407733723,0.42691230126612545,3
396,PP,LT,S1_Grid_Electrified,-0.9368864451488088,0.7604383345658806,3
397,PP,LT,S1_Grid_Electrified,-1.1577514928285637,0.20868457871085566,3
398,PP,LT,S1_Grid_Electrified,-1.2313877082914633,0.17716590951924382,3
399,PP,LT,S1_Grid_Electrified,-0.6998103026713254,1.4368490149740973,3
400,PP,LT,S1_Grid_Electrified,-0.95538176344461,0.6153517752285365,3
401,PP,LT,S1_Grid_Electrified,-1.0876192193736116,0.4835941388003623,3
402,PP,LT,S1_Grid_Electrified,-0.9217358519929139,0.7915302203677008,3
403,PP,LT,S1_Grid_Electrified,-1.1673755365825804,0.2391184477398438,3
404,PP,LT,S1_Grid_Electrified,-1.171728617532417,0.2863068508819,3
405,PP,LT,S1_Grid_Electrified,-1.027216146285654,0.37405817297851773,3
406,PP,LT,S1_Grid_Electrified,-1.1388938399029778,0.2820455759013385,3
407,PP,LT,S1_Grid_Electrified,-0.9909005442784142,0.6155716092010936,3
408,PP,LT,S1_Grid_Electrified,-1.2117655919581685,0.06381785334606799,3
409,PP,LT,S1_Grid_Electrified,-1.2854018074210685,0.03229918415445693,3
410,PP,LT,S1_Grid_Electrified,-0.7538244018009315,1.29198228960931,3
411,PP,LT,S1_Grid_Electrified,-1.009395862574215,0.47048504986374906,3
412,PP,LT,S1_Grid_Electrified,-1.1416333185032181,0.33872741343557516,3
413,PP,LT,S1_Grid_Electrified,-0.975749951122519,0.6466634950029133,3
414,PP,LT,S1_Grid_Electrified,-1.2213896357121872,0.09425172237505669,3
415,PP,LT,S1_Grid_Electrified,-1.2257427166620218,0.14144012551711255,3
416,PP,HT,S1_Grid_Electrified,-0.9573025295846194,-1.0719868773780026,4
417,PP,HT,S1_Grid_Electrified,-1.328574905162769,-1.0437513472950781,4
418,PP,HT,S1_Grid_Electrified,-1.0437105535808782,-0.9727360938305406,4
419,PP,HT,S1_Grid_Electrified,-1.7056492179211011,-2.3133591381368,4
420,PP,HT,S1_Grid_Electrified,-2.0255957256713626,-2.385928446878595,4
421,PP,HT,S1_Grid_Electrified,-0.49725029830362477,1.3659536128984773,3
422,PP,HT,S1_Grid_Electrified,-1.010479394741988,-1.4266529683032365,4
423,PP,HT,S1_Grid_Electrified,-1.5762201803019187,-2.2471078400810742,4
424,PP,HT,S1_Grid_Electrified,-1.0361466589558377,-0.78537389919946,4
425,PP,HT,S1_Grid_Electrified,-2.9539912228491736,-5.826612027004357,4
426,PP,HT,S1_Grid_Electrified,-3.0338994831098933,-4.683263542314319,4
427,PP,LT,S1_Grid_Electrified,-0.9722290498106806,-0.7935406062038727,4
428,PP,LT,S1_Grid_Electrified,-1.149448890576617,-0.9629012029671891,4
429,PP,LT,S1_Grid_Electrified,-0.9533214768882468,-0.36117016316074524,4
430,PP,LT,S1_Grid_Electrified,-1.7474361640449656,-2.4747552914827082,4
431,PP,LT,S1_Grid_Electrified,-1.947541755584741,-2.670404162073157,4
432,PP,LT,S1_Grid_Electrified,-0.6850616633069497,0.5489781104613649,3
433,PP,LT,S1_Grid_Electrified,-1.0015594392678626,-0.8582678112110153,4
434,PP,LT,S1_Grid_Electrified,-1.5106870605931708,-1.6753383798708148,4
435,PP,LT,S1_Grid_Electrified,-0.9697209806985159,-0.3943046372975764,4
436,PP,LT,S1_Grid_Electrified,-1.838411060689577,-2.8843102588496654,4
437,PP,LT,S1_Grid_Electrified,-1.9251555855007498,-2.4976138650177226,4
438,PP,SG,S1_Grid_Electrified,-0.9880921704257888,-1.680032762042799,4
439,PP,SG,S1_Grid_Electrified,-1.744691061097666,-2.444816030009087,4
440,PP,SG,S1_Grid_Electrified,-1.103649924757315,-1.4309179997004624,4
441,PP,SG,S1_Grid_Electrified,-3.735225188251988,-7.714521706675612,4
442,PP,SG,S1_Grid_Electrified,-4.491937840535687,-8.448880665382923,4
443,PP,SG,S1_Grid_Electrified,-1.0729453288829485,-1.7476690613884291,4
444,PP,SG,S1_Grid_Electrified,-1.9750150330757714,-2.900973374711245,4
445,PP,SG,S1_Grid_Electrified,-1.324662819894736,-1.6279935759415642,4
446,PP,SG,S1_Grid_Electrified,-3.7798024162549853,-7.837463044540382,4
447,PP,SG,S1_Grid_Electrified,-4.572600409672933,-8.5683432212228,4
448,PP,OG,S1_Grid_Electrified,-0.5748135863722441,0.006189129972171831,3
449,PP,OG,S1_Grid_Electrified,-1.491879822932583,-1.303336067986102,4
450,PP,OG,S1_Grid_Electrified,-0.6546529870263658,0.8325952575096436,3
451,PP,OG,S1_Grid_Electrified,-2.3554341640674914,-4.192372249466057,4
452,PP,OG,S1_Grid_Electrified,-3.204695468255315,-4.996796034627309,4
453,PP,OG,S1_Grid_Electrified,-0.6538644995415732,-0.27106595414586704,4
454,PP,OG,S1_Grid_Electrified,-0.7900994101508101,0.24012533208065967,3
455,PP,OG,S1_Grid_Electrified,-0.9996140797894738,-0.25477322065082764,4
456,PP,OG,S1_Grid_Electrified,-2.295907934781678,-3.866737567623594,4
457,PP,OG,S1_Grid_Electrified,-2.5602506006616594,-3.6267912807548646,4
458,PVC,HT,S1_Grid_Electrified,-0.8218608986437512,-0.5634334029507724,4
459,PVC,HT,S1_Grid_Electrified,-1.1890401499326688,-0.9522680025050572,4
460,PVC,HT,S1_Grid_Electrified,-0.7240626612836362,0.11556976921997092,3
461,PVC,HT,S1_Grid_Electrified,-1.1155616562129045,-1.1912391840255907,4
462,PVC,HT,S1_Grid_Electrified,-1.4189488648958948,-1.435837491007301,4
463,PVC,HT,S1_Grid_Electrified,-0.6496390144041537,0.3360670520036151,3
464,PVC,HT,S1_Grid_Electrified,-0.7606043227097202,-0.044067221343676743,4
465,PVC,HT,S1_Grid_Electrified,-0.8902763939623506,-0.21319858191875704,4
466,PVC,HT,S1_Grid_Electrified,-0.7783591712618504,-0.12689411004127116,4
467,PVC,HT,S1_Grid_Electrified,-0.9233034959426215,-0.3595863729123561,4
468,PVC,HT,S1_Grid_Electrified,-1.0252709553110253,-0.5545854666731339,4
469,PVC,HT,S1_Grid_Electrified,-0.9537423686850727,-0.7984660019852954,4
470,PVC,HT,S1_Grid_Electrified,-1.3209216199739897,-1.18730060153958,4
471,PVC,HT,S1_Grid_Electrified,-0.8559441313249574,-0.11946282981455178,4
472,PVC,HT,S1_Grid_Electrified,-1.2474431262542258,-1.4262717830601144,4
473,PVC,HT,S1_Grid_Electrified,-1.5508303349372161,-1.6708700900418236,4
474,PVC,HT,S1_Grid_Electrified,-0.7815204844454748,0.10103445296909219,3
475,PVC,HT,S1_Grid_Electrified,-0.8924857927510413,-0.27909982037819947,4
476,PVC,HT,S1_Grid_Electrified,-1.0221578640036713,-0.44823118095328,4
477,PVC,HT,S1_Grid_Electrified,-0.9102406413031714,-0.3619267090757937,4
478,PVC,HT,S1_Grid_Electrified,-1.0551849659839425,-0.5946189719468791,4
479,PVC,HT,S1_Grid_Electrified,-1.1571524253523464,-0.7896180657076569,4
480,PVC,HT,S1_Grid_Electrified,-1.0880484814883937,-1.3481909326879655,4
481,PVC,HT,S1_Grid_Electrified,-1.455227732777311,-1.7370255322422499,4
482,PVC,HT,S1_Grid_Electrified,-0.9902502441282786,-0.6691877605172222,4
483,PVC,HT,S1_Grid_Electrified,-1.3817492390575468,-1.9759967137627843,4
484,PVC,HT,S1_Grid_Electrified,-1.685136447740537,-2.2205950207444936,4
485,PVC,HT,S1_Grid_Electrified,-0.9158265972487958,-0.4486904777335782,4
486,PVC,HT,S1_Grid_Electrified,-1.0267919055543624,-0.8288247510808702,4
487,PVC,HT,S1_Grid_Electrified,-1.1564639768069922,-0.9979561116559506,4
488,PVC,HT,S1_Grid_Electrified,-1.0445467541064926,-0.9116516397784642,4
489,PVC,HT,S1_Grid_Electrified,-1.1894910787872632,-1.1443439026495499,4
490,PVC,HT,S1_Grid_Electrified,-1.2914585381556674,-1.3393429964103274,4
491,PVC,HT,S1_Grid_Electrified,-1.180670642846439,-1.3611058566314058,4
492,PVC,HT,S1_Grid_Electrified,-1.5478498941353558,-1.7499404561856897,4
493,PVC,HT,S1_Grid_Electrified,-1.0828724054863235,-0.6821026844606626,4
494,PVC,HT,S1_Grid_Electrified,-1.4743714004155917,-1.9889116377062246,4
495,PVC,HT,S1_Grid_Electrified,-1.777758609098582,-2.2335099446879343,4
496,PVC,HT,S1_Grid_Electrified,-1.0084487586068411,-0.46160540167701825,4
497,PVC,HT,S1_Grid_Electrified,-1.1194140669124073,-0.8417396750243099,4
498,PVC,HT,S1_Grid_Electrified,-1.2490861381650373,-1.0108710355993906,4
499,PVC,HT,S1_Grid_Electrified,-1.1371689154645377,-0.9245665637219043,4
500,PVC,HT,S1_Grid_Electrified,-1.2821132401453088,-1.1572588265929888,4
501,PVC,HT,S1_Grid_Electrified,-1.384080699513712,-1.3522579203537677,4
502,PVC,HT,S1_Grid_Electrified,-1.0718572354642566,-1.1364853429888326,4
503,PVC,HT,S1_Grid_Electrified,-1.4390364867531735,-1.525319942543117,4
504,PVC,HT,S1_Grid_Electrified,-0.9740589981041413,-0.4574821708180895,4
505,PVC,HT,S1_Grid_Electrified,-1.3655579930334099,-1.7642911240636518,4
506,PVC,HT,S1_Grid_Electrified,-1.6689452017164,-2.0088894310453616,4
507,PVC,HT,S1_Grid_Electrified,-0.8996353512246589,-0.2369848880344454,4
508,PVC,HT,S1_Grid_Electrified,-1.0106006595302255,-0.6171191613817376,4
509,PVC,HT,S1_Grid_Electrified,-1.1402727307828555,-0.7862505219568177,4
510,PVC,HT,S1_Grid_Electrified,-1.0283555080823554,-0.6999460500793315,4
511,PVC,HT,S1_Grid_Electrified,-1.1732998327631265,-0.9326383129504168,4
512,PVC,HT,S1_Grid_Electrified,-1.2752672921315304,-1.127637406711195,4
513,PVC,HT,S1_Grid_Electrified,-1.3913798008358214,-1.9771877343000586,4
514,PVC,HT,S1_Grid_Electrified,-1.7585590521247387,-2.366022333854344,4
515,PVC,HT,S1_Grid_Electrified,-1.293581563475706,-1.2981845621293155,4
516,PVC,HT,S1_Grid_Electrified,-1.6850805584049746,-2.6049935153748773,4
517,PVC,HT,S1_Grid_Electrified,-1.9884677670879647,-2.8495918223565875,4
518,PVC,HT,S1_Grid_Electrified,-1.2191579165962234,-1.0776872793456713,4
519,PVC,HT,S1_Grid_Electrified,-1.3301232249017896,-1.4578215526929634,4
520,PVC,HT,S1_Grid_Electrified,-1.4597952961544203,-1.6269529132680434,4
521,PVC,HT,S1_Grid_Electrified,-1.3478780734539204,-1.5406484413905575,4
522,PVC,HT,S1_Grid_Electrified,-1.4928223981346913,-1.7733407042616425,4
523,PVC,HT,S1_Grid_Electrified,-1.5947898575030948,-1.9683397980224209,4
524,PVC,HT,S1_Grid_Electrified,-1.5018436806068556,-2.121146394048893,4
525,PVC,HT,S1_Grid_Electrified,-1.869022931895773,-2.509980993603177,4
526,PVC,HT,S1_Grid_Electrified,-1.4040454432467404,-1.4421432218781498,4
527,PVC,HT,S1_Grid_Electrified,-1.7955444381760088,-2.7489521751237116,4
528,PVC,HT,S1_Grid_Electrified,-2.098931646858999,-2.993550482105421,4
529,PVC,HT,S1_Grid_Electrified,-1.3296217963672576,-1.2216459390945054,4
530,PVC,HT,S1_Grid_Electrified,-1.440587104672824,-1.6017802124417972,4
531,PVC,HT,S1_Grid_Electrified,-1.5702591759254545,-1.7709115730168776,4
532,PVC,HT,S1_Grid_Electrified,-1.4583419532249549,-1.6846071011393908,4
533,PVC,HT,S1_Grid_Electrified,-1.6032862779057253,-1.9172993640104767,4
534,PVC,HT,S1_Grid_Electrified,-1.705253737274129,-2.1122984577712547,4
535,PVC,HT,S1_Grid_Electrified,-0.9893225570181607,-0.14236841072755999,4
536,PVC,HT,S1_Grid_Electrified,-1.3565018083070783,-0.5312030102818447,4
537,PVC,HT,S1_Grid_Electrified,-0.8915243196580456,0.5366347614431832,3
538,PVC,HT,S1_Grid_Electrified,-1.283023314587314,-0.7701741918023786,4
539,PVC,HT,S1_Grid_Electrified,-1.586410523270304,-1.0147724987840887,4
540,PVC,HT,S1_Grid_Electrified,-0.8171006727785629,0.7571320442268273,3
541,PVC,HT,S1_Grid_Electrified,-0.9280659810841294,0.37699777087953573,3
542,PVC,HT,S1_Grid_Electrified,-1.0577380523367594,0.2078664103044554,3
543,PVC,HT,S1_Grid_Electrified,-0.9458208296362597,0.2941708821819413,3
544,PVC,HT,S1_Grid_Electrified,-1.0907651543170307,0.0614786193108563,3
545,PVC,HT,S1_Grid_Electrified,-1.1927326136854344,-0.13352047444992185,4
546,PVC,HT,S1_Grid_Electrified,-1.0793488640213391,-0.45575001939908033,4
547,PVC,HT,S1_Grid_Electrified,-1.4465281153102563,-0.8445846189533648,4
548,PVC,HT,S1_Grid_Electrified,-0.9815506266612235,0.22325315277166338,3
549,PVC,HT,S1_Grid_Electrified,-1.373049621590492,-1.083555800473899,4
550,PVC,HT,S1_Grid_Electrified,-1.6764368302734827,-1.328154107455609,4
551,PVC,HT,S1_Grid_Electrified,-0.9071269797817411,0.4437504355553075,3
552,PVC,HT,S1_Grid_Electrified,-1.0180922880873073,0.06361616220801564,3
553,PVC,HT,S1_Grid_Electrified,-1.1477643593399374,-0.10551519836706466,4
554,PVC,HT,S1_Grid_Electrified,-1.0358471366394373,-0.019210726489578556,4
555,PVC,HT,S1_Grid_Electrified,-1.1807914613202086,-0.25190298936066374,4
556,PVC,HT,S1_Grid_Electrified,-1.2827589206886125,-0.4469020831214418,4
557,PVC,LT,S1_Grid_Electrified,-0.8016644437662359,-0.7831934390356684,4
558,PVC,LT,S1_Grid_Electrified,-1.2440867286046515,-1.2467532514260469,4
559,PVC,LT,S1_Grid_Electrified,-0.6893473501051347,0.03093069482842875,3
560,PVC,LT,S1_Grid_Electrified,-1.1477047189433633,-1.5323226126221818,4
561,PVC,LT,S1_Grid_Electrified,-1.1870752124989474,-1.129170577159055,4
562,PVC,LT,S1_Grid_Electrified,-0.5893157087705206,0.3177261561393022,3
563,PVC,LT,S1_Grid_Electrified,-0.7286370154979829,-0.1899130013584579,4
564,PVC,LT,S1_Grid_Electrified,-0.8226369971767971,-0.2885615718708792,4
565,PVC,LT,S1_Grid_Electrified,-0.7557738375591856,-0.26390487665630585,4
566,PVC,LT,S1_Grid_Electrified,-0.8789609127909435,-0.4473132621027609,4
567,PVC,LT,S1_Grid_Electrified,-0.9232132707004146,-0.4956555603436333,4
568,PVC,LT,S1_Grid_Electrified,-0.9689315500464557,-1.019179865867859,4
569,PVC,LT,S1_Grid_Electrified,-1.4113538348848713,-1.4827396782582376,4
570,PVC,LT,S1_Grid_Electrified,-0.8566144563853547,-0.20505573200376265,4
571,PVC,LT,S1_Grid_Electrified,-1.3149718252235831,-1.7683090394543732,4
572,PVC,LT,S1_Grid_Electrified,-1.3543423187791674,-1.3651570039912464,4
573,PVC,LT,S1_Grid_Electrified,-0.7565828150507404,0.0817397293071106,3
574,PVC,LT,S1_Grid_Electrified,-0.8959041217782027,-0.42589942819064913,4
575,PVC,LT,S1_Grid_Electrified,-0.9899041034570173,-0.5245479987030702,4
576,PVC,LT,S1_Grid_Electrified,-0.9230409438394056,-0.49989130348849725,4
577,PVC,LT,S1_Grid_Electrified,-1.0462280190711628,-0.6832996889349522,4
578,PVC,LT,S1_Grid_Electrified,-1.0904803769806346,-0.7316419871758248,4
579,PVC,LT,S1_Grid_Electrified,-1.0929561933262195,-1.5579890125038556,4
580,PVC,LT,S1_Grid_Electrified,-1.5353784781646354,-2.0215488248942335,4
581,PVC,LT,S1_Grid_Electrified,-0.9806390996651182,-0.7438648786397581,4
582,PVC,LT,S1_Grid_Electrified,-1.4389964685033472,-2.307118186090369,4
583,PVC,LT,S1_Grid_Electrified,-1.478366962058931,-1.9039661506272418,4
584,PVC,LT,S1_Grid_Electrified,-0.8806074583305048,-0.45706941732888506,4
585,PVC,LT,S1_Grid_Electrified,-1.0199287650579665,-0.9647085748266451,4
586,PVC,LT,S1_Grid_Electrified,-1.1139287467367807,-1.0633571453390664,4
587,PVC,LT,S1_Grid_Electrified,-1.0470655871191694,-1.038700450124493,4
588,PVC,LT,S1_Grid_Electrified,-1.170252662350927,-1.222108835570948,4
589,PVC,LT,S1_Grid_Electrified,-1.2145050202603986,-1.2704511338118203,4
590,PVC,LT,S1_Grid_Electrified,-1.2176637884580412,-1.651850505797245,4
591,PVC,LT,S1_Grid_Electrified,-1.660086073296457,-2.1154103181876236,4
592,PVC,LT,S1_Grid_Electrified,-1.1053466947969404,-0.8377263719331477,4
593,PVC,LT,S1_Grid_Electrified,-1.5637040636351687,-2.4009796793837586,4
594,PVC,LT,S1_Grid_Electrified,-1.603074557190753,-1.997827643920631,4
595,PVC,LT,S1_Grid_Electrified,-1.0053150534623263,-0.5509309106222743,4
596,PVC,LT,S1_Grid_Electrified,-1.1446363601897884,-1.058570068120034,4
597,PVC,LT,S1_Grid_Electrified,-1.2386363418686026,-1.1572186386324557,4
598,PVC,LT,S1_Grid_Electrified,-1.1717731822509911,-1.1325619434178824,4
599,PVC,LT,S1_Grid_Electrified,-1.294960257482749,-1.3159703288643372,4
600,PVC,LT,S1_Grid_Electrified,-1.3392126153922201,-1.3643126271052095,4
601,PVC,LT,S1_Grid_Electrified,-1.0890252378217462,-1.36552359922081,4
602,PVC,LT,S1_Grid_Electrified,-1.5314475226601618,-1.829083411611188,4
603,PVC,LT,S1_Grid_Electrified,-0.9767081441606451,-0.5513994653567125,4
604,PVC,LT,S1_Grid_Electrified,-1.4350655129988736,-2.114652772807324,4
605,PVC,LT,S1_Grid_Electrified,-1.4744360065544577,-1.7115007373441964,4
606,PVC,LT,S1_Grid_Electrified,-0.8766765028260309,-0.2646040040458396,4
607,PVC,LT,S1_Grid_Electrified,-1.0159978095534932,-0.7722431615435996,4
608,PVC,LT,S1_Grid_Electrified,-1.1099977912323074,-0.8708917320560207,4
609,PVC,LT,S1_Grid_Electrified,-1.043134631614696,-0.8462350368414477,4
610,PVC,LT,S1_Grid_Electrified,-1.1663217068464533,-1.0296434222879027,4
611,PVC,LT,S1_Grid_Electrified,-1.2105740647559249,-1.0779857205287748,4
612,PVC,LT,S1_Grid_Electrified,-1.4071601923691857,-2.1097525427385957,4
613,PVC,LT,S1_Grid_Electrified,-1.8495824772076008,-2.5733123551289734,4
614,PVC,LT,S1_Grid_Electrified,-1.2948430987080841,-1.295628408874499,4
615,PVC,LT,S1_Grid_Electrified,-1.7532004675463133,-2.8588817163251106,4
616,PVC,LT,S1_Grid_Electrified,-1.7925709611018972,-2.4557296808619826,4
617,PVC,LT,S1_Grid_Electrified,-1.1948114573734703,-1.0088329475636253,4
618,PVC,LT,S1_Grid_Electrified,-1.3341327641009322,-1.5164721050613856,4
619,PVC,LT,S1_Grid_Electrified,-1.4281327457797468,-1.6151206755738068,4
620,PVC,LT,S1_Grid_Electrified,-1.361269586162135,-1.5904639803592335,4
621,PVC,LT,S1_Grid_Electrified,-1.4844566613938923,-1.7738723658056885,4
622,PVC,LT,S1_Grid_Electrified,-1.5287090193033643,-1.822214664046561,4
623,PVC,LT,S1_Grid_Electrified,-1.5712379903173417,-2.467493987359569,4
624,PVC,LT,S1_Grid_Electrified,-2.013660275155757,-2.9310537997499475,4
625,PVC,LT,S1_Grid_Electrified,-1.4589208966562404,-1.6533698534954717,4
626,PVC,LT,S1_Grid_Electrified,-1.9172782654944691,-3.216623160946083,4
627,PVC,LT,S1_Grid_Electrified,-1.9566487590500534,-2.8134711254829554,4
628,PVC,LT,S1_Grid_Electrified,-1.3588892553216263,-1.366574392184599,4
629,PVC,LT,S1_Grid_Electrified,-1.4982105620490886,-1.8742135496823589,4
630,PVC,LT,S1_Grid_Electrified,-1.5922105437279028,-1.97286212019478,4
631,PVC,LT,S1_Grid_Electrified,-1.5253473841102918,-1.9482054249802063,4
632,PVC,LT,S1_Grid_Electrified,-1.6485344593420495,-2.1316138104266615,4
633,PVC,LT,S1_Grid_Electrified,-1.6927868172515204,-2.1799561086675343,4
634,PVC,LT,S1_Grid_Electrified,-1.0239898097942544,-0.474254488577467,4
635,PVC,LT,S1_Grid_Electrified,-1.4664120946326697,-0.9378143009678456,4
636,PVC,LT,S1_Grid_Electrified,-0.911672716133153,0.33986964528663005,3
637,PVC,LT,S1_Grid_Electrified,-1.3700300849713818,-1.223383662163981,4
638,PVC,LT,S1_Grid_Electrified,-1.409400578526966,-0.8202316267008536,4
639,PVC,LT,S1_Grid_Electrified,-0.8116410747985393,0.6266651065975031,3
640,PVC,LT,S1_Grid_Electrified,-0.9509623815260011,0.11902594909974334,3
641,PVC,LT,S1_Grid_Electrified,-1.0449623632048155,0.02037737858732186,3
642,PVC,LT,S1_Grid_Electrified,-0.9780992035872043,0.045034073801895114,3
643,PVC,LT,S1_Grid_Electrified,-1.101286278818962,-0.13837431164455966,4
644,PVC,LT,S1_Grid_Electrified,-1.1455386367284333,-0.1867166098854323,4
645,PVC,LT,S1_Grid_Electrified,-1.1073084412927423,-0.7789614692532754,4
646,PVC,LT,S1_Grid_Electrified,-1.5497307261311581,-1.2425212816436535,4
647,PVC,LT,S1_Grid_Electrified,-0.9949913476316409,0.03516266461082229,3
648,PVC,LT,S1_Grid_Electrified,-1.4533487164698697,-1.528090642839789,4
649,PVC,LT,S1_Grid_Electrified,-1.4927192100254538,-1.1249386073766616,4
650,PVC,LT,S1_Grid_Electrified,-0.8949597062970269,0.3219581259216955,3
651,PVC,LT,S1_Grid_Electrified,-1.0342810130244893,-0.18568103157606436,4
652,PVC,LT,S1_Grid_Electrified,-1.1282809947033035,-0.28432960208848596,4
653,PVC,LT,S1_Grid_Electrified,-1.0614178350856922,-0.25967290687391253,4
654,PVC,LT,S1_Grid_Electrified,-1.1846049103174496,-0.4430812923203673,4
655,PVC,LT,S1_Grid_Electrified,-1.2288572682269212,-0.49142359056123996,4
656,PVC,HT,S1_Grid_Electrified,-1.0705955634493178,-0.7747972182382534,4
657,PVC,HT,S1_Grid_Electrified,-1.209095085667865,-0.9032745971857458,4
658,PVC,HT,S1_Grid_Electrified,-1.0192117817391408,-1.7764181946157112,4
659,PVC,HT,S1_Grid_Electrified,-1.801204955513768,-2.3549371893797177,4
660,PVC,HT,S1_Grid_Electrified,-1.8651616917632845,-2.260323979944126,4
661,PVC,HT,S1_Grid_Electrified,-0.8051706689472307,0.012051900509282842,3
662,PVC,HT,S1_Grid_Electrified,-0.9904097598533548,-1.1370226359667144,4
663,PVC,HT,S1_Grid_Electrified,-1.2074509679104315,-1.300516519096954,4
664,PVC,HT,S1_Grid_Electrified,-0.9600634583226341,-0.3642504463424806,4
665,PVC,HT,S1_Grid_Electrified,-1.4648036042457906,-2.0596293762151885,4
666,PVC,HT,S1_Grid_Electrified,-1.6987143808265401,-2.2931277386130597,4
667,PVC,LT,S1_Grid_Electrified,-1.031880889591265,-1.351257611658873,4
668,PVC,LT,S1_Grid_Electrified,-1.136833039793882,-1.3377541904373238,4
669,PVC,LT,S1_Grid_Electrified,-0.9831099454236496,-0.6874108018196781,4
670,PVC,LT,S1_Grid_Electrified,-1.8011191376691709,-2.795900828286922,4
671,PVC,LT,S1_Grid_Electrified,-1.893113549283449,-2.8499757177348277,4
672,PVC,LT,S1_Grid_Electrified,-0.7603303007737481,0.10238914939050686,3
673,PVC,LT,S1_Grid_Electrified,-1.010600240871671,-0.9023725536172594,4
674,PVC,LT,S1_Grid_Electrified,-1.2048499092178893,-1.074476395745486,4
675,PVC,LT,S1_Grid_Electrified,-0.9780644530835934,-0.5634858967769469,4
676,PVC,LT,S1_Grid_Electrified,-1.4980553071409974,-1.9228166145282581,4
677,PVC,LT,S1_Grid_Electrified,-1.676660315316004,-2.1390824486511084,4
678,PVC,SG,S1_Grid_Electrified,-0.8228806901777371,-0.9090027399837239,4
679,PVC,SG,S1_Grid_Electrified,-1.0007656070057145,-0.7298537718345138,4
680,PVC,SG,S1_Grid_Electrified,-1.0307994227602006,-0.7553504016564564,4
681,PVC,SG,S1_Grid_Electrified,-1.9012986634898223,-3.1850359132197585,4
682,PVC,SG,S1_Grid_Electrified,-2.0736209522057707,-3.005518482431227,4
683,PVC,SG,S1_Grid_Electrified,-0.8938274434679633,-1.0575468979324603,4
684,PVC,SG,S1_Grid_Electrified,-1.1590226563385317,-1.1992408638124412,4
685,PVC,SG,S1_Grid_Electrified,-1.1869428988446407,-1.2340101332809243,4
686,PVC,SG,S1_Grid_Electrified,-1.9824485335623323,-3.4123864992207236,4
687,PVC,SG,S1_Grid_Electrified,-2.25108584913687,-3.5699900977222714,4
688,PVC,OG,S1_Grid_Electrified,-0.6244123557632465,-0.4095078983448249,4
689,PVC,OG,S1_Grid_Electrified,-1.0556311528472162,-0.5540381982915397,4
690,PVC,OG,S1_Grid_Electrified,-0.7746279334906314,0.004866932244928512,3
691,PVC,OG,S1_Grid_Electrified,-1.2749518051977384,-1.7045621726951414,4
692,PVC,OG,S1_Grid_Electrified,-2.3525298628368367,-3.409878487772921,4
693,PVC,OG,S1_Grid_Electrified,-0.6140464748809195,0.094359342871256,3
694,PVC,OG,S1_Grid_Electrified,-0.9155742385412959,-0.1771453426100676,4
695,PVC,OG,S1_Grid_Electrified,-0.8131591824615481,0.010530598004315717,3
696,PVC,OG,S1_Grid_Electrified,-1.1680437346321966,-1.3193286255689918,4
697,PVC,OG,S1_Grid_Electrified,-1.5411033898084252,-1.5107479961557508,4
698,PS,HT,S1_Grid_Electrified,-0.6505111972317633,1.1429543715418822,3
699,PS,HT,S1_Grid_Electrified,-0.9308032804073603,0.6358565513421186,3
700,PS,HT,S1_Grid_Electrified,-1.1945788995660636,-0.5274626136799045,4
701,PS,HT,S1_Grid_Electrified,-1.4292035809356514,-0.7430292044379715,4
702,PS,HT,S1_Grid_Electrified,-1.1885103069074237,-0.17893201374095768,4
703,PS,HT,S1_Grid_Electrified,-1.9851956960390926,-2.2590773178912835,4
704,PS,HT,S1_Grid_Electrified,-2.2718126290971736,-2.639363040567809,4
705,PS,HT,S1_Grid_Electrified,-0.8810813659671741,1.9197396097216202,3
706,PS,HT,S1_Grid_Electrified,-0.973283073052535,1.5502171893657337,3
707,PS,LT,S1_Grid_Electrified,-0.5845931801378434,1.20146108580921,3
708,PS,LT,S1_Grid_Electrified,-0.7727663470355365,0.864604590121698,3
709,PS,LT,S1_Grid_Electrified,-1.1446351906763947,-0.5954554389923591,4
710,PS,LT,S1_Grid_Electrified,-1.3942877744877622,-0.8220291312973806,4
711,PS,LT,S1_Grid_Electrified,-1.104516181885153,-0.13135560989446582,4
712,PS,LT,S1_Grid_Electrified,-1.940234251708103,-2.3178534572619407,4
713,PS,LT,S1_Grid_Electrified,-2.232163959603313,-2.7134254933685593,4
714,PS,LT,S1_Grid_Electrified,-0.43437094593180103,2.6066349435025153,3
715,PS,LT,S1_Grid_Electrified,-0.58619186807432,2.2462424512269865,3
716,PS,SG,S1_Grid_Electrified,-0.9829590198766025,-1.4935084565389125,4
717,PS,SG,S1_Grid_Electrified,-1.3117046694097403,-1.181742558196586,4
718,PS,SG,S1_Grid_Electrified,-1.0822599552547818,-1.0274985001229078,4
719,PS,SG,S1_Grid_Electrified,-3.2986566429749926,-6.552161208540799,4
720,PS,SG,S1_Grid_Electrified,-3.5975717529269646,-6.175356454791229,4
721,PS,SG,S1_Grid_Electrified,-1.031042856060008,-1.3393081880731437,4
722,PS,SG,S1_Grid_Electrified,-1.5361911720708568,-1.6124260330565643,4
723,PS,SG,S1_Grid_Electrified,-1.6024311620655332,-2.056336243873879,4
724,PS,SG,S1_Grid_Electrified,-3.5228461362344126,-6.538369988007303,4
725,PS,SG,S1_Grid_Electrified,-4.050457657712634,-6.875639544356134,4
726,PS,OG,S1_Grid_Electrified,-0.6504947361494502,-1.0624386337902572,4
727,PS,OG,S1_Grid_Electrified,-2.0709686030890824,-2.074496743117014,4
728,PS,OG,S1_Grid_Electrified,-0.7001448091042659,0.7149075223462137,3
729,PS,OG,S1_Grid_Electrified,-2.1738861492024086,-3.845838561951104,4
730,PS,OG,S1_Grid_Electrified,-3.1266943362842285,-4.4565495818367316,4
731,PS,OG,S1_Grid_Electrified,-0.5704644622142391,0.5060160078773835,3
732,PS,OG,S1_Grid_Electrified,-1.0113911081970166,0.23846817638302165,3
733,PS,OG,S1_Grid_Electrified,-0.9512418048730502,0.17684651281785002,3
734,PS,OG,S1_Grid_Electrified,-1.8935990991042089,-2.3260780089024036,4
735,PS,OG,S1_Grid_Electrified,-2.237559974383714,-2.4861150085830035,4
736,PE,HT,S1_Grid_Electrified,-0.7944423395060142,-0.1744879997666427,4
737,PE,HT,S1_Grid_Electrified,-1.2068435370883455,-0.5888791628143076,4
738,PE,HT,S1_Grid_Electrified,-0.8279825216920662,0.12587902865177003,3
739,PE,HT,S1_Grid_Electrified,-2.2032713921714056,-3.33113917593319,4
740,PE,HT,S1_Grid_Electrified,-2.7093969648828056,-3.955519933843806,4
741,PE,HT,S1_Grid_Electrified,-0.4715513073732159,1.6031096506609606,3
742,PE,HT,S1_Grid_Electrified,-0.8255861070372904,-0.247692937915529,4
743,PE,HT,S1_Grid_Electrified,-1.2700973020686979,-0.7365227654586018,4
744,PE,HT,S1_Grid_Electrified,-0.8757115445666726,0.05886009302244133,3
745,PE,HT,S1_Grid_Electrified,-2.3772173420941027,-3.7615792023124235,4
746,PE,HT,S1_Grid_Electrified,-2.9035141565147136,-4.40944436457174,4
747,PE,HT,S1_Grid_Electrified,-0.9860480447278814,-0.5687104750592504,4
748,PE,HT,S1_Grid_Electrified,-1.3984492423102108,-0.9831016381069153,4
749,PE,HT,S1_Grid_Electrified,-1.0195882269139322,-0.268343446640838,4
750,PE,HT,S1_Grid_Electrified,-2.3948770973932723,-3.7253616512258,4
751,PE,HT,S1_Grid_Electrified,-2.9010026701046723,-4.3497424091364145,4
752,PE,HT,S1_Grid_Electrified,-0.6631570125950832,1.2088871753683532,3
753,PE,HT,S1_Grid_Electrified,-1.0171918122591563,-0.6419154132081366,4
754,PE,HT,S1_Grid_Electrified,-1.4617030072905637,-1.1307452407512095,4
755,PE,HT,S1_Grid_Electrified,-1.0673172497885386,-0.33536238227016585,4
756,PE,HT,S1_Grid_Electrified,-2.568823047315969,-4.155801677605034,4
757,PE,HT,S1_Grid_Electrified,-3.0951198617365794,-4.8036668398643485,4
758,PE,HT,S1_Grid_Electrified,-1.1939397569363464,-1.4413191454760073,4
759,PE,HT,S1_Grid_Electrified,-1.6063409545186773,-1.855710308523673,4
760,PE,HT,S1_Grid_Electrified,-1.2274799391223987,-1.1409521170575947,4
761,PE,HT,S1_Grid_Electrified,-2.6027688096017383,-4.5979703216425545,4
762,PE,HT,S1_Grid_Electrified,-3.1088943823131383,-5.22235107955317,4
763,PE,HT,S1_Grid_Electrified,-0.8710487248035481,0.33627850495159517,3
764,PE,HT,S1_Grid_Electrified,-1.2250835244676228,-1.514524083624893,4
765,PE,HT,S1_Grid_Electrified,-1.6695947194990302,-2.0033539111679657,4
766,PE,HT,S1_Grid_Electrified,-1.2752089619970048,-1.2079710526869232,4
767,PE,HT,S1_Grid_Electrified,-2.7767147595244346,-5.028410348021788,4
768,PE,HT,S1_Grid_Electrified,-3.303011573945046,-5.676275510281104,4
769,PE,HT,S1_Grid_Electrified,-1.3564361123964985,-1.6065951715664104,4
770,PE,HT,S1_Grid_Electrified,-1.7688373099788297,-2.020986334614075,4
771,PE,HT,S1_Grid_Electrified,-1.389976294582551,-1.3062281431479972,4
772,PE,HT,S1_Grid_Electrified,-2.7652651650618902,-4.763246347732958,4
773,PE,HT,S1_Grid_Electrified,-3.27139073777329,-5.387627105643572,4
774,PE,HT,S1_Grid_Electrified,-1.0335450802637003,0.17100247886119302,3
775,PE,HT,S1_Grid_Electrified,-1.3875798799277748,-1.6798001097152955,4
776,PE,HT,S1_Grid_Electrified,-1.8320910749591826,-2.168629937258369,4
777,PE,HT,S1_Grid_Electrified,-1.4377053174571566,-1.3732470787773252,4
778,PE,HT,S1_Grid_Electrified,-2.9392111149845865,-5.19368637411219,4
779,PE,HT,S1_Grid_Electrified,-3.465507929405197,-5.841551536371505,4
780,PE,HT,S1_Grid_Electrified,-1.17018815921854,-1.1116049740874525,4
781,PE,HT,S1_Grid_Electrified,-1.5825893568008702,-1.5259961371351185,4
782,PE,HT,S1_Grid_Electrified,-1.2037283414045916,-0.8112379456690395,4
783,PE,HT,S1_Grid_Electrified,-2.5790172118839325,-4.268256150254,4
784,PE,HT,S1_Grid_Electrified,-3.085142784595332,-4.892636908164615,4
785,PE,HT,S1_Grid_Electrified,-0.8472971270857412,0.6659926763401508,3
786,PE,HT,S1_Grid_Electrified,-1.2013319267498157,-1.1848099122363391,4
787,PE,HT,S1_Grid_Electrified,-1.6458431217812235,-1.6736397397794112,4
788,PE,HT,S1_Grid_Electrified,-1.2514573642791986,-0.8782568812983684,4
789,PE,HT,S1_Grid_Electrified,-2.7529631618066297,-4.698696176633234,4
790,PE,HT,S1_Grid_Electrified,-3.279259976227239,-5.34656133889255,4
791,PE,HT,S1_Grid_Electrified,-1.4026271215046044,-1.830215679853401,4
792,PE,HT,S1_Grid_Electrified,-1.8150283190869358,-2.244606842901067,4
793,PE,HT,S1_Grid_Electrified,-1.4361673036906568,-1.529848651434989,4
794,PE,HT,S1_Grid_Electrified,-2.8114561741699973,-4.986866856019949,4
795,PE,HT,S1_Grid_Electrified,-3.3175817468813964,-5.6112476139305665,4
796,PE,HT,S1_Grid_Electrified,-1.0797360893718067,-0.052618029425799406,4
797,PE,HT,S1_Grid_Electrified,-1.433770889035881,-1.9034206180022886,4
798,PE,HT,S1_Grid_Electrified,-1.8782820840672887,-2.3922504455453604,4
799,PE,HT,S1_Grid_Electrified,-1.4838963265652632,-1.5968675870643185,4
800,PE,HT,S1_Grid_Electrified,-2.9854021240926945,-5.417306882399184,4
801,PE,HT,S1_Grid_Electrified,-3.5116989385133035,-6.0651720446585,4
802,PE,HT,S1_Grid_Electrified,-1.5745883830494176,-2.058899410053402,4
803,PE,HT,S1_Grid_Electrified,-1.9869895806317475,-2.4732905731010666,4
804,PE,HT,S1_Grid_Electrified,-1.608128565235468,-1.7585323816349887,4
805,PE,HT,S1_Grid_Electrified,-2.983417435714809,-5.215550586219948,4
806,PE,HT,S1_Grid_Electrified,-3.4895430084262093,-5.839931344130564,4
807,PE,HT,S1_Grid_Electrified,-1.2516973509166198,-0.28130175962579806,4
808,PE,HT,S1_Grid_Electrified,-1.605732150580692,-2.1321043482022874,4
809,PE,HT,S1_Grid_Electrified,-2.0502433456121008,-2.6209341757453597,4
810,PE,HT,S1_Grid_Electrified,-1.6558575881100746,-1.825551317264317,4
811,PE,HT,S1_Grid_Electrified,-3.157363385637505,-5.645990612599182,4
812,PE,HT,S1_Grid_Electrified,-3.6836602000581147,-6.2938557748585,4
813,PE,HT,S1_Grid_Electrified,-1.0453097606900519,0.031918772015167574,3
814,PE,HT,S1_Grid_Electrified,-1.4577109582723806,-0.3824723910324974,4
815,PE,HT,S1_Grid_Electrified,-1.0788499428761036,0.33228580043358036,3
816,PE,HT,S1_Grid_Electrified,-2.4541388133554434,-3.124732404151381,4
817,PE,HT,S1_Grid_Electrified,-2.960264386066843,-3.749113162061995,4
818,PE,HT,S1_Grid_Electrified,-0.7224187285572532,1.8095164224427704,3
819,PE,HT,S1_Grid_Electrified,-1.0764535282213281,-0.04128616613371883,4
820,PE,HT,S1_Grid_Electrified,-1.5209647232527357,-0.5301159936767902,4
821,PE,HT,S1_Grid_Electrified,-1.1265789657507101,0.2652668648042523,3
822,PE,HT,S1_Grid_Electrified,-2.628084763278139,-3.555172430530615,4
823,PE,HT,S1_Grid_Electrified,-3.154381577698751,-4.20303759278993,4
824,PE,HT,S1_Grid_Electrified,-1.1905036461248288,-0.3701389781907619,4
825,PE,HT,S1_Grid_Electrified,-1.6029048437071602,-0.7845301412384269,4
826,PE,HT,S1_Grid_Electrified,-1.2240438283108814,-0.06977194977234957,4
827,PE,HT,S1_Grid_Electrified,-2.5993326987902217,-3.526790154357311,4
828,PE,HT,S1_Grid_Electrified,-3.105458271501622,-4.151170912267925,4
829,PE,HT,S1_Grid_Electrified,-0.867612613992031,1.4074586722368405,3
830,PE,HT,S1_Grid_Electrified,-1.2216474136561053,-0.4433439163396481,4
831,PE,HT,S1_Grid_Electrified,-1.6661586086875138,-0.9321737438827205,4
832,PE,HT,S1_Grid_Electrified,-1.2717728511854878,-0.13679088540167816,4
833,PE,HT,S1_Grid_Electrified,-2.7732786487129184,-3.9572301807365453,4
834,PE,HT,S1_Grid_Electrified,-3.2995754631335283,-4.6050953429958605,4
835,PE,LT,S1_Grid_Electrified,-0.7427183843838552,0.5983112610576796,3
836,PE,LT,S1_Grid_Electrified,-0.8845440583916301,0.43426514162628227,3
837,PE,LT,S1_Grid_Electrified,-0.7148311885171575,0.7537216515452467,3
838,PE,LT,S1_Grid_Electrified,-0.723403361555245,0.6725147440814608,3
839,PE,LT,S1_Grid_Electrified,-0.8748523970989439,0.42971746760322993,3
840,PE,LT,S1_Grid_Electrified,-0.6326443877763491,1.0253706987080358,3
841,PE,LT,S1_Grid_Electrified,-0.7157596381001958,0.7265402660730291,3
842,PE,LT,S1_Grid_Electrified,-0.8092800569434195,0.6083641217558848,3
843,PE,LT,S1_Grid_Electrified,-0.7042570035550098,0.7858794523282102,3
844,PE,LT,S1_Grid_Electrified,-0.8378588282319029,0.5887219591409341,3
845,PE,LT,S1_Grid_Electrified,-0.8669367683638898,0.5465149609825831,3
846,PE,LT,S1_Grid_Electrified,-0.8845536600337156,0.8407482275175799,3
847,PE,LT,S1_Grid_Electrified,-1.0263793340414904,0.6767021080861828,3
848,PE,LT,S1_Grid_Electrified,-0.8566664641670179,0.9961586180051472,3
849,PE,LT,S1_Grid_Electrified,-0.8652386372051054,0.9149517105413616,3
850,PE,LT,S1_Grid_Electrified,-1.0166876727488043,0.6721544340631306,3
851,PE,LT,S1_Grid_Electrified,-0.774479663426209,1.2678076651679362,3
852,PE,LT,S1_Grid_Electrified,-0.857594913750056,0.9689772325329299,3
853,PE,LT,S1_Grid_Electrified,-0.9511153325932801,0.8508010882157852,3
854,PE,LT,S1_Grid_Electrified,-0.8460922792048704,1.0283164187881113,3
855,PE,LT,S1_Grid_Electrified,-0.9796941038817635,0.8311589256008354,3
856,PE,LT,S1_Grid_Electrified,-1.0087720440137502,0.7889519274424839,3
857,PE,LT,S1_Grid_Electrified,-1.3301183794626734,-0.5355776774034243,4
858,PE,LT,S1_Grid_Electrified,-1.4719440534704493,-0.699623796834822,4
859,PE,LT,S1_Grid_Electrified,-1.3022311835959757,-0.3801672869158579,4
860,PE,LT,S1_Grid_Electrified,-1.3108033566340647,-0.4613741943796422,4
861,PE,LT,S1_Grid_Electrified,-1.4622523921777635,-0.7041714708578741,4
862,PE,LT,S1_Grid_Electrified,-1.2200443828551673,-0.10851823975306807,4
863,PE,LT,S1_Grid_Electrified,-1.3031596331790154,-0.4073486723880747,4
864,PE,LT,S1_Grid_Electrified,-1.3966800520222393,-0.5255248167052192,4
865,PE,LT,S1_Grid_Electrified,-1.2916569986338295,-0.34800948613289406,4
866,PE,LT,S1_Grid_Electrified,-1.4252588233107226,-0.54516697932017,4
867,PE,LT,S1_Grid_Electrified,-1.4543367634427096,-0.5873739774785212,4
868,PE,LT,S1_Grid_Electrified,-1.512451577795334,-0.7225975616955921,4
869,PE,LT,S1_Grid_Electrified,-1.6542772518031086,-0.8866436811269891,4
870,PE,LT,S1_Grid_Electrified,-1.484564381928636,-0.5671871712080265,4
871,PE,LT,S1_Grid_Electrified,-1.4931365549667257,-0.6483940786718109,4
872,PE,LT,S1_Grid_Electrified,-1.6445855905104243,-0.8911913551500412,4
873,PE,LT,S1_Grid_Electrified,-1.4023775811878285,-0.2955381240452355,4
874,PE,LT,S1_Grid_Electrified,-1.4854928315116747,-0.5943685566802427,4
875,PE,LT,S1_Grid_Electrified,-1.5790132503549001,-0.7125447009973872,4
876,PE,LT,S1_Grid_Electrified,-1.473990196966489,-0.5350293704250619,4
877,PE,LT,S1_Grid_Electrified,-1.6075920216433834,-0.7321868636123379,4
878,PE,LT,S1_Grid_Electrified,-1.6366699617753704,-0.7743938617706891,4
879,PE,LT,S1_Grid_Electrified,-1.3246275902561129,-0.2421434526886409,4
880,PE,LT,S1_Grid_Electrified,-1.4664532642638872,-0.4061895721200398,4
881,PE,LT,S1_Grid_Electrified,-1.296740394389415,-0.08673306220107346,4
882,PE,LT,S1_Grid_Electrified,-1.3053125674275043,-0.1679399696648597,4
883,PE,LT,S1_Grid_Electrified,-1.4567616029712025,-0.4107372461430919,4
884,PE,LT,S1_Grid_Electrified,-1.2145535936486065,0.1849159849617138,3
885,PE,LT,S1_Grid_Electrified,-1.2976688439724535,-0.11391444767329184,4
886,PE,LT,S1_Grid_Electrified,-1.391189262815679,-0.23209059199043702,4
887,PE,LT,S1_Grid_Electrified,-1.2861662094272686,-0.05457526141811142,4
888,PE,LT,S1_Grid_Electrified,-1.4197680341041619,-0.251732754605387,4
889,PE,LT,S1_Grid_Electrified,-1.448845974236149,-0.29393975276373807,4
890,PE,LT,S1_Grid_Electrified,-1.9015220400511164,-1.765491975531849,4
891,PE,LT,S1_Grid_Electrified,-2.043347714058891,-1.9295380949632464,4
892,PE,LT,S1_Grid_Electrified,-1.8736348441844195,-1.6100815850442833,4
893,PE,LT,S1_Grid_Electrified,-1.882207017222508,-1.691288492508067,4
894,PE,LT,S1_Grid_Electrified,-2.033656052766207,-1.934085768986298,4
895,PE,LT,S1_Grid_Electrified,-1.7914480434436106,-1.338432537881493,4
896,PE,LT,S1_Grid_Electrified,-1.8745632937674572,-1.6372629705164994,4
897,PE,LT,S1_Grid_Electrified,-1.9680837126106827,-1.7554391148336437,4
898,PE,LT,S1_Grid_Electrified,-1.8630606592222727,-1.577923784261318,4
899,PE,LT,S1_Grid_Electrified,-1.9966624838991658,-1.775081277448595,4
900,PE,LT,S1_Grid_Electrified,-2.025740424031153,-1.8172882756069457,4
901,PE,LT,S1_Grid_Electrified,-2.1114585954350837,-2.0399912626249557,4
902,PE,LT,S1_Grid_Electrified,-2.253284269442858,-2.204037382056353,4
903,PE,LT,S1_Grid_Electrified,-2.0835713995683856,-1.8845808721373891,4
904,PE,LT,S1_Grid_Electrified,-2.0921435726064748,-1.9657877796011745,4
905,PE,LT,S1_Grid_Electrified,-2.243592608150174,-2.2085850560794054,4
906,PE,LT,S1_Grid_Electrified,-2.0013845988275776,-1.6129318249745999,4
907,PE,LT,S1_Grid_Electrified,-2.084499849151424,-1.911762257609606,4
908,PE,LT,S1_Grid_Electrified,-2.178020267994649,-2.02993840192675,4
909,PE,LT,S1_Grid_Electrified,-2.072997214606238,-1.8524230713544256,4
910,PE,LT,S1_Grid_Electrified,-2.2065990392831325,-2.049580564541701,4
911,PE,LT,S1_Grid_Electrified,-2.2356769794151203,-2.0917875627000524,4
912,PE,HT,S1_Grid_Electrified,-1.1180465533693489,-1.284874588339232,4
913,PE,HT,S1_Grid_Electrified,-1.540867553996935,-1.7316854555872876,4
914,PE,HT,S1_Grid_Electrified,-1.1710704251215618,-0.8673956965039609,4
915,PE,HT,S1_Grid_Electrified,-3.095034856224906,-5.713354277710976,4
916,PE,HT,S1_Grid_Electrified,-3.5878338768810636,-6.221855224651224,4
917,PE,HT,S1_Grid_Electrified,-0.5816915488060743,1.379965803659154,3
918,PE,HT,S1_Grid_Electrified,-1.09019986587878,-1.1960336417193331,4
919,PE,HT,S1_Grid_Electrified,-1.6480223718025186,-1.7349666009658176,4
920,PE,HT,S1_Grid_Electrified,-1.1555265013048162,-0.8555270014948482,4
921,PE,HT,S1_Grid_Electrified,-3.0573118477743213,-5.615957306845377,4
922,PE,HT,S1_Grid_Electrified,-3.729860771126731,-6.44105107556475,4
923,PE,LT,S1_Grid_Electrified,-0.9302701216085592,-0.03625895100123666,4
924,PE,LT,S1_Grid_Electrified,-1.0840087791638275,-0.19258050738134191,4
925,PE,LT,S1_Grid_Electrified,-0.9052337955255008,0.3856199556887967,3
926,PE,LT,S1_Grid_Electrified,-1.5257961466149992,-1.382765494689769,4
927,PE,LT,S1_Grid_Electrified,-1.686080149722809,-1.5605214277271184,4
928,PE,LT,S1_Grid_Electrified,-0.7139596001551146,0.8970857503741867,3
929,PE,LT,S1_Grid_Electrified,-1.0259209901213737,-0.26726568413938034,4
930,PE,LT,S1_Grid_Electrified,-1.2576406224849483,-0.5598754202471412,4
931,PE,LT,S1_Grid_Electrified,-0.9896354854544487,0.17405097983821627,3
932,PE,LT,S1_Grid_Electrified,-1.624528204150074,-1.611697740972743,4
933,PE,LT,S1_Grid_Electrified,-1.8336932655195763,-1.859059762941127,4
934,PE,SG,S1_Grid_Electrified,-1.0778601975870665,-1.8030858223871808,4
935,PE,SG,S1_Grid_Electrified,-1.8051774667513618,-2.4364726598777153,4
936,PE,SG,S1_Grid_Electrified,-1.1930417297155382,-1.5572151816371291,4
937,PE,SG,S1_Grid_Electrified,-3.81784014283998,-7.8408768227679815,4
938,PE,SG,S1_Grid_Electrified,-4.526947169050466,-8.41766842351657,4
939,PE,SG,S1_Grid_Electrified,-1.1565552838312676,-1.8533577878039034,4
940,PE,SG,S1_Grid_Electrified,-2.0245441725837376,-2.9375269229753176,4
941,PE,SG,S1_Grid_Electrified,-1.6643795382382918,-2.232299853575751,4
942,PE,SG,S1_Grid_Electrified,-3.873809841674124,-8.02756817071905,4
943,PE,SG,S1_Grid_Electrified,-4.618290707603689,-8.596395557829402,4
944,PE,OG,S1_Grid_Electrified,-0.5545943660283741,-0.29392112090460176,4
945,PE,OG,S1_Grid_Electrified,-1.445335162502491,-0.9591919826744155,4
946,PE,OG,S1_Grid_Electrified,-0.7536596537753697,0.31991624737677143,3
947,PE,OG,S1_Grid_Electrified,-2.373741628802672,-4.062196200328006,4
948,PE,OG,S1_Grid_Electrified,-3.329008218121907,-5.012833667180116,4
949,PE,OG,S1_Grid_Electrified,-0.6375588306849574,-0.11361466409719234,4
950,PE,OG,S1_Grid_Electrified,-1.1810852926833695,-0.25948912014543624,4
951,PE,OG,S1_Grid_Electrified,-0.9417826802561584,0.03686487937375127,3
952,PE,OG,S1_Grid_Electrified,-2.3238031682243117,-3.4013365875592267,4
953,PE,OG,S1_Grid_Electrified,-2.5058297480735243,-3.3003161477405016,4
954,PE,HG,S1_Grid_Electrified,-0.9511593953664025,-0.16749156292879142,4
955,PE,HG,S1_Grid_Electrified,-1.1341262301943724,-0.46318703751128676,4
956,PE,HG,S1_Grid_Electrified,-0.917680543274319,0.12399744396836787,3
957,PE,HG,S1_Grid_Electrified,-1.4581450430519691,-1.2835789577940615,4
958,PE,HG,S1_Grid_Electrified,-1.695876253995103,-1.65332858699615,4
0,PET,HT,S2_Renewable_Electrified,-0.641660660714293,1.4623638039864046,3
1,PET,HT,S2_Renewable_Electrified,-0.9034405443510631,2.110569264822101,3
2,PET,HT,S2_Renewable_Electrified,-0.5926867462718198,2.1683441008014457,3
3,PET,HT,S2_Renewable_Electrified,-0.8791477896567399,1.4392309739142466,3
4,PET,HT,S2_Renewable_Electrified,-1.0693379835298025,2.0940236320365604,3
5,PET,HT,S2_Renewable_Electrified,-0.47465021290299064,2.1972707092618595,3
6,PET,HT,S2_Renewable_Electrified,-0.6135866099237911,1.9982448994667155,3
7,PET,HT,S2_Renewable_Electrified,-0.717115815784016,2.066453147447468,3
8,PET,HT,S2_Renewable_Electrified,-0.5833859980873733,2.0920472741079257,3
9,PET,HT,S2_Renewable_Electrified,-0.762127905109478,1.9909662980754865,3
10,PET,HT,S2_Renewable_Electrified,-0.7704130881420629,2.0695307987792693,3
11,PET,HT,S2_Renewable_Electrified,-0.8916441002177493,1.5700678484650992,3
12,PET,HT,S2_Renewable_Electrified,-1.1534239838545195,2.218273309300794,3
13,PET,HT,S2_Renewable_Electrified,-0.842670185775276,2.2760481452801393,3
14,PET,HT,S2_Renewable_Electrified,-1.1291312291601963,1.546935018392941,3
15,PET,HT,S2_Renewable_Electrified,-1.3193214230332588,2.2017276765152536,3
16,PET,HT,S2_Renewable_Electrified,-0.7246336524064468,2.3049747537405527,3
17,PET,HT,S2_Renewable_Electrified,-0.8635700494272474,2.105948943945409,3
18,PET,HT,S2_Renewable_Electrified,-0.9670992552874719,2.174157191926162,3
19,PET,HT,S2_Renewable_Electrified,-0.8333694375908295,2.199751318586619,3
20,PET,HT,S2_Renewable_Electrified,-1.0121113446129342,2.0986703425541804,3
21,PET,HT,S2_Renewable_Electrified,-1.0203965276455191,2.1772348432579625,3
22,PET,HT,S2_Renewable_Electrified,-1.0146777814970829,1.2331986953040412,3
23,PET,HT,S2_Renewable_Electrified,-1.2764576651338526,1.881404156139736,3
24,PET,HT,S2_Renewable_Electrified,-0.9657038670546096,1.9391789921190825,3
25,PET,HT,S2_Renewable_Electrified,-1.2521649104395296,1.2100658652318834,3
26,PET,HT,S2_Renewable_Electrified,-1.4423551043125924,1.8648585233541977,3
27,PET,HT,S2_Renewable_Electrified,-0.8476673336857803,1.968105600579496,3
28,PET,HT,S2_Renewable_Electrified,-0.9866037307065811,1.7690797907843527,3
29,PET,HT,S2_Renewable_Electrified,-1.0901329365668058,1.8372880387651058,3
30,PET,HT,S2_Renewable_Electrified,-0.9564031188701628,1.862882165425563,3
31,PET,HT,S2_Renewable_Electrified,-1.1351450258922677,1.761801189393124,3
32,PET,HT,S2_Renewable_Electrified,-1.1434302089248525,1.8403656900969072,3
33,PET,HT,S2_Renewable_Electrified,-1.073079096579078,1.303885873051268,3
34,PET,HT,S2_Renewable_Electrified,-1.334858980215848,1.9520913338869632,3
35,PET,HT,S2_Renewable_Electrified,-1.0241051821366043,2.009866169866309,3
36,PET,HT,S2_Renewable_Electrified,-1.3105662255215245,1.2807530429791094,3
37,PET,HT,S2_Renewable_Electrified,-1.5007564193945873,1.935545701101423,3
38,PET,HT,S2_Renewable_Electrified,-0.9060686487677756,2.038792778326722,3
39,PET,HT,S2_Renewable_Electrified,-1.045005045788576,1.8397669685315787,3
40,PET,HT,S2_Renewable_Electrified,-1.1485342516488009,1.9079752165123312,3
41,PET,HT,S2_Renewable_Electrified,-1.0148044339521576,1.9335693431727883,3
42,PET,HT,S2_Renewable_Electrified,-1.1935463409742628,1.8324883671403496,3
43,PET,HT,S2_Renewable_Electrified,-1.2018315240068478,1.911052867844132,3
44,PET,HT,S2_Renewable_Electrified,-0.8886865115859651,1.5044313924576058,3
45,PET,HT,S2_Renewable_Electrified,-1.1504663952227352,2.152636853293301,3
46,PET,HT,S2_Renewable_Electrified,-0.839712597143492,2.2104116892726466,3
47,PET,HT,S2_Renewable_Electrified,-1.126173640528412,1.4812985623854464,3
48,PET,HT,S2_Renewable_Electrified,-1.316363834401475,2.136091220507761,3
49,PET,HT,S2_Renewable_Electrified,-0.7216760637746625,2.2393382977330605,3
50,PET,HT,S2_Renewable_Electrified,-0.8606124607954635,2.040312487937917,3
51,PET,HT,S2_Renewable_Electrified,-0.964141666655688,2.108520735918669,3
52,PET,HT,S2_Renewable_Electrified,-0.8304118489590452,2.134114862579126,3
53,PET,HT,S2_Renewable_Electrified,-1.00915375598115,2.0330338865466877,3
54,PET,HT,S2_Renewable_Electrified,-1.017438939013735,2.11159838725047,3
55,PET,HT,S2_Renewable_Electrified,-1.332204086040289,1.0628101197789017,3
56,PET,HT,S2_Renewable_Electrified,-1.5939839696770592,1.7110155806145966,3
57,PET,HT,S2_Renewable_Electrified,-1.283230171597816,1.7687904165939425,3
58,PET,HT,S2_Renewable_Electrified,-1.569691214982736,1.0396772897067423,3
59,PET,HT,S2_Renewable_Electrified,-1.7598814088557986,1.694469947829056,3
60,PET,HT,S2_Renewable_Electrified,-1.1651936382289865,1.7977170250543557,3
61,PET,HT,S2_Renewable_Electrified,-1.3041300352497875,1.5986912152592117,3
62,PET,HT,S2_Renewable_Electrified,-1.4076592411100122,1.6668994632399645,3
63,PET,HT,S2_Renewable_Electrified,-1.2739294234133696,1.692493589900421,3
64,PET,HT,S2_Renewable_Electrified,-1.4526713304354744,1.5914126138679832,3
65,PET,HT,S2_Renewable_Electrified,-1.460956513468059,1.6699771145717657,3
66,PET,HT,S2_Renewable_Electrified,-1.4188025898199452,1.2028565127757531,3
67,PET,HT,S2_Renewable_Electrified,-1.6805824734567152,1.8510619736114489,3
68,PET,HT,S2_Renewable_Electrified,-1.369828675377472,1.9088368095907933,3
69,PET,HT,S2_Renewable_Electrified,-1.656289718762392,1.179723682703595,3
70,PET,HT,S2_Renewable_Electrified,-1.8464799126354547,1.8345163408259073,3
71,PET,HT,S2_Renewable_Electrified,-1.251792142008643,1.9377634180512076,3
72,PET,HT,S2_Renewable_Electrified,-1.3907285390294435,1.7387376082560637,3
73,PET,HT,S2_Renewable_Electrified,-1.494257744889668,1.806945856236816,3
74,PET,HT,S2_Renewable_Electrified,-1.3605279271930257,1.8325399828972722,3
75,PET,HT,S2_Renewable_Electrified,-1.5392698342151305,1.7314590068648346,3
76,PET,HT,S2_Renewable_Electrified,-1.5475550172477153,1.8100235075686175,3
77,PET,HT,S2_Renewable_Electrified,-0.38267355112374585,1.9840084793720973,1
78,PET,HT,S2_Renewable_Electrified,-0.6444534347605158,2.6322139402077935,3
79,PET,HT,S2_Renewable_Electrified,-0.3336996366812728,2.6899887761871386,1
80,PET,HT,S2_Renewable_Electrified,-0.6201606800661925,1.9608756492999395,3
81,PET,HT,S2_Renewable_Electrified,-0.8103508739392558,2.6156683074222533,3
82,PET,HT,S2_Renewable_Electrified,-0.21566310331244368,2.718915384647552,1
83,PET,HT,S2_Renewable_Electrified,-0.35459950033324417,2.519889574852409,1
84,PET,HT,S2_Renewable_Electrified,-0.45812870619346857,2.588097822833161,3
85,PET,HT,S2_Renewable_Electrified,-0.3243988884968262,2.613691949493618,1
86,PET,HT,S2_Renewable_Electrified,-0.5031407955189309,2.5126109734611797,3
87,PET,HT,S2_Renewable_Electrified,-0.5114259785515156,2.591175474164962,3
88,PET,LT,S2_Renewable_Electrified,-1.0100827358200906,2.622119060060966,3
89,PET,LT,S2_Renewable_Electrified,-1.0122555511285398,2.110716135430457,3
90,PET,LT,S2_Renewable_Electrified,-0.6933658356440446,2.0858699244992955,3
91,PET,LT,S2_Renewable_Electrified,-1.25590965984341,1.949926376859032,3
92,PET,LT,S2_Renewable_Electrified,-1.3941793473603183,2.031712368501556,3
93,PET,LT,S2_Renewable_Electrified,-0.44547134025576346,2.2495478239205937,3
94,PET,LT,S2_Renewable_Electrified,-0.515575512777051,1.9695710658725243,3
95,PET,LT,S2_Renewable_Electrified,-0.5310515417739372,2.0545350781558063,3
96,PET,LT,S2_Renewable_Electrified,-0.5121499972623138,2.026996807139991,3
97,PET,LT,S2_Renewable_Electrified,-0.6256443841051031,1.9460753014558696,3
98,PET,LT,S2_Renewable_Electrified,-0.6594891797533295,1.9857540353350056,3
99,PET,LT,S2_Renewable_Electrified,-1.1902886668788553,2.6764403219004063,3
100,PET,LT,S2_Renewable_Electrified,-1.1924614821873045,2.1650373972698977,3
101,PET,LT,S2_Renewable_Electrified,-0.8735717667028094,2.1401911863387353,3
102,PET,LT,S2_Renewable_Electrified,-1.4361155909021748,2.004247638698472,3
103,PET,LT,S2_Renewable_Electrified,-1.5743852784190833,2.086033630340996,3
104,PET,LT,S2_Renewable_Electrified,-0.625677271314528,2.303869085760033,3
105,PET,LT,S2_Renewable_Electrified,-0.6957814438358161,2.0238923277119643,3
106,PET,LT,S2_Renewable_Electrified,-0.7112574728327022,2.1088563399952465,3
107,PET,LT,S2_Renewable_Electrified,-0.6923559283210786,2.0813180689794315,3
108,PET,LT,S2_Renewable_Electrified,-0.8058503151638678,2.00039656329531,3
109,PET,LT,S2_Renewable_Electrified,-0.8396951108120945,2.0400752971744454,3
110,PET,LT,S2_Renewable_Electrified,-1.3276724914398677,2.419542142554902,3
111,PET,LT,S2_Renewable_Electrified,-1.3298453067483167,1.9081392179243921,3
112,PET,LT,S2_Renewable_Electrified,-1.010955591263822,1.8832930069932312,3
113,PET,LT,S2_Renewable_Electrified,-1.5734994154631874,1.747349459352968,3
114,PET,LT,S2_Renewable_Electrified,-1.7117691029800959,1.8291354509954911,3
115,PET,LT,S2_Renewable_Electrified,-0.7630610958755404,2.0469709064145283,3
116,PET,LT,S2_Renewable_Electrified,-0.8331652683968288,1.7669941483664595,3
117,PET,LT,S2_Renewable_Electrified,-0.8486412973937145,1.8519581606497417,3
118,PET,LT,S2_Renewable_Electrified,-0.8297397528820912,1.8244198896339268,3
119,PET,LT,S2_Renewable_Electrified,-0.9432341397248805,1.7434983839498053,3
120,PET,LT,S2_Renewable_Electrified,-0.977078935373107,1.783177117828941,3
121,PET,LT,S2_Renewable_Electrified,-1.4287180790860907,2.4738994470610973,3
122,PET,LT,S2_Renewable_Electrified,-1.43089089439454,1.9624965224305881,3
123,PET,LT,S2_Renewable_Electrified,-1.1120011789100448,1.937650311499427,3
124,PET,LT,S2_Renewable_Electrified,-1.6745450031094102,1.8017067638591637,3
125,PET,LT,S2_Renewable_Electrified,-1.8128146906263183,1.8834927555016856,3
126,PET,LT,S2_Renewable_Electrified,-0.8641066835217631,2.101328210920725,3
127,PET,LT,S2_Renewable_Electrified,-0.9342108560430513,1.8213514528726553,3
128,PET,LT,S2_Renewable_Electrified,-0.9496868850399378,1.9063154651559377,3
129,PET,LT,S2_Renewable_Electrified,-0.9307853405283137,1.8787771941401232,3
130,PET,LT,S2_Renewable_Electrified,-1.0442797273711033,1.7978556884560006,3
131,PET,LT,S2_Renewable_Electrified,-1.0781245230193295,1.8375344223351364,3
132,PET,LT,S2_Renewable_Electrified,-1.297267570390792,2.665682574227467,3
133,PET,LT,S2_Renewable_Electrified,-1.299440385699241,2.154279649596958,3
134,PET,LT,S2_Renewable_Electrified,-0.9805506702147464,2.1294334386657954,3
135,PET,LT,S2_Renewable_Electrified,-1.5430944944141116,1.9934898910255314,3
136,PET,LT,S2_Renewable_Electrified,-1.68136418193102,2.0752758826680555,3
137,PET,LT,S2_Renewable_Electrified,-0.7326561748264651,2.293111338087093,3
138,PET,LT,S2_Renewable_Electrified,-0.8027603473477531,2.013134580039023,3
139,PET,LT,S2_Renewable_Electrified,-0.8182363763446389,2.0980985923223052,3
140,PET,LT,S2_Renewable_Electrified,-0.7993348318330156,2.070560321306491,3
141,PET,LT,S2_Renewable_Electrified,-0.9128292186758049,1.9896388156223692,3
142,PET,LT,S2_Renewable_Electrified,-0.9466740143240315,2.0293175495015054,3
143,PET,LT,S2_Renewable_Electrified,-1.5513177703451428,2.4020741420041087,3
144,PET,LT,S2_Renewable_Electrified,-1.553490585653591,1.890671217373599,3
145,PET,LT,S2_Renewable_Electrified,-1.2346008701690965,1.8658250064424382,3
146,PET,LT,S2_Renewable_Electrified,-1.7971446943684621,1.7298814588021756,3
147,PET,LT,S2_Renewable_Electrified,-1.9354143818853706,1.8116674504446988,3
148,PET,LT,S2_Renewable_Electrified,-0.9867063747808154,2.029502905863735,3
149,PET,LT,S2_Renewable_Electrified,-1.0568105473021037,1.749526147815666,3
150,PET,LT,S2_Renewable_Electrified,-1.0722865762989895,1.8344901600989478,3
151,PET,LT,S2_Renewable_Electrified,-1.053385031787366,1.8069518890831326,3
152,PET,LT,S2_Renewable_Electrified,-1.1668794186301554,1.7260303833990114,3
153,PET,LT,S2_Renewable_Electrified,-1.2007242142783816,1.7657091172781487,3
154,PET,LT,S2_Renewable_Electrified,-1.6240668491720314,2.415130987823384,3
155,PET,LT,S2_Renewable_Electrified,-1.6262396644804804,1.9037280631928746,3
156,PET,LT,S2_Renewable_Electrified,-1.307349948995986,1.878881852261712,3
157,PET,LT,S2_Renewable_Electrified,-1.8698937731953509,1.74293830462145,3
158,PET,LT,S2_Renewable_Electrified,-2.008163460712259,1.8247242962639718,3
159,PET,LT,S2_Renewable_Electrified,-1.0594554536077043,2.042559751683011,3
160,PET,LT,S2_Renewable_Electrified,-1.1295596261289924,1.7625829936349415,3
161,PET,LT,S2_Renewable_Electrified,-1.1450356551258787,1.8475470059182226,3
162,PET,LT,S2_Renewable_Electrified,-1.126134110614255,1.820008734902408,3
163,PET,LT,S2_Renewable_Electrified,-1.2396284974570444,1.7390872292182864,3
164,PET,LT,S2_Renewable_Electrified,-1.2734732931052708,1.778765963097422,3
165,PET,LT,S2_Renewable_Electrified,-1.0443559473341506,2.4801450637390037,3
166,PET,LT,S2_Renewable_Electrified,-1.0465287626425992,1.968742139108495,3
167,PET,LT,S2_Renewable_Electrified,-0.7276390471581043,1.9438959281773336,3
168,PET,LT,S2_Renewable_Electrified,-1.2901828713574695,1.8079523805370692,3
169,PET,LT,S2_Renewable_Electrified,-1.4284525588743777,1.889738372179594,3
170,PET,LT,S2_Renewable_Electrified,-0.47974455176982284,2.107573827598631,3
171,PET,LT,S2_Renewable_Electrified,-0.5498487242911109,1.8275970695505617,3
172,PET,LT,S2_Renewable_Electrified,-0.5653247532879969,1.9125610818338439,3
173,PET,LT,S2_Renewable_Electrified,-0.5464232087763736,1.885022810818029,3
174,PET,LT,S2_Renewable_Electrified,-0.6599175956191629,1.8041013051339077,3
175,PET,LT,S2_Renewable_Electrified,-0.6937623912673894,1.8437800390130434,3
176,PET,HT,S2_Renewable_Electrified,-0.9694113313202833,1.2814498084747474,3
177,PET,HT,S2_Renewable_Electrified,-1.2019051746375236,1.488695238116573,3
178,PET,HT,S2_Renewable_Electrified,-0.927968115147502,1.2079561163735484,3
179,PET,HT,S2_Renewable_Electrified,-1.5642559315372666,1.2054589512415594,3
180,PET,HT,S2_Renewable_Electrified,-1.5779636323482316,1.641520271852722,3
181,PET,HT,S2_Renewable_Electrified,-0.7191514759363408,2.323047053601511,3
182,PET,HT,S2_Renewable_Electrified,-0.8882088621483709,1.8477831329758425,3
183,PET,HT,S2_Renewable_Electrified,-1.01801117101312,1.975455124508332,3
184,PET,HT,S2_Renewable_Electrified,-0.7328557277005796,2.2835961393395894,3
185,PET,HT,S2_Renewable_Electrified,-0.8303730416095537,1.9983596972521365,3
186,PET,HT,S2_Renewable_Electrified,-0.8253852019464465,2.2214553704801903,3
187,PET,LT,S2_Renewable_Electrified,-0.9805924824822985,1.1351529894237007,3
188,PET,LT,S2_Renewable_Electrified,-1.0989991736755944,1.2532179289738858,3
189,PET,LT,S2_Renewable_Electrified,-0.830916774879055,2.08845609520407,3
190,PET,LT,S2_Renewable_Electrified,-1.3539459331789176,0.9714281432288199,3
191,PET,LT,S2_Renewable_Electrified,-1.3668291358865796,1.4800740212485795,3
192,PET,LT,S2_Renewable_Electrified,-0.607471697718941,2.2829354577043888,3
193,PET,LT,S2_Renewable_Electrified,-0.7955741394390933,1.845078649120633,3
194,PET,LT,S2_Renewable_Electrified,-0.8829810054795202,1.985035015690767,3
195,PET,LT,S2_Renewable_Electrified,-0.7661602052810441,2.242356086144648,3
196,PET,LT,S2_Renewable_Electrified,-1.1151477020656042,1.9865764939659638,3
197,PET,LT,S2_Renewable_Electrified,-1.1815358669205398,1.9119203514555108,3
198,PET,SG,S2_Renewable_Electrified,-0.6345520762662784,0.8089810511688086,3
199,PET,SG,S2_Renewable_Electrified,-0.5943483210639398,1.5751148376443846,3
200,PET,SG,S2_Renewable_Electrified,-0.674601451414393,1.329937193880717,3
201,PET,SG,S2_Renewable_Electrified,-1.4988776999002837,0.3912791095670607,3
202,PET,SG,S2_Renewable_Electrified,-1.421738357098471,1.3306161612524345,3
203,PET,SG,S2_Renewable_Electrified,-0.6177553708955441,1.4119179102054595,3
204,PET,SG,S2_Renewable_Electrified,-0.7408208721170098,1.6863686692587607,3
205,PET,SG,S2_Renewable_Electrified,-0.753498459723429,0.8906162115188591,3
206,PET,SG,S2_Renewable_Electrified,-1.4425154944526932,1.140580478847287,3
207,PET,SG,S2_Renewable_Electrified,-1.564651462273068,1.4060505305520277,3
208,PET,OG,S2_Renewable_Electrified,-0.6621723051939714,0.06600034255710019,3
209,PET,OG,S2_Renewable_Electrified,-0.9703204942346071,1.9152158190193131,3
210,PET,OG,S2_Renewable_Electrified,-0.724798275056844,1.0480059878421017,3
211,PET,OG,S2_Renewable_Electrified,-1.2424096672594496,-0.22227811347282733,4
212,PET,OG,S2_Renewable_Electrified,-1.500964485652644,1.7486202068847714,3
213,PET,OG,S2_Renewable_Electrified,-0.6491258339938488,0.8312717818853779,3
214,PET,OG,S2_Renewable_Electrified,-0.7284349474456543,1.8838690267431903,3
215,PET,OG,S2_Renewable_Electrified,-0.7377621321783381,1.306363450054331,3
216,PET,OG,S2_Renewable_Electrified,-1.156436009983537,0.5656824151486664,3
217,PET,OG,S2_Renewable_Electrified,-1.2741490130476736,1.7148062728161342,3
218,PP,HT,S2_Renewable_Electrified,-0.35761424491866045,2.072711188683718,1
219,PP,HT,S2_Renewable_Electrified,-0.4975334940626571,2.4545145359078666,3
220,PP,HT,S2_Renewable_Electrified,-0.43584020593947925,2.565316855699664,3
221,PP,HT,S2_Renewable_Electrified,-1.2552877340546584,1.8217266023435452,3
222,PP,HT,S2_Renewable_Electrified,-1.4286186134257872,2.153884385113232,3
223,PP,HT,S2_Renewable_Electrified,-0.2263744382051759,2.887581421739859,1
224,PP,HT,S2_Renewable_Electrified,-0.3640238346162401,2.3659558604031568,1
225,PP,HT,S2_Renewable_Electrified,-0.5951868295298912,2.5887120754757906,3
226,PP,HT,S2_Renewable_Electrified,-0.4205738586425102,3.375680847450398,3
227,PP,HT,S2_Renewable_Electrified,-1.2349398612558407,2.1452270573093934,3
228,PP,HT,S2_Renewable_Electrified,-1.5413728631523944,2.285042133649212,3
229,PP,HT,S2_Renewable_Electrified,-0.5200075419660513,2.108894962362566,3
230,PP,HT,S2_Renewable_Electrified,-0.6599267911100463,2.4906983095867146,3
231,PP,HT,S2_Renewable_Electrified,-0.5982335029868702,2.601500629378513,3
232,PP,HT,S2_Renewable_Electrified,-1.4176810311020498,1.857910376022391,3
233,PP,HT,S2_Renewable_Electrified,-1.5910119104731768,2.190068158792081,3
234,PP,HT,S2_Renewable_Electrified,-0.3887677352525668,2.9237651954187065,1
235,PP,HT,S2_Renewable_Electrified,-0.526417131663631,2.402139634082005,3
236,PP,HT,S2_Renewable_Electrified,-0.7575801265772824,2.6248958491546395,3
237,PP,HT,S2_Renewable_Electrified,-0.5829671556898997,3.4118646211292463,3
238,PP,HT,S2_Renewable_Electrified,-1.3973331583032316,2.181410830988241,3
239,PP,HT,S2_Renewable_Electrified,-1.7037661601997849,2.32122590732806,3
240,PP,HT,S2_Renewable_Electrified,-0.6239346325149802,1.8858255884318744,3
241,PP,HT,S2_Renewable_Electrified,-0.7638538816589768,2.2676289356560213,3
242,PP,HT,S2_Renewable_Electrified,-0.7021605935357988,2.3784312554478197,3
243,PP,HT,S2_Renewable_Electrified,-1.5216081216509783,1.634841002091699,3
244,PP,HT,S2_Renewable_Electrified,-1.694939001022105,1.9669987848613877,3
245,PP,HT,S2_Renewable_Electrified,-0.49269482580149565,2.700695821488014,3
246,PP,HT,S2_Renewable_Electrified,-0.6303442222125598,2.1790702601513123,3
247,PP,HT,S2_Renewable_Electrified,-0.8615072171262108,2.4018264752239467,3
248,PP,HT,S2_Renewable_Electrified,-0.6868942462388296,3.188795247198554,3
249,PP,HT,S2_Renewable_Electrified,-1.50126024885216,1.9583414570575473,3
250,PP,HT,S2_Renewable_Electrified,-1.8076932507487133,2.0981565333973675,3
251,PP,HT,S2_Renewable_Electrified,-0.6438089941545361,1.8583408524701857,3
252,PP,HT,S2_Renewable_Electrified,-0.7837282432985324,2.240144199694334,3
253,PP,HT,S2_Renewable_Electrified,-0.722034955175355,2.3509465194861323,3
254,PP,HT,S2_Renewable_Electrified,-1.5414824832905343,1.6073562661300098,3
255,PP,HT,S2_Renewable_Electrified,-1.7148133626616608,1.9395140488997002,3
256,PP,HT,S2_Renewable_Electrified,-0.5125691874410518,2.6732110855263254,3
257,PP,HT,S2_Renewable_Electrified,-0.6502185838521162,2.151585524189624,3
258,PP,HT,S2_Renewable_Electrified,-0.8813815787657668,2.374341739262258,3
259,PP,HT,S2_Renewable_Electrified,-0.7067686078783859,3.1613105112368647,3
260,PP,HT,S2_Renewable_Electrified,-1.5211346104917163,1.9308567210958585,3
261,PP,HT,S2_Renewable_Electrified,-1.8275676123882691,2.07067179743568,3
262,PP,HT,S2_Renewable_Electrified,-0.5940846205766028,2.1125666440417783,3
263,PP,HT,S2_Renewable_Electrified,-0.7340038697205996,2.494369991265926,3
264,PP,HT,S2_Renewable_Electrified,-0.6723105815974229,2.6051723110577245,3
265,PP,HT,S2_Renewable_Electrified,-1.491758109712601,1.8615820577016016,3
266,PP,HT,S2_Renewable_Electrified,-1.6650889890837297,2.1937398404712942,3
267,PP,HT,S2_Renewable_Electrified,-0.46284481386311965,2.9274368770979184,3
268,PP,HT,S2_Renewable_Electrified,-0.6004942102741823,2.405811315761217,3
269,PP,HT,S2_Renewable_Electrified,-0.8316572051878337,2.6285675308338528,3
270,PP,HT,S2_Renewable_Electrified,-0.6570442343004527,3.4155363028084578,3
271,PP,HT,S2_Renewable_Electrified,-1.4714102369137847,2.185082512667451,3
272,PP,HT,S2_Renewable_Electrified,-1.7778432388103385,2.324897589007274,3
273,PP,HT,S2_Renewable_Electrified,-0.8365162651588862,1.8668068940063083,3
274,PP,HT,S2_Renewable_Electrified,-0.9764355143028831,2.2486102412304554,3
275,PP,HT,S2_Renewable_Electrified,-0.9147422261797052,2.359412561022255,3
276,PP,HT,S2_Renewable_Electrified,-1.7341897542948845,1.6158223076661349,3
277,PP,HT,S2_Renewable_Electrified,-1.907520633666012,1.9479800904358244,3
278,PP,HT,S2_Renewable_Electrified,-0.7052764584454021,2.681677127062449,3
279,PP,HT,S2_Renewable_Electrified,-0.842925854856466,2.1600515657257464,3
280,PP,HT,S2_Renewable_Electrified,-1.0740888497701173,2.3828077807983803,3
281,PP,HT,S2_Renewable_Electrified,-0.8994758788827357,3.1697765527729875,3
282,PP,HT,S2_Renewable_Electrified,-1.7138418814960672,1.9393227626319822,3
283,PP,HT,S2_Renewable_Electrified,-2.0202748833926205,2.0791378389718034,3
284,PP,HT,S2_Renewable_Electrified,-0.9146926538943987,1.879272957632631,3
285,PP,HT,S2_Renewable_Electrified,-1.0546119030383954,2.2610763048567772,3
286,PP,HT,S2_Renewable_Electrified,-0.9929186149152189,2.371878624648577,3
287,PP,HT,S2_Renewable_Electrified,-1.8123661430303968,1.628288371292455,3
288,PP,HT,S2_Renewable_Electrified,-1.9856970224015251,1.9604461540621445,3
289,PP,HT,S2_Renewable_Electrified,-0.7834528471809145,2.694143190688771,3
290,PP,HT,S2_Renewable_Electrified,-0.9211022435919782,2.1725176293520687,3
291,PP,HT,S2_Renewable_Electrified,-1.1522652385056291,2.395273844424703,3
292,PP,HT,S2_Renewable_Electrified,-0.977652267618248,3.18224261639931,3
293,PP,HT,S2_Renewable_Electrified,-1.7920182702315803,1.9517888262583032,3
294,PP,HT,S2_Renewable_Electrified,-2.0984512721281336,2.0916039025981243,3
295,PP,HT,S2_Renewable_Electrified,-0.6044131950258171,2.152131591200548,3
296,PP,HT,S2_Renewable_Electrified,-0.7443324441698138,2.5339349384246965,3
297,PP,HT,S2_Renewable_Electrified,-0.6826391560466359,2.6447372582164945,3
298,PP,HT,S2_Renewable_Electrified,-1.502086684161815,1.9011470048603751,3
299,PP,HT,S2_Renewable_Electrified,-1.6754175635329425,2.233304787630064,3
300,PP,HT,S2_Renewable_Electrified,-0.47317338831233274,2.967001824256689,3
301,PP,HT,S2_Renewable_Electrified,-0.6108227847233966,2.4453762629199867,3
302,PP,HT,S2_Renewable_Electrified,-0.8419857796370478,2.6681324779926214,3
303,PP,HT,S2_Renewable_Electrified,-0.6673728087496665,3.455101249967228,3
304,PP,HT,S2_Renewable_Electrified,-1.4817388113629968,2.224647459826224,3
305,PP,HT,S2_Renewable_Electrified,-1.7881718132595503,2.364462536166042,3
306,PP,HT,S2_Renewable_Electrified,-0.7252316598875135,2.1570854239308956,3
307,PP,HT,S2_Renewable_Electrified,-0.8651509090315085,2.538888771155044,3
308,PP,HT,S2_Renewable_Electrified,-0.8034576209083322,2.6496910909468423,3
309,PP,HT,S2_Renewable_Electrified,-1.6229051490235114,1.906100837590722,3
310,PP,HT,S2_Renewable_Electrified,-1.796236028394639,2.238258620360413,3
311,PP,HT,S2_Renewable_Electrified,-0.5939918531740291,2.9719556569870362,3
312,PP,HT,S2_Renewable_Electrified,-0.7316412495850932,2.450330095650335,3
313,PP,HT,S2_Renewable_Electrified,-0.9628042444987445,2.6730863107229688,3
314,PP,HT,S2_Renewable_Electrified,-0.788191273611363,3.4600550826975747,3
315,PP,HT,S2_Renewable_Electrified,-1.602557276224694,2.2296012925565702,3
316,PP,HT,S2_Renewable_Electrified,-1.908990278121247,2.3694163688963914,3
317,PP,LT,S2_Renewable_Electrified,-0.38746403018294717,2.572163727411067,1
318,PP,LT,S2_Renewable_Electrified,-0.4543524770599884,2.6184816915134235,3
319,PP,LT,S2_Renewable_Electrified,-0.3635275459376866,2.741599084784024,1
320,PP,LT,S2_Renewable_Electrified,-0.49873458135794235,2.565506541830578,3
321,PP,LT,S2_Renewable_Electrified,-0.5404721074251809,2.6471758459446484,3
322,PP,LT,S2_Renewable_Electrified,-0.22603858689733838,2.7901869533694965,1
323,PP,LT,S2_Renewable_Electrified,-0.3760700757513767,2.6344071407008878,1
324,PP,LT,S2_Renewable_Electrified,-0.4618582391770166,2.6538452230744403,3
325,PP,LT,S2_Renewable_Electrified,-0.35448527348861697,2.732909327539189,1
326,PP,LT,S2_Renewable_Electrified,-0.49893589491447865,2.628927307194176,3
327,PP,LT,S2_Renewable_Electrified,-0.5048834866270451,2.643330893269733,3
328,PP,LT,S2_Renewable_Electrified,-0.524483688382886,2.569275972868519,3
329,PP,LT,S2_Renewable_Electrified,-0.5913721352599272,2.615593936970875,3
330,PP,LT,S2_Renewable_Electrified,-0.5005472041376241,2.7387113302414763,3
331,PP,LT,S2_Renewable_Electrified,-0.6357542395578794,2.5626187872880304,3
332,PP,LT,S2_Renewable_Electrified,-0.677491765625118,2.644288091402099,3
333,PP,LT,S2_Renewable_Electrified,-0.36305824509727547,2.787299198826948,1
334,PP,LT,S2_Renewable_Electrified,-0.5130897339513139,2.63151938615834,3
335,PP,LT,S2_Renewable_Electrified,-0.598877897376954,2.6509574685318924,3
336,PP,LT,S2_Renewable_Electrified,-0.4915049316885542,2.7300215729966406,3
337,PP,LT,S2_Renewable_Electrified,-0.6359555531144175,2.6260395526516285,3
338,PP,LT,S2_Renewable_Electrified,-0.6419031448269821,2.6404431387271856,3
339,PP,LT,S2_Renewable_Electrified,-0.6505757577561235,2.229612543731836,3
340,PP,LT,S2_Renewable_Electrified,-0.7174642046331643,2.2759305078341914,3
341,PP,LT,S2_Renewable_Electrified,-0.6266392735108628,2.399047901104792,3
342,PP,LT,S2_Renewable_Electrified,-0.7618463089311182,2.222955358151347,3
343,PP,LT,S2_Renewable_Electrified,-0.803583834998357,2.3046246622654154,3
344,PP,LT,S2_Renewable_Electrified,-0.4891503144705144,2.447635769690264,3
345,PP,LT,S2_Renewable_Electrified,-0.6391818033245522,2.2918559570216557,3
346,PP,LT,S2_Renewable_Electrified,-0.7249699667501924,2.311294039395208,3
347,PP,LT,S2_Renewable_Electrified,-0.6175970010617929,2.3903581438599577,3
348,PP,LT,S2_Renewable_Electrified,-0.7620476224876548,2.2863761235149433,3
349,PP,LT,S2_Renewable_Electrified,-0.7679952142002207,2.3007797095905,3
350,PP,LT,S2_Renewable_Electrified,-0.760728379660999,2.309279929964198,3
351,PP,LT,S2_Renewable_Electrified,-0.82761682653804,2.3555978940665536,3
352,PP,LT,S2_Renewable_Electrified,-0.7367918954157369,2.4787152873371547,3
353,PP,LT,S2_Renewable_Electrified,-0.8719989308359921,2.3026227443837084,3
354,PP,LT,S2_Renewable_Electrified,-0.9137364569032307,2.3842920484977768,3
355,PP,LT,S2_Renewable_Electrified,-0.5993029363753881,2.5273031559226253,3
356,PP,LT,S2_Renewable_Electrified,-0.7493344252294264,2.3715233432540175,3
357,PP,LT,S2_Renewable_Electrified,-0.8351225886550663,2.390961425627571,3
358,PP,LT,S2_Renewable_Electrified,-0.7277496229666682,2.470025530092319,3
359,PP,LT,S2_Renewable_Electrified,-0.8722002443925301,2.366043509747307,3
360,PP,LT,S2_Renewable_Electrified,-0.8781478361050945,2.3804470958228636,3
361,PP,LT,S2_Renewable_Electrified,-0.6508133821389294,2.501733144377901,3
362,PP,LT,S2_Renewable_Electrified,-0.7177018290159707,2.5480511084802586,3
363,PP,LT,S2_Renewable_Electrified,-0.6268768978936676,2.671168501750858,3
364,PP,LT,S2_Renewable_Electrified,-0.762083933313923,2.495075958797412,3
365,PP,LT,S2_Renewable_Electrified,-0.8038214593811633,2.576745262911482,3
366,PP,LT,S2_Renewable_Electrified,-0.48938793885331894,2.7197563703363303,3
367,PP,LT,S2_Renewable_Electrified,-0.6394194277073583,2.563976557667723,3
368,PP,LT,S2_Renewable_Electrified,-0.7252075911329973,2.5834146400412754,3
369,PP,LT,S2_Renewable_Electrified,-0.617834625444599,2.662478744506024,3
370,PP,LT,S2_Renewable_Electrified,-0.762285246870461,2.55849672416101,3
371,PP,LT,S2_Renewable_Electrified,-0.7682328385830255,2.572900310236568,3
372,PP,LT,S2_Renewable_Electrified,-1.0089309049333959,2.165798403236792,3
373,PP,LT,S2_Renewable_Electrified,-1.0758193518104373,2.2121163673391475,3
374,PP,LT,S2_Renewable_Electrified,-0.9849944206881347,2.3352337606097495,3
375,PP,LT,S2_Renewable_Electrified,-1.1202014561083906,2.159141217656303,3
376,PP,LT,S2_Renewable_Electrified,-1.1619389821756294,2.2408105217703707,3
377,PP,LT,S2_Renewable_Electrified,-0.8475054616477864,2.3838216291952206,3
378,PP,LT,S2_Renewable_Electrified,-0.9975369505018248,2.2280418165266127,3
379,PP,LT,S2_Renewable_Electrified,-1.083325113927465,2.247479898900164,3
380,PP,LT,S2_Renewable_Electrified,-0.9759521482390652,2.3265440033649134,3
381,PP,LT,S2_Renewable_Electrified,-1.1204027696649268,2.222561983019901,3
382,PP,LT,S2_Renewable_Electrified,-1.1263503613774934,2.2369655690954566,3
383,PP,LT,S2_Renewable_Electrified,-1.136298825464413,2.1947075678807444,3
384,PP,LT,S2_Renewable_Electrified,-1.203187272341455,2.2410255319831007,3
385,PP,LT,S2_Renewable_Electrified,-1.1123623412191526,2.3641429252537014,3
386,PP,LT,S2_Renewable_Electrified,-1.2475693766394083,2.1880503823002555,3
387,PP,LT,S2_Renewable_Electrified,-1.289306902706647,2.269719686414325,3
388,PP,LT,S2_Renewable_Electrified,-0.9748733821788045,2.4127307938391738,3
389,PP,LT,S2_Renewable_Electrified,-1.1249048710328426,2.2569509811705655,3
390,PP,LT,S2_Renewable_Electrified,-1.2106930344584828,2.2763890635441184,3
391,PP,LT,S2_Renewable_Electrified,-1.1033200687700828,2.3554531680088666,3
392,PP,LT,S2_Renewable_Electrified,-1.2477706901959449,2.2514711476638536,3
393,PP,LT,S2_Renewable_Electrified,-1.2537182819085104,2.2658747337394107,3
394,PP,LT,S2_Renewable_Electrified,-0.6192663722818887,2.414326710755191,3
395,PP,LT,S2_Renewable_Electrified,-0.6861548191589301,2.4606446748575475,3
396,PP,LT,S2_Renewable_Electrified,-0.595329888036628,2.5837620681281477,3
397,PP,LT,S2_Renewable_Electrified,-0.7305369234568837,2.4076695251747022,3
398,PP,LT,S2_Renewable_Electrified,-0.7722744495241225,2.489338829288771,3
399,PP,LT,S2_Renewable_Electrified,-0.45784092899627926,2.63234993671362,3
400,PP,LT,S2_Renewable_Electrified,-0.607872417850318,2.4765701240450118,3
401,PP,LT,S2_Renewable_Electrified,-0.6936605812759566,2.496008206418564,3
402,PP,LT,S2_Renewable_Electrified,-0.5862876155875582,2.5750723108833133,3
403,PP,LT,S2_Renewable_Electrified,-0.7307382370134201,2.4710902905382994,3
404,PP,LT,S2_Renewable_Electrified,-0.7366858287259863,2.485493876613857,3
405,PP,LT,S2_Renewable_Electrified,-0.6942925021277776,2.5409268988080025,3
406,PP,LT,S2_Renewable_Electrified,-0.7611809490048176,2.587244862910359,3
407,PP,LT,S2_Renewable_Electrified,-0.6703560178825159,2.710362256180959,3
408,PP,LT,S2_Renewable_Electrified,-0.8055630533027711,2.5342697132275127,3
409,PP,LT,S2_Renewable_Electrified,-0.84730057937001,2.6159390173415824,3
410,PP,LT,S2_Renewable_Electrified,-0.5328670588421676,2.7589501247664314,3
411,PP,LT,S2_Renewable_Electrified,-0.6828985476962055,2.6031703120978227,3
412,PP,LT,S2_Renewable_Electrified,-0.7686867111218456,2.6226083944713756,3
413,PP,LT,S2_Renewable_Electrified,-0.6613137454334457,2.701672498936124,3
414,PP,LT,S2_Renewable_Electrified,-0.8057643668593091,2.5976904785911112,3
415,PP,LT,S2_Renewable_Electrified,-0.8117119585718735,2.612094064666668,3
416,PP,HT,S2_Renewable_Electrified,-0.5043777225314465,2.118783713313687,3
417,PP,HT,S2_Renewable_Electrified,-0.6979154785922856,2.4963558766880007,3
418,PP,HT,S2_Renewable_Electrified,-0.6078802877179644,1.9997040397879666,3
419,PP,HT,S2_Renewable_Electrified,-1.0277795384170882,2.0180960317345527,3
420,PP,HT,S2_Renewable_Electrified,-1.1337263381048037,2.405883085207636,3
421,PP,HT,S2_Renewable_Electrified,-0.30549396242592003,3.134692273242042,1
422,PP,HT,S2_Renewable_Electrified,-0.5278201115788431,1.976783097517417,3
423,PP,HT,S2_Renewable_Electrified,-0.8062674575654262,1.9792809386962462,3
424,PP,HT,S2_Renewable_Electrified,-0.582423553060197,2.3660087320894108,3
425,PP,HT,S2_Renewable_Electrified,-1.5874956678003111,1.6644740690794313,3
426,PP,HT,S2_Renewable_Electrified,-1.5771483728411462,2.5933603300413397,3
427,PP,LT,S2_Renewable_Electrified,-0.503615055437241,2.2986274566869995,3
428,PP,LT,S2_Renewable_Electrified,-0.6111236662288928,2.279355708287913,3
429,PP,LT,S2_Renewable_Electrified,-0.5047179561815931,2.6380543978977657,3
430,PP,LT,S2_Renewable_Electrified,-0.9321241528260213,2.2178179204639186,3
431,PP,LT,S2_Renewable_Electrified,-1.0477950592360383,2.1645360286204296,3
432,PP,LT,S2_Renewable_Electrified,-0.36313407094250344,2.7730580931077955,1
433,PP,LT,S2_Renewable_Electrified,-0.5197431143938926,2.338734587599452,3
434,PP,LT,S2_Renewable_Electrified,-0.7896154538919185,2.5292549815058605,3
435,PP,LT,S2_Renewable_Electrified,-0.5146617743842901,2.6736952263052114,3
436,PP,LT,S2_Renewable_Electrified,-0.9806968596142502,2.242096506476265,3
437,PP,LT,S2_Renewable_Electrified,-0.9456536529878787,2.9538530825709532,3
438,PP,SG,S2_Renewable_Electrified,-0.43217533355753945,1.8316623640878085,3
439,PP,SG,S2_Renewable_Electrified,-0.8032427758372442,2.1417741367984426,3
440,PP,SG,S2_Renewable_Electrified,-0.5623053051695568,1.3243558252578178,3
441,PP,SG,S2_Renewable_Electrified,-1.89911350616532,1.3475048570803727,3
442,PP,SG,S2_Renewable_Electrified,-2.2720869180262935,1.6548847629481136,3
443,PP,SG,S2_Renewable_Electrified,-0.47602381255293413,2.074373907413,3
444,PP,SG,S2_Renewable_Electrified,-0.9402158904982161,2.260000943236879,3
445,PP,SG,S2_Renewable_Electrified,-0.6661647546990571,1.757246506284407,3
446,PP,SG,S2_Renewable_Electrified,-1.922593998354674,1.4033771174149834,3
447,PP,SG,S2_Renewable_Electrified,-2.331652751349897,1.7142358053076174,3
448,PP,OG,S2_Renewable_Electrified,-0.43234601519021487,1.008685088009036,3
449,PP,OG,S2_Renewable_Electrified,-0.767328830125628,2.2253020343959884,3
450,PP,OG,S2_Renewable_Electrified,-0.5068340315735351,1.6548043722401482,3
451,PP,OG,S2_Renewable_Electrified,-1.3930990290412266,0.6673558903553323,3
452,PP,OG,S2_Renewable_Electrified,-1.6906827027594773,1.935187794744115,3
453,PP,OG,S2_Renewable_Electrified,-0.45567131305551073,1.5285961764199372,3
454,PP,OG,S2_Renewable_Electrified,-0.46232345057693736,2.1935590383272916,3
455,PP,OG,S2_Renewable_Electrified,-0.6528527431423392,1.8754315050129722,3
456,PP,OG,S2_Renewable_Electrified,-1.3257550954793895,1.2347160690980448,3
457,PP,OG,S2_Renewable_Electrified,-1.3900668339759035,1.973944816986383,3
458,PVC,HT,S2_Renewable_Electrified,-0.6221864610364602,0.6887605463070147,3
459,PVC,HT,S2_Renewable_Electrified,-0.7986629173197999,1.0945915635152808,3
460,PVC,HT,S2_Renewable_Electrified,-0.5612477823760242,1.1513750415319777,3
461,PVC,HT,S2_Renewable_Electrified,-0.798579749431446,0.5863089082506624,3
462,PVC,HT,S2_Renewable_Electrified,-0.926583843745329,1.0722882433299072,3
463,PVC,HT,S2_Renewable_Electrified,-0.5038372381444994,1.2332828151257804,3
464,PVC,HT,S2_Renewable_Electrified,-0.5719393524048715,1.1740141400973942,3
465,PVC,HT,S2_Renewable_Electrified,-0.6548651780105448,1.1690435874527716,3
466,PVC,HT,S2_Renewable_Electrified,-0.5801777973337172,1.2041450691244935,3
467,PVC,HT,S2_Renewable_Electrified,-0.6662858124146693,1.1581882933455347,3
468,PVC,HT,S2_Renewable_Electrified,-0.7229797584322873,1.1433648833875807,3
469,PVC,HT,S2_Renewable_Electrified,-0.7233735840020165,0.7391339055934739,3
470,PVC,HT,S2_Renewable_Electrified,-0.8998500402853556,1.144964922801741,3
471,PVC,HT,S2_Renewable_Electrified,-0.6624349053415803,1.2017484008184374,3
472,PVC,HT,S2_Renewable_Electrified,-0.899766872397002,0.6366822675371211,3
473,PVC,HT,S2_Renewable_Electrified,-1.027770966710885,1.1226616026163674,3
474,PVC,HT,S2_Renewable_Electrified,-0.6050243611100554,1.28365617441224,3
475,PVC,HT,S2_Renewable_Electrified,-0.6731264753704274,1.2243874993838542,3
476,PVC,HT,S2_Renewable_Electrified,-0.7560523009761004,1.2194169467392315,3
477,PVC,HT,S2_Renewable_Electrified,-0.6813649202992731,1.2545184284109534,3
478,PVC,HT,S2_Renewable_Electrified,-0.7674729353802252,1.2085616526319944,3
479,PVC,HT,S2_Renewable_Electrified,-0.8241668813978432,1.1937382426740402,3
480,PVC,HT,S2_Renewable_Electrified,-0.7941502093666432,0.5628148943928869,3
481,PVC,HT,S2_Renewable_Electrified,-0.9706266656499823,0.9686459116011531,3
482,PVC,HT,S2_Renewable_Electrified,-0.7332115307062071,1.0254293896178497,3
483,PVC,HT,S2_Renewable_Electrified,-0.9705434977616286,0.46036325633653385,3
484,PVC,HT,S2_Renewable_Electrified,-1.0985475920755114,0.9463425914157797,3
485,PVC,HT,S2_Renewable_Electrified,-0.6758009864746819,1.1073371632116522,3
486,PVC,HT,S2_Renewable_Electrified,-0.743903100735054,1.0480684881832658,3
487,PVC,HT,S2_Renewable_Electrified,-0.8268289263407271,1.0430979355386434,3
488,PVC,HT,S2_Renewable_Electrified,-0.7521415456638998,1.0781994172103653,3
489,PVC,HT,S2_Renewable_Electrified,-0.8382495607448517,1.0322426414314063,3
490,PVC,HT,S2_Renewable_Electrified,-0.8949435067624698,1.0174192314734518,3
491,PVC,HT,S2_Renewable_Electrified,-0.8425445493999304,0.6729975212828783,3
492,PVC,HT,S2_Renewable_Electrified,-1.0190210056832696,1.0788285384911456,3
493,PVC,HT,S2_Renewable_Electrified,-0.7816058707394941,1.1356120165078416,3
494,PVC,HT,S2_Renewable_Electrified,-1.0189378377949156,0.5705458832265258,3
495,PVC,HT,S2_Renewable_Electrified,-1.1469419321087986,1.0565252183057716,3
496,PVC,HT,S2_Renewable_Electrified,-0.7241953265079693,1.2175197901016441,3
497,PVC,HT,S2_Renewable_Electrified,-0.7922974407683411,1.1582511150732584,3
498,PVC,HT,S2_Renewable_Electrified,-0.875223266374014,1.1532805624286353,3
499,PVC,HT,S2_Renewable_Electrified,-0.8005358856971869,1.1883820441003574,3
500,PVC,HT,S2_Renewable_Electrified,-0.8866439007781388,1.1424252683213996,3
501,PVC,HT,S2_Renewable_Electrified,-0.9433378467957567,1.1276018583634442,3
502,PVC,HT,S2_Renewable_Electrified,-0.7878621159745728,0.7297892059279892,3
503,PVC,HT,S2_Renewable_Electrified,-0.9643385722579119,1.1356202231362555,3
504,PVC,HT,S2_Renewable_Electrified,-0.7269234373141366,1.1924037011529522,3
505,PVC,HT,S2_Renewable_Electrified,-0.9642554043695584,0.627337567871636,3
506,PVC,HT,S2_Renewable_Electrified,-1.092259498683441,1.1133169029508811,3
507,PVC,HT,S2_Renewable_Electrified,-0.6695128930826117,1.274311474746755,3
508,PVC,HT,S2_Renewable_Electrified,-0.7376150073429838,1.2150427997183681,3
509,PVC,HT,S2_Renewable_Electrified,-0.8205408329486569,1.2100722470737462,3
510,PVC,HT,S2_Renewable_Electrified,-0.7458534522718294,1.2451737287454678,3
511,PVC,HT,S2_Renewable_Electrified,-0.8319614673527815,1.199216952966509,3
512,PVC,HT,S2_Renewable_Electrified,-0.8886554133703997,1.1843935430085544,3
513,PVC,HT,S2_Renewable_Electrified,-0.9652268417628452,0.5403273204937169,3
514,PVC,HT,S2_Renewable_Electrified,-1.1417032980461845,0.9461583377019831,3
515,PVC,HT,S2_Renewable_Electrified,-0.9042881631024089,1.0029418157186796,3
516,PVC,HT,S2_Renewable_Electrified,-1.141620130157831,0.43787568243736397,3
517,PVC,HT,S2_Renewable_Electrified,-1.2696242244717135,0.9238550175166089,3
518,PVC,HT,S2_Renewable_Electrified,-0.846877618870884,1.0848495893124825,3
519,PVC,HT,S2_Renewable_Electrified,-0.9149797331312558,1.0255809142840961,3
520,PVC,HT,S2_Renewable_Electrified,-0.9979055587369294,1.0206103616394737,3
521,PVC,HT,S2_Renewable_Electrified,-0.9232181780601019,1.0557118433111952,3
522,PVC,HT,S2_Renewable_Electrified,-1.009326193141054,1.009755067532237,3
523,PVC,HT,S2_Renewable_Electrified,-1.0660201391586719,0.9949316575742824,3
524,PVC,HT,S2_Renewable_Electrified,-1.0265725971205177,0.5512714370745138,3
525,PVC,HT,S2_Renewable_Electrified,-1.203049053403857,0.9571024542827811,3
526,PVC,HT,S2_Renewable_Electrified,-0.9656339184600815,1.0138859322994769,3
527,PVC,HT,S2_Renewable_Electrified,-1.2029658855155034,0.4488197990181617,3
528,PVC,HT,S2_Renewable_Electrified,-1.3309699798293866,0.9347991340974078,3
529,PVC,HT,S2_Renewable_Electrified,-0.9082233742285565,1.0957937058932803,3
530,PVC,HT,S2_Renewable_Electrified,-0.9763254884889284,1.036525030864894,3
531,PVC,HT,S2_Renewable_Electrified,-1.0592513140946018,1.031554478220271,3
532,PVC,HT,S2_Renewable_Electrified,-0.9845639334177745,1.0666559598919938,3
533,PVC,HT,S2_Renewable_Electrified,-1.0706719484987262,1.0206991841130348,3
534,PVC,HT,S2_Renewable_Electrified,-1.1273658945163443,1.0058757741550797,3
535,PVC,HT,S2_Renewable_Electrified,-0.8402458022946521,0.8300032680627125,3
536,PVC,HT,S2_Renewable_Electrified,-1.0167222585779916,1.2358342852709787,3
537,PVC,HT,S2_Renewable_Electrified,-0.779307123634216,1.2926177632876756,3
538,PVC,HT,S2_Renewable_Electrified,-1.0166390906896379,0.7275516300063598,3
539,PVC,HT,S2_Renewable_Electrified,-1.1446431850035206,1.2135309650856052,3
540,PVC,HT,S2_Renewable_Electrified,-0.7218965794026908,1.3745255368814782,3
541,PVC,HT,S2_Renewable_Electrified,-0.789998693663063,1.3152568618530922,3
542,PVC,HT,S2_Renewable_Electrified,-0.872924519268736,1.3102863092084696,3
543,PVC,HT,S2_Renewable_Electrified,-0.7982371385919087,1.3453877908801914,3
544,PVC,HT,S2_Renewable_Electrified,-0.8843451536728607,1.299431015101233,3
545,PVC,HT,S2_Renewable_Electrified,-0.9410390996904785,1.2846076051432782,3
546,PVC,HT,S2_Renewable_Electrified,-0.9156431325446031,0.8179585888700971,3
547,PVC,HT,S2_Renewable_Electrified,-1.0921195888279422,1.223789606078364,3
548,PVC,HT,S2_Renewable_Electrified,-0.8547044538841666,1.2805730840950607,3
549,PVC,HT,S2_Renewable_Electrified,-1.0920364209395883,0.7155069508137446,3
550,PVC,HT,S2_Renewable_Electrified,-1.2200405152534717,1.2014862858929898,3
551,PVC,HT,S2_Renewable_Electrified,-0.7972939096526417,1.3624808576888634,3
552,PVC,HT,S2_Renewable_Electrified,-0.8653960239130135,1.303212182660477,3
553,PVC,HT,S2_Renewable_Electrified,-0.9483218495186867,1.2982416300158544,3
554,PVC,HT,S2_Renewable_Electrified,-0.8736344688418591,1.3333431116875762,3
555,PVC,HT,S2_Renewable_Electrified,-0.9597424839228115,1.2873863359086177,3
556,PVC,HT,S2_Renewable_Electrified,-1.0164364299404296,1.2725629259506632,3
557,PVC,LT,S2_Renewable_Electrified,-0.5962167288699409,0.5463406365748599,3
558,PVC,LT,S2_Renewable_Electrified,-0.8000167793889718,1.0877897699892385,3
559,PVC,LT,S2_Renewable_Electrified,-0.5253208775583263,1.1327106455027232,3
560,PVC,LT,S2_Renewable_Electrified,-0.8035919645658802,0.4247545405543087,3
561,PVC,LT,S2_Renewable_Electrified,-0.7626173247695077,1.1194613108610023,3
562,PVC,LT,S2_Renewable_Electrified,-0.45136249419780644,1.223173021706299,3
563,PVC,LT,S2_Renewable_Electrified,-0.5388717569343153,1.0982224030513503,3
564,PVC,LT,S2_Renewable_Electrified,-0.5944969837993362,1.1201034225321254,3
565,PVC,LT,S2_Renewable_Electrified,-0.5504065262429707,1.183868268695484,3
566,PVC,LT,S2_Renewable_Electrified,-0.6271595729134474,1.0998702285369018,3
567,PVC,LT,S2_Renewable_Electrified,-0.6524851574832675,1.1085395262087887,3
568,PVC,LT,S2_Renewable_Electrified,-0.7315983869801741,0.6096722512506761,3
569,PVC,LT,S2_Renewable_Electrified,-0.9353984374992053,1.1511213846650548,3
570,PVC,LT,S2_Renewable_Electrified,-0.6607025356685597,1.1960422601785388,3
571,PVC,LT,S2_Renewable_Electrified,-0.9389736226761132,0.4880861552301241,3
572,PVC,LT,S2_Renewable_Electrified,-0.8979989828797409,1.1827929255368175,3
573,PVC,LT,S2_Renewable_Electrified,-0.5867441523080397,1.2865046363821144,3
574,PVC,LT,S2_Renewable_Electrified,-0.6742534150445486,1.1615540177271657,3
575,PVC,LT,S2_Renewable_Electrified,-0.7298786419095697,1.183435037207941,3
576,PVC,LT,S2_Renewable_Electrified,-0.6857881843532041,1.2471998833712994,3
577,PVC,LT,S2_Renewable_Electrified,-0.7625412310236803,1.1632018432127174,3
578,PVC,LT,S2_Renewable_Electrified,-0.7878668155935008,1.171871140884604,3
579,PVC,LT,S2_Renewable_Electrified,-0.7925944719443605,0.42398033719376627,3
580,PVC,LT,S2_Renewable_Electrified,-0.9963945224633917,0.965429470608145,3
581,PVC,LT,S2_Renewable_Electrified,-0.7216986206327459,1.0103503461216297,3
582,PVC,LT,S2_Renewable_Electrified,-0.9999697076402998,0.30239424117321456,3
583,PVC,LT,S2_Renewable_Electrified,-0.9589950678439272,0.9971010114799084,3
584,PVC,LT,S2_Renewable_Electrified,-0.6477402372722265,1.1008127223252053,3
585,PVC,LT,S2_Renewable_Electrified,-0.7352495000087351,0.9758621036702564,3
586,PVC,LT,S2_Renewable_Electrified,-0.7908747268737558,0.9977431231510313,3
587,PVC,LT,S2_Renewable_Electrified,-0.7467842693173904,1.06150796931439,3
588,PVC,LT,S2_Renewable_Electrified,-0.8235373159878671,0.9775099291558081,3
589,PVC,LT,S2_Renewable_Electrified,-0.8488629005576873,0.9861792268276952,3
590,PVC,LT,S2_Renewable_Electrified,-0.8685200966152126,0.46478485317159923,3
591,PVC,LT,S2_Renewable_Electrified,-1.0723201471342438,1.0062339865859775,3
592,PVC,LT,S2_Renewable_Electrified,-0.7976242453035983,1.0511548620994629,3
593,PVC,LT,S2_Renewable_Electrified,-1.0758953323111518,0.34319875715104775,3
594,PVC,LT,S2_Renewable_Electrified,-1.0349206925147796,1.0379055274577418,3
595,PVC,LT,S2_Renewable_Electrified,-0.7236658619430785,1.141617238303038,3
596,PVC,LT,S2_Renewable_Electrified,-0.8111751246795872,1.01666661964809,3
597,PVC,LT,S2_Renewable_Electrified,-0.8668003515446081,1.0385476391288644,3
598,PVC,LT,S2_Renewable_Electrified,-0.8227098939882425,1.102312485292223,3
599,PVC,LT,S2_Renewable_Electrified,-0.8994629406587191,1.0183144451336417,3
600,PVC,LT,S2_Renewable_Electrified,-0.9247885252285395,1.0269837428055284,3
601,PVC,LT,S2_Renewable_Electrified,-0.7953817021009209,0.5857131080916193,3
602,PVC,LT,S2_Renewable_Electrified,-0.9991817526199521,1.1271622415059974,3
603,PVC,LT,S2_Renewable_Electrified,-0.7244858507893064,1.1720831170194825,3
604,PVC,LT,S2_Renewable_Electrified,-1.00275693779686,0.46412701207106766,3
605,PVC,LT,S2_Renewable_Electrified,-0.9617822980004878,1.158833782377761,3
606,PVC,LT,S2_Renewable_Electrified,-0.6505274674287865,1.262545493223058,3
607,PVC,LT,S2_Renewable_Electrified,-0.7380367301652953,1.1375948745681095,3
608,PVC,LT,S2_Renewable_Electrified,-0.7936619570303162,1.1594758940488847,3
609,PVC,LT,S2_Renewable_Electrified,-0.7495714994739509,1.2232407402122427,3
610,PVC,LT,S2_Renewable_Electrified,-0.8263245461444271,1.1392427000536607,3
611,PVC,LT,S2_Renewable_Electrified,-0.8516501307142476,1.1479119977255479,3
612,PVC,LT,S2_Renewable_Electrified,-0.9424857893338648,0.6926687081902296,3
613,PVC,LT,S2_Renewable_Electrified,-1.1462858398528952,1.2341178416046084,3
614,PVC,LT,S2_Renewable_Electrified,-0.8715899380222498,1.2790387171180924,3
615,PVC,LT,S2_Renewable_Electrified,-1.149861025029804,0.5710826121696764,3
616,PVC,LT,S2_Renewable_Electrified,-1.1088863852334319,1.265789382476371,3
617,PVC,LT,S2_Renewable_Electrified,-0.7976315546617301,1.3695010933216683,3
618,PVC,LT,S2_Renewable_Electrified,-0.8851408173982389,1.244550474666719,3
619,PVC,LT,S2_Renewable_Electrified,-0.9407660442632602,1.2664314941474943,3
620,PVC,LT,S2_Renewable_Electrified,-0.8966755867068943,1.3301963403108528,3
621,PVC,LT,S2_Renewable_Electrified,-0.9734286333773705,1.2461983001522703,3
622,PVC,LT,S2_Renewable_Electrified,-0.9987542179471913,1.2548675978241577,3
623,PVC,LT,S2_Renewable_Electrified,-1.0600653178521406,0.40507073236754265,3
624,PVC,LT,S2_Renewable_Electrified,-1.2638653683711718,0.9465198657819205,3
625,PVC,LT,S2_Renewable_Electrified,-0.9891694665405261,0.9914407412954052,3
626,PVC,LT,S2_Renewable_Electrified,-1.26744055354808,0.2834846363469903,3
627,PVC,LT,S2_Renewable_Electrified,-1.2264659137517078,0.9781914066536852,3
628,PVC,LT,S2_Renewable_Electrified,-0.9152110831800062,1.081903117498981,3
629,PVC,LT,S2_Renewable_Electrified,-1.0027203459165153,0.9569524988440321,3
630,PVC,LT,S2_Renewable_Electrified,-1.058345572781536,0.9788335183248074,3
631,PVC,LT,S2_Renewable_Electrified,-1.0142551152251709,1.0425983644881665,3
632,PVC,LT,S2_Renewable_Electrified,-1.091008161895647,0.9586003243295842,3
633,PVC,LT,S2_Renewable_Electrified,-1.1163337464654672,0.9672696220014705,3
634,PVC,LT,S2_Renewable_Electrified,-0.8650870818403402,0.6364358268306386,3
635,PVC,LT,S2_Renewable_Electrified,-1.0688871323593712,1.1778849602450165,3
636,PVC,LT,S2_Renewable_Electrified,-0.7941912305287256,1.2228058357585019,3
637,PVC,LT,S2_Renewable_Electrified,-1.0724623175362793,0.5148497308100868,3
638,PVC,LT,S2_Renewable_Electrified,-1.0314876777399071,1.2095565011167806,3
639,PVC,LT,S2_Renewable_Electrified,-0.720232847168206,1.3132682119620773,3
640,PVC,LT,S2_Renewable_Electrified,-0.8077421099047145,1.1883175933071288,3
641,PVC,LT,S2_Renewable_Electrified,-0.8633673367697356,1.2101986127879036,3
642,PVC,LT,S2_Renewable_Electrified,-0.8192768792133701,1.273963458951262,3
643,PVC,LT,S2_Renewable_Electrified,-0.8960299258838468,1.1899654187926805,3
644,PVC,LT,S2_Renewable_Electrified,-0.921355510453667,1.1986347164645672,3
645,PVC,LT,S2_Renewable_Electrified,-0.9355631771523232,0.6052429272192061,3
646,PVC,LT,S2_Renewable_Electrified,-1.1393632276713543,1.1466920606335846,3
647,PVC,LT,S2_Renewable_Electrified,-0.8646673258407084,1.19161293614707,3
648,PVC,LT,S2_Renewable_Electrified,-1.1429384128482623,0.48365683119865466,3
649,PVC,LT,S2_Renewable_Electrified,-1.1019637730518899,1.1783636015053482,3
650,PVC,LT,S2_Renewable_Electrified,-0.7907089424801886,1.2820753123506456,3
651,PVC,LT,S2_Renewable_Electrified,-0.8782182052166977,1.157124693695697,3
652,PVC,LT,S2_Renewable_Electrified,-0.9338434320817186,1.1790057131764717,3
653,PVC,LT,S2_Renewable_Electrified,-0.889752974525353,1.2427705593398302,3
654,PVC,LT,S2_Renewable_Electrified,-0.9665060211958294,1.1587725191812486,3
655,PVC,LT,S2_Renewable_Electrified,-0.99183160576565,1.1674418168531353,3
656,PVC,HT,S2_Renewable_Electrified,-0.7831344930522535,1.0594851041580309,3
657,PVC,HT,S2_Renewable_Electrified,-0.8753863056211527,1.0215366279588958,3
658,PVC,HT,S2_Renewable_Electrified,-0.7395855562917041,0.14767734718583547,3
659,PVC,HT,S2_Renewable_Electrified,-1.2131381080346308,0.8688783564583231,3
660,PVC,HT,S2_Renewable_Electrified,-1.2300764116117975,0.9754442337359213,3
661,PVC,HT,S2_Renewable_Electrified,-0.6277556330392213,1.1623695082506644,3
662,PVC,HT,S2_Renewable_Electrified,-0.7248375321646974,0.5803322216595578,3
663,PVC,HT,S2_Renewable_Electrified,-0.8585109157447661,0.6871163627433109,3
664,PVC,HT,S2_Renewable_Electrified,-0.7135472181085433,1.258154043638576,3
665,PVC,HT,S2_Renewable_Electrified,-1.0031101556730078,0.5603692554891404,3
666,PVC,HT,S2_Renewable_Electrified,-1.1412117479703372,0.6659716708541523,3
667,PVC,LT,S2_Renewable_Electrified,-0.7479306047042973,0.4452967160358938,3
668,PVC,LT,S2_Renewable_Electrified,-0.8160866777287934,0.5035097477224413,3
669,PVC,LT,S2_Renewable_Electrified,-0.7221270510056421,1.0830665327848488,3
670,PVC,LT,S2_Renewable_Electrified,-1.1637996056831872,0.6550226701353541,3
671,PVC,LT,S2_Renewable_Electrified,-1.2036220715174664,0.6048711647731686,3
672,PVC,LT,S2_Renewable_Electrified,-0.5907554334881192,1.231211350824038,3
673,PVC,LT,S2_Renewable_Electrified,-0.7272145246019746,0.977829072430899,3
674,PVC,LT,S2_Renewable_Electrified,-0.8458703560740723,1.0443988840220952,3
675,PVC,LT,S2_Renewable_Electrified,-0.713303721447611,1.2482437377125921,3
676,PVC,LT,S2_Renewable_Electrified,-1.0012410992062113,0.9483402396599905,3
677,PVC,LT,S2_Renewable_Electrified,-1.1032194793038541,0.9686592524075597,3
678,PVC,SG,S2_Renewable_Electrified,-0.5891290518481521,0.5726185149095292,3
679,PVC,SG,S2_Renewable_Electrified,-0.6659386627694535,0.9070392760186822,3
680,PVC,SG,S2_Renewable_Electrified,-0.6987767872620638,0.9593749574456589,3
681,PVC,SG,S2_Renewable_Electrified,-1.1808238878808286,0.38443409086735825,3
682,PVC,SG,S2_Renewable_Electrified,-1.2534119841987663,0.7235184448880743,3
683,PVC,SG,S2_Renewable_Electrified,-0.6159430082641313,0.7725707950203458,3
684,PVC,SG,S2_Renewable_Electrified,-0.7570300917028567,0.9353816257516667,3
685,PVC,SG,S2_Renewable_Electrified,-0.7791740710718736,0.9849205349536064,3
686,PVC,SG,S2_Renewable_Electrified,-1.2015188353369488,0.5811973508420736,3
687,PVC,SG,S2_Renewable_Electrified,-1.3415118064940565,0.7412756305644659,3
688,PVC,OG,S2_Renewable_Electrified,-0.5856635468952435,-0.04220167064143587,4
689,PVC,OG,S2_Renewable_Electrified,-0.7317301549144216,1.0137726719067643,3
690,PVC,OG,S2_Renewable_Electrified,-0.6472420384416948,0.8552971867980874,3
691,PVC,OG,S2_Renewable_Electrified,-0.9547206263863057,-0.12377747560663299,4
692,PVC,OG,S2_Renewable_Electrified,-1.4276012605970048,0.9086166991632072,3
693,PVC,OG,S2_Renewable_Electrified,-0.5582661091088812,0.5907640490107204,3
694,PVC,OG,S2_Renewable_Electrified,-0.6922990200320621,1.0495777320648352,3
695,PVC,OG,S2_Renewable_Electrified,-0.662034189547029,0.9946593142178345,3
696,PVC,OG,S2_Renewable_Electrified,-0.8639263473363363,0.2462590529890435,3
697,PVC,OG,S2_Renewable_Electrified,-1.025867998332393,0.97970736635508,3
698,PS,HT,S2_Renewable_Electrified,-0.2890855034246146,3.064183977025572,1
699,PS,HT,S2_Renewable_Electrified,-0.5227884640038183,3.209108706147879,3
700,PS,HT,S2_Renewable_Electrified,-0.6492459980349918,2.797567585098284,3
701,PS,HT,S2_Renewable_Electrified,-0.7722632469910095,2.8959952685002386,3
702,PS,HT,S2_Renewable_Electrified,-0.6581310763844108,3.0661126968233106,3
703,PS,HT,S2_Renewable_Electrified,-1.0851904318943513,2.705494551470638,3
704,PS,HT,S2_Renewable_Electrified,-1.2372005679322804,2.750916124912857,3
705,PS,HT,S2_Renewable_Electrified,-0.6910889753210955,3.3086372842725584,3
706,PS,HT,S2_Renewable_Electrified,-0.7676561444912726,3.2920283114470683,3
707,PS,LT,S2_Renewable_Electrified,-0.2506646260132107,3.070743971737879,1
708,PS,LT,S2_Renewable_Electrified,-0.3934171302992448,3.334643432800971,1
709,PS,LT,S2_Renewable_Electrified,-0.6036060081870421,2.8055000022487215,3
710,PS,LT,S2_Renewable_Electrified,-0.7369056523804596,2.90961403716808,3
711,PS,LT,S2_Renewable_Electrified,-0.5901378610037127,3.140264271270187,3
712,PS,LT,S2_Renewable_Electrified,-1.0407310734078892,2.7337447341690995,3
713,PS,LT,S2_Renewable_Electrified,-1.1966103194088555,2.7689339943725506,3
714,PS,LT,S2_Renewable_Electrified,-0.27416714282651755,3.850020470739527,1
715,PS,LT,S2_Renewable_Electrified,-0.39839274135353286,3.9137272869328346,1
716,PS,SG,S2_Renewable_Electrified,-0.5020037450575792,1.5786190656613008,3
717,PS,SG,S2_Renewable_Electrified,-0.6085667105301799,2.2694040302401652,3
718,PS,SG,S2_Renewable_Electrified,-0.5984401334527821,1.498630354609395,3
719,PS,SG,S2_Renewable_Electrified,-1.7464698106122403,1.149983723537126,3
720,PS,SG,S2_Renewable_Electrified,-1.8280791481534724,1.86614296730124,3
721,PS,SG,S2_Renewable_Electrified,-0.5101936335915287,2.031353306155654,3
722,PS,SG,S2_Renewable_Electrified,-0.7498720709201148,2.382681410133566,3
723,PS,SG,S2_Renewable_Electrified,-0.849292116645573,1.9885725874167022,3
724,PS,SG,S2_Renewable_Electrified,-1.8813811512216172,1.6233865542220114,3
725,PS,SG,S2_Renewable_Electrified,-2.1343635306945683,1.9519163912906246,3
726,PS,OG,S2_Renewable_Electrified,-0.5698965862455655,-0.07734266995870553,4
727,PS,OG,S2_Renewable_Electrified,-1.0836690516094634,2.632648467694916,3
728,PS,OG,S2_Renewable_Electrified,-0.5575958441702502,1.729576679124785,3
729,PS,OG,S2_Renewable_Electrified,-1.3796557716938898,0.02541237004448993,3
730,PS,OG,S2_Renewable_Electrified,-1.6556562575914533,2.2732703882326017,3
731,PS,OG,S2_Renewable_Electrified,-0.4515044069000122,1.611866896385087,3
732,PS,OG,S2_Renewable_Electrified,-0.6089384849482267,2.548651307824668,3
733,PS,OG,S2_Renewable_Electrified,-0.67139651110133,2.059535895166967,3
734,PS,OG,S2_Renewable_Electrified,-1.1645898199822615,1.3918392144176097,3
735,PS,OG,S2_Renewable_Electrified,-1.2517712255849667,2.3093894251164238,3
736,PE,HT,S2_Renewable_Electrified,-0.3774544322809116,2.401139915209548,1
737,PE,HT,S2_Renewable_Electrified,-0.5767931674457354,2.6629302045323486,3
738,PE,HT,S2_Renewable_Electrified,-0.43796043025709,2.5276275411105438,3
739,PE,HT,S2_Renewable_Electrified,-1.1492890741887307,2.2003057133681394,3
740,PE,HT,S2_Renewable_Electrified,-1.4006380555614413,2.399225841906787,3
741,PE,HT,S2_Renewable_Electrified,-0.27121504685164877,3.0186903860291423,1
742,PE,HT,S2_Renewable_Electrified,-0.3984456868430003,2.425548362292177,1
743,PE,HT,S2_Renewable_Electrified,-0.6195130276886469,2.6515121919981963,3
744,PE,HT,S2_Renewable_Electrified,-0.46284557654771946,2.6254629815093256,3
745,PE,HT,S2_Renewable_Electrified,-1.2457021714206973,2.2038023299515426,3
746,PE,HT,S2_Renewable_Electrified,-1.5130839551906146,2.364501953080596,3
747,PE,HT,S2_Renewable_Electrified,-0.5205404653833253,2.475265509796939,3
748,PE,HT,S2_Renewable_Electrified,-0.7198792005481474,2.7370557991197404,3
749,PE,HT,S2_Renewable_Electrified,-0.5810464633595023,2.601753135697935,3
750,PE,HT,S2_Renewable_Electrified,-1.2923751072911438,2.2744313079555285,3
751,PE,HT,S2_Renewable_Electrified,-1.5437240886638544,2.4733514364941773,3
752,PE,HT,S2_Renewable_Electrified,-0.4143010799540624,3.0928159806165336,1
753,PE,HT,S2_Renewable_Electrified,-0.5415317199454126,2.4996739568795685,3
754,PE,HT,S2_Renewable_Electrified,-0.762599060791059,2.7256377865855885,3
755,PE,HT,S2_Renewable_Electrified,-0.6059316096501318,2.699588576096717,3
756,PE,HT,S2_Renewable_Electrified,-1.3887882045231106,2.277927924538931,3
757,PE,HT,S2_Renewable_Electrified,-1.6561699882930263,2.4386275476679846,3
758,PE,HT,S2_Renewable_Electrified,-0.6251805334333652,2.21938790519009,3
759,PE,HT,S2_Renewable_Electrified,-0.8245192685981889,2.4811781945128915,3
760,PE,HT,S2_Renewable_Electrified,-0.6856865314095439,2.345875531091087,3
761,PE,HT,S2_Renewable_Electrified,-1.397015175341185,2.0185537033486805,3
762,PE,HT,S2_Renewable_Electrified,-1.6483641567138951,2.2174738318873297,3
763,PE,HT,S2_Renewable_Electrified,-0.5189411480041026,2.8369383760096856,3
764,PE,HT,S2_Renewable_Electrified,-0.646171787995454,2.2437963522727205,3
765,PE,HT,S2_Renewable_Electrified,-0.8672391288411004,2.4697601819787405,3
766,PE,HT,S2_Renewable_Electrified,-0.7105716777001734,2.443710971489869,3
767,PE,HT,S2_Renewable_Electrified,-1.493428272573151,2.022050319932084,3
768,PE,HT,S2_Renewable_Electrified,-1.7608100563430682,2.182749943061137,3
769,PE,HT,S2_Renewable_Electrified,-0.7168140442183706,2.278102966593592,3
770,PE,HT,S2_Renewable_Electrified,-0.9161527793831944,2.539893255916393,3
771,PE,HT,S2_Renewable_Electrified,-0.7773200421945494,2.4045905924945887,3
772,PE,HT,S2_Renewable_Electrified,-1.4886486861261903,2.077268764752183,3
773,PE,HT,S2_Renewable_Electrified,-1.7399976674989002,2.2761888932908336,3
774,PE,HT,S2_Renewable_Electrified,-0.6105746587891079,2.8956534374131873,3
775,PE,HT,S2_Renewable_Electrified,-0.7378052987804593,2.3025114136762226,3
776,PE,HT,S2_Renewable_Electrified,-0.9588726396261058,2.5284752433822417,3
777,PE,HT,S2_Renewable_Electrified,-0.8022051884851784,2.5024260328933714,3
778,PE,HT,S2_Renewable_Electrified,-1.5850617833581562,2.080765381335587,3
779,PE,HT,S2_Renewable_Electrified,-1.8524435671280726,2.241465004464641,3
780,PE,HT,S2_Renewable_Electrified,-0.6192900177466749,2.467014666421614,3
781,PE,HT,S2_Renewable_Electrified,-0.8186287529114982,2.728804955744414,3
782,PE,HT,S2_Renewable_Electrified,-0.6797960157228533,2.5935022923226105,3
783,PE,HT,S2_Renewable_Electrified,-1.391124659654496,2.2661804645802044,3
784,PE,HT,S2_Renewable_Electrified,-1.6424736410272058,2.4651005931188545,3
785,PE,HT,S2_Renewable_Electrified,-0.5130506323174119,3.084565137241208,3
786,PE,HT,S2_Renewable_Electrified,-0.6402812723087635,2.4914231135042435,3
787,PE,HT,S2_Renewable_Electrified,-0.8613486131544101,2.717386943210263,3
788,PE,HT,S2_Renewable_Electrified,-0.7046811620134832,2.691337732721391,3
789,PE,HT,S2_Renewable_Electrified,-1.4875377568864625,2.2696770811636062,3
790,PE,HT,S2_Renewable_Electrified,-1.7549195406563776,2.43037670429266,3
791,PE,HT,S2_Renewable_Electrified,-0.7527819332441237,2.234722713572225,3
792,PE,HT,S2_Renewable_Electrified,-0.9521206684089475,2.496513002895024,3
793,PE,HT,S2_Renewable_Electrified,-0.8132879312203021,2.3612103394732196,3
794,PE,HT,S2_Renewable_Electrified,-1.5246165751519447,2.033888511730815,3
795,PE,HT,S2_Renewable_Electrified,-1.7759655565246537,2.232808640269462,3
796,PE,HT,S2_Renewable_Electrified,-0.6465425478148612,2.852273184391818,3
797,PE,HT,S2_Renewable_Electrified,-0.7737731878062126,2.2591311606548525,3
798,PE,HT,S2_Renewable_Electrified,-0.9948405286518593,2.4850949903608734,3
799,PE,HT,S2_Renewable_Electrified,-0.8381730775109317,2.459045779872001,3
800,PE,HT,S2_Renewable_Electrified,-1.6210296723839108,2.037385128314216,3
801,PE,HT,S2_Renewable_Electrified,-1.8884114561538263,2.19808475144327,3
802,PE,HT,S2_Renewable_Electrified,-0.8468186487016667,2.2514288073124815,3
803,PE,HT,S2_Renewable_Electrified,-1.0461573838664893,2.5132190966352828,3
804,PE,HT,S2_Renewable_Electrified,-0.907324646677844,2.3779164332134783,3
805,PE,HT,S2_Renewable_Electrified,-1.6186532906094864,2.050594605471075,3
806,PE,HT,S2_Renewable_Electrified,-1.8700022719821967,2.249514734009723,3
807,PE,HT,S2_Renewable_Electrified,-0.7405792632724043,2.8689792781320778,3
808,PE,HT,S2_Renewable_Electrified,-0.8678099032637538,2.275837254395113,3
809,PE,HT,S2_Renewable_Electrified,-1.0888772441094008,2.5018010841011327,3
810,PE,HT,S2_Renewable_Electrified,-0.9322097929684732,2.475751873612261,3
811,PE,HT,S2_Renewable_Electrified,-1.715066387841452,2.054091222054476,3
812,PE,HT,S2_Renewable_Electrified,-1.982448171611368,2.214790845183529,3
813,PE,HT,S2_Renewable_Electrified,-0.6494596822978771,2.4750231184373854,3
814,PE,HT,S2_Renewable_Electrified,-0.8487984174626988,2.736813407760187,3
815,PE,HT,S2_Renewable_Electrified,-0.7099656802740553,2.6015107443383814,3
816,PE,HT,S2_Renewable_Electrified,-1.4212943242056961,2.274188916595976,3
817,PE,HT,S2_Renewable_Electrified,-1.672643305578406,2.4731090451346267,3
818,PE,HT,S2_Renewable_Electrified,-0.5432202968686138,3.09257358925698,3
819,PE,HT,S2_Renewable_Electrified,-0.6704509368599659,2.499431565520015,3
820,PE,HT,S2_Renewable_Electrified,-0.8915182777056121,2.7253953952260357,3
821,PE,HT,S2_Renewable_Electrified,-0.7348508265646848,2.699346184737164,3
822,PE,HT,S2_Renewable_Electrified,-1.517707421437662,2.277685533179378,3
823,PE,HT,S2_Renewable_Electrified,-1.78508920520758,2.438385156308432,3
824,PE,HT,S2_Renewable_Electrified,-0.7667332559853399,2.476464736933475,3
825,PE,HT,S2_Renewable_Electrified,-0.9660719911501638,2.7382550262562764,3
826,PE,HT,S2_Renewable_Electrified,-0.8272392539615187,2.602952362834471,3
827,PE,HT,S2_Renewable_Electrified,-1.5385678978931605,2.275630535092066,3
828,PE,HT,S2_Renewable_Electrified,-1.789916879265871,2.474550663630716,3
829,PE,HT,S2_Renewable_Electrified,-0.6604938705560774,3.0940152077530696,3
830,PE,HT,S2_Renewable_Electrified,-0.7877245105474289,2.500873184016106,3
831,PE,HT,S2_Renewable_Electrified,-1.008791851393076,2.7268370137221245,3
832,PE,HT,S2_Renewable_Electrified,-0.8521244002521482,2.7007878032332533,3
833,PE,HT,S2_Renewable_Electrified,-1.6349809951251268,2.2791271516754663,3
834,PE,HT,S2_Renewable_Electrified,-1.902362778895043,2.439826774804521,3
835,PE,LT,S2_Renewable_Electrified,-0.4123965356947944,2.5978314475069473,1
836,PE,LT,S2_Renewable_Electrified,-0.5011898904956334,2.6372757096361448,3
837,PE,LT,S2_Renewable_Electrified,-0.3936331857002236,2.683619477683525,1
838,PE,LT,S2_Renewable_Electrified,-0.4018370507607341,2.613848417980838,1
839,PE,LT,S2_Renewable_Electrified,-0.4859869172141995,2.6589230984560674,3
840,PE,LT,S2_Renewable_Electrified,-0.3421799744483957,2.698716184241694,1
841,PE,LT,S2_Renewable_Electrified,-0.3940035350549177,2.6477875234580432,1
842,PE,LT,S2_Renewable_Electrified,-0.4565506387898508,2.6501487367982186,3
843,PE,LT,S2_Renewable_Electrified,-0.3855985258203679,2.6904393871870425,1
844,PE,LT,S2_Renewable_Electrified,-0.482538961046573,2.648471956765845,3
845,PE,LT,S2_Renewable_Electrified,-0.4996226733609994,2.647500486799337,3
846,PE,LT,S2_Renewable_Electrified,-0.5217017472740508,3.2041259986898365,3
847,PE,LT,S2_Renewable_Electrified,-0.6104951020748898,3.2435702608190344,3
848,PE,LT,S2_Renewable_Electrified,-0.5029383972794799,3.2899140288664146,3
849,PE,LT,S2_Renewable_Electrified,-0.5111422623399904,3.220142969163728,3
850,PE,LT,S2_Renewable_Electrified,-0.595292128793456,3.2652176496389576,3
851,PE,LT,S2_Renewable_Electrified,-0.45148518602765164,3.3050107354245832,3
852,PE,LT,S2_Renewable_Electrified,-0.5033087466341739,3.2540820746409334,3
853,PE,LT,S2_Renewable_Electrified,-0.5658558503691072,3.2564432879811087,3
854,PE,LT,S2_Renewable_Electrified,-0.49490373739962457,3.2967339383699326,3
855,PE,LT,S2_Renewable_Electrified,-0.5918441726258294,3.2547665079487347,3
856,PE,LT,S2_Renewable_Electrified,-0.6089278849402558,3.2537950379822265,3
857,PE,LT,S2_Renewable_Electrified,-0.7817631314054748,2.860692755202254,3
858,PE,LT,S2_Renewable_Electrified,-0.8705564862063151,2.900137017331452,3
859,PE,LT,S2_Renewable_Electrified,-0.7629997814109037,2.946480785378832,3
860,PE,LT,S2_Renewable_Electrified,-0.7712036464714158,2.876709725676146,3
861,PE,LT,S2_Renewable_Electrified,-0.8553535129248815,2.921784406151375,3
862,PE,LT,S2_Renewable_Electrified,-0.7115465701590762,2.9615774919370006,3
863,PE,LT,S2_Renewable_Electrified,-0.7633701307655993,2.91064883115335,3
864,PE,LT,S2_Renewable_Electrified,-0.8259172345005329,2.9130100444935256,3
865,PE,LT,S2_Renewable_Electrified,-0.7549651215310499,2.9533006948823495,3
866,PE,LT,S2_Renewable_Electrified,-0.851905556757255,2.9113332644611516,3
867,PE,LT,S2_Renewable_Electrified,-0.8689892690716813,2.910361794494643,3
868,PE,LT,S2_Renewable_Electrified,-0.8824392951995621,2.9245442029697237,3
869,PE,LT,S2_Renewable_Electrified,-0.9712326500004007,2.963988465098921,3
870,PE,LT,S2_Renewable_Electrified,-0.8636759452049909,3.010332233146301,3
871,PE,LT,S2_Renewable_Electrified,-0.8718798102655034,2.940561173443615,3
872,PE,LT,S2_Renewable_Electrified,-0.9560296767189685,2.985635853918845,3
873,PE,LT,S2_Renewable_Electrified,-0.8122227339531637,3.025428939704471,3
874,PE,LT,S2_Renewable_Electrified,-0.8640462945596853,2.9745002789208193,3
875,PE,LT,S2_Renewable_Electrified,-0.9265933982946201,2.9768614922609955,3
876,PE,LT,S2_Renewable_Electrified,-0.8556412853251358,3.017152142649819,3
877,PE,LT,S2_Renewable_Electrified,-0.9525817205513424,2.9751847122286215,3
878,PE,LT,S2_Renewable_Electrified,-0.9696654328657686,2.974213242262113,3
879,PE,LT,S2_Renewable_Electrified,-0.7884698250100977,3.095158398515042,3
880,PE,LT,S2_Renewable_Electrified,-0.8772631798109363,3.1346026606442376,3
881,PE,LT,S2_Renewable_Electrified,-0.7697064750155265,3.1809464286916187,3
882,PE,LT,S2_Renewable_Electrified,-0.777910340076039,3.111175368988933,3
883,PE,LT,S2_Renewable_Electrified,-0.8620602065295039,3.156250049464161,3
884,PE,LT,S2_Renewable_Electrified,-0.7182532637636987,3.196043135249787,3
885,PE,LT,S2_Renewable_Electrified,-0.7700768243702207,3.1451144744661375,3
886,PE,LT,S2_Renewable_Electrified,-0.8326239281051558,3.1474756878063124,3
887,PE,LT,S2_Renewable_Electrified,-0.7616718151356725,3.1877663381951367,3
888,PE,LT,S2_Renewable_Electrified,-0.8586122503618775,3.145798907773939,3
889,PE,LT,S2_Renewable_Electrified,-0.8756959626763042,3.1448274378074306,3
890,PE,LT,S2_Renewable_Electrified,-1.100283941953982,2.8000673918358197,3
891,PE,LT,S2_Renewable_Electrified,-1.1890772967548209,2.839511653965017,3
892,PE,LT,S2_Renewable_Electrified,-1.0815205919594113,2.885855422012397,3
893,PE,LT,S2_Renewable_Electrified,-1.0897244570199236,2.816084362309712,3
894,PE,LT,S2_Renewable_Electrified,-1.1738743234733888,2.8611590427849407,3
895,PE,LT,S2_Renewable_Electrified,-1.0300673807075833,2.9009521285705655,3
896,PE,LT,S2_Renewable_Electrified,-1.0818909413141051,2.850023467786916,3
897,PE,LT,S2_Renewable_Electrified,-1.1444380450490401,2.8523846811270914,3
898,PE,LT,S2_Renewable_Electrified,-1.0734859320795573,2.892675331515915,3
899,PE,LT,S2_Renewable_Electrified,-1.1704263673057622,2.850707901094716,3
900,PE,LT,S2_Renewable_Electrified,-1.1875100796201887,2.8497364311282096,3
901,PE,LT,S2_Renewable_Electrified,-1.2144609881652533,2.8248953027004506,3
902,PE,LT,S2_Renewable_Electrified,-1.3032543429660919,2.864339564829649,3
903,PE,LT,S2_Renewable_Electrified,-1.195697638170682,2.9106833328770283,3
904,PE,LT,S2_Renewable_Electrified,-1.2039015032311944,2.840912273174342,3
905,PE,LT,S2_Renewable_Electrified,-1.2880513696846596,2.885986953649571,3
906,PE,LT,S2_Renewable_Electrified,-1.1442444269188543,2.9257800394351974,3
907,PE,LT,S2_Renewable_Electrified,-1.1960679875253764,2.874851378651547,3
908,PE,LT,S2_Renewable_Electrified,-1.258615091260311,2.8772125919917224,3
909,PE,LT,S2_Renewable_Electrified,-1.187662978290827,2.917503242380546,3
910,PE,LT,S2_Renewable_Electrified,-1.284603413517033,2.875535811959349,3
911,PE,LT,S2_Renewable_Electrified,-1.3016871258314602,2.8745643419928406,3
912,PE,HT,S2_Renewable_Electrified,-0.5746249756028263,2.226045873771533,3
913,PE,HT,S2_Renewable_Electrified,-0.8054338271954957,2.2146147096613906,3
914,PE,HT,S2_Renewable_Electrified,-0.6547191060196442,2.4039596129728085,3
915,PE,HT,S2_Renewable_Electrified,-1.6542907410615424,1.9443874825267287,3
916,PE,HT,S2_Renewable_Electrified,-1.9156885227961555,1.8775103112586473,3
917,PE,HT,S2_Renewable_Electrified,-0.33592315225538494,3.3043256782163866,1
918,PE,HT,S2_Renewable_Electrified,-0.5598953059611675,2.245246769218697,3
919,PE,HT,S2_Renewable_Electrified,-0.8318881167870624,2.5710276504889777,3
920,PE,HT,S2_Renewable_Electrified,-0.650275479462291,2.3410554388443163,3
921,PE,HT,S2_Renewable_Electrified,-1.6329092887618404,1.9566695085275292,3
922,PE,HT,S2_Renewable_Electrified,-1.967159883243559,2.200873587161176,3
923,PE,LT,S2_Renewable_Electrified,-0.5097931458174849,2.6224247936374514,3
924,PE,LT,S2_Renewable_Electrified,-0.6034826906768971,2.603775999613534,3
925,PE,LT,S2_Renewable_Electrified,-0.5063964361808251,2.9467210230189136,3
926,PE,LT,S2_Renewable_Electrified,-0.8238885787020975,2.5701352473282344,3
927,PE,LT,S2_Renewable_Electrified,-0.914239303212653,2.5151175192278084,3
928,PE,LT,S2_Renewable_Electrified,-0.3892977387666478,2.988480520490187,1
929,PE,LT,S2_Renewable_Electrified,-0.5591699832549244,2.636250646254181,3
930,PE,LT,S2_Renewable_Electrified,-0.6863264930226483,2.7121142252042767,3
931,PE,LT,S2_Renewable_Electrified,-0.549585056042952,2.9486144453221566,3
932,PE,LT,S2_Renewable_Electrified,-0.8737257371174061,2.592875900711589,3
933,PE,LT,S2_Renewable_Electrified,-0.9804589428192627,2.618962344059463,3
934,PE,SG,S2_Renewable_Electrified,-0.5071677761793167,1.7819229249963993,3
935,PE,SG,S2_Renewable_Electrified,-0.8670428500905578,2.130937316389088,3
936,PE,SG,S2_Renewable_Electrified,-0.6355289310770765,1.276278574787564,3
937,PE,SG,S2_Renewable_Electrified,-1.9693774219430478,1.2968782057195822,3
938,PE,SG,S2_Renewable_Electrified,-2.3152157417189394,1.6458132991249679,3
939,PE,SG,S2_Renewable_Electrified,-0.5418833062800092,2.0677844001961754,3
940,PE,SG,S2_Renewable_Electrified,-0.9851794624853282,2.259309626058038,3
941,PE,SG,S2_Renewable_Electrified,-0.8617044877771085,1.8518794493846926,3
942,PE,SG,S2_Renewable_Electrified,-1.9972296390338162,1.3485089552723242,3
943,PE,SG,S2_Renewable_Electrified,-2.3784417985287867,1.7054082623159497,3
944,PE,OG,S2_Renewable_Electrified,-0.47780213679599354,0.516727163827463,3
945,PE,OG,S2_Renewable_Electrified,-0.8093151764754623,2.2156834634176725,3
946,PE,OG,S2_Renewable_Electrified,-0.5811192496471674,1.5859103923405375,3
947,PE,OG,S2_Renewable_Electrified,-1.457763999074364,0.3598303588499263,3
948,PE,OG,S2_Renewable_Electrified,-1.8151509359461997,1.959453548668323,3
949,PE,OG,S2_Renewable_Electrified,-0.5007811589768323,1.473548550938704,3
950,PE,OG,S2_Renewable_Electrified,-0.7391644067933348,2.27995203555332,3
951,PE,OG,S2_Renewable_Electrified,-0.6709024578859494,1.8513731730881546,3
952,PE,OG,S2_Renewable_Electrified,-1.375820488350279,1.2769964384123749,3
953,PE,OG,S2_Renewable_Electrified,-1.4087456753113323,2.0304922806797996,3
954,PE,HG,S2_Renewable_Electrified,-0.47155028402461674,2.5551435250259016,3
955,PE,HG,S2_Renewable_Electrified,-0.5728533421710258,2.592265788157798,3
956,PE,HG,S2_Renewable_Electrified,-0.4632305929864815,2.745303890695012,3
957,PE,HG,S2_Renewable_Electrified,-0.7564810685840558,2.4933353531024123,3
958,PE,HG,S2_Renewable_Electrified,-0.8856297272784988,2.4987179737916017,3
