excel_row,B,C,D,E,F,G,H,I,J,K,L,M,P,Q,R,S,T,U,V,W,X,Y,Z,AA,AB,AC,AD,AE,AF,AG,AH,AI,AJ,AK,AL,AM,AN,AO,AP,AQ,AR,AS,AT,AU,AV,AW,AX,AY,AZ,BA,BB,BC,BD,BG,BH,BI,BJ,BK,BL,BM,BN,BO,BP,BQ,BR,BS,BT,BU,BV,BW,BX,BY,CA,CB,CC,CD,CE,CF,CH,CI,CJ,CK,CL,CM,CO,CP,CQ,CR,CS,CT,CV,CW,CX,CY,CZ,DA,DC,DD,DE,DF,DG,DH,DJ,DK,DL,DM,DN,DO,DQ,DR,DS,DT,DU,DV,DX,DY,DZ,EA,EB,EC,EE,EF,EG,EH,EI,EJ,EL,EM,EN,EO,EP,EQ,ES,ET,EU,EV,EW,EX,EZ,FA,FB,FC,FD,FE,FG,FH,FI,FJ,FK,FL,FN,FO,FP,FQ,FR,FS,FU,FV,FW,FX,FY,FZ,GB,GC,GD,GE,GF,GG,GI,GJ,GK,GL,GM,GN,GP,GQ,GR,GS,GT,GU,GW,GX,GY,GZ,HA,HB,HD,HE,HF,HG,HH,HI,HK,HL,HM,HN,HO,HP,HR,HS,HT,HU,HV,HW,HY,HZ,IA,IB,IC,ID,IF,IG,IH,II,IJ,IK,IM,IN,IO,IP,IQ,IR,IT,IU,IV,IW
1,,,,,,,,,,,,,,,,,,,,,,,,,,,,,,,,,,,,,,,,,,,,,,,,,,,,,,,,,,,,,,,,,,,Feed,Tech,Pathway1,Pathway2,Unit profit ($/kg),Unit CO2 reduction (kgCO2eq/kg),Feed,Tech,Pathway1,Pathway2,Unit profit ($/kg),Unit CO2 reduction (kgCO2eq/kg),Feed,Tech,Pathway1,Pathway2,Unit profit ($/kg),Unit CO2 reduction (kgCO2eq/kg),Feed,Tech,Pathway1,Pathway2,Unit profit ($/kg),Unit CO2 reduction (kgCO2eq/kg),Feed,Tech,Pathway1,Pathway2,Unit profit ($/kg),Unit CO2 reduction (kgCO2eq/kg),Feed,Tech,Pathway1,Pathway2,Unit profit ($/kg),Unit CO2 reduction (kgCO2eq/kg),Feed,Tech,Pathway1,Pathway2,Unit profit ($/kg),Unit CO2 reduction (kgCO2eq/kg),Feed,Tech,Pathway1,Pathway2,Unit profit ($/kg),Unit CO2 reduction (kgCO2eq/kg),Feed,Tech,Pathway1,Pathway2,Unit profit ($/kg),Unit CO2 reduction (kgCO2eq/kg),Feed,Tech,Pathway1,Pathway2,Unit profit ($/kg),Unit CO2 reduction (kgCO2eq/kg),Feed,Tech,Pathway1,Pathway2,Unit profit ($/kg),Unit CO2 reduction (kgCO2eq/kg),Feed,Tech,Pathway1,Pathway2,Unit profit ($/kg),Unit CO2 reduction (kgCO2eq/kg),Feed,Tech,Pathway1,Pathway2,Unit profit ($/kg),Unit CO2 reduction (kgCO2eq/kg),Feed,Tech,Pathway1,Pathway2,Unit profit ($/kg),Unit CO2 reduction (kgCO2eq/kg),Feed,Tech,Pathway1,Pathway2,Unit profit ($/kg),Unit CO2 reduction (kgCO2eq/kg),Feed,Tech,Pathway1,Pathway2,Unit profit ($/kg),Unit CO2 reduction (kgCO2eq/kg),Feed,Tech,Pathway1,Pathway2,Unit profit ($/kg),Unit CO2 reduction (kgCO2eq/kg),Feed,Tech,Pathway1,Pathway2,Unit profit ($/kg),Unit CO2 reduction (kgCO2eq/kg),Feed,Tech,Pathway1,Pathway2,Unit profit ($/kg),Unit CO2 reduction (kgCO2eq/kg),Feed,Tech,Pathway1,Pathway2,Unit profit ($/kg),Unit CO2 reduction (kgCO2eq/kg),Feed,Tech,Pathway1,Pathway2,Unit profit ($/kg),Unit CO2 reduction (kgCO2eq/kg),Feed,Tech,Pathway1,Pathway2,Product,Unit CO2 reduction (kgCO2eq/kg),Feed,Tech,Pathway1,Pathway2,Product,Unit CO2 reduction (kgCO2eq/kg),Feed,Tech,Pathway1,Pathway2,Product,Unit CO2 reduction (kgCO2eq/kg),Feed,Tech,Pathway1,Pathway2,Product,Unit CO2 reduction (kgCO2eq/kg),Feed,Tech,Pathway1,Pathway2,Product,Unit CO2 reduction (kgCO2eq/kg),,,,
2,,,,,,,,,,,,,,,,,,,,,,,,,,,,,,,,,,,,,,,,,,,,,,,,,,,,,,,,,,,,,,,,,,H2 - 1 $/KG,PET,HT,#8,#6,-0.20991511620981188,2.291238161589139,PET,LT,#1,#6,-0.4033502101002265,1.23241451864001,PET,SG,#2,-,-0.2703340594415185,-0.6234845009186238,PET,OG,#7,-,-0.43217744636434086,0.4248650150045741,PP,HT,#1,#6,-0.1897823017956698,2.0357241590530535,PP,LT,#1,#6,-0.1358033441087497,1.5575150043806427,PP,SG,#1,-,-0.15410644743460353,-0.8731966091620419,PP,OG,#7,-,-0.2735864835463978,0.6748984865381441,PVC,HT,#1,#6,-0.45997234157155664,0.6320645081515524,PVC,LT,#1,#6,-0.3796647116071592,0.6552319347070953,PVC,SG,#6,-,-0.4479162572028758,-0.5146891835432288,PVC,OG,#2,-,-0.5116508498368288,0.034474138007640986,PS,HT,#1,-,-0.1477315761655788,1.7024303958992903,PS,LT,#1,-,-0.14691368795933712,1.7596327074647606,PS,SG,#2,-,-0.15846244791761507,-0.7878748532393077,PS,OG,#7,-,-0.35670437128605387,1.0862351166239999,PE,HT,#1,#6,-0.19649516225056246,1.9214336092949411,PE,LT,#1,#6,-0.22426104670588,1.3856804243520702,PE,SG,#1,-,-0.21471750307049123,-0.9833132511627171,PE,OG,#2,-,-0.4171171699641751,0.19630995212737917,PE,HG,#1,-,-0.18794998591292944,0.8214300090115807,PET,HT,#8,#6,BA_1,-0.20991511620981188,PP,LT,#1,#6,GASOLINE_1,-0.1358033441087497,PVC,LT,#1,#6,GASOLINE_1,-0.3796647116071592,PS,LT,#1,-,GASOLINE_1,-0.14691368795933712,PE,HG,#1,-,DIESEL_1,-0.18794998591292944,,,,
3,,,,,,,,,,,,,Filtering,,"PET, HT","PET, LT","PET, SG","PET, OG","PP, HT","PP, LT","PP, SG","PP, OG","PVC, HT","PVC, LT","PVC, SG","PVC, OG","PS, HT","PS, LT","PS, SG","PS, OG","PE, HT","PE, LT","PE, SG","PE, OG","PE, HG",PET,PP,PVC,PS,PE,,,,,,,,,,,,,,,,,,,,,,,,,,H2 - 1.5 $/KG,PET,HT,#8,#6,-0.20991511620981188,2.291238161589139,PET,LT,#1,#6,-0.4207102101002266,1.23241451864001,PET,SG,#2,-,-0.26832695123824535,-0.6234845009186238,PET,OG,#7,-,-0.46567383190990413,0.4248650150045741,PP,HT,#1,#2,-0.1917158819354752,0.17595052584861726,PP,LT,#1,#6,-0.14657238332121467,1.5575150043806427,PP,SG,#1,-,-0.1245956277371593,-0.8731966091620419,PP,OG,#7,-,-0.27063248603239043,0.6748984865381441,PVC,HT,#1,#6,-0.4646980506299606,0.6320645081515524,PVC,LT,#1,#6,-0.3894048299005954,0.6552319347070953,PVC,SG,#6,-,-0.440712352892072,-0.5146891835432288,PVC,OG,#6,-,-0.5352402409886521,0.299151319952829,PS,HT,#1,-,-0.19029157616557882,1.7024303958992903,PS,LT,#1,-,-0.18979368795933724,1.7596327074647606,PS,SG,#2,-,-0.15076708042431022,-0.7878748532393077,PS,OG,#7,-,-0.3840644082149741,1.0862351166239999,PE,HT,#1,#1,-0.19083584282351226,0.44984359742782326,PE,LT,#1,#6,-0.23862259455504842,1.3856804243520702,PE,SG,#1,-,-0.18661531885315652,-0.9833132511627171,PE,OG,#6,-,-0.483252423141772,0.5520842992876965,PE,HG,#1,-,-0.21528262940251575,0.8214300090115807,PET,HT,#8,#6,BA_1,-0.20991511620981188,PP,SG,#1,-,MeOH_1,-0.1245956277371593,PVC,LT,#1,#6,GASOLINE_1,-0.3894048299005954,PS,SG,#2,-,FT_1,-0.15076708042431022,PE,SG,#1,-,MeOH_1,-0.18661531885315652,,,,
4,Feed,Tech,Pathway1,Pathway2,Product,Unit treatment cost ($/kg),Unit CO2 emission (kgCO2eq/kg),Unit energy consumption (MJ/kg),Unit profit ($/kg),Unit CO2 reduction (kgCO2eq/kg),Unit energy recovery (MJ/kg),Energy efficiency,,,False,False,False,False,False,False,False,False,False,False,False,False,False,False,False,False,False,False,False,False,False,False,False,False,False,False,,,,,,,,,,,,,,,,,,,,,,,,,,H2 - 2 $/KG,PET,HT,#8,#6,-0.20991511620981188,2.291238161589139,PET,LT,#1,#6,-0.4380702101002266,1.23241451864001,PET,SG,#2,-,-0.2663198430349721,-0.6234845009186238,PET,OG,#7,-,-0.49917021745546764,0.4248650150045741,PP,HT,#1,#2,-0.18586479953636073,0.17595052584861726,PP,LT,#1,#6,-0.15734142253367964,1.5575150043806427,PP,SG,#1,-,-0.09508480803971524,-0.8731966091620419,PP,OG,#7,-,-0.2676784885183832,0.6748984865381441,PVC,HT,#1,#6,-0.4694237596883645,0.6320645081515524,PVC,LT,#1,#6,-0.39914494819403135,0.6552319347070953,PVC,SG,#6,-,-0.433508448581268,-0.5146891835432288,PVC,OG,#6,-,-0.5337491332715548,0.299151319952829,PS,HT,#1,-,-0.2328515761655788,1.7024303958992903,PS,LT,#8,-,-0.19738071412416772,2.9708031849057353,PS,SG,#2,-,-0.14307171293100537,-0.7878748532393077,PS,OG,#6,-,-0.4077108246829442,0.9616615645564947,PE,HT,#1,#1,-0.1719870979285581,0.44984359742782326,PE,LT,#1,#6,-0.2529841424042166,1.3856804243520702,PE,SG,#1,-,-0.15851313463582173,-0.9833132511627171,PE,OG,#6,-,-0.46735760527106635,0.5520842992876965,PE,HG,#1,-,-0.242615272892102,0.8214300090115807,PET,HT,#8,#6,BA_1,-0.20991511620981188,PP,SG,#1,-,MeOH_1,-0.09508480803971524,PVC,LT,#1,#6,GASOLINE_1,-0.39914494819403135,PS,SG,#2,-,FT_1,-0.14307171293100537,PE,SG,#1,-,MeOH_1,-0.15851313463582173,,,,
5,PET,HT,#1,#1,GASOLINE_1,1.3521034997149672,2.3114024359081182,48.74023520000001,-0.7707396154797668,0.0873788030717364,-19.047686903598574,0.6091999387069317,(i),,,,,,,,,,,,,,,,,,,,,,,,,,,,,,,,,,,,,,,,,,,,,,,,,,,,,H2 - 2.5 $/KG,PET,HT,#8,#6,-0.20991511620981188,2.291238161589139,PET,LT,#1,#6,-0.4554302101002266,1.23241451864001,PET,SG,#2,-,-0.26431273483169887,-0.6234845009186238,PET,OG,#7,-,-0.5326666030010309,0.4248650150045741,PP,HT,#1,#7,-0.1636242724434453,0.47145291389467625,PP,LT,#1,#6,-0.16811046174614458,1.5575150043806427,PP,SG,#3,-,-0.039178799051317985,-0.9125210175607154,PP,OG,#7,-,-0.26472449100437584,0.6748984865381441,PVC,HT,#1,#6,-0.47414946874676844,0.6320645081515524,PVC,LT,#1,#6,-0.4088850664874674,0.6552319347070953,PVC,SG,#3,-,-0.3944112074049024,-0.3744079390301937,PVC,OG,#8,-,-0.528358595361806,0.3595211945212359,PS,HT,#1,-,-0.2754115761655788,1.7024303958992903,PS,LT,#8,-,-0.20138071412416778,2.9708031849057353,PS,SG,#2,-,-0.13537634543770055,-0.7878748532393077,PS,OG,#6,-,-0.40385627655519046,0.9616615645564947,PE,HT,#1,#1,-0.15313835303360362,0.44984359742782326,PE,LT,#1,#6,-0.267345690253385,1.3856804243520702,PE,SG,#3,-,-0.10032688023096852,-1.0245524337144836,PE,OG,#3,-,-0.39911775317230747,0.8114759962172265,PE,HG,#3,-,-0.2665646804675248,1.1037105116025876,PET,HT,#8,#6,BA_1,-0.20991511620981188,PP,SG,#3,-,H2_1,-0.039178799051317985,PVC,SG,#3,-,H2_1,-0.3944112074049024,PS,SG,#2,-,FT_1,-0.13537634543770055,PE,SG,#3,-,H2_1,-0.10032688023096852,,,,
6,PET,HT,#1,#2,GASOLINE_1,1.9387772807686927,2.8543370469179927,68.71291008000001,-1.1212236702474234,-0.1305569722586161,-30.085254852114243,0.5621600829147384,Feed,Tech,Pathway1,Pathway2,Product,Unit treatment cost ($/kg),Unit CO2 emission (kgCO2eq/kg),Unit energy consumption (MJ/kg),Unit profit ($/kg),Unit CO2 reduction (kgCO2eq/kg),Unit energy recovery (MJ/kg),Energy efficiency,,,Scenario 1: H2 price = 1.5 $/kg,,,,,,,,,,,,,,,,,,,,,,,,,,,,,,,,,,,,,,,H2 - 3 $/KG,PET,HT,#8,#6,-0.20991511620981188,2.291238161589139,PET,LT,#8,#6,-0.4623729560932129,1.443722093385399,PET,SG,#2,-,-0.2623056266284257,-0.6234845009186238,PET,OG,#8,-,-0.5250159803185166,0.38926723568597493,PP,HT,#1,#9,-0.10756014086930207,1.6653103607690796,PP,LT,#1,#6,-0.17887950095860958,1.5575150043806427,PP,SG,#8,-,0.1088948064399112,-0.9383752013217321,PP,OG,#8,-,-0.2481186695142434,0.41159676229363173,PVC,HT,#1,#6,-0.47887517780517236,0.6320645081515524,PVC,LT,#1,#6,-0.4186251847809034,0.6552319347070953,PVC,SG,#3,-,-0.3340784793932234,-0.3744079390301937,PVC,OG,#8,-,-0.5010273658839809,0.3595211945212359,PS,HT,#1,-,-0.3179715761655788,1.7024303958992903,PS,LT,#8,-,-0.20538071412416783,2.9708031849057353,PS,SG,#3,-,-0.02734811696646943,-0.4999194784494999,PS,OG,#8,-,-0.3596612555363377,0.8652215176195511,PE,HT,#1,#3,-0.10811477176106224,0.7557794316413152,PE,LT,#1,#6,-0.2817072381025534,1.3856804243520702,PE,SG,#3,-,0.043269065846220374,-1.0245524337144836,PE,OG,#3,-,-0.323097237053379,0.8114759962172265,PE,HG,#3,-,-0.2757665204675247,1.1037105116025876,PET,HT,#8,#6,BA_1,-0.20991511620981188,PP,SG,#8,-,H2_1,0.1088948064399112,PVC,SG,#3,-,H2_1,-0.3340784793932234,PS,SG,#3,-,H2_1,-0.02734811696646943,PE,SG,#3,-,H2_1,0.043269065846220374,,,,
7,PET,HT,#1,#3,GASOLINE_1,1.3369801014377285,1.5250162065825181,49.1349391149461,-0.7194318993431383,0.8854616018764376,-18.16587216919389,0.6302860551694851,,,,,,,,,>-0.417800978854381,>0,,,,,,ZONE 1,ZONE 2,ZONE 3,ZONE 4,Total,,,,,,,,,,,,,,,,,,,,,,,,,,,,,,,,,,H2 - 3.5 $/KG,PET,HT,#8,#6,-0.20991511620981188,2.291238161589139,PET,LT,#8,#6,-0.4623729560932129,1.443722093385399,PET,SG,#3,-,-0.1848607621979127,-0.17433912819078834,PET,OG,#8,-,-0.4976895949105189,0.38926723568597493,PP,HT,#1,#9,-0.026295745540829217,1.6653103607690796,PP,LT,#1,#6,-0.1896485401710744,1.5575150043806427,PP,SG,#8,-,0.2610917730024791,-0.9383752013217321,PP,OG,#8,-,-0.1652848583815843,0.41159676229363173,PVC,HT,#1,#6,-0.4836008868635763,0.6320645081515524,PVC,LT,#1,#6,-0.42836530307433957,0.6552319347070953,PVC,SG,#3,-,-0.27374575138154444,-0.3744079390301937,PVC,OG,#8,-,-0.47369613640615565,0.3595211945212359,PS,HT,#1,-,-0.3605315761655788,1.7024303958992903,PS,LT,#8,-,-0.20938071412416775,2.9708031849057353,PS,SG,#3,-,0.08827466815458196,-0.4999194784494999,PS,OG,#8,-,-0.2990423167852454,0.8652215176195511,PE,HT,#1,#3,-0.032044832755114924,0.7557794316413152,PE,LT,#3,-,-0.2718574119990298,0.9785481835509807,PE,SG,#8,-,0.18835885256240956,-1.3992026301041844,PE,OG,#3,-,-0.2470767209344507,0.8114759962172265,PE,HG,#3,-,-0.2849683604675248,1.1037105116025876,PET,SG,#3,-,H2_1,-0.1848607621979127,PP,SG,#8,-,H2_1,0.2610917730024791,PVC,SG,#3,-,H2_1,-0.27374575138154444,PS,SG,#3,-,H2_1,0.08827466815458196,PE,SG,#8,-,H2_1,0.18835885256240956,,,,
8,PET,HT,#1,#4,GASOLINE_1,1.437122868001541,2.898137608513199,56.06236000000001,-0.9000206836199293,-0.5666232520546812,-26.637096785710725,0.5248666523187622,,,,,,,,,,,,,,,PET,23,6,18,171,218,,,,,,,,,,,,,,,,,,,,,,,,,,,,,,,,,,H2 - 4 $/KG,PET,HT,#8,#6,-0.20991511620981188,2.291238161589139,PET,LT,#8,#6,-0.4623729560932129,1.443722093385399,PET,SG,#3,-,-0.10601767942184097,-0.17433912819078834,PET,OG,#8,-,-0.47036320950252114,0.38926723568597493,PP,HT,#1,#9,0.054968649787643355,1.6653103607690796,PP,LT,#1,#6,-0.2004175793835394,1.5575150043806427,PP,SG,#8,-,0.4132887395650471,-0.9383752013217321,PP,OG,#8,-,-0.08245104724892514,0.41159676229363173,PVC,HT,#1,#6,-0.48832659592198047,0.6320645081515524,PVC,LT,#1,#6,-0.4381054213677756,0.6552319347070953,PVC,SG,#3,-,-0.21341302336986553,-0.3744079390301937,PVC,OG,#8,-,-0.4463649069283306,0.3595211945212359,PS,HT,#1,-,-0.40309157616557895,1.7024303958992903,PS,LT,#8,-,-0.21338071412416781,2.9708031849057353,PS,SG,#8,-,0.20639183948761172,-1.0569942778908483,PS,OG,#8,-,-0.23842337803415292,0.8652215176195511,PE,HT,#1,#3,0.04402510625083238,0.7557794316413152,PE,LT,#3,-,-0.2321151504647436,0.9785481835509807,PE,SG,#8,-,0.3433178339731749,-1.3992026301041844,PE,OG,#3,-,-0.17105620481552236,0.8114759962172265,PE,HG,#3,-,-0.29417020046752484,1.1037105116025876,PET,SG,#3,-,H2_1,-0.10601767942184097,PP,SG,#8,-,H2_1,0.4132887395650471,PVC,SG,#3,-,H2_1,-0.21341302336986553,PS,SG,#8,-,H2_1,0.20639183948761172,PE,SG,#8,-,H2_1,0.3433178339731749,,,,
9,PET,HT,#1,#5,GASOLINE_1,1.9961613958580857,3.3290169918194006,72.39855056,-1.1882291520059942,-0.6144411910004867,-34.117919560588156,0.5287485827176461,(ii),,,,,,,,,,,,,,PP,42,126,4,68,240,,,,,,,,,,,,,,,,,,,,,,,,,,,,,,,,,,H2 - 4.5 $/KG,PET,HT,#8,#6,-0.20991511620981188,2.291238161589139,PET,LT,#8,#6,-0.4623729560932129,1.443722093385399,PET,SG,#3,-,-0.027174596645769072,-0.17433912819078834,PET,OG,#8,-,-0.4430368240945235,0.38926723568597493,PP,HT,#1,#9,0.13623304511611622,1.6653103607690796,PP,LT,#3,-,-0.18165662117940287,0.34623151088971943,PP,SG,#8,-,0.5654857061276152,-0.9383752013217321,PP,OG,#8,-,0.0003827638837339009,0.41159676229363173,PVC,HT,#1,#6,-0.49305230498038416,0.6320645081515524,PVC,LT,#1,#6,-0.44784553966121154,0.6552319347070953,PVC,SG,#3,-,-0.15308029535818649,-0.3744079390301937,PVC,OG,#8,-,-0.4190336774505054,0.3595211945212359,PS,HT,#5,-,-0.4161352478424373,0.7339903301282361,PS,LT,#8,-,-0.2173807141241677,2.9708031849057353,PS,SG,#8,-,0.3321038271189278,-1.0569942778908483,PS,OG,#8,-,-0.17780443928306056,0.8652215176195511,PE,HT,#1,#3,0.1200950452567794,0.7557794316413152,PE,LT,#3,-,-0.19237288893045743,0.9785481835509807,PE,SG,#8,-,0.49827681538394064,-1.3992026301041844,PE,OG,#3,-,-0.0950356886965939,0.8114759962172265,PE,HG,#3,-,-0.30337204046752475,1.1037105116025876,PET,SG,#3,-,H2_1,-0.027174596645769072,PP,SG,#8,-,H2_1,0.5654857061276152,PVC,SG,#3,-,H2_1,-0.15308029535818649,PS,SG,#8,-,H2_1,0.3321038271189278,PE,SG,#8,-,H2_1,0.49827681538394064,,,,
10,PET,HT,#1,#6,GASOLINE_1,1.2259901472868147,1.0713747184307107,43.48483394832232,-0.6674735198775509,1.265779828841235,-13.155301743746131,0.6974737960508258,Feed,Tech,Pathway1,Pathway2,Product,Unit treatment cost ($/kg),Unit CO2 emission (kgCO2eq/kg),Unit energy consumption (MJ/kg),Unit profit ($/kg),Unit CO2 reduction (kgCO2eq/kg),Unit energy recovery (MJ/kg),Energy efficiency,,,PVC,7,2,47,184,240,,,,,,,,,,,,,,,,,,,,,,,,,,,,,,,,,,H2 - 5 $/KG,PET,HT,#8,#6,-0.20991511620981188,2.291238161589139,PET,LT,#8,#6,-0.4623729560932129,1.443722093385399,PET,SG,#3,-,0.05166848613030268,-0.17433912819078834,PET,OG,#8,-,-0.4157104386865258,0.38926723568597493,PP,HT,#1,#9,0.21749744044458938,1.6653103607690796,PP,LT,#3,-,-0.14941503880200585,0.34623151088971943,PP,SG,#8,-,0.717682672690183,-0.9383752013217321,PP,OG,#8,-,0.08321657501639322,0.41159676229363173,PVC,HT,#5,#6,-0.49498438281727103,0.2516539895414656,PVC,LT,#1,#6,-0.4575856579546476,0.6552319347070953,PVC,SG,#3,-,-0.09274756734650752,-0.3744079390301937,PVC,OG,#8,-,-0.3917024479726804,0.3595211945212359,PS,HT,#5,-,-0.40235669108771743,0.7339903301282361,PS,LT,#8,-,-0.2213807141241678,2.9708031849057353,PS,SG,#8,-,0.4578158147502435,-1.0569942778908483,PS,OG,#8,-,-0.11718550053196822,0.8652215176195511,PE,HT,#5,#3,0.2033391179720033,0.10261493153553575,PE,LT,#3,-,-0.15263062739617125,0.9785481835509807,PE,SG,#8,-,0.653235796794706,-1.3992026301041844,PE,OG,#8,-,-0.017619405967491418,0.6625168169771197,PE,HG,#3,-,-0.312573880467525,1.1037105116025876,PET,SG,#3,-,H2_1,0.05166848613030268,PP,SG,#8,-,H2_1,0.717682672690183,PVC,SG,#3,-,H2_1,-0.09274756734650752,PS,SG,#8,-,H2_1,0.4578158147502435,PE,SG,#8,-,H2_1,0.653235796794706,,,,
11,PET,HT,#1,#7,GASOLINE_1,1.3400596060277652,1.78038555044416,50.38876972784231,-0.7327988589701064,0.6246089350971102,-20.438800246530196,0.5943778671929604,,,,,,,,,>-0.417800978854381,<0,,,,,PS,15,11,2,10,38,,,,,,,,,,,,,,,,,,,,,,,,,,,,,,,,,,H2 - 5.5 $/KG,PET,HT,#8,#6,-0.20991511620981188,2.291238161589139,PET,LT,#8,#6,-0.4623729560932129,1.443722093385399,PET,SG,#3,-,0.13051156890637444,-0.17433912819078834,PET,OG,#8,-,-0.3883840532785281,0.38926723568597493,PP,HT,#9,-,0.3027575741676586,0.05814864894764602,PP,LT,#11,-,-0.1051566544291191,-1.5862516652060519,PP,SG,#8,-,0.869879639252751,-0.9383752013217321,PP,OG,#8,-,0.1660503861490524,0.41159676229363173,PVC,HT,#5,#6,-0.47984447636611094,0.2516539895414656,PVC,LT,#9,-,-0.44756174452998215,0.06697213800768584,PVC,SG,#3,-,-0.032414839334828686,-0.3744079390301937,PVC,OG,#8,-,-0.3643712184948553,0.3595211945212359,PS,HT,#5,-,-0.38857813433299726,0.7339903301282361,PS,LT,#8,-,-0.22538071412416782,2.9708031849057353,PS,SG,#8,-,0.5835278023815597,-1.0569942778908483,PS,OG,#8,-,-0.05656656178087573,0.8652215176195511,PE,HT,#5,#3,0.30911137482919115,0.10261493153553575,PE,LT,#3,-,-0.1128883658618851,0.9785481835509807,PE,SG,#8,-,0.8081947782054716,-1.3992026301041844,PE,OG,#8,-,0.062069855057257824,0.6625168169771197,PE,HG,#3,-,-0.32177572046752484,1.1037105116025876,PET,SG,#3,-,H2_1,0.13051156890637444,PP,SG,#8,-,H2_1,0.869879639252751,PVC,SG,#3,-,H2_1,-0.032414839334828686,PS,SG,#8,-,H2_1,0.5835278023815597,PE,SG,#8,-,H2_1,0.8081947782054716,,,,
12,PET,HT,#1,#8,GASOLINE_1,1.40730637233543,1.9026601369813916,52.46855822875432,-0.818608943608062,0.48916509652998,-22.755726140231175,0.5662978570705157,(iii),,,,,,,,,,,,,,PE,25,58,7,133,223,,,,,,,,,,,,,,,,,,,,,,,,,,,,,,,,,,,,,,,,,,,,,,,,,,,,,,,,,,,,,,,,,,,,,,,,,,,,,,,,,,,,,,,,,,,,,,,,,,,,,,,,,,,,,,,,,,,,,,,,,,,,,,,,,,,,,,,,,,,,,,,,,,,,,,,,,,,,,,,,,,,,,,,,,,,,,,,,,,,,,,,,,,,,,,,,,,
13,PET,HT,#1,#9,GASOLINE_1,1.3202637185347572,1.5962157821863792,49.3428831511922,-0.6983919992942067,0.8204183769608444,-19.07577895186111,0.6134036413435601,Feed,Tech,Pathway1,Pathway2,Product,Unit treatment cost ($/kg),Unit CO2 emission (kgCO2eq/kg),Unit energy consumption (MJ/kg),Unit profit ($/kg),Unit CO2 reduction (kgCO2eq/kg),Unit energy recovery (MJ/kg),Energy efficiency,,,,112,203,78,566,959,,,,,,,,,,,,,,,,,,,,,,,,,,,,,,,,,,,,,,,,,,,,,,,,,,,,,,,,,,,,,,,,,,,,,,,,,,,,,,,,,,,,,,,,,,,,,,,,,,,,,,,,,,,,,,,,,,,,,,,,,,,,,,,,,,,,,,,,,,,,,,,,,,,,,,,,,,,,,,,,,,,,,,,,,,,,,,,,,,,,,,,,,,,,,,,,,,
14,PET,HT,#1,#10,GASOLINE_1,1.4100257817295625,2.026370949142405,53.76382736272232,-0.8406711410052388,0.31671601905551316,-24.083995675050225,0.5520409007981247,,,,,,,,,<-0.417800978854381,>0,,,,,,,,,,,,,,,,,,,,,,,,,,,,,,,,,,,,,,,,,,,,,,,,,,,,,,,,,,,,,,,,,,,,,,,,,,,,,,,,,,,,,,,,,,,,,,,,,,,,,,,,,,,,,,,,,,,,,,,,,,,,,,,,,,,,,,,,,,,,,,,,,,,,,,,,,,,,,,,,,,,,,,,,,,,,,,,,,,,,,,,,,,,,,,,,,,,,,,,,,,,,
15,PET,HT,#1,#11,GASOLINE_1,1.4287680794823376,2.0364261290910526,54.108358532754316,-0.8442376313602518,0.3514809735390127,-24.404776951470215,0.5489647512279112,(iv),,,,,,,,,,,,,,Scenario 2: H2 price = 3.5 $/kg,,,,,,,,,,,,,,,,,,,,,,,,,,,,,,,,,,,,,,,,,,,,,,,,,,,,,,,,,,,,,,,,,,,,,,,,,,,,,,,,,,,,,,,,,,,,,,,,,,,,,,,,,,,,,,,,,,,,,,,,,,,,,,,,,,,,,,,,,,,,,,,,,,,,,,,,,,,,,,,,,,,,,,,,,,,,,,,,,,,,,,,,,,,,,,,,,,,,,,,
16,PET,HT,#2,#1,GASOLINE_1,1.5100034280268564,3.0005216573193945,54.7589094112,-0.9943345047131974,-0.40560872544388116,-26.10905312514116,0.5231999065379305,Feed,Tech,Pathway1,Pathway2,Product,Unit treatment cost ($/kg),Unit CO2 emission (kgCO2eq/kg),Unit energy consumption (MJ/kg),Unit profit ($/kg),Unit CO2 reduction (kgCO2eq/kg),Unit energy recovery (MJ/kg),Energy efficiency,,,,ZONE 1,ZONE 2,ZONE 3,ZONE 4,Total,,,,,,,,,,,,,,,,,,,,,,,,,,,,,,,,,,,,,,,,,,,,,,,,,,,,,,,,,,,,,,,,,,,,,,,,,,,,,,,,,,,,,,,,,,,,,,,,,,,,,,,,,,,,,,,,,,,,,,,,,,,,,,,,,,,,,,,,,,,,,,,,,,,,,,,,,,,,,,,,,,,,,,,,,,,,,,,,,,,,,,,,,,,,,,,,,,
17,PET,HT,#2,#2,GASOLINE_1,2.0966772090805823,3.5434562683292694,74.73158429120001,-1.344818559480854,-0.623544500774234,-37.146621073656824,0.5029327770048224,,,,,,,,,<-0.417800978854381,<0,,,,,PET,15,9,26,168,218,,,,,,,,,,,,,,,,,,,,,,,,,,,,,,,,,,,,,,,,,,,,,,,,,,,,,,,,,,,,,,,,,,,,,,,,,,,,,,,,,,,,,,,,,,,,,,,,,,,,,,,,,,,,,,,,,,,,,,,,,,,,,,,,,,,,,,,,,,,,,,,,,,,,,,,,,,,,,,,,,,,,,,,,,,,,,,,,,,,,,,,,,,,,,,,,,,
18,PET,HT,#2,#3,GASOLINE_1,1.494880029749619,2.2141354279937944,55.153613326146086,-0.9430267885765704,0.3924740733608204,-25.22723839073648,0.5426004413970594,,,,,,,,,,,,,,,PP,46,147,0,47,240,,,,,,,,,,,,,,,,,,,,,,,,,,,,,,,,,,,,,,,,,,,,,,,,,,,,,,,,,,,,,,,,,,,,,,,,,,,,,,,,,,,,,,,,,,,,,,,,,,,,,,,,,,,,,,,,,,,,,,,,,,,,,,,,,,,,,,,,,,,,,,,,,,,,,,,,,,,,,,,,,,,,,,,,,,,,,,,,,,,,,,,,,,,,,,,,,,
19,PET,HT,#2,#4,GASOLINE_1,1.59502279631343,3.5872568299244754,62.08103421119999,-1.1236155728533597,-1.0596107805702983,-33.69846300725331,0.45718586303490105,,,,,,,,,,,,,,,PVC,7,4,47,182,240,,,,,,,,,,,,,,,,,,,,,,,,,,,,,,,,,,,,,,,,,,,,,,,,,,,,,,,,,,,,,,,,,,,,,,,,,,,,,,,,,,,,,,,,,,,,,,,,,,,,,,,,,,,,,,,,,,,,,,,,,,,,,,,,,,,,,,,,,,,,,,,,,,,,,,,,,,,,,,,,,,,,,,,,,,,,,,,,,,,,,,,,,,,,,,,,,,
20,PET,HT,#2,#5,GASOLINE_1,2.1540613241699766,4.018136213230677,78.41722477119998,-1.4118240412394267,-1.1074287195161039,-41.179285782130734,0.47486938102845866,,,,,,,,,,,,,,,PS,16,12,1,9,38,,,,,,,,,,,,,,,,,,,,,,,,,,,,,,,,,,H2 - 5.5 $/KG,Feed,Tech,Pathway1,Pathway2,Unit profit ($/kg),Unit CO2 reduction (kgCO2eq/kg),Feed,Tech,Pathway1,Pathway2,Unit profit ($/kg),Unit CO2 reduction (kgCO2eq/kg),Feed,Tech,Pathway1,Pathway2,Unit profit ($/kg),Unit CO2 reduction (kgCO2eq/kg),Feed,Tech,Pathway1,Pathway2,Unit profit ($/kg),Unit CO2 reduction (kgCO2eq/kg),Feed,Tech,Pathway1,Pathway2,Unit profit ($/kg),Unit CO2 reduction (kgCO2eq/kg),Feed,Tech,Pathway1,Pathway2,Unit profit ($/kg),Unit CO2 reduction (kgCO2eq/kg),Feed,Tech,Pathway1,Pathway2,Unit profit ($/kg),Unit CO2 reduction (kgCO2eq/kg),Feed,Tech,Pathway1,Pathway2,Unit profit ($/kg),Unit CO2 reduction (kgCO2eq/kg),Feed,Tech,Pathway1,Pathway2,Unit profit ($/kg),Unit CO2 reduction (kgCO2eq/kg),Feed,Tech,Pathway1,Pathway2,Unit profit ($/kg),Unit CO2 reduction (kgCO2eq/kg),Feed,Tech,Pathway1,Pathway2,Unit profit ($/kg),Unit CO2 reduction (kgCO2eq/kg),Feed,Tech,Pathway1,Pathway2,Unit profit ($/kg),Unit CO2 reduction (kgCO2eq/kg),Feed,Tech,Pathway1,Pathway2,Unit profit ($/kg),Unit CO2 reduction (kgCO2eq/kg),Feed,Tech,Pathway1,Pathway2,Unit profit ($/kg),Unit CO2 reduction (kgCO2eq/kg),Feed,Tech,Pathway1,Pathway2,Unit profit ($/kg),Unit CO2 reduction (kgCO2eq/kg),Feed,Tech,Pathway1,Pathway2,Unit profit ($/kg),Unit CO2 reduction (kgCO2eq/kg),Feed,Tech,Pathway1,Pathway2,Unit profit ($/kg),Unit CO2 reduction (kgCO2eq/kg),Feed,Tech,Pathway1,Pathway2,Unit profit ($/kg),Unit CO2 reduction (kgCO2eq/kg),Feed,Tech,Pathway1,Pathway2,Unit profit ($/kg),Unit CO2 reduction (kgCO2eq/kg),Feed,Tech,Pathway1,Pathway2,Unit profit ($/kg),Unit CO2 reduction (kgCO2eq/kg),Feed,Tech,Pathway1,Pathway2,Unit profit ($/kg),Unit CO2 reduction (kgCO2eq/kg),Feed,Tech,Pathway1,Pathway2,Product,Unit profit ($/kg),Feed,Tech,Pathway1,Pathway2,Product,Unit profit ($/kg),Feed,Tech,Pathway1,Pathway2,Product,Unit profit ($/kg),Feed,Tech,Pathway1,Pathway2,Product,Unit profit ($/kg),Feed,Tech,Pathway1,Pathway2,Product,Unit profit ($/kg),Feed,Tech,Unit profit ($/kg),Unit CO2 reduction (kgCO2eq/kg)
21,PET,HT,#2,#6,GASOLINE_1,1.3838900755987054,1.760493939841987,49.50350815952231,-0.8910684091109831,0.7727923003256173,-20.21666796528872,0.5916114086270082,,,,,,,,,,,,,,,PE,22,84,10,107,223,,,,,,,,,,,,,,,,,,,,,,,,,,,,,,,,,,,PET,HT,#8,#6,-0.20991511620981188,2.291238161589139,PET,LT,#8,#6,-0.4623729560932129,1.443722093385399,PET,SG,#3,-,0.13051156890637444,-0.17433912819078834,PET,OG,#8,-,-0.3883840532785281,0.38926723568597493,PP,HT,#9,-,0.3027575741676586,0.05814864894764602,PP,LT,#11,-,-0.1051566544291191,-1.5862516652060519,PP,SG,#8,-,0.869879639252751,-0.9383752013217321,PP,OG,#8,-,0.1660503861490524,0.41159676229363173,PVC,HT,#5,#6,-0.47984447636611094,0.2516539895414656,PVC,LT,#9,-,-0.44756174452998215,0.06697213800768584,PVC,SG,#3,-,-0.032414839334828686,-0.3744079390301937,PVC,OG,#8,-,-0.3643712184948553,0.3595211945212359,PS,HT,#5,-,-0.38857813433299726,0.7339903301282361,PS,LT,#8,-,-0.22538071412416782,2.9708031849057353,PS,SG,#8,-,0.5835278023815597,-1.0569942778908483,PS,OG,#8,-,-0.05656656178087573,0.8652215176195511,PE,HT,#5,#3,0.30911137482919115,0.10261493153553575,PE,LT,#3,-,-0.1128883658618851,0.9785481835509807,PE,SG,#8,-,0.8081947782054716,-1.3992026301041844,PE,OG,#8,-,0.062069855057257824,0.6625168169771197,PE,HG,#3,-,-0.32177572046752484,1.1037105116025876,PET,SG,#3,-,H2_1,0.13051156890637444,PP,SG,#8,-,H2_1,0.869879639252751,PVC,SG,#3,-,H2_1,-0.032414839334828686,PS,SG,#8,-,H2_1,0.5835278023815597,PE,SG,#8,-,H2_1,0.8081947782054716,PET,HT,-0.20991511620981188,2.291238161589139
22,PET,HT,#2,#7,GASOLINE_1,1.4979595343396548,2.469504771855436,56.4074439390423,-0.9563937482035373,0.1316214065814927,-27.500166468072788,0.5124727421119928,PET,HT,,,,,,,,,,,,,,106,256,84,513,959,,,,,,,,,,,,,,,,,,,,,,,,,,,,,,,,,,,,,,,,,,,,,,,,,,,,,,,,,,,,,,,,,,,,,,,,,,,,,,,,,,,,,,,,,,,,,,,,,,,,,,,,,,,,,,,,,,,,,,,,,,,,,,,,,,,,,,,,,,,,,,,,,,,,,,,,,,,,,,,,,,,,,,,,,,,,,,,,,,,,,,,,,,,,,,,PET,LT,-0.4623729560932129,1.443722093385399
23,PET,HT,#2,#8,GASOLINE_1,1.5652063006473196,2.5917793583926683,58.48723243995431,-1.0422038328414929,-0.0038224319856375454,-29.817092361773756,0.4901948490658134,Feed,Tech,Pathway1,Pathway2,Product,Unit treatment cost ($/kg),Unit CO2 emission (kgCO2eq/kg),Unit energy consumption (MJ/kg),Unit profit ($/kg),Unit CO2 reduction (kgCO2eq/kg),Unit energy recovery (MJ/kg),Energy efficiency,,,,,,,,,,,,,,,,,,,,,,,,,,,,,,,,,,,,,,,,,,,,,,,,,,,,,,,,,,,,,,,,,,,,,,,,,,,,,,,,,,,,,,,,,,,,,,,,,,,,,,,,,,,,,,,,,,,,,,,,,,,,,,,,,,,,,,,,,,,,,,,,,,,,,,,,,,,,,,,,,,,,,,,,,,,,,,,,,,,,,,,,,,,,,,,,,,,,,,,PET,SG,0.13051156890637444,-0.17433912819078834
24,PET,HT,#2,#9,GASOLINE_1,1.4781636468466466,2.2853350035976554,55.361557362392205,-0.9219868885276375,0.32743084844522685,-26.13714517340372,0.5278827688622971,PET,HT,#1,#6,GASOLINE_1,0.7896273017589682,0.9470139275923507,41.012723108962305,-0.09332265879999824,1.3991690161984476,-11.886067880828215,0.7101858403976397,,,Scenario 3: H2 price = 5.5 $/kg,,,,,,,,,,,,,,,,,,,,,,,,,,,,,,,,,,,,,,,,,,,,,,,,,,,,,,,,,,,,,,,,,,,,,,,,,,,,,,,,,,,,,,,,,,,,,,,,,,,,,,,,,,,,,,,,,,,,,,,,,,,,,,,,,,,,,,,,,,,,,,,,,,,,,,,,,,,,,,,,,,,,,,,,,,,,,,,,,,,,,,,,,,,,,,,,,,,,PET,OG,-0.3883840532785281,0.38926723568597493
25,PET,HT,#2,#10,GASOLINE_1,1.5679257100414523,2.7154901705536805,59.78250157392231,-1.06426603023867,-0.1762715094601035,-31.145361896592817,0.47902210384955324,,,,,,,,,,,,,,,,ZONE 1,ZONE 2,ZONE 3,ZONE 4,Total,,,,,,,,,,,,,,,,,,,,,,,,,,,,,,,,,,,,,,,,,,,,,,,,,,,,,,,,,,,,,,,,,,,,,,,,,,,,,,,,,,,,,,,,,,,,,,,,,,,,,,,,,,,,,,,,,,,,,,,,,,,,,,,,,,,,,,,,,,,,,,,,,,,,,,,,,,,,,,,,,,,,,,,,,,,,,,,,,,,,,,,,,,,,,,,PP,HT,0.3027575741676586,0.05814864894764602
26,PET,HT,#2,#11,GASOLINE_1,1.5866680077942281,2.725545350502329,60.1270327439543,-1.0678325205936838,-0.14150655497660516,-31.4661431730128,0.47667227639506826,,,,,,,,,,,,,,,PET,16,11,25,166,218,,,,,,,,,,,,,,,,,,,,,,,,,,,,,,,,,,,,,,,,,,,,,,,,,,,,,,,,,,,,,,,,,,,,,,,,,,,,,,,,,,,,,,,,,,,,,,,,,,,,,,,,,,,,,,,,,,,,,,,,,,,,,,,,,,,,,,,,,,,,,,,,,,,,,,,,,,,,,,,,,,,,,,,,,,,,,,,,,,,,,,,,,,,,,,,PP,LT,-0.1051566544291191,-1.5862516652060519
27,PET,HT,#3,#1,GASOLINE_1,1.6075171061649605,3.770354300835437,62.508480784479666,-0.9230280952129549,-1.2181951830324365,-33.07696539675728,0.4708403566741296,,,,,,,,,,,,,,,PP,46,156,0,38,240,,,,,,,,,,,,,,,,,,,,,,,,,,,,,,,,,,,,,,,,,,,,,,,,,,,,,,,,,,,,,,,,,,,,,,,,,,,,,,,,,,,,,,,,,,,,,,,,,,,,,,,,,,,,,,,,,,,,,,,,,,,,,,,,,,,,,,,,,,,,,,,,,,,,,,,,,,,,,,,,,,,,,,,,,,,,,,,,,,,,,,,,,,,,,,,PP,SG,0.869879639252751,-0.9383752013217321
28,PET,HT,#3,#2,GASOLINE_1,2.194190887218686,4.313288911845313,82.48115566447967,-1.273512149980611,-1.4361309583627904,-44.11453334527295,0.4651562167154409,,,,,,,,,,,,,,,PVC,13,19,41,167,240,,,,,,,,,,,,,,,,,,,,,,,,,,,,,,,,,,,,,,,,,,,,,,,,,,,,,,,,,,,,,,,,,,,,,,,,,,,,,,,,,,,,,,,,,,,,,,,,,,,,,,,,,,,,,,,,,,,,,,,,,,,,,,,,,,,,,,,,,,,,,,,,,,,,,,,,,,,,,,,,,,,,,,,,,,,,,,,,,,,,,,,,,,,,,,,PP,OG,0.1660503861490524,0.41159676229363173
29,PET,HT,#3,#3,GASOLINE_1,1.5923937078877217,2.983968071509837,62.90318469942577,-0.8717203790763264,-0.4201123842277342,-32.19515066235262,0.4881793216640346,,,,,,,,,,,,,,,PS,16,13,1,8,38,,,,,,,,,,,,,,,,,,,,,,,,,,,,,,,,,,,,,,,,,,,,,,,,,,,,,,,,,,,,,,,,,,,,,,,,,,,,,,,,,,,,,,,,,,,,,,,,,,,,,,,,,,,,,,,,,,,,,,,,,,,,,,,,,,,,,,,,,,,,,,,,,,,,,,,,,,,,,,,,,,,,,,,,,,,,,,,,,,,,,,,,,,,,,,,PVC,HT,-0.47984447636611094,0.2516539895414656
30,PET,HT,#3,#4,GASOLINE_1,1.692536474451534,4.357089473440518,69.83060558447967,-1.052309163353117,-1.8721972381588536,-40.666375278869445,0.41764252309580674,,,,,,,,,,,,,,,PE,15,104,17,87,223,,,,,,,,,,,,,,,,,,,,,,,,,,,,,,,,,,,,,,,,,,,,,,,,,,,,,,,,,,,,,,,,,,,,,,,,,,,,,,,,,,,,,,,,,,,,,,,,,,,,,,,,,,,,,,,,,,,,,,,,,,,,,,,,,,,,,,,,,,,,,,,,,,,,,,,,,,,,,,,,,,,,,,,,,,,,,,,,,,,,,,,,,,,,,,,PVC,LT,-0.44756174452998215,0.06697213800768584
31,PET,HT,#3,#5,GASOLINE_1,2.2515750023080807,4.787968856746719,86.16679614447966,-1.340517631739184,-1.9200151771046592,-48.14719805374687,0.4412325836855261,,,,,,,,,,,,,,,,106,303,84,466,959,,,,,,,,,,,,,,,,,,,,,,,,,,,,,,,,,,,,,,,,,,,,,,,,,,,,,,,,,,,,,,,,,,,,,,,,,,,,,,,,,,,,,,,,,,,,,,,,,,,,,,,,,,,,,,,,,,,,,,,,,,,,,,,,,,,,,,,,,,,,,,,,,,,,,,,,,,,,,,,,,,,,,,,,,,,,,,,,,,,,,,,,,,,,,,,PVC,SG,-0.032414839334828686,-0.3744079390301937
32,PET,HT,#3,#6,GASOLINE_1,1.4814037537368099,2.5303265833580295,57.25307953280199,-0.8197619996107403,-0.039794157262937425,-27.184580236904868,0.5251857112536625,,,,,,,,,,,,,,,,,,,,,,,,,,,,,,,,,,,,,,,,,,,,,,,,,,,,,,,,,,,,,,,,,,,,,,,,,,,,,,,,,,,,,,,,,,,,,,,,,,,,,,,,,,,,,,,,,,,,,,,,,,,,,,,,,,,,,,,,,,,,,,,,,,,,,,,,,,,,,,,,,,,,,,,,,,,,,,,,,,,,,,,,,,,,,,,,,,,,,,,,,,,,,,,,,,,PVC,OG,-0.3643712184948553,0.3595211945212359
33,PET,HT,#3,#7,GASOLINE_1,1.5954732124777589,3.239337415371478,64.15701531232197,-0.8850873387032948,-0.6809650510070616,-34.46807873968891,0.46275432901771874,,,,,,,,,,,,,,,,,,,,,,,,,,,,,,,,,,,,,,,,,,,,,,,,,,,,,,,,,,,,,,,,,,,,,,,,,,,,,,,,,,,,,,,,,,,,,,,,,,,,,,,,,,,,,,,,,,,,,,,,,,,,,,,,,,,,,,,,,,,,,,,,,,,,,,,,,,,,,,,,,,,,,,,,,,,,,,,,,,,,,,,,,,,,,,,,,,,,,,,,,,,,,,,,,,,PS,HT,-0.38857813433299726,0.7339903301282361
34,PET,HT,#3,#8,GASOLINE_1,1.6627199787854237,3.3616120019087106,66.23680381323398,-0.9708974233412503,-0.8164088895741922,-36.785004633389896,0.4446440269504622,,,,,,,,,,,,,,,,,,,,,,,,,,,,,,,,,,,,,,,,,,,,,,,,,,,,,,,,,,,,,,,,,,,,,,,,,,,,,,,,,,,,,,,,,,,,,,,,,,,,,,,,,,,,,,,,,,,,,,,,,,,,,,,,,,,,,,,,,,,,,,,,,,,,,,,,,,,,,,,,,,,,,,,,,,,,,,,,,,,,,,,,,,,,,,,,,,,,,,,,,,,,,,,,,,,PS,LT,-0.22538071412416782,2.9708031849057353
35,PET,HT,#3,#9,GASOLINE_1,1.5756773249847502,3.0551676471136977,63.111128735671876,-0.8506804790273942,-0.48515560914332745,-33.10505744501984,0.4754481799291906,,,,,,,,,,,,,,,,,,,,,,,,,,,,,,,,,,,,,,,,,,,,,,,,,,,,,,,,,,,,,,,,,,,,,,,,,,,,,,,,,,,,,,,,,,,,,,,,,,,,,,,,,,,,,,,,,,,,,,,,,,,,,,,,,,,,,,,,,,,,,,,,,,,,,,,,,,,,,,,,,,,,,,,,,,,,,,,,,,,,,,,,,,,,,,,,,,,,,,,,,,,,,,,,,,,PS,SG,0.5835278023815597,-1.0569942778908483
36,PET,HT,#3,#10,GASOLINE_1,1.6654393881795557,3.4853228140697237,67.53207294720198,-0.9929596207384267,-0.9888579670486587,-38.11327416820894,0.4356270657054061,,,,,,,,,,,,,,,,,,,,,,,,,,,,,,,,,,,,,,,,,,,,,,,,,,,,,,,,,,,,,,,,,,,,,,,,,,,,,,,,,,,,,,,,,,,,,,,,,,,,,,,,,,,,,,,,,,,,,,,,,,,,,,,,,,,,,,,,,,,,,,,,,,,,,,,,,,,,,,,,,,,,,,,,,,,,,,,,,,,,,,,,,,,,,,,,,,,,,,,,,,,,,,,,,,,PS,OG,-0.05656656178087573,0.8652215176195511
37,PET,HT,#3,#11,GASOLINE_1,1.6841816859323322,3.495377994018371,67.87660411723398,-0.9965261110934411,-0.9540930125651592,-38.43405544462894,0.4337657880136866,,,,,,,,,,,,,,,,,,,,,,,,,,,,,,,,,,,,,,,,,,,,,,,,,,,,,,,,,,,,,,,,,,,,,,,,,,,,,,,,,,,,,,,,,,,,,,,,,,,,,,,,,,,,,,,,,,,,,,,,,,,,,,,,,,,,,,,,,,,,,,,,,,,,,,,,,,,,,,,,,,,,,,,,,,,,,,,,,,,,,,,,,,,,,,,,,,,,,,,,,,,,,,,,,,,PE,HT,0.30911137482919115,0.10261493153553575
38,PET,HT,#4,#1,GASOLINE_1,1.6772490261439994,4.106990329549101,65.32884544539166,-1.0073750482785817,-1.501638565037117,-36.59757399604756,0.43979456935850114,,,,,,,,,,,,,,,,,,,,,,,,,,,,,,,,,,,,,,,,,,,,,,,,,,,,,,,,,,,,,,,,,,,,,,,,,,,,,,,,,,,,,,,,,,,,,,,,,,,,,,,,,,,,,,,,,,,,,,,,,,,,,,,,,,,,,,,,,,,,,,,,,,,,,,,,,,,,,,,,,,,,,,,,,,,,,,,,,,,,,,,,,,,,,,,,,,,,,,,,,,,,,,,,,,,PE,LT,-0.1128883658618851,0.9785481835509807
39,PET,HT,#4,#2,GASOLINE_1,2.263922807197725,4.649924940558976,85.30152032539166,-1.3578591030462381,-1.7195743403674697,-47.635141944563216,0.44156749184710964,,,,,,,Aromatics,2,Aromatics,2,,,,,,,,,,,Aromatics,0,Aromatics,0,,,,,,,,,,,Aromatics,27,Aromatics,27,,,,,,,,,,Aromatics,13,Aromatics,13,,,,,,,,,,,,,,,,,,,,,,,,,,,,,,,,,,,,,,,,,,,,,,,,,,,,,,,,,,,,,,,,,,,,,,,,,,,,,,,,,,,,,,,,,,,,,,,,,,,,,,,,,,,,,,,,,,,,,,,,,,,,,,,,,,,,,,,,,,,,,,,,,,,,,,,,,,,,,,,,PE,SG,0.8081947782054716,-1.3992026301041844
40,PET,HT,#4,#3,GASOLINE_1,1.6621256278667604,3.320604100223501,65.72354936033777,-0.9560673321419532,-0.7035557662324154,-35.715759261642894,0.45657592127554353,,,,,,,BA_1,8,Benzoic acid,8,,,,,,,,,,,BA_1,0,Benzoic acid,0,,,,,,,,,,,BA_1,10,Benzoic acid,10,,,,,,,,,,BA_1,2,Benzoic acid,2,,,,,,,,,,,,,,,,,,,,,,,,,,,,,,,,,,,,,,,,,,,,,,,,,,,,,,,,,,,,,,,,,,,,,,,,,,,,,,,,,,,,,,,,,,,,,,,,,,,,,,,,,,,,,,,,,,,,,,,,,,,,,,,,,,,,,,,,,,,,,,,,,,,,,,,,,,,,,,,,PE,OG,0.062069855057257824,0.6625168169771197
41,PET,HT,#4,#4,GASOLINE_1,1.762268394430573,4.693725502154182,72.65097024539166,-1.1366561164187436,-2.1556406201635347,-44.186983878159715,0.39179086350932046,,,,,,,DIESEL_1,24,Diesel,24,,,,,,,,,,,DIESEL_1,7,Diesel,7,,,,,,,,,,,DIESEL_1,28,Diesel,28,,,,,,,,,,DIESEL_1,79,Diesel,79,,,,,,,,,,,,,,,,,,,,,,,,,,,,,,,,,,,,,,,,,,,,,,,,,,,,,,,,,,,,,,,,,,,,,,,,,,,,,,,,,,,,,,,,,,,,,,,,,,,,,,,,,,,,,,,,,,,,,,,,,,,,,,,,,,,,,,,,,,,,,,,,,,,,,,,,,,,,,,,,PE,HG,-0.32177572046752484,1.1037105116025876
42,PET,HT,#4,#5,GASOLINE_1,2.3213069222871194,5.124604885460384,88.98716080539165,-1.424864584804811,-2.2034585591093405,-51.66780665303714,0.4193790858657597,,,,,,,FT_1,5,FT fuel,5,,,,,,,,,,,FT_1,24,FT fuel,25,,,,,,,,,,,FT_1,10,FT fuel,10,,,,,,,,,,FT_1,118,FT fuel,119,,,,,,,,,,,,,,,,,,,,,,,,,,,,,,,,,,,,,,,,,,,,,,,,,,,,,,,,,,,,,,,,,,,,,,,,,,,,,,,,,,,,,,,,,,,,,,,,,,,,,,,,,,,,,,,,,,,,,,,,,,,,,,,,,,,,,,,,,,,,,,,,,,,,,,,,,,,,,,,,,,-0.017290836969265873,0.3409502313594345
43,PET,HT,#4,#6,GASOLINE_1,1.5511356737158486,2.8669626120716933,60.07344419371398,-0.9041089526763673,-0.32323753926761867,-30.70518883619514,0.488872508505046,,,,,,,FT_4,0,Gasoline,19,,,,,,,,,,,FT_4,1,Gasoline,0,,,,,,,,,,,FT_4,0,Gasoline,44,,,,,,,,,,FT_4,1,Gasoline,132,,,,,,,,,,,,,,,,,,,,,,,,,,,,,,,,,,,,,,,,,,,,,,,,,,,,,,,,,,,,,,,,,,,,,,,,,,,,,,,,,,,,,,,,,,,,,,,,,,,,,,,,,,,,,,,,,,,,,,,,,,,,,,,,,,,,,,,,,,,,,,,,,,,,,,,,,,,,,,,,,,,
44,PET,HT,#4,#7,GASOLINE_1,1.6652051324567976,3.575973444085142,66.97737997323398,-0.9694342917689215,-0.9644084330117428,-37.98868733897919,0.43281317731209357,,,,,,,GASOLINE_1,19,Hydrogen,0,,,,,,,,,,,GASOLINE_1,0,Hydrogen,4,,,,,,,,,,,GASOLINE_1,44,Hydrogen,26,,,,,,,,,,GASOLINE_1,132,Hydrogen,18,,,,,,,,,,,,,,,,,,,,,,,,,,,,,,,,,,,,,,,,,,,,,,,,,,,,,,,,,,,,,,,,,,,,,,,,,,,,,,,,,,,,,,,,,,,,,,,,,,,,,,,,,,,,,,,,,,,,,,,,,,,,,,,,,,,,,,,,,,,,,,,,,,,,,,,,,,,,,,,,,,,
45,PET,HT,#4,#8,GASOLINE_1,1.7324518987644624,3.698248030622374,69.05716847414598,-1.0552443764068768,-1.0998522715788728,-40.305613232680166,0.4163442532722723,PET,9,,HT,37,,H2_1,0,MeOH,10,,,,,PET,3,,HT,30,,H2_1,4,MeOH,22,,,,,PET,45,,HT,96,,H2_1,26,MeOH,15,,,,PET,161,,HT,275,,H2_1,18,MeOH,179,,,,,,,,,,,,,,,,,,,,,,,,,,,,,,,,,,,,,,,,,,,,,,,,,,,,,,,,,,,,,,,,,,,,,,,,,,,,,,,,,,,,,,,,,,,,,,,,,,,,,,,,,,,,,,,,,,,,,,,,,,,,,,,,,,,,,,,,,,,,,,,,,,,,,,,,,,,,,,,,,,,
46,PET,HT,#4,#9,GASOLINE_1,1.6454092449637898,3.3918036758273615,65.93149339658387,-0.935027432093022,-0.7685989911480084,-36.62566604431012,0.4444890573916863,PP,48,,LT,56,,MeOH_1,10,Olefins,12,,,,,PP,27,,LT,6,,MeOH_1,22,Olefins,0,,,,,PP,42,,LT,112,,MeOH_1,15,Olefins,14,,,,PP,123,,LT,242,,MeOH_1,179,Olefins,0,,,,,,,,,,,,,,,,,,,,,,,,,,,,,,,,,,,,,,,,,,,,,,,,,,,,,,,,,,,,,,,,,,,,,,,,,,,,,,,,,,,,,,,,,,,,,,,,,,,,,,,,,,,,,,,,,,,,,,,,,,,,,,,,,,,,,,,,,,,,,,,,,,,,,,,,,,,,,,,,,,,
47,PET,HT,#4,#10,GASOLINE_1,1.7351713081585947,3.821958842783388,70.35243760811397,-1.077306573804054,-1.27230134905334,-41.63388276749922,0.4082098050473598,PVC,1,,SG,0,,Olefin,12,WAX,8,,,,,PVC,0,,SG,19,,Olefin,0,WAX,0,,,,,PVC,63,,SG,0,,Olefin,14,WAX,45,,,,PVC,176,,SG,31,,Olefin,0,WAX,26,,,,,,,,,,,,,,,,,,,,,,,,,,,,,,,,,,,,,,,,,,,,,,,,,,,,,,,,,,,,,,,,,,,,,,,,,,,,,,,,,,,,,,,,,,,,,,,,,,,,,,,,,,,,,,,,,,,,,,,,,,,,,,,,,,,,,,,,,,,,,,,,,,,,,,,,,,,,,,,,,,,
48,PET,HT,#4,#11,GASOLINE_1,1.7539136059113714,3.832014022732035,70.69696877814597,-1.0808730641590683,-1.2375363945698403,-41.9546640439192,0.40655639458069187,PS,8,,OG,5,,WAX_1,8,Jet fuel,13,,,,,PS,5,,OG,1,,WAX_1,0,Jet fuel,0,,,,,PS,10,,OG,18,,WAX_1,45,Jet fuel,7,,,,PS,15,,OG,26,,WAX_1,26,Jet fuel,6,,,,,,,,,,,,,,,,,,,,,,,,,,,,,,,,,,,,,,,,,,,,,,,,,,,,,,,,,,,,,,,,,,,,,,,,,,,,,,,,,,,,,,,,,,,,,,,,,,,,,,,,,,,,,,,,,,,,,,,,,,,,,,,,,,,,,,,,,,,,,,,,,,,,,,,,,,,,,,,,,,,
49,PET,HT,#5,#1,GASOLINE_1,1.5163999201761371,3.594047105875734,61.652792685229514,-0.6962576977109447,-0.8412607415551913,-30.685476778317536,0.502285696367668,PE,35,,HG,3,,JET FUEL_1,13,,101,,,,,PE,23,,HG,2,,JET FUEL_1,0,,58,,,,,PE,66,,HG,0,,JET FUEL_1,7,,226,,,,PE,99,,HG,0,,JET FUEL_1,6,,574,,,,,,,,,,,,,,,,,,,,,,,,,,,,,,,,,,,,,,,,,,,,,,,,,,,,,,,,,,,,,,,,,,,,,,,,,,,,,,,,,,,,,,,,,,,,,,,,,,,,,,,,,,,,,,,,,,,,,,,,,,,,,,,,,,,,,,,,,,,,,,,,,,,,,,,,,,,,,,,,,,,
50,PET,HT,#5,#2,GASOLINE_1,2.1030737012298624,4.13698171688561,81.62546756522953,-1.0467417524786014,-1.0591965168855453,-41.72304472683321,0.4888477092827555,,101,,,101,,,101,,,,,,,,58,,,58,,,58,,,,,,,,226,,,226,,,226,,,,,,,574,,,574,,,574,,,,,,,,,,,,,,,,,,,,,,,,,,,,,,,,,,,,,,,,,,,,,,,,,,,,,,,,,,,,,,,,,,,,,,,,,,,,,,,,,,,,,,,,,,,,,,,,,,,,,,,,,,,,,,,,,,,,,,,,,,,,,,,,,,,,,,,,,,,,,,,,,,,,,,,,,,,,,,,,,,,,,
51,PET,HT,#5,#3,GASOLINE_1,1.5012765218988997,2.8076608765501345,62.0474966001756,-0.6449499815743177,-0.04317794275049001,-29.80366204391286,0.51966374669452,,,,,,,,,,,,,,,,,,,,,,,,,,,,,,,,,,,,,,,,,,,,,,,,,,,,,,,,,,,,,,,,,,,,,,,,,,,,,,,,,,,,,,,,,,,,,,,,,,,,,,,,,,,,,,,,,,,,,,,,,,,,,,,,,,,,,,,,,,,,,,,,,,,,,,,,,,,,,,,,,,,,,,,,,,,,,,,,,,,,,,,,,,,,,,,,,,,,,,,,,,,,,,,,,,,,,,
52,PET,HT,#5,#4,GASOLINE_1,1.6014192884627108,4.180782278480817,68.97491748522953,-0.8255387658511071,-1.4952627966816103,-38.27488666042971,0.44508977964887025,(i),,,,,,,,,,,,,,(ii),,,,,,,,,,,,,,(iii),,,,,,,,,,,,,(iv),,,,,,,,,,,,,,,,,,,,,,,,,,,,,,,,,,,,,,,,,,,,,,,,,,,,,,,,,,,,,,,,,,,,,,,,,,,,,,,,,,,,,,,,,,,,,,,,,,,,,,,,,,,,,,,,,,,,,,,,,,,,,,,,,,,,,,,,,,,,,,,,,,,,,,,,,,,,,,,,,,,,,,,,,,,,
53,PET,HT,#5,#5,GASOLINE_1,2.160457816319257,4.611661661787017,85.31110804522952,-1.1137472342371737,-1.5430807356274145,-45.75570943530713,0.46366058906363333,Feed,Tech,Pathway1,Pathway2,Product,Unit treatment cost ($/kg),Unit CO2 emission (kgCO2eq/kg),Unit energy consumption (MJ/kg),Unit profit ($/kg),Unit CO2 reduction (kgCO2eq/kg),Unit energy recovery (MJ/kg),Energy efficiency,,,Feed,Tech,Pathway1,Pathway2,Product,Unit treatment cost ($/kg),Unit CO2 emission (kgCO2eq/kg),Unit energy consumption (MJ/kg),Unit profit ($/kg),Unit CO2 reduction (kgCO2eq/kg),Unit energy recovery (MJ/kg),Energy efficiency,Number,,Feed,Tech,Pathway1,Pathway2,Product,Unit treatment cost ($/kg),Unit CO2 emission (kgCO2eq/kg),Unit energy consumption (MJ/kg),Unit profit ($/kg),Unit CO2 reduction (kgCO2eq/kg),Unit energy recovery (MJ/kg),Energy efficiency,Number,Feed,Tech,Pathway1,Pathway2,Product,Unit treatment cost ($/kg),Unit CO2 emission (kgCO2eq/kg),Unit energy consumption (MJ/kg),Unit profit ($/kg),Unit CO2 reduction (kgCO2eq/kg),Unit energy recovery (MJ/kg),Energy efficiency,Number,,,,,,,,,,,,,,,,,,,,,,,,,,,,,,,,,,,,,,,,,,,,,,,,,,,,,,,,,,,,,,,,,,,,,,,,,,,,,,,,,,,,,,,,,,,,,,,,,,,,,,,,,,,,,,,,,,,,,,,,,,,,,,,,,,,,,,,,,,,,,,,,,,,,,,,,,,,,,,,,
54,PET,HT,#5,#6,GASOLINE_1,1.390286567747986,2.3540193883983274,56.397391433551824,-0.5929916021087303,0.3371402842143071,-24.793091618465105,0.5603858443049327,PET,HT,#1,#6,GASOLINE_1,0.9680701472868146,1.0713747184307107,43.48483394832232,-0.4095535198775507,1.265779828841235,-13.155301743746131,0.6974737960508258,,,PET,SG,#2,-,FT_4,0.9813291797475393,3.4254343928571633,51.89757300221696,-0.26832695123824535,-0.6234845009186238,-24.37957136769672,0.5302367729863731,1,,PET,HT,#1,#1,GASOLINE_1,1.0941834997149673,2.3114024359081182,48.74023520000001,-0.5660048455160402,0.0873788030717364,-19.047686903598574,0.6091999387069317,1,PET,HT,#1,#2,GASOLINE_1,1.3608572807686925,2.8543370469179927,68.71291008000001,-0.6282301808181578,-0.1305569722586161,-30.085254852114243,0.5621600829147384,1,,,,,,,,,,,,,,,,,,,,,,,,,,,,,,,,,,,,,,,,,,,,,,,,,,,,,,,,,,,,,,,,,,,,,,,,,,,,,,,,,,,,,,,,,,,,,,,,,,,,,,,,,,,,,,,,,,,,,,,,,,,,,,,,,,,,,,,,,,,,,,,,,,,,,,,,,,,,,,,,
55,PET,HT,#5,#7,GASOLINE_1,1.5043560264889357,3.0630302204117763,63.30132721307182,-0.6583169412012851,-0.3040306095298177,-32.07659012124917,0.49327144416293844,PET,HT,#8,#1,BA_1,1.1754649091327412,2.601256815983278,48.40963773588605,-0.36636644184830003,1.112837135819641,-15.276042541756913,0.6844421223496827,,,PET,SG,#6,-,MeOH_1,0.839665967621879,2.669938602895592,53.75375277929451,-0.37010291387426764,-0.40415747184604767,-29.24771169262188,0.45589451563114214,2,,PET,HT,#1,#3,GASOLINE_1,1.0790601014377283,1.5250162065825181,49.1349391149461,-0.5243468432418538,0.8854616018764376,-18.16587216919389,0.6302860551694851,2,PET,HT,#1,#4,GASOLINE_1,1.179202868001541,2.898137608513199,56.06236000000001,-0.6504291450299556,-0.5666232520546812,-26.637096785710725,0.5248666523187622,2,,,,,,,,,,,,,,,,,,,,,,,,,,,,,,,,,,,,,,,,,,,,,,,,,,,,,,,,,,,,,,,,,,,,,,,,,,,,,,,,,,,,,,,,,,,,,,,,,,,,,,,,,,,,,,,,,,,,,,,,,,,,,,,,,,,,,,,,,,,,,,,,,,,,,,,,,,,,,,,,
56,PET,HT,#5,#8,GASOLINE_1,1.5716027927965999,3.185304806949008,65.38111571398383,-0.7441270258392398,-0.43947444809694797,-34.393516014950144,0.4739533634542428,PET,HT,#8,#3,BA_1,1.160341510855504,1.8148705866576775,48.804341650832164,-0.324708439574115,1.9109199346243428,-14.394227807352259,0.7050625554928099,,,PET,SG,#7,-,FT_1,0.9493798072694264,3.271283622797527,55.86969868532652,-0.3818507720155409,-0.5911063586398954,-33.306631163795714,0.40385160565501155,3,,PET,HT,#1,#7,GASOLINE_1,1.082139606027765,1.78038555044416,50.38876972784231,-0.5323692844698177,0.6246089350971102,-20.438800246530196,0.5943778671929604,3,PET,HT,#1,#5,GASOLINE_1,1.4182413958580855,3.3290169918194006,72.39855056,-0.6801781632223671,-0.6144411910004867,-34.117919560588156,0.5287485827176461,3,,,,,,,,,,,,,,,,,,,,,,,,,,,,,,,,,,,,,,,,,,,,,,,,,,,,,,,,,,,,,,,,,,,,,,,,,,,,,,,,,,,,,,,,,,,,,,,,,,,,,,,,,,,,,,,,,,,,,,,,,,,,,,,,,,,,,,,,,,,,,,,,,,,,,,,,,,,,,,,,
57,PET,HT,#5,#9,GASOLINE_1,1.4845601389959273,2.8788604521539956,62.25544063642174,-0.623910081525385,-0.10822116766608357,-30.71356882658012,0.5066524545870528,PET,HT,#8,#6,BA_1,1.0493515567045901,1.361229098505871,43.15423648420836,-0.20991511620981188,2.291238161589139,-9.383657381904479,0.7825553608082422,,,PP,HT,#2,#1,MeOH_1,1.0834386081711644,3.412110238080884,78.90097433954635,-0.3569612209682467,-0.2898487919004238,-34.295280206774585,0.5653376844348388,4,,PET,HT,#1,#8,GASOLINE_1,1.14938637233543,1.9026601369813916,52.46855822875432,-0.572765873778038,0.48916509652998,-22.755726140231175,0.5662978570705157,4,PET,HT,#2,#1,GASOLINE_1,1.2520834280268562,3.0005216573193945,54.7589094112,-0.7895997347494706,-0.40560872544388116,-26.10905312514116,0.5231999065379305,4,,,,,,,,,,,,,,,,,,,,,,,,,,,,,,,,,,,,,,,,,,,,,,,,,,,,,,,,,,,,,,,,,,,,,,,,,,,,,,,,,,,,,,,,,,,,,,,,,,,,,,,,,,,,,,,,,,,,,,,,,,,,,,,,,,,,,,,,,,,,,,,,,,,,,,,,,,,,,,,,
58,PET,HT,#5,#10,GASOLINE_1,1.5743222021907326,3.309015619110021,66.67638484795184,-0.7661892232364169,-0.6119235255714143,-35.7217855497692,0.46425131429622635,PET,HT,#8,#7,BA_1,1.163421015445539,2.0702399305193193,50.05817226372838,-0.3327308808020774,1.6500672678450152,-16.66715588468856,0.6670442580907932,,,PP,HT,#2,#2,FT_1,1.1836821859666726,3.664261455096992,80.71476600557834,-0.33449983204044387,-0.2525148133299932,-40.12836994024237,0.5028373130949915,5,,PET,HT,#1,#9,GASOLINE_1,1.0623437185347573,1.5962157821863792,49.3428831511922,-0.506824857871932,0.8204183769608444,-19.07577895186111,0.6134036413435601,5,PET,HT,#2,#2,GASOLINE_1,1.5187572090805819,3.5434562683292694,74.73158429120001,-0.8518250700515886,-0.623544500774234,-37.146621073656824,0.5029327770048224,5,,,,,,,,,,,,,,,,,,,,,,,,,,,,,,,,,,,,,,,,,,,,,,,,,,,,,,,,,,,,,,,,,,,,,,,,,,,,,,,,,,,,,,,,,,,,,,,,,,,,,,,,,,,,,,,,,,,,,,,,,,,,,,,,,,,,,,,,,,,,,,,,,,,,,,,,,,,,,,,,
59,PET,HT,#5,#11,GASOLINE_1,1.5930644999435088,3.3190707990586694,67.02091601798384,-0.7697557135914311,-0.5771585710879156,-36.0425668261892,0.46221912549631766,PET,HT,#8,#8,BA_1,1.230667781753204,2.1925145170565514,52.13796076464037,-0.3731274701102974,1.514623429277885,-18.984081778389527,0.6358875280127103,,,PP,HT,#2,#8,FT_1,1.190773216424901,3.8992953015069878,85.20774449547898,-0.3806226636774194,-0.4222943170661861,-43.51355292320785,0.4893239671950638,6,,PET,HT,#1,#10,GASOLINE_1,1.1521057817295624,2.026370949142405,53.76382736272232,-0.5941773135538082,0.31671601905551316,-24.083995675050225,0.5520409007981247,6,PET,HT,#2,#4,GASOLINE_1,1.33710279631343,3.5872568299244754,62.08103421119999,-0.8740240342633863,-1.0596107805702983,-33.69846300725331,0.45718586303490105,6,,,,,,,,,,,,,,,,,,,,,,,,,,,,,,,,,,,,,,,,,,,,,,,,,,,,,,,,,,,,,,,,,,,,,,,,,,,,,,,,,,,,,,,,,,,,,,,,,,,,,,,,,,,,,,,,,,,,,,,,,,,,,,,,,,,,,,,,,,,,,,,,,,,,,,,,,,,,,,,,
60,PET,HT,#6,#1,MeOH_1,1.734692229394276,4.759661248566214,75.03170609935968,-1.2039911383016084,-2.426089664229775,-48.65250433778984,0.3515740629253125,PET,HT,#8,#9,BA_1,1.1436251279525314,1.8860701622615395,49.012285687078275,-0.30718645420419194,1.8458767097087485,-15.304134590019485,0.6877490128142645,,,PP,HT,#3,#2,FT_1,1.2713535241791412,4.337727717910528,87.37849944099933,-0.40498220623735404,-0.9075059324008379,-45.487422813764304,0.4794208746457265,7,,PET,HT,#1,#11,GASOLINE_1,1.1708480794823375,2.0364261290910526,54.108358532754316,-0.5881976088676266,0.3514809735390127,-24.404776951470215,0.5489647512279112,7,PET,HT,#2,#5,GASOLINE_1,1.5761413241699764,4.018136213230677,78.41722477119998,-0.9037730524557994,-1.1074287195161039,-41.179285782130734,0.47486938102845866,7,,,,,,,,,,,,,,,,,,,,,,,,,,,,,,,,,,,,,,,,,,,,,,,,,,,,,,,,,,,,,,,,,,,,,,,,,,,,,,,,,,,,,,,,,,,,,,,,,,,,,,,,,,,,,,,,,,,,,,,,,,,,,,,,,,,,,,,,,,,,,,,,,,,,,,,,,,,,,,,,
61,PET,HT,#6,#2,MeOH_1,2.3213660104480014,5.30259585957609,95.00438097935965,-1.5544751930692648,-2.6440254395601284,-59.69007228630549,0.37171242345893973,PET,HT,#8,#10,BA_1,1.233387191147338,2.316225329217565,53.43322989860837,-0.39453890988606943,1.3421743518034177,-20.312351313208584,0.6198554466620854,,,PP,HT,#4,#1,MeOH_1,1.2151954578781665,4.210330142979392,87.16970681496734,-0.37924386107999564,-1.1471212309363916,-38.11866965358595,0.5627073779828197,8,,PET,HT,#2,#3,GASOLINE_1,1.2369600297496188,2.2141354279937944,55.153613326146086,-0.7479417324752857,0.3924740733608204,-25.22723839073648,0.5426004413970594,8,PET,HT,#2,#8,GASOLINE_1,1.3072863006473192,2.5917793583926683,58.48723243995431,-0.7963607630114686,-0.0038224319856375454,-29.817092361773756,0.4901948490658134,8,,,,,,,,,,,,,,,,,,,,,,,,,,,,,,,,,,,,,,,,,,,,,,,,,,,,,,,,,,,,,,,,,,,,,,,,,,,,,,,,,,,,,,,,,,,,,,,,,,,,,,,,,,,,,,,,,,,,,,,,,,,,,,,,,,,,,,,,,,,,,,,,,,,,,,,,,,,,,,,,
62,PET,HT,#6,#3,MeOH_1,1.719568831117037,3.973275019240614,75.42641001430576,-1.1526834221649798,-1.6280068654250734,-47.770689603385165,0.36665831511370184,PET,HT,#8,#11,BA_1,1.2521294889001129,2.326280509166212,53.77776106864037,-0.38855920519988785,1.376939306286918,-20.633132589628573,0.6163259276768135,,,PP,HT,#4,#2,FT_1,1.315439035673676,4.4624813599955,88.98349848099932,-0.35678247215219416,-1.1097872523659627,-43.951759387053706,0.5060684268731158,9,,PET,HT,#2,#6,GASOLINE_1,1.1259700755987052,1.760493939841987,49.50350815952231,-0.6331484091109829,0.7727923003256173,-20.21666796528872,0.5916114086270082,9,PET,HT,#2,#10,GASOLINE_1,1.3100057100414517,2.7154901705536805,59.78250157392231,-0.8177722027872389,-0.1762715094601035,-31.145361896592817,0.47902210384955324,9,,,,,,,,,,,,,,,,,,,,,,,,,,,,,,,,,,,,,,,,,,,,,,,,,,,,,,,,,,,,,,,,,,,,,,,,,,,,,,,,,,,,,,,,,,,,,,,,,,,,,,,,,,,,,,,,,,,,,,,,,,,,,,,,,,,,,,,,,,,,,,,,,,,,,,,,,,,,,,,,
63,PET,HT,#6,#4,MeOH_1,1.8197115976808498,5.346396421171296,82.35383089935965,-1.3332722064417712,-3.0800917193561936,-56.24191421990198,0.31706984841260993,PP,HT,#1,#1,MeOH_1,0.9575984530479835,2.87341769044136,74.34146313634636,-0.21417727086327673,0.13861654727818667,-29.60065119054673,0.6018285093978107,,,PP,HT,#4,#7,MeOH_1,1.2068293823905911,3.9250831849598526,87.29282930486798,-0.3760925025017723,-0.814284864319903,-39.41565231308638,0.5484663216101264,10,,PET,HT,#2,#7,GASOLINE_1,1.2400395343396542,2.469504771855436,56.4074439390423,-0.7559641737032483,0.1316214065814927,-27.500166468072788,0.5124727421119928,10,PET,HT,#2,#11,GASOLINE_1,1.3287480077942284,2.725545350502329,60.1270327439543,-0.8117924981010589,-0.14150655497660516,-31.4661431730128,0.47667227639506826,10,,,,,,,,,,,,,,,,,,,,,,,,,,,,,,,,,,,,,,,,,,,,,,,,,,,,,,,,,,,,,,,,,,,,,,,,,,,,,,,,,,,,,,,,,,,,,,,,,,,,,,,,,,,,,,,,,,,,,,,,,,,,,,,,,,,,,,,,,,,,,,,,,,,,,,,,,,,,,,,,
64,PET,HT,#6,#5,MeOH_1,2.378750125537396,5.777275804477497,98.69002145935967,-1.6214806748278379,-3.127909658301997,-63.7227369947794,0.3543142857556243,PP,HT,#1,#2,FT_1,1.057842030843493,3.1255689074574673,76.15525480237835,-0.1917158819354752,0.17595052584861726,-35.433740924014515,0.5347170590399245,,,PP,HT,#4,#8,FT_1,1.3225300661319024,4.697515206405496,93.47647697089998,-0.4029053037891677,-1.279566756102155,-47.33694237001921,0.4935951385421211,11,,PET,HT,#2,#9,GASOLINE_1,1.2202436468466464,2.2853350035976554,55.361557362392205,-0.7304197471053627,0.32743084844522685,-26.13714517340372,0.5278827688622971,11,PET,HT,#3,#1,GASOLINE_1,1.3495971061649599,3.770354300835437,62.508480784479666,-0.862955340932999,-1.2181951830324365,-33.07696539675728,0.4708403566741296,11,,,,,,,,,,,,,,,,,,,,,,,,,,,,,,,,,,,,,,,,,,,,,,,,,,,,,,,,,,,,,,,,,,,,,,,,,,,,,,,,,,,,,,,,,,,,,,,,,,,,,,,,,,,,,,,,,,,,,,,,,,,,,,,,,,,,,,,,,,,,,,,,,,,,,,,,,,,,,,,,
65,PET,HT,#6,#6,MeOH_1,1.6085788769661253,3.5196335310888065,69.77630484768198,-1.1007250426993942,-1.2476886384602761,-42.76011917793741,0.38718280838630664,PP,HT,#1,#3,JET FUEL_1,0.9819520982285422,2.7424270745233716,71.86143347419498,-0.37102184036976626,0.8594545758981764,-26.461255006597334,0.6317739053159939,,,PP,HT,#5,#2,FT_1,1.2583943915891789,4.115907899792114,86.5049794511384,-0.3972937451759641,-0.5811202173597151,-43.57224919508238,0.49630357152221755,12,,PET,HT,#5,#6,GASOLINE_1,1.2309265677479864,2.3540193883983274,56.397391433551824,-0.736809084344749,0.3371402842143071,-24.793091618465105,0.5603858443049327,12,PET,HT,#3,#2,GASOLINE_1,1.6162708872186857,4.313288911845313,82.48115566447967,-0.9251806762351166,-1.4361309583627904,-44.11453334527295,0.4651562167154409,12,,,,,,,,,,,,,,,,,,,,,,,,,,,,,,,,,,,,,,,,,,,,,,,,,,,,,,,,,,,,,,,,,,,,,,,,,,,,,,,,,,,,,,,,,,,,,,,,,,,,,,,,,,,,,,,,,,,,,,,,,,,,,,,,,,,,,,,,,,,,,,,,,,,,,,,,,,,,,,,,
66,PET,HT,#6,#7,MeOH_1,1.722648335707074,4.228644363102257,76.68024062720198,-1.1660503817919488,-1.8888595322044022,-50.043617680721475,0.34737270943084764,PP,HT,#1,#6,Olefin,0.776809635922788,0.9613683619861093,58.91169562428962,-0.2000223017956698,2.0357241590530535,-18.42735810433059,0.6872037392735834,,,PP,HT,#5,#7,MeOH_1,1.1497847383060935,3.5785097247564654,84.81431027500703,-0.4166037755255417,-0.2856178293136552,-39.036142121115034,0.5397458047522653,13,,PET,HT,#8,#2,BA_1,1.4421386901864681,3.144191426993153,68.38231261588606,-0.4285917771504192,0.8949013604892879,-26.313610490272595,0.6151985874171852,13,PET,HT,#3,#3,GASOLINE_1,1.3344737078877213,2.983968071509837,62.90318469942577,-0.8212973386588124,-0.4201123842277342,-32.19515066235262,0.4881793216640346,13,,,,,,,,,,,,,,,,,,,,,,,,,,,,,,,,,,,,,,,,,,,,,,,,,,,,,,,,,,,,,,,,,,,,,,,,,,,,,,,,,,,,,,,,,,,,,,,,,,,,,,,,,,,,,,,,,,,,,,,,,,,,,,,,,,,,,,,,,,,,,,,,,,,,,,,,,,,,,,,,
67,PET,HT,#6,#8,MeOH_1,1.789895102014739,4.350918949639488,78.76002912811397,-1.251860466429904,-2.0243033707715314,-52.36054357442243,0.33518887493996685,PP,HT,#1,#7,MeOH_1,0.9492323775604078,2.58817073242182,74.46458562624699,-0.21102591228505302,0.47145291389467625,-30.89763385004718,0.5850694180300857,,,PP,LT,#3,#3,DIESEL_1,1.2100928273843248,3.354119561640933,83.7980155424712,-0.4153372628616253,-0.35423353019329457,-39.201394445146796,0.5321918521414338,14,,PET,HT,#8,#4,BA_1,1.2604842774193166,3.1879919885883594,55.731762535886055,-0.4507907413622171,0.45883508069322315,-22.865452423869076,0.5897231420028057,14,PET,HT,#3,#4,GASOLINE_1,1.4346164744515342,4.357089473440518,69.83060558447967,-0.9473796404469146,-1.8721972381588536,-40.666375278869445,0.41764252309580674,14,,,,,,,,,,,,,,,,,,,,,,,,,,,,,,,,,,,,,,,,,,,,,,,,,,,,,,,,,,,,,,,,,,,,,,,,,,,,,,,,,,,,,,,,,,,,,,,,,,,,,,,,,,,,,,,,,,,,,,,,,,,,,,,,,,,,,,,,,,,,,,,,,,,,,,,,,,,,,,,,
68,PET,HT,#6,#9,MeOH_1,1.7028524482140663,4.044474594844476,75.63435405055188,-1.1316435221160486,-1.693050090340668,-48.680596386052386,0.35636924520416147,PP,HT,#1,#8,FT_1,1.0649330613017196,3.360602753867464,80.648233292279,-0.2378387135724489,0.006171022112423778,-38.81892390698,0.5186636790133331,,,PP,LT,#3,#9,DIESEL_1,1.2028699434973187,3.3279866630683013,83.38228390796876,-0.40831498941036815,-0.33125069865355283,-38.796651515809,0.5347134943121742,15,,PET,HT,#8,#5,BA_1,1.4995228052758613,3.618871371894561,72.06795309588608,-0.48053975955462874,0.41101714174741744,-30.34627519874652,0.5789213666389145,15,PET,HT,#3,#5,GASOLINE_1,1.6736550023080805,4.787968856746719,86.16679614447966,-0.9771286586393276,-1.9200151771046592,-48.14719805374687,0.4412325836855261,15,,,,,,,,,,,,,,,,,,,,,,,,,,,,,,,,,,,,,,,,,,,,,,,,,,,,,,,,,,,,,,,,,,,,,,,,,,,,,,,,,,,,,,,,,,,,,,,,,,,,,,,,,,,,,,,,,,,,,,,,,,,,,,,,,,,,,,,,,,,,,,,,,,,,,,,,,,,,,,,,
69,PET,HT,#6,#10,MeOH_1,1.7926145114088714,4.474629761800501,80.05529826208199,-1.2739226638270809,-2.196752448245998,-53.68881310924151,0.3293534060234576,PP,HT,#1,#9,JET FUEL_1,0.9815780471935506,1.954535957961334,72.4629892274199,-0.3513533268547205,1.6653103607690796,-24.61978802985886,0.6602432732578638,,,PP,LT,#4,#6,DIESEL_1,1.181329047923979,3.0853212254380775,79.5921140966482,-0.34846856569549045,-0.04727463411101669,-36.8335883986462,0.5372206302508888,16,,PET,LT,#1,#3,GASOLINE_1,1.046615387323956,1.889946869500463,47.679288082389476,-0.630091248462785,0.4476792939411834,-25.92427218477504,0.4562781193381478,16,PET,HT,#3,#6,GASOLINE_1,1.2234837537368093,2.5303265833580295,57.25307953280199,-0.7065040152945109,-0.039794157262937425,-27.184580236904868,0.5251857112536625,16,,,,,,,,,,,,,,,,,,,,,,,,,,,,,,,,,,,,,,,,,,,,,,,,,,,,,,,,,,,,,,,,,,,,,,,,,,,,,,,,,,,,,,,,,,,,,,,,,,,,,,,,,,,,,,,,,,,,,,,,,,,,,,,,,,,,,,,,,,,,,,,,,,,,,,,,,,,,,,,,
70,PET,HT,#6,#11,MeOH_1,1.811356809161648,4.484684941749149,80.39982943211398,-1.2774891541820952,-2.161987493762499,-54.00959438566148,0.3282374506619474,PP,HT,#2,#6,Olefin,0.9026497910459693,1.5000609096256334,63.47120682748963,-0.34280625190064007,1.6072588198744433,-23.12198712055846,0.6357090360137246,,,PP,HT,#1,-,MeOH_1,1.057651129238293,3.2804887590752916,79.57669597980977,-0.319778199085918,-0.30080314259500207,-35.80506418489518,0.5500559084033892,17,,PET,LT,#1,#6,GASOLINE_1,0.8819511448248015,1.1530221224931683,40.45812990114556,-0.4207102101002266,1.23241451864001,-17.236486685899468,0.5739672909248477,17,PET,HT,#3,#7,GASOLINE_1,1.3375532124777583,3.239337415371478,64.15701531232197,-0.8293197798867766,-0.6809650510070616,-34.46807873968891,0.46275432901771874,17,,,,,,,,,,,,,,,,,,,,,,,,,,,,,,,,,,,,,,,,,,,,,,,,,,,,,,,,,,,,,,,,,,,,,,,,,,,,,,,,,,,,,,,,,,,,,,,,,,,,,,,,,,,,,,,,,,,,,,,,,,,,,,,,,,,,,,,,,,,,,,,,,,,,,,,,,,,,,,,,
71,PET,HT,#7,#1,GASOLINE_1,1.8027622795385492,5.255997522874574,77.76689552539166,-1.1390754397097034,-2.657221685948561,-49.28876959219796,0.36619856998014416,PP,HT,#2,#7,MeOH_1,1.0750725326835893,3.126863280061344,79.02409682944699,-0.35380986239002354,0.04298757471606642,-35.59226286627505,0.5496024087046295,,,PP,HT,#2,-,FT_1,1.1630931463012135,3.8300765083342294,82.85050237980978,-0.36779057359636397,-0.39853624421691536,-38.75974539662806,0.5321724759260651,18,,PET,LT,#1,#7,GASOLINE_1,0.9975506474800689,1.8618570776673726,47.34532651106555,-0.5573560516798717,0.5104063227996367,-24.786429865756954,0.47647568002379553,18,PET,HT,#3,#8,GASOLINE_1,1.404799978785423,3.3616120019087106,66.23680381323398,-0.8697163691949965,-0.8164088895741922,-36.785004633389896,0.4446440269504622,18,,,,,,,,,,,,,,,,,,,,,,,,,,,,,,,,,,,,,,,,,,,,,,,,,,,,,,,,,,,,,,,,,,,,,,,,,,,,,,,,,,,,,,,,,,,,,,,,,,,,,,,,,,,,,,,,,,,,,,,,,,,,,,,,,,,,,,,,,,,,,,,,,,,,,,,,,,,,,,,,
72,PET,HT,#7,#2,GASOLINE_1,2.389436060592274,5.798932133884449,97.73957040539166,-1.48955949447736,-2.8751574612789144,-60.326337540713624,0.38278491208320464,PP,HT,#3,#6,Olefin,0.990321129258436,2.17352717243917,70.13494026291062,-0.41328862609754863,0.9522677008035979,-28.481039994080405,0.5939108255127152,,,PP,HT,#7,-,MeOH_1,1.076501422453882,3.639983943419606,81.83779293399945,-0.3317119279595755,-0.5548467310494849,-37.12301619633689,0.5463829745961518,19,,PET,LT,#1,#8,GASOLINE_1,1.0647974137877323,1.984131664204605,49.42511501197756,-0.6101374305024146,0.39171824853503584,-26.99951188298961,0.45372890125907417,19,PET,HT,#3,#9,GASOLINE_1,1.31775732498475,3.0551676471136977,63.111128735671876,-0.8037753532888906,-0.48515560914332745,-33.10505744501984,0.4754481799291906,19,,,,,,,,,,,,,,,,,,,,,,,,,,,,,,,,,,,,,,,,,,,,,,,,,,,,,,,,,,,,,,,,,,,,,,,,,,,,,,,,,,,,,,,,,,,,,,,,,,,,,,,,,,,,,,,,,,,,,,,,,,,,,,,,,,,,,,,,,,,,,,,,,,,,,,,,,,,,,,,,
73,PET,HT,#7,#3,GASOLINE_1,1.78763888126131,4.469611293548974,78.16159944033777,-1.0877677235730752,-1.8591388871438599,-48.4069548577933,0.3806811118963443,PP,HT,#4,#6,Olefin,1.034406640752971,2.2982808145241425,71.7399393029106,-0.36508889201238887,0.7499863808384737,-26.945376567369795,0.6244020160987706,,,PP,HT,#8,-,FT_1,1.2139267012412807,4.906427897194564,89.63251420003144,-0.3592269788251437,-1.4135791678127554,-47.458702583015,0.47051911902078114,20,,PET,LT,#1,#9,GASOLINE_1,0.9789263118479797,1.7699167102168143,46.57299067268834,-0.5392085566939997,0.6576904955931887,-23.4974882617684,0.49546962901938013,20,PET,HT,#3,#10,GASOLINE_1,1.4075193881795556,3.4853228140697237,67.53207294720198,-0.8911278089707669,-0.9888579670486587,-38.11327416820894,0.4356270657054061,20,,,,,,,,,,,,,,,,,,,,,,,,,,,,,,,,,,,,,,,,,,,,,,,,,,,,,,,,,,,,,,,,,,,,,,,,,,,,,,,,,,,,,,,,,,,,,,,,,,,,,,,,,,,,,,,,,,,,,,,,,,,,,,,,,,,,,,,,,,,,,,,,,,,,,,,,,,,,,,,,
74,PET,HT,#7,#4,GASOLINE_1,1.8877816478251228,5.842732695479655,85.08902032539164,-1.268356507849866,-3.311223741074979,-56.8781794743101,0.3315450188896237,PP,HT,#5,#6,Olefin,0.9773619966684751,1.9517073543207548,69.26142027304968,-0.4056001650361599,1.2786534158447218,-26.56586637539846,0.616440635050975,,,PP,LT,#1,-,DIESEL_1,1.1262799353921424,3.0600619146387023,78.7306040170012,-0.33063210973386375,-0.12043210468335538,-34.97682353743076,0.5557404395134855,21,,PET,LT,#1,#10,GASOLINE_1,1.014284296339003,2.0593336267151856,49.81964302594556,-0.5761992932584505,0.2681413912040922,-27.50625860070621,0.4478832659161922,21,PET,HT,#3,#11,GASOLINE_1,1.426261685932332,3.495377994018371,67.87660411723398,-0.8851481042845868,-0.9540930125651592,-38.43405544462894,0.4337657880136866,21,,,,,,,,,,,,,,,,,,,,,,,,,,,,,,,,,,,,,,,,,,,,,,,,,,,,,,,,,,,,,,,,,,,,,,,,,,,,,,,,,,,,,,,,,,,,,,,,,,,,,,,,,,,,,,,,,,,,,,,,,,,,,,,,,,,,,,,,,,,,,,,,,,,,,,,,,,,,,,,,
75,PET,HT,#7,#5,GASOLINE_1,2.446820175681669,6.273612078785857,101.42521088539165,-1.5565649762359324,-3.3590416800207854,-64.35900224918755,0.36545360184745523,PP,LT,#1,#1,GASOLINE_1,1.0541081103171304,2.127229719780866,71.64056914935549,-0.2541825398508459,0.8122069381664363,-26.2377583659394,0.6337583763294901,,,PP,LT,#2,-,DIESEL_1,1.1840806975134524,3.340748447924441,80.1174553979132,-0.37336861730797083,-0.3271559513452363,-36.37952278831753,0.545922638111331,22,,PET,LT,#1,#11,GASOLINE_1,1.04330111948751,2.133321356207144,50.459013891977555,-0.5899066524081997,0.23415360331492335,-28.092139847060196,0.4432681560682155,22,PET,HT,#4,#1,GASOLINE_1,1.419329026143999,4.106990329549101,65.32884544539166,-0.8955604526716461,-1.501638565037117,-36.59757399604756,0.43979456935850114,22,,,,,,,,,,,,,,,,,,,,,,,,,,,,,,,,,,,,,,,,,,,,,,,,,,,,,,,,,,,,,,,,,,,,,,,,,,,,,,,,,,,,,,,,,,,,,,,,,,,,,,,,,,,,,,,,,,,,,,,,,,,,,,,,,,,,,,,,,,,,,,,,,,,,,,,,,,,,,,,,
76,PET,HT,#7,#6,GASOLINE_1,1.6766489271103981,4.015969805397166,72.51149427371398,-1.0358093441074891,-1.4788206601790626,-43.396384432345535,0.4015240636396996,PP,LT,#1,#2,GASOLINE_1,1.0935180798243185,2.1938512037837365,72.9905713893555,-0.2723872999681211,0.7264928769298526,-27.909670999869274,0.617626352710818,,,PP,LT,#7,-,DIESEL_1,1.1446244849258318,3.1125074785922773,79.846246399407,-0.3435702573347456,-0.14449696876517146,-34.107603110748464,0.5728339821995467,23,,PET,LT,#2,#6,Olefin,1.0096043584099819,1.7457263681766044,45.49643398754556,-0.5714027929870483,0.7728568064103326,-22.181621394142088,0.5124536265806193,23,PET,HT,#4,#2,GASOLINE_1,1.6860028071977247,4.649924940558976,85.30152032539166,-0.9577857879737638,-1.7195743403674697,-47.635141944563216,0.44156749184710964,23,,,,,,,,,,,,,,,,,,,,,,,,,,,,,,,,,,,,,,,,,,,,,,,,,,,,,,,,,,,,,,,,,,,,,,,,,,,,,,,,,,,,,,,,,,,,,,,,,,,,,,,,,,,,,,,,,,,,,,,,,,,,,,,,,,,,,,,,,,,,,,,,,,,,,,,,,,,,,,,,
77,PET,HT,#7,#7,GASOLINE_1,1.7907183858513471,4.724980637410615,79.41543005323398,-1.1011346832000435,-2.119991553923187,-50.679882935129605,0.36183833669152565,PP,LT,#1,#3,GASOLINE_1,1.040271097187486,1.8941784958248424,70.85883343199487,-0.23629515073019533,1.0629697069048747,-25.194689715082355,0.6444382655655434,,,PP,SG,#1,-,MeOH_1,0.942811441716263,3.9085361451139904,86.55423262408677,-0.1245956277371593,-0.8731966091620419,-39.5386108447318,0.5431926360383583,24,,PET,LT,#2,#7,GASOLINE_1,1.1252038610652493,2.454561323350809,52.383630597465555,-0.7080486345666933,0.05084861056995958,-29.731564573999577,0.43242642339040044,24,PET,HT,#4,#3,GASOLINE_1,1.4042056278667603,3.320604100223501,65.72354936033777,-0.8539024503974594,-0.7035557662324154,-35.715759261642894,0.45657592127554353,24,,,,,,,,,,,,,,,,,,,,,,,,,,,,,,,,,,,,,,,,,,,,,,,,,,,,,,,,,,,,,,,,,,,,,,,,,,,,,,,,,,,,,,,,,,,,,,,,,,,,,,,,,,,,,,,,,,,,,,,,,,,,,,,,,,,,,,,,,,,,,,,,,,,,,,,,,,,,,,,,
78,PET,HT,#7,#8,GASOLINE_1,1.857965152159012,4.847255223947847,81.49521855414598,-1.186944767837999,-2.2554353924903174,-52.996808828830574,0.34969425484000466,PP,LT,#1,#4,GASOLINE_1,1.1026575562052217,2.324478312277976,74.62416018935549,-0.2955412800532902,0.5532891768937025,-29.561541464037624,0.6038609829708431,,,PP,SG,#2,-,FT_1,1.1616818738893493,5.665728331166643,95.29502269011876,-0.20198124979010343,-1.9193337033501265,-51.72592837111437,0.45720220310648096,25,,PET,LT,#2,#9,GASOLINE_1,1.1065795254331616,2.3626209559002502,51.61129475908835,-0.6899011395808229,0.19813278336351156,-28.442622970011026,0.4489070056704498,25,PET,HT,#4,#4,GASOLINE_1,1.5043483944305727,4.693725502154182,72.65097024539166,-0.9799847521855612,-2.1556406201635347,-44.186983878159715,0.39179086350932046,25,,,,,,,,,,,,,,,,,,,,,,,,,,,,,,,,,,,,,,,,,,,,,,,,,,,,,,,,,,,,,,,,,,,,,,,,,,,,,,,,,,,,,,,,,,,,,,,,,,,,,,,,,,,,,,,,,,,,,,,,,,,,,,,,,,,,,,,,,,,,,,,,,,,,,,,,,,,,,,,,
79,PET,HT,#7,#9,GASOLINE_1,1.7709224983583394,4.5408108691528355,78.36954347658387,-1.0667278235241437,-1.9241821120594542,-49.31686164046053,0.3707139348694054,PP,LT,#1,#5,GASOLINE_1,1.1475691497226999,2.437695678297762,75.6229512293555,-0.3159208982488613,0.5109885486440244,-29.749256582206012,0.6066107431858878,,,PP,SG,#3,-,H2_1,0.8587836895410359,5.015439467704688,78.44151179362476,-0.32764182799824276,-0.9125210175607154,-21.509366595929237,0.7257910243683321,26,,PET,LT,#3,#6,GASOLINE_1,1.1149405197951312,2.488749169391734,52.997193125050536,-0.6650554799858176,0.046441790913950204,-28.797800673684648,0.4566164927690745,26,PET,HT,#4,#5,GASOLINE_1,1.7433869222871197,5.124604885460384,88.98716080539165,-1.009733770377975,-2.2034585591093405,-51.66780665303714,0.4193790858657597,26,,,,,,,,,,,,,,,,,,,,,,,,,,,,,,,,,,,,,,,,,,,,,,,,,,,,,,,,,,,,,,,,,,,,,,,,,,,,,,,,,,,,,,,,,,,,,,,,,,,,,,,,,,,,,,,,,,,,,,,,,,,,,,,,,,,,,,,,,,,,,,,,,,,,,,,,,,,,,,,,
80,PET,HT,#7,#10,GASOLINE_1,1.8606845615531447,4.970966036108861,82.79048768811398,-1.2090069652351758,-2.4278844699647846,-54.325078363649624,0.34382463637245925,PP,LT,#1,#6,GASOLINE_1,0.9532131055201374,1.3754777826716078,64.25902158617185,-0.14657238332121467,1.5575150043806427,-19.213576715020977,0.7009979884418965,,,PP,SG,#6,-,MeOH_1,0.9721547519140714,3.9457194267625653,89.94071153710495,-0.1508381333797749,-0.7887275068430254,-42.40958312539965,0.5284717854616525,27,,PET,LT,#5,#6,GASOLINE_1,1.1086641360893095,2.2284275733369707,51.925183648436295,-0.6644375402287946,0.4108798652042228,-26.697890499491834,0.48583926673707917,27,PET,HT,#4,#6,GASOLINE_1,1.2932156737158482,2.8669626120716933,60.07344419371398,-0.7391091270331579,-0.32323753926761867,-30.70518883619514,0.488872508505046,27,,,,,,,,,,,,,,,,,,,,,,,,,,,,,,,,,,,,,,,,,,,,,,,,,,,,,,,,,,,,,,,,,,,,,,,,,,,,,,,,,,,,,,,,,,,,,,,,,,,,,,,,,,,,,,,,,,,,,,,,,,,,,,,,,,,,,,,,,,,,,,,,,,,,,,,,,,,,,,,,
81,PET,HT,#7,#11,GASOLINE_1,1.879426859305921,4.981021216057508,83.13501885814598,-1.21257345559019,-2.3931195154812848,-54.64585964006961,0.34268542437799493,PP,LT,#1,#7,GASOLINE_1,1.0463937657457751,2.0279644979863165,71.28106408857185,-0.24479390220371555,0.9104079342291271,-25.83251395220264,0.6375964040028376,,,PP,SG,#7,-,FT_1,1.2118456180272166,6.0165660092319335,101.14291953710497,-0.28495263172494906,-2.1969745577782605,-58.283397759450104,0.4237520725504819,28,,PET,LT,#8,#1,MeOH_1,1.6749971568682682,3.9771322812065266,87.56009014699006,-0.7823709234380122,0.07671717739734739,-36.05954504958268,0.5881737331580139,28,PET,HT,#4,#7,GASOLINE_1,1.4072851324567974,3.575973444085142,66.97737997323398,-0.8619248916254236,-0.9644084330117428,-37.98868733897919,0.43281317731209357,28,,,,,,,,,,,,,,,,,,,,,,,,,,,,,,,,,,,,,,,,,,,,,,,,,,,,,,,,,,,,,,,,,,,,,,,,,,,,,,,,,,,,,,,,,,,,,,,,,,,,,,,,,,,,,,,,,,,,,,,,,,,,,,,,,,,,,,,,,,,,,,,,,,,,,,,,,,,,,,,,
82,PET,HT,#8,#1,BA_1,1.1754649091327412,2.601256815983278,48.40963773588605,-0.3131812118120264,1.112837135819641,-15.276042541756913,0.6844421223496827,PP,LT,#1,#8,GASOLINE_1,1.0975179779198792,2.1317633330964707,72.70236871460385,-0.28512144837350445,0.7874366915483477,-27.75006861820791,0.618305852906362,,,PP,SG,#8,-,H2_1,0.9077002948041795,5.152809980713184,85.06180642268117,-0.34769609324779277,-0.9383752013217321,-28.186493396630883,0.6686351421157317,29,,PET,LT,#8,#3,BA_1,1.2286268616777387,2.3620033727031036,52.160168949379546,-0.6717539944557713,0.6589868686865723,-28.17164704756204,0.45990115417566824,29,PET,HT,#4,#8,GASOLINE_1,1.4745318987644622,3.698248030622374,69.05716847414598,-0.9023214809336437,-1.0998522715788728,-40.305613232680166,0.4163442532722723,29,,,,,,,,,,,,,,,,,,,,,,,,,,,,,,,,,,,,,,,,,,,,,,,,,,,,,,,,,,,,,,,,,,,,,,,,,,,,,,,,,,,,,,,,,,,,,,,,,,,,,,,,,,,,,,,,,,,,,,,,,,,,,,,,,,,,,,,,,,,,,,,,,,,,,,,,,,,,,,,,
83,PET,HT,#8,#2,BA_1,1.762138690186468,3.144191426993153,68.38231261588606,-0.6636652665796845,0.8949013604892879,-26.313610490272595,0.6151985874171852,PP,LT,#1,#9,GASOLINE_1,1.0330482133004795,1.868045597252211,70.4431017974924,-0.229272877278938,1.0859525384446156,-24.78994678574457,0.6480855306881584,,,PP,OG,#2,-,FT_1,1.2596508434153129,3.753609208375001,88.38298863999998,-0.35101373274844505,-0.2538732886101276,-50.7879278898748,0.4253653483393362,30,,PET,LT,#8,#6,BA_1,1.0639626191785843,1.6250786256958085,44.93901076813562,-0.4623729560932129,1.443722093385399,-19.483861548686455,0.5664376848610639,30,PET,HT,#4,#9,GASOLINE_1,1.3874892449637897,3.3918036758273615,65.93149339658387,-0.836380465027538,-0.7685989911480084,-36.62566604431012,0.4444890573916863,30,,,,,,,,,,,,,,,,,,,,,,,,,,,,,,,,,,,,,,,,,,,,,,,,,,,,,,,,,,,,,,,,,,,,,,,,,,,,,,,,,,,,,,,,,,,,,,,,,,,,,,,,,,,,,,,,,,,,,,,,,,,,,,,,,,,,,,,,,,,,,,,,,,,,,,,,,,,,,,,,
84,PET,HT,#8,#3,BA_1,1.160341510855504,1.8148705866576775,48.804341650832164,-0.2618734956753995,1.9109199346243428,-14.394227807352259,0.7050625554928099,PP,LT,#1,#10,GASOLINE_1,1.095496751434918,2.293462980289629,74.95033256857185,-0.28600491615610224,0.5919405012096748,-29.86165817083698,0.6015807115529924,,,PS,SG,#1,-,MeOH_1,0.8887511086477167,3.9537013765976323,77.71176083732654,-0.23033413804671699,-0.7744345658941916,-39.94397799321374,0.485998289540393,31,,PET,LT,#8,#7,BA_1,1.1795621218338517,2.3339135808700133,51.82620737805562,-0.5990187976728578,0.7217138975450254,-27.033804728543952,0.4783757852211529,31,PET,HT,#4,#10,GASOLINE_1,1.4772513081585943,3.821958842783388,70.35243760811397,-0.923732920709414,-1.27230134905334,-41.63388276749922,0.4082098050473598,31,,,,,,,,,,,,,,,,,,,,,,,,,,,,,,,,,,,,,,,,,,,,,,,,,,,,,,,,,,,,,,,,,,,,,,,,,,,,,,,,,,,,,,,,,,,,,,,,,,,,,,,,,,,,,,,,,,,,,,,,,,,,,,,,,,,,,,,,,,,,,,,,,,,,,,,,,,,,,,,,
85,PET,HT,#8,#4,BA_1,1.2604842774193166,3.1879919885883594,55.731762535886055,-0.4424622799521903,0.45883508069322315,-22.865452423869076,0.5897231420028057,PP,LT,#1,#11,GASOLINE_1,1.1086787911672407,2.3003255792957478,74.51147336857186,-0.2945729350311207,0.6140453049755686,-29.588728897075885,0.6028970095556304,,,PS,SG,#2,-,FT_1,1.0531658823333203,4.588528613569978,79.88735443732654,-0.15076708042431022,-0.7878748532393077,-43.956516391127984,0.4497687812955068,32,,PET,LT,#8,#8,BA_1,1.2468088881415167,2.4561881674072454,53.90599587896763,-0.6518001764954025,0.6030258232804246,-29.24688674577661,0.45744649980230123,32,PET,HT,#4,#11,GASOLINE_1,1.4959936059113712,3.832014022732035,70.69696877814597,-0.9177532160232338,-1.2375363945698403,-41.9546640439192,0.40655639458069187,32,,,,,,,,,,,,,,,,,,,,,,,,,,,,,,,,,,,,,,,,,,,,,,,,,,,,,,,,,,,,,,,,,,,,,,,,,,,,,,,,,,,,,,,,,,,,,,,,,,,,,,,,,,,,,,,,,,,,,,,,,,,,,,,,,,,,,,,,,,,,,,,,,,,,,,,,,,,,,,,,
86,PET,HT,#8,#5,BA_1,1.8195228052758614,3.618871371894561,72.06795309588608,-0.7306707483382557,0.41101714174741744,-30.34627519874652,0.5789213666389145,PP,LT,#2,#1,DIESEL_1,1.115346971054306,2.714339130370434,75.9676490968755,-0.35966543005582535,0.29849916512126534,-33.093802366142675,0.5643697974128332,,,PS,SG,#3,-,H2_1,0.8209562351791501,4.585222893016057,71.82709538062574,-0.374216472329623,-0.4999194784494999,-24.148143899987684,0.6638017481839968,33,,PET,LT,#8,#9,BA_1,1.160937786201763,2.2419732134194548,51.053871539678404,-0.5808713026869865,0.8689980703385775,-25.744863124555383,0.4957314235307932,33,PET,HT,#5,#1,GASOLINE_1,1.3570399201761372,3.594047105875734,61.652792685229514,-0.8932604099832367,-0.8412607415551913,-30.685476778317536,0.502285696367668,33,,,,,,,,,,,,,,,,,,,,,,,,,,,,,,,,,,,,,,,,,,,,,,,,,,,,,,,,,,,,,,,,,,,,,,,,,,,,,,,,,,,,,,,,,,,,,,,,,,,,,,,,,,,,,,,,,,,,,,,,,,,,,,,,,,,,,,,,,,,,,,,,,,,,,,,,,,,,,,,,
87,PET,HT,#8,#6,BA_1,1.0493515567045901,1.361229098505871,43.15423648420836,-0.20991511620981188,2.291238161589139,-9.383657381904479,0.7825553608082422,PP,LT,#2,#2,DIESEL_1,1.1547569405614941,2.780960614373305,77.3176513368755,-0.3778701901731006,0.21278510388468147,-34.765715000072525,0.5503521589320247,,,PS,SG,#6,-,MeOH_1,0.8991672709892435,3.712023133929189,80.9172939450494,-0.2114511388005597,-0.4592289406348875,-42.728847945682034,0.47194418074955613,34,,PET,LT,#8,#10,BA_1,1.1962957706927873,2.531390129917826,54.30052389293563,-0.6178620392514385,0.4794489659494811,-29.75363346349321,0.452056235734328,34,PET,HT,#5,#2,GASOLINE_1,1.6237137012298626,4.13698171688561,81.62546756522953,-0.9554857452853547,-1.0591965168855453,-41.72304472683321,0.4888477092827555,34,,,,,,,,,,,,,,,,,,,,,,,,,,,,,,,,,,,,,,,,,,,,,,,,,,,,,,,,,,,,,,,,,,,,,,,,,,,,,,,,,,,,,,,,,,,,,,,,,,,,,,,,,,,,,,,,,,,,,,,,,,,,,,,,,,,,,,,,,,,,,,,,,,,,,,,,,,,,,,,,
88,PET,HT,#8,#7,BA_1,1.163421015445539,2.0702399305193193,50.05817226372838,-0.2752404553023662,1.6500672678450152,-16.66715588468856,0.6670442580907932,PP,LT,#2,#3,DIESEL_1,1.1015099579246599,2.4812879064144107,75.18591337951487,-0.3417780409351731,0.5492619338597032,-32.05073371528561,0.5737135817782305,,,PS,SG,#7,-,FT_1,1.0694742274729399,4.806818489557282,85.51616561108138,-0.24144989709505,-1.01019243081095,-50.10482166644425,0.4140894729270748,35,,PET,LT,#8,#11,BA_1,1.225312593841294,2.6053778594097845,54.939894758967625,-0.6315693984011875,0.44546117806031227,-30.339514709847197,0.44776896928993487,35,PET,HT,#5,#3,GASOLINE_1,1.3419165218988998,2.8076608765501345,62.0474966001756,-0.8516024077090517,-0.04317794275049001,-29.80366204391286,0.51966374669452,35,,,,,,,,,,,,,,,,,,,,,,,,,,,,,,,,,,,,,,,,,,,,,,,,,,,,,,,,,,,,,,,,,,,,,,,,,,,,,,,,,,,,,,,,,,,,,,,,,,,,,,,,,,,,,,,,,,,,,,,,,,,,,,,,,,,,,,,,,,,,,,,,,,,,,,,,,,,,,,,,
89,PET,HT,#8,#8,BA_1,1.230667781753204,2.1925145170565514,52.13796076464037,-0.36105053994032127,1.514623429277885,-18.984081778389527,0.6358875280127103,PP,LT,#2,#4,DIESEL_1,1.1638964169423958,2.9115877228675435,78.95124013687551,-0.4010241702582677,0.039581403848531545,-36.41758546424089,0.5387332054429447,,,PE,HT,#1,#8,FT_1,1.1412277943003746,3.523332812530191,83.18128022589968,-0.24273930420402565,-0.09165101005581826,-37.45054653427969,0.5497719386793121,36,,PET,HT,#6,-,GASOLINE_1,1.122960940692562,1.7125826154617425,49.2091919515223,-0.6270011049539169,0.8346154391626074,-19.81163246710222,0.5973997604630583,36,PET,HT,#5,#4,GASOLINE_1,1.4420592884627106,4.180782278480817,68.97491748522953,-0.9776847094971522,-1.4952627966816103,-38.27488666042971,0.44508977964887025,36,,,,,,,,,,,,,,,,,,,,,,,,,,,,,,,,,,,,,,,,,,,,,,,,,,,,,,,,,,,,,,,,,,,,,,,,,,,,,,,,,,,,,,,,,,,,,,,,,,,,,,,,,,,,,,,,,,,,,,,,,,,,,,,,,,,,,,,,,,,,,,,,,,,,,,,,,,,,,,,,
90,PET,HT,#8,#9,BA_1,1.1436251279525314,1.8860701622615395,49.012285687078275,-0.2408335956264665,1.8458767097087485,-15.304134590019485,0.6877490128142645,PP,LT,#2,#6,DIESEL_1,1.0144519662573115,1.9625871932611763,68.58610153369186,-0.2520552735261923,1.0438072313354712,-26.069620715224243,0.6198993654360433,,,PE,HT,#2,#2,FT_1,1.212479442667536,3.8714329709829354,86.17668773037731,-0.3267963536633081,-0.2907981681864306,-40.08566855579457,0.5348432434394393,37,,PET,HT,#9,-,GASOLINE_1,1.1640610126091224,2.0808215313536182,52.03908639210515,-0.669519397360392,0.698103912581307,-19.720214804703062,0.6210499420355924,37,PET,HT,#5,#5,GASOLINE_1,1.681097816319257,4.611661661787017,85.31110804522952,-1.0074337276895655,-1.5430807356274145,-45.75570943530713,0.46366058906363333,37,,,,,,,,,,,,,,,,,,,,,,,,,,,,,,,,,,,,,,,,,,,,,,,,,,,,,,,,,,,,,,,,,,,,,,,,,,,,,,,,,,,,,,,,,,,,,,,,,,,,,,,,,,,,,,,,,,,,,,,,,,,,,,,,,,,,,,,,,,,,,,,,,,,,,,,,,,,,,,,,
91,PET,HT,#8,#10,BA_1,1.233387191147338,2.316225329217565,53.43322989860837,-0.3831127373375,1.3421743518034177,-20.312351313208584,0.6198554466620854,PP,LT,#2,#7,DIESEL_1,1.1076326264829492,2.6150739085758845,75.60814403609187,-0.35027679240869336,0.39670016118395596,-32.68855795240591,0.567658241461371,,,PE,HT,#2,#8,FT_1,1.2372699489948622,3.975258158874802,87.60700322445969,-0.358810595451822,-0.40167289671725037,-41.638723263182705,0.524710106148714,38,,PET,HT,#10,-,MeOH_1,1.1935287628086184,2.209093015584005,53.62302486352232,-0.6516627695726323,0.17209634215526282,-24.550398483945433,0.5421668481696167,38,PET,HT,#5,#7,GASOLINE_1,1.3449960264889351,3.0630302204117763,63.30132721307182,-0.8596248489370143,-0.3040306095298177,-32.07659012124917,0.49327144416293844,38,,,,,,,,,,,,,,,,,,,,,,,,,,,,,,,,,,,,,,,,,,,,,,,,,,,,,,,,,,,,,,,,,,,,,,,,,,,,,,,,,,,,,,,,,,,,,,,,,,,,,,,,,,,,,,,,,,,,,,,,,,,,,,,,,,,,,,,,,,,,,,,,,,,,,,,,,,,,,,,,
92,PET,HT,#8,#11,BA_1,1.2521294889001129,2.326280509166212,53.77776106864037,-0.3866792276925127,1.376939306286918,-20.633132589628573,0.6163259276768135,PP,LT,#2,#8,DIESEL_1,1.1587568386570533,2.7188727436860396,77.02944866212387,-0.3906043385784825,0.27372891850317566,-34.606112618411174,0.5507417848697737,,,PE,HT,#3,#1,MeOH_1,1.1811963000472765,3.801409519169051,86.6665201561461,-0.37055255221866346,-0.5544794415007186,-37.4351585487197,0.5680551326939954,39,,PET,HT,#11,-,GASOLINE_1,1.2122710605613933,2.2191481955326524,53.9675560335543,-0.6350842127992286,0.35139246916303335,-25.931230428794503,0.5195033398831,39,PET,HT,#5,#8,GASOLINE_1,1.4122427927966,3.185304806949008,65.38111571398383,-0.9000214382452345,-0.43947444809694797,-34.393516014950144,0.4739533634542428,39,,,,,,,,,,,,,,,,,,,,,,,,,,,,,,,,,,,,,,,,,,,,,,,,,,,,,,,,,,,,,,,,,,,,,,,,,,,,,,,,,,,,,,,,,,,,,,,,,,,,,,,,,,,,,,,,,,,,,,,,,,,,,,,,,,,,,,,,,,,,,,,,,,,,,,,,,,,,,,,,
93,PET,LT,#1,#1,MeOH_1,2.463865682514484,3.505075778003887,83.07920927999999,-1.1667813420141846,-0.13459039734804212,-33.81217018679569,0.5930128550834025,PP,LT,#2,#9,DIESEL_1,1.0942870740376536,2.455155007841779,74.77018174501241,-0.3347557674839159,0.5722447653994444,-31.645990785947824,0.5767565351938069,,,PE,HT,#3,#2,FT_1,1.2954518231761676,4.572415000398865,93.39194862217806,-0.39044177181066336,-0.9850993204535404,-46.19949080710727,0.5053161274746533,40,,PET,LT,#6,-,Olefin,1.0070574232032332,1.5764983285622003,42.400282956800005,-0.5799299706634422,0.8945218505808767,-19.351141835884192,0.543608191115132,40,PET,HT,#5,#9,GASOLINE_1,1.325200138995927,2.8788604521539956,62.25544063642174,-0.8340804223391286,-0.10822116766608357,-30.71356882658012,0.5066524545870528,40,,,,,,,,,,,,,,,,,,,,,,,,,,,,,,,,,,,,,,,,,,,,,,,,,,,,,,,,,,,,,,,,,,,,,,,,,,,,,,,,,,,,,,,,,,,,,,,,,,,,,,,,,,,,,,,,,,,,,,,,,,,,,,,,,,,,,,,,,,,,,,,,,,,,,,,,,,,,,,,,
94,PET,LT,#1,#2,GASOLINE_1,1.8765719154124278,3.3313210552375745,68.54282480000002,-1.1317458895039112,-0.5453673151773405,-35.645208625079846,0.47995711106029826,PP,LT,#2,#10,DIESEL_1,1.1567356121720942,2.880572390879197,79.27741251609186,-0.391487806361082,0.07823272816450358,-36.717702171040244,0.53684535095558,,,PE,HT,#3,#7,MeOH_1,1.1856826578718087,3.844950490748131,87.6815028502285,-0.3784589553159075,-0.5674956314776501,-38.88198903824931,0.556554258602697,41,,PET,LT,#9,-,GASOLINE_1,1.1400583752135207,2.3488487249603476,51.81942402126127,-0.7203342022109658,0.3227669416285434,-26.87106914209656,0.4814479386904902,41,PET,HT,#5,#10,GASOLINE_1,1.4149622021907324,3.309015619110021,66.67638484795184,-0.9214328780210046,-0.6119235255714143,-35.7217855497692,0.46425131429622635,41,,,,,,,,,,,,,,,,,,,,,,,,,,,,,,,,,,,,,,,,,,,,,,,,,,,,,,,,,,,,,,,,,,,,,,,,,,,,,,,,,,,,,,,,,,,,,,,,,,,,,,,,,,,,,,,,,,,,,,,,,,,,,,,,,,,,,,,,,,,,,,,,,,,,,,,,,,,,,,,,
95,PET,LT,#1,#3,GASOLINE_1,1.185495387323956,1.889946869500463,47.679288082389476,-0.7449328243473742,0.4476792939411834,-25.92427218477504,0.4562781193381478,PP,LT,#2,#11,DIESEL_1,1.1699176519044145,2.8874349898853153,78.83855331609188,-0.40005582523609845,0.10033753193039804,-36.444772897279144,0.5377290505172126,,,PE,HT,#4,#1,MeOH_1,1.2338977678279508,3.98800386807172,88.8766649421781,-0.3954313317601903,-0.7228872024524924,-40.537761999890186,0.5438874531772374,42,,PET,OG,#3,-,H2_1,0.7591925500828409,1.8411795611650241,37.360429960147115,-0.6213166822414206,0.2818136796765208,-25.78998493149862,0.30969785521716037,42,PET,HT,#5,#11,GASOLINE_1,1.433704499943509,3.3190707990586694,67.02091601798384,-0.9154531733348248,-0.5771585710879156,-36.0425668261892,0.46221912549631766,42,,,,,,,,,,,,,,,,,,,,,,,,,,,,,,,,,,,,,,,,,,,,,,,,,,,,,,,,,,,,,,,,,,,,,,,,,,,,,,,,,,,,,,,,,,,,,,,,,,,,,,,,,,,,,,,,,,,,,,,,,,,,,,,,,,,,,,,,,,,,,,,,,,,,,,,,,,,,,,,,
96,PET,LT,#1,#4,MeOH_1,1.9445476174399623,4.306680294124027,80.75531568,-1.1680316450703643,-1.6216567337752736,-43.79562605900105,0.4576750064039741,PP,LT,#3,#6,DIESEL_1,1.1230348357169764,2.835418848487699,77.1982036966482,-0.3256144954526448,0.14031176728247285,-33.220281445085426,0.5696754606412198,,,PE,HT,#4,#2,FT_1,1.3481532909568417,4.759009349301534,95.60209340821008,-0.41532055135219,-1.1535070814053139,-49.30209425827779,0.48429900956495336,43,,PET,OG,#6,-,MeOH_1,0.7736682508629217,1.9721039530457667,36.976879883357064,-0.550007867542121,0.036142755122784975,-23.483578649378714,0.3649118388718232,43,PET,HT,#6,#1,MeOH_1,1.4767722293942758,4.759661248566214,75.03170609935968,-0.9992563683378821,-2.426089664229775,-48.65250433778984,0.3515740629253125,43,,,,,,,,,,,,,,,,,,,,,,,,,,,,,,,,,,,,,,,,,,,,,,,,,,,,,,,,,,,,,,,,,,,,,,,,,,,,,,,,,,,,,,,,,,,,,,,,,,,,,,,,,,,,,,,,,,,,,,,,,,,,,,,,,,,,,,,,,,,,,,,,,,,,,,,,,,,,,,,,
97,PET,LT,#1,#5,GASOLINE_1,1.9907429763297875,4.558267433287902,82.128514866032,-1.2679201244143017,-1.7964909981415373,-49.71877984640299,0.3946221975704268,PP,LT,#5,#6,DIESEL_1,1.1331495639759055,2.67502141958522,76.3505627927655,-0.3619889212119732,0.517750962807242,-30.776749444035605,0.5969021272630118,,,PE,HT,#4,#7,MeOH_1,1.238384125652483,4.031544839650801,89.89164763626049,-0.4033377348574342,-0.7359033924294248,-41.9845924894198,0.5329422299688268,44,,PET,OG,#7,-,FT_1,1.0194249752336038,2.1842178493181166,50.83259636335707,-0.46567383190990413,0.4248650150045741,-30.24838713441703,0.40494113426357004,44,PET,HT,#6,#2,MeOH_1,1.7434460104480014,5.30259585957609,95.00438097935965,-1.0614817036399997,-2.6440254395601284,-59.69007228630549,0.37171242345893973,44,,,,,,,,,,,,,,,,,,,,,,,,,,,,,,,,,,,,,,,,,,,,,,,,,,,,,,,,,,,,,,,,,,,,,,,,,,,,,,,,,,,,,,,,,,,,,,,,,,,,,,,,,,,,,,,,,,,,,,,,,,,,,,,,,,,,,,,,,,,,,,,,,,,,,,,,,,,,,,,,
98,PET,LT,#1,#6,GASOLINE_1,1.0208311448248015,1.1530221224931683,40.45812990114556,-0.5595902101002266,1.23241451864001,-17.236486685899468,0.5739672909248477,PP,LT,#8,#1,DIESEL_1,1.1234468192752614,1.7091872313234615,67.36463280113496,-0.406043693499271,1.0358846657654044,-23.08355944818614,0.6573341457032743,,,PE,HT,#5,#1,MeOH_1,1.1905660062037178,3.588031788036571,85.79288827848882,-0.39157793407292074,-0.20332090267795652,-35.27734853032943,0.5888080091695123,45,,PET,OG,#8,-,H2_1,0.7689659989894971,1.8352358905976225,39.75336939530639,-0.6069951365425097,0.38926723568597493,-27.232029239699095,0.31497556926798936,45,PET,HT,#6,#3,MeOH_1,1.461648831117037,3.973275019240614,75.42641001430576,-0.9575983660636953,-1.6280068654250734,-47.770689603385165,0.36665831511370184,45,,,,,,,,,,,,,,,,,,,,,,,,,,,,,,,,,,,,,,,,,,,,,,,,,,,,,,,,,,,,,,,,,,,,,,,,,,,,,,,,,,,,,,,,,,,,,,,,,,,,,,,,,,,,,,,,,,,,,,,,,,,,,,,,,,,,,,,,,,,,,,,,,,,,,,,,,,,,,,,,
99,PET,LT,#1,#7,GASOLINE_1,1.1364306474800692,1.8618570776673726,47.34532651106555,-0.6637499203718854,0.5104063227996367,-24.786429865756954,0.47647568002379553,PP,LT,#8,#3,DIESEL_1,1.1096098061456168,1.4761360073674388,66.58289708377431,-0.38815630437862003,1.286647434503842,-22.040490797329078,0.6689766927744549,,,PE,HT,#5,#2,FT_1,1.3048215293326089,4.359037269266385,92.51831674452082,-0.4114671536649205,-0.6339407816307786,-44.04168078871703,0.5239679845199379,46,,PP,HT,#2,#3,H2_1,1.1077922533517237,3.2811196221628953,76.42094467739498,-0.5138057904747367,0.43098923671956657,-31.155884022825195,0.5923122364641354,46,PET,HT,#6,#4,MeOH_1,1.5617915976808496,5.346396421171296,82.35383089935965,-1.0836806678517978,-3.0800917193561936,-56.24191421990198,0.31706984841260993,46,,,,,,,,,,,,,,,,,,,,,,,,,,,,,,,,,,,,,,,,,,,,,,,,,,,,,,,,,,,,,,,,,,,,,,,,,,,,,,,,,,,,,,,,,,,,,,,,,,,,,,,,,,,,,,,,,,,,,,,,,,,,,,,,,,,,,,,,,,,,,,,,,,,,,,,,,,,,,,,,
100,PET,LT,#1,#8,GASOLINE_1,1.2036774137877322,1.984131664204605,49.42511501197756,-0.7429458978291131,0.39171824853503584,-26.99951188298961,0.45372890125907417,PP,LT,#8,#6,DIESEL_1,1.022551814478268,0.9574352942142041,59.9830852379513,-0.29843353696963903,1.78119273197961,-16.059377797267686,0.7322682263914808,,,PE,HT,#5,#7,MeOH_1,1.1950523640282498,3.631572759615652,86.8078709725712,-0.39948433717016446,-0.2163370926548895,-36.724179019859044,0.5769487419929602,47,,PP,HT,#2,#9,H2_1,1.1074182023167303,2.493228505600858,77.02250043061989,-0.4941372769596893,1.2368450215904694,-29.31441704608671,0.6194045002149408,47,PET,HT,#6,#5,MeOH_1,1.800830125537396,5.777275804477497,98.69002145935967,-1.1134296860442106,-3.127909658301997,-63.7227369947794,0.3543142857556243,47,,,,,,,,,,,,,,,,,,,,,,,,,,,,,,,,,,,,,,,,,,,,,,,,,,,,,,,,,,,,,,,,,,,,,,,,,,,,,,,,,,,,,,,,,,,,,,,,,,,,,,,,,,,,,,,,,,,,,,,,,,,,,,,,,,,,,,,,,,,,,,,,,,,,,,,,,,,,,,,,
101,PET,LT,#1,#9,GASOLINE_1,1.11780631184798,1.7699167102168143,46.57299067268834,-0.6026323940823851,0.6576904955931887,-23.4974882617684,0.49546962901938013,PP,LT,#8,#7,DIESEL_1,1.1157324747039066,1.609922009528912,67.00512774035131,-0.3966550558521405,1.1340856618280952,-22.678315034449373,0.6615435892857464,,,PE,HT,#1,-,MeOH_1,1.1322210317408319,3.6085869703389255,81.4055216573885,-0.32275061208507055,-0.42961539835546436,-33.233607604108016,0.5917524152234006,48,,PP,HT,#3,#9,H2_1,1.1950895405291981,3.1666947684143945,83.68623386604088,-0.564619651156599,0.5818539025196245,-34.67346991960866,0.5856729557801401,48,PET,HT,#6,#6,MeOH_1,1.3506588769661247,3.5196335310888065,69.77630484768198,-0.8428050426993939,-1.2476886384602761,-42.76011917793741,0.38718280838630664,48,,,,,,,,,,,,,,,,,,,,,,,,,,,,,,,,,,,,,,,,,,,,,,,,,,,,,,,,,,,,,,,,,,,,,,,,,,,,,,,,,,,,,,,,,,,,,,,,,,,,,,,,,,,,,,,,,,,,,,,,,,,,,,,,,,,,,,,,,,,,,,,,,,,,,,,,,,,,,,,,
102,PET,LT,#1,#10,GASOLINE_1,1.153164296339003,2.0593336267151856,49.81964302594556,-0.7110847961725388,0.2681413912040922,-27.50625860070621,0.4478832659161922,PP,LT,#8,#9,DIESEL_1,1.1023869222586107,1.4500031087948066,66.16716544927185,-0.38113403092736275,1.3096302660435837,-21.63574786799127,0.673013832146419,,,PE,HT,#2,-,FT_1,1.2412898043561607,4.5758105817774775,85.55345879830051,-0.3984459077368257,-0.9797860289770439,-37.03719877663382,0.567087067000387,49,,PP,HT,#4,#9,JET FUEL_1,1.2391750520237335,3.2914484104993673,85.29123290604089,-0.5164199170714392,0.3795725825544998,-33.13780649289807,0.6114746455898513,49,PET,HT,#6,#7,MeOH_1,1.4647283357070737,4.228644363102257,76.68024062720198,-0.9656208072916596,-1.8888595322044022,-50.043617680721475,0.34737270943084764,49,,,,,,,,,,,,,,,,,,,,,,,,,,,,,,,,,,,,,,,,,,,,,,,,,,,,,,,,,,,,,,,,,,,,,,,,,,,,,,,,,,,,,,,,,,,,,,,,,,,,,,,,,,,,,,,,,,,,,,,,,,,,,,,,,,,,,,,,,,,,,,,,,,,,,,,,,,,,,,,,
103,PET,LT,#1,#11,GASOLINE_1,1.1821811194875098,2.133321356207144,50.459013891977555,-0.7275706705461515,0.23415360331492335,-28.092139847060196,0.4432681560682155,PP,LT,#9,#6,DIESEL_1,1.0952371971018424,1.3716995438304083,60.20777664227132,-0.4155306613590243,1.5438834243206419,-16.121185669920965,0.732240807268036,,,PE,HT,#7,-,MeOH_1,1.1223762443943162,3.505065688140515,80.67368137219589,-0.31307069603437343,-0.35224086898035256,-32.28826698385481,0.5997670313954095,50,,PP,HT,#5,#3,H2_1,1.1825044589742297,3.7327660668580167,82.21115812295504,-0.5765997036102568,0.10238383268984466,-34.59976327766521,0.5791354352906963,50,PET,HT,#6,#8,MeOH_1,1.531975102014739,4.350918949639488,78.76002912811397,-1.00601739659988,-2.0243033707715314,-52.36054357442243,0.33518887493996685,50,,,,,,,,,,,,,,,,,,,,,,,,,,,,,,,,,,,,,,,,,,,,,,,,,,,,,,,,,,,,,,,,,,,,,,,,,,,,,,,,,,,,,,,,,,,,,,,,,,,,,,,,,,,,,,,,,,,,,,,,,,,,,,,,,,,,,,,,,,,,,,,,,,,,,,,,,,,,,,,,
104,PET,LT,#2,#1,MeOH_1,2.591518896099666,4.0977800236873225,88.11751336640002,-1.317473924901008,-0.5941481095777184,-38.75730489503833,0.5601634293300788,PP,HT,#6,-,Olefin,0.8743114903604071,1.5173377117774733,63.40391747228963,-0.26552683179805264,1.8027721982757163,-20.812291277567446,0.6717507039424914,,,PE,HT,#8,-,FT_1,1.2723359462688777,4.530849252260102,89.27846503822788,-0.3453403932140409,-0.9402233433800533,-43.271271008838156,0.515322412965882,51,,PP,HT,#5,#9,H2_1,1.1821304079392365,2.9448749502959792,82.81271387617994,-0.5569311900952091,0.9082396175607481,-32.75829630092673,0.6044291417631074,51,PET,HT,#6,#9,MeOH_1,1.4449324482140664,4.044474594844476,75.63435405055188,-0.9400763806937741,-1.693050090340668,-48.680596386052386,0.35636924520416147,51,,,,,,,,,,,,,,,,,,,,,,,,,,,,,,,,,,,,,,,,,,,,,,,,,,,,,,,,,,,,,,,,,,,,,,,,,,,,,,,,,,,,,,,,,,,,,,,,,,,,,,,,,,,,,,,,,,,,,,,,,,,,,,,,,,,,,,,,,,,,,,,,,,,,,,,,,,,,,,,,
105,PET,LT,#2,#2,FT_1,2.00422512899761,3.92402530092101,73.58112888640004,-1.2824384723907345,-1.0049250274070174,-40.59034333332248,0.44835932870792405,PP,LT,#3,-,DIESEL_1,1.139953097587113,2.8539363794380566,77.74659066436084,-0.3751061154437852,0.34623151088971943,-31.443445962172245,0.5955649541223423,,,PE,SG,#1,-,MeOH_1,1.0024645395185114,4.041559744044348,85.37226838506902,-0.18661531885315652,-0.9833132511627171,-39.415495144902614,0.5383103214837841,52,,PP,HT,#6,#6,Olefin,1.074482616293616,2.737990551910517,77.83419642291061,-0.48195674858634235,0.2955063041401082,-36.63160446148331,0.5293636197842116,52,PET,HT,#6,#10,MeOH_1,1.5346945114088715,4.474629761800501,80.05529826208199,-1.0274288363756503,-2.196752448245998,-53.68881310924151,0.3293534060234576,52,,,,,,,,,,,,,,,,,,,,,,,,,,,,,,,,,,,,,,,,,,,,,,,,,,,,,,,,,,,,,,,,,,,,,,,,,,,,,,,,,,,,,,,,,,,,,,,,,,,,,,,,,,,,,,,,,,,,,,,,,,,,,,,,,,,,,,,,,,,,,,,,,,,,,,,,,,,,,,,,
106,PET,LT,#2,#3,GASOLINE_1,1.313148600909136,2.482651115183899,52.71759216878948,-0.8956254072341955,-0.011878418288493753,-30.869406893017665,0.41443822407174824,PP,LT,#6,-,DIESEL_1,1.0141648327848067,1.9962891138744971,69.07664187897186,-0.2541341252410676,1.0004028976169712,-26.429352497757172,0.617390889614124,,,PE,SG,#2,-,FT_1,1.234309294366866,5.677962293925761,93.21430645110102,-0.2643539314647916,-1.912107390002236,-49.816111265798085,0.46557440416154416,53,,PP,HT,#7,#6,Olefin,1.118041357120713,3.049405775967412,79.55596218291062,-0.5128372636819415,0.07502857117853284,-38.63452600288251,0.5143729653592,53,PET,HT,#6,#11,MeOH_1,1.553436809161648,4.484684941749149,80.39982943211398,-1.0214491316894703,-2.161987493762499,-54.00959438566148,0.3282374506619474,53,,,,,,,,,,,,,,,,,,,,,,,,,,,,,,,,,,,,,,,,,,,,,,,,,,,,,,,,,,,,,,,,,,,,,,,,,,,,,,,,,,,,,,,,,,,,,,,,,,,,,,,,,,,,,,,,,,,,,,,,,,,,,,,,,,,,,,,,,,,,,,,,,,,,,,,,,,,,,,,,
107,PET,LT,#2,#4,MeOH_1,2.0722008310251443,4.899384539807463,85.79361976640001,-1.3187242279571874,-2.08121444600495,-48.74076076724367,0.4318836190854791,PP,LT,#9,-,DIESEL_1,1.1500888336884838,2.860039782912664,78.47954852921656,-0.3836190512196148,0.3466775162420261,-32.285683143096264,0.5886102335173745,,,PE,SG,#3,-,H2_1,0.9189171300787291,5.1567611694152165,77.33209524398757,-0.38751877238534616,-1.0245524337144836,-20.2153489612401,0.738590440392706,54,,PP,HT,#8,#1,MeOH_1,1.1695351457810121,2.691608655204079,71.2303394701914,-0.4469004755008574,0.3776684486363685,-26.602032842039346,0.6265350826641531,54,PET,HT,#7,#1,GASOLINE_1,1.5448422795385488,5.255997522874574,77.76689552539166,-1.0205723618943097,-2.657221685948561,-49.28876959219796,0.36619856998014416,54,,,,,,,,,,,,,,,,,,,,,,,,,,,,,,,,,,,,,,,,,,,,,,,,,,,,,,,,,,,,,,,,,,,,,,,,,,,,,,,,,,,,,,,,,,,,,,,,,,,,,,,,,,,,,,,,,,,,,,,,,,,,,,,,,,,,,,,,,,,,,,,,,,,,,,,,,,,,,,,,
108,PET,LT,#2,#5,FT_1,2.1183961899149693,5.150971678971338,87.16681895243202,-1.418612707301125,-2.256048710371214,-54.66391455464562,0.3728816169777128,PP,OG,#1,-,MeOH_1,0.8202696363318253,2.2283474767511042,57.7485152,-0.3884337668808094,0.22364599687367528,-31.2642130105518,0.4586144266692453,,,PE,SG,#6,-,MeOH_1,1.0271402876455078,4.017470396803597,88.99923978878815,-0.19667099045624484,-0.8601753499644902,-41.70676480770435,0.5313806622766407,55,,PP,HT,#8,#2,FT_1,1.269778723576522,2.943759872220187,73.0441311362234,-0.4244390865730563,0.4150024272067985,-32.43512257550714,0.5559516956260679,55,PET,HT,#7,#2,GASOLINE_1,1.811516060592274,5.798932133884449,97.73957040539166,-1.0827976971964273,-2.8751574612789144,-60.326337540713624,0.38278491208320464,55,,,,,,,,,,,,,,,,,,,,,,,,,,,,,,,,,,,,,,,,,,,,,,,,,,,,,,,,,,,,,,,,,,,,,,,,,,,,,,,,,,,,,,,,,,,,,,,,,,,,,,,,,,,,,,,,,,,,,,,,,,,,,,,,,,,,,,,,,,,,,,,,,,,,,,,,,,,,,,,,
109,PET,LT,#2,#6,Olefin,1.148484358409982,1.7457263681766044,45.49643398754556,-0.7102827929870483,0.7728568064103326,-22.181621394142088,0.5124536265806193,PP,OG,#6,-,MeOH_1,0.8439976232693138,2.1154372125163654,66.13528103252321,-0.3729437064213674,0.3967524107758385,-40.19137827825222,0.39228536341310183,,,PE,SG,#7,-,FT_1,1.2614770146104943,6.044972656811135,99.64161065482017,-0.320945041796881,-2.201851396932778,-55.796290260168725,0.44003022538988257,56,,PP,HT,#8,#3,H2_1,1.1938887909615712,2.560618039286091,68.75030980804006,-0.6037450450073473,1.098506477256358,-23.46263665808997,0.6587268228521334,56,PET,HT,#7,#3,GASOLINE_1,1.5297188812613096,4.469611293548974,78.16159944033777,-0.9789143596201227,-1.8591388871438599,-48.4069548577933,0.3806811118963443,56,,,,,,,,,,,,,,,,,,,,,,,,,,,,,,,,,,,,,,,,,,,,,,,,,,,,,,,,,,,,,,,,,,,,,,,,,,,,,,,,,,,,,,,,,,,,,,,,,,,,,,,,,,,,,,,,,,,,,,,,,,,,,,,,,,,,,,,,,,,,,,,,,,,,,,,,,,,,,,,,
110,PET,LT,#2,#7,GASOLINE_1,1.2640838610652494,2.454561323350809,52.383630597465555,-0.814442503258707,0.05084861056995958,-29.731564573999577,0.43242642339040044,PP,OG,#7,-,FT_1,0.9553304927718149,2.346137348843497,66.62877079252321,-0.27063248603239043,0.6748984865381441,-41.41126599297753,0.37847771314993967,,,PE,HG,#4,-,MeOH_1,0.9551273207106576,3.005561994045711,88.17238736,-0.3241281907701688,-0.13576604096027522,-50.24534461241865,0.43014648784237414,57,,PP,HT,#8,#6,Olefin,0.9887463286558174,0.7795593267488293,55.80057195813468,-0.432745506433251,2.2747760604112344,-15.428739755823221,0.7235021216736113,57,PET,HT,#7,#4,GASOLINE_1,1.6298616478251229,5.842732695479655,85.08902032539164,-1.1049966614082254,-3.311223741074979,-56.8781794743101,0.3315450188896237,57,,,,,,,,,,,,,,,,,,,,,,,,,,,,,,,,,,,,,,,,,,,,,,,,,,,,,,,,,,,,,,,,,,,,,,,,,,,,,,,,,,,,,,,,,,,,,,,,,,,,,,,,,,,,,,,,,,,,,,,,,,,,,,,,,,,,,,,,,,,,,,,,,,,,,,,,,,,,,,,,
111,PET,LT,#2,#8,GASOLINE_1,1.3313306273729142,2.576835909888041,54.463419098377564,-0.8936384807159365,-0.06783946369464129,-31.944646591232242,0.4134660085601593,PVC,LT,#1,#6,GASOLINE_1,0.6955849690367627,0.6524114764664896,24.953856637896738,-0.3894048299005954,0.6552319347070953,-8.533281352279301,0.6580375740670066,,,PE,HG,#5,-,DIESEL_1,1.0189106943323483,3.5383979940502823,91.4753208,-0.3736336673918595,-0.5392276376941192,-53.916574700448244,0.41058884266358053,58,,PP,HT,#8,#7,MeOH_1,1.1611690702934367,2.40636169718454,71.35346196009205,-0.4437491169226341,0.7105048152528575,-27.899015501539807,0.6090026365203736,58,PET,HT,#7,#5,GASOLINE_1,1.8689001756816688,6.273612078785857,101.42521088539165,-1.1347456796006385,-3.3590416800207854,-64.35900224918755,0.36545360184745523,58,,,,,,,,,,,,,,,,,,,,,,,,,,,,,,,,,,,,,,,,,,,,,,,,,,,,,,,,,,,,,,,,,,,,,,,,,,,,,,,,,,,,,,,,,,,,,,,,,,,,,,,,,,,,,,,,,,,,,,,,,,,,,,,,,,,,,,,,,,,,,,,,,,,,,,,,,,,,,,,,
112,PET,LT,#2,#9,GASOLINE_1,1.2454595254331615,2.3626209559002502,51.61129475908835,-0.7533249769692083,0.19813278336351156,-28.442622970011026,0.4489070056704498,PS,HT,#1,-,GASOLINE_1,1.0686188408502173,1.531773900195635,65.88056956652426,-0.19029157616557882,1.7024303958992903,-18.502691557026452,0.7191479721749677,,,,,,,,,,,,,,,59,,PP,HT,#8,#8,FT_1,1.2768697540347487,3.178793718630183,77.53710962612405,-0.47056191821002985,0.24522292347060562,-35.82030555847262,0.5380237188206467,59,PET,HT,#7,#6,GASOLINE_1,1.4187289271103978,4.015969805397166,72.51149427371398,-0.8641210362558216,-1.4788206601790626,-43.396384432345535,0.4015240636396996,59,,,,,,,,,,,,,,,,,,,,,,,,,,,,,,,,,,,,,,,,,,,,,,,,,,,,,,,,,,,,,,,,,,,,,,,,,,,,,,,,,,,,,,,,,,,,,,,,,,,,,,,,,,,,,,,,,,,,,,,,,,,,,,,,,,,,,,,,,,,,,,,,,,,,,,,,,,,,,,,,
113,PET,LT,#2,#10,GASOLINE_1,1.2808175099241852,2.6520378723986213,54.85794711234555,-0.8617773790593622,-0.19141632102558465,-32.45139330894883,0.4084468155089642,PS,HT,#2,-,GASOLINE_1,1.1328615205017698,2.1555991557421024,71.74702843105656,-0.3874183797577095,1.3075621132826052,-27.950109066719765,0.6104353075252769,,,,,,,,,,,,,,,60,,PP,HT,#8,#9,H2_1,1.1935147399265795,1.7727269227240539,69.35186556126494,-0.5840765314923012,1.904362262127261,-21.621169681351482,0.6882395375182591,60,PET,HT,#7,#7,GASOLINE_1,1.5327983858513472,4.724980637410615,79.41543005323398,-0.9869368008480875,-2.119991553923187,-50.679882935129605,0.36183833669152565,60,,,,,,,,,,,,,,,,,,,,,,,,,,,,,,,,,,,,,,,,,,,,,,,,,,,,,,,,,,,,,,,,,,,,,,,,,,,,,,,,,,,,,,,,,,,,,,,,,,,,,,,,,,,,,,,,,,,,,,,,,,,,,,,,,,,,,,,,,,,,,,,,,,,,,,,,,,,,,,,,
114,PET,LT,#2,#11,GASOLINE_1,1.3098343330726918,2.7260256018905795,55.49731797837755,-0.8782632534329746,-0.2254041089147532,-33.03727455530282,0.4047050243369499,PS,LT,#1,-,GASOLINE_1,1.0792568026449025,1.476590091714593,65.44101526225894,-0.18979368795933724,1.7596327074647606,-17.648425383541937,0.7303155320434016,,,,,,,,,,,,,,,61,,PP,HT,#9,#1,MeOH_1,1.2751800887674132,3.1042224552804583,74.3177160818714,-0.5707640458565129,0.032128865522756275,-29.551138369126193,0.6023675117172403,61,PET,HT,#7,#8,GASOLINE_1,1.600045152159012,4.847255223947847,81.49521855414598,-1.0273333901563078,-2.2554353924903174,-52.996808828830574,0.34969425484000466,61,,,,,,,,,,,,,,,,,,,,,,,,,,,,,,,,,,,,,,,,,,,,,,,,,,,,,,,,,,,,,,,,,,,,,,,,,,,,,,,,,,,,,,,,,,,,,,,,,,,,,,,,,,,,,,,,,,,,,,,,,,,,,,,,,,,,,,,,,,,,,,,,,,,,,,,,,,,,,,,,
115,PET,LT,#3,#1,MeOH_1,2.696855057484815,4.840802824902451,95.61827250390499,-1.284020261298303,-1.3205631250741006,-45.373484174580895,0.5254726634731047,PS,LT,#2,-,GASOLINE_1,1.1321852446118805,2.0322511628359154,71.14678184017563,-0.2916738067358831,1.547366474614761,-20.869373726899408,0.7066715712626266,,,,,,,,,,,,,,,62,,PP,HT,#9,#2,FT_1,1.3754236665629211,3.356373672296567,76.13150774790343,-0.5483026569287098,0.06946284409318566,-35.384228102594,0.5352222864183529,62,PET,HT,#7,#9,GASOLINE_1,1.5130024983583394,4.5408108691528355,78.36954347658387,-0.9613923742502022,-1.9241821120594542,-49.31686164046053,0.3707139348694054,62,,,,,,,,,,,,,,,,,,,,,,,,,,,,,,,,,,,,,,,,,,,,,,,,,,,,,,,,,,,,,,,,,,,,,,,,,,,,,,,,,,,,,,,,,,,,,,,,,,,,,,,,,,,,,,,,,,,,,,,,,,,,,,,,,,,,,,,,,,,,,,,,,,,,,,,,,,,,,,,,
116,PET,LT,#3,#2,FT_1,2.1095612903827594,4.667048102136141,81.081888023905,-1.2489848087880298,-1.7313400429034007,-47.20652261286501,0.41779201541351213,PS,LT,#8,-,Aromatics,1.020611500684272,0.9893069664883944,53.84353192850068,-0.19338071412416782,2.9708031849057353,-9.944629860053043,0.815305023577231,,,,,,,,,,,,,,,63,,PP,HT,#9,#3,H2_1,1.299533733947972,2.9732318393624713,71.83768641972004,-0.7276086153630027,0.7529668941427449,-26.411742185176806,0.6323414143536983,63,PET,HT,#7,#10,GASOLINE_1,1.6027645615531447,4.970966036108861,82.79048768811398,-1.048744829932078,-2.4278844699647846,-54.325078363649624,0.34382463637245925,63,,,,,,,,,,,,,,,,,,,,,,,,,,,,,,,,,,,,,,,,,,,,,,,,,,,,,,,,,,,,,,,,,,,,,,,,,,,,,,,,,,,,,,,,,,,,,,,,,,,,,,,,,,,,,,,,,,,,,,,,,,,,,,,,,,,,,,,,,,,,,,,,,,,,,,,,,,,,,,,,
117,PET,LT,#3,#3,GASOLINE_1,1.4184847622942853,3.2256739163990282,60.21835130629446,-0.8621717436314907,-0.7382934337848759,-37.48558617256023,0.377505604862982,PS,LT,#9,-,Aromatics,1.1135524643212458,1.4362888489759162,56.796355064292676,-0.3226340028137426,2.6513901641134003,-12.513511680619457,0.7796775573634199,,,,,,,,,,,,,,,64,,PP,HT,#9,#6,Olefin,1.0943912716422182,1.1921731268252094,58.88794856981466,-0.5566090767889063,1.9292364772976214,-18.37784528291005,0.6879183987684309,64,PET,HT,#7,#11,GASOLINE_1,1.621506859305921,4.981021216057508,83.13501885814598,-1.0427651252458978,-2.3931195154812848,-54.64585964006961,0.34268542437799493,64,,,,,,,,,,,,,,,,,,,,,,,,,,,,,,,,,,,,,,,,,,,,,,,,,,,,,,,,,,,,,,,,,,,,,,,,,,,,,,,,,,,,,,,,,,,,,,,,,,,,,,,,,,,,,,,,,,,,,,,,,,,,,,,,,,,,,,,,,,,,,,,,,,,,,,,,,,,,,,,,
118,PET,LT,#3,#4,MeOH_1,2.1775369924102934,5.642407341022593,93.29437890390497,-1.2852705643544824,-2.8076294615013326,-55.35694004678622,0.4066422790187076,PS,OG,#6,-,MeOH_1,0.8001715879173781,1.797987247189005,54.76427531555752,-0.4115653728106978,0.9616615645564947,-34.71805154115923,0.3660456321003034,,,,,,,,,,,,,,,65,,PP,HT,#9,#7,MeOH_1,1.266814013279838,2.818975497260919,74.44083857177202,-0.5676126872782896,0.36496523213924525,-30.848121028626647,0.5856021826126465,65,PET,LT,#1,#1,MeOH_1,1.4929856825144838,3.505075778003887,83.07920927999999,-0.7407081774450244,-0.13459039734804212,-33.81217018679569,0.5930128550834025,65,,,,,,,,,,,,,,,,,,,,,,,,,,,,,,,,,,,,,,,,,,,,,,,,,,,,,,,,,,,,,,,,,,,,,,,,,,,,,,,,,,,,,,,,,,,,,,,,,,,,,,,,,,,,,,,,,,,,,,,,,,,,,,,,,,,,,,,,,,,,,,,,,,,,,,,,,,,,,,,,
119,PET,LT,#3,#5,FT_1,2.2237323513001184,5.893994480186467,94.66757808993698,-1.3851590436984202,-2.982463725867597,-61.28009383418817,0.3526812973289516,PS,OG,#7,-,FT_1,1.0587866605095826,2.3050951710087197,69.39587467555754,-0.3840644082149741,1.0862351166239999,-44.68298242913264,0.3561147166450979,,,,,,,,,,,,,,,66,,PP,HT,#9,#9,H2_1,1.2991596829129801,2.185340722800434,72.43924217294494,-0.7079401018479565,1.5588226790136475,-24.57027520843832,0.6608154023784779,66,PET,LT,#1,#2,GASOLINE_1,1.353691915412427,3.3313210552375745,68.54282480000002,-0.7102309973627363,-0.5453673151773405,-35.645208625079846,0.47995711106029826,66,,,,,,,,,,,,,,,,,,,,,,,,,,,,,,,,,,,,,,,,,,,,,,,,,,,,,,,,,,,,,,,,,,,,,,,,,,,,,,,,,,,,,,,,,,,,,,,,,,,,,,,,,,,,,,,,,,,,,,,,,,,,,,,,,,,,,,,,,,,,,,,,,,,,,,,,,,,,,,,,
120,PET,LT,#3,#6,GASOLINE_1,1.2538205197951313,2.488749169391734,52.997193125050536,-0.6768291293843438,0.046441790913950204,-28.797800673684648,0.4566164927690745,PE,HT,#1,#1,MeOH_1,1.0021817648441573,2.64850214340851,75.02553626578532,-0.19083584282351226,0.44984359742782326,-27.133159568503928,0.6383476757515995,,,,,,,,,,,,,,,67,,PP,LT,#5,#3,DIESEL_1,1.2202075556432541,3.1937221327384537,82.95037463858853,-0.451711688620954,0.02320566533147484,-36.75786244409702,0.5568692413476183,67,PET,LT,#1,#4,MeOH_1,1.4216676174399623,4.306680294124027,80.75531568,-0.7798342826766181,-1.6216567337752736,-43.79562605900105,0.4576750064039741,67,,,,,,,,,,,,,,,,,,,,,,,,,,,,,,,,,,,,,,,,,,,,,,,,,,,,,,,,,,,,,,,,,,,,,,,,,,,,,,,,,,,,,,,,,,,,,,,,,,,,,,,,,,,,,,,,,,,,,,,,,,,,,,,,,,,,,,,,,,,,,,,,,,,,,,,,,,,,,,,,
121,PET,LT,#3,#7,MeOH_1,1.3694200224503987,3.197584124565938,59.88438973497053,-0.7809888396560025,-0.6755664049264228,-36.34774385354215,0.393034745542105,PE,HT,#1,#2,FT_1,1.1164372879730486,3.4195076246383236,81.7509647318173,-0.2107250624155121,0.01922371847500205,-35.89749182689154,0.5608921320420784,,,,,,,,,,,,,,,68,,PP,LT,#5,#9,DIESEL_1,1.2129846717562496,3.1675892341658223,82.53464300408606,-0.4446894151696984,0.046188496871216,-36.35311951475922,0.5595410824887257,68,PET,LT,#1,#5,GASOLINE_1,1.467862976329787,4.558267433287902,82.128514866032,-0.815285680372871,-1.7964909981415373,-49.71877984640299,0.3946221975704268,68,,,,,,,,,,,,,,,,,,,,,,,,,,,,,,,,,,,,,,,,,,,,,,,,,,,,,,,,,,,,,,,,,,,,,,,,,,,,,,,,,,,,,,,,,,,,,,,,,,,,,,,,,,,,,,,,,,,,,,,,,,,,,,,,,,,,,,,,,,,,,,,,,,,,,,,,,,,,,,,,
122,PET,LT,#3,#8,GASOLINE_1,1.4366667887580633,3.31985871110317,61.96417823588254,-0.8601848171132315,-0.7942544791910231,-38.560825870774806,0.3776916442919145,PE,HT,#1,#3,GASOLINE_1,1.0281304231754196,2.8953461532868157,73.20069846714527,-0.3363245887789037,0.7557794316413152,-22.337576208910896,0.6948447668305148,,,,,,,,,,,,,,,69,,PP,LT,#8,#2,DIESEL_1,1.16285678878245,1.7758087153263324,68.71463504113495,-0.42424845361654634,0.9501706045288204,-24.75547208211599,0.6397350860221187,69,PET,LT,#2,#1,MeOH_1,1.620638896099666,4.0977800236873225,88.11751336640002,-0.8914007603318477,-0.5941481095777184,-38.75730489503833,0.5601634293300788,69,,,,,,,,,,,,,,,,,,,,,,,,,,,,,,,,,,,,,,,,,,,,,,,,,,,,,,,,,,,,,,,,,,,,,,,,,,,,,,,,,,,,,,,,,,,,,,,,,,,,,,,,,,,,,,,,,,,,,,,,,,,,,,,,,,,,,,,,,,,,,,,,,,,,,,,,,,,,,,,,
123,PET,LT,#3,#9,GASOLINE_1,1.3507956868183109,3.1056437571153794,59.11205389659332,-0.7198713133665036,-0.5282822321328705,-35.05880224955357,0.4069094213697413,PE,HT,#1,#6,Olefin,0.8666306116247967,1.2226337996493795,61.76614021449375,-0.20429519247290187,1.9214336092949411,-17.108815694364196,0.7230065593389706,,,,,,,,,,,,,,,70,,PP,LT,#8,#4,DIESEL_1,1.1719962651633529,1.9064358238205716,70.34822384113495,-0.4474024337017151,0.7769669044926703,-26.407342546284365,0.6246196264184412,70,PET,LT,#2,#2,FT_1,1.4813451289976094,3.92402530092101,73.58112888640004,-0.8609235802495602,-1.0049250274070174,-40.59034333332248,0.44835932870792405,70,,,,,,,,,,,,,,,,,,,,,,,,,,,,,,,,,,,,,,,,,,,,,,,,,,,,,,,,,,,,,,,,,,,,,,,,,,,,,,,,,,,,,,,,,,,,,,,,,,,,,,,,,,,,,,,,,,,,,,,,,,,,,,,,,,,,,,,,,,,,,,,,,,,,,,,,,,,,,,,,
124,PET,LT,#3,#10,MeOH_1,1.3861536713093343,3.395060673613751,62.35870624985053,-0.8283237154566575,-0.917831336521967,-39.06757258849139,0.37350251571992754,PE,HT,#1,#7,MeOH_1,1.0066681226686898,2.6920431149875914,76.0405189598677,-0.19874224592075634,0.43682740745089027,-28.579990058033534,0.6241478826161438,,,,,,,,,,,,,,,71,,PP,LT,#8,#5,DIESEL_1,1.216907858680831,2.019653189840359,71.34701488113495,-0.4677820518972863,0.7346662762429914,-26.595057664452714,0.627243582527448,71,PET,LT,#2,#3,GASOLINE_1,1.174268600909136,2.482651115183899,52.71759216878948,-0.7807838313496064,-0.011878418288493753,-30.869406893017665,0.41443822407174824,71,,,,,,,,,,,,,,,,,,,,,,,,,,,,,,,,,,,,,,,,,,,,,,,,,,,,,,,,,,,,,,,,,,,,,,,,,,,,,,,,,,,,,,,,,,,,,,,,,,,,,,,,,,,,,,,,,,,,,,,,,,,,,,,,,,,,,,,,,,,,,,,,,,,,,,,,,,,,,,,,
125,PET,LT,#3,#11,GASOLINE_1,1.4151704944578407,3.4690484031057096,62.99807711588253,-0.8448095898302697,-0.9518191244111359,-39.65345383484538,0.37056088613777244,PE,HT,#1,#9,GASOLINE_1,1.053681464176407,2.937975459696716,74.93275572773791,-0.3519480650219244,0.7394459086226853,-23.278339812812646,0.6893436043191498,,,,,,,,,,,,,,,72,,PP,LT,#8,#8,DIESEL_1,1.1668566868780086,1.713720844639067,68.42643236638331,-0.43698260202192796,1.0111144191473147,-24.59586970045462,0.6405501668016506,,PET,LT,#2,#4,MeOH_1,1.549320831025144,4.899384539807463,85.79361976640001,-0.9305268655634412,-2.08121444600495,-48.74076076724367,0.4318836190854791,72,,,,,,,,,,,,,,,,,,,,,,,,,,,,,,,,,,,,,,,,,,,,,,,,,,,,,,,,,,,,,,,,,,,,,,,,,,,,,,,,,,,,,,,,,,,,,,,,,,,,,,,,,,,,,,,,,,,,,,,,,,,,,,,,,,,,,,,,,,,,,,,,,,,,,,,,,,,,,,,,
126,PET,LT,#4,#1,MeOH_1,2.772589069776644,5.073877314457658,97.93896420481698,-1.39172510703756,-1.555765932045365,-48.4008907961285,0.5058055678952343,PE,HT,#2,#1,MeOH_1,1.0982239195386463,3.100427489753121,79.45125926434532,-0.30690713407131004,0.13982171076639116,-31.321336297406972,0.6057792338671869,,,,,,,,,,,,,,,73,,PP,LT,#8,#10,DIESEL_1,1.1648354603930495,1.875420491832225,70.67439622035131,-0.4378660698045273,0.8156182288086423,-26.707459253083712,0.6221055901232722,,PET,LT,#2,#5,FT_1,1.5955161899149692,5.150971678971338,87.16681895243202,-0.9659782632596944,-2.256048710371214,-54.66391455464562,0.3728816169777128,73,,,,,,,,,,,,,,,,,,,,,,,,,,,,,,,,,,,,,,,,,,,,,,,,,,,,,,,,,,,,,,,,,,,,,,,,,,,,,,,,,,,,,,,,,,,,,,,,,,,,,,,,,,,,,,,,,,,,,,,,,,,,,,,,,,,,,,,,,,,,,,,,,,,,,,,,,,,,,,,,
127,PET,LT,#4,#2,FT_1,2.185295302674589,4.900122591691345,83.402579724817,-1.3566896545272873,-1.9665428498746647,-50.23392923441264,0.3976933399403568,PE,HT,#2,#6,Olefin,0.9626727663192854,1.67455914599399,66.19186321305375,-0.3203664837206993,1.6114117226335094,-21.296992423267234,0.6782536192595462,,,,,,,,,,,,,,,74,,PP,LT,#8,#11,DIESEL_1,1.1780175001253714,1.8822830908383434,70.2355370203513,-0.4464340886795456,0.8377230325745365,-26.4345299793226,0.6236302717858769,,PET,LT,#2,#8,GASOLINE_1,1.1924506273729143,2.576835909888041,54.463419098377564,-0.760830013389238,-0.06783946369464129,-31.944646591232242,0.4134660085601593,74,,,,,,,,,,,,,,,,,,,,,,,,,,,,,,,,,,,,,,,,,,,,,,,,,,,,,,,,,,,,,,,,,,,,,,,,,,,,,,,,,,,,,,,,,,,,,,,,,,,,,,,,,,,,,,,,,,,,,,,,,,,,,,,,,,,,,,,,,,,,,,,,,,,,,,,,,,,,,,,,
128,PET,LT,#4,#3,GASOLINE_1,1.494218774586115,3.458748405954234,62.53904300720645,-0.9698765893707478,-0.9734962407561404,-40.512992794107845,0.3521967902604541,PE,HT,#2,#7,MeOH_1,1.1027102773631772,3.143968461332202,80.4662419584277,-0.31481353716855237,0.12680552078945845,-32.76816678693659,0.5927712542625512,,,,,,,,,,,,,,,75,,PP,LT,#9,#1,DIESEL_1,1.1961322018988367,2.1234514809396656,67.58932420545496,-0.5231408178886566,0.7985753581064364,-23.14536732083941,0.6575588291061593,,PET,LT,#2,#10,GASOLINE_1,1.1419375099241849,2.6520378723986213,54.85794711234555,-0.7268918761452738,-0.19141632102558465,-32.45139330894883,0.4084468155089642,75,,,,,,,,,,,,,,,,,,,,,,,,,,,,,,,,,,,,,,,,,,,,,,,,,,,,,,,,,,,,,,,,,,,,,,,,,,,,,,,,,,,,,,,,,,,,,,,,,,,,,,,,,,,,,,,,,,,,,,,,,,,,,,,,,,,,,,,,,,,,,,,,,,,,,,,,,,,,,,,,
129,PET,LT,#4,#4,MeOH_1,2.2532710047021234,5.875481830577798,95.61507060481696,-1.3929754100937402,-3.0428322684725964,-58.38434666833385,0.3893813360276647,PE,HT,#3,#6,Olefin,1.0456451468279155,2.375541175409921,73.40712410485453,-0.38401190186805306,0.9171105703663986,-27.41081467457996,0.6265919008701877,,,,,,,,,,,,,,,76,,PP,LT,#9,#2,DIESEL_1,1.2355421714060237,2.1900729649425363,68.93932644545497,-0.5413455780059309,0.7128612968698526,-24.81727995476926,0.6400127295353722,,PET,LT,#2,#11,GASOLINE_1,1.1709543330726915,2.7260256018905795,55.49731797837755,-0.740599235295023,-0.2254041089147532,-33.03727455530282,0.4047050243369499,76,,,,,,,,,,,,,,,,,,,,,,,,,,,,,,,,,,,,,,,,,,,,,,,,,,,,,,,,,,,,,,,,,,,,,,,,,,,,,,,,,,,,,,,,,,,,,,,,,,,,,,,,,,,,,,,,,,,,,,,,,,,,,,,,,,,,,,,,,,,,,,,,,,,,,,,,,,,,,,,,
130,PET,LT,#4,#5,FT_1,2.299466363591948,6.127068969741675,96.98826979084897,-1.4928638894376773,-3.217666532838863,-64.30750045573579,0.336955895858209,PE,HT,#4,#6,Olefin,1.0983466146085903,2.5621355243125903,75.61726889088652,-0.40889068140958,0.7487028094146249,-30.51341812575045,0.5964755329925971,,,,,,,,,,,,,,,77,,PP,LT,#9,#3,DIESEL_1,1.1822951887691908,1.8904002569836422,66.80758848809432,-0.5052534287680046,1.0493381268448743,-22.10229866998234,0.6691648483327436,,PET,LT,#3,#1,MeOH_1,1.7259750574848147,4.840802824902451,95.61827250390499,-0.9850534473306166,-1.3205631250741006,-45.373484174580895,0.5254726634731047,77,,,,,,,,,,,,,,,,,,,,,,,,,,,,,,,,,,,,,,,,,,,,,,,,,,,,,,,,,,,,,,,,,,,,,,,,,,,,,,,,,,,,,,,,,,,,,,,,,,,,,,,,,,,,,,,,,,,,,,,,,,,,,,,,,,,,,,,,,,,,,,,,,,,,,,,,,,,,,,,,
131,PET,LT,#4,#6,GASOLINE_1,1.3295545320869604,2.72182365894694,55.31788482596254,-0.7845339751236002,-0.18876101605731427,-31.825207295232268,0.42468502916627004,PE,HT,#5,#6,Olefin,1.0550148529843573,2.1621634442774402,72.53349222719729,-0.40503728372231035,1.2682691091891616,-25.25300465618971,0.6518435293713764,,,,,,,,,,,,,,,78,,PP,LT,#9,#4,DIESEL_1,1.2446816477869267,2.320700073436776,70.57291524545496,-0.5644995580910993,0.5396575968337017,-26.469150418937627,0.6249389680605225,,PET,LT,#3,#2,FT_1,1.586681290382758,4.667048102136141,81.081888023905,-0.9545762672483291,-1.7313400429034007,-47.20652261286501,0.41779201541351213,78,,,,,,,,,,,,,,,,,,,,,,,,,,,,,,,,,,,,,,,,,,,,,,,,,,,,,,,,,,,,,,,,,,,,,,,,,,,,,,,,,,,,,,,,,,,,,,,,,,,,,,,,,,,,,,,,,,,,,,,,,,,,,,,,,,,,,,,,,,,,,,,,,,,,,,,,,,,,,,,,
132,PET,LT,#4,#7,GASOLINE_1,1.445154034742228,3.4306586141211444,62.20508143588254,-0.8886936853952594,-0.9107692118976879,-39.375150475089775,0.3670107077076101,PE,LT,#1,#1,JET FUEL_1,1.0962944483179264,1.8012461523060475,85.93895404236105,-0.3009877620453763,1.0603780880003755,-42.6684260212392,0.5035030796371216,,,,,,,,,,,,,,,79,,PP,LT,#9,#5,DIESEL_1,1.2895932413044051,2.433917439456563,71.57170628545497,-0.5848791762866707,0.4973569685840234,-26.656865537106004,0.6275502301036617,,PET,LT,#3,#3,GASOLINE_1,1.2796047622942852,3.2256739163990282,60.21835130629446,-0.8744365183483757,-0.7382934337848759,-37.48558617256023,0.377505604862982,79,,,,,,,,,,,,,,,,,,,,,,,,,,,,,,,,,,,,,,,,,,,,,,,,,,,,,,,,,,,,,,,,,,,,,,,,,,,,,,,,,,,,,,,,,,,,,,,,,,,,,,,,,,,,,,,,,,,,,,,,,,,,,,,,,,,,,,,,,,,,,,,,,,,,,,,,,,,,,,,,
133,PET,LT,#4,#8,GASOLINE_1,1.5124008010498928,3.552933200658376,64.28486993679454,-0.9678896628524885,-1.0294572861622882,-41.58823249232241,0.3530634419387899,PE,LT,#1,#2,JET FUEL_1,1.1579188654646788,1.9342877922791002,88.22770972236106,-0.34679689764056987,0.937088153357767,-44.64723677153369,0.4939544853648401,,,,,,,,,,,,,,,80,,PP,LT,#9,#7,DIESEL_1,1.18841785732748,2.0241862591451163,67.22981914467131,-0.5137521802415247,0.8967763541691266,-22.740122907102627,0.6617554056159464,,PET,LT,#3,#4,MeOH_1,1.6546569924102932,5.642407341022593,93.29437890390497,-1.0241795525622102,-2.8076294615013326,-55.35694004678622,0.4066422790187076,80,,,,,,,,,,,,,,,,,,,,,,,,,,,,,,,,,,,,,,,,,,,,,,,,,,,,,,,,,,,,,,,,,,,,,,,,,,,,,,,,,,,,,,,,,,,,,,,,,,,,,,,,,,,,,,,,,,,,,,,,,,,,,,,,,,,,,,,,,,,,,,,,,,,,,,,,,,,,,,,,
134,PET,LT,#4,#9,GASOLINE_1,1.4265296991101406,3.3387182466705854,61.432745597505324,-0.8275761591057604,-0.763485039104135,-38.08620887110119,0.38003407627856683,PE,LT,#1,#3,JET FUEL_1,1.083477849877314,1.659681237794016,85.18809967712112,-0.285357796113221,1.2068877647320186,-41.80356270467354,0.5092793140929673,,,,,,,,,,,,,,,81,,PP,LT,#9,#8,DIESEL_1,1.239542069501584,2.1279850942552705,68.65112377070331,-0.554079726411314,0.7738051114883472,-24.65767757310789,0.6408263081684543,,PET,LT,#3,#5,FT_1,1.7008523513001188,5.893994480186467,94.66757808993698,-1.059630950258464,-2.982463725867597,-61.28009383418817,0.3526812973289516,81,,,,,,,,,,,,,,,,,,,,,,,,,,,,,,,,,,,,,,,,,,,,,,,,,,,,,,,,,,,,,,,,,,,,,,,,,,,,,,,,,,,,,,,,,,,,,,,,,,,,,,,,,,,,,,,,,,,,,,,,,,,,,,,,,,,,,,,,,,,,,,,,,,,,,,,,,,,,,,,,
135,PET,LT,#4,#10,GASOLINE_1,1.4618876836011636,3.6281351631689573,64.67939795076255,-0.9360285611959145,-1.153034143493232,-42.09497921003902,0.34917484479240213,PE,LT,#1,#4,JET FUEL_1,1.0894655782477445,1.701062754984243,85.29365191436105,-0.29049468961653757,1.1298015553218062,-42.22090779440315,0.5049935505540906,,,,,,,,,,,,,,,82,,PP,LT,#9,#9,DIESEL_1,1.1750723048821845,1.8642673584110108,66.39185685359185,-0.4982311553167473,1.0723209583846154,-21.697555740644543,0.6731895029161142,,PET,LT,#3,#7,MeOH_1,1.2305400224503986,3.197584124565938,59.88438973497053,-0.8017013215654627,-0.6755664049264228,-36.34774385354215,0.393034745542105,82,,,,,,,,,,,,,,,,,,,,,,,,,,,,,,,,,,,,,,,,,,,,,,,,,,,,,,,,,,,,,,,,,,,,,,,,,,,,,,,,,,,,,,,,,,,,,,,,,,,,,,,,,,,,,,,,,,,,,,,,,,,,,,,,,,,,,,,,,,,,,,,,,,,,,,,,,,,,,,,,
136,PET,LT,#4,#11,GASOLINE_1,1.4909045067496702,3.7021228926609147,65.31876881679453,-0.9525144355695269,-1.1870219313823998,-42.68086045639299,0.3465758582176607,PE,LT,#1,#5,JET FUEL_1,1.145928767641565,1.9351105373261455,88.51553916236105,-0.3294778571170763,0.9518077727511357,-44.57029244536363,0.49646928813696933,,,,,,,,,,,,,,,83,,PP,LT,#9,#10,DIESEL_1,1.2375208430166247,2.289684741448429,70.89908762467132,-0.5549631941939132,0.578308921149674,-26.769267125736977,0.6224314300425234,,PET,LT,#3,#8,GASOLINE_1,1.2977867887580634,3.31985871110317,61.96417823588254,-0.8544827003880073,-0.7942544791910231,-38.560825870774806,0.3776916442919145,83,,,,,,,,,,,,,,,,,,,,,,,,,,,,,,,,,,,,,,,,,,,,,,,,,,,,,,,,,,,,,,,,,,,,,,,,,,,,,,,,,,,,,,,,,,,,,,,,,,,,,,,,,,,,,,,,,,,,,,,,,,,,,,,,,,,,,,,,,,,,,,,,,,,,,,,,,,,,,,,,
137,PET,LT,#5,#1,MeOH_1,2.6905786737789916,4.580481228847689,94.54626302729075,-1.2022230986298217,-0.9561250507838285,-43.27357400038806,0.5423026504189049,PE,LT,#1,#6,JET FUEL_1,1.0352183073815477,1.4614595453091217,82.40852001838132,-0.23862259455504842,1.3856804243520702,-39.25532596855417,0.5236496668087448,,,,,,,,,,,,,,,84,,PP,LT,#9,#11,DIESEL_1,1.2507028827489453,2.2965473404545476,70.4602284246713,-0.56353121306893,0.6004137249155682,-26.49633785197586,0.6239532791140046,,PET,LT,#3,#9,GASOLINE_1,1.211915686818311,3.1056437571153794,59.11205389659332,-0.783553826579592,-0.5282822321328705,-35.05880224955357,0.4069094213697413,84,,,,,,,,,,,,,,,,,,,,,,,,,,,,,,,,,,,,,,,,,,,,,,,,,,,,,,,,,,,,,,,,,,,,,,,,,,,,,,,,,,,,,,,,,,,,,,,,,,,,,,,,,,,,,,,,,,,,,,,,,,,,,,,,,,,,,,,,,,,,,,,,,,,,,,,,,,,,,,,,
138,PET,LT,#5,#2,FT_1,2.1032849066769357,4.406726506081377,80.00987854729077,-1.1671876461195478,-1.3669019686131274,-45.1066124386722,0.4362369590148619,PE,LT,#1,#7,JET FUEL_1,1.078789714440069,1.6891049218547163,85.10287232490226,-0.28102918977097285,1.1716431594474432,-41.63072035906584,0.5108188569696005,,,,,,,,,,,,,,,85,,PP,HT,#9,-,H2_1,1.0904691843312857,3.7035249659023113,79.18836001579317,-0.48840599898989645,0.05814864894764602,-29.97998226409479,0.6214092291074642,,PET,LT,#3,#10,MeOH_1,1.2472736713093344,3.395060673613751,62.35870624985053,-0.8205445631440432,-0.917831336521967,-39.06757258849139,0.37350251571992754,85,,,,,,,,,,,,,,,,,,,,,,,,,,,,,,,,,,,,,,,,,,,,,,,,,,,,,,,,,,,,,,,,,,,,,,,,,,,,,,,,,,,,,,,,,,,,,,,,,,,,,,,,,,,,,,,,,,,,,,,,,,,,,,,,,,,,,,,,,,,,,,,,,,,,,,,,,,,,,,,,
139,PET,LT,#5,#3,GASOLINE_1,1.4122083785884636,2.9653523203442655,59.146341829680225,-0.7803745809630108,-0.37385535949460386,-35.38567599836741,0.40172671878397515,PE,LT,#1,#8,JET FUEL_1,1.1218914677182048,1.7915585061670118,86.3143726309343,-0.3184989889495675,1.0600286575130315,-42.73500319638165,0.5048912261795689,,,,,,,,,,,,,,,86,,PP,OG,#3,-,H2_1,0.8419120453684514,2.242929154991412,55.734171419216345,-0.5083517087318318,0.9435489238864899,-24.770703536463447,0.5555562609849285,,PET,LT,#3,#11,GASOLINE_1,1.2762904944578408,3.4690484031057096,62.99807711588253,-0.8342519222937921,-0.9518191244111359,-39.65345383484538,0.37056088613777244,86,,,,,,,,,,,,,,,,,,,,,,,,,,,,,,,,,,,,,,,,,,,,,,,,,,,,,,,,,,,,,,,,,,,,,,,,,,,,,,,,,,,,,,,,,,,,,,,,,,,,,,,,,,,,,,,,,,,,,,,,,,,,,,,,,,,,,,,,,,,,,,,,,,,,,,,,,,,,,,,,
140,PET,LT,#5,#4,MeOH_1,2.17126060870447,5.3820857449678305,92.22236942729074,-1.203473401686001,-2.4431913872110607,-53.257029872593414,0.4225150556928391,PE,LT,#1,#9,JET FUEL_1,1.0732428461387065,1.6293063662747747,84.9152973935231,-0.2750585934919637,1.2364605328233202,-41.53658828180406,0.5108468137453375,,,,,,,,,,,,,,,87,,PP,OG,#8,-,H2_1,0.8545023428270407,2.831753841079097,69.36769552746307,-0.49662010291222103,0.41159676229363173,-37.033980406696514,0.46612064700874273,,PET,LT,#4,#1,MeOH_1,1.8017090697766447,5.073877314457658,97.93896420481698,-1.0318217093560191,-1.555765932045365,-48.4008907961285,0.5058055678952343,87,,,,,,,,,,,,,,,,,,,,,,,,,,,,,,,,,,,,,,,,,,,,,,,,,,,,,,,,,,,,,,,,,,,,,,,,,,,,,,,,,,,,,,,,,,,,,,,,,,,,,,,,,,,,,,,,,,,,,,,,,,,,,,,,,,,,,,,,,,,,,,,,,,,,,,,,,,,,,,,,
141,PET,LT,#5,#5,FT_1,2.217455967594295,5.633672884131704,93.59556861332275,-1.3033618810299386,-2.6180256515773235,-59.180183659995365,0.36770314517250097,PE,LT,#1,#10,JET FUEL_1,1.1406278389431423,1.7836630789664853,86.46414746090227,-0.339842322168287,1.0532878365723324,-43.31511830271043,0.49903954905359077,,,,,,,,,,,,,,,88,,PVC,HT,#1,#3,JET FUEL_1,0.8400175563659465,0.9248477229363928,26.358522497032194,-0.5646368993509456,0.40541941380294955,-10.936634728795012,0.5850816475002949,,PET,LT,#4,#2,FT_1,1.662415302674588,4.900122591691345,83.402579724817,-1.0013445292737315,-1.9665428498746647,-50.23392923441264,0.3976933399403568,88,,,,,,,,,,,,,,,,,,,,,,,,,,,,,,,,,,,,,,,,,,,,,,,,,,,,,,,,,,,,,,,,,,,,,,,,,,,,,,,,,,,,,,,,,,,,,,,,,,,,,,,,,,,,,,,,,,,,,,,,,,,,,,,,,,,,,,,,,,,,,,,,,,,,,,,,,,,,,,,,
142,PET,LT,#5,#6,GASOLINE_1,1.2475441360893094,2.2284275733369707,51.925183648436295,-0.5950319667158634,0.4108798652042228,-26.697890499491834,0.48583926673707917,PE,LT,#1,#11,JET FUEL_1,1.149817565729045,1.8425299150969652,86.82529927093428,-0.34802690211003534,1.007115484764993,-43.8120495091058,0.49539995972380874,,,,,,,,,,,,,,,89,,PVC,HT,#1,#6,JET FUEL_1,0.7412502774153924,0.6845612354959536,24.77995016516399,-0.4646980506299606,0.6320645081515524,-9.49522075679731,0.6168184078858306,,PET,LT,#4,#3,GASOLINE_1,1.3553387745861145,3.458748405954234,62.53904300720645,-0.9212047803737777,-0.9734962407561404,-40.512992794107845,0.3521967902604541,89,,,,,,,,,,,,,,,,,,,,,,,,,,,,,,,,,,,,,,,,,,,,,,,,,,,,,,,,,,,,,,,,,,,,,,,,,,,,,,,,,,,,,,,,,,,,,,,,,,,,,,,,,,,,,,,,,,,,,,,,,,,,,,,,,,,,,,,,,,,,,,,,,,,,,,,,,,,,,,,,
143,PET,LT,#5,#7,GASOLINE_1,1.3631436387445757,2.9372625285111753,58.81238025835629,-0.699191676987521,-0.31112833063615086,-34.24783367934932,0.41767645640420653,PE,LT,#2,#1,WAX_1,1.092189287745513,2.216236056081799,79.73041881292106,-0.4005888099927857,1.3102136549141847,-28.831686378841038,0.6383853639789411,,,,,,,,,,,,,,,90,,PVC,HT,#1,#7,JET FUEL_1,0.8141186196912293,0.9702371770148739,28.270515538751567,-0.5360797712754212,0.34773892135575374,-13.298350072604954,0.5296035527057739,,PET,LT,#4,#4,MeOH_1,1.7303910047021234,5.875481830577798,95.61507060481696,-1.0709478145876132,-3.0428322684725964,-58.38434666833385,0.3893813360276647,90,,,,,,,,,,,,,,,,,,,,,,,,,,,,,,,,,,,,,,,,,,,,,,,,,,,,,,,,,,,,,,,,,,,,,,,,,,,,,,,,,,,,,,,,,,,,,,,,,,,,,,,,,,,,,,,,,,,,,,,,,,,,,,,,,,,,,,,,,,,,,,,,,,,,,,,,,,,,,,,,
144,PET,LT,#5,#8,GASOLINE_1,1.4303904050522405,3.059537115048408,60.8921687592683,-0.7783876544447502,-0.429816404900752,-36.46091569658198,0.4012215948371469,PE,LT,#2,#3,WAX_1,1.0793726893049007,2.074671141569768,76.79636100492105,-0.3849588440606303,1.456723331645828,-25.783619619515303,0.6642598779144873,,,,,,,,,,,,,,,91,,PVC,HT,#1,#8,JET FUEL_1,0.8722803333159022,1.1240566591354655,29.84547680478356,-0.5904419128864684,0.1922157841226408,-14.948475433937638,0.4991376572163949,,PET,LT,#4,#5,FT_1,1.776586363591948,6.127068969741675,96.98826979084897,-1.1063992122838662,-3.217666532838863,-64.30750045573579,0.336955895858209,91,,,,,,,,,,,,,,,,,,,,,,,,,,,,,,,,,,,,,,,,,,,,,,,,,,,,,,,,,,,,,,,,,,,,,,,,,,,,,,,,,,,,,,,,,,,,,,,,,,,,,,,,,,,,,,,,,,,,,,,,,,,,,,,,,,,,,,,,,,,,,,,,,,,,,,,,,,,,,,,,
145,PET,LT,#5,#9,GASOLINE_1,1.3445193031124876,2.8453221610606168,58.040044419979075,-0.6380741506980219,-0.16384415784259884,-32.95889207536075,0.4321353058093915,PE,LT,#2,#4,WAX_1,1.085360417675331,2.116052658759995,80.01824825292105,-0.39009573756394683,1.3796371222356156,-29.317299720004993,0.633617326546076,,,,,,,,,,,,,,,92,,PVC,HT,#1,#9,JET FUEL_1,0.826026158751314,0.9751184490866147,29.446309208837885,-0.5482876320174533,0.35901669061191177,-14.284120252088925,0.5149096563924639,,PET,LT,#4,#6,GASOLINE_1,1.1906745320869605,2.72182365894694,55.31788482596254,-0.7118237420112197,-0.18876101605731427,-31.825207295232268,0.42468502916627004,92,,,,,,,,,,,,,,,,,,,,,,,,,,,,,,,,,,,,,,,,,,,,,,,,,,,,,,,,,,,,,,,,,,,,,,,,,,,,,,,,,,,,,,,,,,,,,,,,,,,,,,,,,,,,,,,,,,,,,,,,,,,,,,,,,,,,,,,,,,,,,,,,,,,,,,,,,,,,,,,,
146,PET,LT,#5,#10,GASOLINE_1,1.379877287603511,3.1347390775589883,61.2866967732363,-0.746526552788176,-0.553393262231695,-36.96766241429857,0.39680771911919666,PE,LT,#2,#6,WAX_1,1.031113146809134,1.876449449084873,76.60558141546228,-0.3382236425024573,1.6355159912658797,-25.824182952676953,0.6628942372668354,,,,,,,,,,,,,,,93,,PVC,HT,#1,#10,JET FUEL_1,0.8837703176868491,1.2118230615801884,31.271588754751562,-0.6026697505896175,0.08660869674561322,-16.42251647234047,0.47484227292912484,,PET,LT,#4,#7,GASOLINE_1,1.3062740347422281,3.4306586141211444,62.20508143588254,-0.8484695835908647,-0.9107692118976879,-39.375150475089775,0.3670107077076101,93,,,,,,,,,,,,,,,,,,,,,,,,,,,,,,,,,,,,,,,,,,,,,,,,,,,,,,,,,,,,,,,,,,,,,,,,,,,,,,,,,,,,,,,,,,,,,,,,,,,,,,,,,,,,,,,,,,,,,,,,,,,,,,,,,,,,,,,,,,,,,,,,,,,,,,,,,,,,,,,,
147,PET,LT,#5,#11,GASOLINE_1,1.4088941107520174,3.2087268070509465,61.926067639268304,-0.7630124271617883,-0.5873810501208636,-37.553543660652565,0.39357454635405803,PE,LT,#2,#7,WAX_1,1.0746845538676555,2.1040948256304675,77.81708172149429,-0.38063023771838206,1.421478726361253,-26.71672534269968,0.6566727413613597,,,,,,,,,,,,,,,94,,PVC,HT,#2,#3,DIESEL_1,0.9070770588902406,1.1935473549415259,29.26144505310244,-0.6434913113949798,0.23868143878546058,-13.528841876880424,0.5376563989806774,,PET,LT,#4,#8,GASOLINE_1,1.373520801049893,3.552933200658376,64.28486993679454,-0.9012509624134094,-1.0294572861622882,-41.58823249232241,0.3530634419387899,94,,,,,,,,,,,,,,,,,,,,,,,,,,,,,,,,,,,,,,,,,,,,,,,,,,,,,,,,,,,,,,,,,,,,,,,,,,,,,,,,,,,,,,,,,,,,,,,,,,,,,,,,,,,,,,,,,,,,,,,,,,,,,,,,,,,,,,,,,,,,,,,,,,,,,,,,,,,,,,,,
148,PET,LT,#6,#1,MeOH_1,2.785501709476108,5.437894747305535,103.90126965878498,-1.4377976993183947,-2.0250708704730016,-54.242778634719016,0.47793921274635043,PE,LT,#2,#9,WAX_1,1.069137685566293,2.044296270050526,77.96685655146227,-0.37465964143937325,1.4862960997371302,-26.95994302678506,0.6542127742576096,,,,,,,,,,,,,,,95,,PVC,HT,#2,#6,Olefin,0.8083097799396876,0.9532608675010866,27.682872721234236,-0.5435524626739957,0.4653265331340632,-12.087427904882725,0.5633607817150051,,PET,LT,#4,#9,GASOLINE_1,1.2876496991101405,3.3387182466705854,61.432745597505324,-0.8303220886049946,-0.763485039104135,-38.08620887110119,0.38003407627856683,95,,,,,,,,,,,,,,,,,,,,,,,,,,,,,,,,,,,,,,,,,,,,,,,,,,,,,,,,,,,,,,,,,,,,,,,,,,,,,,,,,,,,,,,,,,,,,,,,,,,,,,,,,,,,,,,,,,,,,,,,,,,,,,,,,,,,,,,,,,,,,,,,,,,,,,,,,,,,,,,,
149,PET,LT,#6,#2,MeOH_1,2.198207942374051,5.264140024539224,89.364885178785,-1.40276224680812,-2.435847788302301,-56.075817073003186,0.3725072553854135,PE,HT,#6,-,Olefin,0.9272642573398295,1.7153921132279382,62.82225975689376,-0.24057384258950137,1.7856664237347286,-16.698685046527572,0.7341915889185258,,,,,,,,,,,,,,,96,,PVC,HT,#2,#7,DIESEL_1,0.8811781222155238,1.2389368090200066,31.173438094821805,-0.6149341833194556,0.18100094633826494,-15.89055722069036,0.490253299223677,,PET,LT,#4,#10,GASOLINE_1,1.3230076836011637,3.6281351631689573,64.67939795076255,-0.8673128251694453,-1.153034143493232,-42.09497921003902,0.34917484479240213,96,,,,,,,,,,,,,,,,,,,,,,,,,,,,,,,,,,,,,,,,,,,,,,,,,,,,,,,,,,,,,,,,,,,,,,,,,,,,,,,,,,,,,,,,,,,,,,,,,,,,,,,,,,,,,,,,,,,,,,,,,,,,,,,,,,,,,,,,,,,,,,,,,,,,,,,,,,,,,,,,
150,PET,LT,#6,#3,MeOH_1,1.5071314142855794,3.8227658388021117,68.50134846117446,-1.0159491816515829,-1.442801179183777,-46.35488063269838,0.32329973534795986,PE,LT,#1,-,WAX_1,1.057219005546914,2.6533250748343336,71.79682773472,-0.4052071809630249,0.5264884615434098,-26.764254780200478,0.6272223213107556,,,,,,,,,,,,,,,97,,PVC,HT,#2,#8,DIESEL_1,0.9393398358401964,1.3927562911405986,32.7483993608538,-0.6692963249305026,0.025477809105151444,-17.54068258202305,0.46438046059159405,,PET,LT,#4,#11,GASOLINE_1,1.3520245067496706,3.7021228926609147,65.31876881679453,-0.8810201843191944,-1.1870219313823998,-42.68086045639299,0.3465758582176607,97,,,,,,,,,,,,,,,,,,,,,,,,,,,,,,,,,,,,,,,,,,,,,,,,,,,,,,,,,,,,,,,,,,,,,,,,,,,,,,,,,,,,,,,,,,,,,,,,,,,,,,,,,,,,,,,,,,,,,,,,,,,,,,,,,,,,,,,,,,,,,,,,,,,,,,,,,,,,,,,,
151,PET,LT,#6,#4,MeOH_1,2.266183644401587,6.239499263425675,101.57737605878498,-1.4390480023745742,-3.512137206900233,-64.22623450692438,0.36771122666374745,PE,LT,#6,-,WAX_1,0.9301506786957654,1.929445444601693,65.05592111454126,-0.3051807354984854,1.2707855064659337,-20.553481685058035,0.6840643967077128,,,,,,,,,,,,,,,98,,PVC,HT,#2,#9,DIESEL_1,0.8930856612756083,1.2438180810917474,32.34923176490813,-0.6271420440614877,0.19227871559442297,-16.87632740017434,0.4783082478489805,,PET,LT,#5,#1,MeOH_1,1.7196986737789917,4.580481228847689,94.54626302729075,-0.9844355075735923,-0.9561250507838285,-43.27357400038806,0.5423026504189049,98,,,,,,,,,,,,,,,,,,,,,,,,,,,,,,,,,,,,,,,,,,,,,,,,,,,,,,,,,,,,,,,,,,,,,,,,,,,,,,,,,,,,,,,,,,,,,,,,,,,,,,,,,,,,,,,,,,,,,,,,,,,,,,,,,,,,,,,,,,,,,,,,,,,,,,,,,,,,,,,,
152,PET,LT,#6,#5,MeOH_1,2.3123790032914124,6.49108640258955,102.95057524481697,-1.5389364817185125,-3.686971471266497,-70.1493882943263,0.3186110118616557,PE,HG,#1,-,DIESEL_1,0.8371699771023229,2.1025817352196463,77.535172,-0.21528262940251575,0.8214300090115807,-39.33470097428246,0.4926857068907713,,,,,,,,,,,,,,,99,,PVC,HT,#3,#6,MeOH_1,0.8687797129785648,1.3805914374758703,31.59067237639651,-0.5950012160236854,0.02411540239025414,-15.7644546707346,0.5009775517626123,,PET,LT,#5,#2,FT_1,1.580404906676935,4.406726506081377,80.00987854729077,-0.9539583274913047,-1.3669019686131274,-45.1066124386722,0.4362369590148619,99,,,,,,,,,,,,,,,,,,,,,,,,,,,,,,,,,,,,,,,,,,,,,,,,,,,,,,,,,,,,,,,,,,,,,,,,,,,,,,,,,,,,,,,,,,,,,,,,,,,,,,,,,,,,,,,,,,,,,,,,,,,,,,,,,,,,,,,,,,,,,,,,,,,,,,,,,,,,,,,,
153,PET,LT,#6,#6,MeOH_1,1.3424671717864247,3.0858410917948174,61.280190279930544,-0.8306065674044356,-0.6580659544849509,-37.667095133822805,0.3853299906257161,PE,HG,#2,-,DIESEL_1,0.8987418883979705,2.4946183111458127,80.32142112,-0.2541879669774815,0.506722756590744,-42.73940753718327,0.4678952769855665,,,,,,,,,,,,,,,100,,PVC,HT,#4,#6,DIESEL_1,0.9045941583656241,1.4833044595284004,32.7205277224285,-0.6087197254514337,0.008316593427697121,-16.371061137061464,0.4996700152290082,,PET,LT,#5,#3,GASOLINE_1,1.2733283785884637,2.9653523203442655,59.146341829680225,-0.873818578591353,-0.37385535949460386,-35.38567599836741,0.40172671878397515,100,,,,,,,,,,,,,,,,,,,,,,,,,,,,,,,,,,,,,,,,,,,,,,,,,,,,,,,,,,,,,,,,,,,,,,,,,,,,,,,,,,,,,,,,,,,,,,,,,,,,,,,,,,,,,,,,,,,,,,,,,,,,,,,,,,,,,,,,,,,,,,,,,,,,,,,,,,,,,,,,
154,PET,LT,#6,#7,MeOH_1,1.4580666744416921,3.7946760469690215,68.16738688985053,-0.9347662776760944,-1.380074150325324,-45.217038313680284,0.33667637301771536,PE,HG,#3,-,DIESEL_1,0.8463306792480136,2.0040515214828476,76.4637355428969,-0.24816100046752468,1.1037105116025876,-36.99673791531556,0.5161531456364693,,,,,,,,,,,,,,,101,,PVC,HT,#5,#3,DIESEL_1,0.9658409993574211,1.486949063204788,32.693156817329,-0.7009025766963755,0.0250088951928629,-15.797020918750546,0.516809557210537,,PET,LT,#5,#4,MeOH_1,1.6483806087044701,5.3820857449678305,92.22236942729074,-1.0235616128051859,-2.4431913872110607,-53.257029872593414,0.4225150556928391,101,,,,,,,,,,,,,,,,,,,,,,,,,,,,,,,,,,,,,,,,,,,,,,,,,,,,,,,,,,,,,,,,,,,,,,,,,,,,,,,,,,,,,,,,,,,,,,,,,,,,,,,,,,,,,,,,,,,,,,,,,,,,,,,,,,,,,,,,,,,,,,,,,,,,,,,,,,,,,,,,
155,PET,LT,#6,#8,MeOH_1,1.5253134407493572,3.916950633506254,70.24717539076254,-1.0139622551333236,-1.4987622245899248,-47.43012033091295,0.32481099678279757,,,,,,,,,,,,,,,,,,,,,,,,,,,102,,PVC,HT,#5,#6,DIESEL_1,0.867073720406868,1.2466625757643486,31.114584485460796,-0.6009637279753915,0.2516539895414656,-14.35560694675285,0.5386212869575382,,PET,LT,#5,#5,FT_1,1.6945759675942949,5.633672884131704,93.59556861332275,-1.059013010501439,-2.6180256515773235,-59.180183659995365,0.36770314517250097,102,,,,,,,,,,,,,,,,,,,,,,,,,,,,,,,,,,,,,,,,,,,,,,,,,,,,,,,,,,,,,,,,,,,,,,,,,,,,,,,,,,,,,,,,,,,,,,,,,,,,,,,,,,,,,,,,,,,,,,,,,,,,,,,,,,,,,,,,,,,,,,,,,,,,,,,,,,,,,,,,
156,PET,LT,#6,#9,MeOH_1,1.4394423388096043,3.702735679518464,67.39505105147332,-0.8736487513865953,-1.2327899775317723,-43.92809670969174,0.34819996387952257,,,,,,,,,,,,,,,,,,,,,,,,,,,103,,PVC,HT,#8,#1,Aromatics,1.0341615168769442,1.3291332192001486,25.105712576408106,-0.8095549373213226,0.09335191220596463,-10.780499736993377,0.5705957477134571,,PET,LT,#5,#7,GASOLINE_1,1.2242636387445758,2.9372625285111753,58.81238025835629,-0.8010833818084384,-0.31112833063615086,-34.24783367934932,0.41767645640420653,103,,,,,,,,,,,,,,,,,,,,,,,,,,,,,,,,,,,,,,,,,,,,,,,,,,,,,,,,,,,,,,,,,,,,,,,,,,,,,,,,,,,,,,,,,,,,,,,,,,,,,,,,,,,,,,,,,,,,,,,,,,,,,,,,,,,,,,,,,,,,,,,,,,,,,,,,,,,,,,,,
157,PET,LT,#6,#10,MeOH_1,1.4748003233006277,3.9921525960168336,70.64170340473053,-0.9821011534767493,-1.622339081920867,-47.93686704862955,0.3214083928018722,,,,,,,,,,,,,,,,,,,,,,,,,,,104,,PVC,HT,#8,#2,Aromatics,1.2138258191100961,1.5684057795500141,35.57952473640811,-0.862291022861204,0.03258617274737388,-16.206020155968826,0.544512742201264,,PET,LT,#5,#8,GASOLINE_1,1.2915104050522406,3.059537115048408,60.8921687592683,-0.8538647606309832,-0.429816404900752,-36.46091569658198,0.4012215948371469,104,,,,,,,,,,,,,,,,,,,,,,,,,,,,,,,,,,,,,,,,,,,,,,,,,,,,,,,,,,,,,,,,,,,,,,,,,,,,,,,,,,,,,,,,,,,,,,,,,,,,,,,,,,,,,,,,,,,,,,,,,,,,,,,,,,,,,,,,,,,,,,,,,,,,,,,,,,,,,,,,
158,PET,LT,#6,#11,MeOH_1,1.5038171464491343,4.066140325508792,71.28107427076255,-0.9985870278503618,-1.6563268698100364,-48.522748294983536,0.3192758555985149,,,,,,,,,,,,,,,,,,,,,,,,,,,105,,PVC,HT,#8,#3,Aromatics,1.026876408448005,0.7072894863857824,22.799301615651498,-0.7878425275702797,0.7394573393245223,-7.923903128078426,0.6524497433448249,,PET,LT,#5,#9,GASOLINE_1,1.2056393031124877,2.8453221610606168,58.040044419979075,-0.7829358868225679,-0.16384415784259884,-32.95889207536075,0.4321353058093915,105,,,,,,,,,,,,,,,,,,,,,,,,,,,,,,,,,,,,,,,,,,,,,,,,,,,,,,,,,,,,,,,,,,,,,,,,,,,,,,,,,,,,,,,,,,,,,,,,,,,,,,,,,,,,,,,,,,,,,,,,,,,,,,,,,,,,,,,,,,,,,,,,,,,,,,,,,,,,,,,,
159,PET,LT,#7,#1,MeOH_1,2.8323237141166175,5.774060172862067,105.76197684481699,-1.4584312671986326,-2.2638264405395003,-56.415058335934354,0.46658468365515376,,,,,,,,,,,,,,,,,,,,,,,,,,,106,,PVC,HT,#8,#6,Aromatics,0.9281091294974508,0.46700299894534253,21.22072928378329,-0.6879036788492946,0.9661024336731255,-6.482489156080726,0.6945209059787313,,PET,LT,#5,#10,GASOLINE_1,1.240997287603511,3.1347390775589883,61.2866967732363,-0.8199266233870187,-0.553393262231695,-36.96766241429857,0.39680771911919666,106,,,,,,,,,,,,,,,,,,,,,,,,,,,,,,,,,,,,,,,,,,,,,,,,,,,,,,,,,,,,,,,,,,,,,,,,,,,,,,,,,,,,,,,,,,,,,,,,,,,,,,,,,,,,,,,,,,,,,,,,,,,,,,,,,,,,,,,,,,,,,,,,,,,,,,,,,,,,,,,,
160,PET,LT,#7,#2,FT_1,2.245029947014562,5.600305450095756,91.225592364817,-1.4233958146883594,-2.6746033583688003,-58.248096774218496,0.361493904678847,,,,,,,,,,,,,,,,,,,,,,,,,,,107,,PVC,HT,#8,#7,Aromatics,1.0009774717732873,0.7526789404642633,24.711294657370868,-0.7592853994947549,0.6817768468773265,-10.285618471888366,0.5837685311716203,,PET,LT,#5,#11,GASOLINE_1,1.2700141107520178,3.2087268070509465,61.926067639268304,-0.8336339825367679,-0.5873810501208636,-37.553543660652565,0.39357454635405803,107,,,,,,,,,,,,,,,,,,,,,,,,,,,,,,,,,,,,,,,,,,,,,,,,,,,,,,,,,,,,,,,,,,,,,,,,,,,,,,,,,,,,,,,,,,,,,,,,,,,,,,,,,,,,,,,,,,,,,,,,,,,,,,,,,,,,,,,,,,,,,,,,,,,,,,,,,,,,,,,,
161,PET,LT,#7,#3,GASOLINE_1,1.5539534189260882,4.158931264358644,70.36205564720646,-1.0365827495318205,-1.681556749250276,-48.5271603339137,0.31032202104458645,,,,,,,,,,,,,,,,,,,,,,,,,,,108,,PVC,HT,#8,#8,Aromatics,1.0591391853979604,0.9064984225848549,26.286255923402866,-0.8136475411058022,0.5262537096442135,-11.935743833221059,0.5459321453766046,,PET,LT,#6,#1,MeOH_1,1.8146217094761086,5.437894747305535,103.90126965878498,-1.0570457278041252,-2.0250708704730016,-54.242778634719016,0.47793921274635043,108,,,,,,,,,,,,,,,,,,,,,,,,,,,,,,,,,,,,,,,,,,,,,,,,,,,,,,,,,,,,,,,,,,,,,,,,,,,,,,,,,,,,,,,,,,,,,,,,,,,,,,,,,,,,,,,,,,,,,,,,,,,,,,,,,,,,,,,,,,,,,,,,,,,,,,,,,,,,,,,,
162,PET,LT,#7,#4,MeOH_1,2.313005649042096,6.575664688982209,103.43808324481695,-1.4596815702548116,-3.7508927769667326,-66.39851420813967,0.3580844489259545,,,,,,,,,,,,,,,,,,,,,,,,,,,109,,PVC,HT,#8,#9,Aromatics,1.0128850108333718,0.7575602125360041,25.887088327457196,-0.7714932602367869,0.6930546161334844,-11.271388651372343,0.5645941904011923,,PET,LT,#6,#2,MeOH_1,1.6753279423740504,5.264140024539224,89.364885178785,-1.026568547721836,-2.435847788302301,-56.075817073003186,0.3725072553854135,109,,,,,,,,,,,,,,,,,,,,,,,,,,,,,,,,,,,,,,,,,,,,,,,,,,,,,,,,,,,,,,,,,,,,,,,,,,,,,,,,,,,,,,,,,,,,,,,,,,,,,,,,,,,,,,,,,,,,,,,,,,,,,,,,,,,,,,,,,,,,,,,,,,,,,,,,,,,,,,,,
163,PET,LT,#7,#5,FT_1,2.359201007931921,6.827251828146084,104.81128243084898,-1.5595700495987497,-3.925727041332997,-72.32166799554165,0.30998203324859536,,,,,,,,,,,,,,,,,,,,,,,,,,,110,,PVC,HT,#8,#10,Aromatics,1.0706291697689077,0.9942648250295778,27.712367873370866,-0.8258753788089516,0.4206466222671859,-13.409784871623883,0.5161082974613115,,PET,LT,#6,#3,MeOH_1,1.368251414285579,3.8227658388021117,68.50134846117446,-0.9464287988218842,-1.442801179183777,-46.35488063269838,0.32329973534795986,110,,,,,,,,,,,,,,,,,,,,,,,,,,,,,,,,,,,,,,,,,,,,,,,,,,,,,,,,,,,,,,,,,,,,,,,,,,,,,,,,,,,,,,,,,,,,,,,,,,,,,,,,,,,,,,,,,,,,,,,,,,,,,,,,,,,,,,,,,,,,,,,,,,,,,,,,,,,,,,,,
164,PET,LT,#7,#6,GASOLINE_1,1.389289176426934,3.4220065173513494,63.140897465962524,-0.8512401352846731,-0.8968215245514494,-39.83937483503811,0.3690400923345382,,,,,,,,,,,,,,,,,,,,,,,,,,,111,,PVC,HT,#8,#11,Aromatics,1.122001042782327,1.2084731383293348,29.343735283402868,-0.8763886417816156,0.2234801251003626,-15.110828777305255,0.48504072057070036,,PET,LT,#6,#4,MeOH_1,1.743303644401587,6.239499263425675,101.57737605878498,-1.0961718330357189,-3.512137206900233,-64.22623450692438,0.36771122666374745,111,,,,,,,,,,,,,,,,,,,,,,,,,,,,,,,,,,,,,,,,,,,,,,,,,,,,,,,,,,,,,,,,,,,,,,,,,,,,,,,,,,,,,,,,,,,,,,,,,,,,,,,,,,,,,,,,,,,,,,,,,,,,,,,,,,,,,,,,,,,,,,,,,,,,,,,,,,,,,,,,
165,PET,LT,#7,#7,GASOLINE_1,1.5048886790822011,4.130841472525554,70.02809407588254,-0.9553998455563317,-1.6188297203918225,-47.3893180148956,0.32328133957859145,,,,,,,,,,,,,,,,,,,,,,,,,,,112,,PVC,HT,#9,#3,Aromatics,1.1098666652364102,1.0311690115507344,25.1095244580515,-0.8795715338434158,0.4565312531245929,-9.977068380730993,0.6026580114092207,,PET,LT,#6,#5,MeOH_1,1.7894990032914126,6.49108640258955,102.95057524481697,-1.1316232307319727,-3.686971471266497,-70.1493882943263,0.3186110118616557,112,,,,,,,,,,,,,,,,,,,,,,,,,,,,,,,,,,,,,,,,,,,,,,,,,,,,,,,,,,,,,,,,,,,,,,,,,,,,,,,,,,,,,,,,,,,,,,,,,,,,,,,,,,,,,,,,,,,,,,,,,,,,,,,,,,,,,,,,,,,,,,,,,,,,,,,,,,,,,,,,
166,PET,LT,#7,#8,GASOLINE_1,1.572135445389866,4.253116059062787,72.10788257679452,-1.0345958230135608,-1.737517794656424,-49.602400032128266,0.31210849272543884,,,,,,,,,,,,,,,,,,,,,,,,,,,113,,PVC,HT,#9,#6,Aromatics,1.0110993862858562,0.7908825241102946,23.530952126183294,-0.7796326851224308,0.6831763474731961,-8.53565440873329,0.6372584346370107,,PET,LT,#6,#6,MeOH_1,1.2035871717864248,3.0858410917948174,61.280190279930544,-0.737047760459326,-0.6580659544849509,-37.667095133822805,0.3853299906257161,113,,,,,,,,,,,,,,,,,,,,,,,,,,,,,,,,,,,,,,,,,,,,,,,,,,,,,,,,,,,,,,,,,,,,,,,,,,,,,,,,,,,,,,,,,,,,,,,,,,,,,,,,,,,,,,,,,,,,,,,,,,,,,,,,,,,,,,,,,,,,,,,,,,,,,,,,,,,,,,,,
167,PET,LT,#7,#9,GASOLINE_1,1.4862643434501133,4.038901105074996,69.25575823750532,-0.8942823192668324,-1.4715455475982708,-46.10037641090703,0.3343459434403901,,,,,,,,,,,,,,,,,,,,,,,,,,,114,,PVC,HT,#9,#7,Aromatics,1.0839677285616924,1.0765584656292153,27.02151749977087,-0.8510144057678907,0.3988507606773971,-12.338783724540932,0.5433719174119085,,PET,LT,#6,#7,MeOH_1,1.3191866744416922,3.7946760469690215,68.16738688985053,-0.8736936020389708,-1.380074150325324,-45.217038313680284,0.33667637301771536,114,,,,,,,,,,,,,,,,,,,,,,,,,,,,,,,,,,,,,,,,,,,,,,,,,,,,,,,,,,,,,,,,,,,,,,,,,,,,,,,,,,,,,,,,,,,,,,,,,,,,,,,,,,,,,,,,,,,,,,,,,,,,,,,,,,,,,,,,,,,,,,,,,,,,,,,,,,,,,,,,
168,PET,LT,#7,#10,GASOLINE_1,1.5216223279411367,4.328318021573367,72.50241059076252,-1.0027347213569868,-1.8610946519873672,-50.109146749844854,0.3088623351755256,,,,,,,,,,,,,,,,,,,,,,,,,,,115,,PVC,HT,#9,#8,Aromatics,1.1421294421863655,1.230377947749807,28.596478765802875,-0.905376547378938,0.24332762344428405,-13.988909085873622,0.5108170764506057,,PET,LT,#6,#8,MeOH_1,1.3864334407493568,3.916950633506254,70.24717539076254,-0.9264749808615151,-1.4987622245899248,-47.43012033091295,0.32481099678279757,115,,,,,,,,,,,,,,,,,,,,,,,,,,,,,,,,,,,,,,,,,,,,,,,,,,,,,,,,,,,,,,,,,,,,,,,,,,,,,,,,,,,,,,,,,,,,,,,,,,,,,,,,,,,,,,,,,,,,,,,,,,,,,,,,,,,,,,,,,,,,,,,,,,,,,,,,,,,,,,,,
169,PET,LT,#7,#11,GASOLINE_1,1.5506391510896433,4.402305751065325,73.14178145679453,-1.019220595730599,-1.8950824398765356,-50.69502799619885,0.3068937208462057,,,,,,,,,,,,,,,,,,,,,,,,,,,116,,PVC,HT,#9,#9,Aromatics,1.0958752676217771,1.081439737700956,28.19731116985719,-0.8632222665099228,0.4101285299335552,-13.324553904024905,0.527453031824226,,PET,LT,#6,#9,MeOH_1,1.3005623388096044,3.702735679518464,67.39505105147332,-0.8555461070531004,-1.2327899775317723,-43.92809670969174,0.34819996387952257,116,,,,,,,,,,,,,,,,,,,,,,,,,,,,,,,,,,,,,,,,,,,,,,,,,,,,,,,,,,,,,,,,,,,,,,,,,,,,,,,,,,,,,,,,,,,,,,,,,,,,,,,,,,,,,,,,,,,,,,,,,,,,,,,,,,,,,,,,,,,,,,,,,,,,,,,,,,,,,,,,
170,PET,LT,#8,#1,MeOH_1,2.5069971568682683,3.9771322812065266,87.56009014699006,-1.0695640880071728,0.07671717739734739,-36.05954504958268,0.5881737331580139,,,,,,,,,,,,,,,,,,,,,,,,,,,117,,PVC,HT,#9,#10,Aromatics,1.1536194265573125,1.3181443501945298,30.022590715770868,-0.9176043850820872,0.13772053606725662,-15.462950124276452,0.4849561694836094,,PET,LT,#6,#10,MeOH_1,1.3359203233006278,3.9921525960168336,70.64170340473053,-0.8925368436175515,-1.622339081920867,-47.93686704862955,0.3214083928018722,117,,,,,,,,,,,,,,,,,,,,,,,,,,,,,,,,,,,,,,,,,,,,,,,,,,,,,,,,,,,,,,,,,,,,,,,,,,,,,,,,,,,,,,,,,,,,,,,,,,,,,,,,,,,,,,,,,,,,,,,,,,,,,,,,,,,,,,,,,,,,,,,,,,,,,,,,,,,,,,,,
171,PET,LT,#8,#2,BA_1,1.9197033897662106,3.803377558440216,73.02370566699008,-1.0345286354968977,-0.3340597404319531,-37.89258348786682,0.48109202153245506,,,,,,,,,,,,,,,,,,,,,,,,,,,118,,PVC,LT,#1,#3,GASOLINE_1,0.7779835429505433,0.9546559929840793,27.16236562856319,-0.4779210178939898,0.38217366651191526,-10.816790089303183,0.6017729001509152,,PET,LT,#6,#11,MeOH_1,1.3649371464491344,4.066140325508792,71.28107427076255,-0.9062442027673003,-1.6563268698100364,-48.522748294983536,0.3192758555985149,118,,,,,,,,,,,,,,,,,,,,,,,,,,,,,,,,,,,,,,,,,,,,,,,,,,,,,,,,,,,,,,,,,,,,,,,,,,,,,,,,,,,,,,,,,,,,,,,,,,,,,,,,,,,,,,,,,,,,,,,,,,,,,,,,,,,,,,,,,,,,,,,,,,,,,,,,,,,,,,,,
172,PET,LT,#8,#3,BA_1,1.2286268616777387,2.3620033727031036,52.160168949379546,-0.6477155703403602,0.6589868686865723,-28.17164704756204,0.45990115417566824,,,,,,,,,,,,,,,,,,,,,,,,,,,119,,PVC,LT,#1,#7,GASOLINE_1,0.7652490410812123,1.0491429872955307,29.117259774594,-0.46544093177202694,0.2662476675109783,-13.269619194136858,0.5442696429244642,,PET,LT,#7,#1,MeOH_1,1.8614437141166174,5.774060172862067,105.76197684481699,-1.090308473019918,-2.2638264405395003,-56.415058335934354,0.46658468365515376,119,,,,,,,,,,,,,,,,,,,,,,,,,,,,,,,,,,,,,,,,,,,,,,,,,,,,,,,,,,,,,,,,,,,,,,,,,,,,,,,,,,,,,,,,,,,,,,,,,,,,,,,,,,,,,,,,,,,,,,,,,,,,,,,,,,,,,,,,,,,,,,,,,,,,,,,,,,,,,,,,
173,PET,LT,#8,#4,MeOH_1,1.9876790917937446,4.778736797326668,85.23619654699007,-1.07081439106335,-1.410349159029885,-46.04300092178804,0.45981868282443966,,,,,,,,,,,,,,,,,,,,,,,,,,,120,,PVC,LT,#1,#8,GASOLINE_1,0.8011996327587897,1.1253146816719375,30.242116080626,-0.49027919204202614,0.17366117943110168,-14.787268192837915,0.5110372517116591,,PET,LT,#7,#2,FT_1,1.7221499470145614,5.600305450095756,91.225592364817,-1.059831292937631,-2.6746033583688003,-58.248096774218496,0.361493904678847,120,,,,,,,,,,,,,,,,,,,,,,,,,,,,,,,,,,,,,,,,,,,,,,,,,,,,,,,,,,,,,,,,,,,,,,,,,,,,,,,,,,,,,,,,,,,,,,,,,,,,,,,,,,,,,,,,,,,,,,,,,,,,,,,,,,,,,,,,,,,,,,,,,,,,,,,,,,,,,,,,
174,PET,LT,#8,#5,BA_1,2.0338744506835713,5.030323936490542,86.60939573302205,-1.1707028704072895,-1.5851834233961475,-51.96615470918996,0.39999402756049324,,,,,,,,,,,,,,,,,,,,,,,,,,,121,,PVC,LT,#1,#9,GASOLINE_1,0.763885640786983,1.0203856539170184,30.78053111971832,-0.4621618034927297,0.3133947287018916,-14.667442855470275,0.523483113451731,,PET,LT,#7,#3,GASOLINE_1,1.4150734189260878,4.158931264358644,70.36205564720646,-0.979691544037677,-1.681556749250276,-48.5271603339137,0.31032202104458645,121,,,,,,,,,,,,,,,,,,,,,,,,,,,,,,,,,,,,,,,,,,,,,,,,,,,,,,,,,,,,,,,,,,,,,,,,,,,,,,,,,,,,,,,,,,,,,,,,,,,,,,,,,,,,,,,,,,,,,,,,,,,,,,,,,,,,,,,,,,,,,,,,,,,,,,,,,,,,,,,,
175,PET,LT,#8,#6,BA_1,1.0639626191785843,1.6250786256958085,44.93901076813562,-0.4623729560932129,1.443722093385399,-19.483861548686455,0.5664376848610639,,,,,,,,,,,,,,,,,,,,,,,,,,,122,,PVC,LT,#1,#10,GASOLINE_1,0.8053598112724782,1.214266417274807,31.672386014594,-0.4980309527245472,0.05182054269808203,-16.07343586185864,0.49250947325369415,,PET,LT,#7,#4,MeOH_1,1.7901256490420958,6.575664688982209,103.43808324481695,-1.129434578251512,-3.7508927769667326,-66.39851420813967,0.3580844489259545,122,,,,,,,,,,,,,,,,,,,,,,,,,,,,,,,,,,,,,,,,,,,,,,,,,,,,,,,,,,,,,,,,,,,,,,,,,,,,,,,,,,,,,,,,,,,,,,,,,,,,,,,,,,,,,,,,,,,,,,,,,,,,,,,,,,,,,,,,,,,,,,,,,,,,,,,,,,,,,,,,
176,PET,LT,#8,#7,BA_1,1.1795621218338517,2.3339135808700133,51.82620737805562,-0.5665326663648715,0.7217138975450254,-27.033804728543952,0.4783757852211529,,,,,,,,,,,,,,,,,,,,,,,,,,,123,,PVC,LT,#2,#3,GASOLINE_1,0.8707948356480902,1.24177950673374,30.16942166905365,-0.593030212239548,0.21120122294341565,-13.719535248115683,0.5452503067969472,,PET,LT,#7,#5,FT_1,1.8363210079319214,6.827251828146084,104.81128243084898,-1.1648859759477654,-3.925727041332997,-72.32166799554165,0.30998203324859536,123,,,,,,,,,,,,,,,,,,,,,,,,,,,,,,,,,,,,,,,,,,,,,,,,,,,,,,,,,,,,,,,,,,,,,,,,,,,,,,,,,,,,,,,,,,,,,,,,,,,,,,,,,,,,,,,,,,,,,,,,,,,,,,,,,,,,,,,,,,,,,,,,,,,,,,,,,,,,,,,,
177,PET,LT,#8,#8,BA_1,1.2468088881415167,2.4561881674072454,53.90599587896763,-0.6457286438221009,0.6030258232804246,-29.24688674577661,0.45744649980230123,,,,,,,,,,,,,,,,,,,,,,,,,,,124,,PVC,LT,#2,#6,Olefin,0.7883962617343092,0.9395349902161503,27.960912678387206,-0.5045140242461532,0.48425949113859573,-11.436026511091809,0.5909995269957175,,PET,LT,#7,#6,GASOLINE_1,1.2504091764269338,3.4220065173513494,63.140897465962524,-0.7703105056751193,-0.8968215245514494,-39.83937483503811,0.3690400923345382,124,,,,,,,,,,,,,,,,,,,,,,,,,,,,,,,,,,,,,,,,,,,,,,,,,,,,,,,,,,,,,,,,,,,,,,,,,,,,,,,,,,,,,,,,,,,,,,,,,,,,,,,,,,,,,,,,,,,,,,,,,,,,,,,,,,,,,,,,,,,,,,,,,,,,,,,,,,,,,,,,
178,PET,LT,#8,#9,BA_1,1.160937786201763,2.2419732134194548,51.053871539678404,-0.5054151400753717,0.8689980703385775,-25.744863124555383,0.4957314235307932,,,,,,,,,,,,,,,,,,,,,,,,,,,125,,PVC,LT,#2,#7,GASOLINE_1,0.8580603337787589,1.3362665010451913,32.12431581508447,-0.5805501261175848,0.09527522394247889,-16.172364352949366,0.49656937610620233,,PET,LT,#7,#7,GASOLINE_1,1.3660086790822008,4.130841472525554,70.02809407588254,-0.906956347254764,-1.6188297203918225,-47.3893180148956,0.32328133957859145,125,,,,,,,,,,,,,,,,,,,,,,,,,,,,,,,,,,,,,,,,,,,,,,,,,,,,,,,,,,,,,,,,,,,,,,,,,,,,,,,,,,,,,,,,,,,,,,,,,,,,,,,,,,,,,,,,,,,,,,,,,,,,,,,,,,,,,,,,,,,,,,,,,,,,,,,,,,,,,,,,
179,PET,LT,#8,#10,BA_1,1.1962957706927873,2.531390129917826,54.30052389293563,-0.6138675421655266,0.4794489659494811,-29.75363346349321,0.452056235734328,,,,,,,,,,,,,,,,,,,,,,,,,,,126,,PVC,LT,#2,#8,GASOLINE_1,0.8940109254563361,1.4124381954215983,33.249172121116466,-0.6053883863875841,0.0026887358626022937,-17.690013351650418,0.4679562761078332,,PET,LT,#7,#8,GASOLINE_1,1.4332554453898656,4.253116059062787,72.10788257679452,-0.9597377260773083,-1.737517794656424,-49.602400032128266,0.31210849272543884,126,,,,,,,,,,,,,,,,,,,,,,,,,,,,,,,,,,,,,,,,,,,,,,,,,,,,,,,,,,,,,,,,,,,,,,,,,,,,,,,,,,,,,,,,,,,,,,,,,,,,,,,,,,,,,,,,,,,,,,,,,,,,,,,,,,,,,,,,,,,,,,,,,,,,,,,,,,,,,,,,
180,PET,LT,#8,#11,BA_1,1.225312593841294,2.6053778594097845,54.939894758967625,-0.6303534165391391,0.44546117806031227,-30.339514709847197,0.44776896928993487,,,,,,,,,,,,,,,,,,,,,,,,,,,127,,PVC,LT,#2,#9,GASOLINE_1,0.85669693348453,1.3075091676666792,33.78758716020878,-0.5772709978382881,0.14242228513339222,-17.57018801428278,0.479980978488604,,PET,LT,#7,#9,GASOLINE_1,1.3473843434501136,4.038901105074996,69.25575823750532,-0.8888088522688934,-1.4715455475982708,-46.10037641090703,0.3343459434403901,127,,,,,,,,,,,,,,,,,,,,,,,,,,,,,,,,,,,,,,,,,,,,,,,,,,,,,,,,,,,,,,,,,,,,,,,,,,,,,,,,,,,,,,,,,,,,,,,,,,,,,,,,,,,,,,,,,,,,,,,,,,,,,,,,,,,,,,,,,,,,,,,,,,,,,,,,,,,,,,,,
181,PET,HT,#1,-,GASOLINE_1,1.608970962270835,3.58871522247271,56.46658603861327,-0.8648526367960463,-0.952412812136147,-25.34410311200099,0.5511663642163517,,,,,,,,,,,,,,,,,,,,,,,,,,,128,,PVC,LT,#3,#6,MeOH_1,0.8454178785156228,1.3458878279992963,32.0606229280308,-0.5467573926857145,0.04749971915136143,-15.221436375659435,0.5252295499738642,,PET,LT,#7,#10,GASOLINE_1,1.3827423279411366,4.328318021573367,72.50241059076252,-0.9257995888333445,-1.8610946519873672,-50.109146749844854,0.3088623351755256,128,,,,,,,,,,,,,,,,,,,,,,,,,,,,,,,,,,,,,,,,,,,,,,,,,,,,,,,,,,,,,,,,,,,,,,,,,,,,,,,,,,,,,,,,,,,,,,,,,,,,,,,,,,,,,,,,,,,,,,,,,,,,,,,,,,,,,,,,,,,,,,,,,,,,,,,,,,,,,,,,
182,PET,HT,#2,-,GASOLINE_1,1.7766201112484061,3.785365574786772,62.48475565952527,-1.186714953886993,-1.258987781531604,-35.67072035903042,0.4291292334822035,,,,,,,,,,,,,,,,,,,,,,,,,,,129,,PVC,LT,#5,#6,GASOLINE_1,0.8549778034577185,1.2590698660372097,31.734618853582912,-0.5694167222357192,0.2569226393186599,-13.817148436806717,0.5646032964644625,,PET,LT,#7,#11,GASOLINE_1,1.4117591510896434,4.402305751065325,73.14178145679453,-0.9395069479830938,-1.8950824398765356,-50.69502799619885,0.3068937208462057,129,,,,,,,,,,,,,,,,,,,,,,,,,,,,,,,,,,,,,,,,,,,,,,,,,,,,,,,,,,,,,,,,,,,,,,,,,,,,,,,,,,,,,,,,,,,,,,,,,,,,,,,,,,,,,,,,,,,,,,,,,,,,,,,,,,,,,,,,,,,,,,,,,,,,,,,,,,,,,,,,
183,PET,HT,#3,-,GASOLINE_1,1.6020324701971274,3.682607406020469,58.43408097958268,-0.7498151158273625,-0.914430538443535,-27.10736680000311,0.5361034802707921,,,,,,,,,,,,,,,,,,,,,,,,,,,130,,PVC,LT,#8,#3,Aromatics,1.013104005592205,0.8090619611975827,24.169410392450715,-0.7893045049003632,0.5984961841114981,-9.102040000622313,0.6234066180006888,,PET,LT,#8,#2,BA_1,1.53570338976621,3.803377558440216,73.02370566699008,-0.7518937433557231,-0.3340597404319531,-37.89258348786682,0.48109202153245506,130,,,,,,,,,,,,,,,,,,,,,,,,,,,,,,,,,,,,,,,,,,,,,,,,,,,,,,,,,,,,,,,,,,,,,,,,,,,,,,,,,,,,,,,,,,,,,,,,,,,,,,,,,,,,,,,,,,,,,,,,,,,,,,,,,,,,,,,,,,,,,,,,,,,,,,,,,,,,,,,,
184,PET,HT,#4,-,MeOH_1,1.8841390164661107,4.952972753447725,77.16033791349327,-1.364835331251346,-2.651268142008253,-49.13971774733603,0.3631479711451236,,,,,,,,,,,,,,,,,,,,,,,,,,,131,,PVC,LT,#8,#6,Aromatics,0.9307054316784249,0.5068174446799933,21.960901401784263,-0.7007883169069693,0.8715544523066774,-6.818531263598431,0.6895149639420336,,PET,LT,#8,#4,MeOH_1,1.603679091793745,4.778736797326668,85.23619654699007,-0.8214970286696044,-1.410349159029885,-46.04300092178804,0.45981868282443966,131,,,,,,,,,,,,,,,,,,,,,,,,,,,,,,,,,,,,,,,,,,,,,,,,,,,,,,,,,,,,,,,,,,,,,,,,,,,,,,,,,,,,,,,,,,,,,,,,,,,,,,,,,,,,,,,,,,,,,,,,,,,,,,,,,,,,,,,,,,,,,,,,,,,,,,,,,,,,,,,,
185,PET,HT,#5,-,GASOLINE_1,1.9713280120602379,5.249285566637839,81.96876957952527,-1.3118907452184483,-2.6275428838431747,-51.66010936371205,0.36975863333422454,,,,,,,,,,,,,,,,,,,,,,,,,,,132,,PVC,LT,#8,#7,Aromatics,1.0003695037228746,0.9035489555090339,26.124304538481525,-0.7768244187784009,0.48257018511056116,-11.55486910545599,0.5576965852455333,,PET,LT,#8,#5,BA_1,1.6498744506835714,5.030323936490542,86.60939573302205,-0.8569484263658591,-1.5851834233961475,-51.96615470918996,0.39999402756049324,132,,,,,,,,,,,,,,,,,,,,,,,,,,,,,,,,,,,,,,,,,,,,,,,,,,,,,,,,,,,,,,,,,,,,,,,,,,,,,,,,,,,,,,,,,,,,,,,,,,,,,,,,,,,,,,,,,,,,,,,,,,,,,,,,,,,,,,,,,,,,,,,,,,,,,,,,,,,,,,,,
186,PET,HT,#6,-,GASOLINE_1,1.3808809406925622,1.7125826154617425,49.2091919515223,-0.8849211049539171,0.8346154391626074,-19.81163246710222,0.5973997604630583,,,,,,,,,,,,,,,,,,,,,,,,,,,133,,PVC,LT,#8,#8,Aromatics,1.0363200954004517,0.9797206498854423,27.249160844513522,-0.8016626790484,0.38998369703068314,-13.072518104157043,0.5202597915308234,,PET,HT,#1,-,GASOLINE_1,1.3510509622708347,3.58871522247271,56.46658603861327,-0.8633414460131064,-0.952412812136147,-25.34410311200099,0.5511663642163517,133,,,,,,,,,,,,,,,,,,,,,,,,,,,,,,,,,,,,,,,,,,,,,,,,,,,,,,,,,,,,,,,,,,,,,,,,,,,,,,,,,,,,,,,,,,,,,,,,,,,,,,,,,,,,,,,,,,,,,,,,,,,,,,,,,,,,,,,,,,,,,,,,,,,,,,,,,,,,,,,,
187,PET,HT,#7,-,GASOLINE_1,1.509049010655904,2.904910555884701,60.24638188459492,-0.8044103761162635,-0.3632251055853039,-30.300854117039748,0.4970510565251434,,,,,,,,,,,,,,,,,,,,,,,,,,,134,,PVC,LT,#8,#9,Aromatics,0.9990061034286452,0.8747916221305223,27.787575883605843,-0.7735452904991037,0.5297172463014739,-12.952692766789408,0.533867480162915,,PET,HT,#2,-,GASOLINE_1,1.518700111248406,3.785365574786772,62.48475565952527,-0.94807555654825,-1.258987781531604,-35.67072035903042,0.4291292334822035,134,,,,,,,,,,,,,,,,,,,,,,,,,,,,,,,,,,,,,,,,,,,,,,,,,,,,,,,,,,,,,,,,,,,,,,,,,,,,,,,,,,,,,,,,,,,,,,,,,,,,,,,,,,,,,,,,,,,,,,,,,,,,,,,,,,,,,,,,,,,,,,,,,,,,,,,,,,,,,,,,
188,PET,HT,#8,-,GASOLINE_1,1.6062000213945835,3.2022842976310946,63.02400510550689,-0.9415038623286003,-0.6173400937303236,-34.62785823979167,0.4505608112048409,,,,,,,,,,,,,,,,,,,,,,,,,,,135,,PVC,LT,#8,#10,Aromatics,1.0404802739141397,1.0686723854883107,28.679430778481528,-0.8094144397309206,0.2681430602976647,-14.358685773177774,0.4993385369436536,,PET,HT,#3,-,GASOLINE_1,1.3441124701971272,3.682607406020469,58.43408097958268,-0.8600183612634045,-0.914430538443535,-27.10736680000311,0.5361034802707921,135,,,,,,,,,,,,,,,,,,,,,,,,,,,,,,,,,,,,,,,,,,,,,,,,,,,,,,,,,,,,,,,,,,,,,,,,,,,,,,,,,,,,,,,,,,,,,,,,,,,,,,,,,,,,,,,,,,,,,,,,,,,,,,,,,,,,,,,,,,,,,,,,,,,,,,,,,,,,,,,,
189,PET,HT,#9,-,GASOLINE_1,1.4219810126091224,2.0808215313536182,52.03908639210515,-0.5531741082912118,0.698103912581307,-19.720214804703062,0.6210499420355924,,,,,,,,,,,,,,,,,,,,,,,,,,,136,,PVC,LT,#8,#11,Aromatics,1.0569777903662811,1.1572325170097002,29.154397820513523,-0.8206573483026218,0.20776809583877118,-14.993901232280832,0.48570705097085315,,PET,HT,#4,-,MeOH_1,1.5622190164661107,4.952972753447725,77.16033791349327,-1.07149552193114,-2.651268142008253,-49.13971774733603,0.3631479711451236,136,,,,,,,,,,,,,,,,,,,,,,,,,,,,,,,,,,,,,,,,,,,,,,,,,,,,,,,,,,,,,,,,,,,,,,,,,,,,,,,,,,,,,,,,,,,,,,,,,,,,,,,,,,,,,,,,,,,,,,,,,,,,,,,,,,,,,,,,,,,,,,,,,,,,,,,,,,,,,,,,
190,PET,HT,#10,-,MeOH_1,1.4514487628086186,2.209093015584005,53.62302486352232,-0.8452304792864711,0.17209634215526282,-24.550398483945433,0.5421668481696167,,,,,,,,,,,,,,,,,,,,,,,,,,,137,,PVC,LT,#9,#3,Aromatics,1.089996534460915,1.1068309460763137,26.312149232450714,-0.8750743146718913,0.3200702188042356,-11.363568363703846,0.5681246612234478,,PET,HT,#5,-,GASOLINE_1,1.6494080120602375,5.249285566637839,81.96876957952527,-0.9946417422913945,-2.6275428838431747,-51.66010936371205,0.36975863333422454,137,,,,,,,,,,,,,,,,,,,,,,,,,,,,,,,,,,,,,,,,,,,,,,,,,,,,,,,,,,,,,,,,,,,,,,,,,,,,,,,,,,,,,,,,,,,,,,,,,,,,,,,,,,,,,,,,,,,,,,,,,,,,,,,,,,,,,,,,,,,,,,,,,,,,,,,,,,,,,,,,
191,PET,HT,#11,-,GASOLINE_1,1.4701910605613935,2.2191481955326524,53.9675560335543,-0.817955887134346,0.35139246916303335,-25.931230428794503,0.5195033398831,,,,,,,,,,,,,,,,,,,,,,,,,,,138,,PVC,LT,#9,#6,Aromatics,1.0075979605471348,0.8045864295587245,24.10364024178426,-0.7865581266784974,0.5931284869994151,-9.080059626679967,0.6232909413019093,,PET,HT,#7,-,GASOLINE_1,1.2511290106559039,2.904910555884701,60.24638188459492,-0.7312192012843688,-0.3632251055853039,-30.300854117039748,0.4970510565251434,138,,,,,,,,,,,,,,,,,,,,,,,,,,,,,,,,,,,,,,,,,,,,,,,,,,,,,,,,,,,,,,,,,,,,,,,,,,,,,,,,,,,,,,,,,,,,,,,,,,,,,,,,,,,,,,,,,,,,,,,,,,,,,,,,,,,,,,,,,,,,,,,,,,,,,,,,,,,,,,,,
192,PET,LT,#1,-,GASOLINE_1,1.4059515753386647,4.0983481642142605,61.50412066841878,-0.8022072464036397,-1.5125518221126069,-37.80351554930586,0.38534987349689465,,,,,,,,,,,,,,,,,,,,,,,,,,,139,,PVC,LT,#9,#7,Aromatics,1.0772620325915843,1.201317940387765,28.267043378481528,-0.8625942285499291,0.20414421980329872,-13.816397468537524,0.5112188677272365,,PET,HT,#8,-,GASOLINE_1,1.3482800213945834,3.2022842976310946,63.02400510550689,-0.77176872641964,-0.6173400937303236,-34.62785823979167,0.4505608112048409,139,,,,,,,,,,,,,,,,,,,,,,,,,,,,,,,,,,,,,,,,,,,,,,,,,,,,,,,,,,,,,,,,,,,,,,,,,,,,,,,,,,,,,,,,,,,,,,,,,,,,,,,,,,,,,,,,,,,,,,,,,,,,,,,,,,,,,,,,,,,,,,,,,,,,,,,,,,,,,,,,
193,PET,LT,#2,-,GASOLINE_1,1.5083335026230704,4.009306026504595,57.764901408325265,-1.0344982766588309,-1.5442819592370565,-36.42581140587483,0.3694127312987151,,,,,,,,,,,,,,,,,,,,,,,,,,,140,,PVC,LT,#9,#8,Aromatics,1.1132126242691616,1.2774896347641733,29.391899684513525,-0.887432488819928,0.11155773172342077,-15.334046467238581,0.4782900516186088,,PET,LT,#1,-,GASOLINE_1,1.2670715753386643,4.0983481642142605,61.50412066841878,-0.8706199818947962,-1.5125518221126069,-37.80351554930586,0.38534987349689465,140,,,,,,,,,,,,,,,,,,,,,,,,,,,,,,,,,,,,,,,,,,,,,,,,,,,,,,,,,,,,,,,,,,,,,,,,,,,,,,,,,,,,,,,,,,,,,,,,,,,,,,,,,,,,,,,,,,,,,,,,,,,,,,,,,,,,,,,,,,,,,,,,,,,,,,,,,,,,,,,,
194,PET,LT,#3,-,GASOLINE_1,1.3573741481933894,2.6706334818410484,53.13289023919934,-0.6722786594504775,-0.010561368050371408,-28.144020187856487,0.4703088790925033,,,,,,,,,,,,,,,,,,,,,,,,,,,141,,PVC,LT,#9,#9,Aromatics,1.075898632297355,1.172560607009253,29.93031472360584,-0.8593151002706317,0.25129128099421205,-15.214221129870939,0.49167854496793567,,PET,LT,#2,-,GASOLINE_1,1.3694535026230705,4.009306026504595,57.764901408325265,-0.9292413475555543,-1.5442819592370565,-36.42581140587483,0.3694127312987151,141,,,,,,,,,,,,,,,,,,,,,,,,,,,,,,,,,,,,,,,,,,,,,,,,,,,,,,,,,,,,,,,,,,,,,,,,,,,,,,,,,,,,,,,,,,,,,,,,,,,,,,,,,,,,,,,,,,,,,,,,,,,,,,,,,,,,,,,,,,,,,,,,,,,,,,,,,,,,,,,,
195,PET,LT,#4,-,MeOH_1,1.5320363761266025,4.896691269622412,69.42349038229327,-1.1184982854188943,-2.595811868158836,-47.087181848724086,0.32173992420389963,,,,,,,,,,,,,,,,,,,,,,,,,,,142,,PVC,HT,#6,-,Olefin,0.7858429488691563,0.9300354309496947,27.314703188434244,-0.5465835927484701,0.3644065323998296,-13.010471285016324,0.5236824945428916,,PET,LT,#3,-,GASOLINE_1,1.2184941481933893,2.6706334818410484,53.13289023919934,-0.8049084587593995,-0.010561368050371408,-28.144020187856487,0.4703088790925033,142,,,,,,,,,,,,,,,,,,,,,,,,,,,,,,,,,,,,,,,,,,,,,,,,,,,,,,,,,,,,,,,,,,,,,,,,,,,,,,,,,,,,,,,,,,,,,,,,,,,,,,,,,,,,,,,,,,,,,,,,,,,,,,,,,,,,,,,,,,,,,,,,,,,,,,,,,,,,,,,,
196,PET,LT,#5,-,FT_1,1.7010038695567977,4.89512214441336,72.02047982229327,-1.1304095370088214,-2.297027753597634,-45.72616673568648,0.3650949445419777,,,,,,,,,,,,,,,,,,,,,,,,,,,143,,PVC,HT,#9,-,DIESEL_1,0.8944195971276474,1.3505852995980459,32.74460344552127,-0.6281329924241957,0.16120804221140161,-16.122304831733747,0.507634750912248,,PET,LT,#4,-,MeOH_1,1.3931563761266024,4.896691269622412,69.42349038229327,-0.9997586592910234,-2.595811868158836,-47.087181848724086,0.32173992420389963,143,,,,,,,,,,,,,,,,,,,,,,,,,,,,,,,,,,,,,,,,,,,,,,,,,,,,,,,,,,,,,,,,,,,,,,,,,,,,,,,,,,,,,,,,,,,,,,,,,,,,,,,,,,,,,,,,,,,,,,,,,,,,,,,,,,,,,,,,,,,,,,,,,,,,,,,,,,,,,,,,
197,PET,LT,#6,-,Olefin,1.1459374232032333,1.5764983285622003,42.400282956800005,-0.7188099706634422,0.8945218505808767,-19.351141835884192,0.543608191115132,,,,,,,,,,,,,,,,,,,,,,,,,,,144,,PVC,LT,#6,-,Olefin,0.7702321585182662,0.8738956303762108,27.388471762067198,-0.5003170053954817,0.4878849720008595,-11.279109817624244,0.5881803878796291,,PET,LT,#5,-,FT_1,1.4981238695567975,4.89512214441336,72.02047982229327,-0.9373230868983,-2.297027753597634,-45.72616673568648,0.3650949445419777,144,,,,,,,,,,,,,,,,,,,,,,,,,,,,,,,,,,,,,,,,,,,,,,,,,,,,,,,,,,,,,,,,,,,,,,,,,,,,,,,,,,,,,,,,,,,,,,,,,,,,,,,,,,,,,,,,,,,,,,,,,,,,,,,,,,,,,,,,,,,,,,,,,,,,,,,,,,,,,,,,
198,PET,LT,#7,-,MeOH_1,1.285606106389338,2.756023351949898,53.05536793738543,-0.6945900486212931,-0.23135702799899488,-29.300672678480467,0.447734059387537,,,,,,,,,,,,,,,,,,,,,,,,,,,145,,PVC,LT,#9,-,GASOLINE_1,0.8889163203071728,1.4778078318672243,34.84848415068449,-0.6080260020729429,0.06697213800768584,-17.36683855197812,0.501647231572998,,PET,LT,#7,-,MeOH_1,1.1467261063893381,2.756023351949898,53.05536793738543,-0.7171338059391222,-0.23135702799899488,-29.300672678480467,0.447734059387537,145,,,,,,,,,,,,,,,,,,,,,,,,,,,,,,,,,,,,,,,,,,,,,,,,,,,,,,,,,,,,,,,,,,,,,,,,,,,,,,,,,,,,,,,,,,,,,,,,,,,,,,,,,,,,,,,,,,,,,,,,,,,,,,,,,,,,,,,,,,,,,,,,,,,,,,,,,,,,,,,,
199,PET,LT,#8,-,FT_1,1.3607768462497247,2.9055034852641497,55.08869275829741,-0.8230882203271351,-0.386727294029814,-32.326963854466925,0.41318331882911014,,,,,,,,,,,,,,,,,,,,,,,,,,,146,,PVC,OG,#2,-,FT_1,0.962749167562228,1.5731123734529633,34.18456922007874,-0.5483061510476978,0.034474138007640986,-17.552159480001077,0.48654729661792584,,PET,LT,#8,-,FT_1,1.2218968462497244,2.9055034852641497,55.08869275829741,-0.7318887890090585,-0.386727294029814,-32.326963854466925,0.41318331882911014,146,,,,,,,,,,,,,,,,,,,,,,,,,,,,,,,,,,,,,,,,,,,,,,,,,,,,,,,,,,,,,,,,,,,,,,,,,,,,,,,,,,,,,,,,,,,,,,,,,,,,,,,,,,,,,,,,,,,,,,,,,,,,,,,,,,,,,,,,,,,,,,,,,,,,,,,,,,,,,,,,
200,PET,LT,#9,-,GASOLINE_1,1.2789383752135206,2.3488487249603476,51.81942402126127,-0.58110808701735,0.3227669416285434,-26.87106914209656,0.4814479386904902,,,,,,,,,,,,,,,,,,,,,,,,,,,147,,PVC,OG,#3,-,H2_1,0.7102615825198547,1.0572215858264429,23.556914238371533,-0.5881817608963131,0.3006275705422804,-14.281109134366208,0.39376146680943863,,PET,LT,#10,-,MeOH_1,1.2659009575420894,3.4352458313674528,64.89389565226541,-0.8132243050657985,-1.0700438613236982,-41.92471500145433,0.35394978865025556,147,,,,,,,,,,,,,,,,,,,,,,,,,,,,,,,,,,,,,,,,,,,,,,,,,,,,,,,,,,,,,,,,,,,,,,,,,,,,,,,,,,,,,,,,,,,,,,,,,,,,,,,,,,,,,,,,,,,,,,,,,,,,,,,,,,,,,,,,,,,,,,,,,,,,,,,,,,,,,,,,
201,PET,LT,#10,-,MeOH_1,1.4047809575420895,3.4352458313674528,64.89389565226541,-0.9108546534025334,-1.0700438613236982,-41.92471500145433,0.35394978865025556,,,,,,,,,,,,,,,,,,,,,,,,,,,148,,PVC,OG,#6,-,MeOH_1,0.6866073715260858,0.8107699049045326,19.950742104113978,-0.5352402409886521,0.299151319952829,-11.985859224907276,0.3992273990431809,,PET,LT,#11,-,FT_1,1.3190622955984794,3.8656012609402897,65.95596331829742,-0.828288183642216,-1.361574102786404,-43.77822835985964,0.33625064122572296,148,,,,,,,,,,,,,,,,,,,,,,,,,,,,,,,,,,,,,,,,,,,,,,,,,,,,,,,,,,,,,,,,,,,,,,,,,,,,,,,,,,,,,,,,,,,,,,,,,,,,,,,,,,,,,,,,,,,,,,,,,,,,,,,,,,,,,,,,,,,,,,,,,,,,,,,,,,,,,,,,
202,PET,LT,#11,-,FT_1,1.4579422955984795,3.8656012609402897,65.95596331829742,-0.9341385485306928,-1.361574102786404,-43.77822835985964,0.33625064122572296,,,,,,,,,,,,,,,,,,,,,,,,,,,149,,PVC,OG,#7,-,FT_1,0.8499557638437092,1.1364751347160191,28.94746530411398,-0.5650441359103514,0.2827355423239243,-17.985920508087162,0.37867028013913795,,PET,SG,#1,-,MeOH_1,0.8604470369401703,3.2347613058132385,50.75619780221697,-0.4421376068017934,-0.8885861093505109,-26.799766374817967,0.47199026847422004,149,,,,,,,,,,,,,,,,,,,,,,,,,,,,,,,,,,,,,,,,,,,,,,,,,,,,,,,,,,,,,,,,,,,,,,,,,,,,,,,,,,,,,,,,,,,,,,,,,,,,,,,,,,,,,,,,,,,,,,,,,,,,,,,,,,,,,,,,,,,,,,,,,,,,,,,,,,,,,,,,
203,PET,SG,#1,-,MeOH_1,0.8604470369401703,3.2347613058132385,50.75619780221697,-0.31012428352300303,-0.8885861093505109,-26.799766374817967,0.47199026847422004,,,,,,,,,,,,,,,,,,,,,,,,,,,150,,PVC,OG,#8,-,H2_1,0.7148855288387156,1.0210180681126837,24.934495810327896,-0.5830210543174562,0.3595211945212359,-15.23380217648736,0.3890471139914728,,PET,SG,#3,-,H2_1,0.8105715624147385,3.120076017627424,48.04129266482996,-0.5002330933022001,-0.17433912819078834,-18.497054100548297,0.6149759285288838,150,,,,,,,,,,,,,,,,,,,,,,,,,,,,,,,,,,,,,,,,,,,,,,,,,,,,,,,,,,,,,,,,,,,,,,,,,,,,,,,,,,,,,,,,,,,,,,,,,,,,,,,,,,,,,,,,,,,,,,,,,,,,,,,,,,,,,,,,,,,,,,,,,,,,,,,,,,,,,,,,
204,PET,SG,#2,-,FT_4,0.9813291797475393,3.4254343928571633,51.89757300221696,-0.25227008561205966,-0.6234845009186238,-24.37957136769672,0.5302367729863731,,,,,,,,,,,,,,,,,,,,,,,,,,,151,,PS,HT,#3,-,GASOLINE_1,1.2358064593164118,3.0183577885802566,80.5314148825701,-0.4472822019373813,0.3616534762778124,-35.48052888419452,0.5594200234041363,,PET,SG,#4,-,MeOH_1,1.1009677181121258,6.187894416842888,81.79075940221696,-0.6972072359800745,-3.9872464650898647,-56.8844616189096,0.30451236747695826,151,,,,,,,,,,,,,,,,,,,,,,,,,,,,,,,,,,,,,,,,,,,,,,,,,,,,,,,,,,,,,,,,,,,,,,,,,,,,,,,,,,,,,,,,,,,,,,,,,,,,,,,,,,,,,,,,,,,,,,,,,,,,,,,,,,,,,,,,,,,,,,,,,,,,,,,,,,,,,,,,
205,PET,SG,#3,-,H2_1,0.8105715624147385,3.120076017627424,48.04129266482996,0.13051156890637444,-0.17433912819078834,-18.497054100548297,0.6149759285288838,,,,,,,,,,,,,,,,,,,,,,,,,,,152,,PS,HT,#4,-,GASOLINE_1,1.3006701537352436,3.3535542974827863,83.45958622860212,-0.4670036783715193,0.13256874806945293,-39.20441997269507,0.5302586348162426,,PET,SG,#5,-,FT_4,1.2226889470649873,6.29917222262187,82.74331108221696,-0.5024495659505877,-3.4938718702537317,-55.35448421634386,0.3310095584482775,152,,,,,,,,,,,,,,,,,,,,,,,,,,,,,,,,,,,,,,,,,,,,,,,,,,,,,,,,,,,,,,,,,,,,,,,,,,,,,,,,,,,,,,,,,,,,,,,,,,,,,,,,,,,,,,,,,,,,,,,,,,,,,,,,,,,,,,,,,,,,,,,,,,,,,,,,,,,,,,,,
206,PET,SG,#4,-,MeOH_1,1.1009677181121258,6.187894416842888,81.79075940221696,-0.6483955287357832,-3.9872464650898647,-56.8844616189096,0.30451236747695826,,,,,,,,,,,,,,,,,,,,,,,,,,,153,,PS,HT,#5,-,GASOLINE_1,1.251214672775256,2.9266793304267535,79.68754681878802,-0.4988065883707571,0.7339903301282361,-31.901979067760696,0.5996616743604016,,PET,SG,#8,-,H2_1,0.8072713514311607,3.6042960658716674,50.30397447129719,-0.5214211619769094,-0.7768170651217204,-22.29846830900751,0.5567255163559545,153,,,,,,,,,,,,,,,,,,,,,,,,,,,,,,,,,,,,,,,,,,,,,,,,,,,,,,,,,,,,,,,,,,,,,,,,,,,,,,,,,,,,,,,,,,,,,,,,,,,,,,,,,,,,,,,,,,,,,,,,,,,,,,,,,,,,,,,,,,,,,,,,,,,,,,,,,,,,,,,,
207,PET,SG,#5,-,FT_4,1.2226889470649873,6.29917222262187,82.74331108221696,-0.49276086319467455,-3.4938718702537317,-55.35448421634386,0.3310095584482775,,,,,,,,,,,,,,,,,,,,,,,,,,,154,,PS,HT,#8,-,WAX_1,1.098828956552173,1.0924503298271817,55.65288202818166,-0.5951475201438295,2.3390982530782036,-16.817573489786042,0.6978130713649311,,PET,SG,#9,-,MeOH_1,1.0815250604799687,5.590287530562308,84.68325850441452,-0.6119628480209812,-3.3245079938104976,-60.17745537446344,0.2893819104595934,154,,,,,,,,,,,,,,,,,,,,,,,,,,,,,,,,,,,,,,,,,,,,,,,,,,,,,,,,,,,,,,,,,,,,,,,,,,,,,,,,,,,,,,,,,,,,,,,,,,,,,,,,,,,,,,,,,,,,,,,,,,,,,,,,,,,,,,,,,,,,,,,,,,,,,,,,,,,,,,,,
208,PET,SG,#6,-,MeOH_1,0.839665967621879,2.669938602895592,53.75375277929451,-0.3019588170151566,-0.40415747184604767,-29.24771169262188,0.45589451563114214,,,,,,,,,,,,,,,,,,,,,,,,,,,155,,PS,HT,#9,-,WAX_1,1.1776446534234783,1.494936192884302,57.79364694794164,-0.6827019664998657,1.977565828986106,-18.70128081979859,0.6764128618385338,,PET,SG,#10,-,FT_1,1.1788973197462969,6.280790014136517,87.6185622053265,-0.6109095335068787,-3.5968900604964613,-64.93096985434272,0.25893591243619574,155,,,,,,,,,,,,,,,,,,,,,,,,,,,,,,,,,,,,,,,,,,,,,,,,,,,,,,,,,,,,,,,,,,,,,,,,,,,,,,,,,,,,,,,,,,,,,,,,,,,,,,,,,,,,,,,,,,,,,,,,,,,,,,,,,,,,,,,,,,,,,,,,,,,,,,,,,,,,,,,,
209,PET,SG,#7,-,FT_1,0.9493798072694264,3.271283622797527,55.86969868532652,-0.3071747778500843,-0.5911063586398954,-33.306631163795714,0.40385160565501155,,,,,,,,,,,,,,,,,,,,,,,,,,,156,,PS,LT,#3,-,GASOLINE_1,1.2641684590950775,3.1065062442657427,81.59498231407154,-0.431233800978047,0.3455065200451031,-33.9305168678631,0.5841592717397822,,PET,OG,#1,-,MeOH_1,0.7985180980707911,2.6467392105168317,34.881936159999995,-0.5847470251075776,-0.6384925023482806,-18.429099765025192,0.4716721090110156,156,,,,,,,,,,,,,,,,,,,,,,,,,,,,,,,,,,,,,,,,,,,,,,,,,,,,,,,,,,,,,,,,,,,,,,,,,,,,,,,,,,,,,,,,,,,,,,,,,,,,,,,,,,,,,,,,,,,,,,,,,,,,,,,,,,,,,,,,,,,,,,,,,,,,,,,,,,,,,,,,
210,PET,SG,#8,-,H2_1,0.8072713514311607,3.6042960658716674,50.30397447129719,0.04174756383927161,-0.7768170651217204,-22.29846830900751,0.5567255163559545,,,,,,,,,,,,,,,,,,,,,,,,,,,157,,PS,LT,#4,-,GASOLINE_1,1.3352331841476424,3.405850334794448,84.65115894010356,-0.452391438425613,0.11058322721950799,-37.85069208080507,0.5528626831017517,,PET,OG,#2,-,FT_1,1.250576214123197,3.1794378980592484,66.34392223999998,-0.5481710863328779,-0.23933400538860738,-37.323779742935685,0.43741975929737126,157,,,,,,,,,,,,,,,,,,,,,,,,,,,,,,,,,,,,,,,,,,,,,,,,,,,,,,,,,,,,,,,,,,,,,,,,,,,,,,,,,,,,,,,,,,,,,,,,,,,,,,,,,,,,,,,,,,,,,,,,,,,,,,,,,,,,,,,,,,,,,,,,,,,,,,,,,,,,,,,,
211,PET,SG,#9,-,MeOH_1,1.0815250604799687,5.590287530562308,84.68325850441452,-0.5438198942829525,-3.3245079938104976,-60.17745537446344,0.2893819104595934,,,,,,,,,,,,,,,,,,,,,,,,,,,158,,PS,LT,#5,-,GASOLINE_1,1.2698181927116718,2.8691938242991055,80.2261188692664,-0.46455886164558524,0.8366707180741647,-30.019303764412363,0.6258163278055275,,PET,OG,#4,-,MeOH_1,0.9495437483518488,4.615729328363312,54.99068447999999,-0.7880655195325151,-2.6452109461095685,-41.13549406790457,0.251955227382822,158,,,,,,,,,,,,,,,,,,,,,,,,,,,,,,,,,,,,,,,,,,,,,,,,,,,,,,,,,,,,,,,,,,,,,,,,,,,,,,,,,,,,,,,,,,,,,,,,,,,,,,,,,,,,,,,,,,,,,,,,,,,,,,,,,,,,,,,,,,,,,,,,,,,,,,,,,,,,,,,,
212,PET,SG,#10,-,FT_1,1.1788973197462969,6.280790014136517,87.6185622053265,-0.5334430332514131,-3.5968900604964613,-64.93096985434272,0.25893591243619574,,,,,,,,,,,,,,,,,,,,,,,,,,,159,,PS,OG,#3,-,H2_1,0.813292750022382,2.2029270169541793,53.75784738839299,-0.5375994194121956,1.0469255441072345,-29.390141099354043,0.4532864962576654,,PET,OG,#5,-,FT_1,1.4128947457742431,5.013551084699669,85.91944319999998,-0.7106415605285273,-2.0798136938914307,-57.105018183849516,0.33536559296686025,159,,,,,,,,,,,,,,,,,,,,,,,,,,,,,,,,,,,,,,,,,,,,,,,,,,,,,,,,,,,,,,,,,,,,,,,,,,,,,,,,,,,,,,,,,,,,,,,,,,,,,,,,,,,,,,,,,,,,,,,,,,,,,,,,,,,,,,,,,,,,,,,,,,,,,,,,,,,,,,,,
213,PET,OG,#1,-,MeOH_1,0.7985180980707911,2.6467392105168317,34.881936159999995,-0.5656651854341429,-0.6384925023482806,-18.429099765025192,0.4716721090110156,,,,,,,,,,,,,,,,,,,,,,,,,,,160,,PS,OG,#8,-,H2_1,0.835440764529389,2.4500280477675824,62.7802188715777,-0.541518071789615,0.8652215176195511,-39.24311223399574,0.3749127840049287,,PET,OG,#9,-,MeOH_1,0.9137498366277762,3.8465566076503457,55.82671604335707,-0.6982876966827349,-1.8460203740675807,-42.68754612784031,0.23535631050396008,160,,,,,,,,,,,,,,,,,,,,,,,,,,,,,,,,,,,,,,,,,,,,,,,,,,,,,,,,,,,,,,,,,,,,,,,,,,,,,,,,,,,,,,,,,,,,,,,,,,,,,,,,,,,,,,,,,,,,,,,,,,,,,,,,,,,,,,,,,,,,,,,,,,,,,,,,,,,,,,,,
214,PET,OG,#2,-,FT_1,1.890576214123197,3.1794378980592484,66.34392223999998,-1.0914073492370902,-0.23933400538860738,-37.323779742935685,0.43741975929737126,,,,,,,,,,,,,,,,,,,,,,,,,,,161,,PE,HT,#2,#3,H2_1,1.1241725778699068,3.347271499631427,77.62642146570528,-0.4523958800266999,0.44575754497988285,-26.52575293781393,0.6582896333881268,,PET,OG,#10,-,FT_1,1.177867036708926,4.1033351770178035,72.00183268335707,-0.6294776728141955,-1.4816183579049385,-51.24344070581248,0.28830366122531764,161,,,,,,,,,,,,,,,,,,,,,,,,,,,,,,,,,,,,,,,,,,,,,,,,,,,,,,,,,,,,,,,,,,,,,,,,,,,,,,,,,,,,,,,,,,,,,,,,,,,,,,,,,,,,,,,,,,,,,,,,,,,,,,,,,,,,,,,,,,,,,,,,,,,,,,,,,,,,,,,,
215,PET,OG,#3,-,H2_1,0.7591925500828409,1.8411795611650241,37.360429960147115,-0.4607112478014693,0.2818136796765208,-25.78998493149862,0.30969785521716037,,,,,,,,,,,,,,,,,,,,,,,,,,,162,,PE,HT,#2,#9,H2_1,1.1497236188708944,3.3899008060413265,79.35847872629789,-0.4680193562697206,0.42942402196125357,-27.466516541715674,0.6538931065394303,,PP,HT,#1,#4,MeOH_1,1.2725320717655217,5.783925573701432,108.19129193634635,-0.516842507387547,-2.9438869501807665,-65.81642690653344,0.39166613385801774,162,,,,,,,,,,,,,,,,,,,,,,,,,,,,,,,,,,,,,,,,,,,,,,,,,,,,,,,,,,,,,,,,,,,,,,,,,,,,,,,,,,,,,,,,,,,,,,,,,,,,,,,,,,,,,,,,,,,,,,,,,,,,,,,,,,,,,,,,,,,,,,,,,,,,,,,,,,,,,,,,
216,PET,OG,#4,-,MeOH_1,0.9495437483518488,4.615729328363312,54.99068447999999,-0.7679682170609471,-2.6452109461095685,-41.13549406790457,0.251955227382822,,,,,,,,,,,,,,,,,,,,,,,,,,,163,,PE,HT,#5,#3,H2_1,1.2165146645349798,3.834875797914876,83.9680504798488,-0.5370666800283123,0.10261493153553575,-30.48176517073641,0.6369837694629862,,PP,HT,#1,#5,FT_1,1.408127408782708,6.585695304319316,111.97739577634634,-0.5353636009399038,-3.2930456848120735,-70.97737982954344,0.3661454676861094,163,,,,,,,,,,,,,,,,,,,,,,,,,,,,,,,,,,,,,,,,,,,,,,,,,,,,,,,,,,,,,,,,,,,,,,,,,,,,,,,,,,,,,,,,,,,,,,,,,,,,,,,,,,,,,,,,,,,,,,,,,,,,,,,,,,,,,,,,,,,,,,,,,,,,,,,,,,,,,,,,
217,PET,OG,#5,-,FT_1,2.0528947457742435,5.013551084699669,85.91944319999998,-1.2593789108487805,-2.0798136938914307,-57.105018183849516,0.33536559296686025,,,,,,,,,,,,,,,,,,,,,,,,,,,164,,PE,HT,#5,#9,H2_1,1.2420657055359678,3.8775051043247766,85.70010774044141,-0.5526901562713332,0.0862814085169056,-31.42252877463815,0.633343182370236,,PP,HT,#1,#10,MeOH_1,1.2697242092549423,5.481309348283575,108.27679362624697,-0.5100570347753316,-2.5577602633205347,-65.56353942149728,0.39448207482194714,164,,,,,,,,,,,,,,,,,,,,,,,,,,,,,,,,,,,,,,,,,,,,,,,,,,,,,,,,,,,,,,,,,,,,,,,,,,,,,,,,,,,,,,,,,,,,,,,,,,,,,,,,,,,,,,,,,,,,,,,,,,,,,,,,,,,,,,,,,,,,,,,,,,,,,,,,,,,,,,,,
218,PET,OG,#6,-,MeOH_1,0.7736682508629217,1.9721039530457667,36.976879883357064,-0.5309260278686864,0.036142755122784975,-23.483578649378714,0.3649118388718232,,,,,,,,,,,,,,,,,,,,,,,,,,,165,,PE,HT,#6,#6,Olefin,1.117575681775252,2.5799956473106005,77.44624954485452,-0.4405785049809846,0.6131338845560896,-31.9812165719261,0.5870527396758761,,PP,HT,#1,#11,FT_1,1.4394732849811436,6.801230198911863,115.959548492279,-0.6110563580501542,-3.439390673260261,-74.65821821614335,0.35617015427483867,165,,,,,,,,,,,,,,,,,,,,,,,,,,,,,,,,,,,,,,,,,,,,,,,,,,,,,,,,,,,,,,,,,,,,,,,,,,,,,,,,,,,,,,,,,,,,,,,,,,,,,,,,,,,,,,,,,,,,,,,,,,,,,,,,,,,,,,,,,,,,,,,,,,,,,,,,,,,,,,,,
219,PET,OG,#7,-,FT_1,1.3074249752336038,2.1842178493181166,50.83259636335707,-0.7336449162744112,0.4248650150045741,-30.24838713441703,0.40494113426357004,,,,,,,,,,,,,,,,,,,,,,,,,,,166,,PE,HT,#7,#6,Olefin,1.169552688739195,2.9608563124066136,79.54423674485453,-0.4768638174424621,0.34541512570658117,-34.422363575269,0.5672550899484785,,PP,HT,#2,#4,MeOH_1,1.3983722268887029,6.322618121340958,112.75080313954638,-0.6596264574925169,-3.37235228935938,-70.51105592276134,0.37462923580692264,166,,,,,,,,,,,,,,,,,,,,,,,,,,,,,,,,,,,,,,,,,,,,,,,,,,,,,,,,,,,,,,,,,,,,,,,,,,,,,,,,,,,,,,,,,,,,,,,,,,,,,,,,,,,,,,,,,,,,,,,,,,,,,,,,,,,,,,,,,,,,,,,,,,,,,,,,,,,,,,,,
220,PET,OG,#8,-,H2_1,0.7689659989894971,1.8352358905976225,39.75336939530639,-0.3883840532785281,0.38926723568597493,-27.232029239699095,0.31497556926798936,,,,,,,,,,,,,,,,,,,,,,,,,,,167,,PE,HT,#8,#1,MeOH_1,1.2139826912635092,2.5542805057189133,69.85554424468637,-0.4451907002815818,0.606220688915703,-22.170698490986954,0.6826207750478819,,PP,HT,#2,#5,FT_1,1.5339675639058876,7.124387851958841,116.53690697954633,-0.6781475510448725,-3.7215110239906846,-75.6720088457713,0.35066056919588,167,,,,,,,,,,,,,,,,,,,,,,,,,,,,,,,,,,,,,,,,,,,,,,,,,,,,,,,,,,,,,,,,,,,,,,,,,,,,,,,,,,,,,,,,,,,,,,,,,,,,,,,,,,,,,,,,,,,,,,,,,,,,,,,,,,,,,,,,,,,,,,,,,,,,,,,,,,,,,,,,
221,PET,OG,#9,-,MeOH_1,0.9137498366277762,3.8465566076503457,55.82671604335707,-0.6800754613069321,-1.8460203740675807,-42.68754612784031,0.23535631050396008,,,,,,,,,,,,,,,,,,,,,,,,,,,168,,PE,HT,#8,#2,FT_1,1.3282382143923988,3.3252859869487272,76.58097271071836,-0.46507991987357983,0.17560080996288122,-30.93503074937455,0.5960480827759863,,PP,HT,#2,#10,MeOH_1,1.3955643643781235,6.0200018959231,112.83630482944702,-0.652840984880302,-2.9862256024991463,-70.25816843772519,0.3773442993908656,168,,,,,,,,,,,,,,,,,,,,,,,,,,,,,,,,,,,,,,,,,,,,,,,,,,,,,,,,,,,,,,,,,,,,,,,,,,,,,,,,,,,,,,,,,,,,,,,,,,,,,,,,,,,,,,,,,,,,,,,,,,,,,,,,,,,,,,,,,,,,,,,,,,,,,,,,,,,,,,,,
222,PET,OG,#10,-,FT_1,1.4978670367089262,4.1033351770178035,72.00183268335707,-0.9128786168419993,-1.4816183579049385,-51.24344070581248,0.28830366122531764,,,,,,,,,,,,,,,,,,,,,,,,,,,169,,PE,HT,#8,#3,DIESEL_1,1.2399313495947715,2.801124515597219,68.03070644604632,-0.5906794462369734,0.9121565231291949,-17.375115131393922,0.7445989312903322,,PP,HT,#2,#11,FT_1,1.5653134401043247,7.339922746551388,120.51905969547897,-0.7538403081551245,-3.867856012438872,-79.3528472323712,0.34157429179354976,169,,,,,,,,,,,,,,,,,,,,,,,,,,,,,,,,,,,,,,,,,,,,,,,,,,,,,,,,,,,,,,,,,,,,,,,,,,,,,,,,,,,,,,,,,,,,,,,,,,,,,,,,,,,,,,,,,,,,,,,,,,,,,,,,,,,,,,,,,,,,,,,,,,,,,,,,,,,,,,,,
223,PP,HT,#1,#1,MeOH_1,1.0395184530479833,2.87341769044136,74.34146313634636,-0.06345137957167139,0.13861654727818667,-29.60065119054673,0.6018285093978107,,,,,,,,,,,,,,,,,,,,,,,,,,,170,,PE,HT,#8,#6,Olefin,1.0784315380441483,1.1284121619597827,56.596148193394804,-0.458650049930971,2.0778107007828206,-12.146354616847214,0.7853854899216482,,PP,HT,#3,#1,MeOH_1,1.1711099463836312,4.085576500894419,85.56470777496735,-0.4274435951651553,-0.944839910971267,-39.65433308029654,0.5365573714739229,170,,,,,,,,,,,,,,,,,,,,,,,,,,,,,,,,,,,,,,,,,,,,,,,,,,,,,,,,,,,,,,,,,,,,,,,,,,,,,,,,,,,,,,,,,,,,,,,,,,,,,,,,,,,,,,,,,,,,,,,,,,,,,,,,,,,,,,,,,,,,,,,,,,,,,,,,,,,,,,,,
224,PP,HT,#1,#2,FT_1,1.1397620308434928,3.1255689074574673,76.15525480237835,-0.14490722274255802,0.17595052584861726,-35.433740924014515,0.5347170590399245,,,,,,,,,,,,,,,,,,,,,,,,,,,171,,PE,HT,#8,#7,MeOH_1,1.2184690490880419,2.5978214772979946,70.87052693876873,-0.4530971033788261,0.59320449893877,-23.617528980516557,0.6667510458766334,,PP,HT,#3,#3,H2_1,1.19546359156419,3.954585884976432,83.08467811281596,-0.5842881646716451,-0.22400188235127896,-36.51493689634713,0.5605093775922732,171,,,,,,,,,,,,,,,,,,,,,,,,,,,,,,,,,,,,,,,,,,,,,,,,,,,,,,,,,,,,,,,,,,,,,,,,,,,,,,,,,,,,,,,,,,,,,,,,,,,,,,,,,,,,,,,,,,,,,,,,,,,,,,,,,,,,,,,,,,,,,,,,,,,,,,,,,,,,,,,,
225,PP,HT,#1,#3,JET FUEL_1,1.0638720982285421,2.7424270745233716,71.86143347419498,0.26882779751009295,0.8594545758981764,-26.461255006597334,0.6317739053159939,,,,,,,,,,,,,,,,,,,,,,,,,,,172,,PE,HT,#8,#8,FT_1,1.3530287207197265,3.4291111748405934,78.01128820480074,-0.49709416166209497,0.06472608143206239,-32.48808545676271,0.5835463532986059,,PP,HT,#3,#4,MeOH_1,1.4860435651011696,6.996084384154493,119.41453657496733,-0.7301088316894258,-4.027343408430223,-75.87010879628325,0.3646493050814404,172,,,,,,,,,,,,,,,,,,,,,,,,,,,,,,,,,,,,,,,,,,,,,,,,,,,,,,,,,,,,,,,,,,,,,,,,,,,,,,,,,,,,,,,,,,,,,,,,,,,,,,,,,,,,,,,,,,,,,,,,,,,,,,,,,,,,,,,,,,,,,,,,,,,,,,,,,,,,,,,,
226,PP,HT,#1,#4,MeOH_1,1.3544520717655217,5.783925573701432,108.19129193634635,-0.49190620734607166,-2.9438869501807665,-65.81642690653344,0.39166613385801774,,,,,,,,,,,,,,,,,,,,,,,,,,,173,,PE,HT,#8,#9,DIESEL_1,1.265482390595759,2.8437538220071192,69.76276370663895,-0.606302922479994,0.8958230001105651,-18.315878735295666,0.7374548002095187,,PP,HT,#3,#5,FT_1,1.621638902118354,7.797854114772376,123.20064041496735,-0.7486299252417803,-4.376502143061528,-81.03106171929326,0.3422837621106311,173,,,,,,,,,,,,,,,,,,,,,,,,,,,,,,,,,,,,,,,,,,,,,,,,,,,,,,,,,,,,,,,,,,,,,,,,,,,,,,,,,,,,,,,,,,,,,,,,,,,,,,,,,,,,,,,,,,,,,,,,,,,,,,,,,,,,,,,,,,,,,,,,,,,,,,,,,,,,,,,,
227,PP,HT,#1,#5,FT_1,1.490047408782708,6.585695304319316,111.97739577634634,-0.5016050522541744,-3.2930456848120735,-70.97737982954344,0.3661454676861094,,,,,,,,,,,,,,,,,,,,,,,,,,,174,,PE,HT,#9,#1,MeOH_1,1.3103798326396094,2.9726208563675542,72.79705509172635,-0.5655421637309037,0.2513609987458438,-25.15982929354625,0.6543839683920709,,PP,HT,#3,#7,MeOH_1,1.162743870896056,3.8003295428748802,85.68783026486797,-0.424292236586932,-0.6120035443547794,-40.95131573979698,0.5220871433759826,174,,,,,,,,,,,,,,,,,,,,,,,,,,,,,,,,,,,,,,,,,,,,,,,,,,,,,,,,,,,,,,,,,,,,,,,,,,,,,,,,,,,,,,,,,,,,,,,,,,,,,,,,,,,,,,,,,,,,,,,,,,,,,,,,,,,,,,,,,,,,,,,,,,,,,,,,,,,,,,,,
228,PP,HT,#1,#6,Olefin,0.858729635922788,0.9613683619861093,58.91169562428962,-0.2819423017956697,2.0357241590530535,-18.42735810433059,0.6872037392735834,,,,,,,,,,,,,,,,,,,,,,,,,,,175,,PE,HT,#9,#3,H2_1,1.3363284909708717,3.2194648662458594,70.9722172930863,-0.7110309096862951,0.5572968329593361,-20.364245933953217,0.7130673563451289,,PP,HT,#3,#8,FT_1,1.2784445546373675,4.572761564320524,91.87147793089996,-0.45110503787432776,-1.0772854361370316,-48.872605796729786,0.468032877042767,175,,,,,,,,,,,,,,,,,,,,,,,,,,,,,,,,,,,,,,,,,,,,,,,,,,,,,,,,,,,,,,,,,,,,,,,,,,,,,,,,,,,,,,,,,,,,,,,,,,,,,,,,,,,,,,,,,,,,,,,,,,,,,,,,,,,,,,,,,,,,,,,,,,,,,,,,,,,,,,,,
229,PP,HT,#1,#7,MeOH_1,1.0311523775604077,2.58817073242182,74.46458562624699,-0.02141935291862225,0.47145291389467625,-30.89763385004718,0.5850694180300857,,,,,,,,,,,,,,,,,,,,,,,,,,,176,,PE,HT,#9,#6,Olefin,1.1748286794202487,1.5467525126084232,59.53765904043481,-0.5790015133802933,1.7229510106129617,-15.135485419406528,0.7457829941024837,,PP,HT,#3,#10,MeOH_1,1.4832357025905898,6.6934681587366365,119.500038264868,-0.72332335907721,-3.641216721569992,-75.61722131124712,0.3672201079664596,176,,,,,,,,,,,,,,,,,,,,,,,,,,,,,,,,,,,,,,,,,,,,,,,,,,,,,,,,,,,,,,,,,,,,,,,,,,,,,,,,,,,,,,,,,,,,,,,,,,,,,,,,,,,,,,,,,,,,,,,,,,,,,,,,,,,,,,,,,,,,,,,,,,,,,,,,,,,,,,,,
230,PP,HT,#1,#8,FT_1,1.1468530613017196,3.360602753867464,80.648233292279,-0.07547485175297951,0.006171022112423778,-38.81892390698,0.5186636790133331,,,,,,,,,,,,,,,,,,,,,,,,,,,177,,PE,HT,#9,#7,MeOH_1,1.3148661904641414,3.0161618279466347,73.81203778580874,-0.5734485668281475,0.23834480876891107,-26.606659783075862,0.6395349514630077,,PP,HT,#3,#11,FT_1,1.6529847783167912,8.013389009364921,127.18279313089997,-0.8243226823520325,-4.522847131509714,-84.71190010589312,0.33393584131537857,177,,,,,,,,,,,,,,,,,,,,,,,,,,,,,,,,,,,,,,,,,,,,,,,,,,,,,,,,,,,,,,,,,,,,,,,,,,,,,,,,,,,,,,,,,,,,,,,,,,,,,,,,,,,,,,,,,,,,,,,,,,,,,,,,,,,,,,,,,,,,,,,,,,,,,,,,,,,,,,,,
231,PP,HT,#1,#9,JET FUEL_1,1.0634980471935502,1.954535957961334,72.4629892274199,0.2987618357730622,1.6653103607690796,-24.61978802985886,0.6602432732578638,,,,,,,,,,,,,,,,,,,,,,,,,,,178,,PE,HT,#9,#9,H2_1,1.361879531971859,3.2620941726557593,72.70427455367896,-0.7266543859293156,0.5409633099407062,-21.305009537854968,0.7069634534056856,,PP,HT,#4,#3,JET FUEL_1,1.2395491030587253,4.0793395270614035,84.68967715281597,-0.5360884305864855,-0.4262832023164019,-34.97927346963655,0.5869712266523445,178,,,,,,,,,,,,,,,,,,,,,,,,,,,,,,,,,,,,,,,,,,,,,,,,,,,,,,,,,,,,,,,,,,,,,,,,,,,,,,,,,,,,,,,,,,,,,,,,,,,,,,,,,,,,,,,,,,,,,,,,,,,,,,,,,,,,,,,,,,,,,,,,,,,,,,,,,,,,,,,,
232,PP,HT,#1,#10,MeOH_1,1.3516442092549423,5.481309348283575,108.27679362624697,-0.42457340989569214,-2.5577602633205347,-65.56353942149728,0.39448207482194714,,,,,,,,,,,,,,,,,,,,,,,,,,,179,,PE,LT,#2,#2,WAX_1,1.1538137048922656,2.349277696054852,76.69080876768113,-0.44639794558797957,1.1869237202715763,-25.482131403895618,0.6677290041224049,,PP,HT,#4,#4,MeOH_1,1.530129076595705,7.120838026239466,121.01953561496735,-0.681909097604266,-4.229624728395348,-74.33444536957266,0.38576490984006717,179,,,,,,,,,,,,,,,,,,,,,,,,,,,,,,,,,,,,,,,,,,,,,,,,,,,,,,,,,,,,,,,,,,,,,,,,,,,,,,,,,,,,,,,,,,,,,,,,,,,,,,,,,,,,,,,,,,,,,,,,,,,,,,,,,,,,,,,,,,,,,,,,,,,,,,,,,,,,,,,,
233,PP,HT,#1,#11,FT_1,1.5213932849811438,6.801230198911863,115.959548492279,-0.45659699755409205,-3.439390673260261,-74.65821821614335,0.35617015427483867,,,,,,,,,,,,,,,,,,,,,,,,,,,180,,PE,LT,#2,#5,WAX_1,1.1418236070691516,2.350100441101897,73.91122910894133,-0.42907890506448565,1.201643339664945,-22.33777797898573,0.6977755850053448,,PP,HT,#4,#5,FT_1,1.6657244136128893,7.922607756857348,124.80563945496735,-0.7004301911566209,-4.578783463026651,-79.49539829258266,0.36304642450659147,180,,,,,,,,,,,,,,,,,,,,,,,,,,,,,,,,,,,,,,,,,,,,,,,,,,,,,,,,,,,,,,,,,,,,,,,,,,,,,,,,,,,,,,,,,,,,,,,,,,,,,,,,,,,,,,,,,,,,,,,,,,,,,,,,,,,,,,,,,,,,,,,,,,,,,,,,,,,,,,,,
234,PP,HT,#2,#1,MeOH_1,1.1653586081711644,3.412110238080884,78.90097433954635,-0.2062353296766416,-0.2898487919004238,-34.295280206774585,0.5653376844348388,,,,,,,,,,,,,,,,,,,,,,,,,,,181,,PE,LT,#2,#8,WAX_1,1.1177863071457914,2.2065484099427635,76.41800648408311,-0.418100036896977,1.3098642244268413,-25.21043263657229,0.670098268765709,,PP,HT,#4,#10,MeOH_1,1.5273212140851251,6.818221800821609,121.10503730486799,-0.6751236249920504,-3.8434980415351165,-74.08155788453651,0.3882867341178821,181,,,,,,,,,,,,,,,,,,,,,,,,,,,,,,,,,,,,,,,,,,,,,,,,,,,,,,,,,,,,,,,,,,,,,,,,,,,,,,,,,,,,,,,,,,,,,,,,,,,,,,,,,,,,,,,,,,,,,,,,,,,,,,,,,,,,,,,,,,,,,,,,,,,,,,,,,,,,,,,,
235,PP,HT,#2,#2,FT_1,1.2656021859666726,3.664261455096992,80.71476600557834,-0.28769117284752665,-0.2525148133299932,-40.12836994024237,0.5028373130949915,,,,,,,,,,,,,,,,,,,,,,,,,,,182,,PE,LT,#2,#10,WAX_1,1.136522678370729,2.198652982742236,78.32800836149428,-0.4394433701156964,1.3031234034861425,-27.550774790344256,0.648264070966879,,PP,HT,#4,#11,FT_1,1.6970702898113263,8.138142651449895,128.7877921709,-0.7761229482668728,-4.725128451474839,-83.17623667918255,0.35416055142238473,182,,,,,,,,,,,,,,,,,,,,,,,,,,,,,,,,,,,,,,,,,,,,,,,,,,,,,,,,,,,,,,,,,,,,,,,,,,,,,,,,,,,,,,,,,,,,,,,,,,,,,,,,,,,,,,,,,,,,,,,,,,,,,,,,,,,,,,,,,,,,,,,,,,,,,,,,,,,,,,,,
236,PP,HT,#2,#3,H2_1,1.1897122533517237,3.2811196221628953,76.42094467739498,0.12604384740512245,0.43098923671956657,-31.155884022825195,0.5923122364641354,,,,,,,,,,,,,,,,,,,,,,,,,,,183,,PE,LT,#2,#11,WAX_1,1.1457124051566314,2.2575198188727166,73.57616413056006,-0.4476279500574445,1.2569510516788027,-22.9347099557734,0.6882861423017919,,PP,HT,#5,#1,MeOH_1,1.1581508137936691,3.8637566827760046,84.6911877851064,-0.4197551341037652,-0.6184541959301445,-37.739159461614584,0.5543909531960619,183,,,,,,,,,,,,,,,,,,,,,,,,,,,,,,,,,,,,,,,,,,,,,,,,,,,,,,,,,,,,,,,,,,,,,,,,,,,,,,,,,,,,,,,,,,,,,,,,,,,,,,,,,,,,,,,,,,,,,,,,,,,,,,,,,,,,,,,,,,,,,,,,,,,,,,,,,,,,,,,,
237,PP,HT,#2,#4,MeOH_1,1.4802922268887029,6.322618121340958,112.75080313954638,-0.6346901574510417,-3.37235228935938,-70.51105592276134,0.37462923580692264,,,,,,,,,,,,,,,,,,,,,,,,,,,184,,PE,LT,#3,#1,WAX_1,1.2919166165107507,3.0204727760681274,84.46774863525168,-0.5711486948818337,0.4543982969710648,-32.79360780698569,0.6117617867549077,,PP,HT,#5,#4,MeOH_1,1.4730844325112078,6.774264566036079,118.5410165851064,-0.7224203706280358,-3.700957693389101,-73.95493517760131,0.3761236632848897,184,,,,,,,,,,,,,,,,,,,,,,,,,,,,,,,,,,,,,,,,,,,,,,,,,,,,,,,,,,,,,,,,,,,,,,,,,,,,,,,,,,,,,,,,,,,,,,,,,,,,,,,,,,,,,,,,,,,,,,,,,,,,,,,,,,,,,,,,,,,,,,,,,,,,,,,,,,,,,,,,
238,PP,HT,#2,#5,FT_1,1.6158875639058876,7.124387851958841,116.53690697954633,-0.6443890023591431,-3.7215110239906846,-75.6720088457713,0.35066056919588,,,,,,,,,,,,,,,,,,,,,,,,,,,185,,PE,LT,#3,#2,WAX_1,1.3535410336575047,3.153514416041179,86.75650431525168,-0.6169578304770288,0.3311083623284569,-34.772418557280204,0.5991952553675303,,PP,HT,#5,#5,FT_1,1.6086797695283936,7.57603429665396,122.32712042510639,-0.7409414641803923,-4.050116428020403,-79.1158881006113,0.35324327241848835,185,,,,,,,,,,,,,,,,,,,,,,,,,,,,,,,,,,,,,,,,,,,,,,,,,,,,,,,,,,,,,,,,,,,,,,,,,,,,,,,,,,,,,,,,,,,,,,,,,,,,,,,,,,,,,,,,,,,,,,,,,,,,,,,,,,,,,,,,,,,,,,,,,,,,,,,,,,,,,,,,
239,PP,HT,#2,#6,Olefin,0.9845697910459693,1.5000609096256334,63.47120682748963,-0.42472625190064,1.6072588198744433,-23.12198712055846,0.6357090360137246,,,,,,,,,,,,,,,,,,,,,,,,,,,186,,PE,LT,#3,#3,WAX_1,1.2791000180701382,2.8789078615560957,83.71689427001175,-0.555518728949678,0.6009079737027082,-31.928744490420037,0.6186104994836479,,PP,HT,#5,#8,FT_1,1.2654854220474054,4.35094174620211,90.99795794103903,-0.44341657681293795,-0.7508997210959074,-46.957432178047846,0.4839726820191579,186,,,,,,,,,,,,,,,,,,,,,,,,,,,,,,,,,,,,,,,,,,,,,,,,,,,,,,,,,,,,,,,,,,,,,,,,,,,,,,,,,,,,,,,,,,,,,,,,,,,,,,,,,,,,,,,,,,,,,,,,,,,,,,,,,,,,,,,,,,,,,,,,,,,,,,,,,,,,,,,,
240,PP,HT,#2,#7,MeOH_1,1.1569925326835893,3.126863280061344,79.02409682944699,-0.16420330302359276,0.04298757471606642,-35.59226286627505,0.5496024087046295,,,,,,,,,,,,,,,,,,,,,,,,,,,187,,PE,LT,#3,#4,WAX_1,1.2850877464405701,2.920289378746322,83.82244650725167,-0.5606556224529963,0.5238217642924958,-32.34608958014965,0.6141118408259377,,PP,HT,#5,#10,MeOH_1,1.4702765700006295,6.471648340618222,118.62651827500704,-0.7156348980158216,-3.314831006528869,-73.70204769256516,0.37870512627113706,187,,,,,,,,,,,,,,,,,,,,,,,,,,,,,,,,,,,,,,,,,,,,,,,,,,,,,,,,,,,,,,,,,,,,,,,,,,,,,,,,,,,,,,,,,,,,,,,,,,,,,,,,,,,,,,,,,,,,,,,,,,,,,,,,,,,,,,,,,,,,,,,,,,,,,,,,,,,,,,,,
241,PP,HT,#2,#8,FT_1,1.272693216424901,3.8992953015069878,85.20774449547898,-0.21825880185795002,-0.4222943170661861,-43.51355292320785,0.4893239671950638,,,,,,,,,,,,,,,,,,,,,,,,,,,188,,PE,LT,#3,#5,WAX_1,1.341550935834391,3.1543371610882245,87.04433375525167,-0.5996387899535353,0.34582798172182533,-34.69547423111012,0.601404563234803,,PP,HT,#5,#11,FT_1,1.640025645726831,7.7915691912465075,126.30927314103903,-0.8166342212906444,-4.1964614164685905,-82.7967264872112,0.3444920992082743,188,,,,,,,,,,,,,,,,,,,,,,,,,,,,,,,,,,,,,,,,,,,,,,,,,,,,,,,,,,,,,,,,,,,,,,,,,,,,,,,,,,,,,,,,,,,,,,,,,,,,,,,,,,,,,,,,,,,,,,,,,,,,,,,,,,,,,,,,,,,,,,,,,,,,,,,,,,,,,,,,
242,PP,HT,#2,#9,H2_1,1.1893382023167303,2.493228505600858,77.02250043061989,0.15597788566809329,1.2368450215904694,-29.31441704608671,0.6194045002149408,,,,,,,,,,,,,,,,,,,,,,,,,,,189,,PE,LT,#3,#6,WAX_1,1.2308404755743718,2.6806861690712007,80.93731461127194,-0.5087835273915055,0.7797006333227599,-29.380507754300677,0.6369967561265132,,PP,HT,#6,#1,MeOH_1,1.2552714334188109,4.650039880365766,93.26396393496732,-0.4961117176539489,-1.6016013076347562,-47.80489754769943,0.4874237001009989,189,,,,,,,,,,,,,,,,,,,,,,,,,,,,,,,,,,,,,,,,,,,,,,,,,,,,,,,,,,,,,,,,,,,,,,,,,,,,,,,,,,,,,,,,,,,,,,,,,,,,,,,,,,,,,,,,,,,,,,,,,,,,,,,,,,,,,,,,,,,,,,,,,,,,,,,,,,,,,,,,
243,PP,HT,#2,#10,MeOH_1,1.4774843643781232,6.0200018959231,112.83630482944702,-0.567357360000662,-2.9862256024991463,-70.25816843772519,0.3773442993908656,,,,,,,,,,,,,,,,,,,,,,,,,,,190,,PE,LT,#3,#7,WAX_1,1.2744118826328947,2.908331545616795,83.6316669177929,-0.5511901226074315,0.5656633684181336,-31.755902144812335,0.6202885424246378,,PP,HT,#6,#2,FT_1,1.355515011214321,4.902191097381875,95.07775560099935,-0.47365032872614776,-1.5642673290643279,-53.63798728116725,0.43585135195804453,190,,,,,,,,,,,,,,,,,,,,,,,,,,,,,,,,,,,,,,,,,,,,,,,,,,,,,,,,,,,,,,,,,,,,,,,,,,,,,,,,,,,,,,,,,,,,,,,,,,,,,,,,,,,,,,,,,,,,,,,,,,,,,,,,,,,,,,,,,,,,,,,,,,,,,,,,,,,,,,,,
244,PP,HT,#2,#11,FT_1,1.6472334401043252,7.339922746551388,120.51905969547897,-0.5993809476590625,-3.867856012438872,-79.3528472323712,0.34157429179354976,,,,,,,,,,,,,,,,,,,,,,,,,,,191,,PE,LT,#3,#8,WAX_1,1.3175136359110307,3.0107851299290918,84.84316722382489,-0.5886599217860262,0.45404886648372056,-32.860184982128125,0.612694975242501,,PP,HT,#6,#3,MeOH_1,1.2796250785993701,4.519049264447777,90.78393427281597,-0.6529562871604389,-0.8807632790147665,-44.66550136375006,0.508002140229733,191,,,,,,,,,,,,,,,,,,,,,,,,,,,,,,,,,,,,,,,,,,,,,,,,,,,,,,,,,,,,,,,,,,,,,,,,,,,,,,,,,,,,,,,,,,,,,,,,,,,,,,,,,,,,,,,,,,,,,,,,,,,,,,,,,,,,,,,,,,,,,,,,,,,,,,,,,,,,,,,,
245,PP,HT,#3,#1,MeOH_1,1.2530299463836312,4.085576500894419,85.56470777496735,-0.1640920877836325,-0.944839910971267,-39.65433308029654,0.5365573714739229,,,,,,,,,,,,,,,,,,,,,,,,,,,192,,PE,LT,#3,#9,WAX_1,1.2688650143315319,2.8485329900368543,83.44409198641372,-0.5452195263284224,0.6304807417940095,-31.66177006755055,0.6205630702685855,,PP,HT,#6,#4,MeOH_1,1.5702050521363493,7.560547763625838,127.11379273496736,-0.7987769541782193,-4.68410480509371,-84.02067326368619,0.3390121445052816,192,,,,,,,,,,,,,,,,,,,,,,,,,,,,,,,,,,,,,,,,,,,,,,,,,,,,,,,,,,,,,,,,,,,,,,,,,,,,,,,,,,,,,,,,,,,,,,,,,,,,,,,,,,,,,,,,,,,,,,,,,,,,,,,,,,,,,,,,,,,,,,,,,,,,,,,,,,,,,,,,
246,PP,HT,#3,#2,FT_1,1.353273524179141,4.337727717910528,87.37849944099933,-0.2455479309545193,-0.9075059324008379,-45.487422813764304,0.4794208746457265,,,,,,,,,,,,,,,,,,,,,,,,,,,193,,PE,LT,#3,#10,WAX_1,1.3362500071359682,3.002889702728564,84.9929420537929,-0.6100032550047458,0.44730804554302245,-33.44030008845693,0.606552035023188,,PP,HT,#6,#5,FT_1,1.7058003891535345,8.362317494243722,130.89989657496733,-0.8172980477305748,-5.033263539725017,-89.18162618669616,0.31870361612072634,193,,,,,,,,,,,,,,,,,,,,,,,,,,,,,,,,,,,,,,,,,,,,,,,,,,,,,,,,,,,,,,,,,,,,,,,,,,,,,,,,,,,,,,,,,,,,,,,,,,,,,,,,,,,,,,,,,,,,,,,,,,,,,,,,,,,,,,,,,,,,,,,,,,,,,,,,,,,,,,,,
247,PP,HT,#3,#3,H2_1,1.27738359156419,3.954585884976432,83.08467811281596,0.16818708929813198,-0.22400188235127896,-36.51493689634713,0.5605093775922732,,,,,,,,,,,,,,,,,,,,,,,,,,,194,,PE,LT,#3,#11,WAX_1,1.3454397339218707,3.0617565388590444,85.3540938638249,-0.6181878349464941,0.401135693735683,-33.93723129485229,0.6023948031245435,,PP,HT,#6,#7,MeOH_1,1.246905357931236,4.364792922346227,93.38708642486796,-0.4929603590757258,-1.2687649410182682,-49.101880207199876,0.47421124175767637,194,,,,,,,,,,,,,,,,,,,,,,,,,,,,,,,,,,,,,,,,,,,,,,,,,,,,,,,,,,,,,,,,,,,,,,,,,,,,,,,,,,,,,,,,,,,,,,,,,,,,,,,,,,,,,,,,,,,,,,,,,,,,,,,,,,,,,,,,,,,,,,,,,,,,,,,,,,,,,,,,
248,PP,HT,#3,#4,MeOH_1,1.5679635651011696,6.996084384154493,119.41453657496733,-0.5925469155580331,-4.027343408430223,-75.87010879628325,0.3646493050814404,,,,,,,,,,,,,,,,,,,,,,,,,,,195,,PE,LT,#4,#1,WAX_1,1.3478494865799902,3.278728990372498,86.94961102128369,-0.5982242469297835,0.2578853411429909,-36.39719194117785,0.5813990250943333,,PP,HT,#6,#8,FT_1,1.3626060416725474,5.137224943791872,99.57073409089998,-0.5197731603631214,-1.734046832800521,-57.0231702641327,0.4273099341411384,195,,,,,,,,,,,,,,,,,,,,,,,,,,,,,,,,,,,,,,,,,,,,,,,,,,,,,,,,,,,,,,,,,,,,,,,,,,,,,,,,,,,,,,,,,,,,,,,,,,,,,,,,,,,,,,,,,,,,,,,,,,,,,,,,,,,,,,,,,,,,,,,,,,,,,,,,,,,,,,,,
249,PP,HT,#3,#5,FT_1,1.7035589021183541,7.797854114772376,123.20064041496735,-0.6022457604661338,-4.376502143061528,-81.03106171929326,0.3422837621106311,,,,,,,,,,,,,,,,,,,,,,,,,,,196,,PE,LT,#4,#2,WAX_1,1.4094739037267425,3.41177063034555,89.23836670128368,-0.6440333825249773,0.1345954065003827,-38.37600269147235,0.569960723060608,,PP,HT,#6,#9,MeOH_1,1.2792510275643783,3.731158147885741,91.38549002604088,-0.6332877736453928,-0.07490749414386451,-42.82403438701157,0.5313913141483556,196,,,,,,,,,,,,,,,,,,,,,,,,,,,,,,,,,,,,,,,,,,,,,,,,,,,,,,,,,,,,,,,,,,,,,,,,,,,,,,,,,,,,,,,,,,,,,,,,,,,,,,,,,,,,,,,,,,,,,,,,,,,,,,,,,,,,,,,,,,,,,,,,,,,,,,,,,,,,,,,,
250,PP,HT,#3,#6,Olefin,1.0722411292584357,2.17352717243917,70.13494026291062,-0.38258301000763095,0.9522677008035979,-28.481039994080405,0.5939108255127152,,,,,,,,,,,,,,,,,,,,,,,,,,,197,,PE,LT,#4,#3,WAX_1,1.3350328881393771,3.137164075860467,86.19875665604376,-0.5825942809976278,0.40439501787463367,-35.53232862461219,0.5877860655647766,,PP,HT,#6,#10,MeOH_1,1.5673971896257701,7.257931538207981,127.19929442486797,-0.7919914815660042,-4.2979781182334795,-83.76778577865,0.34144457202057354,197,,,,,,,,,,,,,,,,,,,,,,,,,,,,,,,,,,,,,,,,,,,,,,,,,,,,,,,,,,,,,,,,,,,,,,,,,,,,,,,,,,,,,,,,,,,,,,,,,,,,,,,,,,,,,,,,,,,,,,,,,,,,,,,,,,,,,,,,,,,,,,,,,,,,,,,,,,,,,,,,
251,PP,HT,#3,#7,MeOH_1,1.2446638708960558,3.8003295428748802,85.68783026486797,-0.12206006113058379,-0.6120035443547794,-40.95131573979698,0.5220871433759826,,,,,,,,,,,,,,,,,,,,,,,,,,,198,,PE,LT,#4,#4,WAX_1,1.3410206165098097,3.178545593050694,86.30430889328368,-0.5877311745009464,0.32730880846442134,-35.949673714341806,0.5834544743438708,,PP,HT,#6,#11,FT_1,1.7371462653519716,8.57785238883627,134.88204929089997,-0.8929908048408268,-5.179608528173205,-92.86246457329605,0.3115283682188155,198,,,,,,,,,,,,,,,,,,,,,,,,,,,,,,,,,,,,,,,,,,,,,,,,,,,,,,,,,,,,,,,,,,,,,,,,,,,,,,,,,,,,,,,,,,,,,,,,,,,,,,,,,,,,,,,,,,,,,,,,,,,,,,,,,,,,,,,,,,,,,,,,,,,,,,,,,,,,,,,,
252,PP,HT,#3,#8,FT_1,1.3603645546373675,4.572761564320524,91.87147793089996,-0.17611555996494047,-1.0772854361370316,-48.872605796729786,0.468032877042767,,,,,,,,,,,,,,,,,,,,,,,,,,,199,,PE,LT,#4,#5,WAX_1,1.3974838059036303,3.4125933753925954,89.52619614128368,-0.6267143420014851,0.14931502589375167,-38.29905836530227,0.5722027739806849,,PP,HT,#7,#1,MeOH_1,1.298830174245908,4.961455104422662,94.98572969496735,-0.5269922327495478,-1.8220790405963327,-49.80781908909865,0.47562839966541165,199,,,,,,,,,,,,,,,,,,,,,,,,,,,,,,,,,,,,,,,,,,,,,,,,,,,,,,,,,,,,,,,,,,,,,,,,,,,,,,,,,,,,,,,,,,,,,,,,,,,,,,,,,,,,,,,,,,,,,,,,,,,,,,,,,,,,,,,,,,,,,,,,,,,,,,,,,,,,,,,,
253,PP,HT,#3,#9,H2_1,1.2770095405291981,3.1666947684143945,83.68623386604088,0.19812112756110095,0.5818539025196245,-34.67346991960866,0.5856729557801401,,,,,,,,,,,,,,,,,,,,,,,,,,,200,,PE,LT,#4,#6,WAX_1,1.2867733456436115,2.938942383375572,83.41917699730394,-0.5358590794394558,0.5831876774946859,-32.984091888492806,0.6045982101986114,,PP,HT,#7,#2,FT_1,1.3990737520414176,5.21360632143877,96.79952136099934,-0.5045308438217465,-1.7847450620259038,-55.640908822566445,0.4251943807132891,200,,,,,,,,,,,,,,,,,,,,,,,,,,,,,,,,,,,,,,,,,,,,,,,,,,,,,,,,,,,,,,,,,,,,,,,,,,,,,,,,,,,,,,,,,,,,,,,,,,,,,,,,,,,,,,,,,,,,,,,,,,,,,,,,,,,,,,,,,,,,,,,,,,,,,,,,,,,,,,,,
254,PP,HT,#3,#10,MeOH_1,1.5651557025905898,6.6934681587366365,119.500038264868,-0.5252141181076528,-3.641216721569992,-75.61722131124712,0.3672201079664596,,,,,,,,,,,,,,,,,,,,,,,,,,,201,,PE,LT,#4,#7,WAX_1,1.3303447527021324,3.1665877599211667,86.1135293038249,-0.5782656746553799,0.36915041259005843,-35.3594862790045,0.5893852387091288,,PP,HT,#7,#3,H2_1,1.3231838194264685,4.830464488504673,92.50570003281597,-0.683836802256039,-1.1012410119763432,-46.66842290514925,0.49550759695247065,201,,,,,,,,,,,,,,,,,,,,,,,,,,,,,,,,,,,,,,,,,,,,,,,,,,,,,,,,,,,,,,,,,,,,,,,,,,,,,,,,,,,,,,,,,,,,,,,,,,,,,,,,,,,,,,,,,,,,,,,,,,,,,,,,,,,,,,,,,,,,,,,,,,,,,,,,,,,,,,,,
255,PP,HT,#3,#11,FT_1,1.7349047783167915,8.013389009364921,127.18279313089997,-0.557237705766053,-4.522847131509714,-84.71190010589312,0.33393584131537857,,,,,,,,,,,,,,,,,,,,,,,,,,,202,,PE,LT,#4,#8,WAX_1,1.3734465059802698,3.2690413442334627,87.32502960985691,-0.6157354738339762,0.2575359106556466,-36.46376911632028,0.5824362238497954,,PP,HT,#7,#4,MeOH_1,1.6137637929634467,7.8719629876827355,128.83555849496733,-0.8296574692738184,-4.904582538055289,-86.02359480508535,0.33229928282225224,202,,,,,,,,,,,,,,,,,,,,,,,,,,,,,,,,,,,,,,,,,,,,,,,,,,,,,,,,,,,,,,,,,,,,,,,,,,,,,,,,,,,,,,,,,,,,,,,,,,,,,,,,,,,,,,,,,,,,,,,,,,,,,,,,,,,,,,,,,,,,,,,,,,,,,,,,,,,,,,,,
256,PP,HT,#4,#1,MeOH_1,1.297115457878166,4.210330142979392,87.16970681496734,-0.22851796978839017,-1.1471212309363916,-38.11866965358595,0.5627073779828197,,,,,,,,,,,,,,,,,,,,,,,,,,,203,,PE,LT,#4,#9,WAX_1,1.32479788440077,3.106789204341225,85.92595437244572,-0.5722950783763711,0.4339677859659359,-35.26535420174269,0.5895843757651483,,PP,HT,#7,#5,FT_1,1.7493591299806324,8.673732718300617,132.62166233496737,-0.8481785628261743,-5.253741272686592,-91.1845477280954,0.3124460504967337,203,,,,,,,,,,,,,,,,,,,,,,,,,,,,,,,,,,,,,,,,,,,,,,,,,,,,,,,,,,,,,,,,,,,,,,,,,,,,,,,,,,,,,,,,,,,,,,,,,,,,,,,,,,,,,,,,,,,,,,,,,,,,,,,,,,,,,,,,,,,,,,,,,,,,,,,,,,,,,,,,
257,PP,HT,#4,#2,FT_1,1.397359035673676,4.4624813599955,88.98349848099932,-0.3099738129592771,-1.1097872523659627,-43.951759387053706,0.5060684268731158,,,,,,,,,,,,,,,,,,,,,,,,,,,204,,PE,LT,#4,#10,WAX_1,1.3921828772052076,3.2611459170329358,87.47480443982488,-0.637078807052696,0.25079508971494824,-37.04388422264906,0.576519382239579,,PP,HT,#7,#7,MeOH_1,1.2904640987583327,4.676208146403123,95.10885218486797,-0.5238408741713244,-1.4892426739798448,-51.104801748599094,0.4626703973961955,204,,,,,,,,,,,,,,,,,,,,,,,,,,,,,,,,,,,,,,,,,,,,,,,,,,,,,,,,,,,,,,,,,,,,,,,,,,,,,,,,,,,,,,,,,,,,,,,,,,,,,,,,,,,,,,,,,,,,,,,,,,,,,,,,,,,,,,,,,,,,,,,,,,,,,,,,,,,,,,,,
258,PP,HT,#4,#3,JET FUEL_1,1.3214691030587253,4.0793395270614035,84.68967715281597,0.10376120729337401,-0.4262832023164019,-34.97927346963655,0.5869712266523445,,,,,,,,,,,,,,,,,,,,,,,,,,,205,,PE,LT,#4,#11,WAX_1,1.4013726039911103,3.320012753163417,87.83595624985688,-0.6452633869944442,0.20462273790760727,-37.54081542904442,0.5726030997800449,,PP,HT,#7,#8,FT_1,1.4061647824996444,5.448640167848767,101.29249985089999,-0.5506536754587203,-1.9545245657620969,-59.02609180553192,0.4172708552714481,205,,,,,,,,,,,,,,,,,,,,,,,,,,,,,,,,,,,,,,,,,,,,,,,,,,,,,,,,,,,,,,,,,,,,,,,,,,,,,,,,,,,,,,,,,,,,,,,,,,,,,,,,,,,,,,,,,,,,,,,,,,,,,,,,,,,,,,,,,,,,,,,,,,,,,,,,,,,,,,,,
259,PP,HT,#4,#4,MeOH_1,1.612049076595705,7.120838026239466,121.01953561496735,-0.6569727975627907,-4.229624728395348,-74.33444536957266,0.38576490984006717,,,,,,,,,,,,,,,,,,,,,,,,,,,206,,PE,LT,#5,#1,WAX_1,1.303699904319161,2.9019592393699356,83.84372528003392,-0.6088761650067023,0.7701497339357063,-30.785683891289743,0.6328206578552291,,PP,HT,#7,#9,H2_1,1.322809768391475,4.042573371942637,93.10725578604088,-0.6641682887409915,-0.2953852271054408,-44.826955928410776,0.5185449775104265,206,,,,,,,,,,,,,,,,,,,,,,,,,,,,,,,,,,,,,,,,,,,,,,,,,,,,,,,,,,,,,,,,,,,,,,,,,,,,,,,,,,,,,,,,,,,,,,,,,,,,,,,,,,,,,,,,,,,,,,,,,,,,,,,,,,,,,,,,,,,,,,,,,,,,,,,,,,,,,,,,
260,PP,HT,#4,#5,FT_1,1.7476444136128892,7.922607756857348,124.80563945496735,-0.6666716424708915,-4.578783463026651,-79.49539829258266,0.36304642450659147,,,,,,,,,,,,,,,,,,,,,,,,,,,207,,PE,LT,#5,#2,WAX_1,1.3653243214659134,3.035000879342989,86.13248096003392,-0.6546853006018957,0.646859799293097,-32.764494641584236,0.6196034959588916,,PP,HT,#7,#10,MeOH_1,1.610955930452868,7.56934676226488,128.92106018486797,-0.8228719966616037,-4.518455851195059,-85.77070732004923,0.3347036768309442,207,,,,,,,,,,,,,,,,,,,,,,,,,,,,,,,,,,,,,,,,,,,,,,,,,,,,,,,,,,,,,,,,,,,,,,,,,,,,,,,,,,,,,,,,,,,,,,,,,,,,,,,,,,,,,,,,,,,,,,,,,,,,,,,,,,,,,,,,,,,,,,,,,,,,,,,,,,,,,,,,
261,PP,HT,#4,#6,Olefin,1.1163266407529713,2.2982808145241425,71.7399393029106,-0.4470088920123888,0.7499863808384737,-26.945376567369795,0.6244020160987706,,,,,,,,,,,,,,,,,,,,,,,,,,,208,,PE,LT,#5,#3,WAX_1,1.2908833058785485,2.760394324857903,83.09287091479398,-0.5932461990745465,0.91665941066735,-29.92082057472407,0.6399110989268163,,PP,HT,#7,#11,FT_1,1.7807050061790697,8.889267612893166,136.60381505089998,-0.9238713199364266,-5.4000862611347795,-94.86538611469527,0.3055436549898152,208,,,,,,,,,,,,,,,,,,,,,,,,,,,,,,,,,,,,,,,,,,,,,,,,,,,,,,,,,,,,,,,,,,,,,,,,,,,,,,,,,,,,,,,,,,,,,,,,,,,,,,,,,,,,,,,,,,,,,,,,,,,,,,,,,,,,,,,,,,,,,,,,,,,,,,,,,,,,,,,,
262,PP,HT,#4,#7,MeOH_1,1.2887493823905911,3.9250831849598526,87.29282930486798,-0.18648594313534148,-0.814284864319903,-39.41565231308638,0.5484663216101264,,,,,,,,,,,,,,,,,,,,,,,,,,,209,,PE,LT,#5,#4,WAX_1,1.2968710342489806,2.8017758420481305,83.1984231520339,-0.5983830925778647,0.8395732012571374,-30.338165664453683,0.6353516747665424,,PP,HT,#8,#4,MeOH_1,1.4844687644985508,5.602116538464152,105.08016827019142,-0.7495657120251281,-2.704835048822585,-62.81780855802609,0.4021915876980385,209,,,,,,,,,,,,,,,,,,,,,,,,,,,,,,,,,,,,,,,,,,,,,,,,,,,,,,,,,,,,,,,,,,,,,,,,,,,,,,,,,,,,,,,,,,,,,,,,,,,,,,,,,,,,,,,,,,,,,,,,,,,,,,,,,,,,,,,,,,,,,,,,,,,,,,,,,,,,,,,,
263,PP,HT,#4,#8,FT_1,1.4044500661319024,4.697515206405496,93.47647697089998,-0.24054144196969815,-1.279566756102155,-47.33694237001921,0.4935951385421211,,,,,,,,,,,,,,,,,,,,,,,,,,,210,,PE,LT,#5,#5,WAX_1,1.353334223642801,3.035823624390034,86.42031040003391,-0.6373662600784036,0.661579418686466,-32.68755031541416,0.6217607855826294,,PP,HT,#8,#5,FT_1,1.6200641015157358,6.403886269082035,108.86627211019142,-0.7680868055774833,-3.0539937834538913,-67.97876148103609,0.3755755555565467,210,,,,,,,,,,,,,,,,,,,,,,,,,,,,,,,,,,,,,,,,,,,,,,,,,,,,,,,,,,,,,,,,,,,,,,,,,,,,,,,,,,,,,,,,,,,,,,,,,,,,,,,,,,,,,,,,,,,,,,,,,,,,,,,,,,,,,,,,,,,,,,,,,,,,,,,,,,,,,,,,
264,PP,HT,#4,#9,JET FUEL_1,1.3210950520237332,3.2914484104993673,85.29123290604089,0.13369524555634343,0.3795725825544998,-33.13780649289807,0.6114746455898513,,,,,,,,,,,,,,,,,,,,,,,,,,,211,,PE,LT,#5,#6,WAX_1,1.2426237633827821,2.5621726323730103,80.31329125605416,-0.5465109975163738,1.0954520702874002,-27.37258383860468,0.6591774112290376,,PP,HT,#8,#10,MeOH_1,1.481660901987971,5.299500313046295,105.16566996009207,-0.7427802394129123,-2.318708361962354,-62.56492107298994,0.4050822754542249,211,,,,,,,,,,,,,,,,,,,,,,,,,,,,,,,,,,,,,,,,,,,,,,,,,,,,,,,,,,,,,,,,,,,,,,,,,,,,,,,,,,,,,,,,,,,,,,,,,,,,,,,,,,,,,,,,,,,,,,,,,,,,,,,,,,,,,,,,,,,,,,,,,,,,,,,,,,,,,,,,
265,PP,HT,#4,#10,MeOH_1,1.6092412140851253,6.818221800821609,121.10503730486799,-0.589640000112411,-3.8434980415351165,-74.08155788453651,0.3882867341178821,,,,,,,,,,,,,,,,,,,,,,,,,,,212,,PE,LT,#5,#7,WAX_1,1.2861951704413035,2.7898180089186044,83.00764356257513,-0.5889175927322984,0.8814148053827738,-29.74797822911636,0.6416236270254929,,PP,HT,#8,#11,FT_1,1.6514099777141726,6.619421163674583,112.84842482612406,-0.8437795626877349,-3.2003387719020795,-71.65959986763598,0.36499246685943104,212,,,,,,,,,,,,,,,,,,,,,,,,,,,,,,,,,,,,,,,,,,,,,,,,,,,,,,,,,,,,,,,,,,,,,,,,,,,,,,,,,,,,,,,,,,,,,,,,,,,,,,,,,,,,,,,,,,,,,,,,,,,,,,,,,,,,,,,,,,,,,,,,,,,,,,,,,,,,,,,,
266,PP,HT,#4,#11,FT_1,1.7789902898113263,8.138142651449895,128.7877921709,-0.6216635877708105,-4.725128451474839,-83.17623667918255,0.35416055142238473,,,,,,,,,,,,,,,,,,,,,,,,,,,213,,PE,LT,#5,#8,WAX_1,1.329296923719441,2.8922715932308996,84.2191438686071,-0.626387391910895,0.7698003034483627,-30.85226106643214,0.6336668879635525,,PP,HT,#9,#4,MeOH_1,1.5901137074849514,6.014730338540532,108.16754488187141,-0.8734292823807828,-3.0503746319361986,-65.76691408511293,0.39199032244897253,213,,,,,,,,,,,,,,,,,,,,,,,,,,,,,,,,,,,,,,,,,,,,,,,,,,,,,,,,,,,,,,,,,,,,,,,,,,,,,,,,,,,,,,,,,,,,,,,,,,,,,,,,,,,,,,,,,,,,,,,,,,,,,,,,,,,,,,,,,,,,,,,,,,,,,,,,,,,,,,,,
267,PP,HT,#5,#1,MeOH_1,1.240070813793669,3.8637566827760046,84.6911877851064,-0.07572885913566153,-0.6184541959301445,-37.739159461614584,0.5543909531960619,,,,,,,,,,,,,,,,,,,,,,,,,,,214,,PE,LT,#5,#9,WAX_1,1.2806483021399424,2.730019453338663,82.82006863119595,-0.5829469964532911,0.9462321787586507,-29.653846151854562,0.6419485440913435,,PP,HT,#9,#5,FT_1,1.725709044502136,6.816500069158415,111.95364872187142,-0.8919503759331381,-3.3995333665675043,-70.92786700812293,0.3664532793894875,214,,,,,,,,,,,,,,,,,,,,,,,,,,,,,,,,,,,,,,,,,,,,,,,,,,,,,,,,,,,,,,,,,,,,,,,,,,,,,,,,,,,,,,,,,,,,,,,,,,,,,,,,,,,,,,,,,,,,,,,,,,,,,,,,,,,,,,,,,,,,,,,,,,,,,,,,,,,,,,,,
268,PP,HT,#5,#2,FT_1,1.3403143915891789,4.115907899792114,86.5049794511384,-0.15718470230654846,-0.5811202173597151,-43.57224919508238,0.49630357152221755,,,,,,,,,,,,,,,,,,,,,,,,,,,215,,PE,LT,#5,#10,WAX_1,1.3480332949443785,2.884376166030373,84.3689186985751,-0.6477307251296142,0.7630594825076634,-31.43237617276093,0.6274412821970683,,PP,HT,#9,#8,FT_1,1.3825146970211495,3.5914075187065637,80.62448623780405,-0.5944254885656853,-0.10031665964300782,-38.76941108555947,0.519136023128159,215,,,,,,,,,,,,,,,,,,,,,,,,,,,,,,,,,,,,,,,,,,,,,,,,,,,,,,,,,,,,,,,,,,,,,,,,,,,,,,,,,,,,,,,,,,,,,,,,,,,,,,,,,,,,,,,,,,,,,,,,,,,,,,,,,,,,,,,,,,,,,,,,,,,,,,,,,,,,,,,,
269,PP,HT,#5,#3,H2_1,1.2644244589742295,3.7327660668580167,82.21115812295504,0.2565503179461012,0.10238383268984466,-34.59976327766521,0.5791354352906963,,,,,,,,,,,,,,,,,,,,,,,,,,,216,,PE,LT,#5,#11,WAX_1,1.3572230217302814,2.9432430021608535,84.73007050860713,-0.655915305071363,0.7168871307003233,-31.929307379156313,0.623164395031244,,PP,HT,#9,#10,MeOH_1,1.587305844974372,5.712114113122675,108.25304657177206,-0.866643809768568,-2.6642479450759677,-65.51402660007678,0.39480662508060865,216,,,,,,,,,,,,,,,,,,,,,,,,,,,,,,,,,,,,,,,,,,,,,,,,,,,,,,,,,,,,,,,,,,,,,,,,,,,,,,,,,,,,,,,,,,,,,,,,,,,,,,,,,,,,,,,,,,,,,,,,,,,,,,,,,,,,,,,,,,,,,,,,,,,,,,,,,,,,,,,,
270,PP,HT,#5,#4,MeOH_1,1.5550044325112078,6.774264566036079,118.5410165851064,-0.5041836869100619,-3.700957693389101,-73.95493517760131,0.3761236632848897,,,,,,,,,,,,,,,,,,,,,,,,,,,217,,PE,LT,#2,-,WAX_1,1.1155323882896515,2.8763780557411702,73.075075755632,-0.4531684855158539,0.34351868992222073,-28.660238877631425,0.6077973429206806,,PP,HT,#9,#11,FT_1,1.7570549207005737,7.032034963750963,115.93580143780407,-0.9676431330433907,-3.545878355015693,-74.60870539472283,0.3564653500519589,217,,,,,,,,,,,,,,,,,,,,,,,,,,,,,,,,,,,,,,,,,,,,,,,,,,,,,,,,,,,,,,,,,,,,,,,,,,,,,,,,,,,,,,,,,,,,,,,,,,,,,,,,,,,,,,,,,,,,,,,,,,,,,,,,,,,,,,,,,,,,,,,,,,,,,,,,,,,,,,,,
271,PP,HT,#5,#5,FT_1,1.6905997695283936,7.57603429665396,122.32712042510639,-0.5138825318181646,-4.050116428020403,-79.1158881006113,0.35324327241848835,,,,,,,,,,,,,,,,,,,,,,,,,,,218,,PE,LT,#3,-,WAX_1,1.0645496840555067,2.4035375839967816,70.76069178541684,-0.4308264581361743,0.9785481835509807,-23.714383885609955,0.6648650078559961,,PP,LT,#2,#5,DIESEL_1,1.2088080104598737,3.024805088887331,79.95003117687551,-0.42140378845383875,-0.0027192244011473654,-36.60530058240928,0.5421477635021001,218,,,,,,,,,,,,,,,,,,,,,,,,,,,,,,,,,,,,,,,,,,,,,,,,,,,,,,,,,,,,,,,,,,,,,,,,,,,,,,,,,,,,,,,,,,,,,,,,,,,,,,,,,,,,,,,,,,,,,,,,,,,,,,,,,,,,,,,,,,,,,,,,,,,,,,,,,,,,,,,,
272,PP,HT,#5,#6,Olefin,1.059281996668475,1.9517073543207548,69.26142027304968,-0.29421978135966115,1.2786534158447218,-26.56586637539846,0.616440635050975,,,,,,,,,,,,,,,,,,,,,,,,,,,219,,PE,LT,#7,-,WAX_1,1.0827515991339425,2.8547981404318468,74.32052063080768,-0.4307620331622293,0.3506332261134705,-29.072051944250493,0.6088287367002188,,PP,LT,#3,#1,DIESEL_1,1.2239298405139696,3.587170785596956,84.57975125983184,-0.43322465198227644,-0.6049962989317319,-40.244463096003855,0.5241832413012009,219,,,,,,,,,,,,,,,,,,,,,,,,,,,,,,,,,,,,,,,,,,,,,,,,,,,,,,,,,,,,,,,,,,,,,,,,,,,,,,,,,,,,,,,,,,,,,,,,,,,,,,,,,,,,,,,,,,,,,,,,,,,,,,,,,,,,,,,,,,,,,,,,,,,,,,,,,,,,,,,,
273,PP,HT,#5,#7,MeOH_1,1.2317047383060933,3.5785097247564654,84.81431027500703,-0.03369683248261211,-0.2856178293136552,-39.036142121115034,0.5397458047522653,,,,,,,,,,,,,,,,,,,,,,,,,,,220,,PE,LT,#8,-,WAX_1,1.1782024332642071,3.174713888739567,77.99640271080767,-0.4894122952233643,0.05532322111928761,-34.39738747988469,0.5589875137264713,,PP,LT,#3,#2,DIESEL_1,1.2633398100211575,3.653792269599827,85.92975349983183,-0.4514294120995514,-0.6907103601683161,-41.91637572993371,0.5122018390287161,220,,,,,,,,,,,,,,,,,,,,,,,,,,,,,,,,,,,,,,,,,,,,,,,,,,,,,,,,,,,,,,,,,,,,,,,,,,,,,,,,,,,,,,,,,,,,,,,,,,,,,,,,,,,,,,,,,,,,,,,,,,,,,,,,,,,,,,,,,,,,,,,,,,,,,,,,,,,,,,,,
274,PP,HT,#5,#8,FT_1,1.3474054220474052,4.35094174620211,90.99795794103903,-0.08775233131696963,-0.7508997210959074,-46.957432178047846,0.4839726820191579,,,,,,,,,,,,,,,,,,,,,,,,,,,221,,PE,LT,#9,-,WAX_1,1.0837980824169366,2.567033575346856,72.94889256938231,-0.44993192291195144,0.8150521922009065,-26.049601345534462,0.6429061439039877,,PP,LT,#3,#4,DIESEL_1,1.2724792864020606,3.7844193780940665,87.56334229983185,-0.4745833921847202,-0.8639140602044663,-43.56824619410209,0.5024373779050488,221,,,,,,,,,,,,,,,,,,,,,,,,,,,,,,,,,,,,,,,,,,,,,,,,,,,,,,,,,,,,,,,,,,,,,,,,,,,,,,,,,,,,,,,,,,,,,,,,,,,,,,,,,,,,,,,,,,,,,,,,,,,,,,,,,,,,,,,,,,,,,,,,,,,,,,,,,,,,,,,,
275,PP,HT,#5,#9,H2_1,1.2640504079392363,2.9448749502959792,82.81271387617994,0.2864843562090718,0.9082396175607481,-32.75829630092673,0.6044291417631074,,,,,,,,,,,,,,,,,,,,,,,,,,,222,,PE,OG,#2,-,FT_1,1.4065104240536357,3.3260592030781897,84.60905728,-0.48489004192112833,0.19630995212737917,-46.49129603688072,0.4505163214025032,,PP,LT,#3,#5,DIESEL_1,1.317390879919539,3.897636744113853,88.56213333983183,-0.49496301038029156,-0.9062146884541449,-43.75596131227045,0.5059292311266997,222,,,,,,,,,,,,,,,,,,,,,,,,,,,,,,,,,,,,,,,,,,,,,,,,,,,,,,,,,,,,,,,,,,,,,,,,,,,,,,,,,,,,,,,,,,,,,,,,,,,,,,,,,,,,,,,,,,,,,,,,,,,,,,,,,,,,,,,,,,,,,,,,,,,,,,,,,,,,,,,,
276,PP,HT,#5,#10,MeOH_1,1.5521965700006297,6.471648340618222,118.62651827500704,-0.43685088945968376,-3.314831006528869,-73.70204769256516,0.37870512627113706,,,,,,,,,,,,,,,,,,,,,,,,,,,223,,PE,OG,#3,-,H2_1,0.887595397173954,2.374676720067861,58.60661462730207,-0.5511587854101643,0.8114759962172265,-26.249954857115558,0.5520991099034248,,PP,LT,#3,#7,DIESEL_1,1.2162154959426141,3.4879055638024066,84.22024619904819,-0.4238360143351457,-0.5067953028690418,-39.83921868226709,0.5269638776867251,223,,,,,,,,,,,,,,,,,,,,,,,,,,,,,,,,,,,,,,,,,,,,,,,,,,,,,,,,,,,,,,,,,,,,,,,,,,,,,,,,,,,,,,,,,,,,,,,,,,,,,,,,,,,,,,,,,,,,,,,,,,,,,,,,,,,,,,,,,,,,,,,,,,,,,,,,,,,,,,,,
277,PP,HT,#5,#11,FT_1,1.721945645726831,7.7915691912465075,126.30927314103903,-0.4688744771180839,-4.1964614164685905,-82.7967264872112,0.3444920992082743,,,,,,,,,,,,,,,,,,,,,,,,,,,224,,PE,OG,#6,-,MeOH_1,0.9346432340471719,2.0667906866856,62.394003625920526,-0.483252423141772,0.5520842992876965,-38.42231199648601,0.38419864468315484,,PP,LT,#3,#8,DIESEL_1,1.2673397081167181,3.5917043989125608,85.64155082508019,-0.4641635605049348,-0.6297665455498209,-41.75677334827234,0.5124239000113501,224,,,,,,,,,,,,,,,,,,,,,,,,,,,,,,,,,,,,,,,,,,,,,,,,,,,,,,,,,,,,,,,,,,,,,,,,,,,,,,,,,,,,,,,,,,,,,,,,,,,,,,,,,,,,,,,,,,,,,,,,,,,,,,,,,,,,,,,,,,,,,,,,,,,,,,,,,,,,,,,,
278,PP,HT,#6,#1,MeOH_1,1.337191433418811,4.650039880365766,93.26396393496732,-0.30362991056895455,-1.6016013076347562,-47.80489754769943,0.4874237001009989,,,,,,,,,,,,,,,,,,,,,,,,,,,225,,PE,OG,#7,-,FT_1,1.2318116112840136,2.563732206032202,74.56901162592052,-0.5267464723933715,0.6302429120353695,-46.089293590836476,0.38192430627824453,,PP,LT,#3,#10,DIESEL_1,1.2653184816317575,3.75340404610572,87.88951467904822,-0.4650470282875328,-0.8252627358884945,-43.86836290090143,0.5008692099268228,225,,,,,,,,,,,,,,,,,,,,,,,,,,,,,,,,,,,,,,,,,,,,,,,,,,,,,,,,,,,,,,,,,,,,,,,,,,,,,,,,,,,,,,,,,,,,,,,,,,,,,,,,,,,,,,,,,,,,,,,,,,,,,,,,,,,,,,,,,,,,,,,,,,,,,,,,,,,,,,,,
279,PP,HT,#6,#2,FT_1,1.4374350112143206,4.902191097381875,95.07775560099935,-0.3850857537398411,-1.5642673290643279,-53.63798728116725,0.43585135195804453,,,,,,,,,,,,,,,,,,,,,,,,,,,226,,PE,OG,#8,-,H2_1,0.9248567531298414,2.5749983279894613,64.44052435839897,-0.5754442331407369,0.6625168169771197,-32.70920089252027,0.49241255842982506,,PP,LT,#3,#11,DIESEL_1,1.2785005213640792,3.7602666451118387,87.4506554790482,-0.4736150471625507,-0.803157932122601,-43.59543362714032,0.5014853417812849,226,,,,,,,,,,,,,,,,,,,,,,,,,,,,,,,,,,,,,,,,,,,,,,,,,,,,,,,,,,,,,,,,,,,,,,,,,,,,,,,,,,,,,,,,,,,,,,,,,,,,,,,,,,,,,,,,,,,,,,,,,,,,,,,,,,,,,,,,,,,,,,,,,,,,,,,,,,,,,,,,
280,PP,HT,#6,#3,MeOH_1,1.36154507859937,4.519049264447777,90.78393427281597,0.02864926651280996,-0.8807632790147665,-44.66550136375006,0.508002140229733,,,,,,,,,,,,,,,,,,,,,,,,,,,227,,,,,,,,,,,,,,,PP,LT,#4,#1,DIESEL_1,1.2822240527209738,3.837073162547333,86.97366165983183,-0.4560787222251234,-0.7925827003252205,-43.857770049564635,0.49573503963648763,227,,,,,,,,,,,,,,,,,,,,,,,,,,,,,,,,,,,,,,,,,,,,,,,,,,,,,,,,,,,,,,,,,,,,,,,,,,,,,,,,,,,,,,,,,,,,,,,,,,,,,,,,,,,,,,,,,,,,,,,,,,,,,,,,,,,,,,,,,,,,,,,,,,,,,,,,,,,,,,,,
281,PP,HT,#6,#4,MeOH_1,1.6521250521363497,7.560547763625838,127.11379273496736,-0.7320847383433547,-4.68410480509371,-84.02067326368619,0.3390121445052816,,,,,,,,,,,,,,,,,,,,,,,,,,,228,,,,,,,,,,,,,,,PP,LT,#4,#2,DIESEL_1,1.3216340222281622,3.9036946465502043,88.32366389983184,-0.4742834823423989,-0.8782967615618047,-45.5296826834945,0.48451320208896836,228,,,,,,,,,,,,,,,,,,,,,,,,,,,,,,,,,,,,,,,,,,,,,,,,,,,,,,,,,,,,,,,,,,,,,,,,,,,,,,,,,,,,,,,,,,,,,,,,,,,,,,,,,,,,,,,,,,,,,,,,,,,,,,,,,,,,,,,,,,,,,,,,,,,,,,,,,,,,,,,,
282,PP,HT,#6,#5,FT_1,1.7877203891535345,8.362317494243722,130.89989657496733,-0.7417835832514562,-5.033263539725017,-89.18162618669616,0.31870361612072634,,,,,,,,,,,,,,,,,,,,,,,,,,,229,,,,,,,,,,,,,,,PP,LT,#4,#3,DIESEL_1,1.2683870395913277,3.604021938591311,86.19192594247122,-0.4381913331044711,-0.5418199315867832,-42.81470139870759,0.5032632009257543,229,,,,,,,,,,,,,,,,,,,,,,,,,,,,,,,,,,,,,,,,,,,,,,,,,,,,,,,,,,,,,,,,,,,,,,,,,,,,,,,,,,,,,,,,,,,,,,,,,,,,,,,,,,,,,,,,,,,,,,,,,,,,,,,,,,,,,,,,,,,,,,,,,,,,,,,,,,,,,,,,
283,PP,HT,#6,#6,Olefin,1.1564026162936158,2.737990551910517,77.83419642291061,-0.5221208327929531,0.2955063041401082,-36.63160446148331,0.5293636197842116,,,,,,,,,,,,,,,,,,,,,,,,,,,230,,,,,,,,,,,,,,,PP,LT,#4,#4,DIESEL_1,1.3307734986090636,4.034321755044443,89.95725269983183,-0.49743746242756615,-1.0515004615979548,-47.18155314766286,0.47551140423221194,230,,,,,,,,,,,,,,,,,,,,,,,,,,,,,,,,,,,,,,,,,,,,,,,,,,,,,,,,,,,,,,,,,,,,,,,,,,,,,,,,,,,,,,,,,,,,,,,,,,,,,,,,,,,,,,,,,,,,,,,,,,,,,,,,,,,,,,,,,,,,,,,,,,,,,,,,,,,,,,,,
284,PP,HT,#6,#7,MeOH_1,1.3288253579312357,4.364792922346227,93.38708642486796,-0.26159788391590555,-1.2687649410182682,-49.101880207199876,0.47421124175767637,,,,,,,,,,,,,,,,,,,,,,,,,,,231,,,,,,,,,,,,,,,PP,LT,#4,#5,DIESEL_1,1.3756850921265418,4.147539121064232,90.95604373983184,-0.517817080623137,-1.0938010898476347,-47.369268265831245,0.47920702882235083,231,,,,,,,,,,,,,,,,,,,,,,,,,,,,,,,,,,,,,,,,,,,,,,,,,,,,,,,,,,,,,,,,,,,,,,,,,,,,,,,,,,,,,,,,,,,,,,,,,,,,,,,,,,,,,,,,,,,,,,,,,,,,,,,,,,,,,,,,,,,,,,,,,,,,,,,,,,,,,,,,
285,PP,HT,#6,#8,FT_1,1.4445260416725474,5.137224943791872,99.57073409089998,-0.3156533827502626,-1.734046832800521,-57.0231702641327,0.4273099341411384,,,,,,,,,,,,,,,,,,,,,,,,,,,232,,,,,,,,,,,,,,,PP,LT,#4,#7,DIESEL_1,1.2745097081496168,3.737807940752785,86.6141565990482,-0.44669008457799136,-0.6943817042625317,-43.45252563582787,0.49832074406754234,232,,,,,,,,,,,,,,,,,,,,,,,,,,,,,,,,,,,,,,,,,,,,,,,,,,,,,,,,,,,,,,,,,,,,,,,,,,,,,,,,,,,,,,,,,,,,,,,,,,,,,,,,,,,,,,,,,,,,,,,,,,,,,,,,,,,,,,,,,,,,,,,,,,,,,,,,,,,,,,,,
286,PP,HT,#6,#9,MeOH_1,1.361171027564378,3.731158147885741,91.38549002604088,0.05858330477577908,-0.07490749414386451,-42.82403438701157,0.5313913141483556,,,,,,,,,,,,,,,,,,,,,,,,,,,233,,,,,,,,,,,,,,,PP,LT,#4,#8,DIESEL_1,1.3256339203237206,3.8416067758629393,88.03546122508018,-0.48701763074778015,-0.8173529469433108,-45.370080301833134,0.4846385800622378,233,,,,,,,,,,,,,,,,,,,,,,,,,,,,,,,,,,,,,,,,,,,,,,,,,,,,,,,,,,,,,,,,,,,,,,,,,,,,,,,,,,,,,,,,,,,,,,,,,,,,,,,,,,,,,,,,,,,,,,,,,,,,,,,,,,,,,,,,,,,,,,,,,,,,,,,,,,,,,,,,
287,PP,HT,#6,#10,MeOH_1,1.6493171896257701,7.257931538207981,127.19929442486797,-0.6647519408929752,-4.2979781182334795,-83.76778577865,0.34144457202057354,,,,,,,,,,,,,,,,,,,,,,,,,,,234,,,,,,,,,,,,,,,PP,LT,#4,#9,DIESEL_1,1.2611641557043227,3.5778890400186794,85.77619430796875,-0.43116905965321534,-0.5188371000470424,-42.40995846936979,0.5055742585512465,234,,,,,,,,,,,,,,,,,,,,,,,,,,,,,,,,,,,,,,,,,,,,,,,,,,,,,,,,,,,,,,,,,,,,,,,,,,,,,,,,,,,,,,,,,,,,,,,,,,,,,,,,,,,,,,,,,,,,,,,,,,,,,,,,,,,,,,,,,,,,,,,,,,,,,,,,,,,,,,,,
288,PP,HT,#6,#11,FT_1,1.8190662653519716,8.57785238883627,134.88204929089997,-0.6967755285513754,-5.179608528173205,-92.86246457329605,0.3115283682188155,,,,,,,,,,,,,,,,,,,,,,,,,,,235,,,,,,,,,,,,,,,PP,LT,#4,#10,DIESEL_1,1.3236126938387616,4.003306423056097,90.2834250790482,-0.4879010985303798,-1.0128491372819826,-47.481669854462204,0.47408209410653906,235,,,,,,,,,,,,,,,,,,,,,,,,,,,,,,,,,,,,,,,,,,,,,,,,,,,,,,,,,,,,,,,,,,,,,,,,,,,,,,,,,,,,,,,,,,,,,,,,,,,,,,,,,,,,,,,,,,,,,,,,,,,,,,,,,,,,,,,,,,,,,,,,,,,,,,,,,,,,,,,,
289,PP,HT,#7,#1,MeOH_1,1.380750174245908,4.961455104422662,94.98572969496735,-0.32246432094951827,-1.8220790405963327,-49.80781908909865,0.47562839966541165,,,,,,,,,,,,,,,,,,,,,,,,,,,236,,,,,,,,,,,,,,,PP,LT,#4,#11,DIESEL_1,1.3367947335710821,4.0101690220622155,89.84456587904818,-0.49646911740539634,-0.990744333516089,-47.2087405807011,0.47455096344663616,236,,,,,,,,,,,,,,,,,,,,,,,,,,,,,,,,,,,,,,,,,,,,,,,,,,,,,,,,,,,,,,,,,,,,,,,,,,,,,,,,,,,,,,,,,,,,,,,,,,,,,,,,,,,,,,,,,,,,,,,,,,,,,,,,,,,,,,,,,,,,,,,,,,,,,,,,,,,,,,,,
290,PP,HT,#7,#2,FT_1,1.4809937520414176,5.21360632143877,96.79952136099934,-0.40392016412040516,-1.7847450620259038,-55.640908822566445,0.4251943807132891,,,,,,,,,,,,,,,,,,,,,,,,,,,237,,,,,,,,,,,,,,,PP,LT,#5,#1,DIESEL_1,1.2340445687729,3.426773356694478,83.73211035594916,-0.4695990777416061,-0.22755710340696395,-37.80093109495407,0.5485491654962412,237,,,,,,,,,,,,,,,,,,,,,,,,,,,,,,,,,,,,,,,,,,,,,,,,,,,,,,,,,,,,,,,,,,,,,,,,,,,,,,,,,,,,,,,,,,,,,,,,,,,,,,,,,,,,,,,,,,,,,,,,,,,,,,,,,,,,,,,,,,,,,,,,,,,,,,,,,,,,,,,,
291,PP,HT,#7,#3,H2_1,1.4051038194264687,4.830464488504673,92.50570003281597,0.009814856132244358,-1.1012410119763432,-46.66842290514925,0.49550759695247065,,,,,,,,,,,,,,,,,,,,,,,,,,,238,,,,,,,,,,,,,,,PP,LT,#5,#2,DIESEL_1,1.2734545382800884,3.493394840697348,85.08211259594916,-0.4878038378588815,-0.31327116464354726,-39.47284372888392,0.536061781677442,238,,,,,,,,,,,,,,,,,,,,,,,,,,,,,,,,,,,,,,,,,,,,,,,,,,,,,,,,,,,,,,,,,,,,,,,,,,,,,,,,,,,,,,,,,,,,,,,,,,,,,,,,,,,,,,,,,,,,,,,,,,,,,,,,,,,,,,,,,,,,,,,,,,,,,,,,,,,,,,,,
292,PP,HT,#7,#4,MeOH_1,1.695683792963447,7.8719629876827355,128.83555849496733,-0.7509191487239191,-4.904582538055289,-86.02359480508535,0.33229928282225224,,,,,,,,,,,,,,,,,,,,,,,,,,,239,,,,,,,,,,,,,,,PP,LT,#5,#4,DIESEL_1,1.28259401466099,3.6240219491915884,86.71570139594915,-0.5109578179440488,-0.48647486467969836,-41.1247141930523,0.5257523893478719,239,,,,,,,,,,,,,,,,,,,,,,,,,,,,,,,,,,,,,,,,,,,,,,,,,,,,,,,,,,,,,,,,,,,,,,,,,,,,,,,,,,,,,,,,,,,,,,,,,,,,,,,,,,,,,,,,,,,,,,,,,,,,,,,,,,,,,,,,,,,,,,,,,,,,,,,,,,,,,,,,
293,PP,HT,#7,#5,FT_1,1.8312791299806324,8.673732718300617,132.62166233496737,-0.760617993632021,-5.253741272686592,-91.1845477280954,0.3124460504967337,,,,,,,,,,,,,,,,,,,,,,,,,,,240,,,,,,,,,,,,,,,PP,LT,#5,#5,DIESEL_1,1.3275056081784697,3.7372393152113736,87.71449243594917,-0.5313374361396217,-0.5287754929293754,-41.312429311220676,0.5290125022226194,240,,,,,,,,,,,,,,,,,,,,,,,,,,,,,,,,,,,,,,,,,,,,,,,,,,,,,,,,,,,,,,,,,,,,,,,,,,,,,,,,,,,,,,,,,,,,,,,,,,,,,,,,,,,,,,,,,,,,,,,,,,,,,,,,,,,,,,,,,,,,,,,,,,,,,,,,,,,,,,,,
294,PP,HT,#7,#6,Olefin,1.199961357120713,3.049405775967412,79.55596218291062,-0.5409552431735172,0.07502857117853284,-38.63452600288251,0.5143729653592,,,,,,,,,,,,,,,,,,,,,,,,,,,241,,,,,,,,,,,,,,,PP,LT,#5,#7,DIESEL_1,1.2263302242015446,3.3275081348999276,83.3726052951655,-0.46021044009447537,-0.12935610734427244,-37.39568668121728,0.5514631388952681,241,,,,,,,,,,,,,,,,,,,,,,,,,,,,,,,,,,,,,,,,,,,,,,,,,,,,,,,,,,,,,,,,,,,,,,,,,,,,,,,,,,,,,,,,,,,,,,,,,,,,,,,,,,,,,,,,,,,,,,,,,,,,,,,,,,,,,,,,,,,,,,,,,,,,,,,,,,,,,,,,
295,PP,HT,#7,#7,MeOH_1,1.3723840987583327,4.676208146403123,95.10885218486797,-0.2804322942964696,-1.4892426739798448,-51.104801748599094,0.4626703973961955,,,,,,,,,,,,,,,,,,,,,,,,,,,242,,,,,,,,,,,,,,,PP,LT,#5,#8,DIESEL_1,1.2774544363756473,3.4313069700100822,84.7939099211975,-0.5005379862642632,-0.2523273500250524,-39.31324134722255,0.5363671591066154,242,,,,,,,,,,,,,,,,,,,,,,,,,,,,,,,,,,,,,,,,,,,,,,,,,,,,,,,,,,,,,,,,,,,,,,,,,,,,,,,,,,,,,,,,,,,,,,,,,,,,,,,,,,,,,,,,,,,,,,,,,,,,,,,,,,,,,,,,,,,,,,,,,,,,,,,,,,,,,,,,
296,PP,HT,#7,#8,FT_1,1.4880847824996442,5.448640167848767,101.29249985089999,-0.33448779313082655,-1.9545245657620969,-59.02609180553192,0.4172708552714481,,,,,,,,,,,,,,,,,,,,,,,,,,,243,,,,,,,,,,,,,,,PP,LT,#5,#10,DIESEL_1,1.275433209890688,3.5930066172032404,87.04187377516548,-0.5014214540468626,-0.4478235403637251,-41.42483089985161,0.5240815816206521,243,,,,,,,,,,,,,,,,,,,,,,,,,,,,,,,,,,,,,,,,,,,,,,,,,,,,,,,,,,,,,,,,,,,,,,,,,,,,,,,,,,,,,,,,,,,,,,,,,,,,,,,,,,,,,,,,,,,,,,,,,,,,,,,,,,,,,,,,,,,,,,,,,,,,,,,,,,,,,,,,
297,PP,HT,#7,#9,H2_1,1.4047297683914748,4.042573371942637,93.10725578604088,0.03974889439521519,-0.2953852271054408,-44.826955928410776,0.5185449775104265,,,,,,,,,,,,,,,,,,,,,,,,,,,244,,,,,,,,,,,,,,,PP,LT,#5,#11,DIESEL_1,1.2886152496230086,3.5998692162093584,86.60301457516552,-0.5099894729218792,-0.42571873659783066,-41.15190162609053,0.5248213722355648,244,,,,,,,,,,,,,,,,,,,,,,,,,,,,,,,,,,,,,,,,,,,,,,,,,,,,,,,,,,,,,,,,,,,,,,,,,,,,,,,,,,,,,,,,,,,,,,,,,,,,,,,,,,,,,,,,,,,,,,,,,,,,,,,,,,,,,,,,,,,,,,,,,,,,,,,,,,,,,,,,
298,PP,HT,#7,#10,MeOH_1,1.692875930452868,7.56934676226488,128.92106018486797,-0.68358635127354,-4.518455851195059,-85.77070732004923,0.3347036768309442,,,,,,,,,,,,,,,,,,,,,,,,,,,245,,,,,,,,,,,,,,,PP,LT,#6,#1,MeOH_1,1.3624112139199906,4.652332204956178,97.9348507798318,-0.5568398586594513,-1.7753833700720778,-54.451484156778825,0.4440029905269201,245,,,,,,,,,,,,,,,,,,,,,,,,,,,,,,,,,,,,,,,,,,,,,,,,,,,,,,,,,,,,,,,,,,,,,,,,,,,,,,,,,,,,,,,,,,,,,,,,,,,,,,,,,,,,,,,,,,,,,,,,,,,,,,,,,,,,,,,,,,,,,,,,,,,,,,,,,,,,,,,,
299,PP,HT,#7,#11,FT_1,1.8626250061790697,8.889267612893166,136.60381505089998,-0.7156099389319404,-5.4000862611347795,-94.86538611469527,0.3055436549898152,,,,,,,,,,,,,,,,,,,,,,,,,,,246,,,,,,,,,,,,,,,PP,LT,#6,#2,DIESEL_1,1.4018211834271785,4.718953688959049,99.28485301983183,-0.5750446187767266,-1.8610974313086626,-56.12339679070868,0.4347234740882558,246,,,,,,,,,,,,,,,,,,,,,,,,,,,,,,,,,,,,,,,,,,,,,,,,,,,,,,,,,,,,,,,,,,,,,,,,,,,,,,,,,,,,,,,,,,,,,,,,,,,,,,,,,,,,,,,,,,,,,,,,,,,,,,,,,,,,,,,,,,,,,,,,,,,,,,,,,,,,,,,,
300,PP,HT,#8,#1,MeOH_1,1.1951351457810122,2.691608655204079,71.2303394701914,-0.2398545842092524,0.3776684486363685,-26.602032842039346,0.6265350826641531,,,,,,,,,,,,,,,,,,,,,,,,,,,247,,,,,,,,,,,,,,,PP,LT,#6,#3,DIESEL_1,1.3485742007903456,4.4192809810001545,97.1531150624712,-0.5389524695388002,-1.5246206013336399,-53.40841550592177,0.45026553732652635,247,,,,,,,,,,,,,,,,,,,,,,,,,,,,,,,,,,,,,,,,,,,,,,,,,,,,,,,,,,,,,,,,,,,,,,,,,,,,,,,,,,,,,,,,,,,,,,,,,,,,,,,,,,,,,,,,,,,,,,,,,,,,,,,,,,,,,,,,,,,,,,,,,,,,,,,,,,,,,,,,
301,PP,HT,#8,#2,FT_1,1.295378723576522,2.943759872220187,73.0441311362234,-0.32131042738013904,0.4150024272067985,-32.43512257550714,0.5559516956260679,,,,,,,,,,,,,,,,,,,,,,,,,,,248,,,,,,,,,,,,,,,PP,LT,#6,#4,MeOH_1,1.410960659808082,4.849580797453288,100.91844181983184,-0.5981985988618956,-2.034301131344812,-57.775267254877065,0.4275053576627514,248,,,,,,,,,,,,,,,,,,,,,,,,,,,,,,,,,,,,,,,,,,,,,,,,,,,,,,,,,,,,,,,,,,,,,,,,,,,,,,,,,,,,,,,,,,,,,,,,,,,,,,,,,,,,,,,,,,,,,,,,,,,,,,,,,,,,,,,,,,,,,,,,,,,,,,,,,,,,,,,,
302,PP,HT,#8,#3,H2_1,1.2194887909615713,2.560618039286091,68.75030980804006,0.09242459287251194,1.098506477256358,-23.46263665808997,0.6587268228521334,,,,,,,,,,,,,,,,,,,,,,,,,,,249,,,,,,,,,,,,,,,PP,LT,#6,#5,DIESEL_1,1.4558722533255597,4.962798163473075,101.91723285983181,-0.6185782170574664,-2.0766017595944914,-57.962982373045406,0.43127397843735904,249,,,,,,,,,,,,,,,,,,,,,,,,,,,,,,,,,,,,,,,,,,,,,,,,,,,,,,,,,,,,,,,,,,,,,,,,,,,,,,,,,,,,,,,,,,,,,,,,,,,,,,,,,,,,,,,,,,,,,,,,,,,,,,,,,,,,,,,,,,,,,,,,,,,,,,,,,,,,,,,,
303,PP,HT,#8,#4,MeOH_1,1.5100687644985509,5.602116538464152,105.08016827019142,-0.6683094119836529,-2.704835048822585,-62.81780855802609,0.4021915876980385,,,,,,,,,,,,,,,,,,,,,,,,,,,250,,,,,,,,,,,,,,,PP,LT,#6,#6,DIESEL_1,1.2615162091229972,3.9005802678469217,90.5533032166482,-0.44922970212981966,-1.0300753038578734,-47.427302505860396,0.4762498901625833,250,,,,,,,,,,,,,,,,,,,,,,,,,,,,,,,,,,,,,,,,,,,,,,,,,,,,,,,,,,,,,,,,,,,,,,,,,,,,,,,,,,,,,,,,,,,,,,,,,,,,,,,,,,,,,,,,,,,,,,,,,,,,,,,,,,,,,,,,,,,,,,,,,,,,,,,,,,,,,,,,
304,PP,HT,#8,#5,FT_1,1.6456641015157356,6.403886269082035,108.86627211019142,-0.6780082568917539,-3.0539937834538913,-67.97876148103609,0.3755755555565467,,,,,,,,,,,,,,,,,,,,,,,,,,,251,,,,,,,,,,,,,,,PP,LT,#6,#7,MeOH_1,1.3546968693486348,4.55306698316163,97.5753457190482,-0.5474512210123205,-1.6771823740093883,-54.04623974304206,0.4461076274465978,251,,,,,,,,,,,,,,,,,,,,,,,,,,,,,,,,,,,,,,,,,,,,,,,,,,,,,,,,,,,,,,,,,,,,,,,,,,,,,,,,,,,,,,,,,,,,,,,,,,,,,,,,,,,,,,,,,,,,,,,,,,,,,,,,,,,,,,,,,,,,,,,,,,,,,,,,,,,,,,,,
305,PP,HT,#8,#6,Olefin,1.0143463286558174,0.7795593267488293,55.80057195813468,-0.45834550643325106,2.2747760604112344,-15.428739755823221,0.7235021216736113,,,,,,,,,,,,,,,,,,,,,,,,,,,252,,,,,,,,,,,,,,,PP,LT,#6,#8,DIESEL_1,1.4058210815227392,4.656865818271784,98.99665034508018,-0.5877787671821099,-1.8001536166901686,-55.96379440904731,0.4346900201777531,252,,,,,,,,,,,,,,,,,,,,,,,,,,,,,,,,,,,,,,,,,,,,,,,,,,,,,,,,,,,,,,,,,,,,,,,,,,,,,,,,,,,,,,,,,,,,,,,,,,,,,,,,,,,,,,,,,,,,,,,,,,,,,,,,,,,,,,,,,,,,,,,,,,,,,,,,,,,,,,,,
306,PP,HT,#8,#7,MeOH_1,1.1867690702934368,2.40636169718454,71.35346196009205,-0.19782255755620343,0.7105048152528575,-27.899015501539807,0.6090026365203736,,,,,,,,,,,,,,,,,,,,,,,,,,,253,,,,,,,,,,,,,,,PP,LT,#6,#9,DIESEL_1,1.3413513169033395,4.3931480824275235,96.73738342796875,-0.5319301960875434,-1.5016377697938998,-53.00367257658399,0.452086973015444,253,,,,,,,,,,,,,,,,,,,,,,,,,,,,,,,,,,,,,,,,,,,,,,,,,,,,,,,,,,,,,,,,,,,,,,,,,,,,,,,,,,,,,,,,,,,,,,,,,,,,,,,,,,,,,,,,,,,,,,,,,,,,,,,,,,,,,,,,,,,,,,,,,,,,,,,,,,,,,,,,
307,PP,HT,#8,#8,FT_1,1.3024697540347487,3.178793718630183,77.53710962612405,-0.25187805639056055,0.24522292347060562,-35.82030555847262,0.5380237188206467,,,,,,,,,,,,,,,,,,,,,,,,,,,254,,,,,,,,,,,,,,,PP,LT,#6,#10,MeOH_1,1.4037998550377784,4.818565465464942,101.24461419904823,-0.5886622349647076,-1.9956498070288404,-58.07538396167642,0.426385448538532,254,,,,,,,,,,,,,,,,,,,,,,,,,,,,,,,,,,,,,,,,,,,,,,,,,,,,,,,,,,,,,,,,,,,,,,,,,,,,,,,,,,,,,,,,,,,,,,,,,,,,,,,,,,,,,,,,,,,,,,,,,,,,,,,,,,,,,,,,,,,,,,,,,,,,,,,,,,,,,,,,
308,PP,HT,#8,#9,H2_1,1.2191147399265794,1.7727269227240539,69.35186556126494,0.1223586311354812,1.904362262127261,-21.621169681351482,0.6882395375182591,,,,,,,,,,,,,,,,,,,,,,,,,,,255,,,,,,,,,,,,,,,PP,LT,#6,#11,DIESEL_1,1.4169818947701005,4.825428064471061,100.80575499904819,-0.5972302538397258,-1.973545003262947,-57.80245468791529,0.426595687037302,255,,,,,,,,,,,,,,,,,,,,,,,,,,,,,,,,,,,,,,,,,,,,,,,,,,,,,,,,,,,,,,,,,,,,,,,,,,,,,,,,,,,,,,,,,,,,,,,,,,,,,,,,,,,,,,,,,,,,,,,,,,,,,,,,,,,,,,,,,,,,,,,,,,,,,,,,,,,,,,,,
309,PP,HT,#8,#10,MeOH_1,1.507260901987971,5.299500313046295,105.16566996009207,-0.6009766145332724,-2.318708361962354,-62.56492107298994,0.4050822754542249,,,,,,,,,,,,,,,,,,,,,,,,,,,256,,,,,,,,,,,,,,,PP,LT,#7,#1,DIESEL_1,1.431707162200529,5.1828924616746805,100.87052741983184,-0.6036971409346619,-2.143710748278427,-57.95472849476574,0.4254542929714925,256,,,,,,,,,,,,,,,,,,,,,,,,,,,,,,,,,,,,,,,,,,,,,,,,,,,,,,,,,,,,,,,,,,,,,,,,,,,,,,,,,,,,,,,,,,,,,,,,,,,,,,,,,,,,,,,,,,,,,,,,,,,,,,,,,,,,,,,,,,,,,,,,,,,,,,,,,,,,,,,,
310,PP,HT,#8,#11,FT_1,1.6770099777141727,6.619421163674583,112.84842482612406,-0.633000202191673,-3.2003387719020795,-71.65959986763598,0.36499246685943104,,,,,,,,,,,,,,,,,,,,,,,,,,,257,,,,,,,,,,,,,,,PP,LT,#7,#2,DIESEL_1,1.4711171317077174,5.249513945677552,102.22052965983185,-0.6219019010519373,-2.229424809515012,-59.626641128695596,0.41668624368196533,257,,,,,,,,,,,,,,,,,,,,,,,,,,,,,,,,,,,,,,,,,,,,,,,,,,,,,,,,,,,,,,,,,,,,,,,,,,,,,,,,,,,,,,,,,,,,,,,,,,,,,,,,,,,,,,,,,,,,,,,,,,,,,,,,,,,,,,,,,,,,,,,,,,,,,,,,,,,,,,,,
311,PP,HT,#9,#1,MeOH_1,1.2911800887674134,3.1042224552804583,74.3177160818714,-0.34826724904798867,0.032128865522756275,-29.551138369126193,0.6023675117172403,,,,,,,,,,,,,,,,,,,,,,,,,,,258,,,,,,,,,,,,,,,PP,LT,#7,#3,DIESEL_1,1.4178701490708845,4.949841237718658,100.08879170247118,-0.5858097518140113,-1.8929479795399908,-56.911659843908666,0.43138828158614373,258,,,,,,,,,,,,,,,,,,,,,,,,,,,,,,,,,,,,,,,,,,,,,,,,,,,,,,,,,,,,,,,,,,,,,,,,,,,,,,,,,,,,,,,,,,,,,,,,,,,,,,,,,,,,,,,,,,,,,,,,,,,,,,,,,,,,,,,,,,,,,,,,,,,,,,,,,,,,,,,,
312,PP,HT,#9,#2,FT_1,1.3914236665629212,3.356373672296567,76.13150774790343,-0.42972309221887356,0.06946284409318566,-35.384228102594,0.5352222864183529,,,,,,,,,,,,,,,,,,,,,,,,,,,259,,,,,,,,,,,,,,,PP,LT,#7,#4,DIESEL_1,1.4802566080886204,5.380141054171791,103.85411845983185,-0.645055881137106,-2.4026285095511626,-61.27851159286397,0.4099558832944603,259,,,,,,,,,,,,,,,,,,,,,,,,,,,,,,,,,,,,,,,,,,,,,,,,,,,,,,,,,,,,,,,,,,,,,,,,,,,,,,,,,,,,,,,,,,,,,,,,,,,,,,,,,,,,,,,,,,,,,,,,,,,,,,,,,,,,,,,,,,,,,,,,,,,,,,,,,,,,,,,,
313,PP,HT,#9,#3,H2_1,1.315533733947972,2.9732318393624713,71.83768641972004,-0.015988071966224027,0.7529668941427449,-26.411742185176806,0.6323414143536983,,,,,,,,,,,,,,,,,,,,,,,,,,,260,,,,,,,,,,,,,,,PP,LT,#7,#5,DIESEL_1,1.5251682016060981,5.493358420191577,104.85290949983185,-0.665435499332677,-2.4449291378008406,-61.46622671103234,0.4137861600194231,260,,,,,,,,,,,,,,,,,,,,,,,,,,,,,,,,,,,,,,,,,,,,,,,,,,,,,,,,,,,,,,,,,,,,,,,,,,,,,,,,,,,,,,,,,,,,,,,,,,,,,,,,,,,,,,,,,,,,,,,,,,,,,,,,,,,,,,,,,,,,,,,,,,,,,,,,,,,,,,,,
314,PP,HT,#9,#4,MeOH_1,1.6061137074849514,6.014730338540532,108.16754488187141,-0.7767220768223884,-3.0503746319361986,-65.76691408511293,0.39199032244897253,,,,,,,,,,,,,,,,,,,,,,,,,,,261,,,,,,,,,,,,,,,PP,LT,#7,#6,DIESEL_1,1.3308121574035356,4.431140524565424,93.48897985664817,-0.4960869844050303,-1.398402682064223,-50.930546843847274,0.45522406039790037,261,,,,,,,,,,,,,,,,,,,,,,,,,,,,,,,,,,,,,,,,,,,,,,,,,,,,,,,,,,,,,,,,,,,,,,,,,,,,,,,,,,,,,,,,,,,,,,,,,,,,,,,,,,,,,,,,,,,,,,,,,,,,,,,,,,,,,,,,,,,,,,,,,,,,,,,,,,,,,,,,
315,PP,HT,#9,#5,FT_1,1.7417090445021357,6.816500069158415,111.95364872187142,-0.7864209217304896,-3.3995333665675043,-70.92786700812293,0.3664532793894875,,,,,,,,,,,,,,,,,,,,,,,,,,,262,,,,,,,,,,,,,,,PP,LT,#7,#7,DIESEL_1,1.4239928176291734,5.083627239880132,100.5110223590482,-0.5943085032875313,-2.0455097522157373,-57.549484081028965,0.4274311142170145,262,,,,,,,,,,,,,,,,,,,,,,,,,,,,,,,,,,,,,,,,,,,,,,,,,,,,,,,,,,,,,,,,,,,,,,,,,,,,,,,,,,,,,,,,,,,,,,,,,,,,,,,,,,,,,,,,,,,,,,,,,,,,,,,,,,,,,,,,,,,,,,,,,,,,,,,,,,,,,,,,
316,PP,HT,#9,#6,Olefin,1.1103912716422182,1.1921731268252094,58.88794856981466,-0.566758171271987,1.9292364772976214,-18.37784528291005,0.6879183987684309,,,,,,,,,,,,,,,,,,,,,,,,,,,263,,,,,,,,,,,,,,,PP,LT,#7,#8,DIESEL_1,1.4751170298032772,5.187426074990287,101.93232698508021,-0.63463604945732,-2.168480994896518,-59.467038747034245,0.41660275492642873,263,,,,,,,,,,,,,,,,,,,,,,,,,,,,,,,,,,,,,,,,,,,,,,,,,,,,,,,,,,,,,,,,,,,,,,,,,,,,,,,,,,,,,,,,,,,,,,,,,,,,,,,,,,,,,,,,,,,,,,,,,,,,,,,,,,,,,,,,,,,,,,,,,,,,,,,,,,,,,,,,
317,PP,HT,#9,#7,MeOH_1,1.282814013279838,2.818975497260919,74.44083857177202,-0.30623522239493983,0.36496523213924525,-30.848121028626647,0.5856021826126465,,,,,,,,,,,,,,,,,,,,,,,,,,,264,,,,,,,,,,,,,,,PP,LT,#7,#9,DIESEL_1,1.410647265183878,4.923708339146027,99.67306006796873,-0.5787874783627538,-1.8699651480002495,-56.506916914570866,0.4330773342763044,264,,,,,,,,,,,,,,,,,,,,,,,,,,,,,,,,,,,,,,,,,,,,,,,,,,,,,,,,,,,,,,,,,,,,,,,,,,,,,,,,,,,,,,,,,,,,,,,,,,,,,,,,,,,,,,,,,,,,,,,,,,,,,,,,,,,,,,,,,,,,,,,,,,,,,,,,,,,,,,,,
318,PP,HT,#9,#8,FT_1,1.3985146970211495,3.5914075187065637,80.62448623780405,-0.36029072122929645,-0.10031665964300782,-38.76941108555947,0.519136023128159,,,,,,,,,,,,,,,,,,,,,,,,,,,265,,,,,,,,,,,,,,,PP,LT,#7,#10,DIESEL_1,1.473095803318317,5.349125722183445,104.1802908390482,-0.6355195172399183,-2.3639771852351905,-61.578628299663286,0.40892247656710534,265,,,,,,,,,,,,,,,,,,,,,,,,,,,,,,,,,,,,,,,,,,,,,,,,,,,,,,,,,,,,,,,,,,,,,,,,,,,,,,,,,,,,,,,,,,,,,,,,,,,,,,,,,,,,,,,,,,,,,,,,,,,,,,,,,,,,,,,,,,,,,,,,,,,,,,,,,,,,,,,,
319,PP,HT,#9,#9,H2_1,1.3151596829129804,2.185340722800434,72.43924217294494,0.013945966296744815,1.5588226790136475,-24.57027520843832,0.6608154023784779,,,,,,,,,,,,,,,,,,,,,,,,,,,266,,,,,,,,,,,,,,,PP,LT,#7,#11,DIESEL_1,1.4862778430506385,5.355988321189563,103.7414316390482,-0.644087536114936,-2.3418723814692965,-61.30569902590219,0.4090528918165924,266,,,,,,,,,,,,,,,,,,,,,,,,,,,,,,,,,,,,,,,,,,,,,,,,,,,,,,,,,,,,,,,,,,,,,,,,,,,,,,,,,,,,,,,,,,,,,,,,,,,,,,,,,,,,,,,,,,,,,,,,,,,,,,,,,,,,,,,,,,,,,,,,,,,,,,,,,,,,,,,,
320,PP,HT,#9,#10,MeOH_1,1.603305844974372,5.712114113122675,108.25304657177206,-0.709389279372009,-2.6642479450759677,-65.51402660007678,0.39480662508060865,,,,,,,,,,,,,,,,,,,,,,,,,,,267,,,,,,,,,,,,,,,PP,HT,#3,-,H2_1,1.1031422084903815,3.9140078218710954,77.27825911645358,-0.5201593876024977,-0.23041761741309016,-27.70830632396181,0.641447586413572,267,,,,,,,,,,,,,,,,,,,,,,,,,,,,,,,,,,,,,,,,,,,,,,,,,,,,,,,,,,,,,,,,,,,,,,,,,,,,,,,,,,,,,,,,,,,,,,,,,,,,,,,,,,,,,,,,,,,,,,,,,,,,,,,,,,,,,,,,,,,,,,,,,,,,,,,,,,,,,,,,
321,PP,HT,#9,#11,FT_1,1.7730549207005737,7.032034963750963,115.93580143780407,-0.7414128670304093,-3.545878355015693,-74.60870539472283,0.3564653500519589,,,,,,,,,,,,,,,,,,,,,,,,,,,268,,,,,,,,,,,,,,,PP,HT,#4,-,MeOH_1,1.3200990078758141,4.093876367710986,91.1485727798098,-0.6842443668598249,-1.341905970638435,-54.176850908391074,0.40562041449329506,268,,,,,,,,,,,,,,,,,,,,,,,,,,,,,,,,,,,,,,,,,,,,,,,,,,,,,,,,,,,,,,,,,,,,,,,,,,,,,,,,,,,,,,,,,,,,,,,,,,,,,,,,,,,,,,,,,,,,,,,,,,,,,,,,,,,,,,,,,,,,,,,,,,,,,,,,,,,,,,,,
322,PP,LT,#1,#1,GASOLINE_1,1.1955481103171304,2.127229719780866,71.64056914935549,-0.2852662327959729,0.8122069381664363,-26.2377583659394,0.6337583763294901,,,,,,,,,,,,,,,,,,,,,,,,,,,269,,,,,,,,,,,,,,,PP,HT,#5,-,FT_1,1.4431787267958418,5.030733464681105,95.57942077980978,-0.6331154415836061,-1.5980655546635898,-52.082513679211004,0.45508653165836166,269,,,,,,,,,,,,,,,,,,,,,,,,,,,,,,,,,,,,,,,,,,,,,,,,,,,,,,,,,,,,,,,,,,,,,,,,,,,,,,,,,,,,,,,,,,,,,,,,,,,,,,,,,,,,,,,,,,,,,,,,,,,,,,,,,,,,,,,,,,,,,,,,,,,,,,,,,,,,,,,,
323,PP,LT,#1,#2,GASOLINE_1,1.2349580798243185,2.1938512037837365,72.9905713893555,-0.347956953443158,0.7264928769298526,-27.909670999869274,0.617626352710818,,,,,,,,,,,,,,,,,,,,,,,,,,,270,,,,,,,,,,,,,,,PP,HT,#10,-,MeOH_1,1.4617137312685111,7.244896020591651,123.18678653399944,-0.6953035505140751,-4.302403280249021,-80.0542332618678,0.3501394466542651,270,,,,,,,,,,,,,,,,,,,,,,,,,,,,,,,,,,,,,,,,,,,,,,,,,,,,,,,,,,,,,,,,,,,,,,,,,,,,,,,,,,,,,,,,,,,,,,,,,,,,,,,,,,,,,,,,,,,,,,,,,,,,,,,,,,,,,,,,,,,,,,,,,,,,,,,,,,,,,,,,
324,PP,LT,#1,#3,GASOLINE_1,1.1817110971874858,1.8941784958248424,70.85883343199487,-0.2538220104181168,1.0629697069048747,-25.194689715082355,0.6444382655655434,,,,,,,,,,,,,,,,,,,,,,,,,,,,,,,,,,,,,,,,,,PP,HT,#11,-,FT_1,1.4396404832914986,6.938188867696175,119.98818237399942,-0.5832925786219777,-3.4497271193091583,-78.31990045749757,0.34726988185072366,271,,,,,,,,,,,,,,,,,,,,,,,,,,,,,,,,,,,,,,,,,,,,,,,,,,,,,,,,,,,,,,,,,,,,,,,,,,,,,,,,,,,,,,,,,,,,,,,,,,,,,,,,,,,,,,,,,,,,,,,,,,,,,,,,,,,,,,,,,,,,,,,,,,,,,,,,,,,,,,,,
325,PP,LT,#1,#4,GASOLINE_1,1.2440975562052217,2.324478312277976,74.62416018935549,-0.3721189323155778,0.5532891768937025,-29.561541464037624,0.6038609829708431,,,,,,,,,,,,,,,,,,,,,,,,,,,,,,,,,,,,,,,,,,PP,LT,#4,-,MeOH_1,1.2906657245934396,4.339294880922428,94.84832901188123,-0.474567128519963,-1.5378975581685153,-51.56000438353728,0.456395226772223,272,,,,,,,,,,,,,,,,,,,,,,,,,,,,,,,,,,,,,,,,,,,,,,,,,,,,,,,,,,,,,,,,,,,,,,,,,,,,,,,,,,,,,,,,,,,,,,,,,,,,,,,,,,,,,,,,,,,,,,,,,,,,,,,,,,,,,,,,,,,,,,,,,,,,,,,,,,,,,,,,
326,PP,LT,#1,#5,GASOLINE_1,1.2890091497226994,2.437695678297762,75.6229512293555,-0.37955288244953694,0.5109885486440244,-29.749256582206012,0.6066107431858878,,,,,,,,,,,,,,,,,,,,,,,,,,,,,,,,,,,,,,,,,,PP,LT,#5,-,DIESEL_1,1.344410526073914,4.831758776362313,96.14621987791323,-0.5272408719434907,-1.8251830253143617,-52.80529673962682,0.45078135358125204,273,,,,,,,,,,,,,,,,,,,,,,,,,,,,,,,,,,,,,,,,,,,,,,,,,,,,,,,,,,,,,,,,,,,,,,,,,,,,,,,,,,,,,,,,,,,,,,,,,,,,,,,,,,,,,,,,,,,,,,,,,,,,,,,,,,,,,,,,,,,,,,,,,,,,,,,,,,,,,,,,
327,PP,LT,#1,#6,GASOLINE_1,1.0946531055201374,1.3754777826716078,64.25902158617185,-0.23272469702093418,1.5575150043806427,-19.213576715020977,0.7009979884418965,,,,,,,,,,,,,,,,,,,,,,,,,,,,,,,,,,,,,,,,,,PP,LT,#8,-,DIESEL_1,1.3189095263591848,3.9494751446668883,90.18459839940698,-0.4440885077461745,-0.7812936648591444,-43.77435643621218,0.5146138341455428,274,,,,,,,,,,,,,,,,,,,,,,,,,,,,,,,,,,,,,,,,,,,,,,,,,,,,,,,,,,,,,,,,,,,,,,,,,,,,,,,,,,,,,,,,,,,,,,,,,,,,,,,,,,,,,,,,,,,,,,,,,,,,,,,,,,,,,,,,,,,,,,,,,,,,,,,,,,,,,,,,
328,PP,LT,#1,#7,GASOLINE_1,1.187833765745775,2.0279644979863165,71.28106408857185,-0.27604522359475436,0.9104079342291271,-25.83251395220264,0.6375964040028376,,,,,,,,,,,,,,,,,,,,,,,,,,,,,,,,,,,,,,,,,,PP,LT,#10,-,MeOH_1,1.385719580193046,4.7283230151288445,99.45395215940701,-0.569368389322333,-1.9067931418740007,-56.17715900043082,0.43514402614801245,275,,,,,,,,,,,,,,,,,,,,,,,,,,,,,,,,,,,,,,,,,,,,,,,,,,,,,,,,,,,,,,,,,,,,,,,,,,,,,,,,,,,,,,,,,,,,,,,,,,,,,,,,,,,,,,,,,,,,,,,,,,,,,,,,,,,,,,,,,,,,,,,,,,,,,,,,,,,,,,,,
329,PP,LT,#1,#8,GASOLINE_1,1.238957977919879,2.1317633330964707,72.70236871460385,-0.3487894666872863,0.7874366915483477,-27.75006861820791,0.618305852906362,,,,,,,,,,,,,,,,,,,,,,,,,,,,,,,,,,,,,,,,,,PP,LT,#11,-,DIESEL_1,1.4622294987005364,5.2716084435297335,102.06442783940699,-0.47542942233025515,-1.5862516652060519,-45.91882233354825,0.5500996448459095,276,,,,,,,,,,,,,,,,,,,,,,,,,,,,,,,,,,,,,,,,,,,,,,,,,,,,,,,,,,,,,,,,,,,,,,,,,,,,,,,,,,,,,,,,,,,,,,,,,,,,,,,,,,,,,,,,,,,,,,,,,,,,,,,,,,,,,,,,,,,,,,,,,,,,,,,,,,,,,,,,
330,PP,LT,#1,#9,GASOLINE_1,1.1744882133004797,1.868045597252211,70.4431017974924,-0.24859977527136862,1.0859525384446156,-24.78994678574457,0.6480855306881584,,,,,,,,,,,,,,,,,,,,,,,,,,,,,,,,,,,,,,,,,,PP,SG,#4,-,MeOH_1,1.3615428943938435,9.152078962064623,142.54637502408676,-0.5416658923661847,-6.138011008848294,-95.82689898881823,0.3277493098465262,277,,,,,,,,,,,,,,,,,,,,,,,,,,,,,,,,,,,,,,,,,,,,,,,,,,,,,,,,,,,,,,,,,,,,,,,,,,,,,,,,,,,,,,,,,,,,,,,,,,,,,,,,,,,,,,,,,,,,,,,,,,,,,,,,,,,,,,,,,,,,,,,,,,,,,,,,,,,,,,,,
331,PP,LT,#1,#10,GASOLINE_1,1.236936751434918,2.293462980289629,74.95033256857185,-0.35757383845709256,0.5919405012096748,-29.86165817083698,0.6015807115529924,,,,,,,,,,,,,,,,,,,,,,,,,,,,,,,,,,,,,,,,,,PP,SG,#5,-,FT_1,1.586201555536091,10.914697239132812,150.97061149011878,-0.6267998991007978,-7.170534527355541,-107.5289964918719,0.28774881792864826,278,,,,,,,,,,,,,,,,,,,,,,,,,,,,,,,,,,,,,,,,,,,,,,,,,,,,,,,,,,,,,,,,,,,,,,,,,,,,,,,,,,,,,,,,,,,,,,,,,,,,,,,,,,,,,,,,,,,,,,,,,,,,,,,,,,,,,,,,,,,,,,,,,,,,,,,,,,,,,,,,
332,PP,LT,#1,#11,GASOLINE_1,1.2501187911672407,2.3003255792957478,74.51147336857186,-0.36397220218146836,0.6140453049755686,-29.588728897075885,0.6028970095556304,,,,,,,,,,,,,,,,,,,,,,,,,,,,,,,,,,,,,,,,,,PP,SG,#9,-,MeOH_1,1.384025665465669,9.251383825552624,144.50676593710494,-0.5546785821642679,-6.16561939977165,-97.89389345987938,0.32256532886157946,279,,,,,,,,,,,,,,,,,,,,,,,,,,,,,,,,,,,,,,,,,,,,,,,,,,,,,,,,,,,,,,,,,,,,,,,,,,,,,,,,,,,,,,,,,,,,,,,,,,,,,,,,,,,,,,,,,,,,,,,,,,,,,,,,,,,,,,,,,,,,,,,,,,,,,,,,,,,,,,,,
333,PP,LT,#2,#1,DIESEL_1,1.2375869710543062,2.714339130370434,75.9676490968755,-0.42683680930123263,0.29849916512126534,-33.093802366142675,0.5643697974128332,,,,,,,,,,,,,,,,,,,,,,,,,,,,,,,,,,,,,,,,,,PP,SG,#10,-,FT_1,1.6086843266079167,11.014002102620811,152.93100240313697,-0.6831267387239411,-7.194664136254006,-110.21335158511513,0.27932629844022777,280,,,,,,,,,,,,,,,,,,,,,,,,,,,,,,,,,,,,,,,,,,,,,,,,,,,,,,,,,,,,,,,,,,,,,,,,,,,,,,,,,,,,,,,,,,,,,,,,,,,,,,,,,,,,,,,,,,,,,,,,,,,,,,,,,,,,,,,,,,,,,,,,,,,,,,,,,,,,,,,,
334,PP,LT,#2,#2,DIESEL_1,1.276996940561494,2.780960614373305,77.3176513368755,-0.48952752994841775,0.21278510388468147,-34.765715000072525,0.5503521589320247,,,,,,,,,,,,,,,,,,,,,,,,,,,,,,,,,,,,,,,,,,PP,OG,#4,-,MeOH_1,1.1157562440223743,5.759154490941914,96.80473423999999,-0.6839721919073463,-3.3072109013951327,-70.32358494576144,0.273552213144721,281,,,,,,,,,,,,,,,,,,,,,,,,,,,,,,,,,,,,,,,,,,,,,,,,,,,,,,,,,,,,,,,,,,,,,,,,,,,,,,,,,,,,,,,,,,,,,,,,,,,,,,,,,,,,,,,,,,,,,,,,,,,,,,,,,,,,,,,,,,,,,,,,,,,,,,,,,,,,,,,,
335,PP,LT,#2,#3,DIESEL_1,1.22374995792466,2.4812879064144107,75.18591337951487,-0.39539258692337526,0.5492619338597032,-32.05073371528561,0.5737135817782305,,,,,,,,,,,,,,,,,,,,,,,,,,,,,,,,,,,,,,,,,,PP,OG,#5,-,FT_1,1.5426115278657646,6.969296316699843,122.75122544000001,-0.6279387976343693,-3.4822564744513347,-84.10997005553465,0.31479323522805036,282,,,,,,,,,,,,,,,,,,,,,,,,,,,,,,,,,,,,,,,,,,,,,,,,,,,,,,,,,,,,,,,,,,,,,,,,,,,,,,,,,,,,,,,,,,,,,,,,,,,,,,,,,,,,,,,,,,,,,,,,,,,,,,,,,,,,,,,,,,,,,,,,,,,,,,,,,,,,,,,,
336,PP,LT,#2,#4,DIESEL_1,1.2861364169423957,2.9115877228675435,78.95124013687551,-0.513689508820836,0.039581403848531545,-36.41758546424089,0.5387332054429447,,,,,,,,,,,,,,,,,,,,,,,,,,,,,,,,,,,,,,,,,,PP,OG,#9,-,MeOH_1,1.0754334784265032,5.237517140817601,99.37936423252322,-0.6049000339618049,-2.7699032799533927,-74.2401895400311,0.25296171782375915,283,,,,,,,,,,,,,,,,,,,,,,,,,,,,,,,,,,,,,,,,,,,,,,,,,,,,,,,,,,,,,,,,,,,,,,,,,,,,,,,,,,,,,,,,,,,,,,,,,,,,,,,,,,,,,,,,,,,,,,,,,,,,,,,,,,,,,,,,,,,,,,,,,,,,,,,,,,,,,,,,
337,PP,LT,#2,#5,DIESEL_1,1.3310480104598739,3.024805088887331,79.95003117687551,-0.5211234589547954,-0.0027192244011473654,-36.60530058240928,0.5421477635021001,,,,,,,,,,,,,,,,,,,,,,,,,,,,,,,,,,,,,,,,,,PP,OG,#10,-,FT_1,1.2133915174109566,5.83040360087723,103.2814562325232,-0.5277131082774749,-2.722086915233648,-75.69644846365122,0.2670857748826502,284,,,,,,,,,,,,,,,,,,,,,,,,,,,,,,,,,,,,,,,,,,,,,,,,,,,,,,,,,,,,,,,,,,,,,,,,,,,,,,,,,,,,,,,,,,,,,,,,,,,,,,,,,,,,,,,,,,,,,,,,,,,,,,,,,,,,,,,,,,,,,,,,,,,,,,,,,,,,,,,,
338,PP,LT,#2,#6,DIESEL_1,1.1366919662573114,1.9625871932611763,68.58610153369186,-0.3742952735261923,1.0438072313354712,-26.069620715224243,0.6198993654360433,,,,,,,,,,,,,,,,,,,,,,,,,,,,,,,,,,,,,,,,,,PVC,HT,#1,#1,JET FUEL_1,0.8473026647948848,1.546691455750759,28.664933457788806,-0.5863493091019875,-0.2406860133156079,-13.793231337709969,0.5188116742701845,285,,,,,,,,,,,,,,,,,,,,,,,,,,,,,,,,,,,,,,,,,,,,,,,,,,,,,,,,,,,,,,,,,,,,,,,,,,,,,,,,,,,,,,,,,,,,,,,,,,,,,,,,,,,,,,,,,,,,,,,,,,,,,,,,,,,,,,,,,,,,,,,,,,,,,,,,,,,,,,,,
339,PP,LT,#2,#7,DIESEL_1,1.2298726264829491,2.6150739085758845,75.60814403609187,-0.4176158001000128,0.39670016118395596,-32.68855795240591,0.567658241461371,,,,,,,,,,,,,,,,,,,,,,,,,,,,,,,,,,,,,,,,,,PVC,HT,#1,#2,JET FUEL_1,1.0269669670280381,1.7859640161006245,39.1387456177888,-0.6390853946418703,-0.30145175277419867,-19.2187517566854,0.5089584131191379,286,,,,,,,,,,,,,,,,,,,,,,,,,,,,,,,,,,,,,,,,,,,,,,,,,,,,,,,,,,,,,,,,,,,,,,,,,,,,,,,,,,,,,,,,,,,,,,,,,,,,,,,,,,,,,,,,,,,,,,,,,,,,,,,,,,,,,,,,,,,,,,,,,,,,,,,,,,,,,,,,
340,PP,LT,#2,#8,DIESEL_1,1.2809968386570532,2.7188727436860396,77.02944866212387,-0.4903600431925447,0.27372891850317566,-34.606112618411174,0.5507417848697737,,,,,,,,,,,,,,,,,,,,,,,,,,,,,,,,,,,,,,,,,,PVC,HT,#1,#4,JET FUEL_1,0.9374267883874803,1.9874999824862292,33.91168385778881,-0.6823847660429094,-0.76355254076108,-19.178522551530534,0.43445678982037256,287,,,,,,,,,,,,,,,,,,,,,,,,,,,,,,,,,,,,,,,,,,,,,,,,,,,,,,,,,,,,,,,,,,,,,,,,,,,,,,,,,,,,,,,,,,,,,,,,,,,,,,,,,,,,,,,,,,,,,,,,,,,,,,,,,,,,,,,,,,,,,,,,,,,,,,,,,,,,,,,,
341,PP,LT,#2,#9,DIESEL_1,1.2165270740376537,2.455155007841779,74.77018174501241,-0.3901703517766268,0.5722447653994444,-31.645990785947824,0.5767565351938069,,,,,,,,,,,,,,,,,,,,,,,,,,,,,,,,,,,,,,,,,,PVC,HT,#1,#5,JET FUEL_1,1.1023266522511903,2.2008232867904938,43.3833526577888,-0.7104782541484639,-0.7254824623290744,-23.845681419642663,0.45034950139194607,288,,,,,,,,,,,,,,,,,,,,,,,,,,,,,,,,,,,,,,,,,,,,,,,,,,,,,,,,,,,,,,,,,,,,,,,,,,,,,,,,,,,,,,,,,,,,,,,,,,,,,,,,,,,,,,,,,,,,,,,,,,,,,,,,,,,,,,,,,,,,,,,,,,,,,,,,,,,,,,,,
342,PP,LT,#2,#10,DIESEL_1,1.2789756121720939,2.880572390879197,79.27741251609186,-0.49914441496235257,0.07823272816450358,-36.717702171040244,0.53684535095558,,,,,,,,,,,,,,,,,,,,,,,,,,,,,,,,,,,,,,,,,,PVC,HT,#1,#11,JET FUEL_1,0.9351421907002683,1.4260313748799451,32.90295616478356,-0.6531830135622813,-0.11055780042120993,-18.123560378021843,0.4491813961257467,289,,,,,,,,,,,,,,,,,,,,,,,,,,,,,,,,,,,,,,,,,,,,,,,,,,,,,,,,,,,,,,,,,,,,,,,,,,,,,,,,,,,,,,,,,,,,,,,,,,,,,,,,,,,,,,,,,,,,,,,,,,,,,,,,,,,,,,,,,,,,,,,,,,,,,,,,,,,,,,,,
343,PP,LT,#2,#11,DIESEL_1,1.2921576519044147,2.8874349898853153,78.83855331609188,-0.5055427786867267,0.10033753193039804,-36.444772897279144,0.5377290505172126,,,,,,,,,,,,,,,,,,,,,,,,,,,,,,,,,,,,,,,,,,PVC,HT,#2,#1,DIESEL_1,0.9143621673191806,1.815391087755892,31.567856013859046,-0.6652037211460233,-0.4074239883330971,-16.385438485795376,0.4809454757205629,290,,,,,,,,,,,,,,,,,,,,,,,,,,,,,,,,,,,,,,,,,,,,,,,,,,,,,,,,,,,,,,,,,,,,,,,,,,,,,,,,,,,,,,,,,,,,,,,,,,,,,,,,,,,,,,,,,,,,,,,,,,,,,,,,,,,,,,,,,,,,,,,,,,,,,,,,,,,,,,,,
344,PP,LT,#3,#1,DIESEL_1,1.3461698405139697,3.587170785596956,84.57975125983184,-0.3511555045974073,-0.6049962989317319,-40.244463096003855,0.5241832413012009,,,,,,,,,,,,,,,,,,,,,,,,,,,,,,,,,,,,,,,,,,PVC,HT,#2,#2,FT_1,1.0940264695523325,2.0546636481057576,42.041668173859044,-0.7179398066859047,-0.4681897277916878,-21.810958904770818,0.4812061497042931,291,,,,,,,,,,,,,,,,,,,,,,,,,,,,,,,,,,,,,,,,,,,,,,,,,,,,,,,,,,,,,,,,,,,,,,,,,,,,,,,,,,,,,,,,,,,,,,,,,,,,,,,,,,,,,,,,,,,,,,,,,,,,,,,,,,,,,,,,,,,,,,,,,,,,,,,,,,,,,,,,
345,PP,LT,#3,#2,DIESEL_1,1.3855798100211576,3.653792269599827,85.92975349983183,-0.4138462252445922,-0.6907103601683161,-41.91637572993371,0.5122018390287161,,,,,,,,,,,,,,,,,,,,,,,,,,,,,,,,,,,,,,,,,,PVC,HT,#2,#4,DIESEL_1,1.0044862909117762,2.2561996144913627,36.814606413859046,-0.7612391780869455,-0.9302905157785699,-21.770729699615938,0.40863880344459586,292,,,,,,,,,,,,,,,,,,,,,,,,,,,,,,,,,,,,,,,,,,,,,,,,,,,,,,,,,,,,,,,,,,,,,,,,,,,,,,,,,,,,,,,,,,,,,,,,,,,,,,,,,,,,,,,,,,,,,,,,,,,,,,,,,,,,,,,,,,,,,,,,,,,,,,,,,,,,,,,,
346,PP,LT,#3,#3,DIESEL_1,1.332332827384325,3.354119561640933,83.7980155424712,-0.319711282219551,-0.35423353019329457,-39.201394445146796,0.5321918521414338,,,,,,,,,,,,,,,,,,,,,,,,,,,,,,,,,,,,,,,,,,PVC,HT,#2,#5,FT_1,1.1693861547754842,2.4695229187956262,46.28627521385905,-0.7893326661924979,-0.8922204373465633,-26.437888567728077,0.42881797151368034,293,,,,,,,,,,,,,,,,,,,,,,,,,,,,,,,,,,,,,,,,,,,,,,,,,,,,,,,,,,,,,,,,,,,,,,,,,,,,,,,,,,,,,,,,,,,,,,,,,,,,,,,,,,,,,,,,,,,,,,,,,,,,,,,,,,,,,,,,,,,,,,,,,,,,,,,,,,,,,,,,
347,PP,LT,#3,#4,DIESEL_1,1.3947192864020608,3.7844193780940665,87.56334229983185,-0.4380082041170121,-0.8639140602044663,-43.56824619410209,0.5024373779050488,,,,,,,,,,,,,,,,,,,,,,,,,,,,,,,,,,,,,,,,,,PVC,HT,#2,#10,DIESEL_1,0.9508298202111436,1.4805226935853213,34.174511310821806,-0.6815241626336518,-0.08012927827187598,-19.014723620425876,0.443599253037318,294,,,,,,,,,,,,,,,,,,,,,,,,,,,,,,,,,,,,,,,,,,,,,,,,,,,,,,,,,,,,,,,,,,,,,,,,,,,,,,,,,,,,,,,,,,,,,,,,,,,,,,,,,,,,,,,,,,,,,,,,,,,,,,,,,,,,,,,,,,,,,,,,,,,,,,,,,,,,,,,,
348,PP,LT,#3,#5,DIESEL_1,1.4396308799195392,3.897636744113853,88.56213333983183,-0.4454421542509714,-0.9062146884541449,-43.75596131227045,0.5059292311266997,,,,,,,,,,,,,,,,,,,,,,,,,,,,,,,,,,,,,,,,,,PVC,HT,#2,#11,DIESEL_1,1.002201693224564,1.6947310068850783,35.80587872085381,-0.7320374256063169,-0.2772957754386991,-20.715767526107253,0.421442280816247,295,,,,,,,,,,,,,,,,,,,,,,,,,,,,,,,,,,,,,,,,,,,,,,,,,,,,,,,,,,,,,,,,,,,,,,,,,,,,,,,,,,,,,,,,,,,,,,,,,,,,,,,,,,,,,,,,,,,,,,,,,,,,,,,,,,,,,,,,,,,,,,,,,,,,,,,,,,,,,,,,
349,PP,LT,#3,#6,DIESEL_1,1.2452748357169763,2.835418848487699,77.1982036966482,-0.29861396882236846,0.14031176728247285,-33.220281445085426,0.5696754606412198,,,,,,,,,,,,,,,,,,,,,,,,,,,,,,,,,,,,,,,,,,PVC,HT,#3,#1,MeOH_1,0.9748321003580581,2.2427216577306757,35.475655669021315,-0.7166524744957132,-0.8486351190769058,-20.062465251647247,0.43447231986845136,296,,,,,,,,,,,,,,,,,,,,,,,,,,,,,,,,,,,,,,,,,,,,,,,,,,,,,,,,,,,,,,,,,,,,,,,,,,,,,,,,,,,,,,,,,,,,,,,,,,,,,,,,,,,,,,,,,,,,,,,,,,,,,,,,,,,,,,,,,,,,,,,,,,,,,,,,,,,,,,,,
350,PP,LT,#3,#7,DIESEL_1,1.338455495942614,3.4879055638024066,84.22024619904819,-0.3419344953961886,-0.5067953028690418,-39.83921868226709,0.5269638776867251,,,,,,,,,,,,,,,,,,,,,,,,,,,,,,,,,,,,,,,,,,PVC,HT,#3,#2,MeOH_1,1.1544964025912101,2.481994218080541,45.94946782902131,-0.7693885600355947,-0.9094008585354966,-25.48798567062268,0.44530400731812875,297,,,,,,,,,,,,,,,,,,,,,,,,,,,,,,,,,,,,,,,,,,,,,,,,,,,,,,,,,,,,,,,,,,,,,,,,,,,,,,,,,,,,,,,,,,,,,,,,,,,,,,,,,,,,,,,,,,,,,,,,,,,,,,,,,,,,,,,,,,,,,,,,,,,,,,,,,,,,,,,,
351,PP,LT,#3,#8,DIESEL_1,1.3895797081167178,3.5917043989125608,85.64155082508019,-0.41467873848872044,-0.6297665455498209,-41.75677334827234,0.5124239000113501,,,,,,,,,,,,,,,,,,,,,,,,,,,,,,,,,,,,,,,,,,PVC,HT,#3,#3,MeOH_1,0.9675469919291183,1.6208779249163094,33.169244708264706,-0.6949400647446698,-0.20252969195834844,-17.205868642732295,0.4812704119715712,298,,,,,,,,,,,,,,,,,,,,,,,,,,,,,,,,,,,,,,,,,,,,,,,,,,,,,,,,,,,,,,,,,,,,,,,,,,,,,,,,,,,,,,,,,,,,,,,,,,,,,,,,,,,,,,,,,,,,,,,,,,,,,,,,,,,,,,,,,,,,,,,,,,,,,,,,,,,,,,,,
352,PP,LT,#3,#9,DIESEL_1,1.3251099434973188,3.3279866630683013,83.38228390796876,-0.31448904707280295,-0.33125069865355283,-38.796651515809,0.5347134943121742,,,,,,,,,,,,,,,,,,,,,,,,,,,,,,,,,,,,,,,,,,PVC,HT,#3,#4,MeOH_1,1.064956223950654,2.683530184466147,40.72240606902132,-0.8126879314366358,-1.3715016465223788,-25.447756465467812,0.3750920212735996,299,,,,,,,,,,,,,,,,,,,,,,,,,,,,,,,,,,,,,,,,,,,,,,,,,,,,,,,,,,,,,,,,,,,,,,,,,,,,,,,,,,,,,,,,,,,,,,,,,,,,,,,,,,,,,,,,,,,,,,,,,,,,,,,,,,,,,,,,,,,,,,,,,,,,,,,,,,,,,,,,
353,PP,LT,#3,#10,DIESEL_1,1.3875584816317577,3.75340404610572,87.88951467904822,-0.423463110258527,-0.8252627358884945,-43.86836290090143,0.5008692099268228,,,,,,,,,,,,,,,,,,,,,,,,,,,,,,,,,,,,,,,,,,PVC,HT,#3,#5,FT_1,1.2298560878143636,2.8968534887704096,50.194074869021314,-0.8407814195421895,-1.3334315680903719,-30.11491533357993,0.40003047347394777,300,,,,,,,,,,,,,,,,,,,,,,,,,,,,,,,,,,,,,,,,,,,,,,,,,,,,,,,,,,,,,,,,,,,,,,,,,,,,,,,,,,,,,,,,,,,,,,,,,,,,,,,,,,,,,,,,,,,,,,,,,,,,,,,,,,,,,,,,,,,,,,,,,,,,,,,,,,,,,,,,
354,PP,LT,#3,#11,DIESEL_1,1.4007405213640793,3.7602666451118387,87.4506554790482,-0.4298614739829024,-0.803157932122601,-43.59543362714032,0.5014853417812849,,,,,,,,,,,,,,,,,,,,,,,,,,,,,,,,,,,,,,,,,,PVC,HT,#3,#7,MeOH_1,0.941648055254401,1.6662673789947906,35.081237749984076,-0.6663829366691454,-0.2602101844055444,-19.56758398654223,0.4422208211125301,301,,,,,,,,,,,,,,,,,,,,,,,,,,,,,,,,,,,,,,,,,,,,,,,,,,,,,,,,,,,,,,,,,,,,,,,,,,,,,,,,,,,,,,,,,,,,,,,,,,,,,,,,,,,,,,,,,,,,,,,,,,,,,,,,,,,,,,,,,,,,,,,,,,,,,,,,,,,,,,,,
355,PP,LT,#4,#1,DIESEL_1,1.4044640527209742,3.837073162547333,86.97366165983183,-0.4235543024805233,-0.7925827003252205,-43.857770049564635,0.49573503963648763,,,,,,,,,,,,,,,,,,,,,,,,,,,,,,,,,,,,,,,,,,PVC,HT,#3,#8,MeOH_1,0.9998097688790757,1.8200868611153822,36.656199016016075,-0.7207450782801943,-0.41573332163865745,-21.217709347874926,0.42116995440240984,302,,,,,,,,,,,,,,,,,,,,,,,,,,,,,,,,,,,,,,,,,,,,,,,,,,,,,,,,,,,,,,,,,,,,,,,,,,,,,,,,,,,,,,,,,,,,,,,,,,,,,,,,,,,,,,,,,,,,,,,,,,,,,,,,,,,,,,,,,,,,,,,,,,,,,,,,,,,,,,,,
356,PP,LT,#4,#2,DIESEL_1,1.443874022228162,3.9036946465502043,88.32366389983184,-0.4862450231277083,-0.8782967615618047,-45.5296826834945,0.48451320208896836,,,,,,,,,,,,,,,,,,,,,,,,,,,,,,,,,,,,,,,,,,PVC,HT,#3,#9,MeOH_1,0.9535555943144857,1.6711486510665314,36.257031420070405,-0.6785907974111776,-0.24893241514938652,-20.55335416602621,0.43312087721972964,303,,,,,,,,,,,,,,,,,,,,,,,,,,,,,,,,,,,,,,,,,,,,,,,,,,,,,,,,,,,,,,,,,,,,,,,,,,,,,,,,,,,,,,,,,,,,,,,,,,,,,,,,,,,,,,,,,,,,,,,,,,,,,,,,,,,,,,,,,,,,,,,,,,,,,,,,,,,,,,,,
357,PP,LT,#4,#3,DIESEL_1,1.3906270395913276,3.604021938591311,86.19192594247122,-0.3921100801026655,-0.5418199315867832,-42.81470139870759,0.5032632009257543,,,,,,,,,,,,,,,,,,,,,,,,,,,,,,,,,,,,,,,,,,PVC,HT,#3,#10,MeOH_1,1.0112997532500225,1.9078532635601053,38.08231096598408,-0.7329729159833432,-0.5213404090156853,-22.691750386277754,0.40413935471125945,304,,,,,,,,,,,,,,,,,,,,,,,,,,,,,,,,,,,,,,,,,,,,,,,,,,,,,,,,,,,,,,,,,,,,,,,,,,,,,,,,,,,,,,,,,,,,,,,,,,,,,,,,,,,,,,,,,,,,,,,,,,,,,,,,,,,,,,,,,,,,,,,,,,,,,,,,,,,,,,,,
358,PP,LT,#4,#4,DIESEL_1,1.4530134986090637,4.034321755044443,89.95725269983183,-0.5104070020001267,-1.0515004615979548,-47.18155314766286,0.47551140423221194,,,,,,,,,,,,,,,,,,,,,,,,,,,,,,,,,,,,,,,,,,PVC,HT,#3,#11,MeOH_1,1.0626716262634415,2.122061576859862,39.713678376016084,-0.7834861789560068,-0.7185069061825085,-24.392794291959124,0.38578355646123064,305,,,,,,,,,,,,,,,,,,,,,,,,,,,,,,,,,,,,,,,,,,,,,,,,,,,,,,,,,,,,,,,,,,,,,,,,,,,,,,,,,,,,,,,,,,,,,,,,,,,,,,,,,,,,,,,,,,,,,,,,,,,,,,,,,,,,,,,,,,,,,,,,,,,,,,,,,,,,,,,,
359,PP,LT,#4,#5,DIESEL_1,1.4979250921265417,4.147539121064232,90.95604373983184,-0.5178409521340859,-1.0938010898476347,-47.369268265831245,0.47920702882235083,,,,,,,,,,,,,,,,,,,,,,,,,,,,,,,,,,,,,,,,,,PVC,HT,#4,#1,DIESEL_1,1.0106465457451175,2.3454346797832057,36.60551101505332,-0.7303709839234616,-0.8644339280394632,-20.669071717974123,0.43535628530156667,306,,,,,,,,,,,,,,,,,,,,,,,,,,,,,,,,,,,,,,,,,,,,,,,,,,,,,,,,,,,,,,,,,,,,,,,,,,,,,,,,,,,,,,,,,,,,,,,,,,,,,,,,,,,,,,,,,,,,,,,,,,,,,,,,,,,,,,,,,,,,,,,,,,,,,,,,,,,,,,,,
360,PP,LT,#4,#6,DIESEL_1,1.3035690479239792,3.0853212254380775,79.5921140966482,-0.3710127667054829,-0.04727463411101669,-36.8335883986462,0.5372206302508888,,,,,,,,,,,,,,,,,,,,,,,,,,,,,,,,,,,,,,,,,,PVC,HT,#4,#2,FT_1,1.1903108479782694,2.584707240133071,47.07932317505332,-0.7831070694633431,-0.9251996674980539,-26.09459213694957,0.44573136618971765,307,,,,,,,,,,,,,,,,,,,,,,,,,,,,,,,,,,,,,,,,,,,,,,,,,,,,,,,,,,,,,,,,,,,,,,,,,,,,,,,,,,,,,,,,,,,,,,,,,,,,,,,,,,,,,,,,,,,,,,,,,,,,,,,,,,,,,,,,,,,,,,,,,,,,,,,,,,,,,,,,
361,PP,LT,#4,#7,DIESEL_1,1.3967497081496167,3.737807940752785,86.6141565990482,-0.41433329327930307,-0.6943817042625317,-43.45252563582787,0.49832074406754234,,,,,,,,,,,,,,,,,,,,,,,,,,,,,,,,,,,,,,,,,,PVC,HT,#4,#3,DIESEL_1,1.0033614373161774,1.7235909469688397,34.29910005429671,-0.708658574172418,-0.21832850092090578,-17.812475109059168,0.48067223102468054,308,,,,,,,,,,,,,,,,,,,,,,,,,,,,,,,,,,,,,,,,,,,,,,,,,,,,,,,,,,,,,,,,,,,,,,,,,,,,,,,,,,,,,,,,,,,,,,,,,,,,,,,,,,,,,,,,,,,,,,,,,,,,,,,,,,,,,,,,,,,,,,,,,,,,,,,,,,,,,,,,
362,PP,LT,#4,#8,DIESEL_1,1.4478739203237205,3.8416067758629393,88.03546122508018,-0.4870775363718346,-0.8173529469433108,-45.370080301833134,0.4846385800622378,,,,,,,,,,,,,,,,,,,,,,,,,,,,,,,,,,,,,,,,,,PVC,HT,#4,#4,DIESEL_1,1.100770669337713,2.786243206518677,41.85226141505331,-0.8264064408643839,-1.3873004554849362,-26.054362931794692,0.37746821674913067,309,,,,,,,,,,,,,,,,,,,,,,,,,,,,,,,,,,,,,,,,,,,,,,,,,,,,,,,,,,,,,,,,,,,,,,,,,,,,,,,,,,,,,,,,,,,,,,,,,,,,,,,,,,,,,,,,,,,,,,,,,,,,,,,,,,,,,,,,,,,,,,,,,,,,,,,,,,,,,,,,
363,PP,LT,#4,#9,DIESEL_1,1.3834041557043228,3.5778890400186794,85.77619430796875,-0.38688784495591866,-0.5188371000470424,-42.40995846936979,0.5055742585512465,,,,,,,,,,,,,,,,,,,,,,,,,,,,,,,,,,,,,,,,,,PVC,HT,#4,#5,FT_1,1.2656705332014226,2.999566510822941,51.32393021505332,-0.8544999289699375,-1.34923037705293,-30.72152179990681,0.40141914948485014,310,,,,,,,,,,,,,,,,,,,,,,,,,,,,,,,,,,,,,,,,,,,,,,,,,,,,,,,,,,,,,,,,,,,,,,,,,,,,,,,,,,,,,,,,,,,,,,,,,,,,,,,,,,,,,,,,,,,,,,,,,,,,,,,,,,,,,,,,,,,,,,,,,,,,,,,,,,,,,,,,
364,PP,LT,#4,#10,DIESEL_1,1.4458526938387617,4.003306423056097,90.2834250790482,-0.49586190814164294,-1.0128491372819826,-47.481669854462204,0.47408209410653906,,,,,,,,,,,,,,,,,,,,,,,,,,,,,,,,,,,,,,,,,,PVC,HT,#4,#7,DIESEL_1,0.9774625006414605,1.7689804010473207,36.21109309601608,-0.6801014460968937,-0.2760089933681014,-20.174190452869112,0.4428726468053331,311,,,,,,,,,,,,,,,,,,,,,,,,,,,,,,,,,,,,,,,,,,,,,,,,,,,,,,,,,,,,,,,,,,,,,,,,,,,,,,,,,,,,,,,,,,,,,,,,,,,,,,,,,,,,,,,,,,,,,,,,,,,,,,,,,,,,,,,,,,,,,,,,,,,,,,,,,,,,,,,,
365,PP,LT,#4,#11,DIESEL_1,1.459034733571082,4.0101690220622155,89.84456587904818,-0.5022602718660165,-0.990744333516089,-47.2087405807011,0.47455096344663616,,,,,,,,,,,,,,,,,,,,,,,,,,,,,,,,,,,,,,,,,,PVC,HT,#4,#8,DIESEL_1,1.0356242142661347,1.9227998831679127,37.78605436204807,-0.7344635877079423,-0.43153213060121476,-21.8243158142018,0.42242406139864347,312,,,,,,,,,,,,,,,,,,,,,,,,,,,,,,,,,,,,,,,,,,,,,,,,,,,,,,,,,,,,,,,,,,,,,,,,,,,,,,,,,,,,,,,,,,,,,,,,,,,,,,,,,,,,,,,,,,,,,,,,,,,,,,,,,,,,,,,,,,,,,,,,,,,,,,,,,,,,,,,,
366,PP,LT,#5,#1,DIESEL_1,1.3562845687729002,3.426773356694478,83.73211035594916,-0.21564616184126179,-0.22755710340696395,-37.80093109495407,0.5485491654962412,,,,,,,,,,,,,,,,,,,,,,,,,,,,,,,,,,,,,,,,,,PVC,HT,#4,#9,DIESEL_1,0.9893700397015451,1.7738616731190615,37.38688676610241,-0.6923093068389259,-0.26473122411194355,-21.159960632353084,0.43402720946697804,313,,,,,,,,,,,,,,,,,,,,,,,,,,,,,,,,,,,,,,,,,,,,,,,,,,,,,,,,,,,,,,,,,,,,,,,,,,,,,,,,,,,,,,,,,,,,,,,,,,,,,,,,,,,,,,,,,,,,,,,,,,,,,,,,,,,,,,,,,,,,,,,,,,,,,,,,,,,,,,,,
367,PP,LT,#5,#2,DIESEL_1,1.3956945382800887,3.493394840697348,85.08211259594916,-0.27833688248844707,-0.31327116464354726,-39.47284372888392,0.536061781677442,,,,,,,,,,,,,,,,,,,,,,,,,,,,,,,,,,,,,,,,,,PVC,HT,#4,#10,DIESEL_1,1.0471141986370816,2.010566285612635,39.21216631201607,-0.7466914254110915,-0.537139217978242,-23.298356852604627,0.40583856889678804,314,,,,,,,,,,,,,,,,,,,,,,,,,,,,,,,,,,,,,,,,,,,,,,,,,,,,,,,,,,,,,,,,,,,,,,,,,,,,,,,,,,,,,,,,,,,,,,,,,,,,,,,,,,,,,,,,,,,,,,,,,,,,,,,,,,,,,,,,,,,,,,,,,,,,,,,,,,,,,,,,
368,PP,LT,#5,#3,DIESEL_1,1.342447555643254,3.1937221327384537,82.95037463858853,-0.18420193946340446,0.02320566533147484,-36.75786244409702,0.5568692413476183,,,,,,,,,,,,,,,,,,,,,,,,,,,,,,,,,,,,,,,,,,PVC,HT,#4,#11,DIESEL_1,1.0984860716505005,2.224774598912392,40.84353372204808,-0.7972046883837549,-0.7343057151450655,-24.999400758286,0.3879226775916582,315,,,,,,,,,,,,,,,,,,,,,,,,,,,,,,,,,,,,,,,,,,,,,,,,,,,,,,,,,,,,,,,,,,,,,,,,,,,,,,,,,,,,,,,,,,,,,,,,,,,,,,,,,,,,,,,,,,,,,,,,,,,,,,,,,,,,,,,,,,,,,,,,,,,,,,,,,,,,,,,,
369,PP,LT,#5,#4,DIESEL_1,1.40483401466099,3.6240219491915884,86.71570139594915,-0.30249886136086546,-0.48647486467969836,-41.1247141930523,0.5257523893478719,,,,,,,,,,,,,,,,,,,,,,,,,,,,,,,,,,,,,,,,,,PVC,HT,#5,#1,DIESEL_1,0.9731261077863609,2.1087927960191544,34.999567778085606,-0.722614986447419,-0.6210965319256947,-18.6536175276655,0.4670329174937654,316,,,,,,,,,,,,,,,,,,,,,,,,,,,,,,,,,,,,,,,,,,,,,,,,,,,,,,,,,,,,,,,,,,,,,,,,,,,,,,,,,,,,,,,,,,,,,,,,,,,,,,,,,,,,,,,,,,,,,,,,,,,,,,,,,,,,,,,,,,,,,,,,,,,,,,,,,,,,,,,,
370,PP,LT,#5,#5,DIESEL_1,1.4497456081784696,3.7372393152113736,87.71449243594917,-0.30993281149482627,-0.5287754929293754,-41.312429311220676,0.5290125022226194,,,,,,,,,,,,,,,,,,,,,,,,,,,,,,,,,,,,,,,,,,PVC,HT,#5,#2,FT_1,1.152790410019513,2.3480653563690193,45.47337993808561,-0.7753510719873004,-0.6818622713842851,-24.07913794664094,0.470478377032322,317,,,,,,,,,,,,,,,,,,,,,,,,,,,,,,,,,,,,,,,,,,,,,,,,,,,,,,,,,,,,,,,,,,,,,,,,,,,,,,,,,,,,,,,,,,,,,,,,,,,,,,,,,,,,,,,,,,,,,,,,,,,,,,,,,,,,,,,,,,,,,,,,,,,,,,,,,,,,,,,,
371,PP,LT,#5,#6,DIESEL_1,1.2553895639759054,2.67502141958522,76.3505627927655,-0.16310462606622153,0.517750962807242,-30.776749444035605,0.5969021272630118,,,,,,,,,,,,,,,,,,,,,,,,,,,,,,,,,,,,,,,,,,PVC,HT,#5,#4,DIESEL_1,1.0632502313789567,2.549601322754625,40.2463181780856,-0.8186504433883414,-1.1439630593711674,-24.038908741486072,0.40270539443840553,318,,,,,,,,,,,,,,,,,,,,,,,,,,,,,,,,,,,,,,,,,,,,,,,,,,,,,,,,,,,,,,,,,,,,,,,,,,,,,,,,,,,,,,,,,,,,,,,,,,,,,,,,,,,,,,,,,,,,,,,,,,,,,,,,,,,,,,,,,,,,,,,,,,,,,,,,,,,,,,,,
372,PP,LT,#5,#7,DIESEL_1,1.3485702242015443,3.3275081348999276,83.3726052951655,-0.20642515264004302,-0.12935610734427244,-37.39568668121728,0.5514631388952681,,,,,,,,,,,,,,,,,,,,,,,,,,,,,,,,,,,,,,,,,,PVC,HT,#5,#5,FT_1,1.2281500952426665,2.7629246270588887,49.71798697808561,-0.8467439314938955,-1.105892980939161,-28.706067609598197,0.42262208600177065,319,,,,,,,,,,,,,,,,,,,,,,,,,,,,,,,,,,,,,,,,,,,,,,,,,,,,,,,,,,,,,,,,,,,,,,,,,,,,,,,,,,,,,,,,,,,,,,,,,,,,,,,,,,,,,,,,,,,,,,,,,,,,,,,,,,,,,,,,,,,,,,,,,,,,,,,,,,,,,,,,
373,PP,LT,#5,#8,DIESEL_1,1.3996944363756472,3.4313069700100822,84.7939099211975,-0.27916939573257377,-0.2523273500250524,-39.31324134722255,0.5363671591066154,,,,,,,,,,,,,,,,,,,,,,,,,,,,,,,,,,,,,,,,,,PVC,HT,#5,#7,DIESEL_1,0.9399420626827041,1.532338517283269,34.60514985904836,-0.6723454486208512,-0.0326715972543332,-18.158736262560485,0.4752591352291908,320,,,,,,,,,,,,,,,,,,,,,,,,,,,,,,,,,,,,,,,,,,,,,,,,,,,,,,,,,,,,,,,,,,,,,,,,,,,,,,,,,,,,,,,,,,,,,,,,,,,,,,,,,,,,,,,,,,,,,,,,,,,,,,,,,,,,,,,,,,,,,,,,,,,,,,,,,,,,,,,,
374,PP,LT,#5,#9,DIESEL_1,1.3352246717562493,3.1675892341658223,82.53464300408606,-0.17897970431665766,0.046188496871216,-36.35311951475922,0.5595410824887257,,,,,,,,,,,,,,,,,,,,,,,,,,,,,,,,,,,,,,,,,,PVC,HT,#5,#8,DIESEL_1,0.9981037763073782,1.6861579994038605,36.18011112508036,-0.7267075902318999,-0.18819473448744595,-19.808861623893176,0.45249306848697035,321,,,,,,,,,,,,,,,,,,,,,,,,,,,,,,,,,,,,,,,,,,,,,,,,,,,,,,,,,,,,,,,,,,,,,,,,,,,,,,,,,,,,,,,,,,,,,,,,,,,,,,,,,,,,,,,,,,,,,,,,,,,,,,,,,,,,,,,,,,,,,,,,,,,,,,,,,,,,,,,,
375,PP,LT,#5,#10,DIESEL_1,1.397673209890688,3.5930066172032404,87.04187377516548,-0.28795376750238144,-0.4478235403637251,-41.42483089985161,0.5240815816206521,,,,,,,,,,,,,,,,,,,,,,,,,,,,,,,,,,,,,,,,,,PVC,HT,#5,#9,DIESEL_1,0.9518496017427884,1.5372197893550097,35.780943529134696,-0.6845533093628833,-0.021393827998174877,-19.144506442044467,0.464952442451496,322,,,,,,,,,,,,,,,,,,,,,,,,,,,,,,,,,,,,,,,,,,,,,,,,,,,,,,,,,,,,,,,,,,,,,,,,,,,,,,,,,,,,,,,,,,,,,,,,,,,,,,,,,,,,,,,,,,,,,,,,,,,,,,,,,,,,,,,,,,,,,,,,,,,,,,,,,,,,,,,,
376,PP,LT,#5,#11,DIESEL_1,1.4108552496230087,3.5998692162093584,86.60301457516552,-0.2943521312267558,-0.42571873659783066,-41.15190162609053,0.5248213722355648,,,,,,,,,,,,,,,,,,,,,,,,,,,,,,,,,,,,,,,,,,PVC,HT,#5,#10,DIESEL_1,1.0095937606783254,1.7739244018485836,37.60622307504836,-0.738935427935049,-0.2938018218644737,-21.282902662296003,0.43405902209793684,323,,,,,,,,,,,,,,,,,,,,,,,,,,,,,,,,,,,,,,,,,,,,,,,,,,,,,,,,,,,,,,,,,,,,,,,,,,,,,,,,,,,,,,,,,,,,,,,,,,,,,,,,,,,,,,,,,,,,,,,,,,,,,,,,,,,,,,,,,,,,,,,,,,,,,,,,,,,,,,,,
377,PP,LT,#6,#1,MeOH_1,1.4846512139199903,4.652332204956178,97.9348507798318,-0.5547215951113438,-1.7753833700720778,-54.451484156778825,0.4440029905269201,,,,,,,,,,,,,,,,,,,,,,,,,,,,,,,,,,,,,,,,,,PVC,HT,#5,#11,DIESEL_1,1.0609656336917441,1.9881327151483406,39.23759048508036,-0.7894486909077124,-0.49096831903129695,-22.98394656797737,0.4142365450111736,324,,,,,,,,,,,,,,,,,,,,,,,,,,,,,,,,,,,,,,,,,,,,,,,,,,,,,,,,,,,,,,,,,,,,,,,,,,,,,,,,,,,,,,,,,,,,,,,,,,,,,,,,,,,,,,,,,,,,,,,,,,,,,,,,,,,,,,,,,,,,,,,,,,,,,,,,,,,,,,,,
378,PP,LT,#6,#2,DIESEL_1,1.524061183427179,4.718953688959049,99.28485301983183,-0.6174123157585293,-1.8610974313086626,-56.12339679070868,0.4347234740882558,,,,,,,,,,,,,,,,,,,,,,,,,,,,,,,,,,,,,,,,,,PVC,HT,#6,#1,MeOH_1,1.047109671067181,2.709070601511461,41.573824949021315,-0.7792959005984439,-1.375959150423991,-26.425884358546234,0.364362447021649,325,,,,,,,,,,,,,,,,,,,,,,,,,,,,,,,,,,,,,,,,,,,,,,,,,,,,,,,,,,,,,,,,,,,,,,,,,,,,,,,,,,,,,,,,,,,,,,,,,,,,,,,,,,,,,,,,,,,,,,,,,,,,,,,,,,,,,,,,,,,,,,,,,,,,,,,,,,,,,,,,
379,PP,LT,#6,#3,DIESEL_1,1.4708142007903457,4.4192809810001545,97.1531150624712,-0.5232773727334875,-1.5246206013336399,-53.40841550592177,0.45026553732652635,,,,,,,,,,,,,,,,,,,,,,,,,,,,,,,,,,,,,,,,,,PVC,HT,#6,#2,MeOH_1,1.2267739733003342,2.9483431618613274,52.04763710902132,-0.8320319861383266,-1.4367248898825824,-31.851404777521676,0.3880336063901558,326,,,,,,,,,,,,,,,,,,,,,,,,,,,,,,,,,,,,,,,,,,,,,,,,,,,,,,,,,,,,,,,,,,,,,,,,,,,,,,,,,,,,,,,,,,,,,,,,,,,,,,,,,,,,,,,,,,,,,,,,,,,,,,,,,,,,,,,,,,,,,,,,,,,,,,,,,,,,,,,,
380,PP,LT,#6,#4,MeOH_1,1.5332006598080814,4.849580797453288,100.91844181983184,-0.6415742946309486,-2.034301131344812,-57.775267254877065,0.4275053576627514,,,,,,,,,,,,,,,,,,,,,,,,,,,,,,,,,,,,,,,,,,PVC,HT,#6,#3,MeOH_1,1.0398245626382425,2.087226868697095,39.2674139882647,-0.7575834908474021,-0.7298537233054334,-23.569287749631275,0.39977489333330957,327,,,,,,,,,,,,,,,,,,,,,,,,,,,,,,,,,,,,,,,,,,,,,,,,,,,,,,,,,,,,,,,,,,,,,,,,,,,,,,,,,,,,,,,,,,,,,,,,,,,,,,,,,,,,,,,,,,,,,,,,,,,,,,,,,,,,,,,,,,,,,,,,,,,,,,,,,,,,,,,,
381,PP,LT,#6,#5,DIESEL_1,1.5781122533255598,4.962798163473075,101.91723285983181,-0.6490082447649079,-2.0766017595944914,-57.962982373045406,0.43127397843735904,,,,,,,,,,,,,,,,,,,,,,,,,,,,,,,,,,,,,,,,,,PVC,HT,#6,#4,MeOH_1,1.1372337946597764,3.149879128246932,46.82057534902131,-0.8753313575393661,-1.8988256778694637,-31.81117557236679,0.32057273249565615,328,,,,,,,,,,,,,,,,,,,,,,,,,,,,,,,,,,,,,,,,,,,,,,,,,,,,,,,,,,,,,,,,,,,,,,,,,,,,,,,,,,,,,,,,,,,,,,,,,,,,,,,,,,,,,,,,,,,,,,,,,,,,,,,,,,,,,,,,,,,,,,,,,,,,,,,,,,,,,,,,
382,PP,LT,#6,#6,DIESEL_1,1.3837562091229971,3.9005802678469217,90.5533032166482,-0.5021800593363048,-1.0300753038578734,-47.427302505860396,0.4762498901625833,,,,,,,,,,,,,,,,,,,,,,,,,,,,,,,,,,,,,,,,,,PVC,HT,#6,#5,MeOH_1,1.3021336585234862,3.363202432551196,56.29224414902131,-0.9034248456449203,-1.8607555994374578,-36.47833444047892,0.3519829420210968,329,,,,,,,,,,,,,,,,,,,,,,,,,,,,,,,,,,,,,,,,,,,,,,,,,,,,,,,,,,,,,,,,,,,,,,,,,,,,,,,,,,,,,,,,,,,,,,,,,,,,,,,,,,,,,,,,,,,,,,,,,,,,,,,,,,,,,,,,,,,,,,,,,,,,,,,,,,,,,,,,
383,PP,LT,#6,#7,MeOH_1,1.4769368693486349,4.55306698316163,97.5753457190482,-0.5455005859101248,-1.6771823740093883,-54.04623974304206,0.4461076274465978,,,,,,,,,,,,,,,,,,,,,,,,,,,,,,,,,,,,,,,,,,PVC,HT,#6,#6,MeOH_1,0.9410572836876875,1.8469403812566558,37.688841656396505,-0.6576446421264159,-0.503208628956831,-22.12787377763358,0.412879971760075,330,,,,,,,,,,,,,,,,,,,,,,,,,,,,,,,,,,,,,,,,,,,,,,,,,,,,,,,,,,,,,,,,,,,,,,,,,,,,,,,,,,,,,,,,,,,,,,,,,,,,,,,,,,,,,,,,,,,,,,,,,,,,,,,,,,,,,,,,,,,,,,,,,,,,,,,,,,,,,,,,
384,PP,LT,#6,#8,DIESEL_1,1.5280610815227393,4.656865818271784,98.99665034508018,-0.6182448290026575,-1.8001536166901686,-55.96379440904731,0.4346900201777531,,,,,,,,,,,,,,,,,,,,,,,,,,,,,,,,,,,,,,,,,,PVC,HT,#6,#7,MeOH_1,1.0139256259635252,2.1326163227755766,41.179407029984084,-0.7290263627718772,-0.7875342157526296,-25.931003093441223,0.37029197446772355,331,,,,,,,,,,,,,,,,,,,,,,,,,,,,,,,,,,,,,,,,,,,,,,,,,,,,,,,,,,,,,,,,,,,,,,,,,,,,,,,,,,,,,,,,,,,,,,,,,,,,,,,,,,,,,,,,,,,,,,,,,,,,,,,,,,,,,,,,,,,,,,,,,,,,,,,,,,,,,,,,
385,PP,LT,#6,#9,DIESEL_1,1.4635913169033397,4.3931480824275235,96.73738342796875,-0.5180551375867394,-1.5016377697938998,-53.00367257658399,0.452086973015444,,,,,,,,,,,,,,,,,,,,,,,,,,,,,,,,,,,,,,,,,,PVC,HT,#6,#8,MeOH_1,1.072087339588198,2.286435804896168,42.75436829601608,-0.7833885043829246,-0.9430573529857427,-27.581128454773914,0.354893323091293,332,,,,,,,,,,,,,,,,,,,,,,,,,,,,,,,,,,,,,,,,,,,,,,,,,,,,,,,,,,,,,,,,,,,,,,,,,,,,,,,,,,,,,,,,,,,,,,,,,,,,,,,,,,,,,,,,,,,,,,,,,,,,,,,,,,,,,,,,,,,,,,,,,,,,,,,,,,,,,,,,
386,PP,LT,#6,#10,MeOH_1,1.5260398550377783,4.818565465464942,101.24461419904823,-0.6270292007724633,-1.9956498070288404,-58.07538396167642,0.426385448538532,,,,,,,,,,,,,,,,,,,,,,,,,,,,,,,,,,,,,,,,,,PVC,HT,#6,#9,MeOH_1,1.0258331650236099,2.137497594847317,42.3552007000704,-0.7412342235139096,-0.7762564464964715,-26.91677327292519,0.36449897939261916,333,,,,,,,,,,,,,,,,,,,,,,,,,,,,,,,,,,,,,,,,,,,,,,,,,,,,,,,,,,,,,,,,,,,,,,,,,,,,,,,,,,,,,,,,,,,,,,,,,,,,,,,,,,,,,,,,,,,,,,,,,,,,,,,,,,,,,,,,,,,,,,,,,,,,,,,,,,,,,,,,
387,PP,LT,#6,#11,DIESEL_1,1.5392218947701002,4.825428064471061,100.80575499904819,-0.6334275644968389,-1.973545003262947,-57.80245468791529,0.426595687037302,,,,,,,,,,,,,,,,,,,,,,,,,,,,,,,,,,,,,,,,,,PVC,HT,#6,#10,MeOH_1,1.0835773239591453,2.3742022073408906,44.18048024598408,-0.7956163420860739,-1.04866444036277,-29.05516949317673,0.34235279174409167,334,,,,,,,,,,,,,,,,,,,,,,,,,,,,,,,,,,,,,,,,,,,,,,,,,,,,,,,,,,,,,,,,,,,,,,,,,,,,,,,,,,,,,,,,,,,,,,,,,,,,,,,,,,,,,,,,,,,,,,,,,,,,,,,,,,,,,,,,,,,,,,,,,,,,,,,,,,,,,,,,
388,PP,LT,#7,#1,DIESEL_1,1.5539471622005292,5.1828924616746805,100.87052741983184,-0.5783183244221358,-2.143710748278427,-57.95472849476574,0.4254542929714925,,,,,,,,,,,,,,,,,,,,,,,,,,,,,,,,,,,,,,,,,,PVC,HT,#6,#11,MeOH_1,1.1349491969725642,2.5884105206406476,45.811847656016084,-0.8461296050587374,-1.2458309375295935,-30.756213398858108,0.32864062524186016,335,,,,,,,,,,,,,,,,,,,,,,,,,,,,,,,,,,,,,,,,,,,,,,,,,,,,,,,,,,,,,,,,,,,,,,,,,,,,,,,,,,,,,,,,,,,,,,,,,,,,,,,,,,,,,,,,,,,,,,,,,,,,,,,,,,,,,,,,,,,,,,,,,,,,,,,,,,,,,,,,
389,PP,LT,#7,#2,DIESEL_1,1.593357131707717,5.249513945677552,102.22052965983185,-0.6410090450693211,-2.229424809515012,-59.626641128695596,0.41668624368196533,,,,,,,,,,,,,,,,,,,,,,,,,,,,,,,,,,,,,,,,,,PVC,HT,#7,#1,DIESEL_1,1.0837764781245005,2.9521267866054433,42.89329837505331,-0.8059114278807156,-1.5457636598990556,-28.04940829009138,0.3460654845232214,336,,,,,,,,,,,,,,,,,,,,,,,,,,,,,,,,,,,,,,,,,,,,,,,,,,,,,,,,,,,,,,,,,,,,,,,,,,,,,,,,,,,,,,,,,,,,,,,,,,,,,,,,,,,,,,,,,,,,,,,,,,,,,,,,,,,,,,,,,,,,,,,,,,,,,,,,,,,,,,,,
390,PP,LT,#7,#3,DIESEL_1,1.5401101490708844,4.949841237718658,100.08879170247118,-0.5468741020442798,-1.8929479795399908,-56.911659843908666,0.43138828158614373,,,,,,,,,,,,,,,,,,,,,,,,,,,,,,,,,,,,,,,,,,PVC,HT,#7,#2,FT_1,1.2634407803576526,3.191399346955309,53.36711053505332,-0.8586475134205972,-1.6065293993576466,-33.47492870906684,0.37274234311262977,337,,,,,,,,,,,,,,,,,,,,,,,,,,,,,,,,,,,,,,,,,,,,,,,,,,,,,,,,,,,,,,,,,,,,,,,,,,,,,,,,,,,,,,,,,,,,,,,,,,,,,,,,,,,,,,,,,,,,,,,,,,,,,,,,,,,,,,,,,,,,,,,,,,,,,,,,,,,,,,,,
391,PP,LT,#7,#4,DIESEL_1,1.6024966080886203,5.380141054171791,103.85411845983185,-0.6651710239417409,-2.4026285095511626,-61.27851159286397,0.4099558832944603,,,,,,,,,,,,,,,,,,,,,,,,,,,,,,,,,,,,,,,,,,PVC,HT,#7,#3,DIESEL_1,1.0764913696955607,2.330283053791077,40.586887414296704,-0.7841990181296724,-0.8996582327804983,-25.192811681176433,0.3792869252569912,338,,,,,,,,,,,,,,,,,,,,,,,,,,,,,,,,,,,,,,,,,,,,,,,,,,,,,,,,,,,,,,,,,,,,,,,,,,,,,,,,,,,,,,,,,,,,,,,,,,,,,,,,,,,,,,,,,,,,,,,,,,,,,,,,,,,,,,,,,,,,,,,,,,,,,,,,,,,,,,,,
392,PP,LT,#7,#5,DIESEL_1,1.6474082016060985,5.493358420191577,104.85290949983185,-0.6726049740757002,-2.4449291378008406,-61.46622671103234,0.4137861600194231,,,,,,,,,,,,,,,,,,,,,,,,,,,,,,,,,,,,,,,,,,PVC,HT,#7,#4,DIESEL_1,1.1739006017170963,3.392935313340914,48.14004877505332,-0.901946884821638,-2.0686301873445285,-33.43469950391196,0.30547017806018156,339,,,,,,,,,,,,,,,,,,,,,,,,,,,,,,,,,,,,,,,,,,,,,,,,,,,,,,,,,,,,,,,,,,,,,,,,,,,,,,,,,,,,,,,,,,,,,,,,,,,,,,,,,,,,,,,,,,,,,,,,,,,,,,,,,,,,,,,,,,,,,,,,,,,,,,,,,,,,,,,,
393,PP,LT,#7,#6,DIESEL_1,1.4530521574035355,4.431140524565424,93.48897985664817,-0.5257767886470969,-1.398402682064223,-50.930546843847274,0.45522406039790037,,,,,,,,,,,,,,,,,,,,,,,,,,,,,,,,,,,,,,,,,,PVC,HT,#7,#5,FT_1,1.3388004655808046,3.6062586176451776,57.61171757505331,-0.9300403729271907,-2.030560108912522,-38.101858372024076,0.3386439430071302,340,,,,,,,,,,,,,,,,,,,,,,,,,,,,,,,,,,,,,,,,,,,,,,,,,,,,,,,,,,,,,,,,,,,,,,,,,,,,,,,,,,,,,,,,,,,,,,,,,,,,,,,,,,,,,,,,,,,,,,,,,,,,,,,,,,,,,,,,,,,,,,,,,,,,,,,,,,,,,,,,
394,PP,LT,#7,#7,DIESEL_1,1.5462328176291733,5.083627239880132,100.5110223590482,-0.5690973152209171,-2.0455097522157373,-57.549484081028965,0.4274311142170145,,,,,,,,,,,,,,,,,,,,,,,,,,,,,,,,,,,,,,,,,,PVC,HT,#7,#6,DIESEL_1,0.9777240907450074,2.089996566350638,39.008315082428496,-0.6842601694086881,-0.6730131384318957,-23.75139770917873,0.39111962003512246,341,,,,,,,,,,,,,,,,,,,,,,,,,,,,,,,,,,,,,,,,,,,,,,,,,,,,,,,,,,,,,,,,,,,,,,,,,,,,,,,,,,,,,,,,,,,,,,,,,,,,,,,,,,,,,,,,,,,,,,,,,,,,,,,,,,,,,,,,,,,,,,,,,,,,,,,,,,,,,,,,
395,PP,LT,#7,#8,DIESEL_1,1.5973570298032775,5.187426074990287,101.93232698508021,-0.6418415583134491,-2.168480994896518,-59.467038747034245,0.41660275492642873,,,,,,,,,,,,,,,,,,,,,,,,,,,,,,,,,,,,,,,,,,PVC,HT,#7,#7,DIESEL_1,1.0505924330208436,2.375672507869558,42.498880456016074,-0.7556418900541477,-0.9573387252276939,-27.55452702498637,0.3516411084404037,342,,,,,,,,,,,,,,,,,,,,,,,,,,,,,,,,,,,,,,,,,,,,,,,,,,,,,,,,,,,,,,,,,,,,,,,,,,,,,,,,,,,,,,,,,,,,,,,,,,,,,,,,,,,,,,,,,,,,,,,,,,,,,,,,,,,,,,,,,,,,,,,,,,,,,,,,,,,,,,,,
396,PP,LT,#7,#9,DIESEL_1,1.5328872651838779,4.923708339146027,99.67306006796873,-0.5416518668975313,-1.8699651480002495,-56.506916914570866,0.4330773342763044,,,,,,,,,,,,,,,,,,,,,,,,,,,,,,,,,,,,,,,,,,PVC,HT,#7,#8,DIESEL_1,1.1087541466455166,2.5294919899901496,44.07384172204807,-0.8100040316651951,-1.1128618624608069,-29.204652386319065,0.33736993996351927,343,,,,,,,,,,,,,,,,,,,,,,,,,,,,,,,,,,,,,,,,,,,,,,,,,,,,,,,,,,,,,,,,,,,,,,,,,,,,,,,,,,,,,,,,,,,,,,,,,,,,,,,,,,,,,,,,,,,,,,,,,,,,,,,,,,,,,,,,,,,,,,,,,,,,,,,,,,,,,,,,
397,PP,LT,#7,#10,DIESEL_1,1.5953358033183167,5.349125722183445,104.1802908390482,-0.6506259300832553,-2.3639771852351905,-61.578628299663286,0.40892247656710534,,,,,,,,,,,,,,,,,,,,,,,,,,,,,,,,,,,,,,,,,,PVC,HT,#7,#9,DIESEL_1,1.0624999720809283,2.3805537799412986,43.6746741261024,-0.7678497507961802,-0.9460609559715357,-28.540297204470352,0.34652523972896476,344,,,,,,,,,,,,,,,,,,,,,,,,,,,,,,,,,,,,,,,,,,,,,,,,,,,,,,,,,,,,,,,,,,,,,,,,,,,,,,,,,,,,,,,,,,,,,,,,,,,,,,,,,,,,,,,,,,,,,,,,,,,,,,,,,,,,,,,,,,,,,,,,,,,,,,,,,,,,,,,,
398,PP,LT,#7,#11,DIESEL_1,1.6085178430506384,5.355988321189563,103.7414316390482,-0.6570242938076305,-2.3418723814692965,-61.30569902590219,0.4090528918165924,,,,,,,,,,,,,,,,,,,,,,,,,,,,,,,,,,,,,,,,,,PVC,HT,#7,#10,DIESEL_1,1.1202441310164635,2.6172583924348727,45.499953672016076,-0.8222318693683442,-1.218468949837835,-30.678693424721896,0.32574231512700924,345,,,,,,,,,,,,,,,,,,,,,,,,,,,,,,,,,,,,,,,,,,,,,,,,,,,,,,,,,,,,,,,,,,,,,,,,,,,,,,,,,,,,,,,,,,,,,,,,,,,,,,,,,,,,,,,,,,,,,,,,,,,,,,,,,,,,,,,,,,,,,,,,,,,,,,,,,,,,,,,,
399,PP,LT,#8,#1,DIESEL_1,1.2578468192752614,1.7091872313234615,67.36463280113496,-0.4853750727446781,1.0358846657654044,-23.08355944818614,0.6573341457032743,,,,,,,,,,,,,,,,,,,,,,,,,,,,,,,,,,,,,,,,,,PVC,HT,#7,#11,DIESEL_1,1.171616004029884,2.8314667057346297,47.131321082048075,-0.8727451323410093,-1.415635447004658,-32.37973733040326,0.31298897236435763,346,,,,,,,,,,,,,,,,,,,,,,,,,,,,,,,,,,,,,,,,,,,,,,,,,,,,,,,,,,,,,,,,,,,,,,,,,,,,,,,,,,,,,,,,,,,,,,,,,,,,,,,,,,,,,,,,,,,,,,,,,,,,,,,,,,,,,,,,,,,,,,,,,,,,,,,,,,,,,,,,
400,PP,LT,#8,#2,DIESEL_1,1.29725678878245,1.7758087153263324,68.71463504113495,-0.5480657933918637,0.9501706045288204,-24.75547208211599,0.6397350860221187,,,,,,,,,,,,,,,,,,,,,,,,,,,,,,,,,,,,,,,,,,PVC,HT,#8,#4,Aromatics,1.1242856404695398,1.7699417459356193,30.352462976408106,-0.9055903942622449,-0.42951461523950785,-16.165790950813946,0.4673977211213784,347,,,,,,,,,,,,,,,,,,,,,,,,,,,,,,,,,,,,,,,,,,,,,,,,,,,,,,,,,,,,,,,,,,,,,,,,,,,,,,,,,,,,,,,,,,,,,,,,,,,,,,,,,,,,,,,,,,,,,,,,,,,,,,,,,,,,,,,,,,,,,,,,,,,,,,,,,,,,,,,,
401,PP,LT,#8,#3,DIESEL_1,1.2440098061456168,1.4761360073674388,66.58289708377431,-0.45393085036682224,1.286647434503842,-22.040490797329078,0.6689766927744549,,,,,,,,,,,,,,,,,,,,,,,,,,,,,,,,,,,,,,,,,,PVC,HT,#8,#5,Aromatics,1.2891855043332494,1.983265050239883,39.82413177640811,-0.9336838823677989,-0.39144453680750163,-20.832949818926078,0.47687623333780865,348,,,,,,,,,,,,,,,,,,,,,,,,,,,,,,,,,,,,,,,,,,,,,,,,,,,,,,,,,,,,,,,,,,,,,,,,,,,,,,,,,,,,,,,,,,,,,,,,,,,,,,,,,,,,,,,,,,,,,,,,,,,,,,,,,,,,,,,,,,,,,,,,,,,,,,,,,,,,,,,,
402,PP,LT,#8,#4,DIESEL_1,1.3063962651633527,1.9064358238205716,70.34822384113495,-0.5722277722642833,0.7769669044926703,-26.407342546284365,0.6246196264184412,,,,,,,,,,,,,,,,,,,,,,,,,,,,,,,,,,,,,,,,,,PVC,HT,#9,#1,Aromatics,1.11715177366535,1.6530127443651006,27.41593541880811,-0.901283943594459,-0.18957417399396478,-12.833664989645944,0.5318903114703981,349,,,,,,,,,,,,,,,,,,,,,,,,,,,,,,,,,,,,,,,,,,,,,,,,,,,,,,,,,,,,,,,,,,,,,,,,,,,,,,,,,,,,,,,,,,,,,,,,,,,,,,,,,,,,,,,,,,,,,,,,,,,,,,,,,,,,,,,,,,,,,,,,,,,,,,,,,,,,,,,,
403,PP,LT,#8,#5,DIESEL_1,1.3513078586808311,2.019653189840359,71.34701488113495,-0.5796617223982428,0.7346662762429914,-26.595057664452714,0.627243582527448,,,,,,,,,,,,,,,,,,,,,,,,,,,,,,,,,,,,,,,,,,PVC,HT,#9,#2,Aromatics,1.2968160758985017,1.8922853047149661,37.889747578808105,-0.9540200291343401,-0.2503399134525555,-18.25918540862138,0.5180969371557962,350,,,,,,,,,,,,,,,,,,,,,,,,,,,,,,,,,,,,,,,,,,,,,,,,,,,,,,,,,,,,,,,,,,,,,,,,,,,,,,,,,,,,,,,,,,,,,,,,,,,,,,,,,,,,,,,,,,,,,,,,,,,,,,,,,,,,,,,,,,,,,,,,,,,,,,,,,,,,,,,,
404,PP,LT,#8,#6,DIESEL_1,1.156951814478268,0.9574352942142041,59.9830852379513,-0.432833536969639,1.78119273197961,-16.059377797267686,0.7322682263914808,,,,,,,,,,,,,,,,,,,,,,,,,,,,,,,,,,,,,,,,,,PVC,HT,#9,#4,Aromatics,1.2072758972579452,2.0938212711005715,32.662685818808114,-0.9973194005353812,-0.7124407014394376,-18.21895620346651,0.4422088769878344,351,,,,,,,,,,,,,,,,,,,,,,,,,,,,,,,,,,,,,,,,,,,,,,,,,,,,,,,,,,,,,,,,,,,,,,,,,,,,,,,,,,,,,,,,,,,,,,,,,,,,,,,,,,,,,,,,,,,,,,,,,,,,,,,,,,,,,,,,,,,,,,,,,,,,,,,,,,,,,,,,
405,PP,LT,#8,#7,DIESEL_1,1.2501324747039064,1.609922009528912,67.00512774035131,-0.4761540635434599,1.1340856618280952,-22.678315034449373,0.6615435892857464,,,,,,,,,,,,,,,,,,,,,,,,,,,,,,,,,,,,,,,,,,PVC,HT,#9,#5,Aromatics,1.3721757611216536,2.3071445754048354,42.13435461880811,-1.025412888640934,-0.6743706230074313,-22.886115071578633,0.4568300552214312,352,,,,,,,,,,,,,,,,,,,,,,,,,,,,,,,,,,,,,,,,,,,,,,,,,,,,,,,,,,,,,,,,,,,,,,,,,,,,,,,,,,,,,,,,,,,,,,,,,,,,,,,,,,,,,,,,,,,,,,,,,,,,,,,,,,,,,,,,,,,,,,,,,,,,,,,,,,,,,,,,
406,PP,LT,#8,#8,DIESEL_1,1.3012566868780087,1.713720844639067,68.42643236638331,-0.5488983066359903,1.0111144191473147,-24.59586970045462,0.6405501668016506,,,,,,,,,,,,,,,,,,,,,,,,,,,,,,,,,,,,,,,,,,PVC,HT,#9,#11,Aromatics,1.2049912995707315,1.5323526634942868,31.653958125802873,-0.9681176480547508,-0.05944596109956682,-17.163994029957824,0.45776152348017063,353,,,,,,,,,,,,,,,,,,,,,,,,,,,,,,,,,,,,,,,,,,,,,,,,,,,,,,,,,,,,,,,,,,,,,,,,,,,,,,,,,,,,,,,,,,,,,,,,,,,,,,,,,,,,,,,,,,,,,,,,,,,,,,,,,,,,,,,,,,,,,,,,,,,,,,,,,,,,,,,,
407,PP,LT,#8,#9,DIESEL_1,1.2367869222586105,1.4500031087948066,66.16716544927185,-0.44870861522007377,1.3096302660435837,-21.63574786799127,0.673013832146419,,,,,,,,,,,,,,,,,,,,,,,,,,,,,,,,,,,,,,,,,,PVC,LT,#1,#1,GASOLINE_1,0.8018158378287195,1.7301916152707528,29.595082910352236,-0.521276142402773,-0.40957113911677034,-13.620113130529957,0.5397845928735108,354,,,,,,,,,,,,,,,,,,,,,,,,,,,,,,,,,,,,,,,,,,,,,,,,,,,,,,,,,,,,,,,,,,,,,,,,,,,,,,,,,,,,,,,,,,,,,,,,,,,,,,,,,,,,,,,,,,,,,,,,,,,,,,,,,,,,,,,,,,,,,,,,,,,,,,,,,,,,,,,,
408,PP,LT,#8,#10,DIESEL_1,1.2992354603930494,1.875420491832225,70.67439622035131,-0.5576826784057979,0.8156182288086423,-26.707459253083712,0.6221055901232722,,,,,,,,,,,,,,,,,,,,,,,,,,,,,,,,,,,,,,,,,,PVC,LT,#1,#2,GASOLINE_1,0.9982183892941864,1.99742933567546,43.01261219035223,-0.549761774220241,-0.4373136570937091,-20.186189962913648,0.5306913731819005,355,,,,,,,,,,,,,,,,,,,,,,,,,,,,,,,,,,,,,,,,,,,,,,,,,,,,,,,,,,,,,,,,,,,,,,,,,,,,,,,,,,,,,,,,,,,,,,,,,,,,,,,,,,,,,,,,,,,,,,,,,,,,,,,,,,,,,,,,,,,,,,,,,,,,,,,,,,,,,,,,
409,PP,LT,#8,#11,DIESEL_1,1.3124175001253715,1.8822830908383434,70.2355370203513,-0.5640810421301736,0.8377230325745365,-26.4345299793226,0.6236302717858769,,,,,,,,,,,,,,,,,,,,,,,,,,,,,,,,,,,,,,,,,,PVC,LT,#1,#4,GASOLINE_1,0.8729107369031656,2.272248340441503,35.88671459035223,-0.6037242497640358,-1.028720600880415,-20.783929050396868,0.4208461463344874,356,,,,,,,,,,,,,,,,,,,,,,,,,,,,,,,,,,,,,,,,,,,,,,,,,,,,,,,,,,,,,,,,,,,,,,,,,,,,,,,,,,,,,,,,,,,,,,,,,,,,,,,,,,,,,,,,,,,,,,,,,,,,,,,,,,,,,,,,,,,,,,,,,,,,,,,,,,,,,,,,
410,PP,LT,#9,#1,DIESEL_1,1.2153322018988368,2.1234514809396656,67.58932420545496,-0.47721662695699035,0.7985753581064364,-23.14536732083941,0.6575588291061593,,,,,,,,,,,,,,,,,,,,,,,,,,,,,,,,,,,,,,,,,,PVC,LT,#1,#5,GASOLINE_1,0.9479766440211028,2.202367713232629,38.35058979035224,-0.49317845244291275,-0.6503835248056644,-15.837566180089375,0.5870320048096471,357,,,,,,,,,,,,,,,,,,,,,,,,,,,,,,,,,,,,,,,,,,,,,,,,,,,,,,,,,,,,,,,,,,,,,,,,,,,,,,,,,,,,,,,,,,,,,,,,,,,,,,,,,,,,,,,,,,,,,,,,,,,,,,,,,,,,,,,,,,,,,,,,,,,,,,,,,,,,,,,,
411,PP,LT,#9,#2,DIESEL_1,1.2547421714060238,2.1900729649425363,68.93932644545497,-0.5399073476041744,0.7128612968698526,-24.81727995476926,0.6400127295353722,,,,,,,,,,,,,,,,,,,,,,,,,,,,,,,,,,,,,,,,,,PVC,LT,#1,#11,GASOLINE_1,0.8218573277246182,1.3028265487961956,32.147353056626,-0.5092738612962473,-0.008554421760810315,-16.708651320961703,0.480247991443332,358,,,,,,,,,,,,,,,,,,,,,,,,,,,,,,,,,,,,,,,,,,,,,,,,,,,,,,,,,,,,,,,,,,,,,,,,,,,,,,,,,,,,,,,,,,,,,,,,,,,,,,,,,,,,,,,,,,,,,,,,,,,,,,,,,,,,,,,,,,,,,,,,,,,,,,,,,,,,,,,,
412,PP,LT,#9,#3,DIESEL_1,1.2014951887691911,1.8904002569836422,66.80758848809432,-0.4457724045791333,1.0493381268448743,-22.10229866998234,0.6691648483327436,,,,,,,,,,,,,,,,,,,,,,,,,,,,,,,,,,,,,,,,,,PVC,LT,#2,#1,GASOLINE_1,0.8946271305262663,2.017315129020414,32.6021389508427,-0.6363853367483311,-0.5805435826852697,-16.522858289342462,0.49319710850090165,359,,,,,,,,,,,,,,,,,,,,,,,,,,,,,,,,,,,,,,,,,,,,,,,,,,,,,,,,,,,,,,,,,,,,,,,,,,,,,,,,,,,,,,,,,,,,,,,,,,,,,,,,,,,,,,,,,,,,,,,,,,,,,,,,,,,,,,,,,,,,,,,,,,,,,,,,,,,,,,,,
413,PP,LT,#9,#4,DIESEL_1,1.2638816477869266,2.320700073436776,70.57291524545496,-0.564069326476594,0.5396575968337017,-26.469150418937627,0.6249389680605225,,,,,,,,,,,,,,,,,,,,,,,,,,,,,,,,,,,,,,,,,,PVC,LT,#2,#2,FT_1,1.091029681991735,2.28455284942512,46.0196682308427,-0.6648709685658007,-0.6082861006622079,-23.088935121726152,0.49828114783644206,360,,,,,,,,,,,,,,,,,,,,,,,,,,,,,,,,,,,,,,,,,,,,,,,,,,,,,,,,,,,,,,,,,,,,,,,,,,,,,,,,,,,,,,,,,,,,,,,,,,,,,,,,,,,,,,,,,,,,,,,,,,,,,,,,,,,,,,,,,,,,,,,,,,,,,,,,,,,,,,,,
414,PP,LT,#9,#5,DIESEL_1,1.3087932413044052,2.433917439456563,71.57170628545497,-0.5715032766105537,0.4973569685840234,-26.656865537106004,0.6275502301036617,,,,,,,,,,,,,,,,,,,,,,,,,,,,,,,,,,,,,,,,,,PVC,LT,#2,#4,GASOLINE_1,0.9657220296007117,2.5593718541911636,38.8937706308427,-0.7188334441095935,-1.1996930444489144,-23.686674209209375,0.3909905410295735,361,,,,,,,,,,,,,,,,,,,,,,,,,,,,,,,,,,,,,,,,,,,,,,,,,,,,,,,,,,,,,,,,,,,,,,,,,,,,,,,,,,,,,,,,,,,,,,,,,,,,,,,,,,,,,,,,,,,,,,,,,,,,,,,,,,,,,,,,,,,,,,,,,,,,,,,,,,,,,,,,
415,PP,LT,#9,#6,DIESEL_1,1.1144371971018425,1.3716995438304083,60.20777664227132,-0.42467509118195057,1.5438834243206419,-16.121185669920965,0.732240807268036,,,,,,,,,,,,,,,,,,,,,,,,,,,,,,,,,,,,,,,,,,PVC,LT,#2,#5,FT_1,1.0407879367186492,2.48949122698229,41.35764583084269,-0.6082876467884707,-0.8213559683741641,-18.740311338901872,0.546871903310169,362,,,,,,,,,,,,,,,,,,,,,,,,,,,,,,,,,,,,,,,,,,,,,,,,,,,,,,,,,,,,,,,,,,,,,,,,,,,,,,,,,,,,,,,,,,,,,,,,,,,,,,,,,,,,,,,,,,,,,,,,,,,,,,,,,,,,,,,,,,,,,,,,,,,,,,,,,,,,,,,,
416,PP,LT,#9,#7,DIESEL_1,1.20761785732748,2.0241862591451163,67.22981914467131,-0.4679956177557706,0.8967763541691266,-22.740122907102627,0.6617554056159464,,,,,,,,,,,,,,,,,,,,,,,,,,,,,,,,,,,,,,,,,,PVC,LT,#2,#10,GASOLINE_1,0.8981711039700248,1.5013899310244676,34.679442055084465,-0.6131401470701053,-0.11915190087041735,-18.976181020671145,0.45281181310444457,363,,,,,,,,,,,,,,,,,,,,,,,,,,,,,,,,,,,,,,,,,,,,,,,,,,,,,,,,,,,,,,,,,,,,,,,,,,,,,,,,,,,,,,,,,,,,,,,,,,,,,,,,,,,,,,,,,,,,,,,,,,,,,,,,,,,,,,,,,,,,,,,,,,,,,,,,,,,,,,,,
417,PP,LT,#9,#8,DIESEL_1,1.258742069501584,2.1279850942552705,68.65112377070331,-0.5407398608483027,0.7738051114883472,-24.65767757310789,0.6408263081684543,,,,,,,,,,,,,,,,,,,,,,,,,,,,,,,,,,,,,,,,,,PVC,LT,#2,#11,GASOLINE_1,0.9146686204221665,1.5899500625458565,35.15440909711647,-0.6243830556418069,-0.17952686532931014,-19.611396479774207,0.4421355106383276,364,,,,,,,,,,,,,,,,,,,,,,,,,,,,,,,,,,,,,,,,,,,,,,,,,,,,,,,,,,,,,,,,,,,,,,,,,,,,,,,,,,,,,,,,,,,,,,,,,,,,,,,,,,,,,,,,,,,,,,,,,,,,,,,,,,,,,,,,,,,,,,,,,,,,,,,,,,,,,,,,
418,PP,LT,#9,#9,DIESEL_1,1.1942723048821844,1.8642673584110108,66.39185685359185,-0.4405501694323847,1.0723209583846154,-21.697555740644543,0.6731895029161142,,,,,,,,,,,,,,,,,,,,,,,,,,,,,,,,,,,,,,,,,,PVC,LT,#3,#1,MeOH_1,0.9516487473075794,2.4236679668035594,36.7018492004863,-0.6786287051878919,-1.017303354672504,-20.308268153910088,0.44666907536525424,365,,,,,,,,,,,,,,,,,,,,,,,,,,,,,,,,,,,,,,,,,,,,,,,,,,,,,,,,,,,,,,,,,,,,,,,,,,,,,,,,,,,,,,,,,,,,,,,,,,,,,,,,,,,,,,,,,,,,,,,,,,,,,,,,,,,,,,,,,,,,,,,,,,,,,,,,,,,,,,,,
419,PP,LT,#9,#10,DIESEL_1,1.2567208430166248,2.289684741448429,70.89908762467132,-0.5495242326181102,0.578308921149674,-26.769267125736977,0.6224314300425234,,,,,,,,,,,,,,,,,,,,,,,,,,,,,,,,,,,,,,,,,,PVC,LT,#3,#2,MeOH_1,1.1480512987730465,2.690905687208266,50.1193784804863,-0.7071143370053601,-1.0450458726494423,-26.87434498629379,0.46379333102150977,366,,,,,,,,,,,,,,,,,,,,,,,,,,,,,,,,,,,,,,,,,,,,,,,,,,,,,,,,,,,,,,,,,,,,,,,,,,,,,,,,,,,,,,,,,,,,,,,,,,,,,,,,,,,,,,,,,,,,,,,,,,,,,,,,,,,,,,,,,,,,,,,,,,,,,,,,,,,,,,,,
420,PP,LT,#9,#11,DIESEL_1,1.2699028827489454,2.2965473404545476,70.4602284246713,-0.5559225963424843,0.6004137249155682,-26.49633785197586,0.6239532791140046,,,,,,,,,,,,,,,,,,,,,,,,,,,,,,,,,,,,,,,,,,PVC,LT,#3,#3,MeOH_1,0.9278164524294034,1.6481323445168858,34.269131918697255,-0.635273580679109,-0.22555854904381842,-17.504945112683316,0.48919204740250194,367,,,,,,,,,,,,,,,,,,,,,,,,,,,,,,,,,,,,,,,,,,,,,,,,,,,,,,,,,,,,,,,,,,,,,,,,,,,,,,,,,,,,,,,,,,,,,,,,,,,,,,,,,,,,,,,,,,,,,,,,,,,,,,,,,,,,,,,,,,,,,,,,,,,,,,,,,,,,,,,,
421,PP,HT,#1,-,MeOH_1,1.139571129238293,3.2804887590752916,79.57669597980977,-0.16329736243525358,-0.30080314259500207,-35.80506418489518,0.5500559084033892,,,,,,,,,,,,,,,,,,,,,,,,,,,,,,,,,,,,,,,,,,PVC,LT,#3,#4,MeOH_1,1.0227436463820254,2.9657246919743097,42.993480880486295,-0.7610768125491547,-1.636452816436149,-27.472084073776998,0.361017449362982,368,,,,,,,,,,,,,,,,,,,,,,,,,,,,,,,,,,,,,,,,,,,,,,,,,,,,,,,,,,,,,,,,,,,,,,,,,,,,,,,,,,,,,,,,,,,,,,,,,,,,,,,,,,,,,,,,,,,,,,,,,,,,,,,,,,,,,,,,,,,,,,,,,,,,,,,,,,,,,,,,
422,PP,HT,#2,-,FT_1,1.2450131463012133,3.8300765083342294,82.85050237980978,-0.12996450484013677,-0.39853624421691536,-38.75974539662806,0.5321724759260651,,,,,,,,,,,,,,,,,,,,,,,,,,,,,,,,,,,,,,,,,,PVC,LT,#3,#5,FT_1,1.0978095534999628,2.895844064765436,45.457356080486285,-0.6505310152280319,-1.258115740361398,-22.5257212034695,0.5044647743351878,369,,,,,,,,,,,,,,,,,,,,,,,,,,,,,,,,,,,,,,,,,,,,,,,,,,,,,,,,,,,,,,,,,,,,,,,,,,,,,,,,,,,,,,,,,,,,,,,,,,,,,,,,,,,,,,,,,,,,,,,,,,,,,,,,,,,,,,,,,,,,,,,,,,,,,,,,,,,,,,,,
423,PP,HT,#3,-,H2_1,1.1850622084903815,3.9140078218710954,77.27825911645358,0.2263850939025137,-0.23041761741309016,-27.70830632396181,0.641447586413572,,,,,,,,,,,,,,,,,,,,,,,,,,,,,,,,,,,,,,,,,,PVC,LT,#3,#7,MeOH_1,0.9150819505600724,1.742619338828337,36.224026064728065,-0.6227934945571462,-0.3414845480447555,-19.957774217516988,0.4490459403420592,370,,,,,,,,,,,,,,,,,,,,,,,,,,,,,,,,,,,,,,,,,,,,,,,,,,,,,,,,,,,,,,,,,,,,,,,,,,,,,,,,,,,,,,,,,,,,,,,,,,,,,,,,,,,,,,,,,,,,,,,,,,,,,,,,,,,,,,,,,,,,,,,,,,,,,,,,,,,,,,,,
424,PP,HT,#4,-,MeOH_1,1.4020190078758141,4.093876367710986,91.1485727798098,-0.6306560214594826,-1.341905970638435,-54.176850908391074,0.40562041449329506,,,,,,,,,,,,,,,,,,,,,,,,,,,,,,,,,,,,,,,,,,PVC,LT,#3,#8,MeOH_1,0.9510325422376497,1.8187910332047441,37.348882370760066,-0.6476317548271454,-0.43407103612463205,-21.475423216218047,0.42500493045460275,371,,,,,,,,,,,,,,,,,,,,,,,,,,,,,,,,,,,,,,,,,,,,,,,,,,,,,,,,,,,,,,,,,,,,,,,,,,,,,,,,,,,,,,,,,,,,,,,,,,,,,,,,,,,,,,,,,,,,,,,,,,,,,,,,,,,,,,,,,,,,,,,,,,,,,,,,,,,,,,,,
425,PP,HT,#5,-,FT_1,1.525098726795842,5.030733464681105,95.57942077980978,-0.4154011951117455,-1.5980655546635898,-52.082513679211004,0.45508653165836166,,,,,,,,,,,,,,,,,,,,,,,,,,,,,,,,,,,,,,,,,,PVC,LT,#3,#9,MeOH_1,0.9137185502658435,1.713862005449825,37.88729740985238,-0.6195143662778495,-0.294337486853842,-21.3555978788504,0.43633884339037077,372,,,,,,,,,,,,,,,,,,,,,,,,,,,,,,,,,,,,,,,,,,,,,,,,,,,,,,,,,,,,,,,,,,,,,,,,,,,,,,,,,,,,,,,,,,,,,,,,,,,,,,,,,,,,,,,,,,,,,,,,,,,,,,,,,,,,,,,,,,,,,,,,,,,,,,,,,,,,,,,,
426,PP,HT,#6,-,Olefin,0.9562314903604069,1.5173377117774733,63.40391747228963,-0.3120956217436287,1.8027721982757163,-20.812291277567446,0.6717507039424914,,,,,,,,,,,,,,,,,,,,,,,,,,,,,,,,,,,,,,,,,,PVC,LT,#3,#10,MeOH_1,0.9551927207513383,1.9077427688076136,38.779152304728065,-0.6553835155096664,-0.5559116728576518,-22.761590885238768,0.41304568221663757,373,,,,,,,,,,,,,,,,,,,,,,,,,,,,,,,,,,,,,,,,,,,,,,,,,,,,,,,,,,,,,,,,,,,,,,,,,,,,,,,,,,,,,,,,,,,,,,,,,,,,,,,,,,,,,,,,,,,,,,,,,,,,,,,,,,,,,,,,,,,,,,,,,,,,,,,,,,,,,,,,
427,PP,HT,#7,-,MeOH_1,1.158421422453882,3.639983943419606,81.83779293399945,-0.10063096711375025,-0.5548467310494849,-37.12301619633689,0.5463829745961518,,,,,,,,,,,,,,,,,,,,,,,,,,,,,,,,,,,,,,,,,,PVC,LT,#3,#11,MeOH_1,0.971690237203478,1.9963029003290025,39.25411934676007,-0.6666264240813664,-0.6162866373165443,-23.396806344341837,0.4039655777866038,374,,,,,,,,,,,,,,,,,,,,,,,,,,,,,,,,,,,,,,,,,,,,,,,,,,,,,,,,,,,,,,,,,,,,,,,,,,,,,,,,,,,,,,,,,,,,,,,,,,,,,,,,,,,,,,,,,,,,,,,,,,,,,,,,,,,,,,,,,,,,,,,,,,,,,,,,,,,,,,,,
428,PP,HT,#8,-,FT_1,1.2958467012412809,4.906427897194564,89.63251420003144,-0.1434756844536598,-1.4135791678127554,-47.458702583015,0.47051911902078114,,,,,,,,,,,,,,,,,,,,,,,,,,,,,,,,,,,,,,,,,,PVC,LT,#4,#1,GASOLINE_1,1.0002628465209091,2.558700029673956,37.94918054651829,-0.7093291171410425,-1.1167689840521449,-22.209069029342093,0.4147681528427707,375,,,,,,,,,,,,,,,,,,,,,,,,,,,,,,,,,,,,,,,,,,,,,,,,,,,,,,,,,,,,,,,,,,,,,,,,,,,,,,,,,,,,,,,,,,,,,,,,,,,,,,,,,,,,,,,,,,,,,,,,,,,,,,,,,,,,,,,,,,,,,,,,,,,,,,,,,,,,,,,,
429,PP,HT,#9,-,H2_1,1.1723891843312857,3.7035249659023113,79.18836001579317,0.3027575741676586,0.05814864894764602,-29.97998226409479,0.6214092291074642,,,,,,,,,,,,,,,,,,,,,,,,,,,,,,,,,,,,,,,,,,PVC,LT,#4,#2,FT_1,1.1966653979863777,2.8259377500786633,51.366709826518296,-0.7378147489585121,-1.1445115020290837,-28.77514586172579,0.43980944158369106,376,,,,,,,,,,,,,,,,,,,,,,,,,,,,,,,,,,,,,,,,,,,,,,,,,,,,,,,,,,,,,,,,,,,,,,,,,,,,,,,,,,,,,,,,,,,,,,,,,,,,,,,,,,,,,,,,,,,,,,,,,,,,,,,,,,,,,,,,,,,,,,,,,,,,,,,,,,,,,,,,
430,PP,HT,#10,-,MeOH_1,1.5436337312685111,7.244896020591651,123.18678653399944,-0.57464037561201,-4.302403280249021,-80.0542332618678,0.3501394466542651,,,,,,,,,,,,,,,,,,,,,,,,,,,,,,,,,,,,,,,,,,PVC,LT,#4,#3,GASOLINE_1,0.9764305516427331,1.7831644073872823,35.51646326472925,-0.6659739926322592,-0.3250241784234594,-19.40574598811532,0.45361265722122696,377,,,,,,,,,,,,,,,,,,,,,,,,,,,,,,,,,,,,,,,,,,,,,,,,,,,,,,,,,,,,,,,,,,,,,,,,,,,,,,,,,,,,,,,,,,,,,,,,,,,,,,,,,,,,,,,,,,,,,,,,,,,,,,,,,,,,,,,,,,,,,,,,,,,,,,,,,,,,,,,,
431,PP,HT,#11,-,FT_1,1.5215604832914986,6.938188867696175,119.98818237399942,-0.37532686163972756,-3.4497271193091583,-78.31990045749757,0.34726988185072366,,,,,,,,,,,,,,,,,,,,,,,,,,,,,,,,,,,,,,,,,,PVC,LT,#4,#4,GASOLINE_1,1.0713577455953551,3.100756754844707,44.24081222651829,-0.7917772245023054,-1.7359184458157904,-29.372884949209002,0.3360681354850292,378,,,,,,,,,,,,,,,,,,,,,,,,,,,,,,,,,,,,,,,,,,,,,,,,,,,,,,,,,,,,,,,,,,,,,,,,,,,,,,,,,,,,,,,,,,,,,,,,,,,,,,,,,,,,,,,,,,,,,,,,,,,,,,,,,,,,,,,,,,,,,,,,,,,,,,,,,,,,,,,,
432,PP,LT,#1,-,DIESEL_1,1.2485199353921426,3.0600619146387023,78.7306040170012,-0.28085106434123064,-0.12043210468335538,-34.97682353743076,0.5557404395134855,,,,,,,,,,,,,,,,,,,,,,,,,,,,,,,,,,,,,,,,,,PVC,LT,#4,#5,FT_1,1.1464236527132927,3.0308761276358323,46.7046874265183,-0.6812314271811825,-1.3575813697410393,-24.426522078901517,0.4770006304542258,379,,,,,,,,,,,,,,,,,,,,,,,,,,,,,,,,,,,,,,,,,,,,,,,,,,,,,,,,,,,,,,,,,,,,,,,,,,,,,,,,,,,,,,,,,,,,,,,,,,,,,,,,,,,,,,,,,,,,,,,,,,,,,,,,,,,,,,,,,,,,,,,,,,,,,,,,,,,,,,,,
433,PP,LT,#2,-,DIESEL_1,1.3063206975134523,3.340748447924441,80.1174553979132,-0.3446821714287394,-0.3271559513452363,-36.37952278831753,0.545922638111331,,,,,,,,,,,,,,,,,,,,,,,,,,,,,,,,,,,,,,,,,,PVC,LT,#4,#6,GASOLINE_1,0.8940319777289525,1.4809198908696928,33.30795427406281,-0.5774578046388651,-0.05196591022827983,-17.12223725109145,0.4859414928275952,380,,,,,,,,,,,,,,,,,,,,,,,,,,,,,,,,,,,,,,,,,,,,,,,,,,,,,,,,,,,,,,,,,,,,,,,,,,,,,,,,,,,,,,,,,,,,,,,,,,,,,,,,,,,,,,,,,,,,,,,,,,,,,,,,,,,,,,,,,,,,,,,,,,,,,,,,,,,,,,,,
434,PP,LT,#3,-,DIESEL_1,1.2621930975871132,2.8539363794380566,77.74659066436084,-0.11717345642460884,0.34623151088971943,-31.443445962172245,0.5955649541223423,,,,,,,,,,,,,,,,,,,,,,,,,,,,,,,,,,,,,,,,,,PVC,LT,#4,#7,GASOLINE_1,0.9636960497734021,1.8776514016987336,37.47135741076007,-0.6534939065102965,-0.4409501774243963,-21.858575092949003,0.41665910702577813,381,,,,,,,,,,,,,,,,,,,,,,,,,,,,,,,,,,,,,,,,,,,,,,,,,,,,,,,,,,,,,,,,,,,,,,,,,,,,,,,,,,,,,,,,,,,,,,,,,,,,,,,,,,,,,,,,,,,,,,,,,,,,,,,,,,,,,,,,,,,,,,,,,,,,,,,,,,,,,,,,
435,PP,LT,#4,-,MeOH_1,1.4129057245934398,4.339294880922428,94.84832901188123,-0.5286646876351936,-1.5378975581685153,-51.56000438353728,0.456395226772223,,,,,,,,,,,,,,,,,,,,,,,,,,,,,,,,,,,,,,,,,,PVC,LT,#4,#8,GASOLINE_1,0.9996466414509793,1.9538230960751408,38.59621371679207,-0.6783321667802956,-0.5335366655042731,-23.376224091650055,0.3943389301557382,382,,,,,,,,,,,,,,,,,,,,,,,,,,,,,,,,,,,,,,,,,,,,,,,,,,,,,,,,,,,,,,,,,,,,,,,,,,,,,,,,,,,,,,,,,,,,,,,,,,,,,,,,,,,,,,,,,,,,,,,,,,,,,,,,,,,,,,,,,,,,,,,,,,,,,,,,,,,,,,,,
436,PP,LT,#5,-,DIESEL_1,1.4666505260739142,4.831758776362313,96.14621987791323,-0.5135165202163943,-1.8251830253143617,-52.80529673962682,0.45078135358125204,,,,,,,,,,,,,,,,,,,,,,,,,,,,,,,,,,,,,,,,,,PVC,LT,#4,#9,GASOLINE_1,0.9623326494791733,1.8488940683202215,39.134628755884385,-0.6502147782309998,-0.39380311623348324,-23.25639875428242,0.4057335026901073,383,,,,,,,,,,,,,,,,,,,,,,,,,,,,,,,,,,,,,,,,,,,,,,,,,,,,,,,,,,,,,,,,,,,,,,,,,,,,,,,,,,,,,,,,,,,,,,,,,,,,,,,,,,,,,,,,,,,,,,,,,,,,,,,,,,,,,,,,,,,,,,,,,,,,,,,,,,,,,,,,
437,PP,LT,#6,-,DIESEL_1,1.1364048327848069,1.9962891138744971,69.07664187897186,-0.3763741252410676,1.0004028976169712,-26.429352497757172,0.617390889614124,,,,,,,,,,,,,,,,,,,,,,,,,,,,,,,,,,,,,,,,,,PVC,LT,#4,#10,GASOLINE_1,1.003806819964668,2.04277483167801,40.02648365076007,-0.6860839274628169,-0.6553773022372925,-24.662391760670786,0.3838481547403561,384,,,,,,,,,,,,,,,,,,,,,,,,,,,,,,,,,,,,,,,,,,,,,,,,,,,,,,,,,,,,,,,,,,,,,,,,,,,,,,,,,,,,,,,,,,,,,,,,,,,,,,,,,,,,,,,,,,,,,,,,,,,,,,,,,,,,,,,,,,,,,,,,,,,,,,,,,,,,,,,,
438,PP,LT,#7,-,DIESEL_1,1.2668644849258315,3.1125074785922773,79.846246399407,-0.2719960412029829,-0.14449696876517146,-34.107603110748464,0.5728339821995467,,,,,,,,,,,,,,,,,,,,,,,,,,,,,,,,,,,,,,,,,,PVC,LT,#4,#11,GASOLINE_1,1.0203043364168096,2.1313349631993987,40.50145069279207,-0.6973268360345185,-0.7157522666961855,-25.297607219773845,0.37539009622991126,385,,,,,,,,,,,,,,,,,,,,,,,,,,,,,,,,,,,,,,,,,,,,,,,,,,,,,,,,,,,,,,,,,,,,,,,,,,,,,,,,,,,,,,,,,,,,,,,,,,,,,,,,,,,,,,,,,,,,,,,,,,,,,,,,,,,,,,,,,,,,,,,,,,,,,,,,,,,,,,,,
439,PP,LT,#8,-,DIESEL_1,1.5371495263591843,3.9494751446668883,90.18459839940698,-0.4601305133474025,-0.7812936648591444,-43.77435643621218,0.5146138341455428,,,,,,,,,,,,,,,,,,,,,,,,,,,,,,,,,,,,,,,,,,PVC,LT,#5,#1,GASOLINE_1,0.9612086722496752,2.3368500048414726,36.375845126038406,-0.7012880347378968,-0.8078804345052052,-18.903980215057366,0.48031502362193645,386,,,,,,,,,,,,,,,,,,,,,,,,,,,,,,,,,,,,,,,,,,,,,,,,,,,,,,,,,,,,,,,,,,,,,,,,,,,,,,,,,,,,,,,,,,,,,,,,,,,,,,,,,,,,,,,,,,,,,,,,,,,,,,,,,,,,,,,,,,,,,,,,,,,,,,,,,,,,,,,,
440,PP,LT,#9,-,DIESEL_1,1.272328833688484,2.860039782912664,78.47954852921656,-0.12194387287077334,0.3466775162420261,-32.285683143096264,0.5886102335173745,,,,,,,,,,,,,,,,,,,,,,,,,,,,,,,,,,,,,,,,,,PVC,LT,#5,#2,FT_1,1.1576112237151437,2.60408772524618,49.79337440603841,-0.7297736665553662,-0.8356229524821439,-25.470057047441063,0.48848501730880234,387,,,,,,,,,,,,,,,,,,,,,,,,,,,,,,,,,,,,,,,,,,,,,,,,,,,,,,,,,,,,,,,,,,,,,,,,,,,,,,,,,,,,,,,,,,,,,,,,,,,,,,,,,,,,,,,,,,,,,,,,,,,,,,,,,,,,,,,,,,,,,,,,,,,,,,,,,,,,,,,,
441,PP,LT,#10,-,MeOH_1,1.5079595801930457,4.7283230151288445,99.45395215940701,-0.6091062665051943,-1.9067931418740007,-56.17715900043082,0.43514402614801245,,,,,,,,,,,,,,,,,,,,,,,,,,,,,,,,,,,,,,,,,,PVC,LT,#5,#3,GASOLINE_1,0.937376377371499,1.5613143825547997,33.94312784424936,-0.6579329102291136,-0.0161356288765201,-16.100657173830594,0.5256578224697002,388,,,,,,,,,,,,,,,,,,,,,,,,,,,,,,,,,,,,,,,,,,,,,,,,,,,,,,,,,,,,,,,,,,,,,,,,,,,,,,,,,,,,,,,,,,,,,,,,,,,,,,,,,,,,,,,,,,,,,,,,,,,,,,,,,,,,,,,,,,,,,,,,,,,,,,,,,,,,,,,,
442,PP,LT,#11,-,DIESEL_1,1.5844694987005365,5.2716084435297335,102.06442783940699,-0.1051566544291191,-1.5862516652060519,-45.91882233354825,0.5500996448459095,,,,,,,,,,,,,,,,,,,,,,,,,,,,,,,,,,,,,,,,,,PVC,LT,#5,#4,GASOLINE_1,1.032303571324121,2.8789067300122233,42.6674768060384,-0.7837361420991593,-1.4270298962688506,-26.067796134924283,0.38904762863232856,389,,,,,,,,,,,,,,,,,,,,,,,,,,,,,,,,,,,,,,,,,,,,,,,,,,,,,,,,,,,,,,,,,,,,,,,,,,,,,,,,,,,,,,,,,,,,,,,,,,,,,,,,,,,,,,,,,,,,,,,,,,,,,,,,,,,,,,,,,,,,,,,,,,,,,,,,,,,,,,,,
443,PP,SG,#1,-,MeOH_1,0.942811441716263,3.9085361451139904,86.55423262408677,0.11149092984239388,-0.8731966091620419,-39.5386108447318,0.5431926360383583,,,,,,,,,,,,,,,,,,,,,,,,,,,,,,,,,,,,,,,,,,PVC,LT,#5,#5,FT_1,1.1073694784420587,2.8090261028033496,45.131352006038405,-0.6731903447780366,-1.0486928201940995,-21.121433264616787,0.5320008746515987,390,,,,,,,,,,,,,,,,,,,,,,,,,,,,,,,,,,,,,,,,,,,,,,,,,,,,,,,,,,,,,,,,,,,,,,,,,,,,,,,,,,,,,,,,,,,,,,,,,,,,,,,,,,,,,,,,,,,,,,,,,,,,,,,,,,,,,,,,,,,,,,,,,,,,,,,,,,,,,,,,
444,PP,SG,#2,-,FT_1,1.1616818738893493,5.665728331166643,95.29502269011876,0.06831971802442822,-1.9193337033501265,-51.72592837111437,0.45720220310648096,,,,,,,,,,,,,,,,,,,,,,,,,,,,,,,,,,,,,,,,,,PVC,LT,#5,#7,GASOLINE_1,0.9246418755021681,1.6558013768662507,35.89802199028018,-0.6454528241071508,-0.13206162787745684,-18.553486278664277,0.4831613205962196,391,,,,,,,,,,,,,,,,,,,,,,,,,,,,,,,,,,,,,,,,,,,,,,,,,,,,,,,,,,,,,,,,,,,,,,,,,,,,,,,,,,,,,,,,,,,,,,,,,,,,,,,,,,,,,,,,,,,,,,,,,,,,,,,,,,,,,,,,,,,,,,,,,,,,,,,,,,,,,,,,
445,PP,SG,#3,-,H2_1,0.8587836895410359,5.015439467704688,78.44151179362476,0.8262102877894559,-0.9125210175607154,-21.509366595929237,0.7257910243683321,,,,,,,,,,,,,,,,,,,,,,,,,,,,,,,,,,,,,,,,,,PVC,LT,#5,#8,GASOLINE_1,0.9605924671797469,1.731973071242658,37.022878296312186,-0.6702910843771515,-0.22464811595733358,-20.071135277365332,0.45787209960483805,392,,,,,,,,,,,,,,,,,,,,,,,,,,,,,,,,,,,,,,,,,,,,,,,,,,,,,,,,,,,,,,,,,,,,,,,,,,,,,,,,,,,,,,,,,,,,,,,,,,,,,,,,,,,,,,,,,,,,,,,,,,,,,,,,,,,,,,,,,,,,,,,,,,,,,,,,,,,,,,,,
446,PP,SG,#4,-,MeOH_1,1.3615428943938435,9.152078962064623,142.54637502408676,-0.32123489914132064,-6.138011008848294,-95.82689898881823,0.3277493098465262,,,,,,,,,,,,,,,,,,,,,,,,,,,,,,,,,,,,,,,,,,PVC,LT,#5,#9,GASOLINE_1,0.9232784752079396,1.6270440434877387,37.561293335404486,-0.6421736958278543,-0.08491456668654368,-19.95130993999768,0.4688332544398306,393,,,,,,,,,,,,,,,,,,,,,,,,,,,,,,,,,,,,,,,,,,,,,,,,,,,,,,,,,,,,,,,,,,,,,,,,,,,,,,,,,,,,,,,,,,,,,,,,,,,,,,,,,,,,,,,,,,,,,,,,,,,,,,,,,,,,,,,,,,,,,,,,,,,,,,,,,,,,,,,,
447,PP,SG,#5,-,FT_1,1.586201555536091,10.914697239132812,150.97061149011878,-0.3584148408939081,-7.170534527355541,-107.5289964918719,0.28774881792864826,,,,,,,,,,,,,,,,,,,,,,,,,,,,,,,,,,,,,,,,,,PVC,LT,#5,#10,GASOLINE_1,0.9647526456934339,1.8209248068455273,38.45314823028018,-0.678042845059671,-0.3464887526903534,-21.35730294638605,0.4445889626907555,394,,,,,,,,,,,,,,,,,,,,,,,,,,,,,,,,,,,,,,,,,,,,,,,,,,,,,,,,,,,,,,,,,,,,,,,,,,,,,,,,,,,,,,,,,,,,,,,,,,,,,,,,,,,,,,,,,,,,,,,,,,,,,,,,,,,,,,,,,,,,,,,,,,,,,,,,,,,,,,,,
448,PP,SG,#6,-,MeOH_1,0.9721547519140714,3.9457194267625653,89.94071153710495,0.17064253015535485,-0.7887275068430254,-42.40958312539965,0.5284717854616525,,,,,,,,,,,,,,,,,,,,,,,,,,,,,,,,,,,,,,,,,,PVC,LT,#5,#11,GASOLINE_1,0.9812501621455757,1.9094849383669157,38.92811527231218,-0.6892857536313729,-0.40686371714924546,-21.992518405489125,0.43504795308876887,395,,,,,,,,,,,,,,,,,,,,,,,,,,,,,,,,,,,,,,,,,,,,,,,,,,,,,,,,,,,,,,,,,,,,,,,,,,,,,,,,,,,,,,,,,,,,,,,,,,,,,,,,,,,,,,,,,,,,,,,,,,,,,,,,,,,,,,,,,,,,,,,,,,,,,,,,,,,,,,,,
449,PP,SG,#7,-,FT_1,1.2118456180272166,6.0165660092319335,101.14291953710497,0.08785083890344253,-2.1969745577782605,-58.283397759450104,0.4237520725504819,,,,,,,,,,,,,,,,,,,,,,,,,,,,,,,,,,,,,,,,,,PVC,LT,#6,#1,MeOH_1,1.0643098290681494,3.039622659537392,45.1109858404863,-0.7155340180112532,-1.4026043269248263,-22.943408521191955,0.49140086181400505,396,,,,,,,,,,,,,,,,,,,,,,,,,,,,,,,,,,,,,,,,,,,,,,,,,,,,,,,,,,,,,,,,,,,,,,,,,,,,,,,,,,,,,,,,,,,,,,,,,,,,,,,,,,,,,,,,,,,,,,,,,,,,,,,,,,,,,,,,,,,,,,,,,,,,,,,,,,,,,,,,
450,PP,SG,#8,-,H2_1,0.9077002948041795,5.152809980713184,85.06180642268117,0.869879639252751,-0.9383752013217321,-28.186493396630883,0.6686351421157317,,,,,,,,,,,,,,,,,,,,,,,,,,,,,,,,,,,,,,,,,,PVC,LT,#6,#2,MeOH_1,1.2607123805336178,3.306860379942098,58.528515120486276,-0.7440196498287229,-1.4303468449017644,-29.50948535357563,0.49581011421821203,397,,,,,,,,,,,,,,,,,,,,,,,,,,,,,,,,,,,,,,,,,,,,,,,,,,,,,,,,,,,,,,,,,,,,,,,,,,,,,,,,,,,,,,,,,,,,,,,,,,,,,,,,,,,,,,,,,,,,,,,,,,,,,,,,,,,,,,,,,,,,,,,,,,,,,,,,,,,,,,,,
451,PP,SG,#9,-,MeOH_1,1.384025665465669,9.251383825552624,144.50676593710494,-0.28695686810517473,-6.16561939977165,-97.89389345987938,0.32256532886157946,,,,,,,,,,,,,,,,,,,,,,,,,,,,,,,,,,,,,,,,,,PVC,LT,#6,#3,MeOH_1,1.0404775341899732,2.264087037250718,42.678268558697255,-0.6721788935024701,-0.6108595212961409,-20.140085479965173,0.5280950666434453,398,,,,,,,,,,,,,,,,,,,,,,,,,,,,,,,,,,,,,,,,,,,,,,,,,,,,,,,,,,,,,,,,,,,,,,,,,,,,,,,,,,,,,,,,,,,,,,,,,,,,,,,,,,,,,,,,,,,,,,,,,,,,,,,,,,,,,,,,,,,,,,,,,,,,,,,,,,,,,,,,
452,PP,SG,#10,-,FT_1,1.6086843266079167,11.014002102620811,152.93100240313697,-0.3096204901563431,-7.194664136254006,-110.21335158511513,0.27932629844022777,,,,,,,,,,,,,,,,,,,,,,,,,,,,,,,,,,,,,,,,,,PVC,LT,#6,#4,MeOH_1,1.1354047281425954,3.5816793847081416,51.40261752048629,-0.7979821253725163,-2.0217537886884713,-30.10722444105886,0.4142861610294503,399,,,,,,,,,,,,,,,,,,,,,,,,,,,,,,,,,,,,,,,,,,,,,,,,,,,,,,,,,,,,,,,,,,,,,,,,,,,,,,,,,,,,,,,,,,,,,,,,,,,,,,,,,,,,,,,,,,,,,,,,,,,,,,,,,,,,,,,,,,,,,,,,,,,,,,,,,,,,,,,,
453,PP,OG,#1,-,MeOH_1,0.8202696363318253,2.2283474767511042,57.7485152,-0.3466187282415633,0.22364599687367528,-31.2642130105518,0.4586144266692453,,,,,,,,,,,,,,,,,,,,,,,,,,,,,,,,,,,,,,,,,,PVC,LT,#6,#5,MeOH_1,1.210470635260533,3.511798757499269,53.8664927204863,-0.6874363280513937,-1.643416712613721,-25.160861570751372,0.5329032892245036,400,,,,,,,,,,,,,,,,,,,,,,,,,,,,,,,,,,,,,,,,,,,,,,,,,,,,,,,,,,,,,,,,,,,,,,,,,,,,,,,,,,,,,,,,,,,,,,,,,,,,,,,,,,,,,,,,,,,,,,,,,,,,,,,,,,,,,,,,,,,,,,,,,,,,,,,,,,,,,,,,
454,PP,OG,#2,-,FT_1,1.771650843415313,3.753609208375001,88.38298863999998,-0.7408610921141353,-0.2538732886101276,-50.7879278898748,0.4253653483393362,,,,,,,,,,,,,,,,,,,,,,,,,,,,,,,,,,,,,,,,,,PVC,LT,#6,#6,MeOH_1,0.9580789602761939,1.9618425207331285,40.4697595680308,-0.5836627055090771,-0.337801253100961,-17.8565767429413,0.5587674121729364,401,,,,,,,,,,,,,,,,,,,,,,,,,,,,,,,,,,,,,,,,,,,,,,,,,,,,,,,,,,,,,,,,,,,,,,,,,,,,,,,,,,,,,,,,,,,,,,,,,,,,,,,,,,,,,,,,,,,,,,,,,,,,,,,,,,,,,,,,,,,,,,,,,,,,,,,,,,,,,,,,
455,PP,OG,#3,-,H2_1,0.8419120453684514,2.242929154991412,55.734171419216345,0.12182019490382644,0.9435489238864899,-24.770703536463447,0.5555562609849285,,,,,,,,,,,,,,,,,,,,,,,,,,,,,,,,,,,,,,,,,,PVC,LT,#6,#7,MeOH_1,1.0277430323206436,2.3585740315621697,44.63316270472807,-0.6596988073805088,-0.7267855202970782,-22.592914584798862,0.49380879113893594,402,,,,,,,,,,,,,,,,,,,,,,,,,,,,,,,,,,,,,,,,,,,,,,,,,,,,,,,,,,,,,,,,,,,,,,,,,,,,,,,,,,,,,,,,,,,,,,,,,,,,,,,,,,,,,,,,,,,,,,,,,,,,,,,,,,,,,,,,,,,,,,,,,,,,,,,,,,,,,,,,
456,PP,OG,#4,-,MeOH_1,1.1157562440223743,5.759154490941914,96.80473423999999,-0.6421658075422673,-3.3072109013951327,-70.32358494576144,0.273552213144721,,,,,,,,,,,,,,,,,,,,,,,,,,,,,,,,,,,,,,,,,,PVC,LT,#6,#8,MeOH_1,1.0636936239982209,2.4347457259385767,45.758019010760066,-0.6845370676505078,-0.8193720083769548,-24.110563583499907,0.4730855027218229,403,,,,,,,,,,,,,,,,,,,,,,,,,,,,,,,,,,,,,,,,,,,,,,,,,,,,,,,,,,,,,,,,,,,,,,,,,,,,,,,,,,,,,,,,,,,,,,,,,,,,,,,,,,,,,,,,,,,,,,,,,,,,,,,,,,,,,,,,,,,,,,,,,,,,,,,,,,,,,,,,
457,PP,OG,#5,-,FT_1,2.0546115278657644,6.969296316699843,122.75122544000001,-1.028936580645504,-3.4822564744513347,-84.10997005553465,0.31479323522805036,,,,,,,,,,,,,,,,,,,,,,,,,,,,,,,,,,,,,,,,,,PVC,LT,#6,#9,MeOH_1,1.0263796320264131,2.3298166981836577,46.29643404985238,-0.6564196791012104,-0.6796384591061648,-23.990738246132263,0.48180159577087855,404,,,,,,,,,,,,,,,,,,,,,,,,,,,,,,,,,,,,,,,,,,,,,,,,,,,,,,,,,,,,,,,,,,,,,,,,,,,,,,,,,,,,,,,,,,,,,,,,,,,,,,,,,,,,,,,,,,,,,,,,,,,,,,,,,,,,,,,,,,,,,,,,,,,,,,,,,,,,,,,,
458,PP,OG,#6,-,MeOH_1,0.8439976232693138,2.1154372125163654,66.13528103252321,-0.29625786313903535,0.3967524107758385,-40.19137827825222,0.39228536341310183,,,,,,,,,,,,,,,,,,,,,,,,,,,,,,,,,,,,,,,,,,PVC,LT,#6,#10,MeOH_1,1.0678538025119078,2.5236974615414463,47.18828894472807,-0.6922888283330275,-0.9412126451099745,-25.39673125252063,0.4618001241310533,405,,,,,,,,,,,,,,,,,,,,,,,,,,,,,,,,,,,,,,,,,,,,,,,,,,,,,,,,,,,,,,,,,,,,,,,,,,,,,,,,,,,,,,,,,,,,,,,,,,,,,,,,,,,,,,,,,,,,,,,,,,,,,,,,,,,,,,,,,,,,,,,,,,,,,,,,,,,,,,,,
459,PP,OG,#7,-,FT_1,0.9553304927718149,2.346137348843497,66.62877079252321,-0.24700050592033193,0.6748984865381441,-41.41126599297753,0.37847771314993967,,,,,,,,,,,,,,,,,,,,,,,,,,,,,,,,,,,,,,,,,,PVC,LT,#6,#11,MeOH_1,1.0843513189640495,2.612257593062835,47.66325598676007,-0.7035317369047291,-1.0015876095688672,-26.031946711623707,0.45383616430117835,406,,,,,,,,,,,,,,,,,,,,,,,,,,,,,,,,,,,,,,,,,,,,,,,,,,,,,,,,,,,,,,,,,,,,,,,,,,,,,,,,,,,,,,,,,,,,,,,,,,,,,,,,,,,,,,,,,,,,,,,,,,,,,,,,,,,,,,,,,,,,,,,,,,,,,,,,,,,,,,,,
460,PP,OG,#8,-,H2_1,0.8545023428270407,2.831753841079097,69.36769552746307,0.1660503861490524,0.41159676229363173,-37.033980406696514,0.46612064700874273,,,,,,,,,,,,,,,,,,,,,,,,,,,,,,,,,,,,,,,,,,PVC,LT,#7,#1,GASOLINE_1,1.0851773335313812,3.2810712937415403,45.4008796004863,-0.7913070474040793,-1.8396176890249956,-29.482422526869616,0.3506200147154456,407,,,,,,,,,,,,,,,,,,,,,,,,,,,,,,,,,,,,,,,,,,,,,,,,,,,,,,,,,,,,,,,,,,,,,,,,,,,,,,,,,,,,,,,,,,,,,,,,,,,,,,,,,,,,,,,,,,,,,,,,,,,,,,,,,,,,,,,,,,,,,,,,,,,,,,,,,,,,,,,,
461,PP,OG,#9,-,MeOH_1,1.0754334784265032,5.237517140817601,99.37936423252322,-0.5590258246151163,-2.7699032799533927,-74.2401895400311,0.25296171782375915,,,,,,,,,,,,,,,,,,,,,,,,,,,,,,,,,,,,,,,,,,PVC,LT,#7,#2,FT_1,1.2815798849968483,3.5483090141462474,58.81840888048629,-0.8197926792215474,-1.8673602070019346,-36.04849935925331,0.38712216047019204,408,,,,,,,,,,,,,,,,,,,,,,,,,,,,,,,,,,,,,,,,,,,,,,,,,,,,,,,,,,,,,,,,,,,,,,,,,,,,,,,,,,,,,,,,,,,,,,,,,,,,,,,,,,,,,,,,,,,,,,,,,,,,,,,,,,,,,,,,,,,,,,,,,,,,,,,,,,,,,,,,
462,PP,OG,#10,-,FT_1,1.2133915174109566,5.83040360087723,103.2814562325232,-0.4296595020908579,-2.722086915233648,-75.69644846365122,0.2670857748826502,,,,,,,,,,,,,,,,,,,,,,,,,,,,,,,,,,,,,,,,,,PVC,LT,#7,#3,GASOLINE_1,1.0613450386532053,2.5055356714548673,42.968162318697246,-0.7479519228952963,-1.0478728833963105,-26.679099485642833,0.37909610171916425,409,,,,,,,,,,,,,,,,,,,,,,,,,,,,,,,,,,,,,,,,,,,,,,,,,,,,,,,,,,,,,,,,,,,,,,,,,,,,,,,,,,,,,,,,,,,,,,,,,,,,,,,,,,,,,,,,,,,,,,,,,,,,,,,,,,,,,,,,,,,,,,,,,,,,,,,,,,,,,,,,
463,PVC,HT,#1,#1,JET FUEL_1,0.9356226647948849,1.546691455750759,28.664933457788806,-0.6179016867200628,-0.2406860133156079,-13.793231337709969,0.5188116742701845,,,,,,,,,,,,,,,,,,,,,,,,,,,,,,,,,,,,,,,,,,PVC,LT,#7,#4,GASOLINE_1,1.156272232605826,3.823128018912291,51.692511280486286,-0.8737551547653407,-2.458767150788641,-36.64623844673652,0.2910725840365521,410,,,,,,,,,,,,,,,,,,,,,,,,,,,,,,,,,,,,,,,,,,,,,,,,,,,,,,,,,,,,,,,,,,,,,,,,,,,,,,,,,,,,,,,,,,,,,,,,,,,,,,,,,,,,,,,,,,,,,,,,,,,,,,,,,,,,,,,,,,,,,,,,,,,,,,,,,,,,,,,,
464,PVC,HT,#1,#2,JET FUEL_1,1.3072869670280383,1.7859640161006245,39.1387456177888,-0.8656827826675967,-0.30145175277419867,-19.2187517566854,0.5089584131191379,,,,,,,,,,,,,,,,,,,,,,,,,,,,,,,,,,,,,,,,,,PVC,LT,#7,#5,FT_1,1.2313381397237648,3.753247391703417,54.1563864804863,-0.7632093574442195,-2.0804300747138895,-31.699875576429037,0.4146604373640923,411,,,,,,,,,,,,,,,,,,,,,,,,,,,,,,,,,,,,,,,,,,,,,,,,,,,,,,,,,,,,,,,,,,,,,,,,,,,,,,,,,,,,,,,,,,,,,,,,,,,,,,,,,,,,,,,,,,,,,,,,,,,,,,,,,,,,,,,,,,,,,,,,,,,,,,,,,,,,,,,,
465,PVC,HT,#1,#3,JET FUEL_1,0.9283375563659465,0.9248477229363928,26.358522497032194,-0.5770453573167523,0.40541941380294955,-10.936634728795012,0.5850816475002949,,,,,,,,,,,,,,,,,,,,,,,,,,,,,,,,,,,,,,,,,,PVC,LT,#7,#6,GASOLINE_1,0.9789464647394245,2.203291154937278,40.75965332803081,-0.6594357349019017,-0.7748146152011308,-24.39559074861896,0.40147698135985166,412,,,,,,,,,,,,,,,,,,,,,,,,,,,,,,,,,,,,,,,,,,,,,,,,,,,,,,,,,,,,,,,,,,,,,,,,,,,,,,,,,,,,,,,,,,,,,,,,,,,,,,,,,,,,,,,,,,,,,,,,,,,,,,,,,,,,,,,,,,,,,,,,,,,,,,,,,,,,,,,,
466,PVC,HT,#1,#4,JET FUEL_1,1.0257467883874805,1.9874999824862292,33.91168385778881,-0.7640488750308333,-0.76355254076108,-19.178522551530534,0.43445678982037256,,,,,,,,,,,,,,,,,,,,,,,,,,,,,,,,,,,,,,,,,,PVC,LT,#7,#7,GASOLINE_1,1.0486105367838743,2.6000226657663186,44.92305646472806,-0.7354718367733335,-1.1637988823972476,-29.131928590476512,0.35151499290014165,413,,,,,,,,,,,,,,,,,,,,,,,,,,,,,,,,,,,,,,,,,,,,,,,,,,,,,,,,,,,,,,,,,,,,,,,,,,,,,,,,,,,,,,,,,,,,,,,,,,,,,,,,,,,,,,,,,,,,,,,,,,,,,,,,,,,,,,,,,,,,,,,,,,,,,,,,,,,,,,,,
467,PVC,HT,#1,#5,JET FUEL_1,1.3826466522511902,2.2008232867904938,43.3833526577888,-0.9505116512425452,-0.7254824623290744,-23.845681419642663,0.45034950139194607,,,,,,,,,,,,,,,,,,,,,,,,,,,,,,,,,,,,,,,,,,PVC,LT,#7,#8,GASOLINE_1,1.0845611284614516,2.6761943601427256,46.04791277076006,-0.7603100970433326,-1.2563853704771244,-30.64957758917757,0.33439811394361985,414,,,,,,,,,,,,,,,,,,,,,,,,,,,,,,,,,,,,,,,,,,,,,,,,,,,,,,,,,,,,,,,,,,,,,,,,,,,,,,,,,,,,,,,,,,,,,,,,,,,,,,,,,,,,,,,,,,,,,,,,,,,,,,,,,,,,,,,,,,,,,,,,,,,,,,,,,,,,,,,,
468,PVC,HT,#1,#6,JET FUEL_1,0.8295702774153926,0.6845612354959536,24.77995016516399,-0.5025037230971923,0.6320645081515524,-9.49522075679731,0.6168184078858306,,,,,,,,,,,,,,,,,,,,,,,,,,,,,,,,,,,,,,,,,,PVC,LT,#7,#9,GASOLINE_1,1.0472471364896452,2.571265332387806,46.58632780985238,-0.7321927084940365,-1.1166518212063339,-30.529752251809935,0.3446628294803416,415,,,,,,,,,,,,,,,,,,,,,,,,,,,,,,,,,,,,,,,,,,,,,,,,,,,,,,,,,,,,,,,,,,,,,,,,,,,,,,,,,,,,,,,,,,,,,,,,,,,,,,,,,,,,,,,,,,,,,,,,,,,,,,,,,,,,,,,,,,,,,,,,,,,,,,,,,,,,,,,,
469,PVC,HT,#1,#7,JET FUEL_1,0.9024386196912295,0.9702371770148739,28.270515538751567,-0.5586267896071415,0.34773892135575374,-13.298350072604954,0.5296035527057739,,,,,,,,,,,,,,,,,,,,,,,,,,,,,,,,,,,,,,,,,,PVC,LT,#7,#10,GASOLINE_1,1.0887213069751385,2.7651460957455947,47.47818270472807,-0.7680618577258522,-1.378226007210143,-31.935745258198303,0.3273595694087505,416,,,,,,,,,,,,,,,,,,,,,,,,,,,,,,,,,,,,,,,,,,,,,,,,,,,,,,,,,,,,,,,,,,,,,,,,,,,,,,,,,,,,,,,,,,,,,,,,,,,,,,,,,,,,,,,,,,,,,,,,,,,,,,,,,,,,,,,,,,,,,,,,,,,,,,,,,,,,,,,,
470,PVC,HT,#1,#8,JET FUEL_1,0.9606003333159023,1.1240566591354655,29.84547680478356,-0.6221852376243328,0.1922157841226408,-14.948475433937638,0.4991376572163949,,,,,,,,,,,,,,,,,,,,,,,,,,,,,,,,,,,,,,,,,,PVC,LT,#7,#11,GASOLINE_1,1.1052188234272802,2.8537062272669833,47.953149746760076,-0.7793047662975537,-1.4386009716690362,-32.57096071730137,0.3207753632595947,417,,,,,,,,,,,,,,,,,,,,,,,,,,,,,,,,,,,,,,,,,,,,,,,,,,,,,,,,,,,,,,,,,,,,,,,,,,,,,,,,,,,,,,,,,,,,,,,,,,,,,,,,,,,,,,,,,,,,,,,,,,,,,,,,,,,,,,,,,,,,,,,,,,,,,,,,,,,,,,,,
471,PVC,HT,#1,#9,JET FUEL_1,0.914346158751314,0.9751184490866147,29.446309208837885,-0.5584858025780122,0.35901669061191177,-14.284120252088925,0.5149096563924639,,,,,,,,,,,,,,,,,,,,,,,,,,,,,,,,,,,,,,,,,,PVC,LT,#8,#1,Aromatics,1.0369363004703813,1.584597583484256,26.60212767423976,-0.8326596294091465,-0.19324862151718705,-11.905363041849085,0.5524657580913095,418,,,,,,,,,,,,,,,,,,,,,,,,,,,,,,,,,,,,,,,,,,,,,,,,,,,,,,,,,,,,,,,,,,,,,,,,,,,,,,,,,,,,,,,,,,,,,,,,,,,,,,,,,,,,,,,,,,,,,,,,,,,,,,,,,,,,,,,,,,,,,,,,,,,,,,,,,,,,,,,,
472,PVC,HT,#1,#10,JET FUEL_1,0.9720903176868493,1.2118230615801884,31.271588754751562,-0.640160348231771,0.08660869674561322,-16.42251647234047,0.47484227292912484,,,,,,,,,,,,,,,,,,,,,,,,,,,,,,,,,,,,,,,,,,PVC,LT,#8,#2,FT_1,1.2333388519358488,1.8518353038889634,40.01965695423976,-0.8611452612266153,-0.22099113949412613,-18.47143987423278,0.5384408243340556,419,,,,,,,,,,,,,,,,,,,,,,,,,,,,,,,,,,,,,,,,,,,,,,,,,,,,,,,,,,,,,,,,,,,,,,,,,,,,,,,,,,,,,,,,,,,,,,,,,,,,,,,,,,,,,,,,,,,,,,,,,,,,,,,,,,,,,,,,,,,,,,,,,,,,,,,,,,,,,,,,
473,PVC,HT,#1,#11,JET FUEL_1,1.0234621907002683,1.4260313748799451,32.90295616478356,-0.686258359658059,-0.11055780042120993,-18.123560378021843,0.4491813961257467,,,,,,,,,,,,,,,,,,,,,,,,,,,,,,,,,,,,,,,,,,PVC,LT,#8,#4,Aromatics,1.1080311995448267,2.1266543086550067,32.89375935423975,-0.9151077367704088,-0.8123980832808327,-19.069178961715995,0.42027973281022596,420,,,,,,,,,,,,,,,,,,,,,,,,,,,,,,,,,,,,,,,,,,,,,,,,,,,,,,,,,,,,,,,,,,,,,,,,,,,,,,,,,,,,,,,,,,,,,,,,,,,,,,,,,,,,,,,,,,,,,,,,,,,,,,,,,,,,,,,,,,,,,,,,,,,,,,,,,,,,,,,,
474,PVC,HT,#2,#1,DIESEL_1,0.9962821673191805,1.815391087755892,31.567856013859046,-0.6903560987640985,-0.4074239883330971,-16.385438485795376,0.4809454757205629,,,,,,,,,,,,,,,,,,,,,,,,,,,,,,,,,,,,,,,,,,PVC,LT,#8,#5,FT_1,1.183097106662764,2.056773681446133,35.35763455423975,-0.8045619394492857,-0.43406100720608204,-14.122816091408506,0.600572372290809,421,,,,,,,,,,,,,,,,,,,,,,,,,,,,,,,,,,,,,,,,,,,,,,,,,,,,,,,,,,,,,,,,,,,,,,,,,,,,,,,,,,,,,,,,,,,,,,,,,,,,,,,,,,,,,,,,,,,,,,,,,,,,,,,,,,,,,,,,,,,,,,,,,,,,,,,,,,,,,,,,
475,PVC,HT,#2,#2,FT_1,1.3679464695523325,2.0546636481057576,42.041668173859044,-0.9381371947116309,-0.4681897277916878,-21.810958904770818,0.4812061497042931,,,,,,,,,,,,,,,,,,,,,,,,,,,,,,,,,,,,,,,,,,PVC,LT,#9,#1,Aromatics,1.1138288293390914,1.8823665683629875,28.74486651423976,-0.9184294391806749,-0.4716745868244502,-14.16689140493062,0.5071505585906073,422,,,,,,,,,,,,,,,,,,,,,,,,,,,,,,,,,,,,,,,,,,,,,,,,,,,,,,,,,,,,,,,,,,,,,,,,,,,,,,,,,,,,,,,,,,,,,,,,,,,,,,,,,,,,,,,,,,,,,,,,,,,,,,,,,,,,,,,,,,,,,,,,,,,,,,,,,,,,,,,,
476,PVC,HT,#2,#3,DIESEL_1,0.9889970588902406,1.1935473549415259,29.26144505310244,-0.6494997693607865,0.23868143878546058,-13.528841876880424,0.5376563989806774,,,,,,,,,,,,,,,,,,,,,,,,,,,,,,,,,,,,,,,,,,PVC,LT,#9,#2,FT_1,1.3102313808045598,2.1496042887676947,42.16239579423976,-0.9469150709981446,-0.49941710480138896,-20.732968237314317,0.5082592474465869,423,,,,,,,,,,,,,,,,,,,,,,,,,,,,,,,,,,,,,,,,,,,,,,,,,,,,,,,,,,,,,,,,,,,,,,,,,,,,,,,,,,,,,,,,,,,,,,,,,,,,,,,,,,,,,,,,,,,,,,,,,,,,,,,,,,,,,,,,,,,,,,,,,,,,,,,,,,,,,,,,
477,PVC,HT,#2,#4,DIESEL_1,1.086406290911776,2.2561996144913627,36.814606413859046,-0.836503287074869,-0.9302905157785699,-21.770729699615938,0.40863880344459586,,,,,,,,,,,,,,,,,,,,,,,,,,,,,,,,,,,,,,,,,,PVC,LT,#9,#4,Aromatics,1.1849237284135372,2.4244232935337378,35.03649819423976,-1.0008775465419375,-1.0908240485880951,-21.330707324797544,0.3911860938116111,424,,,,,,,,,,,,,,,,,,,,,,,,,,,,,,,,,,,,,,,,,,,,,,,,,,,,,,,,,,,,,,,,,,,,,,,,,,,,,,,,,,,,,,,,,,,,,,,,,,,,,,,,,,,,,,,,,,,,,,,,,,,,,,,,,,,,,,,,,,,,,,,,,,,,,,,,,,,,,,,,
478,PVC,HT,#2,#5,FT_1,1.4433061547754842,2.4695229187956262,46.28627521385905,-1.0229660632865794,-0.8922204373465633,-26.437888567728077,0.42881797151368034,,,,,,,,,,,,,,,,,,,,,,,,,,,,,,,,,,,,,,,,,,PVC,LT,#9,#5,FT_1,1.2599896355314748,2.354542666324864,37.50037339423975,-0.8903317492208148,-0.7124869725133443,-16.384344454490034,0.5630884982866129,425,,,,,,,,,,,,,,,,,,,,,,,,,,,,,,,,,,,,,,,,,,,,,,,,,,,,,,,,,,,,,,,,,,,,,,,,,,,,,,,,,,,,,,,,,,,,,,,,,,,,,,,,,,,,,,,,,,,,,,,,,,,,,,,,,,,,,,,,,,,,,,,,,,,,,,,,,,,,,,,,
479,PVC,HT,#2,#6,Olefin,0.8902297799396875,0.9532608675010866,27.682872721234236,-0.5749581351412273,0.4653265331340632,-12.087427904882725,0.5633607817150051,,,,,,,,,,,,,,,,,,,,,,,,,,,,,,,,,,,,,,,,,,PVC,LT,#9,#10,Aromatics,1.1173728027828502,1.3664413703670415,30.822169618481528,-0.8951842495024492,-0.01028290500959769,-16.620214136259307,0.460770791219917,426,,,,,,,,,,,,,,,,,,,,,,,,,,,,,,,,,,,,,,,,,,,,,,,,,,,,,,,,,,,,,,,,,,,,,,,,,,,,,,,,,,,,,,,,,,,,,,,,,,,,,,,,,,,,,,,,,,,,,,,,,,,,,,,,,,,,,,,,,,,,,,,,,,,,,,,,,,,,,,,,
480,PVC,HT,#2,#7,DIESEL_1,0.9630981222155237,1.2389368090200066,31.173438094821805,-0.6310812016511759,0.18100094633826494,-15.89055722069036,0.490253299223677,,,,,,,,,,,,,,,,,,,,,,,,,,,,,,,,,,,,,,,,,,PVC,LT,#9,#11,Aromatics,1.1338703192349917,1.4550015018884312,31.297136660513527,-0.9064271580741506,-0.07065786946849137,-17.255429595362365,0.4486578825872936,427,,,,,,,,,,,,,,,,,,,,,,,,,,,,,,,,,,,,,,,,,,,,,,,,,,,,,,,,,,,,,,,,,,,,,,,,,,,,,,,,,,,,,,,,,,,,,,,,,,,,,,,,,,,,,,,,,,,,,,,,,,,,,,,,,,,,,,,,,,,,,,,,,,,,,,,,,,,,,,,,
481,PVC,HT,#2,#8,DIESEL_1,1.021259835840196,1.3927562911405986,32.7483993608538,-0.6946396496683668,0.025477809105151444,-17.54068258202305,0.46438046059159405,,,,,,,,,,,,,,,,,,,,,,,,,,,,,,,,,,,,,,,,,,PVC,HT,#1,-,MeOH_1,0.9326580080737527,1.688416667701028,35.02551151417986,-0.6746989347889045,-0.30172913005385144,-19.705596144081966,0.43739305174446136,428,,,,,,,,,,,,,,,,,,,,,,,,,,,,,,,,,,,,,,,,,,,,,,,,,,,,,,,,,,,,,,,,,,,,,,,,,,,,,,,,,,,,,,,,,,,,,,,,,,,,,,,,,,,,,,,,,,,,,,,,,,,,,,,,,,,,,,,,,,,,,,,,,,,,,,,,,,,,,,,,
482,PVC,HT,#2,#9,DIESEL_1,0.9750056612756081,1.2438180810917474,32.34923176490813,-0.6309402146220462,0.19227871559442297,-16.87632740017434,0.4783082478489805,,,,,,,,,,,,,,,,,,,,,,,,,,,,,,,,,,,,,,,,,,PVC,HT,#2,-,FT_1,0.9973215903910142,1.786987225946631,35.78989345509186,-0.7105438706490688,-0.4521197387708023,-21.230440111172108,0.4068034838435198,429,,,,,,,,,,,,,,,,,,,,,,,,,,,,,,,,,,,,,,,,,,,,,,,,,,,,,,,,,,,,,,,,,,,,,,,,,,,,,,,,,,,,,,,,,,,,,,,,,,,,,,,,,,,,,,,,,,,,,,,,,,,,,,,,,,,,,,,,,,,,,,,,,,,,,,,,,,,,,,,,
483,PVC,HT,#2,#10,DIESEL_1,1.0327498202111434,1.4805226935853213,34.174511310821806,-0.7126147602758053,-0.08012927827187598,-19.014723620425876,0.443599253037318,,,,,,,,,,,,,,,,,,,,,,,,,,,,,,,,,,,,,,,,,,PVC,HT,#3,-,DIESEL_1,0.9466784319616328,2.638918376739657,35.966950165661586,-0.6453439910822806,-1.1412129295230264,-11.869701609916957,0.6699830940559087,430,,,,,,,,,,,,,,,,,,,,,,,,,,,,,,,,,,,,,,,,,,,,,,,,,,,,,,,,,,,,,,,,,,,,,,,,,,,,,,,,,,,,,,,,,,,,,,,,,,,,,,,,,,,,,,,,,,,,,,,,,,,,,,,,,,,,,,,,,,,,,,,,,,,,,,,,,,,,,,,,
484,PVC,HT,#2,#11,DIESEL_1,1.0841216932245636,1.6947310068850783,35.80587872085381,-0.7587127717020945,-0.2772957754386991,-20.715767526107253,0.421442280816247,,,,,,,,,,,,,,,,,,,,,,,,,,,,,,,,,,,,,,,,,,PVC,HT,#4,-,MeOH_1,1.1039056129158669,2.764917626100438,49.77494018905987,-0.8552202219907431,-1.5571897903116583,-36.874436017445,0.2591766885628583,431,,,,,,,,,,,,,,,,,,,,,,,,,,,,,,,,,,,,,,,,,,,,,,,,,,,,,,,,,,,,,,,,,,,,,,,,,,,,,,,,,,,,,,,,,,,,,,,,,,,,,,,,,,,,,,,,,,,,,,,,,,,,,,,,,,,,,,,,,,,,,,,,,,,,,,,,,,,,,,,,
485,PVC,HT,#3,#1,MeOH_1,1.056752100358058,2.2427216577306757,35.475655669021315,-0.6626970004865457,-0.8486351190769058,-20.062465251647247,0.43447231986845136,,,,,,,,,,,,,,,,,,,,,,,,,,,,,,,,,,,,,,,,,,PVC,HT,#5,-,FT_1,1.1601828667567244,2.9472937095386946,49.77300145509186,-0.832444170070747,-1.5528318385413935,-34.70802129775289,0.302673733086631,432,,,,,,,,,,,,,,,,,,,,,,,,,,,,,,,,,,,,,,,,,,,,,,,,,,,,,,,,,,,,,,,,,,,,,,,,,,,,,,,,,,,,,,,,,,,,,,,,,,,,,,,,,,,,,,,,,,,,,,,,,,,,,,,,,,,,,,,,,,,,,,,,,,,,,,,,,,,,,,,,
486,PVC,HT,#3,#2,MeOH_1,1.42841640259121,2.481994218080541,45.94946782902131,-0.910478096434078,-0.9094008585354966,-25.48798567062268,0.44530400731812875,,,,,,,,,,,,,,,,,,,,,,,,,,,,,,,,,,,,,,,,,,PVC,HT,#7,-,MeOH_1,0.8910514681855484,2.007440342081226,33.75222870009637,-0.6126828702561863,-0.6208247211463612,-18.028428525075537,0.4658596122565363,433,,,,,,,,,,,,,,,,,,,,,,,,,,,,,,,,,,,,,,,,,,,,,,,,,,,,,,,,,,,,,,,,,,,,,,,,,,,,,,,,,,,,,,,,,,,,,,,,,,,,,,,,,,,,,,,,,,,,,,,,,,,,,,,,,,,,,,,,,,,,,,,,,,,,,,,,,,,,,,,,
487,PVC,HT,#3,#3,MeOH_1,1.0494669919291182,1.6208779249163094,33.169244708264706,-0.6218406710832337,-0.20252969195834844,-17.205868642732295,0.4812704119715712,,,,,,,,,,,,,,,,,,,,,,,,,,,,,,,,,,,,,,,,,,PVC,HT,#8,-,DIESEL_1,0.9674271350381082,2.190288902687999,36.31719604612837,-0.6702559895744409,-0.7741974104408109,-21.179439673860603,0.41682062549764337,434,,,,,,,,,,,,,,,,,,,,,,,,,,,,,,,,,,,,,,,,,,,,,,,,,,,,,,,,,,,,,,,,,,,,,,,,,,,,,,,,,,,,,,,,,,,,,,,,,,,,,,,,,,,,,,,,,,,,,,,,,,,,,,,,,,,,,,,,,,,,,,,,,,,,,,,,,,,,,,,,
488,PVC,HT,#3,#4,MeOH_1,1.1468762239506538,2.683530184466147,40.72240606902132,-0.8088441887973165,-1.3715016465223788,-25.447756465467812,0.3750920212735996,,,,,,,,,,,,,,,,,,,,,,,,,,,,,,,,,,,,,,,,,,PVC,HT,#10,-,MeOH_1,1.0187330476812482,2.7051140144805683,42.84393958009637,-0.7293339442238668,-1.389279258711871,-27.66818035174886,0.3542101724790402,435,,,,,,,,,,,,,,,,,,,,,,,,,,,,,,,,,,,,,,,,,,,,,,,,,,,,,,,,,,,,,,,,,,,,,,,,,,,,,,,,,,,,,,,,,,,,,,,,,,,,,,,,,,,,,,,,,,,,,,,,,,,,,,,,,,,,,,,,,,,,,,,,,,,,,,,,,,,,,,,,
489,PVC,HT,#3,#5,FT_1,1.5037760878143636,2.8968534887704096,50.194074869021314,-0.9953069650090282,-1.3334315680903719,-30.11491533357993,0.40003047347394777,,,,,,,,,,,,,,,,,,,,,,,,,,,,,,,,,,,,,,,,,,PVC,HT,#11,-,DIESEL_1,1.0949847958973296,3.0613238264513236,45.84450820612837,-0.7969356300285148,-1.648168733367443,-30.964952821840505,0.3245657106274467,436,,,,,,,,,,,,,,,,,,,,,,,,,,,,,,,,,,,,,,,,,,,,,,,,,,,,,,,,,,,,,,,,,,,,,,,,,,,,,,,,,,,,,,,,,,,,,,,,,,,,,,,,,,,,,,,,,,,,,,,,,,,,,,,,,,,,,,,,,,,,,,,,,,,,,,,,,,,,,,,,
490,PVC,HT,#3,#6,MeOH_1,0.9506997129785648,1.3805914374758703,31.59067237639651,-0.5472990368636742,0.02411540239025414,-15.7644546707346,0.5009775517626123,,,,,,,,,,,,,,,,,,,,,,,,,,,,,,,,,,,,,,,,,,PVC,LT,#1,-,MeOH_1,0.8946603275496396,2.2696365925640265,34.717649749932434,-0.6212006440540974,-0.8760306382911658,-18.549275009861077,0.4657105206294336,437,,,,,,,,,,,,,,,,,,,,,,,,,,,,,,,,,,,,,,,,,,,,,,,,,,,,,,,,,,,,,,,,,,,,,,,,,,,,,,,,,,,,,,,,,,,,,,,,,,,,,,,,,,,,,,,,,,,,,,,,,,,,,,,,,,,,,,,,,,,,,,,,,,,,,,,,,,,,,,,,
491,PVC,HT,#3,#7,MeOH_1,1.0235680552544009,1.6662673789947906,35.081237749984076,-0.6034221033736227,-0.2602101844055444,-19.56758398654223,0.4422208211125301,,,,,,,,,,,,,,,,,,,,,,,,,,,,,,,,,,,,,,,,,,PVC,LT,#2,-,FT_1,0.9480804264000872,2.247266606538354,35.00101265084444,-0.6401363153738462,-0.8915482301960811,-19.479171015406703,0.4434683587665642,438,,,,,,,,,,,,,,,,,,,,,,,,,,,,,,,,,,,,,,,,,,,,,,,,,,,,,,,,,,,,,,,,,,,,,,,,,,,,,,,,,,,,,,,,,,,,,,,,,,,,,,,,,,,,,,,,,,,,,,,,,,,,,,,,,,,,,,,,,,,,,,,,,,,,,,,,,,,,,,,,
492,PVC,HT,#3,#8,MeOH_1,1.0817297688790752,1.8200868611153822,36.656199016016075,-0.6669805513908156,-0.41573332163865745,-21.217709347874926,0.42116995440240984,,,,,,,,,,,,,,,,,,,,,,,,,,,,,,,,,,,,,,,,,,PVC,LT,#3,-,GASOLINE_1,0.8987141323260115,1.632418885409301,34.42105558215578,-0.6254541823684698,-0.10597401605138392,-16.873245767882434,0.5097987123721536,439,,,,,,,,,,,,,,,,,,,,,,,,,,,,,,,,,,,,,,,,,,,,,,,,,,,,,,,,,,,,,,,,,,,,,,,,,,,,,,,,,,,,,,,,,,,,,,,,,,,,,,,,,,,,,,,,,,,,,,,,,,,,,,,,,,,,,,,,,,,,,,,,,,,,,,,,,,,,,,,,
493,PVC,HT,#3,#9,MeOH_1,1.0354755943144855,1.6711486510665314,36.257031420070405,-0.6032811163444931,-0.24893241514938652,-20.55335416602621,0.43312087721972964,,,,,,,,,,,,,,,,,,,,,,,,,,,,,,,,,,,,,,,,,,PVC,LT,#4,-,MeOH_1,1.076419215909181,3.18610147138191,52.57451826481245,-0.7542801013599142,-1.9094750115850907,-34.197572558145424,0.34954092425734157,440,,,,,,,,,,,,,,,,,,,,,,,,,,,,,,,,,,,,,,,,,,,,,,,,,,,,,,,,,,,,,,,,,,,,,,,,,,,,,,,,,,,,,,,,,,,,,,,,,,,,,,,,,,,,,,,,,,,,,,,,,,,,,,,,,,,,,,,,,,,,,,,,,,,,,,,,,,,,,,,,
494,PVC,HT,#3,#10,MeOH_1,1.0932197532500225,1.9078532635601053,38.08231096598408,-0.6849556619982541,-0.5213404090156853,-22.691750386277754,0.40413935471125945,,,,,,,,,,,,,,,,,,,,,,,,,,,,,,,,,,,,,,,,,,PVC,LT,#5,-,FT_1,1.1231016450918963,3.51799560127464,52.47419665084444,-0.7479794209648757,-2.068584203977796,-34.08947745394557,0.35035732551044235,441,,,,,,,,,,,,,,,,,,,,,,,,,,,,,,,,,,,,,,,,,,,,,,,,,,,,,,,,,,,,,,,,,,,,,,,,,,,,,,,,,,,,,,,,,,,,,,,,,,,,,,,,,,,,,,,,,,,,,,,,,,,,,,,,,,,,,,,,,,,,,,,,,,,,,,,,,,,,,,,,
495,PVC,HT,#3,#11,MeOH_1,1.1445916262634412,2.122061576859862,39.713678376016084,-0.7310536734245416,-0.7185069061825085,-24.392794291959124,0.38578355646123064,,,,,,,,,,,,,,,,,,,,,,,,,,,,,,,,,,,,,,,,,,PVC,LT,#7,-,MeOH_1,0.8808927084954712,1.711885564383401,35.581186856525285,-0.5893852942093223,-0.2938413827057834,-19.054430002959787,0.46448020186079414,442,,,,,,,,,,,,,,,,,,,,,,,,,,,,,,,,,,,,,,,,,,,,,,,,,,,,,,,,,,,,,,,,,,,,,,,,,,,,,,,,,,,,,,,,,,,,,,,,,,,,,,,,,,,,,,,,,,,,,,,,,,,,,,,,,,,,,,,,,,,,,,,,,,,,,,,,,,,,,,,,
496,PVC,HT,#4,#1,DIESEL_1,1.0925665457451172,2.3454346797832057,36.60551101505332,-0.6614940650319485,-0.8644339280394632,-20.669071717974123,0.43535628530156667,,,,,,,,,,,,,,,,,,,,,,,,,,,,,,,,,,,,,,,,,,PVC,LT,#8,-,GASOLINE_1,0.9620676550899108,1.8889751583495349,37.80574860255728,-0.6393193645555946,-0.4685286911332118,-22.223548377670465,0.4121648373822387,443,,,,,,,,,,,,,,,,,,,,,,,,,,,,,,,,,,,,,,,,,,,,,,,,,,,,,,,,,,,,,,,,,,,,,,,,,,,,,,,,,,,,,,,,,,,,,,,,,,,,,,,,,,,,,,,,,,,,,,,,,,,,,,,,,,,,,,,,,,,,,,,,,,,,,,,,,,,,,,,,
497,PVC,HT,#4,#2,FT_1,1.4642308479782695,2.584707240133071,47.07932317505332,-0.9092751609794809,-0.9251996674980539,-26.09459213694957,0.44573136618971765,,,,,,,,,,,,,,,,,,,,,,,,,,,,,,,,,,,,,,,,,,PVC,LT,#10,-,MeOH_1,0.9972401415293226,2.451661112183481,45.53482013652529,-0.688707697715226,-1.1528265947515401,-29.703363857686416,0.34767802379304524,444,,,,,,,,,,,,,,,,,,,,,,,,,,,,,,,,,,,,,,,,,,,,,,,,,,,,,,,,,,,,,,,,,,,,,,,,,,,,,,,,,,,,,,,,,,,,,,,,,,,,,,,,,,,,,,,,,,,,,,,,,,,,,,,,,,,,,,,,,,,,,,,,,,,,,,,,,,,,,,,,
498,PVC,HT,#4,#3,DIESEL_1,1.0852814373161774,1.7235909469688397,34.29910005429671,-0.6206377356286362,-0.21832850092090578,-17.812475109059168,0.48067223102468054,,,,,,,,,,,,,,,,,,,,,,,,,,,,,,,,,,,,,,,,,,PVC,LT,#11,-,GASOLINE_1,1.0591265682051585,2.82340697999293,47.54268988255729,-0.7336300482743172,-1.410567555154624,-32.08496810358123,0.32513351299980325,445,,,,,,,,,,,,,,,,,,,,,,,,,,,,,,,,,,,,,,,,,,,,,,,,,,,,,,,,,,,,,,,,,,,,,,,,,,,,,,,,,,,,,,,,,,,,,,,,,,,,,,,,,,,,,,,,,,,,,,,,,,,,,,,,,,,,,,,,,,,,,,,,,,,,,,,,,,,,,,,,
499,PVC,HT,#4,#4,DIESEL_1,1.182690669337713,2.786243206518677,41.85226141505331,-0.8076412533427191,-1.3873004554849362,-26.054362931794692,0.37746821674913067,,,,,,,,,,,,,,,,,,,,,,,,,,,,,,,,,,,,,,,,,,PVC,SG,#1,-,MeOH_1,0.7508821537655215,1.8806268638335246,31.44165865493168,-0.45421354411411,-0.5731524927330786,-14.569915477300356,0.536604743496411,446,,,,,,,,,,,,,,,,,,,,,,,,,,,,,,,,,,,,,,,,,,,,,,,,,,,,,,,,,,,,,,,,,,,,,,,,,,,,,,,,,,,,,,,,,,,,,,,,,,,,,,,,,,,,,,,,,,,,,,,,,,,,,,,,,,,,,,,,,,,,,,,,,,,,,,,,,,,,,,,,
500,PVC,HT,#4,#5,FT_1,1.539590533201423,2.999566510822941,51.32393021505332,-0.994104029554431,-1.34923037705293,-30.72152179990681,0.40141914948485014,,,,,,,,,,,,,,,,,,,,,,,,,,,,,,,,,,,,,,,,,,PVC,SG,#2,-,FT_1,0.8557731247654915,2.1451503750468333,32.15640649493168,-0.44463765569967745,-0.5381051955599024,-15.806766711648681,0.5084411339886482,447,,,,,,,,,,,,,,,,,,,,,,,,,,,,,,,,,,,,,,,,,,,,,,,,,,,,,,,,,,,,,,,,,,,,,,,,,,,,,,,,,,,,,,,,,,,,,,,,,,,,,,,,,,,,,,,,,,,,,,,,,,,,,,,,,,,,,,,,,,,,,,,,,,,,,,,,,,,,,,,,
501,PVC,HT,#4,#6,DIESEL_1,0.986514158365624,1.4833044595284004,32.7205277224285,-0.5460961014090768,0.008316593427697121,-16.371061137061464,0.4996700152290082,,,,,,,,,,,,,,,,,,,,,,,,,,,,,,,,,,,,,,,,,,PVC,SG,#3,-,H2_1,0.7463074297726376,2.216968181138067,33.54006506455463,-0.5150766634282603,-0.3744079390301937,-11.632369735668638,0.6531798697086666,448,,,,,,,,,,,,,,,,,,,,,,,,,,,,,,,,,,,,,,,,,,,,,,,,,,,,,,,,,,,,,,,,,,,,,,,,,,,,,,,,,,,,,,,,,,,,,,,,,,,,,,,,,,,,,,,,,,,,,,,,,,,,,,,,,,,,,,,,,,,,,,,,,,,,,,,,,,,,,,,,
502,PVC,HT,#4,#7,DIESEL_1,1.0593825006414603,1.7689804010473207,36.21109309601608,-0.6022191679190256,-0.2760089933681014,-20.174190452869112,0.4428726468053331,,,,,,,,,,,,,,,,,,,,,,,,,,,,,,,,,,,,,,,,,,PVC,SG,#4,-,MeOH_1,0.9416664339117908,3.844835972933493,52.363769054931666,-0.6421540349472241,-2.557844540377194,-35.00003728426775,0.3315982039499234,449,,,,,,,,,,,,,,,,,,,,,,,,,,,,,,,,,,,,,,,,,,,,,,,,,,,,,,,,,,,,,,,,,,,,,,,,,,,,,,,,,,,,,,,,,,,,,,,,,,,,,,,,,,,,,,,,,,,,,,,,,,,,,,,,,,,,,,,,,,,,,,,,,,,,,,,,,,,,,,,,
503,PVC,HT,#4,#8,DIESEL_1,1.1175442142661345,1.9227998831679127,37.78605436204807,-0.665777615936218,-0.43153213060121476,-21.8243158142018,0.42242406139864347,,,,,,,,,,,,,,,,,,,,,,,,,,,,,,,,,,,,,,,,,,PVC,SG,#5,-,FT_1,1.0456791063492552,4.131610273211943,53.27796265493168,-0.6349184169134479,-2.5277639649355628,-37.05218054218253,0.30454959807377696,450,,,,,,,,,,,,,,,,,,,,,,,,,,,,,,,,,,,,,,,,,,,,,,,,,,,,,,,,,,,,,,,,,,,,,,,,,,,,,,,,,,,,,,,,,,,,,,,,,,,,,,,,,,,,,,,,,,,,,,,,,,,,,,,,,,,,,,,,,,,,,,,,,,,,,,,,,,,,,,,,
504,PVC,HT,#4,#9,DIESEL_1,1.071290039701545,1.7738616731190615,37.38688676610241,-0.6020781808898964,-0.26473122411194355,-21.159960632353084,0.43402720946697804,,,,,,,,,,,,,,,,,,,,,,,,,,,,,,,,,,,,,,,,,,PVC,SG,#6,-,MeOH_1,0.7628466629551013,1.8249573411986366,34.98731006139432,-0.440712352892072,-0.5146891835432288,-17.799675226034104,0.49125339459364115,451,,,,,,,,,,,,,,,,,,,,,,,,,,,,,,,,,,,,,,,,,,,,,,,,,,,,,,,,,,,,,,,,,,,,,,,,,,,,,,,,,,,,,,,,,,,,,,,,,,,,,,,,,,,,,,,,,,,,,,,,,,,,,,,,,,,,,,,,,,,,,,,,,,,,,,,,,,,,,,,,
505,PVC,HT,#4,#10,DIESEL_1,1.1290341986370818,2.010566285612635,39.21216631201607,-0.6837527265436567,-0.537139217978242,-23.298356852604627,0.40583856889678804,,,,,,,,,,,,,,,,,,,,,,,,,,,,,,,,,,,,,,,,,,PVC,SG,#7,-,FT_1,0.8713346843246997,2.376028746652511,37.35357420742632,-0.4878192740051314,-0.7704335604624438,-21.30138282455321,0.4297364234473108,452,,,,,,,,,,,,,,,,,,,,,,,,,,,,,,,,,,,,,,,,,,,,,,,,,,,,,,,,,,,,,,,,,,,,,,,,,,,,,,,,,,,,,,,,,,,,,,,,,,,,,,,,,,,,,,,,,,,,,,,,,,,,,,,,,,,,,,,,,,,,,,,,,,,,,,,,,,,,,,,,
506,PVC,HT,#4,#11,DIESEL_1,1.1804060716505003,2.224774598912392,40.84353372204808,-0.7298507379699442,-0.7343057151450655,-24.999400758286,0.3879226775916582,,,,,,,,,,,,,,,,,,,,,,,,,,,,,,,,,,,,,,,,,,PVC,SG,#8,-,H2_1,0.7792938502716767,2.510215620857096,38.894403423204714,-0.5380166069964799,-0.6556108323476505,-17.207769291792022,0.5575772404950752,453,,,,,,,,,,,,,,,,,,,,,,,,,,,,,,,,,,,,,,,,,,,,,,,,,,,,,,,,,,,,,,,,,,,,,,,,,,,,,,,,,,,,,,,,,,,,,,,,,,,,,,,,,,,,,,,,,,,,,,,,,,,,,,,,,,,,,,,,,,,,,,,,,,,,,,,,,,,,,,,,
507,PVC,HT,#5,#1,DIESEL_1,1.0550461077863609,2.1087927960191544,34.999567778085606,-0.5952424399889822,-0.6210965319256947,-18.6536175276655,0.4670329174937654,,,,,,,,,,,,,,,,,,,,,,,,,,,,,,,,,,,,,,,,,,PVC,SG,#9,-,MeOH_1,0.9367788692464403,3.893391146028051,56.79891774139432,-0.6146439517282135,-2.5831167726883684,-39.61148082195839,0.3026014861355351,454,,,,,,,,,,,,,,,,,,,,,,,,,,,,,,,,,,,,,,,,,,,,,,,,,,,,,,,,,,,,,,,,,,,,,,,,,,,,,,,,,,,,,,,,,,,,,,,,,,,,,,,,,,,,,,,,,,,,,,,,,,,,,,,,,,,,,,,,,,,,,,,,,,,,,,,,,,,,,,,,
508,PVC,HT,#5,#2,FT_1,1.4267104100195127,2.3480653563690193,45.47337993808561,-0.8430235359365145,-0.6818622713842851,-24.07913794664094,0.470478377032322,,,,,,,,,,,,,,,,,,,,,,,,,,,,,,,,,,,,,,,,,,PVC,SG,#10,-,FT_1,1.0422803096642175,4.466610182465974,59.29079740742632,-0.6586081693332219,-2.8586838187754644,-43.15673937537166,0.27211740670625284,455,,,,,,,,,,,,,,,,,,,,,,,,,,,,,,,,,,,,,,,,,,,,,,,,,,,,,,,,,,,,,,,,,,,,,,,,,,,,,,,,,,,,,,,,,,,,,,,,,,,,,,,,,,,,,,,,,,,,,,,,,,,,,,,,,,,,,,,,,,,,,,,,,,,,,,,,,,,,,,,,
509,PVC,HT,#5,#3,DIESEL_1,1.047760999357421,1.486949063204788,32.693156817329,-0.5543861105856702,0.0250088951928629,-15.797020918750546,0.516809557210537,,,,,,,,,,,,,,,,,,,,,,,,,,,,,,,,,,,,,,,,,,PVC,OG,#1,-,MeOH_1,0.6898078676496207,1.3813738714383186,18.613416900078747,-0.5814534345888569,-0.29427960097751454,-9.812836662839304,0.47280842010271684,456,,,,,,,,,,,,,,,,,,,,,,,,,,,,,,,,,,,,,,,,,,,,,,,,,,,,,,,,,,,,,,,,,,,,,,,,,,,,,,,,,,,,,,,,,,,,,,,,,,,,,,,,,,,,,,,,,,,,,,,,,,,,,,,,,,,,,,,,,,,,,,,,,,,,,,,,,,,,,,,,
510,PVC,HT,#5,#4,DIESEL_1,1.1451702313789567,2.549601322754625,40.2463181780856,-0.741389628299753,-1.1439630593711674,-24.038908741486072,0.40270539443840553,,,,,,,,,,,,,,,,,,,,,,,,,,,,,,,,,,,,,,,,,,PVC,OG,#4,-,MeOH_1,0.8186652032566062,2.497964676258821,30.88100922007874,-0.7189740070175547,-1.4194598698150867,-22.459128250573503,0.27272039296012907,457,,,,,,,,,,,,,,,,,,,,,,,,,,,,,,,,,,,,,,,,,,,,,,,,,,,,,,,,,,,,,,,,,,,,,,,,,,,,,,,,,,,,,,,,,,,,,,,,,,,,,,,,,,,,,,,,,,,,,,,,,,,,,,,,,,,,,,,,,,,,,,,,,,,,,,,,,,,,,,,,
511,PVC,HT,#5,#5,FT_1,1.5020700952426667,2.7629246270588887,49.71798697808561,-0.927852404511465,-1.105892980939161,-28.706067609598197,0.42262208600177065,,,,,,,,,,,,,,,,,,,,,,,,,,,,,,,,,,,,,,,,,,PVC,OG,#5,-,FT_1,1.2400902326940257,4.035829720438596,63.03540074007874,-0.8129223401991518,-2.3165069036421615,-43.797555873589715,0.30519112499680423,458,,,,,,,,,,,,,,,,,,,,,,,,,,,,,,,,,,,,,,,,,,,,,,,,,,,,,,,,,,,,,,,,,,,,,,,,,,,,,,,,,,,,,,,,,,,,,,,,,,,,,,,,,,,,,,,,,,,,,,,,,,,,,,,,,,,,,,,,,,,,,,,,,,,,,,,,,,,,,,,,
512,PVC,HT,#5,#6,DIESEL_1,0.9489937204068679,1.2466625757643486,31.114584485460796,-0.47984447636611094,0.2516539895414656,-14.35560694675285,0.5386212869575382,,,,,,,,,,,,,,,,,,,,,,,,,,,,,,,,,,,,,,,,,,PVC,OG,#9,-,MeOH_1,0.7799384462291766,2.0722990206266125,30.72029341611398,-0.6372327606071835,-0.9714624119765926,-23.075833293714062,0.24884072618883593,459,,,,,,,,,,,,,,,,,,,,,,,,,,,,,,,,,,,,,,,,,,,,,,,,,,,,,,,,,,,,,,,,,,,,,,,,,,,,,,,,,,,,,,,,,,,,,,,,,,,,,,,,,,,,,,,,,,,,,,,,,,,,,,,,,,,,,,,,,,,,,,,,,,,,,,,,,,,,,,,,
513,PVC,HT,#5,#7,DIESEL_1,1.021862062682704,1.532338517283269,34.60514985904836,-0.5359675428760594,-0.0326715972543332,-18.158736262560485,0.4752591352291908,,,,,,,,,,,,,,,,,,,,,,,,,,,,,,,,,,,,,,,,,,PVC,OG,#10,-,FT_1,0.9640830654711914,2.3124186033872736,42.04710498411397,-0.6695398402454358,-0.8467486557081384,-29.749021809776455,0.2924834701219959,460,,,,,,,,,,,,,,,,,,,,,,,,,,,,,,,,,,,,,,,,,,,,,,,,,,,,,,,,,,,,,,,,,,,,,,,,,,,,,,,,,,,,,,,,,,,,,,,,,,,,,,,,,,,,,,,,,,,,,,,,,,,,,,,,,,,,,,,,,,,,,,,,,,,,,,,,,,,,,,,,
514,PVC,HT,#5,#8,DIESEL_1,1.0800237763073781,1.6861579994038605,36.18011112508036,-0.599525990893252,-0.18819473448744595,-19.808861623893176,0.45249306848697035,,,,,,,,,,,,,,,,,,,,,,,,,,,,,,,,,,,,,,,,,,PS,HT,#6,-,MeOH_1,1.4029561137696218,4.3787941115299915,97.0778404825701,-0.5973809762297196,-1.102727133336735,-52.33070824607806,0.46094074625121256,461,,,,,,,,,,,,,,,,,,,,,,,,,,,,,,,,,,,,,,,,,,,,,,,,,,,,,,,,,,,,,,,,,,,,,,,,,,,,,,,,,,,,,,,,,,,,,,,,,,,,,,,,,,,,,,,,,,,,,,,,,,,,,,,,,,,,,,,,,,,,,,,,,,,,,,,,,,,,,,,,
515,PVC,HT,#5,#9,DIESEL_1,1.0337696017427882,1.5372197893550097,35.780943529134696,-0.5358265558469297,-0.021393827998174877,-19.144506442044467,0.464952442451496,,,,,,,,,,,,,,,,,,,,,,,,,,,,,,,,,,,,,,,,,,PS,HT,#7,-,GASOLINE_1,1.486186298867238,5.030281051811022,100.72848894860215,-0.6501106290083716,-1.5488956265024898,-56.5409450879546,0.43867970543263823,462,,,,,,,,,,,,,,,,,,,,,,,,,,,,,,,,,,,,,,,,,,,,,,,,,,,,,,,,,,,,,,,,,,,,,,,,,,,,,,,,,,,,,,,,,,,,,,,,,,,,,,,,,,,,,,,,,,,,,,,,,,,,,,,,,,,,,,,,,,,,,,,,,,,,,,,,,,,,,,,,
516,PVC,HT,#5,#10,DIESEL_1,1.091513760678325,1.7739244018485836,37.60622307504836,-0.6175011015006903,-0.2938018218644737,-21.282902662296003,0.43405902209793684,,,,,,,,,,,,,,,,,,,,,,,,,,,,,,,,,,,,,,,,,,PS,LT,#6,-,MeOH_1,1.4288441795055606,4.409362332386946,98.21219735407153,-0.5726980840104962,-1.10296182573769,-51.1227435670689,0.47946645178131203,463,,,,,,,,,,,,,,,,,,,,,,,,,,,,,,,,,,,,,,,,,,,,,,,,,,,,,,,,,,,,,,,,,,,,,,,,,,,,,,,,,,,,,,,,,,,,,,,,,,,,,,,,,,,,,,,,,,,,,,,,,,,,,,,,,,,,,,,,,,,,,,,,,,,,,,,,,,,,,,,,
517,PVC,HT,#5,#11,DIESEL_1,1.1428856336917441,1.9881327151483406,39.23759048508036,-0.6635991129269784,-0.49096831903129695,-22.98394656797737,0.4142365450111736,,,,,,,,,,,,,,,,,,,,,,,,,,,,,,,,,,,,,,,,,,PS,LT,#7,-,GASOLINE_1,1.5132772377365484,5.074106606103976,101.90351126010357,-0.6281553911877835,-1.5653501207885119,-55.464197343200915,0.4557184864647956,464,,,,,,,,,,,,,,,,,,,,,,,,,,,,,,,,,,,,,,,,,,,,,,,,,,,,,,,,,,,,,,,,,,,,,,,,,,,,,,,,,,,,,,,,,,,,,,,,,,,,,,,,,,,,,,,,,,,,,,,,,,,,,,,,,,,,,,,,,,,,,,,,,,,,,,,,,,,,,,,,
518,PVC,HT,#6,#1,MeOH_1,1.1290296710671808,2.709070601511461,41.573824949021315,-0.7716998592659765,-1.375959150423991,-26.425884358546234,0.364362447021649,,,,,,,,,,,,,,,,,,,,,,,,,,,,,,,,,,,,,,,,,,PS,SG,#4,-,MeOH_1,1.2438932016071984,8.309803115160461,124.35406643732652,-0.5891566706913388,-5.197645664008486,-87.66231173826544,0.2950587443600282,465,,,,,,,,,,,,,,,,,,,,,,,,,,,,,,,,,,,,,,,,,,,,,,,,,,,,,,,,,,,,,,,,,,,,,,,,,,,,,,,,,,,,,,,,,,,,,,,,,,,,,,,,,,,,,,,,,,,,,,,,,,,,,,,,,,,,,,,,,,,,,,,,,,,,,,,,,,,,,,,,
519,PVC,HT,#6,#2,MeOH_1,1.5006939733003342,2.9483431618613274,52.04763710902132,-1.0194809552135102,-1.4367248898825824,-31.851404777521676,0.3880336063901558,,,,,,,,,,,,,,,,,,,,,,,,,,,,,,,,,,,,,,,,,,PS,SG,#5,-,FT_1,1.397234126530266,8.945633786063095,126.24064627732655,-0.4959782257170569,-5.152720595223425,-90.63309356053682,0.28206091910022985,466,,,,,,,,,,,,,,,,,,,,,,,,,,,,,,,,,,,,,,,,,,,,,,,,,,,,,,,,,,,,,,,,,,,,,,,,,,,,,,,,,,,,,,,,,,,,,,,,,,,,,,,,,,,,,,,,,,,,,,,,,,,,,,,,,,,,,,,,,,,,,,,,,,,,,,,,,,,,,,,,
520,PVC,HT,#6,#3,MeOH_1,1.1217445626382425,2.087226868697095,39.2674139882647,-0.730843529862666,-0.7298537233054334,-23.569287749631275,0.39977489333330957,,,,,,,,,,,,,,,,,,,,,,,,,,,,,,,,,,,,,,,,,,PS,SG,#8,-,H2_1,0.9066365394976652,5.283546527601112,87.63362804431141,-0.4221680986689683,-1.0569942778908483,-40.120411087306316,0.5421801883288493,467,,,,,,,,,,,,,,,,,,,,,,,,,,,,,,,,,,,,,,,,,,,,,,,,,,,,,,,,,,,,,,,,,,,,,,,,,,,,,,,,,,,,,,,,,,,,,,,,,,,,,,,,,,,,,,,,,,,,,,,,,,,,,,,,,,,,,,,,,,,,,,,,,,,,,,,,,,,,,,,,
521,PVC,HT,#6,#4,MeOH_1,1.2191537946597766,3.149879128246932,46.82057534902131,-0.9178470475767471,-1.8988256778694637,-31.81117557236679,0.32057273249565615,,,,,,,,,,,,,,,,,,,,,,,,,,,,,,,,,,,,,,,,,,PS,SG,#9,-,MeOH_1,1.3496848034210358,8.212263957310592,129.13418034504937,-0.6529764506789586,-5.0357257698652935,-90.89495055736208,0.2961201262555835,468,,,,,,,,,,,,,,,,,,,,,,,,,,,,,,,,,,,,,,,,,,,,,,,,,,,,,,,,,,,,,,,,,,,,,,,,,,,,,,,,,,,,,,,,,,,,,,,,,,,,,,,,,,,,,,,,,,,,,,,,,,,,,,,,,,,,,,,,,,,,,,,,,,,,,,,,,,,,,,,,
522,PVC,HT,#6,#5,MeOH_1,1.5760536585234863,3.363202432551196,56.29224414902131,-1.104309823788459,-1.8607555994374578,-36.47833444047892,0.3519829420210968,,,,,,,,,,,,,,,,,,,,,,,,,,,,,,,,,,,,,,,,,,PS,SG,#10,-,FT_1,1.5272025469297454,9.438827874812649,134.2241435450494,-0.7003924457368559,-5.642842798978654,-98.97052191872199,0.2626473948369453,469,,,,,,,,,,,,,,,,,,,,,,,,,,,,,,,,,,,,,,,,,,,,,,,,,,,,,,,,,,,,,,,,,,,,,,,,,,,,,,,,,,,,,,,,,,,,,,,,,,,,,,,,,,,,,,,,,,,,,,,,,,,,,,,,,,,,,,,,,,,,,,,,,,,,,,,,,,,,,,,,
523,PVC,HT,#6,#6,MeOH_1,1.0229772836876876,1.8469403812566558,37.688841656396505,-0.6563018956431048,-0.503208628956831,-22.12787377763358,0.412879971760075,,,,,,,,,,,,,,,,,,,,,,,,,,,,,,,,,,,,,,,,,,PS,OG,#1,-,MeOH_1,0.8244411453144256,3.3704936177671696,53.7473936,-0.5716186988908907,-0.6966136806557116,-32.05402499906742,0.4036171272300092,470,,,,,,,,,,,,,,,,,,,,,,,,,,,,,,,,,,,,,,,,,,,,,,,,,,,,,,,,,,,,,,,,,,,,,,,,,,,,,,,,,,,,,,,,,,,,,,,,,,,,,,,,,,,,,,,,,,,,,,,,,,,,,,,,,,,,,,,,,,,,,,,,,,,,,,,,,,,,,,,,
524,PVC,HT,#6,#7,MeOH_1,1.0958456259635252,2.1326163227755766,41.179407029984084,-0.712424962153055,-0.7875342157526296,-25.931003093441223,0.37029197446772355,,,,,,,,,,,,,,,,,,,,,,,,,,,,,,,,,,,,,,,,,,PS,OG,#2,-,FT_1,1.5227404082967237,4.428217526029058,101.6191344,-0.5265679425078288,-0.3190232340643826,-58.62106916934807,0.4231296151510215,471,,,,,,,,,,,,,,,,,,,,,,,,,,,,,,,,,,,,,,,,,,,,,,,,,,,,,,,,,,,,,,,,,,,,,,,,,,,,,,,,,,,,,,,,,,,,,,,,,,,,,,,,,,,,,,,,,,,,,,,,,,,,,,,,,,,,,,,,,,,,,,,,,,,,,,,,,,,,,,,,
525,PVC,HT,#6,#8,MeOH_1,1.154007339588198,2.286435804896168,42.75436829601608,-0.7759834101702464,-0.9430573529857427,-27.581128454773914,0.354893323091293,,,,,,,,,,,,,,,,,,,,,,,,,,,,,,,,,,,,,,,,,,PS,OG,#4,-,MeOH_1,1.0735774162540839,5.8708081679748,82.72375872,-0.7949883740627958,-3.1735362348536027,-61.00165520863965,0.26258603147959525,472,,,,,,,,,,,,,,,,,,,,,,,,,,,,,,,,,,,,,,,,,,,,,,,,,,,,,,,,,,,,,,,,,,,,,,,,,,,,,,,,,,,,,,,,,,,,,,,,,,,,,,,,,,,,,,,,,,,,,,,,,,,,,,,,,,,,,,,,,,,,,,,,,,,,,,,,,,,,,,,,
526,PVC,HT,#6,#9,MeOH_1,1.1077531650236099,2.137497594847317,42.3552007000704,-0.7122839751239255,-0.7762564464964715,-26.91677327292519,0.36449897939261916,,,,,,,,,,,,,,,,,,,,,,,,,,,,,,,,,,,,,,,,,,PS,OG,#5,-,FT_1,1.6343077900998864,6.577741460424254,119.83336784,-0.6507576033181474,-2.6532020106367327,-80.40095214618574,0.3290603978222821,473,,,,,,,,,,,,,,,,,,,,,,,,,,,,,,,,,,,,,,,,,,,,,,,,,,,,,,,,,,,,,,,,,,,,,,,,,,,,,,,,,,,,,,,,,,,,,,,,,,,,,,,,,,,,,,,,,,,,,,,,,,,,,,,,,,,,,,,,,,,,,,,,,,,,,,,,,,,,,,,,
527,PVC,HT,#6,#10,MeOH_1,1.165497323959145,2.3742022073408906,44.18048024598408,-0.7939585207776846,-1.04866444036277,-29.05516949317673,0.34235279174409167,,,,,,,,,,,,,,,,,,,,,,,,,,,,,,,,,,,,,,,,,,PS,OG,#9,-,MeOH_1,0.9877878402335792,4.244468230175231,81.16730619555753,-0.6215588647246427,-1.5161137485765341,-60.68976100627053,0.25228809663770485,474,,,,,,,,,,,,,,,,,,,,,,,,,,,,,,,,,,,,,,,,,,,,,,,,,,,,,,,,,,,,,,,,,,,,,,,,,,,,,,,,,,,,,,,,,,,,,,,,,,,,,,,,,,,,,,,,,,,,,,,,,,,,,,,,,,,,,,,,,,,,,,,,,,,,,,,,,,,,,,,,
528,PVC,HT,#6,#11,MeOH_1,1.2168691969725642,2.5884105206406476,45.811847656016084,-0.8400565322039728,-1.2458309375295935,-30.756213398858108,0.32864062524186016,,,,,,,,,,,,,,,,,,,,,,,,,,,,,,,,,,,,,,,,,,PS,OG,#10,-,FT_1,1.2218494415077066,4.736842451604328,94.07406475555754,-0.5417686122036552,-1.3524594303433433,-69.41313137620726,0.2621438059833957,475,,,,,,,,,,,,,,,,,,,,,,,,,,,,,,,,,,,,,,,,,,,,,,,,,,,,,,,,,,,,,,,,,,,,,,,,,,,,,,,,,,,,,,,,,,,,,,,,,,,,,,,,,,,,,,,,,,,,,,,,,,,,,,,,,,,,,,,,,,,,,,,,,,,,,,,,,,,,,,,,
529,PVC,HT,#7,#1,DIESEL_1,1.1656964781245003,2.9521267866054433,42.89329837505331,-0.7888029236499983,-1.5457636598990556,-28.04940829009138,0.3460654845232214,,,,,,,,,,,,,,,,,,,,,,,,,,,,,,,,,,,,,,,,,,PE,HT,#1,#4,MeOH_1,1.2856407844567226,5.215596496051023,104.9146562657853,-0.4591363958965951,-2.2236388115127803,-58.14104443216192,0.4458253355482532,476,,,,,,,,,,,,,,,,,,,,,,,,,,,,,,,,,,,,,,,,,,,,,,,,,,,,,,,,,,,,,,,,,,,,,,,,,,,,,,,,,,,,,,,,,,,,,,,,,,,,,,,,,,,,,,,,,,,,,,,,,,,,,,,,,,,,,,,,,,,,,,,,,,,,,,,,,,,,,,,,
530,PVC,HT,#7,#2,FT_1,1.5373607803576526,3.191399346955309,53.36711053505332,-1.0365840195975309,-1.6065293993576466,-33.47492870906684,0.37274234311262977,,,,,,,,,,,,,,,,,,,,,,,,,,,,,,,,,,,,,,,,,,PE,HT,#1,#5,FT_1,1.429495095641017,6.3945420754465845,112.05916633181731,-0.5222857557490262,-2.9591119376071275,-66.55132633981287,0.406105466261025,477,,,,,,,,,,,,,,,,,,,,,,,,,,,,,,,,,,,,,,,,,,,,,,,,,,,,,,,,,,,,,,,,,,,,,,,,,,,,,,,,,,,,,,,,,,,,,,,,,,,,,,,,,,,,,,,,,,,,,,,,,,,,,,,,,,,,,,,,,,,,,,,,,,,,,,,,,,,,,,,,
531,PVC,HT,#7,#3,DIESEL_1,1.158411369695561,2.330283053791077,40.586887414296704,-0.7479465942466865,-0.8996582327804983,-25.192811681176433,0.3792869252569912,,,,,,,,,,,,,,,,,,,,,,,,,,,,,,,,,,,,,,,,,,PE,HT,#1,#10,MeOH_1,1.3312100985482402,5.561507757584168,109.36027095986766,-0.5028886362093334,-2.561957818892543,-62.614547886003436,0.42744703047616517,478,,,,,,,,,,,,,,,,,,,,,,,,,,,,,,,,,,,,,,,,,,,,,,,,,,,,,,,,,,,,,,,,,,,,,,,,,,,,,,,,,,,,,,,,,,,,,,,,,,,,,,,,,,,,,,,,,,,,,,,,,,,,,,,,,,,,,,,,,,,,,,,,,,,,,,,,,,,,,,,,
532,PVC,HT,#7,#4,DIESEL_1,1.255820601717096,3.392935313340914,48.14004877505332,-0.9349501119607688,-2.0686301873445285,-33.43469950391196,0.30547017806018156,,,,,,,,,,,,,,,,,,,,,,,,,,,,,,,,,,,,,,,,,,PE,HT,#1,#11,FT_1,1.4790621232852528,6.768610375503572,116.27753462589968,-0.5791863415041592,-3.341639135821588,-71.03151940552367,0.38912086815347663,479,,,,,,,,,,,,,,,,,,,,,,,,,,,,,,,,,,,,,,,,,,,,,,,,,,,,,,,,,,,,,,,,,,,,,,,,,,,,,,,,,,,,,,,,,,,,,,,,,,,,,,,,,,,,,,,,,,,,,,,,,,,,,,,,,,,,,,,,,,,,,,,,,,,,,,,,,,,,,,,,
533,PVC,HT,#7,#5,FT_1,1.6127204655808047,3.6062586176451776,57.61171757505331,-1.1214128881724796,-2.030560108912522,-38.101858372024076,0.3386439430071302,,,,,,,,,,,,,,,,,,,,,,,,,,,,,,,,,,,,,,,,,,PE,HT,#2,#4,MeOH_1,1.3816829391512118,5.667521842395636,109.3403792643453,-0.5752076871443927,-2.5336606981742147,-62.32922116106495,0.4299523965398405,480,,,,,,,,,,,,,,,,,,,,,,,,,,,,,,,,,,,,,,,,,,,,,,,,,,,,,,,,,,,,,,,,,,,,,,,,,,,,,,,,,,,,,,,,,,,,,,,,,,,,,,,,,,,,,,,,,,,,,,,,,,,,,,,,,,,,,,,,,,,,,,,,,,,,,,,,,,,,,,,,
534,PVC,HT,#7,#6,DIESEL_1,1.0596440907450073,2.089996566350638,39.008315082428496,-0.6734049600271268,-0.6730131384318957,-23.75139770917873,0.39111962003512246,,,,,,,,,,,,,,,,,,,,,,,,,,,,,,,,,,,,,,,,,,PE,HT,#2,#5,FT_1,1.5255372503355056,6.846467421791197,116.48488933037731,-0.6383570469968237,-3.2691338242685615,-70.73950306871593,0.3927151970065163,481,,,,,,,,,,,,,,,,,,,,,,,,,,,,,,,,,,,,,,,,,,,,,,,,,,,,,,,,,,,,,,,,,,,,,,,,,,,,,,,,,,,,,,,,,,,,,,,,,,,,,,,,,,,,,,,,,,,,,,,,,,,,,,,,,,,,,,,,,,,,,,,,,,,,,,,,,,,,,,,,
535,PVC,HT,#7,#7,DIESEL_1,1.1325124330208434,2.375672507869558,42.498880456016074,-0.7295280265370755,-0.9573387252276939,-27.55452702498637,0.3516411084404037,,,,,,,,,,,,,,,,,,,,,,,,,,,,,,,,,,,,,,,,,,PE,HT,#2,#10,MeOH_1,1.4272522532427283,6.01343310392878,113.7859939584277,-0.6189599274571305,-2.8719797055539775,-66.80272461490651,0.41290907350764783,482,,,,,,,,,,,,,,,,,,,,,,,,,,,,,,,,,,,,,,,,,,,,,,,,,,,,,,,,,,,,,,,,,,,,,,,,,,,,,,,,,,,,,,,,,,,,,,,,,,,,,,,,,,,,,,,,,,,,,,,,,,,,,,,,,,,,,,,,,,,,,,,,,,,,,,,,,,,,,,,,
536,PVC,HT,#7,#8,DIESEL_1,1.1906741466455164,2.5294919899901496,44.07384172204807,-0.7930864745542667,-1.1128618624608069,-29.204652386319065,0.33736993996351927,,,,,,,,,,,,,,,,,,,,,,,,,,,,,,,,,,,,,,,,,,PE,HT,#2,#11,FT_1,1.5751042779797395,7.220535721848184,120.70325762445968,-0.695257632751955,-3.651661022483021,-75.21969613442671,0.37682132516708516,483,,,,,,,,,,,,,,,,,,,,,,,,,,,,,,,,,,,,,,,,,,,,,,,,,,,,,,,,,,,,,,,,,,,,,,,,,,,,,,,,,,,,,,,,,,,,,,,,,,,,,,,,,,,,,,,,,,,,,,,,,,,,,,,,,,,,,,,,,,,,,,,,,,,,,,,,,,,,,,,,
537,PVC,HT,#7,#9,DIESEL_1,1.1444199720809283,2.3805537799412986,43.6746741261024,-0.7293870395079464,-0.9460609559715357,-28.540297204470352,0.34652523972896476,,,,,,,,,,,,,,,,,,,,,,,,,,,,,,,,,,,,,,,,,,PE,HT,#3,#3,H2_1,1.2071449583785387,4.048253529047357,84.84168235750604,-0.5160412981740551,-0.24854360728722663,-32.63957518912663,0.6152884492366626,484,,,,,,,,,,,,,,,,,,,,,,,,,,,,,,,,,,,,,,,,,,,,,,,,,,,,,,,,,,,,,,,,,,,,,,,,,,,,,,,,,,,,,,,,,,,,,,,,,,,,,,,,,,,,,,,,,,,,,,,,,,,,,,,,,,,,,,,,,,,,,,,,,,,,,,,,,,,,,,,,
538,PVC,HT,#7,#10,DIESEL_1,1.2021641310164632,2.6172583924348727,45.499953672016076,-0.8110615851617051,-1.218468949837835,-30.678693424721896,0.32574231512700924,,,,,,,,,,,,,,,,,,,,,,,,,,,,,,,,,,,,,,,,,,PE,HT,#3,#4,MeOH_1,1.4646553196598417,6.368503871811564,116.55564015614608,-0.6388531052917462,-3.2279618504413223,-68.44304341237768,0.41278651706012165,485,,,,,,,,,,,,,,,,,,,,,,,,,,,,,,,,,,,,,,,,,,,,,,,,,,,,,,,,,,,,,,,,,,,,,,,,,,,,,,,,,,,,,,,,,,,,,,,,,,,,,,,,,,,,,,,,,,,,,,,,,,,,,,,,,,,,,,,,,,,,,,,,,,,,,,,,,,,,,,,,
539,PVC,HT,#7,#11,DIESEL_1,1.2535360040298837,2.8314667057346297,47.131321082048075,-0.8571595965879946,-1.415635447004658,-32.37973733040326,0.31298897236435763,,,,,,,,,,,,,,,,,,,,,,,,,,,,,,,,,,,,,,,,,,PE,HT,#3,#5,FT_1,1.6085096308441362,7.547449451207125,123.70015022217805,-0.7020024651441775,-3.9634349765356696,-76.85332532002863,0.37871275675904814,486,,,,,,,,,,,,,,,,,,,,,,,,,,,,,,,,,,,,,,,,,,,,,,,,,,,,,,,,,,,,,,,,,,,,,,,,,,,,,,,,,,,,,,,,,,,,,,,,,,,,,,,,,,,,,,,,,,,,,,,,,,,,,,,,,,,,,,,,,,,,,,,,,,,,,,,,,,,,,,,,
540,PVC,HT,#8,#1,Aromatics,1.0584815168769441,1.3291332192001486,25.105712576408106,-0.7771073149393979,0.09335191220596463,-10.780499736993377,0.5705957477134571,,,,,,,,,,,,,,,,,,,,,,,,,,,,,,,,,,,,,,,,,,PE,HT,#3,#8,FT_1,1.3202423295034935,4.676240188290731,94.82226411626047,-0.4224560135991767,-1.0959740489843592,-47.75254551449544,0.49639943783722984,487,,,,,,,,,,,,,,,,,,,,,,,,,,,,,,,,,,,,,,,,,,,,,,,,,,,,,,,,,,,,,,,,,,,,,,,,,,,,,,,,,,,,,,,,,,,,,,,,,,,,,,,,,,,,,,,,,,,,,,,,,,,,,,,,,,,,,,,,,,,,,,,,,,,,,,,,,,,,,,,,
541,PVC,HT,#8,#2,Aromatics,1.4301458191100964,1.5684057795500141,35.57952473640811,-1.0248884108869303,0.03258617274737388,-16.206020155968826,0.544512742201264,,,,,,,,,,,,,,,,,,,,,,,,,,,,,,,,,,,,,,,,,,PE,HT,#3,#9,H2_1,1.2326959993795263,4.090882835457257,86.57373961809868,-0.5316647744170757,-0.26487713030585647,-33.580338793028396,0.612118652363167,488,,,,,,,,,,,,,,,,,,,,,,,,,,,,,,,,,,,,,,,,,,,,,,,,,,,,,,,,,,,,,,,,,,,,,,,,,,,,,,,,,,,,,,,,,,,,,,,,,,,,,,,,,,,,,,,,,,,,,,,,,,,,,,,,,,,,,,,,,,,,,,,,,,,,,,,,,,,,,,,,
542,PVC,HT,#8,#3,Aromatics,1.0511964084480048,0.7072894863857824,22.799301615651498,-0.7362509855360864,0.7394573393245223,-7.923903128078426,0.6524497433448249,,,,,,,,,,,,,,,,,,,,,,,,,,,,,,,,,,,,,,,,,,PE,HT,#3,#10,MeOH_1,1.510224633751359,6.714415133344708,121.00125485022845,-0.682605345604484,-3.5662808578210856,-72.91654686621919,0.39739015966013735,489,,,,,,,,,,,,,,,,,,,,,,,,,,,,,,,,,,,,,,,,,,,,,,,,,,,,,,,,,,,,,,,,,,,,,,,,,,,,,,,,,,,,,,,,,,,,,,,,,,,,,,,,,,,,,,,,,,,,,,,,,,,,,,,,,,,,,,,,,,,,,,,,,,,,,,,,,,,,,,,,
543,PVC,HT,#8,#4,Aromatics,1.1486056404695397,1.7699417459356193,30.352462976408106,-0.9232545032501684,-0.42951461523950785,-16.165790950813946,0.4673977211213784,,,,,,,,,,,,,,,,,,,,,,,,,,,,,,,,,,,,,,,,,,PE,HT,#3,#11,FT_1,1.6580766584883717,7.921517751264113,127.91851851626048,-0.7589030508993103,-4.34596217475013,-81.33351838573944,0.36417713925133793,490,,,,,,,,,,,,,,,,,,,,,,,,,,,,,,,,,,,,,,,,,,,,,,,,,,,,,,,,,,,,,,,,,,,,,,,,,,,,,,,,,,,,,,,,,,,,,,,,,,,,,,,,,,,,,,,,,,,,,,,,,,,,,,,,,,,,,,,,,,,,,,,,,,,,,,,,,,,,,,,,
544,PVC,HT,#8,#5,Aromatics,1.50550550433325,1.983265050239883,39.82413177640811,-1.1097172794618804,-0.39144453680750163,-20.832949818926078,0.47687623333780865,,,,,,,,,,,,,,,,,,,,,,,,,,,,,,,,,,,,,,,,,,PE,HT,#4,#3,H2_1,1.259846426159213,4.234847877950025,87.05182714353805,-0.540920077715582,-0.41695136823900014,-35.74217864029715,0.5894149518382588,491,,,,,,,,,,,,,,,,,,,,,,,,,,,,,,,,,,,,,,,,,,,,,,,,,,,,,,,,,,,,,,,,,,,,,,,,,,,,,,,,,,,,,,,,,,,,,,,,,,,,,,,,,,,,,,,,,,,,,,,,,,,,,,,,,,,,,,,,,,,,,,,,,,,,,,,,,,,,,,,,
545,PVC,HT,#8,#6,Aromatics,0.9524291294974507,0.46700299894534253,21.22072928378329,-0.6617093513165262,0.9661024336731255,-6.482489156080726,0.6945209059787313,,,,,,,,,,,,,,,,,,,,,,,,,,,,,,,,,,,,,,,,,,PE,HT,#4,#4,MeOH_1,1.517356787440516,6.555098220714232,118.7657849421781,-0.6637318848332733,-3.3963696113930952,-71.5456468635482,0.39759041799470557,492,,,,,,,,,,,,,,,,,,,,,,,,,,,,,,,,,,,,,,,,,,,,,,,,,,,,,,,,,,,,,,,,,,,,,,,,,,,,,,,,,,,,,,,,,,,,,,,,,,,,,,,,,,,,,,,,,,,,,,,,,,,,,,,,,,,,,,,,,,,,,,,,,,,,,,,,,,,,,,,,
546,PVC,HT,#8,#7,Aromatics,1.0252974717732874,0.7526789404642633,24.711294657370868,-0.717832417826475,0.6817768468773265,-10.285618471888366,0.5837685311716203,,,,,,,,,,,,,,,,,,,,,,,,,,,,,,,,,,,,,,,,,,PE,HT,#4,#5,FT_1,1.66121109862481,7.734043800109795,125.91029500821008,-0.7268812446857041,-4.131842737487443,-79.95592877119915,0.36497703570636897,493,,,,,,,,,,,,,,,,,,,,,,,,,,,,,,,,,,,,,,,,,,,,,,,,,,,,,,,,,,,,,,,,,,,,,,,,,,,,,,,,,,,,,,,,,,,,,,,,,,,,,,,,,,,,,,,,,,,,,,,,,,,,,,,,,,,,,,,,,,,,,,,,,,,,,,,,,,,,,,,,
547,PVC,HT,#8,#8,Aromatics,1.0834591853979603,0.9064984225848549,26.286255923402866,-0.7813908658436665,0.5262537096442135,-11.935743833221059,0.5459321453766046,,,,,,,,,,,,,,,,,,,,,,,,,,,,,,,,,,,,,,,,,,PE,HT,#4,#8,FT_1,1.372943797284168,4.862834537193401,97.03240890229247,-0.4473347931407037,-1.264381809936134,-50.85514896566594,0.4758952236579541,494,,,,,,,,,,,,,,,,,,,,,,,,,,,,,,,,,,,,,,,,,,,,,,,,,,,,,,,,,,,,,,,,,,,,,,,,,,,,,,,,,,,,,,,,,,,,,,,,,,,,,,,,,,,,,,,,,,,,,,,,,,,,,,,,,,,,,,,,,,,,,,,,,,,,,,,,,,,,,,,,
548,PVC,HT,#8,#9,Aromatics,1.037205010833372,0.7575602125360041,25.887088327457196,-0.7176914307973457,0.6930546161334844,-11.271388651372343,0.5645941904011923,,,,,,,,,,,,,,,,,,,,,,,,,,,,,,,,,,,,,,,,,,PE,HT,#4,#9,H2_1,1.2853974671602004,4.277477184359926,88.78388440413069,-0.5565435539586023,-0.4332848912576303,-36.682942244198905,0.5868288204509756,495,,,,,,,,,,,,,,,,,,,,,,,,,,,,,,,,,,,,,,,,,,,,,,,,,,,,,,,,,,,,,,,,,,,,,,,,,,,,,,,,,,,,,,,,,,,,,,,,,,,,,,,,,,,,,,,,,,,,,,,,,,,,,,,,,,,,,,,,,,,,,,,,,,,,,,,,,,,,,,,,
549,PVC,HT,#8,#10,Aromatics,1.0949491697689073,0.9942648250295778,27.712367873370866,-0.7993659764511051,0.4206466222671859,-13.409784871623883,0.5161082974613115,,,,,,,,,,,,,,,,,,,,,,,,,,,,,,,,,,,,,,,,,,PE,HT,#4,#10,MeOH_1,1.562926101532033,6.901009482247377,123.21139963626047,-0.7074841251460108,-3.7346886187728585,-76.01915031738973,0.3830185312251117,496,,,,,,,,,,,,,,,,,,,,,,,,,,,,,,,,,,,,,,,,,,,,,,,,,,,,,,,,,,,,,,,,,,,,,,,,,,,,,,,,,,,,,,,,,,,,,,,,,,,,,,,,,,,,,,,,,,,,,,,,,,,,,,,,,,,,,,,,,,,,,,,,,,,,,,,,,,,,,,,,
550,PVC,HT,#8,#11,Aromatics,1.1463210427823272,1.2084731383293348,29.343735283402868,-0.8454639878773934,0.2234801251003626,-15.110828777305255,0.48504072057070036,,,,,,,,,,,,,,,,,,,,,,,,,,,,,,,,,,,,,,,,,,PE,HT,#4,#11,FT_1,1.7107781262690451,8.108112100166782,130.12866330229247,-0.783781830440836,-4.514369935701903,-84.43612183690992,0.35113356508732835,497,,,,,,,,,,,,,,,,,,,,,,,,,,,,,,,,,,,,,,,,,,,,,,,,,,,,,,,,,,,,,,,,,,,,,,,,,,,,,,,,,,,,,,,,,,,,,,,,,,,,,,,,,,,,,,,,,,,,,,,,,,,,,,,,,,,,,,,,,,,,,,,,,,,,,,,,,,,,,,,,
551,PVC,HT,#9,#1,Aromatics,1.12355177366535,1.6530127443651006,27.41593541880811,-0.8480022756243741,-0.18957417399396478,-12.833664989645944,0.5318903114703981,,,,,,,,,,,,,,,,,,,,,,,,,,,,,,,,,,,,,,,,,,PE,HT,#5,#4,MeOH_1,1.4740250258162844,6.1551261406790845,115.68200827848882,-0.6598784871460053,-2.8768033116185605,-66.28523339398744,0.4270048179452877,498,,,,,,,,,,,,,,,,,,,,,,,,,,,,,,,,,,,,,,,,,,,,,,,,,,,,,,,,,,,,,,,,,,,,,,,,,,,,,,,,,,,,,,,,,,,,,,,,,,,,,,,,,,,,,,,,,,,,,,,,,,,,,,,,,,,,,,,,,,,,,,,,,,,,,,,,,,,,,,,,
552,PVC,HT,#9,#2,Aromatics,1.4952160758985018,1.8922853047149661,37.889747578808105,-1.0957833715719065,-0.2503399134525555,-18.25918540862138,0.5180969371557962,,,,,,,,,,,,,,,,,,,,,,,,,,,,,,,,,,,,,,,,,,PE,HT,#5,#5,FT_1,1.6178793370005786,7.334071720074644,122.82651834452082,-0.7230278469984363,-3.6122764377129064,-74.69551530163838,0.39186165733264483,499,,,,,,,,,,,,,,,,,,,,,,,,,,,,,,,,,,,,,,,,,,,,,,,,,,,,,,,,,,,,,,,,,,,,,,,,,,,,,,,,,,,,,,,,,,,,,,,,,,,,,,,,,,,,,,,,,,,,,,,,,,,,,,,,,,,,,,,,,,,,,,,,,,,,,,,,,,,,,,,,
553,PVC,HT,#9,#3,Aromatics,1.1162666652364104,1.0311690115507344,25.1095244580515,-0.8071459462210624,0.4565312531245929,-9.977068380730993,0.6026580114092207,,,,,,,,,,,,,,,,,,,,,,,,,,,,,,,,,,,,,,,,,,PE,HT,#5,#8,FT_1,1.3296120356599348,4.462862457158252,93.9486322386032,-0.443481395453434,-0.7448155101615981,-45.59473549610519,0.5146844141348718,,,,,,,,,,,,,,,,,,,,,,,,,,,,,,,,,,,,,,,,,,,,,,,,,,,,,,,,,,,,,,,,,,,,,,,,,,,,,,,,,,,,,,,,,,,,,,,,,,,,,,,,,,,,,,,,,,,,,,,,,,,,,,,,,,,,,,,,,,,,,,,,,,,,,,,,,,,,,,,,,
554,PVC,HT,#9,#4,Aromatics,1.2136758972579453,2.0938212711005715,32.662685818808114,-0.9941494639351444,-0.7124407014394376,-18.21895620346651,0.4422088769878344,,,,,,,,,,,,,,,,,,,,,,,,,,,,,,,,,,,,,,,,,,PE,HT,#5,#10,MeOH_1,1.5195943399078014,6.501037402212229,120.1276229725712,-0.703630727458743,-3.215122318998324,-70.75873684782896,0.4109703072707488,,,,,,,,,,,,,,,,,,,,,,,,,,,,,,,,,,,,,,,,,,,,,,,,,,,,,,,,,,,,,,,,,,,,,,,,,,,,,,,,,,,,,,,,,,,,,,,,,,,,,,,,,,,,,,,,,,,,,,,,,,,,,,,,,,,,,,,,,,,,,,,,,,,,,,,,,,,,,,,,,
555,PVC,HT,#9,#5,Aromatics,1.570575761121654,2.3071445754048354,42.13435461880811,-1.180612240146855,-0.6743706230074313,-22.886115071578633,0.4568300552214312,,,,,,,,,,,,,,,,,,,,,,,,,,,,,,,,,,,,,,,,,,PE,HT,#5,#11,FT_1,1.6674463646448126,7.708140020131632,127.04488663860319,-0.7799284327535673,-3.9948036359273673,-79.17570836734917,0.37678949179138976,,,,,,,,,,,,,,,,,,,,,,,,,,,,,,,,,,,,,,,,,,,,,,,,,,,,,,,,,,,,,,,,,,,,,,,,,,,,,,,,,,,,,,,,,,,,,,,,,,,,,,,,,,,,,,,,,,,,,,,,,,,,,,,,,,,,,,,,,,,,,,,,,,,,,,,,,,,,,,,,,
556,PVC,HT,#9,#6,Aromatics,1.0174993862858561,0.7908825241102946,23.530952126183294,-0.7326043120015022,0.6831763474731961,-8.53565440873329,0.6372584346370107,,,,,,,,,,,,,,,,,,,,,,,,,,,,,,,,,,,,,,,,,,PE,HT,#6,#1,MeOH_1,1.2531268349946125,4.005863991069731,90.70564559614611,-0.4271191553315949,-0.8584561273110279,-42.00556044606586,0.5369024698518811,,,,,,,,,,,,,,,,,,,,,,,,,,,,,,,,,,,,,,,,,,,,,,,,,,,,,,,,,,,,,,,,,,,,,,,,,,,,,,,,,,,,,,,,,,,,,,,,,,,,,,,,,,,,,,,,,,,,,,,,,,,,,,,,,,,,,,,,,,,,,,,,,,,,,,,,,,,,,,,,,
557,PVC,HT,#9,#7,Aromatics,1.0903677285616924,1.0765584656292153,27.02151749977087,-0.7887273785114507,0.3988507606773971,-12.338783724540932,0.5433719174119085,,,,,,,,,,,,,,,,,,,,,,,,,,,,,,,,,,,,,,,,,,PE,HT,#6,#2,FT_1,1.3673823581235034,4.776869472299544,97.43107406217808,-0.4470083749235943,-1.2890760062638489,-50.76989270445344,0.47891477956967443,,,,,,,,,,,,,,,,,,,,,,,,,,,,,,,,,,,,,,,,,,,,,,,,,,,,,,,,,,,,,,,,,,,,,,,,,,,,,,,,,,,,,,,,,,,,,,,,,,,,,,,,,,,,,,,,,,,,,,,,,,,,,,,,,,,,,,,,,,,,,,,,,,,,,,,,,,,,,,,,,
558,PVC,HT,#9,#8,Aromatics,1.1485294421863654,1.230377947749807,28.596478765802875,-0.8522858265286422,0.24332762344428405,-13.988909085873622,0.5108170764506057,,,,,,,,,,,,,,,,,,,,,,,,,,,,,,,,,,,,,,,,,,PE,HT,#6,#3,MeOH_1,1.2790754933258746,4.252708000948036,88.88080779750605,-0.5726079012869861,-0.5525202930975354,-37.20997708647279,0.5813496973244556,,,,,,,,,,,,,,,,,,,,,,,,,,,,,,,,,,,,,,,,,,,,,,,,,,,,,,,,,,,,,,,,,,,,,,,,,,,,,,,,,,,,,,,,,,,,,,,,,,,,,,,,,,,,,,,,,,,,,,,,,,,,,,,,,,,,,,,,,,,,,,,,,,,,,,,,,,,,,,,,,
559,PVC,HT,#9,#9,Aromatics,1.1022752676217769,1.081439737700956,28.19731116985719,-0.7885863914823213,0.4101285299335552,-13.324553904024905,0.527453031824226,,,,,,,,,,,,,,,,,,,,,,,,,,,,,,,,,,,,,,,,,,PE,HT,#6,#4,MeOH_1,1.5365858546071791,6.5729583437122425,120.59476559614609,-0.695419708404679,-3.531938536251631,-73.01344530972383,0.3945554357289851,,,,,,,,,,,,,,,,,,,,,,,,,,,,,,,,,,,,,,,,,,,,,,,,,,,,,,,,,,,,,,,,,,,,,,,,,,,,,,,,,,,,,,,,,,,,,,,,,,,,,,,,,,,,,,,,,,,,,,,,,,,,,,,,,,,,,,,,,,,,,,,,,,,,,,,,,,,,,,,,,
560,PVC,HT,#9,#10,Aromatics,1.1600194265573125,1.3181443501945298,30.022590715770868,-0.8702609371360805,0.13772053606725662,-15.462950124276452,0.4849561694836094,,,,,,,,,,,,,,,,,,,,,,,,,,,,,,,,,,,,,,,,,,PE,HT,#6,#5,FT_1,1.6804401657914725,7.751903923107807,127.7392756621781,-0.7585690682571091,-4.267411662345981,-81.42372721737482,0.3625787621286528,,,,,,,,,,,,,,,,,,,,,,,,,,,,,,,,,,,,,,,,,,,,,,,,,,,,,,,,,,,,,,,,,,,,,,,,,,,,,,,,,,,,,,,,,,,,,,,,,,,,,,,,,,,,,,,,,,,,,,,,,,,,,,,,,,,,,,,,,,,,,,,,,,,,,,,,,,,,,,,,,
561,PVC,HT,#9,#11,Aromatics,1.2113912995707312,1.5323526634942868,31.653958125802873,-0.9163589485623683,-0.05944596109956682,-17.163994029957824,0.45776152348017063,,,,,,,,,,,,,,,,,,,,,,,,,,,,,,,,,,,,,,,,,,PE,HT,#6,#7,MeOH_1,1.257613192819145,4.049404962648811,91.72062829022846,-0.43502555842883894,-0.8714723172879604,-43.45239093559545,0.5262527989003681,,,,,,,,,,,,,,,,,,,,,,,,,,,,,,,,,,,,,,,,,,,,,,,,,,,,,,,,,,,,,,,,,,,,,,,,,,,,,,,,,,,,,,,,,,,,,,,,,,,,,,,,,,,,,,,,,,,,,,,,,,,,,,,,,,,,,,,,,,,,,,,,,,,,,,,,,,,,,,,,,
562,PVC,LT,#1,#1,GASOLINE_1,0.8869358378287197,1.7301916152707528,29.595082910352236,-0.5535511247598903,-0.40957113911677034,-13.620113130529957,0.5397845928735108,,,,,,,,,,,,,,,,,,,,,,,,,,,,,,,,,,,,,,,,,,PE,HT,#6,#8,FT_1,1.3921728644508296,4.880694660191411,98.86138955626048,-0.4790226167121083,-1.399950734794669,-52.32294741184159,0.47074436595830543,,,,,,,,,,,,,,,,,,,,,,,,,,,,,,,,,,,,,,,,,,,,,,,,,,,,,,,,,,,,,,,,,,,,,,,,,,,,,,,,,,,,,,,,,,,,,,,,,,,,,,,,,,,,,,,,,,,,,,,,,,,,,,,,,,,,,,,,,,,,,,,,,,,,,,,,,,,,,,,,,
563,PVC,LT,#1,#2,GASOLINE_1,1.3393383892941864,1.99742933567546,43.01261219035223,-0.8357232070193341,-0.4373136570937091,-20.186189962913648,0.5306913731819005,,,,,,,,,,,,,,,,,,,,,,,,,,,,,,,,,,,,,,,,,,PE,HT,#6,#9,MeOH_1,1.3046265343268622,4.295337307357937,90.61286505809869,-0.5882313775300068,-0.5688538161161664,-38.150740690374576,0.5789699325155067,,,,,,,,,,,,,,,,,,,,,,,,,,,,,,,,,,,,,,,,,,,,,,,,,,,,,,,,,,,,,,,,,,,,,,,,,,,,,,,,,,,,,,,,,,,,,,,,,,,,,,,,,,,,,,,,,,,,,,,,,,,,,,,,,,,,,,,,,,,,,,,,,,,,,,,,,,,,,,,,,
564,PVC,LT,#1,#3,GASOLINE_1,0.8631035429505434,0.9546559929840793,27.16236562856319,-0.4971180861827565,0.38217366651191526,-10.816790089303183,0.6017729001509152,,,,,,,,,,,,,,,,,,,,,,,,,,,,,,,,,,,,,,,,,,PE,HT,#6,#10,MeOH_1,1.5821551686986965,6.918869605245389,125.04038029022848,-0.739171948717417,-3.870257543631395,-77.4869487635654,0.3803045977330513,,,,,,,,,,,,,,,,,,,,,,,,,,,,,,,,,,,,,,,,,,,,,,,,,,,,,,,,,,,,,,,,,,,,,,,,,,,,,,,,,,,,,,,,,,,,,,,,,,,,,,,,,,,,,,,,,,,,,,,,,,,,,,,,,,,,,,,,,,,,,,,,,,,,,,,,,,,,,,,,,
565,PVC,LT,#1,#4,GASOLINE_1,0.9580307369031655,2.272248340441503,35.88671459035223,-0.6814385156125295,-1.028720600880415,-20.783929050396868,0.4208461463344874,,,,,,,,,,,,,,,,,,,,,,,,,,,,,,,,,,,,,,,,,,PE,HT,#6,#11,FT_1,1.7300071934357073,8.125972223164792,131.95764395626045,-0.8154696540122414,-4.6499388605604395,-85.90392028308557,0.3490038340517822,,,,,,,,,,,,,,,,,,,,,,,,,,,,,,,,,,,,,,,,,,,,,,,,,,,,,,,,,,,,,,,,,,,,,,,,,,,,,,,,,,,,,,,,,,,,,,,,,,,,,,,,,,,,,,,,,,,,,,,,,,,,,,,,,,,,,,,,,,,,,,,,,,,,,,,,,,,,,,,,,
566,PVC,LT,#1,#5,GASOLINE_1,1.033096644021103,2.202367713232629,38.35058979035224,-0.5383412410716589,-0.6503835248056644,-15.837566180089375,0.5870320048096471,,,,,,,,,,,,,,,,,,,,,,,,,,,,,,,,,,,,,,,,,,PE,HT,#7,#1,MeOH_1,1.3051038419585552,4.386724656165745,92.80363279614609,-0.46340446779307204,-1.1261748861605367,-44.44670744940874,0.5210671596548265,,,,,,,,,,,,,,,,,,,,,,,,,,,,,,,,,,,,,,,,,,,,,,,,,,,,,,,,,,,,,,,,,,,,,,,,,,,,,,,,,,,,,,,,,,,,,,,,,,,,,,,,,,,,,,,,,,,,,,,,,,,,,,,,,,,,,,,,,,,,,,,,,,,,,,,,,,,,,,,,,
567,PVC,LT,#1,#6,GASOLINE_1,0.7807049690367627,0.6524114764664896,24.953856637896738,-0.4673257762480837,0.6552319347070953,-8.533281352279301,0.6580375740670066,,,,,,,,,,,,,,,,,,,,,,,,,,,,,,,,,,,,,,,,,,PE,HT,#7,#2,FT_1,1.4193593650874454,5.157730137395559,99.52906126217808,-0.4832936873850702,-1.556794765113359,-53.21103970779634,0.4653718317745554,,,,,,,,,,,,,,,,,,,,,,,,,,,,,,,,,,,,,,,,,,,,,,,,,,,,,,,,,,,,,,,,,,,,,,,,,,,,,,,,,,,,,,,,,,,,,,,,,,,,,,,,,,,,,,,,,,,,,,,,,,,,,,,,,,,,,,,,,,,,,,,,,,,,,,,,,,,,,,,,,
568,PVC,LT,#1,#7,GASOLINE_1,0.8503690410812124,1.0491429872955307,29.117259774594,-0.5004410389861087,0.2662476675109783,-13.269619194136858,0.5442696429244642,,,,,,,,,,,,,,,,,,,,,,,,,,,,,,,,,,,,,,,,,,PE,HT,#7,#3,H2_1,1.3310525002898164,4.63356866604405,90.97879499750604,-0.6088932137484622,-0.820239051947045,-39.651124089815696,0.564171804090144,,,,,,,,,,,,,,,,,,,,,,,,,,,,,,,,,,,,,,,,,,,,,,,,,,,,,,,,,,,,,,,,,,,,,,,,,,,,,,,,,,,,,,,,,,,,,,,,,,,,,,,,,,,,,,,,,,,,,,,,,,,,,,,,,,,,,,,,,,,,,,,,,,,,,,,,,,,,,,,,,
569,PVC,LT,#1,#8,GASOLINE_1,0.8863196327587897,1.1253146816719375,30.242116080626,-0.5560727765452874,0.17366117943110168,-14.787268192837915,0.5110372517116591,,,,,,,,,,,,,,,,,,,,,,,,,,,,,,,,,,,,,,,,,,PE,HT,#7,#4,MeOH_1,1.588562861571121,6.9538190088082565,122.69275279614611,-0.7317050208661553,-3.7996572951011394,-75.45459231306675,0.38501182349022284,,,,,,,,,,,,,,,,,,,,,,,,,,,,,,,,,,,,,,,,,,,,,,,,,,,,,,,,,,,,,,,,,,,,,,,,,,,,,,,,,,,,,,,,,,,,,,,,,,,,,,,,,,,,,,,,,,,,,,,,,,,,,,,,,,,,,,,,,,,,,,,,,,,,,,,,,,,,,,,,,
570,PVC,LT,#1,#9,GASOLINE_1,0.8490056407869829,1.0203856539170184,30.78053111971832,-0.483101315711259,0.3133947287018916,-14.667442855470275,0.523483113451731,,,,,,,,,,,,,,,,,,,,,,,,,,,,,,,,,,,,,,,,,,PE,HT,#7,#5,FT_1,1.7324171727554154,8.132764588203818,129.83726286217808,-0.7948543807185865,-4.535130421195487,-83.8648742207177,0.35407700091660094,,,,,,,,,,,,,,,,,,,,,,,,,,,,,,,,,,,,,,,,,,,,,,,,,,,,,,,,,,,,,,,,,,,,,,,,,,,,,,,,,,,,,,,,,,,,,,,,,,,,,,,,,,,,,,,,,,,,,,,,,,,,,,,,,,,,,,,,,,,,,,,,,,,,,,,,,,,,,,,,,
571,PVC,LT,#1,#10,GASOLINE_1,0.8904798112724782,1.214266417274807,31.672386014594,-0.570439915606836,0.05182054269808203,-16.07343586185864,0.49250947325369415,,,,,,,,,,,,,,,,,,,,,,,,,,,,,,,,,,,,,,,,,,PE,HT,#7,#7,MeOH_1,1.309590199783086,4.430265627744825,93.81861549022848,-0.4713108708903145,-1.1391910761374697,-45.893537938938344,0.5108269537006938,,,,,,,,,,,,,,,,,,,,,,,,,,,,,,,,,,,,,,,,,,,,,,,,,,,,,,,,,,,,,,,,,,,,,,,,,,,,,,,,,,,,,,,,,,,,,,,,,,,,,,,,,,,,,,,,,,,,,,,,,,,,,,,,,,,,,,,,,,,,,,,,,,,,,,,,,,,,,,,,,
572,PVC,LT,#1,#11,GASOLINE_1,0.9069773277246181,1.3028265487961956,32.147353056626,-0.5805824826359154,-0.008554421760810315,-16.708651320961703,0.480247991443332,,,,,,,,,,,,,,,,,,,,,,,,,,,,,,,,,,,,,,,,,,PE,HT,#7,#8,FT_1,1.4441498714147714,5.261555325287425,100.9593767562605,-0.515307929173584,-1.6676694936441776,-54.76409441518451,0.4575630696750652,,,,,,,,,,,,,,,,,,,,,,,,,,,,,,,,,,,,,,,,,,,,,,,,,,,,,,,,,,,,,,,,,,,,,,,,,,,,,,,,,,,,,,,,,,,,,,,,,,,,,,,,,,,,,,,,,,,,,,,,,,,,,,,,,,,,,,,,,,,,,,,,,,,,,,,,,,,,,,,,,
573,PVC,LT,#2,#1,GASOLINE_1,0.9733471305262662,2.017315129020414,32.6021389508427,-0.6622603191054485,-0.5805435826852697,-16.522858289342462,0.49319710850090165,,,,,,,,,,,,,,,,,,,,,,,,,,,,,,,,,,,,,,,,,,PE,HT,#7,#9,H2_1,1.356603541290804,4.67619797245395,92.7108522580987,-0.6245166899914828,-0.8365725749656746,-40.59188769371747,0.5621668153722361,,,,,,,,,,,,,,,,,,,,,,,,,,,,,,,,,,,,,,,,,,,,,,,,,,,,,,,,,,,,,,,,,,,,,,,,,,,,,,,,,,,,,,,,,,,,,,,,,,,,,,,,,,,,,,,,,,,,,,,,,,,,,,,,,,,,,,,,,,,,,,,,,,,,,,,,,,,,,,,,,
574,PVC,LT,#2,#2,FT_1,1.4257496819917348,2.28455284942512,46.0196682308427,-0.944432401364894,-0.6082861006622079,-23.088935121726152,0.49828114783644206,,,,,,,,,,,,,,,,,,,,,,,,,,,,,,,,,,,,,,,,,,PE,HT,#7,#10,MeOH_1,1.634132175662638,7.299730270341402,127.13836749022848,-0.7754572611788928,-4.1379763024809035,-79.92809576690829,0.3713298562446042,,,,,,,,,,,,,,,,,,,,,,,,,,,,,,,,,,,,,,,,,,,,,,,,,,,,,,,,,,,,,,,,,,,,,,,,,,,,,,,,,,,,,,,,,,,,,,,,,,,,,,,,,,,,,,,,,,,,,,,,,,,,,,,,,,,,,,,,,,,,,,,,,,,,,,,,,,,,,,,,,
575,PVC,LT,#2,#3,GASOLINE_1,0.9495148356480902,1.24177950673374,30.16942166905365,-0.6058272805283147,0.21120122294341565,-13.719535248115683,0.5452503067969472,,,,,,,,,,,,,,,,,,,,,,,,,,,,,,,,,,,,,,,,,,PE,HT,#7,#11,FT_1,1.781984200399649,8.506832888260806,134.05563115626046,-0.8517549664737171,-4.917657619409948,-88.34506728642847,0.34098204958320605,,,,,,,,,,,,,,,,,,,,,,,,,,,,,,,,,,,,,,,,,,,,,,,,,,,,,,,,,,,,,,,,,,,,,,,,,,,,,,,,,,,,,,,,,,,,,,,,,,,,,,,,,,,,,,,,,,,,,,,,,,,,,,,,,,,,,,,,,,,,,,,,,,,,,,,,,,,,,,,,,
576,PVC,LT,#2,#4,GASOLINE_1,1.0444420296007118,2.5593718541911636,38.8937706308427,-0.7901477099580873,-1.1996930444489144,-23.686674209209375,0.3909905410295735,,,,,,,,,,,,,,,,,,,,,,,,,,,,,,,,,,,,,,,,,,PE,HT,#8,#4,MeOH_1,1.4974417108760747,5.121374858361428,99.74466424468636,-0.7134912533546649,-2.0672617200249017,-53.17858335464495,0.46685285115411174,,,,,,,,,,,,,,,,,,,,,,,,,,,,,,,,,,,,,,,,,,,,,,,,,,,,,,,,,,,,,,,,,,,,,,,,,,,,,,,,,,,,,,,,,,,,,,,,,,,,,,,,,,,,,,,,,,,,,,,,,,,,,,,,,,,,,,,,,,,,,,,,,,,,,,,,,,,,,,,,,
577,PVC,LT,#2,#5,FT_1,1.1195079367186493,2.48949122698229,41.35764583084269,-0.6470504354172167,-0.8213559683741641,-18.740311338901872,0.546871903310169,,,,,,,,,,,,,,,,,,,,,,,,,,,,,,,,,,,,,,,,,,PE,HT,#8,#5,FT_1,1.6412960220603687,6.300320437756988,106.88917431071835,-0.7766406132070958,-2.8027348461192476,-61.588865262295904,0.423806333434086,,,,,,,,,,,,,,,,,,,,,,,,,,,,,,,,,,,,,,,,,,,,,,,,,,,,,,,,,,,,,,,,,,,,,,,,,,,,,,,,,,,,,,,,,,,,,,,,,,,,,,,,,,,,,,,,,,,,,,,,,,,,,,,,,,,,,,,,,,,,,,,,,,,,,,,,,,,,,,,,,
578,PVC,LT,#2,#6,Olefin,0.8671162617343092,0.9395349902161503,27.960912678387206,-0.5760349705936416,0.48425949113859573,-11.436026511091809,0.5909995269957175,,,,,,,,,,,,,,,,,,,,,,,,,,,,,,,,,,,,,,,,,,PE,HT,#8,#10,MeOH_1,1.5430110249675917,5.467286119894572,104.19027893876873,-0.7572434936674024,-2.405580727404665,-57.65208680848647,0.44666539531612304,,,,,,,,,,,,,,,,,,,,,,,,,,,,,,,,,,,,,,,,,,,,,,,,,,,,,,,,,,,,,,,,,,,,,,,,,,,,,,,,,,,,,,,,,,,,,,,,,,,,,,,,,,,,,,,,,,,,,,,,,,,,,,,,,,,,,,,,,,,,,,,,,,,,,,,,,,,,,,,,,
579,PVC,LT,#2,#7,GASOLINE_1,0.9367803337787589,1.3362665010451913,32.12431581508447,-0.6091502333316666,0.09527522394247889,-16.172364352949366,0.49656937610620233,,,,,,,,,,,,,,,,,,,,,,,,,,,,,,,,,,,,,,,,,,PE,HT,#8,#11,FT_1,1.6908630497046044,6.674388737813977,111.10754260480073,-0.8335411989622284,-3.1852620443337094,-66.06905832800669,0.4053593772386072,,,,,,,,,,,,,,,,,,,,,,,,,,,,,,,,,,,,,,,,,,,,,,,,,,,,,,,,,,,,,,,,,,,,,,,,,,,,,,,,,,,,,,,,,,,,,,,,,,,,,,,,,,,,,,,,,,,,,,,,,,,,,,,,,,,,,,,,,,,,,,,,,,,,,,,,,,,,,,,,,
580,PVC,LT,#2,#8,GASOLINE_1,0.972730925456336,1.4124381954215983,33.249172121116466,-0.6647819708908452,0.0026887358626022937,-17.690013351650418,0.4679562761078332,,,,,,,,,,,,,,,,,,,,,,,,,,,,,,,,,,,,,,,,,,PE,HT,#9,#2,FT_1,1.4246353557685003,3.7436263375973673,79.52248355775835,-0.5854313833229031,-0.17925888020697683,-33.92416155193385,0.5734016339254013,,,,,,,,,,,,,,,,,,,,,,,,,,,,,,,,,,,,,,,,,,,,,,,,,,,,,,,,,,,,,,,,,,,,,,,,,,,,,,,,,,,,,,,,,,,,,,,,,,,,,,,,,,,,,,,,,,,,,,,,,,,,,,,,,,,,,,,,,,,,,,,,,,,,,,,,,,,,,,,,,
581,PVC,LT,#2,#9,GASOLINE_1,0.93541693348453,1.3075091676666792,33.78758716020878,-0.5918105100568174,0.14242228513339222,-17.57018801428278,0.479980978488604,,,,,,,,,,,,,,,,,,,,,,,,,,,,,,,,,,,,,,,,,,PE,HT,#9,#4,MeOH_1,1.5938388522521758,5.539715209010067,102.68617509172635,-0.8338427168039875,-2.42212141019476,-56.16771415720426,0.4530158114562998,,,,,,,,,,,,,,,,,,,,,,,,,,,,,,,,,,,,,,,,,,,,,,,,,,,,,,,,,,,,,,,,,,,,,,,,,,,,,,,,,,,,,,,,,,,,,,,,,,,,,,,,,,,,,,,,,,,,,,,,,,,,,,,,,,,,,,,,,,,,,,,,,,,,,,,,,,,,,,,,,
582,PVC,LT,#2,#10,GASOLINE_1,0.9768911039700248,1.5013899310244676,34.679442055084465,-0.679149109952394,-0.11915190087041735,-18.976181020671145,0.45281181310444457,,,,,,,,,,,,,,,,,,,,,,,,,,,,,,,,,,,,,,,,,,PE,HT,#9,#5,FT_1,1.7376931634364707,6.7186607884056295,109.83068515775837,-0.8969920766564192,-3.157594536289108,-64.57799606485523,0.41202227799911456,,,,,,,,,,,,,,,,,,,,,,,,,,,,,,,,,,,,,,,,,,,,,,,,,,,,,,,,,,,,,,,,,,,,,,,,,,,,,,,,,,,,,,,,,,,,,,,,,,,,,,,,,,,,,,,,,,,,,,,,,,,,,,,,,,,,,,,,,,,,,,,,,,,,,,,,,,,,,,,,,
583,PVC,LT,#2,#11,GASOLINE_1,0.9933886204221665,1.5899500625458565,35.15440909711647,-0.6892916769814751,-0.17952686532931014,-19.611396479774207,0.4421355106383276,,,,,,,,,,,,,,,,,,,,,,,,,,,,,,,,,,,,,,,,,,PE,HT,#9,#8,FT_1,1.4494258620958265,3.847451525489234,80.95279905184074,-0.617445625111417,-0.29013360873779653,-35.477216259322006,0.5617542978766796,,,,,,,,,,,,,,,,,,,,,,,,,,,,,,,,,,,,,,,,,,,,,,,,,,,,,,,,,,,,,,,,,,,,,,,,,,,,,,,,,,,,,,,,,,,,,,,,,,,,,,,,,,,,,,,,,,,,,,,,,,,,,,,,,,,,,,,,,,,,,,,,,,,,,,,,,,,,,,,,,
584,PVC,LT,#3,#1,MeOH_1,1.0303687473075793,2.4236679668035594,36.7018492004863,-0.6275201869835348,-1.017303354672504,-20.308268153910088,0.44666907536525424,,,,,,,,,,,,,,,,,,,,,,,,,,,,,,,,,,,,,,,,,,PE,HT,#9,#10,MeOH_1,1.6394081663436928,5.885626470543213,107.13178978580873,-0.8775949571167254,-2.760440417574524,-60.64121761104578,0.4339568326797556,,,,,,,,,,,,,,,,,,,,,,,,,,,,,,,,,,,,,,,,,,,,,,,,,,,,,,,,,,,,,,,,,,,,,,,,,,,,,,,,,,,,,,,,,,,,,,,,,,,,,,,,,,,,,,,,,,,,,,,,,,,,,,,,,,,,,,,,,,,,,,,,,,,,,,,,,,,,,,,,,
585,PVC,LT,#3,#2,MeOH_1,1.4827712987730461,2.690905687208266,50.1193784804863,-0.9096922692429785,-1.0450458726494423,-26.87434498629379,0.46379333102150977,,,,,,,,,,,,,,,,,,,,,,,,,,,,,,,,,,,,,,,,,,PE,HT,#9,#11,FT_1,1.7872601910807044,7.092729088462616,114.04905345184075,-0.9538926624115501,-3.5401217345035683,-69.058189130566,0.394486959422885,,,,,,,,,,,,,,,,,,,,,,,,,,,,,,,,,,,,,,,,,,,,,,,,,,,,,,,,,,,,,,,,,,,,,,,,,,,,,,,,,,,,,,,,,,,,,,,,,,,,,,,,,,,,,,,,,,,,,,,,,,,,,,,,,,,,,,,,,,,,,,,,,,,,,,,,,,,,,,,,,
586,PVC,LT,#3,#3,MeOH_1,1.0065364524294034,1.6481323445168858,34.269131918697255,-0.5710871484064012,-0.22555854904381842,-17.504945112683316,0.48919204740250194,,,,,,,,,,,,,,,,,,,,,,,,,,,,,,,,,,,,,,,,,,PE,LT,#6,#1,WAX_1,1.4172425483489441,3.974185561262939,96.26009215525167,-0.684508945158797,-0.5833481991561773,-45.25084698676381,0.5299106205530985,,,,,,,,,,,,,,,,,,,,,,,,,,,,,,,,,,,,,,,,,,,,,,,,,,,,,,,,,,,,,,,,,,,,,,,,,,,,,,,,,,,,,,,,,,,,,,,,,,,,,,,,,,,,,,,,,,,,,,,,,,,,,,,,,,,,,,,,,,,,,,,,,,,,,,,,,,,,,,,,,
587,PVC,LT,#3,#4,MeOH_1,1.1014636463820253,2.9657246919743097,42.993480880486295,-0.7554075778361737,-1.636452816436149,-27.472084073776998,0.361017449362982,,,,,,,,,,,,,,,,,,,,,,,,,,,,,,,,,,,,,,,,,,PE,LT,#6,#2,WAX_1,1.4788669654956963,4.107227201235991,98.54884783525168,-0.7303180807539905,-0.7066381337987855,-47.229657737058304,0.5207487578544383,,,,,,,,,,,,,,,,,,,,,,,,,,,,,,,,,,,,,,,,,,,,,,,,,,,,,,,,,,,,,,,,,,,,,,,,,,,,,,,,,,,,,,,,,,,,,,,,,,,,,,,,,,,,,,,,,,,,,,,,,,,,,,,,,,,,,,,,,,,,,,,,,,,,,,,,,,,,,,,,,
588,PVC,LT,#3,#5,FT_1,1.176529553499963,2.895844064765436,45.457356080486285,-0.6123103032953037,-1.258115740361398,-22.5257212034695,0.5044647743351878,,,,,,,,,,,,,,,,,,,,,,,,,,,,,,,,,,,,,,,,,,PE,LT,#6,#3,WAX_1,1.404425949908332,3.8326206467509083,95.50923779001175,-0.6688789792266416,-0.43683852242453547,-44.385983670198165,0.53527025555595,,,,,,,,,,,,,,,,,,,,,,,,,,,,,,,,,,,,,,,,,,,,,,,,,,,,,,,,,,,,,,,,,,,,,,,,,,,,,,,,,,,,,,,,,,,,,,,,,,,,,,,,,,,,,,,,,,,,,,,,,,,,,,,,,,,,,,,,,,,,,,,,,,,,,,,,,,,,,,,,,
589,PVC,LT,#3,#6,MeOH_1,0.9241378785156228,1.3458878279992963,32.0606229280308,-0.5412948384717284,0.04749971915136143,-15.221436375659435,0.5252295499738642,,,,,,,,,,,,,,,,,,,,,,,,,,,,,,,,,,,,,,,,,,PE,LT,#6,#4,WAX_1,1.410413678278764,3.874002163941135,95.61479002725166,-0.6740158727299599,-0.5139247318347469,-44.803328759927766,0.5314184265095584,,,,,,,,,,,,,,,,,,,,,,,,,,,,,,,,,,,,,,,,,,,,,,,,,,,,,,,,,,,,,,,,,,,,,,,,,,,,,,,,,,,,,,,,,,,,,,,,,,,,,,,,,,,,,,,,,,,,,,,,,,,,,,,,,,,,,,,,,,,,,,,,,,,,,,,,,,,,,,,,,
590,PVC,LT,#3,#7,MeOH_1,0.9938019505600724,1.742619338828337,36.224026064728065,-0.5744101012097534,-0.3414845480447555,-19.957774217516988,0.4490459403420592,,,,,,,,,,,,,,,,,,,,,,,,,,,,,,,,,,,,,,,,,,PE,LT,#6,#5,WAX_1,1.4668768676725843,4.108049946283036,98.83667727525167,-0.7129990402304986,-0.6919185144054165,-47.15271341088824,0.5229229198026156,,,,,,,,,,,,,,,,,,,,,,,,,,,,,,,,,,,,,,,,,,,,,,,,,,,,,,,,,,,,,,,,,,,,,,,,,,,,,,,,,,,,,,,,,,,,,,,,,,,,,,,,,,,,,,,,,,,,,,,,,,,,,,,,,,,,,,,,,,,,,,,,,,,,,,,,,,,,,,,,,
591,PVC,LT,#3,#8,MeOH_1,1.0297525422376497,1.8187910332047441,37.348882370760066,-0.6300418387689322,-0.43407103612463205,-21.475423216218047,0.42500493045460275,,,,,,,,,,,,,,,,,,,,,,,,,,,,,,,,,,,,,,,,,,PE,LT,#6,#6,WAX_1,1.3561664074125657,3.6343989542660133,92.72965813127193,-0.6221437776684691,-0.25804586280448316,-41.83774693407879,0.5488202180703444,,,,,,,,,,,,,,,,,,,,,,,,,,,,,,,,,,,,,,,,,,,,,,,,,,,,,,,,,,,,,,,,,,,,,,,,,,,,,,,,,,,,,,,,,,,,,,,,,,,,,,,,,,,,,,,,,,,,,,,,,,,,,,,,,,,,,,,,,,,,,,,,,,,,,,,,,,,,,,,,,
592,PVC,LT,#3,#9,MeOH_1,0.9924385502658436,1.713862005449825,37.88729740985238,-0.5570703779349043,-0.294337486853842,-21.3555978788504,0.43633884339037077,,,,,,,,,,,,,,,,,,,,,,,,,,,,,,,,,,,,,,,,,,PE,LT,#6,#7,WAX_1,1.3997378144710872,3.862044330811607,95.42401043779289,-0.6645503728843939,-0.4720831277091092,-44.21314132459045,0.5366664938756364,,,,,,,,,,,,,,,,,,,,,,,,,,,,,,,,,,,,,,,,,,,,,,,,,,,,,,,,,,,,,,,,,,,,,,,,,,,,,,,,,,,,,,,,,,,,,,,,,,,,,,,,,,,,,,,,,,,,,,,,,,,,,,,,,,,,,,,,,,,,,,,,,,,,,,,,,,,,,,,,,
593,PVC,LT,#3,#10,MeOH_1,1.0339127207513383,1.9077427688076136,38.779152304728065,-0.6444089778304807,-0.5559116728576518,-22.761590885238768,0.41304568221663757,,,,,,,,,,,,,,,,,,,,,,,,,,,,,,,,,,,,,,,,,,PE,LT,#6,#8,WAX_1,1.4428395677492243,3.964497915123903,96.6355107438249,-0.70202017206299,-0.583697629643521,-45.317424161906246,0.5310479158946022,,,,,,,,,,,,,,,,,,,,,,,,,,,,,,,,,,,,,,,,,,,,,,,,,,,,,,,,,,,,,,,,,,,,,,,,,,,,,,,,,,,,,,,,,,,,,,,,,,,,,,,,,,,,,,,,,,,,,,,,,,,,,,,,,,,,,,,,,,,,,,,,,,,,,,,,,,,,,,,,,
594,PVC,LT,#3,#11,MeOH_1,1.050410237203478,1.9963029003290025,39.25411934676007,-0.65455154485956,-0.6162866373165443,-23.396806344341837,0.4039655777866038,,,,,,,,,,,,,,,,,,,,,,,,,,,,,,,,,,,,,,,,,,PE,LT,#6,#9,WAX_1,1.3941909461697257,3.802245775231665,95.23643550641371,-0.6585797766053859,-0.40726575433323176,-44.119009247328655,0.5367423296270107,,,,,,,,,,,,,,,,,,,,,,,,,,,,,,,,,,,,,,,,,,,,,,,,,,,,,,,,,,,,,,,,,,,,,,,,,,,,,,,,,,,,,,,,,,,,,,,,,,,,,,,,,,,,,,,,,,,,,,,,,,,,,,,,,,,,,,,,,,,,,,,,,,,,,,,,,,,,,,,,,
595,PVC,LT,#4,#1,GASOLINE_1,1.0789828465209093,2.558700029673956,37.94918054651829,-0.6826480334339282,-1.1167689840521449,-22.209069029342093,0.4147681528427707,,,,,,,,,,,,,,,,,,,,,,,,,,,,,,,,,,,,,,,,,,PE,LT,#6,#10,WAX_1,1.4615759389741618,3.956602487923375,96.78528557379288,-0.7233635052817095,-0.5904384505842194,-45.89753926823503,0.525779781542919,,,,,,,,,,,,,,,,,,,,,,,,,,,,,,,,,,,,,,,,,,,,,,,,,,,,,,,,,,,,,,,,,,,,,,,,,,,,,,,,,,,,,,,,,,,,,,,,,,,,,,,,,,,,,,,,,,,,,,,,,,,,,,,,,,,,,,,,,,,,,,,,,,,,,,,,,,,,,,,,,
596,PVC,LT,#4,#2,FT_1,1.5313853979863774,2.8259377500786633,51.366709826518296,-0.9648201156933733,-1.1445115020290837,-28.77514586172579,0.43980944158369106,,,,,,,,,,,,,,,,,,,,,,,,,,,,,,,,,,,,,,,,,,PE,LT,#6,#11,WAX_1,1.4707656657600645,4.015469324053856,97.14643738382489,-0.7315480852234579,-0.6366108023915592,-46.394470474630396,0.5224274638983809,,,,,,,,,,,,,,,,,,,,,,,,,,,,,,,,,,,,,,,,,,,,,,,,,,,,,,,,,,,,,,,,,,,,,,,,,,,,,,,,,,,,,,,,,,,,,,,,,,,,,,,,,,,,,,,,,,,,,,,,,,,,,,,,,,,,,,,,,,,,,,,,,,,,,,,,,,,,,,,,,
597,PVC,LT,#4,#3,GASOLINE_1,1.055150551642733,1.7831644073872823,35.51646326472925,-0.6262149948567942,-0.3250241784234594,-19.40574598811532,0.45361265722122696,,,,,,,,,,,,,,,,,,,,,,,,,,,,,,,,,,,,,,,,,,PE,LT,#7,#1,WAX_1,1.478977237645519,4.439165718365324,98.8163094212837,-0.7276094773187445,-0.9065622511547938,-48.37730906306624,0.5104319383471487,,,,,,,,,,,,,,,,,,,,,,,,,,,,,,,,,,,,,,,,,,,,,,,,,,,,,,,,,,,,,,,,,,,,,,,,,,,,,,,,,,,,,,,,,,,,,,,,,,,,,,,,,,,,,,,,,,,,,,,,,,,,,,,,,,,,,,,,,,,,,,,,,,,,,,,,,,,,,,,,,
598,PVC,LT,#4,#4,GASOLINE_1,1.1500777455953552,3.100756754844707,44.24081222651829,-0.8105354242865672,-1.7359184458157904,-29.372884949209002,0.3360681354850292,,,,,,,,,,,,,,,,,,,,,,,,,,,,,,,,,,,,,,,,,,PE,LT,#7,#2,WAX_1,1.5406016547922716,4.5722073583383755,101.10506510128369,-0.7734186129139383,-1.029852185797402,-50.35611981336072,0.5019426597182284,,,,,,,,,,,,,,,,,,,,,,,,,,,,,,,,,,,,,,,,,,,,,,,,,,,,,,,,,,,,,,,,,,,,,,,,,,,,,,,,,,,,,,,,,,,,,,,,,,,,,,,,,,,,,,,,,,,,,,,,,,,,,,,,,,,,,,,,,,,,,,,,,,,,,,,,,,,,,,,,,
599,PVC,LT,#4,#5,FT_1,1.2251436527132926,3.0308761276358323,46.7046874265183,-0.6674381497456968,-1.3575813697410393,-24.426522078901517,0.4770006304542258,,,,,,,,,,,,,,,,,,,,,,,,,,,,,,,,,,,,,,,,,,PE,LT,#7,#3,WAX_1,1.4661606392049065,4.2976008038532925,98.06545505604375,-0.711979511386589,-0.7600525744231513,-47.512445746500546,0.5155027249978342,,,,,,,,,,,,,,,,,,,,,,,,,,,,,,,,,,,,,,,,,,,,,,,,,,,,,,,,,,,,,,,,,,,,,,,,,,,,,,,,,,,,,,,,,,,,,,,,,,,,,,,,,,,,,,,,,,,,,,,,,,,,,,,,,,,,,,,,,,,,,,,,,,,,,,,,,,,,,,,,,
600,PVC,LT,#4,#6,GASOLINE_1,0.9727519777289525,1.4809198908696928,33.30795427406281,-0.5964226849221216,-0.05196591022827983,-17.12223725109145,0.4859414928275952,,,,,,,,,,,,,,,,,,,,,,,,,,,,,,,,,,,,,,,,,,PE,LT,#7,#4,WAX_1,1.472148367575339,4.338982321043519,98.17100729328367,-0.7171164048899076,-0.8371387838333634,-47.929790836230175,0.5117724452694979,,,,,,,,,,,,,,,,,,,,,,,,,,,,,,,,,,,,,,,,,,,,,,,,,,,,,,,,,,,,,,,,,,,,,,,,,,,,,,,,,,,,,,,,,,,,,,,,,,,,,,,,,,,,,,,,,,,,,,,,,,,,,,,,,,,,,,,,,,,,,,,,,,,,,,,,,,,,,,,,,
601,PVC,LT,#4,#7,GASOLINE_1,1.042416049773402,1.8776514016987336,37.47135741076007,-0.6295379476601465,-0.4409501774243963,-21.858575092949003,0.41665910702577813,,,,,,,,,,,,,,,,,,,,,,,,,,,,,,,,,,,,,,,,,,PE,LT,#7,#5,WAX_1,1.5286115569691592,4.57303010338542,101.39289454128367,-0.7560995723904461,-1.0151325664040325,-50.27917548719063,0.5041153947260211,,,,,,,,,,,,,,,,,,,,,,,,,,,,,,,,,,,,,,,,,,,,,,,,,,,,,,,,,,,,,,,,,,,,,,,,,,,,,,,,,,,,,,,,,,,,,,,,,,,,,,,,,,,,,,,,,,,,,,,,,,,,,,,,,,,,,,,,,,,,,,,,,,,,,,,,,,,,,,,,,
602,PVC,LT,#4,#8,GASOLINE_1,1.0783666414509792,1.9538230960751408,38.59621371679207,-0.6851696852193253,-0.5335366655042731,-23.376224091650055,0.3943389301557382,,,,,,,,,,,,,,,,,,,,,,,,,,,,,,,,,,,,,,,,,,PE,LT,#7,#6,WAX_1,1.4179010967091403,4.099379111368397,95.28587539730394,-0.6652443098284163,-0.5812599148030994,-44.964209010381175,0.5281125473959447,,,,,,,,,,,,,,,,,,,,,,,,,,,,,,,,,,,,,,,,,,,,,,,,,,,,,,,,,,,,,,,,,,,,,,,,,,,,,,,,,,,,,,,,,,,,,,,,,,,,,,,,,,,,,,,,,,,,,,,,,,,,,,,,,,,,,,,,,,,,,,,,,,,,,,,,,,,,,,,,,
603,PVC,LT,#4,#9,GASOLINE_1,1.0410526494791732,1.8488940683202215,39.134628755884385,-0.6121982243852975,-0.39380311623348324,-23.25639875428242,0.4057335026901073,,,,,,,,,,,,,,,,,,,,,,,,,,,,,,,,,,,,,,,,,,PE,LT,#7,#7,WAX_1,1.4614725037676617,4.3270244879139925,97.9802277038249,-0.7076509050443411,-0.795297179707726,-47.339603400892855,0.5168453420623675,,,,,,,,,,,,,,,,,,,,,,,,,,,,,,,,,,,,,,,,,,,,,,,,,,,,,,,,,,,,,,,,,,,,,,,,,,,,,,,,,,,,,,,,,,,,,,,,,,,,,,,,,,,,,,,,,,,,,,,,,,,,,,,,,,,,,,,,,,,,,,,,,,,,,,,,,,,,,,,,,
604,PVC,LT,#4,#10,GASOLINE_1,1.082526819964668,2.04277483167801,40.02648365076007,-0.6995368242808739,-0.6553773022372925,-24.662391760670786,0.3838481547403561,,,,,,,,,,,,,,,,,,,,,,,,,,,,,,,,,,,,,,,,,,PE,LT,#7,#8,WAX_1,1.5045742570457985,4.429478072226288,99.19172800985692,-0.745120704222937,-0.9069116816421374,-48.443886238208655,0.5116136475271942,,,,,,,,,,,,,,,,,,,,,,,,,,,,,,,,,,,,,,,,,,,,,,,,,,,,,,,,,,,,,,,,,,,,,,,,,,,,,,,,,,,,,,,,,,,,,,,,,,,,,,,,,,,,,,,,,,,,,,,,,,,,,,,,,,,,,,,,,,,,,,,,,,,,,,,,,,,,,,,,,
605,PVC,LT,#4,#11,GASOLINE_1,1.0990243364168095,2.1313349631993987,40.50145069279207,-0.7096793913099548,-0.7157522666961855,-25.297607219773845,0.37539009622991126,,,,,,,,,,,,,,,,,,,,,,,,,,,,,,,,,,,,,,,,,,PE,LT,#7,#9,WAX_1,1.4559256354662988,4.267225932334051,97.79265277244572,-0.7016803087653319,-0.7304798063318488,-47.24547132363106,0.5168811768143071,,,,,,,,,,,,,,,,,,,,,,,,,,,,,,,,,,,,,,,,,,,,,,,,,,,,,,,,,,,,,,,,,,,,,,,,,,,,,,,,,,,,,,,,,,,,,,,,,,,,,,,,,,,,,,,,,,,,,,,,,,,,,,,,,,,,,,,,,,,,,,,,,,,,,,,,,,,,,,,,,
606,PVC,LT,#5,#1,GASOLINE_1,1.0399286722496752,2.3368500048414726,36.375845126038406,-0.5536738148042186,-0.8078804345052052,-18.903980215057366,0.48031502362193645,,,,,,,,,,,,,,,,,,,,,,,,,,,,,,,,,,,,,,,,,,PE,LT,#7,#10,WAX_1,1.5233106282707367,4.421582645025761,99.34150283982488,-0.7664640374416567,-0.913652502582837,-49.02400134453743,0.506510371364301,,,,,,,,,,,,,,,,,,,,,,,,,,,,,,,,,,,,,,,,,,,,,,,,,,,,,,,,,,,,,,,,,,,,,,,,,,,,,,,,,,,,,,,,,,,,,,,,,,,,,,,,,,,,,,,,,,,,,,,,,,,,,,,,,,,,,,,,,,,,,,,,,,,,,,,,,,,,,,,,,
607,PVC,LT,#5,#2,FT_1,1.4923312237151436,2.60408772524618,49.79337440603841,-0.8358458970636639,-0.8356229524821439,-25.470057047441063,0.48848501730880234,,,,,,,,,,,,,,,,,,,,,,,,,,,,,,,,,,,,,,,,,,PE,LT,#7,#11,WAX_1,1.5325003550566394,4.480449481156242,99.7026546498569,-0.7746486173834051,-0.9598248543901774,-49.5209325509328,0.5033138011736593,,,,,,,,,,,,,,,,,,,,,,,,,,,,,,,,,,,,,,,,,,,,,,,,,,,,,,,,,,,,,,,,,,,,,,,,,,,,,,,,,,,,,,,,,,,,,,,,,,,,,,,,,,,,,,,,,,,,,,,,,,,,,,,,,,,,,,,,,,,,,,,,,,,,,,,,,,,,,,,,,
608,PVC,LT,#5,#3,GASOLINE_1,1.016096377371499,1.5613143825547997,33.94312784424936,-0.4972407762270847,-0.0161356288765201,-16.100657173830594,0.5256578224697002,,,,,,,,,,,,,,,,,,,,,,,,,,,,,,,,,,,,,,,,,,PE,HT,#3,-,H2_1,1.1715985719224709,3.9018327944148314,78.8975393883591,-0.5054092393471475,-0.032480891640618445,-25.30637419040666,0.6792501466257327,,,,,,,,,,,,,,,,,,,,,,,,,,,,,,,,,,,,,,,,,,,,,,,,,,,,,,,,,,,,,,,,,,,,,,,,,,,,,,,,,,,,,,,,,,,,,,,,,,,,,,,,,,,,,,,,,,,,,,,,,,,,,,,,,,,,,,,,,,,,,,,,,,,,,,,,,,,,,,,,,
609,PVC,LT,#5,#4,GASOLINE_1,1.111023571324121,2.8789067300122233,42.6674768060384,-0.6815612056568576,-1.4270298962688506,-26.067796134924283,0.38904762863232856,,,,,,,,,,,,,,,,,,,,,,,,,,,,,,,,,,,,,,,,,,PE,HT,#4,-,MeOH_1,1.5215718239618945,7.216867905099418,123.3383535322685,-0.6939775004911588,-4.19849803043564,-77.7131433762879,0.3699190790968671,,,,,,,,,,,,,,,,,,,,,,,,,,,,,,,,,,,,,,,,,,,,,,,,,,,,,,,,,,,,,,,,,,,,,,,,,,,,,,,,,,,,,,,,,,,,,,,,,,,,,,,,,,,,,,,,,,,,,,,,,,,,,,,,,,,,,,,,,,,,,,,,,,,,,,,,,,,,,,,,,
610,PVC,LT,#5,#5,FT_1,1.1860894784420588,2.8090261028033496,45.131352006038405,-0.5384639311159873,-1.0486928201940995,-21.121433264616787,0.5320008746515987,,,,,,,,,,,,,,,,,,,,,,,,,,,,,,,,,,,,,,,,,,PE,HT,#5,-,FT_1,1.6342171117445594,8.521902970609705,127.4380251983005,-0.7856844403763584,-4.928858738335715,-79.79233883236397,0.37387338898101447,,,,,,,,,,,,,,,,,,,,,,,,,,,,,,,,,,,,,,,,,,,,,,,,,,,,,,,,,,,,,,,,,,,,,,,,,,,,,,,,,,,,,,,,,,,,,,,,,,,,,,,,,,,,,,,,,,,,,,,,,,,,,,,,,,,,,,,,,,,,,,,,,,,,,,,,,,,,,,,,,
611,PVC,LT,#5,#6,GASOLINE_1,0.9336978034577185,1.2590698660372097,31.734618853582912,-0.46744846629241205,0.2569226393186599,-13.817148436806717,0.5646032964644625,,,,,,,,,,,,,,,,,,,,,,,,,,,,,,,,,,,,,,,,,,PE,HT,#9,-,H2_1,1.163340574903043,3.886824038120446,78.11432545406493,-0.5046629017588646,-0.047047457085990015,-24.98854401667118,0.6801029277099029,,,,,,,,,,,,,,,,,,,,,,,,,,,,,,,,,,,,,,,,,,,,,,,,,,,,,,,,,,,,,,,,,,,,,,,,,,,,,,,,,,,,,,,,,,,,,,,,,,,,,,,,,,,,,,,,,,,,,,,,,,,,,,,,,,,,,,,,,,,,,,,,,,,,,,,,,,,,,,,,,
612,PVC,LT,#5,#7,GASOLINE_1,1.003361875502168,1.6558013768662507,35.89802199028018,-0.500563729030437,-0.13206162787745684,-18.553486278664277,0.4831613205962196,,,,,,,,,,,,,,,,,,,,,,,,,,,,,,,,,,,,,,,,,,PE,HT,#10,-,MeOH_1,1.5124027512488174,7.14028559739639,122.4743341721959,-0.6839714486242882,-4.116945896695658,-75.43891400937042,0.38404307711275104,,,,,,,,,,,,,,,,,,,,,,,,,,,,,,,,,,,,,,,,,,,,,,,,,,,,,,,,,,,,,,,,,,,,,,,,,,,,,,,,,,,,,,,,,,,,,,,,,,,,,,,,,,,,,,,,,,,,,,,,,,,,,,,,,,,,,,,,,,,,,,,,,,,,,,,,,,,,,,,,,
613,PVC,LT,#5,#8,GASOLINE_1,1.039312467179747,1.731973071242658,37.022878296312186,-0.5561954665896173,-0.22464811595733358,-20.071135277365332,0.45787209960483805,,,,,,,,,,,,,,,,,,,,,,,,,,,,,,,,,,,,,,,,,,PE,HT,#11,-,FT_1,1.6979197550983918,8.692440761780777,131.66704423822787,-0.7690293740955537,-5.105448049726353,-86.07084919090622,0.3462992224905081,,,,,,,,,,,,,,,,,,,,,,,,,,,,,,,,,,,,,,,,,,,,,,,,,,,,,,,,,,,,,,,,,,,,,,,,,,,,,,,,,,,,,,,,,,,,,,,,,,,,,,,,,,,,,,,,,,,,,,,,,,,,,,,,,,,,,,,,,,,,,,,,,,,,,,,,,,,,,,,,,
614,PVC,LT,#5,#9,GASOLINE_1,1.0019984752079396,1.6270440434877387,37.561293335404486,-0.4832240057555881,-0.08491456668654368,-19.95130993999768,0.4688332544398306,,,,,,,,,,,,,,,,,,,,,,,,,,,,,,,,,,,,,,,,,,PE,LT,#4,-,WAX_1,1.2041930229560378,3.653036653681522,84.8095500096,-0.5330699882978749,-0.6041910287444207,-40.47882413238677,0.5227091273588319,,,,,,,,,,,,,,,,,,,,,,,,,,,,,,,,,,,,,,,,,,,,,,,,,,,,,,,,,,,,,,,,,,,,,,,,,,,,,,,,,,,,,,,,,,,,,,,,,,,,,,,,,,,,,,,,,,,,,,,,,,,,,,,,,,,,,,,,,,,,,,,,,,,,,,,,,,,,,,,,,
615,PVC,LT,#5,#10,GASOLINE_1,1.0434726456934338,1.8209248068455273,38.45314823028018,-0.5705626056511643,-0.3464887526903534,-21.35730294638605,0.4445889626907555,,,,,,,,,,,,,,,,,,,,,,,,,,,,,,,,,,,,,,,,,,PE,LT,#5,-,WAX_1,1.2562735270371927,4.067653032111273,85.934437195632,-0.5856290945117137,-0.85525782318145,-41.375402842348386,0.51852360715232,,,,,,,,,,,,,,,,,,,,,,,,,,,,,,,,,,,,,,,,,,,,,,,,,,,,,,,,,,,,,,,,,,,,,,,,,,,,,,,,,,,,,,,,,,,,,,,,,,,,,,,,,,,,,,,,,,,,,,,,,,,,,,,,,,,,,,,,,,,,,,,,,,,,,,,,,,,,,,,,,
616,PVC,LT,#5,#11,GASOLINE_1,1.0599701621455755,1.9094849383669157,38.92811527231218,-0.5807051726802455,-0.40686371714924546,-21.992518405489125,0.43504795308876887,,,,,,,,,,,,,,,,,,,,,,,,,,,,,,,,,,,,,,,,,,PE,LT,#10,-,WAX_1,1.2289379898084294,3.842015726378375,87.39043167080767,-0.5553801654422847,-0.7750982784862461,-42.88064810537752,0.5093210173522741,,,,,,,,,,,,,,,,,,,,,,,,,,,,,,,,,,,,,,,,,,,,,,,,,,,,,,,,,,,,,,,,,,,,,,,,,,,,,,,,,,,,,,,,,,,,,,,,,,,,,,,,,,,,,,,,,,,,,,,,,,,,,,,,,,,,,,,,,,,,,,,,,,,,,,,,,,,,,,,,,
617,PVC,LT,#6,#1,MeOH_1,1.1430298290681493,3.039622659537392,45.1109858404863,-0.5460430543140032,-1.4026043269248263,-22.943408521191955,0.49140086181400505,,,,,,,,,,,,,,,,,,,,,,,,,,,,,,,,,,,,,,,,,,PE,LT,#11,-,WAX_1,1.2858050746721732,4.297415734218159,89.58468159080769,-0.5913869819065103,-1.0752494587536456,-45.54340978068885,0.49161610029808855,,,,,,,,,,,,,,,,,,,,,,,,,,,,,,,,,,,,,,,,,,,,,,,,,,,,,,,,,,,,,,,,,,,,,,,,,,,,,,,,,,,,,,,,,,,,,,,,,,,,,,,,,,,,,,,,,,,,,,,,,,,,,,,,,,,,,,,,,,,,,,,,,,,,,,,,,,,,,,,,,
618,PVC,LT,#6,#2,MeOH_1,1.5954323805336181,3.306860379942098,58.528515120486276,-0.8282151365734489,-1.4303468449017644,-29.50948535357563,0.49581011421821203,,,,,,,,,,,,,,,,,,,,,,,,,,,,,,,,,,,,,,,,,,PE,SG,#4,-,MeOH_1,1.4284522497323746,9.289262571719169,141.38444278506904,-0.6059696873755216,-6.254408024156043,-94.56642985724342,0.33113977751426155,,,,,,,,,,,,,,,,,,,,,,,,,,,,,,,,,,,,,,,,,,,,,,,,,,,,,,,,,,,,,,,,,,,,,,,,,,,,,,,,,,,,,,,,,,,,,,,,,,,,,,,,,,,,,,,,,,,,,,,,,,,,,,,,,,,,,,,,,,,,,,,,,,,,,,,,,,,,,,,,,
619,PVC,LT,#6,#3,MeOH_1,1.1191975341899731,2.264087037250718,42.678268558697255,-0.4896100157368694,-0.6108595212961409,-20.140085479965173,0.5280950666434453,,,,,,,,,,,,,,,,,,,,,,,,,,,,,,,,,,,,,,,,,,PE,SG,#5,-,FT_1,1.6418763218988999,10.906449874190505,148.67836085110105,-0.6723178938037825,-7.143248406693721,-105.42186198940077,0.2909401113523235,,,,,,,,,,,,,,,,,,,,,,,,,,,,,,,,,,,,,,,,,,,,,,,,,,,,,,,,,,,,,,,,,,,,,,,,,,,,,,,,,,,,,,,,,,,,,,,,,,,,,,,,,,,,,,,,,,,,,,,,,,,,,,,,,,,,,,,,,,,,,,,,,,,,,,,,,,,,,,,,,
620,PVC,LT,#6,#4,MeOH_1,1.2141247281425953,3.5816793847081416,51.40261752048629,-0.6739304451666425,-2.0217537886884713,-30.10722444105886,0.4142861610294503,,,,,,,,,,,,,,,,,,,,,,,,,,,,,,,,,,,,,,,,,,PE,SG,#8,-,H2_1,1.0058652776710137,5.690493860474993,90.3027197143264,-0.43147707308065286,-1.3992026301041844,-33.12553529515975,0.6331723407672246,,,,,,,,,,,,,,,,,,,,,,,,,,,,,,,,,,,,,,,,,,,,,,,,,,,,,,,,,,,,,,,,,,,,,,,,,,,,,,,,,,,,,,,,,,,,,,,,,,,,,,,,,,,,,,,,,,,,,,,,,,,,,,,,,,,,,,,,,,,,,,,,,,,,,,,,,,,,,,,,,
621,PVC,LT,#6,#5,MeOH_1,1.289190635260533,3.511798757499269,53.8664927204863,-0.5308331706257721,-1.643416712613721,-25.160861570751372,0.5329032892245036,,,,,,,,,,,,,,,,,,,,,,,,,,,,,,,,,,,,,,,,,,PE,SG,#9,-,MeOH_1,1.4540426530542168,9.421619183295167,143.96028458878817,-0.6178569326265775,-6.314043435072769,-97.3065104073078,0.3240739229902428,,,,,,,,,,,,,,,,,,,,,,,,,,,,,,,,,,,,,,,,,,,,,,,,,,,,,,,,,,,,,,,,,,,,,,,,,,,,,,,,,,,,,,,,,,,,,,,,,,,,,,,,,,,,,,,,,,,,,,,,,,,,,,,,,,,,,,,,,,,,,,,,,,,,,,,,,,,,,,,,,
622,PVC,LT,#6,#6,MeOH_1,1.036798960276194,1.9618425207331285,40.4697595680308,-0.4598177058021981,-0.337801253100961,-17.8565767429413,0.5587674121729364,,,,,,,,,,,,,,,,,,,,,,,,,,,,,,,,,,,,,,,,,,PE,SG,#10,-,FT_1,1.6674667252207407,11.038806485766504,151.25420265482018,-0.7280048117473276,-7.194919603972209,-107.48688580159421,0.2893626496653988,,,,,,,,,,,,,,,,,,,,,,,,,,,,,,,,,,,,,,,,,,,,,,,,,,,,,,,,,,,,,,,,,,,,,,,,,,,,,,,,,,,,,,,,,,,,,,,,,,,,,,,,,,,,,,,,,,,,,,,,,,,,,,,,,,,,,,,,,,,,,,,,,,,,,,,,,,,,,,,,,
623,PVC,LT,#6,#7,MeOH_1,1.1064630323206437,2.3585740315621697,44.63316270472807,-0.49293296854022317,-0.7267855202970782,-22.592914584798862,0.49380879113893594,,,,,,,,,,,,,,,,,,,,,,,,,,,,,,,,,,,,,,,,,,PE,OG,#1,-,MeOH_1,0.9007444773742482,2.5508674606310446,54.07164927999999,-0.4958074392817901,-0.06502765613466233,-29.320413141205997,0.45774886596531056,,,,,,,,,,,,,,,,,,,,,,,,,,,,,,,,,,,,,,,,,,,,,,,,,,,,,,,,,,,,,,,,,,,,,,,,,,,,,,,,,,,,,,,,,,,,,,,,,,,,,,,,,,,,,,,,,,,,,,,,,,,,,,,,,,,,,,,,,,,,,,,,,,,,,,,,,,,,,,,,,
624,PVC,LT,#6,#8,MeOH_1,1.1424136239982208,2.4347457259385767,45.758019010760066,-0.5485647060994018,-0.8193720083769548,-24.110563583499907,0.4730855027218229,,,,,,,,,,,,,,,,,,,,,,,,,,,,,,,,,,,,,,,,,,PE,OG,#4,-,MeOH_1,1.1888316820196687,5.79760161929218,90.61194559999998,-0.7852397970624678,-3.328982878194026,-63.418380811711714,0.30011015223458887,,,,,,,,,,,,,,,,,,,,,,,,,,,,,,,,,,,,,,,,,,,,,,,,,,,,,,,,,,,,,,,,,,,,,,,,,,,,,,,,,,,,,,,,,,,,,,,,,,,,,,,,,,,,,,,,,,,,,,,,,,,,,,,,,,,,,,,,,,,,,,,,,,,,,,,,,,,,,,,,,
625,PVC,LT,#6,#9,MeOH_1,1.105099632026413,2.3298166981836577,46.29643404985238,-0.47559324526537217,-0.6796384591061648,-23.990738246132263,0.48180159577087855,,,,,,,,,,,,,,,,,,,,,,,,,,,,,,,,,,,,,,,,,,PE,OG,#5,-,FT_1,1.7130355686578453,6.823076076578983,123.71772768,-0.786652651649789,-3.2606584968414793,-85.15009336958218,0.31173894827889403,,,,,,,,,,,,,,,,,,,,,,,,,,,,,,,,,,,,,,,,,,,,,,,,,,,,,,,,,,,,,,,,,,,,,,,,,,,,,,,,,,,,,,,,,,,,,,,,,,,,,,,,,,,,,,,,,,,,,,,,,,,,,,,,,,,,,,,,,,,,,,,,,,,,,,,,,,,,,,,,,
626,PVC,LT,#6,#10,MeOH_1,1.1465738025119079,2.5236974615414463,47.18828894472807,-0.5629318451609487,-0.9412126451099745,-25.39673125252063,0.4618001241310533,,,,,,,,,,,,,,,,,,,,,,,,,,,,,,,,,,,,,,,,,,PE,OG,#9,-,MeOH_1,1.1537907485123111,5.040963443490506,93.24176650592051,-0.6732795797772896,-2.5060427694269483,-68.08235065921103,0.26982989264914836,,,,,,,,,,,,,,,,,,,,,,,,,,,,,,,,,,,,,,,,,,,,,,,,,,,,,,,,,,,,,,,,,,,,,,,,,,,,,,,,,,,,,,,,,,,,,,,,,,,,,,,,,,,,,,,,,,,,,,,,,,,,,,,,,,,,,,,,,,,,,,,,,,,,,,,,,,,,,,,,,
627,PVC,LT,#6,#11,MeOH_1,1.1630713189640496,2.612257593062835,47.66325598676007,-0.57307441219003,-1.0015876095688672,-26.031946711623707,0.45383616430117835,,,,,,,,,,,,,,,,,,,,,,,,,,,,,,,,,,,,,,,,,,PE,OG,#10,-,FT_1,1.3254263666033383,5.642149047314839,98.65712570592052,-0.6217987740095654,-2.4512954044649162,-70.40182413514394,0.28639899417909925,,,,,,,,,,,,,,,,,,,,,,,,,,,,,,,,,,,,,,,,,,,,,,,,,,,,,,,,,,,,,,,,,,,,,,,,,,,,,,,,,,,,,,,,,,,,,,,,,,,,,,,,,,,,,,,,,,,,,,,,,,,,,,,,,,,,,,,,,,,,,,,,,,,,,,,,,,,,,,,,,
628,PVC,LT,#7,#1,GASOLINE_1,1.1638973335313811,3.2810712937415403,45.4008796004863,-0.7676111275032583,-1.8396176890249956,-29.482422526869616,0.3506200147154456,,,,,,,,,,,,,,,,,,,,,,,,,,,,,,,,,,,,,,,,,,,,,,,,,,,,,,,,,,,,,,,,,,,,,,,,,,,,,,,,,,,,,,,,,,,,,,,,,,,,,,,,,,,,,,,,,,,,,,,,,,,,,,,,,,,,,,,,,,,,,,,,,,,,,,,,,,,,,,,,,,,,,,,,,,,,,,,,,,,,,,,,,,,,,,,,,,,,,,,,,,,,,,,,,,,,,,
629,PVC,LT,#7,#2,FT_1,1.6162998849968484,3.5483090141462474,58.81840888048629,-1.0497832097627025,-1.8673602070019346,-36.04849935925331,0.38712216047019204,,,,,,,,,,,,,,,,,,,,,,,,,,,,,,,,,,,,,,,,,,,,,,,,,,,,,,,,,,,,,,,,,,,,,,,,,,,,,,,,,,,,,,,,,,,,,,,,,,,,,,,,,,,,,,,,,,,,,,,,,,,,,,,,,,,,,,,,,,,,,,,,,,,,,,,,,,,,,,,,,,,,,,,,,,,,,,,,,,,,,,,,,,,,,,,,,,,,,,,,,,,,,,,,,,,,,,
630,PVC,LT,#7,#3,GASOLINE_1,1.1400650386532054,2.5055356714548673,42.968162318697246,-0.7111780889261248,-1.0478728833963105,-26.679099485642833,0.37909610171916425,,,,,,,,,,,,,,,,,,,,,,,,,,,,,,,,,,,,,,,,,,,,,,,,,,,,,,,,,,,,,,,,,,,,,,,,,,,,,,,,,,,,,,,,,,,,,,,,,,,,,,,,,,,,,,,,,,,,,,,,,,,,,,,,,,,,,,,,,,,,,,,,,,,,,,,,,,,,,,,,,,,,,,,,,,,,,,,,,,,,,,,,,,,,,,,,,,,,,,,,,,,,,,,,,,,,,,
631,PVC,LT,#7,#4,GASOLINE_1,1.2349922326058256,3.823128018912291,51.692511280486286,-0.8954985183558958,-2.458767150788641,-36.64623844673652,0.2910725840365521,,,,,,,,,,,,,,,,,,,,,,,,,,,,,,,,,,,,,,,,,,,,,,,,,,,,,,,,,,,,,,,,,,,,,,,,,,,,,,,,,,,,,,,,,,,,,,,,,,,,,,,,,,,,,,,,,,,,,,,,,,,,,,,,,,,,,,,,,,,,,,,,,,,,,,,,,,,,,,,,,,,,,,,,,,,,,,,,,,,,,,,,,,,,,,,,,,,,,,,,,,,,,,,,,,,,,,
632,PVC,LT,#7,#5,FT_1,1.3100581397237647,3.753247391703417,54.1563864804863,-0.752401243815027,-2.0804300747138895,-31.699875576429037,0.4146604373640923,,,,,,,,,,,,,,,,,,,,,,,,,,,,,,,,,,,,,,,,,,,,,,,,,,,,,,,,,,,,,,,,,,,,,,,,,,,,,,,,,,,,,,,,,,,,,,,,,,,,,,,,,,,,,,,,,,,,,,,,,,,,,,,,,,,,,,,,,,,,,,,,,,,,,,,,,,,,,,,,,,,,,,,,,,,,,,,,,,,,,,,,,,,,,,,,,,,,,,,,,,,,,,,,,,,,,,
633,PVC,LT,#7,#6,GASOLINE_1,1.0576664647394245,2.203291154937278,40.75965332803081,-0.6813857789914517,-0.7748146152011308,-24.39559074861896,0.40147698135985166,,,,,,,,,,,,,,,,,,,,,,,,,,,,,,,,,,,,,,,,,,,,,,,,,,,,,,,,,,,,,,,,,,,,,,,,,,,,,,,,,,,,,,,,,,,,,,,,,,,,,,,,,,,,,,,,,,,,,,,,,,,,,,,,,,,,,,,,,,,,,,,,,,,,,,,,,,,,,,,,,,,,,,,,,,,,,,,,,,,,,,,,,,,,,,,,,,,,,,,,,,,,,,,,,,,,,,
634,PVC,LT,#7,#7,GASOLINE_1,1.1273305367838742,2.6000226657663186,44.92305646472806,-0.7145010417294767,-1.1637988823972476,-29.131928590476512,0.35151499290014165,,,,,,,,,,,,,,,,,,,,,,,,,,,,,,,,,,,,,,,,,,,,,,,,,,,,,,,,,,,,,,,,,,,,,,,,,,,,,,,,,,,,,,,,,,,,,,,,,,,,,,,,,,,,,,,,,,,,,,,,,,,,,,,,,,,,,,,,,,,,,,,,,,,,,,,,,,,,,,,,,,,,,,,,,,,,,,,,,,,,,,,,,,,,,,,,,,,,,,,,,,,,,,,,,,,,,,
635,PVC,LT,#7,#8,GASOLINE_1,1.1632811284614515,2.6761943601427256,46.04791277076006,-0.7701327792886556,-1.2563853704771244,-30.64957758917757,0.33439811394361985,,,,,,,,,,,,,,,,,,,,,,,,,,,,,,,,,,,,,,,,,,,,,,,,,,,,,,,,,,,,,,,,,,,,,,,,,,,,,,,,,,,,,,,,,,,,,,,,,,,,,,,,,,,,,,,,,,,,,,,,,,,,,,,,,,,,,,,,,,,,,,,,,,,,,,,,,,,,,,,,,,,,,,,,,,,,,,,,,,,,,,,,,,,,,,,,,,,,,,,,,,,,,,,,,,,,,,
636,PVC,LT,#7,#9,GASOLINE_1,1.1259671364896453,2.571265332387806,46.58632780985238,-0.6971613184546277,-1.1166518212063339,-30.529752251809935,0.3446628294803416,,,,,,,,,,,,,,,,,,,,,,,,,,,,,,,,,,,,,,,,,,,,,,,,,,,,,,,,,,,,,,,,,,,,,,,,,,,,,,,,,,,,,,,,,,,,,,,,,,,,,,,,,,,,,,,,,,,,,,,,,,,,,,,,,,,,,,,,,,,,,,,,,,,,,,,,,,,,,,,,,,,,,,,,,,,,,,,,,,,,,,,,,,,,,,,,,,,,,,,,,,,,,,,,,,,,,,
637,PVC,LT,#7,#10,GASOLINE_1,1.1674413069751386,2.7651460957455947,47.47818270472807,-0.7844999183502026,-1.378226007210143,-31.935745258198303,0.3273595694087505,,,,,,,,,,,,,,,,,,,,,,,,,,,,,,,,,,,,,,,,,,,,,,,,,,,,,,,,,,,,,,,,,,,,,,,,,,,,,,,,,,,,,,,,,,,,,,,,,,,,,,,,,,,,,,,,,,,,,,,,,,,,,,,,,,,,,,,,,,,,,,,,,,,,,,,,,,,,,,,,,,,,,,,,,,,,,,,,,,,,,,,,,,,,,,,,,,,,,,,,,,,,,,,,,,,,,,
638,PVC,LT,#7,#11,GASOLINE_1,1.1839388234272803,2.8537062272669833,47.953149746760076,-0.7946424853792837,-1.4386009716690362,-32.57096071730137,0.3207753632595947,,,,,,,,,,,,,,,,,,,,,,,,,,,,,,,,,,,,,,,,,,,,,,,,,,,,,,,,,,,,,,,,,,,,,,,,,,,,,,,,,,,,,,,,,,,,,,,,,,,,,,,,,,,,,,,,,,,,,,,,,,,,,,,,,,,,,,,,,,,,,,,,,,,,,,,,,,,,,,,,,,,,,,,,,,,,,,,,,,,,,,,,,,,,,,,,,,,,,,,,,,,,,,,,,,,,,,
639,PVC,LT,#8,#1,Aromatics,1.061256300470381,1.584597583484256,26.60212767423976,-0.8041346117662639,-0.19324862151718705,-11.905363041849085,0.5524657580913095,,,,,,,,,,,,,,,,,,,,,,,,,,,,,,,,,,,,,,,,,,,,,,,,,,,,,,,,,,,,,,,,,,,,,,,,,,,,,,,,,,,,,,,,,,,,,,,,,,,,,,,,,,,,,,,,,,,,,,,,,,,,,,,,,,,,,,,,,,,,,,,,,,,,,,,,,,,,,,,,,,,,,,,,,,,,,,,,,,,,,,,,,,,,,,,,,,,,,,,,,,,,,,,,,,,,,,
640,PVC,LT,#8,#2,FT_1,1.513658851935849,1.8518353038889634,40.01965695423976,-1.0863066940257085,-0.22099113949412613,-18.47143987423278,0.5384408243340556,,,,,,,,,,,,,,,,,,,,,,,,,,,,,,,,,,,,,,,,,,,,,,,,,,,,,,,,,,,,,,,,,,,,,,,,,,,,,,,,,,,,,,,,,,,,,,,,,,,,,,,,,,,,,,,,,,,,,,,,,,,,,,,,,,,,,,,,,,,,,,,,,,,,,,,,,,,,,,,,,,,,,,,,,,,,,,,,,,,,,,,,,,,,,,,,,,,,,,,,,,,,,,,,,,,,,,
641,PVC,LT,#8,#3,Aromatics,1.0374240055922048,0.8090619611975827,24.169410392450715,-0.7477015731891298,0.5984961841114981,-9.102040000622313,0.6234066180006888,,,,,,,,,,,,,,,,,,,,,,,,,,,,,,,,,,,,,,,,,,,,,,,,,,,,,,,,,,,,,,,,,,,,,,,,,,,,,,,,,,,,,,,,,,,,,,,,,,,,,,,,,,,,,,,,,,,,,,,,,,,,,,,,,,,,,,,,,,,,,,,,,,,,,,,,,,,,,,,,,,,,,,,,,,,,,,,,,,,,,,,,,,,,,,,,,,,,,,,,,,,,,,,,,,,,,,
642,PVC,LT,#8,#4,Aromatics,1.1323511995448265,2.1266543086550067,32.89375935423975,-0.9320220026189023,-0.8123980832808327,-19.069178961715995,0.42027973281022596,,,,,,,,,,,,,,,,,,,,,,,,,,,,,,,,,,,,,,,,,,,,,,,,,,,,,,,,,,,,,,,,,,,,,,,,,,,,,,,,,,,,,,,,,,,,,,,,,,,,,,,,,,,,,,,,,,,,,,,,,,,,,,,,,,,,,,,,,,,,,,,,,,,,,,,,,,,,,,,,,,,,,,,,,,,,,,,,,,,,,,,,,,,,,,,,,,,,,,,,,,,,,,,,,,,,,,
643,PVC,LT,#8,#5,FT_1,1.207417106662764,2.056773681446133,35.35763455423975,-0.7889247280780317,-0.43406100720608204,-14.122816091408506,0.600572372290809,,,,,,,,,,,,,,,,,,,,,,,,,,,,,,,,,,,,,,,,,,,,,,,,,,,,,,,,,,,,,,,,,,,,,,,,,,,,,,,,,,,,,,,,,,,,,,,,,,,,,,,,,,,,,,,,,,,,,,,,,,,,,,,,,,,,,,,,,,,,,,,,,,,,,,,,,,,,,,,,,,,,,,,,,,,,,,,,,,,,,,,,,,,,,,,,,,,,,,,,,,,,,,,,,,,,,,
644,PVC,LT,#8,#6,Aromatics,0.9550254316784248,0.5068174446799933,21.960901401784263,-0.7179092632544577,0.8715544523066774,-6.818531263598431,0.6895149639420336,,,,,,,,,,,,,,,,,,,,,,,,,,,,,,,,,,,,,,,,,,,,,,,,,,,,,,,,,,,,,,,,,,,,,,,,,,,,,,,,,,,,,,,,,,,,,,,,,,,,,,,,,,,,,,,,,,,,,,,,,,,,,,,,,,,,,,,,,,,,,,,,,,,,,,,,,,,,,,,,,,,,,,,,,,,,,,,,,,,,,,,,,,,,,,,,,,,,,,,,,,,,,,,,,,,,,,
645,PVC,LT,#8,#7,Aromatics,1.0246895037228745,0.9035489555090339,26.124304538481525,-0.7510245259924825,0.48257018511056116,-11.55486910545599,0.5576965852455333,,,,,,,,,,,,,,,,,,,,,,,,,,,,,,,,,,,,,,,,,,,,,,,,,,,,,,,,,,,,,,,,,,,,,,,,,,,,,,,,,,,,,,,,,,,,,,,,,,,,,,,,,,,,,,,,,,,,,,,,,,,,,,,,,,,,,,,,,,,,,,,,,,,,,,,,,,,,,,,,,,,,,,,,,,,,,,,,,,,,,,,,,,,,,,,,,,,,,,,,,,,,,,,,,,,,,,
646,PVC,LT,#8,#8,Aromatics,1.0606400954004516,0.9797206498854423,27.249160844513522,-0.8066562635516614,0.38998369703068314,-13.072518104157043,0.5202597915308234,,,,,,,,,,,,,,,,,,,,,,,,,,,,,,,,,,,,,,,,,,,,,,,,,,,,,,,,,,,,,,,,,,,,,,,,,,,,,,,,,,,,,,,,,,,,,,,,,,,,,,,,,,,,,,,,,,,,,,,,,,,,,,,,,,,,,,,,,,,,,,,,,,,,,,,,,,,,,,,,,,,,,,,,,,,,,,,,,,,,,,,,,,,,,,,,,,,,,,,,,,,,,,,,,,,,,,
647,PVC,LT,#8,#9,Aromatics,1.023326103428645,0.8747916221305223,27.787575883605843,-0.7336848027176329,0.5297172463014739,-12.952692766789408,0.533867480162915,,,,,,,,,,,,,,,,,,,,,,,,,,,,,,,,,,,,,,,,,,,,,,,,,,,,,,,,,,,,,,,,,,,,,,,,,,,,,,,,,,,,,,,,,,,,,,,,,,,,,,,,,,,,,,,,,,,,,,,,,,,,,,,,,,,,,,,,,,,,,,,,,,,,,,,,,,,,,,,,,,,,,,,,,,,,,,,,,,,,,,,,,,,,,,,,,,,,,,,,,,,,,,,,,,,,,,
648,PVC,LT,#8,#10,Aromatics,1.0648002739141396,1.0686723854883107,28.679430778481528,-0.8210234026132092,0.2681430602976647,-14.358685773177774,0.4993385369436536,,,,,,,,,,,,,,,,,,,,,,,,,,,,,,,,,,,,,,,,,,,,,,,,,,,,,,,,,,,,,,,,,,,,,,,,,,,,,,,,,,,,,,,,,,,,,,,,,,,,,,,,,,,,,,,,,,,,,,,,,,,,,,,,,,,,,,,,,,,,,,,,,,,,,,,,,,,,,,,,,,,,,,,,,,,,,,,,,,,,,,,,,,,,,,,,,,,,,,,,,,,,,,,,,,,,,,
649,PVC,LT,#8,#11,Aromatics,1.081297790366281,1.1572325170097002,29.154397820513523,-0.8311659696422901,0.20776809583877118,-14.993901232280832,0.48570705097085315,,,,,,,,,,,,,,,,,,,,,,,,,,,,,,,,,,,,,,,,,,,,,,,,,,,,,,,,,,,,,,,,,,,,,,,,,,,,,,,,,,,,,,,,,,,,,,,,,,,,,,,,,,,,,,,,,,,,,,,,,,,,,,,,,,,,,,,,,,,,,,,,,,,,,,,,,,,,,,,,,,,,,,,,,,,,,,,,,,,,,,,,,,,,,,,,,,,,,,,,,,,,,,,,,,,,,,
650,PVC,LT,#9,#1,Aromatics,1.1202288293390914,1.8823665683629875,28.74486651423976,-0.8707182559063238,-0.4716745868244502,-14.16689140493062,0.5071505585906073,,,,,,,,,,,,,,,,,,,,,,,,,,,,,,,,,,,,,,,,,,,,,,,,,,,,,,,,,,,,,,,,,,,,,,,,,,,,,,,,,,,,,,,,,,,,,,,,,,,,,,,,,,,,,,,,,,,,,,,,,,,,,,,,,,,,,,,,,,,,,,,,,,,,,,,,,,,,,,,,,,,,,,,,,,,,,,,,,,,,,,,,,,,,,,,,,,,,,,,,,,,,,,,,,,,,,,
651,PVC,LT,#9,#2,FT_1,1.57263138080456,2.1496042887676947,42.16239579423976,-1.1528903381657694,-0.49941710480138896,-20.732968237314317,0.5082592474465869,,,,,,,,,,,,,,,,,,,,,,,,,,,,,,,,,,,,,,,,,,,,,,,,,,,,,,,,,,,,,,,,,,,,,,,,,,,,,,,,,,,,,,,,,,,,,,,,,,,,,,,,,,,,,,,,,,,,,,,,,,,,,,,,,,,,,,,,,,,,,,,,,,,,,,,,,,,,,,,,,,,,,,,,,,,,,,,,,,,,,,,,,,,,,,,,,,,,,,,,,,,,,,,,,,,,,,
652,PVC,LT,#9,#3,Aromatics,1.096396534460915,1.1068309460763137,26.312149232450714,-0.8142852173291895,0.3200702188042356,-11.363568363703846,0.5681246612234478,,,,,,,,,,,,,,,,,,,,,,,,,,,,,,,,,,,,,,,,,,,,,,,,,,,,,,,,,,,,,,,,,,,,,,,,,,,,,,,,,,,,,,,,,,,,,,,,,,,,,,,,,,,,,,,,,,,,,,,,,,,,,,,,,,,,,,,,,,,,,,,,,,,,,,,,,,,,,,,,,,,,,,,,,,,,,,,,,,,,,,,,,,,,,,,,,,,,,,,,,,,,,,,,,,,,,,
653,PVC,LT,#9,#4,Aromatics,1.1913237284135372,2.4244232935337378,35.03649819423976,-0.9986056467589626,-1.0908240485880951,-21.330707324797544,0.3911860938116111,,,,,,,,,,,,,,,,,,,,,,,,,,,,,,,,,,,,,,,,,,,,,,,,,,,,,,,,,,,,,,,,,,,,,,,,,,,,,,,,,,,,,,,,,,,,,,,,,,,,,,,,,,,,,,,,,,,,,,,,,,,,,,,,,,,,,,,,,,,,,,,,,,,,,,,,,,,,,,,,,,,,,,,,,,,,,,,,,,,,,,,,,,,,,,,,,,,,,,,,,,,,,,,,,,,,,,
654,PVC,LT,#9,#5,FT_1,1.2663896355314748,2.354542666324864,37.50037339423975,-0.8555083722180923,-0.7124869725133443,-16.384344454490034,0.5630884982866129,,,,,,,,,,,,,,,,,,,,,,,,,,,,,,,,,,,,,,,,,,,,,,,,,,,,,,,,,,,,,,,,,,,,,,,,,,,,,,,,,,,,,,,,,,,,,,,,,,,,,,,,,,,,,,,,,,,,,,,,,,,,,,,,,,,,,,,,,,,,,,,,,,,,,,,,,,,,,,,,,,,,,,,,,,,,,,,,,,,,,,,,,,,,,,,,,,,,,,,,,,,,,,,,,,,,,,
655,PVC,LT,#9,#6,Aromatics,1.013997960547135,0.8045864295587245,24.10364024178426,-0.7844929073945172,0.5931284869994151,-9.080059626679967,0.6232909413019093,,,,,,,,,,,,,,,,,,,,,,,,,,,,,,,,,,,,,,,,,,,,,,,,,,,,,,,,,,,,,,,,,,,,,,,,,,,,,,,,,,,,,,,,,,,,,,,,,,,,,,,,,,,,,,,,,,,,,,,,,,,,,,,,,,,,,,,,,,,,,,,,,,,,,,,,,,,,,,,,,,,,,,,,,,,,,,,,,,,,,,,,,,,,,,,,,,,,,,,,,,,,,,,,,,,,,,
656,PVC,LT,#9,#7,Aromatics,1.0836620325915842,1.201317940387765,28.267043378481528,-0.8176081701325421,0.20414421980329872,-13.816397468537524,0.5112188677272365,,,,,,,,,,,,,,,,,,,,,,,,,,,,,,,,,,,,,,,,,,,,,,,,,,,,,,,,,,,,,,,,,,,,,,,,,,,,,,,,,,,,,,,,,,,,,,,,,,,,,,,,,,,,,,,,,,,,,,,,,,,,,,,,,,,,,,,,,,,,,,,,,,,,,,,,,,,,,,,,,,,,,,,,,,,,,,,,,,,,,,,,,,,,,,,,,,,,,,,,,,,,,,,,,,,,,,
657,PVC,LT,#9,#8,Aromatics,1.1196126242691613,1.2774896347641733,29.391899684513525,-0.8732399076917206,0.11155773172342077,-15.334046467238581,0.4782900516186088,,,,,,,,,,,,,,,,,,,,,,,,,,,,,,,,,,,,,,,,,,,,,,,,,,,,,,,,,,,,,,,,,,,,,,,,,,,,,,,,,,,,,,,,,,,,,,,,,,,,,,,,,,,,,,,,,,,,,,,,,,,,,,,,,,,,,,,,,,,,,,,,,,,,,,,,,,,,,,,,,,,,,,,,,,,,,,,,,,,,,,,,,,,,,,,,,,,,,,,,,,,,,,,,,,,,,,
658,PVC,LT,#9,#9,Aromatics,1.082298632297355,1.172560607009253,29.93031472360584,-0.8002684468576925,0.25129128099421205,-15.214221129870939,0.49167854496793567,,,,,,,,,,,,,,,,,,,,,,,,,,,,,,,,,,,,,,,,,,,,,,,,,,,,,,,,,,,,,,,,,,,,,,,,,,,,,,,,,,,,,,,,,,,,,,,,,,,,,,,,,,,,,,,,,,,,,,,,,,,,,,,,,,,,,,,,,,,,,,,,,,,,,,,,,,,,,,,,,,,,,,,,,,,,,,,,,,,,,,,,,,,,,,,,,,,,,,,,,,,,,,,,,,,,,,
659,PVC,LT,#9,#10,Aromatics,1.1237728027828502,1.3664413703670415,30.822169618481528,-0.8876070467532693,-0.01028290500959769,-16.620214136259307,0.460770791219917,,,,,,,,,,,,,,,,,,,,,,,,,,,,,,,,,,,,,,,,,,,,,,,,,,,,,,,,,,,,,,,,,,,,,,,,,,,,,,,,,,,,,,,,,,,,,,,,,,,,,,,,,,,,,,,,,,,,,,,,,,,,,,,,,,,,,,,,,,,,,,,,,,,,,,,,,,,,,,,,,,,,,,,,,,,,,,,,,,,,,,,,,,,,,,,,,,,,,,,,,,,,,,,,,,,,,,
660,PVC,LT,#9,#11,Aromatics,1.1402703192349917,1.4550015018884312,31.297136660513527,-0.8977496137823501,-0.07065786946849137,-17.255429595362365,0.4486578825872936,,,,,,,,,,,,,,,,,,,,,,,,,,,,,,,,,,,,,,,,,,,,,,,,,,,,,,,,,,,,,,,,,,,,,,,,,,,,,,,,,,,,,,,,,,,,,,,,,,,,,,,,,,,,,,,,,,,,,,,,,,,,,,,,,,,,,,,,,,,,,,,,,,,,,,,,,,,,,,,,,,,,,,,,,,,,,,,,,,,,,,,,,,,,,,,,,,,,,,,,,,,,,,,,,,,,,,
661,PVC,HT,#1,-,MeOH_1,1.0145780080737528,1.688416667701028,35.02551151417986,-0.6256684558935893,-0.30172913005385144,-19.705596144081966,0.43739305174446136,,,,,,,,,,,,,,,,,,,,,,,,,,,,,,,,,,,,,,,,,,,,,,,,,,,,,,,,,,,,,,,,,,,,,,,,,,,,,,,,,,,,,,,,,,,,,,,,,,,,,,,,,,,,,,,,,,,,,,,,,,,,,,,,,,,,,,,,,,,,,,,,,,,,,,,,,,,,,,,,,,,,,,,,,,,,,,,,,,,,,,,,,,,,,,,,,,,,,,,,,,,,,,,,,,,,,,
662,PVC,HT,#2,-,FT_1,1.079241590391014,1.786987225946631,35.78989345509186,-0.7626804574580589,-0.4521197387708023,-21.230440111172108,0.4068034838435198,,,,,,,,,,,,,,,,,,,,,,,,,,,,,,,,,,,,,,,,,,,,,,,,,,,,,,,,,,,,,,,,,,,,,,,,,,,,,,,,,,,,,,,,,,,,,,,,,,,,,,,,,,,,,,,,,,,,,,,,,,,,,,,,,,,,,,,,,,,,,,,,,,,,,,,,,,,,,,,,,,,,,,,,,,,,,,,,,,,,,,,,,,,,,,,,,,,,,,,,,,,,,,,,,,,,,,
663,PVC,HT,#3,-,DIESEL_1,1.0285984319616326,2.638918376739657,35.966950165661586,-0.5069718170750153,-1.1412129295230264,-11.869701609916957,0.6699830940559087,,,,,,,,,,,,,,,,,,,,,,,,,,,,,,,,,,,,,,,,,,,,,,,,,,,,,,,,,,,,,,,,,,,,,,,,,,,,,,,,,,,,,,,,,,,,,,,,,,,,,,,,,,,,,,,,,,,,,,,,,,,,,,,,,,,,,,,,,,,,,,,,,,,,,,,,,,,,,,,,,,,,,,,,,,,,,,,,,,,,,,,,,,,,,,,,,,,,,,,,,,,,,,,,,,,,,,
664,PVC,HT,#4,-,MeOH_1,1.249825612915867,2.764917626100438,49.77494018905987,-0.9872991491132009,-1.5571897903116583,-36.874436017445,0.2591766885628583,,,,,,,,,,,,,,,,,,,,,,,,,,,,,,,,,,,,,,,,,,,,,,,,,,,,,,,,,,,,,,,,,,,,,,,,,,,,,,,,,,,,,,,,,,,,,,,,,,,,,,,,,,,,,,,,,,,,,,,,,,,,,,,,,,,,,,,,,,,,,,,,,,,,,,,,,,,,,,,,,,,,,,,,,,,,,,,,,,,,,,,,,,,,,,,,,,,,,,,,,,,,,,,,,,,,,,
665,PVC,HT,#5,-,FT_1,1.3061028667567243,2.9472937095386946,49.77300145509186,-0.9522765472093627,-1.5528318385413935,-34.70802129775289,0.302673733086631,,,,,,,,,,,,,,,,,,,,,,,,,,,,,,,,,,,,,,,,,,,,,,,,,,,,,,,,,,,,,,,,,,,,,,,,,,,,,,,,,,,,,,,,,,,,,,,,,,,,,,,,,,,,,,,,,,,,,,,,,,,,,,,,,,,,,,,,,,,,,,,,,,,,,,,,,,,,,,,,,,,,,,,,,,,,,,,,,,,,,,,,,,,,,,,,,,,,,,,,,,,,,,,,,,,,,,
666,PVC,HT,#6,-,Olefin,0.8677629488691563,0.9300354309496947,27.314703188434244,-0.6285035927484701,0.3644065323998296,-13.010471285016324,0.5236824945428916,,,,,,,,,,,,,,,,,,,,,,,,,,,,,,,,,,,,,,,,,,,,,,,,,,,,,,,,,,,,,,,,,,,,,,,,,,,,,,,,,,,,,,,,,,,,,,,,,,,,,,,,,,,,,,,,,,,,,,,,,,,,,,,,,,,,,,,,,,,,,,,,,,,,,,,,,,,,,,,,,,,,,,,,,,,,,,,,,,,,,,,,,,,,,,,,,,,,,,,,,,,,,,,,,,,,,,
667,PVC,HT,#7,-,MeOH_1,0.9729714681855481,2.007440342081226,33.75222870009637,-0.5637466683490053,-0.6208247211463612,-18.028428525075537,0.4658596122565363,,,,,,,,,,,,,,,,,,,,,,,,,,,,,,,,,,,,,,,,,,,,,,,,,,,,,,,,,,,,,,,,,,,,,,,,,,,,,,,,,,,,,,,,,,,,,,,,,,,,,,,,,,,,,,,,,,,,,,,,,,,,,,,,,,,,,,,,,,,,,,,,,,,,,,,,,,,,,,,,,,,,,,,,,,,,,,,,,,,,,,,,,,,,,,,,,,,,,,,,,,,,,,,,,,,,,,
668,PVC,HT,#8,-,DIESEL_1,1.049347135038108,2.190288902687999,36.31719604612837,-0.6504355205167947,-0.7741974104408109,-21.179439673860603,0.41682062549764337,,,,,,,,,,,,,,,,,,,,,,,,,,,,,,,,,,,,,,,,,,,,,,,,,,,,,,,,,,,,,,,,,,,,,,,,,,,,,,,,,,,,,,,,,,,,,,,,,,,,,,,,,,,,,,,,,,,,,,,,,,,,,,,,,,,,,,,,,,,,,,,,,,,,,,,,,,,,,,,,,,,,,,,,,,,,,,,,,,,,,,,,,,,,,,,,,,,,,,,,,,,,,,,,,,,,,,
669,PVC,HT,#9,-,DIESEL_1,0.9763395971276474,1.3505852995980459,32.74460344552127,-0.48171059293532087,0.16120804221140161,-16.122304831733747,0.507634750912248,,,,,,,,,,,,,,,,,,,,,,,,,,,,,,,,,,,,,,,,,,,,,,,,,,,,,,,,,,,,,,,,,,,,,,,,,,,,,,,,,,,,,,,,,,,,,,,,,,,,,,,,,,,,,,,,,,,,,,,,,,,,,,,,,,,,,,,,,,,,,,,,,,,,,,,,,,,,,,,,,,,,,,,,,,,,,,,,,,,,,,,,,,,,,,,,,,,,,,,,,,,,,,,,,,,,,,
670,PVC,HT,#10,-,MeOH_1,1.1006530476812484,2.7051140144805683,42.84393958009637,-0.7347503496800837,-1.389279258711871,-27.66818035174886,0.3542101724790402,,,,,,,,,,,,,,,,,,,,,,,,,,,,,,,,,,,,,,,,,,,,,,,,,,,,,,,,,,,,,,,,,,,,,,,,,,,,,,,,,,,,,,,,,,,,,,,,,,,,,,,,,,,,,,,,,,,,,,,,,,,,,,,,,,,,,,,,,,,,,,,,,,,,,,,,,,,,,,,,,,,,,,,,,,,,,,,,,,,,,,,,,,,,,,,,,,,,,,,,,,,,,,,,,,,,,,
671,PVC,HT,#11,-,DIESEL_1,1.1769047958973295,3.0613238264513236,45.84450820612837,-0.7816410822665799,-1.648168733367443,-30.964952821840505,0.3245657106274467,,,,,,,,,,,,,,,,,,,,,,,,,,,,,,,,,,,,,,,,,,,,,,,,,,,,,,,,,,,,,,,,,,,,,,,,,,,,,,,,,,,,,,,,,,,,,,,,,,,,,,,,,,,,,,,,,,,,,,,,,,,,,,,,,,,,,,,,,,,,,,,,,,,,,,,,,,,,,,,,,,,,,,,,,,,,,,,,,,,,,,,,,,,,,,,,,,,,,,,,,,,,,,,,,,,,,,
672,PVC,LT,#1,-,MeOH_1,0.9733803275496397,2.2696365925640265,34.717649749932434,-0.5792625342429459,-0.8760306382911658,-18.549275009861077,0.4657105206294336,,,,,,,,,,,,,,,,,,,,,,,,,,,,,,,,,,,,,,,,,,,,,,,,,,,,,,,,,,,,,,,,,,,,,,,,,,,,,,,,,,,,,,,,,,,,,,,,,,,,,,,,,,,,,,,,,,,,,,,,,,,,,,,,,,,,,,,,,,,,,,,,,,,,,,,,,,,,,,,,,,,,,,,,,,,,,,,,,,,,,,,,,,,,,,,,,,,,,,,,,,,,,,,,,,,,,,
673,PVC,LT,#2,-,FT_1,1.0268004264000872,2.247266606538354,35.00101265084444,-0.701463848320829,-0.8915482301960811,-19.479171015406703,0.4434683587665642,,,,,,,,,,,,,,,,,,,,,,,,,,,,,,,,,,,,,,,,,,,,,,,,,,,,,,,,,,,,,,,,,,,,,,,,,,,,,,,,,,,,,,,,,,,,,,,,,,,,,,,,,,,,,,,,,,,,,,,,,,,,,,,,,,,,,,,,,,,,,,,,,,,,,,,,,,,,,,,,,,,,,,,,,,,,,,,,,,,,,,,,,,,,,,,,,,,,,,,,,,,,,,,,,,,,,,
674,PVC,LT,#3,-,GASOLINE_1,0.9774341323260115,1.632418885409301,34.42105558215578,-0.4754671251209338,-0.10597401605138392,-16.873245767882434,0.5097987123721536,,,,,,,,,,,,,,,,,,,,,,,,,,,,,,,,,,,,,,,,,,,,,,,,,,,,,,,,,,,,,,,,,,,,,,,,,,,,,,,,,,,,,,,,,,,,,,,,,,,,,,,,,,,,,,,,,,,,,,,,,,,,,,,,,,,,,,,,,,,,,,,,,,,,,,,,,,,,,,,,,,,,,,,,,,,,,,,,,,,,,,,,,,,,,,,,,,,,,,,,,,,,,,,,,,,,,,
675,PVC,LT,#4,-,MeOH_1,1.251139215909181,3.18610147138191,52.57451826481245,-0.9088411499692797,-1.9094750115850907,-34.197572558145424,0.34954092425734157,,,,,,,,,,,,,,,,,,,,,,,,,,,,,,,,,,,,,,,,,,,,,,,,,,,,,,,,,,,,,,,,,,,,,,,,,,,,,,,,,,,,,,,,,,,,,,,,,,,,,,,,,,,,,,,,,,,,,,,,,,,,,,,,,,,,,,,,,,,,,,,,,,,,,,,,,,,,,,,,,,,,,,,,,,,,,,,,,,,,,,,,,,,,,,,,,,,,,,,,,,,,,,,,,,,,,,
676,PVC,LT,#5,-,FT_1,1.2978216450918965,3.51799560127464,52.47419665084444,-0.9038402844713858,-2.068584203977796,-34.08947745394557,0.35035732551044235,,,,,,,,,,,,,,,,,,,,,,,,,,,,,,,,,,,,,,,,,,,,,,,,,,,,,,,,,,,,,,,,,,,,,,,,,,,,,,,,,,,,,,,,,,,,,,,,,,,,,,,,,,,,,,,,,,,,,,,,,,,,,,,,,,,,,,,,,,,,,,,,,,,,,,,,,,,,,,,,,,,,,,,,,,,,,,,,,,,,,,,,,,,,,,,,,,,,,,,,,,,,,,,,,,,,,,
677,PVC,LT,#6,-,Olefin,0.8489521585182662,0.8738956303762108,27.388471762067198,-0.5790370053954818,0.4878849720008595,-11.279109817624244,0.5881803878796291,,,,,,,,,,,,,,,,,,,,,,,,,,,,,,,,,,,,,,,,,,,,,,,,,,,,,,,,,,,,,,,,,,,,,,,,,,,,,,,,,,,,,,,,,,,,,,,,,,,,,,,,,,,,,,,,,,,,,,,,,,,,,,,,,,,,,,,,,,,,,,,,,,,,,,,,,,,,,,,,,,,,,,,,,,,,,,,,,,,,,,,,,,,,,,,,,,,,,,,,,,,,,,,,,,,,,,
678,PVC,LT,#7,-,MeOH_1,0.9596127084954713,1.711885564383401,35.581186856525285,-0.5288251682435349,-0.2938413827057834,-19.054430002959787,0.46448020186079414,,,,,,,,,,,,,,,,,,,,,,,,,,,,,,,,,,,,,,,,,,,,,,,,,,,,,,,,,,,,,,,,,,,,,,,,,,,,,,,,,,,,,,,,,,,,,,,,,,,,,,,,,,,,,,,,,,,,,,,,,,,,,,,,,,,,,,,,,,,,,,,,,,,,,,,,,,,,,,,,,,,,,,,,,,,,,,,,,,,,,,,,,,,,,,,,,,,,,,,,,,,,,,,,,,,,,,
679,PVC,LT,#8,-,GASOLINE_1,1.0407876550899107,1.8889751583495349,37.80574860255728,-0.6459127354809979,-0.4685286911332118,-22.223548377670465,0.4121648373822387,,,,,,,,,,,,,,,,,,,,,,,,,,,,,,,,,,,,,,,,,,,,,,,,,,,,,,,,,,,,,,,,,,,,,,,,,,,,,,,,,,,,,,,,,,,,,,,,,,,,,,,,,,,,,,,,,,,,,,,,,,,,,,,,,,,,,,,,,,,,,,,,,,,,,,,,,,,,,,,,,,,,,,,,,,,,,,,,,,,,,,,,,,,,,,,,,,,,,,,,,,,,,,,,,,,,,,
680,PVC,LT,#9,-,GASOLINE_1,0.9676363203071728,1.4778078318672243,34.84848415068449,-0.44756174452998215,0.06697213800768584,-17.36683855197812,0.501647231572998,,,,,,,,,,,,,,,,,,,,,,,,,,,,,,,,,,,,,,,,,,,,,,,,,,,,,,,,,,,,,,,,,,,,,,,,,,,,,,,,,,,,,,,,,,,,,,,,,,,,,,,,,,,,,,,,,,,,,,,,,,,,,,,,,,,,,,,,,,,,,,,,,,,,,,,,,,,,,,,,,,,,,,,,,,,,,,,,,,,,,,,,,,,,,,,,,,,,,,,,,,,,,,,,,,,,,,
681,PVC,LT,#10,-,MeOH_1,1.0759601415293225,2.451661112183481,45.53482013652529,-0.7181262344250812,-1.1528265947515401,-29.703363857686416,0.34767802379304524,,,,,,,,,,,,,,,,,,,,,,,,,,,,,,,,,,,,,,,,,,,,,,,,,,,,,,,,,,,,,,,,,,,,,,,,,,,,,,,,,,,,,,,,,,,,,,,,,,,,,,,,,,,,,,,,,,,,,,,,,,,,,,,,,,,,,,,,,,,,,,,,,,,,,,,,,,,,,,,,,,,,,,,,,,,,,,,,,,,,,,,,,,,,,,,,,,,,,,,,,,,,,,,,,,,,,,
682,PVC,LT,#11,-,GASOLINE_1,1.1378465682051584,2.82340697999293,47.54268988255729,-0.7497199028382353,-1.410567555154624,-32.08496810358123,0.32513351299980325,,,,,,,,,,,,,,,,,,,,,,,,,,,,,,,,,,,,,,,,,,,,,,,,,,,,,,,,,,,,,,,,,,,,,,,,,,,,,,,,,,,,,,,,,,,,,,,,,,,,,,,,,,,,,,,,,,,,,,,,,,,,,,,,,,,,,,,,,,,,,,,,,,,,,,,,,,,,,,,,,,,,,,,,,,,,,,,,,,,,,,,,,,,,,,,,,,,,,,,,,,,,,,,,,,,,,,
683,PVC,SG,#1,-,MeOH_1,0.7508821537655215,1.8806268638335246,31.44165865493168,-0.3921694313434477,-0.5731524927330786,-14.569915477300356,0.536604743496411,,,,,,,,,,,,,,,,,,,,,,,,,,,,,,,,,,,,,,,,,,,,,,,,,,,,,,,,,,,,,,,,,,,,,,,,,,,,,,,,,,,,,,,,,,,,,,,,,,,,,,,,,,,,,,,,,,,,,,,,,,,,,,,,,,,,,,,,,,,,,,,,,,,,,,,,,,,,,,,,,,,,,,,,,,,,,,,,,,,,,,,,,,,,,,,,,,,,,,,,,,,,,,,,,,,,,,
684,PVC,SG,#2,-,FT_1,0.8557731247654915,2.1451503750468333,32.15640649493168,-0.4157233855339791,-0.5381051955599024,-15.806766711648681,0.5084411339886482,,,,,,,,,,,,,,,,,,,,,,,,,,,,,,,,,,,,,,,,,,,,,,,,,,,,,,,,,,,,,,,,,,,,,,,,,,,,,,,,,,,,,,,,,,,,,,,,,,,,,,,,,,,,,,,,,,,,,,,,,,,,,,,,,,,,,,,,,,,,,,,,,,,,,,,,,,,,,,,,,,,,,,,,,,,,,,,,,,,,,,,,,,,,,,,,,,,,,,,,,,,,,,,,,,,,,,
685,PVC,SG,#3,-,H2_1,0.7463074297726376,2.216968181138067,33.54006506455463,-0.032414839334828686,-0.3744079390301937,-11.632369735668638,0.6531798697086666,,,,,,,,,,,,,,,,,,,,,,,,,,,,,,,,,,,,,,,,,,,,,,,,,,,,,,,,,,,,,,,,,,,,,,,,,,,,,,,,,,,,,,,,,,,,,,,,,,,,,,,,,,,,,,,,,,,,,,,,,,,,,,,,,,,,,,,,,,,,,,,,,,,,,,,,,,,,,,,,,,,,,,,,,,,,,,,,,,,,,,,,,,,,,,,,,,,,,,,,,,,,,,,,,,,,,,
686,PVC,SG,#4,-,MeOH_1,0.9416664339117908,3.844835972933493,52.363769054931666,-0.5939088564216365,-2.557844540377194,-35.00003728426775,0.3315982039499234,,,,,,,,,,,,,,,,,,,,,,,,,,,,,,,,,,,,,,,,,,,,,,,,,,,,,,,,,,,,,,,,,,,,,,,,,,,,,,,,,,,,,,,,,,,,,,,,,,,,,,,,,,,,,,,,,,,,,,,,,,,,,,,,,,,,,,,,,,,,,,,,,,,,,,,,,,,,,,,,,,,,,,,,,,,,,,,,,,,,,,,,,,,,,,,,,,,,,,,,,,,,,,,,,,,,,,
687,PVC,SG,#5,-,FT_1,1.0456791063492552,4.131610273211943,53.27796265493168,-0.6085122650592817,-2.5277639649355628,-37.05218054218253,0.30454959807377696,,,,,,,,,,,,,,,,,,,,,,,,,,,,,,,,,,,,,,,,,,,,,,,,,,,,,,,,,,,,,,,,,,,,,,,,,,,,,,,,,,,,,,,,,,,,,,,,,,,,,,,,,,,,,,,,,,,,,,,,,,,,,,,,,,,,,,,,,,,,,,,,,,,,,,,,,,,,,,,,,,,,,,,,,,,,,,,,,,,,,,,,,,,,,,,,,,,,,,,,,,,,,,,,,,,,,,
688,PVC,SG,#6,-,MeOH_1,0.7628466629551013,1.8249573411986366,34.98731006139432,-0.38308111840564096,-0.5146891835432288,-17.799675226034104,0.49125339459364115,,,,,,,,,,,,,,,,,,,,,,,,,,,,,,,,,,,,,,,,,,,,,,,,,,,,,,,,,,,,,,,,,,,,,,,,,,,,,,,,,,,,,,,,,,,,,,,,,,,,,,,,,,,,,,,,,,,,,,,,,,,,,,,,,,,,,,,,,,,,,,,,,,,,,,,,,,,,,,,,,,,,,,,,,,,,,,,,,,,,,,,,,,,,,,,,,,,,,,,,,,,,,,,,,,,,,,
689,PVC,SG,#7,-,FT_1,0.8713346843246997,2.376028746652511,37.35357420742632,-0.4110025675512472,-0.7704335604624438,-21.30138282455321,0.4297364234473108,,,,,,,,,,,,,,,,,,,,,,,,,,,,,,,,,,,,,,,,,,,,,,,,,,,,,,,,,,,,,,,,,,,,,,,,,,,,,,,,,,,,,,,,,,,,,,,,,,,,,,,,,,,,,,,,,,,,,,,,,,,,,,,,,,,,,,,,,,,,,,,,,,,,,,,,,,,,,,,,,,,,,,,,,,,,,,,,,,,,,,,,,,,,,,,,,,,,,,,,,,,,,,,,,,,,,,
690,PVC,SG,#8,-,H2_1,0.7792938502716767,2.510215620857096,38.894403423204714,-0.04847218495929297,-0.6556108323476505,-17.207769291792022,0.5575772404950752,,,,,,,,,,,,,,,,,,,,,,,,,,,,,,,,,,,,,,,,,,,,,,,,,,,,,,,,,,,,,,,,,,,,,,,,,,,,,,,,,,,,,,,,,,,,,,,,,,,,,,,,,,,,,,,,,,,,,,,,,,,,,,,,,,,,,,,,,,,,,,,,,,,,,,,,,,,,,,,,,,,,,,,,,,,,,,,,,,,,,,,,,,,,,,,,,,,,,,,,,,,,,,,,,,,,,,
691,PVC,SG,#9,-,MeOH_1,0.9367788692464403,3.893391146028051,56.79891774139432,-0.5570095694680075,-2.5831167726883684,-39.61148082195839,0.3026014861355351,,,,,,,,,,,,,,,,,,,,,,,,,,,,,,,,,,,,,,,,,,,,,,,,,,,,,,,,,,,,,,,,,,,,,,,,,,,,,,,,,,,,,,,,,,,,,,,,,,,,,,,,,,,,,,,,,,,,,,,,,,,,,,,,,,,,,,,,,,,,,,,,,,,,,,,,,,,,,,,,,,,,,,,,,,,,,,,,,,,,,,,,,,,,,,,,,,,,,,,,,,,,,,,,,,,,,,
692,PVC,SG,#10,-,FT_1,1.0422803096642175,4.466610182465974,59.29079740742632,-0.5798659293123541,-2.8586838187754644,-43.15673937537166,0.27211740670625284,,,,,,,,,,,,,,,,,,,,,,,,,,,,,,,,,,,,,,,,,,,,,,,,,,,,,,,,,,,,,,,,,,,,,,,,,,,,,,,,,,,,,,,,,,,,,,,,,,,,,,,,,,,,,,,,,,,,,,,,,,,,,,,,,,,,,,,,,,,,,,,,,,,,,,,,,,,,,,,,,,,,,,,,,,,,,,,,,,,,,,,,,,,,,,,,,,,,,,,,,,,,,,,,,,,,,,
693,PVC,OG,#1,-,MeOH_1,0.6898078676496207,1.3813738714383186,18.613416900078747,-0.5673817806235796,-0.29427960097751454,-9.812836662839304,0.47280842010271684,,,,,,,,,,,,,,,,,,,,,,,,,,,,,,,,,,,,,,,,,,,,,,,,,,,,,,,,,,,,,,,,,,,,,,,,,,,,,,,,,,,,,,,,,,,,,,,,,,,,,,,,,,,,,,,,,,,,,,,,,,,,,,,,,,,,,,,,,,,,,,,,,,,,,,,,,,,,,,,,,,,,,,,,,,,,,,,,,,,,,,,,,,,,,,,,,,,,,,,,,,,,,,,,,,,,,,
694,PVC,OG,#2,-,FT_1,1.2827491675622278,1.5731123734529633,34.18456922007874,-0.8415485607346489,0.034474138007640986,-17.552159480001077,0.48654729661792584,,,,,,,,,,,,,,,,,,,,,,,,,,,,,,,,,,,,,,,,,,,,,,,,,,,,,,,,,,,,,,,,,,,,,,,,,,,,,,,,,,,,,,,,,,,,,,,,,,,,,,,,,,,,,,,,,,,,,,,,,,,,,,,,,,,,,,,,,,,,,,,,,,,,,,,,,,,,,,,,,,,,,,,,,,,,,,,,,,,,,,,,,,,,,,,,,,,,,,,,,,,,,,,,,,,,,,
695,PVC,OG,#3,-,H2_1,0.7102615825198547,1.0572215858264429,23.556914238371533,-0.38249770008239575,0.3006275705422804,-14.281109134366208,0.39376146680943863,,,,,,,,,,,,,,,,,,,,,,,,,,,,,,,,,,,,,,,,,,,,,,,,,,,,,,,,,,,,,,,,,,,,,,,,,,,,,,,,,,,,,,,,,,,,,,,,,,,,,,,,,,,,,,,,,,,,,,,,,,,,,,,,,,,,,,,,,,,,,,,,,,,,,,,,,,,,,,,,,,,,,,,,,,,,,,,,,,,,,,,,,,,,,,,,,,,,,,,,,,,,,,,,,,,,,,
696,PVC,OG,#4,-,MeOH_1,0.8186652032566062,2.497964676258821,30.88100922007874,-0.7061205640409912,-1.4194598698150867,-22.459128250573503,0.27272039296012907,,,,,,,,,,,,,,,,,,,,,,,,,,,,,,,,,,,,,,,,,,,,,,,,,,,,,,,,,,,,,,,,,,,,,,,,,,,,,,,,,,,,,,,,,,,,,,,,,,,,,,,,,,,,,,,,,,,,,,,,,,,,,,,,,,,,,,,,,,,,,,,,,,,,,,,,,,,,,,,,,,,,,,,,,,,,,,,,,,,,,,,,,,,,,,,,,,,,,,,,,,,,,,,,,,,,,,
697,PVC,OG,#5,-,FT_1,1.688090232694026,4.035829720438596,63.03540074007874,-1.1549698910821178,-2.3165069036421615,-43.797555873589715,0.30519112499680423,,,,,,,,,,,,,,,,,,,,,,,,,,,,,,,,,,,,,,,,,,,,,,,,,,,,,,,,,,,,,,,,,,,,,,,,,,,,,,,,,,,,,,,,,,,,,,,,,,,,,,,,,,,,,,,,,,,,,,,,,,,,,,,,,,,,,,,,,,,,,,,,,,,,,,,,,,,,,,,,,,,,,,,,,,,,,,,,,,,,,,,,,,,,,,,,,,,,,,,,,,,,,,,,,,,,,,
698,PVC,OG,#6,-,MeOH_1,0.6866073715260858,0.8107699049045326,19.950742104113978,-0.5233113792518735,0.299151319952829,-11.985859224907276,0.3992273990431809,,,,,,,,,,,,,,,,,,,,,,,,,,,,,,,,,,,,,,,,,,,,,,,,,,,,,,,,,,,,,,,,,,,,,,,,,,,,,,,,,,,,,,,,,,,,,,,,,,,,,,,,,,,,,,,,,,,,,,,,,,,,,,,,,,,,,,,,,,,,,,,,,,,,,,,,,,,,,,,,,,,,,,,,,,,,,,,,,,,,,,,,,,,,,,,,,,,,,,,,,,,,,,,,,,,,,,
699,PVC,OG,#7,-,FT_1,1.0099557638437093,1.1364751347160191,28.94746530411398,-0.6843219631989749,0.2827355423239243,-17.985920508087162,0.37867028013913795,,,,,,,,,,,,,,,,,,,,,,,,,,,,,,,,,,,,,,,,,,,,,,,,,,,,,,,,,,,,,,,,,,,,,,,,,,,,,,,,,,,,,,,,,,,,,,,,,,,,,,,,,,,,,,,,,,,,,,,,,,,,,,,,,,,,,,,,,,,,,,,,,,,,,,,,,,,,,,,,,,,,,,,,,,,,,,,,,,,,,,,,,,,,,,,,,,,,,,,,,,,,,,,,,,,,,,
700,PVC,OG,#8,-,H2_1,0.7148855288387156,1.0210180681126837,24.934495810327896,-0.3643712184948553,0.3595211945212359,-15.23380217648736,0.3890471139914728,,,,,,,,,,,,,,,,,,,,,,,,,,,,,,,,,,,,,,,,,,,,,,,,,,,,,,,,,,,,,,,,,,,,,,,,,,,,,,,,,,,,,,,,,,,,,,,,,,,,,,,,,,,,,,,,,,,,,,,,,,,,,,,,,,,,,,,,,,,,,,,,,,,,,,,,,,,,,,,,,,,,,,,,,,,,,,,,,,,,,,,,,,,,,,,,,,,,,,,,,,,,,,,,,,,,,,
701,PVC,OG,#9,-,MeOH_1,0.7799384462291766,2.0722990206266125,30.72029341611398,-0.6266919790041156,-0.9714624119765926,-23.075833293714062,0.24884072618883593,,,,,,,,,,,,,,,,,,,,,,,,,,,,,,,,,,,,,,,,,,,,,,,,,,,,,,,,,,,,,,,,,,,,,,,,,,,,,,,,,,,,,,,,,,,,,,,,,,,,,,,,,,,,,,,,,,,,,,,,,,,,,,,,,,,,,,,,,,,,,,,,,,,,,,,,,,,,,,,,,,,,,,,,,,,,,,,,,,,,,,,,,,,,,,,,,,,,,,,,,,,,,,,,,,,,,,
702,PVC,OG,#10,-,FT_1,1.1560830654711913,2.3124186033872736,42.04710498411397,-0.7918421824901353,-0.8467486557081384,-29.749021809776455,0.2924834701219959,,,,,,,,,,,,,,,,,,,,,,,,,,,,,,,,,,,,,,,,,,,,,,,,,,,,,,,,,,,,,,,,,,,,,,,,,,,,,,,,,,,,,,,,,,,,,,,,,,,,,,,,,,,,,,,,,,,,,,,,,,,,,,,,,,,,,,,,,,,,,,,,,,,,,,,,,,,,,,,,,,,,,,,,,,,,,,,,,,,,,,,,,,,,,,,,,,,,,,,,,,,,,,,,,,,,,,
703,PS,HT,#1,-,GASOLINE_1,1.4090988408502174,1.531773900195635,65.88056956652426,-0.5307715761655789,1.7024303958992903,-18.502691557026452,0.7191479721749677,,,,,,,,,,,,,,,,,,,,,,,,,,,,,,,,,,,,,,,,,,,,,,,,,,,,,,,,,,,,,,,,,,,,,,,,,,,,,,,,,,,,,,,,,,,,,,,,,,,,,,,,,,,,,,,,,,,,,,,,,,,,,,,,,,,,,,,,,,,,,,,,,,,,,,,,,,,,,,,,,,,,,,,,,,,,,,,,,,,,,,,,,,,,,,,,,,,,,,,,,,,,,,,,,,,,,,
704,PS,HT,#2,-,GASOLINE_1,1.40934152050177,2.1555991557421024,71.74702843105656,-0.6445845115410117,1.3075621132826052,-27.950109066719765,0.6104353075252769,,,,,,,,,,,,,,,,,,,,,,,,,,,,,,,,,,,,,,,,,,,,,,,,,,,,,,,,,,,,,,,,,,,,,,,,,,,,,,,,,,,,,,,,,,,,,,,,,,,,,,,,,,,,,,,,,,,,,,,,,,,,,,,,,,,,,,,,,,,,,,,,,,,,,,,,,,,,,,,,,,,,,,,,,,,,,,,,,,,,,,,,,,,,,,,,,,,,,,,,,,,,,,,,,,,,,,
705,PS,HT,#3,-,GASOLINE_1,1.5122864593164116,3.0183577885802566,80.5314148825701,-0.5608174532618174,0.3616534762778124,-35.48052888419452,0.5594200234041363,,,,,,,,,,,,,,,,,,,,,,,,,,,,,,,,,,,,,,,,,,,,,,,,,,,,,,,,,,,,,,,,,,,,,,,,,,,,,,,,,,,,,,,,,,,,,,,,,,,,,,,,,,,,,,,,,,,,,,,,,,,,,,,,,,,,,,,,,,,,,,,,,,,,,,,,,,,,,,,,,,,,,,,,,,,,,,,,,,,,,,,,,,,,,,,,,,,,,,,,,,,,,,,,,,,,,,
706,PS,HT,#4,-,GASOLINE_1,1.5771501537352435,3.3535542974827863,83.45958622860212,-0.6226327810965816,0.13256874806945293,-39.20441997269507,0.5302586348162426,,,,,,,,,,,,,,,,,,,,,,,,,,,,,,,,,,,,,,,,,,,,,,,,,,,,,,,,,,,,,,,,,,,,,,,,,,,,,,,,,,,,,,,,,,,,,,,,,,,,,,,,,,,,,,,,,,,,,,,,,,,,,,,,,,,,,,,,,,,,,,,,,,,,,,,,,,,,,,,,,,,,,,,,,,,,,,,,,,,,,,,,,,,,,,,,,,,,,,,,,,,,,,,,,,,,,,
707,PS,HT,#5,-,GASOLINE_1,1.5276946727752563,2.9266793304267535,79.68754681878802,-0.38857813433299726,0.7339903301282361,-31.901979067760696,0.5996616743604016,,,,,,,,,,,,,,,,,,,,,,,,,,,,,,,,,,,,,,,,,,,,,,,,,,,,,,,,,,,,,,,,,,,,,,,,,,,,,,,,,,,,,,,,,,,,,,,,,,,,,,,,,,,,,,,,,,,,,,,,,,,,,,,,,,,,,,,,,,,,,,,,,,,,,,,,,,,,,,,,,,,,,,,,,,,,,,,,,,,,,,,,,,,,,,,,,,,,,,,,,,,,,,,,,,,,,,
708,PS,HT,#6,-,MeOH_1,1.6794361137696219,4.3787941115299915,97.0778404825701,-0.7899431914508067,-1.102727133336735,-52.33070824607806,0.46094074625121256,,,,,,,,,,,,,,,,,,,,,,,,,,,,,,,,,,,,,,,,,,,,,,,,,,,,,,,,,,,,,,,,,,,,,,,,,,,,,,,,,,,,,,,,,,,,,,,,,,,,,,,,,,,,,,,,,,,,,,,,,,,,,,,,,,,,,,,,,,,,,,,,,,,,,,,,,,,,,,,,,,,,,,,,,,,,,,,,,,,,,,,,,,,,,,,,,,,,,,,,,,,,,,,,,,,,,,
709,PS,HT,#7,-,GASOLINE_1,1.7626662988672381,5.030281051811022,100.72848894860215,-0.8124479174200739,-1.5488956265024898,-56.5409450879546,0.43867970543263823,,,,,,,,,,,,,,,,,,,,,,,,,,,,,,,,,,,,,,,,,,,,,,,,,,,,,,,,,,,,,,,,,,,,,,,,,,,,,,,,,,,,,,,,,,,,,,,,,,,,,,,,,,,,,,,,,,,,,,,,,,,,,,,,,,,,,,,,,,,,,,,,,,,,,,,,,,,,,,,,,,,,,,,,,,,,,,,,,,,,,,,,,,,,,,,,,,,,,,,,,,,,,,,,,,,,,,
710,PS,HT,#8,-,WAX_1,1.1596289565521731,1.0924503298271817,55.65288202818166,-0.6559475201438295,2.3390982530782036,-16.817573489786042,0.6978130713649311,,,,,,,,,,,,,,,,,,,,,,,,,,,,,,,,,,,,,,,,,,,,,,,,,,,,,,,,,,,,,,,,,,,,,,,,,,,,,,,,,,,,,,,,,,,,,,,,,,,,,,,,,,,,,,,,,,,,,,,,,,,,,,,,,,,,,,,,,,,,,,,,,,,,,,,,,,,,,,,,,,,,,,,,,,,,,,,,,,,,,,,,,,,,,,,,,,,,,,,,,,,,,,,,,,,,,,
711,PS,HT,#9,-,WAX_1,1.1968446534234782,1.494936192884302,57.79364694794164,-0.6989879209117054,1.977565828986106,-18.70128081979859,0.6764128618385338,,,,,,,,,,,,,,,,,,,,,,,,,,,,,,,,,,,,,,,,,,,,,,,,,,,,,,,,,,,,,,,,,,,,,,,,,,,,,,,,,,,,,,,,,,,,,,,,,,,,,,,,,,,,,,,,,,,,,,,,,,,,,,,,,,,,,,,,,,,,,,,,,,,,,,,,,,,,,,,,,,,,,,,,,,,,,,,,,,,,,,,,,,,,,,,,,,,,,,,,,,,,,,,,,,,,,,
712,PS,LT,#1,-,GASOLINE_1,1.4222968026449028,1.476590091714593,65.44101526225894,-0.5328336879593375,1.7596327074647606,-17.648425383541937,0.7303155320434016,,,,,,,,,,,,,,,,,,,,,,,,,,,,,,,,,,,,,,,,,,,,,,,,,,,,,,,,,,,,,,,,,,,,,,,,,,,,,,,,,,,,,,,,,,,,,,,,,,,,,,,,,,,,,,,,,,,,,,,,,,,,,,,,,,,,,,,,,,,,,,,,,,,,,,,,,,,,,,,,,,,,,,,,,,,,,,,,,,,,,,,,,,,,,,,,,,,,,,,,,,,,,,,,,,,,,,
713,PS,LT,#2,-,GASOLINE_1,1.4240252446118804,2.0322511628359154,71.14678184017563,-0.5632568326575009,1.547366474614761,-20.869373726899408,0.7066715712626266,,,,,,,,,,,,,,,,,,,,,,,,,,,,,,,,,,,,,,,,,,,,,,,,,,,,,,,,,,,,,,,,,,,,,,,,,,,,,,,,,,,,,,,,,,,,,,,,,,,,,,,,,,,,,,,,,,,,,,,,,,,,,,,,,,,,,,,,,,,,,,,,,,,,,,,,,,,,,,,,,,,,,,,,,,,,,,,,,,,,,,,,,,,,,,,,,,,,,,,,,,,,,,,,,,,,,,
714,PS,LT,#3,-,GASOLINE_1,1.5560084590950776,3.1065062442657427,81.59498231407154,-0.5256917780492232,0.3455065200451031,-33.9305168678631,0.5841592717397822,,,,,,,,,,,,,,,,,,,,,,,,,,,,,,,,,,,,,,,,,,,,,,,,,,,,,,,,,,,,,,,,,,,,,,,,,,,,,,,,,,,,,,,,,,,,,,,,,,,,,,,,,,,,,,,,,,,,,,,,,,,,,,,,,,,,,,,,,,,,,,,,,,,,,,,,,,,,,,,,,,,,,,,,,,,,,,,,,,,,,,,,,,,,,,,,,,,,,,,,,,,,,,,,,,,,,,
715,PS,LT,#4,-,GASOLINE_1,1.627073184147643,3.405850334794448,84.65115894010356,-0.6186531683726033,0.11058322721950799,-37.85069208080507,0.5528626831017517,,,,,,,,,,,,,,,,,,,,,,,,,,,,,,,,,,,,,,,,,,,,,,,,,,,,,,,,,,,,,,,,,,,,,,,,,,,,,,,,,,,,,,,,,,,,,,,,,,,,,,,,,,,,,,,,,,,,,,,,,,,,,,,,,,,,,,,,,,,,,,,,,,,,,,,,,,,,,,,,,,,,,,,,,,,,,,,,,,,,,,,,,,,,,,,,,,,,,,,,,,,,,,,,,,,,,,
716,PS,LT,#5,-,GASOLINE_1,1.561658192711672,2.8691938242991055,80.2261188692664,-0.3576053925869118,0.8366707180741647,-30.019303764412363,0.6258163278055275,,,,,,,,,,,,,,,,,,,,,,,,,,,,,,,,,,,,,,,,,,,,,,,,,,,,,,,,,,,,,,,,,,,,,,,,,,,,,,,,,,,,,,,,,,,,,,,,,,,,,,,,,,,,,,,,,,,,,,,,,,,,,,,,,,,,,,,,,,,,,,,,,,,,,,,,,,,,,,,,,,,,,,,,,,,,,,,,,,,,,,,,,,,,,,,,,,,,,,,,,,,,,,,,,,,,,,
717,PS,LT,#6,-,MeOH_1,1.7206841795055607,4.409362332386946,98.21219735407153,-0.7778380955787105,-1.10296182573769,-51.1227435670689,0.47946645178131203,,,,,,,,,,,,,,,,,,,,,,,,,,,,,,,,,,,,,,,,,,,,,,,,,,,,,,,,,,,,,,,,,,,,,,,,,,,,,,,,,,,,,,,,,,,,,,,,,,,,,,,,,,,,,,,,,,,,,,,,,,,,,,,,,,,,,,,,,,,,,,,,,,,,,,,,,,,,,,,,,,,,,,,,,,,,,,,,,,,,,,,,,,,,,,,,,,,,,,,,,,,,,,,,,,,,,,
718,PS,LT,#7,-,GASOLINE_1,1.8051172377365488,5.074106606103976,101.90351126010357,-0.8046156855588193,-1.5653501207885119,-55.464197343200915,0.4557184864647956,,,,,,,,,,,,,,,,,,,,,,,,,,,,,,,,,,,,,,,,,,,,,,,,,,,,,,,,,,,,,,,,,,,,,,,,,,,,,,,,,,,,,,,,,,,,,,,,,,,,,,,,,,,,,,,,,,,,,,,,,,,,,,,,,,,,,,,,,,,,,,,,,,,,,,,,,,,,,,,,,,,,,,,,,,,,,,,,,,,,,,,,,,,,,,,,,,,,,,,,,,,,,,,,,,,,,,
719,PS,LT,#8,-,Aromatics,1.052611500684272,0.9893069664883944,53.84353192850068,-0.22538071412416782,2.9708031849057353,-9.944629860053043,0.815305023577231,,,,,,,,,,,,,,,,,,,,,,,,,,,,,,,,,,,,,,,,,,,,,,,,,,,,,,,,,,,,,,,,,,,,,,,,,,,,,,,,,,,,,,,,,,,,,,,,,,,,,,,,,,,,,,,,,,,,,,,,,,,,,,,,,,,,,,,,,,,,,,,,,,,,,,,,,,,,,,,,,,,,,,,,,,,,,,,,,,,,,,,,,,,,,,,,,,,,,,,,,,,,,,,,,,,,,,
720,PS,LT,#9,-,Aromatics,1.1199524643212457,1.4362888489759162,56.796355064292676,-0.3224696419862231,2.6513901641134003,-12.513511680619457,0.7796775573634199,,,,,,,,,,,,,,,,,,,,,,,,,,,,,,,,,,,,,,,,,,,,,,,,,,,,,,,,,,,,,,,,,,,,,,,,,,,,,,,,,,,,,,,,,,,,,,,,,,,,,,,,,,,,,,,,,,,,,,,,,,,,,,,,,,,,,,,,,,,,,,,,,,,,,,,,,,,,,,,,,,,,,,,,,,,,,,,,,,,,,,,,,,,,,,,,,,,,,,,,,,,,,,,,,,,,,,
721,PS,SG,#1,-,MeOH_1,0.8887511086477167,3.9537013765976323,77.71176083732654,-0.07510327090861964,-0.7744345658941916,-39.94397799321374,0.485998289540393,,,,,,,,,,,,,,,,,,,,,,,,,,,,,,,,,,,,,,,,,,,,,,,,,,,,,,,,,,,,,,,,,,,,,,,,,,,,,,,,,,,,,,,,,,,,,,,,,,,,,,,,,,,,,,,,,,,,,,,,,,,,,,,,,,,,,,,,,,,,,,,,,,,,,,,,,,,,,,,,,,,,,,,,,,,,,,,,,,,,,,,,,,,,,,,,,,,,,,,,,,,,,,,,,,,,,,
722,PS,SG,#2,-,FT_1,1.0531658823333203,4.588528613569978,79.88735443732654,-0.08920414047787148,-0.7878748532393077,-43.956516391127984,0.4497687812955068,,,,,,,,,,,,,,,,,,,,,,,,,,,,,,,,,,,,,,,,,,,,,,,,,,,,,,,,,,,,,,,,,,,,,,,,,,,,,,,,,,,,,,,,,,,,,,,,,,,,,,,,,,,,,,,,,,,,,,,,,,,,,,,,,,,,,,,,,,,,,,,,,,,,,,,,,,,,,,,,,,,,,,,,,,,,,,,,,,,,,,,,,,,,,,,,,,,,,,,,,,,,,,,,,,,,,,
723,PS,SG,#3,-,H2_1,0.8209562351791501,4.585222893016057,71.82709538062574,0.5507658086387865,-0.4999194784494999,-24.148143899987684,0.6638017481839968,,,,,,,,,,,,,,,,,,,,,,,,,,,,,,,,,,,,,,,,,,,,,,,,,,,,,,,,,,,,,,,,,,,,,,,,,,,,,,,,,,,,,,,,,,,,,,,,,,,,,,,,,,,,,,,,,,,,,,,,,,,,,,,,,,,,,,,,,,,,,,,,,,,,,,,,,,,,,,,,,,,,,,,,,,,,,,,,,,,,,,,,,,,,,,,,,,,,,,,,,,,,,,,,,,,,,,
724,PS,SG,#4,-,MeOH_1,1.2438932016071984,8.309803115160461,124.35406643732652,-0.47816034747573444,-5.197645664008486,-87.66231173826544,0.2950587443600282,,,,,,,,,,,,,,,,,,,,,,,,,,,,,,,,,,,,,,,,,,,,,,,,,,,,,,,,,,,,,,,,,,,,,,,,,,,,,,,,,,,,,,,,,,,,,,,,,,,,,,,,,,,,,,,,,,,,,,,,,,,,,,,,,,,,,,,,,,,,,,,,,,,,,,,,,,,,,,,,,,,,,,,,,,,,,,,,,,,,,,,,,,,,,,,,,,,,,,,,,,,,,,,,,,,,,,
725,PS,SG,#5,-,FT_1,1.397234126530266,8.945633786063095,126.24064627732655,-0.44031991541487797,-5.152720595223425,-90.63309356053682,0.28206091910022985,,,,,,,,,,,,,,,,,,,,,,,,,,,,,,,,,,,,,,,,,,,,,,,,,,,,,,,,,,,,,,,,,,,,,,,,,,,,,,,,,,,,,,,,,,,,,,,,,,,,,,,,,,,,,,,,,,,,,,,,,,,,,,,,,,,,,,,,,,,,,,,,,,,,,,,,,,,,,,,,,,,,,,,,,,,,,,,,,,,,,,,,,,,,,,,,,,,,,,,,,,,,,,,,,,,,,,
726,PS,SG,#6,-,MeOH_1,0.8991672709892435,3.712023133929189,80.9172939450494,-0.014806599457503183,-0.4592289406348875,-42.728847945682034,0.47194418074955613,,,,,,,,,,,,,,,,,,,,,,,,,,,,,,,,,,,,,,,,,,,,,,,,,,,,,,,,,,,,,,,,,,,,,,,,,,,,,,,,,,,,,,,,,,,,,,,,,,,,,,,,,,,,,,,,,,,,,,,,,,,,,,,,,,,,,,,,,,,,,,,,,,,,,,,,,,,,,,,,,,,,,,,,,,,,,,,,,,,,,,,,,,,,,,,,,,,,,,,,,,,,,,,,,,,,,,
727,PS,SG,#7,-,FT_1,1.0694742274729399,4.806818489557282,85.51616561108138,-0.07469615976063906,-1.01019243081095,-50.10482166644425,0.4140894729270748,,,,,,,,,,,,,,,,,,,,,,,,,,,,,,,,,,,,,,,,,,,,,,,,,,,,,,,,,,,,,,,,,,,,,,,,,,,,,,,,,,,,,,,,,,,,,,,,,,,,,,,,,,,,,,,,,,,,,,,,,,,,,,,,,,,,,,,,,,,,,,,,,,,,,,,,,,,,,,,,,,,,,,,,,,,,,,,,,,,,,,,,,,,,,,,,,,,,,,,,,,,,,,,,,,,,,,
728,PS,SG,#8,-,H2_1,0.9066365394976652,5.283546527601112,87.63362804431141,0.5835278023815597,-1.0569942778908483,-40.120411087306316,0.5421801883288493,,,,,,,,,,,,,,,,,,,,,,,,,,,,,,,,,,,,,,,,,,,,,,,,,,,,,,,,,,,,,,,,,,,,,,,,,,,,,,,,,,,,,,,,,,,,,,,,,,,,,,,,,,,,,,,,,,,,,,,,,,,,,,,,,,,,,,,,,,,,,,,,,,,,,,,,,,,,,,,,,,,,,,,,,,,,,,,,,,,,,,,,,,,,,,,,,,,,,,,,,,,,,,,,,,,,,,
729,PS,SG,#9,-,MeOH_1,1.3496848034210358,8.212263957310592,129.13418034504937,-0.5114070792712383,-5.0357257698652935,-90.89495055736208,0.2961201262555835,,,,,,,,,,,,,,,,,,,,,,,,,,,,,,,,,,,,,,,,,,,,,,,,,,,,,,,,,,,,,,,,,,,,,,,,,,,,,,,,,,,,,,,,,,,,,,,,,,,,,,,,,,,,,,,,,,,,,,,,,,,,,,,,,,,,,,,,,,,,,,,,,,,,,,,,,,,,,,,,,,,,,,,,,,,,,,,,,,,,,,,,,,,,,,,,,,,,,,,,,,,,,,,,,,,,,,
730,PS,SG,#10,-,FT_1,1.5272025469297454,9.438827874812649,134.2241435450494,-0.5334458273226714,-5.642842798978654,-98.97052191872199,0.2626473948369453,,,,,,,,,,,,,,,,,,,,,,,,,,,,,,,,,,,,,,,,,,,,,,,,,,,,,,,,,,,,,,,,,,,,,,,,,,,,,,,,,,,,,,,,,,,,,,,,,,,,,,,,,,,,,,,,,,,,,,,,,,,,,,,,,,,,,,,,,,,,,,,,,,,,,,,,,,,,,,,,,,,,,,,,,,,,,,,,,,,,,,,,,,,,,,,,,,,,,,,,,,,,,,,,,,,,,,
731,PS,OG,#1,-,MeOH_1,0.8244411453144256,3.3704936177671696,53.7473936,-0.5362628930858165,-0.6966136806557116,-32.05402499906742,0.4036171272300092,,,,,,,,,,,,,,,,,,,,,,,,,,,,,,,,,,,,,,,,,,,,,,,,,,,,,,,,,,,,,,,,,,,,,,,,,,,,,,,,,,,,,,,,,,,,,,,,,,,,,,,,,,,,,,,,,,,,,,,,,,,,,,,,,,,,,,,,,,,,,,,,,,,,,,,,,,,,,,,,,,,,,,,,,,,,,,,,,,,,,,,,,,,,,,,,,,,,,,,,,,,,,,,,,,,,,,
732,PS,OG,#2,-,FT_1,2.482740408296724,4.428217526029058,101.6191344,-1.2779839491189626,-0.3190232340643826,-58.62106916934807,0.4231296151510215,,,,,,,,,,,,,,,,,,,,,,,,,,,,,,,,,,,,,,,,,,,,,,,,,,,,,,,,,,,,,,,,,,,,,,,,,,,,,,,,,,,,,,,,,,,,,,,,,,,,,,,,,,,,,,,,,,,,,,,,,,,,,,,,,,,,,,,,,,,,,,,,,,,,,,,,,,,,,,,,,,,,,,,,,,,,,,,,,,,,,,,,,,,,,,,,,,,,,,,,,,,,,,,,,,,,,,
733,PS,OG,#3,-,H2_1,0.813292750022382,2.2029270169541793,53.75784738839299,-0.0900176261610102,1.0469255441072345,-29.390141099354043,0.4532864962576654,,,,,,,,,,,,,,,,,,,,,,,,,,,,,,,,,,,,,,,,,,,,,,,,,,,,,,,,,,,,,,,,,,,,,,,,,,,,,,,,,,,,,,,,,,,,,,,,,,,,,,,,,,,,,,,,,,,,,,,,,,,,,,,,,,,,,,,,,,,,,,,,,,,,,,,,,,,,,,,,,,,,,,,,,,,,,,,,,,,,,,,,,,,,,,,,,,,,,,,,,,,,,,,,,,,,,,
734,PS,OG,#4,-,MeOH_1,1.0735774162540839,5.8708081679748,82.72375872,-0.7603038438348624,-3.1735362348536027,-61.00165520863965,0.26258603147959525,,,,,,,,,,,,,,,,,,,,,,,,,,,,,,,,,,,,,,,,,,,,,,,,,,,,,,,,,,,,,,,,,,,,,,,,,,,,,,,,,,,,,,,,,,,,,,,,,,,,,,,,,,,,,,,,,,,,,,,,,,,,,,,,,,,,,,,,,,,,,,,,,,,,,,,,,,,,,,,,,,,,,,,,,,,,,,,,,,,,,,,,,,,,,,,,,,,,,,,,,,,,,,,,,,,,,,
735,PS,OG,#5,-,FT_1,2.4023077900998864,6.577741460424254,119.83336784,-1.3474221264294497,-2.6532020106367327,-80.40095214618574,0.3290603978222821,,,,,,,,,,,,,,,,,,,,,,,,,,,,,,,,,,,,,,,,,,,,,,,,,,,,,,,,,,,,,,,,,,,,,,,,,,,,,,,,,,,,,,,,,,,,,,,,,,,,,,,,,,,,,,,,,,,,,,,,,,,,,,,,,,,,,,,,,,,,,,,,,,,,,,,,,,,,,,,,,,,,,,,,,,,,,,,,,,,,,,,,,,,,,,,,,,,,,,,,,,,,,,,,,,,,,,
736,PS,OG,#6,-,MeOH_1,0.8001715879173781,1.797987247189005,54.76427531555752,-0.380728987788668,0.9616615645564947,-34.71805154115923,0.3660456321003034,,,,,,,,,,,,,,,,,,,,,,,,,,,,,,,,,,,,,,,,,,,,,,,,,,,,,,,,,,,,,,,,,,,,,,,,,,,,,,,,,,,,,,,,,,,,,,,,,,,,,,,,,,,,,,,,,,,,,,,,,,,,,,,,,,,,,,,,,,,,,,,,,,,,,,,,,,,,,,,,,,,,,,,,,,,,,,,,,,,,,,,,,,,,,,,,,,,,,,,,,,,,,,,,,,,,,,
737,PS,OG,#7,-,FT_1,1.3147866605095824,2.3050951710087197,69.39587467555754,-0.6029447036463351,1.0862351166239999,-44.68298242913264,0.3561147166450979,,,,,,,,,,,,,,,,,,,,,,,,,,,,,,,,,,,,,,,,,,,,,,,,,,,,,,,,,,,,,,,,,,,,,,,,,,,,,,,,,,,,,,,,,,,,,,,,,,,,,,,,,,,,,,,,,,,,,,,,,,,,,,,,,,,,,,,,,,,,,,,,,,,,,,,,,,,,,,,,,,,,,,,,,,,,,,,,,,,,,,,,,,,,,,,,,,,,,,,,,,,,,,,,,,,,,,
738,PS,OG,#8,-,H2_1,0.835440764529389,2.4500280477675824,62.7802188715777,-0.05656656178087573,0.8652215176195511,-39.24311223399574,0.3749127840049287,,,,,,,,,,,,,,,,,,,,,,,,,,,,,,,,,,,,,,,,,,,,,,,,,,,,,,,,,,,,,,,,,,,,,,,,,,,,,,,,,,,,,,,,,,,,,,,,,,,,,,,,,,,,,,,,,,,,,,,,,,,,,,,,,,,,,,,,,,,,,,,,,,,,,,,,,,,,,,,,,,,,,,,,,,,,,,,,,,,,,,,,,,,,,,,,,,,,,,,,,,,,,,,,,,,,,,
739,PS,OG,#9,-,MeOH_1,0.9877878402335792,4.244468230175231,81.16730619555753,-0.5960838063160954,-1.5161137485765341,-60.68976100627053,0.25228809663770485,,,,,,,,,,,,,,,,,,,,,,,,,,,,,,,,,,,,,,,,,,,,,,,,,,,,,,,,,,,,,,,,,,,,,,,,,,,,,,,,,,,,,,,,,,,,,,,,,,,,,,,,,,,,,,,,,,,,,,,,,,,,,,,,,,,,,,,,,,,,,,,,,,,,,,,,,,,,,,,,,,,,,,,,,,,,,,,,,,,,,,,,,,,,,,,,,,,,,,,,,,,,,,,,,,,,,,
740,PS,OG,#10,-,FT_1,1.4458494415077066,4.736842451604328,94.07406475555754,-0.7404537945979881,-1.3524594303433433,-69.41313137620726,0.2621438059833957,,,,,,,,,,,,,,,,,,,,,,,,,,,,,,,,,,,,,,,,,,,,,,,,,,,,,,,,,,,,,,,,,,,,,,,,,,,,,,,,,,,,,,,,,,,,,,,,,,,,,,,,,,,,,,,,,,,,,,,,,,,,,,,,,,,,,,,,,,,,,,,,,,,,,,,,,,,,,,,,,,,,,,,,,,,,,,,,,,,,,,,,,,,,,,,,,,,,,,,,,,,,,,,,,,,,,,
741,PE,HT,#1,#1,MeOH_1,1.0789817648441573,2.64850214340851,75.02553626578532,-0.04004588366387779,0.44984359742782326,-27.133159568503928,0.6383476757515995,,,,,,,,,,,,,,,,,,,,,,,,,,,,,,,,,,,,,,,,,,,,,,,,,,,,,,,,,,,,,,,,,,,,,,,,,,,,,,,,,,,,,,,,,,,,,,,,,,,,,,,,,,,,,,,,,,,,,,,,,,,,,,,,,,,,,,,,,,,,,,,,,,,,,,,,,,,,,,,,,,,,,,,,,,,,,,,,,,,,,,,,,,,,,,,,,,,,,,,,,,,,,,,,,,,,,,
742,PE,HT,#1,#2,FT_1,1.1932372879730486,3.4195076246383236,81.7509647318173,-0.0726550079140766,0.01922371847500205,-35.89749182689154,0.5608921320420784,,,,,,,,,,,,,,,,,,,,,,,,,,,,,,,,,,,,,,,,,,,,,,,,,,,,,,,,,,,,,,,,,,,,,,,,,,,,,,,,,,,,,,,,,,,,,,,,,,,,,,,,,,,,,,,,,,,,,,,,,,,,,,,,,,,,,,,,,,,,,,,,,,,,,,,,,,,,,,,,,,,,,,,,,,,,,,,,,,,,,,,,,,,,,,,,,,,,,,,,,,,,,,,,,,,,,,
743,PE,HT,#1,#3,GASOLINE_1,1.1049304231754196,2.8953461532868157,73.20069846714527,0.2722349232686737,0.7557794316413152,-22.337576208910896,0.6948447668305148,,,,,,,,,,,,,,,,,,,,,,,,,,,,,,,,,,,,,,,,,,,,,,,,,,,,,,,,,,,,,,,,,,,,,,,,,,,,,,,,,,,,,,,,,,,,,,,,,,,,,,,,,,,,,,,,,,,,,,,,,,,,,,,,,,,,,,,,,,,,,,,,,,,,,,,,,,,,,,,,,,,,,,,,,,,,,,,,,,,,,,,,,,,,,,,,,,,,,,,,,,,,,,,,,,,,,,
744,PE,HT,#1,#4,MeOH_1,1.3624407844567228,5.215596496051023,104.9146562657853,-0.3899381401909056,-2.2236388115127803,-58.14104443216192,0.4458253355482532,,,,,,,,,,,,,,,,,,,,,,,,,,,,,,,,,,,,,,,,,,,,,,,,,,,,,,,,,,,,,,,,,,,,,,,,,,,,,,,,,,,,,,,,,,,,,,,,,,,,,,,,,,,,,,,,,,,,,,,,,,,,,,,,,,,,,,,,,,,,,,,,,,,,,,,,,,,,,,,,,,,,,,,,,,,,,,,,,,,,,,,,,,,,,,,,,,,,,,,,,,,,,,,,,,,,,,
745,PE,HT,#1,#5,FT_1,1.506295095641017,6.3945420754465845,112.05916633181731,-0.39020640680463453,-2.9591119376071275,-66.55132633981287,0.406105466261025,,,,,,,,,,,,,,,,,,,,,,,,,,,,,,,,,,,,,,,,,,,,,,,,,,,,,,,,,,,,,,,,,,,,,,,,,,,,,,,,,,,,,,,,,,,,,,,,,,,,,,,,,,,,,,,,,,,,,,,,,,,,,,,,,,,,,,,,,,,,,,,,,,,,,,,,,,,,,,,,,,,,,,,,,,,,,,,,,,,,,,,,,,,,,,,,,,,,,,,,,,,,,,,,,,,,,,
746,PE,HT,#1,#6,Olefin,0.9434306116247967,1.2226337996493795,61.76614021449375,-0.26669543425161735,1.9214336092949411,-17.108815694364196,0.7230065593389706,,,,,,,,,,,,,,,,,,,,,,,,,,,,,,,,,,,,,,,,,,,,,,,,,,,,,,,,,,,,,,,,,,,,,,,,,,,,,,,,,,,,,,,,,,,,,,,,,,,,,,,,,,,,,,,,,,,,,,,,,,,,,,,,,,,,,,,,,,,,,,,,,,,,,,,,,,,,,,,,,,,,,,,,,,,,,,,,,,,,,,,,,,,,,,,,,,,,,,,,,,,,,,,,,,,,,,
747,PE,HT,#1,#7,MeOH_1,1.0834681226686897,2.6920431149875914,76.0405189598677,-0.026412660842535587,0.43682740745089027,-28.579990058033534,0.6241478826161438,,,,,,,,,,,,,,,,,,,,,,,,,,,,,,,,,,,,,,,,,,,,,,,,,,,,,,,,,,,,,,,,,,,,,,,,,,,,,,,,,,,,,,,,,,,,,,,,,,,,,,,,,,,,,,,,,,,,,,,,,,,,,,,,,,,,,,,,,,,,,,,,,,,,,,,,,,,,,,,,,,,,,,,,,,,,,,,,,,,,,,,,,,,,,,,,,,,,,,,,,,,,,,,,,,,,,,
748,PE,HT,#1,#8,FT_1,1.2180277943003748,3.523332812530191,83.18128022589968,-0.10033018615206472,-0.09165101005581826,-37.45054653427969,0.5497719386793121,,,,,,,,,,,,,,,,,,,,,,,,,,,,,,,,,,,,,,,,,,,,,,,,,,,,,,,,,,,,,,,,,,,,,,,,,,,,,,,,,,,,,,,,,,,,,,,,,,,,,,,,,,,,,,,,,,,,,,,,,,,,,,,,,,,,,,,,,,,,,,,,,,,,,,,,,,,,,,,,,,,,,,,,,,,,,,,,,,,,,,,,,,,,,,,,,,,,,,,,,,,,,,,,,,,,,,
749,PE,HT,#1,#9,GASOLINE_1,1.1304814641764072,2.937975459696716,74.93275572773791,0.27163760896352185,0.7394459086226853,-23.278339812812646,0.6893436043191498,,,,,,,,,,,,,,,,,,,,,,,,,,,,,,,,,,,,,,,,,,,,,,,,,,,,,,,,,,,,,,,,,,,,,,,,,,,,,,,,,,,,,,,,,,,,,,,,,,,,,,,,,,,,,,,,,,,,,,,,,,,,,,,,,,,,,,,,,,,,,,,,,,,,,,,,,,,,,,,,,,,,,,,,,,,,,,,,,,,,,,,,,,,,,,,,,,,,,,,,,,,,,,,,,,,,,,
750,PE,HT,#1,#10,MeOH_1,1.4080100985482404,5.561507757584168,109.36027095986766,-0.42925966145031197,-2.561957818892543,-62.614547886003436,0.42744703047616517,,,,,,,,,,,,,,,,,,,,,,,,,,,,,,,,,,,,,,,,,,,,,,,,,,,,,,,,,,,,,,,,,,,,,,,,,,,,,,,,,,,,,,,,,,,,,,,,,,,,,,,,,,,,,,,,,,,,,,,,,,,,,,,,,,,,,,,,,,,,,,,,,,,,,,,,,,,,,,,,,,,,,,,,,,,,,,,,,,,,,,,,,,,,,,,,,,,,,,,,,,,,,,,,,,,,,,
751,PE,HT,#1,#11,FT_1,1.5558621232852528,6.768610375503572,116.27753462589968,-0.4443748960538859,-3.341639135821588,-71.03151940552367,0.38912086815347663,,,,,,,,,,,,,,,,,,,,,,,,,,,,,,,,,,,,,,,,,,,,,,,,,,,,,,,,,,,,,,,,,,,,,,,,,,,,,,,,,,,,,,,,,,,,,,,,,,,,,,,,,,,,,,,,,,,,,,,,,,,,,,,,,,,,,,,,,,,,,,,,,,,,,,,,,,,,,,,,,,,,,,,,,,,,,,,,,,,,,,,,,,,,,,,,,,,,,,,,,,,,,,,,,,,,,,
752,PE,HT,#2,#1,MeOH_1,1.1718239195386462,3.100427489753121,79.45125926434532,-0.15291717491167545,0.13982171076639116,-31.321336297406972,0.6057792338671869,,,,,,,,,,,,,,,,,,,,,,,,,,,,,,,,,,,,,,,,,,,,,,,,,,,,,,,,,,,,,,,,,,,,,,,,,,,,,,,,,,,,,,,,,,,,,,,,,,,,,,,,,,,,,,,,,,,,,,,,,,,,,,,,,,,,,,,,,,,,,,,,,,,,,,,,,,,,,,,,,,,,,,,,,,,,,,,,,,,,,,,,,,,,,,,,,,,,,,,,,,,,,,,,,,,,,,
753,PE,HT,#2,#2,FT_1,1.286079442667536,3.8714329709829354,86.17668773037731,-0.1855262991618724,-0.2907981681864306,-40.08566855579457,0.5348432434394393,,,,,,,,,,,,,,,,,,,,,,,,,,,,,,,,,,,,,,,,,,,,,,,,,,,,,,,,,,,,,,,,,,,,,,,,,,,,,,,,,,,,,,,,,,,,,,,,,,,,,,,,,,,,,,,,,,,,,,,,,,,,,,,,,,,,,,,,,,,,,,,,,,,,,,,,,,,,,,,,,,,,,,,,,,,,,,,,,,,,,,,,,,,,,,,,,,,,,,,,,,,,,,,,,,,,,,
754,PE,HT,#2,#3,H2_1,1.1977725778699069,3.347271499631427,77.62642146570528,0.15936363202087747,0.44575754497988285,-26.52575293781393,0.6582896333881268,,,,,,,,,,,,,,,,,,,,,,,,,,,,,,,,,,,,,,,,,,,,,,,,,,,,,,,,,,,,,,,,,,,,,,,,,,,,,,,,,,,,,,,,,,,,,,,,,,,,,,,,,,,,,,,,,,,,,,,,,,,,,,,,,,,,,,,,,,,,,,,,,,,,,,,,,,,,,,,,,,,,,,,,,,,,,,,,,,,,,,,,,,,,,,,,,,,,,,,,,,,,,,,,,,,,,,
755,PE,HT,#2,#4,MeOH_1,1.4552829391512114,5.667521842395636,109.3403792643453,-0.502809431438703,-2.5336606981742147,-62.32922116106495,0.4299523965398405,,,,,,,,,,,,,,,,,,,,,,,,,,,,,,,,,,,,,,,,,,,,,,,,,,,,,,,,,,,,,,,,,,,,,,,,,,,,,,,,,,,,,,,,,,,,,,,,,,,,,,,,,,,,,,,,,,,,,,,,,,,,,,,,,,,,,,,,,,,,,,,,,,,,,,,,,,,,,,,,,,,,,,,,,,,,,,,,,,,,,,,,,,,,,,,,,,,,,,,,,,,,,,,,,,,,,,
756,PE,HT,#2,#5,FT_1,1.599137250335506,6.846467421791197,116.48488933037731,-0.5030776980524321,-3.2691338242685615,-70.73950306871593,0.3927151970065163,,,,,,,,,,,,,,,,,,,,,,,,,,,,,,,,,,,,,,,,,,,,,,,,,,,,,,,,,,,,,,,,,,,,,,,,,,,,,,,,,,,,,,,,,,,,,,,,,,,,,,,,,,,,,,,,,,,,,,,,,,,,,,,,,,,,,,,,,,,,,,,,,,,,,,,,,,,,,,,,,,,,,,,,,,,,,,,,,,,,,,,,,,,,,,,,,,,,,,,,,,,,,,,,,,,,,,
757,PE,HT,#2,#6,Olefin,1.0362727663192854,1.67455914599399,66.19186321305375,-0.3795667254994147,1.6114117226335094,-21.296992423267234,0.6782536192595462,,,,,,,,,,,,,,,,,,,,,,,,,,,,,,,,,,,,,,,,,,,,,,,,,,,,,,,,,,,,,,,,,,,,,,,,,,,,,,,,,,,,,,,,,,,,,,,,,,,,,,,,,,,,,,,,,,,,,,,,,,,,,,,,,,,,,,,,,,,,,,,,,,,,,,,,,,,,,,,,,,,,,,,,,,,,,,,,,,,,,,,,,,,,,,,,,,,,,,,,,,,,,,,,,,,,,,
758,PE,HT,#2,#7,MeOH_1,1.1763102773631773,3.143968461332202,80.4662419584277,-0.13928395209033184,0.12680552078945845,-32.76816678693659,0.5927712542625512,,,,,,,,,,,,,,,,,,,,,,,,,,,,,,,,,,,,,,,,,,,,,,,,,,,,,,,,,,,,,,,,,,,,,,,,,,,,,,,,,,,,,,,,,,,,,,,,,,,,,,,,,,,,,,,,,,,,,,,,,,,,,,,,,,,,,,,,,,,,,,,,,,,,,,,,,,,,,,,,,,,,,,,,,,,,,,,,,,,,,,,,,,,,,,,,,,,,,,,,,,,,,,,,,,,,,,
759,PE,HT,#2,#8,FT_1,1.310869948994862,3.975258158874802,87.60700322445969,-0.21320147739986084,-0.40167289671725037,-41.638723263182705,0.524710106148714,,,,,,,,,,,,,,,,,,,,,,,,,,,,,,,,,,,,,,,,,,,,,,,,,,,,,,,,,,,,,,,,,,,,,,,,,,,,,,,,,,,,,,,,,,,,,,,,,,,,,,,,,,,,,,,,,,,,,,,,,,,,,,,,,,,,,,,,,,,,,,,,,,,,,,,,,,,,,,,,,,,,,,,,,,,,,,,,,,,,,,,,,,,,,,,,,,,,,,,,,,,,,,,,,,,,,,
760,PE,HT,#2,#9,H2_1,1.2233236188708947,3.3899008060413265,79.35847872629789,0.1587663177157256,0.42942402196125357,-27.466516541715674,0.6538931065394303,,,,,,,,,,,,,,,,,,,,,,,,,,,,,,,,,,,,,,,,,,,,,,,,,,,,,,,,,,,,,,,,,,,,,,,,,,,,,,,,,,,,,,,,,,,,,,,,,,,,,,,,,,,,,,,,,,,,,,,,,,,,,,,,,,,,,,,,,,,,,,,,,,,,,,,,,,,,,,,,,,,,,,,,,,,,,,,,,,,,,,,,,,,,,,,,,,,,,,,,,,,,,,,,,,,,,,
761,PE,HT,#2,#10,MeOH_1,1.5008522532427282,6.01343310392878,113.7859939584277,-0.5421309526981086,-2.8719797055539775,-66.80272461490651,0.41290907350764783,,,,,,,,,,,,,,,,,,,,,,,,,,,,,,,,,,,,,,,,,,,,,,,,,,,,,,,,,,,,,,,,,,,,,,,,,,,,,,,,,,,,,,,,,,,,,,,,,,,,,,,,,,,,,,,,,,,,,,,,,,,,,,,,,,,,,,,,,,,,,,,,,,,,,,,,,,,,,,,,,,,,,,,,,,,,,,,,,,,,,,,,,,,,,,,,,,,,,,,,,,,,,,,,,,,,,,
762,PE,HT,#2,#11,FT_1,1.6487042779797396,7.220535721848184,120.70325762445968,-0.5572461873016817,-3.651661022483021,-75.21969613442671,0.37682132516708516,,,,,,,,,,,,,,,,,,,,,,,,,,,,,,,,,,,,,,,,,,,,,,,,,,,,,,,,,,,,,,,,,,,,,,,,,,,,,,,,,,,,,,,,,,,,,,,,,,,,,,,,,,,,,,,,,,,,,,,,,,,,,,,,,,,,,,,,,,,,,,,,,,,,,,,,,,,,,,,,,,,,,,,,,,,,,,,,,,,,,,,,,,,,,,,,,,,,,,,,,,,,,,,,,,,,,,
763,PE,HT,#3,#1,MeOH_1,1.2547963000472764,3.801409519169051,86.6665201561461,-0.09032113861700908,-0.5544794415007186,-37.4351585487197,0.5680551326939954,,,,,,,,,,,,,,,,,,,,,,,,,,,,,,,,,,,,,,,,,,,,,,,,,,,,,,,,,,,,,,,,,,,,,,,,,,,,,,,,,,,,,,,,,,,,,,,,,,,,,,,,,,,,,,,,,,,,,,,,,,,,,,,,,,,,,,,,,,,,,,,,,,,,,,,,,,,,,,,,,,,,,,,,,,,,,,,,,,,,,,,,,,,,,,,,,,,,,,,,,,,,,,,,,,,,,,
764,PE,HT,#3,#2,FT_1,1.3690518231761677,4.572415000398865,93.39194862217806,-0.12293026286720789,-0.9850993204535404,-46.19949080710727,0.5053161274746533,,,,,,,,,,,,,,,,,,,,,,,,,,,,,,,,,,,,,,,,,,,,,,,,,,,,,,,,,,,,,,,,,,,,,,,,,,,,,,,,,,,,,,,,,,,,,,,,,,,,,,,,,,,,,,,,,,,,,,,,,,,,,,,,,,,,,,,,,,,,,,,,,,,,,,,,,,,,,,,,,,,,,,,,,,,,,,,,,,,,,,,,,,,,,,,,,,,,,,,,,,,,,,,,,,,,,,
765,PE,HT,#3,#3,H2_1,1.2807449583785389,4.048253529047357,84.84168235750604,0.22195966831554245,-0.24854360728722663,-32.63957518912663,0.6152884492366626,,,,,,,,,,,,,,,,,,,,,,,,,,,,,,,,,,,,,,,,,,,,,,,,,,,,,,,,,,,,,,,,,,,,,,,,,,,,,,,,,,,,,,,,,,,,,,,,,,,,,,,,,,,,,,,,,,,,,,,,,,,,,,,,,,,,,,,,,,,,,,,,,,,,,,,,,,,,,,,,,,,,,,,,,,,,,,,,,,,,,,,,,,,,,,,,,,,,,,,,,,,,,,,,,,,,,,
766,PE,HT,#3,#4,MeOH_1,1.5382553196598416,6.368503871811564,116.55564015614608,-0.44021339514403696,-3.2279618504413223,-68.44304341237768,0.41278651706012165,,,,,,,,,,,,,,,,,,,,,,,,,,,,,,,,,,,,,,,,,,,,,,,,,,,,,,,,,,,,,,,,,,,,,,,,,,,,,,,,,,,,,,,,,,,,,,,,,,,,,,,,,,,,,,,,,,,,,,,,,,,,,,,,,,,,,,,,,,,,,,,,,,,,,,,,,,,,,,,,,,,,,,,,,,,,,,,,,,,,,,,,,,,,,,,,,,,,,,,,,,,,,,,,,,,,,,
767,PE,HT,#3,#5,FT_1,1.6821096308441366,7.547449451207125,123.70015022217805,-0.4404816617577663,-3.9634349765356696,-76.85332532002863,0.37871275675904814,,,,,,,,,,,,,,,,,,,,,,,,,,,,,,,,,,,,,,,,,,,,,,,,,,,,,,,,,,,,,,,,,,,,,,,,,,,,,,,,,,,,,,,,,,,,,,,,,,,,,,,,,,,,,,,,,,,,,,,,,,,,,,,,,,,,,,,,,,,,,,,,,,,,,,,,,,,,,,,,,,,,,,,,,,,,,,,,,,,,,,,,,,,,,,,,,,,,,,,,,,,,,,,,,,,,,,
768,PE,HT,#3,#6,Olefin,1.1192451468279156,2.375541175409921,73.40712410485453,-0.31697068920474863,0.9171105703663986,-27.41081467457996,0.6265919008701877,,,,,,,,,,,,,,,,,,,,,,,,,,,,,,,,,,,,,,,,,,,,,,,,,,,,,,,,,,,,,,,,,,,,,,,,,,,,,,,,,,,,,,,,,,,,,,,,,,,,,,,,,,,,,,,,,,,,,,,,,,,,,,,,,,,,,,,,,,,,,,,,,,,,,,,,,,,,,,,,,,,,,,,,,,,,,,,,,,,,,,,,,,,,,,,,,,,,,,,,,,,,,,,,,,,,,,
769,PE,HT,#3,#7,MeOH_1,1.2592826578718086,3.844950490748131,87.6815028502285,-0.07668791579566686,-0.5674956314776501,-38.88198903824931,0.556554258602697,,,,,,,,,,,,,,,,,,,,,,,,,,,,,,,,,,,,,,,,,,,,,,,,,,,,,,,,,,,,,,,,,,,,,,,,,,,,,,,,,,,,,,,,,,,,,,,,,,,,,,,,,,,,,,,,,,,,,,,,,,,,,,,,,,,,,,,,,,,,,,,,,,,,,,,,,,,,,,,,,,,,,,,,,,,,,,,,,,,,,,,,,,,,,,,,,,,,,,,,,,,,,,,,,,,,,,
770,PE,HT,#3,#8,FT_1,1.3938423295034936,4.676240188290731,94.82226411626047,-0.150605441105196,-1.0959740489843592,-47.75254551449544,0.49639943783722984,,,,,,,,,,,,,,,,,,,,,,,,,,,,,,,,,,,,,,,,,,,,,,,,,,,,,,,,,,,,,,,,,,,,,,,,,,,,,,,,,,,,,,,,,,,,,,,,,,,,,,,,,,,,,,,,,,,,,,,,,,,,,,,,,,,,,,,,,,,,,,,,,,,,,,,,,,,,,,,,,,,,,,,,,,,,,,,,,,,,,,,,,,,,,,,,,,,,,,,,,,,,,,,,,,,,,,
771,PE,HT,#3,#9,H2_1,1.3062959993795265,4.090882835457257,86.57373961809868,0.22136235401039014,-0.26487713030585647,-33.580338793028396,0.612118652363167,,,,,,,,,,,,,,,,,,,,,,,,,,,,,,,,,,,,,,,,,,,,,,,,,,,,,,,,,,,,,,,,,,,,,,,,,,,,,,,,,,,,,,,,,,,,,,,,,,,,,,,,,,,,,,,,,,,,,,,,,,,,,,,,,,,,,,,,,,,,,,,,,,,,,,,,,,,,,,,,,,,,,,,,,,,,,,,,,,,,,,,,,,,,,,,,,,,,,,,,,,,,,,,,,,,,,,
772,PE,HT,#3,#10,MeOH_1,1.583824633751359,6.714415133344708,121.00125485022845,-0.479534916403443,-3.5662808578210856,-72.91654686621919,0.39739015966013735,,,,,,,,,,,,,,,,,,,,,,,,,,,,,,,,,,,,,,,,,,,,,,,,,,,,,,,,,,,,,,,,,,,,,,,,,,,,,,,,,,,,,,,,,,,,,,,,,,,,,,,,,,,,,,,,,,,,,,,,,,,,,,,,,,,,,,,,,,,,,,,,,,,,,,,,,,,,,,,,,,,,,,,,,,,,,,,,,,,,,,,,,,,,,,,,,,,,,,,,,,,,,,,,,,,,,,
773,PE,HT,#3,#11,FT_1,1.7316766584883716,7.921517751264113,127.91851851626048,-0.4946501510070172,-4.34596217475013,-81.33351838573944,0.36417713925133793,,,,,,,,,,,,,,,,,,,,,,,,,,,,,,,,,,,,,,,,,,,,,,,,,,,,,,,,,,,,,,,,,,,,,,,,,,,,,,,,,,,,,,,,,,,,,,,,,,,,,,,,,,,,,,,,,,,,,,,,,,,,,,,,,,,,,,,,,,,,,,,,,,,,,,,,,,,,,,,,,,,,,,,,,,,,,,,,,,,,,,,,,,,,,,,,,,,,,,,,,,,,,,,,,,,,,,
774,PE,HT,#4,#1,MeOH_1,1.3074977678279507,3.98800386807172,88.8766649421781,-0.16834631187339158,-0.7228872024524924,-40.537761999890186,0.5438874531772374,,,,,,,,,,,,,,,,,,,,,,,,,,,,,,,,,,,,,,,,,,,,,,,,,,,,,,,,,,,,,,,,,,,,,,,,,,,,,,,,,,,,,,,,,,,,,,,,,,,,,,,,,,,,,,,,,,,,,,,,,,,,,,,,,,,,,,,,,,,,,,,,,,,,,,,,,,,,,,,,,,,,,,,,,,,,,,,,,,,,,,,,,,,,,,,,,,,,,,,,,,,,,,,,,,,,,,
775,PE,HT,#4,#2,FT_1,1.4217532909568418,4.759009349301534,95.60209340821008,-0.2009554361235901,-1.1535070814053139,-49.30209425827779,0.48429900956495336,,,,,,,,,,,,,,,,,,,,,,,,,,,,,,,,,,,,,,,,,,,,,,,,,,,,,,,,,,,,,,,,,,,,,,,,,,,,,,,,,,,,,,,,,,,,,,,,,,,,,,,,,,,,,,,,,,,,,,,,,,,,,,,,,,,,,,,,,,,,,,,,,,,,,,,,,,,,,,,,,,,,,,,,,,,,,,,,,,,,,,,,,,,,,,,,,,,,,,,,,,,,,,,,,,,,,,
776,PE,HT,#4,#3,H2_1,1.333446426159213,4.234847877950025,87.05182714353805,0.1439344950591598,-0.41695136823900014,-35.74217864029715,0.5894149518382588,,,,,,,,,,,,,,,,,,,,,,,,,,,,,,,,,,,,,,,,,,,,,,,,,,,,,,,,,,,,,,,,,,,,,,,,,,,,,,,,,,,,,,,,,,,,,,,,,,,,,,,,,,,,,,,,,,,,,,,,,,,,,,,,,,,,,,,,,,,,,,,,,,,,,,,,,,,,,,,,,,,,,,,,,,,,,,,,,,,,,,,,,,,,,,,,,,,,,,,,,,,,,,,,,,,,,,
777,PE,HT,#4,#4,MeOH_1,1.5909567874405162,6.555098220714232,118.7657849421781,-0.5182385684004196,-3.3963696113930952,-71.5456468635482,0.39759041799470557,,,,,,,,,,,,,,,,,,,,,,,,,,,,,,,,,,,,,,,,,,,,,,,,,,,,,,,,,,,,,,,,,,,,,,,,,,,,,,,,,,,,,,,,,,,,,,,,,,,,,,,,,,,,,,,,,,,,,,,,,,,,,,,,,,,,,,,,,,,,,,,,,,,,,,,,,,,,,,,,,,,,,,,,,,,,,,,,,,,,,,,,,,,,,,,,,,,,,,,,,,,,,,,,,,,,,,
778,PE,HT,#4,#5,FT_1,1.7348110986248102,7.734043800109795,125.91029500821008,-0.5185068350141484,-4.131842737487443,-79.95592877119915,0.36497703570636897,,,,,,,,,,,,,,,,,,,,,,,,,,,,,,,,,,,,,,,,,,,,,,,,,,,,,,,,,,,,,,,,,,,,,,,,,,,,,,,,,,,,,,,,,,,,,,,,,,,,,,,,,,,,,,,,,,,,,,,,,,,,,,,,,,,,,,,,,,,,,,,,,,,,,,,,,,,,,,,,,,,,,,,,,,,,,,,,,,,,,,,,,,,,,,,,,,,,,,,,,,,,,,,,,,,,,,
779,PE,HT,#4,#6,Olefin,1.1719466146085904,2.5621355243125903,75.61726889088652,-0.3949958624611313,0.7487028094146249,-30.51341812575045,0.5964755329925971,,,,,,,,,,,,,,,,,,,,,,,,,,,,,,,,,,,,,,,,,,,,,,,,,,,,,,,,,,,,,,,,,,,,,,,,,,,,,,,,,,,,,,,,,,,,,,,,,,,,,,,,,,,,,,,,,,,,,,,,,,,,,,,,,,,,,,,,,,,,,,,,,,,,,,,,,,,,,,,,,,,,,,,,,,,,,,,,,,,,,,,,,,,,,,,,,,,,,,,,,,,,,,,,,,,,,,
780,PE,HT,#4,#7,MeOH_1,1.3119841256524831,4.031544839650801,89.89164763626049,-0.15471308905204936,-0.7359033924294248,-41.9845924894198,0.5329422299688268,,,,,,,,,,,,,,,,,,,,,,,,,,,,,,,,,,,,,,,,,,,,,,,,,,,,,,,,,,,,,,,,,,,,,,,,,,,,,,,,,,,,,,,,,,,,,,,,,,,,,,,,,,,,,,,,,,,,,,,,,,,,,,,,,,,,,,,,,,,,,,,,,,,,,,,,,,,,,,,,,,,,,,,,,,,,,,,,,,,,,,,,,,,,,,,,,,,,,,,,,,,,,,,,,,,,,,
781,PE,HT,#4,#8,FT_1,1.4465437972841677,4.862834537193401,97.03240890229247,-0.22863061436157833,-1.264381809936134,-50.85514896566594,0.4758952236579541,,,,,,,,,,,,,,,,,,,,,,,,,,,,,,,,,,,,,,,,,,,,,,,,,,,,,,,,,,,,,,,,,,,,,,,,,,,,,,,,,,,,,,,,,,,,,,,,,,,,,,,,,,,,,,,,,,,,,,,,,,,,,,,,,,,,,,,,,,,,,,,,,,,,,,,,,,,,,,,,,,,,,,,,,,,,,,,,,,,,,,,,,,,,,,,,,,,,,,,,,,,,,,,,,,,,,,
782,PE,HT,#4,#9,H2_1,1.3589974671602,4.277477184359926,88.78388440413069,0.14333718075400811,-0.4332848912576303,-36.682942244198905,0.5868288204509756,,,,,,,,,,,,,,,,,,,,,,,,,,,,,,,,,,,,,,,,,,,,,,,,,,,,,,,,,,,,,,,,,,,,,,,,,,,,,,,,,,,,,,,,,,,,,,,,,,,,,,,,,,,,,,,,,,,,,,,,,,,,,,,,,,,,,,,,,,,,,,,,,,,,,,,,,,,,,,,,,,,,,,,,,,,,,,,,,,,,,,,,,,,,,,,,,,,,,,,,,,,,,,,,,,,,,,
783,PE,HT,#4,#10,MeOH_1,1.6365261015320332,6.901009482247377,123.21139963626047,-0.5575600896598253,-3.7346886187728585,-76.01915031738973,0.3830185312251117,,,,,,,,,,,,,,,,,,,,,,,,,,,,,,,,,,,,,,,,,,,,,,,,,,,,,,,,,,,,,,,,,,,,,,,,,,,,,,,,,,,,,,,,,,,,,,,,,,,,,,,,,,,,,,,,,,,,,,,,,,,,,,,,,,,,,,,,,,,,,,,,,,,,,,,,,,,,,,,,,,,,,,,,,,,,,,,,,,,,,,,,,,,,,,,,,,,,,,,,,,,,,,,,,,,,,,
784,PE,HT,#4,#11,FT_1,1.7843781262690452,8.108112100166782,130.12866330229247,-0.5726753242633988,-4.514369935701903,-84.43612183690992,0.35113356508732835,,,,,,,,,,,,,,,,,,,,,,,,,,,,,,,,,,,,,,,,,,,,,,,,,,,,,,,,,,,,,,,,,,,,,,,,,,,,,,,,,,,,,,,,,,,,,,,,,,,,,,,,,,,,,,,,,,,,,,,,,,,,,,,,,,,,,,,,,,,,,,,,,,,,,,,,,,,,,,,,,,,,,,,,,,,,,,,,,,,,,,,,,,,,,,,,,,,,,,,,,,,,,,,,,,,,,,
785,PE,HT,#5,#1,MeOH_1,1.2641660062037177,3.588031788036571,85.79288827848882,-0.00316943210336035,-0.20332090267795652,-35.27734853032943,0.5888080091695123,,,,,,,,,,,,,,,,,,,,,,,,,,,,,,,,,,,,,,,,,,,,,,,,,,,,,,,,,,,,,,,,,,,,,,,,,,,,,,,,,,,,,,,,,,,,,,,,,,,,,,,,,,,,,,,,,,,,,,,,,,,,,,,,,,,,,,,,,,,,,,,,,,,,,,,,,,,,,,,,,,,,,,,,,,,,,,,,,,,,,,,,,,,,,,,,,,,,,,,,,,,,,,,,,,,,,,
786,PE,HT,#5,#2,FT_1,1.378421529332609,4.359037269266385,92.51831674452082,-0.03577855635355917,-0.6339407816307786,-44.04168078871703,0.5239679845199379,,,,,,,,,,,,,,,,,,,,,,,,,,,,,,,,,,,,,,,,,,,,,,,,,,,,,,,,,,,,,,,,,,,,,,,,,,,,,,,,,,,,,,,,,,,,,,,,,,,,,,,,,,,,,,,,,,,,,,,,,,,,,,,,,,,,,,,,,,,,,,,,,,,,,,,,,,,,,,,,,,,,,,,,,,,,,,,,,,,,,,,,,,,,,,,,,,,,,,,,,,,,,,,,,,,,,,
787,PE,HT,#5,#3,H2_1,1.2901146645349797,3.834875797914876,83.9680504798488,0.30911137482919115,0.10261493153553575,-30.48176517073641,0.6369837694629862,,,,,,,,,,,,,,,,,,,,,,,,,,,,,,,,,,,,,,,,,,,,,,,,,,,,,,,,,,,,,,,,,,,,,,,,,,,,,,,,,,,,,,,,,,,,,,,,,,,,,,,,,,,,,,,,,,,,,,,,,,,,,,,,,,,,,,,,,,,,,,,,,,,,,,,,,,,,,,,,,,,,,,,,,,,,,,,,,,,,,,,,,,,,,,,,,,,,,,,,,,,,,,,,,,,,,,
788,PE,HT,#5,#4,MeOH_1,1.5476250258162845,6.1551261406790845,115.68200827848882,-0.3530616886303898,-2.8768033116185605,-66.28523339398744,0.4270048179452877,,,,,,,,,,,,,,,,,,,,,,,,,,,,,,,,,,,,,,,,,,,,,,,,,,,,,,,,,,,,,,,,,,,,,,,,,,,,,,,,,,,,,,,,,,,,,,,,,,,,,,,,,,,,,,,,,,,,,,,,,,,,,,,,,,,,,,,,,,,,,,,,,,,,,,,,,,,,,,,,,,,,,,,,,,,,,,,,,,,,,,,,,,,,,,,,,,,,,,,,,,,,,,,,,,,,,,
789,PE,HT,#5,#5,FT_1,1.6914793370005787,7.334071720074644,122.82651834452082,-0.3533299552441187,-3.6122764377129064,-74.69551530163838,0.39186165733264483,,,,,,,,,,,,,,,,,,,,,,,,,,,,,,,,,,,,,,,,,,,,,,,,,,,,,,,,,,,,,,,,,,,,,,,,,,,,,,,,,,,,,,,,,,,,,,,,,,,,,,,,,,,,,,,,,,,,,,,,,,,,,,,,,,,,,,,,,,,,,,,,,,,,,,,,,,,,,,,,,,,,,,,,,,,,,,,,,,,,,,,,,,,,,,,,,,,,,,,,,,,,,,,,,,,,,,
790,PE,HT,#5,#6,Olefin,1.128614852984357,2.1621634442774402,72.53349222719729,-0.22981898269110004,1.2682691091891616,-25.25300465618971,0.6518435293713764,,,,,,,,,,,,,,,,,,,,,,,,,,,,,,,,,,,,,,,,,,,,,,,,,,,,,,,,,,,,,,,,,,,,,,,,,,,,,,,,,,,,,,,,,,,,,,,,,,,,,,,,,,,,,,,,,,,,,,,,,,,,,,,,,,,,,,,,,,,,,,,,,,,,,,,,,,,,,,,,,,,,,,,,,,,,,,,,,,,,,,,,,,,,,,,,,,,,,,,,,,,,,,,,,,,,,,
791,PE,HT,#5,#7,MeOH_1,1.2686523640282499,3.631572759615652,86.8078709725712,0.010463790717981994,-0.2163370926548895,-36.724179019859044,0.5769487419929602,,,,,,,,,,,,,,,,,,,,,,,,,,,,,,,,,,,,,,,,,,,,,,,,,,,,,,,,,,,,,,,,,,,,,,,,,,,,,,,,,,,,,,,,,,,,,,,,,,,,,,,,,,,,,,,,,,,,,,,,,,,,,,,,,,,,,,,,,,,,,,,,,,,,,,,,,,,,,,,,,,,,,,,,,,,,,,,,,,,,,,,,,,,,,,,,,,,,,,,,,,,,,,,,,,,,,,
792,PE,HT,#5,#8,FT_1,1.403212035659935,4.462862457158252,93.9486322386032,-0.06345373459154757,-0.7448155101615981,-45.59473549610519,0.5146844141348718,,,,,,,,,,,,,,,,,,,,,,,,,,,,,,,,,,,,,,,,,,,,,,,,,,,,,,,,,,,,,,,,,,,,,,,,,,,,,,,,,,,,,,,,,,,,,,,,,,,,,,,,,,,,,,,,,,,,,,,,,,,,,,,,,,,,,,,,,,,,,,,,,,,,,,,,,,,,,,,,,,,,,,,,,,,,,,,,,,,,,,,,,,,,,,,,,,,,,,,,,,,,,,,,,,,,,,
793,PE,HT,#5,#9,H2_1,1.3156657055359677,3.8775051043247766,85.70010774044141,0.3085140605240389,0.0862814085169056,-31.42252877463815,0.633343182370236,,,,,,,,,,,,,,,,,,,,,,,,,,,,,,,,,,,,,,,,,,,,,,,,,,,,,,,,,,,,,,,,,,,,,,,,,,,,,,,,,,,,,,,,,,,,,,,,,,,,,,,,,,,,,,,,,,,,,,,,,,,,,,,,,,,,,,,,,,,,,,,,,,,,,,,,,,,,,,,,,,,,,,,,,,,,,,,,,,,,,,,,,,,,,,,,,,,,,,,,,,,,,,,,,,,,,,
794,PE,HT,#5,#10,MeOH_1,1.5931943399078017,6.501037402212229,120.1276229725712,-0.3923832098897959,-3.215122318998324,-70.75873684782896,0.4109703072707488,,,,,,,,,,,,,,,,,,,,,,,,,,,,,,,,,,,,,,,,,,,,,,,,,,,,,,,,,,,,,,,,,,,,,,,,,,,,,,,,,,,,,,,,,,,,,,,,,,,,,,,,,,,,,,,,,,,,,,,,,,,,,,,,,,,,,,,,,,,,,,,,,,,,,,,,,,,,,,,,,,,,,,,,,,,,,,,,,,,,,,,,,,,,,,,,,,,,,,,,,,,,,,,,,,,,,,
795,PE,HT,#5,#11,FT_1,1.7410463646448127,7.708140020131632,127.04488663860319,-0.4074984444933685,-3.9948036359273673,-79.17570836734917,0.37678949179138976,,,,,,,,,,,,,,,,,,,,,,,,,,,,,,,,,,,,,,,,,,,,,,,,,,,,,,,,,,,,,,,,,,,,,,,,,,,,,,,,,,,,,,,,,,,,,,,,,,,,,,,,,,,,,,,,,,,,,,,,,,,,,,,,,,,,,,,,,,,,,,,,,,,,,,,,,,,,,,,,,,,,,,,,,,,,,,,,,,,,,,,,,,,,,,,,,,,,,,,,,,,,,,,,,,,,,,
796,PE,HT,#6,#1,MeOH_1,1.3267268349946124,4.005863991069731,90.70564559614611,-0.22259008503586117,-0.8584561273110279,-42.00556044606586,0.5369024698518811,,,,,,,,,,,,,,,,,,,,,,,,,,,,,,,,,,,,,,,,,,,,,,,,,,,,,,,,,,,,,,,,,,,,,,,,,,,,,,,,,,,,,,,,,,,,,,,,,,,,,,,,,,,,,,,,,,,,,,,,,,,,,,,,,,,,,,,,,,,,,,,,,,,,,,,,,,,,,,,,,,,,,,,,,,,,,,,,,,,,,,,,,,,,,,,,,,,,,,,,,,,,,,,,,,,,,,
797,PE,HT,#6,#2,FT_1,1.4409823581235033,4.776869472299544,97.43107406217808,-0.25519920928605955,-1.2890760062638489,-50.76989270445344,0.47891477956967443,,,,,,,,,,,,,,,,,,,,,,,,,,,,,,,,,,,,,,,,,,,,,,,,,,,,,,,,,,,,,,,,,,,,,,,,,,,,,,,,,,,,,,,,,,,,,,,,,,,,,,,,,,,,,,,,,,,,,,,,,,,,,,,,,,,,,,,,,,,,,,,,,,,,,,,,,,,,,,,,,,,,,,,,,,,,,,,,,,,,,,,,,,,,,,,,,,,,,,,,,,,,,,,,,,,,,,
798,PE,HT,#6,#3,MeOH_1,1.3526754933258744,4.252708000948036,88.88080779750605,0.08969072189669078,-0.5525202930975354,-37.20997708647279,0.5813496973244556,,,,,,,,,,,,,,,,,,,,,,,,,,,,,,,,,,,,,,,,,,,,,,,,,,,,,,,,,,,,,,,,,,,,,,,,,,,,,,,,,,,,,,,,,,,,,,,,,,,,,,,,,,,,,,,,,,,,,,,,,,,,,,,,,,,,,,,,,,,,,,,,,,,,,,,,,,,,,,,,,,,,,,,,,,,,,,,,,,,,,,,,,,,,,,,,,,,,,,,,,,,,,,,,,,,,,,
799,PE,HT,#6,#4,MeOH_1,1.6101858546071792,6.5729583437122425,120.59476559614609,-0.5724823415628902,-3.531938536251631,-73.01344530972383,0.3945554357289851,,,,,,,,,,,,,,,,,,,,,,,,,,,,,,,,,,,,,,,,,,,,,,,,,,,,,,,,,,,,,,,,,,,,,,,,,,,,,,,,,,,,,,,,,,,,,,,,,,,,,,,,,,,,,,,,,,,,,,,,,,,,,,,,,,,,,,,,,,,,,,,,,,,,,,,,,,,,,,,,,,,,,,,,,,,,,,,,,,,,,,,,,,,,,,,,,,,,,,,,,,,,,,,,,,,,,,
800,PE,HT,#6,#5,FT_1,1.7540401657914726,7.751903923107807,127.7392756621781,-0.5727506081766183,-4.267411662345981,-81.42372721737482,0.3625787621286528,,,,,,,,,,,,,,,,,,,,,,,,,,,,,,,,,,,,,,,,,,,,,,,,,,,,,,,,,,,,,,,,,,,,,,,,,,,,,,,,,,,,,,,,,,,,,,,,,,,,,,,,,,,,,,,,,,,,,,,,,,,,,,,,,,,,,,,,,,,,,,,,,,,,,,,,,,,,,,,,,,,,,,,,,,,,,,,,,,,,,,,,,,,,,,,,,,,,,,,,,,,,,,,,,,,,,,
801,PE,HT,#6,#6,Olefin,1.191175681775252,2.5799956473106005,77.44624954485452,-0.4492396356236007,0.6131338845560896,-31.9812165719261,0.5870527396758761,,,,,,,,,,,,,,,,,,,,,,,,,,,,,,,,,,,,,,,,,,,,,,,,,,,,,,,,,,,,,,,,,,,,,,,,,,,,,,,,,,,,,,,,,,,,,,,,,,,,,,,,,,,,,,,,,,,,,,,,,,,,,,,,,,,,,,,,,,,,,,,,,,,,,,,,,,,,,,,,,,,,,,,,,,,,,,,,,,,,,,,,,,,,,,,,,,,,,,,,,,,,,,,,,,,,,,
802,PE,HT,#6,#7,MeOH_1,1.3312131928191449,4.049404962648811,91.72062829022846,-0.20895686221451898,-0.8714723172879604,-43.45239093559545,0.5262527989003681,,,,,,,,,,,,,,,,,,,,,,,,,,,,,,,,,,,,,,,,,,,,,,,,,,,,,,,,,,,,,,,,,,,,,,,,,,,,,,,,,,,,,,,,,,,,,,,,,,,,,,,,,,,,,,,,,,,,,,,,,,,,,,,,,,,,,,,,,,,,,,,,,,,,,,,,,,,,,,,,,,,,,,,,,,,,,,,,,,,,,,,,,,,,,,,,,,,,,,,,,,,,,,,,,,,,,,
803,PE,HT,#6,#8,FT_1,1.4657728644508299,4.880694660191411,98.86138955626048,-0.28287438752404825,-1.399950734794669,-52.32294741184159,0.47074436595830543,,,,,,,,,,,,,,,,,,,,,,,,,,,,,,,,,,,,,,,,,,,,,,,,,,,,,,,,,,,,,,,,,,,,,,,,,,,,,,,,,,,,,,,,,,,,,,,,,,,,,,,,,,,,,,,,,,,,,,,,,,,,,,,,,,,,,,,,,,,,,,,,,,,,,,,,,,,,,,,,,,,,,,,,,,,,,,,,,,,,,,,,,,,,,,,,,,,,,,,,,,,,,,,,,,,,,,
804,PE,HT,#6,#9,MeOH_1,1.378226534326862,4.295337307357937,90.61286505809869,0.08909340759153848,-0.5688538161161664,-38.150740690374576,0.5789699325155067,,,,,,,,,,,,,,,,,,,,,,,,,,,,,,,,,,,,,,,,,,,,,,,,,,,,,,,,,,,,,,,,,,,,,,,,,,,,,,,,,,,,,,,,,,,,,,,,,,,,,,,,,,,,,,,,,,,,,,,,,,,,,,,,,,,,,,,,,,,,,,,,,,,,,,,,,,,,,,,,,,,,,,,,,,,,,,,,,,,,,,,,,,,,,,,,,,,,,,,,,,,,,,,,,,,,,,
805,PE,HT,#6,#10,MeOH_1,1.6557551686986964,6.918869605245389,125.04038029022848,-0.6118038628222965,-3.870257543631395,-77.4869487635654,0.3803045977330513,,,,,,,,,,,,,,,,,,,,,,,,,,,,,,,,,,,,,,,,,,,,,,,,,,,,,,,,,,,,,,,,,,,,,,,,,,,,,,,,,,,,,,,,,,,,,,,,,,,,,,,,,,,,,,,,,,,,,,,,,,,,,,,,,,,,,,,,,,,,,,,,,,,,,,,,,,,,,,,,,,,,,,,,,,,,,,,,,,,,,,,,,,,,,,,,,,,,,,,,,,,,,,,,,,,,,,
806,PE,HT,#6,#11,FT_1,1.8036071934357076,8.125972223164792,131.95764395626045,-0.626919097425869,-4.6499388605604395,-85.90392028308557,0.3490038340517822,,,,,,,,,,,,,,,,,,,,,,,,,,,,,,,,,,,,,,,,,,,,,,,,,,,,,,,,,,,,,,,,,,,,,,,,,,,,,,,,,,,,,,,,,,,,,,,,,,,,,,,,,,,,,,,,,,,,,,,,,,,,,,,,,,,,,,,,,,,,,,,,,,,,,,,,,,,,,,,,,,,,,,,,,,,,,,,,,,,,,,,,,,,,,,,,,,,,,,,,,,,,,,,,,,,,,,
807,PE,HT,#7,#1,MeOH_1,1.3787038419585553,4.386724656165745,92.80363279614609,-0.2434603247611226,-1.1261748861605367,-44.44670744940874,0.5210671596548265,,,,,,,,,,,,,,,,,,,,,,,,,,,,,,,,,,,,,,,,,,,,,,,,,,,,,,,,,,,,,,,,,,,,,,,,,,,,,,,,,,,,,,,,,,,,,,,,,,,,,,,,,,,,,,,,,,,,,,,,,,,,,,,,,,,,,,,,,,,,,,,,,,,,,,,,,,,,,,,,,,,,,,,,,,,,,,,,,,,,,,,,,,,,,,,,,,,,,,,,,,,,,,,,,,,,,,
808,PE,HT,#7,#2,FT_1,1.492959365087445,5.157730137395559,99.52906126217808,-0.2760694490113198,-1.556794765113359,-53.21103970779634,0.4653718317745554,,,,,,,,,,,,,,,,,,,,,,,,,,,,,,,,,,,,,,,,,,,,,,,,,,,,,,,,,,,,,,,,,,,,,,,,,,,,,,,,,,,,,,,,,,,,,,,,,,,,,,,,,,,,,,,,,,,,,,,,,,,,,,,,,,,,,,,,,,,,,,,,,,,,,,,,,,,,,,,,,,,,,,,,,,,,,,,,,,,,,,,,,,,,,,,,,,,,,,,,,,,,,,,,,,,,,,
809,PE,HT,#7,#3,H2_1,1.4046525002898163,4.63356866604405,90.97879499750604,0.06882048217143022,-0.820239051947045,-39.651124089815696,0.564171804090144,,,,,,,,,,,,,,,,,,,,,,,,,,,,,,,,,,,,,,,,,,,,,,,,,,,,,,,,,,,,,,,,,,,,,,,,,,,,,,,,,,,,,,,,,,,,,,,,,,,,,,,,,,,,,,,,,,,,,,,,,,,,,,,,,,,,,,,,,,,,,,,,,,,,,,,,,,,,,,,,,,,,,,,,,,,,,,,,,,,,,,,,,,,,,,,,,,,,,,,,,,,,,,,,,,,,,,
810,PE,HT,#7,#4,MeOH_1,1.6621628615711213,6.9538190088082565,122.69275279614611,-0.5933525812881508,-3.7996572951011394,-75.45459231306675,0.38501182349022284,,,,,,,,,,,,,,,,,,,,,,,,,,,,,,,,,,,,,,,,,,,,,,,,,,,,,,,,,,,,,,,,,,,,,,,,,,,,,,,,,,,,,,,,,,,,,,,,,,,,,,,,,,,,,,,,,,,,,,,,,,,,,,,,,,,,,,,,,,,,,,,,,,,,,,,,,,,,,,,,,,,,,,,,,,,,,,,,,,,,,,,,,,,,,,,,,,,,,,,,,,,,,,,,,,,,,,
811,PE,HT,#7,#5,FT_1,1.8060171727554155,8.132764588203818,129.83726286217808,-0.5936208479018801,-4.535130421195487,-83.8648742207177,0.35407700091660094,,,,,,,,,,,,,,,,,,,,,,,,,,,,,,,,,,,,,,,,,,,,,,,,,,,,,,,,,,,,,,,,,,,,,,,,,,,,,,,,,,,,,,,,,,,,,,,,,,,,,,,,,,,,,,,,,,,,,,,,,,,,,,,,,,,,,,,,,,,,,,,,,,,,,,,,,,,,,,,,,,,,,,,,,,,,,,,,,,,,,,,,,,,,,,,,,,,,,,,,,,,,,,,,,,,,,,
812,PE,HT,#7,#6,Olefin,1.243152688739195,2.9608563124066136,79.54423674485453,-0.47010987534886256,0.34541512570658117,-34.422363575269,0.5672550899484785,,,,,,,,,,,,,,,,,,,,,,,,,,,,,,,,,,,,,,,,,,,,,,,,,,,,,,,,,,,,,,,,,,,,,,,,,,,,,,,,,,,,,,,,,,,,,,,,,,,,,,,,,,,,,,,,,,,,,,,,,,,,,,,,,,,,,,,,,,,,,,,,,,,,,,,,,,,,,,,,,,,,,,,,,,,,,,,,,,,,,,,,,,,,,,,,,,,,,,,,,,,,,,,,,,,,,,
813,PE,HT,#7,#7,MeOH_1,1.3831901997830862,4.430265627744825,93.81861549022848,-0.22982710193977893,-1.1391910761374697,-45.893537938938344,0.5108269537006938,,,,,,,,,,,,,,,,,,,,,,,,,,,,,,,,,,,,,,,,,,,,,,,,,,,,,,,,,,,,,,,,,,,,,,,,,,,,,,,,,,,,,,,,,,,,,,,,,,,,,,,,,,,,,,,,,,,,,,,,,,,,,,,,,,,,,,,,,,,,,,,,,,,,,,,,,,,,,,,,,,,,,,,,,,,,,,,,,,,,,,,,,,,,,,,,,,,,,,,,,,,,,,,,,,,,,,
814,PE,HT,#7,#8,FT_1,1.517749871414771,5.261555325287425,100.9593767562605,-0.30374462724930795,-1.6676694936441776,-54.76409441518451,0.4575630696750652,,,,,,,,,,,,,,,,,,,,,,,,,,,,,,,,,,,,,,,,,,,,,,,,,,,,,,,,,,,,,,,,,,,,,,,,,,,,,,,,,,,,,,,,,,,,,,,,,,,,,,,,,,,,,,,,,,,,,,,,,,,,,,,,,,,,,,,,,,,,,,,,,,,,,,,,,,,,,,,,,,,,,,,,,,,,,,,,,,,,,,,,,,,,,,,,,,,,,,,,,,,,,,,,,,,,,,
815,PE,HT,#7,#9,H2_1,1.4302035412908038,4.67619797245395,92.7108522580987,0.06822316786627851,-0.8365725749656746,-40.59188769371747,0.5621668153722361,,,,,,,,,,,,,,,,,,,,,,,,,,,,,,,,,,,,,,,,,,,,,,,,,,,,,,,,,,,,,,,,,,,,,,,,,,,,,,,,,,,,,,,,,,,,,,,,,,,,,,,,,,,,,,,,,,,,,,,,,,,,,,,,,,,,,,,,,,,,,,,,,,,,,,,,,,,,,,,,,,,,,,,,,,,,,,,,,,,,,,,,,,,,,,,,,,,,,,,,,,,,,,,,,,,,,,
816,PE,HT,#7,#10,MeOH_1,1.7077321756626382,7.299730270341402,127.13836749022848,-0.6326741025475566,-4.1379763024809035,-79.92809576690829,0.3713298562446042,,,,,,,,,,,,,,,,,,,,,,,,,,,,,,,,,,,,,,,,,,,,,,,,,,,,,,,,,,,,,,,,,,,,,,,,,,,,,,,,,,,,,,,,,,,,,,,,,,,,,,,,,,,,,,,,,,,,,,,,,,,,,,,,,,,,,,,,,,,,,,,,,,,,,,,,,,,,,,,,,,,,,,,,,,,,,,,,,,,,,,,,,,,,,,,,,,,,,,,,,,,,,,,,,,,,,,
817,PE,HT,#7,#11,FT_1,1.8555842003996492,8.506832888260806,134.05563115626046,-0.6477893371511291,-4.917657619409948,-88.34506728642847,0.34098204958320605,,,,,,,,,,,,,,,,,,,,,,,,,,,,,,,,,,,,,,,,,,,,,,,,,,,,,,,,,,,,,,,,,,,,,,,,,,,,,,,,,,,,,,,,,,,,,,,,,,,,,,,,,,,,,,,,,,,,,,,,,,,,,,,,,,,,,,,,,,,,,,,,,,,,,,,,,,,,,,,,,,,,,,,,,,,,,,,,,,,,,,,,,,,,,,,,,,,,,,,,,,,,,,,,,,,,,,
818,PE,HT,#8,#1,MeOH_1,1.2493351392635093,2.5542805057189133,69.85554424468637,-0.2529531891219473,0.606220688915703,-22.170698490986954,0.6826207750478819,,,,,,,,,,,,,,,,,,,,,,,,,,,,,,,,,,,,,,,,,,,,,,,,,,,,,,,,,,,,,,,,,,,,,,,,,,,,,,,,,,,,,,,,,,,,,,,,,,,,,,,,,,,,,,,,,,,,,,,,,,,,,,,,,,,,,,,,,,,,,,,,,,,,,,,,,,,,,,,,,,,,,,,,,,,,,,,,,,,,,,,,,,,,,,,,,,,,,,,,,,,,,,,,,,,,,,
819,PE,HT,#8,#2,FT_1,1.3635906623923988,3.3252859869487272,76.58097271071836,-0.28556231337214416,0.17560080996288122,-30.93503074937455,0.5960480827759863,,,,,,,,,,,,,,,,,,,,,,,,,,,,,,,,,,,,,,,,,,,,,,,,,,,,,,,,,,,,,,,,,,,,,,,,,,,,,,,,,,,,,,,,,,,,,,,,,,,,,,,,,,,,,,,,,,,,,,,,,,,,,,,,,,,,,,,,,,,,,,,,,,,,,,,,,,,,,,,,,,,,,,,,,,,,,,,,,,,,,,,,,,,,,,,,,,,,,,,,,,,,,,,,,,,,,,
820,PE,HT,#8,#3,DIESEL_1,1.2752837975947717,2.801124515597219,68.03070644604632,0.05932761781060378,0.9121565231291949,-17.375115131393922,0.7445989312903322,,,,,,,,,,,,,,,,,,,,,,,,,,,,,,,,,,,,,,,,,,,,,,,,,,,,,,,,,,,,,,,,,,,,,,,,,,,,,,,,,,,,,,,,,,,,,,,,,,,,,,,,,,,,,,,,,,,,,,,,,,,,,,,,,,,,,,,,,,,,,,,,,,,,,,,,,,,,,,,,,,,,,,,,,,,,,,,,,,,,,,,,,,,,,,,,,,,,,,,,,,,,,,,,,,,,,,
821,PE,HT,#8,#4,MeOH_1,1.5327941588760745,5.121374858361428,99.74466424468636,-0.6028454456489751,-2.0672617200249017,-53.17858335464495,0.46685285115411174,,,,,,,,,,,,,,,,,,,,,,,,,,,,,,,,,,,,,,,,,,,,,,,,,,,,,,,,,,,,,,,,,,,,,,,,,,,,,,,,,,,,,,,,,,,,,,,,,,,,,,,,,,,,,,,,,,,,,,,,,,,,,,,,,,,,,,,,,,,,,,,,,,,,,,,,,,,,,,,,,,,,,,,,,,,,,,,,,,,,,,,,,,,,,,,,,,,,,,,,,,,,,,,,,,,,,,
822,PE,HT,#8,#5,FT_1,1.6766484700603688,6.300320437756988,106.88917431071835,-0.6031137122627038,-2.8027348461192476,-61.588865262295904,0.423806333434086,,,,,,,,,,,,,,,,,,,,,,,,,,,,,,,,,,,,,,,,,,,,,,,,,,,,,,,,,,,,,,,,,,,,,,,,,,,,,,,,,,,,,,,,,,,,,,,,,,,,,,,,,,,,,,,,,,,,,,,,,,,,,,,,,,,,,,,,,,,,,,,,,,,,,,,,,,,,,,,,,,,,,,,,,,,,,,,,,,,,,,,,,,,,,,,,,,,,,,,,,,,,,,,,,,,,,,
823,PE,HT,#8,#6,Olefin,1.1137839860441483,1.1284121619597827,56.596148193394804,-0.4796027397096864,2.0778107007828206,-12.146354616847214,0.7853854899216482,,,,,,,,,,,,,,,,,,,,,,,,,,,,,,,,,,,,,,,,,,,,,,,,,,,,,,,,,,,,,,,,,,,,,,,,,,,,,,,,,,,,,,,,,,,,,,,,,,,,,,,,,,,,,,,,,,,,,,,,,,,,,,,,,,,,,,,,,,,,,,,,,,,,,,,,,,,,,,,,,,,,,,,,,,,,,,,,,,,,,,,,,,,,,,,,,,,,,,,,,,,,,,,,,,,,,,
824,PE,HT,#8,#7,MeOH_1,1.2538214970880417,2.5978214772979946,70.87052693876873,-0.23931996630060523,0.59320449893877,-23.617528980516557,0.6667510458766334,,,,,,,,,,,,,,,,,,,,,,,,,,,,,,,,,,,,,,,,,,,,,,,,,,,,,,,,,,,,,,,,,,,,,,,,,,,,,,,,,,,,,,,,,,,,,,,,,,,,,,,,,,,,,,,,,,,,,,,,,,,,,,,,,,,,,,,,,,,,,,,,,,,,,,,,,,,,,,,,,,,,,,,,,,,,,,,,,,,,,,,,,,,,,,,,,,,,,,,,,,,,,,,,,,,,,,
825,PE,HT,#8,#8,FT_1,1.3883811687197265,3.4291111748405934,78.01128820480074,-0.3132374916101341,0.06472608143206239,-32.48808545676271,0.5835463532986059,,,,,,,,,,,,,,,,,,,,,,,,,,,,,,,,,,,,,,,,,,,,,,,,,,,,,,,,,,,,,,,,,,,,,,,,,,,,,,,,,,,,,,,,,,,,,,,,,,,,,,,,,,,,,,,,,,,,,,,,,,,,,,,,,,,,,,,,,,,,,,,,,,,,,,,,,,,,,,,,,,,,,,,,,,,,,,,,,,,,,,,,,,,,,,,,,,,,,,,,,,,,,,,,,,,,,,
826,PE,HT,#8,#9,DIESEL_1,1.3008348385957589,2.8437538220071192,69.76276370663895,0.05873030350545236,0.8958230001105651,-18.315878735295666,0.7374548002095187,,,,,,,,,,,,,,,,,,,,,,,,,,,,,,,,,,,,,,,,,,,,,,,,,,,,,,,,,,,,,,,,,,,,,,,,,,,,,,,,,,,,,,,,,,,,,,,,,,,,,,,,,,,,,,,,,,,,,,,,,,,,,,,,,,,,,,,,,,,,,,,,,,,,,,,,,,,,,,,,,,,,,,,,,,,,,,,,,,,,,,,,,,,,,,,,,,,,,,,,,,,,,,,,,,,,,,
827,PE,HT,#8,#10,MeOH_1,1.5783634729675915,5.467286119894572,104.19027893876873,-0.6421669669083809,-2.405580727404665,-57.65208680848647,0.44666539531612304,,,,,,,,,,,,,,,,,,,,,,,,,,,,,,,,,,,,,,,,,,,,,,,,,,,,,,,,,,,,,,,,,,,,,,,,,,,,,,,,,,,,,,,,,,,,,,,,,,,,,,,,,,,,,,,,,,,,,,,,,,,,,,,,,,,,,,,,,,,,,,,,,,,,,,,,,,,,,,,,,,,,,,,,,,,,,,,,,,,,,,,,,,,,,,,,,,,,,,,,,,,,,,,,,,,,,,
828,PE,HT,#8,#11,FT_1,1.7262154977046043,6.674388737813977,111.10754260480073,-0.657282201511955,-3.1852620443337094,-66.06905832800669,0.4053593772386072,,,,,,,,,,,,,,,,,,,,,,,,,,,,,,,,,,,,,,,,,,,,,,,,,,,,,,,,,,,,,,,,,,,,,,,,,,,,,,,,,,,,,,,,,,,,,,,,,,,,,,,,,,,,,,,,,,,,,,,,,,,,,,,,,,,,,,,,,,,,,,,,,,,,,,,,,,,,,,,,,,,,,,,,,,,,,,,,,,,,,,,,,,,,,,,,,,,,,,,,,,,,,,,,,,,,,,
829,PE,HT,#9,#1,MeOH_1,1.329732280639609,2.9726208563675542,72.79705509172635,-0.3573046525712687,0.2513609987458438,-25.15982929354625,0.6543839683920709,,,,,,,,,,,,,,,,,,,,,,,,,,,,,,,,,,,,,,,,,,,,,,,,,,,,,,,,,,,,,,,,,,,,,,,,,,,,,,,,,,,,,,,,,,,,,,,,,,,,,,,,,,,,,,,,,,,,,,,,,,,,,,,,,,,,,,,,,,,,,,,,,,,,,,,,,,,,,,,,,,,,,,,,,,,,,,,,,,,,,,,,,,,,,,,,,,,,,,,,,,,,,,,,,,,,,,
830,PE,HT,#9,#2,FT_1,1.4439878037685001,3.7436263375973673,79.52248355775835,-0.3899137768214672,-0.17925888020697683,-33.92416155193385,0.5734016339254013,,,,,,,,,,,,,,,,,,,,,,,,,,,,,,,,,,,,,,,,,,,,,,,,,,,,,,,,,,,,,,,,,,,,,,,,,,,,,,,,,,,,,,,,,,,,,,,,,,,,,,,,,,,,,,,,,,,,,,,,,,,,,,,,,,,,,,,,,,,,,,,,,,,,,,,,,,,,,,,,,,,,,,,,,,,,,,,,,,,,,,,,,,,,,,,,,,,,,,,,,,,,,,,,,,,,,,
831,PE,HT,#9,#3,H2_1,1.3556809389708715,3.2194648662458594,70.9722172930863,-0.04502384563871772,0.5572968329593361,-20.364245933953217,0.7130673563451289,,,,,,,,,,,,,,,,,,,,,,,,,,,,,,,,,,,,,,,,,,,,,,,,,,,,,,,,,,,,,,,,,,,,,,,,,,,,,,,,,,,,,,,,,,,,,,,,,,,,,,,,,,,,,,,,,,,,,,,,,,,,,,,,,,,,,,,,,,,,,,,,,,,,,,,,,,,,,,,,,,,,,,,,,,,,,,,,,,,,,,,,,,,,,,,,,,,,,,,,,,,,,,,,,,,,,,
832,PE,HT,#9,#4,MeOH_1,1.6131913002521758,5.539715209010067,102.68617509172635,-0.7071969090982981,-2.42212141019476,-56.16771415720426,0.4530158114562998,,,,,,,,,,,,,,,,,,,,,,,,,,,,,,,,,,,,,,,,,,,,,,,,,,,,,,,,,,,,,,,,,,,,,,,,,,,,,,,,,,,,,,,,,,,,,,,,,,,,,,,,,,,,,,,,,,,,,,,,,,,,,,,,,,,,,,,,,,,,,,,,,,,,,,,,,,,,,,,,,,,,,,,,,,,,,,,,,,,,,,,,,,,,,,,,,,,,,,,,,,,,,,,,,,,,,,
833,PE,HT,#9,#5,FT_1,1.7570456114364708,6.7186607884056295,109.83068515775837,-0.7074651757120277,-3.157594536289108,-64.57799606485523,0.41202227799911456,,,,,,,,,,,,,,,,,,,,,,,,,,,,,,,,,,,,,,,,,,,,,,,,,,,,,,,,,,,,,,,,,,,,,,,,,,,,,,,,,,,,,,,,,,,,,,,,,,,,,,,,,,,,,,,,,,,,,,,,,,,,,,,,,,,,,,,,,,,,,,,,,,,,,,,,,,,,,,,,,,,,,,,,,,,,,,,,,,,,,,,,,,,,,,,,,,,,,,,,,,,,,,,,,,,,,,
834,PE,HT,#9,#6,Olefin,1.1941811274202485,1.5467525126084232,59.53765904043481,-0.5839542031590086,1.7229510106129617,-15.135485419406528,0.7457829941024837,,,,,,,,,,,,,,,,,,,,,,,,,,,,,,,,,,,,,,,,,,,,,,,,,,,,,,,,,,,,,,,,,,,,,,,,,,,,,,,,,,,,,,,,,,,,,,,,,,,,,,,,,,,,,,,,,,,,,,,,,,,,,,,,,,,,,,,,,,,,,,,,,,,,,,,,,,,,,,,,,,,,,,,,,,,,,,,,,,,,,,,,,,,,,,,,,,,,,,,,,,,,,,,,,,,,,,
835,PE,HT,#9,#7,MeOH_1,1.3342186384641412,3.0161618279466347,73.81203778580874,-0.34367142974992665,0.23834480876891107,-26.606659783075862,0.6395349514630077,,,,,,,,,,,,,,,,,,,,,,,,,,,,,,,,,,,,,,,,,,,,,,,,,,,,,,,,,,,,,,,,,,,,,,,,,,,,,,,,,,,,,,,,,,,,,,,,,,,,,,,,,,,,,,,,,,,,,,,,,,,,,,,,,,,,,,,,,,,,,,,,,,,,,,,,,,,,,,,,,,,,,,,,,,,,,,,,,,,,,,,,,,,,,,,,,,,,,,,,,,,,,,,,,,,,,,
836,PE,HT,#9,#8,FT_1,1.4687783100958267,3.847451525489234,80.95279905184074,-0.41758895505945615,-0.29013360873779653,-35.477216259322006,0.5617542978766796,,,,,,,,,,,,,,,,,,,,,,,,,,,,,,,,,,,,,,,,,,,,,,,,,,,,,,,,,,,,,,,,,,,,,,,,,,,,,,,,,,,,,,,,,,,,,,,,,,,,,,,,,,,,,,,,,,,,,,,,,,,,,,,,,,,,,,,,,,,,,,,,,,,,,,,,,,,,,,,,,,,,,,,,,,,,,,,,,,,,,,,,,,,,,,,,,,,,,,,,,,,,,,,,,,,,,,
837,PE,HT,#9,#9,H2_1,1.3812319799718589,3.2620941726557593,72.70427455367896,-0.04562115994386943,0.5409633099407062,-21.305009537854968,0.7069634534056856,,,,,,,,,,,,,,,,,,,,,,,,,,,,,,,,,,,,,,,,,,,,,,,,,,,,,,,,,,,,,,,,,,,,,,,,,,,,,,,,,,,,,,,,,,,,,,,,,,,,,,,,,,,,,,,,,,,,,,,,,,,,,,,,,,,,,,,,,,,,,,,,,,,,,,,,,,,,,,,,,,,,,,,,,,,,,,,,,,,,,,,,,,,,,,,,,,,,,,,,,,,,,,,,,,,,,,
838,PE,HT,#9,#10,MeOH_1,1.6587606143436933,5.885626470543213,107.13178978580873,-0.7465184303577043,-2.760440417574524,-60.64121761104578,0.4339568326797556,,,,,,,,,,,,,,,,,,,,,,,,,,,,,,,,,,,,,,,,,,,,,,,,,,,,,,,,,,,,,,,,,,,,,,,,,,,,,,,,,,,,,,,,,,,,,,,,,,,,,,,,,,,,,,,,,,,,,,,,,,,,,,,,,,,,,,,,,,,,,,,,,,,,,,,,,,,,,,,,,,,,,,,,,,,,,,,,,,,,,,,,,,,,,,,,,,,,,,,,,,,,,,,,,,,,,,
839,PE,HT,#9,#11,FT_1,1.8066126390807045,7.092729088462616,114.04905345184075,-0.761633664961277,-3.5401217345035683,-69.058189130566,0.394486959422885,,,,,,,,,,,,,,,,,,,,,,,,,,,,,,,,,,,,,,,,,,,,,,,,,,,,,,,,,,,,,,,,,,,,,,,,,,,,,,,,,,,,,,,,,,,,,,,,,,,,,,,,,,,,,,,,,,,,,,,,,,,,,,,,,,,,,,,,,,,,,,,,,,,,,,,,,,,,,,,,,,,,,,,,,,,,,,,,,,,,,,,,,,,,,,,,,,,,,,,,,,,,,,,,,,,,,,
840,PE,LT,#1,#1,JET FUEL_1,1.2159744483179264,1.8012461523060475,85.93895404236105,-0.39306107584881483,1.0603780880003755,-42.6684260212392,0.5035030796371216,,,,,,,,,,,,,,,,,,,,,,,,,,,,,,,,,,,,,,,,,,,,,,,,,,,,,,,,,,,,,,,,,,,,,,,,,,,,,,,,,,,,,,,,,,,,,,,,,,,,,,,,,,,,,,,,,,,,,,,,,,,,,,,,,,,,,,,,,,,,,,,,,,,,,,,,,,,,,,,,,,,,,,,,,,,,,,,,,,,,,,,,,,,,,,,,,,,,,,,,,,,,,,,,,,,,,,
841,PE,LT,#1,#2,JET FUEL_1,1.296798865464679,1.9342877922791002,88.22770972236106,-0.4693749469338756,0.937088153357767,-44.64723677153369,0.4939544853648401,,,,,,,,,,,,,,,,,,,,,,,,,,,,,,,,,,,,,,,,,,,,,,,,,,,,,,,,,,,,,,,,,,,,,,,,,,,,,,,,,,,,,,,,,,,,,,,,,,,,,,,,,,,,,,,,,,,,,,,,,,,,,,,,,,,,,,,,,,,,,,,,,,,,,,,,,,,,,,,,,,,,,,,,,,,,,,,,,,,,,,,,,,,,,,,,,,,,,,,,,,,,,,,,,,,,,,
842,PE,LT,#1,#3,JET FUEL_1,1.2031578498773141,1.659681237794016,85.18809967712112,-0.37373065592058385,1.2068877647320186,-41.80356270467354,0.5092793140929673,,,,,,,,,,,,,,,,,,,,,,,,,,,,,,,,,,,,,,,,,,,,,,,,,,,,,,,,,,,,,,,,,,,,,,,,,,,,,,,,,,,,,,,,,,,,,,,,,,,,,,,,,,,,,,,,,,,,,,,,,,,,,,,,,,,,,,,,,,,,,,,,,,,,,,,,,,,,,,,,,,,,,,,,,,,,,,,,,,,,,,,,,,,,,,,,,,,,,,,,,,,,,,,,,,,,,,
843,PE,LT,#1,#4,JET FUEL_1,1.2091455782477445,1.701062754984243,85.29365191436105,-0.4053820165395449,1.1298015553218062,-42.22090779440315,0.5049935505540906,,,,,,,,,,,,,,,,,,,,,,,,,,,,,,,,,,,,,,,,,,,,,,,,,,,,,,,,,,,,,,,,,,,,,,,,,,,,,,,,,,,,,,,,,,,,,,,,,,,,,,,,,,,,,,,,,,,,,,,,,,,,,,,,,,,,,,,,,,,,,,,,,,,,,,,,,,,,,,,,,,,,,,,,,,,,,,,,,,,,,,,,,,,,,,,,,,,,,,,,,,,,,,,,,,,,,,
844,PE,LT,#1,#5,JET FUEL_1,1.297608767641565,1.9351105373261455,88.51553916236105,-0.4581376461351959,0.9518077727511357,-44.57029244536363,0.49646928813696933,,,,,,,,,,,,,,,,,,,,,,,,,,,,,,,,,,,,,,,,,,,,,,,,,,,,,,,,,,,,,,,,,,,,,,,,,,,,,,,,,,,,,,,,,,,,,,,,,,,,,,,,,,,,,,,,,,,,,,,,,,,,,,,,,,,,,,,,,,,,,,,,,,,,,,,,,,,,,,,,,,,,,,,,,,,,,,,,,,,,,,,,,,,,,,,,,,,,,,,,,,,,,,,,,,,,,,
845,PE,LT,#1,#6,JET FUEL_1,1.154898307381548,1.4614595453091217,82.40852001838132,-0.353514977348395,1.3856804243520702,-39.25532596855417,0.5236496668087448,,,,,,,,,,,,,,,,,,,,,,,,,,,,,,,,,,,,,,,,,,,,,,,,,,,,,,,,,,,,,,,,,,,,,,,,,,,,,,,,,,,,,,,,,,,,,,,,,,,,,,,,,,,,,,,,,,,,,,,,,,,,,,,,,,,,,,,,,,,,,,,,,,,,,,,,,,,,,,,,,,,,,,,,,,,,,,,,,,,,,,,,,,,,,,,,,,,,,,,,,,,,,,,,,,,,,,
846,PE,LT,#1,#7,JET FUEL_1,1.1984697144400691,1.6891049218547163,85.10287232490226,-0.37364365707072056,1.1716431594474432,-41.63072035906584,0.5108188569696005,,,,,,,,,,,,,,,,,,,,,,,,,,,,,,,,,,,,,,,,,,,,,,,,,,,,,,,,,,,,,,,,,,,,,,,,,,,,,,,,,,,,,,,,,,,,,,,,,,,,,,,,,,,,,,,,,,,,,,,,,,,,,,,,,,,,,,,,,,,,,,,,,,,,,,,,,,,,,,,,,,,,,,,,,,,,,,,,,,,,,,,,,,,,,,,,,,,,,,,,,,,,,,,,,,,,,,
847,PE,LT,#1,#8,JET FUEL_1,1.2415714677182048,1.7915585061670118,86.3143726309343,-0.4249115655744885,1.0600286575130315,-42.73500319638165,0.5048912261795689,,,,,,,,,,,,,,,,,,,,,,,,,,,,,,,,,,,,,,,,,,,,,,,,,,,,,,,,,,,,,,,,,,,,,,,,,,,,,,,,,,,,,,,,,,,,,,,,,,,,,,,,,,,,,,,,,,,,,,,,,,,,,,,,,,,,,,,,,,,,,,,,,,,,,,,,,,,,,,,,,,,,,,,,,,,,,,,,,,,,,,,,,,,,,,,,,,,,,,,,,,,,,,,,,,,,,,
848,PE,LT,#1,#9,JET FUEL_1,1.1929228461387062,1.6293063662747747,84.9152973935231,-0.3638897981152921,1.2364605328233202,-41.53658828180406,0.5108468137453375,,,,,,,,,,,,,,,,,,,,,,,,,,,,,,,,,,,,,,,,,,,,,,,,,,,,,,,,,,,,,,,,,,,,,,,,,,,,,,,,,,,,,,,,,,,,,,,,,,,,,,,,,,,,,,,,,,,,,,,,,,,,,,,,,,,,,,,,,,,,,,,,,,,,,,,,,,,,,,,,,,,,,,,,,,,,,,,,,,,,,,,,,,,,,,,,,,,,,,,,,,,,,,,,,,,,,,
849,PE,LT,#1,#10,JET FUEL_1,1.2603078389431424,1.7836630789664853,86.46414746090227,-0.45067273986965734,1.0532878365723324,-43.31511830271043,0.49903954905359077,,,,,,,,,,,,,,,,,,,,,,,,,,,,,,,,,,,,,,,,,,,,,,,,,,,,,,,,,,,,,,,,,,,,,,,,,,,,,,,,,,,,,,,,,,,,,,,,,,,,,,,,,,,,,,,,,,,,,,,,,,,,,,,,,,,,,,,,,,,,,,,,,,,,,,,,,,,,,,,,,,,,,,,,,,,,,,,,,,,,,,,,,,,,,,,,,,,,,,,,,,,,,,,,,,,,,,
850,PE,LT,#1,#11,JET FUEL_1,1.269497565729045,1.8425299150969652,86.82529927093428,-0.4568243559773899,1.007115484764993,-43.8120495091058,0.49539995972380874,,,,,,,,,,,,,,,,,,,,,,,,,,,,,,,,,,,,,,,,,,,,,,,,,,,,,,,,,,,,,,,,,,,,,,,,,,,,,,,,,,,,,,,,,,,,,,,,,,,,,,,,,,,,,,,,,,,,,,,,,,,,,,,,,,,,,,,,,,,,,,,,,,,,,,,,,,,,,,,,,,,,,,,,,,,,,,,,,,,,,,,,,,,,,,,,,,,,,,,,,,,,,,,,,,,,,,
851,PE,LT,#2,#1,WAX_1,1.170269287745513,2.216236056081799,79.73041881292106,-0.26556061329478836,1.3102136549141847,-28.831686378841038,0.6383853639789411,,,,,,,,,,,,,,,,,,,,,,,,,,,,,,,,,,,,,,,,,,,,,,,,,,,,,,,,,,,,,,,,,,,,,,,,,,,,,,,,,,,,,,,,,,,,,,,,,,,,,,,,,,,,,,,,,,,,,,,,,,,,,,,,,,,,,,,,,,,,,,,,,,,,,,,,,,,,,,,,,,,,,,,,,,,,,,,,,,,,,,,,,,,,,,,,,,,,,,,,,,,,,,,,,,,,,,
852,PE,LT,#2,#2,WAX_1,1.251093704892266,2.349277696054852,76.69080876768113,-0.3418744843798494,1.1869237202715763,-25.482131403895618,0.6677290041224049,,,,,,,,,,,,,,,,,,,,,,,,,,,,,,,,,,,,,,,,,,,,,,,,,,,,,,,,,,,,,,,,,,,,,,,,,,,,,,,,,,,,,,,,,,,,,,,,,,,,,,,,,,,,,,,,,,,,,,,,,,,,,,,,,,,,,,,,,,,,,,,,,,,,,,,,,,,,,,,,,,,,,,,,,,,,,,,,,,,,,,,,,,,,,,,,,,,,,,,,,,,,,,,,,,,,,,
853,PE,LT,#2,#3,WAX_1,1.1574526893049006,2.074671141569768,76.79636100492105,-0.24623019336655688,1.456723331645828,-25.783619619515303,0.6642598779144873,,,,,,,,,,,,,,,,,,,,,,,,,,,,,,,,,,,,,,,,,,,,,,,,,,,,,,,,,,,,,,,,,,,,,,,,,,,,,,,,,,,,,,,,,,,,,,,,,,,,,,,,,,,,,,,,,,,,,,,,,,,,,,,,,,,,,,,,,,,,,,,,,,,,,,,,,,,,,,,,,,,,,,,,,,,,,,,,,,,,,,,,,,,,,,,,,,,,,,,,,,,,,,,,,,,,,,
854,PE,LT,#2,#4,WAX_1,1.1634404176753312,2.116052658759995,80.01824825292105,-0.2778815539855182,1.3796371222356156,-29.317299720004993,0.633617326546076,,,,,,,,,,,,,,,,,,,,,,,,,,,,,,,,,,,,,,,,,,,,,,,,,,,,,,,,,,,,,,,,,,,,,,,,,,,,,,,,,,,,,,,,,,,,,,,,,,,,,,,,,,,,,,,,,,,,,,,,,,,,,,,,,,,,,,,,,,,,,,,,,,,,,,,,,,,,,,,,,,,,,,,,,,,,,,,,,,,,,,,,,,,,,,,,,,,,,,,,,,,,,,,,,,,,,,
855,PE,LT,#2,#5,WAX_1,1.2519036070691516,2.350100441101897,73.91122910894133,-0.3306371835811693,1.201643339664945,-22.33777797898573,0.6977755850053448,,,,,,,,,,,,,,,,,,,,,,,,,,,,,,,,,,,,,,,,,,,,,,,,,,,,,,,,,,,,,,,,,,,,,,,,,,,,,,,,,,,,,,,,,,,,,,,,,,,,,,,,,,,,,,,,,,,,,,,,,,,,,,,,,,,,,,,,,,,,,,,,,,,,,,,,,,,,,,,,,,,,,,,,,,,,,,,,,,,,,,,,,,,,,,,,,,,,,,,,,,,,,,,,,,,,,,
856,PE,LT,#2,#6,WAX_1,1.109193146809134,1.876449449084873,76.60558141546228,-0.22601451479436788,1.6355159912658797,-25.824182952676953,0.6628942372668354,,,,,,,,,,,,,,,,,,,,,,,,,,,,,,,,,,,,,,,,,,,,,,,,,,,,,,,,,,,,,,,,,,,,,,,,,,,,,,,,,,,,,,,,,,,,,,,,,,,,,,,,,,,,,,,,,,,,,,,,,,,,,,,,,,,,,,,,,,,,,,,,,,,,,,,,,,,,,,,,,,,,,,,,,,,,,,,,,,,,,,,,,,,,,,,,,,,,,,,,,,,,,,,,,,,,,,
857,PE,LT,#2,#7,WAX_1,1.1527645538676556,2.1040948256304675,77.81708172149429,-0.24614319451669373,1.421478726361253,-26.71672534269968,0.6566727413613597,,,,,,,,,,,,,,,,,,,,,,,,,,,,,,,,,,,,,,,,,,,,,,,,,,,,,,,,,,,,,,,,,,,,,,,,,,,,,,,,,,,,,,,,,,,,,,,,,,,,,,,,,,,,,,,,,,,,,,,,,,,,,,,,,,,,,,,,,,,,,,,,,,,,,,,,,,,,,,,,,,,,,,,,,,,,,,,,,,,,,,,,,,,,,,,,,,,,,,,,,,,,,,,,,,,,,,
858,PE,LT,#2,#8,WAX_1,1.1958663071457916,2.2065484099427635,76.41800648408311,-0.29741110302046153,1.3098642244268413,-25.21043263657229,0.670098268765709,,,,,,,,,,,,,,,,,,,,,,,,,,,,,,,,,,,,,,,,,,,,,,,,,,,,,,,,,,,,,,,,,,,,,,,,,,,,,,,,,,,,,,,,,,,,,,,,,,,,,,,,,,,,,,,,,,,,,,,,,,,,,,,,,,,,,,,,,,,,,,,,,,,,,,,,,,,,,,,,,,,,,,,,,,,,,,,,,,,,,,,,,,,,,,,,,,,,,,,,,,,,,,,,,,,,,,
859,PE,LT,#2,#9,WAX_1,1.1472176855662932,2.044296270050526,77.96685655146227,-0.23638933556126546,1.4862960997371302,-26.95994302678506,0.6542127742576096,,,,,,,,,,,,,,,,,,,,,,,,,,,,,,,,,,,,,,,,,,,,,,,,,,,,,,,,,,,,,,,,,,,,,,,,,,,,,,,,,,,,,,,,,,,,,,,,,,,,,,,,,,,,,,,,,,,,,,,,,,,,,,,,,,,,,,,,,,,,,,,,,,,,,,,,,,,,,,,,,,,,,,,,,,,,,,,,,,,,,,,,,,,,,,,,,,,,,,,,,,,,,,,,,,,,,,
860,PE,LT,#2,#10,WAX_1,1.214602678370729,2.198652982742236,78.32800836149428,-0.32317227731563064,1.3031234034861425,-27.550774790344256,0.648264070966879,,,,,,,,,,,,,,,,,,,,,,,,,,,,,,,,,,,,,,,,,,,,,,,,,,,,,,,,,,,,,,,,,,,,,,,,,,,,,,,,,,,,,,,,,,,,,,,,,,,,,,,,,,,,,,,,,,,,,,,,,,,,,,,,,,,,,,,,,,,,,,,,,,,,,,,,,,,,,,,,,,,,,,,,,,,,,,,,,,,,,,,,,,,,,,,,,,,,,,,,,,,,,,,,,,,,,,
861,PE,LT,#2,#11,WAX_1,1.2237924051566316,2.2575198188727166,73.57616413056006,-0.3293238934233632,1.2569510516788027,-22.9347099557734,0.6882861423017919,,,,,,,,,,,,,,,,,,,,,,,,,,,,,,,,,,,,,,,,,,,,,,,,,,,,,,,,,,,,,,,,,,,,,,,,,,,,,,,,,,,,,,,,,,,,,,,,,,,,,,,,,,,,,,,,,,,,,,,,,,,,,,,,,,,,,,,,,,,,,,,,,,,,,,,,,,,,,,,,,,,,,,,,,,,,,,,,,,,,,,,,,,,,,,,,,,,,,,,,,,,,,,,,,,,,,,
862,PE,LT,#3,#1,WAX_1,1.5635774165107519,3.0204727760681274,84.46774863525168,-0.5170424520672088,0.4543982969710648,-32.79360780698569,0.6117617867549077,,,,,,,,,,,,,,,,,,,,,,,,,,,,,,,,,,,,,,,,,,,,,,,,,,,,,,,,,,,,,,,,,,,,,,,,,,,,,,,,,,,,,,,,,,,,,,,,,,,,,,,,,,,,,,,,,,,,,,,,,,,,,,,,,,,,,,,,,,,,,,,,,,,,,,,,,,,,,,,,,,,,,,,,,,,,,,,,,,,,,,,,,,,,,,,,,,,,,,,,,,,,,,,,,,,,,,
863,PE,LT,#3,#2,WAX_1,1.644401833657506,3.153514416041179,86.75650431525168,-0.5933563231522713,0.3311083623284569,-34.772418557280204,0.5991952553675303,,,,,,,,,,,,,,,,,,,,,,,,,,,,,,,,,,,,,,,,,,,,,,,,,,,,,,,,,,,,,,,,,,,,,,,,,,,,,,,,,,,,,,,,,,,,,,,,,,,,,,,,,,,,,,,,,,,,,,,,,,,,,,,,,,,,,,,,,,,,,,,,,,,,,,,,,,,,,,,,,,,,,,,,,,,,,,,,,,,,,,,,,,,,,,,,,,,,,,,,,,,,,,,,,,,,,,
864,PE,LT,#3,#3,WAX_1,1.5507608180701393,2.8789078615560957,83.71689427001175,-0.4977120321389775,0.6009079737027082,-31.928744490420037,0.6186104994836479,,,,,,,,,,,,,,,,,,,,,,,,,,,,,,,,,,,,,,,,,,,,,,,,,,,,,,,,,,,,,,,,,,,,,,,,,,,,,,,,,,,,,,,,,,,,,,,,,,,,,,,,,,,,,,,,,,,,,,,,,,,,,,,,,,,,,,,,,,,,,,,,,,,,,,,,,,,,,,,,,,,,,,,,,,,,,,,,,,,,,,,,,,,,,,,,,,,,,,,,,,,,,,,,,,,,,,
865,PE,LT,#3,#4,WAX_1,1.5567485464405715,2.920289378746322,83.82244650725167,-0.5293633927579404,0.5238217642924958,-32.34608958014965,0.6141118408259377,,,,,,,,,,,,,,,,,,,,,,,,,,,,,,,,,,,,,,,,,,,,,,,,,,,,,,,,,,,,,,,,,,,,,,,,,,,,,,,,,,,,,,,,,,,,,,,,,,,,,,,,,,,,,,,,,,,,,,,,,,,,,,,,,,,,,,,,,,,,,,,,,,,,,,,,,,,,,,,,,,,,,,,,,,,,,,,,,,,,,,,,,,,,,,,,,,,,,,,,,,,,,,,,,,,,,,
866,PE,LT,#3,#5,WAX_1,1.6452117358343916,3.1543371610882245,87.04433375525167,-0.5821190223535914,0.34582798172182533,-34.69547423111012,0.601404563234803,,,,,,,,,,,,,,,,,,,,,,,,,,,,,,,,,,,,,,,,,,,,,,,,,,,,,,,,,,,,,,,,,,,,,,,,,,,,,,,,,,,,,,,,,,,,,,,,,,,,,,,,,,,,,,,,,,,,,,,,,,,,,,,,,,,,,,,,,,,,,,,,,,,,,,,,,,,,,,,,,,,,,,,,,,,,,,,,,,,,,,,,,,,,,,,,,,,,,,,,,,,,,,,,,,,,,,
867,PE,LT,#3,#6,WAX_1,1.5025012755743727,2.6806861690712007,80.93731461127194,-0.4774963535667885,0.7797006333227599,-29.380507754300677,0.6369967561265132,,,,,,,,,,,,,,,,,,,,,,,,,,,,,,,,,,,,,,,,,,,,,,,,,,,,,,,,,,,,,,,,,,,,,,,,,,,,,,,,,,,,,,,,,,,,,,,,,,,,,,,,,,,,,,,,,,,,,,,,,,,,,,,,,,,,,,,,,,,,,,,,,,,,,,,,,,,,,,,,,,,,,,,,,,,,,,,,,,,,,,,,,,,,,,,,,,,,,,,,,,,,,,,,,,,,,,
868,PE,LT,#3,#7,WAX_1,1.5460726826328957,2.908331545616795,83.6316669177929,-0.49762503328911567,0.5656633684181336,-31.755902144812335,0.6202885424246378,,,,,,,,,,,,,,,,,,,,,,,,,,,,,,,,,,,,,,,,,,,,,,,,,,,,,,,,,,,,,,,,,,,,,,,,,,,,,,,,,,,,,,,,,,,,,,,,,,,,,,,,,,,,,,,,,,,,,,,,,,,,,,,,,,,,,,,,,,,,,,,,,,,,,,,,,,,,,,,,,,,,,,,,,,,,,,,,,,,,,,,,,,,,,,,,,,,,,,,,,,,,,,,,,,,,,,
869,PE,LT,#3,#8,WAX_1,1.5891744359110316,3.0107851299290918,84.84316722382489,-0.5488929417928834,0.45404886648372056,-32.860184982128125,0.612694975242501,,,,,,,,,,,,,,,,,,,,,,,,,,,,,,,,,,,,,,,,,,,,,,,,,,,,,,,,,,,,,,,,,,,,,,,,,,,,,,,,,,,,,,,,,,,,,,,,,,,,,,,,,,,,,,,,,,,,,,,,,,,,,,,,,,,,,,,,,,,,,,,,,,,,,,,,,,,,,,,,,,,,,,,,,,,,,,,,,,,,,,,,,,,,,,,,,,,,,,,,,,,,,,,,,,,,,,
870,PE,LT,#3,#9,WAX_1,1.540525814331533,2.8485329900368543,83.44409198641372,-0.4878711743336874,0.6304807417940095,-31.66177006755055,0.6205630702685855,,,,,,,,,,,,,,,,,,,,,,,,,,,,,,,,,,,,,,,,,,,,,,,,,,,,,,,,,,,,,,,,,,,,,,,,,,,,,,,,,,,,,,,,,,,,,,,,,,,,,,,,,,,,,,,,,,,,,,,,,,,,,,,,,,,,,,,,,,,,,,,,,,,,,,,,,,,,,,,,,,,,,,,,,,,,,,,,,,,,,,,,,,,,,,,,,,,,,,,,,,,,,,,,,,,,,,
871,PE,LT,#3,#10,WAX_1,1.6079108071359693,3.002889702728564,84.9929420537929,-0.574654116088053,0.44730804554302245,-33.44030008845693,0.606552035023188,,,,,,,,,,,,,,,,,,,,,,,,,,,,,,,,,,,,,,,,,,,,,,,,,,,,,,,,,,,,,,,,,,,,,,,,,,,,,,,,,,,,,,,,,,,,,,,,,,,,,,,,,,,,,,,,,,,,,,,,,,,,,,,,,,,,,,,,,,,,,,,,,,,,,,,,,,,,,,,,,,,,,,,,,,,,,,,,,,,,,,,,,,,,,,,,,,,,,,,,,,,,,,,,,,,,,,
872,PE,LT,#3,#11,WAX_1,1.617100533921872,3.0617565388590444,85.3540938638249,-0.5808057321957855,0.401135693735683,-33.93723129485229,0.6023948031245435,,,,,,,,,,,,,,,,,,,,,,,,,,,,,,,,,,,,,,,,,,,,,,,,,,,,,,,,,,,,,,,,,,,,,,,,,,,,,,,,,,,,,,,,,,,,,,,,,,,,,,,,,,,,,,,,,,,,,,,,,,,,,,,,,,,,,,,,,,,,,,,,,,,,,,,,,,,,,,,,,,,,,,,,,,,,,,,,,,,,,,,,,,,,,,,,,,,,,,,,,,,,,,,,,,,,,,
873,PE,LT,#4,#1,WAX_1,1.6195102865799913,3.278728990372498,86.94961102128369,-0.5822257548717168,0.2578853411429909,-36.39719194117785,0.5813990250943333,,,,,,,,,,,,,,,,,,,,,,,,,,,,,,,,,,,,,,,,,,,,,,,,,,,,,,,,,,,,,,,,,,,,,,,,,,,,,,,,,,,,,,,,,,,,,,,,,,,,,,,,,,,,,,,,,,,,,,,,,,,,,,,,,,,,,,,,,,,,,,,,,,,,,,,,,,,,,,,,,,,,,,,,,,,,,,,,,,,,,,,,,,,,,,,,,,,,,,,,,,,,,,,,,,,,,,
874,PE,LT,#4,#2,WAX_1,1.7003347037267436,3.41177063034555,89.23836670128368,-0.6585396259567774,0.1345954065003827,-38.37600269147235,0.569960723060608,,,,,,,,,,,,,,,,,,,,,,,,,,,,,,,,,,,,,,,,,,,,,,,,,,,,,,,,,,,,,,,,,,,,,,,,,,,,,,,,,,,,,,,,,,,,,,,,,,,,,,,,,,,,,,,,,,,,,,,,,,,,,,,,,,,,,,,,,,,,,,,,,,,,,,,,,,,,,,,,,,,,,,,,,,,,,,,,,,,,,,,,,,,,,,,,,,,,,,,,,,,,,,,,,,,,,,
875,PE,LT,#4,#3,WAX_1,1.6066936881393787,3.137164075860467,86.19875665604376,-0.5628953349434853,0.40439501787463367,-35.53232862461219,0.5877860655647766,,,,,,,,,,,,,,,,,,,,,,,,,,,,,,,,,,,,,,,,,,,,,,,,,,,,,,,,,,,,,,,,,,,,,,,,,,,,,,,,,,,,,,,,,,,,,,,,,,,,,,,,,,,,,,,,,,,,,,,,,,,,,,,,,,,,,,,,,,,,,,,,,,,,,,,,,,,,,,,,,,,,,,,,,,,,,,,,,,,,,,,,,,,,,,,,,,,,,,,,,,,,,,,,,,,,,,
876,PE,LT,#4,#4,WAX_1,1.612681416509811,3.178545593050694,86.30430889328368,-0.5945466955624483,0.32730880846442134,-35.949673714341806,0.5834544743438708,,,,,,,,,,,,,,,,,,,,,,,,,,,,,,,,,,,,,,,,,,,,,,,,,,,,,,,,,,,,,,,,,,,,,,,,,,,,,,,,,,,,,,,,,,,,,,,,,,,,,,,,,,,,,,,,,,,,,,,,,,,,,,,,,,,,,,,,,,,,,,,,,,,,,,,,,,,,,,,,,,,,,,,,,,,,,,,,,,,,,,,,,,,,,,,,,,,,,,,,,,,,,,,,,,,,,,
877,PE,LT,#4,#5,WAX_1,1.7011446059036313,3.4125933753925954,89.52619614128368,-0.647302325158099,0.14931502589375167,-38.29905836530227,0.5722027739806849,,,,,,,,,,,,,,,,,,,,,,,,,,,,,,,,,,,,,,,,,,,,,,,,,,,,,,,,,,,,,,,,,,,,,,,,,,,,,,,,,,,,,,,,,,,,,,,,,,,,,,,,,,,,,,,,,,,,,,,,,,,,,,,,,,,,,,,,,,,,,,,,,,,,,,,,,,,,,,,,,,,,,,,,,,,,,,,,,,,,,,,,,,,,,,,,,,,,,,,,,,,,,,,,,,,,,,
878,PE,LT,#4,#6,WAX_1,1.5584341456436128,2.938942383375572,83.41917699730394,-0.5426796563712968,0.5831876774946859,-32.984091888492806,0.6045982101986114,,,,,,,,,,,,,,,,,,,,,,,,,,,,,,,,,,,,,,,,,,,,,,,,,,,,,,,,,,,,,,,,,,,,,,,,,,,,,,,,,,,,,,,,,,,,,,,,,,,,,,,,,,,,,,,,,,,,,,,,,,,,,,,,,,,,,,,,,,,,,,,,,,,,,,,,,,,,,,,,,,,,,,,,,,,,,,,,,,,,,,,,,,,,,,,,,,,,,,,,,,,,,,,,,,,,,,
879,PE,LT,#4,#7,WAX_1,1.6020055527021337,3.1665877599211667,86.1135293038249,-0.5628083360936222,0.36915041259005843,-35.3594862790045,0.5893852387091288,,,,,,,,,,,,,,,,,,,,,,,,,,,,,,,,,,,,,,,,,,,,,,,,,,,,,,,,,,,,,,,,,,,,,,,,,,,,,,,,,,,,,,,,,,,,,,,,,,,,,,,,,,,,,,,,,,,,,,,,,,,,,,,,,,,,,,,,,,,,,,,,,,,,,,,,,,,,,,,,,,,,,,,,,,,,,,,,,,,,,,,,,,,,,,,,,,,,,,,,,,,,,,,,,,,,,,
880,PE,LT,#4,#8,WAX_1,1.6451073059802708,3.2690413442334627,87.32502960985691,-0.6140762445973914,0.2575359106556466,-36.46376911632028,0.5824362238497954,,,,,,,,,,,,,,,,,,,,,,,,,,,,,,,,,,,,,,,,,,,,,,,,,,,,,,,,,,,,,,,,,,,,,,,,,,,,,,,,,,,,,,,,,,,,,,,,,,,,,,,,,,,,,,,,,,,,,,,,,,,,,,,,,,,,,,,,,,,,,,,,,,,,,,,,,,,,,,,,,,,,,,,,,,,,,,,,,,,,,,,,,,,,,,,,,,,,,,,,,,,,,,,,,,,,,,
881,PE,LT,#4,#9,WAX_1,1.5964586844007713,3.106789204341225,85.92595437244572,-0.5530544771381939,0.4339677859659359,-35.26535420174269,0.5895843757651483,,,,,,,,,,,,,,,,,,,,,,,,,,,,,,,,,,,,,,,,,,,,,,,,,,,,,,,,,,,,,,,,,,,,,,,,,,,,,,,,,,,,,,,,,,,,,,,,,,,,,,,,,,,,,,,,,,,,,,,,,,,,,,,,,,,,,,,,,,,,,,,,,,,,,,,,,,,,,,,,,,,,,,,,,,,,,,,,,,,,,,,,,,,,,,,,,,,,,,,,,,,,,,,,,,,,,,
882,PE,LT,#4,#10,WAX_1,1.6638436772052088,3.2611459170329358,87.47480443982488,-0.6398374188925608,0.25079508971494824,-37.04388422264906,0.576519382239579,,,,,,,,,,,,,,,,,,,,,,,,,,,,,,,,,,,,,,,,,,,,,,,,,,,,,,,,,,,,,,,,,,,,,,,,,,,,,,,,,,,,,,,,,,,,,,,,,,,,,,,,,,,,,,,,,,,,,,,,,,,,,,,,,,,,,,,,,,,,,,,,,,,,,,,,,,,,,,,,,,,,,,,,,,,,,,,,,,,,,,,,,,,,,,,,,,,,,,,,,,,,,,,,,,,,,,
883,PE,LT,#4,#11,WAX_1,1.6730334039911114,3.320012753163417,87.83595624985688,-0.6459890350002935,0.20462273790760727,-37.54081542904442,0.5726030997800449,,,,,,,,,,,,,,,,,,,,,,,,,,,,,,,,,,,,,,,,,,,,,,,,,,,,,,,,,,,,,,,,,,,,,,,,,,,,,,,,,,,,,,,,,,,,,,,,,,,,,,,,,,,,,,,,,,,,,,,,,,,,,,,,,,,,,,,,,,,,,,,,,,,,,,,,,,,,,,,,,,,,,,,,,,,,,,,,,,,,,,,,,,,,,,,,,,,,,,,,,,,,,,,,,,,,,,
884,PE,LT,#5,#1,WAX_1,1.5753607043191624,2.9019592393699356,83.84372528003392,-0.39774620216992385,0.7701497339357063,-30.785683891289743,0.6328206578552291,,,,,,,,,,,,,,,,,,,,,,,,,,,,,,,,,,,,,,,,,,,,,,,,,,,,,,,,,,,,,,,,,,,,,,,,,,,,,,,,,,,,,,,,,,,,,,,,,,,,,,,,,,,,,,,,,,,,,,,,,,,,,,,,,,,,,,,,,,,,,,,,,,,,,,,,,,,,,,,,,,,,,,,,,,,,,,,,,,,,,,,,,,,,,,,,,,,,,,,,,,,,,,,,,,,,,,
885,PE,LT,#5,#2,WAX_1,1.6561851214659145,3.035000879342989,86.13248096003392,-0.4740600732549844,0.646859799293097,-32.764494641584236,0.6196034959588916,,,,,,,,,,,,,,,,,,,,,,,,,,,,,,,,,,,,,,,,,,,,,,,,,,,,,,,,,,,,,,,,,,,,,,,,,,,,,,,,,,,,,,,,,,,,,,,,,,,,,,,,,,,,,,,,,,,,,,,,,,,,,,,,,,,,,,,,,,,,,,,,,,,,,,,,,,,,,,,,,,,,,,,,,,,,,,,,,,,,,,,,,,,,,,,,,,,,,,,,,,,,,,,,,,,,,,
886,PE,LT,#5,#3,WAX_1,1.56254410587855,2.760394324857903,83.09287091479398,-0.3784157822416927,0.91665941066735,-29.92082057472407,0.6399110989268163,,,,,,,,,,,,,,,,,,,,,,,,,,,,,,,,,,,,,,,,,,,,,,,,,,,,,,,,,,,,,,,,,,,,,,,,,,,,,,,,,,,,,,,,,,,,,,,,,,,,,,,,,,,,,,,,,,,,,,,,,,,,,,,,,,,,,,,,,,,,,,,,,,,,,,,,,,,,,,,,,,,,,,,,,,,,,,,,,,,,,,,,,,,,,,,,,,,,,,,,,,,,,,,,,,,,,,
887,PE,LT,#5,#4,WAX_1,1.5685318342489818,2.8017758420481305,83.1984231520339,-0.4100671428606552,0.8395732012571374,-30.338165664453683,0.6353516747665424,,,,,,,,,,,,,,,,,,,,,,,,,,,,,,,,,,,,,,,,,,,,,,,,,,,,,,,,,,,,,,,,,,,,,,,,,,,,,,,,,,,,,,,,,,,,,,,,,,,,,,,,,,,,,,,,,,,,,,,,,,,,,,,,,,,,,,,,,,,,,,,,,,,,,,,,,,,,,,,,,,,,,,,,,,,,,,,,,,,,,,,,,,,,,,,,,,,,,,,,,,,,,,,,,,,,,,
888,PE,LT,#5,#5,WAX_1,1.6569950236428022,3.035823624390034,86.42031040003391,-0.4628227724563062,0.661579418686466,-32.68755031541416,0.6217607855826294,,,,,,,,,,,,,,,,,,,,,,,,,,,,,,,,,,,,,,,,,,,,,,,,,,,,,,,,,,,,,,,,,,,,,,,,,,,,,,,,,,,,,,,,,,,,,,,,,,,,,,,,,,,,,,,,,,,,,,,,,,,,,,,,,,,,,,,,,,,,,,,,,,,,,,,,,,,,,,,,,,,,,,,,,,,,,,,,,,,,,,,,,,,,,,,,,,,,,,,,,,,,,,,,,,,,,,
889,PE,LT,#5,#6,WAX_1,1.5142845633827835,2.5621726323730103,80.31329125605416,-0.3582001036695037,1.0954520702874002,-27.37258383860468,0.6591774112290376,,,,,,,,,,,,,,,,,,,,,,,,,,,,,,,,,,,,,,,,,,,,,,,,,,,,,,,,,,,,,,,,,,,,,,,,,,,,,,,,,,,,,,,,,,,,,,,,,,,,,,,,,,,,,,,,,,,,,,,,,,,,,,,,,,,,,,,,,,,,,,,,,,,,,,,,,,,,,,,,,,,,,,,,,,,,,,,,,,,,,,,,,,,,,,,,,,,,,,,,,,,,,,,,,,,,,,
890,PE,LT,#5,#7,WAX_1,1.5578559704413046,2.7898180089186044,83.00764356257513,-0.3783287833918291,0.8814148053827738,-29.74797822911636,0.6416236270254929,,,,,,,,,,,,,,,,,,,,,,,,,,,,,,,,,,,,,,,,,,,,,,,,,,,,,,,,,,,,,,,,,,,,,,,,,,,,,,,,,,,,,,,,,,,,,,,,,,,,,,,,,,,,,,,,,,,,,,,,,,,,,,,,,,,,,,,,,,,,,,,,,,,,,,,,,,,,,,,,,,,,,,,,,,,,,,,,,,,,,,,,,,,,,,,,,,,,,,,,,,,,,,,,,,,,,,
891,PE,LT,#5,#8,WAX_1,1.6009577237194426,2.8922715932308996,84.2191438686071,-0.4295966918955988,0.7698003034483627,-30.85226106643214,0.6336668879635525,,,,,,,,,,,,,,,,,,,,,,,,,,,,,,,,,,,,,,,,,,,,,,,,,,,,,,,,,,,,,,,,,,,,,,,,,,,,,,,,,,,,,,,,,,,,,,,,,,,,,,,,,,,,,,,,,,,,,,,,,,,,,,,,,,,,,,,,,,,,,,,,,,,,,,,,,,,,,,,,,,,,,,,,,,,,,,,,,,,,,,,,,,,,,,,,,,,,,,,,,,,,,,,,,,,,,,
892,PE,LT,#5,#9,WAX_1,1.5523091021399438,2.730019453338663,82.82006863119595,-0.36857492443640255,0.9462321787586507,-29.653846151854562,0.6419485440913435,,,,,,,,,,,,,,,,,,,,,,,,,,,,,,,,,,,,,,,,,,,,,,,,,,,,,,,,,,,,,,,,,,,,,,,,,,,,,,,,,,,,,,,,,,,,,,,,,,,,,,,,,,,,,,,,,,,,,,,,,,,,,,,,,,,,,,,,,,,,,,,,,,,,,,,,,,,,,,,,,,,,,,,,,,,,,,,,,,,,,,,,,,,,,,,,,,,,,,,,,,,,,,,,,,,,,,
893,PE,LT,#5,#10,WAX_1,1.6196940949443797,2.884376166030373,84.3689186985751,-0.45535786619076757,0.7630594825076634,-31.43237617276093,0.6274412821970683,,,,,,,,,,,,,,,,,,,,,,,,,,,,,,,,,,,,,,,,,,,,,,,,,,,,,,,,,,,,,,,,,,,,,,,,,,,,,,,,,,,,,,,,,,,,,,,,,,,,,,,,,,,,,,,,,,,,,,,,,,,,,,,,,,,,,,,,,,,,,,,,,,,,,,,,,,,,,,,,,,,,,,,,,,,,,,,,,,,,,,,,,,,,,,,,,,,,,,,,,,,,,,,,,,,,,,
894,PE,LT,#5,#11,WAX_1,1.6288838217302826,2.9432430021608535,84.73007050860713,-0.4615094822985005,0.7168871307003233,-31.929307379156313,0.623164395031244,,,,,,,,,,,,,,,,,,,,,,,,,,,,,,,,,,,,,,,,,,,,,,,,,,,,,,,,,,,,,,,,,,,,,,,,,,,,,,,,,,,,,,,,,,,,,,,,,,,,,,,,,,,,,,,,,,,,,,,,,,,,,,,,,,,,,,,,,,,,,,,,,,,,,,,,,,,,,,,,,,,,,,,,,,,,,,,,,,,,,,,,,,,,,,,,,,,,,,,,,,,,,,,,,,,,,,
895,PE,LT,#6,#1,WAX_1,1.6889033483489453,3.974185561262939,96.26009215525167,-0.6942691042685529,-0.5833481991561773,-45.25084698676381,0.5299106205530985,,,,,,,,,,,,,,,,,,,,,,,,,,,,,,,,,,,,,,,,,,,,,,,,,,,,,,,,,,,,,,,,,,,,,,,,,,,,,,,,,,,,,,,,,,,,,,,,,,,,,,,,,,,,,,,,,,,,,,,,,,,,,,,,,,,,,,,,,,,,,,,,,,,,,,,,,,,,,,,,,,,,,,,,,,,,,,,,,,,,,,,,,,,,,,,,,,,,,,,,,,,,,,,,,,,,,,
896,PE,LT,#6,#2,WAX_1,1.7697277654956978,4.107227201235991,98.54884783525168,-0.7705829753536138,-0.7066381337987855,-47.229657737058304,0.5207487578544383,,,,,,,,,,,,,,,,,,,,,,,,,,,,,,,,,,,,,,,,,,,,,,,,,,,,,,,,,,,,,,,,,,,,,,,,,,,,,,,,,,,,,,,,,,,,,,,,,,,,,,,,,,,,,,,,,,,,,,,,,,,,,,,,,,,,,,,,,,,,,,,,,,,,,,,,,,,,,,,,,,,,,,,,,,,,,,,,,,,,,,,,,,,,,,,,,,,,,,,,,,,,,,,,,,,,,,
897,PE,LT,#6,#3,WAX_1,1.6760867499083332,3.8326206467509083,95.50923779001175,-0.6749386843403219,-0.43683852242453547,-44.385983670198165,0.53527025555595,,,,,,,,,,,,,,,,,,,,,,,,,,,,,,,,,,,,,,,,,,,,,,,,,,,,,,,,,,,,,,,,,,,,,,,,,,,,,,,,,,,,,,,,,,,,,,,,,,,,,,,,,,,,,,,,,,,,,,,,,,,,,,,,,,,,,,,,,,,,,,,,,,,,,,,,,,,,,,,,,,,,,,,,,,,,,,,,,,,,,,,,,,,,,,,,,,,,,,,,,,,,,,,,,,,,,,
898,PE,LT,#6,#4,WAX_1,1.6820744782787653,3.874002163941135,95.61479002725166,-0.7065900449592848,-0.5139247318347469,-44.803328759927766,0.5314184265095584,,,,,,,,,,,,,,,,,,,,,,,,,,,,,,,,,,,,,,,,,,,,,,,,,,,,,,,,,,,,,,,,,,,,,,,,,,,,,,,,,,,,,,,,,,,,,,,,,,,,,,,,,,,,,,,,,,,,,,,,,,,,,,,,,,,,,,,,,,,,,,,,,,,,,,,,,,,,,,,,,,,,,,,,,,,,,,,,,,,,,,,,,,,,,,,,,,,,,,,,,,,,,,,,,,,,,,
899,PE,LT,#6,#5,WAX_1,1.770537667672586,4.108049946283036,98.83667727525167,-0.7593456745549362,-0.6919185144054165,-47.15271341088824,0.5229229198026156,,,,,,,,,,,,,,,,,,,,,,,,,,,,,,,,,,,,,,,,,,,,,,,,,,,,,,,,,,,,,,,,,,,,,,,,,,,,,,,,,,,,,,,,,,,,,,,,,,,,,,,,,,,,,,,,,,,,,,,,,,,,,,,,,,,,,,,,,,,,,,,,,,,,,,,,,,,,,,,,,,,,,,,,,,,,,,,,,,,,,,,,,,,,,,,,,,,,,,,,,,,,,,,,,,,,,,
900,PE,LT,#6,#6,WAX_1,1.6278272074125668,3.6343989542660133,92.72965813127193,-0.6547230057681332,-0.25804586280448316,-41.83774693407879,0.5488202180703444,,,,,,,,,,,,,,,,,,,,,,,,,,,,,,,,,,,,,,,,,,,,,,,,,,,,,,,,,,,,,,,,,,,,,,,,,,,,,,,,,,,,,,,,,,,,,,,,,,,,,,,,,,,,,,,,,,,,,,,,,,,,,,,,,,,,,,,,,,,,,,,,,,,,,,,,,,,,,,,,,,,,,,,,,,,,,,,,,,,,,,,,,,,,,,,,,,,,,,,,,,,,,,,,,,,,,,
901,PE,LT,#6,#7,WAX_1,1.6713986144710877,3.862044330811607,95.42401043779289,-0.6748516854904585,-0.4720831277091092,-44.21314132459045,0.5366664938756364,,,,,,,,,,,,,,,,,,,,,,,,,,,,,,,,,,,,,,,,,,,,,,,,,,,,,,,,,,,,,,,,,,,,,,,,,,,,,,,,,,,,,,,,,,,,,,,,,,,,,,,,,,,,,,,,,,,,,,,,,,,,,,,,,,,,,,,,,,,,,,,,,,,,,,,,,,,,,,,,,,,,,,,,,,,,,,,,,,,,,,,,,,,,,,,,,,,,,,,,,,,,,,,,,,,,,,
902,PE,LT,#6,#8,WAX_1,1.7145003677492259,3.964497915123903,96.6355107438249,-0.7261195939942282,-0.583697629643521,-45.317424161906246,0.5310479158946022,,,,,,,,,,,,,,,,,,,,,,,,,,,,,,,,,,,,,,,,,,,,,,,,,,,,,,,,,,,,,,,,,,,,,,,,,,,,,,,,,,,,,,,,,,,,,,,,,,,,,,,,,,,,,,,,,,,,,,,,,,,,,,,,,,,,,,,,,,,,,,,,,,,,,,,,,,,,,,,,,,,,,,,,,,,,,,,,,,,,,,,,,,,,,,,,,,,,,,,,,,,,,,,,,,,,,,
903,PE,LT,#6,#9,WAX_1,1.665851746169727,3.802245775231665,95.23643550641371,-0.6650978265350321,-0.40726575433323176,-44.119009247328655,0.5367423296270107,,,,,,,,,,,,,,,,,,,,,,,,,,,,,,,,,,,,,,,,,,,,,,,,,,,,,,,,,,,,,,,,,,,,,,,,,,,,,,,,,,,,,,,,,,,,,,,,,,,,,,,,,,,,,,,,,,,,,,,,,,,,,,,,,,,,,,,,,,,,,,,,,,,,,,,,,,,,,,,,,,,,,,,,,,,,,,,,,,,,,,,,,,,,,,,,,,,,,,,,,,,,,,,,,,,,,,
904,PE,LT,#6,#10,WAX_1,1.733236738974163,3.956602487923375,96.78528557379288,-0.7518807682893971,-0.5904384505842194,-45.89753926823503,0.525779781542919,,,,,,,,,,,,,,,,,,,,,,,,,,,,,,,,,,,,,,,,,,,,,,,,,,,,,,,,,,,,,,,,,,,,,,,,,,,,,,,,,,,,,,,,,,,,,,,,,,,,,,,,,,,,,,,,,,,,,,,,,,,,,,,,,,,,,,,,,,,,,,,,,,,,,,,,,,,,,,,,,,,,,,,,,,,,,,,,,,,,,,,,,,,,,,,,,,,,,,,,,,,,,,,,,,,,,,
905,PE,LT,#6,#11,WAX_1,1.7424264657600657,4.015469324053856,97.14643738382489,-0.7580323843971297,-0.6366108023915592,-46.394470474630396,0.5224274638983809,,,,,,,,,,,,,,,,,,,,,,,,,,,,,,,,,,,,,,,,,,,,,,,,,,,,,,,,,,,,,,,,,,,,,,,,,,,,,,,,,,,,,,,,,,,,,,,,,,,,,,,,,,,,,,,,,,,,,,,,,,,,,,,,,,,,,,,,,,,,,,,,,,,,,,,,,,,,,,,,,,,,,,,,,,,,,,,,,,,,,,,,,,,,,,,,,,,,,,,,,,,,,,,,,,,,,,
906,PE,LT,#7,#1,WAX_1,1.7506380376455202,4.439165718365324,98.8163094212837,-0.7172194316002829,-0.9065622511547938,-48.37730906306624,0.5104319383471487,,,,,,,,,,,,,,,,,,,,,,,,,,,,,,,,,,,,,,,,,,,,,,,,,,,,,,,,,,,,,,,,,,,,,,,,,,,,,,,,,,,,,,,,,,,,,,,,,,,,,,,,,,,,,,,,,,,,,,,,,,,,,,,,,,,,,,,,,,,,,,,,,,,,,,,,,,,,,,,,,,,,,,,,,,,,,,,,,,,,,,,,,,,,,,,,,,,,,,,,,,,,,,,,,,,,,,
907,PE,LT,#7,#2,WAX_1,1.8314624547922727,4.5722073583383755,101.10506510128369,-0.7935333026853436,-1.029852185797402,-50.35611981336072,0.5019426597182284,,,,,,,,,,,,,,,,,,,,,,,,,,,,,,,,,,,,,,,,,,,,,,,,,,,,,,,,,,,,,,,,,,,,,,,,,,,,,,,,,,,,,,,,,,,,,,,,,,,,,,,,,,,,,,,,,,,,,,,,,,,,,,,,,,,,,,,,,,,,,,,,,,,,,,,,,,,,,,,,,,,,,,,,,,,,,,,,,,,,,,,,,,,,,,,,,,,,,,,,,,,,,,,,,,,,,,
908,PE,LT,#7,#3,WAX_1,1.737821439204908,4.2976008038532925,98.06545505604375,-0.6978890116720515,-0.7600525744231513,-47.512445746500546,0.5155027249978342,,,,,,,,,,,,,,,,,,,,,,,,,,,,,,,,,,,,,,,,,,,,,,,,,,,,,,,,,,,,,,,,,,,,,,,,,,,,,,,,,,,,,,,,,,,,,,,,,,,,,,,,,,,,,,,,,,,,,,,,,,,,,,,,,,,,,,,,,,,,,,,,,,,,,,,,,,,,,,,,,,,,,,,,,,,,,,,,,,,,,,,,,,,,,,,,,,,,,,,,,,,,,,,,,,,,,,
909,PE,LT,#7,#4,WAX_1,1.74380916757534,4.338982321043519,98.17100729328367,-0.7295403722910145,-0.8371387838333634,-47.929790836230175,0.5117724452694979,,,,,,,,,,,,,,,,,,,,,,,,,,,,,,,,,,,,,,,,,,,,,,,,,,,,,,,,,,,,,,,,,,,,,,,,,,,,,,,,,,,,,,,,,,,,,,,,,,,,,,,,,,,,,,,,,,,,,,,,,,,,,,,,,,,,,,,,,,,,,,,,,,,,,,,,,,,,,,,,,,,,,,,,,,,,,,,,,,,,,,,,,,,,,,,,,,,,,,,,,,,,,,,,,,,,,,
910,PE,LT,#7,#5,WAX_1,1.8322723569691604,4.57303010338542,101.39289454128367,-0.7822960018866654,-1.0151325664040325,-50.27917548719063,0.5041153947260211,,,,,,,,,,,,,,,,,,,,,,,,,,,,,,,,,,,,,,,,,,,,,,,,,,,,,,,,,,,,,,,,,,,,,,,,,,,,,,,,,,,,,,,,,,,,,,,,,,,,,,,,,,,,,,,,,,,,,,,,,,,,,,,,,,,,,,,,,,,,,,,,,,,,,,,,,,,,,,,,,,,,,,,,,,,,,,,,,,,,,,,,,,,,,,,,,,,,,,,,,,,,,,,,,,,,,,
911,PE,LT,#7,#6,WAX_1,1.6895618967091417,4.099379111368397,95.28587539730394,-0.6776733330998628,-0.5812599148030994,-44.964209010381175,0.5281125473959447,,,,,,,,,,,,,,,,,,,,,,,,,,,,,,,,,,,,,,,,,,,,,,,,,,,,,,,,,,,,,,,,,,,,,,,,,,,,,,,,,,,,,,,,,,,,,,,,,,,,,,,,,,,,,,,,,,,,,,,,,,,,,,,,,,,,,,,,,,,,,,,,,,,,,,,,,,,,,,,,,,,,,,,,,,,,,,,,,,,,,,,,,,,,,,,,,,,,,,,,,,,,,,,,,,,,,,
912,PE,LT,#7,#7,WAX_1,1.7331333037676628,4.3270244879139925,97.9802277038249,-0.6978020128221885,-0.795297179707726,-47.339603400892855,0.5168453420623675,,,,,,,,,,,,,,,,,,,,,,,,,,,,,,,,,,,,,,,,,,,,,,,,,,,,,,,,,,,,,,,,,,,,,,,,,,,,,,,,,,,,,,,,,,,,,,,,,,,,,,,,,,,,,,,,,,,,,,,,,,,,,,,,,,,,,,,,,,,,,,,,,,,,,,,,,,,,,,,,,,,,,,,,,,,,,,,,,,,,,,,,,,,,,,,,,,,,,,,,,,,,,,,,,,,,,,
913,PE,LT,#7,#8,WAX_1,1.7762350570458,4.429478072226288,99.19172800985692,-0.7490699213259576,-0.9069116816421374,-48.443886238208655,0.5116136475271942,,,,,,,,,,,,,,,,,,,,,,,,,,,,,,,,,,,,,,,,,,,,,,,,,,,,,,,,,,,,,,,,,,,,,,,,,,,,,,,,,,,,,,,,,,,,,,,,,,,,,,,,,,,,,,,,,,,,,,,,,,,,,,,,,,,,,,,,,,,,,,,,,,,,,,,,,,,,,,,,,,,,,,,,,,,,,,,,,,,,,,,,,,,,,,,,,,,,,,,,,,,,,,,,,,,,,,
914,PE,LT,#7,#9,WAX_1,1.7275864354663002,4.267225932334051,97.79265277244572,-0.6880481538667601,-0.7304798063318488,-47.24547132363106,0.5168811768143071,,,,,,,,,,,,,,,,,,,,,,,,,,,,,,,,,,,,,,,,,,,,,,,,,,,,,,,,,,,,,,,,,,,,,,,,,,,,,,,,,,,,,,,,,,,,,,,,,,,,,,,,,,,,,,,,,,,,,,,,,,,,,,,,,,,,,,,,,,,,,,,,,,,,,,,,,,,,,,,,,,,,,,,,,,,,,,,,,,,,,,,,,,,,,,,,,,,,,,,,,,,,,,,,,,,,,,
915,PE,LT,#7,#10,WAX_1,1.7949714282707376,4.421582645025761,99.34150283982488,-0.7748310956211266,-0.913652502582837,-49.02400134453743,0.506510371364301,,,,,,,,,,,,,,,,,,,,,,,,,,,,,,,,,,,,,,,,,,,,,,,,,,,,,,,,,,,,,,,,,,,,,,,,,,,,,,,,,,,,,,,,,,,,,,,,,,,,,,,,,,,,,,,,,,,,,,,,,,,,,,,,,,,,,,,,,,,,,,,,,,,,,,,,,,,,,,,,,,,,,,,,,,,,,,,,,,,,,,,,,,,,,,,,,,,,,,,,,,,,,,,,,,,,,,
916,PE,LT,#7,#11,WAX_1,1.8041611550566408,4.480449481156242,99.7026546498569,-0.7809827117288596,-0.9598248543901774,-49.5209325509328,0.5033138011736593,,,,,,,,,,,,,,,,,,,,,,,,,,,,,,,,,,,,,,,,,,,,,,,,,,,,,,,,,,,,,,,,,,,,,,,,,,,,,,,,,,,,,,,,,,,,,,,,,,,,,,,,,,,,,,,,,,,,,,,,,,,,,,,,,,,,,,,,,,,,,,,,,,,,,,,,,,,,,,,,,,,,,,,,,,,,,,,,,,,,,,,,,,,,,,,,,,,,,,,,,,,,,,,,,,,,,,
917,PE,HT,#1,-,MeOH_1,1.2058210317408318,3.6085869703389255,81.4055216573885,-0.08881692416287094,-0.42961539835546436,-33.233607604108016,0.5917524152234006,,,,,,,,,,,,,,,,,,,,,,,,,,,,,,,,,,,,,,,,,,,,,,,,,,,,,,,,,,,,,,,,,,,,,,,,,,,,,,,,,,,,,,,,,,,,,,,,,,,,,,,,,,,,,,,,,,,,,,,,,,,,,,,,,,,,,,,,,,,,,,,,,,,,,,,,,,,,,,,,,,,,,,,,,,,,,,,,,,,,,,,,,,,,,,,,,,,,,,,,,,,,,,,,,,,,,,
918,PE,HT,#2,-,FT_1,1.3148898043561605,4.5758105817774775,85.55345879830051,-0.07058706001216691,-0.9797860289770439,-37.03719877663382,0.567087067000387,,,,,,,,,,,,,,,,,,,,,,,,,,,,,,,,,,,,,,,,,,,,,,,,,,,,,,,,,,,,,,,,,,,,,,,,,,,,,,,,,,,,,,,,,,,,,,,,,,,,,,,,,,,,,,,,,,,,,,,,,,,,,,,,,,,,,,,,,,,,,,,,,,,,,,,,,,,,,,,,,,,,,,,,,,,,,,,,,,,,,,,,,,,,,,,,,,,,,,,,,,,,,,,,,,,,,,
919,PE,HT,#3,-,H2_1,1.2451985719224707,3.9018327944148314,78.8975393883591,0.3018323431239564,-0.032480891640618445,-25.30637419040666,0.6792501466257327,,,,,,,,,,,,,,,,,,,,,,,,,,,,,,,,,,,,,,,,,,,,,,,,,,,,,,,,,,,,,,,,,,,,,,,,,,,,,,,,,,,,,,,,,,,,,,,,,,,,,,,,,,,,,,,,,,,,,,,,,,,,,,,,,,,,,,,,,,,,,,,,,,,,,,,,,,,,,,,,,,,,,,,,,,,,,,,,,,,,,,,,,,,,,,,,,,,,,,,,,,,,,,,,,,,,,,
920,PE,HT,#4,-,MeOH_1,1.5951718239618948,7.216867905099418,123.3383535322685,-0.5825232140949471,-4.19849803043564,-77.7131433762879,0.3699190790968671,,,,,,,,,,,,,,,,,,,,,,,,,,,,,,,,,,,,,,,,,,,,,,,,,,,,,,,,,,,,,,,,,,,,,,,,,,,,,,,,,,,,,,,,,,,,,,,,,,,,,,,,,,,,,,,,,,,,,,,,,,,,,,,,,,,,,,,,,,,,,,,,,,,,,,,,,,,,,,,,,,,,,,,,,,,,,,,,,,,,,,,,,,,,,,,,,,,,,,,,,,,,,,,,,,,,,,
921,PE,HT,#5,-,FT_1,1.7078171117445593,8.521902970609705,127.4380251983005,-0.4713608223019618,-4.928858738335715,-79.79233883236397,0.37387338898101447,,,,,,,,,,,,,,,,,,,,,,,,,,,,,,,,,,,,,,,,,,,,,,,,,,,,,,,,,,,,,,,,,,,,,,,,,,,,,,,,,,,,,,,,,,,,,,,,,,,,,,,,,,,,,,,,,,,,,,,,,,,,,,,,,,,,,,,,,,,,,,,,,,,,,,,,,,,,,,,,,,,,,,,,,,,,,,,,,,,,,,,,,,,,,,,,,,,,,,,,,,,,,,,,,,,,,,
922,PE,HT,#6,-,Olefin,1.0008642573398294,1.7153921132279382,62.82225975689376,-0.28858349839702585,1.7856664237347286,-16.698685046527572,0.7341915889185258,,,,,,,,,,,,,,,,,,,,,,,,,,,,,,,,,,,,,,,,,,,,,,,,,,,,,,,,,,,,,,,,,,,,,,,,,,,,,,,,,,,,,,,,,,,,,,,,,,,,,,,,,,,,,,,,,,,,,,,,,,,,,,,,,,,,,,,,,,,,,,,,,,,,,,,,,,,,,,,,,,,,,,,,,,,,,,,,,,,,,,,,,,,,,,,,,,,,,,,,,,,,,,,,,,,,,,
923,PE,HT,#7,-,MeOH_1,1.1959762443943163,3.505065688140515,80.67368137219589,-0.09480228595805912,-0.35224086898035256,-32.28826698385481,0.5997670313954095,,,,,,,,,,,,,,,,,,,,,,,,,,,,,,,,,,,,,,,,,,,,,,,,,,,,,,,,,,,,,,,,,,,,,,,,,,,,,,,,,,,,,,,,,,,,,,,,,,,,,,,,,,,,,,,,,,,,,,,,,,,,,,,,,,,,,,,,,,,,,,,,,,,,,,,,,,,,,,,,,,,,,,,,,,,,,,,,,,,,,,,,,,,,,,,,,,,,,,,,,,,,,,,,,,,,,,
924,PE,HT,#8,-,FT_1,1.3459359462688774,4.530849252260102,89.27846503822788,-0.13487805958573618,-0.9402233433800533,-43.271271008838156,0.515322412965882,,,,,,,,,,,,,,,,,,,,,,,,,,,,,,,,,,,,,,,,,,,,,,,,,,,,,,,,,,,,,,,,,,,,,,,,,,,,,,,,,,,,,,,,,,,,,,,,,,,,,,,,,,,,,,,,,,,,,,,,,,,,,,,,,,,,,,,,,,,,,,,,,,,,,,,,,,,,,,,,,,,,,,,,,,,,,,,,,,,,,,,,,,,,,,,,,,,,,,,,,,,,,,,,,,,,,,
925,PE,HT,#9,-,H2_1,1.236940574903043,3.886824038120446,78.11432545406493,0.28567849686094987,-0.047047457085990015,-24.98854401667118,0.6801029277099029,,,,,,,,,,,,,,,,,,,,,,,,,,,,,,,,,,,,,,,,,,,,,,,,,,,,,,,,,,,,,,,,,,,,,,,,,,,,,,,,,,,,,,,,,,,,,,,,,,,,,,,,,,,,,,,,,,,,,,,,,,,,,,,,,,,,,,,,,,,,,,,,,,,,,,,,,,,,,,,,,,,,,,,,,,,,,,,,,,,,,,,,,,,,,,,,,,,,,,,,,,,,,,,,,,,,,,
926,PE,HT,#10,-,MeOH_1,1.5860027512488177,7.14028559739639,122.4743341721959,-0.5653970272846511,-4.116945896695658,-75.43891400937042,0.38404307711275104,,,,,,,,,,,,,,,,,,,,,,,,,,,,,,,,,,,,,,,,,,,,,,,,,,,,,,,,,,,,,,,,,,,,,,,,,,,,,,,,,,,,,,,,,,,,,,,,,,,,,,,,,,,,,,,,,,,,,,,,,,,,,,,,,,,,,,,,,,,,,,,,,,,,,,,,,,,,,,,,,,,,,,,,,,,,,,,,,,,,,,,,,,,,,,,,,,,,,,,,,,,,,,,,,,,,,,
927,PE,HT,#11,-,FT_1,1.7715197550983919,8.692440761780777,131.66704423822787,-0.5656170328307001,-5.105448049726353,-86.07084919090622,0.3462992224905081,,,,,,,,,,,,,,,,,,,,,,,,,,,,,,,,,,,,,,,,,,,,,,,,,,,,,,,,,,,,,,,,,,,,,,,,,,,,,,,,,,,,,,,,,,,,,,,,,,,,,,,,,,,,,,,,,,,,,,,,,,,,,,,,,,,,,,,,,,,,,,,,,,,,,,,,,,,,,,,,,,,,,,,,,,,,,,,,,,,,,,,,,,,,,,,,,,,,,,,,,,,,,,,,,,,,,,
928,PE,LT,#1,-,WAX_1,1.057219005546914,2.6533250748343336,71.79682773472,-0.24636751211904082,0.5264884615434098,-26.764254780200478,0.6272223213107556,,,,,,,,,,,,,,,,,,,,,,,,,,,,,,,,,,,,,,,,,,,,,,,,,,,,,,,,,,,,,,,,,,,,,,,,,,,,,,,,,,,,,,,,,,,,,,,,,,,,,,,,,,,,,,,,,,,,,,,,,,,,,,,,,,,,,,,,,,,,,,,,,,,,,,,,,,,,,,,,,,,,,,,,,,,,,,,,,,,,,,,,,,,,,,,,,,,,,,,,,,,,,,,,,,,,,,
929,PE,LT,#2,-,WAX_1,1.1155323882896515,2.8763780557411702,73.075075755632,-0.32240816561133867,0.34351868992222073,-28.660238877631425,0.6077973429206806,,,,,,,,,,,,,,,,,,,,,,,,,,,,,,,,,,,,,,,,,,,,,,,,,,,,,,,,,,,,,,,,,,,,,,,,,,,,,,,,,,,,,,,,,,,,,,,,,,,,,,,,,,,,,,,,,,,,,,,,,,,,,,,,,,,,,,,,,,,,,,,,,,,,,,,,,,,,,,,,,,,,,,,,,,,,,,,,,,,,,,,,,,,,,,,,,,,,,,,,,,,,,,,,,,,,,,
930,PE,LT,#3,-,WAX_1,1.0645496840555067,2.4035375839967816,70.76069178541684,-0.1128883658618851,0.9785481835509807,-23.714383885609955,0.6648650078559961,,,,,,,,,,,,,,,,,,,,,,,,,,,,,,,,,,,,,,,,,,,,,,,,,,,,,,,,,,,,,,,,,,,,,,,,,,,,,,,,,,,,,,,,,,,,,,,,,,,,,,,,,,,,,,,,,,,,,,,,,,,,,,,,,,,,,,,,,,,,,,,,,,,,,,,,,,,,,,,,,,,,,,,,,,,,,,,,,,,,,,,,,,,,,,,,,,,,,,,,,,,,,,,,,,,,,,
931,PE,LT,#4,-,WAX_1,1.2041930229560378,3.653036653681522,84.8095500096,-0.4731728420859873,-0.6041910287444207,-40.47882413238677,0.5227091273588319,,,,,,,,,,,,,,,,,,,,,,,,,,,,,,,,,,,,,,,,,,,,,,,,,,,,,,,,,,,,,,,,,,,,,,,,,,,,,,,,,,,,,,,,,,,,,,,,,,,,,,,,,,,,,,,,,,,,,,,,,,,,,,,,,,,,,,,,,,,,,,,,,,,,,,,,,,,,,,,,,,,,,,,,,,,,,,,,,,,,,,,,,,,,,,,,,,,,,,,,,,,,,,,,,,,,,,
932,PE,LT,#5,-,WAX_1,1.2562735270371927,4.067653032111273,85.934437195632,-0.4696053036750162,-0.85525782318145,-41.375402842348386,0.51852360715232,,,,,,,,,,,,,,,,,,,,,,,,,,,,,,,,,,,,,,,,,,,,,,,,,,,,,,,,,,,,,,,,,,,,,,,,,,,,,,,,,,,,,,,,,,,,,,,,,,,,,,,,,,,,,,,,,,,,,,,,,,,,,,,,,,,,,,,,,,,,,,,,,,,,,,,,,,,,,,,,,,,,,,,,,,,,,,,,,,,,,,,,,,,,,,,,,,,,,,,,,,,,,,,,,,,,,,
933,PE,LT,#6,-,WAX_1,0.9301506786957654,1.929445444601693,65.05592111454126,-0.28783093135794147,1.2707855064659337,-20.553481685058035,0.6840643967077128,,,,,,,,,,,,,,,,,,,,,,,,,,,,,,,,,,,,,,,,,,,,,,,,,,,,,,,,,,,,,,,,,,,,,,,,,,,,,,,,,,,,,,,,,,,,,,,,,,,,,,,,,,,,,,,,,,,,,,,,,,,,,,,,,,,,,,,,,,,,,,,,,,,,,,,,,,,,,,,,,,,,,,,,,,,,,,,,,,,,,,,,,,,,,,,,,,,,,,,,,,,,,,,,,,,,,,
934,PE,LT,#7,-,WAX_1,1.0827515991339425,2.8547981404318468,74.32052063080768,-0.2536461694474338,0.3506332261134705,-29.072051944250493,0.6088287367002188,,,,,,,,,,,,,,,,,,,,,,,,,,,,,,,,,,,,,,,,,,,,,,,,,,,,,,,,,,,,,,,,,,,,,,,,,,,,,,,,,,,,,,,,,,,,,,,,,,,,,,,,,,,,,,,,,,,,,,,,,,,,,,,,,,,,,,,,,,,,,,,,,,,,,,,,,,,,,,,,,,,,,,,,,,,,,,,,,,,,,,,,,,,,,,,,,,,,,,,,,,,,,,,,,,,,,,
935,PE,LT,#8,-,WAX_1,1.1782024332642071,3.174713888739567,77.99640271080767,-0.38549288813728233,0.05532322111928761,-34.39738747988469,0.5589875137264713,,,,,,,,,,,,,,,,,,,,,,,,,,,,,,,,,,,,,,,,,,,,,,,,,,,,,,,,,,,,,,,,,,,,,,,,,,,,,,,,,,,,,,,,,,,,,,,,,,,,,,,,,,,,,,,,,,,,,,,,,,,,,,,,,,,,,,,,,,,,,,,,,,,,,,,,,,,,,,,,,,,,,,,,,,,,,,,,,,,,,,,,,,,,,,,,,,,,,,,,,,,,,,,,,,,,,,
936,PE,LT,#9,-,WAX_1,1.0837980824169366,2.567033575346856,72.94889256938231,-0.13199383063766207,0.8150521922009065,-26.049601345534462,0.6429061439039877,,,,,,,,,,,,,,,,,,,,,,,,,,,,,,,,,,,,,,,,,,,,,,,,,,,,,,,,,,,,,,,,,,,,,,,,,,,,,,,,,,,,,,,,,,,,,,,,,,,,,,,,,,,,,,,,,,,,,,,,,,,,,,,,,,,,,,,,,,,,,,,,,,,,,,,,,,,,,,,,,,,,,,,,,,,,,,,,,,,,,,,,,,,,,,,,,,,,,,,,,,,,,,,,,,,,,,
937,PE,LT,#10,-,WAX_1,1.2289379898084294,3.842015726378375,87.39043167080767,-0.48373866326581494,-0.7750982784862461,-42.88064810537752,0.5093210173522741,,,,,,,,,,,,,,,,,,,,,,,,,,,,,,,,,,,,,,,,,,,,,,,,,,,,,,,,,,,,,,,,,,,,,,,,,,,,,,,,,,,,,,,,,,,,,,,,,,,,,,,,,,,,,,,,,,,,,,,,,,,,,,,,,,,,,,,,,,,,,,,,,,,,,,,,,,,,,,,,,,,,,,,,,,,,,,,,,,,,,,,,,,,,,,,,,,,,,,,,,,,,,,,,,,,,,,
938,PE,LT,#11,-,WAX_1,1.2858050746721732,4.297415734218159,89.58468159080769,-0.4977262411925691,-1.0752494587536456,-45.54340978068885,0.49161610029808855,,,,,,,,,,,,,,,,,,,,,,,,,,,,,,,,,,,,,,,,,,,,,,,,,,,,,,,,,,,,,,,,,,,,,,,,,,,,,,,,,,,,,,,,,,,,,,,,,,,,,,,,,,,,,,,,,,,,,,,,,,,,,,,,,,,,,,,,,,,,,,,,,,,,,,,,,,,,,,,,,,,,,,,,,,,,,,,,,,,,,,,,,,,,,,,,,,,,,,,,,,,,,,,,,,,,,,
939,PE,SG,#1,-,MeOH_1,1.0024645395185114,4.041559744044348,85.37226838506902,0.03820215488552122,-0.9833132511627171,-39.415495144902614,0.5383103214837841,,,,,,,,,,,,,,,,,,,,,,,,,,,,,,,,,,,,,,,,,,,,,,,,,,,,,,,,,,,,,,,,,,,,,,,,,,,,,,,,,,,,,,,,,,,,,,,,,,,,,,,,,,,,,,,,,,,,,,,,,,,,,,,,,,,,,,,,,,,,,,,,,,,,,,,,,,,,,,,,,,,,,,,,,,,,,,,,,,,,,,,,,,,,,,,,,,,,,,,,,,,,,,,,,,,,,,
940,PE,SG,#2,-,FT_1,1.234309294366866,5.677962293925761,93.21430645110102,-0.020959791963281165,-1.912107390002236,-49.816111265798085,0.46557440416154416,,,,,,,,,,,,,,,,,,,,,,,,,,,,,,,,,,,,,,,,,,,,,,,,,,,,,,,,,,,,,,,,,,,,,,,,,,,,,,,,,,,,,,,,,,,,,,,,,,,,,,,,,,,,,,,,,,,,,,,,,,,,,,,,,,,,,,,,,,,,,,,,,,,,,,,,,,,,,,,,,,,,,,,,,,,,,,,,,,,,,,,,,,,,,,,,,,,,,,,,,,,,,,,,,,,,,,
941,PE,SG,#3,-,H2_1,0.9189171300787291,5.1567611694152165,77.33209524398757,0.7612487962321643,-1.0245524337144836,-20.2153489612401,0.738590440392706,,,,,,,,,,,,,,,,,,,,,,,,,,,,,,,,,,,,,,,,,,,,,,,,,,,,,,,,,,,,,,,,,,,,,,,,,,,,,,,,,,,,,,,,,,,,,,,,,,,,,,,,,,,,,,,,,,,,,,,,,,,,,,,,,,,,,,,,,,,,,,,,,,,,,,,,,,,,,,,,,,,,,,,,,,,,,,,,,,,,,,,,,,,,,,,,,,,,,,,,,,,,,,,,,,,,,,
942,PE,SG,#4,-,MeOH_1,1.4284522497323746,9.289262571719169,141.38444278506904,-0.3982209315145385,-6.254408024156043,-94.56642985724342,0.33113977751426155,,,,,,,,,,,,,,,,,,,,,,,,,,,,,,,,,,,,,,,,,,,,,,,,,,,,,,,,,,,,,,,,,,,,,,,,,,,,,,,,,,,,,,,,,,,,,,,,,,,,,,,,,,,,,,,,,,,,,,,,,,,,,,,,,,,,,,,,,,,,,,,,,,,,,,,,,,,,,,,,,,,,,,,,,,,,,,,,,,,,,,,,,,,,,,,,,,,,,,,,,,,,,,,,,,,,,,
943,PE,SG,#5,-,FT_1,1.6418763218988999,10.906449874190505,148.67836085110105,-0.4311005029734752,-7.143248406693721,-105.42186198940077,0.2909401113523235,,,,,,,,,,,,,,,,,,,,,,,,,,,,,,,,,,,,,,,,,,,,,,,,,,,,,,,,,,,,,,,,,,,,,,,,,,,,,,,,,,,,,,,,,,,,,,,,,,,,,,,,,,,,,,,,,,,,,,,,,,,,,,,,,,,,,,,,,,,,,,,,,,,,,,,,,,,,,,,,,,,,,,,,,,,,,,,,,,,,,,,,,,,,,,,,,,,,,,,,,,,,,,,,,,,,,,
944,PE,SG,#6,-,MeOH_1,1.0271402876455078,4.017470396803597,88.99923978878815,0.09557461653420332,-0.8601753499644902,-41.70676480770435,0.5313806622766407,,,,,,,,,,,,,,,,,,,,,,,,,,,,,,,,,,,,,,,,,,,,,,,,,,,,,,,,,,,,,,,,,,,,,,,,,,,,,,,,,,,,,,,,,,,,,,,,,,,,,,,,,,,,,,,,,,,,,,,,,,,,,,,,,,,,,,,,,,,,,,,,,,,,,,,,,,,,,,,,,,,,,,,,,,,,,,,,,,,,,,,,,,,,,,,,,,,,,,,,,,,,,,,,,,,,,,
945,PE,SG,#7,-,FT_1,1.2614770146104943,6.044972656811135,99.64161065482017,0.03313677026693966,-2.201851396932778,-55.796290260168725,0.44003022538988257,,,,,,,,,,,,,,,,,,,,,,,,,,,,,,,,,,,,,,,,,,,,,,,,,,,,,,,,,,,,,,,,,,,,,,,,,,,,,,,,,,,,,,,,,,,,,,,,,,,,,,,,,,,,,,,,,,,,,,,,,,,,,,,,,,,,,,,,,,,,,,,,,,,,,,,,,,,,,,,,,,,,,,,,,,,,,,,,,,,,,,,,,,,,,,,,,,,,,,,,,,,,,,,,,,,,,,
946,PE,SG,#8,-,H2_1,1.0058652776710137,5.690493860474993,90.3027197143264,0.8081947782054716,-1.3992026301041844,-33.12553529515975,0.6331723407672246,,,,,,,,,,,,,,,,,,,,,,,,,,,,,,,,,,,,,,,,,,,,,,,,,,,,,,,,,,,,,,,,,,,,,,,,,,,,,,,,,,,,,,,,,,,,,,,,,,,,,,,,,,,,,,,,,,,,,,,,,,,,,,,,,,,,,,,,,,,,,,,,,,,,,,,,,,,,,,,,,,,,,,,,,,,,,,,,,,,,,,,,,,,,,,,,,,,,,,,,,,,,,,,,,,,,,,
947,PE,SG,#9,-,MeOH_1,1.4540426530542168,9.421619183295167,143.96028458878817,-0.3631997057182562,-6.314043435072769,-97.3065104073078,0.3240739229902428,,,,,,,,,,,,,,,,,,,,,,,,,,,,,,,,,,,,,,,,,,,,,,,,,,,,,,,,,,,,,,,,,,,,,,,,,,,,,,,,,,,,,,,,,,,,,,,,,,,,,,,,,,,,,,,,,,,,,,,,,,,,,,,,,,,,,,,,,,,,,,,,,,,,,,,,,,,,,,,,,,,,,,,,,,,,,,,,,,,,,,,,,,,,,,,,,,,,,,,,,,,,,,,,,,,,,,
948,PE,SG,#10,-,FT_1,1.6674667252207407,11.038806485766504,151.25420265482018,-0.3724722860823965,-7.194919603972209,-107.48688580159421,0.2893626496653988,,,,,,,,,,,,,,,,,,,,,,,,,,,,,,,,,,,,,,,,,,,,,,,,,,,,,,,,,,,,,,,,,,,,,,,,,,,,,,,,,,,,,,,,,,,,,,,,,,,,,,,,,,,,,,,,,,,,,,,,,,,,,,,,,,,,,,,,,,,,,,,,,,,,,,,,,,,,,,,,,,,,,,,,,,,,,,,,,,,,,,,,,,,,,,,,,,,,,,,,,,,,,,,,,,,,,,
949,PE,OG,#1,-,MeOH_1,0.9007444773742482,2.5508674606310446,54.07164927999999,-0.4447098312804117,-0.06502765613466233,-29.320413141205997,0.45774886596531056,,,,,,,,,,,,,,,,,,,,,,,,,,,,,,,,,,,,,,,,,,,,,,,,,,,,,,,,,,,,,,,,,,,,,,,,,,,,,,,,,,,,,,,,,,,,,,,,,,,,,,,,,,,,,,,,,,,,,,,,,,,,,,,,,,,,,,,,,,,,,,,,,,,,,,,,,,,,,,,,,,,,,,,,,,,,,,,,,,,,,,,,,,,,,,,,,,,,,,,,,,,,,,,,,,,,,,
950,PE,OG,#2,-,FT_1,2.046510424053636,3.3260592030781897,84.60905728,-1.0270730175767548,0.19630995212737917,-46.49129603688072,0.4505163214025032,,,,,,,,,,,,,,,,,,,,,,,,,,,,,,,,,,,,,,,,,,,,,,,,,,,,,,,,,,,,,,,,,,,,,,,,,,,,,,,,,,,,,,,,,,,,,,,,,,,,,,,,,,,,,,,,,,,,,,,,,,,,,,,,,,,,,,,,,,,,,,,,,,,,,,,,,,,,,,,,,,,,,,,,,,,,,,,,,,,,,,,,,,,,,,,,,,,,,,,,,,,,,,,,,,,,,,
951,PE,OG,#3,-,H2_1,0.887595397173954,2.374676720067861,58.60661462730207,0.057005343541262764,0.8114759962172265,-26.249954857115558,0.5520991099034248,,,,,,,,,,,,,,,,,,,,,,,,,,,,,,,,,,,,,,,,,,,,,,,,,,,,,,,,,,,,,,,,,,,,,,,,,,,,,,,,,,,,,,,,,,,,,,,,,,,,,,,,,,,,,,,,,,,,,,,,,,,,,,,,,,,,,,,,,,,,,,,,,,,,,,,,,,,,,,,,,,,,,,,,,,,,,,,,,,,,,,,,,,,,,,,,,,,,,,,,,,,,,,,,,,,,,,
952,PE,OG,#4,-,MeOH_1,1.1888316820196687,5.79760161929218,90.61194559999998,-0.73808293692284,-3.328982878194026,-63.418380811711714,0.30011015223458887,,,,,,,,,,,,,,,,,,,,,,,,,,,,,,,,,,,,,,,,,,,,,,,,,,,,,,,,,,,,,,,,,,,,,,,,,,,,,,,,,,,,,,,,,,,,,,,,,,,,,,,,,,,,,,,,,,,,,,,,,,,,,,,,,,,,,,,,,,,,,,,,,,,,,,,,,,,,,,,,,,,,,,,,,,,,,,,,,,,,,,,,,,,,,,,,,,,,,,,,,,,,,,,,,,,,,,
953,PE,OG,#5,-,FT_1,2.4170355686578455,6.823076076578983,123.71772768,-1.3671857287181957,-3.2606584968414793,-85.15009336958218,0.31173894827889403,,,,,,,,,,,,,,,,,,,,,,,,,,,,,,,,,,,,,,,,,,,,,,,,,,,,,,,,,,,,,,,,,,,,,,,,,,,,,,,,,,,,,,,,,,,,,,,,,,,,,,,,,,,,,,,,,,,,,,,,,,,,,,,,,,,,,,,,,,,,,,,,,,,,,,,,,,,,,,,,,,,,,,,,,,,,,,,,,,,,,,,,,,,,,,,,,,,,,,,,,,,,,,,,,,,,,,
954,PE,OG,#6,-,MeOH_1,0.9346432340471719,2.0667906866856,62.394003625920526,-0.35609388017612653,0.5520842992876965,-38.42231199648601,0.38419864468315484,,,,,,,,,,,,,,,,,,,,,,,,,,,,,,,,,,,,,,,,,,,,,,,,,,,,,,,,,,,,,,,,,,,,,,,,,,,,,,,,,,,,,,,,,,,,,,,,,,,,,,,,,,,,,,,,,,,,,,,,,,,,,,,,,,,,,,,,,,,,,,,,,,,,,,,,,,,,,,,,,,,,,,,,,,,,,,,,,,,,,,,,,,,,,,,,,,,,,,,,,,,,,,,,,,,,,,
955,PE,OG,#7,-,FT_1,1.5518116112840137,2.563732206032202,74.56901162592052,-0.7352285626186603,0.6302429120353695,-46.089293590836476,0.38192430627824453,,,,,,,,,,,,,,,,,,,,,,,,,,,,,,,,,,,,,,,,,,,,,,,,,,,,,,,,,,,,,,,,,,,,,,,,,,,,,,,,,,,,,,,,,,,,,,,,,,,,,,,,,,,,,,,,,,,,,,,,,,,,,,,,,,,,,,,,,,,,,,,,,,,,,,,,,,,,,,,,,,,,,,,,,,,,,,,,,,,,,,,,,,,,,,,,,,,,,,,,,,,,,,,,,,,,,,
956,PE,OG,#8,-,H2_1,0.9248567531298414,2.5749983279894613,64.44052435839897,0.062069855057257824,0.6625168169771197,-32.70920089252027,0.49241255842982506,,,,,,,,,,,,,,,,,,,,,,,,,,,,,,,,,,,,,,,,,,,,,,,,,,,,,,,,,,,,,,,,,,,,,,,,,,,,,,,,,,,,,,,,,,,,,,,,,,,,,,,,,,,,,,,,,,,,,,,,,,,,,,,,,,,,,,,,,,,,,,,,,,,,,,,,,,,,,,,,,,,,,,,,,,,,,,,,,,,,,,,,,,,,,,,,,,,,,,,,,,,,,,,,,,,,,,
957,PE,OG,#9,-,MeOH_1,1.1537907485123111,5.040963443490506,93.24176650592051,-0.6156890793438926,-2.5060427694269483,-68.08235065921103,0.26982989264914836,,,,,,,,,,,,,,,,,,,,,,,,,,,,,,,,,,,,,,,,,,,,,,,,,,,,,,,,,,,,,,,,,,,,,,,,,,,,,,,,,,,,,,,,,,,,,,,,,,,,,,,,,,,,,,,,,,,,,,,,,,,,,,,,,,,,,,,,,,,,,,,,,,,,,,,,,,,,,,,,,,,,,,,,,,,,,,,,,,,,,,,,,,,,,,,,,,,,,,,,,,,,,,,,,,,,,,
958,PE,OG,#10,-,FT_1,1.3254263666033383,5.642149047314839,98.65712570592052,-0.5119632956918866,-2.4512954044649162,-70.40182413514394,0.28639899417909925,,,,,,,,,,,,,,,,,,,,,,,,,,,,,,,,,,,,,,,,,,,,,,,,,,,,,,,,,,,,,,,,,,,,,,,,,,,,,,,,,,,,,,,,,,,,,,,,,,,,,,,,,,,,,,,,,,,,,,,,,,,,,,,,,,,,,,,,,,,,,,,,,,,,,,,,,,,,,,,,,,,,,,,,,,,,,,,,,,,,,,,,,,,,,,,,,,,,,,,,,,,,,,,,,,,,,,
959,PE,HG,#1,-,DIESEL_1,1.1763699771023228,2.1025817352196463,77.535172,-0.4339437773192063,0.8214300090115807,-39.33470097428246,0.4926857068907713,,,,,,,,,,,,,,,,,,,,,,,,,,,,,,,,,,,,,,,,,,,,,,,,,,,,,,,,,,,,,,,,,,,,,,,,,,,,,,,,,,,,,,,,,,,,,,,,,,,,,,,,,,,,,,,,,,,,,,,,,,,,,,,,,,,,,,,,,,,,,,,,,,,,,,,,,,,,,,,,,,,,,,,,,,,,,,,,,,,,,,,,,,,,,,,,,,,,,,,,,,,,,,,,,,,,,,
960,PE,HG,#2,-,DIESEL_1,1.2379418883979705,2.4946183111458127,80.32142112,-0.48547244697748154,0.506722756590744,-42.73940753718327,0.4678952769855665,,,,,,,,,,,,,,,,,,,,,,,,,,,,,,,,,,,,,,,,,,,,,,,,,,,,,,,,,,,,,,,,,,,,,,,,,,,,,,,,,,,,,,,,,,,,,,,,,,,,,,,,,,,,,,,,,,,,,,,,,,,,,,,,,,,,,,,,,,,,,,,,,,,,,,,,,,,,,,,,,,,,,,,,,,,,,,,,,,,,,,,,,,,,,,,,,,,,,,,,,,,,,,,,,,,,,,
961,PE,HG,#3,-,DIESEL_1,1.1855306792480136,2.0040515214828476,76.4637355428969,-0.32177572046752484,1.1037105116025876,-36.99673791531556,0.5161531456364693,,,,,,,,,,,,,,,,,,,,,,,,,,,,,,,,,,,,,,,,,,,,,,,,,,,,,,,,,,,,,,,,,,,,,,,,,,,,,,,,,,,,,,,,,,,,,,,,,,,,,,,,,,,,,,,,,,,,,,,,,,,,,,,,,,,,,,,,,,,,,,,,,,,,,,,,,,,,,,,,,,,,,,,,,,,,,,,,,,,,,,,,,,,,,,,,,,,,,,,,,,,,,,,,,,,,,,
962,PE,HG,#4,-,MeOH_1,1.2943273207106576,3.005561994045711,88.17238736,-0.5844469107701689,-0.13576604096027522,-50.24534461241865,0.43014648784237414,,,,,,,,,,,,,,,,,,,,,,,,,,,,,,,,,,,,,,,,,,,,,,,,,,,,,,,,,,,,,,,,,,,,,,,,,,,,,,,,,,,,,,,,,,,,,,,,,,,,,,,,,,,,,,,,,,,,,,,,,,,,,,,,,,,,,,,,,,,,,,,,,,,,,,,,,,,,,,,,,,,,,,,,,,,,,,,,,,,,,,,,,,,,,,,,,,,,,,,,,,,,,,,,,,,,,,
963,PE,HG,#5,-,DIESEL_1,1.3581106943323484,3.5383979940502823,91.4753208,-0.6074909473918597,-0.5392276376941192,-53.916574700448244,0.41058884266358053,,,,,,,,,,,,,,,,,,,,,,,,,,,,,,,,,,,,,,,,,,,,,,,,,,,,,,,,,,,,,,,,,,,,,,,,,,,,,,,,,,,,,,,,,,,,,,,,,,,,,,,,,,,,,,,,,,,,,,,,,,,,,,,,,,,,,,,,,,,,,,,,,,,,,,,,,,,,,,,,,,,,,,,,,,,,,,,,,,,,,,,,,,,,,,,,,,,,,,,,,,,,,,,,,,,,,,
964,,,,,,,,,-0.5804971366360863,-0.7646764555785129,,,,,,,,,,,,,,,,,,,,,,,,,,,,,,,,,,,,,,,,,,,,,,,,,,,,,,,,,,,,,,,,,,,,,,,,,,,,,,,,,,,,,,,,,,,,,,,,,,,,,,,,,,,,,,,,,,,,,,,,,,,,,,,,,,,,,,,,,,,,,,,,,,,,,,,,,,,,,,,,,,,,,,,,,,,,,,,,,,,,,,,,,,,,,,,,,,,,,,,,,,,,,,,,,,,,,,,,
