excel_row,B,C,D,E,F,G,H,I,J,K,L,M,O,P,Q,R,S,T,U,V,W,X,Y,Z,AA,AB,AC,AD,AE,AF,AG,AH,AI,AJ,AK,AL,AM,AN,AO,AP,AQ,AR,AS,AT,AU,AV,AW,AX,AY,AZ,BA,BB,BC,BD,BG,BH,BI,BJ,BK,BL,BM,BN,BO,BP,BQ,BR,BS,BT,BU,BV,BW,BX,BY,CA,CB,CC,CD,CE,CF,CH,CI,CJ,CK,CL,CM,CO,CP,CQ,CR,CS,CT,CV,CW,CX,CY,CZ,DA,DC,DD,DE,DF,DG,DH,DJ,DK,DL,DM,DN,DO,DQ,DR,DS,DT,DU,DV,DX,DY,DZ,EA,EB,EC,EE,EF,EG,EH,EI,EJ,EL,EM,EN,EO,EP,EQ,ES,ET,EU,EV,EW,EX,EZ,FA,FB,FC,FD,FE,FG,FH,FI,FJ,FK,FL,FN,FO,FP,FQ,FR,FS,FU,FV,FW,FX,FY,FZ,GB,GC,GD,GE,GF,GG,GI,GJ,GK,GL,GM,GN,GP,GQ,GR,GS,GT,GU,GW,GX,GY,GZ,HA,HB,HD,HE,HF,HG,HH,HI,HK,HL,HM,HN,HO,HP,HR,HS,HT,HU,HV,HW,HY,HZ,IA,IB,IC,ID,IF,IG,IH,II,IJ,IK,IM,IN,IO,IP,IQ,IR,IT,IU,IV,IW
1,,,,,,,,,,,,,Condition,,,,,,,,,,,,,,,,,,,,,,,,,,,,,,,,,,,,,,,,,,,,,,,,,,,,,,,,,,,,,,,,,,,,,,,,,,,,,,,,,,,,,,,,,,,,,,,,,,,,,,,,,,,,,,,,,,,,,,,,,,,,,,,,,,,,,,,,,,,,,,,,,,,,,,,,,,,,,,,,,,,,,,,,,,,,,,,,,,,,,,,,,,,,,,,,,,,,,,,,,,,,,,,,,,,,,,
2,,,,,,,,,,,,,False,,,,,,,,,,,,,,,,,,,,,,,,,,,,,,,,,,,,,,,,,,,,,,,,,,,,,,,,,,,,,,,,,,,,,,,,,,,,,,,,,,,,,,,,,,,,,,,,,,,,,,,,,,,,,,,,,,,,,,,,,,,,,,,,,,,,,,,,,,,,,,,,,,,,,,,,,,,,,,,,,,,,,,,,,,,,,,,,,,,,,,,,,,,,,,,,,,,,,,,,,,,,,,,,,,,,,,
3,,,,,,,,,,,,,,Filtering,,"PET, HT","PET, LT","PET, SG","PET, OG","PP, HT","PP, LT","PP, SG","PP, OG","PVC, HT","PVC, LT","PVC, SG","PVC, OG","PS, HT","PS, LT","PS, SG","PS, OG","PE, HT","PE, LT","PE, SG","PE, OG","PE, HG",PET,PP,PVC,PS,PE,,,,,,,,,,,,,,,,,,,,,,,,,,,,,,,,,,,,,,,,,,,,,,,,,,,,,,,,,,,,,,,,,,,,,,,,,,,,,,,,,,,,,,,,,,,,,,,,,,,,,,,,,,,,,,,,,,,,,,,,,,,,,,,,,,,,,,,,,,,,,,,,,,,,,,,,,,,,,,,,,,,,,,,,,,,,,,,,,,,,,,,,,,
4,Feed,Tech,Pathway1,Pathway2,Product,Unit treatment cost ($/kg),Unit CO2 emission (kgCO2eq/kg),Unit energy consumption (MJ/kg),Unit profit ($/kg),Unit CO2 reduction (kgCO2eq/kg),Unit energy recovery (MJ/kg),Energy efficiency,,,,False,False,False,False,False,False,False,False,False,False,False,False,False,False,False,False,False,False,False,False,False,False,False,False,False,False,,,,,,,,,,,,,,,,,,,,,,,,,,,,,,,,,,,,,,,,,,,,,,,,,,,,,,,,,,,,,,,,,,,,,,,,,,,,,,,,,,,,,,,,,,,,,,,,,,,,,,,,,,,,,,,,,,,,,,,,,,,,,,,,,,,,,,,,,,,,,,,,,,,,,,,,,,,,,,,,,,,,,,,,,,,,,,,,,,,,,,,,,,
5,PET,HT,#1,#1,GASOLINE_1,0.7104234997149674,2.3114024359081182,48.74023520000001,-0.17559669176150627,0.0873788030717364,-19.047686903598574,0.6091999387069317,,(i),,,,,,,,,,,,,,,,,,,,,,,,,,,,,,,,,,,,,,,,,,,,,,,,,,,,,,,,,,,,,,,,,,,,,,,,,,,,,,,,,,,,,,,,,,,,,,,,,,,,,,,,,,,,,,,,,,,,,,,,,,,,,,,,,,,,,,,,,,,,,,,,,,,,,,,,,,,,,,,,,,,,,,,,,,,,,,,,,,,,,,,,,,,,,,,,,,,,,,,,,,,,,,,,,,,,,
6,PET,HT,#1,#2,GASOLINE_1,1.0170972807686927,2.8543370469179927,68.71291008000001,-0.2738543669968162,-0.1305569722586161,-30.085254852114243,0.5621600829147384,,Feed,Tech,Pathway1,Pathway2,Product,Unit treatment cost ($/kg),Unit CO2 emission (kgCO2eq/kg),Unit energy consumption (MJ/kg),Unit profit ($/kg),Unit CO2 reduction (kgCO2eq/kg),Unit energy recovery (MJ/kg),Energy efficiency,,,Sc 1: Feedstock price = 0 $/kg plastic,,,,,,,,,,,,,,,,,,,,,,,,,,,,,,,,,,,,,,,,,,,,,,,,,,,,,,,,,,,,,,,,,,,,,,,,,,,,,,,,,,,,,,,,,,,,,,,,,,,,,,,,,,,,,,,,,,,,,,,,,,,,,,,,,,,,,,,,,,,,,,,,,,,,,,,,,,,,,,,,,,,,,,,,,,,,,,,,,,,,,,,,,,,,,,,,,,,,,,,
7,PET,HT,#1,#3,GASOLINE_1,0.6953001014377286,1.5250162065825181,49.1349391149461,-0.1327324752545144,0.8854616018764376,-18.16587216919389,0.6302860551694851,,,,,,,,,,>-0.417800978854381,>0,,,,,,ZONE 1,ZONE 2,ZONE 3,ZONE 4,,,,,,,,,,,,,,,,,,,,,,,,,,,,,,,,,,,,,,,,,,,,,,,,,,,,,,,,,,,,,,,,,,,,,,,,,,,,,,,,,,,,,,,,,,,,,,,,,,,,,,,,,,,,,,,,,,,,,,,,,,,,,,,,,,,,,,,,,,,,,,,,,,,,,,,,,,,,,,,,,,,,,,,,,,,,,,,,,,,,,,,,,,,,,,,,,,,
8,PET,HT,#1,#4,GASOLINE_1,0.7954428680015408,2.898137608513199,56.06236000000001,-0.26562808735370236,-0.5666232520546812,-26.637096785710725,0.5248666523187622,,,,,,,,,,,,,,,,PET,41,72,0,105,218,,,,,,,,,,,,,,,,,,,,,,,,,,,,,,,,,,,,,,,,,,,,,,,,,,,,,,,,,,,,,,,,,,,,,,,,,,,,,,,,,,,,,,,,,,,,,,,,,,,,,,,,,,,,,,,,,,,,,,,,,,,,,,,,,,,,,,,,,,,,,,,,,,,,,,,,,,,,,,,,,,,,,,,,,,,,,,,,,,,,,,,,,,,,,,,,,,
9,PET,HT,#1,#5,GASOLINE_1,1.0744813958580859,3.3290169918194006,72.39855056,-0.3276845368203209,-0.6144411910004867,-34.117919560588156,0.5287485827176461,,(ii),,,,,,,,,,,,,,PP,46,174,0,20,240,,,,,,,,,,,,,,,,,,,,,,,,,,,,,,,,,,,,,,,,,,,,,,,,,,,,,,,,,,,,,,,,,,,,,,,,,,,,,,,,,,,,,,,,,,,,,,,,,,,,,,,,,,,,,,,,,,,,,,,,,,,,,,,,,,,,,,,,,,,,,,,,,,,,,,,,,,,,,,,,,,,,,,,,,,,,,,,,,,,,,,,,,,,,,,,,,,
10,PET,HT,#1,#6,GASOLINE_1,0.5843101472868149,1.0713747184307107,43.48483394832232,-0.02579351987755089,1.265779828841235,-13.155301743746131,0.6974737960508258,,Feed,Tech,Pathway1,Pathway2,Product,Unit treatment cost ($/kg),Unit CO2 emission (kgCO2eq/kg),Unit energy consumption (MJ/kg),Unit profit ($/kg),Unit CO2 reduction (kgCO2eq/kg),Unit energy recovery (MJ/kg),Energy efficiency,,,PVC,33,81,21,105,240,,,,,,,,,,,,,,,,,,,,,,,,,,,,,,,,,,,,,,,,,,,,,,,,,,,,,,,,,,,,,,,,,,,,,,,,,,,,,,,,,,,,,,,,,,,,,,,,,,,,,,,,,,,,,,,,,,,,,,,,,,,,,,,,,,,,,,,,,,,,,,,,,,,,,,,,,,,,,,,,,,,,,,,,,,,,,,,,,,,,,,,,,,,,,,,,,,
11,PET,HT,#1,#7,GASOLINE_1,0.6983796060277653,1.78038555044416,50.38876972784231,-0.14142298128235395,0.6246089350971102,-20.438800246530196,0.5943778671929604,,,,,,,,,,>-0.417800978854381,<0,,,,,PS,17,17,0,4,38,,,,,,,,,,,,,,,,,,,,,,,,,,,,,,,,,,,,,,,,,,,,,,,,,,,,,,,,,,,,,,,,,,,,,,,,,,,,,,,,,,,,,,,,,,,,,,,,,,,,,,,,,,,,,,,,,,,,,,,,,,,,,,,,,,,,,,,,,,,,,,,,,,,,,,,,,,,,,,,,,,,,,,,,,,,,,,,,,,,,,,,,,,,,,,,,,,
12,PET,HT,#1,#8,GASOLINE_1,0.76562637233543,1.9026601369813916,52.46855822875432,-0.18749625750679094,0.48916509652998,-22.755726140231175,0.5662978570705157,,(iii),,,,,,,,,,,,,,PE,32,169,0,22,223,,,,,,,,,,,,,,,,,,,,,,,,,,,,,,,,,,,,,,,,,,,,,,,,,,,,,,,,,,,,,,,,,,,,,,,,,,,,,,,,,,,,,,,,,,,,,,,,,,,,,,,,,,,,,,,,,,,,,,,,,,,,,,,,,,,,,,,,,,,,,,,,,,,,,,,,,,,,,,,,,,,,,,,,,,,,,,,,,,,,,,,,,,,,,,,,,,
13,PET,HT,#1,#9,GASOLINE_1,0.6785837185347575,1.5962157821863792,49.3428831511922,-0.11477075054971655,0.8204183769608444,-19.07577895186111,0.6134036413435601,,Feed,Tech,Pathway1,Pathway2,Product,Unit treatment cost ($/kg),Unit CO2 emission (kgCO2eq/kg),Unit energy consumption (MJ/kg),Unit profit ($/kg),Unit CO2 reduction (kgCO2eq/kg),Unit energy recovery (MJ/kg),Energy efficiency,,,,169,513,21,256,959,,,,,,,,,,,,,,,,,,,,,,,,,,,,,,,,,,,,,,,,,,,,,,,,,,,,,,,,,,,,,,,,,,,,,,,,,,,,,,,,,,,,,,,,,,,,,,,,,,,,,,,,,,,,,,,,,,,,,,,,,,,,,,,,,,,,,,,,,,,,,,,,,,,,,,,,,,,,,,,,,,,,,,,,,,,,,,,,,,,,,,,,,,,,,,,,,,
14,PET,HT,#1,#10,GASOLINE_1,0.7683457817295627,2.026370949142405,53.76382736272232,-0.20898904198523724,0.31671601905551316,-24.083995675050225,0.5520409007981247,,,,,,,,,,<-0.417800978854381,>0,,,,,,,,,,,,,,,,,,,,,,,,,,,,,,,,,,,,,,,,,,,,,,,,,,,,,,,,,,,,,,,,,,,,,,,,,,,,,,,,,,,,,,,,,,,,,,,,,,,,,,,,,,,,,,,,,,,,,,,,,,,,,,,,,,,,,,,,,,,,,,,,,,,,,,,,,,,,,,,,,,,,,,,,,,,,,,,,,,,,,,,,,,,,,,,,,,,,,,,,,,,,
15,PET,HT,#1,#11,GASOLINE_1,0.7870880794823375,2.0364261290910526,54.108358532754316,-0.20420261167920478,0.3514809735390127,-24.404776951470215,0.5489647512279112,,(iv),,,,,,,,,,,,,,Sc 2: Feedstock price: -50%,,,,,,,,,,,,,,,,,,,,,,,,,,,,,,,,,,,,,,,,,,,,,,,,,,,,,,,,,,,,,,,,,,,,,,,,,,,,,,,,,,,,,,,,,,,,,,,,,,,,,,,,,,,,,,,,,,,,,,,,,,,,,,,,,,,,,,,,,,,,,,,,,,,,,,,,,,,,,,,,,,,,,,,,,,,,,,,,,,,,,,,,,,,,,,,,,,,,,,,
16,PET,HT,#2,#1,GASOLINE_1,0.8683234280268564,3.0005216573193945,54.7589094112,-0.3991915809949365,-0.40560872544388116,-26.10905312514116,0.5231999065379305,,Feed,Tech,Pathway1,Pathway2,Product,Unit treatment cost ($/kg),Unit CO2 emission (kgCO2eq/kg),Unit energy consumption (MJ/kg),Unit profit ($/kg),Unit CO2 reduction (kgCO2eq/kg),Unit energy recovery (MJ/kg),Energy efficiency,,,FEED -50%,ZONE 1,ZONE 2,ZONE 3,ZONE 4,,,,,,,,,,,,,,,,,,,,,,,,,,,,,,,,,,,,,,,,,,,,,,,,,,,,,,,,,,,,,,,,,,,,,,,,,,,,,,,,,,,,,,,,,,,,,,,,,,,,,,,,,,,,,,,,,,,,,,,,,,,,,,,,,,,,,,,,,,,,,,,,,,,,,,,,,,,,,,,,,,,,,,,,,,,,,,,,,,,,,,,,,,,,,,,,,,,
17,PET,HT,#2,#2,GASOLINE_1,1.1749972090805818,3.5434562683292694,74.73158429120001,-0.4974492562302467,-0.623544500774234,-37.146621073656824,0.5029327770048224,,,,,,,,,,<-0.417800978854381,<0,,,,,PET,37,17,4,160,218,,,,,,,,,,,,,,,,,,,,,,,,,,,,,,,,,,,,,,,,,,,,,,,,,,,,,,,,,,,,,,,,,,,,,,,,,,,,,,,,,,,,,,,,,,,,,,,,,,,,,,,,,,,,,,,,,,,,,,,,,,,,,,,,,,,,,,,,,,,,,,,,,,,,,,,,,,,,,,,,,,,,,,,,,,,,,,,,,,,,,,,,,,,,,,,,,,
18,PET,HT,#2,#3,GASOLINE_1,0.8532000297496187,2.2141354279937944,55.153613326146086,-0.3563273644879461,0.3924740733608204,-25.22723839073648,0.5426004413970594,,,,,,,,,,,,,,,,PP,46,165,0,29,240,,,,,,,,,,,,,,,,,,,,,,,,,,,,,,,,,,,,,,,,,,,,,,,,,,,,,,,,,,,,,,,,,,,,,,,,,,,,,,,,,,,,,,,,,,,,,,,,,,,,,,,,,,,,,,,,,,,,,,,,,,,,,,,,,,,,,,,,,,,,,,,,,,,,,,,,,,,,,,,,,,,,,,,,,,,,,,,,,,,,,,,,,,,,,,,,,,
19,PET,HT,#2,#4,GASOLINE_1,0.9533427963134299,3.5872568299244754,62.08103421119999,-0.4892229765871328,-1.0596107805702983,-33.69846300725331,0.45718586303490105,,,,,,,,,,,,,,,,PVC,26,16,28,170,240,,,,,,,,,,,,,,,,,,,,,,,,,,,,,,,,,,,,,,,,,,,,,,,,,,,,,,,,,,,,,,,,,,,,,,,,,,,,,,,,,,,,,,,,,,,,,,,,,,,,,,,,,,,,,,,,,,,,,,,,,,,,,,,,,,,,,,,,,,,,,,,,,,,,,,,,,,,,,,,,,,,,,,,,,,,,,,,,,,,,,,,,,,,,,,,,,,
20,PET,HT,#2,#5,GASOLINE_1,1.2323813241699766,4.018136213230677,78.41722477119998,-0.551279426053753,-1.1074287195161039,-41.179285782130734,0.47486938102845866,,,,,,,,,,,,,,,,PS,17,15,0,6,38,,,,,,,,,,,,,,,,,,,,,,,,,,,,,,,,,,,Feed,Tech,Pathway1,Pathway2,Unit profit ($/kg),Unit CO2 reduction (kgCO2eq/kg),Feed,Tech,Pathway1,Pathway2,Unit profit ($/kg),Unit CO2 reduction (kgCO2eq/kg),Feed,Tech,Pathway1,Pathway2,Unit profit ($/kg),Unit CO2 reduction (kgCO2eq/kg),Feed,Tech,Pathway1,Pathway2,Unit profit ($/kg),Unit CO2 reduction (kgCO2eq/kg),Feed,Tech,Pathway1,Pathway2,Unit profit ($/kg),Unit CO2 reduction (kgCO2eq/kg),Feed,Tech,Pathway1,Pathway2,Unit profit ($/kg),Unit CO2 reduction (kgCO2eq/kg),Feed,Tech,Pathway1,Pathway2,Unit profit ($/kg),Unit CO2 reduction (kgCO2eq/kg),Feed,Tech,Pathway1,Pathway2,Unit profit ($/kg),Unit CO2 reduction (kgCO2eq/kg),Feed,Tech,Pathway1,Pathway2,Unit profit ($/kg),Unit CO2 reduction (kgCO2eq/kg),Feed,Tech,Pathway1,Pathway2,Unit profit ($/kg),Unit CO2 reduction (kgCO2eq/kg),Feed,Tech,Pathway1,Pathway2,Unit profit ($/kg),Unit CO2 reduction (kgCO2eq/kg),Feed,Tech,Pathway1,Pathway2,Unit profit ($/kg),Unit CO2 reduction (kgCO2eq/kg),Feed,Tech,Pathway1,Pathway2,Unit profit ($/kg),Unit CO2 reduction (kgCO2eq/kg),Feed,Tech,Pathway1,Pathway2,Unit profit ($/kg),Unit CO2 reduction (kgCO2eq/kg),Feed,Tech,Pathway1,Pathway2,Unit profit ($/kg),Unit CO2 reduction (kgCO2eq/kg),Feed,Tech,Pathway1,Pathway2,Unit profit ($/kg),Unit CO2 reduction (kgCO2eq/kg),Feed,Tech,Pathway1,Pathway2,Unit profit ($/kg),Unit CO2 reduction (kgCO2eq/kg),Feed,Tech,Pathway1,Pathway2,Unit profit ($/kg),Unit CO2 reduction (kgCO2eq/kg),Feed,Tech,Pathway1,Pathway2,Unit profit ($/kg),Unit CO2 reduction (kgCO2eq/kg),Feed,Tech,Pathway1,Pathway2,Unit profit ($/kg),Unit CO2 reduction (kgCO2eq/kg),Feed,Tech,Pathway1,Pathway2,Unit profit ($/kg),Unit CO2 reduction (kgCO2eq/kg),Feed,Tech,Pathway1,Pathway2,Product,Unit CO2 reduction (kgCO2eq/kg),Feed,Tech,Pathway1,Pathway2,Product,Unit CO2 reduction (kgCO2eq/kg),Feed,Tech,Pathway1,Pathway2,Product,Unit CO2 reduction (kgCO2eq/kg),Feed,Tech,Pathway1,Pathway2,Product,Unit CO2 reduction (kgCO2eq/kg),Feed,Tech,Pathway1,Pathway2,Product,Unit CO2 reduction (kgCO2eq/kg),Feed,Tech,Unit profit ($/kg),Unit CO2 reduction (kgCO2eq/kg)
21,PET,HT,#2,#6,GASOLINE_1,0.7422100755987054,1.760493939841987,49.50350815952231,-0.24938840911098298,0.7727923003256173,-20.21666796528872,0.5916114086270082,,,,,,,,,,,,,,,,PE,32,115,0,76,223,,,,,,,,,,,,,,,,,,,,,,,,,,,,,,,,,,,PET,HT,#8,#6,-0.19250634423479512,2.475119641863759,PET,LT,#1,-,-0.23222299999008642,-0.3614483228009993,PET,SG,#2,-,-0.25291681483803075,-0.43960302064400375,PET,OG,#7,-,-0.5392446089191814,1.056389441116937,PP,HT,#1,#7,-0.0077138717763649825,0.4970819458708376,PP,LT,#1,#6,-0.01206945650184636,1.5765142558600411,PP,SG,#8,-,0.021271678956616996,3.5169717921932473,PP,OG,#7,-,-0.25508030406350357,1.1161699329292052,PVC,HT,#1,#6,-0.3211822121732225,0.8964524453142434,PVC,LT,#1,#6,-0.3722086677558651,0.8516262620261918,PVC,SG,#3,-,-0.3701127718060485,1.3229290711829582,PVC,OG,#8,-,-0.5162004175343348,0.764105933046289,PS,HT,#1,-,0.14817110403328185,2.3467233059689914,PS,LT,#1,-,0.16766714551275613,2.418205663389182,PS,SG,#3,-,-0.09453982986050448,4.56856957595498,PS,OG,#8,-,-0.3932517851925415,1.9680959131427291,PE,HT,#1,#1,0.04157018738248297,0.9413081505094689,PE,LT,#1,#6,-0.22309135555886828,1.78226881614714,PE,SG,#3,-,-0.04043578966057851,4.369667888662126,PE,OG,#3,-,-0.3683439792002719,2.438093689519348,PE,HG,#3,-,-0.08155262330046469,1.1809293735842257,PET,HT,#8,#6,BA_1,2.475119641863759,PP,SG,#8,-,H2_1,3.5169717921932473,PVC,HT,#1,#6,DIESEL_1,0.8964524453142434,PS,LT,#1,-,GASOLINE_1,2.418205663389182,PE,HT,#1,#1,MeOH_1,0.9413081505094689,PET,HT,-0.19250634423479512,2.475119641863759
22,PET,HT,#2,#7,GASOLINE_1,0.8562795343396543,2.469504771855436,56.4074439390423,-0.3650178705157843,0.1316214065814927,-27.500166468072788,0.5124727421119928,,,,,,,,,,,,,,,,,158,328,32,441,959,,,,,,,,,,,,,,,,,,,,,,,,,,,,,,,,,,,,,,,,,,,,,,,,,,,,,,,,,,,,,,,,,,,,,,,,,,,,,,,,,,,,,,,,,,,,,,,,,,,,,,,,,,,,,,,,,,,,,,,,,,,,,,,,,,,,,,,,,,,,,,,,,,,,,,,,,,,,,,,,,,,,,,,,,,,,,,,,,,,,,,,,,,,,,,,PET,LT,-0.23222299999008642,-0.3614483228009993
23,PET,HT,#2,#8,GASOLINE_1,0.9235263006473191,2.5917793583926683,58.48723243995431,-0.41109114674022146,-0.0038224319856375454,-29.817092361773756,0.4901948490658134,,,,,,,,,,,,,,,,,,,,,,,,,,,,,,,,,,,,,,,,,,,,,,,,,,,,,,,,,,,,,,,,,,,,,,,,,,,,,,,,,,,,,,,,,,,,,,,,,,,,,,,,,,,,,,,,,,,,,,,,,,,,,,,,,,,,,,,,,,,,,,,,,,,,,,,,,,,,,,,,,,,,,,,,,,,,,,,,,,,,,,,,,,,,,,,,,,,,,,,,,,,,,,,,,,,,PET,SG,-0.25291681483803075,-0.43960302064400375
24,PET,HT,#2,#9,GASOLINE_1,0.8364836468466463,2.2853350035976554,55.361557362392205,-0.338365639783147,0.32743084844522685,-26.13714517340372,0.5278827688622971,,,,,,,,,,,,,,,,,,,,,,,,,,,,,,,,,,,,,,,,,,,,,,,,,,,,,,,,,,,,,,,,,,,,,,,,,,,,,,,,,,,,,,,,,,,,,,,,,,,,,,,,,,,,,,,,,,,,,,,,,,,,,,,,,,,,,,,,,,,,,,,,,,,,,,,,,,,,,,,,,,,,,,,,,,,,,,,,,,,,,,,,,,,,,,,,,,,,,,,,,,,,,,,,,,,,PET,OG,-0.5392446089191814,1.056389441116937
25,PET,HT,#2,#10,GASOLINE_1,0.9262457100414516,2.7154901705536805,59.78250157392231,-0.4325839312186676,-0.1762715094601035,-31.145361896592817,0.47902210384955324,,,,,,,,,,,,,,,,Sc 3: Feedstock price: +50%,,,,,,,,,,,,,,,,,,,,,,,,,,,,,,,,,,,,,,,,,,,,,,,,,,,,,,,,,,,,,,,,,,,,,,,,,,,,,,,,,,,,,,,,,,,,,,,,,,,,,,,,,,,,,,,,,,,,,,,,,,,,,,,,,,,,,,,,,,,,,,,,,,,,,,,,,,,,,,,,,,,,,,,,,,,,,,,,,,,,,,,,,,,,,,,,,,,,PP,HT,-0.0077138717763649825,0.4970819458708376
26,PET,HT,#2,#11,GASOLINE_1,0.9449880077942282,2.725545350502329,60.1270327439543,-0.4277975009126369,-0.14150655497660516,-31.4661431730128,0.47667227639506826,,Feed,Tech,Pathway1,Pathway2,Product,Unit treatment cost ($/kg),Unit CO2 emission (kgCO2eq/kg),Unit energy consumption (MJ/kg),Unit profit ($/kg),Unit CO2 reduction (kgCO2eq/kg),Unit energy recovery (MJ/kg),Energy efficiency,,,,ZONE 1,ZONE 2,ZONE 3,ZONE 4,,,,,,,,,,,,,,,,,,,,,,,,,,,,,,,,,,,,,,,,,,,,,,,,,,,,,,,,,,,,,,,,,,,,,,,,,,,,,,,,,,,,,,,,,,,,,,,,,,,,,,,,,,,,,,,,,,,,,,,,,,,,,,,,,,,,,,,,,,,,,,,,,,,,,,,,,,,,,,,,,,,,,,,,,,,,,,,,,,,,,,,,,,,,,,,,PP,LT,-0.01206945650184636,1.5765142558600411
27,PET,HT,#3,#1,GASOLINE_1,0.9658371061649601,3.770354300835437,62.508480784479666,-0.45446443521799323,-1.2181951830324365,-33.07696539675728,0.4708403566741296,,PP,HT,#1,#7,MeOH_1,0.8123892882345621,2.5860023104245,75.72925197824698,0.2605564019378073,0.02410103138012618,-30.621615495932623,0.5956434971161659,,,PET,3,1,38,176,218,,,,,,,,,,,,,,,,,,,,,,,,,,,,,,,,,,,,,,,,,,,,,,,,,,,,,,,,,,,,,,,,,,,,,,,,,,,,,,,,,,,,,,,,,,,,,,,,,,,,,,,,,,,,,,,,,,,,,,,,,,,,,,,,,,,,,,,,,,,,,,,,,,,,,,,,,,,,,,,,,,,,,,,,,,,,,,,,,,,,,,,,,,,,,,,PP,SG,0.021271678956616996,3.5169717921932473
28,PET,HT,#3,#2,GASOLINE_1,1.2725108872186854,4.313288911845313,82.48115566447967,-0.5527221104533031,-1.4361309583627904,-44.11453334527295,0.4651562167154409,,,,,,,,,,,,,,,,PP,44,115,2,79,240,,,,,,,,,,,,,,,,,,,,,,,,,,,,,,,,,,,,,,,,,,,,,,,,,,,,,,,,,,,,,,,,,,,,,,,,,,,,,,,,,,,,,,,,,,,,,,,,,,,,,,,,,,,,,,,,,,,,,,,,,,,,,,,,,,,,,,,,,,,,,,,,,,,,,,,,,,,,,,,,,,,,,,,,,,,,,,,,,,,,,,,,,,,,,,,PP,OG,-0.25508030406350357,1.1161699329292052
29,PET,HT,#3,#3,GASOLINE_1,0.9507137078877212,2.983968071509837,62.90318469942577,-0.4116002187110015,-0.4201123842277342,-32.19515066235262,0.4881793216640346,,,,,,,,,,,,,,,,PVC,1,0,53,186,240,,,,,,,,,,,,,,,,,,,,,,,,,,,,,,,,,,,,,,,,,,,,,,,,,,,,,,,,,,,,,,,,,,,,,,,,,,,,,,,,,,,,,,,,,,,,,,,,,,,,,,,,,,,,,,,,,,,,,,,,,,,,,,,,,,,,,,,,,,,,,,,,,,,,,,,,,,,,,,,,,,,,,,,,,,,,,,,,,,,,,,,,,,,,,,,PVC,HT,-0.3211822121732225,0.8964524453142434
30,PET,HT,#3,#4,GASOLINE_1,1.0508564744515336,4.357089473440518,69.83060558447967,-0.5444958308101895,-1.8721972381588536,-40.666375278869445,0.41764252309580674,,,,,,,,,,,,,,,,PS,13,10,4,11,38,,,,,,,,,,,,,,,,,,,,,,,,,,,,,,,,,,,,,,,,,,,,,,,,,,,,,,,,,,,,,,,,,,,,,,,,,,,,,,,,,,,,,,,,,,,,,,,,,,,,,,,,,,,,,,,,,,,,,,,,,,,,,,,,,,,,,,,,,,,,,,,,,,,,,,,,,,,,,,,,,,,,,,,,,,,,,,,,,,,,,,,,,,,,,,,PVC,LT,-0.3722086677558651,0.8516262620261918
31,PET,HT,#3,#5,GASOLINE_1,1.32989500230808,4.787968856746719,86.16679614447966,-0.6065522802768093,-1.9200151771046592,-48.14719805374687,0.4412325836855261,,,,,,,,,,,,,,,,PE,13,57,19,134,223,,,,,,,,,,,,,,,,,,,,,,,,,,,,,,,,,,,,,,,,,,,,,,,,,,,,,,,,,,,,,,,,,,,,,,,,,,,,,,,,,,,,,,,,,,,,,,,,,,,,,,,,,,,,,,,,,,,,,,,,,,,,,,,,,,,,,,,,,,,,,,,,,,,,,,,,,,,,,,,,,,,,,,,,,,,,,,,,,,,,,,,,,,,,,,,PVC,SG,-0.3701127718060485,1.3229290711829582
32,PET,HT,#3,#6,GASOLINE_1,0.8397237537368092,2.5303265833580295,57.25307953280199,-0.3046612633340395,-0.039794157262937425,-27.184580236904868,0.5251857112536625,,,,,,,,,,,,,,,,,74,183,116,586,959,,,,,,,,,,,,,,,,,,,,,,,,,,,,,,,,,,,,,,,,,,,,,,,,,,,,,,,,,,,,,,,,,,,,,,,,,,,,,,,,,,,,,,,,,,,,,,,,,,,,,,,,,,,,,,,,,,,,,,,,,,,,,,,,,,,,,,,,,,,,,,,,,,,,,,,,,,,,,,,,,,,,,,,,,,,,,,,,,,,,,,,,,,,,,,,PVC,OG,-0.5162004175343348,0.764105933046289
33,PET,HT,#3,#7,GASOLINE_1,0.9537932124777583,3.239337415371478,64.15701531232197,-0.4202907247388412,-0.6809650510070616,-34.46807873968891,0.46275432901771874,,,,,,,,,,,,,,,,,,,,,,,,,,,,,,,,,,,,,,,,,,,,,,,,,,,,,,,,,,,,,,,,,,,,,,,,,,,,,,,,,,,,,,,,,,,,,,,,,,,,,,,,,,,,,,,,,,,,,,,,,,,,,,,,,,,,,,,,,,,,,,,,,,,,,,,,,,,,,,,,,,,,,,,,,,,,,,,,,,,,,,,,,,,,,,,,,,,,,,,,,,,,,,,,,,,,PS,HT,0.14817110403328185,2.3467233059689914
34,PET,HT,#3,#8,GASOLINE_1,1.0210399787854227,3.3616120019087106,66.23680381323398,-0.46636400096327796,-0.8164088895741922,-36.785004633389896,0.4446440269504622,,,,,,,,,,,,,,,,,,,,,,,,,,,,,,,,,,,,,,,,,,,,,,,,,,,,,,,,,,,,,,,,,,,,,,,,,,,,,,,,,,,,,,,,,,,,,,,,,,,,,,,,,,,,,,,,,,,,,,,,,,,,,,,,,,,,,,,,,,,,,,,,,,,,,,,,,,,,,,,,,,,,,,,,,,,,,,,,,,,,,,,,,,,,,,,,,,,,,,,,,,,,,,,,,,,,PS,LT,0.16766714551275613,2.418205663389182
35,PET,HT,#3,#9,GASOLINE_1,0.93399732498475,3.0551676471136977,63.111128735671876,-0.39363849400620354,-0.48515560914332745,-33.10505744501984,0.4754481799291906,,,,,,,,,,,,,,,,,,,,,,,,,,,,,,,,,,,,,,,,,,,,,,,,,,,,,,,,,,,,,,,,,,,,,,,,,,,,,,,,,,,,,,,,,,,,,,,,,,,,,,,,,,,,,,,,,,,,,,,,,,,,,,,,,,,,,,,,,,,,,,,,,,,,,,,,,,,,,,,,,,,,,,,,,,,,,,,,,,,,,,,,,,,,,,,,,,,,,,,,,,,,,,,,,,,,PS,SG,-0.09453982986050448,4.56856957595498
36,PET,HT,#3,#10,GASOLINE_1,1.0237593881795555,3.4853228140697237,67.53207294720198,-0.48785678544172434,-0.9888579670486587,-38.11327416820894,0.4356270657054061,,,,,,,,,,,,,,,,,,,,,,,,,,,,,,,,,,,,,,,,,,,,,,,,,,,,,,,,,,,,,,,,,,,,,,,,,,,,,,,,,,,,,,,,,,,,,,,,,,,,,,,,,,,,,,,,,,,,,,,,,,,,,,,,,,,,,,,,,,,,,,,,,,,,,,,,,,,,,,,,,,,,,,,,,,,,,,,,,,,,,,,,,,,,,,,,,,,,,,,,,,,,,,,,,,,,PS,OG,-0.3932517851925415,1.9680959131427291
37,PET,HT,#3,#11,GASOLINE_1,1.042501685932332,3.495377994018371,67.87660411723398,-0.4830703551356936,-0.9540930125651592,-38.43405544462894,0.4337657880136866,,,,,,,,,,,,,,,,,,,,,,,,,,,,,,,,,,,,,,,,,,,,,,,,,,,,,,,,,,,,,,,,,,,,,,,,,,,,,,,,,,,,,,,,,,,,,,,,,,,,,,,,,,,,,,,,,,,,,,,,,,,,,,,,,,,,,,,,,,,,,,,,,,,,,,,,,,,,,,,,,,,,,,,,,,,,,,,,,,,,,,,,,,,,,,,,,,,,,,,,,,,,,,,,,,,,PE,HT,0.04157018738248297,0.9413081505094689
38,PET,HT,#4,#1,GASOLINE_1,1.0355690261439994,4.106990329549101,65.32884544539166,-0.4935372771225132,-1.501638565037117,-36.59757399604756,0.43979456935850114,,,,,,,,,,,,,,,,,,,,,,,,,,,,,,,,,,,,,,,,,,,,,,,,,,,,,,,,,,,,,,,,,,,,,,,,,,,,,,,,,,,,,,,,,,,,,,,,,,,,,,,,,,,,,,,,,,,,,,,,,,,,,,,,,,,,,,,,,,,,,,,,,,,,,,,,,,,,,,,,,,,,,,,,,,,,,,,,,,,,,,,,,,,,,,,,,,,,,,,,,,,,,,,,,,,,PE,LT,-0.22309135555886828,1.78226881614714
39,PET,HT,#4,#2,GASOLINE_1,1.3422428071977246,4.649924940558976,85.30152032539166,-0.591794952357823,-1.7195743403674697,-47.635141944563216,0.44156749184710964,,,,,,,,,,,,,,,,,,,,,,,,,,,,,,,,,,,,,,,,,,,,,,,,,,,,,,,,,,,,,,,,,,,,,,,,,,,,,,,,,,,,,,,,,,,,,,,,,,,,,,,,,,,,,,,,,,,,,,,,,,,,,,,,,,,,,,,,,,,,,,,,,,,,,,,,,,,,,,,,,,,,,,,,,,,,,,,,,,,,,,,,,,,,,,,,,,,,,,,,,,,,,,,,,,,,PE,SG,-0.04043578966057851,4.369667888662126
40,PET,HT,#4,#3,GASOLINE_1,1.0204456278667604,3.320604100223501,65.72354936033777,-0.45067306061552115,-0.7035557662324154,-35.715759261642894,0.45657592127554353,,,,,,,,Aromatics,10,Aromatics,10,,,,,,,,,,,Aromatics,0,Aromatics,0,,,,,,,,,,,Aromatics,19,Aromatics,19,,,,,,,,,,Aromatics,13,Aromatics,13,,,,,,,,,,,,,,,,,,,,,,,,,,,,,,,,,,,,,,,,,,,,,,,,,,,,,,,,,,,,,,,,,,,,,,,,,,,,,,,,,,,,,,,,,,,,,,,,,,,,,,,,,,,,,,,,,,,,,,,,,,,,,,,,,,,,,,,,,,,,,,,,,,,,,,,,,,,,,,,,PE,OG,-0.3683439792002719,2.438093689519348
41,PET,HT,#4,#4,GASOLINE_1,1.1205883944305728,4.693725502154182,72.65097024539166,-0.5835686727147092,-2.1556406201635347,-44.186983878159715,0.39179086350932046,,,,,,,,BA_1,18,Benzoic acid,18,,,,,,,,,,,BA_1,1,Benzoic acid,1,,,,,,,,,,,BA_1,0,Benzoic acid,0,,,,,,,,,,BA_1,1,Benzoic acid,1,,,,,,,,,,,,,,,,,,,,,,,,,,,,,,,,,,,,,,,,,,,,,,,,,,,,,,,,,,,,,,,,,,,,,,,,,,,,,,,,,,,,,,,,,,,,,,,,,,,,,,,,,,,,,,,,,,,,,,,,,,,,,,,,,,,,,,,,,,,,,,,,,,,,,,,,,,,,,,,,PE,HG,-0.08155262330046469,1.1809293735842257
42,PET,HT,#4,#5,GASOLINE_1,1.399626922287119,5.124604885460384,88.98716080539165,-0.6456251221813291,-2.2034585591093405,-51.66780665303714,0.4193790858657597,,,,,,,,DIESEL_1,52,Diesel,52,,,,,,,,,,,DIESEL_1,77,Diesel,77,,,,,,,,,,,DIESEL_1,0,Diesel,0,,,,,,,,,,DIESEL_1,9,Diesel,9,,,,,,,,,,,,,,,,,,,,,,,,,,,,,,,,,,,,,,,,,,,,,,,,,,,,,,,,,,,,,,,,,,,,,,,,,,,,,,,,,,,,,,,,,,,,,,,,,,,,,,,,,,,,,,,,,,,,,,,,,,,,,,,,,,,,,,,,,,,,,,,,,,,,,,,,,,,,,,,,,,-0.1854282722133986,1.6802938930874713
43,PET,HT,#4,#6,GASOLINE_1,0.9094556737158485,2.8669626120716933,60.07344419371398,-0.3437341052385594,-0.32323753926761867,-30.70518883619514,0.488872508505046,,,,,,,,FT_1,15,FT fuel,15,,,,,,,,,,,FT_1,104,FT fuel,106,,,,,,,,,,,FT_1,0,FT fuel,0,,,,,,,,,,FT_1,38,FT fuel,38,,,,,,,,,,,,,,,,,,,,,,,,,,,,,,,,,,,,,,,,,,,,,,,,,,,,,,,,,,,,,,,,,,,,,,,,,,,,,,,,,,,,,,,,,,,,,,,,,,,,,,,,,,,,,,,,,,,,,,,,,,,,,,,,,,,,,,,,,,,,,,,,,,,,,,,,,,,,,,,,,,,
44,PET,HT,#4,#7,GASOLINE_1,1.023525132456797,3.575973444085142,66.97737997323398,-0.4593635666433607,-0.9644084330117428,-37.98868733897919,0.43281317731209357,,,,,,,,FT_4,0,Gasoline,63,,,,,,,,,,,FT_4,2,Gasoline,63,,,,,,,,,,,FT_4,0,Gasoline,0,,,,,,,,,,FT_4,0,Gasoline,69,,,,,,,,,,,,,,,,,,,,,,,,,,,,,,,,,,,,,,,,,,,,,,,,,,,,,,,,,,,,,,,,,,,,,,,,,,,,,,,,,,,,,,,,,,,,,,,,,,,,,,,,,,,,,,,,,,,,,,,,,,,,,,,,,,,,,,,,,,,,,,,,,,,,,,,,,,,,,,,,,,,
45,PET,HT,#4,#8,GASOLINE_1,1.0907718987644621,3.698248030622374,69.05716847414598,-0.5054368428677978,-1.0998522715788728,-40.305613232680166,0.4163442532722723,,PET,54,,HT,123,,GASOLINE_1,63,Hydrogen,26,,,,,,,,,,,GASOLINE_1,63,Hydrogen,22,,,,,,,,,,,GASOLINE_1,0,Hydrogen,0,,,,,,,,,,GASOLINE_1,69,Hydrogen,0,,,,,,,,,,,,,,,,,,,,,,,,,,,,,,,,,,,,,,,,,,,,,,,,,,,,,,,,,,,,,,,,,,,,,,,,,,,,,,,,,,,,,,,,,,,,,,,,,,,,,,,,,,,,,,,,,,,,,,,,,,,,,,,,,,,,,,,,,,,,,,,,,,,,,,,,,,,,,,,,,,,
46,PET,HT,#4,#9,GASOLINE_1,1.003729244963789,3.3918036758273615,65.93149339658387,-0.43271133591072314,-0.7685989911480084,-36.62566604431012,0.4444890573916863,,PP,90,,LT,157,,H2_1,26,MeOH,25,,,,,PET,51,,HT,197,,H2_1,22,MeOH,152,,,,,PET,0,,HT,10,,H2_1,0,MeOH,0,,,,PET,113,,HT,108,,H2_1,0,MeOH,49,,,,,,,,,,,,,,,,,,,,,,,,,,,,,,,,,,,,,,,,,,,,,,,,,,,,,,,,,,,,,,,,,,,,,,,,,,,,,,,,,,,,,,,,,,,,,,,,,,,,,,,,,,,,,,,,,,,,,,,,,,,,,,,,,,,,,,,,,,,,,,,,,,,,,,,,,,,,,,,,,,,
47,PET,HT,#4,#10,GASOLINE_1,1.0934913081585946,3.821958842783388,70.35243760811397,-0.5269296273462442,-1.27230134905334,-41.63388276749922,0.4082098050473598,,PVC,45,,SG,0,,MeOH_1,25,Olefins,26,,,,,PP,137,,LT,176,,MeOH_1,152,Olefins,0,,,,,PP,0,,LT,11,,MeOH_1,0,Olefins,0,,,,PP,13,,LT,72,,MeOH_1,49,Olefins,0,,,,,,,,,,,,,,,,,,,,,,,,,,,,,,,,,,,,,,,,,,,,,,,,,,,,,,,,,,,,,,,,,,,,,,,,,,,,,,,,,,,,,,,,,,,,,,,,,,,,,,,,,,,,,,,,,,,,,,,,,,,,,,,,,,,,,,,,,,,,,,,,,,,,,,,,,,,,,,,,,,,
48,PET,HT,#4,#11,GASOLINE_1,1.1122336059113709,3.832014022732035,70.69696877814597,-0.5221431970402131,-1.2375363945698403,-41.9546640439192,0.40655639458069187,,PS,18,,OG,23,,Olefin,26,WAX,51,,,,,PVC,128,,SG,50,,Olefin,0,WAX,22,,,,,PVC,19,,SG,0,,Olefin,0,WAX,2,,,,PVC,48,,SG,0,,Olefin,0,WAX,4,,,,,,,,,,,,,,,,,,,,,,,,,,,,,,,,,,,,,,,,,,,,,,,,,,,,,,,,,,,,,,,,,,,,,,,,,,,,,,,,,,,,,,,,,,,,,,,,,,,,,,,,,,,,,,,,,,,,,,,,,,,,,,,,,,,,,,,,,,,,,,,,,,,,,,,,,,,,,,,,,,,
49,PET,HT,#5,#1,GASOLINE_1,0.973279920176137,3.594047105875734,61.652792685229514,-0.4649550709492002,-0.8412607415551913,-30.685476778317536,0.502285696367668,,PE,99,,HG,3,,WAX_1,51,Jet fuel,20,,,,,PS,19,,OG,24,,WAX_1,22,Jet fuel,6,,,,,PS,0,,OG,0,,WAX_1,2,Jet fuel,0,,,,PS,1,,OG,3,,WAX_1,4,Jet fuel,0,,,,,,,,,,,,,,,,,,,,,,,,,,,,,,,,,,,,,,,,,,,,,,,,,,,,,,,,,,,,,,,,,,,,,,,,,,,,,,,,,,,,,,,,,,,,,,,,,,,,,,,,,,,,,,,,,,,,,,,,,,,,,,,,,,,,,,,,,,,,,,,,,,,,,,,,,,,,,,,,,,,
50,PET,HT,#5,#2,GASOLINE_1,1.2799537012298625,4.13698171688561,81.62546756522953,-0.5632127461845104,-1.0591965168855453,-41.72304472683321,0.4888477092827555,,,306,,,306,,JET FUEL_1,20,,306,,,,,PE,114,,HG,2,,JET FUEL_1,6,,449,,,,,PE,2,,HG,0,,JET FUEL_1,0,,21,,,,PE,8,,HG,0,,JET FUEL_1,0,,183,,,,,,,,,,,,,,,,,,,,,,,,,,,,,,,,,,,,,,,,,,,,,,,,,,,,,,,,,,,,,,,,,,,,,,,,,,,,,,,,,,,,,,,,,,,,,,,,,,,,,,,,,,,,,,,,,,,,,,,,,,,,,,,,,,,,,,,,,,,,,,,,,,,,,,,,,,,,,,,,,,,
51,PET,HT,#5,#3,GASOLINE_1,0.9581565218988995,2.8076608765501345,62.0474966001756,-0.42209085444220984,-0.04317794275049001,-29.80366204391286,0.51966374669452,,,,,,,,,306,,,,,,,,449,,,449,,,449,,,,,,,,21,,,21,,,21,,,,,,,183,,,183,,,183,,,,,,,,,,,,,,,,,,,,,,,,,,,,,,,,,,,,,,,,,,,,,,,,,,,,,,,,,,,,,,,,,,,,,,,,,,,,,,,,,,,,,,,,,,,,,,,,,,,,,,,,,,,,,,,,,,,,,,,,,,,,,,,,,,,,,,,,,,,,,,,,,,,,,,,,,,,,,,,,,,,,,
52,PET,HT,#5,#4,GASOLINE_1,1.0582992884627105,4.180782278480817,68.97491748522953,-0.5549864665413965,-1.4952627966816103,-38.27488666042971,0.44508977964887025,,(i),,,,,,,,,,,,,,(ii),,,,,,,,,,,,,,(iii),,,,,,,,,,,,,(iv),,,,,,,,,,,,,,,,,,,,,,,,,,,,,,,,,,,,,,,,,,,,,,,,,,,,,,,,,,,,,,,,,,,,,,,,,,,,,,,,,,,,,,,,,,,,,,,,,,,,,,,,,,,,,,,,,,,,,,,,,,,,,,,,,,,,,,,,,,,,,,,,,,,,,,,,,,,,,,,,,,,,,,,,,,,,
53,PET,HT,#5,#5,GASOLINE_1,1.3373378163192569,4.611661661787017,85.31110804522952,-0.6170429160080164,-1.5430807356274145,-45.75570943530713,0.46366058906363333,,Feed,Tech,Pathway1,Pathway2,Product,Unit treatment cost ($/kg),Unit CO2 emission (kgCO2eq/kg),Unit energy consumption (MJ/kg),Unit profit ($/kg),Unit CO2 reduction (kgCO2eq/kg),Unit energy recovery (MJ/kg),Energy efficiency,Number,,Feed,Tech,Pathway1,Pathway2,Product,Unit treatment cost ($/kg),Unit CO2 emission (kgCO2eq/kg),Unit energy consumption (MJ/kg),Unit profit ($/kg),Unit CO2 reduction (kgCO2eq/kg),Unit energy recovery (MJ/kg),Energy efficiency,Number,,Feed,Tech,Pathway1,Pathway2,Product,Unit treatment cost ($/kg),Unit CO2 emission (kgCO2eq/kg),Unit energy consumption (MJ/kg),Unit profit ($/kg),Unit CO2 reduction (kgCO2eq/kg),Unit energy recovery (MJ/kg),Energy efficiency,Number,Feed,Tech,Pathway1,Pathway2,Product,Unit treatment cost ($/kg),Unit CO2 emission (kgCO2eq/kg),Unit energy consumption (MJ/kg),Unit profit ($/kg),Unit CO2 reduction (kgCO2eq/kg),Unit energy recovery (MJ/kg),Energy efficiency,Number,,,,,,,,,,,,,,,,,,,,,,,,,,,,,,,,,,,,,,,,,,,,,,,,,,,,,,,,,,,,,,,,,,,,,,,,,,,,,,,,,,,,,,,,,,,,,,,,,,,,,,,,,,,,,,,,,,,,,,,,,,,,,,,,,,,,,,,,,,,,,,,,,,,,,,,,,,,,,,,,
54,PET,HT,#5,#6,GASOLINE_1,0.8471665677479858,2.3540193883983274,56.397391433551824,-0.3151518990652463,0.3371402842143071,-24.793091618465105,0.5603858443049327,,PET,HT,#1,#1,GASOLINE_1,0.7104234997149674,2.3114024359081182,48.74023520000001,-0.17559669176150627,0.0873788030717364,-19.047686903598574,0.6091999387069317,1,,PET,HT,#1,#2,GASOLINE_1,1.0170972807686927,2.8543370469179927,68.71291008000001,-0.2738543669968162,-0.1305569722586161,-30.085254852114243,0.5621600829147384,1,,PVC,HT,#8,#1,Aromatics,0.6712015168769442,1.3291332192001486,25.105712576408106,-0.43949898452358194,0.09335191220596463,-10.780499736993377,0.5705957477134571,1,PET,HT,#2,#2,GASOLINE_1,1.1749972090805818,3.5434562683292694,74.73158429120001,-0.4974492562302467,-0.623544500774234,-37.146621073656824,0.5029327770048224,1,,,,,,,,,,,,,,,,,,,,,,,,,,,,,,,,,,,,,,,,,,,,,,,,,,,,,,,,,,,,,,,,,,,,,,,,,,,,,,,,,,,,,,,,,,,,,,,,,,,,,,,,,,,,,,,,,,,,,,,,,,,,,,,,,,,,,,,,,,,,,,,,,,,,,,,,,,,,,,,,
55,PET,HT,#5,#7,GASOLINE_1,0.9612360264889349,3.0630302204117763,63.30132721307182,-0.43078136047004806,-0.3040306095298177,-32.07659012124917,0.49327144416293844,,PET,HT,#1,#3,GASOLINE_1,0.6953001014377286,1.5250162065825181,49.1349391149461,-0.1327324752545144,0.8854616018764376,-18.16587216919389,0.6302860551694851,2,,PET,HT,#1,#4,GASOLINE_1,0.7954428680015408,2.898137608513199,56.06236000000001,-0.26562808735370236,-0.5666232520546812,-26.637096785710725,0.5248666523187622,2,,PVC,HT,#8,#2,Aromatics,0.874865819110096,1.5684057795500141,35.57952473640811,-0.5166156963644195,0.03258617274737388,-16.206020155968826,0.544512742201264,2,PET,HT,#2,#4,GASOLINE_1,0.9533427963134299,3.5872568299244754,62.08103421119999,-0.4892229765871328,-1.0596107805702983,-33.69846300725331,0.45718586303490105,2,,,,,,,,,,,,,,,,,,,,,,,,,,,,,,,,,,,,,,,,,,,,,,,,,,,,,,,,,,,,,,,,,,,,,,,,,,,,,,,,,,,,,,,,,,,,,,,,,,,,,,,,,,,,,,,,,,,,,,,,,,,,,,,,,,,,,,,,,,,,,,,,,,,,,,,,,,,,,,,,
56,PET,HT,#5,#8,GASOLINE_1,1.0284827927965998,3.185304806949008,65.38111571398383,-0.4768546366944851,-0.43947444809694797,-34.393516014950144,0.4739533634542428,,PET,HT,#1,#6,GASOLINE_1,0.5843101472868149,1.0713747184307107,43.48483394832232,-0.02579351987755089,1.265779828841235,-13.155301743746131,0.6974737960508258,3,,PET,HT,#1,#5,GASOLINE_1,1.0744813958580859,3.3290169918194006,72.39855056,-0.3276845368203209,-0.6144411910004867,-34.117919560588156,0.5287485827176461,3,,PVC,HT,#8,#8,Aromatics,0.6961791853979605,0.9064984225848549,26.286255923402866,-0.4436154566980353,0.5262537096442135,-11.935743833221059,0.5459321453766046,3,PET,HT,#2,#5,GASOLINE_1,1.2323813241699766,4.018136213230677,78.41722477119998,-0.551279426053753,-1.1074287195161039,-41.179285782130734,0.47486938102845866,3,,,,,,,,,,,,,,,,,,,,,,,,,,,,,,,,,,,,,,,,,,,,,,,,,,,,,,,,,,,,,,,,,,,,,,,,,,,,,,,,,,,,,,,,,,,,,,,,,,,,,,,,,,,,,,,,,,,,,,,,,,,,,,,,,,,,,,,,,,,,,,,,,,,,,,,,,,,,,,,,
57,PET,HT,#5,#9,GASOLINE_1,0.9414401389959272,2.8788604521539956,62.25544063642174,-0.40412912973741055,-0.10822116766608357,-30.71356882658012,0.5066524545870528,,PET,HT,#1,#7,GASOLINE_1,0.6983796060277653,1.78038555044416,50.38876972784231,-0.14142298128235395,0.6246089350971102,-20.438800246530196,0.5943778671929604,4,,PET,HT,#2,#1,GASOLINE_1,0.8683234280268564,3.0005216573193945,54.7589094112,-0.3991915809949365,-0.40560872544388116,-26.10905312514116,0.5231999065379305,4,,PVC,HT,#8,#10,Aromatics,0.7076691697689077,0.9942648250295778,27.712367873370866,-0.45656170351422076,0.4206466222671859,-13.409784871623883,0.5161082974613115,4,PET,HT,#2,#10,GASOLINE_1,0.9262457100414516,2.7154901705536805,59.78250157392231,-0.4325839312186676,-0.1762715094601035,-31.145361896592817,0.47902210384955324,4,,,,,,,,,,,,,,,,,,,,,,,,,,,,,,,,,,,,,,,,,,,,,,,,,,,,,,,,,,,,,,,,,,,,,,,,,,,,,,,,,,,,,,,,,,,,,,,,,,,,,,,,,,,,,,,,,,,,,,,,,,,,,,,,,,,,,,,,,,,,,,,,,,,,,,,,,,,,,,,,
58,PET,HT,#5,#10,GASOLINE_1,1.0312022021907323,3.309015619110021,66.67638484795184,-0.4983474211729312,-0.6119235255714143,-35.7217855497692,0.46425131429622635,,PET,HT,#1,#8,GASOLINE_1,0.76562637233543,1.9026601369813916,52.46855822875432,-0.18749625750679094,0.48916509652998,-22.755726140231175,0.5662978570705157,5,,PET,HT,#2,#8,GASOLINE_1,0.9235263006473191,2.5917793583926683,58.48723243995431,-0.41109114674022146,-0.0038224319856375454,-29.817092361773756,0.4901948490658134,5,,PVC,HT,#8,#11,Aromatics,0.7590410427823271,1.2084731383293348,29.343735283402868,-0.5065230600435877,0.2234801251003626,-15.110828777305255,0.48504072057070036,5,PET,HT,#2,#11,GASOLINE_1,0.9449880077942282,2.725545350502329,60.1270327439543,-0.4277975009126369,-0.14150655497660516,-31.4661431730128,0.47667227639506826,5,,,,,,,,,,,,,,,,,,,,,,,,,,,,,,,,,,,,,,,,,,,,,,,,,,,,,,,,,,,,,,,,,,,,,,,,,,,,,,,,,,,,,,,,,,,,,,,,,,,,,,,,,,,,,,,,,,,,,,,,,,,,,,,,,,,,,,,,,,,,,,,,,,,,,,,,,,,,,,,,
59,PET,HT,#5,#11,GASOLINE_1,1.0499444999435088,3.3190707990586694,67.02091601798384,-0.4935609908669006,-0.5771585710879156,-36.0425668261892,0.46221912549631766,,PET,HT,#1,#9,GASOLINE_1,0.6785837185347575,1.5962157821863792,49.3428831511922,-0.11477075054971655,0.8204183769608444,-19.07577895186111,0.6134036413435601,6,,PET,HT,#3,#3,GASOLINE_1,0.9507137078877212,2.983968071509837,62.90318469942577,-0.4116002187110015,-0.4201123842277342,-32.19515066235262,0.4881793216640346,6,,PVC,HT,#9,#3,Aromatics,0.74466666523641,1.0311690115507344,25.1095244580515,-0.5045183353906215,0.4565312531245929,-9.977068380730993,0.6026580114092207,6,PET,HT,#3,#1,GASOLINE_1,0.9658371061649601,3.770354300835437,62.508480784479666,-0.45446443521799323,-1.2181951830324365,-33.07696539675728,0.4708403566741296,6,,,,,,,,,,,,,,,,,,,,,,,,,,,,,,,,,,,,,,,,,,,,,,,,,,,,,,,,,,,,,,,,,,,,,,,,,,,,,,,,,,,,,,,,,,,,,,,,,,,,,,,,,,,,,,,,,,,,,,,,,,,,,,,,,,,,,,,,,,,,,,,,,,,,,,,,,,,,,,,,
60,PET,HT,#6,#1,MeOH_1,1.093012229394276,4.759661248566214,75.03170609935968,-0.6088482145833479,-2.426089664229775,-48.65250433778984,0.3515740629253125,,PET,HT,#1,#10,GASOLINE_1,0.7683457817295627,2.026370949142405,53.76382736272232,-0.20898904198523724,0.31671601905551316,-24.083995675050225,0.5520409007981247,7,,PET,HT,#3,#6,GASOLINE_1,0.8397237537368092,2.5303265833580295,57.25307953280199,-0.3046612633340395,-0.039794157262937425,-27.184580236904868,0.5251857112536625,7,,PVC,HT,#9,#7,Aromatics,0.7187677285616924,1.0765584656292153,27.02151749977087,-0.47722852736083565,0.3988507606773971,-12.338783724540932,0.5433719174119085,7,PET,HT,#3,#2,GASOLINE_1,1.2725108872186854,4.313288911845313,82.48115566447967,-0.5527221104533031,-1.4361309583627904,-44.11453334527295,0.4651562167154409,7,,,,,,,,,,,,,,,,,,,,,,,,,,,,,,,,,,,,,,,,,,,,,,,,,,,,,,,,,,,,,,,,,,,,,,,,,,,,,,,,,,,,,,,,,,,,,,,,,,,,,,,,,,,,,,,,,,,,,,,,,,,,,,,,,,,,,,,,,,,,,,,,,,,,,,,,,,,,,,,,
61,PET,HT,#6,#2,MeOH_1,1.3996860104480011,5.30259585957609,95.00438097935965,-0.7071058898186576,-2.6440254395601284,-59.69007228630549,0.37171242345893973,,PET,HT,#1,#11,GASOLINE_1,0.7870880794823375,2.0364261290910526,54.108358532754316,-0.20420261167920478,0.3514809735390127,-24.404776951470215,0.5489647512279112,8,,PET,HT,#3,#9,GASOLINE_1,0.93399732498475,3.0551676471136977,63.111128735671876,-0.39363849400620354,-0.48515560914332745,-33.10505744501984,0.4754481799291906,8,,PVC,HT,#9,#8,Aromatics,0.7769294421863656,1.230377947749807,28.596478765802875,-0.5327402072726511,0.24332762344428405,-13.988909085873622,0.5108170764506057,8,PET,HT,#3,#4,GASOLINE_1,1.0508564744515336,4.357089473440518,69.83060558447967,-0.5444958308101895,-1.8721972381588536,-40.666375278869445,0.41764252309580674,8,,,,,,,,,,,,,,,,,,,,,,,,,,,,,,,,,,,,,,,,,,,,,,,,,,,,,,,,,,,,,,,,,,,,,,,,,,,,,,,,,,,,,,,,,,,,,,,,,,,,,,,,,,,,,,,,,,,,,,,,,,,,,,,,,,,,,,,,,,,,,,,,,,,,,,,,,,,,,,,,
62,PET,HT,#6,#3,MeOH_1,1.0778888311170371,3.973275019240614,75.42641001430576,-0.565983998076356,-1.6280068654250734,-47.770689603385165,0.36665831511370184,,PET,HT,#2,#3,GASOLINE_1,0.8532000297496187,2.2141354279937944,55.153613326146086,-0.3563273644879461,0.3924740733608204,-25.22723839073648,0.5426004413970594,9,,PET,HT,#4,#6,GASOLINE_1,0.9094556737158485,2.8669626120716933,60.07344419371398,-0.3437341052385594,-0.32323753926761867,-30.70518883619514,0.488872508505046,9,,PVC,HT,#9,#9,Aromatics,0.7306752676217768,1.081439737700956,28.19731116985719,-0.48789278213147236,0.4101285299335552,-13.324553904024905,0.527453031824226,9,PET,HT,#3,#5,GASOLINE_1,1.32989500230808,4.787968856746719,86.16679614447966,-0.6065522802768093,-1.9200151771046592,-48.14719805374687,0.4412325836855261,9,,,,,,,,,,,,,,,,,,,,,,,,,,,,,,,,,,,,,,,,,,,,,,,,,,,,,,,,,,,,,,,,,,,,,,,,,,,,,,,,,,,,,,,,,,,,,,,,,,,,,,,,,,,,,,,,,,,,,,,,,,,,,,,,,,,,,,,,,,,,,,,,,,,,,,,,,,,,,,,,
63,PET,HT,#6,#4,MeOH_1,1.1780315976808495,5.346396421171296,82.35383089935965,-0.6988796101755443,-3.0800917193561936,-56.24191421990198,0.31706984841260993,,PET,HT,#2,#6,GASOLINE_1,0.7422100755987054,1.760493939841987,49.50350815952231,-0.24938840911098298,0.7727923003256173,-20.21666796528872,0.5916114086270082,10,,PET,HT,#5,#9,GASOLINE_1,0.9414401389959272,2.8788604521539956,62.25544063642174,-0.40412912973741055,-0.10822116766608357,-30.71356882658012,0.5066524545870528,10,,PVC,HT,#9,#10,Aromatics,0.7884194265573126,1.3181443501945298,30.022590715770868,-0.5456864540888365,0.13772053606725662,-15.462950124276452,0.4849561694836094,10,PET,HT,#3,#7,GASOLINE_1,0.9537932124777583,3.239337415371478,64.15701531232197,-0.4202907247388412,-0.6809650510070616,-34.46807873968891,0.46275432901771874,10,,,,,,,,,,,,,,,,,,,,,,,,,,,,,,,,,,,,,,,,,,,,,,,,,,,,,,,,,,,,,,,,,,,,,,,,,,,,,,,,,,,,,,,,,,,,,,,,,,,,,,,,,,,,,,,,,,,,,,,,,,,,,,,,,,,,,,,,,,,,,,,,,,,,,,,,,,,,,,,,
64,PET,HT,#6,#5,MeOH_1,1.4570701255373957,5.777275804477497,98.69002145935967,-0.7609360596421639,-3.127909658301997,-63.7227369947794,0.3543142857556243,,PET,HT,#2,#7,GASOLINE_1,0.8562795343396543,2.469504771855436,56.4074439390423,-0.3650178705157843,0.1316214065814927,-27.500166468072788,0.5124727421119928,11,,PET,LT,#1,#1,MeOH_1,1.198345682514484,3.505075778003887,83.07920927999999,-0.3779673230161693,-0.13459039734804212,-33.81217018679569,0.5930128550834025,11,,PVC,LT,#8,#3,Aromatics,0.6501440055922051,0.8090619611975827,24.169410392450715,-0.4181041384364591,0.5984961841114981,-9.102040000622313,0.6234066180006888,11,PET,HT,#3,#8,GASOLINE_1,1.0210399787854227,3.3616120019087106,66.23680381323398,-0.46636400096327796,-0.8164088895741922,-36.785004633389896,0.4446440269504622,11,,,,,,,,,,,,,,,,,,,,,,,,,,,,,,,,,,,,,,,,,,,,,,,,,,,,,,,,,,,,,,,,,,,,,,,,,,,,,,,,,,,,,,,,,,,,,,,,,,,,,,,,,,,,,,,,,,,,,,,,,,,,,,,,,,,,,,,,,,,,,,,,,,,,,,,,,,,,,,,,
65,PET,HT,#6,#6,MeOH_1,0.966898876966125,3.5196335310888065,69.77630484768198,-0.45904504269939395,-1.2476886384602761,-42.76011917793741,0.38718280838630664,,PET,HT,#2,#9,GASOLINE_1,0.8364836468466463,2.2853350035976554,55.361557362392205,-0.338365639783147,0.32743084844522685,-26.13714517340372,0.5278827688622971,12,,PET,LT,#1,#2,GASOLINE_1,1.003051915412427,3.3313210552375745,68.54282480000002,-0.3469203588803835,-0.5453673151773405,-35.645208625079846,0.47995711106029826,12,,PVC,LT,#8,#8,Aromatics,0.6733600954004518,0.9797206498854423,27.249160844513522,-0.436286877111308,0.38998369703068314,-13.072518104157043,0.5202597915308234,12,PET,HT,#3,#10,GASOLINE_1,1.0237593881795555,3.4853228140697237,67.53207294720198,-0.48785678544172434,-0.9888579670486587,-38.11327416820894,0.4356270657054061,12,,,,,,,,,,,,,,,,,,,,,,,,,,,,,,,,,,,,,,,,,,,,,,,,,,,,,,,,,,,,,,,,,,,,,,,,,,,,,,,,,,,,,,,,,,,,,,,,,,,,,,,,,,,,,,,,,,,,,,,,,,,,,,,,,,,,,,,,,,,,,,,,,,,,,,,,,,,,,,,,
66,PET,HT,#6,#7,MeOH_1,1.0809683357070738,4.228644363102257,76.68024062720198,-0.5746745041041957,-1.8888595322044022,-50.043617680721475,0.34737270943084764,,PET,HT,#5,#6,GASOLINE_1,0.8471665677479858,2.3540193883983274,56.397391433551824,-0.3151518990652463,0.3371402842143071,-24.793091618465105,0.5603858443049327,13,,PET,LT,#1,#4,MeOH_1,1.0710276174399622,4.306680294124027,80.75531568,-0.41235895297583625,-1.6216567337752736,-43.79562605900105,0.4576750064039741,13,,PVC,LT,#8,#10,Aromatics,0.6775202739141394,1.0686723854883107,28.679430778481528,-0.4448655600912065,0.2681430602976647,-14.358685773177774,0.4993385369436536,13,PET,HT,#3,#11,GASOLINE_1,1.042501685932332,3.495377994018371,67.87660411723398,-0.4830703551356936,-0.9540930125651592,-38.43405544462894,0.4337657880136866,13,,,,,,,,,,,,,,,,,,,,,,,,,,,,,,,,,,,,,,,,,,,,,,,,,,,,,,,,,,,,,,,,,,,,,,,,,,,,,,,,,,,,,,,,,,,,,,,,,,,,,,,,,,,,,,,,,,,,,,,,,,,,,,,,,,,,,,,,,,,,,,,,,,,,,,,,,,,,,,,,
67,PET,HT,#6,#8,MeOH_1,1.1482151020147384,4.350918949639488,78.76002912811397,-0.6207477803286324,-2.0243033707715314,-52.36054357442243,0.33518887493996685,,PET,HT,#8,#1,BA_1,0.7594649091327412,2.601256815983278,48.40963773588605,0.056281711906234336,1.112837135819641,-15.276042541756913,0.6844421223496827,14,,PET,LT,#2,#3,GASOLINE_1,0.7756286009091362,2.482651115183899,52.71759216878948,-0.3791390283351802,-0.011878418288493753,-30.869406893017665,0.41443822407174824,14,,PVC,LT,#8,#11,Aromatics,0.694017790366281,1.1572325170097002,29.154397820513523,-0.4559709259700803,0.20776809583877118,-14.993901232280832,0.48570705097085315,14,PET,HT,#4,#1,GASOLINE_1,1.0355690261439994,4.106990329549101,65.32884544539166,-0.4935372771225132,-1.501638565037117,-36.59757399604756,0.43979456935850114,14,,,,,,,,,,,,,,,,,,,,,,,,,,,,,,,,,,,,,,,,,,,,,,,,,,,,,,,,,,,,,,,,,,,,,,,,,,,,,,,,,,,,,,,,,,,,,,,,,,,,,,,,,,,,,,,,,,,,,,,,,,,,,,,,,,,,,,,,,,,,,,,,,,,,,,,,,,,,,,,,
68,PET,HT,#6,#9,MeOH_1,1.061172448214066,4.044474594844476,75.63435405055188,-0.5480222733715584,-1.693050090340668,-48.680596386052386,0.35636924520416147,,PET,HT,#8,#2,BA_1,1.066138690186468,3.144191426993153,68.38231261588606,-0.04197596332907736,0.8949013604892879,-26.313610490272595,0.6151985874171852,15,,PET,LT,#2,#8,GASOLINE_1,0.7938106273729141,2.576835909888041,54.463419098377564,-0.3614310718050753,-0.06783946369464129,-31.944646591232242,0.4134660085601593,15,,PVC,LT,#9,#3,Aromatics,0.7247965344609151,1.1068309460763137,26.312149232450714,-0.5014756775040538,0.3200702188042356,-11.363568363703846,0.5681246612234478,15,PET,HT,#4,#2,GASOLINE_1,1.3422428071977246,4.649924940558976,85.30152032539166,-0.591794952357823,-1.7195743403674697,-47.635141944563216,0.44156749184710964,15,,,,,,,,,,,,,,,,,,,,,,,,,,,,,,,,,,,,,,,,,,,,,,,,,,,,,,,,,,,,,,,,,,,,,,,,,,,,,,,,,,,,,,,,,,,,,,,,,,,,,,,,,,,,,,,,,,,,,,,,,,,,,,,,,,,,,,,,,,,,,,,,,,,,,,,,,,,,,,,,
69,PET,HT,#6,#10,MeOH_1,1.1509345114088712,4.474629761800501,80.05529826208199,-0.6422405648070787,-2.196752448245998,-53.68881310924151,0.3293534060234576,,PET,HT,#8,#3,BA_1,0.7443415108555038,1.8148705866576775,48.804341650832164,0.09914592841322459,1.9109199346243428,-14.394227807352259,0.7050625554928099,16,,PET,LT,#2,#10,GASOLINE_1,0.7432975099241849,2.6520378723986213,54.85794711234555,-0.32775256400953484,-0.19141632102558465,-32.45139330894883,0.4084468155089642,16,,PVC,LT,#9,#6,Aromatics,0.6423979605471348,0.8045864295587245,24.10364024178426,-0.4202999742679998,0.5931284869994151,-9.080059626679967,0.6232909413019093,16,PET,HT,#4,#3,GASOLINE_1,1.0204456278667604,3.320604100223501,65.72354936033777,-0.45067306061552115,-0.7035557662324154,-35.715759261642894,0.45657592127554353,16,,,,,,,,,,,,,,,,,,,,,,,,,,,,,,,,,,,,,,,,,,,,,,,,,,,,,,,,,,,,,,,,,,,,,,,,,,,,,,,,,,,,,,,,,,,,,,,,,,,,,,,,,,,,,,,,,,,,,,,,,,,,,,,,,,,,,,,,,,,,,,,,,,,,,,,,,,,,,,,,
70,PET,HT,#6,#11,MeOH_1,1.1696768091616476,4.484684941749149,80.39982943211398,-0.6374541345010479,-2.161987493762499,-54.00959438566148,0.3282374506619474,,PET,HT,#8,#4,BA_1,0.8444842774193162,3.1879919885883594,55.731762535886055,-0.03374968368596342,0.45883508069322315,-22.865452423869076,0.5897231420028057,17,,PET,LT,#2,#11,GASOLINE_1,0.7723143330726914,2.7260256018905795,55.49731797837755,-0.3418072375622667,-0.2254041089147532,-33.03727455530282,0.4047050243369499,17,,PVC,LT,#9,#7,Aromatics,0.7120620325915846,1.201317940387765,28.267043378481528,-0.4909709712477559,0.20414421980329872,-13.816397468537524,0.5112188677272365,17,PET,HT,#4,#4,GASOLINE_1,1.1205883944305728,4.693725502154182,72.65097024539166,-0.5835686727147092,-2.1556406201635347,-44.186983878159715,0.39179086350932046,17,,,,,,,,,,,,,,,,,,,,,,,,,,,,,,,,,,,,,,,,,,,,,,,,,,,,,,,,,,,,,,,,,,,,,,,,,,,,,,,,,,,,,,,,,,,,,,,,,,,,,,,,,,,,,,,,,,,,,,,,,,,,,,,,,,,,,,,,,,,,,,,,,,,,,,,,,,,,,,,,
71,PET,HT,#7,#1,GASOLINE_1,1.161082279538549,5.255997522874574,77.76689552539166,-0.619385246621234,-2.657221685948561,-49.28876959219796,0.36619856998014416,,PET,HT,#8,#5,BA_1,1.1235228052758612,3.618871371894561,72.06795309588608,-0.09580613315258205,0.41101714174741744,-30.34627519874652,0.5789213666389145,18,,PET,LT,#3,#7,MeOH_1,0.8319000224503986,3.197584124565938,59.88438973497053,-0.3831122613267801,-0.6755664049264228,-36.34774385354215,0.393034745542105,18,,PVC,LT,#9,#8,Aromatics,0.7480126242691614,1.2774896347641733,29.391899684513525,-0.5196584161789021,0.11155773172342077,-15.334046467238581,0.4782900516186088,18,PET,HT,#4,#5,GASOLINE_1,1.399626922287119,5.124604885460384,88.98716080539165,-0.6456251221813291,-2.2034585591093405,-51.66780665303714,0.4193790858657597,18,,,,,,,,,,,,,,,,,,,,,,,,,,,,,,,,,,,,,,,,,,,,,,,,,,,,,,,,,,,,,,,,,,,,,,,,,,,,,,,,,,,,,,,,,,,,,,,,,,,,,,,,,,,,,,,,,,,,,,,,,,,,,,,,,,,,,,,,,,,,,,,,,,,,,,,,,,,,,,,,
72,PET,HT,#7,#2,GASOLINE_1,1.4677560605922741,5.798932133884449,97.73957040539166,-0.7176429218565439,-2.8751574612789144,-60.326337540713624,0.38278491208320464,,PET,HT,#8,#6,BA_1,0.63335155670459,1.361229098505871,43.15423648420836,0.20608488379018816,2.291238161589139,-9.383657381904479,0.7825553608082422,19,,PET,LT,#3,#9,GASOLINE_1,0.8132756868183108,3.1056437571153794,59.11205389659332,-0.359593512427956,-0.5282822321328705,-35.05880224955357,0.4069094213697413,19,,PVC,LT,#9,#9,Aromatics,0.710698632297355,1.172560607009253,29.93031472360584,-0.4859342685940142,0.25129128099421205,-15.214221129870939,0.49167854496793567,19,PET,HT,#4,#7,GASOLINE_1,1.023525132456797,3.575973444085142,66.97737997323398,-0.4593635666433607,-0.9644084330117428,-37.98868733897919,0.43281317731209357,19,,,,,,,,,,,,,,,,,,,,,,,,,,,,,,,,,,,,,,,,,,,,,,,,,,,,,,,,,,,,,,,,,,,,,,,,,,,,,,,,,,,,,,,,,,,,,,,,,,,,,,,,,,,,,,,,,,,,,,,,,,,,,,,,,,,,,,,,,,,,,,,,,,,,,,,,,,,,,,,,
73,PET,HT,#7,#3,GASOLINE_1,1.1459588812613097,4.469611293548974,78.16159944033777,-0.5765210301142419,-1.8591388871438599,-48.4069548577933,0.3806811118963443,,PET,HT,#8,#7,BA_1,0.7474210154455392,2.0702399305193193,50.05817226372838,0.09045542238538644,1.6500672678450152,-16.66715588468856,0.6670442580907932,20,,PET,LT,#3,#10,MeOH_1,0.8486336713093342,3.395060673613751,62.35870624985053,-0.40551695718311986,-0.917831336521967,-39.06757258849139,0.37350251571992754,20,,PE,LT,#2,-,WAX_1,1.1155323882896515,2.8763780557411702,73.075075755632,-0.43682344552778946,0.34351868992222073,-28.660238877631425,0.6077973429206806,20,PET,HT,#4,#8,GASOLINE_1,1.0907718987644621,3.698248030622374,69.05716847414598,-0.5054368428677978,-1.0998522715788728,-40.305613232680166,0.4163442532722723,20,,,,,,,,,,,,,,,,,,,,,,,,,,,,,,,,,,,,,,,,,,,,,,,,,,,,,,,,,,,,,,,,,,,,,,,,,,,,,,,,,,,,,,,,,,,,,,,,,,,,,,,,,,,,,,,,,,,,,,,,,,,,,,,,,,,,,,,,,,,,,,,,,,,,,,,,,,,,,,,,
74,PET,HT,#7,#4,GASOLINE_1,1.2461016478251228,5.842732695479655,85.08902032539164,-0.7094166422134304,-3.311223741074979,-56.8781794743101,0.3315450188896237,,PET,HT,#8,#8,BA_1,0.8146677817532039,2.1925145170565514,52.13796076464037,0.044382146160949536,1.514623429277885,-18.984081778389527,0.6358875280127103,21,,PET,LT,#4,#6,GASOLINE_1,0.7920345320869608,2.72182365894694,55.31788482596254,-0.30491252115026746,-0.18876101605731427,-31.825207295232268,0.42468502916627004,21,,PE,LT,#8,-,WAX_1,1.1782024332642071,3.174713888739567,77.99640271080767,-0.4764223693376041,0.05532322111928761,-34.39738747988469,0.5589875137264713,21,PET,HT,#4,#9,GASOLINE_1,1.003729244963789,3.3918036758273615,65.93149339658387,-0.43271133591072314,-0.7685989911480084,-36.62566604431012,0.4444890573916863,21,,,,,,,,,,,,,,,,,,,,,,,,,,,,,,,,,,,,,,,,,,,,,,,,,,,,,,,,,,,,,,,,,,,,,,,,,,,,,,,,,,,,,,,,,,,,,,,,,,,,,,,,,,,,,,,,,,,,,,,,,,,,,,,,,,,,,,,,,,,,,,,,,,,,,,,,,,,,,,,,
75,PET,HT,#7,#5,GASOLINE_1,1.5251401756816692,6.273612078785857,101.42521088539165,-0.7714730916800505,-3.3590416800207854,-64.35900224918755,0.36545360184745523,,PET,HT,#8,#9,BA_1,0.7276251279525313,1.8860701622615395,49.012285687078275,0.11710765311802392,1.8458767097087485,-15.304134590019485,0.6877490128142645,22,,PET,LT,#4,#9,GASOLINE_1,0.8890096991101404,3.3387182466705854,61.432745597505324,-0.4139788474175901,-0.763485039104135,-38.08620887110119,0.38003407627856683,22,,,,,,,,,,,,,,22,PET,HT,#4,#10,GASOLINE_1,1.0934913081585946,3.821958842783388,70.35243760811397,-0.5269296273462442,-1.27230134905334,-41.63388276749922,0.4082098050473598,22,,,,,,,,,,,,,,,,,,,,,,,,,,,,,,,,,,,,,,,,,,,,,,,,,,,,,,,,,,,,,,,,,,,,,,,,,,,,,,,,,,,,,,,,,,,,,,,,,,,,,,,,,,,,,,,,,,,,,,,,,,,,,,,,,,,,,,,,,,,,,,,,,,,,,,,,,,,,,,,,
76,PET,HT,#7,#6,GASOLINE_1,1.034968927110398,4.015969805397166,72.51149427371398,-0.4695820747372801,-1.4788206601790626,-43.396384432345535,0.4015240636396996,,PET,HT,#8,#10,BA_1,0.8173871911473382,2.316225329217565,53.43322989860837,0.022889361682501604,1.3421743518034177,-20.312351313208584,0.6198554466620854,23,,PET,LT,#5,#7,GASOLINE_1,0.8256236387445756,2.9372625285111753,58.81238025835629,-0.37234691870582365,-0.31112833063615086,-34.24783367934932,0.41767645640420653,23,,,,,,,,,,,,,,23,PET,HT,#4,#11,GASOLINE_1,1.1122336059113709,3.832014022732035,70.69696877814597,-0.5221431970402131,-1.2375363945698403,-41.9546640439192,0.40655639458069187,23,,,,,,,,,,,,,,,,,,,,,,,,,,,,,,,,,,,,,,,,,,,,,,,,,,,,,,,,,,,,,,,,,,,,,,,,,,,,,,,,,,,,,,,,,,,,,,,,,,,,,,,,,,,,,,,,,,,,,,,,,,,,,,,,,,,,,,,,,,,,,,,,,,,,,,,,,,,,,,,,
77,PET,HT,#7,#7,GASOLINE_1,1.1490383858513469,4.724980637410615,79.41543005323398,-0.5852115361420817,-2.119991553923187,-50.679882935129605,0.36183833669152565,,PET,HT,#8,#11,BA_1,0.836129488900113,2.326280509166212,53.77776106864037,0.02767579198853397,1.376939306286918,-20.633132589628573,0.6163259276768135,24,,PET,LT,#5,#9,GASOLINE_1,0.8069993031124877,2.8453221610606168,58.040044419979075,-0.34882816980699954,-0.16384415784259884,-32.95889207536075,0.4321353058093915,24,,,,,,,,,,,,,,24,PET,HT,#5,#1,GASOLINE_1,0.973279920176137,3.594047105875734,61.652792685229514,-0.4649550709492002,-0.8412607415551913,-30.685476778317536,0.502285696367668,24,,,,,,,,,,,,,,,,,,,,,,,,,,,,,,,,,,,,,,,,,,,,,,,,,,,,,,,,,,,,,,,,,,,,,,,,,,,,,,,,,,,,,,,,,,,,,,,,,,,,,,,,,,,,,,,,,,,,,,,,,,,,,,,,,,,,,,,,,,,,,,,,,,,,,,,,,,,,,,,,
78,PET,HT,#7,#8,GASOLINE_1,1.216285152159012,4.847255223947847,81.49521855414598,-0.6312848123665189,-2.2554353924903174,-52.996808828830574,0.34969425484000466,,PET,LT,#1,#3,GASOLINE_1,0.647975387323956,1.889946869500463,47.679288082389476,-0.22844644544835851,0.4476792939411834,-25.92427218477504,0.4562781193381478,25,,PET,LT,#5,#10,GASOLINE_1,0.8423572876035109,3.1347390775589883,61.2866967732363,-0.3947516145621634,-0.553393262231695,-36.96766241429857,0.39680771911919666,25,,,,,,,,,,,,,,25,PET,HT,#5,#2,GASOLINE_1,1.2799537012298625,4.13698171688561,81.62546756522953,-0.5632127461845104,-1.0591965168855453,-41.72304472683321,0.4888477092827555,25,,,,,,,,,,,,,,,,,,,,,,,,,,,,,,,,,,,,,,,,,,,,,,,,,,,,,,,,,,,,,,,,,,,,,,,,,,,,,,,,,,,,,,,,,,,,,,,,,,,,,,,,,,,,,,,,,,,,,,,,,,,,,,,,,,,,,,,,,,,,,,,,,,,,,,,,,,,,,,,,
79,PET,HT,#7,#9,GASOLINE_1,1.129242498358339,4.5408108691528355,78.36954347658387,-0.5585593054094443,-1.9241821120594542,-49.31686164046053,0.3707139348694054,,PET,LT,#1,#6,GASOLINE_1,0.48331114482480153,1.1530221224931683,40.45812990114556,-0.022070210100226573,1.23241451864001,-17.236486685899468,0.5739672909248477,26,,PET,LT,#5,#11,GASOLINE_1,0.8713741107520175,3.2087268070509465,61.926067639268304,-0.4088062881148953,-0.5873810501208636,-37.553543660652565,0.39357454635405803,26,,,,,,,,,,,,,,26,PET,HT,#5,#3,GASOLINE_1,0.9581565218988995,2.8076608765501345,62.0474966001756,-0.42209085444220984,-0.04317794275049001,-29.80366204391286,0.51966374669452,26,,,,,,,,,,,,,,,,,,,,,,,,,,,,,,,,,,,,,,,,,,,,,,,,,,,,,,,,,,,,,,,,,,,,,,,,,,,,,,,,,,,,,,,,,,,,,,,,,,,,,,,,,,,,,,,,,,,,,,,,,,,,,,,,,,,,,,,,,,,,,,,,,,,,,,,,,,,,,,,,
80,PET,HT,#7,#10,GASOLINE_1,1.2190045615531442,4.970966036108861,82.79048768811398,-0.6527775968449648,-2.4278844699647846,-54.325078363649624,0.34382463637245925,,PET,LT,#1,#7,GASOLINE_1,0.5989106474800691,1.8618570776673726,47.34532651106555,-0.15465528526637348,0.5104063227996367,-24.786429865756954,0.47647568002379553,27,,PET,LT,#6,#6,MeOH_1,0.8049471717864245,3.0858410917948174,61.280190279930544,-0.33274261132746424,-0.6580659544849509,-37.667095133822805,0.3853299906257161,27,,,,,,,,,,,,,,27,PET,HT,#5,#4,GASOLINE_1,1.0582992884627105,4.180782278480817,68.97491748522953,-0.5549864665413965,-1.4952627966816103,-38.27488666042971,0.44508977964887025,27,,,,,,,,,,,,,,,,,,,,,,,,,,,,,,,,,,,,,,,,,,,,,,,,,,,,,,,,,,,,,,,,,,,,,,,,,,,,,,,,,,,,,,,,,,,,,,,,,,,,,,,,,,,,,,,,,,,,,,,,,,,,,,,,,,,,,,,,,,,,,,,,,,,,,,,,,,,,,,,,
81,PET,HT,#7,#11,GASOLINE_1,1.2377468593059209,4.981021216057508,83.13501885814598,-0.6479911665389343,-2.3931195154812848,-54.64585964006961,0.34268542437799493,,PET,LT,#1,#8,GASOLINE_1,0.6661574137877323,1.984131664204605,49.42511501197756,-0.21073848891825206,0.39171824853503584,-26.99951188298961,0.45372890125907417,28,,PET,LT,#7,#6,GASOLINE_1,0.8517691764269335,3.4220065173513494,63.140897465962524,-0.3644267093763131,-0.8968215245514494,-39.83937483503811,0.3690400923345382,28,,,,,,,,,,,,,,28,PET,HT,#5,#5,GASOLINE_1,1.3373378163192569,4.611661661787017,85.31110804522952,-0.6170429160080164,-1.5430807356274145,-45.75570943530713,0.46366058906363333,28,,,,,,,,,,,,,,,,,,,,,,,,,,,,,,,,,,,,,,,,,,,,,,,,,,,,,,,,,,,,,,,,,,,,,,,,,,,,,,,,,,,,,,,,,,,,,,,,,,,,,,,,,,,,,,,,,,,,,,,,,,,,,,,,,,,,,,,,,,,,,,,,,,,,,,,,,,,,,,,,
82,PET,HT,#8,#1,BA_1,0.7594649091327412,2.601256815983278,48.40963773588605,0.056281711906234336,1.112837135819641,-15.276042541756913,0.6844421223496827,,PET,LT,#1,#9,GASOLINE_1,0.5802863118479797,1.7699167102168143,46.57299067268834,-0.13113653636754782,0.6576904955931887,-23.4974882617684,0.49546962901938013,29,,PET,LT,#8,#2,BA_1,1.1677033897662095,3.803377558440216,73.02370566699008,-0.3712231048733696,-0.3340597404319531,-37.89258348786682,0.48109202153245506,29,,,,,,,,,,,,,,29,PET,HT,#5,#7,GASOLINE_1,0.9612360264889349,3.0630302204117763,63.30132721307182,-0.43078136047004806,-0.3040306095298177,-32.07659012124917,0.49327144416293844,29,,,,,,,,,,,,,,,,,,,,,,,,,,,,,,,,,,,,,,,,,,,,,,,,,,,,,,,,,,,,,,,,,,,,,,,,,,,,,,,,,,,,,,,,,,,,,,,,,,,,,,,,,,,,,,,,,,,,,,,,,,,,,,,,,,,,,,,,,,,,,,,,,,,,,,,,,,,,,,,,
83,PET,HT,#8,#2,BA_1,1.066138690186468,3.144191426993153,68.38231261588606,-0.04197596332907736,0.8949013604892879,-26.313610490272595,0.6151985874171852,,PET,LT,#1,#10,GASOLINE_1,0.6156442963390031,2.0593336267151856,49.81964302594556,-0.17705998112271168,0.2681413912040922,-27.50625860070621,0.4478832659161922,30,,PET,HT,#7,-,GASOLINE_1,0.8673690106559037,2.904910555884701,60.24638188459492,-0.3243680981383555,-0.3632251055853039,-30.300854117039748,0.4970510565251434,30,,,,,,,,,,,,,,30,PET,HT,#5,#8,GASOLINE_1,1.0284827927965998,3.185304806949008,65.38111571398383,-0.4768546366944851,-0.43947444809694797,-34.393516014950144,0.4739533634542428,30,,,,,,,,,,,,,,,,,,,,,,,,,,,,,,,,,,,,,,,,,,,,,,,,,,,,,,,,,,,,,,,,,,,,,,,,,,,,,,,,,,,,,,,,,,,,,,,,,,,,,,,,,,,,,,,,,,,,,,,,,,,,,,,,,,,,,,,,,,,,,,,,,,,,,,,,,,,,,,,,
84,PET,HT,#8,#3,BA_1,0.7443415108555038,1.8148705866576775,48.804341650832164,0.09914592841322459,1.9109199346243428,-14.394227807352259,0.7050625554928099,,PET,LT,#1,#11,GASOLINE_1,0.6446611194875098,2.133321356207144,50.459013891977555,-0.1911146546754437,0.23415360331492335,-28.092139847060196,0.4432681560682155,31,,PET,HT,#8,-,GASOLINE_1,0.964520021394583,3.2022842976310946,63.02400510550689,-0.37698561840825984,-0.6173400937303236,-34.62785823979167,0.4505608112048409,31,,,,,,,,,,,,,,31,PET,HT,#5,#10,GASOLINE_1,1.0312022021907323,3.309015619110021,66.67638484795184,-0.4983474211729312,-0.6119235255714143,-35.7217855497692,0.46425131429622635,31,,,,,,,,,,,,,,,,,,,,,,,,,,,,,,,,,,,,,,,,,,,,,,,,,,,,,,,,,,,,,,,,,,,,,,,,,,,,,,,,,,,,,,,,,,,,,,,,,,,,,,,,,,,,,,,,,,,,,,,,,,,,,,,,,,,,,,,,,,,,,,,,,,,,,,,,,,,,,,,,
85,PET,HT,#8,#4,BA_1,0.8444842774193162,3.1879919885883594,55.731762535886055,-0.03374968368596342,0.45883508069322315,-22.865452423869076,0.5897231420028057,,PET,LT,#2,#6,Olefin,0.6109643584099818,1.7457263681766044,45.49643398754556,-0.1727627929870483,0.7728568064103326,-22.181621394142088,0.5124536265806193,32,,PET,LT,#3,-,GASOLINE_1,0.8198541481933893,2.6706334818410484,53.13289023919934,-0.37232973384578427,-0.010561368050371408,-28.144020187856487,0.4703088790925033,32,,,,,,,,,,,,,,32,PET,HT,#5,#11,GASOLINE_1,1.0499444999435088,3.3190707990586694,67.02091601798384,-0.4935609908669006,-0.5771585710879156,-36.0425668261892,0.46221912549631766,32,,,,,,,,,,,,,,,,,,,,,,,,,,,,,,,,,,,,,,,,,,,,,,,,,,,,,,,,,,,,,,,,,,,,,,,,,,,,,,,,,,,,,,,,,,,,,,,,,,,,,,,,,,,,,,,,,,,,,,,,,,,,,,,,,,,,,,,,,,,,,,,,,,,,,,,,,,,,,,,,
86,PET,HT,#8,#5,BA_1,1.1235228052758612,3.618871371894561,72.06795309588608,-0.09580613315258205,0.41101714174741744,-30.34627519874652,0.5789213666389145,,PET,LT,#2,#7,GASOLINE_1,0.7265638610652493,2.454561323350809,52.383630597465555,-0.30534786815319515,0.05084861056995958,-29.731564573999577,0.43242642339040044,33,,PET,LT,#7,-,MeOH_1,0.7480861063893383,2.756023351949898,53.05536793738543,-0.2983158362743938,-0.23135702799899488,-29.300672678480467,0.447734059387537,33,,,,,,,,,,,,,,33,PET,HT,#6,#1,MeOH_1,1.093012229394276,4.759661248566214,75.03170609935968,-0.6088482145833479,-2.426089664229775,-48.65250433778984,0.3515740629253125,33,,,,,,,,,,,,,,,,,,,,,,,,,,,,,,,,,,,,,,,,,,,,,,,,,,,,,,,,,,,,,,,,,,,,,,,,,,,,,,,,,,,,,,,,,,,,,,,,,,,,,,,,,,,,,,,,,,,,,,,,,,,,,,,,,,,,,,,,,,,,,,,,,,,,,,,,,,,,,,,,
87,PET,HT,#8,#6,BA_1,0.63335155670459,1.361229098505871,43.15423648420836,0.20608488379018816,2.291238161589139,-9.383657381904479,0.7825553608082422,,PET,LT,#2,#9,GASOLINE_1,0.7079395254331613,2.3626209559002502,51.61129475908835,-0.28182911925437076,0.19813278336351156,-28.442622970011026,0.4489070056704498,34,,PET,LT,#8,-,FT_1,0.8232568462497238,2.9055034852641497,55.08869275829741,-0.32728871792381753,-0.386727294029814,-32.326963854466925,0.41318331882911014,34,,,,,,,,,,,,,,34,PET,HT,#6,#2,MeOH_1,1.3996860104480011,5.30259585957609,95.00438097935965,-0.7071058898186576,-2.6440254395601284,-59.69007228630549,0.37171242345893973,34,,,,,,,,,,,,,,,,,,,,,,,,,,,,,,,,,,,,,,,,,,,,,,,,,,,,,,,,,,,,,,,,,,,,,,,,,,,,,,,,,,,,,,,,,,,,,,,,,,,,,,,,,,,,,,,,,,,,,,,,,,,,,,,,,,,,,,,,,,,,,,,,,,,,,,,,,,,,,,,,
88,PET,HT,#8,#7,BA_1,0.7474210154455392,2.0702399305193193,50.05817226372838,0.09045542238538644,1.6500672678450152,-16.66715588468856,0.6670442580907932,,PET,LT,#3,#6,GASOLINE_1,0.7163005197951311,2.488749169391734,52.997193125050536,-0.25052718616063324,0.046441790913950204,-28.797800673684648,0.4566164927690745,35,,PET,LT,#10,-,MeOH_1,0.8672609575420892,3.4352458313674528,64.89389565226541,-0.4094280986078901,-1.0700438613236982,-41.92471500145433,0.35394978865025556,35,,,,,,,,,,,,,,35,PET,HT,#6,#3,MeOH_1,1.0778888311170371,3.973275019240614,75.42641001430576,-0.565983998076356,-1.6280068654250734,-47.770689603385165,0.36665831511370184,35,,,,,,,,,,,,,,,,,,,,,,,,,,,,,,,,,,,,,,,,,,,,,,,,,,,,,,,,,,,,,,,,,,,,,,,,,,,,,,,,,,,,,,,,,,,,,,,,,,,,,,,,,,,,,,,,,,,,,,,,,,,,,,,,,,,,,,,,,,,,,,,,,,,,,,,,,,,,,,,,
89,PET,HT,#8,#8,BA_1,0.8146677817532039,2.1925145170565514,52.13796076464037,0.044382146160949536,1.514623429277885,-18.984081778389527,0.6358875280127103,,PET,LT,#5,#6,GASOLINE_1,0.7100241360893095,2.2284275733369707,51.925183648436295,-0.2397618435396784,0.4108798652042228,-26.697890499491834,0.48583926673707917,36,,PET,SG,#1,-,MeOH_1,0.4444470369401705,3.2347613058132385,50.75619780221697,-0.009635941391944769,-0.8885861093505109,-26.799766374817967,0.47199026847422004,36,,,,,,,,,,,,,,36,PET,HT,#6,#4,MeOH_1,1.1780315976808495,5.346396421171296,82.35383089935965,-0.6988796101755443,-3.0800917193561936,-56.24191421990198,0.31706984841260993,36,,,,,,,,,,,,,,,,,,,,,,,,,,,,,,,,,,,,,,,,,,,,,,,,,,,,,,,,,,,,,,,,,,,,,,,,,,,,,,,,,,,,,,,,,,,,,,,,,,,,,,,,,,,,,,,,,,,,,,,,,,,,,,,,,,,,,,,,,,,,,,,,,,,,,,,,,,,,,,,,
90,PET,HT,#8,#9,BA_1,0.7276251279525313,1.8860701622615395,49.012285687078275,0.11710765311802392,1.8458767097087485,-15.304134590019485,0.6877490128142645,,PET,LT,#8,#1,MeOH_1,1.3629971568682677,3.9771322812065266,87.56009014699006,-0.40227006900915696,0.07671717739734739,-36.05954504958268,0.5881737331580139,37,,PET,SG,#2,-,FT_4,0.5653291797475395,3.4254343928571633,51.89757300221696,0.1496801569650279,-0.6234845009186238,-24.37957136769672,0.5302367729863731,37,,,,,,,,,,,,,,37,PET,HT,#6,#5,MeOH_1,1.4570701255373957,5.777275804477497,98.69002145935967,-0.7609360596421639,-3.127909658301997,-63.7227369947794,0.3543142857556243,37,,,,,,,,,,,,,,,,,,,,,,,,,,,,,,,,,,,,,,,,,,,,,,,,,,,,,,,,,,,,,,,,,,,,,,,,,,,,,,,,,,,,,,,,,,,,,,,,,,,,,,,,,,,,,,,,,,,,,,,,,,,,,,,,,,,,,,,,,,,,,,,,,,,,,,,,,,,,,,,,
91,PET,HT,#8,#10,BA_1,0.8173871911473382,2.316225329217565,53.43322989860837,0.022889361682501604,1.3421743518034177,-20.312351313208584,0.6198554466620854,,PET,LT,#8,#3,BA_1,0.8126268616777386,2.3620033727031036,52.160168949379546,-0.25274919144134467,0.6589868686865723,-28.17164704756204,0.45990115417566824,38,,PET,SG,#3,-,H2_1,0.3945715624147384,3.120076017627424,48.04129266482996,-0.00539001052612818,-0.17433912819078834,-18.497054100548297,0.6149759285288838,38,,,,,,,,,,,,,,38,PET,HT,#6,#6,MeOH_1,0.966898876966125,3.5196335310888065,69.77630484768198,-0.45904504269939395,-1.2476886384602761,-42.76011917793741,0.38718280838630664,38,,,,,,,,,,,,,,,,,,,,,,,,,,,,,,,,,,,,,,,,,,,,,,,,,,,,,,,,,,,,,,,,,,,,,,,,,,,,,,,,,,,,,,,,,,,,,,,,,,,,,,,,,,,,,,,,,,,,,,,,,,,,,,,,,,,,,,,,,,,,,,,,,,,,,,,,,,,,,,,,
92,PET,HT,#8,#11,BA_1,0.836129488900113,2.326280509166212,53.77776106864037,0.02767579198853397,1.376939306286918,-20.633132589628573,0.6163259276768135,,PET,LT,#8,#6,BA_1,0.6479626191785843,1.6250786256958085,44.93901076813562,-0.04637295609321292,1.443722093385399,-19.483861548686455,0.5664376848610639,39,,PET,SG,#4,-,MeOH_1,0.6849677181121254,6.187894416842888,81.79075940221696,-0.2751057725745379,-3.9872464650898647,-56.8844616189096,0.30451236747695826,39,,,,,,,,,,,,,,39,PET,HT,#6,#7,MeOH_1,1.0809683357070738,4.228644363102257,76.68024062720198,-0.5746745041041957,-1.8888595322044022,-50.043617680721475,0.34737270943084764,39,,,,,,,,,,,,,,,,,,,,,,,,,,,,,,,,,,,,,,,,,,,,,,,,,,,,,,,,,,,,,,,,,,,,,,,,,,,,,,,,,,,,,,,,,,,,,,,,,,,,,,,,,,,,,,,,,,,,,,,,,,,,,,,,,,,,,,,,,,,,,,,,,,,,,,,,,,,,,,,,
93,PET,LT,#1,#1,MeOH_1,1.198345682514484,3.505075778003887,83.07920927999999,-0.3779673230161693,-0.13459039734804212,-33.81217018679569,0.5930128550834025,,PET,LT,#8,#7,BA_1,0.7635621218338516,2.3339135808700133,51.82620737805562,-0.17895803125935963,0.7217138975450254,-27.033804728543952,0.4783757852211529,40,,PET,SG,#5,-,FT_4,0.8066889470649872,6.29917222262187,82.74331108221696,-0.08523847810609851,-3.4938718702537317,-55.35448421634386,0.3310095584482775,40,,,,,,,,,,,,,,40,PET,HT,#6,#8,MeOH_1,1.1482151020147384,4.350918949639488,78.76002912811397,-0.6207477803286324,-2.0243033707715314,-52.36054357442243,0.33518887493996685,40,,,,,,,,,,,,,,,,,,,,,,,,,,,,,,,,,,,,,,,,,,,,,,,,,,,,,,,,,,,,,,,,,,,,,,,,,,,,,,,,,,,,,,,,,,,,,,,,,,,,,,,,,,,,,,,,,,,,,,,,,,,,,,,,,,,,,,,,,,,,,,,,,,,,,,,,,,,,,,,,
94,PET,LT,#1,#2,GASOLINE_1,1.003051915412427,3.3313210552375745,68.54282480000002,-0.3469203588803835,-0.5453673151773405,-35.645208625079846,0.47995711106029826,,PET,LT,#8,#8,BA_1,0.8308088881415164,2.4561881674072454,53.90599587896763,-0.2350412349112398,0.6030258232804246,-29.24688674577661,0.45744649980230123,41,,PET,SG,#6,-,MeOH_1,0.42366596762187936,2.669938602895592,53.75375277929451,0.054415098233120955,-0.40415747184604767,-29.24771169262188,0.45589451563114214,41,,,,,,,,,,,,,,41,PET,HT,#6,#9,MeOH_1,1.061172448214066,4.044474594844476,75.63435405055188,-0.5480222733715584,-1.693050090340668,-48.680596386052386,0.35636924520416147,41,,,,,,,,,,,,,,,,,,,,,,,,,,,,,,,,,,,,,,,,,,,,,,,,,,,,,,,,,,,,,,,,,,,,,,,,,,,,,,,,,,,,,,,,,,,,,,,,,,,,,,,,,,,,,,,,,,,,,,,,,,,,,,,,,,,,,,,,,,,,,,,,,,,,,,,,,,,,,,,,
95,PET,LT,#1,#3,GASOLINE_1,0.647975387323956,1.889946869500463,47.679288082389476,-0.22844644544835851,0.4476792939411834,-25.92427218477504,0.4562781193381478,,PET,LT,#8,#9,BA_1,0.7449377862017632,2.2419732134194548,51.053871539678404,-0.1554392823605348,0.8689980703385775,-25.744863124555383,0.4957314235307932,42,,PET,SG,#7,-,FT_1,0.5333798072694266,3.271283622797527,55.86969868532652,0.04348372725514104,-0.5911063586398954,-33.306631163795714,0.40385160565501155,42,,,,,,,,,,,,,,42,PET,HT,#6,#10,MeOH_1,1.1509345114088712,4.474629761800501,80.05529826208199,-0.6422405648070787,-2.196752448245998,-53.68881310924151,0.3293534060234576,42,,,,,,,,,,,,,,,,,,,,,,,,,,,,,,,,,,,,,,,,,,,,,,,,,,,,,,,,,,,,,,,,,,,,,,,,,,,,,,,,,,,,,,,,,,,,,,,,,,,,,,,,,,,,,,,,,,,,,,,,,,,,,,,,,,,,,,,,,,,,,,,,,,,,,,,,,,,,,,,,
96,PET,LT,#1,#4,MeOH_1,1.0710276174399622,4.306680294124027,80.75531568,-0.41235895297583625,-1.6216567337752736,-43.79562605900105,0.4576750064039741,,PET,LT,#8,#10,BA_1,0.7802957706927873,2.531390129917826,54.30052389293563,-0.2013627271156995,0.4794489659494811,-29.75363346349321,0.452056235734328,43,,PET,SG,#8,-,H2_1,0.39127135143116093,3.6042960658716674,50.30397447129719,-0.035025071249886894,-0.7768170651217204,-22.29846830900751,0.5567255163559545,43,,,,,,,,,,,,,,43,PET,HT,#6,#11,MeOH_1,1.1696768091616476,4.484684941749149,80.39982943211398,-0.6374541345010479,-2.161987493762499,-54.00959438566148,0.3282374506619474,43,,,,,,,,,,,,,,,,,,,,,,,,,,,,,,,,,,,,,,,,,,,,,,,,,,,,,,,,,,,,,,,,,,,,,,,,,,,,,,,,,,,,,,,,,,,,,,,,,,,,,,,,,,,,,,,,,,,,,,,,,,,,,,,,,,,,,,,,,,,,,,,,,,,,,,,,,,,,,,,,
97,PET,LT,#1,#5,GASOLINE_1,1.1172229763297872,4.558267433287902,82.128514866032,-0.45586498587804997,-1.7964909981415373,-49.71877984640299,0.3946221975704268,,PET,LT,#8,#11,BA_1,0.809312593841294,2.6053778594097845,54.939894758967625,-0.2154174006684314,0.44546117806031227,-30.339514709847197,0.44776896928993487,44,,PET,SG,#9,-,MeOH_1,0.6655250604799688,5.590287530562308,84.68325850441452,-0.18744497880372793,-3.3245079938104976,-60.17745537446344,0.2893819104595934,44,,,,,,,,,,,,,,44,PET,HT,#7,#1,GASOLINE_1,1.161082279538549,5.255997522874574,77.76689552539166,-0.619385246621234,-2.657221685948561,-49.28876959219796,0.36619856998014416,44,,,,,,,,,,,,,,,,,,,,,,,,,,,,,,,,,,,,,,,,,,,,,,,,,,,,,,,,,,,,,,,,,,,,,,,,,,,,,,,,,,,,,,,,,,,,,,,,,,,,,,,,,,,,,,,,,,,,,,,,,,,,,,,,,,,,,,,,,,,,,,,,,,,,,,,,,,,,,,,,
98,PET,LT,#1,#6,GASOLINE_1,0.48331114482480153,1.1530221224931683,40.45812990114556,-0.022070210100226573,1.23241451864001,-17.236486685899468,0.5739672909248477,,PET,HT,#6,-,GASOLINE_1,0.7392009406925621,1.7125826154617425,49.2091919515223,-0.24324110495391724,0.8346154391626074,-19.81163246710222,0.5973997604630583,45,,PET,SG,#10,-,FT_1,0.7628973197462972,6.280790014136517,87.6185622053265,-0.1852262209749459,-3.5968900604964613,-64.93096985434272,0.25893591243619574,45,,,,,,,,,,,,,,45,PET,HT,#7,#2,GASOLINE_1,1.4677560605922741,5.798932133884449,97.73957040539166,-0.7176429218565439,-2.8751574612789144,-60.326337540713624,0.38278491208320464,45,,,,,,,,,,,,,,,,,,,,,,,,,,,,,,,,,,,,,,,,,,,,,,,,,,,,,,,,,,,,,,,,,,,,,,,,,,,,,,,,,,,,,,,,,,,,,,,,,,,,,,,,,,,,,,,,,,,,,,,,,,,,,,,,,,,,,,,,,,,,,,,,,,,,,,,,,,,,,,,,
99,PET,LT,#1,#7,GASOLINE_1,0.5989106474800691,1.8618570776673726,47.34532651106555,-0.15465528526637348,0.5104063227996367,-24.786429865756954,0.47647568002379553,,PET,HT,#9,-,GASOLINE_1,0.7803010126091224,2.0808215313536182,52.03908639210515,-0.2389762362267445,0.698103912581307,-19.720214804703062,0.6210499420355924,46,,PET,OG,#1,-,MeOH_1,0.3825180980707913,2.6467392105168317,34.881936159999995,-0.16636179514839844,-0.6384925023482806,-18.429099765025192,0.4716721090110156,46,,,,,,,,,,,,,,46,PET,HT,#7,#3,GASOLINE_1,1.1459588812613097,4.469611293548974,78.16159944033777,-0.5765210301142419,-1.8591388871438599,-48.4069548577933,0.3806811118963443,46,,,,,,,,,,,,,,,,,,,,,,,,,,,,,,,,,,,,,,,,,,,,,,,,,,,,,,,,,,,,,,,,,,,,,,,,,,,,,,,,,,,,,,,,,,,,,,,,,,,,,,,,,,,,,,,,,,,,,,,,,,,,,,,,,,,,,,,,,,,,,,,,,,,,,,,,,,,,,,,,
100,PET,LT,#1,#8,GASOLINE_1,0.6661574137877323,1.984131664204605,49.42511501197756,-0.21073848891825206,0.39171824853503584,-26.99951188298961,0.45372890125907417,,PET,HT,#10,-,MeOH_1,0.8097687628086182,2.209093015584005,53.62302486352232,-0.2598587332868619,0.17209634215526282,-24.550398483945433,0.5421668481696167,47,,PET,OG,#2,-,FT_1,0.9145762141231969,3.1794378980592484,66.34392223999998,-0.20007561919590444,-0.23933400538860738,-37.323779742935685,0.43741975929737126,47,,,,,,,,,,,,,,47,PET,HT,#7,#4,GASOLINE_1,1.2461016478251228,5.842732695479655,85.08902032539164,-0.7094166422134304,-3.311223741074979,-56.8781794743101,0.3315450188896237,47,,,,,,,,,,,,,,,,,,,,,,,,,,,,,,,,,,,,,,,,,,,,,,,,,,,,,,,,,,,,,,,,,,,,,,,,,,,,,,,,,,,,,,,,,,,,,,,,,,,,,,,,,,,,,,,,,,,,,,,,,,,,,,,,,,,,,,,,,,,,,,,,,,,,,,,,,,,,,,,,
101,PET,LT,#1,#9,GASOLINE_1,0.5802863118479797,1.7699167102168143,46.57299067268834,-0.13113653636754782,0.6576904955931887,-23.4974882617684,0.49546962901938013,,PET,HT,#11,-,GASOLINE_1,0.8285110605613933,2.2191481955326524,53.9675560335543,-0.2419431720911181,0.35139246916303335,-25.931230428794503,0.5195033398831,48,,PET,OG,#4,-,MeOH_1,0.5335437483518487,4.615729328363312,54.99068447999999,-0.36955335672356887,-2.6452109461095685,-41.13549406790457,0.251955227382822,48,,,,,,,,,,,,,,48,PET,HT,#7,#5,GASOLINE_1,1.5251401756816692,6.273612078785857,101.42521088539165,-0.7714730916800505,-3.3590416800207854,-64.35900224918755,0.36545360184745523,48,,,,,,,,,,,,,,,,,,,,,,,,,,,,,,,,,,,,,,,,,,,,,,,,,,,,,,,,,,,,,,,,,,,,,,,,,,,,,,,,,,,,,,,,,,,,,,,,,,,,,,,,,,,,,,,,,,,,,,,,,,,,,,,,,,,,,,,,,,,,,,,,,,,,,,,,,,,,,,,,
102,PET,LT,#1,#10,GASOLINE_1,0.6156442963390031,2.0593336267151856,49.81964302594556,-0.17705998112271168,0.2681413912040922,-27.50625860070621,0.4478832659161922,,PET,LT,#6,-,Olefin,0.608417423203233,1.5764983285622003,42.400282956800005,-0.181289970663442,0.8945218505808767,-19.351141835884192,0.543608191115132,49,,PET,OG,#5,-,FT_1,1.076894745774243,5.013551084699669,85.91944319999998,-0.36323372931855874,-2.0798136938914307,-57.105018183849516,0.33536559296686025,49,,,,,,,,,,,,,,49,PET,HT,#7,#6,GASOLINE_1,1.034968927110398,4.015969805397166,72.51149427371398,-0.4695820747372801,-1.4788206601790626,-43.396384432345535,0.4015240636396996,49,,,,,,,,,,,,,,,,,,,,,,,,,,,,,,,,,,,,,,,,,,,,,,,,,,,,,,,,,,,,,,,,,,,,,,,,,,,,,,,,,,,,,,,,,,,,,,,,,,,,,,,,,,,,,,,,,,,,,,,,,,,,,,,,,,,,,,,,,,,,,,,,,,,,,,,,,,,,,,,,
103,PET,LT,#1,#11,GASOLINE_1,0.6446611194875098,2.133321356207144,50.459013891977555,-0.1911146546754437,0.23415360331492335,-28.092139847060196,0.4432681560682155,,PET,LT,#9,-,GASOLINE_1,0.7414183752135204,2.3488487249603476,51.81942402126127,-0.2869309378117636,0.3227669416285434,-26.87106914209656,0.4814479386904902,50,,PET,OG,#9,-,MeOH_1,0.4977498366277764,3.8465566076503457,55.82671604335707,-0.28001116726075975,-1.8460203740675807,-42.68754612784031,0.23535631050396008,50,,,,,,,,,,,,,,50,PET,HT,#7,#7,GASOLINE_1,1.1490383858513469,4.724980637410615,79.41543005323398,-0.5852115361420817,-2.119991553923187,-50.679882935129605,0.36183833669152565,50,,,,,,,,,,,,,,,,,,,,,,,,,,,,,,,,,,,,,,,,,,,,,,,,,,,,,,,,,,,,,,,,,,,,,,,,,,,,,,,,,,,,,,,,,,,,,,,,,,,,,,,,,,,,,,,,,,,,,,,,,,,,,,,,,,,,,,,,,,,,,,,,,,,,,,,,,,,,,,,,
104,PET,LT,#2,#1,MeOH_1,1.3259988960996654,4.0977800236873225,88.11751336640002,-0.5286599059029924,-0.5941481095777184,-38.75730489503833,0.5601634293300788,,PET,OG,#3,-,H2_1,0.34319255008284105,1.8411795611650241,37.360429960147115,-0.18524100293642684,0.2818136796765208,-25.78998493149862,0.30969785521716037,51,,PET,OG,#10,-,FT_1,0.8018670367089262,4.1033351770178035,72.00183268335707,-0.24890279081767128,-1.4816183579049385,-51.24344070581248,0.28830366122531764,51,,,,,,,,,,,,,,51,PET,HT,#7,#8,GASOLINE_1,1.216285152159012,4.847255223947847,81.49521855414598,-0.6312848123665189,-2.2554353924903174,-52.996808828830574,0.34969425484000466,51,,,,,,,,,,,,,,,,,,,,,,,,,,,,,,,,,,,,,,,,,,,,,,,,,,,,,,,,,,,,,,,,,,,,,,,,,,,,,,,,,,,,,,,,,,,,,,,,,,,,,,,,,,,,,,,,,,,,,,,,,,,,,,,,,,,,,,,,,,,,,,,,,,,,,,,,,,,,,,,,
105,PET,LT,#2,#2,FT_1,1.1307051289976087,3.92402530092101,73.58112888640004,-0.49761294176720644,-1.0049250274070174,-40.59034333332248,0.44835932870792405,,PET,OG,#6,-,MeOH_1,0.35766825086292164,1.9721039530457667,36.976879883357064,-0.1316226375829417,0.036142755122784975,-23.483578649378714,0.3649118388718232,52,,PP,HT,#1,#4,MeOH_1,0.9167720717655219,5.783925573701432,108.19129193634635,-0.14772546988236257,-2.9438869501807665,-65.81642690653344,0.39166613385801774,52,,,,,,,,,,,,,,52,PET,HT,#7,#9,GASOLINE_1,1.129242498358339,4.5408108691528355,78.36954347658387,-0.5585593054094443,-1.9241821120594542,-49.31686164046053,0.3707139348694054,52,,,,,,,,,,,,,,,,,,,,,,,,,,,,,,,,,,,,,,,,,,,,,,,,,,,,,,,,,,,,,,,,,,,,,,,,,,,,,,,,,,,,,,,,,,,,,,,,,,,,,,,,,,,,,,,,,,,,,,,,,,,,,,,,,,,,,,,,,,,,,,,,,,,,,,,,,,,,,,,,
106,PET,LT,#2,#3,GASOLINE_1,0.7756286009091362,2.482651115183899,52.71759216878948,-0.3791390283351802,-0.011878418288493753,-30.869406893017665,0.41443822407174824,,PET,OG,#7,-,FT_1,0.6394249752336039,2.1842178493181166,50.83259636335707,-0.08317021745546767,0.4248650150045741,-30.24838713441703,0.40494113426357004,53,,PP,HT,#1,#5,FT_1,1.052367408782708,6.585695304319316,111.97739577634634,-0.16514378235418734,-3.2930456848120735,-70.97737982954344,0.3661454676861094,53,,,,,,,,,,,,,,53,PET,HT,#7,#10,GASOLINE_1,1.2190045615531442,4.970966036108861,82.79048768811398,-0.6527775968449648,-2.4278844699647846,-54.325078363649624,0.34382463637245925,53,,,,,,,,,,,,,,,,,,,,,,,,,,,,,,,,,,,,,,,,,,,,,,,,,,,,,,,,,,,,,,,,,,,,,,,,,,,,,,,,,,,,,,,,,,,,,,,,,,,,,,,,,,,,,,,,,,,,,,,,,,,,,,,,,,,,,,,,,,,,,,,,,,,,,,,,,,,,,,,,
107,PET,LT,#2,#4,MeOH_1,1.1986808310251442,4.899384539807463,85.79361976640001,-0.5630515358626595,-2.08121444600495,-48.74076076724367,0.4318836190854791,,PET,OG,#8,-,H2_1,0.3529659989894972,1.8352358905976225,39.75336939530639,-0.16366875113451199,0.38926723568597493,-27.232029239699095,0.31497556926798936,54,,PP,HT,#1,#10,MeOH_1,0.913964209254942,5.481309348283575,108.27679362624697,-0.13337158166537663,-2.5577602633205347,-65.56353942149728,0.39448207482194714,54,,,,,,,,,,,,,,54,PET,HT,#7,#11,GASOLINE_1,1.2377468593059209,4.981021216057508,83.13501885814598,-0.6479911665389343,-2.3931195154812848,-54.64585964006961,0.34268542437799493,54,,,,,,,,,,,,,,,,,,,,,,,,,,,,,,,,,,,,,,,,,,,,,,,,,,,,,,,,,,,,,,,,,,,,,,,,,,,,,,,,,,,,,,,,,,,,,,,,,,,,,,,,,,,,,,,,,,,,,,,,,,,,,,,,,,,,,,,,,,,,,,,,,,,,,,,,,,,,,,,,
108,PET,LT,#2,#5,FT_1,1.2448761899149692,5.150971678971338,87.16681895243202,-0.6065575687648732,-2.256048710371214,-54.66391455464562,0.3728816169777128,,PP,HT,#1,#1,MeOH_1,0.6018384530479832,2.87341769044136,74.34146313634636,0.17066346554817416,0.13861654727818667,-29.60065119054673,0.6018285093978107,55,,PP,HT,#1,#11,FT_1,1.0837132849811437,6.801230198911863,115.959548492279,-0.2257489379881467,-3.439390673260261,-74.65821821614335,0.35617015427483867,55,,,,,,,,,,,,,,55,PET,LT,#1,#5,GASOLINE_1,1.1172229763297872,4.558267433287902,82.128514866032,-0.45586498587804997,-1.7964909981415373,-49.71877984640299,0.3946221975704268,55,,,,,,,,,,,,,,,,,,,,,,,,,,,,,,,,,,,,,,,,,,,,,,,,,,,,,,,,,,,,,,,,,,,,,,,,,,,,,,,,,,,,,,,,,,,,,,,,,,,,,,,,,,,,,,,,,,,,,,,,,,,,,,,,,,,,,,,,,,,,,,,,,,,,,,,,,,,,,,,,
109,PET,LT,#2,#6,Olefin,0.6109643584099818,1.7457263681766044,45.49643398754556,-0.1727627929870483,0.7728568064103326,-22.181621394142088,0.5124536265806193,,PP,HT,#1,#2,FT_1,0.7020820308434929,3.1255689074574673,76.15525480237835,0.18013520046363934,0.17595052584861726,-35.433740924014515,0.5347170590399245,56,,PP,HT,#2,#1,MeOH_1,0.7276786081711646,3.412110238080884,78.90097433954635,0.027879515443203783,-0.2898487919004238,-34.295280206774585,0.5653376844348388,56,,,,,,,,,,,,,,56,PET,LT,#2,#1,MeOH_1,1.3259988960996654,4.0977800236873225,88.11751336640002,-0.5286599059029924,-0.5941481095777184,-38.75730489503833,0.5601634293300788,56,,,,,,,,,,,,,,,,,,,,,,,,,,,,,,,,,,,,,,,,,,,,,,,,,,,,,,,,,,,,,,,,,,,,,,,,,,,,,,,,,,,,,,,,,,,,,,,,,,,,,,,,,,,,,,,,,,,,,,,,,,,,,,,,,,,,,,,,,,,,,,,,,,,,,,,,,,,,,,,,
110,PET,LT,#2,#7,GASOLINE_1,0.7265638610652493,2.454561323350809,52.383630597465555,-0.30534786815319515,0.05084861056995958,-29.731564573999577,0.43242642339040044,,PP,HT,#1,#3,JET FUEL_1,0.6261920982285423,2.7424270745233716,71.86143347419498,0.07495936436521589,0.8594545758981764,-26.461255006597334,0.6317739053159939,57,,PP,HT,#2,#2,FT_1,0.8279221859666729,3.664261455096992,80.71476600557834,0.03735125035867057,-0.2525148133299932,-40.12836994024237,0.5028373130949915,57,,,,,,,,,,,,,,57,PET,LT,#2,#2,FT_1,1.1307051289976087,3.92402530092101,73.58112888640004,-0.49761294176720644,-1.0049250274070174,-40.59034333332248,0.44835932870792405,57,,,,,,,,,,,,,,,,,,,,,,,,,,,,,,,,,,,,,,,,,,,,,,,,,,,,,,,,,,,,,,,,,,,,,,,,,,,,,,,,,,,,,,,,,,,,,,,,,,,,,,,,,,,,,,,,,,,,,,,,,,,,,,,,,,,,,,,,,,,,,,,,,,,,,,,,,,,,,,,,
111,PET,LT,#2,#8,GASOLINE_1,0.7938106273729141,2.576835909888041,54.463419098377564,-0.3614310718050753,-0.06783946369464129,-31.944646591232242,0.4134660085601593,,PP,HT,#1,#6,Olefin,0.42104963592278816,0.9613683619861093,58.91169562428962,0.1557376982043301,2.0357241590530535,-18.42735810433059,0.6872037392735834,58,,PP,HT,#2,#4,MeOH_1,1.042612226888703,6.322618121340958,112.75080313954638,-0.29050941998733265,-3.37235228935938,-70.51105592276134,0.37462923580692264,58,,,,,,,,,,,,,,58,PET,LT,#2,#4,MeOH_1,1.1986808310251442,4.899384539807463,85.79361976640001,-0.5630515358626595,-2.08121444600495,-48.74076076724367,0.4318836190854791,58,,,,,,,,,,,,,,,,,,,,,,,,,,,,,,,,,,,,,,,,,,,,,,,,,,,,,,,,,,,,,,,,,,,,,,,,,,,,,,,,,,,,,,,,,,,,,,,,,,,,,,,,,,,,,,,,,,,,,,,,,,,,,,,,,,,,,,,,,,,,,,,,,,,,,,,,,,,,,,,,
112,PET,LT,#2,#9,GASOLINE_1,0.7079395254331613,2.3626209559002502,51.61129475908835,-0.28182911925437076,0.19813278336351156,-28.442622970011026,0.4489070056704498,,PP,HT,#1,#7,MeOH_1,0.5934723775604077,2.58817073242182,74.46458562624699,0.17867490763575078,0.47145291389467625,-30.89763385004718,0.5850694180300857,59,,PP,HT,#2,#5,FT_1,1.1782075639058878,7.124387851958841,116.53690697954633,-0.3079277324591561,-3.7215110239906846,-75.6720088457713,0.35066056919588,59,,,,,,,,,,,,,,59,PET,LT,#2,#5,FT_1,1.2448761899149692,5.150971678971338,87.16681895243202,-0.6065575687648732,-2.256048710371214,-54.66391455464562,0.3728816169777128,59,,,,,,,,,,,,,,,,,,,,,,,,,,,,,,,,,,,,,,,,,,,,,,,,,,,,,,,,,,,,,,,,,,,,,,,,,,,,,,,,,,,,,,,,,,,,,,,,,,,,,,,,,,,,,,,,,,,,,,,,,,,,,,,,,,,,,,,,,,,,,,,,,,,,,,,,,,,,,,,,
113,PET,LT,#2,#10,GASOLINE_1,0.7432975099241849,2.6520378723986213,54.85794711234555,-0.32775256400953484,-0.19141632102558465,-32.45139330894883,0.4084468155089642,,PP,HT,#1,#8,FT_1,0.7091730613017195,3.360602753867464,80.648233292279,0.14845676915498457,0.006171022112423778,-38.81892390698,0.5186636790133331,60,,PP,HT,#2,#8,FT_1,0.835013216424901,3.8992953015069878,85.20774449547898,0.005672819050014226,-0.4222943170661861,-43.51355292320785,0.4893239671950638,60,,,,,,,,,,,,,,60,PET,LT,#3,#1,MeOH_1,1.431335057484815,4.840802824902451,95.61827250390499,-0.6064242990765775,-1.3205631250741006,-45.373484174580895,0.5254726634731047,60,,,,,,,,,,,,,,,,,,,,,,,,,,,,,,,,,,,,,,,,,,,,,,,,,,,,,,,,,,,,,,,,,,,,,,,,,,,,,,,,,,,,,,,,,,,,,,,,,,,,,,,,,,,,,,,,,,,,,,,,,,,,,,,,,,,,,,,,,,,,,,,,,,,,,,,,,,,,,,,,
114,PET,LT,#2,#11,GASOLINE_1,0.7723143330726914,2.7260256018905795,55.49731797837755,-0.3418072375622667,-0.2254041089147532,-33.03727455530282,0.4047050243369499,,PP,HT,#1,#9,JET FUEL_1,0.6258180471935505,1.954535957961334,72.4629892274199,0.09591106847375222,1.6653103607690796,-24.61978802985886,0.6602432732578638,61,,PP,HT,#2,#10,MeOH_1,1.0398043643781234,6.0200018959231,112.83630482944702,-0.27615553177034685,-2.9862256024991463,-70.25816843772519,0.3773442993908656,61,,,,,,,,,,,,,,61,PET,LT,#3,#2,FT_1,1.2360412903827582,4.667048102136141,81.081888023905,-0.5753773349407917,-1.7313400429034007,-47.20652261286501,0.41779201541351213,61,,,,,,,,,,,,,,,,,,,,,,,,,,,,,,,,,,,,,,,,,,,,,,,,,,,,,,,,,,,,,,,,,,,,,,,,,,,,,,,,,,,,,,,,,,,,,,,,,,,,,,,,,,,,,,,,,,,,,,,,,,,,,,,,,,,,,,,,,,,,,,,,,,,,,,,,,,,,,,,,
115,PET,LT,#3,#1,MeOH_1,1.431335057484815,4.840802824902451,95.61827250390499,-0.6064242990765775,-1.3205631250741006,-45.373484174580895,0.5254726634731047,,PP,HT,#2,#3,H2_1,0.7520322533517235,3.2811196221628953,76.42094467739498,-0.06782458573975418,0.43098923671956657,-31.155884022825195,0.5923122364641354,62,,PP,HT,#2,#11,FT_1,1.2095534401043249,7.339922746551388,120.51905969547897,-0.3685328880931168,-3.867856012438872,-79.3528472323712,0.34157429179354976,62,,,,,,,,,,,,,,62,PET,LT,#3,#3,GASOLINE_1,0.8809647622942853,3.2256739163990282,60.21835130629446,-0.456903421508765,-0.7382934337848759,-37.48558617256023,0.377505604862982,62,,,,,,,,,,,,,,,,,,,,,,,,,,,,,,,,,,,,,,,,,,,,,,,,,,,,,,,,,,,,,,,,,,,,,,,,,,,,,,,,,,,,,,,,,,,,,,,,,,,,,,,,,,,,,,,,,,,,,,,,,,,,,,,,,,,,,,,,,,,,,,,,,,,,,,,,,,,,,,,,
116,PET,LT,#3,#2,FT_1,1.2360412903827582,4.667048102136141,81.081888023905,-0.5753773349407917,-1.7313400429034007,-47.20652261286501,0.41779201541351213,,PP,HT,#2,#6,Olefin,0.5468897910459694,1.5000609096256334,63.47120682748963,0.012953748099359856,1.6072588198744433,-23.12198712055846,0.6357090360137246,63,,PP,HT,#3,#1,MeOH_1,0.8153499463836311,4.085576500894419,85.56470777496735,-0.02852465674246474,-0.944839910971267,-39.65433308029654,0.5365573714739229,63,,,,,,,,,,,,,,63,PET,LT,#3,#4,MeOH_1,1.3040169924102936,5.642407341022593,93.29437890390497,-0.6408159290362444,-2.8076294615013326,-55.35694004678622,0.4066422790187076,63,,,,,,,,,,,,,,,,,,,,,,,,,,,,,,,,,,,,,,,,,,,,,,,,,,,,,,,,,,,,,,,,,,,,,,,,,,,,,,,,,,,,,,,,,,,,,,,,,,,,,,,,,,,,,,,,,,,,,,,,,,,,,,,,,,,,,,,,,,,,,,,,,,,,,,,,,,,,,,,,
117,PET,LT,#3,#3,GASOLINE_1,0.8809647622942853,3.2256739163990282,60.21835130629446,-0.456903421508765,-0.7382934337848759,-37.48558617256023,0.377505604862982,,PP,HT,#2,#7,MeOH_1,0.7193125326835892,3.126863280061344,79.02409682944699,0.035890957530780414,0.04298757471606642,-35.59226286627505,0.5496024087046295,64,,PP,HT,#3,#2,FT_1,0.9155935241791407,4.337727717910528,87.37849944099933,-0.01905292182699952,-0.9075059324008379,-45.487422813764304,0.4794208746457265,64,,,,,,,,,,,,,,64,PET,LT,#3,#5,FT_1,1.3502123513001183,5.893994480186467,94.66757808993698,-0.684321961938458,-2.982463725867597,-61.28009383418817,0.3526812973289516,64,,,,,,,,,,,,,,,,,,,,,,,,,,,,,,,,,,,,,,,,,,,,,,,,,,,,,,,,,,,,,,,,,,,,,,,,,,,,,,,,,,,,,,,,,,,,,,,,,,,,,,,,,,,,,,,,,,,,,,,,,,,,,,,,,,,,,,,,,,,,,,,,,,,,,,,,,,,,,,,,
118,PET,LT,#3,#4,MeOH_1,1.3040169924102936,5.642407341022593,93.29437890390497,-0.6408159290362444,-2.8076294615013326,-55.35694004678622,0.4066422790187076,,PP,HT,#2,#9,H2_1,0.7516582023167302,2.493228505600858,77.02250043061989,-0.04687288163121622,1.2368450215904694,-29.31441704608671,0.6194045002149408,65,,PP,HT,#3,#3,H2_1,0.8397035915641899,3.954585884976432,83.08467811281596,-0.12422875792542272,-0.22400188235127896,-36.51493689634713,0.5605093775922732,65,,,,,,,,,,,,,,65,PET,LT,#3,#8,GASOLINE_1,0.8991467887580633,3.31985871110317,61.96417823588254,-0.43919546497866,-0.7942544791910231,-38.560825870774806,0.3776916442919145,65,,,,,,,,,,,,,,,,,,,,,,,,,,,,,,,,,,,,,,,,,,,,,,,,,,,,,,,,,,,,,,,,,,,,,,,,,,,,,,,,,,,,,,,,,,,,,,,,,,,,,,,,,,,,,,,,,,,,,,,,,,,,,,,,,,,,,,,,,,,,,,,,,,,,,,,,,,,,,,,,
119,PET,LT,#3,#5,FT_1,1.3502123513001183,5.893994480186467,94.66757808993698,-0.684321961938458,-2.982463725867597,-61.28009383418817,0.3526812973289516,,PP,HT,#3,#6,Olefin,0.6345611292584357,2.17352717243917,70.13494026291062,-0.04345042408630868,0.9522677008035979,-28.481039994080405,0.5939108255127152,66,,PP,HT,#3,#4,MeOH_1,1.1302835651011696,6.996084384154493,119.41453657496733,-0.3469135921730016,-4.027343408430223,-75.87010879628325,0.3646493050814404,66,,,,,,,,,,,,,,66,PET,LT,#3,#11,GASOLINE_1,0.8776504944578409,3.4690484031057096,62.99807711588253,-0.4195716307358518,-0.9518191244111359,-39.65345383484538,0.37056088613777244,66,,,,,,,,,,,,,,,,,,,,,,,,,,,,,,,,,,,,,,,,,,,,,,,,,,,,,,,,,,,,,,,,,,,,,,,,,,,,,,,,,,,,,,,,,,,,,,,,,,,,,,,,,,,,,,,,,,,,,,,,,,,,,,,,,,,,,,,,,,,,,,,,,,,,,,,,,,,,,,,,
120,PET,LT,#3,#6,GASOLINE_1,0.7163005197951311,2.488749169391734,52.997193125050536,-0.25052718616063324,0.046441790913950204,-28.797800673684648,0.4566164927690745,,PP,HT,#3,#9,H2_1,0.8393295405291982,3.1666947684143945,83.68623386604088,-0.10327705381688645,0.5818539025196245,-34.67346991960866,0.5856729557801401,67,,PP,HT,#3,#5,FT_1,1.2658789021183543,7.797854114772376,123.20064041496735,-0.3643319046448248,-4.376502143061528,-81.03106171929326,0.3422837621106311,67,,,,,,,,,,,,,,67,PET,LT,#4,#1,MeOH_1,1.5070690697766447,5.073877314457658,97.93896420481698,-0.660809634066212,-1.555765932045365,-48.4008907961285,0.5058055678952343,67,,,,,,,,,,,,,,,,,,,,,,,,,,,,,,,,,,,,,,,,,,,,,,,,,,,,,,,,,,,,,,,,,,,,,,,,,,,,,,,,,,,,,,,,,,,,,,,,,,,,,,,,,,,,,,,,,,,,,,,,,,,,,,,,,,,,,,,,,,,,,,,,,,,,,,,,,,,,,,,,
121,PET,LT,#3,#7,MeOH_1,0.8319000224503986,3.197584124565938,59.88438973497053,-0.3831122613267801,-0.6755664049264228,-36.34774385354215,0.393034745542105,,PP,HT,#4,#6,Olefin,0.678646640752971,2.2982808145241425,71.7399393029106,-0.009328892012388651,0.7499863808384737,-26.945376567369795,0.6244020160987706,68,,PP,HT,#3,#7,MeOH_1,0.8069838708960555,3.8003295428748802,85.68783026486797,-0.020513214654888118,-0.6120035443547794,-40.95131573979698,0.5220871433759826,68,,,,,,,,,,,,,,68,PET,LT,#4,#2,FT_1,1.3117753026745878,4.900122591691345,83.402579724817,-0.6297626699304257,-1.9665428498746647,-50.23392923441264,0.3976933399403568,68,,,,,,,,,,,,,,,,,,,,,,,,,,,,,,,,,,,,,,,,,,,,,,,,,,,,,,,,,,,,,,,,,,,,,,,,,,,,,,,,,,,,,,,,,,,,,,,,,,,,,,,,,,,,,,,,,,,,,,,,,,,,,,,,,,,,,,,,,,,,,,,,,,,,,,,,,,,,,,,,
122,PET,LT,#3,#8,GASOLINE_1,0.8991467887580633,3.31985871110317,61.96417823588254,-0.43919546497866,-0.7942544791910231,-38.560825870774806,0.3776916442919145,,PP,HT,#4,#9,JET FUEL_1,0.8834150520237334,3.2914484104993673,85.29123290604089,-0.0691555217429665,0.3795725825544998,-33.13780649289807,0.6114746455898513,69,,PP,HT,#3,#8,FT_1,0.9226845546373675,4.572761564320524,91.87147793089996,-0.05073135313565444,-1.0772854361370316,-48.872605796729786,0.468032877042767,69,,,,,,,,,,,,,,69,PET,LT,#4,#3,GASOLINE_1,0.9566987745861149,3.458748405954234,62.53904300720645,-0.5112887564983992,-0.9734962407561404,-40.512992794107845,0.3521967902604541,69,,,,,,,,,,,,,,,,,,,,,,,,,,,,,,,,,,,,,,,,,,,,,,,,,,,,,,,,,,,,,,,,,,,,,,,,,,,,,,,,,,,,,,,,,,,,,,,,,,,,,,,,,,,,,,,,,,,,,,,,,,,,,,,,,,,,,,,,,,,,,,,,,,,,,,,,,,,,,,,,
123,PET,LT,#3,#9,GASOLINE_1,0.8132756868183108,3.1056437571153794,59.11205389659332,-0.359593512427956,-0.5282822321328705,-35.05880224955357,0.4069094213697413,,PP,HT,#5,#3,H2_1,0.8267444589742294,3.7327660668580167,82.21115812295504,-0.10645595091571167,0.10238383268984466,-34.59976327766521,0.5791354352906963,70,,PP,HT,#3,#10,MeOH_1,1.1274757025905897,6.6934681587366365,119.500038264868,-0.33255970395601536,-3.641216721569992,-75.61722131124712,0.3672201079664596,70,,,,,,,,,,,,,,70,PET,LT,#4,#4,MeOH_1,1.3797510047021229,5.875481830577798,95.61507060481696,-0.6952012640258786,-3.0428322684725964,-58.38434666833385,0.3893813360276647,70,,,,,,,,,,,,,,,,,,,,,,,,,,,,,,,,,,,,,,,,,,,,,,,,,,,,,,,,,,,,,,,,,,,,,,,,,,,,,,,,,,,,,,,,,,,,,,,,,,,,,,,,,,,,,,,,,,,,,,,,,,,,,,,,,,,,,,,,,,,,,,,,,,,,,,,,,,,,,,,,
124,PET,LT,#3,#10,MeOH_1,0.8486336713093342,3.395060673613751,62.35870624985053,-0.40551695718311986,-0.917831336521967,-39.06757258849139,0.37350251571992754,,PP,HT,#5,#6,Olefin,0.6216019966684752,1.9517073543207548,69.26142027304968,-0.025677617076597627,1.2786534158447218,-26.56586637539846,0.616440635050975,71,,PP,HT,#4,#1,MeOH_1,0.859435457878166,4.210330142979392,87.16970681496734,0.0055968753314554935,-1.1471212309363916,-38.11866965358595,0.5627073779828197,71,,,,,,,,,,,,,,71,PET,LT,#4,#5,FT_1,1.4259463635919478,6.127068969741675,96.98826979084897,-0.7387072969280923,-3.217666532838863,-64.30750045573579,0.336955895858209,71,,,,,,,,,,,,,,,,,,,,,,,,,,,,,,,,,,,,,,,,,,,,,,,,,,,,,,,,,,,,,,,,,,,,,,,,,,,,,,,,,,,,,,,,,,,,,,,,,,,,,,,,,,,,,,,,,,,,,,,,,,,,,,,,,,,,,,,,,,,,,,,,,,,,,,,,,,,,,,,,
125,PET,LT,#3,#11,GASOLINE_1,0.8776504944578409,3.4690484031057096,62.99807711588253,-0.4195716307358518,-0.9518191244111359,-39.65345383484538,0.37056088613777244,,PP,HT,#5,#9,H2_1,0.826370407939236,2.9448749502959792,82.81271387617994,-0.0855042468071737,0.9082396175607481,-32.75829630092673,0.6044291417631074,72,,PP,HT,#4,#2,FT_1,0.9596790356736762,4.4624813599955,88.98349848099932,0.015068610246920572,-1.1097872523659627,-43.951759387053706,0.5060684268731158,72,,,,,,,,,,,,,,72,PET,LT,#4,#7,GASOLINE_1,0.907634034742228,3.4306586141211444,62.20508143588254,-0.43749759631641416,-0.9107692118976879,-39.375150475089775,0.3670107077076101,72,,,,,,,,,,,,,,,,,,,,,,,,,,,,,,,,,,,,,,,,,,,,,,,,,,,,,,,,,,,,,,,,,,,,,,,,,,,,,,,,,,,,,,,,,,,,,,,,,,,,,,,,,,,,,,,,,,,,,,,,,,,,,,,,,,,,,,,,,,,,,,,,,,,,,,,,,,,,,,,,
126,PET,LT,#4,#1,MeOH_1,1.5070690697766447,5.073877314457658,97.93896420481698,-0.660809634066212,-1.555765932045365,-48.4008907961285,0.5058055678952343,,PP,HT,#6,#6,Olefin,0.7187226162936159,2.737990551910517,77.83419642291061,-0.12097725911216863,0.2955063041401082,-36.63160446148331,0.5293636197842116,73,,PP,HT,#4,#3,JET FUEL_1,0.8837891030587253,4.0793395270614035,84.68967715281597,-0.09010722585150276,-0.4262832023164019,-34.97927346963655,0.5869712266523445,73,,,,,,,,,,,,,,73,PET,LT,#4,#8,GASOLINE_1,0.974880801049893,3.552933200658376,64.28486993679454,-0.4935807999682944,-1.0294572861622882,-41.58823249232241,0.3530634419387899,73,,,,,,,,,,,,,,,,,,,,,,,,,,,,,,,,,,,,,,,,,,,,,,,,,,,,,,,,,,,,,,,,,,,,,,,,,,,,,,,,,,,,,,,,,,,,,,,,,,,,,,,,,,,,,,,,,,,,,,,,,,,,,,,,,,,,,,,,,,,,,,,,,,,,,,,,,,,,,,,,
127,PET,LT,#4,#2,FT_1,1.3117753026745878,4.900122591691345,83.402579724817,-0.6297626699304257,-1.9665428498746647,-50.23392923441264,0.3976933399403568,,PP,HT,#7,#6,Olefin,0.7622813571207129,3.049405775967412,79.55596218291062,-0.15035201111838808,0.07502857117853284,-38.63452600288251,0.5143729653592,74,,PP,HT,#4,#4,MeOH_1,1.174369076595705,7.120838026239466,121.01953561496735,-0.31279206009908167,-4.229624728395348,-74.33444536957266,0.38576490984006717,74,,,,,,,,,,,,,,74,PET,LT,#4,#10,GASOLINE_1,0.9243676836011637,3.6281351631689573,64.67939795076255,-0.459902292172754,-1.153034143493232,-42.09497921003902,0.34917484479240213,74,,,,,,,,,,,,,,,,,,,,,,,,,,,,,,,,,,,,,,,,,,,,,,,,,,,,,,,,,,,,,,,,,,,,,,,,,,,,,,,,,,,,,,,,,,,,,,,,,,,,,,,,,,,,,,,,,,,,,,,,,,,,,,,,,,,,,,,,,,,,,,,,,,,,,,,,,,,,,,,,
128,PET,LT,#4,#3,GASOLINE_1,0.9566987745861149,3.458748405954234,62.53904300720645,-0.5112887564983992,-0.9734962407561404,-40.512992794107845,0.3521967902604541,,PP,HT,#8,#1,MeOH_1,0.806735145781012,2.691608655204079,71.2303394701914,-0.0550197390894067,0.3776684486363685,-26.602032842039346,0.6265350826641531,75,,PP,HT,#4,#5,FT_1,1.3099644136128896,7.922607756857348,124.80563945496735,-0.33021037257090485,-4.578783463026651,-79.49539829258266,0.36304642450659147,75,,,,,,,,,,,,,,75,PET,LT,#4,#11,GASOLINE_1,0.9533845067496702,3.7021228926609147,65.31876881679453,-0.47395696572548573,-1.1870219313823998,-42.68086045639299,0.3465758582176607,75,,,,,,,,,,,,,,,,,,,,,,,,,,,,,,,,,,,,,,,,,,,,,,,,,,,,,,,,,,,,,,,,,,,,,,,,,,,,,,,,,,,,,,,,,,,,,,,,,,,,,,,,,,,,,,,,,,,,,,,,,,,,,,,,,,,,,,,,,,,,,,,,,,,,,,,,,,,,,,,,
129,PET,LT,#4,#4,MeOH_1,1.3797510047021229,5.875481830577798,95.61507060481696,-0.6952012640258786,-3.0428322684725964,-58.38434666833385,0.3893813360276647,,PP,HT,#8,#2,FT_1,0.9069787235765219,2.943759872220187,73.0441311362234,-0.04554800417394148,0.4150024272067985,-32.43512257550714,0.5559516956260679,76,,PP,HT,#4,#7,MeOH_1,0.8510693823905909,3.9250831849598526,87.29282930486798,0.013608317419031693,-0.814284864319903,-39.41565231308638,0.5484663216101264,76,,,,,,,,,,,,,,76,PET,LT,#5,#1,MeOH_1,1.4250586737789916,4.580481228847689,94.54626302729075,-0.5956589564556211,-0.9561250507838285,-43.27357400038806,0.5423026504189049,76,,,,,,,,,,,,,,,,,,,,,,,,,,,,,,,,,,,,,,,,,,,,,,,,,,,,,,,,,,,,,,,,,,,,,,,,,,,,,,,,,,,,,,,,,,,,,,,,,,,,,,,,,,,,,,,,,,,,,,,,,,,,,,,,,,,,,,,,,,,,,,,,,,,,,,,,,,,,,,,,
130,PET,LT,#4,#5,FT_1,1.4259463635919478,6.127068969741675,96.98826979084897,-0.7387072969280923,-3.217666532838863,-64.30750045573579,0.336955895858209,,PP,HT,#8,#3,H2_1,0.8310887909615711,2.560618039286091,68.75030980804006,-0.1507238402723648,1.098506477256358,-23.46263665808997,0.6587268228521334,77,,PP,HT,#4,#8,FT_1,0.9667700661319026,4.697515206405496,93.47647697089998,-0.01660982106173435,-1.279566756102155,-47.33694237001921,0.4935951385421211,77,,,,,,,,,,,,,,77,PET,LT,#5,#2,FT_1,1.229764906676935,4.406726506081377,80.00987854729077,-0.5646119923198352,-1.3669019686131274,-45.1066124386722,0.4362369590148619,77,,,,,,,,,,,,,,,,,,,,,,,,,,,,,,,,,,,,,,,,,,,,,,,,,,,,,,,,,,,,,,,,,,,,,,,,,,,,,,,,,,,,,,,,,,,,,,,,,,,,,,,,,,,,,,,,,,,,,,,,,,,,,,,,,,,,,,,,,,,,,,,,,,,,,,,,,,,,,,,,
131,PET,LT,#4,#6,GASOLINE_1,0.7920345320869608,2.72182365894694,55.31788482596254,-0.30491252115026746,-0.18876101605731427,-31.825207295232268,0.42468502916627004,,PP,HT,#8,#6,Olefin,0.6259463286558173,0.7795593267488293,55.80057195813468,-0.06994550643325105,2.2747760604112344,-15.428739755823221,0.7235021216736113,78,,PP,HT,#4,#10,MeOH_1,1.1715612140851253,6.818221800821609,121.10503730486799,-0.29843817188209554,-3.8434980415351165,-74.08155788453651,0.3882867341178821,78,,,,,,,,,,,,,,78,PET,LT,#5,#3,GASOLINE_1,0.8746883785884638,2.9653523203442655,59.146341829680225,-0.44613807888781026,-0.37385535949460386,-35.38567599836741,0.40172671878397515,78,,,,,,,,,,,,,,,,,,,,,,,,,,,,,,,,,,,,,,,,,,,,,,,,,,,,,,,,,,,,,,,,,,,,,,,,,,,,,,,,,,,,,,,,,,,,,,,,,,,,,,,,,,,,,,,,,,,,,,,,,,,,,,,,,,,,,,,,,,,,,,,,,,,,,,,,,,,,,,,,
132,PET,LT,#4,#7,GASOLINE_1,0.907634034742228,3.4306586141211444,62.20508143588254,-0.43749759631641416,-0.9107692118976879,-39.375150475089775,0.3670107077076101,,PP,HT,#8,#7,MeOH_1,0.7983690702934368,2.40636169718454,71.35346196009205,-0.04700829700183022,0.7105048152528575,-27.899015501539807,0.6090026365203736,79,,PP,HT,#4,#11,FT_1,1.341310289811327,8.138142651449895,128.7877921709,-0.3908155282048657,-4.725128451474839,-83.17623667918255,0.35416055142238473,79,,,,,,,,,,,,,,79,PET,LT,#5,#4,MeOH_1,1.2977406087044705,5.3820857449678305,92.22236942729074,-0.6300505864152882,-2.4431913872110607,-53.257029872593414,0.4225150556928391,79,,,,,,,,,,,,,,,,,,,,,,,,,,,,,,,,,,,,,,,,,,,,,,,,,,,,,,,,,,,,,,,,,,,,,,,,,,,,,,,,,,,,,,,,,,,,,,,,,,,,,,,,,,,,,,,,,,,,,,,,,,,,,,,,,,,,,,,,,,,,,,,,,,,,,,,,,,,,,,,,
133,PET,LT,#4,#8,GASOLINE_1,0.974880801049893,3.552933200658376,64.28486993679454,-0.4935807999682944,-1.0294572861622882,-41.58823249232241,0.3530634419387899,,PP,HT,#8,#8,FT_1,0.9140697540347483,3.178793718630183,77.53710962612405,-0.07722643548259597,0.24522292347060562,-35.82030555847262,0.5380237188206467,80,,PP,HT,#5,#1,MeOH_1,0.8023908137936687,3.8637566827760046,84.6911877851064,-0.010751849732751994,-0.6184541959301445,-37.739159461614584,0.5543909531960619,80,,,,,,,,,,,,,,80,PET,LT,#5,#5,FT_1,1.3439359675942952,5.633672884131704,93.59556861332275,-0.6735566193175018,-2.6180256515773235,-59.180183659995365,0.36770314517250097,80,,,,,,,,,,,,,,,,,,,,,,,,,,,,,,,,,,,,,,,,,,,,,,,,,,,,,,,,,,,,,,,,,,,,,,,,,,,,,,,,,,,,,,,,,,,,,,,,,,,,,,,,,,,,,,,,,,,,,,,,,,,,,,,,,,,,,,,,,,,,,,,,,,,,,,,,,,,,,,,,
134,PET,LT,#4,#9,GASOLINE_1,0.8890096991101404,3.3387182466705854,61.432745597505324,-0.4139788474175901,-0.763485039104135,-38.08620887110119,0.38003407627856683,,PP,HT,#8,#9,H2_1,0.8307147399265794,1.7727269227240539,69.35186556126494,-0.1297721361638284,1.904362262127261,-21.621169681351482,0.6882395375182591,81,,PP,HT,#5,#2,FT_1,0.9026343915891786,4.115907899792114,86.5049794511384,-0.0012801148172869147,-0.5811202173597151,-43.57224919508238,0.49630357152221755,81,,,,,,,,,,,,,,81,PET,LT,#5,#8,GASOLINE_1,0.8928704050522404,3.059537115048408,60.8921687592683,-0.42843012235770384,-0.429816404900752,-36.46091569658198,0.4012215948371469,81,,,,,,,,,,,,,,,,,,,,,,,,,,,,,,,,,,,,,,,,,,,,,,,,,,,,,,,,,,,,,,,,,,,,,,,,,,,,,,,,,,,,,,,,,,,,,,,,,,,,,,,,,,,,,,,,,,,,,,,,,,,,,,,,,,,,,,,,,,,,,,,,,,,,,,,,,,,,,,,,
135,PET,LT,#4,#10,GASOLINE_1,0.9243676836011637,3.6281351631689573,64.67939795076255,-0.459902292172754,-1.153034143493232,-42.09497921003902,0.34917484479240213,,PP,HT,#9,#1,MeOH_1,0.9111800887674131,3.1042224552804583,74.3177160818714,-0.17695194625544716,0.032128865522756275,-29.551138369126193,0.6023675117172403,82,,PP,HT,#5,#4,MeOH_1,1.1173244325112077,6.774264566036079,118.5410165851064,-0.3291407851632891,-3.700957693389101,-73.95493517760131,0.3761236632848897,82,,,,,,,,,,,,,,82,PET,LT,#6,#1,MeOH_1,1.5199817094761086,5.437894747305535,103.90126965878498,-0.6886397242434087,-2.0250708704730016,-54.242778634719016,0.47793921274635043,82,,,,,,,,,,,,,,,,,,,,,,,,,,,,,,,,,,,,,,,,,,,,,,,,,,,,,,,,,,,,,,,,,,,,,,,,,,,,,,,,,,,,,,,,,,,,,,,,,,,,,,,,,,,,,,,,,,,,,,,,,,,,,,,,,,,,,,,,,,,,,,,,,,,,,,,,,,,,,,,,
136,PET,LT,#4,#11,GASOLINE_1,0.9533845067496702,3.7021228926609147,65.31876881679453,-0.47395696572548573,-1.1870219313823998,-42.68086045639299,0.3465758582176607,,PP,HT,#9,#2,FT_1,1.0114236665629213,3.356373672296567,76.13150774790343,-0.16748021133998037,0.06946284409318566,-35.384228102594,0.5352222864183529,83,,PP,HT,#5,#5,FT_1,1.2529197695283938,7.57603429665396,122.32712042510639,-0.34655909763511406,-4.050116428020403,-79.1158881006113,0.35324327241848835,83,,,,,,,,,,,,,,83,PET,LT,#6,#2,MeOH_1,1.32468794237405,5.264140024539224,89.364885178785,-0.6575927601076212,-2.435847788302301,-56.075817073003186,0.3725072553854135,83,,,,,,,,,,,,,,,,,,,,,,,,,,,,,,,,,,,,,,,,,,,,,,,,,,,,,,,,,,,,,,,,,,,,,,,,,,,,,,,,,,,,,,,,,,,,,,,,,,,,,,,,,,,,,,,,,,,,,,,,,,,,,,,,,,,,,,,,,,,,,,,,,,,,,,,,,,,,,,,,
137,PET,LT,#5,#1,MeOH_1,1.4250586737789916,4.580481228847689,94.54626302729075,-0.5956589564556211,-0.9561250507838285,-43.27357400038806,0.5423026504189049,,PP,HT,#9,#3,H2_1,0.935533733947972,2.9732318393624713,71.83768641972004,-0.27265604743840527,0.7529668941427449,-26.411742185176806,0.6323414143536983,84,,PP,HT,#5,#7,MeOH_1,0.7940247383060935,3.5785097247564654,84.81431027500703,-0.002740407645175651,-0.2856178293136552,-39.036142121115034,0.5397458047522653,84,,,,,,,,,,,,,,84,PET,LT,#6,#3,MeOH_1,0.9696114142855791,3.8227658388021117,68.50134846117446,-0.5391188466755965,-1.442801179183777,-46.35488063269838,0.32329973534795986,84,,,,,,,,,,,,,,,,,,,,,,,,,,,,,,,,,,,,,,,,,,,,,,,,,,,,,,,,,,,,,,,,,,,,,,,,,,,,,,,,,,,,,,,,,,,,,,,,,,,,,,,,,,,,,,,,,,,,,,,,,,,,,,,,,,,,,,,,,,,,,,,,,,,,,,,,,,,,,,,,
138,PET,LT,#5,#2,FT_1,1.229764906676935,4.406726506081377,80.00987854729077,-0.5646119923198352,-1.3669019686131274,-45.1066124386722,0.4362369590148619,,PP,HT,#9,#6,Olefin,0.7303912716422177,1.1921731268252094,58.88794856981466,-0.19187771359929115,1.9292364772976214,-18.37784528291005,0.6879183987684309,85,,PP,HT,#5,#8,FT_1,0.9097254220474054,4.35094174620211,90.99795794103903,-0.03295854612594169,-0.7508997210959074,-46.957432178047846,0.4839726820191579,85,,,,,,,,,,,,,,85,PET,LT,#6,#4,MeOH_1,1.392663644401587,6.239499263425675,101.57737605878498,-0.7230313542030757,-3.512137206900233,-64.22623450692438,0.36771122666374745,85,,,,,,,,,,,,,,,,,,,,,,,,,,,,,,,,,,,,,,,,,,,,,,,,,,,,,,,,,,,,,,,,,,,,,,,,,,,,,,,,,,,,,,,,,,,,,,,,,,,,,,,,,,,,,,,,,,,,,,,,,,,,,,,,,,,,,,,,,,,,,,,,,,,,,,,,,,,,,,,,
139,PET,LT,#5,#3,GASOLINE_1,0.8746883785884638,2.9653523203442655,59.146341829680225,-0.44613807888781026,-0.37385535949460386,-35.38567599836741,0.40172671878397515,,PP,HT,#9,#7,MeOH_1,0.9028140132798377,2.818975497260919,74.44083857177202,-0.16894050416787065,0.36496523213924525,-30.848121028626647,0.5856021826126465,86,,PP,HT,#5,#10,MeOH_1,1.1145165700006294,6.471648340618222,118.62651827500704,-0.31478689694630446,-3.314831006528869,-73.70204769256516,0.37870512627113706,86,,,,,,,,,,,,,,86,PET,LT,#6,#5,MeOH_1,1.438859003291412,6.49108640258955,102.95057524481697,-0.7665373871052895,-3.686971471266497,-70.1493882943263,0.3186110118616557,86,,,,,,,,,,,,,,,,,,,,,,,,,,,,,,,,,,,,,,,,,,,,,,,,,,,,,,,,,,,,,,,,,,,,,,,,,,,,,,,,,,,,,,,,,,,,,,,,,,,,,,,,,,,,,,,,,,,,,,,,,,,,,,,,,,,,,,,,,,,,,,,,,,,,,,,,,,,,,,,,
140,PET,LT,#5,#4,MeOH_1,1.2977406087044705,5.3820857449678305,92.22236942729074,-0.6300505864152882,-2.4431913872110607,-53.257029872593414,0.4225150556928391,,PP,HT,#9,#9,H2_1,0.9351596829129801,2.185340722800434,72.43924217294494,-0.25170434332986885,1.5588226790136475,-24.57027520843832,0.6608154023784779,87,,PP,HT,#5,#11,FT_1,1.284265645726831,7.7915691912465075,126.30927314103903,-0.40716425326907457,-4.1964614164685905,-82.7967264872112,0.3444920992082743,87,,,,,,,,,,,,,,87,PET,LT,#6,#7,MeOH_1,0.9205466744416921,3.7946760469690215,68.16738688985053,-0.46532768649361134,-1.380074150325324,-45.217038313680284,0.33667637301771536,87,,,,,,,,,,,,,,,,,,,,,,,,,,,,,,,,,,,,,,,,,,,,,,,,,,,,,,,,,,,,,,,,,,,,,,,,,,,,,,,,,,,,,,,,,,,,,,,,,,,,,,,,,,,,,,,,,,,,,,,,,,,,,,,,,,,,,,,,,,,,,,,,,,,,,,,,,,,,,,,,
141,PET,LT,#5,#5,FT_1,1.3439359675942952,5.633672884131704,93.59556861332275,-0.6735566193175018,-2.6180256515773235,-59.180183659995365,0.36770314517250097,,PP,LT,#1,#1,GASOLINE_1,0.7057881103171303,2.127229719780866,71.64056914935549,0.10793199853101328,0.8122069381664363,-26.2377583659394,0.6337583763294901,88,,PP,HT,#6,#1,MeOH_1,0.8995114334188111,4.650039880365766,93.26396393496732,-0.1060514917683247,-1.6016013076347562,-47.80489754769943,0.4874237001009989,88,,,,,,,,,,,,,,88,PET,LT,#6,#8,MeOH_1,0.9877934407493569,3.916950633506254,70.24717539076254,-0.5214108901454914,-1.4987622245899248,-47.43012033091295,0.32481099678279757,88,,,,,,,,,,,,,,,,,,,,,,,,,,,,,,,,,,,,,,,,,,,,,,,,,,,,,,,,,,,,,,,,,,,,,,,,,,,,,,,,,,,,,,,,,,,,,,,,,,,,,,,,,,,,,,,,,,,,,,,,,,,,,,,,,,,,,,,,,,,,,,,,,,,,,,,,,,,,,,,,
142,PET,LT,#5,#6,GASOLINE_1,0.7100241360893095,2.2284275733369707,51.925183648436295,-0.2397618435396784,0.4108798652042228,-26.697890499491834,0.48583926673707917,,PP,LT,#1,#2,GASOLINE_1,0.7451980798243187,2.1938512037837365,72.9905713893555,0.08416649334749905,0.7264928769298526,-27.909670999869274,0.617626352710818,89,,PP,HT,#6,#2,FT_1,0.9997550112143208,4.902191097381875,95.07775560099935,-0.09657975685285919,-1.5642673290643279,-53.63798728116725,0.43585135195804453,89,,,,,,,,,,,,,,89,PET,LT,#6,#9,MeOH_1,0.9019223388096044,3.702735679518464,67.39505105147332,-0.4418089375947871,-1.2327899775317723,-43.92809670969174,0.34819996387952257,89,,,,,,,,,,,,,,,,,,,,,,,,,,,,,,,,,,,,,,,,,,,,,,,,,,,,,,,,,,,,,,,,,,,,,,,,,,,,,,,,,,,,,,,,,,,,,,,,,,,,,,,,,,,,,,,,,,,,,,,,,,,,,,,,,,,,,,,,,,,,,,,,,,,,,,,,,,,,,,,,
143,PET,LT,#5,#7,GASOLINE_1,0.8256236387445756,2.9372625285111753,58.81238025835629,-0.37234691870582365,-0.31112833063615086,-34.24783367934932,0.41767645640420653,,PP,LT,#1,#3,GASOLINE_1,0.6919510971874857,1.8941784958248424,70.85883343199487,0.12751399180881492,1.0629697069048747,-25.194689715082355,0.6444382655655434,90,,PP,HT,#6,#3,MeOH_1,0.9238650785993698,4.519049264447777,90.78393427281597,-0.20175559295128254,-0.8807632790147665,-44.66550136375006,0.508002140229733,90,,,,,,,,,,,,,,90,PET,LT,#6,#10,MeOH_1,0.9372803233006276,3.9921525960168336,70.64170340473053,-0.487732382349951,-1.622339081920867,-47.93686704862955,0.3214083928018722,90,,,,,,,,,,,,,,,,,,,,,,,,,,,,,,,,,,,,,,,,,,,,,,,,,,,,,,,,,,,,,,,,,,,,,,,,,,,,,,,,,,,,,,,,,,,,,,,,,,,,,,,,,,,,,,,,,,,,,,,,,,,,,,,,,,,,,,,,,,,,,,,,,,,,,,,,,,,,,,,,
144,PET,LT,#5,#8,GASOLINE_1,0.8928704050522404,3.059537115048408,60.8921687592683,-0.42843012235770384,-0.429816404900752,-36.46091569658198,0.4012215948371469,,PP,LT,#1,#4,GASOLINE_1,0.7543375562052217,2.324478312277976,74.62416018935549,0.06088651341392378,0.5532891768937025,-29.561541464037624,0.6038609829708431,91,,PP,HT,#6,#7,MeOH_1,0.8911453579312356,4.364792922346227,93.38708642486796,-0.09804004968074793,-1.2687649410182682,-49.101880207199876,0.47421124175767637,91,,,,,,,,,,,,,,91,PET,LT,#6,#11,MeOH_1,0.9662971464491343,4.066140325508792,71.28107427076255,-0.501787055902683,-1.6563268698100364,-48.522748294983536,0.3192758555985149,91,,,,,,,,,,,,,,,,,,,,,,,,,,,,,,,,,,,,,,,,,,,,,,,,,,,,,,,,,,,,,,,,,,,,,,,,,,,,,,,,,,,,,,,,,,,,,,,,,,,,,,,,,,,,,,,,,,,,,,,,,,,,,,,,,,,,,,,,,,,,,,,,,,,,,,,,,,,,,,,,
145,PET,LT,#5,#9,GASOLINE_1,0.8069993031124877,2.8453221610606168,58.040044419979075,-0.34882816980699954,-0.16384415784259884,-32.95889207536075,0.4321353058093915,,PP,LT,#1,#5,GASOLINE_1,0.7992491497227,2.437695678297762,75.6229512293555,0.04212510372605423,0.5109885486440244,-29.749256582206012,0.6066107431858878,92,,PP,HT,#6,#8,FT_1,1.0068460416725475,5.137224943791872,99.57073409089998,-0.12825818816151413,-1.734046832800521,-57.0231702641327,0.4273099341411384,92,,,,,,,,,,,,,,92,PET,LT,#7,#1,MeOH_1,1.5668037141166173,5.774060172862067,105.76197684481699,-0.7203238222922574,-2.2638264405395003,-56.415058335934354,0.46658468365515376,92,,,,,,,,,,,,,,,,,,,,,,,,,,,,,,,,,,,,,,,,,,,,,,,,,,,,,,,,,,,,,,,,,,,,,,,,,,,,,,,,,,,,,,,,,,,,,,,,,,,,,,,,,,,,,,,,,,,,,,,,,,,,,,,,,,,,,,,,,,,,,,,,,,,,,,,,,,,,,,,,
146,PET,LT,#5,#10,GASOLINE_1,0.8423572876035109,3.1347390775589883,61.2866967732363,-0.3947516145621634,-0.553393262231695,-36.96766241429857,0.39680771911919666,,PP,LT,#1,#6,GASOLINE_1,0.6048931055201374,1.3754777826716078,64.25902158617185,0.20865857746632033,1.5575150043806427,-19.213576715020977,0.7009979884418965,93,,PP,HT,#6,#9,MeOH_1,0.9234910275643783,3.731158147885741,91.38549002604088,-0.18080388884274623,-0.07490749414386451,-42.82403438701157,0.5313913141483556,93,,,,,,,,,,,,,,93,PET,LT,#7,#2,FT_1,1.371509947014561,5.600305450095756,91.225592364817,-0.6892768581564716,-2.6746033583688003,-58.248096774218496,0.361493904678847,93,,,,,,,,,,,,,,,,,,,,,,,,,,,,,,,,,,,,,,,,,,,,,,,,,,,,,,,,,,,,,,,,,,,,,,,,,,,,,,,,,,,,,,,,,,,,,,,,,,,,,,,,,,,,,,,,,,,,,,,,,,,,,,,,,,,,,,,,,,,,,,,,,,,,,,,,,,,,,,,,
147,PET,LT,#5,#11,GASOLINE_1,0.8713741107520175,3.2087268070509465,61.926067639268304,-0.4088062881148953,-0.5873810501208636,-37.553543660652565,0.39357454635405803,,PP,LT,#1,#7,GASOLINE_1,0.698073765745775,2.0279644979863165,71.28106408857185,0.11729968262240476,0.9104079342291271,-25.83251395220264,0.6375964040028376,94,,PP,HT,#6,#10,MeOH_1,1.2116371896257698,7.257931538207981,127.19929442486797,-0.4100865389818753,-4.2979781182334795,-83.76778577865,0.34144457202057354,94,,,,,,,,,,,,,,94,PET,LT,#7,#3,GASOLINE_1,1.016433418926088,4.158931264358644,70.36205564720646,-0.5708029447244449,-1.681556749250276,-48.5271603339137,0.31032202104458645,94,,,,,,,,,,,,,,,,,,,,,,,,,,,,,,,,,,,,,,,,,,,,,,,,,,,,,,,,,,,,,,,,,,,,,,,,,,,,,,,,,,,,,,,,,,,,,,,,,,,,,,,,,,,,,,,,,,,,,,,,,,,,,,,,,,,,,,,,,,,,,,,,,,,,,,,,,,,,,,,,
148,PET,LT,#6,#1,MeOH_1,1.5199817094761086,5.437894747305535,103.90126965878498,-0.6886397242434087,-2.0250708704730016,-54.242778634719016,0.47793921274635043,,PP,LT,#1,#8,GASOLINE_1,0.7491979779198791,2.1317633330964707,72.70236871460385,0.0729200493372727,0.7874366915483477,-27.75006861820791,0.618305852906362,95,,PP,HT,#7,#1,MeOH_1,0.9430701742459081,4.961455104422662,94.98572969496735,-0.13542624377454418,-1.8220790405963327,-49.80781908909865,0.47562839966541165,95,,,,,,,,,,,,,,95,PET,LT,#7,#4,MeOH_1,1.4394856490420962,6.575664688982209,103.43808324481695,-0.7547154522519246,-3.7508927769667326,-66.39851420813967,0.3580844489259545,95,,,,,,,,,,,,,,,,,,,,,,,,,,,,,,,,,,,,,,,,,,,,,,,,,,,,,,,,,,,,,,,,,,,,,,,,,,,,,,,,,,,,,,,,,,,,,,,,,,,,,,,,,,,,,,,,,,,,,,,,,,,,,,,,,,,,,,,,,,,,,,,,,,,,,,,,,,,,,,,,
149,PET,LT,#6,#2,MeOH_1,1.32468794237405,5.264140024539224,89.364885178785,-0.6575927601076212,-2.435847788302301,-56.075817073003186,0.3725072553854135,,PP,LT,#1,#9,GASOLINE_1,0.6847282133004794,1.868045597252211,70.4431017974924,0.13431126047200834,1.0859525384446156,-24.78994678574457,0.6480855306881584,96,,PP,HT,#7,#2,FT_1,1.043313752041418,5.21360632143877,96.79952136099934,-0.12595450885907894,-1.7847450620259038,-55.640908822566445,0.4251943807132891,96,,,,,,,,,,,,,,96,PET,LT,#7,#5,FT_1,1.485681007931921,6.827251828146084,104.81128243084898,-0.7982214851541379,-3.925727041332997,-72.32166799554165,0.30998203324859536,96,,,,,,,,,,,,,,,,,,,,,,,,,,,,,,,,,,,,,,,,,,,,,,,,,,,,,,,,,,,,,,,,,,,,,,,,,,,,,,,,,,,,,,,,,,,,,,,,,,,,,,,,,,,,,,,,,,,,,,,,,,,,,,,,,,,,,,,,,,,,,,,,,,,,,,,,,,,,,,,,
150,PET,LT,#6,#3,MeOH_1,0.9696114142855791,3.8227658388021117,68.50134846117446,-0.5391188466755965,-1.442801179183777,-46.35488063269838,0.32329973534795986,,PP,LT,#1,#10,GASOLINE_1,0.7471767514349182,2.293462980289629,74.95033256857185,0.07104896855627402,0.5919405012096748,-29.86165817083698,0.6015807115529924,97,,PP,HT,#7,#3,H2_1,0.9674238194264687,4.830464488504673,92.50570003281597,-0.2311303449575038,-1.1012410119763432,-46.66842290514925,0.49550759695247065,97,,,,,,,,,,,,,,97,PET,LT,#7,#7,GASOLINE_1,0.9673686790822011,4.130841472525554,70.02809407588254,-0.4970117845424599,-1.6188297203918225,-47.3893180148956,0.32328133957859145,97,,,,,,,,,,,,,,,,,,,,,,,,,,,,,,,,,,,,,,,,,,,,,,,,,,,,,,,,,,,,,,,,,,,,,,,,,,,,,,,,,,,,,,,,,,,,,,,,,,,,,,,,,,,,,,,,,,,,,,,,,,,,,,,,,,,,,,,,,,,,,,,,,,,,,,,,,,,,,,,,
151,PET,LT,#6,#4,MeOH_1,1.392663644401587,6.239499263425675,101.57737605878498,-0.7230313542030757,-3.512137206900233,-64.22623450692438,0.36771122666374745,,PP,LT,#1,#11,GASOLINE_1,0.7603587911672403,2.3003255792957478,74.51147336857186,0.06275215657508595,0.6140453049755686,-29.588728897075885,0.6028970095556304,98,,PP,HT,#7,#7,MeOH_1,0.9347040987583326,4.676208146403123,95.10885218486797,-0.1274148016869674,-1.4892426739798448,-51.104801748599094,0.4626703973961955,98,,,,,,,,,,,,,,98,PET,LT,#7,#8,GASOLINE_1,1.0346154453898657,4.253116059062787,72.10788257679452,-0.5530949881943399,-1.737517794656424,-49.602400032128266,0.31210849272543884,98,,,,,,,,,,,,,,,,,,,,,,,,,,,,,,,,,,,,,,,,,,,,,,,,,,,,,,,,,,,,,,,,,,,,,,,,,,,,,,,,,,,,,,,,,,,,,,,,,,,,,,,,,,,,,,,,,,,,,,,,,,,,,,,,,,,,,,,,,,,,,,,,,,,,,,,,,,,,,,,,
152,PET,LT,#6,#5,MeOH_1,1.438859003291412,6.49108640258955,102.95057524481697,-0.7665373871052895,-3.686971471266497,-70.1493882943263,0.3186110118616557,,PP,LT,#2,#1,DIESEL_1,0.764626971054306,2.714339130370434,75.9676490968755,-0.0020618524615011323,0.29849916512126534,-33.093802366142675,0.5643697974128332,99,,PP,HT,#7,#8,FT_1,1.0504047824996443,5.448640167848767,101.29249985089999,-0.15763294016773358,-1.9545245657620969,-59.02609180553192,0.4172708552714481,99,,,,,,,,,,,,,,99,PET,LT,#7,#9,GASOLINE_1,0.9487443434501133,4.038901105074996,69.25575823750532,-0.47349303564363576,-1.4715455475982708,-46.10037641090703,0.3343459434403901,99,,,,,,,,,,,,,,,,,,,,,,,,,,,,,,,,,,,,,,,,,,,,,,,,,,,,,,,,,,,,,,,,,,,,,,,,,,,,,,,,,,,,,,,,,,,,,,,,,,,,,,,,,,,,,,,,,,,,,,,,,,,,,,,,,,,,,,,,,,,,,,,,,,,,,,,,,,,,,,,,
153,PET,LT,#6,#6,MeOH_1,0.8049471717864245,3.0858410917948174,61.280190279930544,-0.33274261132746424,-0.6580659544849509,-37.667095133822805,0.3853299906257161,,PP,LT,#2,#2,DIESEL_1,0.8040369405614943,2.780960614373305,77.3176513368755,-0.025827357645015352,0.21278510388468147,-34.765715000072525,0.5503521589320247,100,,PP,HT,#7,#9,H2_1,0.967049768391475,4.042573371942637,93.10725578604088,-0.21017864084896556,-0.2953852271054408,-44.826955928410776,0.5185449775104265,100,,,,,,,,,,,,,,100,PET,LT,#7,#10,GASOLINE_1,0.9841023279411365,4.328318021573367,72.50241059076252,-0.5194164803987997,-1.8610946519873672,-50.109146749844854,0.3088623351755256,100,,,,,,,,,,,,,,,,,,,,,,,,,,,,,,,,,,,,,,,,,,,,,,,,,,,,,,,,,,,,,,,,,,,,,,,,,,,,,,,,,,,,,,,,,,,,,,,,,,,,,,,,,,,,,,,,,,,,,,,,,,,,,,,,,,,,,,,,,,,,,,,,,,,,,,,,,,,,,,,,
154,PET,LT,#6,#7,MeOH_1,0.9205466744416921,3.7946760469690215,68.16738688985053,-0.46532768649361134,-1.380074150325324,-45.217038313680284,0.33667637301771536,,PP,LT,#2,#3,DIESEL_1,0.75078995792466,2.4812879064144107,75.18591337951487,0.017520140816301648,0.5492619338597032,-32.05073371528561,0.5737135817782305,101,,PP,HT,#8,#4,MeOH_1,1.1216687644985508,5.602116538464152,105.08016827019142,-0.3734086745199435,-2.704835048822585,-62.81780855802609,0.4021915876980385,101,,,,,,,,,,,,,,101,PET,LT,#7,#11,GASOLINE_1,1.0131191510896433,4.402305751065325,73.14178145679453,-0.5334711539515318,-1.8950824398765356,-50.69502799619885,0.3068937208462057,101,,,,,,,,,,,,,,,,,,,,,,,,,,,,,,,,,,,,,,,,,,,,,,,,,,,,,,,,,,,,,,,,,,,,,,,,,,,,,,,,,,,,,,,,,,,,,,,,,,,,,,,,,,,,,,,,,,,,,,,,,,,,,,,,,,,,,,,,,,,,,,,,,,,,,,,,,,,,,,,,
155,PET,LT,#6,#8,MeOH_1,0.9877934407493569,3.916950633506254,70.24717539076254,-0.5214108901454914,-1.4987622245899248,-47.43012033091295,0.32481099678279757,,PP,LT,#2,#4,DIESEL_1,0.8131764169423958,2.9115877228675435,78.95124013687551,-0.04910733757858878,0.039581403848531545,-36.41758546424089,0.5387332054429447,102,,PP,HT,#8,#5,FT_1,1.2572641015157353,6.403886269082035,108.86627211019142,-0.39082698699176677,-3.0539937834538913,-67.97876148103609,0.3755755555565467,102,,,,,,,,,,,,,,102,PET,LT,#8,#4,MeOH_1,1.2356790917937448,4.778736797326668,85.23619654699007,-0.4366616989688225,-1.410349159029885,-46.04300092178804,0.45981868282443966,102,,,,,,,,,,,,,,,,,,,,,,,,,,,,,,,,,,,,,,,,,,,,,,,,,,,,,,,,,,,,,,,,,,,,,,,,,,,,,,,,,,,,,,,,,,,,,,,,,,,,,,,,,,,,,,,,,,,,,,,,,,,,,,,,,,,,,,,,,,,,,,,,,,,,,,,,,,,,,,,,
156,PET,LT,#6,#9,MeOH_1,0.9019223388096044,3.702735679518464,67.39505105147332,-0.4418089375947871,-1.2327899775317723,-43.92809670969174,0.34819996387952257,,PP,LT,#2,#6,DIESEL_1,0.6637319662573116,1.9625871932611763,68.58610153369186,0.0986647264738076,1.0438072313354712,-26.069620715224243,0.6198993654360433,103,,PP,HT,#8,#10,MeOH_1,1.118860901987971,5.299500313046295,105.16566996009207,-0.3590547863029572,-2.318708361962354,-62.56492107298994,0.4050822754542249,103,,,,,,,,,,,,,,103,PET,LT,#8,#5,BA_1,1.2818744506835718,5.030323936490542,86.60939573302205,-0.48016773187103806,-1.5851834233961475,-51.96615470918996,0.39999402756049324,103,,,,,,,,,,,,,,,,,,,,,,,,,,,,,,,,,,,,,,,,,,,,,,,,,,,,,,,,,,,,,,,,,,,,,,,,,,,,,,,,,,,,,,,,,,,,,,,,,,,,,,,,,,,,,,,,,,,,,,,,,,,,,,,,,,,,,,,,,,,,,,,,,,,,,,,,,,,,,,,,
157,PET,LT,#6,#10,MeOH_1,0.9372803233006276,3.9921525960168336,70.64170340473053,-0.487732382349951,-1.622339081920867,-47.93686704862955,0.3214083928018722,,PP,LT,#2,#7,DIESEL_1,0.7569126264829492,2.6150739085758845,75.60814403609187,0.00730583162989177,0.39670016118395596,-32.68855795240591,0.567658241461371,104,,PP,HT,#9,#8,FT_1,1.0185146970211492,3.5914075187065637,80.62448623780405,-0.19915864264863659,-0.10031665964300782,-38.76941108555947,0.519136023128159,104,,,,,,,,,,,,,,104,PET,HT,#1,-,GASOLINE_1,0.9672909622708343,3.58871522247271,56.46658603861327,-0.44753034486097365,-0.952412812136147,-25.34410311200099,0.5511663642163517,104,,,,,,,,,,,,,,,,,,,,,,,,,,,,,,,,,,,,,,,,,,,,,,,,,,,,,,,,,,,,,,,,,,,,,,,,,,,,,,,,,,,,,,,,,,,,,,,,,,,,,,,,,,,,,,,,,,,,,,,,,,,,,,,,,,,,,,,,,,,,,,,,,,,,,,,,,,,,,,,,
158,PET,LT,#6,#11,MeOH_1,0.9662971464491343,4.066140325508792,71.28107427076255,-0.501787055902683,-1.6563268698100364,-48.522748294983536,0.3192758555985149,,PP,LT,#2,#8,DIESEL_1,0.8080368386570532,2.7188727436860396,77.02944866212387,-0.03707380165524029,0.27372891850317566,-34.606112618411174,0.5507417848697737,105,,PP,LT,#2,#5,DIESEL_1,0.8580880104598742,3.024805088887331,79.95003117687551,-0.06786874726645863,-0.0027192244011473654,-36.60530058240928,0.5421477635021001,105,,,,,,,,,,,,,,105,PET,HT,#2,-,GASOLINE_1,1.1349401112484057,3.785365574786772,62.48475565952527,-0.5619054812155929,-1.258987781531604,-35.67072035903042,0.4291292334822035,105,,,,,,,,,,,,,,,,,,,,,,,,,,,,,,,,,,,,,,,,,,,,,,,,,,,,,,,,,,,,,,,,,,,,,,,,,,,,,,,,,,,,,,,,,,,,,,,,,,,,,,,,,,,,,,,,,,,,,,,,,,,,,,,,,,,,,,,,,,,,,,,,,,,,,,,,,,,,,,,,
159,PET,LT,#7,#1,MeOH_1,1.5668037141166173,5.774060172862067,105.76197684481699,-0.7203238222922574,-2.2638264405395003,-56.415058335934354,0.46658468365515376,,PP,LT,#2,#9,DIESEL_1,0.7435670740376533,2.455155007841779,74.77018174501241,0.024317409479495497,0.5722447653994444,-31.645990785947824,0.5767565351938069,106,,PP,LT,#3,#1,DIESEL_1,0.8732098405139692,3.587170785596956,84.57975125983184,-0.05696600855916742,-0.6049962989317319,-40.244463096003855,0.5241832413012009,106,,,,,,,,,,,,,,106,PET,HT,#3,-,GASOLINE_1,0.9603524701971269,3.682607406020469,58.43408097958268,-0.430242955583899,-0.914430538443535,-27.10736680000311,0.5361034802707921,106,,,,,,,,,,,,,,,,,,,,,,,,,,,,,,,,,,,,,,,,,,,,,,,,,,,,,,,,,,,,,,,,,,,,,,,,,,,,,,,,,,,,,,,,,,,,,,,,,,,,,,,,,,,,,,,,,,,,,,,,,,,,,,,,,,,,,,,,,,,,,,,,,,,,,,,,,,,,,,,,
160,PET,LT,#7,#2,FT_1,1.371509947014561,5.600305450095756,91.225592364817,-0.6892768581564716,-2.6746033583688003,-58.248096774218496,0.361493904678847,,PP,LT,#2,#10,DIESEL_1,0.8060156121720939,2.880572390879197,79.27741251609186,-0.03894488243624054,0.07823272816450358,-36.717702171040244,0.53684535095558,107,,PP,LT,#3,#2,DIESEL_1,0.9126198100211576,3.653792269599827,85.92975349983183,-0.0807315137426815,-0.6907103601683161,-41.91637572993371,0.5122018390287161,107,,,,,,,,,,,,,,107,PET,HT,#4,-,MeOH_1,1.1864590164661104,4.952972753447725,77.16033791349327,-0.6921629980961657,-2.651268142008253,-49.13971774733603,0.3631479711451236,107,,,,,,,,,,,,,,,,,,,,,,,,,,,,,,,,,,,,,,,,,,,,,,,,,,,,,,,,,,,,,,,,,,,,,,,,,,,,,,,,,,,,,,,,,,,,,,,,,,,,,,,,,,,,,,,,,,,,,,,,,,,,,,,,,,,,,,,,,,,,,,,,,,,,,,,,,,,,,,,,
161,PET,LT,#7,#3,GASOLINE_1,1.016433418926088,4.158931264358644,70.36205564720646,-0.5708029447244449,-1.681556749250276,-48.5271603339137,0.31032202104458645,,PP,LT,#2,#11,DIESEL_1,0.8191976519044146,2.8874349898853153,78.83855331609188,-0.047241694417427024,0.10033753193039804,-36.444772897279144,0.5377290505172126,108,,PP,LT,#3,#3,DIESEL_1,0.8593728273843245,3.354119561640933,83.7980155424712,-0.03738401528136578,-0.35423353019329457,-39.201394445146796,0.5321918521414338,108,,,,,,,,,,,,,,108,PET,HT,#5,-,GASOLINE_1,1.2736480120602371,5.249285566637839,81.96876957952527,-0.6182978676572758,-2.6275428838431747,-51.66010936371205,0.36975863333422454,108,,,,,,,,,,,,,,,,,,,,,,,,,,,,,,,,,,,,,,,,,,,,,,,,,,,,,,,,,,,,,,,,,,,,,,,,,,,,,,,,,,,,,,,,,,,,,,,,,,,,,,,,,,,,,,,,,,,,,,,,,,,,,,,,,,,,,,,,,,,,,,,,,,,,,,,,,,,,,,,,
162,PET,LT,#7,#4,MeOH_1,1.4394856490420962,6.575664688982209,103.43808324481695,-0.7547154522519246,-3.7508927769667326,-66.39851420813967,0.3580844489259545,,PP,LT,#3,#6,DIESEL_1,0.7723148357169763,2.835418848487699,77.1982036966482,0.04376057037613976,0.14031176728247285,-33.220281445085426,0.5696754606412198,109,,PP,LT,#3,#4,DIESEL_1,0.9217592864020607,3.7844193780940665,87.56334229983185,-0.10401149367625663,-0.8639140602044663,-43.56824619410209,0.5024373779050488,109,,,,,,,,,,,,,,109,PET,LT,#1,-,GASOLINE_1,0.8684315753386642,4.0983481642142605,61.50412066841878,-0.4460683899584014,-1.5125518221126069,-37.80351554930586,0.38534987349689465,109,,,,,,,,,,,,,,,,,,,,,,,,,,,,,,,,,,,,,,,,,,,,,,,,,,,,,,,,,,,,,,,,,,,,,,,,,,,,,,,,,,,,,,,,,,,,,,,,,,,,,,,,,,,,,,,,,,,,,,,,,,,,,,,,,,,,,,,,,,,,,,,,,,,,,,,,,,,,,,,,
163,PET,LT,#7,#5,FT_1,1.485681007931921,6.827251828146084,104.81128243084898,-0.7982214851541379,-3.925727041332997,-72.32166799554165,0.30998203324859536,,PP,LT,#5,#3,DIESEL_1,0.8694875556432538,3.1937221327384537,82.95037463858853,-0.05227296997626013,0.02320566533147484,-36.75786244409702,0.5568692413476183,110,,PP,LT,#3,#5,DIESEL_1,0.9666708799195389,3.897636744113853,88.56213333983183,-0.12277290336412633,-0.9062146884541449,-43.75596131227045,0.5059292311266997,110,,,,,,,,,,,,,,110,PET,LT,#2,-,GASOLINE_1,0.9708135026230704,4.009306026504595,57.764901408325265,-0.5263984636934641,-1.5442819592370565,-36.42581140587483,0.3694127312987151,110,,,,,,,,,,,,,,,,,,,,,,,,,,,,,,,,,,,,,,,,,,,,,,,,,,,,,,,,,,,,,,,,,,,,,,,,,,,,,,,,,,,,,,,,,,,,,,,,,,,,,,,,,,,,,,,,,,,,,,,,,,,,,,,,,,,,,,,,,,,,,,,,,,,,,,,,,,,,,,,,
164,PET,LT,#7,#6,GASOLINE_1,0.8517691764269335,3.4220065173513494,63.140897465962524,-0.3644267093763131,-0.8968215245514494,-39.83937483503811,0.3690400923345382,,PP,LT,#5,#6,DIESEL_1,0.7824295639759058,2.67502141958522,76.3505627927655,0.028871615681245546,0.517750962807242,-30.776749444035605,0.5969021272630118,111,,PP,LT,#3,#7,DIESEL_1,0.8654954959426141,3.4879055638024066,84.22024619904819,-0.04759832446777594,-0.5067953028690418,-39.83921868226709,0.5269638776867251,111,,,,,,,,,,,,,,111,PET,LT,#4,-,MeOH_1,0.9945163761266025,4.896691269622412,69.42349038229327,-0.5986011125570073,-2.595811868158836,-47.087181848724086,0.32173992420389963,111,,,,,,,,,,,,,,,,,,,,,,,,,,,,,,,,,,,,,,,,,,,,,,,,,,,,,,,,,,,,,,,,,,,,,,,,,,,,,,,,,,,,,,,,,,,,,,,,,,,,,,,,,,,,,,,,,,,,,,,,,,,,,,,,,,,,,,,,,,,,,,,,,,,,,,,,,,,,,,,,
165,PET,LT,#7,#7,GASOLINE_1,0.9673686790822011,4.130841472525554,70.02809407588254,-0.4970117845424599,-1.6188297203918225,-47.3893180148956,0.32328133957859145,,PP,LT,#5,#9,DIESEL_1,0.8622646717562492,3.1675892341658223,82.53464300408606,-0.04547570131306798,0.046188496871216,-36.35311951475922,0.5595410824887257,112,,PP,LT,#3,#8,DIESEL_1,0.9166197081167178,3.5917043989125608,85.64155082508019,-0.09197795775290771,-0.6297665455498209,-41.75677334827234,0.5124239000113501,112,,,,,,,,,,,,,,112,PET,LT,#5,-,FT_1,1.1074838695567972,4.89512214441336,72.02047982229327,-0.545458893162115,-2.297027753597634,-45.72616673568648,0.3650949445419777,112,,,,,,,,,,,,,,,,,,,,,,,,,,,,,,,,,,,,,,,,,,,,,,,,,,,,,,,,,,,,,,,,,,,,,,,,,,,,,,,,,,,,,,,,,,,,,,,,,,,,,,,,,,,,,,,,,,,,,,,,,,,,,,,,,,,,,,,,,,,,,,,,,,,,,,,,,,,,,,,,
166,PET,LT,#7,#8,GASOLINE_1,1.0346154453898657,4.253116059062787,72.10788257679452,-0.5530949881943399,-1.737517794656424,-49.602400032128266,0.31210849272543884,,PP,LT,#8,#1,DIESEL_1,0.7742468192752613,1.7091872313234615,67.36463280113496,-0.0499601159049466,1.0358846657654044,-23.08355944818614,0.6573341457032743,113,,PP,LT,#3,#9,DIESEL_1,0.8521499434973182,3.3279866630683013,83.38228390796876,-0.030586746618172213,-0.33125069865355283,-38.796651515809,0.5347134943121742,113,,,,,,,,,,,,,,113,PET,LT,#11,-,FT_1,0.9204222955984797,3.8656012609402897,65.95596331829742,-0.4255194792532757,-1.361574102786404,-43.77822835985964,0.33625064122572296,113,,,,,,,,,,,,,,,,,,,,,,,,,,,,,,,,,,,,,,,,,,,,,,,,,,,,,,,,,,,,,,,,,,,,,,,,,,,,,,,,,,,,,,,,,,,,,,,,,,,,,,,,,,,,,,,,,,,,,,,,,,,,,,,,,,,,,,,,,,,,,,,,,,,,,,,,,,,,,,,,
167,PET,LT,#7,#9,GASOLINE_1,0.9487443434501133,4.038901105074996,69.25575823750532,-0.47349303564363576,-1.4715455475982708,-46.10037641090703,0.3343459434403901,,PP,LT,#8,#2,DIESEL_1,0.8136567887824496,1.7758087153263324,68.71463504113495,-0.07372562108846083,0.9501706045288204,-24.75547208211599,0.6397350860221187,114,,PP,LT,#3,#10,DIESEL_1,0.9145984816317572,3.75340404610572,87.88951467904822,-0.09384903853390683,-0.8252627358884945,-43.86836290090143,0.5008692099268228,114,,,,,,,,,,,,,,114,PP,HT,#3,#11,FT_1,1.2972247783167914,8.013389009364921,127.18279313089997,-0.4249370602787855,-4.522847131509714,-84.71190010589312,0.33393584131537857,114,,,,,,,,,,,,,,,,,,,,,,,,,,,,,,,,,,,,,,,,,,,,,,,,,,,,,,,,,,,,,,,,,,,,,,,,,,,,,,,,,,,,,,,,,,,,,,,,,,,,,,,,,,,,,,,,,,,,,,,,,,,,,,,,,,,,,,,,,,,,,,,,,,,,,,,,,,,,,,,,
168,PET,LT,#7,#10,GASOLINE_1,0.9841023279411365,4.328318021573367,72.50241059076252,-0.5194164803987997,-1.8610946519873672,-50.109146749844854,0.3088623351755256,,PP,LT,#8,#3,DIESEL_1,0.7604098061456168,1.4761360073674388,66.58289708377431,-0.030378122627145246,1.286647434503842,-22.040490797329078,0.6689766927744549,115,,PP,LT,#3,#11,DIESEL_1,0.9277805213640793,3.7602666451118387,87.4506554790482,-0.10214585051509459,-0.803157932122601,-43.59543362714032,0.5014853417812849,115,,,,,,,,,,,,,,115,PP,HT,#6,#4,MeOH_1,1.21444505213635,7.560547763625838,127.11379273496736,-0.42444042719886155,-4.68410480509371,-84.02067326368619,0.3390121445052816,115,,,,,,,,,,,,,,,,,,,,,,,,,,,,,,,,,,,,,,,,,,,,,,,,,,,,,,,,,,,,,,,,,,,,,,,,,,,,,,,,,,,,,,,,,,,,,,,,,,,,,,,,,,,,,,,,,,,,,,,,,,,,,,,,,,,,,,,,,,,,,,,,,,,,,,,,,,,,,,,,
169,PET,LT,#7,#11,GASOLINE_1,1.0131191510896433,4.402305751065325,73.14178145679453,-0.5334711539515318,-1.8950824398765356,-50.69502799619885,0.3068937208462057,,PP,LT,#8,#4,DIESEL_1,0.8227962651633527,1.9064358238205716,70.34822384113495,-0.09700560102203581,0.7769669044926703,-26.407342546284365,0.6246196264184412,116,,PP,LT,#4,#1,DIESEL_1,0.9315040527209738,3.837073162547333,86.97366165983183,-0.08601316975704834,-0.7925827003252205,-43.857770049564635,0.49573503963648763,116,,,,,,,,,,,,,,116,PP,HT,#6,#5,FT_1,1.3500403891535342,8.362317494243722,130.89989657496733,-0.44185873967068473,-5.033263539725017,-89.18162618669616,0.31870361612072634,116,,,,,,,,,,,,,,,,,,,,,,,,,,,,,,,,,,,,,,,,,,,,,,,,,,,,,,,,,,,,,,,,,,,,,,,,,,,,,,,,,,,,,,,,,,,,,,,,,,,,,,,,,,,,,,,,,,,,,,,,,,,,,,,,,,,,,,,,,,,,,,,,,,,,,,,,,,,,,,,,
170,PET,LT,#8,#1,MeOH_1,1.3629971568682677,3.9771322812065266,87.56009014699006,-0.40227006900915696,0.07671717739734739,-36.05954504958268,0.5881737331580139,,PP,LT,#8,#5,DIESEL_1,0.8677078586808309,2.019653189840359,71.34701488113495,-0.11576701070990567,0.7346662762429914,-26.595057664452714,0.627243582527448,117,,PP,LT,#4,#2,DIESEL_1,0.970914022228162,3.9036946465502043,88.32366389983184,-0.10977867494056241,-0.8782967615618047,-45.5296826834945,0.48451320208896836,117,,,,,,,,,,,,,,,PP,HT,#6,#11,FT_1,1.3813862653519713,8.57785238883627,134.88204929089997,-0.5024638953046452,-5.179608528173205,-92.86246457329605,0.3115283682188155,117,,,,,,,,,,,,,,,,,,,,,,,,,,,,,,,,,,,,,,,,,,,,,,,,,,,,,,,,,,,,,,,,,,,,,,,,,,,,,,,,,,,,,,,,,,,,,,,,,,,,,,,,,,,,,,,,,,,,,,,,,,,,,,,,,,,,,,,,,,,,,,,,,,,,,,,,,,,,,,,,
171,PET,LT,#8,#2,BA_1,1.1677033897662095,3.803377558440216,73.02370566699008,-0.3712231048733696,-0.3340597404319531,-37.89258348786682,0.48109202153245506,,PP,LT,#8,#6,DIESEL_1,0.6733518144782679,0.9574352942142041,59.9830852379513,0.05076646303036114,1.78119273197961,-16.059377797267686,0.7322682263914808,118,,PP,LT,#4,#3,DIESEL_1,0.9176670395913278,3.604021938591311,86.19192594247122,-0.0664311764792454,-0.5418199315867832,-42.81470139870759,0.5032632009257543,118,,,,,,,,,,,,,,,PP,HT,#7,#4,MeOH_1,1.2580037929634464,7.8719629876827355,128.83555849496733,-0.45381517920508085,-4.904582538055289,-86.02359480508535,0.33229928282225224,118,,,,,,,,,,,,,,,,,,,,,,,,,,,,,,,,,,,,,,,,,,,,,,,,,,,,,,,,,,,,,,,,,,,,,,,,,,,,,,,,,,,,,,,,,,,,,,,,,,,,,,,,,,,,,,,,,,,,,,,,,,,,,,,,,,,,,,,,,,,,,,,,,,,,,,,,,,,,,,,,
172,PET,LT,#8,#3,BA_1,0.8126268616777386,2.3620033727031036,52.160168949379546,-0.25274919144134467,0.6589868686865723,-28.17164704756204,0.45990115417566824,,PP,LT,#8,#7,DIESEL_1,0.7665324747039061,1.609922009528912,67.00512774035131,-0.040592431813554986,1.1340856618280952,-22.678315034449373,0.6615435892857464,119,,PP,LT,#4,#4,DIESEL_1,0.9800534986090634,4.034321755044443,89.95725269983183,-0.13305865487413598,-1.0515004615979548,-47.18155314766286,0.47551140423221194,119,,,,,,,,,,,,,,,PP,HT,#7,#5,FT_1,1.3935991299806327,8.673732718300617,132.62166233496737,-0.4712334916769056,-5.253741272686592,-91.1845477280954,0.3124460504967337,119,,,,,,,,,,,,,,,,,,,,,,,,,,,,,,,,,,,,,,,,,,,,,,,,,,,,,,,,,,,,,,,,,,,,,,,,,,,,,,,,,,,,,,,,,,,,,,,,,,,,,,,,,,,,,,,,,,,,,,,,,,,,,,,,,,,,,,,,,,,,,,,,,,,,,,,,,,,,,,,,
173,PET,LT,#8,#4,MeOH_1,1.2356790917937448,4.778736797326668,85.23619654699007,-0.4366616989688225,-1.410349159029885,-46.04300092178804,0.45981868282443966,,PP,LT,#8,#8,DIESEL_1,0.8176566868780085,1.713720844639067,68.42643236638331,-0.08497206509868563,1.0111144191473147,-24.59586970045462,0.6405501668016506,120,,PP,LT,#4,#5,DIESEL_1,1.0249650921265416,4.147539121064232,90.95604373983184,-0.15182006456200556,-1.0938010898476347,-47.369268265831245,0.47920702882235083,120,,,,,,,,,,,,,,,PP,HT,#7,#10,MeOH_1,1.2551959304528686,7.56934676226488,128.92106018486797,-0.4394612909880965,-4.518455851195059,-85.77070732004923,0.3347036768309442,120,,,,,,,,,,,,,,,,,,,,,,,,,,,,,,,,,,,,,,,,,,,,,,,,,,,,,,,,,,,,,,,,,,,,,,,,,,,,,,,,,,,,,,,,,,,,,,,,,,,,,,,,,,,,,,,,,,,,,,,,,,,,,,,,,,,,,,,,,,,,,,,,,,,,,,,,,,,,,,,,
174,PET,LT,#8,#5,BA_1,1.2818744506835718,5.030323936490542,86.60939573302205,-0.48016773187103806,-1.5851834233961475,-51.96615470918996,0.39999402756049324,,PP,LT,#8,#9,DIESEL_1,0.7531869222586104,1.4500031087948066,66.16716544927185,-0.02358085396395154,1.3096302660435837,-21.63574786799127,0.673013832146419,121,,PP,LT,#4,#6,DIESEL_1,0.830609047923979,3.0853212254380775,79.5921140966482,0.014713409178260549,-0.04727463411101669,-36.8335883986462,0.5372206302508888,121,,,,,,,,,,,,,,,PP,HT,#7,#11,FT_1,1.4249450061790698,8.889267612893166,136.60381505089998,-0.5318386473108662,-5.4000862611347795,-94.86538611469527,0.3055436549898152,121,,,,,,,,,,,,,,,,,,,,,,,,,,,,,,,,,,,,,,,,,,,,,,,,,,,,,,,,,,,,,,,,,,,,,,,,,,,,,,,,,,,,,,,,,,,,,,,,,,,,,,,,,,,,,,,,,,,,,,,,,,,,,,,,,,,,,,,,,,,,,,,,,,,,,,,,,,,,,,,,
175,PET,LT,#8,#6,BA_1,0.6479626191785843,1.6250786256958085,44.93901076813562,-0.04637295609321292,1.443722093385399,-19.483861548686455,0.5664376848610639,,PP,LT,#8,#10,DIESEL_1,0.8156354603930492,1.875420491832225,70.67439622035131,-0.08684314587968586,0.8156182288086423,-26.707459253083712,0.6221055901232722,122,,PP,LT,#4,#7,DIESEL_1,0.9237897081496167,3.737807940752785,86.6141565990482,-0.07664548566565514,-0.6943817042625317,-43.45252563582787,0.49832074406754234,122,,,,,,,,,,,,,,,PP,HT,#8,#11,FT_1,1.2886099777141726,6.619421163674583,112.84842482612406,-0.4514321426257273,-3.2003387719020795,-71.65959986763598,0.36499246685943104,122,,,,,,,,,,,,,,,,,,,,,,,,,,,,,,,,,,,,,,,,,,,,,,,,,,,,,,,,,,,,,,,,,,,,,,,,,,,,,,,,,,,,,,,,,,,,,,,,,,,,,,,,,,,,,,,,,,,,,,,,,,,,,,,,,,,,,,,,,,,,,,,,,,,,,,,,,,,,,,,,
176,PET,LT,#8,#7,BA_1,0.7635621218338516,2.3339135808700133,51.82620737805562,-0.17895803125935963,0.7217138975450254,-27.033804728543952,0.4783757852211529,,PP,LT,#8,#11,DIESEL_1,0.8288175001253714,1.8822830908383434,70.2355370203513,-0.09513995786087392,0.8377230325745365,-26.4345299793226,0.6236302717858769,123,,PP,LT,#4,#8,DIESEL_1,0.9749139203237207,3.8416067758629393,88.03546122508018,-0.12102511895078706,-0.8173529469433108,-45.370080301833134,0.4846385800622378,123,,,,,,,,,,,,,,,PP,HT,#9,#4,MeOH_1,1.2261137074849515,6.014730338540532,108.16754488187141,-0.49534088168598384,-3.0503746319361986,-65.76691408511293,0.39199032244897253,123,,,,,,,,,,,,,,,,,,,,,,,,,,,,,,,,,,,,,,,,,,,,,,,,,,,,,,,,,,,,,,,,,,,,,,,,,,,,,,,,,,,,,,,,,,,,,,,,,,,,,,,,,,,,,,,,,,,,,,,,,,,,,,,,,,,,,,,,,,,,,,,,,,,,,,,,,,,,,,,,
177,PET,LT,#8,#8,BA_1,0.8308088881415164,2.4561881674072454,53.90599587896763,-0.2350412349112398,0.6030258232804246,-29.24688674577661,0.45744649980230123,,PP,LT,#9,#1,DIESEL_1,0.8325322018988366,2.1234514809396656,67.58932420545496,-0.15140029402219823,0.7985753581064364,-23.14536732083941,0.6575588291061593,124,,PP,LT,#4,#9,DIESEL_1,0.9104441557043228,3.5778890400186794,85.77619430796875,-0.059633907816053267,-0.5188371000470424,-42.40995846936979,0.5055742585512465,124,,,,,,,,,,,,,,,PP,HT,#9,#5,FT_1,1.361709044502136,6.816500069158415,111.95364872187142,-0.5127591941578074,-3.3995333665675043,-70.92786700812293,0.3664532793894875,124,,,,,,,,,,,,,,,,,,,,,,,,,,,,,,,,,,,,,,,,,,,,,,,,,,,,,,,,,,,,,,,,,,,,,,,,,,,,,,,,,,,,,,,,,,,,,,,,,,,,,,,,,,,,,,,,,,,,,,,,,,,,,,,,,,,,,,,,,,,,,,,,,,,,,,,,,,,,,,,,
178,PET,LT,#8,#9,BA_1,0.7449377862017632,2.2419732134194548,51.053871539678404,-0.1554392823605348,0.8689980703385775,-25.744863124555383,0.4957314235307932,,PP,LT,#9,#2,DIESEL_1,0.8719421714060237,2.1900729649425363,68.93932644545497,-0.17516579920571118,0.7128612968698526,-24.81727995476926,0.6400127295353722,125,,PP,LT,#4,#10,DIESEL_1,0.9728926938387616,4.003306423056097,90.2834250790482,-0.12289619973178759,-1.0128491372819826,-47.481669854462204,0.47408209410653906,125,,,,,,,,,,,,,,,PP,HT,#9,#10,MeOH_1,1.223305844974372,5.712114113122675,108.25304657177206,-0.4809869934689981,-2.6642479450759677,-65.51402660007678,0.39480662508060865,125,,,,,,,,,,,,,,,,,,,,,,,,,,,,,,,,,,,,,,,,,,,,,,,,,,,,,,,,,,,,,,,,,,,,,,,,,,,,,,,,,,,,,,,,,,,,,,,,,,,,,,,,,,,,,,,,,,,,,,,,,,,,,,,,,,,,,,,,,,,,,,,,,,,,,,,,,,,,,,,,
179,PET,LT,#8,#10,BA_1,0.7802957706927873,2.531390129917826,54.30052389293563,-0.2013627271156995,0.4794489659494811,-29.75363346349321,0.452056235734328,,PP,LT,#9,#3,DIESEL_1,0.8186951887691908,1.8904002569836422,66.80758848809432,-0.1318183007443956,1.0493381268448743,-22.10229866998234,0.6691648483327436,126,,PP,LT,#4,#11,DIESEL_1,0.9860747335710819,4.0101690220622155,89.84456587904818,-0.13119301171297365,-0.990744333516089,-47.2087405807011,0.47455096344663616,126,,,,,,,,,,,,,,,PP,HT,#9,#11,FT_1,1.3930549207005734,7.032034963750963,115.93580143780407,-0.5733643497917678,-3.545878355015693,-74.60870539472283,0.3564653500519589,126,,,,,,,,,,,,,,,,,,,,,,,,,,,,,,,,,,,,,,,,,,,,,,,,,,,,,,,,,,,,,,,,,,,,,,,,,,,,,,,,,,,,,,,,,,,,,,,,,,,,,,,,,,,,,,,,,,,,,,,,,,,,,,,,,,,,,,,,,,,,,,,,,,,,,,,,,,,,,,,,
180,PET,LT,#8,#11,BA_1,0.809312593841294,2.6053778594097845,54.939894758967625,-0.2154174006684314,0.44546117806031227,-30.339514709847197,0.44776896928993487,,PP,LT,#9,#4,DIESEL_1,0.8810816477869263,2.320700073436776,70.57291524545496,-0.1984457791392859,0.5396575968337017,-26.469150418937627,0.6249389680605225,127,,PP,LT,#5,#1,DIESEL_1,0.8833245687728998,3.426773356694478,83.73211035594916,-0.07185496325406276,-0.22755710340696395,-37.80093109495407,0.5485491654962412,127,,,,,,,,,,,,,,,PVC,HT,#2,#5,FT_1,0.8376261547754845,2.4695229187956262,46.28627521385905,-0.45253684082925827,-0.8922204373465633,-26.437888567728077,0.42881797151368034,127,,,,,,,,,,,,,,,,,,,,,,,,,,,,,,,,,,,,,,,,,,,,,,,,,,,,,,,,,,,,,,,,,,,,,,,,,,,,,,,,,,,,,,,,,,,,,,,,,,,,,,,,,,,,,,,,,,,,,,,,,,,,,,,,,,,,,,,,,,,,,,,,,,,,,,,,,,,,,,,,
181,PET,HT,#1,-,GASOLINE_1,0.9672909622708343,3.58871522247271,56.46658603861327,-0.44753034486097365,-0.952412812136147,-25.34410311200099,0.5511663642163517,,PP,LT,#9,#5,DIESEL_1,0.9259932413044049,2.433917439456563,71.57170628545497,-0.217207188827156,0.4973569685840234,-26.656865537106004,0.6275502301036617,128,,PP,LT,#5,#2,DIESEL_1,0.9227345382800884,3.493394840697348,85.08211259594916,-0.09562046843757713,-0.31327116464354726,-39.47284372888392,0.536061781677442,128,,,,,,,,,,,,,,,PVC,HT,#3,#2,MeOH_1,0.8227364025912101,2.481994218080541,45.94946782902131,-0.4210247520854051,-0.9094008585354966,-25.48798567062268,0.44530400731812875,128,,,,,,,,,,,,,,,,,,,,,,,,,,,,,,,,,,,,,,,,,,,,,,,,,,,,,,,,,,,,,,,,,,,,,,,,,,,,,,,,,,,,,,,,,,,,,,,,,,,,,,,,,,,,,,,,,,,,,,,,,,,,,,,,,,,,,,,,,,,,,,,,,,,,,,,,,,,,,,,,
182,PET,HT,#2,-,GASOLINE_1,1.1349401112484057,3.785365574786772,62.48475565952527,-0.5619054812155929,-1.258987781531604,-35.67072035903042,0.4291292334822035,,PP,LT,#9,#6,DIESEL_1,0.7316371971018423,1.3716995438304083,60.20777664227132,-0.05067371508688979,1.5438834243206419,-16.121185669920965,0.732240807268036,129,,PP,LT,#5,#4,DIESEL_1,0.9318740146609901,3.6240219491915884,86.71570139594915,-0.11890044837115098,-0.48647486467969836,-41.1247141930523,0.5257523893478719,129,,,,,,,,,,,,,,,PVC,HT,#3,#4,MeOH_1,0.7091962239506536,2.683530184466147,40.72240606902132,-0.4462074636067204,-1.3715016465223788,-25.447756465467812,0.3750920212735996,129,,,,,,,,,,,,,,,,,,,,,,,,,,,,,,,,,,,,,,,,,,,,,,,,,,,,,,,,,,,,,,,,,,,,,,,,,,,,,,,,,,,,,,,,,,,,,,,,,,,,,,,,,,,,,,,,,,,,,,,,,,,,,,,,,,,,,,,,,,,,,,,,,,,,,,,,,,,,,,,,
183,PET,HT,#3,-,GASOLINE_1,0.9603524701971269,3.682607406020469,58.43408097958268,-0.430242955583899,-0.914430538443535,-27.10736680000311,0.5361034802707921,,PP,LT,#9,#7,DIESEL_1,0.8248178573274799,2.0241862591451163,67.22981914467131,-0.1420326099308052,0.8967763541691266,-22.740122907102627,0.6617554056159464,130,,PP,LT,#5,#5,DIESEL_1,0.9767856081784697,3.7372393152113736,87.71449243594917,-0.13766185805902226,-0.5287754929293754,-41.312429311220676,0.5290125022226194,130,,,,,,,,,,,,,,,PVC,HT,#3,#5,FT_1,0.8980960878143633,2.8968534887704096,50.194074869021314,-0.4940971127255443,-1.3334315680903719,-30.11491533357993,0.40003047347394777,130,,,,,,,,,,,,,,,,,,,,,,,,,,,,,,,,,,,,,,,,,,,,,,,,,,,,,,,,,,,,,,,,,,,,,,,,,,,,,,,,,,,,,,,,,,,,,,,,,,,,,,,,,,,,,,,,,,,,,,,,,,,,,,,,,,,,,,,,,,,,,,,,,,,,,,,,,,,,,,,,
184,PET,HT,#4,-,MeOH_1,1.1864590164661104,4.952972753447725,77.16033791349327,-0.6921629980961657,-2.651268142008253,-49.13971774733603,0.3631479711451236,,PP,LT,#9,#8,DIESEL_1,0.8759420695015842,2.1279850942552705,68.65112377070331,-0.1864122432159377,0.7738051114883472,-24.65767757310789,0.6408263081684543,131,,PP,LT,#5,#7,DIESEL_1,0.8756102242015443,3.3275081348999276,83.3726052951655,-0.062487279162671286,-0.12935610734427244,-37.39568668121728,0.5514631388952681,131,,,,,,,,,,,,,,,PVC,HT,#4,#2,FT_1,0.8585508479782692,2.584707240133071,47.07932317505332,-0.43287808090286006,-0.9251996674980539,-26.09459213694957,0.44573136618971765,131,,,,,,,,,,,,,,,,,,,,,,,,,,,,,,,,,,,,,,,,,,,,,,,,,,,,,,,,,,,,,,,,,,,,,,,,,,,,,,,,,,,,,,,,,,,,,,,,,,,,,,,,,,,,,,,,,,,,,,,,,,,,,,,,,,,,,,,,,,,,,,,,,,,,,,,,,,,,,,,,
185,PET,HT,#5,-,GASOLINE_1,1.2736480120602371,5.249285566637839,81.96876957952527,-0.6182978676572758,-2.6275428838431747,-51.66010936371205,0.36975863333422454,,PP,LT,#9,#9,DIESEL_1,0.8114723048821842,1.8642673584110108,66.39185685359185,-0.12502103208120188,1.0723209583846154,-21.697555740644543,0.6731895029161142,132,,PP,LT,#5,#8,DIESEL_1,0.9267344363756473,3.4313069700100822,84.7939099211975,-0.1068669124478022,-0.2523273500250524,-39.31324134722255,0.5363671591066154,132,,,,,,,,,,,,,,,PVC,HT,#4,#4,DIESEL_1,0.7450106693377129,2.786243206518677,41.85226141505331,-0.4580607924241755,-1.3873004554849362,-26.054362931794692,0.37746821674913067,132,,,,,,,,,,,,,,,,,,,,,,,,,,,,,,,,,,,,,,,,,,,,,,,,,,,,,,,,,,,,,,,,,,,,,,,,,,,,,,,,,,,,,,,,,,,,,,,,,,,,,,,,,,,,,,,,,,,,,,,,,,,,,,,,,,,,,,,,,,,,,,,,,,,,,,,,,,,,,,,,
186,PET,HT,#6,-,GASOLINE_1,0.7392009406925621,1.7125826154617425,49.2091919515223,-0.24324110495391724,0.8346154391626074,-19.81163246710222,0.5973997604630583,,PP,LT,#9,#10,DIESEL_1,0.8739208430166248,2.289684741448429,70.89908762467132,-0.18828332399693778,0.578308921149674,-26.769267125736977,0.6224314300425234,133,,PP,LT,#5,#10,DIESEL_1,0.924713209890688,3.5930066172032404,87.04187377516548,-0.1087379932288023,-0.4478235403637251,-41.42483089985161,0.5240815816206521,133,,,,,,,,,,,,,,,PVC,HT,#4,#5,FT_1,0.9339105332014226,2.999566510822941,51.32393021505332,-0.5059504415429992,-1.34923037705293,-30.72152179990681,0.40141914948485014,133,,,,,,,,,,,,,,,,,,,,,,,,,,,,,,,,,,,,,,,,,,,,,,,,,,,,,,,,,,,,,,,,,,,,,,,,,,,,,,,,,,,,,,,,,,,,,,,,,,,,,,,,,,,,,,,,,,,,,,,,,,,,,,,,,,,,,,,,,,,,,,,,,,,,,,,,,,,,,,,,
187,PET,HT,#7,-,GASOLINE_1,0.8673690106559037,2.904910555884701,60.24638188459492,-0.3243680981383555,-0.3632251055853039,-30.300854117039748,0.4970510565251434,,PP,LT,#9,#11,DIESEL_1,0.8871028827489453,2.2965473404545476,70.4602284246713,-0.1965801359781243,0.6004137249155682,-26.49633785197586,0.6239532791140046,134,,PP,LT,#5,#11,DIESEL_1,0.9378952496230085,3.5998692162093584,86.60301457516552,-0.1170348052099888,-0.42571873659783066,-41.15190162609053,0.5248213722355648,134,,,,,,,,,,,,,,,PVC,HT,#4,#11,DIESEL_1,0.7427260716505006,2.224774598912392,40.84353372204808,-0.4227854445820287,-0.7343057151450655,-24.999400758286,0.3879226775916582,134,,,,,,,,,,,,,,,,,,,,,,,,,,,,,,,,,,,,,,,,,,,,,,,,,,,,,,,,,,,,,,,,,,,,,,,,,,,,,,,,,,,,,,,,,,,,,,,,,,,,,,,,,,,,,,,,,,,,,,,,,,,,,,,,,,,,,,,,,,,,,,,,,,,,,,,,,,,,,,,,
188,PET,HT,#8,-,GASOLINE_1,0.964520021394583,3.2022842976310946,63.02400510550689,-0.37698561840825984,-0.6173400937303236,-34.62785823979167,0.4505608112048409,,PP,HT,#6,-,Olefin,0.5185514903604067,1.5173377117774733,63.40391747228963,0.09465206945875067,1.8027721982757163,-20.812291277567446,0.6717507039424914,135,,PP,LT,#6,#1,MeOH_1,1.0116912139199903,4.652332204956178,97.9348507798318,-0.19057507571593774,-1.7753833700720778,-54.451484156778825,0.4440029905269201,135,,,,,,,,,,,,,,,PVC,HT,#5,#2,FT_1,0.8210304100195126,2.3480653563690193,45.47337993808561,-0.417810129980952,-0.6818622713842851,-24.07913794664094,0.470478377032322,135,,,,,,,,,,,,,,,,,,,,,,,,,,,,,,,,,,,,,,,,,,,,,,,,,,,,,,,,,,,,,,,,,,,,,,,,,,,,,,,,,,,,,,,,,,,,,,,,,,,,,,,,,,,,,,,,,,,,,,,,,,,,,,,,,,,,,,,,,,,,,,,,,,,,,,,,,,,,,,,,
189,PET,HT,#9,-,GASOLINE_1,0.7803010126091224,2.0808215313536182,52.03908639210515,-0.2389762362267445,0.698103912581307,-19.720214804703062,0.6210499420355924,,PP,HT,#9,-,H2_1,0.7347091843312855,3.7035249659023113,79.18836001579317,-0.023510552345201885,0.05814864894764602,-29.97998226409479,0.6214092291074642,136,,PP,LT,#6,#2,DIESEL_1,1.0511011834271786,4.718953688959049,99.28485301983183,-0.21434058089945196,-1.8610974313086626,-56.12339679070868,0.4347234740882558,136,,,,,,,,,,,,,,,PVC,HT,#5,#4,DIESEL_1,0.7074902313789564,2.549601322754625,40.2463181780856,-0.44299284150226764,-1.1439630593711674,-24.038908741486072,0.40270539443840553,136,,,,,,,,,,,,,,,,,,,,,,,,,,,,,,,,,,,,,,,,,,,,,,,,,,,,,,,,,,,,,,,,,,,,,,,,,,,,,,,,,,,,,,,,,,,,,,,,,,,,,,,,,,,,,,,,,,,,,,,,,,,,,,,,,,,,,,,,,,,,,,,,,,,,,,,,,,,,,,,,
190,PET,HT,#10,-,MeOH_1,0.8097687628086182,2.209093015584005,53.62302486352232,-0.2598587332868619,0.17209634215526282,-24.550398483945433,0.5421668481696167,,PP,LT,#3,-,DIESEL_1,0.7892330975871128,2.8539363794380566,77.74659066436084,0.02313546693361218,0.34623151088971943,-31.443445962172245,0.5955649541223423,137,,PP,LT,#6,#3,DIESEL_1,0.9978542007903458,4.4192809810001545,97.1531150624712,-0.17099308243813624,-1.5246206013336399,-53.40841550592177,0.45026553732652635,137,,,,,,,,,,,,,,,PVC,HT,#5,#5,FT_1,0.8963900952426661,2.7629246270588887,49.71798697808561,-0.4908824906210912,-1.105892980939161,-28.706067609598197,0.42262208600177065,137,,,,,,,,,,,,,,,,,,,,,,,,,,,,,,,,,,,,,,,,,,,,,,,,,,,,,,,,,,,,,,,,,,,,,,,,,,,,,,,,,,,,,,,,,,,,,,,,,,,,,,,,,,,,,,,,,,,,,,,,,,,,,,,,,,,,,,,,,,,,,,,,,,,,,,,,,,,,,,,,
191,PET,HT,#11,-,GASOLINE_1,0.8285110605613933,2.2191481955326524,53.9675560335543,-0.2419431720911181,0.35139246916303335,-25.931230428794503,0.5195033398831,,PP,LT,#6,-,DIESEL_1,0.6634448327848066,1.9962891138744971,69.07664187897186,0.09658587475893242,1.0004028976169712,-26.429352497757172,0.617390889614124,138,,PP,LT,#6,#4,MeOH_1,1.0602406598080818,4.849580797453288,100.91844181983184,-0.23762056083302724,-2.034301131344812,-57.775267254877065,0.4275053576627514,138,,,,,,,,,,,,,,,PVC,HT,#6,#2,MeOH_1,0.8950139733003339,2.9483431618613274,52.04763710902132,-0.4894631072727244,-1.4367248898825824,-31.851404777521676,0.3880336063901558,138,,,,,,,,,,,,,,,,,,,,,,,,,,,,,,,,,,,,,,,,,,,,,,,,,,,,,,,,,,,,,,,,,,,,,,,,,,,,,,,,,,,,,,,,,,,,,,,,,,,,,,,,,,,,,,,,,,,,,,,,,,,,,,,,,,,,,,,,,,,,,,,,,,,,,,,,,,,,,,,,
192,PET,LT,#1,-,GASOLINE_1,0.8684315753386642,4.0983481642142605,61.50412066841878,-0.4460683899584014,-1.5125518221126069,-37.80351554930586,0.38534987349689465,,PP,LT,#9,-,DIESEL_1,0.7993688336884835,2.860039782912664,78.47954852921656,0.01509034607399073,0.3466775162420261,-32.285683143096264,0.5886102335173745,139,,PP,LT,#6,#5,DIESEL_1,1.1051522533255598,4.962798163473075,101.91723285983181,-0.2563819705208967,-2.0766017595944914,-57.962982373045406,0.43127397843735904,139,,,,,,,,,,,,,,,PVC,HT,#6,#4,MeOH_1,0.7814737946597763,3.149879128246932,46.82057534902131,-0.5146458187940385,-1.8988256778694637,-31.81117557236679,0.32057273249565615,139,,,,,,,,,,,,,,,,,,,,,,,,,,,,,,,,,,,,,,,,,,,,,,,,,,,,,,,,,,,,,,,,,,,,,,,,,,,,,,,,,,,,,,,,,,,,,,,,,,,,,,,,,,,,,,,,,,,,,,,,,,,,,,,,,,,,,,,,,,,,,,,,,,,,,,,,,,,,,,,,
193,PET,LT,#2,-,GASOLINE_1,0.9708135026230704,4.009306026504595,57.764901408325265,-0.5263984636934641,-1.5442819592370565,-36.42581140587483,0.3694127312987151,,PP,OG,#1,-,MeOH_1,0.4542696363318248,2.2283474767511042,57.7485152,-0.017206887050903247,0.22364599687367528,-31.2642130105518,0.4586144266692453,140,,PP,LT,#6,#6,DIESEL_1,0.9107962091229974,3.9005802678469217,90.5533032166482,-0.08984849678063042,-1.0300753038578734,-47.427302505860396,0.4762498901625833,140,,,,,,,,,,,,,,,PVC,HT,#6,#5,MeOH_1,0.9703736585234861,3.363202432551196,56.29224414902131,-0.5625354679128624,-1.8607555994374578,-36.47833444047892,0.3519829420210968,140,,,,,,,,,,,,,,,,,,,,,,,,,,,,,,,,,,,,,,,,,,,,,,,,,,,,,,,,,,,,,,,,,,,,,,,,,,,,,,,,,,,,,,,,,,,,,,,,,,,,,,,,,,,,,,,,,,,,,,,,,,,,,,,,,,,,,,,,,,,,,,,,,,,,,,,,,,,,,,,,
194,PET,LT,#3,-,GASOLINE_1,0.8198541481933893,2.6706334818410484,53.13289023919934,-0.37232973384578427,-0.010561368050371408,-28.144020187856487,0.4703088790925033,,PP,OG,#3,-,H2_1,0.4759120453684513,2.242929154991412,55.734171419216345,-0.06358022077737431,0.9435489238864899,-24.770703536463447,0.5555562609849285,141,,PP,LT,#6,#7,MeOH_1,1.0039768693486348,4.55306698316163,97.5753457190482,-0.18120739162454597,-1.6771823740093883,-54.04623974304206,0.4461076274465978,141,,,,,,,,,,,,,,,PVC,HT,#6,#10,MeOH_1,0.7278173239591451,2.3742022073408906,44.18048024598408,-0.429409114422525,-1.04866444036277,-29.05516949317673,0.34235279174409167,141,,,,,,,,,,,,,,,,,,,,,,,,,,,,,,,,,,,,,,,,,,,,,,,,,,,,,,,,,,,,,,,,,,,,,,,,,,,,,,,,,,,,,,,,,,,,,,,,,,,,,,,,,,,,,,,,,,,,,,,,,,,,,,,,,,,,,,,,,,,,,,,,,,,,,,,,,,,,,,,,
195,PET,LT,#4,-,MeOH_1,0.9945163761266025,4.896691269622412,69.42349038229327,-0.5986011125570073,-2.595811868158836,-47.087181848724086,0.32173992420389963,,PP,OG,#6,-,MeOH_1,0.4779976232693137,2.1154372125163654,66.13528103252321,0.0026420239889241516,0.3967524107758385,-40.19137827825222,0.39228536341310183,142,,PP,LT,#6,#8,DIESEL_1,1.055101081522739,4.656865818271784,98.99665034508018,-0.22558702490967816,-1.8001536166901686,-55.96379440904731,0.4346900201777531,142,,,,,,,,,,,,,,,PVC,HT,#6,#11,MeOH_1,0.7791891969725641,2.5884105206406476,45.811847656016084,-0.47937047095189156,-1.2458309375295935,-30.756213398858108,0.32864062524186016,142,,,,,,,,,,,,,,,,,,,,,,,,,,,,,,,,,,,,,,,,,,,,,,,,,,,,,,,,,,,,,,,,,,,,,,,,,,,,,,,,,,,,,,,,,,,,,,,,,,,,,,,,,,,,,,,,,,,,,,,,,,,,,,,,,,,,,,,,,,,,,,,,,,,,,,,,,,,,,,,,
196,PET,LT,#5,-,FT_1,1.1074838695567972,4.89512214441336,72.02047982229327,-0.545458893162115,-2.297027753597634,-45.72616673568648,0.3650949445419777,,PP,OG,#7,-,FT_1,0.5893304927718153,2.346137348843497,66.62877079252321,0.09832151148161643,0.6748984865381441,-41.41126599297753,0.37847771314993967,143,,PP,LT,#6,#9,DIESEL_1,0.9906313169033393,4.3931480824275235,96.73738342796875,-0.16419581377494252,-1.5016377697938998,-53.00367257658399,0.452086973015444,143,,,,,,,,,,,,,,,PVC,HT,#7,#1,DIESEL_1,0.7280164781245005,2.9521267866054433,42.89329837505331,-0.43777286485187605,-1.5457636598990556,-28.04940829009138,0.3460654845232214,143,,,,,,,,,,,,,,,,,,,,,,,,,,,,,,,,,,,,,,,,,,,,,,,,,,,,,,,,,,,,,,,,,,,,,,,,,,,,,,,,,,,,,,,,,,,,,,,,,,,,,,,,,,,,,,,,,,,,,,,,,,,,,,,,,,,,,,,,,,,,,,,,,,,,,,,,,,,,,,,,
197,PET,LT,#6,-,Olefin,0.608417423203233,1.5764983285622003,42.400282956800005,-0.181289970663442,0.8945218505808767,-19.351141835884192,0.543608191115132,,PP,OG,#8,-,H2_1,0.4885023428270405,2.831753841079097,69.36769552746307,-0.047786291779561695,0.41159676229363173,-37.033980406696514,0.46612064700874273,144,,PP,LT,#6,#10,MeOH_1,1.0530798550377782,4.818565465464942,101.24461419904823,-0.227458105690677,-1.9956498070288404,-58.07538396167642,0.426385448538532,144,,,,,,,,,,,,,,,PVC,HT,#7,#2,FT_1,0.9316807803576523,3.191399346955309,53.36711053505332,-0.5148895766927137,-1.6065293993576466,-33.47492870906684,0.37274234311262977,144,,,,,,,,,,,,,,,,,,,,,,,,,,,,,,,,,,,,,,,,,,,,,,,,,,,,,,,,,,,,,,,,,,,,,,,,,,,,,,,,,,,,,,,,,,,,,,,,,,,,,,,,,,,,,,,,,,,,,,,,,,,,,,,,,,,,,,,,,,,,,,,,,,,,,,,,,,,,,,,,
198,PET,LT,#7,-,MeOH_1,0.7480861063893383,2.756023351949898,53.05536793738543,-0.2983158362743938,-0.23135702799899488,-29.300672678480467,0.447734059387537,,PVC,HT,#1,#3,JET FUEL_1,0.48505755636594666,0.9248477229363928,26.358522497032194,-0.20018795659667163,0.40541941380294955,-10.936634728795012,0.5850816475002949,145,,PP,LT,#6,#11,DIESEL_1,1.0662618947701001,4.825428064471061,100.80575499904819,-0.23575491767186477,-1.973545003262947,-57.80245468791529,0.426595687037302,145,,,,,,,,,,,,,,,PVC,HT,#7,#4,DIESEL_1,0.818140601717096,3.392935313340914,48.14004877505332,-0.5400722882140292,-2.0686301873445285,-33.43469950391196,0.30547017806018156,145,,,,,,,,,,,,,,,,,,,,,,,,,,,,,,,,,,,,,,,,,,,,,,,,,,,,,,,,,,,,,,,,,,,,,,,,,,,,,,,,,,,,,,,,,,,,,,,,,,,,,,,,,,,,,,,,,,,,,,,,,,,,,,,,,,,,,,,,,,,,,,,,,,,,,,,,,,,,,,,,
199,PET,LT,#8,-,FT_1,0.8232568462497238,2.9055034852641497,55.08869275829741,-0.32728871792381753,-0.386727294029814,-32.326963854466925,0.41318331882911014,,PVC,HT,#1,#6,JET FUEL_1,0.38629027741539246,0.6845612354959536,24.77995016516399,-0.10342375968836456,0.6320645081515524,-9.49522075679731,0.6168184078858306,146,,PP,LT,#7,#1,DIESEL_1,1.0809871622005287,5.1828924616746805,100.87052741983184,-0.2345247888705957,-2.143710748278427,-57.95472849476574,0.4254542929714925,146,,,,,,,,,,,,,,,PVC,HT,#7,#5,FT_1,1.0070404655808045,3.6062586176451776,57.61171757505331,-0.5879619373328516,-2.030560108912522,-38.101858372024076,0.3386439430071302,146,,,,,,,,,,,,,,,,,,,,,,,,,,,,,,,,,,,,,,,,,,,,,,,,,,,,,,,,,,,,,,,,,,,,,,,,,,,,,,,,,,,,,,,,,,,,,,,,,,,,,,,,,,,,,,,,,,,,,,,,,,,,,,,,,,,,,,,,,,,,,,,,,,,,,,,,,,,,,,,,
200,PET,LT,#9,-,GASOLINE_1,0.7414183752135204,2.3488487249603476,51.81942402126127,-0.2869309378117636,0.3227669416285434,-26.87106914209656,0.4814479386904902,,PVC,HT,#1,#7,JET FUEL_1,0.45915861969122923,0.9702371770148739,28.270515538751567,-0.172898148566886,0.34773892135575374,-13.298350072604954,0.5296035527057739,147,,PP,LT,#7,#2,DIESEL_1,1.1203971317077173,5.249513945677552,102.22052965983185,-0.2582902940541102,-2.229424809515012,-59.626641128695596,0.41668624368196533,147,,,,,,,,,,,,,,,PVC,HT,#7,#8,DIESEL_1,0.7529941466455163,2.5294919899901496,44.07384172204807,-0.4418893370263289,-1.1128618624608069,-29.204652386319065,0.33736993996351927,147,,,,,,,,,,,,,,,,,,,,,,,,,,,,,,,,,,,,,,,,,,,,,,,,,,,,,,,,,,,,,,,,,,,,,,,,,,,,,,,,,,,,,,,,,,,,,,,,,,,,,,,,,,,,,,,,,,,,,,,,,,,,,,,,,,,,,,,,,,,,,,,,,,,,,,,,,,,,,,,,
201,PET,LT,#10,-,MeOH_1,0.8672609575420892,3.4352458313674528,64.89389565226541,-0.4094280986078901,-1.0700438613236982,-41.92471500145433,0.35394978865025556,,PVC,HT,#1,#8,JET FUEL_1,0.5173203333159021,1.1240566591354655,29.84547680478356,-0.22840982847870123,0.1922157841226408,-14.948475433937638,0.4991376572163949,148,,PP,LT,#7,#3,DIESEL_1,1.0671501490708846,4.949841237718658,100.08879170247118,-0.21494279559279492,-1.8929479795399908,-56.911659843908666,0.43138828158614373,148,,,,,,,,,,,,,,,PVC,HT,#7,#10,DIESEL_1,0.7644841310164632,2.6172583924348727,45.499953672016076,-0.4548355838425141,-1.218468949837835,-30.678693424721896,0.32574231512700924,148,,,,,,,,,,,,,,,,,,,,,,,,,,,,,,,,,,,,,,,,,,,,,,,,,,,,,,,,,,,,,,,,,,,,,,,,,,,,,,,,,,,,,,,,,,,,,,,,,,,,,,,,,,,,,,,,,,,,,,,,,,,,,,,,,,,,,,,,,,,,,,,,,,,,,,,,,,,,,,,,
202,PET,LT,#11,-,FT_1,0.9204222955984797,3.8656012609402897,65.95596331829742,-0.4255194792532757,-1.361574102786404,-43.77822835985964,0.33625064122572296,,PVC,HT,#1,#9,JET FUEL_1,0.4710661587513137,0.9751184490866147,29.446309208837885,-0.18356240333752288,0.35901669061191177,-14.284120252088925,0.5149096563924639,149,,PP,LT,#7,#4,DIESEL_1,1.1295366080886202,5.380141054171791,103.85411845983185,-0.2815702739876853,-2.4026285095511626,-61.27851159286397,0.4099558832944603,149,,,,,,,,,,,,,,,PVC,HT,#7,#11,DIESEL_1,0.8158560040298838,2.8314667057346297,47.131321082048075,-0.5047969403718823,-1.415635447004658,-32.37973733040326,0.31298897236435763,149,,,,,,,,,,,,,,,,,,,,,,,,,,,,,,,,,,,,,,,,,,,,,,,,,,,,,,,,,,,,,,,,,,,,,,,,,,,,,,,,,,,,,,,,,,,,,,,,,,,,,,,,,,,,,,,,,,,,,,,,,,,,,,,,,,,,,,,,,,,,,,,,,,,,,,,,,,,,,,,,
203,PET,SG,#1,-,MeOH_1,0.4444470369401705,3.2347613058132385,50.75619780221697,-0.009635941391944769,-0.8885861093505109,-26.799766374817967,0.47199026847422004,,PVC,HT,#1,#10,JET FUEL_1,0.5288103176868492,1.2118230615801884,31.271588754751562,-0.2413560752948866,0.08660869674561322,-16.42251647234047,0.47484227292912484,150,,PP,LT,#7,#5,DIESEL_1,1.174448201606098,5.493358420191577,104.85290949983185,-0.30033168367555446,-2.4449291378008406,-61.46622671103234,0.4137861600194231,150,,,,,,,,,,,,,,,PVC,HT,#8,#4,Aromatics,0.7613256404695397,1.7699417459356193,30.352462976408106,-0.5417984078857351,-0.42951461523950785,-16.165790950813946,0.4673977211213784,150,,,,,,,,,,,,,,,,,,,,,,,,,,,,,,,,,,,,,,,,,,,,,,,,,,,,,,,,,,,,,,,,,,,,,,,,,,,,,,,,,,,,,,,,,,,,,,,,,,,,,,,,,,,,,,,,,,,,,,,,,,,,,,,,,,,,,,,,,,,,,,,,,,,,,,,,,,,,,,,,
204,PET,SG,#2,-,FT_4,0.5653291797475395,3.4254343928571633,51.89757300221696,0.1496801569650279,-0.6234845009186238,-24.37957136769672,0.5302367729863731,,PVC,HT,#2,#3,DIESEL_1,0.551317058890241,1.1935473549415259,29.26144505310244,-0.27824236864070595,0.23868143878546058,-13.528841876880424,0.5376563989806774,151,,PP,LT,#7,#6,DIESEL_1,0.9800921574035357,4.431140524565424,93.48897985664817,-0.13379820993528868,-1.398402682064223,-50.930546843847274,0.45522406039790037,151,,,,,,,,,,,,,,,PVC,HT,#8,#5,Aromatics,0.9502255043332494,1.983265050239883,39.82413177640811,-0.5896880570045587,-0.39144453680750163,-20.832949818926078,0.47687623333780865,151,,,,,,,,,,,,,,,,,,,,,,,,,,,,,,,,,,,,,,,,,,,,,,,,,,,,,,,,,,,,,,,,,,,,,,,,,,,,,,,,,,,,,,,,,,,,,,,,,,,,,,,,,,,,,,,,,,,,,,,,,,,,,,,,,,,,,,,,,,,,,,,,,,,,,,,,,,,,,,,,
205,PET,SG,#3,-,H2_1,0.3945715624147384,3.120076017627424,48.04129266482996,-0.00539001052612818,-0.17433912819078834,-18.497054100548297,0.6149759285288838,,PVC,HT,#2,#6,Olefin,0.4525497799396875,0.9532608675010866,27.682872721234236,-0.1814781717323995,0.4653265331340632,-12.087427904882725,0.5633607817150051,152,,PP,LT,#7,#7,DIESEL_1,1.0732728176291735,5.083627239880132,100.5110223590482,-0.2251571047792045,-2.0455097522157373,-57.549484081028965,0.4274311142170145,152,,,,,,,,,,,,,,,PVC,HT,#9,#1,Aromatics,0.7519517736653496,1.6530127443651006,27.41593541880811,-0.5286237350981982,-0.18957417399396478,-12.833664989645944,0.5318903114703981,152,,,,,,,,,,,,,,,,,,,,,,,,,,,,,,,,,,,,,,,,,,,,,,,,,,,,,,,,,,,,,,,,,,,,,,,,,,,,,,,,,,,,,,,,,,,,,,,,,,,,,,,,,,,,,,,,,,,,,,,,,,,,,,,,,,,,,,,,,,,,,,,,,,,,,,,,,,,,,,,,
206,PET,SG,#4,-,MeOH_1,0.6849677181121254,6.187894416842888,81.79075940221696,-0.2751057725745379,-3.9872464650898647,-56.8844616189096,0.30451236747695826,,PVC,HT,#2,#7,DIESEL_1,0.5254181222155235,1.2389368090200066,31.173438094821805,-0.25095256061092036,0.18100094633826494,-15.89055722069036,0.490253299223677,153,,PP,LT,#7,#8,DIESEL_1,1.1243970298032773,5.187426074990287,101.93232698508021,-0.26953673806433615,-2.168480994896518,-59.467038747034245,0.41660275492642873,153,,,,,,,,,,,,,,,PVC,HT,#9,#2,Aromatics,0.9556160758985017,1.8922853047149661,37.889747578808105,-0.6057404469390361,-0.2503399134525555,-18.25918540862138,0.5180969371557962,153,,,,,,,,,,,,,,,,,,,,,,,,,,,,,,,,,,,,,,,,,,,,,,,,,,,,,,,,,,,,,,,,,,,,,,,,,,,,,,,,,,,,,,,,,,,,,,,,,,,,,,,,,,,,,,,,,,,,,,,,,,,,,,,,,,,,,,,,,,,,,,,,,,,,,,,,,,,,,,,,
207,PET,SG,#5,-,FT_4,0.8066889470649872,6.29917222262187,82.74331108221696,-0.08523847810609851,-3.4938718702537317,-55.35448421634386,0.3310095584482775,,PVC,HT,#2,#8,DIESEL_1,0.5835798358401965,1.3927562911405986,32.7483993608538,-0.3064642405227357,0.025477809105151444,-17.54068258202305,0.46438046059159405,154,,PP,LT,#7,#9,DIESEL_1,1.059927265183878,4.923708339146027,99.67306006796873,-0.20814552692960106,-1.8699651480002495,-56.506916914570866,0.4330773342763044,154,,,,,,,,,,,,,,,PVC,HT,#9,#4,Aromatics,0.8420758972579455,2.0938212711005715,32.662685818808114,-0.6309231584603517,-0.7124407014394376,-18.21895620346651,0.4422088769878344,154,,,,,,,,,,,,,,,,,,,,,,,,,,,,,,,,,,,,,,,,,,,,,,,,,,,,,,,,,,,,,,,,,,,,,,,,,,,,,,,,,,,,,,,,,,,,,,,,,,,,,,,,,,,,,,,,,,,,,,,,,,,,,,,,,,,,,,,,,,,,,,,,,,,,,,,,,,,,,,,,
208,PET,SG,#6,-,MeOH_1,0.42366596762187936,2.669938602895592,53.75375277929451,0.054415098233120955,-0.40415747184604767,-29.24771169262188,0.45589451563114214,,PVC,HT,#2,#9,DIESEL_1,0.537325661275608,1.2438180810917474,32.34923176490813,-0.2616168153815573,0.19227871559442297,-16.87632740017434,0.4783082478489805,155,,PP,LT,#7,#10,DIESEL_1,1.1223758033183167,5.349125722183445,104.1802908390482,-0.27140781884533527,-2.3639771852351905,-61.578628299663286,0.40892247656710534,155,,,,,,,,,,,,,,,PVC,HT,#9,#5,Aromatics,1.0309757611216537,2.3071445754048354,42.13435461880811,-0.6788128075791738,-0.6743706230074313,-22.886115071578633,0.4568300552214312,155,,,,,,,,,,,,,,,,,,,,,,,,,,,,,,,,,,,,,,,,,,,,,,,,,,,,,,,,,,,,,,,,,,,,,,,,,,,,,,,,,,,,,,,,,,,,,,,,,,,,,,,,,,,,,,,,,,,,,,,,,,,,,,,,,,,,,,,,,,,,,,,,,,,,,,,,,,,,,,,,
209,PET,SG,#7,-,FT_1,0.5333798072694266,3.271283622797527,55.86969868532652,0.04348372725514104,-0.5911063586398954,-33.306631163795714,0.40385160565501155,,PVC,HT,#3,#6,MeOH_1,0.5130197129785647,1.3805914374758703,31.59067237639651,-0.22303844362868394,0.02411540239025414,-15.7644546707346,0.5009775517626123,156,,PP,LT,#7,#11,DIESEL_1,1.1355578430506383,5.355988321189563,103.7414316390482,-0.27970463082652275,-2.3418723814692965,-61.30569902590219,0.4090528918165924,156,,,,,,,,,,,,,,,PVC,HT,#9,#11,Aromatics,0.8397912995707315,1.5323526634942868,31.653958125802873,-0.5956478106182032,-0.05944596109956682,-17.163994029957824,0.45776152348017063,156,,,,,,,,,,,,,,,,,,,,,,,,,,,,,,,,,,,,,,,,,,,,,,,,,,,,,,,,,,,,,,,,,,,,,,,,,,,,,,,,,,,,,,,,,,,,,,,,,,,,,,,,,,,,,,,,,,,,,,,,,,,,,,,,,,,,,,,,,,,,,,,,,,,,,,,,,,,,,,,,
210,PET,SG,#8,-,H2_1,0.39127135143116093,3.6042960658716674,50.30397447129719,-0.035025071249886894,-0.7768170651217204,-22.29846830900751,0.5567255163559545,,PVC,HT,#4,#6,DIESEL_1,0.548834158365624,1.4833044595284004,32.7205277224285,-0.23489177244613896,0.008316593427697121,-16.371061137061464,0.4996700152290082,157,,PP,HT,#1,-,MeOH_1,0.701891129238293,3.2804887590752916,79.57669597980977,0.06578190549541517,-0.30080314259500207,-35.80506418489518,0.5500559084033892,157,,,,,,,,,,,,,,,PVC,LT,#4,#4,GASOLINE_1,0.715197745595355,3.100756754844707,44.24081222651829,-0.42812199947533786,-1.7359184458157904,-29.372884949209002,0.3360681354850292,157,,,,,,,,,,,,,,,,,,,,,,,,,,,,,,,,,,,,,,,,,,,,,,,,,,,,,,,,,,,,,,,,,,,,,,,,,,,,,,,,,,,,,,,,,,,,,,,,,,,,,,,,,,,,,,,,,,,,,,,,,,,,,,,,,,,,,,,,,,,,,,,,,,,,,,,,,,,,,,,,
211,PET,SG,#9,-,MeOH_1,0.6655250604799688,5.590287530562308,84.68325850441452,-0.18744497880372793,-3.3245079938104976,-60.17745537446344,0.2893819104595934,,PVC,HT,#5,#3,DIESEL_1,0.6100809993574212,1.486949063204788,32.693156817329,-0.3165880184325375,0.0250088951928629,-15.797020918750546,0.516809557210537,158,,PP,HT,#2,-,FT_1,0.8073331463012132,3.8300765083342294,82.85050237980978,0.027937684998164656,-0.39853624421691536,-38.75974539662806,0.5321724759260651,158,,,,,,,,,,,,,,,PVC,LT,#7,#1,GASOLINE_1,0.7290173335313813,3.2810712937415403,45.4008796004863,-0.42234505741647665,-1.8396176890249956,-29.482422526869616,0.3506200147154456,158,,,,,,,,,,,,,,,,,,,,,,,,,,,,,,,,,,,,,,,,,,,,,,,,,,,,,,,,,,,,,,,,,,,,,,,,,,,,,,,,,,,,,,,,,,,,,,,,,,,,,,,,,,,,,,,,,,,,,,,,,,,,,,,,,,,,,,,,,,,,,,,,,,,,,,,,,,,,,,,,
212,PET,SG,#10,-,FT_1,0.7628973197462972,6.280790014136517,87.6185622053265,-0.1852262209749459,-3.5968900604964613,-64.93096985434272,0.25893591243619574,,PVC,HT,#5,#6,DIESEL_1,0.5113137204068675,1.2466625757643486,31.114584485460796,-0.21982382152423088,0.2516539895414656,-14.35560694675285,0.5386212869575382,,,PP,HT,#3,-,H2_1,0.7473822084903815,3.9140078218710954,77.27825911645358,-0.06084132741437159,-0.23041761741309016,-27.70830632396181,0.641447586413572,159,,,,,,,,,,,,,,,PVC,LT,#7,#2,FT_1,0.9574198849968483,3.5483090141462474,58.81840888048629,-0.48254149553919173,-1.8673602070019346,-36.04849935925331,0.38712216047019204,159,,,,,,,,,,,,,,,,,,,,,,,,,,,,,,,,,,,,,,,,,,,,,,,,,,,,,,,,,,,,,,,,,,,,,,,,,,,,,,,,,,,,,,,,,,,,,,,,,,,,,,,,,,,,,,,,,,,,,,,,,,,,,,,,,,,,,,,,,,,,,,,,,,,,,,,,,,,,,,,,
213,PET,OG,#1,-,MeOH_1,0.3825180980707913,2.6467392105168317,34.881936159999995,-0.16636179514839844,-0.6384925023482806,-18.429099765025192,0.4716721090110156,,PVC,HT,#8,#3,Aromatics,0.6639164084480049,0.7072894863857824,22.799301615651498,-0.41539358481600547,0.7394573393245223,-7.923903128078426,0.6524497433448249,,,PP,HT,#4,-,MeOH_1,0.9643390078758143,4.093876367710986,91.1485727798098,-0.3115458236847823,-1.341905970638435,-54.176850908391074,0.40562041449329506,160,,,,,,,,,,,,,,,PVC,LT,#7,#4,GASOLINE_1,0.8001122326058256,3.823128018912291,51.692511280486286,-0.5104730752141599,-2.458767150788641,-36.64623844673652,0.2910725840365521,160,,,,,,,,,,,,,,,,,,,,,,,,,,,,,,,,,,,,,,,,,,,,,,,,,,,,,,,,,,,,,,,,,,,,,,,,,,,,,,,,,,,,,,,,,,,,,,,,,,,,,,,,,,,,,,,,,,,,,,,,,,,,,,,,,,,,,,,,,,,,,,,,,,,,,,,,,,,,,,,,
214,PET,OG,#2,-,FT_1,0.9145762141231969,3.1794378980592484,66.34392223999998,-0.20007561919590444,-0.23933400538860738,-37.323779742935685,0.43741975929737126,,PVC,HT,#8,#6,Aromatics,0.5651491294974511,0.46700299894534253,21.22072928378329,-0.31862938790769885,0.9661024336731255,-6.482489156080726,0.6945209059787313,,,PP,HT,#5,-,FT_1,1.087418726795842,5.030733464681105,95.57942077980978,-0.23990116077462376,-1.5980655546635898,-52.082513679211004,0.45508653165836166,161,,,,,,,,,,,,,,,PVC,LT,#8,#1,Aromatics,0.673976300470381,1.584597583484256,26.60212767423976,-0.463094002203786,-0.19324862151718705,-11.905363041849085,0.5524657580913095,161,,,,,,,,,,,,,,,,,,,,,,,,,,,,,,,,,,,,,,,,,,,,,,,,,,,,,,,,,,,,,,,,,,,,,,,,,,,,,,,,,,,,,,,,,,,,,,,,,,,,,,,,,,,,,,,,,,,,,,,,,,,,,,,,,,,,,,,,,,,,,,,,,,,,,,,,,,,,,,,,
215,PET,OG,#3,-,H2_1,0.34319255008284105,1.8411795611650241,37.360429960147115,-0.18524100293642684,0.2818136796765208,-25.78998493149862,0.30969785521716037,,PVC,HT,#8,#7,Aromatics,0.6380174717732872,0.7526789404642633,24.711294657370868,-0.3881037767862197,0.6817768468773265,-10.285618471888366,0.5837685311716203,,,PP,HT,#7,-,MeOH_1,0.7207414224538823,3.639983943419606,81.83779293399945,0.06317319214615238,-0.5548467310494849,-37.12301619633689,0.5463829745961518,162,,,,,,,,,,,,,,,PVC,LT,#8,#2,FT_1,0.9023788519358489,1.8518353038889634,40.01965695423976,-0.5232904403265018,-0.22099113949412613,-18.47143987423278,0.5384408243340556,162,,,,,,,,,,,,,,,,,,,,,,,,,,,,,,,,,,,,,,,,,,,,,,,,,,,,,,,,,,,,,,,,,,,,,,,,,,,,,,,,,,,,,,,,,,,,,,,,,,,,,,,,,,,,,,,,,,,,,,,,,,,,,,,,,,,,,,,,,,,,,,,,,,,,,,,,,,,,,,,,
216,PET,OG,#4,-,MeOH_1,0.5335437483518487,4.615729328363312,54.99068447999999,-0.36955335672356887,-2.6452109461095685,-41.13549406790457,0.251955227382822,,PVC,HT,#8,#9,Aromatics,0.6499250108333718,0.7575602125360041,25.887088327457196,-0.3987680315568568,0.6930546161334844,-11.271388651372343,0.5645941904011923,,,PP,HT,#8,-,FT_1,0.858166701241281,4.906427897194564,89.63251420003144,0.03374193297129139,-1.4135791678127554,-47.458702583015,0.47051911902078114,163,,,,,,,,,,,,,,,PVC,LT,#8,#4,Aromatics,0.7450711995448267,2.1266543086550067,32.89375935423975,-0.5512220200014705,-0.8123980832808327,-19.069178961715995,0.42027973281022596,163,,,,,,,,,,,,,,,,,,,,,,,,,,,,,,,,,,,,,,,,,,,,,,,,,,,,,,,,,,,,,,,,,,,,,,,,,,,,,,,,,,,,,,,,,,,,,,,,,,,,,,,,,,,,,,,,,,,,,,,,,,,,,,,,,,,,,,,,,,,,,,,,,,,,,,,,,,,,,,,,
217,PET,OG,#5,-,FT_1,1.076894745774243,5.013551084699669,85.91944319999998,-0.36323372931855874,-2.0798136938914307,-57.105018183849516,0.33536559296686025,,PVC,HT,#9,#6,Aromatics,0.6458993862858562,0.7908825241102946,23.530952126183294,-0.4077541384823146,0.6831763474731961,-8.53565440873329,0.6372584346370107,,,PP,HT,#10,-,MeOH_1,1.1059537312685108,7.244896020591651,123.18678653399944,-0.31422065365131674,-4.302403280249021,-80.0542332618678,0.3501394466542651,164,,,,,,,,,,,,,,,PVC,LT,#8,#5,FT_1,0.8201371066627638,2.056773681446133,35.35763455423975,-0.4366072880278788,-0.43406100720608204,-14.122816091408506,0.600572372290809,164,,,,,,,,,,,,,,,,,,,,,,,,,,,,,,,,,,,,,,,,,,,,,,,,,,,,,,,,,,,,,,,,,,,,,,,,,,,,,,,,,,,,,,,,,,,,,,,,,,,,,,,,,,,,,,,,,,,,,,,,,,,,,,,,,,,,,,,,,,,,,,,,,,,,,,,,,,,,,,,,
218,PET,OG,#6,-,MeOH_1,0.35766825086292164,1.9721039530457667,36.976879883357064,-0.1316226375829417,0.036142755122784975,-23.483578649378714,0.3649118388718232,,PVC,LT,#1,#3,GASOLINE_1,0.42262354295054366,0.9546559929840793,27.16236562856319,-0.11432065143008587,0.38217366651191526,-10.816790089303183,0.6017729001509152,,,PP,HT,#11,-,FT_1,1.0838804832914988,6.938188867696175,119.98818237399942,-0.1912968639991962,-3.4497271193091583,-78.31990045749757,0.34726988185072366,165,,,,,,,,,,,,,,,PVC,LT,#9,#1,Aromatics,0.7486288293390914,1.8823665683629875,28.74486651423976,-0.5464655412713808,-0.4716745868244502,-14.16689140493062,0.5071505585906073,165,,,,,,,,,,,,,,,,,,,,,,,,,,,,,,,,,,,,,,,,,,,,,,,,,,,,,,,,,,,,,,,,,,,,,,,,,,,,,,,,,,,,,,,,,,,,,,,,,,,,,,,,,,,,,,,,,,,,,,,,,,,,,,,,,,,,,,,,,,,,,,,,,,,,,,,,,,,,,,,,
219,PET,OG,#7,-,FT_1,0.6394249752336039,2.1842178493181166,50.83259636335707,-0.08317021745546767,0.4248650150045741,-30.24838713441703,0.40494113426357004,,PVC,LT,#1,#6,GASOLINE_1,0.3402249690367627,0.6524114764664896,24.953856637896738,-0.03314494819403134,0.6552319347070953,-8.533281352279301,0.6580375740670066,,,PP,LT,#1,-,DIESEL_1,0.7755599353921422,3.0600619146387023,78.7306040170012,0.04159052094021576,-0.12043210468335538,-34.97682353743076,0.5557404395134855,166,,,,,,,,,,,,,,,PVC,LT,#9,#2,FT_1,0.9770313808045599,2.1496042887676947,42.16239579423976,-0.6066619793940976,-0.49941710480138896,-20.732968237314317,0.5082592474465869,166,,,,,,,,,,,,,,,,,,,,,,,,,,,,,,,,,,,,,,,,,,,,,,,,,,,,,,,,,,,,,,,,,,,,,,,,,,,,,,,,,,,,,,,,,,,,,,,,,,,,,,,,,,,,,,,,,,,,,,,,,,,,,,,,,,,,,,,,,,,,,,,,,,,,,,,,,,,,,,,,
220,PET,OG,#8,-,H2_1,0.3529659989894972,1.8352358905976225,39.75336939530639,-0.16366875113451199,0.38926723568597493,-27.232029239699095,0.31497556926798936,,PVC,LT,#1,#7,GASOLINE_1,0.40988904108121244,1.0491429872955307,29.117259774594,-0.10381594517378731,0.2662476675109783,-13.269619194136858,0.5442696429244642,,,PP,LT,#2,-,DIESEL_1,0.8333606975134523,3.340748447924441,80.1174553979132,-0.0037828115730668796,-0.3271559513452363,-36.37952278831753,0.545922638111331,167,,,,,,,,,,,,,,,PVC,LT,#9,#4,Aromatics,0.819723728413537,2.4244232935337378,35.03649819423976,-0.6345935590690656,-1.0908240485880951,-21.330707324797544,0.3911860938116111,167,,,,,,,,,,,,,,,,,,,,,,,,,,,,,,,,,,,,,,,,,,,,,,,,,,,,,,,,,,,,,,,,,,,,,,,,,,,,,,,,,,,,,,,,,,,,,,,,,,,,,,,,,,,,,,,,,,,,,,,,,,,,,,,,,,,,,,,,,,,,,,,,,,,,,,,,,,,,,,,,
221,PET,OG,#9,-,MeOH_1,0.4977498366277764,3.8465566076503457,55.82671604335707,-0.28001116726075975,-1.8460203740675807,-42.68754612784031,0.23535631050396008,,PVC,LT,#1,#8,GASOLINE_1,0.4458396327587896,1.1253146816719375,30.242116080626,-0.1325033901049338,0.17366117943110168,-14.787268192837915,0.5110372517116591,,,PP,LT,#4,-,MeOH_1,0.9399457245934397,4.339294880922428,94.84832901188123,-0.11532932340936682,-1.5378975581685153,-51.56000438353728,0.456395226772223,168,,,,,,,,,,,,,,,PVC,LT,#9,#5,FT_1,0.8947896355314746,2.354542666324864,37.50037339423975,-0.5199788270954743,-0.7124869725133443,-16.384344454490034,0.5630884982866129,168,,,,,,,,,,,,,,,,,,,,,,,,,,,,,,,,,,,,,,,,,,,,,,,,,,,,,,,,,,,,,,,,,,,,,,,,,,,,,,,,,,,,,,,,,,,,,,,,,,,,,,,,,,,,,,,,,,,,,,,,,,,,,,,,,,,,,,,,,,,,,,,,,,,,,,,,,,,,,,,,
222,PET,OG,#10,-,FT_1,0.8018670367089262,4.1033351770178035,72.00183268335707,-0.24890279081767128,-1.4816183579049385,-51.24344070581248,0.28830366122531764,,PVC,LT,#1,#9,GASOLINE_1,0.40852564078698284,1.0203856539170184,30.78053111971832,-0.09877924252004575,0.3133947287018916,-14.667442855470275,0.523483113451731,,,PP,LT,#5,-,DIESEL_1,0.9936905260739141,4.831758776362313,96.14621987791323,-0.15952532797760355,-1.8251830253143617,-52.80529673962682,0.45078135358125204,169,,,,,,,,,,,,,,,PVC,LT,#9,#10,Aromatics,0.7521728027828499,1.3664413703670415,30.822169618481528,-0.5282370991588016,-0.01028290500959769,-16.620214136259307,0.460770791219917,169,,,,,,,,,,,,,,,,,,,,,,,,,,,,,,,,,,,,,,,,,,,,,,,,,,,,,,,,,,,,,,,,,,,,,,,,,,,,,,,,,,,,,,,,,,,,,,,,,,,,,,,,,,,,,,,,,,,,,,,,,,,,,,,,,,,,,,,,,,,,,,,,,,,,,,,,,,,,,,,,
223,PP,HT,#1,#1,MeOH_1,0.6018384530479832,2.87341769044136,74.34146313634636,0.17066346554817416,0.13861654727818667,-29.60065119054673,0.6018285093978107,,PVC,LT,#1,#10,GASOLINE_1,0.44999981127247823,1.214266417274807,31.672386014594,-0.14108207308483345,0.05182054269808203,-16.07343586185864,0.49250947325369415,,,PP,LT,#7,-,DIESEL_1,0.7939044849258315,3.1125074785922773,79.846246399407,0.03137651968172477,-0.14449696876517146,-34.107603110748464,0.5728339821995467,170,,,,,,,,,,,,,,,PVC,LT,#9,#11,Aromatics,0.7686703192349915,1.4550015018884312,31.297136660513527,-0.5393424650376756,-0.07065786946849137,-17.255429595362365,0.4486578825872936,170,,,,,,,,,,,,,,,,,,,,,,,,,,,,,,,,,,,,,,,,,,,,,,,,,,,,,,,,,,,,,,,,,,,,,,,,,,,,,,,,,,,,,,,,,,,,,,,,,,,,,,,,,,,,,,,,,,,,,,,,,,,,,,,,,,,,,,,,,,,,,,,,,,,,,,,,,,,,,,,,
224,PP,HT,#1,#2,FT_1,0.7020820308434929,3.1255689074574673,76.15525480237835,0.18013520046363934,0.17595052584861726,-35.433740924014515,0.5347170590399245,,PVC,LT,#2,#3,GASOLINE_1,0.51463483564809,1.24177950673374,30.16942166905365,-0.22862984577564355,0.21120122294341565,-13.719535248115683,0.5452503067969472,,,PP,LT,#8,-,DIESEL_1,0.980189526359185,3.9494751446668883,90.18459839940698,-0.08009375844632828,-0.7812936648591444,-43.77435643621218,0.5146138341455428,171,,,,,,,,,,,,,,,PVC,HT,#4,-,MeOH_1,0.756145612915867,2.764917626100438,49.77494018905987,-0.5057300878810506,-1.5571897903116583,-36.874436017445,0.2591766885628583,171,,,,,,,,,,,,,,,,,,,,,,,,,,,,,,,,,,,,,,,,,,,,,,,,,,,,,,,,,,,,,,,,,,,,,,,,,,,,,,,,,,,,,,,,,,,,,,,,,,,,,,,,,,,,,,,,,,,,,,,,,,,,,,,,,,,,,,,,,,,,,,,,,,,,,,,,,,,,,,,,
225,PP,HT,#1,#3,JET FUEL_1,0.6261920982285423,2.7424270745233716,71.86143347419498,0.07495936436521589,0.8594545758981764,-26.461255006597334,0.6317739053159939,,PVC,LT,#2,#6,Olefin,0.4322362617343091,0.9395349902161503,27.960912678387206,-0.1474541425395892,0.48425949113859573,-11.436026511091809,0.5909995269957175,,,PP,LT,#10,-,MeOH_1,1.0349995801930458,4.7283230151288445,99.45395215940701,-0.20833562397019065,-1.9067931418740007,-56.17715900043082,0.43514402614801245,172,,,,,,,,,,,,,,,PVC,HT,#5,-,FT_1,0.8124228667567244,2.9472937095386946,49.77300145509186,-0.48142321721307413,-1.5528318385413935,-34.70802129775289,0.302673733086631,172,,,,,,,,,,,,,,,,,,,,,,,,,,,,,,,,,,,,,,,,,,,,,,,,,,,,,,,,,,,,,,,,,,,,,,,,,,,,,,,,,,,,,,,,,,,,,,,,,,,,,,,,,,,,,,,,,,,,,,,,,,,,,,,,,,,,,,,,,,,,,,,,,,,,,,,,,,,,,,,,
226,PP,HT,#1,#4,MeOH_1,0.9167720717655219,5.783925573701432,108.19129193634635,-0.14772546988236257,-2.9438869501807665,-65.81642690653344,0.39166613385801774,,PVC,LT,#2,#7,GASOLINE_1,0.501900333778759,1.3362665010451913,32.12431581508447,-0.21812513951934512,0.09527522394247889,-16.172364352949366,0.49656937610620233,,,PP,LT,#11,-,DIESEL_1,1.1115094987005365,5.2716084435297335,102.06442783940699,-0.06314532634261326,-1.5862516652060519,-45.91882233354825,0.5500996448459095,173,,,,,,,,,,,,,,,PVC,HT,#11,-,DIESEL_1,0.7392247958973295,3.0613238264513236,45.84450820612837,-0.42902381155827274,-1.648168733367443,-30.964952821840505,0.3245657106274467,173,,,,,,,,,,,,,,,,,,,,,,,,,,,,,,,,,,,,,,,,,,,,,,,,,,,,,,,,,,,,,,,,,,,,,,,,,,,,,,,,,,,,,,,,,,,,,,,,,,,,,,,,,,,,,,,,,,,,,,,,,,,,,,,,,,,,,,,,,,,,,,,,,,,,,,,,,,,,,,,,
227,PP,HT,#1,#5,FT_1,1.052367408782708,6.585695304319316,111.97739577634634,-0.16514378235418734,-3.2930456848120735,-70.97737982954344,0.3661454676861094,,PVC,LT,#2,#8,GASOLINE_1,0.5378509254563361,1.4124381954215983,33.249172121116466,-0.2468125844504917,0.0026887358626022937,-17.690013351650418,0.4679562761078332,,,PP,SG,#1,-,MeOH_1,0.5768114417162629,3.9085361451139904,86.55423262408677,0.27091519196028485,-0.8731966091620419,-39.5386108447318,0.5431926360383583,174,,,,,,,,,,,,,,,PVC,OG,#5,-,FT_1,0.9300902326940259,4.035829720438596,63.03540074007874,-0.48967828405952274,-2.3165069036421615,-43.797555873589715,0.30519112499680423,174,,,,,,,,,,,,,,,,,,,,,,,,,,,,,,,,,,,,,,,,,,,,,,,,,,,,,,,,,,,,,,,,,,,,,,,,,,,,,,,,,,,,,,,,,,,,,,,,,,,,,,,,,,,,,,,,,,,,,,,,,,,,,,,,,,,,,,,,,,,,,,,,,,,,,,,,,,,,,,,,
228,PP,HT,#1,#6,Olefin,0.42104963592278816,0.9613683619861093,58.91169562428962,0.1557376982043301,2.0357241590530535,-18.42735810433059,0.6872037392735834,,PVC,LT,#2,#9,GASOLINE_1,0.5005369334845301,1.3075091676666792,33.78758716020878,-0.2130884368656044,0.14242228513339222,-17.57018801428278,0.479980978488604,,,PP,SG,#2,-,FT_1,0.7956818738893489,5.665728331166643,95.29502269011876,0.19780637118671335,-1.9193337033501265,-51.72592837111437,0.45720220310648096,175,,,,,,,,,,,,,,,PS,OG,#4,-,MeOH_1,0.7075774162540841,5.8708081679748,82.72375872,-0.42465280778430425,-3.1735362348536027,-61.00165520863965,0.26258603147959525,175,,,,,,,,,,,,,,,,,,,,,,,,,,,,,,,,,,,,,,,,,,,,,,,,,,,,,,,,,,,,,,,,,,,,,,,,,,,,,,,,,,,,,,,,,,,,,,,,,,,,,,,,,,,,,,,,,,,,,,,,,,,,,,,,,,,,,,,,,,,,,,,,,,,,,,,,,,,,,,,,
229,PP,HT,#1,#7,MeOH_1,0.5934723775604077,2.58817073242182,74.46458562624699,0.17867490763575078,0.47145291389467625,-30.89763385004718,0.5850694180300857,,PVC,LT,#3,#6,MeOH_1,0.4892578785156224,1.3458878279992963,32.0606229280308,-0.1800745734089659,0.04749971915136143,-15.221436375659435,0.5252295499738642,,,PP,SG,#3,-,H2_1,0.4927836895410358,5.015439467704688,78.44151179362476,0.1825896864752197,-0.9125210175607154,-21.509366595929237,0.7257910243683321,176,,,,,,,,,,,,,,,PE,HT,#9,#5,FT_1,1.31411221943647,6.7186607884056295,109.83068515775837,-0.44730121403836975,-3.157594536289108,-64.57799606485523,0.41202227799911456,176,,,,,,,,,,,,,,,,,,,,,,,,,,,,,,,,,,,,,,,,,,,,,,,,,,,,,,,,,,,,,,,,,,,,,,,,,,,,,,,,,,,,,,,,,,,,,,,,,,,,,,,,,,,,,,,,,,,,,,,,,,,,,,,,,,,,,,,,,,,,,,,,,,,,,,,,,,,,,,,,
230,PP,HT,#1,#8,FT_1,0.7091730613017195,3.360602753867464,80.648233292279,0.14845676915498457,0.006171022112423778,-38.81892390698,0.5186636790133331,,PVC,LT,#5,#6,GASOLINE_1,0.49881780345771826,1.2590698660372097,31.734618853582912,-0.19067069024280558,0.2569226393186599,-13.817148436806717,0.5646032964644625,,,PP,SG,#4,-,MeOH_1,0.9955428943938436,9.152078962064623,142.54637502408676,-0.1481120182130769,-6.138011008848294,-95.82689898881823,0.3277493098465262,177,,,,,,,,,,,,,,,PE,HT,#9,#10,MeOH_1,1.215827222343693,5.885626470543213,107.13178978580873,-0.4352103912718479,-2.760440417574524,-60.64121761104578,0.4339568326797556,177,,,,,,,,,,,,,,,,,,,,,,,,,,,,,,,,,,,,,,,,,,,,,,,,,,,,,,,,,,,,,,,,,,,,,,,,,,,,,,,,,,,,,,,,,,,,,,,,,,,,,,,,,,,,,,,,,,,,,,,,,,,,,,,,,,,,,,,,,,,,,,,,,,,,,,,,,,,,,,,,
231,PP,HT,#1,#9,JET FUEL_1,0.6258180471935505,1.954535957961334,72.4629892274199,0.09591106847375222,1.6653103607690796,-24.61978802985886,0.6602432732578638,,PVC,LT,#8,#6,Aromatics,0.5677454316784247,0.5068174446799933,21.960901401784263,-0.3369284352004053,0.8715544523066774,-6.818531263598431,0.6895149639420336,,,PP,SG,#5,-,FT_1,1.2202015555360914,10.914697239132812,150.97061149011878,-0.22725176682493708,-7.170534527355541,-107.5289964918719,0.28774881792864826,178,,,,,,,,,,,,,,,PE,HT,#9,#11,FT_1,1.363679247080704,7.092729088462616,114.04905345184075,-0.5038602877302656,-3.5401217345035683,-69.058189130566,0.394486959422885,178,,,,,,,,,,,,,,,,,,,,,,,,,,,,,,,,,,,,,,,,,,,,,,,,,,,,,,,,,,,,,,,,,,,,,,,,,,,,,,,,,,,,,,,,,,,,,,,,,,,,,,,,,,,,,,,,,,,,,,,,,,,,,,,,,,,,,,,,,,,,,,,,,,,,,,,,,,,,,,,,
232,PP,HT,#1,#10,MeOH_1,0.913964209254942,5.481309348283575,108.27679362624697,-0.13337158166537663,-2.5577602633205347,-65.56353942149728,0.39448207482194714,,PVC,LT,#8,#7,Aromatics,0.6374095037228745,0.9035489555090339,26.124304538481525,-0.4075994321801612,0.48257018511056116,-11.55486910545599,0.5576965852455333,,,PP,SG,#6,-,MeOH_1,0.6061547519140711,3.9457194267625653,89.94071153710495,0.2553469495621167,-0.7887275068430254,-42.40958312539965,0.5284717854616525,179,,,,,,,,,,,,,,,PE,LT,#4,-,WAX_1,1.2041930229560378,3.653036653681522,84.8095500096,-0.5255828450213891,-0.6041910287444207,-40.47882413238677,0.5227091273588319,179,,,,,,,,,,,,,,,,,,,,,,,,,,,,,,,,,,,,,,,,,,,,,,,,,,,,,,,,,,,,,,,,,,,,,,,,,,,,,,,,,,,,,,,,,,,,,,,,,,,,,,,,,,,,,,,,,,,,,,,,,,,,,,,,,,,,,,,,,,,,,,,,,,,,,,,,,,,,,,,,
233,PP,HT,#1,#11,FT_1,1.0837132849811437,6.801230198911863,115.959548492279,-0.2257489379881467,-3.439390673260261,-74.65821821614335,0.35617015427483867,,PVC,LT,#8,#9,Aromatics,0.636046103428645,0.8747916221305223,27.787575883605843,-0.4025627295264197,0.5297172463014739,-12.952692766789408,0.533867480162915,,,PP,SG,#7,-,FT_1,0.8458456180272165,6.0165660092319335,101.14291953710497,0.12764780210359986,-2.1969745577782605,-58.283397759450104,0.4237520725504819,180,,,,,,,,,,,,,,,PE,LT,#5,-,WAX_1,1.2562735270371927,4.067653032111273,85.934437195632,-0.5711261206571265,-0.85525782318145,-41.375402842348386,0.51852360715232,180,,,,,,,,,,,,,,,,,,,,,,,,,,,,,,,,,,,,,,,,,,,,,,,,,,,,,,,,,,,,,,,,,,,,,,,,,,,,,,,,,,,,,,,,,,,,,,,,,,,,,,,,,,,,,,,,,,,,,,,,,,,,,,,,,,,,,,,,,,,,,,,,,,,,,,,,,,,,,,,,
234,PP,HT,#2,#1,MeOH_1,0.7276786081711646,3.412110238080884,78.90097433954635,0.027879515443203783,-0.2898487919004238,-34.295280206774585,0.5653376844348388,,PVC,HT,#6,-,Olefin,0.43008294886915616,0.9300354309496947,27.314703188434244,-0.19082359274847,0.3644065323998296,-13.010471285016324,0.5236824945428916,,,PP,SG,#8,-,H2_1,0.5417002948041794,5.152809980713184,85.06180642268117,0.17050087331477526,-0.9383752013217321,-28.186493396630883,0.6686351421157317,181,,,,,,,,,,,,,,,PE,LT,#10,-,WAX_1,1.2289379898084294,3.842015726378375,87.39043167080767,-0.546424977670226,-0.7750982784862461,-42.88064810537752,0.5093210173522741,181,,,,,,,,,,,,,,,,,,,,,,,,,,,,,,,,,,,,,,,,,,,,,,,,,,,,,,,,,,,,,,,,,,,,,,,,,,,,,,,,,,,,,,,,,,,,,,,,,,,,,,,,,,,,,,,,,,,,,,,,,,,,,,,,,,,,,,,,,,,,,,,,,,,,,,,,,,,,,,,,
235,PP,HT,#2,#2,FT_1,0.8279221859666729,3.664261455096992,80.71476600557834,0.03735125035867057,-0.2525148133299932,-40.12836994024237,0.5028373130949915,,PVC,HT,#9,-,DIESEL_1,0.5386595971276473,1.3505852995980459,32.74460344552127,-0.24383019248808632,0.16120804221140161,-16.122304831733747,0.507634750912248,,,PP,SG,#9,-,MeOH_1,1.0180256654656692,9.251383825552624,144.50676593710494,-0.1552133679068814,-6.16561939977165,-97.89389345987938,0.32256532886157946,182,,,,,,,,,,,,,,,PE,LT,#11,-,WAX_1,1.2858050746721732,4.297415734218159,89.58468159080769,-0.5796793893172676,-1.0752494587536456,-45.54340978068885,0.49161610029808855,182,,,,,,,,,,,,,,,,,,,,,,,,,,,,,,,,,,,,,,,,,,,,,,,,,,,,,,,,,,,,,,,,,,,,,,,,,,,,,,,,,,,,,,,,,,,,,,,,,,,,,,,,,,,,,,,,,,,,,,,,,,,,,,,,,,,,,,,,,,,,,,,,,,,,,,,,,,,,,,,,
236,PP,HT,#2,#3,H2_1,0.7520322533517235,3.2811196221628953,76.42094467739498,-0.06782458573975418,0.43098923671956657,-31.155884022825195,0.5923122364641354,,PVC,LT,#6,-,Olefin,0.4140721585182664,0.8738956303762108,27.388471762067198,-0.1441570053954819,0.4878849720008595,-11.279109817624244,0.5881803878796291,,,PP,SG,#10,-,FT_1,1.242684326607917,11.014002102620811,152.93100240313697,-0.27043845765299207,-7.194664136254006,-110.21335158511513,0.27932629844022777,183,,,,,,,,,,,,,,,PE,OG,#5,-,FT_1,1.375035568657845,6.823076076578983,123.71772768,-0.4332192862833398,-3.2606584968414793,-85.15009336958218,0.31173894827889403,183,,,,,,,,,,,,,,,,,,,,,,,,,,,,,,,,,,,,,,,,,,,,,,,,,,,,,,,,,,,,,,,,,,,,,,,,,,,,,,,,,,,,,,,,,,,,,,,,,,,,,,,,,,,,,,,,,,,,,,,,,,,,,,,,,,,,,,,,,,,,,,,,,,,,,,,,,,,,,,,,
237,PP,HT,#2,#4,MeOH_1,1.042612226888703,6.322618121340958,112.75080313954638,-0.29050941998733265,-3.37235228935938,-70.51105592276134,0.37462923580692264,,PVC,LT,#9,-,GASOLINE_1,0.5327563203071729,1.4778078318672243,34.84848415068449,-0.22196796988007278,0.06697213800768584,-17.36683855197812,0.501647231572998,,,PP,OG,#2,-,FT_1,0.9576508434153129,3.753609208375001,88.38298863999998,-0.033744652669156355,-0.2538732886101276,-50.7879278898748,0.4253653483393362,184,,,,,,,,,,,,,,,,,,,,,,,,,,,184,,,,,,,,,,,,,,,,,,,,,,,,,,,,,,,,,,,,,,,,,,,,,,,,,,,,,,,,,,,,,,,,,,,,,,,,,,,,,,,,,,,,,,,,,,,,,,,,,,,,,,,,,,,,,,,,,,,,,,,,,,,,,,,,,,,,,,,,,,,,,,,,,,,,,,,,,,,,,,,,
238,PP,HT,#2,#5,FT_1,1.1782075639058878,7.124387851958841,116.53690697954633,-0.3079277324591561,-3.7215110239906846,-75.6720088457713,0.35066056919588,,PVC,OG,#2,-,FT_1,0.636749167562228,1.5731123734529633,34.18456922007874,-0.21896145225856678,0.034474138007640986,-17.552159480001077,0.48654729661792584,,,PP,OG,#4,-,MeOH_1,0.7497562440223743,5.759154490941914,96.80473423999999,-0.3127463938617115,-3.3072109013951327,-70.32358494576144,0.273552213144721,185,,,,,,,,,,,,,,,,,,,,,,,,,,,185,,,,,,,,,,,,,,,,,,,,,,,,,,,,,,,,,,,,,,,,,,,,,,,,,,,,,,,,,,,,,,,,,,,,,,,,,,,,,,,,,,,,,,,,,,,,,,,,,,,,,,,,,,,,,,,,,,,,,,,,,,,,,,,,,,,,,,,,,,,,,,,,,,,,,,,,,,,,,,,,
239,PP,HT,#2,#6,Olefin,0.5468897910459694,1.5000609096256334,63.47120682748963,0.012953748099359856,1.6072588198744433,-23.12198712055846,0.6357090360137246,,PVC,OG,#3,-,H2_1,0.34426158251985484,1.0572215858264429,23.556914238371533,-0.19647125329457346,0.3006275705422804,-14.281109134366208,0.39376146680943863,,,PP,OG,#5,-,FT_1,1.2406115278657643,6.969296316699843,122.75122544000001,-0.3120635205107611,-3.4822564744513347,-84.10997005553465,0.31479323522805036,186,,,,,,,,,,,,,,,,,,,,,,,,,,,186,,,,,,,,,,,,,,,,,,,,,,,,,,,,,,,,,,,,,,,,,,,,,,,,,,,,,,,,,,,,,,,,,,,,,,,,,,,,,,,,,,,,,,,,,,,,,,,,,,,,,,,,,,,,,,,,,,,,,,,,,,,,,,,,,,,,,,,,,,,,,,,,,,,,,,,,,,,,,,,,
240,PP,HT,#2,#7,MeOH_1,0.7193125326835892,3.126863280061344,79.02409682944699,0.035890957530780414,0.04298757471606642,-35.59226286627505,0.5496024087046295,,PVC,OG,#6,-,MeOH_1,0.32060737152608576,0.8107699049045326,19.950742104113978,-0.16774913327155475,0.299151319952829,-11.985859224907276,0.3992273990431809,,,PP,OG,#9,-,MeOH_1,0.7094334784265033,5.237517140817601,99.37936423252322,-0.23316575779346882,-2.7699032799533927,-74.2401895400311,0.25296171782375915,187,,,,,,,,,,,,,,,,,,,,,,,,,,,187,,,,,,,,,,,,,,,,,,,,,,,,,,,,,,,,,,,,,,,,,,,,,,,,,,,,,,,,,,,,,,,,,,,,,,,,,,,,,,,,,,,,,,,,,,,,,,,,,,,,,,,,,,,,,,,,,,,,,,,,,,,,,,,,,,,,,,,,,,,,,,,,,,,,,,,,,,,,,,,,
241,PP,HT,#2,#8,FT_1,0.835013216424901,3.8992953015069878,85.20774449547898,0.005672819050014226,-0.4222943170661861,-43.51355292320785,0.4893239671950638,,PVC,OG,#7,-,FT_1,0.5039557638437095,1.1364751347160191,28.94746530411398,-0.21395386432142977,0.2827355423239243,-17.985920508087162,0.37867028013913795,,,PP,OG,#10,-,FT_1,0.8473915174109564,5.83040360087723,103.2814562325232,-0.14945640750414754,-2.722086915233648,-75.69644846365122,0.2670857748826502,188,,,,,,,,,,,,,,,,,,,,,,,,,,,188,,,,,,,,,,,,,,,,,,,,,,,,,,,,,,,,,,,,,,,,,,,,,,,,,,,,,,,,,,,,,,,,,,,,,,,,,,,,,,,,,,,,,,,,,,,,,,,,,,,,,,,,,,,,,,,,,,,,,,,,,,,,,,,,,,,,,,,,,,,,,,,,,,,,,,,,,,,,,,,,
242,PP,HT,#2,#9,H2_1,0.7516582023167302,2.493228505600858,77.02250043061989,-0.04687288163121622,1.2368450215904694,-29.31441704608671,0.6194045002149408,,PVC,OG,#8,-,H2_1,0.34888552883871554,1.0210180681126837,24.934495810327896,-0.1896898248396311,0.3595211945212359,-15.23380217648736,0.3890471139914728,,,PVC,HT,#1,#1,JET FUEL_1,0.49234266479488475,1.546691455750759,28.664933457788806,-0.22429335630424682,-0.2406860133156079,-13.793231337709969,0.5188116742701845,189,,,,,,,,,,,,,,,,,,,,,,,,,,,189,,,,,,,,,,,,,,,,,,,,,,,,,,,,,,,,,,,,,,,,,,,,,,,,,,,,,,,,,,,,,,,,,,,,,,,,,,,,,,,,,,,,,,,,,,,,,,,,,,,,,,,,,,,,,,,,,,,,,,,,,,,,,,,,,,,,,,,,,,,,,,,,,,,,,,,,,,,,,,,,
243,PP,HT,#2,#10,MeOH_1,1.0398043643781234,6.0200018959231,112.83630482944702,-0.27615553177034685,-2.9862256024991463,-70.25816843772519,0.3773442993908656,,PS,HT,#1,-,GASOLINE_1,0.745178840850217,1.531773900195635,65.88056956652426,0.13314842383442127,1.7024303958992903,-18.502691557026452,0.7191479721749677,,,PVC,HT,#1,#2,JET FUEL_1,0.6960069670280382,1.7859640161006245,39.1387456177888,-0.30141006814508614,-0.30145175277419867,-19.2187517566854,0.5089584131191379,190,,,,,,,,,,,,,,,,,,,,,,,,,,,190,,,,,,,,,,,,,,,,,,,,,,,,,,,,,,,,,,,,,,,,,,,,,,,,,,,,,,,,,,,,,,,,,,,,,,,,,,,,,,,,,,,,,,,,,,,,,,,,,,,,,,,,,,,,,,,,,,,,,,,,,,,,,,,,,,,,,,,,,,,,,,,,,,,,,,,,,,,,,,,,
244,PP,HT,#2,#11,FT_1,1.2095534401043249,7.339922746551388,120.51905969547897,-0.3685328880931168,-3.867856012438872,-79.3528472323712,0.34157429179354976,,PS,HT,#2,-,GASOLINE_1,0.8014215205017702,2.1555991557421024,71.74702843105656,-0.0535641462306225,1.3075621132826052,-27.950109066719765,0.6104353075252769,,,PVC,HT,#1,#4,JET FUEL_1,0.5824667883874803,1.9874999824862292,33.91168385778881,-0.32659277966640016,-0.76355254076108,-19.178522551530534,0.43445678982037256,191,,,,,,,,,,,,,,,,,,,,,,,,,,,191,,,,,,,,,,,,,,,,,,,,,,,,,,,,,,,,,,,,,,,,,,,,,,,,,,,,,,,,,,,,,,,,,,,,,,,,,,,,,,,,,,,,,,,,,,,,,,,,,,,,,,,,,,,,,,,,,,,,,,,,,,,,,,,,,,,,,,,,,,,,,,,,,,,,,,,,,,,,,,,,
245,PP,HT,#3,#1,MeOH_1,0.8153499463836311,4.085576500894419,85.56470777496735,-0.02852465674246474,-0.944839910971267,-39.65433308029654,0.5365573714739229,,PS,HT,#3,-,GASOLINE_1,0.9043664593164118,3.0183577885802566,80.5314148825701,-0.09547410835293589,0.3616534762778124,-35.48052888419452,0.5594200234041363,,,PVC,HT,#1,#5,JET FUEL_1,0.77136665225119,2.2008232867904938,43.3833526577888,-0.3744824287852238,-0.7254824623290744,-23.845681419642663,0.45034950139194607,192,,,,,,,,,,,,,,,,,,,,,,,,,,,192,,,,,,,,,,,,,,,,,,,,,,,,,,,,,,,,,,,,,,,,,,,,,,,,,,,,,,,,,,,,,,,,,,,,,,,,,,,,,,,,,,,,,,,,,,,,,,,,,,,,,,,,,,,,,,,,,,,,,,,,,,,,,,,,,,,,,,,,,,,,,,,,,,,,,,,,,,,,,,,,
246,PP,HT,#3,#2,FT_1,0.9155935241791407,4.337727717910528,87.37849944099933,-0.01905292182699952,-0.9075059324008379,-45.487422813764304,0.4794208746457265,,PS,HT,#4,-,GASOLINE_1,0.9692301537352438,3.3535542974827863,83.45958622860212,-0.12045731621215225,0.13256874806945293,-39.20441997269507,0.5302586348162426,,,PVC,HT,#1,#11,JET FUEL_1,0.580182190700268,1.4260313748799451,32.90295616478356,-0.29131743182425307,-0.11055780042120993,-18.123560378021843,0.4491813961257467,193,,,,,,,,,,,,,,,,,,,,,,,,,,,193,,,,,,,,,,,,,,,,,,,,,,,,,,,,,,,,,,,,,,,,,,,,,,,,,,,,,,,,,,,,,,,,,,,,,,,,,,,,,,,,,,,,,,,,,,,,,,,,,,,,,,,,,,,,,,,,,,,,,,,,,,,,,,,,,,,,,,,,,,,,,,,,,,,,,,,,,,,,,,,,
247,PP,HT,#3,#3,H2_1,0.8397035915641899,3.954585884976432,83.08467811281596,-0.12422875792542272,-0.22400188235127896,-36.51493689634713,0.5605093775922732,,PS,HT,#5,-,GASOLINE_1,0.9197746727752562,2.9266793304267535,79.68754681878802,-0.11902803161603728,0.7339903301282361,-31.901979067760696,0.5996616743604016,,,PVC,HT,#2,#1,DIESEL_1,0.5586021673191809,1.815391087755892,31.567856013859046,-0.302347768348283,-0.4074239883330971,-16.385438485795376,0.4809454757205629,194,,,,,,,,,,,,,,,,,,,,,,,,,,,194,,,,,,,,,,,,,,,,,,,,,,,,,,,,,,,,,,,,,,,,,,,,,,,,,,,,,,,,,,,,,,,,,,,,,,,,,,,,,,,,,,,,,,,,,,,,,,,,,,,,,,,,,,,,,,,,,,,,,,,,,,,,,,,,,,,,,,,,,,,,,,,,,,,,,,,,,,,,,,,,
248,PP,HT,#3,#4,MeOH_1,1.1302835651011696,6.996084384154493,119.41453657496733,-0.3469135921730016,-4.027343408430223,-75.87010879628325,0.3646493050814404,,PS,HT,#8,-,WAX_1,0.7404289565521732,1.0924503298271817,55.65288202818166,-0.23674752014382963,2.3390982530782036,-16.817573489786042,0.6978130713649311,,,PVC,HT,#2,#2,FT_1,0.7622664695523326,2.0546636481057576,42.041668173859044,-0.3794644801891206,-0.4681897277916878,-21.810958904770818,0.4812061497042931,195,,,,,,,,,,,,,,,,,,,,,,,,,,,195,,,,,,,,,,,,,,,,,,,,,,,,,,,,,,,,,,,,,,,,,,,,,,,,,,,,,,,,,,,,,,,,,,,,,,,,,,,,,,,,,,,,,,,,,,,,,,,,,,,,,,,,,,,,,,,,,,,,,,,,,,,,,,,,,,,,,,,,,,,,,,,,,,,,,,,,,,,,,,,,
249,PP,HT,#3,#5,FT_1,1.2658789021183543,7.797854114772376,123.20064041496735,-0.3643319046448248,-4.376502143061528,-81.03106171929326,0.3422837621106311,,PS,HT,#9,-,WAX_1,0.8140446534234782,1.494936192884302,57.79364694794164,-0.3187377108013454,1.977565828986106,-18.70128081979859,0.6764128618385338,,,PVC,HT,#2,#4,DIESEL_1,0.6487262909117762,2.2561996144913627,36.814606413859046,-0.4046471917104361,-0.9302905157785699,-21.770729699615938,0.40863880344459586,196,,,,,,,,,,,,,,,,,,,,,,,,,,,196,,,,,,,,,,,,,,,,,,,,,,,,,,,,,,,,,,,,,,,,,,,,,,,,,,,,,,,,,,,,,,,,,,,,,,,,,,,,,,,,,,,,,,,,,,,,,,,,,,,,,,,,,,,,,,,,,,,,,,,,,,,,,,,,,,,,,,,,,,,,,,,,,,,,,,,,,,,,,,,,
250,PP,HT,#3,#6,Olefin,0.6345611292584357,2.17352717243917,70.13494026291062,-0.04345042408630868,0.9522677008035979,-28.481039994080405,0.5939108255127152,,PS,LT,#1,-,GASOLINE_1,0.7561368026449026,1.476590091714593,65.44101526225894,0.1333263120406626,1.7596327074647606,-17.648425383541937,0.7303155320434016,,,PVC,HT,#2,#10,DIESEL_1,0.5950698202111436,1.4805226935853213,34.174511310821806,-0.3194104873389211,-0.08012927827187598,-19.014723620425876,0.443599253037318,197,,,,,,,,,,,,,,,,,,,,,,,,,,,197,,,,,,,,,,,,,,,,,,,,,,,,,,,,,,,,,,,,,,,,,,,,,,,,,,,,,,,,,,,,,,,,,,,,,,,,,,,,,,,,,,,,,,,,,,,,,,,,,,,,,,,,,,,,,,,,,,,,,,,,,,,,,,,,,,,,,,,,,,,,,,,,,,,,,,,,,,,,,,,,
251,PP,HT,#3,#7,MeOH_1,0.8069838708960555,3.8003295428748802,85.68783026486797,-0.020513214654888118,-0.6120035443547794,-40.95131573979698,0.5220871433759826,,PS,LT,#2,-,GASOLINE_1,0.8026652446118806,2.0322511628359154,71.14678184017563,0.040378315023914695,1.547366474614761,-20.869373726899408,0.7066715712626266,,,PVC,HT,#2,#11,DIESEL_1,0.6464416932245639,1.6947310068850783,35.80587872085381,-0.3693718438682891,-0.2772957754386991,-20.715767526107253,0.421442280816247,198,,,,,,,,,,,,,,,,,,,,,,,,,,,198,,,,,,,,,,,,,,,,,,,,,,,,,,,,,,,,,,,,,,,,,,,,,,,,,,,,,,,,,,,,,,,,,,,,,,,,,,,,,,,,,,,,,,,,,,,,,,,,,,,,,,,,,,,,,,,,,,,,,,,,,,,,,,,,,,,,,,,,,,,,,,,,,,,,,,,,,,,,,,,,
252,PP,HT,#3,#8,FT_1,0.9226845546373675,4.572761564320524,91.87147793089996,-0.05073135313565444,-1.0772854361370316,-48.872605796729786,0.468032877042767,,PS,LT,#3,-,GASOLINE_1,0.9346484590950775,3.1065062442657427,81.59498231407154,-0.07704104811194412,0.3455065200451031,-33.9305168678631,0.5841592717397822,,,PVC,HT,#3,#1,MeOH_1,0.619072100358058,2.2427216577306757,35.475655669021315,-0.3439080402445672,-0.8486351190769058,-20.062465251647247,0.43447231986845136,199,,,,,,,,,,,,,,,,,,,,,,,,,,,199,,,,,,,,,,,,,,,,,,,,,,,,,,,,,,,,,,,,,,,,,,,,,,,,,,,,,,,,,,,,,,,,,,,,,,,,,,,,,,,,,,,,,,,,,,,,,,,,,,,,,,,,,,,,,,,,,,,,,,,,,,,,,,,,,,,,,,,,,,,,,,,,,,,,,,,,,,,,,,,,
253,PP,HT,#3,#9,H2_1,0.8393295405291982,3.1666947684143945,83.68623386604088,-0.10327705381688645,0.5818539025196245,-34.67346991960866,0.5856729557801401,,PS,LT,#4,-,GASOLINE_1,1.0057131841476425,3.405850334794448,84.65115894010356,-0.10717415466898686,0.11058322721950799,-37.85069208080507,0.5528626831017517,,,PVC,HT,#3,#3,MeOH_1,0.6117869919291183,1.6208779249163094,33.169244708264706,-0.31980264053699037,-0.20252969195834844,-17.205868642732295,0.4812704119715712,200,,,,,,,,,,,,,,,,,,,,,,,,,,,200,,,,,,,,,,,,,,,,,,,,,,,,,,,,,,,,,,,,,,,,,,,,,,,,,,,,,,,,,,,,,,,,,,,,,,,,,,,,,,,,,,,,,,,,,,,,,,,,,,,,,,,,,,,,,,,,,,,,,,,,,,,,,,,,,,,,,,,,,,,,,,,,,,,,,,,,,,,,,,,,
254,PP,HT,#3,#10,MeOH_1,1.1274757025905897,6.6934681587366365,119.500038264868,-0.33255970395601536,-3.641216721569992,-75.61722131124712,0.3672201079664596,,PS,LT,#5,-,GASOLINE_1,0.9402981927116716,2.8691938242991055,80.2261188692664,-0.08518967801325075,0.8366707180741647,-30.019303764412363,0.6258163278055275,,,PVC,HT,#3,#7,MeOH_1,0.5858880552544011,1.6662673789947906,35.081237749984076,-0.29251283250720506,-0.2602101844055444,-19.56758398654223,0.4422208211125301,201,,,,,,,,,,,,,,,,,,,,,,,,,,,201,,,,,,,,,,,,,,,,,,,,,,,,,,,,,,,,,,,,,,,,,,,,,,,,,,,,,,,,,,,,,,,,,,,,,,,,,,,,,,,,,,,,,,,,,,,,,,,,,,,,,,,,,,,,,,,,,,,,,,,,,,,,,,,,,,,,,,,,,,,,,,,,,,,,,,,,,,,,,,,,
255,PP,HT,#3,#11,FT_1,1.2972247783167914,8.013389009364921,127.18279313089997,-0.4249370602787855,-4.522847131509714,-84.71190010589312,0.33393584131537857,,PS,LT,#8,-,Aromatics,0.6586115006842721,0.9893069664883944,53.84353192850068,0.16861928587583205,2.9708031849057353,-9.944629860053043,0.815305023577231,,,PVC,HT,#3,#8,MeOH_1,0.6440497688790754,1.8200868611153822,36.656199016016075,-0.3480245124190217,-0.41573332163865745,-21.217709347874926,0.42116995440240984,202,,,,,,,,,,,,,,,,,,,,,,,,,,,202,,,,,,,,,,,,,,,,,,,,,,,,,,,,,,,,,,,,,,,,,,,,,,,,,,,,,,,,,,,,,,,,,,,,,,,,,,,,,,,,,,,,,,,,,,,,,,,,,,,,,,,,,,,,,,,,,,,,,,,,,,,,,,,,,,,,,,,,,,,,,,,,,,,,,,,,,,,,,,,,
256,PP,HT,#4,#1,MeOH_1,0.859435457878166,4.210330142979392,87.16970681496734,0.0055968753314554935,-1.1471212309363916,-38.11866965358595,0.5627073779828197,,PS,LT,#9,-,Aromatics,0.7483524643212456,1.4362888489759162,56.796355064292676,0.043386542289697586,2.6513901641134003,-12.513511680619457,0.7796775573634199,,,PVC,HT,#3,#9,MeOH_1,0.5977955943144854,1.6711486510665314,36.257031420070405,-0.30317708727784176,-0.24893241514938652,-20.55335416602621,0.43312087721972964,203,,,,,,,,,,,,,,,,,,,,,,,,,,,203,,,,,,,,,,,,,,,,,,,,,,,,,,,,,,,,,,,,,,,,,,,,,,,,,,,,,,,,,,,,,,,,,,,,,,,,,,,,,,,,,,,,,,,,,,,,,,,,,,,,,,,,,,,,,,,,,,,,,,,,,,,,,,,,,,,,,,,,,,,,,,,,,,,,,,,,,,,,,,,,
257,PP,HT,#4,#2,FT_1,0.9596790356736762,4.4624813599955,88.98349848099932,0.015068610246920572,-1.1097872523659627,-43.951759387053706,0.5060684268731158,,PS,OG,#3,-,H2_1,0.4472927500223821,2.2029270169541793,53.75784738839299,-0.11565169525579741,1.0469255441072345,-29.390141099354043,0.4532864962576654,,,PVC,HT,#3,#10,MeOH_1,0.6555397532500223,1.9078532635601053,38.08231096598408,-0.36097075923520694,-0.5213404090156853,-22.691750386277754,0.40413935471125945,204,,,,,,,,,,,,,,,,,,,,,,,,,,,204,,,,,,,,,,,,,,,,,,,,,,,,,,,,,,,,,,,,,,,,,,,,,,,,,,,,,,,,,,,,,,,,,,,,,,,,,,,,,,,,,,,,,,,,,,,,,,,,,,,,,,,,,,,,,,,,,,,,,,,,,,,,,,,,,,,,,,,,,,,,,,,,,,,,,,,,,,,,,,,,
258,PP,HT,#4,#3,JET FUEL_1,0.8837891030587253,4.0793395270614035,84.68967715281597,-0.09010722585150276,-0.4262832023164019,-34.97927346963655,0.5869712266523445,,PS,OG,#6,-,MeOH_1,0.43417158791737803,1.797987247189005,54.76427531555752,-0.04171082468294408,0.9616615645564947,-34.71805154115923,0.3660456321003034,,,PVC,HT,#3,#11,MeOH_1,0.7069116262634413,2.122061576859862,39.713678376016084,-0.4109321157645735,-0.7185069061825085,-24.392794291959124,0.38578355646123064,205,,,,,,,,,,,,,,,,,,,,,,,,,,,205,,,,,,,,,,,,,,,,,,,,,,,,,,,,,,,,,,,,,,,,,,,,,,,,,,,,,,,,,,,,,,,,,,,,,,,,,,,,,,,,,,,,,,,,,,,,,,,,,,,,,,,,,,,,,,,,,,,,,,,,,,,,,,,,,,,,,,,,,,,,,,,,,,,,,,,,,,,,,,,,
259,PP,HT,#4,#4,MeOH_1,1.174369076595705,7.120838026239466,121.01953561496735,-0.31279206009908167,-4.229624728395348,-74.33444536957266,0.38576490984006717,,PS,OG,#7,-,FT_1,0.7247866605095825,2.3050951710087197,69.39587467555754,-0.04542444514389416,1.0862351166239999,-44.68298242913264,0.3561147166450979,,,PVC,HT,#4,#1,DIESEL_1,0.6548865457451173,2.3454346797832057,36.60551101505332,-0.3557613690620223,-0.8644339280394632,-20.669071717974123,0.43535628530156667,206,,,,,,,,,,,,,,,,,,,,,,,,,,,206,,,,,,,,,,,,,,,,,,,,,,,,,,,,,,,,,,,,,,,,,,,,,,,,,,,,,,,,,,,,,,,,,,,,,,,,,,,,,,,,,,,,,,,,,,,,,,,,,,,,,,,,,,,,,,,,,,,,,,,,,,,,,,,,,,,,,,,,,,,,,,,,,,,,,,,,,,,,,,,,
260,PP,HT,#4,#5,FT_1,1.3099644136128896,7.922607756857348,124.80563945496735,-0.33021037257090485,-4.578783463026651,-79.49539829258266,0.36304642450659147,,PS,OG,#8,-,H2_1,0.469440764529389,2.4500280477675824,62.7802188715777,-0.11489913303852262,0.8652215176195511,-39.24311223399574,0.3749127840049287,,,PVC,HT,#4,#3,DIESEL_1,0.6476014373161775,1.7235909469688397,34.29910005429671,-0.33165596935444525,-0.21832850092090578,-17.812475109059168,0.48067223102468054,207,,,,,,,,,,,,,,,,,,,,,,,,,,,207,,,,,,,,,,,,,,,,,,,,,,,,,,,,,,,,,,,,,,,,,,,,,,,,,,,,,,,,,,,,,,,,,,,,,,,,,,,,,,,,,,,,,,,,,,,,,,,,,,,,,,,,,,,,,,,,,,,,,,,,,,,,,,,,,,,,,,,,,,,,,,,,,,,,,,,,,,,,,,,,
261,PP,HT,#4,#6,Olefin,0.678646640752971,2.2982808145241425,71.7399393029106,-0.009328892012388651,0.7499863808384737,-26.945376567369795,0.6244020160987706,,PE,HT,#1,#1,MeOH_1,0.5857817648441573,2.64850214340851,75.02553626578532,0.254012902071442,0.44984359742782326,-27.133159568503928,0.6383476757515995,,,PVC,HT,#4,#7,DIESEL_1,0.6217025006414602,1.7689804010473207,36.21109309601608,-0.30436616132465993,-0.2760089933681014,-20.174190452869112,0.4428726468053331,208,,,,,,,,,,,,,,,,,,,,,,,,,,,208,,,,,,,,,,,,,,,,,,,,,,,,,,,,,,,,,,,,,,,,,,,,,,,,,,,,,,,,,,,,,,,,,,,,,,,,,,,,,,,,,,,,,,,,,,,,,,,,,,,,,,,,,,,,,,,,,,,,,,,,,,,,,,,,,,,,,,,,,,,,,,,,,,,,,,,,,,,,,,,,
262,PP,HT,#4,#7,MeOH_1,0.8510693823905909,3.9250831849598526,87.29282930486798,0.013608317419031693,-0.814284864319903,-39.41565231308638,0.5484663216101264,,PE,HT,#1,#2,FT_1,0.7000372879730484,3.4195076246383236,81.7509647318173,0.23253369439716748,0.01922371847500205,-35.89749182689154,0.5608921320420784,,,PVC,HT,#4,#8,DIESEL_1,0.6798642142661347,1.9227998831679127,37.78605436204807,-0.3598778412364768,-0.43153213060121476,-21.8243158142018,0.42242406139864347,209,,,,,,,,,,,,,,,,,,,,,,,,,,,209,,,,,,,,,,,,,,,,,,,,,,,,,,,,,,,,,,,,,,,,,,,,,,,,,,,,,,,,,,,,,,,,,,,,,,,,,,,,,,,,,,,,,,,,,,,,,,,,,,,,,,,,,,,,,,,,,,,,,,,,,,,,,,,,,,,,,,,,,,,,,,,,,,,,,,,,,,,,,,,,
263,PP,HT,#4,#8,FT_1,0.9667700661319026,4.697515206405496,93.47647697089998,-0.01660982106173435,-1.279566756102155,-47.33694237001921,0.4935951385421211,,PE,HT,#1,#3,GASOLINE_1,0.6117304231754196,2.8953461532868157,73.20069846714527,0.16574535022704354,0.7557794316413152,-22.337576208910896,0.6948447668305148,,,PVC,HT,#4,#9,DIESEL_1,0.6336100397015446,1.7738616731190615,37.38688676610241,-0.31503041609529686,-0.26473122411194355,-21.159960632353084,0.43402720946697804,210,,,,,,,,,,,,,,,,,,,,,,,,,,,210,,,,,,,,,,,,,,,,,,,,,,,,,,,,,,,,,,,,,,,,,,,,,,,,,,,,,,,,,,,,,,,,,,,,,,,,,,,,,,,,,,,,,,,,,,,,,,,,,,,,,,,,,,,,,,,,,,,,,,,,,,,,,,,,,,,,,,,,,,,,,,,,,,,,,,,,,,,,,,,,
264,PP,HT,#4,#9,JET FUEL_1,0.8834150520237334,3.2914484104993673,85.29123290604089,-0.0691555217429665,0.3795725825544998,-33.13780649289807,0.6114746455898513,,PE,HT,#1,#6,Olefin,0.450230611624797,1.2226337996493795,61.76614021449375,0.2139047773047583,1.9214336092949411,-17.108815694364196,0.7230065593389706,,,PVC,HT,#4,#10,DIESEL_1,0.6913541986370817,2.010566285612635,39.21216631201607,-0.37282408805266204,-0.537139217978242,-23.298356852604627,0.40583856889678804,211,,,,,,,,,,,,,,,,,,,,,,,,,,,211,,,,,,,,,,,,,,,,,,,,,,,,,,,,,,,,,,,,,,,,,,,,,,,,,,,,,,,,,,,,,,,,,,,,,,,,,,,,,,,,,,,,,,,,,,,,,,,,,,,,,,,,,,,,,,,,,,,,,,,,,,,,,,,,,,,,,,,,,,,,,,,,,,,,,,,,,,,,,,,,
265,PP,HT,#4,#10,MeOH_1,1.1715612140851253,6.818221800821609,121.10503730486799,-0.29843817188209554,-3.8434980415351165,-74.08155788453651,0.3882867341178821,,PE,HT,#1,#7,MeOH_1,0.5902681226686896,2.6920431149875914,76.0405189598677,0.24879895221402148,0.43682740745089027,-28.579990058033534,0.6241478826161438,,,PVC,HT,#5,#1,DIESEL_1,0.6173661077863608,2.1087927960191544,34.999567778085606,-0.34069341814011433,-0.6210965319256947,-18.6536175276655,0.4670329174937654,212,,,,,,,,,,,,,,,,,,,,,,,,,,,212,,,,,,,,,,,,,,,,,,,,,,,,,,,,,,,,,,,,,,,,,,,,,,,,,,,,,,,,,,,,,,,,,,,,,,,,,,,,,,,,,,,,,,,,,,,,,,,,,,,,,,,,,,,,,,,,,,,,,,,,,,,,,,,,,,,,,,,,,,,,,,,,,,,,,,,,,,,,,,,,
266,PP,HT,#4,#11,FT_1,1.341310289811327,8.138142651449895,128.7877921709,-0.3908155282048657,-4.725128451474839,-83.17623667918255,0.35416055142238473,,PE,HT,#1,#9,GASOLINE_1,0.6372814641764072,2.937975459696716,74.93275572773791,0.15200014422625643,0.7394459086226853,-23.278339812812646,0.6893436043191498,,,PVC,HT,#5,#7,DIESEL_1,0.5841820626827038,1.532338517283269,34.60514985904836,-0.28929821040275205,-0.0326715972543332,-18.158736262560485,0.4752591352291908,213,,,,,,,,,,,,,,,,,,,,,,,,,,,213,,,,,,,,,,,,,,,,,,,,,,,,,,,,,,,,,,,,,,,,,,,,,,,,,,,,,,,,,,,,,,,,,,,,,,,,,,,,,,,,,,,,,,,,,,,,,,,,,,,,,,,,,,,,,,,,,,,,,,,,,,,,,,,,,,,,,,,,,,,,,,,,,,,,,,,,,,,,,,,,
267,PP,HT,#5,#1,MeOH_1,0.8023908137936687,3.8637566827760046,84.6911877851064,-0.010751849732751994,-0.6184541959301445,-37.739159461614584,0.5543909531960619,,PE,HT,#2,#1,MeOH_1,0.6814239195386459,3.100427489753121,79.45125926434532,0.1383416108236446,0.13982171076639116,-31.321336297406972,0.6057792338671869,,,PVC,HT,#5,#8,DIESEL_1,0.6423437763073779,1.6861579994038605,36.18011112508036,-0.3448098903145685,-0.18819473448744595,-19.808861623893176,0.45249306848697035,214,,,,,,,,,,,,,,,,,,,,,,,,,,,214,,,,,,,,,,,,,,,,,,,,,,,,,,,,,,,,,,,,,,,,,,,,,,,,,,,,,,,,,,,,,,,,,,,,,,,,,,,,,,,,,,,,,,,,,,,,,,,,,,,,,,,,,,,,,,,,,,,,,,,,,,,,,,,,,,,,,,,,,,,,,,,,,,,,,,,,,,,,,,,,
268,PP,HT,#5,#2,FT_1,0.9026343915891786,4.115907899792114,86.5049794511384,-0.0012801148172869147,-0.5811202173597151,-43.57224919508238,0.49630357152221755,,PE,HT,#2,#3,H2_1,0.7073725778699066,3.347271499631427,77.62642146570528,0.050074058979247695,0.44575754497988285,-26.52575293781393,0.6582896333881268,,,PVC,HT,#5,#9,DIESEL_1,0.5960896017427884,1.5372197893550097,35.780943529134696,-0.299962465173389,-0.021393827998174877,-19.144506442044467,0.464952442451496,215,,,,,,,,,,,,,,,,,,,,,,,,,,,215,,,,,,,,,,,,,,,,,,,,,,,,,,,,,,,,,,,,,,,,,,,,,,,,,,,,,,,,,,,,,,,,,,,,,,,,,,,,,,,,,,,,,,,,,,,,,,,,,,,,,,,,,,,,,,,,,,,,,,,,,,,,,,,,,,,,,,,,,,,,,,,,,,,,,,,,,,,,,,,,
269,PP,HT,#5,#3,H2_1,0.8267444589742294,3.7327660668580167,82.21115812295504,-0.10645595091571167,0.10238383268984466,-34.59976327766521,0.5791354352906963,,PE,HT,#2,#6,Olefin,0.5458727663192856,1.67455914599399,66.19186321305375,0.09823348605696113,1.6114117226335094,-21.296992423267234,0.6782536192595462,,,PVC,HT,#5,#10,DIESEL_1,0.653833760678325,1.7739244018485836,37.60622307504836,-0.3577561371307538,-0.2938018218644737,-21.282902662296003,0.43405902209793684,216,,,,,,,,,,,,,,,,,,,,,,,,,,,216,,,,,,,,,,,,,,,,,,,,,,,,,,,,,,,,,,,,,,,,,,,,,,,,,,,,,,,,,,,,,,,,,,,,,,,,,,,,,,,,,,,,,,,,,,,,,,,,,,,,,,,,,,,,,,,,,,,,,,,,,,,,,,,,,,,,,,,,,,,,,,,,,,,,,,,,,,,,,,,,
270,PP,HT,#5,#4,MeOH_1,1.1173244325112077,6.774264566036079,118.5410165851064,-0.3291407851632891,-3.700957693389101,-73.95493517760131,0.3761236632848897,,PE,HT,#2,#7,MeOH_1,0.6859102773631767,3.143968461332202,80.4662419584277,0.13312766096622553,0.12680552078945845,-32.76816678693659,0.5927712542625512,,,PVC,HT,#5,#11,DIESEL_1,0.7052056336917437,1.9881327151483406,39.23759048508036,-0.4077174936601203,-0.49096831903129695,-22.98394656797737,0.4142365450111736,217,,,,,,,,,,,,,,,,,,,,,,,,,,,217,,,,,,,,,,,,,,,,,,,,,,,,,,,,,,,,,,,,,,,,,,,,,,,,,,,,,,,,,,,,,,,,,,,,,,,,,,,,,,,,,,,,,,,,,,,,,,,,,,,,,,,,,,,,,,,,,,,,,,,,,,,,,,,,,,,,,,,,,,,,,,,,,,,,,,,,,,,,,,,,
271,PP,HT,#5,#5,FT_1,1.2529197695283938,7.57603429665396,122.32712042510639,-0.34655909763511406,-4.050116428020403,-79.1158881006113,0.35324327241848835,,PE,HT,#2,#9,H2_1,0.7329236188708944,3.3899008060413265,79.35847872629789,0.036328852978460446,0.42942402196125357,-27.466516541715674,0.6538931065394303,,,PVC,HT,#6,#1,MeOH_1,0.6913496710671806,2.709070601511461,41.573824949021315,-0.41234639543188517,-1.375959150423991,-26.425884358546234,0.364362447021649,218,,,,,,,,,,,,,,,,,,,,,,,,,,,218,,,,,,,,,,,,,,,,,,,,,,,,,,,,,,,,,,,,,,,,,,,,,,,,,,,,,,,,,,,,,,,,,,,,,,,,,,,,,,,,,,,,,,,,,,,,,,,,,,,,,,,,,,,,,,,,,,,,,,,,,,,,,,,,,,,,,,,,,,,,,,,,,,,,,,,,,,,,,,,,
272,PP,HT,#5,#6,Olefin,0.6216019966684752,1.9517073543207548,69.26142027304968,-0.025677617076597627,1.2786534158447218,-26.56586637539846,0.616440635050975,,PE,HT,#3,#6,Olefin,0.628845146827916,2.375541175409921,73.40712410485453,0.05036824971485977,0.9171105703663986,-27.41081467457996,0.6265919008701877,,,PVC,HT,#6,#3,MeOH_1,0.6840645626382426,2.087226868697095,39.2674139882647,-0.38824099572431,-0.7298537233054334,-23.569287749631275,0.39977489333330957,219,,,,,,,,,,,,,,,,,,,,,,,,,,,219,,,,,,,,,,,,,,,,,,,,,,,,,,,,,,,,,,,,,,,,,,,,,,,,,,,,,,,,,,,,,,,,,,,,,,,,,,,,,,,,,,,,,,,,,,,,,,,,,,,,,,,,,,,,,,,,,,,,,,,,,,,,,,,,,,,,,,,,,,,,,,,,,,,,,,,,,,,,,,,,
273,PP,HT,#5,#7,MeOH_1,0.7940247383060935,3.5785097247564654,84.81431027500703,-0.002740407645175651,-0.2856178293136552,-39.036142121115034,0.5397458047522653,,PE,HT,#4,#6,Olefin,0.6815466146085901,2.5621355243125903,75.61726889088652,0.018846170958976102,0.7487028094146249,-30.51341812575045,0.5964755329925971,,,PVC,HT,#6,#6,MeOH_1,0.5852972836876874,1.8469403812566558,37.688841656396505,-0.2914767988160019,-0.503208628956831,-22.12787377763358,0.412879971760075,220,,,,,,,,,,,,,,,,,,,,,,,,,,,220,,,,,,,,,,,,,,,,,,,,,,,,,,,,,,,,,,,,,,,,,,,,,,,,,,,,,,,,,,,,,,,,,,,,,,,,,,,,,,,,,,,,,,,,,,,,,,,,,,,,,,,,,,,,,,,,,,,,,,,,,,,,,,,,,,,,,,,,,,,,,,,,,,,,,,,,,,,,,,,,
274,PP,HT,#5,#8,FT_1,0.9097254220474054,4.35094174620211,90.99795794103903,-0.03295854612594169,-0.7508997210959074,-46.957432178047846,0.4839726820191579,,PE,HT,#5,#3,H2_1,0.7997146645349794,3.834875797914876,83.9680504798488,-0.005294423171123839,0.10261493153553575,-30.48176517073641,0.6369837694629862,,,PVC,HT,#6,#7,MeOH_1,0.6581656259635252,2.1326163227755766,41.179407029984084,-0.3609511876945245,-0.7875342157526296,-25.931003093441223,0.37029197446772355,221,,,,,,,,,,,,,,,,,,,,,,,,,,,221,,,,,,,,,,,,,,,,,,,,,,,,,,,,,,,,,,,,,,,,,,,,,,,,,,,,,,,,,,,,,,,,,,,,,,,,,,,,,,,,,,,,,,,,,,,,,,,,,,,,,,,,,,,,,,,,,,,,,,,,,,,,,,,,,,,,,,,,,,,,,,,,,,,,,,,,,,,,,,,,
275,PP,HT,#5,#9,H2_1,0.826370407939236,2.9448749502959792,82.81271387617994,-0.0855042468071737,0.9082396175607481,-32.75829630092673,0.6044291417631074,,PE,HT,#5,#6,Olefin,0.638214852984357,2.1621634442774402,72.53349222719729,0.042865003906591,1.2682691091891616,-25.25300465618971,0.6518435293713764,,,PVC,HT,#6,#8,MeOH_1,0.716327339588198,2.286435804896168,42.75436829601608,-0.4164628676063398,-0.9430573529857427,-27.581128454773914,0.354893323091293,222,,,,,,,,,,,,,,,,,,,,,,,,,,,222,,,,,,,,,,,,,,,,,,,,,,,,,,,,,,,,,,,,,,,,,,,,,,,,,,,,,,,,,,,,,,,,,,,,,,,,,,,,,,,,,,,,,,,,,,,,,,,,,,,,,,,,,,,,,,,,,,,,,,,,,,,,,,,,,,,,,,,,,,,,,,,,,,,,,,,,,,,,,,,,
276,PP,HT,#5,#10,MeOH_1,1.1145165700006294,6.471648340618222,118.62651827500704,-0.31478689694630446,-3.314831006528869,-73.70204769256516,0.37870512627113706,,PE,HT,#5,#9,H2_1,0.8252657055359673,3.8775051043247766,85.70010774044141,-0.01903962917191137,0.0862814085169056,-31.42252877463815,0.633343182370236,,,PVC,HT,#6,#9,MeOH_1,0.6700731650236095,2.137497594847317,42.3552007000704,-0.37161544246516126,-0.7762564464964715,-26.91677327292519,0.36449897939261916,223,,,,,,,,,,,,,,,,,,,,,,,,,,,223,,,,,,,,,,,,,,,,,,,,,,,,,,,,,,,,,,,,,,,,,,,,,,,,,,,,,,,,,,,,,,,,,,,,,,,,,,,,,,,,,,,,,,,,,,,,,,,,,,,,,,,,,,,,,,,,,,,,,,,,,,,,,,,,,,,,,,,,,,,,,,,,,,,,,,,,,,,,,,,,
277,PP,HT,#5,#11,FT_1,1.284265645726831,7.7915691912465075,126.30927314103903,-0.40716425326907457,-4.1964614164685905,-82.7967264872112,0.3444920992082743,,PE,HT,#6,#6,Olefin,0.7007756817752517,2.5799956473106005,77.44624954485452,-0.015661146311311568,0.6131338845560896,-31.9812165719261,0.5870527396758761,,,PVC,HT,#7,#3,DIESEL_1,0.720731369695561,2.330283053791077,40.586887414296704,-0.4136674651442992,-0.8996582327804983,-25.192811681176433,0.3792869252569912,224,,,,,,,,,,,,,,,,,,,,,,,,,,,224,,,,,,,,,,,,,,,,,,,,,,,,,,,,,,,,,,,,,,,,,,,,,,,,,,,,,,,,,,,,,,,,,,,,,,,,,,,,,,,,,,,,,,,,,,,,,,,,,,,,,,,,,,,,,,,,,,,,,,,,,,,,,,,,,,,,,,,,,,,,,,,,,,,,,,,,,,,,,,,,
278,PP,HT,#6,#1,MeOH_1,0.8995114334188111,4.650039880365766,93.26396393496732,-0.1060514917683247,-1.6016013076347562,-47.80489754769943,0.4874237001009989,,PE,HT,#7,#6,Olefin,0.7527526887391949,2.9608563124066136,79.54423674485453,-0.05001957468076199,0.34541512570658117,-34.422363575269,0.5672550899484785,,,PVC,HT,#7,#6,DIESEL_1,0.6219640907450072,2.089996566350638,39.008315082428496,-0.3169032682359927,-0.6730131384318957,-23.75139770917873,0.39111962003512246,225,,,,,,,,,,,,,,,,,,,,,,,,,,,225,,,,,,,,,,,,,,,,,,,,,,,,,,,,,,,,,,,,,,,,,,,,,,,,,,,,,,,,,,,,,,,,,,,,,,,,,,,,,,,,,,,,,,,,,,,,,,,,,,,,,,,,,,,,,,,,,,,,,,,,,,,,,,,,,,,,,,,,,,,,,,,,,,,,,,,,,,,,,,,,
279,PP,HT,#6,#2,FT_1,0.9997550112143208,4.902191097381875,95.07775560099935,-0.09657975685285919,-1.5642673290643279,-53.63798728116725,0.43585135195804453,,PE,HT,#8,#1,MeOH_1,0.7924017472635092,2.5542805057189133,69.85554424468637,0.004838988613372521,0.606220688915703,-22.170698490986954,0.6826207750478819,,,PVC,HT,#7,#7,DIESEL_1,0.6948324330208433,2.375672507869558,42.498880456016074,-0.3863776571145135,-0.9573387252276939,-27.55452702498637,0.3516411084404037,226,,,,,,,,,,,,,,,,,,,,,,,,,,,226,,,,,,,,,,,,,,,,,,,,,,,,,,,,,,,,,,,,,,,,,,,,,,,,,,,,,,,,,,,,,,,,,,,,,,,,,,,,,,,,,,,,,,,,,,,,,,,,,,,,,,,,,,,,,,,,,,,,,,,,,,,,,,,,,,,,,,,,,,,,,,,,,,,,,,,,,,,,,,,,
280,PP,HT,#6,#3,MeOH_1,0.9238650785993698,4.519049264447777,90.78393427281597,-0.20175559295128254,-0.8807632790147665,-44.66550136375006,0.508002140229733,,PE,HT,#8,#2,FT_1,0.9066572703923987,3.3252859869487272,76.58097271071836,-0.01664021906090028,0.17560080996288122,-30.93503074937455,0.5960480827759863,,,PVC,HT,#7,#9,DIESEL_1,0.706739972080928,2.3805537799412986,43.6746741261024,-0.3970419118851506,-0.9460609559715357,-28.540297204470352,0.34652523972896476,227,,,,,,,,,,,,,,,,,,,,,,,,,,,227,,,,,,,,,,,,,,,,,,,,,,,,,,,,,,,,,,,,,,,,,,,,,,,,,,,,,,,,,,,,,,,,,,,,,,,,,,,,,,,,,,,,,,,,,,,,,,,,,,,,,,,,,,,,,,,,,,,,,,,,,,,,,,,,,,,,,,,,,,,,,,,,,,,,,,,,,,,,,,,,
281,PP,HT,#6,#4,MeOH_1,1.21444505213635,7.560547763625838,127.11379273496736,-0.42444042719886155,-4.68410480509371,-84.02067326368619,0.3390121445052816,,PE,HT,#8,#3,DIESEL_1,0.8183504055947715,2.801124515597219,68.03070644604632,-0.08342856323102595,0.9121565231291949,-17.375115131393922,0.7445989312903322,,,PVC,LT,#1,#1,GASOLINE_1,0.44645583782871956,1.7301916152707528,29.595082910352236,-0.1593105151974126,-0.40957113911677034,-13.620113130529957,0.5397845928735108,228,,,,,,,,,,,,,,,,,,,,,,,,,,,228,,,,,,,,,,,,,,,,,,,,,,,,,,,,,,,,,,,,,,,,,,,,,,,,,,,,,,,,,,,,,,,,,,,,,,,,,,,,,,,,,,,,,,,,,,,,,,,,,,,,,,,,,,,,,,,,,,,,,,,,,,,,,,,,,,,,,,,,,,,,,,,,,,,,,,,,,,,,,,,,
282,PP,HT,#6,#5,FT_1,1.3500403891535342,8.362317494243722,130.89989657496733,-0.44185873967068473,-5.033263539725017,-89.18162618669616,0.31870361612072634,,PE,HT,#8,#6,Olefin,0.6568505940441486,1.1284121619597827,56.596148193394804,-0.03526913615331076,2.0778107007828206,-12.146354616847214,0.7853854899216482,,,PVC,LT,#1,#2,GASOLINE_1,0.6748583892941864,1.99742933567546,43.01261219035223,-0.21950695332012757,-0.4373136570937091,-20.186189962913648,0.5306913731819005,229,,,,,,,,,,,,,,,,,,,,,,,,,,,229,,,,,,,,,,,,,,,,,,,,,,,,,,,,,,,,,,,,,,,,,,,,,,,,,,,,,,,,,,,,,,,,,,,,,,,,,,,,,,,,,,,,,,,,,,,,,,,,,,,,,,,,,,,,,,,,,,,,,,,,,,,,,,,,,,,,,,,,,,,,,,,,,,,,,,,,,,,,,,,,
283,PP,HT,#6,#6,Olefin,0.7187226162936159,2.737990551910517,77.83419642291061,-0.12097725911216863,0.2955063041401082,-36.63160446148331,0.5293636197842116,,PE,HT,#8,#7,MeOH_1,0.7968881050880415,2.5978214772979946,70.87052693876873,-0.00037496124404825084,0.59320449893877,-23.617528980516557,0.6667510458766334,,,PVC,LT,#1,#4,GASOLINE_1,0.5175507369031653,2.272248340441503,35.88671459035223,-0.2474385329950973,-1.028720600880415,-20.783929050396868,0.4208461463344874,230,,,,,,,,,,,,,,,,,,,,,,,,,,,230,,,,,,,,,,,,,,,,,,,,,,,,,,,,,,,,,,,,,,,,,,,,,,,,,,,,,,,,,,,,,,,,,,,,,,,,,,,,,,,,,,,,,,,,,,,,,,,,,,,,,,,,,,,,,,,,,,,,,,,,,,,,,,,,,,,,,,,,,,,,,,,,,,,,,,,,,,,,,,,,
284,PP,HT,#6,#7,MeOH_1,0.8911453579312356,4.364792922346227,93.38708642486796,-0.09804004968074793,-1.2687649410182682,-49.101880207199876,0.47421124175767637,,PE,HT,#8,#8,FT_1,0.9314477767197263,3.4291111748405934,78.01128820480074,-0.048112077905599626,0.06472608143206239,-32.48808545676271,0.5835463532986059,,,PVC,LT,#1,#5,GASOLINE_1,0.592616644021103,2.202367713232629,38.35058979035224,-0.13282380102150626,-0.6503835248056644,-15.837566180089375,0.5870320048096471,231,,,,,,,,,,,,,,,,,,,,,,,,,,,231,,,,,,,,,,,,,,,,,,,,,,,,,,,,,,,,,,,,,,,,,,,,,,,,,,,,,,,,,,,,,,,,,,,,,,,,,,,,,,,,,,,,,,,,,,,,,,,,,,,,,,,,,,,,,,,,,,,,,,,,,,,,,,,,,,,,,,,,,,,,,,,,,,,,,,,,,,,,,,,,
285,PP,HT,#6,#8,FT_1,1.0068460416725475,5.137224943791872,99.57073409089998,-0.12825818816151413,-1.734046832800521,-57.0231702641327,0.4273099341411384,,PE,HT,#8,#9,DIESEL_1,0.8439014465957589,2.8437538220071192,69.76276370663895,-0.09717376923181305,0.8958230001105651,-18.315878735295666,0.7374548002095187,,,PVC,LT,#1,#11,GASOLINE_1,0.4664973277246183,1.3028265487961956,32.147353056626,-0.15218743896370582,-0.008554421760810315,-16.708651320961703,0.480247991443332,232,,,,,,,,,,,,,,,,,,,,,,,,,,,232,,,,,,,,,,,,,,,,,,,,,,,,,,,,,,,,,,,,,,,,,,,,,,,,,,,,,,,,,,,,,,,,,,,,,,,,,,,,,,,,,,,,,,,,,,,,,,,,,,,,,,,,,,,,,,,,,,,,,,,,,,,,,,,,,,,,,,,,,,,,,,,,,,,,,,,,,,,,,,,,
286,PP,HT,#6,#9,MeOH_1,0.9234910275643783,3.731158147885741,91.38549002604088,-0.18080388884274623,-0.07490749414386451,-42.82403438701157,0.5313913141483556,,PE,HT,#9,#1,MeOH_1,0.8867988886396091,2.9726208563675542,72.79705509172635,-0.11351247483594903,0.2513609987458438,-25.15982929354625,0.6543839683920709,,,PVC,LT,#2,#1,GASOLINE_1,0.538467130526266,2.017315129020414,32.6021389508427,-0.27361970954297055,-0.5805435826852697,-16.522858289342462,0.49319710850090165,233,,,,,,,,,,,,,,,,,,,,,,,,,,,233,,,,,,,,,,,,,,,,,,,,,,,,,,,,,,,,,,,,,,,,,,,,,,,,,,,,,,,,,,,,,,,,,,,,,,,,,,,,,,,,,,,,,,,,,,,,,,,,,,,,,,,,,,,,,,,,,,,,,,,,,,,,,,,,,,,,,,,,,,,,,,,,,,,,,,,,,,,,,,,,
287,PP,HT,#6,#10,MeOH_1,1.2116371896257698,7.257931538207981,127.19929442486797,-0.4100865389818753,-4.2979781182334795,-83.76778577865,0.34144457202057354,,PE,HT,#9,#3,H2_1,0.9127475469708716,3.2194648662458594,70.9722172930863,-0.20178002668034778,0.5572968329593361,-20.364245933953217,0.7130673563451289,,,PVC,LT,#2,#2,FT_1,0.7668696819917343,2.28455284942512,46.0196682308427,-0.333816147665687,-0.6082861006622079,-23.088935121726152,0.49828114783644206,234,,,,,,,,,,,,,,,,,,,,,,,,,,,234,,,,,,,,,,,,,,,,,,,,,,,,,,,,,,,,,,,,,,,,,,,,,,,,,,,,,,,,,,,,,,,,,,,,,,,,,,,,,,,,,,,,,,,,,,,,,,,,,,,,,,,,,,,,,,,,,,,,,,,,,,,,,,,,,,,,,,,,,,,,,,,,,,,,,,,,,,,,,,,,
288,PP,HT,#6,#11,FT_1,1.3813862653519713,8.57785238883627,134.88204929089997,-0.5024638953046452,-5.179608528173205,-92.86246457329605,0.3115283682188155,,PE,HT,#9,#6,Olefin,0.7512477354202487,1.5467525126084232,59.53765904043481,-0.15362059960263266,1.7229510106129617,-15.135485419406528,0.7457829941024837,,,PVC,LT,#2,#4,GASOLINE_1,0.609562029600712,2.5593718541911636,38.8937706308427,-0.3617477273406554,-1.1996930444489144,-23.686674209209375,0.3909905410295735,235,,,,,,,,,,,,,,,,,,,,,,,,,,,235,,,,,,,,,,,,,,,,,,,,,,,,,,,,,,,,,,,,,,,,,,,,,,,,,,,,,,,,,,,,,,,,,,,,,,,,,,,,,,,,,,,,,,,,,,,,,,,,,,,,,,,,,,,,,,,,,,,,,,,,,,,,,,,,,,,,,,,,,,,,,,,,,,,,,,,,,,,,,,,,
289,PP,HT,#7,#1,MeOH_1,0.9430701742459081,4.961455104422662,94.98572969496735,-0.13542624377454418,-1.8220790405963327,-49.80781908909865,0.47562839966541165,,PE,HT,#9,#7,MeOH_1,0.8912852464641413,3.0161618279466347,73.81203778580874,-0.1187264246933698,0.23834480876891107,-26.606659783075862,0.6395349514630077,,,PVC,LT,#2,#5,FT_1,0.6846279367186495,2.48949122698229,41.35764583084269,-0.2471329953670642,-0.8213559683741641,-18.740311338901872,0.546871903310169,236,,,,,,,,,,,,,,,,,,,,,,,,,,,236,,,,,,,,,,,,,,,,,,,,,,,,,,,,,,,,,,,,,,,,,,,,,,,,,,,,,,,,,,,,,,,,,,,,,,,,,,,,,,,,,,,,,,,,,,,,,,,,,,,,,,,,,,,,,,,,,,,,,,,,,,,,,,,,,,,,,,,,,,,,,,,,,,,,,,,,,,,,,,,,
290,PP,HT,#7,#2,FT_1,1.043313752041418,5.21360632143877,96.79952136099934,-0.12595450885907894,-1.7847450620259038,-55.640908822566445,0.4251943807132891,,PE,HT,#9,#9,H2_1,0.9382985879718589,3.2620941726557593,72.70427455367896,-0.21552523268113474,0.5409633099407062,-21.305009537854968,0.7069634534056856,,,PVC,LT,#2,#10,GASOLINE_1,0.5420111039700248,1.5013899310244676,34.679442055084465,-0.25539126743039137,-0.11915190087041735,-18.976181020671145,0.45281181310444457,237,,,,,,,,,,,,,,,,,,,,,,,,,,,237,,,,,,,,,,,,,,,,,,,,,,,,,,,,,,,,,,,,,,,,,,,,,,,,,,,,,,,,,,,,,,,,,,,,,,,,,,,,,,,,,,,,,,,,,,,,,,,,,,,,,,,,,,,,,,,,,,,,,,,,,,,,,,,,,,,,,,,,,,,,,,,,,,,,,,,,,,,,,,,,
291,PP,HT,#7,#3,H2_1,0.9674238194264687,4.830464488504673,92.50570003281597,-0.2311303449575038,-1.1012410119763432,-46.66842290514925,0.49550759695247065,,PE,LT,#1,#1,JET FUEL_1,0.6852544483179267,1.8012461523060475,85.93895404236105,0.1135030737291936,1.0603780880003755,-42.6684260212392,0.5035030796371216,,,PVC,LT,#2,#11,GASOLINE_1,0.5585086204221663,1.5899500625458565,35.15440909711647,-0.2664966333092652,-0.17952686532931014,-19.611396479774207,0.4421355106383276,238,,,,,,,,,,,,,,,,,,,,,,,,,,,238,,,,,,,,,,,,,,,,,,,,,,,,,,,,,,,,,,,,,,,,,,,,,,,,,,,,,,,,,,,,,,,,,,,,,,,,,,,,,,,,,,,,,,,,,,,,,,,,,,,,,,,,,,,,,,,,,,,,,,,,,,,,,,,,,,,,,,,,,,,,,,,,,,,,,,,,,,,,,,,,
292,PP,HT,#7,#4,MeOH_1,1.2580037929634464,7.8719629876827355,128.83555849496733,-0.45381517920508085,-4.904582538055289,-86.02359480508535,0.33229928282225224,,PE,LT,#1,#2,JET FUEL_1,0.749278865464679,1.9342877922791002,88.22770972236106,0.06388084619776663,0.937088153357767,-44.64723677153369,0.4939544853648401,,,PVC,LT,#3,#1,MeOH_1,0.5954887473075795,2.4236679668035594,36.7018492004863,-0.3062401404123475,-1.017303354672504,-20.308268153910088,0.44666907536525424,239,,,,,,,,,,,,,,,,,,,,,,,,,,,239,,,,,,,,,,,,,,,,,,,,,,,,,,,,,,,,,,,,,,,,,,,,,,,,,,,,,,,,,,,,,,,,,,,,,,,,,,,,,,,,,,,,,,,,,,,,,,,,,,,,,,,,,,,,,,,,,,,,,,,,,,,,,,,,,,,,,,,,,,,,,,,,,,,,,,,,,,,,,,,,
293,PP,HT,#7,#5,FT_1,1.3935991299806327,8.673732718300617,132.62166233496737,-0.4712334916769056,-5.253741272686592,-91.1845477280954,0.3124460504967337,,PE,LT,#1,#3,JET FUEL_1,0.6724378498773139,1.659681237794016,85.18809967712112,0.12959559641085888,1.2068877647320186,-41.80356270467354,0.5092793140929673,,,PVC,LT,#3,#2,MeOH_1,0.8238912987730465,2.690905687208266,50.1193784804863,-0.3664365785350625,-1.0450458726494423,-26.87434498629379,0.46379333102150977,240,,,,,,,,,,,,,,,,,,,,,,,,,,,240,,,,,,,,,,,,,,,,,,,,,,,,,,,,,,,,,,,,,,,,,,,,,,,,,,,,,,,,,,,,,,,,,,,,,,,,,,,,,,,,,,,,,,,,,,,,,,,,,,,,,,,,,,,,,,,,,,,,,,,,,,,,,,,,,,,,,,,,,,,,,,,,,,,,,,,,,,,,,,,,
294,PP,HT,#7,#6,Olefin,0.7622813571207129,3.049405775967412,79.55596218291062,-0.15035201111838808,0.07502857117853284,-38.63452600288251,0.5143729653592,,PE,LT,#1,#4,JET FUEL_1,0.6784255782477447,1.701062754984243,85.29365191436105,0.12114439451808635,1.1298015553218062,-42.22090779440315,0.5049935505540906,,,PVC,LT,#3,#3,MeOH_1,0.5716564524294034,1.6481323445168858,34.269131918697255,-0.26125027664502054,-0.22555854904381842,-17.504945112683316,0.48919204740250194,241,,,,,,,,,,,,,,,,,,,,,,,,,,,241,,,,,,,,,,,,,,,,,,,,,,,,,,,,,,,,,,,,,,,,,,,,,,,,,,,,,,,,,,,,,,,,,,,,,,,,,,,,,,,,,,,,,,,,,,,,,,,,,,,,,,,,,,,,,,,,,,,,,,,,,,,,,,,,,,,,,,,,,,,,,,,,,,,,,,,,,,,,,,,,
295,PP,HT,#7,#7,MeOH_1,0.9347040987583326,4.676208146403123,95.10885218486797,-0.1274148016869674,-1.4892426739798448,-51.104801748599094,0.4626703973961955,,PE,LT,#1,#5,JET FUEL_1,0.7388887676415652,1.9351105373261455,88.51553916236105,0.08043966925565854,0.9518077727511357,-44.57029244536363,0.49646928813696933,,,PVC,LT,#3,#4,MeOH_1,0.6665836463820254,2.9657246919743097,42.993480880486295,-0.3943681582100322,-1.636452816436149,-27.472084073776998,0.361017449362982,242,,,,,,,,,,,,,,,,,,,,,,,,,,,242,,,,,,,,,,,,,,,,,,,,,,,,,,,,,,,,,,,,,,,,,,,,,,,,,,,,,,,,,,,,,,,,,,,,,,,,,,,,,,,,,,,,,,,,,,,,,,,,,,,,,,,,,,,,,,,,,,,,,,,,,,,,,,,,,,,,,,,,,,,,,,,,,,,,,,,,,,,,,,,,
296,PP,HT,#7,#8,FT_1,1.0504047824996443,5.448640167848767,101.29249985089999,-0.15763294016773358,-1.9545245657620969,-59.02609180553192,0.4172708552714481,,PE,LT,#1,#6,JET FUEL_1,0.6241783073815477,1.4614595453091217,82.40852001838132,0.1730158575957835,1.3856804243520702,-39.25532596855417,0.5236496668087448,,,PVC,LT,#3,#5,FT_1,0.7416495534999629,2.895844064765436,45.457356080486285,-0.27975342623644095,-1.258115740361398,-22.5257212034695,0.5044647743351878,243,,,,,,,,,,,,,,,,,,,,,,,,,,,243,,,,,,,,,,,,,,,,,,,,,,,,,,,,,,,,,,,,,,,,,,,,,,,,,,,,,,,,,,,,,,,,,,,,,,,,,,,,,,,,,,,,,,,,,,,,,,,,,,,,,,,,,,,,,,,,,,,,,,,,,,,,,,,,,,,,,,,,,,,,,,,,,,,,,,,,,,,,,,,,
297,PP,HT,#7,#9,H2_1,0.967049768391475,4.042573371942637,93.10725578604088,-0.21017864084896556,-0.2953852271054408,-44.826955928410776,0.5185449775104265,,PE,LT,#1,#7,JET FUEL_1,0.667749714440069,1.6891049218547163,85.10287232490226,0.13339400181655878,1.1716431594474432,-41.63072035906584,0.5108188569696005,,,PVC,LT,#3,#7,MeOH_1,0.5589219505600723,1.742619338828337,36.224026064728065,-0.25074557038872214,-0.3414845480447555,-19.957774217516988,0.4490459403420592,244,,,,,,,,,,,,,,,,,,,,,,,,,,,244,,,,,,,,,,,,,,,,,,,,,,,,,,,,,,,,,,,,,,,,,,,,,,,,,,,,,,,,,,,,,,,,,,,,,,,,,,,,,,,,,,,,,,,,,,,,,,,,,,,,,,,,,,,,,,,,,,,,,,,,,,,,,,,,,,,,,,,,,,,,,,,,,,,,,,,,,,,,,,,,
298,PP,HT,#7,#10,MeOH_1,1.2551959304528686,7.56934676226488,128.92106018486797,-0.4394612909880965,-4.518455851195059,-85.77070732004923,0.3347036768309442,,PE,LT,#1,#8,JET FUEL_1,0.7108514677182048,1.7915585061670118,86.3143726309343,0.09419943897231732,1.0600286575130315,-42.73500319638165,0.5048912261795689,,,PVC,LT,#3,#8,MeOH_1,0.5948725422376496,1.8187910332047441,37.348882370760066,-0.27943301531986875,-0.43407103612463205,-21.475423216218047,0.42500493045460275,245,,,,,,,,,,,,,,,,,,,,,,,,,,,245,,,,,,,,,,,,,,,,,,,,,,,,,,,,,,,,,,,,,,,,,,,,,,,,,,,,,,,,,,,,,,,,,,,,,,,,,,,,,,,,,,,,,,,,,,,,,,,,,,,,,,,,,,,,,,,,,,,,,,,,,,,,,,,,,,,,,,,,,,,,,,,,,,,,,,,,,,,,,,,,
299,PP,HT,#7,#11,FT_1,1.4249450061790698,8.889267612893166,136.60381505089998,-0.5318386473108662,-5.4000862611347795,-94.86538611469527,0.3055436549898152,,PE,LT,#1,#9,JET FUEL_1,0.6622028461387064,1.6293063662747747,84.9152973935231,0.13983750593012004,1.2364605328233202,-41.53658828180406,0.5108468137453375,,,PVC,LT,#3,#9,MeOH_1,0.5575585502658434,1.713862005449825,37.88729740985238,-0.24570886773498124,-0.294337486853842,-21.3555978788504,0.43633884339037077,246,,,,,,,,,,,,,,,,,,,,,,,,,,,246,,,,,,,,,,,,,,,,,,,,,,,,,,,,,,,,,,,,,,,,,,,,,,,,,,,,,,,,,,,,,,,,,,,,,,,,,,,,,,,,,,,,,,,,,,,,,,,,,,,,,,,,,,,,,,,,,,,,,,,,,,,,,,,,,,,,,,,,,,,,,,,,,,,,,,,,,,,,,,,,
300,PP,HT,#8,#1,MeOH_1,0.806735145781012,2.691608655204079,71.2303394701914,-0.0550197390894067,0.3776684486363685,-26.602032842039346,0.6265350826641531,,PE,LT,#1,#10,JET FUEL_1,0.7295878389431425,1.7836630789664853,86.46414746090227,0.07230387561904165,1.0532878365723324,-43.31511830271043,0.49903954905359077,,,PVC,LT,#3,#10,MeOH_1,0.5990327207513383,1.9077427688076136,38.779152304728065,-0.2880116982997683,-0.5559116728576518,-22.761590885238768,0.41304568221663757,247,,,,,,,,,,,,,,,,,,,,,,,,,,,247,,,,,,,,,,,,,,,,,,,,,,,,,,,,,,,,,,,,,,,,,,,,,,,,,,,,,,,,,,,,,,,,,,,,,,,,,,,,,,,,,,,,,,,,,,,,,,,,,,,,,,,,,,,,,,,,,,,,,,,,,,,,,,,,,,,,,,,,,,,,,,,,,,,,,,,,,,,,,,,,
301,PP,HT,#8,#2,FT_1,0.9069787235765219,2.943759872220187,73.0441311362234,-0.04554800417394148,0.4150024272067985,-32.43512257550714,0.5559516956260679,,PE,LT,#1,#11,JET FUEL_1,0.7387775657290451,1.8425299150969652,86.82529927093428,0.06437341615654518,1.007115484764993,-43.8120495091058,0.49539995972380874,,,PVC,LT,#3,#11,MeOH_1,0.6155302372034782,1.9963029003290025,39.25411934676007,-0.29911706417864065,-0.6162866373165443,-23.396806344341837,0.4039655777866038,248,,,,,,,,,,,,,,,,,,,,,,,,,,,248,,,,,,,,,,,,,,,,,,,,,,,,,,,,,,,,,,,,,,,,,,,,,,,,,,,,,,,,,,,,,,,,,,,,,,,,,,,,,,,,,,,,,,,,,,,,,,,,,,,,,,,,,,,,,,,,,,,,,,,,,,,,,,,,,,,,,,,,,,,,,,,,,,,,,,,,,,,,,,,,
302,PP,HT,#8,#3,H2_1,0.8310887909615711,2.560618039286091,68.75030980804006,-0.1507238402723648,1.098506477256358,-23.46263665808997,0.6587268228521334,,PE,LT,#2,#1,WAX_1,0.6759492877455128,2.216236056081799,79.73041881292106,0.04228971459446412,1.3102136549141847,-28.831686378841038,0.6383853639789411,,,PVC,LT,#4,#1,GASOLINE_1,0.6441028465209091,2.558700029673956,37.94918054651829,-0.33999398167765305,-1.1167689840521449,-22.209069029342093,0.4147681528427707,249,,,,,,,,,,,,,,,,,,,,,,,,,,,249,,,,,,,,,,,,,,,,,,,,,,,,,,,,,,,,,,,,,,,,,,,,,,,,,,,,,,,,,,,,,,,,,,,,,,,,,,,,,,,,,,,,,,,,,,,,,,,,,,,,,,,,,,,,,,,,,,,,,,,,,,,,,,,,,,,,,,,,,,,,,,,,,,,,,,,,,,,,,,,,
303,PP,HT,#8,#4,MeOH_1,1.1216687644985508,5.602116538464152,105.08016827019142,-0.3734086745199435,-2.704835048822585,-62.81780855802609,0.4021915876980385,,PE,LT,#2,#2,WAX_1,0.7399737048922652,2.349277696054852,76.69080876768113,-0.007332512936962843,1.1869237202715763,-25.482131403895618,0.6677290041224049,,,PVC,LT,#4,#2,FT_1,0.8725053979863776,2.8259377500786633,51.366709826518296,-0.40019041980036973,-1.1445115020290837,-28.77514586172579,0.43980944158369106,250,,,,,,,,,,,,,,,,,,,,,,,,,,,250,,,,,,,,,,,,,,,,,,,,,,,,,,,,,,,,,,,,,,,,,,,,,,,,,,,,,,,,,,,,,,,,,,,,,,,,,,,,,,,,,,,,,,,,,,,,,,,,,,,,,,,,,,,,,,,,,,,,,,,,,,,,,,,,,,,,,,,,,,,,,,,,,,,,,,,,,,,,,,,,
304,PP,HT,#8,#5,FT_1,1.2572641015157353,6.403886269082035,108.86627211019142,-0.39082698699176677,-3.0539937834538913,-67.97876148103609,0.3755755555565467,,PE,LT,#2,#3,WAX_1,0.6631326893049004,2.074671141569768,76.79636100492105,0.05838223727612914,1.456723331645828,-25.783619619515303,0.6642598779144873,,,PVC,LT,#4,#3,GASOLINE_1,0.620270551642733,1.7831644073872823,35.51646326472925,-0.2950041179103262,-0.3250241784234594,-19.40574598811532,0.45361265722122696,251,,,,,,,,,,,,,,,,,,,,,,,,,,,251,,,,,,,,,,,,,,,,,,,,,,,,,,,,,,,,,,,,,,,,,,,,,,,,,,,,,,,,,,,,,,,,,,,,,,,,,,,,,,,,,,,,,,,,,,,,,,,,,,,,,,,,,,,,,,,,,,,,,,,,,,,,,,,,,,,,,,,,,,,,,,,,,,,,,,,,,,,,,,,,
305,PP,HT,#8,#6,Olefin,0.6259463286558173,0.7795593267488293,55.80057195813468,-0.06994550643325105,2.2747760604112344,-15.428739755823221,0.7235021216736113,,PE,LT,#2,#4,WAX_1,0.6691204176753314,2.116052658759995,80.01824825292105,0.049931035383356456,1.3796371222356156,-29.317299720004993,0.633617326546076,,,PVC,LT,#4,#5,FT_1,0.7902636527132927,3.0308761276358323,46.7046874265183,-0.3135072675017468,-1.3575813697410393,-24.426522078901517,0.4770006304542258,252,,,,,,,,,,,,,,,,,,,,,,,,,,,252,,,,,,,,,,,,,,,,,,,,,,,,,,,,,,,,,,,,,,,,,,,,,,,,,,,,,,,,,,,,,,,,,,,,,,,,,,,,,,,,,,,,,,,,,,,,,,,,,,,,,,,,,,,,,,,,,,,,,,,,,,,,,,,,,,,,,,,,,,,,,,,,,,,,,,,,,,,,,,,,
306,PP,HT,#8,#7,MeOH_1,0.7983690702934368,2.40636169718454,71.35346196009205,-0.04700829700183022,0.7105048152528575,-27.899015501539807,0.6090026365203736,,PE,LT,#2,#5,WAX_1,0.7295836070691514,2.350100441101897,73.91122910894133,0.00922631012092893,1.201643339664945,-22.33777797898573,0.6977755850053448,,,PVC,LT,#4,#6,GASOLINE_1,0.5378719777289521,1.4809198908696928,33.30795427406281,-0.2138284146742717,-0.05196591022827983,-17.12223725109145,0.4859414928275952,253,,,,,,,,,,,,,,,,,,,,,,,,,,,253,,,,,,,,,,,,,,,,,,,,,,,,,,,,,,,,,,,,,,,,,,,,,,,,,,,,,,,,,,,,,,,,,,,,,,,,,,,,,,,,,,,,,,,,,,,,,,,,,,,,,,,,,,,,,,,,,,,,,,,,,,,,,,,,,,,,,,,,,,,,,,,,,,,,,,,,,,,,,,,,
307,PP,HT,#8,#8,FT_1,0.9140697540347483,3.178793718630183,77.53710962612405,-0.07722643548259597,0.24522292347060562,-35.82030555847262,0.5380237188206467,,PE,LT,#2,#6,WAX_1,0.6148731468091343,1.876449449084873,76.60558141546228,0.10180249846105369,1.6355159912658797,-25.824182952676953,0.6628942372668354,,,PVC,LT,#4,#7,GASOLINE_1,0.607536049773402,1.8776514016987336,37.47135741076007,-0.28449941165402776,-0.4409501774243963,-21.858575092949003,0.41665910702577813,254,,,,,,,,,,,,,,,,,,,,,,,,,,,254,,,,,,,,,,,,,,,,,,,,,,,,,,,,,,,,,,,,,,,,,,,,,,,,,,,,,,,,,,,,,,,,,,,,,,,,,,,,,,,,,,,,,,,,,,,,,,,,,,,,,,,,,,,,,,,,,,,,,,,,,,,,,,,,,,,,,,,,,,,,,,,,,,,,,,,,,,,,,,,,
308,PP,HT,#8,#9,H2_1,0.8307147399265794,1.7727269227240539,69.35186556126494,-0.1297721361638284,1.904362262127261,-21.621169681351482,0.6882395375182591,,PE,LT,#2,#7,WAX_1,0.6584445538676554,2.1040948256304675,77.81708172149429,0.062180642681829136,1.421478726361253,-26.71672534269968,0.6566727413613597,,,PVC,LT,#4,#8,GASOLINE_1,0.6434866414509792,1.9538230960751408,38.59621371679207,-0.31318685658517437,-0.5335366655042731,-23.376224091650055,0.3943389301557382,255,,,,,,,,,,,,,,,,,,,,,,,,,,,255,,,,,,,,,,,,,,,,,,,,,,,,,,,,,,,,,,,,,,,,,,,,,,,,,,,,,,,,,,,,,,,,,,,,,,,,,,,,,,,,,,,,,,,,,,,,,,,,,,,,,,,,,,,,,,,,,,,,,,,,,,,,,,,,,,,,,,,,,,,,,,,,,,,,,,,,,,,,,,,,
309,PP,HT,#8,#10,MeOH_1,1.118860901987971,5.299500313046295,105.16566996009207,-0.3590547863029572,-2.318708361962354,-62.56492107298994,0.4050822754542249,,PE,LT,#2,#8,WAX_1,0.7015463071457912,2.2065484099427635,76.41800648408311,0.022986079837587707,1.3098642244268413,-25.21043263657229,0.670098268765709,,,PVC,LT,#4,#9,GASOLINE_1,0.6061726494791732,1.8488940683202215,39.134628755884385,-0.27946270900028686,-0.39380311623348324,-23.25639875428242,0.4057335026901073,256,,,,,,,,,,,,,,,,,,,,,,,,,,,256,,,,,,,,,,,,,,,,,,,,,,,,,,,,,,,,,,,,,,,,,,,,,,,,,,,,,,,,,,,,,,,,,,,,,,,,,,,,,,,,,,,,,,,,,,,,,,,,,,,,,,,,,,,,,,,,,,,,,,,,,,,,,,,,,,,,,,,,,,,,,,,,,,,,,,,,,,,,,,,,
310,PP,HT,#8,#11,FT_1,1.2886099777141726,6.619421163674583,112.84842482612406,-0.4514321426257273,-3.2003387719020795,-71.65959986763598,0.36499246685943104,,PE,LT,#2,#9,WAX_1,0.652897685566293,2.044296270050526,77.96685655146227,0.06862414679539029,1.4862960997371302,-26.95994302678506,0.6542127742576096,,,PVC,LT,#4,#10,GASOLINE_1,0.6476468199646678,2.04277483167801,40.02648365076007,-0.32176553956507387,-0.6553773022372925,-24.662391760670786,0.3838481547403561,257,,,,,,,,,,,,,,,,,,,,,,,,,,,257,,,,,,,,,,,,,,,,,,,,,,,,,,,,,,,,,,,,,,,,,,,,,,,,,,,,,,,,,,,,,,,,,,,,,,,,,,,,,,,,,,,,,,,,,,,,,,,,,,,,,,,,,,,,,,,,,,,,,,,,,,,,,,,,,,,,,,,,,,,,,,,,,,,,,,,,,,,,,,,,
311,PP,HT,#9,#1,MeOH_1,0.9111800887674131,3.1042224552804583,74.3177160818714,-0.17695194625544716,0.032128865522756275,-29.551138369126193,0.6023675117172403,,PE,LT,#2,#10,WAX_1,0.7202826783707288,2.198652982742236,78.32800836149428,0.0010905164843120474,1.3031234034861425,-27.550774790344256,0.648264070966879,,,PVC,LT,#4,#11,GASOLINE_1,0.6641443364168094,2.1313349631993987,40.50145069279207,-0.3328709054439478,-0.7157522666961855,-25.297607219773845,0.37539009622991126,258,,,,,,,,,,,,,,,,,,,,,,,,,,,258,,,,,,,,,,,,,,,,,,,,,,,,,,,,,,,,,,,,,,,,,,,,,,,,,,,,,,,,,,,,,,,,,,,,,,,,,,,,,,,,,,,,,,,,,,,,,,,,,,,,,,,,,,,,,,,,,,,,,,,,,,,,,,,,,,,,,,,,,,,,,,,,,,,,,,,,,,,,,,,,
312,PP,HT,#9,#2,FT_1,1.0114236665629213,3.356373672296567,76.13150774790343,-0.16748021133998037,0.06946284409318566,-35.384228102594,0.5352222864183529,,PE,LT,#2,#11,WAX_1,0.7294724051566315,2.2575198188727166,73.57616413056006,-0.006839942978184581,1.2569510516788027,-22.9347099557734,0.6882861423017919,,,PVC,LT,#5,#1,GASOLINE_1,0.6050486722496753,2.3368500048414726,36.375845126038406,-0.31683625724618697,-0.8078804345052052,-18.903980215057366,0.48031502362193645,259,,,,,,,,,,,,,,,,,,,,,,,,,,,259,,,,,,,,,,,,,,,,,,,,,,,,,,,,,,,,,,,,,,,,,,,,,,,,,,,,,,,,,,,,,,,,,,,,,,,,,,,,,,,,,,,,,,,,,,,,,,,,,,,,,,,,,,,,,,,,,,,,,,,,,,,,,,,,,,,,,,,,,,,,,,,,,,,,,,,,,,,,,,,,
313,PP,HT,#9,#3,H2_1,0.935533733947972,2.9732318393624713,71.83768641972004,-0.27265604743840527,0.7529668941427449,-26.411742185176806,0.6323414143536983,,PE,LT,#3,#1,WAX_1,0.8998742165107506,3.0204727760681274,84.46774863525168,-0.13838541453000547,0.4543982969710648,-32.79360780698569,0.6117617867549077,,,PVC,LT,#5,#2,FT_1,0.8334512237151437,2.60408772524618,49.79337440603841,-0.37703269536890344,-0.8356229524821439,-25.470057047441063,0.48848501730880234,260,,,,,,,,,,,,,,,,,,,,,,,,,,,260,,,,,,,,,,,,,,,,,,,,,,,,,,,,,,,,,,,,,,,,,,,,,,,,,,,,,,,,,,,,,,,,,,,,,,,,,,,,,,,,,,,,,,,,,,,,,,,,,,,,,,,,,,,,,,,,,,,,,,,,,,,,,,,,,,,,,,,,,,,,,,,,,,,,,,,,,,,,,,,,
314,PP,HT,#9,#4,MeOH_1,1.2261137074849515,6.014730338540532,108.16754488187141,-0.49534088168598384,-3.0503746319361986,-65.76691408511293,0.39199032244897253,,PE,LT,#3,#2,WAX_1,0.9638986336575046,3.153514416041179,86.75650431525168,-0.18800764206143383,0.3311083623284569,-34.772418557280204,0.5991952553675303,,,PVC,LT,#5,#3,GASOLINE_1,0.5812163773714993,1.5613143825547997,33.94312784424936,-0.27184639347886014,-0.0161356288765201,-16.100657173830594,0.5256578224697002,261,,,,,,,,,,,,,,,,,,,,,,,,,,,261,,,,,,,,,,,,,,,,,,,,,,,,,,,,,,,,,,,,,,,,,,,,,,,,,,,,,,,,,,,,,,,,,,,,,,,,,,,,,,,,,,,,,,,,,,,,,,,,,,,,,,,,,,,,,,,,,,,,,,,,,,,,,,,,,,,,,,,,,,,,,,,,,,,,,,,,,,,,,,,,
315,PP,HT,#9,#5,FT_1,1.361709044502136,6.816500069158415,111.95364872187142,-0.5127591941578074,-3.3995333665675043,-70.92786700812293,0.3664532793894875,,PE,LT,#3,#3,WAX_1,0.887057618070138,2.8789078615560957,83.71689427001175,-0.1222928918483403,0.6009079737027082,-31.928744490420037,0.6186104994836479,,,PVC,LT,#5,#4,GASOLINE_1,0.6761435713241211,2.8789067300122233,42.6674768060384,-0.4049642750438717,-1.4270298962688506,-26.067796134924283,0.38904762863232856,262,,,,,,,,,,,,,,,,,,,,,,,,,,,262,,,,,,,,,,,,,,,,,,,,,,,,,,,,,,,,,,,,,,,,,,,,,,,,,,,,,,,,,,,,,,,,,,,,,,,,,,,,,,,,,,,,,,,,,,,,,,,,,,,,,,,,,,,,,,,,,,,,,,,,,,,,,,,,,,,,,,,,,,,,,,,,,,,,,,,,,,,,,,,,
316,PP,HT,#9,#6,Olefin,0.7303912716422177,1.1921731268252094,58.88794856981466,-0.19187771359929115,1.9292364772976214,-18.37784528291005,0.6879183987684309,,PE,LT,#3,#4,WAX_1,0.8930453464405705,2.920289378746322,83.82244650725167,-0.13074409374111454,0.5238217642924958,-32.34608958014965,0.6141118408259377,,,PVC,LT,#5,#5,FT_1,0.7512094784420588,2.8090261028033496,45.131352006038405,-0.2903495430702805,-1.0486928201940995,-21.121433264616787,0.5320008746515987,263,,,,,,,,,,,,,,,,,,,,,,,,,,,263,,,,,,,,,,,,,,,,,,,,,,,,,,,,,,,,,,,,,,,,,,,,,,,,,,,,,,,,,,,,,,,,,,,,,,,,,,,,,,,,,,,,,,,,,,,,,,,,,,,,,,,,,,,,,,,,,,,,,,,,,,,,,,,,,,,,,,,,,,,,,,,,,,,,,,,,,,,,,,,,
317,PP,HT,#9,#7,MeOH_1,0.9028140132798377,2.818975497260919,74.44083857177202,-0.16894050416787065,0.36496523213924525,-30.848121028626647,0.5856021826126465,,PE,LT,#3,#5,WAX_1,0.9535085358343908,3.1543371610882245,87.04433375525167,-0.17144881900354206,0.34582798172182533,-34.69547423111012,0.601404563234803,,,PVC,LT,#5,#7,GASOLINE_1,0.5684818755021683,1.6558013768662507,35.89802199028018,-0.26134168722256174,-0.13206162787745684,-18.553486278664277,0.4831613205962196,264,,,,,,,,,,,,,,,,,,,,,,,,,,,264,,,,,,,,,,,,,,,,,,,,,,,,,,,,,,,,,,,,,,,,,,,,,,,,,,,,,,,,,,,,,,,,,,,,,,,,,,,,,,,,,,,,,,,,,,,,,,,,,,,,,,,,,,,,,,,,,,,,,,,,,,,,,,,,,,,,,,,,,,,,,,,,,,,,,,,,,,,,,,,,
318,PP,HT,#9,#8,FT_1,1.0185146970211492,3.5914075187065637,80.62448623780405,-0.19915864264863659,-0.10031665964300782,-38.76941108555947,0.519136023128159,,PE,LT,#3,#6,WAX_1,0.8387980755743719,2.6806861690712007,80.93731461127194,-0.07887263066341575,0.7797006333227599,-29.380507754300677,0.6369967561265132,,,PVC,LT,#5,#8,GASOLINE_1,0.6044324671797467,1.731973071242658,37.022878296312186,-0.2900291321537097,-0.22464811595733358,-20.071135277365332,0.45787209960483805,265,,,,,,,,,,,,,,,,,,,,,,,,,,,265,,,,,,,,,,,,,,,,,,,,,,,,,,,,,,,,,,,,,,,,,,,,,,,,,,,,,,,,,,,,,,,,,,,,,,,,,,,,,,,,,,,,,,,,,,,,,,,,,,,,,,,,,,,,,,,,,,,,,,,,,,,,,,,,,,,,,,,,,,,,,,,,,,,,,,,,,,,,,,,,
319,PP,HT,#9,#9,H2_1,0.9351596829129801,2.185340722800434,72.43924217294494,-0.25170434332986885,1.5588226790136475,-24.57027520843832,0.6608154023784779,,PE,LT,#3,#7,WAX_1,0.8823694826328948,2.908331545616795,83.6316669177929,-0.118494486442642,0.5656633684181336,-31.755902144812335,0.6202885424246378,,,PVC,LT,#5,#9,GASOLINE_1,0.5671184752079392,1.6270440434877387,37.561293335404486,-0.2563049845688208,-0.08491456668654368,-19.95130993999768,0.4688332544398306,266,,,,,,,,,,,,,,,,,,,,,,,,,,,266,,,,,,,,,,,,,,,,,,,,,,,,,,,,,,,,,,,,,,,,,,,,,,,,,,,,,,,,,,,,,,,,,,,,,,,,,,,,,,,,,,,,,,,,,,,,,,,,,,,,,,,,,,,,,,,,,,,,,,,,,,,,,,,,,,,,,,,,,,,,,,,,,,,,,,,,,,,,,,,,
320,PP,HT,#9,#10,MeOH_1,1.223305844974372,5.712114113122675,108.25304657177206,-0.4809869934689981,-2.6642479450759677,-65.51402660007678,0.39480662508060865,,PE,LT,#3,#8,WAX_1,0.9254712359110306,3.0107851299290918,84.84316722382489,-0.1576890492868833,0.45404886648372056,-32.860184982128125,0.612694975242501,,,PVC,LT,#5,#10,GASOLINE_1,0.608592645693434,1.8209248068455273,38.45314823028018,-0.29860781513360773,-0.3464887526903534,-21.35730294638605,0.4445889626907555,267,,,,,,,,,,,,,,,,,,,,,,,,,,,267,,,,,,,,,,,,,,,,,,,,,,,,,,,,,,,,,,,,,,,,,,,,,,,,,,,,,,,,,,,,,,,,,,,,,,,,,,,,,,,,,,,,,,,,,,,,,,,,,,,,,,,,,,,,,,,,,,,,,,,,,,,,,,,,,,,,,,,,,,,,,,,,,,,,,,,,,,,,,,,,
321,PP,HT,#9,#11,FT_1,1.3930549207005734,7.032034963750963,115.93580143780407,-0.5733643497917678,-3.545878355015693,-74.60870539472283,0.3564653500519589,,PE,LT,#3,#9,WAX_1,0.8768226143315321,2.8485329900368543,83.44409198641372,-0.11205098232908071,0.6304807417940095,-31.66177006755055,0.6205630702685855,,,PVC,LT,#5,#11,GASOLINE_1,0.6250901621455756,1.9094849383669157,38.92811527231218,-0.3097131810124817,-0.40686371714924546,-21.992518405489125,0.43504795308876887,268,,,,,,,,,,,,,,,,,,,,,,,,,,,268,,,,,,,,,,,,,,,,,,,,,,,,,,,,,,,,,,,,,,,,,,,,,,,,,,,,,,,,,,,,,,,,,,,,,,,,,,,,,,,,,,,,,,,,,,,,,,,,,,,,,,,,,,,,,,,,,,,,,,,,,,,,,,,,,,,,,,,,,,,,,,,,,,,,,,,,,,,,,,,,
322,PP,LT,#1,#1,GASOLINE_1,0.7057881103171303,2.127229719780866,71.64056914935549,0.10793199853101328,0.8122069381664363,-26.2377583659394,0.6337583763294901,,PE,LT,#3,#10,WAX_1,0.944207607135968,3.002889702728564,84.9929420537929,-0.1795846126401588,0.44730804554302245,-33.44030008845693,0.606552035023188,,,PVC,LT,#6,#1,MeOH_1,0.7081498290681492,3.039622659537392,45.1109858404863,-0.3283476475490969,-1.4026043269248263,-22.943408521191955,0.49140086181400505,269,,,,,,,,,,,,,,,,,,,,,,,,,,,269,,,,,,,,,,,,,,,,,,,,,,,,,,,,,,,,,,,,,,,,,,,,,,,,,,,,,,,,,,,,,,,,,,,,,,,,,,,,,,,,,,,,,,,,,,,,,,,,,,,,,,,,,,,,,,,,,,,,,,,,,,,,,,,,,,,,,,,,,,,,,,,,,,,,,,,,,,,,,,,,
323,PP,LT,#1,#2,GASOLINE_1,0.7451980798243187,2.1938512037837365,72.9905713893555,0.08416649334749905,0.7264928769298526,-27.909670999869274,0.617626352710818,,PE,LT,#3,#11,WAX_1,0.9533973339218709,3.0617565388590444,85.3540938638249,-0.18751507210265544,0.401135693735683,-33.93723129485229,0.6023948031245435,,,PVC,LT,#6,#2,MeOH_1,0.9365523805336176,3.306860379942098,58.528515120486276,-0.3885440856718134,-1.4303468449017644,-29.50948535357563,0.49581011421821203,270,,,,,,,,,,,,,,,,,,,,,,,,,,,270,,,,,,,,,,,,,,,,,,,,,,,,,,,,,,,,,,,,,,,,,,,,,,,,,,,,,,,,,,,,,,,,,,,,,,,,,,,,,,,,,,,,,,,,,,,,,,,,,,,,,,,,,,,,,,,,,,,,,,,,,,,,,,,,,,,,,,,,,,,,,,,,,,,,,,,,,,,,,,,,
324,PP,LT,#1,#3,GASOLINE_1,0.6919510971874857,1.8941784958248424,70.85883343199487,0.12751399180881492,1.0629697069048747,-25.194689715082355,0.6444382655655434,,PE,LT,#4,#1,WAX_1,0.9558070865799903,3.278728990372498,86.94961102128369,-0.17022443542252533,0.2578853411429909,-36.39719194117785,0.5813990250943333,,,PVC,LT,#6,#3,MeOH_1,0.6843175341899732,2.264087037250718,42.678268558697255,-0.28335778378176996,-0.6108595212961409,-20.140085479965173,0.5280950666434453,271,,,,,,,,,,,,,,,,,,,,,,,,,,,271,,,,,,,,,,,,,,,,,,,,,,,,,,,,,,,,,,,,,,,,,,,,,,,,,,,,,,,,,,,,,,,,,,,,,,,,,,,,,,,,,,,,,,,,,,,,,,,,,,,,,,,,,,,,,,,,,,,,,,,,,,,,,,,,,,,,,,,,,,,,,,,,,,,,,,,,,,,,,,,,
325,PP,LT,#1,#4,GASOLINE_1,0.7543375562052217,2.324478312277976,74.62416018935549,0.06088651341392378,0.5532891768937025,-29.561541464037624,0.6038609829708431,,PE,LT,#4,#2,WAX_1,1.0198315037267425,3.41177063034555,89.23836670128368,-0.21984666295395228,0.1345954065003827,-38.37600269147235,0.569960723060608,,,PVC,LT,#6,#4,MeOH_1,0.7792447281425952,3.5816793847081416,51.40261752048629,-0.41647566534678176,-2.0217537886884713,-30.10722444105886,0.4142861610294503,272,,,,,,,,,,,,,,,,,,,,,,,,,,,272,,,,,,,,,,,,,,,,,,,,,,,,,,,,,,,,,,,,,,,,,,,,,,,,,,,,,,,,,,,,,,,,,,,,,,,,,,,,,,,,,,,,,,,,,,,,,,,,,,,,,,,,,,,,,,,,,,,,,,,,,,,,,,,,,,,,,,,,,,,,,,,,,,,,,,,,,,,,,,,,
326,PP,LT,#1,#5,GASOLINE_1,0.7992491497227,2.437695678297762,75.6229512293555,0.04212510372605423,0.5109885486440244,-29.749256582206012,0.6066107431858878,,PE,LT,#4,#3,WAX_1,0.9429904881393777,3.137164075860467,86.19875665604376,-0.15413191274086016,0.40439501787463367,-35.53232862461219,0.5877860655647766,,,PVC,LT,#6,#5,MeOH_1,0.8543106352605326,3.511798757499269,53.8664927204863,-0.3018609333731904,-1.643416712613721,-25.160861570751372,0.5329032892245036,273,,,,,,,,,,,,,,,,,,,,,,,,,,,273,,,,,,,,,,,,,,,,,,,,,,,,,,,,,,,,,,,,,,,,,,,,,,,,,,,,,,,,,,,,,,,,,,,,,,,,,,,,,,,,,,,,,,,,,,,,,,,,,,,,,,,,,,,,,,,,,,,,,,,,,,,,,,,,,,,,,,,,,,,,,,,,,,,,,,,,,,,,,,,,
327,PP,LT,#1,#6,GASOLINE_1,0.6048931055201374,1.3754777826716078,64.25902158617185,0.20865857746632033,1.5575150043806427,-19.213576715020977,0.7009979884418965,,PE,LT,#4,#4,WAX_1,0.9489782165098101,3.178545593050694,86.30430889328368,-0.16258311463363426,0.32730880846442134,-35.949673714341806,0.5834544743438708,,,PVC,LT,#6,#6,MeOH_1,0.6019189602761937,1.9618425207331285,40.4697595680308,-0.20218208054571704,-0.337801253100961,-17.8565767429413,0.5587674121729364,274,,,,,,,,,,,,,,,,,,,,,,,,,,,274,,,,,,,,,,,,,,,,,,,,,,,,,,,,,,,,,,,,,,,,,,,,,,,,,,,,,,,,,,,,,,,,,,,,,,,,,,,,,,,,,,,,,,,,,,,,,,,,,,,,,,,,,,,,,,,,,,,,,,,,,,,,,,,,,,,,,,,,,,,,,,,,,,,,,,,,,,,,,,,,
328,PP,LT,#1,#7,GASOLINE_1,0.698073765745775,2.0279644979863165,71.28106408857185,0.11729968262240476,0.9104079342291271,-25.83251395220264,0.6375964040028376,,PE,LT,#4,#5,WAX_1,1.0094414059036303,3.4125933753925954,89.52619614128368,-0.20328783989606194,0.14931502589375167,-38.29905836530227,0.5722027739806849,,,PVC,LT,#6,#7,MeOH_1,0.6715830323206435,2.3585740315621697,44.63316270472807,-0.2728530775254729,-0.7267855202970782,-22.592914584798862,0.49380879113893594,275,,,,,,,,,,,,,,,,,,,,,,,,,,,275,,,,,,,,,,,,,,,,,,,,,,,,,,,,,,,,,,,,,,,,,,,,,,,,,,,,,,,,,,,,,,,,,,,,,,,,,,,,,,,,,,,,,,,,,,,,,,,,,,,,,,,,,,,,,,,,,,,,,,,,,,,,,,,,,,,,,,,,,,,,,,,,,,,,,,,,,,,,,,,,
329,PP,LT,#1,#8,GASOLINE_1,0.7491979779198791,2.1317633330964707,72.70236871460385,0.0729200493372727,0.7874366915483477,-27.75006861820791,0.618305852906362,,PE,LT,#4,#6,WAX_1,0.8947309456436114,2.938942383375572,83.41917699730394,-0.11071165155593549,0.5831876774946859,-32.984091888492806,0.6045982101986114,,,PVC,LT,#6,#8,MeOH_1,0.7075336239982208,2.4347457259385767,45.758019010760066,-0.30154052245661966,-0.8193720083769548,-24.110563583499907,0.4730855027218229,276,,,,,,,,,,,,,,,,,,,,,,,,,,,276,,,,,,,,,,,,,,,,,,,,,,,,,,,,,,,,,,,,,,,,,,,,,,,,,,,,,,,,,,,,,,,,,,,,,,,,,,,,,,,,,,,,,,,,,,,,,,,,,,,,,,,,,,,,,,,,,,,,,,,,,,,,,,,,,,,,,,,,,,,,,,,,,,,,,,,,,,,,,,,,
330,PP,LT,#1,#9,GASOLINE_1,0.6847282133004794,1.868045597252211,70.4431017974924,0.13431126047200834,1.0859525384446156,-24.78994678574457,0.6480855306881584,,PE,LT,#4,#7,WAX_1,0.9383023527021329,3.1665877599211667,86.1135293038249,-0.15033350733516046,0.36915041259005843,-35.3594862790045,0.5893852387091288,,,PVC,LT,#6,#9,MeOH_1,0.6702196320264133,2.3298166981836577,46.29643404985238,-0.2678163748717308,-0.6796384591061648,-23.990738246132263,0.48180159577087855,277,,,,,,,,,,,,,,,,,,,,,,,,,,,277,,,,,,,,,,,,,,,,,,,,,,,,,,,,,,,,,,,,,,,,,,,,,,,,,,,,,,,,,,,,,,,,,,,,,,,,,,,,,,,,,,,,,,,,,,,,,,,,,,,,,,,,,,,,,,,,,,,,,,,,,,,,,,,,,,,,,,,,,,,,,,,,,,,,,,,,,,,,,,,,
331,PP,LT,#1,#10,GASOLINE_1,0.7471767514349182,2.293462980289629,74.95033256857185,0.07104896855627402,0.5919405012096748,-29.86165817083698,0.6015807115529924,,PE,LT,#4,#8,WAX_1,0.9814041059802704,3.2690413442334627,87.32502960985691,-0.18952807017940343,0.2575359106556466,-36.46376911632028,0.5824362238497954,,,PVC,LT,#6,#10,MeOH_1,0.711693802511908,2.5236974615414463,47.18828894472807,-0.3101192054365177,-0.9412126451099745,-25.39673125252063,0.4618001241310533,278,,,,,,,,,,,,,,,,,,,,,,,,,,,278,,,,,,,,,,,,,,,,,,,,,,,,,,,,,,,,,,,,,,,,,,,,,,,,,,,,,,,,,,,,,,,,,,,,,,,,,,,,,,,,,,,,,,,,,,,,,,,,,,,,,,,,,,,,,,,,,,,,,,,,,,,,,,,,,,,,,,,,,,,,,,,,,,,,,,,,,,,,,,,,
332,PP,LT,#1,#11,GASOLINE_1,0.7603587911672403,2.3003255792957478,74.51147336857186,0.06275215657508595,0.6140453049755686,-29.588728897075885,0.6028970095556304,,PE,LT,#4,#9,WAX_1,0.9327554844007702,3.106789204341225,85.92595437244572,-0.143890003221599,0.4339677859659359,-35.26535420174269,0.5895843757651483,,,PVC,LT,#6,#11,MeOH_1,0.7281913189640493,2.612257593062835,47.66325598676007,-0.32122457131539156,-1.0015876095688672,-26.031946711623707,0.45383616430117835,279,,,,,,,,,,,,,,,,,,,,,,,,,,,279,,,,,,,,,,,,,,,,,,,,,,,,,,,,,,,,,,,,,,,,,,,,,,,,,,,,,,,,,,,,,,,,,,,,,,,,,,,,,,,,,,,,,,,,,,,,,,,,,,,,,,,,,,,,,,,,,,,,,,,,,,,,,,,,,,,,,,,,,,,,,,,,,,,,,,,,,,,,,,,,
333,PP,LT,#2,#1,DIESEL_1,0.764626971054306,2.714339130370434,75.9676490968755,-0.0020618524615011323,0.29849916512126534,-33.093802366142675,0.5643697974128332,,PE,LT,#4,#10,WAX_1,1.0001404772052078,3.2611459170329358,87.47480443982488,-0.21142363353267896,0.25079508971494824,-37.04388422264906,0.576519382239579,,,PVC,LT,#7,#3,GASOLINE_1,0.7051850386532051,2.5055356714548673,42.968162318697246,-0.3773551936491497,-1.0478728833963105,-26.679099485642833,0.37909610171916425,280,,,,,,,,,,,,,,,,,,,,,,,,,,,280,,,,,,,,,,,,,,,,,,,,,,,,,,,,,,,,,,,,,,,,,,,,,,,,,,,,,,,,,,,,,,,,,,,,,,,,,,,,,,,,,,,,,,,,,,,,,,,,,,,,,,,,,,,,,,,,,,,,,,,,,,,,,,,,,,,,,,,,,,,,,,,,,,,,,,,,,,,,,,,,
334,PP,LT,#2,#2,DIESEL_1,0.8040369405614943,2.780960614373305,77.3176513368755,-0.025827357645015352,0.21278510388468147,-34.765715000072525,0.5503521589320247,,PE,LT,#4,#11,WAX_1,1.0093302039911105,3.320012753163417,87.83595624985688,-0.21935409299517547,0.20462273790760727,-37.54081542904442,0.5726030997800449,,,PVC,LT,#7,#5,FT_1,0.8751781397237647,3.753247391703417,54.1563864804863,-0.3958583432405702,-2.0804300747138895,-31.699875576429037,0.4146604373640923,281,,,,,,,,,,,,,,,,,,,,,,,,,,,281,,,,,,,,,,,,,,,,,,,,,,,,,,,,,,,,,,,,,,,,,,,,,,,,,,,,,,,,,,,,,,,,,,,,,,,,,,,,,,,,,,,,,,,,,,,,,,,,,,,,,,,,,,,,,,,,,,,,,,,,,,,,,,,,,,,,,,,,,,,,,,,,,,,,,,,,,,,,,,,,
335,PP,LT,#2,#3,DIESEL_1,0.75078995792466,2.4812879064144107,75.18591337951487,0.017520140816301648,0.5492619338597032,-32.05073371528561,0.5737135817782305,,PE,LT,#5,#1,WAX_1,0.9116575043191609,2.9019592393699356,83.84372528003392,-0.15648491965210454,0.7701497339357063,-30.785683891289743,0.6328206578552291,,,PVC,LT,#7,#6,GASOLINE_1,0.6227864647394243,2.203291154937278,40.75965332803081,-0.29617949041309527,-0.7748146152011308,-24.39559074861896,0.40147698135985166,282,,,,,,,,,,,,,,,,,,,,,,,,,,,282,,,,,,,,,,,,,,,,,,,,,,,,,,,,,,,,,,,,,,,,,,,,,,,,,,,,,,,,,,,,,,,,,,,,,,,,,,,,,,,,,,,,,,,,,,,,,,,,,,,,,,,,,,,,,,,,,,,,,,,,,,,,,,,,,,,,,,,,,,,,,,,,,,,,,,,,,,,,,,,,
336,PP,LT,#2,#4,DIESEL_1,0.8131764169423958,2.9115877228675435,78.95124013687551,-0.04910733757858878,0.039581403848531545,-36.41758546424089,0.5387332054429447,,PE,LT,#5,#2,WAX_1,0.9756819214659135,3.035000879342989,86.13248096003392,-0.2061071471835318,0.646859799293097,-32.764494641584236,0.6196034959588916,,,PVC,LT,#7,#7,GASOLINE_1,0.6924505367838741,2.6000226657663186,44.92305646472806,-0.36685048739285125,-1.1637988823972476,-29.131928590476512,0.35151499290014165,283,,,,,,,,,,,,,,,,,,,,,,,,,,,283,,,,,,,,,,,,,,,,,,,,,,,,,,,,,,,,,,,,,,,,,,,,,,,,,,,,,,,,,,,,,,,,,,,,,,,,,,,,,,,,,,,,,,,,,,,,,,,,,,,,,,,,,,,,,,,,,,,,,,,,,,,,,,,,,,,,,,,,,,,,,,,,,,,,,,,,,,,,,,,,
337,PP,LT,#2,#5,DIESEL_1,0.8580880104598742,3.024805088887331,79.95003117687551,-0.06786874726645863,-0.0027192244011473654,-36.60530058240928,0.5421477635021001,,PE,LT,#5,#3,WAX_1,0.8988409058785485,2.760394324857903,83.09287091479398,-0.14039239697043954,0.91665941066735,-29.92082057472407,0.6399110989268163,,,PVC,LT,#7,#8,GASOLINE_1,0.7284011284614516,2.6761943601427256,46.04791277076006,-0.395537932323998,-1.2563853704771244,-30.64957758917757,0.33439811394361985,284,,,,,,,,,,,,,,,,,,,,,,,,,,,284,,,,,,,,,,,,,,,,,,,,,,,,,,,,,,,,,,,,,,,,,,,,,,,,,,,,,,,,,,,,,,,,,,,,,,,,,,,,,,,,,,,,,,,,,,,,,,,,,,,,,,,,,,,,,,,,,,,,,,,,,,,,,,,,,,,,,,,,,,,,,,,,,,,,,,,,,,,,,,,,
338,PP,LT,#2,#6,DIESEL_1,0.6637319662573116,1.9625871932611763,68.58610153369186,0.0986647264738076,1.0438072313354712,-26.069620715224243,0.6198993654360433,,PE,LT,#5,#4,WAX_1,0.9048286342489807,2.8017758420481305,83.1984231520339,-0.14884359886321363,0.8395732012571374,-30.338165664453683,0.6353516747665424,,,PVC,LT,#7,#9,GASOLINE_1,0.6910871364896453,2.571265332387806,46.58632780985238,-0.36181378473911047,-1.1166518212063339,-30.529752251809935,0.3446628294803416,285,,,,,,,,,,,,,,,,,,,,,,,,,,,285,,,,,,,,,,,,,,,,,,,,,,,,,,,,,,,,,,,,,,,,,,,,,,,,,,,,,,,,,,,,,,,,,,,,,,,,,,,,,,,,,,,,,,,,,,,,,,,,,,,,,,,,,,,,,,,,,,,,,,,,,,,,,,,,,,,,,,,,,,,,,,,,,,,,,,,,,,,,,,,,
339,PP,LT,#2,#7,DIESEL_1,0.7569126264829492,2.6150739085758845,75.60814403609187,0.00730583162989177,0.39670016118395596,-32.68855795240591,0.567658241461371,,PE,LT,#5,#5,WAX_1,0.9652918236428011,3.035823624390034,86.42031040003391,-0.1895483241256413,0.661579418686466,-32.68755031541416,0.6217607855826294,,,PVC,LT,#7,#10,GASOLINE_1,0.7325613069751383,2.7651460957455947,47.47818270472807,-0.40411661530389587,-1.378226007210143,-31.935745258198303,0.3273595694087505,286,,,,,,,,,,,,,,,,,,,,,,,,,,,286,,,,,,,,,,,,,,,,,,,,,,,,,,,,,,,,,,,,,,,,,,,,,,,,,,,,,,,,,,,,,,,,,,,,,,,,,,,,,,,,,,,,,,,,,,,,,,,,,,,,,,,,,,,,,,,,,,,,,,,,,,,,,,,,,,,,,,,,,,,,,,,,,,,,,,,,,,,,,,,,
340,PP,LT,#2,#8,DIESEL_1,0.8080368386570532,2.7188727436860396,77.02944866212387,-0.03707380165524029,0.27372891850317566,-34.606112618411174,0.5507417848697737,,PE,LT,#5,#6,WAX_1,0.8505813633827822,2.5621726323730103,80.31329125605416,-0.09697213578551497,1.0954520702874002,-27.37258383860468,0.6591774112290376,,,PVC,LT,#7,#11,GASOLINE_1,0.74905882342728,2.8537062272669833,47.953149746760076,-0.4152219811827698,-1.4386009716690362,-32.57096071730137,0.3207753632595947,287,,,,,,,,,,,,,,,,,,,,,,,,,,,287,,,,,,,,,,,,,,,,,,,,,,,,,,,,,,,,,,,,,,,,,,,,,,,,,,,,,,,,,,,,,,,,,,,,,,,,,,,,,,,,,,,,,,,,,,,,,,,,,,,,,,,,,,,,,,,,,,,,,,,,,,,,,,,,,,,,,,,,,,,,,,,,,,,,,,,,,,,,,,,,
341,PP,LT,#2,#9,DIESEL_1,0.7435670740376533,2.455155007841779,74.77018174501241,0.024317409479495497,0.5722447653994444,-31.645990785947824,0.5767565351938069,,PE,LT,#5,#7,WAX_1,0.8941527704413036,2.7898180089186044,83.00764356257513,-0.13659399156473967,0.8814148053827738,-29.74797822911636,0.6416236270254929,,,PVC,HT,#1,-,MeOH_1,0.5768980080737527,1.688416667701028,35.02551151417986,-0.30257012492699015,-0.30172913005385144,-19.705596144081966,0.43739305174446136,288,,,,,,,,,,,,,,,,,,,,,,,,,,,288,,,,,,,,,,,,,,,,,,,,,,,,,,,,,,,,,,,,,,,,,,,,,,,,,,,,,,,,,,,,,,,,,,,,,,,,,,,,,,,,,,,,,,,,,,,,,,,,,,,,,,,,,,,,,,,,,,,,,,,,,,,,,,,,,,,,,,,,,,,,,,,,,,,,,,,,,,,,,,,,
342,PP,LT,#2,#10,DIESEL_1,0.8060156121720939,2.880572390879197,79.27741251609186,-0.03894488243624054,0.07823272816450358,-36.717702171040244,0.53684535095558,,PE,LT,#5,#8,WAX_1,0.9372545237194408,2.8922715932308996,84.2191438686071,-0.17578855440898267,0.7698003034483627,-30.85226106643214,0.6336668879635525,,,PVC,HT,#2,-,FT_1,0.641561590391014,1.786987225946631,35.78989345509186,-0.3510609440001923,-0.4521197387708023,-21.230440111172108,0.4068034838435198,289,,,,,,,,,,,,,,,,,,,,,,,,,,,289,,,,,,,,,,,,,,,,,,,,,,,,,,,,,,,,,,,,,,,,,,,,,,,,,,,,,,,,,,,,,,,,,,,,,,,,,,,,,,,,,,,,,,,,,,,,,,,,,,,,,,,,,,,,,,,,,,,,,,,,,,,,,,,,,,,,,,,,,,,,,,,,,,,,,,,,,,,,,,,,
343,PP,LT,#2,#11,DIESEL_1,0.8191976519044146,2.8874349898853153,78.83855331609188,-0.047241694417427024,0.10033753193039804,-36.444772897279144,0.5377290505172126,,PE,LT,#5,#9,WAX_1,0.8886059021399426,2.730019453338663,82.82006863119595,-0.1301504874511801,0.9462321787586507,-29.653846151854562,0.6419485440913435,,,PVC,HT,#3,-,DIESEL_1,0.5909184319616326,2.638918376739657,35.966950165661586,-0.26204746933137224,-1.1412129295230264,-11.869701609916957,0.6699830940559087,290,,,,,,,,,,,,,,,,,,,,,,,,,,,290,,,,,,,,,,,,,,,,,,,,,,,,,,,,,,,,,,,,,,,,,,,,,,,,,,,,,,,,,,,,,,,,,,,,,,,,,,,,,,,,,,,,,,,,,,,,,,,,,,,,,,,,,,,,,,,,,,,,,,,,,,,,,,,,,,,,,,,,,,,,,,,,,,,,,,,,,,,,,,,,
344,PP,LT,#3,#1,DIESEL_1,0.8732098405139692,3.587170785596956,84.57975125983184,-0.05696600855916742,-0.6049962989317319,-40.244463096003855,0.5241832413012009,,PE,LT,#5,#10,WAX_1,0.9559908949443783,2.884376166030373,84.3689186985751,-0.19768411776225817,0.7630594825076634,-31.43237617276093,0.6274412821970683,,,PVC,HT,#7,-,MeOH_1,0.5352914681855481,2.007440342081226,33.75222870009637,-0.24056584501778844,-0.6208247211463612,-18.028428525075537,0.4658596122565363,291,,,,,,,,,,,,,,,,,,,,,,,,,,,291,,,,,,,,,,,,,,,,,,,,,,,,,,,,,,,,,,,,,,,,,,,,,,,,,,,,,,,,,,,,,,,,,,,,,,,,,,,,,,,,,,,,,,,,,,,,,,,,,,,,,,,,,,,,,,,,,,,,,,,,,,,,,,,,,,,,,,,,,,,,,,,,,,,,,,,,,,,,,,,,
345,PP,LT,#3,#2,DIESEL_1,0.9126198100211576,3.653792269599827,85.92975349983183,-0.0807315137426815,-0.6907103601683161,-41.91637572993371,0.5122018390287161,,PE,LT,#5,#11,WAX_1,0.965180621730281,2.9432430021608535,84.73007050860713,-0.20561457722475465,0.7168871307003233,-31.929307379156313,0.623164395031244,,,PVC,HT,#8,-,DIESEL_1,0.611667135038108,2.190288902687999,36.31719604612837,-0.30177843094223494,-0.7741974104408109,-21.179439673860603,0.41682062549764337,292,,,,,,,,,,,,,,,,,,,,,,,,,,,292,,,,,,,,,,,,,,,,,,,,,,,,,,,,,,,,,,,,,,,,,,,,,,,,,,,,,,,,,,,,,,,,,,,,,,,,,,,,,,,,,,,,,,,,,,,,,,,,,,,,,,,,,,,,,,,,,,,,,,,,,,,,,,,,,,,,,,,,,,,,,,,,,,,,,,,,,,,,,,,,
346,PP,LT,#3,#3,DIESEL_1,0.8593728273843245,3.354119561640933,83.7980155424712,-0.03738401528136578,-0.35423353019329457,-39.201394445146796,0.5321918521414338,,PE,HT,#6,-,Olefin,0.5104642573398296,1.7153921132279382,62.82225975689376,0.17942495043455806,1.7856664237347286,-16.698685046527572,0.7341915889185258,,,PVC,HT,#10,-,MeOH_1,0.6629730476812483,2.7051140144805683,42.84393958009637,-0.3640109949058939,-1.389279258711871,-27.66818035174886,0.3542101724790402,293,,,,,,,,,,,,,,,,,,,,,,,,,,,293,,,,,,,,,,,,,,,,,,,,,,,,,,,,,,,,,,,,,,,,,,,,,,,,,,,,,,,,,,,,,,,,,,,,,,,,,,,,,,,,,,,,,,,,,,,,,,,,,,,,,,,,,,,,,,,,,,,,,,,,,,,,,,,,,,,,,,,,,,,,,,,,,,,,,,,,,,,,,,,,
347,PP,LT,#3,#4,DIESEL_1,0.9217592864020607,3.7844193780940665,87.56334229983185,-0.10401149367625663,-0.8639140602044663,-43.56824619410209,0.5024373779050488,,PE,LT,#1,-,WAX_1,1.057219005546914,2.6533250748343336,71.79682773472,-0.38535222235752686,0.5264884615434098,-26.764254780200478,0.6272223213107556,,,PVC,LT,#1,-,MeOH_1,0.5385003275496392,2.2696365925640265,34.717649749932434,-0.24995838032770296,-0.8760306382911658,-18.549275009861077,0.4657105206294336,294,,,,,,,,,,,,,,,,,,,,,,,,,,,294,,,,,,,,,,,,,,,,,,,,,,,,,,,,,,,,,,,,,,,,,,,,,,,,,,,,,,,,,,,,,,,,,,,,,,,,,,,,,,,,,,,,,,,,,,,,,,,,,,,,,,,,,,,,,,,,,,,,,,,,,,,,,,,,,,,,,,,,,,,,,,,,,,,,,,,,,,,,,,,,
348,PP,LT,#3,#5,DIESEL_1,0.9666708799195389,3.897636744113853,88.56213333983183,-0.12277290336412633,-0.9062146884541449,-43.75596131227045,0.5059292311266997,,PE,LT,#3,-,WAX_1,1.0645496840555067,2.4035375839967816,70.76069178541684,-0.3910841966018883,0.9785481835509807,-23.714383885609955,0.6648650078559961,,,PVC,LT,#2,-,FT_1,0.5919204264000872,2.247266606538354,35.00101265084444,-0.281802256992219,-0.8915482301960811,-19.479171015406703,0.4434683587665642,295,,,,,,,,,,,,,,,,,,,,,,,,,,,295,,,,,,,,,,,,,,,,,,,,,,,,,,,,,,,,,,,,,,,,,,,,,,,,,,,,,,,,,,,,,,,,,,,,,,,,,,,,,,,,,,,,,,,,,,,,,,,,,,,,,,,,,,,,,,,,,,,,,,,,,,,,,,,,,,,,,,,,,,,,,,,,,,,,,,,,,,,,,,,,
349,PP,LT,#3,#6,DIESEL_1,0.7723148357169763,2.835418848487699,77.1982036966482,0.04376057037613976,0.14031176728247285,-33.220281445085426,0.5696754606412198,,PE,LT,#6,-,WAX_1,0.9301506786957654,1.929445444601693,65.05592111454126,-0.30301200998091743,1.2707855064659337,-20.553481685058035,0.6840643967077128,,,PVC,LT,#3,-,GASOLINE_1,0.5425541323260117,1.632418885409301,34.42105558215578,-0.24070580021252796,-0.10597401605138392,-16.873245767882434,0.5097987123721536,296,,,,,,,,,,,,,,,,,,,,,,,,,,,296,,,,,,,,,,,,,,,,,,,,,,,,,,,,,,,,,,,,,,,,,,,,,,,,,,,,,,,,,,,,,,,,,,,,,,,,,,,,,,,,,,,,,,,,,,,,,,,,,,,,,,,,,,,,,,,,,,,,,,,,,,,,,,,,,,,,,,,,,,,,,,,,,,,,,,,,,,,,,,,,
350,PP,LT,#3,#7,DIESEL_1,0.8654954959426141,3.4879055638024066,84.22024619904819,-0.04759832446777594,-0.5067953028690418,-39.83921868226709,0.5269638776867251,,PE,LT,#7,-,WAX_1,1.0827515991339425,2.8547981404318468,74.32052063080768,-0.40862255019787996,0.3506332261134705,-29.072051944250493,0.6088287367002188,,,PVC,LT,#4,-,MeOH_1,0.732259215909181,3.18610147138191,52.57451826481245,-0.4076002324360847,-1.9094750115850907,-34.197572558145424,0.34954092425734157,297,,,,,,,,,,,,,,,,,,,,,,,,,,,297,,,,,,,,,,,,,,,,,,,,,,,,,,,,,,,,,,,,,,,,,,,,,,,,,,,,,,,,,,,,,,,,,,,,,,,,,,,,,,,,,,,,,,,,,,,,,,,,,,,,,,,,,,,,,,,,,,,,,,,,,,,,,,,,,,,,,,,,,,,,,,,,,,,,,,,,,,,,,,,,
351,PP,LT,#3,#8,DIESEL_1,0.9166197081167178,3.5917043989125608,85.64155082508019,-0.09197795775290771,-0.6297665455498209,-41.75677334827234,0.5124239000113501,,PE,LT,#9,-,WAX_1,1.0837980824169366,2.567033575346856,72.94889256938231,-0.41018966137766527,0.8150521922009065,-26.049601345534462,0.6429061439039877,,,PVC,LT,#5,-,FT_1,0.778941645091896,3.51799560127464,52.47419665084444,-0.4014620289031891,-2.068584203977796,-34.08947745394557,0.35035732551044235,298,,,,,,,,,,,,,,,,,,,,,,,,,,,298,,,,,,,,,,,,,,,,,,,,,,,,,,,,,,,,,,,,,,,,,,,,,,,,,,,,,,,,,,,,,,,,,,,,,,,,,,,,,,,,,,,,,,,,,,,,,,,,,,,,,,,,,,,,,,,,,,,,,,,,,,,,,,,,,,,,,,,,,,,,,,,,,,,,,,,,,,,,,,,,
352,PP,LT,#3,#9,DIESEL_1,0.8521499434973182,3.3279866630683013,83.38228390796876,-0.030586746618172213,-0.33125069865355283,-38.796651515809,0.5347134943121742,,PE,OG,#2,-,FT_1,1.0605104240536358,3.3260592030781897,84.60905728,-0.12666291387808187,0.19630995212737917,-46.49129603688072,0.4505163214025032,,,PVC,LT,#7,-,MeOH_1,0.5247327084954713,1.711885564383401,35.581186856525285,-0.21581527846359894,-0.2938413827057834,-19.054430002959787,0.46448020186079414,299,,,,,,,,,,,,,,,,,,,,,,,,,,,299,,,,,,,,,,,,,,,,,,,,,,,,,,,,,,,,,,,,,,,,,,,,,,,,,,,,,,,,,,,,,,,,,,,,,,,,,,,,,,,,,,,,,,,,,,,,,,,,,,,,,,,,,,,,,,,,,,,,,,,,,,,,,,,,,,,,,,,,,,,,,,,,,,,,,,,,,,,,,,,,
353,PP,LT,#3,#10,DIESEL_1,0.9145984816317572,3.75340404610572,87.88951467904822,-0.09384903853390683,-0.8252627358884945,-43.86836290090143,0.5008692099268228,,PE,OG,#3,-,H2_1,0.4615953971739537,2.374676720067861,58.60661462730207,-0.04913826929123559,0.8114759962172265,-26.249954857115558,0.5520991099034248,,,PVC,LT,#8,-,GASOLINE_1,0.6059076550899106,1.8889751583495349,37.80574860255728,-0.2741435359212697,-0.4685286911332118,-22.223548377670465,0.4121648373822387,300,,,,,,,,,,,,,,,,,,,,,,,,,,,300,,,,,,,,,,,,,,,,,,,,,,,,,,,,,,,,,,,,,,,,,,,,,,,,,,,,,,,,,,,,,,,,,,,,,,,,,,,,,,,,,,,,,,,,,,,,,,,,,,,,,,,,,,,,,,,,,,,,,,,,,,,,,,,,,,,,,,,,,,,,,,,,,,,,,,,,,,,,,,,,
354,PP,LT,#3,#11,DIESEL_1,0.9277805213640793,3.7602666451118387,87.4506554790482,-0.10214585051509459,-0.803157932122601,-43.59543362714032,0.5014853417812849,,PE,OG,#6,-,MeOH_1,0.5086432340471723,2.0667906866856,62.394003625920526,-0.04135760527106662,0.5520842992876965,-38.42231199648601,0.38419864468315484,,,PVC,LT,#10,-,MeOH_1,0.6410801415293225,2.451661112183481,45.53482013652529,-0.3263850148039576,-1.1528265947515401,-29.703363857686416,0.34767802379304524,301,,,,,,,,,,,,,,,,,,,,,,,,,,,301,,,,,,,,,,,,,,,,,,,,,,,,,,,,,,,,,,,,,,,,,,,,,,,,,,,,,,,,,,,,,,,,,,,,,,,,,,,,,,,,,,,,,,,,,,,,,,,,,,,,,,,,,,,,,,,,,,,,,,,,,,,,,,,,,,,,,,,,,,,,,,,,,,,,,,,,,,,,,,,,
355,PP,LT,#4,#1,DIESEL_1,0.9315040527209738,3.837073162547333,86.97366165983183,-0.08601316975704834,-0.7925827003252205,-43.857770049564635,0.49573503963648763,,PE,OG,#7,-,FT_1,0.8458116112840138,2.563732206032202,74.56901162592052,-0.1268067336715329,0.6302429120353695,-46.089293590836476,0.38192430627824453,,,PVC,LT,#11,-,GASOLINE_1,0.7029665682051581,2.82340697999293,47.54268988255729,-0.3696412800948068,-1.410567555154624,-32.08496810358123,0.32513351299980325,302,,,,,,,,,,,,,,,,,,,,,,,,,,,302,,,,,,,,,,,,,,,,,,,,,,,,,,,,,,,,,,,,,,,,,,,,,,,,,,,,,,,,,,,,,,,,,,,,,,,,,,,,,,,,,,,,,,,,,,,,,,,,,,,,,,,,,,,,,,,,,,,,,,,,,,,,,,,,,,,,,,,,,,,,,,,,,,,,,,,,,,,,,,,,
356,PP,LT,#4,#2,DIESEL_1,0.970914022228162,3.9036946465502043,88.32366389983184,-0.10977867494056241,-0.8782967615618047,-45.5296826834945,0.48451320208896836,,PE,OG,#8,-,H2_1,0.4988567531298412,2.5749983279894613,64.44052435839897,-0.06975497211598736,0.6625168169771197,-32.70920089252027,0.49241255842982506,,,PVC,SG,#1,-,MeOH_1,0.38488215376552143,1.8806268638335246,31.44165865493168,-0.08045803001777721,-0.5731524927330786,-14.569915477300356,0.536604743496411,303,,,,,,,,,,,,,,,,,,,,,,,,,,,303,,,,,,,,,,,,,,,,,,,,,,,,,,,,,,,,,,,,,,,,,,,,,,,,,,,,,,,,,,,,,,,,,,,,,,,,,,,,,,,,,,,,,,,,,,,,,,,,,,,,,,,,,,,,,,,,,,,,,,,,,,,,,,,,,,,,,,,,,,,,,,,,,,,,,,,,,,,,,,,,
357,PP,LT,#4,#3,DIESEL_1,0.9176670395913278,3.604021938591311,86.19192594247122,-0.0664311764792454,-0.5418199315867832,-42.81470139870759,0.5032632009257543,,PE,HG,#1,-,DIESEL_1,0.4535699771023228,2.1025817352196463,77.535172,0.18338472710789808,0.8214300090115807,-39.33470097428246,0.4926857068907713,,,PVC,SG,#2,-,FT_1,0.48977312476549156,2.1451503750468333,32.15640649493168,-0.07502337192896519,-0.5381051955599024,-15.806766711648681,0.5084411339886482,304,,,,,,,,,,,,,,,,,,,,,,,,,,,304,,,,,,,,,,,,,,,,,,,,,,,,,,,,,,,,,,,,,,,,,,,,,,,,,,,,,,,,,,,,,,,,,,,,,,,,,,,,,,,,,,,,,,,,,,,,,,,,,,,,,,,,,,,,,,,,,,,,,,,,,,,,,,,,,,,,,,,,,,,,,,,,,,,,,,,,,,,,,,,,
358,PP,LT,#4,#4,DIESEL_1,0.9800534986090634,4.034321755044443,89.95725269983183,-0.13305865487413598,-1.0515004615979548,-47.18155314766286,0.47551140423221194,,PE,HG,#2,-,DIESEL_1,0.5151418883979704,2.4946183111458127,80.32142112,0.14290147302251846,0.506722756590744,-42.73940753718327,0.4678952769855665,,,PVC,SG,#3,-,H2_1,0.38030742977263754,2.216968181138067,33.54006506455463,-0.08874393541658125,-0.3744079390301937,-11.632369735668638,0.6531798697086666,305,,,,,,,,,,,,,,,,,,,,,,,,,,,305,,,,,,,,,,,,,,,,,,,,,,,,,,,,,,,,,,,,,,,,,,,,,,,,,,,,,,,,,,,,,,,,,,,,,,,,,,,,,,,,,,,,,,,,,,,,,,,,,,,,,,,,,,,,,,,,,,,,,,,,,,,,,,,,,,,,,,,,,,,,,,,,,,,,,,,,,,,,,,,,
359,PP,LT,#4,#5,DIESEL_1,1.0249650921265416,4.147539121064232,90.95604373983184,-0.15182006456200556,-1.0938010898476347,-47.369268265831245,0.47920702882235083,,PE,HG,#3,-,DIESEL_1,0.4627306792480138,2.0040515214828476,76.4637355428969,0.16863715953247513,1.1037105116025876,-36.99673791531556,0.5161531456364693,,,PVC,SG,#4,-,MeOH_1,0.575666433911791,3.844835972933493,52.363769054931666,-0.2701233876315259,-2.557844540377194,-35.00003728426775,0.3315982039499234,306,,,,,,,,,,,,,,,,,,,,,,,,,,,306,,,,,,,,,,,,,,,,,,,,,,,,,,,,,,,,,,,,,,,,,,,,,,,,,,,,,,,,,,,,,,,,,,,,,,,,,,,,,,,,,,,,,,,,,,,,,,,,,,,,,,,,,,,,,,,,,,,,,,,,,,,,,,,,,,,,,,,,,,,,,,,,,,,,,,,,,,,,,,,,
360,PP,LT,#4,#6,DIESEL_1,0.830609047923979,3.0853212254380775,79.5921140966482,0.014713409178260549,-0.04727463411101669,-36.8335883986462,0.5372206302508888,,,,,,,,,,,,,,,,PVC,SG,#5,-,FT_1,0.6796791063492549,4.131610273211943,53.27796265493168,-0.26561764793167675,-2.5277639649355628,-37.05218054218253,0.30454959807377696,307,,,,,,,,,,,,,,,,,,,,,,,,,,,307,,,,,,,,,,,,,,,,,,,,,,,,,,,,,,,,,,,,,,,,,,,,,,,,,,,,,,,,,,,,,,,,,,,,,,,,,,,,,,,,,,,,,,,,,,,,,,,,,,,,,,,,,,,,,,,,,,,,,,,,,,,,,,,,,,,,,,,,,,,,,,,,,,,,,,,,,,,,,,,,
361,PP,LT,#4,#7,DIESEL_1,0.9237897081496167,3.737807940752785,86.6141565990482,-0.07664548566565514,-0.6943817042625317,-43.45252563582787,0.49832074406754234,,,,,,,,,,,,,,,,PVC,SG,#6,-,MeOH_1,0.3968466629551015,1.8249573411986366,34.98731006139432,-0.06750844858126819,-0.5146891835432288,-17.799675226034104,0.49125339459364115,308,,,,,,,,,,,,,,,,,,,,,,,,,,,308,,,,,,,,,,,,,,,,,,,,,,,,,,,,,,,,,,,,,,,,,,,,,,,,,,,,,,,,,,,,,,,,,,,,,,,,,,,,,,,,,,,,,,,,,,,,,,,,,,,,,,,,,,,,,,,,,,,,,,,,,,,,,,,,,,,,,,,,,,,,,,,,,,,,,,,,,,,,,,,,
362,PP,LT,#4,#8,DIESEL_1,0.9749139203237207,3.8416067758629393,88.03546122508018,-0.12102511895078706,-0.8173529469433108,-45.370080301833134,0.4846385800622378,,,,,,,,,,,,,,,,PVC,SG,#7,-,FT_1,0.5053346843246997,2.376028746652511,37.35357420742632,-0.11221718569839582,-0.7704335604624438,-21.30138282455321,0.4297364234473108,309,,,,,,,,,,,,,,,,,,,,,,,,,,,309,,,,,,,,,,,,,,,,,,,,,,,,,,,,,,,,,,,,,,,,,,,,,,,,,,,,,,,,,,,,,,,,,,,,,,,,,,,,,,,,,,,,,,,,,,,,,,,,,,,,,,,,,,,,,,,,,,,,,,,,,,,,,,,,,,,,,,,,,,,,,,,,,,,,,,,,,,,,,,,,
363,PP,LT,#4,#9,DIESEL_1,0.9104441557043228,3.5778890400186794,85.77619430796875,-0.059633907816053267,-0.5188371000470424,-42.40995846936979,0.5055742585512465,,,,,,,,,,,,,,,,PVC,SG,#8,-,H2_1,0.4132938502716769,2.510215620857096,38.894403423204714,-0.11082355424183177,-0.6556108323476505,-17.207769291792022,0.5575772404950752,310,,,,,,,,,,,,,,,,,,,,,,,,,,,310,,,,,,,,,,,,,,,,,,,,,,,,,,,,,,,,,,,,,,,,,,,,,,,,,,,,,,,,,,,,,,,,,,,,,,,,,,,,,,,,,,,,,,,,,,,,,,,,,,,,,,,,,,,,,,,,,,,,,,,,,,,,,,,,,,,,,,,,,,,,,,,,,,,,,,,,,,,,,,,,
364,PP,LT,#4,#10,DIESEL_1,0.9728926938387616,4.003306423056097,90.2834250790482,-0.12289619973178759,-1.0128491372819826,-47.481669854462204,0.47408209410653906,,,,,,,,,,,,,,,,PVC,SG,#9,-,MeOH_1,0.5707788692464404,3.893391146028051,56.79891774139432,-0.2414396539456879,-2.5831167726883684,-39.61148082195839,0.3026014861355351,311,,,,,,,,,,,,,,,,,,,,,,,,,,,311,,,,,,,,,,,,,,,,,,,,,,,,,,,,,,,,,,,,,,,,,,,,,,,,,,,,,,,,,,,,,,,,,,,,,,,,,,,,,,,,,,,,,,,,,,,,,,,,,,,,,,,,,,,,,,,,,,,,,,,,,,,,,,,,,,,,,,,,,,,,,,,,,,,,,,,,,,,,,,,,
365,PP,LT,#4,#11,DIESEL_1,0.9860747335710819,4.0101690220622155,89.84456587904818,-0.13119301171297365,-0.990744333516089,-47.2087405807011,0.47455096344663616,,,,,,,,,,,,,,,,PVC,SG,#10,-,FT_1,0.6762803096642177,4.466610182465974,59.29079740742632,-0.28276538933061346,-2.8586838187754644,-43.15673937537166,0.27211740670625284,312,,,,,,,,,,,,,,,,,,,,,,,,,,,312,,,,,,,,,,,,,,,,,,,,,,,,,,,,,,,,,,,,,,,,,,,,,,,,,,,,,,,,,,,,,,,,,,,,,,,,,,,,,,,,,,,,,,,,,,,,,,,,,,,,,,,,,,,,,,,,,,,,,,,,,,,,,,,,,,,,,,,,,,,,,,,,,,,,,,,,,,,,,,,,
366,PP,LT,#5,#1,DIESEL_1,0.8833245687728998,3.426773356694478,83.73211035594916,-0.07185496325406276,-0.22755710340696395,-37.80093109495407,0.5485491654962412,,,,,,,,,,,,,,,,PVC,OG,#1,-,MeOH_1,0.32380786764962066,1.3813738714383186,18.613416900078747,-0.2136944778431973,-0.29427960097751454,-9.812836662839304,0.47280842010271684,313,,,,,,,,,,,,,,,,,,,,,,,,,,,313,,,,,,,,,,,,,,,,,,,,,,,,,,,,,,,,,,,,,,,,,,,,,,,,,,,,,,,,,,,,,,,,,,,,,,,,,,,,,,,,,,,,,,,,,,,,,,,,,,,,,,,,,,,,,,,,,,,,,,,,,,,,,,,,,,,,,,,,,,,,,,,,,,,,,,,,,,,,,,,,
367,PP,LT,#5,#2,DIESEL_1,0.9227345382800884,3.493394840697348,85.08211259594916,-0.09562046843757713,-0.31327116464354726,-39.47284372888392,0.536061781677442,,,,,,,,,,,,,,,,PVC,OG,#4,-,MeOH_1,0.4526652032566063,2.497964676258821,30.88100922007874,-0.35136732664548437,-1.4194598698150867,-22.459128250573503,0.27272039296012907,314,,,,,,,,,,,,,,,,,,,,,,,,,,,314,,,,,,,,,,,,,,,,,,,,,,,,,,,,,,,,,,,,,,,,,,,,,,,,,,,,,,,,,,,,,,,,,,,,,,,,,,,,,,,,,,,,,,,,,,,,,,,,,,,,,,,,,,,,,,,,,,,,,,,,,,,,,,,,,,,,,,,,,,,,,,,,,,,,,,,,,,,,,,,,
368,PP,LT,#5,#3,DIESEL_1,0.8694875556432538,3.1937221327384537,82.95037463858853,-0.05227296997626013,0.02320566533147484,-36.75786244409702,0.5568692413476183,,,,,,,,,,,,,,,,PVC,OG,#9,-,MeOH_1,0.4139384462291767,2.0722990206266125,30.72029341611398,-0.2699151629068,-0.9714624119765926,-23.075833293714062,0.24884072618883593,315,,,,,,,,,,,,,,,,,,,,,,,,,,,315,,,,,,,,,,,,,,,,,,,,,,,,,,,,,,,,,,,,,,,,,,,,,,,,,,,,,,,,,,,,,,,,,,,,,,,,,,,,,,,,,,,,,,,,,,,,,,,,,,,,,,,,,,,,,,,,,,,,,,,,,,,,,,,,,,,,,,,,,,,,,,,,,,,,,,,,,,,,,,,,
369,PP,LT,#5,#4,DIESEL_1,0.9318740146609901,3.6240219491915884,86.71570139594915,-0.11890044837115098,-0.48647486467969836,-41.1247141930523,0.5257523893478719,,,,,,,,,,,,,,,,PVC,OG,#10,-,FT_1,0.6220830654711914,2.3124186033872736,42.04710498411397,-0.3188276330260233,-0.8467486557081384,-29.749021809776455,0.2924834701219959,316,,,,,,,,,,,,,,,,,,,,,,,,,,,316,,,,,,,,,,,,,,,,,,,,,,,,,,,,,,,,,,,,,,,,,,,,,,,,,,,,,,,,,,,,,,,,,,,,,,,,,,,,,,,,,,,,,,,,,,,,,,,,,,,,,,,,,,,,,,,,,,,,,,,,,,,,,,,,,,,,,,,,,,,,,,,,,,,,,,,,,,,,,,,,
370,PP,LT,#5,#5,DIESEL_1,0.9767856081784697,3.7372393152113736,87.71449243594917,-0.13766185805902226,-0.5287754929293754,-41.312429311220676,0.5290125022226194,,,,,,,,,,,,,,,,PS,HT,#6,-,MeOH_1,1.071516113769622,4.3787941115299915,97.0778404825701,-0.2554512531323557,-1.102727133336735,-52.33070824607806,0.46094074625121256,317,,,,,,,,,,,,,,,,,,,,,,,,,,,317,,,,,,,,,,,,,,,,,,,,,,,,,,,,,,,,,,,,,,,,,,,,,,,,,,,,,,,,,,,,,,,,,,,,,,,,,,,,,,,,,,,,,,,,,,,,,,,,,,,,,,,,,,,,,,,,,,,,,,,,,,,,,,,,,,,,,,,,,,,,,,,,,,,,,,,,,,,,,,,,
371,PP,LT,#5,#6,DIESEL_1,0.7824295639759058,2.67502141958522,76.3505627927655,0.028871615681245546,0.517750962807242,-30.776749444035605,0.5969021272630118,,,,,,,,,,,,,,,,PS,HT,#7,-,GASOLINE_1,1.1547462988672383,5.030281051811022,100.72848894860215,-0.3044027900598344,-1.5488956265024898,-56.5409450879546,0.43867970543263823,318,,,,,,,,,,,,,,,,,,,,,,,,,,,318,,,,,,,,,,,,,,,,,,,,,,,,,,,,,,,,,,,,,,,,,,,,,,,,,,,,,,,,,,,,,,,,,,,,,,,,,,,,,,,,,,,,,,,,,,,,,,,,,,,,,,,,,,,,,,,,,,,,,,,,,,,,,,,,,,,,,,,,,,,,,,,,,,,,,,,,,,,,,,,,
372,PP,LT,#5,#7,DIESEL_1,0.8756102242015443,3.3275081348999276,83.3726052951655,-0.062487279162671286,-0.12935610734427244,-37.39568668121728,0.5514631388952681,,,,,,,,,,,,,,,,PS,LT,#6,-,MeOH_1,1.0993241795055604,4.409362332386946,98.21219735407153,-0.23234058545652259,-1.10296182573769,-51.1227435670689,0.47946645178131203,319,,,,,,,,,,,,,,,,,,,,,,,,,,,319,,,,,,,,,,,,,,,,,,,,,,,,,,,,,,,,,,,,,,,,,,,,,,,,,,,,,,,,,,,,,,,,,,,,,,,,,,,,,,,,,,,,,,,,,,,,,,,,,,,,,,,,,,,,,,,,,,,,,,,,,,,,,,,,,,,,,,,,,,,,,,,,,,,,,,,,,,,,,,,,
373,PP,LT,#5,#8,DIESEL_1,0.9267344363756473,3.4313069700100822,84.7939099211975,-0.1068669124478022,-0.2523273500250524,-39.31324134722255,0.5363671591066154,,,,,,,,,,,,,,,,PS,LT,#7,-,GASOLINE_1,1.1837572377365486,5.074106606103976,101.90351126010357,-0.28421292798416314,-1.5653501207885119,-55.464197343200915,0.4557184864647956,320,,,,,,,,,,,,,,,,,,,,,,,,,,,320,,,,,,,,,,,,,,,,,,,,,,,,,,,,,,,,,,,,,,,,,,,,,,,,,,,,,,,,,,,,,,,,,,,,,,,,,,,,,,,,,,,,,,,,,,,,,,,,,,,,,,,,,,,,,,,,,,,,,,,,,,,,,,,,,,,,,,,,,,,,,,,,,,,,,,,,,,,,,,,,
374,PP,LT,#5,#9,DIESEL_1,0.8622646717562492,3.1675892341658223,82.53464300408606,-0.04547570131306798,0.046188496871216,-36.35311951475922,0.5595410824887257,,,,,,,,,,,,,,,,PS,SG,#1,-,MeOH_1,0.5227511086477168,3.9537013765976323,77.71176083732654,0.15506972034554523,-0.7744345658941916,-39.94397799321374,0.485998289540393,321,,,,,,,,,,,,,,,,,,,,,,,,,,,321,,,,,,,,,,,,,,,,,,,,,,,,,,,,,,,,,,,,,,,,,,,,,,,,,,,,,,,,,,,,,,,,,,,,,,,,,,,,,,,,,,,,,,,,,,,,,,,,,,,,,,,,,,,,,,,,,,,,,,,,,,,,,,,,,,,,,,,,,,,,,,,,,,,,,,,,,,,,,,,,
375,PP,LT,#5,#10,DIESEL_1,0.924713209890688,3.5930066172032404,87.04187377516548,-0.1087379932288023,-0.4478235403637251,-41.42483089985161,0.5240815816206521,,,,,,,,,,,,,,,,PS,SG,#2,-,FT_1,0.6871658823333204,4.588528613569978,79.88735443732654,0.22292828706899456,-0.7878748532393077,-43.956516391127984,0.4497687812955068,322,,,,,,,,,,,,,,,,,,,,,,,,,,,322,,,,,,,,,,,,,,,,,,,,,,,,,,,,,,,,,,,,,,,,,,,,,,,,,,,,,,,,,,,,,,,,,,,,,,,,,,,,,,,,,,,,,,,,,,,,,,,,,,,,,,,,,,,,,,,,,,,,,,,,,,,,,,,,,,,,,,,,,,,,,,,,,,,,,,,,,,,,,,,,
376,PP,LT,#5,#11,DIESEL_1,0.9378952496230085,3.5998692162093584,86.60301457516552,-0.1170348052099888,-0.42571873659783066,-41.15190162609053,0.5248213722355648,,,,,,,,,,,,,,,,PS,SG,#3,-,H2_1,0.4549562351791501,4.585222893016057,71.82709538062574,0.10740631279142833,-0.4999194784494999,-24.148143899987684,0.6638017481839968,323,,,,,,,,,,,,,,,,,,,,,,,,,,,323,,,,,,,,,,,,,,,,,,,,,,,,,,,,,,,,,,,,,,,,,,,,,,,,,,,,,,,,,,,,,,,,,,,,,,,,,,,,,,,,,,,,,,,,,,,,,,,,,,,,,,,,,,,,,,,,,,,,,,,,,,,,,,,,,,,,,,,,,,,,,,,,,,,,,,,,,,,,,,,,
377,PP,LT,#6,#1,MeOH_1,1.0116912139199903,4.652332204956178,97.9348507798318,-0.19057507571593774,-1.7753833700720778,-54.451484156778825,0.4440029905269201,,,,,,,,,,,,,,,,PS,SG,#4,-,MeOH_1,0.8778932016071985,8.309803115160461,124.35406643732652,-0.2092821302893884,-5.197645664008486,-87.66231173826544,0.2950587443600282,324,,,,,,,,,,,,,,,,,,,,,,,,,,,324,,,,,,,,,,,,,,,,,,,,,,,,,,,,,,,,,,,,,,,,,,,,,,,,,,,,,,,,,,,,,,,,,,,,,,,,,,,,,,,,,,,,,,,,,,,,,,,,,,,,,,,,,,,,,,,,,,,,,,,,,,,,,,,,,,,,,,,,,,,,,,,,,,,,,,,,,,,,,,,,
378,PP,LT,#6,#2,DIESEL_1,1.0511011834271786,4.718953688959049,99.28485301983183,-0.21434058089945196,-1.8610974313086626,-56.12339679070868,0.4347234740882558,,,,,,,,,,,,,,,,PS,SG,#5,-,FT_1,1.0312341265302658,8.945633786063095,126.24064627732655,-0.12302093692928465,-5.152720595223425,-90.63309356053682,0.28206091910022985,325,,,,,,,,,,,,,,,,,,,,,,,,,,,325,,,,,,,,,,,,,,,,,,,,,,,,,,,,,,,,,,,,,,,,,,,,,,,,,,,,,,,,,,,,,,,,,,,,,,,,,,,,,,,,,,,,,,,,,,,,,,,,,,,,,,,,,,,,,,,,,,,,,,,,,,,,,,,,,,,,,,,,,,,,,,,,,,,,,,,,,,,,,,,,
379,PP,LT,#6,#3,DIESEL_1,0.9978542007903458,4.4192809810001545,97.1531150624712,-0.17099308243813624,-1.5246206013336399,-53.40841550592177,0.45026553732652635,,,,,,,,,,,,,,,,PS,SG,#6,-,MeOH_1,0.5331672709892439,3.712023133929189,80.9172939450494,0.17912942861732192,-0.4592289406348875,-42.728847945682034,0.47194418074955613,326,,,,,,,,,,,,,,,,,,,,,,,,,,,326,,,,,,,,,,,,,,,,,,,,,,,,,,,,,,,,,,,,,,,,,,,,,,,,,,,,,,,,,,,,,,,,,,,,,,,,,,,,,,,,,,,,,,,,,,,,,,,,,,,,,,,,,,,,,,,,,,,,,,,,,,,,,,,,,,,,,,,,,,,,,,,,,,,,,,,,,,,,,,,,
380,PP,LT,#6,#4,MeOH_1,1.0602406598080818,4.849580797453288,100.91844181983184,-0.23762056083302724,-2.034301131344812,-57.775267254877065,0.4275053576627514,,,,,,,,,,,,,,,,PS,SG,#7,-,FT_1,0.7034742274729402,4.806818489557282,85.51616561108138,0.14539432007175107,-1.01019243081095,-50.10482166644425,0.4140894729270748,327,,,,,,,,,,,,,,,,,,,,,,,,,,,327,,,,,,,,,,,,,,,,,,,,,,,,,,,,,,,,,,,,,,,,,,,,,,,,,,,,,,,,,,,,,,,,,,,,,,,,,,,,,,,,,,,,,,,,,,,,,,,,,,,,,,,,,,,,,,,,,,,,,,,,,,,,,,,,,,,,,,,,,,,,,,,,,,,,,,,,,,,,,,,,
381,PP,LT,#6,#5,DIESEL_1,1.1051522533255598,4.962798163473075,101.91723285983181,-0.2563819705208967,-2.0766017595944914,-57.962982373045406,0.43127397843735904,,,,,,,,,,,,,,,,PS,SG,#8,-,H2_1,0.5406365394976652,5.283546527601112,87.63362804431141,0.06954388896234753,-1.0569942778908483,-40.120411087306316,0.5421801883288493,328,,,,,,,,,,,,,,,,,,,,,,,,,,,328,,,,,,,,,,,,,,,,,,,,,,,,,,,,,,,,,,,,,,,,,,,,,,,,,,,,,,,,,,,,,,,,,,,,,,,,,,,,,,,,,,,,,,,,,,,,,,,,,,,,,,,,,,,,,,,,,,,,,,,,,,,,,,,,,,,,,,,,,,,,,,,,,,,,,,,,,,,,,,,,
382,PP,LT,#6,#6,DIESEL_1,0.9107962091229974,3.9005802678469217,90.5533032166482,-0.08984849678063042,-1.0300753038578734,-47.427302505860396,0.4762498901625833,,,,,,,,,,,,,,,,PS,SG,#9,-,MeOH_1,0.9836848034210356,8.212263957310592,129.13418034504937,-0.2692802792529933,-5.0357257698652935,-90.89495055736208,0.2961201262555835,,,,,,,,,,,,,,,,,,,,,,,,,,,,329,,,,,,,,,,,,,,,,,,,,,,,,,,,,,,,,,,,,,,,,,,,,,,,,,,,,,,,,,,,,,,,,,,,,,,,,,,,,,,,,,,,,,,,,,,,,,,,,,,,,,,,,,,,,,,,,,,,,,,,,,,,,,,,,,,,,,,,,,,,,,,,,,,,,,,,,,,,,,,,,
383,PP,LT,#6,#7,MeOH_1,1.0039768693486348,4.55306698316163,97.5753457190482,-0.18120739162454597,-1.6771823740093883,-54.04623974304206,0.4461076274465978,,,,,,,,,,,,,,,,PS,SG,#10,-,FT_1,1.1612025469297456,9.438827874812649,134.2241435450494,-0.31352411843508277,-5.642842798978654,-98.97052191872199,0.2626473948369453,,,,,,,,,,,,,,,,,,,,,,,,,,,,330,,,,,,,,,,,,,,,,,,,,,,,,,,,,,,,,,,,,,,,,,,,,,,,,,,,,,,,,,,,,,,,,,,,,,,,,,,,,,,,,,,,,,,,,,,,,,,,,,,,,,,,,,,,,,,,,,,,,,,,,,,,,,,,,,,,,,,,,,,,,,,,,,,,,,,,,,,,,,,,,
384,PP,LT,#6,#8,DIESEL_1,1.055101081522739,4.656865818271784,98.99665034508018,-0.22558702490967816,-1.8001536166901686,-55.96379440904731,0.4346900201777531,,,,,,,,,,,,,,,,PS,OG,#1,-,MeOH_1,0.4584411453144256,3.3704936177671696,53.7473936,-0.20119922316525649,-0.6966136806557116,-32.05402499906742,0.4036171272300092,,,,,,,,,,,,,,,,,,,,,,,,,,,,331,,,,,,,,,,,,,,,,,,,,,,,,,,,,,,,,,,,,,,,,,,,,,,,,,,,,,,,,,,,,,,,,,,,,,,,,,,,,,,,,,,,,,,,,,,,,,,,,,,,,,,,,,,,,,,,,,,,,,,,,,,,,,,,,,,,,,,,,,,,,,,,,,,,,,,,,,,,,,,,,
385,PP,LT,#6,#9,DIESEL_1,0.9906313169033393,4.3931480824275235,96.73738342796875,-0.16419581377494252,-1.5016377697938998,-53.00367257658399,0.452086973015444,,,,,,,,,,,,,,,,PS,OG,#2,-,FT_1,1.2767404082967235,4.428217526029058,101.6191344,-0.25449494333422024,-0.3190232340643826,-58.62106916934807,0.4231296151510215,,,,,,,,,,,,,,,,,,,,,,,,,,,,332,,,,,,,,,,,,,,,,,,,,,,,,,,,,,,,,,,,,,,,,,,,,,,,,,,,,,,,,,,,,,,,,,,,,,,,,,,,,,,,,,,,,,,,,,,,,,,,,,,,,,,,,,,,,,,,,,,,,,,,,,,,,,,,,,,,,,,,,,,,,,,,,,,,,,,,,,,,,,,,,
386,PP,LT,#6,#10,MeOH_1,1.0530798550377782,4.818565465464942,101.24461419904823,-0.227458105690677,-1.9956498070288404,-58.07538396167642,0.426385448538532,,,,,,,,,,,,,,,,PS,OG,#5,-,FT_1,1.3643077900998866,6.577741460424254,119.83336784,-0.37184066870706045,-2.6532020106367327,-80.40095214618574,0.3290603978222821,,,,,,,,,,,,,,,,,,,,,,,,,,,,333,,,,,,,,,,,,,,,,,,,,,,,,,,,,,,,,,,,,,,,,,,,,,,,,,,,,,,,,,,,,,,,,,,,,,,,,,,,,,,,,,,,,,,,,,,,,,,,,,,,,,,,,,,,,,,,,,,,,,,,,,,,,,,,,,,,,,,,,,,,,,,,,,,,,,,,,,,,,,,,,
387,PP,LT,#6,#11,DIESEL_1,1.0662618947701001,4.825428064471061,100.80575499904819,-0.23575491767186477,-1.973545003262947,-57.80245468791529,0.426595687037302,,,,,,,,,,,,,,,,PS,OG,#9,-,MeOH_1,0.6217878402335794,4.244468230175231,81.16730619555753,-0.2523744824235743,-1.5161137485765341,-60.68976100627053,0.25228809663770485,,,,,,,,,,,,,,,,,,,,,,,,,,,,334,,,,,,,,,,,,,,,,,,,,,,,,,,,,,,,,,,,,,,,,,,,,,,,,,,,,,,,,,,,,,,,,,,,,,,,,,,,,,,,,,,,,,,,,,,,,,,,,,,,,,,,,,,,,,,,,,,,,,,,,,,,,,,,,,,,,,,,,,,,,,,,,,,,,,,,,,,,,,,,,
388,PP,LT,#7,#1,DIESEL_1,1.0809871622005287,5.1828924616746805,100.87052741983184,-0.2345247888705957,-2.143710748278427,-57.95472849476574,0.4254542929714925,,,,,,,,,,,,,,,,PS,OG,#10,-,FT_1,0.8838494415077066,4.736842451604328,94.07406475555754,-0.20060426000294695,-1.3524594303433433,-69.41313137620726,0.2621438059833957,,,,,,,,,,,,,,,,,,,,,,,,,,,,335,,,,,,,,,,,,,,,,,,,,,,,,,,,,,,,,,,,,,,,,,,,,,,,,,,,,,,,,,,,,,,,,,,,,,,,,,,,,,,,,,,,,,,,,,,,,,,,,,,,,,,,,,,,,,,,,,,,,,,,,,,,,,,,,,,,,,,,,,,,,,,,,,,,,,,,,,,,,,,,,
389,PP,LT,#7,#2,DIESEL_1,1.1203971317077173,5.249513945677552,102.22052965983185,-0.2582902940541102,-2.229424809515012,-59.626641128695596,0.41668624368196533,,,,,,,,,,,,,,,,PE,HT,#1,#4,MeOH_1,0.8692407844567227,5.215596496051023,104.9146562657853,-0.02448661393338412,-2.2236388115127803,-58.14104443216192,0.4458253355482532,,,,,,,,,,,,,,,,,,,,,,,,,,,,336,,,,,,,,,,,,,,,,,,,,,,,,,,,,,,,,,,,,,,,,,,,,,,,,,,,,,,,,,,,,,,,,,,,,,,,,,,,,,,,,,,,,,,,,,,,,,,,,,,,,,,,,,,,,,,,,,,,,,,,,,,,,,,,,,,,,,,,,,,,,,,,,,,,,,,,,,,,,,,,,
390,PP,LT,#7,#3,DIESEL_1,1.0671501490708846,4.949841237718658,100.08879170247118,-0.21494279559279492,-1.8929479795399908,-56.911659843908666,0.43138828158614373,,,,,,,,,,,,,,,,PE,HT,#1,#5,FT_1,1.0130950956410172,6.3945420754465845,112.05916633181731,-0.0797758371309773,-2.9591119376071275,-66.55132633981287,0.406105466261025,,,,,,,,,,,,,,,,,,,,,,,,,,,,337,,,,,,,,,,,,,,,,,,,,,,,,,,,,,,,,,,,,,,,,,,,,,,,,,,,,,,,,,,,,,,,,,,,,,,,,,,,,,,,,,,,,,,,,,,,,,,,,,,,,,,,,,,,,,,,,,,,,,,,,,,,,,,,,,,,,,,,,,,,,,,,,,,,,,,,,,,,,,,,,
391,PP,LT,#7,#4,DIESEL_1,1.1295366080886202,5.380141054171791,103.85411845983185,-0.2815702739876853,-2.4026285095511626,-61.27851159286397,0.4099558832944603,,,,,,,,,,,,,,,,PE,HT,#1,#8,FT_1,0.7248277943003746,3.523332812530191,83.18128022589968,0.2010618355524697,-0.09165101005581826,-37.45054653427969,0.5497719386793121,,,,,,,,,,,,,,,,,,,,,,,,,,,,338,,,,,,,,,,,,,,,,,,,,,,,,,,,,,,,,,,,,,,,,,,,,,,,,,,,,,,,,,,,,,,,,,,,,,,,,,,,,,,,,,,,,,,,,,,,,,,,,,,,,,,,,,,,,,,,,,,,,,,,,,,,,,,,,,,,,,,,,,,,,,,,,,,,,,,,,,,,,,,,,
392,PP,LT,#7,#5,DIESEL_1,1.174448201606098,5.493358420191577,104.85290949983185,-0.30033168367555446,-2.4449291378008406,-61.46622671103234,0.4137861600194231,,,,,,,,,,,,,,,,PE,HT,#1,#10,MeOH_1,0.91481009854824,5.561507757584168,109.36027095986766,-0.0676850143644556,-2.561957818892543,-62.614547886003436,0.42744703047616517,,,,,,,,,,,,,,,,,,,,,,,,,,,,339,,,,,,,,,,,,,,,,,,,,,,,,,,,,,,,,,,,,,,,,,,,,,,,,,,,,,,,,,,,,,,,,,,,,,,,,,,,,,,,,,,,,,,,,,,,,,,,,,,,,,,,,,,,,,,,,,,,,,,,,,,,,,,,,,,,,,,,,,,,,,,,,,,,,,,,,,,,,,,,,
393,PP,LT,#7,#6,DIESEL_1,0.9800921574035357,4.431140524565424,93.48897985664817,-0.13379820993528868,-1.398402682064223,-50.930546843847274,0.45522406039790037,,,,,,,,,,,,,,,,PE,HT,#1,#11,FT_1,1.0626621232852527,6.768610375503572,116.27753462589968,-0.13633491082287477,-3.341639135821588,-71.03151940552367,0.38912086815347663,,,,,,,,,,,,,,,,,,,,,,,,,,,,340,,,,,,,,,,,,,,,,,,,,,,,,,,,,,,,,,,,,,,,,,,,,,,,,,,,,,,,,,,,,,,,,,,,,,,,,,,,,,,,,,,,,,,,,,,,,,,,,,,,,,,,,,,,,,,,,,,,,,,,,,,,,,,,,,,,,,,,,,,,,,,,,,,,,,,,,,,,,,,,,
394,PP,LT,#7,#7,DIESEL_1,1.0732728176291735,5.083627239880132,100.5110223590482,-0.2251571047792045,-2.0455097522157373,-57.549484081028965,0.4274311142170145,,,,,,,,,,,,,,,,PE,HT,#2,#2,FT_1,0.7956794426675354,3.8714329709829354,86.17668773037731,0.1168624031493718,-0.2907981681864306,-40.08566855579457,0.5348432434394393,,,,,,,,,,,,,,,,,,,,,,,,,,,,341,,,,,,,,,,,,,,,,,,,,,,,,,,,,,,,,,,,,,,,,,,,,,,,,,,,,,,,,,,,,,,,,,,,,,,,,,,,,,,,,,,,,,,,,,,,,,,,,,,,,,,,,,,,,,,,,,,,,,,,,,,,,,,,,,,,,,,,,,,,,,,,,,,,,,,,,,,,,,,,,
395,PP,LT,#7,#8,DIESEL_1,1.1243970298032773,5.187426074990287,101.93232698508021,-0.26953673806433615,-2.168480994896518,-59.467038747034245,0.41660275492642873,,,,,,,,,,,,,,,,PE,HT,#2,#4,MeOH_1,0.9648829391512114,5.667521842395636,109.3403792643453,-0.14015790518118137,-2.5336606981742147,-62.32922116106495,0.4299523965398405,,,,,,,,,,,,,,,,,,,,,,,,,,,,342,,,,,,,,,,,,,,,,,,,,,,,,,,,,,,,,,,,,,,,,,,,,,,,,,,,,,,,,,,,,,,,,,,,,,,,,,,,,,,,,,,,,,,,,,,,,,,,,,,,,,,,,,,,,,,,,,,,,,,,,,,,,,,,,,,,,,,,,,,,,,,,,,,,,,,,,,,,,,,,,
396,PP,LT,#7,#9,DIESEL_1,1.059927265183878,4.923708339146027,99.67306006796873,-0.20814552692960106,-1.8699651480002495,-56.506916914570866,0.4330773342763044,,,,,,,,,,,,,,,,PE,HT,#2,#5,FT_1,1.108737250335506,6.846467421791197,116.48488933037731,-0.19544712837877481,-3.2691338242685615,-70.73950306871593,0.3927151970065163,,,,,,,,,,,,,,,,,,,,,,,,,,,,343,,,,,,,,,,,,,,,,,,,,,,,,,,,,,,,,,,,,,,,,,,,,,,,,,,,,,,,,,,,,,,,,,,,,,,,,,,,,,,,,,,,,,,,,,,,,,,,,,,,,,,,,,,,,,,,,,,,,,,,,,,,,,,,,,,,,,,,,,,,,,,,,,,,,,,,,,,,,,,,,
397,PP,LT,#7,#10,DIESEL_1,1.1223758033183167,5.349125722183445,104.1802908390482,-0.27140781884533527,-2.3639771852351905,-61.578628299663286,0.40892247656710534,,,,,,,,,,,,,,,,PE,HT,#2,#8,FT_1,0.8204699489948618,3.975258158874802,87.60700322445969,0.08539054430467359,-0.40167289671725037,-41.638723263182705,0.524710106148714,,,,,,,,,,,,,,,,,,,,,,,,,,,,344,,,,,,,,,,,,,,,,,,,,,,,,,,,,,,,,,,,,,,,,,,,,,,,,,,,,,,,,,,,,,,,,,,,,,,,,,,,,,,,,,,,,,,,,,,,,,,,,,,,,,,,,,,,,,,,,,,,,,,,,,,,,,,,,,,,,,,,,,,,,,,,,,,,,,,,,,,,,,,,,
398,PP,LT,#7,#11,DIESEL_1,1.1355578430506383,5.355988321189563,103.7414316390482,-0.27970463082652275,-2.3418723814692965,-61.30569902590219,0.4090528918165924,,,,,,,,,,,,,,,,PE,HT,#2,#10,MeOH_1,1.0104522532427285,6.01343310392878,113.7859939584277,-0.18335630561225272,-2.8719797055539775,-66.80272461490651,0.41290907350764783,,,,,,,,,,,,,,,,,,,,,,,,,,,,345,,,,,,,,,,,,,,,,,,,,,,,,,,,,,,,,,,,,,,,,,,,,,,,,,,,,,,,,,,,,,,,,,,,,,,,,,,,,,,,,,,,,,,,,,,,,,,,,,,,,,,,,,,,,,,,,,,,,,,,,,,,,,,,,,,,,,,,,,,,,,,,,,,,,,,,,,,,,,,,,
399,PP,LT,#8,#1,DIESEL_1,0.7742468192752613,1.7091872313234615,67.36463280113496,-0.0499601159049466,1.0358846657654044,-23.08355944818614,0.6573341457032743,,,,,,,,,,,,,,,,PE,HT,#2,#11,FT_1,1.1583042779797397,7.220535721848184,120.70325762445968,-0.25200620207067076,-3.651661022483021,-75.21969613442671,0.37682132516708516,,,,,,,,,,,,,,,,,,,,,,,,,,,,346,,,,,,,,,,,,,,,,,,,,,,,,,,,,,,,,,,,,,,,,,,,,,,,,,,,,,,,,,,,,,,,,,,,,,,,,,,,,,,,,,,,,,,,,,,,,,,,,,,,,,,,,,,,,,,,,,,,,,,,,,,,,,,,,,,,,,,,,,,,,,,,,,,,,,,,,,,,,,,,,
400,PP,LT,#8,#2,DIESEL_1,0.8136567887824496,1.7758087153263324,68.71463504113495,-0.07372562108846083,0.9501706045288204,-24.75547208211599,0.6397350860221187,,,,,,,,,,,,,,,,PE,HT,#3,#1,MeOH_1,0.7643963000472762,3.801409519169051,86.6665201561461,0.09047637448154347,-0.5544794415007186,-37.4351585487197,0.5680551326939954,,,,,,,,,,,,,,,,,,,,,,,,,,,,347,,,,,,,,,,,,,,,,,,,,,,,,,,,,,,,,,,,,,,,,,,,,,,,,,,,,,,,,,,,,,,,,,,,,,,,,,,,,,,,,,,,,,,,,,,,,,,,,,,,,,,,,,,,,,,,,,,,,,,,,,,,,,,,,,,,,,,,,,,,,,,,,,,,,,,,,,,,,,,,,
401,PP,LT,#8,#3,DIESEL_1,0.7604098061456168,1.4761360073674388,66.58289708377431,-0.030378122627145246,1.286647434503842,-22.040490797329078,0.6689766927744549,,,,,,,,,,,,,,,,PE,HT,#3,#2,FT_1,0.8786518231761674,4.572415000398865,93.39194862217806,0.06899716680726883,-0.9850993204535404,-46.19949080710727,0.5053161274746533,,,,,,,,,,,,,,,,,,,,,,,,,,,,348,,,,,,,,,,,,,,,,,,,,,,,,,,,,,,,,,,,,,,,,,,,,,,,,,,,,,,,,,,,,,,,,,,,,,,,,,,,,,,,,,,,,,,,,,,,,,,,,,,,,,,,,,,,,,,,,,,,,,,,,,,,,,,,,,,,,,,,,,,,,,,,,,,,,,,,,,,,,,,,,
402,PP,LT,#8,#4,DIESEL_1,0.8227962651633527,1.9064358238205716,70.34822384113495,-0.09700560102203581,0.7769669044926703,-26.407342546284365,0.6246196264184412,,,,,,,,,,,,,,,,PE,HT,#3,#3,H2_1,0.7903449583785385,4.048253529047357,84.84168235750604,0.0022088226371448625,-0.24854360728722663,-32.63957518912663,0.6152884492366626,,,,,,,,,,,,,,,,,,,,,,,,,,,,349,,,,,,,,,,,,,,,,,,,,,,,,,,,,,,,,,,,,,,,,,,,,,,,,,,,,,,,,,,,,,,,,,,,,,,,,,,,,,,,,,,,,,,,,,,,,,,,,,,,,,,,,,,,,,,,,,,,,,,,,,,,,,,,,,,,,,,,,,,,,,,,,,,,,,,,,,,,,,,,,
403,PP,LT,#8,#5,DIESEL_1,0.8677078586808309,2.019653189840359,71.34701488113495,-0.11576701070990567,0.7346662762429914,-26.595057664452714,0.627243582527448,,,,,,,,,,,,,,,,PE,HT,#3,#4,MeOH_1,1.0478553196598412,6.368503871811564,116.55564015614608,-0.18802314152328223,-3.2279618504413223,-68.44304341237768,0.41278651706012165,,,,,,,,,,,,,,,,,,,,,,,,,,,,350,,,,,,,,,,,,,,,,,,,,,,,,,,,,,,,,,,,,,,,,,,,,,,,,,,,,,,,,,,,,,,,,,,,,,,,,,,,,,,,,,,,,,,,,,,,,,,,,,,,,,,,,,,,,,,,,,,,,,,,,,,,,,,,,,,,,,,,,,,,,,,,,,,,,,,,,,,,,,,,,
404,PP,LT,#8,#6,DIESEL_1,0.6733518144782679,0.9574352942142041,59.9830852379513,0.05076646303036114,1.78119273197961,-16.059377797267686,0.7322682263914808,,,,,,,,,,,,,,,,PE,HT,#3,#5,FT_1,1.191709630844136,7.547449451207125,123.70015022217805,-0.2433123647208758,-3.9634349765356696,-76.85332532002863,0.37871275675904814,,,,,,,,,,,,,,,,,,,,,,,,,,,,351,,,,,,,,,,,,,,,,,,,,,,,,,,,,,,,,,,,,,,,,,,,,,,,,,,,,,,,,,,,,,,,,,,,,,,,,,,,,,,,,,,,,,,,,,,,,,,,,,,,,,,,,,,,,,,,,,,,,,,,,,,,,,,,,,,,,,,,,,,,,,,,,,,,,,,,,,,,,,,,,
405,PP,LT,#8,#7,DIESEL_1,0.7665324747039061,1.609922009528912,67.00512774035131,-0.040592431813554986,1.1340856618280952,-22.678315034449373,0.6615435892857464,,,,,,,,,,,,,,,,PE,HT,#3,#7,MeOH_1,0.7688826578718085,3.844950490748131,87.6815028502285,0.0852624246241227,-0.5674956314776501,-38.88198903824931,0.556554258602697,,,,,,,,,,,,,,,,,,,,,,,,,,,,352,,,,,,,,,,,,,,,,,,,,,,,,,,,,,,,,,,,,,,,,,,,,,,,,,,,,,,,,,,,,,,,,,,,,,,,,,,,,,,,,,,,,,,,,,,,,,,,,,,,,,,,,,,,,,,,,,,,,,,,,,,,,,,,,,,,,,,,,,,,,,,,,,,,,,,,,,,,,,,,,
406,PP,LT,#8,#8,DIESEL_1,0.8176566868780085,1.713720844639067,68.42643236638331,-0.08497206509868563,1.0111144191473147,-24.59586970045462,0.6405501668016506,,,,,,,,,,,,,,,,PE,HT,#3,#8,FT_1,0.9034423295034935,4.676240188290731,94.82226411626047,0.037525307962571045,-1.0959740489843592,-47.75254551449544,0.49639943783722984,,,,,,,,,,,,,,,,,,,,,,,,,,,,353,,,,,,,,,,,,,,,,,,,,,,,,,,,,,,,,,,,,,,,,,,,,,,,,,,,,,,,,,,,,,,,,,,,,,,,,,,,,,,,,,,,,,,,,,,,,,,,,,,,,,,,,,,,,,,,,,,,,,,,,,,,,,,,,,,,,,,,,,,,,,,,,,,,,,,,,,,,,,,,,
407,PP,LT,#8,#9,DIESEL_1,0.7531869222586104,1.4500031087948066,66.16716544927185,-0.02358085396395154,1.3096302660435837,-21.63574786799127,0.673013832146419,,,,,,,,,,,,,,,,PE,HT,#3,#9,H2_1,0.8158959993795261,4.090882835457257,86.57373961809868,-0.011536383363642244,-0.26487713030585647,-33.580338793028396,0.612118652363167,,,,,,,,,,,,,,,,,,,,,,,,,,,,354,,,,,,,,,,,,,,,,,,,,,,,,,,,,,,,,,,,,,,,,,,,,,,,,,,,,,,,,,,,,,,,,,,,,,,,,,,,,,,,,,,,,,,,,,,,,,,,,,,,,,,,,,,,,,,,,,,,,,,,,,,,,,,,,,,,,,,,,,,,,,,,,,,,,,,,,,,,,,,,,
408,PP,LT,#8,#10,DIESEL_1,0.8156354603930492,1.875420491832225,70.67439622035131,-0.08684314587968586,0.8156182288086423,-26.707459253083712,0.6221055901232722,,,,,,,,,,,,,,,,PE,HT,#3,#10,MeOH_1,1.0934246337513591,6.714415133344708,121.00125485022845,-0.23122154195435413,-3.5662808578210856,-72.91654686621919,0.39739015966013735,,,,,,,,,,,,,,,,,,,,,,,,,,,,355,,,,,,,,,,,,,,,,,,,,,,,,,,,,,,,,,,,,,,,,,,,,,,,,,,,,,,,,,,,,,,,,,,,,,,,,,,,,,,,,,,,,,,,,,,,,,,,,,,,,,,,,,,,,,,,,,,,,,,,,,,,,,,,,,,,,,,,,,,,,,,,,,,,,,,,,,,,,,,,,
409,PP,LT,#8,#11,DIESEL_1,0.8288175001253714,1.8822830908383434,70.2355370203513,-0.09513995786087392,0.8377230325745365,-26.4345299793226,0.6236302717858769,,,,,,,,,,,,,,,,PE,HT,#3,#11,FT_1,1.2412766584883717,7.921517751264113,127.91851851626048,-0.2998714384127736,-4.34596217475013,-81.33351838573944,0.36417713925133793,,,,,,,,,,,,,,,,,,,,,,,,,,,,356,,,,,,,,,,,,,,,,,,,,,,,,,,,,,,,,,,,,,,,,,,,,,,,,,,,,,,,,,,,,,,,,,,,,,,,,,,,,,,,,,,,,,,,,,,,,,,,,,,,,,,,,,,,,,,,,,,,,,,,,,,,,,,,,,,,,,,,,,,,,,,,,,,,,,,,,,,,,,,,,
410,PP,LT,#9,#1,DIESEL_1,0.8325322018988366,2.1234514809396656,67.58932420545496,-0.15140029402219823,0.7985753581064364,-23.14536732083941,0.6575588291061593,,,,,,,,,,,,,,,,PE,HT,#4,#1,MeOH_1,0.8170977678279505,3.98800386807172,88.8766649421781,0.05895429572565974,-0.7228872024524924,-40.537761999890186,0.5438874531772374,,,,,,,,,,,,,,,,,,,,,,,,,,,,357,,,,,,,,,,,,,,,,,,,,,,,,,,,,,,,,,,,,,,,,,,,,,,,,,,,,,,,,,,,,,,,,,,,,,,,,,,,,,,,,,,,,,,,,,,,,,,,,,,,,,,,,,,,,,,,,,,,,,,,,,,,,,,,,,,,,,,,,,,,,,,,,,,,,,,,,,,,,,,,,
411,PP,LT,#9,#2,DIESEL_1,0.8719421714060237,2.1900729649425363,68.93932644545497,-0.17516579920571118,0.7128612968698526,-24.81727995476926,0.6400127295353722,,,,,,,,,,,,,,,,PE,HT,#4,#2,FT_1,0.9313532909568417,4.759009349301534,95.60209340821008,0.03747508805138509,-1.1535070814053139,-49.30209425827779,0.48429900956495336,,,,,,,,,,,,,,,,,,,,,,,,,,,,358,,,,,,,,,,,,,,,,,,,,,,,,,,,,,,,,,,,,,,,,,,,,,,,,,,,,,,,,,,,,,,,,,,,,,,,,,,,,,,,,,,,,,,,,,,,,,,,,,,,,,,,,,,,,,,,,,,,,,,,,,,,,,,,,,,,,,,,,,,,,,,,,,,,,,,,,,,,,,,,,
412,PP,LT,#9,#3,DIESEL_1,0.8186951887691908,1.8904002569836422,66.80758848809432,-0.1318183007443956,1.0493381268448743,-22.10229866998234,0.6691648483327436,,,,,,,,,,,,,,,,PE,HT,#4,#3,H2_1,0.8430464261592128,4.234847877950025,87.05182714353805,-0.02931325611873888,-0.41695136823900014,-35.74217864029715,0.5894149518382588,,,,,,,,,,,,,,,,,,,,,,,,,,,,359,,,,,,,,,,,,,,,,,,,,,,,,,,,,,,,,,,,,,,,,,,,,,,,,,,,,,,,,,,,,,,,,,,,,,,,,,,,,,,,,,,,,,,,,,,,,,,,,,,,,,,,,,,,,,,,,,,,,,,,,,,,,,,,,,,,,,,,,,,,,,,,,,,,,,,,,,,,,,,,,
413,PP,LT,#9,#4,DIESEL_1,0.8810816477869263,2.320700073436776,70.57291524545496,-0.1984457791392859,0.5396575968337017,-26.469150418937627,0.6249389680605225,,,,,,,,,,,,,,,,PE,HT,#4,#4,MeOH_1,1.1005567874405158,6.555098220714232,118.7657849421781,-0.21954522027916626,-3.3963696113930952,-71.5456468635482,0.39759041799470557,,,,,,,,,,,,,,,,,,,,,,,,,,,,360,,,,,,,,,,,,,,,,,,,,,,,,,,,,,,,,,,,,,,,,,,,,,,,,,,,,,,,,,,,,,,,,,,,,,,,,,,,,,,,,,,,,,,,,,,,,,,,,,,,,,,,,,,,,,,,,,,,,,,,,,,,,,,,,,,,,,,,,,,,,,,,,,,,,,,,,,,,,,,,,
414,PP,LT,#9,#5,DIESEL_1,0.9259932413044049,2.433917439456563,71.57170628545497,-0.217207188827156,0.4973569685840234,-26.656865537106004,0.6275502301036617,,,,,,,,,,,,,,,,PE,HT,#4,#5,FT_1,1.24441109862481,7.734043800109795,125.91029500821008,-0.2748344434767597,-4.131842737487443,-79.95592877119915,0.36497703570636897,,,,,,,,,,,,,,,,,,,,,,,,,,,,361,,,,,,,,,,,,,,,,,,,,,,,,,,,,,,,,,,,,,,,,,,,,,,,,,,,,,,,,,,,,,,,,,,,,,,,,,,,,,,,,,,,,,,,,,,,,,,,,,,,,,,,,,,,,,,,,,,,,,,,,,,,,,,,,,,,,,,,,,,,,,,,,,,,,,,,,,,,,,,,,
415,PP,LT,#9,#6,DIESEL_1,0.7316371971018423,1.3716995438304083,60.20777664227132,-0.05067371508688979,1.5438834243206419,-16.121185669920965,0.732240807268036,,,,,,,,,,,,,,,,PE,HT,#4,#7,MeOH_1,0.8215841256524828,4.031544839650801,89.89164763626049,0.05374034586823896,-0.7359033924294248,-41.9845924894198,0.5329422299688268,,,,,,,,,,,,,,,,,,,,,,,,,,,,362,,,,,,,,,,,,,,,,,,,,,,,,,,,,,,,,,,,,,,,,,,,,,,,,,,,,,,,,,,,,,,,,,,,,,,,,,,,,,,,,,,,,,,,,,,,,,,,,,,,,,,,,,,,,,,,,,,,,,,,,,,,,,,,,,,,,,,,,,,,,,,,,,,,,,,,,,,,,,,,,
416,PP,LT,#9,#7,DIESEL_1,0.8248178573274799,2.0241862591451163,67.22981914467131,-0.1420326099308052,0.8967763541691266,-22.740122907102627,0.6617554056159464,,,,,,,,,,,,,,,,PE,HT,#4,#8,FT_1,0.956143797284168,4.862834537193401,97.03240890229247,0.006003229206686883,-1.264381809936134,-50.85514896566594,0.4758952236579541,,,,,,,,,,,,,,,,,,,,,,,,,,,,363,,,,,,,,,,,,,,,,,,,,,,,,,,,,,,,,,,,,,,,,,,,,,,,,,,,,,,,,,,,,,,,,,,,,,,,,,,,,,,,,,,,,,,,,,,,,,,,,,,,,,,,,,,,,,,,,,,,,,,,,,,,,,,,,,,,,,,,,,,,,,,,,,,,,,,,,,,,,,,,,
417,PP,LT,#9,#8,DIESEL_1,0.8759420695015842,2.1279850942552705,68.65112377070331,-0.1864122432159377,0.7738051114883472,-24.65767757310789,0.6408263081684543,,,,,,,,,,,,,,,,PE,HT,#4,#9,H2_1,0.8685974671602004,4.277477184359926,88.78388440413069,-0.04305846211952584,-0.4332848912576303,-36.682942244198905,0.5868288204509756,,,,,,,,,,,,,,,,,,,,,,,,,,,,364,,,,,,,,,,,,,,,,,,,,,,,,,,,,,,,,,,,,,,,,,,,,,,,,,,,,,,,,,,,,,,,,,,,,,,,,,,,,,,,,,,,,,,,,,,,,,,,,,,,,,,,,,,,,,,,,,,,,,,,,,,,,,,,,,,,,,,,,,,,,,,,,,,,,,,,,,,,,,,,,
418,PP,LT,#9,#9,DIESEL_1,0.8114723048821842,1.8642673584110108,66.39185685359185,-0.12502103208120188,1.0723209583846154,-21.697555740644543,0.6731895029161142,,,,,,,,,,,,,,,,PE,HT,#4,#10,MeOH_1,1.1461261015320334,6.901009482247377,123.21139963626047,-0.26274362071023805,-3.7346886187728585,-76.01915031738973,0.3830185312251117,,,,,,,,,,,,,,,,,,,,,,,,,,,,365,,,,,,,,,,,,,,,,,,,,,,,,,,,,,,,,,,,,,,,,,,,,,,,,,,,,,,,,,,,,,,,,,,,,,,,,,,,,,,,,,,,,,,,,,,,,,,,,,,,,,,,,,,,,,,,,,,,,,,,,,,,,,,,,,,,,,,,,,,,,,,,,,,,,,,,,,,,,,,,,
419,PP,LT,#9,#10,DIESEL_1,0.8739208430166248,2.289684741448429,70.89908762467132,-0.18828332399693778,0.578308921149674,-26.769267125736977,0.6224314300425234,,,,,,,,,,,,,,,,PE,HT,#4,#11,FT_1,1.293978126269046,8.108112100166782,130.12866330229247,-0.33139351716865717,-4.514369935701903,-84.43612183690992,0.35113356508732835,,,,,,,,,,,,,,,,,,,,,,,,,,,,366,,,,,,,,,,,,,,,,,,,,,,,,,,,,,,,,,,,,,,,,,,,,,,,,,,,,,,,,,,,,,,,,,,,,,,,,,,,,,,,,,,,,,,,,,,,,,,,,,,,,,,,,,,,,,,,,,,,,,,,,,,,,,,,,,,,,,,,,,,,,,,,,,,,,,,,,,,,,,,,,
420,PP,LT,#9,#11,DIESEL_1,0.8871028827489453,2.2965473404545476,70.4602284246713,-0.1965801359781243,0.6004137249155682,-26.49633785197586,0.6239532791140046,,,,,,,,,,,,,,,,PE,HT,#5,#1,MeOH_1,0.7737660062037173,3.588031788036571,85.79288827848882,0.08297312867327462,-0.20332090267795652,-35.27734853032943,0.5888080091695123,,,,,,,,,,,,,,,,,,,,,,,,,,,,367,,,,,,,,,,,,,,,,,,,,,,,,,,,,,,,,,,,,,,,,,,,,,,,,,,,,,,,,,,,,,,,,,,,,,,,,,,,,,,,,,,,,,,,,,,,,,,,,,,,,,,,,,,,,,,,,,,,,,,,,,,,,,,,,,,,,,,,,,,,,,,,,,,,,,,,,,,,,,,,,
421,PP,HT,#1,-,MeOH_1,0.701891129238293,3.2804887590752916,79.57669597980977,0.06578190549541517,-0.30080314259500207,-35.80506418489518,0.5500559084033892,,,,,,,,,,,,,,,,PE,HT,#5,#2,FT_1,0.8880215293326089,4.359037269266385,92.51831674452082,0.06149392099899984,-0.6339407816307786,-44.04168078871703,0.5239679845199379,,,,,,,,,,,,,,,,,,,,,,,,,,,,368,,,,,,,,,,,,,,,,,,,,,,,,,,,,,,,,,,,,,,,,,,,,,,,,,,,,,,,,,,,,,,,,,,,,,,,,,,,,,,,,,,,,,,,,,,,,,,,,,,,,,,,,,,,,,,,,,,,,,,,,,,,,,,,,,,,,,,,,,,,,,,,,,,,,,,,,,,,,,,,,
422,PP,HT,#2,-,FT_1,0.8073331463012132,3.8300765083342294,82.85050237980978,0.027937684998164656,-0.39853624421691536,-38.75974539662806,0.5321724759260651,,,,,,,,,,,,,,,,PE,HT,#5,#4,MeOH_1,1.0572250258162845,6.1551261406790845,115.68200827848882,-0.19552638733155334,-2.8768033116185605,-66.28523339398744,0.4270048179452877,,,,,,,,,,,,,,,,,,,,,,,,,,,,369,,,,,,,,,,,,,,,,,,,,,,,,,,,,,,,,,,,,,,,,,,,,,,,,,,,,,,,,,,,,,,,,,,,,,,,,,,,,,,,,,,,,,,,,,,,,,,,,,,,,,,,,,,,,,,,,,,,,,,,,,,,,,,,,,,,,,,,,,,,,,,,,,,,,,,,,,,,,,,,,
423,PP,HT,#3,-,H2_1,0.7473822084903815,3.9140078218710954,77.27825911645358,-0.06084132741437159,-0.23041761741309016,-27.70830632396181,0.641447586413572,,,,,,,,,,,,,,,,PE,HT,#5,#5,FT_1,1.2010793370005786,7.334071720074644,122.82651834452082,-0.25081561052914664,-3.6122764377129064,-74.69551530163838,0.39186165733264483,,,,,,,,,,,,,,,,,,,,,,,,,,,,370,,,,,,,,,,,,,,,,,,,,,,,,,,,,,,,,,,,,,,,,,,,,,,,,,,,,,,,,,,,,,,,,,,,,,,,,,,,,,,,,,,,,,,,,,,,,,,,,,,,,,,,,,,,,,,,,,,,,,,,,,,,,,,,,,,,,,,,,,,,,,,,,,,,,,,,,,,,,,,,,
424,PP,HT,#4,-,MeOH_1,0.9643390078758143,4.093876367710986,91.1485727798098,-0.3115458236847823,-1.341905970638435,-54.176850908391074,0.40562041449329506,,,,,,,,,,,,,,,,PE,HT,#5,#7,MeOH_1,0.7782523640282499,3.631572759615652,86.8078709725712,0.07775917881585358,-0.2163370926548895,-36.724179019859044,0.5769487419929602,,,,,,,,,,,,,,,,,,,,,,,,,,,,371,,,,,,,,,,,,,,,,,,,,,,,,,,,,,,,,,,,,,,,,,,,,,,,,,,,,,,,,,,,,,,,,,,,,,,,,,,,,,,,,,,,,,,,,,,,,,,,,,,,,,,,,,,,,,,,,,,,,,,,,,,,,,,,,,,,,,,,,,,,,,,,,,,,,,,,,,,,,,,,,
425,PP,HT,#5,-,FT_1,1.087418726795842,5.030733464681105,95.57942077980978,-0.23990116077462376,-1.5980655546635898,-52.082513679211004,0.45508653165836166,,,,,,,,,,,,,,,,PE,HT,#5,#8,FT_1,0.9128120356599351,4.462862457158252,93.9486322386032,0.030022062154301494,-0.7448155101615981,-45.59473549610519,0.5146844141348718,,,,,,,,,,,,,,,,,,,,,,,,,,,,372,,,,,,,,,,,,,,,,,,,,,,,,,,,,,,,,,,,,,,,,,,,,,,,,,,,,,,,,,,,,,,,,,,,,,,,,,,,,,,,,,,,,,,,,,,,,,,,,,,,,,,,,,,,,,,,,,,,,,,,,,,,,,,,,,,,,,,,,,,,,,,,,,,,,,,,,,,,,,,,,
426,PP,HT,#6,-,Olefin,0.5185514903604067,1.5173377117774733,63.40391747228963,0.09465206945875067,1.8027721982757163,-20.812291277567446,0.6717507039424914,,,,,,,,,,,,,,,,PE,HT,#5,#10,MeOH_1,1.1027943399078015,6.501037402212229,120.1276229725712,-0.2387247877626247,-3.215122318998324,-70.75873684782896,0.4109703072707488,,,,,,,,,,,,,,,,,,,,,,,,,,,,373,,,,,,,,,,,,,,,,,,,,,,,,,,,,,,,,,,,,,,,,,,,,,,,,,,,,,,,,,,,,,,,,,,,,,,,,,,,,,,,,,,,,,,,,,,,,,,,,,,,,,,,,,,,,,,,,,,,,,,,,,,,,,,,,,,,,,,,,,,,,,,,,,,,,,,,,,,,,,,,,
427,PP,HT,#7,-,MeOH_1,0.7207414224538823,3.639983943419606,81.83779293399945,0.06317319214615238,-0.5548467310494849,-37.12301619633689,0.5463829745961518,,,,,,,,,,,,,,,,PE,HT,#5,#11,FT_1,1.2506463646448125,7.708140020131632,127.04488663860319,-0.3073746842210423,-3.9948036359273673,-79.17570836734917,0.37678949179138976,,,,,,,,,,,,,,,,,,,,,,,,,,,,374,,,,,,,,,,,,,,,,,,,,,,,,,,,,,,,,,,,,,,,,,,,,,,,,,,,,,,,,,,,,,,,,,,,,,,,,,,,,,,,,,,,,,,,,,,,,,,,,,,,,,,,,,,,,,,,,,,,,,,,,,,,,,,,,,,,,,,,,,,,,,,,,,,,,,,,,,,,,,,,,
428,PP,HT,#8,-,FT_1,0.858166701241281,4.906427897194564,89.63251420003144,0.03374193297129139,-1.4135791678127554,-47.458702583015,0.47051911902078114,,,,,,,,,,,,,,,,PE,HT,#6,#1,MeOH_1,0.8363268349946121,4.005863991069731,90.70564559614611,0.02444697845537206,-0.8584561273110279,-42.00556044606586,0.5369024698518811,,,,,,,,,,,,,,,,,,,,,,,,,,,,375,,,,,,,,,,,,,,,,,,,,,,,,,,,,,,,,,,,,,,,,,,,,,,,,,,,,,,,,,,,,,,,,,,,,,,,,,,,,,,,,,,,,,,,,,,,,,,,,,,,,,,,,,,,,,,,,,,,,,,,,,,,,,,,,,,,,,,,,,,,,,,,,,,,,,,,,,,,,,,,,
429,PP,HT,#9,-,H2_1,0.7347091843312855,3.7035249659023113,79.18836001579317,-0.023510552345201885,0.05814864894764602,-29.97998226409479,0.6214092291074642,,,,,,,,,,,,,,,,PE,HT,#6,#2,FT_1,0.9505823581235034,4.776869472299544,97.43107406217808,0.0029677707810972717,-1.2890760062638489,-50.76989270445344,0.47891477956967443,,,,,,,,,,,,,,,,,,,,,,,,,,,,376,,,,,,,,,,,,,,,,,,,,,,,,,,,,,,,,,,,,,,,,,,,,,,,,,,,,,,,,,,,,,,,,,,,,,,,,,,,,,,,,,,,,,,,,,,,,,,,,,,,,,,,,,,,,,,,,,,,,,,,,,,,,,,,,,,,,,,,,,,,,,,,,,,,,,,,,,,,,,,,,
430,PP,HT,#10,-,MeOH_1,1.1059537312685108,7.244896020591651,123.18678653399944,-0.31422065365131674,-4.302403280249021,-80.0542332618678,0.3501394466542651,,,,,,,,,,,,,,,,PE,HT,#6,#3,MeOH_1,0.8622754933258745,4.252708000948036,88.88080779750605,-0.06382057338902655,-0.5525202930975354,-37.20997708647279,0.5813496973244556,,,,,,,,,,,,,,,,,,,,,,,,,,,,377,,,,,,,,,,,,,,,,,,,,,,,,,,,,,,,,,,,,,,,,,,,,,,,,,,,,,,,,,,,,,,,,,,,,,,,,,,,,,,,,,,,,,,,,,,,,,,,,,,,,,,,,,,,,,,,,,,,,,,,,,,,,,,,,,,,,,,,,,,,,,,,,,,,,,,,,,,,,,,,,
431,PP,HT,#11,-,FT_1,1.0838804832914988,6.938188867696175,119.98818237399942,-0.1912968639991962,-3.4497271193091583,-78.31990045749757,0.34726988185072366,,,,,,,,,,,,,,,,PE,HT,#6,#4,MeOH_1,1.1197858546071788,6.5729583437122425,120.59476559614609,-0.25405253754945506,-3.531938536251631,-73.01344530972383,0.3945554357289851,,,,,,,,,,,,,,,,,,,,,,,,,,,,378,,,,,,,,,,,,,,,,,,,,,,,,,,,,,,,,,,,,,,,,,,,,,,,,,,,,,,,,,,,,,,,,,,,,,,,,,,,,,,,,,,,,,,,,,,,,,,,,,,,,,,,,,,,,,,,,,,,,,,,,,,,,,,,,,,,,,,,,,,,,,,,,,,,,,,,,,,,,,,,,
432,PP,LT,#1,-,DIESEL_1,0.7755599353921422,3.0600619146387023,78.7306040170012,0.04159052094021576,-0.12043210468335538,-34.97682353743076,0.5557404395134855,,,,,,,,,,,,,,,,PE,HT,#6,#5,FT_1,1.263640165791472,7.751903923107807,127.7392756621781,-0.3093417607470472,-4.267411662345981,-81.42372721737482,0.3625787621286528,,,,,,,,,,,,,,,,,,,,,,,,,,,,379,,,,,,,,,,,,,,,,,,,,,,,,,,,,,,,,,,,,,,,,,,,,,,,,,,,,,,,,,,,,,,,,,,,,,,,,,,,,,,,,,,,,,,,,,,,,,,,,,,,,,,,,,,,,,,,,,,,,,,,,,,,,,,,,,,,,,,,,,,,,,,,,,,,,,,,,,,,,,,,,
433,PP,LT,#2,-,DIESEL_1,0.8333606975134523,3.340748447924441,80.1174553979132,-0.0037828115730668796,-0.3271559513452363,-36.37952278831753,0.545922638111331,,,,,,,,,,,,,,,,PE,HT,#6,#7,MeOH_1,0.8408131928191447,4.049404962648811,91.72062829022846,0.019233028597951146,-0.8714723172879604,-43.45239093559545,0.5262527989003681,,,,,,,,,,,,,,,,,,,,,,,,,,,,380,,,,,,,,,,,,,,,,,,,,,,,,,,,,,,,,,,,,,,,,,,,,,,,,,,,,,,,,,,,,,,,,,,,,,,,,,,,,,,,,,,,,,,,,,,,,,,,,,,,,,,,,,,,,,,,,,,,,,,,,,,,,,,,,,,,,,,,,,,,,,,,,,,,,,,,,,,,,,,,,
434,PP,LT,#3,-,DIESEL_1,0.7892330975871128,2.8539363794380566,77.74659066436084,0.02313546693361218,0.34623151088971943,-31.443445962172245,0.5955649541223423,,,,,,,,,,,,,,,,PE,HT,#6,#8,FT_1,0.9753728644508296,4.880694660191411,98.86138955626048,-0.02850408806360065,-1.399950734794669,-52.32294741184159,0.47074436595830543,,,,,,,,,,,,,,,,,,,,,,,,,,,,381,,,,,,,,,,,,,,,,,,,,,,,,,,,,,,,,,,,,,,,,,,,,,,,,,,,,,,,,,,,,,,,,,,,,,,,,,,,,,,,,,,,,,,,,,,,,,,,,,,,,,,,,,,,,,,,,,,,,,,,,,,,,,,,,,,,,,,,,,,,,,,,,,,,,,,,,,,,,,,,,
435,PP,LT,#4,-,MeOH_1,0.9399457245934397,4.339294880922428,94.84832901188123,-0.11532932340936682,-1.5378975581685153,-51.56000438353728,0.456395226772223,,,,,,,,,,,,,,,,PE,HT,#6,#9,MeOH_1,0.8878265343268622,4.295337307357937,90.61286505809869,-0.07756577938981365,-0.5688538161161664,-38.150740690374576,0.5789699325155067,,,,,,,,,,,,,,,,,,,,,,,,,,,,382,,,,,,,,,,,,,,,,,,,,,,,,,,,,,,,,,,,,,,,,,,,,,,,,,,,,,,,,,,,,,,,,,,,,,,,,,,,,,,,,,,,,,,,,,,,,,,,,,,,,,,,,,,,,,,,,,,,,,,,,,,,,,,,,,,,,,,,,,,,,,,,,,,,,,,,,,,,,,,,,
436,PP,LT,#5,-,DIESEL_1,0.9936905260739141,4.831758776362313,96.14621987791323,-0.15952532797760355,-1.8251830253143617,-52.80529673962682,0.45078135358125204,,,,,,,,,,,,,,,,PE,HT,#6,#10,MeOH_1,1.1653551686986963,6.918869605245389,125.04038029022848,-0.2972509379805267,-3.870257543631395,-77.4869487635654,0.3803045977330513,,,,,,,,,,,,,,,,,,,,,,,,,,,,383,,,,,,,,,,,,,,,,,,,,,,,,,,,,,,,,,,,,,,,,,,,,,,,,,,,,,,,,,,,,,,,,,,,,,,,,,,,,,,,,,,,,,,,,,,,,,,,,,,,,,,,,,,,,,,,,,,,,,,,,,,,,,,,,,,,,,,,,,,,,,,,,,,,,,,,,,,,,,,,,
437,PP,LT,#6,-,DIESEL_1,0.6634448327848066,1.9962891138744971,69.07664187897186,0.09658587475893242,1.0004028976169712,-26.429352497757172,0.617390889614124,,,,,,,,,,,,,,,,PE,HT,#6,#11,FT_1,1.3132071934357075,8.125972223164792,131.95764395626045,-0.36590083443894467,-4.6499388605604395,-85.90392028308557,0.3490038340517822,,,,,,,,,,,,,,,,,,,,,,,,,,,,384,,,,,,,,,,,,,,,,,,,,,,,,,,,,,,,,,,,,,,,,,,,,,,,,,,,,,,,,,,,,,,,,,,,,,,,,,,,,,,,,,,,,,,,,,,,,,,,,,,,,,,,,,,,,,,,,,,,,,,,,,,,,,,,,,,,,,,,,,,,,,,,,,,,,,,,,,,,,,,,,
438,PP,LT,#7,-,DIESEL_1,0.7939044849258315,3.1125074785922773,79.846246399407,0.03137651968172477,-0.14449696876517146,-34.107603110748464,0.5728339821995467,,,,,,,,,,,,,,,,PE,HT,#7,#1,MeOH_1,0.8883038419585553,4.386724656165745,92.80363279614609,-0.009911449914078361,-1.1261748861605367,-44.44670744940874,0.5210671596548265,,,,,,,,,,,,,,,,,,,,,,,,,,,,385,,,,,,,,,,,,,,,,,,,,,,,,,,,,,,,,,,,,,,,,,,,,,,,,,,,,,,,,,,,,,,,,,,,,,,,,,,,,,,,,,,,,,,,,,,,,,,,,,,,,,,,,,,,,,,,,,,,,,,,,,,,,,,,,,,,,,,,,,,,,,,,,,,,,,,,,,,,,,,,,
439,PP,LT,#8,-,DIESEL_1,0.980189526359185,3.9494751446668883,90.18459839940698,-0.08009375844632828,-0.7812936648591444,-43.77435643621218,0.5146138341455428,,,,,,,,,,,,,,,,PE,HT,#7,#2,FT_1,1.0025593650874451,5.157730137395559,99.52906126217808,-0.031390657588351446,-1.556794765113359,-53.21103970779634,0.4653718317745554,,,,,,,,,,,,,,,,,,,,,,,,,,,,386,,,,,,,,,,,,,,,,,,,,,,,,,,,,,,,,,,,,,,,,,,,,,,,,,,,,,,,,,,,,,,,,,,,,,,,,,,,,,,,,,,,,,,,,,,,,,,,,,,,,,,,,,,,,,,,,,,,,,,,,,,,,,,,,,,,,,,,,,,,,,,,,,,,,,,,,,,,,,,,,
440,PP,LT,#9,-,DIESEL_1,0.7993688336884835,2.860039782912664,78.47954852921656,0.01509034607399073,0.3466775162420261,-32.285683143096264,0.5886102335173745,,,,,,,,,,,,,,,,PE,HT,#7,#3,H2_1,0.9142525002898163,4.63356866604405,90.97879499750604,-0.09817900175847555,-0.820239051947045,-39.651124089815696,0.564171804090144,,,,,,,,,,,,,,,,,,,,,,,,,,,,387,,,,,,,,,,,,,,,,,,,,,,,,,,,,,,,,,,,,,,,,,,,,,,,,,,,,,,,,,,,,,,,,,,,,,,,,,,,,,,,,,,,,,,,,,,,,,,,,,,,,,,,,,,,,,,,,,,,,,,,,,,,,,,,,,,,,,,,,,,,,,,,,,,,,,,,,,,,,,,,,
441,PP,LT,#10,-,MeOH_1,1.0349995801930458,4.7283230151288445,99.45395215940701,-0.20833562397019065,-1.9067931418740007,-56.17715900043082,0.43514402614801245,,,,,,,,,,,,,,,,PE,HT,#7,#4,MeOH_1,1.1717628615711204,6.9538190088082565,122.69275279614611,-0.2884109659189042,-3.7996572951011394,-75.45459231306675,0.38501182349022284,,,,,,,,,,,,,,,,,,,,,,,,,,,,388,,,,,,,,,,,,,,,,,,,,,,,,,,,,,,,,,,,,,,,,,,,,,,,,,,,,,,,,,,,,,,,,,,,,,,,,,,,,,,,,,,,,,,,,,,,,,,,,,,,,,,,,,,,,,,,,,,,,,,,,,,,,,,,,,,,,,,,,,,,,,,,,,,,,,,,,,,,,,,,,
442,PP,LT,#11,-,DIESEL_1,1.1115094987005365,5.2716084435297335,102.06442783940699,-0.06314532634261326,-1.5862516652060519,-45.91882233354825,0.5500996448459095,,,,,,,,,,,,,,,,PE,HT,#7,#5,FT_1,1.315617172755415,8.132764588203818,129.83726286217808,-0.3437001891164978,-4.535130421195487,-83.8648742207177,0.35407700091660094,,,,,,,,,,,,,,,,,,,,,,,,,,,,389,,,,,,,,,,,,,,,,,,,,,,,,,,,,,,,,,,,,,,,,,,,,,,,,,,,,,,,,,,,,,,,,,,,,,,,,,,,,,,,,,,,,,,,,,,,,,,,,,,,,,,,,,,,,,,,,,,,,,,,,,,,,,,,,,,,,,,,,,,,,,,,,,,,,,,,,,,,,,,,,
443,PP,SG,#1,-,MeOH_1,0.5768114417162629,3.9085361451139904,86.55423262408677,0.27091519196028485,-0.8731966091620419,-39.5386108447318,0.5431926360383583,,,,,,,,,,,,,,,,PE,HT,#7,#7,MeOH_1,0.8927901997830862,4.430265627744825,93.81861549022848,-0.015125399771497568,-1.1391910761374697,-45.893537938938344,0.5108269537006938,,,,,,,,,,,,,,,,,,,,,,,,,,,,390,,,,,,,,,,,,,,,,,,,,,,,,,,,,,,,,,,,,,,,,,,,,,,,,,,,,,,,,,,,,,,,,,,,,,,,,,,,,,,,,,,,,,,,,,,,,,,,,,,,,,,,,,,,,,,,,,,,,,,,,,,,,,,,,,,,,,,,,,,,,,,,,,,,,,,,,,,,,,,,,
444,PP,SG,#2,-,FT_1,0.7956818738893489,5.665728331166643,95.29502269011876,0.19780637118671335,-1.9193337033501265,-51.72592837111437,0.45720220310648096,,,,,,,,,,,,,,,,PE,HT,#7,#8,FT_1,1.0273498714147713,5.261555325287425,100.9593767562605,-0.0628625164330495,-1.6676694936441776,-54.76409441518451,0.4575630696750652,,,,,,,,,,,,,,,,,,,,,,,,,,,,391,,,,,,,,,,,,,,,,,,,,,,,,,,,,,,,,,,,,,,,,,,,,,,,,,,,,,,,,,,,,,,,,,,,,,,,,,,,,,,,,,,,,,,,,,,,,,,,,,,,,,,,,,,,,,,,,,,,,,,,,,,,,,,,,,,,,,,,,,,,,,,,,,,,,,,,,,,,,,,,,
445,PP,SG,#3,-,H2_1,0.4927836895410358,5.015439467704688,78.44151179362476,0.1825896864752197,-0.9125210175607154,-21.509366595929237,0.7257910243683321,,,,,,,,,,,,,,,,PE,HT,#7,#9,H2_1,0.9398035412908037,4.67619797245395,92.7108522580987,-0.11192420775926251,-0.8365725749656746,-40.59188769371747,0.5621668153722361,,,,,,,,,,,,,,,,,,,,,,,,,,,,392,,,,,,,,,,,,,,,,,,,,,,,,,,,,,,,,,,,,,,,,,,,,,,,,,,,,,,,,,,,,,,,,,,,,,,,,,,,,,,,,,,,,,,,,,,,,,,,,,,,,,,,,,,,,,,,,,,,,,,,,,,,,,,,,,,,,,,,,,,,,,,,,,,,,,,,,,,,,,,,,
446,PP,SG,#4,-,MeOH_1,0.9955428943938436,9.152078962064623,142.54637502408676,-0.1481120182130769,-6.138011008848294,-95.82689898881823,0.3277493098465262,,,,,,,,,,,,,,,,PE,HT,#7,#10,MeOH_1,1.2173321756626383,7.299730270341402,127.13836749022848,-0.331609366349976,-4.1379763024809035,-79.92809576690829,0.3713298562446042,,,,,,,,,,,,,,,,,,,,,,,,,,,,393,,,,,,,,,,,,,,,,,,,,,,,,,,,,,,,,,,,,,,,,,,,,,,,,,,,,,,,,,,,,,,,,,,,,,,,,,,,,,,,,,,,,,,,,,,,,,,,,,,,,,,,,,,,,,,,,,,,,,,,,,,,,,,,,,,,,,,,,,,,,,,,,,,,,,,,,,,,,,,,,
447,PP,SG,#5,-,FT_1,1.2202015555360914,10.914697239132812,150.97061149011878,-0.22725176682493708,-7.170534527355541,-107.5289964918719,0.28774881792864826,,,,,,,,,,,,,,,,PE,HT,#7,#11,FT_1,1.3651842003996488,8.506832888260806,134.05563115626046,-0.4002592628083935,-4.917657619409948,-88.34506728642847,0.34098204958320605,,,,,,,,,,,,,,,,,,,,,,,,,,,,394,,,,,,,,,,,,,,,,,,,,,,,,,,,,,,,,,,,,,,,,,,,,,,,,,,,,,,,,,,,,,,,,,,,,,,,,,,,,,,,,,,,,,,,,,,,,,,,,,,,,,,,,,,,,,,,,,,,,,,,,,,,,,,,,,,,,,,,,,,,,,,,,,,,,,,,,,,,,,,,,
448,PP,SG,#6,-,MeOH_1,0.6061547519140711,3.9457194267625653,89.94071153710495,0.2553469495621167,-0.7887275068430254,-42.40958312539965,0.5284717854616525,,,,,,,,,,,,,,,,PE,HT,#8,#4,MeOH_1,1.0758607668760745,5.121374858361428,99.74466424468636,-0.27366052739145347,-2.0672617200249017,-53.17858335464495,0.46685285115411174,,,,,,,,,,,,,,,,,,,,,,,,,,,,395,,,,,,,,,,,,,,,,,,,,,,,,,,,,,,,,,,,,,,,,,,,,,,,,,,,,,,,,,,,,,,,,,,,,,,,,,,,,,,,,,,,,,,,,,,,,,,,,,,,,,,,,,,,,,,,,,,,,,,,,,,,,,,,,,,,,,,,,,,,,,,,,,,,,,,,,,,,,,,,,
449,PP,SG,#7,-,FT_1,0.8458456180272165,6.0165660092319335,101.14291953710497,0.12764780210359986,-2.1969745577782605,-58.283397759450104,0.4237520725504819,,,,,,,,,,,,,,,,PE,HT,#8,#5,FT_1,1.2197150780603687,6.300320437756988,106.88917431071835,-0.32894975058904646,-2.8027348461192476,-61.588865262295904,0.423806333434086,,,,,,,,,,,,,,,,,,,,,,,,,,,,396,,,,,,,,,,,,,,,,,,,,,,,,,,,,,,,,,,,,,,,,,,,,,,,,,,,,,,,,,,,,,,,,,,,,,,,,,,,,,,,,,,,,,,,,,,,,,,,,,,,,,,,,,,,,,,,,,,,,,,,,,,,,,,,,,,,,,,,,,,,,,,,,,,,,,,,,,,,,,,,,
450,PP,SG,#8,-,H2_1,0.5417002948041794,5.152809980713184,85.06180642268117,0.17050087331477526,-0.9383752013217321,-28.186493396630883,0.6686351421157317,,,,,,,,,,,,,,,,PE,HT,#8,#10,MeOH_1,1.1214300809675917,5.467286119894572,104.19027893876873,-0.3168589278225248,-2.405580727404665,-57.65208680848647,0.44666539531612304,,,,,,,,,,,,,,,,,,,,,,,,,,,,397,,,,,,,,,,,,,,,,,,,,,,,,,,,,,,,,,,,,,,,,,,,,,,,,,,,,,,,,,,,,,,,,,,,,,,,,,,,,,,,,,,,,,,,,,,,,,,,,,,,,,,,,,,,,,,,,,,,,,,,,,,,,,,,,,,,,,,,,,,,,,,,,,,,,,,,,,,,,,,,,
451,PP,SG,#9,-,MeOH_1,1.0180256654656692,9.251383825552624,144.50676593710494,-0.1552133679068814,-6.16561939977165,-97.89389345987938,0.32256532886157946,,,,,,,,,,,,,,,,PE,HT,#8,#11,FT_1,1.2692821057046042,6.674388737813977,111.10754260480073,-0.38550882428094396,-3.1852620443337094,-66.06905832800669,0.4053593772386072,,,,,,,,,,,,,,,,,,,,,,,,,,,,398,,,,,,,,,,,,,,,,,,,,,,,,,,,,,,,,,,,,,,,,,,,,,,,,,,,,,,,,,,,,,,,,,,,,,,,,,,,,,,,,,,,,,,,,,,,,,,,,,,,,,,,,,,,,,,,,,,,,,,,,,,,,,,,,,,,,,,,,,,,,,,,,,,,,,,,,,,,,,,,,
452,PP,SG,#10,-,FT_1,1.242684326607917,11.014002102620811,152.93100240313697,-0.27043845765299207,-7.194664136254006,-110.21335158511513,0.27932629844022777,,,,,,,,,,,,,,,,PE,HT,#9,#2,FT_1,1.0010544117685003,3.7436263375973673,79.52248355775835,-0.1349916825102237,-0.17925888020697683,-33.92416155193385,0.5734016339254013,,,,,,,,,,,,,,,,,,,,,,,,,,,,399,,,,,,,,,,,,,,,,,,,,,,,,,,,,,,,,,,,,,,,,,,,,,,,,,,,,,,,,,,,,,,,,,,,,,,,,,,,,,,,,,,,,,,,,,,,,,,,,,,,,,,,,,,,,,,,,,,,,,,,,,,,,,,,,,,,,,,,,,,,,,,,,,,,,,,,,,,,,,,,,
453,PP,OG,#1,-,MeOH_1,0.4542696363318248,2.2283474767511042,57.7485152,-0.017206887050903247,0.22364599687367528,-31.2642130105518,0.4586144266692453,,,,,,,,,,,,,,,,PE,HT,#9,#4,MeOH_1,1.1702579082521758,5.539715209010067,102.68617509172635,-0.39201199084077626,-2.42212141019476,-56.16771415720426,0.4530158114562998,,,,,,,,,,,,,,,,,,,,,,,,,,,,400,,,,,,,,,,,,,,,,,,,,,,,,,,,,,,,,,,,,,,,,,,,,,,,,,,,,,,,,,,,,,,,,,,,,,,,,,,,,,,,,,,,,,,,,,,,,,,,,,,,,,,,,,,,,,,,,,,,,,,,,,,,,,,,,,,,,,,,,,,,,,,,,,,,,,,,,,,,,,,,,
454,PP,OG,#2,-,FT_1,0.9576508434153129,3.753609208375001,88.38298863999998,-0.033744652669156355,-0.2538732886101276,-50.7879278898748,0.4253653483393362,,,,,,,,,,,,,,,,PE,HT,#9,#8,FT_1,1.0258449180958265,3.847451525489234,80.95279905184074,-0.1664635413549216,-0.29013360873779653,-35.477216259322006,0.5617542978766796,,,,,,,,,,,,,,,,,,,,,,,,,,,,401,,,,,,,,,,,,,,,,,,,,,,,,,,,,,,,,,,,,,,,,,,,,,,,,,,,,,,,,,,,,,,,,,,,,,,,,,,,,,,,,,,,,,,,,,,,,,,,,,,,,,,,,,,,,,,,,,,,,,,,,,,,,,,,,,,,,,,,,,,,,,,,,,,,,,,,,,,,,,,,,
455,PP,OG,#3,-,H2_1,0.4759120453684513,2.242929154991412,55.734171419216345,-0.06358022077737431,0.9435489238864899,-24.770703536463447,0.5555562609849285,,,,,,,,,,,,,,,,PE,LT,#6,#1,WAX_1,1.0252001483489446,3.974185561262939,96.26009215525167,-0.25972896504751675,-0.5833481991561773,-45.25084698676381,0.5299106205530985,,,,,,,,,,,,,,,,,,,,,,,,,,,,402,,,,,,,,,,,,,,,,,,,,,,,,,,,,,,,,,,,,,,,,,,,,,,,,,,,,,,,,,,,,,,,,,,,,,,,,,,,,,,,,,,,,,,,,,,,,,,,,,,,,,,,,,,,,,,,,,,,,,,,,,,,,,,,,,,,,,,,,,,,,,,,,,,,,,,,,,,,,,,,,
456,PP,OG,#4,-,MeOH_1,0.7497562440223743,5.759154490941914,96.80473423999999,-0.3127463938617115,-3.3072109013951327,-70.32358494576144,0.273552213144721,,,,,,,,,,,,,,,,PE,LT,#6,#2,WAX_1,1.089224565495697,4.107227201235991,98.54884783525168,-0.3093511925789437,-0.7066381337987855,-47.229657737058304,0.5207487578544383,,,,,,,,,,,,,,,,,,,,,,,,,,,,403,,,,,,,,,,,,,,,,,,,,,,,,,,,,,,,,,,,,,,,,,,,,,,,,,,,,,,,,,,,,,,,,,,,,,,,,,,,,,,,,,,,,,,,,,,,,,,,,,,,,,,,,,,,,,,,,,,,,,,,,,,,,,,,,,,,,,,,,,,,,,,,,,,,,,,,,,,,,,,,,
457,PP,OG,#5,-,FT_1,1.2406115278657643,6.969296316699843,122.75122544000001,-0.3120635205107611,-3.4822564744513347,-84.10997005553465,0.31479323522805036,,,,,,,,,,,,,,,,PE,LT,#6,#3,WAX_1,1.012383549908332,3.8326206467509083,95.50923779001175,-0.24363644236585175,-0.43683852242453547,-44.385983670198165,0.53527025555595,,,,,,,,,,,,,,,,,,,,,,,,,,,,404,,,,,,,,,,,,,,,,,,,,,,,,,,,,,,,,,,,,,,,,,,,,,,,,,,,,,,,,,,,,,,,,,,,,,,,,,,,,,,,,,,,,,,,,,,,,,,,,,,,,,,,,,,,,,,,,,,,,,,,,,,,,,,,,,,,,,,,,,,,,,,,,,,,,,,,,,,,,,,,,
458,PP,OG,#6,-,MeOH_1,0.4779976232693137,2.1154372125163654,66.13528103252321,0.0026420239889241516,0.3967524107758385,-40.19137827825222,0.39228536341310183,,,,,,,,,,,,,,,,PE,LT,#6,#4,WAX_1,1.0183712782787644,3.874002163941135,95.61479002725166,-0.2520876442586257,-0.5139247318347469,-44.803328759927766,0.5314184265095584,,,,,,,,,,,,,,,,,,,,,,,,,,,,405,,,,,,,,,,,,,,,,,,,,,,,,,,,,,,,,,,,,,,,,,,,,,,,,,,,,,,,,,,,,,,,,,,,,,,,,,,,,,,,,,,,,,,,,,,,,,,,,,,,,,,,,,,,,,,,,,,,,,,,,,,,,,,,,,,,,,,,,,,,,,,,,,,,,,,,,,,,,,,,,
459,PP,OG,#7,-,FT_1,0.5893304927718153,2.346137348843497,66.62877079252321,0.09832151148161643,0.6748984865381441,-41.41126599297753,0.37847771314993967,,,,,,,,,,,,,,,,PE,LT,#6,#5,WAX_1,1.0788344676725845,4.108049946283036,98.83667727525167,-0.2927923695210532,-0.6919185144054165,-47.15271341088824,0.5229229198026156,,,,,,,,,,,,,,,,,,,,,,,,,,,,406,,,,,,,,,,,,,,,,,,,,,,,,,,,,,,,,,,,,,,,,,,,,,,,,,,,,,,,,,,,,,,,,,,,,,,,,,,,,,,,,,,,,,,,,,,,,,,,,,,,,,,,,,,,,,,,,,,,,,,,,,,,,,,,,,,,,,,,,,,,,,,,,,,,,,,,,,,,,,,,,
460,PP,OG,#8,-,H2_1,0.4885023428270405,2.831753841079097,69.36769552746307,-0.047786291779561695,0.41159676229363173,-37.033980406696514,0.46612064700874273,,,,,,,,,,,,,,,,PE,LT,#6,#6,WAX_1,0.9641240074125658,3.6343989542660133,92.72965813127193,-0.20021618118092704,-0.25804586280448316,-41.83774693407879,0.5488202180703444,,,,,,,,,,,,,,,,,,,,,,,,,,,,407,,,,,,,,,,,,,,,,,,,,,,,,,,,,,,,,,,,,,,,,,,,,,,,,,,,,,,,,,,,,,,,,,,,,,,,,,,,,,,,,,,,,,,,,,,,,,,,,,,,,,,,,,,,,,,,,,,,,,,,,,,,,,,,,,,,,,,,,,,,,,,,,,,,,,,,,,,,,,,,,
461,PP,OG,#9,-,MeOH_1,0.7094334784265033,5.237517140817601,99.37936423252322,-0.23316575779346882,-2.7699032799533927,-74.2401895400311,0.25296171782375915,,,,,,,,,,,,,,,,PE,LT,#6,#7,WAX_1,1.0076954144710872,3.862044330811607,95.42401043779289,-0.23983803696015188,-0.4720831277091092,-44.21314132459045,0.5366664938756364,,,,,,,,,,,,,,,,,,,,,,,,,,,,408,,,,,,,,,,,,,,,,,,,,,,,,,,,,,,,,,,,,,,,,,,,,,,,,,,,,,,,,,,,,,,,,,,,,,,,,,,,,,,,,,,,,,,,,,,,,,,,,,,,,,,,,,,,,,,,,,,,,,,,,,,,,,,,,,,,,,,,,,,,,,,,,,,,,,,,,,,,,,,,,
462,PP,OG,#10,-,FT_1,0.8473915174109564,5.83040360087723,103.2814562325232,-0.14945640750414754,-2.722086915233648,-75.69644846365122,0.2670857748826502,,,,,,,,,,,,,,,,PE,LT,#6,#8,WAX_1,1.0507971677492245,3.964497915123903,96.6355107438249,-0.2790325998043947,-0.583697629643521,-45.317424161906246,0.5310479158946022,,,,,,,,,,,,,,,,,,,,,,,,,,,,409,,,,,,,,,,,,,,,,,,,,,,,,,,,,,,,,,,,,,,,,,,,,,,,,,,,,,,,,,,,,,,,,,,,,,,,,,,,,,,,,,,,,,,,,,,,,,,,,,,,,,,,,,,,,,,,,,,,,,,,,,,,,,,,,,,,,,,,,,,,,,,,,,,,,,,,,,,,,,,,,
463,PVC,HT,#1,#1,JET FUEL_1,0.49234266479488475,1.546691455750759,28.664933457788806,-0.22429335630424682,-0.2406860133156079,-13.793231337709969,0.5188116742701845,,,,,,,,,,,,,,,,PE,LT,#6,#9,WAX_1,1.0021485461697257,3.802245775231665,95.23643550641371,-0.23339453284659184,-0.40726575433323176,-44.119009247328655,0.5367423296270107,,,,,,,,,,,,,,,,,,,,,,,,,,,,410,,,,,,,,,,,,,,,,,,,,,,,,,,,,,,,,,,,,,,,,,,,,,,,,,,,,,,,,,,,,,,,,,,,,,,,,,,,,,,,,,,,,,,,,,,,,,,,,,,,,,,,,,,,,,,,,,,,,,,,,,,,,,,,,,,,,,,,,,,,,,,,,,,,,,,,,,,,,,,,,
464,PVC,HT,#1,#2,JET FUEL_1,0.6960069670280382,1.7859640161006245,39.1387456177888,-0.30141006814508614,-0.30145175277419867,-19.2187517566854,0.5089584131191379,,,,,,,,,,,,,,,,PE,LT,#6,#10,WAX_1,1.069533538974162,3.956602487923375,96.78528557379288,-0.3009281631576705,-0.5904384505842194,-45.89753926823503,0.525779781542919,,,,,,,,,,,,,,,,,,,,,,,,,,,,411,,,,,,,,,,,,,,,,,,,,,,,,,,,,,,,,,,,,,,,,,,,,,,,,,,,,,,,,,,,,,,,,,,,,,,,,,,,,,,,,,,,,,,,,,,,,,,,,,,,,,,,,,,,,,,,,,,,,,,,,,,,,,,,,,,,,,,,,,,,,,,,,,,,,,,,,,,,,,,,,
465,PVC,HT,#1,#3,JET FUEL_1,0.48505755636594666,0.9248477229363928,26.358522497032194,-0.20018795659667163,0.40541941380294955,-10.936634728795012,0.5850816475002949,,,,,,,,,,,,,,,,PE,LT,#6,#11,WAX_1,1.0787232657600647,4.015469324053856,97.14643738382489,-0.3088586226201669,-0.6366108023915592,-46.394470474630396,0.5224274638983809,,,,,,,,,,,,,,,,,,,,,,,,,,,,412,,,,,,,,,,,,,,,,,,,,,,,,,,,,,,,,,,,,,,,,,,,,,,,,,,,,,,,,,,,,,,,,,,,,,,,,,,,,,,,,,,,,,,,,,,,,,,,,,,,,,,,,,,,,,,,,,,,,,,,,,,,,,,,,,,,,,,,,,,,,,,,,,,,,,,,,,,,,,,,,
466,PVC,HT,#1,#4,JET FUEL_1,0.5824667883874803,1.9874999824862292,33.91168385778881,-0.32659277966640016,-0.76355254076108,-19.178522551530534,0.43445678982037256,,,,,,,,,,,,,,,,PE,LT,#7,#1,WAX_1,1.0869348376455192,4.439165718365324,98.8163094212837,-0.3003107216039369,-0.9065622511547938,-48.37730906306624,0.5104319383471487,,,,,,,,,,,,,,,,,,,,,,,,,,,,413,,,,,,,,,,,,,,,,,,,,,,,,,,,,,,,,,,,,,,,,,,,,,,,,,,,,,,,,,,,,,,,,,,,,,,,,,,,,,,,,,,,,,,,,,,,,,,,,,,,,,,,,,,,,,,,,,,,,,,,,,,,,,,,,,,,,,,,,,,,,,,,,,,,,,,,,,,,,,,,,
467,PVC,HT,#1,#5,JET FUEL_1,0.77136665225119,2.2008232867904938,43.3833526577888,-0.3744824287852238,-0.7254824623290744,-23.845681419642663,0.45034950139194607,,,,,,,,,,,,,,,,PE,LT,#7,#2,WAX_1,1.1509592547922718,4.5722073583383755,101.10506510128369,-0.34993294913536416,-1.029852185797402,-50.35611981336072,0.5019426597182284,,,,,,,,,,,,,,,,,,,,,,,,,,,,414,,,,,,,,,,,,,,,,,,,,,,,,,,,,,,,,,,,,,,,,,,,,,,,,,,,,,,,,,,,,,,,,,,,,,,,,,,,,,,,,,,,,,,,,,,,,,,,,,,,,,,,,,,,,,,,,,,,,,,,,,,,,,,,,,,,,,,,,,,,,,,,,,,,,,,,,,,,,,,,,
468,PVC,HT,#1,#6,JET FUEL_1,0.38629027741539246,0.6845612354959536,24.77995016516399,-0.10342375968836456,0.6320645081515524,-9.49522075679731,0.6168184078858306,,,,,,,,,,,,,,,,PE,LT,#7,#3,WAX_1,1.074118239204907,4.2976008038532925,98.06545505604375,-0.2842181989222718,-0.7600525744231513,-47.512445746500546,0.5155027249978342,,,,,,,,,,,,,,,,,,,,,,,,,,,,415,,,,,,,,,,,,,,,,,,,,,,,,,,,,,,,,,,,,,,,,,,,,,,,,,,,,,,,,,,,,,,,,,,,,,,,,,,,,,,,,,,,,,,,,,,,,,,,,,,,,,,,,,,,,,,,,,,,,,,,,,,,,,,,,,,,,,,,,,,,,,,,,,,,,,,,,,,,,,,,,
469,PVC,HT,#1,#7,JET FUEL_1,0.45915861969122923,0.9702371770148739,28.270515538751567,-0.172898148566886,0.34773892135575374,-13.298350072604954,0.5296035527057739,,,,,,,,,,,,,,,,PE,LT,#7,#4,WAX_1,1.0801059675753393,4.338982321043519,98.17100729328367,-0.2926694008150461,-0.8371387838333634,-47.929790836230175,0.5117724452694979,,,,,,,,,,,,,,,,,,,,,,,,,,,,416,,,,,,,,,,,,,,,,,,,,,,,,,,,,,,,,,,,,,,,,,,,,,,,,,,,,,,,,,,,,,,,,,,,,,,,,,,,,,,,,,,,,,,,,,,,,,,,,,,,,,,,,,,,,,,,,,,,,,,,,,,,,,,,,,,,,,,,,,,,,,,,,,,,,,,,,,,,,,,,,
470,PVC,HT,#1,#8,JET FUEL_1,0.5173203333159021,1.1240566591354655,29.84547680478356,-0.22840982847870123,0.1922157841226408,-14.948475433937638,0.4991376572163949,,,,,,,,,,,,,,,,PE,LT,#7,#5,WAX_1,1.1405691569691594,4.57303010338542,101.39289454128367,-0.3333741260774735,-1.0151325664040325,-50.27917548719063,0.5041153947260211,,,,,,,,,,,,,,,,,,,,,,,,,,,,417,,,,,,,,,,,,,,,,,,,,,,,,,,,,,,,,,,,,,,,,,,,,,,,,,,,,,,,,,,,,,,,,,,,,,,,,,,,,,,,,,,,,,,,,,,,,,,,,,,,,,,,,,,,,,,,,,,,,,,,,,,,,,,,,,,,,,,,,,,,,,,,,,,,,,,,,,,,,,,,,
471,PVC,HT,#1,#9,JET FUEL_1,0.4710661587513137,0.9751184490866147,29.446309208837885,-0.18356240333752288,0.35901669061191177,-14.284120252088925,0.5149096563924639,,,,,,,,,,,,,,,,PE,LT,#7,#6,WAX_1,1.0258586967091405,4.099379111368397,95.28587539730394,-0.24079793773734723,-0.5812599148030994,-44.964209010381175,0.5281125473959447,,,,,,,,,,,,,,,,,,,,,,,,,,,,418,,,,,,,,,,,,,,,,,,,,,,,,,,,,,,,,,,,,,,,,,,,,,,,,,,,,,,,,,,,,,,,,,,,,,,,,,,,,,,,,,,,,,,,,,,,,,,,,,,,,,,,,,,,,,,,,,,,,,,,,,,,,,,,,,,,,,,,,,,,,,,,,,,,,,,,,,,,,,,,,
472,PVC,HT,#1,#10,JET FUEL_1,0.5288103176868492,1.2118230615801884,31.271588754751562,-0.2413560752948866,0.08660869674561322,-16.42251647234047,0.47484227292912484,,,,,,,,,,,,,,,,PE,LT,#7,#7,WAX_1,1.069430103767662,4.3270244879139925,97.9802277038249,-0.28041979351657204,-0.795297179707726,-47.339603400892855,0.5168453420623675,,,,,,,,,,,,,,,,,,,,,,,,,,,,419,,,,,,,,,,,,,,,,,,,,,,,,,,,,,,,,,,,,,,,,,,,,,,,,,,,,,,,,,,,,,,,,,,,,,,,,,,,,,,,,,,,,,,,,,,,,,,,,,,,,,,,,,,,,,,,,,,,,,,,,,,,,,,,,,,,,,,,,,,,,,,,,,,,,,,,,,,,,,,,,
473,PVC,HT,#1,#11,JET FUEL_1,0.580182190700268,1.4260313748799451,32.90295616478356,-0.29131743182425307,-0.11055780042120993,-18.123560378021843,0.4491813961257467,,,,,,,,,,,,,,,,PE,LT,#7,#8,WAX_1,1.1125318570457994,4.429478072226288,99.19172800985692,-0.31961435636081503,-0.9069116816421374,-48.443886238208655,0.5116136475271942,,,,,,,,,,,,,,,,,,,,,,,,,,,,420,,,,,,,,,,,,,,,,,,,,,,,,,,,,,,,,,,,,,,,,,,,,,,,,,,,,,,,,,,,,,,,,,,,,,,,,,,,,,,,,,,,,,,,,,,,,,,,,,,,,,,,,,,,,,,,,,,,,,,,,,,,,,,,,,,,,,,,,,,,,,,,,,,,,,,,,,,,,,,,,
474,PVC,HT,#2,#1,DIESEL_1,0.5586021673191809,1.815391087755892,31.567856013859046,-0.302347768348283,-0.4074239883330971,-16.385438485795376,0.4809454757205629,,,,,,,,,,,,,,,,PE,LT,#7,#9,WAX_1,1.0638832354662993,4.267225932334051,97.79265277244572,-0.2739762894030106,-0.7304798063318488,-47.24547132363106,0.5168811768143071,,,,,,,,,,,,,,,,,,,,,,,,,,,,421,,,,,,,,,,,,,,,,,,,,,,,,,,,,,,,,,,,,,,,,,,,,,,,,,,,,,,,,,,,,,,,,,,,,,,,,,,,,,,,,,,,,,,,,,,,,,,,,,,,,,,,,,,,,,,,,,,,,,,,,,,,,,,,,,,,,,,,,,,,,,,,,,,,,,,,,,,,,,,,,
475,PVC,HT,#2,#2,FT_1,0.7622664695523326,2.0546636481057576,42.041668173859044,-0.3794644801891206,-0.4681897277916878,-21.810958904770818,0.4812061497042931,,,,,,,,,,,,,,,,PE,LT,#7,#10,WAX_1,1.1312682282707367,4.421582645025761,99.34150283982488,-0.3415099197140905,-0.913652502582837,-49.02400134453743,0.506510371364301,,,,,,,,,,,,,,,,,,,,,,,,,,,,422,,,,,,,,,,,,,,,,,,,,,,,,,,,,,,,,,,,,,,,,,,,,,,,,,,,,,,,,,,,,,,,,,,,,,,,,,,,,,,,,,,,,,,,,,,,,,,,,,,,,,,,,,,,,,,,,,,,,,,,,,,,,,,,,,,,,,,,,,,,,,,,,,,,,,,,,,,,,,,,,
476,PVC,HT,#2,#3,DIESEL_1,0.551317058890241,1.1935473549415259,29.26144505310244,-0.27824236864070595,0.23868143878546058,-13.528841876880424,0.5376563989806774,,,,,,,,,,,,,,,,PE,LT,#7,#11,WAX_1,1.1404579550566396,4.480449481156242,99.7026546498569,-0.34944037917658716,-0.9598248543901774,-49.5209325509328,0.5033138011736593,,,,,,,,,,,,,,,,,,,,,,,,,,,,423,,,,,,,,,,,,,,,,,,,,,,,,,,,,,,,,,,,,,,,,,,,,,,,,,,,,,,,,,,,,,,,,,,,,,,,,,,,,,,,,,,,,,,,,,,,,,,,,,,,,,,,,,,,,,,,,,,,,,,,,,,,,,,,,,,,,,,,,,,,,,,,,,,,,,,,,,,,,,,,,
477,PVC,HT,#2,#4,DIESEL_1,0.6487262909117762,2.2561996144913627,36.814606413859046,-0.4046471917104361,-0.9302905157785699,-21.770729699615938,0.40863880344459586,,,,,,,,,,,,,,,,PE,HT,#1,-,MeOH_1,0.7154210317408317,3.6085869703389255,81.4055216573885,0.13249109890520458,-0.42961539835546436,-33.233607604108016,0.5917524152234006,,,,,,,,,,,,,,,,,,,,,,,,,,,,424,,,,,,,,,,,,,,,,,,,,,,,,,,,,,,,,,,,,,,,,,,,,,,,,,,,,,,,,,,,,,,,,,,,,,,,,,,,,,,,,,,,,,,,,,,,,,,,,,,,,,,,,,,,,,,,,,,,,,,,,,,,,,,,,,,,,,,,,,,,,,,,,,,,,,,,,,,,,,,,,
478,PVC,HT,#2,#5,FT_1,0.8376261547754845,2.4695229187956262,46.28627521385905,-0.45253684082925827,-0.8922204373465633,-26.437888567728077,0.42881797151368034,,,,,,,,,,,,,,,,PE,HT,#2,-,FT_1,0.8244898043561603,4.5758105817774775,85.55345879830051,0.06853644822875679,-0.9797860289770439,-37.03719877663382,0.567087067000387,,,,,,,,,,,,,,,,,,,,,,,,,,,,425,,,,,,,,,,,,,,,,,,,,,,,,,,,,,,,,,,,,,,,,,,,,,,,,,,,,,,,,,,,,,,,,,,,,,,,,,,,,,,,,,,,,,,,,,,,,,,,,,,,,,,,,,,,,,,,,,,,,,,,,,,,,,,,,,,,,,,,,,,,,,,,,,,,,,,,,,,,,,,,,
479,PVC,HT,#2,#6,Olefin,0.4525497799396875,0.9532608675010866,27.682872721234236,-0.1814781717323995,0.4653265331340632,-12.087427904882725,0.5633607817150051,,,,,,,,,,,,,,,,PE,HT,#3,-,H2_1,0.7547985719224705,3.9018327944148314,78.8975393883591,0.0214959584617408,-0.032480891640618445,-25.30637419040666,0.6792501466257327,,,,,,,,,,,,,,,,,,,,,,,,,,,,426,,,,,,,,,,,,,,,,,,,,,,,,,,,,,,,,,,,,,,,,,,,,,,,,,,,,,,,,,,,,,,,,,,,,,,,,,,,,,,,,,,,,,,,,,,,,,,,,,,,,,,,,,,,,,,,,,,,,,,,,,,,,,,,,,,,,,,,,,,,,,,,,,,,,,,,,,,,,,,,,
480,PVC,HT,#2,#7,DIESEL_1,0.5254181222155235,1.2389368090200066,31.173438094821805,-0.25095256061092036,0.18100094633826494,-15.89055722069036,0.490253299223677,,,,,,,,,,,,,,,,PE,HT,#4,-,MeOH_1,1.1047718239618949,7.216867905099418,123.3383535322685,-0.25404571469163273,-4.19849803043564,-77.7131433762879,0.3699190790968671,,,,,,,,,,,,,,,,,,,,,,,,,,,,427,,,,,,,,,,,,,,,,,,,,,,,,,,,,,,,,,,,,,,,,,,,,,,,,,,,,,,,,,,,,,,,,,,,,,,,,,,,,,,,,,,,,,,,,,,,,,,,,,,,,,,,,,,,,,,,,,,,,,,,,,,,,,,,,,,,,,,,,,,,,,,,,,,,,,,,,,,,,,,,,
481,PVC,HT,#2,#8,DIESEL_1,0.5835798358401965,1.3927562911405986,32.7483993608538,-0.3064642405227357,0.025477809105151444,-17.54068258202305,0.46438046059159405,,,,,,,,,,,,,,,,PE,HT,#5,-,FT_1,1.2174171117445596,8.521902970609705,127.4380251983005,-0.3203939881170591,-4.928858738335715,-79.79233883236397,0.37387338898101447,,,,,,,,,,,,,,,,,,,,,,,,,,,,428,,,,,,,,,,,,,,,,,,,,,,,,,,,,,,,,,,,,,,,,,,,,,,,,,,,,,,,,,,,,,,,,,,,,,,,,,,,,,,,,,,,,,,,,,,,,,,,,,,,,,,,,,,,,,,,,,,,,,,,,,,,,,,,,,,,,,,,,,,,,,,,,,,,,,,,,,,,,,,,,
482,PVC,HT,#2,#9,DIESEL_1,0.537325661275608,1.2438180810917474,32.34923176490813,-0.2616168153815573,0.19227871559442297,-16.87632740017434,0.4783082478489805,,,,,,,,,,,,,,,,PE,HT,#7,-,MeOH_1,0.7055762443943161,3.505065688140515,80.67368137219589,0.14021285522516608,-0.35224086898035256,-32.28826698385481,0.5997670313954095,,,,,,,,,,,,,,,,,,,,,,,,,,,,429,,,,,,,,,,,,,,,,,,,,,,,,,,,,,,,,,,,,,,,,,,,,,,,,,,,,,,,,,,,,,,,,,,,,,,,,,,,,,,,,,,,,,,,,,,,,,,,,,,,,,,,,,,,,,,,,,,,,,,,,,,,,,,,,,,,,,,,,,,,,,,,,,,,,,,,,,,,,,,,,
483,PVC,HT,#2,#10,DIESEL_1,0.5950698202111436,1.4805226935853213,34.174511310821806,-0.3194104873389211,-0.08012927827187598,-19.014723620425876,0.443599253037318,,,,,,,,,,,,,,,,PE,HT,#8,-,FT_1,0.8555359462688772,4.530849252260102,89.27846503822788,0.10696739848949748,-0.9402233433800533,-43.271271008838156,0.515322412965882,,,,,,,,,,,,,,,,,,,,,,,,,,,,430,,,,,,,,,,,,,,,,,,,,,,,,,,,,,,,,,,,,,,,,,,,,,,,,,,,,,,,,,,,,,,,,,,,,,,,,,,,,,,,,,,,,,,,,,,,,,,,,,,,,,,,,,,,,,,,,,,,,,,,,,,,,,,,,,,,,,,,,,,,,,,,,,,,,,,,,,,,,,,,,
484,PVC,HT,#2,#11,DIESEL_1,0.6464416932245639,1.6947310068850783,35.80587872085381,-0.3693718438682891,-0.2772957754386991,-20.715767526107253,0.421442280816247,,,,,,,,,,,,,,,,PE,HT,#9,-,H2_1,0.7465405749030426,3.886824038120446,78.11432545406493,0.02012977306861245,-0.047047457085990015,-24.98854401667118,0.6801029277099029,,,,,,,,,,,,,,,,,,,,,,,,,,,,431,,,,,,,,,,,,,,,,,,,,,,,,,,,,,,,,,,,,,,,,,,,,,,,,,,,,,,,,,,,,,,,,,,,,,,,,,,,,,,,,,,,,,,,,,,,,,,,,,,,,,,,,,,,,,,,,,,,,,,,,,,,,,,,,,,,,,,,,,,,,,,,,,,,,,,,,,,,,,,,,
485,PVC,HT,#3,#1,MeOH_1,0.619072100358058,2.2427216577306757,35.475655669021315,-0.3439080402445672,-0.8486351190769058,-20.062465251647247,0.43447231986845136,,,,,,,,,,,,,,,,PE,HT,#10,-,MeOH_1,1.0956027512488178,7.14028559739639,122.4743341721959,-0.24314964595683392,-4.116945896695658,-75.43891400937042,0.38404307711275104,,,,,,,,,,,,,,,,,,,,,,,,,,,,432,,,,,,,,,,,,,,,,,,,,,,,,,,,,,,,,,,,,,,,,,,,,,,,,,,,,,,,,,,,,,,,,,,,,,,,,,,,,,,,,,,,,,,,,,,,,,,,,,,,,,,,,,,,,,,,,,,,,,,,,,,,,,,,,,,,,,,,,,,,,,,,,,,,,,,,,,,,,,,,,
486,PVC,HT,#3,#2,MeOH_1,0.8227364025912101,2.481994218080541,45.94946782902131,-0.4210247520854051,-0.9094008585354966,-25.48798567062268,0.44530400731812875,,,,,,,,,,,,,,,,PE,HT,#11,-,FT_1,1.2811197550983915,8.692440761780777,131.66704423822787,-0.3176028314374467,-5.105448049726353,-86.07084919090622,0.3462992224905081,,,,,,,,,,,,,,,,,,,,,,,,,,,,433,,,,,,,,,,,,,,,,,,,,,,,,,,,,,,,,,,,,,,,,,,,,,,,,,,,,,,,,,,,,,,,,,,,,,,,,,,,,,,,,,,,,,,,,,,,,,,,,,,,,,,,,,,,,,,,,,,,,,,,,,,,,,,,,,,,,,,,,,,,,,,,,,,,,,,,,,,,,,,,,
487,PVC,HT,#3,#3,MeOH_1,0.6117869919291183,1.6208779249163094,33.169244708264706,-0.31980264053699037,-0.20252969195834844,-17.205868642732295,0.4812704119715712,,,,,,,,,,,,,,,,PE,SG,#1,-,MeOH_1,0.5764645395185117,4.041559744044348,85.37226838506902,0.2674868653641781,-0.9833132511627171,-39.415495144902614,0.5383103214837841,,,,,,,,,,,,,,,,,,,,,,,,,,,,434,,,,,,,,,,,,,,,,,,,,,,,,,,,,,,,,,,,,,,,,,,,,,,,,,,,,,,,,,,,,,,,,,,,,,,,,,,,,,,,,,,,,,,,,,,,,,,,,,,,,,,,,,,,,,,,,,,,,,,,,,,,,,,,,,,,,,,,,,,,,,,,,,,,,,,,,,,,,,,,,
488,PVC,HT,#3,#4,MeOH_1,0.7091962239506536,2.683530184466147,40.72240606902132,-0.4462074636067204,-1.3715016465223788,-25.447756465467812,0.3750920212735996,,,,,,,,,,,,,,,,PE,SG,#2,-,FT_1,0.808309294366866,5.677962293925761,93.21430645110102,0.19207033597289738,-1.912107390002236,-49.816111265798085,0.46557440416154416,,,,,,,,,,,,,,,,,,,,,,,,,,,,435,,,,,,,,,,,,,,,,,,,,,,,,,,,,,,,,,,,,,,,,,,,,,,,,,,,,,,,,,,,,,,,,,,,,,,,,,,,,,,,,,,,,,,,,,,,,,,,,,,,,,,,,,,,,,,,,,,,,,,,,,,,,,,,,,,,,,,,,,,,,,,,,,,,,,,,,,,,,,,,,
489,PVC,HT,#3,#5,FT_1,0.8980960878143633,2.8968534887704096,50.194074869021314,-0.4940971127255443,-1.3334315680903719,-30.11491533357993,0.40003047347394777,,,,,,,,,,,,,,,,PE,SG,#3,-,H2_1,0.49291713007872934,5.1567611694152165,77.33209524398757,0.1820771736918425,-1.0245524337144836,-20.2153489612401,0.738590440392706,,,,,,,,,,,,,,,,,,,,,,,,,,,,436,,,,,,,,,,,,,,,,,,,,,,,,,,,,,,,,,,,,,,,,,,,,,,,,,,,,,,,,,,,,,,,,,,,,,,,,,,,,,,,,,,,,,,,,,,,,,,,,,,,,,,,,,,,,,,,,,,,,,,,,,,,,,,,,,,,,,,,,,,,,,,,,,,,,,,,,,,,,,,,,
490,PVC,HT,#3,#6,MeOH_1,0.5130197129785647,1.3805914374758703,31.59067237639651,-0.22303844362868394,0.02411540239025414,-15.7644546707346,0.5009775517626123,,,,,,,,,,,,,,,,PE,SG,#4,-,MeOH_1,1.0024522497323747,9.289262571719169,141.38444278506904,-0.15400109289289887,-6.254408024156043,-94.56642985724342,0.33113977751426155,,,,,,,,,,,,,,,,,,,,,,,,,,,,437,,,,,,,,,,,,,,,,,,,,,,,,,,,,,,,,,,,,,,,,,,,,,,,,,,,,,,,,,,,,,,,,,,,,,,,,,,,,,,,,,,,,,,,,,,,,,,,,,,,,,,,,,,,,,,,,,,,,,,,,,,,,,,,,,,,,,,,,,,,,,,,,,,,,,,,,,,,,,,,,
491,PVC,HT,#3,#7,MeOH_1,0.5858880552544011,1.6662673789947906,35.081237749984076,-0.29251283250720506,-0.2602101844055444,-19.56758398654223,0.4422208211125301,,,,,,,,,,,,,,,,PE,SG,#5,-,FT_1,1.2158763218989004,10.906449874190505,148.67836085110105,-0.21616571994999445,-7.143248406693721,-105.42186198940077,0.2909401113523235,,,,,,,,,,,,,,,,,,,,,,,,,,,,438,,,,,,,,,,,,,,,,,,,,,,,,,,,,,,,,,,,,,,,,,,,,,,,,,,,,,,,,,,,,,,,,,,,,,,,,,,,,,,,,,,,,,,,,,,,,,,,,,,,,,,,,,,,,,,,,,,,,,,,,,,,,,,,,,,,,,,,,,,,,,,,,,,,,,,,,,,,,,,,,
492,PVC,HT,#3,#8,MeOH_1,0.6440497688790754,1.8200868611153822,36.656199016016075,-0.3480245124190217,-0.41573332163865745,-21.217709347874926,0.42116995440240984,,,,,,,,,,,,,,,,PE,SG,#6,-,MeOH_1,0.601140287645508,4.017470396803597,88.99923978878815,0.26585971041756096,-0.8601753499644902,-41.70676480770435,0.5313806622766407,,,,,,,,,,,,,,,,,,,,,,,,,,,,439,,,,,,,,,,,,,,,,,,,,,,,,,,,,,,,,,,,,,,,,,,,,,,,,,,,,,,,,,,,,,,,,,,,,,,,,,,,,,,,,,,,,,,,,,,,,,,,,,,,,,,,,,,,,,,,,,,,,,,,,,,,,,,,,,,,,,,,,,,,,,,,,,,,,,,,,,,,,,,,,
493,PVC,HT,#3,#9,MeOH_1,0.5977955943144854,1.6711486510665314,36.257031420070405,-0.30317708727784176,-0.24893241514938652,-20.55335416602621,0.43312087721972964,,,,,,,,,,,,,,,,PE,SG,#7,-,FT_1,0.8354770146104942,6.044972656811135,99.64161065482017,0.14931518471109656,-2.201851396932778,-55.796290260168725,0.44003022538988257,,,,,,,,,,,,,,,,,,,,,,,,,,,,440,,,,,,,,,,,,,,,,,,,,,,,,,,,,,,,,,,,,,,,,,,,,,,,,,,,,,,,,,,,,,,,,,,,,,,,,,,,,,,,,,,,,,,,,,,,,,,,,,,,,,,,,,,,,,,,,,,,,,,,,,,,,,,,,,,,,,,,,,,,,,,,,,,,,,,,,,,,,,,,,
494,PVC,HT,#3,#10,MeOH_1,0.6555397532500223,1.9078532635601053,38.08231096598408,-0.36097075923520694,-0.5213404090156853,-22.691750386277754,0.40413935471125945,,,,,,,,,,,,,,,,PE,SG,#8,-,H2_1,0.5798652776710138,5.690493860474993,90.3027197143264,0.1494819083301126,-1.3992026301041844,-33.12553529515975,0.6331723407672246,,,,,,,,,,,,,,,,,,,,,,,,,,,,441,,,,,,,,,,,,,,,,,,,,,,,,,,,,,,,,,,,,,,,,,,,,,,,,,,,,,,,,,,,,,,,,,,,,,,,,,,,,,,,,,,,,,,,,,,,,,,,,,,,,,,,,,,,,,,,,,,,,,,,,,,,,,,,,,,,,,,,,,,,,,,,,,,,,,,,,,,,,,,,,
495,PVC,HT,#3,#11,MeOH_1,0.7069116262634413,2.122061576859862,39.713678376016084,-0.4109321157645735,-0.7185069061825085,-24.392794291959124,0.38578355646123064,,,,,,,,,,,,,,,,PE,SG,#9,-,MeOH_1,1.0280426530542166,9.421619183295167,143.96028458878817,-0.160024779263037,-6.314043435072769,-97.3065104073078,0.3240739229902428,,,,,,,,,,,,,,,,,,,,,,,,,,,,,,,,,,,,,,,,,,,,,,,,,,,,,,,,,,,,,,,,,,,,,,,,,,,,,,,,,,,,,,,,,,,,,,,,,,,,,,,,,,,,,,,,,,,,,,,,,,,,,,,,,,,,,,,,,,,,,,,,,,,,,,,,,,,,,,,,,,,,,,,,,,,,,,,,,,,,,,,,,,,,
496,PVC,HT,#4,#1,DIESEL_1,0.6548865457451173,2.3454346797832057,36.60551101505332,-0.3557613690620223,-0.8644339280394632,-20.669071717974123,0.43535628530156667,,,,,,,,,,,,,,,,PE,SG,#10,-,FT_1,1.2414667252207408,11.038806485766504,151.25420265482018,-0.2575632460392113,-7.194919603972209,-107.48688580159421,0.2893626496653988,,,,,,,,,,,,,,,,,,,,,,,,,,,,,,,,,,,,,,,,,,,,,,,,,,,,,,,,,,,,,,,,,,,,,,,,,,,,,,,,,,,,,,,,,,,,,,,,,,,,,,,,,,,,,,,,,,,,,,,,,,,,,,,,,,,,,,,,,,,,,,,,,,,,,,,,,,,,,,,,,,,,,,,,,,,,,,,,,,,,,,,,,,,,
497,PVC,HT,#4,#2,FT_1,0.8585508479782692,2.584707240133071,47.07932317505332,-0.43287808090286006,-0.9251996674980539,-26.09459213694957,0.44573136618971765,,,,,,,,,,,,,,,,PE,OG,#1,-,MeOH_1,0.47474447737424835,2.5508674606310446,54.07164927999999,-0.063420238281618,-0.06502765613466233,-29.320413141205997,0.45774886596531056,,,,,,,,,,,,,,,,,,,,,,,,,,,,,,,,,,,,,,,,,,,,,,,,,,,,,,,,,,,,,,,,,,,,,,,,,,,,,,,,,,,,,,,,,,,,,,,,,,,,,,,,,,,,,,,,,,,,,,,,,,,,,,,,,,,,,,,,,,,,,,,,,,,,,,,,,,,,,,,,,,,,,,,,,,,,,,,,,,,,,,,,,,,,
498,PVC,HT,#4,#3,DIESEL_1,0.6476014373161775,1.7235909469688397,34.29910005429671,-0.33165596935444525,-0.21832850092090578,-17.812475109059168,0.48067223102468054,,,,,,,,,,,,,,,,PE,OG,#4,-,MeOH_1,0.7628316820196687,5.79760161929218,90.61194559999998,-0.3533451895450144,-3.328982878194026,-63.418380811711714,0.30011015223458887,,,,,,,,,,,,,,,,,,,,,,,,,,,,,,,,,,,,,,,,,,,,,,,,,,,,,,,,,,,,,,,,,,,,,,,,,,,,,,,,,,,,,,,,,,,,,,,,,,,,,,,,,,,,,,,,,,,,,,,,,,,,,,,,,,,,,,,,,,,,,,,,,,,,,,,,,,,,,,,,,,,,,,,,,,,,,,,,,,,,,,,,,,,,
499,PVC,HT,#4,#4,DIESEL_1,0.7450106693377129,2.786243206518677,41.85226141505331,-0.4580607924241755,-1.3873004554849362,-26.054362931794692,0.37746821674913067,,,,,,,,,,,,,,,,PE,OG,#9,-,MeOH_1,0.7277907485123112,5.040963443490506,93.24176650592051,-0.240080767223115,-2.5060427694269483,-68.08235065921103,0.26982989264914836,,,,,,,,,,,,,,,,,,,,,,,,,,,,,,,,,,,,,,,,,,,,,,,,,,,,,,,,,,,,,,,,,,,,,,,,,,,,,,,,,,,,,,,,,,,,,,,,,,,,,,,,,,,,,,,,,,,,,,,,,,,,,,,,,,,,,,,,,,,,,,,,,,,,,,,,,,,,,,,,,,,,,,,,,,,,,,,,,,,,,,,,,,,,
500,PVC,HT,#4,#5,FT_1,0.9339105332014226,2.999566510822941,51.32393021505332,-0.5059504415429992,-1.34923037705293,-30.72152179990681,0.40141914948485014,,,,,,,,,,,,,,,,PE,OG,#10,-,FT_1,0.8994263666033383,5.642149047314839,98.65712570592052,-0.18206933921985538,-2.4512954044649162,-70.40182413514394,0.28639899417909925,,,,,,,,,,,,,,,,,,,,,,,,,,,,,,,,,,,,,,,,,,,,,,,,,,,,,,,,,,,,,,,,,,,,,,,,,,,,,,,,,,,,,,,,,,,,,,,,,,,,,,,,,,,,,,,,,,,,,,,,,,,,,,,,,,,,,,,,,,,,,,,,,,,,,,,,,,,,,,,,,,,,,,,,,,,,,,,,,,,,,,,,,,,,
501,PVC,HT,#4,#6,DIESEL_1,0.548834158365624,1.4833044595284004,32.7205277224285,-0.23489177244613896,0.008316593427697121,-16.371061137061464,0.4996700152290082,,,,,,,,,,,,,,,,PE,HG,#4,-,MeOH_1,0.5715273207106575,3.005561994045711,88.17238736,0.06933196922983136,-0.13576604096027522,-50.24534461241865,0.43014648784237414,,,,,,,,,,,,,,,,,,,,,,,,,,,,,,,,,,,,,,,,,,,,,,,,,,,,,,,,,,,,,,,,,,,,,,,,,,,,,,,,,,,,,,,,,,,,,,,,,,,,,,,,,,,,,,,,,,,,,,,,,,,,,,,,,,,,,,,,,,,,,,,,,,,,,,,,,,,,,,,,,,,,,,,,,,,,,,,,,,,,,,,,,,,,
502,PVC,HT,#4,#7,DIESEL_1,0.6217025006414602,1.7689804010473207,36.21109309601608,-0.30436616132465993,-0.2760089933681014,-20.174190452869112,0.4428726468053331,,,,,,,,,,,,,,,,PE,HG,#5,-,DIESEL_1,0.635310694332348,3.5383979940502823,91.4753208,0.023134172608140772,-0.5392276376941192,-53.916574700448244,0.41058884266358053,,,,,,,,,,,,,,,,,,,,,,,,,,,,,,,,,,,,,,,,,,,,,,,,,,,,,,,,,,,,,,,,,,,,,,,,,,,,,,,,,,,,,,,,,,,,,,,,,,,,,,,,,,,,,,,,,,,,,,,,,,,,,,,,,,,,,,,,,,,,,,,,,,,,,,,,,,,,,,,,,,,,,,,,,,,,,,,,,,,,,,,,,,,,
503,PVC,HT,#4,#8,DIESEL_1,0.6798642142661347,1.9227998831679127,37.78605436204807,-0.3598778412364768,-0.43153213060121476,-21.8243158142018,0.42242406139864347,,,,,,,,,,,,,,,,,,,,,,,,,,,,,,,,,,,,,,,,,,,,,,,,,,,,,,,,,,,,,,,,,,,,,,,,,,,,,,,,,,,,,,,,,,,,,,,,,,,,,,,,,,,,,,,,,,,,,,,,,,,,,,,,,,,,,,,,,,,,,,,,,,,,,,,,,,,,,,,,,,,,,,,,,,,,,,,,,,,,,,,,,,,,,,,,,,,,,,,,,,,,,,,,,,,,,,,
504,PVC,HT,#4,#9,DIESEL_1,0.6336100397015446,1.7738616731190615,37.38688676610241,-0.31503041609529686,-0.26473122411194355,-21.159960632353084,0.43402720946697804,,,,,,,,,,,,,,,,,,,,,,,,,,,,,,,,,,,,,,,,,,,,,,,,,,,,,,,,,,,,,,,,,,,,,,,,,,,,,,,,,,,,,,,,,,,,,,,,,,,,,,,,,,,,,,,,,,,,,,,,,,,,,,,,,,,,,,,,,,,,,,,,,,,,,,,,,,,,,,,,,,,,,,,,,,,,,,,,,,,,,,,,,,,,,,,,,,,,,,,,,,,,,,,,,,,,,,,
505,PVC,HT,#4,#10,DIESEL_1,0.6913541986370817,2.010566285612635,39.21216631201607,-0.37282408805266204,-0.537139217978242,-23.298356852604627,0.40583856889678804,,,,,,,,,,,,,,,,,,,,,,,,,,,,,,,,,,,,,,,,,,,,,,,,,,,,,,,,,,,,,,,,,,,,,,,,,,,,,,,,,,,,,,,,,,,,,,,,,,,,,,,,,,,,,,,,,,,,,,,,,,,,,,,,,,,,,,,,,,,,,,,,,,,,,,,,,,,,,,,,,,,,,,,,,,,,,,,,,,,,,,,,,,,,,,,,,,,,,,,,,,,,,,,,,,,,,,,
506,PVC,HT,#4,#11,DIESEL_1,0.7427260716505006,2.224774598912392,40.84353372204808,-0.4227854445820287,-0.7343057151450655,-24.999400758286,0.3879226775916582,,,,,,,,,,,,,,,,,,,,,,,,,,,,,,,,,,,,,,,,,,,,,,,,,,,,,,,,,,,,,,,,,,,,,,,,,,,,,,,,,,,,,,,,,,,,,,,,,,,,,,,,,,,,,,,,,,,,,,,,,,,,,,,,,,,,,,,,,,,,,,,,,,,,,,,,,,,,,,,,,,,,,,,,,,,,,,,,,,,,,,,,,,,,,,,,,,,,,,,,,,,,,,,,,,,,,,,
507,PVC,HT,#5,#1,DIESEL_1,0.6173661077863608,2.1087927960191544,34.999567778085606,-0.34069341814011433,-0.6210965319256947,-18.6536175276655,0.4670329174937654,,,,,,,,,,,,,,,,,,,,,,,,,,,,,,,,,,,,,,,,,,,,,,,,,,,,,,,,,,,,,,,,,,,,,,,,,,,,,,,,,,,,,,,,,,,,,,,,,,,,,,,,,,,,,,,,,,,,,,,,,,,,,,,,,,,,,,,,,,,,,,,,,,,,,,,,,,,,,,,,,,,,,,,,,,,,,,,,,,,,,,,,,,,,,,,,,,,,,,,,,,,,,,,,,,,,,,,
508,PVC,HT,#5,#2,FT_1,0.8210304100195126,2.3480653563690193,45.47337993808561,-0.417810129980952,-0.6818622713842851,-24.07913794664094,0.470478377032322,,,,,,,,,,,,,,,,,,,,,,,,,,,,,,,,,,,,,,,,,,,,,,,,,,,,,,,,,,,,,,,,,,,,,,,,,,,,,,,,,,,,,,,,,,,,,,,,,,,,,,,,,,,,,,,,,,,,,,,,,,,,,,,,,,,,,,,,,,,,,,,,,,,,,,,,,,,,,,,,,,,,,,,,,,,,,,,,,,,,,,,,,,,,,,,,,,,,,,,,,,,,,,,,,,,,,,,
509,PVC,HT,#5,#3,DIESEL_1,0.6100809993574212,1.486949063204788,32.693156817329,-0.3165880184325375,0.0250088951928629,-15.797020918750546,0.516809557210537,,,,,,,,,,,,,,,,,,,,,,,,,,,,,,,,,,,,,,,,,,,,,,,,,,,,,,,,,,,,,,,,,,,,,,,,,,,,,,,,,,,,,,,,,,,,,,,,,,,,,,,,,,,,,,,,,,,,,,,,,,,,,,,,,,,,,,,,,,,,,,,,,,,,,,,,,,,,,,,,,,,,,,,,,,,,,,,,,,,,,,,,,,,,,,,,,,,,,,,,,,,,,,,,,,,,,,,
510,PVC,HT,#5,#4,DIESEL_1,0.7074902313789564,2.549601322754625,40.2463181780856,-0.44299284150226764,-1.1439630593711674,-24.038908741486072,0.40270539443840553,,,,,,,,,,,,,,,,,,,,,,,,,,,,,,,,,,,,,,,,,,,,,,,,,,,,,,,,,,,,,,,,,,,,,,,,,,,,,,,,,,,,,,,,,,,,,,,,,,,,,,,,,,,,,,,,,,,,,,,,,,,,,,,,,,,,,,,,,,,,,,,,,,,,,,,,,,,,,,,,,,,,,,,,,,,,,,,,,,,,,,,,,,,,,,,,,,,,,,,,,,,,,,,,,,,,,,,
511,PVC,HT,#5,#5,FT_1,0.8963900952426661,2.7629246270588887,49.71798697808561,-0.4908824906210912,-1.105892980939161,-28.706067609598197,0.42262208600177065,,,,,,,,,,,,,,,,,,,,,,,,,,,,,,,,,,,,,,,,,,,,,,,,,,,,,,,,,,,,,,,,,,,,,,,,,,,,,,,,,,,,,,,,,,,,,,,,,,,,,,,,,,,,,,,,,,,,,,,,,,,,,,,,,,,,,,,,,,,,,,,,,,,,,,,,,,,,,,,,,,,,,,,,,,,,,,,,,,,,,,,,,,,,,,,,,,,,,,,,,,,,,,,,,,,,,,,
512,PVC,HT,#5,#6,DIESEL_1,0.5113137204068675,1.2466625757643486,31.114584485460796,-0.21982382152423088,0.2516539895414656,-14.35560694675285,0.5386212869575382,,,,,,,,,,,,,,,,,,,,,,,,,,,,,,,,,,,,,,,,,,,,,,,,,,,,,,,,,,,,,,,,,,,,,,,,,,,,,,,,,,,,,,,,,,,,,,,,,,,,,,,,,,,,,,,,,,,,,,,,,,,,,,,,,,,,,,,,,,,,,,,,,,,,,,,,,,,,,,,,,,,,,,,,,,,,,,,,,,,,,,,,,,,,,,,,,,,,,,,,,,,,,,,,,,,,,,,
513,PVC,HT,#5,#7,DIESEL_1,0.5841820626827038,1.532338517283269,34.60514985904836,-0.28929821040275205,-0.0326715972543332,-18.158736262560485,0.4752591352291908,,,,,,,,,,,,,,,,,,,,,,,,,,,,,,,,,,,,,,,,,,,,,,,,,,,,,,,,,,,,,,,,,,,,,,,,,,,,,,,,,,,,,,,,,,,,,,,,,,,,,,,,,,,,,,,,,,,,,,,,,,,,,,,,,,,,,,,,,,,,,,,,,,,,,,,,,,,,,,,,,,,,,,,,,,,,,,,,,,,,,,,,,,,,,,,,,,,,,,,,,,,,,,,,,,,,,,,
514,PVC,HT,#5,#8,DIESEL_1,0.6423437763073779,1.6861579994038605,36.18011112508036,-0.3448098903145685,-0.18819473448744595,-19.808861623893176,0.45249306848697035,,,,,,,,,,,,,,,,,,,,,,,,,,,,,,,,,,,,,,,,,,,,,,,,,,,,,,,,,,,,,,,,,,,,,,,,,,,,,,,,,,,,,,,,,,,,,,,,,,,,,,,,,,,,,,,,,,,,,,,,,,,,,,,,,,,,,,,,,,,,,,,,,,,,,,,,,,,,,,,,,,,,,,,,,,,,,,,,,,,,,,,,,,,,,,,,,,,,,,,,,,,,,,,,,,,,,,,
515,PVC,HT,#5,#9,DIESEL_1,0.5960896017427884,1.5372197893550097,35.780943529134696,-0.299962465173389,-0.021393827998174877,-19.144506442044467,0.464952442451496,,,,,,,,,,,,,,,,,,,,,,,,,,,,,,,,,,,,,,,,,,,,,,,,,,,,,,,,,,,,,,,,,,,,,,,,,,,,,,,,,,,,,,,,,,,,,,,,,,,,,,,,,,,,,,,,,,,,,,,,,,,,,,,,,,,,,,,,,,,,,,,,,,,,,,,,,,,,,,,,,,,,,,,,,,,,,,,,,,,,,,,,,,,,,,,,,,,,,,,,,,,,,,,,,,,,,,,
516,PVC,HT,#5,#10,DIESEL_1,0.653833760678325,1.7739244018485836,37.60622307504836,-0.3577561371307538,-0.2938018218644737,-21.282902662296003,0.43405902209793684,,,,,,,,,,,,,,,,,,,,,,,,,,,,,,,,,,,,,,,,,,,,,,,,,,,,,,,,,,,,,,,,,,,,,,,,,,,,,,,,,,,,,,,,,,,,,,,,,,,,,,,,,,,,,,,,,,,,,,,,,,,,,,,,,,,,,,,,,,,,,,,,,,,,,,,,,,,,,,,,,,,,,,,,,,,,,,,,,,,,,,,,,,,,,,,,,,,,,,,,,,,,,,,,,,,,,,,
517,PVC,HT,#5,#11,DIESEL_1,0.7052056336917437,1.9881327151483406,39.23759048508036,-0.4077174936601203,-0.49096831903129695,-22.98394656797737,0.4142365450111736,,,,,,,,,,,,,,,,,,,,,,,,,,,,,,,,,,,,,,,,,,,,,,,,,,,,,,,,,,,,,,,,,,,,,,,,,,,,,,,,,,,,,,,,,,,,,,,,,,,,,,,,,,,,,,,,,,,,,,,,,,,,,,,,,,,,,,,,,,,,,,,,,,,,,,,,,,,,,,,,,,,,,,,,,,,,,,,,,,,,,,,,,,,,,,,,,,,,,,,,,,,,,,,,,,,,,,,
518,PVC,HT,#6,#1,MeOH_1,0.6913496710671806,2.709070601511461,41.573824949021315,-0.41234639543188517,-1.375959150423991,-26.425884358546234,0.364362447021649,,,,,,,,,,,,,,,,,,,,,,,,,,,,,,,,,,,,,,,,,,,,,,,,,,,,,,,,,,,,,,,,,,,,,,,,,,,,,,,,,,,,,,,,,,,,,,,,,,,,,,,,,,,,,,,,,,,,,,,,,,,,,,,,,,,,,,,,,,,,,,,,,,,,,,,,,,,,,,,,,,,,,,,,,,,,,,,,,,,,,,,,,,,,,,,,,,,,,,,,,,,,,,,,,,,,,,,
519,PVC,HT,#6,#2,MeOH_1,0.8950139733003339,2.9483431618613274,52.04763710902132,-0.4894631072727244,-1.4367248898825824,-31.851404777521676,0.3880336063901558,,,,,,,,,,,,,,,,,,,,,,,,,,,,,,,,,,,,,,,,,,,,,,,,,,,,,,,,,,,,,,,,,,,,,,,,,,,,,,,,,,,,,,,,,,,,,,,,,,,,,,,,,,,,,,,,,,,,,,,,,,,,,,,,,,,,,,,,,,,,,,,,,,,,,,,,,,,,,,,,,,,,,,,,,,,,,,,,,,,,,,,,,,,,,,,,,,,,,,,,,,,,,,,,,,,,,,,
520,PVC,HT,#6,#3,MeOH_1,0.6840645626382426,2.087226868697095,39.2674139882647,-0.38824099572431,-0.7298537233054334,-23.569287749631275,0.39977489333330957,,,,,,,,,,,,,,,,,,,,,,,,,,,,,,,,,,,,,,,,,,,,,,,,,,,,,,,,,,,,,,,,,,,,,,,,,,,,,,,,,,,,,,,,,,,,,,,,,,,,,,,,,,,,,,,,,,,,,,,,,,,,,,,,,,,,,,,,,,,,,,,,,,,,,,,,,,,,,,,,,,,,,,,,,,,,,,,,,,,,,,,,,,,,,,,,,,,,,,,,,,,,,,,,,,,,,,,
521,PVC,HT,#6,#4,MeOH_1,0.7814737946597763,3.149879128246932,46.82057534902131,-0.5146458187940385,-1.8988256778694637,-31.81117557236679,0.32057273249565615,,,,,,,,,,,,,,,,,,,,,,,,,,,,,,,,,,,,,,,,,,,,,,,,,,,,,,,,,,,,,,,,,,,,,,,,,,,,,,,,,,,,,,,,,,,,,,,,,,,,,,,,,,,,,,,,,,,,,,,,,,,,,,,,,,,,,,,,,,,,,,,,,,,,,,,,,,,,,,,,,,,,,,,,,,,,,,,,,,,,,,,,,,,,,,,,,,,,,,,,,,,,,,,,,,,,,,,
522,PVC,HT,#6,#5,MeOH_1,0.9703736585234861,3.363202432551196,56.29224414902131,-0.5625354679128624,-1.8607555994374578,-36.47833444047892,0.3519829420210968,,,,,,,,,,,,,,,,,,,,,,,,,,,,,,,,,,,,,,,,,,,,,,,,,,,,,,,,,,,,,,,,,,,,,,,,,,,,,,,,,,,,,,,,,,,,,,,,,,,,,,,,,,,,,,,,,,,,,,,,,,,,,,,,,,,,,,,,,,,,,,,,,,,,,,,,,,,,,,,,,,,,,,,,,,,,,,,,,,,,,,,,,,,,,,,,,,,,,,,,,,,,,,,,,,,,,,,
523,PVC,HT,#6,#6,MeOH_1,0.5852972836876874,1.8469403812566558,37.688841656396505,-0.2914767988160019,-0.503208628956831,-22.12787377763358,0.412879971760075,,,,,,,,,,,,,,,,,,,,,,,,,,,,,,,,,,,,,,,,,,,,,,,,,,,,,,,,,,,,,,,,,,,,,,,,,,,,,,,,,,,,,,,,,,,,,,,,,,,,,,,,,,,,,,,,,,,,,,,,,,,,,,,,,,,,,,,,,,,,,,,,,,,,,,,,,,,,,,,,,,,,,,,,,,,,,,,,,,,,,,,,,,,,,,,,,,,,,,,,,,,,,,,,,,,,,,,
524,PVC,HT,#6,#7,MeOH_1,0.6581656259635252,2.1326163227755766,41.179407029984084,-0.3609511876945245,-0.7875342157526296,-25.931003093441223,0.37029197446772355,,,,,,,,,,,,,,,,,,,,,,,,,,,,,,,,,,,,,,,,,,,,,,,,,,,,,,,,,,,,,,,,,,,,,,,,,,,,,,,,,,,,,,,,,,,,,,,,,,,,,,,,,,,,,,,,,,,,,,,,,,,,,,,,,,,,,,,,,,,,,,,,,,,,,,,,,,,,,,,,,,,,,,,,,,,,,,,,,,,,,,,,,,,,,,,,,,,,,,,,,,,,,,,,,,,,,,,
525,PVC,HT,#6,#8,MeOH_1,0.716327339588198,2.286435804896168,42.75436829601608,-0.4164628676063398,-0.9430573529857427,-27.581128454773914,0.354893323091293,,,,,,,,,,,,,,,,,,,,,,,,,,,,,,,,,,,,,,,,,,,,,,,,,,,,,,,,,,,,,,,,,,,,,,,,,,,,,,,,,,,,,,,,,,,,,,,,,,,,,,,,,,,,,,,,,,,,,,,,,,,,,,,,,,,,,,,,,,,,,,,,,,,,,,,,,,,,,,,,,,,,,,,,,,,,,,,,,,,,,,,,,,,,,,,,,,,,,,,,,,,,,,,,,,,,,,,
526,PVC,HT,#6,#9,MeOH_1,0.6700731650236095,2.137497594847317,42.3552007000704,-0.37161544246516126,-0.7762564464964715,-26.91677327292519,0.36449897939261916,,,,,,,,,,,,,,,,,,,,,,,,,,,,,,,,,,,,,,,,,,,,,,,,,,,,,,,,,,,,,,,,,,,,,,,,,,,,,,,,,,,,,,,,,,,,,,,,,,,,,,,,,,,,,,,,,,,,,,,,,,,,,,,,,,,,,,,,,,,,,,,,,,,,,,,,,,,,,,,,,,,,,,,,,,,,,,,,,,,,,,,,,,,,,,,,,,,,,,,,,,,,,,,,,,,,,,,
527,PVC,HT,#6,#10,MeOH_1,0.7278173239591451,2.3742022073408906,44.18048024598408,-0.429409114422525,-1.04866444036277,-29.05516949317673,0.34235279174409167,,,,,,,,,,,,,,,,,,,,,,,,,,,,,,,,,,,,,,,,,,,,,,,,,,,,,,,,,,,,,,,,,,,,,,,,,,,,,,,,,,,,,,,,,,,,,,,,,,,,,,,,,,,,,,,,,,,,,,,,,,,,,,,,,,,,,,,,,,,,,,,,,,,,,,,,,,,,,,,,,,,,,,,,,,,,,,,,,,,,,,,,,,,,,,,,,,,,,,,,,,,,,,,,,,,,,,,
528,PVC,HT,#6,#11,MeOH_1,0.7791891969725641,2.5884105206406476,45.811847656016084,-0.47937047095189156,-1.2458309375295935,-30.756213398858108,0.32864062524186016,,,,,,,,,,,,,,,,,,,,,,,,,,,,,,,,,,,,,,,,,,,,,,,,,,,,,,,,,,,,,,,,,,,,,,,,,,,,,,,,,,,,,,,,,,,,,,,,,,,,,,,,,,,,,,,,,,,,,,,,,,,,,,,,,,,,,,,,,,,,,,,,,,,,,,,,,,,,,,,,,,,,,,,,,,,,,,,,,,,,,,,,,,,,,,,,,,,,,,,,,,,,,,,,,,,,,,,
529,PVC,HT,#7,#1,DIESEL_1,0.7280164781245005,2.9521267866054433,42.89329837505331,-0.43777286485187605,-1.5457636598990556,-28.04940829009138,0.3460654845232214,,,,,,,,,,,,,,,,,,,,,,,,,,,,,,,,,,,,,,,,,,,,,,,,,,,,,,,,,,,,,,,,,,,,,,,,,,,,,,,,,,,,,,,,,,,,,,,,,,,,,,,,,,,,,,,,,,,,,,,,,,,,,,,,,,,,,,,,,,,,,,,,,,,,,,,,,,,,,,,,,,,,,,,,,,,,,,,,,,,,,,,,,,,,,,,,,,,,,,,,,,,,,,,,,,,,,,,
530,PVC,HT,#7,#2,FT_1,0.9316807803576523,3.191399346955309,53.36711053505332,-0.5148895766927137,-1.6065293993576466,-33.47492870906684,0.37274234311262977,,,,,,,,,,,,,,,,,,,,,,,,,,,,,,,,,,,,,,,,,,,,,,,,,,,,,,,,,,,,,,,,,,,,,,,,,,,,,,,,,,,,,,,,,,,,,,,,,,,,,,,,,,,,,,,,,,,,,,,,,,,,,,,,,,,,,,,,,,,,,,,,,,,,,,,,,,,,,,,,,,,,,,,,,,,,,,,,,,,,,,,,,,,,,,,,,,,,,,,,,,,,,,,,,,,,,,,
531,PVC,HT,#7,#3,DIESEL_1,0.720731369695561,2.330283053791077,40.586887414296704,-0.4136674651442992,-0.8996582327804983,-25.192811681176433,0.3792869252569912,,,,,,,,,,,,,,,,,,,,,,,,,,,,,,,,,,,,,,,,,,,,,,,,,,,,,,,,,,,,,,,,,,,,,,,,,,,,,,,,,,,,,,,,,,,,,,,,,,,,,,,,,,,,,,,,,,,,,,,,,,,,,,,,,,,,,,,,,,,,,,,,,,,,,,,,,,,,,,,,,,,,,,,,,,,,,,,,,,,,,,,,,,,,,,,,,,,,,,,,,,,,,,,,,,,,,,,
532,PVC,HT,#7,#4,DIESEL_1,0.818140601717096,3.392935313340914,48.14004877505332,-0.5400722882140292,-2.0686301873445285,-33.43469950391196,0.30547017806018156,,,,,,,,,,,,,,,,,,,,,,,,,,,,,,,,,,,,,,,,,,,,,,,,,,,,,,,,,,,,,,,,,,,,,,,,,,,,,,,,,,,,,,,,,,,,,,,,,,,,,,,,,,,,,,,,,,,,,,,,,,,,,,,,,,,,,,,,,,,,,,,,,,,,,,,,,,,,,,,,,,,,,,,,,,,,,,,,,,,,,,,,,,,,,,,,,,,,,,,,,,,,,,,,,,,,,,,
533,PVC,HT,#7,#5,FT_1,1.0070404655808045,3.6062586176451776,57.61171757505331,-0.5879619373328516,-2.030560108912522,-38.101858372024076,0.3386439430071302,,,,,,,,,,,,,,,,,,,,,,,,,,,,,,,,,,,,,,,,,,,,,,,,,,,,,,,,,,,,,,,,,,,,,,,,,,,,,,,,,,,,,,,,,,,,,,,,,,,,,,,,,,,,,,,,,,,,,,,,,,,,,,,,,,,,,,,,,,,,,,,,,,,,,,,,,,,,,,,,,,,,,,,,,,,,,,,,,,,,,,,,,,,,,,,,,,,,,,,,,,,,,,,,,,,,,,,
534,PVC,HT,#7,#6,DIESEL_1,0.6219640907450072,2.089996566350638,39.008315082428496,-0.3169032682359927,-0.6730131384318957,-23.75139770917873,0.39111962003512246,,,,,,,,,,,,,,,,,,,,,,,,,,,,,,,,,,,,,,,,,,,,,,,,,,,,,,,,,,,,,,,,,,,,,,,,,,,,,,,,,,,,,,,,,,,,,,,,,,,,,,,,,,,,,,,,,,,,,,,,,,,,,,,,,,,,,,,,,,,,,,,,,,,,,,,,,,,,,,,,,,,,,,,,,,,,,,,,,,,,,,,,,,,,,,,,,,,,,,,,,,,,,,,,,,,,,,,
535,PVC,HT,#7,#7,DIESEL_1,0.6948324330208433,2.375672507869558,42.498880456016074,-0.3863776571145135,-0.9573387252276939,-27.55452702498637,0.3516411084404037,,,,,,,,,,,,,,,,,,,,,,,,,,,,,,,,,,,,,,,,,,,,,,,,,,,,,,,,,,,,,,,,,,,,,,,,,,,,,,,,,,,,,,,,,,,,,,,,,,,,,,,,,,,,,,,,,,,,,,,,,,,,,,,,,,,,,,,,,,,,,,,,,,,,,,,,,,,,,,,,,,,,,,,,,,,,,,,,,,,,,,,,,,,,,,,,,,,,,,,,,,,,,,,,,,,,,,,
536,PVC,HT,#7,#8,DIESEL_1,0.7529941466455163,2.5294919899901496,44.07384172204807,-0.4418893370263289,-1.1128618624608069,-29.204652386319065,0.33736993996351927,,,,,,,,,,,,,,,,,,,,,,,,,,,,,,,,,,,,,,,,,,,,,,,,,,,,,,,,,,,,,,,,,,,,,,,,,,,,,,,,,,,,,,,,,,,,,,,,,,,,,,,,,,,,,,,,,,,,,,,,,,,,,,,,,,,,,,,,,,,,,,,,,,,,,,,,,,,,,,,,,,,,,,,,,,,,,,,,,,,,,,,,,,,,,,,,,,,,,,,,,,,,,,,,,,,,,,,
537,PVC,HT,#7,#9,DIESEL_1,0.706739972080928,2.3805537799412986,43.6746741261024,-0.3970419118851506,-0.9460609559715357,-28.540297204470352,0.34652523972896476,,,,,,,,,,,,,,,,,,,,,,,,,,,,,,,,,,,,,,,,,,,,,,,,,,,,,,,,,,,,,,,,,,,,,,,,,,,,,,,,,,,,,,,,,,,,,,,,,,,,,,,,,,,,,,,,,,,,,,,,,,,,,,,,,,,,,,,,,,,,,,,,,,,,,,,,,,,,,,,,,,,,,,,,,,,,,,,,,,,,,,,,,,,,,,,,,,,,,,,,,,,,,,,,,,,,,,,
538,PVC,HT,#7,#10,DIESEL_1,0.7644841310164632,2.6172583924348727,45.499953672016076,-0.4548355838425141,-1.218468949837835,-30.678693424721896,0.32574231512700924,,,,,,,,,,,,,,,,,,,,,,,,,,,,,,,,,,,,,,,,,,,,,,,,,,,,,,,,,,,,,,,,,,,,,,,,,,,,,,,,,,,,,,,,,,,,,,,,,,,,,,,,,,,,,,,,,,,,,,,,,,,,,,,,,,,,,,,,,,,,,,,,,,,,,,,,,,,,,,,,,,,,,,,,,,,,,,,,,,,,,,,,,,,,,,,,,,,,,,,,,,,,,,,,,,,,,,,
539,PVC,HT,#7,#11,DIESEL_1,0.8158560040298838,2.8314667057346297,47.131321082048075,-0.5047969403718823,-1.415635447004658,-32.37973733040326,0.31298897236435763,,,,,,,,,,,,,,,,,,,,,,,,,,,,,,,,,,,,,,,,,,,,,,,,,,,,,,,,,,,,,,,,,,,,,,,,,,,,,,,,,,,,,,,,,,,,,,,,,,,,,,,,,,,,,,,,,,,,,,,,,,,,,,,,,,,,,,,,,,,,,,,,,,,,,,,,,,,,,,,,,,,,,,,,,,,,,,,,,,,,,,,,,,,,,,,,,,,,,,,,,,,,,,,,,,,,,,,
540,PVC,HT,#8,#1,Aromatics,0.6712015168769442,1.3291332192001486,25.105712576408106,-0.43949898452358194,0.09335191220596463,-10.780499736993377,0.5705957477134571,,,,,,,,,,,,,,,,,,,,,,,,,,,,,,,,,,,,,,,,,,,,,,,,,,,,,,,,,,,,,,,,,,,,,,,,,,,,,,,,,,,,,,,,,,,,,,,,,,,,,,,,,,,,,,,,,,,,,,,,,,,,,,,,,,,,,,,,,,,,,,,,,,,,,,,,,,,,,,,,,,,,,,,,,,,,,,,,,,,,,,,,,,,,,,,,,,,,,,,,,,,,,,,,,,,,,,,
541,PVC,HT,#8,#2,Aromatics,0.874865819110096,1.5684057795500141,35.57952473640811,-0.5166156963644195,0.03258617274737388,-16.206020155968826,0.544512742201264,,,,,,,,,,,,,,,,,,,,,,,,,,,,,,,,,,,,,,,,,,,,,,,,,,,,,,,,,,,,,,,,,,,,,,,,,,,,,,,,,,,,,,,,,,,,,,,,,,,,,,,,,,,,,,,,,,,,,,,,,,,,,,,,,,,,,,,,,,,,,,,,,,,,,,,,,,,,,,,,,,,,,,,,,,,,,,,,,,,,,,,,,,,,,,,,,,,,,,,,,,,,,,,,,,,,,,,
542,PVC,HT,#8,#3,Aromatics,0.6639164084480049,0.7072894863857824,22.799301615651498,-0.41539358481600547,0.7394573393245223,-7.923903128078426,0.6524497433448249,,,,,,,,,,,,,,,,,,,,,,,,,,,,,,,,,,,,,,,,,,,,,,,,,,,,,,,,,,,,,,,,,,,,,,,,,,,,,,,,,,,,,,,,,,,,,,,,,,,,,,,,,,,,,,,,,,,,,,,,,,,,,,,,,,,,,,,,,,,,,,,,,,,,,,,,,,,,,,,,,,,,,,,,,,,,,,,,,,,,,,,,,,,,,,,,,,,,,,,,,,,,,,,,,,,,,,,
543,PVC,HT,#8,#4,Aromatics,0.7613256404695397,1.7699417459356193,30.352462976408106,-0.5417984078857351,-0.42951461523950785,-16.165790950813946,0.4673977211213784,,,,,,,,,,,,,,,,,,,,,,,,,,,,,,,,,,,,,,,,,,,,,,,,,,,,,,,,,,,,,,,,,,,,,,,,,,,,,,,,,,,,,,,,,,,,,,,,,,,,,,,,,,,,,,,,,,,,,,,,,,,,,,,,,,,,,,,,,,,,,,,,,,,,,,,,,,,,,,,,,,,,,,,,,,,,,,,,,,,,,,,,,,,,,,,,,,,,,,,,,,,,,,,,,,,,,,,
544,PVC,HT,#8,#5,Aromatics,0.9502255043332494,1.983265050239883,39.82413177640811,-0.5896880570045587,-0.39144453680750163,-20.832949818926078,0.47687623333780865,,,,,,,,,,,,,,,,,,,,,,,,,,,,,,,,,,,,,,,,,,,,,,,,,,,,,,,,,,,,,,,,,,,,,,,,,,,,,,,,,,,,,,,,,,,,,,,,,,,,,,,,,,,,,,,,,,,,,,,,,,,,,,,,,,,,,,,,,,,,,,,,,,,,,,,,,,,,,,,,,,,,,,,,,,,,,,,,,,,,,,,,,,,,,,,,,,,,,,,,,,,,,,,,,,,,,,,
545,PVC,HT,#8,#6,Aromatics,0.5651491294974511,0.46700299894534253,21.22072928378329,-0.31862938790769885,0.9661024336731255,-6.482489156080726,0.6945209059787313,,,,,,,,,,,,,,,,,,,,,,,,,,,,,,,,,,,,,,,,,,,,,,,,,,,,,,,,,,,,,,,,,,,,,,,,,,,,,,,,,,,,,,,,,,,,,,,,,,,,,,,,,,,,,,,,,,,,,,,,,,,,,,,,,,,,,,,,,,,,,,,,,,,,,,,,,,,,,,,,,,,,,,,,,,,,,,,,,,,,,,,,,,,,,,,,,,,,,,,,,,,,,,,,,,,,,,,
546,PVC,HT,#8,#7,Aromatics,0.6380174717732872,0.7526789404642633,24.711294657370868,-0.3881037767862197,0.6817768468773265,-10.285618471888366,0.5837685311716203,,,,,,,,,,,,,,,,,,,,,,,,,,,,,,,,,,,,,,,,,,,,,,,,,,,,,,,,,,,,,,,,,,,,,,,,,,,,,,,,,,,,,,,,,,,,,,,,,,,,,,,,,,,,,,,,,,,,,,,,,,,,,,,,,,,,,,,,,,,,,,,,,,,,,,,,,,,,,,,,,,,,,,,,,,,,,,,,,,,,,,,,,,,,,,,,,,,,,,,,,,,,,,,,,,,,,,,
547,PVC,HT,#8,#8,Aromatics,0.6961791853979605,0.9064984225848549,26.286255923402866,-0.4436154566980353,0.5262537096442135,-11.935743833221059,0.5459321453766046,,,,,,,,,,,,,,,,,,,,,,,,,,,,,,,,,,,,,,,,,,,,,,,,,,,,,,,,,,,,,,,,,,,,,,,,,,,,,,,,,,,,,,,,,,,,,,,,,,,,,,,,,,,,,,,,,,,,,,,,,,,,,,,,,,,,,,,,,,,,,,,,,,,,,,,,,,,,,,,,,,,,,,,,,,,,,,,,,,,,,,,,,,,,,,,,,,,,,,,,,,,,,,,,,,,,,,,
548,PVC,HT,#8,#9,Aromatics,0.6499250108333718,0.7575602125360041,25.887088327457196,-0.3987680315568568,0.6930546161334844,-11.271388651372343,0.5645941904011923,,,,,,,,,,,,,,,,,,,,,,,,,,,,,,,,,,,,,,,,,,,,,,,,,,,,,,,,,,,,,,,,,,,,,,,,,,,,,,,,,,,,,,,,,,,,,,,,,,,,,,,,,,,,,,,,,,,,,,,,,,,,,,,,,,,,,,,,,,,,,,,,,,,,,,,,,,,,,,,,,,,,,,,,,,,,,,,,,,,,,,,,,,,,,,,,,,,,,,,,,,,,,,,,,,,,,,,
549,PVC,HT,#8,#10,Aromatics,0.7076691697689077,0.9942648250295778,27.712367873370866,-0.45656170351422076,0.4206466222671859,-13.409784871623883,0.5161082974613115,,,,,,,,,,,,,,,,,,,,,,,,,,,,,,,,,,,,,,,,,,,,,,,,,,,,,,,,,,,,,,,,,,,,,,,,,,,,,,,,,,,,,,,,,,,,,,,,,,,,,,,,,,,,,,,,,,,,,,,,,,,,,,,,,,,,,,,,,,,,,,,,,,,,,,,,,,,,,,,,,,,,,,,,,,,,,,,,,,,,,,,,,,,,,,,,,,,,,,,,,,,,,,,,,,,,,,,
550,PVC,HT,#8,#11,Aromatics,0.7590410427823271,1.2084731383293348,29.343735283402868,-0.5065230600435877,0.2234801251003626,-15.110828777305255,0.48504072057070036,,,,,,,,,,,,,,,,,,,,,,,,,,,,,,,,,,,,,,,,,,,,,,,,,,,,,,,,,,,,,,,,,,,,,,,,,,,,,,,,,,,,,,,,,,,,,,,,,,,,,,,,,,,,,,,,,,,,,,,,,,,,,,,,,,,,,,,,,,,,,,,,,,,,,,,,,,,,,,,,,,,,,,,,,,,,,,,,,,,,,,,,,,,,,,,,,,,,,,,,,,,,,,,,,,,,,,,
551,PVC,HT,#9,#1,Aromatics,0.7519517736653496,1.6530127443651006,27.41593541880811,-0.5286237350981982,-0.18957417399396478,-12.833664989645944,0.5318903114703981,,,,,,,,,,,,,,,,,,,,,,,,,,,,,,,,,,,,,,,,,,,,,,,,,,,,,,,,,,,,,,,,,,,,,,,,,,,,,,,,,,,,,,,,,,,,,,,,,,,,,,,,,,,,,,,,,,,,,,,,,,,,,,,,,,,,,,,,,,,,,,,,,,,,,,,,,,,,,,,,,,,,,,,,,,,,,,,,,,,,,,,,,,,,,,,,,,,,,,,,,,,,,,,,,,,,,,,
552,PVC,HT,#9,#2,Aromatics,0.9556160758985017,1.8922853047149661,37.889747578808105,-0.6057404469390361,-0.2503399134525555,-18.25918540862138,0.5180969371557962,,,,,,,,,,,,,,,,,,,,,,,,,,,,,,,,,,,,,,,,,,,,,,,,,,,,,,,,,,,,,,,,,,,,,,,,,,,,,,,,,,,,,,,,,,,,,,,,,,,,,,,,,,,,,,,,,,,,,,,,,,,,,,,,,,,,,,,,,,,,,,,,,,,,,,,,,,,,,,,,,,,,,,,,,,,,,,,,,,,,,,,,,,,,,,,,,,,,,,,,,,,,,,,,,,,,,,,
553,PVC,HT,#9,#3,Aromatics,0.74466666523641,1.0311690115507344,25.1095244580515,-0.5045183353906215,0.4565312531245929,-9.977068380730993,0.6026580114092207,,,,,,,,,,,,,,,,,,,,,,,,,,,,,,,,,,,,,,,,,,,,,,,,,,,,,,,,,,,,,,,,,,,,,,,,,,,,,,,,,,,,,,,,,,,,,,,,,,,,,,,,,,,,,,,,,,,,,,,,,,,,,,,,,,,,,,,,,,,,,,,,,,,,,,,,,,,,,,,,,,,,,,,,,,,,,,,,,,,,,,,,,,,,,,,,,,,,,,,,,,,,,,,,,,,,,,,
554,PVC,HT,#9,#4,Aromatics,0.8420758972579455,2.0938212711005715,32.662685818808114,-0.6309231584603517,-0.7124407014394376,-18.21895620346651,0.4422088769878344,,,,,,,,,,,,,,,,,,,,,,,,,,,,,,,,,,,,,,,,,,,,,,,,,,,,,,,,,,,,,,,,,,,,,,,,,,,,,,,,,,,,,,,,,,,,,,,,,,,,,,,,,,,,,,,,,,,,,,,,,,,,,,,,,,,,,,,,,,,,,,,,,,,,,,,,,,,,,,,,,,,,,,,,,,,,,,,,,,,,,,,,,,,,,,,,,,,,,,,,,,,,,,,,,,,,,,,
555,PVC,HT,#9,#5,Aromatics,1.0309757611216537,2.3071445754048354,42.13435461880811,-0.6788128075791738,-0.6743706230074313,-22.886115071578633,0.4568300552214312,,,,,,,,,,,,,,,,,,,,,,,,,,,,,,,,,,,,,,,,,,,,,,,,,,,,,,,,,,,,,,,,,,,,,,,,,,,,,,,,,,,,,,,,,,,,,,,,,,,,,,,,,,,,,,,,,,,,,,,,,,,,,,,,,,,,,,,,,,,,,,,,,,,,,,,,,,,,,,,,,,,,,,,,,,,,,,,,,,,,,,,,,,,,,,,,,,,,,,,,,,,,,,,,,,,,,,,
556,PVC,HT,#9,#6,Aromatics,0.6458993862858562,0.7908825241102946,23.530952126183294,-0.4077541384823146,0.6831763474731961,-8.53565440873329,0.6372584346370107,,,,,,,,,,,,,,,,,,,,,,,,,,,,,,,,,,,,,,,,,,,,,,,,,,,,,,,,,,,,,,,,,,,,,,,,,,,,,,,,,,,,,,,,,,,,,,,,,,,,,,,,,,,,,,,,,,,,,,,,,,,,,,,,,,,,,,,,,,,,,,,,,,,,,,,,,,,,,,,,,,,,,,,,,,,,,,,,,,,,,,,,,,,,,,,,,,,,,,,,,,,,,,,,,,,,,,,
557,PVC,HT,#9,#7,Aromatics,0.7187677285616924,1.0765584656292153,27.02151749977087,-0.47722852736083565,0.3988507606773971,-12.338783724540932,0.5433719174119085,,,,,,,,,,,,,,,,,,,,,,,,,,,,,,,,,,,,,,,,,,,,,,,,,,,,,,,,,,,,,,,,,,,,,,,,,,,,,,,,,,,,,,,,,,,,,,,,,,,,,,,,,,,,,,,,,,,,,,,,,,,,,,,,,,,,,,,,,,,,,,,,,,,,,,,,,,,,,,,,,,,,,,,,,,,,,,,,,,,,,,,,,,,,,,,,,,,,,,,,,,,,,,,,,,,,,,,
558,PVC,HT,#9,#8,Aromatics,0.7769294421863656,1.230377947749807,28.596478765802875,-0.5327402072726511,0.24332762344428405,-13.988909085873622,0.5108170764506057,,,,,,,,,,,,,,,,,,,,,,,,,,,,,,,,,,,,,,,,,,,,,,,,,,,,,,,,,,,,,,,,,,,,,,,,,,,,,,,,,,,,,,,,,,,,,,,,,,,,,,,,,,,,,,,,,,,,,,,,,,,,,,,,,,,,,,,,,,,,,,,,,,,,,,,,,,,,,,,,,,,,,,,,,,,,,,,,,,,,,,,,,,,,,,,,,,,,,,,,,,,,,,,,,,,,,,,
559,PVC,HT,#9,#9,Aromatics,0.7306752676217768,1.081439737700956,28.19731116985719,-0.48789278213147236,0.4101285299335552,-13.324553904024905,0.527453031824226,,,,,,,,,,,,,,,,,,,,,,,,,,,,,,,,,,,,,,,,,,,,,,,,,,,,,,,,,,,,,,,,,,,,,,,,,,,,,,,,,,,,,,,,,,,,,,,,,,,,,,,,,,,,,,,,,,,,,,,,,,,,,,,,,,,,,,,,,,,,,,,,,,,,,,,,,,,,,,,,,,,,,,,,,,,,,,,,,,,,,,,,,,,,,,,,,,,,,,,,,,,,,,,,,,,,,,,
560,PVC,HT,#9,#10,Aromatics,0.7884194265573126,1.3181443501945298,30.022590715770868,-0.5456864540888365,0.13772053606725662,-15.462950124276452,0.4849561694836094,,,,,,,,,,,,,,,,,,,,,,,,,,,,,,,,,,,,,,,,,,,,,,,,,,,,,,,,,,,,,,,,,,,,,,,,,,,,,,,,,,,,,,,,,,,,,,,,,,,,,,,,,,,,,,,,,,,,,,,,,,,,,,,,,,,,,,,,,,,,,,,,,,,,,,,,,,,,,,,,,,,,,,,,,,,,,,,,,,,,,,,,,,,,,,,,,,,,,,,,,,,,,,,,,,,,,,,
561,PVC,HT,#9,#11,Aromatics,0.8397912995707315,1.5323526634942868,31.653958125802873,-0.5956478106182032,-0.05944596109956682,-17.163994029957824,0.45776152348017063,,,,,,,,,,,,,,,,,,,,,,,,,,,,,,,,,,,,,,,,,,,,,,,,,,,,,,,,,,,,,,,,,,,,,,,,,,,,,,,,,,,,,,,,,,,,,,,,,,,,,,,,,,,,,,,,,,,,,,,,,,,,,,,,,,,,,,,,,,,,,,,,,,,,,,,,,,,,,,,,,,,,,,,,,,,,,,,,,,,,,,,,,,,,,,,,,,,,,,,,,,,,,,,,,,,,,,,
562,PVC,LT,#1,#1,GASOLINE_1,0.44645583782871956,1.7301916152707528,29.595082910352236,-0.1593105151974126,-0.40957113911677034,-13.620113130529957,0.5397845928735108,,,,,,,,,,,,,,,,,,,,,,,,,,,,,,,,,,,,,,,,,,,,,,,,,,,,,,,,,,,,,,,,,,,,,,,,,,,,,,,,,,,,,,,,,,,,,,,,,,,,,,,,,,,,,,,,,,,,,,,,,,,,,,,,,,,,,,,,,,,,,,,,,,,,,,,,,,,,,,,,,,,,,,,,,,,,,,,,,,,,,,,,,,,,,,,,,,,,,,,,,,,,,,,,,,,,,,,
563,PVC,LT,#1,#2,GASOLINE_1,0.6748583892941864,1.99742933567546,43.01261219035223,-0.21950695332012757,-0.4373136570937091,-20.186189962913648,0.5306913731819005,,,,,,,,,,,,,,,,,,,,,,,,,,,,,,,,,,,,,,,,,,,,,,,,,,,,,,,,,,,,,,,,,,,,,,,,,,,,,,,,,,,,,,,,,,,,,,,,,,,,,,,,,,,,,,,,,,,,,,,,,,,,,,,,,,,,,,,,,,,,,,,,,,,,,,,,,,,,,,,,,,,,,,,,,,,,,,,,,,,,,,,,,,,,,,,,,,,,,,,,,,,,,,,,,,,,,,,
564,PVC,LT,#1,#3,GASOLINE_1,0.42262354295054366,0.9546559929840793,27.16236562856319,-0.11432065143008587,0.38217366651191526,-10.816790089303183,0.6017729001509152,,,,,,,,,,,,,,,,,,,,,,,,,,,,,,,,,,,,,,,,,,,,,,,,,,,,,,,,,,,,,,,,,,,,,,,,,,,,,,,,,,,,,,,,,,,,,,,,,,,,,,,,,,,,,,,,,,,,,,,,,,,,,,,,,,,,,,,,,,,,,,,,,,,,,,,,,,,,,,,,,,,,,,,,,,,,,,,,,,,,,,,,,,,,,,,,,,,,,,,,,,,,,,,,,,,,,,,
565,PVC,LT,#1,#4,GASOLINE_1,0.5175507369031653,2.272248340441503,35.88671459035223,-0.2474385329950973,-1.028720600880415,-20.783929050396868,0.4208461463344874,,,,,,,,,,,,,,,,,,,,,,,,,,,,,,,,,,,,,,,,,,,,,,,,,,,,,,,,,,,,,,,,,,,,,,,,,,,,,,,,,,,,,,,,,,,,,,,,,,,,,,,,,,,,,,,,,,,,,,,,,,,,,,,,,,,,,,,,,,,,,,,,,,,,,,,,,,,,,,,,,,,,,,,,,,,,,,,,,,,,,,,,,,,,,,,,,,,,,,,,,,,,,,,,,,,,,,,
566,PVC,LT,#1,#5,GASOLINE_1,0.592616644021103,2.202367713232629,38.35058979035224,-0.13282380102150626,-0.6503835248056644,-15.837566180089375,0.5870320048096471,,,,,,,,,,,,,,,,,,,,,,,,,,,,,,,,,,,,,,,,,,,,,,,,,,,,,,,,,,,,,,,,,,,,,,,,,,,,,,,,,,,,,,,,,,,,,,,,,,,,,,,,,,,,,,,,,,,,,,,,,,,,,,,,,,,,,,,,,,,,,,,,,,,,,,,,,,,,,,,,,,,,,,,,,,,,,,,,,,,,,,,,,,,,,,,,,,,,,,,,,,,,,,,,,,,,,,,
567,PVC,LT,#1,#6,GASOLINE_1,0.3402249690367627,0.6524114764664896,24.953856637896738,-0.03314494819403134,0.6552319347070953,-8.533281352279301,0.6580375740670066,,,,,,,,,,,,,,,,,,,,,,,,,,,,,,,,,,,,,,,,,,,,,,,,,,,,,,,,,,,,,,,,,,,,,,,,,,,,,,,,,,,,,,,,,,,,,,,,,,,,,,,,,,,,,,,,,,,,,,,,,,,,,,,,,,,,,,,,,,,,,,,,,,,,,,,,,,,,,,,,,,,,,,,,,,,,,,,,,,,,,,,,,,,,,,,,,,,,,,,,,,,,,,,,,,,,,,,
568,PVC,LT,#1,#7,GASOLINE_1,0.40988904108121244,1.0491429872955307,29.117259774594,-0.10381594517378731,0.2662476675109783,-13.269619194136858,0.5442696429244642,,,,,,,,,,,,,,,,,,,,,,,,,,,,,,,,,,,,,,,,,,,,,,,,,,,,,,,,,,,,,,,,,,,,,,,,,,,,,,,,,,,,,,,,,,,,,,,,,,,,,,,,,,,,,,,,,,,,,,,,,,,,,,,,,,,,,,,,,,,,,,,,,,,,,,,,,,,,,,,,,,,,,,,,,,,,,,,,,,,,,,,,,,,,,,,,,,,,,,,,,,,,,,,,,,,,,,,
569,PVC,LT,#1,#8,GASOLINE_1,0.4458396327587896,1.1253146816719375,30.242116080626,-0.1325033901049338,0.17366117943110168,-14.787268192837915,0.5110372517116591,,,,,,,,,,,,,,,,,,,,,,,,,,,,,,,,,,,,,,,,,,,,,,,,,,,,,,,,,,,,,,,,,,,,,,,,,,,,,,,,,,,,,,,,,,,,,,,,,,,,,,,,,,,,,,,,,,,,,,,,,,,,,,,,,,,,,,,,,,,,,,,,,,,,,,,,,,,,,,,,,,,,,,,,,,,,,,,,,,,,,,,,,,,,,,,,,,,,,,,,,,,,,,,,,,,,,,,
570,PVC,LT,#1,#9,GASOLINE_1,0.40852564078698284,1.0203856539170184,30.78053111971832,-0.09877924252004575,0.3133947287018916,-14.667442855470275,0.523483113451731,,,,,,,,,,,,,,,,,,,,,,,,,,,,,,,,,,,,,,,,,,,,,,,,,,,,,,,,,,,,,,,,,,,,,,,,,,,,,,,,,,,,,,,,,,,,,,,,,,,,,,,,,,,,,,,,,,,,,,,,,,,,,,,,,,,,,,,,,,,,,,,,,,,,,,,,,,,,,,,,,,,,,,,,,,,,,,,,,,,,,,,,,,,,,,,,,,,,,,,,,,,,,,,,,,,,,,,
571,PVC,LT,#1,#10,GASOLINE_1,0.44999981127247823,1.214266417274807,31.672386014594,-0.14108207308483345,0.05182054269808203,-16.07343586185864,0.49250947325369415,,,,,,,,,,,,,,,,,,,,,,,,,,,,,,,,,,,,,,,,,,,,,,,,,,,,,,,,,,,,,,,,,,,,,,,,,,,,,,,,,,,,,,,,,,,,,,,,,,,,,,,,,,,,,,,,,,,,,,,,,,,,,,,,,,,,,,,,,,,,,,,,,,,,,,,,,,,,,,,,,,,,,,,,,,,,,,,,,,,,,,,,,,,,,,,,,,,,,,,,,,,,,,,,,,,,,,,
572,PVC,LT,#1,#11,GASOLINE_1,0.4664973277246183,1.3028265487961956,32.147353056626,-0.15218743896370582,-0.008554421760810315,-16.708651320961703,0.480247991443332,,,,,,,,,,,,,,,,,,,,,,,,,,,,,,,,,,,,,,,,,,,,,,,,,,,,,,,,,,,,,,,,,,,,,,,,,,,,,,,,,,,,,,,,,,,,,,,,,,,,,,,,,,,,,,,,,,,,,,,,,,,,,,,,,,,,,,,,,,,,,,,,,,,,,,,,,,,,,,,,,,,,,,,,,,,,,,,,,,,,,,,,,,,,,,,,,,,,,,,,,,,,,,,,,,,,,,,
573,PVC,LT,#2,#1,GASOLINE_1,0.538467130526266,2.017315129020414,32.6021389508427,-0.27361970954297055,-0.5805435826852697,-16.522858289342462,0.49319710850090165,,,,,,,,,,,,,,,,,,,,,,,,,,,,,,,,,,,,,,,,,,,,,,,,,,,,,,,,,,,,,,,,,,,,,,,,,,,,,,,,,,,,,,,,,,,,,,,,,,,,,,,,,,,,,,,,,,,,,,,,,,,,,,,,,,,,,,,,,,,,,,,,,,,,,,,,,,,,,,,,,,,,,,,,,,,,,,,,,,,,,,,,,,,,,,,,,,,,,,,,,,,,,,,,,,,,,,,
574,PVC,LT,#2,#2,FT_1,0.7668696819917343,2.28455284942512,46.0196682308427,-0.333816147665687,-0.6082861006622079,-23.088935121726152,0.49828114783644206,,,,,,,,,,,,,,,,,,,,,,,,,,,,,,,,,,,,,,,,,,,,,,,,,,,,,,,,,,,,,,,,,,,,,,,,,,,,,,,,,,,,,,,,,,,,,,,,,,,,,,,,,,,,,,,,,,,,,,,,,,,,,,,,,,,,,,,,,,,,,,,,,,,,,,,,,,,,,,,,,,,,,,,,,,,,,,,,,,,,,,,,,,,,,,,,,,,,,,,,,,,,,,,,,,,,,,,
575,PVC,LT,#2,#3,GASOLINE_1,0.51463483564809,1.24177950673374,30.16942166905365,-0.22862984577564355,0.21120122294341565,-13.719535248115683,0.5452503067969472,,,,,,,,,,,,,,,,,,,,,,,,,,,,,,,,,,,,,,,,,,,,,,,,,,,,,,,,,,,,,,,,,,,,,,,,,,,,,,,,,,,,,,,,,,,,,,,,,,,,,,,,,,,,,,,,,,,,,,,,,,,,,,,,,,,,,,,,,,,,,,,,,,,,,,,,,,,,,,,,,,,,,,,,,,,,,,,,,,,,,,,,,,,,,,,,,,,,,,,,,,,,,,,,,,,,,,,
576,PVC,LT,#2,#4,GASOLINE_1,0.609562029600712,2.5593718541911636,38.8937706308427,-0.3617477273406554,-1.1996930444489144,-23.686674209209375,0.3909905410295735,,,,,,,,,,,,,,,,,,,,,,,,,,,,,,,,,,,,,,,,,,,,,,,,,,,,,,,,,,,,,,,,,,,,,,,,,,,,,,,,,,,,,,,,,,,,,,,,,,,,,,,,,,,,,,,,,,,,,,,,,,,,,,,,,,,,,,,,,,,,,,,,,,,,,,,,,,,,,,,,,,,,,,,,,,,,,,,,,,,,,,,,,,,,,,,,,,,,,,,,,,,,,,,,,,,,,,,
577,PVC,LT,#2,#5,FT_1,0.6846279367186495,2.48949122698229,41.35764583084269,-0.2471329953670642,-0.8213559683741641,-18.740311338901872,0.546871903310169,,,,,,,,,,,,,,,,,,,,,,,,,,,,,,,,,,,,,,,,,,,,,,,,,,,,,,,,,,,,,,,,,,,,,,,,,,,,,,,,,,,,,,,,,,,,,,,,,,,,,,,,,,,,,,,,,,,,,,,,,,,,,,,,,,,,,,,,,,,,,,,,,,,,,,,,,,,,,,,,,,,,,,,,,,,,,,,,,,,,,,,,,,,,,,,,,,,,,,,,,,,,,,,,,,,,,,,
578,PVC,LT,#2,#6,Olefin,0.4322362617343091,0.9395349902161503,27.960912678387206,-0.1474541425395892,0.48425949113859573,-11.436026511091809,0.5909995269957175,,,,,,,,,,,,,,,,,,,,,,,,,,,,,,,,,,,,,,,,,,,,,,,,,,,,,,,,,,,,,,,,,,,,,,,,,,,,,,,,,,,,,,,,,,,,,,,,,,,,,,,,,,,,,,,,,,,,,,,,,,,,,,,,,,,,,,,,,,,,,,,,,,,,,,,,,,,,,,,,,,,,,,,,,,,,,,,,,,,,,,,,,,,,,,,,,,,,,,,,,,,,,,,,,,,,,,,
579,PVC,LT,#2,#7,GASOLINE_1,0.501900333778759,1.3362665010451913,32.12431581508447,-0.21812513951934512,0.09527522394247889,-16.172364352949366,0.49656937610620233,,,,,,,,,,,,,,,,,,,,,,,,,,,,,,,,,,,,,,,,,,,,,,,,,,,,,,,,,,,,,,,,,,,,,,,,,,,,,,,,,,,,,,,,,,,,,,,,,,,,,,,,,,,,,,,,,,,,,,,,,,,,,,,,,,,,,,,,,,,,,,,,,,,,,,,,,,,,,,,,,,,,,,,,,,,,,,,,,,,,,,,,,,,,,,,,,,,,,,,,,,,,,,,,,,,,,,,
580,PVC,LT,#2,#8,GASOLINE_1,0.5378509254563361,1.4124381954215983,33.249172121116466,-0.2468125844504917,0.0026887358626022937,-17.690013351650418,0.4679562761078332,,,,,,,,,,,,,,,,,,,,,,,,,,,,,,,,,,,,,,,,,,,,,,,,,,,,,,,,,,,,,,,,,,,,,,,,,,,,,,,,,,,,,,,,,,,,,,,,,,,,,,,,,,,,,,,,,,,,,,,,,,,,,,,,,,,,,,,,,,,,,,,,,,,,,,,,,,,,,,,,,,,,,,,,,,,,,,,,,,,,,,,,,,,,,,,,,,,,,,,,,,,,,,,,,,,,,,,
581,PVC,LT,#2,#9,GASOLINE_1,0.5005369334845301,1.3075091676666792,33.78758716020878,-0.2130884368656044,0.14242228513339222,-17.57018801428278,0.479980978488604,,,,,,,,,,,,,,,,,,,,,,,,,,,,,,,,,,,,,,,,,,,,,,,,,,,,,,,,,,,,,,,,,,,,,,,,,,,,,,,,,,,,,,,,,,,,,,,,,,,,,,,,,,,,,,,,,,,,,,,,,,,,,,,,,,,,,,,,,,,,,,,,,,,,,,,,,,,,,,,,,,,,,,,,,,,,,,,,,,,,,,,,,,,,,,,,,,,,,,,,,,,,,,,,,,,,,,,
582,PVC,LT,#2,#10,GASOLINE_1,0.5420111039700248,1.5013899310244676,34.679442055084465,-0.25539126743039137,-0.11915190087041735,-18.976181020671145,0.45281181310444457,,,,,,,,,,,,,,,,,,,,,,,,,,,,,,,,,,,,,,,,,,,,,,,,,,,,,,,,,,,,,,,,,,,,,,,,,,,,,,,,,,,,,,,,,,,,,,,,,,,,,,,,,,,,,,,,,,,,,,,,,,,,,,,,,,,,,,,,,,,,,,,,,,,,,,,,,,,,,,,,,,,,,,,,,,,,,,,,,,,,,,,,,,,,,,,,,,,,,,,,,,,,,,,,,,,,,,,
583,PVC,LT,#2,#11,GASOLINE_1,0.5585086204221663,1.5899500625458565,35.15440909711647,-0.2664966333092652,-0.17952686532931014,-19.611396479774207,0.4421355106383276,,,,,,,,,,,,,,,,,,,,,,,,,,,,,,,,,,,,,,,,,,,,,,,,,,,,,,,,,,,,,,,,,,,,,,,,,,,,,,,,,,,,,,,,,,,,,,,,,,,,,,,,,,,,,,,,,,,,,,,,,,,,,,,,,,,,,,,,,,,,,,,,,,,,,,,,,,,,,,,,,,,,,,,,,,,,,,,,,,,,,,,,,,,,,,,,,,,,,,,,,,,,,,,,,,,,,,,
584,PVC,LT,#3,#1,MeOH_1,0.5954887473075795,2.4236679668035594,36.7018492004863,-0.3062401404123475,-1.017303354672504,-20.308268153910088,0.44666907536525424,,,,,,,,,,,,,,,,,,,,,,,,,,,,,,,,,,,,,,,,,,,,,,,,,,,,,,,,,,,,,,,,,,,,,,,,,,,,,,,,,,,,,,,,,,,,,,,,,,,,,,,,,,,,,,,,,,,,,,,,,,,,,,,,,,,,,,,,,,,,,,,,,,,,,,,,,,,,,,,,,,,,,,,,,,,,,,,,,,,,,,,,,,,,,,,,,,,,,,,,,,,,,,,,,,,,,,,
585,PVC,LT,#3,#2,MeOH_1,0.8238912987730465,2.690905687208266,50.1193784804863,-0.3664365785350625,-1.0450458726494423,-26.87434498629379,0.46379333102150977,,,,,,,,,,,,,,,,,,,,,,,,,,,,,,,,,,,,,,,,,,,,,,,,,,,,,,,,,,,,,,,,,,,,,,,,,,,,,,,,,,,,,,,,,,,,,,,,,,,,,,,,,,,,,,,,,,,,,,,,,,,,,,,,,,,,,,,,,,,,,,,,,,,,,,,,,,,,,,,,,,,,,,,,,,,,,,,,,,,,,,,,,,,,,,,,,,,,,,,,,,,,,,,,,,,,,,,
586,PVC,LT,#3,#3,MeOH_1,0.5716564524294034,1.6481323445168858,34.269131918697255,-0.26125027664502054,-0.22555854904381842,-17.504945112683316,0.48919204740250194,,,,,,,,,,,,,,,,,,,,,,,,,,,,,,,,,,,,,,,,,,,,,,,,,,,,,,,,,,,,,,,,,,,,,,,,,,,,,,,,,,,,,,,,,,,,,,,,,,,,,,,,,,,,,,,,,,,,,,,,,,,,,,,,,,,,,,,,,,,,,,,,,,,,,,,,,,,,,,,,,,,,,,,,,,,,,,,,,,,,,,,,,,,,,,,,,,,,,,,,,,,,,,,,,,,,,,,
587,PVC,LT,#3,#4,MeOH_1,0.6665836463820254,2.9657246919743097,42.993480880486295,-0.3943681582100322,-1.636452816436149,-27.472084073776998,0.361017449362982,,,,,,,,,,,,,,,,,,,,,,,,,,,,,,,,,,,,,,,,,,,,,,,,,,,,,,,,,,,,,,,,,,,,,,,,,,,,,,,,,,,,,,,,,,,,,,,,,,,,,,,,,,,,,,,,,,,,,,,,,,,,,,,,,,,,,,,,,,,,,,,,,,,,,,,,,,,,,,,,,,,,,,,,,,,,,,,,,,,,,,,,,,,,,,,,,,,,,,,,,,,,,,,,,,,,,,,
588,PVC,LT,#3,#5,FT_1,0.7416495534999629,2.895844064765436,45.457356080486285,-0.27975342623644095,-1.258115740361398,-22.5257212034695,0.5044647743351878,,,,,,,,,,,,,,,,,,,,,,,,,,,,,,,,,,,,,,,,,,,,,,,,,,,,,,,,,,,,,,,,,,,,,,,,,,,,,,,,,,,,,,,,,,,,,,,,,,,,,,,,,,,,,,,,,,,,,,,,,,,,,,,,,,,,,,,,,,,,,,,,,,,,,,,,,,,,,,,,,,,,,,,,,,,,,,,,,,,,,,,,,,,,,,,,,,,,,,,,,,,,,,,,,,,,,,,
589,PVC,LT,#3,#6,MeOH_1,0.4892578785156224,1.3458878279992963,32.0606229280308,-0.1800745734089659,0.04749971915136143,-15.221436375659435,0.5252295499738642,,,,,,,,,,,,,,,,,,,,,,,,,,,,,,,,,,,,,,,,,,,,,,,,,,,,,,,,,,,,,,,,,,,,,,,,,,,,,,,,,,,,,,,,,,,,,,,,,,,,,,,,,,,,,,,,,,,,,,,,,,,,,,,,,,,,,,,,,,,,,,,,,,,,,,,,,,,,,,,,,,,,,,,,,,,,,,,,,,,,,,,,,,,,,,,,,,,,,,,,,,,,,,,,,,,,,,,
590,PVC,LT,#3,#7,MeOH_1,0.5589219505600723,1.742619338828337,36.224026064728065,-0.25074557038872214,-0.3414845480447555,-19.957774217516988,0.4490459403420592,,,,,,,,,,,,,,,,,,,,,,,,,,,,,,,,,,,,,,,,,,,,,,,,,,,,,,,,,,,,,,,,,,,,,,,,,,,,,,,,,,,,,,,,,,,,,,,,,,,,,,,,,,,,,,,,,,,,,,,,,,,,,,,,,,,,,,,,,,,,,,,,,,,,,,,,,,,,,,,,,,,,,,,,,,,,,,,,,,,,,,,,,,,,,,,,,,,,,,,,,,,,,,,,,,,,,,,
591,PVC,LT,#3,#8,MeOH_1,0.5948725422376496,1.8187910332047441,37.348882370760066,-0.27943301531986875,-0.43407103612463205,-21.475423216218047,0.42500493045460275,,,,,,,,,,,,,,,,,,,,,,,,,,,,,,,,,,,,,,,,,,,,,,,,,,,,,,,,,,,,,,,,,,,,,,,,,,,,,,,,,,,,,,,,,,,,,,,,,,,,,,,,,,,,,,,,,,,,,,,,,,,,,,,,,,,,,,,,,,,,,,,,,,,,,,,,,,,,,,,,,,,,,,,,,,,,,,,,,,,,,,,,,,,,,,,,,,,,,,,,,,,,,,,,,,,,,,,
592,PVC,LT,#3,#9,MeOH_1,0.5575585502658434,1.713862005449825,37.88729740985238,-0.24570886773498124,-0.294337486853842,-21.3555978788504,0.43633884339037077,,,,,,,,,,,,,,,,,,,,,,,,,,,,,,,,,,,,,,,,,,,,,,,,,,,,,,,,,,,,,,,,,,,,,,,,,,,,,,,,,,,,,,,,,,,,,,,,,,,,,,,,,,,,,,,,,,,,,,,,,,,,,,,,,,,,,,,,,,,,,,,,,,,,,,,,,,,,,,,,,,,,,,,,,,,,,,,,,,,,,,,,,,,,,,,,,,,,,,,,,,,,,,,,,,,,,,,
593,PVC,LT,#3,#10,MeOH_1,0.5990327207513383,1.9077427688076136,38.779152304728065,-0.2880116982997683,-0.5559116728576518,-22.761590885238768,0.41304568221663757,,,,,,,,,,,,,,,,,,,,,,,,,,,,,,,,,,,,,,,,,,,,,,,,,,,,,,,,,,,,,,,,,,,,,,,,,,,,,,,,,,,,,,,,,,,,,,,,,,,,,,,,,,,,,,,,,,,,,,,,,,,,,,,,,,,,,,,,,,,,,,,,,,,,,,,,,,,,,,,,,,,,,,,,,,,,,,,,,,,,,,,,,,,,,,,,,,,,,,,,,,,,,,,,,,,,,,,
594,PVC,LT,#3,#11,MeOH_1,0.6155302372034782,1.9963029003290025,39.25411934676007,-0.29911706417864065,-0.6162866373165443,-23.396806344341837,0.4039655777866038,,,,,,,,,,,,,,,,,,,,,,,,,,,,,,,,,,,,,,,,,,,,,,,,,,,,,,,,,,,,,,,,,,,,,,,,,,,,,,,,,,,,,,,,,,,,,,,,,,,,,,,,,,,,,,,,,,,,,,,,,,,,,,,,,,,,,,,,,,,,,,,,,,,,,,,,,,,,,,,,,,,,,,,,,,,,,,,,,,,,,,,,,,,,,,,,,,,,,,,,,,,,,,,,,,,,,,,
595,PVC,LT,#4,#1,GASOLINE_1,0.6441028465209091,2.558700029673956,37.94918054651829,-0.33999398167765305,-1.1167689840521449,-22.209069029342093,0.4147681528427707,,,,,,,,,,,,,,,,,,,,,,,,,,,,,,,,,,,,,,,,,,,,,,,,,,,,,,,,,,,,,,,,,,,,,,,,,,,,,,,,,,,,,,,,,,,,,,,,,,,,,,,,,,,,,,,,,,,,,,,,,,,,,,,,,,,,,,,,,,,,,,,,,,,,,,,,,,,,,,,,,,,,,,,,,,,,,,,,,,,,,,,,,,,,,,,,,,,,,,,,,,,,,,,,,,,,,,,
596,PVC,LT,#4,#2,FT_1,0.8725053979863776,2.8259377500786633,51.366709826518296,-0.40019041980036973,-1.1445115020290837,-28.77514586172579,0.43980944158369106,,,,,,,,,,,,,,,,,,,,,,,,,,,,,,,,,,,,,,,,,,,,,,,,,,,,,,,,,,,,,,,,,,,,,,,,,,,,,,,,,,,,,,,,,,,,,,,,,,,,,,,,,,,,,,,,,,,,,,,,,,,,,,,,,,,,,,,,,,,,,,,,,,,,,,,,,,,,,,,,,,,,,,,,,,,,,,,,,,,,,,,,,,,,,,,,,,,,,,,,,,,,,,,,,,,,,,,
597,PVC,LT,#4,#3,GASOLINE_1,0.620270551642733,1.7831644073872823,35.51646326472925,-0.2950041179103262,-0.3250241784234594,-19.40574598811532,0.45361265722122696,,,,,,,,,,,,,,,,,,,,,,,,,,,,,,,,,,,,,,,,,,,,,,,,,,,,,,,,,,,,,,,,,,,,,,,,,,,,,,,,,,,,,,,,,,,,,,,,,,,,,,,,,,,,,,,,,,,,,,,,,,,,,,,,,,,,,,,,,,,,,,,,,,,,,,,,,,,,,,,,,,,,,,,,,,,,,,,,,,,,,,,,,,,,,,,,,,,,,,,,,,,,,,,,,,,,,,,
598,PVC,LT,#4,#4,GASOLINE_1,0.715197745595355,3.100756754844707,44.24081222651829,-0.42812199947533786,-1.7359184458157904,-29.372884949209002,0.3360681354850292,,,,,,,,,,,,,,,,,,,,,,,,,,,,,,,,,,,,,,,,,,,,,,,,,,,,,,,,,,,,,,,,,,,,,,,,,,,,,,,,,,,,,,,,,,,,,,,,,,,,,,,,,,,,,,,,,,,,,,,,,,,,,,,,,,,,,,,,,,,,,,,,,,,,,,,,,,,,,,,,,,,,,,,,,,,,,,,,,,,,,,,,,,,,,,,,,,,,,,,,,,,,,,,,,,,,,,,
599,PVC,LT,#4,#5,FT_1,0.7902636527132927,3.0308761276358323,46.7046874265183,-0.3135072675017468,-1.3575813697410393,-24.426522078901517,0.4770006304542258,,,,,,,,,,,,,,,,,,,,,,,,,,,,,,,,,,,,,,,,,,,,,,,,,,,,,,,,,,,,,,,,,,,,,,,,,,,,,,,,,,,,,,,,,,,,,,,,,,,,,,,,,,,,,,,,,,,,,,,,,,,,,,,,,,,,,,,,,,,,,,,,,,,,,,,,,,,,,,,,,,,,,,,,,,,,,,,,,,,,,,,,,,,,,,,,,,,,,,,,,,,,,,,,,,,,,,,
600,PVC,LT,#4,#6,GASOLINE_1,0.5378719777289521,1.4809198908696928,33.30795427406281,-0.2138284146742717,-0.05196591022827983,-17.12223725109145,0.4859414928275952,,,,,,,,,,,,,,,,,,,,,,,,,,,,,,,,,,,,,,,,,,,,,,,,,,,,,,,,,,,,,,,,,,,,,,,,,,,,,,,,,,,,,,,,,,,,,,,,,,,,,,,,,,,,,,,,,,,,,,,,,,,,,,,,,,,,,,,,,,,,,,,,,,,,,,,,,,,,,,,,,,,,,,,,,,,,,,,,,,,,,,,,,,,,,,,,,,,,,,,,,,,,,,,,,,,,,,,
601,PVC,LT,#4,#7,GASOLINE_1,0.607536049773402,1.8776514016987336,37.47135741076007,-0.28449941165402776,-0.4409501774243963,-21.858575092949003,0.41665910702577813,,,,,,,,,,,,,,,,,,,,,,,,,,,,,,,,,,,,,,,,,,,,,,,,,,,,,,,,,,,,,,,,,,,,,,,,,,,,,,,,,,,,,,,,,,,,,,,,,,,,,,,,,,,,,,,,,,,,,,,,,,,,,,,,,,,,,,,,,,,,,,,,,,,,,,,,,,,,,,,,,,,,,,,,,,,,,,,,,,,,,,,,,,,,,,,,,,,,,,,,,,,,,,,,,,,,,,,
602,PVC,LT,#4,#8,GASOLINE_1,0.6434866414509792,1.9538230960751408,38.59621371679207,-0.31318685658517437,-0.5335366655042731,-23.376224091650055,0.3943389301557382,,,,,,,,,,,,,,,,,,,,,,,,,,,,,,,,,,,,,,,,,,,,,,,,,,,,,,,,,,,,,,,,,,,,,,,,,,,,,,,,,,,,,,,,,,,,,,,,,,,,,,,,,,,,,,,,,,,,,,,,,,,,,,,,,,,,,,,,,,,,,,,,,,,,,,,,,,,,,,,,,,,,,,,,,,,,,,,,,,,,,,,,,,,,,,,,,,,,,,,,,,,,,,,,,,,,,,,
603,PVC,LT,#4,#9,GASOLINE_1,0.6061726494791732,1.8488940683202215,39.134628755884385,-0.27946270900028686,-0.39380311623348324,-23.25639875428242,0.4057335026901073,,,,,,,,,,,,,,,,,,,,,,,,,,,,,,,,,,,,,,,,,,,,,,,,,,,,,,,,,,,,,,,,,,,,,,,,,,,,,,,,,,,,,,,,,,,,,,,,,,,,,,,,,,,,,,,,,,,,,,,,,,,,,,,,,,,,,,,,,,,,,,,,,,,,,,,,,,,,,,,,,,,,,,,,,,,,,,,,,,,,,,,,,,,,,,,,,,,,,,,,,,,,,,,,,,,,,,,
604,PVC,LT,#4,#10,GASOLINE_1,0.6476468199646678,2.04277483167801,40.02648365076007,-0.32176553956507387,-0.6553773022372925,-24.662391760670786,0.3838481547403561,,,,,,,,,,,,,,,,,,,,,,,,,,,,,,,,,,,,,,,,,,,,,,,,,,,,,,,,,,,,,,,,,,,,,,,,,,,,,,,,,,,,,,,,,,,,,,,,,,,,,,,,,,,,,,,,,,,,,,,,,,,,,,,,,,,,,,,,,,,,,,,,,,,,,,,,,,,,,,,,,,,,,,,,,,,,,,,,,,,,,,,,,,,,,,,,,,,,,,,,,,,,,,,,,,,,,,,
605,PVC,LT,#4,#11,GASOLINE_1,0.6641443364168094,2.1313349631993987,40.50145069279207,-0.3328709054439478,-0.7157522666961855,-25.297607219773845,0.37539009622991126,,,,,,,,,,,,,,,,,,,,,,,,,,,,,,,,,,,,,,,,,,,,,,,,,,,,,,,,,,,,,,,,,,,,,,,,,,,,,,,,,,,,,,,,,,,,,,,,,,,,,,,,,,,,,,,,,,,,,,,,,,,,,,,,,,,,,,,,,,,,,,,,,,,,,,,,,,,,,,,,,,,,,,,,,,,,,,,,,,,,,,,,,,,,,,,,,,,,,,,,,,,,,,,,,,,,,,,
606,PVC,LT,#5,#1,GASOLINE_1,0.6050486722496753,2.3368500048414726,36.375845126038406,-0.31683625724618697,-0.8078804345052052,-18.903980215057366,0.48031502362193645,,,,,,,,,,,,,,,,,,,,,,,,,,,,,,,,,,,,,,,,,,,,,,,,,,,,,,,,,,,,,,,,,,,,,,,,,,,,,,,,,,,,,,,,,,,,,,,,,,,,,,,,,,,,,,,,,,,,,,,,,,,,,,,,,,,,,,,,,,,,,,,,,,,,,,,,,,,,,,,,,,,,,,,,,,,,,,,,,,,,,,,,,,,,,,,,,,,,,,,,,,,,,,,,,,,,,,,
607,PVC,LT,#5,#2,FT_1,0.8334512237151437,2.60408772524618,49.79337440603841,-0.37703269536890344,-0.8356229524821439,-25.470057047441063,0.48848501730880234,,,,,,,,,,,,,,,,,,,,,,,,,,,,,,,,,,,,,,,,,,,,,,,,,,,,,,,,,,,,,,,,,,,,,,,,,,,,,,,,,,,,,,,,,,,,,,,,,,,,,,,,,,,,,,,,,,,,,,,,,,,,,,,,,,,,,,,,,,,,,,,,,,,,,,,,,,,,,,,,,,,,,,,,,,,,,,,,,,,,,,,,,,,,,,,,,,,,,,,,,,,,,,,,,,,,,,,
608,PVC,LT,#5,#3,GASOLINE_1,0.5812163773714993,1.5613143825547997,33.94312784424936,-0.27184639347886014,-0.0161356288765201,-16.100657173830594,0.5256578224697002,,,,,,,,,,,,,,,,,,,,,,,,,,,,,,,,,,,,,,,,,,,,,,,,,,,,,,,,,,,,,,,,,,,,,,,,,,,,,,,,,,,,,,,,,,,,,,,,,,,,,,,,,,,,,,,,,,,,,,,,,,,,,,,,,,,,,,,,,,,,,,,,,,,,,,,,,,,,,,,,,,,,,,,,,,,,,,,,,,,,,,,,,,,,,,,,,,,,,,,,,,,,,,,,,,,,,,,
609,PVC,LT,#5,#4,GASOLINE_1,0.6761435713241211,2.8789067300122233,42.6674768060384,-0.4049642750438717,-1.4270298962688506,-26.067796134924283,0.38904762863232856,,,,,,,,,,,,,,,,,,,,,,,,,,,,,,,,,,,,,,,,,,,,,,,,,,,,,,,,,,,,,,,,,,,,,,,,,,,,,,,,,,,,,,,,,,,,,,,,,,,,,,,,,,,,,,,,,,,,,,,,,,,,,,,,,,,,,,,,,,,,,,,,,,,,,,,,,,,,,,,,,,,,,,,,,,,,,,,,,,,,,,,,,,,,,,,,,,,,,,,,,,,,,,,,,,,,,,,
610,PVC,LT,#5,#5,FT_1,0.7512094784420588,2.8090261028033496,45.131352006038405,-0.2903495430702805,-1.0486928201940995,-21.121433264616787,0.5320008746515987,,,,,,,,,,,,,,,,,,,,,,,,,,,,,,,,,,,,,,,,,,,,,,,,,,,,,,,,,,,,,,,,,,,,,,,,,,,,,,,,,,,,,,,,,,,,,,,,,,,,,,,,,,,,,,,,,,,,,,,,,,,,,,,,,,,,,,,,,,,,,,,,,,,,,,,,,,,,,,,,,,,,,,,,,,,,,,,,,,,,,,,,,,,,,,,,,,,,,,,,,,,,,,,,,,,,,,,
611,PVC,LT,#5,#6,GASOLINE_1,0.49881780345771826,1.2590698660372097,31.734618853582912,-0.19067069024280558,0.2569226393186599,-13.817148436806717,0.5646032964644625,,,,,,,,,,,,,,,,,,,,,,,,,,,,,,,,,,,,,,,,,,,,,,,,,,,,,,,,,,,,,,,,,,,,,,,,,,,,,,,,,,,,,,,,,,,,,,,,,,,,,,,,,,,,,,,,,,,,,,,,,,,,,,,,,,,,,,,,,,,,,,,,,,,,,,,,,,,,,,,,,,,,,,,,,,,,,,,,,,,,,,,,,,,,,,,,,,,,,,,,,,,,,,,,,,,,,,,
612,PVC,LT,#5,#7,GASOLINE_1,0.5684818755021683,1.6558013768662507,35.89802199028018,-0.26134168722256174,-0.13206162787745684,-18.553486278664277,0.4831613205962196,,,,,,,,,,,,,,,,,,,,,,,,,,,,,,,,,,,,,,,,,,,,,,,,,,,,,,,,,,,,,,,,,,,,,,,,,,,,,,,,,,,,,,,,,,,,,,,,,,,,,,,,,,,,,,,,,,,,,,,,,,,,,,,,,,,,,,,,,,,,,,,,,,,,,,,,,,,,,,,,,,,,,,,,,,,,,,,,,,,,,,,,,,,,,,,,,,,,,,,,,,,,,,,,,,,,,,,
613,PVC,LT,#5,#8,GASOLINE_1,0.6044324671797467,1.731973071242658,37.022878296312186,-0.2900291321537097,-0.22464811595733358,-20.071135277365332,0.45787209960483805,,,,,,,,,,,,,,,,,,,,,,,,,,,,,,,,,,,,,,,,,,,,,,,,,,,,,,,,,,,,,,,,,,,,,,,,,,,,,,,,,,,,,,,,,,,,,,,,,,,,,,,,,,,,,,,,,,,,,,,,,,,,,,,,,,,,,,,,,,,,,,,,,,,,,,,,,,,,,,,,,,,,,,,,,,,,,,,,,,,,,,,,,,,,,,,,,,,,,,,,,,,,,,,,,,,,,,,
614,PVC,LT,#5,#9,GASOLINE_1,0.5671184752079392,1.6270440434877387,37.561293335404486,-0.2563049845688208,-0.08491456668654368,-19.95130993999768,0.4688332544398306,,,,,,,,,,,,,,,,,,,,,,,,,,,,,,,,,,,,,,,,,,,,,,,,,,,,,,,,,,,,,,,,,,,,,,,,,,,,,,,,,,,,,,,,,,,,,,,,,,,,,,,,,,,,,,,,,,,,,,,,,,,,,,,,,,,,,,,,,,,,,,,,,,,,,,,,,,,,,,,,,,,,,,,,,,,,,,,,,,,,,,,,,,,,,,,,,,,,,,,,,,,,,,,,,,,,,,,
615,PVC,LT,#5,#10,GASOLINE_1,0.608592645693434,1.8209248068455273,38.45314823028018,-0.29860781513360773,-0.3464887526903534,-21.35730294638605,0.4445889626907555,,,,,,,,,,,,,,,,,,,,,,,,,,,,,,,,,,,,,,,,,,,,,,,,,,,,,,,,,,,,,,,,,,,,,,,,,,,,,,,,,,,,,,,,,,,,,,,,,,,,,,,,,,,,,,,,,,,,,,,,,,,,,,,,,,,,,,,,,,,,,,,,,,,,,,,,,,,,,,,,,,,,,,,,,,,,,,,,,,,,,,,,,,,,,,,,,,,,,,,,,,,,,,,,,,,,,,,
616,PVC,LT,#5,#11,GASOLINE_1,0.6250901621455756,1.9094849383669157,38.92811527231218,-0.3097131810124817,-0.40686371714924546,-21.992518405489125,0.43504795308876887,,,,,,,,,,,,,,,,,,,,,,,,,,,,,,,,,,,,,,,,,,,,,,,,,,,,,,,,,,,,,,,,,,,,,,,,,,,,,,,,,,,,,,,,,,,,,,,,,,,,,,,,,,,,,,,,,,,,,,,,,,,,,,,,,,,,,,,,,,,,,,,,,,,,,,,,,,,,,,,,,,,,,,,,,,,,,,,,,,,,,,,,,,,,,,,,,,,,,,,,,,,,,,,,,,,,,,,
617,PVC,LT,#6,#1,MeOH_1,0.7081498290681492,3.039622659537392,45.1109858404863,-0.3283476475490969,-1.4026043269248263,-22.943408521191955,0.49140086181400505,,,,,,,,,,,,,,,,,,,,,,,,,,,,,,,,,,,,,,,,,,,,,,,,,,,,,,,,,,,,,,,,,,,,,,,,,,,,,,,,,,,,,,,,,,,,,,,,,,,,,,,,,,,,,,,,,,,,,,,,,,,,,,,,,,,,,,,,,,,,,,,,,,,,,,,,,,,,,,,,,,,,,,,,,,,,,,,,,,,,,,,,,,,,,,,,,,,,,,,,,,,,,,,,,,,,,,,
618,PVC,LT,#6,#2,MeOH_1,0.9365523805336176,3.306860379942098,58.528515120486276,-0.3885440856718134,-1.4303468449017644,-29.50948535357563,0.49581011421821203,,,,,,,,,,,,,,,,,,,,,,,,,,,,,,,,,,,,,,,,,,,,,,,,,,,,,,,,,,,,,,,,,,,,,,,,,,,,,,,,,,,,,,,,,,,,,,,,,,,,,,,,,,,,,,,,,,,,,,,,,,,,,,,,,,,,,,,,,,,,,,,,,,,,,,,,,,,,,,,,,,,,,,,,,,,,,,,,,,,,,,,,,,,,,,,,,,,,,,,,,,,,,,,,,,,,,,,
619,PVC,LT,#6,#3,MeOH_1,0.6843175341899732,2.264087037250718,42.678268558697255,-0.28335778378176996,-0.6108595212961409,-20.140085479965173,0.5280950666434453,,,,,,,,,,,,,,,,,,,,,,,,,,,,,,,,,,,,,,,,,,,,,,,,,,,,,,,,,,,,,,,,,,,,,,,,,,,,,,,,,,,,,,,,,,,,,,,,,,,,,,,,,,,,,,,,,,,,,,,,,,,,,,,,,,,,,,,,,,,,,,,,,,,,,,,,,,,,,,,,,,,,,,,,,,,,,,,,,,,,,,,,,,,,,,,,,,,,,,,,,,,,,,,,,,,,,,,
620,PVC,LT,#6,#4,MeOH_1,0.7792447281425952,3.5816793847081416,51.40261752048629,-0.41647566534678176,-2.0217537886884713,-30.10722444105886,0.4142861610294503,,,,,,,,,,,,,,,,,,,,,,,,,,,,,,,,,,,,,,,,,,,,,,,,,,,,,,,,,,,,,,,,,,,,,,,,,,,,,,,,,,,,,,,,,,,,,,,,,,,,,,,,,,,,,,,,,,,,,,,,,,,,,,,,,,,,,,,,,,,,,,,,,,,,,,,,,,,,,,,,,,,,,,,,,,,,,,,,,,,,,,,,,,,,,,,,,,,,,,,,,,,,,,,,,,,,,,,
621,PVC,LT,#6,#5,MeOH_1,0.8543106352605326,3.511798757499269,53.8664927204863,-0.3018609333731904,-1.643416712613721,-25.160861570751372,0.5329032892245036,,,,,,,,,,,,,,,,,,,,,,,,,,,,,,,,,,,,,,,,,,,,,,,,,,,,,,,,,,,,,,,,,,,,,,,,,,,,,,,,,,,,,,,,,,,,,,,,,,,,,,,,,,,,,,,,,,,,,,,,,,,,,,,,,,,,,,,,,,,,,,,,,,,,,,,,,,,,,,,,,,,,,,,,,,,,,,,,,,,,,,,,,,,,,,,,,,,,,,,,,,,,,,,,,,,,,,,
622,PVC,LT,#6,#6,MeOH_1,0.6019189602761937,1.9618425207331285,40.4697595680308,-0.20218208054571704,-0.337801253100961,-17.8565767429413,0.5587674121729364,,,,,,,,,,,,,,,,,,,,,,,,,,,,,,,,,,,,,,,,,,,,,,,,,,,,,,,,,,,,,,,,,,,,,,,,,,,,,,,,,,,,,,,,,,,,,,,,,,,,,,,,,,,,,,,,,,,,,,,,,,,,,,,,,,,,,,,,,,,,,,,,,,,,,,,,,,,,,,,,,,,,,,,,,,,,,,,,,,,,,,,,,,,,,,,,,,,,,,,,,,,,,,,,,,,,,,,
623,PVC,LT,#6,#7,MeOH_1,0.6715830323206435,2.3585740315621697,44.63316270472807,-0.2728530775254729,-0.7267855202970782,-22.592914584798862,0.49380879113893594,,,,,,,,,,,,,,,,,,,,,,,,,,,,,,,,,,,,,,,,,,,,,,,,,,,,,,,,,,,,,,,,,,,,,,,,,,,,,,,,,,,,,,,,,,,,,,,,,,,,,,,,,,,,,,,,,,,,,,,,,,,,,,,,,,,,,,,,,,,,,,,,,,,,,,,,,,,,,,,,,,,,,,,,,,,,,,,,,,,,,,,,,,,,,,,,,,,,,,,,,,,,,,,,,,,,,,,
624,PVC,LT,#6,#8,MeOH_1,0.7075336239982208,2.4347457259385767,45.758019010760066,-0.30154052245661966,-0.8193720083769548,-24.110563583499907,0.4730855027218229,,,,,,,,,,,,,,,,,,,,,,,,,,,,,,,,,,,,,,,,,,,,,,,,,,,,,,,,,,,,,,,,,,,,,,,,,,,,,,,,,,,,,,,,,,,,,,,,,,,,,,,,,,,,,,,,,,,,,,,,,,,,,,,,,,,,,,,,,,,,,,,,,,,,,,,,,,,,,,,,,,,,,,,,,,,,,,,,,,,,,,,,,,,,,,,,,,,,,,,,,,,,,,,,,,,,,,,
625,PVC,LT,#6,#9,MeOH_1,0.6702196320264133,2.3298166981836577,46.29643404985238,-0.2678163748717308,-0.6796384591061648,-23.990738246132263,0.48180159577087855,,,,,,,,,,,,,,,,,,,,,,,,,,,,,,,,,,,,,,,,,,,,,,,,,,,,,,,,,,,,,,,,,,,,,,,,,,,,,,,,,,,,,,,,,,,,,,,,,,,,,,,,,,,,,,,,,,,,,,,,,,,,,,,,,,,,,,,,,,,,,,,,,,,,,,,,,,,,,,,,,,,,,,,,,,,,,,,,,,,,,,,,,,,,,,,,,,,,,,,,,,,,,,,,,,,,,,,
626,PVC,LT,#6,#10,MeOH_1,0.711693802511908,2.5236974615414463,47.18828894472807,-0.3101192054365177,-0.9412126451099745,-25.39673125252063,0.4618001241310533,,,,,,,,,,,,,,,,,,,,,,,,,,,,,,,,,,,,,,,,,,,,,,,,,,,,,,,,,,,,,,,,,,,,,,,,,,,,,,,,,,,,,,,,,,,,,,,,,,,,,,,,,,,,,,,,,,,,,,,,,,,,,,,,,,,,,,,,,,,,,,,,,,,,,,,,,,,,,,,,,,,,,,,,,,,,,,,,,,,,,,,,,,,,,,,,,,,,,,,,,,,,,,,,,,,,,,,
627,PVC,LT,#6,#11,MeOH_1,0.7281913189640493,2.612257593062835,47.66325598676007,-0.32122457131539156,-1.0015876095688672,-26.031946711623707,0.45383616430117835,,,,,,,,,,,,,,,,,,,,,,,,,,,,,,,,,,,,,,,,,,,,,,,,,,,,,,,,,,,,,,,,,,,,,,,,,,,,,,,,,,,,,,,,,,,,,,,,,,,,,,,,,,,,,,,,,,,,,,,,,,,,,,,,,,,,,,,,,,,,,,,,,,,,,,,,,,,,,,,,,,,,,,,,,,,,,,,,,,,,,,,,,,,,,,,,,,,,,,,,,,,,,,,,,,,,,,,
628,PVC,LT,#7,#1,GASOLINE_1,0.7290173335313813,3.2810712937415403,45.4008796004863,-0.42234505741647665,-1.8396176890249956,-29.482422526869616,0.3506200147154456,,,,,,,,,,,,,,,,,,,,,,,,,,,,,,,,,,,,,,,,,,,,,,,,,,,,,,,,,,,,,,,,,,,,,,,,,,,,,,,,,,,,,,,,,,,,,,,,,,,,,,,,,,,,,,,,,,,,,,,,,,,,,,,,,,,,,,,,,,,,,,,,,,,,,,,,,,,,,,,,,,,,,,,,,,,,,,,,,,,,,,,,,,,,,,,,,,,,,,,,,,,,,,,,,,,,,,,
629,PVC,LT,#7,#2,FT_1,0.9574198849968483,3.5483090141462474,58.81840888048629,-0.48254149553919173,-1.8673602070019346,-36.04849935925331,0.38712216047019204,,,,,,,,,,,,,,,,,,,,,,,,,,,,,,,,,,,,,,,,,,,,,,,,,,,,,,,,,,,,,,,,,,,,,,,,,,,,,,,,,,,,,,,,,,,,,,,,,,,,,,,,,,,,,,,,,,,,,,,,,,,,,,,,,,,,,,,,,,,,,,,,,,,,,,,,,,,,,,,,,,,,,,,,,,,,,,,,,,,,,,,,,,,,,,,,,,,,,,,,,,,,,,,,,,,,,,,
630,PVC,LT,#7,#3,GASOLINE_1,0.7051850386532051,2.5055356714548673,42.968162318697246,-0.3773551936491497,-1.0478728833963105,-26.679099485642833,0.37909610171916425,,,,,,,,,,,,,,,,,,,,,,,,,,,,,,,,,,,,,,,,,,,,,,,,,,,,,,,,,,,,,,,,,,,,,,,,,,,,,,,,,,,,,,,,,,,,,,,,,,,,,,,,,,,,,,,,,,,,,,,,,,,,,,,,,,,,,,,,,,,,,,,,,,,,,,,,,,,,,,,,,,,,,,,,,,,,,,,,,,,,,,,,,,,,,,,,,,,,,,,,,,,,,,,,,,,,,,,
631,PVC,LT,#7,#4,GASOLINE_1,0.8001122326058256,3.823128018912291,51.692511280486286,-0.5104730752141599,-2.458767150788641,-36.64623844673652,0.2910725840365521,,,,,,,,,,,,,,,,,,,,,,,,,,,,,,,,,,,,,,,,,,,,,,,,,,,,,,,,,,,,,,,,,,,,,,,,,,,,,,,,,,,,,,,,,,,,,,,,,,,,,,,,,,,,,,,,,,,,,,,,,,,,,,,,,,,,,,,,,,,,,,,,,,,,,,,,,,,,,,,,,,,,,,,,,,,,,,,,,,,,,,,,,,,,,,,,,,,,,,,,,,,,,,,,,,,,,,,
632,PVC,LT,#7,#5,FT_1,0.8751781397237647,3.753247391703417,54.1563864804863,-0.3958583432405702,-2.0804300747138895,-31.699875576429037,0.4146604373640923,,,,,,,,,,,,,,,,,,,,,,,,,,,,,,,,,,,,,,,,,,,,,,,,,,,,,,,,,,,,,,,,,,,,,,,,,,,,,,,,,,,,,,,,,,,,,,,,,,,,,,,,,,,,,,,,,,,,,,,,,,,,,,,,,,,,,,,,,,,,,,,,,,,,,,,,,,,,,,,,,,,,,,,,,,,,,,,,,,,,,,,,,,,,,,,,,,,,,,,,,,,,,,,,,,,,,,,
633,PVC,LT,#7,#6,GASOLINE_1,0.6227864647394243,2.203291154937278,40.75965332803081,-0.29617949041309527,-0.7748146152011308,-24.39559074861896,0.40147698135985166,,,,,,,,,,,,,,,,,,,,,,,,,,,,,,,,,,,,,,,,,,,,,,,,,,,,,,,,,,,,,,,,,,,,,,,,,,,,,,,,,,,,,,,,,,,,,,,,,,,,,,,,,,,,,,,,,,,,,,,,,,,,,,,,,,,,,,,,,,,,,,,,,,,,,,,,,,,,,,,,,,,,,,,,,,,,,,,,,,,,,,,,,,,,,,,,,,,,,,,,,,,,,,,,,,,,,,,
634,PVC,LT,#7,#7,GASOLINE_1,0.6924505367838741,2.6000226657663186,44.92305646472806,-0.36685048739285125,-1.1637988823972476,-29.131928590476512,0.35151499290014165,,,,,,,,,,,,,,,,,,,,,,,,,,,,,,,,,,,,,,,,,,,,,,,,,,,,,,,,,,,,,,,,,,,,,,,,,,,,,,,,,,,,,,,,,,,,,,,,,,,,,,,,,,,,,,,,,,,,,,,,,,,,,,,,,,,,,,,,,,,,,,,,,,,,,,,,,,,,,,,,,,,,,,,,,,,,,,,,,,,,,,,,,,,,,,,,,,,,,,,,,,,,,,,,,,,,,,,
635,PVC,LT,#7,#8,GASOLINE_1,0.7284011284614516,2.6761943601427256,46.04791277076006,-0.395537932323998,-1.2563853704771244,-30.64957758917757,0.33439811394361985,,,,,,,,,,,,,,,,,,,,,,,,,,,,,,,,,,,,,,,,,,,,,,,,,,,,,,,,,,,,,,,,,,,,,,,,,,,,,,,,,,,,,,,,,,,,,,,,,,,,,,,,,,,,,,,,,,,,,,,,,,,,,,,,,,,,,,,,,,,,,,,,,,,,,,,,,,,,,,,,,,,,,,,,,,,,,,,,,,,,,,,,,,,,,,,,,,,,,,,,,,,,,,,,,,,,,,,
636,PVC,LT,#7,#9,GASOLINE_1,0.6910871364896453,2.571265332387806,46.58632780985238,-0.36181378473911047,-1.1166518212063339,-30.529752251809935,0.3446628294803416,,,,,,,,,,,,,,,,,,,,,,,,,,,,,,,,,,,,,,,,,,,,,,,,,,,,,,,,,,,,,,,,,,,,,,,,,,,,,,,,,,,,,,,,,,,,,,,,,,,,,,,,,,,,,,,,,,,,,,,,,,,,,,,,,,,,,,,,,,,,,,,,,,,,,,,,,,,,,,,,,,,,,,,,,,,,,,,,,,,,,,,,,,,,,,,,,,,,,,,,,,,,,,,,,,,,,,,
637,PVC,LT,#7,#10,GASOLINE_1,0.7325613069751383,2.7651460957455947,47.47818270472807,-0.40411661530389587,-1.378226007210143,-31.935745258198303,0.3273595694087505,,,,,,,,,,,,,,,,,,,,,,,,,,,,,,,,,,,,,,,,,,,,,,,,,,,,,,,,,,,,,,,,,,,,,,,,,,,,,,,,,,,,,,,,,,,,,,,,,,,,,,,,,,,,,,,,,,,,,,,,,,,,,,,,,,,,,,,,,,,,,,,,,,,,,,,,,,,,,,,,,,,,,,,,,,,,,,,,,,,,,,,,,,,,,,,,,,,,,,,,,,,,,,,,,,,,,,,
638,PVC,LT,#7,#11,GASOLINE_1,0.74905882342728,2.8537062272669833,47.953149746760076,-0.4152219811827698,-1.4386009716690362,-32.57096071730137,0.3207753632595947,,,,,,,,,,,,,,,,,,,,,,,,,,,,,,,,,,,,,,,,,,,,,,,,,,,,,,,,,,,,,,,,,,,,,,,,,,,,,,,,,,,,,,,,,,,,,,,,,,,,,,,,,,,,,,,,,,,,,,,,,,,,,,,,,,,,,,,,,,,,,,,,,,,,,,,,,,,,,,,,,,,,,,,,,,,,,,,,,,,,,,,,,,,,,,,,,,,,,,,,,,,,,,,,,,,,,,,
639,PVC,LT,#8,#1,Aromatics,0.673976300470381,1.584597583484256,26.60212767423976,-0.463094002203786,-0.19324862151718705,-11.905363041849085,0.5524657580913095,,,,,,,,,,,,,,,,,,,,,,,,,,,,,,,,,,,,,,,,,,,,,,,,,,,,,,,,,,,,,,,,,,,,,,,,,,,,,,,,,,,,,,,,,,,,,,,,,,,,,,,,,,,,,,,,,,,,,,,,,,,,,,,,,,,,,,,,,,,,,,,,,,,,,,,,,,,,,,,,,,,,,,,,,,,,,,,,,,,,,,,,,,,,,,,,,,,,,,,,,,,,,,,,,,,,,,,
640,PVC,LT,#8,#2,FT_1,0.9023788519358489,1.8518353038889634,40.01965695423976,-0.5232904403265018,-0.22099113949412613,-18.47143987423278,0.5384408243340556,,,,,,,,,,,,,,,,,,,,,,,,,,,,,,,,,,,,,,,,,,,,,,,,,,,,,,,,,,,,,,,,,,,,,,,,,,,,,,,,,,,,,,,,,,,,,,,,,,,,,,,,,,,,,,,,,,,,,,,,,,,,,,,,,,,,,,,,,,,,,,,,,,,,,,,,,,,,,,,,,,,,,,,,,,,,,,,,,,,,,,,,,,,,,,,,,,,,,,,,,,,,,,,,,,,,,,,
641,PVC,LT,#8,#3,Aromatics,0.6501440055922051,0.8090619611975827,24.169410392450715,-0.4181041384364591,0.5984961841114981,-9.102040000622313,0.6234066180006888,,,,,,,,,,,,,,,,,,,,,,,,,,,,,,,,,,,,,,,,,,,,,,,,,,,,,,,,,,,,,,,,,,,,,,,,,,,,,,,,,,,,,,,,,,,,,,,,,,,,,,,,,,,,,,,,,,,,,,,,,,,,,,,,,,,,,,,,,,,,,,,,,,,,,,,,,,,,,,,,,,,,,,,,,,,,,,,,,,,,,,,,,,,,,,,,,,,,,,,,,,,,,,,,,,,,,,,
642,PVC,LT,#8,#4,Aromatics,0.7450711995448267,2.1266543086550067,32.89375935423975,-0.5512220200014705,-0.8123980832808327,-19.069178961715995,0.42027973281022596,,,,,,,,,,,,,,,,,,,,,,,,,,,,,,,,,,,,,,,,,,,,,,,,,,,,,,,,,,,,,,,,,,,,,,,,,,,,,,,,,,,,,,,,,,,,,,,,,,,,,,,,,,,,,,,,,,,,,,,,,,,,,,,,,,,,,,,,,,,,,,,,,,,,,,,,,,,,,,,,,,,,,,,,,,,,,,,,,,,,,,,,,,,,,,,,,,,,,,,,,,,,,,,,,,,,,,,
643,PVC,LT,#8,#5,FT_1,0.8201371066627638,2.056773681446133,35.35763455423975,-0.4366072880278788,-0.43406100720608204,-14.122816091408506,0.600572372290809,,,,,,,,,,,,,,,,,,,,,,,,,,,,,,,,,,,,,,,,,,,,,,,,,,,,,,,,,,,,,,,,,,,,,,,,,,,,,,,,,,,,,,,,,,,,,,,,,,,,,,,,,,,,,,,,,,,,,,,,,,,,,,,,,,,,,,,,,,,,,,,,,,,,,,,,,,,,,,,,,,,,,,,,,,,,,,,,,,,,,,,,,,,,,,,,,,,,,,,,,,,,,,,,,,,,,,,
644,PVC,LT,#8,#6,Aromatics,0.5677454316784247,0.5068174446799933,21.960901401784263,-0.3369284352004053,0.8715544523066774,-6.818531263598431,0.6895149639420336,,,,,,,,,,,,,,,,,,,,,,,,,,,,,,,,,,,,,,,,,,,,,,,,,,,,,,,,,,,,,,,,,,,,,,,,,,,,,,,,,,,,,,,,,,,,,,,,,,,,,,,,,,,,,,,,,,,,,,,,,,,,,,,,,,,,,,,,,,,,,,,,,,,,,,,,,,,,,,,,,,,,,,,,,,,,,,,,,,,,,,,,,,,,,,,,,,,,,,,,,,,,,,,,,,,,,,,
645,PVC,LT,#8,#7,Aromatics,0.6374095037228745,0.9035489555090339,26.124304538481525,-0.4075994321801612,0.48257018511056116,-11.55486910545599,0.5576965852455333,,,,,,,,,,,,,,,,,,,,,,,,,,,,,,,,,,,,,,,,,,,,,,,,,,,,,,,,,,,,,,,,,,,,,,,,,,,,,,,,,,,,,,,,,,,,,,,,,,,,,,,,,,,,,,,,,,,,,,,,,,,,,,,,,,,,,,,,,,,,,,,,,,,,,,,,,,,,,,,,,,,,,,,,,,,,,,,,,,,,,,,,,,,,,,,,,,,,,,,,,,,,,,,,,,,,,,,
646,PVC,LT,#8,#8,Aromatics,0.6733600954004518,0.9797206498854423,27.249160844513522,-0.436286877111308,0.38998369703068314,-13.072518104157043,0.5202597915308234,,,,,,,,,,,,,,,,,,,,,,,,,,,,,,,,,,,,,,,,,,,,,,,,,,,,,,,,,,,,,,,,,,,,,,,,,,,,,,,,,,,,,,,,,,,,,,,,,,,,,,,,,,,,,,,,,,,,,,,,,,,,,,,,,,,,,,,,,,,,,,,,,,,,,,,,,,,,,,,,,,,,,,,,,,,,,,,,,,,,,,,,,,,,,,,,,,,,,,,,,,,,,,,,,,,,,,,
647,PVC,LT,#8,#9,Aromatics,0.636046103428645,0.8747916221305223,27.787575883605843,-0.4025627295264197,0.5297172463014739,-12.952692766789408,0.533867480162915,,,,,,,,,,,,,,,,,,,,,,,,,,,,,,,,,,,,,,,,,,,,,,,,,,,,,,,,,,,,,,,,,,,,,,,,,,,,,,,,,,,,,,,,,,,,,,,,,,,,,,,,,,,,,,,,,,,,,,,,,,,,,,,,,,,,,,,,,,,,,,,,,,,,,,,,,,,,,,,,,,,,,,,,,,,,,,,,,,,,,,,,,,,,,,,,,,,,,,,,,,,,,,,,,,,,,,,
648,PVC,LT,#8,#10,Aromatics,0.6775202739141394,1.0686723854883107,28.679430778481528,-0.4448655600912065,0.2681430602976647,-14.358685773177774,0.4993385369436536,,,,,,,,,,,,,,,,,,,,,,,,,,,,,,,,,,,,,,,,,,,,,,,,,,,,,,,,,,,,,,,,,,,,,,,,,,,,,,,,,,,,,,,,,,,,,,,,,,,,,,,,,,,,,,,,,,,,,,,,,,,,,,,,,,,,,,,,,,,,,,,,,,,,,,,,,,,,,,,,,,,,,,,,,,,,,,,,,,,,,,,,,,,,,,,,,,,,,,,,,,,,,,,,,,,,,,,
649,PVC,LT,#8,#11,Aromatics,0.694017790366281,1.1572325170097002,29.154397820513523,-0.4559709259700803,0.20776809583877118,-14.993901232280832,0.48570705097085315,,,,,,,,,,,,,,,,,,,,,,,,,,,,,,,,,,,,,,,,,,,,,,,,,,,,,,,,,,,,,,,,,,,,,,,,,,,,,,,,,,,,,,,,,,,,,,,,,,,,,,,,,,,,,,,,,,,,,,,,,,,,,,,,,,,,,,,,,,,,,,,,,,,,,,,,,,,,,,,,,,,,,,,,,,,,,,,,,,,,,,,,,,,,,,,,,,,,,,,,,,,,,,,,,,,,,,,
650,PVC,LT,#9,#1,Aromatics,0.7486288293390914,1.8823665683629875,28.74486651423976,-0.5464655412713808,-0.4716745868244502,-14.16689140493062,0.5071505585906073,,,,,,,,,,,,,,,,,,,,,,,,,,,,,,,,,,,,,,,,,,,,,,,,,,,,,,,,,,,,,,,,,,,,,,,,,,,,,,,,,,,,,,,,,,,,,,,,,,,,,,,,,,,,,,,,,,,,,,,,,,,,,,,,,,,,,,,,,,,,,,,,,,,,,,,,,,,,,,,,,,,,,,,,,,,,,,,,,,,,,,,,,,,,,,,,,,,,,,,,,,,,,,,,,,,,,,,
651,PVC,LT,#9,#2,FT_1,0.9770313808045599,2.1496042887676947,42.16239579423976,-0.6066619793940976,-0.49941710480138896,-20.732968237314317,0.5082592474465869,,,,,,,,,,,,,,,,,,,,,,,,,,,,,,,,,,,,,,,,,,,,,,,,,,,,,,,,,,,,,,,,,,,,,,,,,,,,,,,,,,,,,,,,,,,,,,,,,,,,,,,,,,,,,,,,,,,,,,,,,,,,,,,,,,,,,,,,,,,,,,,,,,,,,,,,,,,,,,,,,,,,,,,,,,,,,,,,,,,,,,,,,,,,,,,,,,,,,,,,,,,,,,,,,,,,,,,
652,PVC,LT,#9,#3,Aromatics,0.7247965344609151,1.1068309460763137,26.312149232450714,-0.5014756775040538,0.3200702188042356,-11.363568363703846,0.5681246612234478,,,,,,,,,,,,,,,,,,,,,,,,,,,,,,,,,,,,,,,,,,,,,,,,,,,,,,,,,,,,,,,,,,,,,,,,,,,,,,,,,,,,,,,,,,,,,,,,,,,,,,,,,,,,,,,,,,,,,,,,,,,,,,,,,,,,,,,,,,,,,,,,,,,,,,,,,,,,,,,,,,,,,,,,,,,,,,,,,,,,,,,,,,,,,,,,,,,,,,,,,,,,,,,,,,,,,,,
653,PVC,LT,#9,#4,Aromatics,0.819723728413537,2.4244232935337378,35.03649819423976,-0.6345935590690656,-1.0908240485880951,-21.330707324797544,0.3911860938116111,,,,,,,,,,,,,,,,,,,,,,,,,,,,,,,,,,,,,,,,,,,,,,,,,,,,,,,,,,,,,,,,,,,,,,,,,,,,,,,,,,,,,,,,,,,,,,,,,,,,,,,,,,,,,,,,,,,,,,,,,,,,,,,,,,,,,,,,,,,,,,,,,,,,,,,,,,,,,,,,,,,,,,,,,,,,,,,,,,,,,,,,,,,,,,,,,,,,,,,,,,,,,,,,,,,,,,,
654,PVC,LT,#9,#5,FT_1,0.8947896355314746,2.354542666324864,37.50037339423975,-0.5199788270954743,-0.7124869725133443,-16.384344454490034,0.5630884982866129,,,,,,,,,,,,,,,,,,,,,,,,,,,,,,,,,,,,,,,,,,,,,,,,,,,,,,,,,,,,,,,,,,,,,,,,,,,,,,,,,,,,,,,,,,,,,,,,,,,,,,,,,,,,,,,,,,,,,,,,,,,,,,,,,,,,,,,,,,,,,,,,,,,,,,,,,,,,,,,,,,,,,,,,,,,,,,,,,,,,,,,,,,,,,,,,,,,,,,,,,,,,,,,,,,,,,,,
655,PVC,LT,#9,#6,Aromatics,0.6423979605471348,0.8045864295587245,24.10364024178426,-0.4202999742679998,0.5931284869994151,-9.080059626679967,0.6232909413019093,,,,,,,,,,,,,,,,,,,,,,,,,,,,,,,,,,,,,,,,,,,,,,,,,,,,,,,,,,,,,,,,,,,,,,,,,,,,,,,,,,,,,,,,,,,,,,,,,,,,,,,,,,,,,,,,,,,,,,,,,,,,,,,,,,,,,,,,,,,,,,,,,,,,,,,,,,,,,,,,,,,,,,,,,,,,,,,,,,,,,,,,,,,,,,,,,,,,,,,,,,,,,,,,,,,,,,,
656,PVC,LT,#9,#7,Aromatics,0.7120620325915846,1.201317940387765,28.267043378481528,-0.4909709712477559,0.20414421980329872,-13.816397468537524,0.5112188677272365,,,,,,,,,,,,,,,,,,,,,,,,,,,,,,,,,,,,,,,,,,,,,,,,,,,,,,,,,,,,,,,,,,,,,,,,,,,,,,,,,,,,,,,,,,,,,,,,,,,,,,,,,,,,,,,,,,,,,,,,,,,,,,,,,,,,,,,,,,,,,,,,,,,,,,,,,,,,,,,,,,,,,,,,,,,,,,,,,,,,,,,,,,,,,,,,,,,,,,,,,,,,,,,,,,,,,,,
657,PVC,LT,#9,#8,Aromatics,0.7480126242691614,1.2774896347641733,29.391899684513525,-0.5196584161789021,0.11155773172342077,-15.334046467238581,0.4782900516186088,,,,,,,,,,,,,,,,,,,,,,,,,,,,,,,,,,,,,,,,,,,,,,,,,,,,,,,,,,,,,,,,,,,,,,,,,,,,,,,,,,,,,,,,,,,,,,,,,,,,,,,,,,,,,,,,,,,,,,,,,,,,,,,,,,,,,,,,,,,,,,,,,,,,,,,,,,,,,,,,,,,,,,,,,,,,,,,,,,,,,,,,,,,,,,,,,,,,,,,,,,,,,,,,,,,,,,,
658,PVC,LT,#9,#9,Aromatics,0.710698632297355,1.172560607009253,29.93031472360584,-0.4859342685940142,0.25129128099421205,-15.214221129870939,0.49167854496793567,,,,,,,,,,,,,,,,,,,,,,,,,,,,,,,,,,,,,,,,,,,,,,,,,,,,,,,,,,,,,,,,,,,,,,,,,,,,,,,,,,,,,,,,,,,,,,,,,,,,,,,,,,,,,,,,,,,,,,,,,,,,,,,,,,,,,,,,,,,,,,,,,,,,,,,,,,,,,,,,,,,,,,,,,,,,,,,,,,,,,,,,,,,,,,,,,,,,,,,,,,,,,,,,,,,,,,,
659,PVC,LT,#9,#10,Aromatics,0.7521728027828499,1.3664413703670415,30.822169618481528,-0.5282370991588016,-0.01028290500959769,-16.620214136259307,0.460770791219917,,,,,,,,,,,,,,,,,,,,,,,,,,,,,,,,,,,,,,,,,,,,,,,,,,,,,,,,,,,,,,,,,,,,,,,,,,,,,,,,,,,,,,,,,,,,,,,,,,,,,,,,,,,,,,,,,,,,,,,,,,,,,,,,,,,,,,,,,,,,,,,,,,,,,,,,,,,,,,,,,,,,,,,,,,,,,,,,,,,,,,,,,,,,,,,,,,,,,,,,,,,,,,,,,,,,,,,
660,PVC,LT,#9,#11,Aromatics,0.7686703192349915,1.4550015018884312,31.297136660513527,-0.5393424650376756,-0.07065786946849137,-17.255429595362365,0.4486578825872936,,,,,,,,,,,,,,,,,,,,,,,,,,,,,,,,,,,,,,,,,,,,,,,,,,,,,,,,,,,,,,,,,,,,,,,,,,,,,,,,,,,,,,,,,,,,,,,,,,,,,,,,,,,,,,,,,,,,,,,,,,,,,,,,,,,,,,,,,,,,,,,,,,,,,,,,,,,,,,,,,,,,,,,,,,,,,,,,,,,,,,,,,,,,,,,,,,,,,,,,,,,,,,,,,,,,,,,
661,PVC,HT,#1,-,MeOH_1,0.5768980080737527,1.688416667701028,35.02551151417986,-0.30257012492699015,-0.30172913005385144,-19.705596144081966,0.43739305174446136,,,,,,,,,,,,,,,,,,,,,,,,,,,,,,,,,,,,,,,,,,,,,,,,,,,,,,,,,,,,,,,,,,,,,,,,,,,,,,,,,,,,,,,,,,,,,,,,,,,,,,,,,,,,,,,,,,,,,,,,,,,,,,,,,,,,,,,,,,,,,,,,,,,,,,,,,,,,,,,,,,,,,,,,,,,,,,,,,,,,,,,,,,,,,,,,,,,,,,,,,,,,,,,,,,,,,,,
662,PVC,HT,#2,-,FT_1,0.641561590391014,1.786987225946631,35.78989345509186,-0.3510609440001923,-0.4521197387708023,-21.230440111172108,0.4068034838435198,,,,,,,,,,,,,,,,,,,,,,,,,,,,,,,,,,,,,,,,,,,,,,,,,,,,,,,,,,,,,,,,,,,,,,,,,,,,,,,,,,,,,,,,,,,,,,,,,,,,,,,,,,,,,,,,,,,,,,,,,,,,,,,,,,,,,,,,,,,,,,,,,,,,,,,,,,,,,,,,,,,,,,,,,,,,,,,,,,,,,,,,,,,,,,,,,,,,,,,,,,,,,,,,,,,,,,,
663,PVC,HT,#3,-,DIESEL_1,0.5909184319616326,2.638918376739657,35.966950165661586,-0.26204746933137224,-1.1412129295230264,-11.869701609916957,0.6699830940559087,,,,,,,,,,,,,,,,,,,,,,,,,,,,,,,,,,,,,,,,,,,,,,,,,,,,,,,,,,,,,,,,,,,,,,,,,,,,,,,,,,,,,,,,,,,,,,,,,,,,,,,,,,,,,,,,,,,,,,,,,,,,,,,,,,,,,,,,,,,,,,,,,,,,,,,,,,,,,,,,,,,,,,,,,,,,,,,,,,,,,,,,,,,,,,,,,,,,,,,,,,,,,,,,,,,,,,,
664,PVC,HT,#4,-,MeOH_1,0.756145612915867,2.764917626100438,49.77494018905987,-0.5057300878810506,-1.5571897903116583,-36.874436017445,0.2591766885628583,,,,,,,,,,,,,,,,,,,,,,,,,,,,,,,,,,,,,,,,,,,,,,,,,,,,,,,,,,,,,,,,,,,,,,,,,,,,,,,,,,,,,,,,,,,,,,,,,,,,,,,,,,,,,,,,,,,,,,,,,,,,,,,,,,,,,,,,,,,,,,,,,,,,,,,,,,,,,,,,,,,,,,,,,,,,,,,,,,,,,,,,,,,,,,,,,,,,,,,,,,,,,,,,,,,,,,,
665,PVC,HT,#5,-,FT_1,0.8124228667567244,2.9472937095386946,49.77300145509186,-0.48142321721307413,-1.5528318385413935,-34.70802129775289,0.302673733086631,,,,,,,,,,,,,,,,,,,,,,,,,,,,,,,,,,,,,,,,,,,,,,,,,,,,,,,,,,,,,,,,,,,,,,,,,,,,,,,,,,,,,,,,,,,,,,,,,,,,,,,,,,,,,,,,,,,,,,,,,,,,,,,,,,,,,,,,,,,,,,,,,,,,,,,,,,,,,,,,,,,,,,,,,,,,,,,,,,,,,,,,,,,,,,,,,,,,,,,,,,,,,,,,,,,,,,,
666,PVC,HT,#6,-,Olefin,0.43008294886915616,0.9300354309496947,27.314703188434244,-0.19082359274847,0.3644065323998296,-13.010471285016324,0.5236824945428916,,,,,,,,,,,,,,,,,,,,,,,,,,,,,,,,,,,,,,,,,,,,,,,,,,,,,,,,,,,,,,,,,,,,,,,,,,,,,,,,,,,,,,,,,,,,,,,,,,,,,,,,,,,,,,,,,,,,,,,,,,,,,,,,,,,,,,,,,,,,,,,,,,,,,,,,,,,,,,,,,,,,,,,,,,,,,,,,,,,,,,,,,,,,,,,,,,,,,,,,,,,,,,,,,,,,,,,
667,PVC,HT,#7,-,MeOH_1,0.5352914681855481,2.007440342081226,33.75222870009637,-0.24056584501778844,-0.6208247211463612,-18.028428525075537,0.4658596122565363,,,,,,,,,,,,,,,,,,,,,,,,,,,,,,,,,,,,,,,,,,,,,,,,,,,,,,,,,,,,,,,,,,,,,,,,,,,,,,,,,,,,,,,,,,,,,,,,,,,,,,,,,,,,,,,,,,,,,,,,,,,,,,,,,,,,,,,,,,,,,,,,,,,,,,,,,,,,,,,,,,,,,,,,,,,,,,,,,,,,,,,,,,,,,,,,,,,,,,,,,,,,,,,,,,,,,,,
668,PVC,HT,#8,-,DIESEL_1,0.611667135038108,2.190288902687999,36.31719604612837,-0.30177843094223494,-0.7741974104408109,-21.179439673860603,0.41682062549764337,,,,,,,,,,,,,,,,,,,,,,,,,,,,,,,,,,,,,,,,,,,,,,,,,,,,,,,,,,,,,,,,,,,,,,,,,,,,,,,,,,,,,,,,,,,,,,,,,,,,,,,,,,,,,,,,,,,,,,,,,,,,,,,,,,,,,,,,,,,,,,,,,,,,,,,,,,,,,,,,,,,,,,,,,,,,,,,,,,,,,,,,,,,,,,,,,,,,,,,,,,,,,,,,,,,,,,,
669,PVC,HT,#9,-,DIESEL_1,0.5386595971276473,1.3505852995980459,32.74460344552127,-0.24383019248808632,0.16120804221140161,-16.122304831733747,0.507634750912248,,,,,,,,,,,,,,,,,,,,,,,,,,,,,,,,,,,,,,,,,,,,,,,,,,,,,,,,,,,,,,,,,,,,,,,,,,,,,,,,,,,,,,,,,,,,,,,,,,,,,,,,,,,,,,,,,,,,,,,,,,,,,,,,,,,,,,,,,,,,,,,,,,,,,,,,,,,,,,,,,,,,,,,,,,,,,,,,,,,,,,,,,,,,,,,,,,,,,,,,,,,,,,,,,,,,,,,
670,PVC,HT,#10,-,MeOH_1,0.6629730476812483,2.7051140144805683,42.84393958009637,-0.3640109949058939,-1.389279258711871,-27.66818035174886,0.3542101724790402,,,,,,,,,,,,,,,,,,,,,,,,,,,,,,,,,,,,,,,,,,,,,,,,,,,,,,,,,,,,,,,,,,,,,,,,,,,,,,,,,,,,,,,,,,,,,,,,,,,,,,,,,,,,,,,,,,,,,,,,,,,,,,,,,,,,,,,,,,,,,,,,,,,,,,,,,,,,,,,,,,,,,,,,,,,,,,,,,,,,,,,,,,,,,,,,,,,,,,,,,,,,,,,,,,,,,,,
671,PVC,HT,#11,-,DIESEL_1,0.7392247958973295,3.0613238264513236,45.84450820612837,-0.42902381155827274,-1.648168733367443,-30.964952821840505,0.3245657106274467,,,,,,,,,,,,,,,,,,,,,,,,,,,,,,,,,,,,,,,,,,,,,,,,,,,,,,,,,,,,,,,,,,,,,,,,,,,,,,,,,,,,,,,,,,,,,,,,,,,,,,,,,,,,,,,,,,,,,,,,,,,,,,,,,,,,,,,,,,,,,,,,,,,,,,,,,,,,,,,,,,,,,,,,,,,,,,,,,,,,,,,,,,,,,,,,,,,,,,,,,,,,,,,,,,,,,,,
672,PVC,LT,#1,-,MeOH_1,0.5385003275496392,2.2696365925640265,34.717649749932434,-0.24995838032770296,-0.8760306382911658,-18.549275009861077,0.4657105206294336,,,,,,,,,,,,,,,,,,,,,,,,,,,,,,,,,,,,,,,,,,,,,,,,,,,,,,,,,,,,,,,,,,,,,,,,,,,,,,,,,,,,,,,,,,,,,,,,,,,,,,,,,,,,,,,,,,,,,,,,,,,,,,,,,,,,,,,,,,,,,,,,,,,,,,,,,,,,,,,,,,,,,,,,,,,,,,,,,,,,,,,,,,,,,,,,,,,,,,,,,,,,,,,,,,,,,,,
673,PVC,LT,#2,-,FT_1,0.5919204264000872,2.247266606538354,35.00101265084444,-0.281802256992219,-0.8915482301960811,-19.479171015406703,0.4434683587665642,,,,,,,,,,,,,,,,,,,,,,,,,,,,,,,,,,,,,,,,,,,,,,,,,,,,,,,,,,,,,,,,,,,,,,,,,,,,,,,,,,,,,,,,,,,,,,,,,,,,,,,,,,,,,,,,,,,,,,,,,,,,,,,,,,,,,,,,,,,,,,,,,,,,,,,,,,,,,,,,,,,,,,,,,,,,,,,,,,,,,,,,,,,,,,,,,,,,,,,,,,,,,,,,,,,,,,,
674,PVC,LT,#3,-,GASOLINE_1,0.5425541323260117,1.632418885409301,34.42105558215578,-0.24070580021252796,-0.10597401605138392,-16.873245767882434,0.5097987123721536,,,,,,,,,,,,,,,,,,,,,,,,,,,,,,,,,,,,,,,,,,,,,,,,,,,,,,,,,,,,,,,,,,,,,,,,,,,,,,,,,,,,,,,,,,,,,,,,,,,,,,,,,,,,,,,,,,,,,,,,,,,,,,,,,,,,,,,,,,,,,,,,,,,,,,,,,,,,,,,,,,,,,,,,,,,,,,,,,,,,,,,,,,,,,,,,,,,,,,,,,,,,,,,,,,,,,,,
675,PVC,LT,#4,-,MeOH_1,0.732259215909181,3.18610147138191,52.57451826481245,-0.4076002324360847,-1.9094750115850907,-34.197572558145424,0.34954092425734157,,,,,,,,,,,,,,,,,,,,,,,,,,,,,,,,,,,,,,,,,,,,,,,,,,,,,,,,,,,,,,,,,,,,,,,,,,,,,,,,,,,,,,,,,,,,,,,,,,,,,,,,,,,,,,,,,,,,,,,,,,,,,,,,,,,,,,,,,,,,,,,,,,,,,,,,,,,,,,,,,,,,,,,,,,,,,,,,,,,,,,,,,,,,,,,,,,,,,,,,,,,,,,,,,,,,,,,
676,PVC,LT,#5,-,FT_1,0.778941645091896,3.51799560127464,52.47419665084444,-0.4014620289031891,-2.068584203977796,-34.08947745394557,0.35035732551044235,,,,,,,,,,,,,,,,,,,,,,,,,,,,,,,,,,,,,,,,,,,,,,,,,,,,,,,,,,,,,,,,,,,,,,,,,,,,,,,,,,,,,,,,,,,,,,,,,,,,,,,,,,,,,,,,,,,,,,,,,,,,,,,,,,,,,,,,,,,,,,,,,,,,,,,,,,,,,,,,,,,,,,,,,,,,,,,,,,,,,,,,,,,,,,,,,,,,,,,,,,,,,,,,,,,,,,,
677,PVC,LT,#6,-,Olefin,0.4140721585182664,0.8738956303762108,27.388471762067198,-0.1441570053954819,0.4878849720008595,-11.279109817624244,0.5881803878796291,,,,,,,,,,,,,,,,,,,,,,,,,,,,,,,,,,,,,,,,,,,,,,,,,,,,,,,,,,,,,,,,,,,,,,,,,,,,,,,,,,,,,,,,,,,,,,,,,,,,,,,,,,,,,,,,,,,,,,,,,,,,,,,,,,,,,,,,,,,,,,,,,,,,,,,,,,,,,,,,,,,,,,,,,,,,,,,,,,,,,,,,,,,,,,,,,,,,,,,,,,,,,,,,,,,,,,,
678,PVC,LT,#7,-,MeOH_1,0.5247327084954713,1.711885564383401,35.581186856525285,-0.21581527846359894,-0.2938413827057834,-19.054430002959787,0.46448020186079414,,,,,,,,,,,,,,,,,,,,,,,,,,,,,,,,,,,,,,,,,,,,,,,,,,,,,,,,,,,,,,,,,,,,,,,,,,,,,,,,,,,,,,,,,,,,,,,,,,,,,,,,,,,,,,,,,,,,,,,,,,,,,,,,,,,,,,,,,,,,,,,,,,,,,,,,,,,,,,,,,,,,,,,,,,,,,,,,,,,,,,,,,,,,,,,,,,,,,,,,,,,,,,,,,,,,,,,
679,PVC,LT,#8,-,GASOLINE_1,0.6059076550899106,1.8889751583495349,37.80574860255728,-0.2741435359212697,-0.4685286911332118,-22.223548377670465,0.4121648373822387,,,,,,,,,,,,,,,,,,,,,,,,,,,,,,,,,,,,,,,,,,,,,,,,,,,,,,,,,,,,,,,,,,,,,,,,,,,,,,,,,,,,,,,,,,,,,,,,,,,,,,,,,,,,,,,,,,,,,,,,,,,,,,,,,,,,,,,,,,,,,,,,,,,,,,,,,,,,,,,,,,,,,,,,,,,,,,,,,,,,,,,,,,,,,,,,,,,,,,,,,,,,,,,,,,,,,,,
680,PVC,LT,#9,-,GASOLINE_1,0.5327563203071729,1.4778078318672243,34.84848415068449,-0.22196796988007278,0.06697213800768584,-17.36683855197812,0.501647231572998,,,,,,,,,,,,,,,,,,,,,,,,,,,,,,,,,,,,,,,,,,,,,,,,,,,,,,,,,,,,,,,,,,,,,,,,,,,,,,,,,,,,,,,,,,,,,,,,,,,,,,,,,,,,,,,,,,,,,,,,,,,,,,,,,,,,,,,,,,,,,,,,,,,,,,,,,,,,,,,,,,,,,,,,,,,,,,,,,,,,,,,,,,,,,,,,,,,,,,,,,,,,,,,,,,,,,,,
681,PVC,LT,#10,-,MeOH_1,0.6410801415293225,2.451661112183481,45.53482013652529,-0.3263850148039576,-1.1528265947515401,-29.703363857686416,0.34767802379304524,,,,,,,,,,,,,,,,,,,,,,,,,,,,,,,,,,,,,,,,,,,,,,,,,,,,,,,,,,,,,,,,,,,,,,,,,,,,,,,,,,,,,,,,,,,,,,,,,,,,,,,,,,,,,,,,,,,,,,,,,,,,,,,,,,,,,,,,,,,,,,,,,,,,,,,,,,,,,,,,,,,,,,,,,,,,,,,,,,,,,,,,,,,,,,,,,,,,,,,,,,,,,,,,,,,,,,,
682,PVC,LT,#11,-,GASOLINE_1,0.7029665682051581,2.82340697999293,47.54268988255729,-0.3696412800948068,-1.410567555154624,-32.08496810358123,0.32513351299980325,,,,,,,,,,,,,,,,,,,,,,,,,,,,,,,,,,,,,,,,,,,,,,,,,,,,,,,,,,,,,,,,,,,,,,,,,,,,,,,,,,,,,,,,,,,,,,,,,,,,,,,,,,,,,,,,,,,,,,,,,,,,,,,,,,,,,,,,,,,,,,,,,,,,,,,,,,,,,,,,,,,,,,,,,,,,,,,,,,,,,,,,,,,,,,,,,,,,,,,,,,,,,,,,,,,,,,,
683,PVC,SG,#1,-,MeOH_1,0.38488215376552143,1.8806268638335246,31.44165865493168,-0.08045803001777721,-0.5731524927330786,-14.569915477300356,0.536604743496411,,,,,,,,,,,,,,,,,,,,,,,,,,,,,,,,,,,,,,,,,,,,,,,,,,,,,,,,,,,,,,,,,,,,,,,,,,,,,,,,,,,,,,,,,,,,,,,,,,,,,,,,,,,,,,,,,,,,,,,,,,,,,,,,,,,,,,,,,,,,,,,,,,,,,,,,,,,,,,,,,,,,,,,,,,,,,,,,,,,,,,,,,,,,,,,,,,,,,,,,,,,,,,,,,,,,,,,
684,PVC,SG,#2,-,FT_1,0.48977312476549156,2.1451503750468333,32.15640649493168,-0.07502337192896519,-0.5381051955599024,-15.806766711648681,0.5084411339886482,,,,,,,,,,,,,,,,,,,,,,,,,,,,,,,,,,,,,,,,,,,,,,,,,,,,,,,,,,,,,,,,,,,,,,,,,,,,,,,,,,,,,,,,,,,,,,,,,,,,,,,,,,,,,,,,,,,,,,,,,,,,,,,,,,,,,,,,,,,,,,,,,,,,,,,,,,,,,,,,,,,,,,,,,,,,,,,,,,,,,,,,,,,,,,,,,,,,,,,,,,,,,,,,,,,,,,,
685,PVC,SG,#3,-,H2_1,0.38030742977263754,2.216968181138067,33.54006506455463,-0.08874393541658125,-0.3744079390301937,-11.632369735668638,0.6531798697086666,,,,,,,,,,,,,,,,,,,,,,,,,,,,,,,,,,,,,,,,,,,,,,,,,,,,,,,,,,,,,,,,,,,,,,,,,,,,,,,,,,,,,,,,,,,,,,,,,,,,,,,,,,,,,,,,,,,,,,,,,,,,,,,,,,,,,,,,,,,,,,,,,,,,,,,,,,,,,,,,,,,,,,,,,,,,,,,,,,,,,,,,,,,,,,,,,,,,,,,,,,,,,,,,,,,,,,,
686,PVC,SG,#4,-,MeOH_1,0.575666433911791,3.844835972933493,52.363769054931666,-0.2701233876315259,-2.557844540377194,-35.00003728426775,0.3315982039499234,,,,,,,,,,,,,,,,,,,,,,,,,,,,,,,,,,,,,,,,,,,,,,,,,,,,,,,,,,,,,,,,,,,,,,,,,,,,,,,,,,,,,,,,,,,,,,,,,,,,,,,,,,,,,,,,,,,,,,,,,,,,,,,,,,,,,,,,,,,,,,,,,,,,,,,,,,,,,,,,,,,,,,,,,,,,,,,,,,,,,,,,,,,,,,,,,,,,,,,,,,,,,,,,,,,,,,,
687,PVC,SG,#5,-,FT_1,0.6796791063492549,4.131610273211943,53.27796265493168,-0.26561764793167675,-2.5277639649355628,-37.05218054218253,0.30454959807377696,,,,,,,,,,,,,,,,,,,,,,,,,,,,,,,,,,,,,,,,,,,,,,,,,,,,,,,,,,,,,,,,,,,,,,,,,,,,,,,,,,,,,,,,,,,,,,,,,,,,,,,,,,,,,,,,,,,,,,,,,,,,,,,,,,,,,,,,,,,,,,,,,,,,,,,,,,,,,,,,,,,,,,,,,,,,,,,,,,,,,,,,,,,,,,,,,,,,,,,,,,,,,,,,,,,,,,,
688,PVC,SG,#6,-,MeOH_1,0.3968466629551015,1.8249573411986366,34.98731006139432,-0.06750844858126819,-0.5146891835432288,-17.799675226034104,0.49125339459364115,,,,,,,,,,,,,,,,,,,,,,,,,,,,,,,,,,,,,,,,,,,,,,,,,,,,,,,,,,,,,,,,,,,,,,,,,,,,,,,,,,,,,,,,,,,,,,,,,,,,,,,,,,,,,,,,,,,,,,,,,,,,,,,,,,,,,,,,,,,,,,,,,,,,,,,,,,,,,,,,,,,,,,,,,,,,,,,,,,,,,,,,,,,,,,,,,,,,,,,,,,,,,,,,,,,,,,,
689,PVC,SG,#7,-,FT_1,0.5053346843246997,2.376028746652511,37.35357420742632,-0.11221718569839582,-0.7704335604624438,-21.30138282455321,0.4297364234473108,,,,,,,,,,,,,,,,,,,,,,,,,,,,,,,,,,,,,,,,,,,,,,,,,,,,,,,,,,,,,,,,,,,,,,,,,,,,,,,,,,,,,,,,,,,,,,,,,,,,,,,,,,,,,,,,,,,,,,,,,,,,,,,,,,,,,,,,,,,,,,,,,,,,,,,,,,,,,,,,,,,,,,,,,,,,,,,,,,,,,,,,,,,,,,,,,,,,,,,,,,,,,,,,,,,,,,,
690,PVC,SG,#8,-,H2_1,0.4132938502716769,2.510215620857096,38.894403423204714,-0.11082355424183177,-0.6556108323476505,-17.207769291792022,0.5575772404950752,,,,,,,,,,,,,,,,,,,,,,,,,,,,,,,,,,,,,,,,,,,,,,,,,,,,,,,,,,,,,,,,,,,,,,,,,,,,,,,,,,,,,,,,,,,,,,,,,,,,,,,,,,,,,,,,,,,,,,,,,,,,,,,,,,,,,,,,,,,,,,,,,,,,,,,,,,,,,,,,,,,,,,,,,,,,,,,,,,,,,,,,,,,,,,,,,,,,,,,,,,,,,,,,,,,,,,,
691,PVC,SG,#9,-,MeOH_1,0.5707788692464404,3.893391146028051,56.79891774139432,-0.2414396539456879,-2.5831167726883684,-39.61148082195839,0.3026014861355351,,,,,,,,,,,,,,,,,,,,,,,,,,,,,,,,,,,,,,,,,,,,,,,,,,,,,,,,,,,,,,,,,,,,,,,,,,,,,,,,,,,,,,,,,,,,,,,,,,,,,,,,,,,,,,,,,,,,,,,,,,,,,,,,,,,,,,,,,,,,,,,,,,,,,,,,,,,,,,,,,,,,,,,,,,,,,,,,,,,,,,,,,,,,,,,,,,,,,,,,,,,,,,,,,,,,,,,
692,PVC,SG,#10,-,FT_1,0.6762803096642177,4.466610182465974,59.29079740742632,-0.28276538933061346,-2.8586838187754644,-43.15673937537166,0.27211740670625284,,,,,,,,,,,,,,,,,,,,,,,,,,,,,,,,,,,,,,,,,,,,,,,,,,,,,,,,,,,,,,,,,,,,,,,,,,,,,,,,,,,,,,,,,,,,,,,,,,,,,,,,,,,,,,,,,,,,,,,,,,,,,,,,,,,,,,,,,,,,,,,,,,,,,,,,,,,,,,,,,,,,,,,,,,,,,,,,,,,,,,,,,,,,,,,,,,,,,,,,,,,,,,,,,,,,,,,
693,PVC,OG,#1,-,MeOH_1,0.32380786764962066,1.3813738714383186,18.613416900078747,-0.2136944778431973,-0.29427960097751454,-9.812836662839304,0.47280842010271684,,,,,,,,,,,,,,,,,,,,,,,,,,,,,,,,,,,,,,,,,,,,,,,,,,,,,,,,,,,,,,,,,,,,,,,,,,,,,,,,,,,,,,,,,,,,,,,,,,,,,,,,,,,,,,,,,,,,,,,,,,,,,,,,,,,,,,,,,,,,,,,,,,,,,,,,,,,,,,,,,,,,,,,,,,,,,,,,,,,,,,,,,,,,,,,,,,,,,,,,,,,,,,,,,,,,,,,
694,PVC,OG,#2,-,FT_1,0.636749167562228,1.5731123734529633,34.18456922007874,-0.21896145225856678,0.034474138007640986,-17.552159480001077,0.48654729661792584,,,,,,,,,,,,,,,,,,,,,,,,,,,,,,,,,,,,,,,,,,,,,,,,,,,,,,,,,,,,,,,,,,,,,,,,,,,,,,,,,,,,,,,,,,,,,,,,,,,,,,,,,,,,,,,,,,,,,,,,,,,,,,,,,,,,,,,,,,,,,,,,,,,,,,,,,,,,,,,,,,,,,,,,,,,,,,,,,,,,,,,,,,,,,,,,,,,,,,,,,,,,,,,,,,,,,,,
695,PVC,OG,#3,-,H2_1,0.34426158251985484,1.0572215858264429,23.556914238371533,-0.19647125329457346,0.3006275705422804,-14.281109134366208,0.39376146680943863,,,,,,,,,,,,,,,,,,,,,,,,,,,,,,,,,,,,,,,,,,,,,,,,,,,,,,,,,,,,,,,,,,,,,,,,,,,,,,,,,,,,,,,,,,,,,,,,,,,,,,,,,,,,,,,,,,,,,,,,,,,,,,,,,,,,,,,,,,,,,,,,,,,,,,,,,,,,,,,,,,,,,,,,,,,,,,,,,,,,,,,,,,,,,,,,,,,,,,,,,,,,,,,,,,,,,,,
696,PVC,OG,#4,-,MeOH_1,0.4526652032566063,2.497964676258821,30.88100922007874,-0.35136732664548437,-1.4194598698150867,-22.459128250573503,0.27272039296012907,,,,,,,,,,,,,,,,,,,,,,,,,,,,,,,,,,,,,,,,,,,,,,,,,,,,,,,,,,,,,,,,,,,,,,,,,,,,,,,,,,,,,,,,,,,,,,,,,,,,,,,,,,,,,,,,,,,,,,,,,,,,,,,,,,,,,,,,,,,,,,,,,,,,,,,,,,,,,,,,,,,,,,,,,,,,,,,,,,,,,,,,,,,,,,,,,,,,,,,,,,,,,,,,,,,,,,,
697,PVC,OG,#5,-,FT_1,0.9300902326940259,4.035829720438596,63.03540074007874,-0.48967828405952274,-2.3165069036421615,-43.797555873589715,0.30519112499680423,,,,,,,,,,,,,,,,,,,,,,,,,,,,,,,,,,,,,,,,,,,,,,,,,,,,,,,,,,,,,,,,,,,,,,,,,,,,,,,,,,,,,,,,,,,,,,,,,,,,,,,,,,,,,,,,,,,,,,,,,,,,,,,,,,,,,,,,,,,,,,,,,,,,,,,,,,,,,,,,,,,,,,,,,,,,,,,,,,,,,,,,,,,,,,,,,,,,,,,,,,,,,,,,,,,,,,,
698,PVC,OG,#6,-,MeOH_1,0.32060737152608576,0.8107699049045326,19.950742104113978,-0.16774913327155475,0.299151319952829,-11.985859224907276,0.3992273990431809,,,,,,,,,,,,,,,,,,,,,,,,,,,,,,,,,,,,,,,,,,,,,,,,,,,,,,,,,,,,,,,,,,,,,,,,,,,,,,,,,,,,,,,,,,,,,,,,,,,,,,,,,,,,,,,,,,,,,,,,,,,,,,,,,,,,,,,,,,,,,,,,,,,,,,,,,,,,,,,,,,,,,,,,,,,,,,,,,,,,,,,,,,,,,,,,,,,,,,,,,,,,,,,,,,,,,,,
699,PVC,OG,#7,-,FT_1,0.5039557638437095,1.1364751347160191,28.94746530411398,-0.21395386432142977,0.2827355423239243,-17.985920508087162,0.37867028013913795,,,,,,,,,,,,,,,,,,,,,,,,,,,,,,,,,,,,,,,,,,,,,,,,,,,,,,,,,,,,,,,,,,,,,,,,,,,,,,,,,,,,,,,,,,,,,,,,,,,,,,,,,,,,,,,,,,,,,,,,,,,,,,,,,,,,,,,,,,,,,,,,,,,,,,,,,,,,,,,,,,,,,,,,,,,,,,,,,,,,,,,,,,,,,,,,,,,,,,,,,,,,,,,,,,,,,,,
700,PVC,OG,#8,-,H2_1,0.34888552883871554,1.0210180681126837,24.934495810327896,-0.1896898248396311,0.3595211945212359,-15.23380217648736,0.3890471139914728,,,,,,,,,,,,,,,,,,,,,,,,,,,,,,,,,,,,,,,,,,,,,,,,,,,,,,,,,,,,,,,,,,,,,,,,,,,,,,,,,,,,,,,,,,,,,,,,,,,,,,,,,,,,,,,,,,,,,,,,,,,,,,,,,,,,,,,,,,,,,,,,,,,,,,,,,,,,,,,,,,,,,,,,,,,,,,,,,,,,,,,,,,,,,,,,,,,,,,,,,,,,,,,,,,,,,,,
701,PVC,OG,#9,-,MeOH_1,0.4139384462291767,2.0722990206266125,30.72029341611398,-0.2699151629068,-0.9714624119765926,-23.075833293714062,0.24884072618883593,,,,,,,,,,,,,,,,,,,,,,,,,,,,,,,,,,,,,,,,,,,,,,,,,,,,,,,,,,,,,,,,,,,,,,,,,,,,,,,,,,,,,,,,,,,,,,,,,,,,,,,,,,,,,,,,,,,,,,,,,,,,,,,,,,,,,,,,,,,,,,,,,,,,,,,,,,,,,,,,,,,,,,,,,,,,,,,,,,,,,,,,,,,,,,,,,,,,,,,,,,,,,,,,,,,,,,,
702,PVC,OG,#10,-,FT_1,0.6220830654711914,2.3124186033872736,42.04710498411397,-0.3188276330260233,-0.8467486557081384,-29.749021809776455,0.2924834701219959,,,,,,,,,,,,,,,,,,,,,,,,,,,,,,,,,,,,,,,,,,,,,,,,,,,,,,,,,,,,,,,,,,,,,,,,,,,,,,,,,,,,,,,,,,,,,,,,,,,,,,,,,,,,,,,,,,,,,,,,,,,,,,,,,,,,,,,,,,,,,,,,,,,,,,,,,,,,,,,,,,,,,,,,,,,,,,,,,,,,,,,,,,,,,,,,,,,,,,,,,,,,,,,,,,,,,,,
703,PS,HT,#1,-,GASOLINE_1,0.745178840850217,1.531773900195635,65.88056956652426,0.13314842383442127,1.7024303958992903,-18.502691557026452,0.7191479721749677,,,,,,,,,,,,,,,,,,,,,,,,,,,,,,,,,,,,,,,,,,,,,,,,,,,,,,,,,,,,,,,,,,,,,,,,,,,,,,,,,,,,,,,,,,,,,,,,,,,,,,,,,,,,,,,,,,,,,,,,,,,,,,,,,,,,,,,,,,,,,,,,,,,,,,,,,,,,,,,,,,,,,,,,,,,,,,,,,,,,,,,,,,,,,,,,,,,,,,,,,,,,,,,,,,,,,,,
704,PS,HT,#2,-,GASOLINE_1,0.8014215205017702,2.1555991557421024,71.74702843105656,-0.0535641462306225,1.3075621132826052,-27.950109066719765,0.6104353075252769,,,,,,,,,,,,,,,,,,,,,,,,,,,,,,,,,,,,,,,,,,,,,,,,,,,,,,,,,,,,,,,,,,,,,,,,,,,,,,,,,,,,,,,,,,,,,,,,,,,,,,,,,,,,,,,,,,,,,,,,,,,,,,,,,,,,,,,,,,,,,,,,,,,,,,,,,,,,,,,,,,,,,,,,,,,,,,,,,,,,,,,,,,,,,,,,,,,,,,,,,,,,,,,,,,,,,,,
705,PS,HT,#3,-,GASOLINE_1,0.9043664593164118,3.0183577885802566,80.5314148825701,-0.09547410835293589,0.3616534762778124,-35.48052888419452,0.5594200234041363,,,,,,,,,,,,,,,,,,,,,,,,,,,,,,,,,,,,,,,,,,,,,,,,,,,,,,,,,,,,,,,,,,,,,,,,,,,,,,,,,,,,,,,,,,,,,,,,,,,,,,,,,,,,,,,,,,,,,,,,,,,,,,,,,,,,,,,,,,,,,,,,,,,,,,,,,,,,,,,,,,,,,,,,,,,,,,,,,,,,,,,,,,,,,,,,,,,,,,,,,,,,,,,,,,,,,,,
706,PS,HT,#4,-,GASOLINE_1,0.9692301537352438,3.3535542974827863,83.45958622860212,-0.12045731621215225,0.13256874806945293,-39.20441997269507,0.5302586348162426,,,,,,,,,,,,,,,,,,,,,,,,,,,,,,,,,,,,,,,,,,,,,,,,,,,,,,,,,,,,,,,,,,,,,,,,,,,,,,,,,,,,,,,,,,,,,,,,,,,,,,,,,,,,,,,,,,,,,,,,,,,,,,,,,,,,,,,,,,,,,,,,,,,,,,,,,,,,,,,,,,,,,,,,,,,,,,,,,,,,,,,,,,,,,,,,,,,,,,,,,,,,,,,,,,,,,,,
707,PS,HT,#5,-,GASOLINE_1,0.9197746727752562,2.9266793304267535,79.68754681878802,-0.11902803161603728,0.7339903301282361,-31.901979067760696,0.5996616743604016,,,,,,,,,,,,,,,,,,,,,,,,,,,,,,,,,,,,,,,,,,,,,,,,,,,,,,,,,,,,,,,,,,,,,,,,,,,,,,,,,,,,,,,,,,,,,,,,,,,,,,,,,,,,,,,,,,,,,,,,,,,,,,,,,,,,,,,,,,,,,,,,,,,,,,,,,,,,,,,,,,,,,,,,,,,,,,,,,,,,,,,,,,,,,,,,,,,,,,,,,,,,,,,,,,,,,,,
708,PS,HT,#6,-,MeOH_1,1.071516113769622,4.3787941115299915,97.0778404825701,-0.2554512531323557,-1.102727133336735,-52.33070824607806,0.46094074625121256,,,,,,,,,,,,,,,,,,,,,,,,,,,,,,,,,,,,,,,,,,,,,,,,,,,,,,,,,,,,,,,,,,,,,,,,,,,,,,,,,,,,,,,,,,,,,,,,,,,,,,,,,,,,,,,,,,,,,,,,,,,,,,,,,,,,,,,,,,,,,,,,,,,,,,,,,,,,,,,,,,,,,,,,,,,,,,,,,,,,,,,,,,,,,,,,,,,,,,,,,,,,,,,,,,,,,,,
709,PS,HT,#7,-,GASOLINE_1,1.1547462988672383,5.030281051811022,100.72848894860215,-0.3044027900598344,-1.5488956265024898,-56.5409450879546,0.43867970543263823,,,,,,,,,,,,,,,,,,,,,,,,,,,,,,,,,,,,,,,,,,,,,,,,,,,,,,,,,,,,,,,,,,,,,,,,,,,,,,,,,,,,,,,,,,,,,,,,,,,,,,,,,,,,,,,,,,,,,,,,,,,,,,,,,,,,,,,,,,,,,,,,,,,,,,,,,,,,,,,,,,,,,,,,,,,,,,,,,,,,,,,,,,,,,,,,,,,,,,,,,,,,,,,,,,,,,,,
710,PS,HT,#8,-,WAX_1,0.7404289565521732,1.0924503298271817,55.65288202818166,-0.23674752014382963,2.3390982530782036,-16.817573489786042,0.6978130713649311,,,,,,,,,,,,,,,,,,,,,,,,,,,,,,,,,,,,,,,,,,,,,,,,,,,,,,,,,,,,,,,,,,,,,,,,,,,,,,,,,,,,,,,,,,,,,,,,,,,,,,,,,,,,,,,,,,,,,,,,,,,,,,,,,,,,,,,,,,,,,,,,,,,,,,,,,,,,,,,,,,,,,,,,,,,,,,,,,,,,,,,,,,,,,,,,,,,,,,,,,,,,,,,,,,,,,,,
711,PS,HT,#9,-,WAX_1,0.8140446534234782,1.494936192884302,57.79364694794164,-0.3187377108013454,1.977565828986106,-18.70128081979859,0.6764128618385338,,,,,,,,,,,,,,,,,,,,,,,,,,,,,,,,,,,,,,,,,,,,,,,,,,,,,,,,,,,,,,,,,,,,,,,,,,,,,,,,,,,,,,,,,,,,,,,,,,,,,,,,,,,,,,,,,,,,,,,,,,,,,,,,,,,,,,,,,,,,,,,,,,,,,,,,,,,,,,,,,,,,,,,,,,,,,,,,,,,,,,,,,,,,,,,,,,,,,,,,,,,,,,,,,,,,,,,
712,PS,LT,#1,-,GASOLINE_1,0.7561368026449026,1.476590091714593,65.44101526225894,0.1333263120406626,1.7596327074647606,-17.648425383541937,0.7303155320434016,,,,,,,,,,,,,,,,,,,,,,,,,,,,,,,,,,,,,,,,,,,,,,,,,,,,,,,,,,,,,,,,,,,,,,,,,,,,,,,,,,,,,,,,,,,,,,,,,,,,,,,,,,,,,,,,,,,,,,,,,,,,,,,,,,,,,,,,,,,,,,,,,,,,,,,,,,,,,,,,,,,,,,,,,,,,,,,,,,,,,,,,,,,,,,,,,,,,,,,,,,,,,,,,,,,,,,,
713,PS,LT,#2,-,GASOLINE_1,0.8026652446118806,2.0322511628359154,71.14678184017563,0.040378315023914695,1.547366474614761,-20.869373726899408,0.7066715712626266,,,,,,,,,,,,,,,,,,,,,,,,,,,,,,,,,,,,,,,,,,,,,,,,,,,,,,,,,,,,,,,,,,,,,,,,,,,,,,,,,,,,,,,,,,,,,,,,,,,,,,,,,,,,,,,,,,,,,,,,,,,,,,,,,,,,,,,,,,,,,,,,,,,,,,,,,,,,,,,,,,,,,,,,,,,,,,,,,,,,,,,,,,,,,,,,,,,,,,,,,,,,,,,,,,,,,,,
714,PS,LT,#3,-,GASOLINE_1,0.9346484590950775,3.1065062442657427,81.59498231407154,-0.07704104811194412,0.3455065200451031,-33.9305168678631,0.5841592717397822,,,,,,,,,,,,,,,,,,,,,,,,,,,,,,,,,,,,,,,,,,,,,,,,,,,,,,,,,,,,,,,,,,,,,,,,,,,,,,,,,,,,,,,,,,,,,,,,,,,,,,,,,,,,,,,,,,,,,,,,,,,,,,,,,,,,,,,,,,,,,,,,,,,,,,,,,,,,,,,,,,,,,,,,,,,,,,,,,,,,,,,,,,,,,,,,,,,,,,,,,,,,,,,,,,,,,,,
715,PS,LT,#4,-,GASOLINE_1,1.0057131841476425,3.405850334794448,84.65115894010356,-0.10717415466898686,0.11058322721950799,-37.85069208080507,0.5528626831017517,,,,,,,,,,,,,,,,,,,,,,,,,,,,,,,,,,,,,,,,,,,,,,,,,,,,,,,,,,,,,,,,,,,,,,,,,,,,,,,,,,,,,,,,,,,,,,,,,,,,,,,,,,,,,,,,,,,,,,,,,,,,,,,,,,,,,,,,,,,,,,,,,,,,,,,,,,,,,,,,,,,,,,,,,,,,,,,,,,,,,,,,,,,,,,,,,,,,,,,,,,,,,,,,,,,,,,,
716,PS,LT,#5,-,GASOLINE_1,0.9402981927116716,2.8691938242991055,80.2261188692664,-0.08518967801325075,0.8366707180741647,-30.019303764412363,0.6258163278055275,,,,,,,,,,,,,,,,,,,,,,,,,,,,,,,,,,,,,,,,,,,,,,,,,,,,,,,,,,,,,,,,,,,,,,,,,,,,,,,,,,,,,,,,,,,,,,,,,,,,,,,,,,,,,,,,,,,,,,,,,,,,,,,,,,,,,,,,,,,,,,,,,,,,,,,,,,,,,,,,,,,,,,,,,,,,,,,,,,,,,,,,,,,,,,,,,,,,,,,,,,,,,,,,,,,,,,,
717,PS,LT,#6,-,MeOH_1,1.0993241795055604,4.409362332386946,98.21219735407153,-0.23234058545652259,-1.10296182573769,-51.1227435670689,0.47946645178131203,,,,,,,,,,,,,,,,,,,,,,,,,,,,,,,,,,,,,,,,,,,,,,,,,,,,,,,,,,,,,,,,,,,,,,,,,,,,,,,,,,,,,,,,,,,,,,,,,,,,,,,,,,,,,,,,,,,,,,,,,,,,,,,,,,,,,,,,,,,,,,,,,,,,,,,,,,,,,,,,,,,,,,,,,,,,,,,,,,,,,,,,,,,,,,,,,,,,,,,,,,,,,,,,,,,,,,,
718,PS,LT,#7,-,GASOLINE_1,1.1837572377365486,5.074106606103976,101.90351126010357,-0.28421292798416314,-1.5653501207885119,-55.464197343200915,0.4557184864647956,,,,,,,,,,,,,,,,,,,,,,,,,,,,,,,,,,,,,,,,,,,,,,,,,,,,,,,,,,,,,,,,,,,,,,,,,,,,,,,,,,,,,,,,,,,,,,,,,,,,,,,,,,,,,,,,,,,,,,,,,,,,,,,,,,,,,,,,,,,,,,,,,,,,,,,,,,,,,,,,,,,,,,,,,,,,,,,,,,,,,,,,,,,,,,,,,,,,,,,,,,,,,,,,,,,,,,,
719,PS,LT,#8,-,Aromatics,0.6586115006842721,0.9893069664883944,53.84353192850068,0.16861928587583205,2.9708031849057353,-9.944629860053043,0.815305023577231,,,,,,,,,,,,,,,,,,,,,,,,,,,,,,,,,,,,,,,,,,,,,,,,,,,,,,,,,,,,,,,,,,,,,,,,,,,,,,,,,,,,,,,,,,,,,,,,,,,,,,,,,,,,,,,,,,,,,,,,,,,,,,,,,,,,,,,,,,,,,,,,,,,,,,,,,,,,,,,,,,,,,,,,,,,,,,,,,,,,,,,,,,,,,,,,,,,,,,,,,,,,,,,,,,,,,,,
720,PS,LT,#9,-,Aromatics,0.7483524643212456,1.4362888489759162,56.796355064292676,0.043386542289697586,2.6513901641134003,-12.513511680619457,0.7796775573634199,,,,,,,,,,,,,,,,,,,,,,,,,,,,,,,,,,,,,,,,,,,,,,,,,,,,,,,,,,,,,,,,,,,,,,,,,,,,,,,,,,,,,,,,,,,,,,,,,,,,,,,,,,,,,,,,,,,,,,,,,,,,,,,,,,,,,,,,,,,,,,,,,,,,,,,,,,,,,,,,,,,,,,,,,,,,,,,,,,,,,,,,,,,,,,,,,,,,,,,,,,,,,,,,,,,,,,,
721,PS,SG,#1,-,MeOH_1,0.5227511086477168,3.9537013765976323,77.71176083732654,0.15506972034554523,-0.7744345658941916,-39.94397799321374,0.485998289540393,,,,,,,,,,,,,,,,,,,,,,,,,,,,,,,,,,,,,,,,,,,,,,,,,,,,,,,,,,,,,,,,,,,,,,,,,,,,,,,,,,,,,,,,,,,,,,,,,,,,,,,,,,,,,,,,,,,,,,,,,,,,,,,,,,,,,,,,,,,,,,,,,,,,,,,,,,,,,,,,,,,,,,,,,,,,,,,,,,,,,,,,,,,,,,,,,,,,,,,,,,,,,,,,,,,,,,,
722,PS,SG,#2,-,FT_1,0.6871658823333204,4.588528613569978,79.88735443732654,0.22292828706899456,-0.7878748532393077,-43.956516391127984,0.4497687812955068,,,,,,,,,,,,,,,,,,,,,,,,,,,,,,,,,,,,,,,,,,,,,,,,,,,,,,,,,,,,,,,,,,,,,,,,,,,,,,,,,,,,,,,,,,,,,,,,,,,,,,,,,,,,,,,,,,,,,,,,,,,,,,,,,,,,,,,,,,,,,,,,,,,,,,,,,,,,,,,,,,,,,,,,,,,,,,,,,,,,,,,,,,,,,,,,,,,,,,,,,,,,,,,,,,,,,,,
723,PS,SG,#3,-,H2_1,0.4549562351791501,4.585222893016057,71.82709538062574,0.10740631279142833,-0.4999194784494999,-24.148143899987684,0.6638017481839968,,,,,,,,,,,,,,,,,,,,,,,,,,,,,,,,,,,,,,,,,,,,,,,,,,,,,,,,,,,,,,,,,,,,,,,,,,,,,,,,,,,,,,,,,,,,,,,,,,,,,,,,,,,,,,,,,,,,,,,,,,,,,,,,,,,,,,,,,,,,,,,,,,,,,,,,,,,,,,,,,,,,,,,,,,,,,,,,,,,,,,,,,,,,,,,,,,,,,,,,,,,,,,,,,,,,,,,
724,PS,SG,#4,-,MeOH_1,0.8778932016071985,8.309803115160461,124.35406643732652,-0.2092821302893884,-5.197645664008486,-87.66231173826544,0.2950587443600282,,,,,,,,,,,,,,,,,,,,,,,,,,,,,,,,,,,,,,,,,,,,,,,,,,,,,,,,,,,,,,,,,,,,,,,,,,,,,,,,,,,,,,,,,,,,,,,,,,,,,,,,,,,,,,,,,,,,,,,,,,,,,,,,,,,,,,,,,,,,,,,,,,,,,,,,,,,,,,,,,,,,,,,,,,,,,,,,,,,,,,,,,,,,,,,,,,,,,,,,,,,,,,,,,,,,,,,
725,PS,SG,#5,-,FT_1,1.0312341265302658,8.945633786063095,126.24064627732655,-0.12302093692928465,-5.152720595223425,-90.63309356053682,0.28206091910022985,,,,,,,,,,,,,,,,,,,,,,,,,,,,,,,,,,,,,,,,,,,,,,,,,,,,,,,,,,,,,,,,,,,,,,,,,,,,,,,,,,,,,,,,,,,,,,,,,,,,,,,,,,,,,,,,,,,,,,,,,,,,,,,,,,,,,,,,,,,,,,,,,,,,,,,,,,,,,,,,,,,,,,,,,,,,,,,,,,,,,,,,,,,,,,,,,,,,,,,,,,,,,,,,,,,,,,,
726,PS,SG,#6,-,MeOH_1,0.5331672709892439,3.712023133929189,80.9172939450494,0.17912942861732192,-0.4592289406348875,-42.728847945682034,0.47194418074955613,,,,,,,,,,,,,,,,,,,,,,,,,,,,,,,,,,,,,,,,,,,,,,,,,,,,,,,,,,,,,,,,,,,,,,,,,,,,,,,,,,,,,,,,,,,,,,,,,,,,,,,,,,,,,,,,,,,,,,,,,,,,,,,,,,,,,,,,,,,,,,,,,,,,,,,,,,,,,,,,,,,,,,,,,,,,,,,,,,,,,,,,,,,,,,,,,,,,,,,,,,,,,,,,,,,,,,,
727,PS,SG,#7,-,FT_1,0.7034742274729402,4.806818489557282,85.51616561108138,0.14539432007175107,-1.01019243081095,-50.10482166644425,0.4140894729270748,,,,,,,,,,,,,,,,,,,,,,,,,,,,,,,,,,,,,,,,,,,,,,,,,,,,,,,,,,,,,,,,,,,,,,,,,,,,,,,,,,,,,,,,,,,,,,,,,,,,,,,,,,,,,,,,,,,,,,,,,,,,,,,,,,,,,,,,,,,,,,,,,,,,,,,,,,,,,,,,,,,,,,,,,,,,,,,,,,,,,,,,,,,,,,,,,,,,,,,,,,,,,,,,,,,,,,,
728,PS,SG,#8,-,H2_1,0.5406365394976652,5.283546527601112,87.63362804431141,0.06954388896234753,-1.0569942778908483,-40.120411087306316,0.5421801883288493,,,,,,,,,,,,,,,,,,,,,,,,,,,,,,,,,,,,,,,,,,,,,,,,,,,,,,,,,,,,,,,,,,,,,,,,,,,,,,,,,,,,,,,,,,,,,,,,,,,,,,,,,,,,,,,,,,,,,,,,,,,,,,,,,,,,,,,,,,,,,,,,,,,,,,,,,,,,,,,,,,,,,,,,,,,,,,,,,,,,,,,,,,,,,,,,,,,,,,,,,,,,,,,,,,,,,,,
729,PS,SG,#9,-,MeOH_1,0.9836848034210356,8.212263957310592,129.13418034504937,-0.2692802792529933,-5.0357257698652935,-90.89495055736208,0.2961201262555835,,,,,,,,,,,,,,,,,,,,,,,,,,,,,,,,,,,,,,,,,,,,,,,,,,,,,,,,,,,,,,,,,,,,,,,,,,,,,,,,,,,,,,,,,,,,,,,,,,,,,,,,,,,,,,,,,,,,,,,,,,,,,,,,,,,,,,,,,,,,,,,,,,,,,,,,,,,,,,,,,,,,,,,,,,,,,,,,,,,,,,,,,,,,,,,,,,,,,,,,,,,,,,,,,,,,,,,
730,PS,SG,#10,-,FT_1,1.1612025469297456,9.438827874812649,134.2241435450494,-0.31352411843508277,-5.642842798978654,-98.97052191872199,0.2626473948369453,,,,,,,,,,,,,,,,,,,,,,,,,,,,,,,,,,,,,,,,,,,,,,,,,,,,,,,,,,,,,,,,,,,,,,,,,,,,,,,,,,,,,,,,,,,,,,,,,,,,,,,,,,,,,,,,,,,,,,,,,,,,,,,,,,,,,,,,,,,,,,,,,,,,,,,,,,,,,,,,,,,,,,,,,,,,,,,,,,,,,,,,,,,,,,,,,,,,,,,,,,,,,,,,,,,,,,,
731,PS,OG,#1,-,MeOH_1,0.4584411453144256,3.3704936177671696,53.7473936,-0.20119922316525649,-0.6966136806557116,-32.05402499906742,0.4036171272300092,,,,,,,,,,,,,,,,,,,,,,,,,,,,,,,,,,,,,,,,,,,,,,,,,,,,,,,,,,,,,,,,,,,,,,,,,,,,,,,,,,,,,,,,,,,,,,,,,,,,,,,,,,,,,,,,,,,,,,,,,,,,,,,,,,,,,,,,,,,,,,,,,,,,,,,,,,,,,,,,,,,,,,,,,,,,,,,,,,,,,,,,,,,,,,,,,,,,,,,,,,,,,,,,,,,,,,,
732,PS,OG,#2,-,FT_1,1.2767404082967235,4.428217526029058,101.6191344,-0.25449494333422024,-0.3190232340643826,-58.62106916934807,0.4231296151510215,,,,,,,,,,,,,,,,,,,,,,,,,,,,,,,,,,,,,,,,,,,,,,,,,,,,,,,,,,,,,,,,,,,,,,,,,,,,,,,,,,,,,,,,,,,,,,,,,,,,,,,,,,,,,,,,,,,,,,,,,,,,,,,,,,,,,,,,,,,,,,,,,,,,,,,,,,,,,,,,,,,,,,,,,,,,,,,,,,,,,,,,,,,,,,,,,,,,,,,,,,,,,,,,,,,,,,,
733,PS,OG,#3,-,H2_1,0.4472927500223821,2.2029270169541793,53.75784738839299,-0.11565169525579741,1.0469255441072345,-29.390141099354043,0.4532864962576654,,,,,,,,,,,,,,,,,,,,,,,,,,,,,,,,,,,,,,,,,,,,,,,,,,,,,,,,,,,,,,,,,,,,,,,,,,,,,,,,,,,,,,,,,,,,,,,,,,,,,,,,,,,,,,,,,,,,,,,,,,,,,,,,,,,,,,,,,,,,,,,,,,,,,,,,,,,,,,,,,,,,,,,,,,,,,,,,,,,,,,,,,,,,,,,,,,,,,,,,,,,,,,,,,,,,,,,
734,PS,OG,#4,-,MeOH_1,0.7075774162540841,5.8708081679748,82.72375872,-0.42465280778430425,-3.1735362348536027,-61.00165520863965,0.26258603147959525,,,,,,,,,,,,,,,,,,,,,,,,,,,,,,,,,,,,,,,,,,,,,,,,,,,,,,,,,,,,,,,,,,,,,,,,,,,,,,,,,,,,,,,,,,,,,,,,,,,,,,,,,,,,,,,,,,,,,,,,,,,,,,,,,,,,,,,,,,,,,,,,,,,,,,,,,,,,,,,,,,,,,,,,,,,,,,,,,,,,,,,,,,,,,,,,,,,,,,,,,,,,,,,,,,,,,,,
735,PS,OG,#5,-,FT_1,1.3643077900998866,6.577741460424254,119.83336784,-0.37184066870706045,-2.6532020106367327,-80.40095214618574,0.3290603978222821,,,,,,,,,,,,,,,,,,,,,,,,,,,,,,,,,,,,,,,,,,,,,,,,,,,,,,,,,,,,,,,,,,,,,,,,,,,,,,,,,,,,,,,,,,,,,,,,,,,,,,,,,,,,,,,,,,,,,,,,,,,,,,,,,,,,,,,,,,,,,,,,,,,,,,,,,,,,,,,,,,,,,,,,,,,,,,,,,,,,,,,,,,,,,,,,,,,,,,,,,,,,,,,,,,,,,,,
736,PS,OG,#6,-,MeOH_1,0.43417158791737803,1.797987247189005,54.76427531555752,-0.04171082468294408,0.9616615645564947,-34.71805154115923,0.3660456321003034,,,,,,,,,,,,,,,,,,,,,,,,,,,,,,,,,,,,,,,,,,,,,,,,,,,,,,,,,,,,,,,,,,,,,,,,,,,,,,,,,,,,,,,,,,,,,,,,,,,,,,,,,,,,,,,,,,,,,,,,,,,,,,,,,,,,,,,,,,,,,,,,,,,,,,,,,,,,,,,,,,,,,,,,,,,,,,,,,,,,,,,,,,,,,,,,,,,,,,,,,,,,,,,,,,,,,,,
737,PS,OG,#7,-,FT_1,0.7247866605095825,2.3050951710087197,69.39587467555754,-0.04542444514389416,1.0862351166239999,-44.68298242913264,0.3561147166450979,,,,,,,,,,,,,,,,,,,,,,,,,,,,,,,,,,,,,,,,,,,,,,,,,,,,,,,,,,,,,,,,,,,,,,,,,,,,,,,,,,,,,,,,,,,,,,,,,,,,,,,,,,,,,,,,,,,,,,,,,,,,,,,,,,,,,,,,,,,,,,,,,,,,,,,,,,,,,,,,,,,,,,,,,,,,,,,,,,,,,,,,,,,,,,,,,,,,,,,,,,,,,,,,,,,,,,,
738,PS,OG,#8,-,H2_1,0.469440764529389,2.4500280477675824,62.7802188715777,-0.11489913303852262,0.8652215176195511,-39.24311223399574,0.3749127840049287,,,,,,,,,,,,,,,,,,,,,,,,,,,,,,,,,,,,,,,,,,,,,,,,,,,,,,,,,,,,,,,,,,,,,,,,,,,,,,,,,,,,,,,,,,,,,,,,,,,,,,,,,,,,,,,,,,,,,,,,,,,,,,,,,,,,,,,,,,,,,,,,,,,,,,,,,,,,,,,,,,,,,,,,,,,,,,,,,,,,,,,,,,,,,,,,,,,,,,,,,,,,,,,,,,,,,,,
739,PS,OG,#9,-,MeOH_1,0.6217878402335794,4.244468230175231,81.16730619555753,-0.2523744824235743,-1.5161137485765341,-60.68976100627053,0.25228809663770485,,,,,,,,,,,,,,,,,,,,,,,,,,,,,,,,,,,,,,,,,,,,,,,,,,,,,,,,,,,,,,,,,,,,,,,,,,,,,,,,,,,,,,,,,,,,,,,,,,,,,,,,,,,,,,,,,,,,,,,,,,,,,,,,,,,,,,,,,,,,,,,,,,,,,,,,,,,,,,,,,,,,,,,,,,,,,,,,,,,,,,,,,,,,,,,,,,,,,,,,,,,,,,,,,,,,,,,
740,PS,OG,#10,-,FT_1,0.8838494415077066,4.736842451604328,94.07406475555754,-0.20060426000294695,-1.3524594303433433,-69.41313137620726,0.2621438059833957,,,,,,,,,,,,,,,,,,,,,,,,,,,,,,,,,,,,,,,,,,,,,,,,,,,,,,,,,,,,,,,,,,,,,,,,,,,,,,,,,,,,,,,,,,,,,,,,,,,,,,,,,,,,,,,,,,,,,,,,,,,,,,,,,,,,,,,,,,,,,,,,,,,,,,,,,,,,,,,,,,,,,,,,,,,,,,,,,,,,,,,,,,,,,,,,,,,,,,,,,,,,,,,,,,,,,,,
741,PE,HT,#1,#1,MeOH_1,0.5857817648441573,2.64850214340851,75.02553626578532,0.254012902071442,0.44984359742782326,-27.133159568503928,0.6383476757515995,,,,,,,,,,,,,,,,,,,,,,,,,,,,,,,,,,,,,,,,,,,,,,,,,,,,,,,,,,,,,,,,,,,,,,,,,,,,,,,,,,,,,,,,,,,,,,,,,,,,,,,,,,,,,,,,,,,,,,,,,,,,,,,,,,,,,,,,,,,,,,,,,,,,,,,,,,,,,,,,,,,,,,,,,,,,,,,,,,,,,,,,,,,,,,,,,,,,,,,,,,,,,,,,,,,,,,,
742,PE,HT,#1,#2,FT_1,0.7000372879730484,3.4195076246383236,81.7509647318173,0.23253369439716748,0.01922371847500205,-35.89749182689154,0.5608921320420784,,,,,,,,,,,,,,,,,,,,,,,,,,,,,,,,,,,,,,,,,,,,,,,,,,,,,,,,,,,,,,,,,,,,,,,,,,,,,,,,,,,,,,,,,,,,,,,,,,,,,,,,,,,,,,,,,,,,,,,,,,,,,,,,,,,,,,,,,,,,,,,,,,,,,,,,,,,,,,,,,,,,,,,,,,,,,,,,,,,,,,,,,,,,,,,,,,,,,,,,,,,,,,,,,,,,,,,
743,PE,HT,#1,#3,GASOLINE_1,0.6117304231754196,2.8953461532868157,73.20069846714527,0.16574535022704354,0.7557794316413152,-22.337576208910896,0.6948447668305148,,,,,,,,,,,,,,,,,,,,,,,,,,,,,,,,,,,,,,,,,,,,,,,,,,,,,,,,,,,,,,,,,,,,,,,,,,,,,,,,,,,,,,,,,,,,,,,,,,,,,,,,,,,,,,,,,,,,,,,,,,,,,,,,,,,,,,,,,,,,,,,,,,,,,,,,,,,,,,,,,,,,,,,,,,,,,,,,,,,,,,,,,,,,,,,,,,,,,,,,,,,,,,,,,,,,,,,
744,PE,HT,#1,#4,MeOH_1,0.8692407844567227,5.215596496051023,104.9146562657853,-0.02448661393338412,-2.2236388115127803,-58.14104443216192,0.4458253355482532,,,,,,,,,,,,,,,,,,,,,,,,,,,,,,,,,,,,,,,,,,,,,,,,,,,,,,,,,,,,,,,,,,,,,,,,,,,,,,,,,,,,,,,,,,,,,,,,,,,,,,,,,,,,,,,,,,,,,,,,,,,,,,,,,,,,,,,,,,,,,,,,,,,,,,,,,,,,,,,,,,,,,,,,,,,,,,,,,,,,,,,,,,,,,,,,,,,,,,,,,,,,,,,,,,,,,,,
745,PE,HT,#1,#5,FT_1,1.0130950956410172,6.3945420754465845,112.05916633181731,-0.0797758371309773,-2.9591119376071275,-66.55132633981287,0.406105466261025,,,,,,,,,,,,,,,,,,,,,,,,,,,,,,,,,,,,,,,,,,,,,,,,,,,,,,,,,,,,,,,,,,,,,,,,,,,,,,,,,,,,,,,,,,,,,,,,,,,,,,,,,,,,,,,,,,,,,,,,,,,,,,,,,,,,,,,,,,,,,,,,,,,,,,,,,,,,,,,,,,,,,,,,,,,,,,,,,,,,,,,,,,,,,,,,,,,,,,,,,,,,,,,,,,,,,,,
746,PE,HT,#1,#6,Olefin,0.450230611624797,1.2226337996493795,61.76614021449375,0.2139047773047583,1.9214336092949411,-17.108815694364196,0.7230065593389706,,,,,,,,,,,,,,,,,,,,,,,,,,,,,,,,,,,,,,,,,,,,,,,,,,,,,,,,,,,,,,,,,,,,,,,,,,,,,,,,,,,,,,,,,,,,,,,,,,,,,,,,,,,,,,,,,,,,,,,,,,,,,,,,,,,,,,,,,,,,,,,,,,,,,,,,,,,,,,,,,,,,,,,,,,,,,,,,,,,,,,,,,,,,,,,,,,,,,,,,,,,,,,,,,,,,,,,
747,PE,HT,#1,#7,MeOH_1,0.5902681226686896,2.6920431149875914,76.0405189598677,0.24879895221402148,0.43682740745089027,-28.579990058033534,0.6241478826161438,,,,,,,,,,,,,,,,,,,,,,,,,,,,,,,,,,,,,,,,,,,,,,,,,,,,,,,,,,,,,,,,,,,,,,,,,,,,,,,,,,,,,,,,,,,,,,,,,,,,,,,,,,,,,,,,,,,,,,,,,,,,,,,,,,,,,,,,,,,,,,,,,,,,,,,,,,,,,,,,,,,,,,,,,,,,,,,,,,,,,,,,,,,,,,,,,,,,,,,,,,,,,,,,,,,,,,,
748,PE,HT,#1,#8,FT_1,0.7248277943003746,3.523332812530191,83.18128022589968,0.2010618355524697,-0.09165101005581826,-37.45054653427969,0.5497719386793121,,,,,,,,,,,,,,,,,,,,,,,,,,,,,,,,,,,,,,,,,,,,,,,,,,,,,,,,,,,,,,,,,,,,,,,,,,,,,,,,,,,,,,,,,,,,,,,,,,,,,,,,,,,,,,,,,,,,,,,,,,,,,,,,,,,,,,,,,,,,,,,,,,,,,,,,,,,,,,,,,,,,,,,,,,,,,,,,,,,,,,,,,,,,,,,,,,,,,,,,,,,,,,,,,,,,,,,
749,PE,HT,#1,#9,GASOLINE_1,0.6372814641764072,2.937975459696716,74.93275572773791,0.15200014422625643,0.7394459086226853,-23.278339812812646,0.6893436043191498,,,,,,,,,,,,,,,,,,,,,,,,,,,,,,,,,,,,,,,,,,,,,,,,,,,,,,,,,,,,,,,,,,,,,,,,,,,,,,,,,,,,,,,,,,,,,,,,,,,,,,,,,,,,,,,,,,,,,,,,,,,,,,,,,,,,,,,,,,,,,,,,,,,,,,,,,,,,,,,,,,,,,,,,,,,,,,,,,,,,,,,,,,,,,,,,,,,,,,,,,,,,,,,,,,,,,,,
750,PE,HT,#1,#10,MeOH_1,0.91481009854824,5.561507757584168,109.36027095986766,-0.0676850143644556,-2.561957818892543,-62.614547886003436,0.42744703047616517,,,,,,,,,,,,,,,,,,,,,,,,,,,,,,,,,,,,,,,,,,,,,,,,,,,,,,,,,,,,,,,,,,,,,,,,,,,,,,,,,,,,,,,,,,,,,,,,,,,,,,,,,,,,,,,,,,,,,,,,,,,,,,,,,,,,,,,,,,,,,,,,,,,,,,,,,,,,,,,,,,,,,,,,,,,,,,,,,,,,,,,,,,,,,,,,,,,,,,,,,,,,,,,,,,,,,,,
751,PE,HT,#1,#11,FT_1,1.0626621232852527,6.768610375503572,116.27753462589968,-0.13633491082287477,-3.341639135821588,-71.03151940552367,0.38912086815347663,,,,,,,,,,,,,,,,,,,,,,,,,,,,,,,,,,,,,,,,,,,,,,,,,,,,,,,,,,,,,,,,,,,,,,,,,,,,,,,,,,,,,,,,,,,,,,,,,,,,,,,,,,,,,,,,,,,,,,,,,,,,,,,,,,,,,,,,,,,,,,,,,,,,,,,,,,,,,,,,,,,,,,,,,,,,,,,,,,,,,,,,,,,,,,,,,,,,,,,,,,,,,,,,,,,,,,,
752,PE,HT,#2,#1,MeOH_1,0.6814239195386459,3.100427489753121,79.45125926434532,0.1383416108236446,0.13982171076639116,-31.321336297406972,0.6057792338671869,,,,,,,,,,,,,,,,,,,,,,,,,,,,,,,,,,,,,,,,,,,,,,,,,,,,,,,,,,,,,,,,,,,,,,,,,,,,,,,,,,,,,,,,,,,,,,,,,,,,,,,,,,,,,,,,,,,,,,,,,,,,,,,,,,,,,,,,,,,,,,,,,,,,,,,,,,,,,,,,,,,,,,,,,,,,,,,,,,,,,,,,,,,,,,,,,,,,,,,,,,,,,,,,,,,,,,,
753,PE,HT,#2,#2,FT_1,0.7956794426675354,3.8714329709829354,86.17668773037731,0.1168624031493718,-0.2907981681864306,-40.08566855579457,0.5348432434394393,,,,,,,,,,,,,,,,,,,,,,,,,,,,,,,,,,,,,,,,,,,,,,,,,,,,,,,,,,,,,,,,,,,,,,,,,,,,,,,,,,,,,,,,,,,,,,,,,,,,,,,,,,,,,,,,,,,,,,,,,,,,,,,,,,,,,,,,,,,,,,,,,,,,,,,,,,,,,,,,,,,,,,,,,,,,,,,,,,,,,,,,,,,,,,,,,,,,,,,,,,,,,,,,,,,,,,,
754,PE,HT,#2,#3,H2_1,0.7073725778699066,3.347271499631427,77.62642146570528,0.050074058979247695,0.44575754497988285,-26.52575293781393,0.6582896333881268,,,,,,,,,,,,,,,,,,,,,,,,,,,,,,,,,,,,,,,,,,,,,,,,,,,,,,,,,,,,,,,,,,,,,,,,,,,,,,,,,,,,,,,,,,,,,,,,,,,,,,,,,,,,,,,,,,,,,,,,,,,,,,,,,,,,,,,,,,,,,,,,,,,,,,,,,,,,,,,,,,,,,,,,,,,,,,,,,,,,,,,,,,,,,,,,,,,,,,,,,,,,,,,,,,,,,,,
755,PE,HT,#2,#4,MeOH_1,0.9648829391512114,5.667521842395636,109.3403792643453,-0.14015790518118137,-2.5336606981742147,-62.32922116106495,0.4299523965398405,,,,,,,,,,,,,,,,,,,,,,,,,,,,,,,,,,,,,,,,,,,,,,,,,,,,,,,,,,,,,,,,,,,,,,,,,,,,,,,,,,,,,,,,,,,,,,,,,,,,,,,,,,,,,,,,,,,,,,,,,,,,,,,,,,,,,,,,,,,,,,,,,,,,,,,,,,,,,,,,,,,,,,,,,,,,,,,,,,,,,,,,,,,,,,,,,,,,,,,,,,,,,,,,,,,,,,,
756,PE,HT,#2,#5,FT_1,1.108737250335506,6.846467421791197,116.48488933037731,-0.19544712837877481,-3.2691338242685615,-70.73950306871593,0.3927151970065163,,,,,,,,,,,,,,,,,,,,,,,,,,,,,,,,,,,,,,,,,,,,,,,,,,,,,,,,,,,,,,,,,,,,,,,,,,,,,,,,,,,,,,,,,,,,,,,,,,,,,,,,,,,,,,,,,,,,,,,,,,,,,,,,,,,,,,,,,,,,,,,,,,,,,,,,,,,,,,,,,,,,,,,,,,,,,,,,,,,,,,,,,,,,,,,,,,,,,,,,,,,,,,,,,,,,,,,
757,PE,HT,#2,#6,Olefin,0.5458727663192856,1.67455914599399,66.19186321305375,0.09823348605696113,1.6114117226335094,-21.296992423267234,0.6782536192595462,,,,,,,,,,,,,,,,,,,,,,,,,,,,,,,,,,,,,,,,,,,,,,,,,,,,,,,,,,,,,,,,,,,,,,,,,,,,,,,,,,,,,,,,,,,,,,,,,,,,,,,,,,,,,,,,,,,,,,,,,,,,,,,,,,,,,,,,,,,,,,,,,,,,,,,,,,,,,,,,,,,,,,,,,,,,,,,,,,,,,,,,,,,,,,,,,,,,,,,,,,,,,,,,,,,,,,,
758,PE,HT,#2,#7,MeOH_1,0.6859102773631767,3.143968461332202,80.4662419584277,0.13312766096622553,0.12680552078945845,-32.76816678693659,0.5927712542625512,,,,,,,,,,,,,,,,,,,,,,,,,,,,,,,,,,,,,,,,,,,,,,,,,,,,,,,,,,,,,,,,,,,,,,,,,,,,,,,,,,,,,,,,,,,,,,,,,,,,,,,,,,,,,,,,,,,,,,,,,,,,,,,,,,,,,,,,,,,,,,,,,,,,,,,,,,,,,,,,,,,,,,,,,,,,,,,,,,,,,,,,,,,,,,,,,,,,,,,,,,,,,,,,,,,,,,,
759,PE,HT,#2,#8,FT_1,0.8204699489948618,3.975258158874802,87.60700322445969,0.08539054430467359,-0.40167289671725037,-41.638723263182705,0.524710106148714,,,,,,,,,,,,,,,,,,,,,,,,,,,,,,,,,,,,,,,,,,,,,,,,,,,,,,,,,,,,,,,,,,,,,,,,,,,,,,,,,,,,,,,,,,,,,,,,,,,,,,,,,,,,,,,,,,,,,,,,,,,,,,,,,,,,,,,,,,,,,,,,,,,,,,,,,,,,,,,,,,,,,,,,,,,,,,,,,,,,,,,,,,,,,,,,,,,,,,,,,,,,,,,,,,,,,,,
760,PE,HT,#2,#9,H2_1,0.7329236188708944,3.3899008060413265,79.35847872629789,0.036328852978460446,0.42942402196125357,-27.466516541715674,0.6538931065394303,,,,,,,,,,,,,,,,,,,,,,,,,,,,,,,,,,,,,,,,,,,,,,,,,,,,,,,,,,,,,,,,,,,,,,,,,,,,,,,,,,,,,,,,,,,,,,,,,,,,,,,,,,,,,,,,,,,,,,,,,,,,,,,,,,,,,,,,,,,,,,,,,,,,,,,,,,,,,,,,,,,,,,,,,,,,,,,,,,,,,,,,,,,,,,,,,,,,,,,,,,,,,,,,,,,,,,,
761,PE,HT,#2,#10,MeOH_1,1.0104522532427285,6.01343310392878,113.7859939584277,-0.18335630561225272,-2.8719797055539775,-66.80272461490651,0.41290907350764783,,,,,,,,,,,,,,,,,,,,,,,,,,,,,,,,,,,,,,,,,,,,,,,,,,,,,,,,,,,,,,,,,,,,,,,,,,,,,,,,,,,,,,,,,,,,,,,,,,,,,,,,,,,,,,,,,,,,,,,,,,,,,,,,,,,,,,,,,,,,,,,,,,,,,,,,,,,,,,,,,,,,,,,,,,,,,,,,,,,,,,,,,,,,,,,,,,,,,,,,,,,,,,,,,,,,,,,
762,PE,HT,#2,#11,FT_1,1.1583042779797397,7.220535721848184,120.70325762445968,-0.25200620207067076,-3.651661022483021,-75.21969613442671,0.37682132516708516,,,,,,,,,,,,,,,,,,,,,,,,,,,,,,,,,,,,,,,,,,,,,,,,,,,,,,,,,,,,,,,,,,,,,,,,,,,,,,,,,,,,,,,,,,,,,,,,,,,,,,,,,,,,,,,,,,,,,,,,,,,,,,,,,,,,,,,,,,,,,,,,,,,,,,,,,,,,,,,,,,,,,,,,,,,,,,,,,,,,,,,,,,,,,,,,,,,,,,,,,,,,,,,,,,,,,,,
763,PE,HT,#3,#1,MeOH_1,0.7643963000472762,3.801409519169051,86.6665201561461,0.09047637448154347,-0.5544794415007186,-37.4351585487197,0.5680551326939954,,,,,,,,,,,,,,,,,,,,,,,,,,,,,,,,,,,,,,,,,,,,,,,,,,,,,,,,,,,,,,,,,,,,,,,,,,,,,,,,,,,,,,,,,,,,,,,,,,,,,,,,,,,,,,,,,,,,,,,,,,,,,,,,,,,,,,,,,,,,,,,,,,,,,,,,,,,,,,,,,,,,,,,,,,,,,,,,,,,,,,,,,,,,,,,,,,,,,,,,,,,,,,,,,,,,,,,
764,PE,HT,#3,#2,FT_1,0.8786518231761674,4.572415000398865,93.39194862217806,0.06899716680726883,-0.9850993204535404,-46.19949080710727,0.5053161274746533,,,,,,,,,,,,,,,,,,,,,,,,,,,,,,,,,,,,,,,,,,,,,,,,,,,,,,,,,,,,,,,,,,,,,,,,,,,,,,,,,,,,,,,,,,,,,,,,,,,,,,,,,,,,,,,,,,,,,,,,,,,,,,,,,,,,,,,,,,,,,,,,,,,,,,,,,,,,,,,,,,,,,,,,,,,,,,,,,,,,,,,,,,,,,,,,,,,,,,,,,,,,,,,,,,,,,,,
765,PE,HT,#3,#3,H2_1,0.7903449583785385,4.048253529047357,84.84168235750604,0.0022088226371448625,-0.24854360728722663,-32.63957518912663,0.6152884492366626,,,,,,,,,,,,,,,,,,,,,,,,,,,,,,,,,,,,,,,,,,,,,,,,,,,,,,,,,,,,,,,,,,,,,,,,,,,,,,,,,,,,,,,,,,,,,,,,,,,,,,,,,,,,,,,,,,,,,,,,,,,,,,,,,,,,,,,,,,,,,,,,,,,,,,,,,,,,,,,,,,,,,,,,,,,,,,,,,,,,,,,,,,,,,,,,,,,,,,,,,,,,,,,,,,,,,,,
766,PE,HT,#3,#4,MeOH_1,1.0478553196598412,6.368503871811564,116.55564015614608,-0.18802314152328223,-3.2279618504413223,-68.44304341237768,0.41278651706012165,,,,,,,,,,,,,,,,,,,,,,,,,,,,,,,,,,,,,,,,,,,,,,,,,,,,,,,,,,,,,,,,,,,,,,,,,,,,,,,,,,,,,,,,,,,,,,,,,,,,,,,,,,,,,,,,,,,,,,,,,,,,,,,,,,,,,,,,,,,,,,,,,,,,,,,,,,,,,,,,,,,,,,,,,,,,,,,,,,,,,,,,,,,,,,,,,,,,,,,,,,,,,,,,,,,,,,,
767,PE,HT,#3,#5,FT_1,1.191709630844136,7.547449451207125,123.70015022217805,-0.2433123647208758,-3.9634349765356696,-76.85332532002863,0.37871275675904814,,,,,,,,,,,,,,,,,,,,,,,,,,,,,,,,,,,,,,,,,,,,,,,,,,,,,,,,,,,,,,,,,,,,,,,,,,,,,,,,,,,,,,,,,,,,,,,,,,,,,,,,,,,,,,,,,,,,,,,,,,,,,,,,,,,,,,,,,,,,,,,,,,,,,,,,,,,,,,,,,,,,,,,,,,,,,,,,,,,,,,,,,,,,,,,,,,,,,,,,,,,,,,,,,,,,,,,
768,PE,HT,#3,#6,Olefin,0.628845146827916,2.375541175409921,73.40712410485453,0.05036824971485977,0.9171105703663986,-27.41081467457996,0.6265919008701877,,,,,,,,,,,,,,,,,,,,,,,,,,,,,,,,,,,,,,,,,,,,,,,,,,,,,,,,,,,,,,,,,,,,,,,,,,,,,,,,,,,,,,,,,,,,,,,,,,,,,,,,,,,,,,,,,,,,,,,,,,,,,,,,,,,,,,,,,,,,,,,,,,,,,,,,,,,,,,,,,,,,,,,,,,,,,,,,,,,,,,,,,,,,,,,,,,,,,,,,,,,,,,,,,,,,,,,
769,PE,HT,#3,#7,MeOH_1,0.7688826578718085,3.844950490748131,87.6815028502285,0.0852624246241227,-0.5674956314776501,-38.88198903824931,0.556554258602697,,,,,,,,,,,,,,,,,,,,,,,,,,,,,,,,,,,,,,,,,,,,,,,,,,,,,,,,,,,,,,,,,,,,,,,,,,,,,,,,,,,,,,,,,,,,,,,,,,,,,,,,,,,,,,,,,,,,,,,,,,,,,,,,,,,,,,,,,,,,,,,,,,,,,,,,,,,,,,,,,,,,,,,,,,,,,,,,,,,,,,,,,,,,,,,,,,,,,,,,,,,,,,,,,,,,,,,
770,PE,HT,#3,#8,FT_1,0.9034423295034935,4.676240188290731,94.82226411626047,0.037525307962571045,-1.0959740489843592,-47.75254551449544,0.49639943783722984,,,,,,,,,,,,,,,,,,,,,,,,,,,,,,,,,,,,,,,,,,,,,,,,,,,,,,,,,,,,,,,,,,,,,,,,,,,,,,,,,,,,,,,,,,,,,,,,,,,,,,,,,,,,,,,,,,,,,,,,,,,,,,,,,,,,,,,,,,,,,,,,,,,,,,,,,,,,,,,,,,,,,,,,,,,,,,,,,,,,,,,,,,,,,,,,,,,,,,,,,,,,,,,,,,,,,,,
771,PE,HT,#3,#9,H2_1,0.8158959993795261,4.090882835457257,86.57373961809868,-0.011536383363642244,-0.26487713030585647,-33.580338793028396,0.612118652363167,,,,,,,,,,,,,,,,,,,,,,,,,,,,,,,,,,,,,,,,,,,,,,,,,,,,,,,,,,,,,,,,,,,,,,,,,,,,,,,,,,,,,,,,,,,,,,,,,,,,,,,,,,,,,,,,,,,,,,,,,,,,,,,,,,,,,,,,,,,,,,,,,,,,,,,,,,,,,,,,,,,,,,,,,,,,,,,,,,,,,,,,,,,,,,,,,,,,,,,,,,,,,,,,,,,,,,,
772,PE,HT,#3,#10,MeOH_1,1.0934246337513591,6.714415133344708,121.00125485022845,-0.23122154195435413,-3.5662808578210856,-72.91654686621919,0.39739015966013735,,,,,,,,,,,,,,,,,,,,,,,,,,,,,,,,,,,,,,,,,,,,,,,,,,,,,,,,,,,,,,,,,,,,,,,,,,,,,,,,,,,,,,,,,,,,,,,,,,,,,,,,,,,,,,,,,,,,,,,,,,,,,,,,,,,,,,,,,,,,,,,,,,,,,,,,,,,,,,,,,,,,,,,,,,,,,,,,,,,,,,,,,,,,,,,,,,,,,,,,,,,,,,,,,,,,,,,
773,PE,HT,#3,#11,FT_1,1.2412766584883717,7.921517751264113,127.91851851626048,-0.2998714384127736,-4.34596217475013,-81.33351838573944,0.36417713925133793,,,,,,,,,,,,,,,,,,,,,,,,,,,,,,,,,,,,,,,,,,,,,,,,,,,,,,,,,,,,,,,,,,,,,,,,,,,,,,,,,,,,,,,,,,,,,,,,,,,,,,,,,,,,,,,,,,,,,,,,,,,,,,,,,,,,,,,,,,,,,,,,,,,,,,,,,,,,,,,,,,,,,,,,,,,,,,,,,,,,,,,,,,,,,,,,,,,,,,,,,,,,,,,,,,,,,,,
774,PE,HT,#4,#1,MeOH_1,0.8170977678279505,3.98800386807172,88.8766649421781,0.05895429572565974,-0.7228872024524924,-40.537761999890186,0.5438874531772374,,,,,,,,,,,,,,,,,,,,,,,,,,,,,,,,,,,,,,,,,,,,,,,,,,,,,,,,,,,,,,,,,,,,,,,,,,,,,,,,,,,,,,,,,,,,,,,,,,,,,,,,,,,,,,,,,,,,,,,,,,,,,,,,,,,,,,,,,,,,,,,,,,,,,,,,,,,,,,,,,,,,,,,,,,,,,,,,,,,,,,,,,,,,,,,,,,,,,,,,,,,,,,,,,,,,,,,
775,PE,HT,#4,#2,FT_1,0.9313532909568417,4.759009349301534,95.60209340821008,0.03747508805138509,-1.1535070814053139,-49.30209425827779,0.48429900956495336,,,,,,,,,,,,,,,,,,,,,,,,,,,,,,,,,,,,,,,,,,,,,,,,,,,,,,,,,,,,,,,,,,,,,,,,,,,,,,,,,,,,,,,,,,,,,,,,,,,,,,,,,,,,,,,,,,,,,,,,,,,,,,,,,,,,,,,,,,,,,,,,,,,,,,,,,,,,,,,,,,,,,,,,,,,,,,,,,,,,,,,,,,,,,,,,,,,,,,,,,,,,,,,,,,,,,,,
776,PE,HT,#4,#3,H2_1,0.8430464261592128,4.234847877950025,87.05182714353805,-0.02931325611873888,-0.41695136823900014,-35.74217864029715,0.5894149518382588,,,,,,,,,,,,,,,,,,,,,,,,,,,,,,,,,,,,,,,,,,,,,,,,,,,,,,,,,,,,,,,,,,,,,,,,,,,,,,,,,,,,,,,,,,,,,,,,,,,,,,,,,,,,,,,,,,,,,,,,,,,,,,,,,,,,,,,,,,,,,,,,,,,,,,,,,,,,,,,,,,,,,,,,,,,,,,,,,,,,,,,,,,,,,,,,,,,,,,,,,,,,,,,,,,,,,,,
777,PE,HT,#4,#4,MeOH_1,1.1005567874405158,6.555098220714232,118.7657849421781,-0.21954522027916626,-3.3963696113930952,-71.5456468635482,0.39759041799470557,,,,,,,,,,,,,,,,,,,,,,,,,,,,,,,,,,,,,,,,,,,,,,,,,,,,,,,,,,,,,,,,,,,,,,,,,,,,,,,,,,,,,,,,,,,,,,,,,,,,,,,,,,,,,,,,,,,,,,,,,,,,,,,,,,,,,,,,,,,,,,,,,,,,,,,,,,,,,,,,,,,,,,,,,,,,,,,,,,,,,,,,,,,,,,,,,,,,,,,,,,,,,,,,,,,,,,,
778,PE,HT,#4,#5,FT_1,1.24441109862481,7.734043800109795,125.91029500821008,-0.2748344434767597,-4.131842737487443,-79.95592877119915,0.36497703570636897,,,,,,,,,,,,,,,,,,,,,,,,,,,,,,,,,,,,,,,,,,,,,,,,,,,,,,,,,,,,,,,,,,,,,,,,,,,,,,,,,,,,,,,,,,,,,,,,,,,,,,,,,,,,,,,,,,,,,,,,,,,,,,,,,,,,,,,,,,,,,,,,,,,,,,,,,,,,,,,,,,,,,,,,,,,,,,,,,,,,,,,,,,,,,,,,,,,,,,,,,,,,,,,,,,,,,,,
779,PE,HT,#4,#6,Olefin,0.6815466146085901,2.5621355243125903,75.61726889088652,0.018846170958976102,0.7487028094146249,-30.51341812575045,0.5964755329925971,,,,,,,,,,,,,,,,,,,,,,,,,,,,,,,,,,,,,,,,,,,,,,,,,,,,,,,,,,,,,,,,,,,,,,,,,,,,,,,,,,,,,,,,,,,,,,,,,,,,,,,,,,,,,,,,,,,,,,,,,,,,,,,,,,,,,,,,,,,,,,,,,,,,,,,,,,,,,,,,,,,,,,,,,,,,,,,,,,,,,,,,,,,,,,,,,,,,,,,,,,,,,,,,,,,,,,,
780,PE,HT,#4,#7,MeOH_1,0.8215841256524828,4.031544839650801,89.89164763626049,0.05374034586823896,-0.7359033924294248,-41.9845924894198,0.5329422299688268,,,,,,,,,,,,,,,,,,,,,,,,,,,,,,,,,,,,,,,,,,,,,,,,,,,,,,,,,,,,,,,,,,,,,,,,,,,,,,,,,,,,,,,,,,,,,,,,,,,,,,,,,,,,,,,,,,,,,,,,,,,,,,,,,,,,,,,,,,,,,,,,,,,,,,,,,,,,,,,,,,,,,,,,,,,,,,,,,,,,,,,,,,,,,,,,,,,,,,,,,,,,,,,,,,,,,,,
781,PE,HT,#4,#8,FT_1,0.956143797284168,4.862834537193401,97.03240890229247,0.006003229206686883,-1.264381809936134,-50.85514896566594,0.4758952236579541,,,,,,,,,,,,,,,,,,,,,,,,,,,,,,,,,,,,,,,,,,,,,,,,,,,,,,,,,,,,,,,,,,,,,,,,,,,,,,,,,,,,,,,,,,,,,,,,,,,,,,,,,,,,,,,,,,,,,,,,,,,,,,,,,,,,,,,,,,,,,,,,,,,,,,,,,,,,,,,,,,,,,,,,,,,,,,,,,,,,,,,,,,,,,,,,,,,,,,,,,,,,,,,,,,,,,,,
782,PE,HT,#4,#9,H2_1,0.8685974671602004,4.277477184359926,88.78388440413069,-0.04305846211952584,-0.4332848912576303,-36.682942244198905,0.5868288204509756,,,,,,,,,,,,,,,,,,,,,,,,,,,,,,,,,,,,,,,,,,,,,,,,,,,,,,,,,,,,,,,,,,,,,,,,,,,,,,,,,,,,,,,,,,,,,,,,,,,,,,,,,,,,,,,,,,,,,,,,,,,,,,,,,,,,,,,,,,,,,,,,,,,,,,,,,,,,,,,,,,,,,,,,,,,,,,,,,,,,,,,,,,,,,,,,,,,,,,,,,,,,,,,,,,,,,,,
783,PE,HT,#4,#10,MeOH_1,1.1461261015320334,6.901009482247377,123.21139963626047,-0.26274362071023805,-3.7346886187728585,-76.01915031738973,0.3830185312251117,,,,,,,,,,,,,,,,,,,,,,,,,,,,,,,,,,,,,,,,,,,,,,,,,,,,,,,,,,,,,,,,,,,,,,,,,,,,,,,,,,,,,,,,,,,,,,,,,,,,,,,,,,,,,,,,,,,,,,,,,,,,,,,,,,,,,,,,,,,,,,,,,,,,,,,,,,,,,,,,,,,,,,,,,,,,,,,,,,,,,,,,,,,,,,,,,,,,,,,,,,,,,,,,,,,,,,,
784,PE,HT,#4,#11,FT_1,1.293978126269046,8.108112100166782,130.12866330229247,-0.33139351716865717,-4.514369935701903,-84.43612183690992,0.35113356508732835,,,,,,,,,,,,,,,,,,,,,,,,,,,,,,,,,,,,,,,,,,,,,,,,,,,,,,,,,,,,,,,,,,,,,,,,,,,,,,,,,,,,,,,,,,,,,,,,,,,,,,,,,,,,,,,,,,,,,,,,,,,,,,,,,,,,,,,,,,,,,,,,,,,,,,,,,,,,,,,,,,,,,,,,,,,,,,,,,,,,,,,,,,,,,,,,,,,,,,,,,,,,,,,,,,,,,,,
785,PE,HT,#5,#1,MeOH_1,0.7737660062037173,3.588031788036571,85.79288827848882,0.08297312867327462,-0.20332090267795652,-35.27734853032943,0.5888080091695123,,,,,,,,,,,,,,,,,,,,,,,,,,,,,,,,,,,,,,,,,,,,,,,,,,,,,,,,,,,,,,,,,,,,,,,,,,,,,,,,,,,,,,,,,,,,,,,,,,,,,,,,,,,,,,,,,,,,,,,,,,,,,,,,,,,,,,,,,,,,,,,,,,,,,,,,,,,,,,,,,,,,,,,,,,,,,,,,,,,,,,,,,,,,,,,,,,,,,,,,,,,,,,,,,,,,,,,
786,PE,HT,#5,#2,FT_1,0.8880215293326089,4.359037269266385,92.51831674452082,0.06149392099899984,-0.6339407816307786,-44.04168078871703,0.5239679845199379,,,,,,,,,,,,,,,,,,,,,,,,,,,,,,,,,,,,,,,,,,,,,,,,,,,,,,,,,,,,,,,,,,,,,,,,,,,,,,,,,,,,,,,,,,,,,,,,,,,,,,,,,,,,,,,,,,,,,,,,,,,,,,,,,,,,,,,,,,,,,,,,,,,,,,,,,,,,,,,,,,,,,,,,,,,,,,,,,,,,,,,,,,,,,,,,,,,,,,,,,,,,,,,,,,,,,,,
787,PE,HT,#5,#3,H2_1,0.7997146645349794,3.834875797914876,83.9680504798488,-0.005294423171123839,0.10261493153553575,-30.48176517073641,0.6369837694629862,,,,,,,,,,,,,,,,,,,,,,,,,,,,,,,,,,,,,,,,,,,,,,,,,,,,,,,,,,,,,,,,,,,,,,,,,,,,,,,,,,,,,,,,,,,,,,,,,,,,,,,,,,,,,,,,,,,,,,,,,,,,,,,,,,,,,,,,,,,,,,,,,,,,,,,,,,,,,,,,,,,,,,,,,,,,,,,,,,,,,,,,,,,,,,,,,,,,,,,,,,,,,,,,,,,,,,,
788,PE,HT,#5,#4,MeOH_1,1.0572250258162845,6.1551261406790845,115.68200827848882,-0.19552638733155334,-2.8768033116185605,-66.28523339398744,0.4270048179452877,,,,,,,,,,,,,,,,,,,,,,,,,,,,,,,,,,,,,,,,,,,,,,,,,,,,,,,,,,,,,,,,,,,,,,,,,,,,,,,,,,,,,,,,,,,,,,,,,,,,,,,,,,,,,,,,,,,,,,,,,,,,,,,,,,,,,,,,,,,,,,,,,,,,,,,,,,,,,,,,,,,,,,,,,,,,,,,,,,,,,,,,,,,,,,,,,,,,,,,,,,,,,,,,,,,,,,,
789,PE,HT,#5,#5,FT_1,1.2010793370005786,7.334071720074644,122.82651834452082,-0.25081561052914664,-3.6122764377129064,-74.69551530163838,0.39186165733264483,,,,,,,,,,,,,,,,,,,,,,,,,,,,,,,,,,,,,,,,,,,,,,,,,,,,,,,,,,,,,,,,,,,,,,,,,,,,,,,,,,,,,,,,,,,,,,,,,,,,,,,,,,,,,,,,,,,,,,,,,,,,,,,,,,,,,,,,,,,,,,,,,,,,,,,,,,,,,,,,,,,,,,,,,,,,,,,,,,,,,,,,,,,,,,,,,,,,,,,,,,,,,,,,,,,,,,,
790,PE,HT,#5,#6,Olefin,0.638214852984357,2.1621634442774402,72.53349222719729,0.042865003906591,1.2682691091891616,-25.25300465618971,0.6518435293713764,,,,,,,,,,,,,,,,,,,,,,,,,,,,,,,,,,,,,,,,,,,,,,,,,,,,,,,,,,,,,,,,,,,,,,,,,,,,,,,,,,,,,,,,,,,,,,,,,,,,,,,,,,,,,,,,,,,,,,,,,,,,,,,,,,,,,,,,,,,,,,,,,,,,,,,,,,,,,,,,,,,,,,,,,,,,,,,,,,,,,,,,,,,,,,,,,,,,,,,,,,,,,,,,,,,,,,,
791,PE,HT,#5,#7,MeOH_1,0.7782523640282499,3.631572759615652,86.8078709725712,0.07775917881585358,-0.2163370926548895,-36.724179019859044,0.5769487419929602,,,,,,,,,,,,,,,,,,,,,,,,,,,,,,,,,,,,,,,,,,,,,,,,,,,,,,,,,,,,,,,,,,,,,,,,,,,,,,,,,,,,,,,,,,,,,,,,,,,,,,,,,,,,,,,,,,,,,,,,,,,,,,,,,,,,,,,,,,,,,,,,,,,,,,,,,,,,,,,,,,,,,,,,,,,,,,,,,,,,,,,,,,,,,,,,,,,,,,,,,,,,,,,,,,,,,,,
792,PE,HT,#5,#8,FT_1,0.9128120356599351,4.462862457158252,93.9486322386032,0.030022062154301494,-0.7448155101615981,-45.59473549610519,0.5146844141348718,,,,,,,,,,,,,,,,,,,,,,,,,,,,,,,,,,,,,,,,,,,,,,,,,,,,,,,,,,,,,,,,,,,,,,,,,,,,,,,,,,,,,,,,,,,,,,,,,,,,,,,,,,,,,,,,,,,,,,,,,,,,,,,,,,,,,,,,,,,,,,,,,,,,,,,,,,,,,,,,,,,,,,,,,,,,,,,,,,,,,,,,,,,,,,,,,,,,,,,,,,,,,,,,,,,,,,,
793,PE,HT,#5,#9,H2_1,0.8252657055359673,3.8775051043247766,85.70010774044141,-0.01903962917191137,0.0862814085169056,-31.42252877463815,0.633343182370236,,,,,,,,,,,,,,,,,,,,,,,,,,,,,,,,,,,,,,,,,,,,,,,,,,,,,,,,,,,,,,,,,,,,,,,,,,,,,,,,,,,,,,,,,,,,,,,,,,,,,,,,,,,,,,,,,,,,,,,,,,,,,,,,,,,,,,,,,,,,,,,,,,,,,,,,,,,,,,,,,,,,,,,,,,,,,,,,,,,,,,,,,,,,,,,,,,,,,,,,,,,,,,,,,,,,,,,
794,PE,HT,#5,#10,MeOH_1,1.1027943399078015,6.501037402212229,120.1276229725712,-0.2387247877626247,-3.215122318998324,-70.75873684782896,0.4109703072707488,,,,,,,,,,,,,,,,,,,,,,,,,,,,,,,,,,,,,,,,,,,,,,,,,,,,,,,,,,,,,,,,,,,,,,,,,,,,,,,,,,,,,,,,,,,,,,,,,,,,,,,,,,,,,,,,,,,,,,,,,,,,,,,,,,,,,,,,,,,,,,,,,,,,,,,,,,,,,,,,,,,,,,,,,,,,,,,,,,,,,,,,,,,,,,,,,,,,,,,,,,,,,,,,,,,,,,,
795,PE,HT,#5,#11,FT_1,1.2506463646448125,7.708140020131632,127.04488663860319,-0.3073746842210423,-3.9948036359273673,-79.17570836734917,0.37678949179138976,,,,,,,,,,,,,,,,,,,,,,,,,,,,,,,,,,,,,,,,,,,,,,,,,,,,,,,,,,,,,,,,,,,,,,,,,,,,,,,,,,,,,,,,,,,,,,,,,,,,,,,,,,,,,,,,,,,,,,,,,,,,,,,,,,,,,,,,,,,,,,,,,,,,,,,,,,,,,,,,,,,,,,,,,,,,,,,,,,,,,,,,,,,,,,,,,,,,,,,,,,,,,,,,,,,,,,,
796,PE,HT,#6,#1,MeOH_1,0.8363268349946121,4.005863991069731,90.70564559614611,0.02444697845537206,-0.8584561273110279,-42.00556044606586,0.5369024698518811,,,,,,,,,,,,,,,,,,,,,,,,,,,,,,,,,,,,,,,,,,,,,,,,,,,,,,,,,,,,,,,,,,,,,,,,,,,,,,,,,,,,,,,,,,,,,,,,,,,,,,,,,,,,,,,,,,,,,,,,,,,,,,,,,,,,,,,,,,,,,,,,,,,,,,,,,,,,,,,,,,,,,,,,,,,,,,,,,,,,,,,,,,,,,,,,,,,,,,,,,,,,,,,,,,,,,,,
797,PE,HT,#6,#2,FT_1,0.9505823581235034,4.776869472299544,97.43107406217808,0.0029677707810972717,-1.2890760062638489,-50.76989270445344,0.47891477956967443,,,,,,,,,,,,,,,,,,,,,,,,,,,,,,,,,,,,,,,,,,,,,,,,,,,,,,,,,,,,,,,,,,,,,,,,,,,,,,,,,,,,,,,,,,,,,,,,,,,,,,,,,,,,,,,,,,,,,,,,,,,,,,,,,,,,,,,,,,,,,,,,,,,,,,,,,,,,,,,,,,,,,,,,,,,,,,,,,,,,,,,,,,,,,,,,,,,,,,,,,,,,,,,,,,,,,,,
798,PE,HT,#6,#3,MeOH_1,0.8622754933258745,4.252708000948036,88.88080779750605,-0.06382057338902655,-0.5525202930975354,-37.20997708647279,0.5813496973244556,,,,,,,,,,,,,,,,,,,,,,,,,,,,,,,,,,,,,,,,,,,,,,,,,,,,,,,,,,,,,,,,,,,,,,,,,,,,,,,,,,,,,,,,,,,,,,,,,,,,,,,,,,,,,,,,,,,,,,,,,,,,,,,,,,,,,,,,,,,,,,,,,,,,,,,,,,,,,,,,,,,,,,,,,,,,,,,,,,,,,,,,,,,,,,,,,,,,,,,,,,,,,,,,,,,,,,,
799,PE,HT,#6,#4,MeOH_1,1.1197858546071788,6.5729583437122425,120.59476559614609,-0.25405253754945506,-3.531938536251631,-73.01344530972383,0.3945554357289851,,,,,,,,,,,,,,,,,,,,,,,,,,,,,,,,,,,,,,,,,,,,,,,,,,,,,,,,,,,,,,,,,,,,,,,,,,,,,,,,,,,,,,,,,,,,,,,,,,,,,,,,,,,,,,,,,,,,,,,,,,,,,,,,,,,,,,,,,,,,,,,,,,,,,,,,,,,,,,,,,,,,,,,,,,,,,,,,,,,,,,,,,,,,,,,,,,,,,,,,,,,,,,,,,,,,,,,
800,PE,HT,#6,#5,FT_1,1.263640165791472,7.751903923107807,127.7392756621781,-0.3093417607470472,-4.267411662345981,-81.42372721737482,0.3625787621286528,,,,,,,,,,,,,,,,,,,,,,,,,,,,,,,,,,,,,,,,,,,,,,,,,,,,,,,,,,,,,,,,,,,,,,,,,,,,,,,,,,,,,,,,,,,,,,,,,,,,,,,,,,,,,,,,,,,,,,,,,,,,,,,,,,,,,,,,,,,,,,,,,,,,,,,,,,,,,,,,,,,,,,,,,,,,,,,,,,,,,,,,,,,,,,,,,,,,,,,,,,,,,,,,,,,,,,,
801,PE,HT,#6,#6,Olefin,0.7007756817752517,2.5799956473106005,77.44624954485452,-0.015661146311311568,0.6131338845560896,-31.9812165719261,0.5870527396758761,,,,,,,,,,,,,,,,,,,,,,,,,,,,,,,,,,,,,,,,,,,,,,,,,,,,,,,,,,,,,,,,,,,,,,,,,,,,,,,,,,,,,,,,,,,,,,,,,,,,,,,,,,,,,,,,,,,,,,,,,,,,,,,,,,,,,,,,,,,,,,,,,,,,,,,,,,,,,,,,,,,,,,,,,,,,,,,,,,,,,,,,,,,,,,,,,,,,,,,,,,,,,,,,,,,,,,,
802,PE,HT,#6,#7,MeOH_1,0.8408131928191447,4.049404962648811,91.72062829022846,0.019233028597951146,-0.8714723172879604,-43.45239093559545,0.5262527989003681,,,,,,,,,,,,,,,,,,,,,,,,,,,,,,,,,,,,,,,,,,,,,,,,,,,,,,,,,,,,,,,,,,,,,,,,,,,,,,,,,,,,,,,,,,,,,,,,,,,,,,,,,,,,,,,,,,,,,,,,,,,,,,,,,,,,,,,,,,,,,,,,,,,,,,,,,,,,,,,,,,,,,,,,,,,,,,,,,,,,,,,,,,,,,,,,,,,,,,,,,,,,,,,,,,,,,,,
803,PE,HT,#6,#8,FT_1,0.9753728644508296,4.880694660191411,98.86138955626048,-0.02850408806360065,-1.399950734794669,-52.32294741184159,0.47074436595830543,,,,,,,,,,,,,,,,,,,,,,,,,,,,,,,,,,,,,,,,,,,,,,,,,,,,,,,,,,,,,,,,,,,,,,,,,,,,,,,,,,,,,,,,,,,,,,,,,,,,,,,,,,,,,,,,,,,,,,,,,,,,,,,,,,,,,,,,,,,,,,,,,,,,,,,,,,,,,,,,,,,,,,,,,,,,,,,,,,,,,,,,,,,,,,,,,,,,,,,,,,,,,,,,,,,,,,,
804,PE,HT,#6,#9,MeOH_1,0.8878265343268622,4.295337307357937,90.61286505809869,-0.07756577938981365,-0.5688538161161664,-38.150740690374576,0.5789699325155067,,,,,,,,,,,,,,,,,,,,,,,,,,,,,,,,,,,,,,,,,,,,,,,,,,,,,,,,,,,,,,,,,,,,,,,,,,,,,,,,,,,,,,,,,,,,,,,,,,,,,,,,,,,,,,,,,,,,,,,,,,,,,,,,,,,,,,,,,,,,,,,,,,,,,,,,,,,,,,,,,,,,,,,,,,,,,,,,,,,,,,,,,,,,,,,,,,,,,,,,,,,,,,,,,,,,,,,
805,PE,HT,#6,#10,MeOH_1,1.1653551686986963,6.918869605245389,125.04038029022848,-0.2972509379805267,-3.870257543631395,-77.4869487635654,0.3803045977330513,,,,,,,,,,,,,,,,,,,,,,,,,,,,,,,,,,,,,,,,,,,,,,,,,,,,,,,,,,,,,,,,,,,,,,,,,,,,,,,,,,,,,,,,,,,,,,,,,,,,,,,,,,,,,,,,,,,,,,,,,,,,,,,,,,,,,,,,,,,,,,,,,,,,,,,,,,,,,,,,,,,,,,,,,,,,,,,,,,,,,,,,,,,,,,,,,,,,,,,,,,,,,,,,,,,,,,,
806,PE,HT,#6,#11,FT_1,1.3132071934357075,8.125972223164792,131.95764395626045,-0.36590083443894467,-4.6499388605604395,-85.90392028308557,0.3490038340517822,,,,,,,,,,,,,,,,,,,,,,,,,,,,,,,,,,,,,,,,,,,,,,,,,,,,,,,,,,,,,,,,,,,,,,,,,,,,,,,,,,,,,,,,,,,,,,,,,,,,,,,,,,,,,,,,,,,,,,,,,,,,,,,,,,,,,,,,,,,,,,,,,,,,,,,,,,,,,,,,,,,,,,,,,,,,,,,,,,,,,,,,,,,,,,,,,,,,,,,,,,,,,,,,,,,,,,,
807,PE,HT,#7,#1,MeOH_1,0.8883038419585553,4.386724656165745,92.80363279614609,-0.009911449914078361,-1.1261748861605367,-44.44670744940874,0.5210671596548265,,,,,,,,,,,,,,,,,,,,,,,,,,,,,,,,,,,,,,,,,,,,,,,,,,,,,,,,,,,,,,,,,,,,,,,,,,,,,,,,,,,,,,,,,,,,,,,,,,,,,,,,,,,,,,,,,,,,,,,,,,,,,,,,,,,,,,,,,,,,,,,,,,,,,,,,,,,,,,,,,,,,,,,,,,,,,,,,,,,,,,,,,,,,,,,,,,,,,,,,,,,,,,,,,,,,,,,
808,PE,HT,#7,#2,FT_1,1.0025593650874451,5.157730137395559,99.52906126217808,-0.031390657588351446,-1.556794765113359,-53.21103970779634,0.4653718317745554,,,,,,,,,,,,,,,,,,,,,,,,,,,,,,,,,,,,,,,,,,,,,,,,,,,,,,,,,,,,,,,,,,,,,,,,,,,,,,,,,,,,,,,,,,,,,,,,,,,,,,,,,,,,,,,,,,,,,,,,,,,,,,,,,,,,,,,,,,,,,,,,,,,,,,,,,,,,,,,,,,,,,,,,,,,,,,,,,,,,,,,,,,,,,,,,,,,,,,,,,,,,,,,,,,,,,,,
809,PE,HT,#7,#3,H2_1,0.9142525002898163,4.63356866604405,90.97879499750604,-0.09817900175847555,-0.820239051947045,-39.651124089815696,0.564171804090144,,,,,,,,,,,,,,,,,,,,,,,,,,,,,,,,,,,,,,,,,,,,,,,,,,,,,,,,,,,,,,,,,,,,,,,,,,,,,,,,,,,,,,,,,,,,,,,,,,,,,,,,,,,,,,,,,,,,,,,,,,,,,,,,,,,,,,,,,,,,,,,,,,,,,,,,,,,,,,,,,,,,,,,,,,,,,,,,,,,,,,,,,,,,,,,,,,,,,,,,,,,,,,,,,,,,,,,
810,PE,HT,#7,#4,MeOH_1,1.1717628615711204,6.9538190088082565,122.69275279614611,-0.2884109659189042,-3.7996572951011394,-75.45459231306675,0.38501182349022284,,,,,,,,,,,,,,,,,,,,,,,,,,,,,,,,,,,,,,,,,,,,,,,,,,,,,,,,,,,,,,,,,,,,,,,,,,,,,,,,,,,,,,,,,,,,,,,,,,,,,,,,,,,,,,,,,,,,,,,,,,,,,,,,,,,,,,,,,,,,,,,,,,,,,,,,,,,,,,,,,,,,,,,,,,,,,,,,,,,,,,,,,,,,,,,,,,,,,,,,,,,,,,,,,,,,,,,
811,PE,HT,#7,#5,FT_1,1.315617172755415,8.132764588203818,129.83726286217808,-0.3437001891164978,-4.535130421195487,-83.8648742207177,0.35407700091660094,,,,,,,,,,,,,,,,,,,,,,,,,,,,,,,,,,,,,,,,,,,,,,,,,,,,,,,,,,,,,,,,,,,,,,,,,,,,,,,,,,,,,,,,,,,,,,,,,,,,,,,,,,,,,,,,,,,,,,,,,,,,,,,,,,,,,,,,,,,,,,,,,,,,,,,,,,,,,,,,,,,,,,,,,,,,,,,,,,,,,,,,,,,,,,,,,,,,,,,,,,,,,,,,,,,,,,,
812,PE,HT,#7,#6,Olefin,0.7527526887391949,2.9608563124066136,79.54423674485453,-0.05001957468076199,0.34541512570658117,-34.422363575269,0.5672550899484785,,,,,,,,,,,,,,,,,,,,,,,,,,,,,,,,,,,,,,,,,,,,,,,,,,,,,,,,,,,,,,,,,,,,,,,,,,,,,,,,,,,,,,,,,,,,,,,,,,,,,,,,,,,,,,,,,,,,,,,,,,,,,,,,,,,,,,,,,,,,,,,,,,,,,,,,,,,,,,,,,,,,,,,,,,,,,,,,,,,,,,,,,,,,,,,,,,,,,,,,,,,,,,,,,,,,,,,
813,PE,HT,#7,#7,MeOH_1,0.8927901997830862,4.430265627744825,93.81861549022848,-0.015125399771497568,-1.1391910761374697,-45.893537938938344,0.5108269537006938,,,,,,,,,,,,,,,,,,,,,,,,,,,,,,,,,,,,,,,,,,,,,,,,,,,,,,,,,,,,,,,,,,,,,,,,,,,,,,,,,,,,,,,,,,,,,,,,,,,,,,,,,,,,,,,,,,,,,,,,,,,,,,,,,,,,,,,,,,,,,,,,,,,,,,,,,,,,,,,,,,,,,,,,,,,,,,,,,,,,,,,,,,,,,,,,,,,,,,,,,,,,,,,,,,,,,,,
814,PE,HT,#7,#8,FT_1,1.0273498714147713,5.261555325287425,100.9593767562605,-0.0628625164330495,-1.6676694936441776,-54.76409441518451,0.4575630696750652,,,,,,,,,,,,,,,,,,,,,,,,,,,,,,,,,,,,,,,,,,,,,,,,,,,,,,,,,,,,,,,,,,,,,,,,,,,,,,,,,,,,,,,,,,,,,,,,,,,,,,,,,,,,,,,,,,,,,,,,,,,,,,,,,,,,,,,,,,,,,,,,,,,,,,,,,,,,,,,,,,,,,,,,,,,,,,,,,,,,,,,,,,,,,,,,,,,,,,,,,,,,,,,,,,,,,,,
815,PE,HT,#7,#9,H2_1,0.9398035412908037,4.67619797245395,92.7108522580987,-0.11192420775926251,-0.8365725749656746,-40.59188769371747,0.5621668153722361,,,,,,,,,,,,,,,,,,,,,,,,,,,,,,,,,,,,,,,,,,,,,,,,,,,,,,,,,,,,,,,,,,,,,,,,,,,,,,,,,,,,,,,,,,,,,,,,,,,,,,,,,,,,,,,,,,,,,,,,,,,,,,,,,,,,,,,,,,,,,,,,,,,,,,,,,,,,,,,,,,,,,,,,,,,,,,,,,,,,,,,,,,,,,,,,,,,,,,,,,,,,,,,,,,,,,,,
816,PE,HT,#7,#10,MeOH_1,1.2173321756626383,7.299730270341402,127.13836749022848,-0.331609366349976,-4.1379763024809035,-79.92809576690829,0.3713298562446042,,,,,,,,,,,,,,,,,,,,,,,,,,,,,,,,,,,,,,,,,,,,,,,,,,,,,,,,,,,,,,,,,,,,,,,,,,,,,,,,,,,,,,,,,,,,,,,,,,,,,,,,,,,,,,,,,,,,,,,,,,,,,,,,,,,,,,,,,,,,,,,,,,,,,,,,,,,,,,,,,,,,,,,,,,,,,,,,,,,,,,,,,,,,,,,,,,,,,,,,,,,,,,,,,,,,,,,
817,PE,HT,#7,#11,FT_1,1.3651842003996488,8.506832888260806,134.05563115626046,-0.4002592628083935,-4.917657619409948,-88.34506728642847,0.34098204958320605,,,,,,,,,,,,,,,,,,,,,,,,,,,,,,,,,,,,,,,,,,,,,,,,,,,,,,,,,,,,,,,,,,,,,,,,,,,,,,,,,,,,,,,,,,,,,,,,,,,,,,,,,,,,,,,,,,,,,,,,,,,,,,,,,,,,,,,,,,,,,,,,,,,,,,,,,,,,,,,,,,,,,,,,,,,,,,,,,,,,,,,,,,,,,,,,,,,,,,,,,,,,,,,,,,,,,,,
818,PE,HT,#8,#1,MeOH_1,0.7924017472635092,2.5542805057189133,69.85554424468637,0.004838988613372521,0.606220688915703,-22.170698490986954,0.6826207750478819,,,,,,,,,,,,,,,,,,,,,,,,,,,,,,,,,,,,,,,,,,,,,,,,,,,,,,,,,,,,,,,,,,,,,,,,,,,,,,,,,,,,,,,,,,,,,,,,,,,,,,,,,,,,,,,,,,,,,,,,,,,,,,,,,,,,,,,,,,,,,,,,,,,,,,,,,,,,,,,,,,,,,,,,,,,,,,,,,,,,,,,,,,,,,,,,,,,,,,,,,,,,,,,,,,,,,,,
819,PE,HT,#8,#2,FT_1,0.9066572703923987,3.3252859869487272,76.58097271071836,-0.01664021906090028,0.17560080996288122,-30.93503074937455,0.5960480827759863,,,,,,,,,,,,,,,,,,,,,,,,,,,,,,,,,,,,,,,,,,,,,,,,,,,,,,,,,,,,,,,,,,,,,,,,,,,,,,,,,,,,,,,,,,,,,,,,,,,,,,,,,,,,,,,,,,,,,,,,,,,,,,,,,,,,,,,,,,,,,,,,,,,,,,,,,,,,,,,,,,,,,,,,,,,,,,,,,,,,,,,,,,,,,,,,,,,,,,,,,,,,,,,,,,,,,,,
820,PE,HT,#8,#3,DIESEL_1,0.8183504055947715,2.801124515597219,68.03070644604632,-0.08342856323102595,0.9121565231291949,-17.375115131393922,0.7445989312903322,,,,,,,,,,,,,,,,,,,,,,,,,,,,,,,,,,,,,,,,,,,,,,,,,,,,,,,,,,,,,,,,,,,,,,,,,,,,,,,,,,,,,,,,,,,,,,,,,,,,,,,,,,,,,,,,,,,,,,,,,,,,,,,,,,,,,,,,,,,,,,,,,,,,,,,,,,,,,,,,,,,,,,,,,,,,,,,,,,,,,,,,,,,,,,,,,,,,,,,,,,,,,,,,,,,,,,,
821,PE,HT,#8,#4,MeOH_1,1.0758607668760745,5.121374858361428,99.74466424468636,-0.27366052739145347,-2.0672617200249017,-53.17858335464495,0.46685285115411174,,,,,,,,,,,,,,,,,,,,,,,,,,,,,,,,,,,,,,,,,,,,,,,,,,,,,,,,,,,,,,,,,,,,,,,,,,,,,,,,,,,,,,,,,,,,,,,,,,,,,,,,,,,,,,,,,,,,,,,,,,,,,,,,,,,,,,,,,,,,,,,,,,,,,,,,,,,,,,,,,,,,,,,,,,,,,,,,,,,,,,,,,,,,,,,,,,,,,,,,,,,,,,,,,,,,,,,
822,PE,HT,#8,#5,FT_1,1.2197150780603687,6.300320437756988,106.88917431071835,-0.32894975058904646,-2.8027348461192476,-61.588865262295904,0.423806333434086,,,,,,,,,,,,,,,,,,,,,,,,,,,,,,,,,,,,,,,,,,,,,,,,,,,,,,,,,,,,,,,,,,,,,,,,,,,,,,,,,,,,,,,,,,,,,,,,,,,,,,,,,,,,,,,,,,,,,,,,,,,,,,,,,,,,,,,,,,,,,,,,,,,,,,,,,,,,,,,,,,,,,,,,,,,,,,,,,,,,,,,,,,,,,,,,,,,,,,,,,,,,,,,,,,,,,,,
823,PE,HT,#8,#6,Olefin,0.6568505940441486,1.1284121619597827,56.596148193394804,-0.03526913615331076,2.0778107007828206,-12.146354616847214,0.7853854899216482,,,,,,,,,,,,,,,,,,,,,,,,,,,,,,,,,,,,,,,,,,,,,,,,,,,,,,,,,,,,,,,,,,,,,,,,,,,,,,,,,,,,,,,,,,,,,,,,,,,,,,,,,,,,,,,,,,,,,,,,,,,,,,,,,,,,,,,,,,,,,,,,,,,,,,,,,,,,,,,,,,,,,,,,,,,,,,,,,,,,,,,,,,,,,,,,,,,,,,,,,,,,,,,,,,,,,,,
824,PE,HT,#8,#7,MeOH_1,0.7968881050880415,2.5978214772979946,70.87052693876873,-0.00037496124404825084,0.59320449893877,-23.617528980516557,0.6667510458766334,,,,,,,,,,,,,,,,,,,,,,,,,,,,,,,,,,,,,,,,,,,,,,,,,,,,,,,,,,,,,,,,,,,,,,,,,,,,,,,,,,,,,,,,,,,,,,,,,,,,,,,,,,,,,,,,,,,,,,,,,,,,,,,,,,,,,,,,,,,,,,,,,,,,,,,,,,,,,,,,,,,,,,,,,,,,,,,,,,,,,,,,,,,,,,,,,,,,,,,,,,,,,,,,,,,,,,,
825,PE,HT,#8,#8,FT_1,0.9314477767197263,3.4291111748405934,78.01128820480074,-0.048112077905599626,0.06472608143206239,-32.48808545676271,0.5835463532986059,,,,,,,,,,,,,,,,,,,,,,,,,,,,,,,,,,,,,,,,,,,,,,,,,,,,,,,,,,,,,,,,,,,,,,,,,,,,,,,,,,,,,,,,,,,,,,,,,,,,,,,,,,,,,,,,,,,,,,,,,,,,,,,,,,,,,,,,,,,,,,,,,,,,,,,,,,,,,,,,,,,,,,,,,,,,,,,,,,,,,,,,,,,,,,,,,,,,,,,,,,,,,,,,,,,,,,,
826,PE,HT,#8,#9,DIESEL_1,0.8439014465957589,2.8437538220071192,69.76276370663895,-0.09717376923181305,0.8958230001105651,-18.315878735295666,0.7374548002095187,,,,,,,,,,,,,,,,,,,,,,,,,,,,,,,,,,,,,,,,,,,,,,,,,,,,,,,,,,,,,,,,,,,,,,,,,,,,,,,,,,,,,,,,,,,,,,,,,,,,,,,,,,,,,,,,,,,,,,,,,,,,,,,,,,,,,,,,,,,,,,,,,,,,,,,,,,,,,,,,,,,,,,,,,,,,,,,,,,,,,,,,,,,,,,,,,,,,,,,,,,,,,,,,,,,,,,,
827,PE,HT,#8,#10,MeOH_1,1.1214300809675917,5.467286119894572,104.19027893876873,-0.3168589278225248,-2.405580727404665,-57.65208680848647,0.44666539531612304,,,,,,,,,,,,,,,,,,,,,,,,,,,,,,,,,,,,,,,,,,,,,,,,,,,,,,,,,,,,,,,,,,,,,,,,,,,,,,,,,,,,,,,,,,,,,,,,,,,,,,,,,,,,,,,,,,,,,,,,,,,,,,,,,,,,,,,,,,,,,,,,,,,,,,,,,,,,,,,,,,,,,,,,,,,,,,,,,,,,,,,,,,,,,,,,,,,,,,,,,,,,,,,,,,,,,,,
828,PE,HT,#8,#11,FT_1,1.2692821057046042,6.674388737813977,111.10754260480073,-0.38550882428094396,-3.1852620443337094,-66.06905832800669,0.4053593772386072,,,,,,,,,,,,,,,,,,,,,,,,,,,,,,,,,,,,,,,,,,,,,,,,,,,,,,,,,,,,,,,,,,,,,,,,,,,,,,,,,,,,,,,,,,,,,,,,,,,,,,,,,,,,,,,,,,,,,,,,,,,,,,,,,,,,,,,,,,,,,,,,,,,,,,,,,,,,,,,,,,,,,,,,,,,,,,,,,,,,,,,,,,,,,,,,,,,,,,,,,,,,,,,,,,,,,,,
829,PE,HT,#9,#1,MeOH_1,0.8867988886396091,2.9726208563675542,72.79705509172635,-0.11351247483594903,0.2513609987458438,-25.15982929354625,0.6543839683920709,,,,,,,,,,,,,,,,,,,,,,,,,,,,,,,,,,,,,,,,,,,,,,,,,,,,,,,,,,,,,,,,,,,,,,,,,,,,,,,,,,,,,,,,,,,,,,,,,,,,,,,,,,,,,,,,,,,,,,,,,,,,,,,,,,,,,,,,,,,,,,,,,,,,,,,,,,,,,,,,,,,,,,,,,,,,,,,,,,,,,,,,,,,,,,,,,,,,,,,,,,,,,,,,,,,,,,,
830,PE,HT,#9,#2,FT_1,1.0010544117685003,3.7436263375973673,79.52248355775835,-0.1349916825102237,-0.17925888020697683,-33.92416155193385,0.5734016339254013,,,,,,,,,,,,,,,,,,,,,,,,,,,,,,,,,,,,,,,,,,,,,,,,,,,,,,,,,,,,,,,,,,,,,,,,,,,,,,,,,,,,,,,,,,,,,,,,,,,,,,,,,,,,,,,,,,,,,,,,,,,,,,,,,,,,,,,,,,,,,,,,,,,,,,,,,,,,,,,,,,,,,,,,,,,,,,,,,,,,,,,,,,,,,,,,,,,,,,,,,,,,,,,,,,,,,,,
831,PE,HT,#9,#3,H2_1,0.9127475469708716,3.2194648662458594,70.9722172930863,-0.20178002668034778,0.5572968329593361,-20.364245933953217,0.7130673563451289,,,,,,,,,,,,,,,,,,,,,,,,,,,,,,,,,,,,,,,,,,,,,,,,,,,,,,,,,,,,,,,,,,,,,,,,,,,,,,,,,,,,,,,,,,,,,,,,,,,,,,,,,,,,,,,,,,,,,,,,,,,,,,,,,,,,,,,,,,,,,,,,,,,,,,,,,,,,,,,,,,,,,,,,,,,,,,,,,,,,,,,,,,,,,,,,,,,,,,,,,,,,,,,,,,,,,,,
832,PE,HT,#9,#4,MeOH_1,1.1702579082521758,5.539715209010067,102.68617509172635,-0.39201199084077626,-2.42212141019476,-56.16771415720426,0.4530158114562998,,,,,,,,,,,,,,,,,,,,,,,,,,,,,,,,,,,,,,,,,,,,,,,,,,,,,,,,,,,,,,,,,,,,,,,,,,,,,,,,,,,,,,,,,,,,,,,,,,,,,,,,,,,,,,,,,,,,,,,,,,,,,,,,,,,,,,,,,,,,,,,,,,,,,,,,,,,,,,,,,,,,,,,,,,,,,,,,,,,,,,,,,,,,,,,,,,,,,,,,,,,,,,,,,,,,,,,
833,PE,HT,#9,#5,FT_1,1.31411221943647,6.7186607884056295,109.83068515775837,-0.44730121403836975,-3.157594536289108,-64.57799606485523,0.41202227799911456,,,,,,,,,,,,,,,,,,,,,,,,,,,,,,,,,,,,,,,,,,,,,,,,,,,,,,,,,,,,,,,,,,,,,,,,,,,,,,,,,,,,,,,,,,,,,,,,,,,,,,,,,,,,,,,,,,,,,,,,,,,,,,,,,,,,,,,,,,,,,,,,,,,,,,,,,,,,,,,,,,,,,,,,,,,,,,,,,,,,,,,,,,,,,,,,,,,,,,,,,,,,,,,,,,,,,,,
834,PE,HT,#9,#6,Olefin,0.7512477354202487,1.5467525126084232,59.53765904043481,-0.15362059960263266,1.7229510106129617,-15.135485419406528,0.7457829941024837,,,,,,,,,,,,,,,,,,,,,,,,,,,,,,,,,,,,,,,,,,,,,,,,,,,,,,,,,,,,,,,,,,,,,,,,,,,,,,,,,,,,,,,,,,,,,,,,,,,,,,,,,,,,,,,,,,,,,,,,,,,,,,,,,,,,,,,,,,,,,,,,,,,,,,,,,,,,,,,,,,,,,,,,,,,,,,,,,,,,,,,,,,,,,,,,,,,,,,,,,,,,,,,,,,,,,,,
835,PE,HT,#9,#7,MeOH_1,0.8912852464641413,3.0161618279466347,73.81203778580874,-0.1187264246933698,0.23834480876891107,-26.606659783075862,0.6395349514630077,,,,,,,,,,,,,,,,,,,,,,,,,,,,,,,,,,,,,,,,,,,,,,,,,,,,,,,,,,,,,,,,,,,,,,,,,,,,,,,,,,,,,,,,,,,,,,,,,,,,,,,,,,,,,,,,,,,,,,,,,,,,,,,,,,,,,,,,,,,,,,,,,,,,,,,,,,,,,,,,,,,,,,,,,,,,,,,,,,,,,,,,,,,,,,,,,,,,,,,,,,,,,,,,,,,,,,,
836,PE,HT,#9,#8,FT_1,1.0258449180958265,3.847451525489234,80.95279905184074,-0.1664635413549216,-0.29013360873779653,-35.477216259322006,0.5617542978766796,,,,,,,,,,,,,,,,,,,,,,,,,,,,,,,,,,,,,,,,,,,,,,,,,,,,,,,,,,,,,,,,,,,,,,,,,,,,,,,,,,,,,,,,,,,,,,,,,,,,,,,,,,,,,,,,,,,,,,,,,,,,,,,,,,,,,,,,,,,,,,,,,,,,,,,,,,,,,,,,,,,,,,,,,,,,,,,,,,,,,,,,,,,,,,,,,,,,,,,,,,,,,,,,,,,,,,,
837,PE,HT,#9,#9,H2_1,0.9382985879718589,3.2620941726557593,72.70427455367896,-0.21552523268113474,0.5409633099407062,-21.305009537854968,0.7069634534056856,,,,,,,,,,,,,,,,,,,,,,,,,,,,,,,,,,,,,,,,,,,,,,,,,,,,,,,,,,,,,,,,,,,,,,,,,,,,,,,,,,,,,,,,,,,,,,,,,,,,,,,,,,,,,,,,,,,,,,,,,,,,,,,,,,,,,,,,,,,,,,,,,,,,,,,,,,,,,,,,,,,,,,,,,,,,,,,,,,,,,,,,,,,,,,,,,,,,,,,,,,,,,,,,,,,,,,,
838,PE,HT,#9,#10,MeOH_1,1.215827222343693,5.885626470543213,107.13178978580873,-0.4352103912718479,-2.760440417574524,-60.64121761104578,0.4339568326797556,,,,,,,,,,,,,,,,,,,,,,,,,,,,,,,,,,,,,,,,,,,,,,,,,,,,,,,,,,,,,,,,,,,,,,,,,,,,,,,,,,,,,,,,,,,,,,,,,,,,,,,,,,,,,,,,,,,,,,,,,,,,,,,,,,,,,,,,,,,,,,,,,,,,,,,,,,,,,,,,,,,,,,,,,,,,,,,,,,,,,,,,,,,,,,,,,,,,,,,,,,,,,,,,,,,,,,,
839,PE,HT,#9,#11,FT_1,1.363679247080704,7.092729088462616,114.04905345184075,-0.5038602877302656,-3.5401217345035683,-69.058189130566,0.394486959422885,,,,,,,,,,,,,,,,,,,,,,,,,,,,,,,,,,,,,,,,,,,,,,,,,,,,,,,,,,,,,,,,,,,,,,,,,,,,,,,,,,,,,,,,,,,,,,,,,,,,,,,,,,,,,,,,,,,,,,,,,,,,,,,,,,,,,,,,,,,,,,,,,,,,,,,,,,,,,,,,,,,,,,,,,,,,,,,,,,,,,,,,,,,,,,,,,,,,,,,,,,,,,,,,,,,,,,,
840,PE,LT,#1,#1,JET FUEL_1,0.6852544483179267,1.8012461523060475,85.93895404236105,0.1135030737291936,1.0603780880003755,-42.6684260212392,0.5035030796371216,,,,,,,,,,,,,,,,,,,,,,,,,,,,,,,,,,,,,,,,,,,,,,,,,,,,,,,,,,,,,,,,,,,,,,,,,,,,,,,,,,,,,,,,,,,,,,,,,,,,,,,,,,,,,,,,,,,,,,,,,,,,,,,,,,,,,,,,,,,,,,,,,,,,,,,,,,,,,,,,,,,,,,,,,,,,,,,,,,,,,,,,,,,,,,,,,,,,,,,,,,,,,,,,,,,,,,,
841,PE,LT,#1,#2,JET FUEL_1,0.749278865464679,1.9342877922791002,88.22770972236106,0.06388084619776663,0.937088153357767,-44.64723677153369,0.4939544853648401,,,,,,,,,,,,,,,,,,,,,,,,,,,,,,,,,,,,,,,,,,,,,,,,,,,,,,,,,,,,,,,,,,,,,,,,,,,,,,,,,,,,,,,,,,,,,,,,,,,,,,,,,,,,,,,,,,,,,,,,,,,,,,,,,,,,,,,,,,,,,,,,,,,,,,,,,,,,,,,,,,,,,,,,,,,,,,,,,,,,,,,,,,,,,,,,,,,,,,,,,,,,,,,,,,,,,,,
842,PE,LT,#1,#3,JET FUEL_1,0.6724378498773139,1.659681237794016,85.18809967712112,0.12959559641085888,1.2068877647320186,-41.80356270467354,0.5092793140929673,,,,,,,,,,,,,,,,,,,,,,,,,,,,,,,,,,,,,,,,,,,,,,,,,,,,,,,,,,,,,,,,,,,,,,,,,,,,,,,,,,,,,,,,,,,,,,,,,,,,,,,,,,,,,,,,,,,,,,,,,,,,,,,,,,,,,,,,,,,,,,,,,,,,,,,,,,,,,,,,,,,,,,,,,,,,,,,,,,,,,,,,,,,,,,,,,,,,,,,,,,,,,,,,,,,,,,,
843,PE,LT,#1,#4,JET FUEL_1,0.6784255782477447,1.701062754984243,85.29365191436105,0.12114439451808635,1.1298015553218062,-42.22090779440315,0.5049935505540906,,,,,,,,,,,,,,,,,,,,,,,,,,,,,,,,,,,,,,,,,,,,,,,,,,,,,,,,,,,,,,,,,,,,,,,,,,,,,,,,,,,,,,,,,,,,,,,,,,,,,,,,,,,,,,,,,,,,,,,,,,,,,,,,,,,,,,,,,,,,,,,,,,,,,,,,,,,,,,,,,,,,,,,,,,,,,,,,,,,,,,,,,,,,,,,,,,,,,,,,,,,,,,,,,,,,,,,
844,PE,LT,#1,#5,JET FUEL_1,0.7388887676415652,1.9351105373261455,88.51553916236105,0.08043966925565854,0.9518077727511357,-44.57029244536363,0.49646928813696933,,,,,,,,,,,,,,,,,,,,,,,,,,,,,,,,,,,,,,,,,,,,,,,,,,,,,,,,,,,,,,,,,,,,,,,,,,,,,,,,,,,,,,,,,,,,,,,,,,,,,,,,,,,,,,,,,,,,,,,,,,,,,,,,,,,,,,,,,,,,,,,,,,,,,,,,,,,,,,,,,,,,,,,,,,,,,,,,,,,,,,,,,,,,,,,,,,,,,,,,,,,,,,,,,,,,,,,
845,PE,LT,#1,#6,JET FUEL_1,0.6241783073815477,1.4614595453091217,82.40852001838132,0.1730158575957835,1.3856804243520702,-39.25532596855417,0.5236496668087448,,,,,,,,,,,,,,,,,,,,,,,,,,,,,,,,,,,,,,,,,,,,,,,,,,,,,,,,,,,,,,,,,,,,,,,,,,,,,,,,,,,,,,,,,,,,,,,,,,,,,,,,,,,,,,,,,,,,,,,,,,,,,,,,,,,,,,,,,,,,,,,,,,,,,,,,,,,,,,,,,,,,,,,,,,,,,,,,,,,,,,,,,,,,,,,,,,,,,,,,,,,,,,,,,,,,,,,
846,PE,LT,#1,#7,JET FUEL_1,0.667749714440069,1.6891049218547163,85.10287232490226,0.13339400181655878,1.1716431594474432,-41.63072035906584,0.5108188569696005,,,,,,,,,,,,,,,,,,,,,,,,,,,,,,,,,,,,,,,,,,,,,,,,,,,,,,,,,,,,,,,,,,,,,,,,,,,,,,,,,,,,,,,,,,,,,,,,,,,,,,,,,,,,,,,,,,,,,,,,,,,,,,,,,,,,,,,,,,,,,,,,,,,,,,,,,,,,,,,,,,,,,,,,,,,,,,,,,,,,,,,,,,,,,,,,,,,,,,,,,,,,,,,,,,,,,,,
847,PE,LT,#1,#8,JET FUEL_1,0.7108514677182048,1.7915585061670118,86.3143726309343,0.09419943897231732,1.0600286575130315,-42.73500319638165,0.5048912261795689,,,,,,,,,,,,,,,,,,,,,,,,,,,,,,,,,,,,,,,,,,,,,,,,,,,,,,,,,,,,,,,,,,,,,,,,,,,,,,,,,,,,,,,,,,,,,,,,,,,,,,,,,,,,,,,,,,,,,,,,,,,,,,,,,,,,,,,,,,,,,,,,,,,,,,,,,,,,,,,,,,,,,,,,,,,,,,,,,,,,,,,,,,,,,,,,,,,,,,,,,,,,,,,,,,,,,,,
848,PE,LT,#1,#9,JET FUEL_1,0.6622028461387064,1.6293063662747747,84.9152973935231,0.13983750593012004,1.2364605328233202,-41.53658828180406,0.5108468137453375,,,,,,,,,,,,,,,,,,,,,,,,,,,,,,,,,,,,,,,,,,,,,,,,,,,,,,,,,,,,,,,,,,,,,,,,,,,,,,,,,,,,,,,,,,,,,,,,,,,,,,,,,,,,,,,,,,,,,,,,,,,,,,,,,,,,,,,,,,,,,,,,,,,,,,,,,,,,,,,,,,,,,,,,,,,,,,,,,,,,,,,,,,,,,,,,,,,,,,,,,,,,,,,,,,,,,,,
849,PE,LT,#1,#10,JET FUEL_1,0.7295878389431425,1.7836630789664853,86.46414746090227,0.07230387561904165,1.0532878365723324,-43.31511830271043,0.49903954905359077,,,,,,,,,,,,,,,,,,,,,,,,,,,,,,,,,,,,,,,,,,,,,,,,,,,,,,,,,,,,,,,,,,,,,,,,,,,,,,,,,,,,,,,,,,,,,,,,,,,,,,,,,,,,,,,,,,,,,,,,,,,,,,,,,,,,,,,,,,,,,,,,,,,,,,,,,,,,,,,,,,,,,,,,,,,,,,,,,,,,,,,,,,,,,,,,,,,,,,,,,,,,,,,,,,,,,,,
850,PE,LT,#1,#11,JET FUEL_1,0.7387775657290451,1.8425299150969652,86.82529927093428,0.06437341615654518,1.007115484764993,-43.8120495091058,0.49539995972380874,,,,,,,,,,,,,,,,,,,,,,,,,,,,,,,,,,,,,,,,,,,,,,,,,,,,,,,,,,,,,,,,,,,,,,,,,,,,,,,,,,,,,,,,,,,,,,,,,,,,,,,,,,,,,,,,,,,,,,,,,,,,,,,,,,,,,,,,,,,,,,,,,,,,,,,,,,,,,,,,,,,,,,,,,,,,,,,,,,,,,,,,,,,,,,,,,,,,,,,,,,,,,,,,,,,,,,,
851,PE,LT,#2,#1,WAX_1,0.6759492877455128,2.216236056081799,79.73041881292106,0.04228971459446412,1.3102136549141847,-28.831686378841038,0.6383853639789411,,,,,,,,,,,,,,,,,,,,,,,,,,,,,,,,,,,,,,,,,,,,,,,,,,,,,,,,,,,,,,,,,,,,,,,,,,,,,,,,,,,,,,,,,,,,,,,,,,,,,,,,,,,,,,,,,,,,,,,,,,,,,,,,,,,,,,,,,,,,,,,,,,,,,,,,,,,,,,,,,,,,,,,,,,,,,,,,,,,,,,,,,,,,,,,,,,,,,,,,,,,,,,,,,,,,,,,
852,PE,LT,#2,#2,WAX_1,0.7399737048922652,2.349277696054852,76.69080876768113,-0.007332512936962843,1.1869237202715763,-25.482131403895618,0.6677290041224049,,,,,,,,,,,,,,,,,,,,,,,,,,,,,,,,,,,,,,,,,,,,,,,,,,,,,,,,,,,,,,,,,,,,,,,,,,,,,,,,,,,,,,,,,,,,,,,,,,,,,,,,,,,,,,,,,,,,,,,,,,,,,,,,,,,,,,,,,,,,,,,,,,,,,,,,,,,,,,,,,,,,,,,,,,,,,,,,,,,,,,,,,,,,,,,,,,,,,,,,,,,,,,,,,,,,,,,
853,PE,LT,#2,#3,WAX_1,0.6631326893049004,2.074671141569768,76.79636100492105,0.05838223727612914,1.456723331645828,-25.783619619515303,0.6642598779144873,,,,,,,,,,,,,,,,,,,,,,,,,,,,,,,,,,,,,,,,,,,,,,,,,,,,,,,,,,,,,,,,,,,,,,,,,,,,,,,,,,,,,,,,,,,,,,,,,,,,,,,,,,,,,,,,,,,,,,,,,,,,,,,,,,,,,,,,,,,,,,,,,,,,,,,,,,,,,,,,,,,,,,,,,,,,,,,,,,,,,,,,,,,,,,,,,,,,,,,,,,,,,,,,,,,,,,,
854,PE,LT,#2,#4,WAX_1,0.6691204176753314,2.116052658759995,80.01824825292105,0.049931035383356456,1.3796371222356156,-29.317299720004993,0.633617326546076,,,,,,,,,,,,,,,,,,,,,,,,,,,,,,,,,,,,,,,,,,,,,,,,,,,,,,,,,,,,,,,,,,,,,,,,,,,,,,,,,,,,,,,,,,,,,,,,,,,,,,,,,,,,,,,,,,,,,,,,,,,,,,,,,,,,,,,,,,,,,,,,,,,,,,,,,,,,,,,,,,,,,,,,,,,,,,,,,,,,,,,,,,,,,,,,,,,,,,,,,,,,,,,,,,,,,,,
855,PE,LT,#2,#5,WAX_1,0.7295836070691514,2.350100441101897,73.91122910894133,0.00922631012092893,1.201643339664945,-22.33777797898573,0.6977755850053448,,,,,,,,,,,,,,,,,,,,,,,,,,,,,,,,,,,,,,,,,,,,,,,,,,,,,,,,,,,,,,,,,,,,,,,,,,,,,,,,,,,,,,,,,,,,,,,,,,,,,,,,,,,,,,,,,,,,,,,,,,,,,,,,,,,,,,,,,,,,,,,,,,,,,,,,,,,,,,,,,,,,,,,,,,,,,,,,,,,,,,,,,,,,,,,,,,,,,,,,,,,,,,,,,,,,,,,
856,PE,LT,#2,#6,WAX_1,0.6148731468091343,1.876449449084873,76.60558141546228,0.10180249846105369,1.6355159912658797,-25.824182952676953,0.6628942372668354,,,,,,,,,,,,,,,,,,,,,,,,,,,,,,,,,,,,,,,,,,,,,,,,,,,,,,,,,,,,,,,,,,,,,,,,,,,,,,,,,,,,,,,,,,,,,,,,,,,,,,,,,,,,,,,,,,,,,,,,,,,,,,,,,,,,,,,,,,,,,,,,,,,,,,,,,,,,,,,,,,,,,,,,,,,,,,,,,,,,,,,,,,,,,,,,,,,,,,,,,,,,,,,,,,,,,,,
857,PE,LT,#2,#7,WAX_1,0.6584445538676554,2.1040948256304675,77.81708172149429,0.062180642681829136,1.421478726361253,-26.71672534269968,0.6566727413613597,,,,,,,,,,,,,,,,,,,,,,,,,,,,,,,,,,,,,,,,,,,,,,,,,,,,,,,,,,,,,,,,,,,,,,,,,,,,,,,,,,,,,,,,,,,,,,,,,,,,,,,,,,,,,,,,,,,,,,,,,,,,,,,,,,,,,,,,,,,,,,,,,,,,,,,,,,,,,,,,,,,,,,,,,,,,,,,,,,,,,,,,,,,,,,,,,,,,,,,,,,,,,,,,,,,,,,,
858,PE,LT,#2,#8,WAX_1,0.7015463071457912,2.2065484099427635,76.41800648408311,0.022986079837587707,1.3098642244268413,-25.21043263657229,0.670098268765709,,,,,,,,,,,,,,,,,,,,,,,,,,,,,,,,,,,,,,,,,,,,,,,,,,,,,,,,,,,,,,,,,,,,,,,,,,,,,,,,,,,,,,,,,,,,,,,,,,,,,,,,,,,,,,,,,,,,,,,,,,,,,,,,,,,,,,,,,,,,,,,,,,,,,,,,,,,,,,,,,,,,,,,,,,,,,,,,,,,,,,,,,,,,,,,,,,,,,,,,,,,,,,,,,,,,,,,
859,PE,LT,#2,#9,WAX_1,0.652897685566293,2.044296270050526,77.96685655146227,0.06862414679539029,1.4862960997371302,-26.95994302678506,0.6542127742576096,,,,,,,,,,,,,,,,,,,,,,,,,,,,,,,,,,,,,,,,,,,,,,,,,,,,,,,,,,,,,,,,,,,,,,,,,,,,,,,,,,,,,,,,,,,,,,,,,,,,,,,,,,,,,,,,,,,,,,,,,,,,,,,,,,,,,,,,,,,,,,,,,,,,,,,,,,,,,,,,,,,,,,,,,,,,,,,,,,,,,,,,,,,,,,,,,,,,,,,,,,,,,,,,,,,,,,,
860,PE,LT,#2,#10,WAX_1,0.7202826783707288,2.198652982742236,78.32800836149428,0.0010905164843120474,1.3031234034861425,-27.550774790344256,0.648264070966879,,,,,,,,,,,,,,,,,,,,,,,,,,,,,,,,,,,,,,,,,,,,,,,,,,,,,,,,,,,,,,,,,,,,,,,,,,,,,,,,,,,,,,,,,,,,,,,,,,,,,,,,,,,,,,,,,,,,,,,,,,,,,,,,,,,,,,,,,,,,,,,,,,,,,,,,,,,,,,,,,,,,,,,,,,,,,,,,,,,,,,,,,,,,,,,,,,,,,,,,,,,,,,,,,,,,,,,
861,PE,LT,#2,#11,WAX_1,0.7294724051566315,2.2575198188727166,73.57616413056006,-0.006839942978184581,1.2569510516788027,-22.9347099557734,0.6882861423017919,,,,,,,,,,,,,,,,,,,,,,,,,,,,,,,,,,,,,,,,,,,,,,,,,,,,,,,,,,,,,,,,,,,,,,,,,,,,,,,,,,,,,,,,,,,,,,,,,,,,,,,,,,,,,,,,,,,,,,,,,,,,,,,,,,,,,,,,,,,,,,,,,,,,,,,,,,,,,,,,,,,,,,,,,,,,,,,,,,,,,,,,,,,,,,,,,,,,,,,,,,,,,,,,,,,,,,,
862,PE,LT,#3,#1,WAX_1,0.8998742165107506,3.0204727760681274,84.46774863525168,-0.13838541453000547,0.4543982969710648,-32.79360780698569,0.6117617867549077,,,,,,,,,,,,,,,,,,,,,,,,,,,,,,,,,,,,,,,,,,,,,,,,,,,,,,,,,,,,,,,,,,,,,,,,,,,,,,,,,,,,,,,,,,,,,,,,,,,,,,,,,,,,,,,,,,,,,,,,,,,,,,,,,,,,,,,,,,,,,,,,,,,,,,,,,,,,,,,,,,,,,,,,,,,,,,,,,,,,,,,,,,,,,,,,,,,,,,,,,,,,,,,,,,,,,,,
863,PE,LT,#3,#2,WAX_1,0.9638986336575046,3.153514416041179,86.75650431525168,-0.18800764206143383,0.3311083623284569,-34.772418557280204,0.5991952553675303,,,,,,,,,,,,,,,,,,,,,,,,,,,,,,,,,,,,,,,,,,,,,,,,,,,,,,,,,,,,,,,,,,,,,,,,,,,,,,,,,,,,,,,,,,,,,,,,,,,,,,,,,,,,,,,,,,,,,,,,,,,,,,,,,,,,,,,,,,,,,,,,,,,,,,,,,,,,,,,,,,,,,,,,,,,,,,,,,,,,,,,,,,,,,,,,,,,,,,,,,,,,,,,,,,,,,,,
864,PE,LT,#3,#3,WAX_1,0.887057618070138,2.8789078615560957,83.71689427001175,-0.1222928918483403,0.6009079737027082,-31.928744490420037,0.6186104994836479,,,,,,,,,,,,,,,,,,,,,,,,,,,,,,,,,,,,,,,,,,,,,,,,,,,,,,,,,,,,,,,,,,,,,,,,,,,,,,,,,,,,,,,,,,,,,,,,,,,,,,,,,,,,,,,,,,,,,,,,,,,,,,,,,,,,,,,,,,,,,,,,,,,,,,,,,,,,,,,,,,,,,,,,,,,,,,,,,,,,,,,,,,,,,,,,,,,,,,,,,,,,,,,,,,,,,,,
865,PE,LT,#3,#4,WAX_1,0.8930453464405705,2.920289378746322,83.82244650725167,-0.13074409374111454,0.5238217642924958,-32.34608958014965,0.6141118408259377,,,,,,,,,,,,,,,,,,,,,,,,,,,,,,,,,,,,,,,,,,,,,,,,,,,,,,,,,,,,,,,,,,,,,,,,,,,,,,,,,,,,,,,,,,,,,,,,,,,,,,,,,,,,,,,,,,,,,,,,,,,,,,,,,,,,,,,,,,,,,,,,,,,,,,,,,,,,,,,,,,,,,,,,,,,,,,,,,,,,,,,,,,,,,,,,,,,,,,,,,,,,,,,,,,,,,,,
866,PE,LT,#3,#5,WAX_1,0.9535085358343908,3.1543371610882245,87.04433375525167,-0.17144881900354206,0.34582798172182533,-34.69547423111012,0.601404563234803,,,,,,,,,,,,,,,,,,,,,,,,,,,,,,,,,,,,,,,,,,,,,,,,,,,,,,,,,,,,,,,,,,,,,,,,,,,,,,,,,,,,,,,,,,,,,,,,,,,,,,,,,,,,,,,,,,,,,,,,,,,,,,,,,,,,,,,,,,,,,,,,,,,,,,,,,,,,,,,,,,,,,,,,,,,,,,,,,,,,,,,,,,,,,,,,,,,,,,,,,,,,,,,,,,,,,,,
867,PE,LT,#3,#6,WAX_1,0.8387980755743719,2.6806861690712007,80.93731461127194,-0.07887263066341575,0.7797006333227599,-29.380507754300677,0.6369967561265132,,,,,,,,,,,,,,,,,,,,,,,,,,,,,,,,,,,,,,,,,,,,,,,,,,,,,,,,,,,,,,,,,,,,,,,,,,,,,,,,,,,,,,,,,,,,,,,,,,,,,,,,,,,,,,,,,,,,,,,,,,,,,,,,,,,,,,,,,,,,,,,,,,,,,,,,,,,,,,,,,,,,,,,,,,,,,,,,,,,,,,,,,,,,,,,,,,,,,,,,,,,,,,,,,,,,,,,
868,PE,LT,#3,#7,WAX_1,0.8823694826328948,2.908331545616795,83.6316669177929,-0.118494486442642,0.5656633684181336,-31.755902144812335,0.6202885424246378,,,,,,,,,,,,,,,,,,,,,,,,,,,,,,,,,,,,,,,,,,,,,,,,,,,,,,,,,,,,,,,,,,,,,,,,,,,,,,,,,,,,,,,,,,,,,,,,,,,,,,,,,,,,,,,,,,,,,,,,,,,,,,,,,,,,,,,,,,,,,,,,,,,,,,,,,,,,,,,,,,,,,,,,,,,,,,,,,,,,,,,,,,,,,,,,,,,,,,,,,,,,,,,,,,,,,,,
869,PE,LT,#3,#8,WAX_1,0.9254712359110306,3.0107851299290918,84.84316722382489,-0.1576890492868833,0.45404886648372056,-32.860184982128125,0.612694975242501,,,,,,,,,,,,,,,,,,,,,,,,,,,,,,,,,,,,,,,,,,,,,,,,,,,,,,,,,,,,,,,,,,,,,,,,,,,,,,,,,,,,,,,,,,,,,,,,,,,,,,,,,,,,,,,,,,,,,,,,,,,,,,,,,,,,,,,,,,,,,,,,,,,,,,,,,,,,,,,,,,,,,,,,,,,,,,,,,,,,,,,,,,,,,,,,,,,,,,,,,,,,,,,,,,,,,,,
870,PE,LT,#3,#9,WAX_1,0.8768226143315321,2.8485329900368543,83.44409198641372,-0.11205098232908071,0.6304807417940095,-31.66177006755055,0.6205630702685855,,,,,,,,,,,,,,,,,,,,,,,,,,,,,,,,,,,,,,,,,,,,,,,,,,,,,,,,,,,,,,,,,,,,,,,,,,,,,,,,,,,,,,,,,,,,,,,,,,,,,,,,,,,,,,,,,,,,,,,,,,,,,,,,,,,,,,,,,,,,,,,,,,,,,,,,,,,,,,,,,,,,,,,,,,,,,,,,,,,,,,,,,,,,,,,,,,,,,,,,,,,,,,,,,,,,,,,
871,PE,LT,#3,#10,WAX_1,0.944207607135968,3.002889702728564,84.9929420537929,-0.1795846126401588,0.44730804554302245,-33.44030008845693,0.606552035023188,,,,,,,,,,,,,,,,,,,,,,,,,,,,,,,,,,,,,,,,,,,,,,,,,,,,,,,,,,,,,,,,,,,,,,,,,,,,,,,,,,,,,,,,,,,,,,,,,,,,,,,,,,,,,,,,,,,,,,,,,,,,,,,,,,,,,,,,,,,,,,,,,,,,,,,,,,,,,,,,,,,,,,,,,,,,,,,,,,,,,,,,,,,,,,,,,,,,,,,,,,,,,,,,,,,,,,,
872,PE,LT,#3,#11,WAX_1,0.9533973339218709,3.0617565388590444,85.3540938638249,-0.18751507210265544,0.401135693735683,-33.93723129485229,0.6023948031245435,,,,,,,,,,,,,,,,,,,,,,,,,,,,,,,,,,,,,,,,,,,,,,,,,,,,,,,,,,,,,,,,,,,,,,,,,,,,,,,,,,,,,,,,,,,,,,,,,,,,,,,,,,,,,,,,,,,,,,,,,,,,,,,,,,,,,,,,,,,,,,,,,,,,,,,,,,,,,,,,,,,,,,,,,,,,,,,,,,,,,,,,,,,,,,,,,,,,,,,,,,,,,,,,,,,,,,,
873,PE,LT,#4,#1,WAX_1,0.9558070865799903,3.278728990372498,86.94961102128369,-0.17022443542252533,0.2578853411429909,-36.39719194117785,0.5813990250943333,,,,,,,,,,,,,,,,,,,,,,,,,,,,,,,,,,,,,,,,,,,,,,,,,,,,,,,,,,,,,,,,,,,,,,,,,,,,,,,,,,,,,,,,,,,,,,,,,,,,,,,,,,,,,,,,,,,,,,,,,,,,,,,,,,,,,,,,,,,,,,,,,,,,,,,,,,,,,,,,,,,,,,,,,,,,,,,,,,,,,,,,,,,,,,,,,,,,,,,,,,,,,,,,,,,,,,,
874,PE,LT,#4,#2,WAX_1,1.0198315037267425,3.41177063034555,89.23836670128368,-0.21984666295395228,0.1345954065003827,-38.37600269147235,0.569960723060608,,,,,,,,,,,,,,,,,,,,,,,,,,,,,,,,,,,,,,,,,,,,,,,,,,,,,,,,,,,,,,,,,,,,,,,,,,,,,,,,,,,,,,,,,,,,,,,,,,,,,,,,,,,,,,,,,,,,,,,,,,,,,,,,,,,,,,,,,,,,,,,,,,,,,,,,,,,,,,,,,,,,,,,,,,,,,,,,,,,,,,,,,,,,,,,,,,,,,,,,,,,,,,,,,,,,,,,
875,PE,LT,#4,#3,WAX_1,0.9429904881393777,3.137164075860467,86.19875665604376,-0.15413191274086016,0.40439501787463367,-35.53232862461219,0.5877860655647766,,,,,,,,,,,,,,,,,,,,,,,,,,,,,,,,,,,,,,,,,,,,,,,,,,,,,,,,,,,,,,,,,,,,,,,,,,,,,,,,,,,,,,,,,,,,,,,,,,,,,,,,,,,,,,,,,,,,,,,,,,,,,,,,,,,,,,,,,,,,,,,,,,,,,,,,,,,,,,,,,,,,,,,,,,,,,,,,,,,,,,,,,,,,,,,,,,,,,,,,,,,,,,,,,,,,,,,
876,PE,LT,#4,#4,WAX_1,0.9489782165098101,3.178545593050694,86.30430889328368,-0.16258311463363426,0.32730880846442134,-35.949673714341806,0.5834544743438708,,,,,,,,,,,,,,,,,,,,,,,,,,,,,,,,,,,,,,,,,,,,,,,,,,,,,,,,,,,,,,,,,,,,,,,,,,,,,,,,,,,,,,,,,,,,,,,,,,,,,,,,,,,,,,,,,,,,,,,,,,,,,,,,,,,,,,,,,,,,,,,,,,,,,,,,,,,,,,,,,,,,,,,,,,,,,,,,,,,,,,,,,,,,,,,,,,,,,,,,,,,,,,,,,,,,,,,
877,PE,LT,#4,#5,WAX_1,1.0094414059036303,3.4125933753925954,89.52619614128368,-0.20328783989606194,0.14931502589375167,-38.29905836530227,0.5722027739806849,,,,,,,,,,,,,,,,,,,,,,,,,,,,,,,,,,,,,,,,,,,,,,,,,,,,,,,,,,,,,,,,,,,,,,,,,,,,,,,,,,,,,,,,,,,,,,,,,,,,,,,,,,,,,,,,,,,,,,,,,,,,,,,,,,,,,,,,,,,,,,,,,,,,,,,,,,,,,,,,,,,,,,,,,,,,,,,,,,,,,,,,,,,,,,,,,,,,,,,,,,,,,,,,,,,,,,,
878,PE,LT,#4,#6,WAX_1,0.8947309456436114,2.938942383375572,83.41917699730394,-0.11071165155593549,0.5831876774946859,-32.984091888492806,0.6045982101986114,,,,,,,,,,,,,,,,,,,,,,,,,,,,,,,,,,,,,,,,,,,,,,,,,,,,,,,,,,,,,,,,,,,,,,,,,,,,,,,,,,,,,,,,,,,,,,,,,,,,,,,,,,,,,,,,,,,,,,,,,,,,,,,,,,,,,,,,,,,,,,,,,,,,,,,,,,,,,,,,,,,,,,,,,,,,,,,,,,,,,,,,,,,,,,,,,,,,,,,,,,,,,,,,,,,,,,,
879,PE,LT,#4,#7,WAX_1,0.9383023527021329,3.1665877599211667,86.1135293038249,-0.15033350733516046,0.36915041259005843,-35.3594862790045,0.5893852387091288,,,,,,,,,,,,,,,,,,,,,,,,,,,,,,,,,,,,,,,,,,,,,,,,,,,,,,,,,,,,,,,,,,,,,,,,,,,,,,,,,,,,,,,,,,,,,,,,,,,,,,,,,,,,,,,,,,,,,,,,,,,,,,,,,,,,,,,,,,,,,,,,,,,,,,,,,,,,,,,,,,,,,,,,,,,,,,,,,,,,,,,,,,,,,,,,,,,,,,,,,,,,,,,,,,,,,,,
880,PE,LT,#4,#8,WAX_1,0.9814041059802704,3.2690413442334627,87.32502960985691,-0.18952807017940343,0.2575359106556466,-36.46376911632028,0.5824362238497954,,,,,,,,,,,,,,,,,,,,,,,,,,,,,,,,,,,,,,,,,,,,,,,,,,,,,,,,,,,,,,,,,,,,,,,,,,,,,,,,,,,,,,,,,,,,,,,,,,,,,,,,,,,,,,,,,,,,,,,,,,,,,,,,,,,,,,,,,,,,,,,,,,,,,,,,,,,,,,,,,,,,,,,,,,,,,,,,,,,,,,,,,,,,,,,,,,,,,,,,,,,,,,,,,,,,,,,
881,PE,LT,#4,#9,WAX_1,0.9327554844007702,3.106789204341225,85.92595437244572,-0.143890003221599,0.4339677859659359,-35.26535420174269,0.5895843757651483,,,,,,,,,,,,,,,,,,,,,,,,,,,,,,,,,,,,,,,,,,,,,,,,,,,,,,,,,,,,,,,,,,,,,,,,,,,,,,,,,,,,,,,,,,,,,,,,,,,,,,,,,,,,,,,,,,,,,,,,,,,,,,,,,,,,,,,,,,,,,,,,,,,,,,,,,,,,,,,,,,,,,,,,,,,,,,,,,,,,,,,,,,,,,,,,,,,,,,,,,,,,,,,,,,,,,,,
882,PE,LT,#4,#10,WAX_1,1.0001404772052078,3.2611459170329358,87.47480443982488,-0.21142363353267896,0.25079508971494824,-37.04388422264906,0.576519382239579,,,,,,,,,,,,,,,,,,,,,,,,,,,,,,,,,,,,,,,,,,,,,,,,,,,,,,,,,,,,,,,,,,,,,,,,,,,,,,,,,,,,,,,,,,,,,,,,,,,,,,,,,,,,,,,,,,,,,,,,,,,,,,,,,,,,,,,,,,,,,,,,,,,,,,,,,,,,,,,,,,,,,,,,,,,,,,,,,,,,,,,,,,,,,,,,,,,,,,,,,,,,,,,,,,,,,,,
883,PE,LT,#4,#11,WAX_1,1.0093302039911105,3.320012753163417,87.83595624985688,-0.21935409299517547,0.20462273790760727,-37.54081542904442,0.5726030997800449,,,,,,,,,,,,,,,,,,,,,,,,,,,,,,,,,,,,,,,,,,,,,,,,,,,,,,,,,,,,,,,,,,,,,,,,,,,,,,,,,,,,,,,,,,,,,,,,,,,,,,,,,,,,,,,,,,,,,,,,,,,,,,,,,,,,,,,,,,,,,,,,,,,,,,,,,,,,,,,,,,,,,,,,,,,,,,,,,,,,,,,,,,,,,,,,,,,,,,,,,,,,,,,,,,,,,,,
884,PE,LT,#5,#1,WAX_1,0.9116575043191609,2.9019592393699356,83.84372528003392,-0.15648491965210454,0.7701497339357063,-30.785683891289743,0.6328206578552291,,,,,,,,,,,,,,,,,,,,,,,,,,,,,,,,,,,,,,,,,,,,,,,,,,,,,,,,,,,,,,,,,,,,,,,,,,,,,,,,,,,,,,,,,,,,,,,,,,,,,,,,,,,,,,,,,,,,,,,,,,,,,,,,,,,,,,,,,,,,,,,,,,,,,,,,,,,,,,,,,,,,,,,,,,,,,,,,,,,,,,,,,,,,,,,,,,,,,,,,,,,,,,,,,,,,,,,
885,PE,LT,#5,#2,WAX_1,0.9756819214659135,3.035000879342989,86.13248096003392,-0.2061071471835318,0.646859799293097,-32.764494641584236,0.6196034959588916,,,,,,,,,,,,,,,,,,,,,,,,,,,,,,,,,,,,,,,,,,,,,,,,,,,,,,,,,,,,,,,,,,,,,,,,,,,,,,,,,,,,,,,,,,,,,,,,,,,,,,,,,,,,,,,,,,,,,,,,,,,,,,,,,,,,,,,,,,,,,,,,,,,,,,,,,,,,,,,,,,,,,,,,,,,,,,,,,,,,,,,,,,,,,,,,,,,,,,,,,,,,,,,,,,,,,,,
886,PE,LT,#5,#3,WAX_1,0.8988409058785485,2.760394324857903,83.09287091479398,-0.14039239697043954,0.91665941066735,-29.92082057472407,0.6399110989268163,,,,,,,,,,,,,,,,,,,,,,,,,,,,,,,,,,,,,,,,,,,,,,,,,,,,,,,,,,,,,,,,,,,,,,,,,,,,,,,,,,,,,,,,,,,,,,,,,,,,,,,,,,,,,,,,,,,,,,,,,,,,,,,,,,,,,,,,,,,,,,,,,,,,,,,,,,,,,,,,,,,,,,,,,,,,,,,,,,,,,,,,,,,,,,,,,,,,,,,,,,,,,,,,,,,,,,,
887,PE,LT,#5,#4,WAX_1,0.9048286342489807,2.8017758420481305,83.1984231520339,-0.14884359886321363,0.8395732012571374,-30.338165664453683,0.6353516747665424,,,,,,,,,,,,,,,,,,,,,,,,,,,,,,,,,,,,,,,,,,,,,,,,,,,,,,,,,,,,,,,,,,,,,,,,,,,,,,,,,,,,,,,,,,,,,,,,,,,,,,,,,,,,,,,,,,,,,,,,,,,,,,,,,,,,,,,,,,,,,,,,,,,,,,,,,,,,,,,,,,,,,,,,,,,,,,,,,,,,,,,,,,,,,,,,,,,,,,,,,,,,,,,,,,,,,,,
888,PE,LT,#5,#5,WAX_1,0.9652918236428011,3.035823624390034,86.42031040003391,-0.1895483241256413,0.661579418686466,-32.68755031541416,0.6217607855826294,,,,,,,,,,,,,,,,,,,,,,,,,,,,,,,,,,,,,,,,,,,,,,,,,,,,,,,,,,,,,,,,,,,,,,,,,,,,,,,,,,,,,,,,,,,,,,,,,,,,,,,,,,,,,,,,,,,,,,,,,,,,,,,,,,,,,,,,,,,,,,,,,,,,,,,,,,,,,,,,,,,,,,,,,,,,,,,,,,,,,,,,,,,,,,,,,,,,,,,,,,,,,,,,,,,,,,,
889,PE,LT,#5,#6,WAX_1,0.8505813633827822,2.5621726323730103,80.31329125605416,-0.09697213578551497,1.0954520702874002,-27.37258383860468,0.6591774112290376,,,,,,,,,,,,,,,,,,,,,,,,,,,,,,,,,,,,,,,,,,,,,,,,,,,,,,,,,,,,,,,,,,,,,,,,,,,,,,,,,,,,,,,,,,,,,,,,,,,,,,,,,,,,,,,,,,,,,,,,,,,,,,,,,,,,,,,,,,,,,,,,,,,,,,,,,,,,,,,,,,,,,,,,,,,,,,,,,,,,,,,,,,,,,,,,,,,,,,,,,,,,,,,,,,,,,,,
890,PE,LT,#5,#7,WAX_1,0.8941527704413036,2.7898180089186044,83.00764356257513,-0.13659399156473967,0.8814148053827738,-29.74797822911636,0.6416236270254929,,,,,,,,,,,,,,,,,,,,,,,,,,,,,,,,,,,,,,,,,,,,,,,,,,,,,,,,,,,,,,,,,,,,,,,,,,,,,,,,,,,,,,,,,,,,,,,,,,,,,,,,,,,,,,,,,,,,,,,,,,,,,,,,,,,,,,,,,,,,,,,,,,,,,,,,,,,,,,,,,,,,,,,,,,,,,,,,,,,,,,,,,,,,,,,,,,,,,,,,,,,,,,,,,,,,,,,
891,PE,LT,#5,#8,WAX_1,0.9372545237194408,2.8922715932308996,84.2191438686071,-0.17578855440898267,0.7698003034483627,-30.85226106643214,0.6336668879635525,,,,,,,,,,,,,,,,,,,,,,,,,,,,,,,,,,,,,,,,,,,,,,,,,,,,,,,,,,,,,,,,,,,,,,,,,,,,,,,,,,,,,,,,,,,,,,,,,,,,,,,,,,,,,,,,,,,,,,,,,,,,,,,,,,,,,,,,,,,,,,,,,,,,,,,,,,,,,,,,,,,,,,,,,,,,,,,,,,,,,,,,,,,,,,,,,,,,,,,,,,,,,,,,,,,,,,,
892,PE,LT,#5,#9,WAX_1,0.8886059021399426,2.730019453338663,82.82006863119595,-0.1301504874511801,0.9462321787586507,-29.653846151854562,0.6419485440913435,,,,,,,,,,,,,,,,,,,,,,,,,,,,,,,,,,,,,,,,,,,,,,,,,,,,,,,,,,,,,,,,,,,,,,,,,,,,,,,,,,,,,,,,,,,,,,,,,,,,,,,,,,,,,,,,,,,,,,,,,,,,,,,,,,,,,,,,,,,,,,,,,,,,,,,,,,,,,,,,,,,,,,,,,,,,,,,,,,,,,,,,,,,,,,,,,,,,,,,,,,,,,,,,,,,,,,,
893,PE,LT,#5,#10,WAX_1,0.9559908949443783,2.884376166030373,84.3689186985751,-0.19768411776225817,0.7630594825076634,-31.43237617276093,0.6274412821970683,,,,,,,,,,,,,,,,,,,,,,,,,,,,,,,,,,,,,,,,,,,,,,,,,,,,,,,,,,,,,,,,,,,,,,,,,,,,,,,,,,,,,,,,,,,,,,,,,,,,,,,,,,,,,,,,,,,,,,,,,,,,,,,,,,,,,,,,,,,,,,,,,,,,,,,,,,,,,,,,,,,,,,,,,,,,,,,,,,,,,,,,,,,,,,,,,,,,,,,,,,,,,,,,,,,,,,,
894,PE,LT,#5,#11,WAX_1,0.965180621730281,2.9432430021608535,84.73007050860713,-0.20561457722475465,0.7168871307003233,-31.929307379156313,0.623164395031244,,,,,,,,,,,,,,,,,,,,,,,,,,,,,,,,,,,,,,,,,,,,,,,,,,,,,,,,,,,,,,,,,,,,,,,,,,,,,,,,,,,,,,,,,,,,,,,,,,,,,,,,,,,,,,,,,,,,,,,,,,,,,,,,,,,,,,,,,,,,,,,,,,,,,,,,,,,,,,,,,,,,,,,,,,,,,,,,,,,,,,,,,,,,,,,,,,,,,,,,,,,,,,,,,,,,,,,
895,PE,LT,#6,#1,WAX_1,1.0252001483489446,3.974185561262939,96.26009215525167,-0.25972896504751675,-0.5833481991561773,-45.25084698676381,0.5299106205530985,,,,,,,,,,,,,,,,,,,,,,,,,,,,,,,,,,,,,,,,,,,,,,,,,,,,,,,,,,,,,,,,,,,,,,,,,,,,,,,,,,,,,,,,,,,,,,,,,,,,,,,,,,,,,,,,,,,,,,,,,,,,,,,,,,,,,,,,,,,,,,,,,,,,,,,,,,,,,,,,,,,,,,,,,,,,,,,,,,,,,,,,,,,,,,,,,,,,,,,,,,,,,,,,,,,,,,,
896,PE,LT,#6,#2,WAX_1,1.089224565495697,4.107227201235991,98.54884783525168,-0.3093511925789437,-0.7066381337987855,-47.229657737058304,0.5207487578544383,,,,,,,,,,,,,,,,,,,,,,,,,,,,,,,,,,,,,,,,,,,,,,,,,,,,,,,,,,,,,,,,,,,,,,,,,,,,,,,,,,,,,,,,,,,,,,,,,,,,,,,,,,,,,,,,,,,,,,,,,,,,,,,,,,,,,,,,,,,,,,,,,,,,,,,,,,,,,,,,,,,,,,,,,,,,,,,,,,,,,,,,,,,,,,,,,,,,,,,,,,,,,,,,,,,,,,,
897,PE,LT,#6,#3,WAX_1,1.012383549908332,3.8326206467509083,95.50923779001175,-0.24363644236585175,-0.43683852242453547,-44.385983670198165,0.53527025555595,,,,,,,,,,,,,,,,,,,,,,,,,,,,,,,,,,,,,,,,,,,,,,,,,,,,,,,,,,,,,,,,,,,,,,,,,,,,,,,,,,,,,,,,,,,,,,,,,,,,,,,,,,,,,,,,,,,,,,,,,,,,,,,,,,,,,,,,,,,,,,,,,,,,,,,,,,,,,,,,,,,,,,,,,,,,,,,,,,,,,,,,,,,,,,,,,,,,,,,,,,,,,,,,,,,,,,,
898,PE,LT,#6,#4,WAX_1,1.0183712782787644,3.874002163941135,95.61479002725166,-0.2520876442586257,-0.5139247318347469,-44.803328759927766,0.5314184265095584,,,,,,,,,,,,,,,,,,,,,,,,,,,,,,,,,,,,,,,,,,,,,,,,,,,,,,,,,,,,,,,,,,,,,,,,,,,,,,,,,,,,,,,,,,,,,,,,,,,,,,,,,,,,,,,,,,,,,,,,,,,,,,,,,,,,,,,,,,,,,,,,,,,,,,,,,,,,,,,,,,,,,,,,,,,,,,,,,,,,,,,,,,,,,,,,,,,,,,,,,,,,,,,,,,,,,,,
899,PE,LT,#6,#5,WAX_1,1.0788344676725845,4.108049946283036,98.83667727525167,-0.2927923695210532,-0.6919185144054165,-47.15271341088824,0.5229229198026156,,,,,,,,,,,,,,,,,,,,,,,,,,,,,,,,,,,,,,,,,,,,,,,,,,,,,,,,,,,,,,,,,,,,,,,,,,,,,,,,,,,,,,,,,,,,,,,,,,,,,,,,,,,,,,,,,,,,,,,,,,,,,,,,,,,,,,,,,,,,,,,,,,,,,,,,,,,,,,,,,,,,,,,,,,,,,,,,,,,,,,,,,,,,,,,,,,,,,,,,,,,,,,,,,,,,,,,
900,PE,LT,#6,#6,WAX_1,0.9641240074125658,3.6343989542660133,92.72965813127193,-0.20021618118092704,-0.25804586280448316,-41.83774693407879,0.5488202180703444,,,,,,,,,,,,,,,,,,,,,,,,,,,,,,,,,,,,,,,,,,,,,,,,,,,,,,,,,,,,,,,,,,,,,,,,,,,,,,,,,,,,,,,,,,,,,,,,,,,,,,,,,,,,,,,,,,,,,,,,,,,,,,,,,,,,,,,,,,,,,,,,,,,,,,,,,,,,,,,,,,,,,,,,,,,,,,,,,,,,,,,,,,,,,,,,,,,,,,,,,,,,,,,,,,,,,,,
901,PE,LT,#6,#7,WAX_1,1.0076954144710872,3.862044330811607,95.42401043779289,-0.23983803696015188,-0.4720831277091092,-44.21314132459045,0.5366664938756364,,,,,,,,,,,,,,,,,,,,,,,,,,,,,,,,,,,,,,,,,,,,,,,,,,,,,,,,,,,,,,,,,,,,,,,,,,,,,,,,,,,,,,,,,,,,,,,,,,,,,,,,,,,,,,,,,,,,,,,,,,,,,,,,,,,,,,,,,,,,,,,,,,,,,,,,,,,,,,,,,,,,,,,,,,,,,,,,,,,,,,,,,,,,,,,,,,,,,,,,,,,,,,,,,,,,,,,
902,PE,LT,#6,#8,WAX_1,1.0507971677492245,3.964497915123903,96.6355107438249,-0.2790325998043947,-0.583697629643521,-45.317424161906246,0.5310479158946022,,,,,,,,,,,,,,,,,,,,,,,,,,,,,,,,,,,,,,,,,,,,,,,,,,,,,,,,,,,,,,,,,,,,,,,,,,,,,,,,,,,,,,,,,,,,,,,,,,,,,,,,,,,,,,,,,,,,,,,,,,,,,,,,,,,,,,,,,,,,,,,,,,,,,,,,,,,,,,,,,,,,,,,,,,,,,,,,,,,,,,,,,,,,,,,,,,,,,,,,,,,,,,,,,,,,,,,
903,PE,LT,#6,#9,WAX_1,1.0021485461697257,3.802245775231665,95.23643550641371,-0.23339453284659184,-0.40726575433323176,-44.119009247328655,0.5367423296270107,,,,,,,,,,,,,,,,,,,,,,,,,,,,,,,,,,,,,,,,,,,,,,,,,,,,,,,,,,,,,,,,,,,,,,,,,,,,,,,,,,,,,,,,,,,,,,,,,,,,,,,,,,,,,,,,,,,,,,,,,,,,,,,,,,,,,,,,,,,,,,,,,,,,,,,,,,,,,,,,,,,,,,,,,,,,,,,,,,,,,,,,,,,,,,,,,,,,,,,,,,,,,,,,,,,,,,,
904,PE,LT,#6,#10,WAX_1,1.069533538974162,3.956602487923375,96.78528557379288,-0.3009281631576705,-0.5904384505842194,-45.89753926823503,0.525779781542919,,,,,,,,,,,,,,,,,,,,,,,,,,,,,,,,,,,,,,,,,,,,,,,,,,,,,,,,,,,,,,,,,,,,,,,,,,,,,,,,,,,,,,,,,,,,,,,,,,,,,,,,,,,,,,,,,,,,,,,,,,,,,,,,,,,,,,,,,,,,,,,,,,,,,,,,,,,,,,,,,,,,,,,,,,,,,,,,,,,,,,,,,,,,,,,,,,,,,,,,,,,,,,,,,,,,,,,
905,PE,LT,#6,#11,WAX_1,1.0787232657600647,4.015469324053856,97.14643738382489,-0.3088586226201669,-0.6366108023915592,-46.394470474630396,0.5224274638983809,,,,,,,,,,,,,,,,,,,,,,,,,,,,,,,,,,,,,,,,,,,,,,,,,,,,,,,,,,,,,,,,,,,,,,,,,,,,,,,,,,,,,,,,,,,,,,,,,,,,,,,,,,,,,,,,,,,,,,,,,,,,,,,,,,,,,,,,,,,,,,,,,,,,,,,,,,,,,,,,,,,,,,,,,,,,,,,,,,,,,,,,,,,,,,,,,,,,,,,,,,,,,,,,,,,,,,,
906,PE,LT,#7,#1,WAX_1,1.0869348376455192,4.439165718365324,98.8163094212837,-0.3003107216039369,-0.9065622511547938,-48.37730906306624,0.5104319383471487,,,,,,,,,,,,,,,,,,,,,,,,,,,,,,,,,,,,,,,,,,,,,,,,,,,,,,,,,,,,,,,,,,,,,,,,,,,,,,,,,,,,,,,,,,,,,,,,,,,,,,,,,,,,,,,,,,,,,,,,,,,,,,,,,,,,,,,,,,,,,,,,,,,,,,,,,,,,,,,,,,,,,,,,,,,,,,,,,,,,,,,,,,,,,,,,,,,,,,,,,,,,,,,,,,,,,,,
907,PE,LT,#7,#2,WAX_1,1.1509592547922718,4.5722073583383755,101.10506510128369,-0.34993294913536416,-1.029852185797402,-50.35611981336072,0.5019426597182284,,,,,,,,,,,,,,,,,,,,,,,,,,,,,,,,,,,,,,,,,,,,,,,,,,,,,,,,,,,,,,,,,,,,,,,,,,,,,,,,,,,,,,,,,,,,,,,,,,,,,,,,,,,,,,,,,,,,,,,,,,,,,,,,,,,,,,,,,,,,,,,,,,,,,,,,,,,,,,,,,,,,,,,,,,,,,,,,,,,,,,,,,,,,,,,,,,,,,,,,,,,,,,,,,,,,,,,
908,PE,LT,#7,#3,WAX_1,1.074118239204907,4.2976008038532925,98.06545505604375,-0.2842181989222718,-0.7600525744231513,-47.512445746500546,0.5155027249978342,,,,,,,,,,,,,,,,,,,,,,,,,,,,,,,,,,,,,,,,,,,,,,,,,,,,,,,,,,,,,,,,,,,,,,,,,,,,,,,,,,,,,,,,,,,,,,,,,,,,,,,,,,,,,,,,,,,,,,,,,,,,,,,,,,,,,,,,,,,,,,,,,,,,,,,,,,,,,,,,,,,,,,,,,,,,,,,,,,,,,,,,,,,,,,,,,,,,,,,,,,,,,,,,,,,,,,,
909,PE,LT,#7,#4,WAX_1,1.0801059675753393,4.338982321043519,98.17100729328367,-0.2926694008150461,-0.8371387838333634,-47.929790836230175,0.5117724452694979,,,,,,,,,,,,,,,,,,,,,,,,,,,,,,,,,,,,,,,,,,,,,,,,,,,,,,,,,,,,,,,,,,,,,,,,,,,,,,,,,,,,,,,,,,,,,,,,,,,,,,,,,,,,,,,,,,,,,,,,,,,,,,,,,,,,,,,,,,,,,,,,,,,,,,,,,,,,,,,,,,,,,,,,,,,,,,,,,,,,,,,,,,,,,,,,,,,,,,,,,,,,,,,,,,,,,,,
910,PE,LT,#7,#5,WAX_1,1.1405691569691594,4.57303010338542,101.39289454128367,-0.3333741260774735,-1.0151325664040325,-50.27917548719063,0.5041153947260211,,,,,,,,,,,,,,,,,,,,,,,,,,,,,,,,,,,,,,,,,,,,,,,,,,,,,,,,,,,,,,,,,,,,,,,,,,,,,,,,,,,,,,,,,,,,,,,,,,,,,,,,,,,,,,,,,,,,,,,,,,,,,,,,,,,,,,,,,,,,,,,,,,,,,,,,,,,,,,,,,,,,,,,,,,,,,,,,,,,,,,,,,,,,,,,,,,,,,,,,,,,,,,,,,,,,,,,
911,PE,LT,#7,#6,WAX_1,1.0258586967091405,4.099379111368397,95.28587539730394,-0.24079793773734723,-0.5812599148030994,-44.964209010381175,0.5281125473959447,,,,,,,,,,,,,,,,,,,,,,,,,,,,,,,,,,,,,,,,,,,,,,,,,,,,,,,,,,,,,,,,,,,,,,,,,,,,,,,,,,,,,,,,,,,,,,,,,,,,,,,,,,,,,,,,,,,,,,,,,,,,,,,,,,,,,,,,,,,,,,,,,,,,,,,,,,,,,,,,,,,,,,,,,,,,,,,,,,,,,,,,,,,,,,,,,,,,,,,,,,,,,,,,,,,,,,,
912,PE,LT,#7,#7,WAX_1,1.069430103767662,4.3270244879139925,97.9802277038249,-0.28041979351657204,-0.795297179707726,-47.339603400892855,0.5168453420623675,,,,,,,,,,,,,,,,,,,,,,,,,,,,,,,,,,,,,,,,,,,,,,,,,,,,,,,,,,,,,,,,,,,,,,,,,,,,,,,,,,,,,,,,,,,,,,,,,,,,,,,,,,,,,,,,,,,,,,,,,,,,,,,,,,,,,,,,,,,,,,,,,,,,,,,,,,,,,,,,,,,,,,,,,,,,,,,,,,,,,,,,,,,,,,,,,,,,,,,,,,,,,,,,,,,,,,,
913,PE,LT,#7,#8,WAX_1,1.1125318570457994,4.429478072226288,99.19172800985692,-0.31961435636081503,-0.9069116816421374,-48.443886238208655,0.5116136475271942,,,,,,,,,,,,,,,,,,,,,,,,,,,,,,,,,,,,,,,,,,,,,,,,,,,,,,,,,,,,,,,,,,,,,,,,,,,,,,,,,,,,,,,,,,,,,,,,,,,,,,,,,,,,,,,,,,,,,,,,,,,,,,,,,,,,,,,,,,,,,,,,,,,,,,,,,,,,,,,,,,,,,,,,,,,,,,,,,,,,,,,,,,,,,,,,,,,,,,,,,,,,,,,,,,,,,,,
914,PE,LT,#7,#9,WAX_1,1.0638832354662993,4.267225932334051,97.79265277244572,-0.2739762894030106,-0.7304798063318488,-47.24547132363106,0.5168811768143071,,,,,,,,,,,,,,,,,,,,,,,,,,,,,,,,,,,,,,,,,,,,,,,,,,,,,,,,,,,,,,,,,,,,,,,,,,,,,,,,,,,,,,,,,,,,,,,,,,,,,,,,,,,,,,,,,,,,,,,,,,,,,,,,,,,,,,,,,,,,,,,,,,,,,,,,,,,,,,,,,,,,,,,,,,,,,,,,,,,,,,,,,,,,,,,,,,,,,,,,,,,,,,,,,,,,,,,
915,PE,LT,#7,#10,WAX_1,1.1312682282707367,4.421582645025761,99.34150283982488,-0.3415099197140905,-0.913652502582837,-49.02400134453743,0.506510371364301,,,,,,,,,,,,,,,,,,,,,,,,,,,,,,,,,,,,,,,,,,,,,,,,,,,,,,,,,,,,,,,,,,,,,,,,,,,,,,,,,,,,,,,,,,,,,,,,,,,,,,,,,,,,,,,,,,,,,,,,,,,,,,,,,,,,,,,,,,,,,,,,,,,,,,,,,,,,,,,,,,,,,,,,,,,,,,,,,,,,,,,,,,,,,,,,,,,,,,,,,,,,,,,,,,,,,,,
916,PE,LT,#7,#11,WAX_1,1.1404579550566396,4.480449481156242,99.7026546498569,-0.34944037917658716,-0.9598248543901774,-49.5209325509328,0.5033138011736593,,,,,,,,,,,,,,,,,,,,,,,,,,,,,,,,,,,,,,,,,,,,,,,,,,,,,,,,,,,,,,,,,,,,,,,,,,,,,,,,,,,,,,,,,,,,,,,,,,,,,,,,,,,,,,,,,,,,,,,,,,,,,,,,,,,,,,,,,,,,,,,,,,,,,,,,,,,,,,,,,,,,,,,,,,,,,,,,,,,,,,,,,,,,,,,,,,,,,,,,,,,,,,,,,,,,,,,
917,PE,HT,#1,-,MeOH_1,0.7154210317408317,3.6085869703389255,81.4055216573885,0.13249109890520458,-0.42961539835546436,-33.233607604108016,0.5917524152234006,,,,,,,,,,,,,,,,,,,,,,,,,,,,,,,,,,,,,,,,,,,,,,,,,,,,,,,,,,,,,,,,,,,,,,,,,,,,,,,,,,,,,,,,,,,,,,,,,,,,,,,,,,,,,,,,,,,,,,,,,,,,,,,,,,,,,,,,,,,,,,,,,,,,,,,,,,,,,,,,,,,,,,,,,,,,,,,,,,,,,,,,,,,,,,,,,,,,,,,,,,,,,,,,,,,,,,,
918,PE,HT,#2,-,FT_1,0.8244898043561603,4.5758105817774775,85.55345879830051,0.06853644822875679,-0.9797860289770439,-37.03719877663382,0.567087067000387,,,,,,,,,,,,,,,,,,,,,,,,,,,,,,,,,,,,,,,,,,,,,,,,,,,,,,,,,,,,,,,,,,,,,,,,,,,,,,,,,,,,,,,,,,,,,,,,,,,,,,,,,,,,,,,,,,,,,,,,,,,,,,,,,,,,,,,,,,,,,,,,,,,,,,,,,,,,,,,,,,,,,,,,,,,,,,,,,,,,,,,,,,,,,,,,,,,,,,,,,,,,,,,,,,,,,,,
919,PE,HT,#3,-,H2_1,0.7547985719224705,3.9018327944148314,78.8975393883591,0.0214959584617408,-0.032480891640618445,-25.30637419040666,0.6792501466257327,,,,,,,,,,,,,,,,,,,,,,,,,,,,,,,,,,,,,,,,,,,,,,,,,,,,,,,,,,,,,,,,,,,,,,,,,,,,,,,,,,,,,,,,,,,,,,,,,,,,,,,,,,,,,,,,,,,,,,,,,,,,,,,,,,,,,,,,,,,,,,,,,,,,,,,,,,,,,,,,,,,,,,,,,,,,,,,,,,,,,,,,,,,,,,,,,,,,,,,,,,,,,,,,,,,,,,,
920,PE,HT,#4,-,MeOH_1,1.1047718239618949,7.216867905099418,123.3383535322685,-0.25404571469163273,-4.19849803043564,-77.7131433762879,0.3699190790968671,,,,,,,,,,,,,,,,,,,,,,,,,,,,,,,,,,,,,,,,,,,,,,,,,,,,,,,,,,,,,,,,,,,,,,,,,,,,,,,,,,,,,,,,,,,,,,,,,,,,,,,,,,,,,,,,,,,,,,,,,,,,,,,,,,,,,,,,,,,,,,,,,,,,,,,,,,,,,,,,,,,,,,,,,,,,,,,,,,,,,,,,,,,,,,,,,,,,,,,,,,,,,,,,,,,,,,,
921,PE,HT,#5,-,FT_1,1.2174171117445596,8.521902970609705,127.4380251983005,-0.3203939881170591,-4.928858738335715,-79.79233883236397,0.37387338898101447,,,,,,,,,,,,,,,,,,,,,,,,,,,,,,,,,,,,,,,,,,,,,,,,,,,,,,,,,,,,,,,,,,,,,,,,,,,,,,,,,,,,,,,,,,,,,,,,,,,,,,,,,,,,,,,,,,,,,,,,,,,,,,,,,,,,,,,,,,,,,,,,,,,,,,,,,,,,,,,,,,,,,,,,,,,,,,,,,,,,,,,,,,,,,,,,,,,,,,,,,,,,,,,,,,,,,,,
922,PE,HT,#6,-,Olefin,0.5104642573398296,1.7153921132279382,62.82225975689376,0.17942495043455806,1.7856664237347286,-16.698685046527572,0.7341915889185258,,,,,,,,,,,,,,,,,,,,,,,,,,,,,,,,,,,,,,,,,,,,,,,,,,,,,,,,,,,,,,,,,,,,,,,,,,,,,,,,,,,,,,,,,,,,,,,,,,,,,,,,,,,,,,,,,,,,,,,,,,,,,,,,,,,,,,,,,,,,,,,,,,,,,,,,,,,,,,,,,,,,,,,,,,,,,,,,,,,,,,,,,,,,,,,,,,,,,,,,,,,,,,,,,,,,,,,
923,PE,HT,#7,-,MeOH_1,0.7055762443943161,3.505065688140515,80.67368137219589,0.14021285522516608,-0.35224086898035256,-32.28826698385481,0.5997670313954095,,,,,,,,,,,,,,,,,,,,,,,,,,,,,,,,,,,,,,,,,,,,,,,,,,,,,,,,,,,,,,,,,,,,,,,,,,,,,,,,,,,,,,,,,,,,,,,,,,,,,,,,,,,,,,,,,,,,,,,,,,,,,,,,,,,,,,,,,,,,,,,,,,,,,,,,,,,,,,,,,,,,,,,,,,,,,,,,,,,,,,,,,,,,,,,,,,,,,,,,,,,,,,,,,,,,,,,
924,PE,HT,#8,-,FT_1,0.8555359462688772,4.530849252260102,89.27846503822788,0.10696739848949748,-0.9402233433800533,-43.271271008838156,0.515322412965882,,,,,,,,,,,,,,,,,,,,,,,,,,,,,,,,,,,,,,,,,,,,,,,,,,,,,,,,,,,,,,,,,,,,,,,,,,,,,,,,,,,,,,,,,,,,,,,,,,,,,,,,,,,,,,,,,,,,,,,,,,,,,,,,,,,,,,,,,,,,,,,,,,,,,,,,,,,,,,,,,,,,,,,,,,,,,,,,,,,,,,,,,,,,,,,,,,,,,,,,,,,,,,,,,,,,,,,
925,PE,HT,#9,-,H2_1,0.7465405749030426,3.886824038120446,78.11432545406493,0.02012977306861245,-0.047047457085990015,-24.98854401667118,0.6801029277099029,,,,,,,,,,,,,,,,,,,,,,,,,,,,,,,,,,,,,,,,,,,,,,,,,,,,,,,,,,,,,,,,,,,,,,,,,,,,,,,,,,,,,,,,,,,,,,,,,,,,,,,,,,,,,,,,,,,,,,,,,,,,,,,,,,,,,,,,,,,,,,,,,,,,,,,,,,,,,,,,,,,,,,,,,,,,,,,,,,,,,,,,,,,,,,,,,,,,,,,,,,,,,,,,,,,,,,,
926,PE,HT,#10,-,MeOH_1,1.0956027512488178,7.14028559739639,122.4743341721959,-0.24314964595683392,-4.116945896695658,-75.43891400937042,0.38404307711275104,,,,,,,,,,,,,,,,,,,,,,,,,,,,,,,,,,,,,,,,,,,,,,,,,,,,,,,,,,,,,,,,,,,,,,,,,,,,,,,,,,,,,,,,,,,,,,,,,,,,,,,,,,,,,,,,,,,,,,,,,,,,,,,,,,,,,,,,,,,,,,,,,,,,,,,,,,,,,,,,,,,,,,,,,,,,,,,,,,,,,,,,,,,,,,,,,,,,,,,,,,,,,,,,,,,,,,,
927,PE,HT,#11,-,FT_1,1.2811197550983915,8.692440761780777,131.66704423822787,-0.3176028314374467,-5.105448049726353,-86.07084919090622,0.3462992224905081,,,,,,,,,,,,,,,,,,,,,,,,,,,,,,,,,,,,,,,,,,,,,,,,,,,,,,,,,,,,,,,,,,,,,,,,,,,,,,,,,,,,,,,,,,,,,,,,,,,,,,,,,,,,,,,,,,,,,,,,,,,,,,,,,,,,,,,,,,,,,,,,,,,,,,,,,,,,,,,,,,,,,,,,,,,,,,,,,,,,,,,,,,,,,,,,,,,,,,,,,,,,,,,,,,,,,,,
928,PE,LT,#1,-,WAX_1,1.057219005546914,2.6533250748343336,71.79682773472,-0.38535222235752686,0.5264884615434098,-26.764254780200478,0.6272223213107556,,,,,,,,,,,,,,,,,,,,,,,,,,,,,,,,,,,,,,,,,,,,,,,,,,,,,,,,,,,,,,,,,,,,,,,,,,,,,,,,,,,,,,,,,,,,,,,,,,,,,,,,,,,,,,,,,,,,,,,,,,,,,,,,,,,,,,,,,,,,,,,,,,,,,,,,,,,,,,,,,,,,,,,,,,,,,,,,,,,,,,,,,,,,,,,,,,,,,,,,,,,,,,,,,,,,,,,
929,PE,LT,#2,-,WAX_1,1.1155323882896515,2.8763780557411702,73.075075755632,-0.43682344552778946,0.34351868992222073,-28.660238877631425,0.6077973429206806,,,,,,,,,,,,,,,,,,,,,,,,,,,,,,,,,,,,,,,,,,,,,,,,,,,,,,,,,,,,,,,,,,,,,,,,,,,,,,,,,,,,,,,,,,,,,,,,,,,,,,,,,,,,,,,,,,,,,,,,,,,,,,,,,,,,,,,,,,,,,,,,,,,,,,,,,,,,,,,,,,,,,,,,,,,,,,,,,,,,,,,,,,,,,,,,,,,,,,,,,,,,,,,,,,,,,,,
930,PE,LT,#3,-,WAX_1,1.0645496840555067,2.4035375839967816,70.76069178541684,-0.3910841966018883,0.9785481835509807,-23.714383885609955,0.6648650078559961,,,,,,,,,,,,,,,,,,,,,,,,,,,,,,,,,,,,,,,,,,,,,,,,,,,,,,,,,,,,,,,,,,,,,,,,,,,,,,,,,,,,,,,,,,,,,,,,,,,,,,,,,,,,,,,,,,,,,,,,,,,,,,,,,,,,,,,,,,,,,,,,,,,,,,,,,,,,,,,,,,,,,,,,,,,,,,,,,,,,,,,,,,,,,,,,,,,,,,,,,,,,,,,,,,,,,,,
931,PE,LT,#4,-,WAX_1,1.2041930229560378,3.653036653681522,84.8095500096,-0.5255828450213891,-0.6041910287444207,-40.47882413238677,0.5227091273588319,,,,,,,,,,,,,,,,,,,,,,,,,,,,,,,,,,,,,,,,,,,,,,,,,,,,,,,,,,,,,,,,,,,,,,,,,,,,,,,,,,,,,,,,,,,,,,,,,,,,,,,,,,,,,,,,,,,,,,,,,,,,,,,,,,,,,,,,,,,,,,,,,,,,,,,,,,,,,,,,,,,,,,,,,,,,,,,,,,,,,,,,,,,,,,,,,,,,,,,,,,,,,,,,,,,,,,,
932,PE,LT,#5,-,WAX_1,1.2562735270371927,4.067653032111273,85.934437195632,-0.5711261206571265,-0.85525782318145,-41.375402842348386,0.51852360715232,,,,,,,,,,,,,,,,,,,,,,,,,,,,,,,,,,,,,,,,,,,,,,,,,,,,,,,,,,,,,,,,,,,,,,,,,,,,,,,,,,,,,,,,,,,,,,,,,,,,,,,,,,,,,,,,,,,,,,,,,,,,,,,,,,,,,,,,,,,,,,,,,,,,,,,,,,,,,,,,,,,,,,,,,,,,,,,,,,,,,,,,,,,,,,,,,,,,,,,,,,,,,,,,,,,,,,,
933,PE,LT,#6,-,WAX_1,0.9301506786957654,1.929445444601693,65.05592111454126,-0.30301200998091743,1.2707855064659337,-20.553481685058035,0.6840643967077128,,,,,,,,,,,,,,,,,,,,,,,,,,,,,,,,,,,,,,,,,,,,,,,,,,,,,,,,,,,,,,,,,,,,,,,,,,,,,,,,,,,,,,,,,,,,,,,,,,,,,,,,,,,,,,,,,,,,,,,,,,,,,,,,,,,,,,,,,,,,,,,,,,,,,,,,,,,,,,,,,,,,,,,,,,,,,,,,,,,,,,,,,,,,,,,,,,,,,,,,,,,,,,,,,,,,,,,
934,PE,LT,#7,-,WAX_1,1.0827515991339425,2.8547981404318468,74.32052063080768,-0.40862255019787996,0.3506332261134705,-29.072051944250493,0.6088287367002188,,,,,,,,,,,,,,,,,,,,,,,,,,,,,,,,,,,,,,,,,,,,,,,,,,,,,,,,,,,,,,,,,,,,,,,,,,,,,,,,,,,,,,,,,,,,,,,,,,,,,,,,,,,,,,,,,,,,,,,,,,,,,,,,,,,,,,,,,,,,,,,,,,,,,,,,,,,,,,,,,,,,,,,,,,,,,,,,,,,,,,,,,,,,,,,,,,,,,,,,,,,,,,,,,,,,,,,
935,PE,LT,#8,-,WAX_1,1.1782024332642071,3.174713888739567,77.99640271080767,-0.4764223693376041,0.05532322111928761,-34.39738747988469,0.5589875137264713,,,,,,,,,,,,,,,,,,,,,,,,,,,,,,,,,,,,,,,,,,,,,,,,,,,,,,,,,,,,,,,,,,,,,,,,,,,,,,,,,,,,,,,,,,,,,,,,,,,,,,,,,,,,,,,,,,,,,,,,,,,,,,,,,,,,,,,,,,,,,,,,,,,,,,,,,,,,,,,,,,,,,,,,,,,,,,,,,,,,,,,,,,,,,,,,,,,,,,,,,,,,,,,,,,,,,,,
936,PE,LT,#9,-,WAX_1,1.0837980824169366,2.567033575346856,72.94889256938231,-0.41018966137766527,0.8150521922009065,-26.049601345534462,0.6429061439039877,,,,,,,,,,,,,,,,,,,,,,,,,,,,,,,,,,,,,,,,,,,,,,,,,,,,,,,,,,,,,,,,,,,,,,,,,,,,,,,,,,,,,,,,,,,,,,,,,,,,,,,,,,,,,,,,,,,,,,,,,,,,,,,,,,,,,,,,,,,,,,,,,,,,,,,,,,,,,,,,,,,,,,,,,,,,,,,,,,,,,,,,,,,,,,,,,,,,,,,,,,,,,,,,,,,,,,,
937,PE,LT,#10,-,WAX_1,1.2289379898084294,3.842015726378375,87.39043167080767,-0.546424977670226,-0.7750982784862461,-42.88064810537752,0.5093210173522741,,,,,,,,,,,,,,,,,,,,,,,,,,,,,,,,,,,,,,,,,,,,,,,,,,,,,,,,,,,,,,,,,,,,,,,,,,,,,,,,,,,,,,,,,,,,,,,,,,,,,,,,,,,,,,,,,,,,,,,,,,,,,,,,,,,,,,,,,,,,,,,,,,,,,,,,,,,,,,,,,,,,,,,,,,,,,,,,,,,,,,,,,,,,,,,,,,,,,,,,,,,,,,,,,,,,,,,
938,PE,LT,#11,-,WAX_1,1.2858050746721732,4.297415734218159,89.58468159080769,-0.5796793893172676,-1.0752494587536456,-45.54340978068885,0.49161610029808855,,,,,,,,,,,,,,,,,,,,,,,,,,,,,,,,,,,,,,,,,,,,,,,,,,,,,,,,,,,,,,,,,,,,,,,,,,,,,,,,,,,,,,,,,,,,,,,,,,,,,,,,,,,,,,,,,,,,,,,,,,,,,,,,,,,,,,,,,,,,,,,,,,,,,,,,,,,,,,,,,,,,,,,,,,,,,,,,,,,,,,,,,,,,,,,,,,,,,,,,,,,,,,,,,,,,,,,
939,PE,SG,#1,-,MeOH_1,0.5764645395185117,4.041559744044348,85.37226838506902,0.2674868653641781,-0.9833132511627171,-39.415495144902614,0.5383103214837841,,,,,,,,,,,,,,,,,,,,,,,,,,,,,,,,,,,,,,,,,,,,,,,,,,,,,,,,,,,,,,,,,,,,,,,,,,,,,,,,,,,,,,,,,,,,,,,,,,,,,,,,,,,,,,,,,,,,,,,,,,,,,,,,,,,,,,,,,,,,,,,,,,,,,,,,,,,,,,,,,,,,,,,,,,,,,,,,,,,,,,,,,,,,,,,,,,,,,,,,,,,,,,,,,,,,,,,
940,PE,SG,#2,-,FT_1,0.808309294366866,5.677962293925761,93.21430645110102,0.19207033597289738,-1.912107390002236,-49.816111265798085,0.46557440416154416,,,,,,,,,,,,,,,,,,,,,,,,,,,,,,,,,,,,,,,,,,,,,,,,,,,,,,,,,,,,,,,,,,,,,,,,,,,,,,,,,,,,,,,,,,,,,,,,,,,,,,,,,,,,,,,,,,,,,,,,,,,,,,,,,,,,,,,,,,,,,,,,,,,,,,,,,,,,,,,,,,,,,,,,,,,,,,,,,,,,,,,,,,,,,,,,,,,,,,,,,,,,,,,,,,,,,,,
941,PE,SG,#3,-,H2_1,0.49291713007872934,5.1567611694152165,77.33209524398757,0.1820771736918425,-1.0245524337144836,-20.2153489612401,0.738590440392706,,,,,,,,,,,,,,,,,,,,,,,,,,,,,,,,,,,,,,,,,,,,,,,,,,,,,,,,,,,,,,,,,,,,,,,,,,,,,,,,,,,,,,,,,,,,,,,,,,,,,,,,,,,,,,,,,,,,,,,,,,,,,,,,,,,,,,,,,,,,,,,,,,,,,,,,,,,,,,,,,,,,,,,,,,,,,,,,,,,,,,,,,,,,,,,,,,,,,,,,,,,,,,,,,,,,,,,
942,PE,SG,#4,-,MeOH_1,1.0024522497323747,9.289262571719169,141.38444278506904,-0.15400109289289887,-6.254408024156043,-94.56642985724342,0.33113977751426155,,,,,,,,,,,,,,,,,,,,,,,,,,,,,,,,,,,,,,,,,,,,,,,,,,,,,,,,,,,,,,,,,,,,,,,,,,,,,,,,,,,,,,,,,,,,,,,,,,,,,,,,,,,,,,,,,,,,,,,,,,,,,,,,,,,,,,,,,,,,,,,,,,,,,,,,,,,,,,,,,,,,,,,,,,,,,,,,,,,,,,,,,,,,,,,,,,,,,,,,,,,,,,,,,,,,,,,
943,PE,SG,#5,-,FT_1,1.2158763218989004,10.906449874190505,148.67836085110105,-0.21616571994999445,-7.143248406693721,-105.42186198940077,0.2909401113523235,,,,,,,,,,,,,,,,,,,,,,,,,,,,,,,,,,,,,,,,,,,,,,,,,,,,,,,,,,,,,,,,,,,,,,,,,,,,,,,,,,,,,,,,,,,,,,,,,,,,,,,,,,,,,,,,,,,,,,,,,,,,,,,,,,,,,,,,,,,,,,,,,,,,,,,,,,,,,,,,,,,,,,,,,,,,,,,,,,,,,,,,,,,,,,,,,,,,,,,,,,,,,,,,,,,,,,,
944,PE,SG,#6,-,MeOH_1,0.601140287645508,4.017470396803597,88.99923978878815,0.26585971041756096,-0.8601753499644902,-41.70676480770435,0.5313806622766407,,,,,,,,,,,,,,,,,,,,,,,,,,,,,,,,,,,,,,,,,,,,,,,,,,,,,,,,,,,,,,,,,,,,,,,,,,,,,,,,,,,,,,,,,,,,,,,,,,,,,,,,,,,,,,,,,,,,,,,,,,,,,,,,,,,,,,,,,,,,,,,,,,,,,,,,,,,,,,,,,,,,,,,,,,,,,,,,,,,,,,,,,,,,,,,,,,,,,,,,,,,,,,,,,,,,,,,
945,PE,SG,#7,-,FT_1,0.8354770146104942,6.044972656811135,99.64161065482017,0.14931518471109656,-2.201851396932778,-55.796290260168725,0.44003022538988257,,,,,,,,,,,,,,,,,,,,,,,,,,,,,,,,,,,,,,,,,,,,,,,,,,,,,,,,,,,,,,,,,,,,,,,,,,,,,,,,,,,,,,,,,,,,,,,,,,,,,,,,,,,,,,,,,,,,,,,,,,,,,,,,,,,,,,,,,,,,,,,,,,,,,,,,,,,,,,,,,,,,,,,,,,,,,,,,,,,,,,,,,,,,,,,,,,,,,,,,,,,,,,,,,,,,,,,
946,PE,SG,#8,-,H2_1,0.5798652776710138,5.690493860474993,90.3027197143264,0.1494819083301126,-1.3992026301041844,-33.12553529515975,0.6331723407672246,,,,,,,,,,,,,,,,,,,,,,,,,,,,,,,,,,,,,,,,,,,,,,,,,,,,,,,,,,,,,,,,,,,,,,,,,,,,,,,,,,,,,,,,,,,,,,,,,,,,,,,,,,,,,,,,,,,,,,,,,,,,,,,,,,,,,,,,,,,,,,,,,,,,,,,,,,,,,,,,,,,,,,,,,,,,,,,,,,,,,,,,,,,,,,,,,,,,,,,,,,,,,,,,,,,,,,,
947,PE,SG,#9,-,MeOH_1,1.0280426530542166,9.421619183295167,143.96028458878817,-0.160024779263037,-6.314043435072769,-97.3065104073078,0.3240739229902428,,,,,,,,,,,,,,,,,,,,,,,,,,,,,,,,,,,,,,,,,,,,,,,,,,,,,,,,,,,,,,,,,,,,,,,,,,,,,,,,,,,,,,,,,,,,,,,,,,,,,,,,,,,,,,,,,,,,,,,,,,,,,,,,,,,,,,,,,,,,,,,,,,,,,,,,,,,,,,,,,,,,,,,,,,,,,,,,,,,,,,,,,,,,,,,,,,,,,,,,,,,,,,,,,,,,,,,
948,PE,SG,#10,-,FT_1,1.2414667252207408,11.038806485766504,151.25420265482018,-0.2575632460392113,-7.194919603972209,-107.48688580159421,0.2893626496653988,,,,,,,,,,,,,,,,,,,,,,,,,,,,,,,,,,,,,,,,,,,,,,,,,,,,,,,,,,,,,,,,,,,,,,,,,,,,,,,,,,,,,,,,,,,,,,,,,,,,,,,,,,,,,,,,,,,,,,,,,,,,,,,,,,,,,,,,,,,,,,,,,,,,,,,,,,,,,,,,,,,,,,,,,,,,,,,,,,,,,,,,,,,,,,,,,,,,,,,,,,,,,,,,,,,,,,,
949,PE,OG,#1,-,MeOH_1,0.47474447737424835,2.5508674606310446,54.07164927999999,-0.063420238281618,-0.06502765613466233,-29.320413141205997,0.45774886596531056,,,,,,,,,,,,,,,,,,,,,,,,,,,,,,,,,,,,,,,,,,,,,,,,,,,,,,,,,,,,,,,,,,,,,,,,,,,,,,,,,,,,,,,,,,,,,,,,,,,,,,,,,,,,,,,,,,,,,,,,,,,,,,,,,,,,,,,,,,,,,,,,,,,,,,,,,,,,,,,,,,,,,,,,,,,,,,,,,,,,,,,,,,,,,,,,,,,,,,,,,,,,,,,,,,,,,,,
950,PE,OG,#2,-,FT_1,1.0605104240536358,3.3260592030781897,84.60905728,-0.12666291387808187,0.19630995212737917,-46.49129603688072,0.4505163214025032,,,,,,,,,,,,,,,,,,,,,,,,,,,,,,,,,,,,,,,,,,,,,,,,,,,,,,,,,,,,,,,,,,,,,,,,,,,,,,,,,,,,,,,,,,,,,,,,,,,,,,,,,,,,,,,,,,,,,,,,,,,,,,,,,,,,,,,,,,,,,,,,,,,,,,,,,,,,,,,,,,,,,,,,,,,,,,,,,,,,,,,,,,,,,,,,,,,,,,,,,,,,,,,,,,,,,,,
951,PE,OG,#3,-,H2_1,0.4615953971739537,2.374676720067861,58.60661462730207,-0.04913826929123559,0.8114759962172265,-26.249954857115558,0.5520991099034248,,,,,,,,,,,,,,,,,,,,,,,,,,,,,,,,,,,,,,,,,,,,,,,,,,,,,,,,,,,,,,,,,,,,,,,,,,,,,,,,,,,,,,,,,,,,,,,,,,,,,,,,,,,,,,,,,,,,,,,,,,,,,,,,,,,,,,,,,,,,,,,,,,,,,,,,,,,,,,,,,,,,,,,,,,,,,,,,,,,,,,,,,,,,,,,,,,,,,,,,,,,,,,,,,,,,,,,
952,PE,OG,#4,-,MeOH_1,0.7628316820196687,5.79760161929218,90.61194559999998,-0.3533451895450144,-3.328982878194026,-63.418380811711714,0.30011015223458887,,,,,,,,,,,,,,,,,,,,,,,,,,,,,,,,,,,,,,,,,,,,,,,,,,,,,,,,,,,,,,,,,,,,,,,,,,,,,,,,,,,,,,,,,,,,,,,,,,,,,,,,,,,,,,,,,,,,,,,,,,,,,,,,,,,,,,,,,,,,,,,,,,,,,,,,,,,,,,,,,,,,,,,,,,,,,,,,,,,,,,,,,,,,,,,,,,,,,,,,,,,,,,,,,,,,,,,
953,PE,OG,#5,-,FT_1,1.375035568657845,6.823076076578983,123.71772768,-0.4332192862833398,-3.2606584968414793,-85.15009336958218,0.31173894827889403,,,,,,,,,,,,,,,,,,,,,,,,,,,,,,,,,,,,,,,,,,,,,,,,,,,,,,,,,,,,,,,,,,,,,,,,,,,,,,,,,,,,,,,,,,,,,,,,,,,,,,,,,,,,,,,,,,,,,,,,,,,,,,,,,,,,,,,,,,,,,,,,,,,,,,,,,,,,,,,,,,,,,,,,,,,,,,,,,,,,,,,,,,,,,,,,,,,,,,,,,,,,,,,,,,,,,,,
954,PE,OG,#6,-,MeOH_1,0.5086432340471723,2.0667906866856,62.394003625920526,-0.04135760527106662,0.5520842992876965,-38.42231199648601,0.38419864468315484,,,,,,,,,,,,,,,,,,,,,,,,,,,,,,,,,,,,,,,,,,,,,,,,,,,,,,,,,,,,,,,,,,,,,,,,,,,,,,,,,,,,,,,,,,,,,,,,,,,,,,,,,,,,,,,,,,,,,,,,,,,,,,,,,,,,,,,,,,,,,,,,,,,,,,,,,,,,,,,,,,,,,,,,,,,,,,,,,,,,,,,,,,,,,,,,,,,,,,,,,,,,,,,,,,,,,,,
955,PE,OG,#7,-,FT_1,0.8458116112840138,2.563732206032202,74.56901162592052,-0.1268067336715329,0.6302429120353695,-46.089293590836476,0.38192430627824453,,,,,,,,,,,,,,,,,,,,,,,,,,,,,,,,,,,,,,,,,,,,,,,,,,,,,,,,,,,,,,,,,,,,,,,,,,,,,,,,,,,,,,,,,,,,,,,,,,,,,,,,,,,,,,,,,,,,,,,,,,,,,,,,,,,,,,,,,,,,,,,,,,,,,,,,,,,,,,,,,,,,,,,,,,,,,,,,,,,,,,,,,,,,,,,,,,,,,,,,,,,,,,,,,,,,,,,
956,PE,OG,#8,-,H2_1,0.4988567531298412,2.5749983279894613,64.44052435839897,-0.06975497211598736,0.6625168169771197,-32.70920089252027,0.49241255842982506,,,,,,,,,,,,,,,,,,,,,,,,,,,,,,,,,,,,,,,,,,,,,,,,,,,,,,,,,,,,,,,,,,,,,,,,,,,,,,,,,,,,,,,,,,,,,,,,,,,,,,,,,,,,,,,,,,,,,,,,,,,,,,,,,,,,,,,,,,,,,,,,,,,,,,,,,,,,,,,,,,,,,,,,,,,,,,,,,,,,,,,,,,,,,,,,,,,,,,,,,,,,,,,,,,,,,,,
957,PE,OG,#9,-,MeOH_1,0.7277907485123112,5.040963443490506,93.24176650592051,-0.240080767223115,-2.5060427694269483,-68.08235065921103,0.26982989264914836,,,,,,,,,,,,,,,,,,,,,,,,,,,,,,,,,,,,,,,,,,,,,,,,,,,,,,,,,,,,,,,,,,,,,,,,,,,,,,,,,,,,,,,,,,,,,,,,,,,,,,,,,,,,,,,,,,,,,,,,,,,,,,,,,,,,,,,,,,,,,,,,,,,,,,,,,,,,,,,,,,,,,,,,,,,,,,,,,,,,,,,,,,,,,,,,,,,,,,,,,,,,,,,,,,,,,,,
958,PE,OG,#10,-,FT_1,0.8994263666033383,5.642149047314839,98.65712570592052,-0.18206933921985538,-2.4512954044649162,-70.40182413514394,0.28639899417909925,,,,,,,,,,,,,,,,,,,,,,,,,,,,,,,,,,,,,,,,,,,,,,,,,,,,,,,,,,,,,,,,,,,,,,,,,,,,,,,,,,,,,,,,,,,,,,,,,,,,,,,,,,,,,,,,,,,,,,,,,,,,,,,,,,,,,,,,,,,,,,,,,,,,,,,,,,,,,,,,,,,,,,,,,,,,,,,,,,,,,,,,,,,,,,,,,,,,,,,,,,,,,,,,,,,,,,,
959,PE,HG,#1,-,DIESEL_1,0.4535699771023228,2.1025817352196463,77.535172,0.18338472710789808,0.8214300090115807,-39.33470097428246,0.4926857068907713,,,,,,,,,,,,,,,,,,,,,,,,,,,,,,,,,,,,,,,,,,,,,,,,,,,,,,,,,,,,,,,,,,,,,,,,,,,,,,,,,,,,,,,,,,,,,,,,,,,,,,,,,,,,,,,,,,,,,,,,,,,,,,,,,,,,,,,,,,,,,,,,,,,,,,,,,,,,,,,,,,,,,,,,,,,,,,,,,,,,,,,,,,,,,,,,,,,,,,,,,,,,,,,,,,,,,,,
960,PE,HG,#2,-,DIESEL_1,0.5151418883979704,2.4946183111458127,80.32142112,0.14290147302251846,0.506722756590744,-42.73940753718327,0.4678952769855665,,,,,,,,,,,,,,,,,,,,,,,,,,,,,,,,,,,,,,,,,,,,,,,,,,,,,,,,,,,,,,,,,,,,,,,,,,,,,,,,,,,,,,,,,,,,,,,,,,,,,,,,,,,,,,,,,,,,,,,,,,,,,,,,,,,,,,,,,,,,,,,,,,,,,,,,,,,,,,,,,,,,,,,,,,,,,,,,,,,,,,,,,,,,,,,,,,,,,,,,,,,,,,,,,,,,,,,
961,PE,HG,#3,-,DIESEL_1,0.4627306792480138,2.0040515214828476,76.4637355428969,0.16863715953247513,1.1037105116025876,-36.99673791531556,0.5161531456364693,,,,,,,,,,,,,,,,,,,,,,,,,,,,,,,,,,,,,,,,,,,,,,,,,,,,,,,,,,,,,,,,,,,,,,,,,,,,,,,,,,,,,,,,,,,,,,,,,,,,,,,,,,,,,,,,,,,,,,,,,,,,,,,,,,,,,,,,,,,,,,,,,,,,,,,,,,,,,,,,,,,,,,,,,,,,,,,,,,,,,,,,,,,,,,,,,,,,,,,,,,,,,,,,,,,,,,,
962,PE,HG,#4,-,MeOH_1,0.5715273207106575,3.005561994045711,88.17238736,0.06933196922983136,-0.13576604096027522,-50.24534461241865,0.43014648784237414,,,,,,,,,,,,,,,,,,,,,,,,,,,,,,,,,,,,,,,,,,,,,,,,,,,,,,,,,,,,,,,,,,,,,,,,,,,,,,,,,,,,,,,,,,,,,,,,,,,,,,,,,,,,,,,,,,,,,,,,,,,,,,,,,,,,,,,,,,,,,,,,,,,,,,,,,,,,,,,,,,,,,,,,,,,,,,,,,,,,,,,,,,,,,,,,,,,,,,,,,,,,,,,,,,,,,,,
963,PE,HG,#5,-,DIESEL_1,0.635310694332348,3.5383979940502823,91.4753208,0.023134172608140772,-0.5392276376941192,-53.916574700448244,0.41058884266358053,,,,,,,,,,,,,,,,,,,,,,,,,,,,,,,,,,,,,,,,,,,,,,,,,,,,,,,,,,,,,,,,,,,,,,,,,,,,,,,,,,,,,,,,,,,,,,,,,,,,,,,,,,,,,,,,,,,,,,,,,,,,,,,,,,,,,,,,,,,,,,,,,,,,,,,,,,,,,,,,,,,,,,,,,,,,,,,,,,,,,,,,,,,,,,,,,,,,,,,,,,,,,,,,,,,,,,,
