excel_row,B,C,D,E,F,G,H,I,J,K,L,M,P,Q,R,S,T,U,V,W,X,Y,Z,AA,AB,AC,AD,AE,AF,AG,AH,AI,AJ,AK,AL,AM,AN,AO,AP,AQ,AR,AS,AT,AU,AV,AW,AX,AY,AZ,BA,BB,BC,BD,BG,BH,BI,BJ,BK,BL,BM,BN,BO,BP,BQ,BR,BS,BT,BU,BV,BW,BX,BY,CA,CB,CC,CD,CE,CF,CH,CI,CJ,CK,CL,CM,CO,CP,CQ,CR,CS,CT,CV,CW,CX,CY,CZ,DA,DC,DD,DE,DF,DG,DH,DJ,DK,DL,DM,DN,DO,DQ,DR,DS,DT,DU,DV,DX,DY,DZ,EA,EB,EC,EE,EF,EG,EH,EI,EJ,EL,EM,EN,EO,EP,EQ,ES,ET,EU,EV,EW,EX,EZ,FA,FB,FC,FD,FE,FG,FH,FI,FJ,FK,FL,FN,FO,FP,FQ,FR,FS,FU,FV,FW,FX,FY,FZ,GB,GC,GD,GE,GF,GG,GI,GJ,GK,GL,GM,GN,GP,GQ,GR,GS,GT,GU,GW,GX,GY,GZ,HA,HB,HD,HE,HF,HG,HH,HI,HK,HL,HM,HN,HO,HP,HR,HS,HT,HU,HV,HW,HY,HZ,IA,IB,IC,ID,IF,IG,IH,II,IJ,IK,IM,IN,IO,IP,IQ,IR,IT,IU,IV,IW
1,,,,,,,,,,,,,,,,,,,,,,,,,,,,,,,,,,,,,,,,,,,,,,,,,,,,,,,,,,,,,,,,,,,H2 - 1.5,,,,,,,,,,,,,,,,,,,,,,,,,,,,,,,,,,,,,,,,,,,,,,,,,,,,,,,,,,,,,,,,,,,,,,,,,,,,,,,,,,,,,,,,,,,,,,,,,,,,,,,,,,,,,,,,,,,,,,,,,,,,,,,,,,,,,,,,,,,,,,,,,,,,,,,,,,,,,,,
2,,,,,,,,,,,,,,,,,,,,,,,,,,,,,,,,,,,,,,,,,,,,,,,,,,,,,,,,,,,,,,,,,,,Feed,Tech,Pathway1,Pathway2,Product,Unit profit ($/kg),Feed,Tech,Pathway1,Pathway2,Product,Unit profit ($/kg),Feed,Tech,Pathway1,Pathway2,Product,Unit profit ($/kg),Feed,Tech,Pathway1,Pathway2,Product,Unit profit ($/kg),Feed,Tech,Pathway1,Pathway2,Product,Unit profit ($/kg),Feed,Tech,Pathway1,Pathway2,Product,Unit profit ($/kg),Feed,Tech,Pathway1,Pathway2,Product,Unit profit ($/kg),Feed,Tech,Pathway1,Pathway2,Product,Unit profit ($/kg),Feed,Tech,Pathway1,Pathway2,Product,Unit profit ($/kg),Feed,Tech,Pathway1,Pathway2,Product,Unit profit ($/kg),Feed,Tech,Pathway1,Pathway2,Product,Unit profit ($/kg),Feed,Tech,Pathway1,Pathway2,Product,Unit profit ($/kg),Feed,Tech,Pathway1,Pathway2,Product,Unit profit ($/kg),Feed,Tech,Pathway1,Pathway2,Product,Unit profit ($/kg),Feed,Tech,Pathway1,Pathway2,Product,Unit profit ($/kg),Feed,Tech,Pathway1,Pathway2,Product,Unit profit ($/kg),Feed,Tech,Pathway1,Pathway2,Product,Unit profit ($/kg),Feed,Tech,Pathway1,Pathway2,Product,Unit profit ($/kg),Feed,Tech,Pathway1,Pathway2,Product,Unit profit ($/kg),Feed,Tech,Pathway1,Pathway2,Product,Unit profit ($/kg),Feed,Tech,Pathway1,Pathway2,Product,Unit profit ($/kg),,,,,,,,,,,,,,,,,,,,,,,,,,,,,,,,,,
3,,,,,,,,,,,,,Filtering,,"PET, HT","PET, LT","PET, SG","PET, OG","PP, HT","PP, LT","PP, SG","PP, OG","PVC, HT","PVC, LT","PVC, SG","PVC, OG","PS, HT","PS, LT","PS, SG","PS, OG","PE, HT","PE, LT","PE, SG","PE, OG","PE, HG",PET,PP,PVC,PS,PE,,,,,,,,,,,,,,,,,,,,,,,,,,,PET,HT,#1,#6,GASOLINE_1,-0.09332265879999824,PET,LT,#1,#6,GASOLINE_1,-0.09228349427302582,PET,SG,#2,-,FT_4,-0.24045293945878896,PET,OG,#7,-,FT_1,-0.35740982858520237,PP,HT,#1,#6,Olefin,0.12440315043637526,PP,LT,#8,#6,DIESEL_1,0.21160961623867977,PP,SG,#1,-,MeOH_1,0.1644011585285861,PP,OG,#6,-,MeOH_1,-0.1602086835816303,PVC,HT,#1,#6,DIESEL_1,-0.19568244736690005,PVC,LT,#1,#6,GASOLINE_1,-0.22334581159571798,PVC,SG,#6,-,MeOH_1,-0.25262663552212183,PVC,OG,#6,-,MeOH_1,-0.3834080263455512,PS,HT,#1,-,GASOLINE_1,0.30955584822078197,PS,LT,#1,-,GASOLINE_1,0.32914427794134354,PS,SG,#6,-,MeOH_1,0.04773977269988819,PS,OG,#6,-,MeOH_1,-0.2138501288807918,PE,HT,#1,#1,MeOH_1,0.1785341413983228,PE,LT,#1,#6,DIESEL_1,-0.03621248230632034,PE,SG,#1,-,MeOH_1,0.1047754565572366,PE,OG,#6,-,MeOH_1,-0.2779932910204323,PE,HG,#1,-,DIESEL_1,0.09194978710974809,,,,,,,,,,,,,,,,,,,,,,,,,,,,,,,,,,
4,Feed,Tech,Pathway1,Pathway2,Product,Unit treatment cost ($/kg),Unit CO2 emission (kgCO2eq/kg),Unit energy consumption (MJ/kg),Unit profit ($/kg),Unit CO2 reduction (kgCO2eq/kg),Unit energy recovery (MJ/kg),Energy efficiency,,,False,False,False,False,False,False,False,False,False,False,False,False,False,False,False,False,False,False,False,False,False,False,False,False,False,False,,,,,,,,,,,,,,,,,,,,,,,,,,,H2 - 3.5,,,,,,,,,,,,,,,,,,,,,,,,,,,,,,,,,,,,,,,,,,,,,,,,,,,,,,,,,,,,,,,,,,,,,,,,,,,,,,,,,,,,,,,,,,,,,,,,,,,,,,,,,,,,,,,,,,,,,,,,,,,,,,,,,,,,,,,,,,,,,,,,,,,,,,,,,,,,,,,
5,PET,HT,#1,#1,GASOLINE_1,11783.852529911885,1.3521034997149672,2.3114024359081182,50000000,-0.7707396154797668,0.0873788030717364,48.74023520000001,(i),,,,,,,,,,,,,,,,,,,,,,,,,,,,,,,,,,,,,,,,,,,,,,,,,,,,,,Feed,Tech,Pathway1,Pathway2,Product,Unit profit ($/kg),Feed,Tech,Pathway1,Pathway2,Product,Unit profit ($/kg),Feed,Tech,Pathway1,Pathway2,Product,Unit profit ($/kg),Feed,Tech,Pathway1,Pathway2,Product,Unit profit ($/kg),Feed,Tech,Pathway1,Pathway2,Product,Unit profit ($/kg),Feed,Tech,Pathway1,Pathway2,Product,Unit profit ($/kg),Feed,Tech,Pathway1,Pathway2,Product,Unit profit ($/kg),Feed,Tech,Pathway1,Pathway2,Product,Unit profit ($/kg),Feed,Tech,Pathway1,Pathway2,Product,Unit profit ($/kg),Feed,Tech,Pathway1,Pathway2,Product,Unit profit ($/kg),Feed,Tech,Pathway1,Pathway2,Product,Unit profit ($/kg),Feed,Tech,Pathway1,Pathway2,Product,Unit profit ($/kg),Feed,Tech,Pathway1,Pathway2,Product,Unit profit ($/kg),Feed,Tech,Pathway1,Pathway2,Product,Unit profit ($/kg),Feed,Tech,Pathway1,Pathway2,Product,Unit profit ($/kg),Feed,Tech,Pathway1,Pathway2,Product,Unit profit ($/kg),Feed,Tech,Pathway1,Pathway2,Product,Unit profit ($/kg),Feed,Tech,Pathway1,Pathway2,Product,Unit profit ($/kg),Feed,Tech,Pathway1,Pathway2,Product,Unit profit ($/kg),Feed,Tech,Pathway1,Pathway2,Product,Unit profit ($/kg),Feed,Tech,Pathway1,Pathway2,Product,Unit profit ($/kg),,,,,,,,,,,,,,,,,,,,,,,,,,,,,,,,,,
6,PET,HT,#1,#2,GASOLINE_1,18816.529998328413,1.9387772807686927,2.8543370469179927,50000000,-1.1212236702474234,-0.1305569722586161,68.71291008000001,Feed,Tech,Pathway1,Pathway2,Product,Unit treatment cost ($/kg),Unit CO2 emission (kgCO2eq/kg),Unit energy consumption (MJ/kg),Unit profit ($/kg),Unit CO2 reduction (kgCO2eq/kg),Unit energy recovery (MJ/kg),Energy efficiency,,,Scenario 1: H2 price = 1.5 $/kg,,,,,,,,,,,,,,,,,,,,,,,,,,,,,,,,,,,,,,,,PET,HT,#8,#6,BA_1,-0.13135866154923803,PET,LT,#1,-,GASOLINE_1,-0.07939489722047113,PET,SG,#3,-,H2_1,-0.06735614384317316,PET,OG,#8,-,H2_1,-0.3775598965071741,PP,HT,#1,#7,MeOH_1,0.2160260613956767,PP,LT,#8,#6,DIESEL_1,0.14440961623867976,PP,SG,#8,-,H2_1,0.3699996521498514,PP,OG,#8,-,H2_1,-0.051229144775044796,PVC,HT,#1,#6,DIESEL_1,-0.18772732173247433,PVC,LT,#1,#6,GASOLINE_1,-0.24666070525757422,PVC,SG,#3,-,H2_1,-0.15809546364299187,PVC,OG,#8,-,H2_1,-0.3543538493828612,PS,HT,#1,-,GASOLINE_1,0.19076034689567264,PS,LT,#1,-,GASOLINE_1,0.20761819459400496,PS,SG,#3,-,H2_1,0.20181798185833075,PS,OG,#8,-,H2_1,-0.18418211648060134,PE,HT,#1,#1,MeOH_1,0.26264520032632904,PE,LT,#1,#6,DIESEL_1,-0.20931679027766734,PE,SG,#8,-,H2_1,0.29908101644083274,PE,OG,#3,-,H2_1,-0.13701892484983702,PE,HG,#3,-,DIESEL_1,-0.004767669819438254,,,,,,,,,,,,,,,,,,,,,,,,,,,,,,,,,,
7,PET,HT,#1,#3,GASOLINE_1,13921.86725755913,1.3369801014377285,1.5250162065825181,50000000,-0.7194318993431383,0.8854616018764376,49.1349391149461,,,,,,,,,>-0.311691925612265,>0,,,,,,ZONE 1,ZONE 2,ZONE 3,ZONE 4,Total,,,,,,,,,,,,,,,,,,,,,,,,,,,,,,,,,,,Feed,Tech,Pathway1,Pathway2,Product,Unit profit ($/kg),Feed,Tech,Pathway1,Pathway2,Product,Unit profit ($/kg),Feed,Tech,Pathway1,Pathway2,Product,Unit profit ($/kg),Feed,Tech,Pathway1,Pathway2,Product,Unit profit ($/kg),Feed,Tech,Pathway1,Pathway2,Product,Unit profit ($/kg),Feed,Tech,Pathway1,Pathway2,Product,Unit profit ($/kg),Feed,Tech,Pathway1,Pathway2,Product,Unit profit ($/kg),Feed,Tech,Pathway1,Pathway2,Product,Unit profit ($/kg),Feed,Tech,Pathway1,Pathway2,Product,Unit profit ($/kg),Feed,Tech,Pathway1,Pathway2,Product,Unit profit ($/kg),Feed,Tech,Pathway1,Pathway2,Product,Unit profit ($/kg),Feed,Tech,Pathway1,Pathway2,Product,Unit profit ($/kg),Feed,Tech,Pathway1,Pathway2,Product,Unit profit ($/kg),Feed,Tech,Pathway1,Pathway2,Product,Unit profit ($/kg),Feed,Tech,Pathway1,Pathway2,Product,Unit profit ($/kg),Feed,Tech,Pathway1,Pathway2,Product,Unit profit ($/kg),Feed,Tech,Pathway1,Pathway2,Product,Unit profit ($/kg),Feed,Tech,Pathway1,Pathway2,Product,Unit profit ($/kg),Feed,Tech,Pathway1,Pathway2,Product,Unit profit ($/kg),Feed,Tech,Pathway1,Pathway2,Product,Unit profit ($/kg),Feed,Tech,Pathway1,Pathway2,Product,Unit profit ($/kg),,,,,,,,,,,,,,,,,,,,,,,,,,,,,,,,,,
8,PET,HT,#1,#4,GASOLINE_1,1845.274731159038,1.437122868001541,2.898137608513199,50000000,-0.9000206836199293,-0.5666232520546812,56.06236000000001,,,,,,,,,,,,,,,PET,16,11,25,166,218,,,,,,,,,,,,,,,,,,,,,,,,,,,,,,,,,,,PET,HT,#9,-,GASOLINE_1,-0.10063279390128713,PET,LT,#1,-,GASOLINE_1,0.10391462322768945,PET,SG,#3,-,H2_1,0.24801618726111416,PET,OG,#8,-,H2_1,-0.2682543548751834,PP,HT,#1,#9,DIESEL_1,0.5536464027353734,PP,LT,#3,-,DIESEL_1,0.18922630942186744,PP,SG,#8,-,H2_1,0.9787875184001228,PP,OG,#8,-,H2_1,0.2801060997555919,PVC,HT,#1,#6,DIESEL_1,-0.17977219609804843,PVC,LT,#6,#6,MeOH_1,-0.25562009937401314,PVC,SG,#3,-,H2_1,0.08323544840372385,PVC,OG,#8,-,H2_1,-0.2450289314715608,PS,HT,#5,-,GASOLINE_1,0.2815336509132325,PS,LT,#5,-,GASOLINE_1,0.2618456271487497,PS,SG,#8,-,H2_1,0.6962900839596815,PS,OG,#8,-,H2_1,0.05829363852376801,PE,HT,#1,#3,DIESEL_1,0.5680492079528457,PE,LT,#3,-,WAX_1,-0.21873684888752806,PE,SG,#8,-,H2_1,0.9189169420838947,PE,OG,#8,-,H2_1,0.17521622182771496,PE,HG,#3,-,DIESEL_1,-0.0415750298194385,,,,,,,,,,,,,,,,,,,,,,,,,,,,,,,,,,
9,PET,HT,#1,#5,GASOLINE_1,15480.352797627671,1.9961613958580857,3.3290169918194006,50000000,-1.1882291520059942,-0.6144411910004867,72.39855056,(ii),,,,,,,,,,,,,,PP,46,156,0,38,240,,,,,,,,,,,,,,,,,,,,,,,,,,,,,,,,,,,,,,,,,,,,,,,,,,,,,,,,,,,,,,,,,,,,,,,,,,,,,,,,,,,,,,,,,,,,,,,,,,,,,,,,,,,,,,,,,,,,,,,,,,,,,,,,,,,,,,,,,,,,,,,,,,,,,,,,,,,,,,,,,,,,,,,,,,,,,,,,,,,,,,,,,,,,,,,,,,
10,PET,HT,#1,#6,GASOLINE_1,0,1.2259901472868147,1.0713747184307107,50000000,-0.6674735198775509,1.265779828841235,43.48483394832232,Feed,Tech,Pathway1,Pathway2,Product,Unit treatment cost ($/kg),Unit CO2 emission (kgCO2eq/kg),Unit energy consumption (MJ/kg),Unit profit ($/kg),Unit CO2 reduction (kgCO2eq/kg),Unit energy recovery (MJ/kg),Energy efficiency,,,PVC,13,19,41,167,240,,,,,,,,,,,,,,,,,,,,,,,,,,,,,,,,,,,,,,,,,,,,,,,,,,,,,,,,,,,,,,,,,,,,,,,,,,,,,,,,,,,,,,,,,,,,,,,,,,,,,,,,,,,,,,,,,,,,,,,,,,,,,,,,,,,,,,,,,,,,,,,,,,,,,,,,,,,,,,,,,,,,,,,,,,,,,,,,,,,,,,,,,,,,,,,,,,
11,PET,HT,#1,#7,GASOLINE_1,12737.722399779786,1.3400596060277652,1.78038555044416,50000000,-0.7327988589701064,0.6246089350971102,50.38876972784231,,,,,,,,,>-0.311691925612265,<0,,,,,PS,16,13,1,8,38,,,,,,,,,,,,,,,,,,,,,,,,,,,,,,,,,,,,,,,,,,,,,,,,,,,,,,,,,,,,,,,,,,,,,,,,,,,,,,,,,,,,,,,,,,,,,,,,,,,,,,,,,,,,,,,,,,,,,,,,,,,,,,,,,,,,,,,,,,,,,,,,,,,,,,,,,,,,,,,,,,,,,,,,,,,,,,,,,,,,,,,,,,,,,,,,,,
12,PET,HT,#1,#8,GASOLINE_1,2675.7948407853223,1.40730637233543,1.9026601369813916,50000000,-0.818608943608062,0.48916509652998,52.46855822875432,(iii),,,,,,,,,,,,,,PE,15,104,17,87,223,,,,,,,,,,,,,,,,,,,,,,,,,,,,,,,,,,,,,,,,,,,,,,,,,,,,,,,,,,,,,,,,,,,,,,,,,,,,,,,,,,,,,,,,,,,,,,,,,,,,,,,,,,,,,,,,,,,,,,,,,,,,,,,,,,,,,,,,,,,,,,,,,,,,,,,,,,,,,,,,,,,,,,,,,,,,,,,,,,,,,,,,,,,,,,,,,,
13,PET,HT,#1,#9,GASOLINE_1,14701.305228627294,1.3202637185347572,1.5962157821863792,50000000,-0.6983919992942067,0.8204183769608444,49.3428831511922,Feed,Tech,Pathway1,Pathway2,Product,Unit treatment cost ($/kg),Unit CO2 emission (kgCO2eq/kg),Unit energy consumption (MJ/kg),Unit profit ($/kg),Unit CO2 reduction (kgCO2eq/kg),Unit energy recovery (MJ/kg),Energy efficiency,,,,106,303,84,466,959,,,,,,,,,,,,,,,,,,,,,,,,,,,,,,,,,,,,,,,,,,,,,,,,,,,,,,,,,,,,,,,,,,,,,,,,,,,,,,,,,,,,,,,,,,,,,,,,,,,,,,,,,,,,,,,,,,,,,,,,,,,,,,,,,,,,,,,,,,,,,,,,,,,,,,,,,,,,,,,,,,,,,,,,,,,,,,,,,,,,,,,,,,,,,,,,,,
14,PET,HT,#1,#10,GASOLINE_1,2531.6113552924094,1.4100257817295625,2.026370949142405,50000000,-0.8406711410052388,0.31671601905551316,53.76382736272232,,,,,,,,,<-0.311691925612265,>0,,,,,,,,,,,,,,,,,,,,,,,,,,,,,,,,,,,,,,,,,,,,,,,,,,,,,,,,,,,,,,,,,,,,,,,,,,,,,,,,,,,,,,,,,,,,,,,,,,,,,,,,,,,,,,,,,,,,,,,,,,,,,,,,,,,,,,,,,,,,,,,,,,,,,,,,,,,,,,,,,,,,,,,,,,,,,,,,,,,,,,,,,,,,,,,,,,,,,,,,,,,,
15,PET,HT,#1,#11,GASOLINE_1,416.5325164778093,1.4287680794823376,2.0364261290910526,50000000,-0.8442376313602518,0.3514809735390127,54.108358532754316,(iv),,,,,,,,,,,,,,Scenario 2: H2 price = 3.5 $/kg,,,,,,,,,,,,,,,,,,,,,,,,,,,,,,,,,,,,,,,,,,,,,,,,,,,,,,,,,,,,,,,,,,,,,,,,,,,,,,,,,,,,,,,,,,,,,,,,,,,,,,,,,,,,,,,,,,,,,,,,,,,,,,,,,,,,,,,,,,,,,,,,,,,,,,,,,,,,,,,,,,,,,,,,,,,,,,,,,,,,,,,,,,,,,,,,,,,,,,,
16,PET,HT,#2,#1,GASOLINE_1,11783.852529911885,1.5100034280268564,3.0005216573193945,50000000,-0.9943345047131974,-0.40560872544388116,54.7589094112,Feed,Tech,Pathway1,Pathway2,Product,Unit treatment cost ($/kg),Unit CO2 emission (kgCO2eq/kg),Unit energy consumption (MJ/kg),Unit profit ($/kg),Unit CO2 reduction (kgCO2eq/kg),Unit energy recovery (MJ/kg),Energy efficiency,,,,ZONE 1,ZONE 2,ZONE 3,ZONE 4,Total,,,,,,,,,,,,,,,,,,,,,,,,,,,,,,,,,,,,,,,,,,,,,,,,,,,,,,,,,,,,,,,,,,,,,,,,,,,,,,,,,,,,,,,,,,,,,,,,,,,,,,,,,,,,,,,,,,,,,,,,,,,,,,,,,,,,,,,,,,,,,,,,,,,,,,,,,,,,,,,,,,,,,,,,,,,,,,,,,,,,,,,,,,,,,,,,,,
17,PET,HT,#2,#2,GASOLINE_1,18816.529998328413,2.0966772090805823,3.5434562683292694,50000000,-1.344818559480854,-0.623544500774234,74.73158429120001,,,,,,,,,<-0.311691925612265,<0,,,,,PET,16,8,26,169,219,,,,,,,,,,,,,,,,,,,,,,,,,,,,,,,,,,,,,,,,,,,,,,,,,,,,,,,,,,,,,,,,,,,,,,,,,,,,,,,,,,,,,,,,,,,,,,,,,,,,,,,,,,,,,,,,,,,,,,,,,,,,,,,,,,,,,,,,,,,,,,,,,,,,,,,,,,,,,,,,,,,,,,,,,,,,,,,,,,,,,,,,,,,,,,,,,,
18,PET,HT,#2,#3,GASOLINE_1,13921.86725755913,1.494880029749619,2.2141354279937944,50000000,-0.9430267885765704,0.3924740733608204,55.153613326146086,,,,,,,,,,,,,,,PP,46,120,1,74,241,,,,,,,,,,,,,,,,,,,,,,,,,,,,,,,,,,,,,,,,,,,,,,,,,,,,,,,,,,,,,,,,,,,,,,,,,,,,,,,,,,,,,,,,,,,,,,,,,,,,,,,,,,,,,,,,,,,,,,,,,,,,,,,,,,,,,,,,,,,,,,,,,,,,,,,,,,,,,,,,,,,,,,,,,,,,,,,,,,,,,,,,,,,,,,,,,,
19,PET,HT,#2,#4,GASOLINE_1,1845.274731159038,1.59502279631343,3.5872568299244754,50000000,-1.1236155728533597,-1.0596107805702983,62.08103421119999,,,,,,,,,,,,,,,PVC,13,5,47,181,246,,,,,,,,,,,,,,,,,,,,,,,,,,,,,,,,,,,,,,,,,,,,,,,,,,,,,,,,,,,,,,,,,,,,,,,,,,,,,,,,,,,,,,,,,,,,,,,,,,,,,,,,,,,,,,,,,,,,,,,,,,,,,,,,,,,,,,,,,,,,,,,,,,,,,,,,,,,,,,,,,,,,,,,,,,,,,,,,,,,,,,,,,,,,,,,,,,
20,PET,HT,#2,#5,GASOLINE_1,15480.352797627671,2.1540613241699766,4.018136213230677,50000000,-1.4118240412394267,-1.1074287195161039,78.41722477119998,,,,,,,,,,,,,,,PS,16,10,1,11,38,,,,,,,,,,,,,,,,,,,,,,,,,,,,,,,,,,,Feed,Tech,Pathway1,Pathway2,Unit profit ($/kg),Unit CO2 reduction (kgCO2eq/kg),Feed,Tech,Pathway1,Pathway2,Unit profit ($/kg),Unit CO2 reduction (kgCO2eq/kg),Feed,Tech,Pathway1,Pathway2,Unit profit ($/kg),Unit CO2 reduction (kgCO2eq/kg),Feed,Tech,Pathway1,Pathway2,Unit profit ($/kg),Unit CO2 reduction (kgCO2eq/kg),Feed,Tech,Pathway1,Pathway2,Unit profit ($/kg),Unit CO2 reduction (kgCO2eq/kg),Feed,Tech,Pathway1,Pathway2,Unit profit ($/kg),Unit CO2 reduction (kgCO2eq/kg),Feed,Tech,Pathway1,Pathway2,Unit profit ($/kg),Unit CO2 reduction (kgCO2eq/kg),Feed,Tech,Pathway1,Pathway2,Unit profit ($/kg),Unit CO2 reduction (kgCO2eq/kg),Feed,Tech,Pathway1,Pathway2,Unit profit ($/kg),Unit CO2 reduction (kgCO2eq/kg),Feed,Tech,Pathway1,Pathway2,Unit profit ($/kg),Unit CO2 reduction (kgCO2eq/kg),Feed,Tech,Pathway1,Pathway2,Unit profit ($/kg),Unit CO2 reduction (kgCO2eq/kg),Feed,Tech,Pathway1,Pathway2,Unit profit ($/kg),Unit CO2 reduction (kgCO2eq/kg),Feed,Tech,Pathway1,Pathway2,Unit profit ($/kg),Unit CO2 reduction (kgCO2eq/kg),Feed,Tech,Pathway1,Pathway2,Unit profit ($/kg),Unit CO2 reduction (kgCO2eq/kg),Feed,Tech,Pathway1,Pathway2,Unit profit ($/kg),Unit CO2 reduction (kgCO2eq/kg),Feed,Tech,Pathway1,Pathway2,Unit profit ($/kg),Unit CO2 reduction (kgCO2eq/kg),Feed,Tech,Pathway1,Pathway2,Unit profit ($/kg),Unit CO2 reduction (kgCO2eq/kg),Feed,Tech,Pathway1,Pathway2,Unit profit ($/kg),Unit CO2 reduction (kgCO2eq/kg),Feed,Tech,Pathway1,Pathway2,Unit profit ($/kg),Unit CO2 reduction (kgCO2eq/kg),Feed,Tech,Pathway1,Pathway2,Unit profit ($/kg),Unit CO2 reduction (kgCO2eq/kg),Feed,Tech,Pathway1,Pathway2,Unit profit ($/kg),Unit CO2 reduction (kgCO2eq/kg),Feed,Tech,Pathway1,Pathway2,Product,Unit CO2 reduction (kgCO2eq/kg),Feed,Tech,Pathway1,Pathway2,Product,Unit CO2 reduction (kgCO2eq/kg),Feed,Tech,Pathway1,Pathway2,Product,Unit CO2 reduction (kgCO2eq/kg),Feed,Tech,Pathway1,Pathway2,Product,Unit CO2 reduction (kgCO2eq/kg),Feed,Tech,Pathway1,Pathway2,Product,Unit CO2 reduction (kgCO2eq/kg),Feed,Tech,Unit profit ($/kg),Unit CO2 reduction (kgCO2eq/kg)
21,PET,HT,#2,#6,GASOLINE_1,0,1.3838900755987054,1.760493939841987,50000000,-0.8910684091109831,0.7727923003256173,49.50350815952231,,,,,,,,,,,,,,,PE,15,68,9,123,215,,,,,,,,,,,,,,,,,,,,,,,,,,,,,,,,,,,PET,HT,#8,#6,-0.19250634423479512,2.475119641863759,PET,LT,#8,#6,-0.4433414686823809,1.627603573660019,PET,SG,#6,-,-0.34746109085878557,-0.2799020763231498,PET,OG,#7,-,-0.6616446089191814,0.8432211940981377,PP,HT,#8,#6,-0.3780627335304229,2.1817719509575446,PP,LT,#8,#6,-0.1250936289126605,1.78338862252592,PP,SG,#6,-,-0.04820204046742859,-1.1854271968899546,PP,OG,#7,-,-0.25508030406350357,0.5388163944864026,PVC,HT,#8,#6,-0.6479744968584821,1.041408185703825,PVC,LT,#8,#6,-0.6886095240368119,0.9847610689826021,PVC,SG,#2,-,-0.4299718351921189,-0.4651793933330166,PVC,OG,#7,-,-0.6645151195861155,0.4853294298233416,PS,HT,#8,-,-0.2975879817468129,3.618949592263816,PS,LT,#8,-,-0.022527830291628703,3.104515699207576,PS,SG,#6,-,-0.14767331427981376,-0.5255803982582223,PS,OG,#7,-,-0.5498140124082312,1.3834678894282808,PE,HT,#8,#6,-0.3876970785456379,1.996107736697189,PE,LT,#1,#6,-0.4896159955588689,1.3505290591841126,PE,SG,#6,-,-0.10321552910189724,-1.185981925456763,PE,OG,#7,-,-0.712210467730769,0.7425730716068669,PE,HG,#3,-,-0.2257126233004648,1.098031722226957,PET,HT,#8,#6,BA_1,2.475119641863759,PP,HT,#8,#6,Olefin,2.1817719509575446,PVC,HT,#8,#6,Aromatics,1.041408185703825,PS,HT,#8,-,Aromatics,3.618949592263816,PE,HT,#8,#6,Olefin,1.996107736697189,PET,HT,-0.19250634423479512,2.475119641863759
22,PET,HT,#2,#7,GASOLINE_1,12737.722399779786,1.4979595343396548,2.469504771855436,50000000,-0.9563937482035373,0.1316214065814927,56.4074439390423,PET,HT,,,,,,,,,,,,,,106,211,84,558,959,,,,,,,,,,,,,,,,,,,,,,,,,,,,,,,,,,,,,,,,,,,,,,,,,,,,,,,,,,,,,,,,,,,,,,,,,,,,,,,,,,,,,,,,,,,,,,,,,,,,,,,,,,,,,,,,,,,,,,,,,,,,,,,,,,,,,,,,,,,,,,,,,,,,,,,,,,,,,,,,,,,,,,,,,,,,,,,,,,,,,,,,,,,,,,,PET,LT,-0.4433414686823809,1.627603573660019
23,PET,HT,#2,#8,GASOLINE_1,2675.7948407853223,1.5652063006473196,2.5917793583926683,50000000,-1.0422038328414929,-0.0038224319856375454,58.48723243995431,Feed,Tech,Pathway1,Pathway2,Product,Unit treatment cost ($/kg),Unit CO2 emission (kgCO2eq/kg),Unit energy consumption (MJ/kg),Unit profit ($/kg),Unit CO2 reduction (kgCO2eq/kg),Unit energy recovery (MJ/kg),Energy efficiency,,,,,,,,,,,,,,,,,,,,,,,,,,,,,,,,,,,,,,,,,,,,,,,,,,,,,,,,,,,,,,,,,,,,,,,,,,,,,,,,,,,,,,,,,,,,,,,,,,,,,,,,,,,,,,,,,,,,,,,,,,,,,,,,,,,,,,,,,,,,,,,,,,,,,,,,,,,,,,,,,,,,,,,,,,,,,,,,,,,,,,,,,,,,,,,,,,,,,,,PET,SG,-0.34746109085878557,-0.2799020763231498
24,PET,HT,#2,#9,GASOLINE_1,14701.305228627294,1.4781636468466466,2.2853350035976554,50000000,-0.9219868885276375,0.32743084844522685,55.361557362392205,PET,HT,#1,#6,GASOLINE_1,0.7896273017589682,0.9470139275923507,41.012723108962305,-0.09332265879999824,1.3991690161984476,-11.886067880828215,0.7101858403976397,,,Scenario 3: H2 price = 5.5 $/kg,,,,,,,,,,,,,,,,,,,,,,,,,,,,,,,,,,,,,,,,,,,,,,,,,,,,,,,,,,,,,,,,,,,,,,,,,,,,,,,,,,,,,,,,,,,,,,,,,,,,,,,,,,,,,,,,,,,,,,,,,,,,,,,,,,,,,,,,,,,,,,,,,,,,,,,,,,,,,,,,,,,,,,,,,,,,,,,,,,,,,,,,,,,,,,,,,,,,PET,OG,-0.6616446089191814,0.8432211940981377
25,PET,HT,#2,#10,GASOLINE_1,2531.6113552924094,1.5679257100414523,2.7154901705536805,50000000,-1.06426603023867,-0.1762715094601035,59.78250157392231,,,,,,,,,,,,,,,,ZONE 1,ZONE 2,ZONE 3,ZONE 4,Total,,,,,,,,,,,,,,,,,,,,,,,,,,,,,,,,,,,,,,,,,,,,,,,,,,,,,,,,,,,,,,,,,,,,,,,,,,,,,,,,,,,,,,,,,,,,,,,,,,,,,,,,,,,,,,,,,,,,,,,,,,,,,,,,,,,,,,,,,,,,,,,,,,,,,,,,,,,,,,,,,,,,,,,,,,,,,,,,,,,,,,,,,,,,,,,PP,HT,-0.3780627335304229,2.1817719509575446
26,PET,HT,#2,#11,GASOLINE_1,416.5325164778093,1.5866680077942281,2.725545350502329,50000000,-1.0678325205936838,-0.14150655497660516,60.1270327439543,,,,,,,,,,,,,,,PET,16,8,26,169,219,,,,,,,,,,,,,,,,,,,,,,,,,,,,,,,,,,,,,,,,,,,,,,,,,,,,,,,,,,,,,,,,,,,,,,,,,,,,,,,,,,,,,,,,,,,,,,,,,,,,,,,,,,,,,,,,,,,,,,,,,,,,,,,,,,,,,,,,,,,,,,,,,,,,,,,,,,,,,,,,,,,,,,,,,,,,,,,,,,,,,,,,,,,,,,,PP,LT,-0.1250936289126605,1.78338862252592
27,PET,HT,#3,#1,GASOLINE_1,43835.53037984737,1.6075171061649605,3.770354300835437,50000000,-0.9230280952129549,-1.2181951830324365,62.508480784479666,,,,,,,,,,,,,,,PP,46,120,1,74,241,,,,,,,,,,,,,,,,,,,,,,,,,,,,,,,,,,,,,,,,,,,,,,,,,,,,,,,,,,,,,,,,,,,,,,,,,,,,,,,,,,,,,,,,,,,,,,,,,,,,,,,,,,,,,,,,,,,,,,,,,,,,,,,,,,,,,,,,,,,,,,,,,,,,,,,,,,,,,,,,,,,,,,,,,,,,,,,,,,,,,,,,,,,,,,,PP,SG,-0.04820204046742859,-1.1854271968899546
28,PET,HT,#3,#2,GASOLINE_1,50868.2078482639,2.194190887218686,4.313288911845313,50000000,-1.273512149980611,-1.4361309583627904,82.48115566447967,,,,,,,,,,,,,,,PVC,13,5,47,181,246,,,,,,,,,,,,,,,,,,,,,,,,,,,,,,,,,,,,,,,,,,,,,,,,,,,,,,,,,,,,,,,,,,,,,,,,,,,,,,,,,,,,,,,,,,,,,,,,,,,,,,,,,,,,,,,,,,,,,,,,,,,,,,,,,,,,,,,,,,,,,,,,,,,,,,,,,,,,,,,,,,,,,,,,,,,,,,,,,,,,,,,,,,,,,,,PP,OG,-0.25508030406350357,0.5388163944864026
29,PET,HT,#3,#3,GASOLINE_1,45973.54510749462,1.5923937078877217,2.983968071509837,50000000,-0.8717203790763264,-0.4201123842277342,62.90318469942577,,,,,,,,,,,,,,,PS,16,10,1,11,38,,,,,,,,,,,,,,,,,,,,,,,,,,,,,,,,,,,,,,,,,,,,,,,,,,,,,,,,,,,,,,,,,,,,,,,,,,,,,,,,,,,,,,,,,,,,,,,,,,,,,,,,,,,,,,,,,,,,,,,,,,,,,,,,,,,,,,,,,,,,,,,,,,,,,,,,,,,,,,,,,,,,,,,,,,,,,,,,,,,,,,,,,,,,,,,PVC,HT,-0.6479744968584821,1.041408185703825
30,PET,HT,#3,#4,MeOH_1,33896.95258109453,1.692536474451534,4.357089473440518,50000000,-1.052309163353117,-1.8721972381588536,69.83060558447967,,,,,,,,,,,,,,,PE,15,68,9,123,215,,,,,,,,,,,,,,,,,,,,,,,,,,,,,,,,,,,,,,,,,,,,,,,,,,,,,,,,,,,,,,,,,,,,,,,,,,,,,,,,,,,,,,,,,,,,,,,,,,,,,,,,,,,,,,,,,,,,,,,,,,,,,,,,,,,,,,,,,,,,,,,,,,,,,,,,,,,,,,,,,,,,,,,,,,,,,,,,,,,,,,,,,,,,,,,PVC,LT,-0.6886095240368119,0.9847610689826021
31,PET,HT,#3,#5,GASOLINE_1,47532.03064756316,2.2515750023080807,4.787968856746719,50000000,-1.340517631739184,-1.9200151771046592,86.16679614447966,,,,,,,,,,,,,,,,106,211,84,558,959,,,,,,,,,,,,,,,,,,,,,,,,,,,,,,,,,,,,,,,,,,,,,,,,,,,,,,,,,,,,,,,,,,,,,,,,,,,,,,,,,,,,,,,,,,,,,,,,,,,,,,,,,,,,,,,,,,,,,,,,,,,,,,,,,,,,,,,,,,,,,,,,,,,,,,,,,,,,,,,,,,,,,,,,,,,,,,,,,,,,,,,,,,,,,,,PVC,SG,-0.4299718351921189,-0.4651793933330166
32,PET,HT,#3,#6,GASOLINE_1,32051.677849935488,1.4814037537368099,2.5303265833580295,50000000,-0.8197619996107403,-0.039794157262937425,57.25307953280199,,,,,,,,,,,,,,,,,,,,,,,,,,,,,,,,,,,,,,,,,,,,,,,,,,,,,,,,,,,,,,,,,,,,,,,,,,,,,,,,,,,,,,,,,,,,,,,,,,,,,,,,,,,,,,,,,,,,,,,,,,,,,,,,,,,,,,,,,,,,,,,,,,,,,,,,,,,,,,,,,,,,,,,,,,,,,,,,,,,,,,,,,,,,,,,,,,,,,,,,,,,,,,,,,,,PVC,OG,-0.6645151195861155,0.4853294298233416
33,PET,HT,#3,#7,GASOLINE_1,44789.400249715276,1.5954732124777589,3.239337415371478,50000000,-0.8850873387032948,-0.6809650510070616,64.15701531232197,,,,,,,,,,,,,,,,,,,,,,,,,,,,,,,,,,,,,,,,,,,,,,,,,,,,,,,,,,,,,,,,,,,,,,,,,,,,,,,,,,,,,,,,,,,,,,,,,,,,,,,,,,,,,,,,,,,,,,,,,,,,,,,,,,,,,,,,,,,,,,,,,,,,,,,,,,,,,,,,,,,,,,,,,,,,,,,,,,,,,,,,,,,,,,,,,,,,,,,,,,,,,,,,,,,PS,HT,-0.2975879817468129,3.618949592263816
34,PET,HT,#3,#8,GASOLINE_1,34727.47269072081,1.6627199787854237,3.3616120019087106,50000000,-0.9708974233412503,-0.8164088895741922,66.23680381323398,,,,,,,,,,,,,,,,,,,,,,,,,,,,,,,,,,,,,,,,,,,,,,,,,,,,,,,,,,,,,,,,,,,,,,,,,,,,,,,,,,,,,,,,,,,,,,,,,,,,,,,,,,,,,,,,,,,,,,,,,,,,,,,,,,,,,,,,,,,,,,,,,,,,,,,,,,,,,,,,,,,,,,,,,,,,,,,,,,,,,,,,,,,,,,,,,,,,,,,,,,,,,,,,,,,PS,LT,-0.022527830291628703,3.104515699207576
35,PET,HT,#3,#9,GASOLINE_1,46752.98307856278,1.5756773249847502,3.0551676471136977,50000000,-0.8506804790273942,-0.48515560914332745,63.111128735671876,,,,,,,,,,,,,,,,,,,,,,,,,,,,,,,,,,,,,,,,,,,,,,,,,,,,,,,,,,,,,,,,,,,,,,,,,,,,,,,,,,,,,,,,,,,,,,,,,,,,,,,,,,,,,,,,,,,,,,,,,,,,,,,,,,,,,,,,,,,,,,,,,,,,,,,,,,,,,,,,,,,,,,,,,,,,,,,,,,,,,,,,,,,,,,,,,,,,,,,,,,,,,,,,,,,PS,SG,-0.14767331427981376,-0.5255803982582223
36,PET,HT,#3,#10,MeOH_1,34583.2892052279,1.6654393881795557,3.4853228140697237,50000000,-0.9929596207384267,-0.9888579670486587,67.53207294720198,,,,,,,,,,,,,,,,,,,,,,,,,,,,,,,,,,,,,,,,,,,,,,,,,,,,,,,,,,,,,,,,,,,,,,,,,,,,,,,,,,,,,,,,,,,,,,,,,,,,,,,,,,,,,,,,,,,,,,,,,,,,,,,,,,,,,,,,,,,,,,,,,,,,,,,,,,,,,,,,,,,,,,,,,,,,,,,,,,,,,,,,,,,,,,,,,,,,,,,,,,,,,,,,,,,PS,OG,-0.5498140124082312,1.3834678894282808
37,PET,HT,#3,#11,GASOLINE_1,32468.2103664133,1.6841816859323322,3.495377994018371,50000000,-0.9965261110934411,-0.9540930125651592,67.87660411723398,,,,,,,,,,,,,,,,,,,,,,,,,,,,,,,,,,,,,,,,,,,,,,,,,,,,,,,,,,,,,,,,,,,,,,,,,,,,,,,,,,,,,,,,,,,,,,,,,,,,,,,,,,,,,,,,,,,,,,,,,,,,,,,,,,,,,,,,,,,,,,,,,,,,,,,,,,,,,,,,,,,,,,,,,,,,,,,,,,,,,,,,,,,,,,,,,,,,,,,,,,,,,,,,,,,PE,HT,-0.3876970785456379,1.996107736697189
38,PET,HT,#4,#1,GASOLINE_1,32371.478660838402,1.6772490261439994,4.106990329549101,50000000,-1.0073750482785817,-1.501638565037117,65.32884544539166,,,,,,,,,,,,,,,,,,,,,,,,,,,,,,,,,,,,,,,,,,,,,,,,,,,,,,,,,,,,,,,,,,,,,,,,,,,,,,,,,,,,,,,,,,,,,,,,,,,,,,,,,,,,,,,,,,,,,,,,,,,,,,,,,,,,,,,,,,,,,,,,,,,,,,,,,,,,,,,,,,,,,,,,,,,,,,,,,,,,,,,,,,,,,,,,,,,,,,,,,,,,,,,,,,,PE,LT,-0.4896159955588689,1.3505290591841126
39,PET,HT,#4,#2,GASOLINE_1,39404.15612925494,2.263922807197725,4.649924940558976,50000000,-1.3578591030462381,-1.7195743403674697,85.30152032539166,,,,,,,,,,,,,,,,,,,,,,,,,,,,,,,,,,,,,,,,,,,,,,,,,,,,,,,,,,,,,,,,,,,,,,,,,,,,,,,,,,,,,,,,,,,,,,,,,,,,,,,,,,,,,,,,,,,,,,,,,,,,,,,,,,,,,,,,,,,,,,,,,,,,,,,,,,,,,,,,,,,,,,,,,,,,,,,,,,,,,,,,,,,,,,,,,,,,,,,,,,,,,,,,,,,PE,SG,-0.10321552910189724,-1.185981925456763
40,PET,HT,#4,#3,GASOLINE_1,34509.49338848565,1.6621256278667604,3.320604100223501,50000000,-0.9560673321419532,-0.7035557662324154,65.72354936033777,,,,,,,Aromatics,4,,,,,,,,,,,,,Aromatics,0,,,,,,,,,,,,,Aromatics,23,,,,,,,,,,,,Aromatics,17,,,,,,,,,,,,,,,,,,,,,,,,,,,,,,,,,,,,,,,,,,,,,,,,,,,,,,,,,,,,,,,,,,,,,,,,,,,,,,,,,,,,,,,,,,,,,,,,,,,,,,,,,,,,,,,,,,,,,,,,,,,,,,,,,,,,,,,,,,,,,,,,,,,,,,,,,,,,,,,,,,PE,OG,-0.712210467730769,0.7425730716068669
41,PET,HT,#4,#4,GASOLINE_1,22432.900862085557,1.762268394430573,4.693725502154182,50000000,-1.1366561164187436,-2.1556406201635347,72.65097024539166,,,,,,,BA_1,4,,,,,,,,,,,,,BA_1,2,,,,,,,,,,,,,BA_1,1,,,,,,,,,,,,BA_1,13,,,,,,,,,,,,,,,,,,,,,,,,,,,,,,,,,,,,,,,,,,,,,,,,,,,,,,,,,,,,,,,,,,,,,,,,,,,,,,,,,,,,,,,,,,,,,,,,,,,,,,,,,,,,,,,,,,,,,,,,,,,,,,,,,,,,,,,,,,,,,,,,,,,,,,,,,,,,,,,,,,PE,HG,-0.2257126233004648,1.098031722226957
42,PET,HT,#4,#5,GASOLINE_1,36067.97892855419,2.3213069222871194,5.124604885460384,50000000,-1.424864584804811,-2.2034585591093405,88.98716080539165,,,,,,,DIESEL_1,38,,,,,,,,,,,,,DIESEL_1,83,,,,,,,,,,,,,DIESEL_1,13,,,,,,,,,,,,DIESEL_1,38,,,,,,,,,,,,,,,,,,,,,,,,,,,,,,,,,,,,,,,,,,,,,,,,,,,,,,,,,,,,,,,,,,,,,,,,,,,,,,,,,,,,,,,,,,,,,,,,,,,,,,,,,,,,,,,,,,,,,,,,,,,,,,,,,,,,,,,,,,,,,,,,,,,,,,,,,,,,,,,,,,,,-0.3723103823003243,1.0292154210692974
43,PET,HT,#4,#6,GASOLINE_1,20587.626130926517,1.5511356737158486,2.8669626120716933,50000000,-0.9041089526763673,-0.32323753926761867,60.07344419371398,,,,,,,FT_1,0,,,,,,,,,,,,,FT_1,66,,,,,,,,,,,,,FT_1,3,,,,,,,,,,,,FT_1,93,,,,,,,,,,,,,,,,,,,,,,,,,,,,,,,,,,,,,,,,,,,,,,,,,,,,,,,,,,,,,,,,,,,,,,,,,,,,,,,,,,,,,,,,,,,,,,,,,,,,,,,,,,,,,,,,,,,,,,,,,,,,,,,,,,,,,,,,,,,,,,,,,,,,,,,,,,,,,,,,,,,,,
44,PET,HT,#4,#7,GASOLINE_1,33325.3485307063,1.6652051324567976,3.575973444085142,50000000,-0.9694342917689215,-0.9644084330117428,66.97737997323398,,,,,,,FT_4,0,,,,,,,,,,,,,FT_4,1,,,,,,,,,,,,,FT_4,0,,,,,,,,,,,,FT_4,1,,,,,,,,,,,,,,,,,,,,,,,,,,,,,,,,,,,,,,,,,,,,,,,,,,,,,,,,,,,,,,,,,,,,,,,,,,,,,,,,,,,,,,,,,,,,,,,,,,,,,,,,,,,,,,,,,,,,,,,,,,,,,,,,,,,,,,,,,,,,,,,,,,,,,,,,,,,,,,,,,,,,,
45,PET,HT,#4,#8,GASOLINE_1,23263.42097171184,1.7324518987644624,3.698248030622374,50000000,-1.0552443764068768,-1.0998522715788728,69.05716847414598,PET,16,,HT,51,,GASOLINE_1,23,,,,,,,PET,11,,HT,164,,GASOLINE_1,9,,,,,,,PET,25,,HT,30,,GASOLINE_1,22,,,,,,PET,166,,HT,193,,GASOLINE_1,112,,,,,,,,,,,,,,,,,,,,,,,,,,,,,,,,,,,,,,,,,,,,,,,,,,,,,,,,,,,,,,,,,,,,,,,,,,,,,,,,,,,,,,,,,,,,,,,,,,,,,,,,,,,,,,,,,,,,,,,,,,,,,,,,,,,,,,,,,,,,,,,,,,,,,,,,,,,,,,,,,,,,,
46,PET,HT,#4,#9,GASOLINE_1,35288.93135955381,1.6454092449637898,3.3918036758273615,50000000,-0.935027432093022,-0.7685989911480084,65.93149339658387,PP,46,,LT,41,,H2_1,12,,,,,,,PP,156,,LT,95,,H2_1,35,,,,,,,PP,0,,LT,48,,H2_1,1,,,,,,PP,38,,LT,232,,H2_1,0,,,,,,,,,,,,,,,,,,,,,,,,,,,,,,,,,,,,,,,,,,,,,,,,,,,,,,,,,,,,,,,,,,,,,,,,,,,,,,,,,,,,,,,,,,,,,,,,,,,,,,,,,,,,,,,,,,,,,,,,,,,,,,,,,,,,,,,,,,,,,,,,,,,,,,,,,,,,,,,,,,,,,
47,PET,HT,#4,#10,GASOLINE_1,23119.237486218928,1.7351713081585947,3.821958842783388,50000000,-1.077306573804054,-1.27230134905334,70.35243760811397,PVC,13,,SG,0,,MeOH_1,9,,,,,,,PVC,19,,SG,39,,MeOH_1,94,,,,,,,PVC,41,,SG,0,,MeOH_1,4,,,,,,PVC,167,,SG,11,,MeOH_1,120,,,,,,,,,,,,,,,,,,,,,,,,,,,,,,,,,,,,,,,,,,,,,,,,,,,,,,,,,,,,,,,,,,,,,,,,,,,,,,,,,,,,,,,,,,,,,,,,,,,,,,,,,,,,,,,,,,,,,,,,,,,,,,,,,,,,,,,,,,,,,,,,,,,,,,,,,,,,,,,,,,,,,
48,PET,HT,#4,#11,GASOLINE_1,21004.15864740433,1.7539136059113714,3.832014022732035,50000000,-1.0808730641590683,-1.2375363945698403,70.69696877814597,PS,16,,OG,12,,Olefin,16,,,,,,,PS,13,,OG,3,,Olefin,5,,,,,,,PS,1,,OG,6,,Olefin,11,,,,,,PS,8,,OG,29,,Olefin,10,,,,,,,,,,,,,,,,,,,,,,,,,,,,,,,,,,,,,,,,,,,,,,,,,,,,,,,,,,,,,,,,,,,,,,,,,,,,,,,,,,,,,,,,,,,,,,,,,,,,,,,,,,,,,,,,,,,,,,,,,,,,,,,,,,,,,,,,,,,,,,,,,,,,,,,,,,,,,,,,,,,,,
49,PET,HT,#5,#1,GASOLINE_1,78956.61343782974,1.5163999201761371,3.594047105875734,50000000,-0.6962576977109447,-0.8412607415551913,61.652792685229514,PE,15,,HG,2,,WAX_1,0,,,,,,,PE,104,,HG,2,,WAX_1,8,,,,,,,PE,17,,HG,0,,WAX_1,6,,,,,,PE,87,,HG,1,,WAX_1,62,,,,,,,,,,,,,,,,,,,,,,,,,,,,,,,,,,,,,,,,,,,,,,,,,,,,,,,,,,,,,,,,,,,,,,,,,,,,,,,,,,,,,,,,,,,,,,,,,,,,,,,,,,,,,,,,,,,,,,,,,,,,,,,,,,,,,,,,,,,,,,,,,,,,,,,,,,,,,,,,,,,,,
50,PET,HT,#5,#2,GASOLINE_1,85989.29090624627,2.1030737012298624,4.13698171688561,50000000,-1.0467417524786014,-1.0591965168855453,81.62546756522953,,106,,,106,,,106,,,,,,,,303,,,303,,,303,,,,,,,,84,,,84,,,84,,,,,,,466,,,466,,,466,,,,,,,,,,,,,,,,,,,,,,,,,,,,,,,,,,,,,,,,,,,,,,,,,,,,,,,,,,,,,,,,,,,,,,,,,,,,,,,,,,,,,,,,,,,,,,,,,,,,,,,,,,,,,,,,,,,,,,,,,,,,,,,,,,,,,,,,,,,,,,,,,,,,,,,,,,,,,,,,,,,,,
51,PET,HT,#5,#3,GASOLINE_1,81094.628165477,1.5012765218988997,2.8076608765501345,50000000,-0.6449499815743177,-0.04317794275049001,62.0474966001756,,,,,,,,,,,,,,,,,,,,,,,,,,,,,,,,,,,,,,,,,,,,,,,,,,,,,,,,,,,,,,,,,,,,,,,,,,,,,,,,,,,,,,,,,,,,,,,,,,,,,,,,,,,,,,,,,,,,,,,,,,,,,,,,,,,,,,,,,,,,,,,,,,,,,,,,,,,,,,,,,,,,,,,,,,,,,,,,,,,,,,,,,,,,,,,,,,,,,,,,,,,,,,,,,,,,,,
52,PET,HT,#5,#4,GASOLINE_1,69018.0356390769,1.6014192884627108,4.180782278480817,50000000,-0.8255387658511071,-1.4952627966816103,68.97491748522953,(i),,,,,,,,,,,,,,(ii),,,,,,,,,,,,,,(iii),,,,,,,,,,,,,(iv),,,,,,,,,,,,,,,,,,,,,,,,,,,,,,,,,,,,,,,,,,,,,,,,,,,,,,,,,,,,,,,,,,,,,,,,,,,,,,,,,,,,,,,,,,,,,,,,,,,,,,,,,,,,,,,,,,,,,,,,,,,,,,,,,,,,,,,,,,,,,,,,,,,,,,,,,,,,,,,,,,,,,,,,,,,,
53,PET,HT,#5,#5,GASOLINE_1,82653.11370554553,2.160457816319257,4.611661661787017,50000000,-1.1137472342371737,-1.5430807356274145,85.31110804522952,Feed,Tech,Pathway1,Pathway2,Product,Unit treatment cost ($/kg),Unit CO2 emission (kgCO2eq/kg),Unit energy consumption (MJ/kg),Unit profit ($/kg),Unit CO2 reduction (kgCO2eq/kg),Unit energy recovery (MJ/kg),Energy efficiency,,,Feed,Tech,Pathway1,Pathway2,Product,Unit treatment cost ($/kg),Unit CO2 emission (kgCO2eq/kg),Unit energy consumption (MJ/kg),Unit profit ($/kg),Unit CO2 reduction (kgCO2eq/kg),Unit energy recovery (MJ/kg),Energy efficiency,Number,,Feed,Tech,Pathway1,Pathway2,Product,Unit treatment cost ($/kg),Unit CO2 emission (kgCO2eq/kg),Unit energy consumption (MJ/kg),Unit profit ($/kg),Unit CO2 reduction (kgCO2eq/kg),Unit energy recovery (MJ/kg),Energy efficiency,Number,Feed,Tech,Pathway1,Pathway2,Product,Unit treatment cost ($/kg),Unit CO2 emission (kgCO2eq/kg),Unit energy consumption (MJ/kg),Unit profit ($/kg),Unit CO2 reduction (kgCO2eq/kg),Unit energy recovery (MJ/kg),Energy efficiency,Number,,,,,,,,,,,,,,,,,,,,,,,,,,,,,,,,,,,,,,,,,,,,,,,,,,,,,,,,,,,,,,,,,,,,,,,,,,,,,,,,,,,,,,,,,,,,,,,,,,,,,,,,,,,,,,,,,,,,,,,,,,,,,,,,,,,,,,,,,,,,,,,,,,,,,,,,,,,,,,,,
54,PET,HT,#5,#6,GASOLINE_1,67172.76090791787,1.390286567747986,2.3540193883983274,50000000,-0.5929916021087303,0.3371402842143071,56.397391433551824,PET,HT,#1,#3,GASOLINE_1,1.0971867433935671,1.400655415744158,46.66282827558609,-0.2986709060625545,0.9877988605185826,-16.901685902701512,0.6377912242506645,,,PET,HT,#5,#3,GASOLINE_1,1.3108888251205553,2.718678560024495,59.649852225775604,-0.30830681810002175,-0.16639021470965357,-27.04918421495888,0.5465339274843917,1,,PET,HT,#1,#1,GASOLINE_1,1.110810209417604,2.187041645069758,46.268124360639995,-0.3488247185979922,0.197675318121005,-17.783500637106183,0.6156424993913413,1,PET,HT,#1,#2,GASOLINE_1,1.716025543758971,2.7299762560796332,66.24079924064,-0.7175042980012792,-0.2661440465972593,-28.821068585621852,0.5649045766956934,1,,,,,,,,,,,,,,,,,,,,,,,,,,,,,,,,,,,,,,,,,,,,,,,,,,,,,,,,,,,,,,,,,,,,,,,,,,,,,,,,,,,,,,,,,,,,,,,,,,,,,,,,,,,,,,,,,,,,,,,,,,,,,,,,,,,,,,,,,,,,,,,,,,,,,,,,,,,,,,,,
55,PET,HT,#5,#7,GASOLINE_1,79910.48330769765,1.5043560264889357,3.0630302204117763,50000000,-0.6583169412012851,-0.3040306095298177,63.30132721307182,PET,HT,#1,#6,GASOLINE_1,0.9758673017589682,0.9470139275923507,41.012723108962305,-0.24071994675138683,1.3991690161984476,-11.886067880828215,0.7101858403976397,,,PET,HT,#5,#9,GASOLINE_1,1.2921560800014746,2.789878135628356,59.85779626202172,-0.28525055583498055,-0.2345116149693802,-27.95909099762612,0.5329081131681177,2,,PET,HT,#1,#8,GASOLINE_1,1.1786161840735296,1.7782993461430316,49.99644738939431,-0.4089511201097388,0.5800624784011013,-21.491539873738798,0.5701386599261096,2,PET,HT,#1,#4,GASOLINE_1,1.2068471211269844,2.7737768176748396,53.59024916064001,-0.48987216099926784,-0.418125001546329,-25.372910519218355,0.5265386723028377,2,,,,,,,,,,,,,,,,,,,,,,,,,,,,,,,,,,,,,,,,,,,,,,,,,,,,,,,,,,,,,,,,,,,,,,,,,,,,,,,,,,,,,,,,,,,,,,,,,,,,,,,,,,,,,,,,,,,,,,,,,,,,,,,,,,,,,,,,,,,,,,,,,,,,,,,,,,,,,,,,
56,PET,HT,#5,#8,GASOLINE_1,69848.55574870319,1.5716027927965999,3.185304806949008,50000000,-0.7441270258392398,-0.43947444809694797,65.38111571398383,PET,HT,#1,#7,GASOLINE_1,1.0985744538575446,1.6560247596057995,47.91665888848231,-0.3106040438488347,0.731261632925094,-19.174613980037826,0.5998340780674336,,,PET,HT,#8,#1,BA_1,1.037922790038437,2.601256815983278,48.40963773588605,-0.23946343339584347,-0.4917055546692193,-15.276042541756913,0.6844421223496827,3,,PET,HT,#1,#10,GASOLINE_1,1.1813201778614575,1.902010158304045,51.29171652336231,-0.4325028692074923,0.4619298547259396,-22.81980940855786,0.5550975682756901,3,PET,HT,#1,#5,GASOLINE_1,1.776296256307047,3.2046562009810406,69.92643972064,-0.7873963772185332,-0.7505001469912446,-32.8537332940958,0.5301672239377798,3,,,,,,,,,,,,,,,,,,,,,,,,,,,,,,,,,,,,,,,,,,,,,,,,,,,,,,,,,,,,,,,,,,,,,,,,,,,,,,,,,,,,,,,,,,,,,,,,,,,,,,,,,,,,,,,,,,,,,,,,,,,,,,,,,,,,,,,,,,,,,,,,,,,,,,,,,,,,,,,,
57,PET,HT,#5,#9,GASOLINE_1,81874.06613654515,1.4845601389959273,2.8788604521539956,50000000,-0.623910081525385,-0.10822116766608357,62.25544063642174,PET,HT,#1,#9,GASOLINE_1,1.0784539982744867,1.471854991348019,46.87077231183222,-0.27561464379751344,0.9196774602588556,-17.811592685368755,0.6199850822412769,,,PET,HT,#8,#8,BA_1,1.105728764694362,2.1925145170565514,52.13796076464037,-0.2995898349075895,-0.10931839438912243,-18.984081778389527,0.6358875280127103,4,,PET,HT,#1,#11,GASOLINE_1,1.2034116854547063,1.9120653382526924,51.63624769339432,-0.4379136020961977,0.4402162228347659,-23.140590684977845,0.5518537516052284,4,PET,HT,#2,#1,GASOLINE_1,1.209724817250943,2.8616775874873706,52.0328270848,-0.5145537741164201,-0.5221348482571145,-23.550822886278645,0.5473852910606429,4,,,,,,,,,,,,,,,,,,,,,,,,,,,,,,,,,,,,,,,,,,,,,,,,,,,,,,,,,,,,,,,,,,,,,,,,,,,,,,,,,,,,,,,,,,,,,,,,,,,,,,,,,,,,,,,,,,,,,,,,,,,,,,,,,,,,,,,,,,,,,,,,,,,,,,,,,,,,,,,,
58,PET,HT,#5,#10,GASOLINE_1,69704.37226321027,1.5743222021907326,3.309015619110021,50000000,-0.7661892232364169,-0.6119235255714143,66.67638484795184,PET,HT,#5,#6,GASOLINE_1,1.189569383485956,2.265037071872687,53.99974705915183,-0.2503558587888535,0.24497994097021222,-22.03356619308559,0.5919690851709025,,,PET,LT,#1,-,GASOLINE_1,1.1724930091518442,3.8198611502096207,59.65420584601877,0.10391462322768945,-1.141857414853065,-16.312019873953183,0.7265570860827775,5,,PET,HT,#2,#3,GASOLINE_1,1.196101351226906,2.0752913581617705,52.4275309997461,-0.46439996158098235,0.26798869414046317,-22.66900815187397,0.5676125173244615,5,PET,HT,#2,#2,GASOLINE_1,1.81494015159231,3.404612198497246,72.0055019648,-0.883233353519707,-0.9859542129753792,-34.58839083479432,0.519642389942606,5,,,,,,,,,,,,,,,,,,,,,,,,,,,,,,,,,,,,,,,,,,,,,,,,,,,,,,,,,,,,,,,,,,,,,,,,,,,,,,,,,,,,,,,,,,,,,,,,,,,,,,,,,,,,,,,,,,,,,,,,,,,,,,,,,,,,,,,,,,,,,,,,,,,,,,,,,,,,,,,,
59,PET,HT,#5,#11,GASOLINE_1,67589.29342439567,1.5930644999435088,3.3190707990586694,50000000,-0.7697557135914311,-0.5771585710879156,67.02091601798384,PET,HT,#8,#3,BA_1,1.0242993240144003,1.8148705866576775,48.804341650832164,-0.1893096208604058,0.2984179877283591,-14.394227807352259,0.7050625554928099,,,PET,SG,#1,-,MeOH_1,0.7435558917619078,3.2347613058132385,50.75619780221697,-0.2114476816882882,-0.8457062835506368,-26.799766374817967,0.47199026847422004,6,,PET,HT,#2,#6,GASOLINE_1,1.0747819095923075,1.6216498700099629,46.77742583312232,-0.4064490022698148,0.6793588498203283,-17.65339013000068,0.6226087730227213,6,PET,HT,#2,#4,GASOLINE_1,1.3057617289603234,3.4484127600924515,59.354951884799995,-0.6556012165176958,-1.1379351679244483,-31.1402327683908,0.4753557743786935,6,,,,,,,,,,,,,,,,,,,,,,,,,,,,,,,,,,,,,,,,,,,,,,,,,,,,,,,,,,,,,,,,,,,,,,,,,,,,,,,,,,,,,,,,,,,,,,,,,,,,,,,,,,,,,,,,,,,,,,,,,,,,,,,,,,,,,,,,,,,,,,,,,,,,,,,,,,,,,,,,
60,PET,HT,#6,#1,MeOH_1,11783.852529911885,1.734692229394276,4.759661248566214,50000000,-1.2039911383016084,-2.426089664229775,75.03170609935968,PET,HT,#8,#6,BA_1,0.9029798823798013,1.361229098505871,43.15423648420836,-0.13135866154923803,0.7097881434082233,-9.378609785478943,0.7826723272253722,,,PET,SG,#2,-,FT_4,0.8765033901954887,3.4254343928571633,51.89757300221696,-0.22439607383260324,-1.2417647303190082,-27.452229234188184,0.47103057722919944,7,,PET,HT,#2,#7,GASOLINE_1,1.1974890616908835,2.330660702023412,53.68136161264232,-0.4763330993672625,0.011451466546974778,-24.941936229210285,0.5353706485839902,7,PET,HT,#2,#5,GASOLINE_1,1.875210864140386,3.8792921433986525,75.6911424448,-0.9531254327369608,-1.4703103133693642,-38.621055543268234,0.48975462259096186,7,,,,,,,,,,,,,,,,,,,,,,,,,,,,,,,,,,,,,,,,,,,,,,,,,,,,,,,,,,,,,,,,,,,,,,,,,,,,,,,,,,,,,,,,,,,,,,,,,,,,,,,,,,,,,,,,,,,,,,,,,,,,,,,,,,,,,,,,,,,,,,,,,,,,,,,,,,,,,,,,
61,PET,HT,#6,#2,MeOH_1,18816.529998328413,2.3213660104480014,5.30259585957609,50000000,-1.5544751930692648,-2.6440254395601284,95.00438097935965,PET,HT,#8,#7,BA_1,1.0256870344783775,2.0702399305193193,50.05817226372838,-0.20124275864668575,0.04188076013487011,-16.66715588468856,0.6670442580907932,,,PET,SG,#3,-,H2_1,0.693066944059999,3.120076017627424,48.04129266482996,0.24801618726111416,-0.5423592273486709,-18.497054100548297,0.6149759285288838,8,,PET,HT,#2,#9,GASOLINE_1,1.1773686061078255,2.1464909337656315,52.635475035992215,-0.4413436993159411,0.19986729388073562,-23.578914934541206,0.5520337772496987,8,PET,HT,#2,#8,GASOLINE_1,1.2775307919068684,2.452935288560644,55.761150113554294,-0.5746801756281665,-0.13974768797701806,-27.258862122911243,0.5111495715672978,8,,,,,,,,,,,,,,,,,,,,,,,,,,,,,,,,,,,,,,,,,,,,,,,,,,,,,,,,,,,,,,,,,,,,,,,,,,,,,,,,,,,,,,,,,,,,,,,,,,,,,,,,,,,,,,,,,,,,,,,,,,,,,,,,,,,,,,,,,,,,,,,,,,,,,,,,,,,,,,,,
62,PET,HT,#6,#3,MeOH_1,13921.86725755913,1.719568831117037,3.973275019240614,50000000,-1.1526834221649798,-1.6280068654250734,75.42641001430576,PET,HT,#8,#9,BA_1,1.0055665788953196,1.8860701622615395,49.012285687078275,-0.16625335859536464,0.23029658746863096,-15.304134590019485,0.6877490128142645,,,PET,SG,#6,-,MeOH_1,0.7227530424903159,2.669938602895592,53.75375277929451,-0.20535224061522492,-0.3083194102350053,-29.24771169262188,0.45589451563114214,9,,PET,LT,#1,#3,GASOLINE_1,0.9622172088336826,1.762944205125564,45.77095939582948,-0.36688296910769336,0.43698760851767837,-23.907436558949104,0.47767237404406504,9,PET,HT,#2,#10,GASOLINE_1,1.2802347856947967,2.5766461007216575,57.0564192475223,-0.5982319247259205,-0.25788031165217995,-28.587131657730296,0.4989673022817374,9,,,,,,,,,,,,,,,,,,,,,,,,,,,,,,,,,,,,,,,,,,,,,,,,,,,,,,,,,,,,,,,,,,,,,,,,,,,,,,,,,,,,,,,,,,,,,,,,,,,,,,,,,,,,,,,,,,,,,,,,,,,,,,,,,,,,,,,,,,,,,,,,,,,,,,,,,,,,,,,,
63,PET,HT,#6,#4,MeOH_1,1845.274731159038,1.8197115976808498,5.346396421171296,50000000,-1.3332722064417712,-3.0800917193561936,82.35383089935965,PET,LT,#1,#6,GASOLINE_1,0.7827637290161255,1.0260194581182691,38.54980121458555,-0.16810670931602154,1.163818465879959,-15.20707408297912,0.6055213359381622,,,PET,SG,#7,-,FT_1,0.8395123848520345,3.271283622797527,55.86969868532652,-0.19730735543269232,-1.0357308776083707,-33.306631163795714,0.40385160565501155,10,,PET,LT,#1,#8,GASOLINE_1,0.9873397097384814,1.8571289998297056,47.516786325417556,-0.37183651703045495,0.3412988950287044,-24.98267625716368,0.4742347244177999,10,PET,HT,#2,#11,GASOLINE_1,1.3023262932880453,2.5867012806703045,57.400950417554306,-0.6036426576146258,-0.2795939435433531,-28.907912934150286,0.49638616218260917,10,,,,,,,,,,,,,,,,,,,,,,,,,,,,,,,,,,,,,,,,,,,,,,,,,,,,,,,,,,,,,,,,,,,,,,,,,,,,,,,,,,,,,,,,,,,,,,,,,,,,,,,,,,,,,,,,,,,,,,,,,,,,,,,,,,,,,,,,,,,,,,,,,,,,,,,,,,,,,,,,
64,PET,HT,#6,#5,MeOH_1,15480.352797627671,2.378750125537396,5.777275804477497,50000000,-1.6214806748278379,-3.127909658301997,98.69002145935967,PET,LT,#1,#7,GASOLINE_1,0.9072979795224964,1.7348544132924735,45.436997824505546,-0.281169158960796,0.490470630087277,-22.769594239931017,0.4988754686681635,,,PET,SG,#8,-,H2_1,0.690604454518117,3.6042960658716674,50.30397447129719,0.15841446075231544,-1.0857082199362589,-22.29846830900751,0.5567255163559545,11,,PET,LT,#1,#10,GASOLINE_1,0.9279881471424487,1.9323309623402867,47.911314339385555,-0.33279868534519447,0.2726626862812379,-25.48942297488027,0.4679873986690726,11,PET,HT,#3,#1,GASOLINE_1,1.3131560545709036,3.6813719843097963,60.11083641007966,-0.4878759269048835,-1.2019099028883171,-30.3224875678033,0.49555705129535205,11,,,,,,,,,,,,,,,,,,,,,,,,,,,,,,,,,,,,,,,,,,,,,,,,,,,,,,,,,,,,,,,,,,,,,,,,,,,,,,,,,,,,,,,,,,,,,,,,,,,,,,,,,,,,,,,,,,,,,,,,,,,,,,,,,,,,,,,,,,,,,,,,,,,,,,,,,,,,,,,,
65,PET,HT,#6,#6,MeOH_1,0,1.6085788769661253,3.5196335310888065,50000000,-1.1007250426993942,-1.2476886384602761,69.77630484768198,PET,LT,#1,#9,GASOLINE_1,0.8883685079214532,1.6429140458419154,44.66466198612833,-0.2184229134064512,0.6020082889855054,-21.480652635942445,0.5190682817074991,,,PP,HT,#1,#1,MeOH_1,0.9845377057599723,2.871249268444039,75.60612948834635,0.29441757298990323,-0.2766228058506137,-29.324632836432176,0.6121394781761422,12,,PET,LT,#1,#11,GASOLINE_1,0.9618607434710946,2.006318691832244,48.55068520541756,-0.35247861778032924,0.18788554652648956,-26.07530422123426,0.46292613356722234,12,PET,HT,#3,#2,GASOLINE_1,1.9183713889122709,4.224306595319671,80.08351129007967,-0.8565555063081707,-1.6657292676065814,-41.36005551631897,0.4835384356899141,12,,,,,,,,,,,,,,,,,,,,,,,,,,,,,,,,,,,,,,,,,,,,,,,,,,,,,,,,,,,,,,,,,,,,,,,,,,,,,,,,,,,,,,,,,,,,,,,,,,,,,,,,,,,,,,,,,,,,,,,,,,,,,,,,,,,,,,,,,,,,,,,,,,,,,,,,,,,,,,,,
66,PET,HT,#6,#7,MeOH_1,12737.722399779786,1.722648335707074,4.228644363102257,50000000,-1.1660503817919488,-1.8888595322044022,76.68024062720198,PET,LT,#5,#6,GASOLINE_1,1.008855051394717,1.9499405593323311,50.07526882603629,-0.2658933632595945,0.3792282248194736,-24.262531506361643,0.5154787567761093,,,PP,HT,#1,#2,FT_1,1.1128728615094374,3.123400485460148,77.41992115437834,0.09616377058924698,-0.7104953585135576,-35.15772256989996,0.5458827386326823,13,,PET,LT,#2,#3,GASOLINE_1,1.0858416544110447,2.1720167388434315,50.65385443998948,-0.5532632479759735,0.02246559093963027,-28.502465338052627,0.43730905272332227,13,PET,HT,#3,#3,GASOLINE_1,1.2995325885468672,2.8949857549841957,60.505540325025756,-0.4377221143694462,-0.411786360490739,-29.44067283339863,0.513421867233179,13,,,,,,,,,,,,,,,,,,,,,,,,,,,,,,,,,,,,,,,,,,,,,,,,,,,,,,,,,,,,,,,,,,,,,,,,,,,,,,,,,,,,,,,,,,,,,,,,,,,,,,,,,,,,,,,,,,,,,,,,,,,,,,,,,,,,,,,,,,,,,,,,,,,,,,,,,,,,,,,,
67,PET,HT,#6,#8,MeOH_1,2675.7948407853223,1.789895102014739,4.350918949639488,50000000,-1.251860466429904,-2.0243033707715314,78.76002912811397,PET,HT,#9,-,GASOLINE_1,1.1156951649151492,1.9918392148279782,49.641442017705145,-0.10063279390128713,0.5676703855545038,-16.965736975749074,0.6582344048406558,,,PP,HT,#1,#4,MeOH_1,1.3287476855552403,5.781757151704112,109.45595828834637,-0.14726822569927805,-3.2535512942459297,-65.5404085524189,0.4012166210288718,14,,PET,LT,#2,#6,Olefin,0.9063881745934876,1.435091991836137,43.432696258745565,-0.35448698818430163,0.7492964483019108,-19.80210286208266,0.5440738299065344,14,PET,HT,#3,#4,MeOH_1,1.4091929662802842,4.268107156914878,67.43296121007967,-0.6289233693061596,-1.8177102225556512,-37.911897449915465,0.4377838853642318,14,,,,,,,,,,,,,,,,,,,,,,,,,,,,,,,,,,,,,,,,,,,,,,,,,,,,,,,,,,,,,,,,,,,,,,,,,,,,,,,,,,,,,,,,,,,,,,,,,,,,,,,,,,,,,,,,,,,,,,,,,,,,,,,,,,,,,,,,,,,,,,,,,,,,,,,,,,,,,,,,
68,PET,HT,#6,#9,MeOH_1,14701.305228627294,1.7028524482140663,4.044474594844476,50000000,-1.1316435221160486,-1.693050090340668,75.63435405055188,PET,LT,#9,-,GASOLINE_1,1.043491689540055,2.070361710955708,49.96950919886128,-0.25385629080832955,0.30896031571072546,-24.44828712606079,0.5107358963890339,,,PP,HT,#1,#5,FT_1,1.4719264626505608,6.583526882321994,113.24206212834635,-0.26930228212427776,-4.17919009477369,-70.70136147542888,0.3756616565733557,15,,PET,LT,#2,#7,GASOLINE_1,1.0309224250998588,2.1439269470103404,50.31989286866556,-0.4675494378290764,0.07594861250922978,-27.364623019034553,0.45618677904470195,15,PET,HT,#3,#5,GASOLINE_1,1.9786421014603466,4.698986540221079,83.76915177007967,-0.9264475855254243,-2.150085368000567,-45.39272022479288,0.4581212861104071,15,,,,,,,,,,,,,,,,,,,,,,,,,,,,,,,,,,,,,,,,,,,,,,,,,,,,,,,,,,,,,,,,,,,,,,,,,,,,,,,,,,,,,,,,,,,,,,,,,,,,,,,,,,,,,,,,,,,,,,,,,,,,,,,,,,,,,,,,,,,,,,,,,,,,,,,,,,,,,,,,
69,PET,HT,#6,#10,MeOH_1,2531.6113552924094,1.7926145114088714,4.474629761800501,50000000,-1.2739226638270809,-2.196752448245998,80.05529826208199,PET,OG,#8,-,H2_1,0.6488363005861524,1.8352358905976225,39.75336939530639,-0.2682543548751834,0.38186401810461135,-27.232029239699095,0.31497556926798936,,,PP,HT,#1,#8,FT_1,1.116686542641136,3.3584343318701433,81.91289964427898,0.16887349090535353,-0.8723701169048783,-38.54290555286544,0.5294647641550388,16,,PET,LT,#2,#9,GASOLINE_1,1.0119929534988157,2.051986579559783,49.54755703028835,-0.4048031922747318,0.187486271407457,-26.075681415045985,0.4737241757629754,16,PET,HT,#3,#6,GASOLINE_1,1.1782131469122679,2.441344266832389,54.855435158401974,-0.37977115505827813,-0.0004162048108747602,-24.425054811525335,0.5547377440176181,16,,,,,,,,,,,,,,,,,,,,,,,,,,,,,,,,,,,,,,,,,,,,,,,,,,,,,,,,,,,,,,,,,,,,,,,,,,,,,,,,,,,,,,,,,,,,,,,,,,,,,,,,,,,,,,,,,,,,,,,,,,,,,,,,,,,,,,,,,,,,,,,,,,,,,,,,,,,,,,,,
70,PET,HT,#6,#11,MeOH_1,416.5325164778093,1.811356809161648,4.484684941749149,50000000,-1.2774891541820952,-2.161987493762499,80.39982943211398,PP,HT,#1,#3,DIESEL_1,1.0235676902090811,2.740258652526052,73.12609982619499,0.5233140295273034,0.0410596364756915,-26.185236652482775,0.6419166793426772,,,PP,HT,#1,#10,MeOH_1,1.3252268479996558,5.479140926286255,109.54145997824699,-0.08670490554536428,-2.918309281466557,-65.28752106738274,0.403992597137671,17,,PET,LT,#3,#6,GASOLINE_1,1.0129794271577992,2.210262155387094,51.14727830265053,-0.34806832877597116,0.08228167493217588,-26.36244168055445,0.48457782006382316,17,PET,HT,#3,#7,GASOLINE_1,1.3009202990108442,3.1503550988458375,61.75937093792197,-0.4496552521557261,-0.6683235880842281,-31.71360091073493,0.4864973455993883,17,,,,,,,,,,,,,,,,,,,,,,,,,,,,,,,,,,,,,,,,,,,,,,,,,,,,,,,,,,,,,,,,,,,,,,,,,,,,,,,,,,,,,,,,,,,,,,,,,,,,,,,,,,,,,,,,,,,,,,,,,,,,,,,,,,,,,,,,,,,,,,,,,,,,,,,,,,,,,,,,
71,PET,HT,#7,#1,GASOLINE_1,30889.561821526873,1.8027622795385492,5.255997522874574,50000000,-1.1390754397097034,-2.657221685948561,77.76689552539166,PP,HT,#1,#6,Olefin,0.7865045786350657,0.9591999399887894,60.17636197628961,0.0703312856865847,1.3218487895980122,-17.598395002754703,0.7075530253941118,,,PP,HT,#1,#11,FT_1,1.5034989313649623,6.799061776914542,117.22421484427896,-0.22452081994016126,-4.318098005488802,-74.38219986202877,0.3654706925455775,18,,PET,LT,#8,#6,BA_1,0.9097656439380328,1.6250786256958085,44.93901076813562,-0.3406067301262483,0.4434483253800124,-19.471284571592054,0.5667175525501703,18,PET,HT,#3,#8,GASOLINE_1,1.3809620292268288,3.2726296853830696,63.83915943883398,-0.54800232841663,-0.8195227426082206,-34.03052680443591,0.4669333508840843,18,,,,,,,,,,,,,,,,,,,,,,,,,,,,,,,,,,,,,,,,,,,,,,,,,,,,,,,,,,,,,,,,,,,,,,,,,,,,,,,,,,,,,,,,,,,,,,,,,,,,,,,,,,,,,,,,,,,,,,,,,,,,,,,,,,,,,,,,,,,,,,,,,,,,,,,,,,,,,,,,
72,PET,HT,#7,#2,GASOLINE_1,37922.2392899434,2.389436060592274,5.798932133884449,50000000,-1.48955949447736,-2.8751574612789144,97.73957040539166,PP,HT,#1,#7,MeOH_1,0.981050567700021,2.5860023104245,75.72925197824698,0.3247534087039965,0.02410103138012618,-30.621615495932623,0.5956434971161659,,,PP,HT,#2,#1,MeOH_1,1.0891317472841504,3.3844580908039306,79.50157815058635,0.13451618963570225,-0.8064961621702156,-33.027699644954346,0.5845654839405128,19,,PET,HT,#6,-,GASOLINE_1,1.0667636782098489,1.623600298936103,46.81154757712232,-0.3824232166288472,0.6821957350983059,-16.985184599221764,0.6371582338473522,19,PET,HT,#3,#9,GASOLINE_1,1.2807998434277863,2.9661853305880577,60.71348436127187,-0.41466585210440504,-0.4799077607504672,-30.350579616065854,0.5001015024032126,19,,,,,,,,,,,,,,,,,,,,,,,,,,,,,,,,,,,,,,,,,,,,,,,,,,,,,,,,,,,,,,,,,,,,,,,,,,,,,,,,,,,,,,,,,,,,,,,,,,,,,,,,,,,,,,,,,,,,,,,,,,,,,,,,,,,,,,,,,,,,,,,,,,,,,,,,,,,,,,,,
73,PET,HT,#7,#3,GASOLINE_1,33027.57654917412,1.78763888126131,4.469611293548974,50000000,-1.0877677235730752,-1.8591388871438599,78.16159944033777,PP,HT,#1,#9,DIESEL_1,1.0227953042289888,1.9523675359640142,73.72765557941989,0.5536464027353734,0.837933087192162,-24.343769675744305,0.669814949567723,,,PP,HT,#2,#2,FT_1,1.2174669030336154,3.636609307820039,81.31536981661834,-0.06373761276495386,-1.2403687148331597,-38.860789378422126,0.5220978584238058,20,,PET,HT,#10,-,MeOH_1,1.1518542162751944,2.120110699058365,51.22538048912231,-0.4090212435020706,0.29934508624300243,-21.79592065499144,0.5745093458189189,20,PET,HT,#3,#10,MeOH_1,1.3836660230147573,3.396340497544083,65.13442857280197,-0.5715540775143839,-0.9376553662833822,-35.35879633925496,0.45714122140898544,20,,,,,,,,,,,,,,,,,,,,,,,,,,,,,,,,,,,,,,,,,,,,,,,,,,,,,,,,,,,,,,,,,,,,,,,,,,,,,,,,,,,,,,,,,,,,,,,,,,,,,,,,,,,,,,,,,,,,,,,,,,,,,,,,,,,,,,,,,,,,,,,,,,,,,,,,,,,,,,,,
74,PET,HT,#7,#4,GASOLINE_1,20950.984022774024,1.8877816478251228,5.842732695479655,50000000,-1.268356507849866,-3.311223741074979,85.08902032539164,PP,HT,#2,#6,Olefin,0.8910986201592438,1.4724087623486815,64.07181063852964,-0.08957009766761616,0.7919754332784097,-21.301461811276887,0.6675376956107553,,,PP,HT,#2,#3,H2_1,1.1281617317332593,3.2534674748859436,77.02154848843499,0.36341264617310254,-0.48881371984391064,-29.888303461004963,0.6119488111110519,21,,PET,HT,#11,-,GASOLINE_1,1.1739457238684434,2.130165879007013,51.56991165915431,-0.3754550837454443,0.2318627596248436,-23.176752599840523,0.5505760654967817,21,PET,HT,#3,#11,GASOLINE_1,1.405757530608006,3.4063956774927306,65.47895974283398,-0.5769648104030892,-0.9593689981745559,-35.67957761567495,0.4550985880685173,21,,,,,,,,,,,,,,,,,,,,,,,,,,,,,,,,,,,,,,,,,,,,,,,,,,,,,,,,,,,,,,,,,,,,,,,,,,,,,,,,,,,,,,,,,,,,,,,,,,,,,,,,,,,,,,,,,,,,,,,,,,,,,,,,,,,,,,,,,,,,,,,,,,,,,,,,,,,,,,,,
75,PET,HT,#7,#5,FT_1,34586.06208924266,2.446820175681669,6.273612078785857,50000000,-1.5565649762359324,-3.3590416800207854,101.42521088539165,PP,HT,#2,#9,H2_1,1.1273893457531672,2.4655763583239065,77.62310424165989,0.39374501938117223,0.3080597308725592,-28.046836484266482,0.6386792726434934,,,PP,HT,#2,#4,MeOH_1,1.4333417270794186,6.294965974064003,113.35140695058634,-0.3071696090534792,-3.7834246505655322,-69.24347536094106,0.38912557661391356,22,,PET,LT,#6,-,Olefin,0.8954521829924078,1.2980113145575607,40.5503681344,-0.35970753508011055,0.8847173877605873,-16.947112943083585,0.5820725255338218,22,PET,HT,#4,#1,GASOLINE_1,1.3876193934609302,4.01800801302346,62.93120107099167,-0.5718359775515721,-1.6084301922603839,-33.843096167093584,0.4622207173685477,22,,,,,,,,,,,,,,,,,,,,,,,,,,,,,,,,,,,,,,,,,,,,,,,,,,,,,,,,,,,,,,,,,,,,,,,,,,,,,,,,,,,,,,,,,,,,,,,,,,,,,,,,,,,,,,,,,,,,,,,,,,,,,,,,,,,,,,,,,,,,,,,,,,,,,,,,,,,,,,,,
76,PET,HT,#7,#6,GASOLINE_1,19105.70929161499,1.6766489271103981,4.015969805397166,50000000,-1.0358093441074891,-1.4788206601790626,72.51149427371398,PP,HT,#3,#6,Olefin,0.9830768869458676,2.1449033380582496,70.73157486291062,-0.10638445852127902,0.1645386739675516,-27.689450420904855,0.6085277264846491,,,PP,HT,#2,#7,MeOH_1,1.0856446092241991,3.0992111327843914,79.62470064048699,0.16485202534979534,-0.5057723249394762,-34.32468230445481,0.5689191666863028,23,,PET,OG,#3,-,H2_1,0.638524943003141,1.8411795611650241,37.360429960147115,-0.34004364072176935,0.32516540481618345,-25.78998493149862,0.30969785521716037,23,PET,HT,#4,#2,GASOLINE_1,1.9928347278022975,4.560942624033335,82.90387595099168,-0.9405155569548592,-2.072249556978648,-44.880664115609264,0.4586421491060285,23,,,,,,,,,,,,,,,,,,,,,,,,,,,,,,,,,,,,,,,,,,,,,,,,,,,,,,,,,,,,,,,,,,,,,,,,,,,,,,,,,,,,,,,,,,,,,,,,,,,,,,,,,,,,,,,,,,,,,,,,,,,,,,,,,,,,,,,,,,,,,,,,,,,,,,,,,,,,,,,,
77,PET,HT,#7,#7,GASOLINE_1,31843.431691394777,1.7907183858513471,4.724980637410615,50000000,-1.1011346832000435,-2.119991553923187,79.41543005323398,PP,HT,#4,#6,Olefin,1.0365526647471526,2.2696569801432225,72.3365739029106,-0.17971680042550206,0.011391749443579019,-29.758606929375688,0.5886091181299604,,,PP,HT,#2,#8,FT_1,1.221280584165314,3.871643154230036,85.808348306519,0.008972107551152391,-1.4022434732244817,-42.24597236138762,0.5076706032089173,24,,PET,OG,#6,-,MeOH_1,0.6505720316372632,1.9721039530457667,36.976879883357064,-0.4166911258542553,0.1909268236769244,-23.483578649378714,0.3649118388718232,24,PET,HT,#4,#3,GASOLINE_1,1.3739959274368936,3.231621783697861,63.325904985937775,-0.5216821650161347,-0.8183066498628068,-32.96128143268892,0.479497664660168,24,,,,,,,,,,,,,,,,,,,,,,,,,,,,,,,,,,,,,,,,,,,,,,,,,,,,,,,,,,,,,,,,,,,,,,,,,,,,,,,,,,,,,,,,,,,,,,,,,,,,,,,,,,,,,,,,,,,,,,,,,,,,,,,,,,,,,,,,,,,,,,,,,,,,,,,,,,,,,,,,
78,PET,HT,#7,#8,GASOLINE_1,21781.50413240031,1.857965152159012,4.847255223947847,50000000,-1.186944767837999,-2.2554353924903174,81.49521855414598,PP,HT,#5,#6,Olefin,0.9702169477142504,1.923083519939835,69.85805487304967,0.007406097051170377,0.4752897086511907,-25.14380423599041,0.6400729410275842,,,PP,HT,#2,#10,MeOH_1,1.429820889523834,5.992349748646148,113.43690864048699,-0.24660628889956526,-3.4481826377861595,-68.99058787590491,0.3918153385636132,25,,PET,OG,#7,-,FT_1,1.199160971908902,2.1842178493181166,50.83259636335707,-0.6253809129497093,0.008526313527752757,-30.24838713441703,0.40494113426357004,25,PET,HT,#4,#4,GASOLINE_1,1.483656305170311,4.604743185628542,70.25332587099167,-0.712883419952848,-2.224230511927718,-41.432506049205735,0.4102413581772696,25,,,,,,,,,,,,,,,,,,,,,,,,,,,,,,,,,,,,,,,,,,,,,,,,,,,,,,,,,,,,,,,,,,,,,,,,,,,,,,,,,,,,,,,,,,,,,,,,,,,,,,,,,,,,,,,,,,,,,,,,,,,,,,,,,,,,,,,,,,,,,,,,,,,,,,,,,,,,,,,,
79,PET,HT,#7,#9,GASOLINE_1,33807.01452024228,1.7709224983583394,4.5408108691528355,50000000,-1.0667278235241437,-1.9241821120594542,78.36954347658387,PP,HT,#8,#3,H2_1,1.1075081703694718,2.560618039286091,68.75030980804006,0.3044736042724132,0.16240542329552324,-23.46263665808997,0.6587268228521334,,,PP,HT,#3,#1,MeOH_1,1.1811100140707744,4.056952666513499,86.16134237496735,0.1177018287820394,-1.4339329214810739,-39.415688254582335,0.5425362794018647,26,,PVC,HT,#1,#8,DIESEL_1,0.8119277500102825,1.0476880630552945,29.42017530005381,-0.31477708746320454,0.24675990353396504,-13.6998414830155,0.5343385502196364,26,PET,HT,#4,#5,GASOLINE_1,2.053105440350373,5.035622568934744,86.58951643099167,-1.0104076361721126,-2.556605657372635,-48.91332882408317,0.4351125766701202,26,,,,,,,,,,,,,,,,,,,,,,,,,,,,,,,,,,,,,,,,,,,,,,,,,,,,,,,,,,,,,,,,,,,,,,,,,,,,,,,,,,,,,,,,,,,,,,,,,,,,,,,,,,,,,,,,,,,,,,,,,,,,,,,,,,,,,,,,,,,,,,,,,,,,,,,,,,,,,,,,
80,PET,HT,#7,#10,GASOLINE_1,21637.3206469074,1.8606845615531447,4.970966036108861,50000000,-1.2090069652351758,-2.4278844699647846,82.79048768811398,PP,HT,#8,#6,Olefin,0.8704450587954566,0.7795593267488293,55.80057195813468,-0.1485091395683061,1.443194576417843,-14.87579500836188,0.7334114241781842,,,PP,HT,#3,#2,FT_1,1.3094451698202394,4.309103883529608,87.97513404099934,-0.08055197361861716,-1.867805474144018,-45.248777988050115,0.485664006297931,27,,PVC,HT,#1,#10,DIESEL_1,0.8200042688681785,1.1354544655000172,30.84628725002181,-0.3253192772175698,0.16084887774289833,-15.173882521418333,0.5080807489592576,27,PET,HT,#4,#6,GASOLINE_1,1.2526764858022945,2.777980295546053,57.67579981931399,-0.4637312057049666,-0.4069364941829413,-27.945663410815616,0.515469859137395,27,,,,,,,,,,,,,,,,,,,,,,,,,,,,,,,,,,,,,,,,,,,,,,,,,,,,,,,,,,,,,,,,,,,,,,,,,,,,,,,,,,,,,,,,,,,,,,,,,,,,,,,,,,,,,,,,,,,,,,,,,,,,,,,,,,,,,,,,,,,,,,,,,,,,,,,,,,,,,,,,
81,PET,HT,#7,#11,GASOLINE_1,19522.2418080928,1.879426859305921,4.981021216057508,50000000,-1.21257345559019,-2.3931195154812848,83.13501885814598,PP,HT,#8,#7,MeOH_1,1.0649910478604117,2.40636169718454,71.35346196009205,0.10591298344910598,0.145446818199957,-27.899015501539807,0.6090026365203736,,,PP,HT,#3,#3,H2_1,1.2201399985198826,3.925962050595511,83.68131271281597,0.34659828531944015,-1.1162504791547683,-36.27629207063293,0.5664947059909453,28,,PVC,HT,#2,#3,Olefin,0.8543321209246683,1.0811953902212978,28.267230445422438,-0.3858859031136493,0.21306526800280184,-11.832851611149001,0.5813933156983478,28,PET,HT,#4,#7,GASOLINE_1,1.3753836379008708,3.4869911275595014,64.57973559883398,-0.5336153028024145,-1.0748438774562943,-35.23420951002522,0.45440765306166125,28,,,,,,,,,,,,,,,,,,,,,,,,,,,,,,,,,,,,,,,,,,,,,,,,,,,,,,,,,,,,,,,,,,,,,,,,,,,,,,,,,,,,,,,,,,,,,,,,,,,,,,,,,,,,,,,,,,,,,,,,,,,,,,,,,,,,,,,,,,,,,,,,,,,,,,,,,,,,,,,,
82,PET,HT,#8,#1,BA_1,11783.852529911885,1.1754649091327412,2.601256815983278,50000000,-0.3131812118120264,1.112837135819641,48.40963773588605,PP,HT,#8,#9,H2_1,1.1067357843893797,1.7727269227240539,69.35186556126494,0.3348059774804823,0.9592788740119931,-21.621169681351482,0.6882395375182591,,,PP,HT,#3,#7,MeOH_1,1.177622876010823,3.77170570849396,86.28446486486796,0.14803766449613293,-1.1332090842503342,-40.71267091408277,0.5281575776375991,29,,PVC,HT,#2,#7,Olefin,0.8248559782679754,1.126584844299779,30.179223487141808,-0.3620729819981847,0.16374742138847143,-14.194566954958935,0.5296576480502658,29,PET,HT,#4,#8,GASOLINE_1,1.4554253681168556,3.609265714096734,66.65952409974597,-0.6319623790633186,-1.226043031980288,-37.551135403726185,0.4366726148909113,29,,,,,,,,,,,,,,,,,,,,,,,,,,,,,,,,,,,,,,,,,,,,,,,,,,,,,,,,,,,,,,,,,,,,,,,,,,,,,,,,,,,,,,,,,,,,,,,,,,,,,,,,,,,,,,,,,,,,,,,,,,,,,,,,,,,,,,,,,,,,,,,,,,,,,,,,,,,,,,,,
83,PET,HT,#8,#2,BA_1,18816.529998328413,1.762138690186468,3.144191426993153,50000000,-0.6636652665796845,0.8949013604892879,68.38231261588606,PP,HT,#9,#6,Olefin,0.9657660937251483,1.1921731268252094,58.88794856981466,-0.27376628143664217,1.0216730298607906,-17.725742587967783,0.6989920175780446,,,PP,HT,#3,#8,FT_1,1.313258850951938,4.544137729939604,92.46811253089999,-0.007842253302510187,-2.02968023253534,-48.6339609710156,0.4740461372047187,30,,PVC,HT,#2,#8,Olefin,0.8916322863806574,1.2804043264203706,31.75418475317381,-0.43606317192726307,0.0009874588721475006,-15.844692316291628,0.5010203398559,30,PET,HT,#4,#9,GASOLINE_1,1.355263182317813,3.3028213593017215,63.53384902218387,-0.4986259027510936,-0.886428050122534,-33.87118821535614,0.4668796438961307,30,,,,,,,,,,,,,,,,,,,,,,,,,,,,,,,,,,,,,,,,,,,,,,,,,,,,,,,,,,,,,,,,,,,,,,,,,,,,,,,,,,,,,,,,,,,,,,,,,,,,,,,,,,,,,,,,,,,,,,,,,,,,,,,,,,,,,,,,,,,,,,,,,,,,,,,,,,,,,,,,
84,PET,HT,#8,#3,BA_1,13921.86725755913,1.160341510855504,1.8148705866576775,50000000,-0.2618734956753995,1.9109199346243428,48.804341650832164,PP,HT,#9,#9,H2_1,1.2020568193190715,2.185340722800434,72.43924217294494,0.20954883561214585,0.5377573274549406,-24.4711172609574,0.6621842453495873,,,PP,HT,#3,#9,H2_1,1.219367612539791,3.1380709340334745,84.28286846604088,0.3769306585275092,-0.3193770284382984,-34.43482509389446,0.5914374330084781,31,,PVC,HT,#2,#9,Olefin,0.8370966782699105,1.1314661163715196,31.355017157228136,-0.3640823033347837,0.16472854333217204,-15.180337134442915,0.5158562006736629,31,PET,HT,#4,#10,GASOLINE_1,1.4581293619047835,3.7329765262577475,67.95479323371397,-0.6555141281610721,-1.3441756556554496,-38.879404938545235,0.42786368571781264,31,,,,,,,,,,,,,,,,,,,,,,,,,,,,,,,,,,,,,,,,,,,,,,,,,,,,,,,,,,,,,,,,,,,,,,,,,,,,,,,,,,,,,,,,,,,,,,,,,,,,,,,,,,,,,,,,,,,,,,,,,,,,,,,,,,,,,,,,,,,,,,,,,,,,,,,,,,,,,,,,
85,PET,HT,#8,#4,BA_1,1845.274731159038,1.2604842774193166,3.1879919885883594,50000000,-0.4424622799521903,0.45883508069322315,55.731762535886055,PP,LT,#1,#1,DIESEL_1,1.553989809044583,2.4781849336280666,83.77058738935553,-0.15101249694143973,0.03534305859339088,-36.476679398719085,0.5645645979634845,,,PP,HT,#3,#10,MeOH_1,1.5217991563104578,6.664844324355715,120.09667286486795,-0.26342064975322826,-4.075619397097018,-75.37857648553286,0.3723508346451164,32,,PVC,HT,#8,#3,Aromatics,0.9226035243565318,0.7072894863857824,22.799301615651498,-0.5656524532439149,0.5490063731272751,-7.923903128078426,0.6524497433448249,32,PET,HT,#4,#11,GASOLINE_1,1.4802208694980326,3.7430317062063945,68.29932440374597,-0.6609248610497778,-1.3658892875466226,-39.200186214965235,0.4260530897313643,32,,,,,,,,,,,,,,,,,,,,,,,,,,,,,,,,,,,,,,,,,,,,,,,,,,,,,,,,,,,,,,,,,,,,,,,,,,,,,,,,,,,,,,,,,,,,,,,,,,,,,,,,,,,,,,,,,,,,,,,,,,,,,,,,,,,,,,,,,,,,,,,,,,,,,,,,,,,,,,,,
86,PET,HT,#8,#5,BA_1,15480.352797627671,1.8195228052758614,3.618871371894561,50000000,-0.7306707483382557,0.41101714174741744,72.06795309588608,PP,LT,#1,#3,DIESEL_1,1.5402148670904277,2.245133709672043,82.98885167199488,-0.12163465021163773,0.2748045753942439,-35.43361074786201,0.5730316779426011,,,PP,HT,#4,#1,MeOH_1,1.2345857918720593,4.181706308598472,87.76634141496734,0.04436948687781623,-1.5870798460050461,-41.48484476305317,0.5273262609078234,33,,PVC,HT,#8,#6,Aromatics,0.8151657641711654,0.46700299894534253,21.22072928378329,-0.4808248306923723,0.7740802590613041,-6.482489156080726,0.6945209059787313,33,PET,HT,#5,#1,GASOLINE_1,1.324512291144592,3.505064789350094,59.25514831082952,-0.35846063063545913,-0.9565137571072304,-27.930998949363556,0.5286316928472041,33,,,,,,,,,,,,,,,,,,,,,,,,,,,,,,,,,,,,,,,,,,,,,,,,,,,,,,,,,,,,,,,,,,,,,,,,,,,,,,,,,,,,,,,,,,,,,,,,,,,,,,,,,,,,,,,,,,,,,,,,,,,,,,,,,,,,,,,,,,,,,,,,,,,,,,,,,,,,,,,,
87,PET,HT,#8,#6,BA_1,0,1.0493515567045901,1.361229098505871,50000000,-0.20991511620981188,2.291238161589139,43.15423648420836,PP,LT,#1,#6,DIESEL_1,1.4454016256461504,1.7264329965188085,76.38903982617187,-0.08122948941655778,0.7458485975284938,-29.384922002150915,0.6153254175072996,,,PP,HT,#4,#2,FT_1,1.3629209476215243,4.43385752561458,89.58013308099933,-0.1538843155228399,-2.0209523986679896,-47.31793449652095,0.4717809310046955,34,,PVC,HT,#8,#7,Aromatics,0.8931273816998387,0.7526789404642633,24.711294657370868,-0.5418395321284502,0.49968852651294476,-10.285618471888366,0.5837685311716203,34,PET,HT,#5,#2,GASOLINE_1,1.929727625485959,4.04799940035997,79.22782319082954,-0.7271402100387463,-1.4203331218254949,-38.968566897879235,0.5081454301222077,34,,,,,,,,,,,,,,,,,,,,,,,,,,,,,,,,,,,,,,,,,,,,,,,,,,,,,,,,,,,,,,,,,,,,,,,,,,,,,,,,,,,,,,,,,,,,,,,,,,,,,,,,,,,,,,,,,,,,,,,,,,,,,,,,,,,,,,,,,,,,,,,,,,,,,,,,,,,,,,,,
88,PET,HT,#8,#7,BA_1,12737.722399779786,1.163421015445539,2.0702399305193193,50000000,-0.2752404553023662,1.6500672678450152,50.05817226372838,PP,LT,#1,#7,DIESEL_1,1.5459023638973775,2.378919711833517,83.41108232857187,-0.1416753458148756,0.13376264872650176,-36.071434984982304,0.5675462543107861,,,PP,HT,#4,#3,DIESEL_1,1.2736157763211677,4.050715692680483,85.28631175281598,0.2732659434152167,-1.2693974036787399,-38.34544857910377,0.5503915248411749,35,,PVC,HT,#8,#8,Aromatics,0.9599036898125209,0.9064984225848549,26.286255923402866,-0.6158297220575286,0.3369285639966209,-11.935743833221059,0.5459321453766046,35,PET,HT,#5,#4,GASOLINE_1,1.4205492028539723,4.091799961955175,66.57727311082951,-0.49950807303673467,-1.5723140767745638,-35.52040883147571,0.4664784667232348,35,,,,,,,,,,,,,,,,,,,,,,,,,,,,,,,,,,,,,,,,,,,,,,,,,,,,,,,,,,,,,,,,,,,,,,,,,,,,,,,,,,,,,,,,,,,,,,,,,,,,,,,,,,,,,,,,,,,,,,,,,,,,,,,,,,,,,,,,,,,,,,,,,,,,,,,,,,,,,,,,
89,PET,HT,#8,#8,BA_1,2675.7948407853223,1.230667781753204,2.1925145170565514,50000000,-0.36105053994032127,1.514623429277885,52.13796076464037,PP,LT,#1,#8,DIESEL_1,1.6074772825373136,2.4827185469436714,84.83238695460388,-0.22661764119530034,0.005580437130401134,-37.988989650987584,0.5521876606947707,,,PP,HT,#4,#7,MeOH_1,1.2310986538121078,3.8964593505789322,87.88946390486795,0.07470532259190975,-1.2863560087743058,-42.7818274225536,0.5132314441141559,36,,PVC,HT,#8,#9,Aromatics,0.9053680817017739,0.7575602125360041,25.887088327457196,-0.5438488534650492,0.5006696484566453,-11.271388651372343,0.5645941904011923,36,PET,HT,#5,#5,GASOLINE_1,1.989998338034035,4.522679345261377,82.91346367082953,-0.7970322892560002,-1.9046892222194798,-43.00123160635315,0.48137214750706675,36,,,,,,,,,,,,,,,,,,,,,,,,,,,,,,,,,,,,,,,,,,,,,,,,,,,,,,,,,,,,,,,,,,,,,,,,,,,,,,,,,,,,,,,,,,,,,,,,,,,,,,,,,,,,,,,,,,,,,,,,,,,,,,,,,,,,,,,,,,,,,,,,,,,,,,,,,,,,,,,,
90,PET,HT,#8,#9,BA_1,14701.305228627294,1.1436251279525314,1.8860701622615395,50000000,-0.2408335956264665,1.8458767097087485,49.012285687078275,PP,LT,#1,#9,DIESEL_1,1.5324723424748325,2.219000811099412,82.57312003749242,-0.11589277433630059,0.29936244045042965,-35.02886781852422,0.5757836472375111,,,PP,HT,#4,#8,FT_1,1.3667346287532227,4.668891372024577,94.07311157089994,-0.08117459520673322,-2.1828271570593114,-50.70311747948641,0.4610243391250744,37,,PVC,HT,#8,#10,Aromatics,0.9679802086704169,0.9942648250295778,27.712367873370866,-0.626371911811894,0.2510175382055539,-13.409784871623883,0.5161082974613115,37,PET,HT,#5,#7,GASOLINE_1,1.3122765355845327,2.974047903886136,60.90368283867182,-0.32023995588630183,-0.42292744230314105,-29.322112292295188,0.518549438628092,37,,,,,,,,,,,,,,,,,,,,,,,,,,,,,,,,,,,,,,,,,,,,,,,,,,,,,,,,,,,,,,,,,,,,,,,,,,,,,,,,,,,,,,,,,,,,,,,,,,,,,,,,,,,,,,,,,,,,,,,,,,,,,,,,,,,,,,,,,,,,,,,,,,,,,,,,,,,,,,,,
91,PET,HT,#8,#10,BA_1,2531.6113552924094,1.233387191147338,2.316225329217565,50000000,-0.3831127373375,1.3421743518034177,53.43322989860837,PP,LT,#2,#6,DIESEL_1,1.2767701087433208,2.1640783554870127,75.16423411865188,-0.015731239610557425,0.25444494795767725,-28.056495941161455,0.626730768028949,,,PP,HT,#4,#9,DIESEL_1,1.2728433903410759,3.2628245761184465,85.88786750604088,0.3035983166232862,-0.4725239529622704,-36.503981602365286,0.5749809296429697,38,,PVC,HT,#8,#11,Aromatics,1.0202699841334755,1.2084731383293348,29.343735283402868,-0.6774072810278435,0.034101008212065693,-15.110828777305255,0.48504072057070036,38,PET,HT,#5,#8,GASOLINE_1,1.392318265800517,3.0963224904233684,62.98347133958383,-0.4185870321472056,-0.5741265968271345,-31.63903818599616,0.49766125122875415,38,,,,,,,,,,,,,,,,,,,,,,,,,,,,,,,,,,,,,,,,,,,,,,,,,,,,,,,,,,,,,,,,,,,,,,,,,,,,,,,,,,,,,,,,,,,,,,,,,,,,,,,,,,,,,,,,,,,,,,,,,,,,,,,,,,,,,,,,,,,,,,,,,,,,,,,,,,,,,,,,
92,PET,HT,#8,#11,BA_1,416.5325164778093,1.2521294889001129,2.326280509166212,50000000,-0.3866792276925127,1.376939306286918,53.77776106864037,PP,LT,#8,#1,DIESEL_1,1.1394996127817147,1.7091872313234615,67.36463280113496,0.007426608713797691,0.6060221929147214,-23.08355944818614,0.6573341457032743,,,PP,HT,#5,#1,MeOH_1,1.168250074839157,3.8351328483950846,85.2878223851064,0.23149238435448877,-1.123181886797435,-36.87004206966788,0.5676986345930388,39,,PVC,HT,#9,#3,Aromatics,0.9868515117729424,1.0311690115507344,25.1095244580515,-0.6417125495821988,0.21709058390039204,-9.895461597340226,0.6059080444206822,39,PET,HT,#5,#10,GASOLINE_1,1.3950222595884454,3.220033302584381,64.27874047355184,-0.4421387812449593,-0.6922592205022955,-32.96730772081523,0.4871195751824046,39,,,,,,,,,,,,,,,,,,,,,,,,,,,,,,,,,,,,,,,,,,,,,,,,,,,,,,,,,,,,,,,,,,,,,,,,,,,,,,,,,,,,,,,,,,,,,,,,,,,,,,,,,,,,,,,,,,,,,,,,,,,,,,,,,,,,,,,,,,,,,,,,,,,,,,,,,,,,,,,,
93,PET,LT,#1,#1,MeOH_1,120708.76447514544,2.463865682514484,3.505075778003887,50000000,-1.1667813420141846,-0.13459039734804212,83.07920927999999,PP,LT,#8,#2,DIESEL_1,1.1861981975079205,1.7758087153263324,68.71463504113495,-0.06455703162496988,0.5082417083814171,-24.75547208211599,0.6397350860221187,,,PP,HT,#5,#2,FT_1,1.296585230588622,4.087284065411192,87.1016140511384,0.03323858195383252,-1.5570544394603787,-42.703131803135676,0.5097320265722728,40,,PVC,HT,#9,#6,Aromatics,0.8794137515875764,0.7908825241102946,23.530952126183294,-0.5568849270306565,0.442164469834421,-8.454047625342524,0.6407264958932299,40,PET,HT,#5,#11,GASOLINE_1,1.4171137671816945,3.230088482533029,64.62327164358382,-0.4475495141336651,-0.7139728523934692,-33.2880889972352,0.48489006900132325,40,,,,,,,,,,,,,,,,,,,,,,,,,,,,,,,,,,,,,,,,,,,,,,,,,,,,,,,,,,,,,,,,,,,,,,,,,,,,,,,,,,,,,,,,,,,,,,,,,,,,,,,,,,,,,,,,,,,,,,,,,,,,,,,,,,,,,,,,,,,,,,,,,,,,,,,,,,,,,,,,
94,PET,LT,#1,#2,FT_1,22458.70670997119,1.8765719154124278,3.3313210552375745,50000000,-1.1317458895039112,-0.5453673151773405,68.54282480000002,PP,LT,#8,#3,DIESEL_1,1.1257246708275594,1.4761360073674388,66.58289708377431,0.03680445544359969,0.8454837097155736,-22.040490797329078,0.6689766927744549,,,PP,HT,#5,#3,H2_1,1.2072800592882655,3.7041422324770963,82.80779272295504,0.46038884089188925,-0.8054994444711289,-33.73064588571851,0.5926633861794981,41,,PVC,HT,#9,#7,Aromatics,0.9573753691162494,1.0765584656292153,27.02151749977087,-0.6178996284667341,0.1677727372860618,-12.257176941150167,0.5463919840455259,41,PET,HT,#6,#1,MeOH_1,1.4522169019987217,4.670678932040573,72.63406172495966,-0.7830294271240427,-2.286450435074122,-45.89802650883585,0.36809225012589863,41,,,,,,,,,,,,,,,,,,,,,,,,,,,,,,,,,,,,,,,,,,,,,,,,,,,,,,,,,,,,,,,,,,,,,,,,,,,,,,,,,,,,,,,,,,,,,,,,,,,,,,,,,,,,,,,,,,,,,,,,,,,,,,,,,,,,,,,,,,,,,,,,,,,,,,,,,,,,,,,,
95,PET,LT,#1,#3,GASOLINE_1,5326.013343070752,1.185495387323956,1.889946869500463,50000000,-0.7449328243473742,0.4476792939411834,47.679288082389476,PP,LT,#8,#4,DIESEL_1,1.1965655945403744,1.9064358238205716,70.34822384113495,-0.08196087333323959,0.38523743583195535,-26.407342546284365,0.6246196264184412,,,PP,HT,#5,#4,MeOH_1,1.5124600546344253,6.745640731655159,119.13765118510639,-0.21019341433469266,-4.100110375192753,-73.0858177856546,0.38654306964554974,42,,PVC,HT,#9,#8,Aromatics,1.0241516772289314,1.230377947749807,28.596478765802875,-0.6918898183958125,0.005012774769737869,-13.907302302482858,0.513670811837368,42,PET,HT,#6,#2,MeOH_1,2.0574322363400888,5.213613543050449,92.60673660495964,-1.1517090065273294,-2.7502697997923864,-56.93559445735149,0.38518949544430603,42,,,,,,,,,,,,,,,,,,,,,,,,,,,,,,,,,,,,,,,,,,,,,,,,,,,,,,,,,,,,,,,,,,,,,,,,,,,,,,,,,,,,,,,,,,,,,,,,,,,,,,,,,,,,,,,,,,,,,,,,,,,,,,,,,,,,,,,,,,,,,,,,,,,,,,,,,,,,,,,,
96,PET,LT,#1,#4,MeOH_1,29840.62189463567,1.9445476174399623,4.306680294124027,50000000,-1.1680316450703643,-1.6216567337752736,80.75531568,PP,LT,#8,#5,DIESEL_1,1.2472219792074026,2.019653189840359,71.34701488113495,-0.1031256724324497,0.27636290161682725,-26.595057664452714,0.627243582527448,,,PP,HT,#5,#7,MeOH_1,1.1647629367792054,3.5498858903755455,85.41094487500705,0.2618282200685823,-0.8224580495666954,-38.16702472916835,0.5531366057942209,43,,PVC,HT,#9,#9,Aromatics,0.9696160691181844,1.081439737700956,28.19731116985719,-0.6199089498033331,0.1687538592297624,-13.242947120634136,0.530347165342815,43,PET,HT,#6,#3,MeOH_1,1.4385934359746853,3.8842927027149736,73.02876563990577,-0.7328756145886052,-1.4963268926765443,-45.01621177443119,0.38358246397865214,43,,,,,,,,,,,,,,,,,,,,,,,,,,,,,,,,,,,,,,,,,,,,,,,,,,,,,,,,,,,,,,,,,,,,,,,,,,,,,,,,,,,,,,,,,,,,,,,,,,,,,,,,,,,,,,,,,,,,,,,,,,,,,,,,,,,,,,,,,,,,,,,,,,,,,,,,,,,,,,,,
97,PET,LT,#1,#5,FT_1,15563.780992070579,1.9907429763297875,4.558267433287902,50000000,-1.2679201244143017,-1.7964909981415373,82.128514866032,PP,LT,#8,#6,DIESEL_1,1.0309114293832822,0.9574352942142041,59.9830852379513,0.07720961623867978,1.3165277318498236,-15.991802051617977,0.7333948064161934,,,PP,HT,#5,#8,FT_1,1.3003989117203207,4.322317911821189,91.59459254103905,0.10594830226993936,-1.7189291978517005,-46.08831478610116,0.49682275440603935,44,,PVC,LT,#1,#3,GASOLINE_1,0.8495873091788212,0.9878197143876399,28.37585995753366,-0.3150675515532208,0.3467647174474132,-10.647653133391765,0.6247636847191,44,PET,HT,#6,#4,MeOH_1,1.5482538137081023,5.2574141046456555,79.95618652495966,-0.9240768695253186,-2.9022507547414564,-53.48743639094801,0.3310406772057468,44,,,,,,,,,,,,,,,,,,,,,,,,,,,,,,,,,,,,,,,,,,,,,,,,,,,,,,,,,,,,,,,,,,,,,,,,,,,,,,,,,,,,,,,,,,,,,,,,,,,,,,,,,,,,,,,,,,,,,,,,,,,,,,,,,,,,,,,,,,,,,,,,,,,,,,,,,,,,,,,,
98,PET,LT,#1,#6,GASOLINE_1,0,1.0208311448248015,1.1530221224931683,50000000,-0.5595902101002266,1.23241451864001,40.45812990114556,PP,LT,#8,#7,DIESEL_1,1.1314121676345092,1.609922009528912,67.00512774035131,0.01676375984036227,0.704441783047832,-22.678315034449373,0.6615435892857464,,,PP,HT,#5,#9,H2_1,1.2065076733081739,2.9162511159150593,83.40934847617994,0.49072121409995845,-0.008625993754659295,-31.88917890898002,0.6176785996825411,45,,PVC,LT,#1,#7,GASOLINE_1,0.8331356814242312,1.0823067086990912,30.330754103564473,-0.31260127399470883,0.24408642405816705,-13.10048223822544,0.5680792441396677,45,PET,HT,#6,#5,MeOH_1,2.117702948888165,5.6882934879518565,96.29237708495968,-1.2216010857445834,-3.234625900186373,-60.968259165825444,0.36684230869041096,45,,,,,,,,,,,,,,,,,,,,,,,,,,,,,,,,,,,,,,,,,,,,,,,,,,,,,,,,,,,,,,,,,,,,,,,,,,,,,,,,,,,,,,,,,,,,,,,,,,,,,,,,,,,,,,,,,,,,,,,,,,,,,,,,,,,,,,,,,,,,,,,,,,,,,,,,,,,,,,,,
99,PET,LT,#1,#7,GASOLINE_1,7197.708467925716,1.1364306474800692,1.8618570776673726,50000000,-0.6637499203718854,0.5104063227996367,47.34532651106555,PP,LT,#8,#8,DIESEL_1,1.1929870862744452,1.713720844639067,68.42643236638331,-0.0681785355400625,0.576259571451731,-24.59586970045462,0.6405501668016506,,,PP,HT,#5,#10,MeOH_1,1.508939217078841,6.443024506237302,119.22315287500702,-0.14963009418077916,-3.7648683624133787,-72.83293030061843,0.3891041417351534,46,,PVC,LT,#1,#8,GASOLINE_1,0.8749588845317015,1.1584784030754984,31.45561040959647,-0.37617772746038586,0.14425017362056256,-14.618131236926498,0.5352774577705603,46,PET,HT,#6,#6,MeOH_1,1.3172739943400857,3.430651214563166,67.378660473282,-0.674924655277437,-1.0849567369966793,-40.0005937525579,0.40633141900439623,46,,,,,,,,,,,,,,,,,,,,,,,,,,,,,,,,,,,,,,,,,,,,,,,,,,,,,,,,,,,,,,,,,,,,,,,,,,,,,,,,,,,,,,,,,,,,,,,,,,,,,,,,,,,,,,,,,,,,,,,,,,,,,,,,,,,,,,,,,,,,,,,,,,,,,,,,,,,,,,,,
100,PET,LT,#1,#8,GASOLINE_1,1345.223957928387,1.2036774137877322,1.984131664204605,50000000,-0.7429458978291131,0.39171824853503584,49.42511501197756,PP,LT,#8,#9,DIESEL_1,1.1179821462119641,1.4500031087948066,66.16716544927185,0.04254633131893712,0.8700415747717606,-21.63574786799127,0.673013832146419,,,PP,HT,#5,#11,FT_1,1.6872113004441467,7.76294535686559,126.90590774103907,-0.28744600857557545,-5.164657086435626,-81.92760909526451,0.3544224177298042,47,,PVC,LT,#1,#10,GASOLINE_1,0.8793837759279632,1.2474301386783677,32.885880343564466,-0.3833502073993216,0.06088422611799389,-15.90429890594722,0.5163791043514036,47,PET,HT,#6,#7,MeOH_1,1.439981146438662,4.139662046576616,74.28259625280197,-0.7448087523748851,-1.7528641202700335,-47.28913985176747,0.3633887042554236,47,,,,,,,,,,,,,,,,,,,,,,,,,,,,,,,,,,,,,,,,,,,,,,,,,,,,,,,,,,,,,,,,,,,,,,,,,,,,,,,,,,,,,,,,,,,,,,,,,,,,,,,,,,,,,,,,,,,,,,,,,,,,,,,,,,,,,,,,,,,,,,,,,,,,,,,,,,,,,,,,
101,PET,LT,#1,#9,GASOLINE_1,16718.256028635886,1.11780631184798,1.7699167102168143,50000000,-0.6026323940823851,0.6576904955931887,46.57299067268834,PP,LT,#8,#10,DIESEL_1,1.1883663461114446,1.875420491832225,70.67439622035131,-0.0667537641843434,0.41961147853734404,-26.707459253083712,0.6221055901232722,,,PP,HT,#6,#1,MeOH_1,1.2747878902783043,4.621416045984846,93.86059853496735,0.01695377200072102,-1.9801032945520642,-46.93578015575274,0.4999416060801378,48,,PVC,LT,#2,#3,Olefin,0.8997542143507246,1.2121544655946,30.21346492121366,-0.4116830812845458,0.09371866590255976,-11.765072877448217,0.6106016669015789,48,PET,HT,#6,#8,MeOH_1,1.5200228766546475,4.261936633113847,76.36238475371397,-0.8431558286357896,-1.904063274794026,-49.606065745468456,0.35038611083900434,48,,,,,,,,,,,,,,,,,,,,,,,,,,,,,,,,,,,,,,,,,,,,,,,,,,,,,,,,,,,,,,,,,,,,,,,,,,,,,,,,,,,,,,,,,,,,,,,,,,,,,,,,,,,,,,,,,,,,,,,,,,,,,,,,,,,,,,,,,,,,,,,,,,,,,,,,,,,,,,,,
102,PET,LT,#1,#10,GASOLINE_1,885.0307605973237,1.153164296339003,2.0593336267151856,50000000,-0.7110847961725388,0.2681413912040922,49.81964302594556,PP,LT,#8,#11,DIESEL_1,1.2030787990986451,1.8822830908383434,70.2355370203513,-0.08229217061108286,0.40374378832760455,-26.4345299793226,0.6236302717858769,,,PP,HT,#6,#2,FT_1,1.403123046027769,4.873567263000955,95.67439020099934,-0.18130003039993525,-2.413975847215009,-52.768869889220525,0.4484535539932886,49,,PVC,LT,#2,#6,Olefin,0.8075879400983018,0.9099099490770103,28.004955930547204,-0.3665911286507557,0.35801729679556477,-9.444261453329952,0.6627646379179495,49,PET,HT,#6,#9,MeOH_1,1.4198606908556044,3.955492278318835,73.23670967615186,-0.709819352323564,-1.564448292936272,-45.9261185570984,0.3729084941120264,49,,,,,,,,,,,,,,,,,,,,,,,,,,,,,,,,,,,,,,,,,,,,,,,,,,,,,,,,,,,,,,,,,,,,,,,,,,,,,,,,,,,,,,,,,,,,,,,,,,,,,,,,,,,,,,,,,,,,,,,,,,,,,,,,,,,,,,,,,,,,,,,,,,,,,,,,,,,,,,,,
103,PET,LT,#1,#11,GASOLINE_1,269.41598131008374,1.1821811194875098,2.133321356207144,50000000,-0.7275706705461515,0.23415360331492335,50.459013891977555,PP,LT,#9,#1,DIESEL_1,1.090954778055994,2.1234514809396656,67.58932420545496,-0.013495473628878046,0.19745568457133203,-22.84778772941144,0.6619615893782312,,,PP,HT,#6,#3,MeOH_1,1.3138178747274127,4.490425430066857,91.38056887281599,0.24585022853812147,-1.6624208522257582,-43.79638397180337,0.5207254177552841,50,,PVC,LT,#2,#9,Olefin,0.8821070366516133,1.2778841265275391,33.83163041236878,-0.3941170352774975,0.026464366531078518,-15.61572564361531,0.538428226683801,50,PET,HT,#6,#10,MeOH_1,1.5227268704425756,4.385647445274861,77.65765388768197,-0.8667075777335428,-2.0221958984691875,-50.93433528028751,0.34411699645272575,50,,,,,,,,,,,,,,,,,,,,,,,,,,,,,,,,,,,,,,,,,,,,,,,,,,,,,,,,,,,,,,,,,,,,,,,,,,,,,,,,,,,,,,,,,,,,,,,,,,,,,,,,,,,,,,,,,,,,,,,,,,,,,,,,,,,,,,,,,,,,,,,,,,,,,,,,,,,,,,,,
104,PET,LT,#2,#1,MeOH_1,120708.76447514544,2.591518896099666,4.0977800236873225,50000000,-1.317473924901008,-0.5941481095777184,88.11751336640002,PP,LT,#9,#2,DIESEL_1,1.1376533627822,2.1900729649425363,68.93932644545497,-0.08547911396764576,0.09967520003802777,-24.51970036334129,0.6443292728898162,,,PP,HT,#6,#6,Olefin,1.0767547631533974,2.709366717529596,78.43083102291062,-0.20713251530259755,-0.3816316991034386,-35.20954232207528,0.5510752358114103,51,,PVC,LT,#3,#6,MeOH_1,0.8636671300272261,1.344998461046096,32.307570750430806,-0.3331179193477064,4.6723284656703475e-05,-13.06003872421405,0.5957591852046041,51,PET,HT,#6,#11,MeOH_1,1.5448183780358242,4.3957026252235085,78.00218505771397,-0.8721183106222486,-2.043909530360361,-51.255116556707485,0.34290152873558954,51,,,,,,,,,,,,,,,,,,,,,,,,,,,,,,,,,,,,,,,,,,,,,,,,,,,,,,,,,,,,,,,,,,,,,,,,,,,,,,,,,,,,,,,,,,,,,,,,,,,,,,,,,,,,,,,,,,,,,,,,,,,,,,,,,,,,,,,,,,,,,,,,,,,,,,,,,,,,,,,,
105,PET,LT,#2,#2,FT_1,22458.70670997119,2.00422512899761,3.92402530092101,50000000,-1.2824384723907345,-1.0049250274070174,73.58112888640004,PP,LT,#9,#3,DIESEL_1,1.077179836101839,1.8904002569836422,66.80758848809432,0.015882373100923674,0.43691720137218476,-21.804719078554374,0.6736191266290033,,,PP,HT,#6,#7,MeOH_1,1.271300752218353,4.336169087965307,93.98372102486799,0.047289607714814254,-1.6793794573213245,-48.23276281525321,0.4867966251039275,52,,PVC,LT,#8,#3,Aromatics,0.9028587242626976,0.8090619611975827,24.169410392450715,-0.5569600734871264,0.43460661091213554,-9.102040000622313,0.6234066180006888,52,PET,HT,#7,#1,GASOLINE_1,1.5245289994802755,5.167015206348933,75.36925115099167,-0.7149327216074898,-2.7622431194237653,-46.53429176324399,0.382582537936869,52,,,,,,,,,,,,,,,,,,,,,,,,,,,,,,,,,,,,,,,,,,,,,,,,,,,,,,,,,,,,,,,,,,,,,,,,,,,,,,,,,,,,,,,,,,,,,,,,,,,,,,,,,,,,,,,,,,,,,,,,,,,,,,,,,,,,,,,,,,,,,,,,,,,,,,,,,,,,,,,,
106,PET,LT,#2,#3,GASOLINE_1,5326.013343070752,1.313148600909136,2.482651115183899,50000000,-0.8956254072341955,-0.011878418288493753,52.71759216878948,PP,LT,#9,#6,DIESEL_1,0.9823665946575616,1.3716995438304083,60.20777664227132,0.056287533896004195,0.9079612235064343,-15.75603033284329,0.7383057270747792,,,PP,HT,#6,#8,FT_1,1.406936727159468,5.108601109410951,100.16736869089998,-0.10859031008382884,-2.57585060560633,-56.154052872186014,0.43939774393527115,53,,PVC,LT,#8,#6,Aromatics,0.8106924500102751,0.5068174446799933,21.960901401784263,-0.5118681208533363,0.6989052418051401,-6.781228576504053,0.691213559387271,53,PET,HT,#7,#2,GASOLINE_1,2.129744333821642,5.709949817358808,95.34192603099167,-1.083612301010776,-3.22606248414203,-57.57185971175965,0.3961538002384654,53,,,,,,,,,,,,,,,,,,,,,,,,,,,,,,,,,,,,,,,,,,,,,,,,,,,,,,,,,,,,,,,,,,,,,,,,,,,,,,,,,,,,,,,,,,,,,,,,,,,,,,,,,,,,,,,,,,,,,,,,,,,,,,,,,,,,,,,,,,,,,,,,,,,,,,,,,,,,,,,,
107,PET,LT,#2,#4,MeOH_1,29840.62189463567,2.0722008310251443,4.899384539807463,50000000,-1.3187242279571874,-2.08121444600495,85.79361976640001,PP,LT,#9,#7,DIESEL_1,1.0828673329087886,2.0241862591451163,67.22981914467131,-0.00415832250231361,0.295875274704442,-22.442543315674662,0.6661817092296392,,,PP,HT,#6,#9,MeOH_1,1.3130454887473209,3.702534313504821,91.98212462604087,0.2761826017461905,-0.8655474015092889,-41.95491699506488,0.5438796704725486,54,,PVC,LT,#8,#7,Aromatics,0.8864070965081077,0.9035489555090339,26.124304538481525,-0.5544937959286144,0.3319283175228892,-11.55486910545599,0.5576965852455333,54,PET,HT,#7,#3,GASOLINE_1,1.510905533456239,4.380628977023334,75.76395506593776,-0.6647789090720521,-1.972119577026189,-45.65247702883933,0.3974380430759226,54,,,,,,,,,,,,,,,,,,,,,,,,,,,,,,,,,,,,,,,,,,,,,,,,,,,,,,,,,,,,,,,,,,,,,,,,,,,,,,,,,,,,,,,,,,,,,,,,,,,,,,,,,,,,,,,,,,,,,,,,,,,,,,,,,,,,,,,,,,,,,,,,,,,,,,,,,,,,,,,,
108,PET,LT,#2,#5,FT_1,15563.780992070579,2.1183961899149693,5.150971678971338,50000000,-1.418612707301125,-2.256048710371214,87.16681895243202,PP,LT,#9,#8,DIESEL_1,1.144442251548725,2.1279850942552705,68.65112377070331,-0.0891006178827385,0.167693063108342,-24.360097981679925,0.6451609727024522,,,PP,HT,#7,#1,MeOH_1,1.3211992722359838,4.932831270041742,95.58236429496733,-0.027512914403955903,-2.314738964801023,-48.93870169715193,0.48799444271825065,55,,PVC,LT,#8,#8,Aromatics,0.928230299615578,0.9797206498854423,27.249160844513522,-0.6180702493942916,0.2320920670852837,-13.072518104157043,0.5202597915308234,55,PET,HT,#7,#4,GASOLINE_1,1.620565911189656,5.753750378954015,82.69137595099166,-0.8559801640087655,-3.3780434390910994,-54.12370164535614,0.3454734423885582,55,,,,,,,,,,,,,,,,,,,,,,,,,,,,,,,,,,,,,,,,,,,,,,,,,,,,,,,,,,,,,,,,,,,,,,,,,,,,,,,,,,,,,,,,,,,,,,,,,,,,,,,,,,,,,,,,,,,,,,,,,,,,,,,,,,,,,,,,,,,,,,,,,,,,,,,,,,,,,,,,
109,PET,LT,#2,#6,Olefin,0,1.148484358409982,1.7457263681766044,50000000,-0.7102827929870483,0.7728568064103326,45.49643398754556,PP,LT,#9,#9,DIESEL_1,1.0694373114862437,1.8642673584110108,66.39185685359185,0.02162424897626096,0.4614750664283708,-21.399976149216574,0.6776716729521804,,,PP,HT,#7,#2,FT_1,1.4495344279854487,5.184982487057851,97.39615596099934,-0.22576671680461216,-2.7486115174639667,-54.771791430619736,0.4376390845183646,56,,PVC,LT,#8,#9,Aromatics,0.8852115465635866,0.8747916221305223,27.787575883605843,-0.5393940274800781,0.36735231154065373,-12.952692766789408,0.533867480162915,56,PET,HT,#7,#5,FT_1,2.190015046369718,6.184629762260218,99.02756651099166,-1.1535043802280305,-3.710418584536017,-61.604524420233595,0.3779052985877854,56,,,,,,,,,,,,,,,,,,,,,,,,,,,,,,,,,,,,,,,,,,,,,,,,,,,,,,,,,,,,,,,,,,,,,,,,,,,,,,,,,,,,,,,,,,,,,,,,,,,,,,,,,,,,,,,,,,,,,,,,,,,,,,,,,,,,,,,,,,,,,,,,,,,,,,,,,,,,,,,,
110,PET,LT,#2,#7,GASOLINE_1,7197.708467925716,1.2640838610652494,2.454561323350809,50000000,-0.814442503258707,0.05084861056995958,52.383630597465555,PP,LT,#9,#10,DIESEL_1,1.139821511385724,2.289684741448429,70.89908762467132,-0.087675846527019,0.011044970193954408,-26.47168753430901,0.6266286574173425,,,PP,HT,#7,#3,H2_1,1.3602292566850924,4.801840654123754,93.10233463281597,0.20138354213344456,-1.997056522474716,-45.799305513202555,0.5080756492967731,57,,PVC,LT,#8,#10,Aromatics,0.9326551910118399,1.0686723854883107,28.679430778481528,-0.6252427293332273,0.14872611958271592,-14.358685773177774,0.4993385369436536,57,PET,HT,#7,#6,GASOLINE_1,1.3895860918216396,3.9269874888715255,70.11384989931399,-0.6068279497608842,-1.5607494213463229,-40.63685900696603,0.4204160937486386,57,,,,,,,,,,,,,,,,,,,,,,,,,,,,,,,,,,,,,,,,,,,,,,,,,,,,,,,,,,,,,,,,,,,,,,,,,,,,,,,,,,,,,,,,,,,,,,,,,,,,,,,,,,,,,,,,,,,,,,,,,,,,,,,,,,,,,,,,,,,,,,,,,,,,,,,,,,,,,,,,
111,PET,LT,#2,#8,GASOLINE_1,1345.223957928387,1.3313306273729142,2.576835909888041,50000000,-0.8936384807159365,-0.06783946369464129,54.463419098377564,PP,HT,#6,-,Olefin,0.8530289556447606,1.4887138773965534,64.00055207228964,0.0667768087809361,0.821095790523029,-18.62617938483567,0.7089684575877235,,,PP,HT,#7,#6,Olefin,1.123166145111077,3.0207819415864923,80.15259678291062,-0.25159920170727434,-0.7162673693523959,-37.21246386347446,0.5357297784841256,58,,PVC,LT,#8,#11,Aromatics,0.9506703395509957,1.1572325170097002,29.154397820513523,-0.6443623004545085,0.050764224544112085,-14.993901232280832,0.48570705097085315,58,PET,HT,#7,#7,GASOLINE_1,1.5122932439202157,4.635998320884974,77.01778567883397,-0.6767120468583318,-2.2286568046196757,-47.925405106175624,0.37773587381457946,58,,,,,,,,,,,,,,,,,,,,,,,,,,,,,,,,,,,,,,,,,,,,,,,,,,,,,,,,,,,,,,,,,,,,,,,,,,,,,,,,,,,,,,,,,,,,,,,,,,,,,,,,,,,,,,,,,,,,,,,,,,,,,,,,,,,,,,,,,,,,,,,,,,,,,,,,,,,,,,,,
112,PET,LT,#2,#9,GASOLINE_1,16718.256028635886,1.2454595254331615,2.3626209559002502,50000000,-0.7533249769692083,0.19813278336351156,51.61129475908835,PP,LT,#6,-,DIESEL_1,1.2657499899845477,2.1740490975176976,75.43159242937188,0.0009650941394724554,0.2463960207645911,-27.69083442185991,0.6329013675829872,,,PP,HT,#7,#7,MeOH_1,1.3177121341760325,4.647584312022203,95.70548678486796,0.0028229213101377583,-2.014015127570282,-50.23568435665237,0.4751013129521518,59,,PVC,LT,#9,#3,Aromatics,0.9612618909380667,1.1068309460763137,26.312149232450714,-0.6284721866214957,0.13309084386404574,-11.31901852547788,0.5698177892850289,59,PET,HT,#7,#8,GASOLINE_1,1.5923349741362012,4.758272907422207,79.09757417974598,-0.7750591231192365,-2.3798559591436694,-50.24233099987659,0.3648056653962236,59,,,,,,,,,,,,,,,,,,,,,,,,,,,,,,,,,,,,,,,,,,,,,,,,,,,,,,,,,,,,,,,,,,,,,,,,,,,,,,,,,,,,,,,,,,,,,,,,,,,,,,,,,,,,,,,,,,,,,,,,,,,,,,,,,,,,,,,,,,,,,,,,,,,,,,,,,,,,,,,,
113,PET,LT,#2,#10,GASOLINE_1,885.0307605973237,1.2808175099241852,2.6520378723986213,50000000,-0.8617773790593622,-0.19141632102558465,54.85794711234555,PP,OG,#1,-,MeOH_1,0.7030391115167872,2.2283474767511042,57.7485152,-0.13100823392965885,0.044118532792051135,-31.2642130105518,0.4586144266692453,,,PP,HT,#7,#8,FT_1,1.4533481091171476,5.4200163334678475,101.88913445089999,-0.1530569964885055,-2.910486275855287,-58.156974413585196,0.4292131862047484,60,,PVC,LT,#9,#6,Aromatics,0.8690956166856443,0.8045864295587245,24.10364024178426,-0.5833802339877057,0.3973894747570501,-8.998207101359617,0.6266867987117979,60,PET,HT,#7,#9,GASOLINE_1,1.492172788337158,4.451828552627195,75.97189910218387,-0.6417226468070107,-2.0402409772859156,-46.562383811506535,0.38711044002099887,60,,,,,,,,,,,,,,,,,,,,,,,,,,,,,,,,,,,,,,,,,,,,,,,,,,,,,,,,,,,,,,,,,,,,,,,,,,,,,,,,,,,,,,,,,,,,,,,,,,,,,,,,,,,,,,,,,,,,,,,,,,,,,,,,,,,,,,,,,,,,,,,,,,,,,,,,,,,,,,,,
114,PET,LT,#2,#11,GASOLINE_1,269.41598131008374,1.3098343330726918,2.7260256018905795,50000000,-0.8782632534329746,-0.2254041089147532,55.49731797837755,PP,OG,#3,-,H2_1,0.7266835067935711,2.242929154991412,55.734171419216345,0.2370487334787069,0.2767443987515989,-24.770703536463447,0.5555562609849285,,,PP,HT,#7,#9,H2_1,1.3594568707050005,4.013949537561718,93.70389038604088,0.2317159153415139,-1.2001830717582473,-43.95783853646409,0.5308856616799283,61,,PVC,LT,#9,#7,Aromatics,0.9448102631834766,1.201317940387765,28.267043378481528,-0.6260059090629836,0.030412550474799425,-13.771847630311553,0.5127949023209316,61,PET,HT,#7,#10,GASOLINE_1,1.5950389679241288,4.8819837195832205,80.39284331371397,-0.7986108722169899,-2.4979885828188313,-51.57060053469562,0.3585175196073907,61,,,,,,,,,,,,,,,,,,,,,,,,,,,,,,,,,,,,,,,,,,,,,,,,,,,,,,,,,,,,,,,,,,,,,,,,,,,,,,,,,,,,,,,,,,,,,,,,,,,,,,,,,,,,,,,,,,,,,,,,,,,,,,,,,,,,,,,,,,,,,,,,,,,,,,,,,,,,,,,,
115,PET,LT,#3,#1,MeOH_1,148870.7652802845,2.696855057484815,4.840802824902451,50000000,-1.284020261298303,-1.3205631250741006,95.61827250390499,PP,OG,#6,-,MeOH_1,0.7293666504404509,2.1154372125163654,66.13528103252321,-0.0835228402992982,0.18679021868795426,-40.19137827825222,0.39228536341310183,,,PP,HT,#8,#1,MeOH_1,1.0684781859203631,2.691608655204079,71.2303394701914,0.0755771477350126,-0.15527701903078286,-26.602032842039346,0.6265350826641531,62,,PVC,LT,#9,#9,Aromatics,0.9436147132389557,1.172560607009253,29.93031472360584,-0.6109061406144476,0.06583654449256435,-15.169671291644969,0.49316699701521177,62,PET,HT,#7,#11,GASOLINE_1,1.6171304755173779,4.892038899531868,80.73737448374598,-0.8040216051056953,-2.519702214710005,-51.89138181111563,0.3572817775792005,62,,,,,,,,,,,,,,,,,,,,,,,,,,,,,,,,,,,,,,,,,,,,,,,,,,,,,,,,,,,,,,,,,,,,,,,,,,,,,,,,,,,,,,,,,,,,,,,,,,,,,,,,,,,,,,,,,,,,,,,,,,,,,,,,,,,,,,,,,,,,,,,,,,,,,,,,,,,,,,,,
116,PET,LT,#3,#2,FT_1,50620.707515110254,2.1095612903827594,4.667048102136141,50000000,-1.2489848087880298,-1.7313400429034007,81.081888023905,PVC,HT,#1,#3,DIESEL_1,0.7746275845542933,0.8484791268562218,25.933220992302438,-0.26459981864959076,0.4588377126646195,-9.68800077787287,0.6264250869281341,,,PP,HT,#8,#2,FT_1,1.1968133416698283,2.943759872220187,73.0441311362234,-0.12267665466564381,-0.5891495716937265,-32.43512257550714,0.5559516956260679,63,,PVC,HT,#6,-,Olefin,0.7143046286672874,0.8433418503848547,26.50022623483424,-0.3475995374560892,0.39383628800437065,-11.457617534942631,0.5676407652746102,63,PET,HT,#8,#2,BA_1,1.6431381243798042,3.144191426993153,68.38231261588606,-0.6081430127991302,-0.955524919387483,-26.313610490272595,0.6151985874171852,63,,,,,,,,,,,,,,,,,,,,,,,,,,,,,,,,,,,,,,,,,,,,,,,,,,,,,,,,,,,,,,,,,,,,,,,,,,,,,,,,,,,,,,,,,,,,,,,,,,,,,,,,,,,,,,,,,,,,,,,,,,,,,,,,,,,,,,,,,,,,,,,,,,,,,,,,,,,,,,,,
117,PET,LT,#3,#3,GASOLINE_1,33488.01414820982,1.4184847622942853,3.2256739163990282,50000000,-0.8621717436314907,-0.7382934337848759,60.21835130629446,PVC,HT,#1,#6,DIESEL_1,0.6671898243689274,0.6081926394157826,24.354648660434236,-0.17977219609804843,0.6839115985986478,-8.246586805875173,0.6613957802942029,,,PP,HT,#8,#8,FT_1,1.2006270228015268,3.178793718630183,77.53710962612405,-0.04996693434953699,-0.7510243300850478,-35.82030555847262,0.5380237188206467,64,,PVC,LT,#6,-,Olefin,0.7803531316566651,0.8730062634230107,27.6354195844672,-0.36153662127427866,0.38755644013811796,-9.318691112810793,0.6627990002348845,64,PET,HT,#8,#4,BA_1,1.1339597017478174,3.1879919885883594,55.731762535886055,-0.3805108757971189,-1.1075058743365531,-22.865452423869076,0.5897231420028057,64,,,,,,,,,,,,,,,,,,,,,,,,,,,,,,,,,,,,,,,,,,,,,,,,,,,,,,,,,,,,,,,,,,,,,,,,,,,,,,,,,,,,,,,,,,,,,,,,,,,,,,,,,,,,,,,,,,,,,,,,,,,,,,,,,,,,,,,,,,,,,,,,,,,,,,,,,,,,,,,,
118,PET,LT,#3,#4,MeOH_1,58002.622699774736,2.1775369924102934,5.642407341022593,50000000,-1.2852705643544824,-2.8076294615013326,93.29437890390497,PVC,HT,#1,#7,DIESEL_1,0.7451514418976003,0.8938685809347028,27.845214034021808,-0.24078689753412597,0.4095198660502891,-12.049716121682808,0.5672607828777959,,,PP,HT,#8,#10,MeOH_1,1.4091673281600465,5.299500313046295,105.16566996009207,-0.3055453308002549,-2.7969634946467243,-62.56492107298994,0.4050822754542249,65,,PVC,OG,#6,-,MeOH_1,0.5651563791741954,0.8107699049045326,19.950742104113978,-0.3714791646087728,0.3784360696965776,-11.985859224907276,0.3992273990431809,65,PET,HT,#8,#5,BA_1,1.7034088369278801,3.618871371894561,72.06795309588608,-0.6780350920163841,-1.439881019781469,-30.34627519874652,0.5789213666389145,65,,,,,,,,,,,,,,,,,,,,,,,,,,,,,,,,,,,,,,,,,,,,,,,,,,,,,,,,,,,,,,,,,,,,,,,,,,,,,,,,,,,,,,,,,,,,,,,,,,,,,,,,,,,,,,,,,,,,,,,,,,,,,,,,,,,,,,,,,,,,,,,,,,,,,,,,,,,,,,,,
119,PET,LT,#3,#5,FT_1,43725.78179720964,2.2237323513001184,5.893994480186467,50000000,-1.3851590436984202,-2.982463725867597,94.66757808993698,PVC,HT,#1,#9,DIESEL_1,0.7573921418995354,0.8987498530064437,29.021007704108133,-0.242796218870725,0.4105009879939896,-13.035486301166785,0.5508258557361702,,,PP,HT,#9,#1,MeOH_1,1.1637992208500552,3.1042224552804583,74.3177160818714,-0.04967999413332393,-0.5767985655878344,-29.45198042164526,0.6037017554576116,66,,PVC,OG,#7,-,FT_1,0.8981624730876153,1.1364751347160191,28.94746530411398,-0.5725286724428809,0.06672031005954891,-17.985920508087162,0.37867028013913795,66,PET,HT,#8,#10,BA_1,1.1084327584822904,2.316225329217565,53.43322989860837,-0.3231415840053434,-0.2274510180642846,-20.312351313208584,0.6198554466620854,66,,,,,,,,,,,,,,,,,,,,,,,,,,,,,,,,,,,,,,,,,,,,,,,,,,,,,,,,,,,,,,,,,,,,,,,,,,,,,,,,,,,,,,,,,,,,,,,,,,,,,,,,,,,,,,,,,,,,,,,,,,,,,,,,,,,,,,,,,,,,,,,,,,,,,,,,,,,,,,,,
120,PET,LT,#3,#6,GASOLINE_1,28162.000805139065,1.2538205197951313,2.488749169391734,50000000,-0.6768291293843438,0.046441790913950204,52.997193125050536,PVC,HT,#2,#6,Olefin,0.7468943607393022,0.8409089027808587,26.688658113554233,-0.301058280562107,0.43813915393683023,-10.391437639151297,0.6106421838468585,,,PP,HT,#9,#2,FT_1,1.29213437659952,3.356373672296567,76.13150774790343,-0.24793379653397993,-1.0106711182507786,-35.28507015511307,0.5365247425290249,67,,PS,OG,#7,-,FT_1,1.2121108458341887,2.3050951710087197,69.39587467555754,-0.5002688889709414,0.47514316869901985,-44.68298242913264,0.3561147166450979,67,PET,HT,#8,#11,BA_1,1.1305242660755392,2.326280509166212,53.77776106864037,-0.3285523168940489,-0.24916464995545745,-20.633132589628573,0.6163259276768135,67,,,,,,,,,,,,,,,,,,,,,,,,,,,,,,,,,,,,,,,,,,,,,,,,,,,,,,,,,,,,,,,,,,,,,,,,,,,,,,,,,,,,,,,,,,,,,,,,,,,,,,,,,,,,,,,,,,,,,,,,,,,,,,,,,,,,,,,,,,,,,,,,,,,,,,,,,,,,,,,,
121,PET,LT,#3,#7,MeOH_1,35359.709273064786,1.3694200224503987,3.197584124565938,50000000,-0.7809888396560025,-0.6755664049264228,59.88438973497053,PVC,HT,#3,#6,MeOH_1,0.8072122588854781,1.2938978569110302,31.1474491987965,-0.2771211723626405,0.05786552604636714,-14.301122561537817,0.540857343718201,,,PP,HT,#9,#3,H2_1,1.2028292052991636,2.9732318393624713,71.83768641972004,0.17921646240407627,-0.2591161232615292,-26.312584237695866,0.6337217197675112,68,,PE,LT,#1,#1,DIESEL_1,1.9090067582043178,2.3579492115672482,85.93895404236105,-0.42897370529724643,0.23419202763568253,-37.299677816607186,0.5659747290126265,68,PET,LT,#1,#1,MeOH_1,2.2445727613447244,3.378073113628987,81.17088059344,-0.8008177105891653,-0.6122911863144163,-31.795334560969764,0.6082913684253,68,,,,,,,,,,,,,,,,,,,,,,,,,,,,,,,,,,,,,,,,,,,,,,,,,,,,,,,,,,,,,,,,,,,,,,,,,,,,,,,,,,,,,,,,,,,,,,,,,,,,,,,,,,,,,,,,,,,,,,,,,,,,,,,,,,,,,,,,,,,,,,,,,,,,,,,,,,,,,,,,
122,PET,LT,#3,#8,GASOLINE_1,29507.224763067454,1.4366667887580633,3.31985871110317,50000000,-0.8601848171132315,-0.7942544791910231,61.96417823588254,PVC,HT,#5,#6,DIESEL_1,0.8075550031515281,1.1599689951995087,30.67136130786079,-0.22333873248500138,0.2244173995224032,-12.892274837556071,0.5796640811553447,,,PP,HT,#9,#7,MeOH_1,1.1603120827901034,2.818975497260919,74.44083857177202,-0.01934415841923041,-0.27607472835709485,-30.748963081145707,0.5869342195614959,69,,PE,LT,#1,#2,DIESEL_1,1.9987419122797383,2.490990851540301,88.22770972236106,-0.5147086574021489,0.09621037638306588,-39.27848856690169,0.5548055288921698,69,PET,LT,#1,#2,FT_1,1.668925805722297,3.204318390862676,66.63449611344002,-0.7693281030643734,-0.872848779046154,-33.628372999253905,0.495330872735884,69,,,,,,,,,,,,,,,,,,,,,,,,,,,,,,,,,,,,,,,,,,,,,,,,,,,,,,,,,,,,,,,,,,,,,,,,,,,,,,,,,,,,,,,,,,,,,,,,,,,,,,,,,,,,,,,,,,,,,,,,,,,,,,,,,,,,,,,,,,,,,,,,,,,,,,,,,,,,,,,,
123,PET,LT,#3,#9,GASOLINE_1,44880.256833774954,1.3507956868183109,3.1056437571153794,50000000,-0.7198713133665036,-0.5282822321328705,59.11205389659332,PVC,LT,#1,#6,GASOLINE_1,0.7574210349263985,0.6855751978700502,26.1673509668672,-0.26997559891943046,0.6110633483404182,-8.326841709273495,0.6817850717935933,,,PP,HT,#9,#8,FT_1,1.2959480577312186,3.5914075187065637,80.62448623780405,-0.17522407621787364,-1.1725458766421004,-38.67025313807854,0.520365896980483,70,,PE,LT,#1,#3,DIESEL_1,1.895710858861302,2.216384297055217,85.18809967712112,-0.40967432855778585,0.37760664538913014,-36.434814500041526,0.5723015933195328,70,PET,LT,#1,#4,MeOH_1,1.7396468116730248,4.179677629749128,78.84698699344,-0.8186104974405618,-1.7435081418348748,-41.778790433175104,0.47012825694086363,70,,,,,,,,,,,,,,,,,,,,,,,,,,,,,,,,,,,,,,,,,,,,,,,,,,,,,,,,,,,,,,,,,,,,,,,,,,,,,,,,,,,,,,,,,,,,,,,,,,,,,,,,,,,,,,,,,,,,,,,,,,,,,,,,,,,,,,,,,,,,,,,,,,,,,,,,,,,,,,,,
124,PET,LT,#3,#10,MeOH_1,29047.03156573639,1.3861536713093343,3.395060673613751,50000000,-0.8283237154566575,-0.917831336521967,62.35870624985053,PVC,LT,#1,#9,GASOLINE_1,0.8319401314797099,1.0535493753205794,31.994025448688777,-0.2975015055461725,0.2795104180759317,-14.498305899558849,0.5468433341465309,,,PP,LT,#1,#2,DIESEL_1,1.600688393770789,2.5448064176309373,85.12058962935552,-0.22299613728020745,-0.062437425939913395,-38.14859203264894,0.5518288559940538,71,,PE,LT,#1,#4,DIESEL_1,1.9024234077817086,2.257765814245444,85.29365191436105,-0.4384853013159253,0.32272274207080065,-36.852159589771134,0.5679378387177925,71,PET,LT,#1,#5,FT_1,1.795475218327541,4.431264768913002,80.22018617947201,-0.9178806896626482,-2.120844957442362,-47.70194422057705,0.40536233468897415,71,,,,,,,,,,,,,,,,,,,,,,,,,,,,,,,,,,,,,,,,,,,,,,,,,,,,,,,,,,,,,,,,,,,,,,,,,,,,,,,,,,,,,,,,,,,,,,,,,,,,,,,,,,,,,,,,,,,,,,,,,,,,,,,,,,,,,,,,,,,,,,,,,,,,,,,,,,,,,,,,
125,PET,LT,#3,#11,GASOLINE_1,28431.41678644915,1.4151704944578407,3.4690484031057096,50000000,-0.8448095898302697,-0.9518191244111359,62.99807711588253,PVC,LT,#5,#6,GASOLINE_1,0.8758282663431732,1.2581804990840098,31.981566675982915,-0.27729943181594147,0.1293448674000165,-11.655750785361327,0.6355478484387569,,,PP,LT,#1,#4,DIESEL_1,1.6110557908032423,2.6754335261251767,86.7541784293555,-0.2403999789884773,-0.1854416984893748,-39.800462496817296,0.5412271406704973,72,,PE,LT,#1,#5,DIESEL_1,1.995921868048951,2.4918135965873462,88.51553916236105,-0.499841410195796,0.10203861973492802,-39.20154424073161,0.5571224599465463,,PET,LT,#2,#1,MeOH_1,2.368197206922087,3.787145647346854,86.05377563760003,-0.9871979894574452,-1.026813203892464,-36.39036334007329,0.5771206658807772,72,,,,,,,,,,,,,,,,,,,,,,,,,,,,,,,,,,,,,,,,,,,,,,,,,,,,,,,,,,,,,,,,,,,,,,,,,,,,,,,,,,,,,,,,,,,,,,,,,,,,,,,,,,,,,,,,,,,,,,,,,,,,,,,,,,,,,,,,,,,,,,,,,,,,,,,,,,,,,,,,
126,PET,LT,#4,#1,MeOH_1,135369.50345118355,2.772589069776644,5.073877314457658,50000000,-1.39172510703756,-1.555765932045365,97.93896420481698,PVC,HT,#9,-,DIESEL_1,0.8356611745450494,1.263891719033206,31.930126491921264,-0.22758065082412302,0.13562496890101522,-14.287718946536963,0.5525317148320117,,,PP,LT,#1,#5,DIESEL_1,1.6617121754702708,2.7886508921449638,87.75296946935552,-0.2615647780876876,-0.29431623270450324,-39.988177614985695,0.5443096928024745,73,,PE,LT,#1,#6,DIESEL_1,1.8429486554826295,2.0181626045703225,82.40852001838132,-0.3824210982490143,0.5565680322089857,-33.87573179862923,0.5889292540252731,,PET,LT,#2,#2,FT_1,1.7925502512996598,3.6133909245805422,71.51739115760002,-0.9557083819326543,-1.287370796624201,-38.22340177835742,0.4655369671675238,73,,,,,,,,,,,,,,,,,,,,,,,,,,,,,,,,,,,,,,,,,,,,,,,,,,,,,,,,,,,,,,,,,,,,,,,,,,,,,,,,,,,,,,,,,,,,,,,,,,,,,,,,,,,,,,,,,,,,,,,,,,,,,,,,,,,,,,,,,,,,,,,,,,,,,,,,,,,,,,,,
127,PET,LT,#4,#2,FT_1,37119.44568600932,2.185295302674589,4.900122591691345,50000000,-1.3566896545272873,-1.9665428498746647,83.402579724817,PVC,OG,#3,-,H2_1,0.5910900335715253,1.0572215858264429,23.556914238371533,-0.26332615113406627,0.21887980595197484,-14.281109134366208,0.39376146680943863,,,PP,LT,#1,#10,DIESEL_1,1.6028565423743129,2.644418194136829,87.08035080857188,-0.22519286983958095,-0.15106765578398584,-40.10057920361664,0.5394991082228244,74,,PE,LT,#1,#7,DIESEL_1,1.8904801209022593,2.245807981115917,85.10287232490226,-0.40851076322352553,0.3459239975159627,-36.26197215443382,0.5739042506580231,,PET,LT,#2,#4,MeOH_1,1.863271257250388,4.588750163466995,83.7298820376,-1.0049907763088426,-2.1580301594129216,-46.37381921227863,0.44614971281753557,74,,,,,,,,,,,,,,,,,,,,,,,,,,,,,,,,,,,,,,,,,,,,,,,,,,,,,,,,,,,,,,,,,,,,,,,,,,,,,,,,,,,,,,,,,,,,,,,,,,,,,,,,,,,,,,,,,,,,,,,,,,,,,,,,,,,,,,,,,,,,,,,,,,,,,,,,,,,,,,,,
128,PET,LT,#4,#3,GASOLINE_1,19986.75231910888,1.494218774586115,3.458748405954234,50000000,-0.9698765893707478,-0.9734962407561404,62.53904300720645,PVC,OG,#8,-,H2_1,0.595543241815421,1.0210180681126837,24.934495810327896,-0.2450289314715608,0.2664283767983322,-15.23380217648736,0.3890471139914728,,,PP,LT,#1,#11,DIESEL_1,1.6175689953615136,2.651280793142948,86.64149160857187,-0.24073127626632043,-0.16693534599372567,-39.82764992985554,0.5403166636397659,75,,PE,LT,#1,#8,DIESEL_1,1.9404401037991792,2.348261565428212,86.3143726309343,-0.46717086530867674,0.23332976722444923,-37.36625499174963,0.567091159296014,,PET,LT,#2,#5,FT_1,1.919099663904904,4.8403373026308705,85.103081223632,-1.104260968530929,-2.53536697502041,-52.296972999680584,0.38548672682889423,75,,,,,,,,,,,,,,,,,,,,,,,,,,,,,,,,,,,,,,,,,,,,,,,,,,,,,,,,,,,,,,,,,,,,,,,,,,,,,,,,,,,,,,,,,,,,,,,,,,,,,,,,,,,,,,,,,,,,,,,,,,,,,,,,,,,,,,,,,,,,,,,,,,,,,,,,,,,,,,,,
129,PET,LT,#4,#4,MeOH_1,44501.3608706738,2.2532710047021234,5.875481830577798,50000000,-1.3929754100937402,-3.0428322684725964,95.61507060481696,PS,HT,#1,-,GASOLINE_1,1.437056484072456,1.441266149977742,69.51046027905659,0.07196484557056322,1.7831201906081557,-16.012844378944973,0.7696340332856403,,,PP,LT,#2,#1,DIESEL_1,1.385358292141753,2.9158302925962705,82.54578168183552,-0.08551424713543951,-0.4560605909774253,-35.148253337729614,0.5741968563190176,76,,PE,LT,#1,#9,DIESEL_1,1.8845776352267787,2.1860094255359757,84.9152973935231,-0.39893525085657844,0.40758046519440144,-36.16784007717204,0.574071560868952,,PET,LT,#2,#8,GASOLINE_1,1.1109641553158436,2.266201533547574,52.39968136957754,-0.5582167958987352,-0.07322312254934431,-29.57770503626718,0.4355365478722253,76,,,,,,,,,,,,,,,,,,,,,,,,,,,,,,,,,,,,,,,,,,,,,,,,,,,,,,,,,,,,,,,,,,,,,,,,,,,,,,,,,,,,,,,,,,,,,,,,,,,,,,,,,,,,,,,,,,,,,,,,,,,,,,,,,,,,,,,,,,,,,,,,,,,,,,,,,,,,,,,,
130,PET,LT,#4,#5,FT_1,30224.519968108707,2.299466363591948,6.127068969741675,50000000,-1.4928638894376773,-3.217666532838863,96.98826979084897,PS,HT,#2,-,GASOLINE_1,1.31255371304918,1.8299850852138737,69.6255271510566,0.09286884898043637,1.3234060227310056,-16.949204962458445,0.7565662242572876,,,PP,LT,#2,#2,DIESEL_1,1.432056876867959,2.9824517765991407,83.89578392183552,-0.1574978874742068,-0.5538410755107287,-36.82016597165946,0.5611201868503396,77,,PE,LT,#1,#10,DIESEL_1,1.9639315292117974,2.340366138227686,86.46414746090227,-0.49445954734909436,0.24275373467760444,-37.94637009807842,0.5611317382706263,,PET,LT,#2,#10,GASOLINE_1,1.051612592719811,2.3414034960581542,52.79420938354555,-0.5191789642134746,-0.14185933129681022,-30.084451753983792,0.4301562215768258,77,,,,,,,,,,,,,,,,,,,,,,,,,,,,,,,,,,,,,,,,,,,,,,,,,,,,,,,,,,,,,,,,,,,,,,,,,,,,,,,,,,,,,,,,,,,,,,,,,,,,,,,,,,,,,,,,,,,,,,,,,,,,,,,,,,,,,,,,,,,,,,,,,,,,,,,,,,,,,,,,
131,PET,LT,#4,#6,GASOLINE_1,14660.73897603813,1.3295545320869604,2.72182365894694,50000000,-0.7845339751236002,-0.18876101605731427,55.31788482596254,PS,HT,#3,-,GASOLINE_1,1.4198604845192149,2.7527977874158567,78.83151525057012,0.15138898758189415,0.5538080079995266,-25.412972387944556,0.677629279265176,,,PP,LT,#2,#3,DIESEL_1,1.3715833501875978,2.6827790686402473,81.76404596447487,-0.05613640040563752,-0.21659907417657226,-34.10518468687253,0.5828828639217454,78,,PE,LT,#1,#11,DIESEL_1,1.973884007576942,2.3992329743581657,86.82529927093428,-0.5046014614785005,0.18072704140711307,-38.443301304473785,0.5572338750654545,,PET,LT,#2,#11,GASOLINE_1,1.0854851890484571,2.4153912255501124,53.43358024957755,-0.5388588966486095,-0.22663647105155915,-30.670333000337777,0.42601014461163195,78,,,,,,,,,,,,,,,,,,,,,,,,,,,,,,,,,,,,,,,,,,,,,,,,,,,,,,,,,,,,,,,,,,,,,,,,,,,,,,,,,,,,,,,,,,,,,,,,,,,,,,,,,,,,,,,,,,,,,,,,,,,,,,,,,,,,,,,,,,,,,,,,,,,,,,,,,,,,,,,,
132,PET,LT,#4,#7,GASOLINE_1,21858.447443963843,1.445154034742228,3.4306586141211444,50000000,-0.8886936853952594,-0.9107692118976879,62.20508143588254,PS,HT,#4,-,GASOLINE_1,1.496996684310366,3.0879942963183855,81.75968659660211,0.04032512481250336,0.140526067286416,-29.136863476445097,0.6436279945616131,,,PP,LT,#2,#4,DIESEL_1,1.4424242739004127,3.1130788850933806,85.52937272183553,-0.17490172918247637,-0.6768453480601913,-38.47203643582784,0.5501891898476886,79,,PE,LT,#2,#3,WAX_1,1.4050520254200292,2.400117280377053,76.79636100492105,-0.41548969365011246,0.10281276938442559,-25.200598944454303,0.6718516526734976,,PET,LT,#3,#1,MeOH_1,2.4747884594863985,4.562315810897811,93.76835768150498,-0.9807793300491147,-1.6938279772621982,-42.95070215854508,0.5419488703808583,79,,,,,,,,,,,,,,,,,,,,,,,,,,,,,,,,,,,,,,,,,,,,,,,,,,,,,,,,,,,,,,,,,,,,,,,,,,,,,,,,,,,,,,,,,,,,,,,,,,,,,,,,,,,,,,,,,,,,,,,,,,,,,,,,,,,,,,,,,,,,,,,,,,,,,,,,,,,,,,,,
133,PET,LT,#4,#8,GASOLINE_1,16005.962933966517,1.5124008010498928,3.552933200658376,50000000,-0.9678896628524885,-1.0294572861622882,64.28486993679454,PS,HT,#5,-,GASOLINE_1,1.4403873240132339,2.6611193292623536,77.98764718678802,0.2815336509132325,0.7407007000633102,-21.83442257151072,0.7200271663637301,,,PP,LT,#2,#5,DIESEL_1,1.4930806585674412,3.2262962511131663,86.5281637618355,-0.19606652828168705,-0.7857198822753176,-38.659751553996195,0.5532119269235246,80,,PE,LT,#2,#4,WAX_1,1.411764574340435,2.44149879756728,80.01824825292105,-0.44430066640825144,0.04792886606609613,-28.734279044943992,0.6409034230027018,,PET,LT,#3,#2,FT_1,1.899141503863971,4.3885610881315,79.231973201505,-0.9492897225243232,-1.9543855699939363,-44.78374059682924,0.43477691155142684,80,,,,,,,,,,,,,,,,,,,,,,,,,,,,,,,,,,,,,,,,,,,,,,,,,,,,,,,,,,,,,,,,,,,,,,,,,,,,,,,,,,,,,,,,,,,,,,,,,,,,,,,,,,,,,,,,,,,,,,,,,,,,,,,,,,,,,,,,,,,,,,,,,,,,,,,,,,,,,,,,
134,PET,LT,#4,#9,GASOLINE_1,31378.995004674016,1.4265296991101406,3.3387182466705854,50000000,-0.8275761591057604,-0.763485039104135,61.432745597505324,PS,HT,#8,-,Aromatics,1.0305600801879058,1.0924503298271817,55.65288202818166,-0.20758812837077287,1.755565922692396,-18.724501850097795,0.663548388372483,,,PP,LT,#2,#7,DIESEL_1,1.3772708469945478,2.816565070801721,82.18627662105187,-0.07617709600887537,-0.3576410008443147,-34.74300892399284,0.5772650818069367,81,,PE,LT,#2,#6,WAX_1,1.352289822041356,2.2018955878921584,76.60558141546228,-0.3882364633413406,0.28177415620428115,-25.230316312323037,0.6706465006056271,,PET,LT,#3,#3,GASOLINE_1,1.192432906975356,2.947186902394389,58.368436483894435,-0.546844588567643,-0.6445491824301046,-35.06280415652442,0.3992848486493334,81,,,,,,,,,,,,,,,,,,,,,,,,,,,,,,,,,,,,,,,,,,,,,,,,,,,,,,,,,,,,,,,,,,,,,,,,,,,,,,,,,,,,,,,,,,,,,,,,,,,,,,,,,,,,,,,,,,,,,,,,,,,,,,,,,,,,,,,,,,,,,,,,,,,,,,,,,,,,,,,,
135,PET,LT,#4,#10,GASOLINE_1,15545.769736635453,1.4618876836011636,3.6281351631689573,50000000,-0.9360285611959145,-1.153034143493232,64.67939795076255,PS,HT,#9,-,Aromatics,1.0635508932080502,1.494936192884302,57.79364694794164,-0.2523910503127905,1.3450437955733447,-20.52660239671957,0.6448294322867499,,,PP,LT,#2,#8,DIESEL_1,1.4388457656344837,2.920363905911875,83.60758124708387,-0.16111939138929957,-0.48582321244041443,-36.660563589998105,0.5615162758786689,82,,PE,LT,#2,#7,WAX_1,1.3998212874609859,2.4295409644377535,77.81708172149429,-0.41432612831585147,0.07113012151125818,-26.13370466763868,0.6641649353907839,,PET,LT,#3,#4,MeOH_1,1.969862509814699,5.363920327017952,91.44446408150498,-0.9985721169005115,-2.825044932782656,-52.93415803075044,0.42113326856429584,82,,,,,,,,,,,,,,,,,,,,,,,,,,,,,,,,,,,,,,,,,,,,,,,,,,,,,,,,,,,,,,,,,,,,,,,,,,,,,,,,,,,,,,,,,,,,,,,,,,,,,,,,,,,,,,,,,,,,,,,,,,,,,,,,,,,,,,,,,,,,,,,,,,,,,,,,,,,,,,,,
136,PET,LT,#4,#11,GASOLINE_1,14930.154957348213,1.4909045067496702,3.7021228926609147,50000000,-0.9525144355695269,-1.1870219313823998,65.31876881679453,PS,LT,#1,-,GASOLINE_1,1.4380882187178192,1.4296251451859545,69.15861790737563,0.08609211124666673,1.7907727310996586,-14.971021503761262,0.7835263058059951,,,PP,LT,#2,#9,DIESEL_1,1.3638408255720031,2.6566461700676154,81.34831432997242,-0.050394524530300654,-0.19204120912038594,-33.700441757534755,0.5857266123445907,83,,PE,LT,#2,#9,WAX_1,1.3939188017855058,2.3697424088578116,77.96685655146227,-0.40475061594890505,0.1327865891896969,-26.376922351724048,0.6616905757343972,,PET,LT,#3,#5,FT_1,2.025690916469215,5.6155074661818265,92.81766326753696,-1.0978423091225984,-3.202381748390144,-58.85731181815237,0.3658824220934923,83,,,,,,,,,,,,,,,,,,,,,,,,,,,,,,,,,,,,,,,,,,,,,,,,,,,,,,,,,,,,,,,,,,,,,,,,,,,,,,,,,,,,,,,,,,,,,,,,,,,,,,,,,,,,,,,,,,,,,,,,,,,,,,,,,,,,,,,,,,,,,,,,,,,,,,,,,,,,,,,,
137,PET,LT,#5,#1,MeOH_1,166857.03685660425,2.6905786737789916,4.580481228847689,50000000,-1.2022230986298217,-0.9561250507838285,94.54626302729075,PS,LT,#2,-,GASOLINE_1,1.3096389869693985,1.7762538341384508,69.26180266657562,0.08717727823863469,1.3736154219912362,-16.187760371247073,0.7662815614376296,,,PP,LT,#2,#10,DIESEL_1,1.4342250254714832,3.082063553105033,85.85554510105187,-0.1596946200335806,-0.6424713053548015,-38.77215314262716,0.5484024579077288,84,,PE,LT,#6,-,WAX_1,1.328081644679116,2.200089444593319,73.97424837854133,-0.35851375977642747,0.2852546086728281,-22.25113770028592,0.6992042746224023,,PET,LT,#3,#7,MeOH_1,1.1375136776641699,2.9190971105612977,58.03447491257052,-0.46113077842074557,-0.5910661608605051,-33.92496183750636,0.4154343278092096,84,,,,,,,,,,,,,,,,,,,,,,,,,,,,,,,,,,,,,,,,,,,,,,,,,,,,,,,,,,,,,,,,,,,,,,,,,,,,,,,,,,,,,,,,,,,,,,,,,,,,,,,,,,,,,,,,,,,,,,,,,,,,,,,,,,,,,,,,,,,,,,,,,,,,,,,,,,,,,,,,
138,PET,LT,#5,#2,FT_1,68606.97909143001,2.1032849066769357,4.406726506081377,50000000,-1.1671876461195478,-1.3669019686131274,80.00987854729077,PS,LT,#3,-,GASOLINE_1,1.4568856163058603,2.9373686051245427,80.40048915087156,0.1314013601927934,0.3841315237759802,-26.20696509700828,0.6740447057749749,,,PP,LT,#2,#11,DIESEL_1,1.4489374784586835,3.088926152111152,85.41668590105188,-0.1752330264603198,-0.6583389955645416,-38.49922386886606,0.5492774805912721,85,,,,,,,,,,,,,,,PET,LT,#3,#8,GASOLINE_1,1.2175554078801547,3.041371697098531,60.11426341348253,-0.5517981364904042,-0.7402378959190797,-36.13804385473901,0.39884410449860214,85,,,,,,,,,,,,,,,,,,,,,,,,,,,,,,,,,,,,,,,,,,,,,,,,,,,,,,,,,,,,,,,,,,,,,,,,,,,,,,,,,,,,,,,,,,,,,,,,,,,,,,,,,,,,,,,,,,,,,,,,,,,,,,,,,,,,,,,,,,,,,,,,,,,,,,,,,,,,,,,,
139,PET,LT,#5,#3,GASOLINE_1,51474.28572452957,1.4122083785884636,2.9653523203442655,50000000,-0.7803745809630108,-0.37385535949460386,59.146341829680225,PS,LT,#5,-,GASOLINE_1,1.467304717540539,2.700056185157906,79.03162570606644,0.2618456271487497,0.7082613357710874,-22.29575199355755,0.717888227726965,,,PP,LT,#3,#1,DIESEL_1,1.4894506957363212,3.764930769240157,90.93470181023186,-0.01235896450327772,-1.1588376934110787,-41.85841618541046,0.539687101270061,86,,,,,,,,,,,,,,,PET,LT,#3,#9,GASOLINE_1,1.118584206063127,2.82715674311074,57.26213907419333,-0.39838453286640085,-0.47952850196227786,-32.63602023351779,0.43005935926997063,86,,,,,,,,,,,,,,,,,,,,,,,,,,,,,,,,,,,,,,,,,,,,,,,,,,,,,,,,,,,,,,,,,,,,,,,,,,,,,,,,,,,,,,,,,,,,,,,,,,,,,,,,,,,,,,,,,,,,,,,,,,,,,,,,,,,,,,,,,,,,,,,,,,,,,,,,,,,,,,,,
140,PET,LT,#5,#4,MeOH_1,75988.89427609449,2.17126060870447,5.3820857449678305,50000000,-1.203473401686001,-2.4431913872110607,92.22236942729074,PS,LT,#8,-,Aromatics,0.9108988642881282,0.9893069664883944,53.84353192850068,0.08820320348651861,1.8996567402130085,-9.944629860053043,0.815305023577231,,,PP,LT,#3,#2,DIESEL_1,1.5361492804625272,3.8315522532430273,92.28470405023185,-0.08434260484204514,-1.2566181779443828,-43.530328819340305,0.5283039668670754,87,,,,,,,,,,,,,,,PET,LT,#3,#10,MeOH_1,1.1582038452841223,3.1165736596091116,60.50879142745053,-0.5127603048051439,-0.8088741046665454,-36.644790572455605,0.3943889853362489,87,,,,,,,,,,,,,,,,,,,,,,,,,,,,,,,,,,,,,,,,,,,,,,,,,,,,,,,,,,,,,,,,,,,,,,,,,,,,,,,,,,,,,,,,,,,,,,,,,,,,,,,,,,,,,,,,,,,,,,,,,,,,,,,,,,,,,,,,,,,,,,,,,,,,,,,,,,,,,,,,
141,PET,LT,#5,#5,FT_1,61712.0533735294,2.217455967594295,5.633672884131704,50000000,-1.3033618810299386,-2.6180256515773235,93.59556861332275,PS,LT,#9,-,Aromatics,0.9744535912762072,1.4362888489759162,56.796355064292676,-0.03547140995540687,1.4622317541644925,-12.290656434968803,0.7836013170025444,,,PP,LT,#3,#3,DIESEL_1,1.4756757537821656,3.5318795452841334,90.15296609287122,0.017018882226524285,-0.9193761766102257,-40.815347534553396,0.5472656163912855,88,,,,,,,,,,,,,,,PET,LT,#3,#11,GASOLINE_1,1.1920764416127687,3.19056138910107,61.148162293482535,-0.5324402372402791,-0.8936512444212937,-37.2306718188096,0.3911399717931046,88,,,,,,,,,,,,,,,,,,,,,,,,,,,,,,,,,,,,,,,,,,,,,,,,,,,,,,,,,,,,,,,,,,,,,,,,,,,,,,,,,,,,,,,,,,,,,,,,,,,,,,,,,,,,,,,,,,,,,,,,,,,,,,,,,,,,,,,,,,,,,,,,,,,,,,,,,,,,,,,,
142,PET,LT,#5,#6,GASOLINE_1,46148.27238145882,1.2475441360893094,2.2284275733369707,50000000,-0.5950319667158634,0.4108798652042228,51.925183648436295,PS,OG,#3,-,H2_1,0.6984140538741558,2.2029270169541793,53.75784738839299,0.024861069987215954,0.7610039893142879,-29.390141099354043,0.4532864962576654,,,PP,LT,#3,#4,DIESEL_1,1.5465166774949808,3.9621793617372676,93.91829285023185,-0.10174644655031528,-1.379622450493845,-45.18219928350868,0.51892013885347,89,,,,,,,,,,,,,,,PET,LT,#4,#1,MeOH_1,2.5581451581867802,4.795390300453018,96.08904938241696,-1.0935770514062881,-1.9855566296644938,-45.97810878009269,0.5215052175497317,89,,,,,,,,,,,,,,,,,,,,,,,,,,,,,,,,,,,,,,,,,,,,,,,,,,,,,,,,,,,,,,,,,,,,,,,,,,,,,,,,,,,,,,,,,,,,,,,,,,,,,,,,,,,,,,,,,,,,,,,,,,,,,,,,,,,,,,,,,,,,,,,,,,,,,,,,,,,,,,,,
143,PET,LT,#5,#7,GASOLINE_1,53345.980849384534,1.3631436387445757,2.9372625285111753,50000000,-0.699191676987521,-0.31112833063615086,58.81238025835629,PS,OG,#6,-,MeOH_1,0.6821565823491746,1.797987247189005,54.76427531555752,-0.18301374385876193,1.0180852451099076,-34.71805154115923,0.3660456321003034,,,PP,LT,#3,#5,DIESEL_1,1.5971730621620088,4.075396727757054,94.91708389023185,-0.12291124564952527,-1.4884969847089735,-45.36991440167704,0.5220047588677956,90,,,,,,,,,,,,,,,PET,LT,#4,#2,FT_1,1.9824982025643527,4.621635577686706,81.552664902417,-1.0620874438814965,-2.246114222396231,-47.81114721837687,0.4137389958306578,90,,,,,,,,,,,,,,,,,,,,,,,,,,,,,,,,,,,,,,,,,,,,,,,,,,,,,,,,,,,,,,,,,,,,,,,,,,,,,,,,,,,,,,,,,,,,,,,,,,,,,,,,,,,,,,,,,,,,,,,,,,,,,,,,,,,,,,,,,,,,,,,,,,,,,,,,,,,,,,,,
144,PET,LT,#5,#8,GASOLINE_1,47493.4963393872,1.4303904050522405,3.059537115048408,50000000,-0.7783876544447502,-0.429816404900752,60.8921687592683,PS,OG,#8,-,H2_1,0.7205805642247449,2.4500280477675824,62.7802188715777,0.05829363852376801,0.5466014606637445,-39.24311223399574,0.3749127840049287,,,PP,LT,#3,#6,DIESEL_1,1.3808625123378881,3.0131788321309,83.55315424704821,0.05742404302160452,-0.44833215447597713,-34.7666587888423,0.5838977103599826,91,,,,,,,,,,,,,,,PET,LT,#4,#3,GASOLINE_1,1.2757896056757374,3.180261391949594,60.68912818480645,-0.6596423099248155,-0.9362778348323983,-38.090210778072056,0.37237175887446744,91,,,,,,,,,,,,,,,,,,,,,,,,,,,,,,,,,,,,,,,,,,,,,,,,,,,,,,,,,,,,,,,,,,,,,,,,,,,,,,,,,,,,,,,,,,,,,,,,,,,,,,,,,,,,,,,,,,,,,,,,,,,,,,,,,,,,,,,,,,,,,,,,,,,,,,,,,,,,,,,,
145,PET,LT,#5,#9,GASOLINE_1,62866.5284100947,1.3445193031124876,2.8453221610606168,50000000,-0.6380741506980219,-0.16384415784259884,58.040044419979075,PE,HT,#1,#6,Olefin,0.9249709443898286,1.31395172318745,61.76614021449375,0.12027581020546435,1.1276756394970238,-13.535448769923049,0.7808597279525833,,,PP,LT,#3,#7,DIESEL_1,1.4813632505891157,3.6656655474456077,90.57519674944822,-0.003021813376713567,-1.0604181032779685,-41.45317177167369,0.5423341791203317,92,,,,,,,,,,,,,,,PET,LT,#4,#4,MeOH_1,2.0532192085150807,5.596994816573157,93.76515578241697,-1.1113698382576847,-3.11677358518495,-55.96156465229806,0.4031731277431303,92,,,,,,,,,,,,,,,,,,,,,,,,,,,,,,,,,,,,,,,,,,,,,,,,,,,,,,,,,,,,,,,,,,,,,,,,,,,,,,,,,,,,,,,,,,,,,,,,,,,,,,,,,,,,,,,,,,,,,,,,,,,,,,,,,,,,,,,,,,,,,,,,,,,,,,,,,,,,,,,,
146,PET,LT,#5,#10,GASOLINE_1,47033.303142056146,1.379877287603511,3.1347390775589883,50000000,-0.746526552788176,-0.553393262231695,61.2866967732363,PE,HT,#2,#6,Olefin,1.011562107682484,1.721163184553506,66.19186321305375,-0.039336156156944635,0.6983137308447641,-18.110922142287205,0.7263874853621656,,,PP,LT,#3,#8,DIESEL_1,1.5429381692290518,3.769464382555762,91.9965013754802,-0.08796410875713803,-1.1886003148740687,-43.37072643767894,0.5285611323341202,93,,,,,,,,,,,,,,,PET,LT,#4,#5,FT_1,2.1090476151695965,5.848581955737033,95.13835496844897,-1.210640030479771,-3.494110400792439,-61.8847184397,0.34952923602449276,93,,,,,,,,,,,,,,,,,,,,,,,,,,,,,,,,,,,,,,,,,,,,,,,,,,,,,,,,,,,,,,,,,,,,,,,,,,,,,,,,,,,,,,,,,,,,,,,,,,,,,,,,,,,,,,,,,,,,,,,,,,,,,,,,,,,,,,,,,,,,,,,,,,,,,,,,,,,,,,,,
147,PET,LT,#5,#11,GASOLINE_1,46417.6883627689,1.4088941107520174,3.2087268070509465,50000000,-0.7630124271617883,-0.5873810501208636,61.926067639268304,PE,HT,#3,#6,Olefin,1.0948255117200065,2.453564733121001,73.40712410485453,0.01173735580287996,0.080638319923442,-24.141460154183665,0.6711291928600817,,,PP,LT,#3,#9,DIESEL_1,1.4679332291665705,3.505746646711503,89.73723445836877,0.02276075810186171,-0.8948183115540406,-40.410604605215624,0.5496785158454705,94,,,,,,,,,,,,,,,PET,LT,#4,#6,GASOLINE_1,1.0963361258581807,2.4433366449422995,53.467970003562534,-0.46086605013314424,-0.20944697747011812,-29.38984830210208,0.450327957090126,94,,,,,,,,,,,,,,,,,,,,,,,,,,,,,,,,,,,,,,,,,,,,,,,,,,,,,,,,,,,,,,,,,,,,,,,,,,,,,,,,,,,,,,,,,,,,,,,,,,,,,,,,,,,,,,,,,,,,,,,,,,,,,,,,,,,,,,,,,,,,,,,,,,,,,,,,,,,,,,,,
148,PET,LT,#6,#1,MeOH_1,130750.24131136957,2.785501709476108,5.437894747305535,50000000,-1.4377976993183947,-2.0250708704730016,103.90126965878498,PE,HT,#5,#6,Olefin,1.1087444911330842,2.2401870019885197,72.53349222719729,0.07716342340870724,0.3419493341362077,-21.983650135793425,0.6969172521442392,,,PP,LT,#3,#10,DIESEL_1,1.5383174290660508,3.9311640297489197,94.24446522944821,-0.08653933740141867,-1.3452484077884552,-45.48231599030801,0.5174006677254048,95,,,,,,,,,,,,,,,PET,LT,#4,#7,GASOLINE_1,1.2208703763645514,3.1521716001165037,60.355166613482524,-0.5739284997779187,-0.8827948132628,-36.95236845905397,0.3877513635957835,95,,,,,,,,,,,,,,,,,,,,,,,,,,,,,,,,,,,,,,,,,,,,,,,,,,,,,,,,,,,,,,,,,,,,,,,,,,,,,,,,,,,,,,,,,,,,,,,,,,,,,,,,,,,,,,,,,,,,,,,,,,,,,,,,,,,,,,,,,,,,,,,,,,,,,,,,,,,,,,,,
149,PET,LT,#6,#2,MeOH_1,32500.183546195323,2.198207942374051,5.264140024539224,50000000,-1.40276224680812,-2.435847788302301,89.364885178785,PE,HT,#8,#1,MeOH_1,1.127599925378849,2.5542805057189133,69.85554424468637,0.08265594199438113,0.07583432096800476,-22.597590381846167,0.6765097083390761,,,PP,LT,#3,#11,DIESEL_1,1.5530298820532513,3.9380266287550385,93.80560602944819,-0.10207774382815814,-1.3611160979981949,-45.209386716546895,0.5180523997429918,96,,,,,,,,,,,,,,,PET,LT,#4,#8,GASOLINE_1,1.3009121065805365,3.2744461866537367,62.43495511439454,-0.6645958578475777,-1.0319665483213734,-39.16545047628664,0.372699949819345,96,,,,,,,,,,,,,,,,,,,,,,,,,,,,,,,,,,,,,,,,,,,,,,,,,,,,,,,,,,,,,,,,,,,,,,,,,,,,,,,,,,,,,,,,,,,,,,,,,,,,,,,,,,,,,,,,,,,,,,,,,,,,,,,,,,,,,,,,,,,,,,,,,,,,,,,,,,,,,,,,
150,PET,LT,#6,#3,MeOH_1,15367.490179294884,1.5071314142855794,3.8227658388021117,50000000,-1.0159491816515829,-1.442801179183777,68.50134846117446,PE,HT,#8,#3,DIESEL_1,1.1617641507901177,2.801124515597219,68.03070644604632,0.30394889069289177,0.004388618440943062,-17.802007022253136,0.7383239429334528,,,PP,LT,#4,#1,DIESEL_1,1.559301479334084,4.014833146190535,93.32861221023185,-0.1242326098704163,-1.4805290208612838,-45.47172313897122,0.5127783210089772,97,,,,,,,,,,,,,,,PET,LT,#4,#9,GASOLINE_1,1.2019409047635083,3.060231232665946,59.58283077510532,-0.5111822542235741,-0.7712571543645722,-35.66342685506541,0.4014479273454364,97,,,,,,,,,,,,,,,,,,,,,,,,,,,,,,,,,,,,,,,,,,,,,,,,,,,,,,,,,,,,,,,,,,,,,,,,,,,,,,,,,,,,,,,,,,,,,,,,,,,,,,,,,,,,,,,,,,,,,,,,,,,,,,,,,,,,,,,,,,,,,,,,,,,,,,,,,,,,,,,,
151,PET,LT,#6,#4,MeOH_1,39882.098730859805,2.266183644401587,6.239499263425675,50000000,-1.4390480023745742,-3.512137206900233,101.57737605878498,PE,HT,#8,#6,Olefin,0.9712981576491748,1.1284121619597827,56.596148193394804,-0.14382450705448946,1.2122633170810755,-12.119419305171332,0.785861411208444,,,PP,LT,#4,#2,DIESEL_1,1.6060000640602896,4.081454630193406,94.67861445023186,-0.19621625020918318,-1.578309505394588,-47.143635772901106,0.5020666911250342,98,,,,,,,,,,,,,,,PET,LT,#4,#10,GASOLINE_1,1.241560543984504,3.349648149164317,62.82948312836253,-0.6255580261623174,-1.1006027570688397,-39.67219719400322,0.3685735546645876,98,,,,,,,,,,,,,,,,,,,,,,,,,,,,,,,,,,,,,,,,,,,,,,,,,,,,,,,,,,,,,,,,,,,,,,,,,,,,,,,,,,,,,,,,,,,,,,,,,,,,,,,,,,,,,,,,,,,,,,,,,,,,,,,,,,,,,,,,,,,,,,,,,,,,,,,,,,,,,,,,
152,PET,LT,#6,#5,MeOH_1,25605.25782829471,2.3123790032914124,6.49108640258955,50000000,-1.5389364817185125,-3.686971471266497,102.95057524481697,PE,HT,#8,#7,MeOH_1,1.1336947921660214,2.5978214772979946,70.87052693876873,0.09229080126795765,0.044639845630692246,-24.04442087137577,0.6607274997101424,,,PP,LT,#4,#3,DIESEL_1,1.5455265373799285,3.7817819222345115,92.5468764928712,-0.09485476314061402,-1.2410675040604309,-44.42865448811417,0.5199335064372869,99,,,,,,,,,,,,,,,PET,LT,#4,#11,GASOLINE_1,1.27543314031315,3.423635878656275,63.46885399439454,-0.6452379585974517,-1.1853798968235874,-40.25807844035722,0.3657033977025528,99,,,,,,,,,,,,,,,,,,,,,,,,,,,,,,,,,,,,,,,,,,,,,,,,,,,,,,,,,,,,,,,,,,,,,,,,,,,,,,,,,,,,,,,,,,,,,,,,,,,,,,,,,,,,,,,,,,,,,,,,,,,,,,,,,,,,,,,,,,,,,,,,,,,,,,,,,,,,,,,,
153,PET,LT,#6,#6,MeOH_1,10041.476836224132,1.3424671717864247,3.0858410917948174,50000000,-0.8306065674044356,-0.6580659544849509,61.280190279930544,PE,HT,#9,#6,Olefin,1.0494188267416227,1.5467525126084232,59.53765904043481,-0.26784688682869134,0.7792720674244672,-14.991009675559699,0.7482096219910392,,,PP,LT,#4,#4,DIESEL_1,1.6163674610927432,4.212081738687645,96.31220325023189,-0.2136200919174536,-1.7013137779440495,-48.79550623706949,0.4933611256894177,100,,,,,,,,,,,,,,,PET,LT,#5,#1,MeOH_1,2.470664083723316,4.301994214843049,92.69634820489075,-0.8986043645327378,-1.3968814273749013,-40.85079198435228,0.5593052717237792,100,,,,,,,,,,,,,,,,,,,,,,,,,,,,,,,,,,,,,,,,,,,,,,,,,,,,,,,,,,,,,,,,,,,,,,,,,,,,,,,,,,,,,,,,,,,,,,,,,,,,,,,,,,,,,,,,,,,,,,,,,,,,,,,,,,,,,,,,,,,,,,,,,,,,,,,,,,,,,,,,
154,PET,LT,#6,#7,MeOH_1,17239.18530414985,1.4580666744416921,3.7946760469690215,50000000,-0.9347662776760944,-1.380074150325324,68.16738688985053,PE,HT,#6,-,Olefin,0.9706449513453578,1.703531208003338,66.19866892489375,0.11327511065713339,0.7458885225708556,-15.791298811822523,0.7614559466484337,,,PP,LT,#4,#5,DIESEL_1,1.6670238457597717,4.325299104707431,97.31099429023186,-0.23478489101666328,-1.8101883121591773,-48.98322135523784,0.4966321974971865,101,,,,,,,,,,,,,,,PET,LT,#5,#2,FT_1,1.895017128100889,4.1282394920767365,78.15996372489077,-0.8671147570079467,-1.6574390201066387,-42.683830422636426,0.45389137368492194,101,,,,,,,,,,,,,,,,,,,,,,,,,,,,,,,,,,,,,,,,,,,,,,,,,,,,,,,,,,,,,,,,,,,,,,,,,,,,,,,,,,,,,,,,,,,,,,,,,,,,,,,,,,,,,,,,,,,,,,,,,,,,,,,,,,,,,,,,,,,,,,,,,,,,,,,,,,,,,,,,
155,PET,LT,#6,#8,MeOH_1,11386.70079415252,1.5253134407493572,3.916950633506254,50000000,-1.0139622551333236,-1.4987622245899248,70.24717539076254,PE,OG,#3,-,H2_1,0.7775376010893404,2.374676720067861,58.60661462730207,0.1670631396258763,0.20924071400909752,-26.249954857115558,0.5520991099034248,,,PP,LT,#4,#6,DIESEL_1,1.450713295935651,3.2630812090812773,85.94706464704822,-0.05444960234553378,-0.770023481926181,-38.3799657424031,0.5534464626568113,102,,,,,,,,,,,,,,,PET,LT,#5,#3,GASOLINE_1,1.188308531212274,2.6868653063396257,57.296427007280215,-0.4646696230512663,-0.3476026325428069,-32.96289398233162,0.4246954704846905,102,,,,,,,,,,,,,,,,,,,,,,,,,,,,,,,,,,,,,,,,,,,,,,,,,,,,,,,,,,,,,,,,,,,,,,,,,,,,,,,,,,,,,,,,,,,,,,,,,,,,,,,,,,,,,,,,,,,,,,,,,,,,,,,,,,,,,,,,,,,,,,,,,,,,,,,,,,,,,,,,
156,PET,LT,#6,#9,MeOH_1,26759.732864860023,1.4394423388096043,3.702735679518464,50000000,-0.8736487513865953,-1.2327899775317723,67.39505105147332,PE,OG,#6,-,MeOH_1,0.8208781169802745,2.0667906866856,62.394003625920526,-0.15083474805478686,0.34512099262079565,-38.42231199648601,0.38419864468315484,,,PP,LT,#4,#7,DIESEL_1,1.5512140341868783,3.9155679243959844,92.96910714944822,-0.11489545874385186,-1.3821094307281723,-45.06647872523448,0.5152531834817997,103,,,,,,,,,,,,,,,PET,LT,#5,#4,MeOH_1,1.9657381340516167,5.103598730963189,90.37245460489075,-0.9163971513841349,-2.528098382895359,-50.83424785655762,0.4375028532885883,103,,,,,,,,,,,,,,,,,,,,,,,,,,,,,,,,,,,,,,,,,,,,,,,,,,,,,,,,,,,,,,,,,,,,,,,,,,,,,,,,,,,,,,,,,,,,,,,,,,,,,,,,,,,,,,,,,,,,,,,,,,,,,,,,,,,,,,,,,,,,,,,,,,,,,,,,,,,,,,,,
157,PET,LT,#6,#10,MeOH_1,10926.507596821455,1.4748003233006277,3.9921525960168336,50000000,-0.9821011534767493,-1.622339081920867,70.64170340473053,PE,OG,#8,-,H2_1,0.8117103863593845,2.5749983279894613,64.44052435839897,0.17521622182771496,0.034600320428243875,-32.70920089252027,0.49241255842982506,,,PP,LT,#4,#8,DIESEL_1,1.6127889528268147,4.0193667595061395,94.39041177548023,-0.1998377541242766,-1.5102916423242734,-46.98403339123975,0.5022372240201968,104,,,,,,,,,,,,,,,PET,LT,#5,#5,FT_1,2.021566540706133,5.355185870127064,91.74565379092273,-1.015667343606222,-2.905435198502847,-56.75740164395956,0.3813614127890698,104,,,,,,,,,,,,,,,,,,,,,,,,,,,,,,,,,,,,,,,,,,,,,,,,,,,,,,,,,,,,,,,,,,,,,,,,,,,,,,,,,,,,,,,,,,,,,,,,,,,,,,,,,,,,,,,,,,,,,,,,,,,,,,,,,,,,,,,,,,,,,,,,,,,,,,,,,,,,,,,,
158,PET,LT,#6,#11,MeOH_1,10310.892817534215,1.5038171464491343,4.066140325508792,50000000,-0.9985870278503618,-1.6563268698100364,71.28107427076255,PE,HG,#1,-,DIESEL_1,1.0087214738264698,2.1025817352196463,77.535172,-0.12671136080694254,0.3294135402666265,-39.33470097428246,0.4926857068907713,,,PP,LT,#4,#9,DIESEL_1,1.5377840127643332,3.75564902366188,92.13114485836876,-0.0891128872652766,-1.2165096390042445,-44.0239115587764,0.522160376640783,105,,,,,,,,,,,,,,,PET,LT,#5,#7,GASOLINE_1,1.1333893019010877,2.658775514506535,56.9624654359563,-0.3789558129043689,-0.29411961097320793,-31.82505166331354,0.44129785430205976,105,,,,,,,,,,,,,,,,,,,,,,,,,,,,,,,,,,,,,,,,,,,,,,,,,,,,,,,,,,,,,,,,,,,,,,,,,,,,,,,,,,,,,,,,,,,,,,,,,,,,,,,,,,,,,,,,,,,,,,,,,,,,,,,,,,,,,,,,,,,,,,,,,,,,,,,,,,,,,,,,
159,PET,LT,#7,#1,MeOH_1,133548.3934147786,2.8323237141166175,5.774060172862067,50000000,-1.4584312671986326,-2.2638264405395003,105.76197684481699,PE,HG,#3,-,DIESEL_1,1.0215535818363377,2.0040515214828476,76.4637355428969,-0.0415750298194385,0.49131664962611316,-36.99673791531556,0.5161531456364693,,,PP,LT,#4,#10,DIESEL_1,1.6081682126638135,4.181066406699298,96.63837562944822,-0.19841298276855665,-1.6669397352386603,-49.09562294386881,0.49196556105079964,106,,,,,,,,,,,,,,,PET,LT,#5,#8,GASOLINE_1,1.2134310321170727,2.7810501010437667,59.0422539368683,-0.4696231709740279,-0.4432913460317802,-34.03813368054618,0.4234953544127582,106,,,,,,,,,,,,,,,,,,,,,,,,,,,,,,,,,,,,,,,,,,,,,,,,,,,,,,,,,,,,,,,,,,,,,,,,,,,,,,,,,,,,,,,,,,,,,,,,,,,,,,,,,,,,,,,,,,,,,,,,,,,,,,,,,,,,,,,,,,,,,,,,,,,,,,,,,,,,,,,,
160,PET,LT,#7,#2,FT_1,35298.33564960437,2.245029947014562,5.600305450095756,50000000,-1.4233958146883594,-2.6746033583688003,91.225592364817,,,,,,,,,,,,,,,PP,LT,#4,#11,DIESEL_1,1.6228806656510142,4.187929005705416,96.19951642944822,-0.21395138919529644,-1.6828074254484,-48.82269367010772,0.49248504065076254,107,,,,,,,,,,,,,,,PET,LT,#5,#9,GASOLINE_1,1.1144598303000448,2.5668351470559774,56.19012959757908,-0.31620956735002453,-0.18258195207498015,-30.536110059324976,0.456557401130454,107,,,,,,,,,,,,,,,,,,,,,,,,,,,,,,,,,,,,,,,,,,,,,,,,,,,,,,,,,,,,,,,,,,,,,,,,,,,,,,,,,,,,,,,,,,,,,,,,,,,,,,,,,,,,,,,,,,,,,,,,,,,,,,,,,,,,,,,,,,,,,,,,,,,,,,,,,,,,,,,,
161,PET,LT,#7,#3,GASOLINE_1,18165.642282703935,1.5539534189260882,4.158931264358644,50000000,-1.0365827495318205,-1.681556749250276,70.36205564720646,,,,,,,,,,,,,,,PP,LT,#5,#1,DIESEL_1,1.5039400697773317,3.6045333403376776,90.08706090634918,0.09085745637752382,-0.923982855131056,-39.41488418436066,0.562480074410078,108,,,,,,,,,,,,,,,PET,LT,#5,#10,GASOLINE_1,1.1540794695210401,2.856252063554347,59.4367819508363,-0.4305853392887674,-0.5119275547792461,-34.544880398262784,0.41879625268344917,108,,,,,,,,,,,,,,,,,,,,,,,,,,,,,,,,,,,,,,,,,,,,,,,,,,,,,,,,,,,,,,,,,,,,,,,,,,,,,,,,,,,,,,,,,,,,,,,,,,,,,,,,,,,,,,,,,,,,,,,,,,,,,,,,,,,,,,,,,,,,,,,,,,,,,,,,,,,,,,,,
162,PET,LT,#7,#4,MeOH_1,42680.25083426885,2.313005649042096,6.575664688982209,50000000,-1.4596815702548116,-3.7508927769667326,103.43808324481695,,,,,,,,,,,,,,,PP,LT,#5,#2,DIESEL_1,1.5506386545035373,3.671154824340549,91.43706314634919,0.018873816038756673,-1.0217633396643606,-41.08679681829053,0.5506548941480192,109,,,,,,,,,,,,,,,PET,LT,#5,#11,GASOLINE_1,1.187952065849686,2.930239793046306,60.076152816868294,-0.4502652717239021,-0.596704694533996,-35.130761644616776,0.41522950459716035,109,,,,,,,,,,,,,,,,,,,,,,,,,,,,,,,,,,,,,,,,,,,,,,,,,,,,,,,,,,,,,,,,,,,,,,,,,,,,,,,,,,,,,,,,,,,,,,,,,,,,,,,,,,,,,,,,,,,,,,,,,,,,,,,,,,,,,,,,,,,,,,,,,,,,,,,,,,,,,,,,
163,PET,LT,#7,#5,FT_1,28403.40993170376,2.359201007931921,6.827251828146084,50000000,-1.5595700495987497,-3.925727041332997,104.81128243084898,,,,,,,,,,,,,,,PP,LT,#5,#3,DIESEL_1,1.4901651278231767,3.371482116381655,89.30532518898855,0.12023530310732553,-0.6845213383302036,-38.37181553350362,0.5703300396443223,110,,,,,,,,,,,,,,,PET,LT,#6,#1,MeOH_1,2.5736723035491247,5.159407733300895,102.05135483638496,-1.1471745069880197,-2.330105120863016,-51.819996618683234,0.4922164756973168,110,,,,,,,,,,,,,,,,,,,,,,,,,,,,,,,,,,,,,,,,,,,,,,,,,,,,,,,,,,,,,,,,,,,,,,,,,,,,,,,,,,,,,,,,,,,,,,,,,,,,,,,,,,,,,,,,,,,,,,,,,,,,,,,,,,,,,,,,,,,,,,,,,,,,,,,,,,,,,,,,
164,PET,LT,#7,#6,GASOLINE_1,12839.628939633181,1.389289176426934,3.4220065173513494,50000000,-0.8512401352846731,-0.8968215245514494,63.140897465962524,,,,,,,,,,,,,,,PP,LT,#5,#4,DIESEL_1,1.5610060515359914,3.801781932834788,93.07065194634919,0.0014699743304865366,-1.1447676122138217,-42.738667282458884,0.5407932963970672,111,,,,,,,,,,,,,,,PET,LT,#6,#2,MeOH_1,1.9980253479266974,4.985653010534585,87.514970356385,-1.1156848994632285,-2.5906627135947535,-53.653035056967404,0.3869273469615827,111,,,,,,,,,,,,,,,,,,,,,,,,,,,,,,,,,,,,,,,,,,,,,,,,,,,,,,,,,,,,,,,,,,,,,,,,,,,,,,,,,,,,,,,,,,,,,,,,,,,,,,,,,,,,,,,,,,,,,,,,,,,,,,,,,,,,,,,,,,,,,,,,,,,,,,,,,,,,,,,,
165,PET,LT,#7,#7,GASOLINE_1,20037.337407558898,1.5048886790822011,4.130841472525554,50000000,-0.9553998455563317,-1.6188297203918225,70.02809407588254,,,,,,,,,,,,,,,PP,LT,#5,#5,DIESEL_1,1.6116624362030199,3.9149992988545748,94.06944298634916,-0.01969482476872429,-1.2536421464289496,-42.92638240062725,0.5436734710244167,112,,,,,,,,,,,,,,,PET,LT,#6,#3,MeOH_1,1.2913167510380825,3.544278824797472,66.65143363877446,-0.7132397655065479,-1.2808263260309207,-43.93209861666261,0.34086791208786377,112,,,,,,,,,,,,,,,,,,,,,,,,,,,,,,,,,,,,,,,,,,,,,,,,,,,,,,,,,,,,,,,,,,,,,,,,,,,,,,,,,,,,,,,,,,,,,,,,,,,,,,,,,,,,,,,,,,,,,,,,,,,,,,,,,,,,,,,,,,,,,,,,,,,,,,,,,,,,,,,,
166,PET,LT,#7,#8,GASOLINE_1,14184.85289756157,1.572135445389866,4.253116059062787,50000000,-1.0345958230135608,-1.737517794656424,72.10788257679452,,,,,,,,,,,,,,,PP,LT,#5,#6,DIESEL_1,1.395351886378899,2.85278140322842,82.7055133431655,0.16064046390240633,-0.2134773161959532,-32.3231267877925,0.6091780888454691,113,,,,,,,,,,,,,,,PET,LT,#6,#4,MeOH_1,2.0687463538774256,5.961012249421035,99.727461236385,-1.1649672938394169,-3.461322076383473,-61.80345249088862,0.38027648829448013,113,,,,,,,,,,,,,,,,,,,,,,,,,,,,,,,,,,,,,,,,,,,,,,,,,,,,,,,,,,,,,,,,,,,,,,,,,,,,,,,,,,,,,,,,,,,,,,,,,,,,,,,,,,,,,,,,,,,,,,,,,,,,,,,,,,,,,,,,,,,,,,,,,,,,,,,,,,,,,,,,
167,PET,LT,#7,#9,GASOLINE_1,29557.88496826907,1.4862643434501133,4.038901105074996,50000000,-0.8942823192668324,-1.4715455475982708,69.25575823750532,,,,,,,,,,,,,,,PP,LT,#5,#7,DIESEL_1,1.495852624630126,3.5052681185431283,89.72755584556553,0.10019460750408825,-0.8255632649979457,-39.00963977062389,0.5652434817486249,114,,,,,,,,,,,,,,,PET,LT,#6,#5,MeOH_1,2.124574760531942,6.212599388584911,101.10066042241695,-1.2642374860615038,-3.8386588919909608,-67.72660627829053,0.33010718233376085,114,,,,,,,,,,,,,,,,,,,,,,,,,,,,,,,,,,,,,,,,,,,,,,,,,,,,,,,,,,,,,,,,,,,,,,,,,,,,,,,,,,,,,,,,,,,,,,,,,,,,,,,,,,,,,,,,,,,,,,,,,,,,,,,,,,,,,,,,,,,,,,,,,,,,,,,,,,,,,,,,
168,PET,LT,#7,#10,GASOLINE_1,13724.659700230504,1.5216223279411367,4.328318021573367,50000000,-1.0027347213569868,-1.8610946519873672,72.50241059076252,,,,,,,,,,,,,,,PP,LT,#5,#8,DIESEL_1,1.557427543270062,3.6090669536532833,91.14886047159754,0.015252312123664067,-0.9537454765940461,-40.927194436629165,0.5509851223057002,115,,,,,,,,,,,,,,,PET,LT,#6,#6,MeOH_1,1.1118632712205259,2.8073540777901766,59.43027545753053,-0.5144635057148763,-0.5539954686686399,-35.231736140692604,0.4071752844916635,115,,,,,,,,,,,,,,,,,,,,,,,,,,,,,,,,,,,,,,,,,,,,,,,,,,,,,,,,,,,,,,,,,,,,,,,,,,,,,,,,,,,,,,,,,,,,,,,,,,,,,,,,,,,,,,,,,,,,,,,,,,,,,,,,,,,,,,,,,,,,,,,,,,,,,,,,,,,,,,,,
169,PET,LT,#7,#11,GASOLINE_1,13109.044920943265,1.5506391510896433,4.402305751065325,50000000,-1.019220595730599,-1.8950824398765356,73.14178145679453,,,,,,,,,,,,,,,PP,LT,#5,#9,DIESEL_1,1.4824226032075811,3.3453492178090234,88.88959355448608,0.12597717898266325,-0.6599634732740173,-37.96707260416582,0.5728738192407935,116,,,,,,,,,,,,,,,PET,LT,#6,#7,MeOH_1,1.2363975217268965,3.5161890329643817,66.31747206745052,-0.6275259553596507,-1.2273433044613224,-42.79425629764451,0.35470615867083877,116,,,,,,,,,,,,,,,,,,,,,,,,,,,,,,,,,,,,,,,,,,,,,,,,,,,,,,,,,,,,,,,,,,,,,,,,,,,,,,,,,,,,,,,,,,,,,,,,,,,,,,,,,,,,,,,,,,,,,,,,,,,,,,,,,,,,,,,,,,,,,,,,,,,,,,,,,,,,,,,,
170,PET,LT,#8,#1,MeOH_1,120708.76447514544,2.5069971568682683,3.9771322812065266,50000000,-1.0695640880071728,0.07671717739734739,87.56009014699006,,,,,,,,,,,,,,,PP,LT,#5,#10,DIESEL_1,1.552806803107061,3.7707666008464407,93.39682432556553,0.01667708347938344,-1.110393569508433,-43.03878398925822,0.5391836467669147,117,,,,,,,,,,,,,,,PET,LT,#6,#8,MeOH_1,1.3164392519428814,3.638463619501614,68.39726056836253,-0.7181933134293096,-1.3765150395198953,-45.007338314877146,0.34197162370424655,117,,,,,,,,,,,,,,,,,,,,,,,,,,,,,,,,,,,,,,,,,,,,,,,,,,,,,,,,,,,,,,,,,,,,,,,,,,,,,,,,,,,,,,,,,,,,,,,,,,,,,,,,,,,,,,,,,,,,,,,,,,,,,,,,,,,,,,,,,,,,,,,,,,,,,,,,,,,,,,,,
171,PET,LT,#8,#2,BA_1,22458.70670997119,1.9197033897662106,3.803377558440216,50000000,-1.0345286354968977,-0.3340597404319531,73.02370566699008,,,,,,,,,,,,,,,PP,LT,#5,#11,DIESEL_1,1.567519256094262,3.77762919985256,92.95796512556552,0.001138677052643402,-1.1262612597181734,-42.76585471549712,0.5399441601617466,118,,,,,,,,,,,,,,,PET,LT,#6,#9,MeOH_1,1.2174680501258535,3.424248665513823,65.54513622907332,-0.5647797098053061,-1.1158056455630934,-41.50531469365593,0.3667674356706003,118,,,,,,,,,,,,,,,,,,,,,,,,,,,,,,,,,,,,,,,,,,,,,,,,,,,,,,,,,,,,,,,,,,,,,,,,,,,,,,,,,,,,,,,,,,,,,,,,,,,,,,,,,,,,,,,,,,,,,,,,,,,,,,,,,,,,,,,,,,,,,,,,,,,,,,,,,,,,,,,,
172,PET,LT,#8,#3,BA_1,5326.013343070752,1.2286268616777387,2.3620033727031036,50000000,-0.6477155703403602,0.6589868686865723,52.160168949379546,,,,,,,,,,,,,,,PP,LT,#6,#1,DIESEL_1,1.6409958262694655,4.830092188599378,104.28980133023185,-0.21742601383326787,-2.2625040088749095,-56.065437246185425,0.46240728689610605,119,,,,,,,,,,,,,,,PET,LT,#6,#10,MeOH_1,1.2570876893468492,3.713665582012195,68.79178858233053,-0.6791554817440495,-1.445151248267362,-45.514085032593755,0.33837910060846643,119,,,,,,,,,,,,,,,,,,,,,,,,,,,,,,,,,,,,,,,,,,,,,,,,,,,,,,,,,,,,,,,,,,,,,,,,,,,,,,,,,,,,,,,,,,,,,,,,,,,,,,,,,,,,,,,,,,,,,,,,,,,,,,,,,,,,,,,,,,,,,,,,,,,,,,,,,,,,,,,,
173,PET,LT,#8,#4,MeOH_1,29840.62189463567,1.9876790917937446,4.778736797326668,50000000,-1.07081439106335,-1.410349159029885,85.23619654699007,,,,,,,,,,,,,,,PP,LT,#6,#2,DIESEL_1,1.687694410995671,4.896713672602249,105.63980357023188,-0.2894096541720353,-2.3602844934082134,-57.737349880115296,0.4534508023603989,120,,,,,,,,,,,,,,,PET,LT,#6,#11,MeOH_1,1.290960285675495,3.787653311504153,69.43115944836252,-0.698835414179184,-1.5299283880221104,-46.09996627894775,0.33603346616682533,120,,,,,,,,,,,,,,,,,,,,,,,,,,,,,,,,,,,,,,,,,,,,,,,,,,,,,,,,,,,,,,,,,,,,,,,,,,,,,,,,,,,,,,,,,,,,,,,,,,,,,,,,,,,,,,,,,,,,,,,,,,,,,,,,,,,,,,,,,,,,,,,,,,,,,,,,,,,,,,,,
174,PET,LT,#8,#5,BA_1,15563.780992070579,2.0338744506835713,5.030323936490542,50000000,-1.1707028704072895,-1.5851834233961475,86.60939573302205,,,,,,,,,,,,,,,PP,LT,#6,#3,DIESEL_1,1.6272208843153098,4.597040964643356,103.50806561287122,-0.18804816710346586,-2.0230424920740577,-55.022368595328366,0.4684243370838693,121,,,,,,,,,,,,,,,PET,LT,#7,#1,MeOH_1,2.6235291965199177,5.495573158857428,103.91206202241698,-1.1659326055605252,-2.6916036823860257,-53.99227631989855,0.4804041487671491,121,,,,,,,,,,,,,,,,,,,,,,,,,,,,,,,,,,,,,,,,,,,,,,,,,,,,,,,,,,,,,,,,,,,,,,,,,,,,,,,,,,,,,,,,,,,,,,,,,,,,,,,,,,,,,,,,,,,,,,,,,,,,,,,,,,,,,,,,,,,,,,,,,,,,,,,,,,,,,,,,
175,PET,LT,#8,#6,BA_1,0,1.0639626191785843,1.6250786256958085,50000000,-0.4623729560932129,1.443722093385399,44.93901076813562,,,,,,,,,,,,,,,PP,LT,#6,#4,MeOH_1,1.6980618080281242,5.0273407810964885,107.27339237023187,-0.30681349588030515,-2.483288765957676,-59.38922034428368,0.4463751072650514,122,,,,,,,,,,,,,,,PET,LT,#7,#2,FT_1,2.0478822408974904,5.3218184360911165,89.375677542417,-1.1344429980357333,-2.9521612751177626,-55.8253147581827,0.3753858287486722,122,,,,,,,,,,,,,,,,,,,,,,,,,,,,,,,,,,,,,,,,,,,,,,,,,,,,,,,,,,,,,,,,,,,,,,,,,,,,,,,,,,,,,,,,,,,,,,,,,,,,,,,,,,,,,,,,,,,,,,,,,,,,,,,,,,,,,,,,,,,,,,,,,,,,,,,,,,,,,,,,
176,PET,LT,#8,#7,BA_1,7197.708467925716,1.1795621218338517,2.3339135808700133,50000000,-0.5665326663648715,0.7217138975450254,51.82620737805562,,,,,,,,,,,,,,,PP,LT,#6,#6,DIESEL_1,1.532407642871032,4.078340251490122,96.90825376704821,-0.14764300630838534,-1.551998469939808,-48.973679849617284,0.4946387129486195,123,,,,,,,,,,,,,,,PET,LT,#7,#3,GASOLINE_1,1.3411736440088753,3.8804442503540053,68.51214082480647,-0.731997864079053,-1.6423248875539316,-46.10437831787791,0.3270626525045804,123,,,,,,,,,,,,,,,,,,,,,,,,,,,,,,,,,,,,,,,,,,,,,,,,,,,,,,,,,,,,,,,,,,,,,,,,,,,,,,,,,,,,,,,,,,,,,,,,,,,,,,,,,,,,,,,,,,,,,,,,,,,,,,,,,,,,,,,,,,,,,,,,,,,,,,,,,,,,,,,,
177,PET,LT,#8,#8,BA_1,1345.223957928387,1.2468088881415167,2.4561881674072454,50000000,-0.6457286438221009,0.6030258232804246,53.90599587896763,,,,,,,,,,,,,,,PP,LT,#6,#7,DIESEL_1,1.6329083811222591,4.7308269668048295,103.93029626944822,-0.20808886270670288,-2.1640844187417994,-55.660192832448686,0.46444689536778727,124,,,,,,,,,,,,,,,PET,LT,#7,#4,MeOH_1,2.1186032468482185,6.2971776749775685,101.58816842241697,-1.183725392411922,-3.8228206379064833,-63.9757321921039,0.3702442598818753,124,,,,,,,,,,,,,,,,,,,,,,,,,,,,,,,,,,,,,,,,,,,,,,,,,,,,,,,,,,,,,,,,,,,,,,,,,,,,,,,,,,,,,,,,,,,,,,,,,,,,,,,,,,,,,,,,,,,,,,,,,,,,,,,,,,,,,,,,,,,,,,,,,,,,,,,,,,,,,,,,
178,PET,LT,#8,#9,BA_1,16718.256028635886,1.160937786201763,2.2419732134194548,50000000,-0.5054151400753717,0.8689980703385775,51.053871539678404,,,,,,,,,,,,,,,PP,LT,#6,#8,DIESEL_1,1.6944832997621957,4.834625801914983,105.35160089548023,-0.2930311580871279,-2.2922666303379,-57.57774749845395,0.4534705974180964,125,,,,,,,,,,,,,,,PET,LT,#7,#5,FT_1,2.1744316535027344,6.548764814141444,102.96136760844898,-1.2829955846340084,-4.200157453513971,-69.89888597950585,0.32111540859360177,125,,,,,,,,,,,,,,,,,,,,,,,,,,,,,,,,,,,,,,,,,,,,,,,,,,,,,,,,,,,,,,,,,,,,,,,,,,,,,,,,,,,,,,,,,,,,,,,,,,,,,,,,,,,,,,,,,,,,,,,,,,,,,,,,,,,,,,,,,,,,,,,,,,,,,,,,,,,,,,,,
179,PET,LT,#8,#10,BA_1,885.0307605973237,1.1962957706927873,2.531390129917826,50000000,-0.6138675421655266,0.4794489659494811,54.30052389293563,,,,,,,,,,,,,,,PP,LT,#6,#9,DIESEL_1,1.6194783596997144,4.570908066070724,103.09233397836879,-0.18230629122812814,-1.9984846270178709,-54.6176256659906,0.470206720924073,126,,,,,,,,,,,,,,,PET,LT,#7,#6,GASOLINE_1,1.1617201641913186,3.14351950334671,61.290982643562536,-0.5332216042873814,-0.9154940301916504,-37.40401584190793,0.38973052431822097,126,,,,,,,,,,,,,,,,,,,,,,,,,,,,,,,,,,,,,,,,,,,,,,,,,,,,,,,,,,,,,,,,,,,,,,,,,,,,,,,,,,,,,,,,,,,,,,,,,,,,,,,,,,,,,,,,,,,,,,,,,,,,,,,,,,,,,,,,,,,,,,,,,,,,,,,,,,,,,,,,
180,PET,LT,#8,#11,BA_1,269.41598131008374,1.225312593841294,2.6053778594097845,50000000,-0.6303534165391391,0.44546117806031227,54.939894758967625,,,,,,,,,,,,,,,PP,LT,#6,#10,MeOH_1,1.6898625595991947,4.9963254491081415,107.59956474944825,-0.29160638673140854,-2.4489147232522868,-59.68933705108302,0.44526414033297385,127,,,,,,,,,,,,,,,PET,LT,#7,#7,GASOLINE_1,1.2862544146976893,3.8523544585209137,68.17817925348253,-0.6462840539321557,-1.5888418659843313,-44.96653599885982,0.34045560483982956,127,,,,,,,,,,,,,,,,,,,,,,,,,,,,,,,,,,,,,,,,,,,,,,,,,,,,,,,,,,,,,,,,,,,,,,,,,,,,,,,,,,,,,,,,,,,,,,,,,,,,,,,,,,,,,,,,,,,,,,,,,,,,,,,,,,,,,,,,,,,,,,,,,,,,,,,,,,,,,,,,
181,PET,HT,#1,-,GASOLINE_1,56810.57679215497,1.608970962270835,3.58871522247271,50000000,-0.8648526367960463,-0.952412812136147,56.46658603861327,,,,,,,,,,,,,,,PP,LT,#6,#11,DIESEL_1,1.7045750125863952,5.003188048114261,107.16070554944824,-0.307144793158148,-2.4647824134620264,-59.41640777732193,0.4455392256641609,128,,,,,,,,,,,,,,,PET,LT,#7,#8,GASOLINE_1,1.3662961449136743,3.974629045058147,70.25796775439453,-0.7369514120018146,-1.7380136010429061,-47.17961801609248,0.3284801777782498,128,,,,,,,,,,,,,,,,,,,,,,,,,,,,,,,,,,,,,,,,,,,,,,,,,,,,,,,,,,,,,,,,,,,,,,,,,,,,,,,,,,,,,,,,,,,,,,,,,,,,,,,,,,,,,,,,,,,,,,,,,,,,,,,,,,,,,,,,,,,,,,,,,,,,,,,,,,,,,,,,
182,PET,HT,#2,-,GASOLINE_1,4271.858527134859,1.7766201112484061,3.785365574786772,50000000,-1.186714953886993,-1.258987781531604,62.48475565952527,,,,,,,,,,,,,,,PP,LT,#7,#1,DIESEL_1,1.7141253031694081,5.360652445317882,107.22547797023186,-0.2843373461677976,-2.8311321811985337,-59.568681584172346,0.4444540354419319,129,,,,,,,,,,,,,,,PET,LT,#7,#9,GASOLINE_1,1.2673249430966465,3.7604140910703565,67.40584341510532,-0.5835378083778112,-1.4773042070861042,-43.67759439487126,0.35202065307763336,129,,,,,,,,,,,,,,,,,,,,,,,,,,,,,,,,,,,,,,,,,,,,,,,,,,,,,,,,,,,,,,,,,,,,,,,,,,,,,,,,,,,,,,,,,,,,,,,,,,,,,,,,,,,,,,,,,,,,,,,,,,,,,,,,,,,,,,,,,,,,,,,,,,,,,,,,,,,,,,,,
183,PET,HT,#3,-,GASOLINE_1,81562.30656692313,1.6020324701971274,3.682607406020469,50000000,-0.7498151158273625,-0.914430538443535,58.43408097958268,,,,,,,,,,,,,,,PP,LT,#7,#3,DIESEL_1,1.7003503612152528,5.127601221361858,106.44374225287123,-0.2549594994379959,-2.5916706643976806,-58.525612933315266,0.45017328689666025,130,,,,,,,,,,,,,,,PET,LT,#7,#10,GASOLINE_1,1.3069445823176418,4.049831007568728,70.65249576836253,-0.6979135803165541,-1.8066498097903716,-47.686364733809064,0.3250576046152564,130,,,,,,,,,,,,,,,,,,,,,,,,,,,,,,,,,,,,,,,,,,,,,,,,,,,,,,,,,,,,,,,,,,,,,,,,,,,,,,,,,,,,,,,,,,,,,,,,,,,,,,,,,,,,,,,,,,,,,,,,,,,,,,,,,,,,,,,,,,,,,,,,,,,,,,,,,,,,,,,,
184,PET,HT,#4,-,MeOH_1,6332.298497491926,1.8841390164661107,4.952972753447725,50000000,-1.364835331251346,-2.651268142008253,77.16033791349327,,,,,,,,,,,,,,,PP,LT,#7,#6,DIESEL_1,1.6055371197709754,4.608900508208624,99.8439304070482,-0.21455433864291565,-2.1206266422634306,-52.47692418760417,0.47441047268808534,131,,,,,,,,,,,,,,,PET,LT,#7,#11,GASOLINE_1,1.340817178646288,4.123818737060685,71.29186663439454,-0.7175935127516891,-1.8914269495451206,-48.27224598016307,0.32289266280938883,131,,,,,,,,,,,,,,,,,,,,,,,,,,,,,,,,,,,,,,,,,,,,,,,,,,,,,,,,,,,,,,,,,,,,,,,,,,,,,,,,,,,,,,,,,,,,,,,,,,,,,,,,,,,,,,,,,,,,,,,,,,,,,,,,,,,,,,,,,,,,,,,,,,,,,,,,,,,,,,,,
185,PET,HT,#5,-,GASOLINE_1,1034.9177889746597,1.9713280120602379,5.249285566637839,50000000,-1.3118907452184483,-2.6275428838431747,81.96876957952527,,,,,,,,,,,,,,,PP,LT,#7,#7,DIESEL_1,1.7060378580222029,5.261387223523332,106.86597290944822,-0.2750001950412337,-2.732712591065422,-59.16343717043557,0.4463772184943555,132,,,,,,,,,,,,,,,PET,LT,#8,#1,MeOH_1,2.371574676266632,3.9771322812065266,87.56009014699006,-0.973317731399392,-1.332661326814363,-36.05954504958268,0.5881737331580139,132,,,,,,,,,,,,,,,,,,,,,,,,,,,,,,,,,,,,,,,,,,,,,,,,,,,,,,,,,,,,,,,,,,,,,,,,,,,,,,,,,,,,,,,,,,,,,,,,,,,,,,,,,,,,,,,,,,,,,,,,,,,,,,,,,,,,,,,,,,,,,,,,,,,,,,,,,,,,,,,,
186,PET,HT,#6,-,GASOLINE_1,0,1.3808809406925622,1.7125826154617425,50000000,-0.8849211049539171,0.8346154391626074,49.2091919515223,,,,,,,,,,,,,,,PP,LT,#7,#9,DIESEL_1,1.6926078365996575,5.101468322789227,106.02801061836875,-0.24921762356265817,-2.567112799341494,-58.12087000397747,0.4518347588999434,133,,,,,,,,,,,,,,,PET,LT,#8,#2,BA_1,1.7959277206442052,3.803377558440216,73.02370566699008,-0.941828123874601,-1.5932189195461017,-37.89258348786682,0.48109202153245506,133,,,,,,,,,,,,,,,,,,,,,,,,,,,,,,,,,,,,,,,,,,,,,,,,,,,,,,,,,,,,,,,,,,,,,,,,,,,,,,,,,,,,,,,,,,,,,,,,,,,,,,,,,,,,,,,,,,,,,,,,,,,,,,,,,,,,,,,,,,,,,,,,,,,,,,,,,,,,,,,,
187,PET,HT,#7,-,MeOH_1,40928.9803263084,1.509049010655904,2.904910555884701,50000000,-0.8044103761162635,-0.3632251055853039,60.24638188459492,,,,,,,,,,,,,,,PP,LT,#9,#4,DIESEL_1,1.1480207598146535,2.320700073436776,70.57291524545496,-0.10288295567591518,-0.023329072511434255,-26.17157082750966,0.6291555940903949,134,,,,,,,,,,,,,,,PET,LT,#8,#3,BA_1,1.08921912375559,2.3620033727031036,52.160168949379546,-0.5393829899179203,-0.2833825319822681,-28.17164704756204,0.45990115417566824,134,,,,,,,,,,,,,,,,,,,,,,,,,,,,,,,,,,,,,,,,,,,,,,,,,,,,,,,,,,,,,,,,,,,,,,,,,,,,,,,,,,,,,,,,,,,,,,,,,,,,,,,,,,,,,,,,,,,,,,,,,,,,,,,,,,,,,,,,,,,,,,,,,,,,,,,,,,,,,,,,
188,PET,HT,#8,-,GASOLINE_1,19538.45895017105,1.6062000213945835,3.2022842976310946,50000000,-0.9415038623286003,-0.6173400937303236,63.02400510550689,,,,,,,,,,,,,,,PP,LT,#9,#5,DIESEL_1,1.1986771444816822,2.433917439456563,71.57170628545497,-0.12404775477512572,-0.1322036067265621,-26.35928594567804,0.6317080126531109,135,,,,,,,,,,,,,,,PET,LT,#8,#4,MeOH_1,1.866648726594933,4.778736797326668,85.23619654699007,-0.991110518250789,-2.463878282334821,-46.04300092178804,0.45981868282443966,135,,,,,,,,,,,,,,,,,,,,,,,,,,,,,,,,,,,,,,,,,,,,,,,,,,,,,,,,,,,,,,,,,,,,,,,,,,,,,,,,,,,,,,,,,,,,,,,,,,,,,,,,,,,,,,,,,,,,,,,,,,,,,,,,,,,,,,,,,,,,,,,,,,,,,,,,,,,,,,,,
189,PET,HT,#9,-,GASOLINE_1,82923.15310939023,1.4219810126091224,2.0808215313536182,50000000,-0.5531741082912118,0.698103912581307,52.03908639210515,,,,,,,,,,,,,,,PP,LT,#9,#11,DIESEL_1,1.1545339643729247,2.2965473404545476,70.4602284246713,-0.10321425295375859,-0.004822720015785098,-26.19875826054789,0.6281766487805691,136,,,,,,,,,,,,,,,PET,LT,#8,#5,BA_1,1.9224771332494488,5.030323936490542,86.60939573302205,-1.0903807104728758,-2.841215097942308,-51.96615470918996,0.39999402756049324,136,,,,,,,,,,,,,,,,,,,,,,,,,,,,,,,,,,,,,,,,,,,,,,,,,,,,,,,,,,,,,,,,,,,,,,,,,,,,,,,,,,,,,,,,,,,,,,,,,,,,,,,,,,,,,,,,,,,,,,,,,,,,,,,,,,,,,,,,,,,,,,,,,,,,,,,,,,,,,,,,
190,PET,HT,#10,-,MeOH_1,14258.054316527609,1.4514487628086186,2.209093015584005,50000000,-0.8452304792864711,0.17209634215526282,53.62302486352232,,,,,,,,,,,,,,,PP,HT,#1,-,MeOH_1,1.063740784054192,3.2518649246943725,80.17333057980979,0.16879603618113537,-0.6472677144675314,-34.93594679294849,0.5642447863860295,137,,,,,,,,,,,,,,,PET,LT,#8,#7,BA_1,1.034299894444404,2.3339135808700133,51.82620737805562,-0.453669179771023,-0.2298995104126698,-27.033804728543952,0.4783757852211529,137,,,,,,,,,,,,,,,,,,,,,,,,,,,,,,,,,,,,,,,,,,,,,,,,,,,,,,,,,,,,,,,,,,,,,,,,,,,,,,,,,,,,,,,,,,,,,,,,,,,,,,,,,,,,,,,,,,,,,,,,,,,,,,,,,,,,,,,,,,,,,,,,,,,,,,,,,,,,,,,,
191,PET,HT,#11,-,GASOLINE_1,16627.894655125543,1.4701910605613935,2.2191481955326524,50000000,-0.817955887134346,0.35139246916303335,53.9675560335543,,,,,,,,,,,,,,,PP,HT,#2,-,FT_1,1.185066025479734,3.8014526739533094,83.4471369798098,0.0766767392411667,-1.2934756330217931,-37.890628004681375,0.5459325583111486,138,,,,,,,,,,,,,,,PET,LT,#8,#8,BA_1,1.1143416246603888,2.4561881674072454,53.90599587896763,-0.5443365378406818,-0.37907124547124266,-29.24688674577661,0.45744649980230123,138,,,,,,,,,,,,,,,,,,,,,,,,,,,,,,,,,,,,,,,,,,,,,,,,,,,,,,,,,,,,,,,,,,,,,,,,,,,,,,,,,,,,,,,,,,,,,,,,,,,,,,,,,,,,,,,,,,,,,,,,,,,,,,,,,,,,,,,,,,,,,,,,,,,,,,,,,,,,,,,,
192,PET,LT,#1,-,GASOLINE_1,45928.29670725936,1.4059515753386647,4.0983481642142605,50000000,-0.8022072464036397,-1.5125518221126069,61.50412066841878,,,,,,,,,,,,,,,PP,HT,#3,-,H2_1,1.120792523010259,3.8853839874901746,77.87489371645358,0.4373489026424602,-1.0625210470291362,-26.839188932015112,0.6553550489617623,139,,,,,,,,,,,,,,,PET,LT,#8,#9,BA_1,1.0153704228433609,2.2419732134194548,51.053871539678404,-0.39092293421667845,-0.11836185151444108,-25.744863124555383,0.4957314235307932,139,,,,,,,,,,,,,,,,,,,,,,,,,,,,,,,,,,,,,,,,,,,,,,,,,,,,,,,,,,,,,,,,,,,,,,,,,,,,,,,,,,,,,,,,,,,,,,,,,,,,,,,,,,,,,,,,,,,,,,,,,,,,,,,,,,,,,,,,,,,,,,,,,,,,,,,,,,,,,,,,
193,PET,LT,#2,-,GASOLINE_1,7449.611645555362,1.5083335026230704,4.009306026504595,50000000,-1.0344982766588309,-1.5442819592370565,57.764901408325265,,,,,,,,,,,,,,,PP,HT,#5,-,FT_1,1.4907833901797438,5.002109630300184,96.17605537980978,-0.23439173523582282,-2.504317717394274,-51.21339628726429,0.4675036724575885,140,,,,,,,,,,,,,,,PET,LT,#8,#10,BA_1,1.0549900620643564,2.531390129917826,54.30052389293563,-0.5052987061554215,-0.4477074542187089,-29.75363346349321,0.452056235734328,140,,,,,,,,,,,,,,,,,,,,,,,,,,,,,,,,,,,,,,,,,,,,,,,,,,,,,,,,,,,,,,,,,,,,,,,,,,,,,,,,,,,,,,,,,,,,,,,,,,,,,,,,,,,,,,,,,,,,,,,,,,,,,,,,,,,,,,,,,,,,,,,,,,,,,,,,,,,,,,,,
194,PET,LT,#3,-,GASOLINE_1,60156.389909383084,1.3573741481933894,2.6706334818410484,50000000,-0.6722786594504775,-0.010561368050371408,53.13289023919934,,,,,,,,,,,,,,,PP,HT,#7,-,MeOH_1,1.083455993723,3.6113601090386855,82.43442753399947,0.22223130789885315,-0.9642448256649944,-36.253898804390204,0.5602092488670761,141,,,,,,,,,,,,,,,PET,LT,#8,#11,BA_1,1.0888626583930023,2.6053778594097845,54.939894758967625,-0.5249786385905563,-0.5324845939734575,-30.339514709847197,0.44776896928993487,141,,,,,,,,,,,,,,,,,,,,,,,,,,,,,,,,,,,,,,,,,,,,,,,,,,,,,,,,,,,,,,,,,,,,,,,,,,,,,,,,,,,,,,,,,,,,,,,,,,,,,,,,,,,,,,,,,,,,,,,,,,,,,,,,,,,,,,,,,,,,,,,,,,,,,,,,,,,,,,,,
195,PET,LT,#4,-,MeOH_1,4462.351586043658,1.5320363761266025,4.896691269622412,50000000,-1.1184982854188943,-2.595811868158836,69.42349038229327,,,,,,,,,,,,,,,PP,HT,#8,-,FT_1,1.2437985614214642,4.877804062813643,90.22914880003145,0.05526657862598086,-2.368747244870559,-46.589585191068295,0.4836526132555951,142,,,,,,,,,,,,,,,PET,HT,#1,-,GASOLINE_1,1.3210609894891883,3.49973290594707,54.06894166421327,-0.4349289177279712,-0.985657914326765,-22.58962528304701,0.5822070011405743,142,,,,,,,,,,,,,,,,,,,,,,,,,,,,,,,,,,,,,,,,,,,,,,,,,,,,,,,,,,,,,,,,,,,,,,,,,,,,,,,,,,,,,,,,,,,,,,,,,,,,,,,,,,,,,,,,,,,,,,,,,,,,,,,,,,,,,,,,,,,,,,,,,,,,,,,,,,,,,,,,
196,PET,LT,#5,-,FT_1,2169.883397387615,1.7010038695567977,4.89512214441336,50000000,-1.1304095370088214,-2.297027753597634,72.02047982229327,,,,,,,,,,,,,,,PP,HT,#9,-,H2_1,1.1034880542672878,3.6749011315213913,79.78499461579317,0.5183528274914808,-0.8129964858643761,-29.110864872148085,0.6351335860542167,143,,,,,,,,,,,,,,,PET,HT,#2,-,GASOLINE_1,1.5160796715584626,3.6963832582611325,60.08711128512527,-0.7799190475010981,-1.3722474716909032,-32.91624253007643,0.45219129650146883,143,,,,,,,,,,,,,,,,,,,,,,,,,,,,,,,,,,,,,,,,,,,,,,,,,,,,,,,,,,,,,,,,,,,,,,,,,,,,,,,,,,,,,,,,,,,,,,,,,,,,,,,,,,,,,,,,,,,,,,,,,,,,,,,,,,,,,,,,,,,,,,,,,,,,,,,,,,,,,,,,
197,PET,LT,#6,-,Olefin,0,1.1459374232032333,1.5764983285622003,50000000,-0.7188099706634422,0.8945218505808767,42.400282956800005,,,,,,,,,,,,,,,PP,HT,#10,-,MeOH_1,1.495796629011182,7.216272186210732,123.78342113399943,-0.2620442092815959,-4.6199053142249396,-79.18511586992109,0.3602930413096216,144,,,,,,,,,,,,,,,PET,HT,#3,-,GASOLINE_1,1.3137439972309826,3.5936250894948287,56.036436605182686,-0.3152711761652664,-1.039489777291342,-24.352888971049122,0.565409750398069,144,,,,,,,,,,,,,,,,,,,,,,,,,,,,,,,,,,,,,,,,,,,,,,,,,,,,,,,,,,,,,,,,,,,,,,,,,,,,,,,,,,,,,,,,,,,,,,,,,,,,,,,,,,,,,,,,,,,,,,,,,,,,,,,,,,,,,,,,,,,,,,,,,,,,,,,,,,,,,,,,
198,PET,LT,#7,-,MeOH_1,35765.451230731516,1.285606106389338,2.756023351949898,50000000,-0.6945900486212931,-0.23135702799899488,53.05536793738543,,,,,,,,,,,,,,,PP,HT,#11,-,FT_1,1.4725647622346332,6.909565033315253,120.58481697399947,-0.17963701732303747,-4.405435387635437,-77.4507830655509,0.35770700649443404,145,,,,,,,,,,,,,,,PET,HT,#4,-,MeOH_1,1.6110717708426365,4.863990436922084,74.76269353909326,-0.9540278249109848,-2.4911436511628318,-46.385239918382034,0.3795670310603872,145,,,,,,,,,,,,,,,,,,,,,,,,,,,,,,,,,,,,,,,,,,,,,,,,,,,,,,,,,,,,,,,,,,,,,,,,,,,,,,,,,,,,,,,,,,,,,,,,,,,,,,,,,,,,,,,,,,,,,,,,,,,,,,,,,,,,,,,,,,,,,,,,,,,,,,,,,,,,,,,,
199,PET,LT,#8,-,FT_1,10564.22599858864,1.3607768462497247,2.9055034852641497,50000000,-0.8230882203271351,-0.386727294029814,55.08869275829741,,,,,,,,,,,,,,,PP,LT,#1,-,DIESEL_1,1.38867249080769,3.2378218982819034,85.08555456740122,0.06572694281854836,-0.6473237672215382,-36.59077662683736,0.5699531276151972,146,,,,,,,,,,,,,,,PET,HT,#5,-,GASOLINE_1,1.710377057876661,5.1603032501122,79.57112520512527,-0.9046843243389201,-2.8242716256750624,-48.905631534758065,0.3853846931448445,146,,,,,,,,,,,,,,,,,,,,,,,,,,,,,,,,,,,,,,,,,,,,,,,,,,,,,,,,,,,,,,,,,,,,,,,,,,,,,,,,,,,,,,,,,,,,,,,,,,,,,,,,,,,,,,,,,,,,,,,,,,,,,,,,,,,,,,,,,,,,,,,,,,,,,,,,,,,,,,,,
200,PET,LT,#9,-,GASOLINE_1,61617.886147585545,1.2789383752135206,2.3488487249603476,50000000,-0.58110808701735,0.3227669416285434,51.81942402126127,,,,,,,,,,,,,,,PP,LT,#2,-,DIESEL_1,1.4569713094092092,3.5185084315676423,86.47240594831324,-0.04317796857384366,-0.9967222422127238,-37.993475877724144,0.5606289028151499,147,,,,,,,,,,,,,,,PET,HT,#7,-,MeOH_1,1.2060755739313151,2.8159282393590606,57.8487375101949,-0.36147806057514675,-0.33662586697135566,-27.546376288085757,0.5238206143525405,147,,,,,,,,,,,,,,,,,,,,,,,,,,,,,,,,,,,,,,,,,,,,,,,,,,,,,,,,,,,,,,,,,,,,,,,,,,,,,,,,,,,,,,,,,,,,,,,,,,,,,,,,,,,,,,,,,,,,,,,,,,,,,,,,,,,,,,,,,,,,,,,,,,,,,,,,,,,,,,,,
201,PET,LT,#10,-,MeOH_1,9139.375946642242,1.4047809575420895,3.4352458313674528,50000000,-0.9108546534025334,-1.0700438613236982,64.89389565226541,,,,,,,,,,,,,,,PP,LT,#3,-,DIESEL_1,1.4079481464912897,3.0316963630812563,84.10154121476086,0.18922630942186744,-0.3531155389008811,-33.05739905157885,0.606934681884559,148,,,,,,,,,,,,,,,PET,HT,#8,-,GASOLINE_1,1.3123714044096675,3.1133019811054545,60.6263607311069,-0.5014197786477327,-0.7415309450170707,-31.873380410837697,0.47426531913726233,148,,,,,,,,,,,,,,,,,,,,,,,,,,,,,,,,,,,,,,,,,,,,,,,,,,,,,,,,,,,,,,,,,,,,,,,,,,,,,,,,,,,,,,,,,,,,,,,,,,,,,,,,,,,,,,,,,,,,,,,,,,,,,,,,,,,,,,,,,,,,,,,,,,,,,,,,,,,,,,,,
202,PET,LT,#11,-,FT_1,7318.128529396859,1.4579422955984795,3.8656012609402897,50000000,-0.9341385485306928,-1.361574102786404,65.95596331829742,,,,,,,,,,,,,,,PP,LT,#4,-,MeOH_1,1.5684684532202628,4.517054864565628,101.20327956228128,-0.18297849679091427,-1.977958929504119,-53.1739574729439,0.47458266468311205,149,,,,,,,,,,,,,,,PET,LT,#2,-,GASOLINE_1,1.2897608636525462,3.730819012499955,55.91498658592528,-0.7241205271527519,-1.520267100677085,-34.003029389839064,0.3918798614466952,149,,,,,,,,,,,,,,,,,,,,,,,,,,,,,,,,,,,,,,,,,,,,,,,,,,,,,,,,,,,,,,,,,,,,,,,,,,,,,,,,,,,,,,,,,,,,,,,,,,,,,,,,,,,,,,,,,,,,,,,,,,,,,,,,,,,,,,,,,,,,,,,,,,,,,,,,,,,,,,,,
203,PET,SG,#1,-,MeOH_1,29249.201938956998,0.8604470369401703,3.2347613058132385,50000000,-0.31012428352300303,-0.8885861093505109,50.75619780221697,,,,,,,,,,,,,,,PP,LT,#5,-,DIESEL_1,1.6300717281620392,5.0095187600055135,102.50117042831323,-0.22478290755386696,-2.496912897155921,-54.41924982903341,0.4690865518741284,150,,,,,,,,,,,,,,,PET,LT,#3,-,GASOLINE_1,1.1273505841299791,2.3921464678364086,51.282975416799346,-0.35044998485151285,-0.01859621756908238,-25.72123817182071,0.49844489398727615,150,,,,,,,,,,,,,,,,,,,,,,,,,,,,,,,,,,,,,,,,,,,,,,,,,,,,,,,,,,,,,,,,,,,,,,,,,,,,,,,,,,,,,,,,,,,,,,,,,,,,,,,,,,,,,,,,,,,,,,,,,,,,,,,,,,,,,,,,,,,,,,,,,,,,,,,,,,,,,,,,
204,PET,SG,#2,-,FT_4,3557.599290301776,0.9813291797475393,3.4254343928571633,50000000,-0.25227008561205966,-0.6234845009186238,51.89757300221696,,,,,,,,,,,,,,,PP,LT,#7,-,DIESEL_1,1.4086252291265084,3.2902674622354775,86.20119694980701,0.06972132753109378,-0.6895473399295006,-35.72155620015506,0.585602550032398,151,,,,,,,,,,,,,,,PET,LT,#4,-,MeOH_1,1.3172530303902212,4.618204255617771,67.57357555989327,-0.8172900812927774,-2.391427762061028,-44.6643998326883,0.33902565518232225,151,,,,,,,,,,,,,,,,,,,,,,,,,,,,,,,,,,,,,,,,,,,,,,,,,,,,,,,,,,,,,,,,,,,,,,,,,,,,,,,,,,,,,,,,,,,,,,,,,,,,,,,,,,,,,,,,,,,,,,,,,,,,,,,,,,,,,,,,,,,,,,,,,,,,,,,,,,,,,,,,
205,PET,SG,#3,-,H2_1,139749.36422058736,0.8105715624147385,3.120076017627424,50000000,0.13051156890637444,-0.17433912819078834,48.04129266482996,,,,,,,,,,,,,,,PP,LT,#8,-,DIESEL_1,1.686935485305888,4.1272351283100885,96.53954894980701,-0.1577616575434536,-1.5473492024885174,-45.388309525618766,0.5298475078931938,152,,,,,,,,,,,,,,,PET,LT,#5,-,FT_1,1.5001083470408245,4.616635130408719,70.17056499989327,-0.837708903957294,-2.391267303057095,-43.3033847196507,0.3828839098029699,152,,,,,,,,,,,,,,,,,,,,,,,,,,,,,,,,,,,,,,,,,,,,,,,,,,,,,,,,,,,,,,,,,,,,,,,,,,,,,,,,,,,,,,,,,,,,,,,,,,,,,,,,,,,,,,,,,,,,,,,,,,,,,,,,,,,,,,,,,,,,,,,,,,,,,,,,,,,,,,,,
206,PET,SG,#4,-,MeOH_1,10814.843886313285,1.1009677181121258,6.187894416842888,50000000,-0.6483955287357832,-3.9872464650898647,81.79075940221696,,,,,,,,,,,,,,,PP,LT,#9,-,DIESEL_1,1.4188900397497242,3.0377997665558643,84.83449907961658,0.18364973581863867,-0.3559442379620323,-33.89963623250287,0.6004027064427138,153,,,,,,,,,,,,,,,PET,LT,#7,-,MeOH_1,1.047043888930029,2.477536337945258,51.20545311498542,-0.3680390395360725,-0.14840726576353877,-26.87789066244468,0.47509710338685013,153,,,,,,,,,,,,,,,,,,,,,,,,,,,,,,,,,,,,,,,,,,,,,,,,,,,,,,,,,,,,,,,,,,,,,,,,,,,,,,,,,,,,,,,,,,,,,,,,,,,,,,,,,,,,,,,,,,,,,,,,,,,,,,,,,,,,,,,,,,,,,,,,,,,,,,,,,,,,,,,,
207,PET,SG,#5,-,FT_4,2146.6532043570223,1.2226889470649873,6.29917222262187,50000000,-0.49276086319467455,-3.4938718702537317,82.74331108221696,,,,,,,,,,,,,,,PP,LT,#10,-,MeOH_1,1.6647846608021006,4.906082998772045,105.80890270980701,-0.2663480586033856,-2.3589530477803646,-57.791112089837405,0.45381616660049745,154,,,,,,,,,,,,,,,PET,LT,#8,-,FT_1,1.1290356321635941,2.6270164712595103,53.238777935897424,-0.4995418957054503,-0.39821513032727746,-29.90418183843115,0.43830074622604004,154,,,,,,,,,,,,,,,,,,,,,,,,,,,,,,,,,,,,,,,,,,,,,,,,,,,,,,,,,,,,,,,,,,,,,,,,,,,,,,,,,,,,,,,,,,,,,,,,,,,,,,,,,,,,,,,,,,,,,,,,,,,,,,,,,,,,,,,,,,,,,,,,,,,,,,,,,,,,,,,,
208,PET,SG,#6,-,MeOH_1,15098.176460346791,0.839665967621879,2.669938602895592,50000000,-0.3019588170151566,-0.40415747184604767,53.75375277929451,,,,,,,,,,,,,,,PP,LT,#11,-,DIESEL_1,1.7484420988234797,5.449368427172932,108.41937838980701,0.18302556019859026,-2.61359499543223,-47.53277542295485,0.561584136259689,155,,,,,,,,,,,,,,,PET,LT,#10,-,MeOH_1,1.1792635051634892,3.1567588173628134,63.04398082986542,-0.6007377647972433,-0.8866849256561887,-39.501932985418556,0.3734226096537109,155,,,,,,,,,,,,,,,,,,,,,,,,,,,,,,,,,,,,,,,,,,,,,,,,,,,,,,,,,,,,,,,,,,,,,,,,,,,,,,,,,,,,,,,,,,,,,,,,,,,,,,,,,,,,,,,,,,,,,,,,,,,,,,,,,,,,,,,,,,,,,,,,,,,,,,,,,,,,,,,,
209,PET,SG,#7,-,FT_1,16545.39995728399,0.9493798072694264,3.271283622797527,50000000,-0.3071747778500843,-0.5911063586398954,55.86969868532652,,,,,,,,,,,,,,,PP,SG,#1,-,MeOH_1,0.8333182596745943,3.9085361451139904,86.55423262408677,0.4004877161081393,-1.245417038170422,-39.5386108447318,0.5431926360383583,156,,,,,,,,,,,,,,,PET,LT,#11,-,FT_1,1.236888110184027,3.5871142469356494,64.10604849589741,-0.6212792525806855,-1.3689100660186244,-41.355446343823864,0.35489010297568907,156,,,,,,,,,,,,,,,,,,,,,,,,,,,,,,,,,,,,,,,,,,,,,,,,,,,,,,,,,,,,,,,,,,,,,,,,,,,,,,,,,,,,,,,,,,,,,,,,,,,,,,,,,,,,,,,,,,,,,,,,,,,,,,,,,,,,,,,,,,,,,,,,,,,,,,,,,,,,,,,,
210,PET,SG,#8,-,H2_1,124777.07081364763,0.8072713514311607,3.6042960658716674,50000000,0.04174756383927161,-0.7768170651217204,50.30397447129719,,,,,,,,,,,,,,,PP,SG,#2,-,FT_1,1.0635790874488382,5.665728331166643,95.29502269011876,0.16642250446493945,-3.2181546744509326,-51.72592837111437,0.45720220310648096,157,,,,,,,,,,,,,,,PET,SG,#4,-,MeOH_1,1.0010989126402654,6.187894416842888,81.79075940221696,-0.5667463054975155,-3.8715722768387377,-56.8844616189096,0.30451236747695826,157,,,,,,,,,,,,,,,,,,,,,,,,,,,,,,,,,,,,,,,,,,,,,,,,,,,,,,,,,,,,,,,,,,,,,,,,,,,,,,,,,,,,,,,,,,,,,,,,,,,,,,,,,,,,,,,,,,,,,,,,,,,,,,,,,,,,,,,,,,,,,,,,,,,,,,,,,,,,,,,,
211,PET,SG,#9,-,MeOH_1,15097.923187582008,1.0815250604799687,5.590287530562308,50000000,-0.5438198942829525,-3.3245079938104976,84.68325850441452,,,,,,,,,,,,,,,PP,SG,#3,-,H2_1,0.7490923333541687,5.015439467704688,78.44151179362476,0.9359016439763228,-2.037545728328642,-21.509366595929237,0.7257910243683321,158,,,,,,,,,,,,,,,PET,SG,#5,-,FT_4,1.1335843803322299,6.29917222262187,82.74331108221696,-0.4818049585643503,-4.118838008523801,-58.47493326008698,0.29329715604462564,158,,,,,,,,,,,,,,,,,,,,,,,,,,,,,,,,,,,,,,,,,,,,,,,,,,,,,,,,,,,,,,,,,,,,,,,,,,,,,,,,,,,,,,,,,,,,,,,,,,,,,,,,,,,,,,,,,,,,,,,,,,,,,,,,,,,,,,,,,,,,,,,,,,,,,,,,,,,,,,,,
212,PET,SG,#10,-,FT_1,17163.6714628516,1.1788973197462969,6.280790014136517,50000000,-0.5334430332514131,-3.5968900604964613,87.6185622053265,,,,,,,,,,,,,,,PP,SG,#4,-,MeOH_1,1.273564340982171,9.152078962064623,142.54637502408676,-0.051710856543875534,-6.497104314469087,-95.82689898881823,0.3277493098465262,159,,,,,,,,,,,,,,,PET,SG,#9,-,MeOH_1,0.9783985720181195,5.590287530562308,84.68325850441452,-0.46099978163034544,-3.2286689698617552,-60.17745537446344,0.2893819104595934,159,,,,,,,,,,,,,,,,,,,,,,,,,,,,,,,,,,,,,,,,,,,,,,,,,,,,,,,,,,,,,,,,,,,,,,,,,,,,,,,,,,,,,,,,,,,,,,,,,,,,,,,,,,,,,,,,,,,,,,,,,,,,,,,,,,,,,,,,,,,,,,,,,,,,,,,,,,,,,,,,
213,PET,OG,#1,-,MeOH_1,4227.820102645359,0.7985180980707911,2.6467392105168317,50000000,-0.5656651854341429,-0.6384925023482806,34.881936159999995,,,,,,,,,,,,,,,PP,SG,#5,-,FT_1,1.5095892194142788,10.914697239132812,150.97061149011878,-0.28180250477209623,-8.46857124941189,-107.5289964918719,0.28774881792864826,160,,,,,,,,,,,,,,,PET,SG,#10,-,FT_1,1.0804454629549827,6.280790014136517,87.6185622053265,-0.43499117646009905,-4.043032446210011,-64.93096985434272,0.25893591243619574,160,,,,,,,,,,,,,,,,,,,,,,,,,,,,,,,,,,,,,,,,,,,,,,,,,,,,,,,,,,,,,,,,,,,,,,,,,,,,,,,,,,,,,,,,,,,,,,,,,,,,,,,,,,,,,,,,,,,,,,,,,,,,,,,,,,,,,,,,,,,,,,,,,,,,,,,,,,,,,,,,
214,PET,OG,#2,-,FT_1,21439.215500285427,1.890576214123197,3.1794378980592484,50000000,-1.0914073492370902,-0.23933400538860738,66.34392223999998,,,,,,,,,,,,,,,PP,SG,#6,-,MeOH_1,0.8637253627854372,3.9457194267625653,89.94071153710495,0.4493130896898433,-1.2330753511584012,-42.40958312539965,0.5284717854616525,161,,,,,,,,,,,,,,,PET,OG,#1,-,MeOH_1,0.6801218285614767,2.6467392105168317,34.881936159999995,-0.456130233136056,-0.4837084337941408,-18.429099765025192,0.4716721090110156,161,,,,,,,,,,,,,,,,,,,,,,,,,,,,,,,,,,,,,,,,,,,,,,,,,,,,,,,,,,,,,,,,,,,,,,,,,,,,,,,,,,,,,,,,,,,,,,,,,,,,,,,,,,,,,,,,,,,,,,,,,,,,,,,,,,,,,,,,,,,,,,,,,,,,,,,,,,,,,,,,
215,PET,OG,#3,-,H2_1,35584.14156810173,0.7591925500828409,1.8411795611650241,50000000,-0.4607112478014693,0.2818136796765208,37.360429960147115,,,,,,,,,,,,,,,PP,SG,#7,-,FT_1,1.110549254978291,6.0165660092319335,101.14291953710497,0.1891472019523681,-3.500971960991893,-58.283397759450104,0.4237520725504819,162,,,,,,,,,,,,,,,PET,OG,#2,-,FT_1,1.7872384639792693,3.1794378980592484,66.34392223999998,-0.9880695990931626,-0.8794018799834842,-37.323779742935685,0.43741975929737126,162,,,,,,,,,,,,,,,,,,,,,,,,,,,,,,,,,,,,,,,,,,,,,,,,,,,,,,,,,,,,,,,,,,,,,,,,,,,,,,,,,,,,,,,,,,,,,,,,,,,,,,,,,,,,,,,,,,,,,,,,,,,,,,,,,,,,,,,,,,,,,,,,,,,,,,,,,,,,,,,,
216,PET,OG,#4,-,MeOH_1,4452.808578856771,0.9495437483518488,4.615729328363312,50000000,-0.7679682170609471,-2.6452109461095685,54.99068447999999,,,,,,,,,,,,,,,PP,SG,#8,-,H2_1,0.798792415656807,5.152809980713184,85.06180642268117,0.9787875184001228,-2.1191580767133984,-28.186493396630883,0.6686351421157317,163,,,,,,,,,,,,,,,PET,OG,#4,-,MeOH_1,0.8389038190764326,4.615729328363312,54.99068447999999,-0.6635559126093221,-2.4876297367323534,-41.13549406790457,0.251955227382822,163,,,,,,,,,,,,,,,,,,,,,,,,,,,,,,,,,,,,,,,,,,,,,,,,,,,,,,,,,,,,,,,,,,,,,,,,,,,,,,,,,,,,,,,,,,,,,,,,,,,,,,,,,,,,,,,,,,,,,,,,,,,,,,,,,,,,,,,,,,,,,,,,,,,,,,,,,,,,,,,,
217,PET,OG,#5,-,FT_1,20220.38081966899,2.0528947457742435,5.013551084699669,50000000,-1.2593789108487805,-2.0798136938914307,85.91944319999998,,,,,,,,,,,,,,,PP,SG,#9,-,MeOH_1,1.2971420129254776,9.251383825552624,144.50676593710494,-0.022215156010962432,-6.5650600254549945,-97.89389345987938,0.32256532886157946,164,,,,,,,,,,,,,,,PET,OG,#5,-,FT_1,1.9621234042082747,5.013551084699669,85.91944319999998,-1.1686075692828115,-2.717663148891546,-57.105018183849516,0.33536559296686025,164,,,,,,,,,,,,,,,,,,,,,,,,,,,,,,,,,,,,,,,,,,,,,,,,,,,,,,,,,,,,,,,,,,,,,,,,,,,,,,,,,,,,,,,,,,,,,,,,,,,,,,,,,,,,,,,,,,,,,,,,,,,,,,,,,,,,,,,,,,,,,,,,,,,,,,,,,,,,,,,,
218,PET,OG,#6,-,MeOH_1,4227.820102645359,0.7736682508629217,1.9721039530457667,50000000,-0.5309260278686864,0.036142755122784975,36.976879883357064,,,,,,,,,,,,,,,PP,SG,#10,-,FT_1,1.5331668913575855,11.014002102620811,152.93100240313697,-0.23410305490601188,-8.49809583891984,-110.21335158511513,0.27932629844022777,165,,,,,,,,,,,,,,,PET,OG,#9,-,MeOH_1,0.7984842843464044,3.8465566076503457,55.82671604335707,-0.5732586484324589,-1.6898980275837236,-42.68754612784031,0.23535631050396008,165,,,,,,,,,,,,,,,,,,,,,,,,,,,,,,,,,,,,,,,,,,,,,,,,,,,,,,,,,,,,,,,,,,,,,,,,,,,,,,,,,,,,,,,,,,,,,,,,,,,,,,,,,,,,,,,,,,,,,,,,,,,,,,,,,,,,,,,,,,,,,,,,,,,,,,,,,,,,,,,,
219,PET,OG,#7,-,FT_1,4437.656620488917,1.3074249752336038,2.1842178493181166,50000000,-0.7336449162744112,0.4248650150045741,50.83259636335707,,,,,,,,,,,,,,,PP,OG,#7,-,FT_1,0.8501751632247864,2.346137348843497,66.62877079252321,-0.14184517637330343,-0.17433370597472161,-41.41126599297753,0.37847771314993967,166,,,,,,,,,,,,,,,PET,OG,#10,-,FT_1,1.3973885519039864,4.1033351770178035,72.00183268335707,-0.8124001320370592,-1.8994315963574726,-51.24344070581248,0.28830366122531764,166,,,,,,,,,,,,,,,,,,,,,,,,,,,,,,,,,,,,,,,,,,,,,,,,,,,,,,,,,,,,,,,,,,,,,,,,,,,,,,,,,,,,,,,,,,,,,,,,,,,,,,,,,,,,,,,,,,,,,,,,,,,,,,,,,,,,,,,,,,,,,,,,,,,,,,,,,,,,,,,,
220,PET,OG,#8,-,H2_1,48436.01813567589,0.7689659989894971,1.8352358905976225,50000000,-0.3883840532785281,0.38926723568597493,39.75336939530639,,,,,,,,,,,,,,,PP,OG,#8,-,H2_1,0.7404466292205012,2.831753841079097,69.36769552746307,0.2801060997555919,-0.28364402508867265,-37.033980406696514,0.46612064700874273,167,,,,,,,,,,,,,,,PP,HT,#2,#5,FT_1,1.5765205041747394,7.096735704681887,117.13751079058636,-0.42920366547847905,-4.709063451093294,-74.40442828395108,0.36481125660107067,167,,,,,,,,,,,,,,,,,,,,,,,,,,,,,,,,,,,,,,,,,,,,,,,,,,,,,,,,,,,,,,,,,,,,,,,,,,,,,,,,,,,,,,,,,,,,,,,,,,,,,,,,,,,,,,,,,,,,,,,,,,,,,,,,,,,,,,,,,,,,,,,,,,,,,,,,,,,,,,,,
221,PET,OG,#9,-,MeOH_1,4035.148400451326,0.9137498366277762,3.8465566076503457,50000000,-0.6800754613069321,-1.8460203740675807,55.82671604335707,,,,,,,,,,,,,,,PVC,HT,#1,#1,DIESEL_1,0.7809947986656534,1.4703228596705877,28.23963195305905,-0.3014581987062299,-0.17137884965608657,-12.544597386787823,0.5557804220805741,168,,,,,,,,,,,,,,,PP,HT,#2,#11,FT_1,1.6080929728891402,7.312270599274436,121.11966350651898,-0.384422203294362,-4.8479713618084075,-78.08526667055095,0.35530479188997915,168,,,,,,,,,,,,,,,,,,,,,,,,,,,,,,,,,,,,,,,,,,,,,,,,,,,,,,,,,,,,,,,,,,,,,,,,,,,,,,,,,,,,,,,,,,,,,,,,,,,,,,,,,,,,,,,,,,,,,,,,,,,,,,,,,,,,,,,,,,,,,,,,,,,,,,,,,,,,,,,,
222,PET,OG,#10,-,FT_1,8108.978338839811,1.4978670367089262,4.1033351770178035,50000000,-0.9128786168419993,-1.4816183579049385,72.00183268335707,,,,,,,,,,,,,,,PVC,HT,#5,#3,DIESEL_1,0.9149927633368944,1.4002554826399476,32.249933639728994,-0.3081663550365438,-0.0006564864116248489,-14.333688809553774,0.555543618486831,169,,,,,,,,,,,,,,,PP,HT,#3,#4,MeOH_1,1.5253199938660424,6.967460549773571,120.01117117496733,-0.3239839699071422,-4.4108614098763885,-75.63146397056903,0.36979646786127934,169,,,,,,,,,,,,,,,,,,,,,,,,,,,,,,,,,,,,,,,,,,,,,,,,,,,,,,,,,,,,,,,,,,,,,,,,,,,,,,,,,,,,,,,,,,,,,,,,,,,,,,,,,,,,,,,,,,,,,,,,,,,,,,,,,,,,,,,,,,,,,,,,,,,,,,,,,,,,,,,,
223,PP,HT,#1,#1,MeOH_1,51545.60528929626,1.0395184530479833,2.87341769044136,50000000,-0.06345137957167139,0.13861654727818667,74.34146313634636,,,,,,,,,,,,,,,PVC,HT,#5,#7,DIESEL_1,0.8855166206802012,1.445644936718429,34.16192668144836,-0.2843534339210788,-0.049974333025955706,-16.69540415336371,0.5112862248946237,170,,,,,,,,,,,,,,,PP,HT,#3,#5,FT_1,1.668498770961363,7.769230280391456,123.79727501496737,-0.4460180263321419,-5.336500210404153,-80.79241689357906,0.34738129830554765,170,,,,,,,,,,,,,,,,,,,,,,,,,,,,,,,,,,,,,,,,,,,,,,,,,,,,,,,,,,,,,,,,,,,,,,,,,,,,,,,,,,,,,,,,,,,,,,,,,,,,,,,,,,,,,,,,,,,,,,,,,,,,,,,,,,,,,,,,,,,,,,,,,,,,,,,,,,,,,,,,
224,PP,HT,#1,#2,FT_1,28521.4435524307,1.1397620308434928,3.1255689074574673,50000000,-0.14490722274255802,0.17595052584861726,76.15525480237835,,,,,,,,,,,,,,,PVC,HT,#5,#9,DIESEL_1,0.8977573206821361,1.4505262087901696,35.33772035153469,-0.28636275525767785,-0.04899321108225495,-17.681174332847693,0.49965152938678986,171,,,,,,,,,,,,,,,PP,HT,#3,#11,FT_1,1.7000712396757638,7.984765174984002,127.7794277309,-0.4012365641480244,-5.475408121119262,-84.47325528017896,0.3389134950731088,171,,,,,,,,,,,,,,,,,,,,,,,,,,,,,,,,,,,,,,,,,,,,,,,,,,,,,,,,,,,,,,,,,,,,,,,,,,,,,,,,,,,,,,,,,,,,,,,,,,,,,,,,,,,,,,,,,,,,,,,,,,,,,,,,,,,,,,,,,,,,,,,,,,,,,,,,,,,,,,,,
225,PP,HT,#1,#3,DIESEL_1,159917.08539275633,1.0638720982285421,2.7424270745233716,50000000,0.26882779751009295,0.8594545758981764,71.86143347419498,,,,,,,,,,,,,,,PVC,LT,#5,#9,GASOLINE_1,0.9503473628964849,1.626154676534539,37.80824115780448,-0.30482533844268345,-0.20220806286446988,-17.827214975646672,0.5284833562809963,172,,,,,,,,,,,,,,,PP,HT,#4,#4,MeOH_1,1.5787957716673273,7.092214191858544,121.61617021496733,-0.3973163118113649,-4.564008334400363,-77.70062047903988,0.3610995943903088,172,,,,,,,,,,,,,,,,,,,,,,,,,,,,,,,,,,,,,,,,,,,,,,,,,,,,,,,,,,,,,,,,,,,,,,,,,,,,,,,,,,,,,,,,,,,,,,,,,,,,,,,,,,,,,,,,,,,,,,,,,,,,,,,,,,,,,,,,,,,,,,,,,,,,,,,,,,,,,,,,
226,PP,HT,#1,#4,MeOH_1,23675.348977939353,1.3544520717655217,5.783925573701432,50000000,-0.49190620734607166,-2.9438869501807665,108.19129193634635,,,,,,,,,,,,,,,PVC,LT,#6,#3,MeOH_1,1.0803019456923724,2.2631976702975187,42.92521638109725,-0.3007120520078028,-0.7553285099715972,-18.01599051561416,0.5802935422464692,173,,,,,,,,,,,,,,,PP,HT,#4,#5,FT_1,1.7219745487626483,7.893983922476429,125.40227405496735,-0.5193503682363653,-5.489647134928125,-82.8615734020499,0.33923388529836923,173,,,,,,,,,,,,,,,,,,,,,,,,,,,,,,,,,,,,,,,,,,,,,,,,,,,,,,,,,,,,,,,,,,,,,,,,,,,,,,,,,,,,,,,,,,,,,,,,,,,,,,,,,,,,,,,,,,,,,,,,,,,,,,,,,,,,,,,,,,,,,,,,,,,,,,,,,,,,,,,,
227,PP,HT,#1,#5,FT_1,25630.028443181895,1.490047408782708,6.585695304319316,50000000,-0.5016050522541744,-3.2930456848120735,111.97739577634634,,,,,,,,,,,,,,,PVC,LT,#6,#6,MeOH_1,0.9881356714399501,1.9609531537799287,40.716707390430805,-0.25562009937401314,-0.4910298790785921,-15.695179091495909,0.6145273010168653,174,,,,,,,,,,,,,,,PP,HT,#4,#10,MeOH_1,1.575274934111743,6.789597966440688,121.70167190486795,-0.3367529916574515,-4.22876632162099,-77.44773299400372,0.36362638424110366,174,,,,,,,,,,,,,,,,,,,,,,,,,,,,,,,,,,,,,,,,,,,,,,,,,,,,,,,,,,,,,,,,,,,,,,,,,,,,,,,,,,,,,,,,,,,,,,,,,,,,,,,,,,,,,,,,,,,,,,,,,,,,,,,,,,,,,,,,,,,,,,,,,,,,,,,,,,,,,,,,
228,PP,HT,#1,#6,Olefin,0,0.858729635922788,0.9613683619861093,50000000,-0.2819423017956697,2.0357241590530535,58.91169562428962,,,,,,,,,,,,,,,PVC,LT,#6,#7,MeOH_1,1.0638503179377825,2.3576846646089695,44.88011052712806,-0.2982457744492909,-0.8580068033608433,-20.468819620447835,0.5439222546460679,175,,,,,,,,,,,,,,,PP,HT,#4,#11,FT_1,1.7535470174770489,8.109518817068976,129.38442677089995,-0.4745689060522481,-5.628555045643236,-86.54241178864977,0.33112188268307,175,,,,,,,,,,,,,,,,,,,,,,,,,,,,,,,,,,,,,,,,,,,,,,,,,,,,,,,,,,,,,,,,,,,,,,,,,,,,,,,,,,,,,,,,,,,,,,,,,,,,,,,,,,,,,,,,,,,,,,,,,,,,,,,,,,,,,,,,,,,,,,,,,,,,,,,,,,,,,,,,
229,PP,HT,#1,#7,MeOH_1,60160.103309624814,1.0311523775604077,2.58817073242182,50000000,-0.02141935291862225,0.47145291389467625,74.46458562624699,,,,,,,,,,,,,,,PVC,LT,#6,#9,MeOH_1,1.0626547679932614,2.3289273312304575,46.54338187225239,-0.28314600600075496,-0.8225828093430781,-21.866643281781265,0.5301879149693368,176,,,,,,,,,,,,,,,PP,HT,#5,#5,FT_1,1.6556388317297461,7.54741046227304,122.92375502510642,-0.33222747075969294,-5.025749175720511,-78.24677070866461,0.3634528111130091,176,,,,,,,,,,,,,,,,,,,,,,,,,,,,,,,,,,,,,,,,,,,,,,,,,,,,,,,,,,,,,,,,,,,,,,,,,,,,,,,,,,,,,,,,,,,,,,,,,,,,,,,,,,,,,,,,,,,,,,,,,,,,,,,,,,,,,,,,,,,,,,,,,,,,,,,,,,,,,,,,
230,PP,HT,#1,#8,FT_1,54124.14313437621,1.1468530613017196,3.360602753867464,50000000,-0.07547485175297951,0.006171022112423778,80.648233292279,,,,,,,,,,,,,,,PVC,HT,#3,-,DIESEL_1,0.8916233786452329,2.5522247961748166,35.15247321206159,-0.2565452442300158,-1.1597520555370038,-10.035115724720185,0.7145260401968838,177,,,,,,,,,,,,,,,PP,HT,#6,#4,MeOH_1,1.6189978700735723,7.53192392924492,127.71042733496732,-0.42473202668846055,-4.957031782947381,-83.15155587173946,0.34890550750688454,177,,,,,,,,,,,,,,,,,,,,,,,,,,,,,,,,,,,,,,,,,,,,,,,,,,,,,,,,,,,,,,,,,,,,,,,,,,,,,,,,,,,,,,,,,,,,,,,,,,,,,,,,,,,,,,,,,,,,,,,,,,,,,,,,,,,,,,,,,,,,,,,,,,,,,,,,,,,,,,,,
231,PP,HT,#1,#9,DIESEL_1,162191.54071971806,1.0634980471935502,1.954535957961334,50000000,0.2987618357730622,1.6653103607690796,72.4629892274199,,,,,,,,,,,,,,,PVC,HT,#7,-,MeOH_1,0.8296475968153819,1.9207467615163865,32.93775174649637,-0.29183023581911194,-0.5653451401789439,-16.193842639878756,0.5083500912717481,178,,,,,,,,,,,,,,,PP,HT,#6,#5,FT_1,1.762176647168892,8.333693659862803,131.49653117496734,-0.5467660831134593,-5.882670583475143,-88.31250879474945,0.32840427039674425,178,,,,,,,,,,,,,,,,,,,,,,,,,,,,,,,,,,,,,,,,,,,,,,,,,,,,,,,,,,,,,,,,,,,,,,,,,,,,,,,,,,,,,,,,,,,,,,,,,,,,,,,,,,,,,,,,,,,,,,,,,,,,,,,,,,,,,,,,,,,,,,,,,,,,,,,,,,,,,,,,
232,PP,HT,#1,#10,MeOH_1,37090.36563739517,1.3516442092549423,5.481309348283575,50000000,-0.42457340989569214,-2.5577602633205347,108.27679362624697,,,,,,,,,,,,,,,PVC,LT,#3,-,GASOLINE_1,0.9239595161011835,1.6315295184561012,34.668003404555776,-0.29524495389465577,-0.21542520850767122,-14.749150803531423,0.5745601316748108,179,,,,,,,,,,,,,,,PP,HT,#6,#10,MeOH_1,1.6154770325179877,7.229307703827063,127.79592902486799,-0.3641687065345467,-4.621789770168009,-82.89866838670332,0.35131995972601016,179,,,,,,,,,,,,,,,,,,,,,,,,,,,,,,,,,,,,,,,,,,,,,,,,,,,,,,,,,,,,,,,,,,,,,,,,,,,,,,,,,,,,,,,,,,,,,,,,,,,,,,,,,,,,,,,,,,,,,,,,,,,,,,,,,,,,,,,,,,,,,,,,,,,,,,,,,,,,,,,,
233,PP,HT,#1,#11,FT_1,52372.802059908754,1.5213932849811438,6.801230198911863,50000000,-0.45659699755409205,-3.439390673260261,115.959548492279,,,,,,,,,,,,,,,PVC,LT,#9,-,GASOLINE_1,0.91254722287855,1.4769184649140246,35.09543197308448,-0.26572509209990924,-0.051646604707098004,-15.242743587627103,0.5656772767659015,180,,,,,,,,,,,,,,,PP,HT,#6,#11,FT_1,1.7937491158832937,8.54922855445535,135.4786838909,-0.501984620929343,-6.021578494190254,-91.99334718134935,0.32097548825148803,180,,,,,,,,,,,,,,,,,,,,,,,,,,,,,,,,,,,,,,,,,,,,,,,,,,,,,,,,,,,,,,,,,,,,,,,,,,,,,,,,,,,,,,,,,,,,,,,,,,,,,,,,,,,,,,,,,,,,,,,,,,,,,,,,,,,,,,,,,,,,,,,,,,,,,,,,,,,,,,,,
234,PP,HT,#2,#1,MeOH_1,51545.60528929626,1.1653586081711644,3.412110238080884,50000000,-0.2062353296766416,-0.2898487919004238,78.90097433954635,,,,,,,,,,,,,,,PVC,SG,#1,-,MeOH_1,0.6306723569444102,1.8806268638335246,31.44165865493168,-0.2049612599198636,-0.5479672232591987,-14.569915477300356,0.536604743496411,181,,,,,,,,,,,,,,,PP,HT,#7,#4,MeOH_1,1.6654092520312518,7.843339153301815,129.43219309496732,-0.46919871309313693,-5.291667453196339,-85.15447741313864,0.3420919836330141,181,,,,,,,,,,,,,,,,,,,,,,,,,,,,,,,,,,,,,,,,,,,,,,,,,,,,,,,,,,,,,,,,,,,,,,,,,,,,,,,,,,,,,,,,,,,,,,,,,,,,,,,,,,,,,,,,,,,,,,,,,,,,,,,,,,,,,,,,,,,,,,,,,,,,,,,,,,,,,,,,
235,PP,HT,#2,#2,FT_1,28521.4435524307,1.2656021859666726,3.664261455096992,50000000,-0.28769117284752665,-0.2525148133299932,80.71476600557834,,,,,,,,,,,,,,,PVC,SG,#2,-,FT_1,0.7449423813802823,2.1451503750468333,32.15640649493168,-0.30489264214876993,-0.90973736478515,-15.806766711648681,0.5084411339886482,182,,,,,,,,,,,,,,,PP,HT,#7,#5,FT_1,1.8085880291265723,8.645108883919699,133.21829693496733,-0.5912327695181367,-6.217306253724099,-90.31543033614862,0.3220493549753336,182,,,,,,,,,,,,,,,,,,,,,,,,,,,,,,,,,,,,,,,,,,,,,,,,,,,,,,,,,,,,,,,,,,,,,,,,,,,,,,,,,,,,,,,,,,,,,,,,,,,,,,,,,,,,,,,,,,,,,,,,,,,,,,,,,,,,,,,,,,,,,,,,,,,,,,,,,,,,,,,,
236,PP,HT,#2,#3,H2_1,159917.08539275633,1.1897122533517237,3.2811196221628953,50000000,0.12604384740512245,0.43098923671956657,76.42094467739498,,,,,,,,,,,,,,,PVC,SG,#3,-,H2_1,0.6306571420340851,2.216968181138067,33.54006506455463,0.08323544840372385,-0.6985112464900741,-11.632369735668638,0.6531798697086666,183,,,,,,,,,,,,,,,PP,HT,#7,#10,MeOH_1,1.6618884144756672,7.540722927883959,129.51769478486798,-0.40863539293922313,-4.956425440416965,-84.9015899281025,0.34447883689463354,183,,,,,,,,,,,,,,,,,,,,,,,,,,,,,,,,,,,,,,,,,,,,,,,,,,,,,,,,,,,,,,,,,,,,,,,,,,,,,,,,,,,,,,,,,,,,,,,,,,,,,,,,,,,,,,,,,,,,,,,,,,,,,,,,,,,,,,,,,,,,,,,,,,,,,,,,,,,,,,,,
237,PP,HT,#2,#4,MeOH_1,23675.348977939353,1.4802922268887029,6.322618121340958,50000000,-0.6346901574510417,-3.37235228935938,112.75080313954638,,,,,,,,,,,,,,,PVC,SG,#6,-,MeOH_1,0.6452647613717465,1.8249573411986366,34.98731006139432,-0.19499540103569074,-0.486623770182994,-17.799675226034104,0.49125339459364115,184,,,,,,,,,,,,,,,PP,HT,#7,#11,FT_1,1.8401604978409738,8.860643778512246,137.20044965089997,-0.5464513073340203,-6.356214164439211,-93.99626872274852,0.31489824587370097,184,,,,,,,,,,,,,,,,,,,,,,,,,,,,,,,,,,,,,,,,,,,,,,,,,,,,,,,,,,,,,,,,,,,,,,,,,,,,,,,,,,,,,,,,,,,,,,,,,,,,,,,,,,,,,,,,,,,,,,,,,,,,,,,,,,,,,,,,,,,,,,,,,,,,,,,,,,,,,,,,
238,PP,HT,#2,#5,FT_1,25630.028443181895,1.6158875639058876,7.124387851958841,50000000,-0.6443890023591431,-3.7215110239906846,116.53690697954633,,,,,,,,,,,,,,,PVC,SG,#7,-,FT_1,0.7594098815439064,2.376028746652511,37.35357420742632,-0.2990777647704539,-1.1161045438738442,-21.30138282455321,0.4297364234473108,185,,,,,,,,,,,,,,,PP,HT,#8,#4,MeOH_1,1.4126881657156316,5.602116538464152,105.08016827019142,-0.3661086509541691,-3.1322055074260984,-62.81780855802609,0.4021915876980385,185,,,,,,,,,,,,,,,,,,,,,,,,,,,,,,,,,,,,,,,,,,,,,,,,,,,,,,,,,,,,,,,,,,,,,,,,,,,,,,,,,,,,,,,,,,,,,,,,,,,,,,,,,,,,,,,,,,,,,,,,,,,,,,,,,,,,,,,,,,,,,,,,,,,,,,,,,,,,,,,,
239,PP,HT,#2,#6,Olefin,0,0.9845697910459693,1.5000609096256334,50000000,-0.42472625190064,1.6072588198744433,63.47120682748963,,,,,,,,,,,,,,,PVC,SG,#8,-,H2_1,0.6627480139686562,2.510215620857096,38.894403423204714,0.06807365134372759,-0.985736413008317,-17.207769291792022,0.5575772404950752,186,,,,,,,,,,,,,,,PP,HT,#8,#5,FT_1,1.5558669428109517,6.403886269082035,108.86627211019142,-0.4881427073791687,-4.057844307953861,-67.97876148103609,0.3755755555565467,186,,,,,,,,,,,,,,,,,,,,,,,,,,,,,,,,,,,,,,,,,,,,,,,,,,,,,,,,,,,,,,,,,,,,,,,,,,,,,,,,,,,,,,,,,,,,,,,,,,,,,,,,,,,,,,,,,,,,,,,,,,,,,,,,,,,,,,,,,,,,,,,,,,,,,,,,,,,,,,,,
240,PP,HT,#2,#7,MeOH_1,60160.103309624814,1.1569925326835893,3.126863280061344,50000000,-0.16420330302359276,0.04298757471606642,79.02409682944699,,,,,,,,,,,,,,,PS,HT,#6,-,MeOH_1,1.6015909044643923,4.113234110365592,95.37794085057011,-0.08086654938095365,-0.8446289757665104,-42.2631517498281,0.5568875635924837,187,,,,,,,,,,,,,,,PP,HT,#8,#11,FT_1,1.587439411525353,6.619421163674583,112.84842482612406,-0.44336124519505166,-4.196752218668972,-71.65959986763598,0.36499246685943104,187,,,,,,,,,,,,,,,,,,,,,,,,,,,,,,,,,,,,,,,,,,,,,,,,,,,,,,,,,,,,,,,,,,,,,,,,,,,,,,,,,,,,,,,,,,,,,,,,,,,,,,,,,,,,,,,,,,,,,,,,,,,,,,,,,,,,,,,,,,,,,,,,,,,,,,,,,,,,,,,,
241,PP,HT,#2,#8,FT_1,54124.14313437621,1.272693216424901,3.8992953015069878,50000000,-0.21825880185795002,-0.4222943170661861,85.20774449547898,,,,,,,,,,,,,,,PS,HT,#7,-,GASOLINE_1,1.6890718479526778,4.764721050646621,99.02858931660212,-0.15604903002130613,-1.5406414704795433,-46.47338859170459,0.530707355194917,188,,,,,,,,,,,,,,,PP,HT,#9,#4,MeOH_1,1.5080092006453227,6.014730338540532,108.16754488187141,-0.4913657928225048,-3.5537270539831507,-65.667756137632,0.39290702946667566,188,,,,,,,,,,,,,,,,,,,,,,,,,,,,,,,,,,,,,,,,,,,,,,,,,,,,,,,,,,,,,,,,,,,,,,,,,,,,,,,,,,,,,,,,,,,,,,,,,,,,,,,,,,,,,,,,,,,,,,,,,,,,,,,,,,,,,,,,,,,,,,,,,,,,,,,,,,,,,,,,
242,PP,HT,#2,#9,H2_1,162191.54071971806,1.1893382023167303,2.493228505600858,50000000,0.15597788566809329,1.2368450215904694,77.02250043061989,,,,,,,,,,,,,,,PS,LT,#4,-,GASOLINE_1,1.542283973719068,3.2367126956532477,83.45666577690355,-0.008766413379500192,-0.008542662060626744,-30.127140309950224,0.6390085797282373,189,,,,,,,,,,,,,,,PP,HT,#9,#5,FT_1,1.6511879777406433,6.816500069158415,111.95364872187142,-0.6133998492475046,-4.479365854510914,-70.828709060642,0.36733898475606536,189,,,,,,,,,,,,,,,,,,,,,,,,,,,,,,,,,,,,,,,,,,,,,,,,,,,,,,,,,,,,,,,,,,,,,,,,,,,,,,,,,,,,,,,,,,,,,,,,,,,,,,,,,,,,,,,,,,,,,,,,,,,,,,,,,,,,,,,,,,,,,,,,,,,,,,,,,,,,,,,,
243,PP,HT,#2,#10,MeOH_1,37090.36563739517,1.4774843643781232,6.0200018959231,50000000,-0.567357360000662,-2.9862256024991463,112.83630482944702,,,,,,,,,,,,,,,PS,LT,#6,-,MeOH_1,1.636727096961061,4.240224693245747,97.01770419087157,-0.11988361667866884,-0.9719758061905902,-43.399191796214076,0.5526672976013637,190,,,,,,,,,,,,,,,PP,HT,#9,#10,MeOH_1,1.5044883630897385,5.712114113122675,108.25304657177206,-0.4308024726685913,-3.218485041203778,-65.41486865259586,0.39572260805403175,190,,,,,,,,,,,,,,,,,,,,,,,,,,,,,,,,,,,,,,,,,,,,,,,,,,,,,,,,,,,,,,,,,,,,,,,,,,,,,,,,,,,,,,,,,,,,,,,,,,,,,,,,,,,,,,,,,,,,,,,,,,,,,,,,,,,,,,,,,,,,,,,,,,,,,,,,,,,,,,,,
244,PP,HT,#2,#11,FT_1,52372.802059908754,1.6472334401043252,7.339922746551388,50000000,-0.5993809476590625,-3.867856012438872,120.51905969547897,,,,,,,,,,,,,,,PS,LT,#7,-,GASOLINE_1,1.7254530600935558,4.904968966962777,100.70901809690358,-0.1998539633512982,-1.6836471416744805,-47.74064557234606,0.5259546118659466,191,,,,,,,,,,,,,,,PP,HT,#9,#11,FT_1,1.6827604464550447,7.032034963750963,115.93580143780407,-0.5686183870633883,-4.618273765226024,-74.50954744724191,0.35732063328846736,191,,,,,,,,,,,,,,,,,,,,,,,,,,,,,,,,,,,,,,,,,,,,,,,,,,,,,,,,,,,,,,,,,,,,,,,,,,,,,,,,,,,,,,,,,,,,,,,,,,,,,,,,,,,,,,,,,,,,,,,,,,,,,,,,,,,,,,,,,,,,,,,,,,,,,,,,,,,,,,,,
245,PP,HT,#3,#1,MeOH_1,76499.2183542186,1.2530299463836312,4.085576500894419,50000000,-0.1640920877836325,-0.944839910971267,85.56470777496735,,,,,,,,,,,,,,,PS,SG,#1,-,MeOH_1,0.7754021747988665,3.9537013765976323,77.71176083732654,0.18525511972020753,-0.8456949785603982,-39.94397799321374,0.485998289540393,192,,,,,,,,,,,,,,,PP,LT,#6,#5,DIESEL_1,1.7487181926951532,5.140558147116275,108.27218341023186,-0.3279782949795154,-2.5921633001728033,-59.57693546245203,0.449748461830484,192,,,,,,,,,,,,,,,,,,,,,,,,,,,,,,,,,,,,,,,,,,,,,,,,,,,,,,,,,,,,,,,,,,,,,,,,,,,,,,,,,,,,,,,,,,,,,,,,,,,,,,,,,,,,,,,,,,,,,,,,,,,,,,,,,,,,,,,,,,,,,,,,,,,,,,,,,,,,,,,,
246,PP,HT,#3,#2,FT_1,53475.05661735304,1.353273524179141,4.337727717910528,50000000,-0.2455479309545193,-0.9075059324008379,87.37849944099933,,,,,,,,,,,,,,,PS,SG,#2,-,FT_1,0.9514495429939438,4.588528613569978,79.88735443732654,0.012512198861504942,-1.7120988764697773,-43.956516391127984,0.4497687812955068,193,,,,,,,,,,,,,,,PP,LT,#7,#2,DIESEL_1,1.760823887895614,5.427273929320752,108.57548021023185,-0.35632098650656496,-2.9289126657318376,-61.24059421810217,0.4359629439397954,193,,,,,,,,,,,,,,,,,,,,,,,,,,,,,,,,,,,,,,,,,,,,,,,,,,,,,,,,,,,,,,,,,,,,,,,,,,,,,,,,,,,,,,,,,,,,,,,,,,,,,,,,,,,,,,,,,,,,,,,,,,,,,,,,,,,,,,,,,,,,,,,,,,,,,,,,,,,,,,,,
247,PP,HT,#3,#3,H2_1,184870.69845767866,1.27738359156419,3.954585884976432,50000000,0.16818708929813198,-0.22400188235127896,83.08467811281596,,,,,,,,,,,,,,,PS,SG,#3,-,H2_1,0.7074129214754012,4.585222893016057,71.82709538062574,0.6643091223425353,-1.2035664599950182,-24.148143899987684,0.6638017481839968,194,,,,,,,,,,,,,,,PP,LT,#7,#4,DIESEL_1,1.7711912849280673,5.557901037814992,110.2090690102319,-0.3737248282148349,-3.0519169382813,-62.892464682270585,0.42933494269485567,194,,,,,,,,,,,,,,,,,,,,,,,,,,,,,,,,,,,,,,,,,,,,,,,,,,,,,,,,,,,,,,,,,,,,,,,,,,,,,,,,,,,,,,,,,,,,,,,,,,,,,,,,,,,,,,,,,,,,,,,,,,,,,,,,,,,,,,,,,,,,,,,,,,,,,,,,,,,,,,,,
248,PP,HT,#3,#4,MeOH_1,48628.96204286168,1.5679635651011696,6.996084384154493,50000000,-0.5925469155580331,-4.027343408430223,119.41453657496733,,,,,,,,,,,,,,,PS,SG,#4,-,MeOH_1,1.151158784869477,8.309803115160461,124.35406643732652,-0.23498277652040384,-5.231161895270281,-87.66231173826544,0.2950587443600282,195,,,,,,,,,,,,,,,PP,LT,#7,#5,DIESEL_1,1.8218476695950958,5.671118403834779,111.20786005023187,-0.39488962731404514,-3.1607914724964274,-63.08017980043895,0.4327722899087705,195,,,,,,,,,,,,,,,,,,,,,,,,,,,,,,,,,,,,,,,,,,,,,,,,,,,,,,,,,,,,,,,,,,,,,,,,,,,,,,,,,,,,,,,,,,,,,,,,,,,,,,,,,,,,,,,,,,,,,,,,,,,,,,,,,,,,,,,,,,,,,,,,,,,,,,,,,,,,,,,,
249,PP,HT,#3,#5,FT_1,50583.64150810423,1.7035589021183541,7.797854114772376,50000000,-0.6022457604661338,-4.376502143061528,123.20064041496735,,,,,,,,,,,,,,,PS,SG,#6,-,MeOH_1,0.7873369683461661,3.712023133929189,80.9172939450494,0.24438431204294472,-0.566824599100998,-42.728847945682034,0.47194418074955613,196,,,,,,,,,,,,,,,PP,LT,#7,#8,DIESEL_1,1.767612776662139,5.365186058633487,108.28727753548021,-0.35994249042165816,-2.8608948026615226,-61.08099183644082,0.43593565904888776,196,,,,,,,,,,,,,,,,,,,,,,,,,,,,,,,,,,,,,,,,,,,,,,,,,,,,,,,,,,,,,,,,,,,,,,,,,,,,,,,,,,,,,,,,,,,,,,,,,,,,,,,,,,,,,,,,,,,,,,,,,,,,,,,,,,,,,,,,,,,,,,,,,,,,,,,,,,,,,,,,
250,PP,HT,#3,#6,Olefin,24953.613064922334,1.0722411292584357,2.17352717243917,50000000,-0.38258301000763095,0.9522677008035979,70.13494026291062,,,,,,,,,,,,,,,PS,SG,#7,-,FT_1,0.9662680906293895,4.806818489557282,85.51616561108138,0.02850997708291132,-1.8767358441274755,-50.10482166644425,0.4140894729270748,197,,,,,,,,,,,,,,,PP,LT,#7,#10,DIESEL_1,1.7629920364991376,5.526885705826645,110.53524138944822,-0.3585177190659382,-3.017542895575911,-63.19258138906989,0.4283037645304106,197,,,,,,,,,,,,,,,,,,,,,,,,,,,,,,,,,,,,,,,,,,,,,,,,,,,,,,,,,,,,,,,,,,,,,,,,,,,,,,,,,,,,,,,,,,,,,,,,,,,,,,,,,,,,,,,,,,,,,,,,,,,,,,,,,,,,,,,,,,,,,,,,,,,,,,,,,,,,,,,,
251,PP,HT,#3,#7,MeOH_1,85113.71637454715,1.2446638708960558,3.8003295428748802,50000000,-0.12206006113058379,-0.6120035443547794,85.68783026486797,,,,,,,,,,,,,,,PS,SG,#8,-,H2_1,0.7938742579195431,5.283546527601112,87.63362804431141,0.6962900839596815,-1.8312656770082198,-40.120411087306316,0.5421801883288493,198,,,,,,,,,,,,,,,PP,LT,#7,#11,DIESEL_1,1.7777044894863383,5.533748304832764,110.09638218944822,-0.37405612549267797,-3.03341058578565,-62.9196521153088,0.42850390844778274,198,,,,,,,,,,,,,,,,,,,,,,,,,,,,,,,,,,,,,,,,,,,,,,,,,,,,,,,,,,,,,,,,,,,,,,,,,,,,,,,,,,,,,,,,,,,,,,,,,,,,,,,,,,,,,,,,,,,,,,,,,,,,,,,,,,,,,,,,,,,,,,,,,,,,,,,,,,,,,,,,
252,PP,HT,#3,#8,FT_1,79077.75619929854,1.3603645546373675,4.572761564320524,50000000,-0.17611555996494047,-1.0772854361370316,91.87147793089996,,,,,,,,,,,,,,,PS,SG,#9,-,MeOH_1,1.2729731893729959,8.212263957310592,129.13418034504937,-0.28062634368654943,-5.09700827650944,-90.89495055736208,0.2961201262555835,199,,,,,,,,,,,,,,,PP,HT,#4,-,MeOH_1,1.353361635172815,4.0652525333300655,91.7452073798098,-0.34162004856408745,-1.5938937734105412,-53.30773351644438,0.4189589294211382,199,,,,,,,,,,,,,,,,,,,,,,,,,,,,,,,,,,,,,,,,,,,,,,,,,,,,,,,,,,,,,,,,,,,,,,,,,,,,,,,,,,,,,,,,,,,,,,,,,,,,,,,,,,,,,,,,,,,,,,,,,,,,,,,,,,,,,,,,,,,,,,,,,,,,,,,,,,,,,,,,
253,PP,HT,#3,#9,H2_1,187145.1537846404,1.2770095405291981,3.1666947684143945,50000000,0.19812112756110095,0.5818539025196245,83.68623386604088,,,,,,,,,,,,,,,PE,HT,#1,#1,MeOH_1,1.0812727121195025,2.739820066946581,75.02553626578532,0.3467562592543348,-0.008753356616047024,-24.01361984659789,0.6799273815047814,200,,,,,,,,,,,,,,,PP,OG,#2,-,FT_1,1.6726203736652476,3.753609208375001,88.38298863999998,-0.64183062236407,-1.4330938054486033,-50.7879278898748,0.4253653483393362,200,,,,,,,,,,,,,,,,,,,,,,,,,,,,,,,,,,,,,,,,,,,,,,,,,,,,,,,,,,,,,,,,,,,,,,,,,,,,,,,,,,,,,,,,,,,,,,,,,,,,,,,,,,,,,,,,,,,,,,,,,,,,,,,,,,,,,,,,,,,,,,,,,,,,,,,,,,,,,,,,
254,PP,HT,#3,#10,MeOH_1,62043.97870231751,1.5651557025905898,6.6934681587366365,50000000,-0.5252141181076528,-3.641216721569992,119.500038264868,,,,,,,,,,,,,,,PE,HT,#1,#2,FT_1,1.2084057929587901,3.5108255481763946,81.7509647318173,0.2184972861397054,-0.8913561360329956,-32.77795210498549,0.5990511890286185,201,,,,,,,,,,,,,,,PP,OG,#4,-,MeOH_1,1.0157502795561493,5.759154490941914,96.80473423999999,-0.44379145327857794,-3.4867275519887984,-70.32358494576144,0.273552213144721,201,,,,,,,,,,,,,,,,,,,,,,,,,,,,,,,,,,,,,,,,,,,,,,,,,,,,,,,,,,,,,,,,,,,,,,,,,,,,,,,,,,,,,,,,,,,,,,,,,,,,,,,,,,,,,,,,,,,,,,,,,,,,,,,,,,,,,,,,,,,,,,,,,,,,,,,,,,,,,,,,
255,PP,HT,#3,#11,FT_1,77326.4151248311,1.7349047783167915,8.013389009364921,50000000,-0.557237705766053,-4.522847131509714,127.18279313089997,,,,,,,,,,,,,,,PE,HT,#1,#3,DIESEL_1,1.115436937530771,2.9866640768248867,73.20069846714527,0.5680492079528457,-0.08019905914310932,-19.21803648700485,0.7374610230579904,202,,,,,,,,,,,,,,,PP,OG,#5,-,FT_1,1.973015298596898,6.969296316699843,122.75122544000001,-0.9473403513766375,-4.657146315760103,-84.10997005553465,0.31479323522805036,202,,,,,,,,,,,,,,,,,,,,,,,,,,,,,,,,,,,,,,,,,,,,,,,,,,,,,,,,,,,,,,,,,,,,,,,,,,,,,,,,,,,,,,,,,,,,,,,,,,,,,,,,,,,,,,,,,,,,,,,,,,,,,,,,,,,,,,,,,,,,,,,,,,,,,,,,,,,,,,,,
256,PP,HT,#4,#1,MeOH_1,51545.60528929626,1.297115457878166,4.210330142979392,50000000,-0.22851796978839017,-1.1471212309363916,87.16970681496734,,,,,,,,,,,,,,,PE,HT,#1,#4,MeOH_1,1.3860948960450221,5.306914419589095,104.9146562657853,-0.012366686670209504,-2.614238737335127,-55.02150471025589,0.4755594054383852,203,,,,,,,,,,,,,,,PP,OG,#9,-,MeOH_1,0.9706363283814373,5.237517140817601,99.37936423252322,-0.35300975890604935,-2.9537771002587534,-74.2401895400311,0.25296171782375915,203,,,,,,,,,,,,,,,,,,,,,,,,,,,,,,,,,,,,,,,,,,,,,,,,,,,,,,,,,,,,,,,,,,,,,,,,,,,,,,,,,,,,,,,,,,,,,,,,,,,,,,,,,,,,,,,,,,,,,,,,,,,,,,,,,,,,,,,,,,,,,,,,,,,,,,,,,,,,,,,,
257,PP,HT,#4,#2,FT_1,28521.4435524307,1.397359035673676,4.4624813599955,50000000,-0.3099738129592771,-1.1097872523659627,88.98349848099932,,,,,,,,,,,,,,,PE,HT,#1,#5,FT_1,1.5362018832679918,6.485859998984656,112.05916633181731,-0.11379239539208584,-3.8701666731973225,-63.431786617906845,0.43394379331647354,204,,,,,,,,,,,,,,,PP,OG,#10,-,FT_1,1.1166192760645544,5.83040360087723,103.2814562325232,-0.3328872607444556,-3.6022475217535423,-75.69644846365122,0.2670857748826502,204,,,,,,,,,,,,,,,,,,,,,,,,,,,,,,,,,,,,,,,,,,,,,,,,,,,,,,,,,,,,,,,,,,,,,,,,,,,,,,,,,,,,,,,,,,,,,,,,,,,,,,,,,,,,,,,,,,,,,,,,,,,,,,,,,,,,,,,,,,,,,,,,,,,,,,,,,,,,,,,,
258,PP,HT,#4,#3,DIESEL_1,159917.08539275633,1.3214691030587253,4.0793395270614035,50000000,0.10376120729337401,-0.4262832023164019,84.68967715281597,,,,,,,,,,,,,,,PE,HT,#1,#7,MeOH_1,1.087367578906675,2.783361038525662,76.0405189598677,0.35639111852791117,-0.03994783195335925,-25.460450336127504,0.66517258582145,205,,,,,,,,,,,,,,,PVC,HT,#1,#2,DIESEL_1,1.1670954713122577,1.7095954200204537,38.71344411305905,-0.5667557200963075,-0.3822917901807618,-17.970117805763262,0.5358171245812388,205,,,,,,,,,,,,,,,,,,,,,,,,,,,,,,,,,,,,,,,,,,,,,,,,,,,,,,,,,,,,,,,,,,,,,,,,,,,,,,,,,,,,,,,,,,,,,,,,,,,,,,,,,,,,,,,,,,,,,,,,,,,,,,,,,,,,,,,,,,,,,,,,,,,,,,,,,,,,,,,,
259,PP,HT,#4,#4,MeOH_1,23675.348977939353,1.612049076595705,7.120838026239466,50000000,-0.6569727975627907,-4.229624728395348,121.01953561496735,,,,,,,,,,,,,,,PE,HT,#1,#8,FT_1,1.235478270691181,3.614650736068261,83.18128022589968,0.18854013649665263,-0.9943729063750005,-34.331006812373644,0.5872748445426764,206,,,,,,,,,,,,,,,PVC,HT,#1,#4,DIESEL_1,0.8804409650219652,1.9111313864060586,33.48638235305906,-0.4550482533849725,-0.6509235676934767,-17.929888600608393,0.4645617907731242,206,,,,,,,,,,,,,,,,,,,,,,,,,,,,,,,,,,,,,,,,,,,,,,,,,,,,,,,,,,,,,,,,,,,,,,,,,,,,,,,,,,,,,,,,,,,,,,,,,,,,,,,,,,,,,,,,,,,,,,,,,,,,,,,,,,,,,,,,,,,,,,,,,,,,,,,,,,,,,,,,
260,PP,HT,#4,#5,FT_1,25630.028443181895,1.7476444136128892,7.922607756857348,50000000,-0.6666716424708915,-4.578783463026651,124.80563945496735,,,,,,,,,,,,,,,PE,HT,#1,#9,DIESEL_1,1.1431500477642,3.0292933832347866,74.93275572773791,0.5652898244152524,-0.10968047385737359,-20.15880009090662,0.7309747933980704,207,,,,,,,,,,,,,,,PVC,HT,#1,#5,DIESEL_1,1.2460336976927575,2.1244546907103223,42.95805115305905,-0.6551631298286041,-0.8059807988815624,-22.59704746872052,0.47397410119450034,207,,,,,,,,,,,,,,,,,,,,,,,,,,,,,,,,,,,,,,,,,,,,,,,,,,,,,,,,,,,,,,,,,,,,,,,,,,,,,,,,,,,,,,,,,,,,,,,,,,,,,,,,,,,,,,,,,,,,,,,,,,,,,,,,,,,,,,,,,,,,,,,,,,,,,,,,,,,,,,,,
261,PP,HT,#4,#6,Olefin,0,1.1163266407529713,2.2982808145241425,50000000,-0.4470088920123888,0.7499863808384737,71.7399393029106,,,,,,,,,,,,,,,PE,HT,#1,#10,MeOH_1,1.4347526891772786,5.6528256811222395,109.36027095986766,-0.054830521700337725,-2.9564195562885525,-59.49500816409739,0.4559723778854709,208,,,,,,,,,,,,,,,PVC,HT,#1,#11,DIESEL_1,0.872294044331237,1.3496627787997741,32.47765466005381,-0.3763546464335192,-0.056067652250589725,-16.8749264270997,0.4804142539314832,208,,,,,,,,,,,,,,,,,,,,,,,,,,,,,,,,,,,,,,,,,,,,,,,,,,,,,,,,,,,,,,,,,,,,,,,,,,,,,,,,,,,,,,,,,,,,,,,,,,,,,,,,,,,,,,,,,,,,,,,,,,,,,,,,,,,,,,,,,,,,,,,,,,,,,,,,,,,,,,,,
262,PP,HT,#4,#7,MeOH_1,60160.103309624814,1.2887493823905911,3.9250831849598526,50000000,-0.18648594313534148,-0.814284864319903,87.29282930486798,,,,,,,,,,,,,,,PE,HT,#1,#11,FT_1,1.5884910205873752,6.859928299041642,116.27753462589968,-0.17068299431648457,-4.244546367122585,-67.91197968361762,0.4159492639561787,209,,,,,,,,,,,,,,,PVC,HT,#2,#1,Olefin,0.8606993350360285,1.703039123035664,30.573641406179057,-0.42274428317028867,-0.4171512943179041,-14.689448220063959,0.5195388071407431,209,,,,,,,,,,,,,,,,,,,,,,,,,,,,,,,,,,,,,,,,,,,,,,,,,,,,,,,,,,,,,,,,,,,,,,,,,,,,,,,,,,,,,,,,,,,,,,,,,,,,,,,,,,,,,,,,,,,,,,,,,,,,,,,,,,,,,,,,,,,,,,,,,,,,,,,,,,,,,,,,
263,PP,HT,#4,#8,FT_1,54124.14313437621,1.4044500661319024,4.697515206405496,50000000,-0.24054144196969815,-1.279566756102155,93.47647697089998,,,,,,,,,,,,,,,PE,HT,#2,#1,MeOH_1,1.167863875412158,3.1470315283126373,79.45125926434532,0.1971259256473847,-0.43503645898452165,-28.162201328102835,0.6455411583294949,210,,,,,,,,,,,,,,,PVC,HT,#2,#2,FT_1,1.2468000076826324,1.9423116833855298,41.047453566179044,-0.688041804560366,-0.6280642348425793,-20.11496863903939,0.5099581851865941,210,,,,,,,,,,,,,,,,,,,,,,,,,,,,,,,,,,,,,,,,,,,,,,,,,,,,,,,,,,,,,,,,,,,,,,,,,,,,,,,,,,,,,,,,,,,,,,,,,,,,,,,,,,,,,,,,,,,,,,,,,,,,,,,,,,,,,,,,,,,,,,,,,,,,,,,,,,,,,,,,
264,PP,HT,#4,#9,DIESEL_1,162191.54071971806,1.3210950520237332,3.2914484104993673,50000000,0.13369524555634343,0.3795725825544998,85.29123290604089,,,,,,,,,,,,,,,PE,HT,#2,#2,FT_1,1.2949969562514456,3.9180370095424517,86.17668773037731,0.06886695253275577,-1.3176392384014708,-36.92653358649043,0.5715020551494948,211,,,,,,,,,,,,,,,PVC,HT,#2,#4,Olefin,0.9601455013923402,2.1438476497711347,35.820391806179046,-0.5763343378490311,-0.8966960123552943,-20.074739433884517,0.4395723100264468,211,,,,,,,,,,,,,,,,,,,,,,,,,,,,,,,,,,,,,,,,,,,,,,,,,,,,,,,,,,,,,,,,,,,,,,,,,,,,,,,,,,,,,,,,,,,,,,,,,,,,,,,,,,,,,,,,,,,,,,,,,,,,,,,,,,,,,,,,,,,,,,,,,,,,,,,,,,,,,,,,
265,PP,HT,#4,#10,MeOH_1,37090.36563739517,1.6092412140851253,6.818221800821609,50000000,-0.589640000112411,-3.8434980415351165,121.10503730486799,,,,,,,,,,,,,,,PE,HT,#2,#3,H2_1,1.202028100823427,3.3938755381909425,77.62642146570528,0.4184188743458955,-0.5064821615115833,-23.366617968509782,0.6989862790617887,212,,,,,,,,,,,,,,,PVC,HT,#2,#5,FT_1,1.3257382340631325,2.3571709540753982,45.292060606179035,-0.7764492142926624,-1.0517532435433798,-24.741898301996635,0.4537254880688475,212,,,,,,,,,,,,,,,,,,,,,,,,,,,,,,,,,,,,,,,,,,,,,,,,,,,,,,,,,,,,,,,,,,,,,,,,,,,,,,,,,,,,,,,,,,,,,,,,,,,,,,,,,,,,,,,,,,,,,,,,,,,,,,,,,,,,,,,,,,,,,,,,,,,,,,,,,,,,,,,,
266,PP,HT,#4,#11,FT_1,52372.802059908754,1.7789902898113263,8.138142651449895,50000000,-0.6216635877708105,-4.725128451474839,128.7877921709,,,,,,,,,,,,,,,PE,HT,#2,#4,MeOH_1,1.4726860593376783,5.714125880955152,109.3403792643453,-0.16199702027716,-3.0405218397036022,-59.17008619176082,0.45884506172500966,213,,,,,,,,,,,,,,,PVC,HT,#2,#10,Olefin,0.8997088052385535,1.3681707288650933,33.180296703141806,-0.44660536168162845,-0.08492356691891939,-17.31873335469445,0.4780416368894447,213,,,,,,,,,,,,,,,,,,,,,,,,,,,,,,,,,,,,,,,,,,,,,,,,,,,,,,,,,,,,,,,,,,,,,,,,,,,,,,,,,,,,,,,,,,,,,,,,,,,,,,,,,,,,,,,,,,,,,,,,,,,,,,,,,,,,,,,,,,,,,,,,,,,,,,,,,,,,,,,,
267,PP,HT,#5,#1,MeOH_1,94373.72154762047,1.240070813793669,3.8637566827760046,50000000,-0.07572885913566153,-0.6184541959301445,84.6911877851064,,,,,,,,,,,,,,,PE,HT,#2,#5,FT_1,1.6227930465606477,6.893071460350712,116.48488933037731,-0.27340436175449523,-4.299528581849583,-68.00725999027101,0.41617096963205985,214,,,,,,,,,,,,,,,PVC,HT,#2,#11,Olefin,0.9519985807016119,1.5823790421648505,34.81166411317381,-0.49764073089757777,-0.3018400969124079,-19.01977726037583,0.453637803738944,214,,,,,,,,,,,,,,,,,,,,,,,,,,,,,,,,,,,,,,,,,,,,,,,,,,,,,,,,,,,,,,,,,,,,,,,,,,,,,,,,,,,,,,,,,,,,,,,,,,,,,,,,,,,,,,,,,,,,,,,,,,,,,,,,,,,,,,,,,,,,,,,,,,,,,,,,,,,,,,,,
268,PP,HT,#5,#2,FT_1,71349.55981075492,1.3403143915891789,4.115907899792114,50000000,-0.15718470230654846,-0.5811202173597151,86.5049794511384,,,,,,,,,,,,,,,PE,HT,#2,#7,MeOH_1,1.1739587421993307,3.1905724998917186,80.4662419584277,0.1967791521655019,-0.46930974060561953,-30.03592370849164,0.6267264013148585,215,,,,,,,,,,,,,,,PVC,HT,#3,#1,MeOH_1,0.921017233182204,2.156028077165836,35.03243249142132,-0.3988071749708219,-0.7974249222083679,-18.599133142450473,0.4690881614628103,215,,,,,,,,,,,,,,,,,,,,,,,,,,,,,,,,,,,,,,,,,,,,,,,,,,,,,,,,,,,,,,,,,,,,,,,,,,,,,,,,,,,,,,,,,,,,,,,,,,,,,,,,,,,,,,,,,,,,,,,,,,,,,,,,,,,,,,,,,,,,,,,,,,,,,,,,,,,,,,,,
269,PP,HT,#5,#3,H2_1,202745.20165108054,1.2644244589742295,3.7327660668580167,50000000,0.2565503179461012,0.10238383268984466,82.21115812295504,,,,,,,,,,,,,,,PE,HT,#2,#8,FT_1,1.3220694339838366,4.021862197434318,87.60700322445969,0.02892817013424377,-1.4237348150272608,-38.90648018473777,0.5558976023291804,216,,,,,,,,,,,,,,,PVC,HT,#3,#2,MeOH_1,1.3071179058288085,2.3953006375157013,45.506244651421305,-0.6641046963608996,-1.0083378627330422,-24.024653561425904,0.4720580934450819,216,,,,,,,,,,,,,,,,,,,,,,,,,,,,,,,,,,,,,,,,,,,,,,,,,,,,,,,,,,,,,,,,,,,,,,,,,,,,,,,,,,,,,,,,,,,,,,,,,,,,,,,,,,,,,,,,,,,,,,,,,,,,,,,,,,,,,,,,,,,,,,,,,,,,,,,,,,,,,,,,
270,PP,HT,#5,#4,MeOH_1,66503.46523626357,1.5550044325112078,6.774264566036079,50000000,-0.5041836869100619,-3.700957693389101,118.5410165851064,,,,,,,,,,,,,,,PE,HT,#2,#9,H2_1,1.2297412110568555,3.436504844600842,79.35847872629789,0.405677858052844,-0.5390423825096327,-24.73427346327074,0.6883222327310784,217,,,,,,,,,,,,,,,PVC,HT,#3,#3,MeOH_1,0.9146500190708441,1.5341843443514698,32.72602153066471,-0.3619487949141826,-0.16720835988766164,-15.742536533535526,0.5189596597073506,217,,,,,,,,,,,,,,,,,,,,,,,,,,,,,,,,,,,,,,,,,,,,,,,,,,,,,,,,,,,,,,,,,,,,,,,,,,,,,,,,,,,,,,,,,,,,,,,,,,,,,,,,,,,,,,,,,,,,,,,,,,,,,,,,,,,,,,,,,,,,,,,,,,,,,,,,,,,,,,,,
271,PP,HT,#5,#5,FT_1,68458.14470150611,1.6905997695283936,7.57603429665396,50000000,-0.5138825318181646,-4.050116428020403,122.32712042510639,,,,,,,,,,,,,,,PE,HT,#2,#10,MeOH_1,1.5213438524699343,6.060037142488296,113.7859939584277,-0.21444248806274685,-3.385781464940812,-64.07048153646157,0.43692119471338403,218,,,,,,,,,,,,,,,PVC,HT,#3,#4,MeOH_1,1.020463399538516,2.5968366039013064,40.279182891421314,-0.5523972296495645,-1.2769696402457573,-23.984424356271038,0.4045454094507152,218,,,,,,,,,,,,,,,,,,,,,,,,,,,,,,,,,,,,,,,,,,,,,,,,,,,,,,,,,,,,,,,,,,,,,,,,,,,,,,,,,,,,,,,,,,,,,,,,,,,,,,,,,,,,,,,,,,,,,,,,,,,,,,,,,,,,,,,,,,,,,,,,,,,,,,,,,,,,,,,,
272,PP,HT,#5,#6,Olefin,42828.11625832422,1.059281996668475,1.9517073543207548,50000000,-0.29421978135966115,1.2786534158447218,69.26142027304968,,,,,,,,,,,,,,,PE,HT,#3,#1,MeOH_1,1.2511272794496806,3.879433076880131,86.6665201561461,0.2382178048517501,-1.0557906761896283,-34.61963123085851,0.6005420412809387,219,,,,,,,,,,,,,,,PVC,HT,#3,#5,FT_1,1.3860561322093081,2.81015990820557,49.75085169142131,-0.752512106093196,-1.432026871433843,-28.651583224383153,0.42409863850986823,219,,,,,,,,,,,,,,,,,,,,,,,,,,,,,,,,,,,,,,,,,,,,,,,,,,,,,,,,,,,,,,,,,,,,,,,,,,,,,,,,,,,,,,,,,,,,,,,,,,,,,,,,,,,,,,,,,,,,,,,,,,,,,,,,,,,,,,,,,,,,,,,,,,,,,,,,,,,,,,,,
273,PP,HT,#5,#7,MeOH_1,102988.21956794904,1.2317047383060933,3.5785097247564654,50000000,-0.03369683248261211,-0.2856178293136552,84.81431027500703,,,,,,,,,,,,,,,PE,HT,#3,#2,FT_1,1.378260360288968,4.650438558109945,93.39194862217806,0.10995883173712144,-1.9383934556065767,-43.383963489246085,0.5354635583763421,220,,,,,,,,,,,,,,,PVC,HT,#3,#7,MeOH_1,0.8851738764141512,1.5795737984299505,34.63801457238407,-0.338135873798718,-0.21652620650199159,-18.104251877345455,0.477329976880965,220,,,,,,,,,,,,,,,,,,,,,,,,,,,,,,,,,,,,,,,,,,,,,,,,,,,,,,,,,,,,,,,,,,,,,,,,,,,,,,,,,,,,,,,,,,,,,,,,,,,,,,,,,,,,,,,,,,,,,,,,,,,,,,,,,,,,,,,,,,,,,,,,,,,,,,,,,,,,,,,,
274,PP,HT,#5,#8,FT_1,96952.25939270043,1.3474054220474052,4.35094174620211,50000000,-0.08775233131696963,-0.7508997210959074,90.99795794103903,,,,,,,,,,,,,,,PE,HT,#3,#3,H2_1,1.285291504860949,4.126277086758438,84.84168235750604,0.45951075355026116,-1.1272363787166912,-29.82404787126545,0.6484741103365582,221,,,,,,,,,,,,,,,PVC,HT,#3,#8,MeOH_1,0.9519501845268333,1.7333932805505425,36.21297583841608,-0.41212606372779653,-0.3792861690183157,-19.75437723867815,0.45449450697387955,221,,,,,,,,,,,,,,,,,,,,,,,,,,,,,,,,,,,,,,,,,,,,,,,,,,,,,,,,,,,,,,,,,,,,,,,,,,,,,,,,,,,,,,,,,,,,,,,,,,,,,,,,,,,,,,,,,,,,,,,,,,,,,,,,,,,,,,,,,,,,,,,,,,,,,,,,,,,,,,,,
275,PP,HT,#5,#9,H2_1,205019.65697804227,1.2640504079392363,2.9448749502959792,50000000,0.2864843562090718,0.9082396175607481,82.81271387617994,,,,,,,,,,,,,,,PE,HT,#3,#4,MeOH_1,1.5559494633752007,6.446527429522645,116.55564015614608,-0.12090514107279461,-3.661276056908707,-65.6275160945165,0.4369425966294099,222,,,,,,,,,,,,,,,PVC,HT,#3,#9,MeOH_1,0.8974145764160862,1.5844550705016913,35.8138082424704,-0.34014519513531705,-0.21554508455829113,-19.090022056829437,0.466964754834667,222,,,,,,,,,,,,,,,,,,,,,,,,,,,,,,,,,,,,,,,,,,,,,,,,,,,,,,,,,,,,,,,,,,,,,,,,,,,,,,,,,,,,,,,,,,,,,,,,,,,,,,,,,,,,,,,,,,,,,,,,,,,,,,,,,,,,,,,,,,,,,,,,,,,,,,,,,,,,,,,,
276,PP,HT,#5,#10,MeOH_1,79918.4818957194,1.5521965700006297,6.471648340618222,50000000,-0.43685088945968376,-3.314831006528869,118.62651827500704,,,,,,,,,,,,,,,PE,HT,#3,#5,FT_1,1.7060564505981695,7.625473008918205,123.70015022217805,-0.22233084979467038,-4.9172039927709035,-74.03779800216743,0.4014736613562068,223,,,,,,,,,,,,,,,PVC,HT,#3,#10,MeOH_1,0.9600267033847292,1.8211596829952652,37.639087788384074,-0.42266825348216175,-0.46519719480938254,-21.228418277080984,0.4360007235979733,223,,,,,,,,,,,,,,,,,,,,,,,,,,,,,,,,,,,,,,,,,,,,,,,,,,,,,,,,,,,,,,,,,,,,,,,,,,,,,,,,,,,,,,,,,,,,,,,,,,,,,,,,,,,,,,,,,,,,,,,,,,,,,,,,,,,,,,,,,,,,,,,,,,,,,,,,,,,,,,,,
277,PP,HT,#5,#11,FT_1,95200.91831823297,1.721945645726831,7.7915691912465075,50000000,-0.4688744771180839,-4.1964614164685905,126.30927314103903,,,,,,,,,,,,,,,PE,HT,#3,#7,MeOH_1,1.257222146236853,3.922974048459212,87.6815028502285,0.2478526641253268,-1.0869851515269404,-36.06646172038813,0.5886651055468977,224,,,,,,,,,,,,,,,PVC,HT,#3,#11,MeOH_1,1.012316478847788,2.0353679962950224,39.27045519841608,-0.47370362269811145,-0.682113724802871,-22.92946218276235,0.4161141736985218,224,,,,,,,,,,,,,,,,,,,,,,,,,,,,,,,,,,,,,,,,,,,,,,,,,,,,,,,,,,,,,,,,,,,,,,,,,,,,,,,,,,,,,,,,,,,,,,,,,,,,,,,,,,,,,,,,,,,,,,,,,,,,,,,,,,,,,,,,,,,,,,,,,,,,,,,,,,,,,,,,
278,PP,HT,#6,#1,MeOH_1,60797.15038226909,1.337191433418811,4.650039880365766,50000000,-0.30362991056895455,-1.6016013076347562,93.26396393496732,,,,,,,,,,,,,,,PE,HT,#3,#8,FT_1,1.4053328380213588,4.754263746001812,94.82226411626047,0.08000168209406837,-2.0414102259485825,-44.937018196634256,0.5260921196572832,225,,,,,,,,,,,,,,,PVC,HT,#4,#1,DIESEL_1,0.9635580428161137,2.2587410992183656,36.16228783745332,-0.4681360002893515,-0.938585084183014,-20.225848540374123,0.44069223077677644,225,,,,,,,,,,,,,,,,,,,,,,,,,,,,,,,,,,,,,,,,,,,,,,,,,,,,,,,,,,,,,,,,,,,,,,,,,,,,,,,,,,,,,,,,,,,,,,,,,,,,,,,,,,,,,,,,,,,,,,,,,,,,,,,,,,,,,,,,,,,,,,,,,,,,,,,,,,,,,,,,
279,PP,HT,#6,#2,FT_1,37772.98864540352,1.4374350112143206,4.902191097381875,50000000,-0.3850857537398411,-1.5642673290643279,95.07775560099935,,,,,,,,,,,,,,,PE,HT,#3,#9,H2_1,1.313004615094378,4.168906393168336,86.57373961809868,0.45675137001266847,-1.1567177934309547,-30.764811475167217,0.6446403769678943,226,,,,,,,,,,,,,,,PVC,HT,#4,#2,FT_1,1.3496587154627182,2.498013659568232,46.636099997453314,-0.7334335216794295,-1.1494980247076894,-25.651368959349565,0.4499675367204735,226,,,,,,,,,,,,,,,,,,,,,,,,,,,,,,,,,,,,,,,,,,,,,,,,,,,,,,,,,,,,,,,,,,,,,,,,,,,,,,,,,,,,,,,,,,,,,,,,,,,,,,,,,,,,,,,,,,,,,,,,,,,,,,,,,,,,,,,,,,,,,,,,,,,,,,,,,,,,,,,,
280,PP,HT,#6,#3,MeOH_1,169168.63048572914,1.36154507859937,4.519049264447777,50000000,0.02864926651280996,-0.8807632790147665,90.78393427281597,,,,,,,,,,,,,,,PE,HT,#3,#10,MeOH_1,1.6046072565074563,6.79243869105579,121.00125485022845,-0.16336897610292198,-4.003456875862134,-70.101019548358,0.42065873915831004,227,,,,,,,,,,,,,,,PVC,HT,#4,#3,DIESEL_1,0.9571908287047539,1.6368973664039999,33.855876876696705,-0.4312776202327123,-0.30836852186230806,-17.369251931459168,0.4869649368492779,227,,,,,,,,,,,,,,,,,,,,,,,,,,,,,,,,,,,,,,,,,,,,,,,,,,,,,,,,,,,,,,,,,,,,,,,,,,,,,,,,,,,,,,,,,,,,,,,,,,,,,,,,,,,,,,,,,,,,,,,,,,,,,,,,,,,,,,,,,,,,,,,,,,,,,,,,,,,,,,,,
281,PP,HT,#6,#4,MeOH_1,32926.89407091217,1.6521250521363497,7.560547763625838,50000000,-0.7320847383433547,-4.68410480509371,127.11379273496736,,,,,,,,,,,,,,,PE,HT,#3,#11,FT_1,1.758345587917553,7.999541308975194,127.91851851626048,-0.2792214487190691,-5.291583686696168,-78.51799106787824,0.3861874576205527,228,,,,,,,,,,,,,,,PVC,HT,#4,#4,DIESEL_1,1.0630042091724254,2.6995496259538365,41.409038237453316,-0.621726054968094,-1.4181298022204039,-25.611139754194692,0.38150846181619036,228,,,,,,,,,,,,,,,,,,,,,,,,,,,,,,,,,,,,,,,,,,,,,,,,,,,,,,,,,,,,,,,,,,,,,,,,,,,,,,,,,,,,,,,,,,,,,,,,,,,,,,,,,,,,,,,,,,,,,,,,,,,,,,,,,,,,,,,,,,,,,,,,,,,,,,,,,,,,,,,,
282,PP,HT,#6,#5,FT_1,34881.57353615471,1.7877203891535345,8.362317494243722,50000000,-0.7417835832514562,-5.033263539725017,130.89989657496733,,,,,,,,,,,,,,,PE,HT,#4,#1,MeOH_1,1.3115930522206416,4.066027425782801,88.8766649421781,0.13525196095389647,-1.3024021794933922,-37.722234682029,0.575566491985601,229,,,,,,,,,,,,,,,PVC,HT,#4,#5,FT_1,1.4285969418432178,2.9128729302581,50.88070703745332,-0.8218409314117255,-1.5731870334084894,-30.278298622306814,0.4049159222567615,229,,,,,,,,,,,,,,,,,,,,,,,,,,,,,,,,,,,,,,,,,,,,,,,,,,,,,,,,,,,,,,,,,,,,,,,,,,,,,,,,,,,,,,,,,,,,,,,,,,,,,,,,,,,,,,,,,,,,,,,,,,,,,,,,,,,,,,,,,,,,,,,,,,,,,,,,,,,,,,,,
283,PP,HT,#6,#6,Olefin,9251.545092972821,1.1564026162936158,2.737990551910517,50000000,-0.5221208327929531,0.2955063041401082,77.83419642291061,,,,,,,,,,,,,,,PE,HT,#4,#2,FT_1,1.438726133059929,4.837032907012615,95.60209340821008,0.006992987839267926,-2.185004958910341,-46.4865669404166,0.513749487242667,230,,,,,,,,,,,,,,,PVC,HT,#4,#6,DIESEL_1,0.8497530685193876,1.3966108789635605,32.2773045448285,-0.34644999768116974,-0.08329463592827946,-15.927837959461467,0.5065313481384417,230,,,,,,,,,,,,,,,,,,,,,,,,,,,,,,,,,,,,,,,,,,,,,,,,,,,,,,,,,,,,,,,,,,,,,,,,,,,,,,,,,,,,,,,,,,,,,,,,,,,,,,,,,,,,,,,,,,,,,,,,,,,,,,,,,,,,,,,,,,,,,,,,,,,,,,,,,,,,,,,,
284,PP,HT,#6,#7,MeOH_1,69411.64840259764,1.3288253579312357,4.364792922346227,50000000,-0.26159788391590555,-1.2687649410182682,93.38708642486796,,,,,,,,,,,,,,,PE,HT,#4,#3,H2_1,1.3457572776319102,4.312871435661107,87.05182714353805,0.3565449096524077,-1.3738478820204538,-32.92665132243596,0.6217580675458557,231,,,,,,,,,,,,,,,PVC,HT,#4,#7,DIESEL_1,0.9277146860480608,1.6822868204824808,35.76786991841607,-0.4074646991172475,-0.3576863684766385,-19.73096727526911,0.4483605727633762,231,,,,,,,,,,,,,,,,,,,,,,,,,,,,,,,,,,,,,,,,,,,,,,,,,,,,,,,,,,,,,,,,,,,,,,,,,,,,,,,,,,,,,,,,,,,,,,,,,,,,,,,,,,,,,,,,,,,,,,,,,,,,,,,,,,,,,,,,,,,,,,,,,,,,,,,,,,,,,,,,
285,PP,HT,#6,#8,FT_1,63375.68822734903,1.4445260416725474,5.137224943791872,50000000,-0.3156533827502626,-1.734046832800521,99.57073409089998,,,,,,,,,,,,,,,PE,HT,#4,#4,MeOH_1,1.6164152361461612,6.633121778425314,118.7657849421781,-0.22387098497064756,-3.9078875602124707,-68.730119545687,0.42129697051092013,232,,,,,,,,,,,,,,,PVC,HT,#4,#8,DIESEL_1,0.9944909941607429,1.8361063026030722,37.34283118444808,-0.48145488904632605,-0.5204463309929621,-21.381092636601803,0.42743782518808465,232,,,,,,,,,,,,,,,,,,,,,,,,,,,,,,,,,,,,,,,,,,,,,,,,,,,,,,,,,,,,,,,,,,,,,,,,,,,,,,,,,,,,,,,,,,,,,,,,,,,,,,,,,,,,,,,,,,,,,,,,,,,,,,,,,,,,,,,,,,,,,,,,,,,,,,,,,,,,,,,,
286,PP,HT,#6,#9,MeOH_1,171443.08581269087,1.361171027564378,3.731158147885741,50000000,0.05858330477577908,-0.07490749414386451,91.38549002604088,,,,,,,,,,,,,,,PE,HT,#4,#6,Olefin,1.1552912844909675,2.64015908202367,75.61726889088652,-0.09122848809497384,-0.16597318338032097,-27.244063605354157,0.6397110870974918,233,,,,,,,,,,,,,,,PVC,HT,#4,#9,DIESEL_1,0.9399553860499958,1.6871680925542218,36.9436635885024,-0.4094740204538465,-0.3567052465329379,-20.716737454753083,0.43923435191737337,233,,,,,,,,,,,,,,,,,,,,,,,,,,,,,,,,,,,,,,,,,,,,,,,,,,,,,,,,,,,,,,,,,,,,,,,,,,,,,,,,,,,,,,,,,,,,,,,,,,,,,,,,,,,,,,,,,,,,,,,,,,,,,,,,,,,,,,,,,,,,,,,,,,,,,,,,,,,,,,,,
287,PP,HT,#6,#10,MeOH_1,46341.91073036799,1.6493171896257701,7.257931538207981,50000000,-0.6647519408929752,-4.2979781182334795,127.19929442486797,,,,,,,,,,,,,,,PE,HT,#4,#7,MeOH_1,1.317687919007814,4.1095683973618815,89.89164763626049,0.14488682022747298,-1.3335966548307043,-39.16906517155862,0.5642635750759272,234,,,,,,,,,,,,,,,PVC,HT,#4,#10,DIESEL_1,1.002567513018639,1.9238727050477953,38.76894313441607,-0.4919970788006916,-0.6063573567840294,-22.855133675004627,0.41047828939356346,234,,,,,,,,,,,,,,,,,,,,,,,,,,,,,,,,,,,,,,,,,,,,,,,,,,,,,,,,,,,,,,,,,,,,,,,,,,,,,,,,,,,,,,,,,,,,,,,,,,,,,,,,,,,,,,,,,,,,,,,,,,,,,,,,,,,,,,,,,,,,,,,,,,,,,,,,,,,,,,,,
288,PP,HT,#6,#11,FT_1,61624.34715288158,1.8190662653519716,8.57785238883627,50000000,-0.6967755285513754,-5.179608528173205,134.88204929089997,,,,,,,,,,,,,,,PE,HT,#4,#8,FT_1,1.46579861079232,4.940858094904482,97.03240890229247,-0.02296416180378543,-2.288021729252346,-48.039621647804765,0.5049115837557056,235,,,,,,,,,,,,,,,PVC,HT,#4,#11,DIESEL_1,1.0548572884816976,2.138081018347552,40.40031054444808,-0.5430324480166407,-0.8232738867775172,-24.556177580686008,0.39217849442841524,235,,,,,,,,,,,,,,,,,,,,,,,,,,,,,,,,,,,,,,,,,,,,,,,,,,,,,,,,,,,,,,,,,,,,,,,,,,,,,,,,,,,,,,,,,,,,,,,,,,,,,,,,,,,,,,,,,,,,,,,,,,,,,,,,,,,,,,,,,,,,,,,,,,,,,,,,,,,,,,,,
289,PP,HT,#7,#1,MeOH_1,63466.115458194,1.380750174245908,4.961455104422662,50000000,-0.32246432094951827,-1.8220790405963327,94.98572969496735,,,,,,,,,,,,,,,PE,HT,#4,#9,H2_1,1.3734703878653387,4.355500742071005,88.78388440413069,0.35378552611481495,-1.4033292967347175,-33.867414926337716,0.6185409643468806,236,,,,,,,,,,,,,,,PVC,HT,#5,#1,DIESEL_1,0.9213599774482543,2.0220992154543147,34.5563446004856,-0.3450247350931828,-0.630873048732332,-17.190285418468722,0.5025432922026377,236,,,,,,,,,,,,,,,,,,,,,,,,,,,,,,,,,,,,,,,,,,,,,,,,,,,,,,,,,,,,,,,,,,,,,,,,,,,,,,,,,,,,,,,,,,,,,,,,,,,,,,,,,,,,,,,,,,,,,,,,,,,,,,,,,,,,,,,,,,,,,,,,,,,,,,,,,,,,,,,,
290,PP,HT,#7,#2,FT_1,40441.953721328435,1.4809937520414176,5.21360632143877,50000000,-0.40392016412040516,-1.7847450620259038,96.79952136099934,,,,,,,,,,,,,,,PE,HT,#4,#10,MeOH_1,1.6650730292784177,6.979033039958459,123.21139963626047,-0.2663348200007761,-4.250068379165897,-73.20362299952853,0.40586972296689106,237,,,,,,,,,,,,,,,PVC,HT,#5,#2,FT_1,1.3074606500948585,2.2613717758041796,45.0301567604856,-0.6103222564832607,-0.8417859892570061,-22.615805837444167,0.4977631111138001,237,,,,,,,,,,,,,,,,,,,,,,,,,,,,,,,,,,,,,,,,,,,,,,,,,,,,,,,,,,,,,,,,,,,,,,,,,,,,,,,,,,,,,,,,,,,,,,,,,,,,,,,,,,,,,,,,,,,,,,,,,,,,,,,,,,,,,,,,,,,,,,,,,,,,,,,,,,,,,,,,
291,PP,HT,#7,#3,H2_1,171837.59556165405,1.4051038194264687,4.830464488504673,50000000,0.009814856132244358,-1.1012410119763432,92.50570003281597,,,,,,,,,,,,,,,PE,HT,#5,#1,MeOH_1,1.2650462588627582,3.666055345747651,85.79288827848882,0.3036438724575777,-0.7944796619768631,-32.46182121246823,0.6216257330433353,238,,,,,,,,,,,,,,,PVC,HT,#5,#4,DIESEL_1,1.0208061438045661,2.462907742189785,39.803095000485605,-0.4986147897719255,-1.1104177667697215,-22.57557663228929,0.43281856267674995,238,,,,,,,,,,,,,,,,,,,,,,,,,,,,,,,,,,,,,,,,,,,,,,,,,,,,,,,,,,,,,,,,,,,,,,,,,,,,,,,,,,,,,,,,,,,,,,,,,,,,,,,,,,,,,,,,,,,,,,,,,,,,,,,,,,,,,,,,,,,,,,,,,,,,,,,,,,,,,,,,
292,PP,HT,#7,#4,MeOH_1,35595.85914683709,1.695683792963447,7.8719629876827355,50000000,-0.7509191487239191,-4.904582538055289,128.83555849496733,,,,,,,,,,,,,,,PE,HT,#5,#2,FT_1,1.3921793397020459,4.437060826977465,92.51831674452082,0.17538489934294857,-1.6770824413938117,-41.22615347085584,0.5544000915548719,239,,,,,,,,,,,,,,,PVC,HT,#5,#5,FT_1,1.3863988764753583,2.676231046494049,49.2747638004856,-0.6987296662155569,-1.2654749979578077,-27.242735500401412,0.44712600529740265,239,,,,,,,,,,,,,,,,,,,,,,,,,,,,,,,,,,,,,,,,,,,,,,,,,,,,,,,,,,,,,,,,,,,,,,,,,,,,,,,,,,,,,,,,,,,,,,,,,,,,,,,,,,,,,,,,,,,,,,,,,,,,,,,,,,,,,,,,,,,,,,,,,,,,,,,,,,,,,,,,
293,PP,HT,#7,#5,FT_1,37550.53861207963,1.8312791299806324,8.673732718300617,50000000,-0.760617993632021,-5.253741272686592,132.62166233496737,,,,,,,,,,,,,,,PE,HT,#5,#3,H2_1,1.2992104842740269,3.9128993556259553,83.9680504798488,0.524936821156089,-0.8659253645039242,-27.66623785287521,0.6705147053579059,240,,,,,,,,,,,,,,,PVC,HT,#5,#8,DIESEL_1,0.9522929287928833,1.599464418839021,35.736887947480355,-0.3583436238501575,-0.21273429554227977,-18.34552951469639,0.48665005353411434,240,,,,,,,,,,,,,,,,,,,,,,,,,,,,,,,,,,,,,,,,,,,,,,,,,,,,,,,,,,,,,,,,,,,,,,,,,,,,,,,,,,,,,,,,,,,,,,,,,,,,,,,,,,,,,,,,,,,,,,,,,,,,,,,,,,,,,,,,,,,,,,,,,,,,,,,,,,,,,,,,
294,PP,HT,#7,#6,Olefin,11920.510168897736,1.199961357120713,3.049405775967412,50000000,-0.5409552431735172,0.07502857117853284,79.55596218291062,,,,,,,,,,,,,,,PE,HT,#5,#4,MeOH_1,1.569868442788278,6.2331496983901635,115.68200827848882,-0.05547907346696633,-3.3999650426959414,-63.46970607612626,0.4513433245096204,241,,,,,,,,,,,,,,,PVC,HT,#5,#10,DIESEL_1,0.9603694476507794,1.6872308212837437,37.16299989744836,-0.3688858136045227,-0.29864532133334665,-19.81957055309923,0.4666853965559423,241,,,,,,,,,,,,,,,,,,,,,,,,,,,,,,,,,,,,,,,,,,,,,,,,,,,,,,,,,,,,,,,,,,,,,,,,,,,,,,,,,,,,,,,,,,,,,,,,,,,,,,,,,,,,,,,,,,,,,,,,,,,,,,,,,,,,,,,,,,,,,,,,,,,,,,,,,,,,,,,,
295,PP,HT,#7,#7,MeOH_1,72080.61347852254,1.3723840987583327,4.676208146403123,50000000,-0.2804322942964696,-1.4892426739798448,95.10885218486797,,,,,,,,,,,,,,,PE,HT,#5,#5,FT_1,1.7199754300112478,7.412095277785726,122.82651834452082,-0.15690478218884266,-4.655892978558138,-71.8799879837772,0.41478445410169273,242,,,,,,,,,,,,,,,PVC,HT,#5,#11,DIESEL_1,1.0126592231138378,1.9014391345835007,38.79436730748036,-0.41992118282047214,-0.5155618513268349,-21.520614458780592,0.4452644558368406,242,,,,,,,,,,,,,,,,,,,,,,,,,,,,,,,,,,,,,,,,,,,,,,,,,,,,,,,,,,,,,,,,,,,,,,,,,,,,,,,,,,,,,,,,,,,,,,,,,,,,,,,,,,,,,,,,,,,,,,,,,,,,,,,,,,,,,,,,,,,,,,,,,,,,,,,,,,,,,,,,
296,PP,HT,#7,#8,FT_1,66044.65330327394,1.4880847824996442,5.448640167848767,50000000,-0.33448779313082655,-1.9545245657620969,101.29249985089999,,,,,,,,,,,,,,,PE,HT,#5,#7,MeOH_1,1.2711411256499308,3.709596317326732,86.8078709725712,0.31327873173115434,-0.8256741373141754,-33.908651701997854,0.609382751562793,243,,,,,,,,,,,,,,,PVC,HT,#6,#1,MeOH_1,1.0010418804857382,2.6223770209466215,41.13060177142131,-0.5088391371386889,-1.2860647179556624,-24.96255224934945,0.3930905171756051,243,,,,,,,,,,,,,,,,,,,,,,,,,,,,,,,,,,,,,,,,,,,,,,,,,,,,,,,,,,,,,,,,,,,,,,,,,,,,,,,,,,,,,,,,,,,,,,,,,,,,,,,,,,,,,,,,,,,,,,,,,,,,,,,,,,,,,,,,,,,,,,,,,,,,,,,,,,,,,,,,
297,PP,HT,#7,#9,H2_1,174112.05088861578,1.4047297683914748,4.042573371942637,50000000,0.03974889439521519,-0.2953852271054408,93.10725578604088,,,,,,,,,,,,,,,PE,HT,#5,#8,FT_1,1.4192518174344366,4.540886014869331,93.9486322386032,0.1454277496998958,-1.7800992117358165,-42.77920817824399,0.54465320932404,244,,,,,,,,,,,,,,,PVC,HT,#6,#2,MeOH_1,1.3871425531323427,2.861649581296487,51.60441393142132,-0.7741366585287668,-1.496977658480337,-30.388072668324906,0.4111342353638869,244,,,,,,,,,,,,,,,,,,,,,,,,,,,,,,,,,,,,,,,,,,,,,,,,,,,,,,,,,,,,,,,,,,,,,,,,,,,,,,,,,,,,,,,,,,,,,,,,,,,,,,,,,,,,,,,,,,,,,,,,,,,,,,,,,,,,,,,,,,,,,,,,,,,,,,,,,,,,,,,,
298,PP,HT,#7,#10,MeOH_1,49010.875806292905,1.692875930452868,7.56934676226488,50000000,-0.68358635127354,-4.518455851195059,128.92106018486797,,,,,,,,,,,,,,,PE,HT,#5,#9,H2_1,1.3269235945074558,3.9555286620358574,85.70010774044141,0.5221774376184959,-0.8954067792181909,-28.607001456776956,0.6661964353251627,245,,,,,,,,,,,,,,,PVC,HT,#6,#3,MeOH_1,0.9946746663743784,2.0005332881322553,38.8241908106647,-0.47198075708204984,-0.6558481556349564,-22.105955640434495,0.4306138729783349,245,,,,,,,,,,,,,,,,,,,,,,,,,,,,,,,,,,,,,,,,,,,,,,,,,,,,,,,,,,,,,,,,,,,,,,,,,,,,,,,,,,,,,,,,,,,,,,,,,,,,,,,,,,,,,,,,,,,,,,,,,,,,,,,,,,,,,,,,,,,,,,,,,,,,,,,,,,,,,,,,
299,PP,HT,#7,#11,FT_1,64293.31222880649,1.8626250061790697,8.889267612893166,50000000,-0.7156099389319404,-5.4000862611347795,136.60381505089998,,,,,,,,,,,,,,,PE,HT,#5,#10,MeOH_1,1.6185262359205341,6.579060959923308,120.1276229725712,-0.09794290849709456,-3.7421458616493672,-67.94320952996776,0.43440810823767595,246,,,,,,,,,,,,,,,PVC,HT,#6,#4,MeOH_1,1.1004880468420501,3.0631855476820924,46.37735217142131,-0.6624291918174317,-1.765609435993052,-30.34784346317002,0.3456322527642924,246,,,,,,,,,,,,,,,,,,,,,,,,,,,,,,,,,,,,,,,,,,,,,,,,,,,,,,,,,,,,,,,,,,,,,,,,,,,,,,,,,,,,,,,,,,,,,,,,,,,,,,,,,,,,,,,,,,,,,,,,,,,,,,,,,,,,,,,,,,,,,,,,,,,,,,,,,,,,,,,,
300,PP,HT,#8,#1,MeOH_1,51545.60528929626,1.1951351457810122,2.691608655204079,50000000,-0.2398545842092524,0.3776684486363685,71.2303394701914,,,,,,,,,,,,,,,PE,HT,#5,#11,FT_1,1.7722645673306308,7.786163577842713,127.04488663860319,-0.2137953811132411,-5.030272672483403,-76.36018104948798,0.3989511654514274,247,,,,,,,,,,,,,,,PVC,HT,#6,#5,MeOH_1,1.4660807795128425,3.276508851986356,55.84902097142131,-0.8625440682610634,-1.9206666671811379,-35.01500233128214,0.37304178798049503,247,,,,,,,,,,,,,,,,,,,,,,,,,,,,,,,,,,,,,,,,,,,,,,,,,,,,,,,,,,,,,,,,,,,,,,,,,,,,,,,,,,,,,,,,,,,,,,,,,,,,,,,,,,,,,,,,,,,,,,,,,,,,,,,,,,,,,,,,,,,,,,,,,,,,,,,,,,,,,,,,
301,PP,HT,#8,#2,FT_1,28521.4435524307,1.295378723576522,2.943759872220187,50000000,-0.32131042738013904,0.4150024272067985,73.0441311362234,,,,,,,,,,,,,,,PE,HT,#6,#1,MeOH_1,1.332454671952404,4.08388754878081,90.70564559614611,0.10753762983608796,-1.296602537551083,-39.19003312820466,0.5679427353100746,248,,,,,,,,,,,,,,,PVC,HT,#6,#6,MeOH_1,0.8872369061890122,1.760246800691816,37.24561847879651,-0.38715313453050754,-0.43077426970092775,-20.6645416684368,0.44518194320760485,248,,,,,,,,,,,,,,,,,,,,,,,,,,,,,,,,,,,,,,,,,,,,,,,,,,,,,,,,,,,,,,,,,,,,,,,,,,,,,,,,,,,,,,,,,,,,,,,,,,,,,,,,,,,,,,,,,,,,,,,,,,,,,,,,,,,,,,,,,,,,,,,,,,,,,,,,,,,,,,,,
302,PP,HT,#8,#3,H2_1,159917.08539275633,1.2194887909615713,2.560618039286091,50000000,0.09242459287251194,1.098506477256358,68.75030980804006,,,,,,,,,,,,,,,PE,HT,#6,#2,FT_1,1.4595877527916916,4.854893030010625,97.43107406217808,-0.020721343278541155,-2.1792053169680328,-47.95436538659226,0.5078124115106339,249,,,,,,,,,,,,,,,PVC,HT,#6,#7,MeOH_1,0.9651985237176853,2.0459227422107364,40.73618385238407,-0.44816783596658505,-0.7051660022492865,-24.467670984244442,0.39936271220426367,249,,,,,,,,,,,,,,,,,,,,,,,,,,,,,,,,,,,,,,,,,,,,,,,,,,,,,,,,,,,,,,,,,,,,,,,,,,,,,,,,,,,,,,,,,,,,,,,,,,,,,,,,,,,,,,,,,,,,,,,,,,,,,,,,,,,,,,,,,,,,,,,,,,,,,,,,,,,,,,,,
303,PP,HT,#8,#4,MeOH_1,23675.348977939353,1.5100687644985509,5.602116538464152,50000000,-0.6683094119836529,-2.704835048822585,105.08016827019142,,,,,,,,,,,,,,,PE,HT,#6,#3,MeOH_1,1.3666188973636728,4.330731558659116,88.88080779750605,0.3288305785345983,-1.3680482400781446,-34.394449768611615,0.6130272595297372,250,,,,,,,,,,,,,,,PVC,HT,#6,#8,MeOH_1,1.0319748318303674,2.199742224331328,42.31114511841608,-0.5221580258956635,-0.8679259647656103,-26.11779634557714,0.3827206455301237,250,,,,,,,,,,,,,,,,,,,,,,,,,,,,,,,,,,,,,,,,,,,,,,,,,,,,,,,,,,,,,,,,,,,,,,,,,,,,,,,,,,,,,,,,,,,,,,,,,,,,,,,,,,,,,,,,,,,,,,,,,,,,,,,,,,,,,,,,,,,,,,,,,,,,,,,,,,,,,,,,
304,PP,HT,#8,#5,FT_1,25630.028443181895,1.6456641015157356,6.403886269082035,50000000,-0.6780082568917539,-3.0539937834538913,108.86627211019142,,,,,,,,,,,,,,,PE,HT,#6,#4,MeOH_1,1.6372768558779236,6.650981901423324,120.59476559614609,-0.25158531608845636,-3.902087918270163,-70.19791799186265,0.41790244672024135,251,,,,,,,,,,,,,,,PVC,HT,#6,#9,MeOH_1,0.9774392237196206,2.0508040142824777,41.9119775224704,-0.4501771573031842,-0.7041848803055865,-25.453441163728414,0.39269290860632905,251,,,,,,,,,,,,,,,,,,,,,,,,,,,,,,,,,,,,,,,,,,,,,,,,,,,,,,,,,,,,,,,,,,,,,,,,,,,,,,,,,,,,,,,,,,,,,,,,,,,,,,,,,,,,,,,,,,,,,,,,,,,,,,,,,,,,,,,,,,,,,,,,,,,,,,,,,,,,,,,,
305,PP,HT,#8,#6,Olefin,0,1.0143463286558174,0.7795593267488293,50000000,-0.45834550643325106,2.2747760604112344,55.80057195813468,,,,,,,,,,,,,,,PE,HT,#6,#6,Olefin,1.1761529042227301,2.65801920502168,77.44624954485452,-0.11894281921278249,-0.16017354143801243,-28.711862051529817,0.6292672373385779,252,,,,,,,,,,,,,,,PVC,HT,#6,#10,MeOH_1,1.0400513506882634,2.2875086267760505,43.737257068384075,-0.5327002156500288,-0.9538369905566773,-27.59183738397996,0.3691456841740311,252,,,,,,,,,,,,,,,,,,,,,,,,,,,,,,,,,,,,,,,,,,,,,,,,,,,,,,,,,,,,,,,,,,,,,,,,,,,,,,,,,,,,,,,,,,,,,,,,,,,,,,,,,,,,,,,,,,,,,,,,,,,,,,,,,,,,,,,,,,,,,,,,,,,,,,,,,,,,,,,,
306,PP,HT,#8,#7,MeOH_1,60160.103309624814,1.1867690702934368,2.40636169718454,50000000,-0.19782255755620343,0.7105048152528575,71.35346196009205,,,,,,,,,,,,,,,PE,HT,#6,#7,MeOH_1,1.3385495387395767,4.127428520359892,91.72062829022846,0.11717248910966419,-1.3277970128883958,-40.636863617734264,0.5569495720292231,253,,,,,,,,,,,,,,,PVC,HT,#6,#11,MeOH_1,1.092341126151322,2.501716940075808,45.36862447841608,-0.5837355848659785,-1.1707535205501658,-29.29288128966133,0.3543361381036075,253,,,,,,,,,,,,,,,,,,,,,,,,,,,,,,,,,,,,,,,,,,,,,,,,,,,,,,,,,,,,,,,,,,,,,,,,,,,,,,,,,,,,,,,,,,,,,,,,,,,,,,,,,,,,,,,,,,,,,,,,,,,,,,,,,,,,,,,,,,,,,,,,,,,,,,,,,,,,,,,,
307,PP,HT,#8,#8,FT_1,54124.14313437621,1.3024697540347487,3.178793718630183,50000000,-0.25187805639056055,0.24522292347060562,77.53710962612405,,,,,,,,,,,,,,,PE,HT,#6,#8,FT_1,1.4866602305240828,4.958718217902492,98.86138955626048,-0.05067849292159422,-2.282222087310037,-49.507420093980414,0.4992239102020054,254,,,,,,,,,,,,,,,PVC,HT,#7,#1,DIESEL_1,1.0402234935525656,2.8654332060406036,42.450075197453316,-0.5467983645203708,-1.5479073030020678,-26.586076180894608,0.3737095621802438,254,,,,,,,,,,,,,,,,,,,,,,,,,,,,,,,,,,,,,,,,,,,,,,,,,,,,,,,,,,,,,,,,,,,,,,,,,,,,,,,,,,,,,,,,,,,,,,,,,,,,,,,,,,,,,,,,,,,,,,,,,,,,,,,,,,,,,,,,,,,,,,,,,,,,,,,,,,,,,,,,
308,PP,HT,#8,#9,H2_1,162191.54071971806,1.2191147399265794,1.7727269227240539,50000000,0.1223586311354812,1.904362262127261,69.35186556126494,,,,,,,,,,,,,,,PE,HT,#6,#9,MeOH_1,1.3943320075971015,4.3733608650690154,90.61286505809869,0.3260711949970059,-1.3975296547924096,-35.33521337251339,0.6100419807953612,255,,,,,,,,,,,,,,,PVC,HT,#7,#2,FT_1,1.4263241661991704,3.104705766390469,52.92388735745332,-0.8120958859104487,-1.7588202435267424,-32.01159659987006,0.3951389779125543,255,,,,,,,,,,,,,,,,,,,,,,,,,,,,,,,,,,,,,,,,,,,,,,,,,,,,,,,,,,,,,,,,,,,,,,,,,,,,,,,,,,,,,,,,,,,,,,,,,,,,,,,,,,,,,,,,,,,,,,,,,,,,,,,,,,,,,,,,,,,,,,,,,,,,,,,,,,,,,,,,
309,PP,HT,#8,#10,MeOH_1,37090.36563739517,1.507260901987971,5.299500313046295,50000000,-0.6009766145332724,-2.318708361962354,105.16566996009207,,,,,,,,,,,,,,,PE,HT,#6,#10,MeOH_1,1.6859346490101799,6.996893162956468,125.04038029022848,-0.29404915111858426,-4.244268737223586,-74.6714214457042,0.4028215423498712,256,,,,,,,,,,,,,,,PVC,HT,#7,#3,DIESEL_1,1.0338562794412058,2.243589473226237,40.1436642366967,-0.5099399844637317,-0.9176907406813612,-23.729479571979656,0.4088860590287689,256,,,,,,,,,,,,,,,,,,,,,,,,,,,,,,,,,,,,,,,,,,,,,,,,,,,,,,,,,,,,,,,,,,,,,,,,,,,,,,,,,,,,,,,,,,,,,,,,,,,,,,,,,,,,,,,,,,,,,,,,,,,,,,,,,,,,,,,,,,,,,,,,,,,,,,,,,,,,,,,,
310,PP,HT,#8,#11,FT_1,52372.802059908754,1.6770099777141727,6.619421163674583,50000000,-0.633000202191673,-3.2003387719020795,112.84842482612406,,,,,,,,,,,,,,,PE,HT,#7,#1,MeOH_1,1.3876537107020548,4.464748213876824,92.80363279614609,0.055283363715356866,-1.7057529868157177,-41.631180131547545,0.551405706035288,257,,,,,,,,,,,,,,,PVC,HT,#7,#4,DIESEL_1,1.1396696599088776,3.306241732776074,47.69682559745332,-0.7003884191991137,-2.0274520210394575,-31.971367394715177,0.3296961172103195,257,,,,,,,,,,,,,,,,,,,,,,,,,,,,,,,,,,,,,,,,,,,,,,,,,,,,,,,,,,,,,,,,,,,,,,,,,,,,,,,,,,,,,,,,,,,,,,,,,,,,,,,,,,,,,,,,,,,,,,,,,,,,,,,,,,,,,,,,,,,,,,,,,,,,,,,,,,,,,,,,
311,PP,HT,#9,#1,MeOH_1,52841.94654288868,1.2911800887674134,3.1042224552804583,50000000,-0.34826724904798867,0.032128865522756275,74.3177160818714,,,,,,,,,,,,,,,PE,HT,#7,#2,FT_1,1.5147867915413422,5.23575369510664,99.52906126217808,-0.07297560939927195,-2.588355766232668,-50.39551238993514,0.4936603264328599,258,,,,,,,,,,,,,,,PVC,HT,#7,#5,FT_1,1.50526239257967,3.5195650370803384,57.16849439745331,-0.900503295642745,-2.182509252227544,-36.6385262628273,0.3591133254602654,258,,,,,,,,,,,,,,,,,,,,,,,,,,,,,,,,,,,,,,,,,,,,,,,,,,,,,,,,,,,,,,,,,,,,,,,,,,,,,,,,,,,,,,,,,,,,,,,,,,,,,,,,,,,,,,,,,,,,,,,,,,,,,,,,,,,,,,,,,,,,,,,,,,,,,,,,,,,,,,,,
312,PP,HT,#9,#2,FT_1,29817.784806023126,1.3914236665629212,3.356373672296567,50000000,-0.42972309221887356,0.06946284409318566,76.13150774790343,,,,,,,,,,,,,,,PE,HT,#7,#3,H2_1,1.4218179361133236,4.71159222375513,90.97879499750604,0.2765763124138678,-1.7771986893427807,-36.835596771954506,0.5951188760747572,259,,,,,,,,,,,,,,,PVC,HT,#7,#6,DIESEL_1,0.9264185192558397,2.0033029857857976,38.5650919048285,-0.4251123619121895,-0.6926168547473326,-22.288065599981955,0.422066316995049,259,,,,,,,,,,,,,,,,,,,,,,,,,,,,,,,,,,,,,,,,,,,,,,,,,,,,,,,,,,,,,,,,,,,,,,,,,,,,,,,,,,,,,,,,,,,,,,,,,,,,,,,,,,,,,,,,,,,,,,,,,,,,,,,,,,,,,,,,,,,,,,,,,,,,,,,,,,,,,,,,
313,PP,HT,#9,#3,H2_1,161213.42664634876,1.315533733947972,2.9732318393624713,50000000,-0.015988071966224027,0.7529668941427449,71.83768641972004,,,,,,,,,,,,,,,PE,HT,#7,#4,MeOH_1,1.6924758946275744,7.031842566519336,122.69275279614611,-0.30383958220918716,-4.311238367534796,-72.63906499520557,0.40795961179634377,260,,,,,,,,,,,,,,,PVC,HT,#7,#7,DIESEL_1,1.0043801367845129,2.2889789273047185,42.05565727841607,-0.48612706334826705,-0.967008587295692,-26.0911949157896,0.3796032066967553,260,,,,,,,,,,,,,,,,,,,,,,,,,,,,,,,,,,,,,,,,,,,,,,,,,,,,,,,,,,,,,,,,,,,,,,,,,,,,,,,,,,,,,,,,,,,,,,,,,,,,,,,,,,,,,,,,,,,,,,,,,,,,,,,,,,,,,,,,,,,,,,,,,,,,,,,,,,,,,,,,
314,PP,HT,#9,#4,MeOH_1,24971.69023153178,1.6061137074849514,6.014730338540532,50000000,-0.7767220768223884,-3.0503746319361986,108.16754488187141,,,,,,,,,,,,,,,PE,HT,#7,#6,Olefin,1.2313519429723805,3.038879870117693,79.54423674485453,-0.17119708533351327,-0.5693239907026467,-31.15300905487272,0.6083561760131175,261,,,,,,,,,,,,,,,PVC,HT,#7,#8,DIESEL_1,1.0711564448971949,2.4427984094253095,43.63061854444807,-0.5601172532773455,-1.1297685498120154,-27.741320277122288,0.36417769899683605,261,,,,,,,,,,,,,,,,,,,,,,,,,,,,,,,,,,,,,,,,,,,,,,,,,,,,,,,,,,,,,,,,,,,,,,,,,,,,,,,,,,,,,,,,,,,,,,,,,,,,,,,,,,,,,,,,,,,,,,,,,,,,,,,,,,,,,,,,,,,,,,,,,,,,,,,,,,,,,,,,
315,PP,HT,#9,#5,FT_1,26926.36969677432,1.7417090445021357,6.816500069158415,50000000,-0.7864209217304896,-3.3995333665675043,111.95364872187142,,,,,,,,,,,,,,,PE,HT,#7,#7,MeOH_1,1.393748577489227,4.508289185455906,93.81861549022848,0.06491822298893396,-1.7369474621530312,-43.07801062107716,0.5408372805761146,262,,,,,,,,,,,,,,,PVC,HT,#7,#9,DIESEL_1,1.016620836786448,2.293860199376459,43.231450948502406,-0.4881363846848661,-0.9660274653519914,-27.07696509527357,0.3736743851709294,262,,,,,,,,,,,,,,,,,,,,,,,,,,,,,,,,,,,,,,,,,,,,,,,,,,,,,,,,,,,,,,,,,,,,,,,,,,,,,,,,,,,,,,,,,,,,,,,,,,,,,,,,,,,,,,,,,,,,,,,,,,,,,,,,,,,,,,,,,,,,,,,,,,,,,,,,,,,,,,,,
316,PP,HT,#9,#6,Olefin,1296.3412535924244,1.1103912716422182,1.1921731268252094,50000000,-0.566758171271987,1.9292364772976214,58.88794856981466,,,,,,,,,,,,,,,PE,HT,#7,#8,FT_1,1.5418592692737332,5.339578882998506,100.9593767562605,-0.1029327590423253,-2.691372536574673,-51.94856709732332,0.4854507945038201,263,,,,,,,,,,,,,,,PVC,HT,#7,#10,DIESEL_1,1.079232963755091,2.530564811870032,45.05673049441607,-0.5706594430317109,-1.2156795756030823,-29.21536131552512,0.35158718808623257,263,,,,,,,,,,,,,,,,,,,,,,,,,,,,,,,,,,,,,,,,,,,,,,,,,,,,,,,,,,,,,,,,,,,,,,,,,,,,,,,,,,,,,,,,,,,,,,,,,,,,,,,,,,,,,,,,,,,,,,,,,,,,,,,,,,,,,,,,,,,,,,,,,,,,,,,,,,,,,,,,
317,PP,HT,#9,#7,MeOH_1,61456.44456321724,1.282814013279838,2.818975497260919,50000000,-0.30623522239493983,0.36496523213924525,74.44083857177202,,,,,,,,,,,,,,,PE,HT,#7,#9,H2_1,1.4495310463467517,4.7542215301650295,92.7108522580987,0.2738169288762754,-1.8066801040570444,-37.77636037585629,0.5925357231029407,264,,,,,,,,,,,,,,,PVC,HT,#7,#11,DIESEL_1,1.1315227392181495,2.744773125169789,46.68809790444807,-0.6216948122476603,-1.4325961055965704,-30.916405221206485,0.33780970720888986,264,,,,,,,,,,,,,,,,,,,,,,,,,,,,,,,,,,,,,,,,,,,,,,,,,,,,,,,,,,,,,,,,,,,,,,,,,,,,,,,,,,,,,,,,,,,,,,,,,,,,,,,,,,,,,,,,,,,,,,,,,,,,,,,,,,,,,,,,,,,,,,,,,,,,,,,,,,,,,,,,
318,PP,HT,#9,#8,FT_1,55420.48438796863,1.3985146970211495,3.5914075187065637,50000000,-0.36029072122929645,-0.10031665964300782,80.62448623780405,,,,,,,,,,,,,,,PE,HT,#8,#2,FT_1,1.2547330062181368,3.3252859869487272,76.58097271071836,-0.04560303112024826,-0.8067684584489441,-31.361922640233765,0.590473696923357,265,,,,,,,,,,,,,,,PVC,HT,#8,#1,Aromatics,0.9289707384678915,1.3291332192001486,25.105712576408106,-0.602510833300554,-0.08121018919343113,-10.780499736993377,0.5705957477134571,265,,,,,,,,,,,,,,,,,,,,,,,,,,,,,,,,,,,,,,,,,,,,,,,,,,,,,,,,,,,,,,,,,,,,,,,,,,,,,,,,,,,,,,,,,,,,,,,,,,,,,,,,,,,,,,,,,,,,,,,,,,,,,,,,,,,,,,,,,,,,,,,,,,,,,,,,,,,,,,,,
319,PP,HT,#9,#9,H2_1,163487.8819733105,1.3151596829129804,2.185340722800434,50000000,0.013945966296744815,1.5588226790136475,72.43924217294494,,,,,,,,,,,,,,,PE,HT,#8,#4,MeOH_1,1.4324221093043692,5.121374858361428,99.74466424468636,-0.27646700393016377,-2.529651059751075,-53.60547524550416,0.4625730042661419,266,,,,,,,,,,,,,,,PVC,HT,#8,#2,Aromatics,1.315071411114496,1.5684057795500141,35.57952473640811,-0.8678083546906318,-0.2921231297181061,-16.206020155968826,0.544512742201264,266,,,,,,,,,,,,,,,,,,,,,,,,,,,,,,,,,,,,,,,,,,,,,,,,,,,,,,,,,,,,,,,,,,,,,,,,,,,,,,,,,,,,,,,,,,,,,,,,,,,,,,,,,,,,,,,,,,,,,,,,,,,,,,,,,,,,,,,,,,,,,,,,,,,,,,,,,,,,,,,,
320,PP,HT,#9,#10,MeOH_1,38386.706890987596,1.603305844974372,5.712114113122675,50000000,-0.709389279372009,-2.6642479450759677,108.25304657177206,,,,,,,,,,,,,,,PE,HT,#8,#8,FT_1,1.2818054839505275,3.4291111748405934,78.01128820480074,-0.07556018076330091,-0.9097852287909484,-32.91497734762193,0.5780741722760531,267,,,,,,,,,,,,,,,PVC,HT,#8,#4,Aromatics,1.0284169048242038,1.7699417459356193,30.352462976408106,-0.7561008879792969,-0.560754907230821,-16.165790950813946,0.4673977211213784,267,,,,,,,,,,,,,,,,,,,,,,,,,,,,,,,,,,,,,,,,,,,,,,,,,,,,,,,,,,,,,,,,,,,,,,,,,,,,,,,,,,,,,,,,,,,,,,,,,,,,,,,,,,,,,,,,,,,,,,,,,,,,,,,,,,,,,,,,,,,,,,,,,,,,,,,,,,,,,,,,
321,PP,HT,#9,#11,FT_1,53669.14331350118,1.7730549207005737,7.032034963750963,50000000,-0.7414128670304093,-3.545878355015693,115.93580143780407,,,,,,,,,,,,,,,PE,HT,#8,#9,DIESEL_1,1.1894772610235462,2.8437538220071192,69.76276370663895,0.3011895071552992,-0.025092796273322105,-18.74277062615488,0.7313356061269226,268,,,,,,,,,,,,,,,PVC,HT,#8,#5,Aromatics,1.394009637494996,1.983265050239883,39.82413177640811,-0.9562157644229282,-0.7158121384189069,-20.832949818926078,0.47687623333780865,268,,,,,,,,,,,,,,,,,,,,,,,,,,,,,,,,,,,,,,,,,,,,,,,,,,,,,,,,,,,,,,,,,,,,,,,,,,,,,,,,,,,,,,,,,,,,,,,,,,,,,,,,,,,,,,,,,,,,,,,,,,,,,,,,,,,,,,,,,,,,,,,,,,,,,,,,,,,,,,,,
322,PP,LT,#1,#1,DIESEL_1,24450.81928184532,1.1955481103171304,2.127229719780866,50000000,-0.2852662327959729,0.8122069381664363,71.64056914935549,,,,,,,,,,,,,,,PE,HT,#9,#1,MeOH_1,1.2057205944712968,2.9726208563675542,72.79705509172635,-0.04136643777982073,-0.35715692868860366,-25.469180752234514,0.6501344632671936,269,,,,,,,,,,,,,,,PVC,HT,#9,#1,Aromatics,0.9932187258843024,1.6530127443651006,27.41593541880811,-0.678570929638838,-0.4131259784203142,-12.752058206255178,0.5348669300735621,269,,,,,,,,,,,,,,,,,,,,,,,,,,,,,,,,,,,,,,,,,,,,,,,,,,,,,,,,,,,,,,,,,,,,,,,,,,,,,,,,,,,,,,,,,,,,,,,,,,,,,,,,,,,,,,,,,,,,,,,,,,,,,,,,,,,,,,,,,,,,,,,,,,,,,,,,,,,,,,,,
323,PP,LT,#1,#2,DIESEL_1,14594.398651937145,1.2349580798243185,2.1938512037837365,50000000,-0.347956953443158,0.7264928769298526,72.9905713893555,,,,,,,,,,,,,,,PE,HT,#9,#2,FT_1,1.3328536753105846,3.7436263375973673,79.52248355775835,-0.1696254108944501,-1.2397597081055516,-34.23351301062212,0.5695115207794308,270,,,,,,,,,,,,,,,PVC,HT,#9,#2,Aromatics,1.3793193985309067,1.8922853047149661,37.889747578808105,-0.9438684510289156,-0.6240389189449892,-18.177578625230613,0.5202507330664454,270,,,,,,,,,,,,,,,,,,,,,,,,,,,,,,,,,,,,,,,,,,,,,,,,,,,,,,,,,,,,,,,,,,,,,,,,,,,,,,,,,,,,,,,,,,,,,,,,,,,,,,,,,,,,,,,,,,,,,,,,,,,,,,,,,,,,,,,,,,,,,,,,,,,,,,,,,,,,,,,,
324,PP,LT,#1,#3,DIESEL_1,27454.505150394816,1.1817110971874858,1.8941784958248424,50000000,-0.2538220104181168,1.0629697069048747,70.85883343199487,,,,,,,,,,,,,,,PE,HT,#9,#3,H2_1,1.2398848198825658,3.2194648662458594,70.9722172930863,0.17992651091868977,-0.42860263121566505,-20.673597392641483,0.7087085879356431,,,,,,,,,,,,,,,,PVC,HT,#9,#4,Aromatics,1.0926648922406144,2.0938212711005715,32.662685818808114,-0.8321609843175808,-0.8926706964577044,-18.137349420075747,0.44470734829676073,271,,,,,,,,,,,,,,,,,,,,,,,,,,,,,,,,,,,,,,,,,,,,,,,,,,,,,,,,,,,,,,,,,,,,,,,,,,,,,,,,,,,,,,,,,,,,,,,,,,,,,,,,,,,,,,,,,,,,,,,,,,,,,,,,,,,,,,,,,,,,,,,,,,,,,,,,,,,,,,,,
325,PP,LT,#1,#4,DIESEL_1,14371.06392063683,1.2440975562052217,2.324478312277976,50000000,-0.3721189323155778,0.5532891768937025,74.62416018935549,,,,,,,,,,,,,,,PE,HT,#9,#7,MeOH_1,1.2118154612584693,3.0161618279466347,73.81203778580874,-0.031731578506244494,-0.38835140402591556,-26.916011241764124,0.6353438809009679,,,,,,,,,,,,,,,,PVC,HT,#9,#5,Aromatics,1.458257624911407,2.3071445754048354,42.13435461880811,-1.0322758607612126,-1.0477279276457903,-22.804508288187872,0.45876687813302125,272,,,,,,,,,,,,,,,,,,,,,,,,,,,,,,,,,,,,,,,,,,,,,,,,,,,,,,,,,,,,,,,,,,,,,,,,,,,,,,,,,,,,,,,,,,,,,,,,,,,,,,,,,,,,,,,,,,,,,,,,,,,,,,,,,,,,,,,,,,,,,,,,,,,,,,,,,,,,,,,,
326,PP,LT,#1,#5,DIESEL_1,17239.338500537717,1.2890091497226994,2.437695678297762,50000000,-0.37955288244953694,0.5109885486440244,75.6229512293555,,,,,,,,,,,,,,,PE,HT,#9,#8,FT_1,1.3599261530429754,3.847451525489234,80.95279905184074,-0.19958256053750317,-1.3427764784475564,-35.786567718010275,0.5579329172411545,,,,,,,,,,,,,,,,PVC,HT,#9,#10,Aromatics,1.0322281960868276,1.3181443501945298,30.022590715770868,-0.7024320081501779,-0.08089825102132917,-15.381343340885687,0.48767434874279975,273,,,,,,,,,,,,,,,,,,,,,,,,,,,,,,,,,,,,,,,,,,,,,,,,,,,,,,,,,,,,,,,,,,,,,,,,,,,,,,,,,,,,,,,,,,,,,,,,,,,,,,,,,,,,,,,,,,,,,,,,,,,,,,,,,,,,,,,,,,,,,,,,,,,,,,,,,,,,,,,,
327,PP,LT,#1,#6,DIESEL_1,12249.677995905873,1.0946531055201374,1.3754777826716078,50000000,-0.23272469702093418,1.5575150043806427,64.25902158617185,,,,,,,,,,,,,,,PE,HT,#9,#9,H2_1,1.267597930115994,3.2620941726557593,72.70427455367896,0.1771671273810972,-0.4580840459299302,-21.614360996543237,0.7027085253345738,,,,,,,,,,,,,,,,PVC,HT,#9,#11,Aromatics,1.0845179715498863,1.5323526634942868,31.653958125802873,-0.7534673773661273,-0.29781478101481734,-17.08238724656706,0.46033961444327975,274,,,,,,,,,,,,,,,,,,,,,,,,,,,,,,,,,,,,,,,,,,,,,,,,,,,,,,,,,,,,,,,,,,,,,,,,,,,,,,,,,,,,,,,,,,,,,,,,,,,,,,,,,,,,,,,,,,,,,,,,,,,,,,,,,,,,,,,,,,,,,,,,,,,,,,,,,,,,,,,,
328,PP,LT,#1,#7,DIESEL_1,24413.679104297902,1.187833765745775,2.0279644979863165,50000000,-0.27604522359475436,0.9104079342291271,71.28106408857185,,,,,,,,,,,,,,,PE,LT,#5,#1,WAX_1,1.514876792349055,3.132145239751136,83.84372528003392,-0.289984828390503,-0.44777037981281104,-29.987844506109052,0.6423364490789129,,,,,,,,,,,,,,,,PVC,LT,#1,#1,GASOLINE_1,0.8723071771063146,1.7633553366743133,30.8085772393227,-0.36816244108713786,-0.43415986227020026,-13.450976174618535,0.5634015790430495,275,,,,,,,,,,,,,,,,,,,,,,,,,,,,,,,,,,,,,,,,,,,,,,,,,,,,,,,,,,,,,,,,,,,,,,,,,,,,,,,,,,,,,,,,,,,,,,,,,,,,,,,,,,,,,,,,,,,,,,,,,,,,,,,,,,,,,,,,,,,,,,,,,,,,,,,,,,,,,,,,
329,PP,LT,#1,#8,DIESEL_1,17231.354692352703,1.238957977919879,2.1317633330964707,50000000,-0.3487894666872863,0.7874366915483477,72.70236871460385,,,,,,,,,,,,,,,PE,LT,#5,#3,WAX_1,1.5015808930060401,2.990580325239104,83.09287091479398,-0.27068545165104296,-0.3043557620593628,-29.12298118954338,0.6495128779530678,,,,,,,,,,,,,,,,PVC,LT,#1,#2,GASOLINE_1,1.3409039487404812,2.0305930570790207,44.2261065193227,-0.6687544656078154,-0.6560158462276605,-20.01705300700223,0.547392827848035,276,,,,,,,,,,,,,,,,,,,,,,,,,,,,,,,,,,,,,,,,,,,,,,,,,,,,,,,,,,,,,,,,,,,,,,,,,,,,,,,,,,,,,,,,,,,,,,,,,,,,,,,,,,,,,,,,,,,,,,,,,,,,,,,,,,,,,,,,,,,,,,,,,,,,,,,,,,,,,,,,
330,PP,LT,#1,#9,DIESEL_1,27055.684163552083,1.1744882133004797,1.868045597252211,50000000,-0.24859977527136862,1.0859525384446156,70.4431017974924,,,,,,,,,,,,,,,PE,LT,#5,#4,WAX_1,1.5082934419264458,3.0319618424293315,83.1984231520339,-0.29949642440918184,-0.3592396653776932,-29.540326279272985,0.6449412722006519,,,,,,,,,,,,,,,,PVC,LT,#1,#4,GASOLINE_1,0.9533333689213762,2.3054120618450638,37.1002089193227,-0.5051724548413882,-1.0137762865071853,-20.614792094485445,0.4443483555762739,277,,,,,,,,,,,,,,,,,,,,,,,,,,,,,,,,,,,,,,,,,,,,,,,,,,,,,,,,,,,,,,,,,,,,,,,,,,,,,,,,,,,,,,,,,,,,,,,,,,,,,,,,,,,,,,,,,,,,,,,,,,,,,,,,,,,,,,,,,,,,,,,,,,,,,,,,,,,,,,,,
331,PP,LT,#1,#10,DIESEL_1,15480.810652686845,1.236936751434918,2.293462980289629,50000000,-0.35757383845709256,0.5919405012096748,74.95033256857185,,,,,,,,,,,,,,,PE,LT,#5,#6,WAX_1,1.4488186896273667,2.79235863275421,80.31329125605416,-0.24343222134227088,-0.12539437523950786,-26.56389848813107,0.6692465459616108,,,,,,,,,,,,,,,,PVC,LT,#1,#5,GASOLINE_1,1.0383385158755538,2.23553143463619,39.5640841193227,-0.3750488120682962,-0.8704859485564134,-15.668429224177956,0.6039734124282267,278,,,,,,,,,,,,,,,,,,,,,,,,,,,,,,,,,,,,,,,,,,,,,,,,,,,,,,,,,,,,,,,,,,,,,,,,,,,,,,,,,,,,,,,,,,,,,,,,,,,,,,,,,,,,,,,,,,,,,,,,,,,,,,,,,,,,,,,,,,,,,,,,,,,,,,,,,,,,,,,,
332,PP,LT,#1,#11,DIESEL_1,15961.5248720011,1.2501187911672407,2.3003255792957478,50000000,-0.36397220218146836,0.6140453049755686,74.51147336857186,,,,,,,,,,,,,,,PE,LT,#5,#7,WAX_1,1.4963501550469964,3.020004009299804,83.00764356257513,-0.269521886316782,-0.3360384099325299,-28.95013884393568,0.6512352645920892,,,,,,,,,,,,,,,,PVC,LT,#1,#11,GASOLINE_1,0.8973989244671191,1.3359902701997564,33.36084738559648,-0.4024697785206027,-0.037077668920609055,-16.539514365050287,0.5042237934222494,279,,,,,,,,,,,,,,,,,,,,,,,,,,,,,,,,,,,,,,,,,,,,,,,,,,,,,,,,,,,,,,,,,,,,,,,,,,,,,,,,,,,,,,,,,,,,,,,,,,,,,,,,,,,,,,,,,,,,,,,,,,,,,,,,,,,,,,,,,,,,,,,,,,,,,,,,,,,,,,,,
333,PP,LT,#2,#1,DIESEL_1,12201.141285939446,1.2375869710543062,2.714339130370434,50000000,-0.42683680930123263,0.29849916512126534,75.9676490968755,,,,,,,,,,,,,,,PE,LT,#5,#9,WAX_1,1.490447669371516,2.960205453719863,82.82006863119595,-0.2599463739498353,-0.27438194225409207,-28.856006766673886,0.651581950563554,,,,,,,,,,,,,,,,PVC,LT,#2,#1,Olefin,0.9224740822782181,1.9876900878812733,32.646182203002695,-0.4647779708184631,-0.687205913815054,-14.568395918674986,0.553748863248854,280,,,,,,,,,,,,,,,,,,,,,,,,,,,,,,,,,,,,,,,,,,,,,,,,,,,,,,,,,,,,,,,,,,,,,,,,,,,,,,,,,,,,,,,,,,,,,,,,,,,,,,,,,,,,,,,,,,,,,,,,,,,,,,,,,,,,,,,,,,,,,,,,,,,,,,,,,,,,,,,,
334,PP,LT,#2,#2,DIESEL_1,2344.7206560312725,1.276996940561494,2.780960614373305,50000000,-0.48952752994841775,0.21278510388468147,77.3176513368755,,,,,,,,,,,,,,,PE,HT,#1,-,MeOH_1,1.1974894422263485,3.686610528050007,85.04136933738852,0.24873875964083467,-0.8916347955672014,-34.053927966246846,0.5995604465028881,,,,,,,,,,,,,,,,PVC,LT,#2,#2,FT_1,1.391070853912385,2.2549278082859807,46.0637114830027,-0.7653699953391413,-0.9090618977725139,-21.13447275105869,0.5411904062733369,281,,,,,,,,,,,,,,,,,,,,,,,,,,,,,,,,,,,,,,,,,,,,,,,,,,,,,,,,,,,,,,,,,,,,,,,,,,,,,,,,,,,,,,,,,,,,,,,,,,,,,,,,,,,,,,,,,,,,,,,,,,,,,,,,,,,,,,,,,,,,,,,,,,,,,,,,,,,,,,,,
335,PP,LT,#2,#3,DIESEL_1,15204.827154488941,1.22374995792466,2.4812879064144107,50000000,-0.39539258692337526,0.5492619338597032,75.18591337951487,,,,,,,,,,,,,,,PE,HT,#2,-,FT_1,1.3225573040391234,4.653834139488559,89.1893064783005,0.14666670637081522,-1.9449656814874714,-37.857519138772616,0.5755374648194709,,,,,,,,,,,,,,,,PVC,LT,#2,#4,Olefin,1.0035002740932795,2.5297468130520238,38.937813883002704,-0.6017879845727131,-1.266822338052039,-21.732211838541907,0.44187385804860135,282,,,,,,,,,,,,,,,,,,,,,,,,,,,,,,,,,,,,,,,,,,,,,,,,,,,,,,,,,,,,,,,,,,,,,,,,,,,,,,,,,,,,,,,,,,,,,,,,,,,,,,,,,,,,,,,,,,,,,,,,,,,,,,,,,,,,,,,,,,,,,,,,,,,,,,,,,,,,,,,,
336,PP,LT,#2,#4,DIESEL_1,2121.385924730957,1.2861364169423957,2.9115877228675435,50000000,-0.513689508820836,0.039581403848531545,78.95124013687551,,,,,,,,,,,,,,,PE,HT,#3,-,H2_1,1.2477668797528663,3.979856352125911,82.5333870683591,0.5241853013595061,-0.966951774341979,-26.12669455254547,0.6834409021538668,,,,,,,,,,,,,,,,PVC,LT,#2,#5,FT_1,1.0885054210474574,2.4598661858431505,41.40168908300271,-0.4716643417996216,-1.1235320001012672,-16.785848968234415,0.5945612524507901,283,,,,,,,,,,,,,,,,,,,,,,,,,,,,,,,,,,,,,,,,,,,,,,,,,,,,,,,,,,,,,,,,,,,,,,,,,,,,,,,,,,,,,,,,,,,,,,,,,,,,,,,,,,,,,,,,,,,,,,,,,,,,,,,,,,,,,,,,,,,,,,,,,,,,,,,,,,,,,,,,
337,PP,LT,#2,#5,DIESEL_1,4989.660504631845,1.3310480104598739,3.024805088887331,50000000,-0.5211234589547954,-0.0027192244011473654,79.95003117687551,,,,,,,,,,,,,,,PE,HT,#4,-,MeOH_1,1.6143377923938473,7.294891462810497,126.97420121226847,-0.2545526697874129,-4.55836139004499,-78.53346373842669,0.38150062777604105,,,,,,,,,,,,,,,,PVC,LT,#2,#7,Olefin,0.8833025865961343,1.3066414599060514,32.168359067244474,-0.4092168037260337,-0.008959627486686557,-14.217901982281898,0.5580159388123929,284,,,,,,,,,,,,,,,,,,,,,,,,,,,,,,,,,,,,,,,,,,,,,,,,,,,,,,,,,,,,,,,,,,,,,,,,,,,,,,,,,,,,,,,,,,,,,,,,,,,,,,,,,,,,,,,,,,,,,,,,,,,,,,,,,,,,,,,,,,,,,,,,,,,,,,,,,,,,,,,,
338,PP,LT,#2,#6,DIESEL_1,0,1.1366919662573114,1.9625871932611763,50000000,-0.3742952735261923,1.0438072313354712,68.58610153369186,,,,,,,,,,,,,,,PE,HT,#5,-,FT_1,1.7413561432023161,8.599926528320786,131.0738728783005,-0.2799785876937733,-5.898675733504049,-80.61265919450277,0.3849830067251463,,,,,,,,,,,,,,,,PVC,LT,#2,#8,Olefin,0.9251257897036047,1.3828131542824582,33.29321537327646,-0.472793257191711,-0.1087958779242906,-15.735550980982941,0.5273646355703622,285,,,,,,,,,,,,,,,,,,,,,,,,,,,,,,,,,,,,,,,,,,,,,,,,,,,,,,,,,,,,,,,,,,,,,,,,,,,,,,,,,,,,,,,,,,,,,,,,,,,,,,,,,,,,,,,,,,,,,,,,,,,,,,,,,,,,,,,,,,,,,,,,,,,,,,,,,,,,,,,,
339,PP,LT,#2,#7,DIESEL_1,12164.001108392027,1.2298726264829491,2.6150739085758845,50000000,-0.4176158001000128,0.39670016118395596,75.60814403609187,,,,,,,,,,,,,,,PE,HT,#7,-,MeOH_1,1.1874037056598399,3.5830892458515953,84.30952905219588,0.24341684153463944,-0.800671398448388,-33.10858734599362,0.6072972092455154,,,,,,,,,,,,,,,,PVC,LT,#2,#10,Olefin,0.9295506810998666,1.4717648898853275,34.723485307244474,-0.4799657371306467,-0.19216182542685925,-17.021718650003677,0.5097923350899232,286,,,,,,,,,,,,,,,,,,,,,,,,,,,,,,,,,,,,,,,,,,,,,,,,,,,,,,,,,,,,,,,,,,,,,,,,,,,,,,,,,,,,,,,,,,,,,,,,,,,,,,,,,,,,,,,,,,,,,,,,,,,,,,,,,,,,,,,,,,,,,,,,,,,,,,,,,,,,,,,,
340,PP,LT,#2,#8,DIESEL_1,4981.676696446828,1.2809968386570532,2.7188727436860396,50000000,-0.4903600431925447,0.27372891850317566,77.02944866212387,,,,,,,,,,,,,,,PE,HT,#8,-,FT_1,1.3533122341681387,4.608872809971183,92.91431271822788,0.08266691858094759,-1.9619018905314904,-44.091591370976964,0.5254596403818946,,,,,,,,,,,,,,,,PVC,LT,#2,#11,Olefin,0.9475658296390224,1.5603250214067161,35.198452349276465,-0.4990853082519278,-0.2901237204654622,-17.656934109106736,0.4983604979589482,287,,,,,,,,,,,,,,,,,,,,,,,,,,,,,,,,,,,,,,,,,,,,,,,,,,,,,,,,,,,,,,,,,,,,,,,,,,,,,,,,,,,,,,,,,,,,,,,,,,,,,,,,,,,,,,,,,,,,,,,,,,,,,,,,,,,,,,,,,,,,,,,,,,,,,,,,,,,,,,,,
341,PP,LT,#2,#9,DIESEL_1,14806.00616764621,1.2165270740376537,2.455155007841779,50000000,-0.3901703517766268,0.5722447653994444,74.77018174501241,,,,,,,,,,,,,,,PE,HT,#9,-,H2_1,1.23918378153996,3.9648475958315266,81.75017313406491,0.5083565562899779,-0.966730678917473,-25.808864378809968,0.6842959055697029,,,,,,,,,,,,,,,,PVC,LT,#3,#1,MeOH_1,0.9785532722071423,2.4227785998503593,36.948797022886296,-0.4313047615154139,-1.0451764873259621,-18.184173189559075,0.5078547975920381,288,,,,,,,,,,,,,,,,,,,,,,,,,,,,,,,,,,,,,,,,,,,,,,,,,,,,,,,,,,,,,,,,,,,,,,,,,,,,,,,,,,,,,,,,,,,,,,,,,,,,,,,,,,,,,,,,,,,,,,,,,,,,,,,,,,,,,,,,,,,,,,,,,,,,,,,,,,,,,,,,
342,PP,LT,#2,#10,DIESEL_1,3231.13265678097,1.2789756121720939,2.880572390879197,50000000,-0.49914441496235257,0.07823272816450358,79.27741251609186,,,,,,,,,,,,,,,PE,HT,#10,-,MeOH_1,1.6046174189692197,7.21830915510747,126.1101818521959,-0.2393719856369128,-4.482340553572752,-76.25923437150924,0.39529676944810965,,,,,,,,,,,,,,,,PVC,LT,#3,#2,MeOH_1,1.4471500438413087,2.690016320255066,50.36632630288629,-0.7318967860360913,-1.2670324712834216,-24.750250021942772,0.5085952889813122,289,,,,,,,,,,,,,,,,,,,,,,,,,,,,,,,,,,,,,,,,,,,,,,,,,,,,,,,,,,,,,,,,,,,,,,,,,,,,,,,,,,,,,,,,,,,,,,,,,,,,,,,,,,,,,,,,,,,,,,,,,,,,,,,,,,,,,,,,,,,,,,,,,,,,,,,,,,,,,,,,
343,PP,LT,#2,#11,DIESEL_1,3711.846876095227,1.2921576519044147,2.8874349898853153,50000000,-0.5055427786867267,0.10033753193039804,78.83855331609188,,,,,,,,,,,,,,,PE,LT,#3,-,WAX_1,1.455985001138819,2.768740759319183,80.42346010541691,-0.21873684888752806,-0.07867824563941747,-26.206705672881156,0.674141032498103,,,,,,,,,,,,,,,,PVC,LT,#3,#3,MeOH_1,0.9558334042796487,1.6472429775636859,34.51607974109726,-0.3782098719814966,-0.26425190760834816,-15.380850148332307,0.5543859481232223,290,,,,,,,,,,,,,,,,,,,,,,,,,,,,,,,,,,,,,,,,,,,,,,,,,,,,,,,,,,,,,,,,,,,,,,,,,,,,,,,,,,,,,,,,,,,,,,,,,,,,,,,,,,,,,,,,,,,,,,,,,,,,,,,,,,,,,,,,,,,,,,,,,,,,,,,,,,,,,,,,
344,PP,LT,#3,#1,DIESEL_1,45267.24546746008,1.3461698405139697,3.587170785596956,50000000,-0.3511555045974073,-0.6049962989317319,84.57975125983184,,,,,,,,,,,,,,,PE,LT,#9,-,WAX_1,1.4741545644331087,2.9322367506692575,82.61166088938236,-0.23676347859616453,-0.24217423698949248,-28.541923132805657,0.6545049109831661,,,,,,,,,,,,,,,,PVC,LT,#3,#4,MeOH_1,1.0595794640222036,2.9648353250211095,43.240428702886305,-0.5683147752696637,-1.6247929115629471,-25.347989109426003,0.4137895976102101,291,,,,,,,,,,,,,,,,,,,,,,,,,,,,,,,,,,,,,,,,,,,,,,,,,,,,,,,,,,,,,,,,,,,,,,,,,,,,,,,,,,,,,,,,,,,,,,,,,,,,,,,,,,,,,,,,,,,,,,,,,,,,,,,,,,,,,,,,,,,,,,,,,,,,,,,,,,,,,,,,
345,PP,LT,#3,#2,DIESEL_1,35410.8248375519,1.3855798100211576,3.653792269599827,50000000,-0.4138462252445922,-0.6907103601683161,85.92975349983183,,,,,,,,,,,,,,,PE,SG,#1,-,MeOH_1,0.8920572385144032,4.041559744044348,85.37226838506902,0.32959293029591435,-1.300774986974063,-39.415495144902614,0.5383103214837841,,,,,,,,,,,,,,,,PVC,LT,#3,#5,FT_1,1.144584610976381,2.894954697812236,45.70430390288629,-0.43819113249657177,-1.481502573612175,-20.40162623911849,0.5536169573336375,292,,,,,,,,,,,,,,,,,,,,,,,,,,,,,,,,,,,,,,,,,,,,,,,,,,,,,,,,,,,,,,,,,,,,,,,,,,,,,,,,,,,,,,,,,,,,,,,,,,,,,,,,,,,,,,,,,,,,,,,,,,,,,,,,,,,,,,,,,,,,,,,,,,,,,,,,,,,,,,,,
346,PP,LT,#3,#3,DIESEL_1,48270.93133600957,1.332332827384325,3.354119561640933,50000000,-0.319711282219551,-0.35423353019329457,83.7980155424712,,,,,,,,,,,,,,,PE,SG,#2,-,FT_1,1.1357209096994019,5.677962293925761,93.21430645110102,0.07762859270418318,-3.1646440445287674,-49.816111265798085,0.46557440416154416,,,,,,,,,,,,,,,,PVC,LT,#3,#7,MeOH_1,0.9393817765250586,1.7417299718751371,36.47097388712806,-0.37574359442298444,-0.3669302009975946,-17.833679253165972,0.5110171911405927,293,,,,,,,,,,,,,,,,,,,,,,,,,,,,,,,,,,,,,,,,,,,,,,,,,,,,,,,,,,,,,,,,,,,,,,,,,,,,,,,,,,,,,,,,,,,,,,,,,,,,,,,,,,,,,,,,,,,,,,,,,,,,,,,,,,,,,,,,,,,,,,,,,,,,,,,,,,,,,,,,
347,PP,LT,#3,#4,DIESEL_1,35187.49010625159,1.3947192864020608,3.7844193780940665,50000000,-0.4380082041170121,-0.8639140602044663,87.56334229983185,,,,,,,,,,,,,,,PE,SG,#3,-,H2_1,0.8079282840447151,5.1567611694152165,77.33209524398757,0.8722376422661786,-2.0998157256304353,-20.2153489612401,0.738590440392706,,,,,,,,,,,,,,,,PVC,LT,#3,#8,MeOH_1,0.9812049796325291,1.8179016662515444,37.59583019316007,-0.4393200478886617,-0.46676645143519907,-19.351328251867038,0.4852799325764673,294,,,,,,,,,,,,,,,,,,,,,,,,,,,,,,,,,,,,,,,,,,,,,,,,,,,,,,,,,,,,,,,,,,,,,,,,,,,,,,,,,,,,,,,,,,,,,,,,,,,,,,,,,,,,,,,,,,,,,,,,,,,,,,,,,,,,,,,,,,,,,,,,,,,,,,,,,,,,,,,,
348,PP,LT,#3,#5,DIESEL_1,38055.76468615248,1.4396308799195392,3.897636744113853,50000000,-0.4454421542509714,-0.9062146884541449,88.56213333983183,,,,,,,,,,,,,,,PE,SG,#4,-,MeOH_1,1.340472075275999,9.289262571719169,141.38444278506904,-0.1270978456627246,-6.55753902843744,-94.56642985724342,0.33113977751426155,,,,,,,,,,,,,,,,PVC,LT,#3,#9,MeOH_1,0.9381862265805375,1.712972638496625,38.134245232252376,-0.3606438259744483,-0.33150620697982996,-19.23150291449939,0.49568943092036927,295,,,,,,,,,,,,,,,,,,,,,,,,,,,,,,,,,,,,,,,,,,,,,,,,,,,,,,,,,,,,,,,,,,,,,,,,,,,,,,,,,,,,,,,,,,,,,,,,,,,,,,,,,,,,,,,,,,,,,,,,,,,,,,,,,,,,,,,,,,,,,,,,,,,,,,,,,,,,,,,,
349,PP,LT,#3,#6,DIESEL_1,33066.10418152063,1.2452748357169763,2.835418848487699,50000000,-0.29861396882236846,0.14031176728247285,77.1982036966482,,,,,,,,,,,,,,,PE,SG,#6,-,MeOH_1,0.9176419136555048,4.017470396803597,88.99923978878815,0.3797395718527838,-1.2348686911718088,-41.70676480770435,0.5313806622766407,,,,,,,,,,,,,,,,PVC,LT,#3,#10,MeOH_1,0.9856298710287911,1.9068534018544137,39.02610012712807,-0.44649252782759763,-0.5501323989377678,-20.637495920887766,0.4711873373547233,296,,,,,,,,,,,,,,,,,,,,,,,,,,,,,,,,,,,,,,,,,,,,,,,,,,,,,,,,,,,,,,,,,,,,,,,,,,,,,,,,,,,,,,,,,,,,,,,,,,,,,,,,,,,,,,,,,,,,,,,,,,,,,,,,,,,,,,,,,,,,,,,,,,,,,,,,,,,,,,,,
350,PP,LT,#3,#7,DIESEL_1,45230.10528991266,1.338455495942614,3.4879055638024066,50000000,-0.3419344953961886,-0.5067953028690418,84.22024619904819,,,,,,,,,,,,,,,PE,SG,#7,-,FT_1,1.1591183648757653,6.044972656811135,99.64161065482017,0.1354954200016688,-3.4585646914627786,-55.796290260168725,0.44003022538988257,,,,,,,,,,,,,,,,PVC,LT,#3,#11,MeOH_1,1.0036450195679463,1.995413533375802,39.50106716916007,-0.46561209894887834,-0.6480942939763704,-21.272711379990827,0.4614648943814052,297,,,,,,,,,,,,,,,,,,,,,,,,,,,,,,,,,,,,,,,,,,,,,,,,,,,,,,,,,,,,,,,,,,,,,,,,,,,,,,,,,,,,,,,,,,,,,,,,,,,,,,,,,,,,,,,,,,,,,,,,,,,,,,,,,,,,,,,,,,,,,,,,,,,,,,,,,,,,,,,,
351,PP,LT,#3,#8,DIESEL_1,38047.78087796746,1.3895797081167178,3.5917043989125608,50000000,-0.41467873848872044,-0.6297665455498209,85.64155082508019,,,,,,,,,,,,,,,PE,SG,#8,-,H2_1,0.8951431137925905,5.690493860474993,90.3027197143264,0.9189169420838947,-2.554007169355174,-33.12553529515975,0.6331723407672246,,,,,,,,,,,,,,,,PVC,LT,#4,#1,GASOLINE_1,1.0365624809782419,2.5578106627207564,38.1961283689183,-0.5112543907972767,-1.2181181376301484,-20.084974064991094,0.47416204409515417,298,,,,,,,,,,,,,,,,,,,,,,,,,,,,,,,,,,,,,,,,,,,,,,,,,,,,,,,,,,,,,,,,,,,,,,,,,,,,,,,,,,,,,,,,,,,,,,,,,,,,,,,,,,,,,,,,,,,,,,,,,,,,,,,,,,,,,,,,,,,,,,,,,,,,,,,,,,,,,,,,
352,PP,LT,#3,#9,DIESEL_1,47872.11034916685,1.3251099434973188,3.3279866630683013,50000000,-0.31448904707280295,-0.33125069865355283,83.38228390796876,,,,,,,,,,,,,,,PE,SG,#9,-,MeOH_1,1.3672145789292225,9.421619183295167,143.96028458878817,-0.09635159475567946,-6.657345302027512,-97.3065104073078,0.3240739229902428,,,,,,,,,,,,,,,,PVC,LT,#4,#2,FT_1,1.5051592526124085,2.8250483831254636,51.613657648918306,-0.8118464153179544,-1.4399741215876087,-26.651050897374787,0.48364343642029545,299,,,,,,,,,,,,,,,,,,,,,,,,,,,,,,,,,,,,,,,,,,,,,,,,,,,,,,,,,,,,,,,,,,,,,,,,,,,,,,,,,,,,,,,,,,,,,,,,,,,,,,,,,,,,,,,,,,,,,,,,,,,,,,,,,,,,,,,,,,,,,,,,,,,,,,,,,,,,,,,,
353,PP,LT,#3,#10,DIESEL_1,36297.23683830161,1.3875584816317577,3.75340404610572,50000000,-0.423463110258527,-0.8252627358884945,87.88951467904822,,,,,,,,,,,,,,,PE,SG,#10,-,FT_1,1.592130383258518,11.038806485766504,151.25420265482018,-0.29713594412017386,-8.451490998443832,-107.48688580159421,0.2893626496653988,,,,,,,,,,,,,,,,PVC,LT,#4,#3,GASOLINE_1,1.0138426130507483,1.7822750404340824,35.76341108712925,-0.4581595012633594,-0.4371935579125345,-17.28165102376431,0.5167784476245407,300,,,,,,,,,,,,,,,,,,,,,,,,,,,,,,,,,,,,,,,,,,,,,,,,,,,,,,,,,,,,,,,,,,,,,,,,,,,,,,,,,,,,,,,,,,,,,,,,,,,,,,,,,,,,,,,,,,,,,,,,,,,,,,,,,,,,,,,,,,,,,,,,,,,,,,,,,,,,,,,,
354,PP,LT,#3,#11,DIESEL_1,36777.951057615865,1.4007405213640793,3.7602666451118387,50000000,-0.4298614739829024,-0.803157932122601,87.4506554790482,,,,,,,,,,,,,,,PE,OG,#1,-,MeOH_1,0.7823611669373499,2.5508674606310446,54.07164927999999,-0.2348086875522199,-0.20544431110363215,-29.320413141205997,0.45774886596531056,,,,,,,,,,,,,,,,PVC,LT,#4,#4,GASOLINE_1,1.1175886727933033,3.099867387891506,44.4877600489183,-0.6482644045515269,-1.7977345618671328,-27.248789984857996,0.3874991693244276,301,,,,,,,,,,,,,,,,,,,,,,,,,,,,,,,,,,,,,,,,,,,,,,,,,,,,,,,,,,,,,,,,,,,,,,,,,,,,,,,,,,,,,,,,,,,,,,,,,,,,,,,,,,,,,,,,,,,,,,,,,,,,,,,,,,,,,,,,,,,,,,,,,,,,,,,,,,,,,,,,
355,PP,LT,#4,#1,DIESEL_1,34289.99174966302,1.4044640527209742,3.837073162547333,50000000,-0.4235543024805233,-0.7925827003252205,86.97366165983183,,,,,,,,,,,,,,,PE,HG,#2,-,DIESEL_1,1.0737498384260171,2.4946183111458127,80.32142112,-0.20505680376911742,-0.10262009118621826,-42.73940753718327,0.4678952769855665,,,,,,,,,,,,,,,,PVC,LT,#4,#5,FT_1,1.2025938197474806,3.0299867606826325,46.95163524891829,-0.5181407617784346,-1.6544442239163608,-22.302427114550504,0.5249914726864742,302,,,,,,,,,,,,,,,,,,,,,,,,,,,,,,,,,,,,,,,,,,,,,,,,,,,,,,,,,,,,,,,,,,,,,,,,,,,,,,,,,,,,,,,,,,,,,,,,,,,,,,,,,,,,,,,,,,,,,,,,,,,,,,,,,,,,,,,,,,,,,,,,,,,,,,,,,,,,,,,,
356,PP,LT,#4,#2,DIESEL_1,24433.57111975485,1.443874022228162,3.9036946465502043,50000000,-0.4862450231277083,-0.8782967615618047,88.32366389983184,,,,,,,,,,,,,,,PE,HG,#4,-,MeOH_1,1.1377693993310476,3.005561994045711,88.17238736,-0.2820767561541481,-0.5930753549495176,-50.24534461241865,0.43014648784237414,,,,,,,,,,,,,,,,PVC,LT,#4,#6,GASOLINE_1,0.9216763387983257,1.4800305239164928,33.554902096462804,-0.41306754862956924,-0.17289492701952963,-14.960839599646055,0.5541384815656144,303,,,,,,,,,,,,,,,,,,,,,,,,,,,,,,,,,,,,,,,,,,,,,,,,,,,,,,,,,,,,,,,,,,,,,,,,,,,,,,,,,,,,,,,,,,,,,,,,,,,,,,,,,,,,,,,,,,,,,,,,,,,,,,,,,,,,,,,,,,,,,,,,,,,,,,,,,,,,,,,,
357,PP,LT,#4,#3,DIESEL_1,37293.677618212525,1.3906270395913276,3.604021938591311,50000000,-0.3921100801026655,-0.5418199315867832,86.19192594247122,,,,,,,,,,,,,,,,,,,,,,,,,,,,,,,,,,,,,,,,,,PVC,LT,#4,#7,GASOLINE_1,0.997390985296158,1.8767620347455334,37.71830523316007,-0.45569322370484716,-0.5398718513017806,-19.734480128597998,0.47679303174925214,304,,,,,,,,,,,,,,,,,,,,,,,,,,,,,,,,,,,,,,,,,,,,,,,,,,,,,,,,,,,,,,,,,,,,,,,,,,,,,,,,,,,,,,,,,,,,,,,,,,,,,,,,,,,,,,,,,,,,,,,,,,,,,,,,,,,,,,,,,,,,,,,,,,,,,,,,,,,,,,,,
358,PP,LT,#4,#4,DIESEL_1,24210.236388454534,1.4530134986090637,4.034321755044443,50000000,-0.5104070020001267,-1.0515004615979548,89.95725269983183,,,,,,,,,,,,,,,,,,,,,,,,,,,,,,,,,,,,,,,,,,PVC,LT,#4,#8,GASOLINE_1,1.0392141884036286,1.9529337291219406,38.843161539192074,-0.5192696771705245,-0.6397081017393851,-21.25212912729905,0.45287334281850306,305,,,,,,,,,,,,,,,,,,,,,,,,,,,,,,,,,,,,,,,,,,,,,,,,,,,,,,,,,,,,,,,,,,,,,,,,,,,,,,,,,,,,,,,,,,,,,,,,,,,,,,,,,,,,,,,,,,,,,,,,,,,,,,,,,,,,,,,,,,,,,,,,,,,,,,,,,,,,,,,,
359,PP,LT,#4,#5,DIESEL_1,27078.510968355422,1.4979250921265417,4.147539121064232,50000000,-0.5178409521340859,-1.0938010898476347,90.95604373983184,,,,,,,,,,,,,,,,,,,,,,,,,,,,,,,,,,,,,,,,,,PVC,LT,#4,#9,GASOLINE_1,0.9961954353516371,1.8480047013670216,39.38157657828438,-0.44059345525631116,-0.5044478572840158,-21.132303789931406,0.46339619624105927,306,,,,,,,,,,,,,,,,,,,,,,,,,,,,,,,,,,,,,,,,,,,,,,,,,,,,,,,,,,,,,,,,,,,,,,,,,,,,,,,,,,,,,,,,,,,,,,,,,,,,,,,,,,,,,,,,,,,,,,,,,,,,,,,,,,,,,,,,,,,,,,,,,,,,,,,,,,,,,,,,
360,PP,LT,#4,#6,DIESEL_1,22088.85046372358,1.3035690479239792,3.0853212254380775,50000000,-0.3710127667054829,-0.04727463411101669,79.5921140966482,,,,,,,,,,,,,,,,,,,,,,,,,,,,,,,,,,,,,,,,,,PVC,LT,#4,#10,GASOLINE_1,1.0436390797998905,2.04188546472481,40.27343147316007,-0.5264421571094604,-0.7230740492419538,-22.53829679631978,0.440368104432813,307,,,,,,,,,,,,,,,,,,,,,,,,,,,,,,,,,,,,,,,,,,,,,,,,,,,,,,,,,,,,,,,,,,,,,,,,,,,,,,,,,,,,,,,,,,,,,,,,,,,,,,,,,,,,,,,,,,,,,,,,,,,,,,,,,,,,,,,,,,,,,,,,,,,,,,,,,,,,,,,,
361,PP,LT,#4,#7,DIESEL_1,34252.85157211561,1.3967497081496167,3.737807940752785,50000000,-0.41433329327930307,-0.6943817042625317,86.6141565990482,,,,,,,,,,,,,,,,,,,,,,,,,,,,,,,,,,,,,,,,,,PVC,LT,#4,#11,GASOLINE_1,1.061654228339046,2.130445596246199,40.74839851519207,-0.5455617282307412,-0.821035944280557,-23.173512255422846,0.43130250267913844,308,,,,,,,,,,,,,,,,,,,,,,,,,,,,,,,,,,,,,,,,,,,,,,,,,,,,,,,,,,,,,,,,,,,,,,,,,,,,,,,,,,,,,,,,,,,,,,,,,,,,,,,,,,,,,,,,,,,,,,,,,,,,,,,,,,,,,,,,,,,,,,,,,,,,,,,,,,,,,,,,
362,PP,LT,#4,#8,DIESEL_1,27070.527160170408,1.4478739203237205,3.8416067758629393,50000000,-0.4870775363718346,-0.8173529469433108,88.03546122508018,,,,,,,,,,,,,,,,,,,,,,,,,,,,,,,,,,,,,,,,,,PVC,LT,#5,#1,GASOLINE_1,0.9907144085230898,2.335960637888273,36.622792948438395,-0.3754862739836491,-0.9158783432106021,-16.779885250706347,0.5418185261203066,309,,,,,,,,,,,,,,,,,,,,,,,,,,,,,,,,,,,,,,,,,,,,,,,,,,,,,,,,,,,,,,,,,,,,,,,,,,,,,,,,,,,,,,,,,,,,,,,,,,,,,,,,,,,,,,,,,,,,,,,,,,,,,,,,,,,,,,,,,,,,,,,,,,,,,,,,,,,,,,,,
363,PP,LT,#4,#9,DIESEL_1,36894.85663136979,1.3834041557043228,3.5778890400186794,50000000,-0.38688784495591866,-0.5188371000470424,85.77619430796875,,,,,,,,,,,,,,,,,,,,,,,,,,,,,,,,,,,,,,,,,,PVC,LT,#5,#2,FT_1,1.459311180157256,2.60319835829298,50.0403222284384,-0.6760782985043265,-1.137734327168062,-23.345962083090043,0.533456999407124,310,,,,,,,,,,,,,,,,,,,,,,,,,,,,,,,,,,,,,,,,,,,,,,,,,,,,,,,,,,,,,,,,,,,,,,,,,,,,,,,,,,,,,,,,,,,,,,,,,,,,,,,,,,,,,,,,,,,,,,,,,,,,,,,,,,,,,,,,,,,,,,,,,,,,,,,,,,,,,,,,
364,PP,LT,#4,#10,DIESEL_1,25319.98312050455,1.4458526938387617,4.003306423056097,50000000,-0.49586190814164294,-1.0128491372819826,90.2834250790482,,,,,,,,,,,,,,,,,,,,,,,,,,,,,,,,,,,,,,,,,,PVC,LT,#5,#3,GASOLINE_1,0.967994540595596,1.5604250156015995,34.19007566664936,-0.32239138444973164,-0.13495376349298835,-13.976562209479582,0.5912099655540396,311,,,,,,,,,,,,,,,,,,,,,,,,,,,,,,,,,,,,,,,,,,,,,,,,,,,,,,,,,,,,,,,,,,,,,,,,,,,,,,,,,,,,,,,,,,,,,,,,,,,,,,,,,,,,,,,,,,,,,,,,,,,,,,,,,,,,,,,,,,,,,,,,,,,,,,,,,,,,,,,,
365,PP,LT,#4,#11,DIESEL_1,25800.697339818806,1.459034733571082,4.0101690220622155,50000000,-0.5022602718660165,-0.990744333516089,89.84456587904818,,,,,,,,,,,,,,,,,,,,,,,,,,,,,,,,,,,,,,,,,,PVC,LT,#5,#4,GASOLINE_1,1.0717406003381509,2.878017363059023,42.914424628438404,-0.5124962877378988,-1.4954947674475867,-23.943701170573274,0.44205936866490503,312,,,,,,,,,,,,,,,,,,,,,,,,,,,,,,,,,,,,,,,,,,,,,,,,,,,,,,,,,,,,,,,,,,,,,,,,,,,,,,,,,,,,,,,,,,,,,,,,,,,,,,,,,,,,,,,,,,,,,,,,,,,,,,,,,,,,,,,,,,,,,,,,,,,,,,,,,,,,,,,,
366,PP,LT,#5,#1,DIESEL_1,83350.24292917005,1.3562845687729002,3.426773356694478,50000000,-0.21564616184126179,-0.22755710340696395,83.73211035594916,,,,,,,,,,,,,,,,,,,,,,,,,,,,,,,,,,,,,,,,,,PVC,LT,#5,#5,FT_1,1.1567457472923286,2.80813673585015,45.378299828438394,-0.38237264496480716,-1.3522044294968152,-18.997338300265767,0.5813563229100925,313,,,,,,,,,,,,,,,,,,,,,,,,,,,,,,,,,,,,,,,,,,,,,,,,,,,,,,,,,,,,,,,,,,,,,,,,,,,,,,,,,,,,,,,,,,,,,,,,,,,,,,,,,,,,,,,,,,,,,,,,,,,,,,,,,,,,,,,,,,,,,,,,,,,,,,,,,,,,,,,,
367,PP,LT,#5,#2,DIESEL_1,73493.82229926188,1.3956945382800887,3.493394840697348,50000000,-0.27833688248844707,-0.31327116464354726,85.08211259594916,,,,,,,,,,,,,,,,,,,,,,,,,,,,,,,,,,,,,,,,,,PVC,LT,#5,#7,GASOLINE_1,0.9515429128410058,1.6549120099130512,36.14496981268018,-0.31992510689121934,-0.23763205688223496,-16.429391314313264,0.5454584303304745,314,,,,,,,,,,,,,,,,,,,,,,,,,,,,,,,,,,,,,,,,,,,,,,,,,,,,,,,,,,,,,,,,,,,,,,,,,,,,,,,,,,,,,,,,,,,,,,,,,,,,,,,,,,,,,,,,,,,,,,,,,,,,,,,,,,,,,,,,,,,,,,,,,,,,,,,,,,,,,,,,
368,PP,LT,#5,#3,DIESEL_1,86353.92879771956,1.342447555643254,3.1937221327384537,50000000,-0.18420193946340446,0.02320566533147484,82.95037463858853,,,,,,,,,,,,,,,,,,,,,,,,,,,,,,,,,,,,,,,,,,PVC,LT,#5,#8,GASOLINE_1,0.9933661159484763,1.731083704289458,37.269826118712174,-0.38350156035689664,-0.3374683073198393,-17.947040313014316,0.5184565590445942,315,,,,,,,,,,,,,,,,,,,,,,,,,,,,,,,,,,,,,,,,,,,,,,,,,,,,,,,,,,,,,,,,,,,,,,,,,,,,,,,,,,,,,,,,,,,,,,,,,,,,,,,,,,,,,,,,,,,,,,,,,,,,,,,,,,,,,,,,,,,,,,,,,,,,,,,,,,,,,,,,
369,PP,LT,#5,#4,DIESEL_1,73270.48756796158,1.40483401466099,3.6240219491915884,50000000,-0.30249886136086546,-0.48647486467969836,86.71570139594915,,,,,,,,,,,,,,,,,,,,,,,,,,,,,,,,,,,,,,,,,,PVC,LT,#5,#10,GASOLINE_1,0.9977910073447381,1.8200354398923273,38.70009605268017,-0.39067404029583236,-0.42083425482240766,-19.23320798203504,0.5030191150984741,316,,,,,,,,,,,,,,,,,,,,,,,,,,,,,,,,,,,,,,,,,,,,,,,,,,,,,,,,,,,,,,,,,,,,,,,,,,,,,,,,,,,,,,,,,,,,,,,,,,,,,,,,,,,,,,,,,,,,,,,,,,,,,,,,,,,,,,,,,,,,,,,,,,,,,,,,,,,,,,,,
370,PP,LT,#5,#5,DIESEL_1,76138.76214786245,1.4497456081784696,3.7372393152113736,50000000,-0.30993281149482627,-0.5287754929293754,87.71449243594917,,,,,,,,,,,,,,,,,,,,,,,,,,,,,,,,,,,,,,,,,,PVC,LT,#5,#11,GASOLINE_1,1.0158061558838938,1.9085955714137162,39.17506309471218,-0.40979361141711346,-0.5187961498610109,-19.86842344113811,0.49282982919254226,317,,,,,,,,,,,,,,,,,,,,,,,,,,,,,,,,,,,,,,,,,,,,,,,,,,,,,,,,,,,,,,,,,,,,,,,,,,,,,,,,,,,,,,,,,,,,,,,,,,,,,,,,,,,,,,,,,,,,,,,,,,,,,,,,,,,,,,,,,,,,,,,,,,,,,,,,,,,,,,,,
371,PP,LT,#5,#6,DIESEL_1,71149.1016432306,1.2553895639759054,2.67502141958522,50000000,-0.16310462606622153,0.517750962807242,76.3505627927655,,,,,,,,,,,,,,,,,,,,,,,,,,,,,,,,,,,,,,,,,,PVC,LT,#6,#1,MeOH_1,1.1030218136198662,3.038733292584192,45.357933662886296,-0.3538069415417203,-1.5362530896892113,-20.819313556840942,0.5409995148461503,318,,,,,,,,,,,,,,,,,,,,,,,,,,,,,,,,,,,,,,,,,,,,,,,,,,,,,,,,,,,,,,,,,,,,,,,,,,,,,,,,,,,,,,,,,,,,,,,,,,,,,,,,,,,,,,,,,,,,,,,,,,,,,,,,,,,,,,,,,,,,,,,,,,,,,,,,,,,,,,,,
372,PP,LT,#5,#7,DIESEL_1,83313.10275162263,1.3485702242015443,3.3275081348999276,50000000,-0.20642515264004302,-0.12935610734427244,83.3726052951655,,,,,,,,,,,,,,,,,,,,,,,,,,,,,,,,,,,,,,,,,,PVC,LT,#6,#2,MeOH_1,1.5716185852540332,3.3059710129888993,58.775462942886286,-0.6543989660623984,-1.7581090736466711,-27.385390389224625,0.534067636084198,319,,,,,,,,,,,,,,,,,,,,,,,,,,,,,,,,,,,,,,,,,,,,,,,,,,,,,,,,,,,,,,,,,,,,,,,,,,,,,,,,,,,,,,,,,,,,,,,,,,,,,,,,,,,,,,,,,,,,,,,,,,,,,,,,,,,,,,,,,,,,,,,,,,,,,,,,,,,,,,,,
373,PP,LT,#5,#8,DIESEL_1,76130.77833967745,1.3996944363756472,3.4313069700100822,50000000,-0.27916939573257377,-0.2523273500250524,84.7939099211975,,,,,,,,,,,,,,,,,,,,,,,,,,,,,,,,,,,,,,,,,,PVC,LT,#6,#4,MeOH_1,1.1840480054349274,3.5807900177549428,51.649565342886284,-0.4908169552959704,-2.1158695139261963,-27.98312947670786,0.4582117140592359,320,,,,,,,,,,,,,,,,,,,,,,,,,,,,,,,,,,,,,,,,,,,,,,,,,,,,,,,,,,,,,,,,,,,,,,,,,,,,,,,,,,,,,,,,,,,,,,,,,,,,,,,,,,,,,,,,,,,,,,,,,,,,,,,,,,,,,,,,,,,,,,,,,,,,,,,,,,,,,,,,
374,PP,LT,#5,#9,DIESEL_1,85955.10781087681,1.3352246717562493,3.1675892341658223,50000000,-0.17897970431665766,0.046188496871216,82.53464300408606,,,,,,,,,,,,,,,,,,,,,,,,,,,,,,,,,,,,,,,,,,PVC,LT,#6,#5,MeOH_1,1.269053152389105,3.5109093905460687,54.113440542886295,-0.36069331252287845,-1.9725791759754234,-23.036766606400356,0.5742875268087394,321,,,,,,,,,,,,,,,,,,,,,,,,,,,,,,,,,,,,,,,,,,,,,,,,,,,,,,,,,,,,,,,,,,,,,,,,,,,,,,,,,,,,,,,,,,,,,,,,,,,,,,,,,,,,,,,,,,,,,,,,,,,,,,,,,,,,,,,,,,,,,,,,,,,,,,,,,,,,,,,,
375,PP,LT,#5,#10,DIESEL_1,74380.23430001158,1.397673209890688,3.5930066172032404,50000000,-0.28795376750238144,-0.4478235403637251,87.04187377516548,,,,,,,,,,,,,,,,,,,,,,,,,,,,,,,,,,,,,,,,,,PVC,LT,#6,#8,MeOH_1,1.105673521045253,2.4338563589853766,46.00496683316007,-0.36182222791496843,-0.9578430537984473,-21.9864686191489,0.5220848935967234,322,,,,,,,,,,,,,,,,,,,,,,,,,,,,,,,,,,,,,,,,,,,,,,,,,,,,,,,,,,,,,,,,,,,,,,,,,,,,,,,,,,,,,,,,,,,,,,,,,,,,,,,,,,,,,,,,,,,,,,,,,,,,,,,,,,,,,,,,,,,,,,,,,,,,,,,,,,,,,,,,
376,PP,LT,#5,#11,DIESEL_1,74860.94851932583,1.4108552496230087,3.5998692162093584,50000000,-0.2943521312267558,-0.42571873659783066,86.60301457516552,,,,,,,,,,,,,,,,,,,,,,,,,,,,,,,,,,,,,,,,,,PVC,LT,#6,#10,MeOH_1,1.110098412441515,2.5228080945882465,47.43523676712807,-0.3689947078539041,-1.0412090013010165,-23.27263628816963,0.5093808342852579,323,,,,,,,,,,,,,,,,,,,,,,,,,,,,,,,,,,,,,,,,,,,,,,,,,,,,,,,,,,,,,,,,,,,,,,,,,,,,,,,,,,,,,,,,,,,,,,,,,,,,,,,,,,,,,,,,,,,,,,,,,,,,,,,,,,,,,,,,,,,,,,,,,,,,,,,,,,,,,,,,
377,PP,LT,#6,#1,DIESEL_1,27553.127767377588,1.4846512139199903,4.652332204956178,50000000,-0.5547215951113438,-1.7753833700720778,97.9348507798318,,,,,,,,,,,,,,,,,,,,,,,,,,,,,,,,,,,,,,,,,,PVC,LT,#6,#11,MeOH_1,1.1281135609806705,2.6113682261096347,47.91020380916007,-0.388114278975185,-1.1391708963396192,-23.907851747272698,0.5009862232583178,324,,,,,,,,,,,,,,,,,,,,,,,,,,,,,,,,,,,,,,,,,,,,,,,,,,,,,,,,,,,,,,,,,,,,,,,,,,,,,,,,,,,,,,,,,,,,,,,,,,,,,,,,,,,,,,,,,,,,,,,,,,,,,,,,,,,,,,,,,,,,,,,,,,,,,,,,,,,,,,,,
378,PP,LT,#6,#2,DIESEL_1,17696.707137469413,1.524061183427179,4.718953688959049,50000000,-0.6174123157585293,-1.8610974313086626,99.28485301983183,,,,,,,,,,,,,,,,,,,,,,,,,,,,,,,,,,,,,,,,,,PVC,LT,#7,#1,GASOLINE_1,1.1231045365832106,3.2801819267883414,45.647827422886294,-0.5978450534611037,-1.9421327543303006,-27.358327562518607,0.4006652866725032,325,,,,,,,,,,,,,,,,,,,,,,,,,,,,,,,,,,,,,,,,,,,,,,,,,,,,,,,,,,,,,,,,,,,,,,,,,,,,,,,,,,,,,,,,,,,,,,,,,,,,,,,,,,,,,,,,,,,,,,,,,,,,,,,,,,,,,,,,,,,,,,,,,,,,,,,,,,,,,,,,
379,PP,LT,#6,#3,DIESEL_1,30556.813635927083,1.4708142007903457,4.4192809810001545,50000000,-0.5232773727334875,-1.5246206013336399,97.1531150624712,,,,,,,,,,,,,,,,,,,,,,,,,,,,,,,,,,,,,,,,,,PVC,LT,#7,#2,FT_1,1.5917013082173774,3.5474196471930473,59.065356702886284,-0.8984370779817815,-2.1639887382877596,-33.92440439490229,0.42564632995360313,326,,,,,,,,,,,,,,,,,,,,,,,,,,,,,,,,,,,,,,,,,,,,,,,,,,,,,,,,,,,,,,,,,,,,,,,,,,,,,,,,,,,,,,,,,,,,,,,,,,,,,,,,,,,,,,,,,,,,,,,,,,,,,,,,,,,,,,,,,,,,,,,,,,,,,,,,,,,,,,,,
380,PP,LT,#6,#4,MeOH_1,17473.3724061691,1.5332006598080814,4.849580797453288,50000000,-0.6415742946309486,-2.034301131344812,100.91844181983184,,,,,,,,,,,,,,,,,,,,,,,,,,,,,,,,,,,,,,,,,,PVC,LT,#7,#3,GASOLINE_1,1.100384668655717,2.504646304501667,43.21511014109724,-0.5447501639271863,-1.1612081746126863,-24.555004521291824,0.4317958593390186,327,,,,,,,,,,,,,,,,,,,,,,,,,,,,,,,,,,,,,,,,,,,,,,,,,,,,,,,,,,,,,,,,,,,,,,,,,,,,,,,,,,,,,,,,,,,,,,,,,,,,,,,,,,,,,,,,,,,,,,,,,,,,,,,,,,,,,,,,,,,,,,,,,,,,,,,,,,,,,,,,
381,PP,LT,#6,#5,DIESEL_1,20341.646986069984,1.5781122533255598,4.962798163473075,50000000,-0.6490082447649079,-2.0766017595944914,101.91723285983181,,,,,,,,,,,,,,,,,,,,,,,,,,,,,,,,,,,,,,,,,,PVC,LT,#7,#4,GASOLINE_1,1.204130728398272,3.8222386519590907,51.939459102886296,-0.7348550672153539,-2.5217491785672843,-34.52214348238552,0.3353387948457262,328,,,,,,,,,,,,,,,,,,,,,,,,,,,,,,,,,,,,,,,,,,,,,,,,,,,,,,,,,,,,,,,,,,,,,,,,,,,,,,,,,,,,,,,,,,,,,,,,,,,,,,,,,,,,,,,,,,,,,,,,,,,,,,,,,,,,,,,,,,,,,,,,,,,,,,,,,,,,,,,,
382,PP,LT,#6,#6,DIESEL_1,15351.986481438142,1.3837562091229971,3.9005802678469217,50000000,-0.5021800593363048,-1.0300753038578734,90.5533032166482,,,,,,,,,,,,,,,,,,,,,,,,,,,,,,,,,,,,,,,,,,PVC,LT,#7,#5,FT_1,1.2891358753524493,3.752358024750218,54.40333430288631,-0.6047314244422617,-2.3784588406165135,-29.57578061207803,0.45636088318746804,329,,,,,,,,,,,,,,,,,,,,,,,,,,,,,,,,,,,,,,,,,,,,,,,,,,,,,,,,,,,,,,,,,,,,,,,,,,,,,,,,,,,,,,,,,,,,,,,,,,,,,,,,,,,,,,,,,,,,,,,,,,,,,,,,,,,,,,,,,,,,,,,,,,,,,,,,,,,,,,,,
383,PP,LT,#6,#7,DIESEL_1,27515.98758983017,1.4769368693486349,4.55306698316163,50000000,-0.5455005859101248,-1.6771823740093883,97.5753457190482,,,,,,,,,,,,,,,,,,,,,,,,,,,,,,,,,,,,,,,,,,PVC,LT,#7,#6,GASOLINE_1,1.0082183944032945,2.202401787984077,41.0066011504308,-0.4996582112933965,-0.8969095437196812,-22.23419309717357,0.45778990520066576,330,,,,,,,,,,,,,,,,,,,,,,,,,,,,,,,,,,,,,,,,,,,,,,,,,,,,,,,,,,,,,,,,,,,,,,,,,,,,,,,,,,,,,,,,,,,,,,,,,,,,,,,,,,,,,,,,,,,,,,,,,,,,,,,,,,,,,,,,,,,,,,,,,,,,,,,,,,,,,,,,
384,PP,LT,#6,#8,DIESEL_1,20333.66317788497,1.5280610815227393,4.656865818271784,50000000,-0.6182448290026575,-1.8001536166901686,98.99665034508018,,,,,,,,,,,,,,,,,,,,,,,,,,,,,,,,,,,,,,,,,,PVC,LT,#7,#7,GASOLINE_1,1.083933040901127,2.5991332988131184,45.170004287128066,-0.5422838863686742,-1.2638864680019326,-27.007833626125514,0.40208476726175923,331,,,,,,,,,,,,,,,,,,,,,,,,,,,,,,,,,,,,,,,,,,,,,,,,,,,,,,,,,,,,,,,,,,,,,,,,,,,,,,,,,,,,,,,,,,,,,,,,,,,,,,,,,,,,,,,,,,,,,,,,,,,,,,,,,,,,,,,,,,,,,,,,,,,,,,,,,,,,,,,,
385,PP,LT,#6,#9,DIESEL_1,30157.99264908435,1.4635913169033397,4.3931480824275235,50000000,-0.5180551375867394,-1.5016377697938998,96.73738342796875,,,,,,,,,,,,,,,,,,,,,,,,,,,,,,,,,,,,,,,,,,PVC,LT,#7,#8,GASOLINE_1,1.1257562440085975,2.6753049931895254,46.29486059316007,-0.6058603398343517,-1.363722718439537,-28.52548262482656,0.3838304671546819,332,,,,,,,,,,,,,,,,,,,,,,,,,,,,,,,,,,,,,,,,,,,,,,,,,,,,,,,,,,,,,,,,,,,,,,,,,,,,,,,,,,,,,,,,,,,,,,,,,,,,,,,,,,,,,,,,,,,,,,,,,,,,,,,,,,,,,,,,,,,,,,,,,,,,,,,,,,,,,,,,
386,PP,LT,#6,#10,MeOH_1,18583.11913821911,1.5260398550377783,4.818565465464942,50000000,-0.6270292007724633,-1.9956498070288404,101.24461419904823,,,,,,,,,,,,,,,,,,,,,,,,,,,,,,,,,,,,,,,,,,PVC,LT,#7,#9,GASOLINE_1,1.0827374909566059,2.570375965434606,46.83327563225238,-0.5271841179201381,-1.2284624739841676,-28.405657287458915,0.3934727626034986,333,,,,,,,,,,,,,,,,,,,,,,,,,,,,,,,,,,,,,,,,,,,,,,,,,,,,,,,,,,,,,,,,,,,,,,,,,,,,,,,,,,,,,,,,,,,,,,,,,,,,,,,,,,,,,,,,,,,,,,,,,,,,,,,,,,,,,,,,,,,,,,,,,,,,,,,,,,,,,,,,
387,PP,LT,#6,#11,DIESEL_1,19063.833357533367,1.5392218947701002,4.825428064471061,50000000,-0.6334275644968389,-1.973545003262947,100.80575499904819,,,,,,,,,,,,,,,,,,,,,,,,,,,,,,,,,,,,,,,,,,PVC,LT,#7,#10,GASOLINE_1,1.1301811354048596,2.764256728792395,47.725130527128066,-0.6130328197732875,-1.4470886659421056,-29.81165029384729,0.37534690917394853,334,,,,,,,,,,,,,,,,,,,,,,,,,,,,,,,,,,,,,,,,,,,,,,,,,,,,,,,,,,,,,,,,,,,,,,,,,,,,,,,,,,,,,,,,,,,,,,,,,,,,,,,,,,,,,,,,,,,,,,,,,,,,,,,,,,,,,,,,,,,,,,,,,,,,,,,,,,,,,,,,
388,PP,LT,#7,#1,DIESEL_1,32706.794033556576,1.5539471622005292,5.1828924616746805,50000000,-0.5783183244221358,-2.143710748278427,100.87052741983184,,,,,,,,,,,,,,,,,,,,,,,,,,,,,,,,,,,,,,,,,,PVC,LT,#7,#11,FT_1,1.1481962839440145,2.852816860313783,48.20009756916007,-0.632152390894568,-1.5450505609807084,-30.44686575295036,0.3683235659582728,335,,,,,,,,,,,,,,,,,,,,,,,,,,,,,,,,,,,,,,,,,,,,,,,,,,,,,,,,,,,,,,,,,,,,,,,,,,,,,,,,,,,,,,,,,,,,,,,,,,,,,,,,,,,,,,,,,,,,,,,,,,,,,,,,,,,,,,,,,,,,,,,,,,,,,,,,,,,,,,,,
389,PP,LT,#7,#2,DIESEL_1,22850.3734036484,1.593357131707717,5.249513945677552,50000000,-0.6410090450693211,-2.229424809515012,102.22052965983185,,,,,,,,,,,,,,,,,,,,,,,,,,,,,,,,,,,,,,,,,,PVC,LT,#8,#1,Aromatics,0.9255785921901913,1.584597583484256,26.60212767423976,-0.6100549630210438,-0.3463179688054782,-11.905363041849085,0.5524657580913095,336,,,,,,,,,,,,,,,,,,,,,,,,,,,,,,,,,,,,,,,,,,,,,,,,,,,,,,,,,,,,,,,,,,,,,,,,,,,,,,,,,,,,,,,,,,,,,,,,,,,,,,,,,,,,,,,,,,,,,,,,,,,,,,,,,,,,,,,,,,,,,,,,,,,,,,,,,,,,,,,,
390,PP,LT,#7,#3,DIESEL_1,35710.47990210607,1.5401101490708844,4.949841237718658,50000000,-0.5468741020442798,-1.8929479795399908,100.08879170247118,,,,,,,,,,,,,,,,,,,,,,,,,,,,,,,,,,,,,,,,,,PVC,LT,#8,#2,FT_1,1.394175363824358,1.8518353038889634,40.01965695423976,-0.9106469875417215,-0.5681739527629381,-18.47143987423278,0.5384408243340556,337,,,,,,,,,,,,,,,,,,,,,,,,,,,,,,,,,,,,,,,,,,,,,,,,,,,,,,,,,,,,,,,,,,,,,,,,,,,,,,,,,,,,,,,,,,,,,,,,,,,,,,,,,,,,,,,,,,,,,,,,,,,,,,,,,,,,,,,,,,,,,,,,,,,,,,,,,,,,,,,,
391,PP,LT,#7,#4,DIESEL_1,22627.038672348084,1.6024966080886203,5.380141054171791,50000000,-0.6651710239417409,-2.4026285095511626,103.85411845983185,,,,,,,,,,,,,,,,,,,,,,,,,,,,,,,,,,,,,,,,,,PVC,LT,#8,#4,Aromatics,1.0066047840052526,2.1266543086550067,32.89375935423975,-0.7470649767752936,-0.925934393042463,-19.069178961715995,0.42027973281022596,338,,,,,,,,,,,,,,,,,,,,,,,,,,,,,,,,,,,,,,,,,,,,,,,,,,,,,,,,,,,,,,,,,,,,,,,,,,,,,,,,,,,,,,,,,,,,,,,,,,,,,,,,,,,,,,,,,,,,,,,,,,,,,,,,,,,,,,,,,,,,,,,,,,,,,,,,,,,,,,,,
392,PP,LT,#7,#5,DIESEL_1,25495.313252248972,1.6474082016060985,5.493358420191577,50000000,-0.6726049740757002,-2.4449291378008406,104.85290949983185,,,,,,,,,,,,,,,,,,,,,,,,,,,,,,,,,,,,,,,,,,PVC,LT,#8,#5,FT_1,1.0916099309594303,2.056773681446133,35.35763455423975,-0.6169413340022017,-0.7826440550916913,-14.122816091408506,0.600572372290809,339,,,,,,,,,,,,,,,,,,,,,,,,,,,,,,,,,,,,,,,,,,,,,,,,,,,,,,,,,,,,,,,,,,,,,,,,,,,,,,,,,,,,,,,,,,,,,,,,,,,,,,,,,,,,,,,,,,,,,,,,,,,,,,,,,,,,,,,,,,,,,,,,,,,,,,,,,,,,,,,,
393,PP,LT,#7,#6,DIESEL_1,20505.65274761713,1.4530521574035355,4.431140524565424,50000000,-0.5257767886470969,-1.398402682064223,93.48897985664817,,,,,,,,,,,,,,,,,,,,,,,,,,,,,,,,,,,,,,,,,,PVC,LT,#9,#1,Aromatics,0.9839817588655603,1.8823665683629875,28.74486651423976,-0.6815670761554131,-0.6478337358535686,-14.122341566704652,0.5087003949136913,340,,,,,,,,,,,,,,,,,,,,,,,,,,,,,,,,,,,,,,,,,,,,,,,,,,,,,,,,,,,,,,,,,,,,,,,,,,,,,,,,,,,,,,,,,,,,,,,,,,,,,,,,,,,,,,,,,,,,,,,,,,,,,,,,,,,,,,,,,,,,,,,,,,,,,,,,,,,,,,,,
394,PP,LT,#7,#7,DIESEL_1,32669.653856009154,1.5462328176291733,5.083627239880132,50000000,-0.5690973152209171,-2.0455097522157373,100.5110223590482,,,,,,,,,,,,,,,,,,,,,,,,,,,,,,,,,,,,,,,,,,PVC,LT,#9,#2,FT_1,1.4525785304997272,2.1496042887676947,42.16239579423976,-0.9821591006760909,-0.8696897198110283,-20.688418399088345,0.5093158723699757,341,,,,,,,,,,,,,,,,,,,,,,,,,,,,,,,,,,,,,,,,,,,,,,,,,,,,,,,,,,,,,,,,,,,,,,,,,,,,,,,,,,,,,,,,,,,,,,,,,,,,,,,,,,,,,,,,,,,,,,,,,,,,,,,,,,,,,,,,,,,,,,,,,,,,,,,,,,,,,,,,
395,PP,LT,#7,#8,DIESEL_1,25487.32944406396,1.5973570298032775,5.187426074990287,50000000,-0.6418415583134491,-2.168480994896518,101.93232698508021,,,,,,,,,,,,,,,,,,,,,,,,,,,,,,,,,,,,,,,,,,PVC,LT,#9,#4,Aromatics,1.0650079506806216,2.4244232935337378,35.03649819423976,-0.818577089909663,-1.227450160090553,-21.28615748657157,0.3924576203773938,342,,,,,,,,,,,,,,,,,,,,,,,,,,,,,,,,,,,,,,,,,,,,,,,,,,,,,,,,,,,,,,,,,,,,,,,,,,,,,,,,,,,,,,,,,,,,,,,,,,,,,,,,,,,,,,,,,,,,,,,,,,,,,,,,,,,,,,,,,,,,,,,,,,,,,,,,,,,,,,,,
396,PP,LT,#7,#9,DIESEL_1,35311.65891526334,1.5328872651838779,4.923708339146027,50000000,-0.5416518668975313,-1.8699651480002495,99.67306006796873,,,,,,,,,,,,,,,,,,,,,,,,,,,,,,,,,,,,,,,,,,PVC,LT,#9,#5,FT_1,1.1500130976347993,2.354542666324864,37.50037339423975,-0.6884534471365713,-1.084159822139781,-16.33979461626406,0.5642764821436701,343,,,,,,,,,,,,,,,,,,,,,,,,,,,,,,,,,,,,,,,,,,,,,,,,,,,,,,,,,,,,,,,,,,,,,,,,,,,,,,,,,,,,,,,,,,,,,,,,,,,,,,,,,,,,,,,,,,,,,,,,,,,,,,,,,,,,,,,,,,,,,,,,,,,,,,,,,,,,,,,,
397,PP,LT,#7,#10,DIESEL_1,23736.7854043981,1.5953358033183167,5.349125722183445,50000000,-0.6506259300832553,-2.3639771852351905,104.1802908390482,,,,,,,,,,,,,,,,,,,,,,,,,,,,,,,,,,,,,,,,,,PVC,LT,#9,#8,Aromatics,0.9866334662909472,1.2774896347641733,29.391899684513525,-0.6895823625286609,-0.0694236999628061,-15.28949662901261,0.4798057698506441,344,,,,,,,,,,,,,,,,,,,,,,,,,,,,,,,,,,,,,,,,,,,,,,,,,,,,,,,,,,,,,,,,,,,,,,,,,,,,,,,,,,,,,,,,,,,,,,,,,,,,,,,,,,,,,,,,,,,,,,,,,,,,,,,,,,,,,,,,,,,,,,,,,,,,,,,,,,,,,,,,
398,PP,LT,#7,#11,DIESEL_1,24217.499623712356,1.6085178430506384,5.355988321189563,50000000,-0.6570242938076305,-2.3418723814692965,103.7414316390482,,,,,,,,,,,,,,,,,,,,,,,,,,,,,,,,,,,,,,,,,,PVC,LT,#9,#10,Aromatics,0.991058357687209,1.3664413703670415,30.822169618481528,-0.6967548424675967,-0.1527896474653737,-16.575664298033338,0.4622161741626952,345,,,,,,,,,,,,,,,,,,,,,,,,,,,,,,,,,,,,,,,,,,,,,,,,,,,,,,,,,,,,,,,,,,,,,,,,,,,,,,,,,,,,,,,,,,,,,,,,,,,,,,,,,,,,,,,,,,,,,,,,,,,,,,,,,,,,,,,,,,,,,,,,,,,,,,,,,,,,,,,,
399,PP,LT,#8,#1,DIESEL_1,12201.141285939446,1.2578468192752614,1.7091872313234615,50000000,-0.4853750727446781,1.0358846657654044,67.36463280113496,,,,,,,,,,,,,,,,,,,,,,,,,,,,,,,,,,,,,,,,,,PVC,LT,#9,#11,Aromatics,1.0090735062263645,1.4550015018884312,31.297136660513527,-0.7158744135888776,-0.25075154250397774,-17.210879757136397,0.4500813303202032,346,,,,,,,,,,,,,,,,,,,,,,,,,,,,,,,,,,,,,,,,,,,,,,,,,,,,,,,,,,,,,,,,,,,,,,,,,,,,,,,,,,,,,,,,,,,,,,,,,,,,,,,,,,,,,,,,,,,,,,,,,,,,,,,,,,,,,,,,,,,,,,,,,,,,,,,,,,,,,,,,
400,PP,LT,#8,#2,DIESEL_1,2344.7206560312725,1.29725678878245,1.7758087153263324,50000000,-0.5480657933918637,0.9501706045288204,68.71463504113495,,,,,,,,,,,,,,,,,,,,,,,,,,,,,,,,,,,,,,,,,,PVC,HT,#1,-,MeOH_1,0.8746222573253026,1.6017230871361878,34.21103456057986,-0.35715116665772023,-0.24632335863318502,-17.871010258885185,0.477624383815703,347,,,,,,,,,,,,,,,,,,,,,,,,,,,,,,,,,,,,,,,,,,,,,,,,,,,,,,,,,,,,,,,,,,,,,,,,,,,,,,,,,,,,,,,,,,,,,,,,,,,,,,,,,,,,,,,,,,,,,,,,,,,,,,,,,,,,,,,,,,,,,,,,,,,,,,,,,,,,,,,,
401,PP,LT,#8,#3,DIESEL_1,15204.827154488941,1.2440098061456168,1.4761360073674388,50000000,-0.45393085036682224,1.286647434503842,66.58289708377431,,,,,,,,,,,,,,,,,,,,,,,,,,,,,,,,,,,,,,,,,,PVC,HT,#2,-,FT_1,0.9516867782569278,1.7002936453817907,34.975416501491864,-0.521674125795373,-0.43971044546570986,-19.39585422597533,0.4454432236668859,348,,,,,,,,,,,,,,,,,,,,,,,,,,,,,,,,,,,,,,,,,,,,,,,,,,,,,,,,,,,,,,,,,,,,,,,,,,,,,,,,,,,,,,,,,,,,,,,,,,,,,,,,,,,,,,,,,,,,,,,,,,,,,,,,,,,,,,,,,,,,,,,,,,,,,,,,,,,,,,,,
402,PP,LT,#8,#4,DIESEL_1,2121.385924730957,1.3063962651633527,1.9064358238205716,50000000,-0.5722277722642833,0.7769669044926703,70.34822384113495,,,,,,,,,,,,,,,,,,,,,,,,,,,,,,,,,,,,,,,,,,PVC,HT,#4,-,MeOH_1,1.1224842891587905,2.6782240455355986,48.96046323545987,-0.7227357006444703,-1.401737267193515,-35.039850132248226,0.28432355789333236,349,,,,,,,,,,,,,,,,,,,,,,,,,,,,,,,,,,,,,,,,,,,,,,,,,,,,,,,,,,,,,,,,,,,,,,,,,,,,,,,,,,,,,,,,,,,,,,,,,,,,,,,,,,,,,,,,,,,,,,,,,,,,,,,,,,,,,,,,,,,,,,,,,,,,,,,,,,,,,,,,
403,PP,LT,#8,#5,DIESEL_1,4989.660504631845,1.3513078586808311,2.019653189840359,50000000,-0.5796617223982428,0.7346662762429914,71.34701488113495,,,,,,,,,,,,,,,,,,,,,,,,,,,,,,,,,,,,,,,,,,PVC,HT,#5,-,FT_1,1.1859752791392029,2.860600128973855,48.95852450149186,-0.7186974400632415,-1.589769081473307,-32.87343541255611,0.3285452176657326,350,,,,,,,,,,,,,,,,,,,,,,,,,,,,,,,,,,,,,,,,,,,,,,,,,,,,,,,,,,,,,,,,,,,,,,,,,,,,,,,,,,,,,,,,,,,,,,,,,,,,,,,,,,,,,,,,,,,,,,,,,,,,,,,,,,,,,,,,,,,,,,,,,,,,,,,,,,,,,,,,
404,PP,LT,#8,#6,DIESEL_1,0,1.156951814478268,0.9574352942142041,50000000,-0.432833536969639,1.78119273197961,59.9830852379513,,,,,,,,,,,,,,,,,,,,,,,,,,,,,,,,,,,,,,,,,,PVC,HT,#8,-,DIESEL_1,0.9181497548861177,2.1035953221231587,35.502719092528366,-0.4057866208362046,-0.7891720620589731,-19.344853788663826,0.4551162760732037,351,,,,,,,,,,,,,,,,,,,,,,,,,,,,,,,,,,,,,,,,,,,,,,,,,,,,,,,,,,,,,,,,,,,,,,,,,,,,,,,,,,,,,,,,,,,,,,,,,,,,,,,,,,,,,,,,,,,,,,,,,,,,,,,,,,,,,,,,,,,,,,,,,,,,,,,,,,,,,,,,
405,PP,LT,#8,#7,DIESEL_1,12164.001108392027,1.2501324747039064,1.609922009528912,50000000,-0.4761540635434599,1.1340856618280952,67.00512774035131,,,,,,,,,,,,,,,,,,,,,,,,,,,,,,,,,,,,,,,,,,PVC,HT,#10,-,MeOH_1,0.9673843648229046,2.6184204339157287,42.02946262649637,-0.4647770397554202,-1.2885116016022262,-25.833594466552082,0.3853455920641257,352,,,,,,,,,,,,,,,,,,,,,,,,,,,,,,,,,,,,,,,,,,,,,,,,,,,,,,,,,,,,,,,,,,,,,,,,,,,,,,,,,,,,,,,,,,,,,,,,,,,,,,,,,,,,,,,,,,,,,,,,,,,,,,,,,,,,,,,,,,,,,,,,,,,,,,,,,,,,,,,,
406,PP,LT,#8,#8,DIESEL_1,4981.676696446828,1.3012566868780087,1.713720844639067,50000000,-0.5488983066359903,1.0111144191473147,68.42643236638331,,,,,,,,,,,,,,,,,,,,,,,,,,,,,,,,,,,,,,,,,,PVC,HT,#11,-,DIESEL_1,1.0462370071448732,2.974630245886484,45.030031252528374,-0.5375217739855237,-1.6631500603079856,-29.130366936643735,0.3530902349749512,353,,,,,,,,,,,,,,,,,,,,,,,,,,,,,,,,,,,,,,,,,,,,,,,,,,,,,,,,,,,,,,,,,,,,,,,,,,,,,,,,,,,,,,,,,,,,,,,,,,,,,,,,,,,,,,,,,,,,,,,,,,,,,,,,,,,,,,,,,,,,,,,,,,,,,,,,,,,,,,,,
407,PP,LT,#8,#9,DIESEL_1,14806.00616764621,1.2367869222586105,1.4500031087948066,50000000,-0.44870861522007377,1.3096302660435837,66.16716544927185,,,,,,,,,,,,,,,,,,,,,,,,,,,,,,,,,,,,,,,,,,PVC,LT,#1,-,MeOH_1,0.9157527601738809,2.2687472256108263,34.96459757233244,-0.37613849755619816,-0.8961865641208383,-16.425180045510075,0.5302339741925887,354,,,,,,,,,,,,,,,,,,,,,,,,,,,,,,,,,,,,,,,,,,,,,,,,,,,,,,,,,,,,,,,,,,,,,,,,,,,,,,,,,,,,,,,,,,,,,,,,,,,,,,,,,,,,,,,,,,,,,,,,,,,,,,,,,,,,,,,,,,,,,,,,,,,,,,,,,,,,,,,,
408,PP,LT,#8,#10,DIESEL_1,3231.13265678097,1.2992354603930494,1.875420491832225,50000000,-0.5576826784057979,0.8156182288086423,70.67439622035131,,,,,,,,,,,,,,,,,,,,,,,,,,,,,,,,,,,,,,,,,,PVC,LT,#2,-,FT_1,0.9821998357710194,2.2463772395851542,35.24796047324444,-0.5301157026903112,-0.9745469865266454,-17.355076051055697,0.5076289289353533,355,,,,,,,,,,,,,,,,,,,,,,,,,,,,,,,,,,,,,,,,,,,,,,,,,,,,,,,,,,,,,,,,,,,,,,,,,,,,,,,,,,,,,,,,,,,,,,,,,,,,,,,,,,,,,,,,,,,,,,,,,,,,,,,,,,,,,,,,,,,,,,,,,,,,,,,,,,,,,,,,
409,PP,LT,#8,#11,DIESEL_1,3711.846876095227,1.3124175001253715,1.8822830908383434,50000000,-0.5640810421301736,0.8377230325745365,70.2355370203513,,,,,,,,,,,,,,,,,,,,,,,,,,,,,,,,,,,,,,,,,,PVC,LT,#4,-,MeOH_1,1.2080396488788046,3.1852121044287096,52.82146608721245,-0.7006137693746264,-1.847188716140756,-32.07347759379441,0.39279463502890016,356,,,,,,,,,,,,,,,,,,,,,,,,,,,,,,,,,,,,,,,,,,,,,,,,,,,,,,,,,,,,,,,,,,,,,,,,,,,,,,,,,,,,,,,,,,,,,,,,,,,,,,,,,,,,,,,,,,,,,,,,,,,,,,,,,,,,,,,,,,,,,,,,,,,,,,,,,,,,,,,,
410,PP,LT,#9,#1,DIESEL_1,14429.07855329733,1.2153322018988368,2.1234514809396656,50000000,-0.47721662695699035,0.7985753581064364,67.58932420545496,,,,,,,,,,,,,,,,,,,,,,,,,,,,,,,,,,,,,,,,,,PVC,LT,#5,-,FT_1,1.2629787627023068,3.517106234321442,52.72114447324445,-0.7422498470803464,-2.225395955702665,-31.965382489594564,0.3936895185229383,357,,,,,,,,,,,,,,,,,,,,,,,,,,,,,,,,,,,,,,,,,,,,,,,,,,,,,,,,,,,,,,,,,,,,,,,,,,,,,,,,,,,,,,,,,,,,,,,,,,,,,,,,,,,,,,,,,,,,,,,,,,,,,,,,,,,,,,,,,,,,,,,,,,,,,,,,,,,,,,,,
411,PP,LT,#9,#2,DIESEL_1,4572.657923389157,1.2547421714060238,2.1900729649425363,50000000,-0.5399073476041744,0.7128612968698526,68.93932644545497,,,,,,,,,,,,,,,,,,,,,,,,,,,,,,,,,,,,,,,,,,PVC,LT,#7,-,MeOH_1,0.9016960127328976,1.7109961974302008,35.82813467892529,-0.32812877012525754,-0.3295311870913625,-16.930335038608774,0.5274569778658479,358,,,,,,,,,,,,,,,,,,,,,,,,,,,,,,,,,,,,,,,,,,,,,,,,,,,,,,,,,,,,,,,,,,,,,,,,,,,,,,,,,,,,,,,,,,,,,,,,,,,,,,,,,,,,,,,,,,,,,,,,,,,,,,,,,,,,,,,,,,,,,,,,,,,,,,,,,,,,,,,,
412,PP,LT,#9,#3,DIESEL_1,17432.764421846823,1.2014951887691911,1.8904002569836422,50000000,-0.4457724045791333,1.0493381268448743,66.80758848809432,,,,,,,,,,,,,,,,,,,,,,,,,,,,,,,,,,,,,,,,,,PVC,LT,#8,-,GASOLINE_1,0.9971018175379702,1.8880857913963354,38.05269642495729,-0.4754793429276075,-0.5747010684023706,-20.09945341331946,0.47179949644417296,359,,,,,,,,,,,,,,,,,,,,,,,,,,,,,,,,,,,,,,,,,,,,,,,,,,,,,,,,,,,,,,,,,,,,,,,,,,,,,,,,,,,,,,,,,,,,,,,,,,,,,,,,,,,,,,,,,,,,,,,,,,,,,,,,,,,,,,,,,,,,,,,,,,,,,,,,,,,,,,,,
413,PP,LT,#9,#4,DIESEL_1,4349.323192088841,1.2638816477869266,2.320700073436776,50000000,-0.564069326476594,0.5396575968337017,70.57291524545496,,,,,,,,,,,,,,,,,,,,,,,,,,,,,,,,,,,,,,,,,,PVC,LT,#10,-,MeOH_1,1.029316190388974,2.4507717452302815,45.78176795892529,-0.5159515824501297,-1.1133538978063975,-27.57926889333541,0.39759275093790364,360,,,,,,,,,,,,,,,,,,,,,,,,,,,,,,,,,,,,,,,,,,,,,,,,,,,,,,,,,,,,,,,,,,,,,,,,,,,,,,,,,,,,,,,,,,,,,,,,,,,,,,,,,,,,,,,,,,,,,,,,,,,,,,,,,,,,,,,,,,,,,,,,,,,,,,,,,,,,,,,,
414,PP,LT,#9,#5,DIESEL_1,7217.597771989728,1.3087932413044052,2.433917439456563,50000000,-0.5715032766105537,0.4973569685840234,71.57170628545497,,,,,,,,,,,,,,,,,,,,,,,,,,,,,,,,,,,,,,,,,,PVC,LT,#11,-,FT_1,1.0945296072246784,2.822517613039731,47.78963770495729,-0.5796553868563054,-1.515603221414979,-29.960873139230237,0.373067581633448,361,,,,,,,,,,,,,,,,,,,,,,,,,,,,,,,,,,,,,,,,,,,,,,,,,,,,,,,,,,,,,,,,,,,,,,,,,,,,,,,,,,,,,,,,,,,,,,,,,,,,,,,,,,,,,,,,,,,,,,,,,,,,,,,,,,,,,,,,,,,,,,,,,,,,,,,,,,,,,,,,
415,PP,LT,#9,#6,DIESEL_1,2227.9372673578837,1.1144371971018425,1.3716995438304083,50000000,-0.42467509118195057,1.5438834243206419,60.20777664227132,,,,,,,,,,,,,,,,,,,,,,,,,,,,,,,,,,,,,,,,,,PVC,SG,#4,-,MeOH_1,0.8360727435061347,3.844835972933493,52.363769054931666,-0.42009505928526275,-2.520927149401666,-35.00003728426775,0.3315982039499234,362,,,,,,,,,,,,,,,,,,,,,,,,,,,,,,,,,,,,,,,,,,,,,,,,,,,,,,,,,,,,,,,,,,,,,,,,,,,,,,,,,,,,,,,,,,,,,,,,,,,,,,,,,,,,,,,,,,,,,,,,,,,,,,,,,,,,,,,,,,,,,,,,,,,,,,,,,,,,,,,,
416,PP,LT,#9,#7,DIESEL_1,14391.938375749913,1.20761785732748,2.0241862591451163,50000000,-0.4679956177557706,0.8967763541691266,67.22981914467131,,,,,,,,,,,,,,,,,,,,,,,,,,,,,,,,,,,,,,,,,,PVC,SG,#5,-,FT_1,0.9470988949188555,4.131610273211943,53.27796265493168,-0.509932053628882,-2.8981489476418885,-37.05218054218253,0.30454959807377696,363,,,,,,,,,,,,,,,,,,,,,,,,,,,,,,,,,,,,,,,,,,,,,,,,,,,,,,,,,,,,,,,,,,,,,,,,,,,,,,,,,,,,,,,,,,,,,,,,,,,,,,,,,,,,,,,,,,,,,,,,,,,,,,,,,,,,,,,,,,,,,,,,,,,,,,,,,,,,,,,,
417,PP,LT,#9,#8,DIESEL_1,7209.613963804712,1.258742069501584,2.1279850942552705,50000000,-0.5407398608483027,0.7738051114883472,68.65112377070331,,,,,,,,,,,,,,,,,,,,,,,,,,,,,,,,,,,,,,,,,,PVC,SG,#9,-,MeOH_1,0.8284621997313705,3.893391146028051,56.79891774139432,-0.3781888484729532,-2.5550541795975144,-39.61148082195839,0.3026014861355351,364,,,,,,,,,,,,,,,,,,,,,,,,,,,,,,,,,,,,,,,,,,,,,,,,,,,,,,,,,,,,,,,,,,,,,,,,,,,,,,,,,,,,,,,,,,,,,,,,,,,,,,,,,,,,,,,,,,,,,,,,,,,,,,,,,,,,,,,,,,,,,,,,,,,,,,,,,,,,,,,,
418,PP,LT,#9,#9,DIESEL_1,17033.943435004094,1.1942723048821844,1.8642673584110108,50000000,-0.4405501694323847,1.0723209583846154,66.39185685359185,,,,,,,,,,,,,,,,,,,,,,,,,,,,,,,,,,,,,,,,,,PVC,SG,#10,-,FT_1,0.939566025875051,4.466610182465974,59.29079740742632,-0.4771516455231875,-3.20521307188964,-43.15673937537166,0.27211740670625284,365,,,,,,,,,,,,,,,,,,,,,,,,,,,,,,,,,,,,,,,,,,,,,,,,,,,,,,,,,,,,,,,,,,,,,,,,,,,,,,,,,,,,,,,,,,,,,,,,,,,,,,,,,,,,,,,,,,,,,,,,,,,,,,,,,,,,,,,,,,,,,,,,,,,,,,,,,,,,,,,,
419,PP,LT,#9,#10,DIESEL_1,5459.069924138854,1.2567208430166248,2.289684741448429,50000000,-0.5495242326181102,0.578308921149674,70.89908762467132,,,,,,,,,,,,,,,,,,,,,,,,,,,,,,,,,,,,,,,,,,PVC,OG,#1,-,MeOH_1,0.5671073198999764,1.3813738714383186,18.613416900078747,-0.42315895751486843,-0.21439029744086296,-9.812836662839304,0.47280842010271684,366,,,,,,,,,,,,,,,,,,,,,,,,,,,,,,,,,,,,,,,,,,,,,,,,,,,,,,,,,,,,,,,,,,,,,,,,,,,,,,,,,,,,,,,,,,,,,,,,,,,,,,,,,,,,,,,,,,,,,,,,,,,,,,,,,,,,,,,,,,,,,,,,,,,,,,,,,,,,,,,,
420,PP,LT,#9,#11,DIESEL_1,5939.784143453111,1.2699028827489454,2.2965473404545476,50000000,-0.5559225963424843,0.6004137249155682,70.4602284246713,,,,,,,,,,,,,,,,,,,,,,,,,,,,,,,,,,,,,,,,,,PVC,OG,#2,-,FT_1,1.1737486109881057,1.5731123734529633,34.18456922007874,-0.7325480041605267,-0.33870576417773457,-17.552159480001077,0.48654729661792584,367,,,,,,,,,,,,,,,,,,,,,,,,,,,,,,,,,,,,,,,,,,,,,,,,,,,,,,,,,,,,,,,,,,,,,,,,,,,,,,,,,,,,,,,,,,,,,,,,,,,,,,,,,,,,,,,,,,,,,,,,,,,,,,,,,,,,,,,,,,,,,,,,,,,,,,,,,,,,,,,,
421,PP,HT,#1,-,MeOH_1,52820.685370412815,1.139571129238293,3.2804887590752916,50000000,-0.16329736243525358,-0.30080314259500207,79.57669597980977,,,,,,,,,,,,,,,,,,,,,,,,,,,,,,,,,,,,,,,,,,PVC,OG,#4,-,MeOH_1,0.7059613636308929,2.497964676258821,30.88100922007874,-0.574046980651818,-1.337902167774636,-22.459128250573503,0.27272039296012907,368,,,,,,,,,,,,,,,,,,,,,,,,,,,,,,,,,,,,,,,,,,,,,,,,,,,,,,,,,,,,,,,,,,,,,,,,,,,,,,,,,,,,,,,,,,,,,,,,,,,,,,,,,,,,,,,,,,,,,,,,,,,,,,,,,,,,,,,,,,,,,,,,,,,,,,,,,,,,,,,,
422,PP,HT,#2,-,FT_1,70843.7383588016,1.2450131463012133,3.8300765083342294,50000000,-0.12996450484013677,-0.39853624421691536,82.85050237980978,,,,,,,,,,,,,,,,,,,,,,,,,,,,,,,,,,,,,,,,,,PVC,OG,#5,-,FT_1,1.5826113895472904,4.035829720438596,63.03540074007874,-1.0494910479353825,-2.7376080057040437,-43.797555873589715,0.30519112499680423,369,,,,,,,,,,,,,,,,,,,,,,,,,,,,,,,,,,,,,,,,,,,,,,,,,,,,,,,,,,,,,,,,,,,,,,,,,,,,,,,,,,,,,,,,,,,,,,,,,,,,,,,,,,,,,,,,,,,,,,,,,,,,,,,,,,,,,,,,,,,,,,,,,,,,,,,,,,,,,,,,
423,PP,HT,#3,-,H2_1,183556.66168345406,1.1850622084903815,3.9140078218710954,50000000,0.2263850939025137,-0.23041761741309016,77.27825911645358,,,,,,,,,,,,,,,,,,,,,,,,,,,,,,,,,,,,,,,,,,PVC,OG,#9,-,MeOH_1,0.6633983912680238,2.0722990206266125,30.72029341611398,-0.4819891937428683,-0.8903421668227232,-23.075833293714062,0.24884072618883593,370,,,,,,,,,,,,,,,,,,,,,,,,,,,,,,,,,,,,,,,,,,,,,,,,,,,,,,,,,,,,,,,,,,,,,,,,,,,,,,,,,,,,,,,,,,,,,,,,,,,,,,,,,,,,,,,,,,,,,,,,,,,,,,,,,,,,,,,,,,,,,,,,,,,,,,,,,,,,,,,,
424,PP,HT,#4,-,MeOH_1,30023.56777776337,1.4020190078758141,4.093876367710986,50000000,-0.6306560214594826,-1.341905970638435,91.1485727798098,,,,,,,,,,,,,,,,,,,,,,,,,,,,,,,,,,,,,,,,,,PVC,OG,#10,-,FT_1,1.0491242149169704,2.3124186033872736,42.04710498411397,-0.6848833319359144,-1.0847364884666741,-29.749021809776455,0.2924834701219959,371,,,,,,,,,,,,,,,,,,,,,,,,,,,,,,,,,,,,,,,,,,,,,,,,,,,,,,,,,,,,,,,,,,,,,,,,,,,,,,,,,,,,,,,,,,,,,,,,,,,,,,,,,,,,,,,,,,,,,,,,,,,,,,,,,,,,,,,,,,,,,,,,,,,,,,,,,,,,,,,,
425,PP,HT,#5,-,FT_1,66387.71273392174,1.525098726795842,5.030733464681105,50000000,-0.4154011951117455,-1.5980655546635898,95.57942077980978,,,,,,,,,,,,,,,,,,,,,,,,,,,,,,,,,,,,,,,,,,PS,SG,#5,-,FT_1,1.3155314319254439,8.945633786063095,126.24064627732655,-0.3586172208100561,-6.073841526577752,-90.63309356053682,0.28206091910022985,372,,,,,,,,,,,,,,,,,,,,,,,,,,,,,,,,,,,,,,,,,,,,,,,,,,,,,,,,,,,,,,,,,,,,,,,,,,,,,,,,,,,,,,,,,,,,,,,,,,,,,,,,,,,,,,,,,,,,,,,,,,,,,,,,,,,,,,,,,,,,,,,,,,,,,,,,,,,,,,,,
426,PP,HT,#6,-,Olefin,7832.502477683276,0.9562314903604069,1.5173377117774733,50000000,-0.3120956217436287,1.8027721982757163,63.40391747228963,,,,,,,,,,,,,,,,,,,,,,,,,,,,,,,,,,,,,,,,,,PS,SG,#10,-,FT_1,1.4581764552255052,9.438827874812649,134.2241435450494,-0.46441973561843114,-6.508776151746466,-98.97052191872199,0.2626473948369453,373,,,,,,,,,,,,,,,,,,,,,,,,,,,,,,,,,,,,,,,,,,,,,,,,,,,,,,,,,,,,,,,,,,,,,,,,,,,,,,,,,,,,,,,,,,,,,,,,,,,,,,,,,,,,,,,,,,,,,,,,,,,,,,,,,,,,,,,,,,,,,,,,,,,,,,,,,,,,,,,,
427,PP,HT,#7,-,MeOH_1,69349.27538740318,1.158421422453882,3.639983943419606,50000000,-0.10063096711375025,-0.5548467310494849,81.83779293399945,,,,,,,,,,,,,,,,,,,,,,,,,,,,,,,,,,,,,,,,,,PS,OG,#1,-,MeOH_1,0.7058074190398184,3.3704936177671696,53.7473936,-0.36915488211762987,-0.6354047797739149,-32.05402499906742,0.4036171272300092,374,,,,,,,,,,,,,,,,,,,,,,,,,,,,,,,,,,,,,,,,,,,,,,,,,,,,,,,,,,,,,,,,,,,,,,,,,,,,,,,,,,,,,,,,,,,,,,,,,,,,,,,,,,,,,,,,,,,,,,,,,,,,,,,,,,,,,,,,,,,,,,,,,,,,,,,,,,,,,,,,
428,PP,HT,#8,-,FT_1,65952.79615918196,1.2958467012412809,4.906427897194564,50000000,-0.1434756844536598,-1.4135791678127554,89.63251420003144,,,,,,,,,,,,,,,,,,,,,,,,,,,,,,,,,,,,,,,,,,PS,OG,#2,-,FT_1,2.3862368022679057,4.428217526029058,101.6191344,-1.1814803430901446,-1.4126847257479942,-58.62106916934807,0.4231296151510215,375,,,,,,,,,,,,,,,,,,,,,,,,,,,,,,,,,,,,,,,,,,,,,,,,,,,,,,,,,,,,,,,,,,,,,,,,,,,,,,,,,,,,,,,,,,,,,,,,,,,,,,,,,,,,,,,,,,,,,,,,,,,,,,,,,,,,,,,,,,,,,,,,,,,,,,,,,,,,,,,,
429,PP,HT,#9,-,H2_1,193442.57917772085,1.1723891843312857,3.7035249659023113,50000000,0.3027575741676586,0.05814864894764602,79.18836001579317,,,,,,,,,,,,,,,,,,,,,,,,,,,,,,,,,,,,,,,,,,PS,OG,#4,-,MeOH_1,0.9706024834773705,5.8708081679748,82.72375872,-0.6006657169413243,-3.1140319305824242,-61.00165520863965,0.26258603147959525,376,,,,,,,,,,,,,,,,,,,,,,,,,,,,,,,,,,,,,,,,,,,,,,,,,,,,,,,,,,,,,,,,,,,,,,,,,,,,,,,,,,,,,,,,,,,,,,,,,,,,,,,,,,,,,,,,,,,,,,,,,,,,,,,,,,,,,,,,,,,,,,,,,,,,,,,,,,,,,,,,
430,PP,HT,#10,-,MeOH_1,44884.83468923884,1.5436337312685111,7.244896020591651,50000000,-0.57464037561201,-4.302403280249021,123.18678653399944,,,,,,,,,,,,,,,,,,,,,,,,,,,,,,,,,,,,,,,,,,PS,OG,#5,-,FT_1,2.323829766395872,6.577741460424254,119.83336784,-1.2689441027254351,-3.6709687659659753,-80.40095214618574,0.3290603978222821,377,,,,,,,,,,,,,,,,,,,,,,,,,,,,,,,,,,,,,,,,,,,,,,,,,,,,,,,,,,,,,,,,,,,,,,,,,,,,,,,,,,,,,,,,,,,,,,,,,,,,,,,,,,,,,,,,,,,,,,,,,,,,,,,,,,,,,,,,,,,,,,,,,,,,,,,,,,,,,,,,
431,PP,HT,#11,-,FT_1,64227.804168879826,1.5215604832914986,6.938188867696175,50000000,-0.37532686163972756,-3.4497271193091583,119.98818237399942,,,,,,,,,,,,,,,,,,,,,,,,,,,,,,,,,,,,,,,,,,PS,OG,#9,-,MeOH_1,0.8788871846631883,4.244468230175231,81.16730619555753,-0.4147869152417379,-1.4529546176316828,-60.68976100627053,0.25228809663770485,378,,,,,,,,,,,,,,,,,,,,,,,,,,,,,,,,,,,,,,,,,,,,,,,,,,,,,,,,,,,,,,,,,,,,,,,,,,,,,,,,,,,,,,,,,,,,,,,,,,,,,,,,,,,,,,,,,,,,,,,,,,,,,,,,,,,,,,,,,,,,,,,,,,,,,,,,,,,,,,,,
432,PP,LT,#1,-,DIESEL_1,38113.412869805245,1.2485199353921426,3.0600619146387023,50000000,-0.28085106434123064,-0.12043210468335538,78.7306040170012,,,,,,,,,,,,,,,,,,,,,,,,,,,,,,,,,,,,,,,,,,PS,OG,#10,-,FT_1,1.3516265538341807,4.736842451604328,94.07406475555754,-0.6462309069244621,-1.9641352452937484,-69.41313137620726,0.2621438059833957,379,,,,,,,,,,,,,,,,,,,,,,,,,,,,,,,,,,,,,,,,,,,,,,,,,,,,,,,,,,,,,,,,,,,,,,,,,,,,,,,,,,,,,,,,,,,,,,,,,,,,,,,,,,,,,,,,,,,,,,,,,,,,,,,,,,,,,,,,,,,,,,,,,,,,,,,,,,,,,,,,
433,PP,LT,#2,-,DIESEL_1,33439.6406651172,1.3063206975134523,3.340748447924441,50000000,-0.3446821714287394,-0.3271559513452363,80.1174553979132,,,,,,,,,,,,,,,,,,,,,,,,,,,,,,,,,,,,,,,,,,PE,HT,#2,#11,FT_1,1.6750821838800305,7.267139760407701,120.70325762445968,-0.3302949606788934,-4.673908275774848,-72.48745305598177,0.39945735945661265,380,,,,,,,,,,,,,,,,,,,,,,,,,,,,,,,,,,,,,,,,,,,,,,,,,,,,,,,,,,,,,,,,,,,,,,,,,,,,,,,,,,,,,,,,,,,,,,,,,,,,,,,,,,,,,,,,,,,,,,,,,,,,,,,,,,,,,,,,,,,,,,,,,,,,,,,,,,,,,,,,
434,PP,LT,#3,-,DIESEL_1,84232.00476393627,1.2621930975871132,2.8539363794380566,50000000,-0.11717345642460884,0.34623151088971943,77.74659066436084,,,,,,,,,,,,,,,,,,,,,,,,,,,,,,,,,,,,,,,,,,PE,HT,#4,#5,FT_1,1.7665222233691318,7.812067357820876,125.91029500821008,-0.32529669369252473,-5.163815496074667,-77.14040145333796,0.38733841066524416,381,,,,,,,,,,,,,,,,,,,,,,,,,,,,,,,,,,,,,,,,,,,,,,,,,,,,,,,,,,,,,,,,,,,,,,,,,,,,,,,,,,,,,,,,,,,,,,,,,,,,,,,,,,,,,,,,,,,,,,,,,,,,,,,,,,,,,,,,,,,,,,,,,,,,,,,,,,,,,,,,
435,PP,LT,#4,-,MeOH_1,15097.809558531693,1.4129057245934398,4.339294880922428,50000000,-0.5286646876351936,-1.5378975581685153,94.84832901188123,,,,,,,,,,,,,,,,,,,,,,,,,,,,,,,,,,,,,,,,,,PE,HT,#4,#11,FT_1,1.8188113606885141,8.186135657877863,130.12866330229247,-0.38218729261692264,-5.53819518999993,-81.62059451904874,0.3727700535166349,382,,,,,,,,,,,,,,,,,,,,,,,,,,,,,,,,,,,,,,,,,,,,,,,,,,,,,,,,,,,,,,,,,,,,,,,,,,,,,,,,,,,,,,,,,,,,,,,,,,,,,,,,,,,,,,,,,,,,,,,,,,,,,,,,,,,,,,,,,,,,,,,,,,,,,,,,,,,,,,,,
436,PP,LT,#5,-,DIESEL_1,30124.601679534782,1.4666505260739142,4.831758776362313,50000000,-0.5135165202163943,-1.8251830253143617,96.14621987791323,,,,,,,,,,,,,,,,,,,,,,,,,,,,,,,,,,,,,,,,,,PE,HT,#6,#5,FT_1,1.7873838431008937,7.829927480818885,127.7392756621781,-0.35301102481033325,-5.1580158541323575,-78.60819989951362,0.3846199652219535,383,,,,,,,,,,,,,,,,,,,,,,,,,,,,,,,,,,,,,,,,,,,,,,,,,,,,,,,,,,,,,,,,,,,,,,,,,,,,,,,,,,,,,,,,,,,,,,,,,,,,,,,,,,,,,,,,,,,,,,,,,,,,,,,,,,,,,,,,,,,,,,,,,,,,,,,,,,,,,,,,
437,PP,LT,#6,-,DIESEL_1,0,1.1364048327848069,1.9962891138744971,50000000,-0.3763741252410676,1.0004028976169712,69.07664187897186,,,,,,,,,,,,,,,,,,,,,,,,,,,,,,,,,,,,,,,,,,PE,HT,#6,#11,FT_1,1.8396729804202763,8.203995780875873,131.95764395626045,-0.4099016237347309,-5.532395548057623,-83.08839296522439,0.37034043292887664,384,,,,,,,,,,,,,,,,,,,,,,,,,,,,,,,,,,,,,,,,,,,,,,,,,,,,,,,,,,,,,,,,,,,,,,,,,,,,,,,,,,,,,,,,,,,,,,,,,,,,,,,,,,,,,,,,,,,,,,,,,,,,,,,,,,,,,,,,,,,,,,,,,,,,,,,,,,,,,,,,
438,PP,LT,#7,-,DIESEL_1,42941.96226169365,1.2668644849258315,3.1125074785922773,50000000,-0.2719960412029829,-0.14449696876517146,79.846246399407,,,,,,,,,,,,,,,,,,,,,,,,,,,,,,,,,,,,,,,,,,PE,HT,#7,#5,FT_1,1.8425828818505443,8.210788145914899,129.83726286217808,-0.4052652909310637,-5.567166303396992,-81.0493469028565,0.37576204922857803,385,,,,,,,,,,,,,,,,,,,,,,,,,,,,,,,,,,,,,,,,,,,,,,,,,,,,,,,,,,,,,,,,,,,,,,,,,,,,,,,,,,,,,,,,,,,,,,,,,,,,,,,,,,,,,,,,,,,,,,,,,,,,,,,,,,,,,,,,,,,,,,,,,,,,,,,,,,,,,,,,
439,PP,LT,#8,-,DIESEL_1,44799.49313397789,1.5371495263591843,3.9494751446668883,50000000,-0.4601305133474025,-0.7812936648591444,90.18459839940698,,,,,,,,,,,,,,,,,,,,,,,,,,,,,,,,,,,,,,,,,,PE,HT,#7,#10,MeOH_1,1.7411336877598307,7.377753828052481,127.13836749022848,-0.34630341723931535,-4.653419186488222,-77.1125684490471,0.3934752351215005,386,,,,,,,,,,,,,,,,,,,,,,,,,,,,,,,,,,,,,,,,,,,,,,,,,,,,,,,,,,,,,,,,,,,,,,,,,,,,,,,,,,,,,,,,,,,,,,,,,,,,,,,,,,,,,,,,,,,,,,,,,,,,,,,,,,,,,,,,,,,,,,,,,,,,,,,,,,,,,,,,
440,PP,LT,#9,-,DIESEL_1,85061.20670291522,1.272328833688484,2.860039782912664,50000000,-0.12194387287077334,0.3466775162420261,78.47954852921656,,,,,,,,,,,,,,,,,,,,,,,,,,,,,,,,,,,,,,,,,,PE,HT,#7,#11,FT_1,1.8948720191699269,8.584856445971887,134.05563115626046,-0.46215588985546197,-5.941545997322259,-85.52953996856729,0.3619847280501725,387,,,,,,,,,,,,,,,,,,,,,,,,,,,,,,,,,,,,,,,,,,,,,,,,,,,,,,,,,,,,,,,,,,,,,,,,,,,,,,,,,,,,,,,,,,,,,,,,,,,,,,,,,,,,,,,,,,,,,,,,,,,,,,,,,,,,,,,,,,,,,,,,,,,,,,,,,,,,,,,,
441,PP,LT,#10,-,MeOH_1,18279.37658667226,1.5079595801930457,4.7283230151288445,50000000,-0.6091062665051943,-1.9067931418740007,99.45395215940701,,,,,,,,,,,,,,,,,,,,,,,,,,,,,,,,,,,,,,,,,,PE,HT,#8,#5,FT_1,1.5825290965273384,6.300320437756988,106.88917431071835,-0.3778927126520394,-3.7855789956132706,-62.015757153155114,0.41981255301982,388,,,,,,,,,,,,,,,,,,,,,,,,,,,,,,,,,,,,,,,,,,,,,,,,,,,,,,,,,,,,,,,,,,,,,,,,,,,,,,,,,,,,,,,,,,,,,,,,,,,,,,,,,,,,,,,,,,,,,,,,,,,,,,,,,,,,,,,,,,,,,,,,,,,,,,,,,,,,,,,,
442,PP,LT,#11,-,DIESEL_1,109122.36013809545,1.5844694987005365,5.2716084435297335,50000000,-0.1051566544291191,-1.5862516652060519,102.06442783940699,,,,,,,,,,,,,,,,,,,,,,,,,,,,,,,,,,,,,,,,,,PE,HT,#8,#10,MeOH_1,1.481079902436625,5.467286119894572,104.19027893876873,-0.3189308389602914,-2.871831878704501,-58.07897869934568,0.44256816191577775,389,,,,,,,,,,,,,,,,,,,,,,,,,,,,,,,,,,,,,,,,,,,,,,,,,,,,,,,,,,,,,,,,,,,,,,,,,,,,,,,,,,,,,,,,,,,,,,,,,,,,,,,,,,,,,,,,,,,,,,,,,,,,,,,,,,,,,,,,,,,,,,,,,,,,,,,,,,,,,,,,
443,PP,SG,#1,-,MeOH_1,52307.927913719774,0.942811441716263,3.9085361451139904,50000000,0.11149092984239388,-0.8731966091620419,86.55423262408677,,,,,,,,,,,,,,,,,,,,,,,,,,,,,,,,,,,,,,,,,,PE,HT,#8,#11,FT_1,1.6348182338467214,6.674388737813977,111.10754260480073,-0.4347833115764381,-4.159958689538537,-66.4959502188659,0.4015172268242323,390,,,,,,,,,,,,,,,,,,,,,,,,,,,,,,,,,,,,,,,,,,,,,,,,,,,,,,,,,,,,,,,,,,,,,,,,,,,,,,,,,,,,,,,,,,,,,,,,,,,,,,,,,,,,,,,,,,,,,,,,,,,,,,,,,,,,,,,,,,,,,,,,,,,,,,,,,,,,,,,,
444,PP,SG,#2,-,FT_1,59888.558181407214,1.1616818738893493,5.665728331166643,50000000,0.06831971802442822,-1.9193337033501265,95.29502269011876,,,,,,,,,,,,,,,,,,,,,,,,,,,,,,,,,,,,,,,,,,PE,HT,#9,#4,MeOH_1,1.5105427783968166,5.539715209010067,102.68617509172635,-0.4004893837043653,-2.9626423094076824,-56.47706561589253,0.45000322034155693,391,,,,,,,,,,,,,,,,,,,,,,,,,,,,,,,,,,,,,,,,,,,,,,,,,,,,,,,,,,,,,,,,,,,,,,,,,,,,,,,,,,,,,,,,,,,,,,,,,,,,,,,,,,,,,,,,,,,,,,,,,,,,,,,,,,,,,,,,,,,,,,,,,,,,,,,,,,,,,,,,
445,PP,SG,#3,-,H2_1,255650.35940421213,0.8587836895410359,5.015439467704688,50000000,0.8262102877894559,-0.9125210175607154,78.44151179362476,,,,,,,,,,,,,,,,,,,,,,,,,,,,,,,,,,,,,,,,,,PE,HT,#9,#5,FT_1,1.6606497656197867,6.7186607884056295,109.83068515775837,-0.5019150924262418,-4.21857024526988,-64.8873475235435,0.4092056565945961,392,,,,,,,,,,,,,,,,,,,,,,,,,,,,,,,,,,,,,,,,,,,,,,,,,,,,,,,,,,,,,,,,,,,,,,,,,,,,,,,,,,,,,,,,,,,,,,,,,,,,,,,,,,,,,,,,,,,,,,,,,,,,,,,,,,,,,,,,,,,,,,,,,,,,,,,,,,,,,,,,
446,PP,SG,#4,-,MeOH_1,48839.241936383936,1.3615428943938435,9.152078962064623,50000000,-0.32123489914132064,-6.138011008848294,142.54637502408676,,,,,,,,,,,,,,,,,,,,,,,,,,,,,,,,,,,,,,,,,,PE,HT,#9,#10,MeOH_1,1.559200571529073,5.885626470543213,107.13178978580873,-0.4429532187344934,-3.3048231283611087,-60.95056906973405,0.43106925412527836,393,,,,,,,,,,,,,,,,,,,,,,,,,,,,,,,,,,,,,,,,,,,,,,,,,,,,,,,,,,,,,,,,,,,,,,,,,,,,,,,,,,,,,,,,,,,,,,,,,,,,,,,,,,,,,,,,,,,,,,,,,,,,,,,,,,,,,,,,,,,,,,,,,,,,,,,,,,,,,,,,
447,PP,SG,#5,-,FT_1,59464.06445896398,1.586201555536091,10.914697239132812,50000000,-0.3584148408939081,-7.170534527355541,150.97061149011878,,,,,,,,,,,,,,,,,,,,,,,,,,,,,,,,,,,,,,,,,,PE,HT,#9,#11,FT_1,1.7129389029391695,7.092729088462616,114.04905345184075,-0.5588056913506404,-4.592949939195144,-69.36754058925428,0.3917745172821977,394,,,,,,,,,,,,,,,,,,,,,,,,,,,,,,,,,,,,,,,,,,,,,,,,,,,,,,,,,,,,,,,,,,,,,,,,,,,,,,,,,,,,,,,,,,,,,,,,,,,,,,,,,,,,,,,,,,,,,,,,,,,,,,,,,,,,,,,,,,,,,,,,,,,,,,,,,,,,,,,,
448,PP,SG,#6,-,MeOH_1,71228.05951450217,0.9721547519140714,3.9457194267625653,50000000,0.17064253015535485,-0.7887275068430254,89.94071153710495,,,,,,,,,,,,,,,,,,,,,,,,,,,,,,,,,,,,,,,,,,PE,LT,#2,#1,WAX_1,1.4183479247630437,2.541682194889084,79.73041881292106,-0.4347890703895726,-0.04060184836902201,-28.248665703780045,0.6456977634839404,395,,,,,,,,,,,,,,,,,,,,,,,,,,,,,,,,,,,,,,,,,,,,,,,,,,,,,,,,,,,,,,,,,,,,,,,,,,,,,,,,,,,,,,,,,,,,,,,,,,,,,,,,,,,,,,,,,,,,,,,,,,,,,,,,,,,,,,,,,,,,,,,,,,,,,,,,,,,,,,,,
449,PP,SG,#7,-,FT_1,82599.26896110304,1.2118456180272166,6.0165660092319335,50000000,0.08785083890344253,-2.1969745577782605,101.14291953710497,,,,,,,,,,,,,,,,,,,,,,,,,,,,,,,,,,,,,,,,,,PE,LT,#2,#2,WAX_1,1.5080830788384652,2.674723834862137,76.69080876768113,-0.5205240224944757,-0.17858349962163866,-24.899110728834614,0.6753312277060306,396,,,,,,,,,,,,,,,,,,,,,,,,,,,,,,,,,,,,,,,,,,,,,,,,,,,,,,,,,,,,,,,,,,,,,,,,,,,,,,,,,,,,,,,,,,,,,,,,,,,,,,,,,,,,,,,,,,,,,,,,,,,,,,,,,,,,,,,,,,,,,,,,,,,,,,,,,,,,,,,,
450,PP,SG,#8,-,H2_1,269769.1232321518,0.9077002948041795,5.152809980713184,50000000,0.869879639252751,-0.9383752013217321,85.06180642268117,,,,,,,,,,,,,,,,,,,,,,,,,,,,,,,,,,,,,,,,,,PE,LT,#2,#5,WAX_1,1.505263034607678,2.6755465799091827,73.91122910894133,-0.5056567752881227,-0.1727552562697768,-21.754757303924727,0.7056637054180314,397,,,,,,,,,,,,,,,,,,,,,,,,,,,,,,,,,,,,,,,,,,,,,,,,,,,,,,,,,,,,,,,,,,,,,,,,,,,,,,,,,,,,,,,,,,,,,,,,,,,,,,,,,,,,,,,,,,,,,,,,,,,,,,,,,,,,,,,,,,,,,,,,,,,,,,,,,,,,,,,,
451,PP,SG,#9,-,MeOH_1,59317.09227121783,1.384025665465669,9.251383825552624,50000000,-0.28695686810517473,-6.16561939977165,144.50676593710494,,,,,,,,,,,,,,,,,,,,,,,,,,,,,,,,,,,,,,,,,,PE,LT,#2,#8,WAX_1,1.4497812703579058,2.5319945487500486,76.41800648408311,-0.47298623040100307,-0.04146410878025532,-24.627411961511278,0.6777276312927523,398,,,,,,,,,,,,,,,,,,,,,,,,,,,,,,,,,,,,,,,,,,,,,,,,,,,,,,,,,,,,,,,,,,,,,,,,,,,,,,,,,,,,,,,,,,,,,,,,,,,,,,,,,,,,,,,,,,,,,,,,,,,,,,,,,,,,,,,,,,,,,,,,,,,,,,,,,,,,,,,,
452,PP,SG,#10,-,FT_1,82754.97819825845,1.6086843266079167,11.014002102620811,50000000,-0.3096204901563431,-7.194664136254006,152.93100240313697,,,,,,,,,,,,,,,,,,,,,,,,,,,,,,,,,,,,,,,,,,PE,LT,#2,#10,WAX_1,1.4732726957705238,2.5240991215495225,78.32800836149428,-0.5002749124414205,-0.0320401413271001,-26.967754115283267,0.6557073940802445,399,,,,,,,,,,,,,,,,,,,,,,,,,,,,,,,,,,,,,,,,,,,,,,,,,,,,,,,,,,,,,,,,,,,,,,,,,,,,,,,,,,,,,,,,,,,,,,,,,,,,,,,,,,,,,,,,,,,,,,,,,,,,,,,,,,,,,,,,,,,,,,,,,,,,,,,,,,,,,,,,
453,PP,OG,#1,-,MeOH_1,9264.64449850796,0.8202696363318253,2.2283474767511042,50000000,-0.3466187282415633,0.22364599687367528,57.7485152,,,,,,,,,,,,,,,,,,,,,,,,,,,,,,,,,,,,,,,,,,PE,LT,#2,#11,WAX_1,1.483225174135668,2.5829659576800017,73.57616413056006,-0.5104168265708267,-0.09406683459759146,-22.3516892807124,0.696210185121236,400,,,,,,,,,,,,,,,,,,,,,,,,,,,,,,,,,,,,,,,,,,,,,,,,,,,,,,,,,,,,,,,,,,,,,,,,,,,,,,,,,,,,,,,,,,,,,,,,,,,,,,,,,,,,,,,,,,,,,,,,,,,,,,,,,,,,,,,,,,,,,,,,,,,,,,,,,,,,,,,,
454,PP,OG,#2,-,FT_1,27064.444440539257,1.771650843415313,3.753609208375001,50000000,-0.7408610921141353,-0.2538732886101276,88.38298863999998,,,,,,,,,,,,,,,,,,,,,,,,,,,,,,,,,,,,,,,,,,PE,LT,#3,#1,WAX_1,1.4990124062800663,3.2506587764493275,84.46774863525168,-0.37934877676977036,-0.6333614568032205,-31.995768421805014,0.6212072780586466,401,,,,,,,,,,,,,,,,,,,,,,,,,,,,,,,,,,,,,,,,,,,,,,,,,,,,,,,,,,,,,,,,,,,,,,,,,,,,,,,,,,,,,,,,,,,,,,,,,,,,,,,,,,,,,,,,,,,,,,,,,,,,,,,,,,,,,,,,,,,,,,,,,,,,,,,,,,,,,,,,
455,PP,OG,#3,-,H2_1,139622.46239927554,0.8419120453684514,2.242929154991412,50000000,0.12182019490382644,0.9435489238864899,55.734171419216345,,,,,,,,,,,,,,,,,,,,,,,,,,,,,,,,,,,,,,,,,,PE,LT,#3,#2,WAX_1,1.5887475603554873,3.3837004164223794,86.75650431525168,-0.4650837288746733,-0.7713431080558366,-33.97457917209952,0.6083915616442509,402,,,,,,,,,,,,,,,,,,,,,,,,,,,,,,,,,,,,,,,,,,,,,,,,,,,,,,,,,,,,,,,,,,,,,,,,,,,,,,,,,,,,,,,,,,,,,,,,,,,,,,,,,,,,,,,,,,,,,,,,,,,,,,,,,,,,,,,,,,,,,,,,,,,,,,,,,,,,,,,,
456,PP,OG,#4,-,MeOH_1,9262.727035887825,1.1157562440223743,5.759154490941914,50000000,-0.6421658075422673,-3.3072109013951327,96.80473423999999,,,,,,,,,,,,,,,,,,,,,,,,,,,,,,,,,,,,,,,,,,PE,LT,#3,#3,WAX_1,1.485716506937051,3.1090938619372963,83.71689427001175,-0.36004940003031005,-0.48994683904977293,-31.13090510523935,0.6281407071213969,403,,,,,,,,,,,,,,,,,,,,,,,,,,,,,,,,,,,,,,,,,,,,,,,,,,,,,,,,,,,,,,,,,,,,,,,,,,,,,,,,,,,,,,,,,,,,,,,,,,,,,,,,,,,,,,,,,,,,,,,,,,,,,,,,,,,,,,,,,,,,,,,,,,,,,,,,,,,,,,,,
457,PP,OG,#5,-,FT_1,24593.928701595465,2.0546115278657644,6.969296316699843,50000000,-1.028936580645504,-3.4822564744513347,122.75122544000001,,,,,,,,,,,,,,,,,,,,,,,,,,,,,,,,,,,,,,,,,,PE,LT,#3,#4,WAX_1,1.4924290558574569,3.150475379127523,83.82244650725167,-0.3888603727884489,-0.544830742368102,-31.54825019496896,0.6236300476837114,404,,,,,,,,,,,,,,,,,,,,,,,,,,,,,,,,,,,,,,,,,,,,,,,,,,,,,,,,,,,,,,,,,,,,,,,,,,,,,,,,,,,,,,,,,,,,,,,,,,,,,,,,,,,,,,,,,,,,,,,,,,,,,,,,,,,,,,,,,,,,,,,,,,,,,,,,,,,,,,,,
458,PP,OG,#6,-,MeOH_1,16990.70715224172,0.8439976232693138,2.1154372125163654,50000000,-0.29625786313903535,0.3967524107758385,66.13528103252321,,,,,,,,,,,,,,,,,,,,,,,,,,,,,,,,,,,,,,,,,,PE,LT,#3,#5,WAX_1,1.5859275161246997,3.3845231614694256,87.04433375525167,-0.45021648166832007,-0.7655148647039747,-33.89763484592944,0.6105704600917313,405,,,,,,,,,,,,,,,,,,,,,,,,,,,,,,,,,,,,,,,,,,,,,,,,,,,,,,,,,,,,,,,,,,,,,,,,,,,,,,,,,,,,,,,,,,,,,,,,,,,,,,,,,,,,,,,,,,,,,,,,,,,,,,,,,,,,,,,,,,,,,,,,,,,,,,,,,,,,,,,,
459,PP,OG,#7,-,FT_1,5235.960593577961,0.9553304927718149,2.346137348843497,50000000,-0.24700050592033193,0.6748984865381441,66.62877079252321,,,,,,,,,,,,,,,,,,,,,,,,,,,,,,,,,,,,,,,,,,PE,LT,#3,#6,WAX_1,1.4329543035583783,2.910872169452401,80.93731461127194,-0.3327961697215383,-0.31098545222991614,-28.571822403827056,0.6469882582458706,406,,,,,,,,,,,,,,,,,,,,,,,,,,,,,,,,,,,,,,,,,,,,,,,,,,,,,,,,,,,,,,,,,,,,,,,,,,,,,,,,,,,,,,,,,,,,,,,,,,,,,,,,,,,,,,,,,,,,,,,,,,,,,,,,,,,,,,,,,,,,,,,,,,,,,,,,,,,,,,,,
460,PP,OG,#8,-,H2_1,146822.93023263843,0.8545023428270407,2.831753841079097,50000000,0.1660503861490524,0.41159676229363173,69.36769552746307,,,,,,,,,,,,,,,,,,,,,,,,,,,,,,,,,,,,,,,,,,PE,LT,#3,#7,WAX_1,1.4804857689780078,3.138517545997996,83.6316669177929,-0.3588858346960491,-0.5216294869229394,-30.958062759631648,0.6298284621055995,407,,,,,,,,,,,,,,,,,,,,,,,,,,,,,,,,,,,,,,,,,,,,,,,,,,,,,,,,,,,,,,,,,,,,,,,,,,,,,,,,,,,,,,,,,,,,,,,,,,,,,,,,,,,,,,,,,,,,,,,,,,,,,,,,,,,,,,,,,,,,,,,,,,,,,,,,,,,,,,,,
461,PP,OG,#9,-,MeOH_1,10164.004508375674,1.0754334784265032,5.237517140817601,50000000,-0.5590258246151163,-2.7699032799533927,99.37936423252322,,,,,,,,,,,,,,,,,,,,,,,,,,,,,,,,,,,,,,,,,,PE,LT,#3,#8,WAX_1,1.5304457518749282,3.2409711303102915,84.84316722382489,-0.4175459367812009,-0.6342237172144538,-32.06234559694744,0.6220986716306369,408,,,,,,,,,,,,,,,,,,,,,,,,,,,,,,,,,,,,,,,,,,,,,,,,,,,,,,,,,,,,,,,,,,,,,,,,,,,,,,,,,,,,,,,,,,,,,,,,,,,,,,,,,,,,,,,,,,,,,,,,,,,,,,,,,,,,,,,,,,,,,,,,,,,,,,,,,,,,,,,,
462,PP,OG,#10,-,FT_1,21725.00212072232,1.2133915174109566,5.83040360087723,50000000,-0.4296595020908579,-2.722086915233648,103.2814562325232,,,,,,,,,,,,,,,,,,,,,,,,,,,,,,,,,,,,,,,,,,PE,LT,#3,#9,WAX_1,1.4745832833025279,3.0787189904180545,83.44409198641372,-0.3493103223291028,-0.459973019244501,-30.86393068236985,0.6301244348444095,409,,,,,,,,,,,,,,,,,,,,,,,,,,,,,,,,,,,,,,,,,,,,,,,,,,,,,,,,,,,,,,,,,,,,,,,,,,,,,,,,,,,,,,,,,,,,,,,,,,,,,,,,,,,,,,,,,,,,,,,,,,,,,,,,,,,,,,,,,,,,,,,,,,,,,,,,,,,,,,,,
463,PVC,HT,#1,#1,DIESEL_1,12577.576333995174,0.9356226647948849,1.546691455750759,50000000,-0.6179016867200628,-0.2406860133156079,28.664933457788806,,,,,,,,,,,,,,,,,,,,,,,,,,,,,,,,,,,,,,,,,,PE,LT,#3,#10,WAX_1,1.553937177287546,3.2330757031097646,84.9929420537929,-0.4448346188216182,-0.6247997497612972,-32.64246070327625,0.6159391601879542,410,,,,,,,,,,,,,,,,,,,,,,,,,,,,,,,,,,,,,,,,,,,,,,,,,,,,,,,,,,,,,,,,,,,,,,,,,,,,,,,,,,,,,,,,,,,,,,,,,,,,,,,,,,,,,,,,,,,,,,,,,,,,,,,,,,,,,,,,,,,,,,,,,,,,,,,,,,,,,,,,
464,PVC,HT,#1,#2,DIESEL_1,11902.916215550038,1.3072869670280383,1.7859640161006245,50000000,-0.8656827826675967,-0.30145175277419867,39.1387456177888,,,,,,,,,,,,,,,,,,,,,,,,,,,,,,,,,,,,,,,,,,PE,LT,#3,#11,WAX_1,1.5638896556526904,3.2919425392402446,85.3540938638249,-0.4549765329510245,-0.6868264430317896,-33.13939190967161,0.6117422093128578,411,,,,,,,,,,,,,,,,,,,,,,,,,,,,,,,,,,,,,,,,,,,,,,,,,,,,,,,,,,,,,,,,,,,,,,,,,,,,,,,,,,,,,,,,,,,,,,,,,,,,,,,,,,,,,,,,,,,,,,,,,,,,,,,,,,,,,,,,,,,,,,,,,,,,,,,,,,,,,,,,
465,PVC,HT,#1,#3,DIESEL_1,16819.15103195095,0.9283375563659465,0.9248477229363928,50000000,-0.5770453573167523,0.40541941380294955,26.358522497032194,,,,,,,,,,,,,,,,,,,,,,,,,,,,,,,,,,,,,,,,,,PE,LT,#4,#1,WAX_1,1.5626067082865394,3.5089149907536976,86.94961102128369,-0.4780447147689516,-0.9532435097729921,-35.599352555997164,0.5905749072611366,412,,,,,,,,,,,,,,,,,,,,,,,,,,,,,,,,,,,,,,,,,,,,,,,,,,,,,,,,,,,,,,,,,,,,,,,,,,,,,,,,,,,,,,,,,,,,,,,,,,,,,,,,,,,,,,,,,,,,,,,,,,,,,,,,,,,,,,,,,,,,,,,,,,,,,,,,,,,,,,,,
466,PVC,HT,#1,#4,DIESEL_1,1474.695852363181,1.0257467883874805,1.9874999824862292,50000000,-0.7640488750308333,-0.76355254076108,33.91168385778881,,,,,,,,,,,,,,,,,,,,,,,,,,,,,,,,,,,,,,,,,,PE,LT,#4,#2,WAX_1,1.6523418623619603,3.6419566307267504,89.23836670128368,-0.5637796668738547,-1.0912251610256087,-37.578163306291664,0.5789012652811013,413,,,,,,,,,,,,,,,,,,,,,,,,,,,,,,,,,,,,,,,,,,,,,,,,,,,,,,,,,,,,,,,,,,,,,,,,,,,,,,,,,,,,,,,,,,,,,,,,,,,,,,,,,,,,,,,,,,,,,,,,,,,,,,,,,,,,,,,,,,,,,,,,,,,,,,,,,,,,,,,,
467,PVC,HT,#1,#5,DIESEL_1,8926.000456342575,1.3826466522511902,2.2008232867904938,50000000,-0.9505116512425452,-0.7254824623290744,43.3833526577888,,,,,,,,,,,,,,,,,,,,,,,,,,,,,,,,,,,,,,,,,,PE,LT,#4,#3,WAX_1,1.5493108089435244,3.367350076241667,86.19875665604376,-0.4587453380294916,-0.8098288920195449,-34.73448923943151,0.5970418763923536,414,,,,,,,,,,,,,,,,,,,,,,,,,,,,,,,,,,,,,,,,,,,,,,,,,,,,,,,,,,,,,,,,,,,,,,,,,,,,,,,,,,,,,,,,,,,,,,,,,,,,,,,,,,,,,,,,,,,,,,,,,,,,,,,,,,,,,,,,,,,,,,,,,,,,,,,,,,,,,,,,
468,PVC,HT,#1,#6,DIESEL_1,11192.080693978996,0.8295702774153926,0.6845612354959536,50000000,-0.5025037230971923,0.6320645081515524,24.77995016516399,,,,,,,,,,,,,,,,,,,,,,,,,,,,,,,,,,,,,,,,,,PE,LT,#4,#4,WAX_1,1.5560233578639302,3.408731593431893,86.30430889328368,-0.4875563107876303,-0.8647127953378737,-35.151834329161126,0.592698965093078,415,,,,,,,,,,,,,,,,,,,,,,,,,,,,,,,,,,,,,,,,,,,,,,,,,,,,,,,,,,,,,,,,,,,,,,,,,,,,,,,,,,,,,,,,,,,,,,,,,,,,,,,,,,,,,,,,,,,,,,,,,,,,,,,,,,,,,,,,,,,,,,,,,,,,,,,,,,,,,,,,
469,PVC,HT,#1,#7,DIESEL_1,14572.826250878217,0.9024386196912295,0.9702371770148739,50000000,-0.5586267896071415,0.34773892135575374,28.270515538751567,,,,,,,,,,,,,,,,,,,,,,,,,,,,,,,,,,,,,,,,,,PE,LT,#4,#5,WAX_1,1.649521818131173,3.6427793757737956,89.52619614128368,-0.5489124196675015,-1.085396917673747,-37.50121898012159,0.5811145720863654,416,,,,,,,,,,,,,,,,,,,,,,,,,,,,,,,,,,,,,,,,,,,,,,,,,,,,,,,,,,,,,,,,,,,,,,,,,,,,,,,,,,,,,,,,,,,,,,,,,,,,,,,,,,,,,,,,,,,,,,,,,,,,,,,,,,,,,,,,,,,,,,,,,,,,,,,,,,,,,,,,
470,PVC,HT,#1,#8,DIESEL_1,12535.269612766922,0.9606003333159023,1.1240566591354655,50000000,-0.6221852376243328,0.1922157841226408,29.84547680478356,,,,,,,,,,,,,,,,,,,,,,,,,,,,,,,,,,,,,,,,,,PE,LT,#4,#6,WAX_1,1.4965486055648518,3.1691283837567723,83.41917699730394,-0.4314921077207201,-0.6308675051996893,-32.17540653801919,0.6142924481374459,417,,,,,,,,,,,,,,,,,,,,,,,,,,,,,,,,,,,,,,,,,,,,,,,,,,,,,,,,,,,,,,,,,,,,,,,,,,,,,,,,,,,,,,,,,,,,,,,,,,,,,,,,,,,,,,,,,,,,,,,,,,,,,,,,,,,,,,,,,,,,,,,,,,,,,,,,,,,,,,,,
471,PVC,HT,#1,#9,DIESEL_1,17308.86783517621,0.914346158751314,0.9751184490866147,50000000,-0.5584858025780122,0.35901669061191177,29.446309208837885,,,,,,,,,,,,,,,,,,,,,,,,,,,,,,,,,,,,,,,,,,PE,LT,#4,#7,WAX_1,1.5440800709844806,3.396773760302366,86.1135293038249,-0.45758177269523015,-0.841511539892711,-34.5616468938238,0.5986502100978379,418,,,,,,,,,,,,,,,,,,,,,,,,,,,,,,,,,,,,,,,,,,,,,,,,,,,,,,,,,,,,,,,,,,,,,,,,,,,,,,,,,,,,,,,,,,,,,,,,,,,,,,,,,,,,,,,,,,,,,,,,,,,,,,,,,,,,,,,,,,,,,,,,,,,,,,,,,,,,,,,,
472,PVC,HT,#1,#10,DIESEL_1,11261.88945991033,0.9720903176868493,1.2118230615801884,50000000,-0.640160348231771,0.08660869674561322,31.271588754751562,,,,,,,,,,,,,,,,,,,,,,,,,,,,,,,,,,,,,,,,,,PE,LT,#4,#8,WAX_1,1.594040053881401,3.499227344614662,87.32502960985691,-0.516241874780382,-0.9541057701842255,-35.6659297311396,0.5915726580284633,419,,,,,,,,,,,,,,,,,,,,,,,,,,,,,,,,,,,,,,,,,,,,,,,,,,,,,,,,,,,,,,,,,,,,,,,,,,,,,,,,,,,,,,,,,,,,,,,,,,,,,,,,,,,,,,,,,,,,,,,,,,,,,,,,,,,,,,,,,,,,,,,,,,,,,,,,,,,,,,,,
473,PVC,HT,#1,#11,DIESEL_1,12240.14363065422,1.0234621907002683,1.4260313748799451,50000000,-0.686258359658059,-0.11055780042120993,32.90295616478356,,,,,,,,,,,,,,,,,,,,,,,,,,,,,,,,,,,,,,,,,,PE,LT,#4,#9,WAX_1,1.5381775853090005,3.3369752047224246,85.92595437244572,-0.4480062603282836,-0.7798550722142726,-34.467514816562,0.5988695724325308,420,,,,,,,,,,,,,,,,,,,,,,,,,,,,,,,,,,,,,,,,,,,,,,,,,,,,,,,,,,,,,,,,,,,,,,,,,,,,,,,,,,,,,,,,,,,,,,,,,,,,,,,,,,,,,,,,,,,,,,,,,,,,,,,,,,,,,,,,,,,,,,,,,,,,,,,,,,,,,,,,
474,PVC,HT,#2,#1,Olefin,12577.576333995174,0.9962821673191805,1.815391087755892,50000000,-0.6903560987640985,-0.4074239883330971,31.567856013859046,,,,,,,,,,,,,,,,,,,,,,,,,,,,,,,,,,,,,,,,,,PE,LT,#4,#10,WAX_1,1.617531479294019,3.4913319174141346,87.47480443982488,-0.5435305568207993,-0.9446818027310687,-36.246044837468375,0.5856401729665767,421,,,,,,,,,,,,,,,,,,,,,,,,,,,,,,,,,,,,,,,,,,,,,,,,,,,,,,,,,,,,,,,,,,,,,,,,,,,,,,,,,,,,,,,,,,,,,,,,,,,,,,,,,,,,,,,,,,,,,,,,,,,,,,,,,,,,,,,,,,,,,,,,,,,,,,,,,,,,,,,,
475,PVC,HT,#2,#2,FT_1,11902.916215550038,1.3679464695523325,2.0546636481057576,50000000,-0.9381371947116309,-0.4681897277916878,42.041668173859044,,,,,,,,,,,,,,,,,,,,,,,,,,,,,,,,,,,,,,,,,,PE,LT,#4,#11,WAX_1,1.6274839576591635,3.5501987535446142,87.83595624985688,-0.5536724709502057,-1.0067084960015606,-36.74297604386373,0.5816863888935735,422,,,,,,,,,,,,,,,,,,,,,,,,,,,,,,,,,,,,,,,,,,,,,,,,,,,,,,,,,,,,,,,,,,,,,,,,,,,,,,,,,,,,,,,,,,,,,,,,,,,,,,,,,,,,,,,,,,,,,,,,,,,,,,,,,,,,,,,,,,,,,,,,,,,,,,,,,,,,,,,,
476,PVC,HT,#2,#3,Olefin,16819.15103195095,0.9889970588902406,1.1935473549415259,50000000,-0.6494997693607865,0.23868143878546058,29.26144505310244,,,,,,,,,,,,,,,,,,,,,,,,,,,,,,,,,,,,,,,,,,PE,LT,#5,#2,WAX_1,1.604611946424476,3.265186879724189,86.13248096003392,-0.37571978049540616,-0.5857520310654283,-31.966655256403538,0.6288664287838603,423,,,,,,,,,,,,,,,,,,,,,,,,,,,,,,,,,,,,,,,,,,,,,,,,,,,,,,,,,,,,,,,,,,,,,,,,,,,,,,,,,,,,,,,,,,,,,,,,,,,,,,,,,,,,,,,,,,,,,,,,,,,,,,,,,,,,,,,,,,,,,,,,,,,,,,,,,,,,,,,,
477,PVC,HT,#2,#4,Olefin,1474.695852363181,1.086406290911776,2.2561996144913627,50000000,-0.836503287074869,-0.9302905157785699,36.814606413859046,,,,,,,,,,,,,,,,,,,,,,,,,,,,,,,,,,,,,,,,,,PE,LT,#5,#5,WAX_1,1.6017919021936884,3.266009624771234,86.42031040003391,-0.36085253328905287,-0.5799237877135656,-31.88971093023347,0.6309928675028116,424,,,,,,,,,,,,,,,,,,,,,,,,,,,,,,,,,,,,,,,,,,,,,,,,,,,,,,,,,,,,,,,,,,,,,,,,,,,,,,,,,,,,,,,,,,,,,,,,,,,,,,,,,,,,,,,,,,,,,,,,,,,,,,,,,,,,,,,,,,,,,,,,,,,,,,,,,,,,,,,,
478,PVC,HT,#2,#5,FT_1,8926.000456342575,1.4433061547754842,2.4695229187956262,50000000,-1.0229660632865794,-0.8922204373465633,46.28627521385905,,,,,,,,,,,,,,,,,,,,,,,,,,,,,,,,,,,,,,,,,,PE,LT,#5,#8,WAX_1,1.5463101379439168,3.1224575936120997,84.2191438686071,-0.32818198840193363,-0.4486326402240443,-30.05442168125145,0.6431402612197022,425,,,,,,,,,,,,,,,,,,,,,,,,,,,,,,,,,,,,,,,,,,,,,,,,,,,,,,,,,,,,,,,,,,,,,,,,,,,,,,,,,,,,,,,,,,,,,,,,,,,,,,,,,,,,,,,,,,,,,,,,,,,,,,,,,,,,,,,,,,,,,,,,,,,,,,,,,,,,,,,,
479,PVC,HT,#2,#6,Olefin,11192.080693978996,0.8902297799396875,0.9532608675010866,50000000,-0.5749581351412273,0.4653265331340632,27.682872721234236,,,,,,,,,,,,,,,,,,,,,,,,,,,,,,,,,,,,,,,,,,PE,LT,#5,#10,WAX_1,1.5698015633565348,3.1145621664115732,84.3689186985751,-0.355470670442351,-0.4392086727708882,-30.63453678758023,0.6368978379700674,426,,,,,,,,,,,,,,,,,,,,,,,,,,,,,,,,,,,,,,,,,,,,,,,,,,,,,,,,,,,,,,,,,,,,,,,,,,,,,,,,,,,,,,,,,,,,,,,,,,,,,,,,,,,,,,,,,,,,,,,,,,,,,,,,,,,,,,,,,,,,,,,,,,,,,,,,,,,,,,,,
480,PVC,HT,#2,#7,Olefin,14572.826250878217,0.9630981222155237,1.2389368090200066,50000000,-0.6310812016511759,0.18100094633826494,31.173438094821805,,,,,,,,,,,,,,,,,,,,,,,,,,,,,,,,,,,,,,,,,,PE,LT,#5,#11,WAX_1,1.5797540417216793,3.1734290025420533,84.73007050860713,-0.36561258457175755,-0.5012353660413804,-31.131467993975626,0.6325806433642327,427,,,,,,,,,,,,,,,,,,,,,,,,,,,,,,,,,,,,,,,,,,,,,,,,,,,,,,,,,,,,,,,,,,,,,,,,,,,,,,,,,,,,,,,,,,,,,,,,,,,,,,,,,,,,,,,,,,,,,,,,,,,,,,,,,,,,,,,,,,,,,,,,,,,,,,,,,,,,,,,,
481,PVC,HT,#2,#8,Olefin,12535.269612766922,1.021259835840196,1.3927562911405986,50000000,-0.6946396496683668,0.025477809105151444,32.7483993608538,,,,,,,,,,,,,,,,,,,,,,,,,,,,,,,,,,,,,,,,,,PE,LT,#6,#1,WAX_1,1.636223204502975,4.204371561644139,96.26009215525167,-0.5592161312107512,-1.6178121652213717,-44.45300760158313,0.538198991853366,428,,,,,,,,,,,,,,,,,,,,,,,,,,,,,,,,,,,,,,,,,,,,,,,,,,,,,,,,,,,,,,,,,,,,,,,,,,,,,,,,,,,,,,,,,,,,,,,,,,,,,,,,,,,,,,,,,,,,,,,,,,,,,,,,,,,,,,,,,,,,,,,,,,,,,,,,,,,,,,,,
482,PVC,HT,#2,#9,Olefin,17308.86783517621,0.9750056612756081,1.2438180810917474,50000000,-0.6309402146220462,0.19227871559442297,32.34923176490813,,,,,,,,,,,,,,,,,,,,,,,,,,,,,,,,,,,,,,,,,,PE,LT,#6,#2,WAX_1,1.7259583585783964,4.337413201617191,98.54884783525168,-0.6449510833156543,-1.7557938164739877,-46.43181835187763,0.528844635205683,429,,,,,,,,,,,,,,,,,,,,,,,,,,,,,,,,,,,,,,,,,,,,,,,,,,,,,,,,,,,,,,,,,,,,,,,,,,,,,,,,,,,,,,,,,,,,,,,,,,,,,,,,,,,,,,,,,,,,,,,,,,,,,,,,,,,,,,,,,,,,,,,,,,,,,,,,,,,,,,,,
483,PVC,HT,#2,#10,Olefin,11261.88945991033,1.0327498202111434,1.4805226935853213,50000000,-0.7126147602758053,-0.08012927827187598,34.174511310821806,,,,,,,,,,,,,,,,,,,,,,,,,,,,,,,,,,,,,,,,,,PE,LT,#6,#3,WAX_1,1.6229273051599606,4.062806647132108,95.50923779001175,-0.5399167544712914,-1.4743975474679238,-43.58814428501747,0.543623786624168,430,,,,,,,,,,,,,,,,,,,,,,,,,,,,,,,,,,,,,,,,,,,,,,,,,,,,,,,,,,,,,,,,,,,,,,,,,,,,,,,,,,,,,,,,,,,,,,,,,,,,,,,,,,,,,,,,,,,,,,,,,,,,,,,,,,,,,,,,,,,,,,,,,,,,,,,,,,,,,,,,
484,PVC,HT,#2,#11,Olefin,12240.14363065422,1.0841216932245636,1.6947310068850783,50000000,-0.7587127717020945,-0.2772957754386991,35.80587872085381,,,,,,,,,,,,,,,,,,,,,,,,,,,,,,,,,,,,,,,,,,PE,LT,#6,#4,WAX_1,1.6296398540803663,4.104188164322334,95.61479002725166,-0.5687277272294301,-1.5292814507862527,-44.00548937474708,0.5397627358465689,431,,,,,,,,,,,,,,,,,,,,,,,,,,,,,,,,,,,,,,,,,,,,,,,,,,,,,,,,,,,,,,,,,,,,,,,,,,,,,,,,,,,,,,,,,,,,,,,,,,,,,,,,,,,,,,,,,,,,,,,,,,,,,,,,,,,,,,,,,,,,,,,,,,,,,,,,,,,,,,,,
485,PVC,HT,#3,#1,MeOH_1,30104.90971015617,1.056752100358058,2.2427216577306757,50000000,-0.6626970004865457,-0.8486351190769058,35.475655669021315,,,,,,,,,,,,,,,,,,,,,,,,,,,,,,,,,,,,,,,,,,PE,LT,#6,#5,WAX_1,1.7231383143476093,4.338235946664237,98.83667727525167,-0.6300838361093014,-1.7499655731221253,-46.35487402570756,0.5309952205635848,432,,,,,,,,,,,,,,,,,,,,,,,,,,,,,,,,,,,,,,,,,,,,,,,,,,,,,,,,,,,,,,,,,,,,,,,,,,,,,,,,,,,,,,,,,,,,,,,,,,,,,,,,,,,,,,,,,,,,,,,,,,,,,,,,,,,,,,,,,,,,,,,,,,,,,,,,,,,,,,,,
486,PVC,HT,#3,#2,MeOH_1,29430.24959171104,1.42841640259121,2.481994218080541,50000000,-0.910478096434078,-0.9094008585354966,45.94946782902131,,,,,,,,,,,,,,,,,,,,,,,,,,,,,,,,,,,,,,,,,,PE,LT,#6,#6,WAX_1,1.570165101781287,3.864584954647213,92.72965813127193,-0.5126635241625191,-1.2954361606480682,-41.02906158360516,0.5575411102505875,433,,,,,,,,,,,,,,,,,,,,,,,,,,,,,,,,,,,,,,,,,,,,,,,,,,,,,,,,,,,,,,,,,,,,,,,,,,,,,,,,,,,,,,,,,,,,,,,,,,,,,,,,,,,,,,,,,,,,,,,,,,,,,,,,,,,,,,,,,,,,,,,,,,,,,,,,,,,,,,,,
487,PVC,HT,#3,#3,MeOH_1,34346.48440811195,1.0494669919291182,1.6208779249163094,50000000,-0.6218406710832337,-0.20252969195834844,33.169244708264706,,,,,,,,,,,,,,,,,,,,,,,,,,,,,,,,,,,,,,,,,,PE,LT,#6,#7,WAX_1,1.6176965672009167,4.092230331192807,95.42401043779289,-0.5387531891370297,-1.5060801953410905,-43.41530193940977,0.5450274858473666,434,,,,,,,,,,,,,,,,,,,,,,,,,,,,,,,,,,,,,,,,,,,,,,,,,,,,,,,,,,,,,,,,,,,,,,,,,,,,,,,,,,,,,,,,,,,,,,,,,,,,,,,,,,,,,,,,,,,,,,,,,,,,,,,,,,,,,,,,,,,,,,,,,,,,,,,,,,,,,,,,
488,PVC,HT,#3,#4,MeOH_1,19002.029228524185,1.1468762239506538,2.683530184466147,50000000,-0.8088441887973165,-1.3715016465223788,40.72240606902132,,,,,,,,,,,,,,,,,,,,,,,,,,,,,,,,,,,,,,,,,,PE,LT,#6,#8,WAX_1,1.6676565500978375,4.194683915505102,96.6355107438249,-0.5974132912221821,-1.6186744256326038,-44.51958477672556,0.5393040877618541,435,,,,,,,,,,,,,,,,,,,,,,,,,,,,,,,,,,,,,,,,,,,,,,,,,,,,,,,,,,,,,,,,,,,,,,,,,,,,,,,,,,,,,,,,,,,,,,,,,,,,,,,,,,,,,,,,,,,,,,,,,,,,,,,,,,,,,,,,,,,,,,,,,,,,,,,,,,,,,,,,
489,PVC,HT,#3,#5,FT_1,26453.333832503577,1.5037760878143636,2.8968534887704096,50000000,-0.9953069650090282,-1.3334315680903719,50.194074869021314,,,,,,,,,,,,,,,,,,,,,,,,,,,,,,,,,,,,,,,,,,PE,LT,#6,#9,WAX_1,1.611794081525437,4.032431775612865,95.23643550641371,-0.5291776767700839,-1.4444237276626515,-43.32116986214796,0.5451197891669256,436,,,,,,,,,,,,,,,,,,,,,,,,,,,,,,,,,,,,,,,,,,,,,,,,,,,,,,,,,,,,,,,,,,,,,,,,,,,,,,,,,,,,,,,,,,,,,,,,,,,,,,,,,,,,,,,,,,,,,,,,,,,,,,,,,,,,,,,,,,,,,,,,,,,,,,,,,,,,,,,,
490,PVC,HT,#3,#6,MeOH_1,28719.414070139996,0.9506997129785648,1.3805914374758703,50000000,-0.5472990368636742,0.02411540239025414,31.59067237639651,,,,,,,,,,,,,,,,,,,,,,,,,,,,,,,,,,,,,,,,,,PE,LT,#6,#10,WAX_1,1.691147975510455,4.186788488304577,96.78528557379288,-0.6247019732625991,-1.609250458179449,-45.099699883054335,0.5340231770182817,437,,,,,,,,,,,,,,,,,,,,,,,,,,,,,,,,,,,,,,,,,,,,,,,,,,,,,,,,,,,,,,,,,,,,,,,,,,,,,,,,,,,,,,,,,,,,,,,,,,,,,,,,,,,,,,,,,,,,,,,,,,,,,,,,,,,,,,,,,,,,,,,,,,,,,,,,,,,,,,,,
491,PVC,HT,#3,#7,MeOH_1,32100.159627039222,1.0235680552544009,1.6662673789947906,50000000,-0.6034221033736227,-0.2602101844055444,35.081237749984076,,,,,,,,,,,,,,,,,,,,,,,,,,,,,,,,,,,,,,,,,,PE,LT,#6,#11,WAX_1,1.7011004538755996,4.245655324435056,97.14643738382489,-0.6348438873920056,-1.6712771514499403,-45.59663108944971,0.5306402137085301,438,,,,,,,,,,,,,,,,,,,,,,,,,,,,,,,,,,,,,,,,,,,,,,,,,,,,,,,,,,,,,,,,,,,,,,,,,,,,,,,,,,,,,,,,,,,,,,,,,,,,,,,,,,,,,,,,,,,,,,,,,,,,,,,,,,,,,,,,,,,,,,,,,,,,,,,,,,,,,,,,
492,PVC,HT,#3,#8,MeOH_1,30062.602988927927,1.0817297688790752,1.8200868611153822,50000000,-0.6669805513908156,-0.41573332163865745,36.656199016016075,,,,,,,,,,,,,,,,,,,,,,,,,,,,,,,,,,,,,,,,,,PE,LT,#7,#1,WAX_1,1.7015610726315484,4.669351718746523,98.8163094212837,-0.6208650047769977,-2.117403188896422,-47.57946967788555,0.5185059029573759,439,,,,,,,,,,,,,,,,,,,,,,,,,,,,,,,,,,,,,,,,,,,,,,,,,,,,,,,,,,,,,,,,,,,,,,,,,,,,,,,,,,,,,,,,,,,,,,,,,,,,,,,,,,,,,,,,,,,,,,,,,,,,,,,,,,,,,,,,,,,,,,,,,,,,,,,,,,,,,,,,
493,PVC,HT,#3,#9,MeOH_1,34836.20121133721,1.0354755943144855,1.6711486510665314,50000000,-0.6032811163444931,-0.24893241514938652,36.257031420070405,,,,,,,,,,,,,,,,,,,,,,,,,,,,,,,,,,,,,,,,,,PE,LT,#7,#2,WAX_1,1.7912962267069696,4.802393358719576,101.10506510128369,-0.7065999568819009,-2.2553848401490377,-49.558280428180026,0.5098338507716286,440,,,,,,,,,,,,,,,,,,,,,,,,,,,,,,,,,,,,,,,,,,,,,,,,,,,,,,,,,,,,,,,,,,,,,,,,,,,,,,,,,,,,,,,,,,,,,,,,,,,,,,,,,,,,,,,,,,,,,,,,,,,,,,,,,,,,,,,,,,,,,,,,,,,,,,,,,,,,,,,,
494,PVC,HT,#3,#10,MeOH_1,28789.222836071334,1.0932197532500225,1.9078532635601053,50000000,-0.6849556619982541,-0.5213404090156853,38.08231096598408,,,,,,,,,,,,,,,,,,,,,,,,,,,,,,,,,,,,,,,,,,PE,LT,#7,#3,WAX_1,1.6882651732885334,4.527786804234492,98.06545505604375,-0.6015656280375372,-1.9739885711429739,-46.714606361319845,0.5236385092525928,441,,,,,,,,,,,,,,,,,,,,,,,,,,,,,,,,,,,,,,,,,,,,,,,,,,,,,,,,,,,,,,,,,,,,,,,,,,,,,,,,,,,,,,,,,,,,,,,,,,,,,,,,,,,,,,,,,,,,,,,,,,,,,,,,,,,,,,,,,,,,,,,,,,,,,,,,,,,,,,,,
495,PVC,HT,#3,#11,MeOH_1,29767.477006815225,1.1445916262634412,2.122061576859862,50000000,-0.7310536734245416,-0.7185069061825085,39.713678376016084,,,,,,,,,,,,,,,,,,,,,,,,,,,,,,,,,,,,,,,,,,PE,LT,#7,#4,WAX_1,1.6949777222089393,4.569168321424718,98.17100729328367,-0.6303766007956763,-2.028872474461303,-47.13195145104948,0.5198994820309438,442,,,,,,,,,,,,,,,,,,,,,,,,,,,,,,,,,,,,,,,,,,,,,,,,,,,,,,,,,,,,,,,,,,,,,,,,,,,,,,,,,,,,,,,,,,,,,,,,,,,,,,,,,,,,,,,,,,,,,,,,,,,,,,,,,,,,,,,,,,,,,,,,,,,,,,,,,,,,,,,,
496,PVC,HT,#4,#1,DIESEL_1,33410.942341900845,1.0925665457451172,2.3454346797832057,50000000,-0.6614940650319485,-0.8644339280394632,36.60551101505332,,,,,,,,,,,,,,,,,,,,,,,,,,,,,,,,,,,,,,,,,,PE,LT,#7,#5,WAX_1,1.7884761824761817,4.803216103766622,101.39289454128367,-0.6917327096755472,-2.2495565967971767,-49.481336102009934,0.511984184632752,443,,,,,,,,,,,,,,,,,,,,,,,,,,,,,,,,,,,,,,,,,,,,,,,,,,,,,,,,,,,,,,,,,,,,,,,,,,,,,,,,,,,,,,,,,,,,,,,,,,,,,,,,,,,,,,,,,,,,,,,,,,,,,,,,,,,,,,,,,,,,,,,,,,,,,,,,,,,,,,,,
497,PVC,HT,#4,#2,FT_1,32736.282223455706,1.4642308479782695,2.584707240133071,50000000,-0.9092751609794809,-0.9251996674980539,47.07932317505332,,,,,,,,,,,,,,,,,,,,,,,,,,,,,,,,,,,,,,,,,,PE,LT,#7,#6,WAX_1,1.6355029699098602,4.329565111749598,95.28587539730394,-0.5743123977287655,-1.7950271843231183,-44.15552365990757,0.5365994857496275,444,,,,,,,,,,,,,,,,,,,,,,,,,,,,,,,,,,,,,,,,,,,,,,,,,,,,,,,,,,,,,,,,,,,,,,,,,,,,,,,,,,,,,,,,,,,,,,,,,,,,,,,,,,,,,,,,,,,,,,,,,,,,,,,,,,,,,,,,,,,,,,,,,,,,,,,,,,,,,,,,
498,PVC,HT,#4,#3,DIESEL_1,37652.517039856626,1.0852814373161774,1.7235909469688397,50000000,-0.6206377356286362,-0.21832850092090578,34.29910005429671,,,,,,,,,,,,,,,,,,,,,,,,,,,,,,,,,,,,,,,,,,PE,LT,#7,#7,WAX_1,1.6830344353294904,4.557210488295193,97.9802277038249,-0.6004020627032766,-2.005671219016142,-46.54176401571217,0.5249882031668793,445,,,,,,,,,,,,,,,,,,,,,,,,,,,,,,,,,,,,,,,,,,,,,,,,,,,,,,,,,,,,,,,,,,,,,,,,,,,,,,,,,,,,,,,,,,,,,,,,,,,,,,,,,,,,,,,,,,,,,,,,,,,,,,,,,,,,,,,,,,,,,,,,,,,,,,,,,,,,,,,,
499,PVC,HT,#4,#4,DIESEL_1,22308.06186026885,1.182690669337713,2.786243206518677,50000000,-0.8076412533427191,-1.3873004554849362,41.85226141505331,,,,,,,,,,,,,,,,,,,,,,,,,,,,,,,,,,,,,,,,,,PE,LT,#7,#8,WAX_1,1.73299441822641,4.659664072607487,99.19172800985692,-0.6590621647884279,-2.1182654493076547,-47.646046853027954,0.519657053980416,446,,,,,,,,,,,,,,,,,,,,,,,,,,,,,,,,,,,,,,,,,,,,,,,,,,,,,,,,,,,,,,,,,,,,,,,,,,,,,,,,,,,,,,,,,,,,,,,,,,,,,,,,,,,,,,,,,,,,,,,,,,,,,,,,,,,,,,,,,,,,,,,,,,,,,,,,,,,,,,,,
500,PVC,HT,#4,#5,FT_1,29759.366464248247,1.539590533201423,2.999566510822941,50000000,-0.994104029554431,-1.34923037705293,51.32393021505332,,,,,,,,,,,,,,,,,,,,,,,,,,,,,,,,,,,,,,,,,,PE,LT,#7,#9,WAX_1,1.67713194965401,4.49741193271525,97.79265277244572,-0.5908265503363301,-1.9440147513377017,-46.44763193845037,0.5250396566444553,447,,,,,,,,,,,,,,,,,,,,,,,,,,,,,,,,,,,,,,,,,,,,,,,,,,,,,,,,,,,,,,,,,,,,,,,,,,,,,,,,,,,,,,,,,,,,,,,,,,,,,,,,,,,,,,,,,,,,,,,,,,,,,,,,,,,,,,,,,,,,,,,,,,,,,,,,,,,,,,,,
501,PVC,HT,#4,#6,DIESEL_1,32025.446701884666,0.986514158365624,1.4833044595284004,50000000,-0.5460961014090768,0.008316593427697121,32.7205277224285,,,,,,,,,,,,,,,,,,,,,,,,,,,,,,,,,,,,,,,,,,PE,LT,#7,#10,WAX_1,1.756485843639028,4.651768645406961,99.34150283982488,-0.6863508468288454,-2.108841481854499,-48.22616195935674,0.5145416509641989,448,,,,,,,,,,,,,,,,,,,,,,,,,,,,,,,,,,,,,,,,,,,,,,,,,,,,,,,,,,,,,,,,,,,,,,,,,,,,,,,,,,,,,,,,,,,,,,,,,,,,,,,,,,,,,,,,,,,,,,,,,,,,,,,,,,,,,,,,,,,,,,,,,,,,,,,,,,,,,,,,
502,PVC,HT,#4,#7,DIESEL_1,35406.192258783885,1.0593825006414603,1.7689804010473207,50000000,-0.6022191679190256,-0.2760089933681014,36.21109309601608,,,,,,,,,,,,,,,,,,,,,,,,,,,,,,,,,,,,,,,,,,PE,LT,#7,#11,WAX_1,1.7664383220041728,4.71063548153744,99.7026546498569,-0.6964927609582521,-2.1708681751249905,-48.723093165752104,0.5113159891593514,449,,,,,,,,,,,,,,,,,,,,,,,,,,,,,,,,,,,,,,,,,,,,,,,,,,,,,,,,,,,,,,,,,,,,,,,,,,,,,,,,,,,,,,,,,,,,,,,,,,,,,,,,,,,,,,,,,,,,,,,,,,,,,,,,,,,,,,,,,,,,,,,,,,,,,,,,,,,,,,,,
503,PVC,HT,#4,#8,DIESEL_1,33368.63562067259,1.1175442142661345,1.9227998831679127,50000000,-0.665777615936218,-0.43153213060121476,37.78605436204807,,,,,,,,,,,,,,,,,,,,,,,,,,,,,,,,,,,,,,,,,,PE,HT,#11,-,FT_1,1.7965220452684534,8.770464319491857,135.30289191822789,-0.3656980569348164,-6.127885807781871,-86.89116955304505,0.3578025693230646,450,,,,,,,,,,,,,,,,,,,,,,,,,,,,,,,,,,,,,,,,,,,,,,,,,,,,,,,,,,,,,,,,,,,,,,,,,,,,,,,,,,,,,,,,,,,,,,,,,,,,,,,,,,,,,,,,,,,,,,,,,,,,,,,,,,,,,,,,,,,,,,,,,,,,,,,,,,,,,,,,
504,PVC,HT,#4,#9,DIESEL_1,38142.23384308188,1.071290039701545,1.7738616731190615,50000000,-0.6020781808898964,-0.26473122411194355,37.38688676610241,,,,,,,,,,,,,,,,,,,,,,,,,,,,,,,,,,,,,,,,,,PE,LT,#1,-,WAX_1,1.44685549074326,3.0185282501567348,81.45959605472005,-0.3250338266467125,-0.3986312927728468,-29.25657656747166,0.6408455481682145,451,,,,,,,,,,,,,,,,,,,,,,,,,,,,,,,,,,,,,,,,,,,,,,,,,,,,,,,,,,,,,,,,,,,,,,,,,,,,,,,,,,,,,,,,,,,,,,,,,,,,,,,,,,,,,,,,,,,,,,,,,,,,,,,,,,,,,,,,,,,,,,,,,,,,,,,,,,,,,,,,
505,PVC,HT,#4,#10,DIESEL_1,32095.255467816,1.1290341986370818,2.010566285612635,50000000,-0.6837527265436567,-0.537139217978242,39.21216631201607,,,,,,,,,,,,,,,,,,,,,,,,,,,,,,,,,,,,,,,,,,PE,LT,#2,-,WAX_1,1.5070032445271777,3.2415812310635714,82.73784407563205,-0.4282921877911956,-0.6815508157782352,-31.1525606649026,0.6234786993431262,452,,,,,,,,,,,,,,,,,,,,,,,,,,,,,,,,,,,,,,,,,,,,,,,,,,,,,,,,,,,,,,,,,,,,,,,,,,,,,,,,,,,,,,,,,,,,,,,,,,,,,,,,,,,,,,,,,,,,,,,,,,,,,,,,,,,,,,,,,,,,,,,,,,,,,,,,,,,,,,,,
506,PVC,HT,#4,#11,DIESEL_1,33073.50963855989,1.1804060716505003,2.224774598912392,50000000,-0.7298507379699442,-0.7343057151450655,40.84353372204808,,,,,,,,,,,,,,,,,,,,,,,,,,,,,,,,,,,,,,,,,,PE,LT,#4,-,WAX_1,1.5938958511712524,4.018239829003924,94.47231832960004,-0.537844998577352,-1.4466714159680218,-42.97114591965794,0.5451456397022255,453,,,,,,,,,,,,,,,,,,,,,,,,,,,,,,,,,,,,,,,,,,,,,,,,,,,,,,,,,,,,,,,,,,,,,,,,,,,,,,,,,,,,,,,,,,,,,,,,,,,,,,,,,,,,,,,,,,,,,,,,,,,,,,,,,,,,,,,,,,,,,,,,,,,,,,,,,,,,,,,,
507,PVC,HT,#5,#1,DIESEL_1,46371.37982469737,1.0550461077863609,2.1087927960191544,50000000,-0.5952424399889822,-0.6210965319256947,34.999567778085606,,,,,,,,,,,,,,,,,,,,,,,,,,,,,,,,,,,,,,,,,,PE,LT,#5,-,DIESEL_1,1.6461003477200786,4.432856207433673,95.59720551563206,-0.7095897487865755,-1.9716765602459199,-64.68187493085883,0.3233915721492293,454,,,,,,,,,,,,,,,,,,,,,,,,,,,,,,,,,,,,,,,,,,,,,,,,,,,,,,,,,,,,,,,,,,,,,,,,,,,,,,,,,,,,,,,,,,,,,,,,,,,,,,,,,,,,,,,,,,,,,,,,,,,,,,,,,,,,,,,,,,,,,,,,,,,,,,,,,,,,,,,,
508,PVC,HT,#5,#2,FT_1,45696.71970625223,1.4267104100195127,2.3480653563690193,50000000,-0.8430235359365145,-0.6818622713842851,45.47337993808561,,,,,,,,,,,,,,,,,,,,,,,,,,,,,,,,,,,,,,,,,,PE,LT,#7,-,WAX_1,1.4706394092522093,3.220001315754248,83.98328895080773,-0.33268564584914156,-0.5898843258331984,-31.564373731521673,0.6241588758209964,455,,,,,,,,,,,,,,,,,,,,,,,,,,,,,,,,,,,,,,,,,,,,,,,,,,,,,,,,,,,,,,,,,,,,,,,,,,,,,,,,,,,,,,,,,,,,,,,,,,,,,,,,,,,,,,,,,,,,,,,,,,,,,,,,,,,,,,,,,,,,,,,,,,,,,,,,,,,,,,,,
509,PVC,HT,#5,#3,DIESEL_1,50612.95452265315,1.047760999357421,1.486949063204788,50000000,-0.5543861105856702,0.0250088951928629,32.693156817329,,,,,,,,,,,,,,,,,,,,,,,,,,,,,,,,,,,,,,,,,,PE,LT,#8,-,WAX_1,1.563485275586908,3.5399170640619673,87.65917103080774,-0.4851888964023136,-0.9917172737603348,-36.88970926715588,0.5791688555417547,456,,,,,,,,,,,,,,,,,,,,,,,,,,,,,,,,,,,,,,,,,,,,,,,,,,,,,,,,,,,,,,,,,,,,,,,,,,,,,,,,,,,,,,,,,,,,,,,,,,,,,,,,,,,,,,,,,,,,,,,,,,,,,,,,,,,,,,,,,,,,,,,,,,,,,,,,,,,,,,,,
510,PVC,HT,#5,#4,DIESEL_1,35268.49934306537,1.1451702313789567,2.549601322754625,50000000,-0.741389628299753,-1.1439630593711674,40.2463181780856,,,,,,,,,,,,,,,,,,,,,,,,,,,,,,,,,,,,,,,,,,PE,LT,#10,-,WAX_1,1.6174349171236264,4.207218901700776,97.05319999080774,-0.5480318521848254,-1.6276235299521238,-45.3729698926487,0.5324938291890825,457,,,,,,,,,,,,,,,,,,,,,,,,,,,,,,,,,,,,,,,,,,,,,,,,,,,,,,,,,,,,,,,,,,,,,,,,,,,,,,,,,,,,,,,,,,,,,,,,,,,,,,,,,,,,,,,,,,,,,,,,,,,,,,,,,,,,,,,,,,,,,,,,,,,,,,,,,,,,,,,,
511,PVC,HT,#5,#5,FT_1,42719.80394704476,1.5020700952426667,2.7629246270588887,50000000,-0.927852404511465,-1.105892980939161,49.71798697808561,,,,,,,,,,,,,,,,,,,,,,,,,,,,,,,,,,,,,,,,,,PE,LT,#11,-,WAX_1,1.6731494135609686,4.6626189095405595,99.24744991080775,-0.5994837460236948,-2.121337993643567,-48.035731567960035,0.5160003444811019,458,,,,,,,,,,,,,,,,,,,,,,,,,,,,,,,,,,,,,,,,,,,,,,,,,,,,,,,,,,,,,,,,,,,,,,,,,,,,,,,,,,,,,,,,,,,,,,,,,,,,,,,,,,,,,,,,,,,,,,,,,,,,,,,,,,,,,,,,,,,,,,,,,,,,,,,,,,,,,,,,
512,PVC,HT,#5,#6,DIESEL_1,44985.88418468119,0.9489937204068679,1.2466625757643486,50000000,-0.47984447636611094,0.2516539895414656,31.114584485460796,,,,,,,,,,,,,,,,,,,,,,,,,,,,,,,,,,,,,,,,,,PE,SG,#5,-,FT_1,1.5653878796052947,10.906449874190505,148.67836085110105,-0.3546120606798701,-8.394800393930478,-105.42186198940077,0.2909401113523235,459,,,,,,,,,,,,,,,,,,,,,,,,,,,,,,,,,,,,,,,,,,,,,,,,,,,,,,,,,,,,,,,,,,,,,,,,,,,,,,,,,,,,,,,,,,,,,,,,,,,,,,,,,,,,,,,,,,,,,,,,,,,,,,,,,,,,,,,,,,,,,,,,,,,,,,,,,,,,,,,,
513,PVC,HT,#5,#7,DIESEL_1,48366.62974158041,1.021862062682704,1.532338517283269,50000000,-0.5359675428760594,-0.0326715972543332,34.60514985904836,,,,,,,,,,,,,,,,,,,,,,,,,,,,,,,,,,,,,,,,,,PE,OG,#2,-,FT_1,1.9511799779280299,3.3260592030781897,84.60905728,-0.9317425714511487,-0.9378201366033548,-46.49129603688072,0.4505163214025032,460,,,,,,,,,,,,,,,,,,,,,,,,,,,,,,,,,,,,,,,,,,,,,,,,,,,,,,,,,,,,,,,,,,,,,,,,,,,,,,,,,,,,,,,,,,,,,,,,,,,,,,,,,,,,,,,,,,,,,,,,,,,,,,,,,,,,,,,,,,,,,,,,,,,,,,,,,,,,,,,,
514,PVC,HT,#5,#8,DIESEL_1,46329.07310346911,1.0800237763073781,1.6861579994038605,50000000,-0.599525990893252,-0.18819473448744595,36.18011112508036,,,,,,,,,,,,,,,,,,,,,,,,,,,,,,,,,,,,,,,,,,PE,OG,#4,-,MeOH_1,1.0895105051602503,5.79760161929218,90.61194559999998,-0.5506855116521829,-3.4649881266699083,-63.418380811711714,0.30011015223458887,461,,,,,,,,,,,,,,,,,,,,,,,,,,,,,,,,,,,,,,,,,,,,,,,,,,,,,,,,,,,,,,,,,,,,,,,,,,,,,,,,,,,,,,,,,,,,,,,,,,,,,,,,,,,,,,,,,,,,,,,,,,,,,,,,,,,,,,,,,,,,,,,,,,,,,,,,,,,,,,,,
515,PVC,HT,#5,#9,DIESEL_1,51102.6713258784,1.0337696017427882,1.5372197893550097,50000000,-0.5358265558469297,-0.021393827998174877,35.780943529134696,,,,,,,,,,,,,,,,,,,,,,,,,,,,,,,,,,,,,,,,,,PE,OG,#5,-,FT_1,2.338616563734092,6.823076076578983,123.71772768,-1.288766723794442,-4.413380851198961,-85.15009336958218,0.31173894827889403,462,,,,,,,,,,,,,,,,,,,,,,,,,,,,,,,,,,,,,,,,,,,,,,,,,,,,,,,,,,,,,,,,,,,,,,,,,,,,,,,,,,,,,,,,,,,,,,,,,,,,,,,,,,,,,,,,,,,,,,,,,,,,,,,,,,,,,,,,,,,,,,,,,,,,,,,,,,,,,,,,
516,PVC,HT,#5,#10,DIESEL_1,45055.69295061252,1.091513760678325,1.7739244018485836,50000000,-0.6175011015006903,-0.2938018218644737,37.60622307504836,,,,,,,,,,,,,,,,,,,,,,,,,,,,,,,,,,,,,,,,,,PE,OG,#7,-,FT_1,1.4523937105680818,2.563732206032202,74.56901162592052,-0.6358106619027287,-0.23541520177286626,-46.089293590836476,0.38192430627824453,463,,,,,,,,,,,,,,,,,,,,,,,,,,,,,,,,,,,,,,,,,,,,,,,,,,,,,,,,,,,,,,,,,,,,,,,,,,,,,,,,,,,,,,,,,,,,,,,,,,,,,,,,,,,,,,,,,,,,,,,,,,,,,,,,,,,,,,,,,,,,,,,,,,,,,,,,,,,,,,,,
517,PVC,HT,#5,#11,DIESEL_1,46033.94712135641,1.1428856336917441,1.9881327151483406,50000000,-0.6635991129269784,-0.49096831903129695,39.23759048508036,,,,,,,,,,,,,,,,,,,,,,,,,,,,,,,,,,,,,,,,,,PE,OG,#9,-,MeOH_1,1.0487918367945217,5.040963443490506,93.24176650592051,-0.40659956506442896,-2.655659649888498,-68.08235065921103,0.26982989264914836,464,,,,,,,,,,,,,,,,,,,,,,,,,,,,,,,,,,,,,,,,,,,,,,,,,,,,,,,,,,,,,,,,,,,,,,,,,,,,,,,,,,,,,,,,,,,,,,,,,,,,,,,,,,,,,,,,,,,,,,,,,,,,,,,,,,,,,,,,,,,,,,,,,,,,,,,,,,,,,,,,
518,PVC,HT,#6,#1,MeOH_1,19833.39790772478,1.1290296710671808,2.709070601511461,50000000,-0.7716998592659765,-1.375959150423991,41.573824949021315,,,,,,,,,,,,,,,,,,,,,,,,,,,,,,,,,,,,,,,,,,PE,OG,#10,-,FT_1,1.2352060774560796,5.642149047314839,98.65712570592052,-0.4217430065446278,-3.3153403369418175,-70.40182413514394,0.28639899417909925,465,,,,,,,,,,,,,,,,,,,,,,,,,,,,,,,,,,,,,,,,,,,,,,,,,,,,,,,,,,,,,,,,,,,,,,,,,,,,,,,,,,,,,,,,,,,,,,,,,,,,,,,,,,,,,,,,,,,,,,,,,,,,,,,,,,,,,,,,,,,,,,,,,,,,,,,,,,,,,,,,
519,PVC,HT,#6,#2,MeOH_1,19158.737789279643,1.5006939733003342,2.9483431618613274,50000000,-1.0194809552135102,-1.4367248898825824,52.04763710902132,,,,,,,,,,,,,,,,,,,,,,,,,,,,,,,,,,,,,,,,,,PE,HG,#5,-,DIESEL_1,1.2045604155013176,3.5383979940502823,91.4753208,-0.3377170753244181,-1.1481751326876455,-53.916574700448244,0.41058884266358053,466,,,,,,,,,,,,,,,,,,,,,,,,,,,,,,,,,,,,,,,,,,,,,,,,,,,,,,,,,,,,,,,,,,,,,,,,,,,,,,,,,,,,,,,,,,,,,,,,,,,,,,,,,,,,,,,,,,,,,,,,,,,,,,,,,,,,,,,,,,,,,,,,,,,,,,,,,,,,,,,,
520,PVC,HT,#6,#3,MeOH_1,24074.97260568056,1.1217445626382425,2.087226868697095,50000000,-0.730843529862666,-0.7298537233054334,39.2674139882647,,,,,,,,,,,,,,,,,,,,,,,,,,,,,,,,,,,,,,,,,,,,,,,,,,,,,,467,,,,,,,,,,,,,,,,,,,,,,,,,,,,,,,,,,,,,,,,,,,,,,,,,,,,,,,,,,,,,,,,,,,,,,,,,,,,,,,,,,,,,,,,,,,,,,,,,,,,,,,,,,,,,,,,,,,,,,,,,,,,,,,,,,,,,,,,,,,,,,,,,,,,,,,,,,,,,,,,
521,PVC,HT,#6,#4,MeOH_1,8730.517426092789,1.2191537946597766,3.149879128246932,50000000,-0.9178470475767471,-1.8988256778694637,46.82057534902131,,,,,,,,,,,,,,,,,,,,,,,,,,,,,,,,,,,,,,,,,,,,,,,,,,,,,,468,,,,,,,,,,,,,,,,,,,,,,,,,,,,,,,,,,,,,,,,,,,,,,,,,,,,,,,,,,,,,,,,,,,,,,,,,,,,,,,,,,,,,,,,,,,,,,,,,,,,,,,,,,,,,,,,,,,,,,,,,,,,,,,,,,,,,,,,,,,,,,,,,,,,,,,,,,,,,,,,
522,PVC,HT,#6,#5,MeOH_1,16181.822030072184,1.5760536585234863,3.363202432551196,50000000,-1.104309823788459,-1.8607555994374578,56.29224414902131,,,,,,,,,,,,,,,,,,,,,,,,,,,,,,,,,,,,,,,,,,,,,,,,,,,,,,469,,,,,,,,,,,,,,,,,,,,,,,,,,,,,,,,,,,,,,,,,,,,,,,,,,,,,,,,,,,,,,,,,,,,,,,,,,,,,,,,,,,,,,,,,,,,,,,,,,,,,,,,,,,,,,,,,,,,,,,,,,,,,,,,,,,,,,,,,,,,,,,,,,,,,,,,,,,,,,,,
523,PVC,HT,#6,#6,MeOH_1,18447.902267708603,1.0229772836876876,1.8469403812566558,50000000,-0.6563018956431048,-0.503208628956831,37.688841656396505,,,,,,,,,,,,,,,,,,,,,,,,,,,,,,,,,,,,,,,,,,,,,,,,,,,,,,470,,,,,,,,,,,,,,,,,,,,,,,,,,,,,,,,,,,,,,,,,,,,,,,,,,,,,,,,,,,,,,,,,,,,,,,,,,,,,,,,,,,,,,,,,,,,,,,,,,,,,,,,,,,,,,,,,,,,,,,,,,,,,,,,,,,,,,,,,,,,,,,,,,,,,,,,,,,,,,,,
524,PVC,HT,#6,#7,MeOH_1,21828.647824607826,1.0958456259635252,2.1326163227755766,50000000,-0.712424962153055,-0.7875342157526296,41.179407029984084,,,,,,,,,,,,,,,,,,,,,,,,,,,,,,,,,,,,,,,,,,,,,,,,,,,,,,471,,,,,,,,,,,,,,,,,,,,,,,,,,,,,,,,,,,,,,,,,,,,,,,,,,,,,,,,,,,,,,,,,,,,,,,,,,,,,,,,,,,,,,,,,,,,,,,,,,,,,,,,,,,,,,,,,,,,,,,,,,,,,,,,,,,,,,,,,,,,,,,,,,,,,,,,,,,,,,,,
525,PVC,HT,#6,#8,MeOH_1,19791.09118649653,1.154007339588198,2.286435804896168,50000000,-0.7759834101702464,-0.9430573529857427,42.75436829601608,,,,,,,,,,,,,,,,,,,,,,,,,,,,,,,,,,,,,,,,,,,,,,,,,,,,,,472,,,,,,,,,,,,,,,,,,,,,,,,,,,,,,,,,,,,,,,,,,,,,,,,,,,,,,,,,,,,,,,,,,,,,,,,,,,,,,,,,,,,,,,,,,,,,,,,,,,,,,,,,,,,,,,,,,,,,,,,,,,,,,,,,,,,,,,,,,,,,,,,,,,,,,,,,,,,,,,,
526,PVC,HT,#6,#9,MeOH_1,24564.68940890582,1.1077531650236099,2.137497594847317,50000000,-0.7122839751239255,-0.7762564464964715,42.3552007000704,,,,,,,,,,,,,,,,,,,,,,,,,,,,,,,,,,,,,,,,,,,,,,,,,,,,,,473,,,,,,,,,,,,,,,,,,,,,,,,,,,,,,,,,,,,,,,,,,,,,,,,,,,,,,,,,,,,,,,,,,,,,,,,,,,,,,,,,,,,,,,,,,,,,,,,,,,,,,,,,,,,,,,,,,,,,,,,,,,,,,,,,,,,,,,,,,,,,,,,,,,,,,,,,,,,,,,,
527,PVC,HT,#6,#10,MeOH_1,18517.71103363994,1.165497323959145,2.3742022073408906,50000000,-0.7939585207776846,-1.04866444036277,44.18048024598408,,,,,,,,,,,,,,,,,,,,,,,,,,,,,,,,,,,,,,,,,,,,,,,,,,,,,,474,,,,,,,,,,,,,,,,,,,,,,,,,,,,,,,,,,,,,,,,,,,,,,,,,,,,,,,,,,,,,,,,,,,,,,,,,,,,,,,,,,,,,,,,,,,,,,,,,,,,,,,,,,,,,,,,,,,,,,,,,,,,,,,,,,,,,,,,,,,,,,,,,,,,,,,,,,,,,,,,
528,PVC,HT,#6,#11,MeOH_1,19495.965204383825,1.2168691969725642,2.5884105206406476,50000000,-0.8400565322039728,-1.2458309375295935,45.811847656016084,,,,,,,,,,,,,,,,,,,,,,,,,,,,,,,,,,,,,,,,,,,,,,,,,,,,,,475,,,,,,,,,,,,,,,,,,,,,,,,,,,,,,,,,,,,,,,,,,,,,,,,,,,,,,,,,,,,,,,,,,,,,,,,,,,,,,,,,,,,,,,,,,,,,,,,,,,,,,,,,,,,,,,,,,,,,,,,,,,,,,,,,,,,,,,,,,,,,,,,,,,,,,,,,,,,,,,,
529,PVC,HT,#7,#1,DIESEL_1,21941.002968618297,1.1656964781245003,2.9521267866054433,50000000,-0.7888029236499983,-1.5457636598990556,42.89329837505331,,,,,,,,,,,,,,,,,,,,,,,,,,,,,,,,,,,,,,,,,,,,,,,,,,,,,,476,,,,,,,,,,,,,,,,,,,,,,,,,,,,,,,,,,,,,,,,,,,,,,,,,,,,,,,,,,,,,,,,,,,,,,,,,,,,,,,,,,,,,,,,,,,,,,,,,,,,,,,,,,,,,,,,,,,,,,,,,,,,,,,,,,,,,,,,,,,,,,,,,,,,,,,,,,,,,,,,
530,PVC,HT,#7,#2,FT_1,21266.342850173158,1.5373607803576526,3.191399346955309,50000000,-1.0365840195975309,-1.6065293993576466,53.36711053505332,,,,,,,,,,,,,,,,,,,,,,,,,,,,,,,,,,,,,,,,,,,,,,,,,,,,,,477,,,,,,,,,,,,,,,,,,,,,,,,,,,,,,,,,,,,,,,,,,,,,,,,,,,,,,,,,,,,,,,,,,,,,,,,,,,,,,,,,,,,,,,,,,,,,,,,,,,,,,,,,,,,,,,,,,,,,,,,,,,,,,,,,,,,,,,,,,,,,,,,,,,,,,,,,,,,,,,,
531,PVC,HT,#7,#3,DIESEL_1,26182.577666574074,1.158411369695561,2.330283053791077,50000000,-0.7479465942466865,-0.8996582327804983,40.586887414296704,,,,,,,,,,,,,,,,,,,,,,,,,,,,,,,,,,,,,,,,,,,,,,,,,,,,,,478,,,,,,,,,,,,,,,,,,,,,,,,,,,,,,,,,,,,,,,,,,,,,,,,,,,,,,,,,,,,,,,,,,,,,,,,,,,,,,,,,,,,,,,,,,,,,,,,,,,,,,,,,,,,,,,,,,,,,,,,,,,,,,,,,,,,,,,,,,,,,,,,,,,,,,,,,,,,,,,,
532,PVC,HT,#7,#4,DIESEL_1,10838.122486986302,1.255820601717096,3.392935313340914,50000000,-0.9349501119607688,-2.0686301873445285,48.14004877505332,,,,,,,,,,,,,,,,,,,,,,,,,,,,,,,,,,,,,,,,,,,,,,,,,,,,,,479,,,,,,,,,,,,,,,,,,,,,,,,,,,,,,,,,,,,,,,,,,,,,,,,,,,,,,,,,,,,,,,,,,,,,,,,,,,,,,,,,,,,,,,,,,,,,,,,,,,,,,,,,,,,,,,,,,,,,,,,,,,,,,,,,,,,,,,,,,,,,,,,,,,,,,,,,,,,,,,,
533,PVC,HT,#7,#5,FT_1,18289.427090965695,1.6127204655808047,3.6062586176451776,50000000,-1.1214128881724796,-2.030560108912522,57.61171757505331,,,,,,,,,,,,,,,,,,,,,,,,,,,,,,,,,,,,,,,,,,,,,,,,,,,,,,480,,,,,,,,,,,,,,,,,,,,,,,,,,,,,,,,,,,,,,,,,,,,,,,,,,,,,,,,,,,,,,,,,,,,,,,,,,,,,,,,,,,,,,,,,,,,,,,,,,,,,,,,,,,,,,,,,,,,,,,,,,,,,,,,,,,,,,,,,,,,,,,,,,,,,,,,,,,,,,,,
534,PVC,HT,#7,#6,DIESEL_1,20555.507328602118,1.0596440907450073,2.089996566350638,50000000,-0.6734049600271268,-0.6730131384318957,39.008315082428496,,,,,,,,,,,,,,,,,,,,,,,,,,,,,,,,,,,,,,,,,,,,,,,,,,,,,,481,,,,,,,,,,,,,,,,,,,,,,,,,,,,,,,,,,,,,,,,,,,,,,,,,,,,,,,,,,,,,,,,,,,,,,,,,,,,,,,,,,,,,,,,,,,,,,,,,,,,,,,,,,,,,,,,,,,,,,,,,,,,,,,,,,,,,,,,,,,,,,,,,,,,,,,,,,,,,,,,
535,PVC,HT,#7,#7,DIESEL_1,23936.252885501337,1.1325124330208434,2.375672507869558,50000000,-0.7295280265370755,-0.9573387252276939,42.498880456016074,,,,,,,,,,,,,,,,,,,,,,,,,,,,,,,,,,,,,,,,,,,,,,,,,,,,,,482,,,,,,,,,,,,,,,,,,,,,,,,,,,,,,,,,,,,,,,,,,,,,,,,,,,,,,,,,,,,,,,,,,,,,,,,,,,,,,,,,,,,,,,,,,,,,,,,,,,,,,,,,,,,,,,,,,,,,,,,,,,,,,,,,,,,,,,,,,,,,,,,,,,,,,,,,,,,,,,,
536,PVC,HT,#7,#8,DIESEL_1,21898.696247390042,1.1906741466455164,2.5294919899901496,50000000,-0.7930864745542667,-1.1128618624608069,44.07384172204807,,,,,,,,,,,,,,,,,,,,,,,,,,,,,,,,,,,,,,,,,,,,,,,,,,,,,,483,,,,,,,,,,,,,,,,,,,,,,,,,,,,,,,,,,,,,,,,,,,,,,,,,,,,,,,,,,,,,,,,,,,,,,,,,,,,,,,,,,,,,,,,,,,,,,,,,,,,,,,,,,,,,,,,,,,,,,,,,,,,,,,,,,,,,,,,,,,,,,,,,,,,,,,,,,,,,,,,
537,PVC,HT,#7,#9,DIESEL_1,26672.29446979933,1.1444199720809283,2.3805537799412986,50000000,-0.7293870395079464,-0.9460609559715357,43.6746741261024,,,,,,,,,,,,,,,,,,,,,,,,,,,,,,,,,,,,,,,,,,,,,,,,,,,,,,484,,,,,,,,,,,,,,,,,,,,,,,,,,,,,,,,,,,,,,,,,,,,,,,,,,,,,,,,,,,,,,,,,,,,,,,,,,,,,,,,,,,,,,,,,,,,,,,,,,,,,,,,,,,,,,,,,,,,,,,,,,,,,,,,,,,,,,,,,,,,,,,,,,,,,,,,,,,,,,,,
538,PVC,HT,#7,#10,DIESEL_1,20625.31609453345,1.2021641310164632,2.6172583924348727,50000000,-0.8110615851617051,-1.218468949837835,45.499953672016076,,,,,,,,,,,,,,,,,,,,,,,,,,,,,,,,,,,,,,,,,,,,,,,,,,,,,,485,,,,,,,,,,,,,,,,,,,,,,,,,,,,,,,,,,,,,,,,,,,,,,,,,,,,,,,,,,,,,,,,,,,,,,,,,,,,,,,,,,,,,,,,,,,,,,,,,,,,,,,,,,,,,,,,,,,,,,,,,,,,,,,,,,,,,,,,,,,,,,,,,,,,,,,,,,,,,,,,
539,PVC,HT,#7,#11,DIESEL_1,21603.570265277336,1.2535360040298837,2.8314667057346297,50000000,-0.8571595965879946,-1.415635447004658,47.131321082048075,,,,,,,,,,,,,,,,,,,,,,,,,,,,,,,,,,,,,,,,,,,,,,,,,,,,,,486,,,,,,,,,,,,,,,,,,,,,,,,,,,,,,,,,,,,,,,,,,,,,,,,,,,,,,,,,,,,,,,,,,,,,,,,,,,,,,,,,,,,,,,,,,,,,,,,,,,,,,,,,,,,,,,,,,,,,,,,,,,,,,,,,,,,,,,,,,,,,,,,,,,,,,,,,,,,,,,,
540,PVC,HT,#8,#1,Aromatics,12577.576333995174,1.0584815168769441,1.3291332192001486,50000000,-0.7771073149393979,0.09335191220596463,25.105712576408106,,,,,,,,,,,,,,,,,,,,,,,,,,,,,,,,,,,,,,,,,,,,,,,,,,,,,,487,,,,,,,,,,,,,,,,,,,,,,,,,,,,,,,,,,,,,,,,,,,,,,,,,,,,,,,,,,,,,,,,,,,,,,,,,,,,,,,,,,,,,,,,,,,,,,,,,,,,,,,,,,,,,,,,,,,,,,,,,,,,,,,,,,,,,,,,,,,,,,,,,,,,,,,,,,,,,,,,
541,PVC,HT,#8,#2,Aromatics,11902.916215550038,1.4301458191100964,1.5684057795500141,50000000,-1.0248884108869303,0.03258617274737388,35.57952473640811,,,,,,,,,,,,,,,,,,,,,,,,,,,,,,,,,,,,,,,,,,,,,,,,,,,,,,488,,,,,,,,,,,,,,,,,,,,,,,,,,,,,,,,,,,,,,,,,,,,,,,,,,,,,,,,,,,,,,,,,,,,,,,,,,,,,,,,,,,,,,,,,,,,,,,,,,,,,,,,,,,,,,,,,,,,,,,,,,,,,,,,,,,,,,,,,,,,,,,,,,,,,,,,,,,,,,,,
542,PVC,HT,#8,#3,Aromatics,16819.15103195095,1.0511964084480048,0.7072894863857824,50000000,-0.7362509855360864,0.7394573393245223,22.799301615651498,,,,,,,,,,,,,,,,,,,,,,,,,,,,,,,,,,,,,,,,,,,,,,,,,,,,,,489,,,,,,,,,,,,,,,,,,,,,,,,,,,,,,,,,,,,,,,,,,,,,,,,,,,,,,,,,,,,,,,,,,,,,,,,,,,,,,,,,,,,,,,,,,,,,,,,,,,,,,,,,,,,,,,,,,,,,,,,,,,,,,,,,,,,,,,,,,,,,,,,,,,,,,,,,,,,,,,,
543,PVC,HT,#8,#4,Aromatics,1474.695852363181,1.1486056404695397,1.7699417459356193,50000000,-0.9232545032501684,-0.42951461523950785,30.352462976408106,,,,,,,,,,,,,,,,,,,,,,,,,,,,,,,,,,,,,,,,,,,,,,,,,,,,,,490,,,,,,,,,,,,,,,,,,,,,,,,,,,,,,,,,,,,,,,,,,,,,,,,,,,,,,,,,,,,,,,,,,,,,,,,,,,,,,,,,,,,,,,,,,,,,,,,,,,,,,,,,,,,,,,,,,,,,,,,,,,,,,,,,,,,,,,,,,,,,,,,,,,,,,,,,,,,,,,,
544,PVC,HT,#8,#5,Aromatics,8926.000456342575,1.50550550433325,1.983265050239883,50000000,-1.1097172794618804,-0.39144453680750163,39.82413177640811,,,,,,,,,,,,,,,,,,,,,,,,,,,,,,,,,,,,,,,,,,,,,,,,,,,,,,491,,,,,,,,,,,,,,,,,,,,,,,,,,,,,,,,,,,,,,,,,,,,,,,,,,,,,,,,,,,,,,,,,,,,,,,,,,,,,,,,,,,,,,,,,,,,,,,,,,,,,,,,,,,,,,,,,,,,,,,,,,,,,,,,,,,,,,,,,,,,,,,,,,,,,,,,,,,,,,,,
545,PVC,HT,#8,#6,Aromatics,11192.080693978996,0.9524291294974507,0.46700299894534253,50000000,-0.6617093513165262,0.9661024336731255,21.22072928378329,,,,,,,,,,,,,,,,,,,,,,,,,,,,,,,,,,,,,,,,,,,,,,,,,,,,,,492,,,,,,,,,,,,,,,,,,,,,,,,,,,,,,,,,,,,,,,,,,,,,,,,,,,,,,,,,,,,,,,,,,,,,,,,,,,,,,,,,,,,,,,,,,,,,,,,,,,,,,,,,,,,,,,,,,,,,,,,,,,,,,,,,,,,,,,,,,,,,,,,,,,,,,,,,,,,,,,,
546,PVC,HT,#8,#7,Aromatics,14572.826250878217,1.0252974717732874,0.7526789404642633,50000000,-0.717832417826475,0.6817768468773265,24.711294657370868,,,,,,,,,,,,,,,,,,,,,,,,,,,,,,,,,,,,,,,,,,,,,,,,,,,,,,493,,,,,,,,,,,,,,,,,,,,,,,,,,,,,,,,,,,,,,,,,,,,,,,,,,,,,,,,,,,,,,,,,,,,,,,,,,,,,,,,,,,,,,,,,,,,,,,,,,,,,,,,,,,,,,,,,,,,,,,,,,,,,,,,,,,,,,,,,,,,,,,,,,,,,,,,,,,,,,,,
547,PVC,HT,#8,#8,Aromatics,12535.269612766922,1.0834591853979603,0.9064984225848549,50000000,-0.7813908658436665,0.5262537096442135,26.286255923402866,,,,,,,,,,,,,,,,,,,,,,,,,,,,,,,,,,,,,,,,,,,,,,,,,,,,,,494,,,,,,,,,,,,,,,,,,,,,,,,,,,,,,,,,,,,,,,,,,,,,,,,,,,,,,,,,,,,,,,,,,,,,,,,,,,,,,,,,,,,,,,,,,,,,,,,,,,,,,,,,,,,,,,,,,,,,,,,,,,,,,,,,,,,,,,,,,,,,,,,,,,,,,,,,,,,,,,,
548,PVC,HT,#8,#9,Aromatics,17308.86783517621,1.037205010833372,0.7575602125360041,50000000,-0.7176914307973457,0.6930546161334844,25.887088327457196,,,,,,,,,,,,,,,,,,,,,,,,,,,,,,,,,,,,,,,,,,,,,,,,,,,,,,495,,,,,,,,,,,,,,,,,,,,,,,,,,,,,,,,,,,,,,,,,,,,,,,,,,,,,,,,,,,,,,,,,,,,,,,,,,,,,,,,,,,,,,,,,,,,,,,,,,,,,,,,,,,,,,,,,,,,,,,,,,,,,,,,,,,,,,,,,,,,,,,,,,,,,,,,,,,,,,,,
549,PVC,HT,#8,#10,Aromatics,11261.88945991033,1.0949491697689073,0.9942648250295778,50000000,-0.7993659764511051,0.4206466222671859,27.712367873370866,,,,,,,,,,,,,,,,,,,,,,,,,,,,,,,,,,,,,,,,,,,,,,,,,,,,,,496,,,,,,,,,,,,,,,,,,,,,,,,,,,,,,,,,,,,,,,,,,,,,,,,,,,,,,,,,,,,,,,,,,,,,,,,,,,,,,,,,,,,,,,,,,,,,,,,,,,,,,,,,,,,,,,,,,,,,,,,,,,,,,,,,,,,,,,,,,,,,,,,,,,,,,,,,,,,,,,,
550,PVC,HT,#8,#11,Aromatics,12240.14363065422,1.1463210427823272,1.2084731383293348,50000000,-0.8454639878773934,0.2234801251003626,29.343735283402868,,,,,,,,,,,,,,,,,,,,,,,,,,,,,,,,,,,,,,,,,,,,,,,,,,,,,,497,,,,,,,,,,,,,,,,,,,,,,,,,,,,,,,,,,,,,,,,,,,,,,,,,,,,,,,,,,,,,,,,,,,,,,,,,,,,,,,,,,,,,,,,,,,,,,,,,,,,,,,,,,,,,,,,,,,,,,,,,,,,,,,,,,,,,,,,,,,,,,,,,,,,,,,,,,,,,,,,
551,PVC,HT,#9,#1,Aromatics,13223.219559621923,1.12355177366535,1.6530127443651006,50000000,-0.8480022756243741,-0.18957417399396478,27.41593541880811,,,,,,,,,,,,,,,,,,,,,,,,,,,,,,,,,,,,,,,,,,,,,,,,,,,,,,498,,,,,,,,,,,,,,,,,,,,,,,,,,,,,,,,,,,,,,,,,,,,,,,,,,,,,,,,,,,,,,,,,,,,,,,,,,,,,,,,,,,,,,,,,,,,,,,,,,,,,,,,,,,,,,,,,,,,,,,,,,,,,,,,,,,,,,,,,,,,,,,,,,,,,,,,,,,,,,,,
552,PVC,HT,#9,#2,Aromatics,12548.559441176789,1.4952160758985018,1.8922853047149661,50000000,-1.0957833715719065,-0.2503399134525555,37.889747578808105,,,,,,,,,,,,,,,,,,,,,,,,,,,,,,,,,,,,,,,,,,,,,,,,,,,,,,499,,,,,,,,,,,,,,,,,,,,,,,,,,,,,,,,,,,,,,,,,,,,,,,,,,,,,,,,,,,,,,,,,,,,,,,,,,,,,,,,,,,,,,,,,,,,,,,,,,,,,,,,,,,,,,,,,,,,,,,,,,,,,,,,,,,,,,,,,,,,,,,,,,,,,,,,,,,,,,,,
553,PVC,HT,#9,#3,Aromatics,17464.7942575777,1.1162666652364104,1.0311690115507344,50000000,-0.8071459462210624,0.4565312531245929,25.1095244580515,,,,,,,,,,,,,,,,,,,,,,,,,,,,,,,,,,,,,,,,,,,,,,,,,,,,,,,,,,,,,,,,,,,,,,,,,,,,,,,,,,,,,,,,,,,,,,,,,,,,,,,,,,,,,,,,,,,,,,,,,,,,,,,,,,,,,,,,,,,,,,,,,,,,,,,,,,,,,,,,,,,,,,,,,,,,,,,,,,,,,,,,,,,,,,,,,,,,,,,,,,,,,,,,,,,,,,
554,PVC,HT,#9,#4,Aromatics,2120.339077989931,1.2136758972579453,2.0938212711005715,50000000,-0.9941494639351444,-0.7124407014394376,32.662685818808114,,,,,,,,,,,,,,,,,,,,,,,,,,,,,,,,,,,,,,,,,,,,,,,,,,,,,,,,,,,,,,,,,,,,,,,,,,,,,,,,,,,,,,,,,,,,,,,,,,,,,,,,,,,,,,,,,,,,,,,,,,,,,,,,,,,,,,,,,,,,,,,,,,,,,,,,,,,,,,,,,,,,,,,,,,,,,,,,,,,,,,,,,,,,,,,,,,,,,,,,,,,,,,,,,,,,,,
555,PVC,HT,#9,#5,Aromatics,9571.643681969324,1.570575761121654,2.3071445754048354,50000000,-1.180612240146855,-0.6743706230074313,42.13435461880811,,,,,,,,,,,,,,,,,,,,,,,,,,,,,,,,,,,,,,,,,,,,,,,,,,,,,,,,,,,,,,,,,,,,,,,,,,,,,,,,,,,,,,,,,,,,,,,,,,,,,,,,,,,,,,,,,,,,,,,,,,,,,,,,,,,,,,,,,,,,,,,,,,,,,,,,,,,,,,,,,,,,,,,,,,,,,,,,,,,,,,,,,,,,,,,,,,,,,,,,,,,,,,,,,,,,,,
556,PVC,HT,#9,#6,Aromatics,11837.723919605745,1.0174993862858561,0.7908825241102946,50000000,-0.7326043120015022,0.6831763474731961,23.530952126183294,,,,,,,,,,,,,,,,,,,,,,,,,,,,,,,,,,,,,,,,,,,,,,,,,,,,,,,,,,,,,,,,,,,,,,,,,,,,,,,,,,,,,,,,,,,,,,,,,,,,,,,,,,,,,,,,,,,,,,,,,,,,,,,,,,,,,,,,,,,,,,,,,,,,,,,,,,,,,,,,,,,,,,,,,,,,,,,,,,,,,,,,,,,,,,,,,,,,,,,,,,,,,,,,,,,,,,
557,PVC,HT,#9,#7,Aromatics,15218.469476504968,1.0903677285616924,1.0765584656292153,50000000,-0.7887273785114507,0.3988507606773971,27.02151749977087,,,,,,,,,,,,,,,,,,,,,,,,,,,,,,,,,,,,,,,,,,,,,,,,,,,,,,,,,,,,,,,,,,,,,,,,,,,,,,,,,,,,,,,,,,,,,,,,,,,,,,,,,,,,,,,,,,,,,,,,,,,,,,,,,,,,,,,,,,,,,,,,,,,,,,,,,,,,,,,,,,,,,,,,,,,,,,,,,,,,,,,,,,,,,,,,,,,,,,,,,,,,,,,,,,,,,,
558,PVC,HT,#9,#8,Aromatics,13180.912838393673,1.1485294421863654,1.230377947749807,50000000,-0.8522858265286422,0.24332762344428405,28.596478765802875,,,,,,,,,,,,,,,,,,,,,,,,,,,,,,,,,,,,,,,,,,,,,,,,,,,,,,,,,,,,,,,,,,,,,,,,,,,,,,,,,,,,,,,,,,,,,,,,,,,,,,,,,,,,,,,,,,,,,,,,,,,,,,,,,,,,,,,,,,,,,,,,,,,,,,,,,,,,,,,,,,,,,,,,,,,,,,,,,,,,,,,,,,,,,,,,,,,,,,,,,,,,,,,,,,,,,,
559,PVC,HT,#9,#9,Aromatics,17954.51106080296,1.1022752676217769,1.081439737700956,50000000,-0.7885863914823213,0.4101285299335552,28.19731116985719,,,,,,,,,,,,,,,,,,,,,,,,,,,,,,,,,,,,,,,,,,,,,,,,,,,,,,,,,,,,,,,,,,,,,,,,,,,,,,,,,,,,,,,,,,,,,,,,,,,,,,,,,,,,,,,,,,,,,,,,,,,,,,,,,,,,,,,,,,,,,,,,,,,,,,,,,,,,,,,,,,,,,,,,,,,,,,,,,,,,,,,,,,,,,,,,,,,,,,,,,,,,,,,,,,,,,,
560,PVC,HT,#9,#10,Aromatics,11907.53268553708,1.1600194265573125,1.3181443501945298,50000000,-0.8702609371360805,0.13772053606725662,30.022590715770868,,,,,,,,,,,,,,,,,,,,,,,,,,,,,,,,,,,,,,,,,,,,,,,,,,,,,,,,,,,,,,,,,,,,,,,,,,,,,,,,,,,,,,,,,,,,,,,,,,,,,,,,,,,,,,,,,,,,,,,,,,,,,,,,,,,,,,,,,,,,,,,,,,,,,,,,,,,,,,,,,,,,,,,,,,,,,,,,,,,,,,,,,,,,,,,,,,,,,,,,,,,,,,,,,,,,,,
561,PVC,HT,#9,#11,Aromatics,12885.786856280969,1.2113912995707312,1.5323526634942868,50000000,-0.9163589485623683,-0.05944596109956682,31.653958125802873,,,,,,,,,,,,,,,,,,,,,,,,,,,,,,,,,,,,,,,,,,,,,,,,,,,,,,,,,,,,,,,,,,,,,,,,,,,,,,,,,,,,,,,,,,,,,,,,,,,,,,,,,,,,,,,,,,,,,,,,,,,,,,,,,,,,,,,,,,,,,,,,,,,,,,,,,,,,,,,,,,,,,,,,,,,,,,,,,,,,,,,,,,,,,,,,,,,,,,,,,,,,,,,,,,,,,,
562,PVC,LT,#1,#1,GASOLINE_1,11708.474221501168,0.8869358378287197,1.7301916152707528,50000000,-0.5535511247598903,-0.40957113911677034,29.595082910352236,,,,,,,,,,,,,,,,,,,,,,,,,,,,,,,,,,,,,,,,,,,,,,,,,,,,,,,,,,,,,,,,,,,,,,,,,,,,,,,,,,,,,,,,,,,,,,,,,,,,,,,,,,,,,,,,,,,,,,,,,,,,,,,,,,,,,,,,,,,,,,,,,,,,,,,,,,,,,,,,,,,,,,,,,,,,,,,,,,,,,,,,,,,,,,,,,,,,,,,,,,,,,,,,,,,,,,
563,PVC,LT,#1,#2,GASOLINE_1,12221.070045450904,1.3393383892941864,1.99742933567546,50000000,-0.8357232070193341,-0.4373136570937091,43.01261219035223,,,,,,,,,,,,,,,,,,,,,,,,,,,,,,,,,,,,,,,,,,,,,,,,,,,,,,,,,,,,,,,,,,,,,,,,,,,,,,,,,,,,,,,,,,,,,,,,,,,,,,,,,,,,,,,,,,,,,,,,,,,,,,,,,,,,,,,,,,,,,,,,,,,,,,,,,,,,,,,,,,,,,,,,,,,,,,,,,,,,,,,,,,,,,,,,,,,,,,,,,,,,,,,,,,,,,,
564,PVC,LT,#1,#3,GASOLINE_1,14606.049557270124,0.8631035429505434,0.9546559929840793,50000000,-0.4971180861827565,0.38217366651191526,27.16236562856319,,,,,,,,,,,,,,,,,,,,,,,,,,,,,,,,,,,,,,,,,,,,,,,,,,,,,,,,,,,,,,,,,,,,,,,,,,,,,,,,,,,,,,,,,,,,,,,,,,,,,,,,,,,,,,,,,,,,,,,,,,,,,,,,,,,,,,,,,,,,,,,,,,,,,,,,,,,,,,,,,,,,,,,,,,,,,,,,,,,,,,,,,,,,,,,,,,,,,,,,,,,,,,,,,,,,,,
565,PVC,LT,#1,#4,GASOLINE_1,1640.8329729431155,0.9580307369031655,2.272248340441503,50000000,-0.6814385156125295,-1.028720600880415,35.88671459035223,,,,,,,,,,,,,,,,,,,,,,,,,,,,,,,,,,,,,,,,,,,,,,,,,,,,,,,,,,,,,,,,,,,,,,,,,,,,,,,,,,,,,,,,,,,,,,,,,,,,,,,,,,,,,,,,,,,,,,,,,,,,,,,,,,,,,,,,,,,,,,,,,,,,,,,,,,,,,,,,,,,,,,,,,,,,,,,,,,,,,,,,,,,,,,,,,,,,,,,,,,,,,,,,,,,,,,
566,PVC,LT,#1,#5,GASOLINE_1,8853.01964444344,1.033096644021103,2.202367713232629,50000000,-0.5383412410716589,-0.6503835248056644,38.35058979035224,,,,,,,,,,,,,,,,,,,,,,,,,,,,,,,,,,,,,,,,,,,,,,,,,,,,,,,,,,,,,,,,,,,,,,,,,,,,,,,,,,,,,,,,,,,,,,,,,,,,,,,,,,,,,,,,,,,,,,,,,,,,,,,,,,,,,,,,,,,,,,,,,,,,,,,,,,,,,,,,,,,,,,,,,,,,,,,,,,,,,,,,,,,,,,,,,,,,,,,,,,,,,,,,,,,,,,
567,PVC,LT,#1,#6,GASOLINE_1,1595.040324884591,0.7807049690367627,0.6524114764664896,50000000,-0.4673257762480837,0.6552319347070953,24.953856637896738,,,,,,,,,,,,,,,,,,,,,,,,,,,,,,,,,,,,,,,,,,,,,,,,,,,,,,,,,,,,,,,,,,,,,,,,,,,,,,,,,,,,,,,,,,,,,,,,,,,,,,,,,,,,,,,,,,,,,,,,,,,,,,,,,,,,,,,,,,,,,,,,,,,,,,,,,,,,,,,,,,,,,,,,,,,,,,,,,,,,,,,,,,,,,,,,,,,,,,,,,,,,,,,,,,,,,,
568,PVC,LT,#1,#7,GASOLINE_1,11104.68874538002,0.8503690410812124,1.0491429872955307,50000000,-0.5004410389861087,0.2662476675109783,29.117259774594,,,,,,,,,,,,,,,,,,,,,,,,,,,,,,,,,,,,,,,,,,,,,,,,,,,,,,,,,,,,,,,,,,,,,,,,,,,,,,,,,,,,,,,,,,,,,,,,,,,,,,,,,,,,,,,,,,,,,,,,,,,,,,,,,,,,,,,,,,,,,,,,,,,,,,,,,,,,,,,,,,,,,,,,,,,,,,,,,,,,,,,,,,,,,,,,,,,,,,,,,,,,,,,,,,,,,,
569,PVC,LT,#1,#8,GASOLINE_1,4282.008933496166,0.8863196327587897,1.1253146816719375,50000000,-0.5560727765452874,0.17366117943110168,30.242116080626,,,,,,,,,,,,,,,,,,,,,,,,,,,,,,,,,,,,,,,,,,,,,,,,,,,,,,,,,,,,,,,,,,,,,,,,,,,,,,,,,,,,,,,,,,,,,,,,,,,,,,,,,,,,,,,,,,,,,,,,,,,,,,,,,,,,,,,,,,,,,,,,,,,,,,,,,,,,,,,,,,,,,,,,,,,,,,,,,,,,,,,,,,,,,,,,,,,,,,,,,,,,,,,,,,,,,,
570,PVC,LT,#1,#9,GASOLINE_1,14219.989324082107,0.8490056407869829,1.0203856539170184,50000000,-0.483101315711259,0.3133947287018916,30.78053111971832,,,,,,,,,,,,,,,,,,,,,,,,,,,,,,,,,,,,,,,,,,,,,,,,,,,,,,,,,,,,,,,,,,,,,,,,,,,,,,,,,,,,,,,,,,,,,,,,,,,,,,,,,,,,,,,,,,,,,,,,,,,,,,,,,,,,,,,,,,,,,,,,,,,,,,,,,,,,,,,,,,,,,,,,,,,,,,,,,,,,,,,,,,,,,,,,,,,,,,,,,,,,,,,,,,,,,,
571,PVC,LT,#1,#10,GASOLINE_1,2816.289161392909,0.8904798112724782,1.214266417274807,50000000,-0.570439915606836,0.05182054269808203,31.672386014594,,,,,,,,,,,,,,,,,,,,,,,,,,,,,,,,,,,,,,,,,,,,,,,,,,,,,,,,,,,,,,,,,,,,,,,,,,,,,,,,,,,,,,,,,,,,,,,,,,,,,,,,,,,,,,,,,,,,,,,,,,,,,,,,,,,,,,,,,,,,,,,,,,,,,,,,,,,,,,,,,,,,,,,,,,,,,,,,,,,,,,,,,,,,,,,,,,,,,,,,,,,,,,,,,,,,,,
572,PVC,LT,#1,#11,GASOLINE_1,3060.083584429759,0.9069773277246181,1.3028265487961956,50000000,-0.5805824826359154,-0.008554421760810315,32.147353056626,,,,,,,,,,,,,,,,,,,,,,,,,,,,,,,,,,,,,,,,,,,,,,,,,,,,,,,,,,,,,,,,,,,,,,,,,,,,,,,,,,,,,,,,,,,,,,,,,,,,,,,,,,,,,,,,,,,,,,,,,,,,,,,,,,,,,,,,,,,,,,,,,,,,,,,,,,,,,,,,,,,,,,,,,,,,,,,,,,,,,,,,,,,,,,,,,,,,,,,,,,,,,,,,,,,,,,
573,PVC,LT,#2,#1,Olefin,11708.474221501168,0.9733471305262662,2.017315129020414,50000000,-0.6622603191054485,-0.5805435826852697,32.6021389508427,,,,,,,,,,,,,,,,,,,,,,,,,,,,,,,,,,,,,,,,,,,,,,,,,,,,,,,,,,,,,,,,,,,,,,,,,,,,,,,,,,,,,,,,,,,,,,,,,,,,,,,,,,,,,,,,,,,,,,,,,,,,,,,,,,,,,,,,,,,,,,,,,,,,,,,,,,,,,,,,,,,,,,,,,,,,,,,,,,,,,,,,,,,,,,,,,,,,,,,,,,,,,,,,,,,,,,
574,PVC,LT,#2,#2,FT_1,12221.070045450904,1.4257496819917348,2.28455284942512,50000000,-0.944432401364894,-0.6082861006622079,46.0196682308427,,,,,,,,,,,,,,,,,,,,,,,,,,,,,,,,,,,,,,,,,,,,,,,,,,,,,,,,,,,,,,,,,,,,,,,,,,,,,,,,,,,,,,,,,,,,,,,,,,,,,,,,,,,,,,,,,,,,,,,,,,,,,,,,,,,,,,,,,,,,,,,,,,,,,,,,,,,,,,,,,,,,,,,,,,,,,,,,,,,,,,,,,,,,,,,,,,,,,,,,,,,,,,,,,,,,,,
575,PVC,LT,#2,#3,Olefin,14606.049557270124,0.9495148356480902,1.24177950673374,50000000,-0.6058272805283147,0.21120122294341565,30.16942166905365,,,,,,,,,,,,,,,,,,,,,,,,,,,,,,,,,,,,,,,,,,,,,,,,,,,,,,,,,,,,,,,,,,,,,,,,,,,,,,,,,,,,,,,,,,,,,,,,,,,,,,,,,,,,,,,,,,,,,,,,,,,,,,,,,,,,,,,,,,,,,,,,,,,,,,,,,,,,,,,,,,,,,,,,,,,,,,,,,,,,,,,,,,,,,,,,,,,,,,,,,,,,,,,,,,,,,,
576,PVC,LT,#2,#4,Olefin,1640.8329729431155,1.0444420296007118,2.5593718541911636,50000000,-0.7901477099580873,-1.1996930444489144,38.8937706308427,,,,,,,,,,,,,,,,,,,,,,,,,,,,,,,,,,,,,,,,,,,,,,,,,,,,,,,,,,,,,,,,,,,,,,,,,,,,,,,,,,,,,,,,,,,,,,,,,,,,,,,,,,,,,,,,,,,,,,,,,,,,,,,,,,,,,,,,,,,,,,,,,,,,,,,,,,,,,,,,,,,,,,,,,,,,,,,,,,,,,,,,,,,,,,,,,,,,,,,,,,,,,,,,,,,,,,
577,PVC,LT,#2,#5,FT_1,8853.01964444344,1.1195079367186493,2.48949122698229,50000000,-0.6470504354172167,-0.8213559683741641,41.35764583084269,,,,,,,,,,,,,,,,,,,,,,,,,,,,,,,,,,,,,,,,,,,,,,,,,,,,,,,,,,,,,,,,,,,,,,,,,,,,,,,,,,,,,,,,,,,,,,,,,,,,,,,,,,,,,,,,,,,,,,,,,,,,,,,,,,,,,,,,,,,,,,,,,,,,,,,,,,,,,,,,,,,,,,,,,,,,,,,,,,,,,,,,,,,,,,,,,,,,,,,,,,,,,,,,,,,,,,
578,PVC,LT,#2,#6,Olefin,1595.040324884591,0.8671162617343092,0.9395349902161503,50000000,-0.5760349705936416,0.48425949113859573,27.960912678387206,,,,,,,,,,,,,,,,,,,,,,,,,,,,,,,,,,,,,,,,,,,,,,,,,,,,,,,,,,,,,,,,,,,,,,,,,,,,,,,,,,,,,,,,,,,,,,,,,,,,,,,,,,,,,,,,,,,,,,,,,,,,,,,,,,,,,,,,,,,,,,,,,,,,,,,,,,,,,,,,,,,,,,,,,,,,,,,,,,,,,,,,,,,,,,,,,,,,,,,,,,,,,,,,,,,,,,
579,PVC,LT,#2,#7,Olefin,11104.68874538002,0.9367803337787589,1.3362665010451913,50000000,-0.6091502333316666,0.09527522394247889,32.12431581508447,,,,,,,,,,,,,,,,,,,,,,,,,,,,,,,,,,,,,,,,,,,,,,,,,,,,,,,,,,,,,,,,,,,,,,,,,,,,,,,,,,,,,,,,,,,,,,,,,,,,,,,,,,,,,,,,,,,,,,,,,,,,,,,,,,,,,,,,,,,,,,,,,,,,,,,,,,,,,,,,,,,,,,,,,,,,,,,,,,,,,,,,,,,,,,,,,,,,,,,,,,,,,,,,,,,,,,
580,PVC,LT,#2,#8,Olefin,4282.008933496166,0.972730925456336,1.4124381954215983,50000000,-0.6647819708908452,0.0026887358626022937,33.249172121116466,,,,,,,,,,,,,,,,,,,,,,,,,,,,,,,,,,,,,,,,,,,,,,,,,,,,,,,,,,,,,,,,,,,,,,,,,,,,,,,,,,,,,,,,,,,,,,,,,,,,,,,,,,,,,,,,,,,,,,,,,,,,,,,,,,,,,,,,,,,,,,,,,,,,,,,,,,,,,,,,,,,,,,,,,,,,,,,,,,,,,,,,,,,,,,,,,,,,,,,,,,,,,,,,,,,,,,
581,PVC,LT,#2,#9,Olefin,14219.989324082107,0.93541693348453,1.3075091676666792,50000000,-0.5918105100568174,0.14242228513339222,33.78758716020878,,,,,,,,,,,,,,,,,,,,,,,,,,,,,,,,,,,,,,,,,,,,,,,,,,,,,,,,,,,,,,,,,,,,,,,,,,,,,,,,,,,,,,,,,,,,,,,,,,,,,,,,,,,,,,,,,,,,,,,,,,,,,,,,,,,,,,,,,,,,,,,,,,,,,,,,,,,,,,,,,,,,,,,,,,,,,,,,,,,,,,,,,,,,,,,,,,,,,,,,,,,,,,,,,,,,,,
582,PVC,LT,#2,#10,Olefin,2816.289161392909,0.9768911039700248,1.5013899310244676,50000000,-0.679149109952394,-0.11915190087041735,34.679442055084465,,,,,,,,,,,,,,,,,,,,,,,,,,,,,,,,,,,,,,,,,,,,,,,,,,,,,,,,,,,,,,,,,,,,,,,,,,,,,,,,,,,,,,,,,,,,,,,,,,,,,,,,,,,,,,,,,,,,,,,,,,,,,,,,,,,,,,,,,,,,,,,,,,,,,,,,,,,,,,,,,,,,,,,,,,,,,,,,,,,,,,,,,,,,,,,,,,,,,,,,,,,,,,,,,,,,,,
583,PVC,LT,#2,#11,Olefin,3060.083584429759,0.9933886204221665,1.5899500625458565,50000000,-0.6892916769814751,-0.17952686532931014,35.15440909711647,,,,,,,,,,,,,,,,,,,,,,,,,,,,,,,,,,,,,,,,,,,,,,,,,,,,,,,,,,,,,,,,,,,,,,,,,,,,,,,,,,,,,,,,,,,,,,,,,,,,,,,,,,,,,,,,,,,,,,,,,,,,,,,,,,,,,,,,,,,,,,,,,,,,,,,,,,,,,,,,,,,,,,,,,,,,,,,,,,,,,,,,,,,,,,,,,,,,,,,,,,,,,,,,,,,,,,
584,PVC,LT,#3,#1,MeOH_1,28765.131064652876,1.0303687473075793,2.4236679668035594,50000000,-0.6275201869835348,-1.017303354672504,36.7018492004863,,,,,,,,,,,,,,,,,,,,,,,,,,,,,,,,,,,,,,,,,,,,,,,,,,,,,,,,,,,,,,,,,,,,,,,,,,,,,,,,,,,,,,,,,,,,,,,,,,,,,,,,,,,,,,,,,,,,,,,,,,,,,,,,,,,,,,,,,,,,,,,,,,,,,,,,,,,,,,,,,,,,,,,,,,,,,,,,,,,,,,,,,,,,,,,,,,,,,,,,,,,,,,,,,,,,,,
585,PVC,LT,#3,#2,MeOH_1,29277.72688860261,1.4827712987730461,2.690905687208266,50000000,-0.9096922692429785,-1.0450458726494423,50.1193784804863,,,,,,,,,,,,,,,,,,,,,,,,,,,,,,,,,,,,,,,,,,,,,,,,,,,,,,,,,,,,,,,,,,,,,,,,,,,,,,,,,,,,,,,,,,,,,,,,,,,,,,,,,,,,,,,,,,,,,,,,,,,,,,,,,,,,,,,,,,,,,,,,,,,,,,,,,,,,,,,,,,,,,,,,,,,,,,,,,,,,,,,,,,,,,,,,,,,,,,,,,,,,,,,,,,,,,,
586,PVC,LT,#3,#3,MeOH_1,31662.70640042183,1.0065364524294034,1.6481323445168858,50000000,-0.5710871484064012,-0.22555854904381842,34.269131918697255,,,,,,,,,,,,,,,,,,,,,,,,,,,,,,,,,,,,,,,,,,,,,,,,,,,,,,,,,,,,,,,,,,,,,,,,,,,,,,,,,,,,,,,,,,,,,,,,,,,,,,,,,,,,,,,,,,,,,,,,,,,,,,,,,,,,,,,,,,,,,,,,,,,,,,,,,,,,,,,,,,,,,,,,,,,,,,,,,,,,,,,,,,,,,,,,,,,,,,,,,,,,,,,,,,,,,,
587,PVC,LT,#3,#4,MeOH_1,18697.489816094825,1.1014636463820253,2.9657246919743097,50000000,-0.7554075778361737,-1.636452816436149,42.993480880486295,,,,,,,,,,,,,,,,,,,,,,,,,,,,,,,,,,,,,,,,,,,,,,,,,,,,,,,,,,,,,,,,,,,,,,,,,,,,,,,,,,,,,,,,,,,,,,,,,,,,,,,,,,,,,,,,,,,,,,,,,,,,,,,,,,,,,,,,,,,,,,,,,,,,,,,,,,,,,,,,,,,,,,,,,,,,,,,,,,,,,,,,,,,,,,,,,,,,,,,,,,,,,,,,,,,,,,
588,PVC,LT,#3,#5,FT_1,25909.67648759515,1.176529553499963,2.895844064765436,50000000,-0.6123103032953037,-1.258115740361398,45.457356080486285,,,,,,,,,,,,,,,,,,,,,,,,,,,,,,,,,,,,,,,,,,,,,,,,,,,,,,,,,,,,,,,,,,,,,,,,,,,,,,,,,,,,,,,,,,,,,,,,,,,,,,,,,,,,,,,,,,,,,,,,,,,,,,,,,,,,,,,,,,,,,,,,,,,,,,,,,,,,,,,,,,,,,,,,,,,,,,,,,,,,,,,,,,,,,,,,,,,,,,,,,,,,,,,,,,,,,,
589,PVC,LT,#3,#6,MeOH_1,18651.6971680363,0.9241378785156228,1.3458878279992963,50000000,-0.5412948384717284,0.04749971915136143,32.0606229280308,,,,,,,,,,,,,,,,,,,,,,,,,,,,,,,,,,,,,,,,,,,,,,,,,,,,,,,,,,,,,,,,,,,,,,,,,,,,,,,,,,,,,,,,,,,,,,,,,,,,,,,,,,,,,,,,,,,,,,,,,,,,,,,,,,,,,,,,,,,,,,,,,,,,,,,,,,,,,,,,,,,,,,,,,,,,,,,,,,,,,,,,,,,,,,,,,,,,,,,,,,,,,,,,,,,,,,
590,PVC,LT,#3,#7,MeOH_1,28161.345588531727,0.9938019505600724,1.742619338828337,50000000,-0.5744101012097534,-0.3414845480447555,36.224026064728065,,,,,,,,,,,,,,,,,,,,,,,,,,,,,,,,,,,,,,,,,,,,,,,,,,,,,,,,,,,,,,,,,,,,,,,,,,,,,,,,,,,,,,,,,,,,,,,,,,,,,,,,,,,,,,,,,,,,,,,,,,,,,,,,,,,,,,,,,,,,,,,,,,,,,,,,,,,,,,,,,,,,,,,,,,,,,,,,,,,,,,,,,,,,,,,,,,,,,,,,,,,,,,,,,,,,,,
591,PVC,LT,#3,#8,MeOH_1,21338.66577664787,1.0297525422376497,1.8187910332047441,50000000,-0.6300418387689322,-0.43407103612463205,37.348882370760066,,,,,,,,,,,,,,,,,,,,,,,,,,,,,,,,,,,,,,,,,,,,,,,,,,,,,,,,,,,,,,,,,,,,,,,,,,,,,,,,,,,,,,,,,,,,,,,,,,,,,,,,,,,,,,,,,,,,,,,,,,,,,,,,,,,,,,,,,,,,,,,,,,,,,,,,,,,,,,,,,,,,,,,,,,,,,,,,,,,,,,,,,,,,,,,,,,,,,,,,,,,,,,,,,,,,,,
592,PVC,LT,#3,#9,MeOH_1,31276.646167233812,0.9924385502658436,1.713862005449825,50000000,-0.5570703779349043,-0.294337486853842,37.88729740985238,,,,,,,,,,,,,,,,,,,,,,,,,,,,,,,,,,,,,,,,,,,,,,,,,,,,,,,,,,,,,,,,,,,,,,,,,,,,,,,,,,,,,,,,,,,,,,,,,,,,,,,,,,,,,,,,,,,,,,,,,,,,,,,,,,,,,,,,,,,,,,,,,,,,,,,,,,,,,,,,,,,,,,,,,,,,,,,,,,,,,,,,,,,,,,,,,,,,,,,,,,,,,,,,,,,,,,
593,PVC,LT,#3,#10,MeOH_1,19872.946004544618,1.0339127207513383,1.9077427688076136,50000000,-0.6444089778304807,-0.5559116728576518,38.779152304728065,,,,,,,,,,,,,,,,,,,,,,,,,,,,,,,,,,,,,,,,,,,,,,,,,,,,,,,,,,,,,,,,,,,,,,,,,,,,,,,,,,,,,,,,,,,,,,,,,,,,,,,,,,,,,,,,,,,,,,,,,,,,,,,,,,,,,,,,,,,,,,,,,,,,,,,,,,,,,,,,,,,,,,,,,,,,,,,,,,,,,,,,,,,,,,,,,,,,,,,,,,,,,,,,,,,,,,
594,PVC,LT,#3,#11,MeOH_1,20116.740427581466,1.050410237203478,1.9963029003290025,50000000,-0.65455154485956,-0.6162866373165443,39.25411934676007,,,,,,,,,,,,,,,,,,,,,,,,,,,,,,,,,,,,,,,,,,,,,,,,,,,,,,,,,,,,,,,,,,,,,,,,,,,,,,,,,,,,,,,,,,,,,,,,,,,,,,,,,,,,,,,,,,,,,,,,,,,,,,,,,,,,,,,,,,,,,,,,,,,,,,,,,,,,,,,,,,,,,,,,,,,,,,,,,,,,,,,,,,,,,,,,,,,,,,,,,,,,,,,,,,,,,,
595,PVC,LT,#4,#1,GASOLINE_1,23352.927608857513,1.0789828465209093,2.558700029673956,50000000,-0.6826480334339282,-1.1167689840521449,37.94918054651829,,,,,,,,,,,,,,,,,,,,,,,,,,,,,,,,,,,,,,,,,,,,,,,,,,,,,,,,,,,,,,,,,,,,,,,,,,,,,,,,,,,,,,,,,,,,,,,,,,,,,,,,,,,,,,,,,,,,,,,,,,,,,,,,,,,,,,,,,,,,,,,,,,,,,,,,,,,,,,,,,,,,,,,,,,,,,,,,,,,,,,,,,,,,,,,,,,,,,,,,,,,,,,,,,,,,,,
596,PVC,LT,#4,#2,FT_1,23865.52343280725,1.5313853979863774,2.8259377500786633,50000000,-0.9648201156933733,-1.1445115020290837,51.366709826518296,,,,,,,,,,,,,,,,,,,,,,,,,,,,,,,,,,,,,,,,,,,,,,,,,,,,,,,,,,,,,,,,,,,,,,,,,,,,,,,,,,,,,,,,,,,,,,,,,,,,,,,,,,,,,,,,,,,,,,,,,,,,,,,,,,,,,,,,,,,,,,,,,,,,,,,,,,,,,,,,,,,,,,,,,,,,,,,,,,,,,,,,,,,,,,,,,,,,,,,,,,,,,,,,,,,,,,
597,PVC,LT,#4,#3,GASOLINE_1,26250.502944626474,1.055150551642733,1.7831644073872823,50000000,-0.6262149948567942,-0.3250241784234594,35.51646326472925,,,,,,,,,,,,,,,,,,,,,,,,,,,,,,,,,,,,,,,,,,,,,,,,,,,,,,,,,,,,,,,,,,,,,,,,,,,,,,,,,,,,,,,,,,,,,,,,,,,,,,,,,,,,,,,,,,,,,,,,,,,,,,,,,,,,,,,,,,,,,,,,,,,,,,,,,,,,,,,,,,,,,,,,,,,,,,,,,,,,,,,,,,,,,,,,,,,,,,,,,,,,,,,,,,,,,,
598,PVC,LT,#4,#4,GASOLINE_1,13285.286360299462,1.1500777455953552,3.100756754844707,50000000,-0.8105354242865672,-1.7359184458157904,44.24081222651829,,,,,,,,,,,,,,,,,,,,,,,,,,,,,,,,,,,,,,,,,,,,,,,,,,,,,,,,,,,,,,,,,,,,,,,,,,,,,,,,,,,,,,,,,,,,,,,,,,,,,,,,,,,,,,,,,,,,,,,,,,,,,,,,,,,,,,,,,,,,,,,,,,,,,,,,,,,,,,,,,,,,,,,,,,,,,,,,,,,,,,,,,,,,,,,,,,,,,,,,,,,,,,,,,,,,,,
599,PVC,LT,#4,#5,FT_1,20497.47303179979,1.2251436527132926,3.0308761276358323,50000000,-0.6674381497456968,-1.3575813697410393,46.7046874265183,,,,,,,,,,,,,,,,,,,,,,,,,,,,,,,,,,,,,,,,,,,,,,,,,,,,,,,,,,,,,,,,,,,,,,,,,,,,,,,,,,,,,,,,,,,,,,,,,,,,,,,,,,,,,,,,,,,,,,,,,,,,,,,,,,,,,,,,,,,,,,,,,,,,,,,,,,,,,,,,,,,,,,,,,,,,,,,,,,,,,,,,,,,,,,,,,,,,,,,,,,,,,,,,,,,,,,
600,PVC,LT,#4,#6,GASOLINE_1,13239.49371224094,0.9727519777289525,1.4809198908696928,50000000,-0.5964226849221216,-0.05196591022827983,33.30795427406281,,,,,,,,,,,,,,,,,,,,,,,,,,,,,,,,,,,,,,,,,,,,,,,,,,,,,,,,,,,,,,,,,,,,,,,,,,,,,,,,,,,,,,,,,,,,,,,,,,,,,,,,,,,,,,,,,,,,,,,,,,,,,,,,,,,,,,,,,,,,,,,,,,,,,,,,,,,,,,,,,,,,,,,,,,,,,,,,,,,,,,,,,,,,,,,,,,,,,,,,,,,,,,,,,,,,,,
601,PVC,LT,#4,#7,GASOLINE_1,22749.142132736364,1.042416049773402,1.8776514016987336,50000000,-0.6295379476601465,-0.4409501774243963,37.47135741076007,,,,,,,,,,,,,,,,,,,,,,,,,,,,,,,,,,,,,,,,,,,,,,,,,,,,,,,,,,,,,,,,,,,,,,,,,,,,,,,,,,,,,,,,,,,,,,,,,,,,,,,,,,,,,,,,,,,,,,,,,,,,,,,,,,,,,,,,,,,,,,,,,,,,,,,,,,,,,,,,,,,,,,,,,,,,,,,,,,,,,,,,,,,,,,,,,,,,,,,,,,,,,,,,,,,,,,
602,PVC,LT,#4,#8,GASOLINE_1,15926.462320852514,1.0783666414509792,1.9538230960751408,50000000,-0.6851696852193253,-0.5335366655042731,38.59621371679207,,,,,,,,,,,,,,,,,,,,,,,,,,,,,,,,,,,,,,,,,,,,,,,,,,,,,,,,,,,,,,,,,,,,,,,,,,,,,,,,,,,,,,,,,,,,,,,,,,,,,,,,,,,,,,,,,,,,,,,,,,,,,,,,,,,,,,,,,,,,,,,,,,,,,,,,,,,,,,,,,,,,,,,,,,,,,,,,,,,,,,,,,,,,,,,,,,,,,,,,,,,,,,,,,,,,,,
603,PVC,LT,#4,#9,GASOLINE_1,25864.442711438456,1.0410526494791732,1.8488940683202215,50000000,-0.6121982243852975,-0.39380311623348324,39.134628755884385,,,,,,,,,,,,,,,,,,,,,,,,,,,,,,,,,,,,,,,,,,,,,,,,,,,,,,,,,,,,,,,,,,,,,,,,,,,,,,,,,,,,,,,,,,,,,,,,,,,,,,,,,,,,,,,,,,,,,,,,,,,,,,,,,,,,,,,,,,,,,,,,,,,,,,,,,,,,,,,,,,,,,,,,,,,,,,,,,,,,,,,,,,,,,,,,,,,,,,,,,,,,,,,,,,,,,,
604,PVC,LT,#4,#10,GASOLINE_1,14460.742548749256,1.082526819964668,2.04277483167801,50000000,-0.6995368242808739,-0.6553773022372925,40.02648365076007,,,,,,,,,,,,,,,,,,,,,,,,,,,,,,,,,,,,,,,,,,,,,,,,,,,,,,,,,,,,,,,,,,,,,,,,,,,,,,,,,,,,,,,,,,,,,,,,,,,,,,,,,,,,,,,,,,,,,,,,,,,,,,,,,,,,,,,,,,,,,,,,,,,,,,,,,,,,,,,,,,,,,,,,,,,,,,,,,,,,,,,,,,,,,,,,,,,,,,,,,,,,,,,,,,,,,,
605,PVC,LT,#4,#11,GASOLINE_1,14704.536971786107,1.0990243364168095,2.1313349631993987,50000000,-0.7096793913099548,-0.7157522666961855,40.50145069279207,,,,,,,,,,,,,,,,,,,,,,,,,,,,,,,,,,,,,,,,,,,,,,,,,,,,,,,,,,,,,,,,,,,,,,,,,,,,,,,,,,,,,,,,,,,,,,,,,,,,,,,,,,,,,,,,,,,,,,,,,,,,,,,,,,,,,,,,,,,,,,,,,,,,,,,,,,,,,,,,,,,,,,,,,,,,,,,,,,,,,,,,,,,,,,,,,,,,,,,,,,,,,,,,,,,,,,
606,PVC,LT,#5,#1,GASOLINE_1,50147.17560405555,1.0399286722496752,2.3368500048414726,50000000,-0.5536738148042186,-0.8078804345052052,36.375845126038406,,,,,,,,,,,,,,,,,,,,,,,,,,,,,,,,,,,,,,,,,,,,,,,,,,,,,,,,,,,,,,,,,,,,,,,,,,,,,,,,,,,,,,,,,,,,,,,,,,,,,,,,,,,,,,,,,,,,,,,,,,,,,,,,,,,,,,,,,,,,,,,,,,,,,,,,,,,,,,,,,,,,,,,,,,,,,,,,,,,,,,,,,,,,,,,,,,,,,,,,,,,,,,,,,,,,,,
607,PVC,LT,#5,#2,FT_1,50659.77142800529,1.4923312237151436,2.60408772524618,50000000,-0.8358458970636639,-0.8356229524821439,49.79337440603841,,,,,,,,,,,,,,,,,,,,,,,,,,,,,,,,,,,,,,,,,,,,,,,,,,,,,,,,,,,,,,,,,,,,,,,,,,,,,,,,,,,,,,,,,,,,,,,,,,,,,,,,,,,,,,,,,,,,,,,,,,,,,,,,,,,,,,,,,,,,,,,,,,,,,,,,,,,,,,,,,,,,,,,,,,,,,,,,,,,,,,,,,,,,,,,,,,,,,,,,,,,,,,,,,,,,,,
608,PVC,LT,#5,#3,GASOLINE_1,53044.75093982451,1.016096377371499,1.5613143825547997,50000000,-0.4972407762270847,-0.0161356288765201,33.94312784424936,,,,,,,,,,,,,,,,,,,,,,,,,,,,,,,,,,,,,,,,,,,,,,,,,,,,,,,,,,,,,,,,,,,,,,,,,,,,,,,,,,,,,,,,,,,,,,,,,,,,,,,,,,,,,,,,,,,,,,,,,,,,,,,,,,,,,,,,,,,,,,,,,,,,,,,,,,,,,,,,,,,,,,,,,,,,,,,,,,,,,,,,,,,,,,,,,,,,,,,,,,,,,,,,,,,,,,
609,PVC,LT,#5,#4,GASOLINE_1,40079.5343554975,1.111023571324121,2.8789067300122233,50000000,-0.6815612056568576,-1.4270298962688506,42.6674768060384,,,,,,,,,,,,,,,,,,,,,,,,,,,,,,,,,,,,,,,,,,,,,,,,,,,,,,,,,,,,,,,,,,,,,,,,,,,,,,,,,,,,,,,,,,,,,,,,,,,,,,,,,,,,,,,,,,,,,,,,,,,,,,,,,,,,,,,,,,,,,,,,,,,,,,,,,,,,,,,,,,,,,,,,,,,,,,,,,,,,,,,,,,,,,,,,,,,,,,,,,,,,,,,,,,,,,,
610,PVC,LT,#5,#5,FT_1,47291.72102699782,1.1860894784420588,2.8090261028033496,50000000,-0.5384639311159873,-1.0486928201940995,45.131352006038405,,,,,,,,,,,,,,,,,,,,,,,,,,,,,,,,,,,,,,,,,,,,,,,,,,,,,,,,,,,,,,,,,,,,,,,,,,,,,,,,,,,,,,,,,,,,,,,,,,,,,,,,,,,,,,,,,,,,,,,,,,,,,,,,,,,,,,,,,,,,,,,,,,,,,,,,,,,,,,,,,,,,,,,,,,,,,,,,,,,,,,,,,,,,,,,,,,,,,,,,,,,,,,,,,,,,,,
611,PVC,LT,#5,#6,GASOLINE_1,40033.741707438974,0.9336978034577185,1.2590698660372097,50000000,-0.46744846629241205,0.2569226393186599,31.734618853582912,,,,,,,,,,,,,,,,,,,,,,,,,,,,,,,,,,,,,,,,,,,,,,,,,,,,,,,,,,,,,,,,,,,,,,,,,,,,,,,,,,,,,,,,,,,,,,,,,,,,,,,,,,,,,,,,,,,,,,,,,,,,,,,,,,,,,,,,,,,,,,,,,,,,,,,,,,,,,,,,,,,,,,,,,,,,,,,,,,,,,,,,,,,,,,,,,,,,,,,,,,,,,,,,,,,,,,
612,PVC,LT,#5,#7,GASOLINE_1,49543.3901279344,1.003361875502168,1.6558013768662507,50000000,-0.500563729030437,-0.13206162787745684,35.89802199028018,,,,,,,,,,,,,,,,,,,,,,,,,,,,,,,,,,,,,,,,,,,,,,,,,,,,,,,,,,,,,,,,,,,,,,,,,,,,,,,,,,,,,,,,,,,,,,,,,,,,,,,,,,,,,,,,,,,,,,,,,,,,,,,,,,,,,,,,,,,,,,,,,,,,,,,,,,,,,,,,,,,,,,,,,,,,,,,,,,,,,,,,,,,,,,,,,,,,,,,,,,,,,,,,,,,,,,
613,PVC,LT,#5,#8,GASOLINE_1,42720.71031605055,1.039312467179747,1.731973071242658,50000000,-0.5561954665896173,-0.22464811595733358,37.022878296312186,,,,,,,,,,,,,,,,,,,,,,,,,,,,,,,,,,,,,,,,,,,,,,,,,,,,,,,,,,,,,,,,,,,,,,,,,,,,,,,,,,,,,,,,,,,,,,,,,,,,,,,,,,,,,,,,,,,,,,,,,,,,,,,,,,,,,,,,,,,,,,,,,,,,,,,,,,,,,,,,,,,,,,,,,,,,,,,,,,,,,,,,,,,,,,,,,,,,,,,,,,,,,,,,,,,,,,
614,PVC,LT,#5,#9,GASOLINE_1,52658.690706636495,1.0019984752079396,1.6270440434877387,50000000,-0.4832240057555881,-0.08491456668654368,37.561293335404486,,,,,,,,,,,,,,,,,,,,,,,,,,,,,,,,,,,,,,,,,,,,,,,,,,,,,,,,,,,,,,,,,,,,,,,,,,,,,,,,,,,,,,,,,,,,,,,,,,,,,,,,,,,,,,,,,,,,,,,,,,,,,,,,,,,,,,,,,,,,,,,,,,,,,,,,,,,,,,,,,,,,,,,,,,,,,,,,,,,,,,,,,,,,,,,,,,,,,,,,,,,,,,,,,,,,,,
615,PVC,LT,#5,#10,GASOLINE_1,41254.99054394729,1.0434726456934338,1.8209248068455273,50000000,-0.5705626056511643,-0.3464887526903534,38.45314823028018,,,,,,,,,,,,,,,,,,,,,,,,,,,,,,,,,,,,,,,,,,,,,,,,,,,,,,,,,,,,,,,,,,,,,,,,,,,,,,,,,,,,,,,,,,,,,,,,,,,,,,,,,,,,,,,,,,,,,,,,,,,,,,,,,,,,,,,,,,,,,,,,,,,,,,,,,,,,,,,,,,,,,,,,,,,,,,,,,,,,,,,,,,,,,,,,,,,,,,,,,,,,,,,,,,,,,,
616,PVC,LT,#5,#11,GASOLINE_1,41498.78496698414,1.0599701621455755,1.9094849383669157,50000000,-0.5807051726802455,-0.40686371714924546,38.92811527231218,,,,,,,,,,,,,,,,,,,,,,,,,,,,,,,,,,,,,,,,,,,,,,,,,,,,,,,,,,,,,,,,,,,,,,,,,,,,,,,,,,,,,,,,,,,,,,,,,,,,,,,,,,,,,,,,,,,,,,,,,,,,,,,,,,,,,,,,,,,,,,,,,,,,,,,,,,,,,,,,,,,,,,,,,,,,,,,,,,,,,,,,,,,,,,,,,,,,,,,,,,,,,,,,,,,,,,
617,PVC,LT,#6,#1,MeOH_1,54994.24164417194,1.1430298290681493,3.039622659537392,50000000,-0.5460430543140032,-1.4026043269248263,45.1109858404863,,,,,,,,,,,,,,,,,,,,,,,,,,,,,,,,,,,,,,,,,,,,,,,,,,,,,,,,,,,,,,,,,,,,,,,,,,,,,,,,,,,,,,,,,,,,,,,,,,,,,,,,,,,,,,,,,,,,,,,,,,,,,,,,,,,,,,,,,,,,,,,,,,,,,,,,,,,,,,,,,,,,,,,,,,,,,,,,,,,,,,,,,,,,,,,,,,,,,,,,,,,,,,,,,,,,,,
618,PVC,LT,#6,#2,MeOH_1,55506.83746812168,1.5954323805336181,3.306860379942098,50000000,-0.8282151365734489,-1.4303468449017644,58.528515120486276,,,,,,,,,,,,,,,,,,,,,,,,,,,,,,,,,,,,,,,,,,,,,,,,,,,,,,,,,,,,,,,,,,,,,,,,,,,,,,,,,,,,,,,,,,,,,,,,,,,,,,,,,,,,,,,,,,,,,,,,,,,,,,,,,,,,,,,,,,,,,,,,,,,,,,,,,,,,,,,,,,,,,,,,,,,,,,,,,,,,,,,,,,,,,,,,,,,,,,,,,,,,,,,,,,,,,,
619,PVC,LT,#6,#3,MeOH_1,57891.8169799409,1.1191975341899731,2.264087037250718,50000000,-0.4896100157368694,-0.6108595212961409,42.678268558697255,,,,,,,,,,,,,,,,,,,,,,,,,,,,,,,,,,,,,,,,,,,,,,,,,,,,,,,,,,,,,,,,,,,,,,,,,,,,,,,,,,,,,,,,,,,,,,,,,,,,,,,,,,,,,,,,,,,,,,,,,,,,,,,,,,,,,,,,,,,,,,,,,,,,,,,,,,,,,,,,,,,,,,,,,,,,,,,,,,,,,,,,,,,,,,,,,,,,,,,,,,,,,,,,,,,,,,
620,PVC,LT,#6,#4,MeOH_1,44926.60039561389,1.2141247281425953,3.5816793847081416,50000000,-0.6739304451666425,-2.0217537886884713,51.40261752048629,,,,,,,,,,,,,,,,,,,,,,,,,,,,,,,,,,,,,,,,,,,,,,,,,,,,,,,,,,,,,,,,,,,,,,,,,,,,,,,,,,,,,,,,,,,,,,,,,,,,,,,,,,,,,,,,,,,,,,,,,,,,,,,,,,,,,,,,,,,,,,,,,,,,,,,,,,,,,,,,,,,,,,,,,,,,,,,,,,,,,,,,,,,,,,,,,,,,,,,,,,,,,,,,,,,,,,
621,PVC,LT,#6,#5,MeOH_1,52138.787067114215,1.289190635260533,3.511798757499269,50000000,-0.5308331706257721,-1.643416712613721,53.8664927204863,,,,,,,,,,,,,,,,,,,,,,,,,,,,,,,,,,,,,,,,,,,,,,,,,,,,,,,,,,,,,,,,,,,,,,,,,,,,,,,,,,,,,,,,,,,,,,,,,,,,,,,,,,,,,,,,,,,,,,,,,,,,,,,,,,,,,,,,,,,,,,,,,,,,,,,,,,,,,,,,,,,,,,,,,,,,,,,,,,,,,,,,,,,,,,,,,,,,,,,,,,,,,,,,,,,,,,
622,PVC,LT,#6,#6,MeOH_1,44880.807747555365,1.036798960276194,1.9618425207331285,50000000,-0.4598177058021981,-0.337801253100961,40.4697595680308,,,,,,,,,,,,,,,,,,,,,,,,,,,,,,,,,,,,,,,,,,,,,,,,,,,,,,,,,,,,,,,,,,,,,,,,,,,,,,,,,,,,,,,,,,,,,,,,,,,,,,,,,,,,,,,,,,,,,,,,,,,,,,,,,,,,,,,,,,,,,,,,,,,,,,,,,,,,,,,,,,,,,,,,,,,,,,,,,,,,,,,,,,,,,,,,,,,,,,,,,,,,,,,,,,,,,,
623,PVC,LT,#6,#7,MeOH_1,54390.45616805079,1.1064630323206437,2.3585740315621697,50000000,-0.49293296854022317,-0.7267855202970782,44.63316270472807,,,,,,,,,,,,,,,,,,,,,,,,,,,,,,,,,,,,,,,,,,,,,,,,,,,,,,,,,,,,,,,,,,,,,,,,,,,,,,,,,,,,,,,,,,,,,,,,,,,,,,,,,,,,,,,,,,,,,,,,,,,,,,,,,,,,,,,,,,,,,,,,,,,,,,,,,,,,,,,,,,,,,,,,,,,,,,,,,,,,,,,,,,,,,,,,,,,,,,,,,,,,,,,,,,,,,,
624,PVC,LT,#6,#8,MeOH_1,47567.77635616694,1.1424136239982208,2.4347457259385767,50000000,-0.5485647060994018,-0.8193720083769548,45.758019010760066,,,,,,,,,,,,,,,,,,,,,,,,,,,,,,,,,,,,,,,,,,,,,,,,,,,,,,,,,,,,,,,,,,,,,,,,,,,,,,,,,,,,,,,,,,,,,,,,,,,,,,,,,,,,,,,,,,,,,,,,,,,,,,,,,,,,,,,,,,,,,,,,,,,,,,,,,,,,,,,,,,,,,,,,,,,,,,,,,,,,,,,,,,,,,,,,,,,,,,,,,,,,,,,,,,,,,,
625,PVC,LT,#6,#9,MeOH_1,57505.756746752886,1.105099632026413,2.3298166981836577,50000000,-0.47559324526537217,-0.6796384591061648,46.29643404985238,,,,,,,,,,,,,,,,,,,,,,,,,,,,,,,,,,,,,,,,,,,,,,,,,,,,,,,,,,,,,,,,,,,,,,,,,,,,,,,,,,,,,,,,,,,,,,,,,,,,,,,,,,,,,,,,,,,,,,,,,,,,,,,,,,,,,,,,,,,,,,,,,,,,,,,,,,,,,,,,,,,,,,,,,,,,,,,,,,,,,,,,,,,,,,,,,,,,,,,,,,,,,,,,,,,,,,
626,PVC,LT,#6,#10,MeOH_1,46102.05658406369,1.1465738025119079,2.5236974615414463,50000000,-0.5629318451609487,-0.9412126451099745,47.18828894472807,,,,,,,,,,,,,,,,,,,,,,,,,,,,,,,,,,,,,,,,,,,,,,,,,,,,,,,,,,,,,,,,,,,,,,,,,,,,,,,,,,,,,,,,,,,,,,,,,,,,,,,,,,,,,,,,,,,,,,,,,,,,,,,,,,,,,,,,,,,,,,,,,,,,,,,,,,,,,,,,,,,,,,,,,,,,,,,,,,,,,,,,,,,,,,,,,,,,,,,,,,,,,,,,,,,,,,
627,PVC,LT,#6,#11,MeOH_1,46345.85100710053,1.1630713189640496,2.612257593062835,50000000,-0.57307441219003,-1.0015876095688672,47.66325598676007,,,,,,,,,,,,,,,,,,,,,,,,,,,,,,,,,,,,,,,,,,,,,,,,,,,,,,,,,,,,,,,,,,,,,,,,,,,,,,,,,,,,,,,,,,,,,,,,,,,,,,,,,,,,,,,,,,,,,,,,,,,,,,,,,,,,,,,,,,,,,,,,,,,,,,,,,,,,,,,,,,,,,,,,,,,,,,,,,,,,,,,,,,,,,,,,,,,,,,,,,,,,,,,,,,,,,,
628,PVC,LT,#7,#1,GASOLINE_1,22691.527253025626,1.1638973335313811,3.2810712937415403,50000000,-0.7676111275032583,-1.8396176890249956,45.4008796004863,,,,,,,,,,,,,,,,,,,,,,,,,,,,,,,,,,,,,,,,,,,,,,,,,,,,,,,,,,,,,,,,,,,,,,,,,,,,,,,,,,,,,,,,,,,,,,,,,,,,,,,,,,,,,,,,,,,,,,,,,,,,,,,,,,,,,,,,,,,,,,,,,,,,,,,,,,,,,,,,,,,,,,,,,,,,,,,,,,,,,,,,,,,,,,,,,,,,,,,,,,,,,,,,,,,,,,
629,PVC,LT,#7,#2,FT_1,23204.12307697536,1.6162998849968484,3.5483090141462474,50000000,-1.0497832097627025,-1.8673602070019346,58.81840888048629,,,,,,,,,,,,,,,,,,,,,,,,,,,,,,,,,,,,,,,,,,,,,,,,,,,,,,,,,,,,,,,,,,,,,,,,,,,,,,,,,,,,,,,,,,,,,,,,,,,,,,,,,,,,,,,,,,,,,,,,,,,,,,,,,,,,,,,,,,,,,,,,,,,,,,,,,,,,,,,,,,,,,,,,,,,,,,,,,,,,,,,,,,,,,,,,,,,,,,,,,,,,,,,,,,,,,,
630,PVC,LT,#7,#3,GASOLINE_1,25589.10258879458,1.1400650386532054,2.5055356714548673,50000000,-0.7111780889261248,-1.0478728833963105,42.968162318697246,,,,,,,,,,,,,,,,,,,,,,,,,,,,,,,,,,,,,,,,,,,,,,,,,,,,,,,,,,,,,,,,,,,,,,,,,,,,,,,,,,,,,,,,,,,,,,,,,,,,,,,,,,,,,,,,,,,,,,,,,,,,,,,,,,,,,,,,,,,,,,,,,,,,,,,,,,,,,,,,,,,,,,,,,,,,,,,,,,,,,,,,,,,,,,,,,,,,,,,,,,,,,,,,,,,,,,
631,PVC,LT,#7,#4,GASOLINE_1,12623.886004467573,1.2349922326058256,3.823128018912291,50000000,-0.8954985183558958,-2.458767150788641,51.692511280486286,,,,,,,,,,,,,,,,,,,,,,,,,,,,,,,,,,,,,,,,,,,,,,,,,,,,,,,,,,,,,,,,,,,,,,,,,,,,,,,,,,,,,,,,,,,,,,,,,,,,,,,,,,,,,,,,,,,,,,,,,,,,,,,,,,,,,,,,,,,,,,,,,,,,,,,,,,,,,,,,,,,,,,,,,,,,,,,,,,,,,,,,,,,,,,,,,,,,,,,,,,,,,,,,,,,,,,
632,PVC,LT,#7,#5,FT_1,19836.0726759679,1.3100581397237647,3.753247391703417,50000000,-0.752401243815027,-2.0804300747138895,54.1563864804863,,,,,,,,,,,,,,,,,,,,,,,,,,,,,,,,,,,,,,,,,,,,,,,,,,,,,,,,,,,,,,,,,,,,,,,,,,,,,,,,,,,,,,,,,,,,,,,,,,,,,,,,,,,,,,,,,,,,,,,,,,,,,,,,,,,,,,,,,,,,,,,,,,,,,,,,,,,,,,,,,,,,,,,,,,,,,,,,,,,,,,,,,,,,,,,,,,,,,,,,,,,,,,,,,,,,,,
633,PVC,LT,#7,#6,GASOLINE_1,12578.093356409048,1.0576664647394245,2.203291154937278,50000000,-0.6813857789914517,-0.7748146152011308,40.75965332803081,,,,,,,,,,,,,,,,,,,,,,,,,,,,,,,,,,,,,,,,,,,,,,,,,,,,,,,,,,,,,,,,,,,,,,,,,,,,,,,,,,,,,,,,,,,,,,,,,,,,,,,,,,,,,,,,,,,,,,,,,,,,,,,,,,,,,,,,,,,,,,,,,,,,,,,,,,,,,,,,,,,,,,,,,,,,,,,,,,,,,,,,,,,,,,,,,,,,,,,,,,,,,,,,,,,,,,
634,PVC,LT,#7,#7,GASOLINE_1,22087.741776904473,1.1273305367838742,2.6000226657663186,50000000,-0.7145010417294767,-1.1637988823972476,44.92305646472806,,,,,,,,,,,,,,,,,,,,,,,,,,,,,,,,,,,,,,,,,,,,,,,,,,,,,,,,,,,,,,,,,,,,,,,,,,,,,,,,,,,,,,,,,,,,,,,,,,,,,,,,,,,,,,,,,,,,,,,,,,,,,,,,,,,,,,,,,,,,,,,,,,,,,,,,,,,,,,,,,,,,,,,,,,,,,,,,,,,,,,,,,,,,,,,,,,,,,,,,,,,,,,,,,,,,,,
635,PVC,LT,#7,#8,GASOLINE_1,15265.061965020623,1.1632811284614515,2.6761943601427256,50000000,-0.7701327792886556,-1.2563853704771244,46.04791277076006,,,,,,,,,,,,,,,,,,,,,,,,,,,,,,,,,,,,,,,,,,,,,,,,,,,,,,,,,,,,,,,,,,,,,,,,,,,,,,,,,,,,,,,,,,,,,,,,,,,,,,,,,,,,,,,,,,,,,,,,,,,,,,,,,,,,,,,,,,,,,,,,,,,,,,,,,,,,,,,,,,,,,,,,,,,,,,,,,,,,,,,,,,,,,,,,,,,,,,,,,,,,,,,,,,,,,,
636,PVC,LT,#7,#9,GASOLINE_1,25203.04235560656,1.1259671364896453,2.571265332387806,50000000,-0.6971613184546277,-1.1166518212063339,46.58632780985238,,,,,,,,,,,,,,,,,,,,,,,,,,,,,,,,,,,,,,,,,,,,,,,,,,,,,,,,,,,,,,,,,,,,,,,,,,,,,,,,,,,,,,,,,,,,,,,,,,,,,,,,,,,,,,,,,,,,,,,,,,,,,,,,,,,,,,,,,,,,,,,,,,,,,,,,,,,,,,,,,,,,,,,,,,,,,,,,,,,,,,,,,,,,,,,,,,,,,,,,,,,,,,,,,,,,,,
637,PVC,LT,#7,#10,GASOLINE_1,13799.342192917366,1.1674413069751386,2.7651460957455947,50000000,-0.7844999183502026,-1.378226007210143,47.47818270472807,,,,,,,,,,,,,,,,,,,,,,,,,,,,,,,,,,,,,,,,,,,,,,,,,,,,,,,,,,,,,,,,,,,,,,,,,,,,,,,,,,,,,,,,,,,,,,,,,,,,,,,,,,,,,,,,,,,,,,,,,,,,,,,,,,,,,,,,,,,,,,,,,,,,,,,,,,,,,,,,,,,,,,,,,,,,,,,,,,,,,,,,,,,,,,,,,,,,,,,,,,,,,,,,,,,,,,
638,PVC,LT,#7,#11,FT_1,14043.136615954216,1.1839388234272803,2.8537062272669833,50000000,-0.7946424853792837,-1.4386009716690362,47.953149746760076,,,,,,,,,,,,,,,,,,,,,,,,,,,,,,,,,,,,,,,,,,,,,,,,,,,,,,,,,,,,,,,,,,,,,,,,,,,,,,,,,,,,,,,,,,,,,,,,,,,,,,,,,,,,,,,,,,,,,,,,,,,,,,,,,,,,,,,,,,,,,,,,,,,,,,,,,,,,,,,,,,,,,,,,,,,,,,,,,,,,,,,,,,,,,,,,,,,,,,,,,,,,,,,,,,,,,,
639,PVC,LT,#8,#1,Aromatics,11708.474221501168,1.061256300470381,1.584597583484256,50000000,-0.8041346117662639,-0.19324862151718705,26.60212767423976,,,,,,,,,,,,,,,,,,,,,,,,,,,,,,,,,,,,,,,,,,,,,,,,,,,,,,,,,,,,,,,,,,,,,,,,,,,,,,,,,,,,,,,,,,,,,,,,,,,,,,,,,,,,,,,,,,,,,,,,,,,,,,,,,,,,,,,,,,,,,,,,,,,,,,,,,,,,,,,,,,,,,,,,,,,,,,,,,,,,,,,,,,,,,,,,,,,,,,,,,,,,,,,,,,,,,,
640,PVC,LT,#8,#2,FT_1,12221.070045450904,1.513658851935849,1.8518353038889634,50000000,-1.0863066940257085,-0.22099113949412613,40.01965695423976,,,,,,,,,,,,,,,,,,,,,,,,,,,,,,,,,,,,,,,,,,,,,,,,,,,,,,,,,,,,,,,,,,,,,,,,,,,,,,,,,,,,,,,,,,,,,,,,,,,,,,,,,,,,,,,,,,,,,,,,,,,,,,,,,,,,,,,,,,,,,,,,,,,,,,,,,,,,,,,,,,,,,,,,,,,,,,,,,,,,,,,,,,,,,,,,,,,,,,,,,,,,,,,,,,,,,,
641,PVC,LT,#8,#3,Aromatics,14606.049557270124,1.0374240055922048,0.8090619611975827,50000000,-0.7477015731891298,0.5984961841114981,24.169410392450715,,,,,,,,,,,,,,,,,,,,,,,,,,,,,,,,,,,,,,,,,,,,,,,,,,,,,,,,,,,,,,,,,,,,,,,,,,,,,,,,,,,,,,,,,,,,,,,,,,,,,,,,,,,,,,,,,,,,,,,,,,,,,,,,,,,,,,,,,,,,,,,,,,,,,,,,,,,,,,,,,,,,,,,,,,,,,,,,,,,,,,,,,,,,,,,,,,,,,,,,,,,,,,,,,,,,,,
642,PVC,LT,#8,#4,Aromatics,1640.8329729431155,1.1323511995448265,2.1266543086550067,50000000,-0.9320220026189023,-0.8123980832808327,32.89375935423975,,,,,,,,,,,,,,,,,,,,,,,,,,,,,,,,,,,,,,,,,,,,,,,,,,,,,,,,,,,,,,,,,,,,,,,,,,,,,,,,,,,,,,,,,,,,,,,,,,,,,,,,,,,,,,,,,,,,,,,,,,,,,,,,,,,,,,,,,,,,,,,,,,,,,,,,,,,,,,,,,,,,,,,,,,,,,,,,,,,,,,,,,,,,,,,,,,,,,,,,,,,,,,,,,,,,,,
643,PVC,LT,#8,#5,FT_1,8853.01964444344,1.207417106662764,2.056773681446133,50000000,-0.7889247280780317,-0.43406100720608204,35.35763455423975,,,,,,,,,,,,,,,,,,,,,,,,,,,,,,,,,,,,,,,,,,,,,,,,,,,,,,,,,,,,,,,,,,,,,,,,,,,,,,,,,,,,,,,,,,,,,,,,,,,,,,,,,,,,,,,,,,,,,,,,,,,,,,,,,,,,,,,,,,,,,,,,,,,,,,,,,,,,,,,,,,,,,,,,,,,,,,,,,,,,,,,,,,,,,,,,,,,,,,,,,,,,,,,,,,,,,,
644,PVC,LT,#8,#6,Aromatics,1595.040324884591,0.9550254316784248,0.5068174446799933,50000000,-0.7179092632544577,0.8715544523066774,21.960901401784263,,,,,,,,,,,,,,,,,,,,,,,,,,,,,,,,,,,,,,,,,,,,,,,,,,,,,,,,,,,,,,,,,,,,,,,,,,,,,,,,,,,,,,,,,,,,,,,,,,,,,,,,,,,,,,,,,,,,,,,,,,,,,,,,,,,,,,,,,,,,,,,,,,,,,,,,,,,,,,,,,,,,,,,,,,,,,,,,,,,,,,,,,,,,,,,,,,,,,,,,,,,,,,,,,,,,,,
645,PVC,LT,#8,#7,Aromatics,11104.68874538002,1.0246895037228745,0.9035489555090339,50000000,-0.7510245259924825,0.48257018511056116,26.124304538481525,,,,,,,,,,,,,,,,,,,,,,,,,,,,,,,,,,,,,,,,,,,,,,,,,,,,,,,,,,,,,,,,,,,,,,,,,,,,,,,,,,,,,,,,,,,,,,,,,,,,,,,,,,,,,,,,,,,,,,,,,,,,,,,,,,,,,,,,,,,,,,,,,,,,,,,,,,,,,,,,,,,,,,,,,,,,,,,,,,,,,,,,,,,,,,,,,,,,,,,,,,,,,,,,,,,,,,
646,PVC,LT,#8,#8,Aromatics,4282.008933496166,1.0606400954004516,0.9797206498854423,50000000,-0.8066562635516614,0.38998369703068314,27.249160844513522,,,,,,,,,,,,,,,,,,,,,,,,,,,,,,,,,,,,,,,,,,,,,,,,,,,,,,,,,,,,,,,,,,,,,,,,,,,,,,,,,,,,,,,,,,,,,,,,,,,,,,,,,,,,,,,,,,,,,,,,,,,,,,,,,,,,,,,,,,,,,,,,,,,,,,,,,,,,,,,,,,,,,,,,,,,,,,,,,,,,,,,,,,,,,,,,,,,,,,,,,,,,,,,,,,,,,,
647,PVC,LT,#8,#9,Aromatics,14219.989324082107,1.023326103428645,0.8747916221305223,50000000,-0.7336848027176329,0.5297172463014739,27.787575883605843,,,,,,,,,,,,,,,,,,,,,,,,,,,,,,,,,,,,,,,,,,,,,,,,,,,,,,,,,,,,,,,,,,,,,,,,,,,,,,,,,,,,,,,,,,,,,,,,,,,,,,,,,,,,,,,,,,,,,,,,,,,,,,,,,,,,,,,,,,,,,,,,,,,,,,,,,,,,,,,,,,,,,,,,,,,,,,,,,,,,,,,,,,,,,,,,,,,,,,,,,,,,,,,,,,,,,,
648,PVC,LT,#8,#10,Aromatics,2816.289161392909,1.0648002739141396,1.0686723854883107,50000000,-0.8210234026132092,0.2681430602976647,28.679430778481528,,,,,,,,,,,,,,,,,,,,,,,,,,,,,,,,,,,,,,,,,,,,,,,,,,,,,,,,,,,,,,,,,,,,,,,,,,,,,,,,,,,,,,,,,,,,,,,,,,,,,,,,,,,,,,,,,,,,,,,,,,,,,,,,,,,,,,,,,,,,,,,,,,,,,,,,,,,,,,,,,,,,,,,,,,,,,,,,,,,,,,,,,,,,,,,,,,,,,,,,,,,,,,,,,,,,,,
649,PVC,LT,#8,#11,Aromatics,3060.083584429759,1.081297790366281,1.1572325170097002,50000000,-0.8311659696422901,0.20776809583877118,29.154397820513523,,,,,,,,,,,,,,,,,,,,,,,,,,,,,,,,,,,,,,,,,,,,,,,,,,,,,,,,,,,,,,,,,,,,,,,,,,,,,,,,,,,,,,,,,,,,,,,,,,,,,,,,,,,,,,,,,,,,,,,,,,,,,,,,,,,,,,,,,,,,,,,,,,,,,,,,,,,,,,,,,,,,,,,,,,,,,,,,,,,,,,,,,,,,,,,,,,,,,,,,,,,,,,,,,,,,,,
650,PVC,LT,#9,#1,Aromatics,11989.009044223434,1.1202288293390914,1.8823665683629875,50000000,-0.8707182559063238,-0.4716745868244502,28.74486651423976,,,,,,,,,,,,,,,,,,,,,,,,,,,,,,,,,,,,,,,,,,,,,,,,,,,,,,,,,,,,,,,,,,,,,,,,,,,,,,,,,,,,,,,,,,,,,,,,,,,,,,,,,,,,,,,,,,,,,,,,,,,,,,,,,,,,,,,,,,,,,,,,,,,,,,,,,,,,,,,,,,,,,,,,,,,,,,,,,,,,,,,,,,,,,,,,,,,,,,,,,,,,,,,,,,,,,,
651,PVC,LT,#9,#2,FT_1,12501.60486817317,1.57263138080456,2.1496042887676947,50000000,-1.1528903381657694,-0.49941710480138896,42.16239579423976,,,,,,,,,,,,,,,,,,,,,,,,,,,,,,,,,,,,,,,,,,,,,,,,,,,,,,,,,,,,,,,,,,,,,,,,,,,,,,,,,,,,,,,,,,,,,,,,,,,,,,,,,,,,,,,,,,,,,,,,,,,,,,,,,,,,,,,,,,,,,,,,,,,,,,,,,,,,,,,,,,,,,,,,,,,,,,,,,,,,,,,,,,,,,,,,,,,,,,,,,,,,,,,,,,,,,,
652,PVC,LT,#9,#3,Aromatics,14886.58437999239,1.096396534460915,1.1068309460763137,50000000,-0.8142852173291895,0.3200702188042356,26.312149232450714,,,,,,,,,,,,,,,,,,,,,,,,,,,,,,,,,,,,,,,,,,,,,,,,,,,,,,,,,,,,,,,,,,,,,,,,,,,,,,,,,,,,,,,,,,,,,,,,,,,,,,,,,,,,,,,,,,,,,,,,,,,,,,,,,,,,,,,,,,,,,,,,,,,,,,,,,,,,,,,,,,,,,,,,,,,,,,,,,,,,,,,,,,,,,,,,,,,,,,,,,,,,,,,,,,,,,,
653,PVC,LT,#9,#4,Aromatics,1921.367795665382,1.1913237284135372,2.4244232935337378,50000000,-0.9986056467589626,-1.0908240485880951,35.03649819423976,,,,,,,,,,,,,,,,,,,,,,,,,,,,,,,,,,,,,,,,,,,,,,,,,,,,,,,,,,,,,,,,,,,,,,,,,,,,,,,,,,,,,,,,,,,,,,,,,,,,,,,,,,,,,,,,,,,,,,,,,,,,,,,,,,,,,,,,,,,,,,,,,,,,,,,,,,,,,,,,,,,,,,,,,,,,,,,,,,,,,,,,,,,,,,,,,,,,,,,,,,,,,,,,,,,,,,
654,PVC,LT,#9,#5,FT_1,9133.554467165706,1.2663896355314748,2.354542666324864,50000000,-0.8555083722180923,-0.7124869725133443,37.50037339423975,,,,,,,,,,,,,,,,,,,,,,,,,,,,,,,,,,,,,,,,,,,,,,,,,,,,,,,,,,,,,,,,,,,,,,,,,,,,,,,,,,,,,,,,,,,,,,,,,,,,,,,,,,,,,,,,,,,,,,,,,,,,,,,,,,,,,,,,,,,,,,,,,,,,,,,,,,,,,,,,,,,,,,,,,,,,,,,,,,,,,,,,,,,,,,,,,,,,,,,,,,,,,,,,,,,,,,
655,PVC,LT,#9,#6,Aromatics,1875.5751476068572,1.013997960547135,0.8045864295587245,50000000,-0.7844929073945172,0.5931284869994151,24.10364024178426,,,,,,,,,,,,,,,,,,,,,,,,,,,,,,,,,,,,,,,,,,,,,,,,,,,,,,,,,,,,,,,,,,,,,,,,,,,,,,,,,,,,,,,,,,,,,,,,,,,,,,,,,,,,,,,,,,,,,,,,,,,,,,,,,,,,,,,,,,,,,,,,,,,,,,,,,,,,,,,,,,,,,,,,,,,,,,,,,,,,,,,,,,,,,,,,,,,,,,,,,,,,,,,,,,,,,,
656,PVC,LT,#9,#7,Aromatics,11385.223568102285,1.0836620325915842,1.201317940387765,50000000,-0.8176081701325421,0.20414421980329872,28.267043378481528,,,,,,,,,,,,,,,,,,,,,,,,,,,,,,,,,,,,,,,,,,,,,,,,,,,,,,,,,,,,,,,,,,,,,,,,,,,,,,,,,,,,,,,,,,,,,,,,,,,,,,,,,,,,,,,,,,,,,,,,,,,,,,,,,,,,,,,,,,,,,,,,,,,,,,,,,,,,,,,,,,,,,,,,,,,,,,,,,,,,,,,,,,,,,,,,,,,,,,,,,,,,,,,,,,,,,,
657,PVC,LT,#9,#8,Aromatics,4562.5437562184325,1.1196126242691613,1.2774896347641733,50000000,-0.8732399076917206,0.11155773172342077,29.391899684513525,,,,,,,,,,,,,,,,,,,,,,,,,,,,,,,,,,,,,,,,,,,,,,,,,,,,,,,,,,,,,,,,,,,,,,,,,,,,,,,,,,,,,,,,,,,,,,,,,,,,,,,,,,,,,,,,,,,,,,,,,,,,,,,,,,,,,,,,,,,,,,,,,,,,,,,,,,,,,,,,,,,,,,,,,,,,,,,,,,,,,,,,,,,,,,,,,,,,,,,,,,,,,,,,,,,,,,
658,PVC,LT,#9,#9,Aromatics,14500.524146804373,1.082298632297355,1.172560607009253,50000000,-0.8002684468576925,0.25129128099421205,29.93031472360584,,,,,,,,,,,,,,,,,,,,,,,,,,,,,,,,,,,,,,,,,,,,,,,,,,,,,,,,,,,,,,,,,,,,,,,,,,,,,,,,,,,,,,,,,,,,,,,,,,,,,,,,,,,,,,,,,,,,,,,,,,,,,,,,,,,,,,,,,,,,,,,,,,,,,,,,,,,,,,,,,,,,,,,,,,,,,,,,,,,,,,,,,,,,,,,,,,,,,,,,,,,,,,,,,,,,,,
659,PVC,LT,#9,#10,Aromatics,3096.8239841151753,1.1237728027828502,1.3664413703670415,50000000,-0.8876070467532693,-0.01028290500959769,30.822169618481528,,,,,,,,,,,,,,,,,,,,,,,,,,,,,,,,,,,,,,,,,,,,,,,,,,,,,,,,,,,,,,,,,,,,,,,,,,,,,,,,,,,,,,,,,,,,,,,,,,,,,,,,,,,,,,,,,,,,,,,,,,,,,,,,,,,,,,,,,,,,,,,,,,,,,,,,,,,,,,,,,,,,,,,,,,,,,,,,,,,,,,,,,,,,,,,,,,,,,,,,,,,,,,,,,,,,,,
660,PVC,LT,#9,#11,Aromatics,3340.6184071520256,1.1402703192349917,1.4550015018884312,50000000,-0.8977496137823501,-0.07065786946849137,31.297136660513527,,,,,,,,,,,,,,,,,,,,,,,,,,,,,,,,,,,,,,,,,,,,,,,,,,,,,,,,,,,,,,,,,,,,,,,,,,,,,,,,,,,,,,,,,,,,,,,,,,,,,,,,,,,,,,,,,,,,,,,,,,,,,,,,,,,,,,,,,,,,,,,,,,,,,,,,,,,,,,,,,,,,,,,,,,,,,,,,,,,,,,,,,,,,,,,,,,,,,,,,,,,,,,,,,,,,,,
661,PVC,HT,#1,-,MeOH_1,29013.715480243274,1.0145780080737528,1.688416667701028,50000000,-0.6256684558935893,-0.30172913005385144,35.02551151417986,,,,,,,,,,,,,,,,,,,,,,,,,,,,,,,,,,,,,,,,,,,,,,,,,,,,,,,,,,,,,,,,,,,,,,,,,,,,,,,,,,,,,,,,,,,,,,,,,,,,,,,,,,,,,,,,,,,,,,,,,,,,,,,,,,,,,,,,,,,,,,,,,,,,,,,,,,,,,,,,,,,,,,,,,,,,,,,,,,,,,,,,,,,,,,,,,,,,,,,,,,,,,,,,,,,,,,
662,PVC,HT,#2,-,FT_1,6598.887485133079,1.079241590391014,1.786987225946631,50000000,-0.7626804574580589,-0.4521197387708023,35.78989345509186,,,,,,,,,,,,,,,,,,,,,,,,,,,,,,,,,,,,,,,,,,,,,,,,,,,,,,,,,,,,,,,,,,,,,,,,,,,,,,,,,,,,,,,,,,,,,,,,,,,,,,,,,,,,,,,,,,,,,,,,,,,,,,,,,,,,,,,,,,,,,,,,,,,,,,,,,,,,,,,,,,,,,,,,,,,,,,,,,,,,,,,,,,,,,,,,,,,,,,,,,,,,,,,,,,,,,,
663,PVC,HT,#3,-,DIESEL_1,48808.48480348472,1.0285984319616326,2.638918376739657,50000000,-0.5069718170750153,-1.1412129295230264,35.966950165661586,,,,,,,,,,,,,,,,,,,,,,,,,,,,,,,,,,,,,,,,,,,,,,,,,,,,,,,,,,,,,,,,,,,,,,,,,,,,,,,,,,,,,,,,,,,,,,,,,,,,,,,,,,,,,,,,,,,,,,,,,,,,,,,,,,,,,,,,,,,,,,,,,,,,,,,,,,,,,,,,,,,,,,,,,,,,,,,,,,,,,,,,,,,,,,,,,,,,,,,,,,,,,,,,,,,,,,
664,PVC,HT,#4,-,MeOH_1,3066.66270943046,1.249825612915867,2.764917626100438,50000000,-0.9872991491132009,-1.5571897903116583,49.77494018905987,,,,,,,,,,,,,,,,,,,,,,,,,,,,,,,,,,,,,,,,,,,,,,,,,,,,,,,,,,,,,,,,,,,,,,,,,,,,,,,,,,,,,,,,,,,,,,,,,,,,,,,,,,,,,,,,,,,,,,,,,,,,,,,,,,,,,,,,,,,,,,,,,,,,,,,,,,,,,,,,,,,,,,,,,,,,,,,,,,,,,,,,,,,,,,,,,,,,,,,,,,,,,,,,,,,,,,
665,PVC,HT,#5,-,FT_1,5780.038940225464,1.3061028667567243,2.9472937095386946,50000000,-0.9522765472093627,-1.5528318385413935,49.77300145509186,,,,,,,,,,,,,,,,,,,,,,,,,,,,,,,,,,,,,,,,,,,,,,,,,,,,,,,,,,,,,,,,,,,,,,,,,,,,,,,,,,,,,,,,,,,,,,,,,,,,,,,,,,,,,,,,,,,,,,,,,,,,,,,,,,,,,,,,,,,,,,,,,,,,,,,,,,,,,,,,,,,,,,,,,,,,,,,,,,,,,,,,,,,,,,,,,,,,,,,,,,,,,,,,,,,,,,
666,PVC,HT,#6,-,Olefin,0,0.8677629488691563,0.9300354309496947,50000000,-0.6285035927484701,0.3644065323998296,27.314703188434244,,,,,,,,,,,,,,,,,,,,,,,,,,,,,,,,,,,,,,,,,,,,,,,,,,,,,,,,,,,,,,,,,,,,,,,,,,,,,,,,,,,,,,,,,,,,,,,,,,,,,,,,,,,,,,,,,,,,,,,,,,,,,,,,,,,,,,,,,,,,,,,,,,,,,,,,,,,,,,,,,,,,,,,,,,,,,,,,,,,,,,,,,,,,,,,,,,,,,,,,,,,,,,,,,,,,,,
667,PVC,HT,#7,-,MeOH_1,28992.827235059747,0.9729714681855481,2.007440342081226,50000000,-0.5637466683490053,-0.6208247211463612,33.75222870009637,,,,,,,,,,,,,,,,,,,,,,,,,,,,,,,,,,,,,,,,,,,,,,,,,,,,,,,,,,,,,,,,,,,,,,,,,,,,,,,,,,,,,,,,,,,,,,,,,,,,,,,,,,,,,,,,,,,,,,,,,,,,,,,,,,,,,,,,,,,,,,,,,,,,,,,,,,,,,,,,,,,,,,,,,,,,,,,,,,,,,,,,,,,,,,,,,,,,,,,,,,,,,,,,,,,,,,
668,PVC,HT,#8,-,DIESEL_1,22541.87267558471,1.049347135038108,2.190288902687999,50000000,-0.6504355205167947,-0.7741974104408109,36.31719604612837,,,,,,,,,,,,,,,,,,,,,,,,,,,,,,,,,,,,,,,,,,,,,,,,,,,,,,,,,,,,,,,,,,,,,,,,,,,,,,,,,,,,,,,,,,,,,,,,,,,,,,,,,,,,,,,,,,,,,,,,,,,,,,,,,,,,,,,,,,,,,,,,,,,,,,,,,,,,,,,,,,,,,,,,,,,,,,,,,,,,,,,,,,,,,,,,,,,,,,,,,,,,,,,,,,,,,,
669,PVC,HT,#9,-,DIESEL_1,50592.11288675384,0.9763395971276474,1.3505852995980459,50000000,-0.48171059293532087,0.16120804221140161,32.74460344552127,,,,,,,,,,,,,,,,,,,,,,,,,,,,,,,,,,,,,,,,,,,,,,,,,,,,,,,,,,,,,,,,,,,,,,,,,,,,,,,,,,,,,,,,,,,,,,,,,,,,,,,,,,,,,,,,,,,,,,,,,,,,,,,,,,,,,,,,,,,,,,,,,,,,,,,,,,,,,,,,,,,,,,,,,,,,,,,,,,,,,,,,,,,,,,,,,,,,,,,,,,,,,,,,,,,,,,
670,PVC,HT,#10,-,MeOH_1,16950.327666106932,1.1006530476812484,2.7051140144805683,50000000,-0.7347503496800837,-1.389279258711871,42.84393958009637,,,,,,,,,,,,,,,,,,,,,,,,,,,,,,,,,,,,,,,,,,,,,,,,,,,,,,,,,,,,,,,,,,,,,,,,,,,,,,,,,,,,,,,,,,,,,,,,,,,,,,,,,,,,,,,,,,,,,,,,,,,,,,,,,,,,,,,,,,,,,,,,,,,,,,,,,,,,,,,,,,,,,,,,,,,,,,,,,,,,,,,,,,,,,,,,,,,,,,,,,,,,,,,,,,,,,,
671,PVC,HT,#11,-,DIESEL_1,21539.098238503662,1.1769047958973295,3.0613238264513236,50000000,-0.7816410822665799,-1.648168733367443,45.84450820612837,,,,,,,,,,,,,,,,,,,,,,,,,,,,,,,,,,,,,,,,,,,,,,,,,,,,,,,,,,,,,,,,,,,,,,,,,,,,,,,,,,,,,,,,,,,,,,,,,,,,,,,,,,,,,,,,,,,,,,,,,,,,,,,,,,,,,,,,,,,,,,,,,,,,,,,,,,,,,,,,,,,,,,,,,,,,,,,,,,,,,,,,,,,,,,,,,,,,,,,,,,,,,,,,,,,,,,
672,PVC,LT,#1,-,MeOH_1,26733.312455033225,0.9733803275496397,2.2696365925640265,50000000,-0.5792625342429459,-0.8760306382911658,34.717649749932434,,,,,,,,,,,,,,,,,,,,,,,,,,,,,,,,,,,,,,,,,,,,,,,,,,,,,,,,,,,,,,,,,,,,,,,,,,,,,,,,,,,,,,,,,,,,,,,,,,,,,,,,,,,,,,,,,,,,,,,,,,,,,,,,,,,,,,,,,,,,,,,,,,,,,,,,,,,,,,,,,,,,,,,,,,,,,,,,,,,,,,,,,,,,,,,,,,,,,,,,,,,,,,,,,,,,,,
673,PVC,LT,#2,-,FT_1,3853.5184814340987,1.0268004264000872,2.247266606538354,50000000,-0.701463848320829,-0.8915482301960811,35.00101265084444,,,,,,,,,,,,,,,,,,,,,,,,,,,,,,,,,,,,,,,,,,,,,,,,,,,,,,,,,,,,,,,,,,,,,,,,,,,,,,,,,,,,,,,,,,,,,,,,,,,,,,,,,,,,,,,,,,,,,,,,,,,,,,,,,,,,,,,,,,,,,,,,,,,,,,,,,,,,,,,,,,,,,,,,,,,,,,,,,,,,,,,,,,,,,,,,,,,,,,,,,,,,,,,,,,,,,,
674,PVC,LT,#3,-,GASOLINE_1,50672.9073714072,0.9774341323260115,1.632418885409301,50000000,-0.4754671251209338,-0.10597401605138392,34.42105558215578,,,,,,,,,,,,,,,,,,,,,,,,,,,,,,,,,,,,,,,,,,,,,,,,,,,,,,,,,,,,,,,,,,,,,,,,,,,,,,,,,,,,,,,,,,,,,,,,,,,,,,,,,,,,,,,,,,,,,,,,,,,,,,,,,,,,,,,,,,,,,,,,,,,,,,,,,,,,,,,,,,,,,,,,,,,,,,,,,,,,,,,,,,,,,,,,,,,,,,,,,,,,,,,,,,,,,,
675,PVC,LT,#4,-,MeOH_1,4466.467667487442,1.251139215909181,3.18610147138191,50000000,-0.9088411499692797,-1.9094750115850907,52.57451826481245,,,,,,,,,,,,,,,,,,,,,,,,,,,,,,,,,,,,,,,,,,,,,,,,,,,,,,,,,,,,,,,,,,,,,,,,,,,,,,,,,,,,,,,,,,,,,,,,,,,,,,,,,,,,,,,,,,,,,,,,,,,,,,,,,,,,,,,,,,,,,,,,,,,,,,,,,,,,,,,,,,,,,,,,,,,,,,,,,,,,,,,,,,,,,,,,,,,,,,,,,,,,,,,,,,,,,,
676,PVC,LT,#5,-,FT_1,4178.477429338846,1.2978216450918965,3.51799560127464,50000000,-0.9038402844713858,-2.068584203977796,52.47419665084444,,,,,,,,,,,,,,,,,,,,,,,,,,,,,,,,,,,,,,,,,,,,,,,,,,,,,,,,,,,,,,,,,,,,,,,,,,,,,,,,,,,,,,,,,,,,,,,,,,,,,,,,,,,,,,,,,,,,,,,,,,,,,,,,,,,,,,,,,,,,,,,,,,,,,,,,,,,,,,,,,,,,,,,,,,,,,,,,,,,,,,,,,,,,,,,,,,,,,,,,,,,,,,,,,,,,,,
677,PVC,LT,#6,-,Olefin,0,0.8489521585182662,0.8738956303762108,50000000,-0.5790370053954818,0.4878849720008595,27.388471762067198,,,,,,,,,,,,,,,,,,,,,,,,,,,,,,,,,,,,,,,,,,,,,,,,,,,,,,,,,,,,,,,,,,,,,,,,,,,,,,,,,,,,,,,,,,,,,,,,,,,,,,,,,,,,,,,,,,,,,,,,,,,,,,,,,,,,,,,,,,,,,,,,,,,,,,,,,,,,,,,,,,,,,,,,,,,,,,,,,,,,,,,,,,,,,,,,,,,,,,,,,,,,,,,,,,,,,,
678,PVC,LT,#7,-,MeOH_1,30859.2529092948,0.9596127084954713,1.711885564383401,50000000,-0.5288251682435349,-0.2938413827057834,35.581186856525285,,,,,,,,,,,,,,,,,,,,,,,,,,,,,,,,,,,,,,,,,,,,,,,,,,,,,,,,,,,,,,,,,,,,,,,,,,,,,,,,,,,,,,,,,,,,,,,,,,,,,,,,,,,,,,,,,,,,,,,,,,,,,,,,,,,,,,,,,,,,,,,,,,,,,,,,,,,,,,,,,,,,,,,,,,,,,,,,,,,,,,,,,,,,,,,,,,,,,,,,,,,,,,,,,,,,,,
679,PVC,LT,#8,-,GASOLINE_1,15980.556254340283,1.0407876550899107,1.8889751583495349,50000000,-0.6459127354809979,-0.4685286911332118,37.80574860255728,,,,,,,,,,,,,,,,,,,,,,,,,,,,,,,,,,,,,,,,,,,,,,,,,,,,,,,,,,,,,,,,,,,,,,,,,,,,,,,,,,,,,,,,,,,,,,,,,,,,,,,,,,,,,,,,,,,,,,,,,,,,,,,,,,,,,,,,,,,,,,,,,,,,,,,,,,,,,,,,,,,,,,,,,,,,,,,,,,,,,,,,,,,,,,,,,,,,,,,,,,,,,,,,,,,,,,
680,PVC,LT,#9,-,GASOLINE_1,52994.26206186222,0.9676363203071728,1.4778078318672243,50000000,-0.44756174452998215,0.06697213800768584,34.84848415068449,,,,,,,,,,,,,,,,,,,,,,,,,,,,,,,,,,,,,,,,,,,,,,,,,,,,,,,,,,,,,,,,,,,,,,,,,,,,,,,,,,,,,,,,,,,,,,,,,,,,,,,,,,,,,,,,,,,,,,,,,,,,,,,,,,,,,,,,,,,,,,,,,,,,,,,,,,,,,,,,,,,,,,,,,,,,,,,,,,,,,,,,,,,,,,,,,,,,,,,,,,,,,,,,,,,,,,
681,PVC,LT,#10,-,MeOH_1,10923.355460222687,1.0759601415293225,2.451661112183481,50000000,-0.7181262344250812,-1.1528265947515401,45.53482013652529,,,,,,,,,,,,,,,,,,,,,,,,,,,,,,,,,,,,,,,,,,,,,,,,,,,,,,,,,,,,,,,,,,,,,,,,,,,,,,,,,,,,,,,,,,,,,,,,,,,,,,,,,,,,,,,,,,,,,,,,,,,,,,,,,,,,,,,,,,,,,,,,,,,,,,,,,,,,,,,,,,,,,,,,,,,,,,,,,,,,,,,,,,,,,,,,,,,,,,,,,,,,,,,,,,,,,,
682,PVC,LT,#11,-,FT_1,13876.491598181901,1.1378465682051584,2.82340697999293,50000000,-0.7497199028382353,-1.410567555154624,47.54268988255729,,,,,,,,,,,,,,,,,,,,,,,,,,,,,,,,,,,,,,,,,,,,,,,,,,,,,,,,,,,,,,,,,,,,,,,,,,,,,,,,,,,,,,,,,,,,,,,,,,,,,,,,,,,,,,,,,,,,,,,,,,,,,,,,,,,,,,,,,,,,,,,,,,,,,,,,,,,,,,,,,,,,,,,,,,,,,,,,,,,,,,,,,,,,,,,,,,,,,,,,,,,,,,,,,,,,,,
683,PVC,SG,#1,-,MeOH_1,13746.648735749859,0.7508821537655215,1.8806268638335246,50000000,-0.3921694313434477,-0.5731524927330786,31.44165865493168,,,,,,,,,,,,,,,,,,,,,,,,,,,,,,,,,,,,,,,,,,,,,,,,,,,,,,,,,,,,,,,,,,,,,,,,,,,,,,,,,,,,,,,,,,,,,,,,,,,,,,,,,,,,,,,,,,,,,,,,,,,,,,,,,,,,,,,,,,,,,,,,,,,,,,,,,,,,,,,,,,,,,,,,,,,,,,,,,,,,,,,,,,,,,,,,,,,,,,,,,,,,,,,,,,,,,,
684,PVC,SG,#2,-,FT_1,6406.317983587559,0.8557731247654915,2.1451503750468333,50000000,-0.4157233855339791,-0.5381051955599024,32.15640649493168,,,,,,,,,,,,,,,,,,,,,,,,,,,,,,,,,,,,,,,,,,,,,,,,,,,,,,,,,,,,,,,,,,,,,,,,,,,,,,,,,,,,,,,,,,,,,,,,,,,,,,,,,,,,,,,,,,,,,,,,,,,,,,,,,,,,,,,,,,,,,,,,,,,,,,,,,,,,,,,,,,,,,,,,,,,,,,,,,,,,,,,,,,,,,,,,,,,,,,,,,,,,,,,,,,,,,,
685,PVC,SG,#3,-,H2_1,106939.76040070098,0.7463074297726376,2.216968181138067,50000000,-0.032414839334828686,-0.3744079390301937,33.54006506455463,,,,,,,,,,,,,,,,,,,,,,,,,,,,,,,,,,,,,,,,,,,,,,,,,,,,,,,,,,,,,,,,,,,,,,,,,,,,,,,,,,,,,,,,,,,,,,,,,,,,,,,,,,,,,,,,,,,,,,,,,,,,,,,,,,,,,,,,,,,,,,,,,,,,,,,,,,,,,,,,,,,,,,,,,,,,,,,,,,,,,,,,,,,,,,,,,,,,,,,,,,,,,,,,,,,,,,
686,PVC,SG,#4,-,MeOH_1,10689.322367075512,0.9416664339117908,3.844835972933493,50000000,-0.5939088564216365,-2.557844540377194,52.363769054931666,,,,,,,,,,,,,,,,,,,,,,,,,,,,,,,,,,,,,,,,,,,,,,,,,,,,,,,,,,,,,,,,,,,,,,,,,,,,,,,,,,,,,,,,,,,,,,,,,,,,,,,,,,,,,,,,,,,,,,,,,,,,,,,,,,,,,,,,,,,,,,,,,,,,,,,,,,,,,,,,,,,,,,,,,,,,,,,,,,,,,,,,,,,,,,,,,,,,,,,,,,,,,,,,,,,,,,
687,PVC,SG,#5,-,FT_1,5850.613020188687,1.0456791063492552,4.131610273211943,50000000,-0.6085122650592817,-2.5277639649355628,53.27796265493168,,,,,,,,,,,,,,,,,,,,,,,,,,,,,,,,,,,,,,,,,,,,,,,,,,,,,,,,,,,,,,,,,,,,,,,,,,,,,,,,,,,,,,,,,,,,,,,,,,,,,,,,,,,,,,,,,,,,,,,,,,,,,,,,,,,,,,,,,,,,,,,,,,,,,,,,,,,,,,,,,,,,,,,,,,,,,,,,,,,,,,,,,,,,,,,,,,,,,,,,,,,,,,,,,,,,,,
688,PVC,SG,#6,-,MeOH_1,12768.920390899879,0.7628466629551013,1.8249573411986366,50000000,-0.38308111840564096,-0.5146891835432288,34.98731006139432,,,,,,,,,,,,,,,,,,,,,,,,,,,,,,,,,,,,,,,,,,,,,,,,,,,,,,,,,,,,,,,,,,,,,,,,,,,,,,,,,,,,,,,,,,,,,,,,,,,,,,,,,,,,,,,,,,,,,,,,,,,,,,,,,,,,,,,,,,,,,,,,,,,,,,,,,,,,,,,,,,,,,,,,,,,,,,,,,,,,,,,,,,,,,,,,,,,,,,,,,,,,,,,,,,,,,,
689,PVC,SG,#7,-,FT_1,17019.701523688713,0.8713346843246997,2.376028746652511,50000000,-0.4110025675512472,-0.7704335604624438,37.35357420742632,,,,,,,,,,,,,,,,,,,,,,,,,,,,,,,,,,,,,,,,,,,,,,,,,,,,,,,,,,,,,,,,,,,,,,,,,,,,,,,,,,,,,,,,,,,,,,,,,,,,,,,,,,,,,,,,,,,,,,,,,,,,,,,,,,,,,,,,,,,,,,,,,,,,,,,,,,,,,,,,,,,,,,,,,,,,,,,,,,,,,,,,,,,,,,,,,,,,,,,,,,,,,,,,,,,,,,
690,PVC,SG,#8,-,H2_1,108464.68600761429,0.7792938502716767,2.510215620857096,50000000,-0.04847218495929297,-0.6556108323476505,38.894403423204714,,,,,,,,,,,,,,,,,,,,,,,,,,,,,,,,,,,,,,,,,,,,,,,,,,,,,,,,,,,,,,,,,,,,,,,,,,,,,,,,,,,,,,,,,,,,,,,,,,,,,,,,,,,,,,,,,,,,,,,,,,,,,,,,,,,,,,,,,,,,,,,,,,,,,,,,,,,,,,,,,,,,,,,,,,,,,,,,,,,,,,,,,,,,,,,,,,,,,,,,,,,,,,,,,,,,,,
691,PVC,SG,#9,-,MeOH_1,12769.617819526895,0.9367788692464403,3.893391146028051,50000000,-0.5570095694680075,-2.5831167726883684,56.79891774139432,,,,,,,,,,,,,,,,,,,,,,,,,,,,,,,,,,,,,,,,,,,,,,,,,,,,,,,,,,,,,,,,,,,,,,,,,,,,,,,,,,,,,,,,,,,,,,,,,,,,,,,,,,,,,,,,,,,,,,,,,,,,,,,,,,,,,,,,,,,,,,,,,,,,,,,,,,,,,,,,,,,,,,,,,,,,,,,,,,,,,,,,,,,,,,,,,,,,,,,,,,,,,,,,,,,,,,
692,PVC,SG,#10,-,FT_1,17446.32755462353,1.0422803096642175,4.466610182465974,50000000,-0.5798659293123541,-2.8586838187754644,59.29079740742632,,,,,,,,,,,,,,,,,,,,,,,,,,,,,,,,,,,,,,,,,,,,,,,,,,,,,,,,,,,,,,,,,,,,,,,,,,,,,,,,,,,,,,,,,,,,,,,,,,,,,,,,,,,,,,,,,,,,,,,,,,,,,,,,,,,,,,,,,,,,,,,,,,,,,,,,,,,,,,,,,,,,,,,,,,,,,,,,,,,,,,,,,,,,,,,,,,,,,,,,,,,,,,,,,,,,,,
693,PVC,OG,#1,-,MeOH_1,3117.750831681755,0.6898078676496207,1.3813738714383186,50000000,-0.5673817806235796,-0.29427960097751454,18.613416900078747,,,,,,,,,,,,,,,,,,,,,,,,,,,,,,,,,,,,,,,,,,,,,,,,,,,,,,,,,,,,,,,,,,,,,,,,,,,,,,,,,,,,,,,,,,,,,,,,,,,,,,,,,,,,,,,,,,,,,,,,,,,,,,,,,,,,,,,,,,,,,,,,,,,,,,,,,,,,,,,,,,,,,,,,,,,,,,,,,,,,,,,,,,,,,,,,,,,,,,,,,,,,,,,,,,,,,,
694,PVC,OG,#2,-,FT_1,5928.478603734882,1.2827491675622278,1.5731123734529633,50000000,-0.8415485607346489,0.034474138007640986,34.18456922007874,,,,,,,,,,,,,,,,,,,,,,,,,,,,,,,,,,,,,,,,,,,,,,,,,,,,,,,,,,,,,,,,,,,,,,,,,,,,,,,,,,,,,,,,,,,,,,,,,,,,,,,,,,,,,,,,,,,,,,,,,,,,,,,,,,,,,,,,,,,,,,,,,,,,,,,,,,,,,,,,,,,,,,,,,,,,,,,,,,,,,,,,,,,,,,,,,,,,,,,,,,,,,,,,,,,,,,
695,PVC,OG,#3,-,H2_1,45571.87472408358,0.7102615825198547,1.0572215858264429,50000000,-0.38249770008239575,0.3006275705422804,23.556914238371533,,,,,,,,,,,,,,,,,,,,,,,,,,,,,,,,,,,,,,,,,,,,,,,,,,,,,,,,,,,,,,,,,,,,,,,,,,,,,,,,,,,,,,,,,,,,,,,,,,,,,,,,,,,,,,,,,,,,,,,,,,,,,,,,,,,,,,,,,,,,,,,,,,,,,,,,,,,,,,,,,,,,,,,,,,,,,,,,,,,,,,,,,,,,,,,,,,,,,,,,,,,,,,,,,,,,,,
696,PVC,OG,#4,-,MeOH_1,2847.8409594948125,0.8186652032566062,2.497964676258821,50000000,-0.7061205640409912,-1.4194598698150867,30.88100922007874,,,,,,,,,,,,,,,,,,,,,,,,,,,,,,,,,,,,,,,,,,,,,,,,,,,,,,,,,,,,,,,,,,,,,,,,,,,,,,,,,,,,,,,,,,,,,,,,,,,,,,,,,,,,,,,,,,,,,,,,,,,,,,,,,,,,,,,,,,,,,,,,,,,,,,,,,,,,,,,,,,,,,,,,,,,,,,,,,,,,,,,,,,,,,,,,,,,,,,,,,,,,,,,,,,,,,,
697,PVC,OG,#5,-,FT_1,23475.089507492903,1.688090232694026,4.035829720438596,50000000,-1.1549698910821178,-2.3165069036421615,63.03540074007874,,,,,,,,,,,,,,,,,,,,,,,,,,,,,,,,,,,,,,,,,,,,,,,,,,,,,,,,,,,,,,,,,,,,,,,,,,,,,,,,,,,,,,,,,,,,,,,,,,,,,,,,,,,,,,,,,,,,,,,,,,,,,,,,,,,,,,,,,,,,,,,,,,,,,,,,,,,,,,,,,,,,,,,,,,,,,,,,,,,,,,,,,,,,,,,,,,,,,,,,,,,,,,,,,,,,,,
698,PVC,OG,#6,-,MeOH_1,2642.988428554986,0.6866073715260858,0.8107699049045326,50000000,-0.5233113792518735,0.299151319952829,19.950742104113978,,,,,,,,,,,,,,,,,,,,,,,,,,,,,,,,,,,,,,,,,,,,,,,,,,,,,,,,,,,,,,,,,,,,,,,,,,,,,,,,,,,,,,,,,,,,,,,,,,,,,,,,,,,,,,,,,,,,,,,,,,,,,,,,,,,,,,,,,,,,,,,,,,,,,,,,,,,,,,,,,,,,,,,,,,,,,,,,,,,,,,,,,,,,,,,,,,,,,,,,,,,,,,,,,,,,,,
699,PVC,OG,#7,-,FT_1,9022.5063913644,1.0099557638437093,1.1364751347160191,50000000,-0.6843219631989749,0.2827355423239243,28.94746530411398,,,,,,,,,,,,,,,,,,,,,,,,,,,,,,,,,,,,,,,,,,,,,,,,,,,,,,,,,,,,,,,,,,,,,,,,,,,,,,,,,,,,,,,,,,,,,,,,,,,,,,,,,,,,,,,,,,,,,,,,,,,,,,,,,,,,,,,,,,,,,,,,,,,,,,,,,,,,,,,,,,,,,,,,,,,,,,,,,,,,,,,,,,,,,,,,,,,,,,,,,,,,,,,,,,,,,,
700,PVC,OG,#8,-,H2_1,48444.60424944502,0.7148855288387156,1.0210180681126837,50000000,-0.3643712184948553,0.3595211945212359,24.934495810327896,,,,,,,,,,,,,,,,,,,,,,,,,,,,,,,,,,,,,,,,,,,,,,,,,,,,,,,,,,,,,,,,,,,,,,,,,,,,,,,,,,,,,,,,,,,,,,,,,,,,,,,,,,,,,,,,,,,,,,,,,,,,,,,,,,,,,,,,,,,,,,,,,,,,,,,,,,,,,,,,,,,,,,,,,,,,,,,,,,,,,,,,,,,,,,,,,,,,,,,,,,,,,,,,,,,,,,
701,PVC,OG,#9,-,MeOH_1,2335.4419239297326,0.7799384462291766,2.0722990206266125,50000000,-0.6266919790041156,-0.9714624119765926,30.72029341611398,,,,,,,,,,,,,,,,,,,,,,,,,,,,,,,,,,,,,,,,,,,,,,,,,,,,,,,,,,,,,,,,,,,,,,,,,,,,,,,,,,,,,,,,,,,,,,,,,,,,,,,,,,,,,,,,,,,,,,,,,,,,,,,,,,,,,,,,,,,,,,,,,,,,,,,,,,,,,,,,,,,,,,,,,,,,,,,,,,,,,,,,,,,,,,,,,,,,,,,,,,,,,,,,,,,,,,
702,PVC,OG,#10,-,FT_1,15442.387296408764,1.1560830654711913,2.3124186033872736,50000000,-0.7918421824901353,-0.8467486557081384,42.04710498411397,,,,,,,,,,,,,,,,,,,,,,,,,,,,,,,,,,,,,,,,,,,,,,,,,,,,,,,,,,,,,,,,,,,,,,,,,,,,,,,,,,,,,,,,,,,,,,,,,,,,,,,,,,,,,,,,,,,,,,,,,,,,,,,,,,,,,,,,,,,,,,,,,,,,,,,,,,,,,,,,,,,,,,,,,,,,,,,,,,,,,,,,,,,,,,,,,,,,,,,,,,,,,,,,,,,,,,
703,PS,HT,#1,-,GASOLINE_1,0,1.4090988408502174,1.531773900195635,50000000,-0.5307715761655789,1.7024303958992903,65.88056956652426,,,,,,,,,,,,,,,,,,,,,,,,,,,,,,,,,,,,,,,,,,,,,,,,,,,,,,,,,,,,,,,,,,,,,,,,,,,,,,,,,,,,,,,,,,,,,,,,,,,,,,,,,,,,,,,,,,,,,,,,,,,,,,,,,,,,,,,,,,,,,,,,,,,,,,,,,,,,,,,,,,,,,,,,,,,,,,,,,,,,,,,,,,,,,,,,,,,,,,,,,,,,,,,,,,,,,,
704,PS,HT,#2,-,GASOLINE_1,4279.228926762134,1.40934152050177,2.1555991557421024,50000000,-0.6445845115410117,1.3075621132826052,71.74702843105656,,,,,,,,,,,,,,,,,,,,,,,,,,,,,,,,,,,,,,,,,,,,,,,,,,,,,,,,,,,,,,,,,,,,,,,,,,,,,,,,,,,,,,,,,,,,,,,,,,,,,,,,,,,,,,,,,,,,,,,,,,,,,,,,,,,,,,,,,,,,,,,,,,,,,,,,,,,,,,,,,,,,,,,,,,,,,,,,,,,,,,,,,,,,,,,,,,,,,,,,,,,,,,,,,,,,,,
705,PS,HT,#3,-,GASOLINE_1,36102.44587842954,1.5122864593164116,3.0183577885802566,50000000,-0.5608174532618174,0.3616534762778124,80.5314148825701,,,,,,,,,,,,,,,,,,,,,,,,,,,,,,,,,,,,,,,,,,,,,,,,,,,,,,,,,,,,,,,,,,,,,,,,,,,,,,,,,,,,,,,,,,,,,,,,,,,,,,,,,,,,,,,,,,,,,,,,,,,,,,,,,,,,,,,,,,,,,,,,,,,,,,,,,,,,,,,,,,,,,,,,,,,,,,,,,,,,,,,,,,,,,,,,,,,,,,,,,,,,,,,,,,,,,,
706,PS,HT,#4,-,GASOLINE_1,26776.026927478364,1.5771501537352435,3.3535542974827863,50000000,-0.6226327810965816,0.13256874806945293,83.45958622860212,,,,,,,,,,,,,,,,,,,,,,,,,,,,,,,,,,,,,,,,,,,,,,,,,,,,,,,,,,,,,,,,,,,,,,,,,,,,,,,,,,,,,,,,,,,,,,,,,,,,,,,,,,,,,,,,,,,,,,,,,,,,,,,,,,,,,,,,,,,,,,,,,,,,,,,,,,,,,,,,,,,,,,,,,,,,,,,,,,,,,,,,,,,,,,,,,,,,,,,,,,,,,,,,,,,,,,
707,PS,HT,#5,-,GASOLINE_1,85680.0918477412,1.5276946727752563,2.9266793304267535,50000000,-0.38857813433299726,0.7339903301282361,79.68754681878802,,,,,,,,,,,,,,,,,,,,,,,,,,,,,,,,,,,,,,,,,,,,,,,,,,,,,,,,,,,,,,,,,,,,,,,,,,,,,,,,,,,,,,,,,,,,,,,,,,,,,,,,,,,,,,,,,,,,,,,,,,,,,,,,,,,,,,,,,,,,,,,,,,,,,,,,,,,,,,,,,,,,,,,,,,,,,,,,,,,,,,,,,,,,,,,,,,,,,,,,,,,,,,,,,,,,,,
708,PS,HT,#6,-,MeOH_1,18593.034190077975,1.6794361137696219,4.3787941115299915,50000000,-0.7899431914508067,-1.102727133336735,97.0778404825701,,,,,,,,,,,,,,,,,,,,,,,,,,,,,,,,,,,,,,,,,,,,,,,,,,,,,,,,,,,,,,,,,,,,,,,,,,,,,,,,,,,,,,,,,,,,,,,,,,,,,,,,,,,,,,,,,,,,,,,,,,,,,,,,,,,,,,,,,,,,,,,,,,,,,,,,,,,,,,,,,,,,,,,,,,,,,,,,,,,,,,,,,,,,,,,,,,,,,,,,,,,,,,,,,,,,,,
709,PS,HT,#7,-,GASOLINE_1,25289.74453628219,1.7626662988672381,5.030281051811022,50000000,-0.8124479174200739,-1.5488956265024898,100.72848894860215,,,,,,,,,,,,,,,,,,,,,,,,,,,,,,,,,,,,,,,,,,,,,,,,,,,,,,,,,,,,,,,,,,,,,,,,,,,,,,,,,,,,,,,,,,,,,,,,,,,,,,,,,,,,,,,,,,,,,,,,,,,,,,,,,,,,,,,,,,,,,,,,,,,,,,,,,,,,,,,,,,,,,,,,,,,,,,,,,,,,,,,,,,,,,,,,,,,,,,,,,,,,,,,,,,,,,,
710,PS,HT,#8,-,Aromatics,0,1.1596289565521731,1.0924503298271817,50000000,-0.6559475201438295,2.3390982530782036,55.65288202818166,,,,,,,,,,,,,,,,,,,,,,,,,,,,,,,,,,,,,,,,,,,,,,,,,,,,,,,,,,,,,,,,,,,,,,,,,,,,,,,,,,,,,,,,,,,,,,,,,,,,,,,,,,,,,,,,,,,,,,,,,,,,,,,,,,,,,,,,,,,,,,,,,,,,,,,,,,,,,,,,,,,,,,,,,,,,,,,,,,,,,,,,,,,,,,,,,,,,,,,,,,,,,,,,,,,,,,
711,PS,HT,#9,-,Aromatics,645.6432256267498,1.1968446534234782,1.494936192884302,50000000,-0.6989879209117054,1.977565828986106,57.79364694794164,,,,,,,,,,,,,,,,,,,,,,,,,,,,,,,,,,,,,,,,,,,,,,,,,,,,,,,,,,,,,,,,,,,,,,,,,,,,,,,,,,,,,,,,,,,,,,,,,,,,,,,,,,,,,,,,,,,,,,,,,,,,,,,,,,,,,,,,,,,,,,,,,,,,,,,,,,,,,,,,,,,,,,,,,,,,,,,,,,,,,,,,,,,,,,,,,,,,,,,,,,,,,,,,,,,,,,
712,PS,LT,#1,-,GASOLINE_1,0,1.4222968026449028,1.476590091714593,50000000,-0.5328336879593375,1.7596327074647606,65.44101526225894,,,,,,,,,,,,,,,,,,,,,,,,,,,,,,,,,,,,,,,,,,,,,,,,,,,,,,,,,,,,,,,,,,,,,,,,,,,,,,,,,,,,,,,,,,,,,,,,,,,,,,,,,,,,,,,,,,,,,,,,,,,,,,,,,,,,,,,,,,,,,,,,,,,,,,,,,,,,,,,,,,,,,,,,,,,,,,,,,,,,,,,,,,,,,,,,,,,,,,,,,,,,,,,,,,,,,,
713,PS,LT,#2,-,GASOLINE_1,4488.18581924153,1.4240252446118804,2.0322511628359154,50000000,-0.5632568326575009,1.547366474614761,71.14678184017563,,,,,,,,,,,,,,,,,,,,,,,,,,,,,,,,,,,,,,,,,,,,,,,,,,,,,,,,,,,,,,,,,,,,,,,,,,,,,,,,,,,,,,,,,,,,,,,,,,,,,,,,,,,,,,,,,,,,,,,,,,,,,,,,,,,,,,,,,,,,,,,,,,,,,,,,,,,,,,,,,,,,,,,,,,,,,,,,,,,,,,,,,,,,,,,,,,,,,,,,,,,,,,,,,,,,,,
714,PS,LT,#3,-,GASOLINE_1,43732.4544551675,1.5560084590950776,3.1065062442657427,50000000,-0.5256917780492232,0.3455065200451031,81.59498231407154,,,,,,,,,,,,,,,,,,,,,,,,,,,,,,,,,,,,,,,,,,,,,,,,,,,,,,,,,,,,,,,,,,,,,,,,,,,,,,,,,,,,,,,,,,,,,,,,,,,,,,,,,,,,,,,,,,,,,,,,,,,,,,,,,,,,,,,,,,,,,,,,,,,,,,,,,,,,,,,,,,,,,,,,,,,,,,,,,,,,,,,,,,,,,,,,,,,,,,,,,,,,,,,,,,,,,,
715,PS,LT,#4,-,GASOLINE_1,27823.435458620013,1.627073184147643,3.405850334794448,50000000,-0.6186531683726033,0.11058322721950799,84.65115894010356,,,,,,,,,,,,,,,,,,,,,,,,,,,,,,,,,,,,,,,,,,,,,,,,,,,,,,,,,,,,,,,,,,,,,,,,,,,,,,,,,,,,,,,,,,,,,,,,,,,,,,,,,,,,,,,,,,,,,,,,,,,,,,,,,,,,,,,,,,,,,,,,,,,,,,,,,,,,,,,,,,,,,,,,,,,,,,,,,,,,,,,,,,,,,,,,,,,,,,,,,,,,,,,,,,,,,,
716,PS,LT,#5,-,GASOLINE_1,88357.67798831231,1.561658192711672,2.8691938242991055,50000000,-0.3576053925869118,0.8366707180741647,80.2261188692664,,,,,,,,,,,,,,,,,,,,,,,,,,,,,,,,,,,,,,,,,,,,,,,,,,,,,,,,,,,,,,,,,,,,,,,,,,,,,,,,,,,,,,,,,,,,,,,,,,,,,,,,,,,,,,,,,,,,,,,,,,,,,,,,,,,,,,,,,,,,,,,,,,,,,,,,,,,,,,,,,,,,,,,,,,,,,,,,,,,,,,,,,,,,,,,,,,,,,,,,,,,,,,,,,,,,,,
717,PS,LT,#6,-,MeOH_1,19209.4661869175,1.7206841795055607,4.409362332386946,50000000,-0.7778380955787105,-1.10296182573769,98.21219735407153,,,,,,,,,,,,,,,,,,,,,,,,,,,,,,,,,,,,,,,,,,,,,,,,,,,,,,,,,,,,,,,,,,,,,,,,,,,,,,,,,,,,,,,,,,,,,,,,,,,,,,,,,,,,,,,,,,,,,,,,,,,,,,,,,,,,,,,,,,,,,,,,,,,,,,,,,,,,,,,,,,,,,,,,,,,,,,,,,,,,,,,,,,,,,,,,,,,,,,,,,,,,,,,,,,,,,,
718,PS,LT,#7,-,GASOLINE_1,25563.816028417445,1.8051172377365488,5.074106606103976,50000000,-0.8046156855588193,-1.5653501207885119,101.90351126010357,,,,,,,,,,,,,,,,,,,,,,,,,,,,,,,,,,,,,,,,,,,,,,,,,,,,,,,,,,,,,,,,,,,,,,,,,,,,,,,,,,,,,,,,,,,,,,,,,,,,,,,,,,,,,,,,,,,,,,,,,,,,,,,,,,,,,,,,,,,,,,,,,,,,,,,,,,,,,,,,,,,,,,,,,,,,,,,,,,,,,,,,,,,,,,,,,,,,,,,,,,,,,,,,,,,,,,
719,PS,LT,#8,-,Aromatics,0,1.052611500684272,0.9893069664883944,50000000,-0.22538071412416782,2.9708031849057353,53.84353192850068,,,,,,,,,,,,,,,,,,,,,,,,,,,,,,,,,,,,,,,,,,,,,,,,,,,,,,,,,,,,,,,,,,,,,,,,,,,,,,,,,,,,,,,,,,,,,,,,,,,,,,,,,,,,,,,,,,,,,,,,,,,,,,,,,,,,,,,,,,,,,,,,,,,,,,,,,,,,,,,,,,,,,,,,,,,,,,,,,,,,,,,,,,,,,,,,,,,,,,,,,,,,,,,,,,,,,,
720,PS,LT,#9,-,Aromatics,1454.4161958472866,1.1199524643212457,1.4362888489759162,50000000,-0.3224696419862231,2.6513901641134003,56.796355064292676,,,,,,,,,,,,,,,,,,,,,,,,,,,,,,,,,,,,,,,,,,,,,,,,,,,,,,,,,,,,,,,,,,,,,,,,,,,,,,,,,,,,,,,,,,,,,,,,,,,,,,,,,,,,,,,,,,,,,,,,,,,,,,,,,,,,,,,,,,,,,,,,,,,,,,,,,,,,,,,,,,,,,,,,,,,,,,,,,,,,,,,,,,,,,,,,,,,,,,,,,,,,,,,,,,,,,,
721,PS,SG,#1,-,MeOH_1,34393.33900028468,0.8887511086477167,3.9537013765976323,50000000,-0.07510327090861964,-0.7744345658941916,77.71176083732654,,,,,,,,,,,,,,,,,,,,,,,,,,,,,,,,,,,,,,,,,,,,,,,,,,,,,,,,,,,,,,,,,,,,,,,,,,,,,,,,,,,,,,,,,,,,,,,,,,,,,,,,,,,,,,,,,,,,,,,,,,,,,,,,,,,,,,,,,,,,,,,,,,,,,,,,,,,,,,,,,,,,,,,,,,,,,,,,,,,,,,,,,,,,,,,,,,,,,,,,,,,,,,,,,,,,,,
722,PS,SG,#2,-,FT_1,13640.03888188283,1.0531658823333203,4.588528613569978,50000000,-0.08920414047787148,-0.7878748532393077,79.88735443732654,,,,,,,,,,,,,,,,,,,,,,,,,,,,,,,,,,,,,,,,,,,,,,,,,,,,,,,,,,,,,,,,,,,,,,,,,,,,,,,,,,,,,,,,,,,,,,,,,,,,,,,,,,,,,,,,,,,,,,,,,,,,,,,,,,,,,,,,,,,,,,,,,,,,,,,,,,,,,,,,,,,,,,,,,,,,,,,,,,,,,,,,,,,,,,,,,,,,,,,,,,,,,,,,,,,,,,
723,PS,SG,#3,-,H2_1,204941.38662706327,0.8209562351791501,4.585222893016057,50000000,0.5507658086387865,-0.4999194784494999,71.82709538062574,,,,,,,,,,,,,,,,,,,,,,,,,,,,,,,,,,,,,,,,,,,,,,,,,,,,,,,,,,,,,,,,,,,,,,,,,,,,,,,,,,,,,,,,,,,,,,,,,,,,,,,,,,,,,,,,,,,,,,,,,,,,,,,,,,,,,,,,,,,,,,,,,,,,,,,,,,,,,,,,,,,,,,,,,,,,,,,,,,,,,,,,,,,,,,,,,,,,,,,,,,,,,,,,,,,,,,
724,PS,SG,#4,-,MeOH_1,24592.62286245737,1.2438932016071984,8.309803115160461,50000000,-0.47816034747573444,-5.197645664008486,124.35406643732652,,,,,,,,,,,,,,,,,,,,,,,,,,,,,,,,,,,,,,,,,,,,,,,,,,,,,,,,,,,,,,,,,,,,,,,,,,,,,,,,,,,,,,,,,,,,,,,,,,,,,,,,,,,,,,,,,,,,,,,,,,,,,,,,,,,,,,,,,,,,,,,,,,,,,,,,,,,,,,,,,,,,,,,,,,,,,,,,,,,,,,,,,,,,,,,,,,,,,,,,,,,,,,,,,,,,,,
725,PS,SG,#5,-,FT_1,12331.794376326508,1.397234126530266,8.945633786063095,50000000,-0.44031991541487797,-5.152720595223425,126.24064627732655,,,,,,,,,,,,,,,,,,,,,,,,,,,,,,,,,,,,,,,,,,,,,,,,,,,,,,,,,,,,,,,,,,,,,,,,,,,,,,,,,,,,,,,,,,,,,,,,,,,,,,,,,,,,,,,,,,,,,,,,,,,,,,,,,,,,,,,,,,,,,,,,,,,,,,,,,,,,,,,,,,,,,,,,,,,,,,,,,,,,,,,,,,,,,,,,,,,,,,,,,,,,,,,,,,,,,,
726,PS,SG,#6,-,MeOH_1,43569.05574819599,0.8991672709892435,3.712023133929189,50000000,-0.014806599457503183,-0.4592289406348875,80.9172939450494,,,,,,,,,,,,,,,,,,,,,,,,,,,,,,,,,,,,,,,,,,,,,,,,,,,,,,,,,,,,,,,,,,,,,,,,,,,,,,,,,,,,,,,,,,,,,,,,,,,,,,,,,,,,,,,,,,,,,,,,,,,,,,,,,,,,,,,,,,,,,,,,,,,,,,,,,,,,,,,,,,,,,,,,,,,,,,,,,,,,,,,,,,,,,,,,,,,,,,,,,,,,,,,,,,,,,,
727,PS,SG,#7,-,FT_1,36946.37492815541,1.0694742274729399,4.806818489557282,50000000,-0.07469615976063906,-1.01019243081095,85.51616561108138,,,,,,,,,,,,,,,,,,,,,,,,,,,,,,,,,,,,,,,,,,,,,,,,,,,,,,,,,,,,,,,,,,,,,,,,,,,,,,,,,,,,,,,,,,,,,,,,,,,,,,,,,,,,,,,,,,,,,,,,,,,,,,,,,,,,,,,,,,,,,,,,,,,,,,,,,,,,,,,,,,,,,,,,,,,,,,,,,,,,,,,,,,,,,,,,,,,,,,,,,,,,,,,,,,,,,,
728,PS,SG,#8,-,H2_1,222824.49807650765,0.9066365394976652,5.283546527601112,50000000,0.5835278023815597,-1.0569942778908483,87.63362804431141,,,,,,,,,,,,,,,,,,,,,,,,,,,,,,,,,,,,,,,,,,,,,,,,,,,,,,,,,,,,,,,,,,,,,,,,,,,,,,,,,,,,,,,,,,,,,,,,,,,,,,,,,,,,,,,,,,,,,,,,,,,,,,,,,,,,,,,,,,,,,,,,,,,,,,,,,,,,,,,,,,,,,,,,,,,,,,,,,,,,,,,,,,,,,,,,,,,,,,,,,,,,,,,,,,,,,,
729,PS,SG,#9,-,MeOH_1,31366.463852523037,1.3496848034210358,8.212263957310592,50000000,-0.5114070792712383,-5.0357257698652935,129.13418034504937,,,,,,,,,,,,,,,,,,,,,,,,,,,,,,,,,,,,,,,,,,,,,,,,,,,,,,,,,,,,,,,,,,,,,,,,,,,,,,,,,,,,,,,,,,,,,,,,,,,,,,,,,,,,,,,,,,,,,,,,,,,,,,,,,,,,,,,,,,,,,,,,,,,,,,,,,,,,,,,,,,,,,,,,,,,,,,,,,,,,,,,,,,,,,,,,,,,,,,,,,,,,,,,,,,,,,,
730,PS,SG,#10,-,FT_1,36989.11014239271,1.5272025469297454,9.438827874812649,50000000,-0.5334458273226714,-5.642842798978654,134.2241435450494,,,,,,,,,,,,,,,,,,,,,,,,,,,,,,,,,,,,,,,,,,,,,,,,,,,,,,,,,,,,,,,,,,,,,,,,,,,,,,,,,,,,,,,,,,,,,,,,,,,,,,,,,,,,,,,,,,,,,,,,,,,,,,,,,,,,,,,,,,,,,,,,,,,,,,,,,,,,,,,,,,,,,,,,,,,,,,,,,,,,,,,,,,,,,,,,,,,,,,,,,,,,,,,,,,,,,,
731,PS,OG,#1,-,MeOH_1,7833.520723686747,0.8244411453144256,3.3704936177671696,50000000,-0.5362628930858165,-0.6966136806557116,53.7473936,,,,,,,,,,,,,,,,,,,,,,,,,,,,,,,,,,,,,,,,,,,,,,,,,,,,,,,,,,,,,,,,,,,,,,,,,,,,,,,,,,,,,,,,,,,,,,,,,,,,,,,,,,,,,,,,,,,,,,,,,,,,,,,,,,,,,,,,,,,,,,,,,,,,,,,,,,,,,,,,,,,,,,,,,,,,,,,,,,,,,,,,,,,,,,,,,,,,,,,,,,,,,,,,,,,,,,
732,PS,OG,#2,-,FT_1,46214.391035220746,2.482740408296724,4.428217526029058,50000000,-1.2779839491189626,-0.3190232340643826,101.6191344,,,,,,,,,,,,,,,,,,,,,,,,,,,,,,,,,,,,,,,,,,,,,,,,,,,,,,,,,,,,,,,,,,,,,,,,,,,,,,,,,,,,,,,,,,,,,,,,,,,,,,,,,,,,,,,,,,,,,,,,,,,,,,,,,,,,,,,,,,,,,,,,,,,,,,,,,,,,,,,,,,,,,,,,,,,,,,,,,,,,,,,,,,,,,,,,,,,,,,,,,,,,,,,,,,,,,,
733,PS,OG,#3,-,H2_1,99167.34106721575,0.813292750022382,2.2029270169541793,50000000,-0.0900176261610102,1.0469255441072345,53.75784738839299,,,,,,,,,,,,,,,,,,,,,,,,,,,,,,,,,,,,,,,,,,,,,,,,,,,,,,,,,,,,,,,,,,,,,,,,,,,,,,,,,,,,,,,,,,,,,,,,,,,,,,,,,,,,,,,,,,,,,,,,,,,,,,,,,,,,,,,,,,,,,,,,,,,,,,,,,,,,,,,,,,,,,,,,,,,,,,,,,,,,,,,,,,,,,,,,,,,,,,,,,,,,,,,,,,,,,,
734,PS,OG,#4,-,MeOH_1,7684.79122862649,1.0735774162540839,5.8708081679748,50000000,-0.7603038438348624,-3.1735362348536027,82.72375872,,,,,,,,,,,,,,,,,,,,,,,,,,,,,,,,,,,,,,,,,,,,,,,,,,,,,,,,,,,,,,,,,,,,,,,,,,,,,,,,,,,,,,,,,,,,,,,,,,,,,,,,,,,,,,,,,,,,,,,,,,,,,,,,,,,,,,,,,,,,,,,,,,,,,,,,,,,,,,,,,,,,,,,,,,,,,,,,,,,,,,,,,,,,,,,,,,,,,,,,,,,,,,,,,,,,,,
735,PS,OG,#5,-,FT_1,15805.266598152064,2.4023077900998864,6.577741460424254,50000000,-1.3474221264294497,-2.6532020106367327,119.83336784,,,,,,,,,,,,,,,,,,,,,,,,,,,,,,,,,,,,,,,,,,,,,,,,,,,,,,,,,,,,,,,,,,,,,,,,,,,,,,,,,,,,,,,,,,,,,,,,,,,,,,,,,,,,,,,,,,,,,,,,,,,,,,,,,,,,,,,,,,,,,,,,,,,,,,,,,,,,,,,,,,,,,,,,,,,,,,,,,,,,,,,,,,,,,,,,,,,,,,,,,,,,,,,,,,,,,,
736,PS,OG,#6,-,MeOH_1,6832.186556443498,0.8001715879173781,1.797987247189005,50000000,-0.380728987788668,0.9616615645564947,54.76427531555752,,,,,,,,,,,,,,,,,,,,,,,,,,,,,,,,,,,,,,,,,,,,,,,,,,,,,,,,,,,,,,,,,,,,,,,,,,,,,,,,,,,,,,,,,,,,,,,,,,,,,,,,,,,,,,,,,,,,,,,,,,,,,,,,,,,,,,,,,,,,,,,,,,,,,,,,,,,,,,,,,,,,,,,,,,,,,,,,,,,,,,,,,,,,,,,,,,,,,,,,,,,,,,,,,,,,,,
737,PS,OG,#7,-,FT_1,8224.334543489074,1.3147866605095824,2.3050951710087197,50000000,-0.6029447036463351,1.0862351166239999,69.39587467555754,,,,,,,,,,,,,,,,,,,,,,,,,,,,,,,,,,,,,,,,,,,,,,,,,,,,,,,,,,,,,,,,,,,,,,,,,,,,,,,,,,,,,,,,,,,,,,,,,,,,,,,,,,,,,,,,,,,,,,,,,,,,,,,,,,,,,,,,,,,,,,,,,,,,,,,,,,,,,,,,,,,,,,,,,,,,,,,,,,,,,,,,,,,,,,,,,,,,,,,,,,,,,,,,,,,,,,
738,PS,OG,#8,-,H2_1,107447.06893631129,0.835440764529389,2.4500280477675824,50000000,-0.05656656178087573,0.8652215176195511,62.7802188715777,,,,,,,,,,,,,,,,,,,,,,,,,,,,,,,,,,,,,,,,,,,,,,,,,,,,,,,,,,,,,,,,,,,,,,,,,,,,,,,,,,,,,,,,,,,,,,,,,,,,,,,,,,,,,,,,,,,,,,,,,,,,,,,,,,,,,,,,,,,,,,,,,,,,,,,,,,,,,,,,,,,,,,,,,,,,,,,,,,,,,,,,,,,,,,,,,,,,,,,,,,,,,,,,,,,,,,
739,PS,OG,#9,-,MeOH_1,5644.317628643768,0.9877878402335792,4.244468230175231,50000000,-0.5960838063160954,-1.5161137485765341,81.16730619555753,,,,,,,,,,,,,,,,,,,,,,,,,,,,,,,,,,,,,,,,,,,,,,,,,,,,,,,,,,,,,,,,,,,,,,,,,,,,,,,,,,,,,,,,,,,,,,,,,,,,,,,,,,,,,,,,,,,,,,,,,,,,,,,,,,,,,,,,,,,,,,,,,,,,,,,,,,,,,,,,,,,,,,,,,,,,,,,,,,,,,,,,,,,,,,,,,,,,,,,,,,,,,,,,,,,,,,
740,PS,OG,#10,-,FT_1,5608.814275755682,1.4458494415077066,4.736842451604328,50000000,-0.7404537945979881,-1.3524594303433433,94.07406475555754,,,,,,,,,,,,,,,,,,,,,,,,,,,,,,,,,,,,,,,,,,,,,,,,,,,,,,,,,,,,,,,,,,,,,,,,,,,,,,,,,,,,,,,,,,,,,,,,,,,,,,,,,,,,,,,,,,,,,,,,,,,,,,,,,,,,,,,,,,,,,,,,,,,,,,,,,,,,,,,,,,,,,,,,,,,,,,,,,,,,,,,,,,,,,,,,,,,,,,,,,,,,,,,,,,,,,,
741,PE,HT,#1,#1,MeOH_1,50425.40032630654,1.0789817648441573,2.64850214340851,50000000,-0.04004588366387779,0.44984359742782326,75.02553626578532,,,,,,,,,,,,,,,,,,,,,,,,,,,,,,,,,,,,,,,,,,,,,,,,,,,,,,,,,,,,,,,,,,,,,,,,,,,,,,,,,,,,,,,,,,,,,,,,,,,,,,,,,,,,,,,,,,,,,,,,,,,,,,,,,,,,,,,,,,,,,,,,,,,,,,,,,,,,,,,,,,,,,,,,,,,,,,,,,,,,,,,,,,,,,,,,,,,,,,,,,,,,,,,,,,,,,,
742,PE,HT,#1,#2,FT_1,47607.14645047431,1.1932372879730486,3.4195076246383236,50000000,-0.0726550079140766,0.01922371847500205,81.7509647318173,,,,,,,,,,,,,,,,,,,,,,,,,,,,,,,,,,,,,,,,,,,,,,,,,,,,,,,,,,,,,,,,,,,,,,,,,,,,,,,,,,,,,,,,,,,,,,,,,,,,,,,,,,,,,,,,,,,,,,,,,,,,,,,,,,,,,,,,,,,,,,,,,,,,,,,,,,,,,,,,,,,,,,,,,,,,,,,,,,,,,,,,,,,,,,,,,,,,,,,,,,,,,,,,,,,,,,
743,PE,HT,#1,#3,DIESEL_1,151849.9668880414,1.1049304231754196,2.8953461532868157,50000000,0.2722349232686737,0.7557794316413152,73.20069846714527,,,,,,,,,,,,,,,,,,,,,,,,,,,,,,,,,,,,,,,,,,,,,,,,,,,,,,,,,,,,,,,,,,,,,,,,,,,,,,,,,,,,,,,,,,,,,,,,,,,,,,,,,,,,,,,,,,,,,,,,,,,,,,,,,,,,,,,,,,,,,,,,,,,,,,,,,,,,,,,,,,,,,,,,,,,,,,,,,,,,,,,,,,,,,,,,,,,,,,,,,,,,,,,,,,,,,,
744,PE,HT,#1,#4,MeOH_1,32347.738529791855,1.3624407844567228,5.215596496051023,50000000,-0.3899381401909056,-2.2236388115127803,104.9146562657853,,,,,,,,,,,,,,,,,,,,,,,,,,,,,,,,,,,,,,,,,,,,,,,,,,,,,,,,,,,,,,,,,,,,,,,,,,,,,,,,,,,,,,,,,,,,,,,,,,,,,,,,,,,,,,,,,,,,,,,,,,,,,,,,,,,,,,,,,,,,,,,,,,,,,,,,,,,,,,,,,,,,,,,,,,,,,,,,,,,,,,,,,,,,,,,,,,,,,,,,,,,,,,,,,,,,,,
745,PE,HT,#1,#5,FT_1,46279.83075049178,1.506295095641017,6.3945420754465845,50000000,-0.39020640680463453,-2.9591119376071275,112.05916633181731,,,,,,,,,,,,,,,,,,,,,,,,,,,,,,,,,,,,,,,,,,,,,,,,,,,,,,,,,,,,,,,,,,,,,,,,,,,,,,,,,,,,,,,,,,,,,,,,,,,,,,,,,,,,,,,,,,,,,,,,,,,,,,,,,,,,,,,,,,,,,,,,,,,,,,,,,,,,,,,,,,,,,,,,,,,,,,,,,,,,,,,,,,,,,,,,,,,,,,,,,,,,,,,,,,,,,,
746,PE,HT,#1,#6,Olefin,3190.446430903371,0.9434306116247967,1.2226337996493795,50000000,-0.26669543425161735,1.9214336092949411,61.76614021449375,,,,,,,,,,,,,,,,,,,,,,,,,,,,,,,,,,,,,,,,,,,,,,,,,,,,,,,,,,,,,,,,,,,,,,,,,,,,,,,,,,,,,,,,,,,,,,,,,,,,,,,,,,,,,,,,,,,,,,,,,,,,,,,,,,,,,,,,,,,,,,,,,,,,,,,,,,,,,,,,,,,,,,,,,,,,,,,,,,,,,,,,,,,,,,,,,,,,,,,,,,,,,,,,,,,,,,
747,PE,HT,#1,#7,MeOH_1,55197.7736938933,1.0834681226686897,2.6920431149875914,50000000,-0.026412660842535587,0.43682740745089027,76.0405189598677,,,,,,,,,,,,,,,,,,,,,,,,,,,,,,,,,,,,,,,,,,,,,,,,,,,,,,,,,,,,,,,,,,,,,,,,,,,,,,,,,,,,,,,,,,,,,,,,,,,,,,,,,,,,,,,,,,,,,,,,,,,,,,,,,,,,,,,,,,,,,,,,,,,,,,,,,,,,,,,,,,,,,,,,,,,,,,,,,,,,,,,,,,,,,,,,,,,,,,,,,,,,,,,,,,,,,,
748,PE,HT,#1,#8,FT_1,48568.52021838761,1.2180277943003748,3.523332812530191,50000000,-0.10033018615206472,-0.09165101005581826,83.18128022589968,,,,,,,,,,,,,,,,,,,,,,,,,,,,,,,,,,,,,,,,,,,,,,,,,,,,,,,,,,,,,,,,,,,,,,,,,,,,,,,,,,,,,,,,,,,,,,,,,,,,,,,,,,,,,,,,,,,,,,,,,,,,,,,,,,,,,,,,,,,,,,,,,,,,,,,,,,,,,,,,,,,,,,,,,,,,,,,,,,,,,,,,,,,,,,,,,,,,,,,,,,,,,,,,,,,,,,
749,PE,HT,#1,#9,DIESEL_1,155179.20089240046,1.1304814641764072,2.937975459696716,50000000,0.27163760896352185,0.7394459086226853,74.93275572773791,,,,,,,,,,,,,,,,,,,,,,,,,,,,,,,,,,,,,,,,,,,,,,,,,,,,,,,,,,,,,,,,,,,,,,,,,,,,,,,,,,,,,,,,,,,,,,,,,,,,,,,,,,,,,,,,,,,,,,,,,,,,,,,,,,,,,,,,,,,,,,,,,,,,,,,,,,,,,,,,,,,,,,,,,,,,,,,,,,,,,,,,,,,,,,,,,,,,,,,,,,,,,,,,,,,,,,
750,PE,HT,#1,#10,MeOH_1,33329.41972004569,1.4080100985482404,5.561507757584168,50000000,-0.42925966145031197,-2.561957818892543,109.36027095986766,,,,,,,,,,,,,,,,,,,,,,,,,,,,,,,,,,,,,,,,,,,,,,,,,,,,,,,,,,,,,,,,,,,,,,,,,,,,,,,,,,,,,,,,,,,,,,,,,,,,,,,,,,,,,,,,,,,,,,,,,,,,,,,,,,,,,,,,,,,,,,,,,,,,,,,,,,,,,,,,,,,,,,,,,,,,,,,,,,,,,,,,,,,,,,,,,,,,,,,,,,,,,,,,,,,,,,
751,PE,HT,#1,#11,FT_1,46885.16088257618,1.5558621232852528,6.768610375503572,50000000,-0.4443748960538859,-3.341639135821588,116.27753462589968,,,,,,,,,,,,,,,,,,,,,,,,,,,,,,,,,,,,,,,,,,,,,,,,,,,,,,,,,,,,,,,,,,,,,,,,,,,,,,,,,,,,,,,,,,,,,,,,,,,,,,,,,,,,,,,,,,,,,,,,,,,,,,,,,,,,,,,,,,,,,,,,,,,,,,,,,,,,,,,,,,,,,,,,,,,,,,,,,,,,,,,,,,,,,,,,,,,,,,,,,,,,,,,,,,,,,,
752,PE,HT,#2,#1,MeOH_1,50425.40032630654,1.1718239195386462,3.100427489753121,50000000,-0.15291717491167545,0.13982171076639116,79.45125926434532,,,,,,,,,,,,,,,,,,,,,,,,,,,,,,,,,,,,,,,,,,,,,,,,,,,,,,,,,,,,,,,,,,,,,,,,,,,,,,,,,,,,,,,,,,,,,,,,,,,,,,,,,,,,,,,,,,,,,,,,,,,,,,,,,,,,,,,,,,,,,,,,,,,,,,,,,,,,,,,,,,,,,,,,,,,,,,,,,,,,,,,,,,,,,,,,,,,,,,,,,,,,,,,,,,,,,,
753,PE,HT,#2,#2,FT_1,47607.14645047431,1.286079442667536,3.8714329709829354,50000000,-0.1855262991618724,-0.2907981681864306,86.17668773037731,,,,,,,,,,,,,,,,,,,,,,,,,,,,,,,,,,,,,,,,,,,,,,,,,,,,,,,,,,,,,,,,,,,,,,,,,,,,,,,,,,,,,,,,,,,,,,,,,,,,,,,,,,,,,,,,,,,,,,,,,,,,,,,,,,,,,,,,,,,,,,,,,,,,,,,,,,,,,,,,,,,,,,,,,,,,,,,,,,,,,,,,,,,,,,,,,,,,,,,,,,,,,,,,,,,,,,
754,PE,HT,#2,#3,H2_1,151849.9668880414,1.1977725778699069,3.347271499631427,50000000,0.15936363202087747,0.44575754497988285,77.62642146570528,,,,,,,,,,,,,,,,,,,,,,,,,,,,,,,,,,,,,,,,,,,,,,,,,,,,,,,,,,,,,,,,,,,,,,,,,,,,,,,,,,,,,,,,,,,,,,,,,,,,,,,,,,,,,,,,,,,,,,,,,,,,,,,,,,,,,,,,,,,,,,,,,,,,,,,,,,,,,,,,,,,,,,,,,,,,,,,,,,,,,,,,,,,,,,,,,,,,,,,,,,,,,,,,,,,,,,
755,PE,HT,#2,#4,MeOH_1,32347.738529791855,1.4552829391512114,5.667521842395636,50000000,-0.502809431438703,-2.5336606981742147,109.3403792643453,,,,,,,,,,,,,,,,,,,,,,,,,,,,,,,,,,,,,,,,,,,,,,,,,,,,,,,,,,,,,,,,,,,,,,,,,,,,,,,,,,,,,,,,,,,,,,,,,,,,,,,,,,,,,,,,,,,,,,,,,,,,,,,,,,,,,,,,,,,,,,,,,,,,,,,,,,,,,,,,,,,,,,,,,,,,,,,,,,,,,,,,,,,,,,,,,,,,,,,,,,,,,,,,,,,,,,
756,PE,HT,#2,#5,FT_1,46279.83075049178,1.599137250335506,6.846467421791197,50000000,-0.5030776980524321,-3.2691338242685615,116.48488933037731,,,,,,,,,,,,,,,,,,,,,,,,,,,,,,,,,,,,,,,,,,,,,,,,,,,,,,,,,,,,,,,,,,,,,,,,,,,,,,,,,,,,,,,,,,,,,,,,,,,,,,,,,,,,,,,,,,,,,,,,,,,,,,,,,,,,,,,,,,,,,,,,,,,,,,,,,,,,,,,,,,,,,,,,,,,,,,,,,,,,,,,,,,,,,,,,,,,,,,,,,,,,,,,,,,,,,,
757,PE,HT,#2,#6,Olefin,3190.446430903371,1.0362727663192854,1.67455914599399,50000000,-0.3795667254994147,1.6114117226335094,66.19186321305375,,,,,,,,,,,,,,,,,,,,,,,,,,,,,,,,,,,,,,,,,,,,,,,,,,,,,,,,,,,,,,,,,,,,,,,,,,,,,,,,,,,,,,,,,,,,,,,,,,,,,,,,,,,,,,,,,,,,,,,,,,,,,,,,,,,,,,,,,,,,,,,,,,,,,,,,,,,,,,,,,,,,,,,,,,,,,,,,,,,,,,,,,,,,,,,,,,,,,,,,,,,,,,,,,,,,,,
758,PE,HT,#2,#7,MeOH_1,55197.7736938933,1.1763102773631773,3.143968461332202,50000000,-0.13928395209033184,0.12680552078945845,80.4662419584277,,,,,,,,,,,,,,,,,,,,,,,,,,,,,,,,,,,,,,,,,,,,,,,,,,,,,,,,,,,,,,,,,,,,,,,,,,,,,,,,,,,,,,,,,,,,,,,,,,,,,,,,,,,,,,,,,,,,,,,,,,,,,,,,,,,,,,,,,,,,,,,,,,,,,,,,,,,,,,,,,,,,,,,,,,,,,,,,,,,,,,,,,,,,,,,,,,,,,,,,,,,,,,,,,,,,,,
759,PE,HT,#2,#8,FT_1,48568.52021838761,1.310869948994862,3.975258158874802,50000000,-0.21320147739986084,-0.40167289671725037,87.60700322445969,,,,,,,,,,,,,,,,,,,,,,,,,,,,,,,,,,,,,,,,,,,,,,,,,,,,,,,,,,,,,,,,,,,,,,,,,,,,,,,,,,,,,,,,,,,,,,,,,,,,,,,,,,,,,,,,,,,,,,,,,,,,,,,,,,,,,,,,,,,,,,,,,,,,,,,,,,,,,,,,,,,,,,,,,,,,,,,,,,,,,,,,,,,,,,,,,,,,,,,,,,,,,,,,,,,,,,
760,PE,HT,#2,#9,H2_1,155179.20089240046,1.2233236188708947,3.3899008060413265,50000000,0.1587663177157256,0.42942402196125357,79.35847872629789,,,,,,,,,,,,,,,,,,,,,,,,,,,,,,,,,,,,,,,,,,,,,,,,,,,,,,,,,,,,,,,,,,,,,,,,,,,,,,,,,,,,,,,,,,,,,,,,,,,,,,,,,,,,,,,,,,,,,,,,,,,,,,,,,,,,,,,,,,,,,,,,,,,,,,,,,,,,,,,,,,,,,,,,,,,,,,,,,,,,,,,,,,,,,,,,,,,,,,,,,,,,,,,,,,,,,,
761,PE,HT,#2,#10,MeOH_1,33329.41972004569,1.5008522532427282,6.01343310392878,50000000,-0.5421309526981086,-2.8719797055539775,113.7859939584277,,,,,,,,,,,,,,,,,,,,,,,,,,,,,,,,,,,,,,,,,,,,,,,,,,,,,,,,,,,,,,,,,,,,,,,,,,,,,,,,,,,,,,,,,,,,,,,,,,,,,,,,,,,,,,,,,,,,,,,,,,,,,,,,,,,,,,,,,,,,,,,,,,,,,,,,,,,,,,,,,,,,,,,,,,,,,,,,,,,,,,,,,,,,,,,,,,,,,,,,,,,,,,,,,,,,,,
762,PE,HT,#2,#11,FT_1,46885.16088257618,1.6487042779797396,7.220535721848184,50000000,-0.5572461873016817,-3.651661022483021,120.70325762445968,,,,,,,,,,,,,,,,,,,,,,,,,,,,,,,,,,,,,,,,,,,,,,,,,,,,,,,,,,,,,,,,,,,,,,,,,,,,,,,,,,,,,,,,,,,,,,,,,,,,,,,,,,,,,,,,,,,,,,,,,,,,,,,,,,,,,,,,,,,,,,,,,,,,,,,,,,,,,,,,,,,,,,,,,,,,,,,,,,,,,,,,,,,,,,,,,,,,,,,,,,,,,,,,,,,,,,
763,PE,HT,#3,#1,MeOH_1,78395.77257611656,1.2547963000472764,3.801409519169051,50000000,-0.09032113861700908,-0.5544794415007186,86.6665201561461,,,,,,,,,,,,,,,,,,,,,,,,,,,,,,,,,,,,,,,,,,,,,,,,,,,,,,,,,,,,,,,,,,,,,,,,,,,,,,,,,,,,,,,,,,,,,,,,,,,,,,,,,,,,,,,,,,,,,,,,,,,,,,,,,,,,,,,,,,,,,,,,,,,,,,,,,,,,,,,,,,,,,,,,,,,,,,,,,,,,,,,,,,,,,,,,,,,,,,,,,,,,,,,,,,,,,,
764,PE,HT,#3,#2,FT_1,75577.51870028433,1.3690518231761677,4.572415000398865,50000000,-0.12293026286720789,-0.9850993204535404,93.39194862217806,,,,,,,,,,,,,,,,,,,,,,,,,,,,,,,,,,,,,,,,,,,,,,,,,,,,,,,,,,,,,,,,,,,,,,,,,,,,,,,,,,,,,,,,,,,,,,,,,,,,,,,,,,,,,,,,,,,,,,,,,,,,,,,,,,,,,,,,,,,,,,,,,,,,,,,,,,,,,,,,,,,,,,,,,,,,,,,,,,,,,,,,,,,,,,,,,,,,,,,,,,,,,,,,,,,,,,
765,PE,HT,#3,#3,H2_1,179820.33913785146,1.2807449583785389,4.048253529047357,50000000,0.22195966831554245,-0.24854360728722663,84.84168235750604,,,,,,,,,,,,,,,,,,,,,,,,,,,,,,,,,,,,,,,,,,,,,,,,,,,,,,,,,,,,,,,,,,,,,,,,,,,,,,,,,,,,,,,,,,,,,,,,,,,,,,,,,,,,,,,,,,,,,,,,,,,,,,,,,,,,,,,,,,,,,,,,,,,,,,,,,,,,,,,,,,,,,,,,,,,,,,,,,,,,,,,,,,,,,,,,,,,,,,,,,,,,,,,,,,,,,,
766,PE,HT,#3,#4,MeOH_1,60318.11077960188,1.5382553196598416,6.368503871811564,50000000,-0.44021339514403696,-3.2279618504413223,116.55564015614608,,,,,,,,,,,,,,,,,,,,,,,,,,,,,,,,,,,,,,,,,,,,,,,,,,,,,,,,,,,,,,,,,,,,,,,,,,,,,,,,,,,,,,,,,,,,,,,,,,,,,,,,,,,,,,,,,,,,,,,,,,,,,,,,,,,,,,,,,,,,,,,,,,,,,,,,,,,,,,,,,,,,,,,,,,,,,,,,,,,,,,,,,,,,,,,,,,,,,,,,,,,,,,,,,,,,,,
767,PE,HT,#3,#5,FT_1,74250.2030003018,1.6821096308441366,7.547449451207125,50000000,-0.4404816617577663,-3.9634349765356696,123.70015022217805,,,,,,,,,,,,,,,,,,,,,,,,,,,,,,,,,,,,,,,,,,,,,,,,,,,,,,,,,,,,,,,,,,,,,,,,,,,,,,,,,,,,,,,,,,,,,,,,,,,,,,,,,,,,,,,,,,,,,,,,,,,,,,,,,,,,,,,,,,,,,,,,,,,,,,,,,,,,,,,,,,,,,,,,,,,,,,,,,,,,,,,,,,,,,,,,,,,,,,,,,,,,,,,,,,,,,,
768,PE,HT,#3,#6,Olefin,31160.818680713393,1.1192451468279156,2.375541175409921,50000000,-0.31697068920474863,0.9171105703663986,73.40712410485453,,,,,,,,,,,,,,,,,,,,,,,,,,,,,,,,,,,,,,,,,,,,,,,,,,,,,,,,,,,,,,,,,,,,,,,,,,,,,,,,,,,,,,,,,,,,,,,,,,,,,,,,,,,,,,,,,,,,,,,,,,,,,,,,,,,,,,,,,,,,,,,,,,,,,,,,,,,,,,,,,,,,,,,,,,,,,,,,,,,,,,,,,,,,,,,,,,,,,,,,,,,,,,,,,,,,,,
769,PE,HT,#3,#7,MeOH_1,83168.14594370333,1.2592826578718086,3.844950490748131,50000000,-0.07668791579566686,-0.5674956314776501,87.6815028502285,,,,,,,,,,,,,,,,,,,,,,,,,,,,,,,,,,,,,,,,,,,,,,,,,,,,,,,,,,,,,,,,,,,,,,,,,,,,,,,,,,,,,,,,,,,,,,,,,,,,,,,,,,,,,,,,,,,,,,,,,,,,,,,,,,,,,,,,,,,,,,,,,,,,,,,,,,,,,,,,,,,,,,,,,,,,,,,,,,,,,,,,,,,,,,,,,,,,,,,,,,,,,,,,,,,,,,
770,PE,HT,#3,#8,FT_1,76538.89246819762,1.3938423295034936,4.676240188290731,50000000,-0.150605441105196,-1.0959740489843592,94.82226411626047,,,,,,,,,,,,,,,,,,,,,,,,,,,,,,,,,,,,,,,,,,,,,,,,,,,,,,,,,,,,,,,,,,,,,,,,,,,,,,,,,,,,,,,,,,,,,,,,,,,,,,,,,,,,,,,,,,,,,,,,,,,,,,,,,,,,,,,,,,,,,,,,,,,,,,,,,,,,,,,,,,,,,,,,,,,,,,,,,,,,,,,,,,,,,,,,,,,,,,,,,,,,,,,,,,,,,,
771,PE,HT,#3,#9,H2_1,183149.5731422105,1.3062959993795265,4.090882835457257,50000000,0.22136235401039014,-0.26487713030585647,86.57373961809868,,,,,,,,,,,,,,,,,,,,,,,,,,,,,,,,,,,,,,,,,,,,,,,,,,,,,,,,,,,,,,,,,,,,,,,,,,,,,,,,,,,,,,,,,,,,,,,,,,,,,,,,,,,,,,,,,,,,,,,,,,,,,,,,,,,,,,,,,,,,,,,,,,,,,,,,,,,,,,,,,,,,,,,,,,,,,,,,,,,,,,,,,,,,,,,,,,,,,,,,,,,,,,,,,,,,,,
772,PE,HT,#3,#10,MeOH_1,61299.79196985571,1.583824633751359,6.714415133344708,50000000,-0.479534916403443,-3.5662808578210856,121.00125485022845,,,,,,,,,,,,,,,,,,,,,,,,,,,,,,,,,,,,,,,,,,,,,,,,,,,,,,,,,,,,,,,,,,,,,,,,,,,,,,,,,,,,,,,,,,,,,,,,,,,,,,,,,,,,,,,,,,,,,,,,,,,,,,,,,,,,,,,,,,,,,,,,,,,,,,,,,,,,,,,,,,,,,,,,,,,,,,,,,,,,,,,,,,,,,,,,,,,,,,,,,,,,,,,,,,,,,,
773,PE,HT,#3,#11,FT_1,74855.5331323862,1.7316766584883716,7.921517751264113,50000000,-0.4946501510070172,-4.34596217475013,127.91851851626048,,,,,,,,,,,,,,,,,,,,,,,,,,,,,,,,,,,,,,,,,,,,,,,,,,,,,,,,,,,,,,,,,,,,,,,,,,,,,,,,,,,,,,,,,,,,,,,,,,,,,,,,,,,,,,,,,,,,,,,,,,,,,,,,,,,,,,,,,,,,,,,,,,,,,,,,,,,,,,,,,,,,,,,,,,,,,,,,,,,,,,,,,,,,,,,,,,,,,,,,,,,,,,,,,,,,,,
774,PE,HT,#4,#1,MeOH_1,66620.52471866885,1.3074977678279507,3.98800386807172,50000000,-0.16834631187339158,-0.7228872024524924,88.8766649421781,,,,,,,,,,,,,,,,,,,,,,,,,,,,,,,,,,,,,,,,,,,,,,,,,,,,,,,,,,,,,,,,,,,,,,,,,,,,,,,,,,,,,,,,,,,,,,,,,,,,,,,,,,,,,,,,,,,,,,,,,,,,,,,,,,,,,,,,,,,,,,,,,,,,,,,,,,,,,,,,,,,,,,,,,,,,,,,,,,,,,,,,,,,,,,,,,,,,,,,,,,,,,,,,,,,,,,
775,PE,HT,#4,#2,FT_1,63802.270842836624,1.4217532909568418,4.759009349301534,50000000,-0.2009554361235901,-1.1535070814053139,95.60209340821008,,,,,,,,,,,,,,,,,,,,,,,,,,,,,,,,,,,,,,,,,,,,,,,,,,,,,,,,,,,,,,,,,,,,,,,,,,,,,,,,,,,,,,,,,,,,,,,,,,,,,,,,,,,,,,,,,,,,,,,,,,,,,,,,,,,,,,,,,,,,,,,,,,,,,,,,,,,,,,,,,,,,,,,,,,,,,,,,,,,,,,,,,,,,,,,,,,,,,,,,,,,,,,,,,,,,,,
776,PE,HT,#4,#3,H2_1,168045.09128040372,1.333446426159213,4.234847877950025,50000000,0.1439344950591598,-0.41695136823900014,87.05182714353805,,,,,,,,,,,,,,,,,,,,,,,,,,,,,,,,,,,,,,,,,,,,,,,,,,,,,,,,,,,,,,,,,,,,,,,,,,,,,,,,,,,,,,,,,,,,,,,,,,,,,,,,,,,,,,,,,,,,,,,,,,,,,,,,,,,,,,,,,,,,,,,,,,,,,,,,,,,,,,,,,,,,,,,,,,,,,,,,,,,,,,,,,,,,,,,,,,,,,,,,,,,,,,,,,,,,,,
777,PE,HT,#4,#4,MeOH_1,48542.86292215416,1.5909567874405162,6.555098220714232,50000000,-0.5182385684004196,-3.3963696113930952,118.7657849421781,,,,,,,,,,,,,,,,,,,,,,,,,,,,,,,,,,,,,,,,,,,,,,,,,,,,,,,,,,,,,,,,,,,,,,,,,,,,,,,,,,,,,,,,,,,,,,,,,,,,,,,,,,,,,,,,,,,,,,,,,,,,,,,,,,,,,,,,,,,,,,,,,,,,,,,,,,,,,,,,,,,,,,,,,,,,,,,,,,,,,,,,,,,,,,,,,,,,,,,,,,,,,,,,,,,,,,
778,PE,HT,#4,#5,FT_1,62474.955142854094,1.7348110986248102,7.734043800109795,50000000,-0.5185068350141484,-4.131842737487443,125.91029500821008,,,,,,,,,,,,,,,,,,,,,,,,,,,,,,,,,,,,,,,,,,,,,,,,,,,,,,,,,,,,,,,,,,,,,,,,,,,,,,,,,,,,,,,,,,,,,,,,,,,,,,,,,,,,,,,,,,,,,,,,,,,,,,,,,,,,,,,,,,,,,,,,,,,,,,,,,,,,,,,,,,,,,,,,,,,,,,,,,,,,,,,,,,,,,,,,,,,,,,,,,,,,,,,,,,,,,,
779,PE,HT,#4,#6,Olefin,19385.570823265683,1.1719466146085904,2.5621355243125903,50000000,-0.3949958624611313,0.7487028094146249,75.61726889088652,,,,,,,,,,,,,,,,,,,,,,,,,,,,,,,,,,,,,,,,,,,,,,,,,,,,,,,,,,,,,,,,,,,,,,,,,,,,,,,,,,,,,,,,,,,,,,,,,,,,,,,,,,,,,,,,,,,,,,,,,,,,,,,,,,,,,,,,,,,,,,,,,,,,,,,,,,,,,,,,,,,,,,,,,,,,,,,,,,,,,,,,,,,,,,,,,,,,,,,,,,,,,,,,,,,,,,
780,PE,HT,#4,#7,MeOH_1,71392.89808625562,1.3119841256524831,4.031544839650801,50000000,-0.15471308905204936,-0.7359033924294248,89.89164763626049,,,,,,,,,,,,,,,,,,,,,,,,,,,,,,,,,,,,,,,,,,,,,,,,,,,,,,,,,,,,,,,,,,,,,,,,,,,,,,,,,,,,,,,,,,,,,,,,,,,,,,,,,,,,,,,,,,,,,,,,,,,,,,,,,,,,,,,,,,,,,,,,,,,,,,,,,,,,,,,,,,,,,,,,,,,,,,,,,,,,,,,,,,,,,,,,,,,,,,,,,,,,,,,,,,,,,,
781,PE,HT,#4,#8,FT_1,64763.64461074992,1.4465437972841677,4.862834537193401,50000000,-0.22863061436157833,-1.264381809936134,97.03240890229247,,,,,,,,,,,,,,,,,,,,,,,,,,,,,,,,,,,,,,,,,,,,,,,,,,,,,,,,,,,,,,,,,,,,,,,,,,,,,,,,,,,,,,,,,,,,,,,,,,,,,,,,,,,,,,,,,,,,,,,,,,,,,,,,,,,,,,,,,,,,,,,,,,,,,,,,,,,,,,,,,,,,,,,,,,,,,,,,,,,,,,,,,,,,,,,,,,,,,,,,,,,,,,,,,,,,,,
782,PE,HT,#4,#9,H2_1,171374.32528476277,1.3589974671602,4.277477184359926,50000000,0.14333718075400811,-0.4332848912576303,88.78388440413069,,,,,,,,,,,,,,,,,,,,,,,,,,,,,,,,,,,,,,,,,,,,,,,,,,,,,,,,,,,,,,,,,,,,,,,,,,,,,,,,,,,,,,,,,,,,,,,,,,,,,,,,,,,,,,,,,,,,,,,,,,,,,,,,,,,,,,,,,,,,,,,,,,,,,,,,,,,,,,,,,,,,,,,,,,,,,,,,,,,,,,,,,,,,,,,,,,,,,,,,,,,,,,,,,,,,,,
783,PE,HT,#4,#10,MeOH_1,49524.544112408,1.6365261015320332,6.901009482247377,50000000,-0.5575600896598253,-3.7346886187728585,123.21139963626047,,,,,,,,,,,,,,,,,,,,,,,,,,,,,,,,,,,,,,,,,,,,,,,,,,,,,,,,,,,,,,,,,,,,,,,,,,,,,,,,,,,,,,,,,,,,,,,,,,,,,,,,,,,,,,,,,,,,,,,,,,,,,,,,,,,,,,,,,,,,,,,,,,,,,,,,,,,,,,,,,,,,,,,,,,,,,,,,,,,,,,,,,,,,,,,,,,,,,,,,,,,,,,,,,,,,,,
784,PE,HT,#4,#11,FT_1,63080.28527493849,1.7843781262690452,8.108112100166782,50000000,-0.5726753242633988,-4.514369935701903,130.12866330229247,,,,,,,,,,,,,,,,,,,,,,,,,,,,,,,,,,,,,,,,,,,,,,,,,,,,,,,,,,,,,,,,,,,,,,,,,,,,,,,,,,,,,,,,,,,,,,,,,,,,,,,,,,,,,,,,,,,,,,,,,,,,,,,,,,,,,,,,,,,,,,,,,,,,,,,,,,,,,,,,,,,,,,,,,,,,,,,,,,,,,,,,,,,,,,,,,,,,,,,,,,,,,,,,,,,,,,
785,PE,HT,#5,#1,MeOH_1,102363.75871763071,1.2641660062037177,3.588031788036571,50000000,-0.00316943210336035,-0.20332090267795652,85.79288827848882,,,,,,,,,,,,,,,,,,,,,,,,,,,,,,,,,,,,,,,,,,,,,,,,,,,,,,,,,,,,,,,,,,,,,,,,,,,,,,,,,,,,,,,,,,,,,,,,,,,,,,,,,,,,,,,,,,,,,,,,,,,,,,,,,,,,,,,,,,,,,,,,,,,,,,,,,,,,,,,,,,,,,,,,,,,,,,,,,,,,,,,,,,,,,,,,,,,,,,,,,,,,,,,,,,,,,,
786,PE,HT,#5,#2,FT_1,99545.50484179848,1.378421529332609,4.359037269266385,50000000,-0.03577855635355917,-0.6339407816307786,92.51831674452082,,,,,,,,,,,,,,,,,,,,,,,,,,,,,,,,,,,,,,,,,,,,,,,,,,,,,,,,,,,,,,,,,,,,,,,,,,,,,,,,,,,,,,,,,,,,,,,,,,,,,,,,,,,,,,,,,,,,,,,,,,,,,,,,,,,,,,,,,,,,,,,,,,,,,,,,,,,,,,,,,,,,,,,,,,,,,,,,,,,,,,,,,,,,,,,,,,,,,,,,,,,,,,,,,,,,,,
787,PE,HT,#5,#3,H2_1,203788.32527936558,1.2901146645349797,3.834875797914876,50000000,0.30911137482919115,0.10261493153553575,83.9680504798488,,,,,,,,,,,,,,,,,,,,,,,,,,,,,,,,,,,,,,,,,,,,,,,,,,,,,,,,,,,,,,,,,,,,,,,,,,,,,,,,,,,,,,,,,,,,,,,,,,,,,,,,,,,,,,,,,,,,,,,,,,,,,,,,,,,,,,,,,,,,,,,,,,,,,,,,,,,,,,,,,,,,,,,,,,,,,,,,,,,,,,,,,,,,,,,,,,,,,,,,,,,,,,,,,,,,,,
788,PE,HT,#5,#4,MeOH_1,84286.09692111604,1.5476250258162845,6.1551261406790845,50000000,-0.3530616886303898,-2.8768033116185605,115.68200827848882,,,,,,,,,,,,,,,,,,,,,,,,,,,,,,,,,,,,,,,,,,,,,,,,,,,,,,,,,,,,,,,,,,,,,,,,,,,,,,,,,,,,,,,,,,,,,,,,,,,,,,,,,,,,,,,,,,,,,,,,,,,,,,,,,,,,,,,,,,,,,,,,,,,,,,,,,,,,,,,,,,,,,,,,,,,,,,,,,,,,,,,,,,,,,,,,,,,,,,,,,,,,,,,,,,,,,,
789,PE,HT,#5,#5,FT_1,98218.18914181595,1.6914793370005787,7.334071720074644,50000000,-0.3533299552441187,-3.6122764377129064,122.82651834452082,,,,,,,,,,,,,,,,,,,,,,,,,,,,,,,,,,,,,,,,,,,,,,,,,,,,,,,,,,,,,,,,,,,,,,,,,,,,,,,,,,,,,,,,,,,,,,,,,,,,,,,,,,,,,,,,,,,,,,,,,,,,,,,,,,,,,,,,,,,,,,,,,,,,,,,,,,,,,,,,,,,,,,,,,,,,,,,,,,,,,,,,,,,,,,,,,,,,,,,,,,,,,,,,,,,,,,
790,PE,HT,#5,#6,Olefin,55128.80482222755,1.128614852984357,2.1621634442774402,50000000,-0.22981898269110004,1.2682691091891616,72.53349222719729,,,,,,,,,,,,,,,,,,,,,,,,,,,,,,,,,,,,,,,,,,,,,,,,,,,,,,,,,,,,,,,,,,,,,,,,,,,,,,,,,,,,,,,,,,,,,,,,,,,,,,,,,,,,,,,,,,,,,,,,,,,,,,,,,,,,,,,,,,,,,,,,,,,,,,,,,,,,,,,,,,,,,,,,,,,,,,,,,,,,,,,,,,,,,,,,,,,,,,,,,,,,,,,,,,,,,,
791,PE,HT,#5,#7,MeOH_1,107136.13208521748,1.2686523640282499,3.631572759615652,50000000,0.010463790717981994,-0.2163370926548895,86.8078709725712,,,,,,,,,,,,,,,,,,,,,,,,,,,,,,,,,,,,,,,,,,,,,,,,,,,,,,,,,,,,,,,,,,,,,,,,,,,,,,,,,,,,,,,,,,,,,,,,,,,,,,,,,,,,,,,,,,,,,,,,,,,,,,,,,,,,,,,,,,,,,,,,,,,,,,,,,,,,,,,,,,,,,,,,,,,,,,,,,,,,,,,,,,,,,,,,,,,,,,,,,,,,,,,,,,,,,,
792,PE,HT,#5,#8,FT_1,100506.87860971178,1.403212035659935,4.462862457158252,50000000,-0.06345373459154757,-0.7448155101615981,93.9486322386032,,,,,,,,,,,,,,,,,,,,,,,,,,,,,,,,,,,,,,,,,,,,,,,,,,,,,,,,,,,,,,,,,,,,,,,,,,,,,,,,,,,,,,,,,,,,,,,,,,,,,,,,,,,,,,,,,,,,,,,,,,,,,,,,,,,,,,,,,,,,,,,,,,,,,,,,,,,,,,,,,,,,,,,,,,,,,,,,,,,,,,,,,,,,,,,,,,,,,,,,,,,,,,,,,,,,,,
793,PE,HT,#5,#9,H2_1,207117.55928372464,1.3156657055359677,3.8775051043247766,50000000,0.3085140605240389,0.0862814085169056,85.70010774044141,,,,,,,,,,,,,,,,,,,,,,,,,,,,,,,,,,,,,,,,,,,,,,,,,,,,,,,,,,,,,,,,,,,,,,,,,,,,,,,,,,,,,,,,,,,,,,,,,,,,,,,,,,,,,,,,,,,,,,,,,,,,,,,,,,,,,,,,,,,,,,,,,,,,,,,,,,,,,,,,,,,,,,,,,,,,,,,,,,,,,,,,,,,,,,,,,,,,,,,,,,,,,,,,,,,,,,
794,PE,HT,#5,#10,MeOH_1,85267.77811136987,1.5931943399078017,6.501037402212229,50000000,-0.3923832098897959,-3.215122318998324,120.1276229725712,,,,,,,,,,,,,,,,,,,,,,,,,,,,,,,,,,,,,,,,,,,,,,,,,,,,,,,,,,,,,,,,,,,,,,,,,,,,,,,,,,,,,,,,,,,,,,,,,,,,,,,,,,,,,,,,,,,,,,,,,,,,,,,,,,,,,,,,,,,,,,,,,,,,,,,,,,,,,,,,,,,,,,,,,,,,,,,,,,,,,,,,,,,,,,,,,,,,,,,,,,,,,,,,,,,,,,
795,PE,HT,#5,#11,FT_1,98823.51927390035,1.7410463646448127,7.708140020131632,50000000,-0.4074984444933685,-3.9948036359273673,127.04488663860319,,,,,,,,,,,,,,,,,,,,,,,,,,,,,,,,,,,,,,,,,,,,,,,,,,,,,,,,,,,,,,,,,,,,,,,,,,,,,,,,,,,,,,,,,,,,,,,,,,,,,,,,,,,,,,,,,,,,,,,,,,,,,,,,,,,,,,,,,,,,,,,,,,,,,,,,,,,,,,,,,,,,,,,,,,,,,,,,,,,,,,,,,,,,,,,,,,,,,,,,,,,,,,,,,,,,,,
796,PE,HT,#6,#1,MeOH_1,61622.972137398516,1.3267268349946124,4.005863991069731,50000000,-0.22259008503586117,-0.8584561273110279,90.70564559614611,,,,,,,,,,,,,,,,,,,,,,,,,,,,,,,,,,,,,,,,,,,,,,,,,,,,,,,,,,,,,,,,,,,,,,,,,,,,,,,,,,,,,,,,,,,,,,,,,,,,,,,,,,,,,,,,,,,,,,,,,,,,,,,,,,,,,,,,,,,,,,,,,,,,,,,,,,,,,,,,,,,,,,,,,,,,,,,,,,,,,,,,,,,,,,,,,,,,,,,,,,,,,,,,,,,,,,
797,PE,HT,#6,#2,FT_1,58804.71826156629,1.4409823581235033,4.776869472299544,50000000,-0.25519920928605955,-1.2890760062638489,97.43107406217808,,,,,,,,,,,,,,,,,,,,,,,,,,,,,,,,,,,,,,,,,,,,,,,,,,,,,,,,,,,,,,,,,,,,,,,,,,,,,,,,,,,,,,,,,,,,,,,,,,,,,,,,,,,,,,,,,,,,,,,,,,,,,,,,,,,,,,,,,,,,,,,,,,,,,,,,,,,,,,,,,,,,,,,,,,,,,,,,,,,,,,,,,,,,,,,,,,,,,,,,,,,,,,,,,,,,,,
798,PE,HT,#6,#3,MeOH_1,163047.5386991334,1.3526754933258744,4.252708000948036,50000000,0.08969072189669078,-0.5525202930975354,88.88080779750605,,,,,,,,,,,,,,,,,,,,,,,,,,,,,,,,,,,,,,,,,,,,,,,,,,,,,,,,,,,,,,,,,,,,,,,,,,,,,,,,,,,,,,,,,,,,,,,,,,,,,,,,,,,,,,,,,,,,,,,,,,,,,,,,,,,,,,,,,,,,,,,,,,,,,,,,,,,,,,,,,,,,,,,,,,,,,,,,,,,,,,,,,,,,,,,,,,,,,,,,,,,,,,,,,,,,,,
799,PE,HT,#6,#4,MeOH_1,43545.31034088384,1.6101858546071792,6.5729583437122425,50000000,-0.5724823415628902,-3.531938536251631,120.59476559614609,,,,,,,,,,,,,,,,,,,,,,,,,,,,,,,,,,,,,,,,,,,,,,,,,,,,,,,,,,,,,,,,,,,,,,,,,,,,,,,,,,,,,,,,,,,,,,,,,,,,,,,,,,,,,,,,,,,,,,,,,,,,,,,,,,,,,,,,,,,,,,,,,,,,,,,,,,,,,,,,,,,,,,,,,,,,,,,,,,,,,,,,,,,,,,,,,,,,,,,,,,,,,,,,,,,,,,
800,PE,HT,#6,#5,FT_1,57477.40256158377,1.7540401657914726,7.751903923107807,50000000,-0.5727506081766183,-4.267411662345981,127.7392756621781,,,,,,,,,,,,,,,,,,,,,,,,,,,,,,,,,,,,,,,,,,,,,,,,,,,,,,,,,,,,,,,,,,,,,,,,,,,,,,,,,,,,,,,,,,,,,,,,,,,,,,,,,,,,,,,,,,,,,,,,,,,,,,,,,,,,,,,,,,,,,,,,,,,,,,,,,,,,,,,,,,,,,,,,,,,,,,,,,,,,,,,,,,,,,,,,,,,,,,,,,,,,,,,,,,,,,,
801,PE,HT,#6,#6,Olefin,14388.01824199535,1.191175681775252,2.5799956473106005,50000000,-0.4492396356236007,0.6131338845560896,77.44624954485452,,,,,,,,,,,,,,,,,,,,,,,,,,,,,,,,,,,,,,,,,,,,,,,,,,,,,,,,,,,,,,,,,,,,,,,,,,,,,,,,,,,,,,,,,,,,,,,,,,,,,,,,,,,,,,,,,,,,,,,,,,,,,,,,,,,,,,,,,,,,,,,,,,,,,,,,,,,,,,,,,,,,,,,,,,,,,,,,,,,,,,,,,,,,,,,,,,,,,,,,,,,,,,,,,,,,,,
802,PE,HT,#6,#7,MeOH_1,66395.34550498528,1.3312131928191449,4.049404962648811,50000000,-0.20895686221451898,-0.8714723172879604,91.72062829022846,,,,,,,,,,,,,,,,,,,,,,,,,,,,,,,,,,,,,,,,,,,,,,,,,,,,,,,,,,,,,,,,,,,,,,,,,,,,,,,,,,,,,,,,,,,,,,,,,,,,,,,,,,,,,,,,,,,,,,,,,,,,,,,,,,,,,,,,,,,,,,,,,,,,,,,,,,,,,,,,,,,,,,,,,,,,,,,,,,,,,,,,,,,,,,,,,,,,,,,,,,,,,,,,,,,,,,
803,PE,HT,#6,#8,FT_1,59766.09202947959,1.4657728644508299,4.880694660191411,50000000,-0.28287438752404825,-1.399950734794669,98.86138955626048,,,,,,,,,,,,,,,,,,,,,,,,,,,,,,,,,,,,,,,,,,,,,,,,,,,,,,,,,,,,,,,,,,,,,,,,,,,,,,,,,,,,,,,,,,,,,,,,,,,,,,,,,,,,,,,,,,,,,,,,,,,,,,,,,,,,,,,,,,,,,,,,,,,,,,,,,,,,,,,,,,,,,,,,,,,,,,,,,,,,,,,,,,,,,,,,,,,,,,,,,,,,,,,,,,,,,,
804,PE,HT,#6,#9,MeOH_1,166376.77270349246,1.378226534326862,4.295337307357937,50000000,0.08909340759153848,-0.5688538161161664,90.61286505809869,,,,,,,,,,,,,,,,,,,,,,,,,,,,,,,,,,,,,,,,,,,,,,,,,,,,,,,,,,,,,,,,,,,,,,,,,,,,,,,,,,,,,,,,,,,,,,,,,,,,,,,,,,,,,,,,,,,,,,,,,,,,,,,,,,,,,,,,,,,,,,,,,,,,,,,,,,,,,,,,,,,,,,,,,,,,,,,,,,,,,,,,,,,,,,,,,,,,,,,,,,,,,,,,,,,,,,
805,PE,HT,#6,#10,MeOH_1,44526.99153113767,1.6557551686986964,6.918869605245389,50000000,-0.6118038628222965,-3.870257543631395,125.04038029022848,,,,,,,,,,,,,,,,,,,,,,,,,,,,,,,,,,,,,,,,,,,,,,,,,,,,,,,,,,,,,,,,,,,,,,,,,,,,,,,,,,,,,,,,,,,,,,,,,,,,,,,,,,,,,,,,,,,,,,,,,,,,,,,,,,,,,,,,,,,,,,,,,,,,,,,,,,,,,,,,,,,,,,,,,,,,,,,,,,,,,,,,,,,,,,,,,,,,,,,,,,,,,,,,,,,,,,
806,PE,HT,#6,#11,FT_1,58082.73269366816,1.8036071934357076,8.125972223164792,50000000,-0.626919097425869,-4.6499388605604395,131.95764395626045,,,,,,,,,,,,,,,,,,,,,,,,,,,,,,,,,,,,,,,,,,,,,,,,,,,,,,,,,,,,,,,,,,,,,,,,,,,,,,,,,,,,,,,,,,,,,,,,,,,,,,,,,,,,,,,,,,,,,,,,,,,,,,,,,,,,,,,,,,,,,,,,,,,,,,,,,,,,,,,,,,,,,,,,,,,,,,,,,,,,,,,,,,,,,,,,,,,,,,,,,,,,,,,,,,,,,,
807,PE,HT,#7,#1,MeOH_1,65038.3741905163,1.3787038419585553,4.386724656165745,50000000,-0.2434603247611226,-1.1261748861605367,92.80363279614609,,,,,,,,,,,,,,,,,,,,,,,,,,,,,,,,,,,,,,,,,,,,,,,,,,,,,,,,,,,,,,,,,,,,,,,,,,,,,,,,,,,,,,,,,,,,,,,,,,,,,,,,,,,,,,,,,,,,,,,,,,,,,,,,,,,,,,,,,,,,,,,,,,,,,,,,,,,,,,,,,,,,,,,,,,,,,,,,,,,,,,,,,,,,,,,,,,,,,,,,,,,,,,,,,,,,,,
808,PE,HT,#7,#2,FT_1,62220.12031468408,1.492959365087445,5.157730137395559,50000000,-0.2760694490113198,-1.556794765113359,99.52906126217808,,,,,,,,,,,,,,,,,,,,,,,,,,,,,,,,,,,,,,,,,,,,,,,,,,,,,,,,,,,,,,,,,,,,,,,,,,,,,,,,,,,,,,,,,,,,,,,,,,,,,,,,,,,,,,,,,,,,,,,,,,,,,,,,,,,,,,,,,,,,,,,,,,,,,,,,,,,,,,,,,,,,,,,,,,,,,,,,,,,,,,,,,,,,,,,,,,,,,,,,,,,,,,,,,,,,,,
809,PE,HT,#7,#3,H2_1,166462.9407522512,1.4046525002898163,4.63356866604405,50000000,0.06882048217143022,-0.820239051947045,90.97879499750604,,,,,,,,,,,,,,,,,,,,,,,,,,,,,,,,,,,,,,,,,,,,,,,,,,,,,,,,,,,,,,,,,,,,,,,,,,,,,,,,,,,,,,,,,,,,,,,,,,,,,,,,,,,,,,,,,,,,,,,,,,,,,,,,,,,,,,,,,,,,,,,,,,,,,,,,,,,,,,,,,,,,,,,,,,,,,,,,,,,,,,,,,,,,,,,,,,,,,,,,,,,,,,,,,,,,,,
810,PE,HT,#7,#4,MeOH_1,46960.712394001624,1.6621628615711213,6.9538190088082565,50000000,-0.5933525812881508,-3.7996572951011394,122.69275279614611,,,,,,,,,,,,,,,,,,,,,,,,,,,,,,,,,,,,,,,,,,,,,,,,,,,,,,,,,,,,,,,,,,,,,,,,,,,,,,,,,,,,,,,,,,,,,,,,,,,,,,,,,,,,,,,,,,,,,,,,,,,,,,,,,,,,,,,,,,,,,,,,,,,,,,,,,,,,,,,,,,,,,,,,,,,,,,,,,,,,,,,,,,,,,,,,,,,,,,,,,,,,,,,,,,,,,,
811,PE,HT,#7,#5,FT_1,60892.804614701556,1.8060171727554155,8.132764588203818,50000000,-0.5936208479018801,-4.535130421195487,129.83726286217808,,,,,,,,,,,,,,,,,,,,,,,,,,,,,,,,,,,,,,,,,,,,,,,,,,,,,,,,,,,,,,,,,,,,,,,,,,,,,,,,,,,,,,,,,,,,,,,,,,,,,,,,,,,,,,,,,,,,,,,,,,,,,,,,,,,,,,,,,,,,,,,,,,,,,,,,,,,,,,,,,,,,,,,,,,,,,,,,,,,,,,,,,,,,,,,,,,,,,,,,,,,,,,,,,,,,,,
812,PE,HT,#7,#6,Olefin,17803.420295113137,1.243152688739195,2.9608563124066136,50000000,-0.47010987534886256,0.34541512570658117,79.54423674485453,,,,,,,,,,,,,,,,,,,,,,,,,,,,,,,,,,,,,,,,,,,,,,,,,,,,,,,,,,,,,,,,,,,,,,,,,,,,,,,,,,,,,,,,,,,,,,,,,,,,,,,,,,,,,,,,,,,,,,,,,,,,,,,,,,,,,,,,,,,,,,,,,,,,,,,,,,,,,,,,,,,,,,,,,,,,,,,,,,,,,,,,,,,,,,,,,,,,,,,,,,,,,,,,,,,,,,
813,PE,HT,#7,#7,MeOH_1,69810.74755810306,1.3831901997830862,4.430265627744825,50000000,-0.22982710193977893,-1.1391910761374697,93.81861549022848,,,,,,,,,,,,,,,,,,,,,,,,,,,,,,,,,,,,,,,,,,,,,,,,,,,,,,,,,,,,,,,,,,,,,,,,,,,,,,,,,,,,,,,,,,,,,,,,,,,,,,,,,,,,,,,,,,,,,,,,,,,,,,,,,,,,,,,,,,,,,,,,,,,,,,,,,,,,,,,,,,,,,,,,,,,,,,,,,,,,,,,,,,,,,,,,,,,,,,,,,,,,,,,,,,,,,,
814,PE,HT,#7,#8,FT_1,63181.494082597375,1.517749871414771,5.261555325287425,50000000,-0.30374462724930795,-1.6676694936441776,100.9593767562605,,,,,,,,,,,,,,,,,,,,,,,,,,,,,,,,,,,,,,,,,,,,,,,,,,,,,,,,,,,,,,,,,,,,,,,,,,,,,,,,,,,,,,,,,,,,,,,,,,,,,,,,,,,,,,,,,,,,,,,,,,,,,,,,,,,,,,,,,,,,,,,,,,,,,,,,,,,,,,,,,,,,,,,,,,,,,,,,,,,,,,,,,,,,,,,,,,,,,,,,,,,,,,,,,,,,,,
815,PE,HT,#7,#9,H2_1,169792.17475661024,1.4302035412908038,4.67619797245395,50000000,0.06822316786627851,-0.8365725749656746,92.7108522580987,,,,,,,,,,,,,,,,,,,,,,,,,,,,,,,,,,,,,,,,,,,,,,,,,,,,,,,,,,,,,,,,,,,,,,,,,,,,,,,,,,,,,,,,,,,,,,,,,,,,,,,,,,,,,,,,,,,,,,,,,,,,,,,,,,,,,,,,,,,,,,,,,,,,,,,,,,,,,,,,,,,,,,,,,,,,,,,,,,,,,,,,,,,,,,,,,,,,,,,,,,,,,,,,,,,,,,
816,PE,HT,#7,#10,MeOH_1,47942.393584255464,1.7077321756626382,7.299730270341402,50000000,-0.6326741025475566,-4.1379763024809035,127.13836749022848,,,,,,,,,,,,,,,,,,,,,,,,,,,,,,,,,,,,,,,,,,,,,,,,,,,,,,,,,,,,,,,,,,,,,,,,,,,,,,,,,,,,,,,,,,,,,,,,,,,,,,,,,,,,,,,,,,,,,,,,,,,,,,,,,,,,,,,,,,,,,,,,,,,,,,,,,,,,,,,,,,,,,,,,,,,,,,,,,,,,,,,,,,,,,,,,,,,,,,,,,,,,,,,,,,,,,,
817,PE,HT,#7,#11,FT_1,61498.13474678594,1.8555842003996492,8.506832888260806,50000000,-0.6477893371511291,-4.917657619409948,134.05563115626046,,,,,,,,,,,,,,,,,,,,,,,,,,,,,,,,,,,,,,,,,,,,,,,,,,,,,,,,,,,,,,,,,,,,,,,,,,,,,,,,,,,,,,,,,,,,,,,,,,,,,,,,,,,,,,,,,,,,,,,,,,,,,,,,,,,,,,,,,,,,,,,,,,,,,,,,,,,,,,,,,,,,,,,,,,,,,,,,,,,,,,,,,,,,,,,,,,,,,,,,,,,,,,,,,,,,,,
818,PE,HT,#8,#1,MeOH_1,50425.40032630654,1.2493351392635093,2.5542805057189133,50000000,-0.2529531891219473,0.606220688915703,69.85554424468637,,,,,,,,,,,,,,,,,,,,,,,,,,,,,,,,,,,,,,,,,,,,,,,,,,,,,,,,,,,,,,,,,,,,,,,,,,,,,,,,,,,,,,,,,,,,,,,,,,,,,,,,,,,,,,,,,,,,,,,,,,,,,,,,,,,,,,,,,,,,,,,,,,,,,,,,,,,,,,,,,,,,,,,,,,,,,,,,,,,,,,,,,,,,,,,,,,,,,,,,,,,,,,,,,,,,,,
819,PE,HT,#8,#2,FT_1,47607.14645047431,1.3635906623923988,3.3252859869487272,50000000,-0.28556231337214416,0.17560080996288122,76.58097271071836,,,,,,,,,,,,,,,,,,,,,,,,,,,,,,,,,,,,,,,,,,,,,,,,,,,,,,,,,,,,,,,,,,,,,,,,,,,,,,,,,,,,,,,,,,,,,,,,,,,,,,,,,,,,,,,,,,,,,,,,,,,,,,,,,,,,,,,,,,,,,,,,,,,,,,,,,,,,,,,,,,,,,,,,,,,,,,,,,,,,,,,,,,,,,,,,,,,,,,,,,,,,,,,,,,,,,,
820,PE,HT,#8,#3,DIESEL_1,151849.9668880414,1.2752837975947717,2.801124515597219,50000000,0.05932761781060378,0.9121565231291949,68.03070644604632,,,,,,,,,,,,,,,,,,,,,,,,,,,,,,,,,,,,,,,,,,,,,,,,,,,,,,,,,,,,,,,,,,,,,,,,,,,,,,,,,,,,,,,,,,,,,,,,,,,,,,,,,,,,,,,,,,,,,,,,,,,,,,,,,,,,,,,,,,,,,,,,,,,,,,,,,,,,,,,,,,,,,,,,,,,,,,,,,,,,,,,,,,,,,,,,,,,,,,,,,,,,,,,,,,,,,,
821,PE,HT,#8,#4,MeOH_1,32347.738529791855,1.5327941588760745,5.121374858361428,50000000,-0.6028454456489751,-2.0672617200249017,99.74466424468636,,,,,,,,,,,,,,,,,,,,,,,,,,,,,,,,,,,,,,,,,,,,,,,,,,,,,,,,,,,,,,,,,,,,,,,,,,,,,,,,,,,,,,,,,,,,,,,,,,,,,,,,,,,,,,,,,,,,,,,,,,,,,,,,,,,,,,,,,,,,,,,,,,,,,,,,,,,,,,,,,,,,,,,,,,,,,,,,,,,,,,,,,,,,,,,,,,,,,,,,,,,,,,,,,,,,,,
822,PE,HT,#8,#5,FT_1,46279.83075049178,1.6766484700603688,6.300320437756988,50000000,-0.6031137122627038,-2.8027348461192476,106.88917431071835,,,,,,,,,,,,,,,,,,,,,,,,,,,,,,,,,,,,,,,,,,,,,,,,,,,,,,,,,,,,,,,,,,,,,,,,,,,,,,,,,,,,,,,,,,,,,,,,,,,,,,,,,,,,,,,,,,,,,,,,,,,,,,,,,,,,,,,,,,,,,,,,,,,,,,,,,,,,,,,,,,,,,,,,,,,,,,,,,,,,,,,,,,,,,,,,,,,,,,,,,,,,,,,,,,,,,,
823,PE,HT,#8,#6,Olefin,3190.446430903371,1.1137839860441483,1.1284121619597827,50000000,-0.4796027397096864,2.0778107007828206,56.596148193394804,,,,,,,,,,,,,,,,,,,,,,,,,,,,,,,,,,,,,,,,,,,,,,,,,,,,,,,,,,,,,,,,,,,,,,,,,,,,,,,,,,,,,,,,,,,,,,,,,,,,,,,,,,,,,,,,,,,,,,,,,,,,,,,,,,,,,,,,,,,,,,,,,,,,,,,,,,,,,,,,,,,,,,,,,,,,,,,,,,,,,,,,,,,,,,,,,,,,,,,,,,,,,,,,,,,,,,
824,PE,HT,#8,#7,MeOH_1,55197.7736938933,1.2538214970880417,2.5978214772979946,50000000,-0.23931996630060523,0.59320449893877,70.87052693876873,,,,,,,,,,,,,,,,,,,,,,,,,,,,,,,,,,,,,,,,,,,,,,,,,,,,,,,,,,,,,,,,,,,,,,,,,,,,,,,,,,,,,,,,,,,,,,,,,,,,,,,,,,,,,,,,,,,,,,,,,,,,,,,,,,,,,,,,,,,,,,,,,,,,,,,,,,,,,,,,,,,,,,,,,,,,,,,,,,,,,,,,,,,,,,,,,,,,,,,,,,,,,,,,,,,,,,
825,PE,HT,#8,#8,FT_1,48568.52021838761,1.3883811687197265,3.4291111748405934,50000000,-0.3132374916101341,0.06472608143206239,78.01128820480074,,,,,,,,,,,,,,,,,,,,,,,,,,,,,,,,,,,,,,,,,,,,,,,,,,,,,,,,,,,,,,,,,,,,,,,,,,,,,,,,,,,,,,,,,,,,,,,,,,,,,,,,,,,,,,,,,,,,,,,,,,,,,,,,,,,,,,,,,,,,,,,,,,,,,,,,,,,,,,,,,,,,,,,,,,,,,,,,,,,,,,,,,,,,,,,,,,,,,,,,,,,,,,,,,,,,,,
826,PE,HT,#8,#9,DIESEL_1,155179.20089240046,1.3008348385957589,2.8437538220071192,50000000,0.05873030350545236,0.8958230001105651,69.76276370663895,,,,,,,,,,,,,,,,,,,,,,,,,,,,,,,,,,,,,,,,,,,,,,,,,,,,,,,,,,,,,,,,,,,,,,,,,,,,,,,,,,,,,,,,,,,,,,,,,,,,,,,,,,,,,,,,,,,,,,,,,,,,,,,,,,,,,,,,,,,,,,,,,,,,,,,,,,,,,,,,,,,,,,,,,,,,,,,,,,,,,,,,,,,,,,,,,,,,,,,,,,,,,,,,,,,,,,
827,PE,HT,#8,#10,MeOH_1,33329.41972004569,1.5783634729675915,5.467286119894572,50000000,-0.6421669669083809,-2.405580727404665,104.19027893876873,,,,,,,,,,,,,,,,,,,,,,,,,,,,,,,,,,,,,,,,,,,,,,,,,,,,,,,,,,,,,,,,,,,,,,,,,,,,,,,,,,,,,,,,,,,,,,,,,,,,,,,,,,,,,,,,,,,,,,,,,,,,,,,,,,,,,,,,,,,,,,,,,,,,,,,,,,,,,,,,,,,,,,,,,,,,,,,,,,,,,,,,,,,,,,,,,,,,,,,,,,,,,,,,,,,,,,
828,PE,HT,#8,#11,FT_1,46885.16088257618,1.7262154977046043,6.674388737813977,50000000,-0.657282201511955,-3.1852620443337094,111.10754260480073,,,,,,,,,,,,,,,,,,,,,,,,,,,,,,,,,,,,,,,,,,,,,,,,,,,,,,,,,,,,,,,,,,,,,,,,,,,,,,,,,,,,,,,,,,,,,,,,,,,,,,,,,,,,,,,,,,,,,,,,,,,,,,,,,,,,,,,,,,,,,,,,,,,,,,,,,,,,,,,,,,,,,,,,,,,,,,,,,,,,,,,,,,,,,,,,,,,,,,,,,,,,,,,,,,,,,,
829,PE,HT,#9,#1,MeOH_1,50425.40032630654,1.329732280639609,2.9726208563675542,50000000,-0.3573046525712687,0.2513609987458438,72.79705509172635,,,,,,,,,,,,,,,,,,,,,,,,,,,,,,,,,,,,,,,,,,,,,,,,,,,,,,,,,,,,,,,,,,,,,,,,,,,,,,,,,,,,,,,,,,,,,,,,,,,,,,,,,,,,,,,,,,,,,,,,,,,,,,,,,,,,,,,,,,,,,,,,,,,,,,,,,,,,,,,,,,,,,,,,,,,,,,,,,,,,,,,,,,,,,,,,,,,,,,,,,,,,,,,,,,,,,,
830,PE,HT,#9,#2,FT_1,47607.14645047431,1.4439878037685001,3.7436263375973673,50000000,-0.3899137768214672,-0.17925888020697683,79.52248355775835,,,,,,,,,,,,,,,,,,,,,,,,,,,,,,,,,,,,,,,,,,,,,,,,,,,,,,,,,,,,,,,,,,,,,,,,,,,,,,,,,,,,,,,,,,,,,,,,,,,,,,,,,,,,,,,,,,,,,,,,,,,,,,,,,,,,,,,,,,,,,,,,,,,,,,,,,,,,,,,,,,,,,,,,,,,,,,,,,,,,,,,,,,,,,,,,,,,,,,,,,,,,,,,,,,,,,,
831,PE,HT,#9,#3,H2_1,151849.9668880414,1.3556809389708715,3.2194648662458594,50000000,-0.04502384563871772,0.5572968329593361,70.9722172930863,,,,,,,,,,,,,,,,,,,,,,,,,,,,,,,,,,,,,,,,,,,,,,,,,,,,,,,,,,,,,,,,,,,,,,,,,,,,,,,,,,,,,,,,,,,,,,,,,,,,,,,,,,,,,,,,,,,,,,,,,,,,,,,,,,,,,,,,,,,,,,,,,,,,,,,,,,,,,,,,,,,,,,,,,,,,,,,,,,,,,,,,,,,,,,,,,,,,,,,,,,,,,,,,,,,,,,
832,PE,HT,#9,#4,MeOH_1,32347.738529791855,1.6131913002521758,5.539715209010067,50000000,-0.7071969090982981,-2.42212141019476,102.68617509172635,,,,,,,,,,,,,,,,,,,,,,,,,,,,,,,,,,,,,,,,,,,,,,,,,,,,,,,,,,,,,,,,,,,,,,,,,,,,,,,,,,,,,,,,,,,,,,,,,,,,,,,,,,,,,,,,,,,,,,,,,,,,,,,,,,,,,,,,,,,,,,,,,,,,,,,,,,,,,,,,,,,,,,,,,,,,,,,,,,,,,,,,,,,,,,,,,,,,,,,,,,,,,,,,,,,,,,
833,PE,HT,#9,#5,FT_1,46279.83075049178,1.7570456114364708,6.7186607884056295,50000000,-0.7074651757120277,-3.157594536289108,109.83068515775837,,,,,,,,,,,,,,,,,,,,,,,,,,,,,,,,,,,,,,,,,,,,,,,,,,,,,,,,,,,,,,,,,,,,,,,,,,,,,,,,,,,,,,,,,,,,,,,,,,,,,,,,,,,,,,,,,,,,,,,,,,,,,,,,,,,,,,,,,,,,,,,,,,,,,,,,,,,,,,,,,,,,,,,,,,,,,,,,,,,,,,,,,,,,,,,,,,,,,,,,,,,,,,,,,,,,,,
834,PE,HT,#9,#6,Olefin,3190.446430903371,1.1941811274202485,1.5467525126084232,50000000,-0.5839542031590086,1.7229510106129617,59.53765904043481,,,,,,,,,,,,,,,,,,,,,,,,,,,,,,,,,,,,,,,,,,,,,,,,,,,,,,,,,,,,,,,,,,,,,,,,,,,,,,,,,,,,,,,,,,,,,,,,,,,,,,,,,,,,,,,,,,,,,,,,,,,,,,,,,,,,,,,,,,,,,,,,,,,,,,,,,,,,,,,,,,,,,,,,,,,,,,,,,,,,,,,,,,,,,,,,,,,,,,,,,,,,,,,,,,,,,,
835,PE,HT,#9,#7,MeOH_1,55197.7736938933,1.3342186384641412,3.0161618279466347,50000000,-0.34367142974992665,0.23834480876891107,73.81203778580874,,,,,,,,,,,,,,,,,,,,,,,,,,,,,,,,,,,,,,,,,,,,,,,,,,,,,,,,,,,,,,,,,,,,,,,,,,,,,,,,,,,,,,,,,,,,,,,,,,,,,,,,,,,,,,,,,,,,,,,,,,,,,,,,,,,,,,,,,,,,,,,,,,,,,,,,,,,,,,,,,,,,,,,,,,,,,,,,,,,,,,,,,,,,,,,,,,,,,,,,,,,,,,,,,,,,,,
836,PE,HT,#9,#8,FT_1,48568.52021838761,1.4687783100958267,3.847451525489234,50000000,-0.41758895505945615,-0.29013360873779653,80.95279905184074,,,,,,,,,,,,,,,,,,,,,,,,,,,,,,,,,,,,,,,,,,,,,,,,,,,,,,,,,,,,,,,,,,,,,,,,,,,,,,,,,,,,,,,,,,,,,,,,,,,,,,,,,,,,,,,,,,,,,,,,,,,,,,,,,,,,,,,,,,,,,,,,,,,,,,,,,,,,,,,,,,,,,,,,,,,,,,,,,,,,,,,,,,,,,,,,,,,,,,,,,,,,,,,,,,,,,,
837,PE,HT,#9,#9,H2_1,155179.20089240046,1.3812319799718589,3.2620941726557593,50000000,-0.04562115994386943,0.5409633099407062,72.70427455367896,,,,,,,,,,,,,,,,,,,,,,,,,,,,,,,,,,,,,,,,,,,,,,,,,,,,,,,,,,,,,,,,,,,,,,,,,,,,,,,,,,,,,,,,,,,,,,,,,,,,,,,,,,,,,,,,,,,,,,,,,,,,,,,,,,,,,,,,,,,,,,,,,,,,,,,,,,,,,,,,,,,,,,,,,,,,,,,,,,,,,,,,,,,,,,,,,,,,,,,,,,,,,,,,,,,,,,
838,PE,HT,#9,#10,MeOH_1,33329.41972004569,1.6587606143436933,5.885626470543213,50000000,-0.7465184303577043,-2.760440417574524,107.13178978580873,,,,,,,,,,,,,,,,,,,,,,,,,,,,,,,,,,,,,,,,,,,,,,,,,,,,,,,,,,,,,,,,,,,,,,,,,,,,,,,,,,,,,,,,,,,,,,,,,,,,,,,,,,,,,,,,,,,,,,,,,,,,,,,,,,,,,,,,,,,,,,,,,,,,,,,,,,,,,,,,,,,,,,,,,,,,,,,,,,,,,,,,,,,,,,,,,,,,,,,,,,,,,,,,,,,,,,
839,PE,HT,#9,#11,FT_1,46885.16088257618,1.8066126390807045,7.092729088462616,50000000,-0.761633664961277,-3.5401217345035683,114.04905345184075,,,,,,,,,,,,,,,,,,,,,,,,,,,,,,,,,,,,,,,,,,,,,,,,,,,,,,,,,,,,,,,,,,,,,,,,,,,,,,,,,,,,,,,,,,,,,,,,,,,,,,,,,,,,,,,,,,,,,,,,,,,,,,,,,,,,,,,,,,,,,,,,,,,,,,,,,,,,,,,,,,,,,,,,,,,,,,,,,,,,,,,,,,,,,,,,,,,,,,,,,,,,,,,,,,,,,,
840,PE,LT,#1,#1,DIESEL_1,6116.6064104256375,1.2159744483179264,1.8012461523060475,50000000,-0.39306107584881483,1.0603780880003755,85.93895404236105,,,,,,,,,,,,,,,,,,,,,,,,,,,,,,,,,,,,,,,,,,,,,,,,,,,,,,,,,,,,,,,,,,,,,,,,,,,,,,,,,,,,,,,,,,,,,,,,,,,,,,,,,,,,,,,,,,,,,,,,,,,,,,,,,,,,,,,,,,,,,,,,,,,,,,,,,,,,,,,,,,,,,,,,,,,,,,,,,,,,,,,,,,,,,,,,,,,,,,,,,,,,,,,,,,,,,,
841,PE,LT,#1,#2,DIESEL_1,3611.90095345195,1.296798865464679,1.9342877922791002,50000000,-0.4693749469338756,0.937088153357767,88.22770972236106,,,,,,,,,,,,,,,,,,,,,,,,,,,,,,,,,,,,,,,,,,,,,,,,,,,,,,,,,,,,,,,,,,,,,,,,,,,,,,,,,,,,,,,,,,,,,,,,,,,,,,,,,,,,,,,,,,,,,,,,,,,,,,,,,,,,,,,,,,,,,,,,,,,,,,,,,,,,,,,,,,,,,,,,,,,,,,,,,,,,,,,,,,,,,,,,,,,,,,,,,,,,,,,,,,,,,,
842,PE,LT,#1,#3,DIESEL_1,6936.488248931191,1.2031578498773141,1.659681237794016,50000000,-0.37373065592058385,1.2068877647320186,85.18809967712112,,,,,,,,,,,,,,,,,,,,,,,,,,,,,,,,,,,,,,,,,,,,,,,,,,,,,,,,,,,,,,,,,,,,,,,,,,,,,,,,,,,,,,,,,,,,,,,,,,,,,,,,,,,,,,,,,,,,,,,,,,,,,,,,,,,,,,,,,,,,,,,,,,,,,,,,,,,,,,,,,,,,,,,,,,,,,,,,,,,,,,,,,,,,,,,,,,,,,,,,,,,,,,,,,,,,,,
843,PE,LT,#1,#4,DIESEL_1,1061.8766286212215,1.2091455782477445,1.701062754984243,50000000,-0.4053820165395449,1.1298015553218062,85.29365191436105,,,,,,,,,,,,,,,,,,,,,,,,,,,,,,,,,,,,,,,,,,,,,,,,,,,,,,,,,,,,,,,,,,,,,,,,,,,,,,,,,,,,,,,,,,,,,,,,,,,,,,,,,,,,,,,,,,,,,,,,,,,,,,,,,,,,,,,,,,,,,,,,,,,,,,,,,,,,,,,,,,,,,,,,,,,,,,,,,,,,,,,,,,,,,,,,,,,,,,,,,,,,,,,,,,,,,,
844,PE,LT,#1,#5,DIESEL_1,5100.415495672858,1.297608767641565,1.9351105373261455,50000000,-0.4581376461351959,0.9518077727511357,88.51553916236105,,,,,,,,,,,,,,,,,,,,,,,,,,,,,,,,,,,,,,,,,,,,,,,,,,,,,,,,,,,,,,,,,,,,,,,,,,,,,,,,,,,,,,,,,,,,,,,,,,,,,,,,,,,,,,,,,,,,,,,,,,,,,,,,,,,,,,,,,,,,,,,,,,,,,,,,,,,,,,,,,,,,,,,,,,,,,,,,,,,,,,,,,,,,,,,,,,,,,,,,,,,,,,,,,,,,,,
845,PE,LT,#1,#6,DIESEL_1,1060.7564373491289,1.154898307381548,1.4614595453091217,50000000,-0.353514977348395,1.3856804243520702,82.40852001838132,,,,,,,,,,,,,,,,,,,,,,,,,,,,,,,,,,,,,,,,,,,,,,,,,,,,,,,,,,,,,,,,,,,,,,,,,,,,,,,,,,,,,,,,,,,,,,,,,,,,,,,,,,,,,,,,,,,,,,,,,,,,,,,,,,,,,,,,,,,,,,,,,,,,,,,,,,,,,,,,,,,,,,,,,,,,,,,,,,,,,,,,,,,,,,,,,,,,,,,,,,,,,,,,,,,,,,
846,PE,LT,#1,#7,DIESEL_1,5996.707088899648,1.1984697144400691,1.6891049218547163,50000000,-0.37364365707072056,1.1716431594474432,85.10287232490226,,,,,,,,,,,,,,,,,,,,,,,,,,,,,,,,,,,,,,,,,,,,,,,,,,,,,,,,,,,,,,,,,,,,,,,,,,,,,,,,,,,,,,,,,,,,,,,,,,,,,,,,,,,,,,,,,,,,,,,,,,,,,,,,,,,,,,,,,,,,,,,,,,,,,,,,,,,,,,,,,,,,,,,,,,,,,,,,,,,,,,,,,,,,,,,,,,,,,,,,,,,,,,,,,,,,,,
847,PE,LT,#1,#8,DIESEL_1,2939.5634915409923,1.2415714677182048,1.7915585061670118,50000000,-0.4249115655744885,1.0600286575130315,86.3143726309343,,,,,,,,,,,,,,,,,,,,,,,,,,,,,,,,,,,,,,,,,,,,,,,,,,,,,,,,,,,,,,,,,,,,,,,,,,,,,,,,,,,,,,,,,,,,,,,,,,,,,,,,,,,,,,,,,,,,,,,,,,,,,,,,,,,,,,,,,,,,,,,,,,,,,,,,,,,,,,,,,,,,,,,,,,,,,,,,,,,,,,,,,,,,,,,,,,,,,,,,,,,,,,,,,,,,,,
848,PE,LT,#1,#9,DIESEL_1,6834.936225643819,1.1929228461387062,1.6293063662747747,50000000,-0.3638897981152921,1.2364605328233202,84.9152973935231,,,,,,,,,,,,,,,,,,,,,,,,,,,,,,,,,,,,,,,,,,,,,,,,,,,,,,,,,,,,,,,,,,,,,,,,,,,,,,,,,,,,,,,,,,,,,,,,,,,,,,,,,,,,,,,,,,,,,,,,,,,,,,,,,,,,,,,,,,,,,,,,,,,,,,,,,,,,,,,,,,,,,,,,,,,,,,,,,,,,,,,,,,,,,,,,,,,,,,,,,,,,,,,,,,,,,,
849,PE,LT,#1,#10,DIESEL_1,1960.7355780401565,1.2603078389431424,1.7836630789664853,50000000,-0.45067273986965734,1.0532878365723324,86.46414746090227,,,,,,,,,,,,,,,,,,,,,,,,,,,,,,,,,,,,,,,,,,,,,,,,,,,,,,,,,,,,,,,,,,,,,,,,,,,,,,,,,,,,,,,,,,,,,,,,,,,,,,,,,,,,,,,,,,,,,,,,,,,,,,,,,,,,,,,,,,,,,,,,,,,,,,,,,,,,,,,,,,,,,,,,,,,,,,,,,,,,,,,,,,,,,,,,,,,,,,,,,,,,,,,,,,,,,,
850,PE,LT,#1,#11,DIESEL_1,2411.1641275142697,1.269497565729045,1.8425299150969652,50000000,-0.4568243559773899,1.007115484764993,86.82529927093428,,,,,,,,,,,,,,,,,,,,,,,,,,,,,,,,,,,,,,,,,,,,,,,,,,,,,,,,,,,,,,,,,,,,,,,,,,,,,,,,,,,,,,,,,,,,,,,,,,,,,,,,,,,,,,,,,,,,,,,,,,,,,,,,,,,,,,,,,,,,,,,,,,,,,,,,,,,,,,,,,,,,,,,,,,,,,,,,,,,,,,,,,,,,,,,,,,,,,,,,,,,,,,,,,,,,,,
851,PE,LT,#2,#1,WAX_1,47216.78483090007,1.170269287745513,2.216236056081799,50000000,-0.26556061329478836,1.3102136549141847,79.73041881292106,,,,,,,,,,,,,,,,,,,,,,,,,,,,,,,,,,,,,,,,,,,,,,,,,,,,,,,,,,,,,,,,,,,,,,,,,,,,,,,,,,,,,,,,,,,,,,,,,,,,,,,,,,,,,,,,,,,,,,,,,,,,,,,,,,,,,,,,,,,,,,,,,,,,,,,,,,,,,,,,,,,,,,,,,,,,,,,,,,,,,,,,,,,,,,,,,,,,,,,,,,,,,,,,,,,,,,
852,PE,LT,#2,#2,WAX_1,44712.079373926375,1.251093704892266,2.349277696054852,50000000,-0.3418744843798494,1.1869237202715763,76.69080876768113,,,,,,,,,,,,,,,,,,,,,,,,,,,,,,,,,,,,,,,,,,,,,,,,,,,,,,,,,,,,,,,,,,,,,,,,,,,,,,,,,,,,,,,,,,,,,,,,,,,,,,,,,,,,,,,,,,,,,,,,,,,,,,,,,,,,,,,,,,,,,,,,,,,,,,,,,,,,,,,,,,,,,,,,,,,,,,,,,,,,,,,,,,,,,,,,,,,,,,,,,,,,,,,,,,,,,,
853,PE,LT,#2,#3,WAX_1,48036.66666940562,1.1574526893049006,2.074671141569768,50000000,-0.24623019336655688,1.456723331645828,76.79636100492105,,,,,,,,,,,,,,,,,,,,,,,,,,,,,,,,,,,,,,,,,,,,,,,,,,,,,,,,,,,,,,,,,,,,,,,,,,,,,,,,,,,,,,,,,,,,,,,,,,,,,,,,,,,,,,,,,,,,,,,,,,,,,,,,,,,,,,,,,,,,,,,,,,,,,,,,,,,,,,,,,,,,,,,,,,,,,,,,,,,,,,,,,,,,,,,,,,,,,,,,,,,,,,,,,,,,,,
854,PE,LT,#2,#4,WAX_1,42162.05504909565,1.1634404176753312,2.116052658759995,50000000,-0.2778815539855182,1.3796371222356156,80.01824825292105,,,,,,,,,,,,,,,,,,,,,,,,,,,,,,,,,,,,,,,,,,,,,,,,,,,,,,,,,,,,,,,,,,,,,,,,,,,,,,,,,,,,,,,,,,,,,,,,,,,,,,,,,,,,,,,,,,,,,,,,,,,,,,,,,,,,,,,,,,,,,,,,,,,,,,,,,,,,,,,,,,,,,,,,,,,,,,,,,,,,,,,,,,,,,,,,,,,,,,,,,,,,,,,,,,,,,,
855,PE,LT,#2,#5,WAX_1,46200.593916147285,1.2519036070691516,2.350100441101897,50000000,-0.3306371835811693,1.201643339664945,73.91122910894133,,,,,,,,,,,,,,,,,,,,,,,,,,,,,,,,,,,,,,,,,,,,,,,,,,,,,,,,,,,,,,,,,,,,,,,,,,,,,,,,,,,,,,,,,,,,,,,,,,,,,,,,,,,,,,,,,,,,,,,,,,,,,,,,,,,,,,,,,,,,,,,,,,,,,,,,,,,,,,,,,,,,,,,,,,,,,,,,,,,,,,,,,,,,,,,,,,,,,,,,,,,,,,,,,,,,,,
856,PE,LT,#2,#6,WAX_1,42160.93485782356,1.109193146809134,1.876449449084873,50000000,-0.22601451479436788,1.6355159912658797,76.60558141546228,,,,,,,,,,,,,,,,,,,,,,,,,,,,,,,,,,,,,,,,,,,,,,,,,,,,,,,,,,,,,,,,,,,,,,,,,,,,,,,,,,,,,,,,,,,,,,,,,,,,,,,,,,,,,,,,,,,,,,,,,,,,,,,,,,,,,,,,,,,,,,,,,,,,,,,,,,,,,,,,,,,,,,,,,,,,,,,,,,,,,,,,,,,,,,,,,,,,,,,,,,,,,,,,,,,,,,
857,PE,LT,#2,#7,WAX_1,47096.88550937408,1.1527645538676556,2.1040948256304675,50000000,-0.24614319451669373,1.421478726361253,77.81708172149429,,,,,,,,,,,,,,,,,,,,,,,,,,,,,,,,,,,,,,,,,,,,,,,,,,,,,,,,,,,,,,,,,,,,,,,,,,,,,,,,,,,,,,,,,,,,,,,,,,,,,,,,,,,,,,,,,,,,,,,,,,,,,,,,,,,,,,,,,,,,,,,,,,,,,,,,,,,,,,,,,,,,,,,,,,,,,,,,,,,,,,,,,,,,,,,,,,,,,,,,,,,,,,,,,,,,,,
858,PE,LT,#2,#8,WAX_1,44039.74191201542,1.1958663071457916,2.2065484099427635,50000000,-0.29741110302046153,1.3098642244268413,76.41800648408311,,,,,,,,,,,,,,,,,,,,,,,,,,,,,,,,,,,,,,,,,,,,,,,,,,,,,,,,,,,,,,,,,,,,,,,,,,,,,,,,,,,,,,,,,,,,,,,,,,,,,,,,,,,,,,,,,,,,,,,,,,,,,,,,,,,,,,,,,,,,,,,,,,,,,,,,,,,,,,,,,,,,,,,,,,,,,,,,,,,,,,,,,,,,,,,,,,,,,,,,,,,,,,,,,,,,,,
859,PE,LT,#2,#9,WAX_1,47935.11464611825,1.1472176855662932,2.044296270050526,50000000,-0.23638933556126546,1.4862960997371302,77.96685655146227,,,,,,,,,,,,,,,,,,,,,,,,,,,,,,,,,,,,,,,,,,,,,,,,,,,,,,,,,,,,,,,,,,,,,,,,,,,,,,,,,,,,,,,,,,,,,,,,,,,,,,,,,,,,,,,,,,,,,,,,,,,,,,,,,,,,,,,,,,,,,,,,,,,,,,,,,,,,,,,,,,,,,,,,,,,,,,,,,,,,,,,,,,,,,,,,,,,,,,,,,,,,,,,,,,,,,,
860,PE,LT,#2,#10,WAX_1,43060.91399851459,1.214602678370729,2.198652982742236,50000000,-0.32317227731563064,1.3031234034861425,78.32800836149428,,,,,,,,,,,,,,,,,,,,,,,,,,,,,,,,,,,,,,,,,,,,,,,,,,,,,,,,,,,,,,,,,,,,,,,,,,,,,,,,,,,,,,,,,,,,,,,,,,,,,,,,,,,,,,,,,,,,,,,,,,,,,,,,,,,,,,,,,,,,,,,,,,,,,,,,,,,,,,,,,,,,,,,,,,,,,,,,,,,,,,,,,,,,,,,,,,,,,,,,,,,,,,,,,,,,,,
861,PE,LT,#2,#11,WAX_1,43511.3425479887,1.2237924051566316,2.2575198188727166,50000000,-0.3293238934233632,1.2569510516788027,73.57616413056006,,,,,,,,,,,,,,,,,,,,,,,,,,,,,,,,,,,,,,,,,,,,,,,,,,,,,,,,,,,,,,,,,,,,,,,,,,,,,,,,,,,,,,,,,,,,,,,,,,,,,,,,,,,,,,,,,,,,,,,,,,,,,,,,,,,,,,,,,,,,,,,,,,,,,,,,,,,,,,,,,,,,,,,,,,,,,,,,,,,,,,,,,,,,,,,,,,,,,,,,,,,,,,,,,,,,,,
862,PE,LT,#3,#1,WAX_1,72177.76042361559,1.5635774165107519,3.0204727760681274,50000000,-0.5170424520672088,0.4543982969710648,84.46774863525168,,,,,,,,,,,,,,,,,,,,,,,,,,,,,,,,,,,,,,,,,,,,,,,,,,,,,,,,,,,,,,,,,,,,,,,,,,,,,,,,,,,,,,,,,,,,,,,,,,,,,,,,,,,,,,,,,,,,,,,,,,,,,,,,,,,,,,,,,,,,,,,,,,,,,,,,,,,,,,,,,,,,,,,,,,,,,,,,,,,,,,,,,,,,,,,,,,,,,,,,,,,,,,,,,,,,,,
863,PE,LT,#3,#2,WAX_1,69673.0549666419,1.644401833657506,3.153514416041179,50000000,-0.5933563231522713,0.3311083623284569,86.75650431525168,,,,,,,,,,,,,,,,,,,,,,,,,,,,,,,,,,,,,,,,,,,,,,,,,,,,,,,,,,,,,,,,,,,,,,,,,,,,,,,,,,,,,,,,,,,,,,,,,,,,,,,,,,,,,,,,,,,,,,,,,,,,,,,,,,,,,,,,,,,,,,,,,,,,,,,,,,,,,,,,,,,,,,,,,,,,,,,,,,,,,,,,,,,,,,,,,,,,,,,,,,,,,,,,,,,,,,
864,PE,LT,#3,#3,WAX_1,72997.64226212115,1.5507608180701393,2.8789078615560957,50000000,-0.4977120321389775,0.6009079737027082,83.71689427001175,,,,,,,,,,,,,,,,,,,,,,,,,,,,,,,,,,,,,,,,,,,,,,,,,,,,,,,,,,,,,,,,,,,,,,,,,,,,,,,,,,,,,,,,,,,,,,,,,,,,,,,,,,,,,,,,,,,,,,,,,,,,,,,,,,,,,,,,,,,,,,,,,,,,,,,,,,,,,,,,,,,,,,,,,,,,,,,,,,,,,,,,,,,,,,,,,,,,,,,,,,,,,,,,,,,,,,
865,PE,LT,#3,#4,WAX_1,67123.03064181117,1.5567485464405715,2.920289378746322,50000000,-0.5293633927579404,0.5238217642924958,83.82244650725167,,,,,,,,,,,,,,,,,,,,,,,,,,,,,,,,,,,,,,,,,,,,,,,,,,,,,,,,,,,,,,,,,,,,,,,,,,,,,,,,,,,,,,,,,,,,,,,,,,,,,,,,,,,,,,,,,,,,,,,,,,,,,,,,,,,,,,,,,,,,,,,,,,,,,,,,,,,,,,,,,,,,,,,,,,,,,,,,,,,,,,,,,,,,,,,,,,,,,,,,,,,,,,,,,,,,,,
866,PE,LT,#3,#5,WAX_1,71161.56950886281,1.6452117358343916,3.1543371610882245,50000000,-0.5821190223535914,0.34582798172182533,87.04433375525167,,,,,,,,,,,,,,,,,,,,,,,,,,,,,,,,,,,,,,,,,,,,,,,,,,,,,,,,,,,,,,,,,,,,,,,,,,,,,,,,,,,,,,,,,,,,,,,,,,,,,,,,,,,,,,,,,,,,,,,,,,,,,,,,,,,,,,,,,,,,,,,,,,,,,,,,,,,,,,,,,,,,,,,,,,,,,,,,,,,,,,,,,,,,,,,,,,,,,,,,,,,,,,,,,,,,,,
867,PE,LT,#3,#6,WAX_1,67121.91045053909,1.5025012755743727,2.6806861690712007,50000000,-0.4774963535667885,0.7797006333227599,80.93731461127194,,,,,,,,,,,,,,,,,,,,,,,,,,,,,,,,,,,,,,,,,,,,,,,,,,,,,,,,,,,,,,,,,,,,,,,,,,,,,,,,,,,,,,,,,,,,,,,,,,,,,,,,,,,,,,,,,,,,,,,,,,,,,,,,,,,,,,,,,,,,,,,,,,,,,,,,,,,,,,,,,,,,,,,,,,,,,,,,,,,,,,,,,,,,,,,,,,,,,,,,,,,,,,,,,,,,,,
868,PE,LT,#3,#7,WAX_1,72057.8611020896,1.5460726826328957,2.908331545616795,50000000,-0.49762503328911567,0.5656633684181336,83.6316669177929,,,,,,,,,,,,,,,,,,,,,,,,,,,,,,,,,,,,,,,,,,,,,,,,,,,,,,,,,,,,,,,,,,,,,,,,,,,,,,,,,,,,,,,,,,,,,,,,,,,,,,,,,,,,,,,,,,,,,,,,,,,,,,,,,,,,,,,,,,,,,,,,,,,,,,,,,,,,,,,,,,,,,,,,,,,,,,,,,,,,,,,,,,,,,,,,,,,,,,,,,,,,,,,,,,,,,,
869,PE,LT,#3,#8,WAX_1,69000.71750473094,1.5891744359110316,3.0107851299290918,50000000,-0.5488929417928834,0.45404886648372056,84.84316722382489,,,,,,,,,,,,,,,,,,,,,,,,,,,,,,,,,,,,,,,,,,,,,,,,,,,,,,,,,,,,,,,,,,,,,,,,,,,,,,,,,,,,,,,,,,,,,,,,,,,,,,,,,,,,,,,,,,,,,,,,,,,,,,,,,,,,,,,,,,,,,,,,,,,,,,,,,,,,,,,,,,,,,,,,,,,,,,,,,,,,,,,,,,,,,,,,,,,,,,,,,,,,,,,,,,,,,,
870,PE,LT,#3,#9,WAX_1,72896.09023883377,1.540525814331533,2.8485329900368543,50000000,-0.4878711743336874,0.6304807417940095,83.44409198641372,,,,,,,,,,,,,,,,,,,,,,,,,,,,,,,,,,,,,,,,,,,,,,,,,,,,,,,,,,,,,,,,,,,,,,,,,,,,,,,,,,,,,,,,,,,,,,,,,,,,,,,,,,,,,,,,,,,,,,,,,,,,,,,,,,,,,,,,,,,,,,,,,,,,,,,,,,,,,,,,,,,,,,,,,,,,,,,,,,,,,,,,,,,,,,,,,,,,,,,,,,,,,,,,,,,,,,
871,PE,LT,#3,#10,WAX_1,68021.88959123011,1.6079108071359693,3.002889702728564,50000000,-0.574654116088053,0.44730804554302245,84.9929420537929,,,,,,,,,,,,,,,,,,,,,,,,,,,,,,,,,,,,,,,,,,,,,,,,,,,,,,,,,,,,,,,,,,,,,,,,,,,,,,,,,,,,,,,,,,,,,,,,,,,,,,,,,,,,,,,,,,,,,,,,,,,,,,,,,,,,,,,,,,,,,,,,,,,,,,,,,,,,,,,,,,,,,,,,,,,,,,,,,,,,,,,,,,,,,,,,,,,,,,,,,,,,,,,,,,,,,,
872,PE,LT,#3,#11,WAX_1,68472.31814070423,1.617100533921872,3.0617565388590444,50000000,-0.5808057321957855,0.401135693735683,85.3540938638249,,,,,,,,,,,,,,,,,,,,,,,,,,,,,,,,,,,,,,,,,,,,,,,,,,,,,,,,,,,,,,,,,,,,,,,,,,,,,,,,,,,,,,,,,,,,,,,,,,,,,,,,,,,,,,,,,,,,,,,,,,,,,,,,,,,,,,,,,,,,,,,,,,,,,,,,,,,,,,,,,,,,,,,,,,,,,,,,,,,,,,,,,,,,,,,,,,,,,,,,,,,,,,,,,,,,,,
873,PE,LT,#4,#1,WAX_1,63734.511896615695,1.6195102865799913,3.278728990372498,50000000,-0.5822257548717168,0.2578853411429909,86.94961102128369,,,,,,,,,,,,,,,,,,,,,,,,,,,,,,,,,,,,,,,,,,,,,,,,,,,,,,,,,,,,,,,,,,,,,,,,,,,,,,,,,,,,,,,,,,,,,,,,,,,,,,,,,,,,,,,,,,,,,,,,,,,,,,,,,,,,,,,,,,,,,,,,,,,,,,,,,,,,,,,,,,,,,,,,,,,,,,,,,,,,,,,,,,,,,,,,,,,,,,,,,,,,,,,,,,,,,,
874,PE,LT,#4,#2,WAX_1,61229.806439642,1.7003347037267436,3.41177063034555,50000000,-0.6585396259567774,0.1345954065003827,89.23836670128368,,,,,,,,,,,,,,,,,,,,,,,,,,,,,,,,,,,,,,,,,,,,,,,,,,,,,,,,,,,,,,,,,,,,,,,,,,,,,,,,,,,,,,,,,,,,,,,,,,,,,,,,,,,,,,,,,,,,,,,,,,,,,,,,,,,,,,,,,,,,,,,,,,,,,,,,,,,,,,,,,,,,,,,,,,,,,,,,,,,,,,,,,,,,,,,,,,,,,,,,,,,,,,,,,,,,,,
875,PE,LT,#4,#3,WAX_1,64554.39373512124,1.6066936881393787,3.137164075860467,50000000,-0.5628953349434853,0.40439501787463367,86.19875665604376,,,,,,,,,,,,,,,,,,,,,,,,,,,,,,,,,,,,,,,,,,,,,,,,,,,,,,,,,,,,,,,,,,,,,,,,,,,,,,,,,,,,,,,,,,,,,,,,,,,,,,,,,,,,,,,,,,,,,,,,,,,,,,,,,,,,,,,,,,,,,,,,,,,,,,,,,,,,,,,,,,,,,,,,,,,,,,,,,,,,,,,,,,,,,,,,,,,,,,,,,,,,,,,,,,,,,,
876,PE,LT,#4,#4,WAX_1,58679.78211481128,1.612681416509811,3.178545593050694,50000000,-0.5945466955624483,0.32730880846442134,86.30430889328368,,,,,,,,,,,,,,,,,,,,,,,,,,,,,,,,,,,,,,,,,,,,,,,,,,,,,,,,,,,,,,,,,,,,,,,,,,,,,,,,,,,,,,,,,,,,,,,,,,,,,,,,,,,,,,,,,,,,,,,,,,,,,,,,,,,,,,,,,,,,,,,,,,,,,,,,,,,,,,,,,,,,,,,,,,,,,,,,,,,,,,,,,,,,,,,,,,,,,,,,,,,,,,,,,,,,,,
877,PE,LT,#4,#5,WAX_1,62718.32098186292,1.7011446059036313,3.4125933753925954,50000000,-0.647302325158099,0.14931502589375167,89.52619614128368,,,,,,,,,,,,,,,,,,,,,,,,,,,,,,,,,,,,,,,,,,,,,,,,,,,,,,,,,,,,,,,,,,,,,,,,,,,,,,,,,,,,,,,,,,,,,,,,,,,,,,,,,,,,,,,,,,,,,,,,,,,,,,,,,,,,,,,,,,,,,,,,,,,,,,,,,,,,,,,,,,,,,,,,,,,,,,,,,,,,,,,,,,,,,,,,,,,,,,,,,,,,,,,,,,,,,,
878,PE,LT,#4,#6,WAX_1,58678.661923539184,1.5584341456436128,2.938942383375572,50000000,-0.5426796563712968,0.5831876774946859,83.41917699730394,,,,,,,,,,,,,,,,,,,,,,,,,,,,,,,,,,,,,,,,,,,,,,,,,,,,,,,,,,,,,,,,,,,,,,,,,,,,,,,,,,,,,,,,,,,,,,,,,,,,,,,,,,,,,,,,,,,,,,,,,,,,,,,,,,,,,,,,,,,,,,,,,,,,,,,,,,,,,,,,,,,,,,,,,,,,,,,,,,,,,,,,,,,,,,,,,,,,,,,,,,,,,,,,,,,,,,
879,PE,LT,#4,#7,WAX_1,63614.612575089704,1.6020055527021337,3.1665877599211667,50000000,-0.5628083360936222,0.36915041259005843,86.1135293038249,,,,,,,,,,,,,,,,,,,,,,,,,,,,,,,,,,,,,,,,,,,,,,,,,,,,,,,,,,,,,,,,,,,,,,,,,,,,,,,,,,,,,,,,,,,,,,,,,,,,,,,,,,,,,,,,,,,,,,,,,,,,,,,,,,,,,,,,,,,,,,,,,,,,,,,,,,,,,,,,,,,,,,,,,,,,,,,,,,,,,,,,,,,,,,,,,,,,,,,,,,,,,,,,,,,,,,
880,PE,LT,#4,#8,WAX_1,60557.46897773105,1.6451073059802708,3.2690413442334627,50000000,-0.6140762445973914,0.2575359106556466,87.32502960985691,,,,,,,,,,,,,,,,,,,,,,,,,,,,,,,,,,,,,,,,,,,,,,,,,,,,,,,,,,,,,,,,,,,,,,,,,,,,,,,,,,,,,,,,,,,,,,,,,,,,,,,,,,,,,,,,,,,,,,,,,,,,,,,,,,,,,,,,,,,,,,,,,,,,,,,,,,,,,,,,,,,,,,,,,,,,,,,,,,,,,,,,,,,,,,,,,,,,,,,,,,,,,,,,,,,,,,
881,PE,LT,#4,#9,WAX_1,64452.84171183387,1.5964586844007713,3.106789204341225,50000000,-0.5530544771381939,0.4339677859659359,85.92595437244572,,,,,,,,,,,,,,,,,,,,,,,,,,,,,,,,,,,,,,,,,,,,,,,,,,,,,,,,,,,,,,,,,,,,,,,,,,,,,,,,,,,,,,,,,,,,,,,,,,,,,,,,,,,,,,,,,,,,,,,,,,,,,,,,,,,,,,,,,,,,,,,,,,,,,,,,,,,,,,,,,,,,,,,,,,,,,,,,,,,,,,,,,,,,,,,,,,,,,,,,,,,,,,,,,,,,,,
882,PE,LT,#4,#10,WAX_1,59578.64106423021,1.6638436772052088,3.2611459170329358,50000000,-0.6398374188925608,0.25079508971494824,87.47480443982488,,,,,,,,,,,,,,,,,,,,,,,,,,,,,,,,,,,,,,,,,,,,,,,,,,,,,,,,,,,,,,,,,,,,,,,,,,,,,,,,,,,,,,,,,,,,,,,,,,,,,,,,,,,,,,,,,,,,,,,,,,,,,,,,,,,,,,,,,,,,,,,,,,,,,,,,,,,,,,,,,,,,,,,,,,,,,,,,,,,,,,,,,,,,,,,,,,,,,,,,,,,,,,,,,,,,,,
883,PE,LT,#4,#11,WAX_1,60029.06961370433,1.6730334039911114,3.320012753163417,50000000,-0.6459890350002935,0.20462273790760727,87.83595624985688,,,,,,,,,,,,,,,,,,,,,,,,,,,,,,,,,,,,,,,,,,,,,,,,,,,,,,,,,,,,,,,,,,,,,,,,,,,,,,,,,,,,,,,,,,,,,,,,,,,,,,,,,,,,,,,,,,,,,,,,,,,,,,,,,,,,,,,,,,,,,,,,,,,,,,,,,,,,,,,,,,,,,,,,,,,,,,,,,,,,,,,,,,,,,,,,,,,,,,,,,,,,,,,,,,,,,,
884,PE,LT,#5,#1,WAX_1,106968.32839102401,1.5753607043191624,2.9019592393699356,50000000,-0.39774620216992385,0.7701497339357063,83.84372528003392,,,,,,,,,,,,,,,,,,,,,,,,,,,,,,,,,,,,,,,,,,,,,,,,,,,,,,,,,,,,,,,,,,,,,,,,,,,,,,,,,,,,,,,,,,,,,,,,,,,,,,,,,,,,,,,,,,,,,,,,,,,,,,,,,,,,,,,,,,,,,,,,,,,,,,,,,,,,,,,,,,,,,,,,,,,,,,,,,,,,,,,,,,,,,,,,,,,,,,,,,,,,,,,,,,,,,,
885,PE,LT,#5,#2,WAX_1,104463.62293405032,1.6561851214659145,3.035000879342989,50000000,-0.4740600732549844,0.646859799293097,86.13248096003392,,,,,,,,,,,,,,,,,,,,,,,,,,,,,,,,,,,,,,,,,,,,,,,,,,,,,,,,,,,,,,,,,,,,,,,,,,,,,,,,,,,,,,,,,,,,,,,,,,,,,,,,,,,,,,,,,,,,,,,,,,,,,,,,,,,,,,,,,,,,,,,,,,,,,,,,,,,,,,,,,,,,,,,,,,,,,,,,,,,,,,,,,,,,,,,,,,,,,,,,,,,,,,,,,,,,,,
886,PE,LT,#5,#3,WAX_1,107788.21022952955,1.56254410587855,2.760394324857903,50000000,-0.3784157822416927,0.91665941066735,83.09287091479398,,,,,,,,,,,,,,,,,,,,,,,,,,,,,,,,,,,,,,,,,,,,,,,,,,,,,,,,,,,,,,,,,,,,,,,,,,,,,,,,,,,,,,,,,,,,,,,,,,,,,,,,,,,,,,,,,,,,,,,,,,,,,,,,,,,,,,,,,,,,,,,,,,,,,,,,,,,,,,,,,,,,,,,,,,,,,,,,,,,,,,,,,,,,,,,,,,,,,,,,,,,,,,,,,,,,,,
887,PE,LT,#5,#4,WAX_1,101913.59860921958,1.5685318342489818,2.8017758420481305,50000000,-0.4100671428606552,0.8395732012571374,83.1984231520339,,,,,,,,,,,,,,,,,,,,,,,,,,,,,,,,,,,,,,,,,,,,,,,,,,,,,,,,,,,,,,,,,,,,,,,,,,,,,,,,,,,,,,,,,,,,,,,,,,,,,,,,,,,,,,,,,,,,,,,,,,,,,,,,,,,,,,,,,,,,,,,,,,,,,,,,,,,,,,,,,,,,,,,,,,,,,,,,,,,,,,,,,,,,,,,,,,,,,,,,,,,,,,,,,,,,,,
888,PE,LT,#5,#5,WAX_1,105952.13747627122,1.6569950236428022,3.035823624390034,50000000,-0.4628227724563062,0.661579418686466,86.42031040003391,,,,,,,,,,,,,,,,,,,,,,,,,,,,,,,,,,,,,,,,,,,,,,,,,,,,,,,,,,,,,,,,,,,,,,,,,,,,,,,,,,,,,,,,,,,,,,,,,,,,,,,,,,,,,,,,,,,,,,,,,,,,,,,,,,,,,,,,,,,,,,,,,,,,,,,,,,,,,,,,,,,,,,,,,,,,,,,,,,,,,,,,,,,,,,,,,,,,,,,,,,,,,,,,,,,,,,
889,PE,LT,#5,#6,WAX_1,101912.4784179475,1.5142845633827835,2.5621726323730103,50000000,-0.3582001036695037,1.0954520702874002,80.31329125605416,,,,,,,,,,,,,,,,,,,,,,,,,,,,,,,,,,,,,,,,,,,,,,,,,,,,,,,,,,,,,,,,,,,,,,,,,,,,,,,,,,,,,,,,,,,,,,,,,,,,,,,,,,,,,,,,,,,,,,,,,,,,,,,,,,,,,,,,,,,,,,,,,,,,,,,,,,,,,,,,,,,,,,,,,,,,,,,,,,,,,,,,,,,,,,,,,,,,,,,,,,,,,,,,,,,,,,
890,PE,LT,#5,#7,WAX_1,106848.42906949802,1.5578559704413046,2.7898180089186044,50000000,-0.3783287833918291,0.8814148053827738,83.00764356257513,,,,,,,,,,,,,,,,,,,,,,,,,,,,,,,,,,,,,,,,,,,,,,,,,,,,,,,,,,,,,,,,,,,,,,,,,,,,,,,,,,,,,,,,,,,,,,,,,,,,,,,,,,,,,,,,,,,,,,,,,,,,,,,,,,,,,,,,,,,,,,,,,,,,,,,,,,,,,,,,,,,,,,,,,,,,,,,,,,,,,,,,,,,,,,,,,,,,,,,,,,,,,,,,,,,,,,
891,PE,LT,#5,#8,WAX_1,103791.28547213937,1.6009577237194426,2.8922715932308996,50000000,-0.4295966918955988,0.7698003034483627,84.2191438686071,,,,,,,,,,,,,,,,,,,,,,,,,,,,,,,,,,,,,,,,,,,,,,,,,,,,,,,,,,,,,,,,,,,,,,,,,,,,,,,,,,,,,,,,,,,,,,,,,,,,,,,,,,,,,,,,,,,,,,,,,,,,,,,,,,,,,,,,,,,,,,,,,,,,,,,,,,,,,,,,,,,,,,,,,,,,,,,,,,,,,,,,,,,,,,,,,,,,,,,,,,,,,,,,,,,,,,
892,PE,LT,#5,#9,WAX_1,107686.6582062422,1.5523091021399438,2.730019453338663,50000000,-0.36857492443640255,0.9462321787586507,82.82006863119595,,,,,,,,,,,,,,,,,,,,,,,,,,,,,,,,,,,,,,,,,,,,,,,,,,,,,,,,,,,,,,,,,,,,,,,,,,,,,,,,,,,,,,,,,,,,,,,,,,,,,,,,,,,,,,,,,,,,,,,,,,,,,,,,,,,,,,,,,,,,,,,,,,,,,,,,,,,,,,,,,,,,,,,,,,,,,,,,,,,,,,,,,,,,,,,,,,,,,,,,,,,,,,,,,,,,,,
893,PE,LT,#5,#10,WAX_1,102812.45755863852,1.6196940949443797,2.884376166030373,50000000,-0.45535786619076757,0.7630594825076634,84.3689186985751,,,,,,,,,,,,,,,,,,,,,,,,,,,,,,,,,,,,,,,,,,,,,,,,,,,,,,,,,,,,,,,,,,,,,,,,,,,,,,,,,,,,,,,,,,,,,,,,,,,,,,,,,,,,,,,,,,,,,,,,,,,,,,,,,,,,,,,,,,,,,,,,,,,,,,,,,,,,,,,,,,,,,,,,,,,,,,,,,,,,,,,,,,,,,,,,,,,,,,,,,,,,,,,,,,,,,,
894,PE,LT,#5,#11,WAX_1,103262.88610811264,1.6288838217302826,2.9432430021608535,50000000,-0.4615094822985005,0.7168871307003233,84.73007050860713,,,,,,,,,,,,,,,,,,,,,,,,,,,,,,,,,,,,,,,,,,,,,,,,,,,,,,,,,,,,,,,,,,,,,,,,,,,,,,,,,,,,,,,,,,,,,,,,,,,,,,,,,,,,,,,,,,,,,,,,,,,,,,,,,,,,,,,,,,,,,,,,,,,,,,,,,,,,,,,,,,,,,,,,,,,,,,,,,,,,,,,,,,,,,,,,,,,,,,,,,,,,,,,,,,,,,,
895,PE,LT,#6,#1,WAX_1,58027.36074724496,1.6889033483489453,3.974185561262939,50000000,-0.6942691042685529,-0.5833481991561773,96.26009215525167,,,,,,,,,,,,,,,,,,,,,,,,,,,,,,,,,,,,,,,,,,,,,,,,,,,,,,,,,,,,,,,,,,,,,,,,,,,,,,,,,,,,,,,,,,,,,,,,,,,,,,,,,,,,,,,,,,,,,,,,,,,,,,,,,,,,,,,,,,,,,,,,,,,,,,,,,,,,,,,,,,,,,,,,,,,,,,,,,,,,,,,,,,,,,,,,,,,,,,,,,,,,,,,,,,,,,,
896,PE,LT,#6,#2,WAX_1,55522.655290271265,1.7697277654956978,4.107227201235991,50000000,-0.7705829753536138,-0.7066381337987855,98.54884783525168,,,,,,,,,,,,,,,,,,,,,,,,,,,,,,,,,,,,,,,,,,,,,,,,,,,,,,,,,,,,,,,,,,,,,,,,,,,,,,,,,,,,,,,,,,,,,,,,,,,,,,,,,,,,,,,,,,,,,,,,,,,,,,,,,,,,,,,,,,,,,,,,,,,,,,,,,,,,,,,,,,,,,,,,,,,,,,,,,,,,,,,,,,,,,,,,,,,,,,,,,,,,,,,,,,,,,,
897,PE,LT,#6,#3,WAX_1,58847.2425857505,1.6760867499083332,3.8326206467509083,50000000,-0.6749386843403219,-0.43683852242453547,95.50923779001175,,,,,,,,,,,,,,,,,,,,,,,,,,,,,,,,,,,,,,,,,,,,,,,,,,,,,,,,,,,,,,,,,,,,,,,,,,,,,,,,,,,,,,,,,,,,,,,,,,,,,,,,,,,,,,,,,,,,,,,,,,,,,,,,,,,,,,,,,,,,,,,,,,,,,,,,,,,,,,,,,,,,,,,,,,,,,,,,,,,,,,,,,,,,,,,,,,,,,,,,,,,,,,,,,,,,,,
898,PE,LT,#6,#4,WAX_1,52972.63096544054,1.6820744782787653,3.874002163941135,50000000,-0.7065900449592848,-0.5139247318347469,95.61479002725166,,,,,,,,,,,,,,,,,,,,,,,,,,,,,,,,,,,,,,,,,,,,,,,,,,,,,,,,,,,,,,,,,,,,,,,,,,,,,,,,,,,,,,,,,,,,,,,,,,,,,,,,,,,,,,,,,,,,,,,,,,,,,,,,,,,,,,,,,,,,,,,,,,,,,,,,,,,,,,,,,,,,,,,,,,,,,,,,,,,,,,,,,,,,,,,,,,,,,,,,,,,,,,,,,,,,,,
899,PE,LT,#6,#5,WAX_1,57011.16983249217,1.770537667672586,4.108049946283036,50000000,-0.7593456745549362,-0.6919185144054165,98.83667727525167,,,,,,,,,,,,,,,,,,,,,,,,,,,,,,,,,,,,,,,,,,,,,,,,,,,,,,,,,,,,,,,,,,,,,,,,,,,,,,,,,,,,,,,,,,,,,,,,,,,,,,,,,,,,,,,,,,,,,,,,,,,,,,,,,,,,,,,,,,,,,,,,,,,,,,,,,,,,,,,,,,,,,,,,,,,,,,,,,,,,,,,,,,,,,,,,,,,,,,,,,,,,,,,,,,,,,,
900,PE,LT,#6,#6,WAX_1,52971.51077416845,1.6278272074125668,3.6343989542660133,50000000,-0.6547230057681332,-0.25804586280448316,92.72965813127193,,,,,,,,,,,,,,,,,,,,,,,,,,,,,,,,,,,,,,,,,,,,,,,,,,,,,,,,,,,,,,,,,,,,,,,,,,,,,,,,,,,,,,,,,,,,,,,,,,,,,,,,,,,,,,,,,,,,,,,,,,,,,,,,,,,,,,,,,,,,,,,,,,,,,,,,,,,,,,,,,,,,,,,,,,,,,,,,,,,,,,,,,,,,,,,,,,,,,,,,,,,,,,,,,,,,,,
901,PE,LT,#6,#7,WAX_1,57907.46142571897,1.6713986144710877,3.862044330811607,50000000,-0.6748516854904585,-0.4720831277091092,95.42401043779289,,,,,,,,,,,,,,,,,,,,,,,,,,,,,,,,,,,,,,,,,,,,,,,,,,,,,,,,,,,,,,,,,,,,,,,,,,,,,,,,,,,,,,,,,,,,,,,,,,,,,,,,,,,,,,,,,,,,,,,,,,,,,,,,,,,,,,,,,,,,,,,,,,,,,,,,,,,,,,,,,,,,,,,,,,,,,,,,,,,,,,,,,,,,,,,,,,,,,,,,,,,,,,,,,,,,,,
902,PE,LT,#6,#8,WAX_1,54850.317828360305,1.7145003677492259,3.964497915123903,50000000,-0.7261195939942282,-0.583697629643521,96.6355107438249,,,,,,,,,,,,,,,,,,,,,,,,,,,,,,,,,,,,,,,,,,,,,,,,,,,,,,,,,,,,,,,,,,,,,,,,,,,,,,,,,,,,,,,,,,,,,,,,,,,,,,,,,,,,,,,,,,,,,,,,,,,,,,,,,,,,,,,,,,,,,,,,,,,,,,,,,,,,,,,,,,,,,,,,,,,,,,,,,,,,,,,,,,,,,,,,,,,,,,,,,,,,,,,,,,,,,,
903,PE,LT,#6,#9,WAX_1,58745.69056246314,1.665851746169727,3.802245775231665,50000000,-0.6650978265350321,-0.40726575433323176,95.23643550641371,,,,,,,,,,,,,,,,,,,,,,,,,,,,,,,,,,,,,,,,,,,,,,,,,,,,,,,,,,,,,,,,,,,,,,,,,,,,,,,,,,,,,,,,,,,,,,,,,,,,,,,,,,,,,,,,,,,,,,,,,,,,,,,,,,,,,,,,,,,,,,,,,,,,,,,,,,,,,,,,,,,,,,,,,,,,,,,,,,,,,,,,,,,,,,,,,,,,,,,,,,,,,,,,,,,,,,
904,PE,LT,#6,#10,WAX_1,53871.48991485947,1.733236738974163,3.956602487923375,50000000,-0.7518807682893971,-0.5904384505842194,96.78528557379288,,,,,,,,,,,,,,,,,,,,,,,,,,,,,,,,,,,,,,,,,,,,,,,,,,,,,,,,,,,,,,,,,,,,,,,,,,,,,,,,,,,,,,,,,,,,,,,,,,,,,,,,,,,,,,,,,,,,,,,,,,,,,,,,,,,,,,,,,,,,,,,,,,,,,,,,,,,,,,,,,,,,,,,,,,,,,,,,,,,,,,,,,,,,,,,,,,,,,,,,,,,,,,,,,,,,,,
905,PE,LT,#6,#11,WAX_1,54321.91846433358,1.7424264657600657,4.015469324053856,50000000,-0.7580323843971297,-0.6366108023915592,97.14643738382489,,,,,,,,,,,,,,,,,,,,,,,,,,,,,,,,,,,,,,,,,,,,,,,,,,,,,,,,,,,,,,,,,,,,,,,,,,,,,,,,,,,,,,,,,,,,,,,,,,,,,,,,,,,,,,,,,,,,,,,,,,,,,,,,,,,,,,,,,,,,,,,,,,,,,,,,,,,,,,,,,,,,,,,,,,,,,,,,,,,,,,,,,,,,,,,,,,,,,,,,,,,,,,,,,,,,,,
906,PE,LT,#7,#1,WAX_1,62491.890504496936,1.7506380376455202,4.439165718365324,50000000,-0.7172194316002829,-0.9065622511547938,98.8163094212837,,,,,,,,,,,,,,,,,,,,,,,,,,,,,,,,,,,,,,,,,,,,,,,,,,,,,,,,,,,,,,,,,,,,,,,,,,,,,,,,,,,,,,,,,,,,,,,,,,,,,,,,,,,,,,,,,,,,,,,,,,,,,,,,,,,,,,,,,,,,,,,,,,,,,,,,,,,,,,,,,,,,,,,,,,,,,,,,,,,,,,,,,,,,,,,,,,,,,,,,,,,,,,,,,,,,,,
907,PE,LT,#7,#2,WAX_1,59987.18504752324,1.8314624547922727,4.5722073583383755,50000000,-0.7935333026853436,-1.029852185797402,101.10506510128369,,,,,,,,,,,,,,,,,,,,,,,,,,,,,,,,,,,,,,,,,,,,,,,,,,,,,,,,,,,,,,,,,,,,,,,,,,,,,,,,,,,,,,,,,,,,,,,,,,,,,,,,,,,,,,,,,,,,,,,,,,,,,,,,,,,,,,,,,,,,,,,,,,,,,,,,,,,,,,,,,,,,,,,,,,,,,,,,,,,,,,,,,,,,,,,,,,,,,,,,,,,,,,,,,,,,,,
908,PE,LT,#7,#3,WAX_1,63311.772343002485,1.737821439204908,4.2976008038532925,50000000,-0.6978890116720515,-0.7600525744231513,98.06545505604375,,,,,,,,,,,,,,,,,,,,,,,,,,,,,,,,,,,,,,,,,,,,,,,,,,,,,,,,,,,,,,,,,,,,,,,,,,,,,,,,,,,,,,,,,,,,,,,,,,,,,,,,,,,,,,,,,,,,,,,,,,,,,,,,,,,,,,,,,,,,,,,,,,,,,,,,,,,,,,,,,,,,,,,,,,,,,,,,,,,,,,,,,,,,,,,,,,,,,,,,,,,,,,,,,,,,,,
909,PE,LT,#7,#4,WAX_1,57437.16072269252,1.74380916757534,4.338982321043519,50000000,-0.7295403722910145,-0.8371387838333634,98.17100729328367,,,,,,,,,,,,,,,,,,,,,,,,,,,,,,,,,,,,,,,,,,,,,,,,,,,,,,,,,,,,,,,,,,,,,,,,,,,,,,,,,,,,,,,,,,,,,,,,,,,,,,,,,,,,,,,,,,,,,,,,,,,,,,,,,,,,,,,,,,,,,,,,,,,,,,,,,,,,,,,,,,,,,,,,,,,,,,,,,,,,,,,,,,,,,,,,,,,,,,,,,,,,,,,,,,,,,,
910,PE,LT,#7,#5,WAX_1,61475.69958974415,1.8322723569691604,4.57303010338542,50000000,-0.7822960018866654,-1.0151325664040325,101.39289454128367,,,,,,,,,,,,,,,,,,,,,,,,,,,,,,,,,,,,,,,,,,,,,,,,,,,,,,,,,,,,,,,,,,,,,,,,,,,,,,,,,,,,,,,,,,,,,,,,,,,,,,,,,,,,,,,,,,,,,,,,,,,,,,,,,,,,,,,,,,,,,,,,,,,,,,,,,,,,,,,,,,,,,,,,,,,,,,,,,,,,,,,,,,,,,,,,,,,,,,,,,,,,,,,,,,,,,,
911,PE,LT,#7,#6,WAX_1,57436.040531420425,1.6895618967091417,4.099379111368397,50000000,-0.6776733330998628,-0.5812599148030994,95.28587539730394,,,,,,,,,,,,,,,,,,,,,,,,,,,,,,,,,,,,,,,,,,,,,,,,,,,,,,,,,,,,,,,,,,,,,,,,,,,,,,,,,,,,,,,,,,,,,,,,,,,,,,,,,,,,,,,,,,,,,,,,,,,,,,,,,,,,,,,,,,,,,,,,,,,,,,,,,,,,,,,,,,,,,,,,,,,,,,,,,,,,,,,,,,,,,,,,,,,,,,,,,,,,,,,,,,,,,,
912,PE,LT,#7,#7,WAX_1,62371.991182970945,1.7331333037676628,4.3270244879139925,50000000,-0.6978020128221885,-0.795297179707726,97.9802277038249,,,,,,,,,,,,,,,,,,,,,,,,,,,,,,,,,,,,,,,,,,,,,,,,,,,,,,,,,,,,,,,,,,,,,,,,,,,,,,,,,,,,,,,,,,,,,,,,,,,,,,,,,,,,,,,,,,,,,,,,,,,,,,,,,,,,,,,,,,,,,,,,,,,,,,,,,,,,,,,,,,,,,,,,,,,,,,,,,,,,,,,,,,,,,,,,,,,,,,,,,,,,,,,,,,,,,,
913,PE,LT,#7,#8,WAX_1,59314.84758561229,1.7762350570458,4.429478072226288,50000000,-0.7490699213259576,-0.9069116816421374,99.19172800985692,,,,,,,,,,,,,,,,,,,,,,,,,,,,,,,,,,,,,,,,,,,,,,,,,,,,,,,,,,,,,,,,,,,,,,,,,,,,,,,,,,,,,,,,,,,,,,,,,,,,,,,,,,,,,,,,,,,,,,,,,,,,,,,,,,,,,,,,,,,,,,,,,,,,,,,,,,,,,,,,,,,,,,,,,,,,,,,,,,,,,,,,,,,,,,,,,,,,,,,,,,,,,,,,,,,,,,
914,PE,LT,#7,#9,WAX_1,63210.22031971512,1.7275864354663002,4.267225932334051,50000000,-0.6880481538667601,-0.7304798063318488,97.79265277244572,,,,,,,,,,,,,,,,,,,,,,,,,,,,,,,,,,,,,,,,,,,,,,,,,,,,,,,,,,,,,,,,,,,,,,,,,,,,,,,,,,,,,,,,,,,,,,,,,,,,,,,,,,,,,,,,,,,,,,,,,,,,,,,,,,,,,,,,,,,,,,,,,,,,,,,,,,,,,,,,,,,,,,,,,,,,,,,,,,,,,,,,,,,,,,,,,,,,,,,,,,,,,,,,,,,,,,
915,PE,LT,#7,#10,WAX_1,58336.01967211145,1.7949714282707376,4.421582645025761,50000000,-0.7748310956211266,-0.913652502582837,99.34150283982488,,,,,,,,,,,,,,,,,,,,,,,,,,,,,,,,,,,,,,,,,,,,,,,,,,,,,,,,,,,,,,,,,,,,,,,,,,,,,,,,,,,,,,,,,,,,,,,,,,,,,,,,,,,,,,,,,,,,,,,,,,,,,,,,,,,,,,,,,,,,,,,,,,,,,,,,,,,,,,,,,,,,,,,,,,,,,,,,,,,,,,,,,,,,,,,,,,,,,,,,,,,,,,,,,,,,,,
916,PE,LT,#7,#11,WAX_1,58786.44822158557,1.8041611550566408,4.480449481156242,50000000,-0.7809827117288596,-0.9598248543901774,99.7026546498569,,,,,,,,,,,,,,,,,,,,,,,,,,,,,,,,,,,,,,,,,,,,,,,,,,,,,,,,,,,,,,,,,,,,,,,,,,,,,,,,,,,,,,,,,,,,,,,,,,,,,,,,,,,,,,,,,,,,,,,,,,,,,,,,,,,,,,,,,,,,,,,,,,,,,,,,,,,,,,,,,,,,,,,,,,,,,,,,,,,,,,,,,,,,,,,,,,,,,,,,,,,,,,,,,,,,,,
917,PE,HT,#1,-,MeOH_1,68137.93273026237,1.2058210317408318,3.6085869703389255,50000000,-0.08881692416287094,-0.42961539835546436,81.4055216573885,,,,,,,,,,,,,,,,,,,,,,,,,,,,,,,,,,,,,,,,,,,,,,,,,,,,,,,,,,,,,,,,,,,,,,,,,,,,,,,,,,,,,,,,,,,,,,,,,,,,,,,,,,,,,,,,,,,,,,,,,,,,,,,,,,,,,,,,,,,,,,,,,,,,,,,,,,,,,,,,,,,,,,,,,,,,,,,,,,,,,,,,,,,,,,,,,,,,,,,,,,,,,,,,,,,,,,
918,PE,HT,#2,-,FT_1,88948.22594899467,1.3148898043561605,4.5758105817774775,50000000,-0.07058706001216691,-0.9797860289770439,85.55345879830051,,,,,,,,,,,,,,,,,,,,,,,,,,,,,,,,,,,,,,,,,,,,,,,,,,,,,,,,,,,,,,,,,,,,,,,,,,,,,,,,,,,,,,,,,,,,,,,,,,,,,,,,,,,,,,,,,,,,,,,,,,,,,,,,,,,,,,,,,,,,,,,,,,,,,,,,,,,,,,,,,,,,,,,,,,,,,,,,,,,,,,,,,,,,,,,,,,,,,,,,,,,,,,,,,,,,,,
919,PE,HT,#3,-,H2_1,195161.46311625402,1.2451985719224707,3.9018327944148314,50000000,0.3018323431239564,-0.032480891640618445,78.8975393883591,,,,,,,,,,,,,,,,,,,,,,,,,,,,,,,,,,,,,,,,,,,,,,,,,,,,,,,,,,,,,,,,,,,,,,,,,,,,,,,,,,,,,,,,,,,,,,,,,,,,,,,,,,,,,,,,,,,,,,,,,,,,,,,,,,,,,,,,,,,,,,,,,,,,,,,,,,,,,,,,,,,,,,,,,,,,,,,,,,,,,,,,,,,,,,,,,,,,,,,,,,,,,,,,,,,,,,
920,PE,HT,#4,-,MeOH_1,41001.090329660685,1.5951718239618948,7.216867905099418,50000000,-0.5825232140949471,-4.19849803043564,123.3383535322685,,,,,,,,,,,,,,,,,,,,,,,,,,,,,,,,,,,,,,,,,,,,,,,,,,,,,,,,,,,,,,,,,,,,,,,,,,,,,,,,,,,,,,,,,,,,,,,,,,,,,,,,,,,,,,,,,,,,,,,,,,,,,,,,,,,,,,,,,,,,,,,,,,,,,,,,,,,,,,,,,,,,,,,,,,,,,,,,,,,,,,,,,,,,,,,,,,,,,,,,,,,,,,,,,,,,,,
921,PE,HT,#5,-,FT_1,85949.32662960855,1.7078171117445593,8.521902970609705,50000000,-0.4713608223019618,-4.928858738335715,127.4380251983005,,,,,,,,,,,,,,,,,,,,,,,,,,,,,,,,,,,,,,,,,,,,,,,,,,,,,,,,,,,,,,,,,,,,,,,,,,,,,,,,,,,,,,,,,,,,,,,,,,,,,,,,,,,,,,,,,,,,,,,,,,,,,,,,,,,,,,,,,,,,,,,,,,,,,,,,,,,,,,,,,,,,,,,,,,,,,,,,,,,,,,,,,,,,,,,,,,,,,,,,,,,,,,,,,,,,,,
922,PE,HT,#6,-,Olefin,5669.860635145344,1.0008642573398294,1.7153921132279382,50000000,-0.28858349839702585,1.7856664237347286,62.82225975689376,,,,,,,,,,,,,,,,,,,,,,,,,,,,,,,,,,,,,,,,,,,,,,,,,,,,,,,,,,,,,,,,,,,,,,,,,,,,,,,,,,,,,,,,,,,,,,,,,,,,,,,,,,,,,,,,,,,,,,,,,,,,,,,,,,,,,,,,,,,,,,,,,,,,,,,,,,,,,,,,,,,,,,,,,,,,,,,,,,,,,,,,,,,,,,,,,,,,,,,,,,,,,,,,,,,,,,
923,PE,HT,#7,-,MeOH_1,64667.09460753338,1.1959762443943163,3.505065688140515,50000000,-0.09480228595805912,-0.35224086898035256,80.67368137219589,,,,,,,,,,,,,,,,,,,,,,,,,,,,,,,,,,,,,,,,,,,,,,,,,,,,,,,,,,,,,,,,,,,,,,,,,,,,,,,,,,,,,,,,,,,,,,,,,,,,,,,,,,,,,,,,,,,,,,,,,,,,,,,,,,,,,,,,,,,,,,,,,,,,,,,,,,,,,,,,,,,,,,,,,,,,,,,,,,,,,,,,,,,,,,,,,,,,,,,,,,,,,,,,,,,,,,
924,PE,HT,#8,-,FT_1,62937.56079452125,1.3459359462688774,4.530849252260102,50000000,-0.13487805958573618,-0.9402233433800533,89.27846503822788,,,,,,,,,,,,,,,,,,,,,,,,,,,,,,,,,,,,,,,,,,,,,,,,,,,,,,,,,,,,,,,,,,,,,,,,,,,,,,,,,,,,,,,,,,,,,,,,,,,,,,,,,,,,,,,,,,,,,,,,,,,,,,,,,,,,,,,,,,,,,,,,,,,,,,,,,,,,,,,,,,,,,,,,,,,,,,,,,,,,,,,,,,,,,,,,,,,,,,,,,,,,,,,,,,,,,,
925,PE,HT,#9,-,H2_1,191417.01613170264,1.236940574903043,3.886824038120446,50000000,0.28567849686094987,-0.047047457085990015,78.11432545406493,,,,,,,,,,,,,,,,,,,,,,,,,,,,,,,,,,,,,,,,,,,,,,,,,,,,,,,,,,,,,,,,,,,,,,,,,,,,,,,,,,,,,,,,,,,,,,,,,,,,,,,,,,,,,,,,,,,,,,,,,,,,,,,,,,,,,,,,,,,,,,,,,,,,,,,,,,,,,,,,,,,,,,,,,,,,,,,,,,,,,,,,,,,,,,,,,,,,,,,,,,,,,,,,,,,,,,
926,PE,HT,#10,-,MeOH_1,42578.64522806335,1.5860027512488177,7.14028559739639,50000000,-0.5653970272846511,-4.116945896695658,122.4743341721959,,,,,,,,,,,,,,,,,,,,,,,,,,,,,,,,,,,,,,,,,,,,,,,,,,,,,,,,,,,,,,,,,,,,,,,,,,,,,,,,,,,,,,,,,,,,,,,,,,,,,,,,,,,,,,,,,,,,,,,,,,,,,,,,,,,,,,,,,,,,,,,,,,,,,,,,,,,,,,,,,,,,,,,,,,,,,,,,,,,,,,,,,,,,,,,,,,,,,,,,,,,,,,,,,,,,,,
927,PE,HT,#11,-,FT_1,61375.546861494164,1.7715197550983919,8.692440761780777,50000000,-0.5656170328307001,-5.105448049726353,131.66704423822787,,,,,,,,,,,,,,,,,,,,,,,,,,,,,,,,,,,,,,,,,,,,,,,,,,,,,,,,,,,,,,,,,,,,,,,,,,,,,,,,,,,,,,,,,,,,,,,,,,,,,,,,,,,,,,,,,,,,,,,,,,,,,,,,,,,,,,,,,,,,,,,,,,,,,,,,,,,,,,,,,,,,,,,,,,,,,,,,,,,,,,,,,,,,,,,,,,,,,,,,,,,,,,,,,,,,,,
928,PE,LT,#1,-,WAX_1,35192.91412824521,1.057219005546914,2.6533250748343336,50000000,-0.24636751211904082,0.5264884615434098,71.79682773472,,,,,,,,,,,,,,,,,,,,,,,,,,,,,,,,,,,,,,,,,,,,,,,,,,,,,,,,,,,,,,,,,,,,,,,,,,,,,,,,,,,,,,,,,,,,,,,,,,,,,,,,,,,,,,,,,,,,,,,,,,,,,,,,,,,,,,,,,,,,,,,,,,,,,,,,,,,,,,,,,,,,,,,,,,,,,,,,,,,,,,,,,,,,,,,,,,,,,,,,,,,,,,,,,,,,,,
929,PE,LT,#2,-,WAX_1,28971.583378844152,1.1155323882896515,2.8763780557411702,50000000,-0.32240816561133867,0.34351868992222073,73.075075755632,,,,,,,,,,,,,,,,,,,,,,,,,,,,,,,,,,,,,,,,,,,,,,,,,,,,,,,,,,,,,,,,,,,,,,,,,,,,,,,,,,,,,,,,,,,,,,,,,,,,,,,,,,,,,,,,,,,,,,,,,,,,,,,,,,,,,,,,,,,,,,,,,,,,,,,,,,,,,,,,,,,,,,,,,,,,,,,,,,,,,,,,,,,,,,,,,,,,,,,,,,,,,,,,,,,,,,
930,PE,LT,#3,-,WAX_1,70443.15856952222,1.0645496840555067,2.4035375839967816,50000000,-0.1128883658618851,0.9785481835509807,70.76069178541684,,,,,,,,,,,,,,,,,,,,,,,,,,,,,,,,,,,,,,,,,,,,,,,,,,,,,,,,,,,,,,,,,,,,,,,,,,,,,,,,,,,,,,,,,,,,,,,,,,,,,,,,,,,,,,,,,,,,,,,,,,,,,,,,,,,,,,,,,,,,,,,,,,,,,,,,,,,,,,,,,,,,,,,,,,,,,,,,,,,,,,,,,,,,,,,,,,,,,,,,,,,,,,,,,,,,,,
931,PE,LT,#4,-,WAX_1,13270.961457571337,1.2041930229560378,3.653036653681522,50000000,-0.4731728420859873,-0.6041910287444207,84.8095500096,,,,,,,,,,,,,,,,,,,,,,,,,,,,,,,,,,,,,,,,,,,,,,,,,,,,,,,,,,,,,,,,,,,,,,,,,,,,,,,,,,,,,,,,,,,,,,,,,,,,,,,,,,,,,,,,,,,,,,,,,,,,,,,,,,,,,,,,,,,,,,,,,,,,,,,,,,,,,,,,,,,,,,,,,,,,,,,,,,,,,,,,,,,,,,,,,,,,,,,,,,,,,,,,,,,,,,
932,PE,LT,#5,-,DIESEL_1,25706.521157255815,1.2562735270371927,4.067653032111273,50000000,-0.4696053036750162,-0.85525782318145,85.934437195632,,,,,,,,,,,,,,,,,,,,,,,,,,,,,,,,,,,,,,,,,,,,,,,,,,,,,,,,,,,,,,,,,,,,,,,,,,,,,,,,,,,,,,,,,,,,,,,,,,,,,,,,,,,,,,,,,,,,,,,,,,,,,,,,,,,,,,,,,,,,,,,,,,,,,,,,,,,,,,,,,,,,,,,,,,,,,,,,,,,,,,,,,,,,,,,,,,,,,,,,,,,,,,,,,,,,,,
933,PE,LT,#6,-,WAX_1,3844.065979889252,0.9301506786957654,1.929445444601693,50000000,-0.28783093135794147,1.2707855064659337,65.05592111454126,,,,,,,,,,,,,,,,,,,,,,,,,,,,,,,,,,,,,,,,,,,,,,,,,,,,,,,,,,,,,,,,,,,,,,,,,,,,,,,,,,,,,,,,,,,,,,,,,,,,,,,,,,,,,,,,,,,,,,,,,,,,,,,,,,,,,,,,,,,,,,,,,,,,,,,,,,,,,,,,,,,,,,,,,,,,,,,,,,,,,,,,,,,,,,,,,,,,,,,,,,,,,,,,,,,,,,
934,PE,LT,#7,-,WAX_1,39242.23355430939,1.0827515991339425,2.8547981404318468,50000000,-0.2536461694474338,0.3506332261134705,74.32052063080768,,,,,,,,,,,,,,,,,,,,,,,,,,,,,,,,,,,,,,,,,,,,,,,,,,,,,,,,,,,,,,,,,,,,,,,,,,,,,,,,,,,,,,,,,,,,,,,,,,,,,,,,,,,,,,,,,,,,,,,,,,,,,,,,,,,,,,,,,,,,,,,,,,,,,,,,,,,,,,,,,,,,,,,,,,,,,,,,,,,,,,,,,,,,,,,,,,,,,,,,,,,,,,,,,,,,,,
935,PE,LT,#8,-,WAX_1,23024.643632510026,1.1782024332642071,3.174713888739567,50000000,-0.38549288813728233,0.05532322111928761,77.99640271080767,,,,,,,,,,,,,,,,,,,,,,,,,,,,,,,,,,,,,,,,,,,,,,,,,,,,,,,,,,,,,,,,,,,,,,,,,,,,,,,,,,,,,,,,,,,,,,,,,,,,,,,,,,,,,,,,,,,,,,,,,,,,,,,,,,,,,,,,,,,,,,,,,,,,,,,,,,,,,,,,,,,,,,,,,,,,,,,,,,,,,,,,,,,,,,,,,,,,,,,,,,,,,,,,,,,,,,
936,PE,LT,#9,-,WAX_1,70443.15856952222,1.0837980824169366,2.567033575346856,50000000,-0.13199383063766207,0.8150521922009065,72.94889256938231,,,,,,,,,,,,,,,,,,,,,,,,,,,,,,,,,,,,,,,,,,,,,,,,,,,,,,,,,,,,,,,,,,,,,,,,,,,,,,,,,,,,,,,,,,,,,,,,,,,,,,,,,,,,,,,,,,,,,,,,,,,,,,,,,,,,,,,,,,,,,,,,,,,,,,,,,,,,,,,,,,,,,,,,,,,,,,,,,,,,,,,,,,,,,,,,,,,,,,,,,,,,,,,,,,,,,,
937,PE,LT,#10,-,WAX_1,15873.070325974082,1.2289379898084294,3.842015726378375,50000000,-0.48373866326581494,-0.7750982784862461,87.39043167080767,,,,,,,,,,,,,,,,,,,,,,,,,,,,,,,,,,,,,,,,,,,,,,,,,,,,,,,,,,,,,,,,,,,,,,,,,,,,,,,,,,,,,,,,,,,,,,,,,,,,,,,,,,,,,,,,,,,,,,,,,,,,,,,,,,,,,,,,,,,,,,,,,,,,,,,,,,,,,,,,,,,,,,,,,,,,,,,,,,,,,,,,,,,,,,,,,,,,,,,,,,,,,,,,,,,,,,
938,PE,LT,#11,-,WAX_1,20751.70786443258,1.2858050746721732,4.297415734218159,50000000,-0.4977262411925691,-1.0752494587536456,89.58468159080769,,,,,,,,,,,,,,,,,,,,,,,,,,,,,,,,,,,,,,,,,,,,,,,,,,,,,,,,,,,,,,,,,,,,,,,,,,,,,,,,,,,,,,,,,,,,,,,,,,,,,,,,,,,,,,,,,,,,,,,,,,,,,,,,,,,,,,,,,,,,,,,,,,,,,,,,,,,,,,,,,,,,,,,,,,,,,,,,,,,,,,,,,,,,,,,,,,,,,,,,,,,,,,,,,,,,,,
939,PE,SG,#1,-,MeOH_1,49811.1215252258,1.0024645395185114,4.041559744044348,50000000,0.03820215488552122,-0.9833132511627171,85.37226838506902,,,,,,,,,,,,,,,,,,,,,,,,,,,,,,,,,,,,,,,,,,,,,,,,,,,,,,,,,,,,,,,,,,,,,,,,,,,,,,,,,,,,,,,,,,,,,,,,,,,,,,,,,,,,,,,,,,,,,,,,,,,,,,,,,,,,,,,,,,,,,,,,,,,,,,,,,,,,,,,,,,,,,,,,,,,,,,,,,,,,,,,,,,,,,,,,,,,,,,,,,,,,,,,,,,,,,,
940,PE,SG,#2,-,FT_1,53927.0140333034,1.234309294366866,5.677962293925761,50000000,-0.020959791963281165,-1.912107390002236,93.21430645110102,,,,,,,,,,,,,,,,,,,,,,,,,,,,,,,,,,,,,,,,,,,,,,,,,,,,,,,,,,,,,,,,,,,,,,,,,,,,,,,,,,,,,,,,,,,,,,,,,,,,,,,,,,,,,,,,,,,,,,,,,,,,,,,,,,,,,,,,,,,,,,,,,,,,,,,,,,,,,,,,,,,,,,,,,,,,,,,,,,,,,,,,,,,,,,,,,,,,,,,,,,,,,,,,,,,,,,
941,PE,SG,#3,-,H2_1,254523.81442181717,0.9189171300787291,5.1567611694152165,50000000,0.7612487962321643,-1.0245524337144836,77.33209524398757,,,,,,,,,,,,,,,,,,,,,,,,,,,,,,,,,,,,,,,,,,,,,,,,,,,,,,,,,,,,,,,,,,,,,,,,,,,,,,,,,,,,,,,,,,,,,,,,,,,,,,,,,,,,,,,,,,,,,,,,,,,,,,,,,,,,,,,,,,,,,,,,,,,,,,,,,,,,,,,,,,,,,,,,,,,,,,,,,,,,,,,,,,,,,,,,,,,,,,,,,,,,,,,,,,,,,,
942,PE,SG,#4,-,MeOH_1,46029.33372044906,1.4284522497323746,9.289262571719169,50000000,-0.3982209315145385,-6.254408024156043,141.38444278506904,,,,,,,,,,,,,,,,,,,,,,,,,,,,,,,,,,,,,,,,,,,,,,,,,,,,,,,,,,,,,,,,,,,,,,,,,,,,,,,,,,,,,,,,,,,,,,,,,,,,,,,,,,,,,,,,,,,,,,,,,,,,,,,,,,,,,,,,,,,,,,,,,,,,,,,,,,,,,,,,,,,,,,,,,,,,,,,,,,,,,,,,,,,,,,,,,,,,,,,,,,,,,,,,,,,,,,
943,PE,SG,#5,-,FT_1,53444.72815583994,1.6418763218988999,10.906449874190505,50000000,-0.4311005029734752,-7.143248406693721,148.67836085110105,,,,,,,,,,,,,,,,,,,,,,,,,,,,,,,,,,,,,,,,,,,,,,,,,,,,,,,,,,,,,,,,,,,,,,,,,,,,,,,,,,,,,,,,,,,,,,,,,,,,,,,,,,,,,,,,,,,,,,,,,,,,,,,,,,,,,,,,,,,,,,,,,,,,,,,,,,,,,,,,,,,,,,,,,,,,,,,,,,,,,,,,,,,,,,,,,,,,,,,,,,,,,,,,,,,,,,
944,PE,SG,#6,-,MeOH_1,64750.667298821136,1.0271402876455078,4.017470396803597,50000000,0.09557461653420332,-0.8601753499644902,88.99923978878815,,,,,,,,,,,,,,,,,,,,,,,,,,,,,,,,,,,,,,,,,,,,,,,,,,,,,,,,,,,,,,,,,,,,,,,,,,,,,,,,,,,,,,,,,,,,,,,,,,,,,,,,,,,,,,,,,,,,,,,,,,,,,,,,,,,,,,,,,,,,,,,,,,,,,,,,,,,,,,,,,,,,,,,,,,,,,,,,,,,,,,,,,,,,,,,,,,,,,,,,,,,,,,,,,,,,,,
945,PE,SG,#7,-,FT_1,78451.25148539031,1.2614770146104943,6.044972656811135,50000000,0.03313677026693966,-2.201851396932778,99.64161065482017,,,,,,,,,,,,,,,,,,,,,,,,,,,,,,,,,,,,,,,,,,,,,,,,,,,,,,,,,,,,,,,,,,,,,,,,,,,,,,,,,,,,,,,,,,,,,,,,,,,,,,,,,,,,,,,,,,,,,,,,,,,,,,,,,,,,,,,,,,,,,,,,,,,,,,,,,,,,,,,,,,,,,,,,,,,,,,,,,,,,,,,,,,,,,,,,,,,,,,,,,,,,,,,,,,,,,,
946,PE,SG,#8,-,H2_1,274664.794550582,1.0058652776710137,5.690493860474993,50000000,0.8081947782054716,-1.3992026301041844,90.3027197143264,,,,,,,,,,,,,,,,,,,,,,,,,,,,,,,,,,,,,,,,,,,,,,,,,,,,,,,,,,,,,,,,,,,,,,,,,,,,,,,,,,,,,,,,,,,,,,,,,,,,,,,,,,,,,,,,,,,,,,,,,,,,,,,,,,,,,,,,,,,,,,,,,,,,,,,,,,,,,,,,,,,,,,,,,,,,,,,,,,,,,,,,,,,,,,,,,,,,,,,,,,,,,,,,,,,,,,
947,PE,SG,#9,-,MeOH_1,56422.491836874935,1.4540426530542168,9.421619183295167,50000000,-0.3631997057182562,-6.314043435072769,143.96028458878817,,,,,,,,,,,,,,,,,,,,,,,,,,,,,,,,,,,,,,,,,,,,,,,,,,,,,,,,,,,,,,,,,,,,,,,,,,,,,,,,,,,,,,,,,,,,,,,,,,,,,,,,,,,,,,,,,,,,,,,,,,,,,,,,,,,,,,,,,,,,,,,,,,,,,,,,,,,,,,,,,,,,,,,,,,,,,,,,,,,,,,,,,,,,,,,,,,,,,,,,,,,,,,,,,,,,,,
948,PE,SG,#10,-,FT_1,78772.67521763634,1.6674667252207407,11.038806485766504,50000000,-0.3724722860823965,-7.194919603972209,151.25420265482018,,,,,,,,,,,,,,,,,,,,,,,,,,,,,,,,,,,,,,,,,,,,,,,,,,,,,,,,,,,,,,,,,,,,,,,,,,,,,,,,,,,,,,,,,,,,,,,,,,,,,,,,,,,,,,,,,,,,,,,,,,,,,,,,,,,,,,,,,,,,,,,,,,,,,,,,,,,,,,,,,,,,,,,,,,,,,,,,,,,,,,,,,,,,,,,,,,,,,,,,,,,,,,,,,,,,,,
949,PE,OG,#1,-,MeOH_1,11321.31377280541,0.9007444773742482,2.5508674606310446,50000000,-0.4447098312804117,-0.06502765613466233,54.07164927999999,,,,,,,,,,,,,,,,,,,,,,,,,,,,,,,,,,,,,,,,,,,,,,,,,,,,,,,,,,,,,,,,,,,,,,,,,,,,,,,,,,,,,,,,,,,,,,,,,,,,,,,,,,,,,,,,,,,,,,,,,,,,,,,,,,,,,,,,,,,,,,,,,,,,,,,,,,,,,,,,,,,,,,,,,,,,,,,,,,,,,,,,,,,,,,,,,,,,,,,,,,,,,,,,,,,,,,
950,PE,OG,#2,-,FT_1,21672.584456300316,2.046510424053636,3.3260592030781897,50000000,-1.0270730175767548,0.19630995212737917,84.60905728,,,,,,,,,,,,,,,,,,,,,,,,,,,,,,,,,,,,,,,,,,,,,,,,,,,,,,,,,,,,,,,,,,,,,,,,,,,,,,,,,,,,,,,,,,,,,,,,,,,,,,,,,,,,,,,,,,,,,,,,,,,,,,,,,,,,,,,,,,,,,,,,,,,,,,,,,,,,,,,,,,,,,,,,,,,,,,,,,,,,,,,,,,,,,,,,,,,,,,,,,,,,,,,,,,,,,,
951,PE,OG,#3,-,H2_1,134746.3648208006,0.887595397173954,2.374676720067861,50000000,0.057005343541262764,0.8114759962172265,58.60661462730207,,,,,,,,,,,,,,,,,,,,,,,,,,,,,,,,,,,,,,,,,,,,,,,,,,,,,,,,,,,,,,,,,,,,,,,,,,,,,,,,,,,,,,,,,,,,,,,,,,,,,,,,,,,,,,,,,,,,,,,,,,,,,,,,,,,,,,,,,,,,,,,,,,,,,,,,,,,,,,,,,,,,,,,,,,,,,,,,,,,,,,,,,,,,,,,,,,,,,,,,,,,,,,,,,,,,,,
952,PE,OG,#4,-,MeOH_1,10448.191824686266,1.1888316820196687,5.79760161929218,50000000,-0.73808293692284,-3.328982878194026,90.61194559999998,,,,,,,,,,,,,,,,,,,,,,,,,,,,,,,,,,,,,,,,,,,,,,,,,,,,,,,,,,,,,,,,,,,,,,,,,,,,,,,,,,,,,,,,,,,,,,,,,,,,,,,,,,,,,,,,,,,,,,,,,,,,,,,,,,,,,,,,,,,,,,,,,,,,,,,,,,,,,,,,,,,,,,,,,,,,,,,,,,,,,,,,,,,,,,,,,,,,,,,,,,,,,,,,,,,,,,
953,PE,OG,#5,-,FT_1,27355.640112031208,2.4170355686578455,6.823076076578983,50000000,-1.3671857287181957,-3.2606584968414793,123.71772768,,,,,,,,,,,,,,,,,,,,,,,,,,,,,,,,,,,,,,,,,,,,,,,,,,,,,,,,,,,,,,,,,,,,,,,,,,,,,,,,,,,,,,,,,,,,,,,,,,,,,,,,,,,,,,,,,,,,,,,,,,,,,,,,,,,,,,,,,,,,,,,,,,,,,,,,,,,,,,,,,,,,,,,,,,,,,,,,,,,,,,,,,,,,,,,,,,,,,,,,,,,,,,,,,,,,,,
954,PE,OG,#6,-,MeOH_1,28173.564675825823,0.9346432340471719,2.0667906866856,50000000,-0.35609388017612653,0.5520842992876965,62.394003625920526,,,,,,,,,,,,,,,,,,,,,,,,,,,,,,,,,,,,,,,,,,,,,,,,,,,,,,,,,,,,,,,,,,,,,,,,,,,,,,,,,,,,,,,,,,,,,,,,,,,,,,,,,,,,,,,,,,,,,,,,,,,,,,,,,,,,,,,,,,,,,,,,,,,,,,,,,,,,,,,,,,,,,,,,,,,,,,,,,,,,,,,,,,,,,,,,,,,,,,,,,,,,,,,,,,,,,,
955,PE,OG,#7,-,FT_1,24708.186884459417,1.5518116112840137,2.563732206032202,50000000,-0.7352285626186603,0.6302429120353695,74.56901162592052,,,,,,,,,,,,,,,,,,,,,,,,,,,,,,,,,,,,,,,,,,,,,,,,,,,,,,,,,,,,,,,,,,,,,,,,,,,,,,,,,,,,,,,,,,,,,,,,,,,,,,,,,,,,,,,,,,,,,,,,,,,,,,,,,,,,,,,,,,,,,,,,,,,,,,,,,,,,,,,,,,,,,,,,,,,,,,,,,,,,,,,,,,,,,,,,,,,,,,,,,,,,,,,,,,,,,,
956,PE,OG,#8,-,H2_1,141249.21516636826,0.9248567531298414,2.5749983279894613,50000000,0.062069855057257824,0.6625168169771197,64.44052435839897,,,,,,,,,,,,,,,,,,,,,,,,,,,,,,,,,,,,,,,,,,,,,,,,,,,,,,,,,,,,,,,,,,,,,,,,,,,,,,,,,,,,,,,,,,,,,,,,,,,,,,,,,,,,,,,,,,,,,,,,,,,,,,,,,,,,,,,,,,,,,,,,,,,,,,,,,,,,,,,,,,,,,,,,,,,,,,,,,,,,,,,,,,,,,,,,,,,,,,,,,,,,,,,,,,,,,,
957,PE,OG,#9,-,MeOH_1,12759.895252274493,1.1537907485123111,5.040963443490506,50000000,-0.6156890793438926,-2.5060427694269483,93.24176650592051,,,,,,,,,,,,,,,,,,,,,,,,,,,,,,,,,,,,,,,,,,,,,,,,,,,,,,,,,,,,,,,,,,,,,,,,,,,,,,,,,,,,,,,,,,,,,,,,,,,,,,,,,,,,,,,,,,,,,,,,,,,,,,,,,,,,,,,,,,,,,,,,,,,,,,,,,,,,,,,,,,,,,,,,,,,,,,,,,,,,,,,,,,,,,,,,,,,,,,,,,,,,,,,,,,,,,,
958,PE,OG,#10,-,FT_1,24335.423164760694,1.3254263666033383,5.642149047314839,50000000,-0.5119632956918866,-2.4512954044649162,98.65712570592052,,,,,,,,,,,,,,,,,,,,,,,,,,,,,,,,,,,,,,,,,,,,,,,,,,,,,,,,,,,,,,,,,,,,,,,,,,,,,,,,,,,,,,,,,,,,,,,,,,,,,,,,,,,,,,,,,,,,,,,,,,,,,,,,,,,,,,,,,,,,,,,,,,,,,,,,,,,,,,,,,,,,,,,,,,,,,,,,,,,,,,,,,,,,,,,,,,,,,,,,,,,,,,,,,,,,,,
959,PE,HG,#1,-,DIESEL_1,26706.88941470825,1.1763699771023228,2.1025817352196463,50000000,-0.4339437773192063,0.8214300090115807,77.535172,,,,,,,,,,,,,,,,,,,,,,,,,,,,,,,,,,,,,,,,,,,,,,,,,,,,,,,,,,,,,,,,,,,,,,,,,,,,,,,,,,,,,,,,,,,,,,,,,,,,,,,,,,,,,,,,,,,,,,,,,,,,,,,,,,,,,,,,,,,,,,,,,,,,,,,,,,,,,,,,,,,,,,,,,,,,,,,,,,,,,,,,,,,,,,,,,,,,,,,,,,,,,,,,,,,,,,
960,PE,HG,#2,-,DIESEL_1,23910.0324,1.2379418883979705,2.4946183111458127,50000000,-0.48547244697748154,0.506722756590744,80.32142112,,,,,,,,,,,,,,,,,,,,,,,,,,,,,,,,,,,,,,,,,,,,,,,,,,,,,,,,,,,,,,,,,,,,,,,,,,,,,,,,,,,,,,,,,,,,,,,,,,,,,,,,,,,,,,,,,,,,,,,,,,,,,,,,,,,,,,,,,,,,,,,,,,,,,,,,,,,,,,,,,,,,,,,,,,,,,,,,,,,,,,,,,,,,,,,,,,,,,,,,,,,,,,,,,,,,,,
961,PE,HG,#3,-,DIESEL_1,58843.738600000004,1.1855306792480136,2.0040515214828476,50000000,-0.32177572046752484,1.1037105116025876,76.4637355428969,,,,,,,,,,,,,,,,,,,,,,,,,,,,,,,,,,,,,,,,,,,,,,,,,,,,,,,,,,,,,,,,,,,,,,,,,,,,,,,,,,,,,,,,,,,,,,,,,,,,,,,,,,,,,,,,,,,,,,,,,,,,,,,,,,,,,,,,,,,,,,,,,,,,,,,,,,,,,,,,,,,,,,,,,,,,,,,,,,,,,,,,,,,,,,,,,,,,,,,,,,,,,,,,,,,,,,
962,PE,HG,#4,-,MeOH_1,17477.1336,1.2943273207106576,3.005561994045711,50000000,-0.5844469107701689,-0.13576604096027522,88.17238736,,,,,,,,,,,,,,,,,,,,,,,,,,,,,,,,,,,,,,,,,,,,,,,,,,,,,,,,,,,,,,,,,,,,,,,,,,,,,,,,,,,,,,,,,,,,,,,,,,,,,,,,,,,,,,,,,,,,,,,,,,,,,,,,,,,,,,,,,,,,,,,,,,,,,,,,,,,,,,,,,,,,,,,,,,,,,,,,,,,,,,,,,,,,,,,,,,,,,,,,,,,,,,,,,,,,,,
963,PE,HG,#5,-,DIESEL_1,23339.996400000004,1.3581106943323484,3.5383979940502823,50000000,-0.6074909473918597,-0.5392276376941192,91.4753208,,,,,,,,,,,,,,,,,,,,,,,,,,,,,,,,,,,,,,,,,,,,,,,,,,,,,,,,,,,,,,,,,,,,,,,,,,,,,,,,,,,,,,,,,,,,,,,,,,,,,,,,,,,,,,,,,,,,,,,,,,,,,,,,,,,,,,,,,,,,,,,,,,,,,,,,,,,,,,,,,,,,,,,,,,,,,,,,,,,,,,,,,,,,,,,,,,,,,,,,,,,,,,,,,,,,,,
