excel_row,B,C,D,E,F,G,H,I,J,K,L,M,P,Q,R,S,T,U,V,W,X,Y,Z,AA,AB,AC,AD,AE,AF,AG,AH,AI,AJ,AK,AL,AM,AN,AO,AP,AQ,AR,AS,AT,AU,AV,AW,AX,AY,AZ,BA,BB,BC,BD,BG,BH,BI,BJ,BK,BL,BM,BN,BO,BP,BQ,BR,BS,BT,BU,BV,BW,BX,BY,CA,CB,CC,CD,CE,CF,CH,CI,CJ,CK,CL,CM,CO,CP,CQ,CR,CS,CT,CV,CW,CX,CY,CZ,DA,DC,DD,DE,DF,DG,DH,DJ,DK,DL,DM,DN,DO,DQ,DR,DS,DT,DU,DV,DX,DY,DZ,EA,EB,EC,EE,EF,EG,EH,EI,EJ,EL,EM,EN,EO,EP,EQ,ES,ET,EU,EV,EW,EX,EZ,FA,FB,FC,FD,FE,FG,FH,FI,FJ,FK,FL,FN,FO,FP,FQ,FR,FS,FU,FV,FW,FX,FY,FZ,GB,GC,GD,GE,GF,GG,GI,GJ,GK,GL,GM,GN,GP,GQ,GR,GS,GT,GU,GW,GX,GY,GZ,HA,HB,HD,HE,HF,HG,HH,HI,HK,HL,HM,HN,HO,HP,HR,HS,HT,HU,HV,HW,HY,HZ,IA,IB,IC,ID,IF,IG,IH,II,IJ,IK,IM,IN,IO,IP,IQ,IR,IT,IU,IV,IW
1,,,,,,,,,,,,,,,,,,,,,,,,,,,,,,,,,,,,,,,,,,,,,,,,,,,,,,,,,,,,,,,,,,,Feed,Tech,Pathway1,Pathway2,Unit profit ($/kg),Unit CO2 reduction (kgCO2eq/kg),Feed,Tech,Pathway1,Pathway2,Unit profit ($/kg),Unit CO2 reduction (kgCO2eq/kg),Feed,Tech,Pathway1,Pathway2,Unit profit ($/kg),Unit CO2 reduction (kgCO2eq/kg),Feed,Tech,Pathway1,Pathway2,Unit profit ($/kg),Unit CO2 reduction (kgCO2eq/kg),Feed,Tech,Pathway1,Pathway2,Unit profit ($/kg),Unit CO2 reduction (kgCO2eq/kg),Feed,Tech,Pathway1,Pathway2,Unit profit ($/kg),Unit CO2 reduction (kgCO2eq/kg),Feed,Tech,Pathway1,Pathway2,Unit profit ($/kg),Unit CO2 reduction (kgCO2eq/kg),Feed,Tech,Pathway1,Pathway2,Unit profit ($/kg),Unit CO2 reduction (kgCO2eq/kg),Feed,Tech,Pathway1,Pathway2,Unit profit ($/kg),Unit CO2 reduction (kgCO2eq/kg),Feed,Tech,Pathway1,Pathway2,Unit profit ($/kg),Unit CO2 reduction (kgCO2eq/kg),Feed,Tech,Pathway1,Pathway2,Unit profit ($/kg),Unit CO2 reduction (kgCO2eq/kg),Feed,Tech,Pathway1,Pathway2,Unit profit ($/kg),Unit CO2 reduction (kgCO2eq/kg),Feed,Tech,Pathway1,Pathway2,Unit profit ($/kg),Unit CO2 reduction (kgCO2eq/kg),Feed,Tech,Pathway1,Pathway2,Unit profit ($/kg),Unit CO2 reduction (kgCO2eq/kg),Feed,Tech,Pathway1,Pathway2,Unit profit ($/kg),Unit CO2 reduction (kgCO2eq/kg),Feed,Tech,Pathway1,Pathway2,Unit profit ($/kg),Unit CO2 reduction (kgCO2eq/kg),Feed,Tech,Pathway1,Pathway2,Unit profit ($/kg),Unit CO2 reduction (kgCO2eq/kg),Feed,Tech,Pathway1,Pathway2,Unit profit ($/kg),Unit CO2 reduction (kgCO2eq/kg),Feed,Tech,Pathway1,Pathway2,Unit profit ($/kg),Unit CO2 reduction (kgCO2eq/kg),Feed,Tech,Pathway1,Pathway2,Unit profit ($/kg),Unit CO2 reduction (kgCO2eq/kg),Feed,Tech,Pathway1,Pathway2,Unit profit ($/kg),Unit CO2 reduction (kgCO2eq/kg),Feed,Tech,Pathway1,Pathway2,Product,Unit CO2 reduction (kgCO2eq/kg),Feed,Tech,Pathway1,Pathway2,Product,Unit CO2 reduction (kgCO2eq/kg),Feed,Tech,Pathway1,Pathway2,Product,Unit CO2 reduction (kgCO2eq/kg),Feed,Tech,Pathway1,Pathway2,Product,Unit CO2 reduction (kgCO2eq/kg),Feed,Tech,Pathway1,Pathway2,Product,Unit CO2 reduction (kgCO2eq/kg),,,,
2,,,,,,,,,,,,,,,,,,,,,,,,,,,,,,,,,,,,,,,,,,,,,,,,,,,,,,,,,,,,,,,,,,r = 5%,PET,HT,#1,#6,-0.06253165064013202,1.3991690161984476,PET,LT,#1,-,-0.04677174483933271,-1.141857414853065,PET,SG,#3,-,-0.12707416034635002,-0.5423592273486709,PET,OG,#7,-,-0.3537926017044995,0.008526313527752757,PP,HT,#1,#7,0.2605564019378073,0.02410103138012618,PP,LT,#8,#6,0.2314675969913587,1.3165277318498236,PP,SG,#1,-,0.3157759049287613,-1.245417038170422,PP,OG,#6,-,-0.06629972315991509,0.18679021868795426,PVC,HT,#1,#6,-0.13910433325603613,0.6839115985986478,PVC,LT,#1,#6,-0.1825655980898046,0.6110633483404182,PVC,SG,#6,-,-0.17020691620708134,-0.486623770182994,PVC,OG,#6,-,-0.32003879675693553,0.3784360696965776,PS,HT,#1,-,0.3370388482602105,1.7831201906081557,PS,LT,#1,-,0.357000714606819,1.7907727310996586,PS,SG,#6,-,0.1834512060066308,-0.566824599100998,PS,OG,#6,-,-0.13656355504160977,1.0180852451099076,PE,HT,#1,#1,0.32181506962184414,-0.008753356616047024,PE,LT,#1,#6,-0.02655578194593133,0.5565680322089857,PE,SG,#6,-,0.2562181230027713,-1.2348686911718088,PE,OG,#6,-,-0.16511301974188342,0.34512099262079565,PE,HG,#1,-,0.05535279143532393,0.3294135402666265,PET,LT,#1,-,GASOLINE_1,-1.141857414853065,PP,SG,#1,-,MeOH_1,-1.245417038170422,PVC,HT,#1,#6,DIESEL_1,0.6839115985986478,PS,LT,#1,-,GASOLINE_1,1.7907727310996586,PE,HT,#1,#1,MeOH_1,-0.008753356616047024,,,,
3,,,,,,,,,,,,,Filtering,,"PET, HT","PET, LT","PET, SG","PET, OG","PP, HT","PP, LT","PP, SG","PP, OG","PVC, HT","PVC, LT","PVC, SG","PVC, OG","PS, HT","PS, LT","PS, SG","PS, OG","PE, HT","PE, LT","PE, SG","PE, OG","PE, HG",PET,PP,PVC,PS,PE,,,,,,,,,,,,,,,,,,,,,,,,,,r = 10%,PET,HT,#8,#6,-0.13135866154923803,0.7097881434082233,PET,LT,#1,#6,-0.11503045878592467,1.163818465879959,PET,SG,#3,-,-0.19350507628488814,-0.5423592273486709,PET,OG,#8,-,-0.42128211315997033,0.38186401810461135,PP,HT,#1,#7,0.17253512247234867,0.02410103138012618,PP,LT,#8,#6,0.1712896162386798,1.3165277318498236,PP,SG,#1,-,0.23522712580245211,-1.245417038170422,PP,OG,#6,-,-0.13720293059693062,0.18679021868795426,PVC,HT,#1,#6,-0.19090937198624458,0.6839115985986478,PVC,LT,#1,#6,-0.2373347477928317,0.6110633483404182,PVC,SG,#6,-,-0.23533726517619244,-0.486623770182994,PVC,OG,#6,-,-0.3798293678245177,0.3784360696965776,PS,HT,#1,-,0.23827854742571658,1.7831201906081557,PS,LT,#1,-,0.25622862793294043,1.7907727310996586,PS,SG,#6,-,0.10673313450280518,-0.566824599100998,PS,OG,#6,-,-0.20459921337418288,1.0180852451099076,PE,HT,#1,#1,0.22900077675512648,-0.008753356616047024,PE,LT,#1,#6,-0.14007506708912856,0.5565680322089857,PE,SG,#6,-,0.17516764695947018,-1.2348686911718088,PE,OG,#6,-,-0.23984572813073865,0.34512099262079565,PE,HG,#1,-,0.02635144273474111,0.3294135402666265,PET,LT,#1,#6,GASOLINE_1,1.163818465879959,PP,SG,#1,-,MeOH_1,-1.245417038170422,PVC,HT,#1,#6,DIESEL_1,0.6839115985986478,PS,LT,#1,-,GASOLINE_1,1.7907727310996586,PE,HT,#1,#1,MeOH_1,-0.008753356616047024,,,,
4,Feed,Tech,Pathway1,Pathway2,Product,Unit treatment cost ($/kg),Unit CO2 emission (kgCO2eq/kg),Unit energy consumption (MJ/kg),Unit profit ($/kg),Unit CO2 reduction (kgCO2eq/kg),Unit energy recovery (MJ/kg),Energy efficiency,,,False,False,False,False,False,False,False,False,False,False,False,False,False,False,False,False,False,False,False,False,False,False,False,False,False,False,,,,,,,,,,,,,,,,,,,,,,,,,,r = 15%,PET,HT,#8,#6,-0.19034333470278342,0.7097881434082233,PET,LT,#1,#6,-0.18533169835134136,1.163818465879959,PET,SG,#3,-,-0.27000928066015745,-0.5423592273486709,PET,OG,#8,-,-0.49104600430109396,0.38186401810461135,PP,HT,#1,#7,0.07116668793460335,0.02410103138012618,PP,LT,#8,#6,0.10198651431165744,1.3165277318498236,PP,SG,#1,-,0.14246428829831556,-1.245417038170422,PP,OG,#6,-,-0.21885758484920986,0.18679021868795426,PVC,HT,#1,#6,-0.25056989622696807,0.6839115985986478,PVC,LT,#1,#6,-0.30040884760227526,0.6110633483404182,PVC,SG,#6,-,-0.31034369039507,-0.486623770182994,PVC,OG,#6,-,-0.4486863149859937,0.3784360696965776,PS,HT,#1,-,0.12454267411342258,1.7831201906081557,PS,LT,#1,-,0.14017591053019374,1.7907727310996586,PS,SG,#6,-,0.018381876076149693,-0.566824599100998,PS,OG,#6,-,-0.28295149613808224,1.0180852451099076,PE,HT,#1,#1,0.12211253759565069,-0.008753356616047024,PE,LT,#1,#6,-0.2708079114046389,0.5565680322089857,PE,SG,#6,-,0.08182703745069161,-1.2348686911718088,PE,OG,#6,-,-0.32591057181568944,0.34512099262079565,PE,HG,#1,-,-0.007047541409939413,0.3294135402666265,PET,LT,#1,#6,GASOLINE_1,1.163818465879959,PP,SG,#1,-,MeOH_1,-1.245417038170422,PVC,HT,#1,#6,DIESEL_1,0.6839115985986478,PS,LT,#1,-,GASOLINE_1,1.7907727310996586,PE,HT,#1,#1,MeOH_1,-0.008753356616047024,,,,
5,PET,HT,#1,#1,GASOLINE_1,1.214930878006988,2.3114024359081182,48.74023520000001,-0.680104070053527,0.0873788030717364,-19.047686903598574,0.6091999387069317,(i),,,,,,,,,,,,,,,,,,,,,,,,,,,,,,,,,,,,,,,,,,,,,,,,,,,,,,,,,,,,,,,,,,,,,,,,,,,,,,,,,,,,,,,,,,,,,,,,,,,,,,,,,,,,,,,,,,,,,,,,,,,,,,,,,,,,,,,,,,,,,,,,,,,,,,,,,,,,,,,,,,,,,,,,,,,,,,,,,,,,,,,,,,,,,,,,,,,,,,,,,,,,,,,,,,,,,
6,PET,HT,#1,#2,GASOLINE_1,1.5449716941381102,2.8543370469179927,68.71291008000001,-0.8017287803662339,-0.1305569722586161,-30.085254852114243,0.5621600829147384,Feed,Tech,Pathway1,Pathway2,Product,Unit treatment cost ($/kg),Unit CO2 emission (kgCO2eq/kg),Unit energy consumption (MJ/kg),Unit profit ($/kg),Unit CO2 reduction (kgCO2eq/kg),Unit energy recovery (MJ/kg),Energy efficiency,,,Scenario 1: Interest rate = 5%,,,,,,,,,,,,,,,,,,,,,,,,,,,,,,,,,,,,,,,,,,,,,,,,,,,,,,,,,,,,,,,,,,,,,,,,,,,,,,,,,,,,,,,,,,,,,,,,,,,,,,,,,,,,,,,,,,,,,,,,,,,,,,,,,,,,,,,,,,,,,,,,,,,,,,,,,,,,,,,,,,,,,,,,,,,,,,,,,,,,,,,,,,,,,,,,,,,,,,,
7,PET,HT,#1,#3,GASOLINE_1,1.1984910049960715,1.5250162065825181,49.1349391149461,-0.6359233788128574,0.8854616018764376,-18.16587216919389,0.6302860551694851,,,,,,,,,>-0.417800978854381,>0,,,,,,ZONE 1,ZONE 2,ZONE 3,ZONE 4,Total,,,,,,,,,,,,,,,,,,,,,,,,,,,,,,,,,,,Feed,Tech,Pathway1,Pathway2,Product,Unit profit ($/kg),Feed,Tech,Pathway1,Pathway2,Product,Unit profit ($/kg),Feed,Tech,Pathway1,Pathway2,Product,Unit profit ($/kg),Feed,Tech,Pathway1,Pathway2,Product,Unit profit ($/kg),Feed,Tech,Pathway1,Pathway2,Product,Unit profit ($/kg),Feed,Tech,Pathway1,Pathway2,Product,Unit profit ($/kg),Feed,Tech,Pathway1,Pathway2,Product,Unit profit ($/kg),Feed,Tech,Pathway1,Pathway2,Product,Unit profit ($/kg),Feed,Tech,Pathway1,Pathway2,Product,Unit profit ($/kg),Feed,Tech,Pathway1,Pathway2,Product,Unit profit ($/kg),Feed,Tech,Pathway1,Pathway2,Product,Unit profit ($/kg),Feed,Tech,Pathway1,Pathway2,Product,Unit profit ($/kg),Feed,Tech,Pathway1,Pathway2,Product,Unit profit ($/kg),Feed,Tech,Pathway1,Pathway2,Product,Unit profit ($/kg),Feed,Tech,Pathway1,Pathway2,Product,Unit profit ($/kg),Feed,Tech,Pathway1,Pathway2,Product,Unit profit ($/kg),Feed,Tech,Pathway1,Pathway2,Product,Unit profit ($/kg),Feed,Tech,Pathway1,Pathway2,Product,Unit profit ($/kg),Feed,Tech,Pathway1,Pathway2,Product,Unit profit ($/kg),Feed,Tech,Pathway1,Pathway2,Product,Unit profit ($/kg),Feed,Tech,Pathway1,Pathway2,Product,Unit profit ($/kg),,,,,,,,,,,,,,,,,,,,,,,,,,,,,,,,,,
8,PET,HT,#1,#4,GASOLINE_1,1.3117915359345658,2.898137608513199,56.06236000000001,-0.781976755286727,-0.5666232520546812,-26.637096785710725,0.5248666523187622,,,,,,,,,,,,,,,PET,34,15,7,162,218,,,,,,,,,,,,,,,,,,,,,,,,,,,,,,,,,,,PET,HT,#8,#6,BA_1,-0.19034333470278342,PET,LT,#1,#6,GASOLINE_1,-0.18533169835134136,PET,SG,#3,-,H2_1,-0.27000928066015745,PET,OG,#8,-,H2_1,-0.49104600430109396,PP,HT,#1,#7,MeOH_1,0.07116668793460335,PP,LT,#8,#6,DIESEL_1,0.10198651431165744,PP,SG,#1,-,MeOH_1,0.14246428829831556,PP,OG,#6,-,MeOH_1,-0.21885758484920986,PVC,HT,#1,#6,DIESEL_1,-0.25056989622696807,PVC,LT,#1,#6,GASOLINE_1,-0.30040884760227526,PVC,SG,#6,-,MeOH_1,-0.31034369039507,PVC,OG,#6,-,MeOH_1,-0.4486863149859937,PS,HT,#1,-,GASOLINE_1,0.12454267411342258,PS,LT,#1,-,GASOLINE_1,0.14017591053019374,PS,SG,#6,-,MeOH_1,0.018381876076149693,PS,OG,#6,-,MeOH_1,-0.28295149613808224,PE,HT,#1,#1,MeOH_1,0.12211253759565069,PE,LT,#1,#6,DIESEL_1,-0.2708079114046389,PE,SG,#6,-,MeOH_1,0.08182703745069161,PE,OG,#6,-,MeOH_1,-0.32591057181568944,PE,HG,#1,-,DIESEL_1,-0.007047541409939413,,,,,,,,,,,,,,,,,,,,,,,,,,,,,,,,,,
9,PET,HT,#1,#5,GASOLINE_1,1.6078227524527198,3.3290169918194006,72.39855056,-0.8610258934149548,-0.6144411910004867,-34.117919560588156,0.5287485827176461,(ii),,,,,,,,,,,,,,PP,46,167,0,27,240,,,,,,,,,,,,,,,,,,,,,,,,,,,,,,,,,,,,,,,,,,,,,,,,,,,,,,,,,,,,,,,,,,,,,,,,,,,,,,,,,,,,,,,,,,,,,,,,,,,,,,,,,,,,,,,,,,,,,,,,,,,,,,,,,,,,,,,,,,,,,,,,,,,,,,,,,,,,,,,,,,,,,,,,,,,,,,,,,,,,,,,,,,,,,,,,,,
10,PET,HT,#1,#6,GASOLINE_1,1.0744417594613345,1.0713747184307107,43.48483394832232,-0.5159251320520706,1.265779828841235,-13.155301743746131,0.6974737960508258,Feed,Tech,Pathway1,Pathway2,Product,Unit treatment cost ($/kg),Unit CO2 emission (kgCO2eq/kg),Unit energy consumption (MJ/kg),Unit profit ($/kg),Unit CO2 reduction (kgCO2eq/kg),Unit energy recovery (MJ/kg),Energy efficiency,,,PVC,21,12,33,174,240,,,,,,,,,,,,,,,,,,,,,,,,,,,,,,,,,,,,,,,,,,,,,,,,,,,,,,,,,,,,,,,,,,,,,,,,,,,,,,,,,,,,,,,,,,,,,,,,,,,,,,,,,,,,,,,,,,,,,,,,,,,,,,,,,,,,,,,,,,,,,,,,,,,,,,,,,,,,,,,,,,,,,,,,,,,,,,,,,,,,,,,,,,,,,,,,,,
11,PET,HT,#1,#7,GASOLINE_1,1.2008046655406088,1.78038555044416,50.38876972784231,-0.6438480407951975,0.6246089350971102,-20.438800246530196,0.5943778671929604,,,,,,,,,>-0.417800978854381,<0,,,,,PS,17,14,0,7,38,,,,,,,,,,,,,,,,,,,,,,,,,,,,,,,,,,,,,,,,,,,,,,,,,,,,,,,,,,,,,,,,,,,,,,,,,,,,,,,,,,,,,,,,,,,,,,,,,,,,,,,,,,,,,,,,,,,,,,,,,,,,,,,,,,,,,,,,,,,,,,,,,,,,,,,,,,,,,,,,,,,,,,,,,,,,,,,,,,,,,,,,,,,,,,,,,,
12,PET,HT,#1,#8,GASOLINE_1,1.2821990687313007,1.9026601369813916,52.46855822875432,-0.7040689539026616,0.48916509652998,-22.755726140231175,0.5662978570705157,(iii),,,,,,,,,,,,,,PE,32,116,0,75,223,,,,,,,,,,,,,,,,,,,,,,,,,,,,,,,,,,,,,,,,,,,,,,,,,,,,,,,,,,,,,,,,,,,,,,,,,,,,,,,,,,,,,,,,,,,,,,,,,,,,,,,,,,,,,,,,,,,,,,,,,,,,,,,,,,,,,,,,,,,,,,,,,,,,,,,,,,,,,,,,,,,,,,,,,,,,,,,,,,,,,,,,,,,,,,,,,,
13,PET,HT,#1,#9,GASOLINE_1,1.1789844771734,1.5962157821863792,49.3428831511922,-0.6151715091883591,0.8204183769608444,-19.07577895186111,0.6134036413435601,Feed,Tech,Pathway1,Pathway2,Product,Unit treatment cost ($/kg),Unit CO2 emission (kgCO2eq/kg),Unit energy consumption (MJ/kg),Unit profit ($/kg),Unit CO2 reduction (kgCO2eq/kg),Unit energy recovery (MJ/kg),Energy efficiency,,,,150,324,40,445,959,,,,,,,,,,,,,,,,,,,,,,,,,,,,,,,,,,,,,,,,,,,,,,,,,,,,,,,,,,,,,,,,,,,,,,,,,,,,,,,,,,,,,,,,,,,,,,,,,,,,,,,,,,,,,,,,,,,,,,,,,,,,,,,,,,,,,,,,,,,,,,,,,,,,,,,,,,,,,,,,,,,,,,,,,,,,,,,,,,,,,,,,,,,,,,,,,,
14,PET,HT,#1,#10,GASOLINE_1,1.2846445372054645,2.026370949142405,53.76382736272232,-0.7252877974611391,0.31671601905551316,-24.083995675050225,0.5520409007981247,,,,,,,,,<-0.417800978854381,>0,,,,,,,,,,,,,,,,,,,,,,,,,,,,,,,,,,,,,,,,,,,,,,,,,,,,,,,,,,,,,,,,,,,,,,,,,,,,,,,,,,,,,,,,,,,,,,,,,,,,,,,,,,,,,,,,,,,,,,,,,,,,,,,,,,,,,,,,,,,,,,,,,,,,,,,,,,,,,,,,,,,,,,,,,,,,,,,,,,,,,,,,,,,,,,,,,,,,,,,,,,,,
15,PET,HT,#1,#11,GASOLINE_1,1.3072729308341862,2.0364261290910526,54.108358532754316,-0.7243874630310533,0.3514809735390127,-24.404776951470215,0.5489647512279112,(iv),,,,,,,,,,,,,,Scenario 2: Interest rate = 10%,,,,,,,,,,,,,,,,,,,,,,,,,,,,,,,,,,,,,,,,,,,,,,,,,,,,,,,,,,,,,,,,,,,,,,,,,,,,,,,,,,,,,,,,,,,,,,,,,,,,,,,,,,,,,,,,,,,,,,,,,,,,,,,,,,,,,,,,,,,,,,,,,,,,,,,,,,,,,,,,,,,,,,,,,,,,,,,,,,,,,,,,,,,,,,,,,,,,,,,
16,PET,HT,#2,#1,GASOLINE_1,1.4002143031855632,3.0005216573193945,54.7589094112,-0.9310824561536433,-0.40560872544388116,-26.10905312514116,0.5231999065379305,Feed,Tech,Pathway1,Pathway2,Product,Unit treatment cost ($/kg),Unit CO2 emission (kgCO2eq/kg),Unit energy consumption (MJ/kg),Unit profit ($/kg),Unit CO2 reduction (kgCO2eq/kg),Unit energy recovery (MJ/kg),Energy efficiency,,,,ZONE 1,ZONE 2,ZONE 3,ZONE 4,Total,,,,,,,,,,,,,,,,,,,,,,,,,,,,,,,,,,,,,,,,,,,,,,,,,,,,,,,,,,,,,,,,,,,,,,,,,,,,,,,,,,,,,,,,,,,,,,,,,,,,,,,,,,,,,,,,,,,,,,,,,,,,,,,,,,,,,,,,,,,,,,,,,,,,,,,,,,,,,,,,,,,,,,,,,,,,,,,,,,,,,,,,,,,,,,,,,,
17,PET,HT,#2,#2,GASOLINE_1,1.7302551193166853,3.5434562683292694,74.73158429120001,-1.05270716646635,-0.623544500774234,-37.146621073656824,0.5029327770048224,,,,,,,,,<-0.417800978854381,<0,,,,,PET,12,8,26,169,215,,,,,,,,,,,,,,,,,,,,,,,,,,,,,,,,,,,,,,,,,,,,,,,,,,,,,,,,,,,,,,,,,,,,,,,,,,,,,,,,,,,,,,,,,,,,,,,,,,,,,,,,,,,,,,,,,,,,,,,,,,,,,,,,,,,,,,,,,,,,,,,,,,,,,,,,,,,,,,,,,,,,,,,,,,,,,,,,,,,,,,,,,,,,,,,,,,
18,PET,HT,#2,#3,GASOLINE_1,1.3837744301746464,2.2141354279937944,55.153613326146086,-0.8869017649129737,0.3924740733608204,-25.22723839073648,0.5426004413970594,,,,,,,,,,,,,,,PP,71,120,1,74,266,,,,,,,,,,,,,,,,,,,,,,,,,,,,,,,,,,,,,,,,,,,,,,,,,,,,,,,,,,,,,,,,,,,,,,,,,,,,,,,,,,,,,,,,,,,,,,,,,,,,,,,,,,,,,,,,,,,,,,,,,,,,,,,,,,,,,,,,,,,,,,,,,,,,,,,,,,,,,,,,,,,,,,,,,,,,,,,,,,,,,,,,,,,,,,,,,,
19,PET,HT,#2,#4,GASOLINE_1,1.4970749611131406,3.5872568299244754,62.08103421119999,-1.0329551413868434,-1.0596107805702983,-33.69846300725331,0.45718586303490105,,,,,,,,,,,,,,,PVC,2,5,47,181,235,,,,,,,,,,,,,,,,,,,,,,,,,,,,,,,,,,,,,,,,,,,,,,,,,,,,,,,,,,,,,,,,,,,,,,,,,,,,,,,,,,,,,,,,,,,,,,,,,,,,,,,,,,,,,,,,,,,,,,,,,,,,,,,,,,,,,,,,,,,,,,,,,,,,,,,,,,,,,,,,,,,,,,,,,,,,,,,,,,,,,,,,,,,,,,,,,,
20,PET,HT,#2,#5,GASOLINE_1,1.7931061776312944,4.018136213230677,78.41722477119998,-1.1120042795150709,-1.1074287195161039,-41.179285782130734,0.47486938102845866,,,,,,,,,,,,,,,PS,14,10,1,11,36,,,,,,,,,,,,,,,,,,,,,,,,,,,,,,,,,,,Feed,Tech,Pathway1,Pathway2,Unit profit ($/kg),Unit CO2 reduction (kgCO2eq/kg),Feed,Tech,Pathway1,Pathway2,Unit profit ($/kg),Unit CO2 reduction (kgCO2eq/kg),Feed,Tech,Pathway1,Pathway2,Unit profit ($/kg),Unit CO2 reduction (kgCO2eq/kg),Feed,Tech,Pathway1,Pathway2,Unit profit ($/kg),Unit CO2 reduction (kgCO2eq/kg),Feed,Tech,Pathway1,Pathway2,Unit profit ($/kg),Unit CO2 reduction (kgCO2eq/kg),Feed,Tech,Pathway1,Pathway2,Unit profit ($/kg),Unit CO2 reduction (kgCO2eq/kg),Feed,Tech,Pathway1,Pathway2,Unit profit ($/kg),Unit CO2 reduction (kgCO2eq/kg),Feed,Tech,Pathway1,Pathway2,Unit profit ($/kg),Unit CO2 reduction (kgCO2eq/kg),Feed,Tech,Pathway1,Pathway2,Unit profit ($/kg),Unit CO2 reduction (kgCO2eq/kg),Feed,Tech,Pathway1,Pathway2,Unit profit ($/kg),Unit CO2 reduction (kgCO2eq/kg),Feed,Tech,Pathway1,Pathway2,Unit profit ($/kg),Unit CO2 reduction (kgCO2eq/kg),Feed,Tech,Pathway1,Pathway2,Unit profit ($/kg),Unit CO2 reduction (kgCO2eq/kg),Feed,Tech,Pathway1,Pathway2,Unit profit ($/kg),Unit CO2 reduction (kgCO2eq/kg),Feed,Tech,Pathway1,Pathway2,Unit profit ($/kg),Unit CO2 reduction (kgCO2eq/kg),Feed,Tech,Pathway1,Pathway2,Unit profit ($/kg),Unit CO2 reduction (kgCO2eq/kg),Feed,Tech,Pathway1,Pathway2,Unit profit ($/kg),Unit CO2 reduction (kgCO2eq/kg),Feed,Tech,Pathway1,Pathway2,Unit profit ($/kg),Unit CO2 reduction (kgCO2eq/kg),Feed,Tech,Pathway1,Pathway2,Unit profit ($/kg),Unit CO2 reduction (kgCO2eq/kg),Feed,Tech,Pathway1,Pathway2,Unit profit ($/kg),Unit CO2 reduction (kgCO2eq/kg),Feed,Tech,Pathway1,Pathway2,Unit profit ($/kg),Unit CO2 reduction (kgCO2eq/kg),Feed,Tech,Pathway1,Pathway2,Unit profit ($/kg),Unit CO2 reduction (kgCO2eq/kg),Feed,Tech,Pathway1,Pathway2,Product,Unit CO2 reduction (kgCO2eq/kg),Feed,Tech,Pathway1,Pathway2,Product,Unit CO2 reduction (kgCO2eq/kg),Feed,Tech,Pathway1,Pathway2,Product,Unit CO2 reduction (kgCO2eq/kg),Feed,Tech,Pathway1,Pathway2,Product,Unit CO2 reduction (kgCO2eq/kg),Feed,Tech,Pathway1,Pathway2,Product,Unit CO2 reduction (kgCO2eq/kg),Feed,Tech,Unit profit ($/kg),Unit CO2 reduction (kgCO2eq/kg)
21,PET,HT,#2,#6,GASOLINE_1,1.2597251846399096,1.760493939841987,49.50350815952231,-0.766903518152187,0.7727923003256173,-20.21666796528872,0.5916114086270082,,,,,,,,,,,,,,,PE,7,68,9,123,207,,,,,,,,,,,,,,,,,,,,,,,,,,,,,,,,,,,PET,HT,#8,#6,-0.313682430044189,2.475119641863759,PET,LT,#1,#6,-0.5126625586068981,1.4162959989146298,PET,SG,#3,-,-0.44258662811685917,0.009542352083831727,PET,OG,#8,-,-0.6613963135752818,0.573148715960595,PP,HT,#1,#7,-0.2760682726975649,0.3560488044409862,PP,LT,#1,#6,-0.1835094478060475,1.4421108949269528,PP,SG,#3,-,-0.13215194279225015,-1.0279251270144054,PP,OG,#8,-,-0.43936570502957856,0.2961926528399417,PVC,HT,#1,#6,-0.5543254543054965,0.7302902967734245,PVC,LT,#1,#6,-0.4359027386459465,0.7534577233289674,PVC,SG,#3,-,-0.5004788960309386,-0.2761821504083216,PVC,OG,#8,-,-0.6408438784916272,0.45774698314310797,PS,HT,#1,-,-0.14455338942698534,1.8081429102011306,PS,LT,#1,-,-0.14744266603469014,1.865345221766601,PS,SG,#3,-,-0.23755097027708585,-0.39420696414765954,PS,OG,#8,-,-0.5350111524776242,0.9709340319213915,PE,HT,#1,#1,-0.22172991305227813,0.37975192805219293,PE,LT,#6,-,-0.20939281168285645,1.2006938370903033,PE,SG,#3,-,-0.19099959331145286,-1.094644103090114,PE,OG,#3,-,-0.5138408449429422,0.7413843268415962,PE,HG,#3,-,-0.16813578249053862,1.0336188422269574,PET,HT,#8,#6,BA_1,2.475119641863759,PP,SG,#3,-,H2_1,-1.0279251270144054,PVC,LT,#1,#6,GASOLINE_1,0.7534577233289674,PS,HT,#1,-,GASOLINE_1,1.8081429102011306,PE,HG,#3,-,DIESEL_1,1.0336188422269574,PET,HT,-0.313682430044189,2.475119641863759
22,PET,HT,#2,#7,GASOLINE_1,1.3860880907191837,2.469504771855436,56.4074439390423,-0.8948264268953136,0.1316214065814927,-27.500166468072788,0.5124727421119928,PET,HT,,,,,,,,,,,,,,106,211,84,558,959,,,,,,,,,,,,,,,,,,,,,,,,,,,,,,,,,,,,,,,,,,,,,,,,,,,,,,,,,,,,,,,,,,,,,,,,,,,,,,,,,,,,,,,,,,,,,,,,,,,,,,,,,,,,,,,,,,,,,,,,,,,,,,,,,,,,,,,,,,,,,,,,,,,,,,,,,,,,,,,,,,,,,,,,,,,,,,,,,,,,,,,,,,,,,,,PET,LT,-0.5126625586068981,1.4162959989146298
23,PET,HT,#2,#8,GASOLINE_1,1.4674824939098752,2.5917793583926683,58.48723243995431,-0.9550473400027776,-0.0038224319856375454,-29.817092361773756,0.4901948490658134,Feed,Tech,Pathway1,Pathway2,Product,Unit treatment cost ($/kg),Unit CO2 emission (kgCO2eq/kg),Unit energy consumption (MJ/kg),Unit profit ($/kg),Unit CO2 reduction (kgCO2eq/kg),Unit energy recovery (MJ/kg),Energy efficiency,,,,,,,,,,,,,,,,,,,,,,,,,,,,,,,,,,,,,,,,,,,,,,,,,,,,,,,,,,,,,,,,,,,,,,,,,,,,,,,,,,,,,,,,,,,,,,,,,,,,,,,,,,,,,,,,,,,,,,,,,,,,,,,,,,,,,,,,,,,,,,,,,,,,,,,,,,,,,,,,,,,,,,,,,,,,,,,,,,,,,,,,,,,,,,,,,,,,,,,PET,SG,-0.44258662811685917,0.009542352083831727
24,PET,HT,#2,#9,GASOLINE_1,1.3642679023519748,2.2853350035976554,55.361557362392205,-0.8661498952884753,0.32743084844522685,-26.13714517340372,0.5278827688622971,PET,HT,#1,#6,GASOLINE_1,0.7896273017589682,0.9470139275923507,41.012723108962305,-0.09332265879999824,1.3991690161984476,-11.886067880828215,0.7101858403976397,,,Scenario 3: Interest rate = 15%,,,,,,,,,,,,,,,,,,,,,,,,,,,,,,,,,,,,,,,,,,,,,,,,,,,,,,,,,,,,,,,,,,,,,,,,,,,,,,,,,,,,,,,,,,,,,,,,,,,,,,,,,,,,,,,,,,,,,,,,,,,,,,,,,,,,,,,,,,,,,,,,,,,,,,,,,,,,,,,,,,,,,,,,,,,,,,,,,,,,,,,,,,,,,,,,,,,,PET,OG,-0.6613963135752818,0.573148715960595
25,PET,HT,#2,#10,GASOLINE_1,1.4699279623840396,2.7154901705536805,59.78250157392231,-0.9762661835612554,-0.1762715094601035,-31.145361896592817,0.47902210384955324,,,,,,,,,,,,,,,,ZONE 1,ZONE 2,ZONE 3,ZONE 4,Total,,,,,,,,,,,,,,,,,,,,,,,,,,,,,,,,,,,,,,,,,,,,,,,,,,,,,,,,,,,,,,,,,,,,,,,,,,,,,,,,,,,,,,,,,,,,,,,,,,,,,,,,,,,,,,,,,,,,,,,,,,,,,,,,,,,,,,,,,,,,,,,,,,,,,,,,,,,,,,,,,,,,,,,,,,,,,,,,,,,,,,,,,,,,,,,PP,HT,-0.2760682726975649,0.3560488044409862
26,PET,HT,#2,#11,GASOLINE_1,1.4925563560127606,2.725545350502329,60.1270327439543,-0.9753658491311694,-0.14150655497660516,-31.4661431730128,0.47667227639506826,,,,,,,,,,,,,,,PET,12,8,26,169,215,,,,,,,,,,,,,,,,,,,,,,,,,,,,,,,,,,,,,,,,,,,,,,,,,,,,,,,,,,,,,,,,,,,,,,,,,,,,,,,,,,,,,,,,,,,,,,,,,,,,,,,,,,,,,,,,,,,,,,,,,,,,,,,,,,,,,,,,,,,,,,,,,,,,,,,,,,,,,,,,,,,,,,,,,,,,,,,,,,,,,,,,,,,,,,,PP,LT,-0.1835094478060475,1.4421108949269528
27,PET,HT,#3,#1,GASOLINE_1,1.5077480812082016,3.770354300835437,62.508480784479666,-0.9963754102612348,-1.2181951830324365,-33.07696539675728,0.4708403566741296,,,,,,,,,,,,,,,PP,71,120,1,74,266,,,,,,,,,,,,,,,,,,,,,,,,,,,,,,,,,,,,,,,,,,,,,,,,,,,,,,,,,,,,,,,,,,,,,,,,,,,,,,,,,,,,,,,,,,,,,,,,,,,,,,,,,,,,,,,,,,,,,,,,,,,,,,,,,,,,,,,,,,,,,,,,,,,,,,,,,,,,,,,,,,,,,,,,,,,,,,,,,,,,,,,,,,,,,,,PP,SG,-0.13215194279225015,-1.0279251270144054
28,PET,HT,#3,#2,GASOLINE_1,1.8377888973393233,4.313288911845313,82.48115566447967,-1.118000120573941,-1.4361309583627904,-44.11453334527295,0.4651562167154409,,,,,,,,,,,,,,,PVC,2,5,47,181,235,,,,,,,,,,,,,,,,,,,,,,,,,,,,,,,,,,,,,,,,,,,,,,,,,,,,,,,,,,,,,,,,,,,,,,,,,,,,,,,,,,,,,,,,,,,,,,,,,,,,,,,,,,,,,,,,,,,,,,,,,,,,,,,,,,,,,,,,,,,,,,,,,,,,,,,,,,,,,,,,,,,,,,,,,,,,,,,,,,,,,,,,,,,,,,,PP,OG,-0.43936570502957856,0.2961926528399417
29,PET,HT,#3,#3,GASOLINE_1,1.4913082081972846,2.983968071509837,62.90318469942577,-0.9521947190205649,-0.4201123842277342,-32.19515066235262,0.4881793216640346,,,,,,,,,,,,,,,PS,14,10,1,11,36,,,,,,,,,,,,,,,,,,,,,,,,,,,,,,,,,,,,,,,,,,,,,,,,,,,,,,,,,,,,,,,,,,,,,,,,,,,,,,,,,,,,,,,,,,,,,,,,,,,,,,,,,,,,,,,,,,,,,,,,,,,,,,,,,,,,,,,,,,,,,,,,,,,,,,,,,,,,,,,,,,,,,,,,,,,,,,,,,,,,,,,,,,,,,,,PVC,HT,-0.5543254543054965,0.7302902967734245
30,PET,HT,#3,#4,GASOLINE_1,1.6046087391357782,4.357089473440518,69.83060558447967,-1.098248095494434,-1.8721972381588536,-40.666375278869445,0.41764252309580674,,,,,,,,,,,,,,,PE,7,68,9,123,207,,,,,,,,,,,,,,,,,,,,,,,,,,,,,,,,,,,,,,,,,,,,,,,,,,,,,,,,,,,,,,,,,,,,,,,,,,,,,,,,,,,,,,,,,,,,,,,,,,,,,,,,,,,,,,,,,,,,,,,,,,,,,,,,,,,,,,,,,,,,,,,,,,,,,,,,,,,,,,,,,,,,,,,,,,,,,,,,,,,,,,,,,,,,,,,PVC,LT,-0.4359027386459465,0.7534577233289674
31,PET,HT,#3,#5,GASOLINE_1,1.9006399556539326,4.787968856746719,86.16679614447966,-1.177297233622662,-1.9200151771046592,-48.14719805374687,0.4412325836855261,,,,,,,,,,,,,,,,106,211,84,558,959,,,,,,,,,,,,,,,,,,,,,,,,,,,,,,,,,,,,,,,,,,,,,,,,,,,,,,,,,,,,,,,,,,,,,,,,,,,,,,,,,,,,,,,,,,,,,,,,,,,,,,,,,,,,,,,,,,,,,,,,,,,,,,,,,,,,,,,,,,,,,,,,,,,,,,,,,,,,,,,,,,,,,,,,,,,,,,,,,,,,,,,,,,,,,,,PVC,SG,-0.5004788960309386,-0.2761821504083216
32,PET,HT,#3,#6,GASOLINE_1,1.3672589626625475,2.5303265833580295,57.25307953280199,-0.8321964722597778,-0.039794157262937425,-27.184580236904868,0.5251857112536625,,,,,,,,,,,,,,,,,,,,,,,,,,,,,,,,,,,,,,,,,,,,,,,,,,,,,,,,,,,,,,,,,,,,,,,,,,,,,,,,,,,,,,,,,,,,,,,,,,,,,,,,,,,,,,,,,,,,,,,,,,,,,,,,,,,,,,,,,,,,,,,,,,,,,,,,,,,,,,,,,,,,,,,,,,,,,,,,,,,,,,,,,,,,,,,,,,,,,,,,,,,,,,,,,,,PVC,OG,-0.6408438784916272,0.45774698314310797
33,PET,HT,#3,#7,GASOLINE_1,1.4936218687418223,3.239337415371478,64.15701531232197,-0.9601193810029051,-0.6809650510070616,-34.46807873968891,0.46275432901771874,,,,,,,,,,,,,,,,,,,,,,,,,,,,,,,,,,,,,,,,,,,,,,,,,,,,,,,,,,,,,,,,,,,,,,,,,,,,,,,,,,,,,,,,,,,,,,,,,,,,,,,,,,,,,,,,,,,,,,,,,,,,,,,,,,,,,,,,,,,,,,,,,,,,,,,,,,,,,,,,,,,,,,,,,,,,,,,,,,,,,,,,,,,,,,,,,,,,,,,,,,,,,,,,,,,PS,HT,-0.14455338942698534,1.8081429102011306
34,PET,HT,#3,#8,GASOLINE_1,1.5750162719325138,3.3616120019087106,66.23680381323398,-1.020340294110369,-0.8164088895741922,-36.785004633389896,0.4446440269504622,,,,,,,,,,,,,,,,,,,,,,,,,,,,,,,,,,,,,,,,,,,,,,,,,,,,,,,,,,,,,,,,,,,,,,,,,,,,,,,,,,,,,,,,,,,,,,,,,,,,,,,,,,,,,,,,,,,,,,,,,,,,,,,,,,,,,,,,,,,,,,,,,,,,,,,,,,,,,,,,,,,,,,,,,,,,,,,,,,,,,,,,,,,,,,,,,,,,,,,,,,,,,,,,,,,PS,LT,-0.14744266603469014,1.865345221766601
35,PET,HT,#3,#9,GASOLINE_1,1.4718016803746128,3.0551676471136977,63.111128735671876,-0.9314428493960663,-0.48515560914332745,-33.10505744501984,0.4754481799291906,,,,,,,,,,,,,,,,,,,,,,,,,,,,,,,,,,,,,,,,,,,,,,,,,,,,,,,,,,,,,,,,,,,,,,,,,,,,,,,,,,,,,,,,,,,,,,,,,,,,,,,,,,,,,,,,,,,,,,,,,,,,,,,,,,,,,,,,,,,,,,,,,,,,,,,,,,,,,,,,,,,,,,,,,,,,,,,,,,,,,,,,,,,,,,,,,,,,,,,,,,,,,,,,,,,PS,SG,-0.23755097027708585,-0.39420696414765954
36,PET,HT,#3,#10,GASOLINE_1,1.5774617404066775,3.4853228140697237,67.53207294720198,-1.0415591376688462,-0.9888579670486587,-38.11327416820894,0.4356270657054061,,,,,,,,,,,,,,,,,,,,,,,,,,,,,,,,,,,,,,,,,,,,,,,,,,,,,,,,,,,,,,,,,,,,,,,,,,,,,,,,,,,,,,,,,,,,,,,,,,,,,,,,,,,,,,,,,,,,,,,,,,,,,,,,,,,,,,,,,,,,,,,,,,,,,,,,,,,,,,,,,,,,,,,,,,,,,,,,,,,,,,,,,,,,,,,,,,,,,,,,,,,,,,,,,,,PS,OG,-0.5350111524776242,0.9709340319213915
37,PET,HT,#3,#11,GASOLINE_1,1.600090134035399,3.495377994018371,67.87660411723398,-1.0406588032387605,-0.9540930125651592,-38.43405544462894,0.4337657880136866,,,,,,,,,,,,,,,,,,,,,,,,,,,,,,,,,,,,,,,,,,,,,,,,,,,,,,,,,,,,,,,,,,,,,,,,,,,,,,,,,,,,,,,,,,,,,,,,,,,,,,,,,,,,,,,,,,,,,,,,,,,,,,,,,,,,,,,,,,,,,,,,,,,,,,,,,,,,,,,,,,,,,,,,,,,,,,,,,,,,,,,,,,,,,,,,,,,,,,,,,,,,,,,,,,,PE,HT,-0.22172991305227813,0.37975192805219293
38,PET,HT,#4,#1,GASOLINE_1,1.5305011421850347,4.106990329549101,65.32884544539166,-0.9884693931635485,-1.501638565037117,-36.59757399604756,0.43979456935850114,,,,,,,,,,,,,,,,,,,,,,,,,,,,,,,,,,,,,,,,,,,,,,,,,,,,,,,,,,,,,,,,,,,,,,,,,,,,,,,,,,,,,,,,,,,,,,,,,,,,,,,,,,,,,,,,,,,,,,,,,,,,,,,,,,,,,,,,,,,,,,,,,,,,,,,,,,,,,,,,,,,,,,,,,,,,,,,,,,,,,,,,,,,,,,,,,,,,,,,,,,,,,,,,,,,PE,LT,-0.20939281168285645,1.2006938370903033
39,PET,HT,#4,#2,GASOLINE_1,1.8605419583161562,4.649924940558976,85.30152032539166,-1.1100941034762548,-1.7195743403674697,-47.635141944563216,0.44156749184710964,,,,,,,Aromatics,2,Aromatics,2,,,,,,,,,,,Aromatics,0,Aromatics,0,,,,,,,,,,,Aromatics,27,Aromatics,27,,,,,,,,,,Aromatics,13,Aromatics,13,,,,,,,,,,,,,,,,,,,,,,,,,,,,,,,,,,,,,,,,,,,,,,,,,,,,,,,,,,,,,,,,,,,,,,,,,,,,,,,,,,,,,,,,,,,,,,,,,,,,,,,,,,,,,,,,,,,,,,,,,,,,,,,,,,,,,,,,,,,,,,,,,,,,,,,,,,,,,,,,PE,SG,-0.19099959331145286,-1.094644103090114
40,PET,HT,#4,#3,GASOLINE_1,1.5140612691741178,3.320604100223501,65.72354936033777,-0.9442887019228785,-0.7035557662324154,-35.715759261642894,0.45657592127554353,,,,,,,BA_1,10,Benzoic acid,10,,,,,,,,,,,BA_1,0,Benzoic acid,0,,,,,,,,,,,BA_1,8,Benzoic acid,8,,,,,,,,,,BA_1,2,Benzoic acid,2,,,,,,,,,,,,,,,,,,,,,,,,,,,,,,,,,,,,,,,,,,,,,,,,,,,,,,,,,,,,,,,,,,,,,,,,,,,,,,,,,,,,,,,,,,,,,,,,,,,,,,,,,,,,,,,,,,,,,,,,,,,,,,,,,,,,,,,,,,,,,,,,,,,,,,,,,,,,,,,,PE,OG,-0.5138408449429422,0.7413843268415962
41,PET,HT,#4,#4,GASOLINE_1,1.6273618001126113,4.693725502154182,72.65097024539166,-1.0903420783967477,-2.1556406201635347,-44.186983878159715,0.39179086350932046,,,,,,,DIESEL_1,32,Diesel,32,,,,,,,,,,,DIESEL_1,40,Diesel,40,,,,,,,,,,,DIESEL_1,20,Diesel,20,,,,,,,,,,DIESEL_1,46,Diesel,46,,,,,,,,,,,,,,,,,,,,,,,,,,,,,,,,,,,,,,,,,,,,,,,,,,,,,,,,,,,,,,,,,,,,,,,,,,,,,,,,,,,,,,,,,,,,,,,,,,,,,,,,,,,,,,,,,,,,,,,,,,,,,,,,,,,,,,,,,,,,,,,,,,,,,,,,,,,,,,,,PE,HG,-0.16813578249053862,1.0336188422269574
42,PET,HT,#4,#5,GASOLINE_1,1.9233930166307656,5.124604885460384,88.98716080539165,-1.1693912165249754,-2.2034585591093405,-51.66780665303714,0.4193790858657597,,,,,,,FT_1,9,FT fuel,9,,,,,,,,,,,FT_1,41,FT fuel,43,,,,,,,,,,,FT_1,6,FT fuel,6,,,,,,,,,,FT_1,101,FT fuel,101,,,,,,,,,,,,,,,,,,,,,,,,,,,,,,,,,,,,,,,,,,,,,,,,,,,,,,,,,,,,,,,,,,,,,,,,,,,,,,,,,,,,,,,,,,,,,,,,,,,,,,,,,,,,,,,,,,,,,,,,,,,,,,,,,,,,,,,,,,,,,,,,,,,,,,,,,,,,,,,,,,-0.3553157804685301,0.653184134176946
43,PET,HT,#4,#6,GASOLINE_1,1.3900120236393807,2.8669626120716933,60.07344419371398,-0.8242904551620915,-0.32323753926761867,-30.70518883619514,0.488872508505046,,,,,,,FT_4,0,Gasoline,27,,,,,,,,,,,FT_4,2,Gasoline,0,,,,,,,,,,,FT_4,0,Gasoline,36,,,,,,,,,,FT_4,0,Gasoline,132,,,,,,,,,,,,,,,,,,,,,,,,,,,,,,,,,,,,,,,,,,,,,,,,,,,,,,,,,,,,,,,,,,,,,,,,,,,,,,,,,,,,,,,,,,,,,,,,,,,,,,,,,,,,,,,,,,,,,,,,,,,,,,,,,,,,,,,,,,,,,,,,,,,,,,,,,,,,,,,,,,,
44,PET,HT,#4,#7,GASOLINE_1,1.5163749297186553,3.575973444085142,66.97737997323398,-0.9522133639052188,-0.9644084330117428,-37.98868733897919,0.43281317731209357,,,,,,,GASOLINE_1,27,Hydrogen,13,,,,,,,,,,,GASOLINE_1,0,Hydrogen,18,,,,,,,,,,,GASOLINE_1,36,Hydrogen,13,,,,,,,,,,GASOLINE_1,132,Hydrogen,4,,,,,,,,,,,,,,,,,,,,,,,,,,,,,,,,,,,,,,,,,,,,,,,,,,,,,,,,,,,,,,,,,,,,,,,,,,,,,,,,,,,,,,,,,,,,,,,,,,,,,,,,,,,,,,,,,,,,,,,,,,,,,,,,,,,,,,,,,,,,,,,,,,,,,,,,,,,,,,,,,,,
45,PET,HT,#4,#8,GASOLINE_1,1.5977693329093468,3.698248030622374,69.05716847414598,-1.0124342770126826,-1.0998522715788728,-40.305613232680166,0.4163442532722723,PET,12,,HT,66,,H2_1,13,MeOH,15,,,,,PET,7,,HT,70,,H2_1,18,MeOH,42,,,,,PET,42,,HT,67,,H2_1,13,MeOH,10,,,,PET,157,,HT,235,,H2_1,4,MeOH,159,,,,,,,,,,,,,,,,,,,,,,,,,,,,,,,,,,,,,,,,,,,,,,,,,,,,,,,,,,,,,,,,,,,,,,,,,,,,,,,,,,,,,,,,,,,,,,,,,,,,,,,,,,,,,,,,,,,,,,,,,,,,,,,,,,,,,,,,,,,,,,,,,,,,,,,,,,,,,,,,,,,
46,PET,HT,#4,#9,GASOLINE_1,1.494554741351446,3.3918036758273615,65.93149339658387,-0.92353683229838,-0.7685989911480084,-36.62566604431012,0.4444890573916863,PP,71,,LT,78,,MeOH_1,15,Olefins,17,,,,,PP,78,,LT,40,,MeOH_1,42,Olefins,0,,,,,PP,19,,LT,90,,MeOH_1,10,Olefins,9,,,,PP,72,,LT,208,,MeOH_1,159,Olefins,0,,,,,,,,,,,,,,,,,,,,,,,,,,,,,,,,,,,,,,,,,,,,,,,,,,,,,,,,,,,,,,,,,,,,,,,,,,,,,,,,,,,,,,,,,,,,,,,,,,,,,,,,,,,,,,,,,,,,,,,,,,,,,,,,,,,,,,,,,,,,,,,,,,,,,,,,,,,,,,,,,,,
47,PET,HT,#4,#10,GASOLINE_1,1.6002148013835102,3.821958842783388,70.35243760811397,-1.0336531205711597,-1.27230134905334,-41.63388276749922,0.4082098050473598,PVC,2,,SG,0,,Olefin,17,WAX,17,,,,,PVC,5,,SG,31,,Olefin,0,WAX,0,,,,,PVC,62,,SG,0,,Olefin,9,WAX,36,,,,PVC,171,,SG,19,,Olefin,0,WAX,26,,,,,,,,,,,,,,,,,,,,,,,,,,,,,,,,,,,,,,,,,,,,,,,,,,,,,,,,,,,,,,,,,,,,,,,,,,,,,,,,,,,,,,,,,,,,,,,,,,,,,,,,,,,,,,,,,,,,,,,,,,,,,,,,,,,,,,,,,,,,,,,,,,,,,,,,,,,,,,,,,,,
48,PET,HT,#4,#11,GASOLINE_1,1.6228431950122324,3.832014022732035,70.69696877814597,-1.0327527861410744,-1.2375363945698403,-41.9546640439192,0.40655639458069187,PS,14,,OG,9,,WAX_1,17,Jet fuel,14,,,,,PS,7,,OG,1,,WAX_1,0,Jet fuel,1,,,,,PS,4,,OG,14,,WAX_1,36,Jet fuel,6,,,,PS,13,,OG,26,,WAX_1,26,Jet fuel,5,,,,,,,,,,,,,,,,,,,,,,,,,,,,,,,,,,,,,,,,,,,,,,,,,,,,,,,,,,,,,,,,,,,,,,,,,,,,,,,,,,,,,,,,,,,,,,,,,,,,,,,,,,,,,,,,,,,,,,,,,,,,,,,,,,,,,,,,,,,,,,,,,,,,,,,,,,,,,,,,,,,
49,PET,HT,#5,#1,GASOLINE_1,1.4132403774404616,3.594047105875734,61.652792685229514,-0.9049155282135248,-0.8412607415551913,-30.685476778317536,0.502285696367668,PE,57,,HG,3,,JET FUEL_1,14,,156,,,,,PE,47,,HG,2,,JET FUEL_1,1,,144,,,,,PE,44,,HG,0,,JET FUEL_1,6,,171,,,,PE,75,,HG,0,,JET FUEL_1,5,,488,,,,,,,,,,,,,,,,,,,,,,,,,,,,,,,,,,,,,,,,,,,,,,,,,,,,,,,,,,,,,,,,,,,,,,,,,,,,,,,,,,,,,,,,,,,,,,,,,,,,,,,,,,,,,,,,,,,,,,,,,,,,,,,,,,,,,,,,,,,,,,,,,,,,,,,,,,,,,,,,,,,
50,PET,HT,#5,#2,GASOLINE_1,1.7432811935715837,4.13698171688561,81.62546756522953,-1.0265402385262314,-1.0591965168855453,-41.72304472683321,0.4888477092827555,,156,,,156,,,156,,,,,,,,144,,,144,,,144,,,,,,,,171,,,171,,,171,,,,,,,488,,,488,,,488,,,,,,,,,,,,,,,,,,,,,,,,,,,,,,,,,,,,,,,,,,,,,,,,,,,,,,,,,,,,,,,,,,,,,,,,,,,,,,,,,,,,,,,,,,,,,,,,,,,,,,,,,,,,,,,,,,,,,,,,,,,,,,,,,,,,,,,,,,,,,,,,,,,,,,,,,,,,,,,,,,,,,
51,PET,HT,#5,#3,GASOLINE_1,1.396800504429545,2.8076608765501345,62.0474966001756,-0.8607348369728551,-0.04317794275049001,-29.80366204391286,0.51966374669452,,,,,,,,,,,,,,,,,,,,,,,,,,,,,,,,,,,,,,,,,,,,,,,,,,,,,,,,,,,,,,,,,,,,,,,,,,,,,,,,,,,,,,,,,,,,,,,,,,,,,,,,,,,,,,,,,,,,,,,,,,,,,,,,,,,,,,,,,,,,,,,,,,,,,,,,,,,,,,,,,,,,,,,,,,,,,,,,,,,,,,,,,,,,,,,,,,,,,,,,,,,,,,,,,,,,,,
52,PET,HT,#5,#4,GASOLINE_1,1.510101035368039,4.180782278480817,68.97491748522953,-1.006788213446725,-1.4952627966816103,-38.27488666042971,0.44508977964887025,(i),,,,,,,,,,,,,,(ii),,,,,,,,,,,,,,(iii),,,,,,,,,,,,,(iv),,,,,,,,,,,,,,,,,,,,,,,,,,,,,,,,,,,,,,,,,,,,,,,,,,,,,,,,,,,,,,,,,,,,,,,,,,,,,,,,,,,,,,,,,,,,,,,,,,,,,,,,,,,,,,,,,,,,,,,,,,,,,,,,,,,,,,,,,,,,,,,,,,,,,,,,,,,,,,,,,,,,,,,,,,,,
53,PET,HT,#5,#5,GASOLINE_1,1.8061322518861938,4.611661661787017,85.31110804522952,-1.085837351574953,-1.5430807356274145,-45.75570943530713,0.46366058906363333,Feed,Tech,Pathway1,Pathway2,Product,Unit treatment cost ($/kg),Unit CO2 emission (kgCO2eq/kg),Unit energy consumption (MJ/kg),Unit profit ($/kg),Unit CO2 reduction (kgCO2eq/kg),Unit energy recovery (MJ/kg),Energy efficiency,,,Feed,Tech,Pathway1,Pathway2,Product,Unit treatment cost ($/kg),Unit CO2 emission (kgCO2eq/kg),Unit energy consumption (MJ/kg),Unit profit ($/kg),Unit CO2 reduction (kgCO2eq/kg),Unit energy recovery (MJ/kg),Energy efficiency,Number,,Feed,Tech,Pathway1,Pathway2,Product,Unit treatment cost ($/kg),Unit CO2 emission (kgCO2eq/kg),Unit energy consumption (MJ/kg),Unit profit ($/kg),Unit CO2 reduction (kgCO2eq/kg),Unit energy recovery (MJ/kg),Energy efficiency,Number,Feed,Tech,Pathway1,Pathway2,Product,Unit treatment cost ($/kg),Unit CO2 emission (kgCO2eq/kg),Unit energy consumption (MJ/kg),Unit profit ($/kg),Unit CO2 reduction (kgCO2eq/kg),Unit energy recovery (MJ/kg),Energy efficiency,Number,,,,,,,,,,,,,,,,,,,,,,,,,,,,,,,,,,,,,,,,,,,,,,,,,,,,,,,,,,,,,,,,,,,,,,,,,,,,,,,,,,,,,,,,,,,,,,,,,,,,,,,,,,,,,,,,,,,,,,,,,,,,,,,,,,,,,,,,,,,,,,,,,,,,,,,,,,,,,,,,
54,PET,HT,#5,#6,GASOLINE_1,1.2727512588948082,2.3540193883983274,56.397391433551824,-0.7407365902120686,0.3371402842143071,-24.793091618465105,0.5603858443049327,PET,HT,#1,#6,GASOLINE_1,0.9352087314961605,1.0713747184307107,43.48483394832232,-0.37669210408689646,1.265779828841235,-13.155301743746131,0.6974737960508258,,,PET,SG,#1,-,MeOH_1,0.801465452399376,3.2347613058132385,50.75619780221697,-0.36665435685115033,-0.8885861093505109,-26.799766374817967,0.47199026847422004,1,,PET,HT,#1,#1,GASOLINE_1,1.0486974734528516,2.3114024359081182,48.74023520000001,-0.5138706654993904,0.0873788030717364,-19.047686903598574,0.6091999387069317,1,PET,HT,#1,#2,GASOLINE_1,1.3348506288012156,2.8543370469179927,68.71291008000001,-0.5916077150293393,-0.1305569722586161,-30.085254852114243,0.5621600829147384,1,,,,,,,,,,,,,,,,,,,,,,,,,,,,,,,,,,,,,,,,,,,,,,,,,,,,,,,,,,,,,,,,,,,,,,,,,,,,,,,,,,,,,,,,,,,,,,,,,,,,,,,,,,,,,,,,,,,,,,,,,,,,,,,,,,,,,,,,,,,,,,,,,,,,,,,,,,,,,,,,
55,PET,HT,#5,#7,GASOLINE_1,1.3991141649740828,3.0630302204117763,63.30132721307182,-0.8686594989551959,-0.3040306095298177,-32.07659012124917,0.49327144416293844,PET,HT,#8,#1,BA_1,1.1198783227161744,2.601256815983278,48.40963773588605,-0.30413170167719883,1.112837135819641,-15.276042541756913,0.6844421223496827,,,PET,SG,#2,-,FT_4,0.9029916479880479,3.4254343928571633,51.89757300221696,-0.18798231127548065,-0.6234845009186238,-24.37957136769672,0.5302367729863731,2,,PET,HT,#1,#3,GASOLINE_1,1.034730186131535,1.5250162065825181,49.1349391149461,-0.47216255994832085,0.8854616018764376,-18.16587216919389,0.6302860551694851,2,PET,HT,#1,#4,GASOLINE_1,1.1233179754824545,2.898137608513199,56.06236000000001,-0.593503194834616,-0.5666232520546812,-26.637096785710725,0.5248666523187622,2,,,,,,,,,,,,,,,,,,,,,,,,,,,,,,,,,,,,,,,,,,,,,,,,,,,,,,,,,,,,,,,,,,,,,,,,,,,,,,,,,,,,,,,,,,,,,,,,,,,,,,,,,,,,,,,,,,,,,,,,,,,,,,,,,,,,,,,,,,,,,,,,,,,,,,,,,,,,,,,,
56,PET,HT,#5,#8,GASOLINE_1,1.4805085681647743,3.185304806949008,65.38111571398383,-0.9288804120626596,-0.43947444809694797,-34.393516014950144,0.4739533634542428,PET,HT,#8,#2,BA_1,1.4060314780645395,3.144191426993153,68.38231261588606,-0.3818687512071486,0.8949013604892879,-26.313610490272595,0.6151985874171852,,,PET,SG,#3,-,H2_1,0.7548490905869492,3.120076017627424,48.04129266482996,-0.36566753869833885,-0.17433912819078834,-18.497054100548297,0.6149759285288838,3,,PET,HT,#1,#7,GASOLINE_1,1.0384822449824915,1.78038555044416,50.38876972784231,-0.4815256202370802,0.6246089350971102,-20.438800246530196,0.5943778671929604,3,PET,HT,#1,#5,GASOLINE_1,1.387433745590844,3.3290169918194006,72.39855056,-0.6406368865530793,-0.6144411910004867,-34.117919560588156,0.5287485827176461,3,,,,,,,,,,,,,,,,,,,,,,,,,,,,,,,,,,,,,,,,,,,,,,,,,,,,,,,,,,,,,,,,,,,,,,,,,,,,,,,,,,,,,,,,,,,,,,,,,,,,,,,,,,,,,,,,,,,,,,,,,,,,,,,,,,,,,,,,,,,,,,,,,,,,,,,,,,,,,,,,
57,PET,HT,#5,#9,GASOLINE_1,1.3772939766068735,2.8788604521539956,62.25544063642174,-0.8399829673483571,-0.10822116766608357,-30.71356882658012,0.5066524545870528,PET,HT,#8,#3,BA_1,1.1059110353948587,1.8148705866576775,48.804341650832164,-0.2624235961261303,1.9109199346243428,-14.394227807352259,0.7050625554928099,,,PET,SG,#5,-,FT_4,1.1287288720873399,6.29917222262187,82.74331108221696,-0.4072784031284512,-3.4938718702537317,-55.35448421634386,0.3310095584482775,4,,PET,HT,#1,#8,GASOLINE_1,1.0933047409396228,1.9026601369813916,52.46855822875432,-0.5151746261109837,0.48916509652998,-22.755726140231175,0.5662978570705157,4,PET,HT,#2,#1,GASOLINE_1,1.1825495716551875,3.0005216573193945,54.7589094112,-0.7134177246232677,-0.40560872544388116,-26.10905312514116,0.5231999065379305,4,,,,,,,,,,,,,,,,,,,,,,,,,,,,,,,,,,,,,,,,,,,,,,,,,,,,,,,,,,,,,,,,,,,,,,,,,,,,,,,,,,,,,,,,,,,,,,,,,,,,,,,,,,,,,,,,,,,,,,,,,,,,,,,,,,,,,,,,,,,,,,,,,,,,,,,,,,,,,,,,
58,PET,HT,#5,#10,GASOLINE_1,1.482954036638938,3.309015619110021,66.67638484795184,-0.9500992556211366,-0.6119235255714143,-35.7217855497692,0.46425131429622635,PET,HT,#8,#4,BA_1,1.194498824745778,3.1879919885883594,55.731762535886055,-0.3837642310124252,0.45883508069322315,-22.865452423869076,0.5897231420028057,,,PET,SG,#6,-,MeOH_1,0.7836851319313246,2.669938602895592,53.75375277929451,-0.3056040660763243,-0.40415747184604767,-29.24771169262188,0.45589451563114214,5,,PET,HT,#1,#9,GASOLINE_1,1.0204640721382148,1.5962157821863792,49.3428831511922,-0.45665110415317395,0.8204183769608444,-19.07577895186111,0.6134036413435601,5,PET,HT,#2,#2,GASOLINE_1,1.4687027270035518,3.5434562683292694,74.73158429120001,-0.7911547741532167,-0.623544500774234,-37.146621073656824,0.5029327770048224,5,,,,,,,,,,,,,,,,,,,,,,,,,,,,,,,,,,,,,,,,,,,,,,,,,,,,,,,,,,,,,,,,,,,,,,,,,,,,,,,,,,,,,,,,,,,,,,,,,,,,,,,,,,,,,,,,,,,,,,,,,,,,,,,,,,,,,,,,,,,,,,,,,,,,,,,,,,,,,,,,
59,PET,HT,#5,#11,GASOLINE_1,1.5055824302676597,3.3190707990586694,67.02091601798384,-0.9491989211910516,-0.5771585710879156,-36.0425668261892,0.46221912549631766,PET,HT,#8,#6,BA_1,1.0063895807594843,1.361229098505871,43.15423648420836,-0.16695314026470612,2.291238161589139,-9.383657381904479,0.7825553608082422,,,PET,SG,#7,-,FT_1,0.879094653945176,3.271283622797527,55.86969868532652,-0.3022311194206083,-0.5911063586398954,-33.306631163795714,0.40385160565501155,6,,PET,HT,#1,#10,GASOLINE_1,1.0962647216799042,2.026370949142405,53.76382736272232,-0.5369079819355786,0.31671601905551316,-24.083995675050225,0.5520409007981247,6,PET,HT,#2,#4,GASOLINE_1,1.2571700736847906,3.5872568299244754,62.08103421119999,-0.7930502539584936,-1.0596107805702983,-33.69846300725331,0.45718586303490105,6,,,,,,,,,,,,,,,,,,,,,,,,,,,,,,,,,,,,,,,,,,,,,,,,,,,,,,,,,,,,,,,,,,,,,,,,,,,,,,,,,,,,,,,,,,,,,,,,,,,,,,,,,,,,,,,,,,,,,,,,,,,,,,,,,,,,,,,,,,,,,,,,,,,,,,,,,,,,,,,,
60,PET,HT,#6,#1,MeOH_1,1.590514140961983,4.759661248566214,75.03170609935968,-1.1063501261510549,-2.426089664229775,-48.65250433778984,0.3515740629253125,PET,HT,#8,#7,BA_1,1.1096630942458143,2.0702399305193193,50.05817226372838,-0.27178665641488875,1.6500672678450152,-16.66715588468856,0.6670442580907932,,,PET,SG,#8,-,H2_1,0.7522511901107722,3.6042960658716674,50.30397447129719,-0.3960049099294982,-0.7768170651217204,-22.29846830900751,0.5567255163559545,7,,PET,HT,#1,#11,GASOLINE_1,1.111594300674766,2.0364261290910526,54.108358532754316,-0.5287088328716333,0.3514809735390127,-24.404776951470215,0.5489647512279112,7,PET,HT,#2,#5,GASOLINE_1,1.5212858437931815,4.018136213230677,78.41722477119998,-0.8401839456769579,-1.1074287195161039,-41.179285782130734,0.47486938102845866,7,,,,,,,,,,,,,,,,,,,,,,,,,,,,,,,,,,,,,,,,,,,,,,,,,,,,,,,,,,,,,,,,,,,,,,,,,,,,,,,,,,,,,,,,,,,,,,,,,,,,,,,,,,,,,,,,,,,,,,,,,,,,,,,,,,,,,,,,,,,,,,,,,,,,,,,,,,,,,,,,
61,PET,HT,#6,#2,MeOH_1,1.920554957093105,5.30259585957609,95.00438097935965,-1.2279748364637617,-2.6440254395601284,-59.69007228630549,0.37171242345893973,PET,HT,#8,#8,BA_1,1.1644855902029454,2.1925145170565514,52.13796076464037,-0.305435662288792,1.514623429277885,-18.984081778389527,0.6358875280127103,,,PP,HT,#1,#10,MeOH_1,1.1866515728309945,5.481309348283575,108.27679362624697,-0.40605894524142916,-2.5577602633205347,-65.56353942149728,0.39448207482194714,8,,PET,HT,#2,#3,GASOLINE_1,1.1685822843338718,2.2141354279937944,55.153613326146086,-0.6717096190721992,0.3924740733608204,-25.22723839073648,0.5426004413970594,8,PET,HT,#2,#8,GASOLINE_1,1.2271568391419587,2.5917793583926683,58.48723243995431,-0.7147216852348612,-0.0038224319856375454,-29.817092361773756,0.4901948490658134,8,,,,,,,,,,,,,,,,,,,,,,,,,,,,,,,,,,,,,,,,,,,,,,,,,,,,,,,,,,,,,,,,,,,,,,,,,,,,,,,,,,,,,,,,,,,,,,,,,,,,,,,,,,,,,,,,,,,,,,,,,,,,,,,,,,,,,,,,,,,,,,,,,,,,,,,,,,,,,,,,
62,PET,HT,#6,#3,MeOH_1,1.5740742679510662,3.973275019240614,75.42641001430576,-1.0621694349103854,-1.6280068654250734,-47.770689603385165,0.36665831511370184,PET,HT,#8,#9,BA_1,1.0916449214015376,1.8860701622615395,49.012285687078275,-0.24691214033098235,1.8458767097087485,-15.304134590019485,0.6877490128142645,,,PP,HT,#2,#1,MeOH_1,1.00409573133335,3.412110238080884,78.90097433954635,-0.2485376077189818,-0.2898487919004238,-34.295280206774585,0.5653376844348388,9,,PET,HT,#2,#6,GASOLINE_1,1.0690608296984976,1.760493939841987,49.50350815952231,-0.5762391632107751,0.7727923003256173,-20.21666796528872,0.5916114086270082,9,PET,HT,#2,#10,GASOLINE_1,1.23011681988224,2.7154901705536805,59.78250157392231,-0.7364550410594559,-0.1762715094601035,-31.145361896592817,0.47902210384955324,9,,,,,,,,,,,,,,,,,,,,,,,,,,,,,,,,,,,,,,,,,,,,,,,,,,,,,,,,,,,,,,,,,,,,,,,,,,,,,,,,,,,,,,,,,,,,,,,,,,,,,,,,,,,,,,,,,,,,,,,,,,,,,,,,,,,,,,,,,,,,,,,,,,,,,,,,,,,,,,,,
63,PET,HT,#6,#4,MeOH_1,1.6873747988895604,5.346396421171296,82.35383089935965,-1.2082228113842552,-3.0800917193561936,-56.24191421990198,0.31706984841260993,PET,HT,#8,#10,BA_1,1.1674455709432277,2.316225329217565,53.43322989860837,-0.327169018113388,1.3421743518034177,-20.312351313208584,0.6198554466620854,,,PP,HT,#2,#2,FT_1,1.0850018798747672,3.664261455096992,80.71476600557834,-0.21972844354942367,-0.2525148133299932,-40.12836994024237,0.5028373130949915,10,,PET,HT,#2,#7,GASOLINE_1,1.1723343431848277,2.469504771855436,56.4074439390423,-0.6810726793609576,0.1316214065814927,-27.500166468072788,0.5124727421119928,10,PET,HT,#2,#11,GASOLINE_1,1.245446398877103,2.725545350502329,60.1270327439543,-0.7282558919955117,-0.14150655497660516,-31.4661431730128,0.47667227639506826,10,,,,,,,,,,,,,,,,,,,,,,,,,,,,,,,,,,,,,,,,,,,,,,,,,,,,,,,,,,,,,,,,,,,,,,,,,,,,,,,,,,,,,,,,,,,,,,,,,,,,,,,,,,,,,,,,,,,,,,,,,,,,,,,,,,,,,,,,,,,,,,,,,,,,,,,,,,,,,,,,
64,PET,HT,#6,#5,MeOH_1,1.9834060154077144,5.777275804477497,98.69002145935967,-1.2872719495124825,-3.127909658301997,-63.7227369947794,0.3543142857556243,PET,HT,#8,#11,BA_1,1.18277514993809,2.326280509166212,53.77776106864037,-0.318969869049443,1.376939306286918,-20.633132589628573,0.6163259276768135,,,PP,HT,#2,#8,FT_1,1.0956702986823743,3.8992953015069878,85.20774449547898,-0.2549842632074591,-0.4222943170661861,-43.51355292320785,0.4893239671950638,11,,PET,HT,#2,#9,GASOLINE_1,1.154316170340551,2.2853350035976554,55.361557362392205,-0.6561981632770514,0.32743084844522685,-26.13714517340372,0.5278827688622971,11,PET,HT,#3,#1,GASOLINE_1,1.2712637286482324,3.770354300835437,62.508480784479666,-0.7598910577012656,-1.2181951830324365,-33.07696539675728,0.4708403566741296,11,,,,,,,,,,,,,,,,,,,,,,,,,,,,,,,,,,,,,,,,,,,,,,,,,,,,,,,,,,,,,,,,,,,,,,,,,,,,,,,,,,,,,,,,,,,,,,,,,,,,,,,,,,,,,,,,,,,,,,,,,,,,,,,,,,,,,,,,,,,,,,,,,,,,,,,,,,,,,,,,
65,PET,HT,#6,#6,MeOH_1,1.4500250224163296,3.5196335310888065,69.77630484768198,-0.9421711881495985,-1.2476886384602761,-42.76011917793741,0.38718280838630664,PET,LT,#1,#6,GASOLINE_1,0.8432292245091815,1.1530221224931683,40.45812990114556,-0.38198828978460664,1.23241451864001,-17.236486685899468,0.5739672909248477,,,PP,HT,#3,#1,MeOH_1,1.0846019042675275,4.085576500894419,85.56470777496735,-0.2977766146263612,-0.944839910971267,-39.65433308029654,0.5365573714739229,12,,PET,HT,#5,#6,GASOLINE_1,1.1626926530145252,2.3540193883983274,56.397391433551824,-0.6306779843317856,0.3371402842143071,-24.793091618465105,0.5603858443049327,12,PET,HT,#3,#2,GASOLINE_1,1.557416883996597,4.313288911845313,82.48115566447967,-0.8376281072312146,-1.4361309583627904,-44.11453334527295,0.4651562167154409,12,,,,,,,,,,,,,,,,,,,,,,,,,,,,,,,,,,,,,,,,,,,,,,,,,,,,,,,,,,,,,,,,,,,,,,,,,,,,,,,,,,,,,,,,,,,,,,,,,,,,,,,,,,,,,,,,,,,,,,,,,,,,,,,,,,,,,,,,,,,,,,,,,,,,,,,,,,,,,,,,
66,PET,HT,#6,#7,MeOH_1,1.5763879284956037,4.228644363102257,76.68024062720198,-1.0700940968927255,-1.8888595322044022,-50.043617680721475,0.34737270943084764,PP,HT,#1,#1,MeOH_1,0.8979557180170172,2.87341769044136,74.34146313634636,-0.12545379942085988,0.13861654727818667,-29.60065119054673,0.6018285093978107,,,PP,HT,#3,#2,FT_1,1.1655080528089454,4.337727717910528,87.37849944099933,-0.26896745045680404,-0.9075059324008379,-45.487422813764304,0.4794208746457265,13,,PET,HT,#8,#5,BA_1,1.4586145948541682,3.618871371894561,72.06795309588608,-0.4308979227308889,0.41101714174741744,-30.34627519874652,0.5789213666389145,13,PET,HT,#3,#3,GASOLINE_1,1.2572964413269159,2.983968071509837,62.90318469942577,-0.7181829521501961,-0.4201123842277342,-32.19515066235262,0.4881793216640346,13,,,,,,,,,,,,,,,,,,,,,,,,,,,,,,,,,,,,,,,,,,,,,,,,,,,,,,,,,,,,,,,,,,,,,,,,,,,,,,,,,,,,,,,,,,,,,,,,,,,,,,,,,,,,,,,,,,,,,,,,,,,,,,,,,,,,,,,,,,,,,,,,,,,,,,,,,,,,,,,,
67,PET,HT,#6,#8,MeOH_1,1.6577823316862959,4.350918949639488,78.76002912811397,-1.1303150100001897,-2.0243033707715314,-52.36054357442243,0.33518887493996685,PP,HT,#1,#2,FT_1,0.978861866558435,3.1255689074574673,76.15525480237835,-0.09664463525130274,0.17595052584861726,-35.433740924014515,0.5347170590399245,,,PP,HT,#3,#3,H2_1,1.1015959521414915,3.954585884976432,83.08467811281596,-0.3861211185027244,-0.22400188235127896,-36.51493689634713,0.5605093775922732,14,,PET,LT,#1,#3,GASOLINE_1,0.9915909215777537,1.889946869500463,47.679288082389476,-0.5720619797021563,0.4476792939411834,-25.92427218477504,0.4562781193381478,14,PET,HT,#3,#4,GASOLINE_1,1.3458842306778354,4.357089473440518,69.83060558447967,-0.839523587036491,-1.8721972381588536,-40.666375278869445,0.41764252309580674,14,,,,,,,,,,,,,,,,,,,,,,,,,,,,,,,,,,,,,,,,,,,,,,,,,,,,,,,,,,,,,,,,,,,,,,,,,,,,,,,,,,,,,,,,,,,,,,,,,,,,,,,,,,,,,,,,,,,,,,,,,,,,,,,,,,,,,,,,,,,,,,,,,,,,,,,,,,,,,,,,
68,PET,HT,#6,#9,MeOH_1,1.554567740128395,4.044474594844476,75.63435405055188,-1.0414175652858872,-1.693050090340668,-48.680596386052386,0.35636924520416147,PP,HT,#1,#3,JET FUEL_1,0.9149497658909815,2.7424270745233716,71.86143347419498,-0.21379830329722338,0.8594545758981764,-26.461255006597334,0.6317739053159939,,,PP,HT,#3,#7,MeOH_1,1.076717706077935,3.8003295428748802,85.68783026486797,-0.2902470498367674,-0.6120035443547794,-40.95131573979698,0.5220871433759826,15,,PET,LT,#1,#7,GASOLINE_1,0.9476964357341632,1.8618570776673726,47.34532651106555,-0.5034410735204676,0.5104063227996367,-24.786429865756954,0.47647568002379553,15,PET,HT,#3,#5,GASOLINE_1,1.6100000007862267,4.787968856746719,86.16679614447966,-0.8866572787549559,-1.9200151771046592,-48.14719805374687,0.4412325836855261,15,,,,,,,,,,,,,,,,,,,,,,,,,,,,,,,,,,,,,,,,,,,,,,,,,,,,,,,,,,,,,,,,,,,,,,,,,,,,,,,,,,,,,,,,,,,,,,,,,,,,,,,,,,,,,,,,,,,,,,,,,,,,,,,,,,,,,,,,,,,,,,,,,,,,,,,,,,,,,,,,
69,PET,HT,#6,#10,MeOH_1,1.6602278001604596,4.474629761800501,80.05529826208199,-1.1515338535586672,-2.196752448245998,-53.68881310924151,0.3293534060234576,PP,HT,#1,#6,Olefin,0.7329395997188027,0.9613683619861093,58.91169562428962,-0.1561522655916845,2.0357241590530535,-18.42735810433059,0.6872037392735834,,,PP,HT,#3,#8,FT_1,1.1761764716165515,4.572761564320524,91.87147793089996,-0.30422327011483846,-1.0772854361370316,-48.872605796729786,0.468032877042767,16,,PET,LT,#1,#8,GASOLINE_1,1.0025189316912932,1.984131664204605,49.42511501197756,-0.547100006821813,0.39171824853503584,-26.99951188298961,0.45372890125907417,16,PET,HT,#3,#6,GASOLINE_1,1.1577749866915428,2.5303265833580295,57.25307953280199,-0.622712496288773,-0.039794157262937425,-27.184580236904868,0.5251857112536625,16,,,,,,,,,,,,,,,,,,,,,,,,,,,,,,,,,,,,,,,,,,,,,,,,,,,,,,,,,,,,,,,,,,,,,,,,,,,,,,,,,,,,,,,,,,,,,,,,,,,,,,,,,,,,,,,,,,,,,,,,,,,,,,,,,,,,,,,,,,,,,,,,,,,,,,,,,,,,,,,,
70,PET,HT,#6,#11,MeOH_1,1.682856193789181,4.484684941749149,80.39982943211398,-1.1506335191285815,-2.161987493762499,-54.00959438566148,0.3282374506619474,PP,HT,#1,#7,MeOH_1,0.8900715198274244,2.58817073242182,74.46458562624699,-0.11792423463126596,0.47145291389467625,-30.89763385004718,0.5850694180300857,,,PP,HT,#4,#1,MeOH_1,1.1209093358554718,4.210330142979392,87.16970681496734,-0.2558770026458503,-1.1471212309363916,-38.11866965358595,0.5627073779828197,17,,PET,LT,#1,#9,GASOLINE_1,0.9308255324508055,1.7699167102168143,46.57299067268834,-0.4816757569703735,0.6576904955931887,-23.4974882617684,0.49546962901938013,17,PET,HT,#3,#7,GASOLINE_1,1.2610485001778728,3.239337415371478,64.15701531232197,-0.7275460124389559,-0.6809650510070616,-34.46807873968891,0.46275432901771874,17,,,,,,,,,,,,,,,,,,,,,,,,,,,,,,,,,,,,,,,,,,,,,,,,,,,,,,,,,,,,,,,,,,,,,,,,,,,,,,,,,,,,,,,,,,,,,,,,,,,,,,,,,,,,,,,,,,,,,,,,,,,,,,,,,,,,,,,,,,,,,,,,,,,,,,,,,,,,,,,,
71,PET,HT,#7,#1,GASOLINE_1,1.6679545989733275,5.255997522874574,77.76689552539166,-1.1262575660560126,-2.657221685948561,-49.28876959219796,0.36619856998014416,PP,HT,#1,#8,FT_1,0.9895302853660414,3.360602753867464,80.648233292279,-0.13190045490933727,0.006171022112423778,-38.81892390698,0.5186636790133331,,,PP,HT,#4,#2,FT_1,1.2018154843968898,4.4624813599955,88.98349848099932,-0.22706783847629308,-1.1097872523659627,-43.951759387053706,0.5060684268731158,18,,PET,LT,#1,#10,GASOLINE_1,0.961924223313336,2.0593336267151856,49.81964302594556,-0.5233399080970447,0.2681413912040922,-27.50625860070621,0.4478832659161922,18,PET,HT,#3,#8,GASOLINE_1,1.315870996135004,3.3616120019087106,66.23680381323398,-0.7611950183128591,-0.8164088895741922,-36.785004633389896,0.4446440269504622,18,,,,,,,,,,,,,,,,,,,,,,,,,,,,,,,,,,,,,,,,,,,,,,,,,,,,,,,,,,,,,,,,,,,,,,,,,,,,,,,,,,,,,,,,,,,,,,,,,,,,,,,,,,,,,,,,,,,,,,,,,,,,,,,,,,,,,,,,,,,,,,,,,,,,,,,,,,,,,,,,
72,PET,HT,#7,#2,GASOLINE_1,1.9979954151044494,5.798932133884449,97.73957040539166,-1.2478822763687192,-2.8751574612789144,-60.326337540713624,0.38278491208320464,PP,HT,#1,#9,JET FUEL_1,0.9151348717311799,1.954535957961334,72.4629892274199,-0.19340575606387717,1.6653103607690796,-24.61978802985886,0.6602432732578638,,,PP,HT,#4,#3,JET FUEL_1,1.1379033837294363,4.0793395270614035,84.68967715281597,-0.3442215065222139,-0.4262832023164019,-34.97927346963655,0.5869712266523445,19,,PET,LT,#1,#11,GASOLINE_1,0.9857558110902986,2.133321356207144,50.459013891977555,-0.5322093462782325,0.23415360331492335,-28.092139847060196,0.4432681560682155,19,PET,HT,#3,#9,GASOLINE_1,1.2430303273335959,3.0551676471136977,63.111128735671876,-0.7026714963550493,-0.48515560914332745,-33.10505744501984,0.4754481799291906,19,,,,,,,,,,,,,,,,,,,,,,,,,,,,,,,,,,,,,,,,,,,,,,,,,,,,,,,,,,,,,,,,,,,,,,,,,,,,,,,,,,,,,,,,,,,,,,,,,,,,,,,,,,,,,,,,,,,,,,,,,,,,,,,,,,,,,,,,,,,,,,,,,,,,,,,,,,,,,,,,
73,PET,HT,#7,#3,GASOLINE_1,1.6515147259624114,4.469611293548974,78.16159944033777,-1.0820768748153435,-1.8591388871438599,-48.4069548577933,0.3806811118963443,PP,HT,#2,#3,H2_1,1.0210897792073146,3.2811196221628953,76.42094467739498,-0.3368821115953452,0.43098923671956657,-31.155884022825195,0.5923122364641354,,,PP,HT,#4,#7,MeOH_1,1.1130251376658793,3.9250831849598526,87.29282930486798,-0.24834743785625663,-0.814284864319903,-39.41565231308638,0.5484663216101264,20,,PET,LT,#2,#6,Olefin,0.9522032897756745,1.7457263681766044,45.49643398754556,-0.5140017243527409,0.7728568064103326,-22.181621394142088,0.5124536265806193,20,PET,HT,#3,#10,GASOLINE_1,1.318830976875285,3.4853228140697237,67.53207294720198,-0.7829283741374539,-0.9888579670486587,-38.11327416820894,0.4356270657054061,20,,,,,,,,,,,,,,,,,,,,,,,,,,,,,,,,,,,,,,,,,,,,,,,,,,,,,,,,,,,,,,,,,,,,,,,,,,,,,,,,,,,,,,,,,,,,,,,,,,,,,,,,,,,,,,,,,,,,,,,,,,,,,,,,,,,,,,,,,,,,,,,,,,,,,,,,,,,,,,,,
74,PET,HT,#7,#4,GASOLINE_1,1.7648152569009048,5.842732695479655,85.08902032539164,-1.2281302512892125,-3.311223741074979,-56.8781794743101,0.3315450188896237,PP,HT,#2,#6,Olefin,0.8390796130351359,1.5000609096256334,63.47120682748963,-0.27923607388980665,1.6072588198744433,-23.12198712055846,0.6357090360137246,,,PP,HT,#4,#8,FT_1,1.2124839032044958,4.697515206405496,93.47647697089998,-0.2623236581343275,-1.279566756102155,-47.33694237001921,0.4935951385421211,21,,PET,LT,#2,#7,GASOLINE_1,1.056670501000656,2.454561323350809,52.383630597465555,-0.6354545080886019,0.05084861056995958,-29.731564573999577,0.43242642339040044,21,PET,HT,#3,#11,GASOLINE_1,1.334160555870148,3.495377994018371,67.87660411723398,-0.7747292250735095,-0.9540930125651592,-38.43405544462894,0.4337657880136866,21,,,,,,,,,,,,,,,,,,,,,,,,,,,,,,,,,,,,,,,,,,,,,,,,,,,,,,,,,,,,,,,,,,,,,,,,,,,,,,,,,,,,,,,,,,,,,,,,,,,,,,,,,,,,,,,,,,,,,,,,,,,,,,,,,,,,,,,,,,,,,,,,,,,,,,,,,,,,,,,,
75,PET,HT,#7,#5,GASOLINE_1,2.060846473419059,6.273612078785857,101.42521088539165,-1.3071793894174404,-3.3590416800207854,-64.35900224918755,0.36545360184745523,PP,HT,#2,#7,MeOH_1,0.9962115331437574,3.126863280061344,79.02409682944699,-0.2410080429293879,0.04298757471606642,-35.59226286627505,0.5496024087046295,,,PP,HT,#5,#1,MeOH_1,1.0730568565652936,3.8637566827760046,84.6911877851064,-0.2814178925043768,-0.6184541959301445,-37.739159461614584,0.5543909531960619,22,,PET,LT,#2,#9,GASOLINE_1,1.0397995977172994,2.3626209559002502,51.61129475908835,-0.6136891915385089,0.19813278336351156,-28.442622970011026,0.4489070056704498,22,PET,HT,#4,#1,GASOLINE_1,1.331928999529501,4.106990329549101,65.32884544539166,-0.7898972505080147,-1.501638565037117,-36.59757399604756,0.43979456935850114,22,,,,,,,,,,,,,,,,,,,,,,,,,,,,,,,,,,,,,,,,,,,,,,,,,,,,,,,,,,,,,,,,,,,,,,,,,,,,,,,,,,,,,,,,,,,,,,,,,,,,,,,,,,,,,,,,,,,,,,,,,,,,,,,,,,,,,,,,,,,,,,,,,,,,,,,,,,,,,,,,
76,PET,HT,#7,#6,GASOLINE_1,1.5274654804276744,4.015969805397166,72.51149427371398,-0.9620786280545566,-1.4788206601790626,-43.396384432345535,0.4015240636396996,PP,HT,#2,#9,H2_1,1.021274885047512,2.493228505600858,77.02250043061989,-0.31648956436199827,1.2368450215904694,-29.31441704608671,0.6194045002149408,,,PP,HT,#5,#2,FT_1,1.1539630051067118,4.115907899792114,86.5049794511384,-0.2526087283348201,-0.5811202173597151,-43.57224919508238,0.49630357152221755,23,,PET,LT,#3,#6,GASOLINE_1,1.047984915962412,2.488749169391734,52.997193125050536,-0.582211582327914,0.046441790913950204,-28.797800673684648,0.4566164927690745,23,PET,HT,#4,#2,GASOLINE_1,1.6180821548778652,4.649924940558976,85.30152032539166,-0.8676343000379637,-1.7195743403674697,-47.635141944563216,0.44156749184710964,23,,,,,,,,,,,,,,,,,,,,,,,,,,,,,,,,,,,,,,,,,,,,,,,,,,,,,,,,,,,,,,,,,,,,,,,,,,,,,,,,,,,,,,,,,,,,,,,,,,,,,,,,,,,,,,,,,,,,,,,,,,,,,,,,,,,,,,,,,,,,,,,,,,,,,,,,,,,,,,,,
77,PET,HT,#7,#7,GASOLINE_1,1.6538283865069487,4.724980637410615,79.41543005323398,-1.0900015367976836,-2.119991553923187,-50.679882935129605,0.36183833669152565,PP,HT,#3,#6,Olefin,0.9195857859693128,2.17352717243917,70.13494026291062,-0.32847508079718574,0.9522677008035979,-28.481039994080405,0.5939108255127152,,,PP,HT,#5,#7,MeOH_1,1.0651726583757009,3.5785097247564654,84.81431027500703,-0.27388832771478294,-0.2856178293136552,-39.036142121115034,0.5397458047522653,24,,PET,LT,#5,#6,GASOLINE_1,1.0411214417041892,2.2284275733369707,51.925183648436295,-0.570859149154558,0.4108798652042228,-26.697890499491834,0.48583926673707917,24,PET,HT,#4,#3,GASOLINE_1,1.3179617122081841,3.320604100223501,65.72354936033777,-0.748189144956945,-0.7035557662324154,-35.715759261642894,0.45657592127554353,24,,,,,,,,,,,,,,,,,,,,,,,,,,,,,,,,,,,,,,,,,,,,,,,,,,,,,,,,,,,,,,,,,,,,,,,,,,,,,,,,,,,,,,,,,,,,,,,,,,,,,,,,,,,,,,,,,,,,,,,,,,,,,,,,,,,,,,,,,,,,,,,,,,,,,,,,,,,,,,,,
78,PET,HT,#7,#8,GASOLINE_1,1.73522278969764,4.847255223947847,81.49521855414598,-1.1502224499051472,-2.2554353924903174,-52.996808828830574,0.34969425484000466,PP,HT,#3,#9,H2_1,1.1017810579816898,3.1666947684143945,83.68623386604088,-0.3657285712693781,0.5818539025196245,-34.67346991960866,0.5856729557801401,,,PP,HT,#5,#8,FT_1,1.1646314239143178,4.35094174620211,90.99795794103903,-0.2878645479928541,-0.7508997210959074,-46.957432178047846,0.4839726820191579,25,,PET,LT,#8,#1,MeOH_1,1.709439254501499,3.9771322812065266,87.56009014699006,-0.7487121666423882,0.07671717739734739,-36.05954504958268,0.5881737331580139,25,PET,HT,#4,#4,GASOLINE_1,1.4065495015591036,4.693725502154182,72.65097024539166,-0.8695297798432401,-2.1556406201635347,-44.186983878159715,0.39179086350932046,25,,,,,,,,,,,,,,,,,,,,,,,,,,,,,,,,,,,,,,,,,,,,,,,,,,,,,,,,,,,,,,,,,,,,,,,,,,,,,,,,,,,,,,,,,,,,,,,,,,,,,,,,,,,,,,,,,,,,,,,,,,,,,,,,,,,,,,,,,,,,,,,,,,,,,,,,,,,,,,,,
79,PET,HT,#7,#9,GASOLINE_1,1.6320081981397396,4.5408108691528355,78.36954347658387,-1.061325005190845,-1.9241821120594542,-49.31686164046053,0.3707139348694054,PP,HT,#4,#6,Olefin,0.9558932175572574,2.2982808145241425,71.7399393029106,-0.286575468816675,0.7499863808384737,-26.945376567369795,0.6244020160987706,,,PP,HT,#6,#1,MeOH_1,1.1599974421126682,4.650039880365766,93.26396393496732,-0.3665375004621819,-1.6016013076347562,-47.80489754769943,0.4874237001009989,26,,PET,LT,#8,#3,BA_1,1.1703270331339417,2.3620033727031036,52.160168949379546,-0.6104493628975479,0.6589868686865723,-28.17164704756204,0.45990115417566824,26,PET,HT,#4,#5,GASOLINE_1,1.670665271667495,5.124604885460384,88.98716080539165,-0.9166634715617049,-2.2034585591093405,-51.66780665303714,0.4193790858657597,26,,,,,,,,,,,,,,,,,,,,,,,,,,,,,,,,,,,,,,,,,,,,,,,,,,,,,,,,,,,,,,,,,,,,,,,,,,,,,,,,,,,,,,,,,,,,,,,,,,,,,,,,,,,,,,,,,,,,,,,,,,,,,,,,,,,,,,,,,,,,,,,,,,,,,,,,,,,,,,,,
80,PET,HT,#7,#10,GASOLINE_1,1.7376682581718041,4.970966036108861,82.79048768811398,-1.171441293463625,-2.4278844699647846,-54.325078363649624,0.34382463637245925,PP,HT,#4,#9,JET FUEL_1,1.1380884895696346,3.2914484104993673,85.29123290604089,-0.3238289592888675,0.3795725825544998,-33.13780649289807,0.6114746455898513,,,PP,HT,#6,#2,FT_1,1.2409035906540862,4.902191097381875,95.07775560099935,-0.3377283362926246,-1.5642673290643279,-53.63798728116725,0.43585135195804453,27,,PET,LT,#8,#6,BA_1,1.0219653360653698,1.6250786256958085,44.93901076813562,-0.42037567297999834,1.443722093385399,-19.483861548686455,0.5664376848610639,27,PET,HT,#4,#6,GASOLINE_1,1.218440257572811,2.8669626120716933,60.07344419371398,-0.6527186890955221,-0.32323753926761867,-30.70518883619514,0.488872508505046,27,,,,,,,,,,,,,,,,,,,,,,,,,,,,,,,,,,,,,,,,,,,,,,,,,,,,,,,,,,,,,,,,,,,,,,,,,,,,,,,,,,,,,,,,,,,,,,,,,,,,,,,,,,,,,,,,,,,,,,,,,,,,,,,,,,,,,,,,,,,,,,,,,,,,,,,,,,,,,,,,
81,PET,HT,#7,#11,GASOLINE_1,1.7602966518005254,4.981021216057508,83.13501885814598,-1.170540959033539,-2.3931195154812848,-54.64585964006961,0.34268542437799493,PP,HT,#5,#3,H2_1,1.0900509044392588,3.7327660668580167,82.21115812295504,-0.3697623963807412,0.10238383268984466,-34.59976327766521,0.5791354352906963,,,PP,HT,#6,#7,MeOH_1,1.152113243923076,4.364792922346227,93.38708642486796,-0.35900793567258804,-1.2687649410182682,-49.101880207199876,0.47421124175767637,28,,PET,LT,#8,#7,BA_1,1.1264325472903514,2.3339135808700133,51.82620737805562,-0.5418284567158593,0.7217138975450254,-27.033804728543952,0.4783757852211529,28,PET,HT,#4,#7,GASOLINE_1,1.3217137710591411,3.575973444085142,66.97737997323398,-0.7575522052457047,-0.9644084330117428,-37.98868733897919,0.43281317731209357,28,,,,,,,,,,,,,,,,,,,,,,,,,,,,,,,,,,,,,,,,,,,,,,,,,,,,,,,,,,,,,,,,,,,,,,,,,,,,,,,,,,,,,,,,,,,,,,,,,,,,,,,,,,,,,,,,,,,,,,,,,,,,,,,,,,,,,,,,,,,,,,,,,,,,,,,,,,,,,,,,
82,PET,HT,#8,#1,BA_1,1.238761893019993,2.601256815983278,48.40963773588605,-0.4230152719810177,1.112837135819641,-15.276042541756913,0.6844421223496827,PP,HT,#5,#6,Olefin,0.9080407382670799,1.9517073543207548,69.26142027304968,-0.3121163586752024,1.2786534158447218,-26.56586637539846,0.616440635050975,,,PP,HT,#6,#8,FT_1,1.2515720094616924,5.137224943791872,99.57073409089998,-0.3729841559506591,-1.734046832800521,-57.0231702641327,0.4273099341411384,29,,PET,LT,#8,#8,BA_1,1.1812550432474824,2.4561881674072454,53.90599587896763,-0.5854873900172056,0.6030258232804246,-29.24688674577661,0.45744649980230123,29,PET,HT,#4,#8,GASOLINE_1,1.3765362670162722,3.698248030622374,69.05716847414598,-0.791201211119608,-1.0998522715788728,-40.305613232680166,0.4163442532722723,29,,,,,,,,,,,,,,,,,,,,,,,,,,,,,,,,,,,,,,,,,,,,,,,,,,,,,,,,,,,,,,,,,,,,,,,,,,,,,,,,,,,,,,,,,,,,,,,,,,,,,,,,,,,,,,,,,,,,,,,,,,,,,,,,,,,,,,,,,,,,,,,,,,,,,,,,,,,,,,,,
83,PET,HT,#8,#2,BA_1,1.5688027091511152,3.144191426993153,68.38231261588606,-0.5446399822937243,0.8949013604892879,-26.313610490272595,0.6151985874171852,PP,HT,#5,#9,H2_1,1.0902360102794566,2.9448749502959792,82.81271387617994,-0.3493698491473943,0.9082396175607481,-32.75829630092673,0.6044291417631074,,,PP,HT,#7,#1,MeOH_1,1.198194635701384,4.961455104422662,94.98572969496735,-0.39055070523002,-1.8220790405963327,-49.80781908909865,0.47562839966541165,30,,PET,LT,#8,#9,BA_1,1.109561644006994,2.2419732134194548,51.053871539678404,-0.5200631401657657,0.8689980703385775,-25.744863124555383,0.4957314235307932,30,PET,HT,#4,#9,GASOLINE_1,1.3036955982148644,3.3918036758273615,65.93149339658387,-0.7326776891617985,-0.7685989911480084,-36.62566604431012,0.4444890573916863,30,,,,,,,,,,,,,,,,,,,,,,,,,,,,,,,,,,,,,,,,,,,,,,,,,,,,,,,,,,,,,,,,,,,,,,,,,,,,,,,,,,,,,,,,,,,,,,,,,,,,,,,,,,,,,,,,,,,,,,,,,,,,,,,,,,,,,,,,,,,,,,,,,,,,,,,,,,,,,,,,
84,PET,HT,#8,#3,BA_1,1.2223220200090765,1.8148705866576775,48.804341650832164,-0.37883458074034804,1.9109199346243428,-14.394227807352259,0.7050625554928099,PP,HT,#6,#6,Olefin,0.9949813238144538,2.737990551910517,77.83419642291061,-0.3972359666330065,0.2955063041401082,-36.63160446148331,0.5293636197842116,,,PP,HT,#7,#2,FT_1,1.279100784242802,5.21360632143877,96.79952136099934,-0.361741541060463,-1.7847450620259038,-55.640908822566445,0.4251943807132891,31,,PET,LT,#8,#10,BA_1,1.1406603348695252,2.531390129917826,54.30052389293563,-0.5617272912924376,0.4794489659494811,-29.75363346349321,0.452056235734328,31,PET,HT,#4,#10,GASOLINE_1,1.3794962477565533,3.821958842783388,70.35243760811397,-0.812934566944203,-1.27230134905334,-41.63388276749922,0.4082098050473598,31,,,,,,,,,,,,,,,,,,,,,,,,,,,,,,,,,,,,,,,,,,,,,,,,,,,,,,,,,,,,,,,,,,,,,,,,,,,,,,,,,,,,,,,,,,,,,,,,,,,,,,,,,,,,,,,,,,,,,,,,,,,,,,,,,,,,,,,,,,,,,,,,,,,,,,,,,,,,,,,,
85,PET,HT,#8,#4,BA_1,1.3356225509475703,3.1879919885883594,55.731762535886055,-0.5248879572142175,0.45883508069322315,-22.865452423869076,0.5897231420028057,PP,HT,#8,#1,MeOH_1,1.1108895472252225,2.691608655204079,71.2303394701914,-0.35917414053361724,0.3776684486363685,-26.602032842039346,0.6265350826641531,,,PP,HT,#7,#7,MeOH_1,1.1903104375117912,4.676208146403123,95.10885218486797,-0.3830211404404261,-1.4892426739798448,-51.104801748599094,0.4626703973961955,32,,PET,LT,#8,#11,BA_1,1.1644919226464876,2.6053778594097845,54.939894758967625,-0.5705967294736252,0.44546117806031227,-30.339514709847197,0.44776896928993487,32,PET,HT,#4,#11,GASOLINE_1,1.3948258267514166,3.832014022732035,70.69696877814597,-0.8047354178802587,-1.2375363945698403,-41.9546640439192,0.40655639458069187,32,,,,,,,,,,,,,,,,,,,,,,,,,,,,,,,,,,,,,,,,,,,,,,,,,,,,,,,,,,,,,,,,,,,,,,,,,,,,,,,,,,,,,,,,,,,,,,,,,,,,,,,,,,,,,,,,,,,,,,,,,,,,,,,,,,,,,,,,,,,,,,,,,,,,,,,,,,,,,,,,
86,PET,HT,#8,#5,BA_1,1.6316537674657245,3.618871371894561,72.06795309588608,-0.6039370953424453,0.41101714174741744,-30.34627519874652,0.5789213666389145,PP,HT,#8,#2,FT_1,1.1917956957666407,2.943759872220187,73.0441311362234,-0.33036497636406026,0.4150024272067985,-32.43512257550714,0.5559516956260679,,,PP,HT,#7,#8,FT_1,1.2897692030504078,5.448640167848767,101.29249985089999,-0.39699736071849695,-1.9545245657620969,-59.02609180553192,0.4172708552714481,33,,PET,HT,#6,-,GASOLINE_1,1.0667918257239508,1.7125826154617425,49.2091919515223,-0.5708319899853057,0.8346154391626074,-19.81163246710222,0.5973997604630583,33,PET,HT,#5,#1,GASOLINE_1,1.2761813949712149,3.594047105875734,61.652792685229514,-0.7678565457442781,-0.8412607415551913,-30.685476778317536,0.502285696367668,33,,,,,,,,,,,,,,,,,,,,,,,,,,,,,,,,,,,,,,,,,,,,,,,,,,,,,,,,,,,,,,,,,,,,,,,,,,,,,,,,,,,,,,,,,,,,,,,,,,,,,,,,,,,,,,,,,,,,,,,,,,,,,,,,,,,,,,,,,,,,,,,,,,,,,,,,,,,,,,,,
87,PET,HT,#8,#6,BA_1,1.0982727744743397,1.361229098505871,43.15423648420836,-0.25883633397956146,2.291238161589139,-9.383657381904479,0.7825553608082422,PP,HT,#8,#6,Olefin,0.9458734289270082,0.7795593267488293,55.80057195813468,-0.38987260670444185,2.2747760604112344,-15.428739755823221,0.7235021216736113,,,PP,LT,#2,#5,DIESEL_1,1.1131587740945246,3.024805088887331,79.95003117687551,-0.3229395109011091,-0.0027192244011473654,-36.60530058240928,0.5421477635021001,34,,PET,HT,#9,-,GASOLINE_1,1.1040368948047445,2.0808215313536182,52.03908639210515,-0.5627121184223668,0.698103912581307,-19.720214804703062,0.6210499420355924,34,PET,HT,#5,#2,GASOLINE_1,1.5623345503195794,4.13698171688561,81.62546756522953,-0.8455935952742273,-1.0591965168855453,-41.72304472683321,0.4888477092827555,34,,,,,,,,,,,,,,,,,,,,,,,,,,,,,,,,,,,,,,,,,,,,,,,,,,,,,,,,,,,,,,,,,,,,,,,,,,,,,,,,,,,,,,,,,,,,,,,,,,,,,,,,,,,,,,,,,,,,,,,,,,,,,,,,,,,,,,,,,,,,,,,,,,,,,,,,,,,,,,,,
88,PET,HT,#8,#7,BA_1,1.2246356805536138,2.0702399305193193,50.05817226372838,-0.3867592427226882,1.6500672678450152,-16.66715588468856,0.6670442580907932,PP,HT,#8,#7,MeOH_1,1.10300534903563,2.40636169718454,71.35346196009205,-0.3516445757440233,0.7105048152528575,-27.899015501539807,0.6090026365203736,,,PP,LT,#3,#1,DIESEL_1,1.1338664888732477,3.587170785596956,84.57975125983184,-0.3176226569184459,-0.6049962989317319,-40.244463096003855,0.5241832413012009,35,,PET,HT,#10,-,MeOH_1,1.1272814506222186,2.209093015584005,53.62302486352232,-0.5773714211004621,0.17209634215526282,-24.550398483945433,0.5421668481696167,35,PET,HT,#5,#3,GASOLINE_1,1.2622141076498992,2.8076608765501345,62.0474966001756,-0.7261484401932093,-0.04317794275049001,-29.80366204391286,0.51966374669452,35,,,,,,,,,,,,,,,,,,,,,,,,,,,,,,,,,,,,,,,,,,,,,,,,,,,,,,,,,,,,,,,,,,,,,,,,,,,,,,,,,,,,,,,,,,,,,,,,,,,,,,,,,,,,,,,,,,,,,,,,,,,,,,,,,,,,,,,,,,,,,,,,,,,,,,,,,,,,,,,,
89,PET,HT,#8,#8,BA_1,1.3060300837443053,2.1925145170565514,52.13796076464037,-0.44698015583015205,1.514623429277885,-18.984081778389527,0.6358875280127103,PP,HT,#8,#8,FT_1,1.2024641145742467,3.178793718630183,77.53710962612405,-0.36562079602209435,0.24522292347060562,-35.82030555847262,0.5380237188206467,,,PP,LT,#3,#2,DIESEL_1,1.1655945972181363,3.653792269599827,85.92975349983183,-0.33370630093966014,-0.6907103601683161,-41.91637572993371,0.5122018390287161,36,,PET,HT,#11,-,GASOLINE_1,1.1426110296170806,2.2191481955326524,53.9675560335543,-0.5560431411468054,0.35139246916303335,-25.931230428794503,0.5195033398831,36,PET,HT,#5,#4,GASOLINE_1,1.3508018970008178,4.180782278480817,68.97491748522953,-0.8474890750795037,-1.4952627966816103,-38.27488666042971,0.44508977964887025,36,,,,,,,,,,,,,,,,,,,,,,,,,,,,,,,,,,,,,,,,,,,,,,,,,,,,,,,,,,,,,,,,,,,,,,,,,,,,,,,,,,,,,,,,,,,,,,,,,,,,,,,,,,,,,,,,,,,,,,,,,,,,,,,,,,,,,,,,,,,,,,,,,,,,,,,,,,,,,,,,
90,PET,HT,#8,#9,BA_1,1.2028154921864052,1.8860701622615395,49.012285687078275,-0.3580827111158498,1.8458767097087485,-15.304134590019485,0.6877490128142645,PP,LT,#1,#1,GASOLINE_1,0.98383479194602,2.127229719780866,71.64056914935549,-0.17011468309787645,0.8122069381664363,-26.2377583659394,0.6337583763294901,,,PP,LT,#3,#3,DIESEL_1,1.1211407183801747,3.354119561640933,83.7980155424712,-0.299151906277216,-0.35423353019329457,-39.201394445146796,0.5321918521414338,37,,PET,LT,#6,-,Olefin,0.9483726572053498,1.5764983285622003,42.400282956800005,-0.5212452046655588,0.8945218505808767,-19.351141835884192,0.543608191115132,37,PET,HT,#5,#5,GASOLINE_1,1.614917667109209,4.611661661787017,85.31110804522952,-0.8946227667979685,-1.5430807356274145,-45.75570943530713,0.46366058906363333,37,,,,,,,,,,,,,,,,,,,,,,,,,,,,,,,,,,,,,,,,,,,,,,,,,,,,,,,,,,,,,,,,,,,,,,,,,,,,,,,,,,,,,,,,,,,,,,,,,,,,,,,,,,,,,,,,,,,,,,,,,,,,,,,,,,,,,,,,,,,,,,,,,,,,,,,,,,,,,,,,
91,PET,HT,#8,#10,BA_1,1.3084755522184695,2.316225329217565,53.43322989860837,-0.4681989993886296,1.3421743518034177,-20.312351313208584,0.6198554466620854,PP,LT,#1,#2,GASOLINE_1,1.0155629002909086,2.1938512037837365,72.9905713893555,-0.1861983271190907,0.7264928769298526,-27.909670999869274,0.617626352710818,,,PP,LT,#3,#4,DIESEL_1,1.1746344177433785,3.7844193780940665,87.56334229983185,-0.35688662501757434,-0.8639140602044663,-43.56824619410209,0.5024373779050488,38,,PET,LT,#9,-,GASOLINE_1,1.068546651243118,2.3488487249603476,51.81942402126127,-0.6140592138413612,0.3227669416285434,-26.87106914209656,0.4814479386904902,38,PET,HT,#5,#7,GASOLINE_1,1.265966166500855,3.0630302204117763,63.30132721307182,-0.7355115004819681,-0.3040306095298177,-32.07659012124917,0.49327144416293844,38,,,,,,,,,,,,,,,,,,,,,,,,,,,,,,,,,,,,,,,,,,,,,,,,,,,,,,,,,,,,,,,,,,,,,,,,,,,,,,,,,,,,,,,,,,,,,,,,,,,,,,,,,,,,,,,,,,,,,,,,,,,,,,,,,,,,,,,,,,,,,,,,,,,,,,,,,,,,,,,,
92,PET,HT,#8,#11,BA_1,1.3311039458471907,2.326280509166212,53.77776106864037,-0.4672986649585438,1.376939306286918,-20.633132589628573,0.6163259276768135,PP,LT,#1,#3,GASOLINE_1,0.9711090214529475,1.8941784958248424,70.85883343199487,-0.15164393245664698,1.0629697069048747,-25.194689715082355,0.6444382655655434,,,PP,LT,#3,#5,DIESEL_1,1.2121229027514746,3.897636744113853,88.56213333983183,-0.36822492619606195,-0.9062146884541449,-43.75596131227045,0.5059292311266997,39,,PET,OG,#3,-,H2_1,0.7088790922180663,1.8411795611650241,37.360429960147115,-0.5509275450716521,0.2818136796765208,-25.78998493149862,0.30969785521716037,39,PET,HT,#5,#8,GASOLINE_1,1.320788662457986,3.185304806949008,65.38111571398383,-0.7691605063558715,-0.43947444809694797,-34.393516014950144,0.4739533634542428,39,,,,,,,,,,,,,,,,,,,,,,,,,,,,,,,,,,,,,,,,,,,,,,,,,,,,,,,,,,,,,,,,,,,,,,,,,,,,,,,,,,,,,,,,,,,,,,,,,,,,,,,,,,,,,,,,,,,,,,,,,,,,,,,,,,,,,,,,,,,,,,,,,,,,,,,,,,,,,,,,
93,PET,LT,#1,#1,MeOH_1,1.7095902517658341,3.505075778003887,83.07920927999999,-0.8892118922675194,-0.13459039734804212,-33.81217018679569,0.5930128550834025,PP,LT,#1,#4,GASOLINE_1,1.024602720816151,2.324478312277976,74.62416018935549,-0.20937865119700547,0.5532891768937025,-29.561541464037624,0.6038609829708431,,,PP,LT,#3,#7,DIESEL_1,1.1268050748546508,3.4879055638024066,84.22024619904819,-0.3089079033798127,-0.5067953028690418,-39.83921868226709,0.5269638776867251,40,,PET,OG,#6,-,MeOH_1,0.7224376771247589,1.9721039530457667,36.976879883357064,-0.49639206384477896,0.036142755122784975,-23.483578649378714,0.3649118388718232,40,PET,HT,#5,#9,GASOLINE_1,1.2479479936565778,2.8788604521539956,62.25544063642174,-0.7106369843980614,-0.10822116766608357,-30.71356882658012,0.5066524545870528,40,,,,,,,,,,,,,,,,,,,,,,,,,,,,,,,,,,,,,,,,,,,,,,,,,,,,,,,,,,,,,,,,,,,,,,,,,,,,,,,,,,,,,,,,,,,,,,,,,,,,,,,,,,,,,,,,,,,,,,,,,,,,,,,,,,,,,,,,,,,,,,,,,,,,,,,,,,,,,,,,
94,PET,LT,#1,#2,GASOLINE_1,1.524927422180798,3.3313210552375745,68.54282480000002,-0.8687958656487542,-0.5453673151773405,-35.645208625079846,0.47995711106029826,PP,LT,#1,#5,GASOLINE_1,1.062091205824247,2.437695678297762,75.6229512293555,-0.2207169523754928,0.5109885486440244,-29.749256582206012,0.6066107431858878,,,PP,LT,#3,#8,DIESEL_1,1.1681675218044807,3.5917043989125608,85.64155082508019,-0.3435257714406707,-0.6297665455498209,-41.75677334827234,0.5124239000113501,41,,PET,OG,#7,-,FT_1,0.9849583240280907,2.1842178493181166,50.83259636335707,-0.42870356624995454,0.4248650150045741,-30.24838713441703,0.40494113426357004,41,PET,HT,#5,#10,GASOLINE_1,1.3237486431982675,3.309015619110021,66.67638484795184,-0.7908938621804662,-0.6119235255714143,-35.7217855497692,0.46425131429622635,41,,,,,,,,,,,,,,,,,,,,,,,,,,,,,,,,,,,,,,,,,,,,,,,,,,,,,,,,,,,,,,,,,,,,,,,,,,,,,,,,,,,,,,,,,,,,,,,,,,,,,,,,,,,,,,,,,,,,,,,,,,,,,,,,,,,,,,,,,,,,,,,,,,,,,,,,,,,,,,,,
95,PET,LT,#1,#3,GASOLINE_1,1.146400278963985,1.889946869500463,47.679288082389476,-0.7268713370883879,0.4476792939411834,-25.92427218477504,0.4562781193381478,PP,LT,#1,#6,GASOLINE_1,0.8922688646738266,1.3754777826716078,64.25902158617185,-0.07871718168736877,1.5575150043806427,-19.213576715020977,0.7009979884418965,,,PP,LT,#3,#9,DIESEL_1,1.1145611348487399,3.3279866630683013,83.38228390796876,-0.2929979379695938,-0.33125069865355283,-38.796651515809,0.5347134943121742,42,,PET,OG,#8,-,H2_1,0.7181528902139375,1.8352358905976225,39.75336939530639,-0.5288556423589523,0.38926723568597493,-27.232029239699095,0.31497556926798936,42,PET,HT,#5,#11,GASOLINE_1,1.3390782221931306,3.3190707990586694,67.02091601798384,-0.7826947131165224,-0.5771585710879156,-36.0425668261892,0.46221912549631766,42,,,,,,,,,,,,,,,,,,,,,,,,,,,,,,,,,,,,,,,,,,,,,,,,,,,,,,,,,,,,,,,,,,,,,,,,,,,,,,,,,,,,,,,,,,,,,,,,,,,,,,,,,,,,,,,,,,,,,,,,,,,,,,,,,,,,,,,,,,,,,,,,,,,,,,,,,,,,,,,,
96,PET,LT,#1,#4,MeOH_1,1.5939572021082997,4.306680294124027,80.75531568,-0.9352885376441739,-1.6216567337752736,-43.79562605900105,0.4576750064039741,PP,LT,#1,#7,GASOLINE_1,0.9767733779274235,2.0279644979863165,71.28106408857185,-0.1613999295592437,0.9104079342291271,-25.83251395220264,0.6375964040028376,,,PP,LT,#3,#10,DIESEL_1,1.1686698650370226,3.75340404610572,87.88951467904822,-0.34792042193917216,-0.8252627358884945,-43.86836290090143,0.5008692099268228,43,,PP,HT,#7,#6,Olefin,1.0331785174031693,3.049405775967412,79.55596218291062,-0.42124917140084467,0.07502857117853284,-38.63452600288251,0.5143729653592,43,PET,HT,#6,#1,MeOH_1,1.3871154418356746,4.759661248566214,75.03170609935968,-0.9029514270247467,-2.426089664229775,-48.65250433778984,0.3515740629253125,43,,,,,,,,,,,,,,,,,,,,,,,,,,,,,,,,,,,,,,,,,,,,,,,,,,,,,,,,,,,,,,,,,,,,,,,,,,,,,,,,,,,,,,,,,,,,,,,,,,,,,,,,,,,,,,,,,,,,,,,,,,,,,,,,,,,,,,,,,,,,,,,,,,,,,,,,,,,,,,,,
97,PET,LT,#1,#5,GASOLINE_1,1.6492527417404803,4.558267433287902,82.128514866032,-0.9878947512887432,-1.7964909981415373,-49.71877984640299,0.3946221975704268,PP,LT,#1,#8,GASOLINE_1,1.0181358248772534,2.1317633330964707,72.70236871460385,-0.19601779762010138,0.7874366915483477,-27.75006861820791,0.618305852906362,,,PP,LT,#3,#11,DIESEL_1,1.179425053565024,3.7602666451118387,87.4506554790482,-0.3537903827160392,-0.803157932122601,-43.59543362714032,0.5014853417812849,44,,PP,HT,#8,#3,H2_1,1.1278835950991872,2.560618039286091,68.75030980804006,-0.4475186444099809,1.098506477256358,-23.46263665808997,0.6587268228521334,44,PET,HT,#6,#2,MeOH_1,1.6732685971840389,5.30259585957609,95.00438097935965,-0.9806884765546955,-2.6440254395601284,-59.69007228630549,0.37171242345893973,44,,,,,,,,,,,,,,,,,,,,,,,,,,,,,,,,,,,,,,,,,,,,,,,,,,,,,,,,,,,,,,,,,,,,,,,,,,,,,,,,,,,,,,,,,,,,,,,,,,,,,,,,,,,,,,,,,,,,,,,,,,,,,,,,,,,,,,,,,,,,,,,,,,,,,,,,,,,,,,,,
98,PET,LT,#1,#6,GASOLINE_1,0.9631721702164583,1.1530221224931683,40.45812990114556,-0.5019312354918833,1.23241451864001,-17.236486685899468,0.5739672909248477,PP,LT,#1,#9,GASOLINE_1,0.9645294379215122,1.868045597252211,70.4431017974924,-0.14548996414902463,1.0859525384446156,-24.78994678574457,0.6480855306881584,,,PP,LT,#4,#1,DIESEL_1,1.1826077018629781,3.837073162547333,86.97366165983183,-0.33711681889905265,-0.7925827003252205,-43.857770049564635,0.49573503963648763,45,,PP,HT,#8,#9,H2_1,1.1280687009393855,1.7727269227240539,69.35186556126494,-0.42712609717663436,1.904362262127261,-21.621169681351482,0.6882395375182591,45,PET,HT,#6,#3,MeOH_1,1.373148154514358,3.973275019240614,75.42641001430576,-0.8612433214736771,-1.6280068654250734,-47.770689603385165,0.36665831511370184,45,,,,,,,,,,,,,,,,,,,,,,,,,,,,,,,,,,,,,,,,,,,,,,,,,,,,,,,,,,,,,,,,,,,,,,,,,,,,,,,,,,,,,,,,,,,,,,,,,,,,,,,,,,,,,,,,,,,,,,,,,,,,,,,,,,,,,,,,,,,,,,,,,,,,,,,,,,,,,,,,
99,PET,LT,#1,#7,GASOLINE_1,1.0592095745147119,1.8618570776673726,47.34532651106555,-0.6149542123010162,0.5104063227996367,-24.786429865756954,0.47647568002379553,PP,LT,#1,#10,GASOLINE_1,1.0186381681097947,2.293462980289629,74.95033256857185,-0.2004124481186025,0.5919405012096748,-29.86165817083698,0.6015807115529924,,,PP,LT,#4,#2,DIESEL_1,1.214335810207867,3.9036946465502043,88.32366389983184,-0.3532004629202673,-0.8782967615618047,-45.5296826834945,0.48451320208896836,46,,PP,HT,#9,#1,MeOH_1,1.200894839533309,3.1042224552804583,74.3177160818714,-0.4666666970213431,0.032128865522756275,-29.551138369126193,0.6023675117172403,46,PET,HT,#6,#4,MeOH_1,1.4617359438652775,5.346396421171296,82.35383089935965,-0.9825839563599723,-3.0800917193561936,-56.24191421990198,0.31706984841260993,46,,,,,,,,,,,,,,,,,,,,,,,,,,,,,,,,,,,,,,,,,,,,,,,,,,,,,,,,,,,,,,,,,,,,,,,,,,,,,,,,,,,,,,,,,,,,,,,,,,,,,,,,,,,,,,,,,,,,,,,,,,,,,,,,,,,,,,,,,,,,,,,,,,,,,,,,,,,,,,,,
100,PET,LT,#1,#8,GASOLINE_1,1.106764389726577,1.984131664204605,49.42511501197756,-0.6513454648570968,0.39171824853503584,-26.99951188298961,0.45372890125907417,PP,LT,#1,#11,GASOLINE_1,1.0293933566377964,2.3003255792957478,74.51147336857186,-0.20628240889547017,0.6140453049755686,-29.588728897075885,0.6028970095556304,,,PP,LT,#4,#3,DIESEL_1,1.1698819313699047,3.604021938591311,86.19192594247122,-0.3186460682578225,-0.5418199315867832,-42.81470139870759,0.5032632009257543,47,,PP,HT,#9,#2,FT_1,1.2818009880747256,3.356373672296567,76.13150774790343,-0.4378575328517849,0.06946284409318566,-35.384228102594,0.5352222864183529,47,PET,HT,#6,#5,MeOH_1,1.7258517139736682,5.777275804477497,98.69002145935967,-1.0297176480784362,-3.127909658301997,-63.7227369947794,0.3543142857556243,47,,,,,,,,,,,,,,,,,,,,,,,,,,,,,,,,,,,,,,,,,,,,,,,,,,,,,,,,,,,,,,,,,,,,,,,,,,,,,,,,,,,,,,,,,,,,,,,,,,,,,,,,,,,,,,,,,,,,,,,,,,,,,,,,,,,,,,,,,,,,,,,,,,,,,,,,,,,,,,,,
101,PET,LT,#1,#9,GASOLINE_1,1.0499075601760368,1.7699167102168143,46.57299067268834,-0.6007577846956049,0.6576904955931887,-23.4974882617684,0.49546962901938013,PP,LT,#2,#1,DIESEL_1,1.0349023602162986,2.714339130370434,75.9676490968755,-0.2723372416234936,0.29849916512126534,-33.093802366142675,0.5643697974128332,,,PP,LT,#4,#4,DIESEL_1,1.2233756307331083,4.034321755044443,89.95725269983183,-0.37638078699818084,-1.0515004615979548,-47.18155314766286,0.47551140423221194,48,,PP,HT,#9,#3,H2_1,1.2178888874072735,2.9732318393624713,71.83768641972004,-0.5550112008977067,0.7529668941427449,-26.411742185176806,0.6323414143536983,48,PET,HT,#6,#6,MeOH_1,1.2736266998789847,3.5196335310888065,69.77630484768198,-0.7657728656122539,-1.2476886384602761,-42.76011917793741,0.38718280838630664,48,,,,,,,,,,,,,,,,,,,,,,,,,,,,,,,,,,,,,,,,,,,,,,,,,,,,,,,,,,,,,,,,,,,,,,,,,,,,,,,,,,,,,,,,,,,,,,,,,,,,,,,,,,,,,,,,,,,,,,,,,,,,,,,,,,,,,,,,,,,,,,,,,,,,,,,,,,,,,,,,
102,PET,LT,#1,#10,GASOLINE_1,1.0902011638517568,2.0593336267151856,49.81964302594556,-0.6516168486354653,0.2681413912040922,-27.50625860070621,0.4478832659161922,PP,LT,#2,#2,DIESEL_1,1.0666304685611872,2.780960614373305,77.3176513368755,-0.28842088564470814,0.21278510388468147,-34.765715000072525,0.5503521589320247,,,PP,LT,#4,#5,DIESEL_1,1.2608641157412044,4.147539121064232,90.95604373983184,-0.3877190881766683,-1.0938010898476347,-47.369268265831245,0.47920702882235083,49,,PP,HT,#9,#6,Olefin,1.0358787212350944,1.1921731268252094,58.88794856981466,-0.4973651631921677,1.9292364772976214,-18.37784528291005,0.6879183987684309,49,PET,HT,#6,#7,MeOH_1,1.376900213365315,4.228644363102257,76.68024062720198,-0.8706063817624367,-1.8888595322044022,-50.043617680721475,0.34737270943084764,49,,,,,,,,,,,,,,,,,,,,,,,,,,,,,,,,,,,,,,,,,,,,,,,,,,,,,,,,,,,,,,,,,,,,,,,,,,,,,,,,,,,,,,,,,,,,,,,,,,,,,,,,,,,,,,,,,,,,,,,,,,,,,,,,,,,,,,,,,,,,,,,,,,,,,,,,,,,,,,,,
103,PET,LT,#1,#11,GASOLINE_1,1.125122464697538,2.133321356207144,50.459013891977555,-0.6715759998854719,0.23415360331492335,-28.092139847060196,0.4432681560682155,PP,LT,#2,#3,DIESEL_1,1.0221765897232251,2.4812879064144107,75.18591337951487,-0.25386649098226344,0.5492619338597032,-32.05073371528561,0.5737135817782305,,,PP,LT,#4,#6,DIESEL_1,1.0910417745907837,3.0853212254380775,79.5921140966482,-0.2457193174885441,-0.04727463411101669,-36.8335883986462,0.5372206302508888,50,,PP,HT,#9,#7,MeOH_1,1.1930106413437165,2.818975497260919,74.44083857177202,-0.45913713223174935,0.36496523213924525,-30.848121028626647,0.5856021826126465,50,PET,HT,#6,#8,MeOH_1,1.4317227093224456,4.350918949639488,78.76002912811397,-0.9042553876363396,-2.0243033707715314,-52.36054357442243,0.33518887493996685,50,,,,,,,,,,,,,,,,,,,,,,,,,,,,,,,,,,,,,,,,,,,,,,,,,,,,,,,,,,,,,,,,,,,,,,,,,,,,,,,,,,,,,,,,,,,,,,,,,,,,,,,,,,,,,,,,,,,,,,,,,,,,,,,,,,,,,,,,,,,,,,,,,,,,,,,,,,,,,,,,
104,PET,LT,#2,#1,MeOH_1,1.858513592307457,4.0977800236873225,88.11751336640002,-1.061174602110784,-0.5941481095777184,-38.75730489503833,0.5601634293300788,PP,LT,#2,#4,DIESEL_1,1.0756702890864285,2.9115877228675435,78.95124013687551,-0.31160120972262134,0.039581403848531545,-36.41758546424089,0.5387332054429447,,,PP,LT,#4,#7,DIESEL_1,1.1755462878443805,3.737807940752785,86.6141565990482,-0.32840206536041905,-0.6943817042625317,-43.45252563582787,0.49832074406754234,51,,PP,HT,#9,#9,H2_1,1.2180739932474718,2.185340722800434,72.43924217294494,-0.5346186536643605,1.5588226790136475,-24.57027520843832,0.6608154023784779,51,PET,HT,#6,#9,MeOH_1,1.3588820405210378,4.044474594844476,75.63435405055188,-0.8457318656785302,-1.693050090340668,-48.680596386052386,0.35636924520416147,51,,,,,,,,,,,,,,,,,,,,,,,,,,,,,,,,,,,,,,,,,,,,,,,,,,,,,,,,,,,,,,,,,,,,,,,,,,,,,,,,,,,,,,,,,,,,,,,,,,,,,,,,,,,,,,,,,,,,,,,,,,,,,,,,,,,,,,,,,,,,,,,,,,,,,,,,,,,,,,,,
105,PET,LT,#2,#2,FT_1,1.673850762722421,3.92402530092101,73.58112888640004,-1.0407585754920186,-1.0049250274070174,-40.59034333332248,0.44835932870792405,PP,LT,#2,#6,DIESEL_1,0.9433364329441041,1.9625871932611763,68.58610153369186,-0.18093974021298495,1.0438072313354712,-26.069620715224243,0.6198993654360433,,,PP,LT,#4,#8,DIESEL_1,1.2169087347942105,3.8416067758629393,88.03546122508018,-0.36301993342127675,-0.8173529469433108,-45.370080301833134,0.4846385800622378,52,,PP,LT,#9,#1,DIESEL_1,1.1250895109862091,2.1234514809396656,67.58932420545496,-0.4439576031095709,0.7985753581064364,-23.14536732083941,0.6575588291061593,52,PET,HT,#6,#10,MeOH_1,1.434682690062727,4.474629761800501,80.05529826208199,-0.9259887434609344,-2.196752448245998,-53.68881310924151,0.3293534060234576,52,,,,,,,,,,,,,,,,,,,,,,,,,,,,,,,,,,,,,,,,,,,,,,,,,,,,,,,,,,,,,,,,,,,,,,,,,,,,,,,,,,,,,,,,,,,,,,,,,,,,,,,,,,,,,,,,,,,,,,,,,,,,,,,,,,,,,,,,,,,,,,,,,,,,,,,,,,,,,,,,
106,PET,LT,#2,#3,GASOLINE_1,1.2953236195056081,2.482651115183899,52.71759216878948,-0.898834046931652,-0.011878418288493753,-30.869406893017665,0.41443822407174824,PP,LT,#2,#7,DIESEL_1,1.027840946197701,2.6150739085758845,75.60814403609187,-0.2636224880848599,0.39670016118395596,-32.68855795240591,0.567658241461371,,,PP,LT,#4,#9,DIESEL_1,1.1633023478384705,3.5778890400186794,85.77619430796875,-0.3124920999502011,-0.5188371000470424,-42.40995846936979,0.5055742585512465,53,,PP,LT,#9,#2,DIESEL_1,1.156817619331097,2.1900729649425363,68.93932644545497,-0.4600412471307847,0.7128612968698526,-24.81727995476926,0.6400127295353722,53,PET,HT,#6,#11,MeOH_1,1.4500122690575903,4.484684941749149,80.39982943211398,-0.9177895943969907,-2.161987493762499,-54.00959438566148,0.3282374506619474,53,,,,,,,,,,,,,,,,,,,,,,,,,,,,,,,,,,,,,,,,,,,,,,,,,,,,,,,,,,,,,,,,,,,,,,,,,,,,,,,,,,,,,,,,,,,,,,,,,,,,,,,,,,,,,,,,,,,,,,,,,,,,,,,,,,,,,,,,,,,,,,,,,,,,,,,,,,,,,,,,
107,PET,LT,#2,#4,MeOH_1,1.742880542649923,4.899384539807463,85.79361976640001,-1.1072512474874383,-2.08121444600495,-48.74076076724367,0.4318836190854791,PP,LT,#2,#8,DIESEL_1,1.0692033931475309,2.7188727436860396,77.02944866212387,-0.2982403561457178,0.27372891850317566,-34.606112618411174,0.5507417848697737,,,PP,LT,#4,#10,DIESEL_1,1.217411078026753,4.003306423056097,90.2834250790482,-0.367414583919779,-1.0128491372819826,-47.481669854462204,0.47408209410653906,54,,PP,LT,#9,#3,DIESEL_1,1.1123637404931357,1.8904002569836422,66.80758848809432,-0.42548685246834067,1.0493381268448743,-22.10229866998234,0.6691648483327436,54,PET,HT,#7,#1,GASOLINE_1,1.4469565218983833,5.255997522874574,77.76689552539166,-0.9052594889810681,-2.657221685948561,-49.28876959219796,0.36619856998014416,54,,,,,,,,,,,,,,,,,,,,,,,,,,,,,,,,,,,,,,,,,,,,,,,,,,,,,,,,,,,,,,,,,,,,,,,,,,,,,,,,,,,,,,,,,,,,,,,,,,,,,,,,,,,,,,,,,,,,,,,,,,,,,,,,,,,,,,,,,,,,,,,,,,,,,,,,,,,,,,,,
108,PET,LT,#2,#5,FT_1,1.7981760822821036,5.150971678971338,87.16681895243202,-1.1598574611320076,-2.256048710371214,-54.66391455464562,0.3728816169777128,PP,LT,#2,#9,DIESEL_1,1.0155970061917898,2.455155007841779,74.77018174501241,-0.24771252267464094,0.5722447653994444,-31.645990785947824,0.5767565351938069,,,PP,LT,#4,#11,DIESEL_1,1.2281662665547535,4.0101690220622155,89.84456587904818,-0.37328454469664524,-0.990744333516089,-47.2087405807011,0.47455096344663616,55,,PP,LT,#9,#4,DIESEL_1,1.165857439856339,2.320700073436776,70.57291524545496,-0.4832215712086986,0.5396575968337017,-26.469150418937627,0.6249389680605225,55,PET,HT,#7,#2,GASOLINE_1,1.7331096772467474,5.798932133884449,97.73957040539166,-0.982996538511017,-2.8751574612789144,-60.326337540713624,0.38278491208320464,55,,,,,,,,,,,,,,,,,,,,,,,,,,,,,,,,,,,,,,,,,,,,,,,,,,,,,,,,,,,,,,,,,,,,,,,,,,,,,,,,,,,,,,,,,,,,,,,,,,,,,,,,,,,,,,,,,,,,,,,,,,,,,,,,,,,,,,,,,,,,,,,,,,,,,,,,,,,,,,,,
109,PET,LT,#2,#6,Olefin,1.1120955107580814,1.7457263681766044,45.49643398754556,-0.6738939453351477,0.7728568064103326,-22.181621394142088,0.5124536265806193,PP,LT,#2,#10,DIESEL_1,1.0697057363800735,2.880572390879197,79.27741251609186,-0.3026350066442201,0.07823272816450358,-36.717702171040244,0.53684535095558,,,PP,LT,#5,#1,DIESEL_1,1.1409766058205926,3.426773356694478,83.73211035594916,-0.32950700030175556,-0.22755710340696395,-37.80093109495407,0.5485491654962412,56,,PP,LT,#9,#5,DIESEL_1,1.2033459248644358,2.433917439456563,71.57170628545497,-0.4945598723871869,0.4973569685840234,-26.656865537106004,0.6275502301036617,56,PET,HT,#7,#3,GASOLINE_1,1.4329892345770663,4.469611293548974,78.16159944033777,-0.8635513834299982,-1.8591388871438599,-48.4069548577933,0.3806811118963443,56,,,,,,,,,,,,,,,,,,,,,,,,,,,,,,,,,,,,,,,,,,,,,,,,,,,,,,,,,,,,,,,,,,,,,,,,,,,,,,,,,,,,,,,,,,,,,,,,,,,,,,,,,,,,,,,,,,,,,,,,,,,,,,,,,,,,,,,,,,,,,,,,,,,,,,,,,,,,,,,,
110,PET,LT,#2,#7,GASOLINE_1,1.2081329150563347,2.454561323350809,52.383630597465555,-0.7869169221442803,0.05084861056995958,-29.731564573999577,0.43242642339040044,PP,LT,#2,#11,DIESEL_1,1.0804609249080739,2.8874349898853153,78.83855331609188,-0.3085049674210863,0.10033753193039804,-36.444772897279144,0.5377290505172126,,,PP,LT,#5,#2,DIESEL_1,1.1727047141654814,3.493394840697348,85.08211259594916,-0.3455906443229702,-0.31327116464354726,-39.47284372888392,0.536061781677442,57,,PP,LT,#9,#7,DIESEL_1,1.1180280969676115,2.0241862591451163,67.22981914467131,-0.435242849570937,0.8967763541691266,-22.740122907102627,0.6617554056159464,57,PET,HT,#7,#4,GASOLINE_1,1.5215770239279862,5.842732695479655,85.08902032539164,-0.9848920183162939,-3.311223741074979,-56.8781794743101,0.3315450188896237,57,,,,,,,,,,,,,,,,,,,,,,,,,,,,,,,,,,,,,,,,,,,,,,,,,,,,,,,,,,,,,,,,,,,,,,,,,,,,,,,,,,,,,,,,,,,,,,,,,,,,,,,,,,,,,,,,,,,,,,,,,,,,,,,,,,,,,,,,,,,,,,,,,,,,,,,,,,,,,,,,
111,PET,LT,#2,#8,GASOLINE_1,1.2556877302682001,2.576835909888041,54.463419098377564,-0.823308174700361,-0.06783946369464129,-31.944646591232242,0.4134660085601593,PP,LT,#3,#6,DIESEL_1,1.042300561601054,2.835418848487699,77.1982036966482,-0.22622515550793793,0.14031176728247285,-33.220281445085426,0.5696754606412198,,,PP,LT,#5,#4,DIESEL_1,1.1817445346907227,3.6240219491915884,86.71570139594915,-0.3687709684008835,-0.48647486467969836,-41.1247141930523,0.5257523893478719,58,,PP,LT,#9,#8,DIESEL_1,1.159390543917442,2.1279850942552705,68.65112377070331,-0.46986071763179527,0.7738051114883472,-24.65767757310789,0.6408263081684543,58,PET,HT,#7,#5,GASOLINE_1,1.7856927940363774,6.273612078785857,101.42521088539165,-1.0320257100347587,-3.3590416800207854,-64.35900224918755,0.36545360184745523,58,,,,,,,,,,,,,,,,,,,,,,,,,,,,,,,,,,,,,,,,,,,,,,,,,,,,,,,,,,,,,,,,,,,,,,,,,,,,,,,,,,,,,,,,,,,,,,,,,,,,,,,,,,,,,,,,,,,,,,,,,,,,,,,,,,,,,,,,,,,,,,,,,,,,,,,,,,,,,,,,
112,PET,LT,#2,#9,GASOLINE_1,1.1988309007176596,2.3626209559002502,51.61129475908835,-0.7727204945388693,0.19813278336351156,-28.442622970011026,0.4489070056704498,PP,LT,#5,#3,DIESEL_1,1.1282508353275194,3.1937221327384537,82.95037463858853,-0.3110362496605257,0.02320566533147484,-36.75786244409702,0.5568692413476183,,,PP,LT,#5,#5,DIESEL_1,1.2192330196988201,3.7372393152113736,87.71449243594917,-0.3801092695793726,-0.5287754929293754,-41.312429311220676,0.5290125022226194,59,,PP,LT,#9,#9,DIESEL_1,1.1057841569617006,1.8642673584110108,66.39185685359185,-0.4193328841607182,1.0723209583846154,-21.697555740644543,0.6731895029161142,59,PET,HT,#7,#6,GASOLINE_1,1.3334677799416927,4.015969805397166,72.51149427371398,-0.768080927568575,-1.4788206601790626,-43.396384432345535,0.4015240636396996,59,,,,,,,,,,,,,,,,,,,,,,,,,,,,,,,,,,,,,,,,,,,,,,,,,,,,,,,,,,,,,,,,,,,,,,,,,,,,,,,,,,,,,,,,,,,,,,,,,,,,,,,,,,,,,,,,,,,,,,,,,,,,,,,,,,,,,,,,,,,,,,,,,,,,,,,,,,,,,,,,
113,PET,LT,#2,#10,GASOLINE_1,1.2391245043933796,2.6520378723986213,54.85794711234555,-0.8235795584787298,-0.19141632102558465,-32.45139330894883,0.4084468155089642,PP,LT,#5,#6,DIESEL_1,1.049410678548398,2.67502141958522,76.3505627927655,-0.23810949889124683,0.517750962807242,-30.776749444035605,0.5969021272630118,,,PP,LT,#5,#7,DIESEL_1,1.1339151918019958,3.3275081348999276,83.3726052951655,-0.3207922467631228,-0.12935610734427244,-37.39568668121728,0.5514631388952681,60,,PP,LT,#9,#10,DIESEL_1,1.1598928871499843,2.289684741448429,70.89908762467132,-0.47425536813029723,0.578308921149674,-26.769267125736977,0.6224314300425234,60,PET,HT,#7,#7,GASOLINE_1,1.4367412934280233,4.724980637410615,79.41543005323398,-0.8729144437187578,-2.119991553923187,-50.679882935129605,0.36183833669152565,60,,,,,,,,,,,,,,,,,,,,,,,,,,,,,,,,,,,,,,,,,,,,,,,,,,,,,,,,,,,,,,,,,,,,,,,,,,,,,,,,,,,,,,,,,,,,,,,,,,,,,,,,,,,,,,,,,,,,,,,,,,,,,,,,,,,,,,,,,,,,,,,,,,,,,,,,,,,,,,,,
114,PET,LT,#2,#11,GASOLINE_1,1.274045805239161,2.7260256018905795,55.49731797837755,-0.8435387097287365,-0.2254041089147532,-33.03727455530282,0.4047050243369499,PP,LT,#5,#9,DIESEL_1,1.1216712517960852,3.1675892341658223,82.53464300408606,-0.304882281352904,0.046188496871216,-36.35311951475922,0.5595410824887257,,,PP,LT,#5,#8,DIESEL_1,1.175277638751825,3.4313069700100822,84.7939099211975,-0.3554101148239799,-0.2523273500250524,-39.31324134722255,0.5363671591066154,61,,PP,LT,#9,#11,DIESEL_1,1.1706480756779847,2.2965473404545476,70.4602284246713,-0.4801253289071636,0.6004137249155682,-26.49633785197586,0.6239532791140046,61,PET,HT,#7,#8,GASOLINE_1,1.4915637893851543,4.847255223947847,81.49521855414598,-0.9065634495926614,-2.2554353924903174,-52.996808828830574,0.34969425484000466,61,,,,,,,,,,,,,,,,,,,,,,,,,,,,,,,,,,,,,,,,,,,,,,,,,,,,,,,,,,,,,,,,,,,,,,,,,,,,,,,,,,,,,,,,,,,,,,,,,,,,,,,,,,,,,,,,,,,,,,,,,,,,,,,,,,,,,,,,,,,,,,,,,,,,,,,,,,,,,,,,
115,PET,LT,#3,#1,MeOH_1,1.9747295953862813,4.840802824902451,95.61827250390499,-1.149818836978044,-1.3205631250741006,-45.373484174580895,0.5254726634731047,PP,LT,#8,#1,DIESEL_1,1.0804402526210504,1.7091872313234615,67.36463280113496,-0.35615354925073567,1.0358846657654044,-23.08355944818614,0.6573341457032743,,,PP,LT,#5,#10,DIESEL_1,1.1757799819843675,3.5930066172032404,87.04187377516548,-0.3598047653224819,-0.4478235403637251,-41.42483089985161,0.5240815816206521,62,,PVC,HT,#1,#3,JET FUEL_1,0.792654421579175,0.9248477229363928,26.358522497032194,-0.5077848218098999,0.40541941380294955,-10.936634728795012,0.5850816475002949,62,PET,HT,#7,#9,GASOLINE_1,1.4187231205837465,4.5408108691528355,78.36954347658387,-0.8480399276348516,-1.9241821120594542,-49.31686164046053,0.3707139348694054,62,,,,,,,,,,,,,,,,,,,,,,,,,,,,,,,,,,,,,,,,,,,,,,,,,,,,,,,,,,,,,,,,,,,,,,,,,,,,,,,,,,,,,,,,,,,,,,,,,,,,,,,,,,,,,,,,,,,,,,,,,,,,,,,,,,,,,,,,,,,,,,,,,,,,,,,,,,,,,,,,
116,PET,LT,#3,#2,FT_1,1.790066765801245,4.667048102136141,81.081888023905,-1.1294028103592784,-1.7313400429034007,-47.20652261286501,0.41779201541351213,PP,LT,#8,#2,DIESEL_1,1.112168360965939,1.7758087153263324,68.71463504113495,-0.3722371932719501,0.9501706045288204,-24.75547208211599,0.6397350860221187,,,PP,LT,#5,#11,DIESEL_1,1.186535170512368,3.5998692162093584,86.60301457516552,-0.3656747260993482,-0.42571873659783066,-41.15190162609053,0.5248213722355648,63,,PVC,HT,#1,#6,JET FUEL_1,0.7026370122174613,0.6845612354959536,24.77995016516399,-0.4197704944904334,0.6320645081515524,-9.49522075679731,0.6168184078858306,63,PET,HT,#7,#10,GASOLINE_1,1.4945237701254352,4.970966036108861,82.79048768811398,-0.928296805417256,-2.4278844699647846,-54.325078363649624,0.34382463637245925,63,,,,,,,,,,,,,,,,,,,,,,,,,,,,,,,,,,,,,,,,,,,,,,,,,,,,,,,,,,,,,,,,,,,,,,,,,,,,,,,,,,,,,,,,,,,,,,,,,,,,,,,,,,,,,,,,,,,,,,,,,,,,,,,,,,,,,,,,,,,,,,,,,,,,,,,,,,,,,,,,
117,PET,LT,#3,#3,GASOLINE_1,1.4115396225844326,3.2256739163990282,60.21835130629446,-0.9874782817989123,-0.7382934337848759,-37.48558617256023,0.377505604862982,PP,LT,#8,#3,DIESEL_1,1.0677144821279778,1.4761360073674388,66.58289708377431,-0.3376827986095063,1.286647434503842,-22.040490797329078,0.6689766927744549,,,PP,LT,#6,#6,DIESEL_1,1.1681585385200701,3.9005802678469217,90.5533032166482,-0.3472108261777032,-1.0300753038578734,-47.427302505860396,0.4762498901625833,64,,PVC,HT,#1,#7,JET FUEL_1,0.7702082512821792,0.9702371770148739,28.270515538751567,-0.483947780157836,0.34773892135575374,-13.298350072604954,0.5296035527057739,64,PET,HT,#7,#11,GASOLINE_1,1.5098533491202986,4.981021216057508,83.13501885814598,-0.9200976563533121,-2.3931195154812848,-54.64585964006961,0.34268542437799493,64,,,,,,,,,,,,,,,,,,,,,,,,,,,,,,,,,,,,,,,,,,,,,,,,,,,,,,,,,,,,,,,,,,,,,,,,,,,,,,,,,,,,,,,,,,,,,,,,,,,,,,,,,,,,,,,,,,,,,,,,,,,,,,,,,,,,,,,,,,,,,,,,,,,,,,,,,,,,,,,,
118,PET,LT,#3,#4,MeOH_1,1.8590965457287472,5.642407341022593,93.29437890390497,-1.1958954823546981,-2.8076294615013326,-55.35694004678622,0.4066422790187076,PP,LT,#8,#4,DIESEL_1,1.1212081814911814,1.9064358238205716,70.34822384113495,-0.39541751734986447,0.7769669044926703,-26.407342546284365,0.6246196264184412,,,PP,LT,#6,#9,DIESEL_1,1.2404191117677559,4.3931480824275235,96.73738342796875,-0.413983608639359,-1.5016377697938998,-53.00367257658399,0.452086973015444,65,,PVC,HT,#1,#8,JET FUEL_1,0.8202875283870985,1.1240566591354655,29.84547680478356,-0.5313770235498976,0.1922157841226408,-14.948475433937638,0.4991376572163949,65,PET,LT,#1,#1,MeOH_1,1.53070314294531,3.505075778003887,83.07920927999999,-0.7103247834469953,-0.13459039734804212,-33.81217018679569,0.5930128550834025,65,,,,,,,,,,,,,,,,,,,,,,,,,,,,,,,,,,,,,,,,,,,,,,,,,,,,,,,,,,,,,,,,,,,,,,,,,,,,,,,,,,,,,,,,,,,,,,,,,,,,,,,,,,,,,,,,,,,,,,,,,,,,,,,,,,,,,,,,,,,,,,,,,,,,,,,,,,,,,,,,
119,PET,LT,#3,#5,FT_1,1.9143920853609282,5.893994480186467,94.66757808993698,-1.2485016959992679,-2.982463725867597,-61.28009383418817,0.3526812973289516,PP,LT,#8,#5,DIESEL_1,1.1586966664992777,2.019653189840359,71.34701488113495,-0.40675581852835235,0.7346662762429914,-26.595057664452714,0.627243582527448,,,PP,LT,#7,#6,DIESEL_1,1.229429677685186,4.431140524565424,93.48897985664817,-0.38313573021693914,-1.398402682064223,-50.930546843847274,0.45522406039790037,66,,PVC,HT,#1,#9,JET FUEL_1,0.782559604420946,0.9751184490866147,29.446309208837885,-0.49505584900715516,0.35901669061191177,-14.284120252088925,0.5149096563924639,66,PET,LT,#1,#2,GASOLINE_1,1.3260734250492685,3.3313210552375745,68.54282480000002,-0.6699418685172248,-0.5453673151773405,-35.645208625079846,0.47995711106029826,66,,,,,,,,,,,,,,,,,,,,,,,,,,,,,,,,,,,,,,,,,,,,,,,,,,,,,,,,,,,,,,,,,,,,,,,,,,,,,,,,,,,,,,,,,,,,,,,,,,,,,,,,,,,,,,,,,,,,,,,,,,,,,,,,,,,,,,,,,,,,,,,,,,,,,,,,,,,,,,,,
120,PET,LT,#3,#6,GASOLINE_1,1.2283115138369058,2.488749169391734,52.997193125050536,-0.7625381802024079,0.046441790913950204,-28.797800673684648,0.4566164927690745,PP,LT,#8,#6,DIESEL_1,0.9888743253488568,0.9574352942142041,59.9830852379513,-0.26475604784022777,1.78119273197961,-16.059377797267686,0.7322682263914808,,,PP,HT,#1,-,MeOH_1,0.9832131289269207,3.2804887590752916,79.57669597980977,-0.2155400941932126,-0.30080314259500207,-35.80506418489518,0.5500559084033892,67,,PVC,HT,#1,#10,JET FUEL_1,0.8348525602522178,1.2118230615801884,31.271588754751562,-0.5473983178602552,0.08660869674561322,-16.42251647234047,0.47484227292912484,67,PET,LT,#1,#4,MeOH_1,1.3931234496009124,4.306680294124027,80.75531568,-0.7344547851367863,-1.6216567337752736,-43.79562605900105,0.4576750064039741,67,,,,,,,,,,,,,,,,,,,,,,,,,,,,,,,,,,,,,,,,,,,,,,,,,,,,,,,,,,,,,,,,,,,,,,,,,,,,,,,,,,,,,,,,,,,,,,,,,,,,,,,,,,,,,,,,,,,,,,,,,,,,,,,,,,,,,,,,,,,,,,,,,,,,,,,,,,,,,,,,
121,PET,LT,#3,#7,MeOH_1,1.324348918135159,3.197584124565938,59.88438973497053,-0.8755611570115406,-0.6755664049264228,-36.34774385354215,0.393034745542105,PP,LT,#8,#7,DIESEL_1,1.0733788386024539,1.609922009528912,67.00512774035131,-0.34743879571210273,1.1340856618280952,-22.678315034449373,0.6615435892857464,,,PP,HT,#2,-,FT_1,1.0723836012635326,3.8300765083342294,82.85050237980978,-0.23711276996415462,-0.39853624421691536,-38.75974539662806,0.5321724759260651,68,,PVC,HT,#2,#3,DIESEL_1,0.8468476703189688,1.1935473549415259,29.26144505310244,-0.5737729800694336,0.23868143878546058,-13.528841876880424,0.5376563989806774,68,PET,LT,#1,#5,GASOLINE_1,1.431327148348726,4.558267433287902,82.128514866032,-0.7699691578969888,-1.7964909981415373,-49.71877984640299,0.3946221975704268,68,,,,,,,,,,,,,,,,,,,,,,,,,,,,,,,,,,,,,,,,,,,,,,,,,,,,,,,,,,,,,,,,,,,,,,,,,,,,,,,,,,,,,,,,,,,,,,,,,,,,,,,,,,,,,,,,,,,,,,,,,,,,,,,,,,,,,,,,,,,,,,,,,,,,,,,,,,,,,,,,
122,PET,LT,#3,#8,GASOLINE_1,1.3719037333470243,3.31985871110317,61.96417823588254,-0.911952409567621,-0.7942544791910231,-38.560825870774806,0.3776916442919145,PP,LT,#8,#8,DIESEL_1,1.1147412855522827,1.713720844639067,68.42643236638331,-0.3820566637729599,1.0111144191473147,-24.59586970045462,0.6405501668016506,,,PP,HT,#3,-,H2_1,1.0192887285665064,3.9140078218710954,77.27825911645358,-0.3327478474904966,-0.23041761741309016,-27.70830632396181,0.641447586413572,69,,PVC,HT,#2,#6,Olefin,0.7568302609572554,0.9532608675010866,27.682872721234236,-0.48575865274996743,0.4653265331340632,-12.087427904882725,0.5633607817150051,69,PET,LT,#2,#1,MeOH_1,1.639677208211804,4.0977800236873225,88.11751336640002,-0.8423382180151309,-0.5941481095777184,-38.75730489503833,0.5601634293300788,69,,,,,,,,,,,,,,,,,,,,,,,,,,,,,,,,,,,,,,,,,,,,,,,,,,,,,,,,,,,,,,,,,,,,,,,,,,,,,,,,,,,,,,,,,,,,,,,,,,,,,,,,,,,,,,,,,,,,,,,,,,,,,,,,,,,,,,,,,,,,,,,,,,,,,,,,,,,,,,,,
123,PET,LT,#3,#9,GASOLINE_1,1.3150469037964838,3.1056437571153794,59.11205389659332,-0.8613647294061291,-0.5282822321328705,-35.05880224955357,0.4069094213697413,PP,LT,#8,#9,DIESEL_1,1.0611348985965425,1.4500031087948066,66.16716544927185,-0.3315288303018838,1.3096302660435837,-21.63574786799127,0.673013832146419,,,PP,HT,#7,-,MeOH_1,1.000699647209451,3.639983943419606,81.83779293399945,-0.21678503260941626,-0.5548467310494849,-37.12301619633689,0.5463829745961518,70,,PVC,HT,#2,#7,DIESEL_1,0.8244015000219728,1.2389368090200066,31.173438094821805,-0.5499359384173697,0.18100094633826494,-15.89055722069036,0.490253299223677,70,PET,LT,#2,#2,FT_1,1.4350474903157624,3.92402530092101,73.58112888640004,-0.8019553030853601,-1.0049250274070174,-40.59034333332248,0.44835932870792405,70,,,,,,,,,,,,,,,,,,,,,,,,,,,,,,,,,,,,,,,,,,,,,,,,,,,,,,,,,,,,,,,,,,,,,,,,,,,,,,,,,,,,,,,,,,,,,,,,,,,,,,,,,,,,,,,,,,,,,,,,,,,,,,,,,,,,,,,,,,,,,,,,,,,,,,,,,,,,,,,,
124,PET,LT,#3,#10,MeOH_1,1.355340507472204,3.395060673613751,62.35870624985053,-0.9122237933459896,-0.917831336521967,-39.06757258849139,0.37350251571992754,PP,LT,#8,#10,DIESEL_1,1.1152436287848253,1.875420491832225,70.67439622035131,-0.3864513142714618,0.8156182288086423,-26.707459253083712,0.6221055901232722,,,PP,HT,#8,-,FT_1,1.1195253895700452,4.906427897194564,89.63251420003144,-0.22761675535747272,-1.4135791678127554,-47.458702583015,0.47051911902078114,71,,PVC,HT,#2,#8,DIESEL_1,0.8744807771268923,1.3927562911405986,32.7483993608538,-0.5973651818094317,0.025477809105151444,-17.54068258202305,0.46438046059159405,71,PET,LT,#2,#3,GASOLINE_1,1.1005649868442466,2.482651115183899,52.71759216878948,-0.7040754142702906,-0.011878418288493753,-30.869406893017665,0.41443822407174824,71,,,,,,,,,,,,,,,,,,,,,,,,,,,,,,,,,,,,,,,,,,,,,,,,,,,,,,,,,,,,,,,,,,,,,,,,,,,,,,,,,,,,,,,,,,,,,,,,,,,,,,,,,,,,,,,,,,,,,,,,,,,,,,,,,,,,,,,,,,,,,,,,,,,,,,,,,,,,,,,,
125,PET,LT,#3,#11,GASOLINE_1,1.3902618083179852,3.4690484031057096,62.99807711588253,-0.932182944595996,-0.9518191244111359,-39.65345383484538,0.37056088613777244,PP,LT,#8,#11,DIESEL_1,1.1259988173128266,1.8822830908383434,70.2355370203513,-0.39232127504832914,0.8377230325745365,-26.4345299793226,0.6236302717858769,,,PP,LT,#1,-,DIESEL_1,1.0464470768353973,3.0600619146387023,78.7306040170012,-0.22929662050303917,-0.12043210468335538,-34.97682353743076,0.5557404395134855,72,,PVC,HT,#2,#9,DIESEL_1,0.8367528531607396,1.2438180810917474,32.34923176490813,-0.5610440072666888,0.19227871559442297,-16.87632740017434,0.4783082478489805,,PET,LT,#2,#4,MeOH_1,1.5020975148674063,4.899384539807463,85.79361976640001,-0.8664682197049217,-2.08121444600495,-48.74076076724367,0.4318836190854791,72,,,,,,,,,,,,,,,,,,,,,,,,,,,,,,,,,,,,,,,,,,,,,,,,,,,,,,,,,,,,,,,,,,,,,,,,,,,,,,,,,,,,,,,,,,,,,,,,,,,,,,,,,,,,,,,,,,,,,,,,,,,,,,,,,,,,,,,,,,,,,,,,,,,,,,,,,,,,,,,,
126,PET,LT,#4,#1,MeOH_1,2.0638309571678635,5.073877314457658,97.93896420481698,-1.2175715214574305,-1.555765932045365,-48.4008907961285,0.5058055678952343,PP,LT,#9,#6,DIESEL_1,1.033523583714015,1.3716995438304083,60.20777664227132,-0.3525601016990626,1.5438834243206419,-16.121185669920965,0.732240807268036,,,PP,LT,#2,-,DIESEL_1,1.093920003565593,3.340748447924441,80.1174553979132,-0.26434211762520743,-0.3271559513452363,-36.37952278831753,0.545922638111331,73,,PVC,HT,#3,#6,MeOH_1,0.8125345299545126,1.3805914374758703,31.59067237639651,-0.5225532606046317,0.02411540239025414,-15.7644546707346,0.5009775517626123,,PET,LT,#2,#5,FT_1,1.54030121361522,5.150971678971338,87.16681895243202,-0.9019825924651245,-2.256048710371214,-54.66391455464562,0.3728816169777128,73,,,,,,,,,,,,,,,,,,,,,,,,,,,,,,,,,,,,,,,,,,,,,,,,,,,,,,,,,,,,,,,,,,,,,,,,,,,,,,,,,,,,,,,,,,,,,,,,,,,,,,,,,,,,,,,,,,,,,,,,,,,,,,,,,,,,,,,,,,,,,,,,,,,,,,,,,,,,,,,,
127,PET,LT,#4,#2,FT_1,1.8791681275828267,4.900122591691345,83.402579724817,-1.197155494838665,-1.9665428498746647,-50.23392923441264,0.3976933399403568,PP,HT,#6,-,Olefin,0.817892893910879,1.5173377117774733,63.40391747228963,-0.20468933409172166,1.8027721982757163,-20.812291277567446,0.6717507039424914,,,PP,LT,#4,-,MeOH_1,1.19614994885938,4.339294880922428,94.84832901188123,-0.37153354767530733,-1.5378975581685153,-51.56000438353728,0.456395226772223,74,,PVC,HT,#4,#6,DIESEL_1,0.8426723022184252,1.4833044595284004,32.7205277224285,-0.5287299162989401,0.008316593427697121,-16.371061137061464,0.4996700152290082,,PET,LT,#2,#8,GASOLINE_1,1.1114929969577874,2.576835909888041,54.463419098377564,-0.6791134413899482,-0.06783946369464129,-31.944646591232242,0.4134660085601593,74,,,,,,,,,,,,,,,,,,,,,,,,,,,,,,,,,,,,,,,,,,,,,,,,,,,,,,,,,,,,,,,,,,,,,,,,,,,,,,,,,,,,,,,,,,,,,,,,,,,,,,,,,,,,,,,,,,,,,,,,,,,,,,,,,,,,,,,,,,,,,,,,,,,,,,,,,,,,,,,,
128,PET,LT,#4,#3,GASOLINE_1,1.5006409843660147,3.458748405954234,62.53904300720645,-1.0552309662782988,-0.9734962407561404,-40.512992794107845,0.3521967902604541,PP,HT,#9,-,H2_1,1.0114474733658463,3.7035249659023113,79.18836001579317,-0.30024884137976277,0.05814864894764602,-29.97998226409479,0.6214092291074642,,,PP,LT,#5,-,DIESEL_1,1.241768872935998,4.831758776362313,96.14621987791323,-0.4076036748396875,-1.8251830253143617,-52.80529673962682,0.45078135358125204,75,,PVC,HT,#5,#3,DIESEL_1,0.8996132832515061,1.486949063204788,32.693156817329,-0.6061203023266224,0.0250088951928629,-15.797020918750546,0.516809557210537,,PET,LT,#2,#10,GASOLINE_1,1.0708982885798297,2.6520378723986213,54.85794711234555,-0.6553533426651799,-0.19141632102558465,-32.45139330894883,0.4084468155089642,75,,,,,,,,,,,,,,,,,,,,,,,,,,,,,,,,,,,,,,,,,,,,,,,,,,,,,,,,,,,,,,,,,,,,,,,,,,,,,,,,,,,,,,,,,,,,,,,,,,,,,,,,,,,,,,,,,,,,,,,,,,,,,,,,,,,,,,,,,,,,,,,,,,,,,,,,,,,,,,,,
129,PET,LT,#4,#4,MeOH_1,1.9481979075103288,5.875481830577798,95.61507060481696,-1.2636481668340847,-3.0428322684725964,-58.38434666833385,0.3893813360276647,PP,LT,#3,-,DIESEL_1,1.0561819111329354,2.8539363794380566,77.74659066436084,-0.24381334661221046,0.34623151088971943,-31.443445962172245,0.5955649541223423,,,PP,LT,#7,-,DIESEL_1,1.0627367936692576,3.1125074785922773,79.846246399407,-0.23745578906170123,-0.14449696876517146,-34.107603110748464,0.5728339821995467,76,,PVC,HT,#5,#6,DIESEL_1,0.8095958738897928,1.2466625757643486,31.114584485460796,-0.5181059750071563,0.2516539895414656,-14.35560694675285,0.5386212869575382,,PET,LT,#2,#11,GASOLINE_1,1.0947298763567923,2.7260256018905795,55.49731797837755,-0.6642227808463675,-0.2254041089147532,-33.03727455530282,0.4047050243369499,76,,,,,,,,,,,,,,,,,,,,,,,,,,,,,,,,,,,,,,,,,,,,,,,,,,,,,,,,,,,,,,,,,,,,,,,,,,,,,,,,,,,,,,,,,,,,,,,,,,,,,,,,,,,,,,,,,,,,,,,,,,,,,,,,,,,,,,,,,,,,,,,,,,,,,,,,,,,,,,,,
130,PET,LT,#4,#5,FT_1,2.00349344714251,6.127068969741675,96.98826979084897,-1.3162543804786544,-3.217666532838863,-64.30750045573579,0.336955895858209,PP,LT,#6,-,DIESEL_1,0.9434245418542138,1.9962891138744971,69.07664187897186,-0.18339383431047465,1.0004028976169712,-26.429352497757172,0.617390889614124,,,PP,LT,#8,-,DIESEL_1,1.2326578904461774,3.9494751446668883,90.18459839940698,-0.3325621225333207,-0.7812936648591444,-43.77435643621218,0.5146138341455428,77,,PVC,HT,#8,#1,Aromatics,0.991648150272903,1.3291332192001486,25.105712576408106,-0.7599456179195409,0.09335191220596463,-10.780499736993377,0.5705957477134571,,PET,LT,#3,#1,MeOH_1,1.7354588343985409,4.840802824902451,95.61827250390499,-0.9105480759903034,-1.3205631250741006,-45.373484174580895,0.5254726634731047,77,,,,,,,,,,,,,,,,,,,,,,,,,,,,,,,,,,,,,,,,,,,,,,,,,,,,,,,,,,,,,,,,,,,,,,,,,,,,,,,,,,,,,,,,,,,,,,,,,,,,,,,,,,,,,,,,,,,,,,,,,,,,,,,,,,,,,,,,,,,,,,,,,,,,,,,,,,,,,,,,
131,PET,LT,#4,#6,GASOLINE_1,1.3174128756184873,2.72182365894694,55.31788482596254,-0.830290864681794,-0.18876101605731427,-31.825207295232268,0.42468502916627004,PP,LT,#9,-,DIESEL_1,1.0653696223401652,2.860039782912664,78.47954852921656,-0.250910442577691,0.3466775162420261,-32.285683143096264,0.5886102335173745,,,PP,LT,#11,-,DIESEL_1,1.3538686616841302,5.2716084435297335,102.06442783940699,-0.30550448932620683,-1.5862516652060519,-45.91882233354825,0.5500996448459095,78,,PVC,HT,#8,#2,Aromatics,1.1795088461493901,1.5684057795500141,35.57952473640811,-0.8212587234037135,0.03258617274737388,-16.206020155968826,0.544512742201264,,PET,LT,#3,#2,FT_1,1.5308291165024999,4.667048102136141,81.081888023905,-0.8701651610605333,-1.7313400429034007,-47.20652261286501,0.41779201541351213,78,,,,,,,,,,,,,,,,,,,,,,,,,,,,,,,,,,,,,,,,,,,,,,,,,,,,,,,,,,,,,,,,,,,,,,,,,,,,,,,,,,,,,,,,,,,,,,,,,,,,,,,,,,,,,,,,,,,,,,,,,,,,,,,,,,,,,,,,,,,,,,,,,,,,,,,,,,,,,,,,
132,PET,LT,#4,#7,GASOLINE_1,1.4134502799167403,3.4306586141211444,62.20508143588254,-0.9433138414909266,-0.9107692118976879,-39.375150475089775,0.3670107077076101,PP,OG,#1,-,MeOH_1,0.7606710876070442,2.2283474767511042,57.7485152,-0.32360833832612257,0.22364599687367528,-31.2642130105518,0.4586144266692453,,,PP,SG,#1,-,MeOH_1,0.8752468595903562,3.9085361451139904,86.55423262408677,-0.027520225913808503,-0.8731966091620419,-39.5386108447318,0.5431926360383583,79,,PVC,HT,#8,#3,Aromatics,0.9854179911808294,0.7072894863857824,22.799301615651498,-0.7368951675488299,0.7394573393245223,-7.923903128078426,0.6524497433448249,,PET,LT,#3,#3,GASOLINE_1,1.1963466130309839,3.2256739163990282,60.21835130629446,-0.7722852722454636,-0.7382934337848759,-37.48558617256023,0.377505604862982,79,,,,,,,,,,,,,,,,,,,,,,,,,,,,,,,,,,,,,,,,,,,,,,,,,,,,,,,,,,,,,,,,,,,,,,,,,,,,,,,,,,,,,,,,,,,,,,,,,,,,,,,,,,,,,,,,,,,,,,,,,,,,,,,,,,,,,,,,,,,,,,,,,,,,,,,,,,,,,,,,
133,PET,LT,#4,#8,GASOLINE_1,1.4610050951286062,3.552933200658376,64.28486993679454,-0.9797050940470076,-1.0294572861622882,-41.58823249232241,0.3530634419387899,PP,OG,#3,-,H2_1,0.7830757185639649,2.242929154991412,55.734171419216345,-0.3707438939728878,0.9435489238864899,-24.770703536463447,0.5555562609849285,,,PP,SG,#2,-,FT_1,1.067113337824278,5.665728331166643,95.29502269011876,-0.07362509274821591,-1.9193337033501265,-51.72592837111437,0.45720220310648096,80,,PVC,HT,#8,#6,Aromatics,0.8954005818191155,0.46700299894534253,21.22072928378329,-0.6488808402293633,0.9661024336731255,-6.482489156080726,0.6945209059787313,,PET,LT,#3,#4,MeOH_1,1.5978791410541435,5.642407341022593,93.29437890390497,-0.9346780776800946,-2.8076294615013326,-55.35694004678622,0.4066422790187076,80,,,,,,,,,,,,,,,,,,,,,,,,,,,,,,,,,,,,,,,,,,,,,,,,,,,,,,,,,,,,,,,,,,,,,,,,,,,,,,,,,,,,,,,,,,,,,,,,,,,,,,,,,,,,,,,,,,,,,,,,,,,,,,,,,,,,,,,,,,,,,,,,,,,,,,,,,,,,,,,,
134,PET,LT,#4,#9,GASOLINE_1,1.4041482655780657,3.3387182466705854,61.432745597505324,-0.9291174138855155,-0.763485039104135,-38.08620887110119,0.38003407627856683,PP,OG,#6,-,MeOH_1,0.7845237785527307,2.1154372125163654,66.13528103252321,-0.3038841312944928,0.3967524107758385,-40.19137827825222,0.39228536341310183,,,PP,SG,#3,-,H2_1,0.7949771562699999,5.015439467704688,78.44151179362476,-0.11960378025374438,-0.9125210175607154,-21.509366595929237,0.7257910243683321,81,,PVC,HT,#8,#7,Aromatics,0.962971820883833,0.7526789404642633,24.711294657370868,-0.7130581258967654,0.6817768468773265,-10.285618471888366,0.5837685311716203,,PET,LT,#3,#5,FT_1,1.636082839801958,5.893994480186467,94.66757808993698,-0.9701924504402974,-2.982463725867597,-61.28009383418817,0.3526812973289516,81,,,,,,,,,,,,,,,,,,,,,,,,,,,,,,,,,,,,,,,,,,,,,,,,,,,,,,,,,,,,,,,,,,,,,,,,,,,,,,,,,,,,,,,,,,,,,,,,,,,,,,,,,,,,,,,,,,,,,,,,,,,,,,,,,,,,,,,,,,,,,,,,,,,,,,,,,,,,,,,,
135,PET,LT,#4,#10,GASOLINE_1,1.4444418692537853,3.6281351631689573,64.67939795076255,-0.9799764778253757,-1.153034143493232,-42.09497921003902,0.34917484479240213,PP,OG,#7,-,FT_1,0.8796782036860594,2.346137348843497,66.62877079252321,-0.19202619943262775,0.6748984865381441,-41.41126599297753,0.37847771314993967,,,PP,SG,#6,-,MeOH_1,0.902554834786664,3.9457194267625653,89.94071153710495,-0.041053133310476116,-0.7887275068430254,-42.40958312539965,0.5284717854616525,82,,PVC,HT,#8,#8,Aromatics,1.0130510979887526,0.9064984225848549,26.286255923402866,-0.7604873692888274,0.5262537096442135,-11.935743833221059,0.5459321453766046,,PET,LT,#3,#7,MeOH_1,1.1524521271873935,3.197584124565938,59.88438973497053,-0.7036643660637751,-0.6755664049264228,-36.34774385354215,0.393034745542105,82,,,,,,,,,,,,,,,,,,,,,,,,,,,,,,,,,,,,,,,,,,,,,,,,,,,,,,,,,,,,,,,,,,,,,,,,,,,,,,,,,,,,,,,,,,,,,,,,,,,,,,,,,,,,,,,,,,,,,,,,,,,,,,,,,,,,,,,,,,,,,,,,,,,,,,,,,,,,,,,,
136,PET,LT,#4,#11,GASOLINE_1,1.479363170099567,3.7021228926609147,65.31876881679453,-0.9999356290753828,-1.1870219313823998,-42.68086045639299,0.3465758582176607,PP,OG,#8,-,H2_1,0.794557681434856,2.831753841079097,69.36769552746307,-0.353841630387377,0.41159676229363173,-37.033980406696514,0.46612064700874273,,,PP,SG,#7,-,FT_1,1.1185014893079415,6.0165660092319335,101.14291953710497,-0.1450080691771251,-2.1969745577782605,-58.283397759450104,0.4237520725504819,83,,PVC,HT,#8,#9,Aromatics,0.9753231740225997,0.7575602125360041,25.887088327457196,-0.7241661947460847,0.6930546161334844,-11.271388651372343,0.5645941904011923,,PET,LT,#3,#8,GASOLINE_1,1.2072746231445246,3.31985871110317,61.96417823588254,-0.7473232993651213,-0.7942544791910231,-38.560825870774806,0.3776916442919145,83,,,,,,,,,,,,,,,,,,,,,,,,,,,,,,,,,,,,,,,,,,,,,,,,,,,,,,,,,,,,,,,,,,,,,,,,,,,,,,,,,,,,,,,,,,,,,,,,,,,,,,,,,,,,,,,,,,,,,,,,,,,,,,,,,,,,,,,,,,,,,,,,,,,,,,,,,,,,,,,,
137,PET,LT,#5,#1,MeOH_1,1.9691217373739989,4.580481228847689,94.54626302729075,-1.1397220200506282,-0.9561250507838285,-43.27357400038806,0.5423026504189049,PVC,LT,#1,#6,GASOLINE_1,0.6618204236764955,0.6524114764664896,24.953856637896738,-0.35474040283376423,0.6552319347070953,-8.533281352279301,0.6580375740670066,,,PP,SG,#8,-,H2_1,0.8413480985889293,5.152809980713184,85.06180642268117,-0.12914693046997472,-0.9383752013217321,-28.186493396630883,0.6686351421157317,84,,PVC,HT,#8,#10,Aromatics,1.027616129853872,0.9942648250295778,27.712367873370866,-0.7765086635991849,0.4206466222671859,-13.409784871623883,0.5161082974613115,,PET,LT,#3,#9,GASOLINE_1,1.1355812239040368,3.1056437571153794,59.11205389659332,-0.681899049513682,-0.5282822321328705,-35.05880224955357,0.4069094213697413,84,,,,,,,,,,,,,,,,,,,,,,,,,,,,,,,,,,,,,,,,,,,,,,,,,,,,,,,,,,,,,,,,,,,,,,,,,,,,,,,,,,,,,,,,,,,,,,,,,,,,,,,,,,,,,,,,,,,,,,,,,,,,,,,,,,,,,,,,,,,,,,,,,,,,,,,,,,,,,,,,
138,PET,LT,#5,#2,FT_1,1.7844589077889623,4.406726506081377,80.00987854729077,-1.1193059934318628,-1.3669019686131274,-45.1066124386722,0.4362369590148619,PVC,LT,#1,#9,GASOLINE_1,0.7243520203906266,1.0203856539170184,30.78053111971832,-0.4146056221236895,0.3133947287018916,-14.667442855470275,0.523483113451731,,,PP,OG,#2,-,FT_1,1.2342497977781028,3.753609208375001,88.38298863999998,-0.31034360703194624,-0.2538732886101276,-50.7879278898748,0.4253653483393362,85,,PVC,HT,#8,#11,Aromatics,1.0767296914794084,1.2084731383293348,29.343735283402868,-0.8242117087406692,0.2234801251003626,-15.110828777305255,0.48504072057070036,,PET,LT,#3,#10,MeOH_1,1.1666799147665674,3.395060673613751,62.35870624985053,-0.723563200640353,-0.917831336521967,-39.06757258849139,0.37350251571992754,85,,,,,,,,,,,,,,,,,,,,,,,,,,,,,,,,,,,,,,,,,,,,,,,,,,,,,,,,,,,,,,,,,,,,,,,,,,,,,,,,,,,,,,,,,,,,,,,,,,,,,,,,,,,,,,,,,,,,,,,,,,,,,,,,,,,,,,,,,,,,,,,,,,,,,,,,,,,,,,,,
139,PET,LT,#5,#3,GASOLINE_1,1.4059317645721499,2.9653523203442655,59.146341829680225,-0.9773814648714962,-0.37385535949460386,-35.38567599836741,0.40172671878397515,PS,HT,#1,-,GASOLINE_1,1.0313276218926861,1.531773900195635,65.88056956652426,-0.15300035720804772,1.7024303958992903,-18.502691557026452,0.7191479721749677,,,PVC,SG,#1,-,MeOH_1,0.6962822127477828,1.8806268638335246,31.44165865493168,-0.39185808900003866,-0.5731524927330786,-14.569915477300356,0.536604743496411,86,,PVC,HT,#9,#3,Aromatics,1.0554223313036453,1.0311690115507344,25.1095244580515,-0.8152740014578568,0.4565312531245929,-9.977068380730993,0.6026580114092207,,PET,LT,#3,#11,GASOLINE_1,1.1905115025435296,3.4690484031057096,62.99807711588253,-0.7324326388215405,-0.9518191244111359,-39.65345383484538,0.37056088613777244,86,,,,,,,,,,,,,,,,,,,,,,,,,,,,,,,,,,,,,,,,,,,,,,,,,,,,,,,,,,,,,,,,,,,,,,,,,,,,,,,,,,,,,,,,,,,,,,,,,,,,,,,,,,,,,,,,,,,,,,,,,,,,,,,,,,,,,,,,,,,,,,,,,,,,,,,,,,,,,,,,
140,PET,LT,#5,#4,MeOH_1,1.8534886877164645,5.3820857449678305,92.22236942729074,-1.185798665427282,-2.4431913872110607,-53.257029872593414,0.4225150556928391,PS,HT,#2,-,GASOLINE_1,1.0743000224199961,2.1555991557421024,71.74702843105656,-0.3264426481488485,1.3075621132826052,-27.950109066719765,0.6104353075252769,,,PVC,SG,#2,-,FT_1,0.7890131008833848,2.1451503750468333,32.15640649493168,-0.3742633480468584,-0.5381051955599024,-15.806766711648681,0.5084411339886482,87,,PVC,HT,#9,#6,Aromatics,0.9654049219419317,0.7908825241102946,23.530952126183294,-0.7272596741383901,0.6831763474731961,-8.53565440873329,0.6372584346370107,,PET,LT,#4,#1,MeOH_1,1.7994538145605603,5.073877314457658,97.93896420481698,-0.9531943788501276,-1.555765932045365,-48.4008907961285,0.5058055678952343,87,,,,,,,,,,,,,,,,,,,,,,,,,,,,,,,,,,,,,,,,,,,,,,,,,,,,,,,,,,,,,,,,,,,,,,,,,,,,,,,,,,,,,,,,,,,,,,,,,,,,,,,,,,,,,,,,,,,,,,,,,,,,,,,,,,,,,,,,,,,,,,,,,,,,,,,,,,,,,,,,
141,PET,LT,#5,#5,FT_1,1.9087842273486453,5.633672884131704,93.59556861332275,-1.2384048790718518,-2.6180256515773235,-59.180183659995365,0.36770314517250097,PS,HT,#3,-,GASOLINE_1,1.1681630294578285,3.0183577885802566,80.5314148825701,-0.3592706784943526,0.3616534762778124,-35.48052888419452,0.5594200234041363,,,PVC,SG,#3,-,H2_1,0.6911677552541684,2.216968181138067,33.54006506455463,-0.3996042608981121,-0.3744079390301937,-11.632369735668638,0.6531798697086666,88,,PVC,HT,#9,#7,Aromatics,1.032976161006649,1.0765584656292153,27.02151749977087,-0.7914369598057923,0.3988507606773971,-12.338783724540932,0.5433719174119085,,PET,LT,#4,#2,FT_1,1.5948240966645193,4.900122591691345,83.402579724817,-0.9128114639203574,-1.9665428498746647,-50.23392923441264,0.3976933399403568,88,,,,,,,,,,,,,,,,,,,,,,,,,,,,,,,,,,,,,,,,,,,,,,,,,,,,,,,,,,,,,,,,,,,,,,,,,,,,,,,,,,,,,,,,,,,,,,,,,,,,,,,,,,,,,,,,,,,,,,,,,,,,,,,,,,,,,,,,,,,,,,,,,,,,,,,,,,,,,,,,
142,PET,LT,#5,#6,GASOLINE_1,1.2227036558246231,2.2284275733369707,51.925183648436295,-0.752441363274992,0.4108798652042228,-26.697890499491834,0.48583926673707917,PS,HT,#4,-,GASOLINE_1,1.2229341772465006,3.3535542974827863,83.45958622860212,-0.37416133972340904,0.13256874806945293,-39.20441997269507,0.5302586348162426,,,PVC,SG,#6,-,MeOH_1,0.7082151109993353,1.8249573411986366,34.98731006139432,-0.37887689662550206,-0.5146891835432288,-17.799675226034104,0.49125339459364115,89,,PVC,HT,#9,#8,Aromatics,1.0830554381115685,1.230377947749807,28.596478765802875,-0.838866203197854,0.24332762344428405,-13.988909085873622,0.5108170764506057,,PET,LT,#4,#3,GASOLINE_1,1.2603415931930029,3.458748405954234,62.53904300720645,-0.814931575105287,-0.9734962407561404,-40.512992794107845,0.3521967902604541,89,,,,,,,,,,,,,,,,,,,,,,,,,,,,,,,,,,,,,,,,,,,,,,,,,,,,,,,,,,,,,,,,,,,,,,,,,,,,,,,,,,,,,,,,,,,,,,,,,,,,,,,,,,,,,,,,,,,,,,,,,,,,,,,,,,,,,,,,,,,,,,,,,,,,,,,,,,,,,,,,
143,PET,LT,#5,#7,GASOLINE_1,1.3187410601228766,2.9372625285111753,58.81238025835629,-0.8654643400841248,-0.31112833063615086,-34.24783367934932,0.41767645640420653,PS,HT,#5,-,GASOLINE_1,1.1798119165918999,2.9266793304267535,79.68754681878802,-0.379065275432681,0.7339903301282361,-31.901979067760696,0.5996616743604016,,,PVC,SG,#7,-,FT_1,0.8054906538037275,2.376028746652511,37.35357420742632,-0.4123731551774235,-0.7704335604624438,-21.30138282455321,0.4297364234473108,90,,PVC,HT,#9,#9,Aromatics,1.0453275141454155,1.081439737700956,28.19731116985719,-0.8025450286551113,0.4101285299335552,-13.324553904024905,0.527453031824226,,PET,LT,#4,#4,MeOH_1,1.661874121216163,5.875481830577798,95.61507060481696,-0.9773243805399187,-3.0428322684725964,-58.38434666833385,0.3893813360276647,90,,,,,,,,,,,,,,,,,,,,,,,,,,,,,,,,,,,,,,,,,,,,,,,,,,,,,,,,,,,,,,,,,,,,,,,,,,,,,,,,,,,,,,,,,,,,,,,,,,,,,,,,,,,,,,,,,,,,,,,,,,,,,,,,,,,,,,,,,,,,,,,,,,,,,,,,,,,,,,,,
144,PET,LT,#5,#8,GASOLINE_1,1.3662958753347418,3.059537115048408,60.8921687592683,-0.9018555926402053,-0.429816404900752,-36.46091569658198,0.4012215948371469,PS,LT,#1,-,GASOLINE_1,1.0425592205871934,1.476590091714593,65.44101526225894,-0.1530961059016282,1.7596327074647606,-17.648425383541937,0.7303155320434016,,,PS,SG,#1,-,MeOH_1,0.825894515285145,3.9537013765976323,77.71176083732654,-0.14807368629188303,-0.7744345658941916,-39.94397799321374,0.485998289540393,91,,PVC,HT,#9,#10,Aromatics,1.0976204699766878,1.3181443501945298,30.022590715770868,-0.8548874975082117,0.13772053606725662,-15.462950124276452,0.4849561694836094,,PET,LT,#4,#5,FT_1,1.7000778199639761,6.127068969741675,96.98826979084897,-1.0128387533001206,-3.217666532838863,-64.30750045573579,0.336955895858209,91,,,,,,,,,,,,,,,,,,,,,,,,,,,,,,,,,,,,,,,,,,,,,,,,,,,,,,,,,,,,,,,,,,,,,,,,,,,,,,,,,,,,,,,,,,,,,,,,,,,,,,,,,,,,,,,,,,,,,,,,,,,,,,,,,,,,,,,,,,,,,,,,,,,,,,,,,,,,,,,,
145,PET,LT,#5,#9,GASOLINE_1,1.3094390457842013,2.8453221610606168,58.040044419979075,-0.8512679124787133,-0.16384415784259884,-32.95889207536075,0.4321353058093915,PS,LT,#2,-,GASOLINE_1,1.0772773357787098,2.0322511628359154,71.14678184017563,-0.2342337761429144,1.547366474614761,-20.869373726899408,0.7066715712626266,,,PS,SG,#2,-,FT_1,0.9683500901256992,4.588528613569978,79.88735443732654,-0.05825592072338424,-0.7878748532393077,-43.956516391127984,0.4497687812955068,92,,PVC,LT,#1,#3,GASOLINE_1,0.7341787623676614,0.9546559929840793,27.16236562856319,-0.42587587084720363,0.38217366651191526,-10.816790089303183,0.6017729001509152,,PET,LT,#4,#6,GASOLINE_1,1.1119798961244307,2.72182365894694,55.31788482596254,-0.6248578851877375,-0.18876101605731427,-31.825207295232268,0.42468502916627004,92,,,,,,,,,,,,,,,,,,,,,,,,,,,,,,,,,,,,,,,,,,,,,,,,,,,,,,,,,,,,,,,,,,,,,,,,,,,,,,,,,,,,,,,,,,,,,,,,,,,,,,,,,,,,,,,,,,,,,,,,,,,,,,,,,,,,,,,,,,,,,,,,,,,,,,,,,,,,,,,,
146,PET,LT,#5,#10,GASOLINE_1,1.3497326494599213,3.1347390775589883,61.2866967732363,-0.902126976418574,-0.553393262231695,-36.96766241429857,0.39680771911919666,PS,LT,#3,-,GASOLINE_1,1.1980377062966157,3.1065062442657427,81.59498231407154,-0.3404302953134823,0.3455065200451031,-33.9305168678631,0.5841592717397822,,,PS,SG,#3,-,H2_1,0.7613154612805499,4.585222893016057,71.82709538062574,-0.19895291330997153,-0.4999194784494999,-24.148143899987684,0.6638017481839968,93,,PVC,LT,#1,#7,GASOLINE_1,0.7250284324717332,1.0491429872955307,29.117259774594,-0.4189553365643081,0.2662476675109783,-13.269619194136858,0.5442696429244642,,PET,LT,#4,#7,GASOLINE_1,1.2164471073494123,3.4306586141211444,62.20508143588254,-0.7463106689235982,-0.9107692118976879,-39.375150475089775,0.3670107077076101,93,,,,,,,,,,,,,,,,,,,,,,,,,,,,,,,,,,,,,,,,,,,,,,,,,,,,,,,,,,,,,,,,,,,,,,,,,,,,,,,,,,,,,,,,,,,,,,,,,,,,,,,,,,,,,,,,,,,,,,,,,,,,,,,,,,,,,,,,,,,,,,,,,,,,,,,,,,,,,,,,
147,PET,LT,#5,#11,GASOLINE_1,1.3846539503057025,3.2087268070509465,61.926067639268304,-0.9220861276685802,-0.5873810501208636,-37.553543660652565,0.39357454635405803,PS,LT,#4,-,GASOLINE_1,1.2575485191964075,3.405850334794448,84.65115894010356,-0.3590094897177518,0.11058322721950799,-37.85069208080507,0.5528626831017517,,,PS,SG,#5,-,FT_1,1.291343889075936,8.945633786063095,126.24064627732655,-0.3831306994749546,-5.152720595223425,-90.63309356053682,0.28206091910022985,94,,PVC,LT,#1,#8,GASOLINE_1,0.7560117787108874,1.1253146816719375,30.242116080626,-0.4426755360570316,0.17366117943110168,-14.787268192837915,0.5110372517116591,,PET,LT,#4,#8,GASOLINE_1,1.2712696033065436,3.552933200658376,64.28486993679454,-0.789969602224945,-1.0294572861622882,-41.58823249232241,0.3530634419387899,94,,,,,,,,,,,,,,,,,,,,,,,,,,,,,,,,,,,,,,,,,,,,,,,,,,,,,,,,,,,,,,,,,,,,,,,,,,,,,,,,,,,,,,,,,,,,,,,,,,,,,,,,,,,,,,,,,,,,,,,,,,,,,,,,,,,,,,,,,,,,,,,,,,,,,,,,,,,,,,,,
148,PET,LT,#6,#1,MeOH_1,2.0739145570683153,5.437894747305535,103.90126965878498,-1.2425725718356155,-2.0250708704730016,-54.242778634719016,0.47793921274635043,PS,LT,#5,-,GASOLINE_1,1.2008929920863363,2.8691938242991055,80.2261188692664,-0.34578447738791557,0.8366707180741647,-30.019303764412363,0.6258163278055275,,,PS,SG,#6,-,MeOH_1,0.834815899076663,3.712023133929189,80.9172939450494,-0.12251919947009711,-0.4592289406348875,-42.728847945682034,0.47194418074955613,95,,PVC,LT,#1,#10,GASOLINE_1,0.7595899766198099,1.214266417274807,31.672386014594,-0.45067223843216503,0.05182054269808203,-16.07343586185864,0.49250947325369415,,PET,LT,#4,#9,GASOLINE_1,1.1995762040660556,3.3387182466705854,61.432745597505324,-0.7245453523735054,-0.763485039104135,-38.08620887110119,0.38003407627856683,95,,,,,,,,,,,,,,,,,,,,,,,,,,,,,,,,,,,,,,,,,,,,,,,,,,,,,,,,,,,,,,,,,,,,,,,,,,,,,,,,,,,,,,,,,,,,,,,,,,,,,,,,,,,,,,,,,,,,,,,,,,,,,,,,,,,,,,,,,,,,,,,,,,,,,,,,,,,,,,,,
149,PET,LT,#6,#2,MeOH_1,1.8892517274832785,5.264140024539224,89.364885178785,-1.2221565452168497,-2.435847788302301,-56.075817073003186,0.3725072553854135,PS,LT,#8,-,Aromatics,0.9716423575201695,0.9893069664883944,53.84353192850068,-0.14441157096006535,2.9708031849057353,-9.944629860053043,0.815305023577231,,,PS,SG,#7,-,FT_1,0.9850774366102947,4.806818489557282,85.51616561108138,-0.13620888906560352,-1.01019243081095,-50.10482166644425,0.4140894729270748,96,,PVC,LT,#2,#3,GASOLINE_1,0.8092212495855315,1.24177950673374,30.16942166905365,-0.5232162597130852,0.21120122294341565,-13.719535248115683,0.5452503067969472,,PET,LT,#4,#10,GASOLINE_1,1.2306748949285864,3.6281351631689573,64.67939795076255,-0.7662095035001767,-1.153034143493232,-42.09497921003902,0.34917484479240213,96,,,,,,,,,,,,,,,,,,,,,,,,,,,,,,,,,,,,,,,,,,,,,,,,,,,,,,,,,,,,,,,,,,,,,,,,,,,,,,,,,,,,,,,,,,,,,,,,,,,,,,,,,,,,,,,,,,,,,,,,,,,,,,,,,,,,,,,,,,,,,,,,,,,,,,,,,,,,,,,,
150,PET,LT,#6,#3,MeOH_1,1.5107245842664665,3.8227658388021117,68.50134846117446,-1.0802320166564838,-1.442801179183777,-46.35488063269838,0.32329973534795986,PS,LT,#9,-,Aromatics,1.049269909749129,1.4362888489759162,56.796355064292676,-0.2575309031381859,2.6513901641134003,-12.513511680619457,0.7796775573634199,,,PS,SG,#8,-,H2_1,0.8438987145807866,5.283546527601112,87.63362804431141,-0.23371828612077386,-1.0569942778908483,-40.120411087306316,0.5421801883288493,97,,PVC,LT,#2,#6,Olefin,0.7368629108943655,0.9395349902161503,27.960912678387206,-0.4520807916996456,0.48425949113859573,-11.436026511091809,0.5909995269957175,,PET,LT,#4,#11,GASOLINE_1,1.2545064827055488,3.7021228926609147,65.31876881679453,-0.7750789416813642,-1.1870219313823998,-42.68086045639299,0.3465758582176607,97,,,,,,,,,,,,,,,,,,,,,,,,,,,,,,,,,,,,,,,,,,,,,,,,,,,,,,,,,,,,,,,,,,,,,,,,,,,,,,,,,,,,,,,,,,,,,,,,,,,,,,,,,,,,,,,,,,,,,,,,,,,,,,,,,,,,,,,,,,,,,,,,,,,,,,,,,,,,,,,,
151,PET,LT,#6,#4,MeOH_1,1.9582815074107804,6.239499263425675,101.57737605878498,-1.2886492172122694,-3.512137206900233,-64.22623450692438,0.36771122666374745,PS,OG,#6,-,MeOH_1,0.7431030528661761,1.797987247189005,54.76427531555752,-0.3506422896317421,0.9616615645564947,-34.71805154115923,0.3660456321003034,,,PE,HT,#1,#4,MeOH_1,1.2001738072997745,5.215596496051023,104.9146562657853,-0.35541963677643584,-2.2236388115127803,-58.14104443216192,0.4458253355482532,98,,PVC,LT,#2,#7,GASOLINE_1,0.8000709196896033,1.3362665010451913,32.12431581508447,-0.5162957254301894,0.09527522394247889,-16.172364352949366,0.49656937610620233,,PET,LT,#5,#1,MeOH_1,1.7285953601403174,4.580481228847689,94.54626302729075,-0.8991956428169467,-0.9561250507838285,-43.27357400038806,0.5423026504189049,98,,,,,,,,,,,,,,,,,,,,,,,,,,,,,,,,,,,,,,,,,,,,,,,,,,,,,,,,,,,,,,,,,,,,,,,,,,,,,,,,,,,,,,,,,,,,,,,,,,,,,,,,,,,,,,,,,,,,,,,,,,,,,,,,,,,,,,,,,,,,,,,,,,,,,,,,,,,,,,,,
152,PET,LT,#6,#5,MeOH_1,2.0135770470429617,6.49108640258955,102.95057524481697,-1.3412554308568392,-3.686971471266497,-70.1493882943263,0.3186110118616557,PS,OG,#7,-,FT_1,1.0121529012636852,2.3050951710087197,69.39587467555754,-0.3327906858979968,1.0862351166239999,-44.68298242913264,0.3561147166450979,,,PE,HT,#1,#5,FT_1,1.3290338464878737,6.3945420754465845,112.05916633181731,-0.3957145879778339,-2.9591119376071275,-66.55132633981287,0.406105466261025,99,,PVC,LT,#2,#8,GASOLINE_1,0.8310542659287572,1.4124381954215983,33.249172121116466,-0.5400159249229128,0.0026887358626022937,-17.690013351650418,0.4679562761078332,,PET,LT,#5,#2,FT_1,1.5239656422442764,4.406726506081377,80.00987854729077,-0.8588127278871766,-1.3669019686131274,-45.1066124386722,0.4362369590148619,99,,,,,,,,,,,,,,,,,,,,,,,,,,,,,,,,,,,,,,,,,,,,,,,,,,,,,,,,,,,,,,,,,,,,,,,,,,,,,,,,,,,,,,,,,,,,,,,,,,,,,,,,,,,,,,,,,,,,,,,,,,,,,,,,,,,,,,,,,,,,,,,,,,,,,,,,,,,,,,,,
153,PET,LT,#6,#6,MeOH_1,1.3274964755189393,3.0858410917948174,61.280190279930544,-0.8552919150599791,-0.6580659544849509,-37.667095133822805,0.3853299906257161,PE,HT,#1,#1,MeOH_1,0.9382255306226286,2.64850214340851,75.02553626578532,-0.09843086370702936,0.44984359742782326,-27.133159568503928,0.6383476757515995,,,PE,HT,#1,#8,FT_1,1.0599889608321993,3.523332812530191,83.18128022589968,-0.13409933097935506,-0.09165101005581826,-37.45054653427969,0.5497719386793121,100,,PVC,LT,#2,#9,GASOLINE_1,0.7993945076084972,1.3075091676666792,33.78758716020878,-0.5119460109895714,0.14242228513339222,-17.57018801428278,0.479980978488604,,PET,LT,#5,#3,GASOLINE_1,1.1894831387727614,2.9653523203442655,59.146341829680225,-0.7609328390721078,-0.37385535949460386,-35.38567599836741,0.40172671878397515,100,,,,,,,,,,,,,,,,,,,,,,,,,,,,,,,,,,,,,,,,,,,,,,,,,,,,,,,,,,,,,,,,,,,,,,,,,,,,,,,,,,,,,,,,,,,,,,,,,,,,,,,,,,,,,,,,,,,,,,,,,,,,,,,,,,,,,,,,,,,,,,,,,,,,,,,,,,,,,,,,
154,PET,LT,#6,#7,MeOH_1,1.4235338798171921,3.7946760469690215,68.16738688985053,-0.9683148918691115,-1.380074150325324,-45.217038313680284,0.33667637301771536,PE,HT,#1,#2,FT_1,1.0380375124492096,3.4195076246383236,81.7509647318173,-0.1054665300789938,0.01922371847500205,-35.89749182689154,0.5608921320420784,,,PE,HT,#1,#10,MeOH_1,1.242331124450252,5.561507757584168,109.36027095986766,-0.39520604026646733,-2.561957818892543,-62.614547886003436,0.42744703047616517,101,,PVC,LT,#3,#6,MeOH_1,0.7898364794150191,1.3458878279992963,32.0606229280308,-0.4806531743083627,0.04749971915136143,-15.221436375659435,0.5252295499738642,,PET,LT,#5,#4,MeOH_1,1.5910156667959199,5.3820857449678305,92.22236942729074,-0.9233256445067377,-2.4431913872110607,-53.257029872593414,0.4225150556928391,101,,,,,,,,,,,,,,,,,,,,,,,,,,,,,,,,,,,,,,,,,,,,,,,,,,,,,,,,,,,,,,,,,,,,,,,,,,,,,,,,,,,,,,,,,,,,,,,,,,,,,,,,,,,,,,,,,,,,,,,,,,,,,,,,,,,,,,,,,,,,,,,,,,,,,,,,,,,,,,,,
155,PET,LT,#6,#8,MeOH_1,1.4710886950290578,3.916950633506254,70.24717539076254,-1.0047061444251921,-1.4987622245899248,-47.43012033091295,0.32481099678279757,PE,HT,#1,#3,GASOLINE_1,0.9580108778433636,2.8953461532868157,73.20069846714527,-0.18053510444090048,0.7557794316413152,-22.337576208910896,0.6948447668305148,,,PE,HT,#2,#2,FT_1,1.1187605851980797,3.8714329709829354,86.17668773037731,-0.20621873938117247,-0.2907981681864306,-40.08566855579457,0.5348432434394393,102,,PVC,LT,#5,#6,GASOLINE_1,0.797455989122982,1.2590698660372097,31.734618853582912,-0.4893088759080693,0.2569226393186599,-13.817148436806717,0.5646032964644625,,PET,LT,#5,#5,FT_1,1.6292193655437335,5.633672884131704,93.59556861332275,-0.95884001726694,-2.6180256515773235,-59.180183659995365,0.36770314517250097,102,,,,,,,,,,,,,,,,,,,,,,,,,,,,,,,,,,,,,,,,,,,,,,,,,,,,,,,,,,,,,,,,,,,,,,,,,,,,,,,,,,,,,,,,,,,,,,,,,,,,,,,,,,,,,,,,,,,,,,,,,,,,,,,,,,,,,,,,,,,,,,,,,,,,,,,,,,,,,,,,
156,PET,LT,#6,#9,MeOH_1,1.4142318654785173,3.702735679518464,67.39505105147332,-0.9541184642637004,-1.2327899775317723,-43.92809670969174,0.34819996387952257,PE,HT,#1,#6,Olefin,0.8148819769873671,1.2226337996493795,61.76614021449375,-0.15074658805781183,1.9214336092949411,-17.108815694364196,0.7230065593389706,,,PE,HT,#2,#8,FT_1,1.1407120335810694,3.975258158874802,87.60700322445969,-0.23485154028153404,-0.40167289671725037,-41.638723263182705,0.524710106148714,103,,PVC,LT,#8,#3,Aromatics,0.9745298328314407,0.8090619611975827,24.169410392450715,-0.7424899656756947,0.5984961841114981,-9.102040000622313,0.6234066180006888,,PET,LT,#5,#7,GASOLINE_1,1.14558865292917,2.9372625285111753,58.81238025835629,-0.6923119328904181,-0.31112833063615086,-34.24783367934932,0.41767645640420653,103,,,,,,,,,,,,,,,,,,,,,,,,,,,,,,,,,,,,,,,,,,,,,,,,,,,,,,,,,,,,,,,,,,,,,,,,,,,,,,,,,,,,,,,,,,,,,,,,,,,,,,,,,,,,,,,,,,,,,,,,,,,,,,,,,,,,,,,,,,,,,,,,,,,,,,,,,,,,,,,,
157,PET,LT,#6,#10,MeOH_1,1.4545254691542375,3.9921525960168336,70.64170340473053,-1.004977528203561,-1.622339081920867,-47.93686704862955,0.3214083928018722,PE,HT,#1,#7,MeOH_1,0.9408851512069905,2.6920431149875914,76.0405189598677,-0.10181807632427933,0.43682740745089027,-28.579990058033534,0.6241478826161438,,,PE,HT,#3,#1,MeOH_1,1.095696338331415,3.801409519169051,86.6665201561461,-0.24082366380259543,-0.5544794415007186,-37.4351585487197,0.5680551326939954,104,,PVC,LT,#8,#6,Aromatics,0.9021714941402753,0.5068174446799933,21.960901401784263,-0.6713544976622557,0.8715544523066774,-6.818531263598431,0.6895149639420336,,PET,LT,#5,#8,GASOLINE_1,1.200411148886301,3.059537115048408,60.8921687592683,-0.7359708661917644,-0.429816404900752,-36.46091569658198,0.4012215948371469,104,,,,,,,,,,,,,,,,,,,,,,,,,,,,,,,,,,,,,,,,,,,,,,,,,,,,,,,,,,,,,,,,,,,,,,,,,,,,,,,,,,,,,,,,,,,,,,,,,,,,,,,,,,,,,,,,,,,,,,,,,,,,,,,,,,,,,,,,,,,,,,,,,,,,,,,,,,,,,,,,
158,PET,LT,#6,#11,MeOH_1,1.4894467700000185,4.066140325508792,71.28107427076255,-1.0249366794535673,-1.6563268698100364,-48.522748294983536,0.3192758555985149,PE,HT,#1,#9,GASOLINE_1,0.9809469747672546,2.937975459696716,74.93275572773791,-0.191665366364591,0.7394459086226853,-23.278339812812646,0.6893436043191498,,,PE,HT,#3,#2,FT_1,1.195508320157996,4.572415000398865,93.39194862217806,-0.24785933017455972,-0.9850993204535404,-46.19949080710727,0.5053161274746533,105,,PVC,LT,#8,#7,Aromatics,0.965379502935513,0.9035489555090339,26.124304538481525,-0.7355694313927995,0.48257018511056116,-11.55486910545599,0.5576965852455333,,PET,LT,#5,#9,GASOLINE_1,1.1287177496458132,2.8453221610606168,58.040044419979075,-0.670546616340325,-0.16384415784259884,-32.95889207536075,0.4321353058093915,105,,,,,,,,,,,,,,,,,,,,,,,,,,,,,,,,,,,,,,,,,,,,,,,,,,,,,,,,,,,,,,,,,,,,,,,,,,,,,,,,,,,,,,,,,,,,,,,,,,,,,,,,,,,,,,,,,,,,,,,,,,,,,,,,,,,,,,,,,,,,,,,,,,,,,,,,,,,,,,,,
159,PET,LT,#7,#1,MeOH_1,2.117380059188885,5.774060172862067,105.76197684481699,-1.270900167364525,-2.2638264405395003,-56.415058335934354,0.46658468365515376,PE,HT,#2,#1,MeOH_1,1.0189486033714998,3.100427489753121,79.45125926434532,-0.1991830730092093,0.13982171076639116,-31.321336297406972,0.6057792338671869,,,PE,HT,#3,#3,H2_1,1.11548168555215,4.048253529047357,84.84168235750604,-0.3229279045364666,-0.24854360728722663,-32.63957518912663,0.6152884492366626,106,,PVC,LT,#8,#8,Aromatics,0.996362849174667,0.9797206498854423,27.249160844513522,-0.7592896308855231,0.38998369703068314,-13.072518104157043,0.5202597915308234,,PET,LT,#5,#10,GASOLINE_1,1.1598164405083438,3.1347390775589883,61.2866967732363,-0.7122107674669962,-0.553393262231695,-36.96766241429857,0.39680771911919666,106,,,,,,,,,,,,,,,,,,,,,,,,,,,,,,,,,,,,,,,,,,,,,,,,,,,,,,,,,,,,,,,,,,,,,,,,,,,,,,,,,,,,,,,,,,,,,,,,,,,,,,,,,,,,,,,,,,,,,,,,,,,,,,,,,,,,,,,,,,,,,,,,,,,,,,,,,,,,,,,,
160,PET,LT,#7,#2,FT_1,1.9327172296038488,5.600305450095756,91.225592364817,-1.2504841407457592,-2.6746033583688003,-58.248096774218496,0.361493904678847,PE,HT,#2,#3,H2_1,1.0387339505922335,3.347271499631427,77.62642146570528,-0.28128731374307936,0.44575754497988285,-26.52575293781393,0.6582896333881268,,,PE,HT,#3,#7,MeOH_1,1.0983559589157765,3.844950490748131,87.6815028502285,-0.2442108764198454,-0.5674956314776501,-38.88198903824931,0.556554258602697,107,,PVC,LT,#8,#9,Aromatics,0.9647030908544065,0.8747916221305223,27.787575883605843,-0.7312197169521811,0.5297172463014739,-12.952692766789408,0.533867480162915,,PET,LT,#5,#11,GASOLINE_1,1.1836480282853061,3.2087268070509465,61.926067639268304,-0.7210802056481839,-0.5873810501208636,-37.553543660652565,0.39357454635405803,107,,,,,,,,,,,,,,,,,,,,,,,,,,,,,,,,,,,,,,,,,,,,,,,,,,,,,,,,,,,,,,,,,,,,,,,,,,,,,,,,,,,,,,,,,,,,,,,,,,,,,,,,,,,,,,,,,,,,,,,,,,,,,,,,,,,,,,,,,,,,,,,,,,,,,,,,,,,,,,,,
161,PET,LT,#7,#3,GASOLINE_1,1.5541900863870364,4.158931264358644,70.36205564720646,-1.1085596121853933,-1.681556749250276,-48.5271603339137,0.31032202104458645,PE,HT,#2,#6,Olefin,0.895605049736238,1.67455914599399,66.19186321305375,-0.2514987973599912,1.6114117226335094,-21.296992423267234,0.6782536192595462,,,PE,HT,#3,#8,FT_1,1.2174597685409856,4.676240188290731,94.82226411626047,-0.276492131074921,-1.0959740489843592,-47.75254551449544,0.49639943783722984,108,,PVC,LT,#8,#10,Aromatics,0.9999410470835889,1.0686723854883107,28.679430778481528,-0.7672863332606559,0.2681430602976647,-14.358685773177774,0.4993385369436536,,PET,LT,#6,#1,MeOH_1,1.8148508801458418,5.437894747305535,103.90126965878498,-0.9835088949131422,-2.0250708704730016,-54.242778634719016,0.47793921274635043,108,,,,,,,,,,,,,,,,,,,,,,,,,,,,,,,,,,,,,,,,,,,,,,,,,,,,,,,,,,,,,,,,,,,,,,,,,,,,,,,,,,,,,,,,,,,,,,,,,,,,,,,,,,,,,,,,,,,,,,,,,,,,,,,,,,,,,,,,,,,,,,,,,,,,,,,,,,,,,,,,
162,PET,LT,#7,#4,MeOH_1,2.0017470095313508,6.575664688982209,103.43808324481695,-1.3169768127411794,-3.7508927769667326,-66.39851420813967,0.3580844489259545,PE,HT,#2,#7,MeOH_1,1.0216082239558606,3.143968461332202,80.4662419584277,-0.2025702856264583,0.12680552078945845,-32.76816678693659,0.5927712542625512,,,PE,HT,#3,#9,H2_1,1.138417782476041,4.090882835457257,86.57373961809868,-0.33405816646015724,-0.26487713030585647,-33.580338793028396,0.612118652363167,109,,PVC,LT,#8,#11,Aromatics,1.0140966943387888,1.1572325170097002,29.154397820513523,-0.7760498299425882,0.20776809583877118,-14.993901232280832,0.48570705097085315,,PET,LT,#6,#2,MeOH_1,1.6102211622498,5.264140024539224,89.364885178785,-0.9431259799833709,-2.435847788302301,-56.075817073003186,0.3725072553854135,109,,,,,,,,,,,,,,,,,,,,,,,,,,,,,,,,,,,,,,,,,,,,,,,,,,,,,,,,,,,,,,,,,,,,,,,,,,,,,,,,,,,,,,,,,,,,,,,,,,,,,,,,,,,,,,,,,,,,,,,,,,,,,,,,,,,,,,,,,,,,,,,,,,,,,,,,,,,,,,,,
163,PET,LT,#7,#5,FT_1,2.0570425491635325,6.827251828146084,104.81128243084898,-1.3695830263857494,-3.925727041332997,-72.32166799554165,0.30998203324859536,PE,HT,#2,#9,H2_1,1.0616700475161247,3.3899008060413265,79.35847872629789,-0.2924175756667698,0.42942402196125357,-27.466516541715674,0.6538931065394303,,,PE,HT,#4,#1,MeOH_1,1.140134009835994,3.98800386807172,88.8766649421781,-0.26408194628238374,-0.7228872024524924,-40.537761999890186,0.5438874531772374,110,,PVC,LT,#9,#3,Aromatics,1.0391533265015989,1.1068309460763137,26.312149232450714,-0.8158324695447376,0.3200702188042356,-11.363568363703846,0.5681246612234478,,PET,LT,#6,#3,MeOH_1,1.2757386587782849,3.8227658388021117,68.50134846117446,-0.8452460911683023,-1.442801179183777,-46.35488063269838,0.32329973534795986,110,,,,,,,,,,,,,,,,,,,,,,,,,,,,,,,,,,,,,,,,,,,,,,,,,,,,,,,,,,,,,,,,,,,,,,,,,,,,,,,,,,,,,,,,,,,,,,,,,,,,,,,,,,,,,,,,,,,,,,,,,,,,,,,,,,,,,,,,,,,,,,,,,,,,,,,,,,,,,,,,
164,PET,LT,#7,#6,GASOLINE_1,1.3709619776395097,3.4220065173513494,63.140897465962524,-0.8836195105888893,-0.8968215245514494,-39.83937483503811,0.3690400923345382,PE,HT,#3,#6,Olefin,0.9723527846961533,2.375541175409921,73.40712410485453,-0.29313938815337753,0.9171105703663986,-27.41081467457996,0.6265919008701877,,,PE,HT,#4,#2,FT_1,1.239945991662575,4.759009349301534,95.60209340821008,-0.27111761265434825,-1.1535070814053139,-49.30209425827779,0.48429900956495336,111,,PVC,LT,#9,#6,Aromatics,0.9667949878104338,0.8045864295587245,24.10364024178426,-0.7446970015312988,0.5931284869994151,-9.080059626679967,0.6232909413019093,,PET,LT,#6,#4,MeOH_1,1.677271186801445,6.239499263425675,101.57737605878498,-1.0076388966029337,-3.512137206900233,-64.22623450692438,0.36771122666374745,111,,,,,,,,,,,,,,,,,,,,,,,,,,,,,,,,,,,,,,,,,,,,,,,,,,,,,,,,,,,,,,,,,,,,,,,,,,,,,,,,,,,,,,,,,,,,,,,,,,,,,,,,,,,,,,,,,,,,,,,,,,,,,,,,,,,,,,,,,,,,,,,,,,,,,,,,,,,,,,,,
165,PET,LT,#7,#7,GASOLINE_1,1.4669993819377627,4.130841472525554,70.02809407588254,-0.9966424873980219,-1.6188297203918225,-47.3893180148956,0.32328133957859145,PE,HT,#4,#6,Olefin,1.0167904562007326,2.5621355243125903,75.61726889088652,-0.31639767063316626,0.7487028094146249,-30.51341812575045,0.5964755329925971,,,PE,HT,#4,#3,H2_1,1.159919357056729,4.234847877950025,87.05182714353805,-0.3461861870162551,-0.41695136823900014,-35.74217864029715,0.5894149518382588,112,,PVC,LT,#9,#7,Aromatics,1.030002996605671,1.201317940387765,28.267043378481528,-0.8089119352618425,0.20414421980329872,-13.816397468537524,0.5112188677272365,,PET,LT,#6,#5,MeOH_1,1.7154748855492585,6.49108640258955,102.95057524481697,-1.043153269363136,-3.686971471266497,-70.1493882943263,0.3186110118616557,112,,,,,,,,,,,,,,,,,,,,,,,,,,,,,,,,,,,,,,,,,,,,,,,,,,,,,,,,,,,,,,,,,,,,,,,,,,,,,,,,,,,,,,,,,,,,,,,,,,,,,,,,,,,,,,,,,,,,,,,,,,,,,,,,,,,,,,,,,,,,,,,,,,,,,,,,,,,,,,,,
166,PET,LT,#7,#8,GASOLINE_1,1.5145541971496281,4.253116059062787,72.10788257679452,-1.033033739954102,-1.737517794656424,-49.602400032128266,0.31210849272543884,PE,HT,#5,#3,H2_1,1.121514062345955,3.834875797914876,83.9680504798488,-0.32709382098209927,0.10261493153553575,-30.48176517073641,0.6369837694629862,,,PE,HT,#4,#7,MeOH_1,1.1427936304203559,4.031544839650801,89.89164763626049,-0.267469158899634,-0.7359033924294248,-41.9845924894198,0.5329422299688268,113,,PVC,LT,#9,#8,Aromatics,1.060986342844825,1.2774896347641733,29.391899684513525,-0.8326321347545657,0.11155773172342077,-15.334046467238581,0.4782900516186088,,PET,LT,#6,#6,MeOH_1,1.127376961709713,3.0858410917948174,61.280190279930544,-0.6551724012507526,-0.6580659544849509,-37.667095133822805,0.3853299906257161,113,,,,,,,,,,,,,,,,,,,,,,,,,,,,,,,,,,,,,,,,,,,,,,,,,,,,,,,,,,,,,,,,,,,,,,,,,,,,,,,,,,,,,,,,,,,,,,,,,,,,,,,,,,,,,,,,,,,,,,,,,,,,,,,,,,,,,,,,,,,,,,,,,,,,,,,,,,,,,,,,
167,PET,LT,#7,#9,GASOLINE_1,1.4576973675990879,4.038901105074996,69.25575823750532,-0.9824460597926106,-1.4715455475982708,-46.10037641090703,0.3343459434403901,PE,HT,#5,#6,Olefin,0.9783851614899588,2.1621634442774402,72.53349222719729,-0.2973053045990108,1.2682691091891616,-25.25300465618971,0.6518435293713764,,,PE,HT,#4,#8,FT_1,1.261897440045565,4.862834537193401,97.03240890229247,-0.29975041355470994,-1.264381809936134,-50.85514896566594,0.4758952236579541,114,,PVC,LT,#9,#9,Aromatics,1.0293265845245647,1.172560607009253,29.93031472360584,-0.8045622208212242,0.25129128099421205,-15.214221129870939,0.49167854496793567,,PET,LT,#6,#7,MeOH_1,1.2318441729346945,3.7946760469690215,68.16738688985053,-0.7766251849866136,-1.380074150325324,-45.217038313680284,0.33667637301771536,114,,,,,,,,,,,,,,,,,,,,,,,,,,,,,,,,,,,,,,,,,,,,,,,,,,,,,,,,,,,,,,,,,,,,,,,,,,,,,,,,,,,,,,,,,,,,,,,,,,,,,,,,,,,,,,,,,,,,,,,,,,,,,,,,,,,,,,,,,,,,,,,,,,,,,,,,,,,,,,,,
168,PET,LT,#7,#10,GASOLINE_1,1.4979909712748078,4.328318021573367,72.50241059076252,-1.0333051237324706,-1.8610946519873672,-50.109146749844854,0.3088623351755256,PE,HT,#5,#9,H2_1,1.1444501592698464,3.8775051043247766,85.70010774044141,-0.33822408290579037,0.0862814085169056,-31.42252877463815,0.633343182370236,,,PE,HT,#4,#9,H2_1,1.1828554539806198,4.277477184359926,88.78388440413069,-0.35731644893994524,-0.4332848912576303,-36.682942244198905,0.5868288204509756,115,,PVC,HT,#6,-,Olefin,0.7390027274849108,0.9300354309496947,27.314703188434244,-0.49974337136422464,0.3644065323998296,-13.010471285016324,0.5236824945428916,,PET,LT,#6,#8,MeOH_1,1.2866666688918251,3.916950633506254,70.24717539076254,-0.8202841182879597,-1.4987622245899248,-47.43012033091295,0.32481099678279757,115,,,,,,,,,,,,,,,,,,,,,,,,,,,,,,,,,,,,,,,,,,,,,,,,,,,,,,,,,,,,,,,,,,,,,,,,,,,,,,,,,,,,,,,,,,,,,,,,,,,,,,,,,,,,,,,,,,,,,,,,,,,,,,,,,,,,,,,,,,,,,,,,,,,,,,,,,,,,,,,,
169,PET,LT,#7,#11,GASOLINE_1,1.532912272120589,4.402305751065325,73.14178145679453,-1.0532642749824777,-1.8950824398765356,-50.69502799619885,0.3068937208462057,PE,HT,#6,#6,Olefin,1.0356797625845926,2.5799956473106005,77.44624954485452,-0.3505652271206523,0.6131338845560896,-31.9812165719261,0.5870527396758761,,,PE,HT,#5,#1,MeOH_1,1.1017287151252202,3.588031788036571,85.79288827848882,-0.24498958024822828,-0.20332090267795652,-35.27734853032943,0.5888080091695123,116,,PVC,HT,#9,-,DIESEL_1,0.8373916517266944,1.3505852995980459,32.74460344552127,-0.5425622470871334,0.16120804221140161,-16.122304831733747,0.507634750912248,,PET,LT,#6,#9,MeOH_1,1.2149732696513376,3.702735679518464,67.39505105147332,-0.7548598684365202,-1.2327899775317723,-43.92809670969174,0.34819996387952257,116,,,,,,,,,,,,,,,,,,,,,,,,,,,,,,,,,,,,,,,,,,,,,,,,,,,,,,,,,,,,,,,,,,,,,,,,,,,,,,,,,,,,,,,,,,,,,,,,,,,,,,,,,,,,,,,,,,,,,,,,,,,,,,,,,,,,,,,,,,,,,,,,,,,,,,,,,,,,,,,,
170,PET,LT,#8,#1,MeOH_1,1.8582034134342977,3.9771322812065266,87.56009014699006,-0.8974763255751872,0.07671717739734739,-36.05954504958268,0.5881737331580139,PE,HT,#7,#6,Olefin,1.0813861132595628,2.9608563124066136,79.54423674485453,-0.37865299920113005,0.34541512570658117,-34.422363575269,0.5672550899484785,,,PE,HT,#5,#2,FT_1,1.2015406969518012,4.359037269266385,92.51831674452082,-0.25202524662019243,-0.6339407816307786,-44.04168078871703,0.5239679845199379,117,,PVC,LT,#6,-,Olefin,0.72339462241826,0.8738956303762108,27.388471762067198,-0.45347946929547556,0.4878849720008595,-11.279109817624244,0.5881803878796291,,PET,LT,#6,#10,MeOH_1,1.246071960513868,3.9921525960168336,70.64170340473053,-0.7965240195631915,-1.622339081920867,-47.93686704862955,0.3214083928018722,117,,,,,,,,,,,,,,,,,,,,,,,,,,,,,,,,,,,,,,,,,,,,,,,,,,,,,,,,,,,,,,,,,,,,,,,,,,,,,,,,,,,,,,,,,,,,,,,,,,,,,,,,,,,,,,,,,,,,,,,,,,,,,,,,,,,,,,,,,,,,,,,,,,,,,,,,,,,,,,,,
171,PET,LT,#8,#2,BA_1,1.6735405838492616,3.803377558440216,73.02370566699008,-0.8770602989564216,-0.3340597404319531,-37.89258348786682,0.48109202153245506,PE,HT,#8,#1,MeOH_1,1.1561195083343379,2.5542805057189133,69.85554424468637,-0.35887877245745614,0.606220688915703,-22.170698490986954,0.6826207750478819,,,PE,HT,#5,#7,MeOH_1,1.1043883357095816,3.631572759615652,86.8078709725712,-0.2483767928654781,-0.2163370926548895,-36.724179019859044,0.5769487419929602,118,,PVC,LT,#9,-,GASOLINE_1,0.829444034519977,1.4778078318672243,34.84848415068449,-0.5186556840928769,0.06697213800768584,-17.36683855197812,0.501647231572998,,PET,LT,#6,#11,MeOH_1,1.2699035482908305,4.066140325508792,71.28107427076255,-0.8053934577443792,-1.6563268698100364,-48.522748294983536,0.3192758555985149,118,,,,,,,,,,,,,,,,,,,,,,,,,,,,,,,,,,,,,,,,,,,,,,,,,,,,,,,,,,,,,,,,,,,,,,,,,,,,,,,,,,,,,,,,,,,,,,,,,,,,,,,,,,,,,,,,,,,,,,,,,,,,,,,,,,,,,,,,,,,,,,,,,,,,,,,,,,,,,,,,
172,PET,LT,#8,#3,BA_1,1.2950134406324492,2.3620033727031036,52.160168949379546,-0.7351357703960554,0.6589868686865723,-28.17164704756204,0.45990115417566824,PE,HT,#8,#2,FT_1,1.2559314901609178,3.3252859869487272,76.58097271071836,-0.3659144388294193,0.17560080996288122,-30.93503074937455,0.5960480827759863,,,PE,HT,#5,#8,FT_1,1.223492145334791,4.462862457158252,93.9486322386032,-0.2806580475205543,-0.7448155101615981,-45.59473549610519,0.5146844141348718,119,,PVC,OG,#2,-,FT_1,0.9337356570163305,1.5731123734529633,34.18456922007874,-0.5159479417126693,0.034474138007640986,-17.552159480001077,0.48654729661792584,,PET,LT,#7,#1,MeOH_1,1.8559329276503977,5.774060172862067,105.76197684481699,-1.0094530358260376,-2.2638264405395003,-56.415058335934354,0.46658468365515376,119,,,,,,,,,,,,,,,,,,,,,,,,,,,,,,,,,,,,,,,,,,,,,,,,,,,,,,,,,,,,,,,,,,,,,,,,,,,,,,,,,,,,,,,,,,,,,,,,,,,,,,,,,,,,,,,,,,,,,,,,,,,,,,,,,,,,,,,,,,,,,,,,,,,,,,,,,,,,,,,,
173,PET,LT,#8,#4,MeOH_1,1.742570363776763,4.778736797326668,85.23619654699007,-0.9435529709518409,-1.410349159029885,-46.04300092178804,0.45981868282443966,PE,HT,#8,#6,Olefin,1.032775954699076,1.1284121619597827,56.596148193394804,-0.4111944968082383,2.0778107007828206,-12.146354616847214,0.7853854899216482,,,PE,HT,#6,#1,MeOH_1,1.159023316219854,4.005863991069731,90.70564559614611,-0.29824950276986983,-0.8584561273110279,-42.00556044606586,0.5369024698518811,120,,PVC,OG,#3,-,H2_1,0.6575427532646789,1.0572215858264429,23.556914238371533,-0.5097524240393976,0.3006275705422804,-14.281109134366208,0.39376146680943863,,PET,LT,#7,#2,FT_1,1.6513032097543567,5.600305450095756,91.225592364817,-0.9690701208962673,-2.6746033583688003,-58.248096774218496,0.361493904678847,120,,,,,,,,,,,,,,,,,,,,,,,,,,,,,,,,,,,,,,,,,,,,,,,,,,,,,,,,,,,,,,,,,,,,,,,,,,,,,,,,,,,,,,,,,,,,,,,,,,,,,,,,,,,,,,,,,,,,,,,,,,,,,,,,,,,,,,,,,,,,,,,,,,,,,,,,,,,,,,,,
174,PET,LT,#8,#5,BA_1,1.797865903408944,5.030323936490542,86.60939573302205,-0.9961591845964105,-1.5851834233961475,-51.96615470918996,0.39999402756049324,PE,HT,#8,#7,MeOH_1,1.1587791289186995,2.5978214772979946,70.87052693876873,-0.3622659850747063,0.59320449893877,-23.617528980516557,0.6667510458766334,,,PE,HT,#6,#2,FT_1,1.2588352980464346,4.776869472299544,97.43107406217808,-0.305285169141834,-1.2890760062638489,-50.76989270445344,0.47891477956967443,121,,PVC,OG,#6,-,MeOH_1,0.6364548429208313,0.8107699049045326,19.950742104113978,-0.4835966046663004,0.299151319952829,-11.985859224907276,0.3992273990431809,,PET,LT,#7,#3,GASOLINE_1,1.3168207062828403,4.158931264358644,70.36205564720646,-0.8711902320811974,-1.681556749250276,-48.5271603339137,0.31032202104458645,121,,,,,,,,,,,,,,,,,,,,,,,,,,,,,,,,,,,,,,,,,,,,,,,,,,,,,,,,,,,,,,,,,,,,,,,,,,,,,,,,,,,,,,,,,,,,,,,,,,,,,,,,,,,,,,,,,,,,,,,,,,,,,,,,,,,,,,,,,,,,,,,,,,,,,,,,,,,,,,,,
175,PET,LT,#8,#6,BA_1,1.111785331884922,1.6250786256958085,44.93901076813562,-0.5101956687995507,1.443722093385399,-19.483861548686455,0.5664376848610639,PE,HT,#8,#8,FT_1,1.2778829385439086,3.4291111748405934,78.01128820480074,-0.39454723972978173,0.06472608143206239,-32.48808545676271,0.5835463532986059,,,PE,HT,#6,#3,MeOH_1,1.1788086634405888,4.252708000948036,88.88080779750605,-0.38035374350374074,-0.5525202930975354,-37.20997708647279,0.5813496973244556,122,,PVC,OG,#7,-,FT_1,0.80607931009735,1.1364751347160191,28.94746530411398,-0.5160774105750703,0.2827355423239243,-17.985920508087162,0.37867028013913795,,PET,LT,#7,#4,MeOH_1,1.7183532343060002,6.575664688982209,103.43808324481695,-1.0335830375158288,-3.7508927769667326,-66.39851420813967,0.3580844489259545,122,,,,,,,,,,,,,,,,,,,,,,,,,,,,,,,,,,,,,,,,,,,,,,,,,,,,,,,,,,,,,,,,,,,,,,,,,,,,,,,,,,,,,,,,,,,,,,,,,,,,,,,,,,,,,,,,,,,,,,,,,,,,,,,,,,,,,,,,,,,,,,,,,,,,,,,,,,,,,,,,
176,PET,LT,#8,#7,BA_1,1.2078227361831755,2.3339135808700133,51.82620737805562,-0.6232186456086836,0.7217138975450254,-27.033804728543952,0.4783757852211529,PE,LT,#1,#1,JET FUEL_1,1.0208209466018558,1.8012461523060475,85.93895404236105,-0.2220634245547356,1.0603780880003755,-42.6684260212392,0.5035030796371216,,,PE,HT,#6,#7,MeOH_1,1.1616829368042159,4.049404962648811,91.72062829022846,-0.3016367153871198,-0.8714723172879604,-43.45239093559545,0.5262527989003681,123,,PVC,OG,#8,-,H2_1,0.662618438366728,1.0210180681126837,24.934495810327896,-0.5034227343676435,0.3595211945212359,-15.23380217648736,0.3890471139914728,,PET,LT,#7,#5,FT_1,1.7565569330538142,6.827251828146084,104.81128243084898,-1.0690974102760311,-3.925727041332997,-72.32166799554165,0.30998203324859536,123,,,,,,,,,,,,,,,,,,,,,,,,,,,,,,,,,,,,,,,,,,,,,,,,,,,,,,,,,,,,,,,,,,,,,,,,,,,,,,,,,,,,,,,,,,,,,,,,,,,,,,,,,,,,,,,,,,,,,,,,,,,,,,,,,,,,,,,,,,,,,,,,,,,,,,,,,,,,,,,,
177,PET,LT,#8,#8,BA_1,1.255377551395041,2.4561881674072454,53.90599587896763,-0.6596098981647641,0.6030258232804246,-29.24688674577661,0.45744649980230123,PE,LT,#1,#2,JET FUEL_1,1.0750823110295329,1.9342877922791002,88.22770972236106,-0.2619225993670872,0.937088153357767,-44.64723677153369,0.4939544853648401,,,PE,HT,#6,#8,FT_1,1.2807867464294251,4.880694660191411,98.86138955626048,-0.333917970042196,-1.399950734794669,-52.32294741184159,0.47074436595830543,124,,PS,HT,#8,-,WAX_1,1.0404715041967763,1.0924503298271817,55.65288202818166,-0.5367900677884326,2.3390982530782036,-16.817573489786042,0.6978130713649311,,PET,LT,#7,#6,GASOLINE_1,1.1684590092142684,3.4220065173513494,63.140897465962524,-0.681116542163648,-0.8968215245514494,-39.83937483503811,0.3690400923345382,124,,,,,,,,,,,,,,,,,,,,,,,,,,,,,,,,,,,,,,,,,,,,,,,,,,,,,,,,,,,,,,,,,,,,,,,,,,,,,,,,,,,,,,,,,,,,,,,,,,,,,,,,,,,,,,,,,,,,,,,,,,,,,,,,,,,,,,,,,,,,,,,,,,,,,,,,,,,,,,,,
178,PET,LT,#8,#9,BA_1,1.1985207218445002,2.2419732134194548,51.053871539678404,-0.609022218003272,0.8689980703385775,-25.744863124555383,0.4957314235307932,PE,LT,#1,#3,JET FUEL_1,1.009243802525226,1.659681237794016,85.18809967712112,-0.2072103562370529,1.2068877647320186,-41.80356270467354,0.5092793140929673,,,PE,HT,#6,#9,MeOH_1,1.20174476036448,4.295337307357937,90.61286505809869,-0.39148400542743134,-0.5688538161161664,-38.150740690374576,0.5789699325155067,125,,PS,HT,#9,-,WAX_1,1.1031784944494087,1.494936192884302,57.79364694794164,-0.6078715518272759,1.977565828986106,-18.70128081979859,0.6764128618385338,,PET,LT,#7,#7,GASOLINE_1,1.2729262204392497,4.130841472525554,70.02809407588254,-0.8025693258995086,-1.6188297203918225,-47.3893180148956,0.32328133957859145,125,,,,,,,,,,,,,,,,,,,,,,,,,,,,,,,,,,,,,,,,,,,,,,,,,,,,,,,,,,,,,,,,,,,,,,,,,,,,,,,,,,,,,,,,,,,,,,,,,,,,,,,,,,,,,,,,,,,,,,,,,,,,,,,,,,,,,,,,,,,,,,,,,,,,,,,,,,,,,,,,
179,PET,LT,#8,#10,BA_1,1.2388143255202204,2.531390129917826,54.30052389293563,-0.6598812819431326,0.4794489659494811,-29.75363346349321,0.452056235734328,PE,LT,#1,#4,JET FUEL_1,1.014704828809138,1.701062754984243,85.29365191436105,-0.21513485604330682,1.1298015553218062,-42.22090779440315,0.5049935505540906,,,PE,HT,#7,#1,MeOH_1,1.2047296668948242,4.386724656165745,92.80363279614609,-0.32633727485034725,-1.1261748861605367,-44.44670744940874,0.5210671596548265,126,,PS,OG,#3,-,H2_1,0.7542184175295272,2.2029270169541793,53.75784738839299,-0.4225773627629426,1.0469255441072345,-29.390141099354043,0.4532864962576654,,PET,LT,#7,#8,GASOLINE_1,1.327748716396381,4.253116059062787,72.10788257679452,-0.8462282592008552,-1.737517794656424,-49.602400032128266,0.31210849272543884,126,,,,,,,,,,,,,,,,,,,,,,,,,,,,,,,,,,,,,,,,,,,,,,,,,,,,,,,,,,,,,,,,,,,,,,,,,,,,,,,,,,,,,,,,,,,,,,,,,,,,,,,,,,,,,,,,,,,,,,,,,,,,,,,,,,,,,,,,,,,,,,,,,,,,,,,,,,,,,,,,
180,PET,LT,#8,#11,BA_1,1.273735626366002,2.6053778594097845,54.939894758967625,-0.6798404331931395,0.44546117806031227,-30.339514709847197,0.44776896928993487,PE,LT,#1,#5,JET FUEL_1,1.0687511367289082,1.9351105373261455,88.51553916236105,-0.24942269983168458,0.9518077727511357,-44.57029244536363,0.49646928813696933,,,PE,HT,#7,#2,FT_1,1.3045416487214043,5.157730137395559,99.52906126217808,-0.3333729412223106,-1.556794765113359,-53.21103970779634,0.4653718317745554,127,,PS,OG,#8,-,H2_1,0.7765837352341766,2.4500280477675824,62.7802188715777,-0.42204210374331014,0.8652215176195511,-39.24311223399574,0.3749127840049287,,PET,LT,#7,#9,GASOLINE_1,1.2560553171558932,4.038901105074996,69.25575823750532,-0.7808040093494156,-1.4715455475982708,-46.10037641090703,0.3343459434403901,127,,,,,,,,,,,,,,,,,,,,,,,,,,,,,,,,,,,,,,,,,,,,,,,,,,,,,,,,,,,,,,,,,,,,,,,,,,,,,,,,,,,,,,,,,,,,,,,,,,,,,,,,,,,,,,,,,,,,,,,,,,,,,,,,,,,,,,,,,,,,,,,,,,,,,,,,,,,,,,,,
181,PET,HT,#1,-,GASOLINE_1,1.509373231687877,3.58871522247271,56.46658603861327,-0.9896126142780163,-0.952412812136147,-25.34410311200099,0.5511663642163517,PE,LT,#1,#6,JET FUEL_1,0.9656871356227046,1.4614595453091217,82.40852001838132,-0.16849297064537339,1.3856804243520702,-39.25532596855417,0.5236496668087448,,,PE,HT,#7,#3,H2_1,1.2245150141155583,4.63356866604405,90.97879499750604,-0.40844151558421754,-0.820239051947045,-39.651124089815696,0.564171804090144,128,,PE,HT,#8,#3,DIESEL_1,1.1759048555550726,2.801124515597219,68.03070644604632,-0.44098301319132716,0.9121565231291949,-17.375115131393922,0.7445989312903322,,PET,LT,#7,#10,GASOLINE_1,1.2871540080184238,4.328318021573367,72.50241059076252,-0.8224681604760868,-1.8610946519873672,-50.109146749844854,0.3088623351755256,128,,,,,,,,,,,,,,,,,,,,,,,,,,,,,,,,,,,,,,,,,,,,,,,,,,,,,,,,,,,,,,,,,,,,,,,,,,,,,,,,,,,,,,,,,,,,,,,,,,,,,,,,,,,,,,,,,,,,,,,,,,,,,,,,,,,,,,,,,,,,,,,,,,,,,,,,,,,,,,,,
182,PET,HT,#2,-,GASOLINE_1,1.7110415538392896,3.785365574786772,62.48475565952527,-1.138006923806477,-1.258987781531604,-35.67072035903042,0.4291292334822035,PE,LT,#1,#7,JET FUEL_1,1.0047249099996234,1.6891049218547163,85.10287232490226,-0.2035811937429955,1.1716431594474432,-41.63072035906584,0.5108188569696005,,,PE,HT,#7,#7,MeOH_1,1.2073892874791847,4.430265627744825,93.81861549022848,-0.32972448746759614,-1.1391910761374697,-45.893537938938344,0.5108269537006938,129,,PE,HT,#8,#9,DIESEL_1,1.1988409524789636,2.8437538220071192,69.76276370663895,-0.45211327511501764,0.8958230001105651,-18.315878735295666,0.7374548002095187,,PET,LT,#7,#11,GASOLINE_1,1.310985595795386,4.402305751065325,73.14178145679453,-0.8313375986572744,-1.8950824398765356,-50.69502799619885,0.3068937208462057,129,,,,,,,,,,,,,,,,,,,,,,,,,,,,,,,,,,,,,,,,,,,,,,,,,,,,,,,,,,,,,,,,,,,,,,,,,,,,,,,,,,,,,,,,,,,,,,,,,,,,,,,,,,,,,,,,,,,,,,,,,,,,,,,,,,,,,,,,,,,,,,,,,,,,,,,,,,,,,,,,
183,PET,HT,#3,-,GASOLINE_1,1.5021080717147366,3.682607406020469,58.43408097958268,-0.9719985571015087,-0.914430538443535,-27.10736680000311,0.5361034802707921,PE,LT,#1,#8,JET FUEL_1,1.0403581087349971,1.7915585061670118,86.3143726309343,-0.23530720204447503,1.0600286575130315,-42.73500319638165,0.5048912261795689,,,PE,HT,#7,#8,FT_1,1.3264930971043938,5.261555325287425,100.9593767562605,-0.3620057421226721,-1.6676694936441776,-54.76409441518451,0.4575630696750652,130,,PE,HT,#9,#1,MeOH_1,1.237745652538946,2.9726208563675542,72.79705509172635,-0.464459238735286,0.2513609987458438,-25.15982929354625,0.6543839683920709,,PET,LT,#8,#2,BA_1,1.504809536605457,3.803377558440216,73.02370566699008,-0.7083292517126172,-0.3340597404319531,-37.89258348786682,0.48109202153245506,130,,,,,,,,,,,,,,,,,,,,,,,,,,,,,,,,,,,,,,,,,,,,,,,,,,,,,,,,,,,,,,,,,,,,,,,,,,,,,,,,,,,,,,,,,,,,,,,,,,,,,,,,,,,,,,,,,,,,,,,,,,,,,,,,,,,,,,,,,,,,,,,,,,,,,,,,,,,,,,,,
184,PET,HT,#4,-,MeOH_1,1.7469901685832747,4.952972753447725,77.16033791349327,-1.2526941502133302,-2.651268142008253,-49.13971774733603,0.3631479711451236,PE,LT,#1,#9,JET FUEL_1,1.000097336033393,1.6293063662747747,84.9152973935231,-0.19805698396456647,1.2364605328233202,-41.53658828180406,0.5108468137453375,,,PE,HT,#1,-,MeOH_1,1.0530760524628098,3.6085869703389255,81.4055216573885,-0.2051639218167736,-0.42961539835546436,-33.233607604108016,0.5917524152234006,131,,PE,HT,#9,#3,H2_1,1.257530999759681,3.2194648662458594,70.9722172930863,-0.5465634794691575,0.5572968329593361,-20.364245933953217,0.7130673563451289,,PET,LT,#8,#4,MeOH_1,1.571859561157101,4.778736797326668,85.23619654699007,-0.7728421683321784,-1.410349159029885,-46.04300092178804,0.45981868282443966,131,,,,,,,,,,,,,,,,,,,,,,,,,,,,,,,,,,,,,,,,,,,,,,,,,,,,,,,,,,,,,,,,,,,,,,,,,,,,,,,,,,,,,,,,,,,,,,,,,,,,,,,,,,,,,,,,,,,,,,,,,,,,,,,,,,,,,,,,,,,,,,,,,,,,,,,,,,,,,,,,
185,PET,HT,#5,-,GASOLINE_1,1.8492392024812183,5.249285566637839,81.96876957952527,-1.1938890580782566,-2.6275428838431747,-51.66010936371205,0.36975863333422454,PE,LT,#1,#10,JET FUEL_1,1.0546193970392577,1.7836630789664853,86.46414746090227,-0.2527276824770737,1.0532878365723324,-43.31511830271043,0.49903954905359077,,,PE,HT,#2,-,FT_1,1.1458602524847967,4.5758105817774775,85.55345879830051,-0.25283399989987954,-0.9797860289770439,-37.03719877663382,0.567087067000387,132,,PE,HT,#9,#6,Olefin,1.1144020989036847,1.5467525126084232,59.53765904043481,-0.5167749630860686,1.7229510106129617,-15.135485419406528,0.7457829941024837,,PET,LT,#8,#5,BA_1,1.6100632599049154,5.030323936490542,86.60939573302205,-0.808356541092382,-1.5851834233961475,-51.96615470918996,0.39999402756049324,132,,,,,,,,,,,,,,,,,,,,,,,,,,,,,,,,,,,,,,,,,,,,,,,,,,,,,,,,,,,,,,,,,,,,,,,,,,,,,,,,,,,,,,,,,,,,,,,,,,,,,,,,,,,,,,,,,,,,,,,,,,,,,,,,,,,,,,,,,,,,,,,,,,,,,,,,,,,,,,,,
186,PET,HT,#6,-,GASOLINE_1,1.2558732554793992,1.7125826154617425,49.2091919515223,-0.7599134197407542,0.8346154391626074,-19.81163246710222,0.5973997604630583,PE,LT,#1,#11,JET FUEL_1,1.0625781081851196,1.8425299150969652,86.82529927093428,-0.2594271262995291,1.007115484764993,-43.8120495091058,0.49539995972380874,,,PE,HT,#3,-,H2_1,1.0838199678842513,3.9018327944148314,78.8975393883591,-0.3075254375000399,-0.032480891640618445,-25.30637419040666,0.6792501466257327,133,,PE,HT,#9,#7,MeOH_1,1.2404052731233077,3.0161618279466347,73.81203778580874,-0.46784645135253616,0.23834480876891107,-26.606659783075862,0.6395349514630077,,PET,HT,#1,-,GASOLINE_1,1.2725671562672005,3.58871522247271,56.46658603861327,-0.7528065388573396,-0.952412812136147,-25.34410311200099,0.5511663642163517,133,,,,,,,,,,,,,,,,,,,,,,,,,,,,,,,,,,,,,,,,,,,,,,,,,,,,,,,,,,,,,,,,,,,,,,,,,,,,,,,,,,,,,,,,,,,,,,,,,,,,,,,,,,,,,,,,,,,,,,,,,,,,,,,,,,,,,,,,,,,,,,,,,,,,,,,,,,,,,,,,
187,PET,HT,#7,-,GASOLINE_1,1.3954469250397652,2.904910555884701,60.24638188459492,-0.8524460125222172,-0.3632251055853039,-30.300854117039748,0.4970510565251434,PE,LT,#2,#1,WAX_1,1.0118059624415392,2.216236056081799,79.73041881292106,-0.2935669601015623,1.3102136549141847,-28.831686378841038,0.6383853639789411,,,PE,HT,#7,-,MeOH_1,1.0438726079268545,3.505065688140515,80.67368137219589,-0.1980835083073724,-0.35224086898035256,-32.28826698385481,0.5997670313954095,134,,PE,HT,#9,#9,H2_1,1.280467096683572,3.2620941726557593,72.70427455367896,-0.5576937413928479,0.5409633099407062,-21.305009537854968,0.7069634534056856,,PET,HT,#2,-,GASOLINE_1,1.410341110672842,3.785365574786772,62.48475565952527,-0.837306480640029,-1.258987781531604,-35.67072035903042,0.4291292334822035,134,,,,,,,,,,,,,,,,,,,,,,,,,,,,,,,,,,,,,,,,,,,,,,,,,,,,,,,,,,,,,,,,,,,,,,,,,,,,,,,,,,,,,,,,,,,,,,,,,,,,,,,,,,,,,,,,,,,,,,,,,,,,,,,,,,,,,,,,,,,,,,,,,,,,,,,,,,,,,,,,
188,PET,HT,#8,-,GASOLINE_1,1.5091514249805087,3.2022842976310946,63.02400510550689,-0.9216170219941856,-0.6173400937303236,-34.62785823979167,0.4505608112048409,PE,LT,#2,#2,WAX_1,1.0660673268692162,2.349277696054852,76.69080876768113,-0.33342613491391393,1.1869237202715763,-25.482131403895618,0.6677290041224049,,,PE,HT,#8,-,FT_1,1.1752822380927321,4.530849252260102,89.27846503822788,-0.21277889333435737,-0.9402233433800533,-43.271271008838156,0.515322412965882,135,,PE,LT,#3,#1,WAX_1,1.2194866494723786,3.0204727760681274,84.46774863525168,-0.45799784749163336,0.4543982969710648,-32.79360780698569,0.6117617867549077,,PET,HT,#3,-,GASOLINE_1,1.265915539685912,3.682607406020469,58.43408097958268,-0.7358060250726843,-0.914430538443535,-27.10736680000311,0.5361034802707921,135,,,,,,,,,,,,,,,,,,,,,,,,,,,,,,,,,,,,,,,,,,,,,,,,,,,,,,,,,,,,,,,,,,,,,,,,,,,,,,,,,,,,,,,,,,,,,,,,,,,,,,,,,,,,,,,,,,,,,,,,,,,,,,,,,,,,,,,,,,,,,,,,,,,,,,,,,,,,,,,,
189,PET,HT,#9,-,GASOLINE_1,1.301363056431527,2.0808215313536182,52.03908639210515,-0.7600382800491491,0.698103912581307,-19.720214804703062,0.6210499420355924,PE,LT,#2,#3,WAX_1,1.000228818364909,2.074671141569768,76.79636100492105,-0.27871389178387956,1.456723331645828,-25.783619619515303,0.6642598779144873,,,PE,HT,#9,-,H2_1,1.0760229496501574,3.886824038120446,78.11432545406493,-0.3093526016785024,-0.047047457085990015,-24.98854401667118,0.6801029277099029,136,,PE,LT,#3,#2,WAX_1,1.273748013900056,3.153514416041179,86.75650431525168,-0.49785702230398543,0.3311083623284569,-34.772418557280204,0.5991952553675303,,PET,HT,#4,-,MeOH_1,1.4755336420855978,4.952972753447725,77.16033791349327,-0.9812376237156532,-2.651268142008253,-49.13971774733603,0.3631479711451236,136,,,,,,,,,,,,,,,,,,,,,,,,,,,,,,,,,,,,,,,,,,,,,,,,,,,,,,,,,,,,,,,,,,,,,,,,,,,,,,,,,,,,,,,,,,,,,,,,,,,,,,,,,,,,,,,,,,,,,,,,,,,,,,,,,,,,,,,,,,,,,,,,,,,,,,,,,,,,,,,,
190,PET,HT,#10,-,MeOH_1,1.3379172182982924,2.209093015584005,53.62302486352232,-0.788007188776536,0.17209634215526282,-24.550398483945433,0.5421668481696167,PE,LT,#2,#4,WAX_1,1.0056898446488212,2.116052658759995,80.01824825292105,-0.2866383915901332,1.3796371222356156,-29.317299720004993,0.633617326546076,,,PE,SG,#1,-,MeOH_1,0.9359378731605847,4.041559744044348,85.37226838506902,-0.09198646827789489,-0.9833132511627171,-39.415495144902614,0.5383103214837841,137,,PE,LT,#3,#3,WAX_1,1.2079095053957483,2.8789078615560957,83.71689427001175,-0.44314477917395056,0.6009079737027082,-31.928744490420037,0.6186104994836479,,PET,HT,#5,-,GASOLINE_1,1.5494971082911042,5.249285566637839,81.96876957952527,-0.8941469638881427,-2.6275428838431747,-51.66010936371205,0.36975863333422454,137,,,,,,,,,,,,,,,,,,,,,,,,,,,,,,,,,,,,,,,,,,,,,,,,,,,,,,,,,,,,,,,,,,,,,,,,,,,,,,,,,,,,,,,,,,,,,,,,,,,,,,,,,,,,,,,,,,,,,,,,,,,,,,,,,,,,,,,,,,,,,,,,,,,,,,,,,,,,,,,,
191,PET,HT,#11,-,GASOLINE_1,1.360545611927014,2.2191481955326524,53.9675560335543,-0.773977723456739,0.35139246916303335,-25.931230428794503,0.5195033398831,PE,LT,#2,#5,WAX_1,1.0597361525685918,2.350100441101897,73.91122910894133,-0.3209262353785114,1.201643339664945,-22.33777797898573,0.6977755850053448,,,PE,SG,#2,-,FT_1,1.1407998062983058,5.677962293925761,93.21430645110102,-0.14042017595854234,-1.912107390002236,-49.816111265798085,0.46557440416154416,138,,PE,LT,#3,#4,WAX_1,1.2133705316796615,2.920289378746322,83.82244650725167,-0.45106927898020543,0.5238217642924958,-32.34608958014965,0.6141118408259377,,PET,HT,#7,-,GASOLINE_1,1.1849436467493961,2.904910555884701,60.24638188459492,-0.6419427342318477,-0.3632251055853039,-30.300854117039748,0.4970510565251434,138,,,,,,,,,,,,,,,,,,,,,,,,,,,,,,,,,,,,,,,,,,,,,,,,,,,,,,,,,,,,,,,,,,,,,,,,,,,,,,,,,,,,,,,,,,,,,,,,,,,,,,,,,,,,,,,,,,,,,,,,,,,,,,,,,,,,,,,,,,,,,,,,,,,,,,,,,,,,,,,,
192,PET,LT,#1,-,GASOLINE_1,1.394126739222279,4.0983481642142605,61.50412066841878,-0.9717635538420163,-1.5125518221126069,-37.80351554930586,0.38534987349689465,PE,LT,#2,#6,WAX_1,0.9566721514623875,1.876449449084873,76.60558141546228,-0.23999650619219948,1.6355159912658797,-25.824182952676953,0.6628942372668354,,,PE,SG,#3,-,H2_1,0.8561924874987814,5.1567611694152165,77.33209524398757,-0.1811981837282096,-1.0245524337144836,-20.2153489612401,0.738590440392706,139,,PE,LT,#3,#5,WAX_1,1.2674168395994319,3.1543371610882245,87.04433375525167,-0.4853571227685832,0.34582798172182533,-34.69547423111012,0.601404563234803,,PET,HT,#8,-,GASOLINE_1,1.2675575989820143,3.2022842976310946,63.02400510550689,-0.6800231959956913,-0.6173400937303236,-34.62785823979167,0.4505608112048409,139,,,,,,,,,,,,,,,,,,,,,,,,,,,,,,,,,,,,,,,,,,,,,,,,,,,,,,,,,,,,,,,,,,,,,,,,,,,,,,,,,,,,,,,,,,,,,,,,,,,,,,,,,,,,,,,,,,,,,,,,,,,,,,,,,,,,,,,,,,,,,,,,,,,,,,,,,,,,,,,,
193,PET,LT,#2,-,GASOLINE_1,1.518794170902453,4.009306026504595,57.764901408325265,-1.0743791319728466,-1.5442819592370565,-36.42581140587483,0.3694127312987151,PE,LT,#2,#7,WAX_1,0.9957099258393065,2.1040948256304675,77.81708172149429,-0.275084729289822,1.421478726361253,-26.71672534269968,0.6566727413613597,,,PE,SG,#6,-,MeOH_1,0.9591548804876376,4.017470396803597,88.99923978878815,-0.09215488242456872,-0.8601753499644902,-41.70676480770435,0.5313806622766407,140,,PE,LT,#3,#7,WAX_1,1.203390612870147,2.908331545616795,83.6316669177929,-0.4395156166798941,0.5656633684181336,-31.755902144812335,0.6202885424246378,,PET,LT,#1,-,GASOLINE_1,1.1880987118714665,4.0983481642142605,61.50412066841878,-0.7657355264912039,-1.5125518221126069,-37.80351554930586,0.38534987349689465,140,,,,,,,,,,,,,,,,,,,,,,,,,,,,,,,,,,,,,,,,,,,,,,,,,,,,,,,,,,,,,,,,,,,,,,,,,,,,,,,,,,,,,,,,,,,,,,,,,,,,,,,,,,,,,,,,,,,,,,,,,,,,,,,,,,,,,,,,,,,,,,,,,,,,,,,,,,,,,,,,
194,PET,LT,#3,-,GASOLINE_1,1.3439316578564957,2.6706334818410484,53.13289023919934,-0.8964072435088906,-0.010561368050371408,-28.144020187856487,0.4703088790925033,PE,LT,#2,#8,WAX_1,1.0313431245746807,2.2065484099427635,76.41800648408311,-0.30681073759130173,1.3098642244268413,-25.21043263657229,0.670098268765709,,,PE,SG,#7,-,FT_1,1.1700298616277347,6.044972656811135,99.64161065482017,-0.18523766230614397,-2.201851396932778,-55.796290260168725,0.44003022538988257,141,,PE,LT,#3,#8,WAX_1,1.239023811605521,3.0107851299290918,84.84316722382489,-0.4712416249813737,0.45404886648372056,-32.860184982128125,0.612694975242501,,PET,LT,#2,-,GASOLINE_1,1.2709097996015173,4.009306026504595,57.764901408325265,-0.8264947606719107,-1.5442819592370565,-36.42581140587483,0.3694127312987151,141,,,,,,,,,,,,,,,,,,,,,,,,,,,,,,,,,,,,,,,,,,,,,,,,,,,,,,,,,,,,,,,,,,,,,,,,,,,,,,,,,,,,,,,,,,,,,,,,,,,,,,,,,,,,,,,,,,,,,,,,,,,,,,,,,,,,,,,,,,,,,,,,,,,,,,,,,,,,,,,,
195,PET,LT,#4,-,MeOH_1,1.5374097427107754,4.896691269622412,69.42349038229327,-1.14149447914118,-2.595811868158836,-47.087181848724086,0.32173992420389963,PE,LT,#2,#9,WAX_1,0.9910823518730766,2.044296270050526,77.96685655146227,-0.2695605195113933,1.4862960997371302,-26.95994302678506,0.6542127742576096,,,PE,SG,#8,-,H2_1,0.9401851976952799,5.690493860474993,90.3027197143264,-0.2108380116941534,-1.3992026301041844,-33.12553529515975,0.6331723407672246,142,,PE,LT,#3,#9,WAX_1,1.1987630389039166,2.8485329900368543,83.44409198641372,-0.4339914069014652,0.6304807417940095,-31.66177006755055,0.6205630702685855,,PET,LT,#3,-,GASOLINE_1,1.1409418875827304,2.6706334818410484,53.13289023919934,-0.6934174732351254,-0.010561368050371408,-28.144020187856487,0.4703088790925033,142,,,,,,,,,,,,,,,,,,,,,,,,,,,,,,,,,,,,,,,,,,,,,,,,,,,,,,,,,,,,,,,,,,,,,,,,,,,,,,,,,,,,,,,,,,,,,,,,,,,,,,,,,,,,,,,,,,,,,,,,,,,,,,,,,,,,,,,,,,,,,,,,,,,,,,,,,,,,,,,,
196,PET,LT,#5,-,FT_1,1.667021309235996,4.89512214441336,72.02047982229327,-1.1049963328413137,-2.297027753597634,-45.72616673568648,0.3650949445419777,PE,LT,#2,#10,WAX_1,1.0456044128789412,2.198652982742236,78.32800836149428,-0.32423121802390026,1.3031234034861425,-27.550774790344256,0.648264070966879,,,PE,HG,#4,-,MeOH_1,0.9619204990677183,3.005561994045711,88.17238736,-0.3210612091272294,-0.13576604096027522,-50.24534461241865,0.43014648784237414,143,,PE,LT,#3,#10,WAX_1,1.2532850999097815,3.002889702728564,84.9929420537929,-0.48866210541397237,0.44730804554302245,-33.44030008845693,0.606552035023188,,PET,LT,#4,-,MeOH_1,1.2990802751603316,4.896691269622412,69.42349038229327,-0.9031650115907365,-2.595811868158836,-47.087181848724086,0.32173992420389963,143,,,,,,,,,,,,,,,,,,,,,,,,,,,,,,,,,,,,,,,,,,,,,,,,,,,,,,,,,,,,,,,,,,,,,,,,,,,,,,,,,,,,,,,,,,,,,,,,,,,,,,,,,,,,,,,,,,,,,,,,,,,,,,,,,,,,,,,,,,,,,,,,,,,,,,,,,,,,,,,,
197,PET,LT,#6,-,Olefin,1.1110103341621138,1.5764983285622003,42.400282956800005,-0.6838828816223227,0.8945218505808767,-19.351141835884192,0.543608191115132,PE,LT,#2,#11,WAX_1,1.0535631240248027,2.2575198188727166,73.57616413056006,-0.3309306618463556,1.2569510516788027,-22.9347099557734,0.6882861423017919,,,PE,HG,#5,-,DIESEL_1,1.0188658446722514,3.5383979940502823,91.4753208,-0.3604209777317625,-0.5392276376941192,-53.916574700448244,0.41058884266358053,144,,PE,LT,#3,#11,WAX_1,1.2612438110556432,3.0617565388590444,85.3540938638249,-0.49536154923642783,0.401135693735683,-33.93723129485229,0.6023948031245435,,PET,LT,#5,-,FT_1,1.3974311604900789,4.89512214441336,72.02047982229327,-0.8354061840953964,-2.297027753597634,-45.72616673568648,0.3650949445419777,144,,,,,,,,,,,,,,,,,,,,,,,,,,,,,,,,,,,,,,,,,,,,,,,,,,,,,,,,,,,,,,,,,,,,,,,,,,,,,,,,,,,,,,,,,,,,,,,,,,,,,,,,,,,,,,,,,,,,,,,,,,,,,,,,,,,,,,,,,,,,,,,,,,,,,,,,,,,,,,,,
198,PET,LT,#7,-,MeOH_1,1.264300007530881,2.756023351949898,53.05536793738543,-0.8145297374159367,-0.23135702799899488,-29.300672678480467,0.447734059387537,PE,LT,#3,#6,WAX_1,1.1643528384932271,2.6806861690712007,80.93731461127194,-0.40442739358227087,0.7797006333227599,-29.380507754300677,0.6369967561265132,,,,,,,,,,,,,,,145,,PE,LT,#4,#1,WAX_1,1.2670710011907949,3.278728990372498,86.94961102128369,-0.48148835003332985,0.2578853411429909,-36.39719194117785,0.5813990250943333,,PET,LT,#7,-,MeOH_1,1.076079564310362,2.756023351949898,53.05536793738543,-0.6263092941954176,-0.23135702799899488,-29.300672678480467,0.447734059387537,145,,,,,,,,,,,,,,,,,,,,,,,,,,,,,,,,,,,,,,,,,,,,,,,,,,,,,,,,,,,,,,,,,,,,,,,,,,,,,,,,,,,,,,,,,,,,,,,,,,,,,,,,,,,,,,,,,,,,,,,,,,,,,,,,,,,,,,,,,,,,,,,,,,,,,,,,,,,,,,,,
199,PET,LT,#8,-,FT_1,1.3523065025569245,2.9055034852641497,55.08869275829741,-0.8563383742310184,-0.386727294029814,-32.326963854466925,0.41318331882911014,PE,HT,#6,-,Olefin,0.8661155555550621,1.7153921132279382,62.82225975689376,-0.1762263477806745,1.7856664237347286,-16.698685046527572,0.7341915889185258,,,,,,,,,,,,,,,146,,PE,LT,#4,#2,WAX_1,1.321332365618472,3.41177063034555,89.23836670128368,-0.5213475248456816,0.1345954065003827,-38.37600269147235,0.569960723060608,,PET,LT,#8,-,FT_1,1.1399781112490661,2.9055034852641497,55.08869275829741,-0.6440099829231599,-0.386727294029814,-32.326963854466925,0.41318331882911014,146,,,,,,,,,,,,,,,,,,,,,,,,,,,,,,,,,,,,,,,,,,,,,,,,,,,,,,,,,,,,,,,,,,,,,,,,,,,,,,,,,,,,,,,,,,,,,,,,,,,,,,,,,,,,,,,,,,,,,,,,,,,,,,,,,,,,,,,,,,,,,,,,,,,,,,,,,,,,,,,,
200,PET,LT,#9,-,GASOLINE_1,1.2586174673475605,2.3488487249603476,51.81942402126127,-0.8041300299458037,0.3227669416285434,-26.87106914209656,0.4814479386904902,PE,LT,#1,-,WAX_1,1.057219005546914,2.6533250748343336,71.79682773472,-0.38535222235752686,0.5264884615434098,-26.764254780200478,0.6272223213107556,,,,,,,,,,,,,,,147,,PE,LT,#4,#3,WAX_1,1.255493857114165,3.137164075860467,86.19875665604376,-0.46663528171564733,0.40439501787463367,-35.53232862461219,0.5877860655647766,,PET,LT,#10,-,MeOH_1,1.183851814626237,3.4352458313674528,64.89389565226541,-0.7260189556920379,-1.0700438613236982,-41.92471500145433,0.35394978865025556,147,,,,,,,,,,,,,,,,,,,,,,,,,,,,,,,,,,,,,,,,,,,,,,,,,,,,,,,,,,,,,,,,,,,,,,,,,,,,,,,,,,,,,,,,,,,,,,,,,,,,,,,,,,,,,,,,,,,,,,,,,,,,,,,,,,,,,,,,,,,,,,,,,,,,,,,,,,,,,,,,
201,PET,LT,#10,-,MeOH_1,1.3964591106043347,3.4352458313674528,64.89389565226541,-0.9386262516701354,-1.0700438613236982,-41.92471500145433,0.35394978865025556,PE,LT,#3,-,WAX_1,1.0645496840555067,2.4035375839967816,70.76069178541684,-0.3910841966018883,0.9785481835509807,-23.714383885609955,0.6648650078559961,,,,,,,,,,,,,,,148,,PE,LT,#4,#4,WAX_1,1.2609548833980782,3.178545593050694,86.30430889328368,-0.47455978152190226,0.32730880846442134,-35.949673714341806,0.5834544743438708,,PET,LT,#11,-,FT_1,1.2295732369510577,3.8656012609402897,65.95596331829742,-0.7346704206058535,-1.361574102786404,-43.77822835985964,0.33625064122572296,148,,,,,,,,,,,,,,,,,,,,,,,,,,,,,,,,,,,,,,,,,,,,,,,,,,,,,,,,,,,,,,,,,,,,,,,,,,,,,,,,,,,,,,,,,,,,,,,,,,,,,,,,,,,,,,,,,,,,,,,,,,,,,,,,,,,,,,,,,,,,,,,,,,,,,,,,,,,,,,,,
202,PET,LT,#11,-,FT_1,1.4580923527034473,3.8656012609402897,65.95596331829742,-0.9631895363582433,-1.361574102786404,-43.77822835985964,0.33625064122572296,PE,LT,#6,-,WAX_1,0.9301506786957654,1.929445444601693,65.05592111454126,-0.30301200998091743,1.2707855064659337,-20.553481685058035,0.6840643967077128,,,,,,,,,,,,,,,149,,PE,LT,#4,#5,WAX_1,1.3150011913178485,3.4125933753925954,89.52619614128368,-0.5088476253102802,0.14931502589375167,-38.29905836530227,0.5722027739806849,,PET,SG,#4,-,MeOH_1,1.0254892714523023,6.187894416842888,81.79075940221696,-0.6156273259147148,-3.9872464650898647,-56.8844616189096,0.30451236747695826,149,,,,,,,,,,,,,,,,,,,,,,,,,,,,,,,,,,,,,,,,,,,,,,,,,,,,,,,,,,,,,,,,,,,,,,,,,,,,,,,,,,,,,,,,,,,,,,,,,,,,,,,,,,,,,,,,,,,,,,,,,,,,,,,,,,,,,,,,,,,,,,,,,,,,,,,,,,,,,,,,
203,PET,SG,#1,-,MeOH_1,0.9276099380462997,3.2347613058132385,50.75619780221697,-0.4927988424980739,-0.8885861093505109,-26.799766374817967,0.47199026847422004,PE,LT,#7,-,WAX_1,1.0827515991339425,2.8547981404318468,74.32052063080768,-0.40862255019787996,0.3506332261134705,-29.072051944250493,0.6088287367002188,,,,,,,,,,,,,,,150,,PE,LT,#4,#6,WAX_1,1.2119371902116438,2.938942383375572,83.41917699730394,-0.42791789612396797,0.5831876774946859,-32.984091888492806,0.6045982101986114,,PET,SG,#9,-,MeOH_1,1.010495748052964,5.590287530562308,84.68325850441452,-0.5324156663767229,-3.3245079938104976,-60.17745537446344,0.2893819104595934,150,,,,,,,,,,,,,,,,,,,,,,,,,,,,,,,,,,,,,,,,,,,,,,,,,,,,,,,,,,,,,,,,,,,,,,,,,,,,,,,,,,,,,,,,,,,,,,,,,,,,,,,,,,,,,,,,,,,,,,,,,,,,,,,,,,,,,,,,,,,,,,,,,,,,,,,,,,,,,,,,
204,PET,SG,#2,-,FT_4,1.0705328852672185,3.4254343928571633,51.89757300221696,-0.355523548554651,-0.6234845009186238,-24.37957136769672,0.5302367729863731,PE,LT,#9,-,WAX_1,1.0837980824169366,2.567033575346856,72.94889256938231,-0.41018966137766527,0.8150521922009065,-26.049601345534462,0.6429061439039877,,,,,,,,,,,,,,,151,,PE,LT,#4,#7,WAX_1,1.2509749645885626,3.1665877599211667,86.1135293038249,-0.4630061192215901,0.36915041259005843,-35.3594862790045,0.5893852387091288,,PET,SG,#10,-,FT_1,1.0960246976351329,6.280790014136517,87.6185622053265,-0.5183535988637815,-3.5968900604964613,-64.93096985434272,0.25893591243619574,151,,,,,,,,,,,,,,,,,,,,,,,,,,,,,,,,,,,,,,,,,,,,,,,,,,,,,,,,,,,,,,,,,,,,,,,,,,,,,,,,,,,,,,,,,,,,,,,,,,,,,,,,,,,,,,,,,,,,,,,,,,,,,,,,,,,,,,,,,,,,,,,,,,,,,,,,,,,,,,,,
205,PET,SG,#3,-,H2_1,0.8740232803347688,3.120076017627424,48.04129266482996,-0.4848417284461587,-0.17433912819078834,-18.497054100548297,0.6149759285288838,PE,OG,#3,-,H2_1,0.8261326889121452,2.374676720067861,58.60661462730207,-0.413675561029427,0.8114759962172265,-26.249954857115558,0.5520991099034248,,,,,,,,,,,,,,,152,,PE,LT,#4,#8,WAX_1,1.2866081633239372,3.2690413442334627,87.32502960985691,-0.49473212752307033,0.2575359106556466,-36.46376911632028,0.5824362238497954,,PET,OG,#1,-,MeOH_1,0.7411546380767142,2.6467392105168317,34.881936159999995,-0.5249983351543215,-0.6384925023482806,-18.429099765025192,0.4716721090110156,152,,,,,,,,,,,,,,,,,,,,,,,,,,,,,,,,,,,,,,,,,,,,,,,,,,,,,,,,,,,,,,,,,,,,,,,,,,,,,,,,,,,,,,,,,,,,,,,,,,,,,,,,,,,,,,,,,,,,,,,,,,,,,,,,,,,,,,,,,,,,,,,,,,,,,,,,,,,,,,,,
206,PET,SG,#4,-,MeOH_1,1.1869157557602468,6.187894416842888,81.79075940221696,-0.7770538102226591,-3.9872464650898647,-56.8844616189096,0.30451236747695826,PE,OG,#6,-,MeOH_1,0.8719571912765866,2.0667906866856,62.394003625920526,-0.4046715625004809,0.5520842992876965,-38.42231199648601,0.38419864468315484,,,,,,,,,,,,,,,153,,PE,LT,#4,#9,WAX_1,1.2463473906223324,3.106789204341225,85.92595437244572,-0.45748190944316103,0.4339677859659359,-35.26535420174269,0.5895843757651483,,PET,OG,#2,-,FT_1,1.249705452629586,3.1794378980592484,66.34392223999998,-0.5352048577022934,-0.23933400538860738,-37.323779742935685,0.43741975929737126,153,,,,,,,,,,,,,,,,,,,,,,,,,,,,,,,,,,,,,,,,,,,,,,,,,,,,,,,,,,,,,,,,,,,,,,,,,,,,,,,,,,,,,,,,,,,,,,,,,,,,,,,,,,,,,,,,,,,,,,,,,,,,,,,,,,,,,,,,,,,,,,,,,,,,,,,,,,,,,,,,
207,PET,SG,#5,-,FT_4,1.3296821937330818,6.29917222262187,82.74331108221696,-0.6082317247741932,-3.4938718702537317,-55.35448421634386,0.3310095584482775,PE,HG,#1,-,DIESEL_1,0.8552435499696417,2.1025817352196463,77.535172,-0.21828884575942092,0.8214300090115807,-39.33470097428246,0.4926857068907713,,,,,,,,,,,,,,,154,,PE,LT,#4,#10,WAX_1,1.3008694516281982,3.2611459170329358,87.47480443982488,-0.5121526079556694,0.25079508971494824,-37.04388422264906,0.576519382239579,,PET,OG,#4,-,MeOH_1,0.8837139788396123,4.615729328363312,54.99068447999999,-0.7197235872113324,-2.6452109461095685,-41.13549406790457,0.251955227382822,154,,,,,,,,,,,,,,,,,,,,,,,,,,,,,,,,,,,,,,,,,,,,,,,,,,,,,,,,,,,,,,,,,,,,,,,,,,,,,,,,,,,,,,,,,,,,,,,,,,,,,,,,,,,,,,,,,,,,,,,,,,,,,,,,,,,,,,,,,,,,,,,,,,,,,,,,,,,,,,,,
208,PET,SG,#6,-,MeOH_1,0.9034118869727358,2.669938602895592,53.75375277929451,-0.4253308211177355,-0.40415747184604767,-29.24771169262188,0.45589451563114214,PE,HG,#2,-,DIESEL_1,0.9093760783119836,2.4946183111458127,80.32142112,-0.2513327168914948,0.506722756590744,-42.73940753718327,0.4678952769855665,,,,,,,,,,,,,,,155,,PE,LT,#4,#11,WAX_1,1.3088281627740592,3.320012753163417,87.83595624985688,-0.5188520517781243,0.20462273790760727,-37.54081542904442,0.5726030997800449,,PET,OG,#5,-,FT_1,1.3985658771315292,5.013551084699669,85.91944319999998,-0.6849048606758449,-2.0798136938914307,-57.105018183849516,0.33536559296686025,155,,,,,,,,,,,,,,,,,,,,,,,,,,,,,,,,,,,,,,,,,,,,,,,,,,,,,,,,,,,,,,,,,,,,,,,,,,,,,,,,,,,,,,,,,,,,,,,,,,,,,,,,,,,,,,,,,,,,,,,,,,,,,,,,,,,,,,,,,,,,,,,,,,,,,,,,,,,,,,,,
209,PET,SG,#7,-,FT_1,1.0294141915386525,3.271283622797527,55.86969868532652,-0.45255065701408503,-0.5911063586398954,-33.306631163795714,0.40385160565501155,PE,HG,#3,-,DIESEL_1,0.8616953651227153,2.0040515214828476,76.4637355428969,-0.23032752634222628,1.1037105116025876,-36.99673791531556,0.5161531456364693,,,,,,,,,,,,,,,156,,PE,LT,#5,#1,WAX_1,1.228265572585924,2.9019592393699356,83.84372528003392,-0.4730929879188678,0.7701497339357063,-30.785683891289743,0.6328206578552291,,PET,OG,#9,-,MeOH_1,0.8546699254849358,3.8465566076503457,55.82671604335707,-0.6369312561179191,-1.8460203740675807,-42.68754612784031,0.23535631050396008,156,,,,,,,,,,,,,,,,,,,,,,,,,,,,,,,,,,,,,,,,,,,,,,,,,,,,,,,,,,,,,,,,,,,,,,,,,,,,,,,,,,,,,,,,,,,,,,,,,,,,,,,,,,,,,,,,,,,,,,,,,,,,,,,,,,,,,,,,,,,,,,,,,,,,,,,,,,,,,,,,
210,PET,SG,#8,-,H2_1,0.8699233415798623,3.6042960658716674,50.30397447129719,-0.5136770613985882,-0.7768170651217204,-22.29846830900751,0.5567255163559545,,,,,,,,,,,,,,,,,,,,,,,,,,,157,,PE,LT,#5,#2,WAX_1,1.2825269370136008,3.035000879342989,86.13248096003392,-0.5129521627312191,0.646859799293097,-32.764494641584236,0.6196034959588916,,PET,OG,#10,-,FT_1,1.1389021082459265,4.1033351770178035,72.00183268335707,-0.5859378623546716,-1.4816183579049385,-51.24344070581248,0.28830366122531764,157,,,,,,,,,,,,,,,,,,,,,,,,,,,,,,,,,,,,,,,,,,,,,,,,,,,,,,,,,,,,,,,,,,,,,,,,,,,,,,,,,,,,,,,,,,,,,,,,,,,,,,,,,,,,,,,,,,,,,,,,,,,,,,,,,,,,,,,,,,,,,,,,,,,,,,,,,,,,,,,,
211,PET,SG,#9,-,MeOH_1,1.1624068259210427,5.590287530562308,84.68325850441452,-0.6843267442448019,-3.3245079938104976,-60.17745537446344,0.2893819104595934,,,,,,,,,,,,,,,,,,,,,,,,,,,158,,PE,LT,#5,#3,WAX_1,1.2166884285092938,2.760394324857903,83.09287091479398,-0.4582399196011849,0.91665941066735,-29.92082057472407,0.6399110989268163,,PP,HT,#1,#4,MeOH_1,1.1889913990744205,5.783925573701432,108.19129193634635,-0.4199447971912612,-2.9438869501807665,-65.81642690653344,0.39166613385801774,158,,,,,,,,,,,,,,,,,,,,,,,,,,,,,,,,,,,,,,,,,,,,,,,,,,,,,,,,,,,,,,,,,,,,,,,,,,,,,,,,,,,,,,,,,,,,,,,,,,,,,,,,,,,,,,,,,,,,,,,,,,,,,,,,,,,,,,,,,,,,,,,,,,,,,,,,,,,,,,,,
212,PET,SG,#10,-,FT_1,1.2732651765373975,6.280790014136517,87.6185622053265,-0.6955940777660461,-3.5968900604964613,-64.93096985434272,0.25893591243619574,,,,,,,,,,,,,,,,,,,,,,,,,,,159,,PE,LT,#5,#4,WAX_1,1.222149454793207,2.8017758420481305,83.1984231520339,-0.46616441940743997,0.8395732012571374,-30.338165664453683,0.6353516747665424,,PP,HT,#1,#5,FT_1,1.3086359937916294,6.585695304319316,111.97739577634634,-0.4214123673631087,-3.2930456848120735,-70.97737982954344,0.3661454676861094,159,,,,,,,,,,,,,,,,,,,,,,,,,,,,,,,,,,,,,,,,,,,,,,,,,,,,,,,,,,,,,,,,,,,,,,,,,,,,,,,,,,,,,,,,,,,,,,,,,,,,,,,,,,,,,,,,,,,,,,,,,,,,,,,,,,,,,,,,,,,,,,,,,,,,,,,,,,,,,,,,
213,PET,OG,#1,-,MeOH_1,0.8638384250963035,2.6467392105168317,34.881936159999995,-0.6476821221739106,-0.6384925023482806,-18.429099765025192,0.4716721090110156,,,,,,,,,,,,,,,,,,,,,,,,,,,160,,PE,LT,#5,#5,WAX_1,1.2761957627129774,3.035823624390034,86.42031040003391,-0.5004522631958176,0.661579418686466,-32.68755031541416,0.6217607855826294,,PP,HT,#1,#11,FT_1,1.337497184392663,6.801230198911863,115.959548492279,-0.47953283739966596,-3.439390673260261,-74.65821821614335,0.35617015427483867,160,,,,,,,,,,,,,,,,,,,,,,,,,,,,,,,,,,,,,,,,,,,,,,,,,,,,,,,,,,,,,,,,,,,,,,,,,,,,,,,,,,,,,,,,,,,,,,,,,,,,,,,,,,,,,,,,,,,,,,,,,,,,,,,,,,,,,,,,,,,,,,,,,,,,,,,,,,,,,,,,
214,PET,OG,#2,-,FT_1,1.422664532856244,3.1794378980592484,66.34392223999998,-0.7081639379289513,-0.23933400538860738,-37.323779742935685,0.43741975929737126,,,,,,,,,,,,,,,,,,,,,,,,,,,161,,PE,LT,#5,#6,WAX_1,1.1731317616067725,2.5621726323730103,80.31329125605416,-0.4195225340095053,1.0954520702874002,-27.37258383860468,0.6591774112290376,,PP,HT,#2,#4,MeOH_1,1.2951314123907531,6.322618121340958,112.75080313954638,-0.5430286054893828,-3.37235228935938,-70.51105592276134,0.37462923580692264,161,,,,,,,,,,,,,,,,,,,,,,,,,,,,,,,,,,,,,,,,,,,,,,,,,,,,,,,,,,,,,,,,,,,,,,,,,,,,,,,,,,,,,,,,,,,,,,,,,,,,,,,,,,,,,,,,,,,,,,,,,,,,,,,,,,,,,,,,,,,,,,,,,,,,,,,,,,,,,,,,
215,PET,OG,#3,-,H2_1,0.8164849714578907,1.8411795611650241,37.360429960147115,-0.6585334243114765,0.2818136796765208,-25.78998493149862,0.30969785521716037,,,,,,,,,,,,,,,,,,,,,,,,,,,162,,PE,LT,#5,#7,WAX_1,1.2121695359836915,2.7898180089186044,83.00764356257513,-0.4546107571071276,0.8814148053827738,-29.74797822911636,0.6416236270254929,,PP,HT,#2,#5,FT_1,1.4147760071079616,7.124387851958841,116.53690697954633,-0.5444961756612298,-3.7215110239906846,-75.6720088457713,0.35066056919588,162,,,,,,,,,,,,,,,,,,,,,,,,,,,,,,,,,,,,,,,,,,,,,,,,,,,,,,,,,,,,,,,,,,,,,,,,,,,,,,,,,,,,,,,,,,,,,,,,,,,,,,,,,,,,,,,,,,,,,,,,,,,,,,,,,,,,,,,,,,,,,,,,,,,,,,,,,,,,,,,,
216,PET,OG,#4,-,MeOH_1,1.024504743957718,4.615729328363312,54.99068447999999,-0.8605143523294382,-2.6452109461095685,-41.13549406790457,0.251955227382822,,,,,,,,,,,,,,,,,,,,,,,,,,,163,,PE,LT,#5,#8,WAX_1,1.2478027347190666,2.8922715932308996,84.2191438686071,-0.4863367654086083,0.7698003034483627,-30.85226106643214,0.6336668879635525,,PP,HT,#2,#10,MeOH_1,1.2927915861473278,6.0200018959231,112.83630482944702,-0.5291427535395512,-2.9862256024991463,-70.25816843772519,0.3773442993908656,163,,,,,,,,,,,,,,,,,,,,,,,,,,,,,,,,,,,,,,,,,,,,,,,,,,,,,,,,,,,,,,,,,,,,,,,,,,,,,,,,,,,,,,,,,,,,,,,,,,,,,,,,,,,,,,,,,,,,,,,,,,,,,,,,,,,,,,,,,,,,,,,,,,,,,,,,,,,,,,,,
217,PET,OG,#5,-,FT_1,1.6003079413577224,5.013551084699669,85.91944319999998,-0.886646924902038,-2.0798136938914307,-57.105018183849516,0.33536559296686025,,,,,,,,,,,,,,,,,,,,,,,,,,,164,,PE,LT,#5,#9,WAX_1,1.2075419620174623,2.730019453338663,82.82006863119595,-0.4490865473286996,0.9462321787586507,-29.653846151854562,0.6419485440913435,,PP,HT,#2,#11,FT_1,1.443637197708996,7.339922746551388,120.51905969547897,-0.6026166456977877,-3.867856012438872,-79.3528472323712,0.34157429179354976,164,,,,,,,,,,,,,,,,,,,,,,,,,,,,,,,,,,,,,,,,,,,,,,,,,,,,,,,,,,,,,,,,,,,,,,,,,,,,,,,,,,,,,,,,,,,,,,,,,,,,,,,,,,,,,,,,,,,,,,,,,,,,,,,,,,,,,,,,,,,,,,,,,,,,,,,,,,,,,,,,
218,PET,OG,#6,-,MeOH_1,0.8320050009583133,1.9721039530457667,36.976879883357064,-0.6059593876783333,0.036142755122784975,-23.483578649378714,0.3649118388718232,,,,,,,,,,,,,,,,,,,,,,,,,,,165,,PE,LT,#5,#10,WAX_1,1.2620640230233269,2.884376166030373,84.3689186985751,-0.5037572458412067,0.7630594825076634,-31.43237617276093,0.6274412821970683,,PP,HT,#3,#4,MeOH_1,1.3756375853249305,6.996084384154493,119.41453657496733,-0.5922676123967626,-4.027343408430223,-75.87010879628325,0.3646493050814404,165,,,,,,,,,,,,,,,,,,,,,,,,,,,,,,,,,,,,,,,,,,,,,,,,,,,,,,,,,,,,,,,,,,,,,,,,,,,,,,,,,,,,,,,,,,,,,,,,,,,,,,,,,,,,,,,,,,,,,,,,,,,,,,,,,,,,,,,,,,,,,,,,,,,,,,,,,,,,,,,,
219,PET,OG,#7,-,FT_1,1.135666032896655,2.1842178493181166,50.83259636335707,-0.5794112751185189,0.4248650150045741,-30.24838713441703,0.40494113426357004,,,,,,,,,,,,,,,,,,,,,,,,,,,166,,PE,LT,#5,#11,WAX_1,1.2700227341691888,2.9432430021608535,84.73007050860713,-0.5104566896636624,0.7168871307003233,-31.929307379156313,0.623164395031244,,PP,HT,#3,#5,FT_1,1.4952821800421383,7.797854114772376,123.20064041496735,-0.5937351825686089,-4.376502143061528,-81.03106171929326,0.3422837621106311,166,,,,,,,,,,,,,,,,,,,,,,,,,,,,,,,,,,,,,,,,,,,,,,,,,,,,,,,,,,,,,,,,,,,,,,,,,,,,,,,,,,,,,,,,,,,,,,,,,,,,,,,,,,,,,,,,,,,,,,,,,,,,,,,,,,,,,,,,,,,,,,,,,,,,,,,,,,,,,,,,
220,PET,OG,#8,-,H2_1,0.8268273776919894,1.8352358905976225,39.75336939530639,-0.6375301298370042,0.38926723568597493,-27.232029239699095,0.31497556926798936,,,,,,,,,,,,,,,,,,,,,,,,,,,167,,PE,LT,#2,-,WAX_1,1.1155323882896515,2.8763780557411702,73.075075755632,-0.43682344552778946,0.34351868992222073,-28.660238877631425,0.6077973429206806,,PP,HT,#3,#10,MeOH_1,1.373297759081505,6.6934681587366365,119.500038264868,-0.5783817604469303,-3.641216721569992,-75.61722131124712,0.3672201079664596,167,,,,,,,,,,,,,,,,,,,,,,,,,,,,,,,,,,,,,,,,,,,,,,,,,,,,,,,,,,,,,,,,,,,,,,,,,,,,,,,,,,,,,,,,,,,,,,,,,,,,,,,,,,,,,,,,,,,,,,,,,,,,,,,,,,,,,,,,,,,,,,,,,,,,,,,,,,,,,,,,
221,PET,OG,#9,-,MeOH_1,0.9810247031872038,3.8465566076503457,55.82671604335707,-0.7632860338201873,-1.8460203740675807,-42.68754612784031,0.23535631050396008,,,,,,,,,,,,,,,,,,,,,,,,,,,168,,PE,LT,#8,-,WAX_1,1.1782024332642071,3.174713888739567,77.99640271080767,-0.4764223693376041,0.05532322111928761,-34.39738747988469,0.5589875137264713,,PP,HT,#3,#11,FT_1,1.524143370643173,8.013389009364921,127.18279313089997,-0.6518556526051671,-4.522847131509714,-84.71190010589312,0.33393584131537857,168,,,,,,,,,,,,,,,,,,,,,,,,,,,,,,,,,,,,,,,,,,,,,,,,,,,,,,,,,,,,,,,,,,,,,,,,,,,,,,,,,,,,,,,,,,,,,,,,,,,,,,,,,,,,,,,,,,,,,,,,,,,,,,,,,,,,,,,,,,,,,,,,,,,,,,,,,,,,,,,,
222,PET,OG,#10,-,FT_1,1.30778516492647,4.1033351770178035,72.00183268335707,-0.7548209190352151,-1.4816183579049385,-51.24344070581248,0.28830366122531764,,,,,,,,,,,,,,,,,,,,,,,,,,,169,,PE,OG,#2,-,FT_1,1.3918993157352593,3.3260592030781897,84.60905728,-0.45805180555970537,0.19630995212737917,-46.49129603688072,0.4505163214025032,,PP,HT,#4,#4,MeOH_1,1.411945016912875,7.120838026239466,121.01953561496735,-0.5503680004162519,-4.229624728395348,-74.33444536957266,0.38576490984006717,169,,,,,,,,,,,,,,,,,,,,,,,,,,,,,,,,,,,,,,,,,,,,,,,,,,,,,,,,,,,,,,,,,,,,,,,,,,,,,,,,,,,,,,,,,,,,,,,,,,,,,,,,,,,,,,,,,,,,,,,,,,,,,,,,,,,,,,,,,,,,,,,,,,,,,,,,,,,,,,,,
223,PP,HT,#1,#1,MeOH_1,1.0474145997122772,2.87341769044136,74.34146313634636,-0.2749126811161199,0.13861654727818667,-29.60065119054673,0.6018285093978107,,,,,,,,,,,,,,,,,,,,,,,,,,,170,,PE,OG,#7,-,FT_1,1.1848558133459162,2.563732206032202,74.56901162592052,-0.46585093573343517,0.6302429120353695,-46.089293590836476,0.38192430627824453,,PP,HT,#4,#5,FT_1,1.5315896116300827,7.922607756857348,124.80563945496735,-0.5518355705880981,-4.578783463026651,-79.49539829258266,0.36304642450659147,170,,,,,,,,,,,,,,,,,,,,,,,,,,,,,,,,,,,,,,,,,,,,,,,,,,,,,,,,,,,,,,,,,,,,,,,,,,,,,,,,,,,,,,,,,,,,,,,,,,,,,,,,,,,,,,,,,,,,,,,,,,,,,,,,,,,,,,,,,,,,,,,,,,,,,,,,,,,,,,,,
224,PP,HT,#1,#2,FT_1,1.169677895335833,3.1255689074574673,76.15525480237835,-0.28746066402870085,0.17595052584861726,-35.433740924014515,0.5347170590399245,,,,,,,,,,,,,,,,,,,,,,,,,,,171,,PE,OG,#8,-,H2_1,0.8636611723795764,2.5749983279894613,64.44052435839897,-0.4345593913657226,0.6625168169771197,-32.70920089252027,0.49241255842982506,,PP,HT,#4,#10,MeOH_1,1.4096051906694493,6.818221800821609,121.10503730486799,-0.5364821484664196,-3.8434980415351165,-74.08155788453651,0.3882867341178821,171,,,,,,,,,,,,,,,,,,,,,,,,,,,,,,,,,,,,,,,,,,,,,,,,,,,,,,,,,,,,,,,,,,,,,,,,,,,,,,,,,,,,,,,,,,,,,,,,,,,,,,,,,,,,,,,,,,,,,,,,,,,,,,,,,,,,,,,,,,,,,,,,,,,,,,,,,,,,,,,,
225,PP,HT,#1,#3,JET FUEL_1,1.0801486895677648,2.7424270745233716,71.86143347419498,-0.37899722697400645,0.8594545758981764,-26.461255006597334,0.6317739053159939,,,,,,,,,,,,,,,,,,,,,,,,,,,172,,,,,,,,,,,,,,,PP,HT,#4,#11,FT_1,1.5604508022311174,8.138142651449895,128.7877921709,-0.6099560406246561,-4.725128451474839,-83.17623667918255,0.35416055142238473,172,,,,,,,,,,,,,,,,,,,,,,,,,,,,,,,,,,,,,,,,,,,,,,,,,,,,,,,,,,,,,,,,,,,,,,,,,,,,,,,,,,,,,,,,,,,,,,,,,,,,,,,,,,,,,,,,,,,,,,,,,,,,,,,,,,,,,,,,,,,,,,,,,,,,,,,,,,,,,,,,
226,PP,HT,#1,#4,MeOH_1,1.389561031313776,5.783925573701432,108.19129193634635,-0.6205144294306167,-2.9438869501807665,-65.81642690653344,0.39166613385801774,,,,,,,,,,,,,,,,,,,,,,,,,,,173,,,,,,,,,,,,,,,PP,HT,#5,#4,MeOH_1,1.364092537622697,6.774264566036079,118.5410165851064,-0.5759088902747787,-3.700957693389101,-73.95493517760131,0.3761236632848897,173,,,,,,,,,,,,,,,,,,,,,,,,,,,,,,,,,,,,,,,,,,,,,,,,,,,,,,,,,,,,,,,,,,,,,,,,,,,,,,,,,,,,,,,,,,,,,,,,,,,,,,,,,,,,,,,,,,,,,,,,,,,,,,,,,,,,,,,,,,,,,,,,,,,,,,,,,,,,,,,,
227,PP,HT,#1,#5,FT_1,1.5433196329499685,6.585695304319316,111.97739577634634,-0.656096006521448,-3.2930456848120735,-70.97737982954344,0.3661454676861094,,,,,,,,,,,,,,,,,,,,,,,,,,,174,,,,,,,,,,,,,,,PP,HT,#5,#5,FT_1,1.4837371323399058,7.57603429665396,122.32712042510639,-0.5773764604466259,-4.050116428020403,-79.1158881006113,0.35324327241848835,174,,,,,,,,,,,,,,,,,,,,,,,,,,,,,,,,,,,,,,,,,,,,,,,,,,,,,,,,,,,,,,,,,,,,,,,,,,,,,,,,,,,,,,,,,,,,,,,,,,,,,,,,,,,,,,,,,,,,,,,,,,,,,,,,,,,,,,,,,,,,,,,,,,,,,,,,,,,,,,,,
228,PP,HT,#1,#6,Olefin,0.848665257793778,0.9613683619861093,58.91169562428962,-0.2718779236666599,2.0357241590530535,-18.42735810433059,0.6872037392735834,,,,,,,,,,,,,,,,,,,,,,,,,,,175,,,,,,,,,,,,,,,PP,HT,#5,#10,MeOH_1,1.361752711379272,6.471648340618222,118.62651827500704,-0.5620230383249472,-3.314831006528869,-73.70204769256516,0.37870512627113706,175,,,,,,,,,,,,,,,,,,,,,,,,,,,,,,,,,,,,,,,,,,,,,,,,,,,,,,,,,,,,,,,,,,,,,,,,,,,,,,,,,,,,,,,,,,,,,,,,,,,,,,,,,,,,,,,,,,,,,,,,,,,,,,,,,,,,,,,,,,,,,,,,,,,,,,,,,,,,,,,,
229,PP,HT,#1,#7,MeOH_1,1.03849980588216,2.58817073242182,74.46458562624699,-0.2663525206860015,0.47145291389467625,-30.89763385004718,0.5850694180300857,,,,,,,,,,,,,,,,,,,,,,,,,,,176,,,,,,,,,,,,,,,PP,HT,#5,#11,FT_1,1.5125983229409403,7.7915691912465075,126.30927314103903,-0.6354969304831837,-4.1964614164685905,-82.7967264872112,0.3444920992082743,176,,,,,,,,,,,,,,,,,,,,,,,,,,,,,,,,,,,,,,,,,,,,,,,,,,,,,,,,,,,,,,,,,,,,,,,,,,,,,,,,,,,,,,,,,,,,,,,,,,,,,,,,,,,,,,,,,,,,,,,,,,,,,,,,,,,,,,,,,,,,,,,,,,,,,,,,,,,,,,,,
230,PP,HT,#1,#8,FT_1,1.172695319060734,3.360602753867464,80.648233292279,-0.31506548860403,0.006171022112423778,-38.81892390698,0.5186636790133331,,,,,,,,,,,,,,,,,,,,,,,,,,,177,,,,,,,,,,,,,,,PP,HT,#6,#3,MeOH_1,1.1769914899866327,4.519049264447777,90.78393427281597,-0.4548820043385454,-0.8807632790147665,-44.66550136375006,0.508002140229733,177,,,,,,,,,,,,,,,,,,,,,,,,,,,,,,,,,,,,,,,,,,,,,,,,,,,,,,,,,,,,,,,,,,,,,,,,,,,,,,,,,,,,,,,,,,,,,,,,,,,,,,,,,,,,,,,,,,,,,,,,,,,,,,,,,,,,,,,,,,,,,,,,,,,,,,,,,,,,,,,,
231,PP,HT,#1,#9,JET FUEL_1,1.0791379211877983,1.954535957961334,72.4629892274199,-0.35740880552049564,1.6653103607690796,-24.61978802985886,0.6602432732578638,,,,,,,,,,,,,,,,,,,,,,,,,,,178,,,,,,,,,,,,,,,PP,HT,#6,#4,MeOH_1,1.451033123170072,7.560547763625838,127.11379273496736,-0.6610284982325836,-4.68410480509371,-84.02067326368619,0.3390121445052816,178,,,,,,,,,,,,,,,,,,,,,,,,,,,,,,,,,,,,,,,,,,,,,,,,,,,,,,,,,,,,,,,,,,,,,,,,,,,,,,,,,,,,,,,,,,,,,,,,,,,,,,,,,,,,,,,,,,,,,,,,,,,,,,,,,,,,,,,,,,,,,,,,,,,,,,,,,,,,,,,,
232,PP,HT,#1,#10,MeOH_1,1.386220211376405,5.481309348283575,108.27679362624697,-0.6056275837868396,-2.5577602633205347,-65.56353942149728,0.39448207482194714,,,,,,,,,,,,,,,,,,,,,,,,,,,179,,,,,,,,,,,,,,,PP,HT,#6,#5,FT_1,1.5706777178872795,8.362317494243722,130.89989657496733,-0.6624960684044298,-5.033263539725017,-89.18162618669616,0.31870361612072634,179,,,,,,,,,,,,,,,,,,,,,,,,,,,,,,,,,,,,,,,,,,,,,,,,,,,,,,,,,,,,,,,,,,,,,,,,,,,,,,,,,,,,,,,,,,,,,,,,,,,,,,,,,,,,,,,,,,,,,,,,,,,,,,,,,,,,,,,,,,,,,,,,,,,,,,,,,,,,,,,,
233,PP,HT,#1,#11,FT_1,1.5774948446835106,6.801230198911863,115.959548492279,-0.7195304976905135,-3.439390673260261,-74.65821821614335,0.35617015427483867,,,,,,,,,,,,,,,,,,,,,,,,,,,180,,,,,,,,,,,,,,,PP,HT,#6,#9,MeOH_1,1.1771765958268312,3.731158147885741,91.38549002604088,-0.4344894571051991,-0.07490749414386451,-42.82403438701157,0.5313913141483556,180,,,,,,,,,,,,,,,,,,,,,,,,,,,,,,,,,,,,,,,,,,,,,,,,,,,,,,,,,,,,,,,,,,,,,,,,,,,,,,,,,,,,,,,,,,,,,,,,,,,,,,,,,,,,,,,,,,,,,,,,,,,,,,,,,,,,,,,,,,,,,,,,,,,,,,,,,,,,,,,,
234,PP,HT,#2,#1,MeOH_1,1.1956874969574498,3.412110238080884,78.90097433954635,-0.4401293733430816,-0.2898487919004238,-34.295280206774585,0.5653376844348388,,,,,,,,,,,,,,,,,,,,,,,,,,,181,,,,,,,,,,,,,,,PP,HT,#6,#10,MeOH_1,1.4486932969266457,7.257931538207981,127.19929442486797,-0.6471426462827512,-4.2979781182334795,-83.76778577865,0.34144457202057354,181,,,,,,,,,,,,,,,,,,,,,,,,,,,,,,,,,,,,,,,,,,,,,,,,,,,,,,,,,,,,,,,,,,,,,,,,,,,,,,,,,,,,,,,,,,,,,,,,,,,,,,,,,,,,,,,,,,,,,,,,,,,,,,,,,,,,,,,,,,,,,,,,,,,,,,,,,,,,,,,,
235,PP,HT,#2,#2,FT_1,1.3179507925810037,3.664261455096992,80.71476600557834,-0.45267735625566036,-0.2525148133299932,-40.12836994024237,0.5028373130949915,,,,,,,,,,,,,,,,,,,,,,,,,,,182,,,,,,,,,,,,,,,PP,HT,#6,#11,FT_1,1.5995389084883143,8.57785238883627,134.88204929089997,-0.7206165384409877,-5.179608528173205,-92.86246457329605,0.3115283682188155,182,,,,,,,,,,,,,,,,,,,,,,,,,,,,,,,,,,,,,,,,,,,,,,,,,,,,,,,,,,,,,,,,,,,,,,,,,,,,,,,,,,,,,,,,,,,,,,,,,,,,,,,,,,,,,,,,,,,,,,,,,,,,,,,,,,,,,,,,,,,,,,,,,,,,,,,,,,,,,,,,
236,PP,HT,#2,#3,H2_1,1.2284215868129378,3.2811196221628953,76.42094467739498,-0.5442139192009684,0.43098923671956657,-31.155884022825195,0.5923122364641354,,,,,,,,,,,,,,,,,,,,,,,,,,,183,,,,,,,,,,,,,,,PP,HT,#7,#3,H2_1,1.2151886835753494,4.830464488504673,92.50570003281597,-0.4788952091063845,-1.1012410119763432,-46.66842290514925,0.49550759695247065,183,,,,,,,,,,,,,,,,,,,,,,,,,,,,,,,,,,,,,,,,,,,,,,,,,,,,,,,,,,,,,,,,,,,,,,,,,,,,,,,,,,,,,,,,,,,,,,,,,,,,,,,,,,,,,,,,,,,,,,,,,,,,,,,,,,,,,,,,,,,,,,,,,,,,,,,,,,,,,,,,
237,PP,HT,#2,#4,MeOH_1,1.5378339285589493,6.322618121340958,112.75080313954638,-0.7857311216575791,-3.37235228935938,-70.51105592276134,0.37462923580692264,,,,,,,,,,,,,,,,,,,,,,,,,,,184,,,,,,,,,,,,,,,PP,HT,#7,#4,MeOH_1,1.489230316758787,7.8719629876827355,128.83555849496733,-0.6850417030004216,-4.904582538055289,-86.02359480508535,0.33229928282225224,184,,,,,,,,,,,,,,,,,,,,,,,,,,,,,,,,,,,,,,,,,,,,,,,,,,,,,,,,,,,,,,,,,,,,,,,,,,,,,,,,,,,,,,,,,,,,,,,,,,,,,,,,,,,,,,,,,,,,,,,,,,,,,,,,,,,,,,,,,,,,,,,,,,,,,,,,,,,,,,,,
238,PP,HT,#2,#5,FT_1,1.6915925301951396,7.124387851958841,116.53690697954633,-0.821312698748408,-3.7215110239906846,-75.6720088457713,0.35066056919588,,,,,,,,,,,,,,,,,,,,,,,,,,,185,,,,,,,,,,,,,,,PP,HT,#7,#5,FT_1,1.6088749114759957,8.673732718300617,132.62166233496737,-0.6865092731722687,-5.253741272686592,-91.1845477280954,0.3124460504967337,185,,,,,,,,,,,,,,,,,,,,,,,,,,,,,,,,,,,,,,,,,,,,,,,,,,,,,,,,,,,,,,,,,,,,,,,,,,,,,,,,,,,,,,,,,,,,,,,,,,,,,,,,,,,,,,,,,,,,,,,,,,,,,,,,,,,,,,,,,,,,,,,,,,,,,,,,,,,,,,,,
239,PP,HT,#2,#6,Olefin,0.9969381550389509,1.5000609096256334,63.47120682748963,-0.43709461589362175,1.6072588198744433,-23.12198712055846,0.6357090360137246,,,,,,,,,,,,,,,,,,,,,,,,,,,186,,,,,,,,,,,,,,,PP,HT,#7,#9,H2_1,1.2153737894155465,4.042573371942637,93.10725578604088,-0.458502661873037,-0.2953852271054408,-44.826955928410776,0.5185449775104265,186,,,,,,,,,,,,,,,,,,,,,,,,,,,,,,,,,,,,,,,,,,,,,,,,,,,,,,,,,,,,,,,,,,,,,,,,,,,,,,,,,,,,,,,,,,,,,,,,,,,,,,,,,,,,,,,,,,,,,,,,,,,,,,,,,,,,,,,,,,,,,,,,,,,,,,,,,,,,,,,,
240,PP,HT,#2,#7,MeOH_1,1.1867727031273332,3.126863280061344,79.02409682944699,-0.4315692129129636,0.04298757471606642,-35.59226286627505,0.5496024087046295,,,,,,,,,,,,,,,,,,,,,,,,,,,187,,,,,,,,,,,,,,,PP,HT,#7,#10,MeOH_1,1.4868904905153624,7.56934676226488,128.92106018486797,-0.6711558510505904,-4.518455851195059,-85.77070732004923,0.3347036768309442,187,,,,,,,,,,,,,,,,,,,,,,,,,,,,,,,,,,,,,,,,,,,,,,,,,,,,,,,,,,,,,,,,,,,,,,,,,,,,,,,,,,,,,,,,,,,,,,,,,,,,,,,,,,,,,,,,,,,,,,,,,,,,,,,,,,,,,,,,,,,,,,,,,,,,,,,,,,,,,,,,
241,PP,HT,#2,#8,FT_1,1.3209682163059073,3.8992953015069878,85.20774449547898,-0.48028218083099217,-0.4222943170661861,-43.51355292320785,0.4893239671950638,,,,,,,,,,,,,,,,,,,,,,,,,,,188,,,,,,,,,,,,,,,PP,HT,#7,#11,FT_1,1.6377361020770305,8.889267612893166,136.60381505089998,-0.7446297432088268,-5.4000862611347795,-94.86538611469527,0.3055436549898152,188,,,,,,,,,,,,,,,,,,,,,,,,,,,,,,,,,,,,,,,,,,,,,,,,,,,,,,,,,,,,,,,,,,,,,,,,,,,,,,,,,,,,,,,,,,,,,,,,,,,,,,,,,,,,,,,,,,,,,,,,,,,,,,,,,,,,,,,,,,,,,,,,,,,,,,,,,,,,,,,,
242,PP,HT,#2,#9,H2_1,1.2274108184329693,2.493228505600858,77.02250043061989,-0.5226254977474554,1.2368450215904694,-29.31441704608671,0.6194045002149408,,,,,,,,,,,,,,,,,,,,,,,,,,,189,,,,,,,,,,,,,,,PP,HT,#8,#4,MeOH_1,1.4019252282826258,5.602116538464152,105.08016827019142,-0.6536651383040186,-2.704835048822585,-62.81780855802609,0.4021915876980385,189,,,,,,,,,,,,,,,,,,,,,,,,,,,,,,,,,,,,,,,,,,,,,,,,,,,,,,,,,,,,,,,,,,,,,,,,,,,,,,,,,,,,,,,,,,,,,,,,,,,,,,,,,,,,,,,,,,,,,,,,,,,,,,,,,,,,,,,,,,,,,,,,,,,,,,,,,,,,,,,,
243,PP,HT,#2,#10,MeOH_1,1.5344931086215778,6.0200018959231,112.83630482944702,-0.7708442760138013,-2.9862256024991463,-70.25816843772519,0.3773442993908656,,,,,,,,,,,,,,,,,,,,,,,,,,,190,,,,,,,,,,,,,,,PP,HT,#8,#5,FT_1,1.5215698229998338,6.403886269082035,108.86627211019142,-0.6551327084758652,-3.0539937834538913,-67.97876148103609,0.3755755555565467,190,,,,,,,,,,,,,,,,,,,,,,,,,,,,,,,,,,,,,,,,,,,,,,,,,,,,,,,,,,,,,,,,,,,,,,,,,,,,,,,,,,,,,,,,,,,,,,,,,,,,,,,,,,,,,,,,,,,,,,,,,,,,,,,,,,,,,,,,,,,,,,,,,,,,,,,,,,,,,,,,
244,PP,HT,#2,#11,FT_1,1.7257677419286832,7.339922746551388,120.51905969547897,-0.8847471899174751,-3.867856012438872,-79.3528472323712,0.34157429179354976,,,,,,,,,,,,,,,,,,,,,,,,,,,191,,,,,,,,,,,,,,,PP,HT,#8,#10,MeOH_1,1.3995854020392,5.299500313046295,105.16566996009207,-0.6397792863541862,-2.318708361962354,-62.56492107298994,0.4050822754542249,191,,,,,,,,,,,,,,,,,,,,,,,,,,,,,,,,,,,,,,,,,,,,,,,,,,,,,,,,,,,,,,,,,,,,,,,,,,,,,,,,,,,,,,,,,,,,,,,,,,,,,,,,,,,,,,,,,,,,,,,,,,,,,,,,,,,,,,,,,,,,,,,,,,,,,,,,,,,,,,,,
245,PP,HT,#3,#1,MeOH_1,1.2915178782126135,4.085576500894419,85.56470777496735,-0.5046925885714474,-0.944839910971267,-39.65433308029654,0.5365573714739229,,,,,,,,,,,,,,,,,,,,,,,,,,,192,,,,,,,,,,,,,,,PP,HT,#8,#11,FT_1,1.5504310136008679,6.619421163674583,112.84842482612406,-0.7132531785124228,-3.2003387719020795,-71.65959986763598,0.36499246685943104,192,,,,,,,,,,,,,,,,,,,,,,,,,,,,,,,,,,,,,,,,,,,,,,,,,,,,,,,,,,,,,,,,,,,,,,,,,,,,,,,,,,,,,,,,,,,,,,,,,,,,,,,,,,,,,,,,,,,,,,,,,,,,,,,,,,,,,,,,,,,,,,,,,,,,,,,,,,,,,,,,
246,PP,HT,#3,#2,FT_1,1.4137811738361699,4.337727717910528,87.37849944099933,-0.5172405714840286,-0.9075059324008379,-45.487422813764304,0.4794208746457265,,,,,,,,,,,,,,,,,,,,,,,,,,,193,,,,,,,,,,,,,,,PP,HT,#9,#4,MeOH_1,1.491930520590712,6.014730338540532,108.16754488187141,-0.7611576947917446,-3.0503746319361986,-65.76691408511293,0.39199032244897253,193,,,,,,,,,,,,,,,,,,,,,,,,,,,,,,,,,,,,,,,,,,,,,,,,,,,,,,,,,,,,,,,,,,,,,,,,,,,,,,,,,,,,,,,,,,,,,,,,,,,,,,,,,,,,,,,,,,,,,,,,,,,,,,,,,,,,,,,,,,,,,,,,,,,,,,,,,,,,,,,,
247,PP,HT,#3,#3,H2_1,1.3242519680681013,3.954585884976432,83.08467811281596,-0.6087771344293341,-0.22400188235127896,-36.51493689634713,0.5605093775922732,,,,,,,,,,,,,,,,,,,,,,,,,,,194,,,,,,,,,,,,,,,PP,HT,#9,#5,FT_1,1.61157511530792,6.816500069158415,111.95364872187142,-0.7626252649635911,-3.3995333665675043,-70.92786700812293,0.3664532793894875,194,,,,,,,,,,,,,,,,,,,,,,,,,,,,,,,,,,,,,,,,,,,,,,,,,,,,,,,,,,,,,,,,,,,,,,,,,,,,,,,,,,,,,,,,,,,,,,,,,,,,,,,,,,,,,,,,,,,,,,,,,,,,,,,,,,,,,,,,,,,,,,,,,,,,,,,,,,,,,,,,
248,PP,HT,#3,#4,MeOH_1,1.6336643098141126,6.996084384154493,119.41453657496733,-0.8502943368859444,-4.027343408430223,-75.87010879628325,0.3646493050814404,,,,,,,,,,,,,,,,,,,,,,,,,,,195,,,,,,,,,,,,,,,PP,HT,#9,#8,FT_1,1.2924694068823328,3.5914075187065637,80.62448623780405,-0.47311335250982006,-0.10031665964300782,-38.76941108555947,0.519136023128159,195,,,,,,,,,,,,,,,,,,,,,,,,,,,,,,,,,,,,,,,,,,,,,,,,,,,,,,,,,,,,,,,,,,,,,,,,,,,,,,,,,,,,,,,,,,,,,,,,,,,,,,,,,,,,,,,,,,,,,,,,,,,,,,,,,,,,,,,,,,,,,,,,,,,,,,,,,,,,,,,,
249,PP,HT,#3,#5,FT_1,1.7874229114503026,7.797854114772376,123.20064041496735,-0.8858759139767731,-4.376502143061528,-81.03106171929326,0.3422837621106311,,,,,,,,,,,,,,,,,,,,,,,,,,,196,,,,,,,,,,,,,,,PP,HT,#9,#10,MeOH_1,1.4895906943472865,5.712114113122675,108.25304657177206,-0.7472718428419128,-2.6642479450759677,-65.51402660007678,0.39480662508060865,196,,,,,,,,,,,,,,,,,,,,,,,,,,,,,,,,,,,,,,,,,,,,,,,,,,,,,,,,,,,,,,,,,,,,,,,,,,,,,,,,,,,,,,,,,,,,,,,,,,,,,,,,,,,,,,,,,,,,,,,,,,,,,,,,,,,,,,,,,,,,,,,,,,,,,,,,,,,,,,,,
250,PP,HT,#3,#6,Olefin,1.0927685362941149,2.17352717243917,70.13494026291062,-0.5016578311219878,0.9522677008035979,-28.481039994080405,0.5939108255127152,,,,,,,,,,,,,,,,,,,,,,,,,,,197,,,,,,,,,,,,,,,PP,HT,#9,#11,FT_1,1.640436305908955,7.032034963750963,115.93580143780407,-0.8207457350001494,-3.545878355015693,-74.60870539472283,0.3564653500519589,197,,,,,,,,,,,,,,,,,,,,,,,,,,,,,,,,,,,,,,,,,,,,,,,,,,,,,,,,,,,,,,,,,,,,,,,,,,,,,,,,,,,,,,,,,,,,,,,,,,,,,,,,,,,,,,,,,,,,,,,,,,,,,,,,,,,,,,,,,,,,,,,,,,,,,,,,,,,,,,,,
251,PP,HT,#3,#7,MeOH_1,1.282603084382497,3.8003295428748802,85.68783026486797,-0.49613242814132946,-0.6120035443547794,-40.95131573979698,0.5220871433759826,,,,,,,,,,,,,,,,,,,,,,,,,,,198,,,,,,,,,,,,,,,PP,LT,#6,#1,MeOH_1,1.2597244657922637,4.652332204956178,97.9348507798318,-0.43860832758821106,-1.7753833700720778,-54.451484156778825,0.4440029905269201,198,,,,,,,,,,,,,,,,,,,,,,,,,,,,,,,,,,,,,,,,,,,,,,,,,,,,,,,,,,,,,,,,,,,,,,,,,,,,,,,,,,,,,,,,,,,,,,,,,,,,,,,,,,,,,,,,,,,,,,,,,,,,,,,,,,,,,,,,,,,,,,,,,,,,,,,,,,,,,,,,
252,PP,HT,#3,#8,FT_1,1.4167985975610708,4.572761564320524,91.87147793089996,-0.5448453960593577,-1.0772854361370316,-48.872605796729786,0.468032877042767,,,,,,,,,,,,,,,,,,,,,,,,,,,199,,,,,,,,,,,,,,,PP,LT,#6,#2,DIESEL_1,1.2914525741371523,4.718953688959049,99.28485301983183,-0.45469197160942554,-1.8610974313086626,-56.12339679070868,0.4347234740882558,199,,,,,,,,,,,,,,,,,,,,,,,,,,,,,,,,,,,,,,,,,,,,,,,,,,,,,,,,,,,,,,,,,,,,,,,,,,,,,,,,,,,,,,,,,,,,,,,,,,,,,,,,,,,,,,,,,,,,,,,,,,,,,,,,,,,,,,,,,,,,,,,,,,,,,,,,,,,,,,,,
253,PP,HT,#3,#9,H2_1,1.3232411996881348,3.1666947684143945,83.68623386604088,-0.587188712975823,0.5818539025196245,-34.67346991960866,0.5856729557801401,,,,,,,,,,,,,,,,,,,,,,,,,,,200,,,,,,,,,,,,,,,PP,LT,#6,#3,DIESEL_1,1.2469986952991914,4.4192809810001545,97.1531150624712,-0.4201375769469817,-1.5246206013336399,-53.40841550592177,0.45026553732652635,200,,,,,,,,,,,,,,,,,,,,,,,,,,,,,,,,,,,,,,,,,,,,,,,,,,,,,,,,,,,,,,,,,,,,,,,,,,,,,,,,,,,,,,,,,,,,,,,,,,,,,,,,,,,,,,,,,,,,,,,,,,,,,,,,,,,,,,,,,,,,,,,,,,,,,,,,,,,,,,,,
254,PP,HT,#3,#10,MeOH_1,1.6303234898767414,6.6934681587366365,119.500038264868,-0.835407491242167,-3.641216721569992,-75.61722131124712,0.3672201079664596,,,,,,,,,,,,,,,,,,,,,,,,,,,201,,,,,,,,,,,,,,,PP,LT,#6,#4,MeOH_1,1.300492394662395,4.849580797453288,100.91844181983184,-0.47787229568734035,-2.034301131344812,-57.775267254877065,0.4275053576627514,201,,,,,,,,,,,,,,,,,,,,,,,,,,,,,,,,,,,,,,,,,,,,,,,,,,,,,,,,,,,,,,,,,,,,,,,,,,,,,,,,,,,,,,,,,,,,,,,,,,,,,,,,,,,,,,,,,,,,,,,,,,,,,,,,,,,,,,,,,,,,,,,,,,,,,,,,,,,,,,,,
255,PP,HT,#3,#11,FT_1,1.8215981231838472,8.013389009364921,127.18279313089997,-0.9493104051458408,-4.522847131509714,-84.71190010589312,0.33393584131537857,,,,,,,,,,,,,,,,,,,,,,,,,,,202,,,,,,,,,,,,,,,PP,LT,#6,#5,DIESEL_1,1.3379808796704908,4.962798163473075,101.91723285983181,-0.4892105968658278,-2.0766017595944914,-57.962982373045406,0.43127397843735904,202,,,,,,,,,,,,,,,,,,,,,,,,,,,,,,,,,,,,,,,,,,,,,,,,,,,,,,,,,,,,,,,,,,,,,,,,,,,,,,,,,,,,,,,,,,,,,,,,,,,,,,,,,,,,,,,,,,,,,,,,,,,,,,,,,,,,,,,,,,,,,,,,,,,,,,,,,,,,,,,,
256,PP,HT,#4,#1,MeOH_1,1.3444603645685254,4.210330142979392,87.16970681496734,-0.47942803135890355,-1.1471212309363916,-38.11866965358595,0.5627073779828197,,,,,,,,,,,,,,,,,,,,,,,,,,,203,,,,,,,,,,,,,,,PP,LT,#6,#7,MeOH_1,1.252663051773667,4.55306698316163,97.5753457190482,-0.429893574049578,-1.6771823740093883,-54.04623974304206,0.4461076274465978,203,,,,,,,,,,,,,,,,,,,,,,,,,,,,,,,,,,,,,,,,,,,,,,,,,,,,,,,,,,,,,,,,,,,,,,,,,,,,,,,,,,,,,,,,,,,,,,,,,,,,,,,,,,,,,,,,,,,,,,,,,,,,,,,,,,,,,,,,,,,,,,,,,,,,,,,,,,,,,,,,
257,PP,HT,#4,#2,FT_1,1.466723660192081,4.4624813599955,88.98349848099932,-0.4919760142714844,-1.1097872523659627,-43.951759387053706,0.5060684268731158,,,,,,,,,,,,,,,,,,,,,,,,,,,204,,,,,,,,,,,,,,,PP,LT,#6,#8,DIESEL_1,1.2940254987234971,4.656865818271784,98.99665034508018,-0.4645114421104361,-1.8001536166901686,-55.96379440904731,0.4346900201777531,204,,,,,,,,,,,,,,,,,,,,,,,,,,,,,,,,,,,,,,,,,,,,,,,,,,,,,,,,,,,,,,,,,,,,,,,,,,,,,,,,,,,,,,,,,,,,,,,,,,,,,,,,,,,,,,,,,,,,,,,,,,,,,,,,,,,,,,,,,,,,,,,,,,,,,,,,,,,,,,,,
258,PP,HT,#4,#3,JET FUEL_1,1.377194454424013,4.0793395270614035,84.68967715281597,-0.5835125772167903,-0.4262832023164019,-34.97927346963655,0.5869712266523445,,,,,,,,,,,,,,,,,,,,,,,,,,,205,,,,,,,,,,,,,,,PP,LT,#6,#10,MeOH_1,1.2945278419560384,4.818565465464942,101.24461419904823,-0.4689060926089371,-1.9956498070288404,-58.07538396167642,0.426385448538532,205,,,,,,,,,,,,,,,,,,,,,,,,,,,,,,,,,,,,,,,,,,,,,,,,,,,,,,,,,,,,,,,,,,,,,,,,,,,,,,,,,,,,,,,,,,,,,,,,,,,,,,,,,,,,,,,,,,,,,,,,,,,,,,,,,,,,,,,,,,,,,,,,,,,,,,,,,,,,,,,,
259,PP,HT,#4,#4,MeOH_1,1.6866067961700237,7.120838026239466,121.01953561496735,-0.8250297796734004,-4.229624728395348,-74.33444536957266,0.38576490984006717,,,,,,,,,,,,,,,,,,,,,,,,,,,206,,,,,,,,,,,,,,,PP,LT,#6,#11,DIESEL_1,1.3052830304840397,4.825428064471061,100.80575499904819,-0.4747760533858044,-1.973545003262947,-57.80245468791529,0.426595687037302,206,,,,,,,,,,,,,,,,,,,,,,,,,,,,,,,,,,,,,,,,,,,,,,,,,,,,,,,,,,,,,,,,,,,,,,,,,,,,,,,,,,,,,,,,,,,,,,,,,,,,,,,,,,,,,,,,,,,,,,,,,,,,,,,,,,,,,,,,,,,,,,,,,,,,,,,,,,,,,,,,
260,PP,HT,#4,#5,FT_1,1.840365397806214,7.922607756857348,124.80563945496735,-0.8606113567642294,-4.578783463026651,-79.49539829258266,0.36304642450659147,,,,,,,,,,,,,,,,,,,,,,,,,,,207,,,,,,,,,,,,,,,PP,LT,#7,#1,DIESEL_1,1.3209956049573794,5.1828924616746805,100.87052741983184,-0.47453323162744665,-2.143710748278427,-57.95472849476574,0.4254542929714925,207,,,,,,,,,,,,,,,,,,,,,,,,,,,,,,,,,,,,,,,,,,,,,,,,,,,,,,,,,,,,,,,,,,,,,,,,,,,,,,,,,,,,,,,,,,,,,,,,,,,,,,,,,,,,,,,,,,,,,,,,,,,,,,,,,,,,,,,,,,,,,,,,,,,,,,,,,,,,,,,,
261,PP,HT,#4,#6,Olefin,1.145711022650026,2.2982808145241425,71.7399393029106,-0.47639327390944375,0.7499863808384737,-26.945376567369795,0.6244020160987706,,,,,,,,,,,,,,,,,,,,,,,,,,,208,,,,,,,,,,,,,,,PP,LT,#7,#2,DIESEL_1,1.3527237133022687,5.249513945677552,102.22052965983185,-0.49061687564866163,-2.229424809515012,-59.626641128695596,0.41668624368196533,208,,,,,,,,,,,,,,,,,,,,,,,,,,,,,,,,,,,,,,,,,,,,,,,,,,,,,,,,,,,,,,,,,,,,,,,,,,,,,,,,,,,,,,,,,,,,,,,,,,,,,,,,,,,,,,,,,,,,,,,,,,,,,,,,,,,,,,,,,,,,,,,,,,,,,,,,,,,,,,,,
262,PP,HT,#4,#7,MeOH_1,1.335545570738408,3.9250831849598526,87.29282930486798,-0.4708678709287855,-0.814284864319903,-39.41565231308638,0.5484663216101264,,,,,,,,,,,,,,,,,,,,,,,,,,,209,,,,,,,,,,,,,,,PP,LT,#7,#3,DIESEL_1,1.3082698344643073,4.949841237718658,100.08879170247118,-0.45606248098621777,-1.8929479795399908,-56.911659843908666,0.43138828158614373,209,,,,,,,,,,,,,,,,,,,,,,,,,,,,,,,,,,,,,,,,,,,,,,,,,,,,,,,,,,,,,,,,,,,,,,,,,,,,,,,,,,,,,,,,,,,,,,,,,,,,,,,,,,,,,,,,,,,,,,,,,,,,,,,,,,,,,,,,,,,,,,,,,,,,,,,,,,,,,,,,
263,PP,HT,#4,#8,FT_1,1.4697410839169818,4.697515206405496,93.47647697089998,-0.5195808388468137,-1.279566756102155,-47.33694237001921,0.4935951385421211,,,,,,,,,,,,,,,,,,,,,,,,,,,210,,,,,,,,,,,,,,,PP,LT,#7,#4,DIESEL_1,1.3617635338275107,5.380141054171791,103.85411845983185,-0.5137971997265758,-2.4026285095511626,-61.27851159286397,0.4099558832944603,210,,,,,,,,,,,,,,,,,,,,,,,,,,,,,,,,,,,,,,,,,,,,,,,,,,,,,,,,,,,,,,,,,,,,,,,,,,,,,,,,,,,,,,,,,,,,,,,,,,,,,,,,,,,,,,,,,,,,,,,,,,,,,,,,,,,,,,,,,,,,,,,,,,,,,,,,,,,,,,,,
264,PP,HT,#4,#9,JET FUEL_1,1.3761836860440462,3.2914484104993673,85.29123290604089,-0.5619241557632794,0.3795725825544998,-33.13780649289807,0.6114746455898513,,,,,,,,,,,,,,,,,,,,,,,,,,,211,,,,,,,,,,,,,,,PP,LT,#7,#5,DIESEL_1,1.3992520188356068,5.493358420191577,104.85290949983185,-0.5251355009050633,-2.4449291378008406,-61.46622671103234,0.4137861600194231,211,,,,,,,,,,,,,,,,,,,,,,,,,,,,,,,,,,,,,,,,,,,,,,,,,,,,,,,,,,,,,,,,,,,,,,,,,,,,,,,,,,,,,,,,,,,,,,,,,,,,,,,,,,,,,,,,,,,,,,,,,,,,,,,,,,,,,,,,,,,,,,,,,,,,,,,,,,,,,,,,
265,PP,HT,#4,#10,MeOH_1,1.6832659762326523,6.818221800821609,121.10503730486799,-0.8101429340296227,-3.8434980415351165,-74.08155788453651,0.3882867341178821,,,,,,,,,,,,,,,,,,,,,,,,,,,212,,,,,,,,,,,,,,,PP,LT,#7,#7,DIESEL_1,1.3139341909387834,5.083627239880132,100.5110223590482,-0.46581847808881416,-2.0455097522157373,-57.549484081028965,0.4274311142170145,212,,,,,,,,,,,,,,,,,,,,,,,,,,,,,,,,,,,,,,,,,,,,,,,,,,,,,,,,,,,,,,,,,,,,,,,,,,,,,,,,,,,,,,,,,,,,,,,,,,,,,,,,,,,,,,,,,,,,,,,,,,,,,,,,,,,,,,,,,,,,,,,,,,,,,,,,,,,,,,,,
266,PP,HT,#4,#11,FT_1,1.8745406095397583,8.138142651449895,128.7877921709,-0.9240458479332968,-4.725128451474839,-83.17623667918255,0.35416055142238473,,,,,,,,,,,,,,,,,,,,,,,,,,,213,,,,,,,,,,,,,,,PP,LT,#7,#8,DIESEL_1,1.3552966378886127,5.187426074990287,101.93232698508021,-0.5004363461496717,-2.168480994896518,-59.467038747034245,0.41660275492642873,213,,,,,,,,,,,,,,,,,,,,,,,,,,,,,,,,,,,,,,,,,,,,,,,,,,,,,,,,,,,,,,,,,,,,,,,,,,,,,,,,,,,,,,,,,,,,,,,,,,,,,,,,,,,,,,,,,,,,,,,,,,,,,,,,,,,,,,,,,,,,,,,,,,,,,,,,,,,,,,,,
267,PP,HT,#5,#1,MeOH_1,1.276948513476303,3.8637566827760046,84.6911877851064,-0.4853095494153861,-0.6184541959301445,-37.739159461614584,0.5543909531960619,,,,,,,,,,,,,,,,,,,,,,,,,,,214,,,,,,,,,,,,,,,PP,LT,#7,#9,DIESEL_1,1.3016902509328718,4.923708339146027,99.67306006796873,-0.44990851267859494,-1.8699651480002495,-56.506916914570866,0.4330773342763044,214,,,,,,,,,,,,,,,,,,,,,,,,,,,,,,,,,,,,,,,,,,,,,,,,,,,,,,,,,,,,,,,,,,,,,,,,,,,,,,,,,,,,,,,,,,,,,,,,,,,,,,,,,,,,,,,,,,,,,,,,,,,,,,,,,,,,,,,,,,,,,,,,,,,,,,,,,,,,,,,,
268,PP,HT,#5,#2,FT_1,1.3992118090998593,4.115907899792114,86.5049794511384,-0.49785753232796764,-0.5811202173597151,-43.57224919508238,0.49630357152221755,,,,,,,,,,,,,,,,,,,,,,,,,,,215,,,,,,,,,,,,,,,PP,LT,#7,#10,DIESEL_1,1.3557989811211548,5.349125722183445,104.1802908390482,-0.5048309966481733,-2.3639771852351905,-61.578628299663286,0.40892247656710534,215,,,,,,,,,,,,,,,,,,,,,,,,,,,,,,,,,,,,,,,,,,,,,,,,,,,,,,,,,,,,,,,,,,,,,,,,,,,,,,,,,,,,,,,,,,,,,,,,,,,,,,,,,,,,,,,,,,,,,,,,,,,,,,,,,,,,,,,,,,,,,,,,,,,,,,,,,,,,,,,,
269,PP,HT,#5,#3,H2_1,1.3096826033317928,3.7327660668580167,82.21115812295504,-0.589394095273275,0.10238383268984466,-34.59976327766521,0.5791354352906963,,,,,,,,,,,,,,,,,,,,,,,,,,,216,,,,,,,,,,,,,,,PP,LT,#7,#11,DIESEL_1,1.3665541696491557,5.355988321189563,103.7414316390482,-0.5107009574250402,-2.3418723814692965,-61.30569902590219,0.4090528918165924,216,,,,,,,,,,,,,,,,,,,,,,,,,,,,,,,,,,,,,,,,,,,,,,,,,,,,,,,,,,,,,,,,,,,,,,,,,,,,,,,,,,,,,,,,,,,,,,,,,,,,,,,,,,,,,,,,,,,,,,,,,,,,,,,,,,,,,,,,,,,,,,,,,,,,,,,,,,,,,,,,
270,PP,HT,#5,#4,MeOH_1,1.619094945077802,6.774264566036079,118.5410165851064,-0.8309112977298831,-3.700957693389101,-73.95493517760131,0.3761236632848897,,,,,,,,,,,,,,,,,,,,,,,,,,,217,,,,,,,,,,,,,,,PP,HT,#4,-,MeOH_1,1.2179425840638667,4.093876367710986,91.1485727798098,-0.5651493998728346,-1.341905970638435,-54.176850908391074,0.40562041449329506,217,,,,,,,,,,,,,,,,,,,,,,,,,,,,,,,,,,,,,,,,,,,,,,,,,,,,,,,,,,,,,,,,,,,,,,,,,,,,,,,,,,,,,,,,,,,,,,,,,,,,,,,,,,,,,,,,,,,,,,,,,,,,,,,,,,,,,,,,,,,,,,,,,,,,,,,,,,,,,,,,
271,PP,HT,#5,#5,FT_1,1.7728535467139945,7.57603429665396,122.32712042510639,-0.8664928748207146,-4.050116428020403,-79.1158881006113,0.35324327241848835,,,,,,,,,,,,,,,,,,,,,,,,,,,218,,,,,,,,,,,,,,,PP,HT,#5,-,FT_1,1.3246452861443048,5.030733464681105,95.57942077980978,-0.47712772012308663,-1.5980655546635898,-52.082513679211004,0.45508653165836166,218,,,,,,,,,,,,,,,,,,,,,,,,,,,,,,,,,,,,,,,,,,,,,,,,,,,,,,,,,,,,,,,,,,,,,,,,,,,,,,,,,,,,,,,,,,,,,,,,,,,,,,,,,,,,,,,,,,,,,,,,,,,,,,,,,,,,,,,,,,,,,,,,,,,,,,,,,,,,,,,,
272,PP,HT,#5,#6,Olefin,1.0781991715578059,1.9517073543207548,69.26142027304968,-0.4822747919659283,1.2786534158447218,-26.56586637539846,0.616440635050975,,,,,,,,,,,,,,,,,,,,,,,,,,,219,,,,,,,,,,,,,,,PP,HT,#10,-,MeOH_1,1.3583295382739016,7.244896020591651,123.18678653399944,-0.5665964606567074,-4.302403280249021,-80.0542332618678,0.3501394466542651,219,,,,,,,,,,,,,,,,,,,,,,,,,,,,,,,,,,,,,,,,,,,,,,,,,,,,,,,,,,,,,,,,,,,,,,,,,,,,,,,,,,,,,,,,,,,,,,,,,,,,,,,,,,,,,,,,,,,,,,,,,,,,,,,,,,,,,,,,,,,,,,,,,,,,,,,,,,,,,,,,
273,PP,HT,#5,#7,MeOH_1,1.268033719646186,3.5785097247564654,84.81431027500703,-0.47674938898526803,-0.2856178293136552,-39.036142121115034,0.5397458047522653,,,,,,,,,,,,,,,,,,,,,,,,,,,220,,,,,,,,,,,,,,,PP,HT,#11,-,FT_1,1.335626223427574,6.938188867696175,119.98818237399942,-0.44304260413527163,-3.4497271193091583,-78.31990045749757,0.34726988185072366,220,,,,,,,,,,,,,,,,,,,,,,,,,,,,,,,,,,,,,,,,,,,,,,,,,,,,,,,,,,,,,,,,,,,,,,,,,,,,,,,,,,,,,,,,,,,,,,,,,,,,,,,,,,,,,,,,,,,,,,,,,,,,,,,,,,,,,,,,,,,,,,,,,,,,,,,,,,,,,,,,
274,PP,HT,#5,#8,FT_1,1.40222923282476,4.35094174620211,90.99795794103903,-0.5254623569032966,-0.7508997210959074,-46.957432178047846,0.4839726820191579,,,,,,,,,,,,,,,,,,,,,,,,,,,221,,,,,,,,,,,,,,,PP,LT,#10,-,MeOH_1,1.2897346429943133,4.7283230151288445,99.45395215940701,-0.4630706867714581,-1.9067931418740007,-56.17715900043082,0.43514402614801245,221,,,,,,,,,,,,,,,,,,,,,,,,,,,,,,,,,,,,,,,,,,,,,,,,,,,,,,,,,,,,,,,,,,,,,,,,,,,,,,,,,,,,,,,,,,,,,,,,,,,,,,,,,,,,,,,,,,,,,,,,,,,,,,,,,,,,,,,,,,,,,,,,,,,,,,,,,,,,,,,,
275,PP,HT,#5,#9,H2_1,1.308671834951824,2.9448749502959792,82.81271387617994,-0.5678056738197619,0.9082396175607481,-32.75829630092673,0.6044291417631074,,,,,,,,,,,,,,,,,,,,,,,,,,,222,,,,,,,,,,,,,,,PP,SG,#4,-,MeOH_1,1.2704940345380111,9.152078962064623,142.54637502408676,-0.42306315835724434,-6.138011008848294,-95.82689898881823,0.3277493098465262,222,,,,,,,,,,,,,,,,,,,,,,,,,,,,,,,,,,,,,,,,,,,,,,,,,,,,,,,,,,,,,,,,,,,,,,,,,,,,,,,,,,,,,,,,,,,,,,,,,,,,,,,,,,,,,,,,,,,,,,,,,,,,,,,,,,,,,,,,,,,,,,,,,,,,,,,,,,,,,,,,
276,PP,HT,#5,#10,MeOH_1,1.6157541251404324,6.471648340618222,118.62651827500704,-0.8160244520861076,-3.314831006528869,-73.70204769256516,0.37870512627113706,,,,,,,,,,,,,,,,,,,,,,,,,,,223,,,,,,,,,,,,,,,PP,SG,#5,-,FT_1,1.468470685414999,10.914697239132812,150.97061149011878,-0.47552089670384445,-7.170534527355541,-107.5289964918719,0.28774881792864826,223,,,,,,,,,,,,,,,,,,,,,,,,,,,,,,,,,,,,,,,,,,,,,,,,,,,,,,,,,,,,,,,,,,,,,,,,,,,,,,,,,,,,,,,,,,,,,,,,,,,,,,,,,,,,,,,,,,,,,,,,,,,,,,,,,,,,,,,,,,,,,,,,,,,,,,,,,,,,,,,,
277,PP,HT,#5,#11,FT_1,1.8070287584475389,7.7915691912465075,126.30927314103903,-0.9299273659897823,-4.1964614164685905,-82.7967264872112,0.3444920992082743,,,,,,,,,,,,,,,,,,,,,,,,,,,224,,,,,,,,,,,,,,,PP,SG,#9,-,MeOH_1,1.2917816673346278,9.251383825552624,144.50676593710494,-0.4289693697758399,-6.16561939977165,-97.89389345987938,0.32256532886157946,224,,,,,,,,,,,,,,,,,,,,,,,,,,,,,,,,,,,,,,,,,,,,,,,,,,,,,,,,,,,,,,,,,,,,,,,,,,,,,,,,,,,,,,,,,,,,,,,,,,,,,,,,,,,,,,,,,,,,,,,,,,,,,,,,,,,,,,,,,,,,,,,,,,,,,,,,,,,,,,,,
278,PP,HT,#6,#1,MeOH_1,1.3856612364222578,4.650039880365766,93.26396393496732,-0.5922012947717713,-1.6016013076347562,-47.80489754769943,0.4874237001009989,,,,,,,,,,,,,,,,,,,,,,,,,,,225,,,,,,,,,,,,,,,PP,SG,#10,-,FT_1,1.4897583182116156,11.014002102620811,152.93100240313697,-0.5175124492566906,-7.194664136254006,-110.21335158511513,0.27932629844022777,225,,,,,,,,,,,,,,,,,,,,,,,,,,,,,,,,,,,,,,,,,,,,,,,,,,,,,,,,,,,,,,,,,,,,,,,,,,,,,,,,,,,,,,,,,,,,,,,,,,,,,,,,,,,,,,,,,,,,,,,,,,,,,,,,,,,,,,,,,,,,,,,,,,,,,,,,,,,,,,,,
279,PP,HT,#6,#2,FT_1,1.5079245320458134,4.902191097381875,95.07775560099935,-0.604749277684352,-1.5642673290643279,-53.63798728116725,0.43585135195804453,,,,,,,,,,,,,,,,,,,,,,,,,,,226,,,,,,,,,,,,,,,PP,OG,#4,-,MeOH_1,1.0373467488911134,5.759154490941914,96.80473423999999,-0.6003368987304507,-3.3072109013951327,-70.32358494576144,0.273552213144721,226,,,,,,,,,,,,,,,,,,,,,,,,,,,,,,,,,,,,,,,,,,,,,,,,,,,,,,,,,,,,,,,,,,,,,,,,,,,,,,,,,,,,,,,,,,,,,,,,,,,,,,,,,,,,,,,,,,,,,,,,,,,,,,,,,,,,,,,,,,,,,,,,,,,,,,,,,,,,,,,,
280,PP,HT,#6,#3,MeOH_1,1.4183953262777453,4.519049264447777,90.78393427281597,-0.6962858406296579,-0.8807632790147665,-44.66550136375006,0.508002140229733,,,,,,,,,,,,,,,,,,,,,,,,,,,227,,,,,,,,,,,,,,,PP,OG,#5,-,FT_1,1.4987129118138875,6.969296316699843,122.75122544000001,-0.5701649044588843,-3.4822564744513347,-84.10997005553465,0.31479323522805036,227,,,,,,,,,,,,,,,,,,,,,,,,,,,,,,,,,,,,,,,,,,,,,,,,,,,,,,,,,,,,,,,,,,,,,,,,,,,,,,,,,,,,,,,,,,,,,,,,,,,,,,,,,,,,,,,,,,,,,,,,,,,,,,,,,,,,,,,,,,,,,,,,,,,,,,,,,,,,,,,,
281,PP,HT,#6,#4,MeOH_1,1.7278076680237564,7.560547763625838,127.11379273496736,-0.9378030430862682,-4.68410480509371,-84.02067326368619,0.3390121445052816,,,,,,,,,,,,,,,,,,,,,,,,,,,228,,,,,,,,,,,,,,,PP,OG,#9,-,MeOH_1,1.0057707279731571,5.237517140817601,99.37936423252322,-0.5295030073401228,-2.7699032799533927,-74.2401895400311,0.25296171782375915,228,,,,,,,,,,,,,,,,,,,,,,,,,,,,,,,,,,,,,,,,,,,,,,,,,,,,,,,,,,,,,,,,,,,,,,,,,,,,,,,,,,,,,,,,,,,,,,,,,,,,,,,,,,,,,,,,,,,,,,,,,,,,,,,,,,,,,,,,,,,,,,,,,,,,,,,,,,,,,,,,
282,PP,HT,#6,#5,FT_1,1.881566269659947,8.362317494243722,130.89989657496733,-0.9733846201770978,-5.033263539725017,-89.18162618669616,0.31870361612072634,,,,,,,,,,,,,,,,,,,,,,,,,,,229,,,,,,,,,,,,,,,PP,OG,#10,-,FT_1,1.1266741636096569,5.83040360087723,103.2814562325232,-0.42873905370284804,-2.722086915233648,-75.69644846365122,0.2670857748826502,229,,,,,,,,,,,,,,,,,,,,,,,,,,,,,,,,,,,,,,,,,,,,,,,,,,,,,,,,,,,,,,,,,,,,,,,,,,,,,,,,,,,,,,,,,,,,,,,,,,,,,,,,,,,,,,,,,,,,,,,,,,,,,,,,,,,,,,,,,,,,,,,,,,,,,,,,,,,,,,,,
283,PP,HT,#6,#6,Olefin,1.1869118945037584,2.737990551910517,77.83419642291061,-0.5891665373223113,0.2955063041401082,-36.63160446148331,0.5293636197842116,,,,,,,,,,,,,,,,,,,,,,,,,,,230,,,,,,,,,,,,,,,PVC,HT,#1,#1,JET FUEL_1,0.7988845806712481,1.546691455750759,28.664933457788806,-0.5308352721806102,-0.2406860133156079,-13.793231337709969,0.5188116742701845,230,,,,,,,,,,,,,,,,,,,,,,,,,,,,,,,,,,,,,,,,,,,,,,,,,,,,,,,,,,,,,,,,,,,,,,,,,,,,,,,,,,,,,,,,,,,,,,,,,,,,,,,,,,,,,,,,,,,,,,,,,,,,,,,,,,,,,,,,,,,,,,,,,,,,,,,,,,,,,,,,
284,PP,HT,#6,#7,MeOH_1,1.376746442592141,4.364792922346227,93.38708642486796,-0.5836411343416532,-1.2687649410182682,-49.101880207199876,0.47421124175767637,,,,,,,,,,,,,,,,,,,,,,,,,,,231,,,,,,,,,,,,,,,PVC,HT,#1,#2,JET FUEL_1,0.986745276547736,1.7859640161006245,39.1387456177888,-0.5921483776647841,-0.30145175277419867,-19.2187517566854,0.5089584131191379,231,,,,,,,,,,,,,,,,,,,,,,,,,,,,,,,,,,,,,,,,,,,,,,,,,,,,,,,,,,,,,,,,,,,,,,,,,,,,,,,,,,,,,,,,,,,,,,,,,,,,,,,,,,,,,,,,,,,,,,,,,,,,,,,,,,,,,,,,,,,,,,,,,,,,,,,,,,,,,,,,
285,PP,HT,#6,#8,FT_1,1.5109419557707149,5.137224943791872,99.57073409089998,-0.6323541022596814,-1.734046832800521,-57.0231702641327,0.4273099341411384,,,,,,,,,,,,,,,,,,,,,,,,,,,232,,,,,,,,,,,,,,,PVC,HT,#1,#4,JET FUEL_1,0.8803979135291362,1.9874999824862292,33.91168385778881,-0.6245239048080561,-0.76355254076108,-19.178522551530534,0.43445678982037256,232,,,,,,,,,,,,,,,,,,,,,,,,,,,,,,,,,,,,,,,,,,,,,,,,,,,,,,,,,,,,,,,,,,,,,,,,,,,,,,,,,,,,,,,,,,,,,,,,,,,,,,,,,,,,,,,,,,,,,,,,,,,,,,,,,,,,,,,,,,,,,,,,,,,,,,,,,,,,,,,,
286,PP,HT,#6,#9,MeOH_1,1.4173845578977788,3.731158147885741,91.38549002604088,-0.6746974191761467,-0.07490749414386451,-42.82403438701157,0.5313913141483556,,,,,,,,,,,,,,,,,,,,,,,,,,,233,,,,,,,,,,,,,,,PVC,HT,#1,#5,JET FUEL_1,1.0574276201034336,2.2008232867904938,43.3833526577888,-0.6605433966374673,-0.7254824623290744,-23.845681419642663,0.45034950139194607,233,,,,,,,,,,,,,,,,,,,,,,,,,,,,,,,,,,,,,,,,,,,,,,,,,,,,,,,,,,,,,,,,,,,,,,,,,,,,,,,,,,,,,,,,,,,,,,,,,,,,,,,,,,,,,,,,,,,,,,,,,,,,,,,,,,,,,,,,,,,,,,,,,,,,,,,,,,,,,,,,
287,PP,HT,#6,#10,MeOH_1,1.7244668480863854,7.257931538207981,127.19929442486797,-0.9229161974424909,-4.2979781182334795,-83.76778577865,0.34144457202057354,,,,,,,,,,,,,,,,,,,,,,,,,,,234,,,,,,,,,,,,,,,PVC,HT,#1,#11,JET FUEL_1,0.8839661218777537,1.4260313748799451,32.90295616478356,-0.5951013630017389,-0.11055780042120993,-18.123560378021843,0.4491813961257467,234,,,,,,,,,,,,,,,,,,,,,,,,,,,,,,,,,,,,,,,,,,,,,,,,,,,,,,,,,,,,,,,,,,,,,,,,,,,,,,,,,,,,,,,,,,,,,,,,,,,,,,,,,,,,,,,,,,,,,,,,,,,,,,,,,,,,,,,,,,,,,,,,,,,,,,,,,,,,,,,,
288,PP,HT,#6,#11,FT_1,1.9157414813934914,8.57785238883627,134.88204929089997,-1.036819111346165,-5.179608528173205,-92.86246457329605,0.3115283682188155,,,,,,,,,,,,,,,,,,,,,,,,,,,235,,,,,,,,,,,,,,,PVC,HT,#2,#1,DIESEL_1,0.8530778294110428,1.815391087755892,31.567856013859046,-0.596823430440145,-0.4074239883330971,-16.385438485795376,0.4809454757205629,235,,,,,,,,,,,,,,,,,,,,,,,,,,,,,,,,,,,,,,,,,,,,,,,,,,,,,,,,,,,,,,,,,,,,,,,,,,,,,,,,,,,,,,,,,,,,,,,,,,,,,,,,,,,,,,,,,,,,,,,,,,,,,,,,,,,,,,,,,,,,,,,,,,,,,,,,,,,,,,,,
289,PP,HT,#7,#1,MeOH_1,1.4353252229756404,4.961455104422662,94.98572969496735,-0.6276812925042765,-1.8220790405963327,-49.80781908909865,0.47562839966541165,,,,,,,,,,,,,,,,,,,,,,,,,,,236,,,,,,,,,,,,,,,PVC,HT,#2,#2,FT_1,1.0409385252875296,2.0546636481057576,42.041668173859044,-0.6581365359243176,-0.4681897277916878,-21.810958904770818,0.4812061497042931,236,,,,,,,,,,,,,,,,,,,,,,,,,,,,,,,,,,,,,,,,,,,,,,,,,,,,,,,,,,,,,,,,,,,,,,,,,,,,,,,,,,,,,,,,,,,,,,,,,,,,,,,,,,,,,,,,,,,,,,,,,,,,,,,,,,,,,,,,,,,,,,,,,,,,,,,,,,,,,,,,
290,PP,HT,#7,#2,FT_1,1.557588518599197,5.21360632143877,96.79952136099934,-0.640229275416858,-1.7847450620259038,-55.640908822566445,0.4251943807132891,,,,,,,,,,,,,,,,,,,,,,,,,,,237,,,,,,,,,,,,,,,PVC,HT,#2,#4,DIESEL_1,0.9345911622689306,2.2561996144913627,36.814606413859046,-0.6905120630675905,-0.9302905157785699,-21.770729699615938,0.40863880344459586,237,,,,,,,,,,,,,,,,,,,,,,,,,,,,,,,,,,,,,,,,,,,,,,,,,,,,,,,,,,,,,,,,,,,,,,,,,,,,,,,,,,,,,,,,,,,,,,,,,,,,,,,,,,,,,,,,,,,,,,,,,,,,,,,,,,,,,,,,,,,,,,,,,,,,,,,,,,,,,,,,
291,PP,HT,#7,#3,H2_1,1.4680593128311301,4.830464488504673,92.50570003281597,-0.7317658383621652,-1.1012410119763432,-46.66842290514925,0.49550759695247065,,,,,,,,,,,,,,,,,,,,,,,,,,,238,,,,,,,,,,,,,,,PVC,HT,#2,#5,FT_1,1.1116208688432265,2.4695229187956262,46.28627521385905,-0.7265315548970004,-0.8922204373465633,-26.437888567728077,0.42881797151368034,238,,,,,,,,,,,,,,,,,,,,,,,,,,,,,,,,,,,,,,,,,,,,,,,,,,,,,,,,,,,,,,,,,,,,,,,,,,,,,,,,,,,,,,,,,,,,,,,,,,,,,,,,,,,,,,,,,,,,,,,,,,,,,,,,,,,,,,,,,,,,,,,,,,,,,,,,,,,,,,,,
292,PP,HT,#7,#4,MeOH_1,1.7774716545771396,7.8719629876827355,128.83555849496733,-0.9732830408187738,-4.904582538055289,-86.02359480508535,0.33229928282225224,,,,,,,,,,,,,,,,,,,,,,,,,,,239,,,,,,,,,,,,,,,PVC,HT,#2,#10,DIESEL_1,0.8890458089920114,1.4805226935853213,34.174511310821806,-0.6133864761197889,-0.08012927827187598,-19.014723620425876,0.443599253037318,239,,,,,,,,,,,,,,,,,,,,,,,,,,,,,,,,,,,,,,,,,,,,,,,,,,,,,,,,,,,,,,,,,,,,,,,,,,,,,,,,,,,,,,,,,,,,,,,,,,,,,,,,,,,,,,,,,,,,,,,,,,,,,,,,,,,,,,,,,,,,,,,,,,,,,,,,,,,,,,,,
293,PP,HT,#7,#5,FT_1,1.9312302562133319,8.673732718300617,132.62166233496737,-1.0088646179096046,-5.253741272686592,-91.1845477280954,0.3124460504967337,,,,,,,,,,,,,,,,,,,,,,,,,,,240,,,,,,,,,,,,,,,PVC,HT,#2,#11,DIESEL_1,0.9381593706175485,1.6947310068850783,35.80587872085381,-0.6610895212612736,-0.2772957754386991,-20.715767526107253,0.421442280816247,240,,,,,,,,,,,,,,,,,,,,,,,,,,,,,,,,,,,,,,,,,,,,,,,,,,,,,,,,,,,,,,,,,,,,,,,,,,,,,,,,,,,,,,,,,,,,,,,,,,,,,,,,,,,,,,,,,,,,,,,,,,,,,,,,,,,,,,,,,,,,,,,,,,,,,,,,,,,,,,,,
294,PP,HT,#7,#6,Olefin,1.2365758810571417,3.049405775967412,79.55596218291062,-0.6246465350548169,0.07502857117853284,-38.63452600288251,0.5143729653592,,,,,,,,,,,,,,,,,,,,,,,,,,,241,,,,,,,,,,,,,,,PVC,HT,#3,#1,MeOH_1,0.9087820984083002,2.2427216577306757,35.475655669021315,-0.6336180382948093,-0.8486351190769058,-20.062465251647247,0.43447231986845136,241,,,,,,,,,,,,,,,,,,,,,,,,,,,,,,,,,,,,,,,,,,,,,,,,,,,,,,,,,,,,,,,,,,,,,,,,,,,,,,,,,,,,,,,,,,,,,,,,,,,,,,,,,,,,,,,,,,,,,,,,,,,,,,,,,,,,,,,,,,,,,,,,,,,,,,,,,,,,,,,,
295,PP,HT,#7,#7,MeOH_1,1.4264104291455233,4.676208146403123,95.10885218486797,-0.6191211320741583,-1.4892426739798448,-51.104801748599094,0.4626703973961955,,,,,,,,,,,,,,,,,,,,,,,,,,,242,,,,,,,,,,,,,,,PVC,HT,#3,#2,MeOH_1,1.096642794284787,2.481994218080541,45.94946782902131,-0.6949311437789821,-0.9094008585354966,-25.48798567062268,0.44530400731812875,242,,,,,,,,,,,,,,,,,,,,,,,,,,,,,,,,,,,,,,,,,,,,,,,,,,,,,,,,,,,,,,,,,,,,,,,,,,,,,,,,,,,,,,,,,,,,,,,,,,,,,,,,,,,,,,,,,,,,,,,,,,,,,,,,,,,,,,,,,,,,,,,,,,,,,,,,,,,,,,,,
296,PP,HT,#7,#8,FT_1,1.5606059423240972,5.448640167848767,101.29249985089999,-0.6678340999921865,-1.9545245657620969,-59.02609180553192,0.4172708552714481,,,,,,,,,,,,,,,,,,,,,,,,,,,243,,,,,,,,,,,,,,,PVC,HT,#3,#3,MeOH_1,0.9025519393162259,1.6208779249163094,33.169244708264706,-0.610567587924098,-0.20252969195834844,-17.205868642732295,0.4812704119715712,243,,,,,,,,,,,,,,,,,,,,,,,,,,,,,,,,,,,,,,,,,,,,,,,,,,,,,,,,,,,,,,,,,,,,,,,,,,,,,,,,,,,,,,,,,,,,,,,,,,,,,,,,,,,,,,,,,,,,,,,,,,,,,,,,,,,,,,,,,,,,,,,,,,,,,,,,,,,,,,,,
297,PP,HT,#7,#9,H2_1,1.4670485444511616,4.042573371942637,93.10725578604088,-0.710177416908652,-0.2953852271054408,-44.826955928410776,0.5185449775104265,,,,,,,,,,,,,,,,,,,,,,,,,,,244,,,,,,,,,,,,,,,PVC,HT,#3,#4,MeOH_1,0.9902954312661881,2.683530184466147,40.72240606902132,-0.7273066709222551,-1.3715016465223788,-25.447756465467812,0.3750920212735996,244,,,,,,,,,,,,,,,,,,,,,,,,,,,,,,,,,,,,,,,,,,,,,,,,,,,,,,,,,,,,,,,,,,,,,,,,,,,,,,,,,,,,,,,,,,,,,,,,,,,,,,,,,,,,,,,,,,,,,,,,,,,,,,,,,,,,,,,,,,,,,,,,,,,,,,,,,,,,,,,,
298,PP,HT,#7,#10,MeOH_1,1.7741308346397702,7.56934676226488,128.92106018486797,-0.9583961951749982,-4.518455851195059,-85.77070732004923,0.3347036768309442,,,,,,,,,,,,,,,,,,,,,,,,,,,245,,,,,,,,,,,,,,,PVC,HT,#3,#5,FT_1,1.1673251378404854,2.8968534887704096,50.194074869021314,-0.7633261627516663,-1.3334315680903719,-30.11491533357993,0.40003047347394777,245,,,,,,,,,,,,,,,,,,,,,,,,,,,,,,,,,,,,,,,,,,,,,,,,,,,,,,,,,,,,,,,,,,,,,,,,,,,,,,,,,,,,,,,,,,,,,,,,,,,,,,,,,,,,,,,,,,,,,,,,,,,,,,,,,,,,,,,,,,,,,,,,,,,,,,,,,,,,,,,,
299,PP,HT,#7,#11,FT_1,1.9654054679468758,8.889267612893166,136.60381505089998,-1.072299109078672,-5.4000862611347795,-94.86538611469527,0.3055436549898152,,,,,,,,,,,,,,,,,,,,,,,,,,,246,,,,,,,,,,,,,,,PVC,HT,#3,#7,MeOH_1,0.8801057690192302,1.6662673789947906,35.081237749984076,-0.5867305462720341,-0.2602101844055444,-19.56758398654223,0.4422208211125301,246,,,,,,,,,,,,,,,,,,,,,,,,,,,,,,,,,,,,,,,,,,,,,,,,,,,,,,,,,,,,,,,,,,,,,,,,,,,,,,,,,,,,,,,,,,,,,,,,,,,,,,,,,,,,,,,,,,,,,,,,,,,,,,,,,,,,,,,,,,,,,,,,,,,,,,,,,,,,,,,,
300,PP,HT,#8,#1,MeOH_1,1.2431593273622825,2.691608655204079,71.2303394701914,-0.4914439206706771,0.3776684486363685,-26.602032842039346,0.6265350826641531,,,,,,,,,,,,,,,,,,,,,,,,,,,247,,,,,,,,,,,,,,,PVC,HT,#3,#8,MeOH_1,0.9301850461241506,1.8200868611153822,36.656199016016075,-0.6341597896640969,-0.41573332163865745,-21.217709347874926,0.42116995440240984,247,,,,,,,,,,,,,,,,,,,,,,,,,,,,,,,,,,,,,,,,,,,,,,,,,,,,,,,,,,,,,,,,,,,,,,,,,,,,,,,,,,,,,,,,,,,,,,,,,,,,,,,,,,,,,,,,,,,,,,,,,,,,,,,,,,,,,,,,,,,,,,,,,,,,,,,,,,,,,,,,
301,PP,HT,#8,#2,FT_1,1.3654226229858386,2.943759872220187,73.0441311362234,-0.5039919035832583,0.4150024272067985,-32.43512257550714,0.5559516956260679,,,,,,,,,,,,,,,,,,,,,,,,,,,248,,,,,,,,,,,,,,,PVC,HT,#3,#9,MeOH_1,0.892457122157997,1.6711486510665314,36.257031420070405,-0.5978386151213534,-0.24893241514938652,-20.55335416602621,0.43312087721972964,248,,,,,,,,,,,,,,,,,,,,,,,,,,,,,,,,,,,,,,,,,,,,,,,,,,,,,,,,,,,,,,,,,,,,,,,,,,,,,,,,,,,,,,,,,,,,,,,,,,,,,,,,,,,,,,,,,,,,,,,,,,,,,,,,,,,,,,,,,,,,,,,,,,,,,,,,,,,,,,,,
302,PP,HT,#8,#3,H2_1,1.2758934172177703,2.560618039286091,68.75030980804006,-0.5955284665285638,1.098506477256358,-23.46263665808997,0.6587268228521334,,,,,,,,,,,,,,,,,,,,,,,,,,,249,,,,,,,,,,,,,,,PVC,HT,#3,#10,MeOH_1,0.9447500779892698,1.9078532635601053,38.08231096598408,-0.6501810839744545,-0.5213404090156853,-22.691750386277754,0.40413935471125945,249,,,,,,,,,,,,,,,,,,,,,,,,,,,,,,,,,,,,,,,,,,,,,,,,,,,,,,,,,,,,,,,,,,,,,,,,,,,,,,,,,,,,,,,,,,,,,,,,,,,,,,,,,,,,,,,,,,,,,,,,,,,,,,,,,,,,,,,,,,,,,,,,,,,,,,,,,,,,,,,,
303,PP,HT,#8,#4,MeOH_1,1.5853057589637813,5.602116538464152,105.08016827019142,-0.8370456689851742,-2.704835048822585,-62.81780855802609,0.4021915876980385,,,,,,,,,,,,,,,,,,,,,,,,,,,250,,,,,,,,,,,,,,,PVC,HT,#3,#11,MeOH_1,0.9938636396148058,2.122061576859862,39.713678376016084,-0.6978841291159381,-0.7185069061825085,-24.392794291959124,0.38578355646123064,250,,,,,,,,,,,,,,,,,,,,,,,,,,,,,,,,,,,,,,,,,,,,,,,,,,,,,,,,,,,,,,,,,,,,,,,,,,,,,,,,,,,,,,,,,,,,,,,,,,,,,,,,,,,,,,,,,,,,,,,,,,,,,,,,,,,,,,,,,,,,,,,,,,,,,,,,,,,,,,,,
304,PP,HT,#8,#5,FT_1,1.739064360599972,6.403886269082035,108.86627211019142,-0.8726272460760033,-3.0539937834538913,-67.97876148103609,0.3755755555565467,,,,,,,,,,,,,,,,,,,,,,,,,,,251,,,,,,,,,,,,,,,PVC,HT,#4,#1,DIESEL_1,0.9389198706722124,2.3454346797832057,36.60551101505332,-0.6397946939891175,-0.8644339280394632,-20.669071717974123,0.43535628530156667,251,,,,,,,,,,,,,,,,,,,,,,,,,,,,,,,,,,,,,,,,,,,,,,,,,,,,,,,,,,,,,,,,,,,,,,,,,,,,,,,,,,,,,,,,,,,,,,,,,,,,,,,,,,,,,,,,,,,,,,,,,,,,,,,,,,,,,,,,,,,,,,,,,,,,,,,,,,,,,,,,
305,PP,HT,#8,#6,Olefin,1.0444099854437838,0.7795593267488293,55.80057195813468,-0.4884091632212175,2.2747760604112344,-15.428739755823221,0.7235021216736113,,,,,,,,,,,,,,,,,,,,,,,,,,,252,,,,,,,,,,,,,,,PVC,HT,#4,#2,FT_1,1.1267805665486994,2.584707240133071,47.07932317505332,-0.7011077994732903,-0.9251996674980539,-26.09459213694957,0.44573136618971765,252,,,,,,,,,,,,,,,,,,,,,,,,,,,,,,,,,,,,,,,,,,,,,,,,,,,,,,,,,,,,,,,,,,,,,,,,,,,,,,,,,,,,,,,,,,,,,,,,,,,,,,,,,,,,,,,,,,,,,,,,,,,,,,,,,,,,,,,,,,,,,,,,,,,,,,,,,,,,,,,,
306,PP,HT,#8,#7,MeOH_1,1.2342445335321652,2.40636169718454,71.35346196009205,-0.48288376024055873,0.7105048152528575,-27.899015501539807,0.6090026365203736,,,,,,,,,,,,,,,,,,,,,,,,,,,253,,,,,,,,,,,,,,,PVC,HT,#4,#3,DIESEL_1,0.9326897115801382,1.7235909469688397,34.29910005429671,-0.6167442436184061,-0.21832850092090578,-17.812475109059168,0.48067223102468054,253,,,,,,,,,,,,,,,,,,,,,,,,,,,,,,,,,,,,,,,,,,,,,,,,,,,,,,,,,,,,,,,,,,,,,,,,,,,,,,,,,,,,,,,,,,,,,,,,,,,,,,,,,,,,,,,,,,,,,,,,,,,,,,,,,,,,,,,,,,,,,,,,,,,,,,,,,,,,,,,,
307,PP,HT,#8,#8,FT_1,1.3684400467107394,3.178793718630183,77.53710962612405,-0.5315967281585872,0.24522292347060562,-35.82030555847262,0.5380237188206467,,,,,,,,,,,,,,,,,,,,,,,,,,,254,,,,,,,,,,,,,,,PVC,HT,#4,#4,DIESEL_1,1.0204332035301005,2.786243206518677,41.85226141505331,-0.7334833266165632,-1.3873004554849362,-26.054362931794692,0.37746821674913067,254,,,,,,,,,,,,,,,,,,,,,,,,,,,,,,,,,,,,,,,,,,,,,,,,,,,,,,,,,,,,,,,,,,,,,,,,,,,,,,,,,,,,,,,,,,,,,,,,,,,,,,,,,,,,,,,,,,,,,,,,,,,,,,,,,,,,,,,,,,,,,,,,,,,,,,,,,,,,,,,,
308,PP,HT,#8,#9,H2_1,1.2748826488378038,1.7727269227240539,69.35186556126494,-0.5739400450750528,1.904362262127261,-21.621169681351482,0.6882395375182591,,,,,,,,,,,,,,,,,,,,,,,,,,,255,,,,,,,,,,,,,,,PVC,HT,#4,#5,FT_1,1.1974629101043976,2.999566510822941,51.32393021505332,-0.7695028184459745,-1.34923037705293,-30.72152179990681,0.40141914948485014,255,,,,,,,,,,,,,,,,,,,,,,,,,,,,,,,,,,,,,,,,,,,,,,,,,,,,,,,,,,,,,,,,,,,,,,,,,,,,,,,,,,,,,,,,,,,,,,,,,,,,,,,,,,,,,,,,,,,,,,,,,,,,,,,,,,,,,,,,,,,,,,,,,,,,,,,,,,,,,,,,
309,PP,HT,#8,#10,MeOH_1,1.5819649390264099,5.299500313046295,105.16566996009207,-0.8221588233413963,-2.318708361962354,-62.56492107298994,0.4050822754542249,,,,,,,,,,,,,,,,,,,,,,,,,,,256,,,,,,,,,,,,,,,PVC,HT,#4,#7,DIESEL_1,0.9102435412831426,1.7689804010473207,36.21109309601608,-0.5929072019663423,-0.2760089933681014,-20.174190452869112,0.4428726468053331,256,,,,,,,,,,,,,,,,,,,,,,,,,,,,,,,,,,,,,,,,,,,,,,,,,,,,,,,,,,,,,,,,,,,,,,,,,,,,,,,,,,,,,,,,,,,,,,,,,,,,,,,,,,,,,,,,,,,,,,,,,,,,,,,,,,,,,,,,,,,,,,,,,,,,,,,,,,,,,,,,
310,PP,HT,#8,#11,FT_1,1.7732395723335155,6.619421163674583,112.84842482612406,-0.9360617372450704,-3.2003387719020795,-71.65959986763598,0.36499246685943104,,,,,,,,,,,,,,,,,,,,,,,,,,,257,,,,,,,,,,,,,,,PVC,HT,#4,#8,DIESEL_1,0.9603228183880629,1.9227998831679127,37.78605436204807,-0.640336445358405,-0.43153213060121476,-21.8243158142018,0.42242406139864347,257,,,,,,,,,,,,,,,,,,,,,,,,,,,,,,,,,,,,,,,,,,,,,,,,,,,,,,,,,,,,,,,,,,,,,,,,,,,,,,,,,,,,,,,,,,,,,,,,,,,,,,,,,,,,,,,,,,,,,,,,,,,,,,,,,,,,,,,,,,,,,,,,,,,,,,,,,,,,,,,,
311,PP,HT,#9,#1,MeOH_1,1.364046840314635,3.1042224552804583,74.3177160818714,-0.6298186978026691,0.032128865522756275,-29.551138369126193,0.6023675117172403,,,,,,,,,,,,,,,,,,,,,,,,,,,258,,,,,,,,,,,,,,,PVC,HT,#4,#9,DIESEL_1,0.9225948944219093,1.7738616731190615,37.38688676610241,-0.6040152708156614,-0.26473122411194355,-21.159960632353084,0.43402720946697804,258,,,,,,,,,,,,,,,,,,,,,,,,,,,,,,,,,,,,,,,,,,,,,,,,,,,,,,,,,,,,,,,,,,,,,,,,,,,,,,,,,,,,,,,,,,,,,,,,,,,,,,,,,,,,,,,,,,,,,,,,,,,,,,,,,,,,,,,,,,,,,,,,,,,,,,,,,,,,,,,,
312,PP,HT,#9,#2,FT_1,1.486310135938189,3.356373672296567,76.13150774790343,-0.642366680715248,0.06946284409318566,-35.384228102594,0.5352222864183529,,,,,,,,,,,,,,,,,,,,,,,,,,,259,,,,,,,,,,,,,,,PVC,HT,#4,#10,DIESEL_1,0.974887850253182,2.010566285612635,39.21216631201607,-0.6563577396687624,-0.537139217978242,-23.298356852604627,0.40583856889678804,259,,,,,,,,,,,,,,,,,,,,,,,,,,,,,,,,,,,,,,,,,,,,,,,,,,,,,,,,,,,,,,,,,,,,,,,,,,,,,,,,,,,,,,,,,,,,,,,,,,,,,,,,,,,,,,,,,,,,,,,,,,,,,,,,,,,,,,,,,,,,,,,,,,,,,,,,,,,,,,,,
313,PP,HT,#9,#3,H2_1,1.3967809301701226,2.9732318393624713,71.83768641972004,-0.7339032436605558,0.7529668941427449,-26.411742185176806,0.6323414143536983,,,,,,,,,,,,,,,,,,,,,,,,,,,260,,,,,,,,,,,,,,,PVC,HT,#4,#11,DIESEL_1,1.0240014118787182,2.224774598912392,40.84353372204808,-0.7040607848102463,-0.7343057151450655,-24.999400758286,0.3879226775916582,260,,,,,,,,,,,,,,,,,,,,,,,,,,,,,,,,,,,,,,,,,,,,,,,,,,,,,,,,,,,,,,,,,,,,,,,,,,,,,,,,,,,,,,,,,,,,,,,,,,,,,,,,,,,,,,,,,,,,,,,,,,,,,,,,,,,,,,,,,,,,,,,,,,,,,,,,,,,,,,,,
314,PP,HT,#9,#4,MeOH_1,1.7061932719161337,6.014730338540532,108.16754488187141,-0.9754204461171659,-3.0503746319361986,-65.76691408511293,0.39199032244897253,,,,,,,,,,,,,,,,,,,,,,,,,,,261,,,,,,,,,,,,,,,PVC,HT,#5,#1,DIESEL_1,0.9058434423435799,2.1087927960191544,34.999567778085606,-0.6291707526973335,-0.6210965319256947,-18.6536175276655,0.4670329174937654,261,,,,,,,,,,,,,,,,,,,,,,,,,,,,,,,,,,,,,,,,,,,,,,,,,,,,,,,,,,,,,,,,,,,,,,,,,,,,,,,,,,,,,,,,,,,,,,,,,,,,,,,,,,,,,,,,,,,,,,,,,,,,,,,,,,,,,,,,,,,,,,,,,,,,,,,,,,,,,,,,
315,PP,HT,#9,#5,FT_1,1.8599518735523242,6.816500069158415,111.95364872187142,-1.0110020232079955,-3.3995333665675043,-70.92786700812293,0.3664532793894875,,,,,,,,,,,,,,,,,,,,,,,,,,,262,,,,,,,,,,,,,,,PVC,HT,#5,#2,FT_1,1.0937041382200672,2.3480653563690193,45.47337993808561,-0.6904838581815066,-0.6818622713842851,-24.07913794664094,0.470478377032322,262,,,,,,,,,,,,,,,,,,,,,,,,,,,,,,,,,,,,,,,,,,,,,,,,,,,,,,,,,,,,,,,,,,,,,,,,,,,,,,,,,,,,,,,,,,,,,,,,,,,,,,,,,,,,,,,,,,,,,,,,,,,,,,,,,,,,,,,,,,,,,,,,,,,,,,,,,,,,,,,,
316,PP,HT,#9,#6,Olefin,1.165297498396136,1.1921731268252094,58.88794856981466,-0.6267839403532093,1.9292364772976214,-18.37784528291005,0.6879183987684309,,,,,,,,,,,,,,,,,,,,,,,,,,,263,,,,,,,,,,,,,,,PVC,HT,#5,#4,DIESEL_1,0.987356775201468,2.549601322754625,40.2463181780856,-0.7228593853247793,-1.1439630593711674,-24.038908741486072,0.40270539443840553,263,,,,,,,,,,,,,,,,,,,,,,,,,,,,,,,,,,,,,,,,,,,,,,,,,,,,,,,,,,,,,,,,,,,,,,,,,,,,,,,,,,,,,,,,,,,,,,,,,,,,,,,,,,,,,,,,,,,,,,,,,,,,,,,,,,,,,,,,,,,,,,,,,,,,,,,,,,,,,,,,
317,PP,HT,#9,#7,MeOH_1,1.355132046484518,2.818975497260919,74.44083857177202,-0.6212585373725511,0.36496523213924525,-30.848121028626647,0.5856021826126465,,,,,,,,,,,,,,,,,,,,,,,,,,,264,,,,,,,,,,,,,,,PVC,HT,#5,#5,FT_1,1.1643864817757656,2.7629246270588887,49.71798697808561,-0.7588788771541909,-1.105892980939161,-28.706067609598197,0.42262208600177065,264,,,,,,,,,,,,,,,,,,,,,,,,,,,,,,,,,,,,,,,,,,,,,,,,,,,,,,,,,,,,,,,,,,,,,,,,,,,,,,,,,,,,,,,,,,,,,,,,,,,,,,,,,,,,,,,,,,,,,,,,,,,,,,,,,,,,,,,,,,,,,,,,,,,,,,,,,,,,,,,,
318,PP,HT,#9,#8,FT_1,1.4893275596630922,3.5914075187065637,80.62448623780405,-0.6699715052905797,-0.10031665964300782,-38.76941108555947,0.519136023128159,,,,,,,,,,,,,,,,,,,,,,,,,,,265,,,,,,,,,,,,,,,PVC,HT,#5,#7,DIESEL_1,0.87716711295451,1.532338517283269,34.60514985904836,-0.5822832606745583,-0.0326715972543332,-18.158736262560485,0.4752591352291908,265,,,,,,,,,,,,,,,,,,,,,,,,,,,,,,,,,,,,,,,,,,,,,,,,,,,,,,,,,,,,,,,,,,,,,,,,,,,,,,,,,,,,,,,,,,,,,,,,,,,,,,,,,,,,,,,,,,,,,,,,,,,,,,,,,,,,,,,,,,,,,,,,,,,,,,,,,,,,,,,,
319,PP,HT,#9,#9,H2_1,1.3957701617901561,2.185340722800434,72.43924217294494,-0.7123148222070447,1.5588226790136475,-24.57027520843832,0.6608154023784779,,,,,,,,,,,,,,,,,,,,,,,,,,,266,,,,,,,,,,,,,,,PVC,HT,#5,#8,DIESEL_1,0.9272463900594305,1.6861579994038605,36.18011112508036,-0.6297125040666212,-0.18819473448744595,-19.808861623893176,0.45249306848697035,266,,,,,,,,,,,,,,,,,,,,,,,,,,,,,,,,,,,,,,,,,,,,,,,,,,,,,,,,,,,,,,,,,,,,,,,,,,,,,,,,,,,,,,,,,,,,,,,,,,,,,,,,,,,,,,,,,,,,,,,,,,,,,,,,,,,,,,,,,,,,,,,,,,,,,,,,,,,,,,,,
320,PP,HT,#9,#10,MeOH_1,1.7028524519787631,5.712114113122675,108.25304657177206,-0.9605336004733892,-2.6642479450759677,-65.51402660007678,0.39480662508060865,,,,,,,,,,,,,,,,,,,,,,,,,,,267,,,,,,,,,,,,,,,PVC,HT,#5,#9,DIESEL_1,0.8895184660932768,1.5372197893550097,35.780943529134696,-0.5933913295238773,-0.021393827998174877,-19.144506442044467,0.464952442451496,267,,,,,,,,,,,,,,,,,,,,,,,,,,,,,,,,,,,,,,,,,,,,,,,,,,,,,,,,,,,,,,,,,,,,,,,,,,,,,,,,,,,,,,,,,,,,,,,,,,,,,,,,,,,,,,,,,,,,,,,,,,,,,,,,,,,,,,,,,,,,,,,,,,,,,,,,,,,,,,,,
321,PP,HT,#9,#11,FT_1,1.8941270852858683,7.032034963750963,115.93580143780407,-1.0744365143770627,-3.545878355015693,-74.60870539472283,0.3564653500519589,,,,,,,,,,,,,,,,,,,,,,,,,,,268,,,,,,,,,,,,,,,PVC,HT,#5,#10,DIESEL_1,0.9418114219245495,1.7739244018485836,37.60622307504836,-0.6457337983769784,-0.2938018218644737,-21.282902662296003,0.43405902209793684,268,,,,,,,,,,,,,,,,,,,,,,,,,,,,,,,,,,,,,,,,,,,,,,,,,,,,,,,,,,,,,,,,,,,,,,,,,,,,,,,,,,,,,,,,,,,,,,,,,,,,,,,,,,,,,,,,,,,,,,,,,,,,,,,,,,,,,,,,,,,,,,,,,,,,,,,,,,,,,,,,
322,PP,LT,#1,#1,GASOLINE_1,1.1719414051074593,2.127229719780866,71.64056914935549,-0.3582212962593157,0.8122069381664363,-26.2377583659394,0.6337583763294901,,,,,,,,,,,,,,,,,,,,,,,,,,,269,,,,,,,,,,,,,,,PVC,HT,#5,#11,DIESEL_1,0.9909249835500858,1.9881327151483406,39.23759048508036,-0.6934368435184624,-0.49096831903129695,-22.98394656797737,0.4142365450111736,269,,,,,,,,,,,,,,,,,,,,,,,,,,,,,,,,,,,,,,,,,,,,,,,,,,,,,,,,,,,,,,,,,,,,,,,,,,,,,,,,,,,,,,,,,,,,,,,,,,,,,,,,,,,,,,,,,,,,,,,,,,,,,,,,,,,,,,,,,,,,,,,,,,,,,,,,,,,,,,,,
323,PP,LT,#1,#2,GASOLINE_1,1.2200987842607502,2.1938512037837365,72.9905713893555,-0.39073421108893247,0.7264928769298526,-27.909670999869274,0.617626352710818,,,,,,,,,,,,,,,,,,,,,,,,,,,270,,,,,,,,,,,,,,,PVC,HT,#6,#1,MeOH_1,0.9735994329839562,2.709070601511461,41.573824949021315,-0.6945961573486609,-1.375959150423991,-26.425884358546234,0.364362447021649,270,,,,,,,,,,,,,,,,,,,,,,,,,,,,,,,,,,,,,,,,,,,,,,,,,,,,,,,,,,,,,,,,,,,,,,,,,,,,,,,,,,,,,,,,,,,,,,,,,,,,,,,,,,,,,,,,,,,,,,,,,,,,,,,,,,,,,,,,,,,,,,,,,,,,,,,,,,,,,,,,
324,PP,LT,#1,#3,GASOLINE_1,1.1568390092335894,1.8941784958248424,70.85883343199487,-0.3373739202372887,1.0629697069048747,-25.194689715082355,0.6444382655655434,,,,,,,,,,,,,,,,,,,,,,,,,,,,,,,,,,,,,,,,,,PVC,HT,#6,#2,MeOH_1,1.161460128860444,2.9483431618613274,52.04763710902132,-0.7559092628328348,-1.4367248898825824,-31.851404777521676,0.3880336063901558,271,,,,,,,,,,,,,,,,,,,,,,,,,,,,,,,,,,,,,,,,,,,,,,,,,,,,,,,,,,,,,,,,,,,,,,,,,,,,,,,,,,,,,,,,,,,,,,,,,,,,,,,,,,,,,,,,,,,,,,,,,,,,,,,,,,,,,,,,,,,,,,,,,,,,,,,,,,,,,,,,
325,PP,LT,#1,#4,GASOLINE_1,1.2293517397289055,2.324478312277976,74.62416018935549,-0.4141276701097599,0.5532891768937025,-29.561541464037624,0.6038609829708431,,,,,,,,,,,,,,,,,,,,,,,,,,,,,,,,,,,,,,,,,,PVC,HT,#6,#3,MeOH_1,0.9673692738918831,2.087226868697095,39.2674139882647,-0.6715457069779505,-0.7298537233054334,-23.569287749631275,0.39977489333330957,272,,,,,,,,,,,,,,,,,,,,,,,,,,,,,,,,,,,,,,,,,,,,,,,,,,,,,,,,,,,,,,,,,,,,,,,,,,,,,,,,,,,,,,,,,,,,,,,,,,,,,,,,,,,,,,,,,,,,,,,,,,,,,,,,,,,,,,,,,,,,,,,,,,,,,,,,,,,,,,,,
326,PP,LT,#1,#5,GASOLINE_1,1.282716098742551,2.437695678297762,75.6229512293555,-0.44134184529379666,0.5109885486440244,-29.749256582206012,0.6066107431858878,,,,,,,,,,,,,,,,,,,,,,,,,,,,,,,,,,,,,,,,,,PVC,HT,#6,#4,MeOH_1,1.0551127658418442,3.149879128246932,46.82057534902131,-0.7882847899761066,-1.8988256778694637,-31.81117557236679,0.32057273249565615,273,,,,,,,,,,,,,,,,,,,,,,,,,,,,,,,,,,,,,,,,,,,,,,,,,,,,,,,,,,,,,,,,,,,,,,,,,,,,,,,,,,,,,,,,,,,,,,,,,,,,,,,,,,,,,,,,,,,,,,,,,,,,,,,,,,,,,,,,,,,,,,,,,,,,,,,,,,,,,,,,
327,PP,LT,#1,#6,GASOLINE_1,1.0604232894515815,1.3754777826716078,64.25902158617185,-0.24687160646512382,1.5575150043806427,-19.213576715020977,0.7009979884418965,,,,,,,,,,,,,,,,,,,,,,,,,,,,,,,,,,,,,,,,,,PVC,HT,#6,#5,MeOH_1,1.2321424724161414,3.363202432551196,56.29224414902131,-0.8243042818055175,-1.8607555994374578,-36.47833444047892,0.3519829420210968,274,,,,,,,,,,,,,,,,,,,,,,,,,,,,,,,,,,,,,,,,,,,,,,,,,,,,,,,,,,,,,,,,,,,,,,,,,,,,,,,,,,,,,,,,,,,,,,,,,,,,,,,,,,,,,,,,,,,,,,,,,,,,,,,,,,,,,,,,,,,,,,,,,,,,,,,,,,,,,,,,
328,PP,LT,#1,#7,GASOLINE_1,1.163483562196995,2.0279644979863165,71.28106408857185,-0.3481101138288153,0.9104079342291271,-25.83251395220264,0.6375964040028376,,,,,,,,,,,,,,,,,,,,,,,,,,,,,,,,,,,,,,,,,,PVC,HT,#6,#6,MeOH_1,0.8773518645301689,1.8469403812566558,37.688841656396505,-0.5835313796584835,-0.503208628956831,-22.12787377763358,0.412879971760075,275,,,,,,,,,,,,,,,,,,,,,,,,,,,,,,,,,,,,,,,,,,,,,,,,,,,,,,,,,,,,,,,,,,,,,,,,,,,,,,,,,,,,,,,,,,,,,,,,,,,,,,,,,,,,,,,,,,,,,,,,,,,,,,,,,,,,,,,,,,,,,,,,,,,,,,,,,,,,,,,,
329,PP,LT,#1,#8,GASOLINE_1,1.2257235909006754,2.1317633330964707,72.70236871460385,-0.4036055636435236,0.7874366915483477,-27.75006861820791,0.618305852906362,,,,,,,,,,,,,,,,,,,,,,,,,,,,,,,,,,,,,,,,,,PVC,HT,#6,#7,MeOH_1,0.944923103594887,2.1326163227755766,41.179407029984084,-0.6477086653258863,-0.7875342157526296,-25.931003093441223,0.37029197446772355,276,,,,,,,,,,,,,,,,,,,,,,,,,,,,,,,,,,,,,,,,,,,,,,,,,,,,,,,,,,,,,,,,,,,,,,,,,,,,,,,,,,,,,,,,,,,,,,,,,,,,,,,,,,,,,,,,,,,,,,,,,,,,,,,,,,,,,,,,,,,,,,,,,,,,,,,,,,,,,,,,
330,PP,LT,#1,#9,GASOLINE_1,1.1488835930062067,1.868045597252211,70.4431017974924,-0.3298441192337191,1.0859525384446156,-24.78994678574457,0.6480855306881584,,,,,,,,,,,,,,,,,,,,,,,,,,,,,,,,,,,,,,,,,,PVC,HT,#6,#8,MeOH_1,0.9950023806998066,2.286435804896168,42.75436829601608,-0.6951379087179483,-0.9430573529857427,-27.581128454773914,0.354893323091293,277,,,,,,,,,,,,,,,,,,,,,,,,,,,,,,,,,,,,,,,,,,,,,,,,,,,,,,,,,,,,,,,,,,,,,,,,,,,,,,,,,,,,,,,,,,,,,,,,,,,,,,,,,,,,,,,,,,,,,,,,,,,,,,,,,,,,,,,,,,,,,,,,,,,,,,,,,,,,,,,,
331,PP,LT,#1,#10,GASOLINE_1,1.2208287511567524,2.293462980289629,74.95033256857185,-0.4026030311655602,0.5919405012096748,-29.86165817083698,0.6015807115529924,,,,,,,,,,,,,,,,,,,,,,,,,,,,,,,,,,,,,,,,,,PVC,HT,#6,#9,MeOH_1,0.9572744567336537,2.137497594847317,42.3552007000704,-0.6588167341752055,-0.7762564464964715,-26.91677327292519,0.36449897939261916,278,,,,,,,,,,,,,,,,,,,,,,,,,,,,,,,,,,,,,,,,,,,,,,,,,,,,,,,,,,,,,,,,,,,,,,,,,,,,,,,,,,,,,,,,,,,,,,,,,,,,,,,,,,,,,,,,,,,,,,,,,,,,,,,,,,,,,,,,,,,,,,,,,,,,,,,,,,,,,,,,
332,PP,LT,#1,#11,GASOLINE_1,1.236774269841091,2.3003255792957478,74.51147336857186,-0.4136633220987648,0.6140453049755686,-29.588728897075885,0.6028970095556304,,,,,,,,,,,,,,,,,,,,,,,,,,,,,,,,,,,,,,,,,,PVC,HT,#6,#10,MeOH_1,1.0095674125649259,2.3742022073408906,44.18048024598408,-0.7111592030283059,-1.04866444036277,-29.05516949317673,0.34235279174409167,279,,,,,,,,,,,,,,,,,,,,,,,,,,,,,,,,,,,,,,,,,,,,,,,,,,,,,,,,,,,,,,,,,,,,,,,,,,,,,,,,,,,,,,,,,,,,,,,,,,,,,,,,,,,,,,,,,,,,,,,,,,,,,,,,,,,,,,,,,,,,,,,,,,,,,,,,,,,,,,,,
333,PP,LT,#2,#1,DIESEL_1,1.2396295117827467,2.714339130370434,75.9676490968755,-0.47706439318994187,0.29849916512126534,-33.093802366142675,0.5643697974128332,,,,,,,,,,,,,,,,,,,,,,,,,,,,,,,,,,,,,,,,,,PVC,HT,#6,#11,MeOH_1,1.058680974190462,2.5884105206406476,45.811847656016084,-0.7588622481697894,-1.2458309375295935,-30.756213398858108,0.32864062524186016,280,,,,,,,,,,,,,,,,,,,,,,,,,,,,,,,,,,,,,,,,,,,,,,,,,,,,,,,,,,,,,,,,,,,,,,,,,,,,,,,,,,,,,,,,,,,,,,,,,,,,,,,,,,,,,,,,,,,,,,,,,,,,,,,,,,,,,,,,,,,,,,,,,,,,,,,,,,,,,,,,
334,PP,LT,#2,#2,DIESEL_1,1.2877868909360373,2.780960614373305,77.3176513368755,-0.5095773080195584,0.21278510388468147,-34.765715000072525,0.5503521589320247,,,,,,,,,,,,,,,,,,,,,,,,,,,,,,,,,,,,,,,,,,PVC,HT,#7,#1,DIESEL_1,1.0057660084340754,2.9521267866054433,42.89329837505331,-0.715522395161451,-1.5457636598990556,-28.04940829009138,0.3460654845232214,281,,,,,,,,,,,,,,,,,,,,,,,,,,,,,,,,,,,,,,,,,,,,,,,,,,,,,,,,,,,,,,,,,,,,,,,,,,,,,,,,,,,,,,,,,,,,,,,,,,,,,,,,,,,,,,,,,,,,,,,,,,,,,,,,,,,,,,,,,,,,,,,,,,,,,,,,,,,,,,,,
335,PP,LT,#2,#3,DIESEL_1,1.2245271159088742,2.4812879064144107,75.18591337951487,-0.4562170171679125,0.5492619338597032,-32.05073371528561,0.5737135817782305,,,,,,,,,,,,,,,,,,,,,,,,,,,,,,,,,,,,,,,,,,PVC,HT,#7,#2,FT_1,1.1936267043105624,3.191399346955309,53.36711053505332,-0.7768355006456238,-1.6065293993576466,-33.47492870906684,0.37274234311262977,282,,,,,,,,,,,,,,,,,,,,,,,,,,,,,,,,,,,,,,,,,,,,,,,,,,,,,,,,,,,,,,,,,,,,,,,,,,,,,,,,,,,,,,,,,,,,,,,,,,,,,,,,,,,,,,,,,,,,,,,,,,,,,,,,,,,,,,,,,,,,,,,,,,,,,,,,,,,,,,,,
336,PP,LT,#2,#4,DIESEL_1,1.2970398464041906,2.9115877228675435,78.95124013687551,-0.5329707670403836,0.039581403848531545,-36.41758546424089,0.5387332054429447,,,,,,,,,,,,,,,,,,,,,,,,,,,,,,,,,,,,,,,,,,PVC,HT,#7,#3,DIESEL_1,0.9995358493420013,2.330283053791077,40.586887414296704,-0.6924719447907397,-0.8996582327804983,-25.192811681176433,0.3792869252569912,283,,,,,,,,,,,,,,,,,,,,,,,,,,,,,,,,,,,,,,,,,,,,,,,,,,,,,,,,,,,,,,,,,,,,,,,,,,,,,,,,,,,,,,,,,,,,,,,,,,,,,,,,,,,,,,,,,,,,,,,,,,,,,,,,,,,,,,,,,,,,,,,,,,,,,,,,,,,,,,,,
337,PP,LT,#2,#5,DIESEL_1,1.3504042054178362,3.024805088887331,79.95003117687551,-0.5601849422244207,-0.0027192244011473654,-36.60530058240928,0.5421477635021001,,,,,,,,,,,,,,,,,,,,,,,,,,,,,,,,,,,,,,,,,,PVC,HT,#7,#4,DIESEL_1,1.0872793412919635,3.392935313340914,48.14004877505332,-0.8092110277888965,-2.0686301873445285,-33.43469950391196,0.30547017806018156,284,,,,,,,,,,,,,,,,,,,,,,,,,,,,,,,,,,,,,,,,,,,,,,,,,,,,,,,,,,,,,,,,,,,,,,,,,,,,,,,,,,,,,,,,,,,,,,,,,,,,,,,,,,,,,,,,,,,,,,,,,,,,,,,,,,,,,,,,,,,,,,,,,,,,,,,,,,,,,,,,
338,PP,LT,#2,#6,DIESEL_1,1.1281113961268667,1.9625871932611763,68.58610153369186,-0.36571470339574763,1.0438072313354712,-26.069620715224243,0.6198993654360433,,,,,,,,,,,,,,,,,,,,,,,,,,,,,,,,,,,,,,,,,,PVC,HT,#7,#5,FT_1,1.2643090478662597,3.6062586176451776,57.61171757505331,-0.8452305196183071,-2.030560108912522,-38.101858372024076,0.3386439430071302,285,,,,,,,,,,,,,,,,,,,,,,,,,,,,,,,,,,,,,,,,,,,,,,,,,,,,,,,,,,,,,,,,,,,,,,,,,,,,,,,,,,,,,,,,,,,,,,,,,,,,,,,,,,,,,,,,,,,,,,,,,,,,,,,,,,,,,,,,,,,,,,,,,,,,,,,,,,,,,,,,
339,PP,LT,#2,#7,DIESEL_1,1.23117166887228,2.6150739085758845,75.60814403609187,-0.4669532107594391,0.39670016118395596,-32.68855795240591,0.567658241461371,,,,,,,,,,,,,,,,,,,,,,,,,,,,,,,,,,,,,,,,,,PVC,HT,#7,#6,DIESEL_1,0.9095184399802881,2.089996566350638,39.008315082428496,-0.6044576174712736,-0.6730131384318957,-23.75139770917873,0.39111962003512246,286,,,,,,,,,,,,,,,,,,,,,,,,,,,,,,,,,,,,,,,,,,,,,,,,,,,,,,,,,,,,,,,,,,,,,,,,,,,,,,,,,,,,,,,,,,,,,,,,,,,,,,,,,,,,,,,,,,,,,,,,,,,,,,,,,,,,,,,,,,,,,,,,,,,,,,,,,,,,,,,,
340,PP,LT,#2,#8,DIESEL_1,1.2934116975759609,2.7188727436860396,77.02944866212387,-0.5224486605741478,0.27372891850317566,-34.606112618411174,0.5507417848697737,,,,,,,,,,,,,,,,,,,,,,,,,,,,,,,,,,,,,,,,,,PVC,HT,#7,#7,DIESEL_1,0.9770896790450055,2.375672507869558,42.498880456016074,-0.6686349031386757,-0.9573387252276939,-27.55452702498637,0.3516411084404037,287,,,,,,,,,,,,,,,,,,,,,,,,,,,,,,,,,,,,,,,,,,,,,,,,,,,,,,,,,,,,,,,,,,,,,,,,,,,,,,,,,,,,,,,,,,,,,,,,,,,,,,,,,,,,,,,,,,,,,,,,,,,,,,,,,,,,,,,,,,,,,,,,,,,,,,,,,,,,,,,,
341,PP,LT,#2,#9,DIESEL_1,1.216571699681492,2.455155007841779,74.77018174501241,-0.448687216164343,0.5722447653994444,-31.645990785947824,0.5767565351938069,,,,,,,,,,,,,,,,,,,,,,,,,,,,,,,,,,,,,,,,,,PVC,HT,#7,#8,DIESEL_1,1.027168956149925,2.5294919899901496,44.07384172204807,-0.7160641465307376,-1.1128618624608069,-29.204652386319065,0.33736993996351927,288,,,,,,,,,,,,,,,,,,,,,,,,,,,,,,,,,,,,,,,,,,,,,,,,,,,,,,,,,,,,,,,,,,,,,,,,,,,,,,,,,,,,,,,,,,,,,,,,,,,,,,,,,,,,,,,,,,,,,,,,,,,,,,,,,,,,,,,,,,,,,,,,,,,,,,,,,,,,,,,,
342,PP,LT,#2,#10,DIESEL_1,1.2885168578320398,2.880572390879197,79.27741251609186,-0.5214461280961864,0.07823272816450358,-36.717702171040244,0.53684535095558,,,,,,,,,,,,,,,,,,,,,,,,,,,,,,,,,,,,,,,,,,PVC,HT,#7,#9,DIESEL_1,0.9894410321837724,2.3805537799412986,43.6746741261024,-0.6797429719879952,-0.9460609559715357,-28.540297204470352,0.34652523972896476,289,,,,,,,,,,,,,,,,,,,,,,,,,,,,,,,,,,,,,,,,,,,,,,,,,,,,,,,,,,,,,,,,,,,,,,,,,,,,,,,,,,,,,,,,,,,,,,,,,,,,,,,,,,,,,,,,,,,,,,,,,,,,,,,,,,,,,,,,,,,,,,,,,,,,,,,,,,,,,,,,
343,PP,LT,#2,#11,DIESEL_1,1.304462376516376,2.8874349898853153,78.83855331609188,-0.5325064190293886,0.10033753193039804,-36.444772897279144,0.5377290505172126,,,,,,,,,,,,,,,,,,,,,,,,,,,,,,,,,,,,,,,,,,PVC,HT,#7,#10,DIESEL_1,1.0417339880150442,2.6172583924348727,45.499953672016076,-0.732085440841095,-1.218468949837835,-30.678693424721896,0.32574231512700924,290,,,,,,,,,,,,,,,,,,,,,,,,,,,,,,,,,,,,,,,,,,,,,,,,,,,,,,,,,,,,,,,,,,,,,,,,,,,,,,,,,,,,,,,,,,,,,,,,,,,,,,,,,,,,,,,,,,,,,,,,,,,,,,,,,,,,,,,,,,,,,,,,,,,,,,,,,,,,,,,,
344,PP,LT,#3,#1,DIESEL_1,1.3591653344790495,3.587170785596956,84.57975125983184,-0.5429215025242478,-0.6049962989317319,-40.244463096003855,0.5241832413012009,,,,,,,,,,,,,,,,,,,,,,,,,,,,,,,,,,,,,,,,,,PVC,HT,#7,#11,DIESEL_1,1.0908475496405812,2.8314667057346297,47.131321082048075,-0.7797884859825798,-1.415635447004658,-32.37973733040326,0.31298897236435763,291,,,,,,,,,,,,,,,,,,,,,,,,,,,,,,,,,,,,,,,,,,,,,,,,,,,,,,,,,,,,,,,,,,,,,,,,,,,,,,,,,,,,,,,,,,,,,,,,,,,,,,,,,,,,,,,,,,,,,,,,,,,,,,,,,,,,,,,,,,,,,,,,,,,,,,,,,,,,,,,,
345,PP,LT,#3,#2,DIESEL_1,1.40732271363234,3.653792269599827,85.92975349983183,-0.5754344173538641,-0.6907103601683161,-41.91637572993371,0.5122018390287161,,,,,,,,,,,,,,,,,,,,,,,,,,,,,,,,,,,,,,,,,,PVC,HT,#8,#4,Aromatics,1.073161483130791,1.7699417459356193,30.352462976408106,-0.8536342505469865,-0.42951461523950785,-16.165790950813946,0.4673977211213784,292,,,,,,,,,,,,,,,,,,,,,,,,,,,,,,,,,,,,,,,,,,,,,,,,,,,,,,,,,,,,,,,,,,,,,,,,,,,,,,,,,,,,,,,,,,,,,,,,,,,,,,,,,,,,,,,,,,,,,,,,,,,,,,,,,,,,,,,,,,,,,,,,,,,,,,,,,,,,,,,,
346,PP,LT,#3,#3,DIESEL_1,1.3440629386051792,3.354119561640933,83.7980155424712,-0.5220741265022203,-0.35423353019329457,-39.201394445146796,0.5321918521414338,,,,,,,,,,,,,,,,,,,,,,,,,,,,,,,,,,,,,,,,,,PVC,HT,#8,#5,Aromatics,1.2501911897050884,1.983265050239883,39.82413177640811,-0.8896537423763977,-0.39144453680750163,-20.832949818926078,0.47687623333780865,293,,,,,,,,,,,,,,,,,,,,,,,,,,,,,,,,,,,,,,,,,,,,,,,,,,,,,,,,,,,,,,,,,,,,,,,,,,,,,,,,,,,,,,,,,,,,,,,,,,,,,,,,,,,,,,,,,,,,,,,,,,,,,,,,,,,,,,,,,,,,,,,,,,,,,,,,,,,,,,,,
347,PP,LT,#3,#4,DIESEL_1,1.4165756691004956,3.7844193780940665,87.56334229983185,-0.5988278763746915,-0.8639140602044663,-43.56824619410209,0.5024373779050488,,,,,,,,,,,,,,,,,,,,,,,,,,,,,,,,,,,,,,,,,,PVC,HT,#9,#1,Aromatics,1.0616524903957192,1.6530127443651006,27.41593541880811,-0.8383244518285679,-0.18957417399396478,-12.833664989645944,0.5318903114703981,294,,,,,,,,,,,,,,,,,,,,,,,,,,,,,,,,,,,,,,,,,,,,,,,,,,,,,,,,,,,,,,,,,,,,,,,,,,,,,,,,,,,,,,,,,,,,,,,,,,,,,,,,,,,,,,,,,,,,,,,,,,,,,,,,,,,,,,,,,,,,,,,,,,,,,,,,,,,,,,,,
348,PP,LT,#3,#5,DIESEL_1,1.4699400281141408,3.897636744113853,88.56213333983183,-0.6260420515587285,-0.9062146884541449,-43.75596131227045,0.5059292311266997,,,,,,,,,,,,,,,,,,,,,,,,,,,,,,,,,,,,,,,,,,PVC,HT,#9,#2,Aromatics,1.2495131862722062,1.8922853047149661,37.889747578808105,-0.8996375573127406,-0.2503399134525555,-18.25918540862138,0.5180969371557962,295,,,,,,,,,,,,,,,,,,,,,,,,,,,,,,,,,,,,,,,,,,,,,,,,,,,,,,,,,,,,,,,,,,,,,,,,,,,,,,,,,,,,,,,,,,,,,,,,,,,,,,,,,,,,,,,,,,,,,,,,,,,,,,,,,,,,,,,,,,,,,,,,,,,,,,,,,,,,,,,,
349,PP,LT,#3,#6,DIESEL_1,1.2476472188231715,2.835418848487699,77.1982036966482,-0.43157181273005546,0.14031176728247285,-33.220281445085426,0.5696754606412198,,,,,,,,,,,,,,,,,,,,,,,,,,,,,,,,,,,,,,,,,,PVC,HT,#9,#4,Aromatics,1.1431658232536073,2.0938212711005715,32.662685818808114,-0.9320130844560136,-0.7124407014394376,-18.21895620346651,0.4422088769878344,296,,,,,,,,,,,,,,,,,,,,,,,,,,,,,,,,,,,,,,,,,,,,,,,,,,,,,,,,,,,,,,,,,,,,,,,,,,,,,,,,,,,,,,,,,,,,,,,,,,,,,,,,,,,,,,,,,,,,,,,,,,,,,,,,,,,,,,,,,,,,,,,,,,,,,,,,,,,,,,,,
350,PP,LT,#3,#7,DIESEL_1,1.3507074915685848,3.4879055638024066,84.22024619904819,-0.5328103200937467,-0.5067953028690418,-39.83921868226709,0.5269638776867251,,,,,,,,,,,,,,,,,,,,,,,,,,,,,,,,,,,,,,,,,,PVC,HT,#9,#5,Aromatics,1.3201955298279036,2.3071445754048354,42.13435461880811,-0.9680325762854239,-0.6743706230074313,-22.886115071578633,0.4568300552214312,297,,,,,,,,,,,,,,,,,,,,,,,,,,,,,,,,,,,,,,,,,,,,,,,,,,,,,,,,,,,,,,,,,,,,,,,,,,,,,,,,,,,,,,,,,,,,,,,,,,,,,,,,,,,,,,,,,,,,,,,,,,,,,,,,,,,,,,,,,,,,,,,,,,,,,,,,,,,,,,,,
351,PP,LT,#3,#8,DIESEL_1,1.4129475202722654,3.5917043989125608,85.64155082508019,-0.5883057699084553,-0.6297665455498209,-41.75677334827234,0.5124239000113501,,,,,,,,,,,,,,,,,,,,,,,,,,,,,,,,,,,,,,,,,,PVC,HT,#9,#11,Aromatics,1.1467340316022239,1.5323526634942868,31.653958125802873,-0.9025905426496954,-0.05944596109956682,-17.163994029957824,0.45776152348017063,298,,,,,,,,,,,,,,,,,,,,,,,,,,,,,,,,,,,,,,,,,,,,,,,,,,,,,,,,,,,,,,,,,,,,,,,,,,,,,,,,,,,,,,,,,,,,,,,,,,,,,,,,,,,,,,,,,,,,,,,,,,,,,,,,,,,,,,,,,,,,,,,,,,,,,,,,,,,,,,,,
352,PP,LT,#3,#9,DIESEL_1,1.3361075223777967,3.3279866630683013,83.38228390796876,-0.5145443254986507,-0.33125069865355283,-38.796651515809,0.5347134943121742,,,,,,,,,,,,,,,,,,,,,,,,,,,,,,,,,,,,,,,,,,PVC,LT,#1,#1,GASOLINE_1,0.7567393785495536,1.7301916152707528,29.595082910352236,-0.46959405591824666,-0.40957113911677034,-13.620113130529957,0.5397845928735108,299,,,,,,,,,,,,,,,,,,,,,,,,,,,,,,,,,,,,,,,,,,,,,,,,,,,,,,,,,,,,,,,,,,,,,,,,,,,,,,,,,,,,,,,,,,,,,,,,,,,,,,,,,,,,,,,,,,,,,,,,,,,,,,,,,,,,,,,,,,,,,,,,,,,,,,,,,,,,,,,,
353,PP,LT,#3,#10,DIESEL_1,1.4080526805283424,3.75340404610572,87.88951467904822,-0.587303237430492,-0.8252627358884945,-43.86836290090143,0.5008692099268228,,,,,,,,,,,,,,,,,,,,,,,,,,,,,,,,,,,,,,,,,,PVC,LT,#1,#2,GASOLINE_1,0.9674797777344832,1.99742933567546,43.01261219035223,-0.5121283417604243,-0.4373136570937091,-20.186189962913648,0.5306913731819005,300,,,,,,,,,,,,,,,,,,,,,,,,,,,,,,,,,,,,,,,,,,,,,,,,,,,,,,,,,,,,,,,,,,,,,,,,,,,,,,,,,,,,,,,,,,,,,,,,,,,,,,,,,,,,,,,,,,,,,,,,,,,,,,,,,,,,,,,,,,,,,,,,,,,,,,,,,,,,,,,,
354,PP,LT,#3,#11,DIESEL_1,1.4239981992126807,3.7602666451118387,87.4506554790482,-0.5983635283636962,-0.803157932122601,-43.59543362714032,0.5014853417812849,,,,,,,,,,,,,,,,,,,,,,,,,,,,,,,,,,,,,,,,,,PVC,LT,#1,#4,GASOLINE_1,0.8185112289809017,2.272248340441503,35.88671459035223,-0.5483990250728336,-1.028720600880415,-20.783929050396868,0.4208461463344874,301,,,,,,,,,,,,,,,,,,,,,,,,,,,,,,,,,,,,,,,,,,,,,,,,,,,,,,,,,,,,,,,,,,,,,,,,,,,,,,,,,,,,,,,,,,,,,,,,,,,,,,,,,,,,,,,,,,,,,,,,,,,,,,,,,,,,,,,,,,,,,,,,,,,,,,,,,,,,,,,,
355,PP,LT,#4,#1,DIESEL_1,1.4283376393431428,3.837073162547333,86.97366165983183,-0.5828467563792173,-0.7925827003252205,-43.857770049564635,0.49573503963648763,,,,,,,,,,,,,,,,,,,,,,,,,,,,,,,,,,,,,,,,,,PVC,LT,#1,#5,GASOLINE_1,0.8801435953102611,2.202367713232629,38.35058979035224,-0.4203507523106644,-0.6503835248056644,-15.837566180089375,0.5870320048096471,302,,,,,,,,,,,,,,,,,,,,,,,,,,,,,,,,,,,,,,,,,,,,,,,,,,,,,,,,,,,,,,,,,,,,,,,,,,,,,,,,,,,,,,,,,,,,,,,,,,,,,,,,,,,,,,,,,,,,,,,,,,,,,,,,,,,,,,,,,,,,,,,,,,,,,,,,,,,,,,,,
356,PP,LT,#4,#2,DIESEL_1,1.4764950184964338,3.9036946465502043,88.32366389983184,-0.6153596712088342,-0.8782967615618047,-45.5296826834945,0.48451320208896836,,,,,,,,,,,,,,,,,,,,,,,,,,,,,,,,,,,,,,,,,,PVC,LT,#1,#11,GASOLINE_1,0.7737456238750087,1.3028265487961956,32.147353056626,-0.45943573511409624,-0.008554421760810315,-16.708651320961703,0.480247991443332,303,,,,,,,,,,,,,,,,,,,,,,,,,,,,,,,,,,,,,,,,,,,,,,,,,,,,,,,,,,,,,,,,,,,,,,,,,,,,,,,,,,,,,,,,,,,,,,,,,,,,,,,,,,,,,,,,,,,,,,,,,,,,,,,,,,,,,,,,,,,,,,,,,,,,,,,,,,,,,,,,
357,PP,LT,#4,#3,DIESEL_1,1.4132352434692705,3.604021938591311,86.19192594247122,-0.5619993803571883,-0.5418199315867832,-42.81470139870759,0.5032632009257543,,,,,,,,,,,,,,,,,,,,,,,,,,,,,,,,,,,,,,,,,,PVC,LT,#2,#1,GASOLINE_1,0.8317818657674239,2.017315129020414,32.6021389508427,-0.5669344447841282,-0.5805435826852697,-16.522858289342462,0.49319710850090165,304,,,,,,,,,,,,,,,,,,,,,,,,,,,,,,,,,,,,,,,,,,,,,,,,,,,,,,,,,,,,,,,,,,,,,,,,,,,,,,,,,,,,,,,,,,,,,,,,,,,,,,,,,,,,,,,,,,,,,,,,,,,,,,,,,,,,,,,,,,,,,,,,,,,,,,,,,,,,,,,,
358,PP,LT,#4,#4,DIESEL_1,1.4857479739645865,4.034321755044443,89.95725269983183,-0.638753130229659,-1.0515004615979548,-47.18155314766286,0.47551140423221194,,,,,,,,,,,,,,,,,,,,,,,,,,,,,,,,,,,,,,,,,,PVC,LT,#2,#2,FT_1,1.0425222649523542,2.28455284942512,46.0196682308427,-0.609468730626307,-0.6082861006622079,-23.088935121726152,0.49828114783644206,305,,,,,,,,,,,,,,,,,,,,,,,,,,,,,,,,,,,,,,,,,,,,,,,,,,,,,,,,,,,,,,,,,,,,,,,,,,,,,,,,,,,,,,,,,,,,,,,,,,,,,,,,,,,,,,,,,,,,,,,,,,,,,,,,,,,,,,,,,,,,,,,,,,,,,,,,,,,,,,,,
359,PP,LT,#4,#5,DIESEL_1,1.5391123329782321,4.147539121064232,90.95604373983184,-0.6659673054136962,-1.0938010898476347,-47.369268265831245,0.47920702882235083,,,,,,,,,,,,,,,,,,,,,,,,,,,,,,,,,,,,,,,,,,PVC,LT,#2,#4,GASOLINE_1,0.8935537161987718,2.5593718541911636,38.8937706308427,-0.645739413938715,-1.1996930444489144,-23.686674209209375,0.3909905410295735,306,,,,,,,,,,,,,,,,,,,,,,,,,,,,,,,,,,,,,,,,,,,,,,,,,,,,,,,,,,,,,,,,,,,,,,,,,,,,,,,,,,,,,,,,,,,,,,,,,,,,,,,,,,,,,,,,,,,,,,,,,,,,,,,,,,,,,,,,,,,,,,,,,,,,,,,,,,,,,,,,
360,PP,LT,#4,#6,DIESEL_1,1.3168195236872628,3.0853212254380775,79.5921140966482,-0.4714970665850233,-0.04727463411101669,-36.8335883986462,0.5372206302508888,,,,,,,,,,,,,,,,,,,,,,,,,,,,,,,,,,,,,,,,,,PVC,LT,#2,#5,FT_1,0.955186082528131,2.48949122698229,41.35764583084269,-0.5176911411765456,-0.8213559683741641,-18.740311338901872,0.546871903310169,307,,,,,,,,,,,,,,,,,,,,,,,,,,,,,,,,,,,,,,,,,,,,,,,,,,,,,,,,,,,,,,,,,,,,,,,,,,,,,,,,,,,,,,,,,,,,,,,,,,,,,,,,,,,,,,,,,,,,,,,,,,,,,,,,,,,,,,,,,,,,,,,,,,,,,,,,,,,,,,,,
361,PP,LT,#4,#7,DIESEL_1,1.419879796432676,3.737807940752785,86.6141565990482,-0.5727355739487144,-0.6943817042625317,-43.45252563582787,0.49832074406754234,,,,,,,,,,,,,,,,,,,,,,,,,,,,,,,,,,,,,,,,,,PVC,LT,#2,#10,GASOLINE_1,0.83463246383768,1.5013899310244676,34.679442055084465,-0.5480126272980465,-0.11915190087041735,-18.976181020671145,0.45281181310444457,308,,,,,,,,,,,,,,,,,,,,,,,,,,,,,,,,,,,,,,,,,,,,,,,,,,,,,,,,,,,,,,,,,,,,,,,,,,,,,,,,,,,,,,,,,,,,,,,,,,,,,,,,,,,,,,,,,,,,,,,,,,,,,,,,,,,,,,,,,,,,,,,,,,,,,,,,,,,,,,,,
362,PP,LT,#4,#8,DIESEL_1,1.4821198251363568,3.8416067758629393,88.03546122508018,-0.6282310237634229,-0.8173529469433108,-45.370080301833134,0.4846385800622378,,,,,,,,,,,,,,,,,,,,,,,,,,,,,,,,,,,,,,,,,,PVC,LT,#2,#11,GASOLINE_1,0.8487881110928799,1.5899500625458565,35.15440909711647,-0.5567761239799789,-0.17952686532931014,-19.611396479774207,0.4421355106383276,309,,,,,,,,,,,,,,,,,,,,,,,,,,,,,,,,,,,,,,,,,,,,,,,,,,,,,,,,,,,,,,,,,,,,,,,,,,,,,,,,,,,,,,,,,,,,,,,,,,,,,,,,,,,,,,,,,,,,,,,,,,,,,,,,,,,,,,,,,,,,,,,,,,,,,,,,,,,,,,,,
363,PP,LT,#4,#9,DIESEL_1,1.40527982724189,3.5778890400186794,85.77619430796875,-0.5544695793536205,-0.5188371000470424,-42.40995846936979,0.5055742585512465,,,,,,,,,,,,,,,,,,,,,,,,,,,,,,,,,,,,,,,,,,PVC,LT,#3,#1,MeOH_1,0.8847554342880768,2.4236679668035594,36.7018492004863,-0.5955068273928449,-1.017303354672504,-20.308268153910088,0.44666907536525424,310,,,,,,,,,,,,,,,,,,,,,,,,,,,,,,,,,,,,,,,,,,,,,,,,,,,,,,,,,,,,,,,,,,,,,,,,,,,,,,,,,,,,,,,,,,,,,,,,,,,,,,,,,,,,,,,,,,,,,,,,,,,,,,,,,,,,,,,,,,,,,,,,,,,,,,,,,,,,,,,,
364,PP,LT,#4,#10,DIESEL_1,1.4772249853924357,4.003306423056097,90.2834250790482,-0.6272284912854619,-1.0128491372819826,-47.481669854462204,0.47408209410653906,,,,,,,,,,,,,,,,,,,,,,,,,,,,,,,,,,,,,,,,,,PVC,LT,#3,#2,MeOH_1,1.0954958334730065,2.690905687208266,50.1193784804863,-0.6380411132350228,-1.0450458726494423,-26.87434498629379,0.46379333102150977,311,,,,,,,,,,,,,,,,,,,,,,,,,,,,,,,,,,,,,,,,,,,,,,,,,,,,,,,,,,,,,,,,,,,,,,,,,,,,,,,,,,,,,,,,,,,,,,,,,,,,,,,,,,,,,,,,,,,,,,,,,,,,,,,,,,,,,,,,,,,,,,,,,,,,,,,,,,,,,,,,
365,PP,LT,#4,#11,DIESEL_1,1.493170504076772,4.0101690220622155,89.84456587904818,-0.6382887822186639,-0.990744333516089,-47.2087405807011,0.47455096344663616,,,,,,,,,,,,,,,,,,,,,,,,,,,,,,,,,,,,,,,,,,PVC,LT,#3,#3,MeOH_1,0.8621948181061849,1.6481323445168858,34.269131918697255,-0.551788642321802,-0.22555854904381842,-17.504945112683316,0.48919204740250194,312,,,,,,,,,,,,,,,,,,,,,,,,,,,,,,,,,,,,,,,,,,,,,,,,,,,,,,,,,,,,,,,,,,,,,,,,,,,,,,,,,,,,,,,,,,,,,,,,,,,,,,,,,,,,,,,,,,,,,,,,,,,,,,,,,,,,,,,,,,,,,,,,,,,,,,,,,,,,,,,,
366,PP,LT,#5,#1,DIESEL_1,1.372701442715366,3.426773356694478,83.73211035594916,-0.5612318371965291,-0.22755710340696395,-37.80093109495407,0.5485491654962412,,,,,,,,,,,,,,,,,,,,,,,,,,,,,,,,,,,,,,,,,,PVC,LT,#3,#4,MeOH_1,0.946527284719425,2.9657246919743097,42.993480880486295,-0.6743117965474318,-1.636452816436149,-27.472084073776998,0.361017449362982,313,,,,,,,,,,,,,,,,,,,,,,,,,,,,,,,,,,,,,,,,,,,,,,,,,,,,,,,,,,,,,,,,,,,,,,,,,,,,,,,,,,,,,,,,,,,,,,,,,,,,,,,,,,,,,,,,,,,,,,,,,,,,,,,,,,,,,,,,,,,,,,,,,,,,,,,,,,,,,,,,
367,PP,LT,#5,#2,DIESEL_1,1.420858821868657,3.493394840697348,85.08211259594916,-0.5937447520261459,-0.31327116464354726,-39.47284372888392,0.536061781677442,,,,,,,,,,,,,,,,,,,,,,,,,,,,,,,,,,,,,,,,,,PVC,LT,#3,#5,FT_1,1.0081596510487845,2.895844064765436,45.457356080486285,-0.5462635237852624,-1.258115740361398,-22.5257212034695,0.5044647743351878,314,,,,,,,,,,,,,,,,,,,,,,,,,,,,,,,,,,,,,,,,,,,,,,,,,,,,,,,,,,,,,,,,,,,,,,,,,,,,,,,,,,,,,,,,,,,,,,,,,,,,,,,,,,,,,,,,,,,,,,,,,,,,,,,,,,,,,,,,,,,,,,,,,,,,,,,,,,,,,,,,
368,PP,LT,#5,#3,DIESEL_1,1.3575990468414942,3.1937221327384537,82.95037463858853,-0.5403844611745003,0.02320566533147484,-36.75786244409702,0.5568692413476183,,,,,,,,,,,,,,,,,,,,,,,,,,,,,,,,,,,,,,,,,,PVC,LT,#3,#7,MeOH_1,0.8530444882102567,1.742619338828337,36.224026064728065,-0.5448681080389065,-0.3414845480447555,-19.957774217516988,0.4490459403420592,315,,,,,,,,,,,,,,,,,,,,,,,,,,,,,,,,,,,,,,,,,,,,,,,,,,,,,,,,,,,,,,,,,,,,,,,,,,,,,,,,,,,,,,,,,,,,,,,,,,,,,,,,,,,,,,,,,,,,,,,,,,,,,,,,,,,,,,,,,,,,,,,,,,,,,,,,,,,,,,,,
369,PP,LT,#5,#4,DIESEL_1,1.4301117773368102,3.6240219491915884,86.71570139594915,-0.6171382110469712,-0.48647486467969836,-41.1247141930523,0.5257523893478719,,,,,,,,,,,,,,,,,,,,,,,,,,,,,,,,,,,,,,,,,,PVC,LT,#3,#8,MeOH_1,0.8840278344494106,1.8187910332047441,37.348882370760066,-0.5685883075316298,-0.43407103612463205,-21.475423216218047,0.42500493045460275,316,,,,,,,,,,,,,,,,,,,,,,,,,,,,,,,,,,,,,,,,,,,,,,,,,,,,,,,,,,,,,,,,,,,,,,,,,,,,,,,,,,,,,,,,,,,,,,,,,,,,,,,,,,,,,,,,,,,,,,,,,,,,,,,,,,,,,,,,,,,,,,,,,,,,,,,,,,,,,,,,
370,PP,LT,#5,#5,DIESEL_1,1.4834761363504576,3.7372393152113736,87.71449243594917,-0.6443523862310102,-0.5287754929293754,-41.312429311220676,0.5290125022226194,,,,,,,,,,,,,,,,,,,,,,,,,,,,,,,,,,,,,,,,,,PVC,LT,#3,#9,MeOH_1,0.8523680761291507,1.713862005449825,37.88729740985238,-0.5405183935982886,-0.294337486853842,-21.3555978788504,0.43633884339037077,317,,,,,,,,,,,,,,,,,,,,,,,,,,,,,,,,,,,,,,,,,,,,,,,,,,,,,,,,,,,,,,,,,,,,,,,,,,,,,,,,,,,,,,,,,,,,,,,,,,,,,,,,,,,,,,,,,,,,,,,,,,,,,,,,,,,,,,,,,,,,,,,,,,,,,,,,,,,,,,,,
371,PP,LT,#5,#6,DIESEL_1,1.2611833270594863,2.67502141958522,76.3505627927655,-0.449882147402335,0.517750962807242,-30.776749444035605,0.5969021272630118,,,,,,,,,,,,,,,,,,,,,,,,,,,,,,,,,,,,,,,,,,PVC,LT,#3,#10,MeOH_1,0.8876060323583334,1.9077427688076136,38.779152304728065,-0.5765850099067633,-0.5559116728576518,-22.761590885238768,0.41304568221663757,318,,,,,,,,,,,,,,,,,,,,,,,,,,,,,,,,,,,,,,,,,,,,,,,,,,,,,,,,,,,,,,,,,,,,,,,,,,,,,,,,,,,,,,,,,,,,,,,,,,,,,,,,,,,,,,,,,,,,,,,,,,,,,,,,,,,,,,,,,,,,,,,,,,,,,,,,,,,,,,,,
372,PP,LT,#5,#7,DIESEL_1,1.3642435998049014,3.3275081348999276,83.3726052951655,-0.5511206547660283,-0.12935610734427244,-37.39568668121728,0.5514631388952681,,,,,,,,,,,,,,,,,,,,,,,,,,,,,,,,,,,,,,,,,,PVC,LT,#3,#11,MeOH_1,0.9017616796135322,1.9963029003290025,39.25411934676007,-0.5853485065886946,-0.6162866373165443,-23.396806344341837,0.4039655777866038,319,,,,,,,,,,,,,,,,,,,,,,,,,,,,,,,,,,,,,,,,,,,,,,,,,,,,,,,,,,,,,,,,,,,,,,,,,,,,,,,,,,,,,,,,,,,,,,,,,,,,,,,,,,,,,,,,,,,,,,,,,,,,,,,,,,,,,,,,,,,,,,,,,,,,,,,,,,,,,,,,
373,PP,LT,#5,#8,DIESEL_1,1.42648362850858,3.4313069700100822,84.7939099211975,-0.606616104580735,-0.2523273500250524,-39.31324134722255,0.5363671591066154,,,,,,,,,,,,,,,,,,,,,,,,,,,,,,,,,,,,,,,,,,PVC,LT,#4,#1,GASOLINE_1,0.924687260894899,2.558700029673956,37.94918054651829,-0.620578396051643,-1.1167689840521449,-22.209069029342093,0.4147681528427707,320,,,,,,,,,,,,,,,,,,,,,,,,,,,,,,,,,,,,,,,,,,,,,,,,,,,,,,,,,,,,,,,,,,,,,,,,,,,,,,,,,,,,,,,,,,,,,,,,,,,,,,,,,,,,,,,,,,,,,,,,,,,,,,,,,,,,,,,,,,,,,,,,,,,,,,,,,,,,,,,,
374,PP,LT,#5,#9,DIESEL_1,1.3496436306141137,3.1675892341658223,82.53464300408606,-0.5328546601709325,0.046188496871216,-36.35311951475922,0.5595410824887257,,,,,,,,,,,,,,,,,,,,,,,,,,,,,,,,,,,,,,,,,,PVC,LT,#4,#2,FT_1,1.1354276600798296,2.8259377500786633,51.366709826518296,-0.6631126818938219,-1.1445115020290837,-28.77514586172579,0.43980944158369106,321,,,,,,,,,,,,,,,,,,,,,,,,,,,,,,,,,,,,,,,,,,,,,,,,,,,,,,,,,,,,,,,,,,,,,,,,,,,,,,,,,,,,,,,,,,,,,,,,,,,,,,,,,,,,,,,,,,,,,,,,,,,,,,,,,,,,,,,,,,,,,,,,,,,,,,,,,,,,,,,,
375,PP,LT,#5,#10,DIESEL_1,1.4215887887646592,3.5930066172032404,87.04187377516548,-0.6056135721027734,-0.4478235403637251,-41.42483089985161,0.5240815816206521,,,,,,,,,,,,,,,,,,,,,,,,,,,,,,,,,,,,,,,,,,PVC,LT,#4,#3,GASOLINE_1,0.902126644713007,1.7831644073872823,35.51646326472925,-0.5768602109806001,-0.3250241784234594,-19.40574598811532,0.45361265722122696,322,,,,,,,,,,,,,,,,,,,,,,,,,,,,,,,,,,,,,,,,,,,,,,,,,,,,,,,,,,,,,,,,,,,,,,,,,,,,,,,,,,,,,,,,,,,,,,,,,,,,,,,,,,,,,,,,,,,,,,,,,,,,,,,,,,,,,,,,,,,,,,,,,,,,,,,,,,,,,,,,
376,PP,LT,#5,#11,DIESEL_1,1.4375343074489957,3.5998692162093584,86.60301457516552,-0.616673863035976,-0.42571873659783066,-41.15190162609053,0.5248213722355648,,,,,,,,,,,,,,,,,,,,,,,,,,,,,,,,,,,,,,,,,,PVC,LT,#4,#4,GASOLINE_1,0.9864591113262473,3.100756754844707,44.24081222651829,-0.6993833652062301,-1.7359184458157904,-29.372884949209002,0.3360681354850292,323,,,,,,,,,,,,,,,,,,,,,,,,,,,,,,,,,,,,,,,,,,,,,,,,,,,,,,,,,,,,,,,,,,,,,,,,,,,,,,,,,,,,,,,,,,,,,,,,,,,,,,,,,,,,,,,,,,,,,,,,,,,,,,,,,,,,,,,,,,,,,,,,,,,,,,,,,,,,,,,,
377,PP,LT,#6,#1,MeOH_1,1.5120210916267247,4.652332204956178,97.9348507798318,-0.6909049534226719,-1.7753833700720778,-54.451484156778825,0.4440029905269201,,,,,,,,,,,,,,,,,,,,,,,,,,,,,,,,,,,,,,,,,,PVC,LT,#4,#5,FT_1,1.0480914776556065,3.0308761276358323,46.7046874265183,-0.5713350924440607,-1.3575813697410393,-24.426522078901517,0.4770006304542258,324,,,,,,,,,,,,,,,,,,,,,,,,,,,,,,,,,,,,,,,,,,,,,,,,,,,,,,,,,,,,,,,,,,,,,,,,,,,,,,,,,,,,,,,,,,,,,,,,,,,,,,,,,,,,,,,,,,,,,,,,,,,,,,,,,,,,,,,,,,,,,,,,,,,,,,,,,,,,,,,,
378,PP,LT,#6,#2,DIESEL_1,1.5601784707800146,4.718953688959049,99.28485301983183,-0.7234178682522879,-1.8610974313086626,-56.12339679070868,0.4347234740882558,,,,,,,,,,,,,,,,,,,,,,,,,,,,,,,,,,,,,,,,,,PVC,LT,#4,#6,GASOLINE_1,0.8297683060218408,1.4809198908696928,33.30795427406281,-0.5057247429671604,-0.05196591022827983,-17.12223725109145,0.4859414928275952,325,,,,,,,,,,,,,,,,,,,,,,,,,,,,,,,,,,,,,,,,,,,,,,,,,,,,,,,,,,,,,,,,,,,,,,,,,,,,,,,,,,,,,,,,,,,,,,,,,,,,,,,,,,,,,,,,,,,,,,,,,,,,,,,,,,,,,,,,,,,,,,,,,,,,,,,,,,,,,,,,
379,PP,LT,#6,#3,DIESEL_1,1.4969186957528537,4.4192809810001545,97.1531150624712,-0.6700575774006443,-1.5246206013336399,-53.40841550592177,0.45026553732652635,,,,,,,,,,,,,,,,,,,,,,,,,,,,,,,,,,,,,,,,,,PVC,LT,#4,#7,GASOLINE_1,0.8929763148170788,1.8776514016987336,37.47135741076007,-0.5699396766977046,-0.4409501774243963,-21.858575092949003,0.41665910702577813,326,,,,,,,,,,,,,,,,,,,,,,,,,,,,,,,,,,,,,,,,,,,,,,,,,,,,,,,,,,,,,,,,,,,,,,,,,,,,,,,,,,,,,,,,,,,,,,,,,,,,,,,,,,,,,,,,,,,,,,,,,,,,,,,,,,,,,,,,,,,,,,,,,,,,,,,,,,,,,,,,
380,PP,LT,#6,#4,MeOH_1,1.5694314262481701,4.849580797453288,100.91844181983184,-0.7468113272731154,-2.034301131344812,-57.775267254877065,0.4275053576627514,,,,,,,,,,,,,,,,,,,,,,,,,,,,,,,,,,,,,,,,,,PVC,LT,#4,#8,GASOLINE_1,0.9239596610562327,1.9538230960751408,38.59621371679207,-0.5936598761904278,-0.5335366655042731,-23.376224091650055,0.3943389301557382,327,,,,,,,,,,,,,,,,,,,,,,,,,,,,,,,,,,,,,,,,,,,,,,,,,,,,,,,,,,,,,,,,,,,,,,,,,,,,,,,,,,,,,,,,,,,,,,,,,,,,,,,,,,,,,,,,,,,,,,,,,,,,,,,,,,,,,,,,,,,,,,,,,,,,,,,,,,,,,,,,
381,PP,LT,#6,#5,DIESEL_1,1.6227957852618158,4.962798163473075,101.91723285983181,-0.7740255024571526,-2.0766017595944914,-57.962982373045406,0.43127397843735904,,,,,,,,,,,,,,,,,,,,,,,,,,,,,,,,,,,,,,,,,,PVC,LT,#4,#9,GASOLINE_1,0.8922999027359727,1.8488940683202215,39.134628755884385,-0.5655899622570865,-0.39380311623348324,-23.25639875428242,0.4057335026901073,328,,,,,,,,,,,,,,,,,,,,,,,,,,,,,,,,,,,,,,,,,,,,,,,,,,,,,,,,,,,,,,,,,,,,,,,,,,,,,,,,,,,,,,,,,,,,,,,,,,,,,,,,,,,,,,,,,,,,,,,,,,,,,,,,,,,,,,,,,,,,,,,,,,,,,,,,,,,,,,,,
382,PP,LT,#6,#6,DIESEL_1,1.400502975970846,3.9005802678469217,90.5533032166482,-0.5795552636284792,-1.0300753038578734,-47.427302505860396,0.4762498901625833,,,,,,,,,,,,,,,,,,,,,,,,,,,,,,,,,,,,,,,,,,PVC,LT,#4,#10,GASOLINE_1,0.9275378589651555,2.04277483167801,40.02648365076007,-0.6016565785655617,-0.6553773022372925,-24.662391760670786,0.3838481547403561,329,,,,,,,,,,,,,,,,,,,,,,,,,,,,,,,,,,,,,,,,,,,,,,,,,,,,,,,,,,,,,,,,,,,,,,,,,,,,,,,,,,,,,,,,,,,,,,,,,,,,,,,,,,,,,,,,,,,,,,,,,,,,,,,,,,,,,,,,,,,,,,,,,,,,,,,,,,,,,,,,
383,PP,LT,#6,#7,MeOH_1,1.5035632487162596,4.55306698316163,97.5753457190482,-0.6807937709921708,-1.6771823740093883,-54.04623974304206,0.4461076274465978,,,,,,,,,,,,,,,,,,,,,,,,,,,,,,,,,,,,,,,,,,PVC,LT,#4,#11,GASOLINE_1,0.9416935062203555,2.1313349631993987,40.50145069279207,-0.6104200752474939,-0.7157522666961855,-25.297607219773845,0.37539009622991126,330,,,,,,,,,,,,,,,,,,,,,,,,,,,,,,,,,,,,,,,,,,,,,,,,,,,,,,,,,,,,,,,,,,,,,,,,,,,,,,,,,,,,,,,,,,,,,,,,,,,,,,,,,,,,,,,,,,,,,,,,,,,,,,,,,,,,,,,,,,,,,,,,,,,,,,,,,,,,,,,,
384,PP,LT,#6,#8,DIESEL_1,1.5658032774199409,4.656865818271784,98.99665034508018,-0.7362892208068798,-1.8001536166901686,-55.96379440904731,0.4346900201777531,,,,,,,,,,,,,,,,,,,,,,,,,,,,,,,,,,,,,,,,,,PVC,LT,#5,#1,GASOLINE_1,0.8923749439960399,2.3368500048414726,36.375845126038406,-0.6041625289925515,-0.8078804345052052,-18.903980215057366,0.48031502362193645,331,,,,,,,,,,,,,,,,,,,,,,,,,,,,,,,,,,,,,,,,,,,,,,,,,,,,,,,,,,,,,,,,,,,,,,,,,,,,,,,,,,,,,,,,,,,,,,,,,,,,,,,,,,,,,,,,,,,,,,,,,,,,,,,,,,,,,,,,,,,,,,,,,,,,,,,,,,,,,,,,
385,PP,LT,#6,#9,DIESEL_1,1.488963279525472,4.3931480824275235,96.73738342796875,-0.662527776397075,-1.5016377697938998,-53.00367257658399,0.452086973015444,,,,,,,,,,,,,,,,,,,,,,,,,,,,,,,,,,,,,,,,,,PVC,LT,#5,#2,FT_1,1.1031153431809706,2.60408772524618,49.79337440603841,-0.6466968148347304,-0.8356229524821439,-25.470057047441063,0.48848501730880234,332,,,,,,,,,,,,,,,,,,,,,,,,,,,,,,,,,,,,,,,,,,,,,,,,,,,,,,,,,,,,,,,,,,,,,,,,,,,,,,,,,,,,,,,,,,,,,,,,,,,,,,,,,,,,,,,,,,,,,,,,,,,,,,,,,,,,,,,,,,,,,,,,,,,,,,,,,,,,,,,,
386,PP,LT,#6,#10,MeOH_1,1.560908437676017,4.818565465464942,101.24461419904823,-0.7352866883289159,-1.9956498070288404,-58.07538396167642,0.426385448538532,,,,,,,,,,,,,,,,,,,,,,,,,,,,,,,,,,,,,,,,,,PVC,LT,#5,#3,GASOLINE_1,0.8698143278141478,1.5613143825547997,33.94312784424936,-0.5604443439215087,-0.0161356288765201,-16.100657173830594,0.5256578224697002,333,,,,,,,,,,,,,,,,,,,,,,,,,,,,,,,,,,,,,,,,,,,,,,,,,,,,,,,,,,,,,,,,,,,,,,,,,,,,,,,,,,,,,,,,,,,,,,,,,,,,,,,,,,,,,,,,,,,,,,,,,,,,,,,,,,,,,,,,,,,,,,,,,,,,,,,,,,,,,,,,
387,PP,LT,#6,#11,DIESEL_1,1.5768539563603559,4.825428064471061,100.80575499904819,-0.7463469792621206,-1.973545003262947,-57.80245468791529,0.426595687037302,,,,,,,,,,,,,,,,,,,,,,,,,,,,,,,,,,,,,,,,,,PVC,LT,#5,#4,GASOLINE_1,0.9541467944273881,2.8789067300122233,42.6674768060384,-0.6829674981471388,-1.4270298962688506,-26.067796134924283,0.38904762863232856,334,,,,,,,,,,,,,,,,,,,,,,,,,,,,,,,,,,,,,,,,,,,,,,,,,,,,,,,,,,,,,,,,,,,,,,,,,,,,,,,,,,,,,,,,,,,,,,,,,,,,,,,,,,,,,,,,,,,,,,,,,,,,,,,,,,,,,,,,,,,,,,,,,,,,,,,,,,,,,,,,
388,PP,LT,#7,#1,DIESEL_1,1.5904549677064368,5.1828924616746805,100.87052741983184,-0.743992594376504,-2.143710748278427,-57.95472849476574,0.4254542929714925,,,,,,,,,,,,,,,,,,,,,,,,,,,,,,,,,,,,,,,,,,PVC,LT,#5,#5,FT_1,1.0157791607567477,2.8090261028033496,45.131352006038405,-0.5549192253849694,-1.0486928201940995,-21.121433264616787,0.5320008746515987,335,,,,,,,,,,,,,,,,,,,,,,,,,,,,,,,,,,,,,,,,,,,,,,,,,,,,,,,,,,,,,,,,,,,,,,,,,,,,,,,,,,,,,,,,,,,,,,,,,,,,,,,,,,,,,,,,,,,,,,,,,,,,,,,,,,,,,,,,,,,,,,,,,,,,,,,,,,,,,,,,
389,PP,LT,#7,#2,DIESEL_1,1.6386123468597278,5.249513945677552,102.22052965983185,-0.7765055092061209,-2.229424809515012,-59.626641128695596,0.41668624368196533,,,,,,,,,,,,,,,,,,,,,,,,,,,,,,,,,,,,,,,,,,PVC,LT,#5,#7,GASOLINE_1,0.8606639979182197,1.6558013768662507,35.89802199028018,-0.5535238096386131,-0.13206162787745684,-18.553486278664277,0.4831613205962196,336,,,,,,,,,,,,,,,,,,,,,,,,,,,,,,,,,,,,,,,,,,,,,,,,,,,,,,,,,,,,,,,,,,,,,,,,,,,,,,,,,,,,,,,,,,,,,,,,,,,,,,,,,,,,,,,,,,,,,,,,,,,,,,,,,,,,,,,,,,,,,,,,,,,,,,,,,,,,,,,,
390,PP,LT,#7,#3,DIESEL_1,1.5753525718325672,4.949841237718658,100.08879170247118,-0.7231452183544773,-1.8929479795399908,-56.911659843908666,0.43138828158614373,,,,,,,,,,,,,,,,,,,,,,,,,,,,,,,,,,,,,,,,,,PVC,LT,#5,#8,GASOLINE_1,0.8916473441573747,1.731973071242658,37.022878296312186,-0.5772440091313376,-0.22464811595733358,-20.071135277365332,0.45787209960483805,337,,,,,,,,,,,,,,,,,,,,,,,,,,,,,,,,,,,,,,,,,,,,,,,,,,,,,,,,,,,,,,,,,,,,,,,,,,,,,,,,,,,,,,,,,,,,,,,,,,,,,,,,,,,,,,,,,,,,,,,,,,,,,,,,,,,,,,,,,,,,,,,,,,,,,,,,,,,,,,,,
391,PP,LT,#7,#4,DIESEL_1,1.6478653023278835,5.380141054171791,103.85411845983185,-0.7998989682269485,-2.4026285095511626,-61.27851159286397,0.4099558832944603,,,,,,,,,,,,,,,,,,,,,,,,,,,,,,,,,,,,,,,,,,PVC,LT,#5,#9,GASOLINE_1,0.8599875858371139,1.6270440434877387,37.561293335404486,-0.5491740951979953,-0.08491456668654368,-19.95130993999768,0.4688332544398306,338,,,,,,,,,,,,,,,,,,,,,,,,,,,,,,,,,,,,,,,,,,,,,,,,,,,,,,,,,,,,,,,,,,,,,,,,,,,,,,,,,,,,,,,,,,,,,,,,,,,,,,,,,,,,,,,,,,,,,,,,,,,,,,,,,,,,,,,,,,,,,,,,,,,,,,,,,,,,,,,,
392,PP,LT,#7,#5,DIESEL_1,1.701229661341529,5.493358420191577,104.85290949983185,-0.8271131434109853,-2.4449291378008406,-61.46622671103234,0.4137861600194231,,,,,,,,,,,,,,,,,,,,,,,,,,,,,,,,,,,,,,,,,,PVC,LT,#5,#10,GASOLINE_1,0.8952255420662962,1.8209248068455273,38.45314823028018,-0.5852407115064701,-0.3464887526903534,-21.35730294638605,0.4445889626907555,339,,,,,,,,,,,,,,,,,,,,,,,,,,,,,,,,,,,,,,,,,,,,,,,,,,,,,,,,,,,,,,,,,,,,,,,,,,,,,,,,,,,,,,,,,,,,,,,,,,,,,,,,,,,,,,,,,,,,,,,,,,,,,,,,,,,,,,,,,,,,,,,,,,,,,,,,,,,,,,,,
393,PP,LT,#7,#6,DIESEL_1,1.478936852050559,4.431140524565424,93.48897985664817,-0.632642904582312,-1.398402682064223,-50.930546843847274,0.45522406039790037,,,,,,,,,,,,,,,,,,,,,,,,,,,,,,,,,,,,,,,,,,PVC,LT,#5,#11,GASOLINE_1,0.9093811893214961,1.9094849383669157,38.92811527231218,-0.5940042081884024,-0.40686371714924546,-21.992518405489125,0.43504795308876887,340,,,,,,,,,,,,,,,,,,,,,,,,,,,,,,,,,,,,,,,,,,,,,,,,,,,,,,,,,,,,,,,,,,,,,,,,,,,,,,,,,,,,,,,,,,,,,,,,,,,,,,,,,,,,,,,,,,,,,,,,,,,,,,,,,,,,,,,,,,,,,,,,,,,,,,,,,,,,,,,,
394,PP,LT,#7,#7,DIESEL_1,1.5819971247959723,5.083627239880132,100.5110223590482,-0.7338814119460034,-2.0455097522157373,-57.549484081028965,0.4274311142170145,,,,,,,,,,,,,,,,,,,,,,,,,,,,,,,,,,,,,,,,,,PVC,LT,#6,#1,MeOH_1,0.9834855703707867,3.039622659537392,45.1109858404863,-0.6036833888517344,-1.4026043269248263,-22.943408521191955,0.49140086181400505,341,,,,,,,,,,,,,,,,,,,,,,,,,,,,,,,,,,,,,,,,,,,,,,,,,,,,,,,,,,,,,,,,,,,,,,,,,,,,,,,,,,,,,,,,,,,,,,,,,,,,,,,,,,,,,,,,,,,,,,,,,,,,,,,,,,,,,,,,,,,,,,,,,,,,,,,,,,,,,,,,
395,PP,LT,#7,#8,DIESEL_1,1.6442371534996534,5.187426074990287,101.93232698508021,-0.7893768617607123,-2.168480994896518,-59.467038747034245,0.41660275492642873,,,,,,,,,,,,,,,,,,,,,,,,,,,,,,,,,,,,,,,,,,PVC,LT,#6,#2,MeOH_1,1.1942259695557174,3.306860379942098,58.528515120486276,-0.646217674693913,-1.4303468449017644,-29.50948535357563,0.49581011421821203,342,,,,,,,,,,,,,,,,,,,,,,,,,,,,,,,,,,,,,,,,,,,,,,,,,,,,,,,,,,,,,,,,,,,,,,,,,,,,,,,,,,,,,,,,,,,,,,,,,,,,,,,,,,,,,,,,,,,,,,,,,,,,,,,,,,,,,,,,,,,,,,,,,,,,,,,,,,,,,,,,
396,PP,LT,#7,#9,DIESEL_1,1.5673971556051844,4.923708339146027,99.67306006796873,-0.7156154173509076,-1.8699651480002495,-56.506916914570866,0.4330773342763044,,,,,,,,,,,,,,,,,,,,,,,,,,,,,,,,,,,,,,,,,,PVC,LT,#6,#3,MeOH_1,0.9609249541888947,2.264087037250718,42.678268558697255,-0.5599652037806915,-0.6108595212961409,-20.140085479965173,0.5280950666434453,343,,,,,,,,,,,,,,,,,,,,,,,,,,,,,,,,,,,,,,,,,,,,,,,,,,,,,,,,,,,,,,,,,,,,,,,,,,,,,,,,,,,,,,,,,,,,,,,,,,,,,,,,,,,,,,,,,,,,,,,,,,,,,,,,,,,,,,,,,,,,,,,,,,,,,,,,,,,,,,,,
397,PP,LT,#7,#10,DIESEL_1,1.6393423137557304,5.349125722183445,104.1802908390482,-0.788374329282749,-2.3639771852351905,-61.578628299663286,0.40892247656710534,,,,,,,,,,,,,,,,,,,,,,,,,,,,,,,,,,,,,,,,,,PVC,LT,#6,#4,MeOH_1,1.0452574208021346,3.5816793847081416,51.40261752048629,-0.6824883580063212,-2.0217537886884713,-30.10722444105886,0.4142861610294503,344,,,,,,,,,,,,,,,,,,,,,,,,,,,,,,,,,,,,,,,,,,,,,,,,,,,,,,,,,,,,,,,,,,,,,,,,,,,,,,,,,,,,,,,,,,,,,,,,,,,,,,,,,,,,,,,,,,,,,,,,,,,,,,,,,,,,,,,,,,,,,,,,,,,,,,,,,,,,,,,,
398,PP,LT,#7,#11,DIESEL_1,1.6552878324400688,5.355988321189563,103.7414316390482,-0.799434620215953,-2.3418723814692965,-61.30569902590219,0.4090528918165924,,,,,,,,,,,,,,,,,,,,,,,,,,,,,,,,,,,,,,,,,,PVC,LT,#6,#5,MeOH_1,1.1068897871314947,3.511798757499269,53.8664927204863,-0.5544400852441523,-1.643416712613721,-25.160861570751372,0.5329032892245036,345,,,,,,,,,,,,,,,,,,,,,,,,,,,,,,,,,,,,,,,,,,,,,,,,,,,,,,,,,,,,,,,,,,,,,,,,,,,,,,,,,,,,,,,,,,,,,,,,,,,,,,,,,,,,,,,,,,,,,,,,,,,,,,,,,,,,,,,,,,,,,,,,,,,,,,,,,,,,,,,,
399,PP,LT,#8,#1,DIESEL_1,1.2083491354976372,1.7091872313234615,67.36463280113496,-0.4840624321273225,1.0358846657654044,-23.08355944818614,0.6573341457032743,,,,,,,,,,,,,,,,,,,,,,,,,,,,,,,,,,,,,,,,,,PVC,LT,#6,#6,MeOH_1,0.8885666154977296,1.9618425207331285,40.4697595680308,-0.4888297357672529,-0.337801253100961,-17.8565767429413,0.5587674121729364,346,,,,,,,,,,,,,,,,,,,,,,,,,,,,,,,,,,,,,,,,,,,,,,,,,,,,,,,,,,,,,,,,,,,,,,,,,,,,,,,,,,,,,,,,,,,,,,,,,,,,,,,,,,,,,,,,,,,,,,,,,,,,,,,,,,,,,,,,,,,,,,,,,,,,,,,,,,,,,,,,
400,PP,LT,#8,#2,DIESEL_1,1.256506514650928,1.7758087153263324,68.71463504113495,-0.5165753469569391,0.9501706045288204,-24.75547208211599,0.6397350860221187,,,,,,,,,,,,,,,,,,,,,,,,,,,,,,,,,,,,,,,,,,PVC,LT,#6,#7,MeOH_1,0.9517746242929673,2.3585740315621697,44.63316270472807,-0.5530446694977967,-0.7267855202970782,-22.592914584798862,0.49380879113893594,347,,,,,,,,,,,,,,,,,,,,,,,,,,,,,,,,,,,,,,,,,,,,,,,,,,,,,,,,,,,,,,,,,,,,,,,,,,,,,,,,,,,,,,,,,,,,,,,,,,,,,,,,,,,,,,,,,,,,,,,,,,,,,,,,,,,,,,,,,,,,,,,,,,,,,,,,,,,,,,,,
401,PP,LT,#8,#3,DIESEL_1,1.193246739623767,1.4761360073674388,66.58289708377431,-0.4632150561052954,1.286647434503842,-22.040490797329078,0.6689766927744549,,,,,,,,,,,,,,,,,,,,,,,,,,,,,,,,,,,,,,,,,,PVC,LT,#6,#8,MeOH_1,0.9827579705321213,2.4347457259385767,45.758019010760066,-0.5767648689905202,-0.8193720083769548,-24.110563583499907,0.4730855027218229,348,,,,,,,,,,,,,,,,,,,,,,,,,,,,,,,,,,,,,,,,,,,,,,,,,,,,,,,,,,,,,,,,,,,,,,,,,,,,,,,,,,,,,,,,,,,,,,,,,,,,,,,,,,,,,,,,,,,,,,,,,,,,,,,,,,,,,,,,,,,,,,,,,,,,,,,,,,,,,,,,
402,PP,LT,#8,#4,DIESEL_1,1.2657594701190835,1.9064358238205716,70.34822384113495,-0.5399688059777666,0.7769669044926703,-26.407342546284365,0.6246196264184412,,,,,,,,,,,,,,,,,,,,,,,,,,,,,,,,,,,,,,,,,,PVC,LT,#6,#9,MeOH_1,0.9510982122118603,2.3298166981836577,46.29643404985238,-0.5486949550571777,-0.6796384591061648,-23.990738246132263,0.48180159577087855,349,,,,,,,,,,,,,,,,,,,,,,,,,,,,,,,,,,,,,,,,,,,,,,,,,,,,,,,,,,,,,,,,,,,,,,,,,,,,,,,,,,,,,,,,,,,,,,,,,,,,,,,,,,,,,,,,,,,,,,,,,,,,,,,,,,,,,,,,,,,,,,,,,,,,,,,,,,,,,,,,
403,PP,LT,#8,#5,DIESEL_1,1.3191238291327285,2.019653189840359,71.34701488113495,-0.5671829811618034,0.7346662762429914,-26.595057664452714,0.627243582527448,,,,,,,,,,,,,,,,,,,,,,,,,,,,,,,,,,,,,,,,,,PVC,LT,#6,#10,MeOH_1,0.9863361684410429,2.5236974615414463,47.18828894472807,-0.5847615713656527,-0.9412126451099745,-25.39673125252063,0.4618001241310533,350,,,,,,,,,,,,,,,,,,,,,,,,,,,,,,,,,,,,,,,,,,,,,,,,,,,,,,,,,,,,,,,,,,,,,,,,,,,,,,,,,,,,,,,,,,,,,,,,,,,,,,,,,,,,,,,,,,,,,,,,,,,,,,,,,,,,,,,,,,,,,,,,,,,,,,,,,,,,,,,,
404,PP,LT,#8,#6,DIESEL_1,1.0968310198417588,0.9574352942142041,59.9830852379513,-0.3727127423331298,1.78119273197961,-16.059377797267686,0.7322682263914808,,,,,,,,,,,,,,,,,,,,,,,,,,,,,,,,,,,,,,,,,,PVC,LT,#6,#11,MeOH_1,1.0004918156962428,2.612257593062835,47.66325598676007,-0.5935250680475851,-1.0015876095688672,-26.031946711623707,0.45383616430117835,351,,,,,,,,,,,,,,,,,,,,,,,,,,,,,,,,,,,,,,,,,,,,,,,,,,,,,,,,,,,,,,,,,,,,,,,,,,,,,,,,,,,,,,,,,,,,,,,,,,,,,,,,,,,,,,,,,,,,,,,,,,,,,,,,,,,,,,,,,,,,,,,,,,,,,,,,,,,,,,,,
405,PP,LT,#8,#7,DIESEL_1,1.1998912925871728,1.609922009528912,67.00512774035131,-0.47395124969682184,1.1340856618280952,-22.678315034449373,0.6615435892857464,,,,,,,,,,,,,,,,,,,,,,,,,,,,,,,,,,,,,,,,,,PVC,LT,#7,#1,GASOLINE_1,1.0050026082618921,3.2810712937415403,45.4008796004863,-0.6983303321469876,-1.8396176890249956,-29.482422526869616,0.3506200147154456,352,,,,,,,,,,,,,,,,,,,,,,,,,,,,,,,,,,,,,,,,,,,,,,,,,,,,,,,,,,,,,,,,,,,,,,,,,,,,,,,,,,,,,,,,,,,,,,,,,,,,,,,,,,,,,,,,,,,,,,,,,,,,,,,,,,,,,,,,,,,,,,,,,,,,,,,,,,,,,,,,
406,PP,LT,#8,#8,DIESEL_1,1.2621313212908511,1.713720844639067,68.42643236638331,-0.5294466995115283,1.0111144191473147,-24.59586970045462,0.6405501668016506,,,,,,,,,,,,,,,,,,,,,,,,,,,,,,,,,,,,,,,,,,PVC,LT,#7,#2,FT_1,1.2157430074468218,3.5483090141462474,58.81840888048629,-0.7408646179891654,-1.8673602070019346,-36.04849935925331,0.38712216047019204,353,,,,,,,,,,,,,,,,,,,,,,,,,,,,,,,,,,,,,,,,,,,,,,,,,,,,,,,,,,,,,,,,,,,,,,,,,,,,,,,,,,,,,,,,,,,,,,,,,,,,,,,,,,,,,,,,,,,,,,,,,,,,,,,,,,,,,,,,,,,,,,,,,,,,,,,,,,,,,,,,
407,PP,LT,#8,#9,DIESEL_1,1.1852913233963847,1.4500031087948066,66.16716544927185,-0.4556852551017256,1.3096302660435837,-21.63574786799127,0.673013832146419,,,,,,,,,,,,,,,,,,,,,,,,,,,,,,,,,,,,,,,,,,PVC,LT,#7,#3,GASOLINE_1,0.98244199208,2.5055356714548673,42.968162318697246,-0.6546121470759445,-1.0478728833963105,-26.679099485642833,0.37909610171916425,354,,,,,,,,,,,,,,,,,,,,,,,,,,,,,,,,,,,,,,,,,,,,,,,,,,,,,,,,,,,,,,,,,,,,,,,,,,,,,,,,,,,,,,,,,,,,,,,,,,,,,,,,,,,,,,,,,,,,,,,,,,,,,,,,,,,,,,,,,,,,,,,,,,,,,,,,,,,,,,,,
408,PP,LT,#8,#10,DIESEL_1,1.2572364815469301,1.875420491832225,70.67439622035131,-0.5284441670335668,0.8156182288086423,-26.707459253083712,0.6221055901232722,,,,,,,,,,,,,,,,,,,,,,,,,,,,,,,,,,,,,,,,,,PVC,LT,#7,#4,GASOLINE_1,1.0667744586932395,3.823128018912291,51.692511280486286,-0.7771353013015737,-2.458767150788641,-36.64623844673652,0.2910725840365521,355,,,,,,,,,,,,,,,,,,,,,,,,,,,,,,,,,,,,,,,,,,,,,,,,,,,,,,,,,,,,,,,,,,,,,,,,,,,,,,,,,,,,,,,,,,,,,,,,,,,,,,,,,,,,,,,,,,,,,,,,,,,,,,,,,,,,,,,,,,,,,,,,,,,,,,,,,,,,,,,,
409,PP,LT,#8,#11,DIESEL_1,1.2731820002312686,1.8822830908383434,70.2355370203513,-0.5395044579667713,0.8377230325745365,-26.4345299793226,0.6236302717858769,,,,,,,,,,,,,,,,,,,,,,,,,,,,,,,,,,,,,,,,,,PVC,LT,#7,#5,FT_1,1.1284068250225994,3.753247391703417,54.1563864804863,-0.6490870285394048,-2.0804300747138895,-31.699875576429037,0.4146604373640923,356,,,,,,,,,,,,,,,,,,,,,,,,,,,,,,,,,,,,,,,,,,,,,,,,,,,,,,,,,,,,,,,,,,,,,,,,,,,,,,,,,,,,,,,,,,,,,,,,,,,,,,,,,,,,,,,,,,,,,,,,,,,,,,,,,,,,,,,,,,,,,,,,,,,,,,,,,,,,,,,,
410,PP,LT,#9,#1,DIESEL_1,1.282162104776764,2.1234514809396656,67.58932420545496,-0.6010301969001257,0.7985753581064364,-23.14536732083941,0.6575588291061593,,,,,,,,,,,,,,,,,,,,,,,,,,,,,,,,,,,,,,,,,,PVC,LT,#7,#6,GASOLINE_1,0.9100836533888343,2.203291154937278,40.75965332803081,-0.5834766790625053,-0.7748146152011308,-24.39559074861896,0.40147698135985166,357,,,,,,,,,,,,,,,,,,,,,,,,,,,,,,,,,,,,,,,,,,,,,,,,,,,,,,,,,,,,,,,,,,,,,,,,,,,,,,,,,,,,,,,,,,,,,,,,,,,,,,,,,,,,,,,,,,,,,,,,,,,,,,,,,,,,,,,,,,,,,,,,,,,,,,,,,,,,,,,,
411,PP,LT,#9,#2,DIESEL_1,1.3303194839300527,2.1900729649425363,68.93932644545497,-0.6335431117297403,0.7128612968698526,-24.81727995476926,0.6400127295353722,,,,,,,,,,,,,,,,,,,,,,,,,,,,,,,,,,,,,,,,,,PVC,LT,#7,#7,GASOLINE_1,0.9732916621840718,2.6000226657663186,44.92305646472806,-0.6476916127930489,-1.1637988823972476,-29.131928590476512,0.35151499290014165,358,,,,,,,,,,,,,,,,,,,,,,,,,,,,,,,,,,,,,,,,,,,,,,,,,,,,,,,,,,,,,,,,,,,,,,,,,,,,,,,,,,,,,,,,,,,,,,,,,,,,,,,,,,,,,,,,,,,,,,,,,,,,,,,,,,,,,,,,,,,,,,,,,,,,,,,,,,,,,,,,
412,PP,LT,#9,#3,DIESEL_1,1.2670597089028919,1.8904002569836422,66.80758848809432,-0.5801828208780968,1.0493381268448743,-22.10229866998234,0.6691648483327436,,,,,,,,,,,,,,,,,,,,,,,,,,,,,,,,,,,,,,,,,,PVC,LT,#7,#8,GASOLINE_1,1.0042750084232257,2.6761943601427256,46.04791277076006,-0.6714118122857723,-1.2563853704771244,-30.64957758917757,0.33439811394361985,359,,,,,,,,,,,,,,,,,,,,,,,,,,,,,,,,,,,,,,,,,,,,,,,,,,,,,,,,,,,,,,,,,,,,,,,,,,,,,,,,,,,,,,,,,,,,,,,,,,,,,,,,,,,,,,,,,,,,,,,,,,,,,,,,,,,,,,,,,,,,,,,,,,,,,,,,,,,,,,,,
413,PP,LT,#9,#4,DIESEL_1,1.3395724393982085,2.320700073436776,70.57291524545496,-0.6569365707505679,0.5396575968337017,-26.469150418937627,0.6249389680605225,,,,,,,,,,,,,,,,,,,,,,,,,,,,,,,,,,,,,,,,,,PVC,LT,#7,#9,GASOLINE_1,0.9726152501029657,2.571265332387806,46.58632780985238,-0.6433418983524308,-1.1166518212063339,-30.529752251809935,0.3446628294803416,360,,,,,,,,,,,,,,,,,,,,,,,,,,,,,,,,,,,,,,,,,,,,,,,,,,,,,,,,,,,,,,,,,,,,,,,,,,,,,,,,,,,,,,,,,,,,,,,,,,,,,,,,,,,,,,,,,,,,,,,,,,,,,,,,,,,,,,,,,,,,,,,,,,,,,,,,,,,,,,,,
414,PP,LT,#9,#5,DIESEL_1,1.392936798411854,2.433917439456563,71.57170628545497,-0.684150745934605,0.4973569685840234,-26.656865537106004,0.6275502301036617,,,,,,,,,,,,,,,,,,,,,,,,,,,,,,,,,,,,,,,,,,PVC,LT,#7,#10,GASOLINE_1,1.007853206332147,2.7651460957455947,47.47818270472807,-0.6794085146609047,-1.378226007210143,-31.935745258198303,0.3273595694087505,361,,,,,,,,,,,,,,,,,,,,,,,,,,,,,,,,,,,,,,,,,,,,,,,,,,,,,,,,,,,,,,,,,,,,,,,,,,,,,,,,,,,,,,,,,,,,,,,,,,,,,,,,,,,,,,,,,,,,,,,,,,,,,,,,,,,,,,,,,,,,,,,,,,,,,,,,,,,,,,,,
415,PP,LT,#9,#6,DIESEL_1,1.1706439891208846,1.3716995438304083,60.20777664227132,-0.48968050710593203,1.5438834243206419,-16.121185669920965,0.732240807268036,,,,,,,,,,,,,,,,,,,,,,,,,,,,,,,,,,,,,,,,,,PVC,LT,#7,#11,GASOLINE_1,1.0220088535873473,2.8537062272669833,47.953149746760076,-0.6881720113428369,-1.4386009716690362,-32.57096071730137,0.3207753632595947,362,,,,,,,,,,,,,,,,,,,,,,,,,,,,,,,,,,,,,,,,,,,,,,,,,,,,,,,,,,,,,,,,,,,,,,,,,,,,,,,,,,,,,,,,,,,,,,,,,,,,,,,,,,,,,,,,,,,,,,,,,,,,,,,,,,,,,,,,,,,,,,,,,,,,,,,,,,,,,,,,
416,PP,LT,#9,#7,DIESEL_1,1.273704261866298,2.0241862591451163,67.22981914467131,-0.5909190144696232,0.8967763541691266,-22.740122907102627,0.6617554056159464,,,,,,,,,,,,,,,,,,,,,,,,,,,,,,,,,,,,,,,,,,PVC,LT,#8,#1,Aromatics,0.997090449013333,1.584597583484256,26.60212767423976,-0.786208150746738,-0.19324862151718705,-11.905363041849085,0.5524657580913095,363,,,,,,,,,,,,,,,,,,,,,,,,,,,,,,,,,,,,,,,,,,,,,,,,,,,,,,,,,,,,,,,,,,,,,,,,,,,,,,,,,,,,,,,,,,,,,,,,,,,,,,,,,,,,,,,,,,,,,,,,,,,,,,,,,,,,,,,,,,,,,,,,,,,,,,,,,,,,,,,,
417,PP,LT,#9,#8,DIESEL_1,1.3359442905699785,2.1279850942552705,68.65112377070331,-0.6464144642843319,0.7738051114883472,-24.65767757310789,0.6408263081684543,,,,,,,,,,,,,,,,,,,,,,,,,,,,,,,,,,,,,,,,,,PVC,LT,#8,#2,FT_1,1.2078308481982631,1.8518353038889634,40.01965695423976,-0.8287424365889162,-0.22099113949412613,-18.47143987423278,0.5384408243340556,364,,,,,,,,,,,,,,,,,,,,,,,,,,,,,,,,,,,,,,,,,,,,,,,,,,,,,,,,,,,,,,,,,,,,,,,,,,,,,,,,,,,,,,,,,,,,,,,,,,,,,,,,,,,,,,,,,,,,,,,,,,,,,,,,,,,,,,,,,,,,,,,,,,,,,,,,,,,,,,,,
418,PP,LT,#9,#9,DIESEL_1,1.2591042926755094,1.8642673584110108,66.39185685359185,-0.5726530198745271,1.0723209583846154,-21.697555740644543,0.6731895029161142,,,,,,,,,,,,,,,,,,,,,,,,,,,,,,,,,,,,,,,,,,PVC,LT,#8,#4,Aromatics,1.0588622994446808,2.1266543086550067,32.89375935423975,-0.8650131199013247,-0.8123980832808327,-19.069178961715995,0.42027973281022596,365,,,,,,,,,,,,,,,,,,,,,,,,,,,,,,,,,,,,,,,,,,,,,,,,,,,,,,,,,,,,,,,,,,,,,,,,,,,,,,,,,,,,,,,,,,,,,,,,,,,,,,,,,,,,,,,,,,,,,,,,,,,,,,,,,,,,,,,,,,,,,,,,,,,,,,,,,,,,,,,,
419,PP,LT,#9,#10,DIESEL_1,1.3310494508260573,2.289684741448429,70.89908762467132,-0.6454119318063702,0.578308921149674,-26.769267125736977,0.6224314300425234,,,,,,,,,,,,,,,,,,,,,,,,,,,,,,,,,,,,,,,,,,PVC,LT,#8,#5,FT_1,1.12049466577404,2.056773681446133,35.35763455423975,-0.7369648471391548,-0.43406100720608204,-14.122816091408506,0.600572372290809,366,,,,,,,,,,,,,,,,,,,,,,,,,,,,,,,,,,,,,,,,,,,,,,,,,,,,,,,,,,,,,,,,,,,,,,,,,,,,,,,,,,,,,,,,,,,,,,,,,,,,,,,,,,,,,,,,,,,,,,,,,,,,,,,,,,,,,,,,,,,,,,,,,,,,,,,,,,,,,,,,
420,PP,LT,#9,#11,DIESEL_1,1.346994969510394,2.2965473404545476,70.4602284246713,-0.656472222739573,0.6004137249155682,-26.49633785197586,0.6239532791140046,,,,,,,,,,,,,,,,,,,,,,,,,,,,,,,,,,,,,,,,,,PVC,LT,#9,#1,Aromatics,1.0617139426834912,1.8823665683629875,28.74486651423976,-0.8595506546157808,-0.4716745868244502,-14.16689140493062,0.5071505585906073,367,,,,,,,,,,,,,,,,,,,,,,,,,,,,,,,,,,,,,,,,,,,,,,,,,,,,,,,,,,,,,,,,,,,,,,,,,,,,,,,,,,,,,,,,,,,,,,,,,,,,,,,,,,,,,,,,,,,,,,,,,,,,,,,,,,,,,,,,,,,,,,,,,,,,,,,,,,,,,,,,
421,PP,HT,#1,-,MeOH_1,1.1643147876573718,3.2804887590752916,79.57669597980977,-0.3966417529236636,-0.30080314259500207,-35.80506418489518,0.5500559084033892,,,,,,,,,,,,,,,,,,,,,,,,,,,,,,,,,,,,,,,,,,PVC,LT,#9,#2,FT_1,1.2724543418684222,2.1496042887676947,42.16239579423976,-0.90208494045796,-0.49941710480138896,-20.732968237314317,0.5082592474465869,368,,,,,,,,,,,,,,,,,,,,,,,,,,,,,,,,,,,,,,,,,,,,,,,,,,,,,,,,,,,,,,,,,,,,,,,,,,,,,,,,,,,,,,,,,,,,,,,,,,,,,,,,,,,,,,,,,,,,,,,,,,,,,,,,,,,,,,,,,,,,,,,,,,,,,,,,,,,,,,,,
422,PP,HT,#2,-,FT_1,1.2882853701667016,3.8300765083342294,82.85050237980978,-0.4530145388673238,-0.39853624421691536,-38.75974539662806,0.5321724759260651,,,,,,,,,,,,,,,,,,,,,,,,,,,,,,,,,,,,,,,,,,PVC,LT,#9,#4,Aromatics,1.1234857931148394,2.4244232935337378,35.03649819423976,-0.938355623770368,-1.0908240485880951,-21.330707324797544,0.3911860938116111,369,,,,,,,,,,,,,,,,,,,,,,,,,,,,,,,,,,,,,,,,,,,,,,,,,,,,,,,,,,,,,,,,,,,,,,,,,,,,,,,,,,,,,,,,,,,,,,,,,,,,,,,,,,,,,,,,,,,,,,,,,,,,,,,,,,,,,,,,,,,,,,,,,,,,,,,,,,,,,,,,
423,PP,HT,#3,-,H2_1,1.2205273646617618,3.9140078218710954,77.27825911645358,-0.5339864835857518,-0.23041761741309016,-27.70830632396181,0.641447586413572,,,,,,,,,,,,,,,,,,,,,,,,,,,,,,,,,,,,,,,,,,PVC,LT,#9,#5,FT_1,1.1851181594441988,2.354542666324864,37.50037339423975,-0.8103073510081984,-0.7124869725133443,-16.384344454490034,0.5630884982866129,370,,,,,,,,,,,,,,,,,,,,,,,,,,,,,,,,,,,,,,,,,,,,,,,,,,,,,,,,,,,,,,,,,,,,,,,,,,,,,,,,,,,,,,,,,,,,,,,,,,,,,,,,,,,,,,,,,,,,,,,,,,,,,,,,,,,,,,,,,,,,,,,,,,,,,,,,,,,,,,,,
424,PP,HT,#4,-,MeOH_1,1.458325903377806,4.093876367710986,91.1485727798098,-0.8055327191867739,-1.341905970638435,-54.176850908391074,0.40562041449329506,,,,,,,,,,,,,,,,,,,,,,,,,,,,,,,,,,,,,,,,,,PVC,LT,#9,#10,Aromatics,1.0645645407537476,1.3664413703670415,30.822169618481528,-0.8406288371296992,-0.01028290500959769,-16.620214136259307,0.460770791219917,371,,,,,,,,,,,,,,,,,,,,,,,,,,,,,,,,,,,,,,,,,,,,,,,,,,,,,,,,,,,,,,,,,,,,,,,,,,,,,,,,,,,,,,,,,,,,,,,,,,,,,,,,,,,,,,,,,,,,,,,,,,,,,,,,,,,,,,,,,,,,,,,,,,,,,,,,,,,,,,,,
425,PP,HT,#5,-,FT_1,1.6000542898603345,5.030733464681105,95.57942077980978,-0.7525367238391163,-1.5980655546635898,-52.082513679211004,0.45508653165836166,,,,,,,,,,,,,,,,,,,,,,,,,,,,,,,,,,,,,,,,,,PVC,LT,#9,#11,Aromatics,1.0787201880089474,1.4550015018884312,31.297136660513527,-0.8493923338116315,-0.07065786946849137,-17.255429595362365,0.4486578825872936,372,,,,,,,,,,,,,,,,,,,,,,,,,,,,,,,,,,,,,,,,,,,,,,,,,,,,,,,,,,,,,,,,,,,,,,,,,,,,,,,,,,,,,,,,,,,,,,,,,,,,,,,,,,,,,,,,,,,,,,,,,,,,,,,,,,,,,,,,,,,,,,,,,,,,,,,,,,,,,,,,
426,PP,HT,#6,-,Olefin,0.960456279220676,1.5173377117774733,63.40391747228963,-0.34725271940151853,1.8027721982757163,-20.812291277567446,0.6717507039424914,,,,,,,,,,,,,,,,,,,,,,,,,,,,,,,,,,,,,,,,,,PVC,HT,#1,-,MeOH_1,0.8715019483194858,1.688416667701028,35.02551151417986,-0.5971740651727233,-0.30172913005385144,-19.705596144081966,0.43739305174446136,373,,,,,,,,,,,,,,,,,,,,,,,,,,,,,,,,,,,,,,,,,,,,,,,,,,,,,,,,,,,,,,,,,,,,,,,,,,,,,,,,,,,,,,,,,,,,,,,,,,,,,,,,,,,,,,,,,,,,,,,,,,,,,,,,,,,,,,,,,,,,,,,,,,,,,,,,,,,,,,,,
427,PP,HT,#7,-,MeOH_1,1.1847180245870568,3.639983943419606,81.83779293399945,-0.40080340998702213,-0.5548467310494849,-37.12301619633689,0.5463829745961518,,,,,,,,,,,,,,,,,,,,,,,,,,,,,,,,,,,,,,,,,,PVC,HT,#2,-,FT_1,0.9245963622584321,1.786987225946631,35.78989345509186,-0.6340957158676105,-0.4521197387708023,-21.230440111172108,0.4068034838435198,374,,,,,,,,,,,,,,,,,,,,,,,,,,,,,,,,,,,,,,,,,,,,,,,,,,,,,,,,,,,,,,,,,,,,,,,,,,,,,,,,,,,,,,,,,,,,,,,,,,,,,,,,,,,,,,,,,,,,,,,,,,,,,,,,,,,,,,,,,,,,,,,,,,,,,,,,,,,,,,,,
428,PP,HT,#8,-,FT_1,1.343322775499172,4.906427897194564,89.63251420003144,-0.4514141412865995,-1.4135791678127554,-47.458702583015,0.47051911902078114,,,,,,,,,,,,,,,,,,,,,,,,,,,,,,,,,,,,,,,,,,PVC,HT,#3,-,DIESEL_1,0.8848749734366186,2.638918376739657,35.966950165661586,-0.5560040108063582,-1.1412129295230264,-11.869701609916957,0.6699830940559087,375,,,,,,,,,,,,,,,,,,,,,,,,,,,,,,,,,,,,,,,,,,,,,,,,,,,,,,,,,,,,,,,,,,,,,,,,,,,,,,,,,,,,,,,,,,,,,,,,,,,,,,,,,,,,,,,,,,,,,,,,,,,,,,,,,,,,,,,,,,,,,,,,,,,,,,,,,,,,,,,,
429,PP,HT,#9,-,H2_1,1.202352358430641,3.7035249659023113,79.18836001579317,-0.49115372644455746,0.05814864894764602,-29.97998226409479,0.6214092291074642,,,,,,,,,,,,,,,,,,,,,,,,,,,,,,,,,,,,,,,,,,PVC,HT,#4,-,MeOH_1,1.0400227332446632,2.764917626100438,49.77494018905987,-0.7896072082098468,-1.5571897903116583,-36.874436017445,0.2591766885628583,376,,,,,,,,,,,,,,,,,,,,,,,,,,,,,,,,,,,,,,,,,,,,,,,,,,,,,,,,,,,,,,,,,,,,,,,,,,,,,,,,,,,,,,,,,,,,,,,,,,,,,,,,,,,,,,,,,,,,,,,,,,,,,,,,,,,,,,,,,,,,,,,,,,,,,,,,,,,,,,,,
430,PP,HT,#10,-,MeOH_1,1.6013386994204373,7.244896020591651,123.18678653399944,-0.8096056218032431,-4.302403280249021,-80.0542332618678,0.3501394466542651,,,,,,,,,,,,,,,,,,,,,,,,,,,,,,,,,,,,,,,,,,PVC,HT,#5,-,FT_1,1.088923436143965,2.9472937095386946,49.77300145509186,-0.7579237866003146,-1.5528318385413935,-34.70802129775289,0.302673733086631,377,,,,,,,,,,,,,,,,,,,,,,,,,,,,,,,,,,,,,,,,,,,,,,,,,,,,,,,,,,,,,,,,,,,,,,,,,,,,,,,,,,,,,,,,,,,,,,,,,,,,,,,,,,,,,,,,,,,,,,,,,,,,,,,,,,,,,,,,,,,,,,,,,,,,,,,,,,,,,,,,
431,PP,HT,#11,-,FT_1,1.5799829146849356,6.938188867696175,119.98818237399942,-0.6873992953926331,-3.4497271193091583,-78.31990045749757,0.34726988185072366,,,,,,,,,,,,,,,,,,,,,,,,,,,,,,,,,,,,,,,,,,PVC,HT,#7,-,MeOH_1,0.8354157889859168,2.007440342081226,33.75222870009637,-0.5406901658181572,-0.6208247211463612,-18.028428525075537,0.4658596122565363,378,,,,,,,,,,,,,,,,,,,,,,,,,,,,,,,,,,,,,,,,,,,,,,,,,,,,,,,,,,,,,,,,,,,,,,,,,,,,,,,,,,,,,,,,,,,,,,,,,,,,,,,,,,,,,,,,,,,,,,,,,,,,,,,,,,,,,,,,,,,,,,,,,,,,,,,,,,,,,,,,
432,PP,LT,#1,-,DIESEL_1,1.2498658678777268,3.0600619146387023,78.7306040170012,-0.43271541154536874,-0.12043210468335538,-34.97682353743076,0.5557404395134855,,,,,,,,,,,,,,,,,,,,,,,,,,,,,,,,,,,,,,,,,,PVC,HT,#8,-,DIESEL_1,0.9010154913235782,2.190288902687999,36.31719604612837,-0.5911267872277052,-0.7741974104408109,-21.179439673860603,0.41682062549764337,379,,,,,,,,,,,,,,,,,,,,,,,,,,,,,,,,,,,,,,,,,,,,,,,,,,,,,,,,,,,,,,,,,,,,,,,,,,,,,,,,,,,,,,,,,,,,,,,,,,,,,,,,,,,,,,,,,,,,,,,,,,,,,,,,,,,,,,,,,,,,,,,,,,,,,,,,,,,,,,,,
433,PP,LT,#2,-,DIESEL_1,1.319427036105692,3.340748447924441,80.1174553979132,-0.4898491501653065,-0.3271559513452363,-36.37952278831753,0.545922638111331,,,,,,,,,,,,,,,,,,,,,,,,,,,,,,,,,,,,,,,,,,PVC,HT,#10,-,MeOH_1,0.9533527569976049,2.7051140144805683,42.84393958009637,-0.6543907042222505,-1.389279258711871,-27.66818035174886,0.3542101724790402,380,,,,,,,,,,,,,,,,,,,,,,,,,,,,,,,,,,,,,,,,,,,,,,,,,,,,,,,,,,,,,,,,,,,,,,,,,,,,,,,,,,,,,,,,,,,,,,,,,,,,,,,,,,,,,,,,,,,,,,,,,,,,,,,,,,,,,,,,,,,,,,,,,,,,,,,,,,,,,,,,
434,PP,LT,#3,-,DIESEL_1,1.2680236421623539,2.8539363794380566,77.74659066436084,-0.4556550776416289,0.34623151088971943,-31.443445962172245,0.5955649541223423,,,,,,,,,,,,,,,,,,,,,,,,,,,,,,,,,,,,,,,,,,PVC,HT,#11,-,DIESEL_1,1.0236886730893948,3.0613238264513236,45.84450820612837,-0.7134876887503381,-1.648168733367443,-30.964952821840505,0.3245657106274467,381,,,,,,,,,,,,,,,,,,,,,,,,,,,,,,,,,,,,,,,,,,,,,,,,,,,,,,,,,,,,,,,,,,,,,,,,,,,,,,,,,,,,,,,,,,,,,,,,,,,,,,,,,,,,,,,,,,,,,,,,,,,,,,,,,,,,,,,,,,,,,,,,,,,,,,,,,,,,,,,,
435,PP,LT,#4,-,MeOH_1,1.4309712369615788,4.339294880922428,94.84832901188123,-0.6063548357775058,-1.5378975581685153,-51.56000438353728,0.456395226772223,,,,,,,,,,,,,,,,,,,,,,,,,,,,,,,,,,,,,,,,,,PVC,LT,#1,-,MeOH_1,0.8347424572203206,2.2696365925640265,34.717649749932434,-0.5462005099983843,-0.8760306382911658,-18.549275009861077,0.4657105206294336,382,,,,,,,,,,,,,,,,,,,,,,,,,,,,,,,,,,,,,,,,,,,,,,,,,,,,,,,,,,,,,,,,,,,,,,,,,,,,,,,,,,,,,,,,,,,,,,,,,,,,,,,,,,,,,,,,,,,,,,,,,,,,,,,,,,,,,,,,,,,,,,,,,,,,,,,,,,,,,,,,
436,PP,LT,#5,-,DIESEL_1,1.4939690536793477,4.831758776362313,96.14621987791323,-0.6598038555830371,-1.8251830253143617,-52.80529673962682,0.45078135358125204,,,,,,,,,,,,,,,,,,,,,,,,,,,,,,,,,,,,,,,,,,PVC,LT,#2,-,FT_1,0.8762546047149794,2.247266606538354,35.00101265084444,-0.5661364353071111,-0.8915482301960811,-19.479171015406703,0.4434683587665642,383,,,,,,,,,,,,,,,,,,,,,,,,,,,,,,,,,,,,,,,,,,,,,,,,,,,,,,,,,,,,,,,,,,,,,,,,,,,,,,,,,,,,,,,,,,,,,,,,,,,,,,,,,,,,,,,,,,,,,,,,,,,,,,,,,,,,,,,,,,,,,,,,,,,,,,,,,,,,,,,,
437,PP,LT,#6,-,DIESEL_1,1.1273969705219014,1.9962891138744971,69.07664187897186,-0.36736626297816216,1.0004028976169712,-26.429352497757172,0.617390889614124,,,,,,,,,,,,,,,,,,,,,,,,,,,,,,,,,,,,,,,,,,PVC,LT,#3,-,GASOLINE_1,0.8372284056298636,1.632418885409301,34.42105558215578,-0.5353800735163798,-0.10597401605138392,-16.873245767882434,0.5097987123721536,384,,,,,,,,,,,,,,,,,,,,,,,,,,,,,,,,,,,,,,,,,,,,,,,,,,,,,,,,,,,,,,,,,,,,,,,,,,,,,,,,,,,,,,,,,,,,,,,,,,,,,,,,,,,,,,,,,,,,,,,,,,,,,,,,,,,,,,,,,,,,,,,,,,,,,,,,,,,,,,,,
438,PP,LT,#7,-,DIESEL_1,1.2705502752921884,3.1125074785922773,79.846246399407,-0.4452692706846319,-0.14449696876517146,-34.107603110748464,0.5728339821995467,,,,,,,,,,,,,,,,,,,,,,,,,,,,,,,,,,,,,,,,,,PVC,LT,#4,-,MeOH_1,1.015613978037775,3.18610147138191,52.57451826481245,-0.6909549945646788,-1.9094750115850907,-34.197572558145424,0.34954092425734157,385,,,,,,,,,,,,,,,,,,,,,,,,,,,,,,,,,,,,,,,,,,,,,,,,,,,,,,,,,,,,,,,,,,,,,,,,,,,,,,,,,,,,,,,,,,,,,,,,,,,,,,,,,,,,,,,,,,,,,,,,,,,,,,,,,,,,,,,,,,,,,,,,,,,,,,,,,,,,,,,,
439,PP,LT,#8,-,DIESEL_1,1.4754690988665768,3.9494751446668883,90.18459839940698,-0.5753733309537202,-0.7812936648591444,-43.77435643621218,0.5146138341455428,,,,,,,,,,,,,,,,,,,,,,,,,,,,,,,,,,,,,,,,,,PVC,LT,#5,-,FT_1,1.0538363628984897,3.51799560127464,52.47419665084444,-0.6763567467097826,-2.068584203977796,-34.08947745394557,0.35035732551044235,386,,,,,,,,,,,,,,,,,,,,,,,,,,,,,,,,,,,,,,,,,,,,,,,,,,,,,,,,,,,,,,,,,,,,,,,,,,,,,,,,,,,,,,,,,,,,,,,,,,,,,,,,,,,,,,,,,,,,,,,,,,,,,,,,,,,,,,,,,,,,,,,,,,,,,,,,,,,,,,,,
440,PP,LT,#9,-,DIESEL_1,1.279238903385117,2.860039782912664,78.47954852921656,-0.4647797236226428,0.3466775162420261,-32.285683143096264,0.5886102335173745,,,,,,,,,,,,,,,,,,,,,,,,,,,,,,,,,,,,,,,,,,PVC,LT,#7,-,MeOH_1,0.8226040536120132,1.711885564383401,35.581186856525285,-0.5136866235801409,-0.2938413827057834,-19.054430002959787,0.46448020186079414,387,,,,,,,,,,,,,,,,,,,,,,,,,,,,,,,,,,,,,,,,,,,,,,,,,,,,,,,,,,,,,,,,,,,,,,,,,,,,,,,,,,,,,,,,,,,,,,,,,,,,,,,,,,,,,,,,,,,,,,,,,,,,,,,,,,,,,,,,,,,,,,,,,,,,,,,,,,,,,,,,
441,PP,LT,#10,-,MeOH_1,1.5276980409386989,4.7283230151288445,99.45395215940701,-0.7010340847158439,-1.9067931418740007,-56.17715900043082,0.43514402614801245,,,,,,,,,,,,,,,,,,,,,,,,,,,,,,,,,,,,,,,,,,PVC,LT,#8,-,GASOLINE_1,0.8913290873586245,1.8889751583495349,37.80574860255728,-0.5595649681899835,-0.4685286911332118,-22.223548377670465,0.4121648373822387,388,,,,,,,,,,,,,,,,,,,,,,,,,,,,,,,,,,,,,,,,,,,,,,,,,,,,,,,,,,,,,,,,,,,,,,,,,,,,,,,,,,,,,,,,,,,,,,,,,,,,,,,,,,,,,,,,,,,,,,,,,,,,,,,,,,,,,,,,,,,,,,,,,,,,,,,,,,,,,,,,
442,PP,LT,#11,-,DIESEL_1,1.6183005163353477,5.2716084435297335,102.06442783940699,-0.5699363439774244,-1.5862516652060519,-45.91882233354825,0.5500996448459095,,,,,,,,,,,,,,,,,,,,,,,,,,,,,,,,,,,,,,,,,,PVC,LT,#10,-,MeOH_1,0.9286885406518345,2.451661112183481,45.53482013652529,-0.6139934139264696,-1.1528265947515401,-29.703363857686416,0.34767802379304524,389,,,,,,,,,,,,,,,,,,,,,,,,,,,,,,,,,,,,,,,,,,,,,,,,,,,,,,,,,,,,,,,,,,,,,,,,,,,,,,,,,,,,,,,,,,,,,,,,,,,,,,,,,,,,,,,,,,,,,,,,,,,,,,,,,,,,,,,,,,,,,,,,,,,,,,,,,,,,,,,,
443,PP,SG,#1,-,MeOH_1,1.0197478852338275,3.9085361451139904,86.55423262408677,-0.17202125155727982,-0.8731966091620419,-39.5386108447318,0.5431926360383583,,,,,,,,,,,,,,,,,,,,,,,,,,,,,,,,,,,,,,,,,,PVC,LT,#11,-,GASOLINE_1,0.9842088661303584,2.82340697999293,47.54268988255729,-0.6508835780200072,-1.410567555154624,-32.08496810358123,0.32513351299980325,390,,,,,,,,,,,,,,,,,,,,,,,,,,,,,,,,,,,,,,,,,,,,,,,,,,,,,,,,,,,,,,,,,,,,,,,,,,,,,,,,,,,,,,,,,,,,,,,,,,,,,,,,,,,,,,,,,,,,,,,,,,,,,,,,,,,,,,,,,,,,,,,,,,,,,,,,,,,,,,,,
444,PP,SG,#2,-,FT_1,1.2693679810860268,5.665728331166643,95.29502269011876,-0.2758797360099645,-1.9193337033501265,-51.72592837111437,0.45720220310648096,,,,,,,,,,,,,,,,,,,,,,,,,,,,,,,,,,,,,,,,,,PVC,SG,#4,-,MeOH_1,0.8737296377846775,3.844835972933493,52.363769054931666,-0.5681865915044124,-2.557844540377194,-35.00003728426775,0.3315982039499234,391,,,,,,,,,,,,,,,,,,,,,,,,,,,,,,,,,,,,,,,,,,,,,,,,,,,,,,,,,,,,,,,,,,,,,,,,,,,,,,,,,,,,,,,,,,,,,,,,,,,,,,,,,,,,,,,,,,,,,,,,,,,,,,,,,,,,,,,,,,,,,,,,,,,,,,,,,,,,,,,,
445,PP,SG,#3,-,H2_1,0.9314408064593445,5.015439467704688,78.44151179362476,-0.256067430443089,-0.9125210175607154,-21.509366595929237,0.7257910243683321,,,,,,,,,,,,,,,,,,,,,,,,,,,,,,,,,,,,,,,,,,PVC,SG,#5,-,FT_1,0.9658051548911694,4.131610273211943,53.27796265493168,-0.5517436964735912,-2.5277639649355628,-37.05218054218253,0.30454959807377696,392,,,,,,,,,,,,,,,,,,,,,,,,,,,,,,,,,,,,,,,,,,,,,,,,,,,,,,,,,,,,,,,,,,,,,,,,,,,,,,,,,,,,,,,,,,,,,,,,,,,,,,,,,,,,,,,,,,,,,,,,,,,,,,,,,,,,,,,,,,,,,,,,,,,,,,,,,,,,,,,,
446,PP,SG,#4,-,MeOH_1,1.4652211122296783,9.152078962064623,142.54637502408676,-0.6177902360489115,-6.138011008848294,-95.82689898881823,0.3277493098465262,,,,,,,,,,,,,,,,,,,,,,,,,,,,,,,,,,,,,,,,,,PVC,SG,#8,-,H2_1,0.7229930351935394,2.510215620857096,38.894403423204714,-0.42052273916369426,-0.6556108323476505,-17.207769291792022,0.5575772404950752,393,,,,,,,,,,,,,,,,,,,,,,,,,,,,,,,,,,,,,,,,,,,,,,,,,,,,,,,,,,,,,,,,,,,,,,,,,,,,,,,,,,,,,,,,,,,,,,,,,,,,,,,,,,,,,,,,,,,,,,,,,,,,,,,,,,,,,,,,,,,,,,,,,,,,,,,,,,,,,,,,
447,PP,SG,#5,-,FT_1,1.7202628366739803,10.914697239132812,150.97061149011878,-0.7273130479628261,-7.170534527355541,-107.5289964918719,0.28774881792864826,,,,,,,,,,,,,,,,,,,,,,,,,,,,,,,,,,,,,,,,,,PVC,SG,#9,-,MeOH_1,0.8720339582529653,3.893391146028051,56.79891774139432,-0.5426947429522126,-2.5831167726883684,-39.61148082195839,0.3026014861355351,394,,,,,,,,,,,,,,,,,,,,,,,,,,,,,,,,,,,,,,,,,,,,,,,,,,,,,,,,,,,,,,,,,,,,,,,,,,,,,,,,,,,,,,,,,,,,,,,,,,,,,,,,,,,,,,,,,,,,,,,,,,,,,,,,,,,,,,,,,,,,,,,,,,,,,,,,,,,,,,,,
448,PP,SG,#6,-,MeOH_1,1.051408851094635,3.9457194267625653,89.94071153710495,-0.18990714961844732,-0.7887275068430254,-42.40958312539965,0.5284717854616525,,,,,,,,,,,,,,,,,,,,,,,,,,,,,,,,,,,,,,,,,,PVC,SG,#10,-,FT_1,0.9662941472755818,4.466610182465974,59.29079740742632,-0.5727792269419777,-2.8586838187754644,-43.15673937537166,0.27211740670625284,395,,,,,,,,,,,,,,,,,,,,,,,,,,,,,,,,,,,,,,,,,,,,,,,,,,,,,,,,,,,,,,,,,,,,,,,,,,,,,,,,,,,,,,,,,,,,,,,,,,,,,,,,,,,,,,,,,,,,,,,,,,,,,,,,,,,,,,,,,,,,,,,,,,,,,,,,,,,,,,,,
449,PP,SG,#7,-,FT_1,1.3181374807301327,6.0165660092319335,101.14291953710497,-0.34464406059931635,-2.1969745577782605,-58.283397759450104,0.4237520725504819,,,,,,,,,,,,,,,,,,,,,,,,,,,,,,,,,,,,,,,,,,PVC,OG,#1,-,MeOH_1,0.6386788460123813,1.3813738714383186,18.613416900078747,-0.5285654562059581,-0.29427960097751454,-9.812836662839304,0.47280842010271684,396,,,,,,,,,,,,,,,,,,,,,,,,,,,,,,,,,,,,,,,,,,,,,,,,,,,,,,,,,,,,,,,,,,,,,,,,,,,,,,,,,,,,,,,,,,,,,,,,,,,,,,,,,,,,,,,,,,,,,,,,,,,,,,,,,,,,,,,,,,,,,,,,,,,,,,,,,,,,,,,,
450,PP,SG,#8,-,H2_1,0.9832561827525128,5.152809980713184,85.06180642268117,-0.2710550146335582,-0.9383752013217321,-28.186493396630883,0.6686351421157317,,,,,,,,,,,,,,,,,,,,,,,,,,,,,,,,,,,,,,,,,,PVC,OG,#4,-,MeOH_1,0.7569925563535986,2.497964676258821,30.88100922007874,-0.6556946797424769,-1.4194598698150867,-22.459128250573503,0.27272039296012907,397,,,,,,,,,,,,,,,,,,,,,,,,,,,,,,,,,,,,,,,,,,,,,,,,,,,,,,,,,,,,,,,,,,,,,,,,,,,,,,,,,,,,,,,,,,,,,,,,,,,,,,,,,,,,,,,,,,,,,,,,,,,,,,,,,,,,,,,,,,,,,,,,,,,,,,,,,,,,,,,,
451,PP,SG,#9,-,MeOH_1,1.4890647988213381,9.251383825552624,144.50676593710494,-0.6262525012625504,-6.16561939977165,-97.89389345987938,0.32256532886157946,,,,,,,,,,,,,,,,,,,,,,,,,,,,,,,,,,,,,,,,,,PVC,OG,#5,-,FT_1,1.2145344514725045,4.035829720438596,63.03540074007874,-0.7741225028380014,-2.3165069036421615,-43.797555873589715,0.30519112499680423,398,,,,,,,,,,,,,,,,,,,,,,,,,,,,,,,,,,,,,,,,,,,,,,,,,,,,,,,,,,,,,,,,,,,,,,,,,,,,,,,,,,,,,,,,,,,,,,,,,,,,,,,,,,,,,,,,,,,,,,,,,,,,,,,,,,,,,,,,,,,,,,,,,,,,,,,,,,,,,,,,
452,PP,SG,#10,-,FT_1,1.7441065232656399,11.014002102620811,152.93100240313697,-0.7718606543107149,-7.194664136254006,-110.21335158511513,0.27932629844022777,,,,,,,,,,,,,,,,,,,,,,,,,,,,,,,,,,,,,,,,,,PVC,OG,#9,-,MeOH_1,0.7241894038713887,2.0722990206266125,30.72029341611398,-0.5801661205490121,-0.9714624119765926,-23.075833293714062,0.24884072618883593,399,,,,,,,,,,,,,,,,,,,,,,,,,,,,,,,,,,,,,,,,,,,,,,,,,,,,,,,,,,,,,,,,,,,,,,,,,,,,,,,,,,,,,,,,,,,,,,,,,,,,,,,,,,,,,,,,,,,,,,,,,,,,,,,,,,,,,,,,,,,,,,,,,,,,,,,,,,,,,,,,
453,PP,OG,#1,-,MeOH_1,0.8881350805248821,2.2283474767511042,57.7485152,-0.4510723312439605,0.22364599687367528,-31.2642130105518,0.4586144266692453,,,,,,,,,,,,,,,,,,,,,,,,,,,,,,,,,,,,,,,,,,PVC,OG,#10,-,FT_1,0.9181345532051745,2.3124186033872736,42.04710498411397,-0.6148791207600064,-0.8467486557081384,-29.749021809776455,0.2924834701219959,400,,,,,,,,,,,,,,,,,,,,,,,,,,,,,,,,,,,,,,,,,,,,,,,,,,,,,,,,,,,,,,,,,,,,,,,,,,,,,,,,,,,,,,,,,,,,,,,,,,,,,,,,,,,,,,,,,,,,,,,,,,,,,,,,,,,,,,,,,,,,,,,,,,,,,,,,,,,,,,,,
454,PP,OG,#2,-,FT_1,1.4254526792538136,3.753609208375001,88.38298863999998,-0.5015464885076569,-0.2538732886101276,-50.7879278898748,0.4253653483393362,,,,,,,,,,,,,,,,,,,,,,,,,,,,,,,,,,,,,,,,,,PS,HT,#6,-,MeOH_1,1.3209558772394485,4.3787941115299915,97.0778404825701,-0.5048910166021823,-1.102727133336735,-52.33070824607806,0.46094074625121256,401,,,,,,,,,,,,,,,,,,,,,,,,,,,,,,,,,,,,,,,,,,,,,,,,,,,,,,,,,,,,,,,,,,,,,,,,,,,,,,,,,,,,,,,,,,,,,,,,,,,,,,,,,,,,,,,,,,,,,,,,,,,,,,,,,,,,,,,,,,,,,,,,,,,,,,,,,,,,,,,,
455,PP,OG,#3,-,H2_1,0.9089095400845281,2.242929154991412,55.734171419216345,-0.49657771549345114,0.9435489238864899,-24.770703536463447,0.5555562609849285,,,,,,,,,,,,,,,,,,,,,,,,,,,,,,,,,,,,,,,,,,PS,HT,#7,-,GASOLINE_1,1.3948204176055843,5.030281051811022,100.72848894860215,-0.5444769087981803,-1.5488956265024898,-56.5409450879546,0.43867970543263823,402,,,,,,,,,,,,,,,,,,,,,,,,,,,,,,,,,,,,,,,,,,,,,,,,,,,,,,,,,,,,,,,,,,,,,,,,,,,,,,,,,,,,,,,,,,,,,,,,,,,,,,,,,,,,,,,,,,,,,,,,,,,,,,,,,,,,,,,,,,,,,,,,,,,,,,,,,,,,,,,,
456,PP,OG,#4,-,MeOH_1,1.2050418949299067,5.759154490941914,96.80473423999999,-0.7680320447692437,-3.3072109013951327,-70.32358494576144,0.273552213144721,,,,,,,,,,,,,,,,,,,,,,,,,,,,,,,,,,,,,,,,,,PS,LT,#6,-,MeOH_1,1.3484765515731765,4.409362332386946,98.21219735407153,-0.48149295752413845,-1.10296182573769,-51.1227435670689,0.47946645178131203,403,,,,,,,,,,,,,,,,,,,,,,,,,,,,,,,,,,,,,,,,,,,,,,,,,,,,,,,,,,,,,,,,,,,,,,,,,,,,,,,,,,,,,,,,,,,,,,,,,,,,,,,,,,,,,,,,,,,,,,,,,,,,,,,,,,,,,,,,,,,,,,,,,,,,,,,,,,,,,,,,
457,PP,OG,#5,-,FT_1,1.7294767261441917,6.969296316699843,122.75122544000001,-0.8009287187891884,-3.4822564744513347,-84.10997005553465,0.31479323522805036,,,,,,,,,,,,,,,,,,,,,,,,,,,,,,,,,,,,,,,,,,PS,LT,#7,-,GASOLINE_1,1.4234155590363309,5.074106606103976,101.90351126010357,-0.5238712492839455,-1.5653501207885119,-55.464197343200915,0.4557184864647956,404,,,,,,,,,,,,,,,,,,,,,,,,,,,,,,,,,,,,,,,,,,,,,,,,,,,,,,,,,,,,,,,,,,,,,,,,,,,,,,,,,,,,,,,,,,,,,,,,,,,,,,,,,,,,,,,,,,,,,,,,,,,,,,,,,,,,,,,,,,,,,,,,,,,,,,,,,,,,,,,,
458,PP,OG,#6,-,MeOH_1,0.9117210658014231,2.1154372125163654,66.13528103252321,-0.43108141854318516,0.3967524107758385,-40.19137827825222,0.39228536341310183,,,,,,,,,,,,,,,,,,,,,,,,,,,,,,,,,,,,,,,,,,PS,SG,#4,-,MeOH_1,1.1594922035212016,8.309803115160461,124.35406643732652,-0.4908811322033916,-5.197645664008486,-87.66231173826544,0.2950587443600282,405,,,,,,,,,,,,,,,,,,,,,,,,,,,,,,,,,,,,,,,,,,,,,,,,,,,,,,,,,,,,,,,,,,,,,,,,,,,,,,,,,,,,,,,,,,,,,,,,,,,,,,,,,,,,,,,,,,,,,,,,,,,,,,,,,,,,,,,,,,,,,,,,,,,,,,,,,,,,,,,,
459,PP,OG,#7,-,FT_1,1.041476486472691,2.346137348843497,66.62877079252321,-0.3538244822192595,0.6748984865381441,-41.41126599297753,0.37847771314993967,,,,,,,,,,,,,,,,,,,,,,,,,,,,,,,,,,,,,,,,,,PS,SG,#9,-,MeOH_1,1.2480992153998438,8.212263957310592,129.13418034504937,-0.5336946912318017,-5.0357257698652935,-90.89495055736208,0.2961201262555835,406,,,,,,,,,,,,,,,,,,,,,,,,,,,,,,,,,,,,,,,,,,,,,,,,,,,,,,,,,,,,,,,,,,,,,,,,,,,,,,,,,,,,,,,,,,,,,,,,,,,,,,,,,,,,,,,,,,,,,,,,,,,,,,,,,,,,,,,,,,,,,,,,,,,,,,,,,,,,,,,,
460,PP,OG,#8,-,H2_1,0.9227619088639478,2.831753841079097,69.36769552746307,-0.482045857816469,0.41159676229363173,-37.033980406696514,0.46612064700874273,,,,,,,,,,,,,,,,,,,,,,,,,,,,,,,,,,,,,,,,,,PS,SG,#10,-,FT_1,1.40549655186574,9.438827874812649,134.2241435450494,-0.5578181233710773,-5.642842798978654,-98.97052191872199,0.2626473948369453,407,,,,,,,,,,,,,,,,,,,,,,,,,,,,,,,,,,,,,,,,,,,,,,,,,,,,,,,,,,,,,,,,,,,,,,,,,,,,,,,,,,,,,,,,,,,,,,,,,,,,,,,,,,,,,,,,,,,,,,,,,,,,,,,,,,,,,,,,,,,,,,,,,,,,,,,,,,,,,,,,
461,PP,OG,#9,-,MeOH_1,1.1547591265233779,5.237517140817601,99.37936423252322,-0.6784914058903433,-2.7699032799533927,-74.2401895400311,0.25296171782375915,,,,,,,,,,,,,,,,,,,,,,,,,,,,,,,,,,,,,,,,,,PS,OG,#1,-,MeOH_1,0.7652509517514032,3.3704936177671696,53.7473936,-0.5080090296022342,-0.6966136806557116,-32.05402499906742,0.4036171272300092,408,,,,,,,,,,,,,,,,,,,,,,,,,,,,,,,,,,,,,,,,,,,,,,,,,,,,,,,,,,,,,,,,,,,,,,,,,,,,,,,,,,,,,,,,,,,,,,,,,,,,,,,,,,,,,,,,,,,,,,,,,,,,,,,,,,,,,,,,,,,,,,,,,,,,,,,,,,,,,,,,
462,PP,OG,#10,-,FT_1,1.3121374073846943,5.83040360087723,103.2814562325232,-0.6142022974778852,-2.722086915233648,-75.69644846365122,0.2670857748826502,,,,,,,,,,,,,,,,,,,,,,,,,,,,,,,,,,,,,,,,,,PS,OG,#2,-,FT_1,1.5464851291425616,4.428217526029058,101.6191344,-0.5242396641800582,-0.3190232340643826,-58.62106916934807,0.4231296151510215,409,,,,,,,,,,,,,,,,,,,,,,,,,,,,,,,,,,,,,,,,,,,,,,,,,,,,,,,,,,,,,,,,,,,,,,,,,,,,,,,,,,,,,,,,,,,,,,,,,,,,,,,,,,,,,,,,,,,,,,,,,,,,,,,,,,,,,,,,,,,,,,,,,,,,,,,,,,,,,,,,
463,PVC,HT,#1,#1,JET FUEL_1,0.9260481605872849,1.546691455750759,28.664933457788806,-0.657998852096647,-0.2406860133156079,-13.793231337709969,0.5188116742701845,,,,,,,,,,,,,,,,,,,,,,,,,,,,,,,,,,,,,,,,,,PS,OG,#4,-,MeOH_1,0.996658708757412,5.8708081679748,82.72375872,-0.7137341002876322,-3.1735362348536027,-61.00165520863965,0.26258603147959525,410,,,,,,,,,,,,,,,,,,,,,,,,,,,,,,,,,,,,,,,,,,,,,,,,,,,,,,,,,,,,,,,,,,,,,,,,,,,,,,,,,,,,,,,,,,,,,,,,,,,,,,,,,,,,,,,,,,,,,,,,,,,,,,,,,,,,,,,,,,,,,,,,,,,,,,,,,,,,,,,,
464,PVC,HT,#1,#2,JET FUEL_1,1.1477081823168978,1.7859640161006245,39.1387456177888,-0.753111283433946,-0.30145175277419867,-19.2187517566854,0.5089584131191379,,,,,,,,,,,,,,,,,,,,,,,,,,,,,,,,,,,,,,,,,,PS,OG,#5,-,FT_1,1.618648375403634,6.577741460424254,119.83336784,-0.6261812540108077,-2.6532020106367327,-80.40095214618574,0.3290603978222821,411,,,,,,,,,,,,,,,,,,,,,,,,,,,,,,,,,,,,,,,,,,,,,,,,,,,,,,,,,,,,,,,,,,,,,,,,,,,,,,,,,,,,,,,,,,,,,,,,,,,,,,,,,,,,,,,,,,,,,,,,,,,,,,,,,,,,,,,,,,,,,,,,,,,,,,,,,,,,,,,,
465,PVC,HT,#1,#3,JET FUEL_1,0.9175617711392695,0.9248477229363928,26.358522497032194,-0.6326921713699944,0.40541941380294955,-10.936634728795012,0.5850816475002949,,,,,,,,,,,,,,,,,,,,,,,,,,,,,,,,,,,,,,,,,,PS,OG,#9,-,MeOH_1,0.9214434896686168,4.244468230175231,81.16730619555753,-0.5520301318586118,-1.5161137485765341,-60.68976100627053,0.25228809663770485,412,,,,,,,,,,,,,,,,,,,,,,,,,,,,,,,,,,,,,,,,,,,,,,,,,,,,,,,,,,,,,,,,,,,,,,,,,,,,,,,,,,,,,,,,,,,,,,,,,,,,,,,,,,,,,,,,,,,,,,,,,,,,,,,,,,,,,,,,,,,,,,,,,,,,,,,,,,,,,,,,
466,PVC,HT,#1,#4,JET FUEL_1,1.025977474919725,1.9874999824862292,33.91168385778881,-0.7701034661986447,-0.76355254076108,-19.178522551530534,0.43445678982037256,,,,,,,,,,,,,,,,,,,,,,,,,,,,,,,,,,,,,,,,,,PS,OG,#10,-,FT_1,1.1625944597681335,4.736842451604328,94.07406475555754,-0.4793492782633739,-1.3524594303433433,-69.41313137620726,0.2621438059833957,413,,,,,,,,,,,,,,,,,,,,,,,,,,,,,,,,,,,,,,,,,,,,,,,,,,,,,,,,,,,,,,,,,,,,,,,,,,,,,,,,,,,,,,,,,,,,,,,,,,,,,,,,,,,,,,,,,,,,,,,,,,,,,,,,,,,,,,,,,,,,,,,,,,,,,,,,,,,,,,,,
467,PVC,HT,#1,#5,JET FUEL_1,1.2283940017613781,2.2008232867904938,43.3833526577888,-0.8315097782954117,-0.7254824623290744,-23.845681419642663,0.45034950139194607,,,,,,,,,,,,,,,,,,,,,,,,,,,,,,,,,,,,,,,,,,PE,HT,#1,#11,FT_1,1.3747618039103988,6.768610375503572,116.27753462589968,-0.44843459144802106,-3.341639135821588,-71.03151940552367,0.38912086815347663,414,,,,,,,,,,,,,,,,,,,,,,,,,,,,,,,,,,,,,,,,,,,,,,,,,,,,,,,,,,,,,,,,,,,,,,,,,,,,,,,,,,,,,,,,,,,,,,,,,,,,,,,,,,,,,,,,,,,,,,,,,,,,,,,,,,,,,,,,,,,,,,,,,,,,,,,,,,,,,,,,
468,PVC,HT,#1,#6,JET FUEL_1,0.8088309310117461,0.6845612354959536,24.77995016516399,-0.5259644132847182,0.6320645081515524,-9.49522075679731,0.6168184078858306,,,,,,,,,,,,,,,,,,,,,,,,,,,,,,,,,,,,,,,,,,PE,HT,#2,#4,MeOH_1,1.2808968800486455,5.667521842395636,109.3403792643453,-0.4561718460786155,-2.5336606981742147,-62.32922116106495,0.4299523965398405,415,,,,,,,,,,,,,,,,,,,,,,,,,,,,,,,,,,,,,,,,,,,,,,,,,,,,,,,,,,,,,,,,,,,,,,,,,,,,,,,,,,,,,,,,,,,,,,,,,,,,,,,,,,,,,,,,,,,,,,,,,,,,,,,,,,,,,,,,,,,,,,,,,,,,,,,,,,,,,,,,
469,PVC,HT,#1,#7,JET FUEL_1,0.8877311359763728,0.9702371770148739,28.270515538751567,-0.6014706648520295,0.34773892135575374,-13.298350072604954,0.5296035527057739,,,,,,,,,,,,,,,,,,,,,,,,,,,,,,,,,,,,,,,,,,PE,HT,#2,#5,FT_1,1.4097569192367447,6.846467421791197,116.48488933037731,-0.4964667972800137,-3.2691338242685615,-70.73950306871593,0.3927151970065163,416,,,,,,,,,,,,,,,,,,,,,,,,,,,,,,,,,,,,,,,,,,,,,,,,,,,,,,,,,,,,,,,,,,,,,,,,,,,,,,,,,,,,,,,,,,,,,,,,,,,,,,,,,,,,,,,,,,,,,,,,,,,,,,,,,,,,,,,,,,,,,,,,,,,,,,,,,,,,,,,,
470,PVC,HT,#1,#8,JET FUEL_1,0.9550963982832172,1.1240566591354655,29.84547680478356,-0.6661858934460164,0.1922157841226408,-14.948475433937638,0.4991376572163949,,,,,,,,,,,,,,,,,,,,,,,,,,,,,,,,,,,,,,,,,,PE,HT,#2,#10,MeOH_1,1.3230541971991223,6.01343310392878,113.7859939584277,-0.49595824956864665,-2.8719797055539775,-66.80272461490651,0.41290907350764783,417,,,,,,,,,,,,,,,,,,,,,,,,,,,,,,,,,,,,,,,,,,,,,,,,,,,,,,,,,,,,,,,,,,,,,,,,,,,,,,,,,,,,,,,,,,,,,,,,,,,,,,,,,,,,,,,,,,,,,,,,,,,,,,,,,,,,,,,,,,,,,,,,,,,,,,,,,,,,,,,,
471,PVC,HT,#1,#9,JET FUEL_1,0.8991332996500873,0.9751184490866147,29.446309208837885,-0.6116295442362963,0.35901669061191177,-14.284120252088925,0.5149096563924639,,,,,,,,,,,,,,,,,,,,,,,,,,,,,,,,,,,,,,,,,,PE,HT,#2,#11,FT_1,1.455484876659268,7.220535721848184,120.70325762445968,-0.5491868007501992,-3.651661022483021,-75.21969613442671,0.37682132516708516,418,,,,,,,,,,,,,,,,,,,,,,,,,,,,,,,,,,,,,,,,,,,,,,,,,,,,,,,,,,,,,,,,,,,,,,,,,,,,,,,,,,,,,,,,,,,,,,,,,,,,,,,,,,,,,,,,,,,,,,,,,,,,,,,,,,,,,,,,,,,,,,,,,,,,,,,,,,,,,,,,
472,PVC,HT,#1,#10,JET FUEL_1,0.9630847963140262,1.2118230615801884,31.271588754751562,-0.6756305539220637,0.08660869674561322,-16.42251647234047,0.47484227292912484,,,,,,,,,,,,,,,,,,,,,,,,,,,,,,,,,,,,,,,,,,PE,HT,#3,#4,MeOH_1,1.3576446150085604,6.368503871811564,116.55564015614608,-0.49781243687200144,-3.2279618504413223,-68.44304341237768,0.41278651706012165,419,,,,,,,,,,,,,,,,,,,,,,,,,,,,,,,,,,,,,,,,,,,,,,,,,,,,,,,,,,,,,,,,,,,,,,,,,,,,,,,,,,,,,,,,,,,,,,,,,,,,,,,,,,,,,,,,,,,,,,,,,,,,,,,,,,,,,,,,,,,,,,,,,,,,,,,,,,,,,,,,
473,PVC,HT,#1,#11,JET FUEL_1,1.0170282303594544,1.4260313748799451,32.90295616478356,-0.7281634714834395,-0.11055780042120993,-18.123560378021843,0.4491813961257467,,,,,,,,,,,,,,,,,,,,,,,,,,,,,,,,,,,,,,,,,,PE,HT,#3,#5,FT_1,1.48650465419666,7.547449451207125,123.70015022217805,-0.5381073880734001,-3.9634349765356696,-76.85332532002863,0.37871275675904814,420,,,,,,,,,,,,,,,,,,,,,,,,,,,,,,,,,,,,,,,,,,,,,,,,,,,,,,,,,,,,,,,,,,,,,,,,,,,,,,,,,,,,,,,,,,,,,,,,,,,,,,,,,,,,,,,,,,,,,,,,,,,,,,,,,,,,,,,,,,,,,,,,,,,,,,,,,,,,,,,,
474,PVC,HT,#2,#1,DIESEL_1,1.006047623066189,1.815391087755892,31.567856013859046,-0.749793224095291,-0.4074239883330971,-16.385438485795376,0.4809454757205629,,,,,,,,,,,,,,,,,,,,,,,,,,,,,,,,,,,,,,,,,,PE,HT,#3,#10,MeOH_1,1.3998019321590383,6.714415133344708,121.00125485022845,-0.5375988403620333,-3.5662808578210856,-72.91654686621919,0.39739015966013735,421,,,,,,,,,,,,,,,,,,,,,,,,,,,,,,,,,,,,,,,,,,,,,,,,,,,,,,,,,,,,,,,,,,,,,,,,,,,,,,,,,,,,,,,,,,,,,,,,,,,,,,,,,,,,,,,,,,,,,,,,,,,,,,,,,,,,,,,,,,,,,,,,,,,,,,,,,,,,,,,,
475,PVC,HT,#2,#2,FT_1,1.2277076447958015,2.0546636481057576,42.041668173859044,-0.8449056554325896,-0.4681897277916878,-21.810958904770818,0.4812061497042931,,,,,,,,,,,,,,,,,,,,,,,,,,,,,,,,,,,,,,,,,,PE,HT,#3,#11,FT_1,1.5322326116191851,7.921517751264113,127.91851851626048,-0.5908273915435871,-4.34596217475013,-81.33351838573944,0.36417713925133793,422,,,,,,,,,,,,,,,,,,,,,,,,,,,,,,,,,,,,,,,,,,,,,,,,,,,,,,,,,,,,,,,,,,,,,,,,,,,,,,,,,,,,,,,,,,,,,,,,,,,,,,,,,,,,,,,,,,,,,,,,,,,,,,,,,,,,,,,,,,,,,,,,,,,,,,,,,,,,,,,,
476,PVC,HT,#2,#3,DIESEL_1,0.9975612336181736,1.1935473549415259,29.26144505310244,-0.7244865433686386,0.23868143878546058,-13.528841876880424,0.5376563989806774,,,,,,,,,,,,,,,,,,,,,,,,,,,,,,,,,,,,,,,,,,PE,HT,#4,#4,MeOH_1,1.4020822865131397,6.555098220714232,118.7657849421781,-0.5210707193517901,-3.3963696113930952,-71.5456468635482,0.39759041799470557,423,,,,,,,,,,,,,,,,,,,,,,,,,,,,,,,,,,,,,,,,,,,,,,,,,,,,,,,,,,,,,,,,,,,,,,,,,,,,,,,,,,,,,,,,,,,,,,,,,,,,,,,,,,,,,,,,,,,,,,,,,,,,,,,,,,,,,,,,,,,,,,,,,,,,,,,,,,,,,,,,
477,PVC,HT,#2,#4,DIESEL_1,1.1059769373986288,2.2561996144913627,36.814606413859046,-0.8618978381972887,-0.9302905157785699,-21.770729699615938,0.40863880344459586,,,,,,,,,,,,,,,,,,,,,,,,,,,,,,,,,,,,,,,,,,PE,HT,#4,#5,FT_1,1.530942325701239,7.734043800109795,125.91029500821008,-0.5613656705531884,-4.131842737487443,-79.95592877119915,0.36497703570636897,424,,,,,,,,,,,,,,,,,,,,,,,,,,,,,,,,,,,,,,,,,,,,,,,,,,,,,,,,,,,,,,,,,,,,,,,,,,,,,,,,,,,,,,,,,,,,,,,,,,,,,,,,,,,,,,,,,,,,,,,,,,,,,,,,,,,,,,,,,,,,,,,,,,,,,,,,,,,,,,,,
478,PVC,HT,#2,#5,FT_1,1.3083934642402815,2.4695229187956262,46.28627521385905,-0.9233041502940553,-0.8922204373465633,-26.437888567728077,0.42881797151368034,,,,,,,,,,,,,,,,,,,,,,,,,,,,,,,,,,,,,,,,,,PE,HT,#4,#10,MeOH_1,1.4442396036636171,6.901009482247377,123.21139963626047,-0.5608571228418218,-3.7346886187728585,-76.01915031738973,0.3830185312251117,425,,,,,,,,,,,,,,,,,,,,,,,,,,,,,,,,,,,,,,,,,,,,,,,,,,,,,,,,,,,,,,,,,,,,,,,,,,,,,,,,,,,,,,,,,,,,,,,,,,,,,,,,,,,,,,,,,,,,,,,,,,,,,,,,,,,,,,,,,,,,,,,,,,,,,,,,,,,,,,,,
479,PVC,HT,#2,#6,Olefin,0.8888303934906502,0.9532608675010866,27.682872721234236,-0.6177587852833621,0.4653265331340632,-12.087427904882725,0.5633607817150051,,,,,,,,,,,,,,,,,,,,,,,,,,,,,,,,,,,,,,,,,,PE,HT,#4,#11,FT_1,1.5766702831237644,8.108112100166782,130.12866330229247,-0.6140856740233755,-4.514369935701903,-84.43612183690992,0.35113356508732835,426,,,,,,,,,,,,,,,,,,,,,,,,,,,,,,,,,,,,,,,,,,,,,,,,,,,,,,,,,,,,,,,,,,,,,,,,,,,,,,,,,,,,,,,,,,,,,,,,,,,,,,,,,,,,,,,,,,,,,,,,,,,,,,,,,,,,,,,,,,,,,,,,,,,,,,,,,,,,,,,,
480,PVC,HT,#2,#7,DIESEL_1,0.9677305984552768,1.2389368090200066,31.173438094821805,-0.6932650368506738,0.18100094633826494,-15.89055722069036,0.490253299223677,,,,,,,,,,,,,,,,,,,,,,,,,,,,,,,,,,,,,,,,,,PE,HT,#5,#4,MeOH_1,1.363676991802367,6.1551261406790845,115.68200827848882,-0.5019783533176357,-2.8768033116185605,-66.28523339398744,0.4270048179452877,427,,,,,,,,,,,,,,,,,,,,,,,,,,,,,,,,,,,,,,,,,,,,,,,,,,,,,,,,,,,,,,,,,,,,,,,,,,,,,,,,,,,,,,,,,,,,,,,,,,,,,,,,,,,,,,,,,,,,,,,,,,,,,,,,,,,,,,,,,,,,,,,,,,,,,,,,,,,,,,,,
481,PVC,HT,#2,#8,DIESEL_1,1.035095860762121,1.3927562911405986,32.7483993608538,-0.7579802654446602,0.025477809105151444,-17.54068258202305,0.46438046059159405,,,,,,,,,,,,,,,,,,,,,,,,,,,,,,,,,,,,,,,,,,PE,HT,#5,#5,FT_1,1.4925370309904662,7.334071720074644,122.82651834452082,-0.5422733045190341,-3.6122764377129064,-74.69551530163838,0.39186165733264483,428,,,,,,,,,,,,,,,,,,,,,,,,,,,,,,,,,,,,,,,,,,,,,,,,,,,,,,,,,,,,,,,,,,,,,,,,,,,,,,,,,,,,,,,,,,,,,,,,,,,,,,,,,,,,,,,,,,,,,,,,,,,,,,,,,,,,,,,,,,,,,,,,,,,,,,,,,,,,,,,,
482,PVC,HT,#2,#9,DIESEL_1,0.9791327621289911,1.2438180810917474,32.34923176490813,-0.7034239162349406,0.19227871559442297,-16.87632740017434,0.4783082478489805,,,,,,,,,,,,,,,,,,,,,,,,,,,,,,,,,,,,,,,,,,PE,HT,#5,#10,MeOH_1,1.4058343089528444,6.501037402212229,120.1276229725712,-0.5417647568076673,-3.215122318998324,-70.75873684782896,0.4109703072707488,429,,,,,,,,,,,,,,,,,,,,,,,,,,,,,,,,,,,,,,,,,,,,,,,,,,,,,,,,,,,,,,,,,,,,,,,,,,,,,,,,,,,,,,,,,,,,,,,,,,,,,,,,,,,,,,,,,,,,,,,,,,,,,,,,,,,,,,,,,,,,,,,,,,,,,,,,,,,,,,,,
483,PVC,HT,#2,#10,DIESEL_1,1.0430842587929299,1.4805226935853213,34.174511310821806,-0.7674249259207074,-0.08012927827187598,-19.014723620425876,0.443599253037318,,,,,,,,,,,,,,,,,,,,,,,,,,,,,,,,,,,,,,,,,,PE,HT,#5,#11,FT_1,1.53826498841299,7.708140020131632,127.04488663860319,-0.5949933079892196,-3.9948036359273673,-79.17570836734917,0.37678949179138976,430,,,,,,,,,,,,,,,,,,,,,,,,,,,,,,,,,,,,,,,,,,,,,,,,,,,,,,,,,,,,,,,,,,,,,,,,,,,,,,,,,,,,,,,,,,,,,,,,,,,,,,,,,,,,,,,,,,,,,,,,,,,,,,,,,,,,,,,,,,,,,,,,,,,,,,,,,,,,,,,,
484,PVC,HT,#2,#11,DIESEL_1,1.0970276928383582,1.6947310068850783,35.80587872085381,-0.8199578434820832,-0.2772957754386991,-20.715767526107253,0.421442280816247,,,,,,,,,,,,,,,,,,,,,,,,,,,,,,,,,,,,,,,,,,PE,HT,#6,#4,MeOH_1,1.4209715928970004,6.5729583437122425,120.59476559614609,-0.5552382758392767,-3.531938536251631,-73.01344530972383,0.3945554357289851,431,,,,,,,,,,,,,,,,,,,,,,,,,,,,,,,,,,,,,,,,,,,,,,,,,,,,,,,,,,,,,,,,,,,,,,,,,,,,,,,,,,,,,,,,,,,,,,,,,,,,,,,,,,,,,,,,,,,,,,,,,,,,,,,,,,,,,,,,,,,,,,,,,,,,,,,,,,,,,,,,
485,PVC,HT,#3,#1,MeOH_1,1.0719442638685894,2.2427216577306757,35.475655669021315,-0.7967802037550986,-0.8486351190769058,-20.062465251647247,0.43447231986845136,,,,,,,,,,,,,,,,,,,,,,,,,,,,,,,,,,,,,,,,,,PE,HT,#6,#5,FT_1,1.5498316320850993,7.751903923107807,127.7392756621781,-0.5955332270406746,-4.267411662345981,-81.42372721737482,0.3625787621286528,432,,,,,,,,,,,,,,,,,,,,,,,,,,,,,,,,,,,,,,,,,,,,,,,,,,,,,,,,,,,,,,,,,,,,,,,,,,,,,,,,,,,,,,,,,,,,,,,,,,,,,,,,,,,,,,,,,,,,,,,,,,,,,,,,,,,,,,,,,,,,,,,,,,,,,,,,,,,,,,,,
486,PVC,HT,#3,#2,MeOH_1,1.293604285598202,2.481994218080541,45.94946782902131,-0.891892635092397,-0.9094008585354966,-25.48798567062268,0.44530400731812875,,,,,,,,,,,,,,,,,,,,,,,,,,,,,,,,,,,,,,,,,,PE,HT,#6,#10,MeOH_1,1.4631289100474785,6.918869605245389,125.04038029022848,-0.5950246793293087,-3.870257543631395,-77.4869487635654,0.3803045977330513,433,,,,,,,,,,,,,,,,,,,,,,,,,,,,,,,,,,,,,,,,,,,,,,,,,,,,,,,,,,,,,,,,,,,,,,,,,,,,,,,,,,,,,,,,,,,,,,,,,,,,,,,,,,,,,,,,,,,,,,,,,,,,,,,,,,,,,,,,,,,,,,,,,,,,,,,,,,,,,,,,
487,PVC,HT,#3,#3,MeOH_1,1.063457874420574,1.6208779249163094,33.169244708264706,-0.7714735230284462,-0.20252969195834844,-17.205868642732295,0.4812704119715712,,,,,,,,,,,,,,,,,,,,,,,,,,,,,,,,,,,,,,,,,,PE,HT,#6,#11,FT_1,1.595559589507624,8.125972223164792,131.95764395626045,-0.6482532305108613,-4.6499388605604395,-85.90392028308557,0.3490038340517822,434,,,,,,,,,,,,,,,,,,,,,,,,,,,,,,,,,,,,,,,,,,,,,,,,,,,,,,,,,,,,,,,,,,,,,,,,,,,,,,,,,,,,,,,,,,,,,,,,,,,,,,,,,,,,,,,,,,,,,,,,,,,,,,,,,,,,,,,,,,,,,,,,,,,,,,,,,,,,,,,,
488,PVC,HT,#3,#4,MeOH_1,1.1718735782010297,2.683530184466147,40.72240606902132,-0.9088848178570965,-1.3715016465223788,-25.447756465467812,0.3750920212735996,,,,,,,,,,,,,,,,,,,,,,,,,,,,,,,,,,,,,,,,,,PE,HT,#7,#4,MeOH_1,1.4666779435719701,6.9538190088082565,122.69275279614611,-0.5833260479197538,-3.7996572951011394,-75.45459231306675,0.38501182349022284,435,,,,,,,,,,,,,,,,,,,,,,,,,,,,,,,,,,,,,,,,,,,,,,,,,,,,,,,,,,,,,,,,,,,,,,,,,,,,,,,,,,,,,,,,,,,,,,,,,,,,,,,,,,,,,,,,,,,,,,,,,,,,,,,,,,,,,,,,,,,,,,,,,,,,,,,,,,,,,,,,
489,PVC,HT,#3,#5,FT_1,1.374290105042682,2.8968534887704096,50.194074869021314,-0.970291129953863,-1.3334315680903719,-30.11491533357993,0.40003047347394777,,,,,,,,,,,,,,,,,,,,,,,,,,,,,,,,,,,,,,,,,,PE,HT,#7,#5,FT_1,1.5955379827600693,8.132764588203818,129.83726286217808,-0.6236209991211522,-4.535130421195487,-83.8648742207177,0.35407700091660094,436,,,,,,,,,,,,,,,,,,,,,,,,,,,,,,,,,,,,,,,,,,,,,,,,,,,,,,,,,,,,,,,,,,,,,,,,,,,,,,,,,,,,,,,,,,,,,,,,,,,,,,,,,,,,,,,,,,,,,,,,,,,,,,,,,,,,,,,,,,,,,,,,,,,,,,,,,,,,,,,,
490,PVC,HT,#3,#6,MeOH_1,0.9547270342930506,1.3805914374758703,31.59067237639651,-0.6647457649431698,0.02411540239025414,-15.7644546707346,0.5009775517626123,,,,,,,,,,,,,,,,,,,,,,,,,,,,,,,,,,,,,,,,,,PE,HT,#7,#9,H2_1,1.247451111039449,4.67619797245395,92.7108522580987,-0.41957177750790775,-0.8365725749656746,-40.59188769371747,0.5621668153722361,437,,,,,,,,,,,,,,,,,,,,,,,,,,,,,,,,,,,,,,,,,,,,,,,,,,,,,,,,,,,,,,,,,,,,,,,,,,,,,,,,,,,,,,,,,,,,,,,,,,,,,,,,,,,,,,,,,,,,,,,,,,,,,,,,,,,,,,,,,,,,,,,,,,,,,,,,,,,,,,,,
491,PVC,HT,#3,#7,MeOH_1,1.0336272392576769,1.6662673789947906,35.081237749984076,-0.7402520165104809,-0.2602101844055444,-19.56758398654223,0.4422208211125301,,,,,,,,,,,,,,,,,,,,,,,,,,,,,,,,,,,,,,,,,,PE,HT,#7,#10,MeOH_1,1.5088352607224473,7.299730270341402,127.13836749022848,-0.6231124514097851,-4.1379763024809035,-79.92809576690829,0.3713298562446042,438,,,,,,,,,,,,,,,,,,,,,,,,,,,,,,,,,,,,,,,,,,,,,,,,,,,,,,,,,,,,,,,,,,,,,,,,,,,,,,,,,,,,,,,,,,,,,,,,,,,,,,,,,,,,,,,,,,,,,,,,,,,,,,,,,,,,,,,,,,,,,,,,,,,,,,,,,,,,,,,,
492,PVC,HT,#3,#8,MeOH_1,1.1009925015645214,1.8200868611153822,36.656199016016075,-0.8049672451044677,-0.41573332163865745,-21.217709347874926,0.42116995440240984,,,,,,,,,,,,,,,,,,,,,,,,,,,,,,,,,,,,,,,,,,PE,HT,#7,#11,FT_1,1.641265940182593,8.506832888260806,134.05563115626046,-0.6763410025913377,-4.917657619409948,-88.34506728642847,0.34098204958320605,439,,,,,,,,,,,,,,,,,,,,,,,,,,,,,,,,,,,,,,,,,,,,,,,,,,,,,,,,,,,,,,,,,,,,,,,,,,,,,,,,,,,,,,,,,,,,,,,,,,,,,,,,,,,,,,,,,,,,,,,,,,,,,,,,,,,,,,,,,,,,,,,,,,,,,,,,,,,,,,,,
493,PVC,HT,#3,#9,MeOH_1,1.0450294029313913,1.6711486510665314,36.257031420070405,-0.7504108958947479,-0.24893241514938652,-20.55335416602621,0.43312087721972964,,,,,,,,,,,,,,,,,,,,,,,,,,,,,,,,,,,,,,,,,,PE,HT,#8,#4,MeOH_1,1.4180677850114833,5.121374858361428,99.74466424468636,-0.6158675455268626,-2.0672617200249017,-53.17858335464495,0.46685285115411174,440,,,,,,,,,,,,,,,,,,,,,,,,,,,,,,,,,,,,,,,,,,,,,,,,,,,,,,,,,,,,,,,,,,,,,,,,,,,,,,,,,,,,,,,,,,,,,,,,,,,,,,,,,,,,,,,,,,,,,,,,,,,,,,,,,,,,,,,,,,,,,,,,,,,,,,,,,,,,,,,,
494,PVC,HT,#3,#10,MeOH_1,1.1089808995953305,1.9078532635601053,38.08231096598408,-0.8144119055805151,-0.5213404090156853,-22.691750386277754,0.40413935471125945,,,,,,,,,,,,,,,,,,,,,,,,,,,,,,,,,,,,,,,,,,PE,HT,#8,#5,FT_1,1.5469278241995823,6.300320437756988,106.88917431071835,-0.6561624967282601,-2.8027348461192476,-61.588865262295904,0.423806333434086,441,,,,,,,,,,,,,,,,,,,,,,,,,,,,,,,,,,,,,,,,,,,,,,,,,,,,,,,,,,,,,,,,,,,,,,,,,,,,,,,,,,,,,,,,,,,,,,,,,,,,,,,,,,,,,,,,,,,,,,,,,,,,,,,,,,,,,,,,,,,,,,,,,,,,,,,,,,,,,,,,
495,PVC,HT,#3,#11,MeOH_1,1.1629243336407586,2.122061576859862,39.713678376016084,-0.8669448231418909,-0.7185069061825085,-24.392794291959124,0.38578355646123064,,,,,,,,,,,,,,,,,,,,,,,,,,,,,,,,,,,,,,,,,,PE,HT,#8,#10,MeOH_1,1.4602251021619606,5.467286119894572,104.19027893876873,-0.6556539490168936,-2.405580727404665,-57.65208680848647,0.44666539531612304,442,,,,,,,,,,,,,,,,,,,,,,,,,,,,,,,,,,,,,,,,,,,,,,,,,,,,,,,,,,,,,,,,,,,,,,,,,,,,,,,,,,,,,,,,,,,,,,,,,,,,,,,,,,,,,,,,,,,,,,,,,,,,,,,,,,,,,,,,,,,,,,,,,,,,,,,,,,,,,,,,
496,PVC,HT,#4,#1,DIESEL_1,1.1142227918765222,2.3454346797832057,36.60551101505332,-0.8150976151934274,-0.8644339280394632,-20.669071717974123,0.43535628530156667,,,,,,,,,,,,,,,,,,,,,,,,,,,,,,,,,,,,,,,,,,PE,HT,#8,#11,FT_1,1.5926557816221074,6.674388737813977,111.10754260480073,-0.7088825001984472,-3.1852620443337094,-66.06905832800669,0.4053593772386072,443,,,,,,,,,,,,,,,,,,,,,,,,,,,,,,,,,,,,,,,,,,,,,,,,,,,,,,,,,,,,,,,,,,,,,,,,,,,,,,,,,,,,,,,,,,,,,,,,,,,,,,,,,,,,,,,,,,,,,,,,,,,,,,,,,,,,,,,,,,,,,,,,,,,,,,,,,,,,,,,,
497,PVC,HT,#4,#2,FT_1,1.3358828136061351,2.584707240133071,47.07932317505332,-0.9102100465307259,-0.9251996674980539,-26.09459213694957,0.44573136618971765,,,,,,,,,,,,,,,,,,,,,,,,,,,,,,,,,,,,,,,,,,PE,HT,#9,#2,FT_1,1.3375576343655269,3.7436263375973673,79.52248355775835,-0.4714949051072501,-0.17925888020697683,-33.92416155193385,0.5734016339254013,444,,,,,,,,,,,,,,,,,,,,,,,,,,,,,,,,,,,,,,,,,,,,,,,,,,,,,,,,,,,,,,,,,,,,,,,,,,,,,,,,,,,,,,,,,,,,,,,,,,,,,,,,,,,,,,,,,,,,,,,,,,,,,,,,,,,,,,,,,,,,,,,,,,,,,,,,,,,,,,,,
498,PVC,HT,#4,#3,DIESEL_1,1.105736402428507,1.7235909469688397,34.29910005429671,-0.7897909344667746,-0.21832850092090578,-17.812475109059168,0.48067223102468054,,,,,,,,,,,,,,,,,,,,,,,,,,,,,,,,,,,,,,,,,,PE,HT,#9,#4,MeOH_1,1.4996939292160925,5.539715209010067,102.68617509172635,-0.7214480118046932,-2.42212141019476,-56.16771415720426,0.4530158114562998,445,,,,,,,,,,,,,,,,,,,,,,,,,,,,,,,,,,,,,,,,,,,,,,,,,,,,,,,,,,,,,,,,,,,,,,,,,,,,,,,,,,,,,,,,,,,,,,,,,,,,,,,,,,,,,,,,,,,,,,,,,,,,,,,,,,,,,,,,,,,,,,,,,,,,,,,,,,,,,,,,
499,PVC,HT,#4,#4,DIESEL_1,1.2141521062089624,2.786243206518677,41.85226141505331,-0.927202229295425,-1.3873004554849362,-26.054362931794692,0.37746821674913067,,,,,,,,,,,,,,,,,,,,,,,,,,,,,,,,,,,,,,,,,,PE,HT,#9,#5,FT_1,1.6285539684041923,6.7186607884056295,109.83068515775837,-0.7617429630060921,-3.157594536289108,-64.57799606485523,0.41202227799911456,446,,,,,,,,,,,,,,,,,,,,,,,,,,,,,,,,,,,,,,,,,,,,,,,,,,,,,,,,,,,,,,,,,,,,,,,,,,,,,,,,,,,,,,,,,,,,,,,,,,,,,,,,,,,,,,,,,,,,,,,,,,,,,,,,,,,,,,,,,,,,,,,,,,,,,,,,,,,,,,,,
500,PVC,HT,#4,#5,FT_1,1.416568633050615,2.999566510822941,51.32393021505332,-0.9886085413921918,-1.34923037705293,-30.72152179990681,0.40141914948485014,,,,,,,,,,,,,,,,,,,,,,,,,,,,,,,,,,,,,,,,,,PE,HT,#9,#8,FT_1,1.3595090827485168,3.847451525489234,80.95279905184074,-0.5001277060076121,-0.29013360873779653,-35.477216259322006,0.5617542978766796,447,,,,,,,,,,,,,,,,,,,,,,,,,,,,,,,,,,,,,,,,,,,,,,,,,,,,,,,,,,,,,,,,,,,,,,,,,,,,,,,,,,,,,,,,,,,,,,,,,,,,,,,,,,,,,,,,,,,,,,,,,,,,,,,,,,,,,,,,,,,,,,,,,,,,,,,,,,,,,,,,
501,PVC,HT,#4,#6,DIESEL_1,0.9970055623009835,1.4833044595284004,32.7205277224285,-0.6830631763814986,0.008316593427697121,-16.371061137061464,0.4996700152290082,,,,,,,,,,,,,,,,,,,,,,,,,,,,,,,,,,,,,,,,,,PE,HT,#9,#10,MeOH_1,1.54185124636657,5.885626470543213,107.13178978580873,-0.7612344152947248,-2.760440417574524,-60.64121761104578,0.4339568326797556,448,,,,,,,,,,,,,,,,,,,,,,,,,,,,,,,,,,,,,,,,,,,,,,,,,,,,,,,,,,,,,,,,,,,,,,,,,,,,,,,,,,,,,,,,,,,,,,,,,,,,,,,,,,,,,,,,,,,,,,,,,,,,,,,,,,,,,,,,,,,,,,,,,,,,,,,,,,,,,,,,
502,PVC,HT,#4,#7,DIESEL_1,1.07590576726561,1.7689804010473207,36.21109309601608,-0.7585694279488099,-0.2760089933681014,-20.174190452869112,0.4428726468053331,,,,,,,,,,,,,,,,,,,,,,,,,,,,,,,,,,,,,,,,,,PE,HT,#9,#11,FT_1,1.674281925826716,7.092729088462616,114.04905345184075,-0.8144629664762777,-3.5401217345035683,-69.058189130566,0.394486959422885,449,,,,,,,,,,,,,,,,,,,,,,,,,,,,,,,,,,,,,,,,,,,,,,,,,,,,,,,,,,,,,,,,,,,,,,,,,,,,,,,,,,,,,,,,,,,,,,,,,,,,,,,,,,,,,,,,,,,,,,,,,,,,,,,,,,,,,,,,,,,,,,,,,,,,,,,,,,,,,,,,
503,PVC,HT,#4,#8,DIESEL_1,1.1432710295724542,1.9227998831679127,37.78605436204807,-0.8232846565427961,-0.43153213060121476,-21.8243158142018,0.42242406139864347,,,,,,,,,,,,,,,,,,,,,,,,,,,,,,,,,,,,,,,,,,PE,LT,#6,#1,WAX_1,1.3331223321288712,3.974185561262939,96.26009215525167,-0.5676511488274434,-0.5833481991561773,-45.25084698676381,0.5299106205530985,450,,,,,,,,,,,,,,,,,,,,,,,,,,,,,,,,,,,,,,,,,,,,,,,,,,,,,,,,,,,,,,,,,,,,,,,,,,,,,,,,,,,,,,,,,,,,,,,,,,,,,,,,,,,,,,,,,,,,,,,,,,,,,,,,,,,,,,,,,,,,,,,,,,,,,,,,,,,,,,,,
504,PVC,HT,#4,#9,DIESEL_1,1.0873079309393245,1.7738616731190615,37.38688676610241,-0.7687283073330766,-0.26473122411194355,-21.159960632353084,0.43402720946697804,,,,,,,,,,,,,,,,,,,,,,,,,,,,,,,,,,,,,,,,,,PE,LT,#6,#2,WAX_1,1.3873836965565476,4.107227201235991,98.54884783525168,-0.6075103236397945,-0.7066381337987855,-47.229657737058304,0.5207487578544383,451,,,,,,,,,,,,,,,,,,,,,,,,,,,,,,,,,,,,,,,,,,,,,,,,,,,,,,,,,,,,,,,,,,,,,,,,,,,,,,,,,,,,,,,,,,,,,,,,,,,,,,,,,,,,,,,,,,,,,,,,,,,,,,,,,,,,,,,,,,,,,,,,,,,,,,,,,,,,,,,,
505,PVC,HT,#4,#10,DIESEL_1,1.1512594276032635,2.010566285612635,39.21216631201607,-0.8327293170188439,-0.537139217978242,-23.298356852604627,0.40583856889678804,,,,,,,,,,,,,,,,,,,,,,,,,,,,,,,,,,,,,,,,,,PE,LT,#6,#3,WAX_1,1.3215451880522409,3.8326206467509083,95.50923779001175,-0.5527980805097606,-0.43683852242453547,-44.385983670198165,0.53527025555595,452,,,,,,,,,,,,,,,,,,,,,,,,,,,,,,,,,,,,,,,,,,,,,,,,,,,,,,,,,,,,,,,,,,,,,,,,,,,,,,,,,,,,,,,,,,,,,,,,,,,,,,,,,,,,,,,,,,,,,,,,,,,,,,,,,,,,,,,,,,,,,,,,,,,,,,,,,,,,,,,,
506,PVC,HT,#4,#11,DIESEL_1,1.2052028616486914,2.224774598912392,40.84353372204808,-0.8852622345802194,-0.7343057151450655,-24.999400758286,0.3879226775916582,,,,,,,,,,,,,,,,,,,,,,,,,,,,,,,,,,,,,,,,,,PE,LT,#6,#4,WAX_1,1.3270062143361543,3.874002163941135,95.61479002725166,-0.5607225803160156,-0.5139247318347469,-44.803328759927766,0.5314184265095584,453,,,,,,,,,,,,,,,,,,,,,,,,,,,,,,,,,,,,,,,,,,,,,,,,,,,,,,,,,,,,,,,,,,,,,,,,,,,,,,,,,,,,,,,,,,,,,,,,,,,,,,,,,,,,,,,,,,,,,,,,,,,,,,,,,,,,,,,,,,,,,,,,,,,,,,,,,,,,,,,,
507,PVC,HT,#5,#1,DIESEL_1,1.0716419171453986,2.1087927960191544,34.999567778085606,-0.794969227499152,-0.6210965319256947,-18.6536175276655,0.4670329174937654,,,,,,,,,,,,,,,,,,,,,,,,,,,,,,,,,,,,,,,,,,PE,LT,#6,#5,WAX_1,1.3810525222559247,4.108049946283036,98.83667727525167,-0.5950104241043934,-0.6919185144054165,-47.15271341088824,0.5229229198026156,454,,,,,,,,,,,,,,,,,,,,,,,,,,,,,,,,,,,,,,,,,,,,,,,,,,,,,,,,,,,,,,,,,,,,,,,,,,,,,,,,,,,,,,,,,,,,,,,,,,,,,,,,,,,,,,,,,,,,,,,,,,,,,,,,,,,,,,,,,,,,,,,,,,,,,,,,,,,,,,,,
508,PVC,HT,#5,#2,FT_1,1.2933019388750115,2.3480653563690193,45.47337993808561,-0.8900816588364509,-0.6818622713842851,-24.07913794664094,0.470478377032322,,,,,,,,,,,,,,,,,,,,,,,,,,,,,,,,,,,,,,,,,,PE,LT,#6,#6,WAX_1,1.27798852114972,3.6343989542660133,92.72965813127193,-0.5140806949180813,-0.25804586280448316,-41.83774693407879,0.5488202180703444,455,,,,,,,,,,,,,,,,,,,,,,,,,,,,,,,,,,,,,,,,,,,,,,,,,,,,,,,,,,,,,,,,,,,,,,,,,,,,,,,,,,,,,,,,,,,,,,,,,,,,,,,,,,,,,,,,,,,,,,,,,,,,,,,,,,,,,,,,,,,,,,,,,,,,,,,,,,,,,,,,
509,PVC,HT,#5,#3,DIESEL_1,1.0631555276973832,1.486949063204788,32.693156817329,-0.7696625467724996,0.0250088951928629,-15.797020918750546,0.516809557210537,,,,,,,,,,,,,,,,,,,,,,,,,,,,,,,,,,,,,,,,,,PE,LT,#6,#7,WAX_1,1.317026295526639,3.862044330811607,95.42401043779289,-0.5491689180157036,-0.4720831277091092,-44.21314132459045,0.5366664938756364,456,,,,,,,,,,,,,,,,,,,,,,,,,,,,,,,,,,,,,,,,,,,,,,,,,,,,,,,,,,,,,,,,,,,,,,,,,,,,,,,,,,,,,,,,,,,,,,,,,,,,,,,,,,,,,,,,,,,,,,,,,,,,,,,,,,,,,,,,,,,,,,,,,,,,,,,,,,,,,,,,
510,PVC,HT,#5,#4,DIESEL_1,1.1715712314778386,2.549601322754625,40.2463181780856,-0.9070738416011499,-1.1439630593711674,-24.038908741486072,0.40270539443840553,,,,,,,,,,,,,,,,,,,,,,,,,,,,,,,,,,,,,,,,,,PE,LT,#6,#8,WAX_1,1.3526594942620138,3.964497915123903,96.6355107438249,-0.5808949263171839,-0.583697629643521,-45.317424161906246,0.5310479158946022,457,,,,,,,,,,,,,,,,,,,,,,,,,,,,,,,,,,,,,,,,,,,,,,,,,,,,,,,,,,,,,,,,,,,,,,,,,,,,,,,,,,,,,,,,,,,,,,,,,,,,,,,,,,,,,,,,,,,,,,,,,,,,,,,,,,,,,,,,,,,,,,,,,,,,,,,,,,,,,,,,
511,PVC,HT,#5,#5,FT_1,1.373987758319492,2.7629246270588887,49.71798697808561,-0.9684801536979172,-1.105892980939161,-28.706067609598197,0.42262208600177065,,,,,,,,,,,,,,,,,,,,,,,,,,,,,,,,,,,,,,,,,,PE,LT,#6,#9,WAX_1,1.3123987215604096,3.802245775231665,95.23643550641371,-0.5436447082372754,-0.40726575433323176,-44.119009247328655,0.5367423296270107,458,,,,,,,,,,,,,,,,,,,,,,,,,,,,,,,,,,,,,,,,,,,,,,,,,,,,,,,,,,,,,,,,,,,,,,,,,,,,,,,,,,,,,,,,,,,,,,,,,,,,,,,,,,,,,,,,,,,,,,,,,,,,,,,,,,,,,,,,,,,,,,,,,,,,,,,,,,,,,,,,
512,PVC,HT,#5,#6,DIESEL_1,0.9544246875698602,1.2466625757643486,31.114584485460796,-0.6629347886872236,0.2516539895414656,-14.35560694675285,0.5386212869575382,,,,,,,,,,,,,,,,,,,,,,,,,,,,,,,,,,,,,,,,,,PE,LT,#6,#10,WAX_1,1.3669207825662744,3.956602487923375,96.78528557379288,-0.5983154067497829,-0.5904384505842194,-45.89753926823503,0.525779781542919,459,,,,,,,,,,,,,,,,,,,,,,,,,,,,,,,,,,,,,,,,,,,,,,,,,,,,,,,,,,,,,,,,,,,,,,,,,,,,,,,,,,,,,,,,,,,,,,,,,,,,,,,,,,,,,,,,,,,,,,,,,,,,,,,,,,,,,,,,,,,,,,,,,,,,,,,,,,,,,,,,
513,PVC,HT,#5,#7,DIESEL_1,1.0333248925344864,1.532338517283269,34.60514985904836,-0.7384410402545348,-0.0326715972543332,-18.158736262560485,0.4752591352291908,,,,,,,,,,,,,,,,,,,,,,,,,,,,,,,,,,,,,,,,,,PE,LT,#6,#11,WAX_1,1.3748794937121362,4.015469324053856,97.14643738382489,-0.6050148505722381,-0.6366108023915592,-46.394470474630396,0.5224274638983809,460,,,,,,,,,,,,,,,,,,,,,,,,,,,,,,,,,,,,,,,,,,,,,,,,,,,,,,,,,,,,,,,,,,,,,,,,,,,,,,,,,,,,,,,,,,,,,,,,,,,,,,,,,,,,,,,,,,,,,,,,,,,,,,,,,,,,,,,,,,,,,,,,,,,,,,,,,,,,,,,,
514,PVC,HT,#5,#8,DIESEL_1,1.1006901548413306,1.6861579994038605,36.18011112508036,-0.803156268848521,-0.18819473448744595,-19.808861623893176,0.45249306848697035,,,,,,,,,,,,,,,,,,,,,,,,,,,,,,,,,,,,,,,,,,PE,LT,#7,#1,WAX_1,1.3875598508827702,4.439165718365324,98.8163094212837,-0.6009357348411878,-0.9065622511547938,-48.37730906306624,0.5104319383471487,461,,,,,,,,,,,,,,,,,,,,,,,,,,,,,,,,,,,,,,,,,,,,,,,,,,,,,,,,,,,,,,,,,,,,,,,,,,,,,,,,,,,,,,,,,,,,,,,,,,,,,,,,,,,,,,,,,,,,,,,,,,,,,,,,,,,,,,,,,,,,,,,,,,,,,,,,,,,,,,,,
515,PVC,HT,#5,#9,DIESEL_1,1.0447270562082005,1.5372197893550097,35.780943529134696,-0.748599919638801,-0.021393827998174877,-19.144506442044467,0.464952442451496,,,,,,,,,,,,,,,,,,,,,,,,,,,,,,,,,,,,,,,,,,PE,LT,#7,#2,WAX_1,1.4418212153104468,4.5722073583383755,101.10506510128369,-0.6407949096535391,-1.029852185797402,-50.35611981336072,0.5019426597182284,462,,,,,,,,,,,,,,,,,,,,,,,,,,,,,,,,,,,,,,,,,,,,,,,,,,,,,,,,,,,,,,,,,,,,,,,,,,,,,,,,,,,,,,,,,,,,,,,,,,,,,,,,,,,,,,,,,,,,,,,,,,,,,,,,,,,,,,,,,,,,,,,,,,,,,,,,,,,,,,,,
516,PVC,HT,#5,#10,DIESEL_1,1.1086785528721395,1.7739244018485836,37.60622307504836,-0.8126009293245684,-0.2938018218644737,-21.282902662296003,0.43405902209793684,,,,,,,,,,,,,,,,,,,,,,,,,,,,,,,,,,,,,,,,,,PE,LT,#7,#3,WAX_1,1.3759827068061399,4.2976008038532925,98.06545505604375,-0.586082666523505,-0.7600525744231513,-47.512445746500546,0.5155027249978342,463,,,,,,,,,,,,,,,,,,,,,,,,,,,,,,,,,,,,,,,,,,,,,,,,,,,,,,,,,,,,,,,,,,,,,,,,,,,,,,,,,,,,,,,,,,,,,,,,,,,,,,,,,,,,,,,,,,,,,,,,,,,,,,,,,,,,,,,,,,,,,,,,,,,,,,,,,,,,,,,,
517,PVC,HT,#5,#11,DIESEL_1,1.162621986917568,1.9881327151483406,39.23759048508036,-0.8651338468859444,-0.49096831903129695,-22.98394656797737,0.4142365450111736,,,,,,,,,,,,,,,,,,,,,,,,,,,,,,,,,,,,,,,,,,PE,LT,#7,#4,WAX_1,1.3814437330900533,4.338982321043519,98.17100729328367,-0.59400716632976,-0.8371387838333634,-47.929790836230175,0.5117724452694979,464,,,,,,,,,,,,,,,,,,,,,,,,,,,,,,,,,,,,,,,,,,,,,,,,,,,,,,,,,,,,,,,,,,,,,,,,,,,,,,,,,,,,,,,,,,,,,,,,,,,,,,,,,,,,,,,,,,,,,,,,,,,,,,,,,,,,,,,,,,,,,,,,,,,,,,,,,,,,,,,,
518,PVC,HT,#6,#1,MeOH_1,1.1527168776587247,2.709070601511461,41.573824949021315,-0.8737136020234291,-1.375959150423991,-26.425884358546234,0.364362447021649,,,,,,,,,,,,,,,,,,,,,,,,,,,,,,,,,,,,,,,,,,PE,LT,#7,#5,WAX_1,1.4354900410098237,4.57303010338542,101.39289454128367,-0.6282950101181377,-1.0151325664040325,-50.27917548719063,0.5041153947260211,465,,,,,,,,,,,,,,,,,,,,,,,,,,,,,,,,,,,,,,,,,,,,,,,,,,,,,,,,,,,,,,,,,,,,,,,,,,,,,,,,,,,,,,,,,,,,,,,,,,,,,,,,,,,,,,,,,,,,,,,,,,,,,,,,,,,,,,,,,,,,,,,,,,,,,,,,,,,,,,,,
519,PVC,HT,#6,#2,MeOH_1,1.3743768993883372,2.9483431618613274,52.04763710902132,-0.9688260333607277,-1.4367248898825824,-31.851404777521676,0.3880336063901558,,,,,,,,,,,,,,,,,,,,,,,,,,,,,,,,,,,,,,,,,,PE,LT,#7,#6,WAX_1,1.3324260399036187,4.099379111368397,95.28587539730394,-0.5473652809318256,-0.5812599148030994,-44.964209010381175,0.5281125473959447,466,,,,,,,,,,,,,,,,,,,,,,,,,,,,,,,,,,,,,,,,,,,,,,,,,,,,,,,,,,,,,,,,,,,,,,,,,,,,,,,,,,,,,,,,,,,,,,,,,,,,,,,,,,,,,,,,,,,,,,,,,,,,,,,,,,,,,,,,,,,,,,,,,,,,,,,,,,,,,,,,
520,PVC,HT,#6,#3,MeOH_1,1.1442304882107095,2.087226868697095,39.2674139882647,-0.8484069212967769,-0.7298537233054334,-23.569287749631275,0.39977489333330957,,,,,,,,,,,,,,,,,,,,,,,,,,,,,,,,,,,,,,,,,,PE,LT,#7,#7,WAX_1,1.3714638142805378,4.3270244879139925,97.9802277038249,-0.5824535040294476,-0.795297179707726,-47.339603400892855,0.5168453420623675,467,,,,,,,,,,,,,,,,,,,,,,,,,,,,,,,,,,,,,,,,,,,,,,,,,,,,,,,,,,,,,,,,,,,,,,,,,,,,,,,,,,,,,,,,,,,,,,,,,,,,,,,,,,,,,,,,,,,,,,,,,,,,,,,,,,,,,,,,,,,,,,,,,,,,,,,,,,,,,,,,
521,PVC,HT,#6,#4,MeOH_1,1.252646191991165,3.149879128246932,46.82057534902131,-0.9858182161254272,-1.8988256778694637,-31.81117557236679,0.32057273249565615,,,,,,,,,,,,,,,,,,,,,,,,,,,,,,,,,,,,,,,,,,PE,LT,#7,#8,WAX_1,1.4070970130159122,4.429478072226288,99.19172800985692,-0.6141795123309279,-0.9069116816421374,-48.443886238208655,0.5116136475271942,468,,,,,,,,,,,,,,,,,,,,,,,,,,,,,,,,,,,,,,,,,,,,,,,,,,,,,,,,,,,,,,,,,,,,,,,,,,,,,,,,,,,,,,,,,,,,,,,,,,,,,,,,,,,,,,,,,,,,,,,,,,,,,,,,,,,,,,,,,,,,,,,,,,,,,,,,,,,,,,,,
522,PVC,HT,#6,#5,MeOH_1,1.4550627188328176,3.363202432551196,56.29224414902131,-1.0472245282221937,-1.8607555994374578,-36.47833444047892,0.3519829420210968,,,,,,,,,,,,,,,,,,,,,,,,,,,,,,,,,,,,,,,,,,PE,LT,#7,#9,WAX_1,1.3668362403143073,4.267225932334051,97.79265277244572,-0.5769292942510187,-0.7304798063318488,-47.24547132363106,0.5168811768143071,469,,,,,,,,,,,,,,,,,,,,,,,,,,,,,,,,,,,,,,,,,,,,,,,,,,,,,,,,,,,,,,,,,,,,,,,,,,,,,,,,,,,,,,,,,,,,,,,,,,,,,,,,,,,,,,,,,,,,,,,,,,,,,,,,,,,,,,,,,,,,,,,,,,,,,,,,,,,,,,,,
523,PVC,HT,#6,#6,MeOH_1,1.0354996480831857,1.8469403812566558,37.688841656396505,-0.7416791632115003,-0.503208628956831,-22.12787377763358,0.412879971760075,,,,,,,,,,,,,,,,,,,,,,,,,,,,,,,,,,,,,,,,,,PE,LT,#7,#10,WAX_1,1.4213583013201732,4.421582645025761,99.34150283982488,-0.6315999927635269,-0.913652502582837,-49.02400134453743,0.506510371364301,470,,,,,,,,,,,,,,,,,,,,,,,,,,,,,,,,,,,,,,,,,,,,,,,,,,,,,,,,,,,,,,,,,,,,,,,,,,,,,,,,,,,,,,,,,,,,,,,,,,,,,,,,,,,,,,,,,,,,,,,,,,,,,,,,,,,,,,,,,,,,,,,,,,,,,,,,,,,,,,,,
524,PVC,HT,#6,#7,MeOH_1,1.114399853047812,2.1326163227755766,41.179407029984084,-0.8171854147788113,-0.7875342157526296,-25.931003093441223,0.37029197446772355,,,,,,,,,,,,,,,,,,,,,,,,,,,,,,,,,,,,,,,,,,PE,LT,#7,#11,WAX_1,1.4293170124660346,4.480449481156242,99.7026546498569,-0.6382994365859822,-0.9598248543901774,-49.5209325509328,0.5033138011736593,471,,,,,,,,,,,,,,,,,,,,,,,,,,,,,,,,,,,,,,,,,,,,,,,,,,,,,,,,,,,,,,,,,,,,,,,,,,,,,,,,,,,,,,,,,,,,,,,,,,,,,,,,,,,,,,,,,,,,,,,,,,,,,,,,,,,,,,,,,,,,,,,,,,,,,,,,,,,,,,,,
525,PVC,HT,#6,#8,MeOH_1,1.1817651153546567,2.286435804896168,42.75436829601608,-0.8819006433727984,-0.9430573529857427,-27.581128454773914,0.354893323091293,,,,,,,,,,,,,,,,,,,,,,,,,,,,,,,,,,,,,,,,,,PE,HT,#4,-,MeOH_1,1.4146893802494171,7.216867905099418,123.3383535322685,-0.5639632709791549,-4.19849803043564,-77.7131433762879,0.3699190790968671,472,,,,,,,,,,,,,,,,,,,,,,,,,,,,,,,,,,,,,,,,,,,,,,,,,,,,,,,,,,,,,,,,,,,,,,,,,,,,,,,,,,,,,,,,,,,,,,,,,,,,,,,,,,,,,,,,,,,,,,,,,,,,,,,,,,,,,,,,,,,,,,,,,,,,,,,,,,,,,,,,
526,PVC,HT,#6,#9,MeOH_1,1.1258020167215266,2.137497594847317,42.3552007000704,-0.8273442941630782,-0.7762564464964715,-26.91677327292519,0.36449897939261916,,,,,,,,,,,,,,,,,,,,,,,,,,,,,,,,,,,,,,,,,,PE,HT,#5,-,FT_1,1.5128837689260919,8.521902970609705,127.4380251983005,-0.6158606452985912,-4.928858738335715,-79.79233883236397,0.37387338898101447,473,,,,,,,,,,,,,,,,,,,,,,,,,,,,,,,,,,,,,,,,,,,,,,,,,,,,,,,,,,,,,,,,,,,,,,,,,,,,,,,,,,,,,,,,,,,,,,,,,,,,,,,,,,,,,,,,,,,,,,,,,,,,,,,,,,,,,,,,,,,,,,,,,,,,,,,,,,,,,,,,
527,PVC,HT,#6,#10,MeOH_1,1.1897535133854658,2.3742022073408906,44.18048024598408,-0.8913453038488457,-1.04866444036277,-29.05516949317673,0.34235279174409167,,,,,,,,,,,,,,,,,,,,,,,,,,,,,,,,,,,,,,,,,,PE,HT,#10,-,MeOH_1,1.4060344918023209,7.14028559739639,122.4743341721959,-0.5535813865103368,-4.116945896695658,-75.43891400937042,0.38404307711275104,474,,,,,,,,,,,,,,,,,,,,,,,,,,,,,,,,,,,,,,,,,,,,,,,,,,,,,,,,,,,,,,,,,,,,,,,,,,,,,,,,,,,,,,,,,,,,,,,,,,,,,,,,,,,,,,,,,,,,,,,,,,,,,,,,,,,,,,,,,,,,,,,,,,,,,,,,,,,,,,,,
528,PVC,HT,#6,#11,MeOH_1,1.2436969474308939,2.5884105206406476,45.811847656016084,-0.9438782214102215,-1.2458309375295935,-30.756213398858108,0.32864062524186016,,,,,,,,,,,,,,,,,,,,,,,,,,,,,,,,,,,,,,,,,,PE,HT,#11,-,FT_1,1.5730288721774337,8.692440761780777,131.66704423822787,-0.609511948516489,-5.105448049726353,-86.07084919090622,0.3462992224905081,475,,,,,,,,,,,,,,,,,,,,,,,,,,,,,,,,,,,,,,,,,,,,,,,,,,,,,,,,,,,,,,,,,,,,,,,,,,,,,,,,,,,,,,,,,,,,,,,,,,,,,,,,,,,,,,,,,,,,,,,,,,,,,,,,,,,,,,,,,,,,,,,,,,,,,,,,,,,,,,,,
529,PVC,HT,#7,#1,DIESEL_1,1.1945081419977905,2.9521267866054433,42.89329837505331,-0.904264528725166,-1.5457636598990556,-28.04940829009138,0.3460654845232214,,,,,,,,,,,,,,,,,,,,,,,,,,,,,,,,,,,,,,,,,,PE,LT,#4,-,WAX_1,1.2041930229560378,3.653036653681522,84.8095500096,-0.5255828450213891,-0.6041910287444207,-40.47882413238677,0.5227091273588319,476,,,,,,,,,,,,,,,,,,,,,,,,,,,,,,,,,,,,,,,,,,,,,,,,,,,,,,,,,,,,,,,,,,,,,,,,,,,,,,,,,,,,,,,,,,,,,,,,,,,,,,,,,,,,,,,,,,,,,,,,,,,,,,,,,,,,,,,,,,,,,,,,,,,,,,,,,,,,,,,,
530,PVC,HT,#7,#2,FT_1,1.4161681637274035,3.191399346955309,53.36711053505332,-0.9993769600624648,-1.6065293993576466,-33.47492870906684,0.37274234311262977,,,,,,,,,,,,,,,,,,,,,,,,,,,,,,,,,,,,,,,,,,PE,LT,#5,-,WAX_1,1.2562735270371927,4.067653032111273,85.934437195632,-0.5711261206571265,-0.85525782318145,-41.375402842348386,0.51852360715232,477,,,,,,,,,,,,,,,,,,,,,,,,,,,,,,,,,,,,,,,,,,,,,,,,,,,,,,,,,,,,,,,,,,,,,,,,,,,,,,,,,,,,,,,,,,,,,,,,,,,,,,,,,,,,,,,,,,,,,,,,,,,,,,,,,,,,,,,,,,,,,,,,,,,,,,,,,,,,,,,,
531,PVC,HT,#7,#3,DIESEL_1,1.1860217525497754,2.330283053791077,40.586887414296704,-0.8789578479985137,-0.8996582327804983,-25.192811681176433,0.3792869252569912,,,,,,,,,,,,,,,,,,,,,,,,,,,,,,,,,,,,,,,,,,PE,LT,#10,-,WAX_1,1.2289379898084294,3.842015726378375,87.39043167080767,-0.546424977670226,-0.7750982784862461,-42.88064810537752,0.5093210173522741,478,,,,,,,,,,,,,,,,,,,,,,,,,,,,,,,,,,,,,,,,,,,,,,,,,,,,,,,,,,,,,,,,,,,,,,,,,,,,,,,,,,,,,,,,,,,,,,,,,,,,,,,,,,,,,,,,,,,,,,,,,,,,,,,,,,,,,,,,,,,,,,,,,,,,,,,,,,,,,,,,
532,PVC,HT,#7,#4,DIESEL_1,1.2944374563302308,3.392935313340914,48.14004877505332,-1.016369142827164,-2.0686301873445285,-33.43469950391196,0.30547017806018156,,,,,,,,,,,,,,,,,,,,,,,,,,,,,,,,,,,,,,,,,,PE,LT,#11,-,WAX_1,1.2858050746721732,4.297415734218159,89.58468159080769,-0.5796793893172676,-1.0752494587536456,-45.54340978068885,0.49161610029808855,479,,,,,,,,,,,,,,,,,,,,,,,,,,,,,,,,,,,,,,,,,,,,,,,,,,,,,,,,,,,,,,,,,,,,,,,,,,,,,,,,,,,,,,,,,,,,,,,,,,,,,,,,,,,,,,,,,,,,,,,,,,,,,,,,,,,,,,,,,,,,,,,,,,,,,,,,,,,,,,,,
533,PVC,HT,#7,#5,FT_1,1.496853983171884,3.6062586176451776,57.61171757505331,-1.077775454923931,-2.030560108912522,-38.101858372024076,0.3386439430071302,,,,,,,,,,,,,,,,,,,,,,,,,,,,,,,,,,,,,,,,,,PE,SG,#4,-,MeOH_1,1.337782863775561,9.289262571719169,141.38444278506904,-0.48933170693608513,-6.254408024156043,-94.56642985724342,0.33113977751426155,480,,,,,,,,,,,,,,,,,,,,,,,,,,,,,,,,,,,,,,,,,,,,,,,,,,,,,,,,,,,,,,,,,,,,,,,,,,,,,,,,,,,,,,,,,,,,,,,,,,,,,,,,,,,,,,,,,,,,,,,,,,,,,,,,,,,,,,,,,,,,,,,,,,,,,,,,,,,,,,,,
534,PVC,HT,#7,#6,DIESEL_1,1.077290912422252,2.089996566350638,39.008315082428496,-0.7722300899132375,-0.6730131384318957,-23.75139770917873,0.39111962003512246,,,,,,,,,,,,,,,,,,,,,,,,,,,,,,,,,,,,,,,,,,PE,SG,#5,-,FT_1,1.524560553494209,10.906449874190505,148.67836085110105,-0.5248499515453029,-7.143248406693721,-105.42186198940077,0.2909401113523235,481,,,,,,,,,,,,,,,,,,,,,,,,,,,,,,,,,,,,,,,,,,,,,,,,,,,,,,,,,,,,,,,,,,,,,,,,,,,,,,,,,,,,,,,,,,,,,,,,,,,,,,,,,,,,,,,,,,,,,,,,,,,,,,,,,,,,,,,,,,,,,,,,,,,,,,,,,,,,,,,,
535,PVC,HT,#7,#7,DIESEL_1,1.1561911173868784,2.375672507869558,42.498880456016074,-0.8477363414805487,-0.9573387252276939,-27.55452702498637,0.3516411084404037,,,,,,,,,,,,,,,,,,,,,,,,,,,,,,,,,,,,,,,,,,PE,SG,#9,-,MeOH_1,1.3621156927920204,9.421619183295167,143.96028458878817,-0.4940978190008409,-6.314043435072769,-97.3065104073078,0.3240739229902428,482,,,,,,,,,,,,,,,,,,,,,,,,,,,,,,,,,,,,,,,,,,,,,,,,,,,,,,,,,,,,,,,,,,,,,,,,,,,,,,,,,,,,,,,,,,,,,,,,,,,,,,,,,,,,,,,,,,,,,,,,,,,,,,,,,,,,,,,,,,,,,,,,,,,,,,,,,,,,,,,,
536,PVC,HT,#7,#8,DIESEL_1,1.2235563796937228,2.5294919899901496,44.07384172204807,-0.9124515700745351,-1.1128618624608069,-29.204652386319065,0.33736993996351927,,,,,,,,,,,,,,,,,,,,,,,,,,,,,,,,,,,,,,,,,,PE,SG,#10,-,FT_1,1.5488933825106674,11.038806485766504,151.25420265482018,-0.5649899033291379,-7.194919603972209,-107.48688580159421,0.2893626496653988,483,,,,,,,,,,,,,,,,,,,,,,,,,,,,,,,,,,,,,,,,,,,,,,,,,,,,,,,,,,,,,,,,,,,,,,,,,,,,,,,,,,,,,,,,,,,,,,,,,,,,,,,,,,,,,,,,,,,,,,,,,,,,,,,,,,,,,,,,,,,,,,,,,,,,,,,,,,,,,,,,
537,PVC,HT,#7,#9,DIESEL_1,1.167593281060593,2.3805537799412986,43.6746741261024,-0.8578952208648155,-0.9460609559715357,-28.540297204470352,0.34652523972896476,,,,,,,,,,,,,,,,,,,,,,,,,,,,,,,,,,,,,,,,,,PE,OG,#1,-,MeOH_1,0.8395630075116055,2.5508674606310446,54.07164927999999,-0.428238768418975,-0.06502765613466233,-29.320413141205997,0.45774886596531056,484,,,,,,,,,,,,,,,,,,,,,,,,,,,,,,,,,,,,,,,,,,,,,,,,,,,,,,,,,,,,,,,,,,,,,,,,,,,,,,,,,,,,,,,,,,,,,,,,,,,,,,,,,,,,,,,,,,,,,,,,,,,,,,,,,,,,,,,,,,,,,,,,,,,,,,,,,,,,,,,,
538,PVC,HT,#7,#10,DIESEL_1,1.2315447777245319,2.6172583924348727,45.499953672016076,-0.9218962305505827,-1.218468949837835,-30.678693424721896,0.32574231512700924,,,,,,,,,,,,,,,,,,,,,,,,,,,,,,,,,,,,,,,,,,PE,OG,#4,-,MeOH_1,1.1084311919532115,5.79760161929218,90.61194559999998,-0.6989446994785573,-3.328982878194026,-63.418380811711714,0.30011015223458887,485,,,,,,,,,,,,,,,,,,,,,,,,,,,,,,,,,,,,,,,,,,,,,,,,,,,,,,,,,,,,,,,,,,,,,,,,,,,,,,,,,,,,,,,,,,,,,,,,,,,,,,,,,,,,,,,,,,,,,,,,,,,,,,,,,,,,,,,,,,,,,,,,,,,,,,,,,,,,,,,,
539,PVC,HT,#7,#11,DIESEL_1,1.2854882117699598,2.8314667057346297,47.131321082048075,-0.9744291481119582,-1.415635447004658,-32.37973733040326,0.31298897236435763,,,,,,,,,,,,,,,,,,,,,,,,,,,,,,,,,,,,,,,,,,PE,OG,#5,-,FT_1,1.687636278006822,6.823076076578983,123.71772768,-0.7458199956323168,-3.2606584968414793,-85.15009336958218,0.31173894827889403,486,,,,,,,,,,,,,,,,,,,,,,,,,,,,,,,,,,,,,,,,,,,,,,,,,,,,,,,,,,,,,,,,,,,,,,,,,,,,,,,,,,,,,,,,,,,,,,,,,,,,,,,,,,,,,,,,,,,,,,,,,,,,,,,,,,,,,,,,,,,,,,,,,,,,,,,,,,,,,,,,
540,PVC,HT,#8,#1,Aromatics,1.0890735762679973,1.3291332192001486,25.105712576408106,-0.857371043914635,0.09335191220596463,-10.780499736993377,0.5705957477134571,,,,,,,,,,,,,,,,,,,,,,,,,,,,,,,,,,,,,,,,,,PE,OG,#9,-,MeOH_1,1.0822811275089887,5.040963443490506,93.24176650592051,-0.5945711462197926,-2.5060427694269483,-68.08235065921103,0.26982989264914836,487,,,,,,,,,,,,,,,,,,,,,,,,,,,,,,,,,,,,,,,,,,,,,,,,,,,,,,,,,,,,,,,,,,,,,,,,,,,,,,,,,,,,,,,,,,,,,,,,,,,,,,,,,,,,,,,,,,,,,,,,,,,,,,,,,,,,,,,,,,,,,,,,,,,,,,,,,,,,,,,,
541,PVC,HT,#8,#2,Aromatics,1.3107335979976102,1.5684057795500141,35.57952473640811,-0.9524834752519338,0.03258617274737388,-16.206020155968826,0.544512742201264,,,,,,,,,,,,,,,,,,,,,,,,,,,,,,,,,,,,,,,,,,PE,OG,#10,-,FT_1,1.2293166163434346,5.642149047314839,98.65712570592052,-0.5119595889599516,-2.4512954044649162,-70.40182413514394,0.28639899417909925,488,,,,,,,,,,,,,,,,,,,,,,,,,,,,,,,,,,,,,,,,,,,,,,,,,,,,,,,,,,,,,,,,,,,,,,,,,,,,,,,,,,,,,,,,,,,,,,,,,,,,,,,,,,,,,,,,,,,,,,,,,,,,,,,,,,,,,,,,,,,,,,,,,,,,,,,,,,,,,,,,
542,PVC,HT,#8,#3,Aromatics,1.0805871868199821,0.7072894863857824,22.799301615651498,-0.8320643631879826,0.7394573393245223,-7.923903128078426,0.6524497433448249,,,,,,,,,,,,,,,,,,,,,,,,,,,,,,,,,,,,,,,,,,,,,,,,,,,,,,489,,,,,,,,,,,,,,,,,,,,,,,,,,,,,,,,,,,,,,,,,,,,,,,,,,,,,,,,,,,,,,,,,,,,,,,,,,,,,,,,,,,,,,,,,,,,,,,,,,,,,,,,,,,,,,,,,,,,,,,,,,,,,,,,,,,,,,,,,,,,,,,,,,,,,,,,,,,,,,,,
543,PVC,HT,#8,#4,Aromatics,1.1890028906004375,1.7699417459356193,30.352462976408106,-0.9694756580166329,-0.42951461523950785,-16.165790950813946,0.4673977211213784,,,,,,,,,,,,,,,,,,,,,,,,,,,,,,,,,,,,,,,,,,,,,,,,,,,,,,490,,,,,,,,,,,,,,,,,,,,,,,,,,,,,,,,,,,,,,,,,,,,,,,,,,,,,,,,,,,,,,,,,,,,,,,,,,,,,,,,,,,,,,,,,,,,,,,,,,,,,,,,,,,,,,,,,,,,,,,,,,,,,,,,,,,,,,,,,,,,,,,,,,,,,,,,,,,,,,,,
544,PVC,HT,#8,#5,Aromatics,1.3914194174420904,1.983265050239883,39.82413177640811,-1.0308819701134,-0.39144453680750163,-20.832949818926078,0.47687623333780865,,,,,,,,,,,,,,,,,,,,,,,,,,,,,,,,,,,,,,,,,,,,,,,,,,,,,,491,,,,,,,,,,,,,,,,,,,,,,,,,,,,,,,,,,,,,,,,,,,,,,,,,,,,,,,,,,,,,,,,,,,,,,,,,,,,,,,,,,,,,,,,,,,,,,,,,,,,,,,,,,,,,,,,,,,,,,,,,,,,,,,,,,,,,,,,,,,,,,,,,,,,,,,,,,,,,,,,
545,PVC,HT,#8,#6,Aromatics,0.9718563466924582,0.46700299894534253,21.22072928378329,-0.7253366051027061,0.9661024336731255,-6.482489156080726,0.6945209059787313,,,,,,,,,,,,,,,,,,,,,,,,,,,,,,,,,,,,,,,,,,,,,,,,,,,,,,492,,,,,,,,,,,,,,,,,,,,,,,,,,,,,,,,,,,,,,,,,,,,,,,,,,,,,,,,,,,,,,,,,,,,,,,,,,,,,,,,,,,,,,,,,,,,,,,,,,,,,,,,,,,,,,,,,,,,,,,,,,,,,,,,,,,,,,,,,,,,,,,,,,,,,,,,,,,,,,,,
546,PVC,HT,#8,#7,Aromatics,1.050756551657085,0.7526789404642633,24.711294657370868,-0.8008428566700175,0.6817768468773265,-10.285618471888366,0.5837685311716203,,,,,,,,,,,,,,,,,,,,,,,,,,,,,,,,,,,,,,,,,,,,,,,,,,,,,,493,,,,,,,,,,,,,,,,,,,,,,,,,,,,,,,,,,,,,,,,,,,,,,,,,,,,,,,,,,,,,,,,,,,,,,,,,,,,,,,,,,,,,,,,,,,,,,,,,,,,,,,,,,,,,,,,,,,,,,,,,,,,,,,,,,,,,,,,,,,,,,,,,,,,,,,,,,,,,,,,
547,PVC,HT,#8,#8,Aromatics,1.1181218139639293,0.9064984225848549,26.286255923402866,-0.8655580852640041,0.5262537096442135,-11.935743833221059,0.5459321453766046,,,,,,,,,,,,,,,,,,,,,,,,,,,,,,,,,,,,,,,,,,,,,,,,,,,,,,494,,,,,,,,,,,,,,,,,,,,,,,,,,,,,,,,,,,,,,,,,,,,,,,,,,,,,,,,,,,,,,,,,,,,,,,,,,,,,,,,,,,,,,,,,,,,,,,,,,,,,,,,,,,,,,,,,,,,,,,,,,,,,,,,,,,,,,,,,,,,,,,,,,,,,,,,,,,,,,,,
548,PVC,HT,#8,#9,Aromatics,1.0621587153307992,0.7575602125360041,25.887088327457196,-0.8110017360542842,0.6930546161334844,-11.271388651372343,0.5645941904011923,,,,,,,,,,,,,,,,,,,,,,,,,,,,,,,,,,,,,,,,,,,,,,,,,,,,,,495,,,,,,,,,,,,,,,,,,,,,,,,,,,,,,,,,,,,,,,,,,,,,,,,,,,,,,,,,,,,,,,,,,,,,,,,,,,,,,,,,,,,,,,,,,,,,,,,,,,,,,,,,,,,,,,,,,,,,,,,,,,,,,,,,,,,,,,,,,,,,,,,,,,,,,,,,,,,,,,,
549,PVC,HT,#8,#10,Aromatics,1.1261102119947384,0.9942648250295778,27.712367873370866,-0.8750027457400514,0.4206466222671859,-13.409784871623883,0.5161082974613115,,,,,,,,,,,,,,,,,,,,,,,,,,,,,,,,,,,,,,,,,,,,,,,,,,,,,,496,,,,,,,,,,,,,,,,,,,,,,,,,,,,,,,,,,,,,,,,,,,,,,,,,,,,,,,,,,,,,,,,,,,,,,,,,,,,,,,,,,,,,,,,,,,,,,,,,,,,,,,,,,,,,,,,,,,,,,,,,,,,,,,,,,,,,,,,,,,,,,,,,,,,,,,,,,,,,,,,
550,PVC,HT,#8,#11,Aromatics,1.1800536460401665,1.2084731383293348,29.343735283402868,-0.9275356633014272,0.2234801251003626,-15.110828777305255,0.48504072057070036,,,,,,,,,,,,,,,,,,,,,,,,,,,,,,,,,,,,,,,,,,,,,,,,,,,,,,497,,,,,,,,,,,,,,,,,,,,,,,,,,,,,,,,,,,,,,,,,,,,,,,,,,,,,,,,,,,,,,,,,,,,,,,,,,,,,,,,,,,,,,,,,,,,,,,,,,,,,,,,,,,,,,,,,,,,,,,,,,,,,,,,,,,,,,,,,,,,,,,,,,,,,,,,,,,,,,,,
551,PVC,HT,#9,#1,Aromatics,1.182060312356251,1.6530127443651006,27.41593541880811,-0.9587322737890996,-0.18957417399396478,-12.833664989645944,0.5318903114703981,,,,,,,,,,,,,,,,,,,,,,,,,,,,,,,,,,,,,,,,,,,,,,,,,,,,,,498,,,,,,,,,,,,,,,,,,,,,,,,,,,,,,,,,,,,,,,,,,,,,,,,,,,,,,,,,,,,,,,,,,,,,,,,,,,,,,,,,,,,,,,,,,,,,,,,,,,,,,,,,,,,,,,,,,,,,,,,,,,,,,,,,,,,,,,,,,,,,,,,,,,,,,,,,,,,,,,,
552,PVC,HT,#9,#2,Aromatics,1.4037203340858635,1.8922853047149661,37.889747578808105,-1.0538447051263982,-0.2503399134525555,-18.25918540862138,0.5180969371557962,,,,,,,,,,,,,,,,,,,,,,,,,,,,,,,,,,,,,,,,,,,,,,,,,,,,,,499,,,,,,,,,,,,,,,,,,,,,,,,,,,,,,,,,,,,,,,,,,,,,,,,,,,,,,,,,,,,,,,,,,,,,,,,,,,,,,,,,,,,,,,,,,,,,,,,,,,,,,,,,,,,,,,,,,,,,,,,,,,,,,,,,,,,,,,,,,,,,,,,,,,,,,,,,,,,,,,,
553,PVC,HT,#9,#3,Aromatics,1.1735739229082356,1.0311690115507344,25.1095244580515,-0.933425593062447,0.4565312531245929,-9.977068380730993,0.6026580114092207,,,,,,,,,,,,,,,,,,,,,,,,,,,,,,,,,,,,,,,,,,,,,,,,,,,,,,,,,,,,,,,,,,,,,,,,,,,,,,,,,,,,,,,,,,,,,,,,,,,,,,,,,,,,,,,,,,,,,,,,,,,,,,,,,,,,,,,,,,,,,,,,,,,,,,,,,,,,,,,,,,,,,,,,,,,,,,,,,,,,,,,,,,,,,,,,,,,,,,,,,,,,,,,,,,,,,,
554,PVC,HT,#9,#4,Aromatics,1.2819896266886905,2.0938212711005715,32.662685818808114,-1.070836887891097,-0.7124407014394376,-18.21895620346651,0.4422088769878344,,,,,,,,,,,,,,,,,,,,,,,,,,,,,,,,,,,,,,,,,,,,,,,,,,,,,,,,,,,,,,,,,,,,,,,,,,,,,,,,,,,,,,,,,,,,,,,,,,,,,,,,,,,,,,,,,,,,,,,,,,,,,,,,,,,,,,,,,,,,,,,,,,,,,,,,,,,,,,,,,,,,,,,,,,,,,,,,,,,,,,,,,,,,,,,,,,,,,,,,,,,,,,,,,,,,,,
555,PVC,HT,#9,#5,Aromatics,1.4844061535303437,2.3071445754048354,42.13435461880811,-1.1322431999878642,-0.6743706230074313,-22.886115071578633,0.4568300552214312,,,,,,,,,,,,,,,,,,,,,,,,,,,,,,,,,,,,,,,,,,,,,,,,,,,,,,,,,,,,,,,,,,,,,,,,,,,,,,,,,,,,,,,,,,,,,,,,,,,,,,,,,,,,,,,,,,,,,,,,,,,,,,,,,,,,,,,,,,,,,,,,,,,,,,,,,,,,,,,,,,,,,,,,,,,,,,,,,,,,,,,,,,,,,,,,,,,,,,,,,,,,,,,,,,,,,,
556,PVC,HT,#9,#6,Aromatics,1.064843082780712,0.7908825241102946,23.530952126183294,-0.8266978349771706,0.6831763474731961,-8.53565440873329,0.6372584346370107,,,,,,,,,,,,,,,,,,,,,,,,,,,,,,,,,,,,,,,,,,,,,,,,,,,,,,,,,,,,,,,,,,,,,,,,,,,,,,,,,,,,,,,,,,,,,,,,,,,,,,,,,,,,,,,,,,,,,,,,,,,,,,,,,,,,,,,,,,,,,,,,,,,,,,,,,,,,,,,,,,,,,,,,,,,,,,,,,,,,,,,,,,,,,,,,,,,,,,,,,,,,,,,,,,,,,,
557,PVC,HT,#9,#7,Aromatics,1.1437432877453382,1.0765584656292153,27.02151749977087,-0.9022040865444815,0.3988507606773971,-12.338783724540932,0.5433719174119085,,,,,,,,,,,,,,,,,,,,,,,,,,,,,,,,,,,,,,,,,,,,,,,,,,,,,,,,,,,,,,,,,,,,,,,,,,,,,,,,,,,,,,,,,,,,,,,,,,,,,,,,,,,,,,,,,,,,,,,,,,,,,,,,,,,,,,,,,,,,,,,,,,,,,,,,,,,,,,,,,,,,,,,,,,,,,,,,,,,,,,,,,,,,,,,,,,,,,,,,,,,,,,,,,,,,,,
558,PVC,HT,#9,#8,Aromatics,1.2111085500521825,1.230377947749807,28.596478765802875,-0.9669193151384682,0.24332762344428405,-13.988909085873622,0.5108170764506057,,,,,,,,,,,,,,,,,,,,,,,,,,,,,,,,,,,,,,,,,,,,,,,,,,,,,,,,,,,,,,,,,,,,,,,,,,,,,,,,,,,,,,,,,,,,,,,,,,,,,,,,,,,,,,,,,,,,,,,,,,,,,,,,,,,,,,,,,,,,,,,,,,,,,,,,,,,,,,,,,,,,,,,,,,,,,,,,,,,,,,,,,,,,,,,,,,,,,,,,,,,,,,,,,,,,,,
559,PVC,HT,#9,#9,Aromatics,1.1551454514190527,1.081439737700956,28.19731116985719,-0.9123629659287484,0.4101285299335552,-13.324553904024905,0.527453031824226,,,,,,,,,,,,,,,,,,,,,,,,,,,,,,,,,,,,,,,,,,,,,,,,,,,,,,,,,,,,,,,,,,,,,,,,,,,,,,,,,,,,,,,,,,,,,,,,,,,,,,,,,,,,,,,,,,,,,,,,,,,,,,,,,,,,,,,,,,,,,,,,,,,,,,,,,,,,,,,,,,,,,,,,,,,,,,,,,,,,,,,,,,,,,,,,,,,,,,,,,,,,,,,,,,,,,,
560,PVC,HT,#9,#10,Aromatics,1.2190969480829918,1.3181443501945298,30.022590715770868,-0.9763639756145157,0.13772053606725662,-15.462950124276452,0.4849561694836094,,,,,,,,,,,,,,,,,,,,,,,,,,,,,,,,,,,,,,,,,,,,,,,,,,,,,,,,,,,,,,,,,,,,,,,,,,,,,,,,,,,,,,,,,,,,,,,,,,,,,,,,,,,,,,,,,,,,,,,,,,,,,,,,,,,,,,,,,,,,,,,,,,,,,,,,,,,,,,,,,,,,,,,,,,,,,,,,,,,,,,,,,,,,,,,,,,,,,,,,,,,,,,,,,,,,,,
561,PVC,HT,#9,#11,Aromatics,1.2730403821284195,1.5323526634942868,31.653958125802873,-1.0288968931758913,-0.05944596109956682,-17.163994029957824,0.45776152348017063,,,,,,,,,,,,,,,,,,,,,,,,,,,,,,,,,,,,,,,,,,,,,,,,,,,,,,,,,,,,,,,,,,,,,,,,,,,,,,,,,,,,,,,,,,,,,,,,,,,,,,,,,,,,,,,,,,,,,,,,,,,,,,,,,,,,,,,,,,,,,,,,,,,,,,,,,,,,,,,,,,,,,,,,,,,,,,,,,,,,,,,,,,,,,,,,,,,,,,,,,,,,,,,,,,,,,,
562,PVC,LT,#1,#1,GASOLINE_1,0.8759007092014466,1.7301916152707528,29.595082910352236,-0.5887553865701397,-0.40957113911677034,-13.620113130529957,0.5397845928735108,,,,,,,,,,,,,,,,,,,,,,,,,,,,,,,,,,,,,,,,,,,,,,,,,,,,,,,,,,,,,,,,,,,,,,,,,,,,,,,,,,,,,,,,,,,,,,,,,,,,,,,,,,,,,,,,,,,,,,,,,,,,,,,,,,,,,,,,,,,,,,,,,,,,,,,,,,,,,,,,,,,,,,,,,,,,,,,,,,,,,,,,,,,,,,,,,,,,,,,,,,,,,,,,,,,,,,
563,PVC,LT,#1,#2,GASOLINE_1,1.1244153243928168,1.99742933567546,43.01261219035223,-0.6690638884187581,-0.4373136570937091,-20.186189962913648,0.5306913731819005,,,,,,,,,,,,,,,,,,,,,,,,,,,,,,,,,,,,,,,,,,,,,,,,,,,,,,,,,,,,,,,,,,,,,,,,,,,,,,,,,,,,,,,,,,,,,,,,,,,,,,,,,,,,,,,,,,,,,,,,,,,,,,,,,,,,,,,,,,,,,,,,,,,,,,,,,,,,,,,,,,,,,,,,,,,,,,,,,,,,,,,,,,,,,,,,,,,,,,,,,,,,,,,,,,,,,,
564,PVC,LT,#1,#3,GASOLINE_1,0.8506203414852436,0.9546559929840793,27.16236562856319,-0.5423174499647858,0.38217366651191526,-10.816790089303183,0.6017729001509152,,,,,,,,,,,,,,,,,,,,,,,,,,,,,,,,,,,,,,,,,,,,,,,,,,,,,,,,,,,,,,,,,,,,,,,,,,,,,,,,,,,,,,,,,,,,,,,,,,,,,,,,,,,,,,,,,,,,,,,,,,,,,,,,,,,,,,,,,,,,,,,,,,,,,,,,,,,,,,,,,,,,,,,,,,,,,,,,,,,,,,,,,,,,,,,,,,,,,,,,,,,,,,,,,,,,,,
565,PVC,LT,#1,#4,GASOLINE_1,0.9576118539888391,2.272248340441503,35.88671459035223,-0.6874996500807712,-1.028720600880415,-20.783929050396868,0.4208461463344874,,,,,,,,,,,,,,,,,,,,,,,,,,,,,,,,,,,,,,,,,,,,,,,,,,,,,,,,,,,,,,,,,,,,,,,,,,,,,,,,,,,,,,,,,,,,,,,,,,,,,,,,,,,,,,,,,,,,,,,,,,,,,,,,,,,,,,,,,,,,,,,,,,,,,,,,,,,,,,,,,,,,,,,,,,,,,,,,,,,,,,,,,,,,,,,,,,,,,,,,,,,,,,,,,,,,,,
566,PVC,LT,#1,#5,GASOLINE_1,1.047974664004738,2.202367713232629,38.35058979035224,-0.5881818210051413,-0.6503835248056644,-15.837566180089375,0.5870320048096471,,,,,,,,,,,,,,,,,,,,,,,,,,,,,,,,,,,,,,,,,,,,,,,,,,,,,,,,,,,,,,,,,,,,,,,,,,,,,,,,,,,,,,,,,,,,,,,,,,,,,,,,,,,,,,,,,,,,,,,,,,,,,,,,,,,,,,,,,,,,,,,,,,,,,,,,,,,,,,,,,,,,,,,,,,,,,,,,,,,,,,,,,,,,,,,,,,,,,,,,,,,,,,,,,,,,,,
567,PVC,LT,#1,#6,GASOLINE_1,0.7567888545599054,0.6524114764664896,24.953856637896738,-0.4497088337171741,0.6552319347070953,-8.533281352279301,0.6580375740670066,,,,,,,,,,,,,,,,,,,,,,,,,,,,,,,,,,,,,,,,,,,,,,,,,,,,,,,,,,,,,,,,,,,,,,,,,,,,,,,,,,,,,,,,,,,,,,,,,,,,,,,,,,,,,,,,,,,,,,,,,,,,,,,,,,,,,,,,,,,,,,,,,,,,,,,,,,,,,,,,,,,,,,,,,,,,,,,,,,,,,,,,,,,,,,,,,,,,,,,,,,,,,,,,,,,,,,
568,PVC,LT,#1,#7,GASOLINE_1,0.8338045083042644,1.0491429872955307,29.117259774594,-0.5277314123968393,0.2662476675109783,-13.269619194136858,0.5442696429244642,,,,,,,,,,,,,,,,,,,,,,,,,,,,,,,,,,,,,,,,,,,,,,,,,,,,,,,,,,,,,,,,,,,,,,,,,,,,,,,,,,,,,,,,,,,,,,,,,,,,,,,,,,,,,,,,,,,,,,,,,,,,,,,,,,,,,,,,,,,,,,,,,,,,,,,,,,,,,,,,,,,,,,,,,,,,,,,,,,,,,,,,,,,,,,,,,,,,,,,,,,,,,,,,,,,,,,
569,PVC,LT,#1,#8,GASOLINE_1,0.8754113504326915,1.1253146816719375,30.242116080626,-0.5620751077788356,0.17366117943110168,-14.787268192837915,0.5110372517116591,,,,,,,,,,,,,,,,,,,,,,,,,,,,,,,,,,,,,,,,,,,,,,,,,,,,,,,,,,,,,,,,,,,,,,,,,,,,,,,,,,,,,,,,,,,,,,,,,,,,,,,,,,,,,,,,,,,,,,,,,,,,,,,,,,,,,,,,,,,,,,,,,,,,,,,,,,,,,,,,,,,,,,,,,,,,,,,,,,,,,,,,,,,,,,,,,,,,,,,,,,,,,,,,,,,,,,
570,PVC,LT,#1,#9,GASOLINE_1,0.8316588278834786,1.0203856539170184,30.78053111971832,-0.5219124296165415,0.3133947287018916,-14.667442855470275,0.523483113451731,,,,,,,,,,,,,,,,,,,,,,,,,,,,,,,,,,,,,,,,,,,,,,,,,,,,,,,,,,,,,,,,,,,,,,,,,,,,,,,,,,,,,,,,,,,,,,,,,,,,,,,,,,,,,,,,,,,,,,,,,,,,,,,,,,,,,,,,,,,,,,,,,,,,,,,,,,,,,,,,,,,,,,,,,,,,,,,,,,,,,,,,,,,,,,,,,,,,,,,,,,,,,,,,,,,,,,
571,PVC,LT,#1,#10,GASOLINE_1,0.8802342358930964,1.214266417274807,31.672386014594,-0.5713164977054515,0.05182054269808203,-16.07343586185864,0.49250947325369415,,,,,,,,,,,,,,,,,,,,,,,,,,,,,,,,,,,,,,,,,,,,,,,,,,,,,,,,,,,,,,,,,,,,,,,,,,,,,,,,,,,,,,,,,,,,,,,,,,,,,,,,,,,,,,,,,,,,,,,,,,,,,,,,,,,,,,,,,,,,,,,,,,,,,,,,,,,,,,,,,,,,,,,,,,,,,,,,,,,,,,,,,,,,,,,,,,,,,,,,,,,,,,,,,,,,,,
572,PVC,LT,#1,#11,GASOLINE_1,0.8993984614630455,1.3028265487961956,32.147353056626,-0.585088572702133,-0.008554421760810315,-16.708651320961703,0.480247991443332,,,,,,,,,,,,,,,,,,,,,,,,,,,,,,,,,,,,,,,,,,,,,,,,,,,,,,,,,,,,,,,,,,,,,,,,,,,,,,,,,,,,,,,,,,,,,,,,,,,,,,,,,,,,,,,,,,,,,,,,,,,,,,,,,,,,,,,,,,,,,,,,,,,,,,,,,,,,,,,,,,,,,,,,,,,,,,,,,,,,,,,,,,,,,,,,,,,,,,,,,,,,,,,,,,,,,,
573,PVC,LT,#2,#1,GASOLINE_1,0.987234544912948,2.017315129020414,32.6021389508427,-0.7223871239296525,-0.5805435826852697,-16.522858289342462,0.49319710850090165,,,,,,,,,,,,,,,,,,,,,,,,,,,,,,,,,,,,,,,,,,,,,,,,,,,,,,,,,,,,,,,,,,,,,,,,,,,,,,,,,,,,,,,,,,,,,,,,,,,,,,,,,,,,,,,,,,,,,,,,,,,,,,,,,,,,,,,,,,,,,,,,,,,,,,,,,,,,,,,,,,,,,,,,,,,,,,,,,,,,,,,,,,,,,,,,,,,,,,,,,,,,,,,,,,,,,,
574,PVC,LT,#2,#2,FT_1,1.2357491601043185,2.28455284942512,46.0196682308427,-0.8026956257782711,-0.6082861006622079,-23.088935121726152,0.49828114783644206,,,,,,,,,,,,,,,,,,,,,,,,,,,,,,,,,,,,,,,,,,,,,,,,,,,,,,,,,,,,,,,,,,,,,,,,,,,,,,,,,,,,,,,,,,,,,,,,,,,,,,,,,,,,,,,,,,,,,,,,,,,,,,,,,,,,,,,,,,,,,,,,,,,,,,,,,,,,,,,,,,,,,,,,,,,,,,,,,,,,,,,,,,,,,,,,,,,,,,,,,,,,,,,,,,,,,,
575,PVC,LT,#2,#3,GASOLINE_1,0.9619541771967451,1.24177950673374,30.16942166905365,-0.6759491873242988,0.21120122294341565,-13.719535248115683,0.5452503067969472,,,,,,,,,,,,,,,,,,,,,,,,,,,,,,,,,,,,,,,,,,,,,,,,,,,,,,,,,,,,,,,,,,,,,,,,,,,,,,,,,,,,,,,,,,,,,,,,,,,,,,,,,,,,,,,,,,,,,,,,,,,,,,,,,,,,,,,,,,,,,,,,,,,,,,,,,,,,,,,,,,,,,,,,,,,,,,,,,,,,,,,,,,,,,,,,,,,,,,,,,,,,,,,,,,,,,,
576,PVC,LT,#2,#4,GASOLINE_1,1.0689456897003404,2.5593718541911636,38.8937706308427,-0.8211313874402836,-1.1996930444489144,-23.686674209209375,0.3909905410295735,,,,,,,,,,,,,,,,,,,,,,,,,,,,,,,,,,,,,,,,,,,,,,,,,,,,,,,,,,,,,,,,,,,,,,,,,,,,,,,,,,,,,,,,,,,,,,,,,,,,,,,,,,,,,,,,,,,,,,,,,,,,,,,,,,,,,,,,,,,,,,,,,,,,,,,,,,,,,,,,,,,,,,,,,,,,,,,,,,,,,,,,,,,,,,,,,,,,,,,,,,,,,,,,,,,,,,
577,PVC,LT,#2,#5,FT_1,1.1593084997162395,2.48949122698229,41.35764583084269,-0.7218135583646543,-0.8213559683741641,-18.740311338901872,0.546871903310169,,,,,,,,,,,,,,,,,,,,,,,,,,,,,,,,,,,,,,,,,,,,,,,,,,,,,,,,,,,,,,,,,,,,,,,,,,,,,,,,,,,,,,,,,,,,,,,,,,,,,,,,,,,,,,,,,,,,,,,,,,,,,,,,,,,,,,,,,,,,,,,,,,,,,,,,,,,,,,,,,,,,,,,,,,,,,,,,,,,,,,,,,,,,,,,,,,,,,,,,,,,,,,,,,,,,,,
578,PVC,LT,#2,#6,Olefin,0.8681226902714069,0.9395349902161503,27.960912678387206,-0.5833405710766869,0.48425949113859573,-11.436026511091809,0.5909995269957175,,,,,,,,,,,,,,,,,,,,,,,,,,,,,,,,,,,,,,,,,,,,,,,,,,,,,,,,,,,,,,,,,,,,,,,,,,,,,,,,,,,,,,,,,,,,,,,,,,,,,,,,,,,,,,,,,,,,,,,,,,,,,,,,,,,,,,,,,,,,,,,,,,,,,,,,,,,,,,,,,,,,,,,,,,,,,,,,,,,,,,,,,,,,,,,,,,,,,,,,,,,,,,,,,,,,,,
579,PVC,LT,#2,#7,GASOLINE_1,0.9451383440157658,1.3362665010451913,32.12431581508447,-0.661363149756352,0.09527522394247889,-16.172364352949366,0.49656937610620233,,,,,,,,,,,,,,,,,,,,,,,,,,,,,,,,,,,,,,,,,,,,,,,,,,,,,,,,,,,,,,,,,,,,,,,,,,,,,,,,,,,,,,,,,,,,,,,,,,,,,,,,,,,,,,,,,,,,,,,,,,,,,,,,,,,,,,,,,,,,,,,,,,,,,,,,,,,,,,,,,,,,,,,,,,,,,,,,,,,,,,,,,,,,,,,,,,,,,,,,,,,,,,,,,,,,,,
580,PVC,LT,#2,#8,GASOLINE_1,0.9867451861441927,1.4124381954215983,33.249172121116466,-0.6957068451383484,0.0026887358626022937,-17.690013351650418,0.4679562761078332,,,,,,,,,,,,,,,,,,,,,,,,,,,,,,,,,,,,,,,,,,,,,,,,,,,,,,,,,,,,,,,,,,,,,,,,,,,,,,,,,,,,,,,,,,,,,,,,,,,,,,,,,,,,,,,,,,,,,,,,,,,,,,,,,,,,,,,,,,,,,,,,,,,,,,,,,,,,,,,,,,,,,,,,,,,,,,,,,,,,,,,,,,,,,,,,,,,,,,,,,,,,,,,,,,,,,,
581,PVC,LT,#2,#9,GASOLINE_1,0.9429926635949799,1.3075091676666792,33.78758716020878,-0.6555441669760541,0.14242228513339222,-17.57018801428278,0.479980978488604,,,,,,,,,,,,,,,,,,,,,,,,,,,,,,,,,,,,,,,,,,,,,,,,,,,,,,,,,,,,,,,,,,,,,,,,,,,,,,,,,,,,,,,,,,,,,,,,,,,,,,,,,,,,,,,,,,,,,,,,,,,,,,,,,,,,,,,,,,,,,,,,,,,,,,,,,,,,,,,,,,,,,,,,,,,,,,,,,,,,,,,,,,,,,,,,,,,,,,,,,,,,,,,,,,,,,,
582,PVC,LT,#2,#10,GASOLINE_1,0.9915680716045974,1.5013899310244676,34.679442055084465,-0.704948235064964,-0.11915190087041735,-18.976181020671145,0.45281181310444457,,,,,,,,,,,,,,,,,,,,,,,,,,,,,,,,,,,,,,,,,,,,,,,,,,,,,,,,,,,,,,,,,,,,,,,,,,,,,,,,,,,,,,,,,,,,,,,,,,,,,,,,,,,,,,,,,,,,,,,,,,,,,,,,,,,,,,,,,,,,,,,,,,,,,,,,,,,,,,,,,,,,,,,,,,,,,,,,,,,,,,,,,,,,,,,,,,,,,,,,,,,,,,,,,,,,,,
583,PVC,LT,#2,#11,GASOLINE_1,1.010732297174547,1.5899500625458565,35.15440909711647,-0.7187203100616458,-0.17952686532931014,-19.611396479774207,0.4421355106383276,,,,,,,,,,,,,,,,,,,,,,,,,,,,,,,,,,,,,,,,,,,,,,,,,,,,,,,,,,,,,,,,,,,,,,,,,,,,,,,,,,,,,,,,,,,,,,,,,,,,,,,,,,,,,,,,,,,,,,,,,,,,,,,,,,,,,,,,,,,,,,,,,,,,,,,,,,,,,,,,,,,,,,,,,,,,,,,,,,,,,,,,,,,,,,,,,,,,,,,,,,,,,,,,,,,,,,
584,PVC,LT,#3,#1,MeOH_1,1.048865713423335,2.4236679668035594,36.7018492004863,-0.7596171065281031,-1.017303354672504,-20.308268153910088,0.44666907536525424,,,,,,,,,,,,,,,,,,,,,,,,,,,,,,,,,,,,,,,,,,,,,,,,,,,,,,,,,,,,,,,,,,,,,,,,,,,,,,,,,,,,,,,,,,,,,,,,,,,,,,,,,,,,,,,,,,,,,,,,,,,,,,,,,,,,,,,,,,,,,,,,,,,,,,,,,,,,,,,,,,,,,,,,,,,,,,,,,,,,,,,,,,,,,,,,,,,,,,,,,,,,,,,,,,,,,,
585,PVC,LT,#3,#2,MeOH_1,1.2973803286147054,2.690905687208266,50.1193784804863,-0.8399256083767216,-1.0450458726494423,-26.87434498629379,0.46379333102150977,,,,,,,,,,,,,,,,,,,,,,,,,,,,,,,,,,,,,,,,,,,,,,,,,,,,,,,,,,,,,,,,,,,,,,,,,,,,,,,,,,,,,,,,,,,,,,,,,,,,,,,,,,,,,,,,,,,,,,,,,,,,,,,,,,,,,,,,,,,,,,,,,,,,,,,,,,,,,,,,,,,,,,,,,,,,,,,,,,,,,,,,,,,,,,,,,,,,,,,,,,,,,,,,,,,,,,
586,PVC,LT,#3,#3,MeOH_1,1.0235853457071322,1.6481323445168858,34.269131918697255,-0.7131791699227492,-0.22555854904381842,-17.504945112683316,0.48919204740250194,,,,,,,,,,,,,,,,,,,,,,,,,,,,,,,,,,,,,,,,,,,,,,,,,,,,,,,,,,,,,,,,,,,,,,,,,,,,,,,,,,,,,,,,,,,,,,,,,,,,,,,,,,,,,,,,,,,,,,,,,,,,,,,,,,,,,,,,,,,,,,,,,,,,,,,,,,,,,,,,,,,,,,,,,,,,,,,,,,,,,,,,,,,,,,,,,,,,,,,,,,,,,,,,,,,,,,
587,PVC,LT,#3,#4,MeOH_1,1.1305768582107272,2.9657246919743097,42.993480880486295,-0.858361370038734,-1.636452816436149,-27.472084073776998,0.361017449362982,,,,,,,,,,,,,,,,,,,,,,,,,,,,,,,,,,,,,,,,,,,,,,,,,,,,,,,,,,,,,,,,,,,,,,,,,,,,,,,,,,,,,,,,,,,,,,,,,,,,,,,,,,,,,,,,,,,,,,,,,,,,,,,,,,,,,,,,,,,,,,,,,,,,,,,,,,,,,,,,,,,,,,,,,,,,,,,,,,,,,,,,,,,,,,,,,,,,,,,,,,,,,,,,,,,,,,
588,PVC,LT,#3,#5,FT_1,1.2209396682266265,2.895844064765436,45.457356080486285,-0.7590435409631046,-1.258115740361398,-22.5257212034695,0.5044647743351878,,,,,,,,,,,,,,,,,,,,,,,,,,,,,,,,,,,,,,,,,,,,,,,,,,,,,,,,,,,,,,,,,,,,,,,,,,,,,,,,,,,,,,,,,,,,,,,,,,,,,,,,,,,,,,,,,,,,,,,,,,,,,,,,,,,,,,,,,,,,,,,,,,,,,,,,,,,,,,,,,,,,,,,,,,,,,,,,,,,,,,,,,,,,,,,,,,,,,,,,,,,,,,,,,,,,,,
589,PVC,LT,#3,#6,MeOH_1,0.9297538587817943,1.3458878279992963,32.0606229280308,-0.6205705536751378,0.04749971915136143,-15.221436375659435,0.5252295499738642,,,,,,,,,,,,,,,,,,,,,,,,,,,,,,,,,,,,,,,,,,,,,,,,,,,,,,,,,,,,,,,,,,,,,,,,,,,,,,,,,,,,,,,,,,,,,,,,,,,,,,,,,,,,,,,,,,,,,,,,,,,,,,,,,,,,,,,,,,,,,,,,,,,,,,,,,,,,,,,,,,,,,,,,,,,,,,,,,,,,,,,,,,,,,,,,,,,,,,,,,,,,,,,,,,,,,,
590,PVC,LT,#3,#7,MeOH_1,1.006769512526153,1.742619338828337,36.224026064728065,-0.6985931323548028,-0.3414845480447555,-19.957774217516988,0.4490459403420592,,,,,,,,,,,,,,,,,,,,,,,,,,,,,,,,,,,,,,,,,,,,,,,,,,,,,,,,,,,,,,,,,,,,,,,,,,,,,,,,,,,,,,,,,,,,,,,,,,,,,,,,,,,,,,,,,,,,,,,,,,,,,,,,,,,,,,,,,,,,,,,,,,,,,,,,,,,,,,,,,,,,,,,,,,,,,,,,,,,,,,,,,,,,,,,,,,,,,,,,,,,,,,,,,,,,,,
591,PVC,LT,#3,#8,MeOH_1,1.04837635465458,1.8187910332047441,37.348882370760066,-0.732936827736799,-0.43407103612463205,-21.475423216218047,0.42500493045460275,,,,,,,,,,,,,,,,,,,,,,,,,,,,,,,,,,,,,,,,,,,,,,,,,,,,,,,,,,,,,,,,,,,,,,,,,,,,,,,,,,,,,,,,,,,,,,,,,,,,,,,,,,,,,,,,,,,,,,,,,,,,,,,,,,,,,,,,,,,,,,,,,,,,,,,,,,,,,,,,,,,,,,,,,,,,,,,,,,,,,,,,,,,,,,,,,,,,,,,,,,,,,,,,,,,,,,
592,PVC,LT,#3,#9,MeOH_1,1.0046238321053673,1.713862005449825,37.88729740985238,-0.6927741495745051,-0.294337486853842,-21.3555978788504,0.43633884339037077,,,,,,,,,,,,,,,,,,,,,,,,,,,,,,,,,,,,,,,,,,,,,,,,,,,,,,,,,,,,,,,,,,,,,,,,,,,,,,,,,,,,,,,,,,,,,,,,,,,,,,,,,,,,,,,,,,,,,,,,,,,,,,,,,,,,,,,,,,,,,,,,,,,,,,,,,,,,,,,,,,,,,,,,,,,,,,,,,,,,,,,,,,,,,,,,,,,,,,,,,,,,,,,,,,,,,,
593,PVC,LT,#3,#10,MeOH_1,1.0531992401149848,1.9077427688076136,38.779152304728065,-0.742178217663415,-0.5559116728576518,-22.761590885238768,0.41304568221663757,,,,,,,,,,,,,,,,,,,,,,,,,,,,,,,,,,,,,,,,,,,,,,,,,,,,,,,,,,,,,,,,,,,,,,,,,,,,,,,,,,,,,,,,,,,,,,,,,,,,,,,,,,,,,,,,,,,,,,,,,,,,,,,,,,,,,,,,,,,,,,,,,,,,,,,,,,,,,,,,,,,,,,,,,,,,,,,,,,,,,,,,,,,,,,,,,,,,,,,,,,,,,,,,,,,,,,
594,PVC,LT,#3,#11,MeOH_1,1.072363465684934,1.9963029003290025,39.25411934676007,-0.7559502926600962,-0.6162866373165443,-23.396806344341837,0.4039655777866038,,,,,,,,,,,,,,,,,,,,,,,,,,,,,,,,,,,,,,,,,,,,,,,,,,,,,,,,,,,,,,,,,,,,,,,,,,,,,,,,,,,,,,,,,,,,,,,,,,,,,,,,,,,,,,,,,,,,,,,,,,,,,,,,,,,,,,,,,,,,,,,,,,,,,,,,,,,,,,,,,,,,,,,,,,,,,,,,,,,,,,,,,,,,,,,,,,,,,,,,,,,,,,,,,,,,,,
595,PVC,LT,#4,#1,GASOLINE_1,1.1073664004756882,2.558700029673956,37.94918054651829,-0.8032575356324321,-1.1167689840521449,-22.209069029342093,0.4147681528427707,,,,,,,,,,,,,,,,,,,,,,,,,,,,,,,,,,,,,,,,,,,,,,,,,,,,,,,,,,,,,,,,,,,,,,,,,,,,,,,,,,,,,,,,,,,,,,,,,,,,,,,,,,,,,,,,,,,,,,,,,,,,,,,,,,,,,,,,,,,,,,,,,,,,,,,,,,,,,,,,,,,,,,,,,,,,,,,,,,,,,,,,,,,,,,,,,,,,,,,,,,,,,,,,,,,,,,
596,PVC,LT,#4,#2,FT_1,1.3558810156670582,2.8259377500786633,51.366709826518296,-0.8835660374810504,-1.1445115020290837,-28.77514586172579,0.43980944158369106,,,,,,,,,,,,,,,,,,,,,,,,,,,,,,,,,,,,,,,,,,,,,,,,,,,,,,,,,,,,,,,,,,,,,,,,,,,,,,,,,,,,,,,,,,,,,,,,,,,,,,,,,,,,,,,,,,,,,,,,,,,,,,,,,,,,,,,,,,,,,,,,,,,,,,,,,,,,,,,,,,,,,,,,,,,,,,,,,,,,,,,,,,,,,,,,,,,,,,,,,,,,,,,,,,,,,,
597,PVC,LT,#4,#3,GASOLINE_1,1.082086032759485,1.7831644073872823,35.51646326472925,-0.7568195990270782,-0.3250241784234594,-19.40574598811532,0.45361265722122696,,,,,,,,,,,,,,,,,,,,,,,,,,,,,,,,,,,,,,,,,,,,,,,,,,,,,,,,,,,,,,,,,,,,,,,,,,,,,,,,,,,,,,,,,,,,,,,,,,,,,,,,,,,,,,,,,,,,,,,,,,,,,,,,,,,,,,,,,,,,,,,,,,,,,,,,,,,,,,,,,,,,,,,,,,,,,,,,,,,,,,,,,,,,,,,,,,,,,,,,,,,,,,,,,,,,,,
598,PVC,LT,#4,#4,GASOLINE_1,1.1890775452630804,3.100756754844707,44.24081222651829,-0.9020017991430631,-1.7359184458157904,-29.372884949209002,0.3360681354850292,,,,,,,,,,,,,,,,,,,,,,,,,,,,,,,,,,,,,,,,,,,,,,,,,,,,,,,,,,,,,,,,,,,,,,,,,,,,,,,,,,,,,,,,,,,,,,,,,,,,,,,,,,,,,,,,,,,,,,,,,,,,,,,,,,,,,,,,,,,,,,,,,,,,,,,,,,,,,,,,,,,,,,,,,,,,,,,,,,,,,,,,,,,,,,,,,,,,,,,,,,,,,,,,,,,,,,
599,PVC,LT,#4,#5,FT_1,1.2794403552789795,3.0308761276358323,46.7046874265183,-0.8026839700674335,-1.3575813697410393,-24.426522078901517,0.4770006304542258,,,,,,,,,,,,,,,,,,,,,,,,,,,,,,,,,,,,,,,,,,,,,,,,,,,,,,,,,,,,,,,,,,,,,,,,,,,,,,,,,,,,,,,,,,,,,,,,,,,,,,,,,,,,,,,,,,,,,,,,,,,,,,,,,,,,,,,,,,,,,,,,,,,,,,,,,,,,,,,,,,,,,,,,,,,,,,,,,,,,,,,,,,,,,,,,,,,,,,,,,,,,,,,,,,,,,,
600,PVC,LT,#4,#6,GASOLINE_1,0.9882545458341471,1.4809198908696928,33.30795427406281,-0.6642109827794667,-0.05196591022827983,-17.12223725109145,0.4859414928275952,,,,,,,,,,,,,,,,,,,,,,,,,,,,,,,,,,,,,,,,,,,,,,,,,,,,,,,,,,,,,,,,,,,,,,,,,,,,,,,,,,,,,,,,,,,,,,,,,,,,,,,,,,,,,,,,,,,,,,,,,,,,,,,,,,,,,,,,,,,,,,,,,,,,,,,,,,,,,,,,,,,,,,,,,,,,,,,,,,,,,,,,,,,,,,,,,,,,,,,,,,,,,,,,,,,,,,
601,PVC,LT,#4,#7,GASOLINE_1,1.0652701995785057,1.8776514016987336,37.47135741076007,-0.7422335614591312,-0.4409501774243963,-21.858575092949003,0.41665910702577813,,,,,,,,,,,,,,,,,,,,,,,,,,,,,,,,,,,,,,,,,,,,,,,,,,,,,,,,,,,,,,,,,,,,,,,,,,,,,,,,,,,,,,,,,,,,,,,,,,,,,,,,,,,,,,,,,,,,,,,,,,,,,,,,,,,,,,,,,,,,,,,,,,,,,,,,,,,,,,,,,,,,,,,,,,,,,,,,,,,,,,,,,,,,,,,,,,,,,,,,,,,,,,,,,,,,,,
602,PVC,LT,#4,#8,GASOLINE_1,1.1068770417069327,1.9538230960751408,38.59621371679207,-0.7765772568411279,-0.5335366655042731,-23.376224091650055,0.3943389301557382,,,,,,,,,,,,,,,,,,,,,,,,,,,,,,,,,,,,,,,,,,,,,,,,,,,,,,,,,,,,,,,,,,,,,,,,,,,,,,,,,,,,,,,,,,,,,,,,,,,,,,,,,,,,,,,,,,,,,,,,,,,,,,,,,,,,,,,,,,,,,,,,,,,,,,,,,,,,,,,,,,,,,,,,,,,,,,,,,,,,,,,,,,,,,,,,,,,,,,,,,,,,,,,,,,,,,,
603,PVC,LT,#4,#9,GASOLINE_1,1.0631245191577203,1.8488940683202215,39.134628755884385,-0.736414578678834,-0.39380311623348324,-23.25639875428242,0.4057335026901073,,,,,,,,,,,,,,,,,,,,,,,,,,,,,,,,,,,,,,,,,,,,,,,,,,,,,,,,,,,,,,,,,,,,,,,,,,,,,,,,,,,,,,,,,,,,,,,,,,,,,,,,,,,,,,,,,,,,,,,,,,,,,,,,,,,,,,,,,,,,,,,,,,,,,,,,,,,,,,,,,,,,,,,,,,,,,,,,,,,,,,,,,,,,,,,,,,,,,,,,,,,,,,,,,,,,,,
604,PVC,LT,#4,#10,GASOLINE_1,1.1116999271673382,2.04277483167801,40.02648365076007,-0.7858186467677442,-0.6553773022372925,-24.662391760670786,0.3838481547403561,,,,,,,,,,,,,,,,,,,,,,,,,,,,,,,,,,,,,,,,,,,,,,,,,,,,,,,,,,,,,,,,,,,,,,,,,,,,,,,,,,,,,,,,,,,,,,,,,,,,,,,,,,,,,,,,,,,,,,,,,,,,,,,,,,,,,,,,,,,,,,,,,,,,,,,,,,,,,,,,,,,,,,,,,,,,,,,,,,,,,,,,,,,,,,,,,,,,,,,,,,,,,,,,,,,,,,
605,PVC,LT,#4,#11,GASOLINE_1,1.130864152737287,2.1313349631993987,40.50145069279207,-0.7995907217644254,-0.7157522666961855,-25.297607219773845,0.37539009622991126,,,,,,,,,,,,,,,,,,,,,,,,,,,,,,,,,,,,,,,,,,,,,,,,,,,,,,,,,,,,,,,,,,,,,,,,,,,,,,,,,,,,,,,,,,,,,,,,,,,,,,,,,,,,,,,,,,,,,,,,,,,,,,,,,,,,,,,,,,,,,,,,,,,,,,,,,,,,,,,,,,,,,,,,,,,,,,,,,,,,,,,,,,,,,,,,,,,,,,,,,,,,,,,,,,,,,,
606,PVC,LT,#5,#1,GASOLINE_1,1.0606352079707508,2.3368500048414726,36.375845126038406,-0.7724227929672625,-0.8078804345052052,-18.903980215057366,0.48031502362193645,,,,,,,,,,,,,,,,,,,,,,,,,,,,,,,,,,,,,,,,,,,,,,,,,,,,,,,,,,,,,,,,,,,,,,,,,,,,,,,,,,,,,,,,,,,,,,,,,,,,,,,,,,,,,,,,,,,,,,,,,,,,,,,,,,,,,,,,,,,,,,,,,,,,,,,,,,,,,,,,,,,,,,,,,,,,,,,,,,,,,,,,,,,,,,,,,,,,,,,,,,,,,,,,,,,,,,
607,PVC,LT,#5,#2,FT_1,1.3091498231621208,2.60408772524618,49.79337440603841,-0.8527312948158805,-0.8356229524821439,-25.470057047441063,0.48848501730880234,,,,,,,,,,,,,,,,,,,,,,,,,,,,,,,,,,,,,,,,,,,,,,,,,,,,,,,,,,,,,,,,,,,,,,,,,,,,,,,,,,,,,,,,,,,,,,,,,,,,,,,,,,,,,,,,,,,,,,,,,,,,,,,,,,,,,,,,,,,,,,,,,,,,,,,,,,,,,,,,,,,,,,,,,,,,,,,,,,,,,,,,,,,,,,,,,,,,,,,,,,,,,,,,,,,,,,
608,PVC,LT,#5,#3,GASOLINE_1,1.0353548402545476,1.5613143825547997,33.94312784424936,-0.7259848563619085,-0.0161356288765201,-16.100657173830594,0.5256578224697002,,,,,,,,,,,,,,,,,,,,,,,,,,,,,,,,,,,,,,,,,,,,,,,,,,,,,,,,,,,,,,,,,,,,,,,,,,,,,,,,,,,,,,,,,,,,,,,,,,,,,,,,,,,,,,,,,,,,,,,,,,,,,,,,,,,,,,,,,,,,,,,,,,,,,,,,,,,,,,,,,,,,,,,,,,,,,,,,,,,,,,,,,,,,,,,,,,,,,,,,,,,,,,,,,,,,,,
609,PVC,LT,#5,#4,GASOLINE_1,1.1423463527581426,2.8789067300122233,42.6674768060384,-0.8711670564778933,-1.4270298962688506,-26.067796134924283,0.38904762863232856,,,,,,,,,,,,,,,,,,,,,,,,,,,,,,,,,,,,,,,,,,,,,,,,,,,,,,,,,,,,,,,,,,,,,,,,,,,,,,,,,,,,,,,,,,,,,,,,,,,,,,,,,,,,,,,,,,,,,,,,,,,,,,,,,,,,,,,,,,,,,,,,,,,,,,,,,,,,,,,,,,,,,,,,,,,,,,,,,,,,,,,,,,,,,,,,,,,,,,,,,,,,,,,,,,,,,,
610,PVC,LT,#5,#5,FT_1,1.232709162774042,2.8090261028033496,45.131352006038405,-0.7718492274022637,-1.0486928201940995,-21.121433264616787,0.5320008746515987,,,,,,,,,,,,,,,,,,,,,,,,,,,,,,,,,,,,,,,,,,,,,,,,,,,,,,,,,,,,,,,,,,,,,,,,,,,,,,,,,,,,,,,,,,,,,,,,,,,,,,,,,,,,,,,,,,,,,,,,,,,,,,,,,,,,,,,,,,,,,,,,,,,,,,,,,,,,,,,,,,,,,,,,,,,,,,,,,,,,,,,,,,,,,,,,,,,,,,,,,,,,,,,,,,,,,,
611,PVC,LT,#5,#6,GASOLINE_1,0.9415233533292093,1.2590698660372097,31.734618853582912,-0.6333762401142967,0.2569226393186599,-13.817148436806717,0.5646032964644625,,,,,,,,,,,,,,,,,,,,,,,,,,,,,,,,,,,,,,,,,,,,,,,,,,,,,,,,,,,,,,,,,,,,,,,,,,,,,,,,,,,,,,,,,,,,,,,,,,,,,,,,,,,,,,,,,,,,,,,,,,,,,,,,,,,,,,,,,,,,,,,,,,,,,,,,,,,,,,,,,,,,,,,,,,,,,,,,,,,,,,,,,,,,,,,,,,,,,,,,,,,,,,,,,,,,,,
612,PVC,LT,#5,#7,GASOLINE_1,1.018539007073568,1.6558013768662507,35.89802199028018,-0.7113988187939616,-0.13206162787745684,-18.553486278664277,0.4831613205962196,,,,,,,,,,,,,,,,,,,,,,,,,,,,,,,,,,,,,,,,,,,,,,,,,,,,,,,,,,,,,,,,,,,,,,,,,,,,,,,,,,,,,,,,,,,,,,,,,,,,,,,,,,,,,,,,,,,,,,,,,,,,,,,,,,,,,,,,,,,,,,,,,,,,,,,,,,,,,,,,,,,,,,,,,,,,,,,,,,,,,,,,,,,,,,,,,,,,,,,,,,,,,,,,,,,,,,
613,PVC,LT,#5,#8,GASOLINE_1,1.0601458492019955,1.731973071242658,37.022878296312186,-0.7457425141759584,-0.22464811595733358,-20.071135277365332,0.45787209960483805,,,,,,,,,,,,,,,,,,,,,,,,,,,,,,,,,,,,,,,,,,,,,,,,,,,,,,,,,,,,,,,,,,,,,,,,,,,,,,,,,,,,,,,,,,,,,,,,,,,,,,,,,,,,,,,,,,,,,,,,,,,,,,,,,,,,,,,,,,,,,,,,,,,,,,,,,,,,,,,,,,,,,,,,,,,,,,,,,,,,,,,,,,,,,,,,,,,,,,,,,,,,,,,,,,,,,,
614,PVC,LT,#5,#9,GASOLINE_1,1.016393326652783,1.6270440434877387,37.561293335404486,-0.7055798360136645,-0.08491456668654368,-19.95130993999768,0.4688332544398306,,,,,,,,,,,,,,,,,,,,,,,,,,,,,,,,,,,,,,,,,,,,,,,,,,,,,,,,,,,,,,,,,,,,,,,,,,,,,,,,,,,,,,,,,,,,,,,,,,,,,,,,,,,,,,,,,,,,,,,,,,,,,,,,,,,,,,,,,,,,,,,,,,,,,,,,,,,,,,,,,,,,,,,,,,,,,,,,,,,,,,,,,,,,,,,,,,,,,,,,,,,,,,,,,,,,,,
615,PVC,LT,#5,#10,GASOLINE_1,1.0649687346624004,1.8209248068455273,38.45314823028018,-0.7549839041025741,-0.3464887526903534,-21.35730294638605,0.4445889626907555,,,,,,,,,,,,,,,,,,,,,,,,,,,,,,,,,,,,,,,,,,,,,,,,,,,,,,,,,,,,,,,,,,,,,,,,,,,,,,,,,,,,,,,,,,,,,,,,,,,,,,,,,,,,,,,,,,,,,,,,,,,,,,,,,,,,,,,,,,,,,,,,,,,,,,,,,,,,,,,,,,,,,,,,,,,,,,,,,,,,,,,,,,,,,,,,,,,,,,,,,,,,,,,,,,,,,,
616,PVC,LT,#5,#11,GASOLINE_1,1.0841329602323495,1.9094849383669157,38.92811527231218,-0.7687559790992557,-0.40686371714924546,-21.992518405489125,0.43504795308876887,,,,,,,,,,,,,,,,,,,,,,,,,,,,,,,,,,,,,,,,,,,,,,,,,,,,,,,,,,,,,,,,,,,,,,,,,,,,,,,,,,,,,,,,,,,,,,,,,,,,,,,,,,,,,,,,,,,,,,,,,,,,,,,,,,,,,,,,,,,,,,,,,,,,,,,,,,,,,,,,,,,,,,,,,,,,,,,,,,,,,,,,,,,,,,,,,,,,,,,,,,,,,,,,,,,,,,
617,PVC,LT,#6,#1,MeOH_1,1.1773900978428888,3.039622659537392,45.1109858404863,-0.7975879163238366,-1.4026043269248263,-22.943408521191955,0.49140086181400505,,,,,,,,,,,,,,,,,,,,,,,,,,,,,,,,,,,,,,,,,,,,,,,,,,,,,,,,,,,,,,,,,,,,,,,,,,,,,,,,,,,,,,,,,,,,,,,,,,,,,,,,,,,,,,,,,,,,,,,,,,,,,,,,,,,,,,,,,,,,,,,,,,,,,,,,,,,,,,,,,,,,,,,,,,,,,,,,,,,,,,,,,,,,,,,,,,,,,,,,,,,,,,,,,,,,,,
618,PVC,LT,#6,#2,MeOH_1,1.4259047130342588,3.306860379942098,58.528515120486276,-0.8778964181724547,-1.4303468449017644,-29.50948535357563,0.49581011421821203,,,,,,,,,,,,,,,,,,,,,,,,,,,,,,,,,,,,,,,,,,,,,,,,,,,,,,,,,,,,,,,,,,,,,,,,,,,,,,,,,,,,,,,,,,,,,,,,,,,,,,,,,,,,,,,,,,,,,,,,,,,,,,,,,,,,,,,,,,,,,,,,,,,,,,,,,,,,,,,,,,,,,,,,,,,,,,,,,,,,,,,,,,,,,,,,,,,,,,,,,,,,,,,,,,,,,,
619,PVC,LT,#6,#3,MeOH_1,1.1521097301266856,2.264087037250718,42.678268558697255,-0.7511499797184823,-0.6108595212961409,-20.140085479965173,0.5280950666434453,,,,,,,,,,,,,,,,,,,,,,,,,,,,,,,,,,,,,,,,,,,,,,,,,,,,,,,,,,,,,,,,,,,,,,,,,,,,,,,,,,,,,,,,,,,,,,,,,,,,,,,,,,,,,,,,,,,,,,,,,,,,,,,,,,,,,,,,,,,,,,,,,,,,,,,,,,,,,,,,,,,,,,,,,,,,,,,,,,,,,,,,,,,,,,,,,,,,,,,,,,,,,,,,,,,,,,
620,PVC,LT,#6,#4,MeOH_1,1.2591012426302808,3.5816793847081416,51.40261752048629,-0.8963321798344674,-2.0217537886884713,-30.10722444105886,0.4142861610294503,,,,,,,,,,,,,,,,,,,,,,,,,,,,,,,,,,,,,,,,,,,,,,,,,,,,,,,,,,,,,,,,,,,,,,,,,,,,,,,,,,,,,,,,,,,,,,,,,,,,,,,,,,,,,,,,,,,,,,,,,,,,,,,,,,,,,,,,,,,,,,,,,,,,,,,,,,,,,,,,,,,,,,,,,,,,,,,,,,,,,,,,,,,,,,,,,,,,,,,,,,,,,,,,,,,,,,
621,PVC,LT,#6,#5,MeOH_1,1.3494640526461803,3.511798757499269,53.8664927204863,-0.7970143507588383,-1.643416712613721,-25.160861570751372,0.5329032892245036,,,,,,,,,,,,,,,,,,,,,,,,,,,,,,,,,,,,,,,,,,,,,,,,,,,,,,,,,,,,,,,,,,,,,,,,,,,,,,,,,,,,,,,,,,,,,,,,,,,,,,,,,,,,,,,,,,,,,,,,,,,,,,,,,,,,,,,,,,,,,,,,,,,,,,,,,,,,,,,,,,,,,,,,,,,,,,,,,,,,,,,,,,,,,,,,,,,,,,,,,,,,,,,,,,,,,,
622,PVC,LT,#6,#6,MeOH_1,1.0582782432013478,1.9618425207331285,40.4697595680308,-0.6585413634708711,-0.337801253100961,-17.8565767429413,0.5587674121729364,,,,,,,,,,,,,,,,,,,,,,,,,,,,,,,,,,,,,,,,,,,,,,,,,,,,,,,,,,,,,,,,,,,,,,,,,,,,,,,,,,,,,,,,,,,,,,,,,,,,,,,,,,,,,,,,,,,,,,,,,,,,,,,,,,,,,,,,,,,,,,,,,,,,,,,,,,,,,,,,,,,,,,,,,,,,,,,,,,,,,,,,,,,,,,,,,,,,,,,,,,,,,,,,,,,,,,
623,PVC,LT,#6,#7,MeOH_1,1.1352938969457065,2.3585740315621697,44.63316270472807,-0.7365639421505359,-0.7267855202970782,-22.592914584798862,0.49380879113893594,,,,,,,,,,,,,,,,,,,,,,,,,,,,,,,,,,,,,,,,,,,,,,,,,,,,,,,,,,,,,,,,,,,,,,,,,,,,,,,,,,,,,,,,,,,,,,,,,,,,,,,,,,,,,,,,,,,,,,,,,,,,,,,,,,,,,,,,,,,,,,,,,,,,,,,,,,,,,,,,,,,,,,,,,,,,,,,,,,,,,,,,,,,,,,,,,,,,,,,,,,,,,,,,,,,,,,
624,PVC,LT,#6,#8,MeOH_1,1.1769007390741337,2.4347457259385767,45.758019010760066,-0.7709076375325323,-0.8193720083769548,-24.110563583499907,0.4730855027218229,,,,,,,,,,,,,,,,,,,,,,,,,,,,,,,,,,,,,,,,,,,,,,,,,,,,,,,,,,,,,,,,,,,,,,,,,,,,,,,,,,,,,,,,,,,,,,,,,,,,,,,,,,,,,,,,,,,,,,,,,,,,,,,,,,,,,,,,,,,,,,,,,,,,,,,,,,,,,,,,,,,,,,,,,,,,,,,,,,,,,,,,,,,,,,,,,,,,,,,,,,,,,,,,,,,,,,
625,PVC,LT,#6,#9,MeOH_1,1.1331482165249207,2.3298166981836577,46.29643404985238,-0.7307449593702382,-0.6796384591061648,-23.990738246132263,0.48180159577087855,,,,,,,,,,,,,,,,,,,,,,,,,,,,,,,,,,,,,,,,,,,,,,,,,,,,,,,,,,,,,,,,,,,,,,,,,,,,,,,,,,,,,,,,,,,,,,,,,,,,,,,,,,,,,,,,,,,,,,,,,,,,,,,,,,,,,,,,,,,,,,,,,,,,,,,,,,,,,,,,,,,,,,,,,,,,,,,,,,,,,,,,,,,,,,,,,,,,,,,,,,,,,,,,,,,,,,
626,PVC,LT,#6,#10,MeOH_1,1.1817236245345384,2.5236974615414463,47.18828894472807,-0.7801490274591482,-0.9412126451099745,-25.39673125252063,0.4618001241310533,,,,,,,,,,,,,,,,,,,,,,,,,,,,,,,,,,,,,,,,,,,,,,,,,,,,,,,,,,,,,,,,,,,,,,,,,,,,,,,,,,,,,,,,,,,,,,,,,,,,,,,,,,,,,,,,,,,,,,,,,,,,,,,,,,,,,,,,,,,,,,,,,,,,,,,,,,,,,,,,,,,,,,,,,,,,,,,,,,,,,,,,,,,,,,,,,,,,,,,,,,,,,,,,,,,,,,
627,PVC,LT,#6,#11,MeOH_1,1.2008878501044875,2.612257593062835,47.66325598676007,-0.7939211024558298,-1.0015876095688672,-26.031946711623707,0.45383616430117835,,,,,,,,,,,,,,,,,,,,,,,,,,,,,,,,,,,,,,,,,,,,,,,,,,,,,,,,,,,,,,,,,,,,,,,,,,,,,,,,,,,,,,,,,,,,,,,,,,,,,,,,,,,,,,,,,,,,,,,,,,,,,,,,,,,,,,,,,,,,,,,,,,,,,,,,,,,,,,,,,,,,,,,,,,,,,,,,,,,,,,,,,,,,,,,,,,,,,,,,,,,,,,,,,,,,,,
628,PVC,LT,#7,#1,GASOLINE_1,1.1975179723059923,3.2810712937415403,45.4008796004863,-0.8908456961910878,-1.8396176890249956,-29.482422526869616,0.3506200147154456,,,,,,,,,,,,,,,,,,,,,,,,,,,,,,,,,,,,,,,,,,,,,,,,,,,,,,,,,,,,,,,,,,,,,,,,,,,,,,,,,,,,,,,,,,,,,,,,,,,,,,,,,,,,,,,,,,,,,,,,,,,,,,,,,,,,,,,,,,,,,,,,,,,,,,,,,,,,,,,,,,,,,,,,,,,,,,,,,,,,,,,,,,,,,,,,,,,,,,,,,,,,,,,,,,,,,,
629,PVC,LT,#7,#2,FT_1,1.4460325874973627,3.5483090141462474,58.81840888048629,-0.9711541980397064,-1.8673602070019346,-36.04849935925331,0.38712216047019204,,,,,,,,,,,,,,,,,,,,,,,,,,,,,,,,,,,,,,,,,,,,,,,,,,,,,,,,,,,,,,,,,,,,,,,,,,,,,,,,,,,,,,,,,,,,,,,,,,,,,,,,,,,,,,,,,,,,,,,,,,,,,,,,,,,,,,,,,,,,,,,,,,,,,,,,,,,,,,,,,,,,,,,,,,,,,,,,,,,,,,,,,,,,,,,,,,,,,,,,,,,,,,,,,,,,,,
630,PVC,LT,#7,#3,GASOLINE_1,1.1722376045897898,2.5055356714548673,42.968162318697246,-0.8444077595857343,-1.0478728833963105,-26.679099485642833,0.37909610171916425,,,,,,,,,,,,,,,,,,,,,,,,,,,,,,,,,,,,,,,,,,,,,,,,,,,,,,,,,,,,,,,,,,,,,,,,,,,,,,,,,,,,,,,,,,,,,,,,,,,,,,,,,,,,,,,,,,,,,,,,,,,,,,,,,,,,,,,,,,,,,,,,,,,,,,,,,,,,,,,,,,,,,,,,,,,,,,,,,,,,,,,,,,,,,,,,,,,,,,,,,,,,,,,,,,,,,,
631,PVC,LT,#7,#4,GASOLINE_1,1.279229117093385,3.823128018912291,51.692511280486286,-0.9895899597017193,-2.458767150788641,-36.64623844673652,0.2910725840365521,,,,,,,,,,,,,,,,,,,,,,,,,,,,,,,,,,,,,,,,,,,,,,,,,,,,,,,,,,,,,,,,,,,,,,,,,,,,,,,,,,,,,,,,,,,,,,,,,,,,,,,,,,,,,,,,,,,,,,,,,,,,,,,,,,,,,,,,,,,,,,,,,,,,,,,,,,,,,,,,,,,,,,,,,,,,,,,,,,,,,,,,,,,,,,,,,,,,,,,,,,,,,,,,,,,,,,
632,PVC,LT,#7,#5,FT_1,1.3695919271092838,3.753247391703417,54.1563864804863,-0.8902721306260895,-2.0804300747138895,-31.699875576429037,0.4146604373640923,,,,,,,,,,,,,,,,,,,,,,,,,,,,,,,,,,,,,,,,,,,,,,,,,,,,,,,,,,,,,,,,,,,,,,,,,,,,,,,,,,,,,,,,,,,,,,,,,,,,,,,,,,,,,,,,,,,,,,,,,,,,,,,,,,,,,,,,,,,,,,,,,,,,,,,,,,,,,,,,,,,,,,,,,,,,,,,,,,,,,,,,,,,,,,,,,,,,,,,,,,,,,,,,,,,,,,
633,PVC,LT,#7,#6,GASOLINE_1,1.0784061176644515,2.203291154937278,40.75965332803081,-0.7517991433381227,-0.7748146152011308,-24.39559074861896,0.40147698135985166,,,,,,,,,,,,,,,,,,,,,,,,,,,,,,,,,,,,,,,,,,,,,,,,,,,,,,,,,,,,,,,,,,,,,,,,,,,,,,,,,,,,,,,,,,,,,,,,,,,,,,,,,,,,,,,,,,,,,,,,,,,,,,,,,,,,,,,,,,,,,,,,,,,,,,,,,,,,,,,,,,,,,,,,,,,,,,,,,,,,,,,,,,,,,,,,,,,,,,,,,,,,,,,,,,,,,,
634,PVC,LT,#7,#7,GASOLINE_1,1.1554217714088104,2.6000226657663186,44.92305646472806,-0.8298217220177876,-1.1637988823972476,-29.131928590476512,0.35151499290014165,,,,,,,,,,,,,,,,,,,,,,,,,,,,,,,,,,,,,,,,,,,,,,,,,,,,,,,,,,,,,,,,,,,,,,,,,,,,,,,,,,,,,,,,,,,,,,,,,,,,,,,,,,,,,,,,,,,,,,,,,,,,,,,,,,,,,,,,,,,,,,,,,,,,,,,,,,,,,,,,,,,,,,,,,,,,,,,,,,,,,,,,,,,,,,,,,,,,,,,,,,,,,,,,,,,,,,
635,PVC,LT,#7,#8,GASOLINE_1,1.1970286135372374,2.6761943601427256,46.04791277076006,-0.864165417399784,-1.2563853704771244,-30.64957758917757,0.33439811394361985,,,,,,,,,,,,,,,,,,,,,,,,,,,,,,,,,,,,,,,,,,,,,,,,,,,,,,,,,,,,,,,,,,,,,,,,,,,,,,,,,,,,,,,,,,,,,,,,,,,,,,,,,,,,,,,,,,,,,,,,,,,,,,,,,,,,,,,,,,,,,,,,,,,,,,,,,,,,,,,,,,,,,,,,,,,,,,,,,,,,,,,,,,,,,,,,,,,,,,,,,,,,,,,,,,,,,,
636,PVC,LT,#7,#9,GASOLINE_1,1.1532760909880246,2.571265332387806,46.58632780985238,-0.8240027392374899,-1.1166518212063339,-30.529752251809935,0.3446628294803416,,,,,,,,,,,,,,,,,,,,,,,,,,,,,,,,,,,,,,,,,,,,,,,,,,,,,,,,,,,,,,,,,,,,,,,,,,,,,,,,,,,,,,,,,,,,,,,,,,,,,,,,,,,,,,,,,,,,,,,,,,,,,,,,,,,,,,,,,,,,,,,,,,,,,,,,,,,,,,,,,,,,,,,,,,,,,,,,,,,,,,,,,,,,,,,,,,,,,,,,,,,,,,,,,,,,,,
637,PVC,LT,#7,#10,GASOLINE_1,1.2018514989976423,2.7651460957455947,47.47818270472807,-0.8734068073263999,-1.378226007210143,-31.935745258198303,0.3273595694087505,,,,,,,,,,,,,,,,,,,,,,,,,,,,,,,,,,,,,,,,,,,,,,,,,,,,,,,,,,,,,,,,,,,,,,,,,,,,,,,,,,,,,,,,,,,,,,,,,,,,,,,,,,,,,,,,,,,,,,,,,,,,,,,,,,,,,,,,,,,,,,,,,,,,,,,,,,,,,,,,,,,,,,,,,,,,,,,,,,,,,,,,,,,,,,,,,,,,,,,,,,,,,,,,,,,,,,
638,PVC,LT,#7,#11,GASOLINE_1,1.2210157245675914,2.8537062272669833,47.953149746760076,-0.8871788823230812,-1.4386009716690362,-32.57096071730137,0.3207753632595947,,,,,,,,,,,,,,,,,,,,,,,,,,,,,,,,,,,,,,,,,,,,,,,,,,,,,,,,,,,,,,,,,,,,,,,,,,,,,,,,,,,,,,,,,,,,,,,,,,,,,,,,,,,,,,,,,,,,,,,,,,,,,,,,,,,,,,,,,,,,,,,,,,,,,,,,,,,,,,,,,,,,,,,,,,,,,,,,,,,,,,,,,,,,,,,,,,,,,,,,,,,,,,,,,,,,,,
639,PVC,LT,#8,#1,Aromatics,1.088810834548891,1.584597583484256,26.60212767423976,-0.8779285362822957,-0.19324862151718705,-11.905363041849085,0.5524657580913095,,,,,,,,,,,,,,,,,,,,,,,,,,,,,,,,,,,,,,,,,,,,,,,,,,,,,,,,,,,,,,,,,,,,,,,,,,,,,,,,,,,,,,,,,,,,,,,,,,,,,,,,,,,,,,,,,,,,,,,,,,,,,,,,,,,,,,,,,,,,,,,,,,,,,,,,,,,,,,,,,,,,,,,,,,,,,,,,,,,,,,,,,,,,,,,,,,,,,,,,,,,,,,,,,,,,,,
640,PVC,LT,#8,#2,FT_1,1.3373254497402614,1.8518353038889634,40.01965695423976,-0.9582370381309143,-0.22099113949412613,-18.47143987423278,0.5384408243340556,,,,,,,,,,,,,,,,,,,,,,,,,,,,,,,,,,,,,,,,,,,,,,,,,,,,,,,,,,,,,,,,,,,,,,,,,,,,,,,,,,,,,,,,,,,,,,,,,,,,,,,,,,,,,,,,,,,,,,,,,,,,,,,,,,,,,,,,,,,,,,,,,,,,,,,,,,,,,,,,,,,,,,,,,,,,,,,,,,,,,,,,,,,,,,,,,,,,,,,,,,,,,,,,,,,,,,
641,PVC,LT,#8,#3,Aromatics,1.063530466832688,0.8090619611975827,24.169410392450715,-0.8314905996769419,0.5984961841114981,-9.102040000622313,0.6234066180006888,,,,,,,,,,,,,,,,,,,,,,,,,,,,,,,,,,,,,,,,,,,,,,,,,,,,,,,,,,,,,,,,,,,,,,,,,,,,,,,,,,,,,,,,,,,,,,,,,,,,,,,,,,,,,,,,,,,,,,,,,,,,,,,,,,,,,,,,,,,,,,,,,,,,,,,,,,,,,,,,,,,,,,,,,,,,,,,,,,,,,,,,,,,,,,,,,,,,,,,,,,,,,,,,,,,,,,
642,PVC,LT,#8,#4,Aromatics,1.170521979336283,2.1266543086550067,32.89375935423975,-0.9766727997929269,-0.8123980832808327,-19.069178961715995,0.42027973281022596,,,,,,,,,,,,,,,,,,,,,,,,,,,,,,,,,,,,,,,,,,,,,,,,,,,,,,,,,,,,,,,,,,,,,,,,,,,,,,,,,,,,,,,,,,,,,,,,,,,,,,,,,,,,,,,,,,,,,,,,,,,,,,,,,,,,,,,,,,,,,,,,,,,,,,,,,,,,,,,,,,,,,,,,,,,,,,,,,,,,,,,,,,,,,,,,,,,,,,,,,,,,,,,,,,,,,,
643,PVC,LT,#8,#5,FT_1,1.2608847893521824,2.056773681446133,35.35763455423975,-0.8773549707172972,-0.43406100720608204,-14.122816091408506,0.600572372290809,,,,,,,,,,,,,,,,,,,,,,,,,,,,,,,,,,,,,,,,,,,,,,,,,,,,,,,,,,,,,,,,,,,,,,,,,,,,,,,,,,,,,,,,,,,,,,,,,,,,,,,,,,,,,,,,,,,,,,,,,,,,,,,,,,,,,,,,,,,,,,,,,,,,,,,,,,,,,,,,,,,,,,,,,,,,,,,,,,,,,,,,,,,,,,,,,,,,,,,,,,,,,,,,,,,,,,
644,PVC,LT,#8,#6,Aromatics,0.9696989799073498,0.5068174446799933,21.960901401784263,-0.7388819834293303,0.8715544523066774,-6.818531263598431,0.6895149639420336,,,,,,,,,,,,,,,,,,,,,,,,,,,,,,,,,,,,,,,,,,,,,,,,,,,,,,,,,,,,,,,,,,,,,,,,,,,,,,,,,,,,,,,,,,,,,,,,,,,,,,,,,,,,,,,,,,,,,,,,,,,,,,,,,,,,,,,,,,,,,,,,,,,,,,,,,,,,,,,,,,,,,,,,,,,,,,,,,,,,,,,,,,,,,,,,,,,,,,,,,,,,,,,,,,,,,,
645,PVC,LT,#8,#7,Aromatics,1.0467146336517086,0.9035489555090339,26.124304538481525,-0.8169045621089953,0.48257018511056116,-11.55486910545599,0.5576965852455333,,,,,,,,,,,,,,,,,,,,,,,,,,,,,,,,,,,,,,,,,,,,,,,,,,,,,,,,,,,,,,,,,,,,,,,,,,,,,,,,,,,,,,,,,,,,,,,,,,,,,,,,,,,,,,,,,,,,,,,,,,,,,,,,,,,,,,,,,,,,,,,,,,,,,,,,,,,,,,,,,,,,,,,,,,,,,,,,,,,,,,,,,,,,,,,,,,,,,,,,,,,,,,,,,,,,,,
646,PVC,LT,#8,#8,Aromatics,1.0883214757801356,0.9797206498854423,27.249160844513522,-0.8512482574909918,0.38998369703068314,-13.072518104157043,0.5202597915308234,,,,,,,,,,,,,,,,,,,,,,,,,,,,,,,,,,,,,,,,,,,,,,,,,,,,,,,,,,,,,,,,,,,,,,,,,,,,,,,,,,,,,,,,,,,,,,,,,,,,,,,,,,,,,,,,,,,,,,,,,,,,,,,,,,,,,,,,,,,,,,,,,,,,,,,,,,,,,,,,,,,,,,,,,,,,,,,,,,,,,,,,,,,,,,,,,,,,,,,,,,,,,,,,,,,,,,
647,PVC,LT,#8,#9,Aromatics,1.044568953230923,0.8747916221305223,27.787575883605843,-0.8110855793286977,0.5297172463014739,-12.952692766789408,0.533867480162915,,,,,,,,,,,,,,,,,,,,,,,,,,,,,,,,,,,,,,,,,,,,,,,,,,,,,,,,,,,,,,,,,,,,,,,,,,,,,,,,,,,,,,,,,,,,,,,,,,,,,,,,,,,,,,,,,,,,,,,,,,,,,,,,,,,,,,,,,,,,,,,,,,,,,,,,,,,,,,,,,,,,,,,,,,,,,,,,,,,,,,,,,,,,,,,,,,,,,,,,,,,,,,,,,,,,,,
648,PVC,LT,#8,#10,Aromatics,1.0931443612405407,1.0686723854883107,28.679430778481528,-0.8604896474176078,0.2681430602976647,-14.358685773177774,0.4993385369436536,,,,,,,,,,,,,,,,,,,,,,,,,,,,,,,,,,,,,,,,,,,,,,,,,,,,,,,,,,,,,,,,,,,,,,,,,,,,,,,,,,,,,,,,,,,,,,,,,,,,,,,,,,,,,,,,,,,,,,,,,,,,,,,,,,,,,,,,,,,,,,,,,,,,,,,,,,,,,,,,,,,,,,,,,,,,,,,,,,,,,,,,,,,,,,,,,,,,,,,,,,,,,,,,,,,,,,
649,PVC,LT,#8,#11,Aromatics,1.1123085868104898,1.1572325170097002,29.154397820513523,-0.874261722414289,0.20776809583877118,-14.993901232280832,0.48570705097085315,,,,,,,,,,,,,,,,,,,,,,,,,,,,,,,,,,,,,,,,,,,,,,,,,,,,,,,,,,,,,,,,,,,,,,,,,,,,,,,,,,,,,,,,,,,,,,,,,,,,,,,,,,,,,,,,,,,,,,,,,,,,,,,,,,,,,,,,,,,,,,,,,,,,,,,,,,,,,,,,,,,,,,,,,,,,,,,,,,,,,,,,,,,,,,,,,,,,,,,,,,,,,,,,,,,,,,
650,PVC,LT,#9,#1,Aromatics,1.1748835228533712,1.8823665683629875,28.74486651423976,-0.9727202347856606,-0.4716745868244502,-14.16689140493062,0.5071505585906073,,,,,,,,,,,,,,,,,,,,,,,,,,,,,,,,,,,,,,,,,,,,,,,,,,,,,,,,,,,,,,,,,,,,,,,,,,,,,,,,,,,,,,,,,,,,,,,,,,,,,,,,,,,,,,,,,,,,,,,,,,,,,,,,,,,,,,,,,,,,,,,,,,,,,,,,,,,,,,,,,,,,,,,,,,,,,,,,,,,,,,,,,,,,,,,,,,,,,,,,,,,,,,,,,,,,,,
651,PVC,LT,#9,#2,FT_1,1.4233981380447414,2.1496042887676947,42.16239579423976,-1.0530287366342794,-0.49941710480138896,-20.732968237314317,0.5082592474465869,,,,,,,,,,,,,,,,,,,,,,,,,,,,,,,,,,,,,,,,,,,,,,,,,,,,,,,,,,,,,,,,,,,,,,,,,,,,,,,,,,,,,,,,,,,,,,,,,,,,,,,,,,,,,,,,,,,,,,,,,,,,,,,,,,,,,,,,,,,,,,,,,,,,,,,,,,,,,,,,,,,,,,,,,,,,,,,,,,,,,,,,,,,,,,,,,,,,,,,,,,,,,,,,,,,,,,
652,PVC,LT,#9,#3,Aromatics,1.1496031551371684,1.1068309460763137,26.312149232450714,-0.926282298180307,0.3200702188042356,-11.363568363703846,0.5681246612234478,,,,,,,,,,,,,,,,,,,,,,,,,,,,,,,,,,,,,,,,,,,,,,,,,,,,,,,,,,,,,,,,,,,,,,,,,,,,,,,,,,,,,,,,,,,,,,,,,,,,,,,,,,,,,,,,,,,,,,,,,,,,,,,,,,,,,,,,,,,,,,,,,,,,,,,,,,,,,,,,,,,,,,,,,,,,,,,,,,,,,,,,,,,,,,,,,,,,,,,,,,,,,,,,,,,,,,
653,PVC,LT,#9,#4,Aromatics,1.2565946676407633,2.4244232935337378,35.03649819423976,-1.071464498296292,-1.0908240485880951,-21.330707324797544,0.3911860938116111,,,,,,,,,,,,,,,,,,,,,,,,,,,,,,,,,,,,,,,,,,,,,,,,,,,,,,,,,,,,,,,,,,,,,,,,,,,,,,,,,,,,,,,,,,,,,,,,,,,,,,,,,,,,,,,,,,,,,,,,,,,,,,,,,,,,,,,,,,,,,,,,,,,,,,,,,,,,,,,,,,,,,,,,,,,,,,,,,,,,,,,,,,,,,,,,,,,,,,,,,,,,,,,,,,,,,,
654,PVC,LT,#9,#5,FT_1,1.3469574776566628,2.354542666324864,37.50037339423975,-0.9721466692206624,-0.7124869725133443,-16.384344454490034,0.5630884982866129,,,,,,,,,,,,,,,,,,,,,,,,,,,,,,,,,,,,,,,,,,,,,,,,,,,,,,,,,,,,,,,,,,,,,,,,,,,,,,,,,,,,,,,,,,,,,,,,,,,,,,,,,,,,,,,,,,,,,,,,,,,,,,,,,,,,,,,,,,,,,,,,,,,,,,,,,,,,,,,,,,,,,,,,,,,,,,,,,,,,,,,,,,,,,,,,,,,,,,,,,,,,,,,,,,,,,,
655,PVC,LT,#9,#6,Aromatics,1.05577166821183,0.8045864295587245,24.10364024178426,-0.8336736819326951,0.5931284869994151,-9.080059626679967,0.6232909413019093,,,,,,,,,,,,,,,,,,,,,,,,,,,,,,,,,,,,,,,,,,,,,,,,,,,,,,,,,,,,,,,,,,,,,,,,,,,,,,,,,,,,,,,,,,,,,,,,,,,,,,,,,,,,,,,,,,,,,,,,,,,,,,,,,,,,,,,,,,,,,,,,,,,,,,,,,,,,,,,,,,,,,,,,,,,,,,,,,,,,,,,,,,,,,,,,,,,,,,,,,,,,,,,,,,,,,,
656,PVC,LT,#9,#7,Aromatics,1.1327873219561888,1.201317940387765,28.267043378481528,-0.9116962606123601,0.20414421980329872,-13.816397468537524,0.5112188677272365,,,,,,,,,,,,,,,,,,,,,,,,,,,,,,,,,,,,,,,,,,,,,,,,,,,,,,,,,,,,,,,,,,,,,,,,,,,,,,,,,,,,,,,,,,,,,,,,,,,,,,,,,,,,,,,,,,,,,,,,,,,,,,,,,,,,,,,,,,,,,,,,,,,,,,,,,,,,,,,,,,,,,,,,,,,,,,,,,,,,,,,,,,,,,,,,,,,,,,,,,,,,,,,,,,,,,,
657,PVC,LT,#9,#8,Aromatics,1.174394164084616,1.2774896347641733,29.391899684513525,-0.9460399559943565,0.11155773172342077,-15.334046467238581,0.4782900516186088,,,,,,,,,,,,,,,,,,,,,,,,,,,,,,,,,,,,,,,,,,,,,,,,,,,,,,,,,,,,,,,,,,,,,,,,,,,,,,,,,,,,,,,,,,,,,,,,,,,,,,,,,,,,,,,,,,,,,,,,,,,,,,,,,,,,,,,,,,,,,,,,,,,,,,,,,,,,,,,,,,,,,,,,,,,,,,,,,,,,,,,,,,,,,,,,,,,,,,,,,,,,,,,,,,,,,,
658,PVC,LT,#9,#9,Aromatics,1.1306416415354035,1.172560607009253,29.93031472360584,-0.9058772778320627,0.25129128099421205,-15.214221129870939,0.49167854496793567,,,,,,,,,,,,,,,,,,,,,,,,,,,,,,,,,,,,,,,,,,,,,,,,,,,,,,,,,,,,,,,,,,,,,,,,,,,,,,,,,,,,,,,,,,,,,,,,,,,,,,,,,,,,,,,,,,,,,,,,,,,,,,,,,,,,,,,,,,,,,,,,,,,,,,,,,,,,,,,,,,,,,,,,,,,,,,,,,,,,,,,,,,,,,,,,,,,,,,,,,,,,,,,,,,,,,,
659,PVC,LT,#9,#10,Aromatics,1.179217049545021,1.3664413703670415,30.822169618481528,-0.9552813459209726,-0.01028290500959769,-16.620214136259307,0.460770791219917,,,,,,,,,,,,,,,,,,,,,,,,,,,,,,,,,,,,,,,,,,,,,,,,,,,,,,,,,,,,,,,,,,,,,,,,,,,,,,,,,,,,,,,,,,,,,,,,,,,,,,,,,,,,,,,,,,,,,,,,,,,,,,,,,,,,,,,,,,,,,,,,,,,,,,,,,,,,,,,,,,,,,,,,,,,,,,,,,,,,,,,,,,,,,,,,,,,,,,,,,,,,,,,,,,,,,,
660,PVC,LT,#9,#11,Aromatics,1.19838127511497,1.4550015018884312,31.297136660513527,-0.969053420917654,-0.07065786946849137,-17.255429595362365,0.4486578825872936,,,,,,,,,,,,,,,,,,,,,,,,,,,,,,,,,,,,,,,,,,,,,,,,,,,,,,,,,,,,,,,,,,,,,,,,,,,,,,,,,,,,,,,,,,,,,,,,,,,,,,,,,,,,,,,,,,,,,,,,,,,,,,,,,,,,,,,,,,,,,,,,,,,,,,,,,,,,,,,,,,,,,,,,,,,,,,,,,,,,,,,,,,,,,,,,,,,,,,,,,,,,,,,,,,,,,,
661,PVC,HT,#1,-,MeOH_1,1.0241973922455478,1.688416667701028,35.02551151417986,-0.7498695090987854,-0.30172913005385144,-19.705596144081966,0.43739305174446136,,,,,,,,,,,,,,,,,,,,,,,,,,,,,,,,,,,,,,,,,,,,,,,,,,,,,,,,,,,,,,,,,,,,,,,,,,,,,,,,,,,,,,,,,,,,,,,,,,,,,,,,,,,,,,,,,,,,,,,,,,,,,,,,,,,,,,,,,,,,,,,,,,,,,,,,,,,,,,,,,,,,,,,,,,,,,,,,,,,,,,,,,,,,,,,,,,,,,,,,,,,,,,,,,,,,,,
662,PVC,HT,#2,-,FT_1,1.1020348985548891,1.786987225946631,35.78989345509186,-0.8115342521640675,-0.4521197387708023,-21.230440111172108,0.4068034838435198,,,,,,,,,,,,,,,,,,,,,,,,,,,,,,,,,,,,,,,,,,,,,,,,,,,,,,,,,,,,,,,,,,,,,,,,,,,,,,,,,,,,,,,,,,,,,,,,,,,,,,,,,,,,,,,,,,,,,,,,,,,,,,,,,,,,,,,,,,,,,,,,,,,,,,,,,,,,,,,,,,,,,,,,,,,,,,,,,,,,,,,,,,,,,,,,,,,,,,,,,,,,,,,,,,,,,,
663,PVC,HT,#3,-,DIESEL_1,1.0389550153788265,2.638918376739657,35.966950165661586,-0.710084052748566,-1.1412129295230264,-11.869701609916957,0.6699830940559087,,,,,,,,,,,,,,,,,,,,,,,,,,,,,,,,,,,,,,,,,,,,,,,,,,,,,,,,,,,,,,,,,,,,,,,,,,,,,,,,,,,,,,,,,,,,,,,,,,,,,,,,,,,,,,,,,,,,,,,,,,,,,,,,,,,,,,,,,,,,,,,,,,,,,,,,,,,,,,,,,,,,,,,,,,,,,,,,,,,,,,,,,,,,,,,,,,,,,,,,,,,,,,,,,,,,,,
664,PVC,HT,#4,-,MeOH_1,1.215659730735011,2.764917626100438,49.77494018905987,-0.9652442057001946,-1.5571897903116583,-36.874436017445,0.2591766885628583,,,,,,,,,,,,,,,,,,,,,,,,,,,,,,,,,,,,,,,,,,,,,,,,,,,,,,,,,,,,,,,,,,,,,,,,,,,,,,,,,,,,,,,,,,,,,,,,,,,,,,,,,,,,,,,,,,,,,,,,,,,,,,,,,,,,,,,,,,,,,,,,,,,,,,,,,,,,,,,,,,,,,,,,,,,,,,,,,,,,,,,,,,,,,,,,,,,,,,,,,,,,,,,,,,,,,,
665,PVC,HT,#5,-,FT_1,1.2803367345189955,2.9472937095386946,49.77300145509186,-0.9493370849753451,-1.5528318385413935,-34.70802129775289,0.302673733086631,,,,,,,,,,,,,,,,,,,,,,,,,,,,,,,,,,,,,,,,,,,,,,,,,,,,,,,,,,,,,,,,,,,,,,,,,,,,,,,,,,,,,,,,,,,,,,,,,,,,,,,,,,,,,,,,,,,,,,,,,,,,,,,,,,,,,,,,,,,,,,,,,,,,,,,,,,,,,,,,,,,,,,,,,,,,,,,,,,,,,,,,,,,,,,,,,,,,,,,,,,,,,,,,,,,,,,
666,PVC,HT,#6,-,Olefin,0.8610807493486351,0.9300354309496947,27.314703188434244,-0.621821393227949,0.3644065323998296,-13.010471285016324,0.5236824945428916,,,,,,,,,,,,,,,,,,,,,,,,,,,,,,,,,,,,,,,,,,,,,,,,,,,,,,,,,,,,,,,,,,,,,,,,,,,,,,,,,,,,,,,,,,,,,,,,,,,,,,,,,,,,,,,,,,,,,,,,,,,,,,,,,,,,,,,,,,,,,,,,,,,,,,,,,,,,,,,,,,,,,,,,,,,,,,,,,,,,,,,,,,,,,,,,,,,,,,,,,,,,,,,,,,,,,,
667,PVC,HT,#7,-,MeOH_1,0.9763047415967421,2.007440342081226,33.75222870009637,-0.6815791184289824,-0.6208247211463612,-18.028428525075537,0.4658596122565363,,,,,,,,,,,,,,,,,,,,,,,,,,,,,,,,,,,,,,,,,,,,,,,,,,,,,,,,,,,,,,,,,,,,,,,,,,,,,,,,,,,,,,,,,,,,,,,,,,,,,,,,,,,,,,,,,,,,,,,,,,,,,,,,,,,,,,,,,,,,,,,,,,,,,,,,,,,,,,,,,,,,,,,,,,,,,,,,,,,,,,,,,,,,,,,,,,,,,,,,,,,,,,,,,,,,,,
668,PVC,HT,#8,-,DIESEL_1,1.0649511035259442,2.190288902687999,36.31719604612837,-0.7550623994300713,-0.7741974104408109,-21.179439673860603,0.41682062549764337,,,,,,,,,,,,,,,,,,,,,,,,,,,,,,,,,,,,,,,,,,,,,,,,,,,,,,,,,,,,,,,,,,,,,,,,,,,,,,,,,,,,,,,,,,,,,,,,,,,,,,,,,,,,,,,,,,,,,,,,,,,,,,,,,,,,,,,,,,,,,,,,,,,,,,,,,,,,,,,,,,,,,,,,,,,,,,,,,,,,,,,,,,,,,,,,,,,,,,,,,,,,,,,,,,,,,,
669,PVC,HT,#9,-,DIESEL_1,0.9812582575358297,1.3505852995980459,32.74460344552127,-0.6864288528962688,0.16120804221140161,-16.122304831733747,0.507634750912248,,,,,,,,,,,,,,,,,,,,,,,,,,,,,,,,,,,,,,,,,,,,,,,,,,,,,,,,,,,,,,,,,,,,,,,,,,,,,,,,,,,,,,,,,,,,,,,,,,,,,,,,,,,,,,,,,,,,,,,,,,,,,,,,,,,,,,,,,,,,,,,,,,,,,,,,,,,,,,,,,,,,,,,,,,,,,,,,,,,,,,,,,,,,,,,,,,,,,,,,,,,,,,,,,,,,,,
670,PVC,HT,#10,-,MeOH_1,1.1150826044919775,2.7051140144805683,42.84393958009637,-0.8161205517166229,-1.389279258711871,-27.66818035174886,0.3542101724790402,,,,,,,,,,,,,,,,,,,,,,,,,,,,,,,,,,,,,,,,,,,,,,,,,,,,,,,,,,,,,,,,,,,,,,,,,,,,,,,,,,,,,,,,,,,,,,,,,,,,,,,,,,,,,,,,,,,,,,,,,,,,,,,,,,,,,,,,,,,,,,,,,,,,,,,,,,,,,,,,,,,,,,,,,,,,,,,,,,,,,,,,,,,,,,,,,,,,,,,,,,,,,,,,,,,,,,
671,PVC,HT,#11,-,DIESEL_1,1.1980707679979783,3.0613238264513236,45.84450820612837,-0.8878697836589218,-1.648168733367443,-30.964952821840505,0.3245657106274467,,,,,,,,,,,,,,,,,,,,,,,,,,,,,,,,,,,,,,,,,,,,,,,,,,,,,,,,,,,,,,,,,,,,,,,,,,,,,,,,,,,,,,,,,,,,,,,,,,,,,,,,,,,,,,,,,,,,,,,,,,,,,,,,,,,,,,,,,,,,,,,,,,,,,,,,,,,,,,,,,,,,,,,,,,,,,,,,,,,,,,,,,,,,,,,,,,,,,,,,,,,,,,,,,,,,,,
672,PVC,LT,#1,-,MeOH_1,0.9839342895698003,2.2696365925640265,34.717649749932434,-0.6953923423478641,-0.8760306382911658,-18.549275009861077,0.4657105206294336,,,,,,,,,,,,,,,,,,,,,,,,,,,,,,,,,,,,,,,,,,,,,,,,,,,,,,,,,,,,,,,,,,,,,,,,,,,,,,,,,,,,,,,,,,,,,,,,,,,,,,,,,,,,,,,,,,,,,,,,,,,,,,,,,,,,,,,,,,,,,,,,,,,,,,,,,,,,,,,,,,,,,,,,,,,,,,,,,,,,,,,,,,,,,,,,,,,,,,,,,,,,,,,,,,,,,,
673,PVC,LT,#2,-,FT_1,1.050914087867324,2.247266606538354,35.00101265084444,-0.7407959184594557,-0.8915482301960811,-19.479171015406703,0.4434683587665642,,,,,,,,,,,,,,,,,,,,,,,,,,,,,,,,,,,,,,,,,,,,,,,,,,,,,,,,,,,,,,,,,,,,,,,,,,,,,,,,,,,,,,,,,,,,,,,,,,,,,,,,,,,,,,,,,,,,,,,,,,,,,,,,,,,,,,,,,,,,,,,,,,,,,,,,,,,,,,,,,,,,,,,,,,,,,,,,,,,,,,,,,,,,,,,,,,,,,,,,,,,,,,,,,,,,,,
674,PVC,LT,#3,-,GASOLINE_1,0.9897734275638843,1.632418885409301,34.42105558215578,-0.6879250954504004,-0.10597401605138392,-16.873245767882434,0.5097987123721536,,,,,,,,,,,,,,,,,,,,,,,,,,,,,,,,,,,,,,,,,,,,,,,,,,,,,,,,,,,,,,,,,,,,,,,,,,,,,,,,,,,,,,,,,,,,,,,,,,,,,,,,,,,,,,,,,,,,,,,,,,,,,,,,,,,,,,,,,,,,,,,,,,,,,,,,,,,,,,,,,,,,,,,,,,,,,,,,,,,,,,,,,,,,,,,,,,,,,,,,,,,,,,,,,,,,,,
675,PVC,LT,#4,-,MeOH_1,1.192368148065976,3.18610147138191,52.57451826481245,-0.8677091645928797,-1.9094750115850907,-34.197572558145424,0.34954092425734157,,,,,,,,,,,,,,,,,,,,,,,,,,,,,,,,,,,,,,,,,,,,,,,,,,,,,,,,,,,,,,,,,,,,,,,,,,,,,,,,,,,,,,,,,,,,,,,,,,,,,,,,,,,,,,,,,,,,,,,,,,,,,,,,,,,,,,,,,,,,,,,,,,,,,,,,,,,,,,,,,,,,,,,,,,,,,,,,,,,,,,,,,,,,,,,,,,,,,,,,,,,,,,,,,,,,,,
676,PVC,LT,#5,-,FT_1,1.2486841115895504,3.51799560127464,52.47419665084444,-0.8712044954008433,-2.068584203977796,-34.08947745394557,0.35035732551044235,,,,,,,,,,,,,,,,,,,,,,,,,,,,,,,,,,,,,,,,,,,,,,,,,,,,,,,,,,,,,,,,,,,,,,,,,,,,,,,,,,,,,,,,,,,,,,,,,,,,,,,,,,,,,,,,,,,,,,,,,,,,,,,,,,,,,,,,,,,,,,,,,,,,,,,,,,,,,,,,,,,,,,,,,,,,,,,,,,,,,,,,,,,,,,,,,,,,,,,,,,,,,,,,,,,,,,
677,PVC,LT,#6,-,Olefin,0.8446114173676279,0.8738956303762108,27.388471762067198,-0.5746962642448435,0.4878849720008595,-11.279109817624244,0.5881803878796291,,,,,,,,,,,,,,,,,,,,,,,,,,,,,,,,,,,,,,,,,,,,,,,,,,,,,,,,,,,,,,,,,,,,,,,,,,,,,,,,,,,,,,,,,,,,,,,,,,,,,,,,,,,,,,,,,,,,,,,,,,,,,,,,,,,,,,,,,,,,,,,,,,,,,,,,,,,,,,,,,,,,,,,,,,,,,,,,,,,,,,,,,,,,,,,,,,,,,,,,,,,,,,,,,,,,,,
678,PVC,LT,#7,-,MeOH_1,0.9683114671208295,1.711885564383401,35.581186856525285,-0.6593940370889573,-0.2938413827057834,-19.054430002959787,0.46448020186079414,,,,,,,,,,,,,,,,,,,,,,,,,,,,,,,,,,,,,,,,,,,,,,,,,,,,,,,,,,,,,,,,,,,,,,,,,,,,,,,,,,,,,,,,,,,,,,,,,,,,,,,,,,,,,,,,,,,,,,,,,,,,,,,,,,,,,,,,,,,,,,,,,,,,,,,,,,,,,,,,,,,,,,,,,,,,,,,,,,,,,,,,,,,,,,,,,,,,,,,,,,,,,,,,,,,,,,
679,PVC,LT,#8,-,GASOLINE_1,1.0636632499581173,1.8889751583495349,37.80574860255728,-0.7318991307894762,-0.4685286911332118,-22.223548377670465,0.4121648373822387,,,,,,,,,,,,,,,,,,,,,,,,,,,,,,,,,,,,,,,,,,,,,,,,,,,,,,,,,,,,,,,,,,,,,,,,,,,,,,,,,,,,,,,,,,,,,,,,,,,,,,,,,,,,,,,,,,,,,,,,,,,,,,,,,,,,,,,,,,,,,,,,,,,,,,,,,,,,,,,,,,,,,,,,,,,,,,,,,,,,,,,,,,,,,,,,,,,,,,,,,,,,,,,,,,,,,,
680,PVC,LT,#9,-,GASOLINE_1,0.9776828908971085,1.4778078318672243,34.84848415068449,-0.6668945404700083,0.06697213800768584,-17.36683855197812,0.501647231572998,,,,,,,,,,,,,,,,,,,,,,,,,,,,,,,,,,,,,,,,,,,,,,,,,,,,,,,,,,,,,,,,,,,,,,,,,,,,,,,,,,,,,,,,,,,,,,,,,,,,,,,,,,,,,,,,,,,,,,,,,,,,,,,,,,,,,,,,,,,,,,,,,,,,,,,,,,,,,,,,,,,,,,,,,,,,,,,,,,,,,,,,,,,,,,,,,,,,,,,,,,,,,,,,,,,,,,
681,PVC,LT,#10,-,MeOH_1,1.096345416076914,2.451661112183481,45.53482013652529,-0.7816502893515491,-1.1528265947515401,-29.703363857686416,0.34767802379304524,,,,,,,,,,,,,,,,,,,,,,,,,,,,,,,,,,,,,,,,,,,,,,,,,,,,,,,,,,,,,,,,,,,,,,,,,,,,,,,,,,,,,,,,,,,,,,,,,,,,,,,,,,,,,,,,,,,,,,,,,,,,,,,,,,,,,,,,,,,,,,,,,,,,,,,,,,,,,,,,,,,,,,,,,,,,,,,,,,,,,,,,,,,,,,,,,,,,,,,,,,,,,,,,,,,,,,
682,PVC,LT,#11,-,GASOLINE_1,1.1654809837935587,2.82340697999293,47.54268988255729,-0.8321556956832074,-1.410567555154624,-32.08496810358123,0.32513351299980325,,,,,,,,,,,,,,,,,,,,,,,,,,,,,,,,,,,,,,,,,,,,,,,,,,,,,,,,,,,,,,,,,,,,,,,,,,,,,,,,,,,,,,,,,,,,,,,,,,,,,,,,,,,,,,,,,,,,,,,,,,,,,,,,,,,,,,,,,,,,,,,,,,,,,,,,,,,,,,,,,,,,,,,,,,,,,,,,,,,,,,,,,,,,,,,,,,,,,,,,,,,,,,,,,,,,,,
683,PVC,SG,#1,-,MeOH_1,0.8130556349889462,1.8806268638335246,31.44165865493168,-0.5086315112412019,-0.5731524927330786,-14.569915477300356,0.536604743496411,,,,,,,,,,,,,,,,,,,,,,,,,,,,,,,,,,,,,,,,,,,,,,,,,,,,,,,,,,,,,,,,,,,,,,,,,,,,,,,,,,,,,,,,,,,,,,,,,,,,,,,,,,,,,,,,,,,,,,,,,,,,,,,,,,,,,,,,,,,,,,,,,,,,,,,,,,,,,,,,,,,,,,,,,,,,,,,,,,,,,,,,,,,,,,,,,,,,,,,,,,,,,,,,,,,,,,
684,PVC,SG,#2,-,FT_1,0.9317934100247938,2.1451503750468333,32.15640649493168,-0.5170436571882673,-0.5381051955599024,-15.806766711648681,0.5084411339886482,,,,,,,,,,,,,,,,,,,,,,,,,,,,,,,,,,,,,,,,,,,,,,,,,,,,,,,,,,,,,,,,,,,,,,,,,,,,,,,,,,,,,,,,,,,,,,,,,,,,,,,,,,,,,,,,,,,,,,,,,,,,,,,,,,,,,,,,,,,,,,,,,,,,,,,,,,,,,,,,,,,,,,,,,,,,,,,,,,,,,,,,,,,,,,,,,,,,,,,,,,,,,,,,,,,,,,
685,PVC,SG,#3,-,H2_1,0.8090955107565712,2.216968181138067,33.54006506455463,-0.5175320164005148,-0.3744079390301937,-11.632369735668638,0.6531798697086666,,,,,,,,,,,,,,,,,,,,,,,,,,,,,,,,,,,,,,,,,,,,,,,,,,,,,,,,,,,,,,,,,,,,,,,,,,,,,,,,,,,,,,,,,,,,,,,,,,,,,,,,,,,,,,,,,,,,,,,,,,,,,,,,,,,,,,,,,,,,,,,,,,,,,,,,,,,,,,,,,,,,,,,,,,,,,,,,,,,,,,,,,,,,,,,,,,,,,,,,,,,,,,,,,,,,,,
686,PVC,SG,#4,-,MeOH_1,1.0190267211146011,3.844835972933493,52.363769054931666,-0.713483674834336,-2.557844540377194,-35.00003728426775,0.3315982039499234,,,,,,,,,,,,,,,,,,,,,,,,,,,,,,,,,,,,,,,,,,,,,,,,,,,,,,,,,,,,,,,,,,,,,,,,,,,,,,,,,,,,,,,,,,,,,,,,,,,,,,,,,,,,,,,,,,,,,,,,,,,,,,,,,,,,,,,,,,,,,,,,,,,,,,,,,,,,,,,,,,,,,,,,,,,,,,,,,,,,,,,,,,,,,,,,,,,,,,,,,,,,,,,,,,,,,,
687,PVC,SG,#5,-,FT_1,1.136632347848302,4.131610273211943,53.27796265493168,-0.7225708894307241,-2.5277639649355628,-37.05218054218253,0.30454959807377696,,,,,,,,,,,,,,,,,,,,,,,,,,,,,,,,,,,,,,,,,,,,,,,,,,,,,,,,,,,,,,,,,,,,,,,,,,,,,,,,,,,,,,,,,,,,,,,,,,,,,,,,,,,,,,,,,,,,,,,,,,,,,,,,,,,,,,,,,,,,,,,,,,,,,,,,,,,,,,,,,,,,,,,,,,,,,,,,,,,,,,,,,,,,,,,,,,,,,,,,,,,,,,,,,,,,,,
688,PVC,SG,#6,-,MeOH_1,0.825056139859571,1.8249573411986366,34.98731006139432,-0.4957179254857377,-0.5146891835432288,-17.799675226034104,0.49125339459364115,,,,,,,,,,,,,,,,,,,,,,,,,,,,,,,,,,,,,,,,,,,,,,,,,,,,,,,,,,,,,,,,,,,,,,,,,,,,,,,,,,,,,,,,,,,,,,,,,,,,,,,,,,,,,,,,,,,,,,,,,,,,,,,,,,,,,,,,,,,,,,,,,,,,,,,,,,,,,,,,,,,,,,,,,,,,,,,,,,,,,,,,,,,,,,,,,,,,,,,,,,,,,,,,,,,,,,
689,PVC,SG,#7,-,FT_1,0.946311919079227,2.376028746652511,37.35357420742632,-0.553194420452923,-0.7704335604624438,-21.30138282455321,0.4297364234473108,,,,,,,,,,,,,,,,,,,,,,,,,,,,,,,,,,,,,,,,,,,,,,,,,,,,,,,,,,,,,,,,,,,,,,,,,,,,,,,,,,,,,,,,,,,,,,,,,,,,,,,,,,,,,,,,,,,,,,,,,,,,,,,,,,,,,,,,,,,,,,,,,,,,,,,,,,,,,,,,,,,,,,,,,,,,,,,,,,,,,,,,,,,,,,,,,,,,,,,,,,,,,,,,,,,,,,
690,PVC,SG,#8,-,H2_1,0.84340413324775,2.510215620857096,38.894403423204714,-0.5409338372179048,-0.6556108323476505,-17.207769291792022,0.5575772404950752,,,,,,,,,,,,,,,,,,,,,,,,,,,,,,,,,,,,,,,,,,,,,,,,,,,,,,,,,,,,,,,,,,,,,,,,,,,,,,,,,,,,,,,,,,,,,,,,,,,,,,,,,,,,,,,,,,,,,,,,,,,,,,,,,,,,,,,,,,,,,,,,,,,,,,,,,,,,,,,,,,,,,,,,,,,,,,,,,,,,,,,,,,,,,,,,,,,,,,,,,,,,,,,,,,,,,,
691,PVC,SG,#9,-,MeOH_1,1.0105045259583656,3.893391146028051,56.79891774139432,-0.681165310657613,-2.5831167726883684,-39.61148082195839,0.3026014861355351,,,,,,,,,,,,,,,,,,,,,,,,,,,,,,,,,,,,,,,,,,,,,,,,,,,,,,,,,,,,,,,,,,,,,,,,,,,,,,,,,,,,,,,,,,,,,,,,,,,,,,,,,,,,,,,,,,,,,,,,,,,,,,,,,,,,,,,,,,,,,,,,,,,,,,,,,,,,,,,,,,,,,,,,,,,,,,,,,,,,,,,,,,,,,,,,,,,,,,,,,,,,,,,,,,,,,,
692,PVC,SG,#10,-,FT_1,1.1288064881261162,4.466610182465974,59.29079740742632,-0.735291567792512,-2.8586838187754644,-43.15673937537166,0.27211740670625284,,,,,,,,,,,,,,,,,,,,,,,,,,,,,,,,,,,,,,,,,,,,,,,,,,,,,,,,,,,,,,,,,,,,,,,,,,,,,,,,,,,,,,,,,,,,,,,,,,,,,,,,,,,,,,,,,,,,,,,,,,,,,,,,,,,,,,,,,,,,,,,,,,,,,,,,,,,,,,,,,,,,,,,,,,,,,,,,,,,,,,,,,,,,,,,,,,,,,,,,,,,,,,,,,,,,,,
693,PVC,OG,#1,-,MeOH_1,0.7480289793849286,1.3813738714383186,18.613416900078747,-0.6379155895785052,-0.29427960097751454,-9.812836662839304,0.47280842010271684,,,,,,,,,,,,,,,,,,,,,,,,,,,,,,,,,,,,,,,,,,,,,,,,,,,,,,,,,,,,,,,,,,,,,,,,,,,,,,,,,,,,,,,,,,,,,,,,,,,,,,,,,,,,,,,,,,,,,,,,,,,,,,,,,,,,,,,,,,,,,,,,,,,,,,,,,,,,,,,,,,,,,,,,,,,,,,,,,,,,,,,,,,,,,,,,,,,,,,,,,,,,,,,,,,,,,,
694,PVC,OG,#2,-,FT_1,1.0813355198935235,1.5731123734529633,34.18456922007874,-0.6635478045898623,0.034474138007640986,-17.552159480001077,0.48654729661792584,,,,,,,,,,,,,,,,,,,,,,,,,,,,,,,,,,,,,,,,,,,,,,,,,,,,,,,,,,,,,,,,,,,,,,,,,,,,,,,,,,,,,,,,,,,,,,,,,,,,,,,,,,,,,,,,,,,,,,,,,,,,,,,,,,,,,,,,,,,,,,,,,,,,,,,,,,,,,,,,,,,,,,,,,,,,,,,,,,,,,,,,,,,,,,,,,,,,,,,,,,,,,,,,,,,,,,
695,PVC,OG,#3,-,H2_1,0.770293023574942,1.0572215858264429,23.556914238371533,-0.6225026943496607,0.3006275705422804,-14.281109134366208,0.39376146680943863,,,,,,,,,,,,,,,,,,,,,,,,,,,,,,,,,,,,,,,,,,,,,,,,,,,,,,,,,,,,,,,,,,,,,,,,,,,,,,,,,,,,,,,,,,,,,,,,,,,,,,,,,,,,,,,,,,,,,,,,,,,,,,,,,,,,,,,,,,,,,,,,,,,,,,,,,,,,,,,,,,,,,,,,,,,,,,,,,,,,,,,,,,,,,,,,,,,,,,,,,,,,,,,,,,,,,,
696,PVC,OG,#4,-,MeOH_1,0.8888924431171267,2.497964676258821,30.88100922007874,-0.7875945665060047,-1.4194598698150867,-22.459128250573503,0.27272039296012907,,,,,,,,,,,,,,,,,,,,,,,,,,,,,,,,,,,,,,,,,,,,,,,,,,,,,,,,,,,,,,,,,,,,,,,,,,,,,,,,,,,,,,,,,,,,,,,,,,,,,,,,,,,,,,,,,,,,,,,,,,,,,,,,,,,,,,,,,,,,,,,,,,,,,,,,,,,,,,,,,,,,,,,,,,,,,,,,,,,,,,,,,,,,,,,,,,,,,,,,,,,,,,,,,,,,,,
697,PVC,OG,#5,-,FT_1,1.3889585900204673,4.035829720438596,63.03540074007874,-0.9485466413859641,-2.3165069036421615,-43.797555873589715,0.30519112499680423,,,,,,,,,,,,,,,,,,,,,,,,,,,,,,,,,,,,,,,,,,,,,,,,,,,,,,,,,,,,,,,,,,,,,,,,,,,,,,,,,,,,,,,,,,,,,,,,,,,,,,,,,,,,,,,,,,,,,,,,,,,,,,,,,,,,,,,,,,,,,,,,,,,,,,,,,,,,,,,,,,,,,,,,,,,,,,,,,,,,,,,,,,,,,,,,,,,,,,,,,,,,,,,,,,,,,,
698,PVC,OG,#6,-,MeOH_1,0.7437165411959398,0.8107699049045326,19.950742104113978,-0.5908583029414088,0.299151319952829,-11.985859224907276,0.3992273990431809,,,,,,,,,,,,,,,,,,,,,,,,,,,,,,,,,,,,,,,,,,,,,,,,,,,,,,,,,,,,,,,,,,,,,,,,,,,,,,,,,,,,,,,,,,,,,,,,,,,,,,,,,,,,,,,,,,,,,,,,,,,,,,,,,,,,,,,,,,,,,,,,,,,,,,,,,,,,,,,,,,,,,,,,,,,,,,,,,,,,,,,,,,,,,,,,,,,,,,,,,,,,,,,,,,,,,,
699,PVC,OG,#7,-,FT_1,0.942692499883919,1.1364751347160191,28.94746530411398,-0.6526906003616392,0.2827355423239243,-17.985920508087162,0.37867028013913795,,,,,,,,,,,,,,,,,,,,,,,,,,,,,,,,,,,,,,,,,,,,,,,,,,,,,,,,,,,,,,,,,,,,,,,,,,,,,,,,,,,,,,,,,,,,,,,,,,,,,,,,,,,,,,,,,,,,,,,,,,,,,,,,,,,,,,,,,,,,,,,,,,,,,,,,,,,,,,,,,,,,,,,,,,,,,,,,,,,,,,,,,,,,,,,,,,,,,,,,,,,,,,,,,,,,,,
700,PVC,OG,#8,-,H2_1,0.7744025705697206,1.0210180681126837,24.934495810327896,-0.6152068665706361,0.3595211945212359,-15.23380217648736,0.3890471139914728,,,,,,,,,,,,,,,,,,,,,,,,,,,,,,,,,,,,,,,,,,,,,,,,,,,,,,,,,,,,,,,,,,,,,,,,,,,,,,,,,,,,,,,,,,,,,,,,,,,,,,,,,,,,,,,,,,,,,,,,,,,,,,,,,,,,,,,,,,,,,,,,,,,,,,,,,,,,,,,,,,,,,,,,,,,,,,,,,,,,,,,,,,,,,,,,,,,,,,,,,,,,,,,,,,,,,,
701,PVC,OG,#9,-,MeOH_1,0.8434204202688512,2.0722990206266125,30.72029341611398,-0.6993971369464744,-0.9714624119765926,-23.075833293714062,0.24884072618883593,,,,,,,,,,,,,,,,,,,,,,,,,,,,,,,,,,,,,,,,,,,,,,,,,,,,,,,,,,,,,,,,,,,,,,,,,,,,,,,,,,,,,,,,,,,,,,,,,,,,,,,,,,,,,,,,,,,,,,,,,,,,,,,,,,,,,,,,,,,,,,,,,,,,,,,,,,,,,,,,,,,,,,,,,,,,,,,,,,,,,,,,,,,,,,,,,,,,,,,,,,,,,,,,,,,,,,
702,PVC,OG,#10,-,FT_1,1.0677341133095917,2.3124186033872736,42.04710498411397,-0.7644786808644234,-0.8467486557081384,-29.749021809776455,0.2924834701219959,,,,,,,,,,,,,,,,,,,,,,,,,,,,,,,,,,,,,,,,,,,,,,,,,,,,,,,,,,,,,,,,,,,,,,,,,,,,,,,,,,,,,,,,,,,,,,,,,,,,,,,,,,,,,,,,,,,,,,,,,,,,,,,,,,,,,,,,,,,,,,,,,,,,,,,,,,,,,,,,,,,,,,,,,,,,,,,,,,,,,,,,,,,,,,,,,,,,,,,,,,,,,,,,,,,,,,
703,PS,HT,#1,-,GASOLINE_1,1.2021061966308897,1.531773900195635,65.88056956652426,-0.3237789319462513,1.7024303958992903,-18.502691557026452,0.7191479721749677,,,,,,,,,,,,,,,,,,,,,,,,,,,,,,,,,,,,,,,,,,,,,,,,,,,,,,,,,,,,,,,,,,,,,,,,,,,,,,,,,,,,,,,,,,,,,,,,,,,,,,,,,,,,,,,,,,,,,,,,,,,,,,,,,,,,,,,,,,,,,,,,,,,,,,,,,,,,,,,,,,,,,,,,,,,,,,,,,,,,,,,,,,,,,,,,,,,,,,,,,,,,,,,,,,,,,,
704,PS,HT,#2,-,GASOLINE_1,1.2734598715432737,2.1555991557421024,71.74702843105656,-0.5256024972721259,1.3075621132826052,-27.950109066719765,0.6104353075252769,,,,,,,,,,,,,,,,,,,,,,,,,,,,,,,,,,,,,,,,,,,,,,,,,,,,,,,,,,,,,,,,,,,,,,,,,,,,,,,,,,,,,,,,,,,,,,,,,,,,,,,,,,,,,,,,,,,,,,,,,,,,,,,,,,,,,,,,,,,,,,,,,,,,,,,,,,,,,,,,,,,,,,,,,,,,,,,,,,,,,,,,,,,,,,,,,,,,,,,,,,,,,,,,,,,,,,
705,PS,HT,#3,-,GASOLINE_1,1.386746493961831,3.0183577885802566,80.5314148825701,-0.5778541429983551,0.3616534762778124,-35.48052888419452,0.5594200234041363,,,,,,,,,,,,,,,,,,,,,,,,,,,,,,,,,,,,,,,,,,,,,,,,,,,,,,,,,,,,,,,,,,,,,,,,,,,,,,,,,,,,,,,,,,,,,,,,,,,,,,,,,,,,,,,,,,,,,,,,,,,,,,,,,,,,,,,,,,,,,,,,,,,,,,,,,,,,,,,,,,,,,,,,,,,,,,,,,,,,,,,,,,,,,,,,,,,,,,,,,,,,,,,,,,,,,,
706,PS,HT,#4,-,GASOLINE_1,1.4631026688982314,3.3535542974827863,83.45958622860212,-0.6143298313751399,0.13256874806945293,-39.20441997269507,0.5302586348162426,,,,,,,,,,,,,,,,,,,,,,,,,,,,,,,,,,,,,,,,,,,,,,,,,,,,,,,,,,,,,,,,,,,,,,,,,,,,,,,,,,,,,,,,,,,,,,,,,,,,,,,,,,,,,,,,,,,,,,,,,,,,,,,,,,,,,,,,,,,,,,,,,,,,,,,,,,,,,,,,,,,,,,,,,,,,,,,,,,,,,,,,,,,,,,,,,,,,,,,,,,,,,,,,,,,,,,
707,PS,HT,#5,-,GASOLINE_1,1.4064354886872714,2.9266793304267535,79.68754681878802,-0.6056888475280526,0.7339903301282361,-31.901979067760696,0.5996616743604016,,,,,,,,,,,,,,,,,,,,,,,,,,,,,,,,,,,,,,,,,,,,,,,,,,,,,,,,,,,,,,,,,,,,,,,,,,,,,,,,,,,,,,,,,,,,,,,,,,,,,,,,,,,,,,,,,,,,,,,,,,,,,,,,,,,,,,,,,,,,,,,,,,,,,,,,,,,,,,,,,,,,,,,,,,,,,,,,,,,,,,,,,,,,,,,,,,,,,,,,,,,,,,,,,,,,,,
708,PS,HT,#6,-,MeOH_1,1.5702443831088198,4.3787941115299915,97.0778404825701,-0.7541795224715535,-1.102727133336735,-52.33070824607806,0.46094074625121256,,,,,,,,,,,,,,,,,,,,,,,,,,,,,,,,,,,,,,,,,,,,,,,,,,,,,,,,,,,,,,,,,,,,,,,,,,,,,,,,,,,,,,,,,,,,,,,,,,,,,,,,,,,,,,,,,,,,,,,,,,,,,,,,,,,,,,,,,,,,,,,,,,,,,,,,,,,,,,,,,,,,,,,,,,,,,,,,,,,,,,,,,,,,,,,,,,,,,,,,,,,,,,,,,,,,,,
709,PS,HT,#7,-,GASOLINE_1,1.6641393184974445,5.030281051811022,100.72848894860215,-0.8137958096900405,-1.5488956265024898,-56.5409450879546,0.43867970543263823,,,,,,,,,,,,,,,,,,,,,,,,,,,,,,,,,,,,,,,,,,,,,,,,,,,,,,,,,,,,,,,,,,,,,,,,,,,,,,,,,,,,,,,,,,,,,,,,,,,,,,,,,,,,,,,,,,,,,,,,,,,,,,,,,,,,,,,,,,,,,,,,,,,,,,,,,,,,,,,,,,,,,,,,,,,,,,,,,,,,,,,,,,,,,,,,,,,,,,,,,,,,,,,,,,,,,,
710,PS,HT,#8,-,WAX_1,1.1815353458471896,1.0924503298271817,55.65288202818166,-0.6778539094388459,2.3390982530782036,-16.817573489786042,0.6978130713649311,,,,,,,,,,,,,,,,,,,,,,,,,,,,,,,,,,,,,,,,,,,,,,,,,,,,,,,,,,,,,,,,,,,,,,,,,,,,,,,,,,,,,,,,,,,,,,,,,,,,,,,,,,,,,,,,,,,,,,,,,,,,,,,,,,,,,,,,,,,,,,,,,,,,,,,,,,,,,,,,,,,,,,,,,,,,,,,,,,,,,,,,,,,,,,,,,,,,,,,,,,,,,,,,,,,,,,
711,PS,HT,#9,-,WAX_1,1.2675728925133056,1.494936192884302,57.79364694794164,-0.7722659498911728,1.977565828986106,-18.70128081979859,0.6764128618385338,,,,,,,,,,,,,,,,,,,,,,,,,,,,,,,,,,,,,,,,,,,,,,,,,,,,,,,,,,,,,,,,,,,,,,,,,,,,,,,,,,,,,,,,,,,,,,,,,,,,,,,,,,,,,,,,,,,,,,,,,,,,,,,,,,,,,,,,,,,,,,,,,,,,,,,,,,,,,,,,,,,,,,,,,,,,,,,,,,,,,,,,,,,,,,,,,,,,,,,,,,,,,,,,,,,,,,
712,PS,LT,#1,-,GASOLINE_1,1.2127525654396487,1.476590091714593,65.44101526225894,-0.32328945075408355,1.7596327074647606,-17.648425383541937,0.7303155320434016,,,,,,,,,,,,,,,,,,,,,,,,,,,,,,,,,,,,,,,,,,,,,,,,,,,,,,,,,,,,,,,,,,,,,,,,,,,,,,,,,,,,,,,,,,,,,,,,,,,,,,,,,,,,,,,,,,,,,,,,,,,,,,,,,,,,,,,,,,,,,,,,,,,,,,,,,,,,,,,,,,,,,,,,,,,,,,,,,,,,,,,,,,,,,,,,,,,,,,,,,,,,,,,,,,,,,,
713,PS,LT,#2,-,GASOLINE_1,1.2727295407993298,2.0322511628359154,71.14678184017563,-0.42968598116353435,1.547366474614761,-20.869373726899408,0.7066715712626266,,,,,,,,,,,,,,,,,,,,,,,,,,,,,,,,,,,,,,,,,,,,,,,,,,,,,,,,,,,,,,,,,,,,,,,,,,,,,,,,,,,,,,,,,,,,,,,,,,,,,,,,,,,,,,,,,,,,,,,,,,,,,,,,,,,,,,,,,,,,,,,,,,,,,,,,,,,,,,,,,,,,,,,,,,,,,,,,,,,,,,,,,,,,,,,,,,,,,,,,,,,,,,,,,,,,,,
714,PS,LT,#3,-,GASOLINE_1,1.417492316313971,3.1065062442657427,81.59498231407154,-0.5598849053308376,0.3455065200451031,-33.9305168678631,0.5841592717397822,,,,,,,,,,,,,,,,,,,,,,,,,,,,,,,,,,,,,,,,,,,,,,,,,,,,,,,,,,,,,,,,,,,,,,,,,,,,,,,,,,,,,,,,,,,,,,,,,,,,,,,,,,,,,,,,,,,,,,,,,,,,,,,,,,,,,,,,,,,,,,,,,,,,,,,,,,,,,,,,,,,,,,,,,,,,,,,,,,,,,,,,,,,,,,,,,,,,,,,,,,,,,,,,,,,,,,
715,PS,LT,#4,-,GASOLINE_1,1.5017135929469525,3.405850334794448,84.65115894010356,-0.603174563468297,0.11058322721950799,-37.85069208080507,0.5528626831017517,,,,,,,,,,,,,,,,,,,,,,,,,,,,,,,,,,,,,,,,,,,,,,,,,,,,,,,,,,,,,,,,,,,,,,,,,,,,,,,,,,,,,,,,,,,,,,,,,,,,,,,,,,,,,,,,,,,,,,,,,,,,,,,,,,,,,,,,,,,,,,,,,,,,,,,,,,,,,,,,,,,,,,,,,,,,,,,,,,,,,,,,,,,,,,,,,,,,,,,,,,,,,,,,,,,,,,
716,PS,LT,#5,-,GASOLINE_1,1.42632411471407,2.8691938242991055,80.2261188692664,-0.5712156000156491,0.8366707180741647,-30.019303764412363,0.6258163278055275,,,,,,,,,,,,,,,,,,,,,,,,,,,,,,,,,,,,,,,,,,,,,,,,,,,,,,,,,,,,,,,,,,,,,,,,,,,,,,,,,,,,,,,,,,,,,,,,,,,,,,,,,,,,,,,,,,,,,,,,,,,,,,,,,,,,,,,,,,,,,,,,,,,,,,,,,,,,,,,,,,,,,,,,,,,,,,,,,,,,,,,,,,,,,,,,,,,,,,,,,,,,,,,,,,,,,,
717,PS,LT,#6,-,MeOH_1,1.5983797042156624,4.409362332386946,98.21219735407153,-0.7313961101666246,-1.10296182573769,-51.1227435670689,0.47946645178131203,,,,,,,,,,,,,,,,,,,,,,,,,,,,,,,,,,,,,,,,,,,,,,,,,,,,,,,,,,,,,,,,,,,,,,,,,,,,,,,,,,,,,,,,,,,,,,,,,,,,,,,,,,,,,,,,,,,,,,,,,,,,,,,,,,,,,,,,,,,,,,,,,,,,,,,,,,,,,,,,,,,,,,,,,,,,,,,,,,,,,,,,,,,,,,,,,,,,,,,,,,,,,,,,,,,,,,
718,PS,LT,#7,-,GASOLINE_1,1.6936237299338934,5.074106606103976,101.90351126010357,-0.7940794201815078,-1.5653501207885119,-55.464197343200915,0.4557184864647956,,,,,,,,,,,,,,,,,,,,,,,,,,,,,,,,,,,,,,,,,,,,,,,,,,,,,,,,,,,,,,,,,,,,,,,,,,,,,,,,,,,,,,,,,,,,,,,,,,,,,,,,,,,,,,,,,,,,,,,,,,,,,,,,,,,,,,,,,,,,,,,,,,,,,,,,,,,,,,,,,,,,,,,,,,,,,,,,,,,,,,,,,,,,,,,,,,,,,,,,,,,,,,,,,,,,,,
719,PS,LT,#8,-,Aromatics,1.0849279766098467,0.9893069664883944,53.84353192850068,-0.2576971900497425,2.9708031849057353,-9.944629860053043,0.815305023577231,,,,,,,,,,,,,,,,,,,,,,,,,,,,,,,,,,,,,,,,,,,,,,,,,,,,,,,,,,,,,,,,,,,,,,,,,,,,,,,,,,,,,,,,,,,,,,,,,,,,,,,,,,,,,,,,,,,,,,,,,,,,,,,,,,,,,,,,,,,,,,,,,,,,,,,,,,,,,,,,,,,,,,,,,,,,,,,,,,,,,,,,,,,,,,,,,,,,,,,,,,,,,,,,,,,,,,
720,PS,LT,#9,-,Aromatics,1.1884625990436881,1.4362888489759162,56.796355064292676,-0.3967235924327451,2.6513901641134003,-12.513511680619457,0.7796775573634199,,,,,,,,,,,,,,,,,,,,,,,,,,,,,,,,,,,,,,,,,,,,,,,,,,,,,,,,,,,,,,,,,,,,,,,,,,,,,,,,,,,,,,,,,,,,,,,,,,,,,,,,,,,,,,,,,,,,,,,,,,,,,,,,,,,,,,,,,,,,,,,,,,,,,,,,,,,,,,,,,,,,,,,,,,,,,,,,,,,,,,,,,,,,,,,,,,,,,,,,,,,,,,,,,,,,,,
721,PS,SG,#1,-,MeOH_1,0.9603265197992903,3.9537013765976323,77.71176083732654,-0.2825056908060283,-0.7744345658941916,-39.94397799321374,0.485998289540393,,,,,,,,,,,,,,,,,,,,,,,,,,,,,,,,,,,,,,,,,,,,,,,,,,,,,,,,,,,,,,,,,,,,,,,,,,,,,,,,,,,,,,,,,,,,,,,,,,,,,,,,,,,,,,,,,,,,,,,,,,,,,,,,,,,,,,,,,,,,,,,,,,,,,,,,,,,,,,,,,,,,,,,,,,,,,,,,,,,,,,,,,,,,,,,,,,,,,,,,,,,,,,,,,,,,,,
722,PS,SG,#2,-,FT_1,1.1497464457181275,4.588528613569978,79.88735443732654,-0.23965227631581257,-0.7878748532393077,-43.956516391127984,0.4497687812955068,,,,,,,,,,,,,,,,,,,,,,,,,,,,,,,,,,,,,,,,,,,,,,,,,,,,,,,,,,,,,,,,,,,,,,,,,,,,,,,,,,,,,,,,,,,,,,,,,,,,,,,,,,,,,,,,,,,,,,,,,,,,,,,,,,,,,,,,,,,,,,,,,,,,,,,,,,,,,,,,,,,,,,,,,,,,,,,,,,,,,,,,,,,,,,,,,,,,,,,,,,,,,,,,,,,,,,
723,PS,SG,#3,-,H2_1,0.8888697615862663,4.585222893016057,71.82709538062574,-0.32650721361568785,-0.4999194784494999,-24.148143899987684,0.6638017481839968,,,,,,,,,,,,,,,,,,,,,,,,,,,,,,,,,,,,,,,,,,,,,,,,,,,,,,,,,,,,,,,,,,,,,,,,,,,,,,,,,,,,,,,,,,,,,,,,,,,,,,,,,,,,,,,,,,,,,,,,,,,,,,,,,,,,,,,,,,,,,,,,,,,,,,,,,,,,,,,,,,,,,,,,,,,,,,,,,,,,,,,,,,,,,,,,,,,,,,,,,,,,,,,,,,,,,,
724,PS,SG,#4,-,MeOH_1,1.3400014349115756,8.309803115160461,124.35406643732652,-0.6713903635937655,-5.197645664008486,-87.66231173826544,0.2950587443600282,,,,,,,,,,,,,,,,,,,,,,,,,,,,,,,,,,,,,,,,,,,,,,,,,,,,,,,,,,,,,,,,,,,,,,,,,,,,,,,,,,,,,,,,,,,,,,,,,,,,,,,,,,,,,,,,,,,,,,,,,,,,,,,,,,,,,,,,,,,,,,,,,,,,,,,,,,,,,,,,,,,,,,,,,,,,,,,,,,,,,,,,,,,,,,,,,,,,,,,,,,,,,,,,,,,,,,
725,PS,SG,#5,-,FT_1,1.5178123646637451,8.945633786063095,126.24064627732655,-0.609599175062764,-5.152720595223425,-90.63309356053682,0.28206091910022985,,,,,,,,,,,,,,,,,,,,,,,,,,,,,,,,,,,,,,,,,,,,,,,,,,,,,,,,,,,,,,,,,,,,,,,,,,,,,,,,,,,,,,,,,,,,,,,,,,,,,,,,,,,,,,,,,,,,,,,,,,,,,,,,,,,,,,,,,,,,,,,,,,,,,,,,,,,,,,,,,,,,,,,,,,,,,,,,,,,,,,,,,,,,,,,,,,,,,,,,,,,,,,,,,,,,,,
726,PS,SG,#6,-,MeOH_1,0.9724448009413112,3.712023133929189,80.9172939450494,-0.2601481013347454,-0.4592289406348875,-42.728847945682034,0.47194418074955613,,,,,,,,,,,,,,,,,,,,,,,,,,,,,,,,,,,,,,,,,,,,,,,,,,,,,,,,,,,,,,,,,,,,,,,,,,,,,,,,,,,,,,,,,,,,,,,,,,,,,,,,,,,,,,,,,,,,,,,,,,,,,,,,,,,,,,,,,,,,,,,,,,,,,,,,,,,,,,,,,,,,,,,,,,,,,,,,,,,,,,,,,,,,,,,,,,,,,,,,,,,,,,,,,,,,,,
727,PS,SG,#7,-,FT_1,1.165577669971371,4.806818489557282,85.51616561108138,-0.31670912242667965,-1.01019243081095,-50.10482166644425,0.4140894729270748,,,,,,,,,,,,,,,,,,,,,,,,,,,,,,,,,,,,,,,,,,,,,,,,,,,,,,,,,,,,,,,,,,,,,,,,,,,,,,,,,,,,,,,,,,,,,,,,,,,,,,,,,,,,,,,,,,,,,,,,,,,,,,,,,,,,,,,,,,,,,,,,,,,,,,,,,,,,,,,,,,,,,,,,,,,,,,,,,,,,,,,,,,,,,,,,,,,,,,,,,,,,,,,,,,,,,,
728,PS,SG,#8,-,H2_1,0.9780767078707558,5.283546527601112,87.63362804431141,-0.36789627941074304,-1.0569942778908483,-40.120411087306316,0.5421801883288493,,,,,,,,,,,,,,,,,,,,,,,,,,,,,,,,,,,,,,,,,,,,,,,,,,,,,,,,,,,,,,,,,,,,,,,,,,,,,,,,,,,,,,,,,,,,,,,,,,,,,,,,,,,,,,,,,,,,,,,,,,,,,,,,,,,,,,,,,,,,,,,,,,,,,,,,,,,,,,,,,,,,,,,,,,,,,,,,,,,,,,,,,,,,,,,,,,,,,,,,,,,,,,,,,,,,,,
729,PS,SG,#9,-,MeOH_1,1.4653612955871018,8.212263957310592,129.13418034504937,-0.7509567714190598,-5.0357257698652935,-90.89495055736208,0.2961201262555835,,,,,,,,,,,,,,,,,,,,,,,,,,,,,,,,,,,,,,,,,,,,,,,,,,,,,,,,,,,,,,,,,,,,,,,,,,,,,,,,,,,,,,,,,,,,,,,,,,,,,,,,,,,,,,,,,,,,,,,,,,,,,,,,,,,,,,,,,,,,,,,,,,,,,,,,,,,,,,,,,,,,,,,,,,,,,,,,,,,,,,,,,,,,,,,,,,,,,,,,,,,,,,,,,,,,,,
730,PS,SG,#10,-,FT_1,1.6657903413090804,9.438827874812649,134.2241435450494,-0.8181119128144176,-5.642842798978654,-98.97052191872199,0.2626473948369453,,,,,,,,,,,,,,,,,,,,,,,,,,,,,,,,,,,,,,,,,,,,,,,,,,,,,,,,,,,,,,,,,,,,,,,,,,,,,,,,,,,,,,,,,,,,,,,,,,,,,,,,,,,,,,,,,,,,,,,,,,,,,,,,,,,,,,,,,,,,,,,,,,,,,,,,,,,,,,,,,,,,,,,,,,,,,,,,,,,,,,,,,,,,,,,,,,,,,,,,,,,,,,,,,,,,,,
731,PS,OG,#1,-,MeOH_1,0.8918415915329639,3.3704936177671696,53.7473936,-0.6345996693837949,-0.6966136806557116,-32.05402499906742,0.4036171272300092,,,,,,,,,,,,,,,,,,,,,,,,,,,,,,,,,,,,,,,,,,,,,,,,,,,,,,,,,,,,,,,,,,,,,,,,,,,,,,,,,,,,,,,,,,,,,,,,,,,,,,,,,,,,,,,,,,,,,,,,,,,,,,,,,,,,,,,,,,,,,,,,,,,,,,,,,,,,,,,,,,,,,,,,,,,,,,,,,,,,,,,,,,,,,,,,,,,,,,,,,,,,,,,,,,,,,,
732,PS,OG,#2,-,FT_1,1.7523472261722692,4.428217526029058,101.6191344,-0.7301017612097661,-0.3190232340643826,-58.62106916934807,0.4231296151510215,,,,,,,,,,,,,,,,,,,,,,,,,,,,,,,,,,,,,,,,,,,,,,,,,,,,,,,,,,,,,,,,,,,,,,,,,,,,,,,,,,,,,,,,,,,,,,,,,,,,,,,,,,,,,,,,,,,,,,,,,,,,,,,,,,,,,,,,,,,,,,,,,,,,,,,,,,,,,,,,,,,,,,,,,,,,,,,,,,,,,,,,,,,,,,,,,,,,,,,,,,,,,,,,,,,,,,
733,PS,OG,#3,-,H2_1,0.8805612641190848,2.2029270169541793,53.75784738839299,-0.5489202093525001,1.0469255441072345,-29.390141099354043,0.4532864962576654,,,,,,,,,,,,,,,,,,,,,,,,,,,,,,,,,,,,,,,,,,,,,,,,,,,,,,,,,,,,,,,,,,,,,,,,,,,,,,,,,,,,,,,,,,,,,,,,,,,,,,,,,,,,,,,,,,,,,,,,,,,,,,,,,,,,,,,,,,,,,,,,,,,,,,,,,,,,,,,,,,,,,,,,,,,,,,,,,,,,,,,,,,,,,,,,,,,,,,,,,,,,,,,,,,,,,,
734,PS,OG,#4,-,MeOH_1,1.1611654928551327,5.8708081679748,82.72375872,-0.8782408843853531,-3.1735362348536027,-61.00165520863965,0.26258603147959525,,,,,,,,,,,,,,,,,,,,,,,,,,,,,,,,,,,,,,,,,,,,,,,,,,,,,,,,,,,,,,,,,,,,,,,,,,,,,,,,,,,,,,,,,,,,,,,,,,,,,,,,,,,,,,,,,,,,,,,,,,,,,,,,,,,,,,,,,,,,,,,,,,,,,,,,,,,,,,,,,,,,,,,,,,,,,,,,,,,,,,,,,,,,,,,,,,,,,,,,,,,,,,,,,,,,,,
735,PS,OG,#5,-,FT_1,1.8574554461894899,6.577741460424254,119.83336784,-0.8649883247966638,-2.6532020106367327,-80.40095214618574,0.3290603978222821,,,,,,,,,,,,,,,,,,,,,,,,,,,,,,,,,,,,,,,,,,,,,,,,,,,,,,,,,,,,,,,,,,,,,,,,,,,,,,,,,,,,,,,,,,,,,,,,,,,,,,,,,,,,,,,,,,,,,,,,,,,,,,,,,,,,,,,,,,,,,,,,,,,,,,,,,,,,,,,,,,,,,,,,,,,,,,,,,,,,,,,,,,,,,,,,,,,,,,,,,,,,,,,,,,,,,,
736,PS,OG,#6,-,MeOH_1,0.8651560810563272,1.797987247189005,54.76427531555752,-0.4726953178218932,0.9616615645564947,-34.71805154115923,0.3660456321003034,,,,,,,,,,,,,,,,,,,,,,,,,,,,,,,,,,,,,,,,,,,,,,,,,,,,,,,,,,,,,,,,,,,,,,,,,,,,,,,,,,,,,,,,,,,,,,,,,,,,,,,,,,,,,,,,,,,,,,,,,,,,,,,,,,,,,,,,,,,,,,,,,,,,,,,,,,,,,,,,,,,,,,,,,,,,,,,,,,,,,,,,,,,,,,,,,,,,,,,,,,,,,,,,,,,,,,
737,PS,OG,#7,-,FT_1,1.1803276831347496,2.3050951710087197,69.39587467555754,-0.5009654677690611,1.0862351166239999,-44.68298242913264,0.3561147166450979,,,,,,,,,,,,,,,,,,,,,,,,,,,,,,,,,,,,,,,,,,,,,,,,,,,,,,,,,,,,,,,,,,,,,,,,,,,,,,,,,,,,,,,,,,,,,,,,,,,,,,,,,,,,,,,,,,,,,,,,,,,,,,,,,,,,,,,,,,,,,,,,,,,,,,,,,,,,,,,,,,,,,,,,,,,,,,,,,,,,,,,,,,,,,,,,,,,,,,,,,,,,,,,,,,,,,,
738,PS,OG,#8,-,H2_1,0.9024618333720019,2.4500280477675824,62.7802188715777,-0.5479202018811355,0.8652215176195511,-39.24311223399574,0.3749127840049287,,,,,,,,,,,,,,,,,,,,,,,,,,,,,,,,,,,,,,,,,,,,,,,,,,,,,,,,,,,,,,,,,,,,,,,,,,,,,,,,,,,,,,,,,,,,,,,,,,,,,,,,,,,,,,,,,,,,,,,,,,,,,,,,,,,,,,,,,,,,,,,,,,,,,,,,,,,,,,,,,,,,,,,,,,,,,,,,,,,,,,,,,,,,,,,,,,,,,,,,,,,,,,,,,,,,,,
739,PS,OG,#9,-,MeOH_1,1.0633347942640041,4.244468230175231,81.16730619555753,-0.6939214364539992,-1.5161137485765341,-60.68976100627053,0.25228809663770485,,,,,,,,,,,,,,,,,,,,,,,,,,,,,,,,,,,,,,,,,,,,,,,,,,,,,,,,,,,,,,,,,,,,,,,,,,,,,,,,,,,,,,,,,,,,,,,,,,,,,,,,,,,,,,,,,,,,,,,,,,,,,,,,,,,,,,,,,,,,,,,,,,,,,,,,,,,,,,,,,,,,,,,,,,,,,,,,,,,,,,,,,,,,,,,,,,,,,,,,,,,,,,,,,,,,,,
740,PS,OG,#10,-,FT_1,1.3492075336176073,4.736842451604328,94.07406475555754,-0.6659623521128478,-1.3524594303433433,-69.41313137620726,0.2621438059833957,,,,,,,,,,,,,,,,,,,,,,,,,,,,,,,,,,,,,,,,,,,,,,,,,,,,,,,,,,,,,,,,,,,,,,,,,,,,,,,,,,,,,,,,,,,,,,,,,,,,,,,,,,,,,,,,,,,,,,,,,,,,,,,,,,,,,,,,,,,,,,,,,,,,,,,,,,,,,,,,,,,,,,,,,,,,,,,,,,,,,,,,,,,,,,,,,,,,,,,,,,,,,,,,,,,,,,
741,PE,HT,#1,#1,MeOH_1,1.0955409605867368,2.64850214340851,75.02553626578532,-0.25574629367113744,0.44984359742782326,-27.133159568503928,0.6383476757515995,,,,,,,,,,,,,,,,,,,,,,,,,,,,,,,,,,,,,,,,,,,,,,,,,,,,,,,,,,,,,,,,,,,,,,,,,,,,,,,,,,,,,,,,,,,,,,,,,,,,,,,,,,,,,,,,,,,,,,,,,,,,,,,,,,,,,,,,,,,,,,,,,,,,,,,,,,,,,,,,,,,,,,,,,,,,,,,,,,,,,,,,,,,,,,,,,,,,,,,,,,,,,,,,,,,,,,
742,PE,HT,#1,#2,FT_1,1.226243483972775,3.4195076246383236,81.7509647318173,-0.2936725016025589,0.01922371847500205,-35.89749182689154,0.5608921320420784,,,,,,,,,,,,,,,,,,,,,,,,,,,,,,,,,,,,,,,,,,,,,,,,,,,,,,,,,,,,,,,,,,,,,,,,,,,,,,,,,,,,,,,,,,,,,,,,,,,,,,,,,,,,,,,,,,,,,,,,,,,,,,,,,,,,,,,,,,,,,,,,,,,,,,,,,,,,,,,,,,,,,,,,,,,,,,,,,,,,,,,,,,,,,,,,,,,,,,,,,,,,,,,,,,,,,,
743,PE,HT,#1,#3,GASOLINE_1,1.1285078409245028,2.8953461532868157,73.20069846714527,-0.3510320675220397,0.7557794316413152,-22.337576208910896,0.6948447668305148,,,,,,,,,,,,,,,,,,,,,,,,,,,,,,,,,,,,,,,,,,,,,,,,,,,,,,,,,,,,,,,,,,,,,,,,,,,,,,,,,,,,,,,,,,,,,,,,,,,,,,,,,,,,,,,,,,,,,,,,,,,,,,,,,,,,,,,,,,,,,,,,,,,,,,,,,,,,,,,,,,,,,,,,,,,,,,,,,,,,,,,,,,,,,,,,,,,,,,,,,,,,,,,,,,,,,,
744,PE,HT,#1,#4,MeOH_1,1.4034944713483446,5.215596496051023,104.9146562657853,-0.558740300825006,-2.2236388115127803,-58.14104443216192,0.4458253355482532,,,,,,,,,,,,,,,,,,,,,,,,,,,,,,,,,,,,,,,,,,,,,,,,,,,,,,,,,,,,,,,,,,,,,,,,,,,,,,,,,,,,,,,,,,,,,,,,,,,,,,,,,,,,,,,,,,,,,,,,,,,,,,,,,,,,,,,,,,,,,,,,,,,,,,,,,,,,,,,,,,,,,,,,,,,,,,,,,,,,,,,,,,,,,,,,,,,,,,,,,,,,,,,,,,,,,,
745,PE,HT,#1,#5,FT_1,1.5644229051605645,6.3945420754465845,112.05916633181731,-0.6311036466505248,-2.9591119376071275,-66.55132633981287,0.406105466261025,,,,,,,,,,,,,,,,,,,,,,,,,,,,,,,,,,,,,,,,,,,,,,,,,,,,,,,,,,,,,,,,,,,,,,,,,,,,,,,,,,,,,,,,,,,,,,,,,,,,,,,,,,,,,,,,,,,,,,,,,,,,,,,,,,,,,,,,,,,,,,,,,,,,,,,,,,,,,,,,,,,,,,,,,,,,,,,,,,,,,,,,,,,,,,,,,,,,,,,,,,,,,,,,,,,,,,
746,PE,HT,#1,#6,Olefin,0.9460888955829021,1.2226337996493795,61.76614021449375,-0.28195350665334684,1.9214336092949411,-17.108815694364196,0.7230065593389706,,,,,,,,,,,,,,,,,,,,,,,,,,,,,,,,,,,,,,,,,,,,,,,,,,,,,,,,,,,,,,,,,,,,,,,,,,,,,,,,,,,,,,,,,,,,,,,,,,,,,,,,,,,,,,,,,,,,,,,,,,,,,,,,,,,,,,,,,,,,,,,,,,,,,,,,,,,,,,,,,,,,,,,,,,,,,,,,,,,,,,,,,,,,,,,,,,,,,,,,,,,,,,,,,,,,,,
747,PE,HT,#1,#7,MeOH_1,1.1021074417847538,2.6920431149875914,76.0405189598677,-0.26304036690204285,0.43682740745089027,-28.579990058033534,0.6241478826161438,,,,,,,,,,,,,,,,,,,,,,,,,,,,,,,,,,,,,,,,,,,,,,,,,,,,,,,,,,,,,,,,,,,,,,,,,,,,,,,,,,,,,,,,,,,,,,,,,,,,,,,,,,,,,,,,,,,,,,,,,,,,,,,,,,,,,,,,,,,,,,,,,,,,,,,,,,,,,,,,,,,,,,,,,,,,,,,,,,,,,,,,,,,,,,,,,,,,,,,,,,,,,,,,,,,,,,
748,PE,HT,#1,#8,FT_1,1.254266853056071,3.523332812530191,83.18128022589968,-0.3283772232032267,-0.09165101005581826,-37.45054653427969,0.5497719386793121,,,,,,,,,,,,,,,,,,,,,,,,,,,,,,,,,,,,,,,,,,,,,,,,,,,,,,,,,,,,,,,,,,,,,,,,,,,,,,,,,,,,,,,,,,,,,,,,,,,,,,,,,,,,,,,,,,,,,,,,,,,,,,,,,,,,,,,,,,,,,,,,,,,,,,,,,,,,,,,,,,,,,,,,,,,,,,,,,,,,,,,,,,,,,,,,,,,,,,,,,,,,,,,,,,,,,,
749,PE,HT,#1,#9,GASOLINE_1,1.1570365440519907,2.937975459696716,74.93275572773791,-0.3677549356493272,0.7394459086226853,-23.278339812812646,0.6893436043191498,,,,,,,,,,,,,,,,,,,,,,,,,,,,,,,,,,,,,,,,,,,,,,,,,,,,,,,,,,,,,,,,,,,,,,,,,,,,,,,,,,,,,,,,,,,,,,,,,,,,,,,,,,,,,,,,,,,,,,,,,,,,,,,,,,,,,,,,,,,,,,,,,,,,,,,,,,,,,,,,,,,,,,,,,,,,,,,,,,,,,,,,,,,,,,,,,,,,,,,,,,,,,,,,,,,,,,
750,PE,HT,#1,#10,MeOH_1,1.4529490593759489,5.561507757584168,109.36027095986766,-0.6058239751921646,-2.561957818892543,-62.614547886003436,0.42744703047616517,,,,,,,,,,,,,,,,,,,,,,,,,,,,,,,,,,,,,,,,,,,,,,,,,,,,,,,,,,,,,,,,,,,,,,,,,,,,,,,,,,,,,,,,,,,,,,,,,,,,,,,,,,,,,,,,,,,,,,,,,,,,,,,,,,,,,,,,,,,,,,,,,,,,,,,,,,,,,,,,,,,,,,,,,,,,,,,,,,,,,,,,,,,,,,,,,,,,,,,,,,,,,,,,,,,,,,
751,PE,HT,#1,#11,FT_1,1.618361519218554,6.768610375503572,116.27753462589968,-0.6920343067561764,-3.341639135821588,-71.03151940552367,0.38912086815347663,,,,,,,,,,,,,,,,,,,,,,,,,,,,,,,,,,,,,,,,,,,,,,,,,,,,,,,,,,,,,,,,,,,,,,,,,,,,,,,,,,,,,,,,,,,,,,,,,,,,,,,,,,,,,,,,,,,,,,,,,,,,,,,,,,,,,,,,,,,,,,,,,,,,,,,,,,,,,,,,,,,,,,,,,,,,,,,,,,,,,,,,,,,,,,,,,,,,,,,,,,,,,,,,,,,,,,
752,PE,HT,#2,#1,MeOH_1,1.208171618270913,3.100427489753121,79.45125926434532,-0.38840608790862263,0.13982171076639116,-31.321336297406972,0.6057792338671869,,,,,,,,,,,,,,,,,,,,,,,,,,,,,,,,,,,,,,,,,,,,,,,,,,,,,,,,,,,,,,,,,,,,,,,,,,,,,,,,,,,,,,,,,,,,,,,,,,,,,,,,,,,,,,,,,,,,,,,,,,,,,,,,,,,,,,,,,,,,,,,,,,,,,,,,,,,,,,,,,,,,,,,,,,,,,,,,,,,,,,,,,,,,,,,,,,,,,,,,,,,,,,,,,,,,,,
753,PE,HT,#2,#2,FT_1,1.3388741416569487,3.8714329709829354,86.17668773037731,-0.42633229584004156,-0.2907981681864306,-40.08566855579457,0.5348432434394393,,,,,,,,,,,,,,,,,,,,,,,,,,,,,,,,,,,,,,,,,,,,,,,,,,,,,,,,,,,,,,,,,,,,,,,,,,,,,,,,,,,,,,,,,,,,,,,,,,,,,,,,,,,,,,,,,,,,,,,,,,,,,,,,,,,,,,,,,,,,,,,,,,,,,,,,,,,,,,,,,,,,,,,,,,,,,,,,,,,,,,,,,,,,,,,,,,,,,,,,,,,,,,,,,,,,,,
754,PE,HT,#2,#3,H2_1,1.2411384986086769,3.347271499631427,77.62642146570528,-0.4836918617595225,0.44575754497988285,-26.52575293781393,0.6582896333881268,,,,,,,,,,,,,,,,,,,,,,,,,,,,,,,,,,,,,,,,,,,,,,,,,,,,,,,,,,,,,,,,,,,,,,,,,,,,,,,,,,,,,,,,,,,,,,,,,,,,,,,,,,,,,,,,,,,,,,,,,,,,,,,,,,,,,,,,,,,,,,,,,,,,,,,,,,,,,,,,,,,,,,,,,,,,,,,,,,,,,,,,,,,,,,,,,,,,,,,,,,,,,,,,,,,,,,
755,PE,HT,#2,#4,MeOH_1,1.5161251290325206,5.667521842395636,109.3403792643453,-0.6914000950624906,-2.5336606981742147,-62.32922116106495,0.4299523965398405,,,,,,,,,,,,,,,,,,,,,,,,,,,,,,,,,,,,,,,,,,,,,,,,,,,,,,,,,,,,,,,,,,,,,,,,,,,,,,,,,,,,,,,,,,,,,,,,,,,,,,,,,,,,,,,,,,,,,,,,,,,,,,,,,,,,,,,,,,,,,,,,,,,,,,,,,,,,,,,,,,,,,,,,,,,,,,,,,,,,,,,,,,,,,,,,,,,,,,,,,,,,,,,,,,,,,,
756,PE,HT,#2,#5,FT_1,1.67705356284474,6.846467421791197,116.48488933037731,-0.7637634408880092,-3.2691338242685615,-70.73950306871593,0.3927151970065163,,,,,,,,,,,,,,,,,,,,,,,,,,,,,,,,,,,,,,,,,,,,,,,,,,,,,,,,,,,,,,,,,,,,,,,,,,,,,,,,,,,,,,,,,,,,,,,,,,,,,,,,,,,,,,,,,,,,,,,,,,,,,,,,,,,,,,,,,,,,,,,,,,,,,,,,,,,,,,,,,,,,,,,,,,,,,,,,,,,,,,,,,,,,,,,,,,,,,,,,,,,,,,,,,,,,,,
757,PE,HT,#2,#6,Olefin,1.0587195532670781,1.67455914599399,66.19186321305375,-0.41461330089083137,1.6114117226335094,-21.296992423267234,0.6782536192595462,,,,,,,,,,,,,,,,,,,,,,,,,,,,,,,,,,,,,,,,,,,,,,,,,,,,,,,,,,,,,,,,,,,,,,,,,,,,,,,,,,,,,,,,,,,,,,,,,,,,,,,,,,,,,,,,,,,,,,,,,,,,,,,,,,,,,,,,,,,,,,,,,,,,,,,,,,,,,,,,,,,,,,,,,,,,,,,,,,,,,,,,,,,,,,,,,,,,,,,,,,,,,,,,,,,,,,
758,PE,HT,#2,#7,MeOH_1,1.214738099468928,3.143968461332202,80.4662419584277,-0.3957001611395258,0.12680552078945845,-32.76816678693659,0.5927712542625512,,,,,,,,,,,,,,,,,,,,,,,,,,,,,,,,,,,,,,,,,,,,,,,,,,,,,,,,,,,,,,,,,,,,,,,,,,,,,,,,,,,,,,,,,,,,,,,,,,,,,,,,,,,,,,,,,,,,,,,,,,,,,,,,,,,,,,,,,,,,,,,,,,,,,,,,,,,,,,,,,,,,,,,,,,,,,,,,,,,,,,,,,,,,,,,,,,,,,,,,,,,,,,,,,,,,,,
759,PE,HT,#2,#8,FT_1,1.3668975107402452,3.975258158874802,87.60700322445969,-0.4610370174407098,-0.40167289671725037,-41.638723263182705,0.524710106148714,,,,,,,,,,,,,,,,,,,,,,,,,,,,,,,,,,,,,,,,,,,,,,,,,,,,,,,,,,,,,,,,,,,,,,,,,,,,,,,,,,,,,,,,,,,,,,,,,,,,,,,,,,,,,,,,,,,,,,,,,,,,,,,,,,,,,,,,,,,,,,,,,,,,,,,,,,,,,,,,,,,,,,,,,,,,,,,,,,,,,,,,,,,,,,,,,,,,,,,,,,,,,,,,,,,,,,
760,PE,HT,#2,#9,H2_1,1.269667201736165,3.3899008060413265,79.35847872629789,-0.5004147298868101,0.42942402196125357,-27.466516541715674,0.6538931065394303,,,,,,,,,,,,,,,,,,,,,,,,,,,,,,,,,,,,,,,,,,,,,,,,,,,,,,,,,,,,,,,,,,,,,,,,,,,,,,,,,,,,,,,,,,,,,,,,,,,,,,,,,,,,,,,,,,,,,,,,,,,,,,,,,,,,,,,,,,,,,,,,,,,,,,,,,,,,,,,,,,,,,,,,,,,,,,,,,,,,,,,,,,,,,,,,,,,,,,,,,,,,,,,,,,,,,,
761,PE,HT,#2,#10,MeOH_1,1.5655797170601249,6.01343310392878,113.7859939584277,-0.7384837694296491,-2.8719797055539775,-66.80272461490651,0.41290907350764783,,,,,,,,,,,,,,,,,,,,,,,,,,,,,,,,,,,,,,,,,,,,,,,,,,,,,,,,,,,,,,,,,,,,,,,,,,,,,,,,,,,,,,,,,,,,,,,,,,,,,,,,,,,,,,,,,,,,,,,,,,,,,,,,,,,,,,,,,,,,,,,,,,,,,,,,,,,,,,,,,,,,,,,,,,,,,,,,,,,,,,,,,,,,,,,,,,,,,,,,,,,,,,,,,,,,,,
762,PE,HT,#2,#11,FT_1,1.7309921769027279,7.220535721848184,120.70325762445968,-0.8246941009936589,-3.651661022483021,-75.21969613442671,0.37682132516708516,,,,,,,,,,,,,,,,,,,,,,,,,,,,,,,,,,,,,,,,,,,,,,,,,,,,,,,,,,,,,,,,,,,,,,,,,,,,,,,,,,,,,,,,,,,,,,,,,,,,,,,,,,,,,,,,,,,,,,,,,,,,,,,,,,,,,,,,,,,,,,,,,,,,,,,,,,,,,,,,,,,,,,,,,,,,,,,,,,,,,,,,,,,,,,,,,,,,,,,,,,,,,,,,,,,,,,
763,PE,HT,#3,#1,MeOH_1,1.2982320629043702,3.801409519169051,86.6665201561461,-0.4433593883755505,-0.5544794415007186,-37.4351585487197,0.5680551326939954,,,,,,,,,,,,,,,,,,,,,,,,,,,,,,,,,,,,,,,,,,,,,,,,,,,,,,,,,,,,,,,,,,,,,,,,,,,,,,,,,,,,,,,,,,,,,,,,,,,,,,,,,,,,,,,,,,,,,,,,,,,,,,,,,,,,,,,,,,,,,,,,,,,,,,,,,,,,,,,,,,,,,,,,,,,,,,,,,,,,,,,,,,,,,,,,,,,,,,,,,,,,,,,,,,,,,,
764,PE,HT,#3,#2,FT_1,1.4289345862904081,4.572415000398865,93.39194862217806,-0.4812855963069717,-0.9850993204535404,-46.19949080710727,0.5053161274746533,,,,,,,,,,,,,,,,,,,,,,,,,,,,,,,,,,,,,,,,,,,,,,,,,,,,,,,,,,,,,,,,,,,,,,,,,,,,,,,,,,,,,,,,,,,,,,,,,,,,,,,,,,,,,,,,,,,,,,,,,,,,,,,,,,,,,,,,,,,,,,,,,,,,,,,,,,,,,,,,,,,,,,,,,,,,,,,,,,,,,,,,,,,,,,,,,,,,,,,,,,,,,,,,,,,,,,
765,PE,HT,#3,#3,H2_1,1.3311989432421363,4.048253529047357,84.84168235750604,-0.5386451622264528,-0.24854360728722663,-32.63957518912663,0.6152884492366626,,,,,,,,,,,,,,,,,,,,,,,,,,,,,,,,,,,,,,,,,,,,,,,,,,,,,,,,,,,,,,,,,,,,,,,,,,,,,,,,,,,,,,,,,,,,,,,,,,,,,,,,,,,,,,,,,,,,,,,,,,,,,,,,,,,,,,,,,,,,,,,,,,,,,,,,,,,,,,,,,,,,,,,,,,,,,,,,,,,,,,,,,,,,,,,,,,,,,,,,,,,,,,,,,,,,,,
766,PE,HT,#3,#4,MeOH_1,1.6061855736659783,6.368503871811564,116.55564015614608,-0.7463533955294194,-3.2279618504413223,-68.44304341237768,0.41278651706012165,,,,,,,,,,,,,,,,,,,,,,,,,,,,,,,,,,,,,,,,,,,,,,,,,,,,,,,,,,,,,,,,,,,,,,,,,,,,,,,,,,,,,,,,,,,,,,,,,,,,,,,,,,,,,,,,,,,,,,,,,,,,,,,,,,,,,,,,,,,,,,,,,,,,,,,,,,,,,,,,,,,,,,,,,,,,,,,,,,,,,,,,,,,,,,,,,,,,,,,,,,,,,,,,,,,,,,
767,PE,HT,#3,#5,FT_1,1.7671140074781975,7.547449451207125,123.70015022217805,-0.8187167413549375,-3.9634349765356696,-76.85332532002863,0.37871275675904814,,,,,,,,,,,,,,,,,,,,,,,,,,,,,,,,,,,,,,,,,,,,,,,,,,,,,,,,,,,,,,,,,,,,,,,,,,,,,,,,,,,,,,,,,,,,,,,,,,,,,,,,,,,,,,,,,,,,,,,,,,,,,,,,,,,,,,,,,,,,,,,,,,,,,,,,,,,,,,,,,,,,,,,,,,,,,,,,,,,,,,,,,,,,,,,,,,,,,,,,,,,,,,,,,,,,,,
768,PE,HT,#3,#6,Olefin,1.148779997900535,2.375541175409921,73.40712410485453,-0.46956660135775946,0.9171105703663986,-27.41081467457996,0.6265919008701877,,,,,,,,,,,,,,,,,,,,,,,,,,,,,,,,,,,,,,,,,,,,,,,,,,,,,,,,,,,,,,,,,,,,,,,,,,,,,,,,,,,,,,,,,,,,,,,,,,,,,,,,,,,,,,,,,,,,,,,,,,,,,,,,,,,,,,,,,,,,,,,,,,,,,,,,,,,,,,,,,,,,,,,,,,,,,,,,,,,,,,,,,,,,,,,,,,,,,,,,,,,,,,,,,,,,,,
769,PE,HT,#3,#7,MeOH_1,1.304798544102387,3.844950490748131,87.6815028502285,-0.4506534616064559,-0.5674956314776501,-38.88198903824931,0.556554258602697,,,,,,,,,,,,,,,,,,,,,,,,,,,,,,,,,,,,,,,,,,,,,,,,,,,,,,,,,,,,,,,,,,,,,,,,,,,,,,,,,,,,,,,,,,,,,,,,,,,,,,,,,,,,,,,,,,,,,,,,,,,,,,,,,,,,,,,,,,,,,,,,,,,,,,,,,,,,,,,,,,,,,,,,,,,,,,,,,,,,,,,,,,,,,,,,,,,,,,,,,,,,,,,,,,,,,,
770,PE,HT,#3,#8,FT_1,1.4569579553737042,4.676240188290731,94.82226411626047,-0.5159903179076395,-1.0959740489843592,-47.75254551449544,0.49639943783722984,,,,,,,,,,,,,,,,,,,,,,,,,,,,,,,,,,,,,,,,,,,,,,,,,,,,,,,,,,,,,,,,,,,,,,,,,,,,,,,,,,,,,,,,,,,,,,,,,,,,,,,,,,,,,,,,,,,,,,,,,,,,,,,,,,,,,,,,,,,,,,,,,,,,,,,,,,,,,,,,,,,,,,,,,,,,,,,,,,,,,,,,,,,,,,,,,,,,,,,,,,,,,,,,,,,,,,
771,PE,HT,#3,#9,H2_1,1.3597276463696242,4.090882835457257,86.57373961809868,-0.5553680303537403,-0.26487713030585647,-33.580338793028396,0.612118652363167,,,,,,,,,,,,,,,,,,,,,,,,,,,,,,,,,,,,,,,,,,,,,,,,,,,,,,,,,,,,,,,,,,,,,,,,,,,,,,,,,,,,,,,,,,,,,,,,,,,,,,,,,,,,,,,,,,,,,,,,,,,,,,,,,,,,,,,,,,,,,,,,,,,,,,,,,,,,,,,,,,,,,,,,,,,,,,,,,,,,,,,,,,,,,,,,,,,,,,,,,,,,,,,,,,,,,,
772,PE,HT,#3,#10,MeOH_1,1.6556401616935825,6.714415133344708,121.00125485022845,-0.7934370698965775,-3.5662808578210856,-72.91654686621919,0.39739015966013735,,,,,,,,,,,,,,,,,,,,,,,,,,,,,,,,,,,,,,,,,,,,,,,,,,,,,,,,,,,,,,,,,,,,,,,,,,,,,,,,,,,,,,,,,,,,,,,,,,,,,,,,,,,,,,,,,,,,,,,,,,,,,,,,,,,,,,,,,,,,,,,,,,,,,,,,,,,,,,,,,,,,,,,,,,,,,,,,,,,,,,,,,,,,,,,,,,,,,,,,,,,,,,,,,,,,,,
773,PE,HT,#3,#11,FT_1,1.8210526215361875,7.921517751264113,127.91851851626048,-0.8796474014605895,-4.34596217475013,-81.33351838573944,0.36417713925133793,,,,,,,,,,,,,,,,,,,,,,,,,,,,,,,,,,,,,,,,,,,,,,,,,,,,,,,,,,,,,,,,,,,,,,,,,,,,,,,,,,,,,,,,,,,,,,,,,,,,,,,,,,,,,,,,,,,,,,,,,,,,,,,,,,,,,,,,,,,,,,,,,,,,,,,,,,,,,,,,,,,,,,,,,,,,,,,,,,,,,,,,,,,,,,,,,,,,,,,,,,,,,,,,,,,,,,
774,PE,HT,#4,#1,MeOH_1,1.360343595476856,3.98800386807172,88.8766649421781,-0.48429153192324564,-0.7228872024524924,-40.537761999890186,0.5438874531772374,,,,,,,,,,,,,,,,,,,,,,,,,,,,,,,,,,,,,,,,,,,,,,,,,,,,,,,,,,,,,,,,,,,,,,,,,,,,,,,,,,,,,,,,,,,,,,,,,,,,,,,,,,,,,,,,,,,,,,,,,,,,,,,,,,,,,,,,,,,,,,,,,,,,,,,,,,,,,,,,,,,,,,,,,,,,,,,,,,,,,,,,,,,,,,,,,,,,,,,,,,,,,,,,,,,,,,
775,PE,HT,#4,#2,FT_1,1.4910461188628938,4.759009349301534,95.60209340821008,-0.522217739854667,-1.1535070814053139,-49.30209425827779,0.48429900956495336,,,,,,,,,,,,,,,,,,,,,,,,,,,,,,,,,,,,,,,,,,,,,,,,,,,,,,,,,,,,,,,,,,,,,,,,,,,,,,,,,,,,,,,,,,,,,,,,,,,,,,,,,,,,,,,,,,,,,,,,,,,,,,,,,,,,,,,,,,,,,,,,,,,,,,,,,,,,,,,,,,,,,,,,,,,,,,,,,,,,,,,,,,,,,,,,,,,,,,,,,,,,,,,,,,,,,,
776,PE,HT,#4,#3,H2_1,1.3933104758146218,4.234847877950025,87.05182714353805,-0.579577305774148,-0.41695136823900014,-35.74217864029715,0.5894149518382588,,,,,,,,,,,,,,,,,,,,,,,,,,,,,,,,,,,,,,,,,,,,,,,,,,,,,,,,,,,,,,,,,,,,,,,,,,,,,,,,,,,,,,,,,,,,,,,,,,,,,,,,,,,,,,,,,,,,,,,,,,,,,,,,,,,,,,,,,,,,,,,,,,,,,,,,,,,,,,,,,,,,,,,,,,,,,,,,,,,,,,,,,,,,,,,,,,,,,,,,,,,,,,,,,,,,,,
777,PE,HT,#4,#4,MeOH_1,1.6682971062384637,6.555098220714232,118.7657849421781,-0.7872855390771143,-3.3963696113930952,-71.5456468635482,0.39759041799470557,,,,,,,,,,,,,,,,,,,,,,,,,,,,,,,,,,,,,,,,,,,,,,,,,,,,,,,,,,,,,,,,,,,,,,,,,,,,,,,,,,,,,,,,,,,,,,,,,,,,,,,,,,,,,,,,,,,,,,,,,,,,,,,,,,,,,,,,,,,,,,,,,,,,,,,,,,,,,,,,,,,,,,,,,,,,,,,,,,,,,,,,,,,,,,,,,,,,,,,,,,,,,,,,,,,,,,
778,PE,HT,#4,#5,FT_1,1.8292255400506834,7.734043800109795,125.91029500821008,-0.8596488849026328,-4.131842737487443,-79.95592877119915,0.36497703570636897,,,,,,,,,,,,,,,,,,,,,,,,,,,,,,,,,,,,,,,,,,,,,,,,,,,,,,,,,,,,,,,,,,,,,,,,,,,,,,,,,,,,,,,,,,,,,,,,,,,,,,,,,,,,,,,,,,,,,,,,,,,,,,,,,,,,,,,,,,,,,,,,,,,,,,,,,,,,,,,,,,,,,,,,,,,,,,,,,,,,,,,,,,,,,,,,,,,,,,,,,,,,,,,,,,,,,,
779,PE,HT,#4,#6,Olefin,1.2108915304730212,2.5621355243125903,75.61726889088652,-0.5104987449054549,0.7487028094146249,-30.51341812575045,0.5964755329925971,,,,,,,,,,,,,,,,,,,,,,,,,,,,,,,,,,,,,,,,,,,,,,,,,,,,,,,,,,,,,,,,,,,,,,,,,,,,,,,,,,,,,,,,,,,,,,,,,,,,,,,,,,,,,,,,,,,,,,,,,,,,,,,,,,,,,,,,,,,,,,,,,,,,,,,,,,,,,,,,,,,,,,,,,,,,,,,,,,,,,,,,,,,,,,,,,,,,,,,,,,,,,,,,,,,,,,
780,PE,HT,#4,#7,MeOH_1,1.3669100766748727,4.031544839650801,89.89164763626049,-0.4915856051541509,-0.7359033924294248,-41.9845924894198,0.5329422299688268,,,,,,,,,,,,,,,,,,,,,,,,,,,,,,,,,,,,,,,,,,,,,,,,,,,,,,,,,,,,,,,,,,,,,,,,,,,,,,,,,,,,,,,,,,,,,,,,,,,,,,,,,,,,,,,,,,,,,,,,,,,,,,,,,,,,,,,,,,,,,,,,,,,,,,,,,,,,,,,,,,,,,,,,,,,,,,,,,,,,,,,,,,,,,,,,,,,,,,,,,,,,,,,,,,,,,,
781,PE,HT,#4,#8,FT_1,1.51906948794619,4.862834537193401,97.03240890229247,-0.5569224614553349,-1.264381809936134,-50.85514896566594,0.4758952236579541,,,,,,,,,,,,,,,,,,,,,,,,,,,,,,,,,,,,,,,,,,,,,,,,,,,,,,,,,,,,,,,,,,,,,,,,,,,,,,,,,,,,,,,,,,,,,,,,,,,,,,,,,,,,,,,,,,,,,,,,,,,,,,,,,,,,,,,,,,,,,,,,,,,,,,,,,,,,,,,,,,,,,,,,,,,,,,,,,,,,,,,,,,,,,,,,,,,,,,,,,,,,,,,,,,,,,,
782,PE,HT,#4,#9,H2_1,1.4218391789421096,4.277477184359926,88.78388440413069,-0.5963001739014352,-0.4332848912576303,-36.682942244198905,0.5868288204509756,,,,,,,,,,,,,,,,,,,,,,,,,,,,,,,,,,,,,,,,,,,,,,,,,,,,,,,,,,,,,,,,,,,,,,,,,,,,,,,,,,,,,,,,,,,,,,,,,,,,,,,,,,,,,,,,,,,,,,,,,,,,,,,,,,,,,,,,,,,,,,,,,,,,,,,,,,,,,,,,,,,,,,,,,,,,,,,,,,,,,,,,,,,,,,,,,,,,,,,,,,,,,,,,,,,,,,
783,PE,HT,#4,#10,MeOH_1,1.717751694266068,6.901009482247377,123.21139963626047,-0.8343692134442726,-3.7346886187728585,-76.01915031738973,0.3830185312251117,,,,,,,,,,,,,,,,,,,,,,,,,,,,,,,,,,,,,,,,,,,,,,,,,,,,,,,,,,,,,,,,,,,,,,,,,,,,,,,,,,,,,,,,,,,,,,,,,,,,,,,,,,,,,,,,,,,,,,,,,,,,,,,,,,,,,,,,,,,,,,,,,,,,,,,,,,,,,,,,,,,,,,,,,,,,,,,,,,,,,,,,,,,,,,,,,,,,,,,,,,,,,,,,,,,,,,
784,PE,HT,#4,#11,FT_1,1.8831641541086725,8.108112100166782,130.12866330229247,-0.9205795450082837,-4.514369935701903,-84.43612183690992,0.35113356508732835,,,,,,,,,,,,,,,,,,,,,,,,,,,,,,,,,,,,,,,,,,,,,,,,,,,,,,,,,,,,,,,,,,,,,,,,,,,,,,,,,,,,,,,,,,,,,,,,,,,,,,,,,,,,,,,,,,,,,,,,,,,,,,,,,,,,,,,,,,,,,,,,,,,,,,,,,,,,,,,,,,,,,,,,,,,,,,,,,,,,,,,,,,,,,,,,,,,,,,,,,,,,,,,,,,,,,,
785,PE,HT,#5,#1,MeOH_1,1.3114020183027806,3.588031788036571,85.79288827848882,-0.4546628834257888,-0.20332090267795652,-35.27734853032943,0.5888080091695123,,,,,,,,,,,,,,,,,,,,,,,,,,,,,,,,,,,,,,,,,,,,,,,,,,,,,,,,,,,,,,,,,,,,,,,,,,,,,,,,,,,,,,,,,,,,,,,,,,,,,,,,,,,,,,,,,,,,,,,,,,,,,,,,,,,,,,,,,,,,,,,,,,,,,,,,,,,,,,,,,,,,,,,,,,,,,,,,,,,,,,,,,,,,,,,,,,,,,,,,,,,,,,,,,,,,,,
786,PE,HT,#5,#2,FT_1,1.4421045416888187,4.359037269266385,92.51831674452082,-0.49258909135720985,-0.6339407816307786,-44.04168078871703,0.5239679845199379,,,,,,,,,,,,,,,,,,,,,,,,,,,,,,,,,,,,,,,,,,,,,,,,,,,,,,,,,,,,,,,,,,,,,,,,,,,,,,,,,,,,,,,,,,,,,,,,,,,,,,,,,,,,,,,,,,,,,,,,,,,,,,,,,,,,,,,,,,,,,,,,,,,,,,,,,,,,,,,,,,,,,,,,,,,,,,,,,,,,,,,,,,,,,,,,,,,,,,,,,,,,,,,,,,,,,,
787,PE,HT,#5,#3,H2_1,1.3443688986405464,3.834875797914876,83.9680504798488,-0.5499486572766908,0.10261493153553575,-30.48176517073641,0.6369837694629862,,,,,,,,,,,,,,,,,,,,,,,,,,,,,,,,,,,,,,,,,,,,,,,,,,,,,,,,,,,,,,,,,,,,,,,,,,,,,,,,,,,,,,,,,,,,,,,,,,,,,,,,,,,,,,,,,,,,,,,,,,,,,,,,,,,,,,,,,,,,,,,,,,,,,,,,,,,,,,,,,,,,,,,,,,,,,,,,,,,,,,,,,,,,,,,,,,,,,,,,,,,,,,,,,,,,,,
788,PE,HT,#5,#4,MeOH_1,1.6193555290643906,6.1551261406790845,115.68200827848882,-0.7576568905796595,-2.8768033116185605,-66.28523339398744,0.4270048179452877,,,,,,,,,,,,,,,,,,,,,,,,,,,,,,,,,,,,,,,,,,,,,,,,,,,,,,,,,,,,,,,,,,,,,,,,,,,,,,,,,,,,,,,,,,,,,,,,,,,,,,,,,,,,,,,,,,,,,,,,,,,,,,,,,,,,,,,,,,,,,,,,,,,,,,,,,,,,,,,,,,,,,,,,,,,,,,,,,,,,,,,,,,,,,,,,,,,,,,,,,,,,,,,,,,,,,,
789,PE,HT,#5,#5,FT_1,1.7802839628766105,7.334071720074644,122.82651834452082,-0.8300202364051784,-3.6122764377129064,-74.69551530163838,0.39186165733264483,,,,,,,,,,,,,,,,,,,,,,,,,,,,,,,,,,,,,,,,,,,,,,,,,,,,,,,,,,,,,,,,,,,,,,,,,,,,,,,,,,,,,,,,,,,,,,,,,,,,,,,,,,,,,,,,,,,,,,,,,,,,,,,,,,,,,,,,,,,,,,,,,,,,,,,,,,,,,,,,,,,,,,,,,,,,,,,,,,,,,,,,,,,,,,,,,,,,,,,,,,,,,,,,,,,,,,
790,PE,HT,#5,#6,Olefin,1.1619499532989461,2.1621634442774402,72.53349222719729,-0.48087009640799805,1.2682691091891616,-25.25300465618971,0.6518435293713764,,,,,,,,,,,,,,,,,,,,,,,,,,,,,,,,,,,,,,,,,,,,,,,,,,,,,,,,,,,,,,,,,,,,,,,,,,,,,,,,,,,,,,,,,,,,,,,,,,,,,,,,,,,,,,,,,,,,,,,,,,,,,,,,,,,,,,,,,,,,,,,,,,,,,,,,,,,,,,,,,,,,,,,,,,,,,,,,,,,,,,,,,,,,,,,,,,,,,,,,,,,,,,,,,,,,,,
791,PE,HT,#5,#7,MeOH_1,1.3179684995007974,3.631572759615652,86.8078709725712,-0.4619569566566939,-0.2163370926548895,-36.724179019859044,0.5769487419929602,,,,,,,,,,,,,,,,,,,,,,,,,,,,,,,,,,,,,,,,,,,,,,,,,,,,,,,,,,,,,,,,,,,,,,,,,,,,,,,,,,,,,,,,,,,,,,,,,,,,,,,,,,,,,,,,,,,,,,,,,,,,,,,,,,,,,,,,,,,,,,,,,,,,,,,,,,,,,,,,,,,,,,,,,,,,,,,,,,,,,,,,,,,,,,,,,,,,,,,,,,,,,,,,,,,,,,
792,PE,HT,#5,#8,FT_1,1.470127910772115,4.462862457158252,93.9486322386032,-0.5272938129578784,-0.7448155101615981,-45.59473549610519,0.5146844141348718,,,,,,,,,,,,,,,,,,,,,,,,,,,,,,,,,,,,,,,,,,,,,,,,,,,,,,,,,,,,,,,,,,,,,,,,,,,,,,,,,,,,,,,,,,,,,,,,,,,,,,,,,,,,,,,,,,,,,,,,,,,,,,,,,,,,,,,,,,,,,,,,,,,,,,,,,,,,,,,,,,,,,,,,,,,,,,,,,,,,,,,,,,,,,,,,,,,,,,,,,,,,,,,,,,,,,,
793,PE,HT,#5,#9,H2_1,1.372897601768035,3.8775051043247766,85.70010774044141,-0.5666715254039789,0.0862814085169056,-31.42252877463815,0.633343182370236,,,,,,,,,,,,,,,,,,,,,,,,,,,,,,,,,,,,,,,,,,,,,,,,,,,,,,,,,,,,,,,,,,,,,,,,,,,,,,,,,,,,,,,,,,,,,,,,,,,,,,,,,,,,,,,,,,,,,,,,,,,,,,,,,,,,,,,,,,,,,,,,,,,,,,,,,,,,,,,,,,,,,,,,,,,,,,,,,,,,,,,,,,,,,,,,,,,,,,,,,,,,,,,,,,,,,,
794,PE,HT,#5,#10,MeOH_1,1.6688101170919958,6.501037402212229,120.1276229725712,-0.8047405649468189,-3.215122318998324,-70.75873684782896,0.4109703072707488,,,,,,,,,,,,,,,,,,,,,,,,,,,,,,,,,,,,,,,,,,,,,,,,,,,,,,,,,,,,,,,,,,,,,,,,,,,,,,,,,,,,,,,,,,,,,,,,,,,,,,,,,,,,,,,,,,,,,,,,,,,,,,,,,,,,,,,,,,,,,,,,,,,,,,,,,,,,,,,,,,,,,,,,,,,,,,,,,,,,,,,,,,,,,,,,,,,,,,,,,,,,,,,,,,,,,,
795,PE,HT,#5,#11,FT_1,1.834222576934598,7.708140020131632,127.04488663860319,-0.8909508965108276,-3.9948036359273673,-79.17570836734917,0.37678949179138976,,,,,,,,,,,,,,,,,,,,,,,,,,,,,,,,,,,,,,,,,,,,,,,,,,,,,,,,,,,,,,,,,,,,,,,,,,,,,,,,,,,,,,,,,,,,,,,,,,,,,,,,,,,,,,,,,,,,,,,,,,,,,,,,,,,,,,,,,,,,,,,,,,,,,,,,,,,,,,,,,,,,,,,,,,,,,,,,,,,,,,,,,,,,,,,,,,,,,,,,,,,,,,,,,,,,,,
796,PE,HT,#6,#1,MeOH_1,1.379959551534902,4.005863991069731,90.70564559614611,-0.5191857380849174,-0.8584561273110279,-42.00556044606586,0.5369024698518811,,,,,,,,,,,,,,,,,,,,,,,,,,,,,,,,,,,,,,,,,,,,,,,,,,,,,,,,,,,,,,,,,,,,,,,,,,,,,,,,,,,,,,,,,,,,,,,,,,,,,,,,,,,,,,,,,,,,,,,,,,,,,,,,,,,,,,,,,,,,,,,,,,,,,,,,,,,,,,,,,,,,,,,,,,,,,,,,,,,,,,,,,,,,,,,,,,,,,,,,,,,,,,,,,,,,,,
797,PE,HT,#6,#2,FT_1,1.5106620749209394,4.776869472299544,97.43107406217808,-0.5571119460163387,-1.2890760062638489,-50.76989270445344,0.47891477956967443,,,,,,,,,,,,,,,,,,,,,,,,,,,,,,,,,,,,,,,,,,,,,,,,,,,,,,,,,,,,,,,,,,,,,,,,,,,,,,,,,,,,,,,,,,,,,,,,,,,,,,,,,,,,,,,,,,,,,,,,,,,,,,,,,,,,,,,,,,,,,,,,,,,,,,,,,,,,,,,,,,,,,,,,,,,,,,,,,,,,,,,,,,,,,,,,,,,,,,,,,,,,,,,,,,,,,,
798,PE,HT,#6,#3,MeOH_1,1.4129264318726678,4.252708000948036,88.88080779750605,-0.6144715119358197,-0.5525202930975354,-37.20997708647279,0.5813496973244556,,,,,,,,,,,,,,,,,,,,,,,,,,,,,,,,,,,,,,,,,,,,,,,,,,,,,,,,,,,,,,,,,,,,,,,,,,,,,,,,,,,,,,,,,,,,,,,,,,,,,,,,,,,,,,,,,,,,,,,,,,,,,,,,,,,,,,,,,,,,,,,,,,,,,,,,,,,,,,,,,,,,,,,,,,,,,,,,,,,,,,,,,,,,,,,,,,,,,,,,,,,,,,,,,,,,,,
799,PE,HT,#6,#4,MeOH_1,1.6879130622965115,6.5729583437122425,120.59476559614609,-0.8221797452387878,-3.531938536251631,-73.01344530972383,0.3945554357289851,,,,,,,,,,,,,,,,,,,,,,,,,,,,,,,,,,,,,,,,,,,,,,,,,,,,,,,,,,,,,,,,,,,,,,,,,,,,,,,,,,,,,,,,,,,,,,,,,,,,,,,,,,,,,,,,,,,,,,,,,,,,,,,,,,,,,,,,,,,,,,,,,,,,,,,,,,,,,,,,,,,,,,,,,,,,,,,,,,,,,,,,,,,,,,,,,,,,,,,,,,,,,,,,,,,,,,
800,PE,HT,#6,#5,FT_1,1.8488414961087296,7.751903923107807,127.7392756621781,-0.8945430910643049,-4.267411662345981,-81.42372721737482,0.3625787621286528,,,,,,,,,,,,,,,,,,,,,,,,,,,,,,,,,,,,,,,,,,,,,,,,,,,,,,,,,,,,,,,,,,,,,,,,,,,,,,,,,,,,,,,,,,,,,,,,,,,,,,,,,,,,,,,,,,,,,,,,,,,,,,,,,,,,,,,,,,,,,,,,,,,,,,,,,,,,,,,,,,,,,,,,,,,,,,,,,,,,,,,,,,,,,,,,,,,,,,,,,,,,,,,,,,,,,,
801,PE,HT,#6,#6,Olefin,1.2305074865310668,2.5799956473106005,77.44624954485452,-0.5453929510671267,0.6131338845560896,-31.9812165719261,0.5870527396758761,,,,,,,,,,,,,,,,,,,,,,,,,,,,,,,,,,,,,,,,,,,,,,,,,,,,,,,,,,,,,,,,,,,,,,,,,,,,,,,,,,,,,,,,,,,,,,,,,,,,,,,,,,,,,,,,,,,,,,,,,,,,,,,,,,,,,,,,,,,,,,,,,,,,,,,,,,,,,,,,,,,,,,,,,,,,,,,,,,,,,,,,,,,,,,,,,,,,,,,,,,,,,,,,,,,,,,
802,PE,HT,#6,#7,MeOH_1,1.386526032732919,4.049404962648811,91.72062829022846,-0.5264798113158228,-0.8714723172879604,-43.45239093559545,0.5262527989003681,,,,,,,,,,,,,,,,,,,,,,,,,,,,,,,,,,,,,,,,,,,,,,,,,,,,,,,,,,,,,,,,,,,,,,,,,,,,,,,,,,,,,,,,,,,,,,,,,,,,,,,,,,,,,,,,,,,,,,,,,,,,,,,,,,,,,,,,,,,,,,,,,,,,,,,,,,,,,,,,,,,,,,,,,,,,,,,,,,,,,,,,,,,,,,,,,,,,,,,,,,,,,,,,,,,,,,
803,PE,HT,#6,#8,FT_1,1.538685444004236,4.880694660191411,98.86138955626048,-0.5918166676170068,-1.399950734794669,-52.32294741184159,0.47074436595830543,,,,,,,,,,,,,,,,,,,,,,,,,,,,,,,,,,,,,,,,,,,,,,,,,,,,,,,,,,,,,,,,,,,,,,,,,,,,,,,,,,,,,,,,,,,,,,,,,,,,,,,,,,,,,,,,,,,,,,,,,,,,,,,,,,,,,,,,,,,,,,,,,,,,,,,,,,,,,,,,,,,,,,,,,,,,,,,,,,,,,,,,,,,,,,,,,,,,,,,,,,,,,,,,,,,,,,
804,PE,HT,#6,#9,MeOH_1,1.441455135000155,4.295337307357937,90.61286505809869,-0.6311943800631066,-0.5688538161161664,-38.150740690374576,0.5789699325155067,,,,,,,,,,,,,,,,,,,,,,,,,,,,,,,,,,,,,,,,,,,,,,,,,,,,,,,,,,,,,,,,,,,,,,,,,,,,,,,,,,,,,,,,,,,,,,,,,,,,,,,,,,,,,,,,,,,,,,,,,,,,,,,,,,,,,,,,,,,,,,,,,,,,,,,,,,,,,,,,,,,,,,,,,,,,,,,,,,,,,,,,,,,,,,,,,,,,,,,,,,,,,,,,,,,,,,
805,PE,HT,#6,#10,MeOH_1,1.737367650324116,6.918869605245389,125.04038029022848,-0.8692634196059464,-3.870257543631395,-77.4869487635654,0.3803045977330513,,,,,,,,,,,,,,,,,,,,,,,,,,,,,,,,,,,,,,,,,,,,,,,,,,,,,,,,,,,,,,,,,,,,,,,,,,,,,,,,,,,,,,,,,,,,,,,,,,,,,,,,,,,,,,,,,,,,,,,,,,,,,,,,,,,,,,,,,,,,,,,,,,,,,,,,,,,,,,,,,,,,,,,,,,,,,,,,,,,,,,,,,,,,,,,,,,,,,,,,,,,,,,,,,,,,,,
806,PE,HT,#6,#11,FT_1,1.9027801101667192,8.125972223164792,131.95764395626045,-0.9554737511699564,-4.6499388605604395,-85.90392028308557,0.3490038340517822,,,,,,,,,,,,,,,,,,,,,,,,,,,,,,,,,,,,,,,,,,,,,,,,,,,,,,,,,,,,,,,,,,,,,,,,,,,,,,,,,,,,,,,,,,,,,,,,,,,,,,,,,,,,,,,,,,,,,,,,,,,,,,,,,,,,,,,,,,,,,,,,,,,,,,,,,,,,,,,,,,,,,,,,,,,,,,,,,,,,,,,,,,,,,,,,,,,,,,,,,,,,,,,,,,,,,,
807,PE,HT,#7,#1,MeOH_1,1.4390770154988686,4.386724656165745,92.80363279614609,-0.5606846234543914,-1.1261748861605367,-44.44670744940874,0.5210671596548265,,,,,,,,,,,,,,,,,,,,,,,,,,,,,,,,,,,,,,,,,,,,,,,,,,,,,,,,,,,,,,,,,,,,,,,,,,,,,,,,,,,,,,,,,,,,,,,,,,,,,,,,,,,,,,,,,,,,,,,,,,,,,,,,,,,,,,,,,,,,,,,,,,,,,,,,,,,,,,,,,,,,,,,,,,,,,,,,,,,,,,,,,,,,,,,,,,,,,,,,,,,,,,,,,,,,,,
808,PE,HT,#7,#2,FT_1,1.5697795388849047,5.157730137395559,99.52906126217808,-0.598610831385811,-1.556794765113359,-53.21103970779634,0.4653718317745554,,,,,,,,,,,,,,,,,,,,,,,,,,,,,,,,,,,,,,,,,,,,,,,,,,,,,,,,,,,,,,,,,,,,,,,,,,,,,,,,,,,,,,,,,,,,,,,,,,,,,,,,,,,,,,,,,,,,,,,,,,,,,,,,,,,,,,,,,,,,,,,,,,,,,,,,,,,,,,,,,,,,,,,,,,,,,,,,,,,,,,,,,,,,,,,,,,,,,,,,,,,,,,,,,,,,,,
809,PE,HT,#7,#3,H2_1,1.4720438958366326,4.63356866604405,90.97879499750604,-0.6559703973052917,-0.820239051947045,-39.651124089815696,0.564171804090144,,,,,,,,,,,,,,,,,,,,,,,,,,,,,,,,,,,,,,,,,,,,,,,,,,,,,,,,,,,,,,,,,,,,,,,,,,,,,,,,,,,,,,,,,,,,,,,,,,,,,,,,,,,,,,,,,,,,,,,,,,,,,,,,,,,,,,,,,,,,,,,,,,,,,,,,,,,,,,,,,,,,,,,,,,,,,,,,,,,,,,,,,,,,,,,,,,,,,,,,,,,,,,,,,,,,,,
810,PE,HT,#7,#4,MeOH_1,1.7470305262604766,6.9538190088082565,122.69275279614611,-0.8636786306082604,-3.7996572951011394,-75.45459231306675,0.38501182349022284,,,,,,,,,,,,,,,,,,,,,,,,,,,,,,,,,,,,,,,,,,,,,,,,,,,,,,,,,,,,,,,,,,,,,,,,,,,,,,,,,,,,,,,,,,,,,,,,,,,,,,,,,,,,,,,,,,,,,,,,,,,,,,,,,,,,,,,,,,,,,,,,,,,,,,,,,,,,,,,,,,,,,,,,,,,,,,,,,,,,,,,,,,,,,,,,,,,,,,,,,,,,,,,,,,,,,,
811,PE,HT,#7,#5,FT_1,1.9079589600726963,8.132764588203818,129.83726286217808,-0.936041976433779,-4.535130421195487,-83.8648742207177,0.35407700091660094,,,,,,,,,,,,,,,,,,,,,,,,,,,,,,,,,,,,,,,,,,,,,,,,,,,,,,,,,,,,,,,,,,,,,,,,,,,,,,,,,,,,,,,,,,,,,,,,,,,,,,,,,,,,,,,,,,,,,,,,,,,,,,,,,,,,,,,,,,,,,,,,,,,,,,,,,,,,,,,,,,,,,,,,,,,,,,,,,,,,,,,,,,,,,,,,,,,,,,,,,,,,,,,,,,,,,,
812,PE,HT,#7,#6,Olefin,1.289624950495034,2.9608563124066136,79.54423674485453,-0.586891836436601,0.34541512570658117,-34.422363575269,0.5672550899484785,,,,,,,,,,,,,,,,,,,,,,,,,,,,,,,,,,,,,,,,,,,,,,,,,,,,,,,,,,,,,,,,,,,,,,,,,,,,,,,,,,,,,,,,,,,,,,,,,,,,,,,,,,,,,,,,,,,,,,,,,,,,,,,,,,,,,,,,,,,,,,,,,,,,,,,,,,,,,,,,,,,,,,,,,,,,,,,,,,,,,,,,,,,,,,,,,,,,,,,,,,,,,,,,,,,,,,
813,PE,HT,#7,#7,MeOH_1,1.4456434966968836,4.430265627744825,93.81861549022848,-0.567978696685295,-1.1391910761374697,-45.893537938938344,0.5108269537006938,,,,,,,,,,,,,,,,,,,,,,,,,,,,,,,,,,,,,,,,,,,,,,,,,,,,,,,,,,,,,,,,,,,,,,,,,,,,,,,,,,,,,,,,,,,,,,,,,,,,,,,,,,,,,,,,,,,,,,,,,,,,,,,,,,,,,,,,,,,,,,,,,,,,,,,,,,,,,,,,,,,,,,,,,,,,,,,,,,,,,,,,,,,,,,,,,,,,,,,,,,,,,,,,,,,,,,
814,PE,HT,#7,#8,FT_1,1.5978029079682003,5.261555325287425,100.9593767562605,-0.6333155529864789,-1.6676694936441776,-54.76409441518451,0.4575630696750652,,,,,,,,,,,,,,,,,,,,,,,,,,,,,,,,,,,,,,,,,,,,,,,,,,,,,,,,,,,,,,,,,,,,,,,,,,,,,,,,,,,,,,,,,,,,,,,,,,,,,,,,,,,,,,,,,,,,,,,,,,,,,,,,,,,,,,,,,,,,,,,,,,,,,,,,,,,,,,,,,,,,,,,,,,,,,,,,,,,,,,,,,,,,,,,,,,,,,,,,,,,,,,,,,,,,,,
815,PE,HT,#7,#9,H2_1,1.5005725989641208,4.67619797245395,92.7108522580987,-0.6726932654325796,-0.8365725749656746,-40.59188769371747,0.5621668153722361,,,,,,,,,,,,,,,,,,,,,,,,,,,,,,,,,,,,,,,,,,,,,,,,,,,,,,,,,,,,,,,,,,,,,,,,,,,,,,,,,,,,,,,,,,,,,,,,,,,,,,,,,,,,,,,,,,,,,,,,,,,,,,,,,,,,,,,,,,,,,,,,,,,,,,,,,,,,,,,,,,,,,,,,,,,,,,,,,,,,,,,,,,,,,,,,,,,,,,,,,,,,,,,,,,,,,,
816,PE,HT,#7,#10,MeOH_1,1.7964851142880809,7.299730270341402,127.13836749022848,-0.9107623049754188,-4.1379763024809035,-79.92809576690829,0.3713298562446042,,,,,,,,,,,,,,,,,,,,,,,,,,,,,,,,,,,,,,,,,,,,,,,,,,,,,,,,,,,,,,,,,,,,,,,,,,,,,,,,,,,,,,,,,,,,,,,,,,,,,,,,,,,,,,,,,,,,,,,,,,,,,,,,,,,,,,,,,,,,,,,,,,,,,,,,,,,,,,,,,,,,,,,,,,,,,,,,,,,,,,,,,,,,,,,,,,,,,,,,,,,,,,,,,,,,,,
817,PE,HT,#7,#11,FT_1,1.9618975741306839,8.506832888260806,134.05563115626046,-0.9969726365394284,-4.917657619409948,-88.34506728642847,0.34098204958320605,,,,,,,,,,,,,,,,,,,,,,,,,,,,,,,,,,,,,,,,,,,,,,,,,,,,,,,,,,,,,,,,,,,,,,,,,,,,,,,,,,,,,,,,,,,,,,,,,,,,,,,,,,,,,,,,,,,,,,,,,,,,,,,,,,,,,,,,,,,,,,,,,,,,,,,,,,,,,,,,,,,,,,,,,,,,,,,,,,,,,,,,,,,,,,,,,,,,,,,,,,,,,,,,,,,,,,
818,PE,HT,#8,#1,MeOH_1,1.2893231354635015,2.5542805057189133,69.85554424468637,-0.49208239958661976,0.606220688915703,-22.170698490986954,0.6826207750478819,,,,,,,,,,,,,,,,,,,,,,,,,,,,,,,,,,,,,,,,,,,,,,,,,,,,,,,,,,,,,,,,,,,,,,,,,,,,,,,,,,,,,,,,,,,,,,,,,,,,,,,,,,,,,,,,,,,,,,,,,,,,,,,,,,,,,,,,,,,,,,,,,,,,,,,,,,,,,,,,,,,,,,,,,,,,,,,,,,,,,,,,,,,,,,,,,,,,,,,,,,,,,,,,,,,,,,
819,PE,HT,#8,#2,FT_1,1.4200256588495375,3.3252859869487272,76.58097271071836,-0.5300086075180388,0.17560080996288122,-30.93503074937455,0.5960480827759863,,,,,,,,,,,,,,,,,,,,,,,,,,,,,,,,,,,,,,,,,,,,,,,,,,,,,,,,,,,,,,,,,,,,,,,,,,,,,,,,,,,,,,,,,,,,,,,,,,,,,,,,,,,,,,,,,,,,,,,,,,,,,,,,,,,,,,,,,,,,,,,,,,,,,,,,,,,,,,,,,,,,,,,,,,,,,,,,,,,,,,,,,,,,,,,,,,,,,,,,,,,,,,,,,,,,,,
820,PE,HT,#8,#3,DIESEL_1,1.3222900158012671,2.801124515597219,68.03070644604632,-0.5873681734375217,0.9121565231291949,-17.375115131393922,0.7445989312903322,,,,,,,,,,,,,,,,,,,,,,,,,,,,,,,,,,,,,,,,,,,,,,,,,,,,,,,,,,,,,,,,,,,,,,,,,,,,,,,,,,,,,,,,,,,,,,,,,,,,,,,,,,,,,,,,,,,,,,,,,,,,,,,,,,,,,,,,,,,,,,,,,,,,,,,,,,,,,,,,,,,,,,,,,,,,,,,,,,,,,,,,,,,,,,,,,,,,,,,,,,,,,,,,,,,,,,
821,PE,HT,#8,#4,MeOH_1,1.5972766462251091,5.121374858361428,99.74466424468636,-0.795076406740488,-2.0672617200249017,-53.17858335464495,0.46685285115411174,,,,,,,,,,,,,,,,,,,,,,,,,,,,,,,,,,,,,,,,,,,,,,,,,,,,,,,,,,,,,,,,,,,,,,,,,,,,,,,,,,,,,,,,,,,,,,,,,,,,,,,,,,,,,,,,,,,,,,,,,,,,,,,,,,,,,,,,,,,,,,,,,,,,,,,,,,,,,,,,,,,,,,,,,,,,,,,,,,,,,,,,,,,,,,,,,,,,,,,,,,,,,,,,,,,,,,
822,PE,HT,#8,#5,FT_1,1.7582050800373283,6.300320437756988,106.88917431071835,-0.8674397525660061,-2.8027348461192476,-61.588865262295904,0.423806333434086,,,,,,,,,,,,,,,,,,,,,,,,,,,,,,,,,,,,,,,,,,,,,,,,,,,,,,,,,,,,,,,,,,,,,,,,,,,,,,,,,,,,,,,,,,,,,,,,,,,,,,,,,,,,,,,,,,,,,,,,,,,,,,,,,,,,,,,,,,,,,,,,,,,,,,,,,,,,,,,,,,,,,,,,,,,,,,,,,,,,,,,,,,,,,,,,,,,,,,,,,,,,,,,,,,,,,,
823,PE,HT,#8,#6,Olefin,1.1398710704596662,1.1284121619597827,56.596148193394804,-0.5182896125688282,2.0778107007828206,-12.146354616847214,0.7853854899216482,,,,,,,,,,,,,,,,,,,,,,,,,,,,,,,,,,,,,,,,,,,,,,,,,,,,,,,,,,,,,,,,,,,,,,,,,,,,,,,,,,,,,,,,,,,,,,,,,,,,,,,,,,,,,,,,,,,,,,,,,,,,,,,,,,,,,,,,,,,,,,,,,,,,,,,,,,,,,,,,,,,,,,,,,,,,,,,,,,,,,,,,,,,,,,,,,,,,,,,,,,,,,,,,,,,,,,
824,PE,HT,#8,#7,MeOH_1,1.2958896166615186,2.5978214772979946,70.87052693876873,-0.4993764728175252,0.59320449893877,-23.617528980516557,0.6667510458766334,,,,,,,,,,,,,,,,,,,,,,,,,,,,,,,,,,,,,,,,,,,,,,,,,,,,,,,,,,,,,,,,,,,,,,,,,,,,,,,,,,,,,,,,,,,,,,,,,,,,,,,,,,,,,,,,,,,,,,,,,,,,,,,,,,,,,,,,,,,,,,,,,,,,,,,,,,,,,,,,,,,,,,,,,,,,,,,,,,,,,,,,,,,,,,,,,,,,,,,,,,,,,,,,,,,,,,
825,PE,HT,#8,#8,FT_1,1.4480490279328353,3.4291111748405934,78.01128820480074,-0.5647133291187086,0.06472608143206239,-32.48808545676271,0.5835463532986059,,,,,,,,,,,,,,,,,,,,,,,,,,,,,,,,,,,,,,,,,,,,,,,,,,,,,,,,,,,,,,,,,,,,,,,,,,,,,,,,,,,,,,,,,,,,,,,,,,,,,,,,,,,,,,,,,,,,,,,,,,,,,,,,,,,,,,,,,,,,,,,,,,,,,,,,,,,,,,,,,,,,,,,,,,,,,,,,,,,,,,,,,,,,,,,,,,,,,,,,,,,,,,,,,,,,,,
826,PE,HT,#8,#9,DIESEL_1,1.3508187189287553,2.8437538220071192,69.76276370663895,-0.6040910415648092,0.8958230001105651,-18.315878735295666,0.7374548002095187,,,,,,,,,,,,,,,,,,,,,,,,,,,,,,,,,,,,,,,,,,,,,,,,,,,,,,,,,,,,,,,,,,,,,,,,,,,,,,,,,,,,,,,,,,,,,,,,,,,,,,,,,,,,,,,,,,,,,,,,,,,,,,,,,,,,,,,,,,,,,,,,,,,,,,,,,,,,,,,,,,,,,,,,,,,,,,,,,,,,,,,,,,,,,,,,,,,,,,,,,,,,,,,,,,,,,,
827,PE,HT,#8,#10,MeOH_1,1.6467312342527134,5.467286119894572,104.19027893876873,-0.8421600811076465,-2.405580727404665,-57.65208680848647,0.44666539531612304,,,,,,,,,,,,,,,,,,,,,,,,,,,,,,,,,,,,,,,,,,,,,,,,,,,,,,,,,,,,,,,,,,,,,,,,,,,,,,,,,,,,,,,,,,,,,,,,,,,,,,,,,,,,,,,,,,,,,,,,,,,,,,,,,,,,,,,,,,,,,,,,,,,,,,,,,,,,,,,,,,,,,,,,,,,,,,,,,,,,,,,,,,,,,,,,,,,,,,,,,,,,,,,,,,,,,,
828,PE,HT,#8,#11,FT_1,1.8121436940953188,6.674388737813977,111.10754260480073,-0.9283704126716585,-3.1852620443337094,-66.06905832800669,0.4053593772386072,,,,,,,,,,,,,,,,,,,,,,,,,,,,,,,,,,,,,,,,,,,,,,,,,,,,,,,,,,,,,,,,,,,,,,,,,,,,,,,,,,,,,,,,,,,,,,,,,,,,,,,,,,,,,,,,,,,,,,,,,,,,,,,,,,,,,,,,,,,,,,,,,,,,,,,,,,,,,,,,,,,,,,,,,,,,,,,,,,,,,,,,,,,,,,,,,,,,,,,,,,,,,,,,,,,,,,
829,PE,HT,#9,#1,MeOH_1,1.398262734909074,2.9726208563675542,72.79705509172635,-0.6249763211054139,0.2513609987458438,-25.15982929354625,0.6543839683920709,,,,,,,,,,,,,,,,,,,,,,,,,,,,,,,,,,,,,,,,,,,,,,,,,,,,,,,,,,,,,,,,,,,,,,,,,,,,,,,,,,,,,,,,,,,,,,,,,,,,,,,,,,,,,,,,,,,,,,,,,,,,,,,,,,,,,,,,,,,,,,,,,,,,,,,,,,,,,,,,,,,,,,,,,,,,,,,,,,,,,,,,,,,,,,,,,,,,,,,,,,,,,,,,,,,,,,
830,PE,HT,#9,#2,FT_1,1.5289652582951117,3.7436263375973673,79.52248355775835,-0.6629025290368351,-0.17925888020697683,-33.92416155193385,0.5734016339254013,,,,,,,,,,,,,,,,,,,,,,,,,,,,,,,,,,,,,,,,,,,,,,,,,,,,,,,,,,,,,,,,,,,,,,,,,,,,,,,,,,,,,,,,,,,,,,,,,,,,,,,,,,,,,,,,,,,,,,,,,,,,,,,,,,,,,,,,,,,,,,,,,,,,,,,,,,,,,,,,,,,,,,,,,,,,,,,,,,,,,,,,,,,,,,,,,,,,,,,,,,,,,,,,,,,,,,
831,PE,HT,#9,#3,H2_1,1.4312296152468402,3.2194648662458594,70.9722172930863,-0.7202620949563163,0.5572968329593361,-20.364245933953217,0.7130673563451289,,,,,,,,,,,,,,,,,,,,,,,,,,,,,,,,,,,,,,,,,,,,,,,,,,,,,,,,,,,,,,,,,,,,,,,,,,,,,,,,,,,,,,,,,,,,,,,,,,,,,,,,,,,,,,,,,,,,,,,,,,,,,,,,,,,,,,,,,,,,,,,,,,,,,,,,,,,,,,,,,,,,,,,,,,,,,,,,,,,,,,,,,,,,,,,,,,,,,,,,,,,,,,,,,,,,,,
832,PE,HT,#9,#4,MeOH_1,1.7062162456706833,5.539715209010067,102.68617509172635,-0.927970328259284,-2.42212141019476,-56.16771415720426,0.4530158114562998,,,,,,,,,,,,,,,,,,,,,,,,,,,,,,,,,,,,,,,,,,,,,,,,,,,,,,,,,,,,,,,,,,,,,,,,,,,,,,,,,,,,,,,,,,,,,,,,,,,,,,,,,,,,,,,,,,,,,,,,,,,,,,,,,,,,,,,,,,,,,,,,,,,,,,,,,,,,,,,,,,,,,,,,,,,,,,,,,,,,,,,,,,,,,,,,,,,,,,,,,,,,,,,,,,,,,,
833,PE,HT,#9,#5,FT_1,1.8671446794829034,6.7186607884056295,109.83068515775837,-1.0003336740848032,-3.157594536289108,-64.57799606485523,0.41202227799911456,,,,,,,,,,,,,,,,,,,,,,,,,,,,,,,,,,,,,,,,,,,,,,,,,,,,,,,,,,,,,,,,,,,,,,,,,,,,,,,,,,,,,,,,,,,,,,,,,,,,,,,,,,,,,,,,,,,,,,,,,,,,,,,,,,,,,,,,,,,,,,,,,,,,,,,,,,,,,,,,,,,,,,,,,,,,,,,,,,,,,,,,,,,,,,,,,,,,,,,,,,,,,,,,,,,,,,
834,PE,HT,#9,#6,Olefin,1.248810669905239,1.5467525126084232,59.53765904043481,-0.6511835340876231,1.7229510106129617,-15.135485419406528,0.7457829941024837,,,,,,,,,,,,,,,,,,,,,,,,,,,,,,,,,,,,,,,,,,,,,,,,,,,,,,,,,,,,,,,,,,,,,,,,,,,,,,,,,,,,,,,,,,,,,,,,,,,,,,,,,,,,,,,,,,,,,,,,,,,,,,,,,,,,,,,,,,,,,,,,,,,,,,,,,,,,,,,,,,,,,,,,,,,,,,,,,,,,,,,,,,,,,,,,,,,,,,,,,,,,,,,,,,,,,,
835,PE,HT,#9,#7,MeOH_1,1.404829216107091,3.0161618279466347,73.81203778580874,-0.6322703943363194,0.23834480876891107,-26.606659783075862,0.6395349514630077,,,,,,,,,,,,,,,,,,,,,,,,,,,,,,,,,,,,,,,,,,,,,,,,,,,,,,,,,,,,,,,,,,,,,,,,,,,,,,,,,,,,,,,,,,,,,,,,,,,,,,,,,,,,,,,,,,,,,,,,,,,,,,,,,,,,,,,,,,,,,,,,,,,,,,,,,,,,,,,,,,,,,,,,,,,,,,,,,,,,,,,,,,,,,,,,,,,,,,,,,,,,,,,,,,,,,,
836,PE,HT,#9,#8,FT_1,1.5569886273784084,3.847451525489234,80.95279905184074,-0.6976072506375037,-0.29013360873779653,-35.477216259322006,0.5617542978766796,,,,,,,,,,,,,,,,,,,,,,,,,,,,,,,,,,,,,,,,,,,,,,,,,,,,,,,,,,,,,,,,,,,,,,,,,,,,,,,,,,,,,,,,,,,,,,,,,,,,,,,,,,,,,,,,,,,,,,,,,,,,,,,,,,,,,,,,,,,,,,,,,,,,,,,,,,,,,,,,,,,,,,,,,,,,,,,,,,,,,,,,,,,,,,,,,,,,,,,,,,,,,,,,,,,,,,
837,PE,HT,#9,#9,H2_1,1.4597583183743281,3.2620941726557593,72.70427455367896,-0.7369849630836038,0.5409633099407062,-21.305009537854968,0.7069634534056856,,,,,,,,,,,,,,,,,,,,,,,,,,,,,,,,,,,,,,,,,,,,,,,,,,,,,,,,,,,,,,,,,,,,,,,,,,,,,,,,,,,,,,,,,,,,,,,,,,,,,,,,,,,,,,,,,,,,,,,,,,,,,,,,,,,,,,,,,,,,,,,,,,,,,,,,,,,,,,,,,,,,,,,,,,,,,,,,,,,,,,,,,,,,,,,,,,,,,,,,,,,,,,,,,,,,,,
838,PE,HT,#9,#10,MeOH_1,1.7556708336982882,5.885626470543213,107.13178978580873,-0.975054002626443,-2.760440417574524,-60.64121761104578,0.4339568326797556,,,,,,,,,,,,,,,,,,,,,,,,,,,,,,,,,,,,,,,,,,,,,,,,,,,,,,,,,,,,,,,,,,,,,,,,,,,,,,,,,,,,,,,,,,,,,,,,,,,,,,,,,,,,,,,,,,,,,,,,,,,,,,,,,,,,,,,,,,,,,,,,,,,,,,,,,,,,,,,,,,,,,,,,,,,,,,,,,,,,,,,,,,,,,,,,,,,,,,,,,,,,,,,,,,,,,,
839,PE,HT,#9,#11,FT_1,1.921083293540891,7.092729088462616,114.04905345184075,-1.0612643341904526,-3.5401217345035683,-69.058189130566,0.394486959422885,,,,,,,,,,,,,,,,,,,,,,,,,,,,,,,,,,,,,,,,,,,,,,,,,,,,,,,,,,,,,,,,,,,,,,,,,,,,,,,,,,,,,,,,,,,,,,,,,,,,,,,,,,,,,,,,,,,,,,,,,,,,,,,,,,,,,,,,,,,,,,,,,,,,,,,,,,,,,,,,,,,,,,,,,,,,,,,,,,,,,,,,,,,,,,,,,,,,,,,,,,,,,,,,,,,,,,
840,PE,LT,#1,#1,JET FUEL_1,1.2142319518849356,1.8012461523060475,85.93895404236105,-0.4154744298378154,1.0603780880003755,-42.6684260212392,0.5035030796371216,,,,,,,,,,,,,,,,,,,,,,,,,,,,,,,,,,,,,,,,,,,,,,,,,,,,,,,,,,,,,,,,,,,,,,,,,,,,,,,,,,,,,,,,,,,,,,,,,,,,,,,,,,,,,,,,,,,,,,,,,,,,,,,,,,,,,,,,,,,,,,,,,,,,,,,,,,,,,,,,,,,,,,,,,,,,,,,,,,,,,,,,,,,,,,,,,,,,,,,,,,,,,,,,,,,,,,
841,PE,LT,#1,#2,JET FUEL_1,1.2893736516440553,1.9342877922791002,88.22770972236106,-0.4762139399816095,0.937088153357767,-44.64723677153369,0.4939544853648401,,,,,,,,,,,,,,,,,,,,,,,,,,,,,,,,,,,,,,,,,,,,,,,,,,,,,,,,,,,,,,,,,,,,,,,,,,,,,,,,,,,,,,,,,,,,,,,,,,,,,,,,,,,,,,,,,,,,,,,,,,,,,,,,,,,,,,,,,,,,,,,,,,,,,,,,,,,,,,,,,,,,,,,,,,,,,,,,,,,,,,,,,,,,,,,,,,,,,,,,,,,,,,,,,,,,,,
842,PE,LT,#1,#3,JET FUEL_1,1.200003974765337,1.659681237794016,85.18809967712112,-0.39797052847716413,1.2068877647320186,-41.80356270467354,0.5092793140929673,,,,,,,,,,,,,,,,,,,,,,,,,,,,,,,,,,,,,,,,,,,,,,,,,,,,,,,,,,,,,,,,,,,,,,,,,,,,,,,,,,,,,,,,,,,,,,,,,,,,,,,,,,,,,,,,,,,,,,,,,,,,,,,,,,,,,,,,,,,,,,,,,,,,,,,,,,,,,,,,,,,,,,,,,,,,,,,,,,,,,,,,,,,,,,,,,,,,,,,,,,,,,,,,,,,,,,
843,PE,LT,#1,#4,JET FUEL_1,1.2065914638988031,1.701062754984243,85.29365191436105,-0.4070214911329721,1.1298015553218062,-42.22090779440315,0.5049935505540906,,,,,,,,,,,,,,,,,,,,,,,,,,,,,,,,,,,,,,,,,,,,,,,,,,,,,,,,,,,,,,,,,,,,,,,,,,,,,,,,,,,,,,,,,,,,,,,,,,,,,,,,,,,,,,,,,,,,,,,,,,,,,,,,,,,,,,,,,,,,,,,,,,,,,,,,,,,,,,,,,,,,,,,,,,,,,,,,,,,,,,,,,,,,,,,,,,,,,,,,,,,,,,,,,,,,,,
844,PE,LT,#1,#5,JET FUEL_1,1.274361618325977,1.9351105373261455,88.51553916236105,-0.45503318142875326,0.9518077727511357,-44.57029244536363,0.49646928813696933,,,,,,,,,,,,,,,,,,,,,,,,,,,,,,,,,,,,,,,,,,,,,,,,,,,,,,,,,,,,,,,,,,,,,,,,,,,,,,,,,,,,,,,,,,,,,,,,,,,,,,,,,,,,,,,,,,,,,,,,,,,,,,,,,,,,,,,,,,,,,,,,,,,,,,,,,,,,,,,,,,,,,,,,,,,,,,,,,,,,,,,,,,,,,,,,,,,,,,,,,,,,,,,,,,,,,,
845,PE,LT,#1,#6,JET FUEL_1,1.1463892223198433,1.4614595453091217,82.40852001838132,-0.34919505734251216,1.3856804243520702,-39.25532596855417,0.5236496668087448,,,,,,,,,,,,,,,,,,,,,,,,,,,,,,,,,,,,,,,,,,,,,,,,,,,,,,,,,,,,,,,,,,,,,,,,,,,,,,,,,,,,,,,,,,,,,,,,,,,,,,,,,,,,,,,,,,,,,,,,,,,,,,,,,,,,,,,,,,,,,,,,,,,,,,,,,,,,,,,,,,,,,,,,,,,,,,,,,,,,,,,,,,,,,,,,,,,,,,,,,,,,,,,,,,,,,,
846,PE,LT,#1,#7,JET FUEL_1,1.19512312078677,1.6891049218547163,85.10287232490226,-0.3939794045301422,1.1716431594474432,-41.63072035906584,0.5108188569696005,,,,,,,,,,,,,,,,,,,,,,,,,,,,,,,,,,,,,,,,,,,,,,,,,,,,,,,,,,,,,,,,,,,,,,,,,,,,,,,,,,,,,,,,,,,,,,,,,,,,,,,,,,,,,,,,,,,,,,,,,,,,,,,,,,,,,,,,,,,,,,,,,,,,,,,,,,,,,,,,,,,,,,,,,,,,,,,,,,,,,,,,,,,,,,,,,,,,,,,,,,,,,,,,,,,,,,
847,PE,LT,#1,#8,JET FUEL_1,1.2467293893990834,1.7915585061670118,86.3143726309343,-0.44167848270856114,1.0600286575130315,-42.73500319638165,0.5048912261795689,,,,,,,,,,,,,,,,,,,,,,,,,,,,,,,,,,,,,,,,,,,,,,,,,,,,,,,,,,,,,,,,,,,,,,,,,,,,,,,,,,,,,,,,,,,,,,,,,,,,,,,,,,,,,,,,,,,,,,,,,,,,,,,,,,,,,,,,,,,,,,,,,,,,,,,,,,,,,,,,,,,,,,,,,,,,,,,,,,,,,,,,,,,,,,,,,,,,,,,,,,,,,,,,,,,,,,
848,PE,LT,#1,#9,JET FUEL_1,1.188529443129595,1.6293063662747747,84.9152973935231,-0.38648909106076856,1.2364605328233202,-41.53658828180406,0.5108468137453375,,,,,,,,,,,,,,,,,,,,,,,,,,,,,,,,,,,,,,,,,,,,,,,,,,,,,,,,,,,,,,,,,,,,,,,,,,,,,,,,,,,,,,,,,,,,,,,,,,,,,,,,,,,,,,,,,,,,,,,,,,,,,,,,,,,,,,,,,,,,,,,,,,,,,,,,,,,,,,,,,,,,,,,,,,,,,,,,,,,,,,,,,,,,,,,,,,,,,,,,,,,,,,,,,,,,,,
849,PE,LT,#1,#10,JET FUEL_1,1.2705615808530497,1.7836630789664853,86.46414746090227,-0.46866986629086554,1.0532878365723324,-43.31511830271043,0.49903954905359077,,,,,,,,,,,,,,,,,,,,,,,,,,,,,,,,,,,,,,,,,,,,,,,,,,,,,,,,,,,,,,,,,,,,,,,,,,,,,,,,,,,,,,,,,,,,,,,,,,,,,,,,,,,,,,,,,,,,,,,,,,,,,,,,,,,,,,,,,,,,,,,,,,,,,,,,,,,,,,,,,,,,,,,,,,,,,,,,,,,,,,,,,,,,,,,,,,,,,,,,,,,,,,,,,,,,,,
850,PE,LT,#1,#11,JET FUEL_1,1.2811530770613218,1.8425299150969652,86.82529927093428,-0.4780020951757314,1.007115484764993,-43.8120495091058,0.49539995972380874,,,,,,,,,,,,,,,,,,,,,,,,,,,,,,,,,,,,,,,,,,,,,,,,,,,,,,,,,,,,,,,,,,,,,,,,,,,,,,,,,,,,,,,,,,,,,,,,,,,,,,,,,,,,,,,,,,,,,,,,,,,,,,,,,,,,,,,,,,,,,,,,,,,,,,,,,,,,,,,,,,,,,,,,,,,,,,,,,,,,,,,,,,,,,,,,,,,,,,,,,,,,,,,,,,,,,,
851,PE,LT,#2,#1,WAX_1,1.204596364623909,2.216236056081799,79.73041881292106,-0.4863573622839321,1.3102136549141847,-28.831686378841038,0.6383853639789411,,,,,,,,,,,,,,,,,,,,,,,,,,,,,,,,,,,,,,,,,,,,,,,,,,,,,,,,,,,,,,,,,,,,,,,,,,,,,,,,,,,,,,,,,,,,,,,,,,,,,,,,,,,,,,,,,,,,,,,,,,,,,,,,,,,,,,,,,,,,,,,,,,,,,,,,,,,,,,,,,,,,,,,,,,,,,,,,,,,,,,,,,,,,,,,,,,,,,,,,,,,,,,,,,,,,,,
852,PE,LT,#2,#2,WAX_1,1.2797380643830285,2.349277696054852,76.69080876768113,-0.5470968724277262,1.1869237202715763,-25.482131403895618,0.6677290041224049,,,,,,,,,,,,,,,,,,,,,,,,,,,,,,,,,,,,,,,,,,,,,,,,,,,,,,,,,,,,,,,,,,,,,,,,,,,,,,,,,,,,,,,,,,,,,,,,,,,,,,,,,,,,,,,,,,,,,,,,,,,,,,,,,,,,,,,,,,,,,,,,,,,,,,,,,,,,,,,,,,,,,,,,,,,,,,,,,,,,,,,,,,,,,,,,,,,,,,,,,,,,,,,,,,,,,,
853,PE,LT,#2,#3,WAX_1,1.1903683875043103,2.074671141569768,76.79636100492105,-0.4688534609232808,1.456723331645828,-25.783619619515303,0.6642598779144873,,,,,,,,,,,,,,,,,,,,,,,,,,,,,,,,,,,,,,,,,,,,,,,,,,,,,,,,,,,,,,,,,,,,,,,,,,,,,,,,,,,,,,,,,,,,,,,,,,,,,,,,,,,,,,,,,,,,,,,,,,,,,,,,,,,,,,,,,,,,,,,,,,,,,,,,,,,,,,,,,,,,,,,,,,,,,,,,,,,,,,,,,,,,,,,,,,,,,,,,,,,,,,,,,,,,,,
854,PE,LT,#2,#4,WAX_1,1.1969558766377766,2.116052658759995,80.01824825292105,-0.4779044235790886,1.3796371222356156,-29.317299720004993,0.633617326546076,,,,,,,,,,,,,,,,,,,,,,,,,,,,,,,,,,,,,,,,,,,,,,,,,,,,,,,,,,,,,,,,,,,,,,,,,,,,,,,,,,,,,,,,,,,,,,,,,,,,,,,,,,,,,,,,,,,,,,,,,,,,,,,,,,,,,,,,,,,,,,,,,,,,,,,,,,,,,,,,,,,,,,,,,,,,,,,,,,,,,,,,,,,,,,,,,,,,,,,,,,,,,,,,,,,,,,
855,PE,LT,#2,#5,WAX_1,1.2647260310649504,2.350100441101897,73.91122910894133,-0.5259161138748701,1.201643339664945,-22.33777797898573,0.6977755850053448,,,,,,,,,,,,,,,,,,,,,,,,,,,,,,,,,,,,,,,,,,,,,,,,,,,,,,,,,,,,,,,,,,,,,,,,,,,,,,,,,,,,,,,,,,,,,,,,,,,,,,,,,,,,,,,,,,,,,,,,,,,,,,,,,,,,,,,,,,,,,,,,,,,,,,,,,,,,,,,,,,,,,,,,,,,,,,,,,,,,,,,,,,,,,,,,,,,,,,,,,,,,,,,,,,,,,,
856,PE,LT,#2,#6,WAX_1,1.1367536350588163,1.876449449084873,76.60558141546228,-0.4200779897886282,1.6355159912658797,-25.824182952676953,0.6628942372668354,,,,,,,,,,,,,,,,,,,,,,,,,,,,,,,,,,,,,,,,,,,,,,,,,,,,,,,,,,,,,,,,,,,,,,,,,,,,,,,,,,,,,,,,,,,,,,,,,,,,,,,,,,,,,,,,,,,,,,,,,,,,,,,,,,,,,,,,,,,,,,,,,,,,,,,,,,,,,,,,,,,,,,,,,,,,,,,,,,,,,,,,,,,,,,,,,,,,,,,,,,,,,,,,,,,,,,
857,PE,LT,#2,#7,WAX_1,1.185487533525743,2.1040948256304675,77.81708172149429,-0.4648623369762586,1.421478726361253,-26.71672534269968,0.6566727413613597,,,,,,,,,,,,,,,,,,,,,,,,,,,,,,,,,,,,,,,,,,,,,,,,,,,,,,,,,,,,,,,,,,,,,,,,,,,,,,,,,,,,,,,,,,,,,,,,,,,,,,,,,,,,,,,,,,,,,,,,,,,,,,,,,,,,,,,,,,,,,,,,,,,,,,,,,,,,,,,,,,,,,,,,,,,,,,,,,,,,,,,,,,,,,,,,,,,,,,,,,,,,,,,,,,,,,,
858,PE,LT,#2,#8,WAX_1,1.2370938021380564,2.2065484099427635,76.41800648408311,-0.5125614151546775,1.3098642244268413,-25.21043263657229,0.670098268765709,,,,,,,,,,,,,,,,,,,,,,,,,,,,,,,,,,,,,,,,,,,,,,,,,,,,,,,,,,,,,,,,,,,,,,,,,,,,,,,,,,,,,,,,,,,,,,,,,,,,,,,,,,,,,,,,,,,,,,,,,,,,,,,,,,,,,,,,,,,,,,,,,,,,,,,,,,,,,,,,,,,,,,,,,,,,,,,,,,,,,,,,,,,,,,,,,,,,,,,,,,,,,,,,,,,,,,
859,PE,LT,#2,#9,WAX_1,1.1788938558685687,2.044296270050526,77.96685655146227,-0.4573720235068855,1.4862960997371302,-26.95994302678506,0.6542127742576096,,,,,,,,,,,,,,,,,,,,,,,,,,,,,,,,,,,,,,,,,,,,,,,,,,,,,,,,,,,,,,,,,,,,,,,,,,,,,,,,,,,,,,,,,,,,,,,,,,,,,,,,,,,,,,,,,,,,,,,,,,,,,,,,,,,,,,,,,,,,,,,,,,,,,,,,,,,,,,,,,,,,,,,,,,,,,,,,,,,,,,,,,,,,,,,,,,,,,,,,,,,,,,,,,,,,,,
860,PE,LT,#2,#10,WAX_1,1.2609259935920227,2.198652982742236,78.32800836149428,-0.539552798736982,1.3031234034861425,-27.550774790344256,0.648264070966879,,,,,,,,,,,,,,,,,,,,,,,,,,,,,,,,,,,,,,,,,,,,,,,,,,,,,,,,,,,,,,,,,,,,,,,,,,,,,,,,,,,,,,,,,,,,,,,,,,,,,,,,,,,,,,,,,,,,,,,,,,,,,,,,,,,,,,,,,,,,,,,,,,,,,,,,,,,,,,,,,,,,,,,,,,,,,,,,,,,,,,,,,,,,,,,,,,,,,,,,,,,,,,,,,,,,,,
861,PE,LT,#2,#11,WAX_1,1.2715174898002946,2.2575198188727166,73.57616413056006,-0.5488850276218475,1.2569510516788027,-22.9347099557734,0.6882861423017919,,,,,,,,,,,,,,,,,,,,,,,,,,,,,,,,,,,,,,,,,,,,,,,,,,,,,,,,,,,,,,,,,,,,,,,,,,,,,,,,,,,,,,,,,,,,,,,,,,,,,,,,,,,,,,,,,,,,,,,,,,,,,,,,,,,,,,,,,,,,,,,,,,,,,,,,,,,,,,,,,,,,,,,,,,,,,,,,,,,,,,,,,,,,,,,,,,,,,,,,,,,,,,,,,,,,,,
862,PE,LT,#3,#1,WAX_1,1.4470187686544458,3.0204727760681274,84.46774863525168,-0.6855299666737005,0.4543982969710648,-32.79360780698569,0.6117617867549077,,,,,,,,,,,,,,,,,,,,,,,,,,,,,,,,,,,,,,,,,,,,,,,,,,,,,,,,,,,,,,,,,,,,,,,,,,,,,,,,,,,,,,,,,,,,,,,,,,,,,,,,,,,,,,,,,,,,,,,,,,,,,,,,,,,,,,,,,,,,,,,,,,,,,,,,,,,,,,,,,,,,,,,,,,,,,,,,,,,,,,,,,,,,,,,,,,,,,,,,,,,,,,,,,,,,,,
863,PE,LT,#3,#2,WAX_1,1.522160468413567,3.153514416041179,86.75650431525168,-0.7462694768174962,0.3311083623284569,-34.772418557280204,0.5991952553675303,,,,,,,,,,,,,,,,,,,,,,,,,,,,,,,,,,,,,,,,,,,,,,,,,,,,,,,,,,,,,,,,,,,,,,,,,,,,,,,,,,,,,,,,,,,,,,,,,,,,,,,,,,,,,,,,,,,,,,,,,,,,,,,,,,,,,,,,,,,,,,,,,,,,,,,,,,,,,,,,,,,,,,,,,,,,,,,,,,,,,,,,,,,,,,,,,,,,,,,,,,,,,,,,,,,,,,
864,PE,LT,#3,#3,WAX_1,1.4327907915348468,2.8789078615560957,83.71689427001175,-0.6680260653130489,0.6009079737027082,-31.928744490420037,0.6186104994836479,,,,,,,,,,,,,,,,,,,,,,,,,,,,,,,,,,,,,,,,,,,,,,,,,,,,,,,,,,,,,,,,,,,,,,,,,,,,,,,,,,,,,,,,,,,,,,,,,,,,,,,,,,,,,,,,,,,,,,,,,,,,,,,,,,,,,,,,,,,,,,,,,,,,,,,,,,,,,,,,,,,,,,,,,,,,,,,,,,,,,,,,,,,,,,,,,,,,,,,,,,,,,,,,,,,,,,
865,PE,LT,#3,#4,WAX_1,1.4393782806683153,2.920289378746322,83.82244650725167,-0.6770770279688594,0.5238217642924958,-32.34608958014965,0.6141118408259377,,,,,,,,,,,,,,,,,,,,,,,,,,,,,,,,,,,,,,,,,,,,,,,,,,,,,,,,,,,,,,,,,,,,,,,,,,,,,,,,,,,,,,,,,,,,,,,,,,,,,,,,,,,,,,,,,,,,,,,,,,,,,,,,,,,,,,,,,,,,,,,,,,,,,,,,,,,,,,,,,,,,,,,,,,,,,,,,,,,,,,,,,,,,,,,,,,,,,,,,,,,,,,,,,,,,,,
866,PE,LT,#3,#5,WAX_1,1.5071484350954891,3.1543371610882245,87.04433375525167,-0.7250887182646403,0.34582798172182533,-34.69547423111012,0.601404563234803,,,,,,,,,,,,,,,,,,,,,,,,,,,,,,,,,,,,,,,,,,,,,,,,,,,,,,,,,,,,,,,,,,,,,,,,,,,,,,,,,,,,,,,,,,,,,,,,,,,,,,,,,,,,,,,,,,,,,,,,,,,,,,,,,,,,,,,,,,,,,,,,,,,,,,,,,,,,,,,,,,,,,,,,,,,,,,,,,,,,,,,,,,,,,,,,,,,,,,,,,,,,,,,,,,,,,,
867,PE,LT,#3,#6,WAX_1,1.3791760390893535,2.6806861690712007,80.93731461127194,-0.6192505941783973,0.7797006333227599,-29.380507754300677,0.6369967561265132,,,,,,,,,,,,,,,,,,,,,,,,,,,,,,,,,,,,,,,,,,,,,,,,,,,,,,,,,,,,,,,,,,,,,,,,,,,,,,,,,,,,,,,,,,,,,,,,,,,,,,,,,,,,,,,,,,,,,,,,,,,,,,,,,,,,,,,,,,,,,,,,,,,,,,,,,,,,,,,,,,,,,,,,,,,,,,,,,,,,,,,,,,,,,,,,,,,,,,,,,,,,,,,,,,,,,,
868,PE,LT,#3,#7,WAX_1,1.427909937556282,2.908331545616795,83.6316669177929,-0.6640349413660291,0.5656633684181336,-31.755902144812335,0.6202885424246378,,,,,,,,,,,,,,,,,,,,,,,,,,,,,,,,,,,,,,,,,,,,,,,,,,,,,,,,,,,,,,,,,,,,,,,,,,,,,,,,,,,,,,,,,,,,,,,,,,,,,,,,,,,,,,,,,,,,,,,,,,,,,,,,,,,,,,,,,,,,,,,,,,,,,,,,,,,,,,,,,,,,,,,,,,,,,,,,,,,,,,,,,,,,,,,,,,,,,,,,,,,,,,,,,,,,,,
869,PE,LT,#3,#8,WAX_1,1.4795162061685954,3.0107851299290918,84.84316722382489,-0.7117340195444478,0.45404886648372056,-32.860184982128125,0.612694975242501,,,,,,,,,,,,,,,,,,,,,,,,,,,,,,,,,,,,,,,,,,,,,,,,,,,,,,,,,,,,,,,,,,,,,,,,,,,,,,,,,,,,,,,,,,,,,,,,,,,,,,,,,,,,,,,,,,,,,,,,,,,,,,,,,,,,,,,,,,,,,,,,,,,,,,,,,,,,,,,,,,,,,,,,,,,,,,,,,,,,,,,,,,,,,,,,,,,,,,,,,,,,,,,,,,,,,,
870,PE,LT,#3,#9,WAX_1,1.4213162598991071,2.8485329900368543,83.44409198641372,-0.6565446278966559,0.6304807417940095,-31.66177006755055,0.6205630702685855,,,,,,,,,,,,,,,,,,,,,,,,,,,,,,,,,,,,,,,,,,,,,,,,,,,,,,,,,,,,,,,,,,,,,,,,,,,,,,,,,,,,,,,,,,,,,,,,,,,,,,,,,,,,,,,,,,,,,,,,,,,,,,,,,,,,,,,,,,,,,,,,,,,,,,,,,,,,,,,,,,,,,,,,,,,,,,,,,,,,,,,,,,,,,,,,,,,,,,,,,,,,,,,,,,,,,,
871,PE,LT,#3,#10,WAX_1,1.5033483976225617,3.002889702728564,84.9929420537929,-0.7387254031267525,0.44730804554302245,-33.44030008845693,0.606552035023188,,,,,,,,,,,,,,,,,,,,,,,,,,,,,,,,,,,,,,,,,,,,,,,,,,,,,,,,,,,,,,,,,,,,,,,,,,,,,,,,,,,,,,,,,,,,,,,,,,,,,,,,,,,,,,,,,,,,,,,,,,,,,,,,,,,,,,,,,,,,,,,,,,,,,,,,,,,,,,,,,,,,,,,,,,,,,,,,,,,,,,,,,,,,,,,,,,,,,,,,,,,,,,,,,,,,,,
872,PE,LT,#3,#11,WAX_1,1.5139398938308337,3.0617565388590444,85.3540938638249,-0.7480576320116183,0.401135693735683,-33.93723129485229,0.6023948031245435,,,,,,,,,,,,,,,,,,,,,,,,,,,,,,,,,,,,,,,,,,,,,,,,,,,,,,,,,,,,,,,,,,,,,,,,,,,,,,,,,,,,,,,,,,,,,,,,,,,,,,,,,,,,,,,,,,,,,,,,,,,,,,,,,,,,,,,,,,,,,,,,,,,,,,,,,,,,,,,,,,,,,,,,,,,,,,,,,,,,,,,,,,,,,,,,,,,,,,,,,,,,,,,,,,,,,,
873,PE,LT,#4,#1,WAX_1,1.5124581773618802,3.278728990372498,86.94961102128369,-0.7268755262044154,0.2578853411429909,-36.39719194117785,0.5813990250943333,,,,,,,,,,,,,,,,,,,,,,,,,,,,,,,,,,,,,,,,,,,,,,,,,,,,,,,,,,,,,,,,,,,,,,,,,,,,,,,,,,,,,,,,,,,,,,,,,,,,,,,,,,,,,,,,,,,,,,,,,,,,,,,,,,,,,,,,,,,,,,,,,,,,,,,,,,,,,,,,,,,,,,,,,,,,,,,,,,,,,,,,,,,,,,,,,,,,,,,,,,,,,,,,,,,,,,
874,PE,LT,#4,#2,WAX_1,1.5875998771209994,3.41177063034555,89.23836670128368,-0.787615036348209,0.1345954065003827,-38.37600269147235,0.569960723060608,,,,,,,,,,,,,,,,,,,,,,,,,,,,,,,,,,,,,,,,,,,,,,,,,,,,,,,,,,,,,,,,,,,,,,,,,,,,,,,,,,,,,,,,,,,,,,,,,,,,,,,,,,,,,,,,,,,,,,,,,,,,,,,,,,,,,,,,,,,,,,,,,,,,,,,,,,,,,,,,,,,,,,,,,,,,,,,,,,,,,,,,,,,,,,,,,,,,,,,,,,,,,,,,,,,,,,
875,PE,LT,#4,#3,WAX_1,1.4982302002422812,3.137164075860467,86.19875665604376,-0.7093716248437637,0.40439501787463367,-35.53232862461219,0.5877860655647766,,,,,,,,,,,,,,,,,,,,,,,,,,,,,,,,,,,,,,,,,,,,,,,,,,,,,,,,,,,,,,,,,,,,,,,,,,,,,,,,,,,,,,,,,,,,,,,,,,,,,,,,,,,,,,,,,,,,,,,,,,,,,,,,,,,,,,,,,,,,,,,,,,,,,,,,,,,,,,,,,,,,,,,,,,,,,,,,,,,,,,,,,,,,,,,,,,,,,,,,,,,,,,,,,,,,,,
876,PE,LT,#4,#4,WAX_1,1.5048176893757501,3.178545593050694,86.30430889328368,-0.7184225874995741,0.32730880846442134,-35.949673714341806,0.5834544743438708,,,,,,,,,,,,,,,,,,,,,,,,,,,,,,,,,,,,,,,,,,,,,,,,,,,,,,,,,,,,,,,,,,,,,,,,,,,,,,,,,,,,,,,,,,,,,,,,,,,,,,,,,,,,,,,,,,,,,,,,,,,,,,,,,,,,,,,,,,,,,,,,,,,,,,,,,,,,,,,,,,,,,,,,,,,,,,,,,,,,,,,,,,,,,,,,,,,,,,,,,,,,,,,,,,,,,,
877,PE,LT,#4,#5,WAX_1,1.572587843802924,3.4125933753925954,89.52619614128368,-0.7664342777953554,0.14931502589375167,-38.29905836530227,0.5722027739806849,,,,,,,,,,,,,,,,,,,,,,,,,,,,,,,,,,,,,,,,,,,,,,,,,,,,,,,,,,,,,,,,,,,,,,,,,,,,,,,,,,,,,,,,,,,,,,,,,,,,,,,,,,,,,,,,,,,,,,,,,,,,,,,,,,,,,,,,,,,,,,,,,,,,,,,,,,,,,,,,,,,,,,,,,,,,,,,,,,,,,,,,,,,,,,,,,,,,,,,,,,,,,,,,,,,,,,
878,PE,LT,#4,#6,WAX_1,1.4446154477967879,2.938942383375572,83.41917699730394,-0.6605961537091122,0.5831876774946859,-32.984091888492806,0.6045982101986114,,,,,,,,,,,,,,,,,,,,,,,,,,,,,,,,,,,,,,,,,,,,,,,,,,,,,,,,,,,,,,,,,,,,,,,,,,,,,,,,,,,,,,,,,,,,,,,,,,,,,,,,,,,,,,,,,,,,,,,,,,,,,,,,,,,,,,,,,,,,,,,,,,,,,,,,,,,,,,,,,,,,,,,,,,,,,,,,,,,,,,,,,,,,,,,,,,,,,,,,,,,,,,,,,,,,,,
879,PE,LT,#4,#7,WAX_1,1.4933493462637142,3.1665877599211667,86.1135293038249,-0.7053805008967418,0.36915041259005843,-35.3594862790045,0.5893852387091288,,,,,,,,,,,,,,,,,,,,,,,,,,,,,,,,,,,,,,,,,,,,,,,,,,,,,,,,,,,,,,,,,,,,,,,,,,,,,,,,,,,,,,,,,,,,,,,,,,,,,,,,,,,,,,,,,,,,,,,,,,,,,,,,,,,,,,,,,,,,,,,,,,,,,,,,,,,,,,,,,,,,,,,,,,,,,,,,,,,,,,,,,,,,,,,,,,,,,,,,,,,,,,,,,,,,,,
880,PE,LT,#4,#8,WAX_1,1.5449556148760295,3.2690413442334627,87.32502960985691,-0.7530795790751625,0.2575359106556466,-36.46376911632028,0.5824362238497954,,,,,,,,,,,,,,,,,,,,,,,,,,,,,,,,,,,,,,,,,,,,,,,,,,,,,,,,,,,,,,,,,,,,,,,,,,,,,,,,,,,,,,,,,,,,,,,,,,,,,,,,,,,,,,,,,,,,,,,,,,,,,,,,,,,,,,,,,,,,,,,,,,,,,,,,,,,,,,,,,,,,,,,,,,,,,,,,,,,,,,,,,,,,,,,,,,,,,,,,,,,,,,,,,,,,,,
881,PE,LT,#4,#9,WAX_1,1.4867556686065397,3.106789204341225,85.92595437244572,-0.6978901874273684,0.4339677859659359,-35.26535420174269,0.5895843757651483,,,,,,,,,,,,,,,,,,,,,,,,,,,,,,,,,,,,,,,,,,,,,,,,,,,,,,,,,,,,,,,,,,,,,,,,,,,,,,,,,,,,,,,,,,,,,,,,,,,,,,,,,,,,,,,,,,,,,,,,,,,,,,,,,,,,,,,,,,,,,,,,,,,,,,,,,,,,,,,,,,,,,,,,,,,,,,,,,,,,,,,,,,,,,,,,,,,,,,,,,,,,,,,,,,,,,,
882,PE,LT,#4,#10,WAX_1,1.5687878063299963,3.2611459170329358,87.47480443982488,-0.7800709626574674,0.25079508971494824,-37.04388422264906,0.576519382239579,,,,,,,,,,,,,,,,,,,,,,,,,,,,,,,,,,,,,,,,,,,,,,,,,,,,,,,,,,,,,,,,,,,,,,,,,,,,,,,,,,,,,,,,,,,,,,,,,,,,,,,,,,,,,,,,,,,,,,,,,,,,,,,,,,,,,,,,,,,,,,,,,,,,,,,,,,,,,,,,,,,,,,,,,,,,,,,,,,,,,,,,,,,,,,,,,,,,,,,,,,,,,,,,,,,,,,
883,PE,LT,#4,#11,WAX_1,1.5793793025382683,3.320012753163417,87.83595624985688,-0.7894031915423334,0.20462273790760727,-37.54081542904442,0.5726030997800449,,,,,,,,,,,,,,,,,,,,,,,,,,,,,,,,,,,,,,,,,,,,,,,,,,,,,,,,,,,,,,,,,,,,,,,,,,,,,,,,,,,,,,,,,,,,,,,,,,,,,,,,,,,,,,,,,,,,,,,,,,,,,,,,,,,,,,,,,,,,,,,,,,,,,,,,,,,,,,,,,,,,,,,,,,,,,,,,,,,,,,,,,,,,,,,,,,,,,,,,,,,,,,,,,,,,,,
884,PE,LT,#5,#1,WAX_1,1.4622231556153953,2.9019592393699356,83.84372528003392,-0.7070505709483392,0.7701497339357063,-30.785683891289743,0.6328206578552291,,,,,,,,,,,,,,,,,,,,,,,,,,,,,,,,,,,,,,,,,,,,,,,,,,,,,,,,,,,,,,,,,,,,,,,,,,,,,,,,,,,,,,,,,,,,,,,,,,,,,,,,,,,,,,,,,,,,,,,,,,,,,,,,,,,,,,,,,,,,,,,,,,,,,,,,,,,,,,,,,,,,,,,,,,,,,,,,,,,,,,,,,,,,,,,,,,,,,,,,,,,,,,,,,,,,,,
885,PE,LT,#5,#2,WAX_1,1.537364855374515,3.035000879342989,86.13248096003392,-0.7677900810921334,0.646859799293097,-32.764494641584236,0.6196034959588916,,,,,,,,,,,,,,,,,,,,,,,,,,,,,,,,,,,,,,,,,,,,,,,,,,,,,,,,,,,,,,,,,,,,,,,,,,,,,,,,,,,,,,,,,,,,,,,,,,,,,,,,,,,,,,,,,,,,,,,,,,,,,,,,,,,,,,,,,,,,,,,,,,,,,,,,,,,,,,,,,,,,,,,,,,,,,,,,,,,,,,,,,,,,,,,,,,,,,,,,,,,,,,,,,,,,,,
886,PE,LT,#5,#3,WAX_1,1.4479951784957967,2.760394324857903,83.09287091479398,-0.6895466695876878,0.91665941066735,-29.92082057472407,0.6399110989268163,,,,,,,,,,,,,,,,,,,,,,,,,,,,,,,,,,,,,,,,,,,,,,,,,,,,,,,,,,,,,,,,,,,,,,,,,,,,,,,,,,,,,,,,,,,,,,,,,,,,,,,,,,,,,,,,,,,,,,,,,,,,,,,,,,,,,,,,,,,,,,,,,,,,,,,,,,,,,,,,,,,,,,,,,,,,,,,,,,,,,,,,,,,,,,,,,,,,,,,,,,,,,,,,,,,,,,
887,PE,LT,#5,#4,WAX_1,1.4545826676292655,2.8017758420481305,83.1984231520339,-0.6985976322434982,0.8395732012571374,-30.338165664453683,0.6353516747665424,,,,,,,,,,,,,,,,,,,,,,,,,,,,,,,,,,,,,,,,,,,,,,,,,,,,,,,,,,,,,,,,,,,,,,,,,,,,,,,,,,,,,,,,,,,,,,,,,,,,,,,,,,,,,,,,,,,,,,,,,,,,,,,,,,,,,,,,,,,,,,,,,,,,,,,,,,,,,,,,,,,,,,,,,,,,,,,,,,,,,,,,,,,,,,,,,,,,,,,,,,,,,,,,,,,,,,
888,PE,LT,#5,#5,WAX_1,1.5223528220564393,3.035823624390034,86.42031040003391,-0.7466093225392795,0.661579418686466,-32.68755031541416,0.6217607855826294,,,,,,,,,,,,,,,,,,,,,,,,,,,,,,,,,,,,,,,,,,,,,,,,,,,,,,,,,,,,,,,,,,,,,,,,,,,,,,,,,,,,,,,,,,,,,,,,,,,,,,,,,,,,,,,,,,,,,,,,,,,,,,,,,,,,,,,,,,,,,,,,,,,,,,,,,,,,,,,,,,,,,,,,,,,,,,,,,,,,,,,,,,,,,,,,,,,,,,,,,,,,,,,,,,,,,,
889,PE,LT,#5,#6,WAX_1,1.394380426050303,2.5621726323730103,80.31329125605416,-0.6407711984530358,1.0954520702874002,-27.37258383860468,0.6591774112290376,,,,,,,,,,,,,,,,,,,,,,,,,,,,,,,,,,,,,,,,,,,,,,,,,,,,,,,,,,,,,,,,,,,,,,,,,,,,,,,,,,,,,,,,,,,,,,,,,,,,,,,,,,,,,,,,,,,,,,,,,,,,,,,,,,,,,,,,,,,,,,,,,,,,,,,,,,,,,,,,,,,,,,,,,,,,,,,,,,,,,,,,,,,,,,,,,,,,,,,,,,,,,,,,,,,,,,
890,PE,LT,#5,#7,WAX_1,1.4431143245172298,2.7898180089186044,83.00764356257513,-0.6855555456406659,0.8814148053827738,-29.74797822911636,0.6416236270254929,,,,,,,,,,,,,,,,,,,,,,,,,,,,,,,,,,,,,,,,,,,,,,,,,,,,,,,,,,,,,,,,,,,,,,,,,,,,,,,,,,,,,,,,,,,,,,,,,,,,,,,,,,,,,,,,,,,,,,,,,,,,,,,,,,,,,,,,,,,,,,,,,,,,,,,,,,,,,,,,,,,,,,,,,,,,,,,,,,,,,,,,,,,,,,,,,,,,,,,,,,,,,,,,,,,,,,
891,PE,LT,#5,#8,WAX_1,1.494720593129545,2.8922715932308996,84.2191438686071,-0.733254623819087,0.7698003034483627,-30.85226106643214,0.6336668879635525,,,,,,,,,,,,,,,,,,,,,,,,,,,,,,,,,,,,,,,,,,,,,,,,,,,,,,,,,,,,,,,,,,,,,,,,,,,,,,,,,,,,,,,,,,,,,,,,,,,,,,,,,,,,,,,,,,,,,,,,,,,,,,,,,,,,,,,,,,,,,,,,,,,,,,,,,,,,,,,,,,,,,,,,,,,,,,,,,,,,,,,,,,,,,,,,,,,,,,,,,,,,,,,,,,,,,,
892,PE,LT,#5,#9,WAX_1,1.4365206468600573,2.730019453338663,82.82006863119595,-0.6780652321712947,0.9462321787586507,-29.653846151854562,0.6419485440913435,,,,,,,,,,,,,,,,,,,,,,,,,,,,,,,,,,,,,,,,,,,,,,,,,,,,,,,,,,,,,,,,,,,,,,,,,,,,,,,,,,,,,,,,,,,,,,,,,,,,,,,,,,,,,,,,,,,,,,,,,,,,,,,,,,,,,,,,,,,,,,,,,,,,,,,,,,,,,,,,,,,,,,,,,,,,,,,,,,,,,,,,,,,,,,,,,,,,,,,,,,,,,,,,,,,,,,
893,PE,LT,#5,#10,WAX_1,1.5185527845835114,2.884376166030373,84.3689186985751,-0.7602460074013913,0.7630594825076634,-31.43237617276093,0.6274412821970683,,,,,,,,,,,,,,,,,,,,,,,,,,,,,,,,,,,,,,,,,,,,,,,,,,,,,,,,,,,,,,,,,,,,,,,,,,,,,,,,,,,,,,,,,,,,,,,,,,,,,,,,,,,,,,,,,,,,,,,,,,,,,,,,,,,,,,,,,,,,,,,,,,,,,,,,,,,,,,,,,,,,,,,,,,,,,,,,,,,,,,,,,,,,,,,,,,,,,,,,,,,,,,,,,,,,,,
894,PE,LT,#5,#11,WAX_1,1.5291442807917837,2.9432430021608535,84.73007050860713,-0.7695782362862572,0.7168871307003233,-31.929307379156313,0.623164395031244,,,,,,,,,,,,,,,,,,,,,,,,,,,,,,,,,,,,,,,,,,,,,,,,,,,,,,,,,,,,,,,,,,,,,,,,,,,,,,,,,,,,,,,,,,,,,,,,,,,,,,,,,,,,,,,,,,,,,,,,,,,,,,,,,,,,,,,,,,,,,,,,,,,,,,,,,,,,,,,,,,,,,,,,,,,,,,,,,,,,,,,,,,,,,,,,,,,,,,,,,,,,,,,,,,,,,,
895,PE,LT,#6,#1,WAX_1,1.585656500367286,3.974185561262939,96.26009215525167,-0.8201853170658581,-0.5833481991561773,-45.25084698676381,0.5299106205530985,,,,,,,,,,,,,,,,,,,,,,,,,,,,,,,,,,,,,,,,,,,,,,,,,,,,,,,,,,,,,,,,,,,,,,,,,,,,,,,,,,,,,,,,,,,,,,,,,,,,,,,,,,,,,,,,,,,,,,,,,,,,,,,,,,,,,,,,,,,,,,,,,,,,,,,,,,,,,,,,,,,,,,,,,,,,,,,,,,,,,,,,,,,,,,,,,,,,,,,,,,,,,,,,,,,,,,
896,PE,LT,#6,#2,WAX_1,1.660798200126405,4.107227201235991,98.54884783525168,-0.8809248272096519,-0.7066381337987855,-47.229657737058304,0.5207487578544383,,,,,,,,,,,,,,,,,,,,,,,,,,,,,,,,,,,,,,,,,,,,,,,,,,,,,,,,,,,,,,,,,,,,,,,,,,,,,,,,,,,,,,,,,,,,,,,,,,,,,,,,,,,,,,,,,,,,,,,,,,,,,,,,,,,,,,,,,,,,,,,,,,,,,,,,,,,,,,,,,,,,,,,,,,,,,,,,,,,,,,,,,,,,,,,,,,,,,,,,,,,,,,,,,,,,,,
897,PE,LT,#6,#3,WAX_1,1.5714285232476872,3.8326206467509083,95.50923779001175,-0.8026814157052068,-0.43683852242453547,-44.385983670198165,0.53527025555595,,,,,,,,,,,,,,,,,,,,,,,,,,,,,,,,,,,,,,,,,,,,,,,,,,,,,,,,,,,,,,,,,,,,,,,,,,,,,,,,,,,,,,,,,,,,,,,,,,,,,,,,,,,,,,,,,,,,,,,,,,,,,,,,,,,,,,,,,,,,,,,,,,,,,,,,,,,,,,,,,,,,,,,,,,,,,,,,,,,,,,,,,,,,,,,,,,,,,,,,,,,,,,,,,,,,,,
898,PE,LT,#6,#4,WAX_1,1.5780160123811562,3.874002163941135,95.61479002725166,-0.8117323783610175,-0.5139247318347469,-44.803328759927766,0.5314184265095584,,,,,,,,,,,,,,,,,,,,,,,,,,,,,,,,,,,,,,,,,,,,,,,,,,,,,,,,,,,,,,,,,,,,,,,,,,,,,,,,,,,,,,,,,,,,,,,,,,,,,,,,,,,,,,,,,,,,,,,,,,,,,,,,,,,,,,,,,,,,,,,,,,,,,,,,,,,,,,,,,,,,,,,,,,,,,,,,,,,,,,,,,,,,,,,,,,,,,,,,,,,,,,,,,,,,,,
899,PE,LT,#6,#5,WAX_1,1.6457861668083296,4.108049946283036,98.83667727525167,-0.8597440686567984,-0.6919185144054165,-47.15271341088824,0.5229229198026156,,,,,,,,,,,,,,,,,,,,,,,,,,,,,,,,,,,,,,,,,,,,,,,,,,,,,,,,,,,,,,,,,,,,,,,,,,,,,,,,,,,,,,,,,,,,,,,,,,,,,,,,,,,,,,,,,,,,,,,,,,,,,,,,,,,,,,,,,,,,,,,,,,,,,,,,,,,,,,,,,,,,,,,,,,,,,,,,,,,,,,,,,,,,,,,,,,,,,,,,,,,,,,,,,,,,,,
900,PE,LT,#6,#6,WAX_1,1.5178137708021935,3.6343989542660133,92.72965813127193,-0.7539059445705548,-0.25804586280448316,-41.83774693407879,0.5488202180703444,,,,,,,,,,,,,,,,,,,,,,,,,,,,,,,,,,,,,,,,,,,,,,,,,,,,,,,,,,,,,,,,,,,,,,,,,,,,,,,,,,,,,,,,,,,,,,,,,,,,,,,,,,,,,,,,,,,,,,,,,,,,,,,,,,,,,,,,,,,,,,,,,,,,,,,,,,,,,,,,,,,,,,,,,,,,,,,,,,,,,,,,,,,,,,,,,,,,,,,,,,,,,,,,,,,,,,
901,PE,LT,#6,#7,WAX_1,1.56654766926912,3.862044330811607,95.42401043779289,-0.7986902917581847,-0.4720831277091092,-44.21314132459045,0.5366664938756364,,,,,,,,,,,,,,,,,,,,,,,,,,,,,,,,,,,,,,,,,,,,,,,,,,,,,,,,,,,,,,,,,,,,,,,,,,,,,,,,,,,,,,,,,,,,,,,,,,,,,,,,,,,,,,,,,,,,,,,,,,,,,,,,,,,,,,,,,,,,,,,,,,,,,,,,,,,,,,,,,,,,,,,,,,,,,,,,,,,,,,,,,,,,,,,,,,,,,,,,,,,,,,,,,,,,,,
902,PE,LT,#6,#8,WAX_1,1.6181539378814358,3.964497915123903,96.6355107438249,-0.8463893699366062,-0.583697629643521,-45.317424161906246,0.5310479158946022,,,,,,,,,,,,,,,,,,,,,,,,,,,,,,,,,,,,,,,,,,,,,,,,,,,,,,,,,,,,,,,,,,,,,,,,,,,,,,,,,,,,,,,,,,,,,,,,,,,,,,,,,,,,,,,,,,,,,,,,,,,,,,,,,,,,,,,,,,,,,,,,,,,,,,,,,,,,,,,,,,,,,,,,,,,,,,,,,,,,,,,,,,,,,,,,,,,,,,,,,,,,,,,,,,,,,,
903,PE,LT,#6,#9,WAX_1,1.5599539916119478,3.802245775231665,95.23643550641371,-0.7911999782888137,-0.40726575433323176,-44.119009247328655,0.5367423296270107,,,,,,,,,,,,,,,,,,,,,,,,,,,,,,,,,,,,,,,,,,,,,,,,,,,,,,,,,,,,,,,,,,,,,,,,,,,,,,,,,,,,,,,,,,,,,,,,,,,,,,,,,,,,,,,,,,,,,,,,,,,,,,,,,,,,,,,,,,,,,,,,,,,,,,,,,,,,,,,,,,,,,,,,,,,,,,,,,,,,,,,,,,,,,,,,,,,,,,,,,,,,,,,,,,,,,,
904,PE,LT,#6,#10,WAX_1,1.6419861293354017,3.956602487923375,96.78528557379288,-0.8733807535189103,-0.5904384505842194,-45.89753926823503,0.525779781542919,,,,,,,,,,,,,,,,,,,,,,,,,,,,,,,,,,,,,,,,,,,,,,,,,,,,,,,,,,,,,,,,,,,,,,,,,,,,,,,,,,,,,,,,,,,,,,,,,,,,,,,,,,,,,,,,,,,,,,,,,,,,,,,,,,,,,,,,,,,,,,,,,,,,,,,,,,,,,,,,,,,,,,,,,,,,,,,,,,,,,,,,,,,,,,,,,,,,,,,,,,,,,,,,,,,,,,
905,PE,LT,#6,#11,WAX_1,1.652577625543674,4.015469324053856,97.14643738382489,-0.882712982403776,-0.6366108023915592,-46.394470474630396,0.5224274638983809,,,,,,,,,,,,,,,,,,,,,,,,,,,,,,,,,,,,,,,,,,,,,,,,,,,,,,,,,,,,,,,,,,,,,,,,,,,,,,,,,,,,,,,,,,,,,,,,,,,,,,,,,,,,,,,,,,,,,,,,,,,,,,,,,,,,,,,,,,,,,,,,,,,,,,,,,,,,,,,,,,,,,,,,,,,,,,,,,,,,,,,,,,,,,,,,,,,,,,,,,,,,,,,,,,,,,,
906,PE,LT,#7,#1,WAX_1,1.6557005483785856,4.439165718365324,98.8163094212837,-0.869076432337003,-0.9065622511547938,-48.37730906306624,0.5104319383471487,,,,,,,,,,,,,,,,,,,,,,,,,,,,,,,,,,,,,,,,,,,,,,,,,,,,,,,,,,,,,,,,,,,,,,,,,,,,,,,,,,,,,,,,,,,,,,,,,,,,,,,,,,,,,,,,,,,,,,,,,,,,,,,,,,,,,,,,,,,,,,,,,,,,,,,,,,,,,,,,,,,,,,,,,,,,,,,,,,,,,,,,,,,,,,,,,,,,,,,,,,,,,,,,,,,,,,
907,PE,LT,#7,#2,WAX_1,1.7308422481377044,4.5722073583383755,101.10506510128369,-0.9298159424807967,-1.029852185797402,-50.35611981336072,0.5019426597182284,,,,,,,,,,,,,,,,,,,,,,,,,,,,,,,,,,,,,,,,,,,,,,,,,,,,,,,,,,,,,,,,,,,,,,,,,,,,,,,,,,,,,,,,,,,,,,,,,,,,,,,,,,,,,,,,,,,,,,,,,,,,,,,,,,,,,,,,,,,,,,,,,,,,,,,,,,,,,,,,,,,,,,,,,,,,,,,,,,,,,,,,,,,,,,,,,,,,,,,,,,,,,,,,,,,,,,
908,PE,LT,#7,#3,WAX_1,1.6414725712589868,4.2976008038532925,98.06545505604375,-0.8515725309763518,-0.7600525744231513,-47.512445746500546,0.5155027249978342,,,,,,,,,,,,,,,,,,,,,,,,,,,,,,,,,,,,,,,,,,,,,,,,,,,,,,,,,,,,,,,,,,,,,,,,,,,,,,,,,,,,,,,,,,,,,,,,,,,,,,,,,,,,,,,,,,,,,,,,,,,,,,,,,,,,,,,,,,,,,,,,,,,,,,,,,,,,,,,,,,,,,,,,,,,,,,,,,,,,,,,,,,,,,,,,,,,,,,,,,,,,,,,,,,,,,,
909,PE,LT,#7,#4,WAX_1,1.648060060392455,4.338982321043519,98.17100729328367,-0.8606234936321617,-0.8371387838333634,-47.929790836230175,0.5117724452694979,,,,,,,,,,,,,,,,,,,,,,,,,,,,,,,,,,,,,,,,,,,,,,,,,,,,,,,,,,,,,,,,,,,,,,,,,,,,,,,,,,,,,,,,,,,,,,,,,,,,,,,,,,,,,,,,,,,,,,,,,,,,,,,,,,,,,,,,,,,,,,,,,,,,,,,,,,,,,,,,,,,,,,,,,,,,,,,,,,,,,,,,,,,,,,,,,,,,,,,,,,,,,,,,,,,,,,
910,PE,LT,#7,#5,WAX_1,1.7158302148196285,4.57303010338542,101.39289454128367,-0.908635183927943,-1.0151325664040325,-50.27917548719063,0.5041153947260211,,,,,,,,,,,,,,,,,,,,,,,,,,,,,,,,,,,,,,,,,,,,,,,,,,,,,,,,,,,,,,,,,,,,,,,,,,,,,,,,,,,,,,,,,,,,,,,,,,,,,,,,,,,,,,,,,,,,,,,,,,,,,,,,,,,,,,,,,,,,,,,,,,,,,,,,,,,,,,,,,,,,,,,,,,,,,,,,,,,,,,,,,,,,,,,,,,,,,,,,,,,,,,,,,,,,,,
911,PE,LT,#7,#6,WAX_1,1.5878578188134929,4.099379111368397,95.28587539730394,-0.8027970598416996,-0.5812599148030994,-44.964209010381175,0.5281125473959447,,,,,,,,,,,,,,,,,,,,,,,,,,,,,,,,,,,,,,,,,,,,,,,,,,,,,,,,,,,,,,,,,,,,,,,,,,,,,,,,,,,,,,,,,,,,,,,,,,,,,,,,,,,,,,,,,,,,,,,,,,,,,,,,,,,,,,,,,,,,,,,,,,,,,,,,,,,,,,,,,,,,,,,,,,,,,,,,,,,,,,,,,,,,,,,,,,,,,,,,,,,,,,,,,,,,,,
912,PE,LT,#7,#7,WAX_1,1.6365917172804199,4.3270244879139925,97.9802277038249,-0.8475814070293298,-0.795297179707726,-47.339603400892855,0.5168453420623675,,,,,,,,,,,,,,,,,,,,,,,,,,,,,,,,,,,,,,,,,,,,,,,,,,,,,,,,,,,,,,,,,,,,,,,,,,,,,,,,,,,,,,,,,,,,,,,,,,,,,,,,,,,,,,,,,,,,,,,,,,,,,,,,,,,,,,,,,,,,,,,,,,,,,,,,,,,,,,,,,,,,,,,,,,,,,,,,,,,,,,,,,,,,,,,,,,,,,,,,,,,,,,,,,,,,,,
913,PE,LT,#7,#8,WAX_1,1.6881979858927347,4.429478072226288,99.19172800985692,-0.8952804852077506,-0.9069116816421374,-48.443886238208655,0.5116136475271942,,,,,,,,,,,,,,,,,,,,,,,,,,,,,,,,,,,,,,,,,,,,,,,,,,,,,,,,,,,,,,,,,,,,,,,,,,,,,,,,,,,,,,,,,,,,,,,,,,,,,,,,,,,,,,,,,,,,,,,,,,,,,,,,,,,,,,,,,,,,,,,,,,,,,,,,,,,,,,,,,,,,,,,,,,,,,,,,,,,,,,,,,,,,,,,,,,,,,,,,,,,,,,,,,,,,,,
914,PE,LT,#7,#9,WAX_1,1.6299980396232447,4.267225932334051,97.79265277244572,-0.8400910935599563,-0.7304798063318488,-47.24547132363106,0.5168811768143071,,,,,,,,,,,,,,,,,,,,,,,,,,,,,,,,,,,,,,,,,,,,,,,,,,,,,,,,,,,,,,,,,,,,,,,,,,,,,,,,,,,,,,,,,,,,,,,,,,,,,,,,,,,,,,,,,,,,,,,,,,,,,,,,,,,,,,,,,,,,,,,,,,,,,,,,,,,,,,,,,,,,,,,,,,,,,,,,,,,,,,,,,,,,,,,,,,,,,,,,,,,,,,,,,,,,,,
915,PE,LT,#7,#10,WAX_1,1.712030177346701,4.421582645025761,99.34150283982488,-0.922271868790055,-0.913652502582837,-49.02400134453743,0.506510371364301,,,,,,,,,,,,,,,,,,,,,,,,,,,,,,,,,,,,,,,,,,,,,,,,,,,,,,,,,,,,,,,,,,,,,,,,,,,,,,,,,,,,,,,,,,,,,,,,,,,,,,,,,,,,,,,,,,,,,,,,,,,,,,,,,,,,,,,,,,,,,,,,,,,,,,,,,,,,,,,,,,,,,,,,,,,,,,,,,,,,,,,,,,,,,,,,,,,,,,,,,,,,,,,,,,,,,,
916,PE,LT,#7,#11,WAX_1,1.722621673554974,4.480449481156242,99.7026546498569,-0.9316040976749215,-0.9598248543901774,-49.5209325509328,0.5033138011736593,,,,,,,,,,,,,,,,,,,,,,,,,,,,,,,,,,,,,,,,,,,,,,,,,,,,,,,,,,,,,,,,,,,,,,,,,,,,,,,,,,,,,,,,,,,,,,,,,,,,,,,,,,,,,,,,,,,,,,,,,,,,,,,,,,,,,,,,,,,,,,,,,,,,,,,,,,,,,,,,,,,,,,,,,,,,,,,,,,,,,,,,,,,,,,,,,,,,,,,,,,,,,,,,,,,,,,
917,PE,HT,#1,-,MeOH_1,1.242020314596128,3.6085869703389255,81.4055216573885,-0.3941081839500916,-0.42961539835546436,-33.233607604108016,0.5917524152234006,,,,,,,,,,,,,,,,,,,,,,,,,,,,,,,,,,,,,,,,,,,,,,,,,,,,,,,,,,,,,,,,,,,,,,,,,,,,,,,,,,,,,,,,,,,,,,,,,,,,,,,,,,,,,,,,,,,,,,,,,,,,,,,,,,,,,,,,,,,,,,,,,,,,,,,,,,,,,,,,,,,,,,,,,,,,,,,,,,,,,,,,,,,,,,,,,,,,,,,,,,,,,,,,,,,,,,
918,PE,HT,#2,-,FT_1,1.3696324876161328,4.5758105817774775,85.55345879830051,-0.4766062350312156,-0.9797860289770439,-37.03719877663382,0.567087067000387,,,,,,,,,,,,,,,,,,,,,,,,,,,,,,,,,,,,,,,,,,,,,,,,,,,,,,,,,,,,,,,,,,,,,,,,,,,,,,,,,,,,,,,,,,,,,,,,,,,,,,,,,,,,,,,,,,,,,,,,,,,,,,,,,,,,,,,,,,,,,,,,,,,,,,,,,,,,,,,,,,,,,,,,,,,,,,,,,,,,,,,,,,,,,,,,,,,,,,,,,,,,,,,,,,,,,,
919,PE,HT,#3,-,H2_1,1.2912290468434107,3.9018327944148314,78.8975393883591,-0.5149345164591992,-0.032480891640618445,-25.30637419040666,0.6792501466257327,,,,,,,,,,,,,,,,,,,,,,,,,,,,,,,,,,,,,,,,,,,,,,,,,,,,,,,,,,,,,,,,,,,,,,,,,,,,,,,,,,,,,,,,,,,,,,,,,,,,,,,,,,,,,,,,,,,,,,,,,,,,,,,,,,,,,,,,,,,,,,,,,,,,,,,,,,,,,,,,,,,,,,,,,,,,,,,,,,,,,,,,,,,,,,,,,,,,,,,,,,,,,,,,,,,,,,
920,PE,HT,#4,-,MeOH_1,1.6629560259957805,7.216867905099418,123.3383535322685,-0.8122299167255183,-4.19849803043564,-77.7131433762879,0.3699190790968671,,,,,,,,,,,,,,,,,,,,,,,,,,,,,,,,,,,,,,,,,,,,,,,,,,,,,,,,,,,,,,,,,,,,,,,,,,,,,,,,,,,,,,,,,,,,,,,,,,,,,,,,,,,,,,,,,,,,,,,,,,,,,,,,,,,,,,,,,,,,,,,,,,,,,,,,,,,,,,,,,,,,,,,,,,,,,,,,,,,,,,,,,,,,,,,,,,,,,,,,,,,,,,,,,,,,,,
921,PE,HT,#5,-,FT_1,1.7920566924378472,8.521902970609705,127.4380251983005,-0.8950335688103466,-4.928858738335715,-79.79233883236397,0.37387338898101447,,,,,,,,,,,,,,,,,,,,,,,,,,,,,,,,,,,,,,,,,,,,,,,,,,,,,,,,,,,,,,,,,,,,,,,,,,,,,,,,,,,,,,,,,,,,,,,,,,,,,,,,,,,,,,,,,,,,,,,,,,,,,,,,,,,,,,,,,,,,,,,,,,,,,,,,,,,,,,,,,,,,,,,,,,,,,,,,,,,,,,,,,,,,,,,,,,,,,,,,,,,,,,,,,,,,,,
922,PE,HT,#6,-,Olefin,1.016571004856032,1.7153921132279382,62.82225975689376,-0.3266817970816443,1.7856664237347286,-16.698685046527572,0.7341915889185258,,,,,,,,,,,,,,,,,,,,,,,,,,,,,,,,,,,,,,,,,,,,,,,,,,,,,,,,,,,,,,,,,,,,,,,,,,,,,,,,,,,,,,,,,,,,,,,,,,,,,,,,,,,,,,,,,,,,,,,,,,,,,,,,,,,,,,,,,,,,,,,,,,,,,,,,,,,,,,,,,,,,,,,,,,,,,,,,,,,,,,,,,,,,,,,,,,,,,,,,,,,,,,,,,,,,,,
923,PE,HT,#7,-,MeOH_1,1.2314452239846838,3.505065688140515,80.67368137219589,-0.3856561243652017,-0.35224086898035256,-32.28826698385481,0.5997670313954095,,,,,,,,,,,,,,,,,,,,,,,,,,,,,,,,,,,,,,,,,,,,,,,,,,,,,,,,,,,,,,,,,,,,,,,,,,,,,,,,,,,,,,,,,,,,,,,,,,,,,,,,,,,,,,,,,,,,,,,,,,,,,,,,,,,,,,,,,,,,,,,,,,,,,,,,,,,,,,,,,,,,,,,,,,,,,,,,,,,,,,,,,,,,,,,,,,,,,,,,,,,,,,,,,,,,,,
924,PE,HT,#8,-,FT_1,1.4025280720307463,4.530849252260102,89.27846503822788,-0.44002472727237163,-0.9402233433800533,-43.271271008838156,0.515322412965882,,,,,,,,,,,,,,,,,,,,,,,,,,,,,,,,,,,,,,,,,,,,,,,,,,,,,,,,,,,,,,,,,,,,,,,,,,,,,,,,,,,,,,,,,,,,,,,,,,,,,,,,,,,,,,,,,,,,,,,,,,,,,,,,,,,,,,,,,,,,,,,,,,,,,,,,,,,,,,,,,,,,,,,,,,,,,,,,,,,,,,,,,,,,,,,,,,,,,,,,,,,,,,,,,,,,,,
925,PE,HT,#9,-,H2_1,1.2824461288200382,3.886824038120446,78.11432545406493,-0.515775780848383,-0.047047457085990015,-24.98854401667118,0.6801029277099029,,,,,,,,,,,,,,,,,,,,,,,,,,,,,,,,,,,,,,,,,,,,,,,,,,,,,,,,,,,,,,,,,,,,,,,,,,,,,,,,,,,,,,,,,,,,,,,,,,,,,,,,,,,,,,,,,,,,,,,,,,,,,,,,,,,,,,,,,,,,,,,,,,,,,,,,,,,,,,,,,,,,,,,,,,,,,,,,,,,,,,,,,,,,,,,,,,,,,,,,,,,,,,,,,,,,,,
926,PE,HT,#10,-,MeOH_1,1.653201446683055,7.14028559739639,122.4743341721959,-0.800748341391071,-4.116945896695658,-75.43891400937042,0.38404307711275104,,,,,,,,,,,,,,,,,,,,,,,,,,,,,,,,,,,,,,,,,,,,,,,,,,,,,,,,,,,,,,,,,,,,,,,,,,,,,,,,,,,,,,,,,,,,,,,,,,,,,,,,,,,,,,,,,,,,,,,,,,,,,,,,,,,,,,,,,,,,,,,,,,,,,,,,,,,,,,,,,,,,,,,,,,,,,,,,,,,,,,,,,,,,,,,,,,,,,,,,,,,,,,,,,,,,,,
927,PE,HT,#11,-,FT_1,1.859810341134192,8.692440761780777,131.66704423822787,-0.8962934174732475,-5.105448049726353,-86.07084919090622,0.3462992224905081,,,,,,,,,,,,,,,,,,,,,,,,,,,,,,,,,,,,,,,,,,,,,,,,,,,,,,,,,,,,,,,,,,,,,,,,,,,,,,,,,,,,,,,,,,,,,,,,,,,,,,,,,,,,,,,,,,,,,,,,,,,,,,,,,,,,,,,,,,,,,,,,,,,,,,,,,,,,,,,,,,,,,,,,,,,,,,,,,,,,,,,,,,,,,,,,,,,,,,,,,,,,,,,,,,,,,,
928,PE,LT,#1,-,WAX_1,1.057219005546914,2.6533250748343336,71.79682773472,-0.38535222235752686,0.5264884615434098,-26.764254780200478,0.6272223213107556,,,,,,,,,,,,,,,,,,,,,,,,,,,,,,,,,,,,,,,,,,,,,,,,,,,,,,,,,,,,,,,,,,,,,,,,,,,,,,,,,,,,,,,,,,,,,,,,,,,,,,,,,,,,,,,,,,,,,,,,,,,,,,,,,,,,,,,,,,,,,,,,,,,,,,,,,,,,,,,,,,,,,,,,,,,,,,,,,,,,,,,,,,,,,,,,,,,,,,,,,,,,,,,,,,,,,,
929,PE,LT,#2,-,WAX_1,1.1155323882896515,2.8763780557411702,73.075075755632,-0.43682344552778946,0.34351868992222073,-28.660238877631425,0.6077973429206806,,,,,,,,,,,,,,,,,,,,,,,,,,,,,,,,,,,,,,,,,,,,,,,,,,,,,,,,,,,,,,,,,,,,,,,,,,,,,,,,,,,,,,,,,,,,,,,,,,,,,,,,,,,,,,,,,,,,,,,,,,,,,,,,,,,,,,,,,,,,,,,,,,,,,,,,,,,,,,,,,,,,,,,,,,,,,,,,,,,,,,,,,,,,,,,,,,,,,,,,,,,,,,,,,,,,,,
930,PE,LT,#3,-,WAX_1,1.0645496840555067,2.4035375839967816,70.76069178541684,-0.3910841966018883,0.9785481835509807,-23.714383885609955,0.6648650078559961,,,,,,,,,,,,,,,,,,,,,,,,,,,,,,,,,,,,,,,,,,,,,,,,,,,,,,,,,,,,,,,,,,,,,,,,,,,,,,,,,,,,,,,,,,,,,,,,,,,,,,,,,,,,,,,,,,,,,,,,,,,,,,,,,,,,,,,,,,,,,,,,,,,,,,,,,,,,,,,,,,,,,,,,,,,,,,,,,,,,,,,,,,,,,,,,,,,,,,,,,,,,,,,,,,,,,,
931,PE,LT,#4,-,WAX_1,1.2041930229560378,3.653036653681522,84.8095500096,-0.5255828450213891,-0.6041910287444207,-40.47882413238677,0.5227091273588319,,,,,,,,,,,,,,,,,,,,,,,,,,,,,,,,,,,,,,,,,,,,,,,,,,,,,,,,,,,,,,,,,,,,,,,,,,,,,,,,,,,,,,,,,,,,,,,,,,,,,,,,,,,,,,,,,,,,,,,,,,,,,,,,,,,,,,,,,,,,,,,,,,,,,,,,,,,,,,,,,,,,,,,,,,,,,,,,,,,,,,,,,,,,,,,,,,,,,,,,,,,,,,,,,,,,,,
932,PE,LT,#5,-,WAX_1,1.2562735270371927,4.067653032111273,85.934437195632,-0.5711261206571265,-0.85525782318145,-41.375402842348386,0.51852360715232,,,,,,,,,,,,,,,,,,,,,,,,,,,,,,,,,,,,,,,,,,,,,,,,,,,,,,,,,,,,,,,,,,,,,,,,,,,,,,,,,,,,,,,,,,,,,,,,,,,,,,,,,,,,,,,,,,,,,,,,,,,,,,,,,,,,,,,,,,,,,,,,,,,,,,,,,,,,,,,,,,,,,,,,,,,,,,,,,,,,,,,,,,,,,,,,,,,,,,,,,,,,,,,,,,,,,,
933,PE,LT,#6,-,WAX_1,0.9301506786957654,1.929445444601693,65.05592111454126,-0.30301200998091743,1.2707855064659337,-20.553481685058035,0.6840643967077128,,,,,,,,,,,,,,,,,,,,,,,,,,,,,,,,,,,,,,,,,,,,,,,,,,,,,,,,,,,,,,,,,,,,,,,,,,,,,,,,,,,,,,,,,,,,,,,,,,,,,,,,,,,,,,,,,,,,,,,,,,,,,,,,,,,,,,,,,,,,,,,,,,,,,,,,,,,,,,,,,,,,,,,,,,,,,,,,,,,,,,,,,,,,,,,,,,,,,,,,,,,,,,,,,,,,,,
934,PE,LT,#7,-,WAX_1,1.0827515991339425,2.8547981404318468,74.32052063080768,-0.40862255019787996,0.3506332261134705,-29.072051944250493,0.6088287367002188,,,,,,,,,,,,,,,,,,,,,,,,,,,,,,,,,,,,,,,,,,,,,,,,,,,,,,,,,,,,,,,,,,,,,,,,,,,,,,,,,,,,,,,,,,,,,,,,,,,,,,,,,,,,,,,,,,,,,,,,,,,,,,,,,,,,,,,,,,,,,,,,,,,,,,,,,,,,,,,,,,,,,,,,,,,,,,,,,,,,,,,,,,,,,,,,,,,,,,,,,,,,,,,,,,,,,,
935,PE,LT,#8,-,WAX_1,1.1782024332642071,3.174713888739567,77.99640271080767,-0.4764223693376041,0.05532322111928761,-34.39738747988469,0.5589875137264713,,,,,,,,,,,,,,,,,,,,,,,,,,,,,,,,,,,,,,,,,,,,,,,,,,,,,,,,,,,,,,,,,,,,,,,,,,,,,,,,,,,,,,,,,,,,,,,,,,,,,,,,,,,,,,,,,,,,,,,,,,,,,,,,,,,,,,,,,,,,,,,,,,,,,,,,,,,,,,,,,,,,,,,,,,,,,,,,,,,,,,,,,,,,,,,,,,,,,,,,,,,,,,,,,,,,,,
936,PE,LT,#9,-,WAX_1,1.0837980824169366,2.567033575346856,72.94889256938231,-0.41018966137766527,0.8150521922009065,-26.049601345534462,0.6429061439039877,,,,,,,,,,,,,,,,,,,,,,,,,,,,,,,,,,,,,,,,,,,,,,,,,,,,,,,,,,,,,,,,,,,,,,,,,,,,,,,,,,,,,,,,,,,,,,,,,,,,,,,,,,,,,,,,,,,,,,,,,,,,,,,,,,,,,,,,,,,,,,,,,,,,,,,,,,,,,,,,,,,,,,,,,,,,,,,,,,,,,,,,,,,,,,,,,,,,,,,,,,,,,,,,,,,,,,
937,PE,LT,#10,-,WAX_1,1.2289379898084294,3.842015726378375,87.39043167080767,-0.546424977670226,-0.7750982784862461,-42.88064810537752,0.5093210173522741,,,,,,,,,,,,,,,,,,,,,,,,,,,,,,,,,,,,,,,,,,,,,,,,,,,,,,,,,,,,,,,,,,,,,,,,,,,,,,,,,,,,,,,,,,,,,,,,,,,,,,,,,,,,,,,,,,,,,,,,,,,,,,,,,,,,,,,,,,,,,,,,,,,,,,,,,,,,,,,,,,,,,,,,,,,,,,,,,,,,,,,,,,,,,,,,,,,,,,,,,,,,,,,,,,,,,,
938,PE,LT,#11,-,WAX_1,1.2858050746721732,4.297415734218159,89.58468159080769,-0.5796793893172676,-1.0752494587536456,-45.54340978068885,0.49161610029808855,,,,,,,,,,,,,,,,,,,,,,,,,,,,,,,,,,,,,,,,,,,,,,,,,,,,,,,,,,,,,,,,,,,,,,,,,,,,,,,,,,,,,,,,,,,,,,,,,,,,,,,,,,,,,,,,,,,,,,,,,,,,,,,,,,,,,,,,,,,,,,,,,,,,,,,,,,,,,,,,,,,,,,,,,,,,,,,,,,,,,,,,,,,,,,,,,,,,,,,,,,,,,,,,,,,,,,
939,PE,SG,#1,-,MeOH_1,1.0782190983067315,4.041559744044348,85.37226838506902,-0.23426769342404172,-0.9833132511627171,-39.415495144902614,0.5383103214837841,,,,,,,,,,,,,,,,,,,,,,,,,,,,,,,,,,,,,,,,,,,,,,,,,,,,,,,,,,,,,,,,,,,,,,,,,,,,,,,,,,,,,,,,,,,,,,,,,,,,,,,,,,,,,,,,,,,,,,,,,,,,,,,,,,,,,,,,,,,,,,,,,,,,,,,,,,,,,,,,,,,,,,,,,,,,,,,,,,,,,,,,,,,,,,,,,,,,,,,,,,,,,,,,,,,,,,
940,PE,SG,#2,-,FT_1,1.3407894533610658,5.677962293925761,93.21430645110102,-0.34040982302130246,-1.912107390002236,-49.816111265798085,0.46557440416154416,,,,,,,,,,,,,,,,,,,,,,,,,,,,,,,,,,,,,,,,,,,,,,,,,,,,,,,,,,,,,,,,,,,,,,,,,,,,,,,,,,,,,,,,,,,,,,,,,,,,,,,,,,,,,,,,,,,,,,,,,,,,,,,,,,,,,,,,,,,,,,,,,,,,,,,,,,,,,,,,,,,,,,,,,,,,,,,,,,,,,,,,,,,,,,,,,,,,,,,,,,,,,,,,,,,,,,
941,PE,SG,#3,-,H2_1,0.9903422875971856,5.1567611694152165,77.33209524398757,-0.3153479838266138,-1.0245524337144836,-20.2153489612401,0.738590440392706,,,,,,,,,,,,,,,,,,,,,,,,,,,,,,,,,,,,,,,,,,,,,,,,,,,,,,,,,,,,,,,,,,,,,,,,,,,,,,,,,,,,,,,,,,,,,,,,,,,,,,,,,,,,,,,,,,,,,,,,,,,,,,,,,,,,,,,,,,,,,,,,,,,,,,,,,,,,,,,,,,,,,,,,,,,,,,,,,,,,,,,,,,,,,,,,,,,,,,,,,,,,,,,,,,,,,,
942,PE,SG,#4,-,MeOH_1,1.531698356967069,9.289262571719169,141.38444278506904,-0.683247200127593,-6.254408024156043,-94.56642985724342,0.33113977751426155,,,,,,,,,,,,,,,,,,,,,,,,,,,,,,,,,,,,,,,,,,,,,,,,,,,,,,,,,,,,,,,,,,,,,,,,,,,,,,,,,,,,,,,,,,,,,,,,,,,,,,,,,,,,,,,,,,,,,,,,,,,,,,,,,,,,,,,,,,,,,,,,,,,,,,,,,,,,,,,,,,,,,,,,,,,,,,,,,,,,,,,,,,,,,,,,,,,,,,,,,,,,,,,,,,,,,,
943,PE,SG,#5,-,FT_1,1.77546492269521,10.906449874190505,148.67836085110105,-0.7757543207463039,-7.143248406693721,-105.42186198940077,0.2909401113523235,,,,,,,,,,,,,,,,,,,,,,,,,,,,,,,,,,,,,,,,,,,,,,,,,,,,,,,,,,,,,,,,,,,,,,,,,,,,,,,,,,,,,,,,,,,,,,,,,,,,,,,,,,,,,,,,,,,,,,,,,,,,,,,,,,,,,,,,,,,,,,,,,,,,,,,,,,,,,,,,,,,,,,,,,,,,,,,,,,,,,,,,,,,,,,,,,,,,,,,,,,,,,,,,,,,,,,
944,PE,SG,#6,-,MeOH_1,1.1045559286994695,4.017470396803597,88.99923978878815,-0.23755593063640051,-0.8601753499644902,-41.70676480770435,0.5313806622766407,,,,,,,,,,,,,,,,,,,,,,,,,,,,,,,,,,,,,,,,,,,,,,,,,,,,,,,,,,,,,,,,,,,,,,,,,,,,,,,,,,,,,,,,,,,,,,,,,,,,,,,,,,,,,,,,,,,,,,,,,,,,,,,,,,,,,,,,,,,,,,,,,,,,,,,,,,,,,,,,,,,,,,,,,,,,,,,,,,,,,,,,,,,,,,,,,,,,,,,,,,,,,,,,,,,,,,
945,PE,SG,#7,-,FT_1,1.3656087726844108,6.044972656811135,99.64161065482017,-0.3808165733628201,-2.201851396932778,-55.796290260168725,0.44003022538988257,,,,,,,,,,,,,,,,,,,,,,,,,,,,,,,,,,,,,,,,,,,,,,,,,,,,,,,,,,,,,,,,,,,,,,,,,,,,,,,,,,,,,,,,,,,,,,,,,,,,,,,,,,,,,,,,,,,,,,,,,,,,,,,,,,,,,,,,,,,,,,,,,,,,,,,,,,,,,,,,,,,,,,,,,,,,,,,,,,,,,,,,,,,,,,,,,,,,,,,,,,,,,,,,,,,,,,
946,PE,SG,#8,-,H2_1,1.0806558203530592,5.690493860474993,90.3027197143264,-0.35130863435193277,-1.3992026301041844,-33.12553529515975,0.6331723407672246,,,,,,,,,,,,,,,,,,,,,,,,,,,,,,,,,,,,,,,,,,,,,,,,,,,,,,,,,,,,,,,,,,,,,,,,,,,,,,,,,,,,,,,,,,,,,,,,,,,,,,,,,,,,,,,,,,,,,,,,,,,,,,,,,,,,,,,,,,,,,,,,,,,,,,,,,,,,,,,,,,,,,,,,,,,,,,,,,,,,,,,,,,,,,,,,,,,,,,,,,,,,,,,,,,,,,,
947,PE,SG,#9,-,MeOH_1,1.558720772320524,9.421619183295167,143.96028458878817,-0.6907028985293445,-6.314043435072769,-97.3065104073078,0.3240739229902428,,,,,,,,,,,,,,,,,,,,,,,,,,,,,,,,,,,,,,,,,,,,,,,,,,,,,,,,,,,,,,,,,,,,,,,,,,,,,,,,,,,,,,,,,,,,,,,,,,,,,,,,,,,,,,,,,,,,,,,,,,,,,,,,,,,,,,,,,,,,,,,,,,,,,,,,,,,,,,,,,,,,,,,,,,,,,,,,,,,,,,,,,,,,,,,,,,,,,,,,,,,,,,,,,,,,,,
948,PE,SG,#10,-,FT_1,1.8024873380486632,11.038806485766504,151.25420265482018,-0.8185838588671337,-7.194919603972209,-107.48688580159421,0.2893626496653988,,,,,,,,,,,,,,,,,,,,,,,,,,,,,,,,,,,,,,,,,,,,,,,,,,,,,,,,,,,,,,,,,,,,,,,,,,,,,,,,,,,,,,,,,,,,,,,,,,,,,,,,,,,,,,,,,,,,,,,,,,,,,,,,,,,,,,,,,,,,,,,,,,,,,,,,,,,,,,,,,,,,,,,,,,,,,,,,,,,,,,,,,,,,,,,,,,,,,,,,,,,,,,,,,,,,,,
949,PE,OG,#1,-,MeOH_1,0.97041240918558,2.5508674606310446,54.07164927999999,-0.5590881700929496,-0.06502765613466233,-29.320413141205997,0.45774886596531056,,,,,,,,,,,,,,,,,,,,,,,,,,,,,,,,,,,,,,,,,,,,,,,,,,,,,,,,,,,,,,,,,,,,,,,,,,,,,,,,,,,,,,,,,,,,,,,,,,,,,,,,,,,,,,,,,,,,,,,,,,,,,,,,,,,,,,,,,,,,,,,,,,,,,,,,,,,,,,,,,,,,,,,,,,,,,,,,,,,,,,,,,,,,,,,,,,,,,,,,,,,,,,,,,,,,,,
950,PE,OG,#2,-,FT_1,1.594245008687142,3.3260592030781897,84.60905728,-0.660397498511588,0.19630995212737917,-46.49129603688072,0.4505163214025032,,,,,,,,,,,,,,,,,,,,,,,,,,,,,,,,,,,,,,,,,,,,,,,,,,,,,,,,,,,,,,,,,,,,,,,,,,,,,,,,,,,,,,,,,,,,,,,,,,,,,,,,,,,,,,,,,,,,,,,,,,,,,,,,,,,,,,,,,,,,,,,,,,,,,,,,,,,,,,,,,,,,,,,,,,,,,,,,,,,,,,,,,,,,,,,,,,,,,,,,,,,,,,,,,,,,,,
951,PE,OG,#3,-,H2_1,0.9575835778720778,2.374676720067861,58.60661462730207,-0.5451264499893597,0.8114759962172265,-26.249954857115558,0.5520991099034248,,,,,,,,,,,,,,,,,,,,,,,,,,,,,,,,,,,,,,,,,,,,,,,,,,,,,,,,,,,,,,,,,,,,,,,,,,,,,,,,,,,,,,,,,,,,,,,,,,,,,,,,,,,,,,,,,,,,,,,,,,,,,,,,,,,,,,,,,,,,,,,,,,,,,,,,,,,,,,,,,,,,,,,,,,,,,,,,,,,,,,,,,,,,,,,,,,,,,,,,,,,,,,,,,,,,,,
952,PE,OG,#4,-,MeOH_1,1.2803844981276022,5.79760161929218,90.61194559999998,-0.8708980056529481,-3.328982878194026,-63.418380811711714,0.30011015223458887,,,,,,,,,,,,,,,,,,,,,,,,,,,,,,,,,,,,,,,,,,,,,,,,,,,,,,,,,,,,,,,,,,,,,,,,,,,,,,,,,,,,,,,,,,,,,,,,,,,,,,,,,,,,,,,,,,,,,,,,,,,,,,,,,,,,,,,,,,,,,,,,,,,,,,,,,,,,,,,,,,,,,,,,,,,,,,,,,,,,,,,,,,,,,,,,,,,,,,,,,,,,,,,,,,,,,,
953,PE,OG,#5,-,FT_1,1.9301644383346552,6.823076076578983,123.71772768,-0.98834815596015,-3.2606584968414793,-85.15009336958218,0.31173894827889403,,,,,,,,,,,,,,,,,,,,,,,,,,,,,,,,,,,,,,,,,,,,,,,,,,,,,,,,,,,,,,,,,,,,,,,,,,,,,,,,,,,,,,,,,,,,,,,,,,,,,,,,,,,,,,,,,,,,,,,,,,,,,,,,,,,,,,,,,,,,,,,,,,,,,,,,,,,,,,,,,,,,,,,,,,,,,,,,,,,,,,,,,,,,,,,,,,,,,,,,,,,,,,,,,,,,,,
954,PE,OG,#6,-,MeOH_1,1.0060244375891612,2.0667906866856,62.394003625920526,-0.5387388088130557,0.5520842992876965,-38.42231199648601,0.38419864468315484,,,,,,,,,,,,,,,,,,,,,,,,,,,,,,,,,,,,,,,,,,,,,,,,,,,,,,,,,,,,,,,,,,,,,,,,,,,,,,,,,,,,,,,,,,,,,,,,,,,,,,,,,,,,,,,,,,,,,,,,,,,,,,,,,,,,,,,,,,,,,,,,,,,,,,,,,,,,,,,,,,,,,,,,,,,,,,,,,,,,,,,,,,,,,,,,,,,,,,,,,,,,,,,,,,,,,,
955,PE,OG,#7,-,FT_1,1.3708290199038475,2.563732206032202,74.56901162592052,-0.6518241422913665,0.6302429120353695,-46.089293590836476,0.38192430627824453,,,,,,,,,,,,,,,,,,,,,,,,,,,,,,,,,,,,,,,,,,,,,,,,,,,,,,,,,,,,,,,,,,,,,,,,,,,,,,,,,,,,,,,,,,,,,,,,,,,,,,,,,,,,,,,,,,,,,,,,,,,,,,,,,,,,,,,,,,,,,,,,,,,,,,,,,,,,,,,,,,,,,,,,,,,,,,,,,,,,,,,,,,,,,,,,,,,,,,,,,,,,,,,,,,,,,,
956,PE,OG,#8,-,H2_1,0.9945407531454655,2.5749983279894613,64.44052435839897,-0.5654389721316117,0.6625168169771197,-32.70920089252027,0.49241255842982506,,,,,,,,,,,,,,,,,,,,,,,,,,,,,,,,,,,,,,,,,,,,,,,,,,,,,,,,,,,,,,,,,,,,,,,,,,,,,,,,,,,,,,,,,,,,,,,,,,,,,,,,,,,,,,,,,,,,,,,,,,,,,,,,,,,,,,,,,,,,,,,,,,,,,,,,,,,,,,,,,,,,,,,,,,,,,,,,,,,,,,,,,,,,,,,,,,,,,,,,,,,,,,,,,,,,,,
957,PE,OG,#9,-,MeOH_1,1.2352194459773849,5.040963443490506,93.24176650592051,-0.7475094646881889,-2.5060427694269483,-68.08235065921103,0.26982989264914836,,,,,,,,,,,,,,,,,,,,,,,,,,,,,,,,,,,,,,,,,,,,,,,,,,,,,,,,,,,,,,,,,,,,,,,,,,,,,,,,,,,,,,,,,,,,,,,,,,,,,,,,,,,,,,,,,,,,,,,,,,,,,,,,,,,,,,,,,,,,,,,,,,,,,,,,,,,,,,,,,,,,,,,,,,,,,,,,,,,,,,,,,,,,,,,,,,,,,,,,,,,,,,,,,,,,,,
958,PE,OG,#10,-,FT_1,1.434867469318648,5.642149047314839,98.65712570592052,-0.7175104419351649,-2.4512954044649162,-70.40182413514394,0.28639899417909925,,,,,,,,,,,,,,,,,,,,,,,,,,,,,,,,,,,,,,,,,,,,,,,,,,,,,,,,,,,,,,,,,,,,,,,,,,,,,,,,,,,,,,,,,,,,,,,,,,,,,,,,,,,,,,,,,,,,,,,,,,,,,,,,,,,,,,,,,,,,,,,,,,,,,,,,,,,,,,,,,,,,,,,,,,,,,,,,,,,,,,,,,,,,,,,,,,,,,,,,,,,,,,,,,,,,,,
959,PE,HG,#1,-,DIESEL_1,0.9072707150953437,2.1025817352196463,77.535172,-0.2703160108851228,0.8214300090115807,-39.33470097428246,0.4926857068907713,,,,,,,,,,,,,,,,,,,,,,,,,,,,,,,,,,,,,,,,,,,,,,,,,,,,,,,,,,,,,,,,,,,,,,,,,,,,,,,,,,,,,,,,,,,,,,,,,,,,,,,,,,,,,,,,,,,,,,,,,,,,,,,,,,,,,,,,,,,,,,,,,,,,,,,,,,,,,,,,,,,,,,,,,,,,,,,,,,,,,,,,,,,,,,,,,,,,,,,,,,,,,,,,,,,,,,
960,PE,HG,#2,-,DIESEL_1,0.9773139237539488,2.4946183111458127,80.32142112,-0.3192705623334599,0.506722756590744,-42.73940753718327,0.4678952769855665,,,,,,,,,,,,,,,,,,,,,,,,,,,,,,,,,,,,,,,,,,,,,,,,,,,,,,,,,,,,,,,,,,,,,,,,,,,,,,,,,,,,,,,,,,,,,,,,,,,,,,,,,,,,,,,,,,,,,,,,,,,,,,,,,,,,,,,,,,,,,,,,,,,,,,,,,,,,,,,,,,,,,,,,,,,,,,,,,,,,,,,,,,,,,,,,,,,,,,,,,,,,,,,,,,,,,,
961,PE,HG,#3,-,DIESEL_1,0.9195160530745633,2.0040515214828476,76.4637355428969,-0.2881482142940744,1.1037105116025876,-36.99673791531556,0.5161531456364693,,,,,,,,,,,,,,,,,,,,,,,,,,,,,,,,,,,,,,,,,,,,,,,,,,,,,,,,,,,,,,,,,,,,,,,,,,,,,,,,,,,,,,,,,,,,,,,,,,,,,,,,,,,,,,,,,,,,,,,,,,,,,,,,,,,,,,,,,,,,,,,,,,,,,,,,,,,,,,,,,,,,,,,,,,,,,,,,,,,,,,,,,,,,,,,,,,,,,,,,,,,,,,,,,,,,,,
962,PE,HG,#4,-,MeOH_1,1.0380731530976177,3.005561994045711,88.17238736,-0.39721386315712875,-0.13576604096027522,-50.24534461241865,0.43014648784237414,,,,,,,,,,,,,,,,,,,,,,,,,,,,,,,,,,,,,,,,,,,,,,,,,,,,,,,,,,,,,,,,,,,,,,,,,,,,,,,,,,,,,,,,,,,,,,,,,,,,,,,,,,,,,,,,,,,,,,,,,,,,,,,,,,,,,,,,,,,,,,,,,,,,,,,,,,,,,,,,,,,,,,,,,,,,,,,,,,,,,,,,,,,,,,,,,,,,,,,,,,,,,,,,,,,,,,
963,PE,HG,#5,-,DIESEL_1,1.1096430553969103,3.5383979940502823,91.4753208,-0.4511981884564214,-0.5392276376941192,-53.916574700448244,0.41058884266358053,,,,,,,,,,,,,,,,,,,,,,,,,,,,,,,,,,,,,,,,,,,,,,,,,,,,,,,,,,,,,,,,,,,,,,,,,,,,,,,,,,,,,,,,,,,,,,,,,,,,,,,,,,,,,,,,,,,,,,,,,,,,,,,,,,,,,,,,,,,,,,,,,,,,,,,,,,,,,,,,,,,,,,,,,,,,,,,,,,,,,,,,,,,,,,,,,,,,,,,,,,,,,,,,,,,,,,
