excel_row,B,C,D,E,F,G,H,I,J,K,L,M,P,Q,R,S,T,U,V,W,X,Y,Z,AA,AB,AC,AD,AE,AF,AG,AH,AI,AJ,AK,AL,AM,AN,AO,AP,AQ,AR,AS,AT,AU,AV,AW,AX,AY,AZ,BA,BB,BC,BD,BE,BF,BG,BH,BI,BJ,BK,BL,BM,BN,BO,BP,BQ,BR,BS,BT,BU,BV,BW,BX,BY,CA,CB,CC,CD,CE,CF,CH,CI,CJ,CK,CL,CM,CO,CP,CQ,CR,CS,CT,CV,CW,CX,CY,CZ,DA,DC,DD,DE,DF,DG,DH,DJ,DK,DL,DM,DN,DO,DQ,DR,DS,DT,DU,DV,DX,DY,DZ,EA,EB,EC,EE,EF,EG,EH,EI,EJ,EL,EM,EN,EO,EP,EQ,ES,ET,EU,EV,EW,EX,EZ,FA,FB,FC,FD,FE,FG,FH,FI,FJ,FK,FL,FN,FO,FP,FQ,FR,FS,FU,FV,FW,FX,FY,FZ,GB,GC,GD,GE,GF,GG,GI,GJ,GK,GL,GM,GN,GP,GQ,GR,GS,GT,GU,GW,GX,GY,GZ,HA,HB,HD,HE,HF,HG,HH,HI,HK,HL,HM,HN,HO,HP,HR,HS,HT,HU,HV,HW,HY,HZ,IA,IB,IC,ID,IF,IG,IH,II,IJ,IK,IM,IN,IO,IP,IQ,IR,IT,IU,IV,IW
3,,,,,,,,,,,,,Filtering,,"PET, HT","PET, LT","PET, SG","PET, OG","PP, HT","PP, LT","PP, SG","PP, OG","PVC, HT","PVC, LT","PVC, SG","PVC, OG","PS, HT","PS, LT","PS, SG","PS, OG","PE, HT","PE, LT","PE, SG","PE, OG","PE, HG",PET,PP,PVC,PS,PE,,,,,,,,,,,,,,,,,,,,,,,,,,,,,,,,,,,,,,,,,,,,,,,,,,,,,,,,,,,,,,,,,,,,,,,,,,,,,,,,,,,,,,,,,,,,,,,,,,,,,,,,,,,,,,,,,,,,,,,,,,,,,,,,,,,,,,,,,,,,,,,,,,,,,,,,,,,,,,,,,,,,,,,,,,,,,,,,,,,,,,,,,,,,
4,Feed,Tech,Pathway1,Pathway2,Product,Unit treatment cost ($/kg),Unit CO2 emission (kgCO2eq/kg),Unit energy consumption (MJ/kg),Unit profit ($/kg),Unit CO2 reduction (kgCO2eq/kg),Unit energy recovery (MJ/kg),Energy efficiency,,,False,False,False,False,False,False,False,False,False,False,False,False,False,False,False,False,False,False,False,False,False,False,False,False,False,False,,,,,,,,,,,,,,,,,,,,,,,,,,,,,,,,,,,,,,,,,,,,,,,,,,,,,,,,,,,,,,,,,,,,,,,,,,,,,,,,,,,,,,,,,,,,,,,,,,,,,,,,,,,,,,,,,,,,,,,,,,,,,,,,,,,,,,,,,,,,,,,,,,,,,,,,,,,,,,,,,,,,,,,,,,,,,,,,,,,,,,,,,,,,
5,PET,HT,#1,#1,GASOLINE_1,1.1390045567816338,2.020548937028118,48.74023520000001,-0.6041777488281727,0.3782323019517365,-19.047686903598574,0.6091999387069317,(i),,,,,,,,,,,,,,,,,,,,,,,,,,,,,,,,,,,,,,,,,,,,,,,,,,,,,,,,,,,,,,,,,,,,,,,,,,,,,,,,,,,,,,,,,,,,,,,,,,,,,,,,,,,,,,,,,,,,,,,,,,,,,,,,,,,,,,,,,,,,,,,,,,,,,,,,,,,,,,,,,,,,,,,,,,,,,,,,,,,,,,,,,,,,,,,,,,,,,,,,,,,,,,,,,,,,,,,
6,PET,HT,#1,#2,GASOLINE_1,1.4689313858353596,2.0259110424379934,68.71291008000001,-0.7256884720634833,0.6978690322213834,-30.085254852114243,0.5621600829147384,Feed,Tech,Pathway1,Pathway2,Product,Unit treatment cost ($/kg),Unit CO2 emission (kgCO2eq/kg),Unit energy consumption (MJ/kg),Unit profit ($/kg),Unit CO2 reduction (kgCO2eq/kg),Unit energy recovery (MJ/kg),Energy efficiency,,,Scenario 1: Green Heat-0.05 $/kWh,,,,,,,Scenario 1: Green Heat-0.05 $/kWh,,,,,,,,,Scenario 3: Green Heat-0.0153 $/kWh,,,,,,,Scenario 3: Green Heat-0.0153 $/kWh,,,,,,,,,,,,,,,,,,,,,,,,,,,,,,,,,,,,,,,,,,,,,,,,,,,,,,,,,,,,,,,,,,,,,,,,,,,,,,,,,,,,,,,,,,,,,,,,,,,,,,,,,,,,,,,,,,,,,,,,,,,,,,,,,,,,,,,,,,,,,,,,,,,,,,,,,,,,,,,,,,,,,,,,,,,,,,,,,,
7,PET,HT,#1,#3,GASOLINE_1,1.1151304118377285,1.4364656837025178,49.1349391149461,-0.5525627856545142,0.9740121247564382,-18.16587216919389,0.6302860551694851,,,,,,,,,>-0.311691925612265,>0,,,,,,ZONE 1,ZONE 2,ZONE 3,ZONE 4,Total,,,ZONE 1,ZONE 2,ZONE 3,ZONE 4,Total,,,,,ZONE 1,ZONE 2,ZONE 3,ZONE 4,Total,,,ZONE 1,ZONE 2,ZONE 3,ZONE 4,Total,,,,,,,,,,,,,,Feed,Tech,Pathway1,Pathway2,Product,Unit profit ($/kg),Feed,Tech,Pathway1,Pathway2,Product,Unit profit ($/kg),Feed,Tech,Pathway1,Pathway2,Product,Unit profit ($/kg),Feed,Tech,Pathway1,Pathway2,Product,Unit profit ($/kg),Feed,Tech,Pathway1,Pathway2,Product,Unit profit ($/kg),Feed,Tech,Pathway1,Pathway2,Product,Unit profit ($/kg),Feed,Tech,Pathway1,Pathway2,Product,Unit profit ($/kg),Feed,Tech,Pathway1,Pathway2,Product,Unit profit ($/kg),Feed,Tech,Pathway1,Pathway2,Product,Unit profit ($/kg),Feed,Tech,Pathway1,Pathway2,Product,Unit profit ($/kg),Feed,Tech,Pathway1,Pathway2,Product,Unit profit ($/kg),Feed,Tech,Pathway1,Pathway2,Product,Unit profit ($/kg),Feed,Tech,Pathway1,Pathway2,Product,Unit profit ($/kg),Feed,Tech,Pathway1,Pathway2,Product,Unit profit ($/kg),Feed,Tech,Pathway1,Pathway2,Product,Unit profit ($/kg),Feed,Tech,Pathway1,Pathway2,Product,Unit profit ($/kg),Feed,Tech,Pathway1,Pathway2,Product,Unit profit ($/kg),Feed,Tech,Pathway1,Pathway2,Product,Unit profit ($/kg),Feed,Tech,Pathway1,Pathway2,Product,Unit profit ($/kg),Feed,Tech,Pathway1,Pathway2,Product,Unit profit ($/kg),Feed,Tech,Pathway1,Pathway2,Product,Unit profit ($/kg),,,,,,,,,,,,,,,,,,,,,,,,,,,,,,,,,,
8,PET,HT,#1,#4,GASOLINE_1,1.2554632593348745,1.8804580309131995,56.06236000000001,-0.7256484786870359,0.4510563255453187,-26.637096785710725,0.5248666523187622,,,,,,,,,,,,,,,,,,,,,,,,,,,,,,,,,,,,,,,,,,,,,,,,,,,,,,,,,PET,HT,#1,#6,GASOLINE_1,-0.06253165064013202,PET,LT,#1,-,GASOLINE_1,-0.04677174483933271,PET,SG,#3,-,H2_1,-0.12707416034635002,PET,OG,#7,-,FT_1,-0.3537926017044995,PP,HT,#1,#7,MeOH_1,0.2605564019378073,PP,LT,#8,#6,DIESEL_1,0.2314675969913587,PP,SG,#1,-,MeOH_1,0.3157759049287613,PP,OG,#6,-,MeOH_1,-0.06629972315991509,PVC,HT,#1,#6,DIESEL_1,-0.13910433325603613,PVC,LT,#1,#6,GASOLINE_1,-0.1825655980898046,PVC,SG,#6,-,MeOH_1,-0.17020691620708134,PVC,OG,#6,-,MeOH_1,-0.32003879675693553,PS,HT,#1,-,GASOLINE_1,0.3370388482602105,PS,LT,#1,-,GASOLINE_1,0.357000714606819,PS,SG,#6,-,MeOH_1,0.1834512060066308,PS,OG,#6,-,MeOH_1,-0.13656355504160977,PE,HT,#1,#1,MeOH_1,0.32181506962184414,PE,LT,#1,#6,DIESEL_1,-0.02655578194593133,PE,SG,#6,-,MeOH_1,0.2562181230027713,PE,OG,#6,-,MeOH_1,-0.16511301974188342,PE,HG,#1,-,DIESEL_1,0.05535279143532393,,,,,,,,,,,,,,,,,,,,,,,,,,,,,,,,,,
9,PET,HT,#1,#5,GASOLINE_1,1.5514683769247526,1.9190975601394014,72.39855056,-0.8046715178869877,0.7954782406795129,-34.117919560588156,0.5287485827176461,(ii),,,,,,,,,,,,,,,,,,,,,,,,,,,,,,,,,,,,,,,,,,,,,,,,,,,,,,,,,,,,,,,,,,,,,,,,,,,,,,,,,,,,,,,,,,,,,,,,,,,,,,,,,,,,,,,,,,,,,,,,,,,,,,,,,,,,,,,,,,,,,,,,,,,,,,,,,,,,,,,,,,,,,,,,,,,,,,,,,,,,,,,,,,,,,,,,,,,,,,,,,,,,,,,,,,,,,,,
10,PET,HT,#1,#6,GASOLINE_1,1.0029182735534814,1.0110790973107107,43.48483394832232,-0.44440164614421734,1.3260754499612348,-13.155301743746131,0.6974737960508258,Feed,Tech,Pathway1,Pathway2,Product,Unit treatment cost ($/kg),Unit CO2 emission (kgCO2eq/kg),Unit energy consumption (MJ/kg),Unit profit ($/kg),Unit CO2 reduction (kgCO2eq/kg),Unit energy recovery (MJ/kg),Energy efficiency,,,,,,,,,,,,,,,,,,,,,,,,,,,,,,,,,,,,,,,,,,,,,,,,,,,,,,,,,,,,,,,,,,,,,,,,,,,,,,,,,,,,,,,,,,,,,,,,,,,,,,,,,,,,,,,,,,,,,,,,,,,,,,,,,,,,,,,,,,,,,,,,,,,,,,,,,,,,,,,,,,,,,,,,,,,,,,,,,,,,,,,,,,,,,,,,,,,,,,,,,,,,
11,PET,HT,#1,#7,GASOLINE_1,1.121543053227765,1.6147783466041599,50.38876972784231,-0.5645864284823537,0.7902161389371103,-20.438800246530196,0.5943778671929604,,,,,,,,,>-0.311691925612265,<0,,,,,PET,19,9,28,162,218,,HT,55,116,39,228,438,,,,PET,9,9,38,162,218,,HT,48,107,46,237,438,,,,,,,,,,,,,,,,,,,,,,,,,,,,,,,,,,,,,,,,,,,,,,,,,,,,,,,,,,,,,,,,,,,,,,,,,,,,,,,,,,,,,,,,,,,,,,,,,,,,,,,,,,,,,,,,,,,,,,,,,,,,,,,,,,,,,,,,,,,,,,,,,,,,,,,,,,,,,,,,,,,,,,,,,,,,,
12,PET,HT,#1,#8,GASOLINE_1,1.20072531793543,1.4611236966613919,52.46855822875432,-0.622595203106791,0.9307015368499798,-22.755726140231175,0.5662978570705157,(iii),,,,,,,,,,,,,,PP,56,128,0,56,240,,LT,65,71,48,232,416,,,,PP,56,108,0,76,240,,LT,47,53,66,250,416,,,,,,,,,,,,,,,,,,,,,,,,,,,,,,,,,,,,,,,,,,,,,,,,,,,,,,,,,,,,,,,,,,,,,,,,,,,,,,,,,,,,,,,,,,,,,,,,,,,,,,,,,,,,,,,,,,,,,,,,,,,,,,,,,,,,,,,,,,,,,,,,,,,,,,,,,,,,,,,,,,,,,,,,,,,,,
13,PET,HT,#1,#9,GASOLINE_1,1.0981482790680905,1.513808962346379,49.3428831511922,-0.5343353110830497,0.9028251968008444,-19.07577895186111,0.6134036413435601,Feed,Tech,Pathway1,Pathway2,Product,Unit treatment cost ($/kg),Unit CO2 emission (kgCO2eq/kg),Unit energy consumption (MJ/kg),Unit profit ($/kg),Unit CO2 reduction (kgCO2eq/kg),Unit energy recovery (MJ/kg),Energy efficiency,,,PVC,7,4,54,175,240,,SG,0,32,0,18,50,,,,PVC,4,4,57,175,240,,SG,0,32,0,18,50,,,,,,,,,,,,,,,,,,,,,,,,,,,,,,,,,,,,,,,,,,,,,,,,,,,,,,,,,,,,,,,,,,,,,,,,,,,,,,,,,,,,,,,,,,,,,,,,,,,,,,,,,,,,,,,,,,,,,,,,,,,,,,,,,,,,,,,,,,,,,,,,,,,,,,,,,,,,,,,,,,,,,,,,,,,,,
14,PET,HT,#1,#10,GASOLINE_1,1.2081083251962292,1.4770197401824048,53.76382736272232,-0.6487515854519037,0.8660672280155134,-24.083995675050225,0.5520409007981247,,,,,,,,,<-0.311691925612265,>0,,,,,PS,17,10,1,10,38,,OG,9,3,10,28,50,,,,PS,17,9,1,11,38,,OG,9,3,10,28,50,,,,,,,,,,,,,,,,,,,,,,,,,,,,,,,,,,,,,,,,,,,,,,,,,,,,,,,,,,,,,,,,,,,,,,,,,,,,,,,,,,,,,,,,,,,,,,,,,,,,,,,,,,,,,,,,,,,,,,,,,,,,,,,,,,,,,,,,,,,,,,,,,,,,,,,,,,,,,,,,,,,,,,,,,,,,,
15,PET,HT,#1,#11,GASOLINE_1,1.229691701749004,1.4213938167710525,54.108358532754316,-0.6468062339458714,0.9665132858590127,-24.404776951470215,0.5489647512279112,(iv),,,,,,,,,,,,,,PE,33,73,14,103,223,,HG,3,2,0,0,5,,,,PE,21,66,26,110,223,,HG,3,1,0,1,5,,,,,,,,,,,,,,,,,,,,,,,,,,,,,,,,,,,,,,,,,,,,,,,,,,,,,,,,,,,,,,,,,,,,,,,,,,,,,,,,,,,,,,,,,,,,,,,,,,,,,,,,,,,,,,,,,,,,,,,,,,,,,,,,,,,,,,,,,,,,,,,,,,,,,,,,,,,,,,,,,,,,,,,,,,,,,
16,PET,HT,#2,#1,GASOLINE_1,1.3057489458935232,2.5051986646793942,54.7589094112,-0.8366170988616034,0.08971426719611914,-26.10905312514116,0.5231999065379305,Feed,Tech,Pathway1,Pathway2,Product,Unit treatment cost ($/kg),Unit CO2 emission (kgCO2eq/kg),Unit energy consumption (MJ/kg),Unit profit ($/kg),Unit CO2 reduction (kgCO2eq/kg),Unit energy recovery (MJ/kg),Energy efficiency,,,,132,224,97,506,959,,,132,224,97,506,959,,,,,107,196,122,534,959,,,107,196,122,534,959,,,,,,,,,,,,,,,,,,,,,,,,,,,,,,,,,,,,,,,,,,,,,,,,,,,,,,,,,,,,,,,,,,,,,,,,,,,,,,,,,,,,,,,,,,,,,,,,,,,,,,,,,,,,,,,,,,,,,,,,,,,,,,,,,,,,,,,,,,,,,,,,,,,,,,,,,,,,,,,,,,,,,,,,,,,,,
17,PET,HT,#2,#2,GASOLINE_1,1.6356757749472488,2.510560770089269,74.73158429120001,-0.9581278220969136,0.4093509974657661,-37.146621073656824,0.5029327770048224,,,,,,,,,<-0.311691925612265,<0,,,,,,,,,,,,,,,,,,,,,,,,,,,,,,,,,,,,,,,,,,,,,,,,,,,,,,,,,,,,,,,,,,,,,,,,,,,,,,,,,,,,,,,,,,,,,,,,,,,,,,,,,,,,,,,,,,,,,,,,,,,,,,,,,,,,,,,,,,,,,,,,,,,,,,,,,,,,,,,,,,,,,,,,,,,,,,,,,,,,,,,,,,,,,,,,,,,,,,,,,,,,,,
18,PET,HT,#2,#3,GASOLINE_1,1.281874800949619,1.921115411353794,55.153613326146086,-0.7850021356879464,0.6854940900008206,-25.22723839073648,0.5426004413970594,,,,,,,,,,,,,,,,,,,,,,,,,,,,,,,,,,,,,,,,,,,,,,,,,,,,,,,,,,,,,,,,,,,,,,,,,,,,,,,,,,,,,,,,,,,,,,,,,,,,,,,,,,,,,,,,,,,,,,,,,,,,,,,,,,,,,,,,,,,,,,,,,,,,,,,,,,,,,,,,,,,,,,,,,,,,,,,,,,,,,,,,,,,,,,,,,,,,,,,,,,,,,,,,,,,,,,,,
19,PET,HT,#2,#4,GASOLINE_1,1.4222076484467634,2.3651077585644757,62.08103421119999,-0.9580878287204664,0.16253829078970106,-33.69846300725331,0.45718586303490105,,,,,,,,,,,,,,,,,,,,,,,,,,,,,,,,,,,,,,,,,,,,,,,,,,,,,,,,,,,,,,,,,,,,,,,,,,,,,,,,,,,,,,,,,,,,,,,,,,,,,,,,,,,,,,,,,,,,,,,,,,,,,,,,,,,,,,,,,,,,,,,,,,,,,,,,,,,,,,,,,,,,,,,,,,,,,,,,,,,,,,,,,,,,,,,,,,,,,,,,,,,,,,,,,,,,,,,,
20,PET,HT,#2,#5,GASOLINE_1,1.7182127660366433,2.4037472877906776,78.41722477119998,-1.0371108679204197,0.5069602059238951,-41.179285782130734,0.47486938102845866,,,,,,,,,,,,,,,Scenario 2: Green Heat-0.03 $/kWh,,,,,,,Scenario 2: Green Heat-0.03 $/kWh,,,,,,,,,Scenario 4: Base case,,,,,,,Scenario 4: Base case,,,,,,,,,,,,,,,,,,,Feed,Tech,Pathway1,Pathway2,Unit profit ($/kg),Unit CO2 reduction (kgCO2eq/kg),Feed,Tech,Pathway1,Pathway2,Unit profit ($/kg),Unit CO2 reduction (kgCO2eq/kg),Feed,Tech,Pathway1,Pathway2,Unit profit ($/kg),Unit CO2 reduction (kgCO2eq/kg),Feed,Tech,Pathway1,Pathway2,Unit profit ($/kg),Unit CO2 reduction (kgCO2eq/kg),Feed,Tech,Pathway1,Pathway2,Unit profit ($/kg),Unit CO2 reduction (kgCO2eq/kg),Feed,Tech,Pathway1,Pathway2,Unit profit ($/kg),Unit CO2 reduction (kgCO2eq/kg),Feed,Tech,Pathway1,Pathway2,Unit profit ($/kg),Unit CO2 reduction (kgCO2eq/kg),Feed,Tech,Pathway1,Pathway2,Unit profit ($/kg),Unit CO2 reduction (kgCO2eq/kg),Feed,Tech,Pathway1,Pathway2,Unit profit ($/kg),Unit CO2 reduction (kgCO2eq/kg),Feed,Tech,Pathway1,Pathway2,Unit profit ($/kg),Unit CO2 reduction (kgCO2eq/kg),Feed,Tech,Pathway1,Pathway2,Unit profit ($/kg),Unit CO2 reduction (kgCO2eq/kg),Feed,Tech,Pathway1,Pathway2,Unit profit ($/kg),Unit CO2 reduction (kgCO2eq/kg),Feed,Tech,Pathway1,Pathway2,Unit profit ($/kg),Unit CO2 reduction (kgCO2eq/kg),Feed,Tech,Pathway1,Pathway2,Unit profit ($/kg),Unit CO2 reduction (kgCO2eq/kg),Feed,Tech,Pathway1,Pathway2,Unit profit ($/kg),Unit CO2 reduction (kgCO2eq/kg),Feed,Tech,Pathway1,Pathway2,Unit profit ($/kg),Unit CO2 reduction (kgCO2eq/kg),Feed,Tech,Pathway1,Pathway2,Unit profit ($/kg),Unit CO2 reduction (kgCO2eq/kg),Feed,Tech,Pathway1,Pathway2,Unit profit ($/kg),Unit CO2 reduction (kgCO2eq/kg),Feed,Tech,Pathway1,Pathway2,Unit profit ($/kg),Unit CO2 reduction (kgCO2eq/kg),Feed,Tech,Pathway1,Pathway2,Unit profit ($/kg),Unit CO2 reduction (kgCO2eq/kg),Feed,Tech,Pathway1,Pathway2,Unit profit ($/kg),Unit CO2 reduction (kgCO2eq/kg),Feed,Tech,Pathway1,Pathway2,Product,Unit CO2 reduction (kgCO2eq/kg),Feed,Tech,Pathway1,Pathway2,Product,Unit CO2 reduction (kgCO2eq/kg),Feed,Tech,Pathway1,Pathway2,Product,Unit CO2 reduction (kgCO2eq/kg),Feed,Tech,Pathway1,Pathway2,Product,Unit CO2 reduction (kgCO2eq/kg),Feed,Tech,Pathway1,Pathway2,Product,Unit CO2 reduction (kgCO2eq/kg),Feed,Tech,Unit profit ($/kg),Unit CO2 reduction (kgCO2eq/kg)
21,PET,HT,#2,#6,GASOLINE_1,1.169662662665372,1.4957288249619864,49.50350815952231,-0.6768409961776495,1.0375574152056177,-20.21666796528872,0.5916114086270082,,,,,,,,,,,,,,,,ZONE 1,ZONE 2,ZONE 3,ZONE 4,Total,,,ZONE 1,ZONE 2,ZONE 3,ZONE 4,Total,,,,,ZONE 1,ZONE 2,ZONE 3,ZONE 4,Total,,,ZONE 1,ZONE 2,ZONE 3,ZONE 4,Total,,,,,,,,,,,,,,PET,HT,#8,#6,-0.21223673200606796,2.475119641863759,PET,LT,#8,#6,-0.4700133742589094,1.627603573660019,PET,SG,#3,-,-0.3110096946396277,0.009542352083831727,PET,OG,#8,-,-0.5414118115633151,0.573148715960595,PP,HT,#8,#6,-0.3981727244326605,2.1529719509575442,PP,LT,#8,#6,-0.13137790727459076,1.63218862252592,PP,SG,#6,-,-0.054393934319235906,-0.9041316162967155,PP,OG,#3,-,-0.31930013764113424,0.8281448144327999,PVC,HT,#8,#6,-0.6519881445739519,1.0582482222949976,PVC,LT,#8,#6,-0.6958683065463631,0.9637002409285494,PVC,SG,#3,-,-0.3702781162002307,-0.2761821504083216,PVC,OG,#8,-,-0.517426103570676,0.45774698314310797,PS,HT,#8,-,-0.5983672623157279,2.429610767380044,PS,LT,#8,-,-0.04676703655424035,3.068515699207576,PS,SG,#6,-,-0.15245777699764276,-0.35351642633304714,PS,OG,#3,-,-0.4033248814368399,1.1526380584090747,PE,HT,#8,#6,-0.410057737824484,1.9988809194071904,PE,LT,#2,#6,-0.24761309865526826,1.5459043218902493,PE,SG,#6,-,-0.1089973083591103,-0.9302670193401206,PE,OG,#3,-,-0.368709546724736,0.7413843268415962,PE,HG,#3,-,-0.2484575568785432,0.9488188422269573,PET,HT,#8,#6,BA_1,2.475119641863759,PP,HT,#8,#6,Olefin,2.1529719509575442,PVC,HT,#8,#6,Aromatics,1.0582482222949976,PS,LT,#8,-,Aromatics,3.068515699207576,PE,HT,#8,#6,Olefin,1.9988809194071904,PET,HT,-0.21223673200606796,2.475119641863759
22,PET,HT,#2,#7,GASOLINE_1,1.2882874423396544,2.0994280742554357,56.4074439390423,-0.7970257785157845,0.501698104181493,-27.500166468072788,0.5124727421119928,,,,,,,,,,,,,,,,,,,,,,,,,,,,,,,,,,,,,,,,,,,,,,,,,,,,,,,,,,,,,,,,,,,,,,,,,,,,,,,,,,,,,,,,,,,,,,,,,,,,,,,,,,,,,,,,,,,,,,,,,,,,,,,,,,,,,,,,,,,,,,,,,,,,,,,,,,,,,,,,,,,,,,,,,,,,,,,,,,,,,,,,,,,,,,,,,,,,,,,,,,,,,,,,,,,,,PET,LT,-0.4700133742589094,1.627603573660019
23,PET,HT,#2,#8,GASOLINE_1,1.3674697070473194,1.945773424312668,58.48723243995431,-0.8550345531402218,0.6421835020943623,-29.817092361773756,0.4901948490658134,,,,,,,,,,,,,,,,,,,,,,,,,,,,,,,,,,,,,,,,,,,,,,,,,,,,,,,,,,,,,,,,,,,,,,,,,,,,,,,,,,,,,,,,,,,,,,,,,,,,,,,,,,,,,,,,,,,,,,,,,,,,,,,,,,,,,,,,,,,,,,,,,,,,,,,,,,,,,,,,,,,,,,,,,,,,,,,,,,,,,,,,,,,,,,,,,,,,,,,,,,,,,,,,,,,,,PET,SG,-0.3110096946396277,0.009542352083831727
24,PET,HT,#2,#9,GASOLINE_1,1.26489266817998,1.998458689997655,55.361557362392205,-0.7667746611164804,0.614307162045227,-26.13714517340372,0.5278827688622971,,,,,,,,,,,,,,,,,,,,,,,,,,,,,,,,,,,,,,,,,,,,,,,,,,,,,,,,,,,,,,,,,,,,,,,,,,,,,,,,,,,,,,,,,,,,,,,,,,,,,,,,,,,,,,,,,,,,,,,,,,,,,,,,,,,,,,,,,,,,,,,,,,,,,,,,,,,,,,,,,,,,,,,,,,,,,,,,,,,,,,,,,,,,,,,,,,,,,,,,,,,,,,,,,,,,,PET,OG,-0.5414118115633151,0.573148715960595
25,PET,HT,#2,#10,GASOLINE_1,1.3748527143081186,1.9616694678336808,59.78250157392231,-0.8811909354853344,0.5775491932598962,-31.145361896592817,0.47902210384955324,,,,,,,,,,,,,,,PET,9,9,38,162,218,,HT,48,107,46,237,438,,,,PET,9,9,38,162,218,,HT,48,107,46,237,438,,,,,,,,,,,,,,,,,,,,,,,,,,,,,,,,,,,,,,,,,,,,,,,,,,,,,,,,,,,,,,,,,,,,,,,,,,,,,,,,,,,,,,,,,,,,,,,,,,,,,,,,,,,,,,,,,,,,,,,,,,,,,,,,,,,,,,,,,,,,,,,,,,,,,,,,,,,,,,,,,,,,,,,,,,PP,HT,-0.3981727244326605,2.1529719509575442
26,PET,HT,#2,#11,GASOLINE_1,1.3964360908608948,1.9060435444223287,60.1270327439543,-0.8792455839793035,0.6779952511033951,-31.4661431730128,0.47667227639506826,,,,,,,,,,,,,,,PP,56,108,0,76,240,,LT,47,53,66,250,416,,,,PP,56,108,0,76,240,,LT,47,53,66,250,416,,,,,,,,,,,,,,,,,,,,,,,,,,,,,,,,,,,,,,,,,,,,,,,,,,,,,,,,,,,,,,,,,,,,,,,,,,,,,,,,,,,,,,,,,,,,,,,,,,,,,,,,,,,,,,,,,,,,,,,,,,,,,,,,,,,,,,,,,,,,,,,,,,,,,,,,,,,,,,,,,,,,,,,,,,PP,LT,-0.13137790727459076,1.63218862252592
27,PET,HT,#3,#1,GASOLINE_1,1.4176341409290787,2.9427853012274037,62.508480784479666,-0.9062614699821121,-0.39062618342440275,-33.07696539675728,0.4708403566741296,,,,,,,,,,,,,,,PVC,4,4,57,175,240,,SG,0,32,0,18,50,,,,PVC,4,4,57,175,240,,SG,0,32,0,18,50,,,,,,,,,,,,,,,,,,,,,,,,,,,,,,,,,,,,,,,,,,,,,,,,,,,,,,,,,,,,,,,,,,,,,,,,,,,,,,,,,,,,,,,,,,,,,,,,,,,,,,,,,,,,,,,,,,,,,,,,,,,,,,,,,,,,,,,,,,,,,,,,,,,,,,,,,,,,,,,,,,,,,,,,,,PP,SG,-0.054393934319235906,-0.9041316162967155
28,PET,HT,#3,#2,GASOLINE_1,1.7475609699828043,2.94814740663728,82.48115566447967,-1.027772193217422,-0.07098945315475673,-44.11453334527295,0.4651562167154409,,,,,,,,,,,,,,,PS,17,9,1,11,38,,OG,9,3,10,28,50,,,,PS,17,9,1,11,38,,OG,9,3,10,28,50,,,,,,,,,,,,,,,,,,,,,,,,,,,,,,,,,,,,,,,,,,,,,,,,,,,,,,,,,,,,,,,,,,,,,,,,,,,,,,,,,,,,,,,,,,,,,,,,,,,,,,,,,,,,,,,,,,,,,,,,,,,,,,,,,,,,,,,,,,,,,,,,,,,,,,,,,,,,,,,,,,,,,,,,,,PP,OG,-0.31930013764113424,0.8281448144327999
29,PET,HT,#3,#3,GASOLINE_1,1.393759995985173,2.358702047901805,62.90318469942577,-0.8546465068084532,0.20515363938029796,-32.19515066235262,0.4881793216640346,,,,,,,,,,,,,,,PE,21,66,26,110,223,,HG,3,1,0,1,5,,,,PE,21,66,26,110,223,,HG,3,1,0,1,5,,,,,,,,,,,,,,,,,,,,,,,,,,,,,,,,,,,,,,,,,,,,,,,,,,,,,,,,,,,,,,,,,,,,,,,,,,,,,,,,,,,,,,,,,,,,,,,,,,,,,,,,,,,,,,,,,,,,,,,,,,,,,,,,,,,,,,,,,,,,,,,,,,,,,,,,,,,,,,,,,,,,,,,,,,PVC,HT,-0.6519881445739519,1.0582482222949976
30,PET,HT,#3,#4,GASOLINE_1,1.5340928434823191,2.802694395112486,69.83060558447967,-1.027732199840975,-0.31780215983082116,-40.666375278869445,0.41764252309580674,,,,,,,,,,,,,,,,107,196,122,534,959,,,107,196,122,534,959,,,,,107,196,122,534,959,,,107,196,122,534,959,,,,,,,,,,,,,,,,,,,,,,,,,,,,,,,,,,,,,,,,,,,,,,,,,,,,,,,,,,,,,,,,,,,,,,,,,,,,,,,,,,,,,,,,,,,,,,,,,,,,,,,,,,,,,,,,,,,,,,,,,,,,,,,,,,,,,,,,,,,,,,,,,,,,,,,,,,,,,,,,,,,,,,,,,,PVC,LT,-0.6958683065463631,0.9637002409285494
31,PET,HT,#3,#5,GASOLINE_1,1.8300979610721992,2.8413339243386875,86.16679614447966,-1.1067552390409285,0.02661975530337304,-48.14719805374687,0.4412325836855261,,,,,,,,,,,,,,,,,,,,,,,,,,,,,,,,,,,,,,,,,,,,,,,,,,,,,,,,,,,,,,,,,,,,,,,,,,,,,,,,,,,,,,,,,,,,,,,,,,,,,,,,,,,,,,,,,,,,,,,,,,,,,,,,,,,,,,,,,,,,,,,,,,,,,,,,,,,,,,,,,,,,,,,,,,,,,,,,,,,,,,,,,,,,,,,,,,,,,,,,,,,,,,,,,,,,,PVC,SG,-0.3702781162002307,-0.2761821504083216
32,PET,HT,#3,#6,GASOLINE_1,1.2815478577009278,1.9333154615099972,57.25307953280199,-0.7464853672981581,0.5572169645850951,-27.184580236904868,0.5251857112536625,,,,,,,,,,,,,,,,,,,,,,,,,,,,,,,,,,,,,,,,,,,,,,,,,,,,,,,,,,,,,,,,,,,,,,,,,,,,,,,,,,,,,,,,,,,,,,,,,,,,,,,,,,,,,,,,,,,,,,,,,,,,,,,,,,,,,,,,,,,,,,,,,,,,,,,,,,,,,,,,,,,,,,,,,,,,,,,,,,,,,,,,,,,,,,,,,,,,,,,,,,,,,,,,,,,,,PVC,OG,-0.517426103570676,0.45774698314310797
33,PET,HT,#3,#7,GASOLINE_1,1.4001726373752101,2.537014710803446,64.15701531232197,-0.8666701496362932,0.021357653560970722,-34.46807873968891,0.46275432901771874,,,,,,,,,,,,,,,,,,,,,,,,,,,,,,,,,,,,,,,,,,,,,,,,,,,,,,,,,,,,,,,,,,,,,,,,,,,,,,,,,,,,,,,,,,,,,,,,,,,,,,,,,,,,,,,,,,,,,,,,,,,,,,,,,,,,,,,,,,,,,,,,,,,,,,,,,,,,,,,,,,,,,,,,,,,,,,,,,,,,,,,,,,,,,,,,,,,,,,,,,,,,,,,,,,,,,PS,HT,-0.5983672623157279,2.429610767380044
34,PET,HT,#3,#8,GASOLINE_1,1.4793549020828751,2.3833600608606784,66.23680381323398,-0.9246789242607303,0.16184305147384018,-36.785004633389896,0.4446440269504622,,,,,,,,,,,,,,,,,,,,,,,,,,,,,,,,,,,,,,,,,,,,,,,,,,,,,,,,,,,,,,,,,,,,,,,,,,,,,,,,,,,,,,,,,,,,,,,,,,,,,,,,,,,,,,,,,,,,,,,,,,,,,,,,,,,,,,,,,,,,,,,,,,,,,,,,,,,,,,,,,,,,,,,,,,,,,,,,,,,,,,,,,,,,,,,,,,,,,,,,,,,,,,,,,,,,,PS,LT,-0.04676703655424035,3.068515699207576
35,PET,HT,#3,#9,GASOLINE_1,1.3767778632155352,2.4360453265456656,63.111128735671876,-0.8364190322369887,0.13396671142470448,-33.10505744501984,0.4754481799291906,,,,,,,,,,,,,,,,,,,,,,,,,,,,,,,,,,,,,,,,,,,,,,,,,,,,,,,,,,,,,,,,,,,,,,,,,,,,,,,,,,,,,,,,,,,,,,,,,,,,,,,,,,,,,,,,,,,,,,,,,,,,,,,,,,,,,,,,,,,,,,,,,,,,,,,,,,,,,,,,,,,,,,,,,,,,,,,,,,,,,,,,,,,,,,,,,,,,,,,,,,,,,,,,,,,,,PS,SG,-0.15245777699764276,-0.35351642633304714
36,PET,HT,#3,#10,GASOLINE_1,1.4867379093436741,2.3992561043816916,67.53207294720198,-0.950835306605843,0.09720874263937354,-38.11327416820894,0.4356270657054061,,,,,,,,,,,,,,,,,,,,,,,,,,,,,,,,,,,,,,,,,,,,,,,,,,,,,,,,,,,,,,,,,,,,,,,,,,,,,,,,,,,,,,,,,,,,,,,,,,,,,,,,,,,,,,,,,,,,,,,,,,,,,,,,,,,,,,,,,,,,,,,,,,,,,,,,,,,,,,,,,,,,,,,,,,,,,,,,,,,,,,,,,,,,,,,,,,,,,,,,,,,,,,,,,,,,,PS,OG,-0.4033248814368399,1.1526380584090747
37,PET,HT,#3,#11,GASOLINE_1,1.508321285896451,2.3436301809703393,67.87660411723398,-0.9488899550998124,0.19765480048287243,-38.43405544462894,0.4337657880136866,,,,,,,,,,,,,,,,,,,,,,,,,,,,,,,,,,,,,,,,,,,,,,,,,,,,,,,,,,,,,,,,,,,,,,,,,,,,,,,,,,,,,,,,,,,,,,,,,,,,,,,,,,,,,,,,,,,,,,,,,,,,,,,,,,,,,,,,,,,,,,,,,,,,,,,,,,,,,,,,,,,,,,,,,,,,,,,,,,,,,,,,,,,,,,,,,,,,,,,,,,,,,,,,,,,,,PE,HT,-0.410057737824484,1.9988809194071904
38,PET,HT,#4,#1,GASOLINE_1,1.5063791089081182,2.9042017203410686,65.32884544539166,-0.9643473598866322,-0.2988499558290845,-36.59757399604756,0.43979456935850114,,,,,,,,,,,,,,,,,,,,,,,,,,,,,,,,,,,,,,,,,,,,,,,,,,,,,,,,,,,,,,,,,,,,,,,,,,,,,,,,,,,,,,,,,,,,,,,,,,,,,,,,,,,,,,,,,,,,,,,,,,,,,,,,,,,,,,,,,,,,,,,,,,,,,,,,,,,,,,,,,,,,,,,,,,,,,,,,,,,,,,,,,,,,,,,,,,,,,,,,,,,,,,,,,,,,,PE,LT,-0.24761309865526826,1.5459043218902493
39,PET,HT,#4,#2,GASOLINE_1,1.8363059379618436,2.9095638257509435,85.30152032539166,-1.0858580831219422,0.020786774440562726,-47.635141944563216,0.44156749184710964,,,,,,,,,,,,,,,,,,,,,,,,,,,,,,,,,,,,,,,,,,,,,,,,,,,,,,,,,,,,,,,,,,,,,,,,,,,,,,,,,,,,,,,,,,,,,,,,,,,,,,,,,,,,,,,,,,,,,,,,,,,,,,,,,,,,,,,,,,,,,,,,,,,,,,,,,,,,,,,,,,,,,,,,,,,,,,,,,,,,,,,,,,,,,,,,,,,,,,,,,,,,,,,,,,,,,PE,SG,-0.1089973083591103,-0.9302670193401206
40,PET,HT,#4,#3,GASOLINE_1,1.4825049639642123,2.3201184670154684,65.72354936033777,-0.912732396712973,0.2969298669756168,-35.715759261642894,0.45657592127554353,,,,,,,Aromatics,4,,,,,,,,,,,,,Aromatics,0,,,,,,,,,,,,,Aromatics,23,,,,,,,,,,,,,,Aromatics,17,,,,,,,,,,,,,,,,,,,,,,,,,,,,,,,,,,,,,,,,,,,,,,,,,,,,,,,,,,,,,,,,,,,,,,,,,,,,,,,,,,,,,,,,,,,,,,,,,,,,,,,,,,,,,,,,,,,,,,,,,,,,,,,,,,,,,,,,,,,,,,,,,,,,,,,,,,,,,,,,,,PE,OG,-0.368709546724736,0.7413843268415962
41,PET,HT,#4,#4,GASOLINE_1,1.6228378114613584,2.76411081422615,72.65097024539166,-1.0858180897454945,-0.2260259322355026,-44.186983878159715,0.39179086350932046,,,,,,,BA_1,4,,,,,,,,,,,,,BA_1,2,,,,,,,,,,,,,BA_1,1,,,,,,,,,,,,,,BA_1,13,,,,,,,,,,,,,,,,,,,,,,,,,,,,,,,,,,,,,,,,,,,,,,,,,,,,,,,,,,,,,,,,,,,,,,,,,,,,,,,,,,,,,,,,,,,,,,,,,,,,,,,,,,,,,,,,,,,,,,,,,,,,,,,,,,,,,,,,,,,,,,,,,,,,,,,,,,,,,,,,,,PE,HG,-0.2484575568785432,0.9488188422269573
42,PET,HT,#4,#5,GASOLINE_1,1.918842929051238,2.8027503434523515,88.98716080539165,-1.164841128945448,0.1183959828986919,-51.66780665303714,0.4193790858657597,,,,,,,DIESEL_1,60,,,,,,,,,,,,,DIESEL_1,67,,,,,,,,,,,,,DIESEL_1,8,,,,,,,,,,,,,,DIESEL_1,37,,,,,,,,,,,,,,,,,,,,,,,,,,,,,,,,,,,,,,,,,,,,,,,,,,,,,,,,,,,,,,,,,,,,,,,,,,,,,,,,,,,,,,,,,,,,,,,,,,,,,,,,,,,,,,,,,,,,,,,,,,,,,,,,,,,,,,,,,,,,,,,,,,,,,,,,,,,,,,,,,,,,-0.345629961560636,1.0095271828969337
43,PET,HT,#4,#6,GASOLINE_1,1.370292825679967,1.8947318806236613,60.07344419371398,-0.8045712572026779,0.6489931921804137,-30.70518883619514,0.488872508505046,,,,,,,FT_1,0,,,,,,,,,,,,,FT_1,45,,,,,,,,,,,,,FT_1,4,,,,,,,,,,,,,,FT_1,113,,,,,,,,,,,,,,,,,,,,,,,,,,,,,,,,,,,,,,,,,,,,,,,,,,,,,,,,,,,,,,,,,,,,,,,,,,,,,,,,,,,,,,,,,,,,,,,,,,,,,,,,,,,,,,,,,,,,,,,,,,,,,,,,,,,,,,,,,,,,,,,,,,,,,,,,,,,,,,,,,,,,,
44,PET,HT,#4,#7,GASOLINE_1,1.4889176053542492,2.49843112991711,66.97737997323398,-0.9247560395408126,0.11313388115628958,-37.98868733897919,0.43281317731209357,,,,,,,FT_4,0,,,,,,,,,,,,,FT_4,1,,,,,,,,,,,,,FT_4,0,,,,,,,,,,,,,,FT_4,1,,,,,,,,,,,,,,,,,,,,,,,,,,,,,,,,,,,,,,,,,,,,,,,,,,,,,,,,,,,,,,,,,,,,,,,,,,,,,,,,,,,,,,,,,,,,,,,,,,,,,,,,,,,,,,,,,,,,,,,,,,,,,,,,,,,,,,,,,,,,,,,,,,,,,,,,,,,,,,,,,,,,,
45,PET,HT,#4,#8,GASOLINE_1,1.5680998700619146,2.3447764799743425,69.05716847414598,-0.9827648141652504,0.25361927906915904,-40.305613232680166,0.4163442532722723,PET,19,,HT,55,,GASOLINE_1,26,,,,,,,PET,9,,HT,116,,GASOLINE_1,3,,,,,,,PET,28,,HT,39,,GASOLINE_1,27,,,,,,,,PET,162,,HT,228,,GASOLINE_1,110,,,,,,,,,,,,,,,,,,,,,,,,,,,,,,,,,,,,,,,,,,,,,,,,,,,,,,,,,,,,,,,,,,,,,,,,,,,,,,,,,,,,,,,,,,,,,,,,,,,,,,,,,,,,,,,,,,,,,,,,,,,,,,,,,,,,,,,,,,,,,,,,,,,,,,,,,,,,,,,,,,,,,
46,PET,HT,#4,#9,GASOLINE_1,1.4655228311945745,2.3974617456593297,65.93149339658387,-0.8945049221415088,0.22574293902002335,-36.62566604431012,0.4444890573916863,PP,56,,LT,65,,H2_1,10,,,,,,,PP,128,,LT,71,,H2_1,33,,,,,,,PP,0,,LT,48,,H2_1,4,,,,,,,,PP,56,,LT,232,,H2_1,1,,,,,,,,,,,,,,,,,,,,,,,,,,,,,,,,,,,,,,,,,,,,,,,,,,,,,,,,,,,,,,,,,,,,,,,,,,,,,,,,,,,,,,,,,,,,,,,,,,,,,,,,,,,,,,,,,,,,,,,,,,,,,,,,,,,,,,,,,,,,,,,,,,,,,,,,,,,,,,,,,,,,,
47,PET,HT,#4,#10,GASOLINE_1,1.5754828773227134,2.3606725234953556,70.35243760811397,-1.0089211965103628,0.1889849702346921,-41.63388276749922,0.4082098050473598,PVC,7,,SG,0,,MeOH_1,10,,,,,,,PVC,4,,SG,32,,MeOH_1,68,,,,,,,PVC,54,,SG,0,,MeOH_1,6,,,,,,,,PVC,175,,SG,18,,MeOH_1,143,,,,,,,,,,,,,,,,,,,,,,,,,,,,,,,,,,,,,,,,,,,,,,,,,,,,,,,,,,,,,,,,,,,,,,,,,,,,,,,,,,,,,,,,,,,,,,,,,,,,,,,,,,,,,,,,,,,,,,,,,,,,,,,,,,,,,,,,,,,,,,,,,,,,,,,,,,,,,,,,,,,,,
48,PET,HT,#4,#11,GASOLINE_1,1.5970662538754898,2.3050466000840033,70.69696877814597,-1.006975845004332,0.289431028078191,-41.9546640439192,0.40655639458069187,PS,17,,OG,9,,Olefin,17,,,,,,,PS,10,,OG,3,,Olefin,5,,,,,,,PS,1,,OG,10,,Olefin,11,,,,,,,,PS,10,,OG,28,,Olefin,9,,,,,,,,,,,,,,,,,,,,,,,,,,,,,,,,,,,,,,,,,,,,,,,,,,,,,,,,,,,,,,,,,,,,,,,,,,,,,,,,,,,,,,,,,,,,,,,,,,,,,,,,,,,,,,,,,,,,,,,,,,,,,,,,,,,,,,,,,,,,,,,,,,,,,,,,,,,,,,,,,,,,,
49,PET,HT,#5,#1,GASOLINE_1,1.415645321313589,2.9258008075797015,61.652792685229514,-0.9073204720866522,-0.17301444325915874,-30.685476778317536,0.502285696367668,PE,33,,HG,3,,WAX_1,1,,,,,,,PE,73,,HG,2,,WAX_1,0,,,,,,,PE,14,,HG,0,,WAX_1,13,,,,,,,,PE,103,,HG,0,,WAX_1,62,,,,,,,,,,,,,,,,,,,,,,,,,,,,,,,,,,,,,,,,,,,,,,,,,,,,,,,,,,,,,,,,,,,,,,,,,,,,,,,,,,,,,,,,,,,,,,,,,,,,,,,,,,,,,,,,,,,,,,,,,,,,,,,,,,,,,,,,,,,,,,,,,,,,,,,,,,,,,,,,,,,,,
50,PET,HT,#5,#2,GASOLINE_1,1.7455721503673145,2.931162912989577,81.62546756522953,-1.0288311953219627,0.1466222870104879,-41.72304472683321,0.4888477092827555,,132,,,132,,,132,,,,,,,,224,,,224,,,224,,,,,,,,97,,,97,,,97,,,,,,,,,506,,,506,,,506,,,,,,,,,,,,,,,,,,,,,,,,,,,,,,,,,,,,,,,,,,,,,,,,,,,,,,,,,,,,,,,,,,,,,,,,,,,,,,,,,,,,,,,,,,,,,,,,,,,,,,,,,,,,,,,,,,,,,,,,,,,,,,,,,,,,,,,,,,,,,,,,,,,,,,,,,,,,,,,,,,,,,
51,PET,HT,#5,#3,GASOLINE_1,1.391771176369685,2.341717554254102,62.0474966001756,-0.8557055089129951,0.422765379545542,-29.80366204391286,0.51966374669452,,,,,,,,,,,,,,,,,,,,,,,,,,,,,,,,,,,,,,,,,,,,,,,,,,,,,,,,,,,,,,,,,,,,,,,,,,,,,,,,,,,,,,,,,,,,,,,,,,,,,,,,,,,,,,,,,,,,,,,,,,,,,,,,,,,,,,,,,,,,,,,,,,,,,,,,,,,,,,,,,,,,,,,,,,,,,,,,,,,,,,,,,,,,,,,,,,,,,,,,,,,,,,,,,,,,,,,,
52,PET,HT,#5,#4,GASOLINE_1,1.5321040238668295,2.7857099014647844,68.97491748522953,-1.0287912019455152,-0.1001904196655777,-38.27488666042971,0.44508977964887025,(i),,,,,,,,,,,,,,(ii),,,,,,,,,,,,,,(iii),,,,,,,,,,,,,,,(iv),,,,,,,,,,,,,,,,,,,,,,,,,,,,,,,,,,,,,,,,,,,,,,,,,,,,,,,,,,,,,,,,,,,,,,,,,,,,,,,,,,,,,,,,,,,,,,,,,,,,,,,,,,,,,,,,,,,,,,,,,,,,,,,,,,,,,,,,,,,,,,,,,,,,,,,,,,,,,,,,,,,,,,,,,,,,
53,PET,HT,#5,#5,GASOLINE_1,1.8281091414567092,2.824349430690985,85.31110804522952,-1.1078142411454686,0.24423149546861767,-45.75570943530713,0.46366058906363333,Feed,Tech,Pathway1,Pathway2,Product,Unit treatment cost ($/kg),Unit CO2 emission (kgCO2eq/kg),Unit energy consumption (MJ/kg),Unit profit ($/kg),Unit CO2 reduction (kgCO2eq/kg),Unit energy recovery (MJ/kg),Energy efficiency,Number,,Feed,Tech,Pathway1,Pathway2,Product,Unit treatment cost ($/kg),Unit CO2 emission (kgCO2eq/kg),Unit energy consumption (MJ/kg),Unit profit ($/kg),Unit CO2 reduction (kgCO2eq/kg),Unit energy recovery (MJ/kg),Energy efficiency,Number,,Feed,Tech,Pathway1,Pathway2,Product,Unit treatment cost ($/kg),Unit CO2 emission (kgCO2eq/kg),Unit energy consumption (MJ/kg),Unit profit ($/kg),Unit CO2 reduction (kgCO2eq/kg),Unit energy recovery (MJ/kg),Energy efficiency,Number,,,Feed,Tech,Pathway1,Pathway2,Product,Unit treatment cost ($/kg),Unit CO2 emission (kgCO2eq/kg),Unit energy consumption (MJ/kg),Unit profit ($/kg),Unit CO2 reduction (kgCO2eq/kg),Unit energy recovery (MJ/kg),Energy efficiency,Number,,,,,,,,,,,,,,,,,,,,,,,,,,,,,,,,,,,,,,,,,,,,,,,,,,,,,,,,,,,,,,,,,,,,,,,,,,,,,,,,,,,,,,,,,,,,,,,,,,,,,,,,,,,,,,,,,,,,,,,,,,,,,,,,,,,,,,,,,,,,,,,,,,,,,,,,,,,,,,,,
54,PET,HT,#5,#6,GASOLINE_1,1.2795590380854382,1.9163309678622953,56.397391433551824,-0.7475443694026984,0.7748287047503389,-24.793091618465105,0.5603858443049327,PET,HT,#1,#1,GASOLINE_1,0.9804422094176042,2.024081645069758,46.268124360639995,-0.2828762780574118,0.360635318121005,-17.783500637106183,0.6156424993913413,1,,PET,HT,#8,#1,BA_1,1.037922790038437,2.601256815983278,48.40963773588605,-0.2766930944212349,-0.4917055546692193,-15.276042541756913,0.6844421223496827,1,,PET,HT,#1,#2,GASOLINE_1,1.361657543758971,2.2870162560796334,66.24079924064,-0.4497747538348213,0.17681595340274064,-28.821068585621852,0.5649045766956934,1,,,PET,HT,#1,#4,GASOLINE_1,1.0764791211269846,2.6108168176748396,53.59024916064001,-0.3925239824203146,-0.255165001546329,-25.372910519218355,0.5265386723028377,1,,,,,,,,,,,,,,,,,,,,,,,,,,,,,,,,,,,,,,,,,,,,,,,,,,,,,,,,,,,,,,,,,,,,,,,,,,,,,,,,,,,,,,,,,,,,,,,,,,,,,,,,,,,,,,,,,,,,,,,,,,,,,,,,,,,,,,,,,,,,,,,,,,,,,,,,,,,,,,,,
55,PET,HT,#5,#7,GASOLINE_1,1.3981838177597208,2.520030217155744,63.30132721307182,-0.8677291517408336,0.23896939372621476,-32.07659012124917,0.49327144416293844,PET,HT,#1,#3,GASOLINE_1,0.9668187433935672,1.237695415744158,46.66282827558609,-0.2394772652256833,1.1507588605185828,-16.901685902701512,0.6377912242506645,2,,PET,HT,#8,#8,BA_1,1.105728764694362,2.1925145170565514,52.13796076464037,-0.3080436860265728,-0.10931839438912243,-18.984081778389527,0.6358875280127103,2,,PET,HT,#1,#8,GASOLINE_1,1.0482481840735296,1.6153393461430317,49.99644738939431,-0.31422686966274993,0.743022478401101,-21.491539873738798,0.5701386599261096,2,,,PET,HT,#1,#5,GASOLINE_1,1.421928256307047,2.7616962009810404,69.92643972064,-0.5091265835040222,-0.3075401469912449,-32.8537332940958,0.5301672239377798,2,,,,,,,,,,,,,,,,,,,,,,,,,,,,,,,,,,,,,,,,,,,,,,,,,,,,,,,,,,,,,,,,,,,,,,,,,,,,,,,,,,,,,,,,,,,,,,,,,,,,,,,,,,,,,,,,,,,,,,,,,,,,,,,,,,,,,,,,,,,,,,,,,,,,,,,,,,,,,,,,
56,PET,HT,#5,#8,GASOLINE_1,1.4773660824673853,2.366375567212976,65.38111571398383,-0.9257379263652704,0.37945479163908424,-34.393516014950144,0.4739533634542428,PET,HT,#1,#6,GASOLINE_1,0.8454993017589683,0.7840539275923507,41.012723108962305,-0.1375418451854148,1.5621290161984476,-11.886067880828215,0.7101858403976397,3,,PET,LT,#1,-,GASOLINE_1,1.099917009151844,3.7291411502096206,59.65420584601877,-0.15271870539973548,-1.051137414853065,-16.312019873953183,0.7265570860827775,3,,PET,HT,#1,#10,GASOLINE_1,1.0509521778614577,1.739050158304045,51.29171652336231,-0.337323088425519,0.6248898547259396,-22.81980940855786,0.5550975682756901,3,,,PET,HT,#2,#1,GASOLINE_1,1.0793568172509431,2.6987175874873706,52.0328270848,-0.44860533357583976,-0.3591748482571146,-23.550822886278645,0.5473852910606429,3,,,,,,,,,,,,,,,,,,,,,,,,,,,,,,,,,,,,,,,,,,,,,,,,,,,,,,,,,,,,,,,,,,,,,,,,,,,,,,,,,,,,,,,,,,,,,,,,,,,,,,,,,,,,,,,,,,,,,,,,,,,,,,,,,,,,,,,,,,,,,,,,,,,,,,,,,,,,,,,,
57,PET,HT,#5,#9,GASOLINE_1,1.3747890436000454,2.419060832897963,62.25544063642174,-0.837478034341529,0.35157845158994855,-30.71356882658012,0.5066524545870528,PET,HT,#1,#7,GASOLINE_1,0.9682064538575448,1.4930647596057995,47.91665888848231,-0.24766924013266078,0.894221632925094,-19.174613980037826,0.5998340780674336,4,,PET,SG,#1,-,MeOH_1,0.7435558917619078,3.2347613058132385,50.75619780221697,-0.3038570079834414,-0.8457062835506368,-26.799766374817967,0.47199026847422004,4,,PET,HT,#1,#11,GASOLINE_1,1.0730436854547063,1.7491053382526924,51.63624769339432,-0.3360514847853883,0.6031762228347659,-23.140590684977845,0.5518537516052284,4,,,PET,HT,#2,#2,GASOLINE_1,1.4605721515923098,2.9616521984972457,72.0055019648,-0.6155038093532491,-0.542994212975379,-34.58839083479432,0.519642389942606,4,,,,,,,,,,,,,,,,,,,,,,,,,,,,,,,,,,,,,,,,,,,,,,,,,,,,,,,,,,,,,,,,,,,,,,,,,,,,,,,,,,,,,,,,,,,,,,,,,,,,,,,,,,,,,,,,,,,,,,,,,,,,,,,,,,,,,,,,,,,,,,,,,,,,,,,,,,,,,,,,
58,PET,HT,#5,#10,GASOLINE_1,1.484749089728184,2.382271610733989,66.67638484795184,-0.951894308710383,0.3148204828046173,-35.7217855497692,0.46425131429622635,PET,HT,#1,#9,GASOLINE_1,0.9480859982744868,1.308894991348019,46.87077231183222,-0.21888354323594925,1.0826374602588555,-17.811592685368755,0.6199850822412769,5,,PET,SG,#2,-,FT_4,0.8765033901954887,3.4254343928571633,51.89757300221696,-0.2356358797709332,-1.2417647303190082,-27.452229234188184,0.47103057722919944,5,,PET,HT,#2,#3,GASOLINE_1,1.0657333512269063,1.9123313581617705,52.4275309997461,-0.4052063207441112,0.43094869414046316,-22.66900815187397,0.5676125173244615,5,,,PET,HT,#2,#4,GASOLINE_1,1.1753937289603236,3.2854527600924515,59.354951884799995,-0.5582530379387425,-0.9749751679244483,-31.1402327683908,0.4753557743786935,5,,,,,,,,,,,,,,,,,,,,,,,,,,,,,,,,,,,,,,,,,,,,,,,,,,,,,,,,,,,,,,,,,,,,,,,,,,,,,,,,,,,,,,,,,,,,,,,,,,,,,,,,,,,,,,,,,,,,,,,,,,,,,,,,,,,,,,,,,,,,,,,,,,,,,,,,,,,,,,,,
59,PET,HT,#5,#11,GASOLINE_1,1.5063324662809607,2.3266456873226367,67.02091601798384,-0.9499489572043526,0.41526654064811674,-36.0425668261892,0.46221912549631766,PET,HT,#2,#6,GASOLINE_1,0.9444139095923075,1.4586898700099629,46.77742583312232,-0.3032709007038429,0.8423188498203283,-17.65339013000068,0.6226087730227213,6,,PET,SG,#3,-,H2_1,0.693066944059999,3.120076017627424,48.04129266482996,-0.19350507628488814,-0.5423592273486709,-18.497054100548297,0.6149759285288838,6,,PET,HT,#2,#7,GASOLINE_1,1.0671210616908837,2.167700702023412,53.68136161264232,-0.4133982956510886,0.17441146654697479,-24.941936229210285,0.5353706485839902,6,,,PET,HT,#2,#5,GASOLINE_1,1.520842864140386,3.4363321433986527,75.6911424448,-0.6748556390224497,-1.0273503133693642,-38.621055543268234,0.48975462259096186,6,,,,,,,,,,,,,,,,,,,,,,,,,,,,,,,,,,,,,,,,,,,,,,,,,,,,,,,,,,,,,,,,,,,,,,,,,,,,,,,,,,,,,,,,,,,,,,,,,,,,,,,,,,,,,,,,,,,,,,,,,,,,,,,,,,,,,,,,,,,,,,,,,,,,,,,,,,,,,,,,
60,PET,HT,#6,#1,MeOH_1,1.593654753491728,2.867195301758182,75.03170609935968,-1.1094907386808,-0.533623717421743,-48.65250433778984,0.3515740629253125,PET,HT,#8,#3,BA_1,1.0242993240144003,1.8148705866576775,48.804341650832164,-0.23329408158950657,0.2984179877283591,-14.394227807352259,0.7050625554928099,7,,PET,SG,#6,-,MeOH_1,0.7227530424903159,2.669938602895592,53.75375277929451,-0.25305310841660267,-0.3083194102350053,-29.24771169262188,0.45589451563114214,7,,PET,HT,#2,#8,GASOLINE_1,1.1471627919068685,2.289975288560644,55.761150113554294,-0.47995592518117786,0.02321231202298194,-27.258862122911243,0.5111495715672978,7,,,PET,HT,#2,#10,GASOLINE_1,1.1498667856947968,2.4136861007216575,57.0564192475223,-0.5030521439439471,-0.09492031165217996,-28.587131657730296,0.4989673022817374,7,,,,,,,,,,,,,,,,,,,,,,,,,,,,,,,,,,,,,,,,,,,,,,,,,,,,,,,,,,,,,,,,,,,,,,,,,,,,,,,,,,,,,,,,,,,,,,,,,,,,,,,,,,,,,,,,,,,,,,,,,,,,,,,,,,,,,,,,,,,,,,,,,,,,,,,,,,,,,,,,
61,PET,HT,#6,#2,MeOH_1,1.9235815825454534,2.872557407168057,95.00438097935965,-1.2310014619161103,-0.21398698715209574,-59.69007228630549,0.37171242345893973,PET,HT,#8,#6,BA_1,0.9029798823798013,1.361229098505871,43.15423648420836,-0.13135866154923803,0.7097881434082233,-9.378609785478943,0.7826723272253722,8,,PET,SG,#7,-,FT_1,0.8395123848520345,3.271283622797527,55.86969868532652,-0.24958055134851195,-1.0357308776083707,-33.306631163795714,0.40385160565501155,8,,PET,HT,#2,#9,GASOLINE_1,1.0470006061078256,1.9835309337656317,52.635475035992215,-0.3846125987543769,0.36282729388073565,-23.578914934541206,0.5520337772496987,8,,,PET,HT,#2,#11,GASOLINE_1,1.1719582932880457,2.4237412806703045,57.400950417554306,-0.5017805403038166,-0.11663394354335307,-28.907912934150286,0.49638616218260917,8,,,,,,,,,,,,,,,,,,,,,,,,,,,,,,,,,,,,,,,,,,,,,,,,,,,,,,,,,,,,,,,,,,,,,,,,,,,,,,,,,,,,,,,,,,,,,,,,,,,,,,,,,,,,,,,,,,,,,,,,,,,,,,,,,,,,,,,,,,,,,,,,,,,,,,,,,,,,,,,,
62,PET,HT,#6,#3,MeOH_1,1.5697806085478223,2.2831120484325815,75.42641001430576,-1.0578757755071413,0.062156105382958654,-47.770689603385165,0.36665831511370184,PET,HT,#8,#7,BA_1,1.0256870344783775,2.0702399305193193,50.05817226372838,-0.2414860564964836,0.04188076013487011,-16.66715588468856,0.6670442580907932,9,,PET,SG,#8,-,H2_1,0.690604454518117,3.6042960658716674,50.30397447129719,-0.23580364731901127,-1.0857082199362589,-22.29846830900751,0.5567255163559545,9,,PET,HT,#3,#6,GASOLINE_1,1.047845146912268,2.278384266832389,54.855435158401974,-0.37785646447094573,0.16254379518912523,-24.425054811525335,0.5547377440176181,9,,,PET,HT,#3,#1,GASOLINE_1,1.182788054570904,3.5184119843097963,60.11083641007966,-0.523190897342943,-1.0389499028883171,-30.3224875678033,0.49555705129535205,9,,,,,,,,,,,,,,,,,,,,,,,,,,,,,,,,,,,,,,,,,,,,,,,,,,,,,,,,,,,,,,,,,,,,,,,,,,,,,,,,,,,,,,,,,,,,,,,,,,,,,,,,,,,,,,,,,,,,,,,,,,,,,,,,,,,,,,,,,,,,,,,,,,,,,,,,,,,,,,,,
63,PET,HT,#6,#4,MeOH_1,1.7101134560449684,2.727104395643263,82.35383089935965,-1.230961468539663,-0.46079969382816016,-56.24191421990198,0.31706984841260993,PET,HT,#8,#9,BA_1,1.0055665788953196,1.8860701622615395,49.012285687078275,-0.21270035959977235,0.23029658746863096,-15.304134590019485,0.6877490128142645,10,,PP,HT,#1,#1,MeOH_1,0.9038977057599723,2.770449268444039,75.60612948834635,0.16941575441063322,-0.17582280585061372,-29.324632836432176,0.6121394781761422,10,,PET,HT,#5,#6,GASOLINE_1,1.0592013834859562,2.102077071872687,53.99974705915183,-0.3594019947880946,0.40793994097021224,-22.03356619308559,0.5919690851709025,10,,,PET,HT,#3,#2,GASOLINE_1,1.5640033889122713,3.7813465953196714,80.08351129007967,-0.6900893731203531,-1.2227692676065816,-41.36005551631897,0.4835384356899141,10,,,,,,,,,,,,,,,,,,,,,,,,,,,,,,,,,,,,,,,,,,,,,,,,,,,,,,,,,,,,,,,,,,,,,,,,,,,,,,,,,,,,,,,,,,,,,,,,,,,,,,,,,,,,,,,,,,,,,,,,,,,,,,,,,,,,,,,,,,,,,,,,,,,,,,,,,,,,,,,,
64,PET,HT,#6,#5,MeOH_1,2.0061185736348484,2.7657439248694646,98.69002145935967,-1.3099845077396162,-0.11637777869396597,-63.7227369947794,0.3543142857556243,PET,LT,#1,#6,GASOLINE_1,0.7101877290161257,0.9352994581182692,38.54980121458555,-0.11503045878592467,1.2545384658799592,-15.20707408297912,0.6055213359381622,11,,PP,HT,#1,#2,FT_1,1.0322328615094374,3.022600485460148,77.41992115437834,0.04390401447905845,-0.6096953585135576,-35.15772256989996,0.5458827386326823,11,,PET,LT,#1,#1,MeOH_1,1.5895967613447248,2.559353113628987,81.17088059344,-0.5467062448606558,0.20642881368558377,-31.795334560969764,0.6082913684253,11,,,PET,HT,#3,#3,GASOLINE_1,1.1691645885468673,2.7320257549841958,60.505540325025756,-0.47979188451121474,-0.24882636049073906,-29.44067283339863,0.513421867233179,11,,,,,,,,,,,,,,,,,,,,,,,,,,,,,,,,,,,,,,,,,,,,,,,,,,,,,,,,,,,,,,,,,,,,,,,,,,,,,,,,,,,,,,,,,,,,,,,,,,,,,,,,,,,,,,,,,,,,,,,,,,,,,,,,,,,,,,,,,,,,,,,,,,,,,,,,,,,,,,,,
65,PET,HT,#6,#6,MeOH_1,1.4575684702635767,1.8577254620407746,69.77630484768198,-0.9497146359968459,0.41421943058775573,-42.76011917793741,0.38718280838630664,PET,LT,#1,#7,GASOLINE_1,0.8347219795224963,1.6441344132924736,45.436997824505546,-0.25083320034628936,0.581190630087277,-22.769594239931017,0.4988754686681635,12,,PP,HT,#1,#4,MeOH_1,1.2481076855552404,5.680957151704113,109.45595828834637,-0.18421733040345728,-3.1527512942459297,-65.5404085524189,0.4012166210288718,12,,PET,LT,#1,#3,GASOLINE_1,0.8896412088336826,1.672224205125564,45.77095939582948,-0.3306336154583841,0.5277076085176784,-23.907436558949104,0.47767237404406504,12,,,PET,HT,#3,#4,MeOH_1,1.2788249662802844,4.105147156914878,67.43296121007967,-0.6328386017058457,-1.654750222555651,-37.911897449915465,0.4377838853642318,12,,,,,,,,,,,,,,,,,,,,,,,,,,,,,,,,,,,,,,,,,,,,,,,,,,,,,,,,,,,,,,,,,,,,,,,,,,,,,,,,,,,,,,,,,,,,,,,,,,,,,,,,,,,,,,,,,,,,,,,,,,,,,,,,,,,,,,,,,,,,,,,,,,,,,,,,,,,,,,,,
66,PET,HT,#6,#7,MeOH_1,1.5761932499378597,2.4614247113342236,76.68024062720198,-1.0698994183349813,-0.12163988043636888,-50.043617680721475,0.34737270943084764,PET,LT,#1,#9,GASOLINE_1,0.8157925079214531,1.5521940458419152,44.66466198612833,-0.2181659767044846,0.6927282889855054,-21.480652635942445,0.5190682817074991,13,,PP,HT,#1,#8,FT_1,1.036046542641136,3.2576343318701433,81.91289964427898,0.03572509295657838,-0.7715701169048783,-38.54290555286544,0.5294647641550388,13,,PET,LT,#1,#8,GASOLINE_1,0.9147637097384813,1.7664089998297057,47.516786325417556,-0.3230103393716691,0.4320188950287044,-24.98267625716368,0.4742347244177999,13,,,PET,HT,#3,#5,GASOLINE_1,1.6242741014603468,4.256026540221079,83.76915177007967,-0.7494412027895533,-1.707125368000567,-45.39272022479288,0.4581212861104071,13,,,,,,,,,,,,,,,,,,,,,,,,,,,,,,,,,,,,,,,,,,,,,,,,,,,,,,,,,,,,,,,,,,,,,,,,,,,,,,,,,,,,,,,,,,,,,,,,,,,,,,,,,,,,,,,,,,,,,,,,,,,,,,,,,,,,,,,,,,,,,,,,,,,,,,,,,,,,,,,,
67,PET,HT,#6,#8,MeOH_1,1.6553755146455242,2.307770061391456,78.76002912811397,-1.1279081929594181,0.018845517476500272,-52.36054357442243,0.33518887493996685,PET,LT,#1,#10,GASOLINE_1,0.8554121471424487,1.8416109623402868,47.911314339385555,-0.28251858277523567,0.3633826862812379,-25.48942297488027,0.4679873986690726,14,,PP,HT,#1,#10,MeOH_1,1.2445868479996556,5.378340926286255,109.54145997824699,-0.16603713763625846,-2.817509281466557,-65.28752106738274,0.403992597137671,14,,PET,LT,#2,#3,GASOLINE_1,1.0132656544110448,2.0812967388434314,50.65385443998948,-0.5170138943266642,0.11318559093963027,-28.502465338052627,0.43730905272332227,14,,,PET,HT,#3,#7,GASOLINE_1,1.1705522990108443,2.9873950988458375,61.75937093792197,-0.4879838594181919,-0.505363588084228,-31.71360091073493,0.4864973455993883,14,,,,,,,,,,,,,,,,,,,,,,,,,,,,,,,,,,,,,,,,,,,,,,,,,,,,,,,,,,,,,,,,,,,,,,,,,,,,,,,,,,,,,,,,,,,,,,,,,,,,,,,,,,,,,,,,,,,,,,,,,,,,,,,,,,,,,,,,,,,,,,,,,,,,,,,,,,,,,,,,
68,PET,HT,#6,#9,MeOH_1,1.5527984757781848,2.3604553270764432,75.63435405055188,-1.0396483009356772,-0.009030822572635114,-48.680596386052386,0.35636924520416147,PET,LT,#1,#11,GASOLINE_1,0.8892847434710947,1.9155986918322443,48.55068520541756,-0.3002535545536661,0.27860554652648956,-26.07530422123426,0.46292613356722234,15,,PP,HT,#2,#1,MeOH_1,1.0183477472841502,3.295978090803931,79.50157815058635,0.006535994643380434,-0.7180161621702156,-33.027699644954346,0.5845654839405128,15,,PET,LT,#2,#7,GASOLINE_1,0.9583464250998588,2.0532069470103402,50.31989286866556,-0.4372134792145699,0.1666686125092298,-27.364623019034553,0.45618677904470195,15,,,PET,HT,#3,#8,GASOLINE_1,1.250594029226829,3.1096696853830696,63.83915943883398,-0.5545414889482808,-0.6565627426082206,-34.03052680443591,0.4669333508840843,15,,,,,,,,,,,,,,,,,,,,,,,,,,,,,,,,,,,,,,,,,,,,,,,,,,,,,,,,,,,,,,,,,,,,,,,,,,,,,,,,,,,,,,,,,,,,,,,,,,,,,,,,,,,,,,,,,,,,,,,,,,,,,,,,,,,,,,,,,,,,,,,,,,,,,,,,,,,,,,,,
69,PET,HT,#6,#10,MeOH_1,1.6627585219063237,2.3236661049124683,80.05529826208199,-1.1540645753045315,-0.04578879135796547,-53.68881310924151,0.3293534060234576,PET,LT,#2,#6,Olefin,0.8338121745934877,1.344371991836137,43.432696258745565,-0.3014107376542047,0.8400164483019108,-19.80210286208266,0.5440738299065344,16,,PP,HT,#2,#2,FT_1,1.1466829030336154,3.5481293078200395,81.31536981661834,-0.11897574528819448,-1.1518887148331598,-38.860789378422126,0.5220978584238058,16,,PET,LT,#2,#8,GASOLINE_1,1.0383881553158436,2.1754815335475737,52.39968136957754,-0.5093906182399492,0.017496877450655698,-29.57770503626718,0.4355365478722253,16,,,PET,HT,#3,#9,GASOLINE_1,1.1504318434277865,2.8032253305880577,60.71348436127187,-0.4591981625214804,-0.31694776075046716,-30.350579616065854,0.5001015024032126,16,,,,,,,,,,,,,,,,,,,,,,,,,,,,,,,,,,,,,,,,,,,,,,,,,,,,,,,,,,,,,,,,,,,,,,,,,,,,,,,,,,,,,,,,,,,,,,,,,,,,,,,,,,,,,,,,,,,,,,,,,,,,,,,,,,,,,,,,,,,,,,,,,,,,,,,,,,,,,,,,
70,PET,HT,#6,#11,MeOH_1,1.6843418984591,2.2680401815011164,80.39982943211398,-1.1521192237985003,0.054657266485533415,-54.00959438566148,0.3282374506619474,PET,HT,#6,-,GASOLINE_1,0.936395678209849,1.460640298936103,46.81154757712232,-0.2792451150628753,0.8451557350983061,-16.985184599221764,0.6371582338473522,17,,PP,HT,#2,#3,H2_1,1.057377731733259,3.1649874748859435,77.02154848843499,-0.10695417143099718,-0.40033371984391064,-29.888303461004963,0.6119488111110519,17,,PET,LT,#2,#9,GASOLINE_1,0.9394169534988159,1.961266579559783,49.54755703028835,-0.4045462555727652,0.278206271407457,-26.075681415045985,0.4737241757629754,17,,,PET,HT,#3,#10,MeOH_1,1.2532980230147572,3.233380497544083,65.13442857280197,-0.5776377077110499,-0.7746953662833822,-35.35879633925496,0.45714122140898544,17,,,,,,,,,,,,,,,,,,,,,,,,,,,,,,,,,,,,,,,,,,,,,,,,,,,,,,,,,,,,,,,,,,,,,,,,,,,,,,,,,,,,,,,,,,,,,,,,,,,,,,,,,,,,,,,,,,,,,,,,,,,,,,,,,,,,,,,,,,,,,,,,,,,,,,,,,,,,,,,,
71,PET,HT,#7,#1,GASOLINE_1,1.6810289089693344,2.9172521776665414,77.76689552539166,-1.1393318760520195,-0.3184763407405287,-49.28876959219796,0.36619856998014416,PET,HT,#9,-,GASOLINE_1,0.9853271649151494,1.8288792148279782,49.641442017705145,-0.2594403946837413,0.7306303855545038,-16.965736975749074,0.6582344048406558,18,,PP,HT,#2,#7,MeOH_1,1.014860609224199,3.0107311327843918,79.62470064048699,0.009655362705095597,-0.41729232493947627,-34.32468230445481,0.5689191666863028,18,,PET,LT,#3,#6,GASOLINE_1,0.9404034271577991,2.119542155387094,51.14727830265053,-0.3839665236669058,0.1730016749321759,-26.36244168055445,0.48457782006382316,18,,,PET,HT,#3,#11,GASOLINE_1,1.2753895306080059,3.2434356774927307,65.47895974283398,-0.5763661040709195,-0.7964089981745559,-35.67957761567495,0.4550985880685173,18,,,,,,,,,,,,,,,,,,,,,,,,,,,,,,,,,,,,,,,,,,,,,,,,,,,,,,,,,,,,,,,,,,,,,,,,,,,,,,,,,,,,,,,,,,,,,,,,,,,,,,,,,,,,,,,,,,,,,,,,,,,,,,,,,,,,,,,,,,,,,,,,,,,,,,,,,,,,,,,,
72,PET,HT,#7,#2,GASOLINE_1,2.0109557380230596,2.9226142830764172,97.73957040539166,-1.2608425992873296,0.0011603895291170479,-60.326337540713624,0.38278491208320464,PET,LT,#6,-,Olefin,0.8228761829924078,1.2072913145575608,40.5503681344,-0.3066312845500134,0.9754373877605873,-16.947112943083585,0.5820725255338218,19,,PP,HT,#2,#8,FT_1,1.150496584165314,3.7831631542300364,85.808348306519,-0.12715466681067453,-1.3137634732244816,-42.24597236138762,0.5076706032089173,19,,PET,LT,#5,#6,GASOLINE_1,0.9362790513947169,1.8592205593323312,50.07526882603629,-0.35861701418854935,0.4699482248194736,-24.262531506361643,0.5154787567761093,19,,,PET,HT,#4,#1,GASOLINE_1,1.2572513934609304,3.85504801302346,62.93120107099167,-0.5709316590607456,-1.4454701922603839,-33.843096167093584,0.4622207173685477,19,,,,,,,,,,,,,,,,,,,,,,,,,,,,,,,,,,,,,,,,,,,,,,,,,,,,,,,,,,,,,,,,,,,,,,,,,,,,,,,,,,,,,,,,,,,,,,,,,,,,,,,,,,,,,,,,,,,,,,,,,,,,,,,,,,,,,,,,,,,,,,,,,,,,,,,,,,,,,,,,
73,PET,HT,#7,#3,GASOLINE_1,1.657154764025429,2.333168924340942,78.16159944033777,-1.0877169128783608,0.2773034820641717,-48.4069548577933,0.3806811118963443,PP,HT,#1,#3,DIESEL_1,0.9429276902090811,2.6394586525260517,73.12609982619499,0.0559255883362556,0.1418596364756918,-26.185236652482775,0.6419166793426772,20,,PP,HT,#3,#1,MeOH_1,1.1103260140707742,3.968472666513499,86.16134237496735,-0.05302510835302002,-1.3454529214810738,-39.415688254582335,0.5425362794018647,20,,PET,LT,#8,#6,BA_1,0.9097656439380328,1.6250786256958085,44.93901076813562,-0.3406067301262483,0.4434483253800124,-19.471284571592054,0.5667175525501703,20,,,PET,HT,#4,#2,GASOLINE_1,1.6384667278022975,4.117982624033335,82.90387595099168,-0.7378301348381551,-1.6292895569786476,-44.880664115609264,0.4586421491060285,20,,,,,,,,,,,,,,,,,,,,,,,,,,,,,,,,,,,,,,,,,,,,,,,,,,,,,,,,,,,,,,,,,,,,,,,,,,,,,,,,,,,,,,,,,,,,,,,,,,,,,,,,,,,,,,,,,,,,,,,,,,,,,,,,,,,,,,,,,,,,,,,,,,,,,,,,,,,,,,,,
74,PET,HT,#7,#4,GASOLINE_1,1.7974876115225746,2.7771612715516234,85.08902032539164,-1.2608026059108823,-0.24565231714694738,-56.8781794743101,0.3315450188896237,PP,HT,#1,#6,Olefin,0.7058645786350657,0.8583999399887894,60.17636197628961,0.1081815910114382,1.4226487895980122,-17.598395002754703,0.7075530253941118,21,,PP,HT,#3,#2,FT_1,1.2386611698202392,4.2206238835296075,87.97513404099934,-0.17853684828459465,-1.779325474144018,-45.248777988050115,0.485664006297931,21,,PET,HT,#10,-,MeOH_1,1.0214862162751945,1.957150699058365,51.22538048912231,-0.35088974513641147,0.4623050862430024,-21.79592065499144,0.5745093458189189,21,,,PET,HT,#4,#3,GASOLINE_1,1.2436279274368938,3.068661783697861,63.325904985937775,-0.5275326462290171,-0.6553466498628068,-32.96128143268892,0.479497664660168,21,,,,,,,,,,,,,,,,,,,,,,,,,,,,,,,,,,,,,,,,,,,,,,,,,,,,,,,,,,,,,,,,,,,,,,,,,,,,,,,,,,,,,,,,,,,,,,,,,,,,,,,,,,,,,,,,,,,,,,,,,,,,,,,,,,,,,,,,,,,,,,,,,,,,,,,,,,,,,,,,
75,PET,HT,#7,#5,GASOLINE_1,2.0934927291124543,2.8158008007778252,101.42521088539165,-1.339825645110836,0.09876959798724681,-64.35900224918755,0.36545360184745523,PP,HT,#1,#7,MeOH_1,0.9004105677000208,2.4852023104245,75.72925197824698,0.17253512247234867,0.12490103138012618,-30.621615495932623,0.5956434971161659,22,,PP,HT,#3,#3,H2_1,1.1493559985198827,3.8374820505955114,83.68131271281597,-0.1665152744273972,-1.0277704791547684,-36.27629207063293,0.5664947059909453,22,,PET,HT,#11,-,GASOLINE_1,1.0435777238684436,1.9672058790070128,51.56991165915431,-0.32481081014489005,0.3948227596248436,-23.176752599840523,0.5505760654967817,22,,,PET,HT,#4,#4,GASOLINE_1,1.353288305170311,4.441783185628542,70.25332587099167,-0.6805793634236484,-2.061270511927718,-41.432506049205735,0.4102413581772696,22,,,,,,,,,,,,,,,,,,,,,,,,,,,,,,,,,,,,,,,,,,,,,,,,,,,,,,,,,,,,,,,,,,,,,,,,,,,,,,,,,,,,,,,,,,,,,,,,,,,,,,,,,,,,,,,,,,,,,,,,,,,,,,,,,,,,,,,,,,,,,,,,,,,,,,,,,,,,,,,,
76,PET,HT,#7,#6,GASOLINE_1,1.5449426257411834,1.907782337949135,72.51149427371398,-0.9795557733680657,0.6293668072689687,-43.396384432345535,0.4015240636396996,PP,HT,#1,#9,DIESEL_1,0.9421553042289887,1.8515675359640142,73.72765557941989,0.07907209422077897,0.938733087192162,-24.343769675744305,0.669814949567723,23,,PP,HT,#3,#7,MeOH_1,1.106838876010823,3.6832257084939597,86.28446486486796,-0.04990574029130443,-1.0447290842503343,-40.71267091408277,0.5281575776375991,23,,PET,LT,#3,-,GASOLINE_1,1.0547745841299792,2.3014264678364085,51.282975416799346,-0.48743059383766124,0.07212378243091762,-25.72123817182071,0.49844489398727615,23,,,PET,HT,#4,#5,GASOLINE_1,1.698737440350373,4.592662568934744,86.58951643099167,-0.7971819645073557,-2.113645657372635,-48.91332882408317,0.4351125766701202,23,,,,,,,,,,,,,,,,,,,,,,,,,,,,,,,,,,,,,,,,,,,,,,,,,,,,,,,,,,,,,,,,,,,,,,,,,,,,,,,,,,,,,,,,,,,,,,,,,,,,,,,,,,,,,,,,,,,,,,,,,,,,,,,,,,,,,,,,,,,,,,,,,,,,,,,,,,,,,,,,
77,PET,HT,#7,#7,GASOLINE_1,1.6635674054154659,2.5114815872425833,79.41543005323398,-1.0997405557062006,0.09350749624484479,-50.679882935129605,0.36183833669152565,PP,HT,#2,#6,Olefin,0.8203146201592438,1.3839287623486813,64.07181063852964,-0.05469816875581458,0.8804554332784097,-21.301461811276887,0.6675376956107553,24,,PP,HT,#3,#8,FT_1,1.2424748509519379,4.455657729939604,92.46811253089999,-0.18671576980707472,-1.94120023253534,-48.6339609710156,0.4740461372047187,24,,PET,LT,#9,-,GASOLINE_1,0.9709156895400549,1.979641710955708,49.96950919886128,-0.3954543209137637,0.3996803157107255,-24.44828712606079,0.5107358963890339,24,,,PET,HT,#4,#6,GASOLINE_1,1.1223084858022947,2.615020295546053,57.67579981931399,-0.42559722618874857,-0.24397649418294132,-27.945663410815616,0.515469859137395,24,,,,,,,,,,,,,,,,,,,,,,,,,,,,,,,,,,,,,,,,,,,,,,,,,,,,,,,,,,,,,,,,,,,,,,,,,,,,,,,,,,,,,,,,,,,,,,,,,,,,,,,,,,,,,,,,,,,,,,,,,,,,,,,,,,,,,,,,,,,,,,,,,,,,,,,,,,,,,,,,
78,PET,HT,#7,#8,GASOLINE_1,1.7427496701231304,2.357826937299816,81.49521855414598,-1.1577493303306374,0.23399289415771335,-52.996808828830574,0.34969425484000466,PP,HT,#2,#9,H2_1,1.0566053457531672,2.3770963583239064,77.62310424165989,-0.08380766554647423,0.3965397308725592,-28.046836484266482,0.6386792726434934,25,,PP,HT,#3,#9,H2_1,1.1485836125397908,3.0495909340334744,84.28286846604088,-0.14336876854287411,-0.2308970284382984,-34.43482509389446,0.5914374330084781,25,,PET,OG,#3,-,H2_1,0.638524943003141,1.8411795611650241,37.360429960147115,-0.4524674448297352,0.32516540481618345,-25.78998493149862,0.30969785521716037,25,,,PET,HT,#4,#7,GASOLINE_1,1.2450156379008706,3.3240311275595014,64.57973559883398,-0.5357246211359942,-0.9118838774562943,-35.23420951002522,0.45440765306166125,25,,,,,,,,,,,,,,,,,,,,,,,,,,,,,,,,,,,,,,,,,,,,,,,,,,,,,,,,,,,,,,,,,,,,,,,,,,,,,,,,,,,,,,,,,,,,,,,,,,,,,,,,,,,,,,,,,,,,,,,,,,,,,,,,,,,,,,,,,,,,,,,,,,,,,,,,,,,,,,,,
79,PET,HT,#7,#9,GASOLINE_1,1.6401726312557914,2.410512202984803,78.36954347658387,-1.069489438306897,0.20611655410857857,-49.31686164046053,0.3707139348694054,PP,HT,#3,#6,Olefin,0.9122928869458675,2.0564233380582495,70.73157486291062,-0.11425927175221474,0.25301867396755157,-27.689450420904855,0.6085277264846491,26,,PP,HT,#4,#1,MeOH_1,1.1638017918720596,4.093226308598472,87.76634141496734,-0.090488331701454,-1.498599846005046,-41.48484476305317,0.5273262609078234,26,,PET,OG,#6,-,MeOH_1,0.6505720316372632,1.9721039530457667,36.976879883357064,-0.4300484136256595,0.1909268236769244,-23.483578649378714,0.3649118388718232,26,,,PET,HT,#4,#8,GASOLINE_1,1.3250573681168554,3.446305714096734,66.65952409974597,-0.6022822506660834,-1.063083031980288,-37.551135403726185,0.4366726148909113,26,,,,,,,,,,,,,,,,,,,,,,,,,,,,,,,,,,,,,,,,,,,,,,,,,,,,,,,,,,,,,,,,,,,,,,,,,,,,,,,,,,,,,,,,,,,,,,,,,,,,,,,,,,,,,,,,,,,,,,,,,,,,,,,,,,,,,,,,,,,,,,,,,,,,,,,,,,,,,,,,
80,PET,HT,#7,#10,GASOLINE_1,1.7501326773839299,2.373722980820829,82.79048768811398,-1.1839057126757506,0.16935858532324732,-54.325078363649624,0.34382463637245925,PP,HT,#4,#6,Olefin,0.9657686647471525,2.1811769801432224,72.3365739029106,-0.15172249510064859,0.09987174944357902,-29.758606929375688,0.5886091181299604,27,,PP,HT,#4,#2,FT_1,1.2921369476215245,4.34537752561458,89.58013308099933,-0.21600007163302862,-1.9324723986679897,-47.31793449652095,0.4717809310046955,27,,PET,OG,#7,-,FT_1,0.997560971908902,1.9322178493181166,50.83259636335707,-0.43780115389455454,0.26052631352775274,-30.24838713441703,0.40494113426357004,27,,,PET,HT,#4,#9,GASOLINE_1,1.224895182317813,3.1398613593017215,63.53384902218387,-0.5069389242392829,-0.723468050122534,-33.87118821535614,0.4668796438961307,27,,,,,,,,,,,,,,,,,,,,,,,,,,,,,,,,,,,,,,,,,,,,,,,,,,,,,,,,,,,,,,,,,,,,,,,,,,,,,,,,,,,,,,,,,,,,,,,,,,,,,,,,,,,,,,,,,,,,,,,,,,,,,,,,,,,,,,,,,,,,,,,,,,,,,,,,,,,,,,,,
81,PET,HT,#7,#11,GASOLINE_1,1.7717160539367058,2.318097057409477,83.13501885814598,-1.1819603611697196,0.2698046431667462,-54.64585964006961,0.34268542437799493,PP,HT,#5,#6,Olefin,0.8994329477142502,1.8346035199398352,69.85805487304967,-0.09303224261057694,0.5637697086511907,-25.14380423599041,0.6400729410275842,28,,PP,HT,#4,#3,DIESEL_1,1.2028317763211678,3.9622356926804834,85.28631175281598,-0.20397849777583119,-1.18091740367874,-38.34544857910377,0.5503915248411749,28,,PET,OG,#8,-,H2_1,0.6488363005861524,1.8352358905976225,39.75336939530639,-0.42128211315997033,0.38186401810461135,-27.232029239699095,0.31497556926798936,28,,,PET,HT,#4,#10,GASOLINE_1,1.3277613619047839,3.5700165262577475,67.95479323371397,-0.6253784694288527,-1.1812156556554496,-38.879404938545235,0.42786368571781264,28,,,,,,,,,,,,,,,,,,,,,,,,,,,,,,,,,,,,,,,,,,,,,,,,,,,,,,,,,,,,,,,,,,,,,,,,,,,,,,,,,,,,,,,,,,,,,,,,,,,,,,,,,,,,,,,,,,,,,,,,,,,,,,,,,,,,,,,,,,,,,,,,,,,,,,,,,,,,,,,,
82,PET,HT,#8,#1,BA_1,1.1859403355860745,2.3590820591192783,48.40963773588605,-0.37019371454709893,1.3550118926836408,-15.276042541756913,0.6844421223496827,PP,HT,#5,#9,H2_1,1.1357236733081737,2.8277711159150596,83.40934847617994,-0.12214173940123643,0.07985400624534071,-31.88917890898002,0.6176785996825411,29,,PP,HT,#4,#7,MeOH_1,1.1603146538121076,3.807979350578932,87.88946390486795,-0.08736896363973813,-1.197876008774306,-42.7818274225536,0.5132314441141559,29,,PVC,HT,#1,#8,DIESEL_1,0.7505517500102824,0.9709680630552946,29.42017530005381,-0.3301579067619576,0.32347990353396505,-13.6998414830155,0.5343385502196364,29,,,PET,HT,#4,#11,GASOLINE_1,1.3498528694980327,3.5800717062063945,68.29932440374597,-0.624106865788722,-1.2029292875466226,-39.200186214965235,0.4260530897313643,29,,,,,,,,,,,,,,,,,,,,,,,,,,,,,,,,,,,,,,,,,,,,,,,,,,,,,,,,,,,,,,,,,,,,,,,,,,,,,,,,,,,,,,,,,,,,,,,,,,,,,,,,,,,,,,,,,,,,,,,,,,,,,,,,,,,,,,,,,,,,,,,,,,,,,,,,,,,,,,,,
83,PET,HT,#8,#2,BA_1,1.5158671646398014,2.364444164529153,68.38231261588606,-0.4917044377824107,1.674648622953288,-26.313610490272595,0.6151985874171852,PP,HT,#8,#3,H2_1,1.0895881703694716,2.538218039286091,68.75030980804006,-0.18284514224348838,0.1848054232955232,-23.46263665808997,0.6587268228521334,30,,PP,HT,#4,#8,FT_1,1.295950628753223,4.580411372024576,94.07311157089994,-0.22417899315550857,-2.0943471570593117,-50.70311747948641,0.4610243391250744,30,,PVC,HT,#1,#10,DIESEL_1,0.7586282688681786,1.058734465500017,30.84628725002181,-0.3366770054833206,0.2375688777428983,-15.173882521418333,0.5080807489592576,30,,,PET,HT,#5,#1,GASOLINE_1,1.194144291144592,3.342104789350094,59.25514831082952,-0.5047364276600919,-0.7935537571072304,-27.930998949363556,0.5286316928472041,30,,,,,,,,,,,,,,,,,,,,,,,,,,,,,,,,,,,,,,,,,,,,,,,,,,,,,,,,,,,,,,,,,,,,,,,,,,,,,,,,,,,,,,,,,,,,,,,,,,,,,,,,,,,,,,,,,,,,,,,,,,,,,,,,,,,,,,,,,,,,,,,,,,,,,,,,,,,,,,,,
84,PET,HT,#8,#3,BA_1,1.1620661906421705,1.7749988057936776,48.804341650832164,-0.3185787513734422,1.950791715488343,-14.394227807352259,0.7050625554928099,PP,HT,#8,#6,Olefin,0.8525250587954566,0.7571593267488294,55.80057195813468,-0.1305891395683061,1.465594576417843,-14.87579500836188,0.7334114241781842,31,,PP,HT,#4,#9,DIESEL_1,1.202059390341076,3.174344576118447,85.88786750604088,-0.18083199189130808,-0.3840439529622704,-36.503981602365286,0.5749809296429697,31,,PVC,HT,#1,#11,DIESEL_1,0.810918044331237,1.2729427787997742,32.47765466005381,-0.390803050781733,0.020652347749410122,-16.8749264270997,0.4804142539314832,31,,,PET,HT,#5,#2,GASOLINE_1,1.5753596254859594,3.6050394003599697,79.22782319082954,-0.6716349034375017,-0.9773731218254947,-38.968566897879235,0.5081454301222077,31,,,,,,,,,,,,,,,,,,,,,,,,,,,,,,,,,,,,,,,,,,,,,,,,,,,,,,,,,,,,,,,,,,,,,,,,,,,,,,,,,,,,,,,,,,,,,,,,,,,,,,,,,,,,,,,,,,,,,,,,,,,,,,,,,,,,,,,,,,,,,,,,,,,,,,,,,,,,,,,,
85,PET,HT,#8,#4,BA_1,1.3023990381393165,2.21899115300436,55.731762535886055,-0.49166444440596363,1.427835916277223,-22.865452423869076,0.5897231420028057,PP,HT,#8,#7,MeOH_1,1.0470710478604117,2.3839616971845397,71.35346196009205,-0.06623560810739548,0.167846818199957,-27.899015501539807,0.6090026365203736,32,,PP,HT,#5,#1,MeOH_1,1.0974660748391571,3.746652848395085,85.2878223851064,-0.03179807921138192,-1.034701886797435,-36.87004206966788,0.5676986345930388,32,,PVC,HT,#2,#3,Olefin,0.8041561209246685,1.018475390221298,28.267230445422438,-0.42194821547736416,0.27578526800280184,-11.832851611149001,0.5813933156983478,32,,,PET,HT,#5,#3,GASOLINE_1,1.1805208251205555,2.555718560024495,59.649852225775604,-0.4613374148283636,-0.0034302147096532585,-27.04918421495888,0.5465339274843917,32,,,,,,,,,,,,,,,,,,,,,,,,,,,,,,,,,,,,,,,,,,,,,,,,,,,,,,,,,,,,,,,,,,,,,,,,,,,,,,,,,,,,,,,,,,,,,,,,,,,,,,,,,,,,,,,,,,,,,,,,,,,,,,,,,,,,,,,,,,,,,,,,,,,,,,,,,,,,,,,,
86,PET,HT,#8,#5,BA_1,1.5984041557291948,2.257630682230561,72.06795309588608,-0.5706874836059155,1.7722578314114175,-30.34627519874652,0.5789213666389145,PP,HT,#8,#9,H2_1,1.0888157843893798,1.7503269227240539,69.35186556126494,-0.1596986363589653,0.9816788740119932,-21.621169681351482,0.6882395375182591,33,,PP,HT,#5,#2,FT_1,1.2258012305886221,3.9988040654111927,87.1016140511384,-0.15730981914295683,-1.4685744394603786,-42.703131803135676,0.5097320265722728,33,,PVC,HT,#2,#6,Olefin,0.6967183607393022,0.7781889027808587,26.688658113554233,-0.3193425427748242,0.5008591539368302,-10.391437639151297,0.6106421838468585,33,,,PET,HT,#5,#4,GASOLINE_1,1.2901812028539725,3.9288399619551755,66.57727311082951,-0.6143841320229946,-1.4093540767745638,-35.52040883147571,0.4664784667232348,33,,,,,,,,,,,,,,,,,,,,,,,,,,,,,,,,,,,,,,,,,,,,,,,,,,,,,,,,,,,,,,,,,,,,,,,,,,,,,,,,,,,,,,,,,,,,,,,,,,,,,,,,,,,,,,,,,,,,,,,,,,,,,,,,,,,,,,,,,,,,,,,,,,,,,,,,,,,,,,,,
87,PET,HT,#8,#6,BA_1,1.0498540523579232,1.3496122194018707,43.15423648420836,-0.21041761186314517,2.302855040693139,-9.383657381904479,0.7825553608082422,PP,HT,#9,#6,Olefin,0.9545660937251481,1.1781731268252094,58.88794856981466,-0.2666619152984856,1.0356730298607906,-17.725742587967783,0.6989920175780446,34,,PP,HT,#5,#3,H2_1,1.1364960592882656,3.615662232477096,82.80779272295504,-0.14528824528575954,-0.7170194444711289,-33.73064588571851,0.5926633861794981,34,,PVC,HT,#2,#7,Olefin,0.7746799782679753,1.063864844299779,30.179223487141808,-0.3910383021057597,0.22646742138847142,-14.194566954958935,0.5296576480502658,34,,,PET,HT,#5,#5,GASOLINE_1,1.635630338034035,4.079719345261377,82.91346367082953,-0.7309867331067023,-1.4617292222194798,-43.00123160635315,0.48137214750706675,34,,,,,,,,,,,,,,,,,,,,,,,,,,,,,,,,,,,,,,,,,,,,,,,,,,,,,,,,,,,,,,,,,,,,,,,,,,,,,,,,,,,,,,,,,,,,,,,,,,,,,,,,,,,,,,,,,,,,,,,,,,,,,,,,,,,,,,,,,,,,,,,,,,,,,,,,,,,,,,,,
88,PET,HT,#8,#7,BA_1,1.1684788320322057,1.9533114686953197,50.05817226372838,-0.3306023942012801,1.766995729669015,-16.66715588468856,0.6670442580907932,PP,HT,#9,#9,H2_1,1.1908568193190714,2.171340722800434,72.43924217294494,-0.2957714120891451,0.5517573274549407,-24.4711172609574,0.6621842453495873,35,,PP,HT,#5,#7,MeOH_1,1.0939789367792054,3.461405890375546,85.41094487500705,-0.02867871114966647,-0.7339780495666954,-38.16702472916835,0.5531366057942209,35,,PVC,HT,#2,#8,Olefin,0.8414562863806574,1.2176843264203707,31.75418475317381,-0.45859107755053746,0.0637074588721475,-15.844692316291628,0.5010203398559,35,,,PET,HT,#5,#7,GASOLINE_1,1.1819085355845327,2.811087903886136,60.90368283867182,-0.46952938973534064,-0.25996744230314106,-29.322112292295188,0.518549438628092,35,,,,,,,,,,,,,,,,,,,,,,,,,,,,,,,,,,,,,,,,,,,,,,,,,,,,,,,,,,,,,,,,,,,,,,,,,,,,,,,,,,,,,,,,,,,,,,,,,,,,,,,,,,,,,,,,,,,,,,,,,,,,,,,,,,,,,,,,,,,,,,,,,,,,,,,,,,,,,,,,
89,PET,HT,#8,#8,BA_1,1.2476610967398705,1.7996568187525517,52.13796076464037,-0.38861116882571706,1.9074811275818846,-18.984081778389527,0.6358875280127103,PP,LT,#1,#1,DIESEL_1,1.2459898090445825,2.093184933628066,83.77058738935553,-0.01544125600935871,0.4203430585933915,-36.476679398719085,0.5645645979634845,36,,PP,HT,#5,#8,FT_1,1.2296149117203206,4.2338379118211895,91.59459254103905,-0.16548874066543676,-1.6304491978517004,-46.08831478610116,0.49682275440603935,36,,PVC,HT,#2,#9,Olefin,0.7869206782699104,1.0687461163715197,31.355017157228136,-0.40169181688217187,0.22744854333217204,-15.180337134442915,0.5158562006736629,36,,,PET,HT,#5,#8,GASOLINE_1,1.2619502658005175,2.9333624904233684,62.98347133958383,-0.53608701926543,-0.41116659682713447,-31.63903818599616,0.49766125122875415,36,,,,,,,,,,,,,,,,,,,,,,,,,,,,,,,,,,,,,,,,,,,,,,,,,,,,,,,,,,,,,,,,,,,,,,,,,,,,,,,,,,,,,,,,,,,,,,,,,,,,,,,,,,,,,,,,,,,,,,,,,,,,,,,,,,,,,,,,,,,,,,,,,,,,,,,,,,,,,,,,
90,PET,HT,#8,#9,BA_1,1.1450840578725314,1.8523420844375396,49.012285687078275,-0.3003512768019762,1.8796047875327482,-15.304134590019485,0.6877490128142645,PP,LT,#1,#2,DIESEL_1,1.2926883937707885,2.1598064176309366,85.12058962935552,-0.05628472397718951,0.3225625740600872,-38.14859203264894,0.5518288559940538,37,,PP,HT,#6,#1,MeOH_1,1.2040038902783041,4.532936045984846,93.86059853496735,-0.14025556404697354,-1.8916232945520643,-46.93578015575274,0.4999416060801378,37,,PVC,HT,#3,#6,MeOH_1,0.7570362588854781,1.2311778569110303,31.1474491987965,-0.35078093071442784,0.12058552604636714,-14.301122561537817,0.540857343718201,37,,,PET,HT,#5,#9,GASOLINE_1,1.1617880800014748,2.6269181356283555,59.85779626202172,-0.44074369283862935,-0.0715516149693799,-27.95909099762612,0.5329081131681177,37,,,,,,,,,,,,,,,,,,,,,,,,,,,,,,,,,,,,,,,,,,,,,,,,,,,,,,,,,,,,,,,,,,,,,,,,,,,,,,,,,,,,,,,,,,,,,,,,,,,,,,,,,,,,,,,,,,,,,,,,,,,,,,,,,,,,,,,,,,,,,,,,,,,,,,,,,,,,,,,,
91,PET,HT,#8,#10,BA_1,1.2550441040006715,1.8155528622735648,53.43322989860837,-0.4147675511708317,1.8428468187474178,-20.312351313208584,0.6198554466620854,PP,LT,#1,#3,DIESEL_1,1.2322148670904274,1.8601337096720425,82.98885167199488,0.004446807440399567,0.6598045753942445,-35.43361074786201,0.5730316779426011,38,,PP,HT,#6,#2,FT_1,1.3323390460277693,4.785087263000955,95.67439020099934,-0.2657673039785483,-2.325495847215009,-52.768869889220525,0.4484535539932886,38,,PVC,HT,#5,#3,DIESEL_1,0.8648167633368944,1.3375354826399477,32.249933639728994,-0.4509961142538168,0.06206351358837515,-14.333688809553774,0.555543618486831,38,,,PET,HT,#5,#10,GASOLINE_1,1.2646542595884456,3.057073302584381,64.27874047355184,-0.559183238028199,-0.5292992205022955,-32.96730772081523,0.4871195751824046,38,,,,,,,,,,,,,,,,,,,,,,,,,,,,,,,,,,,,,,,,,,,,,,,,,,,,,,,,,,,,,,,,,,,,,,,,,,,,,,,,,,,,,,,,,,,,,,,,,,,,,,,,,,,,,,,,,,,,,,,,,,,,,,,,,,,,,,,,,,,,,,,,,,,,,,,,,,,,,,,,
92,PET,HT,#8,#11,BA_1,1.2766274805534463,1.7599269388622125,53.77776106864037,-0.41282219966479927,1.9432928765909172,-20.633132589628573,0.6163259276768135,PP,LT,#1,#4,DIESEL_1,1.303055790803242,2.290433526125176,86.7541784293555,-0.07298296653438342,0.19955830151062579,-39.800462496817296,0.5412271406704973,39,,PP,HT,#6,#3,MeOH_1,1.2430338747274126,4.401945430066857,91.38056887281599,-0.2537457301213509,-1.573940852225758,-43.79638397180337,0.5207254177552841,39,,PVC,HT,#5,#6,DIESEL_1,0.7573790031515281,1.0972489951995086,30.67136130786079,-0.34839044155127713,0.2871373995224032,-12.892274837556071,0.5796640811553447,39,,,PET,HT,#5,#11,GASOLINE_1,1.2867457671816944,3.067128482533029,64.62327164358382,-0.5579116343880686,-0.5510128523934692,-33.2880889972352,0.48489006900132325,39,,,,,,,,,,,,,,,,,,,,,,,,,,,,,,,,,,,,,,,,,,,,,,,,,,,,,,,,,,,,,,,,,,,,,,,,,,,,,,,,,,,,,,,,,,,,,,,,,,,,,,,,,,,,,,,,,,,,,,,,,,,,,,,,,,,,,,,,,,,,,,,,,,,,,,,,,,,,,,,,
93,PET,LT,#1,#1,MeOH_1,1.6473560743811504,2.7419294125638864,83.07920927999999,-0.8269777148828358,0.6285559680919581,-33.81217018679569,0.5930128550834025,PP,LT,#1,#5,DIESEL_1,1.3537121754702701,2.4036508921449626,87.75296946935552,-0.10320973327672163,0.09068376729549796,-39.988177614985695,0.5443096928024745,40,,PP,HT,#6,#6,Olefin,1.0059707631533974,2.6208867175295962,78.43083102291062,-0.2014897274461684,-0.2931516991034386,-35.20954232207528,0.5510752358114103,40,,PVC,HT,#5,#7,DIESEL_1,0.8353406206802012,1.382924936718429,34.16192668144836,-0.42008620088221243,0.012745666974044292,-16.69540415336371,0.5112862248946237,40,,,PET,HT,#6,#1,MeOH_1,1.3218489019987218,4.507718932040573,72.63406172495966,-0.7170809865834625,-2.123490435074122,-45.89802650883585,0.36809225012589863,40,,,,,,,,,,,,,,,,,,,,,,,,,,,,,,,,,,,,,,,,,,,,,,,,,,,,,,,,,,,,,,,,,,,,,,,,,,,,,,,,,,,,,,,,,,,,,,,,,,,,,,,,,,,,,,,,,,,,,,,,,,,,,,,,,,,,,,,,,,,,,,,,,,,,,,,,,,,,,,,,
94,PET,LT,#1,#2,GASOLINE_1,1.4743499246124276,2.0529213649975753,68.54282480000002,-0.8182183680803838,0.7330323750626586,-35.645208625079846,0.47995711106029826,PP,LT,#1,#6,DIESEL_1,1.1374016256461499,1.341432996518808,76.38903982617187,0.09288978604373839,1.1308485975284943,-29.384922002150915,0.6153254175072996,41,,PP,HT,#6,#7,MeOH_1,1.200516752218353,4.247689087965306,93.98372102486799,-0.13713619598525825,-1.5908994573213247,-48.23276281525321,0.4867966251039275,41,,PVC,HT,#5,#9,DIESEL_1,0.8475813206821363,1.3878062087901697,35.33772035153469,-0.4307397156586246,0.013726788917745054,-17.681174332847693,0.49965152938678986,41,,,PET,HT,#6,#2,MeOH_1,1.7030642363400887,4.770653543050449,92.60673660495964,-0.8839794623608718,-2.307309799792386,-56.93559445735149,0.38518949544430603,41,,,,,,,,,,,,,,,,,,,,,,,,,,,,,,,,,,,,,,,,,,,,,,,,,,,,,,,,,,,,,,,,,,,,,,,,,,,,,,,,,,,,,,,,,,,,,,,,,,,,,,,,,,,,,,,,,,,,,,,,,,,,,,,,,,,,,,,,,,,,,,,,,,,,,,,,,,,,,,,,
95,PET,LT,#1,#3,GASOLINE_1,1.0823912271906226,1.4642027184604633,47.679288082389476,-0.6628622853150253,0.8734234449811831,-25.92427218477504,0.4562781193381478,PP,LT,#1,#7,DIESEL_1,1.237902363897377,1.9939197118335164,83.41108232857187,-0.005986764970655827,0.5187626487265024,-36.071434984982304,0.5675462543107861,42,,PP,HT,#6,#8,FT_1,1.336152727159468,5.02012110941095,100.16736869089998,-0.2739462255010284,-2.48737060560633,-56.154052872186014,0.43939774393527115,42,,PVC,HT,#8,#3,Aromatics,0.9055795243565318,0.6860094863857824,22.799301615651498,-0.6017665326678502,0.5702863731272751,-7.923903128078426,0.6524497433448249,42,,,PET,HT,#6,#3,MeOH_1,1.3082254359746852,3.7213327027149736,73.02876563990577,-0.6736819737517339,-1.3333668926765443,-45.01621177443119,0.38358246397865214,42,,,,,,,,,,,,,,,,,,,,,,,,,,,,,,,,,,,,,,,,,,,,,,,,,,,,,,,,,,,,,,,,,,,,,,,,,,,,,,,,,,,,,,,,,,,,,,,,,,,,,,,,,,,,,,,,,,,,,,,,,,,,,,,,,,,,,,,,,,,,,,,,,,,,,,,,,,,,,,,,
96,PET,LT,#1,#4,MeOH_1,1.5790545239732956,2.1791684630840273,80.75531568,-0.9203858595091697,0.5058550972647268,-43.79562605900105,0.4576750064039741,PP,LT,#1,#8,DIESEL_1,1.2994772825373133,2.0977185469436708,84.83238695460388,-0.06823737250516075,0.39058043713040175,-37.988989650987584,0.5521876606947707,43,,PP,HT,#6,#9,MeOH_1,1.2422614887473207,3.614054313504821,91.98212462604087,-0.23059922423682794,-0.7770674015092889,-41.95491699506488,0.5438796704725486,43,,PVC,HT,#8,#6,Aromatics,0.7981417641711653,0.4457229989453425,21.22072928378329,-0.49916085996531023,0.795360259061304,-6.482489156080726,0.6945209059787313,43,,,PET,HT,#6,#4,MeOH_1,1.4178858137081025,5.0944541046456555,79.95618652495966,-0.8267286909463653,-2.7392907547414564,-53.48743639094801,0.3310406772057468,43,,,,,,,,,,,,,,,,,,,,,,,,,,,,,,,,,,,,,,,,,,,,,,,,,,,,,,,,,,,,,,,,,,,,,,,,,,,,,,,,,,,,,,,,,,,,,,,,,,,,,,,,,,,,,,,,,,,,,,,,,,,,,,,,,,,,,,,,,,,,,,,,,,,,,,,,,,,,,,,,
97,PET,LT,#1,#5,GASOLINE_1,1.6467715321964538,1.9332102070479027,82.128514866032,-0.9854135417447166,0.8285662280984618,-49.71877984640299,0.3946221975704268,PP,LT,#1,#9,DIESEL_1,1.224472342474832,1.8340008110994113,82.57312003749242,0.01144871012889297,0.6843624404504304,-35.02886781852422,0.5757836472375111,44,,PP,HT,#7,#1,MeOH_1,1.2504152722359838,4.844351270041742,95.58236429496733,-0.19315452375217476,-2.2262589648010227,-48.93870169715193,0.48799444271825065,44,,PVC,HT,#8,#7,Aromatics,0.8761033816998388,0.7313989404642632,24.711294657370868,-0.570856619296246,0.5209685265129448,-10.285618471888366,0.5837685311716203,44,,,PET,HT,#6,#5,MeOH_1,1.7633349488881647,5.245333487951857,96.29237708495968,-0.9433312920300727,-2.791665900186373,-60.968259165825444,0.36684230869041096,44,,,,,,,,,,,,,,,,,,,,,,,,,,,,,,,,,,,,,,,,,,,,,,,,,,,,,,,,,,,,,,,,,,,,,,,,,,,,,,,,,,,,,,,,,,,,,,,,,,,,,,,,,,,,,,,,,,,,,,,,,,,,,,,,,,,,,,,,,,,,,,,,,,,,,,,,,,,,,,,,
98,PET,LT,#1,#6,GASOLINE_1,0.9011395046914683,1.110753427453168,40.45812990114556,-0.43989856996689336,1.27468321368001,-17.236486685899468,0.5739672909248477,PP,LT,#1,#10,DIESEL_1,1.2948565423743121,2.259418194136829,87.08035080857188,-0.06128196835839531,0.23393234421601475,-40.10057920361664,0.5394991082228244,45,,PP,HT,#7,#3,H2_1,1.2894452566850925,4.713360654123754,93.10233463281597,-0.30664468982655224,-1.908576522474716,-45.799305513202555,0.5080756492967731,45,,PVC,HT,#8,#8,Aromatics,0.9428796898125208,0.885218422584855,26.286255923402866,-0.6384093947410234,0.35820856399662093,-11.935743833221059,0.5459321453766046,45,,,PET,HT,#6,#6,MeOH_1,1.1869059943400861,3.267691214563166,67.378660473282,-0.5717465537114652,-0.9219967369966793,-40.0005937525579,0.40633141900439623,45,,,,,,,,,,,,,,,,,,,,,,,,,,,,,,,,,,,,,,,,,,,,,,,,,,,,,,,,,,,,,,,,,,,,,,,,,,,,,,,,,,,,,,,,,,,,,,,,,,,,,,,,,,,,,,,,,,,,,,,,,,,,,,,,,,,,,,,,,,,,,,,,,,,,,,,,,,,,,,,,
99,PET,LT,#1,#7,GASOLINE_1,1.0202263568953025,1.7142767999073727,47.34532651106555,-0.5759709946816068,0.6579866005596366,-24.786429865756954,0.47647568002379553,PP,LT,#1,#11,DIESEL_1,1.309568995361513,2.2662807931429474,86.64149160857187,-0.07833913339058497,0.21806465400627495,-39.82764992985554,0.5403166636397659,46,,PP,HT,#7,#6,Olefin,1.052382145111077,2.932301941586492,80.15259678291062,-0.25438868715136975,-0.6277873693523961,-37.21246386347446,0.5357297784841256,46,,PVC,HT,#8,#9,Aromatics,0.8883440817017738,0.7362802125360042,25.887088327457196,-0.5815101340726581,0.5219496484566453,-11.271388651372343,0.5645941904011923,46,,,PET,HT,#6,#7,MeOH_1,1.3096131464386624,3.9767020465766154,74.28259625280197,-0.6818739486587112,-1.5899041202700335,-47.28913985176747,0.3633887042554236,46,,,,,,,,,,,,,,,,,,,,,,,,,,,,,,,,,,,,,,,,,,,,,,,,,,,,,,,,,,,,,,,,,,,,,,,,,,,,,,,,,,,,,,,,,,,,,,,,,,,,,,,,,,,,,,,,,,,,,,,,,,,,,,,,,,,,,,,,,,,,,,,,,,,,,,,,,,,,,,,,
100,PET,LT,#1,#8,GASOLINE_1,1.078432514936299,1.560622149964605,49.42511501197756,-0.6230135900668188,0.8152277627750358,-26.99951188298961,0.45372890125907417,PP,LT,#2,#3,DIESEL_1,1.1872313501875977,2.4523390686402466,81.76404596447487,-0.015001562343403945,0.013840925823428333,-34.10518468687253,0.5828828639217454,47,,PP,HT,#7,#7,MeOH_1,1.2469281341760323,4.559104312022202,95.70548678486796,-0.190035155690459,-1.925535127570282,-50.23568435665237,0.4751013129521518,47,,PVC,HT,#8,#10,Aromatics,0.9509562086704167,0.9729848250295777,27.712367873370866,-0.6449284934623862,0.2722975382055539,-13.409784871623883,0.5161082974613115,47,,,PET,HT,#6,#8,MeOH_1,1.3896548766546473,4.098976633113847,76.36238475371397,-0.7484315781888005,-1.741103274794026,-49.606065745468456,0.35038611083900434,47,,,,,,,,,,,,,,,,,,,,,,,,,,,,,,,,,,,,,,,,,,,,,,,,,,,,,,,,,,,,,,,,,,,,,,,,,,,,,,,,,,,,,,,,,,,,,,,,,,,,,,,,,,,,,,,,,,,,,,,,,,,,,,,,,,,,,,,,,,,,,,,,,,,,,,,,,,,,,,,,
101,PET,LT,#1,#9,GASOLINE_1,0.9996607603298798,1.7055368164568143,46.57299067268834,-0.5505109848494479,0.7220703893531886,-23.4974882617684,0.49546962901938013,PP,LT,#2,#6,DIESEL_1,1.0924181087433202,1.9336383554870122,75.16423411865188,0.07344141625993458,0.48488494795767784,-28.056495941161455,0.626730768028949,48,,PP,HT,#7,#9,H2_1,1.2886728707050006,3.9254695375617175,93.70389038604088,-0.28349818394202914,-1.1117030717582472,-43.95783853646409,0.5308856616799283,48,,PVC,HT,#8,#11,Aromatics,1.0032459841334753,1.1871931383293348,29.343735283402868,-0.6990545387607987,0.055381008212065694,-15.110828777305255,0.48504072057070036,48,,,PET,HT,#6,#9,MeOH_1,1.2894926908556048,3.792532278318835,73.23670967615186,-0.653088251762,-1.401488292936272,-45.9261185570984,0.3729084941120264,48,,,,,,,,,,,,,,,,,,,,,,,,,,,,,,,,,,,,,,,,,,,,,,,,,,,,,,,,,,,,,,,,,,,,,,,,,,,,,,,,,,,,,,,,,,,,,,,,,,,,,,,,,,,,,,,,,,,,,,,,,,,,,,,,,,,,,,,,,,,,,,,,,,,,,,,,,,,,,,,,
102,PET,LT,#1,#10,GASOLINE_1,1.0509518422875699,1.6247130059151855,49.81964302594556,-0.6123675270712784,0.7027620120040924,-27.50625860070621,0.4478832659161922,PP,LT,#2,#9,DIESEL_1,1.1794888255720029,2.4262061700676147,81.34831432997242,-0.007999659654910828,0.038398790879614654,-33.700441757534755,0.5857266123445907,49,,PP,HT,#8,#1,MeOH_1,1.0505581859203632,2.669208655204079,71.2303394701914,-0.06935497616911107,-0.13287701903078258,-26.602032842039346,0.6265350826641531,49,,PVC,HT,#9,#3,Aromatics,0.9823715117729427,1.0255690115507343,25.1095244580515,-0.6924104609178464,0.22269058390039206,-9.895461597340226,0.6059080444206822,49,,,PET,HT,#6,#10,MeOH_1,1.3923588704425756,4.222687445274861,77.65765388768197,-0.7715277969515694,-1.8592358984691877,-50.93433528028751,0.34411699645272575,49,,,,,,,,,,,,,,,,,,,,,,,,,,,,,,,,,,,,,,,,,,,,,,,,,,,,,,,,,,,,,,,,,,,,,,,,,,,,,,,,,,,,,,,,,,,,,,,,,,,,,,,,,,,,,,,,,,,,,,,,,,,,,,,,,,,,,,,,,,,,,,,,,,,,,,,,,,,,,,,,
103,PET,LT,#1,#11,GASOLINE_1,1.0843953385027432,1.596363281327144,50.459013891977555,-0.6308488736906772,0.7711116781949234,-28.092139847060196,0.4432681560682155,PP,LT,#5,#6,DIESEL_1,1.2109998863788982,2.6223414032284196,82.7055133431655,0.025026113170872295,0.01696268380404681,-32.3231267877925,0.6091780888454691,50,,PP,HT,#8,#2,FT_1,1.1788933416698284,2.921359872220187,73.0441311362234,-0.19486671610068582,-0.5667495716937265,-32.43512257550714,0.5559516956260679,50,,PVC,HT,#9,#6,Aromatics,0.8749337515875765,0.7852825241102945,23.530952126183294,-0.5898047882153066,0.447764469834421,-8.454047625342524,0.6407264958932299,50,,,PET,HT,#6,#11,MeOH_1,1.414450378035824,4.2327426252235085,78.00218505771397,-0.7702561933114389,-1.8809495303603614,-51.255116556707485,0.34290152873558954,50,,,,,,,,,,,,,,,,,,,,,,,,,,,,,,,,,,,,,,,,,,,,,,,,,,,,,,,,,,,,,,,,,,,,,,,,,,,,,,,,,,,,,,,,,,,,,,,,,,,,,,,,,,,,,,,,,,,,,,,,,,,,,,,,,,,,,,,,,,,,,,,,,,,,,,,,,,,,,,,,
104,PET,LT,#2,#1,MeOH_1,1.7813625332329994,3.1877570003273226,88.11751336640002,-0.9840235430363263,0.3158749137822813,-38.75730489503833,0.5601634293300788,PP,LT,#8,#1,DIESEL_1,1.0454196127817148,1.5915872313234616,67.36463280113496,0.0629585741855827,0.7236221929147214,-23.08355944818614,0.6573341457032743,51,,PP,HT,#8,#8,FT_1,1.1827070228015268,3.1563937186301834,77.53710962612405,-0.20304563762316563,-0.7286243300850478,-35.82030555847262,0.5380237188206467,51,,PVC,HT,#9,#7,Aromatics,0.9528953691162495,1.0709584656292153,27.02151749977087,-0.661500547546242,0.17337273728606178,-12.257176941150167,0.5463919840455259,51,,,PET,HT,#7,#1,GASOLINE_1,1.3941609994802753,5.004055206348933,75.36925115099167,-0.7093464655707419,-2.5992831194237653,-46.53429176324399,0.382582537936869,51,,,,,,,,,,,,,,,,,,,,,,,,,,,,,,,,,,,,,,,,,,,,,,,,,,,,,,,,,,,,,,,,,,,,,,,,,,,,,,,,,,,,,,,,,,,,,,,,,,,,,,,,,,,,,,,,,,,,,,,,,,,,,,,,,,,,,,,,,,,,,,,,,,,,,,,,,,,,,,,,
105,PET,LT,#2,#2,FT_1,1.6083563834642756,2.4987489527610114,73.58112888640004,-0.9752641962338734,0.4203513207529813,-40.59034333332248,0.44835932870792405,PP,LT,#8,#2,DIESEL_1,1.0921181975079206,1.6582087153263325,68.71463504113495,0.022115106217752183,0.6258417083814171,-24.75547208211599,0.6397350860221187,52,,PP,HT,#9,#1,MeOH_1,1.152599220850055,3.0902224552804585,74.3177160818714,-0.20542775189929086,-0.5627985655878344,-29.45198042164526,0.6037017554576116,52,,PVC,HT,#9,#8,Aromatics,1.0196716772289316,1.2247779477498069,28.596478765802875,-0.7290533229910197,0.010612774769737869,-13.907302302482858,0.513670811837368,52,,,PET,HT,#7,#2,GASOLINE_1,1.7753763338216424,5.266989817358809,95.34192603099167,-0.8762449413481516,-2.78310248414203,-57.57185971175965,0.3961538002384654,52,,,,,,,,,,,,,,,,,,,,,,,,,,,,,,,,,,,,,,,,,,,,,,,,,,,,,,,,,,,,,,,,,,,,,,,,,,,,,,,,,,,,,,,,,,,,,,,,,,,,,,,,,,,,,,,,,,,,,,,,,,,,,,,,,,,,,,,,,,,,,,,,,,,,,,,,,,,,,,,,
106,PET,LT,#2,#3,GASOLINE_1,1.2163976860424697,1.910030306223899,52.71759216878948,-0.8199081134685137,0.5607423906715062,-30.869406893017665,0.41443822407174824,PP,LT,#8,#3,DIESEL_1,1.0316446708275593,1.3585360073674386,66.58289708377431,0.08284663763534127,0.9630837097155737,-22.040490797329078,0.6689766927744549,53,,PP,HT,#9,#7,MeOH_1,1.1491120827901036,2.8049754972609193,74.44083857177202,-0.20230838383757543,-0.26207472835709483,-30.748963081145707,0.5869342195614959,53,,PVC,HT,#9,#9,Aromatics,0.9651360691181844,1.075839737700956,28.19731116985719,-0.6721540623226542,0.1743538592297624,-13.242947120634136,0.530347165342815,53,,,PET,HT,#7,#3,GASOLINE_1,1.3805375334562389,4.217668977023334,75.76395506593776,-0.6659474527390137,-1.809159577026189,-45.65247702883933,0.3974380430759226,53,,,,,,,,,,,,,,,,,,,,,,,,,,,,,,,,,,,,,,,,,,,,,,,,,,,,,,,,,,,,,,,,,,,,,,,,,,,,,,,,,,,,,,,,,,,,,,,,,,,,,,,,,,,,,,,,,,,,,,,,,,,,,,,,,,,,,,,,,,,,,,,,,,,,,,,,,,,,,,,,
107,PET,LT,#2,#4,MeOH_1,1.7130609828251442,2.6249960508474635,85.79361976640001,-1.0774316876626597,0.19317404295504959,-48.74076076724367,0.4318836190854791,PP,LT,#8,#4,DIESEL_1,1.1024855945403742,1.7888358238205715,70.34822384113495,0.005416863660558277,0.5028374358319554,-26.407342546284365,0.6246196264184412,54,,PP,LT,#2,#1,DIESEL_1,1.2010062921417526,2.68539029259627,82.54578168183552,-0.03488962579316194,-0.22562059097742468,-35.148253337729614,0.5741968563190176,54,,PVC,LT,#1,#3,GASOLINE_1,0.7728449091788213,0.8918917143876399,28.37585995753366,-0.32353341506772737,0.4426927174474133,-10.647653133391765,0.6247636847191,54,,,PET,HT,#7,#4,GASOLINE_1,1.490197911189656,5.590790378954015,82.69137595099166,-0.8189941699336449,-3.2150834390910994,-54.12370164535614,0.3454734423885582,54,,,,,,,,,,,,,,,,,,,,,,,,,,,,,,,,,,,,,,,,,,,,,,,,,,,,,,,,,,,,,,,,,,,,,,,,,,,,,,,,,,,,,,,,,,,,,,,,,,,,,,,,,,,,,,,,,,,,,,,,,,,,,,,,,,,,,,,,,,,,,,,,,,,,,,,,,,,,,,,,
108,PET,LT,#2,#5,FT_1,1.780777991048303,2.379037794811339,87.16681895243202,-1.142459369898207,0.5158851737887847,-54.66391455464562,0.3728816169777128,PP,LT,#8,#5,DIESEL_1,1.1531419792074027,1.9020531898403588,71.34701488113495,-0.024809903081780077,0.39396290161682723,-26.595057664452714,0.627243582527448,55,,PP,LT,#2,#2,DIESEL_1,1.2477048768679586,2.75201177659914,83.89578392183552,-0.07573309376099274,-0.32340107551072805,-36.82016597165946,0.5611201868503396,55,,PVC,LT,#1,#8,GASOLINE_1,0.7982164845317015,1.0625504030754984,31.45561040959647,-0.35202602962474616,0.24017817362056254,-14.618131236926498,0.5352774577705603,55,,,PET,HT,#7,#5,FT_1,1.8356470463697183,5.7416697622602175,99.02756651099166,-0.9355967710173525,-3.2674585845360173,-61.604524420233595,0.3779052985877854,55,,,,,,,,,,,,,,,,,,,,,,,,,,,,,,,,,,,,,,,,,,,,,,,,,,,,,,,,,,,,,,,,,,,,,,,,,,,,,,,,,,,,,,,,,,,,,,,,,,,,,,,,,,,,,,,,,,,,,,,,,,,,,,,,,,,,,,,,,,,,,,,,,,,,,,,,,,,,,,,,
109,PET,LT,#2,#6,Olefin,1.0351459635433153,1.5565810152166044,45.49643398754556,-0.5969443981203816,0.9620021593703326,-22.181621394142088,0.5124536265806193,PP,LT,#8,#6,DIESEL_1,0.9368314293832822,0.8398352942142041,59.9830852379513,0.1712896162386798,1.4341277318498236,-15.991802051617977,0.7333948064161934,56,,PP,LT,#2,#4,DIESEL_1,1.2580722739004122,2.8826388850933804,85.52937272183553,-0.09243133631818651,-0.44640534806019067,-38.47203643582784,0.5501891898476886,56,,PVC,LT,#1,#10,GASOLINE_1,0.8026413759279633,1.1515021386783677,32.885880343564466,-0.3545677446983627,0.1568122261179939,-15.90429890594722,0.5163791043514036,56,,,PET,HT,#7,#6,GASOLINE_1,1.2592180918216398,3.7640274888715255,70.11384989931399,-0.564012032698745,-1.397789421346323,-40.63685900696603,0.4204160937486386,56,,,,,,,,,,,,,,,,,,,,,,,,,,,,,,,,,,,,,,,,,,,,,,,,,,,,,,,,,,,,,,,,,,,,,,,,,,,,,,,,,,,,,,,,,,,,,,,,,,,,,,,,,,,,,,,,,,,,,,,,,,,,,,,,,,,,,,,,,,,,,,,,,,,,,,,,,,,,,,,,
110,PET,LT,#2,#7,GASOLINE_1,1.1542328157471495,2.160104387670809,52.383630597465555,-0.7330168228350954,0.3453055462499592,-29.731564573999577,0.43242642339040044,PP,LT,#8,#7,DIESEL_1,1.037332167634509,1.492322009528912,67.00512774035131,0.07241306522428587,0.8220417830478319,-22.678315034449373,0.6615435892857464,57,,PP,LT,#2,#5,DIESEL_1,1.308728658567441,2.9958562511131657,86.5281637618355,-0.12265810306052528,-0.555279882275317,-38.659751553996195,0.5532119269235246,57,,PVC,LT,#1,#11,GASOLINE_1,0.8206565244671191,1.2400622701997563,33.36084738559648,-0.37445755489947813,0.058850331079390944,-16.539514365050287,0.5042237934222494,57,,,PET,HT,#7,#7,GASOLINE_1,1.3819252439202157,4.473038320884974,77.01778567883397,-0.6741394276459906,-2.0656968046196758,-47.925405106175624,0.37773587381457946,57,,,,,,,,,,,,,,,,,,,,,,,,,,,,,,,,,,,,,,,,,,,,,,,,,,,,,,,,,,,,,,,,,,,,,,,,,,,,,,,,,,,,,,,,,,,,,,,,,,,,,,,,,,,,,,,,,,,,,,,,,,,,,,,,,,,,,,,,,,,,,,,,,,,,,,,,,,,,,,,,
111,PET,LT,#2,#8,GASOLINE_1,1.2124389737881478,2.0064497377280412,54.463419098377564,-0.7800594182203089,0.5025467084653586,-31.944646591232242,0.4134660085601593,PP,LT,#8,#8,DIESEL_1,1.0989070862744452,1.5961208446390671,68.42643236638331,0.010162457689781234,0.6938595714517308,-24.59586970045462,0.6405501668016506,58,,PP,LT,#2,#7,DIESEL_1,1.1929188469945475,2.5861250708017205,82.18627662105187,-0.02543513475445934,-0.1272010008443141,-34.74300892399284,0.5772650818069367,58,,PVC,LT,#2,#3,Olefin,0.8445158143507245,1.1431064655946,30.21346492121366,-0.4391313927605868,0.16276666590255975,-11.765072877448217,0.6106016669015789,58,,,PET,HT,#7,#8,GASOLINE_1,1.4619669741362005,4.595312907422207,79.09757417974598,-0.74069705717608,-2.2168959591436694,-50.24233099987659,0.3648056653962236,58,,,,,,,,,,,,,,,,,,,,,,,,,,,,,,,,,,,,,,,,,,,,,,,,,,,,,,,,,,,,,,,,,,,,,,,,,,,,,,,,,,,,,,,,,,,,,,,,,,,,,,,,,,,,,,,,,,,,,,,,,,,,,,,,,,,,,,,,,,,,,,,,,,,,,,,,,,,,,,,,
112,PET,LT,#2,#9,GASOLINE_1,1.1336672191817283,2.15136440422025,51.61129475908835,-0.7075568130029379,0.4093893350435117,-28.442622970011026,0.4489070056704498,PP,LT,#8,#9,DIESEL_1,1.0239021462119642,1.3324031087948067,66.16716544927185,0.08984854032383481,0.9876415747717604,-21.63574786799127,0.673013832146419,59,,PP,LT,#2,#8,DIESEL_1,1.2544937656344834,2.6899239059118742,83.60758124708387,-0.08768574228896397,-0.25538321244041384,-36.660563589998105,0.5615162758786689,59,,PVC,LT,#2,#6,Olefin,0.7523495400983018,0.8408619490770103,28.004955930547204,-0.3529327254856914,0.42706529679556476,-9.444261453329952,0.6627646379179495,59,,,PET,HT,#7,#9,GASOLINE_1,1.361804788337158,4.288868552627195,75.97189910218387,-0.6453537307492795,-1.8772809772859156,-46.562383811506535,0.38711044002099887,59,,,,,,,,,,,,,,,,,,,,,,,,,,,,,,,,,,,,,,,,,,,,,,,,,,,,,,,,,,,,,,,,,,,,,,,,,,,,,,,,,,,,,,,,,,,,,,,,,,,,,,,,,,,,,,,,,,,,,,,,,,,,,,,,,,,,,,,,,,,,,,,,,,,,,,,,,,,,,,,,
113,PET,LT,#2,#10,GASOLINE_1,1.1849583011394182,2.0705405936786216,54.85794711234555,-0.7694133552247684,0.39008095769441514,-32.45139330894883,0.4084468155089642,PP,LT,#8,#10,DIESEL_1,1.0942863461114445,1.757820491832225,70.67439622035131,0.017117861836546098,0.5372114785373441,-26.707459253083712,0.6221055901232722,60,,PP,LT,#2,#10,DIESEL_1,1.249873025471483,2.8516235531050325,85.85554510105187,-0.08073033814219911,-0.4120313053548008,-38.77215314262716,0.5484024579077288,60,,PVC,LT,#2,#7,Olefin,0.8280641865961343,1.2375934599060514,32.168359067244474,-0.4256029879543541,0.06008837251331344,-14.217901982281898,0.5580159388123929,60,,,PET,HT,#7,#10,GASOLINE_1,1.4646709679241288,4.7190237195832205,80.39284331371397,-0.7637932759388493,-2.3350285828188313,-51.57060053469562,0.3585175196073907,60,,,,,,,,,,,,,,,,,,,,,,,,,,,,,,,,,,,,,,,,,,,,,,,,,,,,,,,,,,,,,,,,,,,,,,,,,,,,,,,,,,,,,,,,,,,,,,,,,,,,,,,,,,,,,,,,,,,,,,,,,,,,,,,,,,,,,,,,,,,,,,,,,,,,,,,,,,,,,,,,
114,PET,LT,#2,#11,GASOLINE_1,1.2184017973545918,2.04219086909058,55.49731797837755,-0.787894701844167,0.4584306238852462,-33.03727455530282,0.4047050243369499,PP,LT,#8,#11,DIESEL_1,1.108998799098645,1.7646830908383435,70.2355370203513,6.069680435700775e-05,0.5213437883276045,-26.4345299793226,0.6236302717858769,61,,PP,LT,#2,#11,DIESEL_1,1.264585478458683,2.8584861521111513,85.41668590105188,-0.09778750317438806,-0.4278989955645409,-38.49922386886606,0.5492774805912721,61,,PVC,LT,#2,#9,Olefin,0.8268686366516133,1.2088361265275391,33.83163041236878,-0.4203456360027046,0.09551236653107852,-15.61572564361531,0.538428226683801,61,,,PET,HT,#7,#11,GASOLINE_1,1.4867624755173776,4.729078899531868,80.73737448374598,-0.7625216722987186,-2.356742214710005,-51.89138181111563,0.3572817775792005,61,,,,,,,,,,,,,,,,,,,,,,,,,,,,,,,,,,,,,,,,,,,,,,,,,,,,,,,,,,,,,,,,,,,,,,,,,,,,,,,,,,,,,,,,,,,,,,,,,,,,,,,,,,,,,,,,,,,,,,,,,,,,,,,,,,,,,,,,,,,,,,,,,,,,,,,,,,,,,,,,
115,PET,LT,#3,#1,MeOH_1,1.8976486893756537,3.67763380029139,95.61827250390499,-1.072737930967416,-0.15739410046303928,-45.373484174580895,0.5254726634731047,PP,LT,#9,#1,DIESEL_1,1.0775147780559942,2.1066514809396653,67.58932420545496,-0.04564240728104452,0.21425568457133204,-22.84778772941144,0.6619615893782312,62,,PP,LT,#3,#1,DIESEL_1,1.3050986957363204,3.5344907692401564,90.93470181023186,-0.06620271180219361,-0.9283976934110781,-41.85841618541046,0.539687101270061,62,,PVC,LT,#3,#6,MeOH_1,0.808428730027226,1.2759504610460963,32.307570750430806,-0.3733479665756743,0.0690947232846564,-13.06003872421405,0.5957591852046041,62,,,PET,HT,#8,#2,BA_1,1.4191381243798038,2.864191426993153,68.38231261588606,-0.44359157019864454,-0.675524919387483,-26.313610490272595,0.6151985874171852,62,,,,,,,,,,,,,,,,,,,,,,,,,,,,,,,,,,,,,,,,,,,,,,,,,,,,,,,,,,,,,,,,,,,,,,,,,,,,,,,,,,,,,,,,,,,,,,,,,,,,,,,,,,,,,,,,,,,,,,,,,,,,,,,,,,,,,,,,,,,,,,,,,,,,,,,,,,,,,,,,
116,PET,LT,#3,#2,FT_1,1.7246425396069303,2.988625752725079,81.081888023905,-1.0639785841649638,-0.052917693492339254,-47.20652261286501,0.41779201541351213,PP,LT,#9,#2,DIESEL_1,1.1242133627822002,2.1732729649425364,68.93932644545497,-0.08648587524887533,0.11647520003802776,-24.51970036334129,0.6443292728898162,63,,PP,LT,#3,#2,DIESEL_1,1.3517972804625267,3.6011122532430266,92.28470405023185,-0.1070461797700247,-1.0261781779443822,-43.530328819340305,0.5283039668670754,63,,PVC,LT,#5,#6,GASOLINE_1,0.8205898663431734,1.1891324990840098,31.981566675982915,-0.38508347025443396,0.1983928674000165,-11.655750785361327,0.6355478484387569,63,,,PET,HT,#8,#4,BA_1,1.1339597017478174,3.1879919885883594,55.731762535886055,-0.3863407987841376,-1.1075058743365531,-22.865452423869076,0.5897231420028057,63,,,,,,,,,,,,,,,,,,,,,,,,,,,,,,,,,,,,,,,,,,,,,,,,,,,,,,,,,,,,,,,,,,,,,,,,,,,,,,,,,,,,,,,,,,,,,,,,,,,,,,,,,,,,,,,,,,,,,,,,,,,,,,,,,,,,,,,,,,,,,,,,,,,,,,,,,,,,,,,,
117,PET,LT,#3,#3,GASOLINE_1,1.3326838421851241,2.3999071061879675,60.21835130629446,-0.9086225013996037,0.08747337642618506,-37.48558617256023,0.377505604862982,PP,LT,#9,#3,DIESEL_1,1.0637398361018389,1.8736002569836423,66.80758848809432,-0.02575434383128638,0.45371720137218474,-21.804719078554374,0.6736191266290033,64,,PP,LT,#3,#3,DIESEL_1,1.2913237537821656,3.3014395452841327,90.15296609287122,-0.04631464835243562,-0.6889361766102254,-40.815347534553396,0.5472656163912855,64,,PVC,LT,#8,#3,Aromatics,0.8858347242626978,0.7877819611975826,24.169410392450715,-0.5860821256849897,0.45588661091213556,-9.102040000622313,0.6234066180006888,64,,,PET,HT,#8,#5,BA_1,1.47940883692788,3.338871371894561,72.06795309588608,-0.5029433998678453,-1.159881019781469,-30.34627519874652,0.5789213666389145,64,,,,,,,,,,,,,,,,,,,,,,,,,,,,,,,,,,,,,,,,,,,,,,,,,,,,,,,,,,,,,,,,,,,,,,,,,,,,,,,,,,,,,,,,,,,,,,,,,,,,,,,,,,,,,,,,,,,,,,,,,,,,,,,,,,,,,,,,,,,,,,,,,,,,,,,,,,,,,,,,
118,PET,LT,#3,#4,MeOH_1,1.8293471389677989,3.1148728508115315,93.29437890390497,-1.1661460755937498,-0.28009497129027155,-55.35694004678622,0.4066422790187076,PP,LT,#9,#6,DIESEL_1,0.9689265946575616,1.3548995438304081,60.20777664227132,0.06268863477205244,0.9247612235064343,-15.75603033284329,0.7383057270747792,65,,PP,LT,#3,#4,DIESEL_1,1.3621646774949805,3.731739361737267,93.91829285023185,-0.12374442232721862,-1.1491824504938444,-45.18219928350868,0.51892013885347,65,,PVC,LT,#8,#6,Aromatics,0.7936684500102751,0.4855374446799934,21.960901401784263,-0.49988345841009446,0.7201852418051401,-6.781228576504053,0.691213559387271,65,,,PET,HT,#8,#10,BA_1,1.1084327584822904,2.316225329217565,53.43322989860837,-0.33113990478934197,-0.2274510180642846,-20.312351313208584,0.6198554466620854,65,,,,,,,,,,,,,,,,,,,,,,,,,,,,,,,,,,,,,,,,,,,,,,,,,,,,,,,,,,,,,,,,,,,,,,,,,,,,,,,,,,,,,,,,,,,,,,,,,,,,,,,,,,,,,,,,,,,,,,,,,,,,,,,,,,,,,,,,,,,,,,,,,,,,,,,,,,,,,,,,
119,PET,LT,#3,#5,FT_1,1.8970641471909577,2.868914594775407,94.66757808993698,-1.2311737578292974,0.042616159543463886,-61.28009383418817,0.3526812973289516,PP,LT,#9,#7,DIESEL_1,1.0694273329087887,2.0073862591451164,67.22981914467131,-0.03618791624234149,0.312675274704442,-22.442543315674662,0.6661817092296392,66,,PP,LT,#3,#5,DIESEL_1,1.4128210621620085,3.844956727757054,94.91708389023185,-0.15397118906955712,-1.2580569847089729,-45.36991440167704,0.5220047588677956,66,,PVC,LT,#8,#7,Aromatics,0.8693830965081076,0.882268955509034,26.124304538481525,-0.5725537208787571,0.3532083175228892,-11.55486910545599,0.5576965852455333,66,,,PET,HT,#8,#11,BA_1,1.1305242660755392,2.326280509166212,53.77776106864037,-0.3298683011492115,-0.24916464995545745,-20.633132589628573,0.6163259276768135,66,,,,,,,,,,,,,,,,,,,,,,,,,,,,,,,,,,,,,,,,,,,,,,,,,,,,,,,,,,,,,,,,,,,,,,,,,,,,,,,,,,,,,,,,,,,,,,,,,,,,,,,,,,,,,,,,,,,,,,,,,,,,,,,,,,,,,,,,,,,,,,,,,,,,,,,,,,,,,,,,
120,PET,LT,#3,#6,GASOLINE_1,1.1514321196859696,2.0464578151806725,52.997193125050536,-0.685658786051472,0.4887331451250115,-28.797800673684648,0.4566164927690745,PP,LT,#9,#8,DIESEL_1,1.131002251548725,2.1111850942552706,68.65112377070331,-0.09843852377684655,0.184493063108342,-24.360097981679925,0.6451609727024522,67,,PP,LT,#3,#6,DIESEL_1,1.1965105123378876,2.7827388321308995,83.55315424704821,0.04212833025090333,-0.21789215447597654,-34.7666587888423,0.5838977103599826,67,,PVC,LT,#8,#8,Aromatics,0.9112062996155781,0.9584406498854423,27.249160844513522,-0.6145747402420086,0.2533720670852837,-13.072518104157043,0.5202597915308234,67,,,PET,LT,#1,#2,FT_1,1.3275498057222967,2.7775983908626753,66.63449611344002,-0.5184074280354543,-0.44612877904615345,-33.628372999253905,0.495330872735884,67,,,,,,,,,,,,,,,,,,,,,,,,,,,,,,,,,,,,,,,,,,,,,,,,,,,,,,,,,,,,,,,,,,,,,,,,,,,,,,,,,,,,,,,,,,,,,,,,,,,,,,,,,,,,,,,,,,,,,,,,,,,,,,,,,,,,,,,,,,,,,,,,,,,,,,,,,,,,,,,,
121,PET,LT,#3,#7,MeOH_1,1.2705189718898042,2.649981187634877,59.88438973497053,-0.8217312107661857,-0.12796346799536168,-36.34774385354215,0.393034745542105,PP,LT,#9,#9,DIESEL_1,1.0559973114862438,1.8474673584110108,66.39185685359185,-0.018752441142792974,0.47827506642837075,-21.399976149216574,0.6776716729521804,68,,PP,LT,#3,#7,DIESEL_1,1.297011250589115,3.435225547445607,90.57519674944822,-0.05674822076349073,-0.8299781032779678,-41.45317177167369,0.5423341791203317,68,,PVC,LT,#8,#9,Aromatics,0.8681875465635865,0.8535116221305222,27.787575883605843,-0.5672963689271078,0.3886323115406537,-12.952692766789408,0.533867480162915,68,,,PET,LT,#1,#4,MeOH_1,1.3982708116730251,3.7529576297491283,78.84698699344,-0.5910120932348427,-1.3167881418348748,-41.778790433175104,0.47012825694086363,68,,,,,,,,,,,,,,,,,,,,,,,,,,,,,,,,,,,,,,,,,,,,,,,,,,,,,,,,,,,,,,,,,,,,,,,,,,,,,,,,,,,,,,,,,,,,,,,,,,,,,,,,,,,,,,,,,,,,,,,,,,,,,,,,,,,,,,,,,,,,,,,,,,,,,,,,,,,,,,,,
122,PET,LT,#3,#8,GASOLINE_1,1.3287251299308023,2.4963265376921093,61.96417823588254,-0.868773806151399,0.02927769422003746,-38.560825870774806,0.3776916442919145,PP,LT,#9,#10,DIESEL_1,1.1263815113857238,2.2728847414484292,70.89908762467132,-0.09148311963008111,0.027844970193954408,-26.47168753430901,0.6266286574173425,69,,PP,LT,#3,#8,DIESEL_1,1.358586169229051,3.5390243825557612,91.9965013754802,-0.11899882829799567,-0.9581603148740682,-43.37072643767894,0.5285611323341202,69,,PVC,LT,#8,#10,Aromatics,0.91563119101184,1.0473923854883107,28.679430778481528,-0.6171164553156253,0.17000611958271594,-14.358685773177774,0.4993385369436536,69,,,PET,LT,#1,#5,FT_1,1.4540992183275414,4.004544768913003,80.22018617947201,-0.6451763283035501,-1.6941249574423618,-47.70194422057705,0.40536233468897415,69,,,,,,,,,,,,,,,,,,,,,,,,,,,,,,,,,,,,,,,,,,,,,,,,,,,,,,,,,,,,,,,,,,,,,,,,,,,,,,,,,,,,,,,,,,,,,,,,,,,,,,,,,,,,,,,,,,,,,,,,,,,,,,,,,,,,,,,,,,,,,,,,,,,,,,,,,,,,,,,,
123,PET,LT,#3,#9,GASOLINE_1,1.2499533753243828,2.6412412041843187,59.11205389659332,-0.7962712009340279,-0.06387967920180976,-35.05880224955357,0.4069094213697413,PP,LT,#9,#11,DIESEL_1,1.1410939643729245,2.2797473404545476,70.4602284246713,-0.10854028466227064,0.011977279984214903,-26.19875826054789,0.6281766487805691,70,,PP,LT,#3,#9,DIESEL_1,1.2835812291665702,3.275306646711502,89.73723445836877,-0.03931274566394208,-0.6643783115540397,-40.410604605215624,0.5496785158454705,70,,PVC,LT,#8,#11,Aromatics,0.9336463395509955,1.1359525170097002,29.154397820513523,-0.6370062655167406,0.07204422454411209,-14.993901232280832,0.48570705097085315,70,,,PET,LT,#2,#1,MeOH_1,1.7132212069220871,2.968425647346854,86.05377563760003,-0.7330865237289359,-0.20809320389246405,-36.39036334007329,0.5771206658807772,70,,,,,,,,,,,,,,,,,,,,,,,,,,,,,,,,,,,,,,,,,,,,,,,,,,,,,,,,,,,,,,,,,,,,,,,,,,,,,,,,,,,,,,,,,,,,,,,,,,,,,,,,,,,,,,,,,,,,,,,,,,,,,,,,,,,,,,,,,,,,,,,,,,,,,,,,,,,,,,,,
124,PET,LT,#3,#10,MeOH_1,1.3012444572820732,2.5604173936426897,62.35870624985053,-0.8581277431558588,-0.0831880565509057,-39.06757258849139,0.37350251571992754,PP,HT,#6,-,Olefin,0.7822449556447606,1.4002338773965535,64.00055207228964,0.0772773451408645,0.909575790523029,-18.62617938483567,0.7089684575877235,71,,PP,LT,#3,#10,DIESEL_1,1.3539654290660503,3.700724029748919,94.24446522944821,-0.11204342415123023,-1.1148084077884546,-45.48231599030801,0.5174006677254048,71,,PVC,LT,#9,#3,Aromatics,0.9567818909380669,1.1012309460763137,26.312149232450714,-0.6710245547613872,0.13869084386404573,-11.31901852547788,0.5698177892850289,71,,,PET,LT,#2,#2,FT_1,1.4511742512996593,3.186670924580542,71.51739115760002,-0.7047877069037349,-0.8606507966242003,-38.22340177835742,0.4655369671675238,71,,,,,,,,,,,,,,,,,,,,,,,,,,,,,,,,,,,,,,,,,,,,,,,,,,,,,,,,,,,,,,,,,,,,,,,,,,,,,,,,,,,,,,,,,,,,,,,,,,,,,,,,,,,,,,,,,,,,,,,,,,,,,,,,,,,,,,,,,,,,,,,,,,,,,,,,,,,,,,,,
125,PET,LT,#3,#11,GASOLINE_1,1.3346879534972462,2.532067669054648,62.99807711588253,-0.8766090897752571,-0.014838390360074937,-39.65345383484538,0.37056088613777244,PP,LT,#6,-,DIESEL_1,1.0813979899845472,1.943609097517697,75.43159242937188,0.09013775000996446,0.4768360207645917,-27.69083442185991,0.6329013675829872,72,,PP,LT,#3,#11,DIESEL_1,1.368677882053251,3.707586628755038,93.80560602944819,-0.12910058918341988,-1.1306760979981945,-45.209386716546895,0.5180523997429918,72,,PVC,LT,#9,#6,Aromatics,0.8646156166856442,0.7989864295587245,24.10364024178426,-0.5848258874864919,0.4029894747570501,-8.998207101359617,0.6266867987117979,,,,PET,LT,#2,#4,MeOH_1,1.5218952572503877,4.162030163466995,83.7298820376,-0.7773923721031232,-1.7313101594129217,-46.37381921227863,0.44614971281753557,72,,,,,,,,,,,,,,,,,,,,,,,,,,,,,,,,,,,,,,,,,,,,,,,,,,,,,,,,,,,,,,,,,,,,,,,,,,,,,,,,,,,,,,,,,,,,,,,,,,,,,,,,,,,,,,,,,,,,,,,,,,,,,,,,,,,,,,,,,,,,,,,,,,,,,,,,,,,,,,,,
126,PET,LT,#4,#1,MeOH_1,1.98613198553415,3.6159656620065967,97.93896420481698,-1.1398725498237172,-0.09785427959430457,-48.4008907961285,0.5058055678952343,PP,OG,#1,-,MeOH_1,0.7030391115167872,2.2283474767511042,57.7485152,-0.16027876097713112,0.044118532792051135,-31.2642130105518,0.4586144266692453,73,,PP,LT,#4,#1,DIESEL_1,1.3749494793340835,3.784393146190534,93.32861221023185,-0.14339504782114418,-1.2500890208612832,-45.47172313897122,0.5127783210089772,73,,PVC,LT,#9,#7,Aromatics,0.9403302631834767,1.195717940387765,28.267043378481528,-0.6574961499551545,0.036012550474799426,-13.771847630311553,0.5127949023209316,,,,PET,LT,#2,#5,FT_1,1.577723663904904,4.41361730263087,85.103081223632,-0.8315566071718307,-2.10864697502041,-52.296972999680584,0.38548672682889423,73,,,,,,,,,,,,,,,,,,,,,,,,,,,,,,,,,,,,,,,,,,,,,,,,,,,,,,,,,,,,,,,,,,,,,,,,,,,,,,,,,,,,,,,,,,,,,,,,,,,,,,,,,,,,,,,,,,,,,,,,,,,,,,,,,,,,,,,,,,,,,,,,,,,,,,,,,,,,,,,,
127,PET,LT,#4,#2,FT_1,1.8131258357654267,2.926957614440285,83.402579724817,-1.1311132030212647,0.00662212737639606,-50.23392923441264,0.3976933399403568,PP,OG,#3,-,H2_1,0.7266835067935711,2.242929154991412,55.734171419216345,-0.20407159906625383,0.2767443987515989,-24.770703536463447,0.5555562609849285,74,,PP,LT,#4,#2,DIESEL_1,1.4216480640602895,3.851014630193405,94.67861445023186,-0.18423851578897485,-1.3478695053945873,-47.143635772901106,0.5020666911250342,74,,PVC,LT,#9,#9,Aromatics,0.9391347132389557,1.1669606070092529,29.93031472360584,-0.6522387980035051,0.07143654449256436,-15.169671291644969,0.49316699701521177,,,,PET,LT,#2,#10,GASOLINE_1,0.979036592719811,2.250683496058154,52.79420938354555,-0.46889886164351596,-0.05113933129681021,-30.084451753983792,0.4301562215768258,74,,,,,,,,,,,,,,,,,,,,,,,,,,,,,,,,,,,,,,,,,,,,,,,,,,,,,,,,,,,,,,,,,,,,,,,,,,,,,,,,,,,,,,,,,,,,,,,,,,,,,,,,,,,,,,,,,,,,,,,,,,,,,,,,,,,,,,,,,,,,,,,,,,,,,,,,,,,,,,,,
128,PET,LT,#4,#3,GASOLINE_1,1.4211671383436204,2.3382389679031736,62.53904300720645,-0.9757571202559047,0.1470131972949201,-40.512992794107845,0.3521967902604541,PP,OG,#6,-,MeOH_1,0.7293666504404509,2.1154372125163654,66.13528103252321,-0.13720293059693062,0.18679021868795426,-40.19137827825222,0.39228536341310183,75,,PP,LT,#4,#3,DIESEL_1,1.3611745373799282,3.551341922234511,92.5468764928712,-0.1235069843713859,-1.0106275040604302,-44.42865448811417,0.5199335064372869,75,,PVC,HT,#6,-,Olefin,0.6641286286672873,0.7806218503848547,26.50022623483424,-0.33052377039586867,0.45655628800437065,-11.457617534942631,0.5676407652746102,,,,PET,LT,#2,#11,GASOLINE_1,1.0129091890484572,2.3246712255501123,53.43358024957755,-0.4866338334219463,-0.13591647105155916,-30.670333000337777,0.42601014461163195,75,,,,,,,,,,,,,,,,,,,,,,,,,,,,,,,,,,,,,,,,,,,,,,,,,,,,,,,,,,,,,,,,,,,,,,,,,,,,,,,,,,,,,,,,,,,,,,,,,,,,,,,,,,,,,,,,,,,,,,,,,,,,,,,,,,,,,,,,,,,,,,,,,,,,,,,,,,,,,,,,
129,PET,LT,#4,#4,MeOH_1,1.9178304351262951,3.0532047125267376,95.61507060481696,-1.233280694450051,-0.22055515042153626,-58.38434666833385,0.3893813360276647,PVC,HT,#1,#3,DIESEL_1,0.7132515845542933,0.7717591268562218,25.933220992302438,-0.2935150446887842,0.5355577126646195,-9.68800077787287,0.6264250869281341,76,,PP,LT,#4,#4,DIESEL_1,1.432015461092743,3.9816417386876446,96.31220325023189,-0.2009367583461686,-1.4708737779440495,-48.79550623706949,0.4933611256894177,76,,PVC,HT,#9,-,DIESEL_1,0.7854851745450494,1.2011717190332059,31.930126491921264,-0.3703445634061149,0.19834496890101522,-14.287718946536963,0.5525317148320117,,,,PET,LT,#3,#1,MeOH_1,1.8198124594863987,3.743595810897811,93.76835768150498,-0.8156423097416374,-0.8751079772621984,-42.95070215854508,0.5419488703808583,76,,,,,,,,,,,,,,,,,,,,,,,,,,,,,,,,,,,,,,,,,,,,,,,,,,,,,,,,,,,,,,,,,,,,,,,,,,,,,,,,,,,,,,,,,,,,,,,,,,,,,,,,,,,,,,,,,,,,,,,,,,,,,,,,,,,,,,,,,,,,,,,,,,,,,,,,,,,,,,,,
130,PET,LT,#4,#5,FT_1,1.9855474433494535,2.8072464564906126,96.98826979084897,-1.298308376685598,0.10215598041219891,-64.30750045573579,0.336955895858209,PVC,HT,#1,#6,DIESEL_1,0.6058138243689274,0.5314726394157826,24.354648660434236,-0.19090937198624458,0.7606315985986478,-8.246586805875173,0.6613957802942029,77,,PP,LT,#4,#5,DIESEL_1,1.4826718457597714,4.094859104707432,97.31099429023186,-0.23116352508850724,-1.5797483121591767,-48.98322135523784,0.4966321974971865,77,,PVC,LT,#6,-,Olefin,0.7251147316566652,0.8039582634230107,27.6354195844672,-0.3428388805524564,0.45660444013811796,-9.318691112810793,0.6627990002348845,,,,PET,LT,#3,#2,FT_1,1.5577655038639704,3.961841088131499,79.231973201505,-0.7873434929164358,-1.5276655699939359,-44.78374059682924,0.43477691155142684,77,,,,,,,,,,,,,,,,,,,,,,,,,,,,,,,,,,,,,,,,,,,,,,,,,,,,,,,,,,,,,,,,,,,,,,,,,,,,,,,,,,,,,,,,,,,,,,,,,,,,,,,,,,,,,,,,,,,,,,,,,,,,,,,,,,,,,,,,,,,,,,,,,,,,,,,,,,,,,,,,
131,PET,LT,#4,#6,GASOLINE_1,1.2399154158444659,1.9847896768958786,55.31788482596254,-0.7527934049077726,0.5482729659937466,-31.825207295232268,0.42468502916627004,PVC,HT,#1,#7,DIESEL_1,0.6837754418976004,0.8171485809347028,27.845214034021808,-0.26260513131718,0.4862398660502891,-12.049716121682808,0.5672607828777959,78,,PP,LT,#4,#6,DIESEL_1,1.266361295935651,3.0326412090812767,85.94706464704822,-0.03506400576804694,-0.5395834819261808,-38.3799657424031,0.5534464626568113,78,,PVC,LT,#9,-,GASOLINE_1,0.85730882287855,1.4078704649140246,35.09543197308448,-0.41445633165815926,0.017401395292901994,-15.242743587627103,0.5656772767659015,,,,PET,LT,#3,#3,GASOLINE_1,1.1198569069753561,2.8564669023943887,58.368436483894435,-0.5995696803393653,-0.5538291824301046,-35.06280415652442,0.3992848486493334,78,,,,,,,,,,,,,,,,,,,,,,,,,,,,,,,,,,,,,,,,,,,,,,,,,,,,,,,,,,,,,,,,,,,,,,,,,,,,,,,,,,,,,,,,,,,,,,,,,,,,,,,,,,,,,,,,,,,,,,,,,,,,,,,,,,,,,,,,,,,,,,,,,,,,,,,,,,,,,,,,
132,PET,LT,#4,#7,GASOLINE_1,1.3590022680483,2.588313049350083,62.20508143588254,-0.8888658296224864,-0.06842364712662637,-39.375150475089775,0.3670107077076101,PVC,HT,#1,#9,DIESEL_1,0.6960161418995355,0.8220298530064437,29.021007704108133,-0.27325864609359224,0.48722098799398966,-13.035486301166785,0.5508258557361702,79,,PP,LT,#4,#7,DIESEL_1,1.3668620341868776,3.685127924395984,92.96910714944822,-0.13394055678244085,-1.1516694307281719,-45.06647872523448,0.5152531834817997,79,,PVC,OG,#3,-,H2_1,0.5910900335715253,1.0572215858264429,23.556914238371533,-0.4073049937038084,0.21887980595197484,-14.281109134366208,0.39376146680943863,,,,PET,LT,#3,#4,MeOH_1,1.628486509814699,4.937200327017951,91.44446408150498,-0.859948158115824,-2.398324932782656,-52.93415803075044,0.42113326856429584,79,,,,,,,,,,,,,,,,,,,,,,,,,,,,,,,,,,,,,,,,,,,,,,,,,,,,,,,,,,,,,,,,,,,,,,,,,,,,,,,,,,,,,,,,,,,,,,,,,,,,,,,,,,,,,,,,,,,,,,,,,,,,,,,,,,,,,,,,,,,,,,,,,,,,,,,,,,,,,,,,
133,PET,LT,#4,#8,GASOLINE_1,1.4172084260892985,2.4346583994073154,64.28486993679454,-0.9359084250076999,0.08881751508877278,-41.58823249232241,0.3530634419387899,PVC,LT,#1,#6,GASOLINE_1,0.6806786349263984,0.5896471978700503,26.1673509668672,-0.2373347477928317,0.7069913483404182,-8.326841709273495,0.6817850717935933,80,,PP,LT,#4,#8,DIESEL_1,1.4284369528268144,3.7889267595061393,94.39041177548023,-0.19619116431694608,-1.2798516423242734,-46.98403339123975,0.5022372240201968,80,,PVC,OG,#6,-,MeOH_1,0.5651563791741954,0.8107699049045326,19.950742104113978,-0.3798293678245177,0.3784360696965776,-11.985859224907276,0.3992273990431809,,,,PET,LT,#3,#5,FT_1,1.684314916469215,5.188787466181827,92.81766326753696,-0.9141123931845316,-2.775661748390144,-58.85731181815237,0.3658824220934923,80,,,,,,,,,,,,,,,,,,,,,,,,,,,,,,,,,,,,,,,,,,,,,,,,,,,,,,,,,,,,,,,,,,,,,,,,,,,,,,,,,,,,,,,,,,,,,,,,,,,,,,,,,,,,,,,,,,,,,,,,,,,,,,,,,,,,,,,,,,,,,,,,,,,,,,,,,,,,,,,,
134,PET,LT,#4,#9,GASOLINE_1,1.3384366714828793,2.579573065899524,61.432745597505324,-0.8634058197903289,-0.004339858333073854,-38.08620887110119,0.38003407627856683,PVC,LT,#1,#7,GASOLINE_1,0.7563932814242312,0.9863787086990911,30.330754103564473,-0.3100050102614948,0.34001442405816706,-13.10048223822544,0.5680792441396677,81,,PP,LT,#4,#9,DIESEL_1,1.353432012764333,3.5252090236618794,92.13114485836876,-0.11650508168289235,-0.9860696390042439,-44.0239115587764,0.522160376640783,81,,PVC,OG,#7,-,FT_1,0.7861624730876153,0.996475134716019,28.94746530411398,-0.4890341933408446,0.2067203100595489,-17.985920508087162,0.37867028013913795,,,,PET,LT,#3,#7,MeOH_1,1.06493767766417,2.8283771105612976,58.03447491257052,-0.5197692652272707,-0.5003461608605051,-33.92496183750636,0.4154343278092096,81,,,,,,,,,,,,,,,,,,,,,,,,,,,,,,,,,,,,,,,,,,,,,,,,,,,,,,,,,,,,,,,,,,,,,,,,,,,,,,,,,,,,,,,,,,,,,,,,,,,,,,,,,,,,,,,,,,,,,,,,,,,,,,,,,,,,,,,,,,,,,,,,,,,,,,,,,,,,,,,,
135,PET,LT,#4,#10,GASOLINE_1,1.389727753440569,2.4987492553578963,64.67939795076255,-0.9252623620121594,-0.023648235682170986,-42.09497921003902,0.34917484479240213,PVC,LT,#1,#9,GASOLINE_1,0.75519773147971,0.9576213753205792,31.994025448688777,-0.30474765830984524,0.37543841807593165,-14.498305899558849,0.5468433341465309,82,,PP,LT,#4,#10,DIESEL_1,1.423816212663813,3.9506264066992967,96.63837562944822,-0.1892357601701805,-1.4364997352386597,-49.09562294386881,0.49196556105079964,82,,PVC,OG,#8,-,H2_1,0.595543241815421,1.0210180681126837,24.934495810327896,-0.39808381654738145,0.2664283767983322,-15.23380217648736,0.3890471139914728,,,,PET,LT,#3,#8,GASOLINE_1,1.1449794078801547,2.950651697098531,60.11426341348253,-0.5919464042526501,-0.6495178959190795,-36.13804385473901,0.39884410449860214,82,,,,,,,,,,,,,,,,,,,,,,,,,,,,,,,,,,,,,,,,,,,,,,,,,,,,,,,,,,,,,,,,,,,,,,,,,,,,,,,,,,,,,,,,,,,,,,,,,,,,,,,,,,,,,,,,,,,,,,,,,,,,,,,,,,,,,,,,,,,,,,,,,,,,,,,,,,,,,,,,
136,PET,LT,#4,#11,GASOLINE_1,1.4231712496557423,2.4703995307698543,65.31876881679453,-0.9437437086315579,0.04470143050866038,-42.68086045639299,0.3465758582176607,PS,HT,#1,-,GASOLINE_1,1.1200964840724559,1.0450661499777416,69.51046027905659,0.2382785474257163,2.1793201906081556,-16.012844378944973,0.7696340332856403,83,,PP,LT,#4,#11,DIESEL_1,1.4385286656510134,3.9574890057054155,96.19951642944822,-0.20629292520236972,-1.4523674254483996,-48.82269367010772,0.49248504065076254,83,,PS,OG,#7,-,FT_1,1.032910845834189,2.08109517100872,69.39587467555754,-0.3470526821689887,0.6991431686990198,-44.68298242913264,0.3561147166450979,,,,PET,LT,#3,#9,GASOLINE_1,1.0460082060631268,2.7364367431107404,57.26213907419333,-0.48710204158546605,-0.3888085019622779,-32.63602023351779,0.43005935926997063,83,,,,,,,,,,,,,,,,,,,,,,,,,,,,,,,,,,,,,,,,,,,,,,,,,,,,,,,,,,,,,,,,,,,,,,,,,,,,,,,,,,,,,,,,,,,,,,,,,,,,,,,,,,,,,,,,,,,,,,,,,,,,,,,,,,,,,,,,,,,,,,,,,,,,,,,,,,,,,,,,
137,PET,LT,#5,#1,MeOH_1,1.8851470255364973,3.561230517196628,94.54626302729075,-1.0557473082131266,0.06312566086723238,-43.27357400038806,0.5423026504189049,PS,HT,#2,-,GASOLINE_1,1.1165537130491798,1.5849850852138736,69.6255271510566,0.14314297776401616,1.5684060227310055,-16.949204962458445,0.7565662242572876,84,,PP,LT,#5,#1,DIESEL_1,1.3195880697773315,3.374093340337677,90.08706090634918,-0.08330492888222508,-0.6935428551310551,-39.41488418436066,0.562480074410078,84,,PE,LT,#2,#1,WAX_1,1.2281853647630432,2.3039789948890834,79.73041881292106,-0.39342976996323725,0.1971013516309792,-28.248665703780045,0.6456977634839404,,,,PET,LT,#3,#10,MeOH_1,1.0856278452841224,3.0258536596091115,60.50879142745053,-0.551454647656217,-0.7181541046665454,-36.644790572455605,0.3943889853362489,84,,,,,,,,,,,,,,,,,,,,,,,,,,,,,,,,,,,,,,,,,,,,,,,,,,,,,,,,,,,,,,,,,,,,,,,,,,,,,,,,,,,,,,,,,,,,,,,,,,,,,,,,,,,,,,,,,,,,,,,,,,,,,,,,,,,,,,,,,,,,,,,,,,,,,,,,,,,,,,,,
138,PET,LT,#5,#2,FT_1,1.7121408757677736,2.8722224696303167,80.00987854729077,-1.0469879614106736,0.16760206783793272,-45.1066124386722,0.4362369590148619,PS,HT,#3,-,GASOLINE_1,1.223860484519215,2.5077977874158566,78.83151525057012,0.10112150004426824,0.7988080079995266,-25.412972387944556,0.677629279265176,85,,PP,LT,#5,#2,DIESEL_1,1.366286654503537,3.4407148243405485,91.43706314634919,-0.1241483968500556,-0.79132333966436,-41.08679681829053,0.5506548941480192,85,,PE,LT,#2,#2,WAX_1,1.3044805188384643,2.420220634862136,76.69080876768113,-0.45781140722523345,0.07591970037836254,-24.899110728834614,0.6753312277060306,,,,PET,LT,#3,#11,GASOLINE_1,1.1195004416127685,3.0998413891010697,61.148162293482535,-0.5691896194346475,-0.8029312444212937,-37.2306718188096,0.3911399717931046,85,,,,,,,,,,,,,,,,,,,,,,,,,,,,,,,,,,,,,,,,,,,,,,,,,,,,,,,,,,,,,,,,,,,,,,,,,,,,,,,,,,,,,,,,,,,,,,,,,,,,,,,,,,,,,,,,,,,,,,,,,,,,,,,,,,,,,,,,,,,,,,,,,,,,,,,,,,,,,,,,
139,PET,LT,#5,#3,GASOLINE_1,1.320182178345969,2.2835038230932043,59.146341829680225,-0.8916318786453153,0.3079931377564573,-35.38567599836741,0.40172671878397515,PS,HT,#4,-,GASOLINE_1,1.300996684310366,2.8429942963183854,81.75968659660211,0.019523333255315266,0.385526067286416,-29.136863476445097,0.6436279945616131,86,,PP,LT,#5,#3,DIESEL_1,1.3058131278231762,3.141042116381654,89.30532518898855,-0.06341686543246682,-0.454081338330203,-38.37181553350362,0.5703300396443223,86,,PE,LT,#2,#3,WAX_1,1.2148894654200282,2.1624140803770517,76.79636100492105,-0.37672071102103016,0.3405159693844268,-25.200598944454303,0.6718516526734976,,,,PET,LT,#4,#1,MeOH_1,1.9031691581867805,3.976670300453018,96.08904938241696,-0.8857844224991124,-1.1668366296644939,-45.97810878009269,0.5215052175497317,86,,,,,,,,,,,,,,,,,,,,,,,,,,,,,,,,,,,,,,,,,,,,,,,,,,,,,,,,,,,,,,,,,,,,,,,,,,,,,,,,,,,,,,,,,,,,,,,,,,,,,,,,,,,,,,,,,,,,,,,,,,,,,,,,,,,,,,,,,,,,,,,,,,,,,,,,,,,,,,,,
140,PET,LT,#5,#4,MeOH_1,1.816845475128642,2.9984695677167683,92.22236942729074,-1.1491554528394599,-0.05957520995999902,-53.257029872593414,0.4225150556928391,PS,HT,#5,-,GASOLINE_1,1.2443873240132337,2.416119329262354,77.98764718678802,0.07463156962206896,0.9857007000633102,-21.83442257151072,0.7200271663637301,87,,PP,LT,#5,#4,DIESEL_1,1.3766540515359906,3.5713419328347875,93.07065194634919,-0.14084663940724965,-0.9143276122138211,-42.738667282458884,0.5407932963970672,87,,PE,LT,#2,#4,WAX_1,1.2216020143404343,2.2037955975672787,80.01824825292105,-0.3869715567982182,0.2856320660660973,-28.734279044943992,0.6409034230027018,,,,PET,LT,#4,#2,FT_1,1.6411222025643522,4.1949155776867055,81.552664902417,-0.8574856056739109,-1.8193942223962307,-47.81114721837687,0.4137389958306578,87,,,,,,,,,,,,,,,,,,,,,,,,,,,,,,,,,,,,,,,,,,,,,,,,,,,,,,,,,,,,,,,,,,,,,,,,,,,,,,,,,,,,,,,,,,,,,,,,,,,,,,,,,,,,,,,,,,,,,,,,,,,,,,,,,,,,,,,,,,,,,,,,,,,,,,,,,,,,,,,,
141,PET,LT,#5,#5,FT_1,1.8845624833518007,2.7525113116806437,93.59556861332275,-1.2141831350750072,0.26313592087373616,-59.180183659995365,0.36770314517250097,PS,HT,#8,-,Aromatics,0.9880000801879059,1.0392503298271818,55.65288202818166,-0.16502812837077285,1.808765922692396,-18.724501850097795,0.663548388372483,88,,PP,LT,#5,#5,DIESEL_1,1.4273104362030193,3.684559298854574,94.06944298634916,-0.17107340614958846,-1.023202146428949,-42.92638240062725,0.5436734710244167,88,,PE,LT,#2,#5,WAX_1,1.2927004746076771,2.4098433799091814,73.91122910894133,-0.43868694221151044,0.09294794373022437,-21.754757303924727,0.7056637054180314,,,,PET,LT,#4,#3,GASOLINE_1,1.2032136056757374,3.089541391949594,60.68912818480645,-0.6697117930968398,-0.8455578348323983,-38.090210778072056,0.37237175887446744,88,,,,,,,,,,,,,,,,,,,,,,,,,,,,,,,,,,,,,,,,,,,,,,,,,,,,,,,,,,,,,,,,,,,,,,,,,,,,,,,,,,,,,,,,,,,,,,,,,,,,,,,,,,,,,,,,,,,,,,,,,,,,,,,,,,,,,,,,,,,,,,,,,,,,,,,,,,,,,,,,
142,PET,LT,#5,#6,GASOLINE_1,1.1389304558468147,1.9300545320859095,51.925183648436295,-0.6686681632971836,0.7092529064552839,-26.697890499491834,0.48583926673707917,PS,HT,#9,-,Aromatics,1.0501108932080505,1.4781361928843018,57.79364694794164,-0.2409908822245028,1.361843795573345,-20.52660239671957,0.6448294322867499,89,,PP,LT,#5,#7,DIESEL_1,1.3115006246301257,3.2748281185431276,89.72755584556553,-0.07385043784352206,-0.5951232649979449,-39.00963977062389,0.5652434817486249,89,,PE,LT,#2,#6,WAX_1,1.162127262041355,1.9641923878921574,76.60558141546228,-0.33090381462206947,0.5194773562042824,-25.230316312323037,0.6706465006056271,,,,PET,LT,#4,#4,MeOH_1,1.7118432085150805,5.170274816573158,93.76515578241697,-0.930090270873299,-2.690053585184951,-55.96156465229806,0.4031731277431303,89,,,,,,,,,,,,,,,,,,,,,,,,,,,,,,,,,,,,,,,,,,,,,,,,,,,,,,,,,,,,,,,,,,,,,,,,,,,,,,,,,,,,,,,,,,,,,,,,,,,,,,,,,,,,,,,,,,,,,,,,,,,,,,,,,,,,,,,,,,,,,,,,,,,,,,,,,,,,,,,,
143,PET,LT,#5,#7,GASOLINE_1,1.2580173080506478,2.5335779045401137,58.81238025835629,-0.804740588011896,0.09255629333491087,-34.24783367934932,0.41767645640420653,PS,LT,#1,-,GASOLINE_1,1.1235922187178193,1.0365051451859546,69.15861790737563,0.25622862793294043,2.1838927310996588,-14.971021503761262,0.7835263058059951,90,,PP,LT,#5,#8,DIESEL_1,1.3730755432700616,3.3786269536532827,91.14886047159754,-0.13610104537802642,-0.7233054765940454,-40.927194436629165,0.5509851223057002,90,,PE,LT,#2,#7,WAX_1,1.209658727460985,2.1918377644377522,77.81708172149429,-0.3725880204420997,0.30883332151125936,-26.13370466763868,0.6641649353907839,,,,PET,LT,#4,#5,FT_1,1.7676716151695964,5.421861955737033,95.13835496844897,-0.9842545059420061,-3.067390400792439,-61.8847184397,0.34952923602449276,90,,,,,,,,,,,,,,,,,,,,,,,,,,,,,,,,,,,,,,,,,,,,,,,,,,,,,,,,,,,,,,,,,,,,,,,,,,,,,,,,,,,,,,,,,,,,,,,,,,,,,,,,,,,,,,,,,,,,,,,,,,,,,,,,,,,,,,,,,,,,,,,,,,,,,,,,,,,,,,,,
144,PET,LT,#5,#8,GASOLINE_1,1.3162234660916459,2.379923254597346,60.8921687592683,-0.8517831833971095,0.24979745555030972,-36.46091569658198,0.4012215948371469,PS,LT,#2,-,GASOLINE_1,1.1138629869693983,1.531533834138451,69.26180266657562,0.13733940726538563,1.6183354219912363,-16.187760371247073,0.7662815614376296,91,,PP,LT,#5,#9,DIESEL_1,1.2980706032075808,3.1149092178090227,88.88959355448608,-0.056414962743973264,-0.4295234732740167,-37.96707260416582,0.5728738192407935,91,,PE,LT,#2,#8,WAX_1,1.259618710357905,2.2942913487500474,76.41800648408311,-0.4215894459996302,0.19623909121974586,-24.627411961511278,0.6777276312927523,,,,PET,LT,#4,#6,GASOLINE_1,1.0237601258581808,2.3526166449423,53.467970003562534,-0.45410863642438076,-0.11872697747011811,-29.38984830210208,0.450327957090126,91,,,,,,,,,,,,,,,,,,,,,,,,,,,,,,,,,,,,,,,,,,,,,,,,,,,,,,,,,,,,,,,,,,,,,,,,,,,,,,,,,,,,,,,,,,,,,,,,,,,,,,,,,,,,,,,,,,,,,,,,,,,,,,,,,,,,,,,,,,,,,,,,,,,,,,,,,,,,,,,,
145,PET,LT,#5,#9,GASOLINE_1,1.2374517114852264,2.5248379210895555,58.040044419979075,-0.7792805781797384,0.1566400821284625,-32.95889207536075,0.4321353058093915,PS,LT,#3,-,GASOLINE_1,1.2611096163058604,2.6926486051245426,80.40048915087156,0.05697155067022948,0.6288515237759802,-26.20696509700828,0.6740447057749749,92,,PP,LT,#5,#10,DIESEL_1,1.3684548031070607,3.54032660084644,93.39682432556553,-0.1291456412312614,-0.8799535695084318,-43.03878398925822,0.5391836467669147,92,,PE,LT,#2,#9,WAX_1,1.2037562417855048,2.1320392088578104,77.96685655146227,-0.365660791948647,0.3704897891896981,-26.376922351724048,0.6616905757343972,,,,PET,LT,#4,#7,GASOLINE_1,1.1482943763645515,3.061451600116504,60.355166613482524,-0.5899113779847455,-0.7920748132627999,-36.95236845905397,0.3877513635957835,92,,,,,,,,,,,,,,,,,,,,,,,,,,,,,,,,,,,,,,,,,,,,,,,,,,,,,,,,,,,,,,,,,,,,,,,,,,,,,,,,,,,,,,,,,,,,,,,,,,,,,,,,,,,,,,,,,,,,,,,,,,,,,,,,,,,,,,,,,,,,,,,,,,,,,,,,,,,,,,,,
146,PET,LT,#5,#10,GASOLINE_1,1.2887427934429168,2.444014110547927,61.2866967732363,-0.8411371204015692,0.13733170477936654,-36.96766241429857,0.39680771911919666,PS,LT,#4,-,GASOLINE_1,1.3465079737190682,2.9919926956532477,83.45666577690355,-0.03293359588899421,0.23617733793937326,-30.127140309950224,0.6390085797282373,93,,PP,LT,#5,#11,DIESEL_1,1.3831672560942616,3.5471891998525598,92.95796512556552,-0.14620280626345092,-0.8958212597181723,-42.76585471549712,0.5399441601617466,93,,PE,LT,#2,#10,WAX_1,1.283110135770523,2.2863959215495213,78.32800836149428,-0.4457856392865329,0.2056630586729011,-26.967754115283267,0.6557073940802445,,,,PET,LT,#4,#8,GASOLINE_1,1.2283361065805365,3.183726186653737,62.43495511439454,-0.6620885170101252,-0.9412465483213734,-39.16545047628664,0.372699949819345,93,,,,,,,,,,,,,,,,,,,,,,,,,,,,,,,,,,,,,,,,,,,,,,,,,,,,,,,,,,,,,,,,,,,,,,,,,,,,,,,,,,,,,,,,,,,,,,,,,,,,,,,,,,,,,,,,,,,,,,,,,,,,,,,,,,,,,,,,,,,,,,,,,,,,,,,,,,,,,,,,
147,PET,LT,#5,#11,GASOLINE_1,1.3221862896580898,2.415664385959885,61.926067639268304,-0.8596184670209676,0.20568137097019792,-37.553543660652565,0.39357454635405803,PS,LT,#5,-,GASOLINE_1,1.271528717540539,2.4553361851579054,79.03162570606644,0.04642780533529119,0.9529813357710875,-22.29575199355755,0.717888227726965,94,,PP,LT,#6,#1,DIESEL_1,1.4566438262694645,4.599652188599378,104.28980133023185,-0.21530414244645074,-2.032064008874909,-56.065437246185425,0.46240728689610605,94,,PE,LT,#2,#11,WAX_1,1.2930626141356674,2.3452627576800005,73.57616413056006,-0.45735062809975036,0.14363636540240973,-22.3516892807124,0.696210185121236,,,,PET,LT,#4,#9,GASOLINE_1,1.1293649047635086,2.969511232665946,59.58283077510532,-0.5572441543429407,-0.6805371543645722,-35.66342685506541,0.4014479273454364,94,,,,,,,,,,,,,,,,,,,,,,,,,,,,,,,,,,,,,,,,,,,,,,,,,,,,,,,,,,,,,,,,,,,,,,,,,,,,,,,,,,,,,,,,,,,,,,,,,,,,,,,,,,,,,,,,,,,,,,,,,,,,,,,,,,,,,,,,,,,,,,,,,,,,,,,,,,,,,,,,
148,PET,LT,#6,#1,MeOH_1,2.017814826566947,3.546046685254473,103.90126965878498,-1.1864728413342474,-0.13322280842193962,-54.242778634719016,0.47793921274635043,PS,LT,#8,-,Aromatics,0.888498864288128,0.9613069664883944,53.84353192850068,0.11060320348651871,1.9276567402130085,-9.944629860053043,0.815305023577231,95,,PP,LT,#6,#2,DIESEL_1,1.5033424109956706,4.666273672602248,105.63980357023188,-0.2561476104142815,-2.129844493408213,-57.737349880115296,0.4534508023603989,95,,PE,LT,#5,#6,WAX_1,1.2586561296273657,2.5546554327542093,80.31329125605416,-0.37524984703508013,0.11230882476049334,-26.56389848813107,0.6692465459616108,,,,PET,LT,#4,#10,GASOLINE_1,1.1689845439845041,3.2589281491643174,62.82948312836253,-0.621596760413692,-1.0098827570688396,-39.67219719400322,0.3685735546645876,95,,,,,,,,,,,,,,,,,,,,,,,,,,,,,,,,,,,,,,,,,,,,,,,,,,,,,,,,,,,,,,,,,,,,,,,,,,,,,,,,,,,,,,,,,,,,,,,,,,,,,,,,,,,,,,,,,,,,,,,,,,,,,,,,,,,,,,,,,,,,,,,,,,,,,,,,,,,,,,,,
149,PET,LT,#6,#2,MeOH_1,1.8448086767982221,2.8570386376881625,89.364885178785,-1.1777134945317933,-0.028746401451239884,-56.075817073003186,0.3725072553854135,PS,LT,#9,-,Aromatics,0.9699735912762074,1.4306888489759162,56.796355064292676,-0.0355864625346706,1.4678317541644925,-12.290656434968803,0.7836013170025444,96,,PP,LT,#6,#3,DIESEL_1,1.44286888431531,4.3666009646433555,103.50806561287122,-0.1954160789966926,-1.792602492074057,-55.022368595328366,0.4684243370838693,96,,PE,LT,#3,-,WAX_1,1.2658224411388181,2.5310375593191816,80.42346010541691,-0.3721885010705451,0.15902495436058373,-26.206705672881156,0.674141032498103,,,,PET,LT,#4,#11,GASOLINE_1,1.20285714031315,3.3329158786562747,63.46885399439454,-0.6393317321921221,-1.0946598968235874,-40.25807844035722,0.3657033977025528,96,,,,,,,,,,,,,,,,,,,,,,,,,,,,,,,,,,,,,,,,,,,,,,,,,,,,,,,,,,,,,,,,,,,,,,,,,,,,,,,,,,,,,,,,,,,,,,,,,,,,,,,,,,,,,,,,,,,,,,,,,,,,,,,,,,,,,,,,,,,,,,,,,,,,,,,,,,,,,,,,
150,PET,LT,#6,#3,MeOH_1,1.4528499793764178,2.2683199911510505,68.50134846117446,-1.0223574117664351,0.11164466846728444,-46.35488063269838,0.32329973534795986,PS,OG,#3,-,H2_1,0.6984140538741558,2.2029270169541793,53.75784738839299,-0.2884461852886136,0.7610039893142879,-29.390141099354043,0.4532864962576654,97,,PP,LT,#6,#4,MeOH_1,1.5137098080281237,4.796900781096488,107.27339237023187,-0.272845852971475,-2.2528487659576752,-59.38922034428368,0.4463751072650514,97,,PE,OG,#7,-,FT_1,1.2283937105680818,2.283732206032202,74.56901162592052,-0.4898731987450263,0.04458479822713375,-46.089293590836476,0.38192430627824453,,,,PET,LT,#5,#1,MeOH_1,1.8156880837233158,3.4832742148430484,92.69634820489075,-0.7902928002632803,-0.5781614273749012,-40.85079198435228,0.5593052717237792,97,,,,,,,,,,,,,,,,,,,,,,,,,,,,,,,,,,,,,,,,,,,,,,,,,,,,,,,,,,,,,,,,,,,,,,,,,,,,,,,,,,,,,,,,,,,,,,,,,,,,,,,,,,,,,,,,,,,,,,,,,,,,,,,,,,,,,,,,,,,,,,,,,,,,,,,,,,,,,,,,
151,PET,LT,#6,#4,MeOH_1,1.9495132761590925,2.983285735774615,101.57737605878498,-1.279880985960581,-0.2559236792491722,-64.22623450692438,0.36771122666374745,PS,OG,#6,-,MeOH_1,0.6821565823491746,1.797987247189005,54.76427531555752,-0.20459921337418288,1.0180852451099076,-34.71805154115923,0.3660456321003034,98,,PP,LT,#6,#5,DIESEL_1,1.5643661926951524,4.9101181471162745,108.27218341023186,-0.30307261971381366,-2.361723300172803,-59.57693546245203,0.449748461830484,98,,,,,,,,,,,,,,,,,PET,LT,#5,#2,FT_1,1.5536411281008884,3.701519492076736,78.15996372489077,-0.7619939834380793,-1.2307190201066376,-42.683830422636426,0.45389137368492194,98,,,,,,,,,,,,,,,,,,,,,,,,,,,,,,,,,,,,,,,,,,,,,,,,,,,,,,,,,,,,,,,,,,,,,,,,,,,,,,,,,,,,,,,,,,,,,,,,,,,,,,,,,,,,,,,,,,,,,,,,,,,,,,,,,,,,,,,,,,,,,,,,,,,,,,,,,,,,,,,,
152,PET,LT,#6,#5,MeOH_1,2.017230284382251,2.73732747973849,102.95057524481697,-1.3449086681961289,0.06678745158456295,-70.1493882943263,0.3186110118616557,PS,OG,#8,-,H2_1,0.7205805642247449,2.4500280477675824,62.7802188715777,-0.2811724184823492,0.5466014606637445,-39.24311223399574,0.3749127840049287,99,,PP,LT,#6,#6,DIESEL_1,1.348055642871032,3.847900251490121,96.90825376704821,-0.10697310039335378,-1.3215584699398073,-48.973679849617284,0.4946387129486195,99,,,,,,,,,,,,,,,,,PET,LT,#5,#3,GASOLINE_1,1.115732531212274,2.5961453063396256,57.296427007280215,-0.5742201708610088,-0.25688263254280685,-32.96289398233162,0.4246954704846905,99,,,,,,,,,,,,,,,,,,,,,,,,,,,,,,,,,,,,,,,,,,,,,,,,,,,,,,,,,,,,,,,,,,,,,,,,,,,,,,,,,,,,,,,,,,,,,,,,,,,,,,,,,,,,,,,,,,,,,,,,,,,,,,,,,,,,,,,,,,,,,,,,,,,,,,,,,,,,,,,,
153,PET,LT,#6,#6,MeOH_1,1.2715982568772635,1.914870700143756,61.280190279930544,-0.7993936964183033,0.5129044371661107,-37.667095133822805,0.3853299906257161,PE,HT,#1,#1,MeOH_1,0.9782327121195026,2.611020066946581,75.02553626578532,0.22900077675512648,0.12004664338395298,-24.01361984659789,0.6799273815047814,100,,PP,LT,#6,#7,DIESEL_1,1.4485563811222588,4.500386966804829,103.93029626944822,-0.20584965140774772,-1.9336444187417987,-55.660192832448686,0.46444689536778727,100,,,,,,,,,,,,,,,,,PET,LT,#5,#4,MeOH_1,1.6243621340516168,4.676878730963189,90.37245460489075,-0.8345986486374678,-2.101378382895359,-50.83424785655762,0.4375028532885883,100,,,,,,,,,,,,,,,,,,,,,,,,,,,,,,,,,,,,,,,,,,,,,,,,,,,,,,,,,,,,,,,,,,,,,,,,,,,,,,,,,,,,,,,,,,,,,,,,,,,,,,,,,,,,,,,,,,,,,,,,,,,,,,,,,,,,,,,,,,,,,,,,,,,,,,,,,,,,,,,,
154,PET,LT,#6,#7,MeOH_1,1.3906851090810974,2.5183940725979603,68.16738688985053,-0.9354661211330166,-0.10379217595426261,-45.217038313680284,0.33667637301771536,PE,HT,#1,#3,DIESEL_1,1.012396937530771,2.8578640768248866,73.20069846714527,0.12985503843207724,0.04860094085689068,-19.21803648700485,0.7374610230579904,101,,PP,LT,#6,#8,DIESEL_1,1.510131299762195,4.604185801914983,105.35160089548023,-0.2681002589422525,-2.061826630337899,-57.57774749845395,0.4534705974180964,101,,,,,,,,,,,,,,,,,PET,LT,#5,#5,FT_1,1.680190540706133,4.928465870127064,91.74565379092273,-0.8887628837061751,-2.478715198502847,-56.75740164395956,0.3813614127890698,101,,,,,,,,,,,,,,,,,,,,,,,,,,,,,,,,,,,,,,,,,,,,,,,,,,,,,,,,,,,,,,,,,,,,,,,,,,,,,,,,,,,,,,,,,,,,,,,,,,,,,,,,,,,,,,,,,,,,,,,,,,,,,,,,,,,,,,,,,,,,,,,,,,,,,,,,,,,,,,,,
155,PET,LT,#6,#8,MeOH_1,1.4488912671220955,2.3647394226551928,70.24717539076254,-0.98250871651823,0.05344898626113653,-47.43012033091295,0.32481099678279757,PE,HT,#1,#6,Olefin,0.8219309443898286,1.18515172318745,61.76614021449375,0.1517534683631007,1.2564756394970238,-13.535448769923049,0.7808597279525833,102,,PP,LT,#6,#9,DIESEL_1,1.435126359699714,4.3404680660707236,103.09233397836879,-0.18841417630819876,-1.7680446270178702,-54.6176256659906,0.470206720924073,102,,,,,,,,,,,,,,,,,PET,LT,#5,#7,GASOLINE_1,1.0608133019010877,2.568055514506535,56.9624654359563,-0.4944197557489143,-0.20339961097320794,-31.82505166331354,0.44129785430205976,102,,,,,,,,,,,,,,,,,,,,,,,,,,,,,,,,,,,,,,,,,,,,,,,,,,,,,,,,,,,,,,,,,,,,,,,,,,,,,,,,,,,,,,,,,,,,,,,,,,,,,,,,,,,,,,,,,,,,,,,,,,,,,,,,,,,,,,,,,,,,,,,,,,,,,,,,,,,,,,,,
156,PET,LT,#6,#9,MeOH_1,1.3701195125156764,2.5096540891474017,67.39505105147332,-0.9100061113008593,-0.039708387160710096,-43.92809670969174,0.34819996387952257,PE,HT,#1,#7,MeOH_1,0.9843275789066751,2.654561038525662,76.0405189598677,0.22355789788569227,0.08885216804664076,-25.460450336127504,0.66517258582145,103,,PP,LT,#6,#10,MeOH_1,1.5055105595991944,4.765885449108141,107.59956474944825,-0.2611448547954873,-2.218474723252286,-59.68933705108302,0.44526414033297385,103,,,,,,,,,,,,,,,,,PET,LT,#5,#8,GASOLINE_1,1.1408550321170727,2.6903301010437666,59.0422539368683,-0.566596894774294,-0.35257134603178025,-34.03813368054618,0.4234953544127582,103,,,,,,,,,,,,,,,,,,,,,,,,,,,,,,,,,,,,,,,,,,,,,,,,,,,,,,,,,,,,,,,,,,,,,,,,,,,,,,,,,,,,,,,,,,,,,,,,,,,,,,,,,,,,,,,,,,,,,,,,,,,,,,,,,,,,,,,,,,,,,,,,,,,,,,,,,,,,,,,,
157,PET,LT,#6,#10,MeOH_1,1.4214105944733664,2.428830278605773,70.64170340473053,-0.9718626535226901,-0.059016764509806634,-47.93686704862955,0.3214083928018722,PE,HT,#1,#9,DIESEL_1,1.0401100477642002,2.9004933832347866,74.93275572773791,0.11657734153797576,0.019119526142626405,-20.15880009090662,0.7309747933980704,104,,PP,LT,#6,#11,DIESEL_1,1.520223012586395,4.77274804811426,107.16070554944824,-0.2782020198276767,-2.234342413462026,-59.41640777732193,0.4455392256641609,104,,,,,,,,,,,,,,,,,PET,LT,#5,#9,GASOLINE_1,1.0418838303000448,2.4761151470559772,56.19012959757908,-0.4617525321071097,-0.09186195207498014,-30.536110059324976,0.456557401130454,104,,,,,,,,,,,,,,,,,,,,,,,,,,,,,,,,,,,,,,,,,,,,,,,,,,,,,,,,,,,,,,,,,,,,,,,,,,,,,,,,,,,,,,,,,,,,,,,,,,,,,,,,,,,,,,,,,,,,,,,,,,,,,,,,,,,,,,,,,,,,,,,,,,,,,,,,,,,,,,,,
158,PET,LT,#6,#11,MeOH_1,1.4548540906885397,2.4004805540177316,71.28107427076255,-0.9903440001420883,0.009332901681024432,-48.522748294983536,0.3192758555985149,PE,HT,#2,#6,Olefin,0.919722107682484,1.606363184553506,66.19186321305375,-0.012512010072222636,0.8131137308447641,-18.110922142287205,0.7263874853621656,105,,PP,LT,#7,#1,DIESEL_1,1.5297733031694076,5.1302124453178815,107.22547797023186,-0.2984978618560737,-2.600692181198532,-59.568681584172346,0.4444540354419319,105,,,,,,,,,,,,,,,,,PET,LT,#5,#10,GASOLINE_1,1.0815034695210402,2.765532063554347,59.4367819508363,-0.5261051381778606,-0.42120755477924615,-34.544880398262784,0.41879625268344917,105,,,,,,,,,,,,,,,,,,,,,,,,,,,,,,,,,,,,,,,,,,,,,,,,,,,,,,,,,,,,,,,,,,,,,,,,,,,,,,,,,,,,,,,,,,,,,,,,,,,,,,,,,,,,,,,,,,,,,,,,,,,,,,,,,,,,,,,,,,,,,,,,,,,,,,,,,,,,,,,,
159,PET,LT,#7,#1,MeOH_1,2.078736133874123,3.579885915611007,105.76197684481699,-1.2322562420497631,-0.06965218328844011,-56.415058335934354,0.46658468365515376,PE,HT,#3,#6,Olefin,1.0029855117200064,2.3387647331210006,73.40712410485453,-0.049807516221811884,0.19543831992344202,-24.141460154183665,0.6711291928600817,106,,PP,LT,#7,#3,DIESEL_1,1.5159983612152526,4.897161221361857,106.44374225287123,-0.2786097984063156,-2.36123066439768,-58.525612933315266,0.45017328689666025,106,,,,,,,,,,,,,,,,,PET,LT,#5,#11,GASOLINE_1,1.115376065849686,2.8395197930463065,60.076152816868294,-0.5438401099562908,-0.505984694533996,-35.130761644616776,0.41522950459716035,106,,,,,,,,,,,,,,,,,,,,,,,,,,,,,,,,,,,,,,,,,,,,,,,,,,,,,,,,,,,,,,,,,,,,,,,,,,,,,,,,,,,,,,,,,,,,,,,,,,,,,,,,,,,,,,,,,,,,,,,,,,,,,,,,,,,,,,,,,,,,,,,,,,,,,,,,,,,,,,,,
160,PET,LT,#7,#2,FT_1,1.9057299841053996,2.890877868044696,91.225592364817,-1.2234968952473102,0.03482422368225992,-58.248096774218496,0.361493904678847,PE,HT,#5,#6,Olefin,1.0169044911330842,2.12538700198852,72.53349222719729,-0.06010541047351864,0.4567493341362077,-21.983650135793425,0.6969172521442392,107,,PP,LT,#7,#6,DIESEL_1,1.421185119770975,4.378460508208623,99.8439304070482,-0.19016681980297703,-1.8901866422634301,-52.47692418760417,0.47441047268808534,107,,,,,,,,,,,,,,,,,PET,LT,#6,#1,MeOH_1,1.918696303549125,4.3406877333008955,102.05135483638496,-0.9247878763979338,-1.5113851208630162,-51.819996618683234,0.4922164756973168,107,,,,,,,,,,,,,,,,,,,,,,,,,,,,,,,,,,,,,,,,,,,,,,,,,,,,,,,,,,,,,,,,,,,,,,,,,,,,,,,,,,,,,,,,,,,,,,,,,,,,,,,,,,,,,,,,,,,,,,,,,,,,,,,,,,,,,,,,,,,,,,,,,,,,,,,,,,,,,,,,
161,PET,LT,#7,#3,GASOLINE_1,1.5137712866835933,2.3021592215075835,70.36205564720646,-1.0681408124819505,0.17521529360078514,-48.5271603339137,0.31032202104458645,PE,HT,#8,#1,MeOH_1,1.1028532117788488,2.5233471137189136,69.85554424468637,-0.051910315817362974,0.10676771296800465,-22.597590381846167,0.6765097083390761,108,,PP,LT,#7,#7,DIESEL_1,1.521685858022202,5.030947223523332,106.86597290944822,-0.28904337081737097,-2.502272591065422,-59.16343717043557,0.4463772184943555,108,,,,,,,,,,,,,,,,,PET,LT,#6,#2,MeOH_1,1.656649347926697,4.5589330105345836,87.514970356385,-0.8964890595727327,-2.163942713594753,-53.653035056967404,0.3869273469615827,108,,,,,,,,,,,,,,,,,,,,,,,,,,,,,,,,,,,,,,,,,,,,,,,,,,,,,,,,,,,,,,,,,,,,,,,,,,,,,,,,,,,,,,,,,,,,,,,,,,,,,,,,,,,,,,,,,,,,,,,,,,,,,,,,,,,,,,,,,,,,,,,,,,,,,,,,,,,,,,,,
162,PET,LT,#7,#4,MeOH_1,2.0104345834662682,3.017124966131148,103.43808324481695,-1.3256643866760964,-0.19235305411567152,-66.39851420813967,0.3580844489259545,PE,HT,#8,#3,DIESEL_1,1.1370174371901176,2.770191123597219,68.03070644604632,-0.1510560541404122,0.03532201044094294,-17.802007022253136,0.7383239429334528,109,,PP,LT,#7,#9,DIESEL_1,1.5082558365996572,4.871028322789226,106.02801061836875,-0.271607895717822,-2.3366727993414935,-58.12087000397747,0.4518347588999434,109,,,,,,,,,,,,,,,,,PET,LT,#6,#3,MeOH_1,1.2187407510380825,3.453558824797472,66.65143363877446,-0.7087152469956619,-1.1901063260309208,-43.93209861666261,0.34086791208786377,109,,,,,,,,,,,,,,,,,,,,,,,,,,,,,,,,,,,,,,,,,,,,,,,,,,,,,,,,,,,,,,,,,,,,,,,,,,,,,,,,,,,,,,,,,,,,,,,,,,,,,,,,,,,,,,,,,,,,,,,,,,,,,,,,,,,,,,,,,,,,,,,,,,,,,,,,,,,,,,,,
163,PET,LT,#7,#5,FT_1,2.0781515916894264,2.771166710095023,104.81128243084898,-1.3906920689116435,0.13035807671806365,-72.32166799554165,0.30998203324859536,PE,HT,#8,#6,Olefin,0.9465514440491748,1.0974787699597826,56.596148193394804,-0.12915762420938862,1.2431967090810754,-12.119419305171332,0.785861411208444,110,,PP,LT,#9,#4,DIESEL_1,1.1345807598146533,2.3039000734367763,70.57291524545496,-0.10318411780606894,-0.006529072511434257,-26.17157082750966,0.6291555940903949,110,,,,,,,,,,,,,,,,,PET,LT,#6,#4,MeOH_1,1.7273703538774259,5.534292249421035,99.727461236385,-0.969093724772121,-3.034602076383473,-61.80345249088862,0.38027648829448013,110,,,,,,,,,,,,,,,,,,,,,,,,,,,,,,,,,,,,,,,,,,,,,,,,,,,,,,,,,,,,,,,,,,,,,,,,,,,,,,,,,,,,,,,,,,,,,,,,,,,,,,,,,,,,,,,,,,,,,,,,,,,,,,,,,,,,,,,,,,,,,,,,,,,,,,,,,,,,,,,,
164,PET,LT,#7,#6,GASOLINE_1,1.332519564184439,1.9487099305002886,63.140897465962524,-0.8451770971338186,0.5764750622996118,-39.83937483503811,0.3690400923345382,PE,HT,#8,#7,MeOH_1,1.1089480785660213,2.5668880852979945,70.87052693876873,-0.05735319468679691,0.07557323763069212,-24.04442087137577,0.6607274997101424,111,,PP,LT,#9,#5,DIESEL_1,1.1852371444816823,2.417117439456563,71.57170628545497,-0.13341088454840785,-0.11540360672656208,-26.35928594567804,0.6317080126531109,111,,,,,,,,,,,,,,,,,PET,LT,#6,#5,MeOH_1,1.7831987605319417,5.7858793885849105,101.10066042241695,-1.0232579598408282,-3.411938891990961,-67.72660627829053,0.33010718233376085,111,,,,,,,,,,,,,,,,,,,,,,,,,,,,,,,,,,,,,,,,,,,,,,,,,,,,,,,,,,,,,,,,,,,,,,,,,,,,,,,,,,,,,,,,,,,,,,,,,,,,,,,,,,,,,,,,,,,,,,,,,,,,,,,,,,,,,,,,,,,,,,,,,,,,,,,,,,,,,,,,
165,PET,LT,#7,#7,GASOLINE_1,1.4516064163882731,2.5522333029544932,70.02809407588254,-0.981249521848532,-0.04022155082076192,-47.3893180148956,0.32328133957859145,PE,HT,#8,#9,DIESEL_1,1.164730547423546,2.812820430007119,69.76276370663895,-0.16433375103451311,0.005840595726677776,-18.74277062615488,0.7313356061269226,112,,PP,HT,#1,-,MeOH_1,0.9929567840541919,3.1633849246943724,80.17333057980979,0.03678737943747208,-0.5587877144675314,-34.93594679294849,0.5642447863860295,112,,,,,,,,,,,,,,,,,PET,LT,#6,#6,MeOH_1,1.0392872712205259,2.716634077790177,59.43027545753053,-0.4931120903232025,-0.46327546866863994,-35.231736140692604,0.4071752844916635,112,,,,,,,,,,,,,,,,,,,,,,,,,,,,,,,,,,,,,,,,,,,,,,,,,,,,,,,,,,,,,,,,,,,,,,,,,,,,,,,,,,,,,,,,,,,,,,,,,,,,,,,,,,,,,,,,,,,,,,,,,,,,,,,,,,,,,,,,,,,,,,,,,,,,,,,,,,,,,,,,
166,PET,LT,#7,#8,GASOLINE_1,1.5098125744292712,2.3985786530117257,72.10788257679452,-1.0282921172337456,0.11701961139463722,-49.602400032128266,0.31210849272543884,PE,HT,#9,#6,Olefin,1.0358721131416226,1.5298191206084233,59.53765904043481,-0.2643800039835905,0.7962054594244671,-14.991009675559699,0.7482096219910392,113,,PP,HT,#2,-,FT_1,1.114282025479734,3.7129726739533098,83.4471369798098,-0.11227357997639074,-1.204995633021793,-37.890628004681375,0.5459325583111486,113,,,,,,,,,,,,,,,,,PET,LT,#6,#7,MeOH_1,1.1638215217268966,3.4254690329643815,66.31747206745052,-0.6289148318835674,-1.1366233044613225,-42.79425629764451,0.35470615867083877,113,,,,,,,,,,,,,,,,,,,,,,,,,,,,,,,,,,,,,,,,,,,,,,,,,,,,,,,,,,,,,,,,,,,,,,,,,,,,,,,,,,,,,,,,,,,,,,,,,,,,,,,,,,,,,,,,,,,,,,,,,,,,,,,,,,,,,,,,,,,,,,,,,,,,,,,,,,,,,,,,
167,PET,LT,#7,#9,GASOLINE_1,1.431040819822852,2.543493319503934,69.25575823750532,-0.9557895120163746,0.0238622379727906,-46.10037641090703,0.3343459434403901,PE,LT,#1,#1,DIESEL_1,1.4700249982043172,1.8092220115672473,85.93895404236105,-0.20260102243029676,0.7829192276356834,-37.299677816607186,0.5659747290126265,114,,PP,HT,#3,-,H2_1,1.050008523010259,3.796903987490175,77.87489371645358,-0.10770430549924584,-0.9740410470291361,-26.839188932015112,0.6553550489617623,114,,,,,,,,,,,,,,,,,PET,LT,#6,#8,MeOH_1,1.2438632519428814,3.547743619501614,68.39726056836253,-0.701091970908947,-1.2857950395198954,-45.007338314877146,0.34197162370424655,114,,,,,,,,,,,,,,,,,,,,,,,,,,,,,,,,,,,,,,,,,,,,,,,,,,,,,,,,,,,,,,,,,,,,,,,,,,,,,,,,,,,,,,,,,,,,,,,,,,,,,,,,,,,,,,,,,,,,,,,,,,,,,,,,,,,,,,,,,,,,,,,,,,,,,,,,,,,,,,,,
168,PET,LT,#7,#10,GASOLINE_1,1.482331901780542,2.4626695089623056,72.50241059076252,-1.017646054238205,0.004553860623694062,-50.109146749844854,0.3088623351755256,PE,LT,#1,#2,DIESEL_1,1.5463201522797374,1.9254636515402996,88.22770972236106,-0.2669826596922921,0.6617375763830671,-39.27848856690169,0.5548055288921698,115,,PP,HT,#7,-,MeOH_1,1.0126719937230002,3.5228801090386854,82.43442753399947,0.03800256421857682,-0.8757648256649945,-36.253898804390204,0.5602092488670761,115,,,,,,,,,,,,,,,,,PET,LT,#6,#9,MeOH_1,1.1448920501258535,3.333528665513823,65.54513622907332,-0.5962476082417626,-1.0250856455630935,-41.50531469365593,0.3667674356706003,115,,,,,,,,,,,,,,,,,,,,,,,,,,,,,,,,,,,,,,,,,,,,,,,,,,,,,,,,,,,,,,,,,,,,,,,,,,,,,,,,,,,,,,,,,,,,,,,,,,,,,,,,,,,,,,,,,,,,,,,,,,,,,,,,,,,,,,,,,,,,,,,,,,,,,,,,,,,,,,,,
169,PET,LT,#7,#11,GASOLINE_1,1.5157753979957151,2.4343197843742646,73.14178145679453,-1.0361274008576038,0.07290352681452512,-50.69502799619885,0.3068937208462057,PE,LT,#1,#3,DIESEL_1,1.4567290988613013,1.667657097055216,85.18809967712112,-0.18589196348808884,0.926333845389131,-36.434814500041526,0.5723015933195328,116,,PP,HT,#8,-,FT_1,1.1730145614214642,4.789324062813643,90.22914880003145,-0.11823139852225623,-2.2802672448705588,-46.589585191068295,0.4836526132555951,116,,,,,,,,,,,,,,,,,PET,LT,#6,#10,MeOH_1,1.1845116893468493,3.622945582012195,68.79178858233053,-0.6606002143125138,-1.3544312482673622,-45.514085032593755,0.33837910060846643,116,,,,,,,,,,,,,,,,,,,,,,,,,,,,,,,,,,,,,,,,,,,,,,,,,,,,,,,,,,,,,,,,,,,,,,,,,,,,,,,,,,,,,,,,,,,,,,,,,,,,,,,,,,,,,,,,,,,,,,,,,,,,,,,,,,,,,,,,,,,,,,,,,,,,,,,,,,,,,,,,
170,PET,LT,#8,#1,MeOH_1,1.8107027577882684,3.2441505521825267,87.56009014699006,-0.8499756699291576,0.8096989064213476,-36.05954504958268,0.5881737331580139,PE,LT,#1,#4,DIESEL_1,1.4634416477817076,1.7090386142454428,85.29365191436105,-0.19614280926527713,0.8714499420708017,-36.852159589771134,0.5679378387177925,117,,PP,HT,#9,-,H2_1,1.0327040542672878,3.586421131521391,79.78499461579317,-0.057933744807006346,-0.7245164858643761,-29.110864872148085,0.6351335860542167,117,,,,,,,,,,,,,,,,,PET,LT,#6,#11,MeOH_1,1.218384285675495,3.696933311504153,69.43115944836252,-0.6783351860909441,-1.4392083880221105,-46.09996627894775,0.33603346616682533,117,,,,,,,,,,,,,,,,,,,,,,,,,,,,,,,,,,,,,,,,,,,,,,,,,,,,,,,,,,,,,,,,,,,,,,,,,,,,,,,,,,,,,,,,,,,,,,,,,,,,,,,,,,,,,,,,,,,,,,,,,,,,,,,,,,,,,,,,,,,,,,,,,,,,,,,,,,,,,,,,
171,PET,LT,#8,#2,BA_1,1.6376966080195432,2.555142504616215,73.02370566699008,-0.8412163231267034,0.9141753133920478,-37.89258348786682,0.48109202153245506,PE,LT,#1,#5,DIESEL_1,1.5345401080489505,1.9150863965873453,88.51553916236105,-0.24785819467856926,0.6787658197349289,-39.20154424073161,0.5571224599465463,118,,PP,LT,#1,-,DIESEL_1,1.2043204908076897,3.0073818982819027,85.08555456740122,0.03448486691419731,-0.4168837672215375,-36.59077662683736,0.5699531276151972,118,,,,,,,,,,,,,,,,,PET,LT,#7,#1,MeOH_1,1.9685531965199181,4.676853158857428,103.91206202241698,-0.9523863991053282,-1.8728836823860258,-53.99227631989855,0.4804041487671491,118,,,,,,,,,,,,,,,,,,,,,,,,,,,,,,,,,,,,,,,,,,,,,,,,,,,,,,,,,,,,,,,,,,,,,,,,,,,,,,,,,,,,,,,,,,,,,,,,,,,,,,,,,,,,,,,,,,,,,,,,,,,,,,,,,,,,,,,,,,,,,,,,,,,,,,,,,,,,,,,,
172,PET,LT,#8,#3,BA_1,1.2457379105977384,1.966423858079103,52.160168949379546,-0.6858602403613446,1.0545663833105727,-28.17164704756204,0.45990115417566824,PE,LT,#1,#6,DIESEL_1,1.4039668954826285,1.4694354045703217,82.40852001838132,-0.14007506708912856,1.1052952322089866,-33.87573179862923,0.5889292540252731,119,,PP,LT,#2,-,DIESEL_1,1.2726193094092089,3.2880684315676416,86.47240594831324,-0.05965382481881349,-0.7662822422127232,-37.993475877724144,0.5606289028151499,119,,,,,,,,,,,,,,,,,PET,LT,#7,#2,FT_1,1.7065062408974898,4.895098436091115,89.375677542417,-0.9240875822801263,-2.525441275117762,-55.8253147581827,0.3753858287486722,119,,,,,,,,,,,,,,,,,,,,,,,,,,,,,,,,,,,,,,,,,,,,,,,,,,,,,,,,,,,,,,,,,,,,,,,,,,,,,,,,,,,,,,,,,,,,,,,,,,,,,,,,,,,,,,,,,,,,,,,,,,,,,,,,,,,,,,,,,,,,,,,,,,,,,,,,,,,,,,,,
173,PET,LT,#8,#4,MeOH_1,1.7424012073804116,2.681389602702667,85.23619654699007,-0.9433838145554893,0.6869980355941159,-46.04300092178804,0.45981868282443966,PE,LT,#1,#7,DIESEL_1,1.4514983609022585,1.697080781115916,85.10287232490226,-0.18175927290915905,0.8946511975159638,-36.26197215443382,0.5739042506580231,120,,PP,LT,#3,-,DIESEL_1,1.2235961464912892,2.8012563630812557,84.10154121476086,0.012278103978935917,-0.12267553890088051,-33.05739905157885,0.606934681884559,120,,,,,,,,,,,,,,,,,PET,LT,#7,#3,GASOLINE_1,1.2685976440088755,3.789724250354005,68.51214082480647,-0.736313769703056,-1.5516048875539314,-46.10437831787791,0.3270626525045804,120,,,,,,,,,,,,,,,,,,,,,,,,,,,,,,,,,,,,,,,,,,,,,,,,,,,,,,,,,,,,,,,,,,,,,,,,,,,,,,,,,,,,,,,,,,,,,,,,,,,,,,,,,,,,,,,,,,,,,,,,,,,,,,,,,,,,,,,,,,,,,,,,,,,,,,,,,,,,,,,,
174,PET,LT,#8,#5,BA_1,1.8101182156035713,2.4354313466665425,86.60939573302205,-1.0084114967910378,1.0097091664278517,-51.96615470918996,0.39999402756049324,PE,LT,#1,#8,DIESEL_1,1.5014583437991786,1.7995343654282114,86.3143726309343,-0.23076069846668945,0.7820569672244501,-37.36625499174963,0.567091159296014,121,,PP,LT,#4,-,MeOH_1,1.3841164532202623,4.286614864565627,101.20327956228128,-0.1415055495397607,-1.7475189295041182,-53.1739574729439,0.47458266468311205,121,,,,,,,,,,,,,,,,,PET,LT,#7,#4,MeOH_1,1.7772272468482184,5.870457674977568,101.58816842241697,-0.9966922474795151,-3.3961006379064833,-63.9757321921039,0.3702442598818753,121,,,,,,,,,,,,,,,,,,,,,,,,,,,,,,,,,,,,,,,,,,,,,,,,,,,,,,,,,,,,,,,,,,,,,,,,,,,,,,,,,,,,,,,,,,,,,,,,,,,,,,,,,,,,,,,,,,,,,,,,,,,,,,,,,,,,,,,,,,,,,,,,,,,,,,,,,,,,,,,,
175,PET,LT,#8,#6,BA_1,1.064486188098584,1.6129745670718085,44.93901076813562,-0.46289652501321277,1.455826152009399,-19.483861548686455,0.5664376848610639,PE,LT,#1,#9,DIESEL_1,1.4455958752267781,1.637282225535975,84.9152973935231,-0.1748320444157059,0.9563076651944024,-36.16784007717204,0.574071560868952,122,,PP,LT,#5,-,DIESEL_1,1.4457197281620389,4.779078760005513,102.50117042831323,-0.23078529789234226,-2.26647289715592,-54.41924982903341,0.4690865518741284,122,,,,,,,,,,,,,,,,,PET,LT,#7,#5,FT_1,1.8330556535027343,6.122044814141444,102.96136760844898,-1.0508564825482223,-3.7734374535139716,-69.89888597950585,0.32111540859360177,122,,,,,,,,,,,,,,,,,,,,,,,,,,,,,,,,,,,,,,,,,,,,,,,,,,,,,,,,,,,,,,,,,,,,,,,,,,,,,,,,,,,,,,,,,,,,,,,,,,,,,,,,,,,,,,,,,,,,,,,,,,,,,,,,,,,,,,,,,,,,,,,,,,,,,,,,,,,,,,,,
176,PET,LT,#8,#7,BA_1,1.1835730403024187,2.216497939526013,51.82620737805562,-0.5989689497279266,0.8391295388890258,-27.033804728543952,0.4783757852211529,PE,LT,#1,#10,DIESEL_1,1.5249497692117966,1.7916389382276852,86.46414746090227,-0.25495689175359204,0.7914809346776058,-37.94637009807842,0.5611317382706263,123,,PP,LT,#7,-,DIESEL_1,1.2242732291265082,3.059827462235477,86.20119694980701,0.02322403210935235,-0.4591073399294999,-35.72155620015506,0.585602550032398,123,,,,,,,,,,,,,,,,,PET,LT,#7,#6,GASOLINE_1,1.0891441641913187,3.0527995033467104,61.290982643562536,-0.5207106130305966,-0.8247740301916504,-37.40401584190793,0.38973052431822097,123,,,,,,,,,,,,,,,,,,,,,,,,,,,,,,,,,,,,,,,,,,,,,,,,,,,,,,,,,,,,,,,,,,,,,,,,,,,,,,,,,,,,,,,,,,,,,,,,,,,,,,,,,,,,,,,,,,,,,,,,,,,,,,,,,,,,,,,,,,,,,,,,,,,,,,,,,,,,,,,,
177,PET,LT,#8,#8,BA_1,1.2417791983434165,2.0628432895832454,53.90599587896763,-0.6460115451131399,0.9963707011044247,-29.24688674577661,0.45744649980230123,PE,LT,#1,#11,DIESEL_1,1.534902247576941,1.850505774358165,86.82529927093428,-0.2665218805668097,0.7294542414071138,-38.443301304473785,0.5572338750654545,124,,PP,LT,#8,-,DIESEL_1,1.4353834853058876,3.812795128310088,96.53954894980701,-0.1429275977521013,-1.2329092024885169,-45.388309525618766,0.5298475078931938,124,,,,,,,,,,,,,,,,,PET,LT,#7,#7,GASOLINE_1,1.2136784146976893,3.7616344585209136,68.17817925348253,-0.6565133545909615,-1.4981218659843314,-44.96653599885982,0.34045560483982956,124,,,,,,,,,,,,,,,,,,,,,,,,,,,,,,,,,,,,,,,,,,,,,,,,,,,,,,,,,,,,,,,,,,,,,,,,,,,,,,,,,,,,,,,,,,,,,,,,,,,,,,,,,,,,,,,,,,,,,,,,,,,,,,,,,,,,,,,,,,,,,,,,,,,,,,,,,,,,,,,,
178,PET,LT,#8,#9,BA_1,1.1630074437369966,2.2077579560754543,51.053871539678404,-0.5735089398957681,0.9032133276825778,-25.744863124555383,0.4957314235307932,PE,HT,#6,-,Olefin,0.8788049513453577,1.588731208003338,66.19866892489375,0.13237756641295972,0.8606885225708556,-15.791298811822523,0.7614559466484337,125,,PP,LT,#9,-,DIESEL_1,1.2345380397497239,2.8073597665558636,84.83449907961658,0.0040817668449416545,-0.12550423796203167,-33.89963623250287,0.6004027064427138,125,,,,,,,,,,,,,,,,,PET,LT,#7,#8,GASOLINE_1,1.2937201449136744,3.8839090450581475,70.25796775439453,-0.7286904936163409,-1.647293601042906,-47.17961801609248,0.3284801777782498,125,,,,,,,,,,,,,,,,,,,,,,,,,,,,,,,,,,,,,,,,,,,,,,,,,,,,,,,,,,,,,,,,,,,,,,,,,,,,,,,,,,,,,,,,,,,,,,,,,,,,,,,,,,,,,,,,,,,,,,,,,,,,,,,,,,,,,,,,,,,,,,,,,,,,,,,,,,,,,,,,
179,PET,LT,#8,#10,BA_1,1.2142985256946874,2.1269341455338258,54.30052389293563,-0.6353654821175997,0.8839049503334814,-29.75363346349321,0.452056235734328,PE,LT,#6,-,WAX_1,1.137919084679115,1.9623862445933176,73.97424837854133,-0.3011821922952648,0.5229578086728293,-22.25113770028592,0.6992042746224023,126,,PP,LT,#10,-,MeOH_1,1.4804326608021003,4.6756429987720445,105.80890270980701,-0.23492688870489045,-2.128513047780363,-57.791112089837405,0.45381616660049745,126,,,,,,,,,,,,,,,,,PET,LT,#7,#9,GASOLINE_1,1.1947489430966465,3.6696940910703564,67.40584341510532,-0.6238461309491565,-1.386584207086104,-43.67759439487126,0.35202065307763336,126,,,,,,,,,,,,,,,,,,,,,,,,,,,,,,,,,,,,,,,,,,,,,,,,,,,,,,,,,,,,,,,,,,,,,,,,,,,,,,,,,,,,,,,,,,,,,,,,,,,,,,,,,,,,,,,,,,,,,,,,,,,,,,,,,,,,,,,,,,,,,,,,,,,,,,,,,,,,,,,,
180,PET,LT,#8,#11,BA_1,1.2477420219098607,2.098584420945784,54.939894758967625,-0.6538468287369983,0.9522546165243128,-30.339514709847197,0.44776896928993487,PE,OG,#3,-,H2_1,0.7775376010893404,2.374676720067861,58.60661462730207,-0.25865175064012247,0.20924071400909752,-26.249954857115558,0.5520991099034248,127,,PP,LT,#11,-,DIESEL_1,1.5640900988234794,5.218928427172933,108.41937838980701,-0.07256072146171307,-2.3831549954322298,-47.53277542295485,0.561584136259689,127,,,,,,,,,,,,,,,,,PET,LT,#7,#10,GASOLINE_1,1.2343685823176418,3.959111007568728,70.65249576836253,-0.6881987370199075,-1.7159298097903717,-47.686364733809064,0.3250576046152564,127,,,,,,,,,,,,,,,,,,,,,,,,,,,,,,,,,,,,,,,,,,,,,,,,,,,,,,,,,,,,,,,,,,,,,,,,,,,,,,,,,,,,,,,,,,,,,,,,,,,,,,,,,,,,,,,,,,,,,,,,,,,,,,,,,,,,,,,,,,,,,,,,,,,,,,,,,,,,,,,,
181,PET,HT,#1,-,GASOLINE_1,1.422048137889332,2.6927125991944654,56.46658603861327,-0.9022875204794713,-0.05641018885790229,-25.34410311200099,0.5511663642163517,PE,OG,#6,-,MeOH_1,0.8208781169802745,2.0667906866856,62.394003625920526,-0.23984572813073865,0.34512099262079565,-38.42231199648601,0.38419864468315484,128,,PP,SG,#1,-,MeOH_1,0.8333182596745943,3.9085361451139904,86.55423262408677,0.23522712580245211,-1.245417038170422,-39.5386108447318,0.5431926360383583,128,,,,,,,,,,,,,,,,,PET,LT,#7,#11,GASOLINE_1,1.268241178646288,4.033098737060686,71.29186663439454,-0.705933708798338,-1.8007069495451207,-48.27224598016307,0.32289266280938883,128,,,,,,,,,,,,,,,,,,,,,,,,,,,,,,,,,,,,,,,,,,,,,,,,,,,,,,,,,,,,,,,,,,,,,,,,,,,,,,,,,,,,,,,,,,,,,,,,,,,,,,,,,,,,,,,,,,,,,,,,,,,,,,,,,,,,,,,,,,,,,,,,,,,,,,,,,,,,,,,,
182,PET,HT,#2,-,GASOLINE_1,1.6149906524002364,2.3046216356685276,62.48475565952527,-1.0419560223674236,0.22175615758664072,-35.67072035903042,0.4291292334822035,PE,OG,#8,-,H2_1,0.8117103863593845,2.5749983279894613,64.44052435839897,-0.27104363991088143,0.034600320428243875,-32.70920089252027,0.49241255842982506,129,,PP,SG,#2,-,FT_1,1.0635790874488382,5.665728331166643,95.29502269011876,-0.02278817300523286,-3.2181546744509326,-51.72592837111437,0.45720220310648096,129,,,,,,,,,,,,,,,,,PET,LT,#8,#1,MeOH_1,1.7891746762666323,3.249132281206527,87.56009014699006,-0.7722825162009798,-0.604661326814363,-36.05954504958268,0.5881737331580139,129,,,,,,,,,,,,,,,,,,,,,,,,,,,,,,,,,,,,,,,,,,,,,,,,,,,,,,,,,,,,,,,,,,,,,,,,,,,,,,,,,,,,,,,,,,,,,,,,,,,,,,,,,,,,,,,,,,,,,,,,,,,,,,,,,,,,,,,,,,,,,,,,,,,,,,,,,,,,,,,,
183,PET,HT,#3,-,GASOLINE_1,1.3967748258156245,3.2104758867422234,58.43408097958268,-0.8666653112023968,-0.4422990191652894,-27.10736680000311,0.5361034802707921,PE,HG,#1,-,DIESEL_1,0.7712814738264698,1.8057817352196461,77.535172,0.02635144273474111,0.6262135402666265,-39.33470097428246,0.4926857068907713,130,,PP,SG,#3,-,H2_1,0.7490923333541687,5.015439467704688,78.44151179362476,0.12820516292493409,-2.037545728328642,-21.509366595929237,0.7257910243683321,130,,,,,,,,,,,,,,,,,PET,LT,#8,#2,BA_1,1.5271277206442049,3.467377558440216,73.02370566699008,-0.7439836993757789,-1.257218919546101,-37.89258348786682,0.48109202153245506,130,,,,,,,,,,,,,,,,,,,,,,,,,,,,,,,,,,,,,,,,,,,,,,,,,,,,,,,,,,,,,,,,,,,,,,,,,,,,,,,,,,,,,,,,,,,,,,,,,,,,,,,,,,,,,,,,,,,,,,,,,,,,,,,,,,,,,,,,,,,,,,,,,,,,,,,,,,,,,,,,
184,PET,HT,#4,-,MeOH_1,1.7155469054179413,2.3385653941694797,77.16033791349327,-1.2212508870479966,-0.03686078273000836,-49.13971774733603,0.3631479711451236,PE,HG,#2,-,DIESEL_1,0.8363098384260171,2.197818311145813,80.32142112,-0.04315766776911744,0.19417990881378175,-42.73940753718327,0.4678952769855665,131,,PP,SG,#4,-,MeOH_1,1.273564340982171,9.152078962064623,142.54637502408676,-0.20601255180128034,-6.497104314469087,-95.82689898881823,0.3277493098465262,131,,,,,,,,,,,,,,,,,PET,LT,#8,#3,BA_1,1.08921912375559,2.3620033727031036,52.160168949379546,-0.556209886798708,-0.2833825319822681,-28.17164704756204,0.45990115417566824,131,,,,,,,,,,,,,,,,,,,,,,,,,,,,,,,,,,,,,,,,,,,,,,,,,,,,,,,,,,,,,,,,,,,,,,,,,,,,,,,,,,,,,,,,,,,,,,,,,,,,,,,,,,,,,,,,,,,,,,,,,,,,,,,,,,,,,,,,,,,,,,,,,,,,,,,,,,,,,,,,
185,PET,HT,#5,-,GASOLINE_1,1.8220837143454012,2.187588351359595,81.96876957952527,-1.1667335699424397,0.43415433143507004,-51.66010936371205,0.36975863333422454,PE,HG,#3,-,DIESEL_1,0.7841135818363377,1.7072515214828476,76.4637355428969,0.00995527418056156,0.7881166496261133,-36.99673791531556,0.5161531456364693,132,,PP,SG,#6,-,MeOH_1,0.8637253627854372,3.9457194267625653,89.94071153710495,0.2242766252152525,-1.2330753511584012,-42.40958312539965,0.5284717854616525,132,,,,,,,,,,,,,,,,,PET,LT,#8,#4,MeOH_1,1.597848726594933,4.442736797326668,85.23619654699007,-0.8165883645751668,-2.1278782823348212,-46.04300092178804,0.45981868282443966,132,,,,,,,,,,,,,,,,,,,,,,,,,,,,,,,,,,,,,,,,,,,,,,,,,,,,,,,,,,,,,,,,,,,,,,,,,,,,,,,,,,,,,,,,,,,,,,,,,,,,,,,,,,,,,,,,,,,,,,,,,,,,,,,,,,,,,,,,,,,,,,,,,,,,,,,,,,,,,,,,
186,PET,HT,#6,-,GASOLINE_1,1.1666535277592287,1.4478175005817426,49.2091919515223,-0.6706936920205837,1.0993805540426074,-19.81163246710222,0.5973997604630583,,,,,,,,,,,,,,,PP,SG,#7,-,FT_1,1.110549254978291,6.0165660092319335,101.14291953710497,-0.07181522748750595,-3.500971960991893,-58.283397759450104,0.4237520725504819,133,,,,,,,,,,,,,,,,,PET,LT,#8,#5,BA_1,1.653677133249449,4.694323936490542,86.60939573302205,-0.8707525996438744,-2.5052150979423082,-51.96615470918996,0.39999402756049324,133,,,,,,,,,,,,,,,,,,,,,,,,,,,,,,,,,,,,,,,,,,,,,,,,,,,,,,,,,,,,,,,,,,,,,,,,,,,,,,,,,,,,,,,,,,,,,,,,,,,,,,,,,,,,,,,,,,,,,,,,,,,,,,,,,,,,,,,,,,,,,,,,,,,,,,,,,,,,,,,,
187,PET,HT,#7,-,GASOLINE_1,1.3133361115677102,2.212120108682777,60.24638188459492,-0.770335199050162,0.3295653416166201,-30.300854117039748,0.4970510565251434,,,,,,,,,,,,,,,PP,SG,#8,-,H2_1,0.798792415656807,5.152809980713184,85.06180642268117,0.1264845056497427,-2.1191580767133984,-28.186493396630883,0.6686351421157317,134,,,,,,,,,,,,,,,,,PET,LT,#8,#7,BA_1,1.034299894444404,2.3339135808700133,51.82620737805562,-0.47640947168661346,-0.2298995104126698,-27.033804728543952,0.4783757852211529,134,,,,,,,,,,,,,,,,,,,,,,,,,,,,,,,,,,,,,,,,,,,,,,,,,,,,,,,,,,,,,,,,,,,,,,,,,,,,,,,,,,,,,,,,,,,,,,,,,,,,,,,,,,,,,,,,,,,,,,,,,,,,,,,,,,,,,,,,,,,,,,,,,,,,,,,,,,,,,,,,
188,PET,HT,#8,-,GASOLINE_1,1.4282123169730565,2.099716288829171,63.02400510550689,-0.8406779139867334,0.4852279150715998,-34.62785823979167,0.4505608112048409,,,,,,,,,,,,,,,PP,SG,#9,-,MeOH_1,1.2971420129254776,9.251383825552624,144.50676593710494,-0.20962035585232752,-6.5650600254549945,-97.89389345987938,0.32256532886157946,135,,,,,,,,,,,,,,,,,PET,LT,#8,#8,BA_1,1.1143416246603888,2.4561881674072454,53.90599587896763,-0.5485866107119929,-0.37907124547124266,-29.24688674577661,0.45744649980230123,135,,,,,,,,,,,,,,,,,,,,,,,,,,,,,,,,,,,,,,,,,,,,,,,,,,,,,,,,,,,,,,,,,,,,,,,,,,,,,,,,,,,,,,,,,,,,,,,,,,,,,,,,,,,,,,,,,,,,,,,,,,,,,,,,,,,,,,,,,,,,,,,,,,,,,,,,,,,,,,,,
189,PET,HT,#9,-,GASOLINE_1,1.207753599675789,1.8160564164736182,52.03908639210515,-0.6664288232934112,0.9628690274613071,-19.720214804703062,0.6210499420355924,,,,,,,,,,,,,,,PP,OG,#7,-,FT_1,0.8501751632247864,2.346137348843497,66.62877079252321,-0.1583875624517445,-0.17433370597472161,-41.41126599297753,0.37847771314993967,136,,,,,,,,,,,,,,,,,PET,LT,#8,#9,BA_1,1.0153704228433609,2.2419732134194548,51.053871539678404,-0.4437422480448087,-0.11836185151444108,-25.744863124555383,0.4957314235307932,136,,,,,,,,,,,,,,,,,,,,,,,,,,,,,,,,,,,,,,,,,,,,,,,,,,,,,,,,,,,,,,,,,,,,,,,,,,,,,,,,,,,,,,,,,,,,,,,,,,,,,,,,,,,,,,,,,,,,,,,,,,,,,,,,,,,,,,,,,,,,,,,,,,,,,,,,,,,,,,,,
190,PET,HT,#10,-,MeOH_1,1.2574193328086185,1.4773835115840048,53.62302486352232,-0.7075093032868619,0.903805846155263,-24.550398483945433,0.5421668481696167,,,,,,,,,,,,,,,PP,OG,#8,-,H2_1,0.7404466292205012,2.831753841079097,69.36769552746307,-0.18376324258729945,-0.28364402508867265,-37.033980406696514,0.46612064700874273,137,,,,,,,,,,,,,,,,,PET,LT,#8,#10,BA_1,1.0549900620643564,2.531390129917826,54.30052389293563,-0.5080948541155598,-0.4477074542187089,-29.75363346349321,0.452056235734328,137,,,,,,,,,,,,,,,,,,,,,,,,,,,,,,,,,,,,,,,,,,,,,,,,,,,,,,,,,,,,,,,,,,,,,,,,,,,,,,,,,,,,,,,,,,,,,,,,,,,,,,,,,,,,,,,,,,,,,,,,,,,,,,,,,,,,,,,,,,,,,,,,,,,,,,,,,,,,,,,,
191,PET,HT,#11,-,GASOLINE_1,1.2790027093613934,1.4217575881726527,53.9675560335543,-0.6924348208911181,1.148783076523033,-25.931230428794503,0.5195033398831,,,,,,,,,,,,,,,PVC,SG,#1,-,MeOH_1,0.6306723569444102,1.8806268638335246,31.44165865493168,-0.2483921388593272,-0.5479672232591987,-14.569915477300356,0.536604743496411,138,,,,,,,,,,,,,,,,,PET,LT,#8,#11,BA_1,1.0888626583930023,2.6053778594097845,54.939894758967625,-0.5258298258939902,-0.5324845939734575,-30.339514709847197,0.44776896928993487,138,,,,,,,,,,,,,,,,,,,,,,,,,,,,,,,,,,,,,,,,,,,,,,,,,,,,,,,,,,,,,,,,,,,,,,,,,,,,,,,,,,,,,,,,,,,,,,,,,,,,,,,,,,,,,,,,,,,,,,,,,,,,,,,,,,,,,,,,,,,,,,,,,,,,,,,,,,,,,,,,
192,PET,LT,#1,-,GASOLINE_1,1.3153660019012678,3.383194727273098,61.50412066841878,-0.8930028165210052,-0.7973983851714438,-37.80351554930586,0.38534987349689465,,,,,,,,,,,,,,,PVC,SG,#3,-,H2_1,0.6306571420340851,2.216968181138067,33.54006506455463,-0.2546278284616782,-0.6985112464900741,-11.632369735668638,0.6531798697086666,139,,,,,,,,,,,,,,,,,PET,HT,#1,-,GASOLINE_1,1.1906929894891884,3.33677290594707,54.06894166421327,-0.5112369826139413,-0.822697914326765,-22.58962528304701,0.5822070011405743,139,,,,,,,,,,,,,,,,,,,,,,,,,,,,,,,,,,,,,,,,,,,,,,,,,,,,,,,,,,,,,,,,,,,,,,,,,,,,,,,,,,,,,,,,,,,,,,,,,,,,,,,,,,,,,,,,,,,,,,,,,,,,,,,,,,,,,,,,,,,,,,,,,,,,,,,,,,,,,,,,
193,PET,LT,#2,-,GASOLINE_1,1.4404123895082346,2.7701872701063506,57.764901408325265,-0.9959973505786284,-0.3051632028388119,-36.42581140587483,0.3694127312987151,,,,,,,,,,,,,,,PVC,SG,#6,-,MeOH_1,0.6452647613717465,1.8249573411986366,34.98731006139432,-0.23533726517619244,-0.486623770182994,-17.799675226034104,0.49125339459364115,140,,,,,,,,,,,,,,,,,PET,HT,#2,-,GASOLINE_1,1.385711671558463,3.5334232582611325,60.08711128512527,-0.6902373677980065,-1.2092874716909032,-32.91624253007643,0.45219129650146883,140,,,,,,,,,,,,,,,,,,,,,,,,,,,,,,,,,,,,,,,,,,,,,,,,,,,,,,,,,,,,,,,,,,,,,,,,,,,,,,,,,,,,,,,,,,,,,,,,,,,,,,,,,,,,,,,,,,,,,,,,,,,,,,,,,,,,,,,,,,,,,,,,,,,,,,,,,,,,,,,,
194,PET,LT,#3,-,GASOLINE_1,1.2530055218785536,2.274121724482803,53.13289023919934,-0.8054811075309487,0.38595038930787384,-28.144020187856487,0.4703088790925033,,,,,,,,,,,,,,,PVC,SG,#8,-,H2_1,0.6627480139686562,2.510215620857096,38.894403423204714,-0.2746074440823032,-0.985736413008317,-17.207769291792022,0.5575772404950752,141,,,,,,,,,,,,,,,,,PET,HT,#3,-,GASOLINE_1,1.1833759972309825,3.4306650894948287,56.036436605182686,-0.4697793464045238,-0.8765297772913421,-24.352888971049122,0.565409750398069,141,,,,,,,,,,,,,,,,,,,,,,,,,,,,,,,,,,,,,,,,,,,,,,,,,,,,,,,,,,,,,,,,,,,,,,,,,,,,,,,,,,,,,,,,,,,,,,,,,,,,,,,,,,,,,,,,,,,,,,,,,,,,,,,,,,,,,,,,,,,,,,,,,,,,,,,,,,,,,,,,
195,PET,LT,#4,-,MeOH_1,1.5001988564784332,2.8233787442641662,69.42349038229327,-1.1042835929088382,-0.5224993428005907,-47.087181848724086,0.32173992420389963,,,,,,,,,,,,,,,PS,HT,#6,-,MeOH_1,1.4055909044643926,3.8682341103655915,95.37794085057011,-0.07581516219092464,-0.5996289757665104,-42.2631517498281,0.5568875635924837,142,,,,,,,,,,,,,,,,,PET,HT,#4,-,MeOH_1,1.4359037708426363,4.6450304369220845,74.76269353909326,-0.8260558568208686,-2.2721836511628317,-46.385239918382034,0.3795670310603872,142,,,,,,,,,,,,,,,,,,,,,,,,,,,,,,,,,,,,,,,,,,,,,,,,,,,,,,,,,,,,,,,,,,,,,,,,,,,,,,,,,,,,,,,,,,,,,,,,,,,,,,,,,,,,,,,,,,,,,,,,,,,,,,,,,,,,,,,,,,,,,,,,,,,,,,,,,,,,,,,,
196,PET,LT,#5,-,FT_1,1.627531385908628,2.4897134398551155,72.02047982229327,-1.065506409513946,0.10838095096061111,-45.72616673568648,0.3650949445419777,,,,,,,,,,,,,,,PS,HT,#7,-,GASOLINE_1,1.4930718479526779,4.519721050646621,99.02858931660212,-0.1721550915978463,-1.2956414704795431,-46.47338859170459,0.530707355194917,143,,,,,,,,,,,,,,,,,PET,HT,#5,-,GASOLINE_1,1.535209057876661,4.9413432501122,79.57112520512527,-0.7599759207240104,-2.6053116256750624,-48.905631534758065,0.3853846931448445,143,,,,,,,,,,,,,,,,,,,,,,,,,,,,,,,,,,,,,,,,,,,,,,,,,,,,,,,,,,,,,,,,,,,,,,,,,,,,,,,,,,,,,,,,,,,,,,,,,,,,,,,,,,,,,,,,,,,,,,,,,,,,,,,,,,,,,,,,,,,,,,,,,,,,,,,,,,,,,,,,
197,PET,LT,#6,-,Olefin,1.0325990283365667,1.3873529756022007,42.400282956800005,-0.6054715757967756,1.0836672035408765,-19.351141835884192,0.543608191115132,,,,,,,,,,,,,,,PS,LT,#6,-,MeOH_1,1.440951096961061,3.9955046932457465,97.01770419087157,-0.11683600205330606,-0.7272558061905903,-43.399191796214076,0.5526672976013637,144,,,,,,,,,,,,,,,,,PET,HT,#7,-,MeOH_1,1.0757075739313153,2.652968239359061,57.8487375101949,-0.38761013662684857,-0.17366586697135628,-27.546376288085757,0.5238206143525405,144,,,,,,,,,,,,,,,,,,,,,,,,,,,,,,,,,,,,,,,,,,,,,,,,,,,,,,,,,,,,,,,,,,,,,,,,,,,,,,,,,,,,,,,,,,,,,,,,,,,,,,,,,,,,,,,,,,,,,,,,,,,,,,,,,,,,,,,,,,,,,,,,,,,,,,,,,,,,,,,,
198,PET,LT,#7,-,MeOH_1,1.186857246279822,2.229591775053162,53.05536793738543,-0.7370869761648774,0.2950745488977408,-29.300672678480467,0.447734059387537,,,,,,,,,,,,,,,PS,LT,#7,-,GASOLINE_1,1.529677060093556,4.660248966962777,100.70901809690358,-0.21688215076396034,-1.4389271416744804,-47.74064557234606,0.5259546118659466,145,,,,,,,,,,,,,,,,,PET,HT,#8,-,GASOLINE_1,1.1820034044096677,2.9503419811054545,60.6263607311069,-0.45997108194548875,-0.5785709450170707,-31.873380410837697,0.47426531913726233,145,,,,,,,,,,,,,,,,,,,,,,,,,,,,,,,,,,,,,,,,,,,,,,,,,,,,,,,,,,,,,,,,,,,,,,,,,,,,,,,,,,,,,,,,,,,,,,,,,,,,,,,,,,,,,,,,,,,,,,,,,,,,,,,,,,,,,,,,,,,,,,,,,,,,,,,,,,,,,,,,
199,PET,LT,#8,-,FT_1,1.2754466034735414,2.068855383567415,55.08869275829741,-0.779478475147635,0.449920807666921,-32.326963854466925,0.41318331882911014,,,,,,,,,,,,,,,PS,SG,#1,-,MeOH_1,0.7754021747988665,3.9537013765976323,77.71176083732654,0.07659351272353944,-0.8456949785603982,-39.94397799321374,0.485998289540393,146,,,,,,,,,,,,,,,,,PET,LT,#2,-,GASOLINE_1,1.2171848636525462,3.6400990124999555,55.91498658592528,-0.6945804262503613,-1.429547100677085,-34.003029389839064,0.3918798614466952,146,,,,,,,,,,,,,,,,,,,,,,,,,,,,,,,,,,,,,,,,,,,,,,,,,,,,,,,,,,,,,,,,,,,,,,,,,,,,,,,,,,,,,,,,,,,,,,,,,,,,,,,,,,,,,,,,,,,,,,,,,,,,,,,,,,,,,,,,,,,,,,,,,,,,,,,,,,,,,,,,
200,PET,LT,#9,-,GASOLINE_1,1.1710906724373378,2.032767535263612,51.81942402126127,-0.7166032350355809,0.6388481313252792,-26.87106914209656,0.4814479386904902,,,,,,,,,,,,,,,PS,SG,#2,-,FT_1,0.9514495429939438,4.588528613569978,79.88735443732654,-0.030581859101002206,-1.7120988764697773,-43.956516391127984,0.4497687812955068,147,,,,,,,,,,,,,,,,,PET,LT,#4,-,MeOH_1,1.2446770303902215,4.527484255617771,67.57357555989327,-0.778312092473171,-2.3007077620610277,-44.6643998326883,0.33902565518232225,147,,,,,,,,,,,,,,,,,,,,,,,,,,,,,,,,,,,,,,,,,,,,,,,,,,,,,,,,,,,,,,,,,,,,,,,,,,,,,,,,,,,,,,,,,,,,,,,,,,,,,,,,,,,,,,,,,,,,,,,,,,,,,,,,,,,,,,,,,,,,,,,,,,,,,,,,,,,,,,,,
201,PET,LT,#10,-,MeOH_1,1.3508514827659068,1.8726632400707177,64.89389565226541,-0.8930186238317075,0.49253872997303694,-41.92471500145433,0.35394978865025556,,,,,,,,,,,,,,,PS,SG,#3,-,H2_1,0.7074129214754012,4.585222893016057,71.82709538062574,0.016821525664648788,-1.2035664599950182,-24.148143899987684,0.6638017481839968,148,,,,,,,,,,,,,,,,,PET,LT,#5,-,FT_1,1.3827323470408248,4.469915130408719,70.17056499989327,-0.7466881383498322,-2.244547303057095,-43.3033847196507,0.3828839098029699,148,,,,,,,,,,,,,,,,,,,,,,,,,,,,,,,,,,,,,,,,,,,,,,,,,,,,,,,,,,,,,,,,,,,,,,,,,,,,,,,,,,,,,,,,,,,,,,,,,,,,,,,,,,,,,,,,,,,,,,,,,,,,,,,,,,,,,,,,,,,,,,,,,,,,,,,,,,,,,,,,
202,PET,LT,#11,-,FT_1,1.4167861408222968,2.007720365643554,65.95596331829742,-0.9218833244770928,0.4963067925103319,-43.77822835985964,0.33625064122572296,,,,,,,,,,,,,,,PS,SG,#6,-,MeOH_1,0.7873369683461661,3.712023133929189,80.9172939450494,0.10673313450280518,-0.566824599100998,-42.728847945682034,0.47194418074955613,149,,,,,,,,,,,,,,,,,PET,LT,#7,-,MeOH_1,0.9744678889300291,2.386816337945258,51.20545311498542,-0.42795941912845564,-0.057687265763538775,-26.87789066244468,0.47509710338685013,149,,,,,,,,,,,,,,,,,,,,,,,,,,,,,,,,,,,,,,,,,,,,,,,,,,,,,,,,,,,,,,,,,,,,,,,,,,,,,,,,,,,,,,,,,,,,,,,,,,,,,,,,,,,,,,,,,,,,,,,,,,,,,,,,,,,,,,,,,,,,,,,,,,,,,,,,,,,,,,,,
203,PET,SG,#1,-,MeOH_1,0.9099273022735038,2.0908583554132383,50.75619780221697,-0.47511620672527805,0.2553168410494894,-26.799766374817967,0.47199026847422004,,,,,,,,,,,,,,,PS,SG,#7,-,FT_1,0.9662680906293895,4.806818489557282,85.51616561108138,-0.08821763905117634,-1.8767358441274755,-50.10482166644425,0.4140894729270748,150,,,,,,,,,,,,,,,,,PET,LT,#8,-,FT_1,1.0564596321635942,2.5362964712595106,53.238777935897424,-0.4798420432526997,-0.3074951303272775,-29.90418183843115,0.43830074622604004,150,,,,,,,,,,,,,,,,,,,,,,,,,,,,,,,,,,,,,,,,,,,,,,,,,,,,,,,,,,,,,,,,,,,,,,,,,,,,,,,,,,,,,,,,,,,,,,,,,,,,,,,,,,,,,,,,,,,,,,,,,,,,,,,,,,,,,,,,,,,,,,,,,,,,,,,,,,,,,,,,
204,PET,SG,#2,-,FT_4,1.0641025930808725,1.511848216857163,51.89757300221696,-0.3490932563683053,1.2901016750813765,-24.37957136769672,0.5302367729863731,,,,,,,,,,,,,,,PS,SG,#8,-,H2_1,0.7938742579195431,5.283546527601112,87.63362804431141,-0.007697046775687824,-1.8312656770082198,-40.120411087306316,0.5421801883288493,151,,,,,,,,,,,,,,,,,PET,LT,#10,-,MeOH_1,1.1066875051634892,3.0660388173628133,63.04398082986542,-0.5765362704314321,-0.7959649256561887,-39.501932985418556,0.3734226096537109,151,,,,,,,,,,,,,,,,,,,,,,,,,,,,,,,,,,,,,,,,,,,,,,,,,,,,,,,,,,,,,,,,,,,,,,,,,,,,,,,,,,,,,,,,,,,,,,,,,,,,,,,,,,,,,,,,,,,,,,,,,,,,,,,,,,,,,,,,,,,,,,,,,,,,,,,,,,,,,,,,
205,PET,SG,#3,-,H2_1,0.8600518277480717,1.976173067227424,48.04129266482996,-0.47087027585946145,0.9695638222092116,-18.497054100548297,0.6149759285288838,,,,,,,,,,,,,,,PE,HT,#1,#2,FT_1,1.1053657929587901,3.3820255481763946,81.7509647318173,0.10964573690123644,-0.7625561360329955,-32.77795210498549,0.5990511890286185,152,,,,,,,,,,,,,,,,,PET,LT,#11,-,FT_1,1.164312110184027,3.4963942469356497,64.10604849589741,-0.5913237466286547,-1.2781900660186243,-41.355446343823864,0.35489010297568907,152,,,,,,,,,,,,,,,,,,,,,,,,,,,,,,,,,,,,,,,,,,,,,,,,,,,,,,,,,,,,,,,,,,,,,,,,,,,,,,,,,,,,,,,,,,,,,,,,,,,,,,,,,,,,,,,,,,,,,,,,,,,,,,,,,,,,,,,,,,,,,,,,,,,,,,,,,,,,,,,,
206,PET,SG,#4,-,MeOH_1,1.2826689301121255,1.9872590504428878,81.79075940221696,-0.872806984574538,0.21338890131013633,-56.8844616189096,0.30451236747695826,,,,,,,,,,,,,,,PE,HT,#1,#4,MeOH_1,1.2830548960450225,5.178114419589095,104.9146562657853,-0.07300797675165668,-2.485438737335127,-55.02150471025589,0.4755594054383852,153,,,,,,,,,,,,,,,,,PET,SG,#4,-,MeOH_1,1.0010989126402654,6.187894416842888,81.79075940221696,-0.6009145005685194,-3.8715722768387377,-56.8844616189096,0.30451236747695826,153,,,,,,,,,,,,,,,,,,,,,,,,,,,,,,,,,,,,,,,,,,,,,,,,,,,,,,,,,,,,,,,,,,,,,,,,,,,,,,,,,,,,,,,,,,,,,,,,,,,,,,,,,,,,,,,,,,,,,,,,,,,,,,,,,,,,,,,,,,,,,,,,,,,,,,,,,,,,,,,,
207,PET,SG,#5,-,FT_4,1.4335173270649868,1.4251642866218703,82.74331108221696,-0.7120668581060984,1.380136065746268,-55.35448421634386,0.3310095584482775,,,,,,,,,,,,,,,PE,HT,#1,#5,FT_1,1.4331618832679918,6.357059998984656,112.05916633181731,-0.2184504507406241,-3.7413666731973225,-63.431786617906845,0.43394379331647354,154,,,,,,,,,,,,,,,,,PET,SG,#5,-,FT_4,1.1335843803322299,6.29917222262187,82.74331108221696,-0.48858705049348944,-4.118838008523801,-58.47493326008698,0.29329715604462564,154,,,,,,,,,,,,,,,,,,,,,,,,,,,,,,,,,,,,,,,,,,,,,,,,,,,,,,,,,,,,,,,,,,,,,,,,,,,,,,,,,,,,,,,,,,,,,,,,,,,,,,,,,,,,,,,,,,,,,,,,,,,,,,,,,,,,,,,,,,,,,,,,,,,,,,,,,,,,,,,,
208,PET,SG,#6,-,MeOH_1,0.8914725765552124,1.4722543865755922,53.75375277929451,-0.4133915107002122,0.7935267444739521,-29.24771169262188,0.45589451563114214,,,,,,,,,,,,,,,PE,HT,#1,#8,FT_1,1.132438270691181,3.485850736068261,83.18128022589968,0.07665124277281564,-0.8655729063750005,-34.331006812373644,0.5872748445426764,155,,,,,,,,,,,,,,,,,PET,SG,#9,-,MeOH_1,0.9783985720181195,5.590287530562308,84.68325850441452,-0.5086998492469655,-3.2286689698617552,-60.17745537446344,0.2893819104595934,155,,,,,,,,,,,,,,,,,,,,,,,,,,,,,,,,,,,,,,,,,,,,,,,,,,,,,,,,,,,,,,,,,,,,,,,,,,,,,,,,,,,,,,,,,,,,,,,,,,,,,,,,,,,,,,,,,,,,,,,,,,,,,,,,,,,,,,,,,,,,,,,,,,,,,,,,,,,,,,,,
209,PET,SG,#7,-,FT_1,1.028030817936093,1.4530006659975263,55.86969868532652,-0.4511672834115254,1.2271765981601048,-33.306631163795714,0.40385160565501155,,,,,,,,,,,,,,,PE,HT,#1,#10,MeOH_1,1.3317126891772784,5.5240256811222395,109.36027095986766,-0.11857331511911667,-2.8276195562885524,-59.49500816409739,0.4559723778854709,156,,,,,,,,,,,,,,,,,PET,SG,#10,-,FT_1,1.0804454629549827,6.280790014136517,87.6185622053265,-0.48921772663892493,-4.043032446210011,-64.93096985434272,0.25893591243619574,156,,,,,,,,,,,,,,,,,,,,,,,,,,,,,,,,,,,,,,,,,,,,,,,,,,,,,,,,,,,,,,,,,,,,,,,,,,,,,,,,,,,,,,,,,,,,,,,,,,,,,,,,,,,,,,,,,,,,,,,,,,,,,,,,,,,,,,,,,,,,,,,,,,,,,,,,,,,,,,,,
210,PET,SG,#8,-,H2_1,0.864911684764494,2.2717456658716673,50.30397447129719,-0.50866540458322,0.5557333348782796,-22.29846830900751,0.5567255163559545,,,,,,,,,,,,,,,PE,HT,#1,#11,FT_1,1.4854510205873752,6.731128299041642,116.27753462589968,-0.2772535172191401,-4.115746367122585,-67.91197968361762,0.4159492639561787,157,,,,,,,,,,,,,,,,,PET,OG,#1,-,MeOH_1,0.6801218285614767,2.6467392105168317,34.881936159999995,-0.4694875209074603,-0.4837084337941408,-18.429099765025192,0.4716721090110156,157,,,,,,,,,,,,,,,,,,,,,,,,,,,,,,,,,,,,,,,,,,,,,,,,,,,,,,,,,,,,,,,,,,,,,,,,,,,,,,,,,,,,,,,,,,,,,,,,,,,,,,,,,,,,,,,,,,,,,,,,,,,,,,,,,,,,,,,,,,,,,,,,,,,,,,,,,,,,,,,,
211,PET,SG,#9,-,MeOH_1,1.2603372324799686,1.456442052162307,84.68325850441452,-0.7822571508037277,0.8093374845895037,-60.17745537446344,0.2893819104595934,,,,,,,,,,,,,,,PE,HT,#2,#1,MeOH_1,1.076023875412158,3.032231528312637,79.45125926434532,0.07471693107526221,-0.32023645898452163,-28.162201328102835,0.6455411583294949,158,,,,,,,,,,,,,,,,,PET,OG,#2,-,FT_1,1.3392384639792696,2.6194378980592483,66.34392223999998,-0.6078042150602141,-0.3194018799834841,-37.323779742935685,0.43741975929737126,158,,,,,,,,,,,,,,,,,,,,,,,,,,,,,,,,,,,,,,,,,,,,,,,,,,,,,,,,,,,,,,,,,,,,,,,,,,,,,,,,,,,,,,,,,,,,,,,,,,,,,,,,,,,,,,,,,,,,,,,,,,,,,,,,,,,,,,,,,,,,,,,,,,,,,,,,,,,,,,,,
212,PET,SG,#10,-,FT_1,1.3878486077462968,1.4501773805365183,87.6185622053265,-0.8101775089749457,1.233722573103538,-64.93096985434272,0.25893591243619574,,,,,,,,,,,,,,,PE,HT,#2,#2,FT_1,1.203156956251446,3.8032370095424515,86.17668773037731,-0.04463810877862798,-1.2028392384014708,-36.92653358649043,0.5715020551494948,159,,,,,,,,,,,,,,,,,PET,OG,#4,-,MeOH_1,0.8389038190764326,4.615729328363312,54.99068447999999,-0.6776240243394197,-2.4876297367323534,-41.13549406790457,0.251955227382822,159,,,,,,,,,,,,,,,,,,,,,,,,,,,,,,,,,,,,,,,,,,,,,,,,,,,,,,,,,,,,,,,,,,,,,,,,,,,,,,,,,,,,,,,,,,,,,,,,,,,,,,,,,,,,,,,,,,,,,,,,,,,,,,,,,,,,,,,,,,,,,,,,,,,,,,,,,,,,,,,,
213,PET,OG,#1,-,MeOH_1,0.8149591007374577,2.266650071316832,34.881936159999995,-0.598802797815065,-0.2584033631482804,-18.429099765025192,0.4716721090110156,,,,,,,,,,,,,,,PE,HT,#2,#3,H2_1,1.110188100823427,3.279075538190942,77.62642146570528,-0.02442880724778718,-0.3916821615115833,-23.366617968509782,0.6989862790617887,160,,,,,,,,,,,,,,,,,PET,OG,#5,-,FT_1,1.5141234042082747,4.453551084699669,85.91944319999998,-0.7844914240586348,-2.157663148891546,-57.105018183849516,0.33536559296686025,160,,,,,,,,,,,,,,,,,,,,,,,,,,,,,,,,,,,,,,,,,,,,,,,,,,,,,,,,,,,,,,,,,,,,,,,,,,,,,,,,,,,,,,,,,,,,,,,,,,,,,,,,,,,,,,,,,,,,,,,,,,,,,,,,,,,,,,,,,,,,,,,,,,,,,,,,,,,,,,,,
214,PET,OG,#2,-,FT_1,1.3903304727898635,1.798016995659248,66.34392223999998,-0.6758298778625712,1.142086897011393,-37.323779742935685,0.43741975929737126,,,,,,,,,,,,,,,PE,HT,#2,#4,MeOH_1,1.3808460593376783,5.599325880955151,109.3403792643453,-0.22729182243152124,-2.925721839703602,-59.17008619176082,0.45884506172500966,161,,,,,,,,,,,,,,,,,PET,OG,#9,-,MeOH_1,0.7984842843464044,3.8465566076503457,55.82671604335707,-0.586007213195521,-1.6898980275837236,-42.68754612784031,0.23535631050396008,161,,,,,,,,,,,,,,,,,,,,,,,,,,,,,,,,,,,,,,,,,,,,,,,,,,,,,,,,,,,,,,,,,,,,,,,,,,,,,,,,,,,,,,,,,,,,,,,,,,,,,,,,,,,,,,,,,,,,,,,,,,,,,,,,,,,,,,,,,,,,,,,,,,,,,,,,,,,,,,,,
215,PET,OG,#3,-,H2_1,0.7756335527495077,1.4610904219650243,37.360429960147115,-0.6176820056030934,0.6619028188765207,-25.78998493149862,0.30969785521716037,,,,,,,,,,,,,,,PE,HT,#2,#7,MeOH_1,1.0821187421993306,3.0757724998917184,80.4662419584277,0.059292419450368776,-0.35450974060561957,-30.03592370849164,0.6267264013148585,162,,,,,,,,,,,,,,,,,PET,OG,#10,-,FT_1,1.1733885519039864,3.8233351770178037,72.00183268335707,-0.614019471217597,-1.6194315963574726,-51.24344070581248,0.28830366122531764,162,,,,,,,,,,,,,,,,,,,,,,,,,,,,,,,,,,,,,,,,,,,,,,,,,,,,,,,,,,,,,,,,,,,,,,,,,,,,,,,,,,,,,,,,,,,,,,,,,,,,,,,,,,,,,,,,,,,,,,,,,,,,,,,,,,,,,,,,,,,,,,,,,,,,,,,,,,,,,,,,
216,PET,OG,#4,-,MeOH_1,1.0481512176851822,2.336085629163312,54.99068447999999,-0.8841608260569024,-0.3655672469095686,-41.13549406790457,0.251955227382822,,,,,,,,,,,,,,,PE,HT,#2,#8,FT_1,1.2302294339838367,3.907062197434318,87.60700322445969,-0.08761423566250784,-1.3089348150272608,-38.90648018473777,0.5558976023291804,163,,,,,,,,,,,,,,,,,PP,HT,#1,#5,FT_1,1.391286462650561,6.482726882321995,113.24206212834635,-0.312426960879435,-4.078390094773691,-70.70136147542888,0.3756616565733557,163,,,,,,,,,,,,,,,,,,,,,,,,,,,,,,,,,,,,,,,,,,,,,,,,,,,,,,,,,,,,,,,,,,,,,,,,,,,,,,,,,,,,,,,,,,,,,,,,,,,,,,,,,,,,,,,,,,,,,,,,,,,,,,,,,,,,,,,,,,,,,,,,,,,,,,,,,,,,,,,,
217,PET,OG,#5,-,FT_1,1.6328133964409102,1.7788603198996686,85.91944319999998,-0.9191523799852258,1.1548770709085696,-57.105018183849516,0.33536559296686025,,,,,,,,,,,,,,,PE,HT,#2,#9,H2_1,1.1379012110568554,3.321704844600842,79.35847872629789,-0.04768813689734713,-0.4242423825096327,-24.73427346327074,0.6883222327310784,164,,,,,,,,,,,,,,,,,PP,HT,#1,#11,FT_1,1.4228589313649618,6.698261776914542,117.22421484427896,-0.35213606696255095,-4.217298005488802,-74.38219986202877,0.3654706925455775,164,,,,,,,,,,,,,,,,,,,,,,,,,,,,,,,,,,,,,,,,,,,,,,,,,,,,,,,,,,,,,,,,,,,,,,,,,,,,,,,,,,,,,,,,,,,,,,,,,,,,,,,,,,,,,,,,,,,,,,,,,,,,,,,,,,,,,,,,,,,,,,,,,,,,,,,,,,,,,,,,
218,PET,OG,#6,-,MeOH_1,0.7901092535295883,1.5920148138457668,36.976879883357064,-0.5640636402496082,0.41623189432278457,-23.483578649378714,0.3649118388718232,,,,,,,,,,,,,,,PE,HT,#2,#10,MeOH_1,1.429503852469934,5.945237142488296,113.7859939584277,-0.28283879355443997,-3.270981464940812,-64.07048153646157,0.43692119471338403,165,,,,,,,,,,,,,,,,,PP,HT,#2,#4,MeOH_1,1.3625577270794187,6.2064859740640035,113.35140695058634,-0.34709709017071033,-3.6949446505655326,-69.24347536094106,0.38912557661391356,165,,,,,,,,,,,,,,,,,,,,,,,,,,,,,,,,,,,,,,,,,,,,,,,,,,,,,,,,,,,,,,,,,,,,,,,,,,,,,,,,,,,,,,,,,,,,,,,,,,,,,,,,,,,,,,,,,,,,,,,,,,,,,,,,,,,,,,,,,,,,,,,,,,,,,,,,,,,,,,,,
219,PET,OG,#7,-,FT_1,1.093223444566937,1.3103789501181167,50.83259636335707,-0.5369686867888009,1.2987039142045738,-30.24838713441703,0.40494113426357004,,,,,,,,,,,,,,,PE,HT,#3,#1,MeOH_1,1.1592872794496807,3.7646330768801306,86.6665201561461,0.027439792170213625,-0.9409906761896283,-34.61963123085851,0.6005420412809387,166,,,,,,,,,,,,,,,,,PP,HT,#2,#5,FT_1,1.505736504174739,7.008255704681886,117.13751079058636,-0.4753067206466879,-4.620583451093293,-74.40442828395108,0.36481125660107067,166,,,,,,,,,,,,,,,,,,,,,,,,,,,,,,,,,,,,,,,,,,,,,,,,,,,,,,,,,,,,,,,,,,,,,,,,,,,,,,,,,,,,,,,,,,,,,,,,,,,,,,,,,,,,,,,,,,,,,,,,,,,,,,,,,,,,,,,,,,,,,,,,,,,,,,,,,,,,,,,,
220,PET,OG,#8,-,H2_1,0.7902633459228305,1.3428760006776224,39.75336939530639,-0.6009660980678453,0.8816271256059752,-27.232029239699095,0.31497556926798936,,,,,,,,,,,,,,,PE,HT,#3,#2,FT_1,1.286420360288968,4.535638558109945,93.39194862217806,-0.09191524768367615,-1.8235934556065767,-43.383963489246085,0.5354635583763421,167,,,,,,,,,,,,,,,,,PP,HT,#2,#10,MeOH_1,1.3590368895238343,5.903869748646147,113.43690864048699,-0.32891689740351165,-3.3597026377861594,-68.99058787590491,0.3918153385636132,167,,,,,,,,,,,,,,,,,,,,,,,,,,,,,,,,,,,,,,,,,,,,,,,,,,,,,,,,,,,,,,,,,,,,,,,,,,,,,,,,,,,,,,,,,,,,,,,,,,,,,,,,,,,,,,,,,,,,,,,,,,,,,,,,,,,,,,,,,,,,,,,,,,,,,,,,,,,,,,,,
221,PET,OG,#9,-,MeOH_1,1.008720199294443,1.6509968764503455,55.82671604335707,-0.7909815299274263,0.34953935713241935,-42.68754612784031,0.23535631050396008,,,,,,,,,,,,,,,PE,HT,#3,#3,H2_1,1.1934515048609489,4.011477086758438,84.84168235750604,-0.0717059461528352,-1.0124363787166912,-29.82404787126545,0.6484741103365582,168,,,,,,,,,,,,,,,,,PP,HT,#2,#11,FT_1,1.5373089728891403,7.2237905992744365,121.11966350651898,-0.515015826729804,-4.759491361808407,-78.08526667055095,0.35530479188997915,168,,,,,,,,,,,,,,,,,,,,,,,,,,,,,,,,,,,,,,,,,,,,,,,,,,,,,,,,,,,,,,,,,,,,,,,,,,,,,,,,,,,,,,,,,,,,,,,,,,,,,,,,,,,,,,,,,,,,,,,,,,,,,,,,,,,,,,,,,,,,,,,,,,,,,,,,,,,,,,,,
222,PET,OG,#10,-,FT_1,1.3373614420422593,1.3408196186178032,72.00183268335707,-0.7843971961510041,1.2808972004950625,-51.24344070581248,0.28830366122531764,,,,,,,,,,,,,,,PE,HT,#3,#4,MeOH_1,1.4641094633752003,6.331727429522644,116.55564015614608,-0.27456896133656966,-3.546476056908707,-65.6275160945165,0.4369425966294099,169,,,,,,,,,,,,,,,,,PP,HT,#3,#4,MeOH_1,1.4545359938660423,6.87898054977357,120.01117117496733,-0.4066581931671104,-4.322381409876388,-75.63146397056903,0.36979646786127934,169,,,,,,,,,,,,,,,,,,,,,,,,,,,,,,,,,,,,,,,,,,,,,,,,,,,,,,,,,,,,,,,,,,,,,,,,,,,,,,,,,,,,,,,,,,,,,,,,,,,,,,,,,,,,,,,,,,,,,,,,,,,,,,,,,,,,,,,,,,,,,,,,,,,,,,,,,,,,,,,,
223,PP,HT,#1,#1,MeOH_1,1.0100581150280643,1.897368035522264,74.34146313634636,-0.23755619643190698,1.1146662021972826,-29.60065119054673,0.6018285093978107,,,,,,,,,,,,,,,PE,HT,#3,#7,MeOH_1,1.1653821462368528,3.8081740484592124,87.6815028502285,0.02199691330077954,-0.9721851515269405,-36.06646172038813,0.5886651055468977,170,,,,,,,,,,,,,,,,,PP,HT,#3,#5,FT_1,1.5977147709613633,7.680750280391456,123.79727501496737,-0.5348678236430883,-5.248020210404153,-80.79241689357906,0.34738129830554765,170,,,,,,,,,,,,,,,,,,,,,,,,,,,,,,,,,,,,,,,,,,,,,,,,,,,,,,,,,,,,,,,,,,,,,,,,,,,,,,,,,,,,,,,,,,,,,,,,,,,,,,,,,,,,,,,,,,,,,,,,,,,,,,,,,,,,,,,,,,,,,,,,,,,,,,,,,,,,,,,,
224,PP,HT,#1,#2,FT_1,1.141082708823574,1.4379124173383728,76.15525480237835,-0.25886547751644173,1.8636070159677118,-35.433740924014515,0.5347170590399245,,,,,,,,,,,,,,,PE,HT,#3,#8,FT_1,1.3134928380213589,4.639463746001812,94.82226411626047,-0.12490974181209707,-1.9266102259485822,-44.937018196634256,0.5260921196572832,171,,,,,,,,,,,,,,,,,PP,HT,#3,#10,MeOH_1,1.4510151563104579,6.5763643243557155,120.09667286486795,-0.38847800039991187,-3.987139397097018,-75.37857648553286,0.3723508346451164,171,,,,,,,,,,,,,,,,,,,,,,,,,,,,,,,,,,,,,,,,,,,,,,,,,,,,,,,,,,,,,,,,,,,,,,,,,,,,,,,,,,,,,,,,,,,,,,,,,,,,,,,,,,,,,,,,,,,,,,,,,,,,,,,,,,,,,,,,,,,,,,,,,,,,,,,,,,,,,,,,
225,PP,HT,#1,#3,JET FUEL_1,1.0224800511419565,2.0422190528842763,71.86143347419498,-0.3213285885481983,1.5596625975372718,-26.461255006597334,0.6317739053159939,,,,,,,,,,,,,,,PE,HT,#3,#9,H2_1,1.2211646150943778,4.054106393168336,86.57373961809868,-0.08498364304693667,-1.041917793430955,-30.764811475167217,0.6446403769678943,172,,,,,,,,,,,,,,,,,PP,HT,#3,#11,FT_1,1.6292872396757638,7.896285174984002,127.7794277309,-0.5745769297262038,-5.386928121119262,-84.47325528017896,0.3389134950731088,172,,,,,,,,,,,,,,,,,,,,,,,,,,,,,,,,,,,,,,,,,,,,,,,,,,,,,,,,,,,,,,,,,,,,,,,,,,,,,,,,,,,,,,,,,,,,,,,,,,,,,,,,,,,,,,,,,,,,,,,,,,,,,,,,,,,,,,,,,,,,,,,,,,,,,,,,,,,,,,,,
226,PP,HT,#1,#4,MeOH_1,1.4520693137456027,1.870049742782336,108.19129193634635,-0.6830227118624433,0.969988880738329,-65.81642690653344,0.39166613385801774,,,,,,,,,,,,,,,PE,HT,#4,#1,MeOH_1,1.2197530522206415,3.951227425782801,88.8766649421781,-0.0383235761272411,-1.1876021794933922,-37.722234682029,0.575566491985601,173,,,,,,,,,,,,,,,,,PP,HT,#4,#4,MeOH_1,1.5080117716673274,7.003734191858545,121.61617021496733,-0.4441214165155444,-4.475528334400363,-77.70062047903988,0.3610995943903088,173,,,,,,,,,,,,,,,,,,,,,,,,,,,,,,,,,,,,,,,,,,,,,,,,,,,,,,,,,,,,,,,,,,,,,,,,,,,,,,,,,,,,,,,,,,,,,,,,,,,,,,,,,,,,,,,,,,,,,,,,,,,,,,,,,,,,,,,,,,,,,,,,,,,,,,,,,,,,,,,,
227,PP,HT,#1,#5,FT_1,1.6266936734294555,1.7695321902002188,111.97739577634634,-0.7394700470009349,1.5231174293070242,-70.97737982954344,0.3661454676861094,,,,,,,,,,,,,,,PE,HT,#4,#2,FT_1,1.3468861330599293,4.722232907012615,95.60209340821008,-0.15767861598113114,-2.0702049589103413,-46.4865669404166,0.513749487242667,174,,,,,,,,,,,,,,,,,PP,HT,#4,#5,FT_1,1.6511905487626484,7.805503922476428,125.40227405496735,-0.5723310469915225,-5.401167134928125,-82.8615734020499,0.33923388529836923,174,,,,,,,,,,,,,,,,,,,,,,,,,,,,,,,,,,,,,,,,,,,,,,,,,,,,,,,,,,,,,,,,,,,,,,,,,,,,,,,,,,,,,,,,,,,,,,,,,,,,,,,,,,,,,,,,,,,,,,,,,,,,,,,,,,,,,,,,,,,,,,,,,,,,,,,,,,,,,,,,
228,PP,HT,#1,#6,Olefin,0.7932523648987801,0.8179713949656241,58.91169562428962,-0.21646503077166188,2.1791211260735386,-18.42735810433059,0.6872037392735834,,,,,,,,,,,,,,,PE,HT,#4,#3,H2_1,1.2539172776319103,4.198071435661107,87.05182714353805,-0.1374693144502902,-1.2590478820204538,-32.92665132243596,0.6217580675458557,175,,,,,,,,,,,,,,,,,PP,HT,#4,#10,MeOH_1,1.504490934111743,6.701117966440688,121.70167190486795,-0.4259412237483457,-4.14028632162099,-77.44773299400372,0.36362638424110366,175,,,,,,,,,,,,,,,,,,,,,,,,,,,,,,,,,,,,,,,,,,,,,,,,,,,,,,,,,,,,,,,,,,,,,,,,,,,,,,,,,,,,,,,,,,,,,,,,,,,,,,,,,,,,,,,,,,,,,,,,,,,,,,,,,,,,,,,,,,,,,,,,,,,,,,,,,,,,,,,,
229,PP,HT,#1,#7,MeOH_1,0.9999682702603925,1.6519718089413598,74.46458562624699,-0.22782098506423396,1.4076518373751365,-30.89763385004718,0.5850694180300857,,,,,,,,,,,,,,,PE,HT,#4,#6,Olefin,1.0634512844909676,2.52535908202367,75.61726889088652,-0.11557088451926675,-0.051173183380320966,-27.244063605354157,0.6397110870974918,176,,,,,,,,,,,,,,,,,PP,HT,#4,#11,FT_1,1.682763017477049,8.021038817068977,129.38442677089995,-0.6120401530746382,-5.540075045643237,-86.54241178864977,0.33112188268307,176,,,,,,,,,,,,,,,,,,,,,,,,,,,,,,,,,,,,,,,,,,,,,,,,,,,,,,,,,,,,,,,,,,,,,,,,,,,,,,,,,,,,,,,,,,,,,,,,,,,,,,,,,,,,,,,,,,,,,,,,,,,,,,,,,,,,,,,,,,,,,,,,,,,,,,,,,,,,,,,,
230,PP,HT,#1,#8,FT_1,1.1587811140017044,1.4277210783870051,80.648233292279,-0.30115128354500015,1.9390526975928828,-38.81892390698,0.5186636790133331,,,,,,,,,,,,,,,PE,HT,#4,#7,MeOH_1,1.225847919007814,3.9947683973618817,89.89164763626049,-0.04376645499667504,-1.2187966548307043,-39.16906517155862,0.5642635750759272,177,,,,,,,,,,,,,,,,,PP,HT,#5,#4,MeOH_1,1.4416760546344254,6.657160731655159,119.13765118510639,-0.38543116402547256,-4.011630375192753,-73.0858177856546,0.38654306964554974,177,,,,,,,,,,,,,,,,,,,,,,,,,,,,,,,,,,,,,,,,,,,,,,,,,,,,,,,,,,,,,,,,,,,,,,,,,,,,,,,,,,,,,,,,,,,,,,,,,,,,,,,,,,,,,,,,,,,,,,,,,,,,,,,,,,,,,,,,,,,,,,,,,,,,,,,,,,,,,,,,
231,PP,HT,#1,#9,JET FUEL_1,1.0207288306935351,1.2861658447208741,72.4629892274199,-0.2989997150262323,2.3336804740095394,-24.61978802985886,0.6602432732578638,,,,,,,,,,,,,,,PE,HT,#4,#8,FT_1,1.37395861079232,4.826058094904481,97.03240890229247,-0.19067311010955196,-2.1732217292523464,-48.039621647804765,0.5049115837557056,178,,,,,,,,,,,,,,,,,PP,HT,#5,#5,FT_1,1.5848548317297462,7.45893046227304,122.92375502510642,-0.5136407945014507,-4.937269175720512,-78.24677070866461,0.3634528111130091,178,,,,,,,,,,,,,,,,,,,,,,,,,,,,,,,,,,,,,,,,,,,,,,,,,,,,,,,,,,,,,,,,,,,,,,,,,,,,,,,,,,,,,,,,,,,,,,,,,,,,,,,,,,,,,,,,,,,,,,,,,,,,,,,,,,,,,,,,,,,,,,,,,,,,,,,,,,,,,,,,
232,PP,HT,#1,#10,MeOH_1,1.4433156459549266,1.704890828003115,108.27679362624697,-0.6627230183653612,1.218658256959925,-65.56353942149728,0.39448207482194714,,,,,,,,,,,,,,,PE,HT,#4,#9,H2_1,1.2816303878653386,4.240700742071005,88.78388440413069,-0.15074701134439095,-1.2885292967347175,-33.867414926337716,0.6185409643468806,179,,,,,,,,,,,,,,,,,PP,HT,#5,#10,MeOH_1,1.4381552170788405,6.354544506237302,119.22315287500702,-0.36725097125827355,-3.676388362413379,-72.83293030061843,0.3891041417351534,179,,,,,,,,,,,,,,,,,,,,,,,,,,,,,,,,,,,,,,,,,,,,,,,,,,,,,,,,,,,,,,,,,,,,,,,,,,,,,,,,,,,,,,,,,,,,,,,,,,,,,,,,,,,,,,,,,,,,,,,,,,,,,,,,,,,,,,,,,,,,,,,,,,,,,,,,,,,,,,,,
233,PP,HT,#1,#11,FT_1,1.6659410136811283,1.802398136231403,115.959548492279,-0.8079766666881313,1.5594413894202004,-74.65821821614335,0.35617015427483867,,,,,,,,,,,,,,,PE,HT,#5,#1,MeOH_1,1.1732062588627583,3.551255345747651,85.79288827848882,0.01714189791850714,-0.6796796619768631,-32.46182121246823,0.6216257330433353,180,,,,,,,,,,,,,,,,,PP,HT,#5,#11,FT_1,1.616427300444147,7.67446535686559,126.90590774103907,-0.5533499005845666,-5.076177086435625,-81.92760909526451,0.3544224177298042,180,,,,,,,,,,,,,,,,,,,,,,,,,,,,,,,,,,,,,,,,,,,,,,,,,,,,,,,,,,,,,,,,,,,,,,,,,,,,,,,,,,,,,,,,,,,,,,,,,,,,,,,,,,,,,,,,,,,,,,,,,,,,,,,,,,,,,,,,,,,,,,,,,,,,,,,,,,,,,,,,
234,PP,HT,#2,#1,MeOH_1,1.1425814193512454,2.281557084921788,78.90097433954635,-0.38702329573687705,0.8407043612586722,-34.295280206774585,0.5653376844348388,,,,,,,,,,,,,,,PE,HT,#5,#2,FT_1,1.300339339702046,4.322260826977464,92.51831674452082,-0.10221314193538276,-1.5622824413938117,-41.22615347085584,0.5544000915548719,181,,,,,,,,,,,,,,,,,PP,HT,#6,#4,MeOH_1,1.5482138700735726,7.44344392924492,127.71042733496732,-0.4938886488610643,-4.868551782947382,-83.15155587173946,0.34890550750688454,181,,,,,,,,,,,,,,,,,,,,,,,,,,,,,,,,,,,,,,,,,,,,,,,,,,,,,,,,,,,,,,,,,,,,,,,,,,,,,,,,,,,,,,,,,,,,,,,,,,,,,,,,,,,,,,,,,,,,,,,,,,,,,,,,,,,,,,,,,,,,,,,,,,,,,,,,,,,,,,,,
235,PP,HT,#2,#2,FT_1,1.2736060131467535,1.8221014667378967,80.71476600557834,-0.4083325768214101,1.5896451750291014,-40.12836994024237,0.5028373130949915,,,,,,,,,,,,,,,PE,HT,#5,#3,H2_1,1.2073704842740272,3.7980993556259555,83.9680504798488,-0.08200384040454196,-0.7511253645039242,-27.66623785287521,0.6705147053579059,182,,,,,,,,,,,,,,,,,PP,HT,#6,#5,FT_1,1.691392647168892,8.245213659862802,131.49653117496734,-0.622098279337041,-5.794190583475142,-88.31250879474945,0.32840427039674425,182,,,,,,,,,,,,,,,,,,,,,,,,,,,,,,,,,,,,,,,,,,,,,,,,,,,,,,,,,,,,,,,,,,,,,,,,,,,,,,,,,,,,,,,,,,,,,,,,,,,,,,,,,,,,,,,,,,,,,,,,,,,,,,,,,,,,,,,,,,,,,,,,,,,,,,,,,,,,,,,,
236,PP,HT,#2,#3,H2_1,1.155003355465138,2.4264081022837996,76.42094467739498,-0.47079568785316855,1.2857007565986622,-31.155884022825195,0.5923122364641354,,,,,,,,,,,,,,,PE,HT,#5,#4,MeOH_1,1.4780284427882782,6.118349698390163,115.68200827848882,-0.284866855588276,-3.285165042695941,-63.46970607612626,0.4513433245096204,183,,,,,,,,,,,,,,,,,PP,HT,#6,#10,MeOH_1,1.5446930325179877,7.140827703827063,127.79592902486799,-0.4757084560938654,-4.5333097701680085,-82.89866838670332,0.35131995972601016,183,,,,,,,,,,,,,,,,,,,,,,,,,,,,,,,,,,,,,,,,,,,,,,,,,,,,,,,,,,,,,,,,,,,,,,,,,,,,,,,,,,,,,,,,,,,,,,,,,,,,,,,,,,,,,,,,,,,,,,,,,,,,,,,,,,,,,,,,,,,,,,,,,,,,,,,,,,,,,,,,
237,PP,HT,#2,#4,MeOH_1,1.5845926180687842,2.25423879218186,112.75080313954638,-0.832489811167414,0.6960270397997186,-70.51105592276134,0.37462923580692264,,,,,,,,,,,,,,,PE,HT,#5,#7,MeOH_1,1.1793011256499308,3.5947963173267317,86.8078709725712,0.011699019049072916,-0.7108741373141754,-33.908651701997854,0.609382751562793,184,,,,,,,,,,,,,,,,,PP,HT,#6,#11,FT_1,1.7229651158832942,8.46074855445535,135.4786838909,-0.6618073854201575,-5.933098494190254,-91.99334718134935,0.32097548825148803,184,,,,,,,,,,,,,,,,,,,,,,,,,,,,,,,,,,,,,,,,,,,,,,,,,,,,,,,,,,,,,,,,,,,,,,,,,,,,,,,,,,,,,,,,,,,,,,,,,,,,,,,,,,,,,,,,,,,,,,,,,,,,,,,,,,,,,,,,,,,,,,,,,,,,,,,,,,,,,,,,
238,PP,HT,#2,#5,FT_1,1.7592169777526354,2.153721239599743,116.53690697954633,-0.8889371463059038,1.2491555883684136,-75.6720088457713,0.35066056919588,,,,,,,,,,,,,,,PE,HT,#5,#8,FT_1,1.3274118174344367,4.426086014869331,93.9486322386032,-0.1352076360638033,-1.6652992117358165,-42.77920817824399,0.54465320932404,185,,,,,,,,,,,,,,,,,PP,HT,#7,#2,FT_1,1.3787504279854488,5.096502487057851,97.39615596099934,-0.31866626368374934,-2.660131517463966,-54.771791430619736,0.4376390845183646,185,,,,,,,,,,,,,,,,,,,,,,,,,,,,,,,,,,,,,,,,,,,,,,,,,,,,,,,,,,,,,,,,,,,,,,,,,,,,,,,,,,,,,,,,,,,,,,,,,,,,,,,,,,,,,,,,,,,,,,,,,,,,,,,,,,,,,,,,,,,,,,,,,,,,,,,,,,,,,,,,
239,PP,HT,#2,#6,Olefin,0.9257756692219613,1.2021604443651484,63.47120682748963,-0.3659321300766321,1.9051592851349286,-23.12198712055846,0.6357090360137246,,,,,,,,,,,,,,,PE,HT,#5,#9,H2_1,1.2350835945074556,3.8407286620358576,85.70010774044141,-0.09528153729864314,-0.7806067792181909,-28.607001456776956,0.6661964353251627,186,,,,,,,,,,,,,,,,,PP,HT,#7,#4,MeOH_1,1.5946252520312518,7.7548591533018145,129.43219309496732,-0.5467876085662651,-5.203187453196338,-85.15447741313864,0.3420919836330141,186,,,,,,,,,,,,,,,,,,,,,,,,,,,,,,,,,,,,,,,,,,,,,,,,,,,,,,,,,,,,,,,,,,,,,,,,,,,,,,,,,,,,,,,,,,,,,,,,,,,,,,,,,,,,,,,,,,,,,,,,,,,,,,,,,,,,,,,,,,,,,,,,,,,,,,,,,,,,,,,,
240,PP,HT,#2,#7,MeOH_1,1.1324915745835737,2.0361608583408843,79.02409682944699,-0.3772880843692042,1.1336899964365261,-35.59226286627505,0.5496024087046295,,,,,,,,,,,,,,,PE,HT,#6,#1,MeOH_1,1.240614671952404,3.96908754878081,90.70564559614611,-0.0502487425313042,-1.181802537551083,-39.19003312820466,0.5679427353100746,187,,,,,,,,,,,,,,,,,PP,HT,#7,#5,FT_1,1.7378040291265726,8.556628883919698,133.21829693496733,-0.6749972390422427,-6.1288262537241,-90.31543033614862,0.3220493549753336,187,,,,,,,,,,,,,,,,,,,,,,,,,,,,,,,,,,,,,,,,,,,,,,,,,,,,,,,,,,,,,,,,,,,,,,,,,,,,,,,,,,,,,,,,,,,,,,,,,,,,,,,,,,,,,,,,,,,,,,,,,,,,,,,,,,,,,,,,,,,,,,,,,,,,,,,,,,,,,,,,
241,PP,HT,#2,#8,FT_1,1.2913044183248856,1.811910127786529,85.20774449547898,-0.4506183828499705,1.6650908566542726,-43.51355292320785,0.4893239671950638,,,,,,,,,,,,,,,PE,HT,#6,#2,FT_1,1.3677477527916917,4.740093030010625,97.43107406217808,-0.16960378238519427,-2.0644053169680325,-47.95436538659226,0.5078124115106339,188,,,,,,,,,,,,,,,,,PP,HT,#7,#8,FT_1,1.3825641091171472,5.331536333467847,101.88913445089999,-0.32684518520622946,-2.8220062758552875,-58.156974413585196,0.4292131862047484,188,,,,,,,,,,,,,,,,,,,,,,,,,,,,,,,,,,,,,,,,,,,,,,,,,,,,,,,,,,,,,,,,,,,,,,,,,,,,,,,,,,,,,,,,,,,,,,,,,,,,,,,,,,,,,,,,,,,,,,,,,,,,,,,,,,,,,,,,,,,,,,,,,,,,,,,,,,,,,,,,
242,PP,HT,#2,#9,H2_1,1.1532521350167149,1.670354894120398,77.02250043061989,-0.4484668143312011,2.059718633070929,-29.31441704608671,0.6194045002149408,,,,,,,,,,,,,,,PE,HT,#6,#3,MeOH_1,1.274778897363673,4.215931558659116,88.88080779750605,-0.14939448085435386,-1.2532482400781446,-34.394449768611615,0.6130272595297372,189,,,,,,,,,,,,,,,,,PP,HT,#7,#10,MeOH_1,1.5911044144756672,7.452242927883959,129.51769478486798,-0.5286074157990662,-4.867945440416966,-84.9015899281025,0.34447883689463354,189,,,,,,,,,,,,,,,,,,,,,,,,,,,,,,,,,,,,,,,,,,,,,,,,,,,,,,,,,,,,,,,,,,,,,,,,,,,,,,,,,,,,,,,,,,,,,,,,,,,,,,,,,,,,,,,,,,,,,,,,,,,,,,,,,,,,,,,,,,,,,,,,,,,,,,,,,,,,,,,,
243,PP,HT,#2,#10,MeOH_1,1.575838950278108,2.0890798774026393,112.83630482944702,-0.8121901176703314,0.9446964160213143,-70.25816843772519,0.3773442993908656,,,,,,,,,,,,,,,PE,HT,#6,#6,Olefin,1.0843129042227302,2.54321920502168,77.44624954485452,-0.12749605092333,-0.04537354143801242,-28.711862051529817,0.6292672373385779,190,,,,,,,,,,,,,,,,,PP,HT,#7,#11,FT_1,1.7693764978409738,8.772163778512246,137.20044965089997,-0.7147063451253591,-6.267734164439211,-93.99626872274852,0.31489824587370097,190,,,,,,,,,,,,,,,,,,,,,,,,,,,,,,,,,,,,,,,,,,,,,,,,,,,,,,,,,,,,,,,,,,,,,,,,,,,,,,,,,,,,,,,,,,,,,,,,,,,,,,,,,,,,,,,,,,,,,,,,,,,,,,,,,,,,,,,,,,,,,,,,,,,,,,,,,,,,,,,,
244,PP,HT,#2,#11,FT_1,1.7984643180043092,2.186587185630927,120.51905969547897,-0.9574437659931011,1.2854795484815902,-79.3528472323712,0.34157429179354976,,,,,,,,,,,,,,,PE,HT,#6,#7,MeOH_1,1.2467095387395766,4.012628520359892,91.72062829022846,-0.055691621400738425,-1.2129970128883958,-40.636863617734264,0.5569495720292231,191,,,,,,,,,,,,,,,,,PP,HT,#8,#4,MeOH_1,1.3947681657156314,5.579716538464152,105.08016827019142,-0.4229880609832017,-3.1098055074260986,-62.81780855802609,0.4021915876980385,191,,,,,,,,,,,,,,,,,,,,,,,,,,,,,,,,,,,,,,,,,,,,,,,,,,,,,,,,,,,,,,,,,,,,,,,,,,,,,,,,,,,,,,,,,,,,,,,,,,,,,,,,,,,,,,,,,,,,,,,,,,,,,,,,,,,,,,,,,,,,,,,,,,,,,,,,,,,,,,,,
245,PP,HT,#3,#1,MeOH_1,1.2401582242107478,2.726025131046304,85.56470777496735,-0.4533329345695816,0.4147114588768476,-39.65433308029654,0.5365573714739229,,,,,,,,,,,,,,,PE,HT,#6,#8,FT_1,1.394820230524083,4.843918217902492,98.86138955626048,-0.20259827651361548,-2.167422087310037,-49.507420093980414,0.4992239102020054,192,,,,,,,,,,,,,,,,,PP,HT,#8,#5,FT_1,1.5379469428109518,6.381486269082035,108.86627211019142,-0.5511976914591792,-4.035444307953861,-67.97876148103609,0.3755755555565467,192,,,,,,,,,,,,,,,,,,,,,,,,,,,,,,,,,,,,,,,,,,,,,,,,,,,,,,,,,,,,,,,,,,,,,,,,,,,,,,,,,,,,,,,,,,,,,,,,,,,,,,,,,,,,,,,,,,,,,,,,,,,,,,,,,,,,,,,,,,,,,,,,,,,,,,,,,,,,,,,,
246,PP,HT,#3,#2,FT_1,1.3711828180062577,2.266569512862413,87.37849944099933,-0.47464221565411635,1.1636522726472764,-45.487422813764304,0.4794208746457265,,,,,,,,,,,,,,,PE,HT,#6,#9,MeOH_1,1.3024920075971016,4.258560865069016,90.61286505809869,-0.16267217774845477,-1.2827296547924096,-35.33521337251339,0.6100419807953612,193,,,,,,,,,,,,,,,,,PP,HT,#8,#10,MeOH_1,1.3912473281600466,5.277100313046295,105.16566996009207,-0.40480786821600256,-2.7745634946467246,-62.56492107298994,0.4050822754542249,193,,,,,,,,,,,,,,,,,,,,,,,,,,,,,,,,,,,,,,,,,,,,,,,,,,,,,,,,,,,,,,,,,,,,,,,,,,,,,,,,,,,,,,,,,,,,,,,,,,,,,,,,,,,,,,,,,,,,,,,,,,,,,,,,,,,,,,,,,,,,,,,,,,,,,,,,,,,,,,,,
247,PP,HT,#3,#3,H2_1,1.25258016032464,2.870876148408316,83.08467811281596,-0.5371053266858729,0.859707854216837,-36.51493689634713,0.5605093775922732,,,,,,,,,,,,,,,PE,HT,#7,#1,MeOH_1,1.2958137107020549,4.349948213876824,92.80363279614609,-0.11329355956738638,-1.5909529868157177,-41.631180131547545,0.551405706035288,194,,,,,,,,,,,,,,,,,PP,HT,#8,#11,FT_1,1.5695194115253528,6.597021163674583,112.84842482612406,-0.590906797542295,-4.1743522186689725,-71.65959986763598,0.36499246685943104,194,,,,,,,,,,,,,,,,,,,,,,,,,,,,,,,,,,,,,,,,,,,,,,,,,,,,,,,,,,,,,,,,,,,,,,,,,,,,,,,,,,,,,,,,,,,,,,,,,,,,,,,,,,,,,,,,,,,,,,,,,,,,,,,,,,,,,,,,,,,,,,,,,,,,,,,,,,,,,,,,
248,PP,HT,#3,#4,MeOH_1,1.6821694229282862,2.698706838306376,119.41453657496733,-0.8987994500001181,0.2700341374178937,-75.87010879628325,0.3646493050814404,,,,,,,,,,,,,,,PE,HT,#7,#2,FT_1,1.4229467915413425,5.12095369510664,99.52906126217808,-0.23264859942127586,-2.473555766232668,-50.39551238993514,0.4936603264328599,195,,,,,,,,,,,,,,,,,PP,HT,#9,#2,FT_1,1.2809343765995198,3.342373672296567,76.13150774790343,-0.33093949183086535,-0.9966711182507786,-35.28507015511307,0.5365247425290249,195,,,,,,,,,,,,,,,,,,,,,,,,,,,,,,,,,,,,,,,,,,,,,,,,,,,,,,,,,,,,,,,,,,,,,,,,,,,,,,,,,,,,,,,,,,,,,,,,,,,,,,,,,,,,,,,,,,,,,,,,,,,,,,,,,,,,,,,,,,,,,,,,,,,,,,,,,,,,,,,,
249,PP,HT,#3,#5,FT_1,1.8567937826121372,2.5981892857242594,123.20064041496735,-0.9552467851386076,0.8231626859865883,-81.03106171929326,0.3422837621106311,,,,,,,,,,,,,,,PE,HT,#7,#3,H2_1,1.3299779361133233,4.596792223755131,90.97879499750604,-0.21243929789043506,-1.6623986893427807,-36.835596771954506,0.5951188760747572,196,,,,,,,,,,,,,,,,,PP,HT,#9,#3,H2_1,1.1916292052991637,2.959231839362471,71.83768641972004,-0.31891791797366836,-0.2451161232615292,-26.312584237695866,0.6337217197675112,196,,,,,,,,,,,,,,,,,,,,,,,,,,,,,,,,,,,,,,,,,,,,,,,,,,,,,,,,,,,,,,,,,,,,,,,,,,,,,,,,,,,,,,,,,,,,,,,,,,,,,,,,,,,,,,,,,,,,,,,,,,,,,,,,,,,,,,,,,,,,,,,,,,,,,,,,,,,,,,,,
250,PP,HT,#3,#6,Olefin,1.0233524740814635,1.6466284904896644,70.13494026291062,-0.4322417689093366,1.4791663827531034,-28.481039994080405,0.5939108255127152,,,,,,,,,,,,,,,PE,HT,#7,#6,Olefin,1.1395119429723806,2.924079870117693,79.54423674485453,-0.19054086795941175,-0.45452399070264665,-31.15300905487272,0.6083561760131175,197,,,,,,,,,,,,,,,,,PP,HT,#9,#4,MeOH_1,1.496809200645323,6.0007303385405315,108.16754488187141,-0.5590608367133812,-3.539727053983151,-65.667756137632,0.39290702946667566,197,,,,,,,,,,,,,,,,,,,,,,,,,,,,,,,,,,,,,,,,,,,,,,,,,,,,,,,,,,,,,,,,,,,,,,,,,,,,,,,,,,,,,,,,,,,,,,,,,,,,,,,,,,,,,,,,,,,,,,,,,,,,,,,,,,,,,,,,,,,,,,,,,,,,,,,,,,,,,,,,
251,PP,HT,#3,#7,MeOH_1,1.2300683794430762,2.4806289044654,85.68783026486797,-0.4435977232019087,0.707697094054701,-40.95131573979698,0.5220871433759826,,,,,,,,,,,,,,,PE,HT,#7,#7,MeOH_1,1.301908577489227,4.393489185455906,93.81861549022848,-0.11873643843682004,-1.6221474621530312,-43.07801062107716,0.5408372805761146,198,,,,,,,,,,,,,,,,,PP,HT,#9,#5,FT_1,1.6399879777406434,6.802500069158416,111.95364872187142,-0.6872704671893588,-4.465365854510914,-70.828709060642,0.36733898475606536,198,,,,,,,,,,,,,,,,,,,,,,,,,,,,,,,,,,,,,,,,,,,,,,,,,,,,,,,,,,,,,,,,,,,,,,,,,,,,,,,,,,,,,,,,,,,,,,,,,,,,,,,,,,,,,,,,,,,,,,,,,,,,,,,,,,,,,,,,,,,,,,,,,,,,,,,,,,,,,,,,
252,PP,HT,#3,#8,FT_1,1.3888812231843877,2.2563781739110453,91.87147793089996,-0.5169280216826747,1.2390979542724476,-48.872605796729786,0.468032877042767,,,,,,,,,,,,,,,PE,HT,#7,#8,FT_1,1.4500192692737333,5.224778882998506,100.9593767562605,-0.2656430935496968,-2.5765725365746732,-51.94856709732332,0.4854507945038201,199,,,,,,,,,,,,,,,,,PP,HT,#9,#8,FT_1,1.2847480577312187,3.577407518706564,80.62448623780405,-0.3391184133533457,-1.1585458766421004,-38.67025313807854,0.520365896980483,199,,,,,,,,,,,,,,,,,,,,,,,,,,,,,,,,,,,,,,,,,,,,,,,,,,,,,,,,,,,,,,,,,,,,,,,,,,,,,,,,,,,,,,,,,,,,,,,,,,,,,,,,,,,,,,,,,,,,,,,,,,,,,,,,,,,,,,,,,,,,,,,,,,,,,,,,,,,,,,,,
253,PP,HT,#3,#9,H2_1,1.2508289398762185,2.114822940244914,83.68623386604088,-0.5147764531639066,1.6337257306891044,-34.67346991960866,0.5856729557801401,,,,,,,,,,,,,,,PE,HT,#7,#9,H2_1,1.3576910463467518,4.63942153016503,92.7108522580987,-0.22571699478453625,-1.6918801040570444,-37.77636037585629,0.5925357231029407,200,,,,,,,,,,,,,,,,,PP,HT,#9,#10,MeOH_1,1.493288363089739,5.698114113122675,108.25304657177206,-0.5408806439461828,-3.2044850412037778,-65.41486865259586,0.39572260805403175,200,,,,,,,,,,,,,,,,,,,,,,,,,,,,,,,,,,,,,,,,,,,,,,,,,,,,,,,,,,,,,,,,,,,,,,,,,,,,,,,,,,,,,,,,,,,,,,,,,,,,,,,,,,,,,,,,,,,,,,,,,,,,,,,,,,,,,,,,,,,,,,,,,,,,,,,,,,,,,,,,
254,PP,HT,#3,#10,MeOH_1,1.67341575513761,2.533547923527155,119.500038264868,-0.8784997565030355,0.5187035136394897,-75.61722131124712,0.3672201079664596,,,,,,,,,,,,,,,PE,HT,#8,#2,FT_1,1.2299862926181366,3.2943525949487276,76.58097271071836,-0.171265355671253,-0.7758350664489442,-31.361922640233765,0.590473696923357,201,,,,,,,,,,,,,,,,,PP,HT,#9,#11,FT_1,1.671560446455045,7.018034963750964,115.93580143780407,-0.7269795732724753,-4.604273765226025,-74.50954744724191,0.35732063328846736,201,,,,,,,,,,,,,,,,,,,,,,,,,,,,,,,,,,,,,,,,,,,,,,,,,,,,,,,,,,,,,,,,,,,,,,,,,,,,,,,,,,,,,,,,,,,,,,,,,,,,,,,,,,,,,,,,,,,,,,,,,,,,,,,,,,,,,,,,,,,,,,,,,,,,,,,,,,,,,,,,
255,PP,HT,#3,#11,FT_1,1.8960411228638112,2.6310552317554436,127.18279313089997,-1.0237534048258052,0.8594866460997644,-84.71190010589312,0.33393584131537857,,,,,,,,,,,,,,,PE,HT,#8,#8,FT_1,1.2570587703505274,3.3981777828405932,78.01128820480074,-0.20425984979967352,-0.8788518367909485,-32.91497734762193,0.5780741722760531,202,,,,,,,,,,,,,,,,,PP,LT,#7,#2,DIESEL_1,1.5764718878956132,5.196833929320752,108.57548021023185,-0.3393413298239044,-2.6984726657318365,-61.24059421810217,0.4359629439397954,202,,,,,,,,,,,,,,,,,,,,,,,,,,,,,,,,,,,,,,,,,,,,,,,,,,,,,,,,,,,,,,,,,,,,,,,,,,,,,,,,,,,,,,,,,,,,,,,,,,,,,,,,,,,,,,,,,,,,,,,,,,,,,,,,,,,,,,,,,,,,,,,,,,,,,,,,,,,,,,,,
256,PP,HT,#4,#1,MeOH_1,1.295587941305283,2.588519260811277,87.16970681496734,-0.43055560809566146,0.47468965123172313,-38.11866965358595,0.5627073779828197,,,,,,,,,,,,,,,PE,HT,#9,#1,MeOH_1,1.192173880871297,2.9556874643675544,72.79705509172635,-0.187132695591565,-0.3402235366886038,-25.469180752234514,0.6501344632671936,203,,,,,,,,,,,,,,,,,PP,LT,#7,#4,DIESEL_1,1.586839284928067,5.3274610378149925,110.2090690102319,-0.3560395723810983,-2.821476938281299,-62.892464682270585,0.42933494269485567,203,,,,,,,,,,,,,,,,,,,,,,,,,,,,,,,,,,,,,,,,,,,,,,,,,,,,,,,,,,,,,,,,,,,,,,,,,,,,,,,,,,,,,,,,,,,,,,,,,,,,,,,,,,,,,,,,,,,,,,,,,,,,,,,,,,,,,,,,,,,,,,,,,,,,,,,,,,,,,,,,
257,PP,HT,#4,#2,FT_1,1.4266125351007926,2.1290636426273855,88.98349848099932,-0.4518648891801959,1.2236304650021526,-43.951759387053706,0.5060684268731158,,,,,,,,,,,,,,,PE,HT,#9,#2,FT_1,1.3193069617105846,3.7266929455973674,79.52248355775835,-0.30648773544545505,-1.2228263161055517,-34.23351301062212,0.5695115207794308,204,,,,,,,,,,,,,,,,,PP,LT,#7,#5,DIESEL_1,1.6374956695950953,5.440678403834778,111.20786005023187,-0.38626633912343683,-2.930351472496426,-63.08017980043895,0.4327722899087705,204,,,,,,,,,,,,,,,,,,,,,,,,,,,,,,,,,,,,,,,,,,,,,,,,,,,,,,,,,,,,,,,,,,,,,,,,,,,,,,,,,,,,,,,,,,,,,,,,,,,,,,,,,,,,,,,,,,,,,,,,,,,,,,,,,,,,,,,,,,,,,,,,,,,,,,,,,,,,,,,,
258,PP,HT,#4,#3,JET FUEL_1,1.3080098774191753,2.7333702781732883,84.68967715281597,-0.5143280002119529,0.9196860465717134,-34.97927346963655,0.5869712266523445,,,,,,,,,,,,,,,PE,HT,#9,#3,H2_1,1.226338106282566,3.2025314742458595,70.9722172930863,-0.2862784339146147,-0.4116692392156652,-20.673597392641483,0.7087085879356431,205,,,,,,,,,,,,,,,,,PP,LT,#7,#8,DIESEL_1,1.5832607766621385,5.134746058633486,108.28727753548021,-0.3512939783518759,-2.6304548026615224,-61.08099183644082,0.43593565904888776,205,,,,,,,,,,,,,,,,,,,,,,,,,,,,,,,,,,,,,,,,,,,,,,,,,,,,,,,,,,,,,,,,,,,,,,,,,,,,,,,,,,,,,,,,,,,,,,,,,,,,,,,,,,,,,,,,,,,,,,,,,,,,,,,,,,,,,,,,,,,,,,,,,,,,,,,,,,,,,,,,
259,PP,HT,#4,#4,MeOH_1,1.7375991400228215,2.561200968071349,121.01953561496735,-0.876022123526198,0.3300123297727695,-74.33444536957266,0.38576490984006717,,,,,,,,,,,,,,,PE,HT,#9,#7,MeOH_1,1.1982687476584695,2.999228435946635,73.81203778580874,-0.1925755744609991,-0.3714180120259157,-26.916011241764124,0.6353438809009679,206,,,,,,,,,,,,,,,,,PP,LT,#7,#10,DIESEL_1,1.578640036499137,5.2964457058266445,110.53524138944822,-0.34433857420511,-2.7871028955759094,-63.19258138906989,0.4283037645304106,206,,,,,,,,,,,,,,,,,,,,,,,,,,,,,,,,,,,,,,,,,,,,,,,,,,,,,,,,,,,,,,,,,,,,,,,,,,,,,,,,,,,,,,,,,,,,,,,,,,,,,,,,,,,,,,,,,,,,,,,,,,,,,,,,,,,,,,,,,,,,,,,,,,,,,,,,,,,,,,,,
260,PP,HT,#4,#5,FT_1,1.9122234997066725,2.460683415489232,124.80563945496735,-0.9324694586646876,0.8831408783414647,-79.49539829258266,0.36304642450659147,,,,,,,,,,,,,,,PE,HT,#9,#9,H2_1,1.2540512165159943,3.2451607806557594,72.70427455367896,-0.2995561308087151,-0.4411506539299303,-21.614360996543237,0.7027085253345738,207,,,,,,,,,,,,,,,,,PP,LT,#7,#11,DIESEL_1,1.593352489486338,5.303308304832763,110.09638218944822,-0.36139573923729984,-2.80297058578565,-62.9196521153088,0.42850390844778274,207,,,,,,,,,,,,,,,,,,,,,,,,,,,,,,,,,,,,,,,,,,,,,,,,,,,,,,,,,,,,,,,,,,,,,,,,,,,,,,,,,,,,,,,,,,,,,,,,,,,,,,,,,,,,,,,,,,,,,,,,,,,,,,,,,,,,,,,,,,,,,,,,,,,,,,,,,,,,,,,,
261,PP,HT,#4,#6,Olefin,1.078782191175999,1.5091226202546366,71.7399393029106,-0.40946444243541663,1.5391445751079795,-26.945376567369795,0.6244020160987706,,,,,,,,,,,,,,,PE,HT,#1,-,MeOH_1,1.1056494422263485,3.5718105280500074,85.04136933738852,0.07036915493491605,-0.7768347955672014,-34.053927966246846,0.5995604465028881,208,,,,,,,,,,,,,,,,,PP,HT,#4,-,MeOH_1,1.2825776351728149,3.9767725333300654,91.7452073798098,-0.4016039614325253,-1.505413773410541,-53.30773351644438,0.4189589294211382,208,,,,,,,,,,,,,,,,,,,,,,,,,,,,,,,,,,,,,,,,,,,,,,,,,,,,,,,,,,,,,,,,,,,,,,,,,,,,,,,,,,,,,,,,,,,,,,,,,,,,,,,,,,,,,,,,,,,,,,,,,,,,,,,,,,,,,,,,,,,,,,,,,,,,,,,,,,,,,,,,
262,PP,HT,#4,#7,MeOH_1,1.2854980965376115,2.343123034230373,87.29282930486798,-0.4208203967279889,0.7676752864095768,-39.41565231308638,0.5484663216101264,,,,,,,,,,,,,,,PE,HT,#2,-,FT_1,1.2307173040391233,4.5390341394885585,89.1893064783005,-0.09745051019682463,-1.8301656814874714,-37.857519138772616,0.5755374648194709,209,,,,,,,,,,,,,,,,,PP,HT,#5,-,FT_1,1.4199993901797434,4.913629630300185,96.17605537980978,-0.40926377885432386,-2.415837717394274,-51.21339628726429,0.4675036724575885,209,,,,,,,,,,,,,,,,,,,,,,,,,,,,,,,,,,,,,,,,,,,,,,,,,,,,,,,,,,,,,,,,,,,,,,,,,,,,,,,,,,,,,,,,,,,,,,,,,,,,,,,,,,,,,,,,,,,,,,,,,,,,,,,,,,,,,,,,,,,,,,,,,,,,,,,,,,,,,,,,
263,PP,HT,#4,#8,FT_1,1.4443109402789227,2.1188723036760173,93.47647697089998,-0.4941506952087545,1.2990761466273237,-47.33694237001921,0.4935951385421211,,,,,,,,,,,,,,,PE,HT,#3,-,H2_1,1.1559268797528661,3.865056352125911,82.5333870683591,-0.055499829530645146,-0.852151774341979,-26.12669455254547,0.6834409021538668,210,,,,,,,,,,,,,,,,,PP,HT,#10,-,MeOH_1,1.425012629011182,7.1277921862107325,123.78342113399943,-0.36898050280124023,-4.531425314224939,-79.18511586992109,0.3602930413096216,210,,,,,,,,,,,,,,,,,,,,,,,,,,,,,,,,,,,,,,,,,,,,,,,,,,,,,,,,,,,,,,,,,,,,,,,,,,,,,,,,,,,,,,,,,,,,,,,,,,,,,,,,,,,,,,,,,,,,,,,,,,,,,,,,,,,,,,,,,,,,,,,,,,,,,,,,,,,,,,,,
264,PP,HT,#4,#9,JET FUEL_1,1.3062586569707537,1.977317070009887,85.29123290604089,-0.4919991266899868,1.69370392304398,-33.13780649289807,0.6114746455898513,,,,,,,,,,,,,,,PE,HT,#7,-,MeOH_1,1.09556370565984,3.4682892458515955,84.30952905219588,0.07601293132084067,-0.685871398448388,-33.10858734599362,0.6072972092455154,211,,,,,,,,,,,,,,,,,PP,HT,#11,-,FT_1,1.4017807622346332,6.821085033315253,120.58481697399947,-0.3476850902988113,-4.316955387635438,-77.4507830655509,0.35770700649443404,211,,,,,,,,,,,,,,,,,,,,,,,,,,,,,,,,,,,,,,,,,,,,,,,,,,,,,,,,,,,,,,,,,,,,,,,,,,,,,,,,,,,,,,,,,,,,,,,,,,,,,,,,,,,,,,,,,,,,,,,,,,,,,,,,,,,,,,,,,,,,,,,,,,,,,,,,,,,,,,,,
265,PP,HT,#4,#10,MeOH_1,1.7288454722321454,2.396042053292128,121.10503730486799,-0.8557224300291156,0.5786817059943655,-74.08155788453651,0.3882867341178821,,,,,,,,,,,,,,,PE,HT,#8,-,FT_1,1.2614722341681386,4.494072809971183,92.91431271822788,-0.07927273811924422,-1.8471018905314904,-44.091591370976964,0.5254596403818946,212,,,,,,,,,,,,,,,,,PP,SG,#5,-,FT_1,1.5095892194142788,10.914697239132812,150.97061149011878,-0.4696720455169189,-8.46857124941189,-107.5289964918719,0.28774881792864826,212,,,,,,,,,,,,,,,,,,,,,,,,,,,,,,,,,,,,,,,,,,,,,,,,,,,,,,,,,,,,,,,,,,,,,,,,,,,,,,,,,,,,,,,,,,,,,,,,,,,,,,,,,,,,,,,,,,,,,,,,,,,,,,,,,,,,,,,,,,,,,,,,,,,,,,,,,,,,,,,,
266,PP,HT,#4,#11,FT_1,1.9514708399583465,2.493549361520416,128.7877921709,-1.000976078351885,0.9194648384546408,-83.17623667918255,0.35416055142238473,,,,,,,,,,,,,,,PE,HT,#9,-,H2_1,1.14734378153996,3.8500475958315263,81.75017313406491,-0.05949844590427091,-0.851930678917473,-25.808864378809968,0.6842959055697029,213,,,,,,,,,,,,,,,,,PP,SG,#10,-,FT_1,1.5331668913575855,11.014002102620811,152.93100240313697,-0.4955574289033305,-8.49809583891984,-110.21335158511513,0.27932629844022777,213,,,,,,,,,,,,,,,,,,,,,,,,,,,,,,,,,,,,,,,,,,,,,,,,,,,,,,,,,,,,,,,,,,,,,,,,,,,,,,,,,,,,,,,,,,,,,,,,,,,,,,,,,,,,,,,,,,,,,,,,,,,,,,,,,,,,,,,,,,,,,,,,,,,,,,,,,,,,,,,,
267,PP,HT,#5,#1,MeOH_1,1.2216971625541189,2.63140093020789,84.6911877851064,-0.4300581984932022,0.6139015566379705,-37.739159461614584,0.5543909531960619,,,,,,,,,,,,,,,PE,SG,#1,-,MeOH_1,0.8920572385144032,4.041559744044348,85.37226838506902,0.17222069867884002,-1.300774986974063,-39.415495144902614,0.5383103214837841,214,,,,,,,,,,,,,,,,,PP,OG,#2,-,FT_1,1.3142203736652476,3.305609208375001,88.38298863999998,-0.36893747080808675,-0.9850938054486034,-50.7879278898748,0.4253653483393362,214,,,,,,,,,,,,,,,,,,,,,,,,,,,,,,,,,,,,,,,,,,,,,,,,,,,,,,,,,,,,,,,,,,,,,,,,,,,,,,,,,,,,,,,,,,,,,,,,,,,,,,,,,,,,,,,,,,,,,,,,,,,,,,,,,,,,,,,,,,,,,,,,,,,,,,,,,,,,,,,,
268,PP,HT,#5,#2,FT_1,1.3527217563496288,2.1719453120239987,86.5049794511384,-0.4513674795777371,1.3628423704083996,-43.57224919508238,0.49630357152221755,,,,,,,,,,,,,,,PE,SG,#2,-,FT_1,1.1357209096994019,5.677962293925761,93.21430645110102,-0.09274730494687418,-3.1646440445287674,-49.816111265798085,0.46557440416154416,215,,,,,,,,,,,,,,,,,PP,OG,#4,-,MeOH_1,1.0157502795561493,5.759154490941914,96.80473423999999,-0.47305592233413324,-3.4867275519887984,-70.32358494576144,0.273552213144721,215,,,,,,,,,,,,,,,,,,,,,,,,,,,,,,,,,,,,,,,,,,,,,,,,,,,,,,,,,,,,,,,,,,,,,,,,,,,,,,,,,,,,,,,,,,,,,,,,,,,,,,,,,,,,,,,,,,,,,,,,,,,,,,,,,,,,,,,,,,,,,,,,,,,,,,,,,,,,,,,,
269,PP,HT,#5,#3,H2_1,1.2341190986680126,2.7762519475699006,82.21115812295504,-0.5138305906094949,1.0588979519779607,-34.59976327766521,0.5791354352906963,,,,,,,,,,,,,,,PE,SG,#3,-,H2_1,0.8079282840447151,5.1567611694152165,77.33209524398757,0.06810034423392125,-2.0998157256304353,-20.2153489612401,0.738590440392706,216,,,,,,,,,,,,,,,,,PP,OG,#5,-,FT_1,1.614615298596898,6.521296316699844,122.75122544000001,-0.6666419032688432,-4.209146315760104,-84.10997005553465,0.31479323522805036,216,,,,,,,,,,,,,,,,,,,,,,,,,,,,,,,,,,,,,,,,,,,,,,,,,,,,,,,,,,,,,,,,,,,,,,,,,,,,,,,,,,,,,,,,,,,,,,,,,,,,,,,,,,,,,,,,,,,,,,,,,,,,,,,,,,,,,,,,,,,,,,,,,,,,,,,,,,,,,,,,
270,PP,HT,#5,#4,MeOH_1,1.663708361271657,2.6040826374679615,118.5410165851064,-0.8755247139237387,0.4692242351790169,-73.95493517760131,0.3761236632848897,,,,,,,,,,,,,,,PE,SG,#4,-,MeOH_1,1.340472075275999,9.289262571719169,141.38444278506904,-0.2725219747654127,-6.55753902843744,-94.56642985724342,0.33113977751426155,217,,,,,,,,,,,,,,,,,PP,OG,#9,-,MeOH_1,0.9706363283814373,5.237517140817601,99.37936423252322,-0.3851217054487313,-2.9537771002587534,-74.2401895400311,0.25296171782375915,217,,,,,,,,,,,,,,,,,,,,,,,,,,,,,,,,,,,,,,,,,,,,,,,,,,,,,,,,,,,,,,,,,,,,,,,,,,,,,,,,,,,,,,,,,,,,,,,,,,,,,,,,,,,,,,,,,,,,,,,,,,,,,,,,,,,,,,,,,,,,,,,,,,,,,,,,,,,,,,,,
271,PP,HT,#5,#5,FT_1,1.83833272095551,2.5035650848858446,122.32712042510639,-0.9319720490622304,1.022352783747712,-79.1158881006113,0.35324327241848835,,,,,,,,,,,,,,,PE,SG,#6,-,MeOH_1,0.9176419136555048,4.017470396803597,88.99923978878815,0.17516764695947018,-1.2348686911718088,-41.70676480770435,0.5313806622766407,218,,,,,,,,,,,,,,,,,PP,OG,#10,-,FT_1,1.1166192760645544,5.83040360087723,103.2814562325232,-0.4015247850750875,-3.6022475217535423,-75.69644846365122,0.2670857748826502,218,,,,,,,,,,,,,,,,,,,,,,,,,,,,,,,,,,,,,,,,,,,,,,,,,,,,,,,,,,,,,,,,,,,,,,,,,,,,,,,,,,,,,,,,,,,,,,,,,,,,,,,,,,,,,,,,,,,,,,,,,,,,,,,,,,,,,,,,,,,,,,,,,,,,,,,,,,,,,,,,
272,PP,HT,#5,#6,Olefin,1.0048914124248363,1.5520042896512494,69.26142027304968,-0.40896703283295854,1.6783564805142273,-26.56586637539846,0.616440635050975,,,,,,,,,,,,,,,PE,SG,#7,-,FT_1,1.1591183648757653,6.044972656811135,99.64161065482017,-0.11236184844300566,-3.4585646914627786,-55.796290260168725,0.44003022538988257,219,,,,,,,,,,,,,,,,,PVC,HT,#1,#1,DIESEL_1,0.7196187986656531,1.3936028596705878,28.23963195305905,-0.3169726809888352,-0.09465884965608656,-12.544597386787823,0.5557804220805741,219,,,,,,,,,,,,,,,,,,,,,,,,,,,,,,,,,,,,,,,,,,,,,,,,,,,,,,,,,,,,,,,,,,,,,,,,,,,,,,,,,,,,,,,,,,,,,,,,,,,,,,,,,,,,,,,,,,,,,,,,,,,,,,,,,,,,,,,,,,,,,,,,,,,,,,,,,,,,,,,,
273,PP,HT,#5,#7,MeOH_1,1.211607317786447,2.3860047036269854,84.81431027500703,-0.4203229871255291,0.906887191815825,-39.036142121115034,0.5397458047522653,,,,,,,,,,,,,,,PE,SG,#8,-,H2_1,0.8951431137925905,5.690493860474993,90.3027197143264,0.05114664618360777,-2.554007169355174,-33.12553529515975,0.6331723407672246,220,,,,,,,,,,,,,,,,,PVC,HT,#1,#2,DIESEL_1,0.9713194713122576,1.4648754200204537,38.71344411305905,-0.4457386950935573,-0.13757179018076165,-17.970117805763262,0.5358171245812388,220,,,,,,,,,,,,,,,,,,,,,,,,,,,,,,,,,,,,,,,,,,,,,,,,,,,,,,,,,,,,,,,,,,,,,,,,,,,,,,,,,,,,,,,,,,,,,,,,,,,,,,,,,,,,,,,,,,,,,,,,,,,,,,,,,,,,,,,,,,,,,,,,,,,,,,,,,,,,,,,,
274,PP,HT,#5,#8,FT_1,1.3704201615277591,2.16175397307263,90.99795794103903,-0.49365328560629546,1.4382880520335717,-46.957432178047846,0.4839726820191579,,,,,,,,,,,,,,,PE,SG,#9,-,MeOH_1,1.3672145789292225,9.421619183295167,143.96028458878817,-0.2746116535915043,-6.657345302027512,-97.3065104073078,0.3240739229902428,221,,,,,,,,,,,,,,,,,PVC,HT,#1,#4,DIESEL_1,0.8190649650219654,1.8344113864060587,33.48638235305906,-0.4354845237086843,-0.5742035676934767,-17.929888600608393,0.4645617907731242,221,,,,,,,,,,,,,,,,,,,,,,,,,,,,,,,,,,,,,,,,,,,,,,,,,,,,,,,,,,,,,,,,,,,,,,,,,,,,,,,,,,,,,,,,,,,,,,,,,,,,,,,,,,,,,,,,,,,,,,,,,,,,,,,,,,,,,,,,,,,,,,,,,,,,,,,,,,,,,,,,
275,PP,HT,#5,#9,H2_1,1.23236787821959,2.0201987394064997,82.81271387617994,-0.49150171708752766,1.832915828450228,-32.75829630092673,0.6044291417631074,,,,,,,,,,,,,,,PE,OG,#1,-,MeOH_1,0.7823611669373499,2.5508674606310446,54.07164927999999,-0.27057701315318483,-0.20544431110363215,-29.320413141205997,0.45774886596531056,222,,,,,,,,,,,,,,,,,PVC,HT,#1,#5,DIESEL_1,1.0502576976927573,1.8797346907103223,42.95805115305905,-0.5247408984780052,-0.5612607988815623,-22.59704746872052,0.47397410119450034,222,,,,,,,,,,,,,,,,,,,,,,,,,,,,,,,,,,,,,,,,,,,,,,,,,,,,,,,,,,,,,,,,,,,,,,,,,,,,,,,,,,,,,,,,,,,,,,,,,,,,,,,,,,,,,,,,,,,,,,,,,,,,,,,,,,,,,,,,,,,,,,,,,,,,,,,,,,,,,,,,
276,PP,HT,#5,#10,MeOH_1,1.6549546934809827,2.4389237226887404,118.62651827500704,-0.8552250204266579,0.7178936114006135,-73.70204769256516,0.37870512627113706,,,,,,,,,,,,,,,PE,HG,#4,-,MeOH_1,0.9003293993310477,2.7087619940457106,88.17238736,-0.09985365215414832,-0.29627535494951757,-50.24534461241865,0.43014648784237414,223,,,,,,,,,,,,,,,,,PVC,HT,#2,#1,Olefin,0.8105233350360281,1.640319123035664,30.573641406179057,-0.44540585177741515,-0.3544312943179041,-14.689448220063959,0.5195388071407431,223,,,,,,,,,,,,,,,,,,,,,,,,,,,,,,,,,,,,,,,,,,,,,,,,,,,,,,,,,,,,,,,,,,,,,,,,,,,,,,,,,,,,,,,,,,,,,,,,,,,,,,,,,,,,,,,,,,,,,,,,,,,,,,,,,,,,,,,,,,,,,,,,,,,,,,,,,,,,,,,,
277,PP,HT,#5,#11,FT_1,1.8775800612071847,2.5364310309170284,126.30927314103903,-1.0004786687494283,1.0586767438608884,-82.7967264872112,0.3444920992082743,,,,,,,,,,,,,,,PE,HG,#5,-,DIESEL_1,0.9671204155013177,3.241597994050282,91.4753208,-0.17401697932441804,-0.8513751326876455,-53.916574700448244,0.41058884266358053,224,,,,,,,,,,,,,,,,,PVC,HT,#2,#2,FT_1,1.0622240076826326,1.7115916833855298,41.047453566179044,-0.5741718658821373,-0.39734423484257936,-20.11496863903939,0.5099581851865941,224,,,,,,,,,,,,,,,,,,,,,,,,,,,,,,,,,,,,,,,,,,,,,,,,,,,,,,,,,,,,,,,,,,,,,,,,,,,,,,,,,,,,,,,,,,,,,,,,,,,,,,,,,,,,,,,,,,,,,,,,,,,,,,,,,,,,,,,,,,,,,,,,,,,,,,,,,,,,,,,,
278,PP,HT,#6,#1,MeOH_1,1.3533290048459277,2.619841004597651,93.26396393496732,-0.5598690631954412,0.42859756813335864,-47.80489754769943,0.4874237001009989,,,,,,,,,,,,,,,,,,,,,,,,,,,225,,,,,,,,,,,,,,,,,PVC,HT,#2,#4,Olefin,0.9099695013923403,2.081127649771135,35.820391806179046,-0.5639176944972641,-0.8339760123552943,-20.074739433884517,0.4395723100264468,225,,,,,,,,,,,,,,,,,,,,,,,,,,,,,,,,,,,,,,,,,,,,,,,,,,,,,,,,,,,,,,,,,,,,,,,,,,,,,,,,,,,,,,,,,,,,,,,,,,,,,,,,,,,,,,,,,,,,,,,,,,,,,,,,,,,,,,,,,,,,,,,,,,,,,,,,,,,,,,,,
279,PP,HT,#6,#2,FT_1,1.4843535986414376,2.16038538641376,95.07775560099935,-0.581178344279976,1.1775383819037872,-53.63798728116725,0.43585135195804453,,,,,,,,,,,,,,,,,,,,,,,,,,,226,,,,,,,,,,,,,,,,,PVC,HT,#2,#5,FT_1,1.1411622340631322,2.1264509540753984,45.292060606179035,-0.6531740692665846,-0.8210332435433799,-24.741898301996635,0.4537254880688475,226,,,,,,,,,,,,,,,,,,,,,,,,,,,,,,,,,,,,,,,,,,,,,,,,,,,,,,,,,,,,,,,,,,,,,,,,,,,,,,,,,,,,,,,,,,,,,,,,,,,,,,,,,,,,,,,,,,,,,,,,,,,,,,,,,,,,,,,,,,,,,,,,,,,,,,,,,,,,,,,,
280,PP,HT,#6,#3,MeOH_1,1.3657509409598199,2.7646920219596622,90.78393427281597,-0.6436414553117327,0.8735939634733483,-44.66550136375006,0.508002140229733,,,,,,,,,,,,,,,,,,,,,,,,,,,227,,,,,,,,,,,,,,,,,PVC,HT,#2,#10,Olefin,0.8495328052385536,1.3054507288650934,33.180296703141806,-0.46511017627190043,-0.022203566918919386,-17.31873335469445,0.4780416368894447,227,,,,,,,,,,,,,,,,,,,,,,,,,,,,,,,,,,,,,,,,,,,,,,,,,,,,,,,,,,,,,,,,,,,,,,,,,,,,,,,,,,,,,,,,,,,,,,,,,,,,,,,,,,,,,,,,,,,,,,,,,,,,,,,,,,,,,,,,,,,,,,,,,,,,,,,,,,,,,,,,
281,PP,HT,#6,#4,MeOH_1,1.795340203563466,2.5925227118577228,127.11379273496736,-1.0053355786259779,0.28392024667440446,-84.02067326368619,0.3390121445052816,,,,,,,,,,,,,,,,,,,,,,,,,,,228,,,,,,,,,,,,,,,,,PVC,HT,#2,#11,Olefin,0.9018225807016119,1.5196590421648506,34.81166411317381,-0.5192362215703128,-0.23912009691240774,-19.01977726037583,0.453637803738944,228,,,,,,,,,,,,,,,,,,,,,,,,,,,,,,,,,,,,,,,,,,,,,,,,,,,,,,,,,,,,,,,,,,,,,,,,,,,,,,,,,,,,,,,,,,,,,,,,,,,,,,,,,,,,,,,,,,,,,,,,,,,,,,,,,,,,,,,,,,,,,,,,,,,,,,,,,,,,,,,,
282,PP,HT,#6,#5,FT_1,1.9699645632473177,2.4920051592756063,130.89989657496733,-1.061782913764468,0.8370487952430994,-89.18162618669616,0.31870361612072634,,,,,,,,,,,,,,,,,,,,,,,,,,,229,,,,,,,,,,,,,,,,,PVC,HT,#3,#1,MeOH_1,0.8708412331822041,2.093308077165836,35.03243249142132,-0.4768442397170186,-0.7347049222083679,-18.599133142450473,0.4690881614628103,229,,,,,,,,,,,,,,,,,,,,,,,,,,,,,,,,,,,,,,,,,,,,,,,,,,,,,,,,,,,,,,,,,,,,,,,,,,,,,,,,,,,,,,,,,,,,,,,,,,,,,,,,,,,,,,,,,,,,,,,,,,,,,,,,,,,,,,,,,,,,,,,,,,,,,,,,,,,,,,,,
283,PP,HT,#6,#6,Olefin,1.1365232547166437,1.540444364041011,77.83419642291061,-0.5387778975351964,1.4930524920096144,-36.63160446148331,0.5293636197842116,,,,,,,,,,,,,,,,,,,,,,,,,,,230,,,,,,,,,,,,,,,,,PVC,HT,#3,#2,MeOH_1,1.1225419058288084,2.1645806375157015,45.506244651421305,-0.6056102538217407,-0.7776178627330422,-24.024653561425904,0.4720580934450819,230,,,,,,,,,,,,,,,,,,,,,,,,,,,,,,,,,,,,,,,,,,,,,,,,,,,,,,,,,,,,,,,,,,,,,,,,,,,,,,,,,,,,,,,,,,,,,,,,,,,,,,,,,,,,,,,,,,,,,,,,,,,,,,,,,,,,,,,,,,,,,,,,,,,,,,,,,,,,,,,,
284,PP,HT,#6,#7,MeOH_1,1.343239160078256,2.374444778016747,93.38708642486796,-0.5501338518277683,0.7215832033112121,-49.101880207199876,0.47421124175767637,,,,,,,,,,,,,,,,,,,,,,,,,,,231,,,,,,,,,,,,,,,,,PVC,HT,#3,#3,MeOH_1,0.8644740190708441,1.4714643443514699,32.72602153066471,-0.45338660341696746,-0.10448835988766164,-15.742536533535526,0.5189596597073506,231,,,,,,,,,,,,,,,,,,,,,,,,,,,,,,,,,,,,,,,,,,,,,,,,,,,,,,,,,,,,,,,,,,,,,,,,,,,,,,,,,,,,,,,,,,,,,,,,,,,,,,,,,,,,,,,,,,,,,,,,,,,,,,,,,,,,,,,,,,,,,,,,,,,,,,,,,,,,,,,,
285,PP,HT,#6,#8,FT_1,1.502052003819568,2.1501940474623917,99.57073409089998,-0.6234641503085345,1.252984063528959,-57.0231702641327,0.4273099341411384,,,,,,,,,,,,,,,,,,,,,,,,,,,232,,,,,,,,,,,,,,,,,PVC,HT,#3,#4,MeOH_1,0.9702873995385161,2.5341166039013063,40.279182891421314,-0.5953560824368677,-1.2142496402457574,-23.984424356271038,0.4045454094507152,232,,,,,,,,,,,,,,,,,,,,,,,,,,,,,,,,,,,,,,,,,,,,,,,,,,,,,,,,,,,,,,,,,,,,,,,,,,,,,,,,,,,,,,,,,,,,,,,,,,,,,,,,,,,,,,,,,,,,,,,,,,,,,,,,,,,,,,,,,,,,,,,,,,,,,,,,,,,,,,,,
286,PP,HT,#6,#9,MeOH_1,1.3639997205113983,2.008638813796261,91.38549002604088,-0.6213125817897662,1.6476118399456154,-42.82403438701157,0.5313913141483556,,,,,,,,,,,,,,,,,,,,,,,,,,,233,,,,,,,,,,,,,,,,,PVC,HT,#3,#5,FT_1,1.201480132209308,2.57943990820557,49.75085169142131,-0.6846124572061882,-1.2013068714338433,-28.651583224383153,0.42409863850986823,233,,,,,,,,,,,,,,,,,,,,,,,,,,,,,,,,,,,,,,,,,,,,,,,,,,,,,,,,,,,,,,,,,,,,,,,,,,,,,,,,,,,,,,,,,,,,,,,,,,,,,,,,,,,,,,,,,,,,,,,,,,,,,,,,,,,,,,,,,,,,,,,,,,,,,,,,,,,,,,,,
287,PP,HT,#6,#10,MeOH_1,1.7865865357727904,2.427363797078502,127.19929442486797,-0.985035885128896,0.5325896228960004,-83.76778577865,0.34144457202057354,,,,,,,,,,,,,,,,,,,,,,,,,,,234,,,,,,,,,,,,,,,,,PVC,HT,#3,#7,MeOH_1,0.8349978764141512,1.5168537984299504,34.63801457238407,-0.4224766900453633,-0.1538062065019916,-18.104251877345455,0.477329976880965,234,,,,,,,,,,,,,,,,,,,,,,,,,,,,,,,,,,,,,,,,,,,,,,,,,,,,,,,,,,,,,,,,,,,,,,,,,,,,,,,,,,,,,,,,,,,,,,,,,,,,,,,,,,,,,,,,,,,,,,,,,,,,,,,,,,,,,,,,,,,,,,,,,,,,,,,,,,,,,,,,
288,PP,HT,#6,#11,FT_1,2.009211903498992,2.524871105306791,134.88204929089997,-1.1302895334516656,0.8733727553562753,-92.86246457329605,0.3115283682188155,,,,,,,,,,,,,,,,,,,,,,,,,,,235,,,,,,,,,,,,,,,,,PVC,HT,#3,#8,MeOH_1,0.9017741845268334,1.6706732805505424,36.21297583841608,-0.49002946549014104,-0.3165661690183157,-19.75437723867815,0.45449450697387955,235,,,,,,,,,,,,,,,,,,,,,,,,,,,,,,,,,,,,,,,,,,,,,,,,,,,,,,,,,,,,,,,,,,,,,,,,,,,,,,,,,,,,,,,,,,,,,,,,,,,,,,,,,,,,,,,,,,,,,,,,,,,,,,,,,,,,,,,,,,,,,,,,,,,,,,,,,,,,,,,,
289,PP,HT,#7,#1,MeOH_1,1.4089832976730248,2.651626814254547,94.98572969496735,-0.6013393672016608,0.48774924957178173,-49.80781908909865,0.47562839966541165,,,,,,,,,,,,,,,,,,,,,,,,,,,236,,,,,,,,,,,,,,,,,PVC,HT,#3,#9,MeOH_1,0.8472385764160862,1.5217350705016914,35.8138082424704,-0.4331302048217755,-0.15282508455829114,-19.090022056829437,0.466964754834667,236,,,,,,,,,,,,,,,,,,,,,,,,,,,,,,,,,,,,,,,,,,,,,,,,,,,,,,,,,,,,,,,,,,,,,,,,,,,,,,,,,,,,,,,,,,,,,,,,,,,,,,,,,,,,,,,,,,,,,,,,,,,,,,,,,,,,,,,,,,,,,,,,,,,,,,,,,,,,,,,,
290,PP,HT,#7,#2,FT_1,1.5400078914685347,2.192171196070656,96.79952136099934,-0.6226486482861956,1.2366900633422107,-55.640908822566445,0.4251943807132891,,,,,,,,,,,,,,,,,,,,,,,,,,,237,,,,,,,,,,,,,,,,,PVC,HT,#3,#10,MeOH_1,0.9098507033847292,1.758439682995265,37.639087788384074,-0.4965485642115038,-0.40247719480938254,-21.228418277080984,0.4360007235979733,237,,,,,,,,,,,,,,,,,,,,,,,,,,,,,,,,,,,,,,,,,,,,,,,,,,,,,,,,,,,,,,,,,,,,,,,,,,,,,,,,,,,,,,,,,,,,,,,,,,,,,,,,,,,,,,,,,,,,,,,,,,,,,,,,,,,,,,,,,,,,,,,,,,,,,,,,,,,,,,,,
291,PP,HT,#7,#3,H2_1,1.4214052337869185,2.7964778316165586,92.50570003281597,-0.6851117593179535,0.9327456449117717,-46.66842290514925,0.49550759695247065,,,,,,,,,,,,,,,,,,,,,,,,,,,238,,,,,,,,,,,,,,,,,PVC,HT,#3,#11,MeOH_1,0.9621404788477881,1.9726479962950223,39.27045519841608,-0.5506746095099165,-0.619393724802871,-22.92946218276235,0.4161141736985218,238,,,,,,,,,,,,,,,,,,,,,,,,,,,,,,,,,,,,,,,,,,,,,,,,,,,,,,,,,,,,,,,,,,,,,,,,,,,,,,,,,,,,,,,,,,,,,,,,,,,,,,,,,,,,,,,,,,,,,,,,,,,,,,,,,,,,,,,,,,,,,,,,,,,,,,,,,,,,,,,,
292,PP,HT,#7,#4,MeOH_1,1.8509944963905633,2.624308521514619,128.83555849496733,-1.0468058826321975,0.34307192811282783,-86.02359480508535,0.33229928282225224,,,,,,,,,,,,,,,,,,,,,,,,,,,239,,,,,,,,,,,,,,,,,PVC,HT,#4,#1,DIESEL_1,0.9133820428161138,2.196021099218366,36.16228783745332,-0.5235178435134107,-0.875865084183014,-20.225848540374123,0.44069223077677644,239,,,,,,,,,,,,,,,,,,,,,,,,,,,,,,,,,,,,,,,,,,,,,,,,,,,,,,,,,,,,,,,,,,,,,,,,,,,,,,,,,,,,,,,,,,,,,,,,,,,,,,,,,,,,,,,,,,,,,,,,,,,,,,,,,,,,,,,,,,,,,,,,,,,,,,,,,,,,,,,,
293,PP,HT,#7,#5,FT_1,2.0256188560744155,2.523790968932502,132.62166233496737,-1.1032532177706886,0.8962004766815229,-91.1845477280954,0.3124460504967337,,,,,,,,,,,,,,,,,,,,,,,,,,,240,,,,,,,,,,,,,,,,,PVC,HT,#4,#2,FT_1,1.1650827154627184,2.2672936595682316,46.636099997453314,-0.6522838576181327,-0.9187780247076893,-25.651368959349565,0.4499675367204735,240,,,,,,,,,,,,,,,,,,,,,,,,,,,,,,,,,,,,,,,,,,,,,,,,,,,,,,,,,,,,,,,,,,,,,,,,,,,,,,,,,,,,,,,,,,,,,,,,,,,,,,,,,,,,,,,,,,,,,,,,,,,,,,,,,,,,,,,,,,,,,,,,,,,,,,,,,,,,,,,,
294,PP,HT,#7,#6,Olefin,1.1921775475437408,1.5722301736979067,79.55596218291062,-0.5802482015414161,1.552204173448038,-38.63452600288251,0.5143729653592,,,,,,,,,,,,,,,,,,,,,,,,,,,241,,,,,,,,,,,,,,,,,PVC,HT,#4,#3,DIESEL_1,0.9070148287047539,1.574177366404,33.855876876696705,-0.5000602072133595,-0.2456485218623081,-17.369251931459168,0.4869649368492779,241,,,,,,,,,,,,,,,,,,,,,,,,,,,,,,,,,,,,,,,,,,,,,,,,,,,,,,,,,,,,,,,,,,,,,,,,,,,,,,,,,,,,,,,,,,,,,,,,,,,,,,,,,,,,,,,,,,,,,,,,,,,,,,,,,,,,,,,,,,,,,,,,,,,,,,,,,,,,,,,,
295,PP,HT,#7,#7,MeOH_1,1.398893452905353,2.4062305876736434,95.10885218486797,-0.5916041558339877,0.7807348847496351,-51.104801748599094,0.4626703973961955,,,,,,,,,,,,,,,,,,,,,,,,,,,242,,,,,,,,,,,,,,,,,PVC,HT,#4,#4,DIESEL_1,1.0128282091724257,2.6368296259538364,41.409038237453316,-0.6420296862332594,-1.3554098022204037,-25.611139754194692,0.38150846181619036,242,,,,,,,,,,,,,,,,,,,,,,,,,,,,,,,,,,,,,,,,,,,,,,,,,,,,,,,,,,,,,,,,,,,,,,,,,,,,,,,,,,,,,,,,,,,,,,,,,,,,,,,,,,,,,,,,,,,,,,,,,,,,,,,,,,,,,,,,,,,,,,,,,,,,,,,,,,,,,,,,
296,PP,HT,#7,#8,FT_1,1.5577062966466644,2.1819798571192877,101.29249985089999,-0.6649344543147536,1.3121357449673825,-59.02609180553192,0.4172708552714481,,,,,,,,,,,,,,,,,,,,,,,,,,,243,,,,,,,,,,,,,,,,,PVC,HT,#4,#5,FT_1,1.244020941843218,2.6821529302581,50.88070703745332,-0.7312860610025804,-1.3424670334084898,-30.278298622306814,0.4049159222567615,243,,,,,,,,,,,,,,,,,,,,,,,,,,,,,,,,,,,,,,,,,,,,,,,,,,,,,,,,,,,,,,,,,,,,,,,,,,,,,,,,,,,,,,,,,,,,,,,,,,,,,,,,,,,,,,,,,,,,,,,,,,,,,,,,,,,,,,,,,,,,,,,,,,,,,,,,,,,,,,,,
297,PP,HT,#7,#9,H2_1,1.4196540133384952,2.040424623453157,93.10725578604088,-0.6627828857959857,1.7067635213840386,-44.826955928410776,0.5185449775104265,,,,,,,,,,,,,,,,,,,,,,,,,,,244,,,,,,,,,,,,,,,,,PVC,HT,#4,#6,DIESEL_1,0.7995770685193877,1.3338908789635604,32.2773045448285,-0.3974545345108195,-0.02057463592827946,-15.927837959461467,0.5065313481384417,244,,,,,,,,,,,,,,,,,,,,,,,,,,,,,,,,,,,,,,,,,,,,,,,,,,,,,,,,,,,,,,,,,,,,,,,,,,,,,,,,,,,,,,,,,,,,,,,,,,,,,,,,,,,,,,,,,,,,,,,,,,,,,,,,,,,,,,,,,,,,,,,,,,,,,,,,,,,,,,,,
298,PP,HT,#7,#10,MeOH_1,1.8422408285998884,2.459149606735398,128.92106018486797,-1.0265061891351164,0.5917413043344242,-85.77070732004923,0.3347036768309442,,,,,,,,,,,,,,,,,,,,,,,,,,,245,,,,,,,,,,,,,,,,,PVC,HT,#4,#7,DIESEL_1,0.8775386860480608,1.619566820482481,35.76786991841607,-0.46915029384175516,-0.2949663684766385,-19.73096727526911,0.4483605727633762,245,,,,,,,,,,,,,,,,,,,,,,,,,,,,,,,,,,,,,,,,,,,,,,,,,,,,,,,,,,,,,,,,,,,,,,,,,,,,,,,,,,,,,,,,,,,,,,,,,,,,,,,,,,,,,,,,,,,,,,,,,,,,,,,,,,,,,,,,,,,,,,,,,,,,,,,,,,,,,,,,
299,PP,HT,#7,#11,FT_1,2.06486619632609,2.556656914963686,136.60381505089998,-1.1717598374578861,0.9325244367946994,-94.86538611469527,0.3055436549898152,,,,,,,,,,,,,,,,,,,,,,,,,,,246,,,,,,,,,,,,,,,,,PVC,HT,#4,#8,DIESEL_1,0.944314994160743,1.7733863026030723,37.34283118444808,-0.5367030692865329,-0.4577263309929621,-21.381092636601803,0.42743782518808465,246,,,,,,,,,,,,,,,,,,,,,,,,,,,,,,,,,,,,,,,,,,,,,,,,,,,,,,,,,,,,,,,,,,,,,,,,,,,,,,,,,,,,,,,,,,,,,,,,,,,,,,,,,,,,,,,,,,,,,,,,,,,,,,,,,,,,,,,,,,,,,,,,,,,,,,,,,,,,,,,,
300,PP,HT,#8,#1,MeOH_1,1.21678463370776,1.6732564118689839,71.2303394701914,-0.46506922701615455,1.396020691971464,-26.602032842039346,0.6265350826641531,,,,,,,,,,,,,,,,,,,,,,,,,,,247,,,,,,,,,,,,,,,,,PVC,HT,#4,#9,DIESEL_1,0.8897793860499958,1.6244480925542217,36.9436635885024,-0.47980380861816735,-0.2939852465329379,-20.716737454753083,0.43923435191737337,247,,,,,,,,,,,,,,,,,,,,,,,,,,,,,,,,,,,,,,,,,,,,,,,,,,,,,,,,,,,,,,,,,,,,,,,,,,,,,,,,,,,,,,,,,,,,,,,,,,,,,,,,,,,,,,,,,,,,,,,,,,,,,,,,,,,,,,,,,,,,,,,,,,,,,,,,,,,,,,,,
301,PP,HT,#8,#2,FT_1,1.3478092275032696,1.2138007936850927,73.0441311362234,-0.4863785081006893,2.1449615057418927,-32.43512257550714,0.5559516956260679,,,,,,,,,,,,,,,,,,,,,,,,,,,248,,,,,,,,,,,,,,,,,PVC,HT,#4,#10,DIESEL_1,0.9523915130186391,1.8611527050477952,38.76894313441607,-0.5432221680078959,-0.5436373567840294,-22.855133675004627,0.41047828939356346,248,,,,,,,,,,,,,,,,,,,,,,,,,,,,,,,,,,,,,,,,,,,,,,,,,,,,,,,,,,,,,,,,,,,,,,,,,,,,,,,,,,,,,,,,,,,,,,,,,,,,,,,,,,,,,,,,,,,,,,,,,,,,,,,,,,,,,,,,,,,,,,,,,,,,,,,,,,,,,,,,
302,PP,HT,#8,#3,H2_1,1.2292065698216523,1.8181074292309958,68.75030980804006,-0.548841619132446,1.8410170873114533,-23.46263665808997,0.6587268228521334,,,,,,,,,,,,,,,,,,,,,,,,,,,249,,,,,,,,,,,,,,,,,PVC,HT,#4,#11,DIESEL_1,1.0046812884816978,2.075361018347552,40.40031054444808,-0.5973482133063083,-0.7605538867775172,-24.556177580686008,0.39217849442841524,249,,,,,,,,,,,,,,,,,,,,,,,,,,,,,,,,,,,,,,,,,,,,,,,,,,,,,,,,,,,,,,,,,,,,,,,,,,,,,,,,,,,,,,,,,,,,,,,,,,,,,,,,,,,,,,,,,,,,,,,,,,,,,,,,,,,,,,,,,,,,,,,,,,,,,,,,,,,,,,,,
303,PP,HT,#8,#4,MeOH_1,1.6587958324252985,1.6459381191290563,105.08016827019142,-0.9105357424466911,1.2513433705125094,-62.81780855802609,0.4021915876980385,,,,,,,,,,,,,,,,,,,,,,,,,,,250,,,,,,,,,,,,,,,,,PVC,HT,#5,#1,DIESEL_1,0.8711839774482543,1.9593792154543146,34.5563446004856,-0.474453750553868,-0.568153048732332,-17.190285418468722,0.5025432922026377,250,,,,,,,,,,,,,,,,,,,,,,,,,,,,,,,,,,,,,,,,,,,,,,,,,,,,,,,,,,,,,,,,,,,,,,,,,,,,,,,,,,,,,,,,,,,,,,,,,,,,,,,,,,,,,,,,,,,,,,,,,,,,,,,,,,,,,,,,,,,,,,,,,,,,,,,,,,,,,,,,
304,PP,HT,#8,#5,FT_1,1.8334201921091497,1.5454205665469394,108.86627211019142,-0.9669830775851811,1.8044719190812046,-67.97876148103609,0.3755755555565467,,,,,,,,,,,,,,,,,,,,,,,,,,,251,,,,,,,,,,,,,,,,,PVC,HT,#5,#2,FT_1,1.1228846500948584,2.0306517758041798,45.0301567604856,-0.6032197646585898,-0.6110659892570061,-22.615805837444167,0.4977631111138001,251,,,,,,,,,,,,,,,,,,,,,,,,,,,,,,,,,,,,,,,,,,,,,,,,,,,,,,,,,,,,,,,,,,,,,,,,,,,,,,,,,,,,,,,,,,,,,,,,,,,,,,,,,,,,,,,,,,,,,,,,,,,,,,,,,,,,,,,,,,,,,,,,,,,,,,,,,,,,,,,,
305,PP,HT,#8,#6,Olefin,0.999978883578476,0.593859771312344,55.80057195813468,-0.4439780613559097,2.46047561584772,-15.428739755823221,0.7235021216736113,,,,,,,,,,,,,,,,,,,,,,,,,,,252,,,,,,,,,,,,,,,,,PVC,HT,#5,#4,DIESEL_1,0.9706301438045662,2.400187742189785,39.803095000485605,-0.5929655932737169,-1.0476977667697216,-22.57557663228929,0.43281856267674995,252,,,,,,,,,,,,,,,,,,,,,,,,,,,,,,,,,,,,,,,,,,,,,,,,,,,,,,,,,,,,,,,,,,,,,,,,,,,,,,,,,,,,,,,,,,,,,,,,,,,,,,,,,,,,,,,,,,,,,,,,,,,,,,,,,,,,,,,,,,,,,,,,,,,,,,,,,,,,,,,,
306,PP,HT,#8,#7,MeOH_1,1.206694788940088,1.42786018528808,71.35346196009205,-0.45533401564848147,1.6890063271493172,-27.899015501539807,0.6090026365203736,,,,,,,,,,,,,,,,,,,,,,,,,,,253,,,,,,,,,,,,,,,,,PVC,HT,#5,#5,FT_1,1.2018228764753585,2.4455110464940493,49.2747638004856,-0.6822219680430379,-1.0347549979578077,-27.242735500401412,0.44712600529740265,253,,,,,,,,,,,,,,,,,,,,,,,,,,,,,,,,,,,,,,,,,,,,,,,,,,,,,,,,,,,,,,,,,,,,,,,,,,,,,,,,,,,,,,,,,,,,,,,,,,,,,,,,,,,,,,,,,,,,,,,,,,,,,,,,,,,,,,,,,,,,,,,,,,,,,,,,,,,,,,,,
307,PP,HT,#8,#8,FT_1,1.3655076326814,1.2036094547337248,77.53710962612405,-0.5286643141292476,2.220407187367064,-35.82030555847262,0.5380237188206467,,,,,,,,,,,,,,,,,,,,,,,,,,,254,,,,,,,,,,,,,,,,,PVC,HT,#5,#8,DIESEL_1,0.9021169287928834,1.5367444188390211,35.736887947480355,-0.48763897632699027,-0.15001429554227977,-18.34552951469639,0.48665005353411434,254,,,,,,,,,,,,,,,,,,,,,,,,,,,,,,,,,,,,,,,,,,,,,,,,,,,,,,,,,,,,,,,,,,,,,,,,,,,,,,,,,,,,,,,,,,,,,,,,,,,,,,,,,,,,,,,,,,,,,,,,,,,,,,,,,,,,,,,,,,,,,,,,,,,,,,,,,,,,,,,,
308,PP,HT,#8,#9,H2_1,1.2274553493732308,1.062054221067594,69.35186556126494,-0.5265127456104797,2.615034963783721,-21.621169681351482,0.6882395375182591,,,,,,,,,,,,,,,,,,,,,,,,,,,255,,,,,,,,,,,,,,,,,PVC,HT,#5,#10,DIESEL_1,0.9101934476507795,1.6245108212837436,37.16299989744836,-0.49415807504835313,-0.23592532133334668,-19.81957055309923,0.4666853965559423,255,,,,,,,,,,,,,,,,,,,,,,,,,,,,,,,,,,,,,,,,,,,,,,,,,,,,,,,,,,,,,,,,,,,,,,,,,,,,,,,,,,,,,,,,,,,,,,,,,,,,,,,,,,,,,,,,,,,,,,,,,,,,,,,,,,,,,,,,,,,,,,,,,,,,,,,,,,,,,,,,
309,PP,HT,#8,#10,MeOH_1,1.6500421646346224,1.4807792043498351,105.16566996009207,-0.8902360489496085,1.5000127467341056,-62.56492107298994,0.4050822754542249,,,,,,,,,,,,,,,,,,,,,,,,,,,256,,,,,,,,,,,,,,,,,PVC,HT,#5,#11,DIESEL_1,0.9624832231138379,1.8387191345835006,38.79436730748036,-0.5482841203467655,-0.45284185132683485,-21.520614458780592,0.4452644558368406,256,,,,,,,,,,,,,,,,,,,,,,,,,,,,,,,,,,,,,,,,,,,,,,,,,,,,,,,,,,,,,,,,,,,,,,,,,,,,,,,,,,,,,,,,,,,,,,,,,,,,,,,,,,,,,,,,,,,,,,,,,,,,,,,,,,,,,,,,,,,,,,,,,,,,,,,,,,,,,,,,
310,PP,HT,#8,#11,FT_1,1.8726675323608237,1.5782865125781231,112.84842482612406,-1.0354896972723784,1.8407958791943813,-71.65959986763598,0.36499246685943104,,,,,,,,,,,,,,,,,,,,,,,,,,,257,,,,,,,,,,,,,,,,,PVC,HT,#6,#1,MeOH_1,0.9508658804857384,2.5596570209466214,41.13060177142131,-0.5544245990111956,-1.2233447179556622,-24.96255224934945,0.3930905171756051,257,,,,,,,,,,,,,,,,,,,,,,,,,,,,,,,,,,,,,,,,,,,,,,,,,,,,,,,,,,,,,,,,,,,,,,,,,,,,,,,,,,,,,,,,,,,,,,,,,,,,,,,,,,,,,,,,,,,,,,,,,,,,,,,,,,,,,,,,,,,,,,,,,,,,,,,,,,,,,,,,
311,PP,HT,#9,#1,MeOH_1,1.3242808223741607,2.0153303934493634,74.3177160818714,-0.590052679862195,1.1210209273538512,-29.551138369126193,0.6023675117172403,,,,,,,,,,,,,,,,,,,,,,,,,,,258,,,,,,,,,,,,,,,,,PVC,HT,#6,#2,MeOH_1,1.2025665531323426,2.630929581296487,51.60441393142132,-0.6831906131159176,-1.266257658480337,-30.388072668324906,0.4111342353638869,258,,,,,,,,,,,,,,,,,,,,,,,,,,,,,,,,,,,,,,,,,,,,,,,,,,,,,,,,,,,,,,,,,,,,,,,,,,,,,,,,,,,,,,,,,,,,,,,,,,,,,,,,,,,,,,,,,,,,,,,,,,,,,,,,,,,,,,,,,,,,,,,,,,,,,,,,,,,,,,,,
312,PP,HT,#9,#2,FT_1,1.455305416169669,1.555874775265473,76.13150774790343,-0.6113619609467281,1.8699617411242797,-35.384228102594,0.5352222864183529,,,,,,,,,,,,,,,,,,,,,,,,,,,259,,,,,,,,,,,,,,,,,PVC,HT,#6,#3,MeOH_1,0.9444986663743785,1.9378132881322554,38.8241908106647,-0.5309669627111445,-0.5931281556349564,-22.105955640434495,0.4306138729783349,259,,,,,,,,,,,,,,,,,,,,,,,,,,,,,,,,,,,,,,,,,,,,,,,,,,,,,,,,,,,,,,,,,,,,,,,,,,,,,,,,,,,,,,,,,,,,,,,,,,,,,,,,,,,,,,,,,,,,,,,,,,,,,,,,,,,,,,,,,,,,,,,,,,,,,,,,,,,,,,,,
313,PP,HT,#9,#3,H2_1,1.3367027584880533,2.160181410811376,71.83768641972004,-0.6738250719784863,1.5660173226938399,-26.411742185176806,0.6323414143536983,,,,,,,,,,,,,,,,,,,,,,,,,,,260,,,,,,,,,,,,,,,,,PVC,HT,#6,#4,MeOH_1,1.0503120468420502,3.0004655476820923,46.37735217142131,-0.6729364417310444,-1.7028894359930522,-30.34784346317002,0.3456322527642924,260,,,,,,,,,,,,,,,,,,,,,,,,,,,,,,,,,,,,,,,,,,,,,,,,,,,,,,,,,,,,,,,,,,,,,,,,,,,,,,,,,,,,,,,,,,,,,,,,,,,,,,,,,,,,,,,,,,,,,,,,,,,,,,,,,,,,,,,,,,,,,,,,,,,,,,,,,,,,,,,,
314,PP,HT,#9,#4,MeOH_1,1.766292021091699,1.988012100709436,108.16754488187141,-1.0355191952927314,0.9763436058948969,-65.76691408511293,0.39199032244897253,,,,,,,,,,,,,,,,,,,,,,,,,,,261,,,,,,,,,,,,,,,,,PVC,HT,#6,#5,MeOH_1,1.2815047795128425,3.0457888519863556,55.84902097142131,-0.7621928165003653,-1.6899466671811378,-35.01500233128214,0.37304178798049503,261,,,,,,,,,,,,,,,,,,,,,,,,,,,,,,,,,,,,,,,,,,,,,,,,,,,,,,,,,,,,,,,,,,,,,,,,,,,,,,,,,,,,,,,,,,,,,,,,,,,,,,,,,,,,,,,,,,,,,,,,,,,,,,,,,,,,,,,,,,,,,,,,,,,,,,,,,,,,,,,,
315,PP,HT,#9,#5,FT_1,1.9409163807755505,1.8874945481273195,111.95364872187142,-1.0919665304312218,1.5294721544635916,-70.92786700812293,0.3664532793894875,,,,,,,,,,,,,,,,,,,,,,,,,,,262,,,,,,,,,,,,,,,,,PVC,HT,#6,#6,MeOH_1,0.8370609061890122,1.6975268006918158,37.24561847879651,-0.4283612900086047,-0.36805426970092775,-20.6645416684368,0.44518194320760485,262,,,,,,,,,,,,,,,,,,,,,,,,,,,,,,,,,,,,,,,,,,,,,,,,,,,,,,,,,,,,,,,,,,,,,,,,,,,,,,,,,,,,,,,,,,,,,,,,,,,,,,,,,,,,,,,,,,,,,,,,,,,,,,,,,,,,,,,,,,,,,,,,,,,,,,,,,,,,,,,,
316,PP,HT,#9,#6,Olefin,1.1074750722448767,0.935933752892724,58.88794856981466,-0.5689615142019502,2.185475851230107,-18.37784528291005,0.6879183987684309,,,,,,,,,,,,,,,,,,,,,,,,,,,263,,,,,,,,,,,,,,,,,PVC,HT,#6,#7,MeOH_1,0.9150225237176854,1.9832027422107363,40.73618385238407,-0.5000570493395402,-0.6424460022492865,-24.467670984244442,0.39936271220426367,263,,,,,,,,,,,,,,,,,,,,,,,,,,,,,,,,,,,,,,,,,,,,,,,,,,,,,,,,,,,,,,,,,,,,,,,,,,,,,,,,,,,,,,,,,,,,,,,,,,,,,,,,,,,,,,,,,,,,,,,,,,,,,,,,,,,,,,,,,,,,,,,,,,,,,,,,,,,,,,,,
317,PP,HT,#9,#7,MeOH_1,1.3141909776064893,1.7699341668684603,74.44083857177202,-0.5803174684945221,1.4140065625317042,-30.848121028626647,0.5856021826126465,,,,,,,,,,,,,,,,,,,,,,,,,,,264,,,,,,,,,,,,,,,,,PVC,HT,#6,#8,MeOH_1,0.9817988318303674,2.137022224331328,42.31114511841608,-0.5676098247843179,-0.8052059647656103,-26.11779634557714,0.3827206455301237,264,,,,,,,,,,,,,,,,,,,,,,,,,,,,,,,,,,,,,,,,,,,,,,,,,,,,,,,,,,,,,,,,,,,,,,,,,,,,,,,,,,,,,,,,,,,,,,,,,,,,,,,,,,,,,,,,,,,,,,,,,,,,,,,,,,,,,,,,,,,,,,,,,,,,,,,,,,,,,,,,
318,PP,HT,#9,#8,FT_1,1.4730038213478012,1.545683436314105,80.62448623780405,-0.6536477669752884,1.9454074227494509,-38.76941108555947,0.519136023128159,,,,,,,,,,,,,,,,,,,,,,,,,,,265,,,,,,,,,,,,,,,,,PVC,HT,#6,#9,MeOH_1,0.9272632237196207,1.9880840142824776,41.9119775224704,-0.5107105641159525,-0.6414648803055865,-25.453441163728414,0.39269290860632905,265,,,,,,,,,,,,,,,,,,,,,,,,,,,,,,,,,,,,,,,,,,,,,,,,,,,,,,,,,,,,,,,,,,,,,,,,,,,,,,,,,,,,,,,,,,,,,,,,,,,,,,,,,,,,,,,,,,,,,,,,,,,,,,,,,,,,,,,,,,,,,,,,,,,,,,,,,,,,,,,,
319,PP,HT,#9,#9,H2_1,1.3349515380396315,1.4041282026479744,72.43924217294494,-0.6514961984565202,2.340035199166107,-24.57027520843832,0.6608154023784779,,,,,,,,,,,,,,,,,,,,,,,,,,,266,,,,,,,,,,,,,,,,,PVC,HT,#6,#10,MeOH_1,0.9898753506882635,2.224788626776051,43.737257068384075,-0.5741289235056807,-0.8911169905566773,-27.59183738397996,0.3691456841740311,266,,,,,,,,,,,,,,,,,,,,,,,,,,,,,,,,,,,,,,,,,,,,,,,,,,,,,,,,,,,,,,,,,,,,,,,,,,,,,,,,,,,,,,,,,,,,,,,,,,,,,,,,,,,,,,,,,,,,,,,,,,,,,,,,,,,,,,,,,,,,,,,,,,,,,,,,,,,,,,,,
320,PP,HT,#9,#10,MeOH_1,1.7575383533010231,1.8228531859302155,108.25304657177206,-1.0152195017956496,1.2250129821164923,-65.51402660007678,0.39480662508060865,,,,,,,,,,,,,,,,,,,,,,,,,,,267,,,,,,,,,,,,,,,,,PVC,HT,#6,#11,MeOH_1,1.0421651261513223,2.438996940075808,45.36862447841608,-0.6282549688040934,-1.1080335205501657,-29.29288128966133,0.3543361381036075,267,,,,,,,,,,,,,,,,,,,,,,,,,,,,,,,,,,,,,,,,,,,,,,,,,,,,,,,,,,,,,,,,,,,,,,,,,,,,,,,,,,,,,,,,,,,,,,,,,,,,,,,,,,,,,,,,,,,,,,,,,,,,,,,,,,,,,,,,,,,,,,,,,,,,,,,,,,,,,,,,
321,PP,HT,#9,#11,FT_1,1.980163721027225,1.9203604941585035,115.93580143780407,-1.1604731501184193,1.565796114576768,-74.60870539472283,0.3564653500519589,,,,,,,,,,,,,,,,,,,,,,,,,,,268,,,,,,,,,,,,,,,,,PVC,HT,#7,#1,DIESEL_1,0.9900474935525656,2.8027132060406035,42.450075197453316,-0.5990425504216524,-1.4851873030020677,-26.586076180894608,0.3737095621802438,268,,,,,,,,,,,,,,,,,,,,,,,,,,,,,,,,,,,,,,,,,,,,,,,,,,,,,,,,,,,,,,,,,,,,,,,,,,,,,,,,,,,,,,,,,,,,,,,,,,,,,,,,,,,,,,,,,,,,,,,,,,,,,,,,,,,,,,,,,,,,,,,,,,,,,,,,,,,,,,,,
322,PP,LT,#1,#1,GASOLINE_1,1.1084173526809988,1.2804214391729059,71.64056914935549,-0.29469724383285506,1.6590152187743963,-26.2377583659394,0.6337583763294901,,,,,,,,,,,,,,,,,,,,,,,,,,,269,,,,,,,,,,,,,,,,,PVC,HT,#7,#2,FT_1,1.2417481661991703,2.873985766390469,52.92388735745332,-0.7278085645263747,-1.5281002435267426,-32.01159659987006,0.3951389779125543,269,,,,,,,,,,,,,,,,,,,,,,,,,,,,,,,,,,,,,,,,,,,,,,,,,,,,,,,,,,,,,,,,,,,,,,,,,,,,,,,,,,,,,,,,,,,,,,,,,,,,,,,,,,,,,,,,,,,,,,,,,,,,,,,,,,,,,,,,,,,,,,,,,,,,,,,,,,,,,,,,
323,PP,LT,#1,#2,GASOLINE_1,1.1564137685881868,1.1485383010957768,72.9905713893555,-0.327049195416369,1.7718057796178124,-27.909670999869274,0.617626352710818,,,,,,,,,,,,,,,,,,,,,,,,,,,270,,,,,,,,,,,,,,,,,PVC,HT,#7,#3,DIESEL_1,0.9836802794412061,2.180869473226237,40.1436642366967,-0.5755849141216014,-0.8549707406813613,-23.729479571979656,0.4088860590287689,270,,,,,,,,,,,,,,,,,,,,,,,,,,,,,,,,,,,,,,,,,,,,,,,,,,,,,,,,,,,,,,,,,,,,,,,,,,,,,,,,,,,,,,,,,,,,,,,,,,,,,,,,,,,,,,,,,,,,,,,,,,,,,,,,,,,,,,,,,,,,,,,,,,,,,,,,,,,,,,,,
324,PP,LT,#1,#3,GASOLINE_1,1.091351513951354,1.122015391536883,70.85883343199487,-0.2718864249550536,1.8351328111928344,-25.194689715082355,0.6444382655655434,,,,,,,,,,,,,,,,,,,,,,,,,,,,,,,,,,,,,,,,,,,,PVC,HT,#7,#4,DIESEL_1,1.0894936599088778,3.243521732776074,47.69682559745332,-0.7175543931415014,-1.9647320210394572,-31.971367394715177,0.3296961172103195,271,,,,,,,,,,,,,,,,,,,,,,,,,,,,,,,,,,,,,,,,,,,,,,,,,,,,,,,,,,,,,,,,,,,,,,,,,,,,,,,,,,,,,,,,,,,,,,,,,,,,,,,,,,,,,,,,,,,,,,,,,,,,,,,,,,,,,,,,,,,,,,,,,,,,,,,,,,,,,,,,
325,PP,LT,#1,#4,GASOLINE_1,1.17003066896909,1.1756546767900162,74.62416018935549,-0.3548065993499445,1.7021128123816622,-29.561541464037624,0.6038609829708431,,,,,,,,,,,,,,,,,,,,,,,,,,,,,,,,,,,,,,,,,,,,PVC,HT,#7,#5,FT_1,1.3206863925796704,3.2888450370803386,57.16849439745331,-0.8068107679108226,-1.9517892522275442,-36.6385262628273,0.3591133254602654,272,,,,,,,,,,,,,,,,,,,,,,,,,,,,,,,,,,,,,,,,,,,,,,,,,,,,,,,,,,,,,,,,,,,,,,,,,,,,,,,,,,,,,,,,,,,,,,,,,,,,,,,,,,,,,,,,,,,,,,,,,,,,,,,,,,,,,,,,,,,,,,,,,,,,,,,,,,,,,,,,
326,PP,LT,#1,#5,GASOLINE_1,1.220826045286568,1.152848590649803,75.6229512293555,-0.3794517918378139,1.7958356362919836,-29.749256582206012,0.6066107431858878,,,,,,,,,,,,,,,,,,,,,,,,,,,,,,,,,,,,,,,,,,,,PVC,HT,#7,#6,DIESEL_1,0.8762425192558398,1.9405829857857975,38.5650919048285,-0.4729792414190618,-0.6298968547473326,-22.288065599981955,0.422066316995049,273,,,,,,,,,,,,,,,,,,,,,,,,,,,,,,,,,,,,,,,,,,,,,,,,,,,,,,,,,,,,,,,,,,,,,,,,,,,,,,,,,,,,,,,,,,,,,,,,,,,,,,,,,,,,,,,,,,,,,,,,,,,,,,,,,,,,,,,,,,,,,,,,,,,,,,,,,,,,,,,,
327,PP,LT,#1,#6,GASOLINE_1,0.9942008942840057,0.8366397599836485,64.25902158617185,-0.18064921129754793,2.0963530270686017,-19.213576715020977,0.7009979884418965,,,,,,,,,,,,,,,,,,,,,,,,,,,,,,,,,,,,,,,,,,,,PVC,HT,#7,#7,DIESEL_1,0.954204136784513,2.2262589273047184,42.05565727841607,-0.5446750007499972,-0.904288587295692,-26.0911949157896,0.3796032066967553,274,,,,,,,,,,,,,,,,,,,,,,,,,,,,,,,,,,,,,,,,,,,,,,,,,,,,,,,,,,,,,,,,,,,,,,,,,,,,,,,,,,,,,,,,,,,,,,,,,,,,,,,,,,,,,,,,,,,,,,,,,,,,,,,,,,,,,,,,,,,,,,,,,,,,,,,,,,,,,,,,
328,PP,LT,#1,#7,GASOLINE_1,1.0995105506429768,1.2087238871383563,71.28106408857185,-0.2841371022747971,1.7296485450770873,-25.83251395220264,0.6375964040028376,,,,,,,,,,,,,,,,,,,,,,,,,,,,,,,,,,,,,,,,,,,,PVC,HT,#7,#8,DIESEL_1,1.020980444897195,2.38007840942531,43.63061854444807,-0.6122277761947749,-1.0670485498120152,-27.741320277122288,0.36417769899683605,275,,,,,,,,,,,,,,,,,,,,,,,,,,,,,,,,,,,,,,,,,,,,,,,,,,,,,,,,,,,,,,,,,,,,,,,,,,,,,,,,,,,,,,,,,,,,,,,,,,,,,,,,,,,,,,,,,,,,,,,,,,,,,,,,,,,,,,,,,,,,,,,,,,,,,,,,,,,,,,,,
329,PP,LT,#1,#8,GASOLINE_1,1.1593166729770807,1.1118111338965113,72.70236871460385,-0.3371986457199289,1.807388890748307,-27.75006861820791,0.618305852906362,,,,,,,,,,,,,,,,,,,,,,,,,,,,,,,,,,,,,,,,,,,,PVC,HT,#7,#9,DIESEL_1,0.9664448367864481,2.2311401993764592,43.231450948502406,-0.5553285155264094,-0.9033074653519914,-27.07696509527357,0.3736743851709294,276,,,,,,,,,,,,,,,,,,,,,,,,,,,,,,,,,,,,,,,,,,,,,,,,,,,,,,,,,,,,,,,,,,,,,,,,,,,,,,,,,,,,,,,,,,,,,,,,,,,,,,,,,,,,,,,,,,,,,,,,,,,,,,,,,,,,,,,,,,,,,,,,,,,,,,,,,,,,,,,,
330,PP,LT,#1,#9,GASOLINE_1,1.0834672607310145,1.1111722721642514,70.4431017974924,-0.264427786958527,1.8428258635325754,-24.78994678574457,0.6480855306881584,,,,,,,,,,,,,,,,,,,,,,,,,,,,,,,,,,,,,,,,,,,,PVC,HT,#7,#10,DIESEL_1,1.029056963755091,2.4678448118700325,45.05673049441607,-0.6187468749161378,-1.1529595756030822,-29.21536131552512,0.35158718808623257,277,,,,,,,,,,,,,,,,,,,,,,,,,,,,,,,,,,,,,,,,,,,,,,,,,,,,,,,,,,,,,,,,,,,,,,,,,,,,,,,,,,,,,,,,,,,,,,,,,,,,,,,,,,,,,,,,,,,,,,,,,,,,,,,,,,,,,,,,,,,,,,,,,,,,,,,,,,,,,,,,
331,PP,LT,#1,#10,GASOLINE_1,1.1645260380654534,1.1063513089616694,74.95033256857185,-0.3463003180742611,1.7790521725376345,-29.86165817083698,0.6015807115529924,,,,,,,,,,,,,,,,,,,,,,,,,,,,,,,,,,,,,,,,,,,,PVC,HT,#7,#11,DIESEL_1,1.0813467392181497,2.682053125169789,46.68809790444807,-0.6728729202145503,-1.3698761055965705,-30.916405221206485,0.33780970720888986,278,,,,,,,,,,,,,,,,,,,,,,,,,,,,,,,,,,,,,,,,,,,,,,,,,,,,,,,,,,,,,,,,,,,,,,,,,,,,,,,,,,,,,,,,,,,,,,,,,,,,,,,,,,,,,,,,,,,,,,,,,,,,,,,,,,,,,,,,,,,,,,,,,,,,,,,,,,,,,,,,
332,PP,LT,#1,#11,GASOLINE_1,1.1777080777977755,1.1132139079677879,74.51147336857186,-0.3545971300554493,1.8011569763035284,-29.588728897075885,0.6028970095556304,,,,,,,,,,,,,,,,,,,,,,,,,,,,,,,,,,,,,,,,,,,,PVC,HT,#8,#1,Aromatics,0.9119467384678915,1.3078532192001486,25.105712576408106,-0.6252241689679011,-0.05993018919343114,-10.780499736993377,0.5705957477134571,279,,,,,,,,,,,,,,,,,,,,,,,,,,,,,,,,,,,,,,,,,,,,,,,,,,,,,,,,,,,,,,,,,,,,,,,,,,,,,,,,,,,,,,,,,,,,,,,,,,,,,,,,,,,,,,,,,,,,,,,,,,,,,,,,,,,,,,,,,,,,,,,,,,,,,,,,,,,,,,,,
333,PP,LT,#2,#1,DIESEL_1,1.175813233684841,1.6697065118424743,75.9676490968755,-0.41324811509203596,1.343131783649225,-33.093802366142675,0.5643697974128332,,,,,,,,,,,,,,,,,,,,,,,,,,,,,,,,,,,,,,,,,,,,PVC,HT,#8,#2,Aromatics,1.1636474111144963,1.379125779550014,35.57952473640811,-0.7539901830726237,-0.1028431297181061,-16.206020155968826,0.544512742201264,280,,,,,,,,,,,,,,,,,,,,,,,,,,,,,,,,,,,,,,,,,,,,,,,,,,,,,,,,,,,,,,,,,,,,,,,,,,,,,,,,,,,,,,,,,,,,,,,,,,,,,,,,,,,,,,,,,,,,,,,,,,,,,,,,,,,,,,,,,,,,,,,,,,,,,,,,,,,,,,,,
334,PP,LT,#2,#2,DIESEL_1,1.223809649592029,1.5378233737653453,77.3176513368755,-0.44560006667555,1.455922344492641,-34.765715000072525,0.5503521589320247,,,,,,,,,,,,,,,,,,,,,,,,,,,,,,,,,,,,,,,,,,,,PVC,HT,#8,#4,Aromatics,1.0113929048242036,1.748661745935619,30.352462976408106,-0.7437360116877503,-0.5394749072308209,-16.165790950813946,0.4673977211213784,281,,,,,,,,,,,,,,,,,,,,,,,,,,,,,,,,,,,,,,,,,,,,,,,,,,,,,,,,,,,,,,,,,,,,,,,,,,,,,,,,,,,,,,,,,,,,,,,,,,,,,,,,,,,,,,,,,,,,,,,,,,,,,,,,,,,,,,,,,,,,,,,,,,,,,,,,,,,,,,,,
335,PP,LT,#2,#3,DIESEL_1,1.158747394955195,1.5113004642064511,75.18591337951487,-0.3904372962142333,1.5192493760676629,-32.05073371528561,0.5737135817782305,,,,,,,,,,,,,,,,,,,,,,,,,,,,,,,,,,,,,,,,,,,,PVC,HT,#8,#5,Aromatics,1.242585637494996,1.793985050239883,39.82413177640811,-0.832992386457071,-0.5265321384189069,-20.832949818926078,0.47687623333780865,282,,,,,,,,,,,,,,,,,,,,,,,,,,,,,,,,,,,,,,,,,,,,,,,,,,,,,,,,,,,,,,,,,,,,,,,,,,,,,,,,,,,,,,,,,,,,,,,,,,,,,,,,,,,,,,,,,,,,,,,,,,,,,,,,,,,,,,,,,,,,,,,,,,,,,,,,,,,,,,,,
336,PP,LT,#2,#4,DIESEL_1,1.2374265499729307,1.5649397494595847,78.95124013687551,-0.4733574706091237,1.3862293772564906,-36.41758546424089,0.5387332054429447,,,,,,,,,,,,,,,,,,,,,,,,,,,,,,,,,,,,,,,,,,,,PVC,HT,#9,#1,Aromatics,0.9887387258843024,1.6474127443651005,27.41593541880811,-0.7158680972178975,-0.4075259784203142,-12.752058206255178,0.5348669300735621,283,,,,,,,,,,,,,,,,,,,,,,,,,,,,,,,,,,,,,,,,,,,,,,,,,,,,,,,,,,,,,,,,,,,,,,,,,,,,,,,,,,,,,,,,,,,,,,,,,,,,,,,,,,,,,,,,,,,,,,,,,,,,,,,,,,,,,,,,,,,,,,,,,,,,,,,,,,,,,,,,
337,PP,LT,#2,#5,DIESEL_1,1.2882219262904087,1.5421336633193714,79.95003117687551,-0.49800266309699326,1.4799522011668123,-36.60530058240928,0.5421477635021001,,,,,,,,,,,,,,,,,,,,,,,,,,,,,,,,,,,,,,,,,,,,PVC,HT,#9,#2,Aromatics,1.2404393985309068,1.7186853047149662,37.889747578808105,-0.8446341113226193,-0.45043891894498916,-18.177578625230613,0.5202507330664454,284,,,,,,,,,,,,,,,,,,,,,,,,,,,,,,,,,,,,,,,,,,,,,,,,,,,,,,,,,,,,,,,,,,,,,,,,,,,,,,,,,,,,,,,,,,,,,,,,,,,,,,,,,,,,,,,,,,,,,,,,,,,,,,,,,,,,,,,,,,,,,,,,,,,,,,,,,,,,,,,,
338,PP,LT,#2,#6,DIESEL_1,1.0615967752878466,1.2259248326532166,68.58610153369186,-0.29920008255672725,1.7804695919434308,-26.069620715224243,0.6198993654360433,,,,,,,,,,,,,,,,,,,,,,,,,,,,,,,,,,,,,,,,,,,,PVC,HT,#9,#4,Aromatics,1.0881848922406145,2.0882212711005717,32.662685818808114,-0.8343799399377464,-0.8870706964577043,-18.137349420075747,0.44470734829676073,285,,,,,,,,,,,,,,,,,,,,,,,,,,,,,,,,,,,,,,,,,,,,,,,,,,,,,,,,,,,,,,,,,,,,,,,,,,,,,,,,,,,,,,,,,,,,,,,,,,,,,,,,,,,,,,,,,,,,,,,,,,,,,,,,,,,,,,,,,,,,,,,,,,,,,,,,,,,,,,,,
339,PP,LT,#2,#7,DIESEL_1,1.1669064316468174,1.598008959807925,75.60814403609187,-0.40268797353397645,1.4137651099519157,-32.68855795240591,0.567658241461371,,,,,,,,,,,,,,,,,,,,,,,,,,,,,,,,,,,,,,,,,,,,PVC,HT,#9,#5,Aromatics,1.3193776249114069,2.1335445754048354,42.13435461880811,-0.9236363147070676,-0.8741279276457903,-22.804508288187872,0.45876687813302125,286,,,,,,,,,,,,,,,,,,,,,,,,,,,,,,,,,,,,,,,,,,,,,,,,,,,,,,,,,,,,,,,,,,,,,,,,,,,,,,,,,,,,,,,,,,,,,,,,,,,,,,,,,,,,,,,,,,,,,,,,,,,,,,,,,,,,,,,,,,,,,,,,,,,,,,,,,,,,,,,,
340,PP,LT,#2,#8,DIESEL_1,1.2267125539809214,1.5010962065660796,77.02944866212387,-0.4557495169791084,1.4915054556231355,-34.606112618411174,0.5507417848697737,,,,,,,,,,,,,,,,,,,,,,,,,,,,,,,,,,,,,,,,,,,,PVC,HT,#9,#10,Aromatics,1.0277481960868278,1.3125443501945298,30.022590715770868,-0.7355724217123826,-0.07529825102132917,-15.381343340885687,0.48767434874279975,287,,,,,,,,,,,,,,,,,,,,,,,,,,,,,,,,,,,,,,,,,,,,,,,,,,,,,,,,,,,,,,,,,,,,,,,,,,,,,,,,,,,,,,,,,,,,,,,,,,,,,,,,,,,,,,,,,,,,,,,,,,,,,,,,,,,,,,,,,,,,,,,,,,,,,,,,,,,,,,,,
341,PP,LT,#2,#9,DIESEL_1,1.1508631417348554,1.5004573448338197,74.77018174501241,-0.38297865821770644,1.526942428407404,-31.645990785947824,0.5767565351938069,,,,,,,,,,,,,,,,,,,,,,,,,,,,,,,,,,,,,,,,,,,,PVC,HT,#9,#11,Aromatics,1.080037971549886,1.5267526634942867,31.653958125802873,-0.7896984670107948,-0.29221478101481735,-17.08238724656706,0.46033961444327975,288,,,,,,,,,,,,,,,,,,,,,,,,,,,,,,,,,,,,,,,,,,,,,,,,,,,,,,,,,,,,,,,,,,,,,,,,,,,,,,,,,,,,,,,,,,,,,,,,,,,,,,,,,,,,,,,,,,,,,,,,,,,,,,,,,,,,,,,,,,,,,,,,,,,,,,,,,,,,,,,,
342,PP,LT,#2,#10,DIESEL_1,1.2319219190692956,1.4956363816312375,79.27741251609186,-0.4648511893334422,1.4631687374124631,-36.717702171040244,0.53684535095558,,,,,,,,,,,,,,,,,,,,,,,,,,,,,,,,,,,,,,,,,,,,PVC,LT,#1,#1,GASOLINE_1,0.7955647771063148,1.6674273366743133,30.8085772393227,-0.3674737647537989,-0.33823186227020025,-13.450976174618535,0.5634015790430495,289,,,,,,,,,,,,,,,,,,,,,,,,,,,,,,,,,,,,,,,,,,,,,,,,,,,,,,,,,,,,,,,,,,,,,,,,,,,,,,,,,,,,,,,,,,,,,,,,,,,,,,,,,,,,,,,,,,,,,,,,,,,,,,,,,,,,,,,,,,,,,,,,,,,,,,,,,,,,,,,,
343,PP,LT,#2,#11,DIESEL_1,1.245103958801616,1.502498980637356,78.83855331609188,-0.4731480013146284,1.4852735411783573,-36.444772897279144,0.5377290505172126,,,,,,,,,,,,,,,,,,,,,,,,,,,,,,,,,,,,,,,,,,,,PVC,LT,#1,#2,GASOLINE_1,1.0849615487404813,1.7106650570790207,44.2261065193227,-0.49048527396509356,-0.33608784622766047,-20.01705300700223,0.547392827848035,290,,,,,,,,,,,,,,,,,,,,,,,,,,,,,,,,,,,,,,,,,,,,,,,,,,,,,,,,,,,,,,,,,,,,,,,,,,,,,,,,,,,,,,,,,,,,,,,,,,,,,,,,,,,,,,,,,,,,,,,,,,,,,,,,,,,,,,,,,,,,,,,,,,,,,,,,,,,,,,,,
344,PP,LT,#3,#1,DIESEL_1,1.299629998455483,2.1903553791449912,84.57975125983184,-0.48338616650068117,0.7918191075202325,-40.244463096003855,0.5241832413012009,,,,,,,,,,,,,,,,,,,,,,,,,,,,,,,,,,,,,,,,,,,,PVC,LT,#1,#4,GASOLINE_1,0.8765909689213763,2.209484061845064,37.1002089193227,-0.4726762800640858,-0.9178482865071854,-20.614792094485445,0.4443483555762739,291,,,,,,,,,,,,,,,,,,,,,,,,,,,,,,,,,,,,,,,,,,,,,,,,,,,,,,,,,,,,,,,,,,,,,,,,,,,,,,,,,,,,,,,,,,,,,,,,,,,,,,,,,,,,,,,,,,,,,,,,,,,,,,,,,,,,,,,,,,,,,,,,,,,,,,,,,,,,,,,,
345,PP,LT,#3,#2,DIESEL_1,1.3476264143626708,2.058472241067862,85.92975349983183,-0.5157381180841947,0.9046096683636485,-41.91637572993371,0.5122018390287161,,,,,,,,,,,,,,,,,,,,,,,,,,,,,,,,,,,,,,,,,,,,PVC,LT,#1,#5,GASOLINE_1,0.9615961158755538,2.1396034346361903,39.5640841193227,-0.3653386713448172,-0.7745579485564134,-15.668429224177956,0.6039734124282267,292,,,,,,,,,,,,,,,,,,,,,,,,,,,,,,,,,,,,,,,,,,,,,,,,,,,,,,,,,,,,,,,,,,,,,,,,,,,,,,,,,,,,,,,,,,,,,,,,,,,,,,,,,,,,,,,,,,,,,,,,,,,,,,,,,,,,,,,,,,,,,,,,,,,,,,,,,,,,,,,,
346,PP,LT,#3,#3,DIESEL_1,1.2825641597258384,2.0319493315089683,83.7980155424712,-0.46057534762287944,0.9679366999386704,-39.201394445146796,0.5321918521414338,,,,,,,,,,,,,,,,,,,,,,,,,,,,,,,,,,,,,,,,,,,,PVC,LT,#2,#1,Olefin,0.867235682278218,1.9186420878812733,32.646182203002695,-0.4830717424466585,-0.618157913815054,-14.568395918674986,0.553748863248854,293,,,,,,,,,,,,,,,,,,,,,,,,,,,,,,,,,,,,,,,,,,,,,,,,,,,,,,,,,,,,,,,,,,,,,,,,,,,,,,,,,,,,,,,,,,,,,,,,,,,,,,,,,,,,,,,,,,,,,,,,,,,,,,,,,,,,,,,,,,,,,,,,,,,,,,,,,,,,,,,,
347,PP,LT,#3,#4,DIESEL_1,1.361243314743574,2.085588616762102,87.56334229983185,-0.5434955220177701,0.8349167011274982,-43.56824619410209,0.5024373779050488,,,,,,,,,,,,,,,,,,,,,,,,,,,,,,,,,,,,,,,,,,,,PVC,LT,#2,#2,FT_1,1.1566324539123851,1.9618798082859807,46.0637114830027,-0.6060832516579535,-0.6160138977725139,-21.13447275105869,0.5411904062733369,294,,,,,,,,,,,,,,,,,,,,,,,,,,,,,,,,,,,,,,,,,,,,,,,,,,,,,,,,,,,,,,,,,,,,,,,,,,,,,,,,,,,,,,,,,,,,,,,,,,,,,,,,,,,,,,,,,,,,,,,,,,,,,,,,,,,,,,,,,,,,,,,,,,,,,,,,,,,,,,,,
348,PP,LT,#3,#5,DIESEL_1,1.4120386910610523,2.0627825306218885,88.56213333983183,-0.5681407145056397,0.9286395250378198,-43.75596131227045,0.5059292311266997,,,,,,,,,,,,,,,,,,,,,,,,,,,,,,,,,,,,,,,,,,,,PVC,LT,#2,#4,Olefin,0.9482618740932796,2.4606988130520238,38.937813883002704,-0.5882742577569453,-1.197774338052039,-21.732211838541907,0.44187385804860135,295,,,,,,,,,,,,,,,,,,,,,,,,,,,,,,,,,,,,,,,,,,,,,,,,,,,,,,,,,,,,,,,,,,,,,,,,,,,,,,,,,,,,,,,,,,,,,,,,,,,,,,,,,,,,,,,,,,,,,,,,,,,,,,,,,,,,,,,,,,,,,,,,,,,,,,,,,,,,,,,,
349,PP,LT,#3,#6,DIESEL_1,1.1854135400584898,1.7465736999557335,77.1982036966482,-0.3693381339653736,1.2291569158144384,-33.220281445085426,0.5696754606412198,,,,,,,,,,,,,,,,,,,,,,,,,,,,,,,,,,,,,,,,,,,,PVC,LT,#2,#5,FT_1,1.0332670210474575,2.3908181858431505,41.40168908300271,-0.48093664903767713,-1.0544840001012672,-16.785848968234415,0.5945612524507901,296,,,,,,,,,,,,,,,,,,,,,,,,,,,,,,,,,,,,,,,,,,,,,,,,,,,,,,,,,,,,,,,,,,,,,,,,,,,,,,,,,,,,,,,,,,,,,,,,,,,,,,,,,,,,,,,,,,,,,,,,,,,,,,,,,,,,,,,,,,,,,,,,,,,,,,,,,,,,,,,,
350,PP,LT,#3,#7,DIESEL_1,1.2907231964174604,2.1186578271104413,84.22024619904819,-0.4728260249426223,0.8624524338229238,-39.83921868226709,0.5269638776867251,,,,,,,,,,,,,,,,,,,,,,,,,,,,,,,,,,,,,,,,,,,,PVC,LT,#2,#8,Olefin,0.8698873897036049,1.3137651542824582,33.29321537327646,-0.4676240073176058,-0.039747877924290596,-15.735550980982941,0.5273646355703622,297,,,,,,,,,,,,,,,,,,,,,,,,,,,,,,,,,,,,,,,,,,,,,,,,,,,,,,,,,,,,,,,,,,,,,,,,,,,,,,,,,,,,,,,,,,,,,,,,,,,,,,,,,,,,,,,,,,,,,,,,,,,,,,,,,,,,,,,,,,,,,,,,,,,,,,,,,,,,,,,,
351,PP,LT,#3,#8,DIESEL_1,1.3505293187515643,2.0217450738685967,85.64155082508019,-0.5258875683877544,0.9401927794941429,-41.75677334827234,0.5124239000113501,,,,,,,,,,,,,,,,,,,,,,,,,,,,,,,,,,,,,,,,,,,,PVC,LT,#2,#10,Olefin,0.8743122810998666,1.4027168898853275,34.723485307244474,-0.4701657223912222,-0.12311382542685927,-17.021718650003677,0.5097923350899232,298,,,,,,,,,,,,,,,,,,,,,,,,,,,,,,,,,,,,,,,,,,,,,,,,,,,,,,,,,,,,,,,,,,,,,,,,,,,,,,,,,,,,,,,,,,,,,,,,,,,,,,,,,,,,,,,,,,,,,,,,,,,,,,,,,,,,,,,,,,,,,,,,,,,,,,,,,,,,,,,,
352,PP,LT,#3,#9,DIESEL_1,1.2746799065054986,2.0211062121363366,83.38228390796876,-0.45311670962635264,0.9756297522784116,-38.796651515809,0.5347134943121742,,,,,,,,,,,,,,,,,,,,,,,,,,,,,,,,,,,,,,,,,,,,PVC,LT,#2,#11,Olefin,0.8923274296390223,1.4912770214067161,35.198452349276465,-0.49005553259233775,-0.2210757204654622,-17.656934109106736,0.4983604979589482,299,,,,,,,,,,,,,,,,,,,,,,,,,,,,,,,,,,,,,,,,,,,,,,,,,,,,,,,,,,,,,,,,,,,,,,,,,,,,,,,,,,,,,,,,,,,,,,,,,,,,,,,,,,,,,,,,,,,,,,,,,,,,,,,,,,,,,,,,,,,,,,,,,,,,,,,,,,,,,,,,
353,PP,LT,#3,#10,DIESEL_1,1.3557386838399372,2.0162852489337544,87.88951467904822,-0.5349892407420869,0.911856061283471,-43.86836290090143,0.5008692099268228,,,,,,,,,,,,,,,,,,,,,,,,,,,,,,,,,,,,,,,,,,,,PVC,LT,#3,#1,MeOH_1,0.9233148722071424,2.3537305998503593,36.948797022886296,-0.5034869835366416,-0.9761284873259621,-18.184173189559075,0.5078547975920381,300,,,,,,,,,,,,,,,,,,,,,,,,,,,,,,,,,,,,,,,,,,,,,,,,,,,,,,,,,,,,,,,,,,,,,,,,,,,,,,,,,,,,,,,,,,,,,,,,,,,,,,,,,,,,,,,,,,,,,,,,,,,,,,,,,,,,,,,,,,,,,,,,,,,,,,,,,,,,,,,,
354,PP,LT,#3,#11,DIESEL_1,1.3689207235722594,2.0231478479398732,87.4506554790482,-0.5432860527232746,0.9339608650493648,-43.59543362714032,0.5014853417812849,,,,,,,,,,,,,,,,,,,,,,,,,,,,,,,,,,,,,,,,,,,,PVC,LT,#3,#2,MeOH_1,1.2127116438413088,2.3969683202550662,50.36632630288629,-0.6264984927479359,-0.9739844712834215,-24.750250021942772,0.5085952889813122,301,,,,,,,,,,,,,,,,,,,,,,,,,,,,,,,,,,,,,,,,,,,,,,,,,,,,,,,,,,,,,,,,,,,,,,,,,,,,,,,,,,,,,,,,,,,,,,,,,,,,,,,,,,,,,,,,,,,,,,,,,,,,,,,,,,,,,,,,,,,,,,,,,,,,,,,,,,,,,,,,
355,PP,LT,#4,#1,DIESEL_1,1.375140589329154,2.0422431896953688,86.97366165983183,-0.5296497063652286,1.002247272526744,-43.857770049564635,0.49573503963648763,,,,,,,,,,,,,,,,,,,,,,,,,,,,,,,,,,,,,,,,,,,,PVC,LT,#3,#3,MeOH_1,0.9005950042796488,1.5781949775636859,34.51607974109726,-0.4595466338505697,-0.19520390760834827,-15.380850148332307,0.5543859481232223,302,,,,,,,,,,,,,,,,,,,,,,,,,,,,,,,,,,,,,,,,,,,,,,,,,,,,,,,,,,,,,,,,,,,,,,,,,,,,,,,,,,,,,,,,,,,,,,,,,,,,,,,,,,,,,,,,,,,,,,,,,,,,,,,,,,,,,,,,,,,,,,,,,,,,,,,,,,,,,,,,
356,PP,LT,#4,#2,DIESEL_1,1.423137005236342,1.9103600516182395,88.32366389983184,-0.5620016579487424,1.1150378333701603,-45.5296826834945,0.48451320208896836,,,,,,,,,,,,,,,,,,,,,,,,,,,,,,,,,,,,,,,,,,,,PVC,LT,#3,#4,MeOH_1,1.0043410640222037,2.8957873250211095,43.240428702886305,-0.608689498846928,-1.5557449115629467,-25.347989109426003,0.4137895976102101,303,,,,,,,,,,,,,,,,,,,,,,,,,,,,,,,,,,,,,,,,,,,,,,,,,,,,,,,,,,,,,,,,,,,,,,,,,,,,,,,,,,,,,,,,,,,,,,,,,,,,,,,,,,,,,,,,,,,,,,,,,,,,,,,,,,,,,,,,,,,,,,,,,,,,,,,,,,,,,,,,
357,PP,LT,#4,#3,DIESEL_1,1.3580747505995077,1.8838371420593456,86.19192594247122,-0.5068388874874254,1.1783648649451821,-42.81470139870759,0.5032632009257543,,,,,,,,,,,,,,,,,,,,,,,,,,,,,,,,,,,,,,,,,,,,PVC,LT,#3,#5,FT_1,1.0893462109763812,2.825906697812236,45.70430390288629,-0.5013518901276595,-1.412454573612175,-20.40162623911849,0.5536169573336375,304,,,,,,,,,,,,,,,,,,,,,,,,,,,,,,,,,,,,,,,,,,,,,,,,,,,,,,,,,,,,,,,,,,,,,,,,,,,,,,,,,,,,,,,,,,,,,,,,,,,,,,,,,,,,,,,,,,,,,,,,,,,,,,,,,,,,,,,,,,,,,,,,,,,,,,,,,,,,,,,,
358,PP,LT,#4,#4,DIESEL_1,1.4367539056172436,1.937476427312479,89.95725269983183,-0.589759061882316,1.0453448661340097,-47.18155314766286,0.47551140423221194,,,,,,,,,,,,,,,,,,,,,,,,,,,,,,,,,,,,,,,,,,,,PVC,LT,#3,#7,MeOH_1,0.8841433765250585,1.6726819718751371,36.47097388712806,-0.44601822904433697,-0.2978822009975946,-17.833679253165972,0.5110171911405927,305,,,,,,,,,,,,,,,,,,,,,,,,,,,,,,,,,,,,,,,,,,,,,,,,,,,,,,,,,,,,,,,,,,,,,,,,,,,,,,,,,,,,,,,,,,,,,,,,,,,,,,,,,,,,,,,,,,,,,,,,,,,,,,,,,,,,,,,,,,,,,,,,,,,,,,,,,,,,,,,,
359,PP,LT,#4,#5,DIESEL_1,1.4875492819347216,1.9146703411722656,90.95604373983184,-0.6144042543701854,1.1390676900443313,-47.369268265831245,0.47920702882235083,,,,,,,,,,,,,,,,,,,,,,,,,,,,,,,,,,,,,,,,,,,,PVC,LT,#3,#8,MeOH_1,0.925966579632529,1.7488536662515444,37.59583019316007,-0.4880392484075886,-0.39771845143519907,-19.351328251867038,0.4852799325764673,306,,,,,,,,,,,,,,,,,,,,,,,,,,,,,,,,,,,,,,,,,,,,,,,,,,,,,,,,,,,,,,,,,,,,,,,,,,,,,,,,,,,,,,,,,,,,,,,,,,,,,,,,,,,,,,,,,,,,,,,,,,,,,,,,,,,,,,,,,,,,,,,,,,,,,,,,,,,,,,,,
360,PP,LT,#4,#6,DIESEL_1,1.260924130932159,1.598461510506111,79.5921140966482,-0.4156016738299193,1.4395850808209496,-36.8335883986462,0.5372206302508888,,,,,,,,,,,,,,,,,,,,,,,,,,,,,,,,,,,,,,,,,,,,PVC,LT,#3,#9,MeOH_1,0.8829478265805376,1.643924638496625,38.134245232252376,-0.4407608770926877,-0.26245820697982997,-19.23150291449939,0.49568943092036927,307,,,,,,,,,,,,,,,,,,,,,,,,,,,,,,,,,,,,,,,,,,,,,,,,,,,,,,,,,,,,,,,,,,,,,,,,,,,,,,,,,,,,,,,,,,,,,,,,,,,,,,,,,,,,,,,,,,,,,,,,,,,,,,,,,,,,,,,,,,,,,,,,,,,,,,,,,,,,,,,,
361,PP,LT,#4,#7,DIESEL_1,1.36623378729113,1.9705456376608192,86.6141565990482,-0.5190895648071684,1.0728805988294345,-43.45252563582787,0.49832074406754234,,,,,,,,,,,,,,,,,,,,,,,,,,,,,,,,,,,,,,,,,,,,PVC,LT,#3,#10,MeOH_1,0.9303914710287909,1.8378054018544137,39.02610012712807,-0.4905809634812053,-0.4810843989377677,-20.637495920887766,0.4711873373547233,308,,,,,,,,,,,,,,,,,,,,,,,,,,,,,,,,,,,,,,,,,,,,,,,,,,,,,,,,,,,,,,,,,,,,,,,,,,,,,,,,,,,,,,,,,,,,,,,,,,,,,,,,,,,,,,,,,,,,,,,,,,,,,,,,,,,,,,,,,,,,,,,,,,,,,,,,,,,,,,,,
362,PP,LT,#4,#8,DIESEL_1,1.426039909625234,1.873632884418974,88.03546122508018,-0.5721511082523002,1.1506209445006548,-45.370080301833134,0.4846385800622378,,,,,,,,,,,,,,,,,,,,,,,,,,,,,,,,,,,,,,,,,,,,PVC,LT,#3,#11,MeOH_1,0.9484066195679467,1.926365533375802,39.50106716916007,-0.5104707736823205,-0.5790462939763704,-21.272711379990827,0.4614648943814052,309,,,,,,,,,,,,,,,,,,,,,,,,,,,,,,,,,,,,,,,,,,,,,,,,,,,,,,,,,,,,,,,,,,,,,,,,,,,,,,,,,,,,,,,,,,,,,,,,,,,,,,,,,,,,,,,,,,,,,,,,,,,,,,,,,,,,,,,,,,,,,,,,,,,,,,,,,,,,,,,,
363,PP,LT,#4,#9,DIESEL_1,1.3501904973791692,1.8729940226867139,85.77619430796875,-0.4993802494908998,1.1860579172849233,-42.40995846936979,0.5055742585512465,,,,,,,,,,,,,,,,,,,,,,,,,,,,,,,,,,,,,,,,,,,,PVC,LT,#4,#1,GASOLINE_1,0.981324080978242,2.4887626627207564,38.1961283689183,-0.5663374086704345,-1.1490701376301484,-20.084974064991094,0.47416204409515417,310,,,,,,,,,,,,,,,,,,,,,,,,,,,,,,,,,,,,,,,,,,,,,,,,,,,,,,,,,,,,,,,,,,,,,,,,,,,,,,,,,,,,,,,,,,,,,,,,,,,,,,,,,,,,,,,,,,,,,,,,,,,,,,,,,,,,,,,,,,,,,,,,,,,,,,,,,,,,,,,,
364,PP,LT,#4,#10,DIESEL_1,1.4312492747136083,1.868173059484132,90.2834250790482,-0.5812527806066342,1.1222842262899821,-47.481669854462204,0.47408209410653906,,,,,,,,,,,,,,,,,,,,,,,,,,,,,,,,,,,,,,,,,,,,PVC,LT,#4,#2,FT_1,1.2707208526124085,2.5320003831254634,51.613657648918306,-0.689348917881729,-1.1469261215876085,-26.651050897374787,0.48364343642029545,311,,,,,,,,,,,,,,,,,,,,,,,,,,,,,,,,,,,,,,,,,,,,,,,,,,,,,,,,,,,,,,,,,,,,,,,,,,,,,,,,,,,,,,,,,,,,,,,,,,,,,,,,,,,,,,,,,,,,,,,,,,,,,,,,,,,,,,,,,,,,,,,,,,,,,,,,,,,,,,,,
365,PP,LT,#4,#11,DIESEL_1,1.4444313144459286,1.8750356584902501,89.84456587904818,-0.5895495925878204,1.1443890300558768,-47.2087405807011,0.47455096344663616,,,,,,,,,,,,,,,,,,,,,,,,,,,,,,,,,,,,,,,,,,,,PVC,LT,#4,#3,GASOLINE_1,0.9586042130507484,1.7132270404340824,35.76341108712925,-0.5223970589843626,-0.36814555791253445,-17.28165102376431,0.5167784476245407,312,,,,,,,,,,,,,,,,,,,,,,,,,,,,,,,,,,,,,,,,,,,,,,,,,,,,,,,,,,,,,,,,,,,,,,,,,,,,,,,,,,,,,,,,,,,,,,,,,,,,,,,,,,,,,,,,,,,,,,,,,,,,,,,,,,,,,,,,,,,,,,,,,,,,,,,,,,,,,,,,
366,PP,LT,#5,#1,DIESEL_1,1.30273747714108,2.1919541199705117,83.73211035594916,-0.49126787162224295,1.007262133317002,-37.80093109495407,0.5485491654962412,,,,,,,,,,,,,,,,,,,,,,,,,,,,,,,,,,,,,,,,,,,,PVC,LT,#4,#4,GASOLINE_1,1.0623502727933036,3.030819387891506,44.4877600489183,-0.6715399239807214,-1.7286865618671328,-27.248789984857996,0.3874991693244276,313,,,,,,,,,,,,,,,,,,,,,,,,,,,,,,,,,,,,,,,,,,,,,,,,,,,,,,,,,,,,,,,,,,,,,,,,,,,,,,,,,,,,,,,,,,,,,,,,,,,,,,,,,,,,,,,,,,,,,,,,,,,,,,,,,,,,,,,,,,,,,,,,,,,,,,,,,,,,,,,,
367,PP,LT,#5,#2,DIESEL_1,1.3507338930482682,2.060070981893383,85.08211259594916,-0.5236198232057571,1.1200526941604179,-39.47284372888392,0.536061781677442,,,,,,,,,,,,,,,,,,,,,,,,,,,,,,,,,,,,,,,,,,,,PVC,LT,#4,#5,FT_1,1.147355419747481,2.9609387606826325,46.95163524891829,-0.5642023152614525,-1.5853962239163608,-22.302427114550504,0.5249914726864742,314,,,,,,,,,,,,,,,,,,,,,,,,,,,,,,,,,,,,,,,,,,,,,,,,,,,,,,,,,,,,,,,,,,,,,,,,,,,,,,,,,,,,,,,,,,,,,,,,,,,,,,,,,,,,,,,,,,,,,,,,,,,,,,,,,,,,,,,,,,,,,,,,,,,,,,,,,,,,,,,,
368,PP,LT,#5,#3,DIESEL_1,1.2856716384114342,2.0335480723344888,82.95037463858853,-0.46845705274444044,1.1833797257354397,-36.75786244409702,0.5568692413476183,,,,,,,,,,,,,,,,,,,,,,,,,,,,,,,,,,,,,,,,,,,,PVC,LT,#4,#6,GASOLINE_1,0.8664379387983256,1.4109825239164928,33.554902096462804,-0.4361983917094672,-0.10384692701952965,-14.960839599646055,0.5541384815656144,315,,,,,,,,,,,,,,,,,,,,,,,,,,,,,,,,,,,,,,,,,,,,,,,,,,,,,,,,,,,,,,,,,,,,,,,,,,,,,,,,,,,,,,,,,,,,,,,,,,,,,,,,,,,,,,,,,,,,,,,,,,,,,,,,,,,,,,,,,,,,,,,,,,,,,,,,,,,,,,,,
369,PP,LT,#5,#4,DIESEL_1,1.3643507934291699,2.0871873575876223,86.71570139594915,-0.5513772271393309,1.0503597269242677,-41.1247141930523,0.5257523893478719,,,,,,,,,,,,,,,,,,,,,,,,,,,,,,,,,,,,,,,,,,,,PVC,LT,#4,#7,GASOLINE_1,0.9421525852961582,1.8077140347455334,37.71830523316007,-0.50886865417813,-0.4708238513017806,-19.734480128597998,0.47679303174925214,316,,,,,,,,,,,,,,,,,,,,,,,,,,,,,,,,,,,,,,,,,,,,,,,,,,,,,,,,,,,,,,,,,,,,,,,,,,,,,,,,,,,,,,,,,,,,,,,,,,,,,,,,,,,,,,,,,,,,,,,,,,,,,,,,,,,,,,,,,,,,,,,,,,,,,,,,,,,,,,,,
370,PP,LT,#5,#5,DIESEL_1,1.4151461697466496,2.064381271447409,87.71449243594917,-0.5760224196272021,1.144082550834589,-41.312429311220676,0.5290125022226194,,,,,,,,,,,,,,,,,,,,,,,,,,,,,,,,,,,,,,,,,,,,PVC,LT,#4,#8,GASOLINE_1,0.9839757884036286,1.8838857291219406,38.843161539192074,-0.5508896735413816,-0.5706601017393851,-21.25212912729905,0.45287334281850306,317,,,,,,,,,,,,,,,,,,,,,,,,,,,,,,,,,,,,,,,,,,,,,,,,,,,,,,,,,,,,,,,,,,,,,,,,,,,,,,,,,,,,,,,,,,,,,,,,,,,,,,,,,,,,,,,,,,,,,,,,,,,,,,,,,,,,,,,,,,,,,,,,,,,,,,,,,,,,,,,,
371,PP,LT,#5,#6,DIESEL_1,1.1885210187440853,1.7481724407812542,76.3505627927655,-0.3772198390869342,1.4445999416112076,-30.776749444035605,0.5969021272630118,,,,,,,,,,,,,,,,,,,,,,,,,,,,,,,,,,,,,,,,,,,,PVC,LT,#4,#9,GASOLINE_1,0.9409570353516371,1.7789567013670216,39.38157657828438,-0.5036113022264805,-0.4353998572840157,-21.132303789931406,0.46339619624105927,318,,,,,,,,,,,,,,,,,,,,,,,,,,,,,,,,,,,,,,,,,,,,,,,,,,,,,,,,,,,,,,,,,,,,,,,,,,,,,,,,,,,,,,,,,,,,,,,,,,,,,,,,,,,,,,,,,,,,,,,,,,,,,,,,,,,,,,,,,,,,,,,,,,,,,,,,,,,,,,,,
372,PP,LT,#5,#7,DIESEL_1,1.2938306751030575,2.120256567935962,83.3726052951655,-0.4807077300641844,1.0778954596196926,-37.39568668121728,0.5514631388952681,,,,,,,,,,,,,,,,,,,,,,,,,,,,,,,,,,,,,,,,,,,,PVC,LT,#4,#10,GASOLINE_1,0.9884006797998905,1.9728374647248101,40.27343147316007,-0.5534313886149982,-0.6540260492419538,-22.53829679631978,0.440368104432813,319,,,,,,,,,,,,,,,,,,,,,,,,,,,,,,,,,,,,,,,,,,,,,,,,,,,,,,,,,,,,,,,,,,,,,,,,,,,,,,,,,,,,,,,,,,,,,,,,,,,,,,,,,,,,,,,,,,,,,,,,,,,,,,,,,,,,,,,,,,,,,,,,,,,,,,,,,,,,,,,,
373,PP,LT,#5,#8,DIESEL_1,1.3536367974371604,2.023343814694117,84.7939099211975,-0.5337692735093152,1.1556358052909124,-39.31324134722255,0.5363671591066154,,,,,,,,,,,,,,,,,,,,,,,,,,,,,,,,,,,,,,,,,,,,PVC,LT,#4,#11,GASOLINE_1,1.006415828339046,2.061397596246199,40.74839851519207,-0.5733211988161134,-0.751987944280557,-23.173512255422846,0.43130250267913844,320,,,,,,,,,,,,,,,,,,,,,,,,,,,,,,,,,,,,,,,,,,,,,,,,,,,,,,,,,,,,,,,,,,,,,,,,,,,,,,,,,,,,,,,,,,,,,,,,,,,,,,,,,,,,,,,,,,,,,,,,,,,,,,,,,,,,,,,,,,,,,,,,,,,,,,,,,,,,,,,,
374,PP,LT,#5,#9,DIESEL_1,1.277787385191096,2.0227049529618575,82.53464300408606,-0.46099841474791475,1.1910727780751809,-36.35311951475922,0.5595410824887257,,,,,,,,,,,,,,,,,,,,,,,,,,,,,,,,,,,,,,,,,,,,PVC,LT,#5,#1,GASOLINE_1,0.9354760085230898,2.266912637888273,36.622792948438395,-0.5152224872154013,-0.8468303432106021,-16.779885250706347,0.5418185261203066,321,,,,,,,,,,,,,,,,,,,,,,,,,,,,,,,,,,,,,,,,,,,,,,,,,,,,,,,,,,,,,,,,,,,,,,,,,,,,,,,,,,,,,,,,,,,,,,,,,,,,,,,,,,,,,,,,,,,,,,,,,,,,,,,,,,,,,,,,,,,,,,,,,,,,,,,,,,,,,,,,
375,PP,LT,#5,#10,DIESEL_1,1.3588461625255346,2.017883989759275,87.04187377516548,-0.542870945863649,1.1272990870802402,-41.42483089985161,0.5240815816206521,,,,,,,,,,,,,,,,,,,,,,,,,,,,,,,,,,,,,,,,,,,,PVC,LT,#5,#2,FT_1,1.2248727801572563,2.3101503582929803,50.0403222284384,-0.6382339964266958,-0.844686327168062,-23.345962083090043,0.533456999407124,322,,,,,,,,,,,,,,,,,,,,,,,,,,,,,,,,,,,,,,,,,,,,,,,,,,,,,,,,,,,,,,,,,,,,,,,,,,,,,,,,,,,,,,,,,,,,,,,,,,,,,,,,,,,,,,,,,,,,,,,,,,,,,,,,,,,,,,,,,,,,,,,,,,,,,,,,,,,,,,,,
376,PP,LT,#5,#11,DIESEL_1,1.372028202257855,2.0247465887653937,86.60301457516552,-0.5511677578448354,1.1494038908461344,-41.15190162609053,0.5248213722355648,,,,,,,,,,,,,,,,,,,,,,,,,,,,,,,,,,,,,,,,,,,,PVC,LT,#5,#3,GASOLINE_1,0.912756140595596,1.4913770156015995,34.19007566664936,-0.47128213752932935,-0.06590576349298835,-13.976562209479582,0.5912099655540396,323,,,,,,,,,,,,,,,,,,,,,,,,,,,,,,,,,,,,,,,,,,,,,,,,,,,,,,,,,,,,,,,,,,,,,,,,,,,,,,,,,,,,,,,,,,,,,,,,,,,,,,,,,,,,,,,,,,,,,,,,,,,,,,,,,,,,,,,,,,,,,,,,,,,,,,,,,,,,,,,,
377,PP,LT,#6,#1,MeOH_1,1.4871254185281706,2.122392062504213,97.9348507798318,-0.6660092803241179,0.7545567723798866,-54.451484156778825,0.4440029905269201,,,,,,,,,,,,,,,,,,,,,,,,,,,,,,,,,,,,,,,,,,,,PVC,LT,#5,#4,GASOLINE_1,1.0165022003381508,2.808969363059023,42.914424628438404,-0.6204250025256878,-1.4264467674475867,-23.943701170573274,0.44205936866490503,324,,,,,,,,,,,,,,,,,,,,,,,,,,,,,,,,,,,,,,,,,,,,,,,,,,,,,,,,,,,,,,,,,,,,,,,,,,,,,,,,,,,,,,,,,,,,,,,,,,,,,,,,,,,,,,,,,,,,,,,,,,,,,,,,,,,,,,,,,,,,,,,,,,,,,,,,,,,,,,,,
378,PP,LT,#6,#2,DIESEL_1,1.535121834435359,1.9905089244270837,99.28485301983183,-0.6983612319076322,0.8673473332233029,-56.12339679070868,0.4347234740882558,,,,,,,,,,,,,,,,,,,,,,,,,,,,,,,,,,,,,,,,,,,,PVC,LT,#5,#5,FT_1,1.1015073472923287,2.73908873585015,45.378299828438394,-0.5130873938064193,-1.2831564294968152,-18.997338300265767,0.5813563229100925,325,,,,,,,,,,,,,,,,,,,,,,,,,,,,,,,,,,,,,,,,,,,,,,,,,,,,,,,,,,,,,,,,,,,,,,,,,,,,,,,,,,,,,,,,,,,,,,,,,,,,,,,,,,,,,,,,,,,,,,,,,,,,,,,,,,,,,,,,,,,,,,,,,,,,,,,,,,,,,,,,
379,PP,LT,#6,#3,DIESEL_1,1.4700595797985256,1.9639860148681898,97.1531150624712,-0.643198461446316,0.9306743647983249,-53.40841550592177,0.45026553732652635,,,,,,,,,,,,,,,,,,,,,,,,,,,,,,,,,,,,,,,,,,,,PVC,LT,#5,#7,GASOLINE_1,0.8963045128410059,1.5858640099130512,36.14496981268018,-0.45775373272309666,-0.16858405688223496,-16.429391314313264,0.5454584303304745,326,,,,,,,,,,,,,,,,,,,,,,,,,,,,,,,,,,,,,,,,,,,,,,,,,,,,,,,,,,,,,,,,,,,,,,,,,,,,,,,,,,,,,,,,,,,,,,,,,,,,,,,,,,,,,,,,,,,,,,,,,,,,,,,,,,,,,,,,,,,,,,,,,,,,,,,,,,,,,,,,
380,PP,LT,#6,#4,MeOH_1,1.5487387348162616,2.017625300121323,100.91844181983184,-0.726118635841207,0.7976543659871526,-57.775267254877065,0.4275053576627514,,,,,,,,,,,,,,,,,,,,,,,,,,,,,,,,,,,,,,,,,,,,PVC,LT,#5,#8,GASOLINE_1,0.9381277159484765,1.662035704289458,37.269826118712174,-0.49977475208634836,-0.2684203073198393,-17.947040313014316,0.5184565590445942,327,,,,,,,,,,,,,,,,,,,,,,,,,,,,,,,,,,,,,,,,,,,,,,,,,,,,,,,,,,,,,,,,,,,,,,,,,,,,,,,,,,,,,,,,,,,,,,,,,,,,,,,,,,,,,,,,,,,,,,,,,,,,,,,,,,,,,,,,,,,,,,,,,,,,,,,,,,,,,,,,
381,PP,LT,#6,#5,DIESEL_1,1.59953411113374,1.99481921398111,101.91723285983181,-0.7507638283290766,0.8913771898974739,-57.962982373045406,0.43127397843735904,,,,,,,,,,,,,,,,,,,,,,,,,,,,,,,,,,,,,,,,,,,,PVC,LT,#5,#9,GASOLINE_1,0.895108962896485,1.557106676534539,37.80824115780448,-0.45249638077144744,-0.13316006286446988,-17.827214975646672,0.5284833562809963,328,,,,,,,,,,,,,,,,,,,,,,,,,,,,,,,,,,,,,,,,,,,,,,,,,,,,,,,,,,,,,,,,,,,,,,,,,,,,,,,,,,,,,,,,,,,,,,,,,,,,,,,,,,,,,,,,,,,,,,,,,,,,,,,,,,,,,,,,,,,,,,,,,,,,,,,,,,,,,,,,
382,PP,LT,#6,#6,DIESEL_1,1.372908960131177,1.6786103833149553,90.5533032166482,-0.5519612477888102,1.1918945806740928,-47.427302505860396,0.4762498901625833,,,,,,,,,,,,,,,,,,,,,,,,,,,,,,,,,,,,,,,,,,,,PVC,LT,#5,#10,GASOLINE_1,0.9425526073447381,1.750987439892327,38.70009605268017,-0.5023164671599647,-0.35178625482240766,-19.23320798203504,0.5030191150984741,329,,,,,,,,,,,,,,,,,,,,,,,,,,,,,,,,,,,,,,,,,,,,,,,,,,,,,,,,,,,,,,,,,,,,,,,,,,,,,,,,,,,,,,,,,,,,,,,,,,,,,,,,,,,,,,,,,,,,,,,,,,,,,,,,,,,,,,,,,,,,,,,,,,,,,,,,,,,,,,,,
383,PP,LT,#6,#7,MeOH_1,1.4782186164901483,2.0506945104696634,97.5753457190482,-0.6554491387660595,0.8251900986825776,-54.04623974304206,0.4461076274465978,,,,,,,,,,,,,,,,,,,,,,,,,,,,,,,,,,,,,,,,,,,,PVC,LT,#5,#11,GASOLINE_1,0.9605677558838936,1.8395475714137162,39.17506309471218,-0.52220627736108,-0.4497481498610109,-19.86842344113811,0.49282982919254226,330,,,,,,,,,,,,,,,,,,,,,,,,,,,,,,,,,,,,,,,,,,,,,,,,,,,,,,,,,,,,,,,,,,,,,,,,,,,,,,,,,,,,,,,,,,,,,,,,,,,,,,,,,,,,,,,,,,,,,,,,,,,,,,,,,,,,,,,,,,,,,,,,,,,,,,,,,,,,,,,,
384,PP,LT,#6,#8,DIESEL_1,1.5380247388242525,1.9537817572278187,98.99665034508018,-0.7085106822111916,0.902930444353797,-55.96379440904731,0.4346900201777531,,,,,,,,,,,,,,,,,,,,,,,,,,,,,,,,,,,,,,,,,,,,PVC,LT,#6,#1,MeOH_1,1.0477834136198663,2.969685292584192,45.357933662886296,-0.508856875407973,-1.4672050896892113,-20.819313556840942,0.5409995148461503,331,,,,,,,,,,,,,,,,,,,,,,,,,,,,,,,,,,,,,,,,,,,,,,,,,,,,,,,,,,,,,,,,,,,,,,,,,,,,,,,,,,,,,,,,,,,,,,,,,,,,,,,,,,,,,,,,,,,,,,,,,,,,,,,,,,,,,,,,,,,,,,,,,,,,,,,,,,,,,,,,
385,PP,LT,#6,#9,DIESEL_1,1.462175326578186,1.9531428954955583,96.73738342796875,-0.6357398234497894,0.9383674171380657,-53.00367257658399,0.452086973015444,,,,,,,,,,,,,,,,,,,,,,,,,,,,,,,,,,,,,,,,,,,,PVC,LT,#6,#2,MeOH_1,1.3371801852540328,3.0129230129888995,58.775462942886286,-0.6318683846192676,-1.465061073646671,-27.385390389224625,0.534067636084198,332,,,,,,,,,,,,,,,,,,,,,,,,,,,,,,,,,,,,,,,,,,,,,,,,,,,,,,,,,,,,,,,,,,,,,,,,,,,,,,,,,,,,,,,,,,,,,,,,,,,,,,,,,,,,,,,,,,,,,,,,,,,,,,,,,,,,,,,,,,,,,,,,,,,,,,,,,,,,,,,,
386,PP,LT,#6,#10,MeOH_1,1.5432341039126247,1.9483219322929763,101.24461419904823,-0.7176123545655235,0.8745937261431248,-58.07538396167642,0.426385448538532,,,,,,,,,,,,,,,,,,,,,,,,,,,,,,,,,,,,,,,,,,,,PVC,LT,#6,#3,MeOH_1,1.0250635456923725,2.1941496702975187,42.92521638109725,-0.464916525721901,-0.6862805099715972,-18.01599051561416,0.5802935422464692,333,,,,,,,,,,,,,,,,,,,,,,,,,,,,,,,,,,,,,,,,,,,,,,,,,,,,,,,,,,,,,,,,,,,,,,,,,,,,,,,,,,,,,,,,,,,,,,,,,,,,,,,,,,,,,,,,,,,,,,,,,,,,,,,,,,,,,,,,,,,,,,,,,,,,,,,,,,,,,,,,
387,PP,LT,#6,#11,DIESEL_1,1.5564161436449475,1.9551845312990948,100.80575499904819,-0.7259091665467119,0.8966985299090189,-57.80245468791529,0.426595687037302,,,,,,,,,,,,,,,,,,,,,,,,,,,,,,,,,,,,,,,,,,,,PVC,LT,#6,#4,MeOH_1,1.1288096054349277,3.5117420177549428,51.649565342886284,-0.6140593907182598,-2.0468215139261963,-27.98312947670786,0.4582117140592359,334,,,,,,,,,,,,,,,,,,,,,,,,,,,,,,,,,,,,,,,,,,,,,,,,,,,,,,,,,,,,,,,,,,,,,,,,,,,,,,,,,,,,,,,,,,,,,,,,,,,,,,,,,,,,,,,,,,,,,,,,,,,,,,,,,,,,,,,,,,,,,,,,,,,,,,,,,,,,,,,,
388,PP,LT,#7,#1,DIESEL_1,1.577061212142042,2.1757927928227163,100.87052741983184,-0.730598838812109,0.8633889205735368,-57.95472849476574,0.4254542929714925,,,,,,,,,,,,,,,,,,,,,,,,,,,,,,,,,,,,,,,,,,,,PVC,LT,#6,#5,MeOH_1,1.2138147523891052,3.4418613905460687,54.113440542886295,-0.5067217819989909,-1.9035311759754234,-23.036766606400356,0.5742875268087394,335,,,,,,,,,,,,,,,,,,,,,,,,,,,,,,,,,,,,,,,,,,,,,,,,,,,,,,,,,,,,,,,,,,,,,,,,,,,,,,,,,,,,,,,,,,,,,,,,,,,,,,,,,,,,,,,,,,,,,,,,,,,,,,,,,,,,,,,,,,,,,,,,,,,,,,,,,,,,,,,,
389,PP,LT,#7,#2,DIESEL_1,1.6250576280492306,2.043909654745587,102.22052965983185,-0.7629507903956236,0.9761794814169529,-59.626641128695596,0.41668624368196533,,,,,,,,,,,,,,,,,,,,,,,,,,,,,,,,,,,,,,,,,,,,PVC,LT,#6,#6,MeOH_1,0.93289727143995,1.8919051537799287,40.716707390430805,-0.37871785844700595,-0.4219818790785921,-15.695179091495909,0.6145273010168653,336,,,,,,,,,,,,,,,,,,,,,,,,,,,,,,,,,,,,,,,,,,,,,,,,,,,,,,,,,,,,,,,,,,,,,,,,,,,,,,,,,,,,,,,,,,,,,,,,,,,,,,,,,,,,,,,,,,,,,,,,,,,,,,,,,,,,,,,,,,,,,,,,,,,,,,,,,,,,,,,,
390,PP,LT,#7,#3,DIESEL_1,1.5599953734123975,2.017386745186693,100.08879170247118,-0.7077880199343077,1.0395065129919747,-56.911659843908666,0.43138828158614373,,,,,,,,,,,,,,,,,,,,,,,,,,,,,,,,,,,,,,,,,,,,PVC,LT,#6,#7,MeOH_1,1.0086119179377824,2.2886366646089695,44.88011052712806,-0.4513881209156686,-0.7889588033608433,-20.468819620447835,0.5439222546460679,337,,,,,,,,,,,,,,,,,,,,,,,,,,,,,,,,,,,,,,,,,,,,,,,,,,,,,,,,,,,,,,,,,,,,,,,,,,,,,,,,,,,,,,,,,,,,,,,,,,,,,,,,,,,,,,,,,,,,,,,,,,,,,,,,,,,,,,,,,,,,,,,,,,,,,,,,,,,,,,,,
391,PP,LT,#7,#4,DIESEL_1,1.6386745284301334,2.0710260304398265,103.85411845983185,-0.7907081943291986,0.9064865141808024,-61.27851159286397,0.4099558832944603,,,,,,,,,,,,,,,,,,,,,,,,,,,,,,,,,,,,,,,,,,,,PVC,LT,#6,#8,MeOH_1,1.0504351210452532,2.3648083589853766,46.00496683316007,-0.49340914027892036,-0.8887950537984473,-21.9864686191489,0.5220848935967234,338,,,,,,,,,,,,,,,,,,,,,,,,,,,,,,,,,,,,,,,,,,,,,,,,,,,,,,,,,,,,,,,,,,,,,,,,,,,,,,,,,,,,,,,,,,,,,,,,,,,,,,,,,,,,,,,,,,,,,,,,,,,,,,,,,,,,,,,,,,,,,,,,,,,,,,,,,,,,,,,,
392,PP,LT,#7,#5,DIESEL_1,1.6894699047476118,2.0482199442996127,104.85290949983185,-0.8153533868170683,1.0002093380911246,-61.46622671103234,0.4137861600194231,,,,,,,,,,,,,,,,,,,,,,,,,,,,,,,,,,,,,,,,,,,,PVC,LT,#6,#9,MeOH_1,1.0074163679932615,2.2598793312304575,46.54338187225239,-0.44613076896401926,-0.7535348093430781,-21.866643281781265,0.5301879149693368,339,,,,,,,,,,,,,,,,,,,,,,,,,,,,,,,,,,,,,,,,,,,,,,,,,,,,,,,,,,,,,,,,,,,,,,,,,,,,,,,,,,,,,,,,,,,,,,,,,,,,,,,,,,,,,,,,,,,,,,,,,,,,,,,,,,,,,,,,,,,,,,,,,,,,,,,,,,,,,,,,
393,PP,LT,#7,#6,DIESEL_1,1.4628447537450493,1.732011113633458,93.48897985664817,-0.6165508062768021,1.300726728867743,-50.930546843847274,0.45522406039790037,,,,,,,,,,,,,,,,,,,,,,,,,,,,,,,,,,,,,,,,,,,,PVC,LT,#6,#10,MeOH_1,1.054860012441515,2.4537600945882465,47.43523676712807,-0.495950855352537,-0.9721610013010165,-23.27263628816963,0.5093808342852579,340,,,,,,,,,,,,,,,,,,,,,,,,,,,,,,,,,,,,,,,,,,,,,,,,,,,,,,,,,,,,,,,,,,,,,,,,,,,,,,,,,,,,,,,,,,,,,,,,,,,,,,,,,,,,,,,,,,,,,,,,,,,,,,,,,,,,,,,,,,,,,,,,,,,,,,,,,,,,,,,,
394,PP,LT,#7,#7,DIESEL_1,1.56815441010402,2.1040952407881663,100.5110223590482,-0.720038697254051,0.9340222468762277,-57.549484081028965,0.4274311142170145,,,,,,,,,,,,,,,,,,,,,,,,,,,,,,,,,,,,,,,,,,,,PVC,LT,#6,#11,MeOH_1,1.0728751609806704,2.5423202261096347,47.91020380916007,-0.5158406655536519,-1.0701228963396192,-23.907851747272698,0.5009862232583178,341,,,,,,,,,,,,,,,,,,,,,,,,,,,,,,,,,,,,,,,,,,,,,,,,,,,,,,,,,,,,,,,,,,,,,,,,,,,,,,,,,,,,,,,,,,,,,,,,,,,,,,,,,,,,,,,,,,,,,,,,,,,,,,,,,,,,,,,,,,,,,,,,,,,,,,,,,,,,,,,,
395,PP,LT,#7,#8,DIESEL_1,1.627960532438124,2.0071824875463213,101.93232698508021,-0.7731002406991831,1.0117625925474476,-59.467038747034245,0.41660275492642873,,,,,,,,,,,,,,,,,,,,,,,,,,,,,,,,,,,,,,,,,,,,PVC,LT,#7,#1,GASOLINE_1,1.0678661365832107,3.2111339267883414,45.647827422886294,-0.6508384566698561,-1.8730847543303006,-27.358327562518607,0.4006652866725032,342,,,,,,,,,,,,,,,,,,,,,,,,,,,,,,,,,,,,,,,,,,,,,,,,,,,,,,,,,,,,,,,,,,,,,,,,,,,,,,,,,,,,,,,,,,,,,,,,,,,,,,,,,,,,,,,,,,,,,,,,,,,,,,,,,,,,,,,,,,,,,,,,,,,,,,,,,,,,,,,,
396,PP,LT,#7,#9,DIESEL_1,1.5521111201920579,2.006543625814061,99.67306006796873,-0.7003293819377809,1.047199565331716,-56.506916914570866,0.4330773342763044,,,,,,,,,,,,,,,,,,,,,,,,,,,,,,,,,,,,,,,,,,,,PVC,LT,#7,#2,FT_1,1.3572629082173773,3.2543716471930475,59.065356702886284,-0.7738499658811505,-1.8709407382877594,-33.92440439490229,0.42564632995360313,343,,,,,,,,,,,,,,,,,,,,,,,,,,,,,,,,,,,,,,,,,,,,,,,,,,,,,,,,,,,,,,,,,,,,,,,,,,,,,,,,,,,,,,,,,,,,,,,,,,,,,,,,,,,,,,,,,,,,,,,,,,,,,,,,,,,,,,,,,,,,,,,,,,,,,,,,,,,,,,,,
397,PP,LT,#7,#10,DIESEL_1,1.6331698975264966,2.001722662611479,104.1802908390482,-0.7822019130535154,0.9834258743367752,-61.578628299663286,0.40892247656710534,,,,,,,,,,,,,,,,,,,,,,,,,,,,,,,,,,,,,,,,,,,,PVC,LT,#7,#3,GASOLINE_1,1.0451462686557171,2.435598304501667,43.21511014109724,-0.6068981069837841,-1.0921601746126863,-24.555004521291824,0.4317958593390186,344,,,,,,,,,,,,,,,,,,,,,,,,,,,,,,,,,,,,,,,,,,,,,,,,,,,,,,,,,,,,,,,,,,,,,,,,,,,,,,,,,,,,,,,,,,,,,,,,,,,,,,,,,,,,,,,,,,,,,,,,,,,,,,,,,,,,,,,,,,,,,,,,,,,,,,,,,,,,,,,,
398,PP,LT,#7,#11,DIESEL_1,1.6463519372588185,2.0085852616175974,103.7414316390482,-0.7904987250347028,1.0055306781026696,-61.30569902590219,0.4090528918165924,,,,,,,,,,,,,,,,,,,,,,,,,,,,,,,,,,,,,,,,,,,,PVC,LT,#7,#4,GASOLINE_1,1.1488923283982722,3.7531906519590907,51.939459102886296,-0.7560409719801428,-2.4527011785672843,-34.52214348238552,0.3353387948457262,345,,,,,,,,,,,,,,,,,,,,,,,,,,,,,,,,,,,,,,,,,,,,,,,,,,,,,,,,,,,,,,,,,,,,,,,,,,,,,,,,,,,,,,,,,,,,,,,,,,,,,,,,,,,,,,,,,,,,,,,,,,,,,,,,,,,,,,,,,,,,,,,,,,,,,,,,,,,,,,,,
399,PP,LT,#8,#1,DIESEL_1,1.1807895087057965,0.771906443835502,67.36463280113496,-0.4565028053354817,1.973165453253364,-23.08355944818614,0.6573341457032743,,,,,,,,,,,,,,,,,,,,,,,,,,,,,,,,,,,,,,,,,,,,PVC,LT,#7,#5,FT_1,1.2338974753524496,3.683310024750218,54.40333430288631,-0.648703363260874,-2.3094108406165135,-29.57578061207803,0.45636088318746804,346,,,,,,,,,,,,,,,,,,,,,,,,,,,,,,,,,,,,,,,,,,,,,,,,,,,,,,,,,,,,,,,,,,,,,,,,,,,,,,,,,,,,,,,,,,,,,,,,,,,,,,,,,,,,,,,,,,,,,,,,,,,,,,,,,,,,,,,,,,,,,,,,,,,,,,,,,,,,,,,,
400,PP,LT,#8,#2,DIESEL_1,1.2287859246129846,0.640023305758373,68.71463504113495,-0.4888547569189958,2.0859560140967797,-24.75547208211599,0.6397350860221187,,,,,,,,,,,,,,,,,,,,,,,,,,,,,,,,,,,,,,,,,,,,PVC,LT,#7,#6,GASOLINE_1,0.9529799944032947,2.133353787984077,41.0066011504308,-0.5206994397088891,-0.8278615437196812,-22.23419309717357,0.45778990520066576,347,,,,,,,,,,,,,,,,,,,,,,,,,,,,,,,,,,,,,,,,,,,,,,,,,,,,,,,,,,,,,,,,,,,,,,,,,,,,,,,,,,,,,,,,,,,,,,,,,,,,,,,,,,,,,,,,,,,,,,,,,,,,,,,,,,,,,,,,,,,,,,,,,,,,,,,,,,,,,,,,
401,PP,LT,#8,#3,DIESEL_1,1.1637236699761517,0.6135003961994788,66.58289708377431,-0.43369198645768026,2.149283045671802,-22.040490797329078,0.6689766927744549,,,,,,,,,,,,,,,,,,,,,,,,,,,,,,,,,,,,,,,,,,,,PVC,LT,#7,#7,GASOLINE_1,1.028694640901127,2.5300852988131184,45.170004287128066,-0.5933697021775516,-1.1948384680019326,-27.007833626125514,0.40208476726175923,348,,,,,,,,,,,,,,,,,,,,,,,,,,,,,,,,,,,,,,,,,,,,,,,,,,,,,,,,,,,,,,,,,,,,,,,,,,,,,,,,,,,,,,,,,,,,,,,,,,,,,,,,,,,,,,,,,,,,,,,,,,,,,,,,,,,,,,,,,,,,,,,,,,,,,,,,,,,,,,,,
402,PP,LT,#8,#4,DIESEL_1,1.2424028249938879,0.6671396814526124,70.34822384113495,-0.516612160852571,2.0162630468606295,-26.407342546284365,0.6246196264184412,,,,,,,,,,,,,,,,,,,,,,,,,,,,,,,,,,,,,,,,,,,,PVC,LT,#7,#8,GASOLINE_1,1.0705178440085976,2.6062569931895254,46.29486059316007,-0.6353907215408033,-1.294674718439537,-28.52548262482656,0.3838304671546819,349,,,,,,,,,,,,,,,,,,,,,,,,,,,,,,,,,,,,,,,,,,,,,,,,,,,,,,,,,,,,,,,,,,,,,,,,,,,,,,,,,,,,,,,,,,,,,,,,,,,,,,,,,,,,,,,,,,,,,,,,,,,,,,,,,,,,,,,,,,,,,,,,,,,,,,,,,,,,,,,,
403,PP,LT,#8,#5,DIESEL_1,1.2931982013113659,0.6443335953123991,71.34701488113495,-0.5412573533404407,2.109985870770951,-26.595057664452714,0.627243582527448,,,,,,,,,,,,,,,,,,,,,,,,,,,,,,,,,,,,,,,,,,,,PVC,LT,#7,#9,GASOLINE_1,1.027499090956606,2.501327965434606,46.83327563225238,-0.5881123502259021,-1.1594144739841676,-28.405657287458915,0.3934727626034986,350,,,,,,,,,,,,,,,,,,,,,,,,,,,,,,,,,,,,,,,,,,,,,,,,,,,,,,,,,,,,,,,,,,,,,,,,,,,,,,,,,,,,,,,,,,,,,,,,,,,,,,,,,,,,,,,,,,,,,,,,,,,,,,,,,,,,,,,,,,,,,,,,,,,,,,,,,,,,,,,,
404,PP,LT,#8,#6,DIESEL_1,1.0665730503088031,0.3281247646462445,59.9830852379513,-0.342454772800174,2.4105032615475697,-16.059377797267686,0.7322682263914808,,,,,,,,,,,,,,,,,,,,,,,,,,,,,,,,,,,,,,,,,,,,PVC,LT,#7,#10,GASOLINE_1,1.0749427354048595,2.695208728792395,47.725130527128066,-0.6379324366144198,-1.3780406659421056,-29.81165029384729,0.37534690917394853,351,,,,,,,,,,,,,,,,,,,,,,,,,,,,,,,,,,,,,,,,,,,,,,,,,,,,,,,,,,,,,,,,,,,,,,,,,,,,,,,,,,,,,,,,,,,,,,,,,,,,,,,,,,,,,,,,,,,,,,,,,,,,,,,,,,,,,,,,,,,,,,,,,,,,,,,,,,,,,,,,
405,PP,LT,#8,#7,DIESEL_1,1.1718827066677746,0.7002088918009526,67.00512774035131,-0.4459426637774236,2.0437987795560546,-22.678315034449373,0.6615435892857464,,,,,,,,,,,,,,,,,,,,,,,,,,,,,,,,,,,,,,,,,,,,PVC,LT,#7,#11,FT_1,1.0929578839440148,2.783768860313783,48.20009756916007,-0.6578222468155349,-1.4760025609807084,-30.44686575295036,0.3683235659582728,352,,,,,,,,,,,,,,,,,,,,,,,,,,,,,,,,,,,,,,,,,,,,,,,,,,,,,,,,,,,,,,,,,,,,,,,,,,,,,,,,,,,,,,,,,,,,,,,,,,,,,,,,,,,,,,,,,,,,,,,,,,,,,,,,,,,,,,,,,,,,,,,,,,,,,,,,,,,,,,,,
406,PP,LT,#8,#8,DIESEL_1,1.231688829001877,0.6032961385591077,68.42643236638331,-0.499004207222554,2.121539125227274,-24.59586970045462,0.6405501668016506,,,,,,,,,,,,,,,,,,,,,,,,,,,,,,,,,,,,,,,,,,,,PVC,LT,#8,#1,Aromatics,0.9085545921901914,1.5633175834842559,26.60212767423976,-0.6300224753710616,-0.3250379688054782,-11.905363041849085,0.5524657580913095,353,,,,,,,,,,,,,,,,,,,,,,,,,,,,,,,,,,,,,,,,,,,,,,,,,,,,,,,,,,,,,,,,,,,,,,,,,,,,,,,,,,,,,,,,,,,,,,,,,,,,,,,,,,,,,,,,,,,,,,,,,,,,,,,,,,,,,,,,,,,,,,,,,,,,,,,,,,,,,,,,
407,PP,LT,#8,#9,DIESEL_1,1.1558394167558121,0.6026572768268474,66.16716544927185,-0.4262333484611533,2.1569760980115427,-21.63574786799127,0.673013832146419,,,,,,,,,,,,,,,,,,,,,,,,,,,,,,,,,,,,,,,,,,,,PVC,LT,#8,#2,FT_1,1.197951363824358,1.6065553038889635,40.01965695423976,-0.7530339845823563,-0.32289395276293814,-18.47143987423278,0.5384408243340556,354,,,,,,,,,,,,,,,,,,,,,,,,,,,,,,,,,,,,,,,,,,,,,,,,,,,,,,,,,,,,,,,,,,,,,,,,,,,,,,,,,,,,,,,,,,,,,,,,,,,,,,,,,,,,,,,,,,,,,,,,,,,,,,,,,,,,,,,,,,,,,,,,,,,,,,,,,,,,,,,,
408,PP,LT,#8,#10,DIESEL_1,1.236898194090251,0.5978363136242654,70.67439622035131,-0.5081058795768877,2.093202407016602,-26.707459253083712,0.6221055901232722,,,,,,,,,,,,,,,,,,,,,,,,,,,,,,,,,,,,,,,,,,,,PVC,LT,#8,#4,Aromatics,0.9895807840052527,2.1053743086550067,32.89375935423975,-0.735224990681348,-0.9046543930424631,-19.069178961715995,0.42027973281022596,355,,,,,,,,,,,,,,,,,,,,,,,,,,,,,,,,,,,,,,,,,,,,,,,,,,,,,,,,,,,,,,,,,,,,,,,,,,,,,,,,,,,,,,,,,,,,,,,,,,,,,,,,,,,,,,,,,,,,,,,,,,,,,,,,,,,,,,,,,,,,,,,,,,,,,,,,,,,,,,,,
409,PP,LT,#8,#11,DIESEL_1,1.2500802338225732,0.6046989126303839,70.2355370203513,-0.5164026915580756,2.115307210782496,-26.4345299793226,0.6236302717858769,,,,,,,,,,,,,,,,,,,,,,,,,,,,,,,,,,,,,,,,,,,,PVC,LT,#8,#5,FT_1,1.0745859309594301,2.035493681446133,35.35763455423975,-0.6278873819620795,-0.7613640550916914,-14.122816091408506,0.600572372290809,356,,,,,,,,,,,,,,,,,,,,,,,,,,,,,,,,,,,,,,,,,,,,,,,,,,,,,,,,,,,,,,,,,,,,,,,,,,,,,,,,,,,,,,,,,,,,,,,,,,,,,,,,,,,,,,,,,,,,,,,,,,,,,,,,,,,,,,,,,,,,,,,,,,,,,,,,,,,,,,,,
410,PP,LT,#9,#1,DIESEL_1,1.241925613329372,1.1202666550517062,67.58932420545496,-0.5607937054527333,1.8017601839943957,-23.14536732083941,0.6575588291061593,,,,,,,,,,,,,,,,,,,,,,,,,,,,,,,,,,,,,,,,,,,,PVC,LT,#9,#1,Aromatics,0.9795017588655605,1.8767665683629877,28.74486651423976,-0.7149649044474589,-0.6422337358535686,-14.122341566704652,0.5087003949136913,357,,,,,,,,,,,,,,,,,,,,,,,,,,,,,,,,,,,,,,,,,,,,,,,,,,,,,,,,,,,,,,,,,,,,,,,,,,,,,,,,,,,,,,,,,,,,,,,,,,,,,,,,,,,,,,,,,,,,,,,,,,,,,,,,,,,,,,,,,,,,,,,,,,,,,,,,,,,,,,,,
411,PP,LT,#9,#2,DIESEL_1,1.2899220292365587,0.988383516974577,68.93932644545497,-0.5931456570362462,1.9145507448378118,-24.81727995476926,0.6400127295353722,,,,,,,,,,,,,,,,,,,,,,,,,,,,,,,,,,,,,,,,,,,,PVC,LT,#9,#2,FT_1,1.2688985304997273,1.920004288767695,42.16239579423976,-0.8379764136587537,-0.6400897198110282,-20.688418399088345,0.5093158723699757,358,,,,,,,,,,,,,,,,,,,,,,,,,,,,,,,,,,,,,,,,,,,,,,,,,,,,,,,,,,,,,,,,,,,,,,,,,,,,,,,,,,,,,,,,,,,,,,,,,,,,,,,,,,,,,,,,,,,,,,,,,,,,,,,,,,,,,,,,,,,,,,,,,,,,,,,,,,,,,,,,
412,PP,LT,#9,#3,DIESEL_1,1.2248597745997258,0.9618606074156828,66.80758848809432,-0.5379828865749308,1.977877776412834,-22.10229866998234,0.6691648483327436,,,,,,,,,,,,,,,,,,,,,,,,,,,,,,,,,,,,,,,,,,,,PVC,LT,#9,#4,Aromatics,1.0605279506806218,2.4188232935337375,35.03649819423976,-0.8201674197577455,-1.221850160090553,-21.28615748657157,0.3924576203773938,359,,,,,,,,,,,,,,,,,,,,,,,,,,,,,,,,,,,,,,,,,,,,,,,,,,,,,,,,,,,,,,,,,,,,,,,,,,,,,,,,,,,,,,,,,,,,,,,,,,,,,,,,,,,,,,,,,,,,,,,,,,,,,,,,,,,,,,,,,,,,,,,,,,,,,,,,,,,,,,,,
413,PP,LT,#9,#4,DIESEL_1,1.3035389296174618,1.0154998926688164,70.57291524545496,-0.6209030609698212,1.8448577776016617,-26.469150418937627,0.6249389680605225,,,,,,,,,,,,,,,,,,,,,,,,,,,,,,,,,,,,,,,,,,,,PVC,LT,#9,#5,FT_1,1.1455330976347995,2.348942666324864,37.50037339423975,-0.712829811038477,-1.0785598221397812,-16.33979461626406,0.5642764821436701,360,,,,,,,,,,,,,,,,,,,,,,,,,,,,,,,,,,,,,,,,,,,,,,,,,,,,,,,,,,,,,,,,,,,,,,,,,,,,,,,,,,,,,,,,,,,,,,,,,,,,,,,,,,,,,,,,,,,,,,,,,,,,,,,,,,,,,,,,,,,,,,,,,,,,,,,,,,,,,,,,
414,PP,LT,#9,#5,DIESEL_1,1.35433430593494,0.9926938065286032,71.57170628545497,-0.645548253457691,1.938580601511983,-26.656865537106004,0.6275502301036617,,,,,,,,,,,,,,,,,,,,,,,,,,,,,,,,,,,,,,,,,,,,PVC,LT,#9,#8,Aromatics,0.9821534662909474,1.2718896347641733,29.391899684513525,-0.6995171693184062,-0.06382369996280611,-15.28949662901261,0.4798057698506441,361,,,,,,,,,,,,,,,,,,,,,,,,,,,,,,,,,,,,,,,,,,,,,,,,,,,,,,,,,,,,,,,,,,,,,,,,,,,,,,,,,,,,,,,,,,,,,,,,,,,,,,,,,,,,,,,,,,,,,,,,,,,,,,,,,,,,,,,,,,,,,,,,,,,,,,,,,,,,,,,,
415,PP,LT,#9,#6,DIESEL_1,1.1277091549323774,0.6764849758624485,60.20777664227132,-0.44674567291742506,2.239097992288601,-16.121185669920965,0.732240807268036,,,,,,,,,,,,,,,,,,,,,,,,,,,,,,,,,,,,,,,,,,,,PVC,LT,#9,#10,Aromatics,0.9865783576872089,1.3608413703670414,30.822169618481528,-0.7020588843920225,-0.14718964746537372,-16.575664298033338,0.4622161741626952,362,,,,,,,,,,,,,,,,,,,,,,,,,,,,,,,,,,,,,,,,,,,,,,,,,,,,,,,,,,,,,,,,,,,,,,,,,,,,,,,,,,,,,,,,,,,,,,,,,,,,,,,,,,,,,,,,,,,,,,,,,,,,,,,,,,,,,,,,,,,,,,,,,,,,,,,,,,,,,,,,
416,PP,LT,#9,#7,DIESEL_1,1.2330188112913485,1.0485691030171567,67.22981914467131,-0.5502335638946738,1.8723935102970866,-22.740122907102627,0.6617554056159464,,,,,,,,,,,,,,,,,,,,,,,,,,,,,,,,,,,,,,,,,,,,PVC,LT,#9,#11,Aromatics,1.0045935062263647,1.4494015018884314,31.297136660513527,-0.7219486945931379,-0.24515154250397786,-17.210879757136397,0.4500813303202032,363,,,,,,,,,,,,,,,,,,,,,,,,,,,,,,,,,,,,,,,,,,,,,,,,,,,,,,,,,,,,,,,,,,,,,,,,,,,,,,,,,,,,,,,,,,,,,,,,,,,,,,,,,,,,,,,,,,,,,,,,,,,,,,,,,,,,,,,,,,,,,,,,,,,,,,,,,,,,,,,,
417,PP,LT,#9,#8,DIESEL_1,1.2928249336254525,0.9516563497753115,68.65112377070331,-0.6032951073398058,1.9501338559683064,-24.65767757310789,0.6408263081684543,,,,,,,,,,,,,,,,,,,,,,,,,,,,,,,,,,,,,,,,,,,,PVC,HT,#1,-,MeOH_1,0.8244462573253029,1.539003087136188,34.21103456057986,-0.4317407348242204,-0.18360335863318503,-17.871010258885185,0.477624383815703,364,,,,,,,,,,,,,,,,,,,,,,,,,,,,,,,,,,,,,,,,,,,,,,,,,,,,,,,,,,,,,,,,,,,,,,,,,,,,,,,,,,,,,,,,,,,,,,,,,,,,,,,,,,,,,,,,,,,,,,,,,,,,,,,,,,,,,,,,,,,,,,,,,,,,,,,,,,,,,,,,
418,PP,LT,#9,#9,DIESEL_1,1.216975521379386,0.9510174880430513,66.39185685359185,-0.5305242485784036,1.9855708287525748,-21.697555740644543,0.6731895029161142,,,,,,,,,,,,,,,,,,,,,,,,,,,,,,,,,,,,,,,,,,,,PVC,HT,#2,-,FT_1,0.9015107782569278,1.6375736453817906,34.975416501491864,-0.5254467479688593,-0.37699044546570987,-19.39585422597533,0.4454432236668859,365,,,,,,,,,,,,,,,,,,,,,,,,,,,,,,,,,,,,,,,,,,,,,,,,,,,,,,,,,,,,,,,,,,,,,,,,,,,,,,,,,,,,,,,,,,,,,,,,,,,,,,,,,,,,,,,,,,,,,,,,,,,,,,,,,,,,,,,,,,,,,,,,,,,,,,,,,,,,,,,,
419,PP,LT,#9,#10,DIESEL_1,1.2980342987138265,0.9461965248404693,70.89908762467132,-0.6123967796941394,1.921797137757634,-26.769267125736977,0.6224314300425234,,,,,,,,,,,,,,,,,,,,,,,,,,,,,,,,,,,,,,,,,,,,PVC,HT,#3,-,DIESEL_1,0.8414473786452329,2.489504796174817,35.15247321206159,-0.3936739989748808,-1.097032055537004,-10.035115724720185,0.7145260401968838,366,,,,,,,,,,,,,,,,,,,,,,,,,,,,,,,,,,,,,,,,,,,,,,,,,,,,,,,,,,,,,,,,,,,,,,,,,,,,,,,,,,,,,,,,,,,,,,,,,,,,,,,,,,,,,,,,,,,,,,,,,,,,,,,,,,,,,,,,,,,,,,,,,,,,,,,,,,,,,,,,
420,PP,LT,#9,#11,DIESEL_1,1.3112163384461468,0.9530591238465879,70.4602284246713,-0.6206935916753257,1.9439019415235281,-26.49633785197586,0.6239532791140046,,,,,,,,,,,,,,,,,,,,,,,,,,,,,,,,,,,,,,,,,,,,PVC,HT,#4,-,MeOH_1,1.0275082891587906,2.5595040455355984,48.96046323545987,-0.6705486845985292,-1.283017267193515,-35.039850132248226,0.28432355789333236,367,,,,,,,,,,,,,,,,,,,,,,,,,,,,,,,,,,,,,,,,,,,,,,,,,,,,,,,,,,,,,,,,,,,,,,,,,,,,,,,,,,,,,,,,,,,,,,,,,,,,,,,,,,,,,,,,,,,,,,,,,,,,,,,,,,,,,,,,,,,,,,,,,,,,,,,,,,,,,,,,
421,PP,HT,#1,-,MeOH_1,1.1209305105018497,2.05430485917005,79.57669597980977,-0.35325747576814154,0.9253807573102399,-35.80506418489518,0.5500559084033892,,,,,,,,,,,,,,,,,,,,,,,,,,,,,,,,,,,,,,,,,,,,PVC,HT,#5,-,FT_1,1.0909992791392031,2.741880128973855,48.95852450149186,-0.6750830090059902,-1.4710490814733073,-32.87343541255611,0.3285452176657326,368,,,,,,,,,,,,,,,,,,,,,,,,,,,,,,,,,,,,,,,,,,,,,,,,,,,,,,,,,,,,,,,,,,,,,,,,,,,,,,,,,,,,,,,,,,,,,,,,,,,,,,,,,,,,,,,,,,,,,,,,,,,,,,,,,,,,,,,,,,,,,,,,,,,,,,,,,,,,,,,,
422,PP,HT,#2,-,FT_1,1.26002219956477,1.8259671300289873,82.85050237980978,-0.4247513682653921,1.605573134088327,-38.75974539662806,0.5321724759260651,,,,,,,,,,,,,,,,,,,,,,,,,,,,,,,,,,,,,,,,,,,,PVC,HT,#7,-,MeOH_1,0.7794715968153821,1.8580267615163866,32.93775174649637,-0.3663538100939181,-0.5026251401789439,-16.193842639878756,0.5083500912717481,369,,,,,,,,,,,,,,,,,,,,,,,,,,,,,,,,,,,,,,,,,,,,,,,,,,,,,,,,,,,,,,,,,,,,,,,,,,,,,,,,,,,,,,,,,,,,,,,,,,,,,,,,,,,,,,,,,,,,,,,,,,,,,,,,,,,,,,,,,,,,,,,,,,,,,,,,,,,,,,,,
423,PP,HT,#3,-,H2_1,1.1547259234872715,2.958208631085853,77.27825911645358,-0.4681850424112615,0.7253815733721521,-27.70830632396181,0.641447586413572,,,,,,,,,,,,,,,,,,,,,,,,,,,,,,,,,,,,,,,,,,,,PVC,HT,#8,-,DIESEL_1,0.8679737548861178,2.0408753221231586,35.502719092528366,-0.4599291821163364,-0.7264520620589731,-19.344853788663826,0.4551162760732037,370,,,,,,,,,,,,,,,,,,,,,,,,,,,,,,,,,,,,,,,,,,,,,,,,,,,,,,,,,,,,,,,,,,,,,,,,,,,,,,,,,,,,,,,,,,,,,,,,,,,,,,,,,,,,,,,,,,,,,,,,,,,,,,,,,,,,,,,,,,,,,,,,,,,,,,,,,,,,,,,,
424,PP,HT,#4,-,MeOH_1,1.417028061139371,2.0897669894057445,91.1485727798098,-0.7642348769483389,0.6622034076668063,-54.176850908391074,0.40562041449329506,,,,,,,,,,,,,,,,,,,,,,,,,,,,,,,,,,,,,,,,,,,,PVC,HT,#10,-,MeOH_1,0.9172083648229048,2.5557004339157285,42.02946262649637,-0.5012537888758478,-1.225791601602226,-25.833594466552082,0.3853455920641257,371,,,,,,,,,,,,,,,,,,,,,,,,,,,,,,,,,,,,,,,,,,,,,,,,,,,,,,,,,,,,,,,,,,,,,,,,,,,,,,,,,,,,,,,,,,,,,,,,,,,,,,,,,,,,,,,,,,,,,,,,,,,,,,,,,,,,,,,,,,,,,,,,,,,,,,,,,,,,,,,,
425,PP,HT,#5,-,FT_1,1.5832711613927322,2.0287571807758624,95.57942077980978,-0.7357535953715139,1.4039107292416522,-52.082513679211004,0.45508653165836166,,,,,,,,,,,,,,,,,,,,,,,,,,,,,,,,,,,,,,,,,,,,PVC,HT,#11,-,DIESEL_1,0.9960610071448733,2.911910245886484,45.030031252528374,-0.5884961903586576,-1.6004300603079855,-29.130366936643735,0.3530902349749512,372,,,,,,,,,,,,,,,,,,,,,,,,,,,,,,,,,,,,,,,,,,,,,,,,,,,,,,,,,,,,,,,,,,,,,,,,,,,,,,,,,,,,,,,,,,,,,,,,,,,,,,,,,,,,,,,,,,,,,,,,,,,,,,,,,,,,,,,,,,,,,,,,,,,,,,,,,,,,,,,,
426,PP,HT,#6,-,Olefin,0.8974373685363991,1.219437246516988,63.40391747228963,-0.2842338087172418,2.100672663536202,-20.812291277567446,0.6717507039424914,,,,,,,,,,,,,,,,,,,,,,,,,,,,,,,,,,,,,,,,,,,,PVC,LT,#1,-,MeOH_1,0.8605143601738809,2.1996992256108263,34.96459757233244,-0.4419014337021816,-0.8271385641208383,-16.425180045510075,0.5302339741925887,373,,,,,,,,,,,,,,,,,,,,,,,,,,,,,,,,,,,,,,,,,,,,,,,,,,,,,,,,,,,,,,,,,,,,,,,,,,,,,,,,,,,,,,,,,,,,,,,,,,,,,,,,,,,,,,,,,,,,,,,,,,,,,,,,,,,,,,,,,,,,,,,,,,,,,,,,,,,,,,,,
427,PP,HT,#7,-,MeOH_1,1.1402168240331894,2.4037199656841155,81.83779293399945,-0.35630220943315455,0.6814172466860056,-37.12301619633689,0.5463829745961518,,,,,,,,,,,,,,,,,,,,,,,,,,,,,,,,,,,,,,,,,,,,PVC,LT,#2,-,FT_1,0.9269614357710194,2.1773292395851542,35.24796047324444,-0.523592688905601,-0.9054989865266454,-17.355076051055697,0.5076289289353533,374,,,,,,,,,,,,,,,,,,,,,,,,,,,,,,,,,,,,,,,,,,,,,,,,,,,,,,,,,,,,,,,,,,,,,,,,,,,,,,,,,,,,,,,,,,,,,,,,,,,,,,,,,,,,,,,,,,,,,,,,,,,,,,,,,,,,,,,,,,,,,,,,,,,,,,,,,,,,,,,,
428,PP,HT,#8,-,FT_1,1.3311502334872545,2.433143298659074,89.63251420003144,-0.4392415992746821,1.0597054307227343,-47.458702583015,0.47051911902078114,,,,,,,,,,,,,,,,,,,,,,,,,,,,,,,,,,,,,,,,,,,,PVC,LT,#3,-,GASOLINE_1,0.8687211161011837,1.5624815184561012,34.668003404555776,-0.43664215324610867,-0.14637720850767122,-14.749150803531423,0.5745601316748108,375,,,,,,,,,,,,,,,,,,,,,,,,,,,,,,,,,,,,,,,,,,,,,,,,,,,,,,,,,,,,,,,,,,,,,,,,,,,,,,,,,,,,,,,,,,,,,,,,,,,,,,,,,,,,,,,,,,,,,,,,,,,,,,,,,,,,,,,,,,,,,,,,,,,,,,,,,,,,,,,,
429,PP,HT,#9,-,H2_1,1.1409207759105928,2.773898620166819,79.18836001579317,-0.4297221439245092,0.9877749946831381,-29.97998226409479,0.6214092291074642,,,,,,,,,,,,,,,,,,,,,,,,,,,,,,,,,,,,,,,,,,,,PVC,LT,#4,-,MeOH_1,1.0856012488788045,3.0321641044287095,52.82146608721245,-0.6288272946262482,-1.694140716140756,-32.07347759379441,0.39279463502890016,376,,,,,,,,,,,,,,,,,,,,,,,,,,,,,,,,,,,,,,,,,,,,,,,,,,,,,,,,,,,,,,,,,,,,,,,,,,,,,,,,,,,,,,,,,,,,,,,,,,,,,,,,,,,,,,,,,,,,,,,,,,,,,,,,,,,,,,,,,,,,,,,,,,,,,,,,,,,,,,,,
430,PP,HT,#10,-,MeOH_1,1.6755025435144848,2.53917980605616,123.18678653399944,-0.8837694658972906,0.4033129342864707,-80.0542332618678,0.3501394466542651,,,,,,,,,,,,,,,,,,,,,,,,,,,,,,,,,,,,,,,,,,,,PVC,LT,#5,-,FT_1,1.140540362702307,3.364058234321442,52.72114447324445,-0.669553501903967,-2.0723479557026647,-31.965382489594564,0.3936895185229383,377,,,,,,,,,,,,,,,,,,,,,,,,,,,,,,,,,,,,,,,,,,,,,,,,,,,,,,,,,,,,,,,,,,,,,,,,,,,,,,,,,,,,,,,,,,,,,,,,,,,,,,,,,,,,,,,,,,,,,,,,,,,,,,,,,,,,,,,,,,,,,,,,,,,,,,,,,,,,,,,,
431,PP,HT,#11,-,FT_1,1.6779012022041393,1.6667221251606834,119.98818237399942,-0.7853175829118366,1.8217396232263332,-78.31990045749757,0.34726988185072366,,,,,,,,,,,,,,,,,,,,,,,,,,,,,,,,,,,,,,,,,,,,PVC,LT,#7,-,MeOH_1,0.8464576127328975,1.6419481974302008,35.82813467892529,-0.40692711757948635,-0.2604831870913625,-16.930335038608774,0.5274569778658479,378,,,,,,,,,,,,,,,,,,,,,,,,,,,,,,,,,,,,,,,,,,,,,,,,,,,,,,,,,,,,,,,,,,,,,,,,,,,,,,,,,,,,,,,,,,,,,,,,,,,,,,,,,,,,,,,,,,,,,,,,,,,,,,,,,,,,,,,,,,,,,,,,,,,,,,,,,,,,,,,,
432,PP,LT,#1,-,DIESEL_1,1.1920899587811906,1.8918902718812758,78.7306040170012,-0.3749395024488327,1.0477395380740713,-34.97682353743076,0.5557404395134855,,,,,,,,,,,,,,,,,,,,,,,,,,,,,,,,,,,,,,,,,,,,PVC,LT,#8,-,GASOLINE_1,0.9418634175379702,1.8190377913963354,38.05269642495729,-0.5072702425580026,-0.5056530684023706,-20.09945341331946,0.47179949644417296,379,,,,,,,,,,,,,,,,,,,,,,,,,,,,,,,,,,,,,,,,,,,,,,,,,,,,,,,,,,,,,,,,,,,,,,,,,,,,,,,,,,,,,,,,,,,,,,,,,,,,,,,,,,,,,,,,,,,,,,,,,,,,,,,,,,,,,,,,,,,,,,,,,,,,,,,,,,,,,,,,
433,PP,LT,#2,-,DIESEL_1,1.263131239569167,1.866477630767015,80.1174553979132,-0.43355335362878167,1.14711486581219,-36.37952278831753,0.545922638111331,,,,,,,,,,,,,,,,,,,,,,,,,,,,,,,,,,,,,,,,,,,,PVC,LT,#10,-,MeOH_1,0.9740777903889739,2.3817237452302815,45.78176795892529,-0.5317648660314087,-1.0443058978063975,-27.57926889333541,0.39759275093790364,380,,,,,,,,,,,,,,,,,,,,,,,,,,,,,,,,,,,,,,,,,,,,,,,,,,,,,,,,,,,,,,,,,,,,,,,,,,,,,,,,,,,,,,,,,,,,,,,,,,,,,,,,,,,,,,,,,,,,,,,,,,,,,,,,,,,,,,,,,,,,,,,,,,,,,,,,,,,,,,,,
434,PP,LT,#3,-,DIESEL_1,1.1971443914161612,1.8850156927126298,77.74659066436084,-0.38477582689543627,1.3151521976151461,-31.443445962172245,0.5955649541223423,,,,,,,,,,,,,,,,,,,,,,,,,,,,,,,,,,,,,,,,,,,,PVC,LT,#11,-,FT_1,1.0392912072246785,2.753469613039731,47.78963770495729,-0.6047987479397403,-1.446555221414979,-29.960873139230237,0.373067581633448,381,,,,,,,,,,,,,,,,,,,,,,,,,,,,,,,,,,,,,,,,,,,,,,,,,,,,,,,,,,,,,,,,,,,,,,,,,,,,,,,,,,,,,,,,,,,,,,,,,,,,,,,,,,,,,,,,,,,,,,,,,,,,,,,,,,,,,,,,,,,,,,,,,,,,,,,,,,,,,,,,
435,PP,LT,#4,-,MeOH_1,1.4158308853158215,1.798929369365002,94.84832901188123,-0.5912144841317486,1.0024679533889107,-51.56000438353728,0.456395226772223,,,,,,,,,,,,,,,,,,,,,,,,,,,,,,,,,,,,,,,,,,,,PVC,SG,#2,-,FT_1,0.7449423813802823,2.1451503750468333,32.15640649493168,-0.3251326312647588,-0.90973736478515,-15.806766711648681,0.5084411339886482,382,,,,,,,,,,,,,,,,,,,,,,,,,,,,,,,,,,,,,,,,,,,,,,,,,,,,,,,,,,,,,,,,,,,,,,,,,,,,,,,,,,,,,,,,,,,,,,,,,,,,,,,,,,,,,,,,,,,,,,,,,,,,,,,,,,,,,,,,,,,,,,,,,,,,,,,,,,,,,,,,
436,PP,LT,#5,-,DIESEL_1,1.4868457694629624,1.892137149604887,96.14621987791323,-0.6526805713666519,1.1144386014430643,-52.80529673962682,0.45078135358125204,,,,,,,,,,,,,,,,,,,,,,,,,,,,,,,,,,,,,,,,,,,,PVC,SG,#4,-,MeOH_1,0.8360727435061347,3.844835972933493,52.363769054931666,-0.45386668425317406,-2.520927149401666,-35.00003728426775,0.3315982039499234,383,,,,,,,,,,,,,,,,,,,,,,,,,,,,,,,,,,,,,,,,,,,,,,,,,,,,,,,,,,,,,,,,,,,,,,,,,,,,,,,,,,,,,,,,,,,,,,,,,,,,,,,,,,,,,,,,,,,,,,,,,,,,,,,,,,,,,,,,,,,,,,,,,,,,,,,,,,,,,,,,
437,PP,LT,#6,-,DIESEL_1,1.0613096418153418,1.2596267532665373,69.07664187897186,-0.30127893427160257,1.7370652582249313,-26.429352497757172,0.617390889614124,,,,,,,,,,,,,,,,,,,,,,,,,,,,,,,,,,,,,,,,,,,,PVC,SG,#5,-,FT_1,0.9470988949188555,4.131610273211943,53.27796265493168,-0.5284163599267984,-2.8981489476418885,-37.05218054218253,0.30454959807377696,384,,,,,,,,,,,,,,,,,,,,,,,,,,,,,,,,,,,,,,,,,,,,,,,,,,,,,,,,,,,,,,,,,,,,,,,,,,,,,,,,,,,,,,,,,,,,,,,,,,,,,,,,,,,,,,,,,,,,,,,,,,,,,,,,,,,,,,,,,,,,,,,,,,,,,,,,,,,,,,,,
438,PP,LT,#7,-,DIESEL_1,1.2107710287521434,1.9365560327464408,79.846246399407,-0.385490024144587,1.031454477080665,-34.107603110748464,0.5728339821995467,,,,,,,,,,,,,,,,,,,,,,,,,,,,,,,,,,,,,,,,,,,,PVC,SG,#7,-,FT_1,0.7594098815439064,2.376028746652511,37.35357420742632,-0.3528494592881728,-1.1161045438738442,-21.30138282455321,0.4297364234473108,385,,,,,,,,,,,,,,,,,,,,,,,,,,,,,,,,,,,,,,,,,,,,,,,,,,,,,,,,,,,,,,,,,,,,,,,,,,,,,,,,,,,,,,,,,,,,,,,,,,,,,,,,,,,,,,,,,,,,,,,,,,,,,,,,,,,,,,,,,,,,,,,,,,,,,,,,,,,,,,,,
439,PP,LT,#8,-,DIESEL_1,1.4295702488521633,2.021848972421052,90.18459839940698,-0.5294744809393066,1.1463325073866917,-43.77435643621218,0.5146138341455428,,,,,,,,,,,,,,,,,,,,,,,,,,,,,,,,,,,,,,,,,,,,PVC,SG,#9,-,MeOH_1,0.8284621997313705,3.893391146028051,56.79891774139432,-0.4185329160550974,-2.5550541795975144,-39.61148082195839,0.3026014861355351,386,,,,,,,,,,,,,,,,,,,,,,,,,,,,,,,,,,,,,,,,,,,,,,,,,,,,,,,,,,,,,,,,,,,,,,,,,,,,,,,,,,,,,,,,,,,,,,,,,,,,,,,,,,,,,,,,,,,,,,,,,,,,,,,,,,,,,,,,,,,,,,,,,,,,,,,,,,,,,,,,
440,PP,LT,#9,-,DIESEL_1,1.2068054255147955,1.902093431466828,78.47954852921656,-0.3923462457523212,1.3046238676878619,-32.285683143096264,0.5886102335173745,,,,,,,,,,,,,,,,,,,,,,,,,,,,,,,,,,,,,,,,,,,,PVC,SG,#10,-,FT_1,0.939566025875051,4.466610182465974,59.29079740742632,-0.532271213537795,-3.20521307188964,-43.15673937537166,0.27211740670625284,387,,,,,,,,,,,,,,,,,,,,,,,,,,,,,,,,,,,,,,,,,,,,,,,,,,,,,,,,,,,,,,,,,,,,,,,,,,,,,,,,,,,,,,,,,,,,,,,,,,,,,,,,,,,,,,,,,,,,,,,,,,,,,,,,,,,,,,,,,,,,,,,,,,,,,,,,,,,,,,,,
441,PP,LT,#10,-,MeOH_1,1.5107434786860245,2.191223255683008,99.45395215940701,-0.6840795224631693,0.6303066175718355,-56.17715900043082,0.43514402614801245,,,,,,,,,,,,,,,,,,,,,,,,,,,,,,,,,,,,,,,,,,,,PVC,OG,#1,-,MeOH_1,0.5671073198999764,1.3813738714383186,18.613416900078747,-0.4330091152905627,-0.21439029744086296,-9.812836662839304,0.47280842010271684,388,,,,,,,,,,,,,,,,,,,,,,,,,,,,,,,,,,,,,,,,,,,,,,,,,,,,,,,,,,,,,,,,,,,,,,,,,,,,,,,,,,,,,,,,,,,,,,,,,,,,,,,,,,,,,,,,,,,,,,,,,,,,,,,,,,,,,,,,,,,,,,,,,,,,,,,,,,,,,,,,
442,PP,LT,#11,-,DIESEL_1,1.6117253038601815,2.168758156083897,102.06442783940699,-0.5633611315022584,1.516598622239785,-45.91882233354825,0.5500996448459095,,,,,,,,,,,,,,,,,,,,,,,,,,,,,,,,,,,,,,,,,,,,PVC,OG,#2,-,FT_1,0.9497486109881058,1.293112373452963,34.18456922007874,-0.527278317379661,-0.058705764177734404,-17.552159480001077,0.48654729661792584,389,,,,,,,,,,,,,,,,,,,,,,,,,,,,,,,,,,,,,,,,,,,,,,,,,,,,,,,,,,,,,,,,,,,,,,,,,,,,,,,,,,,,,,,,,,,,,,,,,,,,,,,,,,,,,,,,,,,,,,,,,,,,,,,,,,,,,,,,,,,,,,,,,,,,,,,,,,,,,,,,
443,PP,SG,#1,-,MeOH_1,1.0257018670495965,1.9922448427139903,86.55423262408677,-0.17797523337304869,1.0430946932379583,-39.5386108447318,0.5431926360383583,,,,,,,,,,,,,,,,,,,,,,,,,,,,,,,,,,,,,,,,,,,,PVC,OG,#4,-,MeOH_1,0.7059613636308929,2.497964676258821,30.88100922007874,-0.5830443907354124,-1.337902167774636,-22.459128250573503,0.27272039296012907,390,,,,,,,,,,,,,,,,,,,,,,,,,,,,,,,,,,,,,,,,,,,,,,,,,,,,,,,,,,,,,,,,,,,,,,,,,,,,,,,,,,,,,,,,,,,,,,,,,,,,,,,,,,,,,,,,,,,,,,,,,,,,,,,,,,,,,,,,,,,,,,,,,,,,,,,,,,,,,,,,
444,PP,SG,#2,-,FT_1,1.318676632556016,2.036265828766643,95.29502269011876,-0.3251883874799537,1.710128799049873,-51.72592837111437,0.45720220310648096,,,,,,,,,,,,,,,,,,,,,,,,,,,,,,,,,,,,,,,,,,,,PVC,OG,#5,-,FT_1,1.2690113895472905,3.643829720438595,63.03540074007874,-0.8100577623173064,-2.3456080057040434,-43.797555873589715,0.30519112499680423,391,,,,,,,,,,,,,,,,,,,,,,,,,,,,,,,,,,,,,,,,,,,,,,,,,,,,,,,,,,,,,,,,,,,,,,,,,,,,,,,,,,,,,,,,,,,,,,,,,,,,,,,,,,,,,,,,,,,,,,,,,,,,,,,,,,,,,,,,,,,,,,,,,,,,,,,,,,,,,,,,
445,PP,SG,#3,-,H2_1,0.9416741148743693,3.0991481653046877,78.44151179362476,-0.2663007388581137,1.0037702848392855,-21.509366595929237,0.7257910243683321,,,,,,,,,,,,,,,,,,,,,,,,,,,,,,,,,,,,,,,,,,,,PVC,OG,#9,-,MeOH_1,0.6633983912680238,2.0722990206266125,30.72029341611398,-0.4893677408650158,-0.8903421668227232,-23.075833293714062,0.24884072618883593,392,,,,,,,,,,,,,,,,,,,,,,,,,,,,,,,,,,,,,,,,,,,,,,,,,,,,,,,,,,,,,,,,,,,,,,,,,,,,,,,,,,,,,,,,,,,,,,,,,,,,,,,,,,,,,,,,,,,,,,,,,,,,,,,,,,,,,,,,,,,,,,,,,,,,,,,,,,,,,,,,
446,PP,SG,#4,-,MeOH_1,1.673041186393843,1.9507470196646237,142.54637502408676,-0.8256103102130765,1.0633209335517064,-95.82689898881823,0.3277493098465262,,,,,,,,,,,,,,,,,,,,,,,,,,,,,,,,,,,,,,,,,,,,PVC,OG,#10,-,FT_1,0.9147242149169704,2.1444186033872734,42.04710498411397,-0.5992716923646247,-0.9167364884666741,-29.749021809776455,0.2924834701219959,393,,,,,,,,,,,,,,,,,,,,,,,,,,,,,,,,,,,,,,,,,,,,,,,,,,,,,,,,,,,,,,,,,,,,,,,,,,,,,,,,,,,,,,,,,,,,,,,,,,,,,,,,,,,,,,,,,,,,,,,,,,,,,,,,,,,,,,,,,,,,,,,,,,,,,,,,,,,,,,,,
447,PP,SG,#5,-,FT_1,1.9710031942027582,2.018711600732811,150.97061149011878,-0.9780534054916038,1.7254511110444597,-107.5289964918719,0.28774881792864826,,,,,,,,,,,,,,,,,,,,,,,,,,,,,,,,,,,,,,,,,,,,PS,SG,#4,-,MeOH_1,1.151158784869477,8.309803115160461,124.35406643732652,-0.3126802027713269,-5.231161895270281,-87.66231173826544,0.2950587443600282,394,,,,,,,,,,,,,,,,,,,,,,,,,,,,,,,,,,,,,,,,,,,,,,,,,,,,,,,,,,,,,,,,,,,,,,,,,,,,,,,,,,,,,,,,,,,,,,,,,,,,,,,,,,,,,,,,,,,,,,,,,,,,,,,,,,,,,,,,,,,,,,,,,,,,,,,,,,,,,,,,
448,PP,SG,#6,-,MeOH_1,1.0550451772474045,2.0294281243625645,89.94071153710495,-0.19354347577121686,1.127563795556975,-42.40958312539965,0.5284717854616525,,,,,,,,,,,,,,,,,,,,,,,,,,,,,,,,,,,,,,,,,,,,PS,SG,#5,-,FT_1,1.3155314319254439,8.945633786063095,126.24064627732655,-0.39757803802158137,-6.073841526577752,-90.63309356053682,0.28206091910022985,395,,,,,,,,,,,,,,,,,,,,,,,,,,,,,,,,,,,,,,,,,,,,,,,,,,,,,,,,,,,,,,,,,,,,,,,,,,,,,,,,,,,,,,,,,,,,,,,,,,,,,,,,,,,,,,,,,,,,,,,,,,,,,,,,,,,,,,,,,,,,,,,,,,,,,,,,,,,,,,,,
449,PP,SG,#7,-,FT_1,1.3790807233605502,2.150363410831933,101.14291953710497,-0.40558730322973363,1.6692280406217401,-58.283397759450104,0.4237520725504819,,,,,,,,,,,,,,,,,,,,,,,,,,,,,,,,,,,,,,,,,,,,PS,SG,#9,-,MeOH_1,1.2729731893729959,8.212263957310592,129.13418034504937,-0.37972490367195344,-5.09700827650944,-90.89495055736208,0.2961201262555835,396,,,,,,,,,,,,,,,,,,,,,,,,,,,,,,,,,,,,,,,,,,,,,,,,,,,,,,,,,,,,,,,,,,,,,,,,,,,,,,,,,,,,,,,,,,,,,,,,,,,,,,,,,,,,,,,,,,,,,,,,,,,,,,,,,,,,,,,,,,,,,,,,,,,,,,,,,,,,,,,,
450,PP,SG,#8,-,H2_1,1.0065039601375128,2.8686305503131835,85.06180642268117,-0.29430279201855813,1.3458042290782681,-28.186493396630883,0.6686351421157317,,,,,,,,,,,,,,,,,,,,,,,,,,,,,,,,,,,,,,,,,,,,PS,SG,#10,-,FT_1,1.4581764552255052,9.438827874812649,134.2241435450494,-0.5812823685083601,-6.508776151746466,-98.97052191872199,0.2626473948369453,397,,,,,,,,,,,,,,,,,,,,,,,,,,,,,,,,,,,,,,,,,,,,,,,,,,,,,,,,,,,,,,,,,,,,,,,,,,,,,,,,,,,,,,,,,,,,,,,,,,,,,,,,,,,,,,,,,,,,,,,,,,,,,,,,,,,,,,,,,,,,,,,,,,,,,,,,,,,,,,,,
451,PP,SG,#9,-,MeOH_1,1.6955239574656689,2.0500518831526238,144.50676593710494,-0.8327116599068811,1.0357125426283516,-97.89389345987938,0.32256532886157946,,,,,,,,,,,,,,,,,,,,,,,,,,,,,,,,,,,,,,,,,,,,PS,OG,#1,-,MeOH_1,0.7058074190398184,3.3704936177671696,53.7473936,-0.39390394618118174,-0.6354047797739149,-32.05402499906742,0.4036171272300092,398,,,,,,,,,,,,,,,,,,,,,,,,,,,,,,,,,,,,,,,,,,,,,,,,,,,,,,,,,,,,,,,,,,,,,,,,,,,,,,,,,,,,,,,,,,,,,,,,,,,,,,,,,,,,,,,,,,,,,,,,,,,,,,,,,,,,,,,,,,,,,,,,,,,,,,,,,,,,,,,,
452,PP,SG,#10,-,FT_1,1.993485965274583,2.118016464220811,152.93100240313697,-1.021240096319658,1.7013215021459949,-110.21335158511513,0.27932629844022777,,,,,,,,,,,,,,,,,,,,,,,,,,,,,,,,,,,,,,,,,,,,PS,OG,#2,-,FT_1,1.714236802267906,3.5882175260290574,101.6191344,-0.6554891384623511,-0.5726847257479942,-58.62106916934807,0.4231296151510215,399,,,,,,,,,,,,,,,,,,,,,,,,,,,,,,,,,,,,,,,,,,,,,,,,,,,,,,,,,,,,,,,,,,,,,,,,,,,,,,,,,,,,,,,,,,,,,,,,,,,,,,,,,,,,,,,,,,,,,,,,,,,,,,,,,,,,,,,,,,,,,,,,,,,,,,,,,,,,,,,,
453,PP,OG,#1,-,MeOH_1,0.8347795163318251,1.8929027407511043,57.7485152,-0.3977167670509036,0.5590907328736755,-31.2642130105518,0.4586144266692453,,,,,,,,,,,,,,,,,,,,,,,,,,,,,,,,,,,,,,,,,,,,PS,OG,#4,-,MeOH_1,0.9706024834773705,5.8708081679748,82.72375872,-0.6249448881008777,-3.1140319305824242,-61.00165520863965,0.26258603147959525,400,,,,,,,,,,,,,,,,,,,,,,,,,,,,,,,,,,,,,,,,,,,,,,,,,,,,,,,,,,,,,,,,,,,,,,,,,,,,,,,,,,,,,,,,,,,,,,,,,,,,,,,,,,,,,,,,,,,,,,,,,,,,,,,,,,,,,,,,,,,,,,,,,,,,,,,,,,,,,,,,
454,PP,OG,#2,-,FT_1,1.3957501620819794,2.0867906739750004,88.38298863999998,-0.47184397133582295,1.412945245789873,-50.7879278898748,0.4253653483393362,,,,,,,,,,,,,,,,,,,,,,,,,,,,,,,,,,,,,,,,,,,,PS,OG,#5,-,FT_1,1.786229766395872,5.905741460424254,119.83336784,-0.7812789365475236,-2.9989687659659756,-80.40095214618574,0.3290603978222821,401,,,,,,,,,,,,,,,,,,,,,,,,,,,,,,,,,,,,,,,,,,,,,,,,,,,,,,,,,,,,,,,,,,,,,,,,,,,,,,,,,,,,,,,,,,,,,,,,,,,,,,,,,,,,,,,,,,,,,,,,,,,,,,,,,,,,,,,,,,,,,,,,,,,,,,,,,,,,,,,,
455,PP,OG,#3,-,H2_1,0.8641781680351182,1.7281727517914118,55.734171419216345,-0.4518463434440412,1.4583053270864899,-24.770703536463447,0.5555562609849285,,,,,,,,,,,,,,,,,,,,,,,,,,,,,,,,,,,,,,,,,,,,PS,OG,#9,-,MeOH_1,0.8788871846631883,4.244468230175231,81.16730619555753,-0.432619456127721,-1.4529546176316828,-60.68976100627053,0.25228809663770485,402,,,,,,,,,,,,,,,,,,,,,,,,,,,,,,,,,,,,,,,,,,,,,,,,,,,,,,,,,,,,,,,,,,,,,,,,,,,,,,,,,,,,,,,,,,,,,,,,,,,,,,,,,,,,,,,,,,,,,,,,,,,,,,,,,,,,,,,,,,,,,,,,,,,,,,,,,,,,,,,,
456,PP,OG,#4,-,MeOH_1,1.2751225373557078,2.0748659789419137,96.80473423999999,-0.8381126871950447,0.37707761060486766,-70.32358494576144,0.273552213144721,,,,,,,,,,,,,,,,,,,,,,,,,,,,,,,,,,,,,,,,,,,,PS,OG,#10,-,FT_1,1.194826553834181,4.540842451604328,94.07406475555754,-0.5071512792484293,-1.7681352452937484,-69.41313137620726,0.2621438059833957,403,,,,,,,,,,,,,,,,,,,,,,,,,,,,,,,,,,,,,,,,,,,,,,,,,,,,,,,,,,,,,,,,,,,,,,,,,,,,,,,,,,,,,,,,,,,,,,,,,,,,,,,,,,,,,,,,,,,,,,,,,,,,,,,,,,,,,,,,,,,,,,,,,,,,,,,,,,,,,,,,
457,PP,OG,#5,-,FT_1,1.8194370825324309,2.0491169630998423,122.75122544000001,-0.8908890751774279,1.437922879148667,-84.10997005553465,0.31479323522805036,,,,,,,,,,,,,,,,,,,,,,,,,,,,,,,,,,,,,,,,,,,,PE,HT,#2,#5,FT_1,1.5309530465606478,6.778271460350712,116.48488933037731,-0.38271592917594804,-4.1847285818495825,-68.00725999027101,0.41617096963205985,404,,,,,,,,,,,,,,,,,,,,,,,,,,,,,,,,,,,,,,,,,,,,,,,,,,,,,,,,,,,,,,,,,,,,,,,,,,,,,,,,,,,,,,,,,,,,,,,,,,,,,,,,,,,,,,,,,,,,,,,,,,,,,,,,,,,,,,,,,,,,,,,,,,,,,,,,,,,,,,,,
458,PP,OG,#6,-,MeOH_1,0.8585075032693137,1.779992476516365,66.13528103252321,-0.3778678560110759,0.7321971467758387,-40.19137827825222,0.39228536341310183,,,,,,,,,,,,,,,,,,,,,,,,,,,,,,,,,,,,,,,,,,,,PE,HT,#2,#11,FT_1,1.5832421838800306,7.152339760407701,120.70325762445968,-0.44151899565446356,-4.559108275774848,-72.48745305598177,0.39945735945661265,405,,,,,,,,,,,,,,,,,,,,,,,,,,,,,,,,,,,,,,,,,,,,,,,,,,,,,,,,,,,,,,,,,,,,,,,,,,,,,,,,,,,,,,,,,,,,,,,,,,,,,,,,,,,,,,,,,,,,,,,,,,,,,,,,,,,,,,,,,,,,,,,,,,,,,,,,,,,,,,,,
459,PP,OG,#7,-,FT_1,0.9966399754384817,1.3911295536434967,66.62877079252321,-0.30898797118505,1.6299062817381442,-41.41126599297753,0.37847771314993967,,,,,,,,,,,,,,,,,,,,,,,,,,,,,,,,,,,,,,,,,,,,PE,HT,#3,#5,FT_1,1.6142164505981695,7.510673008918205,123.70015022217805,-0.4200114353255371,-4.802403992770904,-74.03779800216743,0.4014736613562068,406,,,,,,,,,,,,,,,,,,,,,,,,,,,,,,,,,,,,,,,,,,,,,,,,,,,,,,,,,,,,,,,,,,,,,,,,,,,,,,,,,,,,,,,,,,,,,,,,,,,,,,,,,,,,,,,,,,,,,,,,,,,,,,,,,,,,,,,,,,,,,,,,,,,,,,,,,,,,,,,,
460,PP,OG,#8,-,H2_1,0.8925369921603741,1.952454845879096,69.36769552746307,-0.45182094111289517,1.2908957574936324,-37.033980406696514,0.46612064700874273,,,,,,,,,,,,,,,,,,,,,,,,,,,,,,,,,,,,,,,,,,,,PE,HT,#3,#10,MeOH_1,1.5127672565074566,6.67763869105579,121.00125485022845,-0.3201342997040295,-3.888656875862134,-70.101019548358,0.42065873915831004,407,,,,,,,,,,,,,,,,,,,,,,,,,,,,,,,,,,,,,,,,,,,,,,,,,,,,,,,,,,,,,,,,,,,,,,,,,,,,,,,,,,,,,,,,,,,,,,,,,,,,,,,,,,,,,,,,,,,,,,,,,,,,,,,,,,,,,,,,,,,,,,,,,,,,,,,,,,,,,,,,
461,PP,OG,#9,-,MeOH_1,1.2296227584265031,1.6729127248176006,99.37936423252322,-0.7533550377934688,0.7947011360466075,-74.2401895400311,0.25296171782375915,,,,,,,,,,,,,,,,,,,,,,,,,,,,,,,,,,,,,,,,,,,,PE,HT,#3,#11,FT_1,1.666505587917553,7.884741308975194,127.91851851626048,-0.47881450180405283,-5.176783686696168,-78.51799106787824,0.3861874576205527,408,,,,,,,,,,,,,,,,,,,,,,,,,,,,,,,,,,,,,,,,,,,,,,,,,,,,,,,,,,,,,,,,,,,,,,,,,,,,,,,,,,,,,,,,,,,,,,,,,,,,,,,,,,,,,,,,,,,,,,,,,,,,,,,,,,,,,,,,,,,,,,,,,,,,,,,,,,,,,,,,
462,PP,OG,#10,-,FT_1,1.4052190694109565,1.3956637864772292,103.2814562325232,-0.7072839595041476,1.7126528991663528,-75.69644846365122,0.2670857748826502,,,,,,,,,,,,,,,,,,,,,,,,,,,,,,,,,,,,,,,,,,,,PE,HT,#4,#4,MeOH_1,1.5245752361461613,6.518321778425313,118.7657849421781,-0.340332329634024,-3.793087560212471,-68.730119545687,0.42129697051092013,409,,,,,,,,,,,,,,,,,,,,,,,,,,,,,,,,,,,,,,,,,,,,,,,,,,,,,,,,,,,,,,,,,,,,,,,,,,,,,,,,,,,,,,,,,,,,,,,,,,,,,,,,,,,,,,,,,,,,,,,,,,,,,,,,,,,,,,,,,,,,,,,,,,,,,,,,,,,,,,,,
463,PVC,HT,#1,#1,JET FUEL_1,0.874710201961876,1.1683007189595849,28.664933457788806,-0.606660893471238,0.1377047234755662,-13.793231337709969,0.5188116742701845,,,,,,,,,,,,,,,,,,,,,,,,,,,,,,,,,,,,,,,,,,,,PE,HT,#4,#5,FT_1,1.6746822233691316,7.697267357820875,125.91029500821008,-0.4857748036229927,-5.049015496074667,-77.14040145333796,0.38733841066524416,410,,,,,,,,,,,,,,,,,,,,,,,,,,,,,,,,,,,,,,,,,,,,,,,,,,,,,,,,,,,,,,,,,,,,,,,,,,,,,,,,,,,,,,,,,,,,,,,,,,,,,,,,,,,,,,,,,,,,,,,,,,,,,,,,,,,,,,,,,,,,,,,,,,,,,,,,,,,,,,,,
464,PVC,HT,#1,#2,JET FUEL_1,1.0938359249950296,1.0501304735494505,39.1387456177888,-0.6992390261120776,0.4343817897769754,-19.2187517566854,0.5089584131191379,,,,,,,,,,,,,,,,,,,,,,,,,,,,,,,,,,,,,,,,,,,,PE,HT,#4,#10,MeOH_1,1.5732330292784178,6.864233039958459,123.21139963626047,-0.3858976680014847,-4.135268379165897,-73.20362299952853,0.40586972296689106,411,,,,,,,,,,,,,,,,,,,,,,,,,,,,,,,,,,,,,,,,,,,,,,,,,,,,,,,,,,,,,,,,,,,,,,,,,,,,,,,,,,,,,,,,,,,,,,,,,,,,,,,,,,,,,,,,,,,,,,,,,,,,,,,,,,,,,,,,,,,,,,,,,,,,,,,,,,,,,,,,
465,PVC,HT,#1,#3,JET FUEL_1,0.8608989076662709,0.6973317483852187,26.358522497032194,-0.5760293078969958,0.6329353883541238,-10.936634728795012,0.5850816475002949,,,,,,,,,,,,,,,,,,,,,,,,,,,,,,,,,,,,,,,,,,,,PE,HT,#4,#11,FT_1,1.7269713606885142,8.071335657877862,130.12866330229247,-0.5445778701015075,-5.423395189999931,-81.62059451904874,0.3727700535166349,412,,,,,,,,,,,,,,,,,,,,,,,,,,,,,,,,,,,,,,,,,,,,,,,,,,,,,,,,,,,,,,,,,,,,,,,,,,,,,,,,,,,,,,,,,,,,,,,,,,,,,,,,,,,,,,,,,,,,,,,,,,,,,,,,,,,,,,,,,,,,,,,,,,,,,,,,,,,,,,,,
466,PVC,HT,#1,#4,JET FUEL_1,0.9843518356878047,1.1578962767350554,33.91168385778881,-0.7284778269667246,0.06605116499009386,-19.178522551530534,0.43445678982037256,,,,,,,,,,,,,,,,,,,,,,,,,,,,,,,,,,,,,,,,,,,,PE,HT,#5,#5,FT_1,1.6281354300112476,7.297295277785725,122.82651834452082,-0.4303093295772436,-4.541092978558138,-71.8799879837772,0.41478445410169273,413,,,,,,,,,,,,,,,,,,,,,,,,,,,,,,,,,,,,,,,,,,,,,,,,,,,,,,,,,,,,,,,,,,,,,,,,,,,,,,,,,,,,,,,,,,,,,,,,,,,,,,,,,,,,,,,,,,,,,,,,,,,,,,,,,,,,,,,,,,,,,,,,,,,,,,,,,,,,,,,,
467,PVC,HT,#1,#5,JET FUEL_1,1.187211276884848,1.0484969442393193,43.3833526577888,-0.7903270534188818,0.42684388022210007,-23.845681419642663,0.45034950139194607,,,,,,,,,,,,,,,,,,,,,,,,,,,,,,,,,,,,,,,,,,,,PE,HT,#5,#10,MeOH_1,1.5266862359205342,6.464260959923308,120.1276229725712,-0.33043219395573614,-3.627345861649367,-67.94320952996776,0.43440810823767595,414,,,,,,,,,,,,,,,,,,,,,,,,,,,,,,,,,,,,,,,,,,,,,,,,,,,,,,,,,,,,,,,,,,,,,,,,,,,,,,,,,,,,,,,,,,,,,,,,,,,,,,,,,,,,,,,,,,,,,,,,,,,,,,,,,,,,,,,,,,,,,,,,,,,,,,,,,,,,,,,,
468,PVC,HT,#1,#6,JET FUEL_1,0.7610077347887259,0.48302785360795364,24.77995016516399,-0.47814121706169793,0.8335978900395522,-9.49522075679731,0.6168184078858306,,,,,,,,,,,,,,,,,,,,,,,,,,,,,,,,,,,,,,,,,,,,PE,HT,#5,#11,FT_1,1.6804245673306306,7.671363577842714,127.04488663860319,-0.48911239605575907,-4.9154726724834035,-76.36018104948798,0.3989511654514274,415,,,,,,,,,,,,,,,,,,,,,,,,,,,,,,,,,,,,,,,,,,,,,,,,,,,,,,,,,,,,,,,,,,,,,,,,,,,,,,,,,,,,,,,,,,,,,,,,,,,,,,,,,,,,,,,,,,,,,,,,,,,,,,,,,,,,,,,,,,,,,,,,,,,,,,,,,,,,,,,,
469,PVC,HT,#1,#7,JET FUEL_1,0.837162488434712,0.6927273298186071,28.270515538751567,-0.5509020173103689,0.6252487685520206,-13.298350072604954,0.5296035527057739,,,,,,,,,,,,,,,,,,,,,,,,,,,,,,,,,,,,,,,,,,,,PE,HT,#6,#4,MeOH_1,1.5454368558779237,6.5361819014233244,120.59476559614609,-0.35225749603808726,-3.787287918270163,-70.19791799186265,0.41790244672024135,416,,,,,,,,,,,,,,,,,,,,,,,,,,,,,,,,,,,,,,,,,,,,,,,,,,,,,,,,,,,,,,,,,,,,,,,,,,,,,,,,,,,,,,,,,,,,,,,,,,,,,,,,,,,,,,,,,,,,,,,,,,,,,,,,,,,,,,,,,,,,,,,,,,,,,,,,,,,,,,,,
470,PVC,HT,#1,#8,JET FUEL_1,0.9038542461927183,0.6493461181791991,29.84547680478356,-0.6149437413555174,0.6669263250789071,-14.948475433937638,0.4991376572163949,,,,,,,,,,,,,,,,,,,,,,,,,,,,,,,,,,,,,,,,,,,,PE,HT,#6,#5,FT_1,1.6955438431008938,7.715127480818884,127.7392756621781,-0.49769997002705535,-5.043215854132357,-78.60819989951362,0.3846199652219535,417,,,,,,,,,,,,,,,,,,,,,,,,,,,,,,,,,,,,,,,,,,,,,,,,,,,,,,,,,,,,,,,,,,,,,,,,,,,,,,,,,,,,,,,,,,,,,,,,,,,,,,,,,,,,,,,,,,,,,,,,,,,,,,,,,,,,,,,,,,,,,,,,,,,,,,,,,,,,,,,,
471,PVC,HT,#1,#9,JET FUEL_1,0.8465367862947965,0.756173002530348,29.446309208837885,-0.5590330308810056,0.5779621371681785,-14.284120252088925,0.5149096563924639,,,,,,,,,,,,,,,,,,,,,,,,,,,,,,,,,,,,,,,,,,,,PE,HT,#6,#10,MeOH_1,1.59409464901018,6.882093162956468,125.04038029022848,-0.3978228344055474,-4.129468737223586,-74.6714214457042,0.4028215423498712,418,,,,,,,,,,,,,,,,,,,,,,,,,,,,,,,,,,,,,,,,,,,,,,,,,,,,,,,,,,,,,,,,,,,,,,,,,,,,,,,,,,,,,,,,,,,,,,,,,,,,,,,,,,,,,,,,,,,,,,,,,,,,,,,,,,,,,,,,,,,,,,,,,,,,,,,,,,,,,,,,
472,PVC,HT,#1,#10,JET FUEL_1,0.9182269332303319,0.6704691414239216,31.271588754751562,-0.6307726908383693,0.6279626169018799,-16.42251647234047,0.47484227292912484,,,,,,,,,,,,,,,,,,,,,,,,,,,,,,,,,,,,,,,,,,,,PE,HT,#6,#11,FT_1,1.7478329804202761,8.089195780875873,131.95764395626045,-0.5565030365055703,-5.417595548057623,-83.08839296522439,0.37034043292887664,419,,,,,,,,,,,,,,,,,,,,,,,,,,,,,,,,,,,,,,,,,,,,,,,,,,,,,,,,,,,,,,,,,,,,,,,,,,,,,,,,,,,,,,,,,,,,,,,,,,,,,,,,,,,,,,,,,,,,,,,,,,,,,,,,,,,,,,,,,,,,,,,,,,,,,,,,,,,,,,,,
473,PVC,HT,#1,#11,JET FUEL_1,0.9783999902437509,0.6812084499236789,32.90295616478356,-0.689535231367736,0.6342651245350562,-18.123560378021843,0.4491813961257467,,,,,,,,,,,,,,,,,,,,,,,,,,,,,,,,,,,,,,,,,,,,PE,HT,#7,#4,MeOH_1,1.6006358946275743,6.917042566519336,122.69275279614611,-0.4153023130741691,-4.196438367534795,-72.63906499520557,0.40795961179634377,420,,,,,,,,,,,,,,,,,,,,,,,,,,,,,,,,,,,,,,,,,,,,,,,,,,,,,,,,,,,,,,,,,,,,,,,,,,,,,,,,,,,,,,,,,,,,,,,,,,,,,,,,,,,,,,,,,,,,,,,,,,,,,,,,,,,,,,,,,,,,,,,,,,,,,,,,,,,,,,,,
474,PVC,HT,#2,#1,DIESEL_1,0.9465812955528383,1.3072695272847175,31.567856013859046,-0.6903268965819405,0.10069757213807731,-16.385438485795376,0.4809454757205629,,,,,,,,,,,,,,,,,,,,,,,,,,,,,,,,,,,,,,,,,,,,PE,HT,#7,#5,FT_1,1.7507428818505442,8.0959881459149,129.83726286217808,-0.560744787063137,-5.4523663033969925,-81.0493469028565,0.37576204922857803,421,,,,,,,,,,,,,,,,,,,,,,,,,,,,,,,,,,,,,,,,,,,,,,,,,,,,,,,,,,,,,,,,,,,,,,,,,,,,,,,,,,,,,,,,,,,,,,,,,,,,,,,,,,,,,,,,,,,,,,,,,,,,,,,,,,,,,,,,,,,,,,,,,,,,,,,,,,,,,,,,
475,PVC,HT,#2,#2,FT_1,1.1657070185859901,1.1890992818745831,42.041668173859044,-0.7829050292227783,0.39737463843948656,-21.810958904770818,0.4812061497042931,,,,,,,,,,,,,,,,,,,,,,,,,,,,,,,,,,,,,,,,,,,,PE,HT,#7,#10,MeOH_1,1.6492936877598308,7.262953828052481,127.13836749022848,-0.46086765144162956,-4.538619186488221,-77.1125684490471,0.3934752351215005,422,,,,,,,,,,,,,,,,,,,,,,,,,,,,,,,,,,,,,,,,,,,,,,,,,,,,,,,,,,,,,,,,,,,,,,,,,,,,,,,,,,,,,,,,,,,,,,,,,,,,,,,,,,,,,,,,,,,,,,,,,,,,,,,,,,,,,,,,,,,,,,,,,,,,,,,,,,,,,,,,
476,PVC,HT,#2,#3,DIESEL_1,0.9327700012572319,0.8363005567103518,29.26144505310244,-0.6596953110076967,0.5959282370166347,-13.528841876880424,0.5376563989806774,,,,,,,,,,,,,,,,,,,,,,,,,,,,,,,,,,,,,,,,,,,,PE,HT,#7,#11,FT_1,1.803032019169927,8.470056445971887,134.05563115626046,-0.6195478535416523,-5.826745997322259,-85.52953996856729,0.3619847280501725,423,,,,,,,,,,,,,,,,,,,,,,,,,,,,,,,,,,,,,,,,,,,,,,,,,,,,,,,,,,,,,,,,,,,,,,,,,,,,,,,,,,,,,,,,,,,,,,,,,,,,,,,,,,,,,,,,,,,,,,,,,,,,,,,,,,,,,,,,,,,,,,,,,,,,,,,,,,,,,,,,
477,PVC,HT,#2,#4,DIESEL_1,1.0562229292787675,1.296865085060188,36.814606413859046,-0.8121438300774273,0.029044013652605116,-21.770729699615938,0.40863880344459586,,,,,,,,,,,,,,,,,,,,,,,,,,,,,,,,,,,,,,,,,,,,PE,HT,#8,#4,MeOH_1,1.4076753957043686,5.090441466361427,99.74466424468636,-0.35391906932414613,-2.498717667751075,-53.60547524550416,0.4625730042661419,424,,,,,,,,,,,,,,,,,,,,,,,,,,,,,,,,,,,,,,,,,,,,,,,,,,,,,,,,,,,,,,,,,,,,,,,,,,,,,,,,,,,,,,,,,,,,,,,,,,,,,,,,,,,,,,,,,,,,,,,,,,,,,,,,,,,,,,,,,,,,,,,,,,,,,,,,,,,,,,,,
478,PVC,HT,#2,#5,FT_1,1.2590823704758087,1.187465752564452,46.28627521385905,-0.8739930565295826,0.38983672888461113,-26.437888567728077,0.42881797151368034,,,,,,,,,,,,,,,,,,,,,,,,,,,,,,,,,,,,,,,,,,,,PE,HT,#8,#5,FT_1,1.5577823829273383,6.269387045756988,106.88917431071835,-0.4993615433131136,-3.75464560361327,-62.015757153155114,0.41981255301982,425,,,,,,,,,,,,,,,,,,,,,,,,,,,,,,,,,,,,,,,,,,,,,,,,,,,,,,,,,,,,,,,,,,,,,,,,,,,,,,,,,,,,,,,,,,,,,,,,,,,,,,,,,,,,,,,,,,,,,,,,,,,,,,,,,,,,,,,,,,,,,,,,,,,,,,,,,,,,,,,,
479,PVC,HT,#2,#6,Olefin,0.8328788283796874,0.6219966619330868,27.682872721234236,-0.5618072201723995,0.796590738702063,-12.087427904882725,0.5633607817150051,,,,,,,,,,,,,,,,,,,,,,,,,,,,,,,,,,,,,,,,,,,,PE,HT,#8,#10,MeOH_1,1.4563331888366249,5.436352727894572,104.19027893876873,-0.3994844076916064,-2.8408984867045004,-58.07897869934568,0.44256816191577775,426,,,,,,,,,,,,,,,,,,,,,,,,,,,,,,,,,,,,,,,,,,,,,,,,,,,,,,,,,,,,,,,,,,,,,,,,,,,,,,,,,,,,,,,,,,,,,,,,,,,,,,,,,,,,,,,,,,,,,,,,,,,,,,,,,,,,,,,,,,,,,,,,,,,,,,,,,,,,,,,,
480,PVC,HT,#2,#7,DIESEL_1,0.9090335820256731,0.8316961381437401,31.173438094821805,-0.6345680204210699,0.5882416172145315,-15.89055722069036,0.490253299223677,,,,,,,,,,,,,,,,,,,,,,,,,,,,,,,,,,,,,,,,,,,,PE,HT,#8,#11,FT_1,1.6100715202467215,6.643455345813977,111.10754260480073,-0.5581646097916292,-4.129025297538536,-66.4959502188659,0.4015172268242323,427,,,,,,,,,,,,,,,,,,,,,,,,,,,,,,,,,,,,,,,,,,,,,,,,,,,,,,,,,,,,,,,,,,,,,,,,,,,,,,,,,,,,,,,,,,,,,,,,,,,,,,,,,,,,,,,,,,,,,,,,,,,,,,,,,,,,,,,,,,,,,,,,,,,,,,,,,,,,,,,,
481,PVC,HT,#2,#8,DIESEL_1,0.9757253397836788,0.7883149265043321,32.7483993608538,-0.698609744466218,0.6299191737414179,-17.54068258202305,0.46438046059159405,,,,,,,,,,,,,,,,,,,,,,,,,,,,,,,,,,,,,,,,,,,,PE,HT,#9,#4,MeOH_1,1.4969960647968164,5.522781817010067,102.68617509172635,-0.489141449098348,-2.945708917407682,-56.47706561589253,0.45000322034155693,428,,,,,,,,,,,,,,,,,,,,,,,,,,,,,,,,,,,,,,,,,,,,,,,,,,,,,,,,,,,,,,,,,,,,,,,,,,,,,,,,,,,,,,,,,,,,,,,,,,,,,,,,,,,,,,,,,,,,,,,,,,,,,,,,,,,,,,,,,,,,,,,,,,,,,,,,,,,,,,,,
482,PVC,HT,#2,#9,DIESEL_1,0.9184078798857576,0.8951418108554808,32.34923176490813,-0.6426990339917069,0.5409549858306896,-16.87632740017434,0.4783082478489805,,,,,,,,,,,,,,,,,,,,,,,,,,,,,,,,,,,,,,,,,,,,PE,HT,#9,#5,FT_1,1.6471030520197865,6.701727396405629,109.83068515775837,-0.634583923087316,-4.201636853269879,-64.8873475235435,0.4092056565945961,429,,,,,,,,,,,,,,,,,,,,,,,,,,,,,,,,,,,,,,,,,,,,,,,,,,,,,,,,,,,,,,,,,,,,,,,,,,,,,,,,,,,,,,,,,,,,,,,,,,,,,,,,,,,,,,,,,,,,,,,,,,,,,,,,,,,,,,,,,,,,,,,,,,,,,,,,,,,,,,,,
483,PVC,HT,#2,#10,DIESEL_1,0.9900980268212928,0.8094379497490546,34.174511310821806,-0.7144386939490702,0.5909554655643908,-19.014723620425876,0.443599253037318,,,,,,,,,,,,,,,,,,,,,,,,,,,,,,,,,,,,,,,,,,,,PE,HT,#9,#8,FT_1,1.3463794394429756,3.830518133489234,80.95279905184074,-0.3394822295738759,-1.3258430864475566,-35.786567718010275,0.5579329172411545,430,,,,,,,,,,,,,,,,,,,,,,,,,,,,,,,,,,,,,,,,,,,,,,,,,,,,,,,,,,,,,,,,,,,,,,,,,,,,,,,,,,,,,,,,,,,,,,,,,,,,,,,,,,,,,,,,,,,,,,,,,,,,,,,,,,,,,,,,,,,,,,,,,,,,,,,,,,,,,,,,
484,PVC,HT,#2,#11,DIESEL_1,1.050271083834713,0.8201772582488119,35.80587872085381,-0.7732012344784382,0.5972579731975671,-20.715767526107253,0.421442280816247,,,,,,,,,,,,,,,,,,,,,,,,,,,,,,,,,,,,,,,,,,,,PE,HT,#9,#10,MeOH_1,1.545653857929073,5.868693078543212,107.13178978580873,-0.5347067874658085,-3.2878897363611084,-60.95056906973405,0.43106925412527836,431,,,,,,,,,,,,,,,,,,,,,,,,,,,,,,,,,,,,,,,,,,,,,,,,,,,,,,,,,,,,,,,,,,,,,,,,,,,,,,,,,,,,,,,,,,,,,,,,,,,,,,,,,,,,,,,,,,,,,,,,,,,,,,,,,,,,,,,,,,,,,,,,,,,,,,,,,,,,,,,,
485,PVC,HT,#3,#1,MeOH_1,1.014453271311895,1.5634769545366638,35.475655669021315,-0.7392892111984044,-0.16939041588289425,-20.062465251647247,0.43447231986845136,,,,,,,,,,,,,,,,,,,,,,,,,,,,,,,,,,,,,,,,,,,,PE,HT,#9,#11,FT_1,1.6993921893391695,7.075795696462616,114.04905345184075,-0.6933869895658316,-4.5760165471951435,-69.36754058925428,0.3917745172821977,432,,,,,,,,,,,,,,,,,,,,,,,,,,,,,,,,,,,,,,,,,,,,,,,,,,,,,,,,,,,,,,,,,,,,,,,,,,,,,,,,,,,,,,,,,,,,,,,,,,,,,,,,,,,,,,,,,,,,,,,,,,,,,,,,,,,,,,,,,,,,,,,,,,,,,,,,,,,,,,,,
486,PVC,HT,#3,#2,MeOH_1,1.233578994345047,1.4453067091265295,45.94946782902131,-0.831867343839242,0.12728665041851506,-25.48798567062268,0.44530400731812875,,,,,,,,,,,,,,,,,,,,,,,,,,,,,,,,,,,,,,,,,,,,PE,LT,#3,#1,WAX_1,1.3088498462800655,3.0129555764493263,84.46774863525168,-0.4172231467400078,-0.3956582568032193,-31.995768421805014,0.6212072780586466,433,,,,,,,,,,,,,,,,,,,,,,,,,,,,,,,,,,,,,,,,,,,,,,,,,,,,,,,,,,,,,,,,,,,,,,,,,,,,,,,,,,,,,,,,,,,,,,,,,,,,,,,,,,,,,,,,,,,,,,,,,,,,,,,,,,,,,,,,,,,,,,,,,,,,,,,,,,,,,,,,
487,PVC,HT,#3,#3,MeOH_1,1.0006419770162887,1.0925079839622975,33.169244708264706,-0.7086576256241608,0.32584024899566355,-17.205868642732295,0.4812704119715712,,,,,,,,,,,,,,,,,,,,,,,,,,,,,,,,,,,,,,,,,,,,PE,LT,#3,#2,WAX_1,1.3851450003554868,3.1291972164223782,86.75650431525168,-0.481604784002004,-0.5168399080558354,-33.97457917209952,0.6083915616442509,434,,,,,,,,,,,,,,,,,,,,,,,,,,,,,,,,,,,,,,,,,,,,,,,,,,,,,,,,,,,,,,,,,,,,,,,,,,,,,,,,,,,,,,,,,,,,,,,,,,,,,,,,,,,,,,,,,,,,,,,,,,,,,,,,,,,,,,,,,,,,,,,,,,,,,,,,,,,,,,,,
488,PVC,HT,#3,#4,MeOH_1,1.1240949050378242,1.5530725123121343,40.72240606902132,-0.8611061446938911,-0.24104397436836644,-25.447756465467812,0.3750920212735996,,,,,,,,,,,,,,,,,,,,,,,,,,,,,,,,,,,,,,,,,,,,PE,LT,#3,#3,WAX_1,1.2955539469370503,2.871390661937295,83.71689427001175,-0.4005140877978006,-0.2522436390497717,-31.13090510523935,0.6281407071213969,435,,,,,,,,,,,,,,,,,,,,,,,,,,,,,,,,,,,,,,,,,,,,,,,,,,,,,,,,,,,,,,,,,,,,,,,,,,,,,,,,,,,,,,,,,,,,,,,,,,,,,,,,,,,,,,,,,,,,,,,,,,,,,,,,,,,,,,,,,,,,,,,,,,,,,,,,,,,,,,,,
489,PVC,HT,#3,#5,FT_1,1.326954346234867,1.443673179816398,50.194074869021314,-0.922955371146048,0.11974874086364001,-30.11491533357993,0.40003047347394777,,,,,,,,,,,,,,,,,,,,,,,,,,,,,,,,,,,,,,,,,,,,PE,LT,#3,#4,WAX_1,1.3022664958574564,2.9127721791275216,83.82244650725167,-0.4107649335749886,-0.30712754236810086,-31.54825019496896,0.6236300476837114,436,,,,,,,,,,,,,,,,,,,,,,,,,,,,,,,,,,,,,,,,,,,,,,,,,,,,,,,,,,,,,,,,,,,,,,,,,,,,,,,,,,,,,,,,,,,,,,,,,,,,,,,,,,,,,,,,,,,,,,,,,,,,,,,,,,,,,,,,,,,,,,,,,,,,,,,,,,,,,,,,
490,PVC,HT,#3,#6,MeOH_1,0.9007508041387442,0.8782040891850326,31.59067237639651,-0.6107695347888633,0.5265027506810919,-15.7644546707346,0.5009775517626123,,,,,,,,,,,,,,,,,,,,,,,,,,,,,,,,,,,,,,,,,,,,PE,LT,#3,#5,WAX_1,1.3733649561246992,3.1188199614694243,87.04433375525167,-0.4624803189882809,-0.4998116647039738,-33.89763484592944,0.6105704600917313,437,,,,,,,,,,,,,,,,,,,,,,,,,,,,,,,,,,,,,,,,,,,,,,,,,,,,,,,,,,,,,,,,,,,,,,,,,,,,,,,,,,,,,,,,,,,,,,,,,,,,,,,,,,,,,,,,,,,,,,,,,,,,,,,,,,,,,,,,,,,,,,,,,,,,,,,,,,,,,,,,
491,PVC,HT,#3,#7,MeOH_1,0.9769055577847294,1.087903565395686,35.081237749984076,-0.6835303350375334,0.3181536291935605,-19.56758398654223,0.4422208211125301,,,,,,,,,,,,,,,,,,,,,,,,,,,,,,,,,,,,,,,,,,,,PE,LT,#3,#6,WAX_1,1.2427917435583773,2.6731689694524,80.93731461127194,-0.35469719139884004,-0.07328225222991526,-28.571822403827056,0.6469882582458706,438,,,,,,,,,,,,,,,,,,,,,,,,,,,,,,,,,,,,,,,,,,,,,,,,,,,,,,,,,,,,,,,,,,,,,,,,,,,,,,,,,,,,,,,,,,,,,,,,,,,,,,,,,,,,,,,,,,,,,,,,,,,,,,,,,,,,,,,,,,,,,,,,,,,,,,,,,,,,,,,,
492,PVC,HT,#3,#8,MeOH_1,1.0435973155427374,1.044522353756278,36.656199016016075,-0.7475720590826836,0.35983118572044687,-21.217709347874926,0.42116995440240984,,,,,,,,,,,,,,,,,,,,,,,,,,,,,,,,,,,,,,,,,,,,PE,LT,#3,#7,WAX_1,1.2903232089780072,2.9008143459979947,83.6316669177929,-0.39638139721887045,-0.28392628692293825,-30.958062759631648,0.6298284621055995,439,,,,,,,,,,,,,,,,,,,,,,,,,,,,,,,,,,,,,,,,,,,,,,,,,,,,,,,,,,,,,,,,,,,,,,,,,,,,,,,,,,,,,,,,,,,,,,,,,,,,,,,,,,,,,,,,,,,,,,,,,,,,,,,,,,,,,,,,,,,,,,,,,,,,,,,,,,,,,,,,
493,PVC,HT,#3,#9,MeOH_1,0.986279855644814,1.1513492381074268,36.257031420070405,-0.6916613486081704,0.27086699780971824,-20.55335416602621,0.43312087721972964,,,,,,,,,,,,,,,,,,,,,,,,,,,,,,,,,,,,,,,,,,,,PE,LT,#3,#8,WAX_1,1.3402831918749278,3.0032679303102903,84.84316722382489,-0.4453828227764009,-0.39652051721445264,-32.06234559694744,0.6220986716306369,440,,,,,,,,,,,,,,,,,,,,,,,,,,,,,,,,,,,,,,,,,,,,,,,,,,,,,,,,,,,,,,,,,,,,,,,,,,,,,,,,,,,,,,,,,,,,,,,,,,,,,,,,,,,,,,,,,,,,,,,,,,,,,,,,,,,,,,,,,,,,,,,,,,,,,,,,,,,,,,,,
494,PVC,HT,#3,#10,MeOH_1,1.057970002580351,1.0656453770010006,38.08231096598408,-0.7634010085655355,0.3208674775434196,-22.691750386277754,0.40413935471125945,,,,,,,,,,,,,,,,,,,,,,,,,,,,,,,,,,,,,,,,,,,,PE,LT,#3,#9,WAX_1,1.2844207233025269,2.8410157904180533,83.44409198641372,-0.38945416872541694,-0.2222698192444998,-30.86393068236985,0.6301244348444095,441,,,,,,,,,,,,,,,,,,,,,,,,,,,,,,,,,,,,,,,,,,,,,,,,,,,,,,,,,,,,,,,,,,,,,,,,,,,,,,,,,,,,,,,,,,,,,,,,,,,,,,,,,,,,,,,,,,,,,,,,,,,,,,,,,,,,,,,,,,,,,,,,,,,,,,,,,,,,,,,,
495,PVC,HT,#3,#11,MeOH_1,1.1181430595937698,1.0763846855007577,39.713678376016084,-0.8221635490949021,0.3271699851765962,-24.392794291959124,0.38578355646123064,,,,,,,,,,,,,,,,,,,,,,,,,,,,,,,,,,,,,,,,,,,,PE,LT,#3,#10,WAX_1,1.3637746172875451,2.9953725031097633,84.9929420537929,-0.4695790160633034,-0.3870965497612959,-32.64246070327625,0.6159391601879542,442,,,,,,,,,,,,,,,,,,,,,,,,,,,,,,,,,,,,,,,,,,,,,,,,,,,,,,,,,,,,,,,,,,,,,,,,,,,,,,,,,,,,,,,,,,,,,,,,,,,,,,,,,,,,,,,,,,,,,,,,,,,,,,,,,,,,,,,,,,,,,,,,,,,,,,,,,,,,,,,,
496,PVC,HT,#4,#1,DIESEL_1,1.0584972470989544,1.4759366697091942,36.60551101505332,-0.7593720704158595,0.005064082034548372,-20.669071717974123,0.43535628530156667,,,,,,,,,,,,,,,,,,,,,,,,,,,,,,,,,,,,,,,,,,,,PE,LT,#3,#11,WAX_1,1.3737270956526897,3.0542393392402434,85.3540938638249,-0.48114400487652076,-0.44912324303178847,-33.13939190967161,0.6117422093128578,443,,,,,,,,,,,,,,,,,,,,,,,,,,,,,,,,,,,,,,,,,,,,,,,,,,,,,,,,,,,,,,,,,,,,,,,,,,,,,,,,,,,,,,,,,,,,,,,,,,,,,,,,,,,,,,,,,,,,,,,,,,,,,,,,,,,,,,,,,,,,,,,,,,,,,,,,,,,,,,,,
497,PVC,HT,#4,#2,FT_1,1.2776229701321062,1.3577664242990595,47.07932317505332,-0.8519502030566971,0.301741148335958,-26.09459213694957,0.44573136618971765,,,,,,,,,,,,,,,,,,,,,,,,,,,,,,,,,,,,,,,,,,,,PE,LT,#4,#1,WAX_1,1.3724441482865384,3.2712117907536964,86.94961102128369,-0.4892436592095983,-0.715540309772991,-35.599352555997164,0.5905749072611366,444,,,,,,,,,,,,,,,,,,,,,,,,,,,,,,,,,,,,,,,,,,,,,,,,,,,,,,,,,,,,,,,,,,,,,,,,,,,,,,,,,,,,,,,,,,,,,,,,,,,,,,,,,,,,,,,,,,,,,,,,,,,,,,,,,,,,,,,,,,,,,,,,,,,,,,,,,,,,,,,,
498,PVC,HT,#4,#3,DIESEL_1,1.0446859528033479,1.004967699134828,34.29910005429671,-0.7287404848416156,0.500294746913106,-17.812475109059168,0.48067223102468054,,,,,,,,,,,,,,,,,,,,,,,,,,,,,,,,,,,,,,,,,,,,PE,LT,#4,#2,WAX_1,1.44873930236196,3.387453430726749,89.23836670128368,-0.5536252964715946,-0.8367219610256076,-37.578163306291664,0.5789012652811013,445,,,,,,,,,,,,,,,,,,,,,,,,,,,,,,,,,,,,,,,,,,,,,,,,,,,,,,,,,,,,,,,,,,,,,,,,,,,,,,,,,,,,,,,,,,,,,,,,,,,,,,,,,,,,,,,,,,,,,,,,,,,,,,,,,,,,,,,,,,,,,,,,,,,,,,,,,,,,,,,,
499,PVC,HT,#4,#4,DIESEL_1,1.1681388808248834,1.465532227484665,41.85226141505331,-0.881189003911346,-0.06658947645092413,-26.054362931794692,0.37746821674913067,,,,,,,,,,,,,,,,,,,,,,,,,,,,,,,,,,,,,,,,,,,,PE,LT,#4,#3,WAX_1,1.3591482489435238,3.1296468762416656,86.19875665604376,-0.47253460026739136,-0.5721256920195437,-34.73448923943151,0.5970418763923536,446,,,,,,,,,,,,,,,,,,,,,,,,,,,,,,,,,,,,,,,,,,,,,,,,,,,,,,,,,,,,,,,,,,,,,,,,,,,,,,,,,,,,,,,,,,,,,,,,,,,,,,,,,,,,,,,,,,,,,,,,,,,,,,,,,,,,,,,,,,,,,,,,,,,,,,,,,,,,,,,,
500,PVC,HT,#4,#5,FT_1,1.3709983220219264,1.3561328949889284,51.32393021505332,-0.9430382303635031,0.2942032387810826,-30.72152179990681,0.40141914948485014,,,,,,,,,,,,,,,,,,,,,,,,,,,,,,,,,,,,,,,,,,,,PE,LT,#4,#4,WAX_1,1.3658607978639292,3.1710283934318917,86.30430889328368,-0.48278544604457907,-0.6270095953378725,-35.151834329161126,0.592698965093078,447,,,,,,,,,,,,,,,,,,,,,,,,,,,,,,,,,,,,,,,,,,,,,,,,,,,,,,,,,,,,,,,,,,,,,,,,,,,,,,,,,,,,,,,,,,,,,,,,,,,,,,,,,,,,,,,,,,,,,,,,,,,,,,,,,,,,,,,,,,,,,,,,,,,,,,,,,,,,,,,,
501,PVC,HT,#4,#6,DIESEL_1,0.9447947799258034,0.790663804357563,32.7205277224285,-0.6308523940063184,0.7009572485985345,-16.371061137061464,0.4996700152290082,,,,,,,,,,,,,,,,,,,,,,,,,,,,,,,,,,,,,,,,,,,,PE,LT,#4,#5,WAX_1,1.436959258131172,3.377076175773795,89.52619614128368,-0.5345008314578713,-0.8196937176737458,-37.50121898012159,0.5811145720863654,448,,,,,,,,,,,,,,,,,,,,,,,,,,,,,,,,,,,,,,,,,,,,,,,,,,,,,,,,,,,,,,,,,,,,,,,,,,,,,,,,,,,,,,,,,,,,,,,,,,,,,,,,,,,,,,,,,,,,,,,,,,,,,,,,,,,,,,,,,,,,,,,,,,,,,,,,,,,,,,,,
502,PVC,HT,#4,#7,DIESEL_1,1.0209495335717889,1.0003632805682163,36.21109309601608,-0.7036131942549886,0.49260812711100305,-20.174190452869112,0.4428726468053331,,,,,,,,,,,,,,,,,,,,,,,,,,,,,,,,,,,,,,,,,,,,PE,LT,#4,#6,WAX_1,1.3063860455648508,2.931425183756771,83.41917699730394,-0.42671770386843105,-0.3931643051996881,-32.17540653801919,0.6142924481374459,449,,,,,,,,,,,,,,,,,,,,,,,,,,,,,,,,,,,,,,,,,,,,,,,,,,,,,,,,,,,,,,,,,,,,,,,,,,,,,,,,,,,,,,,,,,,,,,,,,,,,,,,,,,,,,,,,,,,,,,,,,,,,,,,,,,,,,,,,,,,,,,,,,,,,,,,,,,,,,,,,
503,PVC,HT,#4,#8,DIESEL_1,1.0876412913297964,0.9569820689288084,37.78605436204807,-0.7676549183001384,0.5342856836378894,-21.8243158142018,0.42242406139864347,,,,,,,,,,,,,,,,,,,,,,,,,,,,,,,,,,,,,,,,,,,,PE,LT,#4,#7,WAX_1,1.3539175109844803,3.1590705603023648,86.1135293038249,-0.4684019096884609,-0.6038083398927101,-34.5616468938238,0.5986502100978379,450,,,,,,,,,,,,,,,,,,,,,,,,,,,,,,,,,,,,,,,,,,,,,,,,,,,,,,,,,,,,,,,,,,,,,,,,,,,,,,,,,,,,,,,,,,,,,,,,,,,,,,,,,,,,,,,,,,,,,,,,,,,,,,,,,,,,,,,,,,,,,,,,,,,,,,,,,,,,,,,,
504,PVC,HT,#4,#9,DIESEL_1,1.0303238314318737,1.0638089532799573,37.38688676610241,-0.7117442078256259,0.4453214957271609,-21.159960632353084,0.43402720946697804,,,,,,,,,,,,,,,,,,,,,,,,,,,,,,,,,,,,,,,,,,,,PE,LT,#4,#8,WAX_1,1.4038774938814005,3.261524144614661,87.32502960985691,-0.5174033352459915,-0.7164025701842243,-35.6659297311396,0.5915726580284633,451,,,,,,,,,,,,,,,,,,,,,,,,,,,,,,,,,,,,,,,,,,,,,,,,,,,,,,,,,,,,,,,,,,,,,,,,,,,,,,,,,,,,,,,,,,,,,,,,,,,,,,,,,,,,,,,,,,,,,,,,,,,,,,,,,,,,,,,,,,,,,,,,,,,,,,,,,,,,,,,,
505,PVC,HT,#4,#10,DIESEL_1,1.1020139783674103,0.9781050921735309,39.21216631201607,-0.7834838677829906,0.4953219754608622,-23.298356852604627,0.40583856889678804,,,,,,,,,,,,,,,,,,,,,,,,,,,,,,,,,,,,,,,,,,,,PE,LT,#4,#9,WAX_1,1.348015025309,3.0992720047224234,85.92595437244572,-0.46147468119500773,-0.5421518722142714,-34.467514816562,0.5988695724325308,452,,,,,,,,,,,,,,,,,,,,,,,,,,,,,,,,,,,,,,,,,,,,,,,,,,,,,,,,,,,,,,,,,,,,,,,,,,,,,,,,,,,,,,,,,,,,,,,,,,,,,,,,,,,,,,,,,,,,,,,,,,,,,,,,,,,,,,,,,,,,,,,,,,,,,,,,,,,,,,,,
506,PVC,HT,#4,#11,DIESEL_1,1.1621870353808292,0.9888444006732883,40.84353372204808,-0.8422464083123572,0.5016244830940386,-24.999400758286,0.3879226775916582,,,,,,,,,,,,,,,,,,,,,,,,,,,,,,,,,,,,,,,,,,,,PE,LT,#4,#10,WAX_1,1.4273689192940184,3.2536287174141334,87.47480443982488,-0.5415995285328941,-0.7069786027310675,-36.246044837468375,0.5856401729665767,453,,,,,,,,,,,,,,,,,,,,,,,,,,,,,,,,,,,,,,,,,,,,,,,,,,,,,,,,,,,,,,,,,,,,,,,,,,,,,,,,,,,,,,,,,,,,,,,,,,,,,,,,,,,,,,,,,,,,,,,,,,,,,,,,,,,,,,,,,,,,,,,,,,,,,,,,,,,,,,,,
507,PVC,HT,#5,#1,DIESEL_1,1.0089054304735314,1.5183653523451424,34.999567778085606,-0.7322327408272847,-0.030669088251682818,-18.6536175276655,0.4670329174937654,,,,,,,,,,,,,,,,,,,,,,,,,,,,,,,,,,,,,,,,,,,,PE,LT,#4,#11,WAX_1,1.4373213976591628,3.312495553544613,87.83595624985688,-0.5531645173461116,-0.7690052960015595,-36.74297604386373,0.5816863888935735,454,,,,,,,,,,,,,,,,,,,,,,,,,,,,,,,,,,,,,,,,,,,,,,,,,,,,,,,,,,,,,,,,,,,,,,,,,,,,,,,,,,,,,,,,,,,,,,,,,,,,,,,,,,,,,,,,,,,,,,,,,,,,,,,,,,,,,,,,,,,,,,,,,,,,,,,,,,,,,,,,
508,PVC,HT,#5,#2,FT_1,1.228031153506683,1.4001951069350076,45.47337993808561,-0.8248108734681224,0.26600797804972665,-24.07913794664094,0.470478377032322,,,,,,,,,,,,,,,,,,,,,,,,,,,,,,,,,,,,,,,,,,,,PE,LT,#5,#1,WAX_1,1.324714232349054,2.8944420397511346,83.84372528003392,-0.43777580237624786,-0.2100671798128098,-29.987844506109052,0.6423364490789129,455,,,,,,,,,,,,,,,,,,,,,,,,,,,,,,,,,,,,,,,,,,,,,,,,,,,,,,,,,,,,,,,,,,,,,,,,,,,,,,,,,,,,,,,,,,,,,,,,,,,,,,,,,,,,,,,,,,,,,,,,,,,,,,,,,,,,,,,,,,,,,,,,,,,,,,,,,,,,,,,,
509,PVC,HT,#5,#3,DIESEL_1,0.9950941361779247,1.047396381770776,32.693156817329,-0.7016011552530411,0.4645615766268748,-15.797020918750546,0.516809557210537,,,,,,,,,,,,,,,,,,,,,,,,,,,,,,,,,,,,,,,,,,,,PE,LT,#5,#2,WAX_1,1.401009386424475,3.010683679724188,86.13248096003392,-0.5021574396382438,-0.3312488310654271,-31.966655256403538,0.6288664287838603,456,,,,,,,,,,,,,,,,,,,,,,,,,,,,,,,,,,,,,,,,,,,,,,,,,,,,,,,,,,,,,,,,,,,,,,,,,,,,,,,,,,,,,,,,,,,,,,,,,,,,,,,,,,,,,,,,,,,,,,,,,,,,,,,,,,,,,,,,,,,,,,,,,,,,,,,,,,,,,,,,
510,PVC,HT,#5,#4,DIESEL_1,1.1185470641994604,1.507960910120613,40.2463181780856,-0.8540496743227716,-0.10232264673715546,-24.038908741486072,0.40270539443840553,,,,,,,,,,,,,,,,,,,,,,,,,,,,,,,,,,,,,,,,,,,,PE,LT,#5,#3,WAX_1,1.3114183330060387,2.752877125239103,83.09287091479398,-0.4210667434340404,-0.06665256205936164,-29.12298118954338,0.6495128779530678,457,,,,,,,,,,,,,,,,,,,,,,,,,,,,,,,,,,,,,,,,,,,,,,,,,,,,,,,,,,,,,,,,,,,,,,,,,,,,,,,,,,,,,,,,,,,,,,,,,,,,,,,,,,,,,,,,,,,,,,,,,,,,,,,,,,,,,,,,,,,,,,,,,,,,,,,,,,,,,,,,
511,PVC,HT,#5,#5,FT_1,1.3214065053965036,1.3985615776248765,49.71798697808561,-0.9158989007749286,0.25847006849485116,-28.706067609598197,0.42262208600177065,,,,,,,,,,,,,,,,,,,,,,,,,,,,,,,,,,,,,,,,,,,,PE,LT,#5,#4,WAX_1,1.3181308819264448,2.7942586424293303,83.1984231520339,-0.43131758921122865,-0.12153646537769199,-29.540326279272985,0.6449412722006519,458,,,,,,,,,,,,,,,,,,,,,,,,,,,,,,,,,,,,,,,,,,,,,,,,,,,,,,,,,,,,,,,,,,,,,,,,,,,,,,,,,,,,,,,,,,,,,,,,,,,,,,,,,,,,,,,,,,,,,,,,,,,,,,,,,,,,,,,,,,,,,,,,,,,,,,,,,,,,,,,,
512,PVC,HT,#5,#6,DIESEL_1,0.8952029633003807,0.833092486993511,31.114584485460796,-0.6037130644177441,0.6652240783123032,-14.35560694675285,0.5386212869575382,,,,,,,,,,,,,,,,,,,,,,,,,,,,,,,,,,,,,,,,,,,,PE,LT,#5,#5,WAX_1,1.3892293421936877,3.0003064247712325,86.42031040003391,-0.48303297462452094,-0.3142205877135643,-31.88971093023347,0.6309928675028116,459,,,,,,,,,,,,,,,,,,,,,,,,,,,,,,,,,,,,,,,,,,,,,,,,,,,,,,,,,,,,,,,,,,,,,,,,,,,,,,,,,,,,,,,,,,,,,,,,,,,,,,,,,,,,,,,,,,,,,,,,,,,,,,,,,,,,,,,,,,,,,,,,,,,,,,,,,,,,,,,,
513,PVC,HT,#5,#7,DIESEL_1,0.9713577169463659,1.0427919632041645,34.60514985904836,-0.6764738646664141,0.4568749568247717,-18.158736262560485,0.4752591352291908,,,,,,,,,,,,,,,,,,,,,,,,,,,,,,,,,,,,,,,,,,,,PE,LT,#5,#7,WAX_1,1.3061875950469957,2.782300809299803,83.00764356257513,-0.4169340528551103,-0.09833520993252873,-28.95013884393568,0.6512352645920892,460,,,,,,,,,,,,,,,,,,,,,,,,,,,,,,,,,,,,,,,,,,,,,,,,,,,,,,,,,,,,,,,,,,,,,,,,,,,,,,,,,,,,,,,,,,,,,,,,,,,,,,,,,,,,,,,,,,,,,,,,,,,,,,,,,,,,,,,,,,,,,,,,,,,,,,,,,,,,,,,,
514,PVC,HT,#5,#8,DIESEL_1,1.0380494747043736,0.9994107515647564,36.18011112508036,-0.7405155887115641,0.4985525133516581,-19.808861623893176,0.45249306848697035,,,,,,,,,,,,,,,,,,,,,,,,,,,,,,,,,,,,,,,,,,,,PE,LT,#5,#8,WAX_1,1.356147577943916,2.8847543936120985,84.2191438686071,-0.465935478412641,-0.21092944022404314,-30.05442168125145,0.6431402612197022,461,,,,,,,,,,,,,,,,,,,,,,,,,,,,,,,,,,,,,,,,,,,,,,,,,,,,,,,,,,,,,,,,,,,,,,,,,,,,,,,,,,,,,,,,,,,,,,,,,,,,,,,,,,,,,,,,,,,,,,,,,,,,,,,,,,,,,,,,,,,,,,,,,,,,,,,,,,,,,,,,
515,PVC,HT,#5,#9,DIESEL_1,0.9807320148064503,1.1062376359159054,35.780943529134696,-0.6846048782370507,0.40958832544092955,-19.144506442044467,0.464952442451496,,,,,,,,,,,,,,,,,,,,,,,,,,,,,,,,,,,,,,,,,,,,PE,LT,#5,#9,WAX_1,1.3002851093715153,2.722502253719862,82.82006863119595,-0.4100068243616575,-0.03667874225409091,-28.856006766673886,0.651581950563554,462,,,,,,,,,,,,,,,,,,,,,,,,,,,,,,,,,,,,,,,,,,,,,,,,,,,,,,,,,,,,,,,,,,,,,,,,,,,,,,,,,,,,,,,,,,,,,,,,,,,,,,,,,,,,,,,,,,,,,,,,,,,,,,,,,,,,,,,,,,,,,,,,,,,,,,,,,,,,,,,,
516,PVC,HT,#5,#10,DIESEL_1,1.052422161741987,1.020533774809479,37.60622307504836,-0.756344538194416,0.45958880517463085,-21.282902662296003,0.43405902209793684,,,,,,,,,,,,,,,,,,,,,,,,,,,,,,,,,,,,,,,,,,,,PE,LT,#5,#10,WAX_1,1.379639003356534,2.876858966411572,84.3689186985751,-0.4901316716995436,-0.201505472770887,-30.63453678758023,0.6368978379700674,463,,,,,,,,,,,,,,,,,,,,,,,,,,,,,,,,,,,,,,,,,,,,,,,,,,,,,,,,,,,,,,,,,,,,,,,,,,,,,,,,,,,,,,,,,,,,,,,,,,,,,,,,,,,,,,,,,,,,,,,,,,,,,,,,,,,,,,,,,,,,,,,,,,,,,,,,,,,,,,,,
517,PVC,HT,#5,#11,DIESEL_1,1.1125952187554062,1.0312730833092363,39.23759048508036,-0.8151070787237827,0.46589131280780727,-22.98394656797737,0.4142365450111736,,,,,,,,,,,,,,,,,,,,,,,,,,,,,,,,,,,,,,,,,,,,PE,LT,#5,#11,WAX_1,1.3895914817216783,2.935725802542052,84.73007050860713,-0.5016966605127611,-0.26353216604137925,-31.131467993975626,0.6325806433642327,464,,,,,,,,,,,,,,,,,,,,,,,,,,,,,,,,,,,,,,,,,,,,,,,,,,,,,,,,,,,,,,,,,,,,,,,,,,,,,,,,,,,,,,,,,,,,,,,,,,,,,,,,,,,,,,,,,,,,,,,,,,,,,,,,,,,,,,,,,,,,,,,,,,,,,,,,,,,,,,,,
518,PVC,HT,#6,#1,MeOH_1,1.1093095324210178,1.5078434394374496,41.573824949021315,-0.8303062567857223,-0.17473198834997952,-26.425884358546234,0.364362447021649,,,,,,,,,,,,,,,,,,,,,,,,,,,,,,,,,,,,,,,,,,,,PE,LT,#6,#1,WAX_1,1.4460606445029742,3.966668361644138,96.26009215525167,-0.5523840198339219,-1.3801089652213705,-44.45300760158313,0.538198991853366,465,,,,,,,,,,,,,,,,,,,,,,,,,,,,,,,,,,,,,,,,,,,,,,,,,,,,,,,,,,,,,,,,,,,,,,,,,,,,,,,,,,,,,,,,,,,,,,,,,,,,,,,,,,,,,,,,,,,,,,,,,,,,,,,,,,,,,,,,,,,,,,,,,,,,,,,,,,,,,,,,
519,PVC,HT,#6,#2,MeOH_1,1.3284352554541714,1.3896731940273148,52.04763710902132,-0.9228843894265617,0.12194507795143009,-31.851404777521676,0.3880336063901558,,,,,,,,,,,,,,,,,,,,,,,,,,,,,,,,,,,,,,,,,,,,PE,LT,#6,#2,WAX_1,1.5223557985783953,4.08291000161719,98.54884783525168,-0.6167656570959178,-1.5012906164739865,-46.43181835187763,0.528844635205683,466,,,,,,,,,,,,,,,,,,,,,,,,,,,,,,,,,,,,,,,,,,,,,,,,,,,,,,,,,,,,,,,,,,,,,,,,,,,,,,,,,,,,,,,,,,,,,,,,,,,,,,,,,,,,,,,,,,,,,,,,,,,,,,,,,,,,,,,,,,,,,,,,,,,,,,,,,,,,,,,,
520,PVC,HT,#6,#3,MeOH_1,1.0954982381254128,1.036874468863083,39.2674139882647,-0.7996746712114804,0.3204986765285784,-23.569287749631275,0.39977489333330957,,,,,,,,,,,,,,,,,,,,,,,,,,,,,,,,,,,,,,,,,,,,PE,LT,#6,#3,WAX_1,1.4327647451599594,3.8251034471321064,95.50923779001175,-0.5356749608917148,-1.2366943474679226,-43.58814428501747,0.543623786624168,467,,,,,,,,,,,,,,,,,,,,,,,,,,,,,,,,,,,,,,,,,,,,,,,,,,,,,,,,,,,,,,,,,,,,,,,,,,,,,,,,,,,,,,,,,,,,,,,,,,,,,,,,,,,,,,,,,,,,,,,,,,,,,,,,,,,,,,,,,,,,,,,,,,,,,,,,,,,,,,,,
521,PVC,HT,#6,#4,MeOH_1,1.218951166146947,1.4974389972129198,46.82057534902131,-0.9521231902812094,-0.24638554683545172,-31.81117557236679,0.32057273249565615,,,,,,,,,,,,,,,,,,,,,,,,,,,,,,,,,,,,,,,,,,,,PE,LT,#6,#4,WAX_1,1.4394772940803653,3.866484964322333,95.61479002725166,-0.5459258066689029,-1.2915782507862514,-44.00548937474708,0.5397627358465689,468,,,,,,,,,,,,,,,,,,,,,,,,,,,,,,,,,,,,,,,,,,,,,,,,,,,,,,,,,,,,,,,,,,,,,,,,,,,,,,,,,,,,,,,,,,,,,,,,,,,,,,,,,,,,,,,,,,,,,,,,,,,,,,,,,,,,,,,,,,,,,,,,,,,,,,,,,,,,,,,,
522,PVC,HT,#6,#5,MeOH_1,1.4218106073439902,1.3880396647171838,56.29224414902131,-1.0139724167333664,0.11440716839655458,-36.47833444047892,0.3519829420210968,,,,,,,,,,,,,,,,,,,,,,,,,,,,,,,,,,,,,,,,,,,,PE,LT,#6,#5,WAX_1,1.5105757543476084,4.072532746664235,98.83667727525167,-0.5976411920821955,-1.484262373122124,-46.35487402570756,0.5309952205635848,469,,,,,,,,,,,,,,,,,,,,,,,,,,,,,,,,,,,,,,,,,,,,,,,,,,,,,,,,,,,,,,,,,,,,,,,,,,,,,,,,,,,,,,,,,,,,,,,,,,,,,,,,,,,,,,,,,,,,,,,,,,,,,,,,,,,,,,,,,,,,,,,,,,,,,,,,,,,,,,,,
523,PVC,HT,#6,#6,MeOH_1,0.9956070652478668,0.8225705740858181,37.688841656396505,-0.7017865803761814,0.5211611782140068,-22.12787377763358,0.412879971760075,,,,,,,,,,,,,,,,,,,,,,,,,,,,,,,,,,,,,,,,,,,,PE,LT,#6,#6,WAX_1,1.3800025417812862,3.626881754647212,92.72965813127193,-0.48985806449275443,-1.057732960648067,-41.02906158360516,0.5575411102505875,470,,,,,,,,,,,,,,,,,,,,,,,,,,,,,,,,,,,,,,,,,,,,,,,,,,,,,,,,,,,,,,,,,,,,,,,,,,,,,,,,,,,,,,,,,,,,,,,,,,,,,,,,,,,,,,,,,,,,,,,,,,,,,,,,,,,,,,,,,,,,,,,,,,,,,,,,,,,,,,,,
524,PVC,HT,#6,#7,MeOH_1,1.0717618188938538,1.0322700502964717,41.179407029984084,-0.7745473806248531,0.3128120567264749,-25.931003093441223,0.37029197446772355,,,,,,,,,,,,,,,,,,,,,,,,,,,,,,,,,,,,,,,,,,,,PE,LT,#6,#7,WAX_1,1.4275340072009162,3.8545271311928064,95.42401043779289,-0.5315422703127843,-1.2683769953410893,-43.41530193940977,0.5450274858473666,471,,,,,,,,,,,,,,,,,,,,,,,,,,,,,,,,,,,,,,,,,,,,,,,,,,,,,,,,,,,,,,,,,,,,,,,,,,,,,,,,,,,,,,,,,,,,,,,,,,,,,,,,,,,,,,,,,,,,,,,,,,,,,,,,,,,,,,,,,,,,,,,,,,,,,,,,,,,,,,,,
525,PVC,HT,#6,#8,MeOH_1,1.1384535766518602,0.9888888386570636,42.75436829601608,-0.8385891046700019,0.35448961325336176,-27.581128454773914,0.354893323091293,,,,,,,,,,,,,,,,,,,,,,,,,,,,,,,,,,,,,,,,,,,,PE,LT,#6,#8,WAX_1,1.4774939900978368,3.956980715505101,96.6355107438249,-0.5805436958703153,-1.3809712256326026,-44.51958477672556,0.5393040877618541,472,,,,,,,,,,,,,,,,,,,,,,,,,,,,,,,,,,,,,,,,,,,,,,,,,,,,,,,,,,,,,,,,,,,,,,,,,,,,,,,,,,,,,,,,,,,,,,,,,,,,,,,,,,,,,,,,,,,,,,,,,,,,,,,,,,,,,,,,,,,,,,,,,,,,,,,,,,,,,,,,
526,PVC,HT,#6,#9,MeOH_1,1.0811361167539382,1.0957157230082124,42.3552007000704,-0.78267839419549,0.2655254253426331,-26.91677327292519,0.36449897939261916,,,,,,,,,,,,,,,,,,,,,,,,,,,,,,,,,,,,,,,,,,,,PE,LT,#6,#9,WAX_1,1.421631521525436,3.7947285756128646,95.23643550641371,-0.5246150418193318,-1.2067205276626503,-43.32116986214796,0.5451197891669256,473,,,,,,,,,,,,,,,,,,,,,,,,,,,,,,,,,,,,,,,,,,,,,,,,,,,,,,,,,,,,,,,,,,,,,,,,,,,,,,,,,,,,,,,,,,,,,,,,,,,,,,,,,,,,,,,,,,,,,,,,,,,,,,,,,,,,,,,,,,,,,,,,,,,,,,,,,,,,,,,,
527,PVC,HT,#6,#10,MeOH_1,1.1528262636894735,1.0100118619017862,44.18048024598408,-0.8544180541528534,0.3155259050763343,-29.05516949317673,0.34235279174409167,,,,,,,,,,,,,,,,,,,,,,,,,,,,,,,,,,,,,,,,,,,,PE,LT,#6,#10,WAX_1,1.5009854155104543,3.9490852883045755,96.78528557379288,-0.6047398891572178,-1.3715472581794477,-45.099699883054335,0.5340231770182817,474,,,,,,,,,,,,,,,,,,,,,,,,,,,,,,,,,,,,,,,,,,,,,,,,,,,,,,,,,,,,,,,,,,,,,,,,,,,,,,,,,,,,,,,,,,,,,,,,,,,,,,,,,,,,,,,,,,,,,,,,,,,,,,,,,,,,,,,,,,,,,,,,,,,,,,,,,,,,,,,,
528,PVC,HT,#6,#11,MeOH_1,1.2129993207028926,1.0207511704015433,45.811847656016084,-0.9131805946822202,0.3218284127095109,-30.756213398858108,0.32864062524186016,,,,,,,,,,,,,,,,,,,,,,,,,,,,,,,,,,,,,,,,,,,,PE,LT,#6,#11,WAX_1,1.5109378938755988,4.007952124435055,97.14643738382489,-0.6163048779704354,-1.433573951449939,-45.59663108944971,0.5306402137085301,475,,,,,,,,,,,,,,,,,,,,,,,,,,,,,,,,,,,,,,,,,,,,,,,,,,,,,,,,,,,,,,,,,,,,,,,,,,,,,,,,,,,,,,,,,,,,,,,,,,,,,,,,,,,,,,,,,,,,,,,,,,,,,,,,,,,,,,,,,,,,,,,,,,,,,,,,,,,,,,,,
529,PVC,HT,#7,#1,DIESEL_1,1.1554440541450042,1.5320215189314315,42.89329837505331,-0.8652004408723797,-0.12565839222504377,-28.04940829009138,0.3460654845232214,,,,,,,,,,,,,,,,,,,,,,,,,,,,,,,,,,,,,,,,,,,,PE,LT,#7,#1,WAX_1,1.5113985126315475,4.431648518746523,98.8163094212837,-0.6281380367799209,-1.8796999888964205,-47.57946967788555,0.5185059029573759,476,,,,,,,,,,,,,,,,,,,,,,,,,,,,,,,,,,,,,,,,,,,,,,,,,,,,,,,,,,,,,,,,,,,,,,,,,,,,,,,,,,,,,,,,,,,,,,,,,,,,,,,,,,,,,,,,,,,,,,,,,,,,,,,,,,,,,,,,,,,,,,,,,,,,,,,,,,,,,,,,
530,PVC,HT,#7,#2,FT_1,1.374569777178156,1.413851273521297,53.36711053505332,-0.9577785735132176,0.17101867407636537,-33.47492870906684,0.37274234311262977,,,,,,,,,,,,,,,,,,,,,,,,,,,,,,,,,,,,,,,,,,,,PE,LT,#7,#2,WAX_1,1.5876936667069685,4.547890158719575,101.10506510128369,-0.6925196740419168,-2.0008816401490366,-49.558280428180026,0.5098338507716286,477,,,,,,,,,,,,,,,,,,,,,,,,,,,,,,,,,,,,,,,,,,,,,,,,,,,,,,,,,,,,,,,,,,,,,,,,,,,,,,,,,,,,,,,,,,,,,,,,,,,,,,,,,,,,,,,,,,,,,,,,,,,,,,,,,,,,,,,,,,,,,,,,,,,,,,,,,,,,,,,,
531,PVC,HT,#7,#3,DIESEL_1,1.1416327598493978,1.0610525483570652,40.586887414296704,-0.8345688552981362,0.36957227265351383,-25.192811681176433,0.3792869252569912,,,,,,,,,,,,,,,,,,,,,,,,,,,,,,,,,,,,,,,,,,,,PE,LT,#7,#3,WAX_1,1.4981026132885324,4.290083604234491,98.06545505604375,-0.6114289778377135,-1.7362853711429727,-46.714606361319845,0.5236385092525928,478,,,,,,,,,,,,,,,,,,,,,,,,,,,,,,,,,,,,,,,,,,,,,,,,,,,,,,,,,,,,,,,,,,,,,,,,,,,,,,,,,,,,,,,,,,,,,,,,,,,,,,,,,,,,,,,,,,,,,,,,,,,,,,,,,,,,,,,,,,,,,,,,,,,,,,,,,,,,,,,,
532,PVC,HT,#7,#4,DIESEL_1,1.2650856878709333,1.5216170767069022,48.14004877505332,-0.9870173743678664,-0.1973119507105164,-33.43469950391196,0.30547017806018156,,,,,,,,,,,,,,,,,,,,,,,,,,,,,,,,,,,,,,,,,,,,PE,LT,#7,#4,WAX_1,1.5048151622089383,4.331465121424717,98.17100729328367,-0.6216798236149016,-1.7911692744613015,-47.13195145104948,0.5198994820309438,479,,,,,,,,,,,,,,,,,,,,,,,,,,,,,,,,,,,,,,,,,,,,,,,,,,,,,,,,,,,,,,,,,,,,,,,,,,,,,,,,,,,,,,,,,,,,,,,,,,,,,,,,,,,,,,,,,,,,,,,,,,,,,,,,,,,,,,,,,,,,,,,,,,,,,,,,,,,,,,,,
533,PVC,HT,#7,#5,FT_1,1.4679451290679746,1.4122177442111656,57.61171757505331,-1.048866600820022,0.16348076452149032,-38.101858372024076,0.3386439430071302,,,,,,,,,,,,,,,,,,,,,,,,,,,,,,,,,,,,,,,,,,,,PE,LT,#7,#5,WAX_1,1.5759136224761807,4.537512903766621,101.39289454128367,-0.6733952090281936,-1.9838533967971754,-49.481336102009934,0.511984184632752,480,,,,,,,,,,,,,,,,,,,,,,,,,,,,,,,,,,,,,,,,,,,,,,,,,,,,,,,,,,,,,,,,,,,,,,,,,,,,,,,,,,,,,,,,,,,,,,,,,,,,,,,,,,,,,,,,,,,,,,,,,,,,,,,,,,,,,,,,,,,,,,,,,,,,,,,,,,,,,,,,
534,PVC,HT,#7,#6,DIESEL_1,1.0417415869718534,0.8467486535798,39.008315082428496,-0.7366807644628388,0.5702347743389424,-23.75139770917873,0.39111962003512246,,,,,,,,,,,,,,,,,,,,,,,,,,,,,,,,,,,,,,,,,,,,PE,LT,#7,#6,WAX_1,1.4453404099098597,4.0918619117495965,95.28587539730394,-0.5656120814387533,-1.557323984323117,-44.15552365990757,0.5365994857496275,481,,,,,,,,,,,,,,,,,,,,,,,,,,,,,,,,,,,,,,,,,,,,,,,,,,,,,,,,,,,,,,,,,,,,,,,,,,,,,,,,,,,,,,,,,,,,,,,,,,,,,,,,,,,,,,,,,,,,,,,,,,,,,,,,,,,,,,,,,,,,,,,,,,,,,,,,,,,,,,,,
535,PVC,HT,#7,#7,DIESEL_1,1.1178963406178386,1.0564481297904535,42.498880456016074,-0.8094415647115089,0.36188565285141067,-27.55452702498637,0.3516411084404037,,,,,,,,,,,,,,,,,,,,,,,,,,,,,,,,,,,,,,,,,,,,PE,LT,#7,#7,WAX_1,1.4928718753294894,4.319507288295192,97.9802277038249,-0.6072962872587835,-1.7679680190161406,-46.54176401571217,0.5249882031668793,482,,,,,,,,,,,,,,,,,,,,,,,,,,,,,,,,,,,,,,,,,,,,,,,,,,,,,,,,,,,,,,,,,,,,,,,,,,,,,,,,,,,,,,,,,,,,,,,,,,,,,,,,,,,,,,,,,,,,,,,,,,,,,,,,,,,,,,,,,,,,,,,,,,,,,,,,,,,,,,,,
536,PVC,HT,#7,#8,DIESEL_1,1.184588098375845,1.0130669181510457,44.07384172204807,-0.8734832887566574,0.4035632093782972,-29.204652386319065,0.33736993996351927,,,,,,,,,,,,,,,,,,,,,,,,,,,,,,,,,,,,,,,,,,,,PE,LT,#7,#8,WAX_1,1.5428318582264096,4.421960872607486,99.19172800985692,-0.6562977128163138,-1.8805622493076533,-47.646046853027954,0.519657053980416,483,,,,,,,,,,,,,,,,,,,,,,,,,,,,,,,,,,,,,,,,,,,,,,,,,,,,,,,,,,,,,,,,,,,,,,,,,,,,,,,,,,,,,,,,,,,,,,,,,,,,,,,,,,,,,,,,,,,,,,,,,,,,,,,,,,,,,,,,,,,,,,,,,,,,,,,,,,,,,,,,
537,PVC,HT,#7,#9,DIESEL_1,1.1272706384779236,1.1198938025021943,43.6746741261024,-0.8175725782821461,0.3145990214675686,-28.540297204470352,0.34652523972896476,,,,,,,,,,,,,,,,,,,,,,,,,,,,,,,,,,,,,,,,,,,,PE,LT,#7,#9,WAX_1,1.4869693896540088,4.259708732715249,97.79265277244572,-0.6003690587653301,-1.7063115513377005,-46.44763193845037,0.5250396566444553,484,,,,,,,,,,,,,,,,,,,,,,,,,,,,,,,,,,,,,,,,,,,,,,,,,,,,,,,,,,,,,,,,,,,,,,,,,,,,,,,,,,,,,,,,,,,,,,,,,,,,,,,,,,,,,,,,,,,,,,,,,,,,,,,,,,,,,,,,,,,,,,,,,,,,,,,,,,,,,,,,
538,PVC,HT,#7,#10,DIESEL_1,1.1989607854134587,1.034189941395768,45.499953672016076,-0.8893122382395097,0.36459950120126994,-30.678693424721896,0.32574231512700924,,,,,,,,,,,,,,,,,,,,,,,,,,,,,,,,,,,,,,,,,,,,PE,LT,#7,#10,WAX_1,1.5663232836390273,4.41406544540696,99.34150283982488,-0.6804939061032164,-1.8711382818544977,-48.22616195935674,0.5145416509641989,485,,,,,,,,,,,,,,,,,,,,,,,,,,,,,,,,,,,,,,,,,,,,,,,,,,,,,,,,,,,,,,,,,,,,,,,,,,,,,,,,,,,,,,,,,,,,,,,,,,,,,,,,,,,,,,,,,,,,,,,,,,,,,,,,,,,,,,,,,,,,,,,,,,,,,,,,,,,,,,,,
539,PVC,HT,#7,#11,DIESEL_1,1.259133842426879,1.0449292498955254,47.131321082048075,-0.9480747787688774,0.3709020088344465,-32.37973733040326,0.31298897236435763,,,,,,,,,,,,,,,,,,,,,,,,,,,,,,,,,,,,,,,,,,,,PE,LT,#7,#11,WAX_1,1.5762757620041719,4.472932281537439,99.7026546498569,-0.6920588949164341,-1.933164975124989,-48.723093165752104,0.5113159891593514,486,,,,,,,,,,,,,,,,,,,,,,,,,,,,,,,,,,,,,,,,,,,,,,,,,,,,,,,,,,,,,,,,,,,,,,,,,,,,,,,,,,,,,,,,,,,,,,,,,,,,,,,,,,,,,,,,,,,,,,,,,,,,,,,,,,,,,,,,,,,,,,,,,,,,,,,,,,,,,,,,
540,PVC,HT,#8,#1,Aromatics,1.0528801131292687,0.9666696715545737,25.105712576408106,-0.8211775807759063,0.45581545985153943,-10.780499736993377,0.5705957477134571,,,,,,,,,,,,,,,,,,,,,,,,,,,,,,,,,,,,,,,,,,,,PE,HT,#4,-,MeOH_1,1.5224977923938474,7.1800914628104975,126.97420121226847,-0.3471866934251398,-4.44356139004499,-78.53346373842669,0.38150062777604105,487,,,,,,,,,,,,,,,,,,,,,,,,,,,,,,,,,,,,,,,,,,,,,,,,,,,,,,,,,,,,,,,,,,,,,,,,,,,,,,,,,,,,,,,,,,,,,,,,,,,,,,,,,,,,,,,,,,,,,,,,,,,,,,,,,,,,,,,,,,,,,,,,,,,,,,,,,,,,,,,,
541,PVC,HT,#8,#2,Aromatics,1.2720058361624207,0.8484994261444394,35.57952473640811,-0.9137557134167443,0.7524925261529486,-16.206020155968826,0.544512742201264,,,,,,,,,,,,,,,,,,,,,,,,,,,,,,,,,,,,,,,,,,,,PE,HT,#5,-,FT_1,1.6495161432023162,8.485126528320787,131.0738728783005,-0.5146211435062298,-5.78387573350405,-80.61265919450277,0.3849830067251463,488,,,,,,,,,,,,,,,,,,,,,,,,,,,,,,,,,,,,,,,,,,,,,,,,,,,,,,,,,,,,,,,,,,,,,,,,,,,,,,,,,,,,,,,,,,,,,,,,,,,,,,,,,,,,,,,,,,,,,,,,,,,,,,,,,,,,,,,,,,,,,,,,,,,,,,,,,,,,,,,,
542,PVC,HT,#8,#3,Aromatics,1.0390688188336628,0.49570070098020763,22.799301615651498,-0.7905459952016632,0.9510461247300971,-7.923903128078426,0.6524497433448249,,,,,,,,,,,,,,,,,,,,,,,,,,,,,,,,,,,,,,,,,,,,PE,HT,#10,-,MeOH_1,1.5127774189692196,7.10350915510747,126.1101818521959,-0.3369901037350375,-4.367540553572752,-76.25923437150924,0.39529676944810965,489,,,,,,,,,,,,,,,,,,,,,,,,,,,,,,,,,,,,,,,,,,,,,,,,,,,,,,,,,,,,,,,,,,,,,,,,,,,,,,,,,,,,,,,,,,,,,,,,,,,,,,,,,,,,,,,,,,,,,,,,,,,,,,,,,,,,,,,,,,,,,,,,,,,,,,,,,,,,,,,,
543,PVC,HT,#8,#4,Aromatics,1.1625217468551976,0.9562652293300441,30.352462976408106,-0.9429945142713928,0.3841619013660672,-16.165790950813946,0.4673977211213784,,,,,,,,,,,,,,,,,,,,,,,,,,,,,,,,,,,,,,,,,,,,PE,HT,#11,-,FT_1,1.7046820452684535,8.655664319491857,135.30289191822789,-0.522702718980593,-6.01308580778187,-86.89116955304505,0.3578025693230646,490,,,,,,,,,,,,,,,,,,,,,,,,,,,,,,,,,,,,,,,,,,,,,,,,,,,,,,,,,,,,,,,,,,,,,,,,,,,,,,,,,,,,,,,,,,,,,,,,,,,,,,,,,,,,,,,,,,,,,,,,,,,,,,,,,,,,,,,,,,,,,,,,,,,,,,,,,,,,,,,,
544,PVC,HT,#8,#5,Aromatics,1.3653811880522406,0.8468658968343082,39.82413177640811,-1.00484374072355,0.7449546165980733,-20.832949818926078,0.47687623333780865,,,,,,,,,,,,,,,,,,,,,,,,,,,,,,,,,,,,,,,,,,,,PE,LT,#1,-,WAX_1,1.2566929307432593,2.7808250501567335,81.45959605472005,-0.36711658242851614,-0.16092809277284562,-29.25657656747166,0.6408455481682145,491,,,,,,,,,,,,,,,,,,,,,,,,,,,,,,,,,,,,,,,,,,,,,,,,,,,,,,,,,,,,,,,,,,,,,,,,,,,,,,,,,,,,,,,,,,,,,,,,,,,,,,,,,,,,,,,,,,,,,,,,,,,,,,,,,,,,,,,,,,,,,,,,,,,,,,,,,,,,,,,,
545,PVC,HT,#8,#6,Aromatics,0.9391776459561174,0.2813968062029427,21.22072928378329,-0.6926579043663651,1.1517086264155252,-6.482489156080726,0.6945209059787313,,,,,,,,,,,,,,,,,,,,,,,,,,,,,,,,,,,,,,,,,,,,PE,LT,#2,-,WAX_1,1.316840684527177,3.00387803106357,82.73784407563205,-0.45071939931537097,-0.443847615778234,-31.1525606649026,0.6234786993431262,492,,,,,,,,,,,,,,,,,,,,,,,,,,,,,,,,,,,,,,,,,,,,,,,,,,,,,,,,,,,,,,,,,,,,,,,,,,,,,,,,,,,,,,,,,,,,,,,,,,,,,,,,,,,,,,,,,,,,,,,,,,,,,,,,,,,,,,,,,,,,,,,,,,,,,,,,,,,,,,,,
546,PVC,HT,#8,#7,Aromatics,1.015332399602103,0.49109628241359604,24.711294657370868,-0.7654187046150355,0.9433595049279937,-10.285618471888366,0.5837685311716203,,,,,,,,,,,,,,,,,,,,,,,,,,,,,,,,,,,,,,,,,,,,PE,LT,#4,-,WAX_1,1.4037332911712512,3.7805366290039224,94.47231832960004,-0.5106679885166877,-1.2089682159680206,-42.97114591965794,0.5451456397022255,493,,,,,,,,,,,,,,,,,,,,,,,,,,,,,,,,,,,,,,,,,,,,,,,,,,,,,,,,,,,,,,,,,,,,,,,,,,,,,,,,,,,,,,,,,,,,,,,,,,,,,,,,,,,,,,,,,,,,,,,,,,,,,,,,,,,,,,,,,,,,,,,,,,,,,,,,,,,,,,,,
547,PVC,HT,#8,#8,Aromatics,1.08202415736011,0.44771507077418804,26.286255923402866,-0.8294604286601845,0.9850370614548803,-11.935743833221059,0.5459321453766046,,,,,,,,,,,,,,,,,,,,,,,,,,,,,,,,,,,,,,,,,,,,PE,LT,#5,-,DIESEL_1,1.4559377877200776,4.195153007433672,95.59720551563206,-0.7217013899632785,-1.7339733602459186,-64.68187493085883,0.3233915721492293,494,,,,,,,,,,,,,,,,,,,,,,,,,,,,,,,,,,,,,,,,,,,,,,,,,,,,,,,,,,,,,,,,,,,,,,,,,,,,,,,,,,,,,,,,,,,,,,,,,,,,,,,,,,,,,,,,,,,,,,,,,,,,,,,,,,,,,,,,,,,,,,,,,,,,,,,,,,,,,,,,
548,PVC,HT,#8,#9,Aromatics,1.0247066974621877,0.554541955125337,25.887088327457196,-0.7735497181856726,0.8960728735441517,-11.271388651372343,0.5645941904011923,,,,,,,,,,,,,,,,,,,,,,,,,,,,,,,,,,,,,,,,,,,,PE,LT,#7,-,WAX_1,1.2804768492522087,2.9822981157542467,83.98328895080773,-0.3875617380405133,-0.3521811258331972,-31.564373731521673,0.6241588758209964,495,,,,,,,,,,,,,,,,,,,,,,,,,,,,,,,,,,,,,,,,,,,,,,,,,,,,,,,,,,,,,,,,,,,,,,,,,,,,,,,,,,,,,,,,,,,,,,,,,,,,,,,,,,,,,,,,,,,,,,,,,,,,,,,,,,,,,,,,,,,,,,,,,,,,,,,,,,,,,,,,
549,PVC,HT,#8,#10,Aromatics,1.0963968443977234,0.4688380940189105,27.712367873370866,-0.8452893781430365,0.9460733532778531,-13.409784871623883,0.5161082974613115,,,,,,,,,,,,,,,,,,,,,,,,,,,,,,,,,,,,,,,,,,,,PE,LT,#8,-,WAX_1,1.373322715586907,3.302213864061966,87.65917103080774,-0.48882746895358564,-0.7540140737603337,-36.88970926715588,0.5791688555417547,496,,,,,,,,,,,,,,,,,,,,,,,,,,,,,,,,,,,,,,,,,,,,,,,,,,,,,,,,,,,,,,,,,,,,,,,,,,,,,,,,,,,,,,,,,,,,,,,,,,,,,,,,,,,,,,,,,,,,,,,,,,,,,,,,,,,,,,,,,,,,,,,,,,,,,,,,,,,,,,,,
550,PVC,HT,#8,#11,Aromatics,1.1565699014111428,0.4795774025186679,29.343735283402868,-0.9040519186724035,0.9523758609110295,-15.110828777305255,0.48504072057070036,,,,,,,,,,,,,,,,,,,,,,,,,,,,,,,,,,,,,,,,,,,,PE,LT,#9,-,WAX_1,1.2839920044331075,2.6945335506692563,82.61166088938236,-0.3902151307791816,-0.0044710369894912835,-28.541923132805657,0.6545049109831661,497,,,,,,,,,,,,,,,,,,,,,,,,,,,,,,,,,,,,,,,,,,,,,,,,,,,,,,,,,,,,,,,,,,,,,,,,,,,,,,,,,,,,,,,,,,,,,,,,,,,,,,,,,,,,,,,,,,,,,,,,,,,,,,,,,,,,,,,,,,,,,,,,,,,,,,,,,,,,,,,,
551,PVC,HT,#9,#1,Aromatics,1.1363801554456743,1.2269786447579256,27.41593541880811,-0.9130521168785228,0.2364599256132102,-12.833664989645944,0.5318903114703981,,,,,,,,,,,,,,,,,,,,,,,,,,,,,,,,,,,,,,,,,,,,PE,LT,#10,-,WAX_1,1.4272723571236259,3.9695157017007756,97.05319999080774,-0.5290758912993693,-1.3899203299521226,-45.3729698926487,0.5324938291890825,498,,,,,,,,,,,,,,,,,,,,,,,,,,,,,,,,,,,,,,,,,,,,,,,,,,,,,,,,,,,,,,,,,,,,,,,,,,,,,,,,,,,,,,,,,,,,,,,,,,,,,,,,,,,,,,,,,,,,,,,,,,,,,,,,,,,,,,,,,,,,,,,,,,,,,,,,,,,,,,,,
552,PVC,HT,#9,#2,Aromatics,1.355505878478826,1.1088083993477913,37.889747578808105,-1.0056302495193605,0.5331369919146192,-18.25918540862138,0.5180969371557962,,,,,,,,,,,,,,,,,,,,,,,,,,,,,,,,,,,,,,,,,,,,PE,LT,#11,-,WAX_1,1.4829868535609678,4.424915709540558,99.24744991080775,-0.5959412521144684,-1.8836347936435658,-48.035731567960035,0.5160003444811019,499,,,,,,,,,,,,,,,,,,,,,,,,,,,,,,,,,,,,,,,,,,,,,,,,,,,,,,,,,,,,,,,,,,,,,,,,,,,,,,,,,,,,,,,,,,,,,,,,,,,,,,,,,,,,,,,,,,,,,,,,,,,,,,,,,,,,,,,,,,,,,,,,,,,,,,,,,,,,,,,,
553,PVC,HT,#9,#3,Aromatics,1.1225688611500677,0.7560096741835597,25.1095244580515,-0.8824205313042792,0.7316905904917675,-9.977068380730993,0.6026580114092207,,,,,,,,,,,,,,,,,,,,,,,,,,,,,,,,,,,,,,,,,,,,PE,SG,#5,-,FT_1,1.5653878796052947,10.906449874190505,148.67836085110105,-0.523464234261085,-8.394800393930478,-105.42186198940077,0.2909401113523235,,,,,,,,,,,,,,,,,,,,,,,,,,,,,,,,,,,,,,,,,,,,,,,,,,,,,,,,,,,,,,,,,,,,,,,,,,,,,,,,,,,,,,,,,,,,,,,,,,,,,,,,,,,,,,,,,,,,,,,,,,,,,,,,,,,,,,,,,,,,,,,,,,,,,,,,,,,,,,,,,
554,PVC,HT,#9,#4,Aromatics,1.246021789171603,1.2165742025333963,32.662685818808114,-1.0348690503740092,0.16480636712773755,-18.21895620346651,0.4422088769878344,,,,,,,,,,,,,,,,,,,,,,,,,,,,,,,,,,,,,,,,,,,,PE,SG,#10,-,FT_1,1.592130383258518,11.038806485766504,151.25420265482018,-0.5460087120856256,-8.451490998443832,-107.48688580159421,0.2893626496653988,,,,,,,,,,,,,,,,,,,,,,,,,,,,,,,,,,,,,,,,,,,,,,,,,,,,,,,,,,,,,,,,,,,,,,,,,,,,,,,,,,,,,,,,,,,,,,,,,,,,,,,,,,,,,,,,,,,,,,,,,,,,,,,,,,,,,,,,,,,,,,,,,,,,,,,,,,,,,,,,,
555,PVC,HT,#9,#5,Aromatics,1.4488812303686447,1.1071748700376602,42.13435461880811,-1.096718276826165,0.525599082359744,-22.886115071578633,0.4568300552214312,,,,,,,,,,,,,,,,,,,,,,,,,,,,,,,,,,,,,,,,,,,,PE,OG,#2,-,FT_1,1.50317997792803,2.7660592030781896,84.60905728,-0.5522144884922106,-0.3778201366033551,-46.49129603688072,0.4505163214025032,,,,,,,,,,,,,,,,,,,,,,,,,,,,,,,,,,,,,,,,,,,,,,,,,,,,,,,,,,,,,,,,,,,,,,,,,,,,,,,,,,,,,,,,,,,,,,,,,,,,,,,,,,,,,,,,,,,,,,,,,,,,,,,,,,,,,,,,,,,,,,,,,,,,,,,,,,,,,,,,,
556,PVC,HT,#9,#6,Aromatics,1.0226776882725228,0.5417057794062947,23.530952126183294,-0.7845324404689814,0.9323530921771959,-8.53565440873329,0.6372584346370107,,,,,,,,,,,,,,,,,,,,,,,,,,,,,,,,,,,,,,,,,,,,PE,OG,#4,-,MeOH_1,1.0895105051602503,5.79760161929218,90.61194559999998,-0.5836953137499223,-3.4649881266699083,-63.418380811711714,0.30011015223458887,,,,,,,,,,,,,,,,,,,,,,,,,,,,,,,,,,,,,,,,,,,,,,,,,,,,,,,,,,,,,,,,,,,,,,,,,,,,,,,,,,,,,,,,,,,,,,,,,,,,,,,,,,,,,,,,,,,,,,,,,,,,,,,,,,,,,,,,,,,,,,,,,,,,,,,,,,,,,,,,,
557,PVC,HT,#9,#7,Aromatics,1.0988324419185083,0.751405255616948,27.02151749977087,-0.8572932407176516,0.7240039706896644,-12.338783724540932,0.5433719174119085,,,,,,,,,,,,,,,,,,,,,,,,,,,,,,,,,,,,,,,,,,,,PE,OG,#5,-,FT_1,1.8458165637340918,6.207076076578983,123.71772768,-0.8823935698465575,-3.797380851198961,-85.15009336958218,0.31173894827889403,,,,,,,,,,,,,,,,,,,,,,,,,,,,,,,,,,,,,,,,,,,,,,,,,,,,,,,,,,,,,,,,,,,,,,,,,,,,,,,,,,,,,,,,,,,,,,,,,,,,,,,,,,,,,,,,,,,,,,,,,,,,,,,,,,,,,,,,,,,,,,,,,,,,,,,,,,,,,,,,,
558,PVC,HT,#9,#8,Aromatics,1.1655241996765147,0.70802404397754,28.596478765802875,-0.9213349647628002,0.765681527216551,-13.988909085873622,0.5108170764506057,,,,,,,,,,,,,,,,,,,,,,,,,,,,,,,,,,,,,,,,,,,,PE,OG,#9,-,MeOH_1,1.0487918367945217,5.040963443490506,93.24176650592051,-0.44691291536780675,-2.655659649888498,-68.08235065921103,0.26982989264914836,,,,,,,,,,,,,,,,,,,,,,,,,,,,,,,,,,,,,,,,,,,,,,,,,,,,,,,,,,,,,,,,,,,,,,,,,,,,,,,,,,,,,,,,,,,,,,,,,,,,,,,,,,,,,,,,,,,,,,,,,,,,,,,,,,,,,,,,,,,,,,,,,,,,,,,,,,,,,,,,,
559,PVC,HT,#9,#9,Aromatics,1.1082067397785929,0.8148509283286889,28.19731116985719,-0.8654242542882885,0.6767173393058222,-13.324553904024905,0.527453031824226,,,,,,,,,,,,,,,,,,,,,,,,,,,,,,,,,,,,,,,,,,,,PE,OG,#10,-,FT_1,1.2352060774560796,5.642149047314839,98.65712570592052,-0.4986278413670031,-3.3153403369418175,-70.40182413514394,0.28639899417909925,,,,,,,,,,,,,,,,,,,,,,,,,,,,,,,,,,,,,,,,,,,,,,,,,,,,,,,,,,,,,,,,,,,,,,,,,,,,,,,,,,,,,,,,,,,,,,,,,,,,,,,,,,,,,,,,,,,,,,,,,,,,,,,,,,,,,,,,,,,,,,,,,,,,,,,,,,,,,,,,,
560,PVC,HT,#9,#10,Aromatics,1.1798968867141284,0.7291470672222625,30.022590715770868,-0.9371639142456523,0.7267178190395239,-15.462950124276452,0.4849561694836094,,,,,,,,,,,,,,,,,,,,,,,,,,,,,,,,,,,,,,,,,,,,,,,,,,,,,,,,,,,,,,,,,,,,,,,,,,,,,,,,,,,,,,,,,,,,,,,,,,,,,,,,,,,,,,,,,,,,,,,,,,,,,,,,,,,,,,,,,,,,,,,,,,,,,,,,,,,,,,,,,,,,,,,,,,,,,,,,,,,,,,,,,,,,,,,,,,,,,,,,,,,,,,,,,,,,,,,,
561,PVC,HT,#9,#11,Aromatics,1.2400699437275473,0.73988637572202,31.653958125802873,-0.9959264547750187,0.7330203266727,-17.163994029957824,0.45776152348017063,,,,,,,,,,,,,,,,,,,,,,,,,,,,,,,,,,,,,,,,,,,,,,,,,,,,,,,,,,,,,,,,,,,,,,,,,,,,,,,,,,,,,,,,,,,,,,,,,,,,,,,,,,,,,,,,,,,,,,,,,,,,,,,,,,,,,,,,,,,,,,,,,,,,,,,,,,,,,,,,,,,,,,,,,,,,,,,,,,,,,,,,,,,,,,,,,,,,,,,,,,,,,,,,,,,,,,,,
562,PVC,LT,#1,#1,GASOLINE_1,0.830122733435954,1.32176183274269,29.595082910352236,-0.542977410804647,-0.0011413565887074173,-13.620113130529957,0.5397845928735108,,,,,,,,,,,,,,,,,,,,,,,,,,,,,,,,,,,,,,,,,,,,,,,,,,,,,,,,,,,,,,,,,,,,,,,,,,,,,,,,,,,,,,,,,,,,,,,,,,,,,,,,,,,,,,,,,,,,,,,,,,,,,,,,,,,,,,,,,,,,,,,,,,,,,,,,,,,,,,,,,,,,,,,,,,,,,,,,,,,,,,,,,,,,,,,,,,,,,,,,,,,,,,,,,,,,,,,,
563,PVC,LT,#1,#2,GASOLINE_1,1.076289810234754,1.1783127307473973,43.01261219035223,-0.6209383742606951,0.38180294783435387,-20.186189962913648,0.5306913731819005,,,,,,,,,,,,,,,,,,,,,,,,,,,,,,,,,,,,,,,,,,,,,,,,,,,,,,,,,,,,,,,,,,,,,,,,,,,,,,,,,,,,,,,,,,,,,,,,,,,,,,,,,,,,,,,,,,,,,,,,,,,,,,,,,,,,,,,,,,,,,,,,,,,,,,,,,,,,,,,,,,,,,,,,,,,,,,,,,,,,,,,,,,,,,,,,,,,,,,,,,,,,,,,,,,,,,,,,
564,PVC,LT,#1,#3,GASOLINE_1,0.7984256118911112,0.7280481624560166,27.16236562856319,-0.4901227203706533,0.608781497039978,-10.816790089303183,0.6017729001509152,,,,,,,,,,,,,,,,,,,,,,,,,,,,,,,,,,,,,,,,,,,,,,,,,,,,,,,,,,,,,,,,,,,,,,,,,,,,,,,,,,,,,,,,,,,,,,,,,,,,,,,,,,,,,,,,,,,,,,,,,,,,,,,,,,,,,,,,,,,,,,,,,,,,,,,,,,,,,,,,,,,,,,,,,,,,,,,,,,,,,,,,,,,,,,,,,,,,,,,,,,,,,,,,,,,,,,,,
565,PVC,LT,#1,#4,GASOLINE_1,0.9238024511770666,1.3416944235134405,35.88671459035223,-0.6536902472689986,-0.0981666839523527,-20.783929050396868,0.4208461463344874,,,,,,,,,,,,,,,,,,,,,,,,,,,,,,,,,,,,,,,,,,,,,,,,,,,,,,,,,,,,,,,,,,,,,,,,,,,,,,,,,,,,,,,,,,,,,,,,,,,,,,,,,,,,,,,,,,,,,,,,,,,,,,,,,,,,,,,,,,,,,,,,,,,,,,,,,,,,,,,,,,,,,,,,,,,,,,,,,,,,,,,,,,,,,,,,,,,,,,,,,,,,,,,,,,,,,,,,
566,PVC,LT,#1,#5,GASOLINE_1,1.0155836302950039,0.8853839979045668,38.35058979035224,-0.5557907872954072,0.6666001905223982,-15.837566180089375,0.5870320048096471,,,,,,,,,,,,,,,,,,,,,,,,,,,,,,,,,,,,,,,,,,,,,,,,,,,,,,,,,,,,,,,,,,,,,,,,,,,,,,,,,,,,,,,,,,,,,,,,,,,,,,,,,,,,,,,,,,,,,,,,,,,,,,,,,,,,,,,,,,,,,,,,,,,,,,,,,,,,,,,,,,,,,,,,,,,,,,,,,,,,,,,,,,,,,,,,,,,,,,,,,,,,,,,,,,,,,,,,
567,PVC,LT,#1,#6,GASOLINE_1,0.7142351270900961,0.46722970008248954,24.953856637896738,-0.4071551062473647,0.8404137110910952,-8.533281352279301,0.6580375740670066,,,,,,,,,,,,,,,,,,,,,,,,,,,,,,,,,,,,,,,,,,,,,,,,,,,,,,,,,,,,,,,,,,,,,,,,,,,,,,,,,,,,,,,,,,,,,,,,,,,,,,,,,,,,,,,,,,,,,,,,,,,,,,,,,,,,,,,,,,,,,,,,,,,,,,,,,,,,,,,,,,,,,,,,,,,,,,,,,,,,,,,,,,,,,,,,,,,,,,,,,,,,,,,,,,,,,,,,
568,PVC,LT,#1,#7,GASOLINE_1,0.7878060574811263,0.7736410244828286,29.117259774594,-0.4817329615737012,0.5417496303236804,-13.269619194136858,0.5442696429244642,,,,,,,,,,,,,,,,,,,,,,,,,,,,,,,,,,,,,,,,,,,,,,,,,,,,,,,,,,,,,,,,,,,,,,,,,,,,,,,,,,,,,,,,,,,,,,,,,,,,,,,,,,,,,,,,,,,,,,,,,,,,,,,,,,,,,,,,,,,,,,,,,,,,,,,,,,,,,,,,,,,,,,,,,,,,,,,,,,,,,,,,,,,,,,,,,,,,,,,,,,,,,,,,,,,,,,,,
569,PVC,LT,#1,#8,GASOLINE_1,0.8308638678787031,0.685505425675236,30.242116080626,-0.5175276252248474,0.6134704354278033,-14.787268192837915,0.5110372517116591,,,,,,,,,,,,,,,,,,,,,,,,,,,,,,,,,,,,,,,,,,,,,,,,,,,,,,,,,,,,,,,,,,,,,,,,,,,,,,,,,,,,,,,,,,,,,,,,,,,,,,,,,,,,,,,,,,,,,,,,,,,,,,,,,,,,,,,,,,,,,,,,,,,,,,,,,,,,,,,,,,,,,,,,,,,,,,,,,,,,,,,,,,,,,,,,,,,,,,,,,,,,,,,,,,,,,,,,
570,PVC,LT,#1,#9,GASOLINE_1,0.7839172755868967,0.8032663906243165,30.78053111971832,-0.47417087731995955,0.5305139919945936,-14.667442855470275,0.523483113451731,,,,,,,,,,,,,,,,,,,,,,,,,,,,,,,,,,,,,,,,,,,,,,,,,,,,,,,,,,,,,,,,,,,,,,,,,,,,,,,,,,,,,,,,,,,,,,,,,,,,,,,,,,,,,,,,,,,,,,,,,,,,,,,,,,,,,,,,,,,,,,,,,,,,,,,,,,,,,,,,,,,,,,,,,,,,,,,,,,,,,,,,,,,,,,,,,,,,,,,,,,,,,,,,,,,,,,,,
571,PVC,LT,#1,#10,GASOLINE_1,0.8388644207390588,0.6856739763821053,31.672386014594,-0.5299466825514139,0.5804129835907839,-16.07343586185864,0.49250947325369415,,,,,,,,,,,,,,,,,,,,,,,,,,,,,,,,,,,,,,,,,,,,,,,,,,,,,,,,,,,,,,,,,,,,,,,,,,,,,,,,,,,,,,,,,,,,,,,,,,,,,,,,,,,,,,,,,,,,,,,,,,,,,,,,,,,,,,,,,,,,,,,,,,,,,,,,,,,,,,,,,,,,,,,,,,,,,,,,,,,,,,,,,,,,,,,,,,,,,,,,,,,,,,,,,,,,,,,,
572,PVC,LT,#1,#11,GASOLINE_1,0.8590494419911988,0.688985017343494,32.147353056626,-0.5447395532302863,0.6052871096918913,-16.708651320961703,0.480247991443332,,,,,,,,,,,,,,,,,,,,,,,,,,,,,,,,,,,,,,,,,,,,,,,,,,,,,,,,,,,,,,,,,,,,,,,,,,,,,,,,,,,,,,,,,,,,,,,,,,,,,,,,,,,,,,,,,,,,,,,,,,,,,,,,,,,,,,,,,,,,,,,,,,,,,,,,,,,,,,,,,,,,,,,,,,,,,,,,,,,,,,,,,,,,,,,,,,,,,,,,,,,,,,,,,,,,,,,,
573,PVC,LT,#2,#1,GASOLINE_1,0.9277416697601671,1.4792457811803508,32.6021389508427,-0.6628942487768718,-0.04247423484520688,-16.522858289342462,0.49319710850090165,,,,,,,,,,,,,,,,,,,,,,,,,,,,,,,,,,,,,,,,,,,,,,,,,,,,,,,,,,,,,,,,,,,,,,,,,,,,,,,,,,,,,,,,,,,,,,,,,,,,,,,,,,,,,,,,,,,,,,,,,,,,,,,,,,,,,,,,,,,,,,,,,,,,,,,,,,,,,,,,,,,,,,,,,,,,,,,,,,,,,,,,,,,,,,,,,,,,,,,,,,,,,,,,,,,,,,,,
574,PVC,LT,#2,#2,FT_1,1.1739087465589688,1.335796679185058,46.0196682308427,-0.7408552122329216,0.3404700695778546,-23.088935121726152,0.49828114783644206,,,,,,,,,,,,,,,,,,,,,,,,,,,,,,,,,,,,,,,,,,,,,,,,,,,,,,,,,,,,,,,,,,,,,,,,,,,,,,,,,,,,,,,,,,,,,,,,,,,,,,,,,,,,,,,,,,,,,,,,,,,,,,,,,,,,,,,,,,,,,,,,,,,,,,,,,,,,,,,,,,,,,,,,,,,,,,,,,,,,,,,,,,,,,,,,,,,,,,,,,,,,,,,,,,,,,,,,
575,PVC,LT,#2,#3,GASOLINE_1,0.8960445482153248,0.8855321108936772,30.16942166905365,-0.6100395583428783,0.5674486187834786,-13.719535248115683,0.5452503067969472,,,,,,,,,,,,,,,,,,,,,,,,,,,,,,,,,,,,,,,,,,,,,,,,,,,,,,,,,,,,,,,,,,,,,,,,,,,,,,,,,,,,,,,,,,,,,,,,,,,,,,,,,,,,,,,,,,,,,,,,,,,,,,,,,,,,,,,,,,,,,,,,,,,,,,,,,,,,,,,,,,,,,,,,,,,,,,,,,,,,,,,,,,,,,,,,,,,,,,,,,,,,,,,,,,,,,,,,
576,PVC,LT,#2,#4,GASOLINE_1,1.0214213875012796,1.4991783719511012,38.8937706308427,-0.7736070852412228,-0.13949956220885218,-23.686674209209375,0.3909905410295735,,,,,,,,,,,,,,,,,,,,,,,,,,,,,,,,,,,,,,,,,,,,,,,,,,,,,,,,,,,,,,,,,,,,,,,,,,,,,,,,,,,,,,,,,,,,,,,,,,,,,,,,,,,,,,,,,,,,,,,,,,,,,,,,,,,,,,,,,,,,,,,,,,,,,,,,,,,,,,,,,,,,,,,,,,,,,,,,,,,,,,,,,,,,,,,,,,,,,,,,,,,,,,,,,,,,,,,,
577,PVC,LT,#2,#5,FT_1,1.1132025666192173,1.0428679463422277,41.35764583084269,-0.6757076252676318,0.6252673122658986,-18.740311338901872,0.546871903310169,,,,,,,,,,,,,,,,,,,,,,,,,,,,,,,,,,,,,,,,,,,,,,,,,,,,,,,,,,,,,,,,,,,,,,,,,,,,,,,,,,,,,,,,,,,,,,,,,,,,,,,,,,,,,,,,,,,,,,,,,,,,,,,,,,,,,,,,,,,,,,,,,,,,,,,,,,,,,,,,,,,,,,,,,,,,,,,,,,,,,,,,,,,,,,,,,,,,,,,,,,,,,,,,,,,,,,,,
578,PVC,LT,#2,#6,Olefin,0.8118540634143092,0.6247136485201503,27.960912678387206,-0.5270719442195893,0.7990808328345957,-11.436026511091809,0.5909995269957175,,,,,,,,,,,,,,,,,,,,,,,,,,,,,,,,,,,,,,,,,,,,,,,,,,,,,,,,,,,,,,,,,,,,,,,,,,,,,,,,,,,,,,,,,,,,,,,,,,,,,,,,,,,,,,,,,,,,,,,,,,,,,,,,,,,,,,,,,,,,,,,,,,,,,,,,,,,,,,,,,,,,,,,,,,,,,,,,,,,,,,,,,,,,,,,,,,,,,,,,,,,,,,,,,,,,,,,,
579,PVC,LT,#2,#7,GASOLINE_1,0.8854249938053395,0.9311249729204893,32.12431581508447,-0.6016497995459258,0.5004167520671808,-16.172364352949366,0.49656937610620233,,,,,,,,,,,,,,,,,,,,,,,,,,,,,,,,,,,,,,,,,,,,,,,,,,,,,,,,,,,,,,,,,,,,,,,,,,,,,,,,,,,,,,,,,,,,,,,,,,,,,,,,,,,,,,,,,,,,,,,,,,,,,,,,,,,,,,,,,,,,,,,,,,,,,,,,,,,,,,,,,,,,,,,,,,,,,,,,,,,,,,,,,,,,,,,,,,,,,,,,,,,,,,,,,,,,,,,,
580,PVC,LT,#2,#8,GASOLINE_1,0.9284828042029167,0.8429893741128967,33.249172121116466,-0.6374444631970724,0.5721375571713039,-17.690013351650418,0.4679562761078332,,,,,,,,,,,,,,,,,,,,,,,,,,,,,,,,,,,,,,,,,,,,,,,,,,,,,,,,,,,,,,,,,,,,,,,,,,,,,,,,,,,,,,,,,,,,,,,,,,,,,,,,,,,,,,,,,,,,,,,,,,,,,,,,,,,,,,,,,,,,,,,,,,,,,,,,,,,,,,,,,,,,,,,,,,,,,,,,,,,,,,,,,,,,,,,,,,,,,,,,,,,,,,,,,,,,,,,,
581,PVC,LT,#2,#9,GASOLINE_1,0.8815362119111104,0.9607503390619773,33.78758716020878,-0.5940877152921847,0.48918111373809403,-17.57018801428278,0.479980978488604,,,,,,,,,,,,,,,,,,,,,,,,,,,,,,,,,,,,,,,,,,,,,,,,,,,,,,,,,,,,,,,,,,,,,,,,,,,,,,,,,,,,,,,,,,,,,,,,,,,,,,,,,,,,,,,,,,,,,,,,,,,,,,,,,,,,,,,,,,,,,,,,,,,,,,,,,,,,,,,,,,,,,,,,,,,,,,,,,,,,,,,,,,,,,,,,,,,,,,,,,,,,,,,,,,,,,,,,
582,PVC,LT,#2,#10,GASOLINE_1,0.936483357063272,0.8431579248197658,34.679442055084465,-0.6498635205236386,0.5390801053342845,-18.976181020671145,0.45281181310444457,,,,,,,,,,,,,,,,,,,,,,,,,,,,,,,,,,,,,,,,,,,,,,,,,,,,,,,,,,,,,,,,,,,,,,,,,,,,,,,,,,,,,,,,,,,,,,,,,,,,,,,,,,,,,,,,,,,,,,,,,,,,,,,,,,,,,,,,,,,,,,,,,,,,,,,,,,,,,,,,,,,,,,,,,,,,,,,,,,,,,,,,,,,,,,,,,,,,,,,,,,,,,,,,,,,,,,,,
583,PVC,LT,#2,#11,GASOLINE_1,0.9566683783154136,0.8464689657811546,35.15440909711647,-0.6646563912025124,0.5639542314353918,-19.611396479774207,0.4421355106383276,,,,,,,,,,,,,,,,,,,,,,,,,,,,,,,,,,,,,,,,,,,,,,,,,,,,,,,,,,,,,,,,,,,,,,,,,,,,,,,,,,,,,,,,,,,,,,,,,,,,,,,,,,,,,,,,,,,,,,,,,,,,,,,,,,,,,,,,,,,,,,,,,,,,,,,,,,,,,,,,,,,,,,,,,,,,,,,,,,,,,,,,,,,,,,,,,,,,,,,,,,,,,,,,,,,,,,,,
584,PVC,LT,#3,#1,MeOH_1,0.9927042547440983,1.7020163989650132,36.7018492004863,-0.7034556478488663,-0.2956517868339577,-20.308268153910088,0.44666907536525424,,,,,,,,,,,,,,,,,,,,,,,,,,,,,,,,,,,,,,,,,,,,,,,,,,,,,,,,,,,,,,,,,,,,,,,,,,,,,,,,,,,,,,,,,,,,,,,,,,,,,,,,,,,,,,,,,,,,,,,,,,,,,,,,,,,,,,,,,,,,,,,,,,,,,,,,,,,,,,,,,,,,,,,,,,,,,,,,,,,,,,,,,,,,,,,,,,,,,,,,,,,,,,,,,,,,,,,,
585,PVC,LT,#3,#2,MeOH_1,1.2388713315428987,1.5585672969697204,50.1193784804863,-0.7814166113049148,0.08729251758910359,-26.87434498629379,0.46379333102150977,,,,,,,,,,,,,,,,,,,,,,,,,,,,,,,,,,,,,,,,,,,,,,,,,,,,,,,,,,,,,,,,,,,,,,,,,,,,,,,,,,,,,,,,,,,,,,,,,,,,,,,,,,,,,,,,,,,,,,,,,,,,,,,,,,,,,,,,,,,,,,,,,,,,,,,,,,,,,,,,,,,,,,,,,,,,,,,,,,,,,,,,,,,,,,,,,,,,,,,,,,,,,,,,,,,,,,,,
586,PVC,LT,#3,#3,MeOH_1,0.9610071331992559,1.1083027286783398,34.269131918697255,-0.650600957414873,0.3142710667947277,-17.504945112683316,0.48919204740250194,,,,,,,,,,,,,,,,,,,,,,,,,,,,,,,,,,,,,,,,,,,,,,,,,,,,,,,,,,,,,,,,,,,,,,,,,,,,,,,,,,,,,,,,,,,,,,,,,,,,,,,,,,,,,,,,,,,,,,,,,,,,,,,,,,,,,,,,,,,,,,,,,,,,,,,,,,,,,,,,,,,,,,,,,,,,,,,,,,,,,,,,,,,,,,,,,,,,,,,,,,,,,,,,,,,,,,,,
587,PVC,LT,#3,#4,MeOH_1,1.086383972485211,1.7219489897357636,42.993480880486295,-0.8141684843132176,-0.3926771141976029,-27.472084073776998,0.361017449362982,,,,,,,,,,,,,,,,,,,,,,,,,,,,,,,,,,,,,,,,,,,,,,,,,,,,,,,,,,,,,,,,,,,,,,,,,,,,,,,,,,,,,,,,,,,,,,,,,,,,,,,,,,,,,,,,,,,,,,,,,,,,,,,,,,,,,,,,,,,,,,,,,,,,,,,,,,,,,,,,,,,,,,,,,,,,,,,,,,,,,,,,,,,,,,,,,,,,,,,,,,,,,,,,,,,,,,,,
588,PVC,LT,#3,#5,FT_1,1.1781651516031484,1.26563856412689,45.457356080486285,-0.7162690243396266,0.3720897602771478,-22.5257212034695,0.5044647743351878,,,,,,,,,,,,,,,,,,,,,,,,,,,,,,,,,,,,,,,,,,,,,,,,,,,,,,,,,,,,,,,,,,,,,,,,,,,,,,,,,,,,,,,,,,,,,,,,,,,,,,,,,,,,,,,,,,,,,,,,,,,,,,,,,,,,,,,,,,,,,,,,,,,,,,,,,,,,,,,,,,,,,,,,,,,,,,,,,,,,,,,,,,,,,,,,,,,,,,,,,,,,,,,,,,,,,,,,
589,PVC,LT,#3,#6,MeOH_1,0.8768166483982407,0.8474842663048128,32.0606229280308,-0.5676333432915842,0.5459032808458449,-15.221436375659435,0.5252295499738642,,,,,,,,,,,,,,,,,,,,,,,,,,,,,,,,,,,,,,,,,,,,,,,,,,,,,,,,,,,,,,,,,,,,,,,,,,,,,,,,,,,,,,,,,,,,,,,,,,,,,,,,,,,,,,,,,,,,,,,,,,,,,,,,,,,,,,,,,,,,,,,,,,,,,,,,,,,,,,,,,,,,,,,,,,,,,,,,,,,,,,,,,,,,,,,,,,,,,,,,,,,,,,,,,,,,,,,,
590,PVC,LT,#3,#7,MeOH_1,0.9503875787892708,1.1538955907051518,36.224026064728065,-0.6422111986179206,0.24723920007842987,-19.957774217516988,0.4490459403420592,,,,,,,,,,,,,,,,,,,,,,,,,,,,,,,,,,,,,,,,,,,,,,,,,,,,,,,,,,,,,,,,,,,,,,,,,,,,,,,,,,,,,,,,,,,,,,,,,,,,,,,,,,,,,,,,,,,,,,,,,,,,,,,,,,,,,,,,,,,,,,,,,,,,,,,,,,,,,,,,,,,,,,,,,,,,,,,,,,,,,,,,,,,,,,,,,,,,,,,,,,,,,,,,,,,,,,,,
591,PVC,LT,#3,#8,MeOH_1,0.9934453891868481,1.0657599918975593,37.348882370760066,-0.6780058622690671,0.3189600051825529,-21.475423216218047,0.42500493045460275,,,,,,,,,,,,,,,,,,,,,,,,,,,,,,,,,,,,,,,,,,,,,,,,,,,,,,,,,,,,,,,,,,,,,,,,,,,,,,,,,,,,,,,,,,,,,,,,,,,,,,,,,,,,,,,,,,,,,,,,,,,,,,,,,,,,,,,,,,,,,,,,,,,,,,,,,,,,,,,,,,,,,,,,,,,,,,,,,,,,,,,,,,,,,,,,,,,,,,,,,,,,,,,,,,,,,,,,
592,PVC,LT,#3,#9,MeOH_1,0.9464987968950419,1.1835209568466398,37.88729740985238,-0.6346491143641797,0.23600356174934312,-21.3555978788504,0.43633884339037077,,,,,,,,,,,,,,,,,,,,,,,,,,,,,,,,,,,,,,,,,,,,,,,,,,,,,,,,,,,,,,,,,,,,,,,,,,,,,,,,,,,,,,,,,,,,,,,,,,,,,,,,,,,,,,,,,,,,,,,,,,,,,,,,,,,,,,,,,,,,,,,,,,,,,,,,,,,,,,,,,,,,,,,,,,,,,,,,,,,,,,,,,,,,,,,,,,,,,,,,,,,,,,,,,,,,,,,,
593,PVC,LT,#3,#10,MeOH_1,1.0014459420472035,1.0659285426044285,38.779152304728065,-0.6904249195956335,0.2859025533455336,-22.761590885238768,0.41304568221663757,,,,,,,,,,,,,,,,,,,,,,,,,,,,,,,,,,,,,,,,,,,,,,,,,,,,,,,,,,,,,,,,,,,,,,,,,,,,,,,,,,,,,,,,,,,,,,,,,,,,,,,,,,,,,,,,,,,,,,,,,,,,,,,,,,,,,,,,,,,,,,,,,,,,,,,,,,,,,,,,,,,,,,,,,,,,,,,,,,,,,,,,,,,,,,,,,,,,,,,,,,,,,,,,,,,,,,,,
594,PVC,LT,#3,#11,MeOH_1,1.0216309632993432,1.0692395835658173,39.25411934676007,-0.7052177902745058,0.3107766794466409,-23.396806344341837,0.4039655777866038,,,,,,,,,,,,,,,,,,,,,,,,,,,,,,,,,,,,,,,,,,,,,,,,,,,,,,,,,,,,,,,,,,,,,,,,,,,,,,,,,,,,,,,,,,,,,,,,,,,,,,,,,,,,,,,,,,,,,,,,,,,,,,,,,,,,,,,,,,,,,,,,,,,,,,,,,,,,,,,,,,,,,,,,,,,,,,,,,,,,,,,,,,,,,,,,,,,,,,,,,,,,,,,,,,,,,,,,
595,PVC,LT,#4,#1,GASOLINE_1,1.0503826744907616,1.6274961699954098,37.94918054651829,-0.7462738096475056,-0.18556512437359884,-22.209069029342093,0.4147681528427707,,,,,,,,,,,,,,,,,,,,,,,,,,,,,,,,,,,,,,,,,,,,,,,,,,,,,,,,,,,,,,,,,,,,,,,,,,,,,,,,,,,,,,,,,,,,,,,,,,,,,,,,,,,,,,,,,,,,,,,,,,,,,,,,,,,,,,,,,,,,,,,,,,,,,,,,,,,,,,,,,,,,,,,,,,,,,,,,,,,,,,,,,,,,,,,,,,,,,,,,,,,,,,,,,,,,,,,,
596,PVC,LT,#4,#2,FT_1,1.2965497512895632,1.4840470680001172,51.366709826518296,-0.8242347731035554,0.1973791800494623,-28.77514586172579,0.43980944158369106,,,,,,,,,,,,,,,,,,,,,,,,,,,,,,,,,,,,,,,,,,,,,,,,,,,,,,,,,,,,,,,,,,,,,,,,,,,,,,,,,,,,,,,,,,,,,,,,,,,,,,,,,,,,,,,,,,,,,,,,,,,,,,,,,,,,,,,,,,,,,,,,,,,,,,,,,,,,,,,,,,,,,,,,,,,,,,,,,,,,,,,,,,,,,,,,,,,,,,,,,,,,,,,,,,,,,,,,
597,PVC,LT,#4,#3,GASOLINE_1,1.0186855529459187,1.0337824997087366,35.51646326472925,-0.6934191192135118,0.42435772925508636,-19.40574598811532,0.45361265722122696,,,,,,,,,,,,,,,,,,,,,,,,,,,,,,,,,,,,,,,,,,,,,,,,,,,,,,,,,,,,,,,,,,,,,,,,,,,,,,,,,,,,,,,,,,,,,,,,,,,,,,,,,,,,,,,,,,,,,,,,,,,,,,,,,,,,,,,,,,,,,,,,,,,,,,,,,,,,,,,,,,,,,,,,,,,,,,,,,,,,,,,,,,,,,,,,,,,,,,,,,,,,,,,,,,,,,,,,
598,PVC,LT,#4,#4,GASOLINE_1,1.144062392231874,1.6474287607661602,44.24081222651829,-0.8569866461118567,-0.2825904517372441,-29.372884949209002,0.3360681354850292,,,,,,,,,,,,,,,,,,,,,,,,,,,,,,,,,,,,,,,,,,,,,,,,,,,,,,,,,,,,,,,,,,,,,,,,,,,,,,,,,,,,,,,,,,,,,,,,,,,,,,,,,,,,,,,,,,,,,,,,,,,,,,,,,,,,,,,,,,,,,,,,,,,,,,,,,,,,,,,,,,,,,,,,,,,,,,,,,,,,,,,,,,,,,,,,,,,,,,,,,,,,,,,,,,,,,,,,
599,PVC,LT,#4,#5,FT_1,1.2358435713498115,1.191118335157287,46.7046874265183,-0.7590871861382658,0.4821764227375063,-24.426522078901517,0.4770006304542258,,,,,,,,,,,,,,,,,,,,,,,,,,,,,,,,,,,,,,,,,,,,,,,,,,,,,,,,,,,,,,,,,,,,,,,,,,,,,,,,,,,,,,,,,,,,,,,,,,,,,,,,,,,,,,,,,,,,,,,,,,,,,,,,,,,,,,,,,,,,,,,,,,,,,,,,,,,,,,,,,,,,,,,,,,,,,,,,,,,,,,,,,,,,,,,,,,,,,,,,,,,,,,,,,,,,,,,,
600,PVC,LT,#4,#6,GASOLINE_1,0.9344950681449038,0.7729640373352096,33.30795427406281,-0.6104515050902233,0.6559899433062035,-17.12223725109145,0.4859414928275952,,,,,,,,,,,,,,,,,,,,,,,,,,,,,,,,,,,,,,,,,,,,,,,,,,,,,,,,,,,,,,,,,,,,,,,,,,,,,,,,,,,,,,,,,,,,,,,,,,,,,,,,,,,,,,,,,,,,,,,,,,,,,,,,,,,,,,,,,,,,,,,,,,,,,,,,,,,,,,,,,,,,,,,,,,,,,,,,,,,,,,,,,,,,,,,,,,,,,,,,,,,,,,,,,,,,,,,,
601,PVC,LT,#4,#7,GASOLINE_1,1.008065998535934,1.0793753617355486,37.47135741076007,-0.6850293604165597,0.3573258625387886,-21.858575092949003,0.41665910702577813,,,,,,,,,,,,,,,,,,,,,,,,,,,,,,,,,,,,,,,,,,,,,,,,,,,,,,,,,,,,,,,,,,,,,,,,,,,,,,,,,,,,,,,,,,,,,,,,,,,,,,,,,,,,,,,,,,,,,,,,,,,,,,,,,,,,,,,,,,,,,,,,,,,,,,,,,,,,,,,,,,,,,,,,,,,,,,,,,,,,,,,,,,,,,,,,,,,,,,,,,,,,,,,,,,,,,,,,
602,PVC,LT,#4,#8,GASOLINE_1,1.0511238089335113,0.9912397629279562,38.59621371679207,-0.7208240240677063,0.4290466676429114,-23.376224091650055,0.3943389301557382,,,,,,,,,,,,,,,,,,,,,,,,,,,,,,,,,,,,,,,,,,,,,,,,,,,,,,,,,,,,,,,,,,,,,,,,,,,,,,,,,,,,,,,,,,,,,,,,,,,,,,,,,,,,,,,,,,,,,,,,,,,,,,,,,,,,,,,,,,,,,,,,,,,,,,,,,,,,,,,,,,,,,,,,,,,,,,,,,,,,,,,,,,,,,,,,,,,,,,,,,,,,,,,,,,,,,,,,
603,PVC,LT,#4,#9,GASOLINE_1,1.0041772166417051,1.1090007278770366,39.134628755884385,-0.6774672761628188,0.3460902242097017,-23.25639875428242,0.4057335026901073,,,,,,,,,,,,,,,,,,,,,,,,,,,,,,,,,,,,,,,,,,,,,,,,,,,,,,,,,,,,,,,,,,,,,,,,,,,,,,,,,,,,,,,,,,,,,,,,,,,,,,,,,,,,,,,,,,,,,,,,,,,,,,,,,,,,,,,,,,,,,,,,,,,,,,,,,,,,,,,,,,,,,,,,,,,,,,,,,,,,,,,,,,,,,,,,,,,,,,,,,,,,,,,,,,,,,,,,
604,PVC,LT,#4,#10,GASOLINE_1,1.0591243617938664,0.9914083136348252,40.02648365076007,-0.7332430813942724,0.3959892158058922,-24.662391760670786,0.3838481547403561,,,,,,,,,,,,,,,,,,,,,,,,,,,,,,,,,,,,,,,,,,,,,,,,,,,,,,,,,,,,,,,,,,,,,,,,,,,,,,,,,,,,,,,,,,,,,,,,,,,,,,,,,,,,,,,,,,,,,,,,,,,,,,,,,,,,,,,,,,,,,,,,,,,,,,,,,,,,,,,,,,,,,,,,,,,,,,,,,,,,,,,,,,,,,,,,,,,,,,,,,,,,,,,,,,,,,,,,
605,PVC,LT,#4,#11,GASOLINE_1,1.079309383046008,0.994719354596214,40.50145069279207,-0.7480359520731462,0.4208633419069995,-25.297607219773845,0.37539009622991126,,,,,,,,,,,,,,,,,,,,,,,,,,,,,,,,,,,,,,,,,,,,,,,,,,,,,,,,,,,,,,,,,,,,,,,,,,,,,,,,,,,,,,,,,,,,,,,,,,,,,,,,,,,,,,,,,,,,,,,,,,,,,,,,,,,,,,,,,,,,,,,,,,,,,,,,,,,,,,,,,,,,,,,,,,,,,,,,,,,,,,,,,,,,,,,,,,,,,,,,,,,,,,,,,,,,,,,,
606,PVC,LT,#5,#1,GASOLINE_1,0.998720165832861,1.6971302511469268,36.375845126038406,-0.7105077508293729,-0.16816068081065924,-18.903980215057366,0.48031502362193645,,,,,,,,,,,,,,,,,,,,,,,,,,,,,,,,,,,,,,,,,,,,,,,,,,,,,,,,,,,,,,,,,,,,,,,,,,,,,,,,,,,,,,,,,,,,,,,,,,,,,,,,,,,,,,,,,,,,,,,,,,,,,,,,,,,,,,,,,,,,,,,,,,,,,,,,,,,,,,,,,,,,,,,,,,,,,,,,,,,,,,,,,,,,,,,,,,,,,,,,,,,,,,,,,,,,,,,,
607,PVC,LT,#5,#2,FT_1,1.2448872426316626,1.553681149151634,49.79337440603841,-0.7884687142854224,0.21478362361240208,-25.470057047441063,0.48848501730880234,,,,,,,,,,,,,,,,,,,,,,,,,,,,,,,,,,,,,,,,,,,,,,,,,,,,,,,,,,,,,,,,,,,,,,,,,,,,,,,,,,,,,,,,,,,,,,,,,,,,,,,,,,,,,,,,,,,,,,,,,,,,,,,,,,,,,,,,,,,,,,,,,,,,,,,,,,,,,,,,,,,,,,,,,,,,,,,,,,,,,,,,,,,,,,,,,,,,,,,,,,,,,,,,,,,,,,,,
608,PVC,LT,#5,#3,GASOLINE_1,0.9670230442880182,1.1034165808602534,33.94312784424936,-0.6576530603953791,0.4417621728180261,-16.100657173830594,0.5256578224697002,,,,,,,,,,,,,,,,,,,,,,,,,,,,,,,,,,,,,,,,,,,,,,,,,,,,,,,,,,,,,,,,,,,,,,,,,,,,,,,,,,,,,,,,,,,,,,,,,,,,,,,,,,,,,,,,,,,,,,,,,,,,,,,,,,,,,,,,,,,,,,,,,,,,,,,,,,,,,,,,,,,,,,,,,,,,,,,,,,,,,,,,,,,,,,,,,,,,,,,,,,,,,,,,,,,,,,,,
609,PVC,LT,#5,#4,GASOLINE_1,1.0923998835739734,1.7170628419176772,42.6674768060384,-0.8212205872937242,-0.26518600817430465,-26.067796134924283,0.38904762863232856,,,,,,,,,,,,,,,,,,,,,,,,,,,,,,,,,,,,,,,,,,,,,,,,,,,,,,,,,,,,,,,,,,,,,,,,,,,,,,,,,,,,,,,,,,,,,,,,,,,,,,,,,,,,,,,,,,,,,,,,,,,,,,,,,,,,,,,,,,,,,,,,,,,,,,,,,,,,,,,,,,,,,,,,,,,,,,,,,,,,,,,,,,,,,,,,,,,,,,,,,,,,,,,,,,,,,,,,
610,PVC,LT,#5,#5,FT_1,1.1841810626919111,1.2607524163088037,45.131352006038405,-0.7233211273201329,0.49958086630044624,-21.121433264616787,0.5320008746515987,,,,,,,,,,,,,,,,,,,,,,,,,,,,,,,,,,,,,,,,,,,,,,,,,,,,,,,,,,,,,,,,,,,,,,,,,,,,,,,,,,,,,,,,,,,,,,,,,,,,,,,,,,,,,,,,,,,,,,,,,,,,,,,,,,,,,,,,,,,,,,,,,,,,,,,,,,,,,,,,,,,,,,,,,,,,,,,,,,,,,,,,,,,,,,,,,,,,,,,,,,,,,,,,,,,,,,,,
611,PVC,LT,#5,#6,GASOLINE_1,0.8828325594870029,0.8425981184867263,31.734618853582912,-0.5746854462720903,0.6733943868691434,-13.817148436806717,0.5646032964644625,,,,,,,,,,,,,,,,,,,,,,,,,,,,,,,,,,,,,,,,,,,,,,,,,,,,,,,,,,,,,,,,,,,,,,,,,,,,,,,,,,,,,,,,,,,,,,,,,,,,,,,,,,,,,,,,,,,,,,,,,,,,,,,,,,,,,,,,,,,,,,,,,,,,,,,,,,,,,,,,,,,,,,,,,,,,,,,,,,,,,,,,,,,,,,,,,,,,,,,,,,,,,,,,,,,,,,,,
612,PVC,LT,#5,#7,GASOLINE_1,0.9564034898780333,1.1490094428870654,35.89802199028018,-0.6492633015984266,0.37473030610172836,-18.553486278664277,0.4831613205962196,,,,,,,,,,,,,,,,,,,,,,,,,,,,,,,,,,,,,,,,,,,,,,,,,,,,,,,,,,,,,,,,,,,,,,,,,,,,,,,,,,,,,,,,,,,,,,,,,,,,,,,,,,,,,,,,,,,,,,,,,,,,,,,,,,,,,,,,,,,,,,,,,,,,,,,,,,,,,,,,,,,,,,,,,,,,,,,,,,,,,,,,,,,,,,,,,,,,,,,,,,,,,,,,,,,,,,,,
613,PVC,LT,#5,#8,GASOLINE_1,0.9994613002756122,1.060873844079473,37.022878296312186,-0.6850579652495751,0.44645111120585146,-20.071135277365332,0.45787209960483805,,,,,,,,,,,,,,,,,,,,,,,,,,,,,,,,,,,,,,,,,,,,,,,,,,,,,,,,,,,,,,,,,,,,,,,,,,,,,,,,,,,,,,,,,,,,,,,,,,,,,,,,,,,,,,,,,,,,,,,,,,,,,,,,,,,,,,,,,,,,,,,,,,,,,,,,,,,,,,,,,,,,,,,,,,,,,,,,,,,,,,,,,,,,,,,,,,,,,,,,,,,,,,,,,,,,,,,,
614,PVC,LT,#5,#9,GASOLINE_1,0.9525147079838047,1.1786348090285534,37.561293335404486,-0.6417012173446862,0.3634946677726416,-19.95130993999768,0.4688332544398306,,,,,,,,,,,,,,,,,,,,,,,,,,,,,,,,,,,,,,,,,,,,,,,,,,,,,,,,,,,,,,,,,,,,,,,,,,,,,,,,,,,,,,,,,,,,,,,,,,,,,,,,,,,,,,,,,,,,,,,,,,,,,,,,,,,,,,,,,,,,,,,,,,,,,,,,,,,,,,,,,,,,,,,,,,,,,,,,,,,,,,,,,,,,,,,,,,,,,,,,,,,,,,,,,,,,,,,,
615,PVC,LT,#5,#10,GASOLINE_1,1.0074618531359658,1.061042394786342,38.45314823028018,-0.6974770225761397,0.4133936593688319,-21.35730294638605,0.4445889626907555,,,,,,,,,,,,,,,,,,,,,,,,,,,,,,,,,,,,,,,,,,,,,,,,,,,,,,,,,,,,,,,,,,,,,,,,,,,,,,,,,,,,,,,,,,,,,,,,,,,,,,,,,,,,,,,,,,,,,,,,,,,,,,,,,,,,,,,,,,,,,,,,,,,,,,,,,,,,,,,,,,,,,,,,,,,,,,,,,,,,,,,,,,,,,,,,,,,,,,,,,,,,,,,,,,,,,,,,
616,PVC,LT,#5,#11,GASOLINE_1,1.0276468743881073,1.0643534357477307,38.92811527231218,-0.7122698932550137,0.4382677854699394,-21.992518405489125,0.43504795308876887,,,,,,,,,,,,,,,,,,,,,,,,,,,,,,,,,,,,,,,,,,,,,,,,,,,,,,,,,,,,,,,,,,,,,,,,,,,,,,,,,,,,,,,,,,,,,,,,,,,,,,,,,,,,,,,,,,,,,,,,,,,,,,,,,,,,,,,,,,,,,,,,,,,,,,,,,,,,,,,,,,,,,,,,,,,,,,,,,,,,,,,,,,,,,,,,,,,,,,,,,,,,,,,,,,,,,,,,
617,PVC,LT,#6,#1,MeOH_1,1.1314348130380019,1.7152873566588456,45.1109858404863,-0.7516326315189498,-0.07826902404628008,-22.943408521191955,0.49140086181400505,,,,,,,,,,,,,,,,,,,,,,,,,,,,,,,,,,,,,,,,,,,,,,,,,,,,,,,,,,,,,,,,,,,,,,,,,,,,,,,,,,,,,,,,,,,,,,,,,,,,,,,,,,,,,,,,,,,,,,,,,,,,,,,,,,,,,,,,,,,,,,,,,,,,,,,,,,,,,,,,,,,,,,,,,,,,,,,,,,,,,,,,,,,,,,,,,,,,,,,,,,,,,,,,,,,,,,,,
618,PVC,LT,#6,#2,MeOH_1,1.3776018898368034,1.5718382546635525,58.528515120486276,-0.8295935949749992,0.3046752803767812,-29.50948535357563,0.49581011421821203,,,,,,,,,,,,,,,,,,,,,,,,,,,,,,,,,,,,,,,,,,,,,,,,,,,,,,,,,,,,,,,,,,,,,,,,,,,,,,,,,,,,,,,,,,,,,,,,,,,,,,,,,,,,,,,,,,,,,,,,,,,,,,,,,,,,,,,,,,,,,,,,,,,,,,,,,,,,,,,,,,,,,,,,,,,,,,,,,,,,,,,,,,,,,,,,,,,,,,,,,,,,,,,,,,,,,,,,
619,PVC,LT,#6,#3,MeOH_1,1.0997376914931587,1.1215736863721721,42.678268558697255,-0.6987779410849556,0.531653829582405,-20.140085479965173,0.5280950666434453,,,,,,,,,,,,,,,,,,,,,,,,,,,,,,,,,,,,,,,,,,,,,,,,,,,,,,,,,,,,,,,,,,,,,,,,,,,,,,,,,,,,,,,,,,,,,,,,,,,,,,,,,,,,,,,,,,,,,,,,,,,,,,,,,,,,,,,,,,,,,,,,,,,,,,,,,,,,,,,,,,,,,,,,,,,,,,,,,,,,,,,,,,,,,,,,,,,,,,,,,,,,,,,,,,,,,,,,
620,PVC,LT,#6,#4,MeOH_1,1.2251145307791143,1.7352199474295962,51.40261752048629,-0.8623454679833008,-0.17529435140992583,-30.10722444105886,0.4142861610294503,,,,,,,,,,,,,,,,,,,,,,,,,,,,,,,,,,,,,,,,,,,,,,,,,,,,,,,,,,,,,,,,,,,,,,,,,,,,,,,,,,,,,,,,,,,,,,,,,,,,,,,,,,,,,,,,,,,,,,,,,,,,,,,,,,,,,,,,,,,,,,,,,,,,,,,,,,,,,,,,,,,,,,,,,,,,,,,,,,,,,,,,,,,,,,,,,,,,,,,,,,,,,,,,,,,,,,,,
621,PVC,LT,#6,#5,MeOH_1,1.316895709897052,1.2789095218207225,53.8664927204863,-0.7644460080097099,0.5894725230648251,-25.160861570751372,0.5329032892245036,,,,,,,,,,,,,,,,,,,,,,,,,,,,,,,,,,,,,,,,,,,,,,,,,,,,,,,,,,,,,,,,,,,,,,,,,,,,,,,,,,,,,,,,,,,,,,,,,,,,,,,,,,,,,,,,,,,,,,,,,,,,,,,,,,,,,,,,,,,,,,,,,,,,,,,,,,,,,,,,,,,,,,,,,,,,,,,,,,,,,,,,,,,,,,,,,,,,,,,,,,,,,,,,,,,,,,,,
622,PVC,LT,#6,#6,MeOH_1,1.0155472066921452,0.8607552239986452,40.4697595680308,-0.6158103269616685,0.7632860436335223,-17.8565767429413,0.5587674121729364,,,,,,,,,,,,,,,,,,,,,,,,,,,,,,,,,,,,,,,,,,,,,,,,,,,,,,,,,,,,,,,,,,,,,,,,,,,,,,,,,,,,,,,,,,,,,,,,,,,,,,,,,,,,,,,,,,,,,,,,,,,,,,,,,,,,,,,,,,,,,,,,,,,,,,,,,,,,,,,,,,,,,,,,,,,,,,,,,,,,,,,,,,,,,,,,,,,,,,,,,,,,,,,,,,,,,,,,
623,PVC,LT,#6,#7,MeOH_1,1.0891181370831755,1.1671665483989846,44.63316270472807,-0.6903881822880049,0.4646219628661069,-22.592914584798862,0.49380879113893594,,,,,,,,,,,,,,,,,,,,,,,,,,,,,,,,,,,,,,,,,,,,,,,,,,,,,,,,,,,,,,,,,,,,,,,,,,,,,,,,,,,,,,,,,,,,,,,,,,,,,,,,,,,,,,,,,,,,,,,,,,,,,,,,,,,,,,,,,,,,,,,,,,,,,,,,,,,,,,,,,,,,,,,,,,,,,,,,,,,,,,,,,,,,,,,,,,,,,,,,,,,,,,,,,,,,,,,,
624,PVC,LT,#6,#8,MeOH_1,1.1321759474807527,1.079030949591392,45.758019010760066,-0.7261828459391515,0.5363427679702301,-24.110563583499907,0.4730855027218229,,,,,,,,,,,,,,,,,,,,,,,,,,,,,,,,,,,,,,,,,,,,,,,,,,,,,,,,,,,,,,,,,,,,,,,,,,,,,,,,,,,,,,,,,,,,,,,,,,,,,,,,,,,,,,,,,,,,,,,,,,,,,,,,,,,,,,,,,,,,,,,,,,,,,,,,,,,,,,,,,,,,,,,,,,,,,,,,,,,,,,,,,,,,,,,,,,,,,,,,,,,,,,,,,,,,,,,,
625,PVC,LT,#6,#9,MeOH_1,1.0852293551889451,1.1967919145404724,46.29643404985238,-0.6828260980342625,0.4533863245370204,-23.990738246132263,0.48180159577087855,,,,,,,,,,,,,,,,,,,,,,,,,,,,,,,,,,,,,,,,,,,,,,,,,,,,,,,,,,,,,,,,,,,,,,,,,,,,,,,,,,,,,,,,,,,,,,,,,,,,,,,,,,,,,,,,,,,,,,,,,,,,,,,,,,,,,,,,,,,,,,,,,,,,,,,,,,,,,,,,,,,,,,,,,,,,,,,,,,,,,,,,,,,,,,,,,,,,,,,,,,,,,,,,,,,,,,,,
626,PVC,LT,#6,#10,MeOH_1,1.1401765003411064,1.079199500298261,47.18828894472807,-0.738601903265716,0.5032853161332107,-25.39673125252063,0.4618001241310533,,,,,,,,,,,,,,,,,,,,,,,,,,,,,,,,,,,,,,,,,,,,,,,,,,,,,,,,,,,,,,,,,,,,,,,,,,,,,,,,,,,,,,,,,,,,,,,,,,,,,,,,,,,,,,,,,,,,,,,,,,,,,,,,,,,,,,,,,,,,,,,,,,,,,,,,,,,,,,,,,,,,,,,,,,,,,,,,,,,,,,,,,,,,,,,,,,,,,,,,,,,,,,,,,,,,,,,,
627,PVC,LT,#6,#11,MeOH_1,1.1603615215932481,1.0825105412596498,47.66325598676007,-0.7533947739445904,0.528159442234318,-26.031946711623707,0.45383616430117835,,,,,,,,,,,,,,,,,,,,,,,,,,,,,,,,,,,,,,,,,,,,,,,,,,,,,,,,,,,,,,,,,,,,,,,,,,,,,,,,,,,,,,,,,,,,,,,,,,,,,,,,,,,,,,,,,,,,,,,,,,,,,,,,,,,,,,,,,,,,,,,,,,,,,,,,,,,,,,,,,,,,,,,,,,,,,,,,,,,,,,,,,,,,,,,,,,,,,,,,,,,,,,,,,,,,,,,,
628,PVC,LT,#7,#1,GASOLINE_1,1.1633756641679003,1.7007382948629948,45.4008796004863,-0.8567033880529956,-0.2592846901464501,-29.482422526869616,0.3506200147154456,,,,,,,,,,,,,,,,,,,,,,,,,,,,,,,,,,,,,,,,,,,,,,,,,,,,,,,,,,,,,,,,,,,,,,,,,,,,,,,,,,,,,,,,,,,,,,,,,,,,,,,,,,,,,,,,,,,,,,,,,,,,,,,,,,,,,,,,,,,,,,,,,,,,,,,,,,,,,,,,,,,,,,,,,,,,,,,,,,,,,,,,,,,,,,,,,,,,,,,,,,,,,,,,,,,,,,,,
629,PVC,LT,#7,#2,FT_1,1.4095427409667005,1.5572891928677022,58.81840888048629,-0.934664351509044,0.12365961427661092,-36.04849935925331,0.38712216047019204,,,,,,,,,,,,,,,,,,,,,,,,,,,,,,,,,,,,,,,,,,,,,,,,,,,,,,,,,,,,,,,,,,,,,,,,,,,,,,,,,,,,,,,,,,,,,,,,,,,,,,,,,,,,,,,,,,,,,,,,,,,,,,,,,,,,,,,,,,,,,,,,,,,,,,,,,,,,,,,,,,,,,,,,,,,,,,,,,,,,,,,,,,,,,,,,,,,,,,,,,,,,,,,,,,,,,,,,
630,PVC,LT,#7,#3,GASOLINE_1,1.1316785426230578,1.1070246245763213,42.968162318697246,-0.8038486976190024,0.35063816348223537,-26.679099485642833,0.37909610171916425,,,,,,,,,,,,,,,,,,,,,,,,,,,,,,,,,,,,,,,,,,,,,,,,,,,,,,,,,,,,,,,,,,,,,,,,,,,,,,,,,,,,,,,,,,,,,,,,,,,,,,,,,,,,,,,,,,,,,,,,,,,,,,,,,,,,,,,,,,,,,,,,,,,,,,,,,,,,,,,,,,,,,,,,,,,,,,,,,,,,,,,,,,,,,,,,,,,,,,,,,,,,,,,,,,,,,,,,
631,PVC,LT,#7,#4,GASOLINE_1,1.2570553819090113,1.7206708856337452,51.692511280486286,-0.9674162245173455,-0.3563100175100952,-36.64623844673652,0.2910725840365521,,,,,,,,,,,,,,,,,,,,,,,,,,,,,,,,,,,,,,,,,,,,,,,,,,,,,,,,,,,,,,,,,,,,,,,,,,,,,,,,,,,,,,,,,,,,,,,,,,,,,,,,,,,,,,,,,,,,,,,,,,,,,,,,,,,,,,,,,,,,,,,,,,,,,,,,,,,,,,,,,,,,,,,,,,,,,,,,,,,,,,,,,,,,,,,,,,,,,,,,,,,,,,,,,,,,,,,,
632,PVC,LT,#7,#5,FT_1,1.3488365610269504,1.2643604600248717,54.1563864804863,-0.8695167645437559,0.4084568569646555,-31.699875576429037,0.4146604373640923,,,,,,,,,,,,,,,,,,,,,,,,,,,,,,,,,,,,,,,,,,,,,,,,,,,,,,,,,,,,,,,,,,,,,,,,,,,,,,,,,,,,,,,,,,,,,,,,,,,,,,,,,,,,,,,,,,,,,,,,,,,,,,,,,,,,,,,,,,,,,,,,,,,,,,,,,,,,,,,,,,,,,,,,,,,,,,,,,,,,,,,,,,,,,,,,,,,,,,,,,,,,,,,,,,,,,,,,
633,PVC,LT,#7,#6,GASOLINE_1,1.0474880578220425,0.8462061622027944,40.75965332803081,-0.7208810834957134,0.5822703775333524,-24.39559074861896,0.40147698135985166,,,,,,,,,,,,,,,,,,,,,,,,,,,,,,,,,,,,,,,,,,,,,,,,,,,,,,,,,,,,,,,,,,,,,,,,,,,,,,,,,,,,,,,,,,,,,,,,,,,,,,,,,,,,,,,,,,,,,,,,,,,,,,,,,,,,,,,,,,,,,,,,,,,,,,,,,,,,,,,,,,,,,,,,,,,,,,,,,,,,,,,,,,,,,,,,,,,,,,,,,,,,,,,,,,,,,,,,
634,PVC,LT,#7,#7,GASOLINE_1,1.1210589882130728,1.1526174866031336,44.92305646472806,-0.7954589388220498,0.28360629676593735,-29.131928590476512,0.35151499290014165,,,,,,,,,,,,,,,,,,,,,,,,,,,,,,,,,,,,,,,,,,,,,,,,,,,,,,,,,,,,,,,,,,,,,,,,,,,,,,,,,,,,,,,,,,,,,,,,,,,,,,,,,,,,,,,,,,,,,,,,,,,,,,,,,,,,,,,,,,,,,,,,,,,,,,,,,,,,,,,,,,,,,,,,,,,,,,,,,,,,,,,,,,,,,,,,,,,,,,,,,,,,,,,,,,,,,,,,
635,PVC,LT,#7,#8,GASOLINE_1,1.16411679861065,1.064481887795541,46.04791277076006,-0.8312536024731966,0.3553271018700604,-30.64957758917757,0.33439811394361985,,,,,,,,,,,,,,,,,,,,,,,,,,,,,,,,,,,,,,,,,,,,,,,,,,,,,,,,,,,,,,,,,,,,,,,,,,,,,,,,,,,,,,,,,,,,,,,,,,,,,,,,,,,,,,,,,,,,,,,,,,,,,,,,,,,,,,,,,,,,,,,,,,,,,,,,,,,,,,,,,,,,,,,,,,,,,,,,,,,,,,,,,,,,,,,,,,,,,,,,,,,,,,,,,,,,,,,,
636,PVC,LT,#7,#9,GASOLINE_1,1.1171702063188436,1.1822428527446214,46.58632780985238,-0.7878968545683087,0.27237065843685093,-30.529752251809935,0.3446628294803416,,,,,,,,,,,,,,,,,,,,,,,,,,,,,,,,,,,,,,,,,,,,,,,,,,,,,,,,,,,,,,,,,,,,,,,,,,,,,,,,,,,,,,,,,,,,,,,,,,,,,,,,,,,,,,,,,,,,,,,,,,,,,,,,,,,,,,,,,,,,,,,,,,,,,,,,,,,,,,,,,,,,,,,,,,,,,,,,,,,,,,,,,,,,,,,,,,,,,,,,,,,,,,,,,,,,,,,,
637,PVC,LT,#7,#10,GASOLINE_1,1.1721173514710035,1.06465043850241,47.47818270472807,-0.8436726597997611,0.3222696500330411,-31.935745258198303,0.3273595694087505,,,,,,,,,,,,,,,,,,,,,,,,,,,,,,,,,,,,,,,,,,,,,,,,,,,,,,,,,,,,,,,,,,,,,,,,,,,,,,,,,,,,,,,,,,,,,,,,,,,,,,,,,,,,,,,,,,,,,,,,,,,,,,,,,,,,,,,,,,,,,,,,,,,,,,,,,,,,,,,,,,,,,,,,,,,,,,,,,,,,,,,,,,,,,,,,,,,,,,,,,,,,,,,,,,,,,,,,
638,PVC,LT,#7,#11,GASOLINE_1,1.1923023727231452,1.067961479463799,47.953149746760076,-0.8584655304786349,0.3471437761341483,-32.57096071730137,0.3207753632595947,,,,,,,,,,,,,,,,,,,,,,,,,,,,,,,,,,,,,,,,,,,,,,,,,,,,,,,,,,,,,,,,,,,,,,,,,,,,,,,,,,,,,,,,,,,,,,,,,,,,,,,,,,,,,,,,,,,,,,,,,,,,,,,,,,,,,,,,,,,,,,,,,,,,,,,,,,,,,,,,,,,,,,,,,,,,,,,,,,,,,,,,,,,,,,,,,,,,,,,,,,,,,,,,,,,,,,,,
639,PVC,LT,#8,#1,Aromatics,1.0563005139536155,1.2072084195289938,26.60212767423976,-0.8454182156870202,0.18414054243807496,-11.905363041849085,0.5524657580913095,,,,,,,,,,,,,,,,,,,,,,,,,,,,,,,,,,,,,,,,,,,,,,,,,,,,,,,,,,,,,,,,,,,,,,,,,,,,,,,,,,,,,,,,,,,,,,,,,,,,,,,,,,,,,,,,,,,,,,,,,,,,,,,,,,,,,,,,,,,,,,,,,,,,,,,,,,,,,,,,,,,,,,,,,,,,,,,,,,,,,,,,,,,,,,,,,,,,,,,,,,,,,,,,,,,,,,,,
640,PVC,LT,#8,#2,FT_1,1.3024675907524168,1.063759317533701,40.01965695423976,-0.9233791791430697,0.5670848468611362,-18.47143987423278,0.5384408243340556,,,,,,,,,,,,,,,,,,,,,,,,,,,,,,,,,,,,,,,,,,,,,,,,,,,,,,,,,,,,,,,,,,,,,,,,,,,,,,,,,,,,,,,,,,,,,,,,,,,,,,,,,,,,,,,,,,,,,,,,,,,,,,,,,,,,,,,,,,,,,,,,,,,,,,,,,,,,,,,,,,,,,,,,,,,,,,,,,,,,,,,,,,,,,,,,,,,,,,,,,,,,,,,,,,,,,,,,
641,PVC,LT,#8,#3,Aromatics,1.0246033924087725,0.6134947492423204,24.169410392450715,-0.7925635252530268,0.7940633960667602,-9.102040000622313,0.6234066180006888,,,,,,,,,,,,,,,,,,,,,,,,,,,,,,,,,,,,,,,,,,,,,,,,,,,,,,,,,,,,,,,,,,,,,,,,,,,,,,,,,,,,,,,,,,,,,,,,,,,,,,,,,,,,,,,,,,,,,,,,,,,,,,,,,,,,,,,,,,,,,,,,,,,,,,,,,,,,,,,,,,,,,,,,,,,,,,,,,,,,,,,,,,,,,,,,,,,,,,,,,,,,,,,,,,,,,,,,
642,PVC,LT,#8,#4,Aromatics,1.1499802316947276,1.2271410102997442,32.89375935423975,-0.9561310521513714,0.0871152150744298,-19.069178961715995,0.42027973281022596,,,,,,,,,,,,,,,,,,,,,,,,,,,,,,,,,,,,,,,,,,,,,,,,,,,,,,,,,,,,,,,,,,,,,,,,,,,,,,,,,,,,,,,,,,,,,,,,,,,,,,,,,,,,,,,,,,,,,,,,,,,,,,,,,,,,,,,,,,,,,,,,,,,,,,,,,,,,,,,,,,,,,,,,,,,,,,,,,,,,,,,,,,,,,,,,,,,,,,,,,,,,,,,,,,,,,,,,
643,PVC,LT,#8,#5,FT_1,1.241761410812665,0.7708305846908708,35.35763455423975,-0.85823159217778,0.8518820895491803,-14.122816091408506,0.600572372290809,,,,,,,,,,,,,,,,,,,,,,,,,,,,,,,,,,,,,,,,,,,,,,,,,,,,,,,,,,,,,,,,,,,,,,,,,,,,,,,,,,,,,,,,,,,,,,,,,,,,,,,,,,,,,,,,,,,,,,,,,,,,,,,,,,,,,,,,,,,,,,,,,,,,,,,,,,,,,,,,,,,,,,,,,,,,,,,,,,,,,,,,,,,,,,,,,,,,,,,,,,,,,,,,,,,,,,,,
644,PVC,LT,#8,#6,Aromatics,0.9404129076077581,0.35267628686879354,21.960901401784263,-0.7095959111297385,1.0256956101178774,-6.818531263598431,0.6895149639420336,,,,,,,,,,,,,,,,,,,,,,,,,,,,,,,,,,,,,,,,,,,,,,,,,,,,,,,,,,,,,,,,,,,,,,,,,,,,,,,,,,,,,,,,,,,,,,,,,,,,,,,,,,,,,,,,,,,,,,,,,,,,,,,,,,,,,,,,,,,,,,,,,,,,,,,,,,,,,,,,,,,,,,,,,,,,,,,,,,,,,,,,,,,,,,,,,,,,,,,,,,,,,,,,,,,,,,,,
645,PVC,LT,#8,#7,Aromatics,1.0139838379987884,0.6590876112691326,26.124304538481525,-0.7841737664560751,0.7270315293504626,-11.55486910545599,0.5576965852455333,,,,,,,,,,,,,,,,,,,,,,,,,,,,,,,,,,,,,,,,,,,,,,,,,,,,,,,,,,,,,,,,,,,,,,,,,,,,,,,,,,,,,,,,,,,,,,,,,,,,,,,,,,,,,,,,,,,,,,,,,,,,,,,,,,,,,,,,,,,,,,,,,,,,,,,,,,,,,,,,,,,,,,,,,,,,,,,,,,,,,,,,,,,,,,,,,,,,,,,,,,,,,,,,,,,,,,,,
646,PVC,LT,#8,#8,Aromatics,1.0570416483963654,0.5709520124615399,27.249160844513522,-0.8199684301072216,0.7987523344545855,-13.072518104157043,0.5202597915308234,,,,,,,,,,,,,,,,,,,,,,,,,,,,,,,,,,,,,,,,,,,,,,,,,,,,,,,,,,,,,,,,,,,,,,,,,,,,,,,,,,,,,,,,,,,,,,,,,,,,,,,,,,,,,,,,,,,,,,,,,,,,,,,,,,,,,,,,,,,,,,,,,,,,,,,,,,,,,,,,,,,,,,,,,,,,,,,,,,,,,,,,,,,,,,,,,,,,,,,,,,,,,,,,,,,,,,,,
647,PVC,LT,#8,#9,Aromatics,1.010095056104559,0.6887129774106204,27.787575883605843,-0.7766116822023337,0.7157958910213756,-12.952692766789408,0.533867480162915,,,,,,,,,,,,,,,,,,,,,,,,,,,,,,,,,,,,,,,,,,,,,,,,,,,,,,,,,,,,,,,,,,,,,,,,,,,,,,,,,,,,,,,,,,,,,,,,,,,,,,,,,,,,,,,,,,,,,,,,,,,,,,,,,,,,,,,,,,,,,,,,,,,,,,,,,,,,,,,,,,,,,,,,,,,,,,,,,,,,,,,,,,,,,,,,,,,,,,,,,,,,,,,,,,,,,,,,
648,PVC,LT,#8,#10,Aromatics,1.0650422012567202,0.571120563168409,28.679430778481528,-0.8323874874337871,0.7656948826175662,-14.358685773177774,0.4993385369436536,,,,,,,,,,,,,,,,,,,,,,,,,,,,,,,,,,,,,,,,,,,,,,,,,,,,,,,,,,,,,,,,,,,,,,,,,,,,,,,,,,,,,,,,,,,,,,,,,,,,,,,,,,,,,,,,,,,,,,,,,,,,,,,,,,,,,,,,,,,,,,,,,,,,,,,,,,,,,,,,,,,,,,,,,,,,,,,,,,,,,,,,,,,,,,,,,,,,,,,,,,,,,,,,,,,,,,,,
649,PVC,LT,#8,#11,Aromatics,1.0852272225088615,0.5744316041297978,29.154397820513523,-0.8471803581126608,0.7905690087186736,-14.993901232280832,0.48570705097085315,,,,,,,,,,,,,,,,,,,,,,,,,,,,,,,,,,,,,,,,,,,,,,,,,,,,,,,,,,,,,,,,,,,,,,,,,,,,,,,,,,,,,,,,,,,,,,,,,,,,,,,,,,,,,,,,,,,,,,,,,,,,,,,,,,,,,,,,,,,,,,,,,,,,,,,,,,,,,,,,,,,,,,,,,,,,,,,,,,,,,,,,,,,,,,,,,,,,,,,,,,,,,,,,,,,,,,,,
650,PVC,LT,#9,#1,Aromatics,1.1335403628396592,1.4451627898029247,28.74486651423976,-0.9313770747719486,-0.03447080826438725,-14.16689140493062,0.5071505585906073,,,,,,,,,,,,,,,,,,,,,,,,,,,,,,,,,,,,,,,,,,,,,,,,,,,,,,,,,,,,,,,,,,,,,,,,,,,,,,,,,,,,,,,,,,,,,,,,,,,,,,,,,,,,,,,,,,,,,,,,,,,,,,,,,,,,,,,,,,,,,,,,,,,,,,,,,,,,,,,,,,,,,,,,,,,,,,,,,,,,,,,,,,,,,,,,,,,,,,,,,,,,,,,,,,,,,,,,
651,PVC,LT,#9,#2,FT_1,1.3797074396384612,1.3017136878076319,42.16239579423976,-1.0093380382279988,0.34847349615867407,-20.732968237314317,0.5082592474465869,,,,,,,,,,,,,,,,,,,,,,,,,,,,,,,,,,,,,,,,,,,,,,,,,,,,,,,,,,,,,,,,,,,,,,,,,,,,,,,,,,,,,,,,,,,,,,,,,,,,,,,,,,,,,,,,,,,,,,,,,,,,,,,,,,,,,,,,,,,,,,,,,,,,,,,,,,,,,,,,,,,,,,,,,,,,,,,,,,,,,,,,,,,,,,,,,,,,,,,,,,,,,,,,,,,,,,,,
652,PVC,LT,#9,#3,Aromatics,1.101843241294816,0.8514491195162512,26.312149232450714,-0.8785223843379548,0.5754520453642981,-11.363568363703846,0.5681246612234478,,,,,,,,,,,,,,,,,,,,,,,,,,,,,,,,,,,,,,,,,,,,,,,,,,,,,,,,,,,,,,,,,,,,,,,,,,,,,,,,,,,,,,,,,,,,,,,,,,,,,,,,,,,,,,,,,,,,,,,,,,,,,,,,,,,,,,,,,,,,,,,,,,,,,,,,,,,,,,,,,,,,,,,,,,,,,,,,,,,,,,,,,,,,,,,,,,,,,,,,,,,,,,,,,,,,,,,,
653,PVC,LT,#9,#4,Aromatics,1.2272200805807716,1.465095380573675,35.03649819423976,-1.0420899112363,-0.1314961356280324,-21.330707324797544,0.3911860938116111,,,,,,,,,,,,,,,,,,,,,,,,,,,,,,,,,,,,,,,,,,,,,,,,,,,,,,,,,,,,,,,,,,,,,,,,,,,,,,,,,,,,,,,,,,,,,,,,,,,,,,,,,,,,,,,,,,,,,,,,,,,,,,,,,,,,,,,,,,,,,,,,,,,,,,,,,,,,,,,,,,,,,,,,,,,,,,,,,,,,,,,,,,,,,,,,,,,,,,,,,,,,,,,,,,,,,,,,
654,PVC,LT,#9,#5,FT_1,1.319001259698709,1.0087849549648016,37.50037339423975,-0.9441904512627087,0.6332707388467183,-16.384344454490034,0.5630884982866129,,,,,,,,,,,,,,,,,,,,,,,,,,,,,,,,,,,,,,,,,,,,,,,,,,,,,,,,,,,,,,,,,,,,,,,,,,,,,,,,,,,,,,,,,,,,,,,,,,,,,,,,,,,,,,,,,,,,,,,,,,,,,,,,,,,,,,,,,,,,,,,,,,,,,,,,,,,,,,,,,,,,,,,,,,,,,,,,,,,,,,,,,,,,,,,,,,,,,,,,,,,,,,,,,,,,,,,,
655,PVC,LT,#9,#6,Aromatics,1.0176527564938016,0.5906306571427243,24.10364024178426,-0.7955547702146666,0.8070842594154152,-9.080059626679967,0.6232909413019093,,,,,,,,,,,,,,,,,,,,,,,,,,,,,,,,,,,,,,,,,,,,,,,,,,,,,,,,,,,,,,,,,,,,,,,,,,,,,,,,,,,,,,,,,,,,,,,,,,,,,,,,,,,,,,,,,,,,,,,,,,,,,,,,,,,,,,,,,,,,,,,,,,,,,,,,,,,,,,,,,,,,,,,,,,,,,,,,,,,,,,,,,,,,,,,,,,,,,,,,,,,,,,,,,,,,,,,,
656,PVC,LT,#9,#7,Aromatics,1.0912236868848317,0.8970419815430634,28.267043378481528,-0.8701326255410029,0.5084201786480004,-13.816397468537524,0.5112188677272365,,,,,,,,,,,,,,,,,,,,,,,,,,,,,,,,,,,,,,,,,,,,,,,,,,,,,,,,,,,,,,,,,,,,,,,,,,,,,,,,,,,,,,,,,,,,,,,,,,,,,,,,,,,,,,,,,,,,,,,,,,,,,,,,,,,,,,,,,,,,,,,,,,,,,,,,,,,,,,,,,,,,,,,,,,,,,,,,,,,,,,,,,,,,,,,,,,,,,,,,,,,,,,,,,,,,,,,,
657,PVC,LT,#9,#8,Aromatics,1.1342814972824087,0.8089063827354709,29.391899684513525,-0.9059272891921494,0.5801409837521233,-15.334046467238581,0.4782900516186088,,,,,,,,,,,,,,,,,,,,,,,,,,,,,,,,,,,,,,,,,,,,,,,,,,,,,,,,,,,,,,,,,,,,,,,,,,,,,,,,,,,,,,,,,,,,,,,,,,,,,,,,,,,,,,,,,,,,,,,,,,,,,,,,,,,,,,,,,,,,,,,,,,,,,,,,,,,,,,,,,,,,,,,,,,,,,,,,,,,,,,,,,,,,,,,,,,,,,,,,,,,,,,,,,,,,,,,,
658,PVC,LT,#9,#9,Aromatics,1.0873349049906023,0.9266673476845512,29.93031472360584,-0.8625705412872615,0.4971845403189137,-15.214221129870939,0.49167854496793567,,,,,,,,,,,,,,,,,,,,,,,,,,,,,,,,,,,,,,,,,,,,,,,,,,,,,,,,,,,,,,,,,,,,,,,,,,,,,,,,,,,,,,,,,,,,,,,,,,,,,,,,,,,,,,,,,,,,,,,,,,,,,,,,,,,,,,,,,,,,,,,,,,,,,,,,,,,,,,,,,,,,,,,,,,,,,,,,,,,,,,,,,,,,,,,,,,,,,,,,,,,,,,,,,,,,,,,,
659,PVC,LT,#9,#10,Aromatics,1.142282050142764,0.8090749334423399,30.822169618481528,-0.9183463465187155,0.547083531915104,-16.620214136259307,0.460770791219917,,,,,,,,,,,,,,,,,,,,,,,,,,,,,,,,,,,,,,,,,,,,,,,,,,,,,,,,,,,,,,,,,,,,,,,,,,,,,,,,,,,,,,,,,,,,,,,,,,,,,,,,,,,,,,,,,,,,,,,,,,,,,,,,,,,,,,,,,,,,,,,,,,,,,,,,,,,,,,,,,,,,,,,,,,,,,,,,,,,,,,,,,,,,,,,,,,,,,,,,,,,,,,,,,,,,,,,,
660,PVC,LT,#9,#11,Aromatics,1.1624670713949057,0.8123859744037287,31.297136660513527,-0.9331392171975895,0.5719576580162113,-17.255429595362365,0.4486578825872936,,,,,,,,,,,,,,,,,,,,,,,,,,,,,,,,,,,,,,,,,,,,,,,,,,,,,,,,,,,,,,,,,,,,,,,,,,,,,,,,,,,,,,,,,,,,,,,,,,,,,,,,,,,,,,,,,,,,,,,,,,,,,,,,,,,,,,,,,,,,,,,,,,,,,,,,,,,,,,,,,,,,,,,,,,,,,,,,,,,,,,,,,,,,,,,,,,,,,,,,,,,,,,,,,,,,,,,,
661,PVC,HT,#1,-,MeOH_1,0.9721652390990804,1.0118060696297764,35.02551151417986,-0.697837355952318,0.3748814680174001,-19.705596144081966,0.43739305174446136,,,,,,,,,,,,,,,,,,,,,,,,,,,,,,,,,,,,,,,,,,,,,,,,,,,,,,,,,,,,,,,,,,,,,,,,,,,,,,,,,,,,,,,,,,,,,,,,,,,,,,,,,,,,,,,,,,,,,,,,,,,,,,,,,,,,,,,,,,,,,,,,,,,,,,,,,,,,,,,,,,,,,,,,,,,,,,,,,,,,,,,,,,,,,,,,,,,,,,,,,,,,,,,,,,,,,,,,
662,PVC,HT,#2,-,FT_1,1.045827242176342,0.9023478312033799,35.78989345509186,-0.7553265957855202,0.4325196559724488,-21.230440111172108,0.4068034838435198,,,,,,,,,,,,,,,,,,,,,,,,,,,,,,,,,,,,,,,,,,,,,,,,,,,,,,,,,,,,,,,,,,,,,,,,,,,,,,,,,,,,,,,,,,,,,,,,,,,,,,,,,,,,,,,,,,,,,,,,,,,,,,,,,,,,,,,,,,,,,,,,,,,,,,,,,,,,,,,,,,,,,,,,,,,,,,,,,,,,,,,,,,,,,,,,,,,,,,,,,,,,,,,,,,,,,,,,
663,PVC,HT,#3,-,DIESEL_1,0.9761271389869605,2.194844431468406,35.966950165661586,-0.6472561763567001,-0.6971389842517751,-11.869701609916957,0.6699830940559087,,,,,,,,,,,,,,,,,,,,,,,,,,,,,,,,,,,,,,,,,,,,,,,,,,,,,,,,,,,,,,,,,,,,,,,,,,,,,,,,,,,,,,,,,,,,,,,,,,,,,,,,,,,,,,,,,,,,,,,,,,,,,,,,,,,,,,,,,,,,,,,,,,,,,,,,,,,,,,,,,,,,,,,,,,,,,,,,,,,,,,,,,,,,,,,,,,,,,,,,,,,,,,,,,,,,,,,,
664,PVC,HT,#4,-,MeOH_1,1.1974618026078614,1.0237302856291868,49.77494018905987,-0.9470462775730449,0.1839975501595925,-36.874436017445,0.2591766885628583,,,,,,,,,,,,,,,,,,,,,,,,,,,,,,,,,,,,,,,,,,,,,,,,,,,,,,,,,,,,,,,,,,,,,,,,,,,,,,,,,,,,,,,,,,,,,,,,,,,,,,,,,,,,,,,,,,,,,,,,,,,,,,,,,,,,,,,,,,,,,,,,,,,,,,,,,,,,,,,,,,,,,,,,,,,,,,,,,,,,,,,,,,,,,,,,,,,,,,,,,,,,,,,,,,,,,,,,
665,PVC,HT,#5,-,FT_1,1.2638561844487188,0.9722148874674433,49.77300145509186,-0.9328565349050686,0.4222469835298576,-34.70802129775289,0.302673733086631,,,,,,,,,,,,,,,,,,,,,,,,,,,,,,,,,,,,,,,,,,,,,,,,,,,,,,,,,,,,,,,,,,,,,,,,,,,,,,,,,,,,,,,,,,,,,,,,,,,,,,,,,,,,,,,,,,,,,,,,,,,,,,,,,,,,,,,,,,,,,,,,,,,,,,,,,,,,,,,,,,,,,,,,,,,,,,,,,,,,,,,,,,,,,,,,,,,,,,,,,,,,,,,,,,,,,,,,
666,PVC,HT,#6,-,Olefin,0.8104119973091564,0.5987712253816947,27.314703188434244,-0.5711526411884702,0.6956707379678295,-13.010471285016324,0.5236824945428916,,,,,,,,,,,,,,,,,,,,,,,,,,,,,,,,,,,,,,,,,,,,,,,,,,,,,,,,,,,,,,,,,,,,,,,,,,,,,,,,,,,,,,,,,,,,,,,,,,,,,,,,,,,,,,,,,,,,,,,,,,,,,,,,,,,,,,,,,,,,,,,,,,,,,,,,,,,,,,,,,,,,,,,,,,,,,,,,,,,,,,,,,,,,,,,,,,,,,,,,,,,,,,,,,,,,,,,,
667,PVC,HT,#7,-,MeOH_1,0.9256625805768353,1.4440200131659213,33.75222870009637,-0.6309369574090756,-0.05740439223105624,-18.028428525075537,0.4658596122565363,,,,,,,,,,,,,,,,,,,,,,,,,,,,,,,,,,,,,,,,,,,,,,,,,,,,,,,,,,,,,,,,,,,,,,,,,,,,,,,,,,,,,,,,,,,,,,,,,,,,,,,,,,,,,,,,,,,,,,,,,,,,,,,,,,,,,,,,,,,,,,,,,,,,,,,,,,,,,,,,,,,,,,,,,,,,,,,,,,,,,,,,,,,,,,,,,,,,,,,,,,,,,,,,,,,,,,,,
668,PVC,HT,#8,-,DIESEL_1,1.0174929127627286,1.2695819433726938,36.31719604612837,-0.7076042086668556,0.14650954887449427,-21.179439673860603,0.41682062549764337,,,,,,,,,,,,,,,,,,,,,,,,,,,,,,,,,,,,,,,,,,,,,,,,,,,,,,,,,,,,,,,,,,,,,,,,,,,,,,,,,,,,,,,,,,,,,,,,,,,,,,,,,,,,,,,,,,,,,,,,,,,,,,,,,,,,,,,,,,,,,,,,,,,,,,,,,,,,,,,,,,,,,,,,,,,,,,,,,,,,,,,,,,,,,,,,,,,,,,,,,,,,,,,,,,,,,,,,
669,PVC,HT,#9,-,DIESEL_1,0.9233439001856011,0.9186347178827406,32.74460344552127,-0.6285144955460401,0.5931586239267069,-16.122304831733747,0.507634750912248,,,,,,,,,,,,,,,,,,,,,,,,,,,,,,,,,,,,,,,,,,,,,,,,,,,,,,,,,,,,,,,,,,,,,,,,,,,,,,,,,,,,,,,,,,,,,,,,,,,,,,,,,,,,,,,,,,,,,,,,,,,,,,,,,,,,,,,,,,,,,,,,,,,,,,,,,,,,,,,,,,,,,,,,,,,,,,,,,,,,,,,,,,,,,,,,,,,,,,,,,,,,,,,,,,,,,,,,
670,PVC,HT,#10,-,MeOH_1,1.0865425747392021,1.3742005399652637,42.84393958009637,-0.7875805219638478,-0.0583657841965662,-27.66818035174886,0.3542101724790402,,,,,,,,,,,,,,,,,,,,,,,,,,,,,,,,,,,,,,,,,,,,,,,,,,,,,,,,,,,,,,,,,,,,,,,,,,,,,,,,,,,,,,,,,,,,,,,,,,,,,,,,,,,,,,,,,,,,,,,,,,,,,,,,,,,,,,,,,,,,,,,,,,,,,,,,,,,,,,,,,,,,,,,,,,,,,,,,,,,,,,,,,,,,,,,,,,,,,,,,,,,,,,,,,,,,,,,,
671,PVC,HT,#11,-,DIESEL_1,1.1809494762886166,1.3106928479360187,45.84450820612837,-0.8707484919495599,0.102462245147862,-30.964952821840505,0.3245657106274467,,,,,,,,,,,,,,,,,,,,,,,,,,,,,,,,,,,,,,,,,,,,,,,,,,,,,,,,,,,,,,,,,,,,,,,,,,,,,,,,,,,,,,,,,,,,,,,,,,,,,,,,,,,,,,,,,,,,,,,,,,,,,,,,,,,,,,,,,,,,,,,,,,,,,,,,,,,,,,,,,,,,,,,,,,,,,,,,,,,,,,,,,,,,,,,,,,,,,,,,,,,,,,,,,,,,,,,,
672,PVC,LT,#1,-,MeOH_1,0.9356281659188236,1.5500117904290924,34.717649749932434,-0.6470862186968874,-0.15640583615623133,-18.549275009861077,0.4657105206294336,,,,,,,,,,,,,,,,,,,,,,,,,,,,,,,,,,,,,,,,,,,,,,,,,,,,,,,,,,,,,,,,,,,,,,,,,,,,,,,,,,,,,,,,,,,,,,,,,,,,,,,,,,,,,,,,,,,,,,,,,,,,,,,,,,,,,,,,,,,,,,,,,,,,,,,,,,,,,,,,,,,,,,,,,,,,,,,,,,,,,,,,,,,,,,,,,,,,,,,,,,,,,,,,,,,,,,,,
673,PVC,LT,#2,-,FT_1,0.9964006821026048,1.3576659196034204,35.00101265084444,-0.6862825126947366,-0.0019475432611474395,-19.479171015406703,0.4434683587665642,,,,,,,,,,,,,,,,,,,,,,,,,,,,,,,,,,,,,,,,,,,,,,,,,,,,,,,,,,,,,,,,,,,,,,,,,,,,,,,,,,,,,,,,,,,,,,,,,,,,,,,,,,,,,,,,,,,,,,,,,,,,,,,,,,,,,,,,,,,,,,,,,,,,,,,,,,,,,,,,,,,,,,,,,,,,,,,,,,,,,,,,,,,,,,,,,,,,,,,,,,,,,,,,,,,,,,,,
674,PVC,LT,#3,-,GASOLINE_1,0.9286680773618625,1.1674173152743668,34.42105558215578,-0.6268197452483787,0.35902755408355025,-16.873245767882434,0.5097987123721536,,,,,,,,,,,,,,,,,,,,,,,,,,,,,,,,,,,,,,,,,,,,,,,,,,,,,,,,,,,,,,,,,,,,,,,,,,,,,,,,,,,,,,,,,,,,,,,,,,,,,,,,,,,,,,,,,,,,,,,,,,,,,,,,,,,,,,,,,,,,,,,,,,,,,,,,,,,,,,,,,,,,,,,,,,,,,,,,,,,,,,,,,,,,,,,,,,,,,,,,,,,,,,,,,,,,,,,,
675,PVC,LT,#4,-,MeOH_1,1.1813456742783652,1.2652782052469755,52.57451826481245,-0.8566866908052689,0.01134825454984337,-34.197572558145424,0.34954092425734157,,,,,,,,,,,,,,,,,,,,,,,,,,,,,,,,,,,,,,,,,,,,,,,,,,,,,,,,,,,,,,,,,,,,,,,,,,,,,,,,,,,,,,,,,,,,,,,,,,,,,,,,,,,,,,,,,,,,,,,,,,,,,,,,,,,,,,,,,,,,,,,,,,,,,,,,,,,,,,,,,,,,,,,,,,,,,,,,,,,,,,,,,,,,,,,,,,,,,,,,,,,,,,,,,,,,,,,,
676,PVC,LT,#5,-,FT_1,1.2392496914610807,1.3377475415397067,52.47419665084444,-0.8617700752723736,0.11166385575713723,-34.08947745394557,0.35035732551044235,,,,,,,,,,,,,,,,,,,,,,,,,,,,,,,,,,,,,,,,,,,,,,,,,,,,,,,,,,,,,,,,,,,,,,,,,,,,,,,,,,,,,,,,,,,,,,,,,,,,,,,,,,,,,,,,,,,,,,,,,,,,,,,,,,,,,,,,,,,,,,,,,,,,,,,,,,,,,,,,,,,,,,,,,,,,,,,,,,,,,,,,,,,,,,,,,,,,,,,,,,,,,,,,,,,,,,,,
677,PVC,LT,#6,-,Olefin,0.7936899601982662,0.5590742886802108,27.388471762067198,-0.5237748070754817,0.8027063136968595,-11.279109817624244,0.5881803878796291,,,,,,,,,,,,,,,,,,,,,,,,,,,,,,,,,,,,,,,,,,,,,,,,,,,,,,,,,,,,,,,,,,,,,,,,,,,,,,,,,,,,,,,,,,,,,,,,,,,,,,,,,,,,,,,,,,,,,,,,,,,,,,,,,,,,,,,,,,,,,,,,,,,,,,,,,,,,,,,,,,,,,,,,,,,,,,,,,,,,,,,,,,,,,,,,,,,,,,,,,,,,,,,,,,,,,,,,
678,PVC,LT,#7,-,MeOH_1,0.9168380369178416,1.108372992202558,35.581186856525285,-0.6079206068859694,0.30967118947505967,-19.054430002959787,0.46448020186079414,,,,,,,,,,,,,,,,,,,,,,,,,,,,,,,,,,,,,,,,,,,,,,,,,,,,,,,,,,,,,,,,,,,,,,,,,,,,,,,,,,,,,,,,,,,,,,,,,,,,,,,,,,,,,,,,,,,,,,,,,,,,,,,,,,,,,,,,,,,,,,,,,,,,,,,,,,,,,,,,,,,,,,,,,,,,,,,,,,,,,,,,,,,,,,,,,,,,,,,,,,,,,,,,,,,,,,,,
679,PVC,LT,#8,-,GASOLINE_1,1.011701558178948,0.9690050885686924,37.80574860255728,-0.6799374390103069,0.4514413786476305,-22.223548377670465,0.4121648373822387,,,,,,,,,,,,,,,,,,,,,,,,,,,,,,,,,,,,,,,,,,,,,,,,,,,,,,,,,,,,,,,,,,,,,,,,,,,,,,,,,,,,,,,,,,,,,,,,,,,,,,,,,,,,,,,,,,,,,,,,,,,,,,,,,,,,,,,,,,,,,,,,,,,,,,,,,,,,,,,,,,,,,,,,,,,,,,,,,,,,,,,,,,,,,,,,,,,,,,,,,,,,,,,,,,,,,,,,
680,PVC,LT,#9,-,GASOLINE_1,0.9179646047295433,1.0337436564863811,34.84848415068449,-0.6071762543024433,0.511036313388529,-17.36683855197812,0.501647231572998,,,,,,,,,,,,,,,,,,,,,,,,,,,,,,,,,,,,,,,,,,,,,,,,,,,,,,,,,,,,,,,,,,,,,,,,,,,,,,,,,,,,,,,,,,,,,,,,,,,,,,,,,,,,,,,,,,,,,,,,,,,,,,,,,,,,,,,,,,,,,,,,,,,,,,,,,,,,,,,,,,,,,,,,,,,,,,,,,,,,,,,,,,,,,,,,,,,,,,,,,,,,,,,,,,,,,,,,
681,PVC,LT,#10,-,MeOH_1,1.069394313951693,1.011059183202638,45.53482013652529,-0.7546991872263282,0.28777533422930257,-29.703363857686416,0.34767802379304524,,,,,,,,,,,,,,,,,,,,,,,,,,,,,,,,,,,,,,,,,,,,,,,,,,,,,,,,,,,,,,,,,,,,,,,,,,,,,,,,,,,,,,,,,,,,,,,,,,,,,,,,,,,,,,,,,,,,,,,,,,,,,,,,,,,,,,,,,,,,,,,,,,,,,,,,,,,,,,,,,,,,,,,,,,,,,,,,,,,,,,,,,,,,,,,,,,,,,,,,,,,,,,,,,,,,,,,,
682,PVC,LT,#11,-,GASOLINE_1,1.145847721960862,1.0460402254120882,47.54268988255729,-0.8125224338505107,0.36679919942621825,-32.08496810358123,0.32513351299980325,,,,,,,,,,,,,,,,,,,,,,,,,,,,,,,,,,,,,,,,,,,,,,,,,,,,,,,,,,,,,,,,,,,,,,,,,,,,,,,,,,,,,,,,,,,,,,,,,,,,,,,,,,,,,,,,,,,,,,,,,,,,,,,,,,,,,,,,,,,,,,,,,,,,,,,,,,,,,,,,,,,,,,,,,,,,,,,,,,,,,,,,,,,,,,,,,,,,,,,,,,,,,,,,,,,,,,,,
683,PVC,SG,#1,-,MeOH_1,0.7859805205655214,1.0692099268735247,31.44165865493168,-0.4815563968177772,0.23826444422692106,-14.569915477300356,0.536604743496411,,,,,,,,,,,,,,,,,,,,,,,,,,,,,,,,,,,,,,,,,,,,,,,,,,,,,,,,,,,,,,,,,,,,,,,,,,,,,,,,,,,,,,,,,,,,,,,,,,,,,,,,,,,,,,,,,,,,,,,,,,,,,,,,,,,,,,,,,,,,,,,,,,,,,,,,,,,,,,,,,,,,,,,,,,,,,,,,,,,,,,,,,,,,,,,,,,,,,,,,,,,,,,,,,,,,,,,,
684,PVC,SG,#2,-,FT_1,0.9115399528988248,0.8559123564868337,32.15640649493168,-0.49679020006229846,0.7511328230000973,-15.806766711648681,0.5084411339886482,,,,,,,,,,,,,,,,,,,,,,,,,,,,,,,,,,,,,,,,,,,,,,,,,,,,,,,,,,,,,,,,,,,,,,,,,,,,,,,,,,,,,,,,,,,,,,,,,,,,,,,,,,,,,,,,,,,,,,,,,,,,,,,,,,,,,,,,,,,,,,,,,,,,,,,,,,,,,,,,,,,,,,,,,,,,,,,,,,,,,,,,,,,,,,,,,,,,,,,,,,,,,,,,,,,,,,,,
685,PVC,SG,#3,-,H2_1,0.7954482165726375,1.0809134201780672,33.54006506455463,-0.5038847222165812,0.7616468219298062,-11.632369735668638,0.6531798697086666,,,,,,,,,,,,,,,,,,,,,,,,,,,,,,,,,,,,,,,,,,,,,,,,,,,,,,,,,,,,,,,,,,,,,,,,,,,,,,,,,,,,,,,,,,,,,,,,,,,,,,,,,,,,,,,,,,,,,,,,,,,,,,,,,,,,,,,,,,,,,,,,,,,,,,,,,,,,,,,,,,,,,,,,,,,,,,,,,,,,,,,,,,,,,,,,,,,,,,,,,,,,,,,,,,,,,,,,
686,PVC,SG,#4,-,MeOH_1,1.0642663873784575,1.0105252119734929,52.363769054931666,-0.7587233410981923,0.2764662205828068,-35.00003728426775,0.3315982039499234,,,,,,,,,,,,,,,,,,,,,,,,,,,,,,,,,,,,,,,,,,,,,,,,,,,,,,,,,,,,,,,,,,,,,,,,,,,,,,,,,,,,,,,,,,,,,,,,,,,,,,,,,,,,,,,,,,,,,,,,,,,,,,,,,,,,,,,,,,,,,,,,,,,,,,,,,,,,,,,,,,,,,,,,,,,,,,,,,,,,,,,,,,,,,,,,,,,,,,,,,,,,,,,,,,,,,,,,
687,PVC,SG,#5,-,FT_1,1.1879876438159218,0.8416692274519424,53.27796265493168,-0.7739261853983437,0.762177080824438,-37.05218054218253,0.30454959807377696,,,,,,,,,,,,,,,,,,,,,,,,,,,,,,,,,,,,,,,,,,,,,,,,,,,,,,,,,,,,,,,,,,,,,,,,,,,,,,,,,,,,,,,,,,,,,,,,,,,,,,,,,,,,,,,,,,,,,,,,,,,,,,,,,,,,,,,,,,,,,,,,,,,,,,,,,,,,,,,,,,,,,,,,,,,,,,,,,,,,,,,,,,,,,,,,,,,,,,,,,,,,,,,,,,,,,,,,
688,PVC,SG,#6,-,MeOH_1,0.7979450297551014,1.013540404238637,34.98731006139432,-0.46860681538126814,0.296727753416771,-17.799675226034104,0.49125339459364115,,,,,,,,,,,,,,,,,,,,,,,,,,,,,,,,,,,,,,,,,,,,,,,,,,,,,,,,,,,,,,,,,,,,,,,,,,,,,,,,,,,,,,,,,,,,,,,,,,,,,,,,,,,,,,,,,,,,,,,,,,,,,,,,,,,,,,,,,,,,,,,,,,,,,,,,,,,,,,,,,,,,,,,,,,,,,,,,,,,,,,,,,,,,,,,,,,,,,,,,,,,,,,,,,,,,,,,,
689,PVC,SG,#7,-,FT_1,0.9301949804580333,1.015274798492512,37.35357420742632,-0.5370774818317292,0.5903203876975557,-21.30138282455321,0.4297364234473108,,,,,,,,,,,,,,,,,,,,,,,,,,,,,,,,,,,,,,,,,,,,,,,,,,,,,,,,,,,,,,,,,,,,,,,,,,,,,,,,,,,,,,,,,,,,,,,,,,,,,,,,,,,,,,,,,,,,,,,,,,,,,,,,,,,,,,,,,,,,,,,,,,,,,,,,,,,,,,,,,,,,,,,,,,,,,,,,,,,,,,,,,,,,,,,,,,,,,,,,,,,,,,,,,,,,,,,,
690,PVC,SG,#8,-,H2_1,0.8347323784050104,1.2285673622970958,38.894403423204714,-0.5322620823751653,0.6260374262123497,-17.207769291792022,0.5575772404950752,,,,,,,,,,,,,,,,,,,,,,,,,,,,,,,,,,,,,,,,,,,,,,,,,,,,,,,,,,,,,,,,,,,,,,,,,,,,,,,,,,,,,,,,,,,,,,,,,,,,,,,,,,,,,,,,,,,,,,,,,,,,,,,,,,,,,,,,,,,,,,,,,,,,,,,,,,,,,,,,,,,,,,,,,,,,,,,,,,,,,,,,,,,,,,,,,,,,,,,,,,,,,,,,,,,,,,,,
691,PVC,SG,#9,-,MeOH_1,1.062318822713107,0.9911123850680512,56.79891774139432,-0.7329796074123545,0.3191619882716307,-39.61148082195839,0.3026014861355351,,,,,,,,,,,,,,,,,,,,,,,,,,,,,,,,,,,,,,,,,,,,,,,,,,,,,,,,,,,,,,,,,,,,,,,,,,,,,,,,,,,,,,,,,,,,,,,,,,,,,,,,,,,,,,,,,,,,,,,,,,,,,,,,,,,,,,,,,,,,,,,,,,,,,,,,,,,,,,,,,,,,,,,,,,,,,,,,,,,,,,,,,,,,,,,,,,,,,,,,,,,,,,,,,,,,,,,,
692,PVC,SG,#10,-,FT_1,1.192269041797551,0.9991155751059744,59.29079740742632,-0.798754121463947,0.6088107885845356,-43.15673937537166,0.27211740670625284,,,,,,,,,,,,,,,,,,,,,,,,,,,,,,,,,,,,,,,,,,,,,,,,,,,,,,,,,,,,,,,,,,,,,,,,,,,,,,,,,,,,,,,,,,,,,,,,,,,,,,,,,,,,,,,,,,,,,,,,,,,,,,,,,,,,,,,,,,,,,,,,,,,,,,,,,,,,,,,,,,,,,,,,,,,,,,,,,,,,,,,,,,,,,,,,,,,,,,,,,,,,,,,,,,,,,,,,
693,PVC,OG,#1,-,MeOH_1,0.690796814151609,1.3585110429188851,18.613416900078747,-0.5806834243451855,-0.2714167724580811,-9.812836662839304,0.47280842010271684,,,,,,,,,,,,,,,,,,,,,,,,,,,,,,,,,,,,,,,,,,,,,,,,,,,,,,,,,,,,,,,,,,,,,,,,,,,,,,,,,,,,,,,,,,,,,,,,,,,,,,,,,,,,,,,,,,,,,,,,,,,,,,,,,,,,,,,,,,,,,,,,,,,,,,,,,,,,,,,,,,,,,,,,,,,,,,,,,,,,,,,,,,,,,,,,,,,,,,,,,,,,,,,,,,,,,,,,
694,PVC,OG,#2,-,FT_1,1.0266122287308828,1.0214373593335295,34.18456922007874,-0.6088245134272215,0.5861491521270746,-17.552159480001077,0.48654729661792584,,,,,,,,,,,,,,,,,,,,,,,,,,,,,,,,,,,,,,,,,,,,,,,,,,,,,,,,,,,,,,,,,,,,,,,,,,,,,,,,,,,,,,,,,,,,,,,,,,,,,,,,,,,,,,,,,,,,,,,,,,,,,,,,,,,,,,,,,,,,,,,,,,,,,,,,,,,,,,,,,,,,,,,,,,,,,,,,,,,,,,,,,,,,,,,,,,,,,,,,,,,,,,,,,,,,,,,,
695,PVC,OG,#3,-,H2_1,0.721974865021843,0.7864296181070095,23.556914238371533,-0.5741845357965617,0.5714195382617139,-14.281109134366208,0.39376146680943863,,,,,,,,,,,,,,,,,,,,,,,,,,,,,,,,,,,,,,,,,,,,,,,,,,,,,,,,,,,,,,,,,,,,,,,,,,,,,,,,,,,,,,,,,,,,,,,,,,,,,,,,,,,,,,,,,,,,,,,,,,,,,,,,,,,,,,,,,,,,,,,,,,,,,,,,,,,,,,,,,,,,,,,,,,,,,,,,,,,,,,,,,,,,,,,,,,,,,,,,,,,,,,,,,,,,,,,,
696,PVC,OG,#4,-,MeOH_1,0.8698634697585942,1.3143443437393871,30.88100922007874,-0.7685655931474722,-0.23583953729565277,-22.459128250573503,0.27272039296012907,,,,,,,,,,,,,,,,,,,,,,,,,,,,,,,,,,,,,,,,,,,,,,,,,,,,,,,,,,,,,,,,,,,,,,,,,,,,,,,,,,,,,,,,,,,,,,,,,,,,,,,,,,,,,,,,,,,,,,,,,,,,,,,,,,,,,,,,,,,,,,,,,,,,,,,,,,,,,,,,,,,,,,,,,,,,,,,,,,,,,,,,,,,,,,,,,,,,,,,,,,,,,,,,,,,,,,,,
697,PVC,OG,#5,-,FT_1,1.411923811196014,1.3579465015191614,63.03540074007874,-0.9715118625615109,0.3613763152772725,-43.797555873589715,0.30519112499680423,,,,,,,,,,,,,,,,,,,,,,,,,,,,,,,,,,,,,,,,,,,,,,,,,,,,,,,,,,,,,,,,,,,,,,,,,,,,,,,,,,,,,,,,,,,,,,,,,,,,,,,,,,,,,,,,,,,,,,,,,,,,,,,,,,,,,,,,,,,,,,,,,,,,,,,,,,,,,,,,,,,,,,,,,,,,,,,,,,,,,,,,,,,,,,,,,,,,,,,,,,,,,,,,,,,,,,,,
698,PVC,OG,#6,-,MeOH_1,0.6875963180280741,0.7879070763850992,19.950742104113978,-0.534738079773543,0.32201414847226245,-11.985859224907276,0.3992273990431809,,,,,,,,,,,,,,,,,,,,,,,,,,,,,,,,,,,,,,,,,,,,,,,,,,,,,,,,,,,,,,,,,,,,,,,,,,,,,,,,,,,,,,,,,,,,,,,,,,,,,,,,,,,,,,,,,,,,,,,,,,,,,,,,,,,,,,,,,,,,,,,,,,,,,,,,,,,,,,,,,,,,,,,,,,,,,,,,,,,,,,,,,,,,,,,,,,,,,,,,,,,,,,,,,,,,,,,,
699,PVC,OG,#7,-,FT_1,0.8861922036790308,0.7611151541965856,28.94746530411398,-0.596190304156751,0.6580955228433577,-17.985920508087162,0.37867028013913795,,,,,,,,,,,,,,,,,,,,,,,,,,,,,,,,,,,,,,,,,,,,,,,,,,,,,,,,,,,,,,,,,,,,,,,,,,,,,,,,,,,,,,,,,,,,,,,,,,,,,,,,,,,,,,,,,,,,,,,,,,,,,,,,,,,,,,,,,,,,,,,,,,,,,,,,,,,,,,,,,,,,,,,,,,,,,,,,,,,,,,,,,,,,,,,,,,,,,,,,,,,,,,,,,,,,,,,,
700,PVC,OG,#8,-,H2_1,0.7291974446740371,0.6901499403932503,24.934495810327896,-0.5700017406749526,0.6903893222406694,-15.23380217648736,0.3890471139914728,,,,,,,,,,,,,,,,,,,,,,,,,,,,,,,,,,,,,,,,,,,,,,,,,,,,,,,,,,,,,,,,,,,,,,,,,,,,,,,,,,,,,,,,,,,,,,,,,,,,,,,,,,,,,,,,,,,,,,,,,,,,,,,,,,,,,,,,,,,,,,,,,,,,,,,,,,,,,,,,,,,,,,,,,,,,,,,,,,,,,,,,,,,,,,,,,,,,,,,,,,,,,,,,,,,,,,,,
701,PVC,OG,#9,-,MeOH_1,0.8254320020644981,1.0205622849071794,30.72029341611398,-0.6814087187421213,0.08027432374284074,-23.075833293714062,0.24884072618883593,,,,,,,,,,,,,,,,,,,,,,,,,,,,,,,,,,,,,,,,,,,,,,,,,,,,,,,,,,,,,,,,,,,,,,,,,,,,,,,,,,,,,,,,,,,,,,,,,,,,,,,,,,,,,,,,,,,,,,,,,,,,,,,,,,,,,,,,,,,,,,,,,,,,,,,,,,,,,,,,,,,,,,,,,,,,,,,,,,,,,,,,,,,,,,,,,,,,,,,,,,,,,,,,,,,,,,,,
702,PVC,OG,#10,-,FT_1,1.0534408946398461,0.80145229966784,42.04710498411397,-0.7501854621946781,0.6642176480112953,-29.749021809776455,0.2924834701219959,,,,,,,,,,,,,,,,,,,,,,,,,,,,,,,,,,,,,,,,,,,,,,,,,,,,,,,,,,,,,,,,,,,,,,,,,,,,,,,,,,,,,,,,,,,,,,,,,,,,,,,,,,,,,,,,,,,,,,,,,,,,,,,,,,,,,,,,,,,,,,,,,,,,,,,,,,,,,,,,,,,,,,,,,,,,,,,,,,,,,,,,,,,,,,,,,,,,,,,,,,,,,,,,,,,,,,,,
703,PS,HT,#1,-,GASOLINE_1,1.1307665410296983,1.0789382519646933,65.88056956652426,-0.25243927634505997,2.155266044130232,-18.502691557026452,0.7191479721749677,,,,,,,,,,,,,,,,,,,,,,,,,,,,,,,,,,,,,,,,,,,,,,,,,,,,,,,,,,,,,,,,,,,,,,,,,,,,,,,,,,,,,,,,,,,,,,,,,,,,,,,,,,,,,,,,,,,,,,,,,,,,,,,,,,,,,,,,,,,,,,,,,,,,,,,,,,,,,,,,,,,,,,,,,,,,,,,,,,,,,,,,,,,,,,,,,,,,,,,,,,,,,,,,,,,,,,,,
704,PS,HT,#2,-,GASOLINE_1,1.1988656243919174,1.42866281111436,71.74702843105656,-0.45100825012076984,2.0344984579103476,-27.950109066719765,0.6104353075252769,,,,,,,,,,,,,,,,,,,,,,,,,,,,,,,,,,,,,,,,,,,,,,,,,,,,,,,,,,,,,,,,,,,,,,,,,,,,,,,,,,,,,,,,,,,,,,,,,,,,,,,,,,,,,,,,,,,,,,,,,,,,,,,,,,,,,,,,,,,,,,,,,,,,,,,,,,,,,,,,,,,,,,,,,,,,,,,,,,,,,,,,,,,,,,,,,,,,,,,,,,,,,,,,,,,,,,,,
705,PS,HT,#3,-,GASOLINE_1,1.3194513179385063,1.8835959957821191,80.5314148825701,-0.5105589669750304,1.4964152690759505,-35.48052888419452,0.5594200234041363,,,,,,,,,,,,,,,,,,,,,,,,,,,,,,,,,,,,,,,,,,,,,,,,,,,,,,,,,,,,,,,,,,,,,,,,,,,,,,,,,,,,,,,,,,,,,,,,,,,,,,,,,,,,,,,,,,,,,,,,,,,,,,,,,,,,,,,,,,,,,,,,,,,,,,,,,,,,,,,,,,,,,,,,,,,,,,,,,,,,,,,,,,,,,,,,,,,,,,,,,,,,,,,,,,,,,,,,
706,PS,HT,#4,-,GASOLINE_1,1.4052174323573383,1.7355626806846483,83.45958622860212,-0.5564445948342467,1.7505603648675907,-39.20441997269507,0.5302586348162426,,,,,,,,,,,,,,,,,,,,,,,,,,,,,,,,,,,,,,,,,,,,,,,,,,,,,,,,,,,,,,,,,,,,,,,,,,,,,,,,,,,,,,,,,,,,,,,,,,,,,,,,,,,,,,,,,,,,,,,,,,,,,,,,,,,,,,,,,,,,,,,,,,,,,,,,,,,,,,,,,,,,,,,,,,,,,,,,,,,,,,,,,,,,,,,,,,,,,,,,,,,,,,,,,,,,,,,,
707,PS,HT,#5,-,GASOLINE_1,1.3275402909840173,1.9611264262046157,79.68754681878802,-0.5267936498247984,1.6995432343503742,-31.901979067760696,0.5996616743604016,,,,,,,,,,,,,,,,,,,,,,,,,,,,,,,,,,,,,,,,,,,,,,,,,,,,,,,,,,,,,,,,,,,,,,,,,,,,,,,,,,,,,,,,,,,,,,,,,,,,,,,,,,,,,,,,,,,,,,,,,,,,,,,,,,,,,,,,,,,,,,,,,,,,,,,,,,,,,,,,,,,,,,,,,,,,,,,,,,,,,,,,,,,,,,,,,,,,,,,,,,,,,,,,,,,,,,,,
708,PS,HT,#6,-,MeOH_1,1.5470267270583835,1.847087525131854,97.0778404825701,-0.7309618664211174,1.4289794530614024,-52.33070824607806,0.46094074625121256,,,,,,,,,,,,,,,,,,,,,,,,,,,,,,,,,,,,,,,,,,,,,,,,,,,,,,,,,,,,,,,,,,,,,,,,,,,,,,,,,,,,,,,,,,,,,,,,,,,,,,,,,,,,,,,,,,,,,,,,,,,,,,,,,,,,,,,,,,,,,,,,,,,,,,,,,,,,,,,,,,,,,,,,,,,,,,,,,,,,,,,,,,,,,,,,,,,,,,,,,,,,,,,,,,,,,,,,
709,PS,HT,#7,-,GASOLINE_1,1.6557503054893332,1.9092088334128834,100.72848894860215,-0.8054067966819293,1.5721765918956483,-56.5409450879546,0.43867970543263823,,,,,,,,,,,,,,,,,,,,,,,,,,,,,,,,,,,,,,,,,,,,,,,,,,,,,,,,,,,,,,,,,,,,,,,,,,,,,,,,,,,,,,,,,,,,,,,,,,,,,,,,,,,,,,,,,,,,,,,,,,,,,,,,,,,,,,,,,,,,,,,,,,,,,,,,,,,,,,,,,,,,,,,,,,,,,,,,,,,,,,,,,,,,,,,,,,,,,,,,,,,,,,,,,,,,,,,,
710,PS,HT,#8,-,WAX_1,1.118824142731654,0.80589386239624,55.65288202818166,-0.6151427063233106,2.625654720509145,-16.817573489786042,0.6978130713649311,,,,,,,,,,,,,,,,,,,,,,,,,,,,,,,,,,,,,,,,,,,,,,,,,,,,,,,,,,,,,,,,,,,,,,,,,,,,,,,,,,,,,,,,,,,,,,,,,,,,,,,,,,,,,,,,,,,,,,,,,,,,,,,,,,,,,,,,,,,,,,,,,,,,,,,,,,,,,,,,,,,,,,,,,,,,,,,,,,,,,,,,,,,,,,,,,,,,,,,,,,,,,,,,,,,,,,,,
711,PS,HT,#9,-,WAX_1,1.1959434225762926,1.12738260724536,57.79364694794164,-0.7006364799541597,2.3451194146250476,-18.70128081979859,0.6764128618385338,,,,,,,,,,,,,,,,,,,,,,,,,,,,,,,,,,,,,,,,,,,,,,,,,,,,,,,,,,,,,,,,,,,,,,,,,,,,,,,,,,,,,,,,,,,,,,,,,,,,,,,,,,,,,,,,,,,,,,,,,,,,,,,,,,,,,,,,,,,,,,,,,,,,,,,,,,,,,,,,,,,,,,,,,,,,,,,,,,,,,,,,,,,,,,,,,,,,,,,,,,,,,,,,,,,,,,,,
712,PS,LT,#1,-,GASOLINE_1,1.1353527019274283,1.1710600772810142,65.44101526225894,-0.24588958724186327,2.0651627218983393,-17.648425383541937,0.7303155320434016,,,,,,,,,,,,,,,,,,,,,,,,,,,,,,,,,,,,,,,,,,,,,,,,,,,,,,,,,,,,,,,,,,,,,,,,,,,,,,,,,,,,,,,,,,,,,,,,,,,,,,,,,,,,,,,,,,,,,,,,,,,,,,,,,,,,,,,,,,,,,,,,,,,,,,,,,,,,,,,,,,,,,,,,,,,,,,,,,,,,,,,,,,,,,,,,,,,,,,,,,,,,,,,,,,,,,,,,
713,PS,LT,#2,-,GASOLINE_1,1.1927757424810732,1.474855816178336,71.14678184017563,-0.34973218284527774,2.1047618212723402,-20.869373726899408,0.7066715712626266,,,,,,,,,,,,,,,,,,,,,,,,,,,,,,,,,,,,,,,,,,,,,,,,,,,,,,,,,,,,,,,,,,,,,,,,,,,,,,,,,,,,,,,,,,,,,,,,,,,,,,,,,,,,,,,,,,,,,,,,,,,,,,,,,,,,,,,,,,,,,,,,,,,,,,,,,,,,,,,,,,,,,,,,,,,,,,,,,,,,,,,,,,,,,,,,,,,,,,,,,,,,,,,,,,,,,,,,
714,PS,LT,#3,-,GASOLINE_1,1.3441300163822785,2.1012836300832687,81.59498231407154,-0.4865226053991451,1.3507291342275773,-33.9305168678631,0.5841592717397822,,,,,,,,,,,,,,,,,,,,,,,,,,,,,,,,,,,,,,,,,,,,,,,,,,,,,,,,,,,,,,,,,,,,,,,,,,,,,,,,,,,,,,,,,,,,,,,,,,,,,,,,,,,,,,,,,,,,,,,,,,,,,,,,,,,,,,,,,,,,,,,,,,,,,,,,,,,,,,,,,,,,,,,,,,,,,,,,,,,,,,,,,,,,,,,,,,,,,,,,,,,,,,,,,,,,,,,,
715,PS,LT,#4,-,GASOLINE_1,1.4370497214348432,1.8953762646119743,84.65115894010356,-0.5385106919561876,1.621057297401982,-37.85069208080507,0.5528626831017517,,,,,,,,,,,,,,,,,,,,,,,,,,,,,,,,,,,,,,,,,,,,,,,,,,,,,,,,,,,,,,,,,,,,,,,,,,,,,,,,,,,,,,,,,,,,,,,,,,,,,,,,,,,,,,,,,,,,,,,,,,,,,,,,,,,,,,,,,,,,,,,,,,,,,,,,,,,,,,,,,,,,,,,,,,,,,,,,,,,,,,,,,,,,,,,,,,,,,,,,,,,,,,,,,,,,,,,,
716,PS,LT,#5,-,GASOLINE_1,1.3402488870068725,2.084309201899032,80.2261188692664,-0.48514037230845175,1.6215553404742378,-30.019303764412363,0.6258163278055275,,,,,,,,,,,,,,,,,,,,,,,,,,,,,,,,,,,,,,,,,,,,,,,,,,,,,,,,,,,,,,,,,,,,,,,,,,,,,,,,,,,,,,,,,,,,,,,,,,,,,,,,,,,,,,,,,,,,,,,,,,,,,,,,,,,,,,,,,,,,,,,,,,,,,,,,,,,,,,,,,,,,,,,,,,,,,,,,,,,,,,,,,,,,,,,,,,,,,,,,,,,,,,,,,,,,,,,,
717,PS,LT,#6,-,MeOH_1,1.5700953287927615,1.9872244158044723,98.21219735407153,-0.7031117347437237,1.319176090844784,-51.1227435670689,0.47946645178131203,,,,,,,,,,,,,,,,,,,,,,,,,,,,,,,,,,,,,,,,,,,,,,,,,,,,,,,,,,,,,,,,,,,,,,,,,,,,,,,,,,,,,,,,,,,,,,,,,,,,,,,,,,,,,,,,,,,,,,,,,,,,,,,,,,,,,,,,,,,,,,,,,,,,,,,,,,,,,,,,,,,,,,,,,,,,,,,,,,,,,,,,,,,,,,,,,,,,,,,,,,,,,,,,,,,,,,,,
718,PS,LT,#7,-,GASOLINE_1,1.680290104357083,2.056399844721503,101.90351126010357,-0.7807457946046975,1.4523566405939614,-55.464197343200915,0.4557184864647956,,,,,,,,,,,,,,,,,,,,,,,,,,,,,,,,,,,,,,,,,,,,,,,,,,,,,,,,,,,,,,,,,,,,,,,,,,,,,,,,,,,,,,,,,,,,,,,,,,,,,,,,,,,,,,,,,,,,,,,,,,,,,,,,,,,,,,,,,,,,,,,,,,,,,,,,,,,,,,,,,,,,,,,,,,,,,,,,,,,,,,,,,,,,,,,,,,,,,,,,,,,,,,,,,,,,,,,,
719,PS,LT,#8,-,Aromatics,1.0348733467667977,0.7520698390948158,53.84353192850068,-0.20764256020669364,3.208040312299314,-9.944629860053043,0.815305023577231,,,,,,,,,,,,,,,,,,,,,,,,,,,,,,,,,,,,,,,,,,,,,,,,,,,,,,,,,,,,,,,,,,,,,,,,,,,,,,,,,,,,,,,,,,,,,,,,,,,,,,,,,,,,,,,,,,,,,,,,,,,,,,,,,,,,,,,,,,,,,,,,,,,,,,,,,,,,,,,,,,,,,,,,,,,,,,,,,,,,,,,,,,,,,,,,,,,,,,,,,,,,,,,,,,,,,,,,
720,PS,LT,#9,-,Aromatics,1.1284739508971051,1.1098231348303376,56.796355064292676,-0.33673494428616196,2.9778558782589792,-12.513511680619457,0.7796775573634199,,,,,,,,,,,,,,,,,,,,,,,,,,,,,,,,,,,,,,,,,,,,,,,,,,,,,,,,,,,,,,,,,,,,,,,,,,,,,,,,,,,,,,,,,,,,,,,,,,,,,,,,,,,,,,,,,,,,,,,,,,,,,,,,,,,,,,,,,,,,,,,,,,,,,,,,,,,,,,,,,,,,,,,,,,,,,,,,,,,,,,,,,,,,,,,,,,,,,,,,,,,,,,,,,,,,,,,,
721,PS,SG,#1,-,MeOH_1,0.96006420598105,2.305058995797632,77.71176083732654,-0.28224337698778795,0.8742078149058089,-39.94397799321374,0.485998289540393,,,,,,,,,,,,,,,,,,,,,,,,,,,,,,,,,,,,,,,,,,,,,,,,,,,,,,,,,,,,,,,,,,,,,,,,,,,,,,,,,,,,,,,,,,,,,,,,,,,,,,,,,,,,,,,,,,,,,,,,,,,,,,,,,,,,,,,,,,,,,,,,,,,,,,,,,,,,,,,,,,,,,,,,,,,,,,,,,,,,,,,,,,,,,,,,,,,,,,,,,,,,,,,,,,,,,,,,
722,PS,SG,#2,-,FT_1,1.1697678503333202,1.892881483969978,79.88735443732654,-0.25967368093100535,1.9077722763606924,-43.956516391127984,0.4497687812955068,,,,,,,,,,,,,,,,,,,,,,,,,,,,,,,,,,,,,,,,,,,,,,,,,,,,,,,,,,,,,,,,,,,,,,,,,,,,,,,,,,,,,,,,,,,,,,,,,,,,,,,,,,,,,,,,,,,,,,,,,,,,,,,,,,,,,,,,,,,,,,,,,,,,,,,,,,,,,,,,,,,,,,,,,,,,,,,,,,,,,,,,,,,,,,,,,,,,,,,,,,,,,,,,,,,,,,,,
723,PS,SG,#3,-,H2_1,0.8922693325124834,2.936580512216056,71.82709538062574,-0.329906784541905,1.1487229023505006,-24.148143899987684,0.6638017481839968,,,,,,,,,,,,,,,,,,,,,,,,,,,,,,,,,,,,,,,,,,,,,,,,,,,,,,,,,,,,,,,,,,,,,,,,,,,,,,,,,,,,,,,,,,,,,,,,,,,,,,,,,,,,,,,,,,,,,,,,,,,,,,,,,,,,,,,,,,,,,,,,,,,,,,,,,,,,,,,,,,,,,,,,,,,,,,,,,,,,,,,,,,,,,,,,,,,,,,,,,,,,,,,,,,,,,,,,
724,PS,SG,#4,-,MeOH_1,1.507750165607198,2.2098608943604625,124.35406643732652,-0.839139094289388,0.902296556791513,-87.66231173826544,0.2950587443600282,,,,,,,,,,,,,,,,,,,,,,,,,,,,,,,,,,,,,,,,,,,,,,,,,,,,,,,,,,,,,,,,,,,,,,,,,,,,,,,,,,,,,,,,,,,,,,,,,,,,,,,,,,,,,,,,,,,,,,,,,,,,,,,,,,,,,,,,,,,,,,,,,,,,,,,,,,,,,,,,,,,,,,,,,,,,,,,,,,,,,,,,,,,,,,,,,,,,,,,,,,,,,,,,,,,,,,,,
725,PS,SG,#5,-,FT_1,1.7040932291969328,1.8515523268630947,126.24064627732655,-0.7958800395959519,1.9413608639765745,-90.63309356053682,0.28206091910022985,,,,,,,,,,,,,,,,,,,,,,,,,,,,,,,,,,,,,,,,,,,,,,,,,,,,,,,,,,,,,,,,,,,,,,,,,,,,,,,,,,,,,,,,,,,,,,,,,,,,,,,,,,,,,,,,,,,,,,,,,,,,,,,,,,,,,,,,,,,,,,,,,,,,,,,,,,,,,,,,,,,,,,,,,,,,,,,,,,,,,,,,,,,,,,,,,,,,,,,,,,,,,,,,,,,,,,,,
726,PS,SG,#6,-,MeOH_1,0.970480368322577,2.063380753129189,80.9172939450494,-0.2581836687160113,1.1894134401651124,-42.728847945682034,0.47194418074955613,,,,,,,,,,,,,,,,,,,,,,,,,,,,,,,,,,,,,,,,,,,,,,,,,,,,,,,,,,,,,,,,,,,,,,,,,,,,,,,,,,,,,,,,,,,,,,,,,,,,,,,,,,,,,,,,,,,,,,,,,,,,,,,,,,,,,,,,,,,,,,,,,,,,,,,,,,,,,,,,,,,,,,,,,,,,,,,,,,,,,,,,,,,,,,,,,,,,,,,,,,,,,,,,,,,,,,,,
727,PS,SG,#7,-,FT_1,1.1934055501396066,1.9417286463572816,85.51616561108138,-0.34453700259491526,1.8548974123890498,-50.10482166644425,0.4140894729270748,,,,,,,,,,,,,,,,,,,,,,,,,,,,,,,,,,,,,,,,,,,,,,,,,,,,,,,,,,,,,,,,,,,,,,,,,,,,,,,,,,,,,,,,,,,,,,,,,,,,,,,,,,,,,,,,,,,,,,,,,,,,,,,,,,,,,,,,,,,,,,,,,,,,,,,,,,,,,,,,,,,,,,,,,,,,,,,,,,,,,,,,,,,,,,,,,,,,,,,,,,,,,,,,,,,,,,,,
728,PS,SG,#8,-,H2_1,1.0115416194976652,2.8583123516011124,87.63362804431141,-0.4013611910376525,1.3682398981091515,-40.120411087306316,0.5421801883288493,,,,,,,,,,,,,,,,,,,,,,,,,,,,,,,,,,,,,,,,,,,,,,,,,,,,,,,,,,,,,,,,,,,,,,,,,,,,,,,,,,,,,,,,,,,,,,,,,,,,,,,,,,,,,,,,,,,,,,,,,,,,,,,,,,,,,,,,,,,,,,,,,,,,,,,,,,,,,,,,,,,,,,,,,,,,,,,,,,,,,,,,,,,,,,,,,,,,,,,,,,,,,,,,,,,,,,,,
729,PS,SG,#9,-,MeOH_1,1.624328954087702,1.8629395925105918,129.13418034504937,-0.9099244299196599,1.3135985949347058,-90.89495055736208,0.2961201262555835,,,,,,,,,,,,,,,,,,,,,,,,,,,,,,,,,,,,,,,,,,,,,,,,,,,,,,,,,,,,,,,,,,,,,,,,,,,,,,,,,,,,,,,,,,,,,,,,,,,,,,,,,,,,,,,,,,,,,,,,,,,,,,,,,,,,,,,,,,,,,,,,,,,,,,,,,,,,,,,,,,,,,,,,,,,,,,,,,,,,,,,,,,,,,,,,,,,,,,,,,,,,,,,,,,,,,,,,
730,PS,SG,#10,-,FT_1,1.8542601682630788,1.8777896412126496,134.2241435450494,-1.006581739768416,1.9181954346213441,-98.97052191872199,0.2626473948369453,,,,,,,,,,,,,,,,,,,,,,,,,,,,,,,,,,,,,,,,,,,,,,,,,,,,,,,,,,,,,,,,,,,,,,,,,,,,,,,,,,,,,,,,,,,,,,,,,,,,,,,,,,,,,,,,,,,,,,,,,,,,,,,,,,,,,,,,,,,,,,,,,,,,,,,,,,,,,,,,,,,,,,,,,,,,,,,,,,,,,,,,,,,,,,,,,,,,,,,,,,,,,,,,,,,,,,,,
731,PS,OG,#1,-,MeOH_1,0.8244411453144256,3.3704936177671696,53.7473936,-0.5671992231652564,-0.6966136806557116,-32.05402499906742,0.4036171272300092,,,,,,,,,,,,,,,,,,,,,,,,,,,,,,,,,,,,,,,,,,,,,,,,,,,,,,,,,,,,,,,,,,,,,,,,,,,,,,,,,,,,,,,,,,,,,,,,,,,,,,,,,,,,,,,,,,,,,,,,,,,,,,,,,,,,,,,,,,,,,,,,,,,,,,,,,,,,,,,,,,,,,,,,,,,,,,,,,,,,,,,,,,,,,,,,,,,,,,,,,,,,,,,,,,,,,,,,
732,PS,OG,#2,-,FT_1,1.7179737016300571,2.6889466140290574,101.6191344,-0.6957282366675537,1.4202476779356175,-58.62106916934807,0.4231296151510215,,,,,,,,,,,,,,,,,,,,,,,,,,,,,,,,,,,,,,,,,,,,,,,,,,,,,,,,,,,,,,,,,,,,,,,,,,,,,,,,,,,,,,,,,,,,,,,,,,,,,,,,,,,,,,,,,,,,,,,,,,,,,,,,,,,,,,,,,,,,,,,,,,,,,,,,,,,,,,,,,,,,,,,,,,,,,,,,,,,,,,,,,,,,,,,,,,,,,,,,,,,,,,,,,,,,,,,,
733,PS,OG,#3,-,H2_1,0.8245649060223821,1.9423331737541796,53.75784738839299,-0.49292385125579735,1.3075193873072344,-29.390141099354043,0.4532864962576654,,,,,,,,,,,,,,,,,,,,,,,,,,,,,,,,,,,,,,,,,,,,,,,,,,,,,,,,,,,,,,,,,,,,,,,,,,,,,,,,,,,,,,,,,,,,,,,,,,,,,,,,,,,,,,,,,,,,,,,,,,,,,,,,,,,,,,,,,,,,,,,,,,,,,,,,,,,,,,,,,,,,,,,,,,,,,,,,,,,,,,,,,,,,,,,,,,,,,,,,,,,,,,,,,,,,,,,,
734,PS,OG,#4,-,MeOH_1,1.201514456254084,2.9131126799748,82.72375872,-0.9185898477843042,-0.21584074685360283,-61.00165520863965,0.26258603147959525,,,,,,,,,,,,,,,,,,,,,,,,,,,,,,,,,,,,,,,,,,,,,,,,,,,,,,,,,,,,,,,,,,,,,,,,,,,,,,,,,,,,,,,,,,,,,,,,,,,,,,,,,,,,,,,,,,,,,,,,,,,,,,,,,,,,,,,,,,,,,,,,,,,,,,,,,,,,,,,,,,,,,,,,,,,,,,,,,,,,,,,,,,,,,,,,,,,,,,,,,,,,,,,,,,,,,,,,
735,PS,OG,#5,-,FT_1,1.9112172274332195,2.395410631624253,119.83336784,-0.9187501060403933,1.5291288181632683,-80.40095214618574,0.3290603978222821,,,,,,,,,,,,,,,,,,,,,,,,,,,,,,,,,,,,,,,,,,,,,,,,,,,,,,,,,,,,,,,,,,,,,,,,,,,,,,,,,,,,,,,,,,,,,,,,,,,,,,,,,,,,,,,,,,,,,,,,,,,,,,,,,,,,,,,,,,,,,,,,,,,,,,,,,,,,,,,,,,,,,,,,,,,,,,,,,,,,,,,,,,,,,,,,,,,,,,,,,,,,,,,,,,,,,,,,
736,PS,OG,#6,-,MeOH_1,0.8001715879173781,1.797987247189005,54.76427531555752,-0.4077108246829442,0.9616615645564947,-34.71805154115923,0.3660456321003034,,,,,,,,,,,,,,,,,,,,,,,,,,,,,,,,,,,,,,,,,,,,,,,,,,,,,,,,,,,,,,,,,,,,,,,,,,,,,,,,,,,,,,,,,,,,,,,,,,,,,,,,,,,,,,,,,,,,,,,,,,,,,,,,,,,,,,,,,,,,,,,,,,,,,,,,,,,,,,,,,,,,,,,,,,,,,,,,,,,,,,,,,,,,,,,,,,,,,,,,,,,,,,,,,,,,,,,,
737,PS,OG,#7,-,FT_1,1.1188444525095824,1.6564448286087197,69.39587467555754,-0.439482237143894,1.7348854590239995,-44.68298242913264,0.3561147166450979,,,,,,,,,,,,,,,,,,,,,,,,,,,,,,,,,,,,,,,,,,,,,,,,,,,,,,,,,,,,,,,,,,,,,,,,,,,,,,,,,,,,,,,,,,,,,,,,,,,,,,,,,,,,,,,,,,,,,,,,,,,,,,,,,,,,,,,,,,,,,,,,,,,,,,,,,,,,,,,,,,,,,,,,,,,,,,,,,,,,,,,,,,,,,,,,,,,,,,,,,,,,,,,,,,,,,,,,
738,PS,OG,#8,-,H2_1,0.8591880591960557,1.9010293661675823,62.7802188715777,-0.5046464277051894,1.414220199219551,-39.24311223399574,0.3749127840049287,,,,,,,,,,,,,,,,,,,,,,,,,,,,,,,,,,,,,,,,,,,,,,,,,,,,,,,,,,,,,,,,,,,,,,,,,,,,,,,,,,,,,,,,,,,,,,,,,,,,,,,,,,,,,,,,,,,,,,,,,,,,,,,,,,,,,,,,,,,,,,,,,,,,,,,,,,,,,,,,,,,,,,,,,,,,,,,,,,,,,,,,,,,,,,,,,,,,,,,,,,,,,,,,,,,,,,,,
739,PS,OG,#9,-,MeOH_1,1.0972159469002458,1.7146690621752319,81.16730619555753,-0.7278025890902409,1.0136854194234655,-60.68976100627053,0.25228809663770485,,,,,,,,,,,,,,,,,,,,,,,,,,,,,,,,,,,,,,,,,,,,,,,,,,,,,,,,,,,,,,,,,,,,,,,,,,,,,,,,,,,,,,,,,,,,,,,,,,,,,,,,,,,,,,,,,,,,,,,,,,,,,,,,,,,,,,,,,,,,,,,,,,,,,,,,,,,,,,,,,,,,,,,,,,,,,,,,,,,,,,,,,,,,,,,,,,,,,,,,,,,,,,,,,,,,,,,,
740,PS,OG,#10,-,FT_1,1.386021356174373,1.5887701060043282,94.07406475555754,-0.7027761746696134,1.7956129152566564,-69.41313137620726,0.2621438059833957,,,,,,,,,,,,,,,,,,,,,,,,,,,,,,,,,,,,,,,,,,,,,,,,,,,,,,,,,,,,,,,,,,,,,,,,,,,,,,,,,,,,,,,,,,,,,,,,,,,,,,,,,,,,,,,,,,,,,,,,,,,,,,,,,,,,,,,,,,,,,,,,,,,,,,,,,,,,,,,,,,,,,,,,,,,,,,,,,,,,,,,,,,,,,,,,,,,,,,,,,,,,,,,,,,,,,,,,
741,PE,HT,#1,#1,MeOH_1,1.0618992499922473,1.4898677112502166,75.02553626578532,-0.22210458307664807,1.6084780295861167,-27.133159568503928,0.6383476757515995,,,,,,,,,,,,,,,,,,,,,,,,,,,,,,,,,,,,,,,,,,,,,,,,,,,,,,,,,,,,,,,,,,,,,,,,,,,,,,,,,,,,,,,,,,,,,,,,,,,,,,,,,,,,,,,,,,,,,,,,,,,,,,,,,,,,,,,,,,,,,,,,,,,,,,,,,,,,,,,,,,,,,,,,,,,,,,,,,,,,,,,,,,,,,,,,,,,,,,,,,,,,,,,,,,,,,,,,
742,PE,HT,#1,#2,FT_1,1.2151080091211386,1.3603379732800311,81.7509647318173,-0.28253702675092274,2.078393369833295,-35.89749182689154,0.5608921320420784,,,,,,,,,,,,,,,,,,,,,,,,,,,,,,,,,,,,,,,,,,,,,,,,,,,,,,,,,,,,,,,,,,,,,,,,,,,,,,,,,,,,,,,,,,,,,,,,,,,,,,,,,,,,,,,,,,,,,,,,,,,,,,,,,,,,,,,,,,,,,,,,,,,,,,,,,,,,,,,,,,,,,,,,,,,,,,,,,,,,,,,,,,,,,,,,,,,,,,,,,,,,,,,,,,,,,,,,
743,PE,HT,#1,#3,GASOLINE_1,1.0763425449901762,2.0026969371285226,73.20069846714527,-0.2988667715877132,1.6484286477996086,-22.337576208910896,0.6948447668305148,,,,,,,,,,,,,,,,,,,,,,,,,,,,,,,,,,,,,,,,,,,,,,,,,,,,,,,,,,,,,,,,,,,,,,,,,,,,,,,,,,,,,,,,,,,,,,,,,,,,,,,,,,,,,,,,,,,,,,,,,,,,,,,,,,,,,,,,,,,,,,,,,,,,,,,,,,,,,,,,,,,,,,,,,,,,,,,,,,,,,,,,,,,,,,,,,,,,,,,,,,,,,,,,,,,,,,,,
744,PE,HT,#1,#4,MeOH_1,1.4532754122714793,1.5620939166927301,104.9146562657853,-0.6085212417481408,1.4298637678455124,-58.14104443216192,0.4458253355482532,,,,,,,,,,,,,,,,,,,,,,,,,,,,,,,,,,,,,,,,,,,,,,,,,,,,,,,,,,,,,,,,,,,,,,,,,,,,,,,,,,,,,,,,,,,,,,,,,,,,,,,,,,,,,,,,,,,,,,,,,,,,,,,,,,,,,,,,,,,,,,,,,,,,,,,,,,,,,,,,,,,,,,,,,,,,,,,,,,,,,,,,,,,,,,,,,,,,,,,,,,,,,,,,,,,,,,,,
745,PE,HT,#1,#5,FT_1,1.6456619367891077,1.619053960088292,112.05916633181731,-0.7123426782790677,1.8163761777511647,-66.55132633981287,0.406105466261025,,,,,,,,,,,,,,,,,,,,,,,,,,,,,,,,,,,,,,,,,,,,,,,,,,,,,,,,,,,,,,,,,,,,,,,,,,,,,,,,,,,,,,,,,,,,,,,,,,,,,,,,,,,,,,,,,,,,,,,,,,,,,,,,,,,,,,,,,,,,,,,,,,,,,,,,,,,,,,,,,,,,,,,,,,,,,,,,,,,,,,,,,,,,,,,,,,,,,,,,,,,,,,,,,,,,,,,,
746,PE,HT,#1,#6,Olefin,0.8956999628081582,0.7725341869858677,61.76614021449375,-0.231564573878603,2.371533221958453,-17.108815694364196,0.7230065593389706,,,,,,,,,,,,,,,,,,,,,,,,,,,,,,,,,,,,,,,,,,,,,,,,,,,,,,,,,,,,,,,,,,,,,,,,,,,,,,,,,,,,,,,,,,,,,,,,,,,,,,,,,,,,,,,,,,,,,,,,,,,,,,,,,,,,,,,,,,,,,,,,,,,,,,,,,,,,,,,,,,,,,,,,,,,,,,,,,,,,,,,,,,,,,,,,,,,,,,,,,,,,,,,,,,,,,,,,
747,PE,HT,#1,#7,MeOH_1,1.0677184154796617,1.5025963456759799,76.0405189598677,-0.22865134059695066,1.6262741767625015,-28.579990058033534,0.6241478826161438,,,,,,,,,,,,,,,,,,,,,,,,,,,,,,,,,,,,,,,,,,,,,,,,,,,,,,,,,,,,,,,,,,,,,,,,,,,,,,,,,,,,,,,,,,,,,,,,,,,,,,,,,,,,,,,,,,,,,,,,,,,,,,,,,,,,,,,,,,,,,,,,,,,,,,,,,,,,,,,,,,,,,,,,,,,,,,,,,,,,,,,,,,,,,,,,,,,,,,,,,,,,,,,,,,,,,,,,
748,PE,HT,#1,#8,FT_1,1.2422316417780133,1.4102250896185797,83.18128022589968,-0.316342011925169,2.0214567128557928,-37.45054653427969,0.5497719386793121,,,,,,,,,,,,,,,,,,,,,,,,,,,,,,,,,,,,,,,,,,,,,,,,,,,,,,,,,,,,,,,,,,,,,,,,,,,,,,,,,,,,,,,,,,,,,,,,,,,,,,,,,,,,,,,,,,,,,,,,,,,,,,,,,,,,,,,,,,,,,,,,,,,,,,,,,,,,,,,,,,,,,,,,,,,,,,,,,,,,,,,,,,,,,,,,,,,,,,,,,,,,,,,,,,,,,,,,
749,PE,HT,#1,#9,GASOLINE_1,1.1039245979207124,1.9983725636651049,74.93275572773791,-0.31464298951804875,1.6790488046542966,-23.278339812812646,0.6893436043191498,,,,,,,,,,,,,,,,,,,,,,,,,,,,,,,,,,,,,,,,,,,,,,,,,,,,,,,,,,,,,,,,,,,,,,,,,,,,,,,,,,,,,,,,,,,,,,,,,,,,,,,,,,,,,,,,,,,,,,,,,,,,,,,,,,,,,,,,,,,,,,,,,,,,,,,,,,,,,,,,,,,,,,,,,,,,,,,,,,,,,,,,,,,,,,,,,,,,,,,,,,,,,,,,,,,,,,,,
750,PE,HT,#1,#10,MeOH_1,1.511066183359212,1.6254650458725575,109.36027095986766,-0.6639410991754277,1.3740848928190672,-62.614547886003436,0.42744703047616517,,,,,,,,,,,,,,,,,,,,,,,,,,,,,,,,,,,,,,,,,,,,,,,,,,,,,,,,,,,,,,,,,,,,,,,,,,,,,,,,,,,,,,,,,,,,,,,,,,,,,,,,,,,,,,,,,,,,,,,,,,,,,,,,,,,,,,,,,,,,,,,,,,,,,,,,,,,,,,,,,,,,,,,,,,,,,,,,,,,,,,,,,,,,,,,,,,,,,,,,,,,,,,,,,,,,,,,,
751,PE,HT,#1,#11,FT_1,1.7080401854295582,1.6969477469919623,116.27753462589968,-0.7817129729671803,1.730023492690022,-71.03151940552367,0.38912086815347663,,,,,,,,,,,,,,,,,,,,,,,,,,,,,,,,,,,,,,,,,,,,,,,,,,,,,,,,,,,,,,,,,,,,,,,,,,,,,,,,,,,,,,,,,,,,,,,,,,,,,,,,,,,,,,,,,,,,,,,,,,,,,,,,,,,,,,,,,,,,,,,,,,,,,,,,,,,,,,,,,,,,,,,,,,,,,,,,,,,,,,,,,,,,,,,,,,,,,,,,,,,,,,,,,,,,,,,,
752,PE,HT,#2,#1,MeOH_1,1.1651089999667361,1.766842609978828,79.45125926434532,-0.3453434696044457,1.4734065905406846,-31.321336297406972,0.6057792338671869,,,,,,,,,,,,,,,,,,,,,,,,,,,,,,,,,,,,,,,,,,,,,,,,,,,,,,,,,,,,,,,,,,,,,,,,,,,,,,,,,,,,,,,,,,,,,,,,,,,,,,,,,,,,,,,,,,,,,,,,,,,,,,,,,,,,,,,,,,,,,,,,,,,,,,,,,,,,,,,,,,,,,,,,,,,,,,,,,,,,,,,,,,,,,,,,,,,,,,,,,,,,,,,,,,,,,,,,
753,PE,HT,#2,#2,FT_1,1.3183177590956259,1.6373128720086423,86.17668773037731,-0.40577591327871876,1.9433219307878626,-40.08566855579457,0.5348432434394393,,,,,,,,,,,,,,,,,,,,,,,,,,,,,,,,,,,,,,,,,,,,,,,,,,,,,,,,,,,,,,,,,,,,,,,,,,,,,,,,,,,,,,,,,,,,,,,,,,,,,,,,,,,,,,,,,,,,,,,,,,,,,,,,,,,,,,,,,,,,,,,,,,,,,,,,,,,,,,,,,,,,,,,,,,,,,,,,,,,,,,,,,,,,,,,,,,,,,,,,,,,,,,,,,,,,,,,,
754,PE,HT,#2,#3,H2_1,1.1795522949646635,2.2796718358571333,77.62642146570528,-0.4221056581155094,1.5133572087541765,-26.52575293781393,0.6582896333881268,,,,,,,,,,,,,,,,,,,,,,,,,,,,,,,,,,,,,,,,,,,,,,,,,,,,,,,,,,,,,,,,,,,,,,,,,,,,,,,,,,,,,,,,,,,,,,,,,,,,,,,,,,,,,,,,,,,,,,,,,,,,,,,,,,,,,,,,,,,,,,,,,,,,,,,,,,,,,,,,,,,,,,,,,,,,,,,,,,,,,,,,,,,,,,,,,,,,,,,,,,,,,,,,,,,,,,,,
755,PE,HT,#2,#4,MeOH_1,1.5564851622459677,1.8390688154213417,109.3403792643453,-0.7317601282759376,1.2947923288000798,-62.32922116106495,0.4299523965398405,,,,,,,,,,,,,,,,,,,,,,,,,,,,,,,,,,,,,,,,,,,,,,,,,,,,,,,,,,,,,,,,,,,,,,,,,,,,,,,,,,,,,,,,,,,,,,,,,,,,,,,,,,,,,,,,,,,,,,,,,,,,,,,,,,,,,,,,,,,,,,,,,,,,,,,,,,,,,,,,,,,,,,,,,,,,,,,,,,,,,,,,,,,,,,,,,,,,,,,,,,,,,,,,,,,,,,,,
756,PE,HT,#2,#5,FT_1,1.7488716867635958,1.896028858816903,116.48488933037731,-0.8355815648068647,1.6813047387057327,-70.73950306871593,0.3927151970065163,,,,,,,,,,,,,,,,,,,,,,,,,,,,,,,,,,,,,,,,,,,,,,,,,,,,,,,,,,,,,,,,,,,,,,,,,,,,,,,,,,,,,,,,,,,,,,,,,,,,,,,,,,,,,,,,,,,,,,,,,,,,,,,,,,,,,,,,,,,,,,,,,,,,,,,,,,,,,,,,,,,,,,,,,,,,,,,,,,,,,,,,,,,,,,,,,,,,,,,,,,,,,,,,,,,,,,,,
757,PE,HT,#2,#6,Olefin,0.9989097127826473,1.0495090857144784,66.19186321305375,-0.35480346040640054,2.236461782913021,-21.296992423267234,0.6782536192595462,,,,,,,,,,,,,,,,,,,,,,,,,,,,,,,,,,,,,,,,,,,,,,,,,,,,,,,,,,,,,,,,,,,,,,,,,,,,,,,,,,,,,,,,,,,,,,,,,,,,,,,,,,,,,,,,,,,,,,,,,,,,,,,,,,,,,,,,,,,,,,,,,,,,,,,,,,,,,,,,,,,,,,,,,,,,,,,,,,,,,,,,,,,,,,,,,,,,,,,,,,,,,,,,,,,,,,,,
758,PE,HT,#2,#7,MeOH_1,1.170928165454149,1.779571244404591,80.4662419584277,-0.3518902271247468,1.4912027377170693,-32.76816678693659,0.5927712542625512,,,,,,,,,,,,,,,,,,,,,,,,,,,,,,,,,,,,,,,,,,,,,,,,,,,,,,,,,,,,,,,,,,,,,,,,,,,,,,,,,,,,,,,,,,,,,,,,,,,,,,,,,,,,,,,,,,,,,,,,,,,,,,,,,,,,,,,,,,,,,,,,,,,,,,,,,,,,,,,,,,,,,,,,,,,,,,,,,,,,,,,,,,,,,,,,,,,,,,,,,,,,,,,,,,,,,,,,
759,PE,HT,#2,#8,FT_1,1.3454413917525005,1.6871999883471909,87.60700322445969,-0.4395808984529651,1.8863852738103608,-41.638723263182705,0.524710106148714,,,,,,,,,,,,,,,,,,,,,,,,,,,,,,,,,,,,,,,,,,,,,,,,,,,,,,,,,,,,,,,,,,,,,,,,,,,,,,,,,,,,,,,,,,,,,,,,,,,,,,,,,,,,,,,,,,,,,,,,,,,,,,,,,,,,,,,,,,,,,,,,,,,,,,,,,,,,,,,,,,,,,,,,,,,,,,,,,,,,,,,,,,,,,,,,,,,,,,,,,,,,,,,,,,,,,,,,
760,PE,HT,#2,#9,H2_1,1.2071343478952,2.2753474623937153,79.35847872629789,-0.43788187604584505,1.5439773656088647,-27.466516541715674,0.6538931065394303,,,,,,,,,,,,,,,,,,,,,,,,,,,,,,,,,,,,,,,,,,,,,,,,,,,,,,,,,,,,,,,,,,,,,,,,,,,,,,,,,,,,,,,,,,,,,,,,,,,,,,,,,,,,,,,,,,,,,,,,,,,,,,,,,,,,,,,,,,,,,,,,,,,,,,,,,,,,,,,,,,,,,,,,,,,,,,,,,,,,,,,,,,,,,,,,,,,,,,,,,,,,,,,,,,,,,,,,
761,PE,HT,#2,#10,MeOH_1,1.6142759333337007,1.9024399446011688,113.7859939584277,-0.7871799857032248,1.2390134537736344,-66.80272461490651,0.41290907350764783,,,,,,,,,,,,,,,,,,,,,,,,,,,,,,,,,,,,,,,,,,,,,,,,,,,,,,,,,,,,,,,,,,,,,,,,,,,,,,,,,,,,,,,,,,,,,,,,,,,,,,,,,,,,,,,,,,,,,,,,,,,,,,,,,,,,,,,,,,,,,,,,,,,,,,,,,,,,,,,,,,,,,,,,,,,,,,,,,,,,,,,,,,,,,,,,,,,,,,,,,,,,,,,,,,,,,,,,
762,PE,HT,#2,#11,FT_1,1.811249935404045,1.973922645720573,120.70325762445968,-0.9049518594949759,1.59495205364459,-75.21969613442671,0.37682132516708516,,,,,,,,,,,,,,,,,,,,,,,,,,,,,,,,,,,,,,,,,,,,,,,,,,,,,,,,,,,,,,,,,,,,,,,,,,,,,,,,,,,,,,,,,,,,,,,,,,,,,,,,,,,,,,,,,,,,,,,,,,,,,,,,,,,,,,,,,,,,,,,,,,,,,,,,,,,,,,,,,,,,,,,,,,,,,,,,,,,,,,,,,,,,,,,,,,,,,,,,,,,,,,,,,,,,,,,,
763,PE,HT,#3,#1,MeOH_1,1.2597502733215395,2.19805888804486,86.6665201561461,-0.4048775987927198,1.0488711896234724,-37.4351585487197,0.5680551326939954,,,,,,,,,,,,,,,,,,,,,,,,,,,,,,,,,,,,,,,,,,,,,,,,,,,,,,,,,,,,,,,,,,,,,,,,,,,,,,,,,,,,,,,,,,,,,,,,,,,,,,,,,,,,,,,,,,,,,,,,,,,,,,,,,,,,,,,,,,,,,,,,,,,,,,,,,,,,,,,,,,,,,,,,,,,,,,,,,,,,,,,,,,,,,,,,,,,,,,,,,,,,,,,,,,,,,,,,
764,PE,HT,#3,#2,FT_1,1.4129590324504306,2.0685291500746743,93.39194862217806,-0.46531004246699437,1.5187865298706507,-46.19949080710727,0.5053161274746533,,,,,,,,,,,,,,,,,,,,,,,,,,,,,,,,,,,,,,,,,,,,,,,,,,,,,,,,,,,,,,,,,,,,,,,,,,,,,,,,,,,,,,,,,,,,,,,,,,,,,,,,,,,,,,,,,,,,,,,,,,,,,,,,,,,,,,,,,,,,,,,,,,,,,,,,,,,,,,,,,,,,,,,,,,,,,,,,,,,,,,,,,,,,,,,,,,,,,,,,,,,,,,,,,,,,,,,,
765,PE,HT,#3,#3,H2_1,1.2741935683194685,2.7108881139231658,84.84168235750604,-0.48163978730378515,1.0888218078369645,-32.63957518912663,0.6152884492366626,,,,,,,,,,,,,,,,,,,,,,,,,,,,,,,,,,,,,,,,,,,,,,,,,,,,,,,,,,,,,,,,,,,,,,,,,,,,,,,,,,,,,,,,,,,,,,,,,,,,,,,,,,,,,,,,,,,,,,,,,,,,,,,,,,,,,,,,,,,,,,,,,,,,,,,,,,,,,,,,,,,,,,,,,,,,,,,,,,,,,,,,,,,,,,,,,,,,,,,,,,,,,,,,,,,,,,,,
766,PE,HT,#3,#4,MeOH_1,1.651126435600772,2.2702850934873737,116.55564015614608,-0.7912942574642131,0.870256927882868,-68.44304341237768,0.41278651706012165,,,,,,,,,,,,,,,,,,,,,,,,,,,,,,,,,,,,,,,,,,,,,,,,,,,,,,,,,,,,,,,,,,,,,,,,,,,,,,,,,,,,,,,,,,,,,,,,,,,,,,,,,,,,,,,,,,,,,,,,,,,,,,,,,,,,,,,,,,,,,,,,,,,,,,,,,,,,,,,,,,,,,,,,,,,,,,,,,,,,,,,,,,,,,,,,,,,,,,,,,,,,,,,,,,,,,,,,
767,PE,HT,#3,#5,FT_1,1.8435129601183995,2.327245136882935,123.70015022217805,-0.8951156939951396,1.2567693377885207,-76.85332532002863,0.37871275675904814,,,,,,,,,,,,,,,,,,,,,,,,,,,,,,,,,,,,,,,,,,,,,,,,,,,,,,,,,,,,,,,,,,,,,,,,,,,,,,,,,,,,,,,,,,,,,,,,,,,,,,,,,,,,,,,,,,,,,,,,,,,,,,,,,,,,,,,,,,,,,,,,,,,,,,,,,,,,,,,,,,,,,,,,,,,,,,,,,,,,,,,,,,,,,,,,,,,,,,,,,,,,,,,,,,,,,,,,
768,PE,HT,#3,#6,Olefin,1.0935509861374506,1.480725363780512,73.40712410485453,-0.41433758959467487,1.8119263819958078,-27.41081467457996,0.6265919008701877,,,,,,,,,,,,,,,,,,,,,,,,,,,,,,,,,,,,,,,,,,,,,,,,,,,,,,,,,,,,,,,,,,,,,,,,,,,,,,,,,,,,,,,,,,,,,,,,,,,,,,,,,,,,,,,,,,,,,,,,,,,,,,,,,,,,,,,,,,,,,,,,,,,,,,,,,,,,,,,,,,,,,,,,,,,,,,,,,,,,,,,,,,,,,,,,,,,,,,,,,,,,,,,,,,,,,,,,
769,PE,HT,#3,#7,MeOH_1,1.2655694388089538,2.210787522470623,87.6815028502285,-0.41142435631302243,1.0666673367998574,-38.88198903824931,0.556554258602697,,,,,,,,,,,,,,,,,,,,,,,,,,,,,,,,,,,,,,,,,,,,,,,,,,,,,,,,,,,,,,,,,,,,,,,,,,,,,,,,,,,,,,,,,,,,,,,,,,,,,,,,,,,,,,,,,,,,,,,,,,,,,,,,,,,,,,,,,,,,,,,,,,,,,,,,,,,,,,,,,,,,,,,,,,,,,,,,,,,,,,,,,,,,,,,,,,,,,,,,,,,,,,,,,,,,,,,,
770,PE,HT,#3,#8,FT_1,1.4400826651073053,2.118416266413224,94.82226411626047,-0.49911502764124066,1.4618498728931484,-47.75254551449544,0.49639943783722984,,,,,,,,,,,,,,,,,,,,,,,,,,,,,,,,,,,,,,,,,,,,,,,,,,,,,,,,,,,,,,,,,,,,,,,,,,,,,,,,,,,,,,,,,,,,,,,,,,,,,,,,,,,,,,,,,,,,,,,,,,,,,,,,,,,,,,,,,,,,,,,,,,,,,,,,,,,,,,,,,,,,,,,,,,,,,,,,,,,,,,,,,,,,,,,,,,,,,,,,,,,,,,,,,,,,,,,,
771,PE,HT,#3,#9,H2_1,1.3017756212500047,2.7065637404597487,86.57373961809868,-0.4974160052341207,1.119441964691652,-33.580338793028396,0.612118652363167,,,,,,,,,,,,,,,,,,,,,,,,,,,,,,,,,,,,,,,,,,,,,,,,,,,,,,,,,,,,,,,,,,,,,,,,,,,,,,,,,,,,,,,,,,,,,,,,,,,,,,,,,,,,,,,,,,,,,,,,,,,,,,,,,,,,,,,,,,,,,,,,,,,,,,,,,,,,,,,,,,,,,,,,,,,,,,,,,,,,,,,,,,,,,,,,,,,,,,,,,,,,,,,,,,,,,,,,
772,PE,HT,#3,#10,MeOH_1,1.708917206688504,2.333656222667201,121.00125485022845,-0.8467141148914992,0.8144780528564229,-72.91654686621919,0.39739015966013735,,,,,,,,,,,,,,,,,,,,,,,,,,,,,,,,,,,,,,,,,,,,,,,,,,,,,,,,,,,,,,,,,,,,,,,,,,,,,,,,,,,,,,,,,,,,,,,,,,,,,,,,,,,,,,,,,,,,,,,,,,,,,,,,,,,,,,,,,,,,,,,,,,,,,,,,,,,,,,,,,,,,,,,,,,,,,,,,,,,,,,,,,,,,,,,,,,,,,,,,,,,,,,,,,,,,,,,,
773,PE,HT,#3,#11,FT_1,1.9058912087588502,2.4051389237866054,127.91851851626048,-0.9644859886832521,1.170416652727378,-81.33351838573944,0.36417713925133793,,,,,,,,,,,,,,,,,,,,,,,,,,,,,,,,,,,,,,,,,,,,,,,,,,,,,,,,,,,,,,,,,,,,,,,,,,,,,,,,,,,,,,,,,,,,,,,,,,,,,,,,,,,,,,,,,,,,,,,,,,,,,,,,,,,,,,,,,,,,,,,,,,,,,,,,,,,,,,,,,,,,,,,,,,,,,,,,,,,,,,,,,,,,,,,,,,,,,,,,,,,,,,,,,,,,,,,,
774,PE,HT,#4,#1,MeOH_1,1.3254787112355473,2.0834909559875294,88.8766649421781,-0.4494266476819369,1.1816257096316982,-40.537761999890186,0.5438874531772374,,,,,,,,,,,,,,,,,,,,,,,,,,,,,,,,,,,,,,,,,,,,,,,,,,,,,,,,,,,,,,,,,,,,,,,,,,,,,,,,,,,,,,,,,,,,,,,,,,,,,,,,,,,,,,,,,,,,,,,,,,,,,,,,,,,,,,,,,,,,,,,,,,,,,,,,,,,,,,,,,,,,,,,,,,,,,,,,,,,,,,,,,,,,,,,,,,,,,,,,,,,,,,,,,,,,,,,,
775,PE,HT,#4,#2,FT_1,1.4786874703644384,1.9539612180173436,95.60209340821008,-0.5098590913562115,1.6515410498788767,-49.30209425827779,0.48429900956495336,,,,,,,,,,,,,,,,,,,,,,,,,,,,,,,,,,,,,,,,,,,,,,,,,,,,,,,,,,,,,,,,,,,,,,,,,,,,,,,,,,,,,,,,,,,,,,,,,,,,,,,,,,,,,,,,,,,,,,,,,,,,,,,,,,,,,,,,,,,,,,,,,,,,,,,,,,,,,,,,,,,,,,,,,,,,,,,,,,,,,,,,,,,,,,,,,,,,,,,,,,,,,,,,,,,,,,,,
776,PE,HT,#4,#3,H2_1,1.339922006233476,2.596320181865835,87.05182714353805,-0.5261888361930023,1.22157632784519,-35.74217864029715,0.5894149518382588,,,,,,,,,,,,,,,,,,,,,,,,,,,,,,,,,,,,,,,,,,,,,,,,,,,,,,,,,,,,,,,,,,,,,,,,,,,,,,,,,,,,,,,,,,,,,,,,,,,,,,,,,,,,,,,,,,,,,,,,,,,,,,,,,,,,,,,,,,,,,,,,,,,,,,,,,,,,,,,,,,,,,,,,,,,,,,,,,,,,,,,,,,,,,,,,,,,,,,,,,,,,,,,,,,,,,,,,
777,PE,HT,#4,#4,MeOH_1,1.7168548735147795,2.1557171614300428,118.7657849421781,-0.83584330635343,1.0030114478910943,-71.5456468635482,0.39759041799470557,,,,,,,,,,,,,,,,,,,,,,,,,,,,,,,,,,,,,,,,,,,,,,,,,,,,,,,,,,,,,,,,,,,,,,,,,,,,,,,,,,,,,,,,,,,,,,,,,,,,,,,,,,,,,,,,,,,,,,,,,,,,,,,,,,,,,,,,,,,,,,,,,,,,,,,,,,,,,,,,,,,,,,,,,,,,,,,,,,,,,,,,,,,,,,,,,,,,,,,,,,,,,,,,,,,,,,,,
778,PE,HT,#4,#5,FT_1,1.9092413980324068,2.2126772048256047,125.91029500821008,-0.9396647428843564,1.3895238577967468,-79.95592877119915,0.36497703570636897,,,,,,,,,,,,,,,,,,,,,,,,,,,,,,,,,,,,,,,,,,,,,,,,,,,,,,,,,,,,,,,,,,,,,,,,,,,,,,,,,,,,,,,,,,,,,,,,,,,,,,,,,,,,,,,,,,,,,,,,,,,,,,,,,,,,,,,,,,,,,,,,,,,,,,,,,,,,,,,,,,,,,,,,,,,,,,,,,,,,,,,,,,,,,,,,,,,,,,,,,,,,,,,,,,,,,,,,
779,PE,HT,#4,#6,Olefin,1.1592794240514581,1.3661574317231806,75.61726889088652,-0.4588866384838919,1.9446809020040343,-30.51341812575045,0.5964755329925971,,,,,,,,,,,,,,,,,,,,,,,,,,,,,,,,,,,,,,,,,,,,,,,,,,,,,,,,,,,,,,,,,,,,,,,,,,,,,,,,,,,,,,,,,,,,,,,,,,,,,,,,,,,,,,,,,,,,,,,,,,,,,,,,,,,,,,,,,,,,,,,,,,,,,,,,,,,,,,,,,,,,,,,,,,,,,,,,,,,,,,,,,,,,,,,,,,,,,,,,,,,,,,,,,,,,,,,,
780,PE,HT,#4,#7,MeOH_1,1.3312978767229613,2.0962195904132925,89.89164763626049,-0.4559734052022394,1.1994218568080832,-41.9845924894198,0.5329422299688268,,,,,,,,,,,,,,,,,,,,,,,,,,,,,,,,,,,,,,,,,,,,,,,,,,,,,,,,,,,,,,,,,,,,,,,,,,,,,,,,,,,,,,,,,,,,,,,,,,,,,,,,,,,,,,,,,,,,,,,,,,,,,,,,,,,,,,,,,,,,,,,,,,,,,,,,,,,,,,,,,,,,,,,,,,,,,,,,,,,,,,,,,,,,,,,,,,,,,,,,,,,,,,,,,,,,,,,,
781,PE,HT,#4,#8,FT_1,1.5058111030213126,2.0038483343558924,97.03240890229247,-0.5436640765304577,1.5946043929013745,-50.85514896566594,0.4758952236579541,,,,,,,,,,,,,,,,,,,,,,,,,,,,,,,,,,,,,,,,,,,,,,,,,,,,,,,,,,,,,,,,,,,,,,,,,,,,,,,,,,,,,,,,,,,,,,,,,,,,,,,,,,,,,,,,,,,,,,,,,,,,,,,,,,,,,,,,,,,,,,,,,,,,,,,,,,,,,,,,,,,,,,,,,,,,,,,,,,,,,,,,,,,,,,,,,,,,,,,,,,,,,,,,,,,,,,,,
782,PE,HT,#4,#9,H2_1,1.3675040591640117,2.5919958084024177,88.78388440413069,-0.5419650541233374,1.252196484699878,-36.682942244198905,0.5868288204509756,,,,,,,,,,,,,,,,,,,,,,,,,,,,,,,,,,,,,,,,,,,,,,,,,,,,,,,,,,,,,,,,,,,,,,,,,,,,,,,,,,,,,,,,,,,,,,,,,,,,,,,,,,,,,,,,,,,,,,,,,,,,,,,,,,,,,,,,,,,,,,,,,,,,,,,,,,,,,,,,,,,,,,,,,,,,,,,,,,,,,,,,,,,,,,,,,,,,,,,,,,,,,,,,,,,,,,,,
783,PE,HT,#4,#10,MeOH_1,1.7746456446025116,2.21908829060987,123.21139963626047,-0.8912631637807162,0.9472325728646487,-76.01915031738973,0.3830185312251117,,,,,,,,,,,,,,,,,,,,,,,,,,,,,,,,,,,,,,,,,,,,,,,,,,,,,,,,,,,,,,,,,,,,,,,,,,,,,,,,,,,,,,,,,,,,,,,,,,,,,,,,,,,,,,,,,,,,,,,,,,,,,,,,,,,,,,,,,,,,,,,,,,,,,,,,,,,,,,,,,,,,,,,,,,,,,,,,,,,,,,,,,,,,,,,,,,,,,,,,,,,,,,,,,,,,,,,,
784,PE,HT,#4,#11,FT_1,1.971619646672857,2.290570991729275,130.12866330229247,-1.0090350375724682,1.3031711727356037,-84.43612183690992,0.35113356508732835,,,,,,,,,,,,,,,,,,,,,,,,,,,,,,,,,,,,,,,,,,,,,,,,,,,,,,,,,,,,,,,,,,,,,,,,,,,,,,,,,,,,,,,,,,,,,,,,,,,,,,,,,,,,,,,,,,,,,,,,,,,,,,,,,,,,,,,,,,,,,,,,,,,,,,,,,,,,,,,,,,,,,,,,,,,,,,,,,,,,,,,,,,,,,,,,,,,,,,,,,,,,,,,,,,,,,,,,
785,PE,HT,#5,#1,MeOH_1,1.2629697216113145,2.12686507755238,85.79288827848882,-0.4062305867343224,1.2578458078062342,-35.27734853032943,0.5888080091695123,,,,,,,,,,,,,,,,,,,,,,,,,,,,,,,,,,,,,,,,,,,,,,,,,,,,,,,,,,,,,,,,,,,,,,,,,,,,,,,,,,,,,,,,,,,,,,,,,,,,,,,,,,,,,,,,,,,,,,,,,,,,,,,,,,,,,,,,,,,,,,,,,,,,,,,,,,,,,,,,,,,,,,,,,,,,,,,,,,,,,,,,,,,,,,,,,,,,,,,,,,,,,,,,,,,,,,,,
786,PE,HT,#5,#2,FT_1,1.4161784807402051,1.9973353395821944,92.51831674452082,-0.46666303040859647,1.7277611480534125,-44.04168078871703,0.5239679845199379,,,,,,,,,,,,,,,,,,,,,,,,,,,,,,,,,,,,,,,,,,,,,,,,,,,,,,,,,,,,,,,,,,,,,,,,,,,,,,,,,,,,,,,,,,,,,,,,,,,,,,,,,,,,,,,,,,,,,,,,,,,,,,,,,,,,,,,,,,,,,,,,,,,,,,,,,,,,,,,,,,,,,,,,,,,,,,,,,,,,,,,,,,,,,,,,,,,,,,,,,,,,,,,,,,,,,,,,
787,PE,HT,#5,#3,H2_1,1.277413016609243,2.639694303430686,83.9680504798488,-0.4829927752453874,1.2977964260197263,-30.48176517073641,0.6369837694629862,,,,,,,,,,,,,,,,,,,,,,,,,,,,,,,,,,,,,,,,,,,,,,,,,,,,,,,,,,,,,,,,,,,,,,,,,,,,,,,,,,,,,,,,,,,,,,,,,,,,,,,,,,,,,,,,,,,,,,,,,,,,,,,,,,,,,,,,,,,,,,,,,,,,,,,,,,,,,,,,,,,,,,,,,,,,,,,,,,,,,,,,,,,,,,,,,,,,,,,,,,,,,,,,,,,,,,,,
788,PE,HT,#5,#4,MeOH_1,1.6543458838905478,2.1990912829948934,115.68200827848882,-0.7926472454058165,1.07923154606563,-66.28523339398744,0.4270048179452877,,,,,,,,,,,,,,,,,,,,,,,,,,,,,,,,,,,,,,,,,,,,,,,,,,,,,,,,,,,,,,,,,,,,,,,,,,,,,,,,,,,,,,,,,,,,,,,,,,,,,,,,,,,,,,,,,,,,,,,,,,,,,,,,,,,,,,,,,,,,,,,,,,,,,,,,,,,,,,,,,,,,,,,,,,,,,,,,,,,,,,,,,,,,,,,,,,,,,,,,,,,,,,,,,,,,,,,,
789,PE,HT,#5,#5,FT_1,1.8467324084081753,2.256051326390455,122.82651834452082,-0.8964686819367432,1.465743955971283,-74.69551530163838,0.39186165733264483,,,,,,,,,,,,,,,,,,,,,,,,,,,,,,,,,,,,,,,,,,,,,,,,,,,,,,,,,,,,,,,,,,,,,,,,,,,,,,,,,,,,,,,,,,,,,,,,,,,,,,,,,,,,,,,,,,,,,,,,,,,,,,,,,,,,,,,,,,,,,,,,,,,,,,,,,,,,,,,,,,,,,,,,,,,,,,,,,,,,,,,,,,,,,,,,,,,,,,,,,,,,,,,,,,,,,,,,
790,PE,HT,#5,#6,Olefin,1.096770434427225,1.4095315532880308,72.53349222719729,-0.41569057753627703,2.0209010001785708,-25.25300465618971,0.6518435293713764,,,,,,,,,,,,,,,,,,,,,,,,,,,,,,,,,,,,,,,,,,,,,,,,,,,,,,,,,,,,,,,,,,,,,,,,,,,,,,,,,,,,,,,,,,,,,,,,,,,,,,,,,,,,,,,,,,,,,,,,,,,,,,,,,,,,,,,,,,,,,,,,,,,,,,,,,,,,,,,,,,,,,,,,,,,,,,,,,,,,,,,,,,,,,,,,,,,,,,,,,,,,,,,,,,,,,,,,
791,PE,HT,#5,#7,MeOH_1,1.2687888870987283,2.1395937119781436,86.8078709725712,-0.4127773442546247,1.2756419549826188,-36.724179019859044,0.5769487419929602,,,,,,,,,,,,,,,,,,,,,,,,,,,,,,,,,,,,,,,,,,,,,,,,,,,,,,,,,,,,,,,,,,,,,,,,,,,,,,,,,,,,,,,,,,,,,,,,,,,,,,,,,,,,,,,,,,,,,,,,,,,,,,,,,,,,,,,,,,,,,,,,,,,,,,,,,,,,,,,,,,,,,,,,,,,,,,,,,,,,,,,,,,,,,,,,,,,,,,,,,,,,,,,,,,,,,,,,
792,PE,HT,#5,#8,FT_1,1.4433021133970798,2.0472224559207435,93.9486322386032,-0.5004680155828432,1.6708244910759102,-45.59473549610519,0.5146844141348718,,,,,,,,,,,,,,,,,,,,,,,,,,,,,,,,,,,,,,,,,,,,,,,,,,,,,,,,,,,,,,,,,,,,,,,,,,,,,,,,,,,,,,,,,,,,,,,,,,,,,,,,,,,,,,,,,,,,,,,,,,,,,,,,,,,,,,,,,,,,,,,,,,,,,,,,,,,,,,,,,,,,,,,,,,,,,,,,,,,,,,,,,,,,,,,,,,,,,,,,,,,,,,,,,,,,,,,,
793,PE,HT,#5,#9,H2_1,1.3049950695397794,2.6353699299672675,85.70010774044141,-0.49876899317572343,1.3284165828744146,-31.42252877463815,0.633343182370236,,,,,,,,,,,,,,,,,,,,,,,,,,,,,,,,,,,,,,,,,,,,,,,,,,,,,,,,,,,,,,,,,,,,,,,,,,,,,,,,,,,,,,,,,,,,,,,,,,,,,,,,,,,,,,,,,,,,,,,,,,,,,,,,,,,,,,,,,,,,,,,,,,,,,,,,,,,,,,,,,,,,,,,,,,,,,,,,,,,,,,,,,,,,,,,,,,,,,,,,,,,,,,,,,,,,,,,,
794,PE,HT,#5,#10,MeOH_1,1.7121366549782806,2.262462412174721,120.1276229725712,-0.8480671028331037,1.0234526710391847,-70.75873684782896,0.4109703072707488,,,,,,,,,,,,,,,,,,,,,,,,,,,,,,,,,,,,,,,,,,,,,,,,,,,,,,,,,,,,,,,,,,,,,,,,,,,,,,,,,,,,,,,,,,,,,,,,,,,,,,,,,,,,,,,,,,,,,,,,,,,,,,,,,,,,,,,,,,,,,,,,,,,,,,,,,,,,,,,,,,,,,,,,,,,,,,,,,,,,,,,,,,,,,,,,,,,,,,,,,,,,,,,,,,,,,,,,
795,PE,HT,#5,#11,FT_1,1.9091106570486247,2.3339451132941256,127.04488663860319,-0.9658389766248544,1.37939127091014,-79.17570836734917,0.37678949179138976,,,,,,,,,,,,,,,,,,,,,,,,,,,,,,,,,,,,,,,,,,,,,,,,,,,,,,,,,,,,,,,,,,,,,,,,,,,,,,,,,,,,,,,,,,,,,,,,,,,,,,,,,,,,,,,,,,,,,,,,,,,,,,,,,,,,,,,,,,,,,,,,,,,,,,,,,,,,,,,,,,,,,,,,,,,,,,,,,,,,,,,,,,,,,,,,,,,,,,,,,,,,,,,,,,,,,,,,
796,PE,HT,#6,#1,MeOH_1,1.344757954402209,2.1001910917855393,90.70564559614611,-0.48398414095222453,1.0472167719731638,-42.00556044606586,0.5369024698518811,,,,,,,,,,,,,,,,,,,,,,,,,,,,,,,,,,,,,,,,,,,,,,,,,,,,,,,,,,,,,,,,,,,,,,,,,,,,,,,,,,,,,,,,,,,,,,,,,,,,,,,,,,,,,,,,,,,,,,,,,,,,,,,,,,,,,,,,,,,,,,,,,,,,,,,,,,,,,,,,,,,,,,,,,,,,,,,,,,,,,,,,,,,,,,,,,,,,,,,,,,,,,,,,,,,,,,,,
797,PE,HT,#6,#2,FT_1,1.4979667135311,1.970661353815354,97.43107406217808,-0.5444165846264991,1.5171321122203416,-50.76989270445344,0.47891477956967443,,,,,,,,,,,,,,,,,,,,,,,,,,,,,,,,,,,,,,,,,,,,,,,,,,,,,,,,,,,,,,,,,,,,,,,,,,,,,,,,,,,,,,,,,,,,,,,,,,,,,,,,,,,,,,,,,,,,,,,,,,,,,,,,,,,,,,,,,,,,,,,,,,,,,,,,,,,,,,,,,,,,,,,,,,,,,,,,,,,,,,,,,,,,,,,,,,,,,,,,,,,,,,,,,,,,,,,,
798,PE,HT,#6,#3,MeOH_1,1.3592012494001373,2.6130203176638447,88.88080779750605,-0.5607463294632895,1.0871673901866554,-37.20997708647279,0.5813496973244556,,,,,,,,,,,,,,,,,,,,,,,,,,,,,,,,,,,,,,,,,,,,,,,,,,,,,,,,,,,,,,,,,,,,,,,,,,,,,,,,,,,,,,,,,,,,,,,,,,,,,,,,,,,,,,,,,,,,,,,,,,,,,,,,,,,,,,,,,,,,,,,,,,,,,,,,,,,,,,,,,,,,,,,,,,,,,,,,,,,,,,,,,,,,,,,,,,,,,,,,,,,,,,,,,,,,,,,,
799,PE,HT,#6,#4,MeOH_1,1.7361341166814426,2.172417297228053,120.59476559614609,-0.8704007996237189,0.8686025102325592,-73.01344530972383,0.3945554357289851,,,,,,,,,,,,,,,,,,,,,,,,,,,,,,,,,,,,,,,,,,,,,,,,,,,,,,,,,,,,,,,,,,,,,,,,,,,,,,,,,,,,,,,,,,,,,,,,,,,,,,,,,,,,,,,,,,,,,,,,,,,,,,,,,,,,,,,,,,,,,,,,,,,,,,,,,,,,,,,,,,,,,,,,,,,,,,,,,,,,,,,,,,,,,,,,,,,,,,,,,,,,,,,,,,,,,,,,
800,PE,HT,#6,#5,FT_1,1.928520641199069,2.2293773406236146,127.7392756621781,-0.9742222361546445,1.255114920138212,-81.42372721737482,0.3625787621286528,,,,,,,,,,,,,,,,,,,,,,,,,,,,,,,,,,,,,,,,,,,,,,,,,,,,,,,,,,,,,,,,,,,,,,,,,,,,,,,,,,,,,,,,,,,,,,,,,,,,,,,,,,,,,,,,,,,,,,,,,,,,,,,,,,,,,,,,,,,,,,,,,,,,,,,,,,,,,,,,,,,,,,,,,,,,,,,,,,,,,,,,,,,,,,,,,,,,,,,,,,,,,,,,,,,,,,,,
801,PE,HT,#6,#6,Olefin,1.1785586672181199,1.382857567521191,77.44624954485452,-0.49344413175417967,1.810271964345499,-31.9812165719261,0.5870527396758761,,,,,,,,,,,,,,,,,,,,,,,,,,,,,,,,,,,,,,,,,,,,,,,,,,,,,,,,,,,,,,,,,,,,,,,,,,,,,,,,,,,,,,,,,,,,,,,,,,,,,,,,,,,,,,,,,,,,,,,,,,,,,,,,,,,,,,,,,,,,,,,,,,,,,,,,,,,,,,,,,,,,,,,,,,,,,,,,,,,,,,,,,,,,,,,,,,,,,,,,,,,,,,,,,,,,,,,,
802,PE,HT,#6,#7,MeOH_1,1.350577119889623,2.112919726211303,91.72062829022846,-0.49053089847252707,1.065012919149548,-43.45239093559545,0.5262527989003681,,,,,,,,,,,,,,,,,,,,,,,,,,,,,,,,,,,,,,,,,,,,,,,,,,,,,,,,,,,,,,,,,,,,,,,,,,,,,,,,,,,,,,,,,,,,,,,,,,,,,,,,,,,,,,,,,,,,,,,,,,,,,,,,,,,,,,,,,,,,,,,,,,,,,,,,,,,,,,,,,,,,,,,,,,,,,,,,,,,,,,,,,,,,,,,,,,,,,,,,,,,,,,,,,,,,,,,,
803,PE,HT,#6,#8,FT_1,1.525090346187975,2.0205484701539027,98.86138955626048,-0.5782215698007459,1.4601954552428398,-52.32294741184159,0.47074436595830543,,,,,,,,,,,,,,,,,,,,,,,,,,,,,,,,,,,,,,,,,,,,,,,,,,,,,,,,,,,,,,,,,,,,,,,,,,,,,,,,,,,,,,,,,,,,,,,,,,,,,,,,,,,,,,,,,,,,,,,,,,,,,,,,,,,,,,,,,,,,,,,,,,,,,,,,,,,,,,,,,,,,,,,,,,,,,,,,,,,,,,,,,,,,,,,,,,,,,,,,,,,,,,,,,,,,,,,,
804,PE,HT,#6,#9,MeOH_1,1.386783302330674,2.608695944200428,90.61286505809869,-0.5765225473936253,1.1177875470413425,-38.150740690374576,0.5789699325155067,,,,,,,,,,,,,,,,,,,,,,,,,,,,,,,,,,,,,,,,,,,,,,,,,,,,,,,,,,,,,,,,,,,,,,,,,,,,,,,,,,,,,,,,,,,,,,,,,,,,,,,,,,,,,,,,,,,,,,,,,,,,,,,,,,,,,,,,,,,,,,,,,,,,,,,,,,,,,,,,,,,,,,,,,,,,,,,,,,,,,,,,,,,,,,,,,,,,,,,,,,,,,,,,,,,,,,,,
805,PE,HT,#6,#10,MeOH_1,1.7939248877691751,2.23578842640788,125.04038029022848,-0.9258206570510055,0.8128236352061138,-77.4869487635654,0.3803045977330513,,,,,,,,,,,,,,,,,,,,,,,,,,,,,,,,,,,,,,,,,,,,,,,,,,,,,,,,,,,,,,,,,,,,,,,,,,,,,,,,,,,,,,,,,,,,,,,,,,,,,,,,,,,,,,,,,,,,,,,,,,,,,,,,,,,,,,,,,,,,,,,,,,,,,,,,,,,,,,,,,,,,,,,,,,,,,,,,,,,,,,,,,,,,,,,,,,,,,,,,,,,,,,,,,,,,,,,,
806,PE,HT,#6,#11,FT_1,1.990898889839519,2.3072711275272852,131.95764395626045,-1.0435925308427563,1.1687622350770686,-85.90392028308557,0.3490038340517822,,,,,,,,,,,,,,,,,,,,,,,,,,,,,,,,,,,,,,,,,,,,,,,,,,,,,,,,,,,,,,,,,,,,,,,,,,,,,,,,,,,,,,,,,,,,,,,,,,,,,,,,,,,,,,,,,,,,,,,,,,,,,,,,,,,,,,,,,,,,,,,,,,,,,,,,,,,,,,,,,,,,,,,,,,,,,,,,,,,,,,,,,,,,,,,,,,,,,,,,,,,,,,,,,,,,,,,,
807,PE,HT,#7,#1,MeOH_1,1.4115165626994852,2.139325267281553,92.80363279614609,-0.5331241706550083,1.1212245027236547,-44.44670744940874,0.5210671596548265,,,,,,,,,,,,,,,,,,,,,,,,,,,,,,,,,,,,,,,,,,,,,,,,,,,,,,,,,,,,,,,,,,,,,,,,,,,,,,,,,,,,,,,,,,,,,,,,,,,,,,,,,,,,,,,,,,,,,,,,,,,,,,,,,,,,,,,,,,,,,,,,,,,,,,,,,,,,,,,,,,,,,,,,,,,,,,,,,,,,,,,,,,,,,,,,,,,,,,,,,,,,,,,,,,,,,,,,
808,PE,HT,#7,#2,FT_1,1.5647253218283754,2.009795529311367,99.52906126217808,-0.5935566143292816,1.5911398429708328,-53.21103970779634,0.4653718317745554,,,,,,,,,,,,,,,,,,,,,,,,,,,,,,,,,,,,,,,,,,,,,,,,,,,,,,,,,,,,,,,,,,,,,,,,,,,,,,,,,,,,,,,,,,,,,,,,,,,,,,,,,,,,,,,,,,,,,,,,,,,,,,,,,,,,,,,,,,,,,,,,,,,,,,,,,,,,,,,,,,,,,,,,,,,,,,,,,,,,,,,,,,,,,,,,,,,,,,,,,,,,,,,,,,,,,,,,
809,PE,HT,#7,#3,H2_1,1.4259598576974126,2.652154493159858,90.97879499750604,-0.609886359166072,1.1611751209371468,-39.651124089815696,0.564171804090144,,,,,,,,,,,,,,,,,,,,,,,,,,,,,,,,,,,,,,,,,,,,,,,,,,,,,,,,,,,,,,,,,,,,,,,,,,,,,,,,,,,,,,,,,,,,,,,,,,,,,,,,,,,,,,,,,,,,,,,,,,,,,,,,,,,,,,,,,,,,,,,,,,,,,,,,,,,,,,,,,,,,,,,,,,,,,,,,,,,,,,,,,,,,,,,,,,,,,,,,,,,,,,,,,,,,,,,,
810,PE,HT,#7,#4,MeOH_1,1.8028927249787177,2.211551472724066,122.69275279614611,-0.9195408293265014,0.9426102409830505,-75.45459231306675,0.38501182349022284,,,,,,,,,,,,,,,,,,,,,,,,,,,,,,,,,,,,,,,,,,,,,,,,,,,,,,,,,,,,,,,,,,,,,,,,,,,,,,,,,,,,,,,,,,,,,,,,,,,,,,,,,,,,,,,,,,,,,,,,,,,,,,,,,,,,,,,,,,,,,,,,,,,,,,,,,,,,,,,,,,,,,,,,,,,,,,,,,,,,,,,,,,,,,,,,,,,,,,,,,,,,,,,,,,,,,,,,
811,PE,HT,#7,#5,FT_1,1.9952792494963452,2.268511516119628,129.83726286217808,-1.023362265857428,1.3291226508887029,-83.8648742207177,0.35407700091660094,,,,,,,,,,,,,,,,,,,,,,,,,,,,,,,,,,,,,,,,,,,,,,,,,,,,,,,,,,,,,,,,,,,,,,,,,,,,,,,,,,,,,,,,,,,,,,,,,,,,,,,,,,,,,,,,,,,,,,,,,,,,,,,,,,,,,,,,,,,,,,,,,,,,,,,,,,,,,,,,,,,,,,,,,,,,,,,,,,,,,,,,,,,,,,,,,,,,,,,,,,,,,,,,,,,,,,,,
812,PE,HT,#7,#6,Olefin,1.2453172755153965,1.4219917430172047,79.54423674485453,-0.5425841614569635,1.8842796950959904,-34.422363575269,0.5672550899484785,,,,,,,,,,,,,,,,,,,,,,,,,,,,,,,,,,,,,,,,,,,,,,,,,,,,,,,,,,,,,,,,,,,,,,,,,,,,,,,,,,,,,,,,,,,,,,,,,,,,,,,,,,,,,,,,,,,,,,,,,,,,,,,,,,,,,,,,,,,,,,,,,,,,,,,,,,,,,,,,,,,,,,,,,,,,,,,,,,,,,,,,,,,,,,,,,,,,,,,,,,,,,,,,,,,,,,,,
813,PE,HT,#7,#7,MeOH_1,1.417335728186898,2.1520539017073164,93.81861549022848,-0.5396709281753093,1.1390206499000395,-45.893537938938344,0.5108269537006938,,,,,,,,,,,,,,,,,,,,,,,,,,,,,,,,,,,,,,,,,,,,,,,,,,,,,,,,,,,,,,,,,,,,,,,,,,,,,,,,,,,,,,,,,,,,,,,,,,,,,,,,,,,,,,,,,,,,,,,,,,,,,,,,,,,,,,,,,,,,,,,,,,,,,,,,,,,,,,,,,,,,,,,,,,,,,,,,,,,,,,,,,,,,,,,,,,,,,,,,,,,,,,,,,,,,,,,,
814,PE,HT,#7,#8,FT_1,1.5918489544852499,2.059682645649916,100.9593767562605,-0.627361599503528,1.5342031859933312,-54.76409441518451,0.4575630696750652,,,,,,,,,,,,,,,,,,,,,,,,,,,,,,,,,,,,,,,,,,,,,,,,,,,,,,,,,,,,,,,,,,,,,,,,,,,,,,,,,,,,,,,,,,,,,,,,,,,,,,,,,,,,,,,,,,,,,,,,,,,,,,,,,,,,,,,,,,,,,,,,,,,,,,,,,,,,,,,,,,,,,,,,,,,,,,,,,,,,,,,,,,,,,,,,,,,,,,,,,,,,,,,,,,,,,,,,
815,PE,HT,#7,#9,H2_1,1.453541910627949,2.647830119696441,92.7108522580987,-0.6256625770964076,1.1917952777918341,-40.59188769371747,0.5621668153722361,,,,,,,,,,,,,,,,,,,,,,,,,,,,,,,,,,,,,,,,,,,,,,,,,,,,,,,,,,,,,,,,,,,,,,,,,,,,,,,,,,,,,,,,,,,,,,,,,,,,,,,,,,,,,,,,,,,,,,,,,,,,,,,,,,,,,,,,,,,,,,,,,,,,,,,,,,,,,,,,,,,,,,,,,,,,,,,,,,,,,,,,,,,,,,,,,,,,,,,,,,,,,,,,,,,,,,,,
816,PE,HT,#7,#10,MeOH_1,1.8606834960664496,2.2749226019038935,127.13836749022848,-0.9749606867537876,0.8868313659566054,-79.92809576690829,0.3713298562446042,,,,,,,,,,,,,,,,,,,,,,,,,,,,,,,,,,,,,,,,,,,,,,,,,,,,,,,,,,,,,,,,,,,,,,,,,,,,,,,,,,,,,,,,,,,,,,,,,,,,,,,,,,,,,,,,,,,,,,,,,,,,,,,,,,,,,,,,,,,,,,,,,,,,,,,,,,,,,,,,,,,,,,,,,,,,,,,,,,,,,,,,,,,,,,,,,,,,,,,,,,,,,,,,,,,,,,,,
817,PE,HT,#7,#11,FT_1,2.057657498136794,2.346405303023299,134.05563115626046,-1.0927325605455387,1.2427699658275597,-88.34506728642847,0.34098204958320605,,,,,,,,,,,,,,,,,,,,,,,,,,,,,,,,,,,,,,,,,,,,,,,,,,,,,,,,,,,,,,,,,,,,,,,,,,,,,,,,,,,,,,,,,,,,,,,,,,,,,,,,,,,,,,,,,,,,,,,,,,,,,,,,,,,,,,,,,,,,,,,,,,,,,,,,,,,,,,,,,,,,,,,,,,,,,,,,,,,,,,,,,,,,,,,,,,,,,,,,,,,,,,,,,,,,,,,,
818,PE,HT,#8,#1,MeOH_1,1.2706486306382658,1.3464178631286194,69.85554424468637,-0.4734078947613843,1.8140833315059965,-22.170698490986954,0.6826207750478819,,,,,,,,,,,,,,,,,,,,,,,,,,,,,,,,,,,,,,,,,,,,,,,,,,,,,,,,,,,,,,,,,,,,,,,,,,,,,,,,,,,,,,,,,,,,,,,,,,,,,,,,,,,,,,,,,,,,,,,,,,,,,,,,,,,,,,,,,,,,,,,,,,,,,,,,,,,,,,,,,,,,,,,,,,,,,,,,,,,,,,,,,,,,,,,,,,,,,,,,,,,,,,,,,,,,,,,,
819,PE,HT,#8,#2,FT_1,1.4238573897671554,1.216888125158434,76.58097271071836,-0.533840338435657,2.283998671753175,-30.93503074937455,0.5960480827759863,,,,,,,,,,,,,,,,,,,,,,,,,,,,,,,,,,,,,,,,,,,,,,,,,,,,,,,,,,,,,,,,,,,,,,,,,,,,,,,,,,,,,,,,,,,,,,,,,,,,,,,,,,,,,,,,,,,,,,,,,,,,,,,,,,,,,,,,,,,,,,,,,,,,,,,,,,,,,,,,,,,,,,,,,,,,,,,,,,,,,,,,,,,,,,,,,,,,,,,,,,,,,,,,,,,,,,,,
820,PE,HT,#8,#3,DIESEL_1,1.2850919256361948,1.8592470890069253,68.03070644604632,-0.5501700832724492,1.8540339497194886,-17.375115131393922,0.7445989312903322,,,,,,,,,,,,,,,,,,,,,,,,,,,,,,,,,,,,,,,,,,,,,,,,,,,,,,,,,,,,,,,,,,,,,,,,,,,,,,,,,,,,,,,,,,,,,,,,,,,,,,,,,,,,,,,,,,,,,,,,,,,,,,,,,,,,,,,,,,,,,,,,,,,,,,,,,,,,,,,,,,,,,,,,,,,,,,,,,,,,,,,,,,,,,,,,,,,,,,,,,,,,,,,,,,,,,,,,
821,PE,HT,#8,#4,MeOH_1,1.662024792917498,1.4186440685711332,99.74466424468636,-0.8598245534328769,1.635469069765392,-53.17858335464495,0.46685285115411174,,,,,,,,,,,,,,,,,,,,,,,,,,,,,,,,,,,,,,,,,,,,,,,,,,,,,,,,,,,,,,,,,,,,,,,,,,,,,,,,,,,,,,,,,,,,,,,,,,,,,,,,,,,,,,,,,,,,,,,,,,,,,,,,,,,,,,,,,,,,,,,,,,,,,,,,,,,,,,,,,,,,,,,,,,,,,,,,,,,,,,,,,,,,,,,,,,,,,,,,,,,,,,,,,,,,,,,,
822,PE,HT,#8,#5,FT_1,1.8544113174351253,1.475604111966695,106.88917431071835,-0.9636459899638031,2.021981479671045,-61.588865262295904,0.423806333434086,,,,,,,,,,,,,,,,,,,,,,,,,,,,,,,,,,,,,,,,,,,,,,,,,,,,,,,,,,,,,,,,,,,,,,,,,,,,,,,,,,,,,,,,,,,,,,,,,,,,,,,,,,,,,,,,,,,,,,,,,,,,,,,,,,,,,,,,,,,,,,,,,,,,,,,,,,,,,,,,,,,,,,,,,,,,,,,,,,,,,,,,,,,,,,,,,,,,,,,,,,,,,,,,,,,,,,,,
823,PE,HT,#8,#6,Olefin,1.1044493434541767,0.6290843388642711,56.596148193394804,-0.48286788556333887,2.5771385238783324,-12.146354616847214,0.7853854899216482,,,,,,,,,,,,,,,,,,,,,,,,,,,,,,,,,,,,,,,,,,,,,,,,,,,,,,,,,,,,,,,,,,,,,,,,,,,,,,,,,,,,,,,,,,,,,,,,,,,,,,,,,,,,,,,,,,,,,,,,,,,,,,,,,,,,,,,,,,,,,,,,,,,,,,,,,,,,,,,,,,,,,,,,,,,,,,,,,,,,,,,,,,,,,,,,,,,,,,,,,,,,,,,,,,,,,,,,
824,PE,HT,#8,#7,MeOH_1,1.2764677961256803,1.359146497554383,70.87052693876873,-0.479954652281687,1.8318794786823815,-23.617528980516557,0.6667510458766334,,,,,,,,,,,,,,,,,,,,,,,,,,,,,,,,,,,,,,,,,,,,,,,,,,,,,,,,,,,,,,,,,,,,,,,,,,,,,,,,,,,,,,,,,,,,,,,,,,,,,,,,,,,,,,,,,,,,,,,,,,,,,,,,,,,,,,,,,,,,,,,,,,,,,,,,,,,,,,,,,,,,,,,,,,,,,,,,,,,,,,,,,,,,,,,,,,,,,,,,,,,,,,,,,,,,,,,,
825,PE,HT,#8,#8,FT_1,1.4509810224240318,1.2667752414969828,78.01128820480074,-0.567645323609905,2.227062014775673,-32.48808545676271,0.5835463532986059,,,,,,,,,,,,,,,,,,,,,,,,,,,,,,,,,,,,,,,,,,,,,,,,,,,,,,,,,,,,,,,,,,,,,,,,,,,,,,,,,,,,,,,,,,,,,,,,,,,,,,,,,,,,,,,,,,,,,,,,,,,,,,,,,,,,,,,,,,,,,,,,,,,,,,,,,,,,,,,,,,,,,,,,,,,,,,,,,,,,,,,,,,,,,,,,,,,,,,,,,,,,,,,,,,,,,,,,
826,PE,HT,#8,#9,DIESEL_1,1.312673978566731,1.854922715543508,69.76276370663895,-0.5659463012027849,1.8846541065741762,-18.315878735295666,0.7374548002095187,,,,,,,,,,,,,,,,,,,,,,,,,,,,,,,,,,,,,,,,,,,,,,,,,,,,,,,,,,,,,,,,,,,,,,,,,,,,,,,,,,,,,,,,,,,,,,,,,,,,,,,,,,,,,,,,,,,,,,,,,,,,,,,,,,,,,,,,,,,,,,,,,,,,,,,,,,,,,,,,,,,,,,,,,,,,,,,,,,,,,,,,,,,,,,,,,,,,,,,,,,,,,,,,,,,,,,,,
827,PE,HT,#8,#10,MeOH_1,1.7198155640052302,1.4820151977509606,104.19027893876873,-0.9152444108601632,1.5796901947389468,-57.65208680848647,0.44666539531612304,,,,,,,,,,,,,,,,,,,,,,,,,,,,,,,,,,,,,,,,,,,,,,,,,,,,,,,,,,,,,,,,,,,,,,,,,,,,,,,,,,,,,,,,,,,,,,,,,,,,,,,,,,,,,,,,,,,,,,,,,,,,,,,,,,,,,,,,,,,,,,,,,,,,,,,,,,,,,,,,,,,,,,,,,,,,,,,,,,,,,,,,,,,,,,,,,,,,,,,,,,,,,,,,,,,,,,,,
828,PE,HT,#8,#11,FT_1,1.9167895660755765,1.5534978988703654,111.10754260480073,-1.0330162846519164,1.935628794609902,-66.06905832800669,0.4053593772386072,,,,,,,,,,,,,,,,,,,,,,,,,,,,,,,,,,,,,,,,,,,,,,,,,,,,,,,,,,,,,,,,,,,,,,,,,,,,,,,,,,,,,,,,,,,,,,,,,,,,,,,,,,,,,,,,,,,,,,,,,,,,,,,,,,,,,,,,,,,,,,,,,,,,,,,,,,,,,,,,,,,,,,,,,,,,,,,,,,,,,,,,,,,,,,,,,,,,,,,,,,,,,,,,,,,,,,,,
829,PE,HT,#9,#1,MeOH_1,1.3683557749343658,1.68823635035326,72.79705509172635,-0.5950693611307056,1.5357455047601378,-25.15982929354625,0.6543839683920709,,,,,,,,,,,,,,,,,,,,,,,,,,,,,,,,,,,,,,,,,,,,,,,,,,,,,,,,,,,,,,,,,,,,,,,,,,,,,,,,,,,,,,,,,,,,,,,,,,,,,,,,,,,,,,,,,,,,,,,,,,,,,,,,,,,,,,,,,,,,,,,,,,,,,,,,,,,,,,,,,,,,,,,,,,,,,,,,,,,,,,,,,,,,,,,,,,,,,,,,,,,,,,,,,,,,,,,,
830,PE,HT,#9,#2,FT_1,1.5215645340632569,1.5587066123830744,79.52248355775835,-0.6555018048049804,2.005660845007316,-33.92416155193385,0.5734016339254013,,,,,,,,,,,,,,,,,,,,,,,,,,,,,,,,,,,,,,,,,,,,,,,,,,,,,,,,,,,,,,,,,,,,,,,,,,,,,,,,,,,,,,,,,,,,,,,,,,,,,,,,,,,,,,,,,,,,,,,,,,,,,,,,,,,,,,,,,,,,,,,,,,,,,,,,,,,,,,,,,,,,,,,,,,,,,,,,,,,,,,,,,,,,,,,,,,,,,,,,,,,,,,,,,,,,,,,,
831,PE,HT,#9,#3,H2_1,1.3827990699322947,2.201065576231566,70.9722172930863,-0.671831549641771,1.5756961229736295,-20.364245933953217,0.7130673563451289,,,,,,,,,,,,,,,,,,,,,,,,,,,,,,,,,,,,,,,,,,,,,,,,,,,,,,,,,,,,,,,,,,,,,,,,,,,,,,,,,,,,,,,,,,,,,,,,,,,,,,,,,,,,,,,,,,,,,,,,,,,,,,,,,,,,,,,,,,,,,,,,,,,,,,,,,,,,,,,,,,,,,,,,,,,,,,,,,,,,,,,,,,,,,,,,,,,,,,,,,,,,,,,,,,,,,,,,
832,PE,HT,#9,#4,MeOH_1,1.759731937213599,1.7604625557957736,102.68617509172635,-0.9814860198021996,1.3571312430195335,-56.16771415720426,0.4530158114562998,,,,,,,,,,,,,,,,,,,,,,,,,,,,,,,,,,,,,,,,,,,,,,,,,,,,,,,,,,,,,,,,,,,,,,,,,,,,,,,,,,,,,,,,,,,,,,,,,,,,,,,,,,,,,,,,,,,,,,,,,,,,,,,,,,,,,,,,,,,,,,,,,,,,,,,,,,,,,,,,,,,,,,,,,,,,,,,,,,,,,,,,,,,,,,,,,,,,,,,,,,,,,,,,,,,,,,,,
833,PE,HT,#9,#5,FT_1,1.952118461731227,1.817422599191335,109.83068515775837,-1.0853074563331266,1.7436436529251862,-64.57799606485523,0.41202227799911456,,,,,,,,,,,,,,,,,,,,,,,,,,,,,,,,,,,,,,,,,,,,,,,,,,,,,,,,,,,,,,,,,,,,,,,,,,,,,,,,,,,,,,,,,,,,,,,,,,,,,,,,,,,,,,,,,,,,,,,,,,,,,,,,,,,,,,,,,,,,,,,,,,,,,,,,,,,,,,,,,,,,,,,,,,,,,,,,,,,,,,,,,,,,,,,,,,,,,,,,,,,,,,,,,,,,,,,,
834,PE,HT,#9,#6,Olefin,1.2021564877502768,0.970902826088911,59.53765904043481,-0.6045293519326609,2.2988006971324735,-15.135485419406528,0.7457829941024837,,,,,,,,,,,,,,,,,,,,,,,,,,,,,,,,,,,,,,,,,,,,,,,,,,,,,,,,,,,,,,,,,,,,,,,,,,,,,,,,,,,,,,,,,,,,,,,,,,,,,,,,,,,,,,,,,,,,,,,,,,,,,,,,,,,,,,,,,,,,,,,,,,,,,,,,,,,,,,,,,,,,,,,,,,,,,,,,,,,,,,,,,,,,,,,,,,,,,,,,,,,,,,,,,,,,,,,,
835,PE,HT,#9,#7,MeOH_1,1.37417494042178,1.7009649847790231,73.81203778580874,-0.6016161186510084,1.5535416519365228,-26.606659783075862,0.6395349514630077,,,,,,,,,,,,,,,,,,,,,,,,,,,,,,,,,,,,,,,,,,,,,,,,,,,,,,,,,,,,,,,,,,,,,,,,,,,,,,,,,,,,,,,,,,,,,,,,,,,,,,,,,,,,,,,,,,,,,,,,,,,,,,,,,,,,,,,,,,,,,,,,,,,,,,,,,,,,,,,,,,,,,,,,,,,,,,,,,,,,,,,,,,,,,,,,,,,,,,,,,,,,,,,,,,,,,,,,
836,PE,HT,#9,#8,FT_1,1.548688166720132,1.6085937287216232,80.95279905184074,-0.6893067899792273,1.948724188029814,-35.477216259322006,0.5617542978766796,,,,,,,,,,,,,,,,,,,,,,,,,,,,,,,,,,,,,,,,,,,,,,,,,,,,,,,,,,,,,,,,,,,,,,,,,,,,,,,,,,,,,,,,,,,,,,,,,,,,,,,,,,,,,,,,,,,,,,,,,,,,,,,,,,,,,,,,,,,,,,,,,,,,,,,,,,,,,,,,,,,,,,,,,,,,,,,,,,,,,,,,,,,,,,,,,,,,,,,,,,,,,,,,,,,,,,,,
837,PE,HT,#9,#9,H2_1,1.4103811228628307,2.196741202768148,72.70427455367896,-0.6876077675721066,1.6063162798283177,-21.305009537854968,0.7069634534056856,,,,,,,,,,,,,,,,,,,,,,,,,,,,,,,,,,,,,,,,,,,,,,,,,,,,,,,,,,,,,,,,,,,,,,,,,,,,,,,,,,,,,,,,,,,,,,,,,,,,,,,,,,,,,,,,,,,,,,,,,,,,,,,,,,,,,,,,,,,,,,,,,,,,,,,,,,,,,,,,,,,,,,,,,,,,,,,,,,,,,,,,,,,,,,,,,,,,,,,,,,,,,,,,,,,,,,,,
838,PE,HT,#9,#10,MeOH_1,1.8175227083013317,1.8238336849756012,107.13178978580873,-1.0369058772294866,1.3013523679930878,-60.64121761104578,0.4339568326797556,,,,,,,,,,,,,,,,,,,,,,,,,,,,,,,,,,,,,,,,,,,,,,,,,,,,,,,,,,,,,,,,,,,,,,,,,,,,,,,,,,,,,,,,,,,,,,,,,,,,,,,,,,,,,,,,,,,,,,,,,,,,,,,,,,,,,,,,,,,,,,,,,,,,,,,,,,,,,,,,,,,,,,,,,,,,,,,,,,,,,,,,,,,,,,,,,,,,,,,,,,,,,,,,,,,,,,,,
839,PE,HT,#9,#11,FT_1,2.0144967103716764,1.8953163860950055,114.04905345184075,-1.154677751021238,1.657290967864043,-69.058189130566,0.394486959422885,,,,,,,,,,,,,,,,,,,,,,,,,,,,,,,,,,,,,,,,,,,,,,,,,,,,,,,,,,,,,,,,,,,,,,,,,,,,,,,,,,,,,,,,,,,,,,,,,,,,,,,,,,,,,,,,,,,,,,,,,,,,,,,,,,,,,,,,,,,,,,,,,,,,,,,,,,,,,,,,,,,,,,,,,,,,,,,,,,,,,,,,,,,,,,,,,,,,,,,,,,,,,,,,,,,,,,,,
840,PE,LT,#1,#1,JET FUEL_1,1.1422240677775672,1.0852791130431687,85.93895404236105,-0.3434665457304469,1.7763451272632542,-42.6684260212392,0.5035030796371216,,,,,,,,,,,,,,,,,,,,,,,,,,,,,,,,,,,,,,,,,,,,,,,,,,,,,,,,,,,,,,,,,,,,,,,,,,,,,,,,,,,,,,,,,,,,,,,,,,,,,,,,,,,,,,,,,,,,,,,,,,,,,,,,,,,,,,,,,,,,,,,,,,,,,,,,,,,,,,,,,,,,,,,,,,,,,,,,,,,,,,,,,,,,,,,,,,,,,,,,,,,,,,,,,,,,,,,,
841,PE,LT,#1,#2,JET FUEL_1,1.213974976097653,1.0396968917682212,88.22770972236106,-0.4008152644352075,1.831679053868646,-44.64723677153369,0.4939544853648401,,,,,,,,,,,,,,,,,,,,,,,,,,,,,,,,,,,,,,,,,,,,,,,,,,,,,,,,,,,,,,,,,,,,,,,,,,,,,,,,,,,,,,,,,,,,,,,,,,,,,,,,,,,,,,,,,,,,,,,,,,,,,,,,,,,,,,,,,,,,,,,,,,,,,,,,,,,,,,,,,,,,,,,,,,,,,,,,,,,,,,,,,,,,,,,,,,,,,,,,,,,,,,,,,,,,,,,,
842,PE,LT,#1,#3,JET FUEL_1,1.1278033922702881,0.9807978414111375,85.18809967712112,-0.3257699459821153,1.885771161114897,-41.80356270467354,0.5092793140929673,,,,,,,,,,,,,,,,,,,,,,,,,,,,,,,,,,,,,,,,,,,,,,,,,,,,,,,,,,,,,,,,,,,,,,,,,,,,,,,,,,,,,,,,,,,,,,,,,,,,,,,,,,,,,,,,,,,,,,,,,,,,,,,,,,,,,,,,,,,,,,,,,,,,,,,,,,,,,,,,,,,,,,,,,,,,,,,,,,,,,,,,,,,,,,,,,,,,,,,,,,,,,,,,,,,,,,,,
843,PE,LT,#1,#4,JET FUEL_1,1.133991429374052,1.017548547721364,85.29365191436105,-0.3344214566082209,1.8133157625846852,-42.22090779440315,0.5049935505540906,,,,,,,,,,,,,,,,,,,,,,,,,,,,,,,,,,,,,,,,,,,,,,,,,,,,,,,,,,,,,,,,,,,,,,,,,,,,,,,,,,,,,,,,,,,,,,,,,,,,,,,,,,,,,,,,,,,,,,,,,,,,,,,,,,,,,,,,,,,,,,,,,,,,,,,,,,,,,,,,,,,,,,,,,,,,,,,,,,,,,,,,,,,,,,,,,,,,,,,,,,,,,,,,,,,,,,,,
844,PE,LT,#1,#5,JET FUEL_1,1.2033355747678725,1.0462831268632666,88.51553916236105,-0.3840071378706487,1.8406351832140149,-44.57029244536363,0.49646928813696933,,,,,,,,,,,,,,,,,,,,,,,,,,,,,,,,,,,,,,,,,,,,,,,,,,,,,,,,,,,,,,,,,,,,,,,,,,,,,,,,,,,,,,,,,,,,,,,,,,,,,,,,,,,,,,,,,,,,,,,,,,,,,,,,,,,,,,,,,,,,,,,,,,,,,,,,,,,,,,,,,,,,,,,,,,,,,,,,,,,,,,,,,,,,,,,,,,,,,,,,,,,,,,,,,,,,,,,,
845,PE,LT,#1,#6,JET FUEL_1,1.0789422808482145,0.7964834403491216,82.40852001838132,-0.2817481158708833,2.05065652931207,-39.25532596855417,0.5236496668087448,,,,,,,,,,,,,,,,,,,,,,,,,,,,,,,,,,,,,,,,,,,,,,,,,,,,,,,,,,,,,,,,,,,,,,,,,,,,,,,,,,,,,,,,,,,,,,,,,,,,,,,,,,,,,,,,,,,,,,,,,,,,,,,,,,,,,,,,,,,,,,,,,,,,,,,,,,,,,,,,,,,,,,,,,,,,,,,,,,,,,,,,,,,,,,,,,,,,,,,,,,,,,,,,,,,,,,,,
846,PE,LT,#1,#7,JET FUEL_1,1.1243234830615763,0.9822893076824012,85.10287232490226,-0.32317976680494853,1.8784587736197582,-41.63072035906584,0.5108188569696005,,,,,,,,,,,,,,,,,,,,,,,,,,,,,,,,,,,,,,,,,,,,,,,,,,,,,,,,,,,,,,,,,,,,,,,,,,,,,,,,,,,,,,,,,,,,,,,,,,,,,,,,,,,,,,,,,,,,,,,,,,,,,,,,,,,,,,,,,,,,,,,,,,,,,,,,,,,,,,,,,,,,,,,,,,,,,,,,,,,,,,,,,,,,,,,,,,,,,,,,,,,,,,,,,,,,,,,,
847,PE,LT,#1,#8,JET FUEL_1,1.1728556874730454,0.9591997278346971,86.3143726309343,-0.36780478078252316,1.8923874358453465,-42.73500319638165,0.5048912261795689,,,,,,,,,,,,,,,,,,,,,,,,,,,,,,,,,,,,,,,,,,,,,,,,,,,,,,,,,,,,,,,,,,,,,,,,,,,,,,,,,,,,,,,,,,,,,,,,,,,,,,,,,,,,,,,,,,,,,,,,,,,,,,,,,,,,,,,,,,,,,,,,,,,,,,,,,,,,,,,,,,,,,,,,,,,,,,,,,,,,,,,,,,,,,,,,,,,,,,,,,,,,,,,,,,,,,,,,
848,PE,LT,#1,#9,JET FUEL_1,1.11754247462688,0.9510220570624599,84.9152973935231,-0.3155021225580536,1.9147448420356352,-41.53658828180406,0.5108468137453375,,,,,,,,,,,,,,,,,,,,,,,,,,,,,,,,,,,,,,,,,,,,,,,,,,,,,,,,,,,,,,,,,,,,,,,,,,,,,,,,,,,,,,,,,,,,,,,,,,,,,,,,,,,,,,,,,,,,,,,,,,,,,,,,,,,,,,,,,,,,,,,,,,,,,,,,,,,,,,,,,,,,,,,,,,,,,,,,,,,,,,,,,,,,,,,,,,,,,,,,,,,,,,,,,,,,,,,,
849,PE,LT,#1,#10,JET FUEL_1,1.192020838097983,0.9413916209541707,86.46414746090227,-0.3901291235357989,1.895559294584647,-43.31511830271043,0.49903954905359077,,,,,,,,,,,,,,,,,,,,,,,,,,,,,,,,,,,,,,,,,,,,,,,,,,,,,,,,,,,,,,,,,,,,,,,,,,,,,,,,,,,,,,,,,,,,,,,,,,,,,,,,,,,,,,,,,,,,,,,,,,,,,,,,,,,,,,,,,,,,,,,,,,,,,,,,,,,,,,,,,,,,,,,,,,,,,,,,,,,,,,,,,,,,,,,,,,,,,,,,,,,,,,,,,,,,,,,,
850,PE,LT,#1,#11,JET FUEL_1,1.2034857002172188,0.9476610426846506,86.82529927093428,-0.40033471833162854,1.9019843571773076,-43.8120495091058,0.49539995972380874,,,,,,,,,,,,,,,,,,,,,,,,,,,,,,,,,,,,,,,,,,,,,,,,,,,,,,,,,,,,,,,,,,,,,,,,,,,,,,,,,,,,,,,,,,,,,,,,,,,,,,,,,,,,,,,,,,,,,,,,,,,,,,,,,,,,,,,,,,,,,,,,,,,,,,,,,,,,,,,,,,,,,,,,,,,,,,,,,,,,,,,,,,,,,,,,,,,,,,,,,,,,,,,,,,,,,,,,
851,PE,LT,#2,#1,WAX_1,1.143442036138487,1.2569914564989206,79.73041881292106,-0.42520303379851015,2.269458254497063,-28.831686378841038,0.6383853639789411,,,,,,,,,,,,,,,,,,,,,,,,,,,,,,,,,,,,,,,,,,,,,,,,,,,,,,,,,,,,,,,,,,,,,,,,,,,,,,,,,,,,,,,,,,,,,,,,,,,,,,,,,,,,,,,,,,,,,,,,,,,,,,,,,,,,,,,,,,,,,,,,,,,,,,,,,,,,,,,,,,,,,,,,,,,,,,,,,,,,,,,,,,,,,,,,,,,,,,,,,,,,,,,,,,,,,,,,
852,PE,LT,#2,#2,WAX_1,1.2151929444585732,1.2114092352239734,76.69080876768113,-0.4825517525032707,2.324792181102455,-25.482131403895618,0.6677290041224049,,,,,,,,,,,,,,,,,,,,,,,,,,,,,,,,,,,,,,,,,,,,,,,,,,,,,,,,,,,,,,,,,,,,,,,,,,,,,,,,,,,,,,,,,,,,,,,,,,,,,,,,,,,,,,,,,,,,,,,,,,,,,,,,,,,,,,,,,,,,,,,,,,,,,,,,,,,,,,,,,,,,,,,,,,,,,,,,,,,,,,,,,,,,,,,,,,,,,,,,,,,,,,,,,,,,,,,,
853,PE,LT,#2,#3,WAX_1,1.129021360631208,1.1525101848668895,76.79636100492105,-0.4075064340501784,2.3788842883487065,-25.783619619515303,0.6642598779144873,,,,,,,,,,,,,,,,,,,,,,,,,,,,,,,,,,,,,,,,,,,,,,,,,,,,,,,,,,,,,,,,,,,,,,,,,,,,,,,,,,,,,,,,,,,,,,,,,,,,,,,,,,,,,,,,,,,,,,,,,,,,,,,,,,,,,,,,,,,,,,,,,,,,,,,,,,,,,,,,,,,,,,,,,,,,,,,,,,,,,,,,,,,,,,,,,,,,,,,,,,,,,,,,,,,,,,,,
854,PE,LT,#2,#4,WAX_1,1.135209397734972,1.1892608911771165,80.01824825292105,-0.41615794467628403,2.306428889818494,-29.317299720004993,0.633617326546076,,,,,,,,,,,,,,,,,,,,,,,,,,,,,,,,,,,,,,,,,,,,,,,,,,,,,,,,,,,,,,,,,,,,,,,,,,,,,,,,,,,,,,,,,,,,,,,,,,,,,,,,,,,,,,,,,,,,,,,,,,,,,,,,,,,,,,,,,,,,,,,,,,,,,,,,,,,,,,,,,,,,,,,,,,,,,,,,,,,,,,,,,,,,,,,,,,,,,,,,,,,,,,,,,,,,,,,,
855,PE,LT,#2,#5,WAX_1,1.2045535431287926,1.2179954703190183,73.91122910894133,-0.46574362593871216,2.333748310447824,-22.33777797898573,0.6977755850053448,,,,,,,,,,,,,,,,,,,,,,,,,,,,,,,,,,,,,,,,,,,,,,,,,,,,,,,,,,,,,,,,,,,,,,,,,,,,,,,,,,,,,,,,,,,,,,,,,,,,,,,,,,,,,,,,,,,,,,,,,,,,,,,,,,,,,,,,,,,,,,,,,,,,,,,,,,,,,,,,,,,,,,,,,,,,,,,,,,,,,,,,,,,,,,,,,,,,,,,,,,,,,,,,,,,,,,,,
856,PE,LT,#2,#6,WAX_1,1.080160249209134,0.9681957838048733,76.60558141546228,-0.363484603938946,2.5437696565458796,-25.824182952676953,0.6628942372668354,,,,,,,,,,,,,,,,,,,,,,,,,,,,,,,,,,,,,,,,,,,,,,,,,,,,,,,,,,,,,,,,,,,,,,,,,,,,,,,,,,,,,,,,,,,,,,,,,,,,,,,,,,,,,,,,,,,,,,,,,,,,,,,,,,,,,,,,,,,,,,,,,,,,,,,,,,,,,,,,,,,,,,,,,,,,,,,,,,,,,,,,,,,,,,,,,,,,,,,,,,,,,,,,,,,,,,,,
857,PE,LT,#2,#7,WAX_1,1.1255414514224962,1.1540016511381535,77.81708172149429,-0.40491625487301147,2.371571900853567,-26.71672534269968,0.6566727413613597,,,,,,,,,,,,,,,,,,,,,,,,,,,,,,,,,,,,,,,,,,,,,,,,,,,,,,,,,,,,,,,,,,,,,,,,,,,,,,,,,,,,,,,,,,,,,,,,,,,,,,,,,,,,,,,,,,,,,,,,,,,,,,,,,,,,,,,,,,,,,,,,,,,,,,,,,,,,,,,,,,,,,,,,,,,,,,,,,,,,,,,,,,,,,,,,,,,,,,,,,,,,,,,,,,,,,,,,
858,PE,LT,#2,#8,WAX_1,1.1740736558339655,1.13091207129045,76.41800648408311,-0.44954126885058643,2.3855005630791544,-25.21043263657229,0.670098268765709,,,,,,,,,,,,,,,,,,,,,,,,,,,,,,,,,,,,,,,,,,,,,,,,,,,,,,,,,,,,,,,,,,,,,,,,,,,,,,,,,,,,,,,,,,,,,,,,,,,,,,,,,,,,,,,,,,,,,,,,,,,,,,,,,,,,,,,,,,,,,,,,,,,,,,,,,,,,,,,,,,,,,,,,,,,,,,,,,,,,,,,,,,,,,,,,,,,,,,,,,,,,,,,,,,,,,,,,
859,PE,LT,#2,#9,WAX_1,1.1187604429878002,1.122734400518212,77.96685655146227,-0.39723861062611704,2.407857969269444,-26.95994302678506,0.6542127742576096,,,,,,,,,,,,,,,,,,,,,,,,,,,,,,,,,,,,,,,,,,,,,,,,,,,,,,,,,,,,,,,,,,,,,,,,,,,,,,,,,,,,,,,,,,,,,,,,,,,,,,,,,,,,,,,,,,,,,,,,,,,,,,,,,,,,,,,,,,,,,,,,,,,,,,,,,,,,,,,,,,,,,,,,,,,,,,,,,,,,,,,,,,,,,,,,,,,,,,,,,,,,,,,,,,,,,,,,
860,PE,LT,#2,#10,WAX_1,1.193238806458903,1.113103964409922,78.32800836149428,-0.4718656116038622,2.3886724218184567,-27.550774790344256,0.648264070966879,,,,,,,,,,,,,,,,,,,,,,,,,,,,,,,,,,,,,,,,,,,,,,,,,,,,,,,,,,,,,,,,,,,,,,,,,,,,,,,,,,,,,,,,,,,,,,,,,,,,,,,,,,,,,,,,,,,,,,,,,,,,,,,,,,,,,,,,,,,,,,,,,,,,,,,,,,,,,,,,,,,,,,,,,,,,,,,,,,,,,,,,,,,,,,,,,,,,,,,,,,,,,,,,,,,,,,,,
861,PE,LT,#2,#11,WAX_1,1.2047036685781387,1.1193733861404025,73.57616413056006,-0.48207120639969175,2.395097484411117,-22.9347099557734,0.6882861423017919,,,,,,,,,,,,,,,,,,,,,,,,,,,,,,,,,,,,,,,,,,,,,,,,,,,,,,,,,,,,,,,,,,,,,,,,,,,,,,,,,,,,,,,,,,,,,,,,,,,,,,,,,,,,,,,,,,,,,,,,,,,,,,,,,,,,,,,,,,,,,,,,,,,,,,,,,,,,,,,,,,,,,,,,,,,,,,,,,,,,,,,,,,,,,,,,,,,,,,,,,,,,,,,,,,,,,,,,
862,PE,LT,#3,#1,WAX_1,1.373392387525495,1.9219302428946132,84.46774863525168,-0.6119035855447498,1.5529408301445788,-32.79360780698569,0.6117617867549077,,,,,,,,,,,,,,,,,,,,,,,,,,,,,,,,,,,,,,,,,,,,,,,,,,,,,,,,,,,,,,,,,,,,,,,,,,,,,,,,,,,,,,,,,,,,,,,,,,,,,,,,,,,,,,,,,,,,,,,,,,,,,,,,,,,,,,,,,,,,,,,,,,,,,,,,,,,,,,,,,,,,,,,,,,,,,,,,,,,,,,,,,,,,,,,,,,,,,,,,,,,,,,,,,,,,,,,,
863,PE,LT,#3,#2,WAX_1,1.445143295845582,1.8763480216196655,86.75650431525168,-0.6692523042495115,1.6082747567499707,-34.772418557280204,0.5991952553675303,,,,,,,,,,,,,,,,,,,,,,,,,,,,,,,,,,,,,,,,,,,,,,,,,,,,,,,,,,,,,,,,,,,,,,,,,,,,,,,,,,,,,,,,,,,,,,,,,,,,,,,,,,,,,,,,,,,,,,,,,,,,,,,,,,,,,,,,,,,,,,,,,,,,,,,,,,,,,,,,,,,,,,,,,,,,,,,,,,,,,,,,,,,,,,,,,,,,,,,,,,,,,,,,,,,,,,,,
864,PE,LT,#3,#3,WAX_1,1.3589717120182156,1.8174489712625825,83.71689427001175,-0.594206985796418,1.662366863996221,-31.928744490420037,0.6186104994836479,,,,,,,,,,,,,,,,,,,,,,,,,,,,,,,,,,,,,,,,,,,,,,,,,,,,,,,,,,,,,,,,,,,,,,,,,,,,,,,,,,,,,,,,,,,,,,,,,,,,,,,,,,,,,,,,,,,,,,,,,,,,,,,,,,,,,,,,,,,,,,,,,,,,,,,,,,,,,,,,,,,,,,,,,,,,,,,,,,,,,,,,,,,,,,,,,,,,,,,,,,,,,,,,,,,,,,,,
865,PE,LT,#3,#4,WAX_1,1.3651597491219813,1.8541996775728082,83.82244650725167,-0.6028584964225251,1.58991146546601,-32.34608958014965,0.6141118408259377,,,,,,,,,,,,,,,,,,,,,,,,,,,,,,,,,,,,,,,,,,,,,,,,,,,,,,,,,,,,,,,,,,,,,,,,,,,,,,,,,,,,,,,,,,,,,,,,,,,,,,,,,,,,,,,,,,,,,,,,,,,,,,,,,,,,,,,,,,,,,,,,,,,,,,,,,,,,,,,,,,,,,,,,,,,,,,,,,,,,,,,,,,,,,,,,,,,,,,,,,,,,,,,,,,,,,,,,
866,PE,LT,#3,#5,WAX_1,1.4345038945158017,1.882934256714711,87.04433375525167,-0.6524441776849531,1.617230886095339,-34.69547423111012,0.601404563234803,,,,,,,,,,,,,,,,,,,,,,,,,,,,,,,,,,,,,,,,,,,,,,,,,,,,,,,,,,,,,,,,,,,,,,,,,,,,,,,,,,,,,,,,,,,,,,,,,,,,,,,,,,,,,,,,,,,,,,,,,,,,,,,,,,,,,,,,,,,,,,,,,,,,,,,,,,,,,,,,,,,,,,,,,,,,,,,,,,,,,,,,,,,,,,,,,,,,,,,,,,,,,,,,,,,,,,,,
867,PE,LT,#3,#6,WAX_1,1.3101106005961425,1.6331345702005657,80.93731461127194,-0.5501851556851862,1.8272522321933948,-29.380507754300677,0.6369967561265132,,,,,,,,,,,,,,,,,,,,,,,,,,,,,,,,,,,,,,,,,,,,,,,,,,,,,,,,,,,,,,,,,,,,,,,,,,,,,,,,,,,,,,,,,,,,,,,,,,,,,,,,,,,,,,,,,,,,,,,,,,,,,,,,,,,,,,,,,,,,,,,,,,,,,,,,,,,,,,,,,,,,,,,,,,,,,,,,,,,,,,,,,,,,,,,,,,,,,,,,,,,,,,,,,,,,,,,,
868,PE,LT,#3,#7,WAX_1,1.3554918028095055,1.8189404375338458,83.6316669177929,-0.5916168066192526,1.6550544765010824,-31.755902144812335,0.6202885424246378,,,,,,,,,,,,,,,,,,,,,,,,,,,,,,,,,,,,,,,,,,,,,,,,,,,,,,,,,,,,,,,,,,,,,,,,,,,,,,,,,,,,,,,,,,,,,,,,,,,,,,,,,,,,,,,,,,,,,,,,,,,,,,,,,,,,,,,,,,,,,,,,,,,,,,,,,,,,,,,,,,,,,,,,,,,,,,,,,,,,,,,,,,,,,,,,,,,,,,,,,,,,,,,,,,,,,,,,
869,PE,LT,#3,#8,WAX_1,1.4040240072209749,1.7958508576861418,84.84316722382489,-0.6362418205968277,1.6689831387266707,-32.860184982128125,0.612694975242501,,,,,,,,,,,,,,,,,,,,,,,,,,,,,,,,,,,,,,,,,,,,,,,,,,,,,,,,,,,,,,,,,,,,,,,,,,,,,,,,,,,,,,,,,,,,,,,,,,,,,,,,,,,,,,,,,,,,,,,,,,,,,,,,,,,,,,,,,,,,,,,,,,,,,,,,,,,,,,,,,,,,,,,,,,,,,,,,,,,,,,,,,,,,,,,,,,,,,,,,,,,,,,,,,,,,,,,,
870,PE,LT,#3,#9,WAX_1,1.3487107943748096,1.7876731869139049,83.44409198641372,-0.583939162372358,1.6913405449169587,-31.66177006755055,0.6205630702685855,,,,,,,,,,,,,,,,,,,,,,,,,,,,,,,,,,,,,,,,,,,,,,,,,,,,,,,,,,,,,,,,,,,,,,,,,,,,,,,,,,,,,,,,,,,,,,,,,,,,,,,,,,,,,,,,,,,,,,,,,,,,,,,,,,,,,,,,,,,,,,,,,,,,,,,,,,,,,,,,,,,,,,,,,,,,,,,,,,,,,,,,,,,,,,,,,,,,,,,,,,,,,,,,,,,,,,,,
871,PE,LT,#3,#10,WAX_1,1.4231891578459124,1.7780427508056151,84.9929420537929,-0.6585661633501033,1.6721549974659715,-33.44030008845693,0.606552035023188,,,,,,,,,,,,,,,,,,,,,,,,,,,,,,,,,,,,,,,,,,,,,,,,,,,,,,,,,,,,,,,,,,,,,,,,,,,,,,,,,,,,,,,,,,,,,,,,,,,,,,,,,,,,,,,,,,,,,,,,,,,,,,,,,,,,,,,,,,,,,,,,,,,,,,,,,,,,,,,,,,,,,,,,,,,,,,,,,,,,,,,,,,,,,,,,,,,,,,,,,,,,,,,,,,,,,,,,
872,PE,LT,#3,#11,WAX_1,1.4346540199651483,1.784312172536095,85.3540938638249,-0.6687717581459328,1.6785800600586323,-33.93723129485229,0.6023948031245435,,,,,,,,,,,,,,,,,,,,,,,,,,,,,,,,,,,,,,,,,,,,,,,,,,,,,,,,,,,,,,,,,,,,,,,,,,,,,,,,,,,,,,,,,,,,,,,,,,,,,,,,,,,,,,,,,,,,,,,,,,,,,,,,,,,,,,,,,,,,,,,,,,,,,,,,,,,,,,,,,,,,,,,,,,,,,,,,,,,,,,,,,,,,,,,,,,,,,,,,,,,,,,,,,,,,,,,,
873,PE,LT,#4,#1,WAX_1,1.4443263005280675,1.8333868360789844,86.94961102128369,-0.6587436493706027,1.7032274954365045,-36.39719194117785,0.5813990250943333,,,,,,,,,,,,,,,,,,,,,,,,,,,,,,,,,,,,,,,,,,,,,,,,,,,,,,,,,,,,,,,,,,,,,,,,,,,,,,,,,,,,,,,,,,,,,,,,,,,,,,,,,,,,,,,,,,,,,,,,,,,,,,,,,,,,,,,,,,,,,,,,,,,,,,,,,,,,,,,,,,,,,,,,,,,,,,,,,,,,,,,,,,,,,,,,,,,,,,,,,,,,,,,,,,,,,,,,
874,PE,LT,#4,#2,WAX_1,1.5160772088481533,1.787804614804037,89.23836670128368,-0.716092368075363,1.758561422041896,-38.37600269147235,0.569960723060608,,,,,,,,,,,,,,,,,,,,,,,,,,,,,,,,,,,,,,,,,,,,,,,,,,,,,,,,,,,,,,,,,,,,,,,,,,,,,,,,,,,,,,,,,,,,,,,,,,,,,,,,,,,,,,,,,,,,,,,,,,,,,,,,,,,,,,,,,,,,,,,,,,,,,,,,,,,,,,,,,,,,,,,,,,,,,,,,,,,,,,,,,,,,,,,,,,,,,,,,,,,,,,,,,,,,,,,,
875,PE,LT,#4,#3,WAX_1,1.4299056250207882,1.7289055644469535,86.19875665604376,-0.6410470496222708,1.8126535292881472,-35.53232862461219,0.5877860655647766,,,,,,,,,,,,,,,,,,,,,,,,,,,,,,,,,,,,,,,,,,,,,,,,,,,,,,,,,,,,,,,,,,,,,,,,,,,,,,,,,,,,,,,,,,,,,,,,,,,,,,,,,,,,,,,,,,,,,,,,,,,,,,,,,,,,,,,,,,,,,,,,,,,,,,,,,,,,,,,,,,,,,,,,,,,,,,,,,,,,,,,,,,,,,,,,,,,,,,,,,,,,,,,,,,,,,,,,
876,PE,LT,#4,#4,WAX_1,1.4360936621245541,1.76565627075718,86.30430889328368,-0.6496985602483784,1.7401981307579353,-35.949673714341806,0.5834544743438708,,,,,,,,,,,,,,,,,,,,,,,,,,,,,,,,,,,,,,,,,,,,,,,,,,,,,,,,,,,,,,,,,,,,,,,,,,,,,,,,,,,,,,,,,,,,,,,,,,,,,,,,,,,,,,,,,,,,,,,,,,,,,,,,,,,,,,,,,,,,,,,,,,,,,,,,,,,,,,,,,,,,,,,,,,,,,,,,,,,,,,,,,,,,,,,,,,,,,,,,,,,,,,,,,,,,,,,,
877,PE,LT,#4,#5,WAX_1,1.5054378075183743,1.7943908498990822,89.52619614128368,-0.6992842415108059,1.767517551387265,-38.29905836530227,0.5722027739806849,,,,,,,,,,,,,,,,,,,,,,,,,,,,,,,,,,,,,,,,,,,,,,,,,,,,,,,,,,,,,,,,,,,,,,,,,,,,,,,,,,,,,,,,,,,,,,,,,,,,,,,,,,,,,,,,,,,,,,,,,,,,,,,,,,,,,,,,,,,,,,,,,,,,,,,,,,,,,,,,,,,,,,,,,,,,,,,,,,,,,,,,,,,,,,,,,,,,,,,,,,,,,,,,,,,,,,,,
878,PE,LT,#4,#6,WAX_1,1.381044513598715,1.5445911633849367,83.41917699730394,-0.5970252195110394,1.9775388974853212,-32.984091888492806,0.6045982101986114,,,,,,,,,,,,,,,,,,,,,,,,,,,,,,,,,,,,,,,,,,,,,,,,,,,,,,,,,,,,,,,,,,,,,,,,,,,,,,,,,,,,,,,,,,,,,,,,,,,,,,,,,,,,,,,,,,,,,,,,,,,,,,,,,,,,,,,,,,,,,,,,,,,,,,,,,,,,,,,,,,,,,,,,,,,,,,,,,,,,,,,,,,,,,,,,,,,,,,,,,,,,,,,,,,,,,,,,
879,PE,LT,#4,#7,WAX_1,1.4264257158120766,1.7303970307182173,86.1135293038249,-0.6384568704451042,1.805341141793008,-35.3594862790045,0.5893852387091288,,,,,,,,,,,,,,,,,,,,,,,,,,,,,,,,,,,,,,,,,,,,,,,,,,,,,,,,,,,,,,,,,,,,,,,,,,,,,,,,,,,,,,,,,,,,,,,,,,,,,,,,,,,,,,,,,,,,,,,,,,,,,,,,,,,,,,,,,,,,,,,,,,,,,,,,,,,,,,,,,,,,,,,,,,,,,,,,,,,,,,,,,,,,,,,,,,,,,,,,,,,,,,,,,,,,,,,,
880,PE,LT,#4,#8,WAX_1,1.4749579202235474,1.707307450870513,87.32502960985691,-0.6830818844226806,1.8192698040185964,-36.46376911632028,0.5824362238497954,,,,,,,,,,,,,,,,,,,,,,,,,,,,,,,,,,,,,,,,,,,,,,,,,,,,,,,,,,,,,,,,,,,,,,,,,,,,,,,,,,,,,,,,,,,,,,,,,,,,,,,,,,,,,,,,,,,,,,,,,,,,,,,,,,,,,,,,,,,,,,,,,,,,,,,,,,,,,,,,,,,,,,,,,,,,,,,,,,,,,,,,,,,,,,,,,,,,,,,,,,,,,,,,,,,,,,,,
881,PE,LT,#4,#9,WAX_1,1.4196447073773808,1.699129780098276,85.92595437244572,-0.6307792261982097,1.8416272102088849,-35.26535420174269,0.5895843757651483,,,,,,,,,,,,,,,,,,,,,,,,,,,,,,,,,,,,,,,,,,,,,,,,,,,,,,,,,,,,,,,,,,,,,,,,,,,,,,,,,,,,,,,,,,,,,,,,,,,,,,,,,,,,,,,,,,,,,,,,,,,,,,,,,,,,,,,,,,,,,,,,,,,,,,,,,,,,,,,,,,,,,,,,,,,,,,,,,,,,,,,,,,,,,,,,,,,,,,,,,,,,,,,,,,,,,,,,
882,PE,LT,#4,#10,WAX_1,1.4941230708484852,1.6894993439899866,87.47480443982488,-0.7054062271759564,1.8224416627578974,-37.04388422264906,0.576519382239579,,,,,,,,,,,,,,,,,,,,,,,,,,,,,,,,,,,,,,,,,,,,,,,,,,,,,,,,,,,,,,,,,,,,,,,,,,,,,,,,,,,,,,,,,,,,,,,,,,,,,,,,,,,,,,,,,,,,,,,,,,,,,,,,,,,,,,,,,,,,,,,,,,,,,,,,,,,,,,,,,,,,,,,,,,,,,,,,,,,,,,,,,,,,,,,,,,,,,,,,,,,,,,,,,,,,,,,,
883,PE,LT,#4,#11,WAX_1,1.5055879329677209,1.6957687657204663,87.83595624985688,-0.7156118219717859,1.828866725350558,-37.54081542904442,0.5726030997800449,,,,,,,,,,,,,,,,,,,,,,,,,,,,,,,,,,,,,,,,,,,,,,,,,,,,,,,,,,,,,,,,,,,,,,,,,,,,,,,,,,,,,,,,,,,,,,,,,,,,,,,,,,,,,,,,,,,,,,,,,,,,,,,,,,,,,,,,,,,,,,,,,,,,,,,,,,,,,,,,,,,,,,,,,,,,,,,,,,,,,,,,,,,,,,,,,,,,,,,,,,,,,,,,,,,,,,,,
884,PE,LT,#5,#1,WAX_1,1.3794327459739053,1.9361838567884222,83.84372528003392,-0.6242601613068491,1.7359251165172196,-30.785683891289743,0.6328206578552291,,,,,,,,,,,,,,,,,,,,,,,,,,,,,,,,,,,,,,,,,,,,,,,,,,,,,,,,,,,,,,,,,,,,,,,,,,,,,,,,,,,,,,,,,,,,,,,,,,,,,,,,,,,,,,,,,,,,,,,,,,,,,,,,,,,,,,,,,,,,,,,,,,,,,,,,,,,,,,,,,,,,,,,,,,,,,,,,,,,,,,,,,,,,,,,,,,,,,,,,,,,,,,,,,,,,,,,,
885,PE,LT,#5,#2,WAX_1,1.451183654293991,1.8906016355134747,86.13248096003392,-0.6816088800116094,1.791259043122611,-32.764494641584236,0.6196034959588916,,,,,,,,,,,,,,,,,,,,,,,,,,,,,,,,,,,,,,,,,,,,,,,,,,,,,,,,,,,,,,,,,,,,,,,,,,,,,,,,,,,,,,,,,,,,,,,,,,,,,,,,,,,,,,,,,,,,,,,,,,,,,,,,,,,,,,,,,,,,,,,,,,,,,,,,,,,,,,,,,,,,,,,,,,,,,,,,,,,,,,,,,,,,,,,,,,,,,,,,,,,,,,,,,,,,,,,,
886,PE,LT,#5,#3,WAX_1,1.3650120704666262,1.8317025851563893,83.09287091479398,-0.6065635615585172,1.845351150368864,-29.92082057472407,0.6399110989268163,,,,,,,,,,,,,,,,,,,,,,,,,,,,,,,,,,,,,,,,,,,,,,,,,,,,,,,,,,,,,,,,,,,,,,,,,,,,,,,,,,,,,,,,,,,,,,,,,,,,,,,,,,,,,,,,,,,,,,,,,,,,,,,,,,,,,,,,,,,,,,,,,,,,,,,,,,,,,,,,,,,,,,,,,,,,,,,,,,,,,,,,,,,,,,,,,,,,,,,,,,,,,,,,,,,,,,,,
887,PE,LT,#5,#4,WAX_1,1.371200107570392,1.8684532914666172,83.1984231520339,-0.6152150721846248,1.7728957518386508,-30.338165664453683,0.6353516747665424,,,,,,,,,,,,,,,,,,,,,,,,,,,,,,,,,,,,,,,,,,,,,,,,,,,,,,,,,,,,,,,,,,,,,,,,,,,,,,,,,,,,,,,,,,,,,,,,,,,,,,,,,,,,,,,,,,,,,,,,,,,,,,,,,,,,,,,,,,,,,,,,,,,,,,,,,,,,,,,,,,,,,,,,,,,,,,,,,,,,,,,,,,,,,,,,,,,,,,,,,,,,,,,,,,,,,,,,
888,PE,LT,#5,#5,WAX_1,1.440544252964212,1.8971878706085197,86.42031040003391,-0.6648007534470521,1.8002151724679805,-32.68755031541416,0.6217607855826294,,,,,,,,,,,,,,,,,,,,,,,,,,,,,,,,,,,,,,,,,,,,,,,,,,,,,,,,,,,,,,,,,,,,,,,,,,,,,,,,,,,,,,,,,,,,,,,,,,,,,,,,,,,,,,,,,,,,,,,,,,,,,,,,,,,,,,,,,,,,,,,,,,,,,,,,,,,,,,,,,,,,,,,,,,,,,,,,,,,,,,,,,,,,,,,,,,,,,,,,,,,,,,,,,,,,,,,,
889,PE,LT,#5,#6,WAX_1,1.3161509590445524,1.6473881840943745,80.31329125605416,-0.5625417314472853,2.010236518566036,-27.37258383860468,0.6591774112290376,,,,,,,,,,,,,,,,,,,,,,,,,,,,,,,,,,,,,,,,,,,,,,,,,,,,,,,,,,,,,,,,,,,,,,,,,,,,,,,,,,,,,,,,,,,,,,,,,,,,,,,,,,,,,,,,,,,,,,,,,,,,,,,,,,,,,,,,,,,,,,,,,,,,,,,,,,,,,,,,,,,,,,,,,,,,,,,,,,,,,,,,,,,,,,,,,,,,,,,,,,,,,,,,,,,,,,,,
890,PE,LT,#5,#7,WAX_1,1.3615321612579143,1.833194051427655,83.00764356257513,-0.6039733823813505,1.8380387628737231,-29.74797822911636,0.6416236270254929,,,,,,,,,,,,,,,,,,,,,,,,,,,,,,,,,,,,,,,,,,,,,,,,,,,,,,,,,,,,,,,,,,,,,,,,,,,,,,,,,,,,,,,,,,,,,,,,,,,,,,,,,,,,,,,,,,,,,,,,,,,,,,,,,,,,,,,,,,,,,,,,,,,,,,,,,,,,,,,,,,,,,,,,,,,,,,,,,,,,,,,,,,,,,,,,,,,,,,,,,,,,,,,,,,,,,,,,
891,PE,LT,#5,#8,WAX_1,1.4100643656693852,1.8101044715799508,84.2191438686071,-0.6485983963589271,1.8519674250993114,-30.85226106643214,0.6336668879635525,,,,,,,,,,,,,,,,,,,,,,,,,,,,,,,,,,,,,,,,,,,,,,,,,,,,,,,,,,,,,,,,,,,,,,,,,,,,,,,,,,,,,,,,,,,,,,,,,,,,,,,,,,,,,,,,,,,,,,,,,,,,,,,,,,,,,,,,,,,,,,,,,,,,,,,,,,,,,,,,,,,,,,,,,,,,,,,,,,,,,,,,,,,,,,,,,,,,,,,,,,,,,,,,,,,,,,,,
892,PE,LT,#5,#9,WAX_1,1.35475115282322,1.8019268008077136,82.82006863119595,-0.5962957381344571,1.8743248312896001,-29.653846151854562,0.6419485440913435,,,,,,,,,,,,,,,,,,,,,,,,,,,,,,,,,,,,,,,,,,,,,,,,,,,,,,,,,,,,,,,,,,,,,,,,,,,,,,,,,,,,,,,,,,,,,,,,,,,,,,,,,,,,,,,,,,,,,,,,,,,,,,,,,,,,,,,,,,,,,,,,,,,,,,,,,,,,,,,,,,,,,,,,,,,,,,,,,,,,,,,,,,,,,,,,,,,,,,,,,,,,,,,,,,,,,,,,
893,PE,LT,#5,#10,WAX_1,1.4292295162943227,1.792296364699424,84.3689186985751,-0.6709227391122023,1.855139283838612,-31.43237617276093,0.6274412821970683,,,,,,,,,,,,,,,,,,,,,,,,,,,,,,,,,,,,,,,,,,,,,,,,,,,,,,,,,,,,,,,,,,,,,,,,,,,,,,,,,,,,,,,,,,,,,,,,,,,,,,,,,,,,,,,,,,,,,,,,,,,,,,,,,,,,,,,,,,,,,,,,,,,,,,,,,,,,,,,,,,,,,,,,,,,,,,,,,,,,,,,,,,,,,,,,,,,,,,,,,,,,,,,,,,,,,,,,
894,PE,LT,#5,#11,WAX_1,1.4406943784135586,1.7985657864299038,84.73007050860713,-0.6811283339080323,1.8615643464312732,-31.929307379156313,0.623164395031244,,,,,,,,,,,,,,,,,,,,,,,,,,,,,,,,,,,,,,,,,,,,,,,,,,,,,,,,,,,,,,,,,,,,,,,,,,,,,,,,,,,,,,,,,,,,,,,,,,,,,,,,,,,,,,,,,,,,,,,,,,,,,,,,,,,,,,,,,,,,,,,,,,,,,,,,,,,,,,,,,,,,,,,,,,,,,,,,,,,,,,,,,,,,,,,,,,,,,,,,,,,,,,,,,,,,,,,,
895,PE,LT,#6,#1,WAX_1,1.5418123036303553,1.879380469369425,96.26009215525167,-0.7763411203289274,1.5114568927373369,-45.25084698676381,0.5299106205530985,,,,,,,,,,,,,,,,,,,,,,,,,,,,,,,,,,,,,,,,,,,,,,,,,,,,,,,,,,,,,,,,,,,,,,,,,,,,,,,,,,,,,,,,,,,,,,,,,,,,,,,,,,,,,,,,,,,,,,,,,,,,,,,,,,,,,,,,,,,,,,,,,,,,,,,,,,,,,,,,,,,,,,,,,,,,,,,,,,,,,,,,,,,,,,,,,,,,,,,,,,,,,,,,,,,,,,,,
896,PE,LT,#6,#2,WAX_1,1.613563211950441,1.8337982480944774,98.54884783525168,-0.8336898390336879,1.5667908193427282,-47.229657737058304,0.5207487578544383,,,,,,,,,,,,,,,,,,,,,,,,,,,,,,,,,,,,,,,,,,,,,,,,,,,,,,,,,,,,,,,,,,,,,,,,,,,,,,,,,,,,,,,,,,,,,,,,,,,,,,,,,,,,,,,,,,,,,,,,,,,,,,,,,,,,,,,,,,,,,,,,,,,,,,,,,,,,,,,,,,,,,,,,,,,,,,,,,,,,,,,,,,,,,,,,,,,,,,,,,,,,,,,,,,,,,,,,
897,PE,LT,#6,#3,WAX_1,1.5273916281230762,1.7748991977373942,95.50923779001175,-0.7586445205805961,1.6208829265889788,-44.385983670198165,0.53527025555595,,,,,,,,,,,,,,,,,,,,,,,,,,,,,,,,,,,,,,,,,,,,,,,,,,,,,,,,,,,,,,,,,,,,,,,,,,,,,,,,,,,,,,,,,,,,,,,,,,,,,,,,,,,,,,,,,,,,,,,,,,,,,,,,,,,,,,,,,,,,,,,,,,,,,,,,,,,,,,,,,,,,,,,,,,,,,,,,,,,,,,,,,,,,,,,,,,,,,,,,,,,,,,,,,,,,,,,,
898,PE,LT,#6,#4,WAX_1,1.5335796652268419,1.8116499040476204,95.61479002725166,-0.7672960312067033,1.5484275280587676,-44.803328759927766,0.5314184265095584,,,,,,,,,,,,,,,,,,,,,,,,,,,,,,,,,,,,,,,,,,,,,,,,,,,,,,,,,,,,,,,,,,,,,,,,,,,,,,,,,,,,,,,,,,,,,,,,,,,,,,,,,,,,,,,,,,,,,,,,,,,,,,,,,,,,,,,,,,,,,,,,,,,,,,,,,,,,,,,,,,,,,,,,,,,,,,,,,,,,,,,,,,,,,,,,,,,,,,,,,,,,,,,,,,,,,,,,
899,PE,LT,#6,#5,WAX_1,1.6029238106206622,1.8403844831895229,98.83667727525167,-0.8168817124691311,1.575746948688097,-47.15271341088824,0.5229229198026156,,,,,,,,,,,,,,,,,,,,,,,,,,,,,,,,,,,,,,,,,,,,,,,,,,,,,,,,,,,,,,,,,,,,,,,,,,,,,,,,,,,,,,,,,,,,,,,,,,,,,,,,,,,,,,,,,,,,,,,,,,,,,,,,,,,,,,,,,,,,,,,,,,,,,,,,,,,,,,,,,,,,,,,,,,,,,,,,,,,,,,,,,,,,,,,,,,,,,,,,,,,,,,,,,,,,,,,,
900,PE,LT,#6,#6,WAX_1,1.4785305167010028,1.5905847966753774,92.72965813127193,-0.7146226904693638,1.7857682947861528,-41.83774693407879,0.5488202180703444,,,,,,,,,,,,,,,,,,,,,,,,,,,,,,,,,,,,,,,,,,,,,,,,,,,,,,,,,,,,,,,,,,,,,,,,,,,,,,,,,,,,,,,,,,,,,,,,,,,,,,,,,,,,,,,,,,,,,,,,,,,,,,,,,,,,,,,,,,,,,,,,,,,,,,,,,,,,,,,,,,,,,,,,,,,,,,,,,,,,,,,,,,,,,,,,,,,,,,,,,,,,,,,,,,,,,,,,
901,PE,LT,#6,#7,WAX_1,1.5239117189143643,1.776390664008658,95.42401043779289,-0.7560543414034288,1.6135705390938402,-44.21314132459045,0.5366664938756364,,,,,,,,,,,,,,,,,,,,,,,,,,,,,,,,,,,,,,,,,,,,,,,,,,,,,,,,,,,,,,,,,,,,,,,,,,,,,,,,,,,,,,,,,,,,,,,,,,,,,,,,,,,,,,,,,,,,,,,,,,,,,,,,,,,,,,,,,,,,,,,,,,,,,,,,,,,,,,,,,,,,,,,,,,,,,,,,,,,,,,,,,,,,,,,,,,,,,,,,,,,,,,,,,,,,,,,,
902,PE,LT,#6,#8,WAX_1,1.5724439233258352,1.7533010841609538,96.6355107438249,-0.8006793553810054,1.627499201319428,-45.317424161906246,0.5310479158946022,,,,,,,,,,,,,,,,,,,,,,,,,,,,,,,,,,,,,,,,,,,,,,,,,,,,,,,,,,,,,,,,,,,,,,,,,,,,,,,,,,,,,,,,,,,,,,,,,,,,,,,,,,,,,,,,,,,,,,,,,,,,,,,,,,,,,,,,,,,,,,,,,,,,,,,,,,,,,,,,,,,,,,,,,,,,,,,,,,,,,,,,,,,,,,,,,,,,,,,,,,,,,,,,,,,,,,,,
903,PE,LT,#6,#9,WAX_1,1.5171307104796699,1.7451234133887166,95.23643550641371,-0.7483766971565359,1.6498566075097167,-44.119009247328655,0.5367423296270107,,,,,,,,,,,,,,,,,,,,,,,,,,,,,,,,,,,,,,,,,,,,,,,,,,,,,,,,,,,,,,,,,,,,,,,,,,,,,,,,,,,,,,,,,,,,,,,,,,,,,,,,,,,,,,,,,,,,,,,,,,,,,,,,,,,,,,,,,,,,,,,,,,,,,,,,,,,,,,,,,,,,,,,,,,,,,,,,,,,,,,,,,,,,,,,,,,,,,,,,,,,,,,,,,,,,,,,,
904,PE,LT,#6,#10,WAX_1,1.5916090739507722,1.7354929772804268,96.78528557379288,-0.8230036981342808,1.6306710600587293,-45.89753926823503,0.525779781542919,,,,,,,,,,,,,,,,,,,,,,,,,,,,,,,,,,,,,,,,,,,,,,,,,,,,,,,,,,,,,,,,,,,,,,,,,,,,,,,,,,,,,,,,,,,,,,,,,,,,,,,,,,,,,,,,,,,,,,,,,,,,,,,,,,,,,,,,,,,,,,,,,,,,,,,,,,,,,,,,,,,,,,,,,,,,,,,,,,,,,,,,,,,,,,,,,,,,,,,,,,,,,,,,,,,,,,,,
905,PE,LT,#6,#11,WAX_1,1.6030739360700086,1.741762399010907,97.14643738382489,-0.8332092929301107,1.6370961226513898,-46.394470474630396,0.5224274638983809,,,,,,,,,,,,,,,,,,,,,,,,,,,,,,,,,,,,,,,,,,,,,,,,,,,,,,,,,,,,,,,,,,,,,,,,,,,,,,,,,,,,,,,,,,,,,,,,,,,,,,,,,,,,,,,,,,,,,,,,,,,,,,,,,,,,,,,,,,,,,,,,,,,,,,,,,,,,,,,,,,,,,,,,,,,,,,,,,,,,,,,,,,,,,,,,,,,,,,,,,,,,,,,,,,,,,,,,
906,PE,LT,#7,#1,WAX_1,1.621733571593597,1.9239166200718099,98.8163094212837,-0.8351094555520144,1.60868684713872,-48.37730906306624,0.5104319383471487,,,,,,,,,,,,,,,,,,,,,,,,,,,,,,,,,,,,,,,,,,,,,,,,,,,,,,,,,,,,,,,,,,,,,,,,,,,,,,,,,,,,,,,,,,,,,,,,,,,,,,,,,,,,,,,,,,,,,,,,,,,,,,,,,,,,,,,,,,,,,,,,,,,,,,,,,,,,,,,,,,,,,,,,,,,,,,,,,,,,,,,,,,,,,,,,,,,,,,,,,,,,,,,,,,,,,,,,
907,PE,LT,#7,#2,WAX_1,1.6934844799136823,1.8783343987968626,101.10506510128369,-0.8924581742567747,1.664020773744111,-50.35611981336072,0.5019426597182284,,,,,,,,,,,,,,,,,,,,,,,,,,,,,,,,,,,,,,,,,,,,,,,,,,,,,,,,,,,,,,,,,,,,,,,,,,,,,,,,,,,,,,,,,,,,,,,,,,,,,,,,,,,,,,,,,,,,,,,,,,,,,,,,,,,,,,,,,,,,,,,,,,,,,,,,,,,,,,,,,,,,,,,,,,,,,,,,,,,,,,,,,,,,,,,,,,,,,,,,,,,,,,,,,,,,,,,,
908,PE,LT,#7,#3,WAX_1,1.6073128960863177,1.819435348439779,98.06545505604375,-0.8174128558036825,1.718112880990362,-47.512445746500546,0.5155027249978342,,,,,,,,,,,,,,,,,,,,,,,,,,,,,,,,,,,,,,,,,,,,,,,,,,,,,,,,,,,,,,,,,,,,,,,,,,,,,,,,,,,,,,,,,,,,,,,,,,,,,,,,,,,,,,,,,,,,,,,,,,,,,,,,,,,,,,,,,,,,,,,,,,,,,,,,,,,,,,,,,,,,,,,,,,,,,,,,,,,,,,,,,,,,,,,,,,,,,,,,,,,,,,,,,,,,,,,,
909,PE,LT,#7,#4,WAX_1,1.613500933190083,1.8561860547500055,98.17100729328367,-0.8260643664297899,1.6456574824601504,-47.929790836230175,0.5117724452694979,,,,,,,,,,,,,,,,,,,,,,,,,,,,,,,,,,,,,,,,,,,,,,,,,,,,,,,,,,,,,,,,,,,,,,,,,,,,,,,,,,,,,,,,,,,,,,,,,,,,,,,,,,,,,,,,,,,,,,,,,,,,,,,,,,,,,,,,,,,,,,,,,,,,,,,,,,,,,,,,,,,,,,,,,,,,,,,,,,,,,,,,,,,,,,,,,,,,,,,,,,,,,,,,,,,,,,,,
910,PE,LT,#7,#5,WAX_1,1.6828450785839035,1.884920633891908,101.39289454128367,-0.8756500476922177,1.6729769030894799,-50.27917548719063,0.5041153947260211,,,,,,,,,,,,,,,,,,,,,,,,,,,,,,,,,,,,,,,,,,,,,,,,,,,,,,,,,,,,,,,,,,,,,,,,,,,,,,,,,,,,,,,,,,,,,,,,,,,,,,,,,,,,,,,,,,,,,,,,,,,,,,,,,,,,,,,,,,,,,,,,,,,,,,,,,,,,,,,,,,,,,,,,,,,,,,,,,,,,,,,,,,,,,,,,,,,,,,,,,,,,,,,,,,,,,,,,
911,PE,LT,#7,#6,WAX_1,1.5584517846642438,1.6351209473777626,95.28587539730394,-0.7733910256924506,1.8829982491875359,-44.964209010381175,0.5281125473959447,,,,,,,,,,,,,,,,,,,,,,,,,,,,,,,,,,,,,,,,,,,,,,,,,,,,,,,,,,,,,,,,,,,,,,,,,,,,,,,,,,,,,,,,,,,,,,,,,,,,,,,,,,,,,,,,,,,,,,,,,,,,,,,,,,,,,,,,,,,,,,,,,,,,,,,,,,,,,,,,,,,,,,,,,,,,,,,,,,,,,,,,,,,,,,,,,,,,,,,,,,,,,,,,,,,,,,,,
912,PE,LT,#7,#7,WAX_1,1.6038329868776056,1.820926814711043,97.9802277038249,-0.8148226766265159,1.7108004934952232,-47.339603400892855,0.5168453420623675,,,,,,,,,,,,,,,,,,,,,,,,,,,,,,,,,,,,,,,,,,,,,,,,,,,,,,,,,,,,,,,,,,,,,,,,,,,,,,,,,,,,,,,,,,,,,,,,,,,,,,,,,,,,,,,,,,,,,,,,,,,,,,,,,,,,,,,,,,,,,,,,,,,,,,,,,,,,,,,,,,,,,,,,,,,,,,,,,,,,,,,,,,,,,,,,,,,,,,,,,,,,,,,,,,,,,,,,
913,PE,LT,#7,#8,WAX_1,1.6523651912890762,1.7978372348633385,99.19172800985692,-0.8594476906040919,1.7247291557208118,-48.443886238208655,0.5116136475271942,,,,,,,,,,,,,,,,,,,,,,,,,,,,,,,,,,,,,,,,,,,,,,,,,,,,,,,,,,,,,,,,,,,,,,,,,,,,,,,,,,,,,,,,,,,,,,,,,,,,,,,,,,,,,,,,,,,,,,,,,,,,,,,,,,,,,,,,,,,,,,,,,,,,,,,,,,,,,,,,,,,,,,,,,,,,,,,,,,,,,,,,,,,,,,,,,,,,,,,,,,,,,,,,,,,,,,,,
914,PE,LT,#7,#9,WAX_1,1.5970519784429098,1.7896595640911013,97.79265277244572,-0.8071450323796213,1.7470865619111005,-47.24547132363106,0.5168811768143071,,,,,,,,,,,,,,,,,,,,,,,,,,,,,,,,,,,,,,,,,,,,,,,,,,,,,,,,,,,,,,,,,,,,,,,,,,,,,,,,,,,,,,,,,,,,,,,,,,,,,,,,,,,,,,,,,,,,,,,,,,,,,,,,,,,,,,,,,,,,,,,,,,,,,,,,,,,,,,,,,,,,,,,,,,,,,,,,,,,,,,,,,,,,,,,,,,,,,,,,,,,,,,,,,,,,,,,,
915,PE,LT,#7,#10,WAX_1,1.671530341914014,1.7800291279828113,99.34150283982488,-0.8817720333573676,1.727901014460113,-49.02400134453743,0.506510371364301,,,,,,,,,,,,,,,,,,,,,,,,,,,,,,,,,,,,,,,,,,,,,,,,,,,,,,,,,,,,,,,,,,,,,,,,,,,,,,,,,,,,,,,,,,,,,,,,,,,,,,,,,,,,,,,,,,,,,,,,,,,,,,,,,,,,,,,,,,,,,,,,,,,,,,,,,,,,,,,,,,,,,,,,,,,,,,,,,,,,,,,,,,,,,,,,,,,,,,,,,,,,,,,,,,,,,,,,
916,PE,LT,#7,#11,WAX_1,1.6829952040332503,1.7862985497132922,99.7026546498569,-0.8919776281531979,1.7343260770527726,-49.5209325509328,0.5033138011736593,,,,,,,,,,,,,,,,,,,,,,,,,,,,,,,,,,,,,,,,,,,,,,,,,,,,,,,,,,,,,,,,,,,,,,,,,,,,,,,,,,,,,,,,,,,,,,,,,,,,,,,,,,,,,,,,,,,,,,,,,,,,,,,,,,,,,,,,,,,,,,,,,,,,,,,,,,,,,,,,,,,,,,,,,,,,,,,,,,,,,,,,,,,,,,,,,,,,,,,,,,,,,,,,,,,,,,,,
917,PE,HT,#1,-,MeOH_1,1.209307714127595,2.0391577089567785,81.4055216573885,-0.3613955834815587,1.1398138630266827,-33.233607604108016,0.5917524152234006,,,,,,,,,,,,,,,,,,,,,,,,,,,,,,,,,,,,,,,,,,,,,,,,,,,,,,,,,,,,,,,,,,,,,,,,,,,,,,,,,,,,,,,,,,,,,,,,,,,,,,,,,,,,,,,,,,,,,,,,,,,,,,,,,,,,,,,,,,,,,,,,,,,,,,,,,,,,,,,,,,,,,,,,,,,,,,,,,,,,,,,,,,,,,,,,,,,,,,,,,,,,,,,,,,,,,,,,
918,PE,HT,#2,-,FT_1,1.3544653787429237,2.1720650579953302,85.55345879830051,-0.4614391261580066,1.4239594948051033,-37.03719877663382,0.567087067000387,,,,,,,,,,,,,,,,,,,,,,,,,,,,,,,,,,,,,,,,,,,,,,,,,,,,,,,,,,,,,,,,,,,,,,,,,,,,,,,,,,,,,,,,,,,,,,,,,,,,,,,,,,,,,,,,,,,,,,,,,,,,,,,,,,,,,,,,,,,,,,,,,,,,,,,,,,,,,,,,,,,,,,,,,,,,,,,,,,,,,,,,,,,,,,,,,,,,,,,,,,,,,,,,,,,,,,,,
919,PE,HT,#3,-,H2_1,1.235143339909234,2.6454704847126846,78.8975393883591,-0.4588488095250226,1.2238814180615285,-25.30637419040666,0.6792501466257327,,,,,,,,,,,,,,,,,,,,,,,,,,,,,,,,,,,,,,,,,,,,,,,,,,,,,,,,,,,,,,,,,,,,,,,,,,,,,,,,,,,,,,,,,,,,,,,,,,,,,,,,,,,,,,,,,,,,,,,,,,,,,,,,,,,,,,,,,,,,,,,,,,,,,,,,,,,,,,,,,,,,,,,,,,,,,,,,,,,,,,,,,,,,,,,,,,,,,,,,,,,,,,,,,,,,,,,,
920,PE,HT,#4,-,MeOH_1,1.751314478348658,2.118281805317271,123.3383535322685,-0.900588369078396,0.9000880693465072,-77.7131433762879,0.3699190790968671,,,,,,,,,,,,,,,,,,,,,,,,,,,,,,,,,,,,,,,,,,,,,,,,,,,,,,,,,,,,,,,,,,,,,,,,,,,,,,,,,,,,,,,,,,,,,,,,,,,,,,,,,,,,,,,,,,,,,,,,,,,,,,,,,,,,,,,,,,,,,,,,,,,,,,,,,,,,,,,,,,,,,,,,,,,,,,,,,,,,,,,,,,,,,,,,,,,,,,,,,,,,,,,,,,,,,,,,
921,PE,HT,#5,-,FT_1,1.9111216781313225,2.333010464427559,127.4380251983005,-1.0140985545038221,1.2600337678464306,-79.79233883236397,0.37387338898101447,,,,,,,,,,,,,,,,,,,,,,,,,,,,,,,,,,,,,,,,,,,,,,,,,,,,,,,,,,,,,,,,,,,,,,,,,,,,,,,,,,,,,,,,,,,,,,,,,,,,,,,,,,,,,,,,,,,,,,,,,,,,,,,,,,,,,,,,,,,,,,,,,,,,,,,,,,,,,,,,,,,,,,,,,,,,,,,,,,,,,,,,,,,,,,,,,,,,,,,,,,,,,,,,,,,,,,,,
922,PE,HT,#6,-,Olefin,0.9635012038031912,1.0903420529484262,62.82225975689376,-0.2736119960288035,2.4107164840142405,-16.698685046527572,0.7341915889185258,,,,,,,,,,,,,,,,,,,,,,,,,,,,,,,,,,,,,,,,,,,,,,,,,,,,,,,,,,,,,,,,,,,,,,,,,,,,,,,,,,,,,,,,,,,,,,,,,,,,,,,,,,,,,,,,,,,,,,,,,,,,,,,,,,,,,,,,,,,,,,,,,,,,,,,,,,,,,,,,,,,,,,,,,,,,,,,,,,,,,,,,,,,,,,,,,,,,,,,,,,,,,,,,,,,,,,,,
923,PE,HT,#7,-,MeOH_1,1.1978602732561614,1.9726871596772826,80.67368137219589,-0.35207117363667934,1.1801376594828799,-32.28826698385481,0.5997670313954095,,,,,,,,,,,,,,,,,,,,,,,,,,,,,,,,,,,,,,,,,,,,,,,,,,,,,,,,,,,,,,,,,,,,,,,,,,,,,,,,,,,,,,,,,,,,,,,,,,,,,,,,,,,,,,,,,,,,,,,,,,,,,,,,,,,,,,,,,,,,,,,,,,,,,,,,,,,,,,,,,,,,,,,,,,,,,,,,,,,,,,,,,,,,,,,,,,,,,,,,,,,,,,,,,,,,,,,,
924,PE,HT,#8,-,FT_1,1.4002048951307229,1.7874168997968698,89.27846503822788,-0.437701550372348,1.803209009083179,-43.271271008838156,0.515322412965882,,,,,,,,,,,,,,,,,,,,,,,,,,,,,,,,,,,,,,,,,,,,,,,,,,,,,,,,,,,,,,,,,,,,,,,,,,,,,,,,,,,,,,,,,,,,,,,,,,,,,,,,,,,,,,,,,,,,,,,,,,,,,,,,,,,,,,,,,,,,,,,,,,,,,,,,,,,,,,,,,,,,,,,,,,,,,,,,,,,,,,,,,,,,,,,,,,,,,,,,,,,,,,,,,,,,,,,,
925,PE,HT,#9,-,H2_1,1.2263220577648881,2.643483960857214,78.11432545406493,-0.45965170979323305,1.1962926201772421,-24.98854401667118,0.6801029277099029,,,,,,,,,,,,,,,,,,,,,,,,,,,,,,,,,,,,,,,,,,,,,,,,,,,,,,,,,,,,,,,,,,,,,,,,,,,,,,,,,,,,,,,,,,,,,,,,,,,,,,,,,,,,,,,,,,,,,,,,,,,,,,,,,,,,,,,,,,,,,,,,,,,,,,,,,,,,,,,,,,,,,,,,,,,,,,,,,,,,,,,,,,,,,,,,,,,,,,,,,,,,,,,,,,,,,,,,
926,PE,HT,#10,-,MeOH_1,1.73975280677733,2.097012476933159,122.4743341721959,-0.8872997014853461,0.9263272237675725,-75.43891400937042,0.38404307711275104,,,,,,,,,,,,,,,,,,,,,,,,,,,,,,,,,,,,,,,,,,,,,,,,,,,,,,,,,,,,,,,,,,,,,,,,,,,,,,,,,,,,,,,,,,,,,,,,,,,,,,,,,,,,,,,,,,,,,,,,,,,,,,,,,,,,,,,,,,,,,,,,,,,,,,,,,,,,,,,,,,,,,,,,,,,,,,,,,,,,,,,,,,,,,,,,,,,,,,,,,,,,,,,,,,,,,,,,
927,PE,HT,#11,-,FT_1,1.9894458946269038,2.165521356517547,131.66704423822787,-1.025928970965959,1.4214713555368779,-86.07084919090622,0.3462992224905081,,,,,,,,,,,,,,,,,,,,,,,,,,,,,,,,,,,,,,,,,,,,,,,,,,,,,,,,,,,,,,,,,,,,,,,,,,,,,,,,,,,,,,,,,,,,,,,,,,,,,,,,,,,,,,,,,,,,,,,,,,,,,,,,,,,,,,,,,,,,,,,,,,,,,,,,,,,,,,,,,,,,,,,,,,,,,,,,,,,,,,,,,,,,,,,,,,,,,,,,,,,,,,,,,,,,,,,,
928,PE,LT,#1,-,WAX_1,1.057219005546914,1.5217040930743333,71.79682773472,-0.38535222235752686,1.6581094433034098,-26.764254780200478,0.6272223213107556,,,,,,,,,,,,,,,,,,,,,,,,,,,,,,,,,,,,,,,,,,,,,,,,,,,,,,,,,,,,,,,,,,,,,,,,,,,,,,,,,,,,,,,,,,,,,,,,,,,,,,,,,,,,,,,,,,,,,,,,,,,,,,,,,,,,,,,,,,,,,,,,,,,,,,,,,,,,,,,,,,,,,,,,,,,,,,,,,,,,,,,,,,,,,,,,,,,,,,,,,,,,,,,,,,,,,,,,
929,PE,LT,#2,-,WAX_1,1.1155323882896515,1.48150794758117,73.075075755632,-0.43682344552778946,1.7383887980822206,-28.660238877631425,0.6077973429206806,,,,,,,,,,,,,,,,,,,,,,,,,,,,,,,,,,,,,,,,,,,,,,,,,,,,,,,,,,,,,,,,,,,,,,,,,,,,,,,,,,,,,,,,,,,,,,,,,,,,,,,,,,,,,,,,,,,,,,,,,,,,,,,,,,,,,,,,,,,,,,,,,,,,,,,,,,,,,,,,,,,,,,,,,,,,,,,,,,,,,,,,,,,,,,,,,,,,,,,,,,,,,,,,,,,,,,,,
930,PE,LT,#3,-,WAX_1,1.0645496840555067,1.4572819526367817,70.76069178541684,-0.3910841966018883,1.9248038149109807,-23.714383885609955,0.6648650078559961,,,,,,,,,,,,,,,,,,,,,,,,,,,,,,,,,,,,,,,,,,,,,,,,,,,,,,,,,,,,,,,,,,,,,,,,,,,,,,,,,,,,,,,,,,,,,,,,,,,,,,,,,,,,,,,,,,,,,,,,,,,,,,,,,,,,,,,,,,,,,,,,,,,,,,,,,,,,,,,,,,,,,,,,,,,,,,,,,,,,,,,,,,,,,,,,,,,,,,,,,,,,,,,,,,,,,,,,
931,PE,LT,#4,-,WAX_1,1.2041930229560378,1.405619755121522,84.8095500096,-0.5255828450213891,1.6432258698155793,-40.47882413238677,0.5227091273588319,,,,,,,,,,,,,,,,,,,,,,,,,,,,,,,,,,,,,,,,,,,,,,,,,,,,,,,,,,,,,,,,,,,,,,,,,,,,,,,,,,,,,,,,,,,,,,,,,,,,,,,,,,,,,,,,,,,,,,,,,,,,,,,,,,,,,,,,,,,,,,,,,,,,,,,,,,,,,,,,,,,,,,,,,,,,,,,,,,,,,,,,,,,,,,,,,,,,,,,,,,,,,,,,,,,,,,,,
932,PE,LT,#5,-,WAX_1,1.2562735270371927,1.489423794351273,85.934437195632,-0.5711261206571265,1.7229714145785495,-41.375402842348386,0.51852360715232,,,,,,,,,,,,,,,,,,,,,,,,,,,,,,,,,,,,,,,,,,,,,,,,,,,,,,,,,,,,,,,,,,,,,,,,,,,,,,,,,,,,,,,,,,,,,,,,,,,,,,,,,,,,,,,,,,,,,,,,,,,,,,,,,,,,,,,,,,,,,,,,,,,,,,,,,,,,,,,,,,,,,,,,,,,,,,,,,,,,,,,,,,,,,,,,,,,,,,,,,,,,,,,,,,,,,,,,
933,PE,LT,#6,-,WAX_1,0.9301506786957654,1.0211917793216927,65.05592111454126,-0.30301200998091743,2.179039171745934,-20.553481685058035,0.6840643967077128,,,,,,,,,,,,,,,,,,,,,,,,,,,,,,,,,,,,,,,,,,,,,,,,,,,,,,,,,,,,,,,,,,,,,,,,,,,,,,,,,,,,,,,,,,,,,,,,,,,,,,,,,,,,,,,,,,,,,,,,,,,,,,,,,,,,,,,,,,,,,,,,,,,,,,,,,,,,,,,,,,,,,,,,,,,,,,,,,,,,,,,,,,,,,,,,,,,,,,,,,,,,,,,,,,,,,,,,
934,PE,LT,#7,-,WAX_1,1.0827515991339425,1.5724388010082964,74.32052063080768,-0.40862255019787996,1.6329925655370212,-29.072051944250493,0.6088287367002188,,,,,,,,,,,,,,,,,,,,,,,,,,,,,,,,,,,,,,,,,,,,,,,,,,,,,,,,,,,,,,,,,,,,,,,,,,,,,,,,,,,,,,,,,,,,,,,,,,,,,,,,,,,,,,,,,,,,,,,,,,,,,,,,,,,,,,,,,,,,,,,,,,,,,,,,,,,,,,,,,,,,,,,,,,,,,,,,,,,,,,,,,,,,,,,,,,,,,,,,,,,,,,,,,,,,,,,,
935,PE,LT,#8,-,WAX_1,1.1782024332642071,1.4674654357160166,77.99640271080767,-0.4764223693376041,1.7625716741428379,-34.39738747988469,0.5589875137264713,,,,,,,,,,,,,,,,,,,,,,,,,,,,,,,,,,,,,,,,,,,,,,,,,,,,,,,,,,,,,,,,,,,,,,,,,,,,,,,,,,,,,,,,,,,,,,,,,,,,,,,,,,,,,,,,,,,,,,,,,,,,,,,,,,,,,,,,,,,,,,,,,,,,,,,,,,,,,,,,,,,,,,,,,,,,,,,,,,,,,,,,,,,,,,,,,,,,,,,,,,,,,,,,,,,,,,,,
936,PE,LT,#9,-,WAX_1,1.0837980824169366,1.4828205911233059,72.94889256938231,-0.41018966137766527,1.8992651764244566,-26.049601345534462,0.6429061439039877,,,,,,,,,,,,,,,,,,,,,,,,,,,,,,,,,,,,,,,,,,,,,,,,,,,,,,,,,,,,,,,,,,,,,,,,,,,,,,,,,,,,,,,,,,,,,,,,,,,,,,,,,,,,,,,,,,,,,,,,,,,,,,,,,,,,,,,,,,,,,,,,,,,,,,,,,,,,,,,,,,,,,,,,,,,,,,,,,,,,,,,,,,,,,,,,,,,,,,,,,,,,,,,,,,,,,,,,
937,PE,LT,#10,-,WAX_1,1.2289379898084294,1.4338978717548252,87.39043167080767,-0.546424977670226,1.6330195761373043,-42.88064810537752,0.5093210173522741,,,,,,,,,,,,,,,,,,,,,,,,,,,,,,,,,,,,,,,,,,,,,,,,,,,,,,,,,,,,,,,,,,,,,,,,,,,,,,,,,,,,,,,,,,,,,,,,,,,,,,,,,,,,,,,,,,,,,,,,,,,,,,,,,,,,,,,,,,,,,,,,,,,,,,,,,,,,,,,,,,,,,,,,,,,,,,,,,,,,,,,,,,,,,,,,,,,,,,,,,,,,,,,,,,,,,,,,
938,PE,LT,#11,-,WAX_1,1.2858050746721732,1.4106747755946085,89.58468159080769,-0.5796793893172676,1.8114914998699045,-45.54340978068885,0.49161610029808855,,,,,,,,,,,,,,,,,,,,,,,,,,,,,,,,,,,,,,,,,,,,,,,,,,,,,,,,,,,,,,,,,,,,,,,,,,,,,,,,,,,,,,,,,,,,,,,,,,,,,,,,,,,,,,,,,,,,,,,,,,,,,,,,,,,,,,,,,,,,,,,,,,,,,,,,,,,,,,,,,,,,,,,,,,,,,,,,,,,,,,,,,,,,,,,,,,,,,,,,,,,,,,,,,,,,,,,,
939,PE,SG,#1,-,MeOH_1,1.088004362185178,2.0640187008443474,85.37226838506902,-0.24405295730248838,0.9942277920372835,-39.415495144902614,0.5383103214837841,,,,,,,,,,,,,,,,,,,,,,,,,,,,,,,,,,,,,,,,,,,,,,,,,,,,,,,,,,,,,,,,,,,,,,,,,,,,,,,,,,,,,,,,,,,,,,,,,,,,,,,,,,,,,,,,,,,,,,,,,,,,,,,,,,,,,,,,,,,,,,,,,,,,,,,,,,,,,,,,,,,,,,,,,,,,,,,,,,,,,,,,,,,,,,,,,,,,,,,,,,,,,,,,,,,,,,,,
940,PE,SG,#2,-,FT_1,1.3907873970335332,2.0604440347257613,93.21430645110102,-0.3904077666937697,1.7054108691977632,-49.816111265798085,0.46557440416154416,,,,,,,,,,,,,,,,,,,,,,,,,,,,,,,,,,,,,,,,,,,,,,,,,,,,,,,,,,,,,,,,,,,,,,,,,,,,,,,,,,,,,,,,,,,,,,,,,,,,,,,,,,,,,,,,,,,,,,,,,,,,,,,,,,,,,,,,,,,,,,,,,,,,,,,,,,,,,,,,,,,,,,,,,,,,,,,,,,,,,,,,,,,,,,,,,,,,,,,,,,,,,,,,,,,,,,,,
941,PE,SG,#3,-,H2_1,1.004456952745396,3.1792201262152164,77.33209524398757,-0.3294626489748241,0.9529886094855166,-20.2153489612401,0.738590440392706,,,,,,,,,,,,,,,,,,,,,,,,,,,,,,,,,,,,,,,,,,,,,,,,,,,,,,,,,,,,,,,,,,,,,,,,,,,,,,,,,,,,,,,,,,,,,,,,,,,,,,,,,,,,,,,,,,,,,,,,,,,,,,,,,,,,,,,,,,,,,,,,,,,,,,,,,,,,,,,,,,,,,,,,,,,,,,,,,,,,,,,,,,,,,,,,,,,,,,,,,,,,,,,,,,,,,,,,
942,PE,SG,#4,-,MeOH_1,1.7418263923990411,2.044564024519168,141.38444278506904,-0.8933752355595654,0.9902905230439577,-94.56642985724342,0.33113977751426155,,,,,,,,,,,,,,,,,,,,,,,,,,,,,,,,,,,,,,,,,,,,,,,,,,,,,,,,,,,,,,,,,,,,,,,,,,,,,,,,,,,,,,,,,,,,,,,,,,,,,,,,,,,,,,,,,,,,,,,,,,,,,,,,,,,,,,,,,,,,,,,,,,,,,,,,,,,,,,,,,,,,,,,,,,,,,,,,,,,,,,,,,,,,,,,,,,,,,,,,,,,,,,,,,,,,,,,,
943,PE,SG,#5,-,FT_1,2.0253113178989,2.0420587829905057,148.67836085110105,-1.025600715949994,1.7211426845062787,-105.42186198940077,0.2909401113523235,,,,,,,,,,,,,,,,,,,,,,,,,,,,,,,,,,,,,,,,,,,,,,,,,,,,,,,,,,,,,,,,,,,,,,,,,,,,,,,,,,,,,,,,,,,,,,,,,,,,,,,,,,,,,,,,,,,,,,,,,,,,,,,,,,,,,,,,,,,,,,,,,,,,,,,,,,,,,,,,,,,,,,,,,,,,,,,,,,,,,,,,,,,,,,,,,,,,,,,,,,,,,,,,,,,,,,,,
944,PE,SG,#6,-,MeOH_1,1.1126801103121744,2.039929353603597,88.99923978878815,-0.2456801122491055,1.1173656932355098,-41.70676480770435,0.5313806622766407,,,,,,,,,,,,,,,,,,,,,,,,,,,,,,,,,,,,,,,,,,,,,,,,,,,,,,,,,,,,,,,,,,,,,,,,,,,,,,,,,,,,,,,,,,,,,,,,,,,,,,,,,,,,,,,,,,,,,,,,,,,,,,,,,,,,,,,,,,,,,,,,,,,,,,,,,,,,,,,,,,,,,,,,,,,,,,,,,,,,,,,,,,,,,,,,,,,,,,,,,,,,,,,,,,,,,,,,
945,PE,SG,#7,-,FT_1,1.428539117277161,2.1827695976111343,99.64161065482017,-0.4437469179555703,1.6603516622672223,-55.796290260168725,0.44003022538988257,,,,,,,,,,,,,,,,,,,,,,,,,,,,,,,,,,,,,,,,,,,,,,,,,,,,,,,,,,,,,,,,,,,,,,,,,,,,,,,,,,,,,,,,,,,,,,,,,,,,,,,,,,,,,,,,,,,,,,,,,,,,,,,,,,,,,,,,,,,,,,,,,,,,,,,,,,,,,,,,,,,,,,,,,,,,,,,,,,,,,,,,,,,,,,,,,,,,,,,,,,,,,,,,,,,,,,,,
946,PE,SG,#8,-,H2_1,1.1274745883376804,2.8790851436749922,90.3027197143264,-0.398127402336554,1.4122060866958162,-33.12553529515975,0.6331723407672246,,,,,,,,,,,,,,,,,,,,,,,,,,,,,,,,,,,,,,,,,,,,,,,,,,,,,,,,,,,,,,,,,,,,,,,,,,,,,,,,,,,,,,,,,,,,,,,,,,,,,,,,,,,,,,,,,,,,,,,,,,,,,,,,,,,,,,,,,,,,,,,,,,,,,,,,,,,,,,,,,,,,,,,,,,,,,,,,,,,,,,,,,,,,,,,,,,,,,,,,,,,,,,,,,,,,,,,,
947,PE,SG,#9,-,MeOH_1,1.7674167957208833,2.176920636095168,143.96028458878817,-0.8993989219297038,0.9306551121272314,-97.3065104073078,0.3240739229902428,,,,,,,,,,,,,,,,,,,,,,,,,,,,,,,,,,,,,,,,,,,,,,,,,,,,,,,,,,,,,,,,,,,,,,,,,,,,,,,,,,,,,,,,,,,,,,,,,,,,,,,,,,,,,,,,,,,,,,,,,,,,,,,,,,,,,,,,,,,,,,,,,,,,,,,,,,,,,,,,,,,,,,,,,,,,,,,,,,,,,,,,,,,,,,,,,,,,,,,,,,,,,,,,,,,,,,,,
948,PE,SG,#10,-,FT_1,2.050901721220741,2.1744153945665055,151.25420265482018,-1.0669982420392117,1.66947148722779,-107.48688580159421,0.2893626496653988,,,,,,,,,,,,,,,,,,,,,,,,,,,,,,,,,,,,,,,,,,,,,,,,,,,,,,,,,,,,,,,,,,,,,,,,,,,,,,,,,,,,,,,,,,,,,,,,,,,,,,,,,,,,,,,,,,,,,,,,,,,,,,,,,,,,,,,,,,,,,,,,,,,,,,,,,,,,,,,,,,,,,,,,,,,,,,,,,,,,,,,,,,,,,,,,,,,,,,,,,,,,,,,,,,,,,,,,
949,PE,OG,#1,-,MeOH_1,0.9007444773742482,2.5508674606310446,54.07164927999999,-0.48942023828161785,-0.06502765613466233,-29.320413141205997,0.45774886596531056,,,,,,,,,,,,,,,,,,,,,,,,,,,,,,,,,,,,,,,,,,,,,,,,,,,,,,,,,,,,,,,,,,,,,,,,,,,,,,,,,,,,,,,,,,,,,,,,,,,,,,,,,,,,,,,,,,,,,,,,,,,,,,,,,,,,,,,,,,,,,,,,,,,,,,,,,,,,,,,,,,,,,,,,,,,,,,,,,,,,,,,,,,,,,,,,,,,,,,,,,,,,,,,,,,,,,,,,
950,PE,OG,#2,-,FT_1,1.5299954413869694,2.3207565982781895,84.60905728,-0.5961479312114153,1.2016125569273794,-46.49129603688072,0.4505163214025032,,,,,,,,,,,,,,,,,,,,,,,,,,,,,,,,,,,,,,,,,,,,,,,,,,,,,,,,,,,,,,,,,,,,,,,,,,,,,,,,,,,,,,,,,,,,,,,,,,,,,,,,,,,,,,,,,,,,,,,,,,,,,,,,,,,,,,,,,,,,,,,,,,,,,,,,,,,,,,,,,,,,,,,,,,,,,,,,,,,,,,,,,,,,,,,,,,,,,,,,,,,,,,,,,,,,,,,,
951,PE,OG,#3,-,H2_1,0.8988675531739541,2.1140828768678612,58.60661462730207,-0.4864104252912358,1.0720698394172266,-26.249954857115558,0.5520991099034248,,,,,,,,,,,,,,,,,,,,,,,,,,,,,,,,,,,,,,,,,,,,,,,,,,,,,,,,,,,,,,,,,,,,,,,,,,,,,,,,,,,,,,,,,,,,,,,,,,,,,,,,,,,,,,,,,,,,,,,,,,,,,,,,,,,,,,,,,,,,,,,,,,,,,,,,,,,,,,,,,,,,,,,,,,,,,,,,,,,,,,,,,,,,,,,,,,,,,,,,,,,,,,,,,,,,,,,,
952,PE,OG,#4,-,MeOH_1,1.3386482020196686,2.334088275292181,90.61194559999998,-0.9291617095450143,0.13453046580597372,-63.418380811711714,0.30011015223458887,,,,,,,,,,,,,,,,,,,,,,,,,,,,,,,,,,,,,,,,,,,,,,,,,,,,,,,,,,,,,,,,,,,,,,,,,,,,,,,,,,,,,,,,,,,,,,,,,,,,,,,,,,,,,,,,,,,,,,,,,,,,,,,,,,,,,,,,,,,,,,,,,,,,,,,,,,,,,,,,,,,,,,,,,,,,,,,,,,,,,,,,,,,,,,,,,,,,,,,,,,,,,,,,,,,,,,,,
953,PE,OG,#5,-,FT_1,1.9946695219911783,2.346575212578983,123.71772768,-1.052853239616673,1.2158423671585206,-85.15009336958218,0.31173894827889403,,,,,,,,,,,,,,,,,,,,,,,,,,,,,,,,,,,,,,,,,,,,,,,,,,,,,,,,,,,,,,,,,,,,,,,,,,,,,,,,,,,,,,,,,,,,,,,,,,,,,,,,,,,,,,,,,,,,,,,,,,,,,,,,,,,,,,,,,,,,,,,,,,,,,,,,,,,,,,,,,,,,,,,,,,,,,,,,,,,,,,,,,,,,,,,,,,,,,,,,,,,,,,,,,,,,,,,,
954,PE,OG,#6,-,MeOH_1,0.9346432340471719,2.0667906866856,62.394003625920526,-0.46735760527106635,0.5520842992876965,-38.42231199648601,0.38419864468315484,,,,,,,,,,,,,,,,,,,,,,,,,,,,,,,,,,,,,,,,,,,,,,,,,,,,,,,,,,,,,,,,,,,,,,,,,,,,,,,,,,,,,,,,,,,,,,,,,,,,,,,,,,,,,,,,,,,,,,,,,,,,,,,,,,,,,,,,,,,,,,,,,,,,,,,,,,,,,,,,,,,,,,,,,,,,,,,,,,,,,,,,,,,,,,,,,,,,,,,,,,,,,,,,,,,,,,,,
955,PE,OG,#7,-,FT_1,1.3012178832840136,1.8839072076322019,74.56901162592052,-0.5822130056715326,1.3100679104353694,-46.089293590836476,0.38192430627824453,,,,,,,,,,,,,,,,,,,,,,,,,,,,,,,,,,,,,,,,,,,,,,,,,,,,,,,,,,,,,,,,,,,,,,,,,,,,,,,,,,,,,,,,,,,,,,,,,,,,,,,,,,,,,,,,,,,,,,,,,,,,,,,,,,,,,,,,,,,,,,,,,,,,,,,,,,,,,,,,,,,,,,,,,,,,,,,,,,,,,,,,,,,,,,,,,,,,,,,,,,,,,,,,,,,,,,,,
956,PE,OG,#8,-,H2_1,0.9490629491298413,2.015390596789461,64.44052435839897,-0.5199611681159876,1.2221245481771197,-32.70920089252027,0.49241255842982506,,,,,,,,,,,,,,,,,,,,,,,,,,,,,,,,,,,,,,,,,,,,,,,,,,,,,,,,,,,,,,,,,,,,,,,,,,,,,,,,,,,,,,,,,,,,,,,,,,,,,,,,,,,,,,,,,,,,,,,,,,,,,,,,,,,,,,,,,,,,,,,,,,,,,,,,,,,,,,,,,,,,,,,,,,,,,,,,,,,,,,,,,,,,,,,,,,,,,,,,,,,,,,,,,,,,,,,,
957,PE,OG,#9,-,MeOH_1,1.303434135178978,1.581452659490506,93.24176650592051,-0.8157241538897818,0.9534680145730522,-68.08235065921103,0.26982989264914836,,,,,,,,,,,,,,,,,,,,,,,,,,,,,,,,,,,,,,,,,,,,,,,,,,,,,,,,,,,,,,,,,,,,,,,,,,,,,,,,,,,,,,,,,,,,,,,,,,,,,,,,,,,,,,,,,,,,,,,,,,,,,,,,,,,,,,,,,,,,,,,,,,,,,,,,,,,,,,,,,,,,,,,,,,,,,,,,,,,,,,,,,,,,,,,,,,,,,,,,,,,,,,,,,,,,,,,,
958,PE,OG,#10,-,FT_1,1.5034637506033386,1.5262154025148404,98.65712570592052,-0.7861067232198555,1.6646382403350823,-70.40182413514394,0.28639899417909925,,,,,,,,,,,,,,,,,,,,,,,,,,,,,,,,,,,,,,,,,,,,,,,,,,,,,,,,,,,,,,,,,,,,,,,,,,,,,,,,,,,,,,,,,,,,,,,,,,,,,,,,,,,,,,,,,,,,,,,,,,,,,,,,,,,,,,,,,,,,,,,,,,,,,,,,,,,,,,,,,,,,,,,,,,,,,,,,,,,,,,,,,,,,,,,,,,,,,,,,,,,,,,,,,,,,,,,,
959,PE,HG,#1,-,DIESEL_1,0.9123603524356562,1.3445217928196467,77.535172,-0.27540564822543534,1.57948995141158,-39.33470097428246,0.4926857068907713,,,,,,,,,,,,,,,,,,,,,,,,,,,,,,,,,,,,,,,,,,,,,,,,,,,,,,,,,,,,,,,,,,,,,,,,,,,,,,,,,,,,,,,,,,,,,,,,,,,,,,,,,,,,,,,,,,,,,,,,,,,,,,,,,,,,,,,,,,,,,,,,,,,,,,,,,,,,,,,,,,,,,,,,,,,,,,,,,,,,,,,,,,,,,,,,,,,,,,,,,,,,,,,,,,,,,,,,
960,PE,HG,#2,-,DIESEL_1,0.9907948297313036,1.346723373545813,80.32142112,-0.3327514683108147,1.6546176941907438,-42.73940753718327,0.4678952769855665,,,,,,,,,,,,,,,,,,,,,,,,,,,,,,,,,,,,,,,,,,,,,,,,,,,,,,,,,,,,,,,,,,,,,,,,,,,,,,,,,,,,,,,,,,,,,,,,,,,,,,,,,,,,,,,,,,,,,,,,,,,,,,,,,,,,,,,,,,,,,,,,,,,,,,,,,,,,,,,,,,,,,,,,,,,,,,,,,,,,,,,,,,,,,,,,,,,,,,,,,,,,,,,,,,,,,,,,
961,PE,HG,#3,-,DIESEL_1,0.9166152876080136,1.359404902090847,76.4637355428969,-0.2852474488275246,1.7483571309945884,-36.99673791531556,0.5161531456364693,,,,,,,,,,,,,,,,,,,,,,,,,,,,,,,,,,,,,,,,,,,,,,,,,,,,,,,,,,,,,,,,,,,,,,,,,,,,,,,,,,,,,,,,,,,,,,,,,,,,,,,,,,,,,,,,,,,,,,,,,,,,,,,,,,,,,,,,,,,,,,,,,,,,,,,,,,,,,,,,,,,,,,,,,,,,,,,,,,,,,,,,,,,,,,,,,,,,,,,,,,,,,,,,,,,,,,,,
962,PE,HG,#4,-,MeOH_1,1.070274354043991,1.3237693540457103,88.17238736,-0.4294150641035021,1.546026599039725,-50.24534461241865,0.43014648784237414,,,,,,,,,,,,,,,,,,,,,,,,,,,,,,,,,,,,,,,,,,,,,,,,,,,,,,,,,,,,,,,,,,,,,,,,,,,,,,,,,,,,,,,,,,,,,,,,,,,,,,,,,,,,,,,,,,,,,,,,,,,,,,,,,,,,,,,,,,,,,,,,,,,,,,,,,,,,,,,,,,,,,,,,,,,,,,,,,,,,,,,,,,,,,,,,,,,,,,,,,,,,,,,,,,,,,,,,
963,PE,HG,#5,-,DIESEL_1,1.1545940196656819,1.3818398116502821,91.4753208,-0.496149152725193,1.6173305447058808,-53.916574700448244,0.41058884266358053,,,,,,,,,,,,,,,,,,,,,,,,,,,,,,,,,,,,,,,,,,,,,,,,,,,,,,,,,,,,,,,,,,,,,,,,,,,,,,,,,,,,,,,,,,,,,,,,,,,,,,,,,,,,,,,,,,,,,,,,,,,,,,,,,,,,,,,,,,,,,,,,,,,,,,,,,,,,,,,,,,,,,,,,,,,,,,,,,,,,,,,,,,,,,,,,,,,,,,,,,,,,,,,,,,,,,,,,
