excel_row,B,C,D,E,F,G,H,I,J,K,L,M,P,Q,R,S,T,U,V,W,X,Y,Z,AA,AB,AC,AD,AE,AF,AG,AH,AI,AJ,AK,AL,AM,AN,AO,AP,AQ,AR,AS,AT,AU,AV,AW,AX,AY,AZ,BA,BB,BC,BD,BG,BH,BI,BJ,BK,BL,BM,BN,BO,BP,BQ,BR,BS,BT,BU,BV,BW,BX,BY,CA,CB,CC,CD,CE,CF,CH,CI,CJ,CK,CL,CM,CO,CP,CQ,CR,CS,CT,CV,CW,CX,CY,CZ,DA,DC,DD,DE,DF,DG,DH,DJ,DK,DL,DM,DN,DO,DQ,DR,DS,DT,DU,DV,DX,DY,DZ,EA,EB,EC,EE,EF,EG,EH,EI,EJ,EL,EM,EN,EO,EP,EQ,ES,ET,EU,EV,EW,EX,EZ,FA,FB,FC,FD,FE,FG,FH,FI,FJ,FK,FL,FN,FO,FP,FQ,FR,FS,FU,FV,FW,FX,FY,FZ,GB,GC,GD,GE,GF,GG,GI,GJ,GK,GL,GM,GN,GP,GQ,GR,GS,GT,GU,GW,GX,GY,GZ,HA,HB,HD,HE,HF,HG,HH,HI,HK,HL,HM,HN,HO,HP,HR,HS,HT,HU,HV,HW,HY,HZ,IA,IB,IC,ID,IF,IG,IH,II,IJ,IK,IM,IN,IO,IP,IQ,IR,IT,IU,IV,IW
3,,,,,,,,,,,,,Filtering,,"PET, HT","PET, LT","PET, SG","PET, OG","PP, HT","PP, LT","PP, SG","PP, OG","PVC, HT","PVC, LT","PVC, SG","PVC, OG","PS, HT","PS, LT","PS, SG","PS, OG","PE, HT","PE, LT","PE, SG","PE, OG","PE, HG",PET,PP,PVC,PS,PE,,,,,,,,,,,,,,,,,,,,,,,,,,,,,,,,,,,,,,,,,,,,,,,,,,,,,,,,,,,,,,,,,,,,,,,,,,,,,,,,,,,,,,,,,,,,,,,,,,,,,,,,,,,,,,,,,,,,,,,,,,,,,,,,,,,,,,,,,,,,,,,,,,,,,,,,,,,,,,,,,,,,,,,,,,,,,,,,,,,,,,,,,,
4,Feed,Tech,Pathway1,Pathway2,Product,Unit treatment cost ($/kg),Unit CO2 emission (kgCO2eq/kg),Unit energy consumption (MJ/kg),Unit profit ($/kg),Unit CO2 reduction (kgCO2eq/kg),Unit energy recovery (MJ/kg),Energy efficiency,,,False,False,False,False,False,False,False,False,False,False,False,False,False,False,False,False,False,False,False,False,False,False,False,False,False,False,,,,,,,,,,,,,,,,,,,,,,,,,,,,,,,,,,,,,,,,,,,,,,,,,,,,,,,,,,,,,,,,,,,,,,,,,,,,,,,,,,,,,,,,,,,,,,,,,,,,,,,,,,,,,,,,,,,,,,,,,,,,,,,,,,,,,,,,,,,,,,,,,,,,,,,,,,,,,,,,,,,,,,,,,,,,,,,,,,,,,,,,,,
5,PET,HT,#1,#1,GASOLINE_1,11783.852529911885,1.214930878006988,2.3114024359081182,50000000,-0.680104070053527,0.0873788030717364,48.74023520000001,(i),,,,,,,,,,,,,,,,,,,,,,,,,,,,,,,,,,,,,,,,,,,,,,,,,,,,,,,,,,,,,,,,,,,,,,,,,,,,,,,,,,,,,,,,,,,,,,,,,,,,,,,,,,,,,,,,,,,,,,,,,,,,,,,,,,,,,,,,,,,,,,,,,,,,,,,,,,,,,,,,,,,,,,,,,,,,,,,,,,,,,,,,,,,,,,,,,,,,,,,,,,,,,,,,,,,,,
6,PET,HT,#1,#2,GASOLINE_1,18816.529998328413,1.5449716941381102,2.8543370469179927,50000000,-0.8017287803662339,-0.1305569722586161,68.71291008000001,Feed,Tech,Pathway1,Pathway2,Product,Unit treatment cost ($/kg),Unit CO2 emission (kgCO2eq/kg),Unit energy consumption (MJ/kg),Unit profit ($/kg),Unit CO2 reduction (kgCO2eq/kg),Unit energy recovery (MJ/kg),Energy efficiency,,,Scenario 1: Interest rate = 5%,,,,,,,,,,,,,,,,,,,,,,,,,,,,,,,,,,,,,,,,,,,,,,,,,,,,,,,,,,,,,,,,,,,,,,,,,,,,,,,,,,,,,,,,,,,,,,,,,,,,,,,,,,,,,,,,,,,,,,,,,,,,,,,,,,,,,,,,,,,,,,,,,,,,,,,,,,,,,,,,,,,,,,,,,,,,,,,,,,,,,,,,,,,,,,,,,,,,,,,
7,PET,HT,#1,#3,GASOLINE_1,13921.86725755913,1.1984910049960715,1.5250162065825181,50000000,-0.6359233788128574,0.8854616018764376,49.1349391149461,,,,,,,,,>-0.417800978854381,>0,,,,,,ZONE 1,ZONE 2,ZONE 3,ZONE 4,Total,,,,,,,,,,,,,,,,,,,,,,,,,,,,,,,,,,,Feed,Tech,Pathway1,Pathway2,Product,Unit profit ($/kg),Feed,Tech,Pathway1,Pathway2,Product,Unit profit ($/kg),Feed,Tech,Pathway1,Pathway2,Product,Unit profit ($/kg),Feed,Tech,Pathway1,Pathway2,Product,Unit profit ($/kg),Feed,Tech,Pathway1,Pathway2,Product,Unit profit ($/kg),Feed,Tech,Pathway1,Pathway2,Product,Unit profit ($/kg),Feed,Tech,Pathway1,Pathway2,Product,Unit profit ($/kg),Feed,Tech,Pathway1,Pathway2,Product,Unit profit ($/kg),Feed,Tech,Pathway1,Pathway2,Product,Unit profit ($/kg),Feed,Tech,Pathway1,Pathway2,Product,Unit profit ($/kg),Feed,Tech,Pathway1,Pathway2,Product,Unit profit ($/kg),Feed,Tech,Pathway1,Pathway2,Product,Unit profit ($/kg),Feed,Tech,Pathway1,Pathway2,Product,Unit profit ($/kg),Feed,Tech,Pathway1,Pathway2,Product,Unit profit ($/kg),Feed,Tech,Pathway1,Pathway2,Product,Unit profit ($/kg),Feed,Tech,Pathway1,Pathway2,Product,Unit profit ($/kg),Feed,Tech,Pathway1,Pathway2,Product,Unit profit ($/kg),Feed,Tech,Pathway1,Pathway2,Product,Unit profit ($/kg),Feed,Tech,Pathway1,Pathway2,Product,Unit profit ($/kg),Feed,Tech,Pathway1,Pathway2,Product,Unit profit ($/kg),Feed,Tech,Pathway1,Pathway2,Product,Unit profit ($/kg),,,,,,,,,,,,,,,,,,,,,,,,,,,,,,,,,,
8,PET,HT,#1,#4,GASOLINE_1,1845.274731159038,1.3117915359345658,2.898137608513199,50000000,-0.781976755286727,-0.5666232520546812,56.06236000000001,,,,,,,,,,,,,,,PET,24,9,17,168,218,,,,,,,,,,,,,,,,,,,,,,,,,,,,,,,,,,,PET,HT,#8,#6,BA_1,-0.19034333470278342,PET,LT,#1,#6,GASOLINE_1,-0.18533169835134136,PET,SG,#3,-,H2_1,-0.27000928066015745,PET,OG,#8,-,H2_1,-0.49104600430109396,PP,HT,#1,#7,MeOH_1,0.07116668793460335,PP,LT,#8,#6,DIESEL_1,0.10198651431165744,PP,SG,#1,-,MeOH_1,0.14246428829831556,PP,OG,#6,-,MeOH_1,-0.21885758484920986,PVC,HT,#1,#6,DIESEL_1,-0.25056989622696807,PVC,LT,#1,#6,GASOLINE_1,-0.30040884760227526,PVC,SG,#6,-,MeOH_1,-0.31034369039507,PVC,OG,#6,-,MeOH_1,-0.4486863149859937,PS,HT,#1,-,GASOLINE_1,0.12454267411342258,PS,LT,#1,-,GASOLINE_1,0.14017591053019374,PS,SG,#6,-,MeOH_1,0.018381876076149693,PS,OG,#6,-,MeOH_1,-0.28295149613808224,PE,HT,#1,#1,MeOH_1,0.12211253759565069,PE,LT,#1,#6,DIESEL_1,-0.2708079114046389,PE,SG,#6,-,MeOH_1,0.08182703745069161,PE,OG,#6,-,MeOH_1,-0.32591057181568944,PE,HG,#1,-,DIESEL_1,-0.007047541409939413,,,,,,,,,,,,,,,,,,,,,,,,,,,,,,,,,,
9,PET,HT,#1,#5,GASOLINE_1,15480.352797627671,1.6078227524527198,3.3290169918194006,50000000,-0.8610258934149548,-0.6144411910004867,72.39855056,(ii),,,,,,,,,,,,,,PP,46,156,0,38,240,,,,,,,,,,,,,,,,,,,,,,,,,,,,,,,,,,,,,,,,,,,,,,,,,,,,,,,,,,,,,,,,,,,,,,,,,,,,,,,,,,,,,,,,,,,,,,,,,,,,,,,,,,,,,,,,,,,,,,,,,,,,,,,,,,,,,,,,,,,,,,,,,,,,,,,,,,,,,,,,,,,,,,,,,,,,,,,,,,,,,,,,,,,,,,,,,,
10,PET,HT,#1,#6,GASOLINE_1,0,1.0744417594613345,1.0713747184307107,50000000,-0.5159251320520706,1.265779828841235,43.48483394832232,Feed,Tech,Pathway1,Pathway2,Product,Unit treatment cost ($/kg),Unit CO2 emission (kgCO2eq/kg),Unit energy consumption (MJ/kg),Unit profit ($/kg),Unit CO2 reduction (kgCO2eq/kg),Unit energy recovery (MJ/kg),Energy efficiency,,,PVC,5,4,49,182,240,,,,,,,,,,,,,,,,,,,,,,,,,,,,,,,,,,,,,,,,,,,,,,,,,,,,,,,,,,,,,,,,,,,,,,,,,,,,,,,,,,,,,,,,,,,,,,,,,,,,,,,,,,,,,,,,,,,,,,,,,,,,,,,,,,,,,,,,,,,,,,,,,,,,,,,,,,,,,,,,,,,,,,,,,,,,,,,,,,,,,,,,,,,,,,,,,,
11,PET,HT,#1,#7,GASOLINE_1,12737.722399779786,1.2008046655406088,1.78038555044416,50000000,-0.6438480407951975,0.6246089350971102,50.38876972784231,,,,,,,,,>-0.417800978854381,<0,,,,,PS,16,12,1,9,38,,,,,,,,,,,,,,,,,,,,,,,,,,,,,,,,,,,,,,,,,,,,,,,,,,,,,,,,,,,,,,,,,,,,,,,,,,,,,,,,,,,,,,,,,,,,,,,,,,,,,,,,,,,,,,,,,,,,,,,,,,,,,,,,,,,,,,,,,,,,,,,,,,,,,,,,,,,,,,,,,,,,,,,,,,,,,,,,,,,,,,,,,,,,,,,,,,
12,PET,HT,#1,#8,GASOLINE_1,2675.7948407853223,1.2821990687313007,1.9026601369813916,50000000,-0.7040689539026616,0.48916509652998,52.46855822875432,(iii),,,,,,,,,,,,,,PE,28,89,4,102,223,,,,,,,,,,,,,,,,,,,,,,,,,,,,,,,,,,,,,,,,,,,,,,,,,,,,,,,,,,,,,,,,,,,,,,,,,,,,,,,,,,,,,,,,,,,,,,,,,,,,,,,,,,,,,,,,,,,,,,,,,,,,,,,,,,,,,,,,,,,,,,,,,,,,,,,,,,,,,,,,,,,,,,,,,,,,,,,,,,,,,,,,,,,,,,,,,,
13,PET,HT,#1,#9,GASOLINE_1,14701.305228627294,1.1789844771734,1.5962157821863792,50000000,-0.6151715091883591,0.8204183769608444,49.3428831511922,Feed,Tech,Pathway1,Pathway2,Product,Unit treatment cost ($/kg),Unit CO2 emission (kgCO2eq/kg),Unit energy consumption (MJ/kg),Unit profit ($/kg),Unit CO2 reduction (kgCO2eq/kg),Unit energy recovery (MJ/kg),Energy efficiency,,,,119,270,71,499,959,,,,,,,,,,,,,,,,,,,,,,,,,,,,,,,,,,,,,,,,,,,,,,,,,,,,,,,,,,,,,,,,,,,,,,,,,,,,,,,,,,,,,,,,,,,,,,,,,,,,,,,,,,,,,,,,,,,,,,,,,,,,,,,,,,,,,,,,,,,,,,,,,,,,,,,,,,,,,,,,,,,,,,,,,,,,,,,,,,,,,,,,,,,,,,,,,,
14,PET,HT,#1,#10,GASOLINE_1,2531.6113552924094,1.2846445372054645,2.026370949142405,50000000,-0.7252877974611391,0.31671601905551316,53.76382736272232,,,,,,,,,<-0.417800978854381,>0,,,,,,,,,,,,,,,,,,,,,,,,,,,,,,,,,,,,,,,,,,,,,,,,,,,,,,,,,,,,,,,,,,,,,,,,,,,,,,,,,,,,,,,,,,,,,,,,,,,,,,,,,,,,,,,,,,,,,,,,,,,,,,,,,,,,,,,,,,,,,,,,,,,,,,,,,,,,,,,,,,,,,,,,,,,,,,,,,,,,,,,,,,,,,,,,,,,,,,,,,,,,
15,PET,HT,#1,#11,GASOLINE_1,416.5325164778093,1.3072729308341862,2.0364261290910526,50000000,-0.7243874630310533,0.3514809735390127,54.108358532754316,(iv),,,,,,,,,,,,,,Scenario 2: Interest rate = 10%,,,,,,,,,,,,,,,,,,,,,,,,,,,,,,,,,,,,,,,,,,,,,,,,,,,,,,,,,,,,,,,,,,,,,,,,,,,,,,,,,,,,,,,,,,,,,,,,,,,,,,,,,,,,,,,,,,,,,,,,,,,,,,,,,,,,,,,,,,,,,,,,,,,,,,,,,,,,,,,,,,,,,,,,,,,,,,,,,,,,,,,,,,,,,,,,,,,,,,,
16,PET,HT,#2,#1,GASOLINE_1,11783.852529911885,1.4002143031855632,3.0005216573193945,50000000,-0.9310824561536433,-0.40560872544388116,54.7589094112,Feed,Tech,Pathway1,Pathway2,Product,Unit treatment cost ($/kg),Unit CO2 emission (kgCO2eq/kg),Unit energy consumption (MJ/kg),Unit profit ($/kg),Unit CO2 reduction (kgCO2eq/kg),Unit energy recovery (MJ/kg),Energy efficiency,,,,ZONE 1,ZONE 2,ZONE 3,ZONE 4,Total,,,,,,,,,,,,,,,,,,,,,,,,,,,,,,,,,,,,,,,,,,,,,,,,,,,,,,,,,,,,,,,,,,,,,,,,,,,,,,,,,,,,,,,,,,,,,,,,,,,,,,,,,,,,,,,,,,,,,,,,,,,,,,,,,,,,,,,,,,,,,,,,,,,,,,,,,,,,,,,,,,,,,,,,,,,,,,,,,,,,,,,,,,,,,,,,,,
17,PET,HT,#2,#2,GASOLINE_1,18816.529998328413,1.7302551193166853,3.5434562683292694,50000000,-1.05270716646635,-0.623544500774234,74.73158429120001,,,,,,,,,<-0.417800978854381,<0,,,,,PET,34,8,26,169,237,,,,,,,,,,,,,,,,,,,,,,,,,,,,,,,,,,,,,,,,,,,,,,,,,,,,,,,,,,,,,,,,,,,,,,,,,,,,,,,,,,,,,,,,,,,,,,,,,,,,,,,,,,,,,,,,,,,,,,,,,,,,,,,,,,,,,,,,,,,,,,,,,,,,,,,,,,,,,,,,,,,,,,,,,,,,,,,,,,,,,,,,,,,,,,,,,,
18,PET,HT,#2,#3,GASOLINE_1,13921.86725755913,1.3837744301746464,2.2141354279937944,50000000,-0.8869017649129737,0.3924740733608204,55.153613326146086,,,,,,,,,,,,,,,PP,46,120,1,74,241,,,,,,,,,,,,,,,,,,,,,,,,,,,,,,,,,,,,,,,,,,,,,,,,,,,,,,,,,,,,,,,,,,,,,,,,,,,,,,,,,,,,,,,,,,,,,,,,,,,,,,,,,,,,,,,,,,,,,,,,,,,,,,,,,,,,,,,,,,,,,,,,,,,,,,,,,,,,,,,,,,,,,,,,,,,,,,,,,,,,,,,,,,,,,,,,,,
19,PET,HT,#2,#4,GASOLINE_1,1845.274731159038,1.4970749611131406,3.5872568299244754,50000000,-1.0329551413868434,-1.0596107805702983,62.08103421119999,,,,,,,,,,,,,,,PVC,21,5,47,181,254,,,,,,,,,,,,,,,,,,,,,,,,,,,,,,,,,,,,,,,,,,,,,,,,,,,,,,,,,,,,,,,,,,,,,,,,,,,,,,,,,,,,,,,,,,,,,,,,,,,,,,,,,,,,,,,,,,,,,,,,,,,,,,,,,,,,,,,,,,,,,,,,,,,,,,,,,,,,,,,,,,,,,,,,,,,,,,,,,,,,,,,,,,,,,,,,,,
20,PET,HT,#2,#5,GASOLINE_1,15480.352797627671,1.7931061776312944,4.018136213230677,50000000,-1.1120042795150709,-1.1074287195161039,78.41722477119998,,,,,,,,,,,,,,,PS,5,10,1,11,27,,,,,,,,,,,,,,,,,,,,,,,,,,,,,,,,,,,Feed,Tech,Pathway1,Pathway2,Unit profit ($/kg),Unit CO2 reduction (kgCO2eq/kg),Feed,Tech,Pathway1,Pathway2,Unit profit ($/kg),Unit CO2 reduction (kgCO2eq/kg),Feed,Tech,Pathway1,Pathway2,Unit profit ($/kg),Unit CO2 reduction (kgCO2eq/kg),Feed,Tech,Pathway1,Pathway2,Unit profit ($/kg),Unit CO2 reduction (kgCO2eq/kg),Feed,Tech,Pathway1,Pathway2,Unit profit ($/kg),Unit CO2 reduction (kgCO2eq/kg),Feed,Tech,Pathway1,Pathway2,Unit profit ($/kg),Unit CO2 reduction (kgCO2eq/kg),Feed,Tech,Pathway1,Pathway2,Unit profit ($/kg),Unit CO2 reduction (kgCO2eq/kg),Feed,Tech,Pathway1,Pathway2,Unit profit ($/kg),Unit CO2 reduction (kgCO2eq/kg),Feed,Tech,Pathway1,Pathway2,Unit profit ($/kg),Unit CO2 reduction (kgCO2eq/kg),Feed,Tech,Pathway1,Pathway2,Unit profit ($/kg),Unit CO2 reduction (kgCO2eq/kg),Feed,Tech,Pathway1,Pathway2,Unit profit ($/kg),Unit CO2 reduction (kgCO2eq/kg),Feed,Tech,Pathway1,Pathway2,Unit profit ($/kg),Unit CO2 reduction (kgCO2eq/kg),Feed,Tech,Pathway1,Pathway2,Unit profit ($/kg),Unit CO2 reduction (kgCO2eq/kg),Feed,Tech,Pathway1,Pathway2,Unit profit ($/kg),Unit CO2 reduction (kgCO2eq/kg),Feed,Tech,Pathway1,Pathway2,Unit profit ($/kg),Unit CO2 reduction (kgCO2eq/kg),Feed,Tech,Pathway1,Pathway2,Unit profit ($/kg),Unit CO2 reduction (kgCO2eq/kg),Feed,Tech,Pathway1,Pathway2,Unit profit ($/kg),Unit CO2 reduction (kgCO2eq/kg),Feed,Tech,Pathway1,Pathway2,Unit profit ($/kg),Unit CO2 reduction (kgCO2eq/kg),Feed,Tech,Pathway1,Pathway2,Unit profit ($/kg),Unit CO2 reduction (kgCO2eq/kg),Feed,Tech,Pathway1,Pathway2,Unit profit ($/kg),Unit CO2 reduction (kgCO2eq/kg),Feed,Tech,Pathway1,Pathway2,Unit profit ($/kg),Unit CO2 reduction (kgCO2eq/kg),Feed,Tech,Pathway1,Pathway2,Product,Unit CO2 reduction (kgCO2eq/kg),Feed,Tech,Pathway1,Pathway2,Product,Unit CO2 reduction (kgCO2eq/kg),Feed,Tech,Pathway1,Pathway2,Product,Unit CO2 reduction (kgCO2eq/kg),Feed,Tech,Pathway1,Pathway2,Product,Unit CO2 reduction (kgCO2eq/kg),Feed,Tech,Pathway1,Pathway2,Product,Unit CO2 reduction (kgCO2eq/kg),Feed,Tech,Unit profit ($/kg),Unit CO2 reduction (kgCO2eq/kg)
21,PET,HT,#2,#6,GASOLINE_1,0,1.2597251846399096,1.760493939841987,50000000,-0.766903518152187,0.7727923003256173,49.50350815952231,,,,,,,,,,,,,,,PE,0,68,9,123,200,,,,,,,,,,,,,,,,,,,,,,,,,,,,,,,,,,,PET,HT,#1,#6,0.0023750564344303124,1.399169016198451,PET,LT,#1,#6,0.0013513878020715714,1.1638184658799624,PET,SG,#6,-,-0.28388504944010284,-0.30831941023500203,PET,OG,#8,-,-0.3830957113495089,0.3818640181046146,PP,HT,#8,#6,0.013730318073478433,1.443194576417845,PP,LT,#8,#6,0.30294238942366236,1.3165277318498256,PP,SG,#6,-,0.1009690900994126,-1.233075351158399,PP,OG,#3,-,-0.17639715919109375,0.276744398751601,PVC,HT,#8,#6,-0.42175283405917957,0.7740802590613067,PVC,LT,#8,#6,-0.42999293422958024,0.6989052418051425,PVC,SG,#6,-,-0.2839996421944916,-0.48662377018299147,PVC,OG,#6,-,-0.3419857608548597,0.37843606969658017,PS,HT,#1,-,0.4165905664865314,1.7831201906081513,PS,LT,#8,-,0.3005688775078191,1.899656740213004,PS,SG,#6,-,0.05005067459270492,-0.5668245991010025,PS,OG,#6,-,-0.10279068886319255,1.0180852451099032,PE,HT,#8,#6,-0.007931292501281053,1.2122633170810755,PE,LT,#1,#6,-0.08441826386823001,0.5565680322089857,PE,SG,#6,-,0.051680777842289284,-1.2348686911718088,PE,OG,#6,-,-0.2053336288686591,0.34512099262079565,PE,HG,#3,-,0.059086939143172874,0.49131664962611316,PET,HT,#1,#6,GASOLINE_1,1.399169016198451,PP,HT,#8,#6,Olefin,1.443194576417845,PVC,HT,#8,#6,Aromatics,0.7740802590613067,PS,LT,#8,-,Aromatics,1.899656740213004,PE,HT,#8,#6,Olefin,1.2122633170810755,PET,HT,0.0023750564344303124,1.399169016198451
22,PET,HT,#2,#7,GASOLINE_1,12737.722399779786,1.3860880907191837,2.469504771855436,50000000,-0.8948264268953136,0.1316214065814927,56.4074439390423,PET,HT,,,,,,,,,,,,,,106,211,84,558,959,,,,,,,,,,,,,,,,,,,,,,,,,,,,,,,,,,,,,,,,,,,,,,,,,,,,,,,,,,,,,,,,,,,,,,,,,,,,,,,,,,,,,,,,,,,,,,,,,,,,,,,,,,,,,,,,,,,,,,,,,,,,,,,,,,,,,,,,,,,,,,,,,,,,,,,,,,,,,,,,,,,,,,,,,,,,,,,,,,,,,,,,,,,,,,,PET,LT,0.0013513878020715714,1.1638184658799624
23,PET,HT,#2,#8,GASOLINE_1,2675.7948407853223,1.4674824939098752,2.5917793583926683,50000000,-0.9550473400027776,-0.0038224319856375454,58.48723243995431,Feed,Tech,Pathway1,Pathway2,Product,Unit treatment cost ($/kg),Unit CO2 emission (kgCO2eq/kg),Unit energy consumption (MJ/kg),Unit profit ($/kg),Unit CO2 reduction (kgCO2eq/kg),Unit energy recovery (MJ/kg),Energy efficiency,,,,,,,,,,,,,,,,,,,,,,,,,,,,,,,,,,,,,,,,,,,,,,,,,,,,,,,,,,,,,,,,,,,,,,,,,,,,,,,,,,,,,,,,,,,,,,,,,,,,,,,,,,,,,,,,,,,,,,,,,,,,,,,,,,,,,,,,,,,,,,,,,,,,,,,,,,,,,,,,,,,,,,,,,,,,,,,,,,,,,,,,,,,,,,,,,,,,,,,PET,SG,-0.28388504944010284,-0.30831941023500203
24,PET,HT,#2,#9,GASOLINE_1,14701.305228627294,1.3642679023519748,2.2853350035976554,50000000,-0.8661498952884753,0.32743084844522685,55.361557362392205,PET,HT,#1,#6,GASOLINE_1,0.7896273017589682,0.9470139275923507,41.012723108962305,-0.09332265879999824,1.3991690161984476,-11.886067880828215,0.7101858403976397,,,Scenario 3: Interest rate = 15%,,,,,,,,,,,,,,,,,,,,,,,,,,,,,,,,,,,,,,,,,,,,,,,,,,,,,,,,,,,,,,,,,,,,,,,,,,,,,,,,,,,,,,,,,,,,,,,,,,,,,,,,,,,,,,,,,,,,,,,,,,,,,,,,,,,,,,,,,,,,,,,,,,,,,,,,,,,,,,,,,,,,,,,,,,,,,,,,,,,,,,,,,,,,,,,,,,,,PET,OG,-0.3830957113495089,0.3818640181046146
25,PET,HT,#2,#10,GASOLINE_1,2531.6113552924094,1.4699279623840396,2.7154901705536805,50000000,-0.9762661835612554,-0.1762715094601035,59.78250157392231,,,,,,,,,,,,,,,,ZONE 1,ZONE 2,ZONE 3,ZONE 4,Total,,,,,,,,,,,,,,,,,,,,,,,,,,,,,,,,,,,,,,,,,,,,,,,,,,,,,,,,,,,,,,,,,,,,,,,,,,,,,,,,,,,,,,,,,,,,,,,,,,,,,,,,,,,,,,,,,,,,,,,,,,,,,,,,,,,,,,,,,,,,,,,,,,,,,,,,,,,,,,,,,,,,,,,,,,,,,,,,,,,,,,,,,,,,,,,PP,HT,0.013730318073478433,1.443194576417845
26,PET,HT,#2,#11,GASOLINE_1,416.5325164778093,1.4925563560127606,2.725545350502329,50000000,-0.9753658491311694,-0.14150655497660516,60.1270327439543,,,,,,,,,,,,,,,PET,34,8,26,169,237,,,,,,,,,,,,,,,,,,,,,,,,,,,,,,,,,,,,,,,,,,,,,,,,,,,,,,,,,,,,,,,,,,,,,,,,,,,,,,,,,,,,,,,,,,,,,,,,,,,,,,,,,,,,,,,,,,,,,,,,,,,,,,,,,,,,,,,,,,,,,,,,,,,,,,,,,,,,,,,,,,,,,,,,,,,,,,,,,,,,,,,,,,,,,,,PP,LT,0.30294238942366236,1.3165277318498256
27,PET,HT,#3,#1,GASOLINE_1,43835.53037984737,1.5077480812082016,3.770354300835437,50000000,-0.9963754102612348,-1.2181951830324365,62.508480784479666,,,,,,,,,,,,,,,PP,46,120,1,74,241,,,,,,,,,,,,,,,,,,,,,,,,,,,,,,,,,,,,,,,,,,,,,,,,,,,,,,,,,,,,,,,,,,,,,,,,,,,,,,,,,,,,,,,,,,,,,,,,,,,,,,,,,,,,,,,,,,,,,,,,,,,,,,,,,,,,,,,,,,,,,,,,,,,,,,,,,,,,,,,,,,,,,,,,,,,,,,,,,,,,,,,,,,,,,,,PP,SG,0.1009690900994126,-1.233075351158399
28,PET,HT,#3,#2,GASOLINE_1,50868.2078482639,1.8377888973393233,4.313288911845313,50000000,-1.118000120573941,-1.4361309583627904,82.48115566447967,,,,,,,,,,,,,,,PVC,21,5,47,181,254,,,,,,,,,,,,,,,,,,,,,,,,,,,,,,,,,,,,,,,,,,,,,,,,,,,,,,,,,,,,,,,,,,,,,,,,,,,,,,,,,,,,,,,,,,,,,,,,,,,,,,,,,,,,,,,,,,,,,,,,,,,,,,,,,,,,,,,,,,,,,,,,,,,,,,,,,,,,,,,,,,,,,,,,,,,,,,,,,,,,,,,,,,,,,,,PP,OG,-0.17639715919109375,0.276744398751601
29,PET,HT,#3,#3,GASOLINE_1,45973.54510749462,1.4913082081972846,2.983968071509837,50000000,-0.9521947190205649,-0.4201123842277342,62.90318469942577,,,,,,,,,,,,,,,PS,5,10,1,11,27,,,,,,,,,,,,,,,,,,,,,,,,,,,,,,,,,,,,,,,,,,,,,,,,,,,,,,,,,,,,,,,,,,,,,,,,,,,,,,,,,,,,,,,,,,,,,,,,,,,,,,,,,,,,,,,,,,,,,,,,,,,,,,,,,,,,,,,,,,,,,,,,,,,,,,,,,,,,,,,,,,,,,,,,,,,,,,,,,,,,,,,,,,,,,,,PVC,HT,-0.42175283405917957,0.7740802590613067
30,PET,HT,#3,#4,MeOH_1,33896.95258109453,1.6046087391357782,4.357089473440518,50000000,-1.098248095494434,-1.8721972381588536,69.83060558447967,,,,,,,,,,,,,,,PE,0,68,9,123,200,,,,,,,,,,,,,,,,,,,,,,,,,,,,,,,,,,,,,,,,,,,,,,,,,,,,,,,,,,,,,,,,,,,,,,,,,,,,,,,,,,,,,,,,,,,,,,,,,,,,,,,,,,,,,,,,,,,,,,,,,,,,,,,,,,,,,,,,,,,,,,,,,,,,,,,,,,,,,,,,,,,,,,,,,,,,,,,,,,,,,,,,,,,,,,,PVC,LT,-0.42999293422958024,0.6989052418051425
31,PET,HT,#3,#5,GASOLINE_1,47532.03064756316,1.9006399556539326,4.787968856746719,50000000,-1.177297233622662,-1.9200151771046592,86.16679614447966,,,,,,,,,,,,,,,,106,211,84,558,959,,,,,,,,,,,,,,,,,,,,,,,,,,,,,,,,,,,,,,,,,,,,,,,,,,,,,,,,,,,,,,,,,,,,,,,,,,,,,,,,,,,,,,,,,,,,,,,,,,,,,,,,,,,,,,,,,,,,,,,,,,,,,,,,,,,,,,,,,,,,,,,,,,,,,,,,,,,,,,,,,,,,,,,,,,,,,,,,,,,,,,,,,,,,,,,PVC,SG,-0.2839996421944916,-0.48662377018299147
32,PET,HT,#3,#6,GASOLINE_1,32051.677849935488,1.3672589626625475,2.5303265833580295,50000000,-0.8321964722597778,-0.039794157262937425,57.25307953280199,,,,,,,,,,,,,,,,,,,,,,,,,,,,,,,,,,,,,,,,,,,,,,,,,,,,,,,,,,,,,,,,,,,,,,,,,,,,,,,,,,,,,,,,,,,,,,,,,,,,,,,,,,,,,,,,,,,,,,,,,,,,,,,,,,,,,,,,,,,,,,,,,,,,,,,,,,,,,,,,,,,,,,,,,,,,,,,,,,,,,,,,,,,,,,,,,,,,,,,,,,,,,,,,,,,PVC,OG,-0.3419857608548597,0.37843606969658017
33,PET,HT,#3,#7,GASOLINE_1,44789.400249715276,1.4936218687418223,3.239337415371478,50000000,-0.9601193810029051,-0.6809650510070616,64.15701531232197,,,,,,,,,,,,,,,,,,,,,,,,,,,,,,,,,,,,,,,,,,,,,,,,,,,,,,,,,,,,,,,,,,,,,,,,,,,,,,,,,,,,,,,,,,,,,,,,,,,,,,,,,,,,,,,,,,,,,,,,,,,,,,,,,,,,,,,,,,,,,,,,,,,,,,,,,,,,,,,,,,,,,,,,,,,,,,,,,,,,,,,,,,,,,,,,,,,,,,,,,,,,,,,,,,,PS,HT,0.4165905664865314,1.7831201906081513
34,PET,HT,#3,#8,GASOLINE_1,34727.47269072081,1.5750162719325138,3.3616120019087106,50000000,-1.020340294110369,-0.8164088895741922,66.23680381323398,,,,,,,,,,,,,,,,,,,,,,,,,,,,,,,,,,,,,,,,,,,,,,,,,,,,,,,,,,,,,,,,,,,,,,,,,,,,,,,,,,,,,,,,,,,,,,,,,,,,,,,,,,,,,,,,,,,,,,,,,,,,,,,,,,,,,,,,,,,,,,,,,,,,,,,,,,,,,,,,,,,,,,,,,,,,,,,,,,,,,,,,,,,,,,,,,,,,,,,,,,,,,,,,,,,PS,LT,0.3005688775078191,1.899656740213004
35,PET,HT,#3,#9,GASOLINE_1,46752.98307856278,1.4718016803746128,3.0551676471136977,50000000,-0.9314428493960663,-0.48515560914332745,63.111128735671876,,,,,,,,,,,,,,,,,,,,,,,,,,,,,,,,,,,,,,,,,,,,,,,,,,,,,,,,,,,,,,,,,,,,,,,,,,,,,,,,,,,,,,,,,,,,,,,,,,,,,,,,,,,,,,,,,,,,,,,,,,,,,,,,,,,,,,,,,,,,,,,,,,,,,,,,,,,,,,,,,,,,,,,,,,,,,,,,,,,,,,,,,,,,,,,,,,,,,,,,,,,,,,,,,,,PS,SG,0.05005067459270492,-0.5668245991010025
36,PET,HT,#3,#10,MeOH_1,34583.2892052279,1.5774617404066775,3.4853228140697237,50000000,-1.0415591376688462,-0.9888579670486587,67.53207294720198,,,,,,,,,,,,,,,,,,,,,,,,,,,,,,,,,,,,,,,,,,,,,,,,,,,,,,,,,,,,,,,,,,,,,,,,,,,,,,,,,,,,,,,,,,,,,,,,,,,,,,,,,,,,,,,,,,,,,,,,,,,,,,,,,,,,,,,,,,,,,,,,,,,,,,,,,,,,,,,,,,,,,,,,,,,,,,,,,,,,,,,,,,,,,,,,,,,,,,,,,,,,,,,,,,,PS,OG,-0.10279068886319255,1.0180852451099032
37,PET,HT,#3,#11,GASOLINE_1,32468.2103664133,1.600090134035399,3.495377994018371,50000000,-1.0406588032387605,-0.9540930125651592,67.87660411723398,,,,,,,,,,,,,,,,,,,,,,,,,,,,,,,,,,,,,,,,,,,,,,,,,,,,,,,,,,,,,,,,,,,,,,,,,,,,,,,,,,,,,,,,,,,,,,,,,,,,,,,,,,,,,,,,,,,,,,,,,,,,,,,,,,,,,,,,,,,,,,,,,,,,,,,,,,,,,,,,,,,,,,,,,,,,,,,,,,,,,,,,,,,,,,,,,,,,,,,,,,,,,,,,,,,PE,HT,-0.007931292501281053,1.2122633170810755
38,PET,HT,#4,#1,GASOLINE_1,32371.478660838402,1.5305011421850347,4.106990329549101,50000000,-0.9884693931635485,-1.501638565037117,65.32884544539166,,,,,,,,,,,,,,,,,,,,,,,,,,,,,,,,,,,,,,,,,,,,,,,,,,,,,,,,,,,,,,,,,,,,,,,,,,,,,,,,,,,,,,,,,,,,,,,,,,,,,,,,,,,,,,,,,,,,,,,,,,,,,,,,,,,,,,,,,,,,,,,,,,,,,,,,,,,,,,,,,,,,,,,,,,,,,,,,,,,,,,,,,,,,,,,,,,,,,,,,,,,,,,,,,,,PE,LT,-0.08441826386823001,0.5565680322089857
39,PET,HT,#4,#2,GASOLINE_1,39404.15612925494,1.8605419583161562,4.649924940558976,50000000,-1.1100941034762548,-1.7195743403674697,85.30152032539166,,,,,,,,,,,,,,,,,,,,,,,,,,,,,,,,,,,,,,,,,,,,,,,,,,,,,,,,,,,,,,,,,,,,,,,,,,,,,,,,,,,,,,,,,,,,,,,,,,,,,,,,,,,,,,,,,,,,,,,,,,,,,,,,,,,,,,,,,,,,,,,,,,,,,,,,,,,,,,,,,,,,,,,,,,,,,,,,,,,,,,,,,,,,,,,,,,,,,,,,,,,,,,,,,,,PE,SG,0.051680777842289284,-1.2348686911718088
40,PET,HT,#4,#3,GASOLINE_1,34509.49338848565,1.5140612691741178,3.320604100223501,50000000,-0.9442887019228785,-0.7035557662324154,65.72354936033777,,,,,,,Aromatics,4,,,,,,,,,,,,,Aromatics,0,,,,,,,,,,,,,Aromatics,23,,,,,,,,,,,,Aromatics,17,,,,,,,,,,,,,,,,,,,,,,,,,,,,,,,,,,,,,,,,,,,,,,,,,,,,,,,,,,,,,,,,,,,,,,,,,,,,,,,,,,,,,,,,,,,,,,,,,,,,,,,,,,,,,,,,,,,,,,,,,,,,,,,,,,,,,,,,,,,,,,,,,,,,,,,,,,,,,,,,,,PE,OG,-0.2053336288686591,0.34512099262079565
41,PET,HT,#4,#4,GASOLINE_1,22432.900862085557,1.6273618001126113,4.693725502154182,50000000,-1.0903420783967477,-2.1556406201635347,72.65097024539166,,,,,,,BA_1,5,,,,,,,,,,,,,BA_1,5,,,,,,,,,,,,,BA_1,0,,,,,,,,,,,,BA_1,10,,,,,,,,,,,,,,,,,,,,,,,,,,,,,,,,,,,,,,,,,,,,,,,,,,,,,,,,,,,,,,,,,,,,,,,,,,,,,,,,,,,,,,,,,,,,,,,,,,,,,,,,,,,,,,,,,,,,,,,,,,,,,,,,,,,,,,,,,,,,,,,,,,,,,,,,,,,,,,,,,,PE,HG,0.059086939143172874,0.49131664962611316
42,PET,HT,#4,#5,GASOLINE_1,36067.97892855419,1.9233930166307656,5.124604885460384,50000000,-1.1693912165249754,-2.2034585591093405,88.98716080539165,,,,,,,DIESEL_1,51,,,,,,,,,,,,,DIESEL_1,87,,,,,,,,,,,,,DIESEL_1,0,,,,,,,,,,,,DIESEL_1,34,,,,,,,,,,,,,,,,,,,,,,,,,,,,,,,,,,,,,,,,,,,,,,,,,,,,,,,,,,,,,,,,,,,,,,,,,,,,,,,,,,,,,,,,,,,,,,,,,,,,,,,,,,,,,,,,,,,,,,,,,,,,,,,,,,,,,,,,,,,,,,,,,,,,,,,,,,,,,,,,,,,,-0.06772556609593365,0.538531386827817
43,PET,HT,#4,#6,GASOLINE_1,20587.626130926517,1.3900120236393807,2.8669626120716933,50000000,-0.8242904551620915,-0.32323753926761867,60.07344419371398,,,,,,,FT_1,1,,,,,,,,,,,,,FT_1,63,,,,,,,,,,,,,FT_1,2,,,,,,,,,,,,FT_1,96,,,,,,,,,,,,,,,,,,,,,,,,,,,,,,,,,,,,,,,,,,,,,,,,,,,,,,,,,,,,,,,,,,,,,,,,,,,,,,,,,,,,,,,,,,,,,,,,,,,,,,,,,,,,,,,,,,,,,,,,,,,,,,,,,,,,,,,,,,,,,,,,,,,,,,,,,,,,,,,,,,,,,
44,PET,HT,#4,#7,GASOLINE_1,33325.3485307063,1.5163749297186553,3.575973444085142,50000000,-0.9522133639052188,-0.9644084330117428,66.97737997323398,,,,,,,FT_4,0,,,,,,,,,,,,,FT_4,1,,,,,,,,,,,,,FT_4,0,,,,,,,,,,,,FT_4,1,,,,,,,,,,,,,,,,,,,,,,,,,,,,,,,,,,,,,,,,,,,,,,,,,,,,,,,,,,,,,,,,,,,,,,,,,,,,,,,,,,,,,,,,,,,,,,,,,,,,,,,,,,,,,,,,,,,,,,,,,,,,,,,,,,,,,,,,,,,,,,,,,,,,,,,,,,,,,,,,,,,,,
45,PET,HT,#4,#8,GASOLINE_1,23263.42097171184,1.5977693329093468,3.698248030622374,50000000,-1.0124342770126826,-1.0998522715788728,69.05716847414598,PET,34,,HT,64,,GASOLINE_1,42,,,,,,,PET,15,,HT,167,,GASOLINE_1,9,,,,,,,PET,7,,HT,17,,GASOLINE_1,3,,,,,,PET,162,,HT,190,,GASOLINE_1,112,,,,,,,,,,,,,,,,,,,,,,,,,,,,,,,,,,,,,,,,,,,,,,,,,,,,,,,,,,,,,,,,,,,,,,,,,,,,,,,,,,,,,,,,,,,,,,,,,,,,,,,,,,,,,,,,,,,,,,,,,,,,,,,,,,,,,,,,,,,,,,,,,,,,,,,,,,,,,,,,,,,,,
46,PET,HT,#4,#9,GASOLINE_1,35288.93135955381,1.494554741351446,3.3918036758273615,50000000,-0.92353683229838,-0.7685989911480084,65.93149339658387,PP,46,,LT,74,,H2_1,9,,,,,,,PP,167,,LT,111,,H2_1,35,,,,,,,PP,0,,LT,15,,H2_1,4,,,,,,PP,27,,LT,216,,H2_1,0,,,,,,,,,,,,,,,,,,,,,,,,,,,,,,,,,,,,,,,,,,,,,,,,,,,,,,,,,,,,,,,,,,,,,,,,,,,,,,,,,,,,,,,,,,,,,,,,,,,,,,,,,,,,,,,,,,,,,,,,,,,,,,,,,,,,,,,,,,,,,,,,,,,,,,,,,,,,,,,,,,,,,
47,PET,HT,#4,#10,GASOLINE_1,23119.237486218928,1.6002148013835102,3.821958842783388,50000000,-1.0336531205711597,-1.27230134905334,70.35243760811397,PVC,21,,SG,0,,MeOH_1,11,,,,,,,PVC,12,,SG,37,,MeOH_1,99,,,,,,,PVC,33,,SG,0,,MeOH_1,2,,,,,,PVC,174,,SG,13,,MeOH_1,115,,,,,,,,,,,,,,,,,,,,,,,,,,,,,,,,,,,,,,,,,,,,,,,,,,,,,,,,,,,,,,,,,,,,,,,,,,,,,,,,,,,,,,,,,,,,,,,,,,,,,,,,,,,,,,,,,,,,,,,,,,,,,,,,,,,,,,,,,,,,,,,,,,,,,,,,,,,,,,,,,,,,,
48,PET,HT,#4,#11,GASOLINE_1,21004.15864740433,1.6228431950122324,3.832014022732035,50000000,-1.0327527861410744,-1.2375363945698403,70.69696877814597,PS,17,,OG,10,,Olefin,21,,,,,,,PS,14,,OG,6,,Olefin,5,,,,,,,PS,0,,OG,8,,Olefin,6,,,,,,PS,7,,OG,26,,Olefin,10,,,,,,,,,,,,,,,,,,,,,,,,,,,,,,,,,,,,,,,,,,,,,,,,,,,,,,,,,,,,,,,,,,,,,,,,,,,,,,,,,,,,,,,,,,,,,,,,,,,,,,,,,,,,,,,,,,,,,,,,,,,,,,,,,,,,,,,,,,,,,,,,,,,,,,,,,,,,,,,,,,,,,
49,PET,HT,#5,#1,GASOLINE_1,78956.61343782974,1.4132403774404616,3.594047105875734,50000000,-0.9049155282135248,-0.8412607415551913,61.652792685229514,PE,32,,HG,2,,WAX_1,6,,,,,,,PE,116,,HG,3,,WAX_1,20,,,,,,,PE,0,,HG,0,,WAX_1,0,,,,,,PE,75,,HG,0,,WAX_1,50,,,,,,,,,,,,,,,,,,,,,,,,,,,,,,,,,,,,,,,,,,,,,,,,,,,,,,,,,,,,,,,,,,,,,,,,,,,,,,,,,,,,,,,,,,,,,,,,,,,,,,,,,,,,,,,,,,,,,,,,,,,,,,,,,,,,,,,,,,,,,,,,,,,,,,,,,,,,,,,,,,,,,
50,PET,HT,#5,#2,GASOLINE_1,85989.29090624627,1.7432811935715837,4.13698171688561,50000000,-1.0265402385262314,-1.0591965168855453,81.62546756522953,,150,,,150,,,150,,,,,,,,324,,,324,,,324,,,,,,,,40,,,40,,,40,,,,,,,445,,,445,,,445,,,,,,,,,,,,,,,,,,,,,,,,,,,,,,,,,,,,,,,,,,,,,,,,,,,,,,,,,,,,,,,,,,,,,,,,,,,,,,,,,,,,,,,,,,,,,,,,,,,,,,,,,,,,,,,,,,,,,,,,,,,,,,,,,,,,,,,,,,,,,,,,,,,,,,,,,,,,,,,,,,,,,
51,PET,HT,#5,#3,GASOLINE_1,81094.628165477,1.396800504429545,2.8076608765501345,50000000,-0.8607348369728551,-0.04317794275049001,62.0474966001756,,,,,,,,,,,,,,,,,,,,,,,,,,,,,,,,,,,,,,,,,,,,,,,,,,,,,,,,,,,,,,,,,,,,,,,,,,,,,,,,,,,,,,,,,,,,,,,,,,,,,,,,,,,,,,,,,,,,,,,,,,,,,,,,,,,,,,,,,,,,,,,,,,,,,,,,,,,,,,,,,,,,,,,,,,,,,,,,,,,,,,,,,,,,,,,,,,,,,,,,,,,,,,,,,,,,,,
52,PET,HT,#5,#4,GASOLINE_1,69018.0356390769,1.510101035368039,4.180782278480817,50000000,-1.006788213446725,-1.4952627966816103,68.97491748522953,(i),,,,,,,,,,,,,,(ii),,,,,,,,,,,,,,(iii),,,,,,,,,,,,,(iv),,,,,,,,,,,,,,,,,,,,,,,,,,,,,,,,,,,,,,,,,,,,,,,,,,,,,,,,,,,,,,,,,,,,,,,,,,,,,,,,,,,,,,,,,,,,,,,,,,,,,,,,,,,,,,,,,,,,,,,,,,,,,,,,,,,,,,,,,,,,,,,,,,,,,,,,,,,,,,,,,,,,,,,,,,,,
53,PET,HT,#5,#5,GASOLINE_1,82653.11370554553,1.8061322518861938,4.611661661787017,50000000,-1.085837351574953,-1.5430807356274145,85.31110804522952,Feed,Tech,Pathway1,Pathway2,Product,Unit treatment cost ($/kg),Unit CO2 emission (kgCO2eq/kg),Unit energy consumption (MJ/kg),Unit profit ($/kg),Unit CO2 reduction (kgCO2eq/kg),Unit energy recovery (MJ/kg),Energy efficiency,,,Feed,Tech,Pathway1,Pathway2,Product,Unit treatment cost ($/kg),Unit CO2 emission (kgCO2eq/kg),Unit energy consumption (MJ/kg),Unit profit ($/kg),Unit CO2 reduction (kgCO2eq/kg),Unit energy recovery (MJ/kg),Energy efficiency,Number,,Feed,Tech,Pathway1,Pathway2,Product,Unit treatment cost ($/kg),Unit CO2 emission (kgCO2eq/kg),Unit energy consumption (MJ/kg),Unit profit ($/kg),Unit CO2 reduction (kgCO2eq/kg),Unit energy recovery (MJ/kg),Energy efficiency,Number,Feed,Tech,Pathway1,Pathway2,Product,Unit treatment cost ($/kg),Unit CO2 emission (kgCO2eq/kg),Unit energy consumption (MJ/kg),Unit profit ($/kg),Unit CO2 reduction (kgCO2eq/kg),Unit energy recovery (MJ/kg),Energy efficiency,Number,,,,,,,,,,,,,,,,,,,,,,,,,,,,,,,,,,,,,,,,,,,,,,,,,,,,,,,,,,,,,,,,,,,,,,,,,,,,,,,,,,,,,,,,,,,,,,,,,,,,,,,,,,,,,,,,,,,,,,,,,,,,,,,,,,,,,,,,,,,,,,,,,,,,,,,,,,,,,,,,
54,PET,HT,#5,#6,GASOLINE_1,67172.76090791787,1.2727512588948082,2.3540193883983274,50000000,-0.7407365902120686,0.3371402842143071,56.397391433551824,PET,HT,#1,#1,GASOLINE_1,0.8903812748481116,2.187041645069758,46.268124360639995,-0.19281534348791923,0.197675318121005,-17.783500637106183,0.6156424993913413,,,PET,HT,#1,#4,GASOLINE_1,0.9740209222669218,2.7737768176748396,53.59024916064001,-0.29006578356025187,-0.418125001546329,-25.372910519218355,0.5265386723028377,1,,PET,HT,#2,#7,GASOLINE_1,0.9675808329566065,2.330660702023412,53.68136161264232,-0.31385806691681123,0.011451466546974778,-24.941936229210285,0.5353706485839902,1,PET,HT,#1,#2,GASOLINE_1,1.2471324403088864,2.7299762560796332,66.24079924064,-0.33524965038473653,-0.2661440465972593,-28.821068585621852,0.5649045766956934,1,,,,,,,,,,,,,,,,,,,,,,,,,,,,,,,,,,,,,,,,,,,,,,,,,,,,,,,,,,,,,,,,,,,,,,,,,,,,,,,,,,,,,,,,,,,,,,,,,,,,,,,,,,,,,,,,,,,,,,,,,,,,,,,,,,,,,,,,,,,,,,,,,,,,,,,,,,,,,,,,
55,PET,HT,#5,#7,GASOLINE_1,79910.48330769765,1.3991141649740828,3.0630302204117763,50000000,-0.8686594989551959,-0.3040306095298177,63.30132721307182,PET,HT,#1,#3,GASOLINE_1,0.8781360949483124,1.400655415744158,46.66282827558609,-0.15079461678042846,0.9877988605185826,-16.901685902701512,0.6377912242506645,,,PET,HT,#3,#6,GASOLINE_1,0.9516173639976964,2.441344266832389,54.855435158401974,-0.2816286815563741,-0.0004162048108747602,-24.425054811525335,0.5547377440176181,2,,PET,LT,#2,#3,GASOLINE_1,0.9118375805366491,2.1720167388434315,50.65385443998948,-0.4155858204522685,0.02246559093963027,-28.502465338052627,0.43730905272332227,2,PET,HT,#1,#5,GASOLINE_1,1.3016795245969237,3.2046562009810406,69.92643972064,-0.3888778517938988,-0.7505001469912446,-32.8537332940958,0.5301672239377798,2,,,,,,,,,,,,,,,,,,,,,,,,,,,,,,,,,,,,,,,,,,,,,,,,,,,,,,,,,,,,,,,,,,,,,,,,,,,,,,,,,,,,,,,,,,,,,,,,,,,,,,,,,,,,,,,,,,,,,,,,,,,,,,,,,,,,,,,,,,,,,,,,,,,,,,,,,,,,,,,,
56,PET,HT,#5,#8,GASOLINE_1,69848.55574870319,1.4805085681647743,3.185304806949008,50000000,-0.9288804120626596,-0.43947444809694797,65.38111571398383,PET,HT,#1,#6,GASOLINE_1,0.7704891072136854,0.9470139275923507,41.012723108962305,-0.06253165064013202,1.3991690161984476,-11.886067880828215,0.7101858403976397,,,PET,HT,#8,#1,BA_1,0.9716538732365861,2.601256815983278,48.40963773588605,-0.21042417761938423,-0.4917055546692193,-15.276042541756913,0.6844421223496827,3,,PET,LT,#2,#7,GASOLINE_1,0.8630821967550737,2.1439269470103404,50.31989286866556,-0.34194925086978456,0.07594861250922978,-27.364623019034553,0.45618677904470195,3,PET,HT,#2,#1,GASOLINE_1,0.9776365002808965,2.8616775874873706,52.0328270848,-0.3468850166057932,-0.5221348482571145,-23.550822886278645,0.5473852910606429,3,,,,,,,,,,,,,,,,,,,,,,,,,,,,,,,,,,,,,,,,,,,,,,,,,,,,,,,,,,,,,,,,,,,,,,,,,,,,,,,,,,,,,,,,,,,,,,,,,,,,,,,,,,,,,,,,,,,,,,,,,,,,,,,,,,,,,,,,,,,,,,,,,,,,,,,,,,,,,,,,
57,PET,HT,#5,#9,GASOLINE_1,81874.06613654515,1.3772939766068735,2.8788604521539956,50000000,-0.8399829673483571,-0.10822116766608357,62.25544063642174,PET,HT,#1,#7,GASOLINE_1,0.8803256075238213,1.6560247596057995,47.91665888848231,-0.15978839379893728,0.731261632925094,-19.174613980037826,0.5998340780674336,,,PET,HT,#8,#4,BA_1,1.0552935206553966,3.1879919885883594,55.731762535886055,-0.3076746176917167,-1.1075058743365531,-22.865452423869076,0.5897231420028057,4,,PET,OG,#3,-,H2_1,0.5785425161588754,1.8411795611650241,37.360429960147115,-0.39248501798546964,0.32516540481618345,-25.78998493149862,0.30969785521716037,4,PET,HT,#2,#2,GASOLINE_1,1.3343876657416711,3.404612198497246,72.0055019648,-0.4893193235026103,-0.9859542129753792,-34.58839083479432,0.519642389942606,4,,,,,,,,,,,,,,,,,,,,,,,,,,,,,,,,,,,,,,,,,,,,,,,,,,,,,,,,,,,,,,,,,,,,,,,,,,,,,,,,,,,,,,,,,,,,,,,,,,,,,,,,,,,,,,,,,,,,,,,,,,,,,,,,,,,,,,,,,,,,,,,,,,,,,,,,,,,,,,,,
58,PET,HT,#5,#10,GASOLINE_1,69704.37226321027,1.482954036638938,3.309015619110021,50000000,-0.9500992556211366,-0.6119235255714143,66.67638484795184,PET,HT,#1,#8,GASOLINE_1,0.9455554381204795,1.7782993461430316,49.99644738939431,-0.21153412370969987,0.5800624784011013,-21.491539873738798,0.5701386599261096,,,PET,HT,#8,#8,BA_1,1.026828036508954,2.1925145170565514,52.13796076464037,-0.22914295784116462,-0.10931839438912243,-18.984081778389527,0.6358875280127103,5,,PET,OG,#6,-,MeOH_1,0.589496242537295,1.9721039530457667,36.976879883357064,-0.36897262452569135,0.1909268236769244,-23.483578649378714,0.3649118388718232,5,PET,HT,#2,#4,GASOLINE_1,1.0612761476997068,3.4484127600924515,59.354951884799995,-0.44413545667812576,-1.1379351679244483,-31.1402327683908,0.4753557743786935,5,,,,,,,,,,,,,,,,,,,,,,,,,,,,,,,,,,,,,,,,,,,,,,,,,,,,,,,,,,,,,,,,,,,,,,,,,,,,,,,,,,,,,,,,,,,,,,,,,,,,,,,,,,,,,,,,,,,,,,,,,,,,,,,,,,,,,,,,,,,,,,,,,,,,,,,,,,,,,,,,
59,PET,HT,#5,#11,GASOLINE_1,67589.29342439567,1.5055824302676597,3.3190707990586694,50000000,-0.9491989211910516,-0.5771585710879156,67.02091601798384,PET,HT,#1,#9,GASOLINE_1,0.8623244982030317,1.471854991348019,46.87077231183222,-0.13312204316449425,0.9196774602588556,-17.811592685368755,0.6199850822412769,,,PET,HT,#8,#10,BA_1,1.0298188333468725,2.316225329217565,53.43322989860837,-0.25252597965392426,-0.2274510180642846,-20.312351313208584,0.6198554466620854,6,,PET,OG,#7,-,FT_1,0.9135524197188469,2.1842178493181166,50.83259636335707,-0.3537926017044995,0.008526313527752757,-30.24838713441703,0.40494113426357004,6,PET,HT,#2,#5,GASOLINE_1,1.3889347500297085,3.8792921433986525,75.6911424448,-0.5429475249117722,-1.4703103133693642,-38.621055543268234,0.48975462259096186,6,,,,,,,,,,,,,,,,,,,,,,,,,,,,,,,,,,,,,,,,,,,,,,,,,,,,,,,,,,,,,,,,,,,,,,,,,,,,,,,,,,,,,,,,,,,,,,,,,,,,,,,,,,,,,,,,,,,,,,,,,,,,,,,,,,,,,,,,,,,,,,,,,,,,,,,,,,,,,,,,
60,PET,HT,#6,#1,MeOH_1,11783.852529911885,1.590514140961983,4.759661248566214,50000000,-1.1063501261510549,-2.426089664229775,75.03170609935968,PET,HT,#1,#10,GASOLINE_1,0.9485462349583981,1.902010158304045,51.29171652336231,-0.23491714552245938,0.4619298547259396,-22.81980940855786,0.5550975682756901,,,PET,HT,#8,#11,BA_1,1.0478417842969519,2.326280509166212,53.77776106864037,-0.24718581937062398,-0.24916464995545745,-20.633132589628573,0.6163259276768135,7,,PET,OG,#8,-,H2_1,0.5882582026138083,1.8352358905976225,39.75336939530639,-0.36070401518762635,0.38186401810461135,-27.232029239699095,0.31497556926798936,7,PET,HT,#2,#8,GASOLINE_1,1.0328106635532643,2.452935288560644,55.761150113554294,-0.3656037968275738,-0.13974768797701806,-27.258862122911243,0.5111495715672978,7,,,,,,,,,,,,,,,,,,,,,,,,,,,,,,,,,,,,,,,,,,,,,,,,,,,,,,,,,,,,,,,,,,,,,,,,,,,,,,,,,,,,,,,,,,,,,,,,,,,,,,,,,,,,,,,,,,,,,,,,,,,,,,,,,,,,,,,,,,,,,,,,,,,,,,,,,,,,,,,,
61,PET,HT,#6,#2,MeOH_1,18816.529998328413,1.920554957093105,5.30259585957609,50000000,-1.2279748364637617,-2.6440254395601284,95.00438097935965,PET,HT,#1,#11,GASOLINE_1,0.9665691859084772,1.9120653382526924,51.63624769339432,-0.2295769852391591,0.4402162228347659,-23.140590684977845,0.5518537516052284,,,PET,HT,#7,-,MeOH_1,0.9789116043411141,2.8159282393590606,57.8487375101949,-0.29081416703664725,-0.33662586697135566,-27.546376288085757,0.5238206143525405,8,,PVC,HT,#2,#3,Olefin,0.7232085808734146,1.0811953902212978,28.267230445422438,-0.34100067542611034,0.21306526800280184,-11.832851611149001,0.5813933156983478,8,PET,HT,#2,#10,GASOLINE_1,1.0358014603911831,2.5766461007216575,57.0564192475223,-0.38898681864033346,-0.25788031165217995,-28.587131657730296,0.4989673022817374,8,,,,,,,,,,,,,,,,,,,,,,,,,,,,,,,,,,,,,,,,,,,,,,,,,,,,,,,,,,,,,,,,,,,,,,,,,,,,,,,,,,,,,,,,,,,,,,,,,,,,,,,,,,,,,,,,,,,,,,,,,,,,,,,,,,,,,,,,,,,,,,,,,,,,,,,,,,,,,,,,
62,PET,HT,#6,#3,MeOH_1,13921.86725755913,1.5740742679510662,3.973275019240614,50000000,-1.0621694349103854,-1.6280068654250734,75.42641001430576,PET,HT,#2,#3,GASOLINE_1,0.9653913203810975,2.0752913581617705,52.4275309997461,-0.30486428989830244,0.26798869414046317,-22.66900815187397,0.5676125173244615,,,PET,LT,#1,-,GASOLINE_1,0.9939700485914413,3.8198611502096207,59.65420584601877,-0.04677174483933271,-1.141857414853065,-16.312019873953183,0.7265570860827775,9,,PVC,HT,#2,#7,Olefin,0.6978487386152877,1.126584844299779,30.179223487141808,-0.31420706245307206,0.16374742138847143,-14.194566954958935,0.5296576480502658,9,PET,HT,#2,#11,GASOLINE_1,1.053824411341262,2.5867012806703045,57.400950417554306,-0.38364665835703293,-0.2795939435433531,-28.907912934150286,0.49638616218260917,9,,,,,,,,,,,,,,,,,,,,,,,,,,,,,,,,,,,,,,,,,,,,,,,,,,,,,,,,,,,,,,,,,,,,,,,,,,,,,,,,,,,,,,,,,,,,,,,,,,,,,,,,,,,,,,,,,,,,,,,,,,,,,,,,,,,,,,,,,,,,,,,,,,,,,,,,,,,,,,,,
63,PET,HT,#6,#4,MeOH_1,1845.274731159038,1.6873747988895604,5.346396421171296,50000000,-1.2082228113842552,-3.0800917193561936,82.35383089935965,PET,HT,#2,#6,GASOLINE_1,0.8577443326464707,1.6216498700099629,46.77742583312232,-0.21660132375800614,0.6793588498203283,-17.65339013000068,0.6226087730227213,,,PET,SG,#1,-,MeOH_1,0.6732395444063832,3.2347613058132385,50.75619780221697,-0.23354066062791679,-0.8457062835506368,-26.799766374817967,0.47199026847422004,10,,PVC,HT,#2,#8,Olefin,0.7549893711484353,1.2804043264203706,31.75418475317381,-0.3721241623183153,0.0009874588721475006,-15.844692316291628,0.5010203398559,10,PET,HT,#3,#1,GASOLINE_1,1.0715095316321221,3.6813719843097963,60.11083641007966,-0.41191237440416134,-1.2019099028883171,-30.3224875678033,0.49555705129535205,10,,,,,,,,,,,,,,,,,,,,,,,,,,,,,,,,,,,,,,,,,,,,,,,,,,,,,,,,,,,,,,,,,,,,,,,,,,,,,,,,,,,,,,,,,,,,,,,,,,,,,,,,,,,,,,,,,,,,,,,,,,,,,,,,,,,,,,,,,,,,,,,,,,,,,,,,,,,,,,,,
64,PET,HT,#6,#5,MeOH_1,15480.352797627671,1.9834060154077144,5.777275804477497,50000000,-1.2872719495124825,-3.127909658301997,98.69002145935967,PET,HT,#2,#9,GASOLINE_1,0.9495797236358166,2.1464909337656315,52.635475035992215,-0.28719171628236795,0.19986729388073562,-23.578914934541206,0.5520337772496987,,,PET,SG,#2,-,FT_4,0.7831113740762032,3.4254343928571633,51.89757300221696,-0.14224386365164762,-1.2417647303190082,-27.452229234188184,0.47103057722919944,11,,PVC,HT,#2,#9,Olefin,0.7106185424919463,1.1314661163715196,31.355017157228136,-0.3253896811042079,0.16472854333217204,-15.180337134442915,0.5158562006736629,11,PET,HT,#3,#2,GASOLINE_1,1.4282606970928973,4.224306595319671,80.08351129007967,-0.5543466813009789,-1.6657292676065814,-41.36005551631897,0.4835384356899141,11,,,,,,,,,,,,,,,,,,,,,,,,,,,,,,,,,,,,,,,,,,,,,,,,,,,,,,,,,,,,,,,,,,,,,,,,,,,,,,,,,,,,,,,,,,,,,,,,,,,,,,,,,,,,,,,,,,,,,,,,,,,,,,,,,,,,,,,,,,,,,,,,,,,,,,,,,,,,,,,,
65,PET,HT,#6,#6,MeOH_1,0,1.4500250224163296,3.5196335310888065,50000000,-0.9421711881495985,-1.2476886384602761,69.77630484768198,PET,HT,#5,#6,GASOLINE_1,0.9599631836192208,2.265037071872687,53.99974705915183,-0.26016379492135927,0.24497994097021222,-22.03356619308559,0.5919690851709025,,,PET,SG,#3,-,H2_1,0.6266360281214608,3.120076017627424,48.04129266482996,-0.12707416034635002,-0.5423592273486709,-18.497054100548297,0.6149759285288838,12,,PVC,HT,#8,#3,Aromatics,0.8525296412499553,0.7072894863857824,22.799301615651498,-0.5487166495612736,0.5490063731272751,-7.923903128078426,0.6524497433448249,12,PET,HT,#3,#3,GASOLINE_1,1.0592643517323237,2.8949857549841957,60.505540325025756,-0.369891647696671,-0.411786360490739,-29.44067283339863,0.513421867233179,12,,,,,,,,,,,,,,,,,,,,,,,,,,,,,,,,,,,,,,,,,,,,,,,,,,,,,,,,,,,,,,,,,,,,,,,,,,,,,,,,,,,,,,,,,,,,,,,,,,,,,,,,,,,,,,,,,,,,,,,,,,,,,,,,,,,,,,,,,,,,,,,,,,,,,,,,,,,,,,,,
66,PET,HT,#6,#7,MeOH_1,12737.722399779786,1.5763879284956037,4.228644363102257,50000000,-1.0700940968927255,-1.8888595322044022,76.68024062720198,PET,HT,#8,#3,BA_1,0.9594086933367874,1.8148705866576775,48.804341650832164,-0.16840345091189363,0.2984179877283591,-14.394227807352259,0.7050625554928099,,,PET,SG,#6,-,MeOH_1,0.6560141117152868,2.669938602895592,53.75375277929451,-0.18631417764157354,-0.3083194102350053,-29.24771169262188,0.45589451563114214,13,,PVC,HT,#8,#6,Aromatics,0.7555232534007948,0.46700299894534253,21.22072928378329,-0.45654234919493974,0.7740802590613041,-6.482489156080726,0.6945209059787313,13,PET,HT,#3,#4,MeOH_1,1.1551491790509327,4.268107156914878,67.43296121007967,-0.5091628144764941,-1.8177102225556512,-37.911897449915465,0.4377838853642318,13,,,,,,,,,,,,,,,,,,,,,,,,,,,,,,,,,,,,,,,,,,,,,,,,,,,,,,,,,,,,,,,,,,,,,,,,,,,,,,,,,,,,,,,,,,,,,,,,,,,,,,,,,,,,,,,,,,,,,,,,,,,,,,,,,,,,,,,,,,,,,,,,,,,,,,,,,,,,,,,,
67,PET,HT,#6,#8,MeOH_1,2675.7948407853223,1.6577823316862959,4.350918949639488,50000000,-1.1303150100001897,-2.0243033707715314,78.76002912811397,PET,HT,#8,#6,BA_1,0.8517617056021604,1.361229098505871,43.15423648420836,-0.08014048477159719,0.7097881434082233,-9.378609785478943,0.7826723272253722,,,PET,SG,#7,-,FT_1,0.7557202098272,3.271283622797527,55.86969868532652,-0.16578837632367752,-1.0357308776083707,-33.306631163795714,0.40385160565501155,14,,PVC,HT,#8,#7,Aromatics,0.8271697989918284,0.7526789404642633,24.711294657370868,-0.5219230365882357,0.49968852651294476,-10.285618471888366,0.5837685311716203,14,PET,HT,#3,#5,GASOLINE_1,1.4828077813809344,4.698986540221079,83.76915177007967,-0.6079748827101409,-2.150085368000567,-45.39272022479288,0.4581212861104071,14,,,,,,,,,,,,,,,,,,,,,,,,,,,,,,,,,,,,,,,,,,,,,,,,,,,,,,,,,,,,,,,,,,,,,,,,,,,,,,,,,,,,,,,,,,,,,,,,,,,,,,,,,,,,,,,,,,,,,,,,,,,,,,,,,,,,,,,,,,,,,,,,,,,,,,,,,,,,,,,,
68,PET,HT,#6,#9,MeOH_1,14701.305228627294,1.554567740128395,4.044474594844476,50000000,-1.0414175652858872,-1.693050090340668,75.63435405055188,PET,HT,#8,#7,BA_1,0.9615982059122958,2.0702399305193193,50.05817226372838,-0.17739722793040216,0.04188076013487011,-16.66715588468856,0.6670442580907932,,,PET,SG,#8,-,H2_1,0.6250108153325569,3.6042960658716674,50.30397447129719,-0.1702100081334511,-1.0857082199362589,-22.29846830900751,0.5567255163559545,15,,PVC,HT,#8,#8,Aromatics,0.884310431524976,0.9064984225848549,26.286255923402866,-0.5798401364534788,0.3369285639966209,-11.935743833221059,0.5459321453766046,15,PET,HT,#3,#7,GASOLINE_1,1.0614538643078322,3.1503550988458375,61.75937093792197,-0.37888542471517966,-0.6683235880842281,-31.71360091073493,0.4864973455993883,15,,,,,,,,,,,,,,,,,,,,,,,,,,,,,,,,,,,,,,,,,,,,,,,,,,,,,,,,,,,,,,,,,,,,,,,,,,,,,,,,,,,,,,,,,,,,,,,,,,,,,,,,,,,,,,,,,,,,,,,,,,,,,,,,,,,,,,,,,,,,,,,,,,,,,,,,,,,,,,,,
69,PET,HT,#6,#10,MeOH_1,2531.6113552924094,1.6602278001604596,4.474629761800501,50000000,-1.1515338535586672,-2.196752448245998,80.05529826208199,PET,HT,#8,#9,BA_1,0.9435970965915066,1.8860701622615395,49.012285687078275,-0.15073087729595927,0.23029658746863096,-15.304134590019485,0.6877490128142645,,,PP,HT,#1,#1,MeOH_1,0.8153019444162884,2.871249268444039,75.60612948834635,0.258011515754317,-0.2766228058506137,-29.324632836432176,0.6121394781761422,16,,PVC,HT,#8,#9,Aromatics,0.8399396028684872,0.7575602125360041,25.887088327457196,-0.5331056552393715,0.5006696484566453,-11.271388651372343,0.5645941904011923,16,PET,HT,#3,#8,GASOLINE_1,1.12668369490449,3.2726296853830696,63.83915943883398,-0.430631154625942,-0.8195227426082206,-34.03052680443591,0.4669333508840843,16,,,,,,,,,,,,,,,,,,,,,,,,,,,,,,,,,,,,,,,,,,,,,,,,,,,,,,,,,,,,,,,,,,,,,,,,,,,,,,,,,,,,,,,,,,,,,,,,,,,,,,,,,,,,,,,,,,,,,,,,,,,,,,,,,,,,,,,,,,,,,,,,,,,,,,,,,,,,,,,,
70,PET,HT,#6,#11,MeOH_1,416.5325164778093,1.682856193789181,4.484684941749149,50000000,-1.1506335191285815,-2.161987493762499,80.39982943211398,PET,LT,#1,#3,GASOLINE_1,0.8091610342747597,1.762944205125564,45.77095939582948,-0.25015344089946134,0.43698760851767837,-23.907436558949104,0.47767237404406504,,,PP,HT,#1,#2,FT_1,0.920583508049164,3.123400485460148,77.41992115437834,0.1555533679393318,-0.7104953585135576,-35.15772256989996,0.5458827386326823,17,,PVC,HT,#8,#10,Aromatics,0.89605294391998,0.9942648250295778,27.712367873370866,-0.5900252287119496,0.2510175382055539,-13.409784871623883,0.5161082974613115,17,PET,HT,#3,#9,GASOLINE_1,1.0434527549870425,2.9661853305880577,60.71348436127187,-0.3522190740807363,-0.4799077607504672,-30.350579616065854,0.5001015024032126,17,,,,,,,,,,,,,,,,,,,,,,,,,,,,,,,,,,,,,,,,,,,,,,,,,,,,,,,,,,,,,,,,,,,,,,,,,,,,,,,,,,,,,,,,,,,,,,,,,,,,,,,,,,,,,,,,,,,,,,,,,,,,,,,,,,,,,,,,,,,,,,,,,,,,,,,,,,,,,,,,
71,PET,HT,#7,#1,GASOLINE_1,30889.561821526873,1.6679545989733275,5.255997522874574,50000000,-1.1262575660560126,-2.657221685948561,77.76689552539166,PET,LT,#1,#6,GASOLINE_1,0.6491430351449622,1.0260194581182691,38.54980121458555,-0.05398576491476113,1.163818465879959,-15.20707408297912,0.6055213359381622,,,PP,HT,#1,#4,MeOH_1,1.1310214097794034,5.781757151704112,109.45595828834637,-0.0671310546276203,-3.2535512942459297,-65.5404085524189,0.4012166210288718,18,,PVC,HT,#8,#11,Aromatics,0.9456504178922659,1.2084731383293348,29.343735283402868,-0.6414589725195894,0.034101008212065693,-15.110828777305255,0.48504072057070036,18,PET,HT,#3,#10,MeOH_1,1.1296744917424086,3.396340497544083,65.13442857280197,-0.45401417643870146,-0.9376553662833822,-35.35879633925496,0.45714122140898544,18,,,,,,,,,,,,,,,,,,,,,,,,,,,,,,,,,,,,,,,,,,,,,,,,,,,,,,,,,,,,,,,,,,,,,,,,,,,,,,,,,,,,,,,,,,,,,,,,,,,,,,,,,,,,,,,,,,,,,,,,,,,,,,,,,,,,,,,,,,,,,,,,,,,,,,,,,,,,,,,,
72,PET,HT,#7,#2,GASOLINE_1,37922.2392899434,1.9979954151044494,5.798932133884449,50000000,-1.2478822763687192,-2.8751574612789144,97.73957040539166,PET,LT,#1,#7,GASOLINE_1,0.7604056504931844,1.7348544132924735,45.436997824505546,-0.17651687131697755,0.490470630087277,-22.769594239931017,0.4988754686681635,,,PP,HT,#1,#5,FT_1,1.255184116945848,6.583526882321994,113.24206212834635,-0.17632461517472192,-4.17919009477369,-70.70136147542888,0.3756616565733557,19,,PVC,HT,#9,#3,Aromatics,0.9165106196913786,1.0311690115507344,25.1095244580515,-0.6265495688362823,0.21709058390039204,-9.895461597340226,0.6059080444206822,19,PET,HT,#3,#11,GASOLINE_1,1.1476974426924877,3.4063956774927306,65.47895974283398,-0.44867401615540115,-0.9593689981745559,-35.67957761567495,0.4550985880685173,19,,,,,,,,,,,,,,,,,,,,,,,,,,,,,,,,,,,,,,,,,,,,,,,,,,,,,,,,,,,,,,,,,,,,,,,,,,,,,,,,,,,,,,,,,,,,,,,,,,,,,,,,,,,,,,,,,,,,,,,,,,,,,,,,,,,,,,,,,,,,,,,,,,,,,,,,,,,,,,,,
73,PET,HT,#7,#3,GASOLINE_1,33027.57654917412,1.6515147259624114,4.469611293548974,50000000,-1.0820768748153435,-1.8591388871438599,78.16159944033777,PET,LT,#1,#8,GASOLINE_1,0.8256354810898426,1.8571289998297056,47.516786325417556,-0.23388211072303042,0.3412988950287044,-24.98267625716368,0.4742347244177999,,,PP,HT,#1,#8,FT_1,0.9286620607294831,3.3584343318701433,81.91289964427898,0.14310957486823142,-0.8723701169048783,-38.54290555286544,0.5294647641550388,20,,PVC,HT,#9,#6,Aromatics,0.8195042318422183,0.7908825241102946,23.530952126183294,-0.5343752684699484,0.442164469834421,-8.454047625342524,0.6407264958932299,20,PET,HT,#4,#1,GASOLINE_1,1.1351638416994567,4.01800801302346,62.93120107099167,-0.4488441072992718,-1.6084301922603839,-33.843096167093584,0.4622207173685477,20,,,,,,,,,,,,,,,,,,,,,,,,,,,,,,,,,,,,,,,,,,,,,,,,,,,,,,,,,,,,,,,,,,,,,,,,,,,,,,,,,,,,,,,,,,,,,,,,,,,,,,,,,,,,,,,,,,,,,,,,,,,,,,,,,,,,,,,,,,,,,,,,,,,,,,,,,,,,,,,,
74,PET,HT,#7,#4,GASOLINE_1,20950.984022774024,1.7648152569009048,5.842732695479655,50000000,-1.2281302512892125,-3.311223741074979,85.08902032539164,PET,LT,#1,#9,GASOLINE_1,0.7435665764129561,1.6429140458419154,44.66466198612833,-0.14594004519598755,0.6020082889855054,-21.480652635942445,0.5190682817074991,,,PP,HT,#1,#10,MeOH_1,1.1280585531765588,5.479140926286255,109.54145997824699,-0.049508842813161494,-2.918309281466557,-65.28752106738274,0.403992597137671,21,,PVC,HT,#9,#7,Aromatics,0.8911507774332516,1.0765584656292153,27.02151749977087,-0.599755955863244,0.1677727372860618,-12.257176941150167,0.5463919840455259,21,PET,HT,#4,#2,GASOLINE_1,1.4919150071602314,4.560942624033335,82.90387595099168,-0.5912784141960892,-2.072249556978648,-44.880664115609264,0.4586421491060285,21,,,,,,,,,,,,,,,,,,,,,,,,,,,,,,,,,,,,,,,,,,,,,,,,,,,,,,,,,,,,,,,,,,,,,,,,,,,,,,,,,,,,,,,,,,,,,,,,,,,,,,,,,,,,,,,,,,,,,,,,,,,,,,,,,,,,,,,,,,,,,,,,,,,,,,,,,,,,,,,,
75,PET,HT,#7,#5,FT_1,34586.06208924266,2.060846473419059,6.273612078785857,50000000,-1.3071793894174404,-3.3590416800207854,101.42521088539165,PET,LT,#1,#10,GASOLINE_1,0.7781083939273623,1.9323309623402867,47.911314339385555,-0.2052148295601492,0.2726626862812379,-25.48942297488027,0.4679873986690726,,,PP,HT,#1,#11,FT_1,1.2837944065852636,6.799061776914542,117.22421484427896,-0.21307154218285276,-4.318098005488802,-74.38219986202877,0.3654706925455775,22,,PVC,HT,#9,#8,Aromatics,0.9482914099663993,1.230377947749807,28.596478765802875,-0.6576730557284873,0.005012774769737869,-13.907302302482858,0.513670811837368,22,PET,HT,#4,#3,GASOLINE_1,1.1229186617996576,3.231621783697861,63.325904985937775,-0.4068233805917809,-0.8183066498628068,-32.96128143268892,0.479497664660168,22,,,,,,,,,,,,,,,,,,,,,,,,,,,,,,,,,,,,,,,,,,,,,,,,,,,,,,,,,,,,,,,,,,,,,,,,,,,,,,,,,,,,,,,,,,,,,,,,,,,,,,,,,,,,,,,,,,,,,,,,,,,,,,,,,,,,,,,,,,,,,,,,,,,,,,,,,,,,,,,,
76,PET,HT,#7,#6,GASOLINE_1,19105.70929161499,1.5274654804276744,4.015969805397166,50000000,-0.9620786280545566,-1.4788206601790626,72.51149427371398,PET,LT,#1,#11,GASOLINE_1,0.8057992843160215,2.006318691832244,48.55068520541756,-0.2167680953985929,0.18788554652648956,-26.07530422123426,0.46292613356722234,,,PP,HT,#2,#1,MeOH_1,0.9101879423028615,3.3844580908039306,79.50157815058635,0.11469579962466923,-0.8064961621702156,-33.027699644954346,0.5845654839405128,23,,PVC,HT,#9,#9,Aromatics,0.9039205813099104,1.081439737700956,28.19731116985719,-0.61093857451438,0.1687538592297624,-13.242947120634136,0.530347165342815,23,PET,HT,#4,#4,GASOLINE_1,1.218803489118267,4.604743185628542,70.25332587099167,-0.5460945473716045,-2.224230511927718,-41.432506049205735,0.4102413581772696,23,,,,,,,,,,,,,,,,,,,,,,,,,,,,,,,,,,,,,,,,,,,,,,,,,,,,,,,,,,,,,,,,,,,,,,,,,,,,,,,,,,,,,,,,,,,,,,,,,,,,,,,,,,,,,,,,,,,,,,,,,,,,,,,,,,,,,,,,,,,,,,,,,,,,,,,,,,,,,,,,
77,PET,HT,#7,#7,GASOLINE_1,31843.431691394777,1.6538283865069487,4.724980637410615,50000000,-1.0900015367976836,-2.119991553923187,79.41543005323398,PET,LT,#2,#6,Olefin,0.7518195814068511,1.435091991836137,43.432696258745565,-0.21941814446756802,0.7492964483019108,-19.80210286208266,0.5440738299065344,,,PP,HT,#2,#2,FT_1,1.015469505935737,3.636609307820039,81.31536981661834,0.012237651809683853,-1.2403687148331597,-38.860789378422126,0.5220978584238058,24,,PVC,LT,#2,#3,Olefin,0.7580848191670951,1.2121544655946,30.21346492121366,-0.35270039757695737,0.09371866590255976,-11.765072877448217,0.6106016669015789,24,PET,HT,#4,#5,GASOLINE_1,1.5464620914482685,5.035622568934744,86.58951643099167,-0.6449066156052511,-2.556605657372635,-48.91332882408317,0.4351125766701202,24,,,,,,,,,,,,,,,,,,,,,,,,,,,,,,,,,,,,,,,,,,,,,,,,,,,,,,,,,,,,,,,,,,,,,,,,,,,,,,,,,,,,,,,,,,,,,,,,,,,,,,,,,,,,,,,,,,,,,,,,,,,,,,,,,,,,,,,,,,,,,,,,,,,,,,,,,,,,,,,,
78,PET,HT,#7,#8,GASOLINE_1,21781.50413240031,1.73522278969764,4.847255223947847,50000000,-1.1502224499051472,-2.2554353924903174,81.49521855414598,PET,LT,#2,#9,GASOLINE_1,0.8462431226748454,2.051986579559783,49.54755703028835,-0.31137242474879456,0.187486271407457,-26.075681415045985,0.4737241757629754,,,PP,HT,#2,#3,H2_1,0.9404440017271285,3.2534674748859436,77.02154848843499,0.009979558575133466,-0.48881371984391064,-29.888303461004963,0.6119488111110519,25,,PVC,LT,#2,#9,Olefin,0.7455296101837294,1.2778841265275391,33.83163041236878,-0.33900660953482076,0.026464366531078518,-15.61572564361531,0.538428226683801,25,PET,HT,#4,#6,GASOLINE_1,1.0152716740650307,2.777980295546053,57.67579981931399,-0.31856041445148464,-0.4069364941829413,-27.945663410815616,0.515469859137395,25,,,,,,,,,,,,,,,,,,,,,,,,,,,,,,,,,,,,,,,,,,,,,,,,,,,,,,,,,,,,,,,,,,,,,,,,,,,,,,,,,,,,,,,,,,,,,,,,,,,,,,,,,,,,,,,,,,,,,,,,,,,,,,,,,,,,,,,,,,,,,,,,,,,,,,,,,,,,,,,,
79,PET,HT,#7,#9,GASOLINE_1,33807.01452024228,1.6320081981397396,4.5408108691528355,50000000,-1.061325005190845,-1.9241821120594542,78.36954347658387,PET,LT,#3,#6,GASOLINE_1,0.8487831383763654,2.210262155387094,51.14727830265053,-0.29234623488547207,0.08228167493217588,-26.36244168055445,0.48457782006382316,,,PP,HT,#2,#4,MeOH_1,1.2259074076659766,6.294965974064003,113.35140695058634,-0.21044677075726825,-3.7834246505655322,-69.24347536094106,0.38912557661391356,26,,PVC,LT,#8,#3,Aromatics,0.8362233642163284,0.8090619611975827,24.169410392450715,-0.5364707656386203,0.43460661091213554,-9.102040000622313,0.6234066180006888,26,PET,HT,#4,#7,GASOLINE_1,1.125108174375166,3.4869911275595014,64.57973559883398,-0.4158171576102896,-1.0748438774562943,-35.23420951002522,0.45440765306166125,26,,,,,,,,,,,,,,,,,,,,,,,,,,,,,,,,,,,,,,,,,,,,,,,,,,,,,,,,,,,,,,,,,,,,,,,,,,,,,,,,,,,,,,,,,,,,,,,,,,,,,,,,,,,,,,,,,,,,,,,,,,,,,,,,,,,,,,,,,,,,,,,,,,,,,,,,,,,,,,,,
80,PET,HT,#7,#10,GASOLINE_1,21637.3206469074,1.7376682581718041,4.970966036108861,50000000,-1.171441293463625,-2.4278844699647846,82.79048768811398,PET,LT,#5,#6,GASOLINE_1,0.843958848164847,1.9499405593323311,50.07526882603629,-0.2662968109586795,0.3792282248194736,-24.262531506361643,0.5154787567761093,,,PP,HT,#2,#7,MeOH_1,0.9072752861211354,3.0992111327843914,79.62470064048699,0.1172406858081594,-0.5057723249394762,-34.32468230445481,0.5689191666863028,27,,PVC,LT,#8,#6,Aromatics,0.756026803442123,0.5068174446799933,21.960901401784263,-0.46224181184194235,0.6989052418051401,-6.781228576504053,0.691213559387271,27,PET,HT,#4,#8,GASOLINE_1,1.1903380049718246,3.609265714096734,66.65952409974597,-0.4675628875210525,-1.226043031980288,-37.551135403726185,0.4366726148909113,27,,,,,,,,,,,,,,,,,,,,,,,,,,,,,,,,,,,,,,,,,,,,,,,,,,,,,,,,,,,,,,,,,,,,,,,,,,,,,,,,,,,,,,,,,,,,,,,,,,,,,,,,,,,,,,,,,,,,,,,,,,,,,,,,,,,,,,,,,,,,,,,,,,,,,,,,,,,,,,,,
81,PET,HT,#7,#11,GASOLINE_1,19522.2418080928,1.7602966518005254,4.981021216057508,50000000,-1.170540959033539,-2.3931195154812848,83.13501885814598,PET,LT,#8,#6,BA_1,0.8596975494578885,1.6250786256958085,44.93901076813562,-0.29053863564610394,0.4434483253800124,-19.471284571592054,0.5667175525501703,,,PP,HT,#2,#8,FT_1,1.023548058616056,3.871643154230036,85.808348306519,-0.00020614126141651923,-1.4022434732244817,-42.24597236138762,0.5076706032089173,28,,PVC,LT,#8,#7,Aromatics,0.8240446952746607,0.9035489555090339,26.124304538481525,-0.5272153196453103,0.3319283175228892,-11.55486910545599,0.5576965852455333,28,PET,HT,#4,#9,GASOLINE_1,1.1071070650543766,3.3028213593017215,63.53384902218387,-0.38915080697584675,-0.886428050122534,-33.87118821535614,0.4668796438961307,28,,,,,,,,,,,,,,,,,,,,,,,,,,,,,,,,,,,,,,,,,,,,,,,,,,,,,,,,,,,,,,,,,,,,,,,,,,,,,,,,,,,,,,,,,,,,,,,,,,,,,,,,,,,,,,,,,,,,,,,,,,,,,,,,,,,,,,,,,,,,,,,,,,,,,,,,,,,,,,,,
82,PET,HT,#8,#1,BA_1,11783.852529911885,1.238761893019993,2.601256815983278,50000000,-0.4230152719810177,1.112837135819641,48.40963773588605,PET,HT,#6,-,GASOLINE_1,0.8515408262583134,1.623600298936103,46.81154757712232,-0.19439026311133972,0.6821957350983059,-16.985184599221764,0.6371582338473522,,,PP,HT,#2,#10,MeOH_1,1.222944551063132,5.992349748646148,113.43690864048699,-0.19282455894280945,-3.4481826377861595,-68.99058787590491,0.3918153385636132,29,,PVC,LT,#8,#8,Aromatics,0.8599460745049389,0.9797206498854423,27.249160844513522,-0.5633145151313694,0.2320920670852837,-13.072518104157043,0.5202597915308234,29,PET,HT,#4,#10,GASOLINE_1,1.1933288018097432,3.7329765262577475,67.95479323371397,-0.490945909333812,-1.3441756556554496,-38.879404938545235,0.42786368571781264,29,,,,,,,,,,,,,,,,,,,,,,,,,,,,,,,,,,,,,,,,,,,,,,,,,,,,,,,,,,,,,,,,,,,,,,,,,,,,,,,,,,,,,,,,,,,,,,,,,,,,,,,,,,,,,,,,,,,,,,,,,,,,,,,,,,,,,,,,,,,,,,,,,,,,,,,,,,,,,,,,
83,PET,HT,#8,#2,BA_1,18816.529998328413,1.5688027091511152,3.144191426993153,50000000,-0.5446399822937243,0.8949013604892879,68.38231261588606,PET,HT,#9,-,GASOLINE_1,0.8958764764738564,1.9918392148279782,49.641442017705145,-0.16998970624244836,0.5676703855545038,-16.965736975749074,0.6582344048406558,,,PP,HT,#3,#1,MeOH_1,0.9936230790702927,4.056952666513499,86.16134237496735,0.06367782664746159,-1.4339329214810739,-39.415688254582335,0.5425362794018647,30,,PVC,LT,#8,#9,Aromatics,0.823668155232963,0.8747916221305223,27.787575883605843,-0.522776977596484,0.36735231154065373,-12.952692766789408,0.533867480162915,30,PET,HT,#4,#11,GASOLINE_1,1.2113517527598219,3.7430317062063945,68.29932440374597,-0.4856057490505114,-1.3658892875466226,-39.200186214965235,0.4260530897313643,30,,,,,,,,,,,,,,,,,,,,,,,,,,,,,,,,,,,,,,,,,,,,,,,,,,,,,,,,,,,,,,,,,,,,,,,,,,,,,,,,,,,,,,,,,,,,,,,,,,,,,,,,,,,,,,,,,,,,,,,,,,,,,,,,,,,,,,,,,,,,,,,,,,,,,,,,,,,,,,,,
84,PET,HT,#8,#3,BA_1,13921.86725755913,1.2223220200090765,1.8148705866576775,50000000,-0.37883458074034804,1.9109199346243428,48.804341650832164,PET,HT,#10,-,MeOH_1,0.9246163935187741,2.120110699058365,51.22538048912231,-0.254019922379991,0.29934508624300243,-21.79592065499144,0.5745093458189189,,,PP,HT,#3,#2,FT_1,1.0989046427031683,4.309103883529608,87.97513404099934,-0.038780321167523654,-1.867805474144018,-45.248777988050115,0.485664006297931,31,,PVC,LT,#8,#10,Aromatics,0.8636771434025767,1.0686723854883107,28.679430778481528,-0.5651624077063621,0.14872611958271592,-14.358685773177774,0.4993385369436536,31,PET,HT,#5,#1,GASOLINE_1,1.0798553512536466,3.505064789350094,59.25514831082952,-0.3904474877691464,-0.9565137571072304,-27.930998949363556,0.5286316928472041,31,,,,,,,,,,,,,,,,,,,,,,,,,,,,,,,,,,,,,,,,,,,,,,,,,,,,,,,,,,,,,,,,,,,,,,,,,,,,,,,,,,,,,,,,,,,,,,,,,,,,,,,,,,,,,,,,,,,,,,,,,,,,,,,,,,,,,,,,,,,,,,,,,,,,,,,,,,,,,,,,
85,PET,HT,#8,#4,BA_1,1845.274731159038,1.3356225509475703,3.1879919885883594,50000000,-0.5248879572142175,0.45883508069322315,55.731762535886055,PET,HT,#11,-,GASOLINE_1,0.9426393444688533,2.130165879007013,51.56991165915431,-0.22387243074529992,0.2318627596248436,-23.176752599840523,0.5505760654967817,,,PP,HT,#3,#3,H2_1,1.0238791384945591,3.925962050595511,83.68131271281597,-0.04103841440207361,-1.1162504791547683,-36.27629207063293,0.5664947059909453,32,,PVC,LT,#8,#11,Aromatics,0.8789003749528045,1.1572325170097002,29.154397820513523,-0.5822603009185494,0.050764224544112085,-14.993901232280832,0.48570705097085315,32,PET,HT,#5,#2,GASOLINE_1,1.4366065167144215,4.04799940035997,79.22782319082954,-0.5328817946659637,-1.4203331218254949,-38.968566897879235,0.5081454301222077,32,,,,,,,,,,,,,,,,,,,,,,,,,,,,,,,,,,,,,,,,,,,,,,,,,,,,,,,,,,,,,,,,,,,,,,,,,,,,,,,,,,,,,,,,,,,,,,,,,,,,,,,,,,,,,,,,,,,,,,,,,,,,,,,,,,,,,,,,,,,,,,,,,,,,,,,,,,,,,,,,
86,PET,HT,#8,#5,BA_1,15480.352797627671,1.6316537674657245,3.618871371894561,50000000,-0.6039370953424453,0.41101714174741744,72.06795309588608,PET,LT,#6,-,Olefin,0.7411161770542286,1.2980113145575607,40.5503681344,-0.22487127861183423,0.8847173877605873,-16.947112943083585,0.5820725255338218,,,PP,HT,#3,#4,MeOH_1,1.3093425444334077,6.967460549773571,120.01117117496733,-0.26146474373447576,-4.4108614098763885,-75.63146397056903,0.36979646786127934,33,,PVC,LT,#9,#3,Aromatics,0.8952141697977632,1.1068309460763137,26.312149232450714,-0.6094568336210835,0.13309084386404574,-11.31901852547788,0.5698177892850289,33,PET,HT,#5,#3,GASOLINE_1,1.0676101713538477,2.718678560024495,59.649852225775604,-0.3484267610616557,-0.16639021470965357,-27.04918421495888,0.5465339274843917,33,,,,,,,,,,,,,,,,,,,,,,,,,,,,,,,,,,,,,,,,,,,,,,,,,,,,,,,,,,,,,,,,,,,,,,,,,,,,,,,,,,,,,,,,,,,,,,,,,,,,,,,,,,,,,,,,,,,,,,,,,,,,,,,,,,,,,,,,,,,,,,,,,,,,,,,,,,,,,,,,
87,PET,HT,#8,#6,BA_1,0,1.0982727744743397,1.361229098505871,50000000,-0.25883633397956146,2.291238161589139,43.15423648420836,PET,LT,#9,-,GASOLINE_1,0.873863710025164,2.070361710955708,49.96950919886128,-0.29840234139887273,0.30896031571072546,-24.44828712606079,0.5107358963890339,,,PP,HT,#3,#7,MeOH_1,0.9907104228885663,3.77170570849396,86.28446486486796,0.06622271283095216,-1.1332090842503342,-40.71267091408277,0.5281575776375991,34,,PVC,LT,#9,#6,Aromatics,0.8150176090235579,0.8045864295587245,24.10364024178426,-0.5352278798244053,0.3973894747570501,-8.998207101359617,0.6266867987117979,34,PET,HT,#5,#4,GASOLINE_1,1.1634949986724572,4.091799961955175,66.57727311082951,-0.48769792784147925,-1.5723140767745638,-35.52040883147571,0.4664784667232348,34,,,,,,,,,,,,,,,,,,,,,,,,,,,,,,,,,,,,,,,,,,,,,,,,,,,,,,,,,,,,,,,,,,,,,,,,,,,,,,,,,,,,,,,,,,,,,,,,,,,,,,,,,,,,,,,,,,,,,,,,,,,,,,,,,,,,,,,,,,,,,,,,,,,,,,,,,,,,,,,,
88,PET,HT,#8,#7,BA_1,12737.722399779786,1.2246356805536138,2.0702399305193193,50000000,-0.3867592427226882,1.6500672678450152,50.05817226372838,PP,HT,#1,#3,DIESEL_1,0.8455580038405549,2.740258652526052,73.12609982619499,0.15329527470478155,0.0410596364756915,-26.185236652482775,0.6419166793426772,,,PP,HT,#3,#8,FT_1,1.1069831953834872,4.544137729939604,92.46811253089999,-0.051224114238623886,-2.02968023253534,-48.6339609710156,0.4740461372047187,35,,PVC,LT,#9,#7,Aromatics,0.8830355008560954,1.201317940387765,28.267043378481528,-0.6002013876277732,0.030412550474799425,-13.771847630311553,0.5127949023209316,35,PET,HT,#5,#5,GASOLINE_1,1.4911536010024589,4.522679345261377,82.91346367082953,-0.586509996075126,-1.9046892222194798,-43.00123160635315,0.48137214750706675,35,,,,,,,,,,,,,,,,,,,,,,,,,,,,,,,,,,,,,,,,,,,,,,,,,,,,,,,,,,,,,,,,,,,,,,,,,,,,,,,,,,,,,,,,,,,,,,,,,,,,,,,,,,,,,,,,,,,,,,,,,,,,,,,,,,,,,,,,,,,,,,,,,,,,,,,,,,,,,,,,
89,PET,HT,#8,#8,BA_1,2675.7948407853223,1.3060300837443053,2.1925145170565514,50000000,-0.44698015583015205,1.514623429277885,52.13796076464037,PP,HT,#1,#6,Olefin,0.6360726283128533,0.9591999399887894,60.17636197628961,0.17797354133365062,1.3218487895980122,-17.598395002754703,0.7075530253941118,,,PP,HT,#3,#9,H2_1,1.0237733651422598,3.1380709340334745,84.28286846604088,-0.01855852114534329,-0.3193770284382984,-34.43482509389446,0.5914374330084781,36,,PVC,LT,#9,#9,Aromatics,0.8826589608143977,1.172560607009253,29.93031472360584,-0.595763045578947,0.06583654449256435,-15.169671291644969,0.49316699701521177,36,PET,HT,#5,#7,GASOLINE_1,1.0697996839293566,2.974047903886136,60.90368283867182,-0.35742053808016466,-0.42292744230314105,-29.322112292295188,0.518549438628092,36,,,,,,,,,,,,,,,,,,,,,,,,,,,,,,,,,,,,,,,,,,,,,,,,,,,,,,,,,,,,,,,,,,,,,,,,,,,,,,,,,,,,,,,,,,,,,,,,,,,,,,,,,,,,,,,,,,,,,,,,,,,,,,,,,,,,,,,,,,,,,,,,,,,,,,,,,,,,,,,,
90,PET,HT,#8,#9,BA_1,14701.305228627294,1.2028154921864052,1.8860701622615395,50000000,-0.3580827111158498,1.8458767097087485,49.012285687078275,PP,HT,#1,#7,MeOH_1,0.8123892882345621,2.5860023104245,75.72925197824698,0.2605564019378073,0.02410103138012618,-30.621615495932623,0.5956434971161659,,,PP,HT,#3,#10,MeOH_1,1.306379687830563,6.664844324355715,120.09667286486795,-0.2438425319200168,-4.075619397097018,-75.37857648553286,0.3723508346451164,37,,PVC,OG,#3,-,H2_1,0.5282399840358156,1.0572215858264429,23.556914238371533,-0.3444549441680988,0.21887980595197484,-14.281109134366208,0.39376146680943863,37,PET,HT,#5,#8,GASOLINE_1,1.1350295145260147,3.0963224904233684,62.98347133958383,-0.4091662679909274,-0.5741265968271345,-31.63903818599616,0.49766125122875415,37,,,,,,,,,,,,,,,,,,,,,,,,,,,,,,,,,,,,,,,,,,,,,,,,,,,,,,,,,,,,,,,,,,,,,,,,,,,,,,,,,,,,,,,,,,,,,,,,,,,,,,,,,,,,,,,,,,,,,,,,,,,,,,,,,,,,,,,,,,,,,,,,,,,,,,,,,,,,,,,,
91,PET,HT,#8,#10,BA_1,2531.6113552924094,1.3084755522184695,2.316225329217565,50000000,-0.4681989993886296,1.3421743518034177,53.43322989860837,PP,HT,#1,#9,DIESEL_1,0.8454522304882558,1.9523675359640142,73.72765557941989,0.17577516796151202,0.837933087192162,-24.343769675744305,0.669814949567723,,,PP,HT,#4,#1,MeOH_1,1.037826027517653,4.181706308598472,87.76634141496734,0.03548743265295258,-1.5870798460050461,-41.48484476305317,0.5273262609078234,38,,PVC,OG,#6,-,MeOH_1,0.5053658081066132,0.8107699049045326,19.950742104113978,-0.32003879675693553,0.3784360696965776,-11.985859224907276,0.3992273990431809,38,PET,HT,#5,#9,GASOLINE_1,1.0517985746085667,2.789878135628356,59.85779626202172,-0.3307541874457215,-0.2345116149693802,-27.95909099762612,0.5329081131681177,38,,,,,,,,,,,,,,,,,,,,,,,,,,,,,,,,,,,,,,,,,,,,,,,,,,,,,,,,,,,,,,,,,,,,,,,,,,,,,,,,,,,,,,,,,,,,,,,,,,,,,,,,,,,,,,,,,,,,,,,,,,,,,,,,,,,,,,,,,,,,,,,,,,,,,,,,,,,,,,,,
92,PET,HT,#8,#11,BA_1,416.5325164778093,1.3311039458471907,2.326280509166212,50000000,-0.4672986649585438,1.376939306286918,53.77776106864037,PP,HT,#2,#6,Olefin,0.7309586261994263,1.4724087623486815,64.07181063852964,0.03465782520400282,0.7919754332784097,-21.301461811276887,0.6675376956107553,,,PP,HT,#4,#2,FT_1,1.1431075911505284,4.43385752561458,89.58013308099933,-0.06697071516203267,-2.0209523986679896,-47.31793449652095,0.4717809310046955,39,,PVC,OG,#7,-,FT_1,0.7100105869618439,1.1364751347160191,28.94746530411398,-0.41288230721507335,0.06672031005954891,-17.985920508087162,0.37867028013913795,39,PET,HT,#5,#10,GASOLINE_1,1.1380203113639333,3.220033302584381,64.27874047355184,-0.43254928980368657,-0.6922592205022955,-32.96730772081523,0.4871195751824046,39,,,,,,,,,,,,,,,,,,,,,,,,,,,,,,,,,,,,,,,,,,,,,,,,,,,,,,,,,,,,,,,,,,,,,,,,,,,,,,,,,,,,,,,,,,,,,,,,,,,,,,,,,,,,,,,,,,,,,,,,,,,,,,,,,,,,,,,,,,,,,,,,,,,,,,,,,,,,,,,,
93,PET,LT,#1,#1,MeOH_1,120708.76447514544,1.7095902517658341,3.505075778003887,50000000,-0.8892118922675194,-0.13459039734804212,83.07920927999999,PP,HT,#2,#9,H2_1,0.9403382283748292,2.4655763583239065,77.62310424165989,0.032459451831863786,0.3080597308725592,-28.046836484266482,0.6386792726434934,,,PP,HT,#4,#3,DIESEL_1,1.0680820869419196,4.050715692680483,85.28631175281598,-0.06922880839658305,-1.2693974036787399,-38.34544857910377,0.5503915248411749,40,,PVC,OG,#8,-,H2_1,0.5332317437859135,1.0210180681126837,24.934495810327896,-0.33577231851787404,0.2664283767983322,-15.23380217648736,0.3890471139914728,40,PET,HT,#5,#11,GASOLINE_1,1.1560432623140122,3.230088482533029,64.62327164358382,-0.4272091295203863,-0.7139728523934692,-33.2880889972352,0.48489006900132325,40,,,,,,,,,,,,,,,,,,,,,,,,,,,,,,,,,,,,,,,,,,,,,,,,,,,,,,,,,,,,,,,,,,,,,,,,,,,,,,,,,,,,,,,,,,,,,,,,,,,,,,,,,,,,,,,,,,,,,,,,,,,,,,,,,,,,,,,,,,,,,,,,,,,,,,,,,,,,,,,,
94,PET,LT,#1,#2,FT_1,22458.70670997119,1.524927422180798,3.3313210552375745,50000000,-0.8687958656487542,-0.5453673151773405,68.54282480000002,PP,HT,#3,#6,Olefin,0.8143937629668575,2.1449033380582496,70.73157486291062,-0.016360147773204686,0.1645386739675516,-27.689450420904855,0.6085277264846491,,,PP,HT,#4,#4,MeOH_1,1.353545492880768,7.092214191858544,121.61617021496733,-0.28965513772898477,-4.564008334400363,-77.70062047903988,0.3610995943903088,41,,,,,,,,,,,,,,41,PET,HT,#6,#1,MeOH_1,1.197070897146179,4.670678932040573,72.63406172495966,-0.5923029817309196,-2.286450435074122,-45.89802650883585,0.36809225012589863,41,,,,,,,,,,,,,,,,,,,,,,,,,,,,,,,,,,,,,,,,,,,,,,,,,,,,,,,,,,,,,,,,,,,,,,,,,,,,,,,,,,,,,,,,,,,,,,,,,,,,,,,,,,,,,,,,,,,,,,,,,,,,,,,,,,,,,,,,,,,,,,,,,,,,,,,,,,,,,,,,
95,PET,LT,#1,#3,GASOLINE_1,5326.013343070752,1.146400278963985,1.889946869500463,50000000,-0.7268713370883879,0.4476792939411834,47.679288082389476,PP,HT,#4,#6,Olefin,0.8585967114142178,2.2696569801432225,72.3365739029106,-0.044550541767713975,0.011391749443579019,-29.758606929375688,0.5886091181299604,,,PP,HT,#4,#7,MeOH_1,1.0349133713359266,3.8964593505789322,87.88946390486795,0.03803231883644287,-1.2863560087743058,-42.7818274225536,0.5132314441141559,42,,,,,,,,,,,,,,42,PET,HT,#6,#2,MeOH_1,1.5538220626069539,5.213613543050449,92.60673660495964,-0.7347372886277369,-2.7502697997923864,-56.93559445735149,0.38518949544430603,42,,,,,,,,,,,,,,,,,,,,,,,,,,,,,,,,,,,,,,,,,,,,,,,,,,,,,,,,,,,,,,,,,,,,,,,,,,,,,,,,,,,,,,,,,,,,,,,,,,,,,,,,,,,,,,,,,,,,,,,,,,,,,,,,,,,,,,,,,,,,,,,,,,,,,,,,,,,,,,,,
96,PET,LT,#1,#4,MeOH_1,29840.62189463567,1.5939572021082997,4.306680294124027,50000000,-0.9352885376441739,-1.6216567337752736,80.75531568,PP,HT,#5,#6,Olefin,0.8032196598301813,1.923083519939835,69.85805487304967,0.0031810452734920606,0.4752897086511907,-25.14380423599041,0.6400729410275842,,,PP,HT,#4,#8,FT_1,1.1511861438308475,4.668891372024577,94.07311157089994,-0.07941450823313317,-2.1828271570593114,-50.70311747948641,0.4610243391250744,43,,,,,,,,,,,,,,43,PET,HT,#6,#3,MeOH_1,1.18482571724638,3.8842927027149736,73.02876563990577,-0.5502822550234288,-1.4963268926765443,-45.01621177443119,0.38358246397865214,43,,,,,,,,,,,,,,,,,,,,,,,,,,,,,,,,,,,,,,,,,,,,,,,,,,,,,,,,,,,,,,,,,,,,,,,,,,,,,,,,,,,,,,,,,,,,,,,,,,,,,,,,,,,,,,,,,,,,,,,,,,,,,,,,,,,,,,,,,,,,,,,,,,,,,,,,,,,,,,,,
97,PET,LT,#1,#5,FT_1,15563.780992070579,1.6492527417404803,4.558267433287902,50000000,-0.9878947512887432,-1.7964909981415373,82.128514866032,PP,HT,#8,#3,H2_1,1.0070834932070456,2.560618039286091,68.75030980804006,-0.10034046508106242,0.16240542329552324,-23.46263665808997,0.6587268228521334,,,PP,HT,#4,#9,DIESEL_1,1.0679763135896203,3.2628245761184465,85.88786750604088,-0.04674891513985258,-0.4725239529622704,-36.503981602365286,0.5749809296429697,44,,,,,,,,,,,,,,44,PET,HT,#6,#4,MeOH_1,1.2807105445649896,5.2574141046456555,79.95618652495966,-0.6895534218032523,-2.9022507547414564,-53.48743639094801,0.3310406772057468,44,,,,,,,,,,,,,,,,,,,,,,,,,,,,,,,,,,,,,,,,,,,,,,,,,,,,,,,,,,,,,,,,,,,,,,,,,,,,,,,,,,,,,,,,,,,,,,,,,,,,,,,,,,,,,,,,,,,,,,,,,,,,,,,,,,,,,,,,,,,,,,,,,,,,,,,,,,,,,,,,
98,PET,LT,#1,#6,GASOLINE_1,0,0.9631721702164583,1.1530221224931683,50000000,-0.5019312354918833,1.23241451864001,40.45812990114556,PP,HT,#8,#6,Olefin,0.7975981176793441,0.7795593267488293,55.80057195813468,-0.07566219845219366,1.443194576417843,-14.87579500836188,0.7334114241781842,,,PP,HT,#4,#10,MeOH_1,1.3505826362779232,6.789597966440688,121.70167190486795,-0.27203292591452594,-4.22876632162099,-77.44773299400372,0.36362638424110366,45,,,,,,,,,,,,,,45,PET,HT,#6,#5,MeOH_1,1.6083691468949914,5.6882934879518565,96.29237708495968,-0.7883654900368992,-3.234625900186373,-60.968259165825444,0.36684230869041096,45,,,,,,,,,,,,,,,,,,,,,,,,,,,,,,,,,,,,,,,,,,,,,,,,,,,,,,,,,,,,,,,,,,,,,,,,,,,,,,,,,,,,,,,,,,,,,,,,,,,,,,,,,,,,,,,,,,,,,,,,,,,,,,,,,,,,,,,,,,,,,,,,,,,,,,,,,,,,,,,,
99,PET,LT,#1,#7,GASOLINE_1,7197.708467925716,1.0592095745147119,1.8618570776673726,50000000,-0.6149542123010162,0.5104063227996367,47.34532651106555,PP,HT,#8,#7,MeOH_1,0.9739147776010528,2.40636169718454,71.35346196009205,0.006920662151963341,0.145446818199957,-27.899015501539807,0.6090026365203736,,,PP,HT,#5,#1,MeOH_1,0.9824489759336165,3.8351328483950846,85.2878223851064,0.08321901969415876,-1.123181886797435,-36.87004206966788,0.5676986345930388,46,,,,,,,,,,,,,,46,PET,HT,#6,#6,MeOH_1,1.0771787295117534,3.430651214563166,67.378660473282,-0.46201928888313243,-1.0849567369966793,-40.0005937525579,0.40633141900439623,46,,,,,,,,,,,,,,,,,,,,,,,,,,,,,,,,,,,,,,,,,,,,,,,,,,,,,,,,,,,,,,,,,,,,,,,,,,,,,,,,,,,,,,,,,,,,,,,,,,,,,,,,,,,,,,,,,,,,,,,,,,,,,,,,,,,,,,,,,,,,,,,,,,,,,,,,,,,,,,,,
100,PET,LT,#1,#8,GASOLINE_1,1345.223957928387,1.106764389726577,1.984131664204605,50000000,-0.6513454648570968,0.39171824853503584,49.42511501197756,PP,HT,#8,#9,H2_1,1.0069777198547467,1.7727269227240539,69.35186556126494,-0.07786057182433226,0.9592788740119931,-21.621169681351482,0.6882395375182591,,,PP,HT,#5,#2,FT_1,1.0877305395664922,4.087284065411192,87.1016140511384,-0.019239128120826905,-1.5570544394603787,-42.703131803135676,0.5097320265722728,47,,,,,,,,,,,,,,47,PET,HT,#6,#7,MeOH_1,1.187015229821889,4.139662046576616,74.28259625280197,-0.5592760320419375,-1.7528641202700335,-47.28913985176747,0.3633887042554236,47,,,,,,,,,,,,,,,,,,,,,,,,,,,,,,,,,,,,,,,,,,,,,,,,,,,,,,,,,,,,,,,,,,,,,,,,,,,,,,,,,,,,,,,,,,,,,,,,,,,,,,,,,,,,,,,,,,,,,,,,,,,,,,,,,,,,,,,,,,,,,,,,,,,,,,,,,,,,,,,,
101,PET,LT,#1,#9,GASOLINE_1,16718.256028635886,1.0499075601760368,1.7699167102168143,50000000,-0.6007577846956049,0.6576904955931887,46.57299067268834,PP,HT,#9,#6,Olefin,0.8824245677399819,1.1921731268252094,58.88794856981466,-0.19452038931331928,1.0216730298607906,-17.725742587967783,0.6989920175780446,,,PP,HT,#5,#3,H2_1,1.0127050353578833,3.7041422324770963,82.80779272295504,-0.02149722135537715,-0.8054994444711289,-33.73064588571851,0.5926633861794981,48,,,,,,,,,,,,,,48,PET,HT,#6,#8,MeOH_1,1.252245060418547,4.261936633113847,76.36238475371397,-0.6110217619527003,-1.904063274794026,-49.606065745468456,0.35038611083900434,48,,,,,,,,,,,,,,,,,,,,,,,,,,,,,,,,,,,,,,,,,,,,,,,,,,,,,,,,,,,,,,,,,,,,,,,,,,,,,,,,,,,,,,,,,,,,,,,,,,,,,,,,,,,,,,,,,,,,,,,,,,,,,,,,,,,,,,,,,,,,,,,,,,,,,,,,,,,,,,,,
102,PET,LT,#1,#10,GASOLINE_1,885.0307605973237,1.0902011638517568,2.0593336267151856,50000000,-0.6516168486354653,0.2681413912040922,49.81964302594556,PP,HT,#9,#9,H2_1,1.0918041699153844,2.185340722800434,72.43924217294494,-0.19671876268545818,0.5377573274549406,-24.4711172609574,0.6621842453495873,,,PP,HT,#5,#4,MeOH_1,1.2981684412967316,6.745640731655159,119.13765118510639,-0.24192355068777902,-4.100110375192753,-73.0858177856546,0.38654306964554974,49,,,,,,,,,,,,,,49,PET,HT,#6,#9,MeOH_1,1.1690141205010993,3.955492278318835,73.23670967615186,-0.5326096814074947,-1.564448292936272,-45.9261185570984,0.3729084941120264,49,,,,,,,,,,,,,,,,,,,,,,,,,,,,,,,,,,,,,,,,,,,,,,,,,,,,,,,,,,,,,,,,,,,,,,,,,,,,,,,,,,,,,,,,,,,,,,,,,,,,,,,,,,,,,,,,,,,,,,,,,,,,,,,,,,,,,,,,,,,,,,,,,,,,,,,,,,,,,,,,
103,PET,LT,#1,#11,GASOLINE_1,269.41598131008374,1.125122464697538,2.133321356207144,50000000,-0.6715759998854719,0.23415360331492335,50.459013891977555,PP,LT,#1,#1,DIESEL_1,1.1345840003760752,2.4781849336280666,83.77058738935553,0.09596455265914855,0.03534305859339088,-36.476679398719085,0.5645645979634845,,,PP,HT,#5,#7,MeOH_1,0.9795363197518901,3.5498858903755455,85.41094487500705,0.08576390587764891,-0.8224580495666954,-38.16702472916835,0.5531366057942209,50,,,,,,,,,,,,,,50,PET,HT,#6,#10,MeOH_1,1.2552358572564655,4.385647445274861,77.65765388768197,-0.6344047837654596,-2.0221958984691875,-50.93433528028751,0.34411699645272575,50,,,,,,,,,,,,,,,,,,,,,,,,,,,,,,,,,,,,,,,,,,,,,,,,,,,,,,,,,,,,,,,,,,,,,,,,,,,,,,,,,,,,,,,,,,,,,,,,,,,,,,,,,,,,,,,,,,,,,,,,,,,,,,,,,,,,,,,,,,,,,,,,,,,,,,,,,,,,,,,,
104,PET,LT,#2,#1,MeOH_1,120708.76447514544,1.858513592307457,4.0977800236873225,50000000,-1.061174602110784,-0.5941481095777184,88.11751336640002,PP,LT,#1,#3,DIESEL_1,1.1221338536751815,2.245133709672043,82.98885167199488,0.11452782085564522,0.2748045753942439,-35.43361074786201,0.5730316779426011,,,PP,HT,#5,#8,FT_1,1.095809092246811,4.322317911821189,91.59459254103905,-0.03168292119192699,-1.7189291978517005,-46.08831478610116,0.49682275440603935,51,,,,,,,,,,,,,,51,PET,HT,#6,#11,MeOH_1,1.2732588082065448,4.3957026252235085,78.00218505771397,-0.6290646234821595,-2.043909530360361,-51.255116556707485,0.34290152873558954,51,,,,,,,,,,,,,,,,,,,,,,,,,,,,,,,,,,,,,,,,,,,,,,,,,,,,,,,,,,,,,,,,,,,,,,,,,,,,,,,,,,,,,,,,,,,,,,,,,,,,,,,,,,,,,,,,,,,,,,,,,,,,,,,,,,,,,,,,,,,,,,,,,,,,,,,,,,,,,,,,
105,PET,LT,#2,#2,FT_1,22458.70670997119,1.673850762722421,3.92402530092101,50000000,-1.0407585754920186,-1.0049250274070174,73.58112888640004,PP,LT,#1,#6,DIESEL_1,1.037117706307129,1.7264329965188085,76.38903982617187,0.19317370538275924,0.7458485975284938,-29.384922002150915,0.6153254175072996,,,PP,HT,#5,#9,H2_1,1.0125992620055841,2.9162511159150593,83.40934847617994,0.0009826719013530294,-0.008625993754659295,-31.88917890898002,0.6176785996825411,52,,,,,,,,,,,,,,52,PET,HT,#7,#1,GASOLINE_1,1.2595726254567703,5.167015206348933,75.36925115099167,-0.5747580915472369,-2.7622431194237653,-46.53429176324399,0.382582537936869,52,,,,,,,,,,,,,,,,,,,,,,,,,,,,,,,,,,,,,,,,,,,,,,,,,,,,,,,,,,,,,,,,,,,,,,,,,,,,,,,,,,,,,,,,,,,,,,,,,,,,,,,,,,,,,,,,,,,,,,,,,,,,,,,,,,,,,,,,,,,,,,,,,,,,,,,,,,,,,,,,
106,PET,LT,#2,#3,GASOLINE_1,5326.013343070752,1.2953236195056081,2.482651115183899,50000000,-0.898834046931652,-0.011878418288493753,52.71759216878948,PP,LT,#1,#7,DIESEL_1,1.1272749624538412,2.378919711833517,83.41108232857187,0.10464063647287986,0.13376264872650176,-36.071434984982304,0.5675462543107861,,,PP,HT,#5,#10,MeOH_1,1.2952055846938868,6.443024506237302,119.22315287500702,-0.22430133887331993,-3.7648683624133787,-72.83293030061843,0.3891041417351534,53,,,,,,,,,,,,,,53,PET,HT,#7,#2,GASOLINE_1,1.616323790917545,5.709949817358808,95.34192603099167,-0.7171923984440541,-3.22606248414203,-57.57185971175965,0.3961538002384654,53,,,,,,,,,,,,,,,,,,,,,,,,,,,,,,,,,,,,,,,,,,,,,,,,,,,,,,,,,,,,,,,,,,,,,,,,,,,,,,,,,,,,,,,,,,,,,,,,,,,,,,,,,,,,,,,,,,,,,,,,,,,,,,,,,,,,,,,,,,,,,,,,,,,,,,,,,,,,,,,,
107,PET,LT,#2,#4,MeOH_1,29840.62189463567,1.742880542649923,4.899384539807463,50000000,-1.1072512474874383,-2.08121444600495,85.79361976640001,PP,LT,#1,#8,DIESEL_1,1.1772121524763244,2.4827185469436714,84.83238695460388,0.05402775755582809,0.005580437130401134,-37.988989650987584,0.5521876606947707,,,PP,HT,#6,#1,MeOH_1,1.0768504132493808,4.621416045984846,93.86059853496735,-0.013102087018049957,-1.9801032945520642,-46.93578015575274,0.4999416060801378,54,,,,,,,,,,,,,,54,PET,HT,#7,#3,GASOLINE_1,1.2473274455569714,4.380628977023334,75.76395506593776,-0.5327373648397461,-1.972119577026189,-45.65247702883933,0.3974380430759226,54,,,,,,,,,,,,,,,,,,,,,,,,,,,,,,,,,,,,,,,,,,,,,,,,,,,,,,,,,,,,,,,,,,,,,,,,,,,,,,,,,,,,,,,,,,,,,,,,,,,,,,,,,,,,,,,,,,,,,,,,,,,,,,,,,,,,,,,,,,,,,,,,,,,,,,,,,,,,,,,,
108,PET,LT,#2,#5,FT_1,15563.780992070579,1.7981760822821036,5.150971678971338,50000000,-1.1598574611320076,-2.256048710371214,87.16681895243202,PP,LT,#1,#9,DIESEL_1,1.1151582554080126,2.219000811099412,82.57312003749242,0.12076279719571247,0.29936244045042965,-35.02886781852422,0.5757836472375111,,,PP,HT,#6,#2,FT_1,1.1821319768822565,4.873567263000955,95.67439020099934,-0.11556023483303549,-2.413975847215009,-52.768869889220525,0.4484535539932886,55,,,,,,,,,,,,,,55,PET,HT,#7,#4,GASOLINE_1,1.3432122728755809,5.753750378954015,82.69137595099166,-0.6720085316195699,-3.3780434390910994,-54.12370164535614,0.3454734423885582,55,,,,,,,,,,,,,,,,,,,,,,,,,,,,,,,,,,,,,,,,,,,,,,,,,,,,,,,,,,,,,,,,,,,,,,,,,,,,,,,,,,,,,,,,,,,,,,,,,,,,,,,,,,,,,,,,,,,,,,,,,,,,,,,,,,,,,,,,,,,,,,,,,,,,,,,,,,,,,,,,
109,PET,LT,#2,#6,Olefin,0,1.1120955107580814,1.7457263681766044,50000000,-0.6738939453351477,0.7728568064103326,45.49643398754556,PP,LT,#2,#6,DIESEL_1,0.9809491476651571,2.1640783554870127,75.16423411865188,0.18491037733809793,0.25444494795767725,-28.056495941161455,0.626730768028949,,,PP,HT,#6,#3,MeOH_1,1.1071064726736473,4.490425430066857,91.38056887281599,-0.11781832806758544,-1.6624208522257582,-43.79638397180337,0.5207254177552841,56,,,,,,,,,,,,,,56,PET,HT,#7,#5,FT_1,1.6708708752055823,6.184629762260218,99.02756651099166,-0.7708205998532166,-3.710418584536017,-61.604524420233595,0.3779052985877854,56,,,,,,,,,,,,,,,,,,,,,,,,,,,,,,,,,,,,,,,,,,,,,,,,,,,,,,,,,,,,,,,,,,,,,,,,,,,,,,,,,,,,,,,,,,,,,,,,,,,,,,,,,,,,,,,,,,,,,,,,,,,,,,,,,,,,,,,,,,,,,,,,,,,,,,,,,,,,,,,,
110,PET,LT,#2,#7,GASOLINE_1,7197.708467925716,1.2081329150563347,2.454561323350809,50000000,-0.7869169221442803,0.05084861056995958,52.383630597465555,PP,LT,#8,#1,DIESEL_1,0.9741197426995498,1.7091872313234615,67.36463280113496,0.13425844426774775,0.6060221929147214,-23.08355944818614,0.6573341457032743,,,PP,HT,#6,#6,Olefin,0.8976210971459457,2.709366717529596,78.43083102291062,-0.09314006143871666,-0.3816316991034386,-35.20954232207528,0.5510752358114103,57,,,,,,,,,,,,,,57,PET,HT,#7,#6,GASOLINE_1,1.1396804578223445,3.9269874888715255,70.11384989931399,-0.44447439869944977,-1.5607494213463229,-40.63685900696603,0.4204160937486386,57,,,,,,,,,,,,,,,,,,,,,,,,,,,,,,,,,,,,,,,,,,,,,,,,,,,,,,,,,,,,,,,,,,,,,,,,,,,,,,,,,,,,,,,,,,,,,,,,,,,,,,,,,,,,,,,,,,,,,,,,,,,,,,,,,,,,,,,,,,,,,,,,,,,,,,,,,,,,,,,,
111,PET,LT,#2,#8,GASOLINE_1,1345.223957928387,1.2556877302682001,2.576835909888041,50000000,-0.823308174700361,-0.06783946369464129,54.463419098377564,PP,LT,#8,#2,DIESEL_1,1.0116602076154686,1.7758087153263324,68.71463504113495,0.1025730961102043,0.5082417083814171,-24.75547208211599,0.6397350860221187,,,PP,HT,#6,#7,MeOH_1,1.0739377570676547,4.336169087965307,93.98372102486799,-0.01055720083455995,-1.6793794573213245,-48.23276281525321,0.4867966251039275,58,,,,,,,,,,,,,,58,PET,HT,#7,#7,GASOLINE_1,1.2495169581324799,4.635998320884974,77.01778567883397,-0.5417311418582548,-2.2286568046196757,-47.925405106175624,0.37773587381457946,58,,,,,,,,,,,,,,,,,,,,,,,,,,,,,,,,,,,,,,,,,,,,,,,,,,,,,,,,,,,,,,,,,,,,,,,,,,,,,,,,,,,,,,,,,,,,,,,,,,,,,,,,,,,,,,,,,,,,,,,,,,,,,,,,,,,,,,,,,,,,,,,,,,,,,,,,,,,,,,,,
112,PET,LT,#2,#9,GASOLINE_1,16718.256028635886,1.1988309007176596,2.3626209559002502,50000000,-0.7727204945388693,0.19813278336351156,51.61129475908835,PP,LT,#8,#3,DIESEL_1,0.961669595998656,1.4761360073674388,66.58289708377431,0.15282171246424453,0.8454837097155736,-22.040490797329078,0.6689766927744549,,,PP,HT,#6,#8,FT_1,1.1902105295625751,5.108601109410951,100.16736869089998,-0.1280040279041357,-2.57585060560633,-56.154052872186014,0.43939774393527115,59,,,,,,,,,,,,,,59,PET,HT,#7,#8,GASOLINE_1,1.314746788729138,4.758272907422207,79.09757417974598,-0.5934768717690175,-2.3798559591436694,-50.24233099987659,0.3648056653962236,59,,,,,,,,,,,,,,,,,,,,,,,,,,,,,,,,,,,,,,,,,,,,,,,,,,,,,,,,,,,,,,,,,,,,,,,,,,,,,,,,,,,,,,,,,,,,,,,,,,,,,,,,,,,,,,,,,,,,,,,,,,,,,,,,,,,,,,,,,,,,,,,,,,,,,,,,,,,,,,,,
113,PET,LT,#2,#10,GASOLINE_1,885.0307605973237,1.2391245043933796,2.6520378723986213,50000000,-0.8235795584787298,-0.19141632102558465,54.85794711234555,PP,LT,#8,#4,DIESEL_1,1.0219087974673895,1.9064358238205716,70.34822384113495,0.08599366073354289,0.38523743583195535,-26.407342546284365,0.6246196264184412,,,PP,HT,#6,#9,MeOH_1,1.1070006993213481,3.702534313504821,91.98212462604087,-0.09533843481085541,-0.8655474015092889,-41.95491699506488,0.5438796704725486,60,,,,,,,,,,,,,,60,PET,HT,#7,#9,GASOLINE_1,1.2315158488116904,4.451828552627195,75.97189910218387,-0.515064791223812,-2.0402409772859156,-46.562383811506535,0.38711044002099887,60,,,,,,,,,,,,,,,,,,,,,,,,,,,,,,,,,,,,,,,,,,,,,,,,,,,,,,,,,,,,,,,,,,,,,,,,,,,,,,,,,,,,,,,,,,,,,,,,,,,,,,,,,,,,,,,,,,,,,,,,,,,,,,,,,,,,,,,,,,,,,,,,,,,,,,,,,,,,,,,,
114,PET,LT,#2,#11,GASOLINE_1,269.41598131008374,1.274045805239161,2.7260256018905795,50000000,-0.8435387097287365,-0.2254041089147532,55.49731797837755,PP,LT,#8,#5,DIESEL_1,1.0637155406663688,2.019653189840359,71.34701488113495,0.06461653545925372,0.27636290161682725,-26.595057664452714,0.627243582527448,,,PP,HT,#7,#1,MeOH_1,1.116869894736561,4.932831270041742,95.58236429496733,-0.0596091462527518,-2.314738964801023,-48.93870169715193,0.48799444271825065,61,,,,,,,,,,,,,,61,PET,HT,#7,#10,GASOLINE_1,1.317737585567057,4.8819837195832205,80.39284331371397,-0.6168598935817774,-2.4979885828188313,-51.57060053469562,0.3585175196073907,61,,,,,,,,,,,,,,,,,,,,,,,,,,,,,,,,,,,,,,,,,,,,,,,,,,,,,,,,,,,,,,,,,,,,,,,,,,,,,,,,,,,,,,,,,,,,,,,,,,,,,,,,,,,,,,,,,,,,,,,,,,,,,,,,,,,,,,,,,,,,,,,,,,,,,,,,,,,,,,,,
115,PET,LT,#3,#1,MeOH_1,148870.7652802845,1.9747295953862813,4.840802824902451,50000000,-1.149818836978044,-1.3205631250741006,95.61827250390499,PP,LT,#8,#6,DIESEL_1,0.8766534486306032,0.9574352942142041,59.9830852379513,0.2314675969913587,1.3165277318498236,-15.991802051617977,0.7333948064161934,,,PP,HT,#7,#2,FT_1,1.2221514583694366,5.184982487057851,97.39615596099934,-0.16206729406773718,-2.7486115174639667,-54.771791430619736,0.4376390845183646,62,,,,,,,,,,,,,,62,PET,HT,#7,#11,GASOLINE_1,1.3357605365171359,4.892038899531868,80.73737448374598,-0.6115197332984768,-2.519702214710005,-51.89138181111563,0.3572817775792005,62,,,,,,,,,,,,,,,,,,,,,,,,,,,,,,,,,,,,,,,,,,,,,,,,,,,,,,,,,,,,,,,,,,,,,,,,,,,,,,,,,,,,,,,,,,,,,,,,,,,,,,,,,,,,,,,,,,,,,,,,,,,,,,,,,,,,,,,,,,,,,,,,,,,,,,,,,,,,,,,,
116,PET,LT,#3,#2,FT_1,50620.707515110254,1.790066765801245,4.667048102136141,50000000,-1.1294028103592784,-1.7313400429034007,81.081888023905,PP,LT,#8,#7,DIESEL_1,0.9668107047773159,1.609922009528912,67.00512774035131,0.1429345280814792,0.704441783047832,-22.678315034449373,0.6615435892857464,,,PP,HT,#7,#3,H2_1,1.1471259541608276,4.801840654123754,93.10233463281597,-0.16432538730228743,-1.997056522474716,-45.799305513202555,0.5080756492967731,63,,,,,,,,,,,,,,63,PET,HT,#8,#2,BA_1,1.328405038697361,3.144191426993153,68.38231261588606,-0.35285848451620155,-0.955524919387483,-26.313610490272595,0.6151985874171852,63,,,,,,,,,,,,,,,,,,,,,,,,,,,,,,,,,,,,,,,,,,,,,,,,,,,,,,,,,,,,,,,,,,,,,,,,,,,,,,,,,,,,,,,,,,,,,,,,,,,,,,,,,,,,,,,,,,,,,,,,,,,,,,,,,,,,,,,,,,,,,,,,,,,,,,,,,,,,,,,,
117,PET,LT,#3,#3,GASOLINE_1,33488.01414820982,1.4115396225844326,3.2256739163990282,50000000,-0.9874782817989123,-0.7382934337848759,60.21835130629446,PP,LT,#8,#8,DIESEL_1,1.0167478947997988,1.713720844639067,68.42643236638331,0.09232164916442756,0.576259571451731,-24.59586970045462,0.6405501668016506,,,PP,HT,#7,#6,Olefin,0.937640578633126,3.0207819415864923,80.15259678291062,-0.13964712067341864,-0.7162673693523959,-37.21246386347446,0.5357297784841256,64,,,,,,,,,,,,,,64,PET,HT,#8,#5,BA_1,1.3829521229853983,3.618871371894561,72.06795309588608,-0.4064866859253635,-1.439881019781469,-30.34627519874652,0.5789213666389145,64,,,,,,,,,,,,,,,,,,,,,,,,,,,,,,,,,,,,,,,,,,,,,,,,,,,,,,,,,,,,,,,,,,,,,,,,,,,,,,,,,,,,,,,,,,,,,,,,,,,,,,,,,,,,,,,,,,,,,,,,,,,,,,,,,,,,,,,,,,,,,,,,,,,,,,,,,,,,,,,,
118,PET,LT,#3,#4,MeOH_1,58002.622699774736,1.8590965457287472,5.642407341022593,50000000,-1.1958954823546981,-2.8076294615013326,93.29437890390497,PP,LT,#8,#9,DIESEL_1,0.954693997731487,1.4500031087948066,66.16716544927185,0.15905668880431206,0.8700415747717606,-21.63574786799127,0.673013832146419,,,PP,HT,#7,#7,MeOH_1,1.1139572385548349,4.647584312022203,95.70548678486796,-0.05706426006926165,-2.014015127570282,-50.23568435665237,0.4751013129521518,65,,,,,,,,,,,,,,65,PET,LT,#1,#1,MeOH_1,1.4956949970531166,3.378073113628987,81.17088059344,-0.4528044805690473,-0.6122911863144163,-31.795334560969764,0.6082913684253,65,,,,,,,,,,,,,,,,,,,,,,,,,,,,,,,,,,,,,,,,,,,,,,,,,,,,,,,,,,,,,,,,,,,,,,,,,,,,,,,,,,,,,,,,,,,,,,,,,,,,,,,,,,,,,,,,,,,,,,,,,,,,,,,,,,,,,,,,,,,,,,,,,,,,,,,,,,,,,,,,
119,PET,LT,#3,#5,FT_1,43725.78179720964,1.9143920853609282,5.893994480186467,50000000,-1.2485016959992679,-2.982463725867597,94.66757808993698,PP,LT,#8,#10,DIESEL_1,1.015135690372372,1.875420491832225,70.67439622035131,0.09626851757561866,0.41961147853734404,-26.707459253083712,0.6221055901232722,,,PP,HT,#7,#8,FT_1,1.2302300110497555,5.4200163334678475,101.88913445089999,-0.17451108713883753,-2.910486275855287,-58.156974413585196,0.4292131862047484,66,,,,,,,,,,,,,,66,PET,LT,#1,#2,FT_1,1.2225179579642154,3.204318390862676,66.63449611344002,-0.4133755802773729,-0.872848779046154,-33.628372999253905,0.495330872735884,66,,,,,,,,,,,,,,,,,,,,,,,,,,,,,,,,,,,,,,,,,,,,,,,,,,,,,,,,,,,,,,,,,,,,,,,,,,,,,,,,,,,,,,,,,,,,,,,,,,,,,,,,,,,,,,,,,,,,,,,,,,,,,,,,,,,,,,,,,,,,,,,,,,,,,,,,,,,,,,,,
120,PET,LT,#3,#6,GASOLINE_1,28162.000805139065,1.2283115138369058,2.488749169391734,50000000,-0.7625381802024079,0.046441790913950204,52.997193125050536,PP,LT,#8,#11,DIESEL_1,1.0269549129794169,1.8822830908383434,70.2355370203513,0.0821045829235851,0.40374378832760455,-26.4345299793226,0.6236302717858769,,,PP,HT,#7,#9,H2_1,1.1470201808085287,4.013949537561718,93.70389038604088,-0.14184549404555724,-1.2001830717582473,-43.95783853646409,0.5308856616799283,67,,,,,,,,,,,,,,67,PET,LT,#1,#4,MeOH_1,1.2921353947341438,4.179677629749128,78.84698699344,-0.48487667629596143,-1.7435081418348748,-41.778790433175104,0.47012825694086363,67,,,,,,,,,,,,,,,,,,,,,,,,,,,,,,,,,,,,,,,,,,,,,,,,,,,,,,,,,,,,,,,,,,,,,,,,,,,,,,,,,,,,,,,,,,,,,,,,,,,,,,,,,,,,,,,,,,,,,,,,,,,,,,,,,,,,,,,,,,,,,,,,,,,,,,,,,,,,,,,,
121,PET,LT,#3,#7,MeOH_1,35359.709273064786,1.324348918135159,3.197584124565938,50000000,-0.8755611570115406,-0.6755664049264228,59.88438973497053,PP,LT,#9,#1,DIESEL_1,0.9899582668984318,2.1234514809396656,67.58932420545496,0.041914103876517714,0.19745568457133203,-22.84778772941144,0.6619615893782312,,,PP,HT,#8,#1,MeOH_1,0.9768274337827791,2.691608655204079,71.2303394701914,0.00437577596847305,-0.15527701903078286,-26.602032842039346,0.6265350826641531,68,,,,,,,,,,,,,,68,PET,LT,#1,#5,FT_1,1.3384363471015626,4.431264768913002,80.22018617947201,-0.5295134570775716,-2.120844957442362,-47.70194422057705,0.40536233468897415,68,,,,,,,,,,,,,,,,,,,,,,,,,,,,,,,,,,,,,,,,,,,,,,,,,,,,,,,,,,,,,,,,,,,,,,,,,,,,,,,,,,,,,,,,,,,,,,,,,,,,,,,,,,,,,,,,,,,,,,,,,,,,,,,,,,,,,,,,,,,,,,,,,,,,,,,,,,,,,,,,
122,PET,LT,#3,#8,GASOLINE_1,29507.224763067454,1.3719037333470243,3.31985871110317,50000000,-0.911952409567621,-0.7942544791910231,61.96417823588254,PP,LT,#9,#2,DIESEL_1,1.0274987318143507,2.1900729649425363,68.93932644545497,0.010228755718974157,0.09967520003802777,-24.51970036334129,0.6443292728898162,,,PP,HT,#8,#2,FT_1,1.0821089974156548,2.943759872220187,73.0441311362234,-0.09808237184651233,-0.5891495716937265,-32.43512257550714,0.5559516956260679,69,,,,,,,,,,,,,,69,PET,LT,#2,#1,MeOH_1,1.5983715433150056,3.787145647346854,86.05377563760003,-0.6182368601218544,-1.026813203892464,-36.39036334007329,0.5771206658807772,69,,,,,,,,,,,,,,,,,,,,,,,,,,,,,,,,,,,,,,,,,,,,,,,,,,,,,,,,,,,,,,,,,,,,,,,,,,,,,,,,,,,,,,,,,,,,,,,,,,,,,,,,,,,,,,,,,,,,,,,,,,,,,,,,,,,,,,,,,,,,,,,,,,,,,,,,,,,,,,,,
123,PET,LT,#3,#9,GASOLINE_1,44880.256833774954,1.3150469037964838,3.1056437571153794,50000000,-0.8613647294061291,-0.5282822321328705,59.11205389659332,PP,LT,#9,#3,DIESEL_1,0.9775081201975383,1.8904002569836422,66.80758848809432,0.06047737207301438,0.43691720137218476,-21.804719078554374,0.6736191266290033,,,PP,HT,#8,#8,FT_1,1.0901875500959737,3.178793718630183,77.53710962612405,-0.11052616491761241,-0.7510243300850478,-35.82030555847262,0.5380237188206467,70,,,,,,,,,,,,,,70,PET,LT,#2,#2,FT_1,1.3251945042261044,3.6133909245805422,71.51739115760002,-0.5788079598301801,-1.287370796624201,-38.22340177835742,0.4655369671675238,70,,,,,,,,,,,,,,,,,,,,,,,,,,,,,,,,,,,,,,,,,,,,,,,,,,,,,,,,,,,,,,,,,,,,,,,,,,,,,,,,,,,,,,,,,,,,,,,,,,,,,,,,,,,,,,,,,,,,,,,,,,,,,,,,,,,,,,,,,,,,,,,,,,,,,,,,,,,,,,,,
124,PET,LT,#3,#10,MeOH_1,29047.03156573639,1.355340507472204,3.395060673613751,50000000,-0.9122237933459896,-0.917831336521967,62.35870624985053,PP,LT,#9,#6,DIESEL_1,0.8924919728294857,1.3716995438304083,60.20777664227132,0.1391232566001284,0.9079612235064343,-15.75603033284329,0.7383057270747792,,,PP,HT,#8,#10,MeOH_1,1.2895840425430494,5.299500313046295,105.16566996009207,-0.3031445825990052,-2.7969634946467243,-62.56492107298994,0.4050822754542249,71,,,,,,,,,,,,,,71,PET,LT,#2,#4,MeOH_1,1.3948119409960327,4.588750163466995,83.7298820376,-0.6503090558487682,-2.1580301594129216,-46.37381921227863,0.44614971281753557,71,,,,,,,,,,,,,,,,,,,,,,,,,,,,,,,,,,,,,,,,,,,,,,,,,,,,,,,,,,,,,,,,,,,,,,,,,,,,,,,,,,,,,,,,,,,,,,,,,,,,,,,,,,,,,,,,,,,,,,,,,,,,,,,,,,,,,,,,,,,,,,,,,,,,,,,,,,,,,,,,
125,PET,LT,#3,#11,GASOLINE_1,28431.41678644915,1.3902618083179852,3.4690484031057096,50000000,-0.932182944595996,-0.9518191244111359,62.99807711588253,PP,LT,#9,#7,DIESEL_1,0.982649228976198,2.0241862591451163,67.22981914467131,0.05059018769024917,0.295875274704442,-22.442543315674662,0.6661817092296392,,,PP,HT,#9,#1,MeOH_1,1.0616538838434169,3.1042224552804583,74.3177160818714,-0.11448241489265258,-0.5767985655878344,-29.45198042164526,0.6037017554576116,72,,,,,,,,,,,,,,,PET,LT,#2,#5,FT_1,1.4411128933634516,4.8403373026308705,85.103081223632,-0.6949458366303786,-2.53536697502041,-52.296972999680584,0.38548672682889423,72,,,,,,,,,,,,,,,,,,,,,,,,,,,,,,,,,,,,,,,,,,,,,,,,,,,,,,,,,,,,,,,,,,,,,,,,,,,,,,,,,,,,,,,,,,,,,,,,,,,,,,,,,,,,,,,,,,,,,,,,,,,,,,,,,,,,,,,,,,,,,,,,,,,,,,,,,,,,,,,,
126,PET,LT,#4,#1,MeOH_1,135369.50345118355,2.0638309571678635,5.073877314457658,50000000,-1.2175715214574305,-1.555765932045365,97.93896420481698,PP,LT,#9,#8,DIESEL_1,1.0325864189986813,2.1279850942552705,68.65112377070331,-2.269122680289115e-05,0.167693063108342,-24.360097981679925,0.6451609727024522,,,PP,HT,#9,#2,FT_1,1.1669354474762925,3.356373672296567,76.13150774790343,-0.21694056270763823,-1.0106711182507786,-35.28507015511307,0.5365247425290249,73,,,,,,,,,,,,,,,PET,LT,#2,#8,GASOLINE_1,0.9283120273517319,2.266201533547574,52.39968136957754,-0.39931449027583765,-0.07322312254934431,-29.57770503626718,0.4355365478722253,73,,,,,,,,,,,,,,,,,,,,,,,,,,,,,,,,,,,,,,,,,,,,,,,,,,,,,,,,,,,,,,,,,,,,,,,,,,,,,,,,,,,,,,,,,,,,,,,,,,,,,,,,,,,,,,,,,,,,,,,,,,,,,,,,,,,,,,,,,,,,,,,,,,,,,,,,,,,,,,,,
127,PET,LT,#4,#2,FT_1,37119.44568600932,1.8791681275828267,4.900122591691345,50000000,-1.197155494838665,-1.9665428498746647,83.402579724817,PP,LT,#9,#9,DIESEL_1,0.9705325219303693,1.8642673584110108,66.39185685359185,0.06671234841308149,0.4614750664283708,-21.399976149216574,0.6776716729521804,,,PP,HT,#9,#3,H2_1,1.0919099432676833,2.9732318393624713,71.83768641972004,-0.21919865594218804,-0.2591161232615292,-26.312584237695866,0.6337217197675112,74,,,,,,,,,,,,,,,PET,LT,#2,#10,GASOLINE_1,0.8807849401892515,2.3414034960581542,52.79420938354555,-0.37064720911295623,-0.14185933129681022,-30.084451753983792,0.4301562215768258,74,,,,,,,,,,,,,,,,,,,,,,,,,,,,,,,,,,,,,,,,,,,,,,,,,,,,,,,,,,,,,,,,,,,,,,,,,,,,,,,,,,,,,,,,,,,,,,,,,,,,,,,,,,,,,,,,,,,,,,,,,,,,,,,,,,,,,,,,,,,,,,,,,,,,,,,,,,,,,,,,
128,PET,LT,#4,#3,GASOLINE_1,19986.75231910888,1.5006409843660147,3.458748405954234,50000000,-1.0552309662782988,-0.9734962407561404,62.53904300720645,PP,LT,#9,#10,DIESEL_1,1.0309742145712542,2.289684741448429,70.89908762467132,0.003924177184388782,0.011044970193954408,-26.47168753430901,0.6266286574173425,,,PP,HT,#9,#7,MeOH_1,1.0587412276616905,2.818975497260919,74.44083857177202,-0.11193752870916242,-0.27607472835709485,-30.748963081145707,0.5869342195614959,75,,,,,,,,,,,,,,,PET,LT,#2,#11,GASOLINE_1,0.9084758305779107,2.4153912255501124,53.43358024957755,-0.3822004749513999,-0.22663647105155915,-30.670333000337777,0.42601014461163195,75,,,,,,,,,,,,,,,,,,,,,,,,,,,,,,,,,,,,,,,,,,,,,,,,,,,,,,,,,,,,,,,,,,,,,,,,,,,,,,,,,,,,,,,,,,,,,,,,,,,,,,,,,,,,,,,,,,,,,,,,,,,,,,,,,,,,,,,,,,,,,,,,,,,,,,,,,,,,,,,,
129,PET,LT,#4,#4,MeOH_1,44501.3608706738,1.9481979075103288,5.875481830577798,50000000,-1.2636481668340847,-3.0428322684725964,95.61507060481696,PP,HT,#6,-,Olefin,0.7014138936992115,1.4887138773965534,64.00055207228964,0.15810840708641366,0.821095790523029,-18.62617938483567,0.7089684575877235,,,PP,HT,#9,#8,FT_1,1.1750140001566114,3.5914075187065637,80.62448623780405,-0.22938435577873859,-1.1725458766421004,-38.67025313807854,0.520365896980483,76,,,,,,,,,,,,,,,PET,LT,#3,#1,MeOH_1,1.6953351002845198,4.562315810897811,93.76835768150498,-0.6911649505397585,-1.6938279772621982,-42.95070215854508,0.5419488703808583,76,,,,,,,,,,,,,,,,,,,,,,,,,,,,,,,,,,,,,,,,,,,,,,,,,,,,,,,,,,,,,,,,,,,,,,,,,,,,,,,,,,,,,,,,,,,,,,,,,,,,,,,,,,,,,,,,,,,,,,,,,,,,,,,,,,,,,,,,,,,,,,,,,,,,,,,,,,,,,,,,
130,PET,LT,#4,#5,FT_1,30224.519968108707,2.00349344714251,6.127068969741675,50000000,-1.3162543804786544,-3.217666532838863,96.98826979084897,PP,LT,#6,-,DIESEL_1,0.9724763224568133,2.1740490975176976,75.43159242937188,0.19905941753769837,0.2463960207645911,-27.69083442185991,0.6329013675829872,,,PP,LT,#1,#2,DIESEL_1,1.172124465291994,2.5448064176309373,85.12058962935552,0.06427920450160485,-0.062437425939913395,-38.14859203264894,0.5518288559940538,77,,,,,,,,,,,,,,,PET,LT,#3,#2,FT_1,1.4221580611956188,4.3885610881315,79.231973201505,-0.6517360502480841,-1.9543855699939363,-44.78374059682924,0.43477691155142684,77,,,,,,,,,,,,,,,,,,,,,,,,,,,,,,,,,,,,,,,,,,,,,,,,,,,,,,,,,,,,,,,,,,,,,,,,,,,,,,,,,,,,,,,,,,,,,,,,,,,,,,,,,,,,,,,,,,,,,,,,,,,,,,,,,,,,,,,,,,,,,,,,,,,,,,,,,,,,,,,,
131,PET,LT,#4,#6,GASOLINE_1,14660.73897603813,1.3174128756184873,2.72182365894694,50000000,-0.830290864681794,-0.18876101605731427,55.31788482596254,PP,OG,#1,-,MeOH_1,0.6319872351278383,2.2283474767511042,57.7485152,-0.08922688458818222,0.044118532792051135,-31.2642130105518,0.4586144266692453,,,PP,LT,#1,#4,DIESEL_1,1.1823730551439149,2.6754335261251767,86.7541784293555,0.04769976912494372,-0.1854416984893748,-39.800462496817296,0.5412271406704973,78,,,,,,,,,,,,,,,PET,LT,#3,#3,GASOLINE_1,1.0088011375061632,2.947186902394389,58.368436483894435,-0.48851391087017243,-0.6445491824301046,-35.06280415652442,0.3992848486493334,78,,,,,,,,,,,,,,,,,,,,,,,,,,,,,,,,,,,,,,,,,,,,,,,,,,,,,,,,,,,,,,,,,,,,,,,,,,,,,,,,,,,,,,,,,,,,,,,,,,,,,,,,,,,,,,,,,,,,,,,,,,,,,,,,,,,,,,,,,,,,,,,,,,,,,,,,,,,,,,,,
132,PET,LT,#4,#7,GASOLINE_1,21858.447443963843,1.4134502799167403,3.4306586141211444,50000000,-0.9433138414909266,-0.9107692118976879,62.20508143588254,PP,OG,#3,-,H2_1,0.6565403320227062,2.242929154991412,55.734171419216345,-0.133928424295389,0.2767443987515989,-24.770703536463447,0.5555562609849285,,,PP,LT,#1,#5,DIESEL_1,1.2241797983428944,2.7886508921449638,87.75296946935552,0.026322643850654262,-0.29431623270450324,-39.988177614985695,0.5443096928024745,79,,,,,,,,,,,,,,,PET,LT,#3,#4,MeOH_1,1.4917754979655475,5.363920327017952,91.44446408150498,-0.7232371462666726,-2.825044932782656,-52.93415803075044,0.42113326856429584,79,,,,,,,,,,,,,,,,,,,,,,,,,,,,,,,,,,,,,,,,,,,,,,,,,,,,,,,,,,,,,,,,,,,,,,,,,,,,,,,,,,,,,,,,,,,,,,,,,,,,,,,,,,,,,,,,,,,,,,,,,,,,,,,,,,,,,,,,,,,,,,,,,,,,,,,,,,,,,,,,
133,PET,LT,#4,#8,GASOLINE_1,16005.962933966517,1.4610050951286062,3.552933200658376,50000000,-0.9797050940470076,-1.0294572861622882,64.28486993679454,PP,OG,#6,-,MeOH_1,0.6584634430034353,2.1154372125163654,66.13528103252321,-0.06629972315991509,0.18679021868795426,-40.19137827825222,0.39228536341310183,,,PP,LT,#1,#10,DIESEL_1,1.1755999480488974,2.644418194136829,87.08035080857188,0.05797462596701948,-0.15106765578398584,-40.10057920361664,0.5394991082228244,80,,,,,,,,,,,,,,,PET,LT,#3,#5,FT_1,1.5380764503329662,5.6155074661818265,92.81766326753696,-0.7678739270482825,-3.202381748390144,-58.85731181815237,0.3658824220934923,80,,,,,,,,,,,,,,,,,,,,,,,,,,,,,,,,,,,,,,,,,,,,,,,,,,,,,,,,,,,,,,,,,,,,,,,,,,,,,,,,,,,,,,,,,,,,,,,,,,,,,,,,,,,,,,,,,,,,,,,,,,,,,,,,,,,,,,,,,,,,,,,,,,,,,,,,,,,,,,,,
134,PET,LT,#4,#9,GASOLINE_1,31378.995004674016,1.4041482655780657,3.3387182466705854,50000000,-0.9291174138855155,-0.763485039104135,61.432745597505324,PVC,HT,#1,#3,DIESEL_1,0.651015173487879,0.8484791268562218,25.933220992302438,-0.2312786336223698,0.4588377126646195,-9.68800077787287,0.6264250869281341,,,PP,LT,#1,#11,DIESEL_1,1.1874191706559425,2.651280793142948,86.64149160857187,0.043810691314985634,-0.16693534599372567,-39.82764992985554,0.5403166636397659,81,,,,,,,,,,,,,,,PET,LT,#3,#7,MeOH_1,0.9600457537245876,2.9190971105612977,58.03447491257052,-0.4148773412876884,-0.5910661608605051,-33.92496183750636,0.4154343278092096,81,,,,,,,,,,,,,,,,,,,,,,,,,,,,,,,,,,,,,,,,,,,,,,,,,,,,,,,,,,,,,,,,,,,,,,,,,,,,,,,,,,,,,,,,,,,,,,,,,,,,,,,,,,,,,,,,,,,,,,,,,,,,,,,,,,,,,,,,,,,,,,,,,,,,,,,,,,,,,,,,
135,PET,LT,#4,#10,GASOLINE_1,15545.769736635453,1.4444418692537853,3.6281351631689573,50000000,-0.9799764778253757,-1.153034143493232,64.67939795076255,PVC,HT,#1,#6,DIESEL_1,0.5540087856387189,0.6081926394157826,24.354648660434236,-0.13910433325603613,0.6839115985986478,-8.246586805875173,0.6613957802942029,,,PP,LT,#2,#1,DIESEL_1,1.0784154417341032,2.9158302925962705,82.54578168183552,0.0877012246144875,-0.4560605909774253,-35.148253337729614,0.5741968563190176,82,,,,,,,,,,,,,,,PET,LT,#3,#8,GASOLINE_1,1.025275584321246,3.041371697098531,60.11426341348253,-0.47224258069374137,-0.7402378959190797,-36.13804385473901,0.39884410449860214,82,,,,,,,,,,,,,,,,,,,,,,,,,,,,,,,,,,,,,,,,,,,,,,,,,,,,,,,,,,,,,,,,,,,,,,,,,,,,,,,,,,,,,,,,,,,,,,,,,,,,,,,,,,,,,,,,,,,,,,,,,,,,,,,,,,,,,,,,,,,,,,,,,,,,,,,,,,,,,,,,
136,PET,LT,#4,#11,GASOLINE_1,14930.154957348213,1.479363170099567,3.7021228926609147,50000000,-0.9999356290753828,-1.1870219313823998,65.31876881679453,PVC,HT,#1,#7,DIESEL_1,0.6256553312297521,0.8938685809347028,27.845214034021808,-0.20448502064933174,0.4095198660502891,-12.049716121682808,0.5672607828777959,,,PP,LT,#2,#2,DIESEL_1,1.115955906650022,2.9824517765991407,83.89578392183552,0.05601587645694395,-0.5538410755107287,-36.82016597165946,0.5611201868503396,83,,,,,,,,,,,,,,,PET,LT,#3,#9,GASOLINE_1,0.9432066796443594,2.82715674311074,57.26213907419333,-0.3843005151666986,-0.47952850196227786,-32.63602023351779,0.43005935926997063,83,,,,,,,,,,,,,,,,,,,,,,,,,,,,,,,,,,,,,,,,,,,,,,,,,,,,,,,,,,,,,,,,,,,,,,,,,,,,,,,,,,,,,,,,,,,,,,,,,,,,,,,,,,,,,,,,,,,,,,,,,,,,,,,,,,,,,,,,,,,,,,,,,,,,,,,,,,,,,,,,
137,PET,LT,#5,#1,MeOH_1,166857.03685660425,1.9691217373739989,4.580481228847689,50000000,-1.1397220200506282,-0.9561250507838285,94.54626302729075,PVC,HT,#1,#8,DIESEL_1,0.6827959637628997,1.0476880630552945,29.42017530005381,-0.2624021205145749,0.24675990353396504,-13.6998414830155,0.5343385502196364,,,PP,LT,#2,#3,DIESEL_1,1.0659652950332097,2.6827790686402473,81.76404596447487,0.10626449281098403,-0.21659907417657226,-34.10518468687253,0.5828828639217454,84,,,,,,,,,,,,,,,PET,LT,#3,#10,MeOH_1,0.9777484971587657,3.1165736596091116,60.50879142745053,-0.4435752995308603,-0.8088741046665454,-36.644790572455605,0.3943889853362489,84,,,,,,,,,,,,,,,,,,,,,,,,,,,,,,,,,,,,,,,,,,,,,,,,,,,,,,,,,,,,,,,,,,,,,,,,,,,,,,,,,,,,,,,,,,,,,,,,,,,,,,,,,,,,,,,,,,,,,,,,,,,,,,,,,,,,,,,,,,,,,,,,,,,,,,,,,,,,,,,,
138,PET,LT,#5,#2,FT_1,68606.97909143001,1.7844589077889623,4.406726506081377,50000000,-1.1193059934318628,-1.3669019686131274,80.00987854729077,PVC,HT,#1,#9,DIESEL_1,0.6384251351064109,0.8987498530064437,29.021007704108133,-0.2156676393004676,0.4105009879939896,-13.035486301166785,0.5508258557361702,,,PP,LT,#2,#4,DIESEL_1,1.1262044965019427,3.1130788850933806,85.52937272183553,0.03943644108028294,-0.6768453480601913,-38.47203643582784,0.5501891898476886,85,,,,,,,,,,,,,,,PET,LT,#3,#11,GASOLINE_1,1.0054393875474252,3.19056138910107,61.148162293482535,-0.4551285653693041,-0.8936512444212937,-37.2306718188096,0.3911399717931046,85,,,,,,,,,,,,,,,,,,,,,,,,,,,,,,,,,,,,,,,,,,,,,,,,,,,,,,,,,,,,,,,,,,,,,,,,,,,,,,,,,,,,,,,,,,,,,,,,,,,,,,,,,,,,,,,,,,,,,,,,,,,,,,,,,,,,,,,,,,,,,,,,,,,,,,,,,,,,,,,,
139,PET,LT,#5,#3,GASOLINE_1,51474.28572452957,1.4059317645721499,2.9653523203442655,50000000,-0.9773814648714962,-0.37385535949460386,59.146341829680225,PVC,HT,#1,#10,DIESEL_1,0.6945384761579039,1.1354544655000172,30.84628725002181,-0.2725872127730458,0.16084887774289833,-15.173882521418333,0.5080807489592576,,,PP,LT,#2,#5,DIESEL_1,1.1680112397009221,3.2262962511131663,86.5281637618355,0.01805931580599335,-0.7857198822753176,-38.659751553996195,0.5532119269235246,86,,,,,,,,,,,,,,,PET,LT,#4,#1,MeOH_1,1.764696822971897,4.795390300453018,96.08904938241696,-0.7473120872842286,-1.9855566296644938,-45.97810878009269,0.5215052175497317,86,,,,,,,,,,,,,,,,,,,,,,,,,,,,,,,,,,,,,,,,,,,,,,,,,,,,,,,,,,,,,,,,,,,,,,,,,,,,,,,,,,,,,,,,,,,,,,,,,,,,,,,,,,,,,,,,,,,,,,,,,,,,,,,,,,,,,,,,,,,,,,,,,,,,,,,,,,,,,,,,
140,PET,LT,#5,#4,MeOH_1,75988.89427609449,1.8534886877164645,5.3820857449678305,50000000,-1.185798665427282,-2.4431913872110607,92.22236942729074,PVC,HT,#2,#6,Olefin,0.6262021930242543,0.8409089027808587,26.688658113554233,-0.24882637505977626,0.43813915393683023,-10.391437639151297,0.6106421838468585,,,PP,LT,#2,#7,DIESEL_1,1.0711064038118694,2.816565070801721,82.18627662105187,0.09637730842821866,-0.3576410008443147,-34.74300892399284,0.5772650818069367,87,,,,,,,,,,,,,,,PET,LT,#4,#2,FT_1,1.4915197838829954,4.621635577686706,81.552664902417,-0.7078831869925543,-2.246114222396231,-47.81114721837687,0.4137389958306578,87,,,,,,,,,,,,,,,,,,,,,,,,,,,,,,,,,,,,,,,,,,,,,,,,,,,,,,,,,,,,,,,,,,,,,,,,,,,,,,,,,,,,,,,,,,,,,,,,,,,,,,,,,,,,,,,,,,,,,,,,,,,,,,,,,,,,,,,,,,,,,,,,,,,,,,,,,,,,,,,,
141,PET,LT,#5,#5,FT_1,61712.0533735294,1.9087842273486453,5.633672884131704,50000000,-1.2384048790718518,-2.6180256515773235,93.59556861332275,PVC,HT,#3,#6,MeOH_1,0.681973619079617,1.2938978569110302,31.1474491987965,-0.2757182909085667,0.05786552604636714,-14.301122561537817,0.540857343718201,,,PP,LT,#2,#8,DIESEL_1,1.1210435938343526,2.920363905911875,83.60758124708387,0.045764429511166896,-0.48582321244041443,-36.660563589998105,0.5615162758786689,88,,,,,,,,,,,,,,,PET,LT,#4,#3,GASOLINE_1,1.0781628601935402,3.180261391949594,60.68912818480645,-0.5446610476146424,-0.9362778348323983,-38.090210778072056,0.37237175887446744,88,,,,,,,,,,,,,,,,,,,,,,,,,,,,,,,,,,,,,,,,,,,,,,,,,,,,,,,,,,,,,,,,,,,,,,,,,,,,,,,,,,,,,,,,,,,,,,,,,,,,,,,,,,,,,,,,,,,,,,,,,,,,,,,,,,,,,,,,,,,,,,,,,,,,,,,,,,,,,,,,
142,PET,LT,#5,#6,GASOLINE_1,46148.27238145882,1.2227036558246231,2.2284275733369707,50000000,-0.752441363274992,0.4108798652042228,51.925183648436295,PVC,HT,#5,#6,DIESEL_1,0.6808468132306151,1.1599689951995087,30.67136130786079,-0.27185825163036414,0.2244173995224032,-12.892274837556071,0.5796640811553447,,,PP,LT,#2,#9,DIESEL_1,1.0589896967660408,2.6566461700676154,81.34831432997242,0.11249946915105113,-0.19204120912038594,-33.700441757534755,0.5857266123445907,89,,,,,,,,,,,,,,,PET,LT,#4,#4,MeOH_1,1.5611372206529242,5.596994816573157,93.76515578241697,-0.7793842830111426,-3.11677358518495,-55.96156465229806,0.4031731277431303,89,,,,,,,,,,,,,,,,,,,,,,,,,,,,,,,,,,,,,,,,,,,,,,,,,,,,,,,,,,,,,,,,,,,,,,,,,,,,,,,,,,,,,,,,,,,,,,,,,,,,,,,,,,,,,,,,,,,,,,,,,,,,,,,,,,,,,,,,,,,,,,,,,,,,,,,,,,,,,,,,
143,PET,LT,#5,#7,GASOLINE_1,53345.980849384534,1.3187410601228766,2.9372625285111753,50000000,-0.8654643400841248,-0.31112833063615086,58.81238025835629,PVC,LT,#1,#3,GASOLINE_1,0.7061060459975769,0.9878197143876399,28.37585995753366,-0.25679455188648304,0.3467647174474132,-10.647653133391765,0.6247636847191,,,PP,LT,#2,#10,DIESEL_1,1.1194313894069257,3.082063553105033,85.85554510105187,0.04971129792235814,-0.6424713053548015,-38.77215314262716,0.5484024579077288,90,,,,,,,,,,,,,,,PET,LT,#4,#5,FT_1,1.6074381730203426,5.848581955737033,95.13835496844897,-0.8240210637927523,-3.494110400792439,-61.8847184397,0.34952923602449276,90,,,,,,,,,,,,,,,,,,,,,,,,,,,,,,,,,,,,,,,,,,,,,,,,,,,,,,,,,,,,,,,,,,,,,,,,,,,,,,,,,,,,,,,,,,,,,,,,,,,,,,,,,,,,,,,,,,,,,,,,,,,,,,,,,,,,,,,,,,,,,,,,,,,,,,,,,,,,,,,,
144,PET,LT,#5,#8,GASOLINE_1,47493.4963393872,1.3662958753347418,3.059537115048408,50000000,-0.9018555926402053,-0.429816404900752,60.8921687592683,PVC,LT,#1,#6,GASOLINE_1,0.6259094852233714,0.6855751978700502,26.1673509668672,-0.1825655980898046,0.6110633483404182,-8.326841709273495,0.6817850717935933,,,PP,LT,#2,#11,DIESEL_1,1.1312506120139705,3.088926152111152,85.41668590105188,0.03554736327032458,-0.6583389955645416,-38.49922386886606,0.5492774805912721,91,,,,,,,,,,,,,,,PET,LT,#4,#6,GASOLINE_1,0.9181448610637424,2.4433366449422995,53.467970003562534,-0.3484933716299422,-0.20944697747011812,-29.38984830210208,0.450327957090126,91,,,,,,,,,,,,,,,,,,,,,,,,,,,,,,,,,,,,,,,,,,,,,,,,,,,,,,,,,,,,,,,,,,,,,,,,,,,,,,,,,,,,,,,,,,,,,,,,,,,,,,,,,,,,,,,,,,,,,,,,,,,,,,,,,,,,,,,,,,,,,,,,,,,,,,,,,,,,,,,,
145,PET,LT,#5,#9,GASOLINE_1,62866.5284100947,1.3094390457842013,2.8453221610606168,50000000,-0.8512679124787133,-0.16384415784259884,58.040044419979075,PVC,LT,#1,#7,GASOLINE_1,0.6939273770559095,1.0823067086990912,30.330754103564473,-0.247539105893173,0.24408642405816705,-13.10048223822544,0.5680792441396677,,,PP,LT,#3,#1,DIESEL_1,1.1731405659052454,3.764930769240157,90.93470181023186,0.0657554180288814,-1.1588376934110787,-41.85841618541046,0.539687101270061,92,,,,,,,,,,,,,,,PET,LT,#4,#7,GASOLINE_1,1.0294074764119645,3.1521716001165037,60.355166613482524,-0.47102447803215863,-0.8827948132628,-36.95236845905397,0.3877513635957835,92,,,,,,,,,,,,,,,,,,,,,,,,,,,,,,,,,,,,,,,,,,,,,,,,,,,,,,,,,,,,,,,,,,,,,,,,,,,,,,,,,,,,,,,,,,,,,,,,,,,,,,,,,,,,,,,,,,,,,,,,,,,,,,,,,,,,,,,,,,,,,,,,,,,,,,,,,,,,,,,,
146,PET,LT,#5,#10,GASOLINE_1,47033.303142056146,1.3497326494599213,3.1347390775589883,50000000,-0.902126976418574,-0.553393262231695,61.2866967732363,PVC,LT,#1,#8,GASOLINE_1,0.7298287562861875,1.1584784030754984,31.45561040959647,-0.283638301379232,0.14425017362056256,-14.618131236926498,0.5352774577705603,,,PP,LT,#3,#2,DIESEL_1,1.2106810308211644,3.8315522532430273,92.28470405023185,0.03407006987133769,-1.2566181779443828,-43.530328819340305,0.5283039668670754,93,,,,,,,,,,,,,,,PET,LT,#4,#8,GASOLINE_1,1.094637307008623,3.2744461866537367,62.43495511439454,-0.5283897174382116,-1.0319665483213734,-39.16545047628664,0.372699949819345,93,,,,,,,,,,,,,,,,,,,,,,,,,,,,,,,,,,,,,,,,,,,,,,,,,,,,,,,,,,,,,,,,,,,,,,,,,,,,,,,,,,,,,,,,,,,,,,,,,,,,,,,,,,,,,,,,,,,,,,,,,,,,,,,,,,,,,,,,,,,,,,,,,,,,,,,,,,,,,,,,
147,PET,LT,#5,#11,GASOLINE_1,46417.6883627689,1.3846539503057025,3.2087268070509465,50000000,-0.9220861276685802,-0.5873810501208636,61.926067639268304,PVC,LT,#1,#9,GASOLINE_1,0.6935508370142113,1.0535493753205794,31.994025448688777,-0.24310076384434637,0.2795104180759317,-14.498305899558849,0.5468433341465309,,,PP,LT,#3,#3,DIESEL_1,1.1606904192043521,3.5318795452841334,90.15296609287122,0.08431868622537776,-0.9193761766102257,-40.815347534553396,0.5472656163912855,94,,,,,,,,,,,,,,,PET,LT,#4,#9,GASOLINE_1,1.0125684023317363,3.060231232665946,59.58283077510532,-0.4404476519111685,-0.7712571543645722,-35.66342685506541,0.4014479273454364,94,,,,,,,,,,,,,,,,,,,,,,,,,,,,,,,,,,,,,,,,,,,,,,,,,,,,,,,,,,,,,,,,,,,,,,,,,,,,,,,,,,,,,,,,,,,,,,,,,,,,,,,,,,,,,,,,,,,,,,,,,,,,,,,,,,,,,,,,,,,,,,,,,,,,,,,,,,,,,,,,
148,PET,LT,#6,#1,MeOH_1,130750.24131136957,2.0739145570683153,5.437894747305535,50000000,-1.2425725718356155,-2.0250708704730016,103.90126965878498,PVC,LT,#1,#10,GASOLINE_1,0.7335598251838252,1.2474301386783677,32.885880343564466,-0.28548619395422453,0.06088422611799389,-15.90429890594722,0.5163791043514036,,,PP,LT,#3,#4,DIESEL_1,1.2209296206730855,3.9621793617372676,93.91829285023185,0.01749063449467627,-1.379622450493845,-45.18219928350868,0.51892013885347,95,,,,,,,,,,,,,,,PET,LT,#4,#10,GASOLINE_1,1.0471102198461428,3.349648149164317,62.82948312836253,-0.4997224362753306,-1.1006027570688397,-39.67219719400322,0.3685735546645876,95,,,,,,,,,,,,,,,,,,,,,,,,,,,,,,,,,,,,,,,,,,,,,,,,,,,,,,,,,,,,,,,,,,,,,,,,,,,,,,,,,,,,,,,,,,,,,,,,,,,,,,,,,,,,,,,,,,,,,,,,,,,,,,,,,,,,,,,,,,,,,,,,,,,,,,,,,,,,,,,,
149,PET,LT,#6,#2,MeOH_1,32500.183546195323,1.8892517274832785,5.264140024539224,50000000,-1.2221565452168497,-2.435847788302301,89.364885178785,PVC,LT,#2,#6,Olefin,0.6778882583928897,0.9099099490770103,28.004955930547204,-0.2784714437802792,0.35801729679556477,-9.444261453329952,0.6627646379179495,,,PP,LT,#3,#5,DIESEL_1,1.2627363638720646,4.075396727757054,94.91708389023185,-0.003886490779613041,-1.4884969847089735,-45.36991440167704,0.5220047588677956,96,,,,,,,,,,,,,,,PET,LT,#4,#11,GASOLINE_1,1.0748011102348018,3.423635878656275,63.46885399439454,-0.5112757021137738,-1.1853798968235874,-40.25807844035722,0.3657033977025528,96,,,,,,,,,,,,,,,,,,,,,,,,,,,,,,,,,,,,,,,,,,,,,,,,,,,,,,,,,,,,,,,,,,,,,,,,,,,,,,,,,,,,,,,,,,,,,,,,,,,,,,,,,,,,,,,,,,,,,,,,,,,,,,,,,,,,,,,,,,,,,,,,,,,,,,,,,,,,,,,,
150,PET,LT,#6,#3,MeOH_1,15367.490179294884,1.5107245842664665,3.8227658388021117,50000000,-1.0802320166564838,-1.442801179183777,68.50134846117446,PVC,LT,#3,#6,MeOH_1,0.730212269215708,1.344998461046096,32.307570750430806,-0.29513150576415625,4.6723284656703475e-05,-13.06003872421405,0.5957591852046041,,,PP,LT,#3,#6,DIESEL_1,1.075674271836299,3.0131788321309,83.55315424704821,0.16296457075249207,-0.44833215447597713,-34.7666587888423,0.5838977103599826,97,,,,,,,,,,,,,,,PET,LT,#5,#1,MeOH_1,1.6905108100730017,4.301994214843049,92.69634820489075,-0.6651155266129658,-1.3968814273749013,-40.85079198435228,0.5593052717237792,97,,,,,,,,,,,,,,,,,,,,,,,,,,,,,,,,,,,,,,,,,,,,,,,,,,,,,,,,,,,,,,,,,,,,,,,,,,,,,,,,,,,,,,,,,,,,,,,,,,,,,,,,,,,,,,,,,,,,,,,,,,,,,,,,,,,,,,,,,,,,,,,,,,,,,,,,,,,,,,,,
151,PET,LT,#6,#4,MeOH_1,39882.098730859805,1.9582815074107804,6.239499263425675,50000000,-1.2886492172122694,-3.512137206900233,101.57737605878498,PVC,LT,#5,#6,GASOLINE_1,0.7400600917629676,1.2581804990840098,31.981566675982915,-0.30455369567422824,0.1293448674000165,-11.655750785361327,0.6355478484387569,,,PP,LT,#3,#7,DIESEL_1,1.1658315279830116,3.6656655474456077,90.57519674944822,0.07443150184261256,-1.0604181032779685,-41.45317177167369,0.5423341791203317,98,,,,,,,,,,,,,,,PET,LT,#5,#2,FT_1,1.4173337709841007,4.1282394920767365,78.15996372489077,-0.6256866263212916,-1.6574390201066387,-42.683830422636426,0.45389137368492194,98,,,,,,,,,,,,,,,,,,,,,,,,,,,,,,,,,,,,,,,,,,,,,,,,,,,,,,,,,,,,,,,,,,,,,,,,,,,,,,,,,,,,,,,,,,,,,,,,,,,,,,,,,,,,,,,,,,,,,,,,,,,,,,,,,,,,,,,,,,,,,,,,,,,,,,,,,,,,,,,,
152,PET,LT,#6,#5,MeOH_1,25605.25782829471,2.0135770470429617,6.49108640258955,50000000,-1.3412554308568392,-3.686971471266497,102.95057524481697,PVC,HT,#6,-,Olefin,0.6002783453058799,0.8433418503848547,26.50022623483424,-0.26667348703446125,0.39383628800437065,-11.457617534942631,0.5676407652746102,,,PP,LT,#3,#8,DIESEL_1,1.215768718005495,3.769464382555762,91.9965013754802,0.023818622925560647,-1.1886003148740687,-43.37072643767894,0.5285611323341202,99,,,,,,,,,,,,,,,PET,LT,#5,#3,GASOLINE_1,1.003976847294645,2.6868653063396257,57.296427007280215,-0.4624644869433801,-0.3476026325428069,-32.96289398233162,0.4246954704846905,99,,,,,,,,,,,,,,,,,,,,,,,,,,,,,,,,,,,,,,,,,,,,,,,,,,,,,,,,,,,,,,,,,,,,,,,,,,,,,,,,,,,,,,,,,,,,,,,,,,,,,,,,,,,,,,,,,,,,,,,,,,,,,,,,,,,,,,,,,,,,,,,,,,,,,,,,,,,,,,,,
153,PET,LT,#6,#6,MeOH_1,10041.476836224132,1.3274964755189393,3.0858410917948174,50000000,-0.8552919150599791,-0.6580659544849509,61.280190279930544,PVC,HT,#9,-,DIESEL_1,0.7094893453103265,1.263891719033206,31.930126491921264,-0.294348734171392,0.13562496890101522,-14.287718946536963,0.5525317148320117,,,PP,LT,#3,#9,DIESEL_1,1.1537148209371828,3.505746646711503,89.73723445836877,0.09055366256544517,-0.8948183115540406,-40.410604605215624,0.5496785158454705,100,,,,,,,,,,,,,,,PET,LT,#5,#4,MeOH_1,1.486951207754029,5.103598730963189,90.37245460489075,-0.6971877223398799,-2.528098382895359,-50.83424785655762,0.4375028532885883,100,,,,,,,,,,,,,,,,,,,,,,,,,,,,,,,,,,,,,,,,,,,,,,,,,,,,,,,,,,,,,,,,,,,,,,,,,,,,,,,,,,,,,,,,,,,,,,,,,,,,,,,,,,,,,,,,,,,,,,,,,,,,,,,,,,,,,,,,,,,,,,,,,,,,,,,,,,,,,,,,
154,PET,LT,#6,#7,MeOH_1,17239.18530414985,1.4235338798171921,3.7946760469690215,50000000,-0.9683148918691115,-1.380074150325324,68.16738688985053,PVC,LT,#6,-,Olefin,0.657322482279377,0.8730062634230107,27.6354195844672,-0.2750466311751682,0.38755644013811796,-9.318691112810793,0.6627990002348845,,,PP,LT,#3,#10,DIESEL_1,1.2141565135780676,3.9311640297489197,94.24446522944821,0.02776549133675246,-1.3452484077884552,-45.48231599030801,0.5174006677254048,101,,,,,,,,,,,,,,,PET,LT,#5,#5,FT_1,1.533252160121448,5.355185870127064,91.74565379092273,-0.7418245031214903,-2.905435198502847,-56.75740164395956,0.3813614127890698,101,,,,,,,,,,,,,,,,,,,,,,,,,,,,,,,,,,,,,,,,,,,,,,,,,,,,,,,,,,,,,,,,,,,,,,,,,,,,,,,,,,,,,,,,,,,,,,,,,,,,,,,,,,,,,,,,,,,,,,,,,,,,,,,,,,,,,,,,,,,,,,,,,,,,,,,,,,,,,,,,
155,PET,LT,#6,#8,MeOH_1,11386.70079415252,1.4710886950290578,3.916950633506254,50000000,-1.0047061444251921,-1.4987622245899248,70.24717539076254,PS,HT,#1,-,GASOLINE_1,1.0213361832379617,1.441266149977742,69.51046027905659,0.3370388482602105,1.7831201906081557,-16.012844378944973,0.7696340332856403,,,PP,LT,#3,#11,DIESEL_1,1.2259757361851127,3.9380266287550385,93.80560602944819,0.013601556684718474,-1.3611160979981949,-45.209386716546895,0.5180523997429918,102,,,,,,,,,,,,,,,PET,LT,#5,#7,GASOLINE_1,0.9552214635130698,2.658775514506535,56.9624654359563,-0.3888279173608962,-0.29411961097320793,-31.82505166331354,0.44129785430205976,102,,,,,,,,,,,,,,,,,,,,,,,,,,,,,,,,,,,,,,,,,,,,,,,,,,,,,,,,,,,,,,,,,,,,,,,,,,,,,,,,,,,,,,,,,,,,,,,,,,,,,,,,,,,,,,,,,,,,,,,,,,,,,,,,,,,,,,,,,,,,,,,,,,,,,,,,,,,,,,,,
156,PET,LT,#6,#9,MeOH_1,26759.732864860023,1.4142318654785173,3.702735679518464,50000000,-0.9541184642637004,-1.2327899775317723,67.39505105147332,PS,HT,#2,-,GASOLINE_1,0.9979238593783913,1.8299850852138737,69.6255271510566,0.2617728314348048,1.3234060227310056,-16.949204962458445,0.7565662242572876,,,PP,LT,#4,#1,DIESEL_1,1.2316025064178544,4.014833146190535,93.32861221023185,-4.8074904915011983e-05,-1.4805290208612838,-45.47172313897122,0.5127783210089772,103,,,,,,,,,,,,,,,PET,LT,#5,#8,GASOLINE_1,1.0204512941097281,2.7810501010437667,59.0422539368683,-0.4461931567669492,-0.4432913460317802,-34.03813368054618,0.4234953544127582,103,,,,,,,,,,,,,,,,,,,,,,,,,,,,,,,,,,,,,,,,,,,,,,,,,,,,,,,,,,,,,,,,,,,,,,,,,,,,,,,,,,,,,,,,,,,,,,,,,,,,,,,,,,,,,,,,,,,,,,,,,,,,,,,,,,,,,,,,,,,,,,,,,,,,,,,,,,,,,,,,
157,PET,LT,#6,#10,MeOH_1,10926.507596821455,1.4545254691542375,3.9921525960168336,50000000,-1.004977528203561,-1.622339081920867,70.64170340473053,PS,HT,#3,-,GASOLINE_1,1.0959420080436122,2.7527977874158567,78.83151525057012,0.22903997651987099,0.5538080079995266,-25.412972387944556,0.677629279265176,,,PP,LT,#4,#2,DIESEL_1,1.269142971333773,4.081454630193406,94.67861445023186,-0.031733423062458285,-1.578309505394588,-47.143635772901106,0.5020666911250342,104,,,,,,,,,,,,,,,PET,LT,#5,#9,GASOLINE_1,0.9383823894328414,2.5668351470559774,56.19012959757908,-0.3582510912399062,-0.18258195207498015,-30.536110059324976,0.456557401130454,104,,,,,,,,,,,,,,,,,,,,,,,,,,,,,,,,,,,,,,,,,,,,,,,,,,,,,,,,,,,,,,,,,,,,,,,,,,,,,,,,,,,,,,,,,,,,,,,,,,,,,,,,,,,,,,,,,,,,,,,,,,,,,,,,,,,,,,,,,,,,,,,,,,,,,,,,,,,,,,,,
158,PET,LT,#6,#11,MeOH_1,10310.892817534215,1.4894467700000185,4.066140325508792,50000000,-1.0249366794535673,-1.6563268698100364,71.28107427076255,PS,HT,#4,-,GASOLINE_1,1.1610461300248278,3.0879942963183855,81.75968659660211,0.15947388754085337,0.140526067286416,-29.136863476445097,0.6436279945616131,,,PP,LT,#4,#3,DIESEL_1,1.219152359716961,3.7817819222345115,92.5468764928712,0.01851519329158151,-1.2410675040604309,-44.42865448811417,0.5199335064372869,105,,,,,,,,,,,,,,,PET,LT,#5,#10,GASOLINE_1,0.9729242069472476,2.856252063554347,59.4367819508363,-0.41752587560406795,-0.5119275547792461,-34.544880398262784,0.41879625268344917,105,,,,,,,,,,,,,,,,,,,,,,,,,,,,,,,,,,,,,,,,,,,,,,,,,,,,,,,,,,,,,,,,,,,,,,,,,,,,,,,,,,,,,,,,,,,,,,,,,,,,,,,,,,,,,,,,,,,,,,,,,,,,,,,,,,,,,,,,,,,,,,,,,,,,,,,,,,,,,,,,
159,PET,LT,#7,#1,MeOH_1,133548.3934147786,2.117380059188885,5.774060172862067,50000000,-1.270900167364525,-2.2638264405395003,105.76197684481699,PS,HT,#5,-,GASOLINE_1,1.1119870741547424,2.6611193292623536,77.98764718678802,0.20703181948056043,0.7407007000633102,-21.83442257151072,0.7200271663637301,,,PP,LT,#4,#4,DIESEL_1,1.279391561185694,4.212081738687645,96.31220325023189,-0.04831285843911971,-1.7013137779440495,-48.79550623706949,0.4933611256894177,106,,,,,,,,,,,,,,,PET,LT,#5,#11,GASOLINE_1,1.0006150973359067,2.930239793046306,60.076152816868294,-0.4290791414425115,-0.596704694533996,-35.130761644616776,0.41522950459716035,106,,,,,,,,,,,,,,,,,,,,,,,,,,,,,,,,,,,,,,,,,,,,,,,,,,,,,,,,,,,,,,,,,,,,,,,,,,,,,,,,,,,,,,,,,,,,,,,,,,,,,,,,,,,,,,,,,,,,,,,,,,,,,,,,,,,,,,,,,,,,,,,,,,,,,,,,,,,,,,,,
160,PET,LT,#7,#2,FT_1,35298.33564960437,1.9327172296038488,5.600305450095756,50000000,-1.2504841407457592,-2.6746033583688003,91.225592364817,PS,HT,#8,-,Aromatics,0.9093672803637544,1.0924503298271817,55.65288202818166,-0.08639532854662123,1.755565922692396,-18.724501850097795,0.663548388372483,,,PP,LT,#4,#5,DIESEL_1,1.3211983043846736,4.325299104707431,97.31099429023186,-0.06968998371340916,-1.8101883121591773,-48.98322135523784,0.4966321974971865,107,,,,,,,,,,,,,,,PET,LT,#6,#1,MeOH_1,1.783185837787671,5.159407733300895,102.05135483638496,-0.78927741063648,-2.330105120863016,-51.819996618683234,0.4922164756973168,107,,,,,,,,,,,,,,,,,,,,,,,,,,,,,,,,,,,,,,,,,,,,,,,,,,,,,,,,,,,,,,,,,,,,,,,,,,,,,,,,,,,,,,,,,,,,,,,,,,,,,,,,,,,,,,,,,,,,,,,,,,,,,,,,,,,,,,,,,,,,,,,,,,,,,,,,,,,,,,,,
161,PET,LT,#7,#3,GASOLINE_1,18165.642282703935,1.5541900863870364,4.158931264358644,50000000,-1.1085596121853933,-1.681556749250276,70.36205564720646,PS,HT,#9,-,Aromatics,0.9584730103606105,1.494936192884302,57.79364694794164,-0.1493529993770629,1.3450437955733447,-20.52660239671957,0.6448294322867499,,,PP,LT,#4,#6,DIESEL_1,1.1341362123489078,3.2630812090812773,85.94706464704822,0.09716107781869611,-0.770023481926181,-38.3799657424031,0.5534464626568113,108,,,,,,,,,,,,,,,PET,LT,#6,#2,MeOH_1,1.51000879869877,4.985653010534585,87.514970356385,-0.7498485103448054,-2.5906627135947535,-53.653035056967404,0.3869273469615827,108,,,,,,,,,,,,,,,,,,,,,,,,,,,,,,,,,,,,,,,,,,,,,,,,,,,,,,,,,,,,,,,,,,,,,,,,,,,,,,,,,,,,,,,,,,,,,,,,,,,,,,,,,,,,,,,,,,,,,,,,,,,,,,,,,,,,,,,,,,,,,,,,,,,,,,,,,,,,,,,,
162,PET,LT,#7,#4,MeOH_1,42680.25083426885,2.0017470095313508,6.575664688982209,50000000,-1.3169768127411794,-3.7508927769667326,103.43808324481695,PS,LT,#1,-,GASOLINE_1,1.0228201320439407,1.4296251451859545,69.15861790737563,0.357000714606819,1.7907727310996586,-14.971021503761262,0.7835263058059951,,,PP,LT,#4,#7,DIESEL_1,1.2242934684956202,3.9155679243959844,92.96910714944822,0.008628008908816582,-1.3821094307281723,-45.06647872523448,0.5152531834817997,109,,,,,,,,,,,,,,,PET,LT,#6,#3,MeOH_1,1.0966518750093144,3.544278824797472,66.65143363877446,-0.5866263709668937,-1.2808263260309207,-43.93209861666261,0.34086791208786377,109,,,,,,,,,,,,,,,,,,,,,,,,,,,,,,,,,,,,,,,,,,,,,,,,,,,,,,,,,,,,,,,,,,,,,,,,,,,,,,,,,,,,,,,,,,,,,,,,,,,,,,,,,,,,,,,,,,,,,,,,,,,,,,,,,,,,,,,,,,,,,,,,,,,,,,,,,,,,,,,,
163,PET,LT,#7,#5,FT_1,28403.40993170376,2.0570425491635325,6.827251828146084,50000000,-1.3695830263857494,-3.925727041332997,104.81128243084898,PS,LT,#2,-,GASOLINE_1,0.9944135413184262,1.7762538341384508,69.26180266657562,0.25678885291635795,1.3736154219912362,-16.187760371247073,0.7662815614376296,,,PP,LT,#4,#8,DIESEL_1,1.2742306585181038,4.0193667595061395,94.39041177548023,-0.04198487000823547,-1.5102916423242734,-46.98403339123975,0.5022372240201968,110,,,,,,,,,,,,,,,PET,LT,#6,#4,MeOH_1,1.5796262354686985,5.961012249421035,99.727461236385,-0.8213496063633938,-3.461322076383473,-61.80345249088862,0.38027648829448013,110,,,,,,,,,,,,,,,,,,,,,,,,,,,,,,,,,,,,,,,,,,,,,,,,,,,,,,,,,,,,,,,,,,,,,,,,,,,,,,,,,,,,,,,,,,,,,,,,,,,,,,,,,,,,,,,,,,,,,,,,,,,,,,,,,,,,,,,,,,,,,,,,,,,,,,,,,,,,,,,,
164,PET,LT,#7,#6,GASOLINE_1,12839.628939633181,1.3709619776395097,3.4220065173513494,50000000,-0.8836195105888893,-0.8968215245514494,63.140897465962524,PS,LT,#3,-,GASOLINE_1,1.1281224295185868,2.9373686051245427,80.40048915087156,0.18995873745750316,0.3841315237759802,-26.20696509700828,0.6740447057749749,,,PP,LT,#4,#9,DIESEL_1,1.2121767614497916,3.75564902366188,92.13114485836876,0.02475016963164904,-1.2165096390042445,-44.0239115587764,0.522160376640783,111,,,,,,,,,,,,,,,PET,LT,#6,#5,MeOH_1,1.6259271878361174,6.212599388584911,101.10066042241695,-0.8659863871450039,-3.8386588919909608,-67.72660627829053,0.33010718233376085,111,,,,,,,,,,,,,,,,,,,,,,,,,,,,,,,,,,,,,,,,,,,,,,,,,,,,,,,,,,,,,,,,,,,,,,,,,,,,,,,,,,,,,,,,,,,,,,,,,,,,,,,,,,,,,,,,,,,,,,,,,,,,,,,,,,,,,,,,,,,,,,,,,,,,,,,,,,,,,,,,
165,PET,LT,#7,#7,GASOLINE_1,20037.337407558898,1.4669993819377627,4.130841472525554,50000000,-0.9966424873980219,-1.6188297203918225,70.02809407588254,PS,LT,#5,-,GASOLINE_1,1.1352100610141738,2.700056185157906,79.03162570606644,0.18274646186165638,0.7082613357710874,-22.29575199355755,0.717888227726965,,,PP,LT,#4,#10,DIESEL_1,1.2726184540906762,4.181066406699298,96.63837562944822,-0.038038001597043805,-1.6669397352386603,-49.09562294386881,0.49196556105079964,112,,,,,,,,,,,,,,,PET,LT,#6,#6,MeOH_1,0.9366338758795164,2.8073540777901766,59.43027545753053,-0.39045869498219327,-0.5539954686686399,-35.231736140692604,0.4071752844916635,112,,,,,,,,,,,,,,,,,,,,,,,,,,,,,,,,,,,,,,,,,,,,,,,,,,,,,,,,,,,,,,,,,,,,,,,,,,,,,,,,,,,,,,,,,,,,,,,,,,,,,,,,,,,,,,,,,,,,,,,,,,,,,,,,,,,,,,,,,,,,,,,,,,,,,,,,,,,,,,,,
166,PET,LT,#7,#8,GASOLINE_1,14184.85289756157,1.5145541971496281,4.253116059062787,50000000,-1.033033739954102,-1.737517794656424,72.10788257679452,PS,LT,#8,-,Aromatics,0.8253503968664798,0.9893069664883944,53.84353192850068,0.17375167090816704,1.8996567402130085,-9.944629860053043,0.815305023577231,,,PP,LT,#4,#11,DIESEL_1,1.2844376766977212,4.187929005705416,96.19951642944822,-0.05220193624907737,-1.6828074254484,-48.82269367010772,0.49248504065076254,113,,,,,,,,,,,,,,,PET,LT,#6,#7,MeOH_1,1.047896491227739,3.5161890329643817,66.31747206745052,-0.5129898013844099,-1.2273433044613224,-42.79425629764451,0.35470615867083877,113,,,,,,,,,,,,,,,,,,,,,,,,,,,,,,,,,,,,,,,,,,,,,,,,,,,,,,,,,,,,,,,,,,,,,,,,,,,,,,,,,,,,,,,,,,,,,,,,,,,,,,,,,,,,,,,,,,,,,,,,,,,,,,,,,,,,,,,,,,,,,,,,,,,,,,,,,,,,,,,,
167,PET,LT,#7,#9,GASOLINE_1,29557.88496826907,1.4576973675990879,4.038901105074996,50000000,-0.9824460597926106,-1.4715455475982708,69.25575823750532,PS,LT,#9,-,Aromatics,0.8923838223727855,1.4362888489759162,56.796355064292676,0.04200330636875123,1.4622317541644925,-12.290656434968803,0.7836013170025444,,,PP,LT,#5,#1,DIESEL_1,1.1840479186374244,3.6045333403376776,90.08706090634918,0.05223522225768179,-0.923982855131056,-39.41488418436066,0.562480074410078,114,,,,,,,,,,,,,,,PET,LT,#6,#8,MeOH_1,1.1131263218243972,3.638463619501614,68.39726056836253,-0.5703550407904627,-1.3765150395198953,-45.007338314877146,0.34197162370424655,114,,,,,,,,,,,,,,,,,,,,,,,,,,,,,,,,,,,,,,,,,,,,,,,,,,,,,,,,,,,,,,,,,,,,,,,,,,,,,,,,,,,,,,,,,,,,,,,,,,,,,,,,,,,,,,,,,,,,,,,,,,,,,,,,,,,,,,,,,,,,,,,,,,,,,,,,,,,,,,,,
168,PET,LT,#7,#10,GASOLINE_1,13724.659700230504,1.4979909712748078,4.328318021573367,50000000,-1.0333051237324706,-1.8610946519873672,72.50241059076252,PS,OG,#3,-,H2_1,0.6279871347653556,2.2029270169541793,53.75784738839299,-0.21801926617981351,0.7610039893142879,-29.390141099354043,0.4532864962576654,,,PP,LT,#5,#2,DIESEL_1,1.2215883835533432,3.671154824340549,91.43706314634919,0.020549874100138227,-1.0217633396643606,-41.08679681829053,0.5506548941480192,115,,,,,,,,,,,,,,,PET,LT,#6,#9,MeOH_1,1.0310574171475106,3.424248665513823,65.54513622907332,-0.48241297526341975,-1.1158056455630934,-41.50531469365593,0.3667674356706003,115,,,,,,,,,,,,,,,,,,,,,,,,,,,,,,,,,,,,,,,,,,,,,,,,,,,,,,,,,,,,,,,,,,,,,,,,,,,,,,,,,,,,,,,,,,,,,,,,,,,,,,,,,,,,,,,,,,,,,,,,,,,,,,,,,,,,,,,,,,,,,,,,,,,,,,,,,,,,,,,,
169,PET,LT,#7,#11,GASOLINE_1,13109.044920943265,1.532912272120589,4.402305751065325,50000000,-1.0532642749824777,-1.8950824398765356,73.14178145679453,PS,OG,#6,-,MeOH_1,0.6141209240166015,1.797987247189005,54.76427531555752,-0.13656355504160977,1.0180852451099076,-34.71805154115923,0.3660456321003034,,,PP,LT,#5,#3,DIESEL_1,1.171597771936531,3.371482116381655,89.30532518898855,0.0707984904541783,-0.6845213383302036,-38.37181553350362,0.5703300396443223,116,,,,,,,,,,,,,,,PET,LT,#6,#10,MeOH_1,1.065599234661917,3.713665582012195,68.79178858233053,-0.5416877596275816,-1.445151248267362,-45.514085032593755,0.33837910060846643,116,,,,,,,,,,,,,,,,,,,,,,,,,,,,,,,,,,,,,,,,,,,,,,,,,,,,,,,,,,,,,,,,,,,,,,,,,,,,,,,,,,,,,,,,,,,,,,,,,,,,,,,,,,,,,,,,,,,,,,,,,,,,,,,,,,,,,,,,,,,,,,,,,,,,,,,,,,,,,,,,
170,PET,LT,#8,#1,MeOH_1,120708.76447514544,1.8582034134342977,3.9771322812065266,50000000,-0.8974763255751872,0.07671717739734739,87.56009014699006,PS,OG,#7,-,FT_1,0.9391656748277883,2.3050951710087197,69.39587467555754,-0.2533075111625881,0.47514316869901985,-44.68298242913264,0.3561147166450979,,,PP,LT,#5,#4,DIESEL_1,1.2318369734052645,3.801781932834788,93.07065194634919,0.003970438723476519,-1.1447676122138217,-42.738667282458884,0.5407932963970672,117,,,,,,,,,,,,,,,PET,LT,#6,#11,MeOH_1,1.093290125050576,3.787653311504153,69.43115944836252,-0.5532410254660252,-1.5299283880221104,-46.09996627894775,0.33603346616682533,117,,,,,,,,,,,,,,,,,,,,,,,,,,,,,,,,,,,,,,,,,,,,,,,,,,,,,,,,,,,,,,,,,,,,,,,,,,,,,,,,,,,,,,,,,,,,,,,,,,,,,,,,,,,,,,,,,,,,,,,,,,,,,,,,,,,,,,,,,,,,,,,,,,,,,,,,,,,,,,,,
171,PET,LT,#8,#2,BA_1,22458.70670997119,1.6735405838492616,3.803377558440216,50000000,-0.8770602989564216,-0.3340597404319531,73.02370566699008,PS,OG,#8,-,H2_1,0.65041270847014,2.4500280477675824,62.7802188715777,-0.21100456272774432,0.5466014606637445,-39.24311223399574,0.3749127840049287,,,PP,LT,#5,#5,DIESEL_1,1.2736437166042438,3.9149992988545748,94.06944298634916,-0.017406686550812935,-1.2536421464289496,-42.92638240062725,0.5436734710244167,118,,,,,,,,,,,,,,,PET,LT,#7,#1,MeOH_1,1.826199699617136,5.495573158857428,103.91206202241698,-0.810032902202546,-2.6916036823860257,-53.99227631989855,0.4804041487671491,118,,,,,,,,,,,,,,,,,,,,,,,,,,,,,,,,,,,,,,,,,,,,,,,,,,,,,,,,,,,,,,,,,,,,,,,,,,,,,,,,,,,,,,,,,,,,,,,,,,,,,,,,,,,,,,,,,,,,,,,,,,,,,,,,,,,,,,,,,,,,,,,,,,,,,,,,,,,,,,,,
172,PET,LT,#8,#3,BA_1,5326.013343070752,1.2950134406324492,2.3620033727031036,50000000,-0.7351357703960554,0.6589868686865723,52.160168949379546,PE,HT,#1,#6,Olefin,0.7436702417566688,1.31395172318745,61.76614021449375,0.23001417099626037,1.1276756394970238,-13.535448769923049,0.7808597279525833,,,PP,LT,#5,#6,DIESEL_1,1.0865816245684778,2.85278140322842,82.7055133431655,0.14944437498129276,-0.2134773161959532,-32.3231267877925,0.6091780888454691,119,,,,,,,,,,,,,,,PET,LT,#7,#2,FT_1,1.553022660528235,5.3218184360911165,89.375677542417,-0.7706040019108713,-2.9521612751177626,-55.8253147581827,0.3753858287486722,119,,,,,,,,,,,,,,,,,,,,,,,,,,,,,,,,,,,,,,,,,,,,,,,,,,,,,,,,,,,,,,,,,,,,,,,,,,,,,,,,,,,,,,,,,,,,,,,,,,,,,,,,,,,,,,,,,,,,,,,,,,,,,,,,,,,,,,,,,,,,,,,,,,,,,,,,,,,,,,,,
173,PET,LT,#8,#4,MeOH_1,29840.62189463567,1.742570363776763,4.778736797326668,50000000,-0.9435529709518409,-1.410349159029885,85.23619654699007,PE,HT,#2,#6,Olefin,0.823672166068924,1.721163184553506,66.19186321305375,0.08353793154133712,0.6983137308447641,-18.110922142287205,0.7263874853621656,,,PP,LT,#5,#7,DIESEL_1,1.1767388807151906,3.5052681185431283,89.72755584556553,0.060911306071413096,-0.8255632649979457,-39.00963977062389,0.5652434817486249,120,,,,,,,,,,,,,,,PET,LT,#7,#3,GASOLINE_1,1.1396657368387793,3.8804442503540053,68.51214082480647,-0.6073818625329596,-1.6423248875539316,-46.10437831787791,0.3270626525045804,120,,,,,,,,,,,,,,,,,,,,,,,,,,,,,,,,,,,,,,,,,,,,,,,,,,,,,,,,,,,,,,,,,,,,,,,,,,,,,,,,,,,,,,,,,,,,,,,,,,,,,,,,,,,,,,,,,,,,,,,,,,,,,,,,,,,,,,,,,,,,,,,,,,,,,,,,,,,,,,,,
174,PET,LT,#8,#5,BA_1,15563.780992070579,1.797865903408944,5.030323936490542,50000000,-0.9961591845964105,-1.5851834233961475,86.60939573302205,PE,HT,#3,#6,Olefin,0.9008773428479432,2.453564733121001,73.40712410485453,0.05230065265025146,0.080638319923442,-24.141460154183665,0.6711291928600817,,,PP,LT,#5,#8,DIESEL_1,1.2266760707376738,3.6090669536532833,91.14886047159754,0.010298427154361321,-0.9537454765940461,-40.927194436629165,0.5509851223057002,121,,,,,,,,,,,,,,,PET,LT,#7,#4,MeOH_1,1.6226400972981632,6.2971776749775685,101.58816842241697,-0.8421050979294595,-3.8228206379064833,-63.9757321921039,0.3702442598818753,121,,,,,,,,,,,,,,,,,,,,,,,,,,,,,,,,,,,,,,,,,,,,,,,,,,,,,,,,,,,,,,,,,,,,,,,,,,,,,,,,,,,,,,,,,,,,,,,,,,,,,,,,,,,,,,,,,,,,,,,,,,,,,,,,,,,,,,,,,,,,,,,,,,,,,,,,,,,,,,,,
175,PET,LT,#8,#6,BA_1,0,1.111785331884922,1.6250786256958085,50000000,-0.5101956687995507,1.443722093385399,44.93901076813562,PE,HT,#5,#6,Olefin,0.9108176429405186,2.2401870019885197,72.53349222719729,0.04598143771904702,0.3419493341362077,-21.983650135793425,0.6969172521442392,,,PP,LT,#5,#9,DIESEL_1,1.1646221736693618,3.3453492178090234,88.88959355448608,0.07703346679424555,-0.6599634732740173,-37.96707260416582,0.5728738192407935,122,,,,,,,,,,,,,,,PET,LT,#7,#5,FT_1,1.6689410496655819,6.548764814141444,102.96136760844898,-0.8867418787110697,-4.200157453513971,-69.89888597950585,0.32111540859360177,122,,,,,,,,,,,,,,,,,,,,,,,,,,,,,,,,,,,,,,,,,,,,,,,,,,,,,,,,,,,,,,,,,,,,,,,,,,,,,,,,,,,,,,,,,,,,,,,,,,,,,,,,,,,,,,,,,,,,,,,,,,,,,,,,,,,,,,,,,,,,,,,,,,,,,,,,,,,,,,,,
176,PET,LT,#8,#7,BA_1,7197.708467925716,1.2078227361831755,2.3339135808700133,50000000,-0.6232186456086836,0.7217138975450254,51.82620737805562,PE,HT,#8,#1,MeOH_1,1.0286019080758364,2.5542805057189133,69.85554424468637,0.022340987885649352,0.07583432096800476,-22.597590381846167,0.6765097083390761,,,PP,LT,#5,#10,DIESEL_1,1.2250638663102467,3.7707666008464407,93.39682432556553,0.014245295565552709,-1.110393569508433,-43.03878398925822,0.5391836467669147,123,,,,,,,,,,,,,,,PET,LT,#7,#6,GASOLINE_1,0.9796477377089812,3.14351950334671,61.290982643562536,-0.4112141865482591,-0.9154940301916504,-37.40401584190793,0.38973052431822097,123,,,,,,,,,,,,,,,,,,,,,,,,,,,,,,,,,,,,,,,,,,,,,,,,,,,,,,,,,,,,,,,,,,,,,,,,,,,,,,,,,,,,,,,,,,,,,,,,,,,,,,,,,,,,,,,,,,,,,,,,,,,,,,,,,,,,,,,,,,,,,,,,,,,,,,,,,,,,,,,,
177,PET,LT,#8,#8,BA_1,1345.223957928387,1.255377551395041,2.4561881674072454,50000000,-0.6596098981647641,0.6030258232804246,53.90599587896763,PE,HT,#8,#3,DIESEL_1,1.0554183904876233,2.801124515597219,68.03070644604632,-0.06945700743791774,0.004388618440943062,-17.802007022253136,0.7383239429334528,,,PP,LT,#5,#11,DIESEL_1,1.2368830889172915,3.77762919985256,92.95796512556552,8.136091351914842e-05,-1.1262612597181734,-42.76585471549712,0.5399441601617466,124,,,,,,,,,,,,,,,PET,LT,#7,#7,GASOLINE_1,1.0909103530572037,3.8523544585209137,68.17817925348253,-0.5337452929504758,-1.5888418659843313,-44.96653599885982,0.34045560483982956,124,,,,,,,,,,,,,,,,,,,,,,,,,,,,,,,,,,,,,,,,,,,,,,,,,,,,,,,,,,,,,,,,,,,,,,,,,,,,,,,,,,,,,,,,,,,,,,,,,,,,,,,,,,,,,,,,,,,,,,,,,,,,,,,,,,,,,,,,,,,,,,,,,,,,,,,,,,,,,,,,
178,PET,LT,#8,#9,BA_1,16718.256028635886,1.1985207218445002,2.2419732134194548,50000000,-0.609022218003272,0.8689980703385775,51.053871539678404,PE,HT,#8,#6,Olefin,0.8868537305797204,1.1284121619597827,56.596148193394804,-0.06945991073993425,1.2122633170810755,-12.119419305171332,0.785861411208444,,,PP,LT,#6,#1,DIESEL_1,1.3096364036956214,4.830092188599378,104.28980133023185,-0.06829671987260752,-2.2625040088749095,-56.065437246185425,0.46240728689610605,125,,,,,,,,,,,,,,,PET,LT,#7,#8,GASOLINE_1,1.1561401836538618,3.974629045058147,70.25796775439453,-0.5911105323565286,-1.7380136010429061,-47.17961801609248,0.3284801777782498,125,,,,,,,,,,,,,,,,,,,,,,,,,,,,,,,,,,,,,,,,,,,,,,,,,,,,,,,,,,,,,,,,,,,,,,,,,,,,,,,,,,,,,,,,,,,,,,,,,,,,,,,,,,,,,,,,,,,,,,,,,,,,,,,,,,,,,,,,,,,,,,,,,,,,,,,,,,,,,,,,
179,PET,LT,#8,#10,BA_1,885.0307605973237,1.2388143255202204,2.531390129917826,50000000,-0.6598812819431326,0.4794489659494811,54.30052389293563,PE,HT,#8,#7,MeOH_1,1.0325189851120697,2.5978214772979946,70.87052693876873,0.019075898767154625,0.044639845630692246,-24.04442087137577,0.6607274997101424,,,PP,LT,#6,#2,DIESEL_1,1.3471768686115402,4.896713672602249,105.63980357023188,-0.0999820680301511,-2.3602844934082134,-57.737349880115296,0.4534508023603989,126,,,,,,,,,,,,,,,PET,LT,#7,#9,GASOLINE_1,1.0740712789769755,3.7604140910703565,67.40584341510532,-0.5031684668294858,-1.4773042070861042,-43.67759439487126,0.35202065307763336,126,,,,,,,,,,,,,,,,,,,,,,,,,,,,,,,,,,,,,,,,,,,,,,,,,,,,,,,,,,,,,,,,,,,,,,,,,,,,,,,,,,,,,,,,,,,,,,,,,,,,,,,,,,,,,,,,,,,,,,,,,,,,,,,,,,,,,,,,,,,,,,,,,,,,,,,,,,,,,,,,
180,PET,LT,#8,#11,BA_1,269.41598131008374,1.273735626366002,2.6053778594097845,50000000,-0.6798404331931395,0.44546117806031227,54.939894758967625,PE,HT,#9,#6,Olefin,0.9609491411414154,1.5467525126084232,59.53765904043481,-0.18945703198338323,0.7792720674244672,-14.991009675559699,0.7482096219910392,,,PP,LT,#6,#3,DIESEL_1,1.297186256994728,4.597040964643356,103.50806561287122,-0.04973345167611086,-2.0230424920740577,-55.022368595328366,0.4684243370838693,127,,,,,,,,,,,,,,,PET,LT,#7,#10,GASOLINE_1,1.1086130964913816,4.049831007568728,70.65249576836253,-0.5624432511936474,-1.8066498097903716,-47.686364733809064,0.3250576046152564,127,,,,,,,,,,,,,,,,,,,,,,,,,,,,,,,,,,,,,,,,,,,,,,,,,,,,,,,,,,,,,,,,,,,,,,,,,,,,,,,,,,,,,,,,,,,,,,,,,,,,,,,,,,,,,,,,,,,,,,,,,,,,,,,,,,,,,,,,,,,,,,,,,,,,,,,,,,,,,,,,
181,PET,HT,#1,-,GASOLINE_1,56810.57679215497,1.509373231687877,3.58871522247271,50000000,-0.9896126142780163,-0.952412812136147,56.46658603861327,PE,LT,#1,#1,DIESEL_1,1.3494214181811721,2.3579492115672482,85.93895404236105,-0.08199744240715177,0.23419202763568253,-37.299677816607186,0.5659747290126265,,,PP,LT,#6,#4,MeOH_1,1.357425458463461,5.0273407810964885,107.27339237023187,-0.11656150340681236,-2.483288765957676,-59.38922034428368,0.4463751072650514,128,,,,,,,,,,,,,,,PET,LT,#7,#11,GASOLINE_1,1.1363039868800409,4.123818737060685,71.29186663439454,-0.573996517032091,-1.8914269495451206,-48.27224598016307,0.32289266280938883,128,,,,,,,,,,,,,,,,,,,,,,,,,,,,,,,,,,,,,,,,,,,,,,,,,,,,,,,,,,,,,,,,,,,,,,,,,,,,,,,,,,,,,,,,,,,,,,,,,,,,,,,,,,,,,,,,,,,,,,,,,,,,,,,,,,,,,,,,,,,,,,,,,,,,,,,,,,,,,,,,
182,PET,HT,#2,-,GASOLINE_1,4271.858527134859,1.7110415538392896,3.785365574786772,50000000,-1.138006923806477,-1.258987781531604,62.48475565952527,PE,LT,#1,#2,DIESEL_1,1.4140773087205305,2.490990851540301,88.22770972236106,-0.1347398161330854,0.09621037638306588,-39.27848856690169,0.5548055288921698,,,PP,LT,#6,#5,DIESEL_1,1.3992322016624406,5.140558147116275,108.27218341023186,-0.13793862868110182,-2.5921633001728033,-59.57693546245203,0.449748461830484,129,,,,,,,,,,,,,,,PET,LT,#8,#1,MeOH_1,1.7062495113660432,3.9771322812065266,87.56009014699006,-0.6893573513003903,-1.332661326814363,-36.05954504958268,0.5881737331580139,129,,,,,,,,,,,,,,,,,,,,,,,,,,,,,,,,,,,,,,,,,,,,,,,,,,,,,,,,,,,,,,,,,,,,,,,,,,,,,,,,,,,,,,,,,,,,,,,,,,,,,,,,,,,,,,,,,,,,,,,,,,,,,,,,,,,,,,,,,,,,,,,,,,,,,,,,,,,,,,,,
183,PET,HT,#3,-,GASOLINE_1,81562.30656692313,1.5021080717147366,3.682607406020469,50000000,-0.9719985571015087,-0.914430538443535,58.43408097958268,PE,LT,#1,#3,DIESEL_1,1.3376031648571245,2.216384297055217,85.18809967712112,-0.06676602948391207,0.37760664538913014,-36.434814500041526,0.5723015933195328,,,PP,LT,#6,#6,DIESEL_1,1.2121701096266748,4.078340251490122,96.90825376704821,0.028912432851003447,-1.551998469939808,-48.973679849617284,0.4946387129486195,130,,,,,,,,,,,,,,,PET,LT,#8,#2,BA_1,1.4330724722771422,3.803377558440216,73.02370566699008,-0.6499284510087162,-1.5932189195461017,-37.89258348786682,0.48109202153245506,130,,,,,,,,,,,,,,,,,,,,,,,,,,,,,,,,,,,,,,,,,,,,,,,,,,,,,,,,,,,,,,,,,,,,,,,,,,,,,,,,,,,,,,,,,,,,,,,,,,,,,,,,,,,,,,,,,,,,,,,,,,,,,,,,,,,,,,,,,,,,,,,,,,,,,,,,,,,,,,,,
184,PET,HT,#4,-,MeOH_1,6332.298497491926,1.7469901685832747,4.952972753447725,50000000,-1.2526941502133302,-2.651268142008253,77.16033791349327,PE,LT,#1,#4,DIESEL_1,1.3436877929246593,2.257765814245444,85.29365191436105,-0.07638895440822879,0.32272274207080065,-36.852159589771134,0.5679378387177925,,,PP,LT,#6,#7,DIESEL_1,1.302327365773387,4.7308269668048295,103.93029626944822,-0.059620636058875645,-2.1640844187417994,-55.660192832448686,0.46444689536778727,131,,,,,,,,,,,,,,,PET,LT,#8,#3,BA_1,1.0197155485876863,2.3620033727031036,52.160168949379546,-0.4867063116308044,-0.2833825319822681,-28.17164704756204,0.45990115417566824,131,,,,,,,,,,,,,,,,,,,,,,,,,,,,,,,,,,,,,,,,,,,,,,,,,,,,,,,,,,,,,,,,,,,,,,,,,,,,,,,,,,,,,,,,,,,,,,,,,,,,,,,,,,,,,,,,,,,,,,,,,,,,,,,,,,,,,,,,,,,,,,,,,,,,,,,,,,,,,,,,
185,PET,HT,#5,-,GASOLINE_1,1034.9177889746597,1.8492392024812183,5.249285566637839,50000000,-1.1938890580782566,-2.6275428838431747,81.96876957952527,PE,LT,#1,#5,DIESEL_1,1.407136210044003,2.4918135965873462,88.51553916236105,-0.12045429667362213,0.10203861973492802,-39.20154424073161,0.5571224599465463,,,PP,LT,#6,#8,DIESEL_1,1.3522645557958703,4.834625801914983,105.35160089548023,-0.11023351497592784,-2.2922666303379,-57.57774749845395,0.4534705974180964,132,,,,,,,,,,,,,,,PET,LT,#8,#4,MeOH_1,1.5026899090470707,4.778736797326668,85.23619654699007,-0.7214295470273047,-2.463878282334821,-46.04300092178804,0.45981868282443966,132,,,,,,,,,,,,,,,,,,,,,,,,,,,,,,,,,,,,,,,,,,,,,,,,,,,,,,,,,,,,,,,,,,,,,,,,,,,,,,,,,,,,,,,,,,,,,,,,,,,,,,,,,,,,,,,,,,,,,,,,,,,,,,,,,,,,,,,,,,,,,,,,,,,,,,,,,,,,,,,,
186,PET,HT,#6,-,GASOLINE_1,0,1.2558732554793992,1.7125826154617425,50000000,-0.7599134197407542,0.8346154391626074,49.2091919515223,PE,LT,#1,#6,DIESEL_1,1.2904476103394313,2.0181626045703225,82.40852001838132,-0.02655578194593133,0.5565680322089857,-33.87573179862923,0.5889292540252731,,,PP,LT,#6,#9,DIESEL_1,1.2902106587275584,4.570908066070724,103.09233397836879,-0.04349847533604304,-1.9984846270178709,-54.6176256659906,0.470206720924073,133,,,,,,,,,,,,,,,PET,LT,#8,#5,BA_1,1.5489908614144892,5.030323936490542,86.60939573302205,-0.7660663278089146,-2.841215097942308,-51.96615470918996,0.39999402756049324,133,,,,,,,,,,,,,,,,,,,,,,,,,,,,,,,,,,,,,,,,,,,,,,,,,,,,,,,,,,,,,,,,,,,,,,,,,,,,,,,,,,,,,,,,,,,,,,,,,,,,,,,,,,,,,,,,,,,,,,,,,,,,,,,,,,,,,,,,,,,,,,,,,,,,,,,,,,,,,,,,
187,PET,HT,#7,-,MeOH_1,40928.9803263084,1.3954469250397652,2.904910555884701,50000000,-0.8524460125222172,-0.3632251055853039,60.24638188459492,PE,LT,#1,#7,DIESEL_1,1.332574193999714,2.245807981115917,85.10287232490226,-0.06283510600661472,0.3459239975159627,-36.26197215443382,0.5739042506580231,,,PP,LT,#6,#10,MeOH_1,1.3506523513684434,4.9963254491081415,107.59956474944825,-0.10628664656473631,-2.4489147232522868,-59.68933705108302,0.44526414033297385,134,,,,,,,,,,,,,,,PET,LT,#8,#7,BA_1,0.9709601648061111,2.3339135808700133,51.82620737805562,-0.4130697420483207,-0.2298995104126698,-27.033804728543952,0.4783757852211529,134,,,,,,,,,,,,,,,,,,,,,,,,,,,,,,,,,,,,,,,,,,,,,,,,,,,,,,,,,,,,,,,,,,,,,,,,,,,,,,,,,,,,,,,,,,,,,,,,,,,,,,,,,,,,,,,,,,,,,,,,,,,,,,,,,,,,,,,,,,,,,,,,,,,,,,,,,,,,,,,,
188,PET,HT,#8,-,GASOLINE_1,19538.45895017105,1.5091514249805087,3.2022842976310946,50000000,-0.9216170219941856,-0.6173400937303236,63.02400510550689,PE,LT,#1,#8,DIESEL_1,1.373630355821612,2.348261565428212,86.3143726309343,-0.10293271048912302,0.23332976722444923,-37.36625499174963,0.567091159296014,,,PP,LT,#6,#11,DIESEL_1,1.3624715739754882,5.003188048114261,107.16070554944824,-0.12045058121677002,-2.4647824134620264,-59.41640777732193,0.4455392256641609,135,,,,,,,,,,,,,,,PET,LT,#8,#8,BA_1,1.0361899954027691,2.4561881674072454,53.90599587896763,-0.4704349814543734,-0.37907124547124266,-29.24688674577661,0.45744649980230123,135,,,,,,,,,,,,,,,,,,,,,,,,,,,,,,,,,,,,,,,,,,,,,,,,,,,,,,,,,,,,,,,,,,,,,,,,,,,,,,,,,,,,,,,,,,,,,,,,,,,,,,,,,,,,,,,,,,,,,,,,,,,,,,,,,,,,,,,,,,,,,,,,,,,,,,,,,,,,,,,,
189,PET,HT,#9,-,GASOLINE_1,82923.15310939023,1.301363056431527,2.0808215313536182,50000000,-0.7600382800491491,0.698103912581307,52.03908639210515,PE,LT,#1,#9,DIESEL_1,1.3277676676867094,2.1860094255359757,84.9152973935231,-0.05700383687563715,0.40758046519440144,-36.16784007717204,0.574071560868952,,,PP,LT,#7,#1,DIESEL_1,1.3731989069441264,5.360652445317882,107.22547797023186,-0.1419234656307927,-2.8311321811985337,-59.568681584172346,0.4444540354419319,136,,,,,,,,,,,,,,,PET,LT,#8,#9,BA_1,0.9541210907258828,2.2419732134194548,51.053871539678404,-0.38249291592733053,-0.11836185151444108,-25.744863124555383,0.4957314235307932,136,,,,,,,,,,,,,,,,,,,,,,,,,,,,,,,,,,,,,,,,,,,,,,,,,,,,,,,,,,,,,,,,,,,,,,,,,,,,,,,,,,,,,,,,,,,,,,,,,,,,,,,,,,,,,,,,,,,,,,,,,,,,,,,,,,,,,,,,,,,,,,,,,,,,,,,,,,,,,,,,
190,PET,HT,#10,-,MeOH_1,14258.054316527609,1.3379172182982924,2.209093015584005,50000000,-0.788007188776536,0.17209634215526282,53.62302486352232,PE,LT,#1,#10,DIESEL_1,1.3917867010130898,2.340366138227686,86.46414746090227,-0.12179382355488527,0.24275373467760444,-37.94637009807842,0.5611317382706263,,,PP,LT,#7,#2,DIESEL_1,1.4107393718600454,5.427273929320752,108.57548021023185,-0.1736088137883364,-2.9289126657318376,-61.24059421810217,0.4359629439397954,137,,,,,,,,,,,,,,,PET,LT,#8,#10,BA_1,0.9886629082402888,2.531390129917826,54.30052389293563,-0.4417677002914922,-0.4477074542187089,-29.75363346349321,0.452056235734328,137,,,,,,,,,,,,,,,,,,,,,,,,,,,,,,,,,,,,,,,,,,,,,,,,,,,,,,,,,,,,,,,,,,,,,,,,,,,,,,,,,,,,,,,,,,,,,,,,,,,,,,,,,,,,,,,,,,,,,,,,,,,,,,,,,,,,,,,,,,,,,,,,,,,,,,,,,,,,,,,,
191,PET,HT,#11,-,GASOLINE_1,16627.894655125543,1.360545611927014,2.2191481955326524,50000000,-0.773977723456739,0.35139246916303335,53.9675560335543,PE,LT,#1,#11,DIESEL_1,1.4002715937916625,2.3992329743581657,86.82529927093428,-0.13189122678153112,0.18072704140711307,-38.443301304473785,0.5572338750654545,,,PP,LT,#7,#3,DIESEL_1,1.360748760243233,5.127601221361858,106.44374225287123,-0.12336019743429631,-2.5916706643976806,-58.525612933315266,0.45017328689666025,138,,,,,,,,,,,,,,,PET,LT,#8,#11,BA_1,1.0163537986289481,2.6053778594097845,54.939894758967625,-0.45332096612993605,-0.5324845939734575,-30.339514709847197,0.44776896928993487,138,,,,,,,,,,,,,,,,,,,,,,,,,,,,,,,,,,,,,,,,,,,,,,,,,,,,,,,,,,,,,,,,,,,,,,,,,,,,,,,,,,,,,,,,,,,,,,,,,,,,,,,,,,,,,,,,,,,,,,,,,,,,,,,,,,,,,,,,,,,,,,,,,,,,,,,,,,,,,,,,
192,PET,LT,#1,-,GASOLINE_1,45928.29670725936,1.394126739222279,4.0983481642142605,50000000,-0.9717635538420163,-1.5125518221126069,61.50412066841878,PE,LT,#2,#3,WAX_1,1.0964025545042126,2.400117280377053,76.79636100492105,-0.25823380010521474,0.10281276938442559,-25.200598944454303,0.6718516526734976,,,PP,LT,#7,#4,DIESEL_1,1.4209879617119663,5.557901037814992,110.2090690102319,-0.19018824916499752,-3.0519169382813,-62.892464682270585,0.42933494269485567,139,,,,,,,,,,,,,,,PET,HT,#1,-,GASOLINE_1,1.0792351295281841,3.49973290594707,54.06894166421327,-0.39977912265293725,-0.985657914326765,-22.58962528304701,0.5822070011405743,139,,,,,,,,,,,,,,,,,,,,,,,,,,,,,,,,,,,,,,,,,,,,,,,,,,,,,,,,,,,,,,,,,,,,,,,,,,,,,,,,,,,,,,,,,,,,,,,,,,,,,,,,,,,,,,,,,,,,,,,,,,,,,,,,,,,,,,,,,,,,,,,,,,,,,,,,,,,,,,,,
193,PET,LT,#2,-,GASOLINE_1,7449.611645555362,1.518794170902453,4.009306026504595,50000000,-1.0743791319728466,-1.5442819592370565,57.764901408325265,PE,LT,#2,#4,WAX_1,1.1024871825717475,2.44149879756728,80.01824825292105,-0.26785672502953145,0.04792886606609613,-28.734279044943992,0.6409034230027018,,,PP,LT,#7,#5,DIESEL_1,1.4627947049109455,5.671118403834779,111.20786005023187,-0.2115653744392871,-3.1607914724964274,-63.08017980043895,0.4327722899087705,140,,,,,,,,,,,,,,,PET,HT,#2,-,GASOLINE_1,1.2386373632570324,3.6963832582611325,60.08711128512527,-0.5431630594965758,-1.3722474716909032,-32.91624253007643,0.45219129650146883,140,,,,,,,,,,,,,,,,,,,,,,,,,,,,,,,,,,,,,,,,,,,,,,,,,,,,,,,,,,,,,,,,,,,,,,,,,,,,,,,,,,,,,,,,,,,,,,,,,,,,,,,,,,,,,,,,,,,,,,,,,,,,,,,,,,,,,,,,,,,,,,,,,,,,,,,,,,,,,,,,
194,PET,LT,#3,-,GASOLINE_1,60156.389909383084,1.3439316578564957,2.6706334818410484,50000000,-0.8964072435088906,-0.010561368050371408,53.13289023919934,PE,LT,#2,#6,WAX_1,1.0492469999865195,2.2018955878921584,76.60558141546228,-0.21802355256723388,0.28177415620428115,-25.230316312323037,0.6706465006056271,,,PP,LT,#7,#6,DIESEL_1,1.2757326128751802,4.608900508208624,99.8439304070482,-0.04471431290718215,-2.1206266422634306,-52.47692418760417,0.47441047268808534,141,,,,,,,,,,,,,,,PET,HT,#3,-,GASOLINE_1,1.0722601429473404,3.5936250894948287,56.036436605182686,-0.3586634921208814,-1.039489777291342,-24.352888971049122,0.565409750398069,141,,,,,,,,,,,,,,,,,,,,,,,,,,,,,,,,,,,,,,,,,,,,,,,,,,,,,,,,,,,,,,,,,,,,,,,,,,,,,,,,,,,,,,,,,,,,,,,,,,,,,,,,,,,,,,,,,,,,,,,,,,,,,,,,,,,,,,,,,,,,,,,,,,,,,,,,,,,,,,,,
195,PET,LT,#4,-,MeOH_1,4462.351586043658,1.5374097427107754,4.896691269622412,50000000,-1.14149447914118,-2.595811868158836,69.42349038229327,PE,LT,#2,#7,WAX_1,1.0913735836468024,2.4295409644377535,77.81708172149429,-0.2543028766279171,0.07113012151125818,-26.13370466763868,0.6641649353907839,,,PP,LT,#7,#7,DIESEL_1,1.3658898690218928,5.261387223523332,106.86597290944822,-0.13324738181706167,-2.732712591065422,-59.16343717043557,0.4463772184943555,142,,,,,,,,,,,,,,,PET,HT,#4,-,MeOH_1,1.3051308124731633,4.863990436922084,74.76269353909326,-0.6952828984513957,-2.4911436511628318,-46.385239918382034,0.3795670310603872,142,,,,,,,,,,,,,,,,,,,,,,,,,,,,,,,,,,,,,,,,,,,,,,,,,,,,,,,,,,,,,,,,,,,,,,,,,,,,,,,,,,,,,,,,,,,,,,,,,,,,,,,,,,,,,,,,,,,,,,,,,,,,,,,,,,,,,,,,,,,,,,,,,,,,,,,,,,,,,,,,
196,PET,LT,#5,-,FT_1,2169.883397387615,1.667021309235996,4.89512214441336,50000000,-1.1049963328413137,-2.297027753597634,72.02047982229327,PE,LT,#2,#9,WAX_1,1.0865670573337978,2.3697424088578116,77.96685655146227,-0.24847160749693997,0.1327865891896969,-26.376922351724048,0.6616905757343972,,,PP,LT,#7,#8,DIESEL_1,1.415827059044376,5.365186058633487,108.28727753548021,-0.18386026073411346,-2.8608948026615226,-61.08099183644082,0.43593565904888776,143,,,,,,,,,,,,,,,PET,HT,#5,-,GASOLINE_1,1.3886689592092236,5.1603032501122,79.57112520512527,-0.6134358220565728,-2.8242716256750624,-48.905631534758065,0.3853846931448445,143,,,,,,,,,,,,,,,,,,,,,,,,,,,,,,,,,,,,,,,,,,,,,,,,,,,,,,,,,,,,,,,,,,,,,,,,,,,,,,,,,,,,,,,,,,,,,,,,,,,,,,,,,,,,,,,,,,,,,,,,,,,,,,,,,,,,,,,,,,,,,,,,,,,,,,,,,,,,,,,,
197,PET,LT,#6,-,Olefin,0,1.1110103341621138,1.5764983285622003,50000000,-0.6838828816223227,0.8945218505808767,42.400282956800005,PE,HT,#6,-,Olefin,0.7914311220503971,1.703531208003338,66.19866892489375,0.21975139570792038,0.7458885225708556,-15.791298811822523,0.7614559466484337,,,PP,LT,#7,#9,DIESEL_1,1.3537731619760642,5.101468322789227,106.02801061836875,-0.11712522109422878,-2.567112799341494,-58.12087000397747,0.4518347588999434,144,,,,,,,,,,,,,,,PET,HT,#8,-,GASOLINE_1,1.0678767228116737,3.1133019811054545,60.6263607311069,-0.3458444003474948,-0.7415309450170707,-31.873380410837697,0.47426531913726233,144,,,,,,,,,,,,,,,,,,,,,,,,,,,,,,,,,,,,,,,,,,,,,,,,,,,,,,,,,,,,,,,,,,,,,,,,,,,,,,,,,,,,,,,,,,,,,,,,,,,,,,,,,,,,,,,,,,,,,,,,,,,,,,,,,,,,,,,,,,,,,,,,,,,,,,,,,,,,,,,,
198,PET,LT,#7,-,MeOH_1,35765.451230731516,1.264300007530881,2.756023351949898,50000000,-0.8145297374159367,-0.23135702799899488,53.05536793738543,PE,LT,#6,-,WAX_1,1.0303179926373105,2.200089444593319,73.97424837854133,-0.19358110025346023,0.2852546086728281,-22.25113770028592,0.6992042746224023,,,PP,LT,#7,#10,DIESEL_1,1.4142148546169486,5.526885705826645,110.53524138944822,-0.1799133923229215,-3.017542895575911,-63.19258138906989,0.4283037645304106,145,,,,,,,,,,,,,,,PET,LT,#2,-,GASOLINE_1,1.0879060451426243,3.730819012499955,55.91498658592528,-0.5653016077404396,-1.520267100677085,-34.003029389839064,0.3918798614466952,145,,,,,,,,,,,,,,,,,,,,,,,,,,,,,,,,,,,,,,,,,,,,,,,,,,,,,,,,,,,,,,,,,,,,,,,,,,,,,,,,,,,,,,,,,,,,,,,,,,,,,,,,,,,,,,,,,,,,,,,,,,,,,,,,,,,,,,,,,,,,,,,,,,,,,,,,,,,,,,,,
199,PET,LT,#8,-,FT_1,10564.22599858864,1.3523065025569245,2.9055034852641497,50000000,-0.8563383742310184,-0.386727294029814,55.08869275829741,PE,OG,#3,-,H2_1,0.7042633210374123,2.374676720067861,58.60661462730207,-0.18537747058819434,0.20924071400909752,-26.249954857115558,0.5520991099034248,,,PP,LT,#7,#11,DIESEL_1,1.4260340772239934,5.533748304832764,110.09638218944822,-0.1940773269749556,-3.03341058578565,-62.9196521153088,0.42850390844778274,146,,,,,,,,,,,,,,,PET,LT,#3,-,GASOLINE_1,0.9505212302214204,2.3921464678364086,51.282975416799346,-0.3831772399291024,-0.01859621756908238,-25.72123817182071,0.49844489398727615,146,,,,,,,,,,,,,,,,,,,,,,,,,,,,,,,,,,,,,,,,,,,,,,,,,,,,,,,,,,,,,,,,,,,,,,,,,,,,,,,,,,,,,,,,,,,,,,,,,,,,,,,,,,,,,,,,,,,,,,,,,,,,,,,,,,,,,,,,,,,,,,,,,,,,,,,,,,,,,,,,
200,PET,LT,#9,-,GASOLINE_1,61617.886147585545,1.2586174673475605,2.3488487249603476,50000000,-0.8041300299458037,0.3227669416285434,51.81942402126127,PE,OG,#6,-,MeOH_1,0.7461454085914193,2.0667906866856,62.394003625920526,-0.16511301974188342,0.34512099262079565,-38.42231199648601,0.38419864468315484,,,PP,LT,#9,#4,DIESEL_1,1.0377473216662714,2.320700073436776,70.57291524545496,-0.006350679657686981,-0.023329072511434255,-26.17157082750966,0.6291555940903949,147,,,,,,,,,,,,,,,PET,LT,#4,-,MeOH_1,1.1207243736036805,4.618204255617771,67.57357555989327,-0.6543594356866302,-2.391427762061028,-44.6643998326883,0.33902565518232225,147,,,,,,,,,,,,,,,,,,,,,,,,,,,,,,,,,,,,,,,,,,,,,,,,,,,,,,,,,,,,,,,,,,,,,,,,,,,,,,,,,,,,,,,,,,,,,,,,,,,,,,,,,,,,,,,,,,,,,,,,,,,,,,,,,,,,,,,,,,,,,,,,,,,,,,,,,,,,,,,,
201,PET,LT,#10,-,MeOH_1,9139.375946642242,1.3964591106043347,3.4352458313674528,50000000,-0.9386262516701354,-1.0700438613236982,64.89389565226541,PE,OG,#8,-,H2_1,0.7387545689434833,2.5749983279894613,64.44052435839897,-0.19808782249498028,0.034600320428243875,-32.70920089252027,0.49241255842982506,,,PP,LT,#9,#5,DIESEL_1,1.079554064865251,2.433917439456563,71.57170628545497,-0.02772780493197672,-0.1322036067265621,-26.35928594567804,0.6317080126531109,148,,,,,,,,,,,,,,,PET,LT,#5,-,FT_1,1.241354141240086,4.616635130408719,70.17056499989327,-0.6053099325490933,-2.391267303057095,-43.3033847196507,0.3828839098029699,148,,,,,,,,,,,,,,,,,,,,,,,,,,,,,,,,,,,,,,,,,,,,,,,,,,,,,,,,,,,,,,,,,,,,,,,,,,,,,,,,,,,,,,,,,,,,,,,,,,,,,,,,,,,,,,,,,,,,,,,,,,,,,,,,,,,,,,,,,,,,,,,,,,,,,,,,,,,,,,,,
202,PET,LT,#11,-,FT_1,7318.128529396859,1.4580923527034473,3.8656012609402897,50000000,-0.9631895363582433,-1.361574102786404,65.95596331829742,PE,HG,#1,-,DIESEL_1,0.7422801251258869,2.1025817352196463,77.535172,0.05535279143532393,0.3294135402666265,-39.33470097428246,0.4926857068907713,,,PP,LT,#9,#11,DIESEL_1,1.042793437178299,2.2965473404545476,70.4602284246713,-0.010239757467645064,-0.004822720015785098,-26.19875826054789,0.6281766487805691,149,,,,,,,,,,,,,,,PET,LT,#7,-,MeOH_1,0.8784473572963192,2.477536337945258,51.20545311498542,-0.33193888749474565,-0.14840726576353877,-26.87789066244468,0.47509710338685013,149,,,,,,,,,,,,,,,,,,,,,,,,,,,,,,,,,,,,,,,,,,,,,,,,,,,,,,,,,,,,,,,,,,,,,,,,,,,,,,,,,,,,,,,,,,,,,,,,,,,,,,,,,,,,,,,,,,,,,,,,,,,,,,,,,,,,,,,,,,,,,,,,,,,,,,,,,,,,,,,,
203,PET,SG,#1,-,MeOH_1,29249.201938956998,0.9276099380462997,3.2347613058132385,50000000,-0.4927988424980739,-0.8885861093505109,50.75619780221697,PE,HG,#3,-,DIESEL_1,0.7518827668505961,2.0040515214828476,76.4637355428969,0.04218608916630331,0.49131664962611316,-36.99673791531556,0.5161531456364693,,,PP,HT,#1,-,MeOH_1,0.8906434463957447,3.2518649246943725,80.17333057980979,0.13910071709591917,-0.6472677144675314,-34.93594679294849,0.5642447863860295,150,,,,,,,,,,,,,,,PET,LT,#8,-,FT_1,0.9470006783662464,2.6270164712595103,53.238777935897424,-0.3703830894553518,-0.39821513032727746,-29.90418183843115,0.43830074622604004,150,,,,,,,,,,,,,,,,,,,,,,,,,,,,,,,,,,,,,,,,,,,,,,,,,,,,,,,,,,,,,,,,,,,,,,,,,,,,,,,,,,,,,,,,,,,,,,,,,,,,,,,,,,,,,,,,,,,,,,,,,,,,,,,,,,,,,,,,,,,,,,,,,,,,,,,,,,,,,,,,
204,PET,SG,#2,-,FT_4,3557.599290301776,1.0705328852672185,3.4254343928571633,50000000,-0.355523548554651,-0.6234845009186238,51.89757300221696,,,,,,,,,,,,,,,PP,HT,#2,-,FT_1,0.9925701653859541,3.8014526739533094,83.4471369798098,0.009438280117389296,-1.2934756330217931,-37.890628004681375,0.5459325583111486,151,,,,,,,,,,,,,,,PET,LT,#10,-,MeOH_1,0.9970730823611271,3.1567588173628134,63.04398082986542,-0.46692184762906996,-0.8866849256561887,-39.501932985418556,0.3734226096537109,151,,,,,,,,,,,,,,,,,,,,,,,,,,,,,,,,,,,,,,,,,,,,,,,,,,,,,,,,,,,,,,,,,,,,,,,,,,,,,,,,,,,,,,,,,,,,,,,,,,,,,,,,,,,,,,,,,,,,,,,,,,,,,,,,,,,,,,,,,,,,,,,,,,,,,,,,,,,,,,,,
205,PET,SG,#3,-,H2_1,139749.36422058736,0.8740232803347688,3.120076017627424,50000000,-0.4848417284461587,-0.17433912819078834,48.04129266482996,,,,,,,,,,,,,,,PP,HT,#3,-,H2_1,0.9364702896473956,3.8853839874901746,77.87489371645358,0.005833927863617418,-1.0625210470291362,-26.839188932015112,0.6553550489617623,152,,,,,,,,,,,,,,,PET,LT,#11,-,FT_1,1.0458280087701137,3.5871142469356494,64.10604849589741,-0.47283964521474153,-1.3689100660186244,-41.355446343823864,0.35489010297568907,152,,,,,,,,,,,,,,,,,,,,,,,,,,,,,,,,,,,,,,,,,,,,,,,,,,,,,,,,,,,,,,,,,,,,,,,,,,,,,,,,,,,,,,,,,,,,,,,,,,,,,,,,,,,,,,,,,,,,,,,,,,,,,,,,,,,,,,,,,,,,,,,,,,,,,,,,,,,,,,,,
206,PET,SG,#4,-,MeOH_1,10814.843886313285,1.1869157557602468,6.187894416842888,50000000,-0.7770538102226591,-3.9872464650898647,81.79075940221696,,,,,,,,,,,,,,,PP,HT,#4,-,MeOH_1,1.147219096877787,4.0652525333300655,91.7452073798098,-0.26624542313749716,-1.5938937734105412,-53.30773351644438,0.4189589294211382,153,,,,,,,,,,,,,,,PET,SG,#4,-,MeOH_1,0.911115425175347,6.187894416842888,81.79075940221696,-0.5109310131036009,-3.8715722768387377,-56.8844616189096,0.30451236747695826,153,,,,,,,,,,,,,,,,,,,,,,,,,,,,,,,,,,,,,,,,,,,,,,,,,,,,,,,,,,,,,,,,,,,,,,,,,,,,,,,,,,,,,,,,,,,,,,,,,,,,,,,,,,,,,,,,,,,,,,,,,,,,,,,,,,,,,,,,,,,,,,,,,,,,,,,,,,,,,,,,
207,PET,SG,#5,-,FT_4,2146.6532043570223,1.3296821937330818,6.29917222262187,50000000,-0.6082317247741932,-3.4938718702537317,82.74331108221696,,,,,,,,,,,,,,,PP,HT,#5,-,FT_1,1.2651165882742088,5.002109630300184,96.17605537980978,-0.2543809769487891,-2.504317717394274,-51.21339628726429,0.4675036724575885,154,,,,,,,,,,,,,,,PET,SG,#5,-,FT_4,1.0215675648953748,6.29917222262187,82.74331108221696,-0.37657023505663434,-4.118838008523801,-58.47493326008698,0.29329715604462564,154,,,,,,,,,,,,,,,,,,,,,,,,,,,,,,,,,,,,,,,,,,,,,,,,,,,,,,,,,,,,,,,,,,,,,,,,,,,,,,,,,,,,,,,,,,,,,,,,,,,,,,,,,,,,,,,,,,,,,,,,,,,,,,,,,,,,,,,,,,,,,,,,,,,,,,,,,,,,,,,,
208,PET,SG,#6,-,MeOH_1,15098.176460346791,0.9034118869727358,2.669938602895592,50000000,-0.4253308211177355,-0.40415747184604767,53.75375277929451,,,,,,,,,,,,,,,PP,HT,#7,-,MeOH_1,0.9087327982200356,3.6113601090386855,82.43442753399947,0.1419417597215414,-0.9642448256649944,-36.253898804390204,0.5602092488670761,155,,,,,,,,,,,,,,,PET,SG,#9,-,MeOH_1,0.8937192294075976,5.590287530562308,84.68325850441452,-0.42402050663644364,-3.2286689698617552,-60.17745537446344,0.2893819104595934,155,,,,,,,,,,,,,,,,,,,,,,,,,,,,,,,,,,,,,,,,,,,,,,,,,,,,,,,,,,,,,,,,,,,,,,,,,,,,,,,,,,,,,,,,,,,,,,,,,,,,,,,,,,,,,,,,,,,,,,,,,,,,,,,,,,,,,,,,,,,,,,,,,,,,,,,,,,,,,,,,
209,PET,SG,#7,-,FT_1,16545.39995728399,1.0294141915386525,3.271283622797527,50000000,-0.45255065701408503,-0.5911063586398954,55.86969868532652,,,,,,,,,,,,,,,PP,HT,#8,-,FT_1,1.0469014708931064,4.877804062813643,90.22914880003145,0.007881692006101702,-2.368747244870559,-46.589585191068295,0.4836526132555951,156,,,,,,,,,,,,,,,PET,SG,#10,-,FT_1,0.9816468272791072,6.280790014136517,87.6185622053265,-0.39041909096304955,-4.043032446210011,-64.93096985434272,0.25893591243619574,156,,,,,,,,,,,,,,,,,,,,,,,,,,,,,,,,,,,,,,,,,,,,,,,,,,,,,,,,,,,,,,,,,,,,,,,,,,,,,,,,,,,,,,,,,,,,,,,,,,,,,,,,,,,,,,,,,,,,,,,,,,,,,,,,,,,,,,,,,,,,,,,,,,,,,,,,,,,,,,,,
210,PET,SG,#8,-,H2_1,124777.07081364763,0.8699233415798623,3.6042960658716674,50000000,-0.5136770613985882,-0.7768170651217204,50.30397447129719,,,,,,,,,,,,,,,PP,HT,#9,-,H2_1,0.9249261331623637,3.6749011315213913,79.78499461579317,0.049844176297917785,-0.8129964858643761,-29.110864872148085,0.6351335860542167,157,,,,,,,,,,,,,,,PET,OG,#1,-,MeOH_1,0.6117345682011104,2.6467392105168317,34.881936159999995,-0.40110026054709397,-0.4837084337941408,-18.429099765025192,0.4716721090110156,157,,,,,,,,,,,,,,,,,,,,,,,,,,,,,,,,,,,,,,,,,,,,,,,,,,,,,,,,,,,,,,,,,,,,,,,,,,,,,,,,,,,,,,,,,,,,,,,,,,,,,,,,,,,,,,,,,,,,,,,,,,,,,,,,,,,,,,,,,,,,,,,,,,,,,,,,,,,,,,,,
211,PET,SG,#9,-,MeOH_1,15097.923187582008,1.1624068259210427,5.590287530562308,50000000,-0.6843267442448019,-3.3245079938104976,84.68325850441452,,,,,,,,,,,,,,,PP,HT,#10,-,MeOH_1,1.2881903754736321,7.216272186210732,123.78342113399943,-0.23215824926369052,-4.6199053142249396,-79.18511586992109,0.3602930413096216,158,,,,,,,,,,,,,,,PET,OG,#2,-,FT_1,1.242826395697898,3.1794378980592484,66.34392223999998,-0.5113921467788425,-0.8794018799834842,-37.323779742935685,0.43741975929737126,158,,,,,,,,,,,,,,,,,,,,,,,,,,,,,,,,,,,,,,,,,,,,,,,,,,,,,,,,,,,,,,,,,,,,,,,,,,,,,,,,,,,,,,,,,,,,,,,,,,,,,,,,,,,,,,,,,,,,,,,,,,,,,,,,,,,,,,,,,,,,,,,,,,,,,,,,,,,,,,,,
212,PET,SG,#10,-,FT_1,17163.6714628516,1.2732651765373975,6.280790014136517,50000000,-0.6955940777660461,-3.5968900604964613,87.6185622053265,,,,,,,,,,,,,,,PP,HT,#11,-,FT_1,1.2642073589749303,6.909565033315253,120.58481697399947,-0.21011168703910812,-4.405435387635437,-77.4507830655509,0.35770700649443404,159,,,,,,,,,,,,,,,PET,OG,#4,-,MeOH_1,0.7604232394956143,4.615729328363312,54.99068447999999,-0.5991434447586015,-2.4876297367323534,-41.13549406790457,0.251955227382822,159,,,,,,,,,,,,,,,,,,,,,,,,,,,,,,,,,,,,,,,,,,,,,,,,,,,,,,,,,,,,,,,,,,,,,,,,,,,,,,,,,,,,,,,,,,,,,,,,,,,,,,,,,,,,,,,,,,,,,,,,,,,,,,,,,,,,,,,,,,,,,,,,,,,,,,,,,,,,,,,,
213,PET,OG,#1,-,MeOH_1,4227.820102645359,0.8638384250963035,2.6467392105168317,50000000,-0.6476821221739106,-0.6384925023482806,34.881936159999995,,,,,,,,,,,,,,,PP,LT,#1,-,DIESEL_1,1.0845588950458829,3.2378218982819034,85.08555456740122,0.15424646267600423,-0.6473237672215382,-36.59077662683736,0.5699531276151972,160,,,,,,,,,,,,,,,PET,OG,#5,-,FT_1,1.4016669223287954,5.013551084699669,85.91944319999998,-0.6720349421791554,-2.717663148891546,-57.105018183849516,0.33536559296686025,160,,,,,,,,,,,,,,,,,,,,,,,,,,,,,,,,,,,,,,,,,,,,,,,,,,,,,,,,,,,,,,,,,,,,,,,,,,,,,,,,,,,,,,,,,,,,,,,,,,,,,,,,,,,,,,,,,,,,,,,,,,,,,,,,,,,,,,,,,,,,,,,,,,,,,,,,,,,,,,,,
214,PET,OG,#2,-,FT_1,21439.215500285427,1.422664532856244,3.1794378980592484,50000000,-0.7081639379289513,-0.23933400538860738,66.34392223999998,,,,,,,,,,,,,,,PP,LT,#2,-,DIESEL_1,1.140545130551402,3.5185084315676423,86.47240594831324,0.07242035403899351,-0.9967222422127238,-37.993475877724144,0.5606289028151499,161,,,,,,,,,,,,,,,PET,OG,#9,-,MeOH_1,0.7280507145127522,3.8465566076503457,55.82671604335707,-0.5155736433618686,-1.6898980275837236,-42.68754612784031,0.23535631050396008,161,,,,,,,,,,,,,,,,,,,,,,,,,,,,,,,,,,,,,,,,,,,,,,,,,,,,,,,,,,,,,,,,,,,,,,,,,,,,,,,,,,,,,,,,,,,,,,,,,,,,,,,,,,,,,,,,,,,,,,,,,,,,,,,,,,,,,,,,,,,,,,,,,,,,,,,,,,,,,,,,
215,PET,OG,#3,-,H2_1,35584.14156810173,0.8164849714578907,1.8411795611650241,50000000,-0.6585334243114765,0.2818136796765208,37.360429960147115,,,,,,,,,,,,,,,PP,LT,#3,-,DIESEL_1,1.0991393762171007,3.0316963630812563,84.10154121476086,0.13673487425312458,-0.3531155389008811,-33.05739905157885,0.606934681884559,162,,,,,,,,,,,,,,,PET,OG,#10,-,FT_1,1.0792485693664187,4.1033351770178035,72.00183268335707,-0.5198794886800293,-1.8994315963574726,-51.24344070581248,0.28830366122531764,162,,,,,,,,,,,,,,,,,,,,,,,,,,,,,,,,,,,,,,,,,,,,,,,,,,,,,,,,,,,,,,,,,,,,,,,,,,,,,,,,,,,,,,,,,,,,,,,,,,,,,,,,,,,,,,,,,,,,,,,,,,,,,,,,,,,,,,,,,,,,,,,,,,,,,,,,,,,,,,,,
216,PET,OG,#4,-,MeOH_1,4452.808578856771,1.024504743957718,4.615729328363312,50000000,-0.8605143523294382,-2.6452109461095685,54.99068447999999,,,,,,,,,,,,,,,PP,LT,#4,-,MeOH_1,1.2468502564466197,4.517054864565628,101.20327956228128,-0.004239352766118003,-1.977958929504119,-53.1739574729439,0.47458266468311205,163,,,,,,,,,,,,,,,PP,HT,#2,#5,FT_1,1.3500701148324212,7.096735704681887,117.13751079058636,-0.31964033130437014,-4.709063451093294,-74.40442828395108,0.36481125660107067,163,,,,,,,,,,,,,,,,,,,,,,,,,,,,,,,,,,,,,,,,,,,,,,,,,,,,,,,,,,,,,,,,,,,,,,,,,,,,,,,,,,,,,,,,,,,,,,,,,,,,,,,,,,,,,,,,,,,,,,,,,,,,,,,,,,,,,,,,,,,,,,,,,,,,,,,,,,,,,,,,
217,PET,OG,#5,-,FT_1,20220.38081966899,1.6003079413577224,5.013551084699669,50000000,-0.886646924902038,-2.0798136938914307,85.91944319999998,,,,,,,,,,,,,,,PP,LT,#5,-,DIESEL_1,1.2987660666899399,5.0095187600055135,102.50117042831323,-0.08383163642024315,-2.496912897155921,-54.41924982903341,0.4690865518741284,164,,,,,,,,,,,,,,,PP,HT,#2,#11,FT_1,1.378680404471837,7.312270599274436,121.11966350651898,-0.3563872583125004,-4.8479713618084075,-78.08526667055095,0.35530479188997915,164,,,,,,,,,,,,,,,,,,,,,,,,,,,,,,,,,,,,,,,,,,,,,,,,,,,,,,,,,,,,,,,,,,,,,,,,,,,,,,,,,,,,,,,,,,,,,,,,,,,,,,,,,,,,,,,,,,,,,,,,,,,,,,,,,,,,,,,,,,,,,,,,,,,,,,,,,,,,,,,,
218,PET,OG,#6,-,MeOH_1,4227.820102645359,0.8320050009583133,1.9721039530457667,50000000,-0.6059593876783333,0.036142755122784975,36.976879883357064,,,,,,,,,,,,,,,PP,LT,#7,-,DIESEL_1,1.1020619139988423,3.2902674622354775,86.20119694980701,0.14543534723701826,-0.6895473399295006,-35.72155620015506,0.585602550032398,165,,,,,,,,,,,,,,,PP,HT,#3,#5,FT_1,1.4335052515998525,7.769230280391456,123.79727501496737,-0.37065830428157737,-5.336500210404153,-80.79241689357906,0.34738129830554765,165,,,,,,,,,,,,,,,,,,,,,,,,,,,,,,,,,,,,,,,,,,,,,,,,,,,,,,,,,,,,,,,,,,,,,,,,,,,,,,,,,,,,,,,,,,,,,,,,,,,,,,,,,,,,,,,,,,,,,,,,,,,,,,,,,,,,,,,,,,,,,,,,,,,,,,,,,,,,,,,,
219,PET,OG,#7,-,FT_1,4437.656620488917,1.135666032896655,2.1842178493181166,50000000,-0.5794112751185189,0.4248650150045741,50.83259636335707,,,,,,,,,,,,,,,PP,LT,#8,-,DIESEL_1,1.293663490892528,4.1272351283100885,96.53954894980701,-0.0012076033387418761,-1.5473492024885174,-45.388309525618766,0.5298475078931938,166,,,,,,,,,,,,,,,PP,HT,#3,#11,FT_1,1.462115541239268,7.984765174984002,127.7794277309,-0.4074052312897078,-5.475408121119262,-84.47325528017896,0.3389134950731088,166,,,,,,,,,,,,,,,,,,,,,,,,,,,,,,,,,,,,,,,,,,,,,,,,,,,,,,,,,,,,,,,,,,,,,,,,,,,,,,,,,,,,,,,,,,,,,,,,,,,,,,,,,,,,,,,,,,,,,,,,,,,,,,,,,,,,,,,,,,,,,,,,,,,,,,,,,,,,,,,,
220,PET,OG,#8,-,H2_1,48436.01813567589,0.8268273776919894,1.8352358905976225,50000000,-0.6375301298370042,0.38926723568597493,39.75336939530639,,,,,,,,,,,,,,,PP,LT,#9,-,DIESEL_1,1.108951058270172,3.0377997665558643,84.83449907961658,0.12966874832449363,-0.3559442379620323,-33.89963623250287,0.6004027064427138,167,,,,,,,,,,,,,,,PP,HT,#4,#5,FT_1,1.4777082000472126,7.893983922476429,125.40227405496735,-0.39884869827608666,-5.489647134928125,-82.8615734020499,0.33923388529836923,167,,,,,,,,,,,,,,,,,,,,,,,,,,,,,,,,,,,,,,,,,,,,,,,,,,,,,,,,,,,,,,,,,,,,,,,,,,,,,,,,,,,,,,,,,,,,,,,,,,,,,,,,,,,,,,,,,,,,,,,,,,,,,,,,,,,,,,,,,,,,,,,,,,,,,,,,,,,,,,,,
221,PET,OG,#9,-,MeOH_1,4035.148400451326,0.9810247031872038,3.8465566076503457,50000000,-0.7632860338201873,-1.8460203740675807,55.82671604335707,,,,,,,,,,,,,,,PP,LT,#10,-,MeOH_1,1.3414149670370563,4.906082998772045,105.80890270980701,-0.09590919493984644,-2.3589530477803646,-57.791112089837405,0.45381616660049745,168,,,,,,,,,,,,,,,PP,HT,#4,#11,FT_1,1.5063184896866282,8.109518817068976,129.38442677089995,-0.4355956252842175,-5.628555045643236,-86.54241178864977,0.33112188268307,168,,,,,,,,,,,,,,,,,,,,,,,,,,,,,,,,,,,,,,,,,,,,,,,,,,,,,,,,,,,,,,,,,,,,,,,,,,,,,,,,,,,,,,,,,,,,,,,,,,,,,,,,,,,,,,,,,,,,,,,,,,,,,,,,,,,,,,,,,,,,,,,,,,,,,,,,,,,,,,,,
222,PET,OG,#10,-,FT_1,8108.978338839811,1.30778516492647,4.1033351770178035,50000000,-0.7548209190352151,-1.4816183579049385,72.00183268335707,,,,,,,,,,,,,,,PP,LT,#11,-,DIESEL_1,1.4103181715600996,5.449368427172932,108.41937838980701,0.08121120580166662,-2.61359499543223,-47.53277542295485,0.561584136259689,169,,,,,,,,,,,,,,,PP,HT,#5,#5,FT_1,1.4223311484631762,7.54741046227304,122.92375502510642,-0.3511171112348806,-5.025749175720511,-78.24677070866461,0.3634528111130091,169,,,,,,,,,,,,,,,,,,,,,,,,,,,,,,,,,,,,,,,,,,,,,,,,,,,,,,,,,,,,,,,,,,,,,,,,,,,,,,,,,,,,,,,,,,,,,,,,,,,,,,,,,,,,,,,,,,,,,,,,,,,,,,,,,,,,,,,,,,,,,,,,,,,,,,,,,,,,,,,,
223,PP,HT,#1,#1,MeOH_1,51545.60528929626,1.0474145997122772,2.87341769044136,50000000,-0.2749126811161199,0.13861654727818667,74.34146313634636,,,,,,,,,,,,,,,PP,SG,#1,-,MeOH_1,0.7527694805482851,3.9085361451139904,86.55423262408677,0.3157759049287613,-1.245417038170422,-39.5386108447318,0.5431926360383583,170,,,,,,,,,,,,,,,PP,HT,#5,#11,FT_1,1.450941438102592,7.76294535686559,126.90590774103907,-0.38786403824301163,-5.164657086435626,-81.92760909526451,0.3544224177298042,170,,,,,,,,,,,,,,,,,,,,,,,,,,,,,,,,,,,,,,,,,,,,,,,,,,,,,,,,,,,,,,,,,,,,,,,,,,,,,,,,,,,,,,,,,,,,,,,,,,,,,,,,,,,,,,,,,,,,,,,,,,,,,,,,,,,,,,,,,,,,,,,,,,,,,,,,,,,,,,,,
224,PP,HT,#1,#2,FT_1,28521.4435524307,1.169677895335833,3.1255689074574673,50000000,-0.28746066402870085,0.17595052584861726,76.15525480237835,,,,,,,,,,,,,,,PP,SG,#2,-,FT_1,0.9508368801543596,5.665728331166643,95.29502269011876,0.0899540342892456,-3.2181546744509326,-51.72592837111437,0.45720220310648096,171,,,,,,,,,,,,,,,PP,HT,#6,#4,MeOH_1,1.3925698786124956,7.53192392924492,127.71042733496732,-0.33824465739998744,-4.957031782947381,-83.15155587173946,0.34890550750688454,171,,,,,,,,,,,,,,,,,,,,,,,,,,,,,,,,,,,,,,,,,,,,,,,,,,,,,,,,,,,,,,,,,,,,,,,,,,,,,,,,,,,,,,,,,,,,,,,,,,,,,,,,,,,,,,,,,,,,,,,,,,,,,,,,,,,,,,,,,,,,,,,,,,,,,,,,,,,,,,,,
225,PP,HT,#1,#3,DIESEL_1,159917.08539275633,1.0801486895677648,2.7424270745233716,50000000,-0.37899722697400645,0.8594545758981764,71.86143347419498,,,,,,,,,,,,,,,PP,SG,#3,-,H2_1,0.6730238046435696,5.015439467704688,78.44151179362476,0.20427369163553324,-2.037545728328642,-21.509366595929237,0.7257910243683321,172,,,,,,,,,,,,,,,PP,HT,#6,#5,FT_1,1.5167325857789402,8.333693659862803,131.49653117496734,-0.44743821794708893,-5.882670583475143,-88.31250879474945,0.32840427039674425,172,,,,,,,,,,,,,,,,,,,,,,,,,,,,,,,,,,,,,,,,,,,,,,,,,,,,,,,,,,,,,,,,,,,,,,,,,,,,,,,,,,,,,,,,,,,,,,,,,,,,,,,,,,,,,,,,,,,,,,,,,,,,,,,,,,,,,,,,,,,,,,,,,,,,,,,,,,,,,,,,
226,PP,HT,#1,#4,MeOH_1,23675.348977939353,1.389561031313776,5.783925573701432,50000000,-0.6205144294306167,-2.9438869501807665,108.19129193634635,,,,,,,,,,,,,,,PP,SG,#4,-,MeOH_1,1.1650182022883357,9.152078962064623,142.54637502408676,-0.09746641310744507,-6.497104314469087,-95.82689898881823,0.3277493098465262,173,,,,,,,,,,,,,,,PP,HT,#6,#10,MeOH_1,1.3896070220096508,7.229307703827063,127.79592902486799,-0.3206224455855283,-4.621789770168009,-82.89866838670332,0.35131995972601016,173,,,,,,,,,,,,,,,,,,,,,,,,,,,,,,,,,,,,,,,,,,,,,,,,,,,,,,,,,,,,,,,,,,,,,,,,,,,,,,,,,,,,,,,,,,,,,,,,,,,,,,,,,,,,,,,,,,,,,,,,,,,,,,,,,,,,,,,,,,,,,,,,,,,,,,,,,,,,,,,,
227,PP,HT,#1,#5,FT_1,25630.028443181895,1.5433196329499685,6.585695304319316,50000000,-0.656096006521448,-3.2930456848120735,111.97739577634634,,,,,,,,,,,,,,,PP,SG,#6,-,MeOH_1,0.7807501089541057,3.9457194267625653,89.94071153710495,0.307251879046584,-1.2330753511584012,-42.40958312539965,0.5284717854616525,174,,,,,,,,,,,,,,,PP,HT,#6,#11,FT_1,1.5453428754183565,8.54922855445535,135.4786838909,-0.48418514495521975,-6.021578494190254,-91.99334718134935,0.32097548825148803,174,,,,,,,,,,,,,,,,,,,,,,,,,,,,,,,,,,,,,,,,,,,,,,,,,,,,,,,,,,,,,,,,,,,,,,,,,,,,,,,,,,,,,,,,,,,,,,,,,,,,,,,,,,,,,,,,,,,,,,,,,,,,,,,,,,,,,,,,,,,,,,,,,,,,,,,,,,,,,,,,
228,PP,HT,#1,#6,Olefin,0,0.848665257793778,0.9613683619861093,50000000,-0.2718779236666599,2.0357241590530535,58.91169562428962,,,,,,,,,,,,,,,PP,SG,#7,-,FT_1,0.9992667550297913,6.0165660092319335,101.14291953710497,0.03946727246099371,-3.500971960991893,-58.283397759450104,0.4237520725504819,175,,,,,,,,,,,,,,,PP,HT,#7,#4,MeOH_1,1.4325893600996762,7.843339153301815,129.43219309496732,-0.38475171663468943,-5.291667453196339,-85.15447741313864,0.3420919836330141,175,,,,,,,,,,,,,,,,,,,,,,,,,,,,,,,,,,,,,,,,,,,,,,,,,,,,,,,,,,,,,,,,,,,,,,,,,,,,,,,,,,,,,,,,,,,,,,,,,,,,,,,,,,,,,,,,,,,,,,,,,,,,,,,,,,,,,,,,,,,,,,,,,,,,,,,,,,,,,,,,
229,PP,HT,#1,#7,MeOH_1,60160.103309624814,1.03849980588216,2.58817073242182,50000000,-0.2663525206860015,0.47145291389467625,74.46458562624699,,,,,,,,,,,,,,,PP,SG,#8,-,H2_1,0.7196890122267666,5.152809980713184,85.06180642268117,0.20558790907978308,-2.1191580767133984,-28.186493396630883,0.6686351421157317,176,,,,,,,,,,,,,,,PP,HT,#7,#5,FT_1,1.5567520672661208,8.645108883919699,133.21829693496733,-0.4939452771817912,-6.217306253724099,-90.31543033614862,0.3220493549753336,176,,,,,,,,,,,,,,,,,,,,,,,,,,,,,,,,,,,,,,,,,,,,,,,,,,,,,,,,,,,,,,,,,,,,,,,,,,,,,,,,,,,,,,,,,,,,,,,,,,,,,,,,,,,,,,,,,,,,,,,,,,,,,,,,,,,,,,,,,,,,,,,,,,,,,,,,,,,,,,,,
230,PP,HT,#1,#8,FT_1,54124.14313437621,1.172695319060734,3.360602753867464,50000000,-0.31506548860403,0.006171022112423778,80.648233292279,,,,,,,,,,,,,,,PP,SG,#9,-,MeOH_1,1.1871710607283814,9.251383825552624,144.50676593710494,-0.09964940365523148,-6.5650600254549945,-97.89389345987938,0.32256532886157946,177,,,,,,,,,,,,,,,PP,HT,#7,#10,MeOH_1,1.4296265034968314,7.540722927883959,129.51769478486798,-0.36712950482023043,-4.956425440416965,-84.9015899281025,0.34447883689463354,177,,,,,,,,,,,,,,,,,,,,,,,,,,,,,,,,,,,,,,,,,,,,,,,,,,,,,,,,,,,,,,,,,,,,,,,,,,,,,,,,,,,,,,,,,,,,,,,,,,,,,,,,,,,,,,,,,,,,,,,,,,,,,,,,,,,,,,,,,,,,,,,,,,,,,,,,,,,,,,,,
231,PP,HT,#1,#9,DIESEL_1,162191.54071971806,1.0791379211877983,1.954535957961334,50000000,-0.35740880552049564,1.6653103607690796,72.4629892274199,,,,,,,,,,,,,,,PP,OG,#2,-,FT_1,1.2076387172394984,3.753609208375001,88.38298863999998,-0.2623558143823377,-1.4330938054486033,-50.7879278898748,0.4253653483393362,178,,,,,,,,,,,,,,,PP,HT,#7,#11,FT_1,1.5853623569055366,8.860643778512246,137.20044965089997,-0.530692204189922,-6.356214164439211,-93.99626872274852,0.31489824587370097,178,,,,,,,,,,,,,,,,,,,,,,,,,,,,,,,,,,,,,,,,,,,,,,,,,,,,,,,,,,,,,,,,,,,,,,,,,,,,,,,,,,,,,,,,,,,,,,,,,,,,,,,,,,,,,,,,,,,,,,,,,,,,,,,,,,,,,,,,,,,,,,,,,,,,,,,,,,,,,,,,
232,PP,HT,#1,#10,MeOH_1,37090.36563739517,1.386220211376405,5.481309348283575,50000000,-0.6056275837868396,-2.5577602633205347,108.27679362624697,,,,,,,,,,,,,,,PP,OG,#7,-,FT_1,0.7599844252340953,2.346137348843497,66.62877079252321,-0.06819682446105348,-0.17433370597472161,-41.41126599297753,0.37847771314993967,179,,,,,,,,,,,,,,,PP,HT,#8,#4,MeOH_1,1.2925468991458942,5.602116538464152,105.08016827019142,-0.32076679441346445,-3.1322055074260984,-62.81780855802609,0.4021915876980385,179,,,,,,,,,,,,,,,,,,,,,,,,,,,,,,,,,,,,,,,,,,,,,,,,,,,,,,,,,,,,,,,,,,,,,,,,,,,,,,,,,,,,,,,,,,,,,,,,,,,,,,,,,,,,,,,,,,,,,,,,,,,,,,,,,,,,,,,,,,,,,,,,,,,,,,,,,,,,,,,,
233,PP,HT,#1,#11,FT_1,52372.802059908754,1.5774948446835106,6.801230198911863,50000000,-0.7195304976905135,-3.439390673260261,115.959548492279,,,,,,,,,,,,,,,PP,OG,#8,-,H2_1,0.6689821260983979,2.831753841079097,69.36769552746307,-0.11229873946519611,-0.28364402508867265,-37.033980406696514,0.46612064700874273,180,,,,,,,,,,,,,,,PP,HT,#8,#5,FT_1,1.416709606312339,6.403886269082035,108.86627211019142,-0.4299603549605662,-4.057844307953861,-67.97876148103609,0.3755755555565467,180,,,,,,,,,,,,,,,,,,,,,,,,,,,,,,,,,,,,,,,,,,,,,,,,,,,,,,,,,,,,,,,,,,,,,,,,,,,,,,,,,,,,,,,,,,,,,,,,,,,,,,,,,,,,,,,,,,,,,,,,,,,,,,,,,,,,,,,,,,,,,,,,,,,,,,,,,,,,,,,,
234,PP,HT,#2,#1,MeOH_1,51545.60528929626,1.1956874969574498,3.412110238080884,50000000,-0.4401293733430816,-0.2898487919004238,78.90097433954635,,,,,,,,,,,,,,,PP,OG,#9,-,MeOH_1,0.8875861662544645,5.237517140817601,99.37936423252322,-0.30207154332175856,-2.9537771002587534,-74.2401895400311,0.25296171782375915,181,,,,,,,,,,,,,,,PP,HT,#8,#11,FT_1,1.4453198959517544,6.619421163674583,112.84842482612406,-0.46670728196869665,-4.196752218668972,-71.65959986763598,0.36499246685943104,181,,,,,,,,,,,,,,,,,,,,,,,,,,,,,,,,,,,,,,,,,,,,,,,,,,,,,,,,,,,,,,,,,,,,,,,,,,,,,,,,,,,,,,,,,,,,,,,,,,,,,,,,,,,,,,,,,,,,,,,,,,,,,,,,,,,,,,,,,,,,,,,,,,,,,,,,,,,,,,,,
235,PP,HT,#2,#2,FT_1,28521.4435524307,1.3179507925810037,3.664261455096992,50000000,-0.45267735625566036,-0.2525148133299932,80.71476600557834,,,,,,,,,,,,,,,PP,OG,#10,-,FT_1,1.0132370488979252,5.83040360087723,103.2814562325232,-0.2981425579084585,-3.6022475217535423,-75.69644846365122,0.2670857748826502,182,,,,,,,,,,,,,,,PP,HT,#9,#4,MeOH_1,1.3773733492065323,6.014730338540532,108.16754488187141,-0.4396249852745903,-3.5537270539831507,-65.667756137632,0.39290702946667566,182,,,,,,,,,,,,,,,,,,,,,,,,,,,,,,,,,,,,,,,,,,,,,,,,,,,,,,,,,,,,,,,,,,,,,,,,,,,,,,,,,,,,,,,,,,,,,,,,,,,,,,,,,,,,,,,,,,,,,,,,,,,,,,,,,,,,,,,,,,,,,,,,,,,,,,,,,,,,,,,,
236,PP,HT,#2,#3,H2_1,159917.08539275633,1.2284215868129378,3.2811196221628953,50000000,-0.5442139192009684,0.43098923671956657,76.42094467739498,,,,,,,,,,,,,,,PVC,HT,#1,#1,DIESEL_1,0.6561247037884178,1.4703228596705877,28.23963195305905,-0.25347858611159985,-0.17137884965608657,-12.544597386787823,0.5557804220805741,183,,,,,,,,,,,,,,,PP,HT,#9,#5,FT_1,1.5015360563729765,6.816500069158415,111.95364872187142,-0.548818545821692,-4.479365854510914,-70.828709060642,0.36733898475606536,183,,,,,,,,,,,,,,,,,,,,,,,,,,,,,,,,,,,,,,,,,,,,,,,,,,,,,,,,,,,,,,,,,,,,,,,,,,,,,,,,,,,,,,,,,,,,,,,,,,,,,,,,,,,,,,,,,,,,,,,,,,,,,,,,,,,,,,,,,,,,,,,,,,,,,,,,,,,,,,,,
237,PP,HT,#2,#4,MeOH_1,23675.348977939353,1.5378339285589493,6.322618121340958,50000000,-0.7857311216575791,-3.37235228935938,112.75080313954638,,,,,,,,,,,,,,,PVC,LT,#1,#1,GASOLINE_1,0.7273098508754131,1.7633553366743133,30.8085772393227,-0.2992188385228974,-0.43415986227020026,-13.450976174618535,0.5634015790430495,184,,,,,,,,,,,,,,,PP,HT,#9,#10,MeOH_1,1.374410492603687,5.712114113122675,108.25304657177206,-0.4220027734601312,-3.218485041203778,-65.41486865259586,0.39572260805403175,184,,,,,,,,,,,,,,,,,,,,,,,,,,,,,,,,,,,,,,,,,,,,,,,,,,,,,,,,,,,,,,,,,,,,,,,,,,,,,,,,,,,,,,,,,,,,,,,,,,,,,,,,,,,,,,,,,,,,,,,,,,,,,,,,,,,,,,,,,,,,,,,,,,,,,,,,,,,,,,,,
238,PP,HT,#2,#5,FT_1,25630.028443181895,1.6915925301951396,7.124387851958841,50000000,-0.821312698748408,-3.7215110239906846,116.53690697954633,,,,,,,,,,,,,,,PVC,LT,#1,#5,GASOLINE_1,0.8662113615879296,2.23553143463619,39.5640841193227,-0.26995391705719307,-0.8704859485564134,-15.668429224177956,0.6039734124282267,185,,,,,,,,,,,,,,,PP,HT,#9,#11,FT_1,1.5301463460123923,7.032034963750963,115.93580143780407,-0.5855654728298229,-4.618273765226024,-74.50954744724191,0.35732063328846736,185,,,,,,,,,,,,,,,,,,,,,,,,,,,,,,,,,,,,,,,,,,,,,,,,,,,,,,,,,,,,,,,,,,,,,,,,,,,,,,,,,,,,,,,,,,,,,,,,,,,,,,,,,,,,,,,,,,,,,,,,,,,,,,,,,,,,,,,,,,,,,,,,,,,,,,,,,,,,,,,,
239,PP,HT,#2,#6,Olefin,0,0.9969381550389509,1.5000609096256334,50000000,-0.43709461589362175,1.6072588198744433,63.47120682748963,,,,,,,,,,,,,,,PVC,LT,#1,#11,GASOLINE_1,0.7487830567340528,1.3359902701997564,33.36084738559648,-0.30258408716641183,-0.037077668920609055,-16.539514365050287,0.5042237934222494,186,,,,,,,,,,,,,,,PP,SG,#5,-,FT_1,1.3692334656251073,10.914697239132812,150.97061149011878,-0.32931629172774723,-8.46857124941189,-107.5289964918719,0.28774881792864826,186,,,,,,,,,,,,,,,,,,,,,,,,,,,,,,,,,,,,,,,,,,,,,,,,,,,,,,,,,,,,,,,,,,,,,,,,,,,,,,,,,,,,,,,,,,,,,,,,,,,,,,,,,,,,,,,,,,,,,,,,,,,,,,,,,,,,,,,,,,,,,,,,,,,,,,,,,,,,,,,,
240,PP,HT,#2,#7,MeOH_1,60160.103309624814,1.1867727031273332,3.126863280061344,50000000,-0.4315692129129636,0.04298757471606642,79.02409682944699,,,,,,,,,,,,,,,PVC,LT,#6,#6,MeOH_1,0.8380726909432468,1.9609531537799287,40.716707390430805,-0.2838932779503027,-0.4910298790785921,-15.695179091495909,0.6145273010168653,187,,,,,,,,,,,,,,,PP,SG,#10,-,FT_1,1.3913863240651527,11.014002102620811,152.93100240313697,-0.353776861610898,-8.49809583891984,-110.21335158511513,0.27932629844022777,187,,,,,,,,,,,,,,,,,,,,,,,,,,,,,,,,,,,,,,,,,,,,,,,,,,,,,,,,,,,,,,,,,,,,,,,,,,,,,,,,,,,,,,,,,,,,,,,,,,,,,,,,,,,,,,,,,,,,,,,,,,,,,,,,,,,,,,,,,,,,,,,,,,,,,,,,,,,,,,,,
241,PP,HT,#2,#8,FT_1,54124.14313437621,1.3209682163059073,3.8992953015069878,50000000,-0.48028218083099217,-0.4222943170661861,85.20774449547898,,,,,,,,,,,,,,,PVC,HT,#7,-,MeOH_1,0.7051355919917135,1.9207467615163865,32.93775174649637,-0.2920178052702495,-0.5653451401789439,-16.193842639878756,0.5083500912717481,188,,,,,,,,,,,,,,,PP,OG,#4,-,MeOH_1,0.922272470532424,5.759154490941914,96.80473423999999,-0.37957811331040786,-3.4867275519887984,-70.32358494576144,0.273552213144721,188,,,,,,,,,,,,,,,,,,,,,,,,,,,,,,,,,,,,,,,,,,,,,,,,,,,,,,,,,,,,,,,,,,,,,,,,,,,,,,,,,,,,,,,,,,,,,,,,,,,,,,,,,,,,,,,,,,,,,,,,,,,,,,,,,,,,,,,,,,,,,,,,,,,,,,,,,,,,,,,,
242,PP,HT,#2,#9,H2_1,162191.54071971806,1.2274108184329693,2.493228505600858,50000000,-0.5226254977474554,1.2368450215904694,77.02250043061989,,,,,,,,,,,,,,,PVC,SG,#1,-,MeOH_1,0.5655796937329113,1.8806268638335246,31.44165865493168,-0.18329947564782828,-0.5479672232591987,-14.569915477300356,0.536604743496411,189,,,,,,,,,,,,,,,PP,OG,#5,-,FT_1,1.4859813084361784,6.969296316699843,122.75122544000001,-0.5380079131081237,-4.657146315760103,-84.10997005553465,0.31479323522805036,189,,,,,,,,,,,,,,,,,,,,,,,,,,,,,,,,,,,,,,,,,,,,,,,,,,,,,,,,,,,,,,,,,,,,,,,,,,,,,,,,,,,,,,,,,,,,,,,,,,,,,,,,,,,,,,,,,,,,,,,,,,,,,,,,,,,,,,,,,,,,,,,,,,,,,,,,,,,,,,,,
243,PP,HT,#2,#10,MeOH_1,37090.36563739517,1.5344931086215778,6.0200018959231,50000000,-0.7708442760138013,-2.9862256024991463,112.83630482944702,,,,,,,,,,,,,,,PVC,SG,#2,-,FT_1,0.6653527761618847,2.1451503750468333,32.15640649493168,-0.24554302604636108,-0.90973736478515,-15.806766711648681,0.5084411339886482,190,,,,,,,,,,,,,,,PVC,HT,#1,#2,DIESEL_1,0.8889847182415034,1.7095954200204537,38.71344411305905,-0.3634039420228031,-0.3822917901807618,-17.970117805763262,0.5358171245812388,190,,,,,,,,,,,,,,,,,,,,,,,,,,,,,,,,,,,,,,,,,,,,,,,,,,,,,,,,,,,,,,,,,,,,,,,,,,,,,,,,,,,,,,,,,,,,,,,,,,,,,,,,,,,,,,,,,,,,,,,,,,,,,,,,,,,,,,,,,,,,,,,,,,,,,,,,,,,,,,,,
244,PP,HT,#2,#11,FT_1,52372.802059908754,1.7257677419286832,7.339922746551388,50000000,-0.8847471899174751,-3.867856012438872,120.51905969547897,,,,,,,,,,,,,,,PVC,SG,#3,-,H2_1,0.564921022248602,2.216968181138067,33.54006506455463,-0.188891708676195,-0.6985112464900741,-11.632369735668638,0.6531798697086666,191,,,,,,,,,,,,,,,PVC,HT,#1,#4,DIESEL_1,0.745305304086757,1.9111313864060586,33.48638235305906,-0.36172486277347604,-0.6509235676934767,-17.929888600608393,0.4645617907731242,191,,,,,,,,,,,,,,,,,,,,,,,,,,,,,,,,,,,,,,,,,,,,,,,,,,,,,,,,,,,,,,,,,,,,,,,,,,,,,,,,,,,,,,,,,,,,,,,,,,,,,,,,,,,,,,,,,,,,,,,,,,,,,,,,,,,,,,,,,,,,,,,,,,,,,,,,,,,,,,,,
245,PP,HT,#3,#1,MeOH_1,76499.2183542186,1.2915178782126135,4.085576500894419,50000000,-0.5046925885714474,-0.944839910971267,85.56470777496735,,,,,,,,,,,,,,,PVC,SG,#6,-,MeOH_1,0.5801344124026353,1.8249573411986366,34.98731006139432,-0.17020691620708134,-0.486623770182994,-17.799675226034104,0.49125339459364115,192,,,,,,,,,,,,,,,PVC,HT,#1,#5,DIESEL_1,0.9623467366589612,2.1244546907103223,42.95805115305905,-0.43682993744420884,-0.8059807988815624,-22.59704746872052,0.47397410119450034,192,,,,,,,,,,,,,,,,,,,,,,,,,,,,,,,,,,,,,,,,,,,,,,,,,,,,,,,,,,,,,,,,,,,,,,,,,,,,,,,,,,,,,,,,,,,,,,,,,,,,,,,,,,,,,,,,,,,,,,,,,,,,,,,,,,,,,,,,,,,,,,,,,,,,,,,,,,,,,,,,
246,PP,HT,#3,#2,FT_1,53475.05661735304,1.4137811738361699,4.337727717910528,50000000,-0.5172405714840286,-0.9075059324008379,87.37849944099933,,,,,,,,,,,,,,,PVC,SG,#7,-,FT_1,0.6809123003506068,2.376028746652511,37.35357420742632,-0.274351878094873,-1.1161045438738442,-21.30138282455321,0.4297364234473108,193,,,,,,,,,,,,,,,PVC,HT,#1,#11,DIESEL_1,0.7441359501301898,1.3496627787997741,32.47765466005381,-0.3240209565806857,-0.056067652250589725,-16.8749264270997,0.4804142539314832,193,,,,,,,,,,,,,,,,,,,,,,,,,,,,,,,,,,,,,,,,,,,,,,,,,,,,,,,,,,,,,,,,,,,,,,,,,,,,,,,,,,,,,,,,,,,,,,,,,,,,,,,,,,,,,,,,,,,,,,,,,,,,,,,,,,,,,,,,,,,,,,,,,,,,,,,,,,,,,,,,
247,PP,HT,#3,#3,H2_1,184870.69845767866,1.3242519680681013,3.954585884976432,50000000,-0.6087771344293341,-0.22400188235127896,83.08467811281596,,,,,,,,,,,,,,,PVC,SG,#8,-,H2_1,0.5956276118930665,2.510215620857096,38.894403423204714,-0.20748704200671342,-0.985736413008317,-17.207769291792022,0.5575772404950752,194,,,,,,,,,,,,,,,PVC,HT,#2,#1,Olefin,0.7283181111739534,1.703039123035664,30.573641406179057,-0.36320062791534036,-0.4171512943179041,-14.689448220063959,0.5195388071407431,194,,,,,,,,,,,,,,,,,,,,,,,,,,,,,,,,,,,,,,,,,,,,,,,,,,,,,,,,,,,,,,,,,,,,,,,,,,,,,,,,,,,,,,,,,,,,,,,,,,,,,,,,,,,,,,,,,,,,,,,,,,,,,,,,,,,,,,,,,,,,,,,,,,,,,,,,,,,,,,,,
248,PP,HT,#3,#4,MeOH_1,48628.96204286168,1.6336643098141126,6.996084384154493,50000000,-0.8502943368859444,-4.027343408430223,119.41453657496733,,,,,,,,,,,,,,,PS,HT,#6,-,MeOH_1,1.2605566076408734,4.113234110365592,95.37794085057011,0.06921913463259458,-0.8446289757665104,-42.2631517498281,0.5568875635924837,195,,,,,,,,,,,,,,,PVC,HT,#2,#2,FT_1,0.9611781256270391,1.9423116833855298,41.047453566179044,-0.47312598382654364,-0.6280642348425793,-20.11496863903939,0.5099581851865941,195,,,,,,,,,,,,,,,,,,,,,,,,,,,,,,,,,,,,,,,,,,,,,,,,,,,,,,,,,,,,,,,,,,,,,,,,,,,,,,,,,,,,,,,,,,,,,,,,,,,,,,,,,,,,,,,,,,,,,,,,,,,,,,,,,,,,,,,,,,,,,,,,,,,,,,,,,,,,,,,,
249,PP,HT,#3,#5,FT_1,50583.64150810423,1.7874229114503026,7.797854114772376,50000000,-0.8858759139767731,-4.376502143061528,123.20064041496735,,,,,,,,,,,,,,,PS,HT,#7,-,GASOLINE_1,1.3368720673044285,4.764721050646621,99.02858931660212,-0.01595531094959682,-1.5406414704795433,-46.47338859170459,0.530707355194917,196,,,,,,,,,,,,,,,PVC,HT,#2,#4,Olefin,0.8174987114722924,2.1438476497711347,35.820391806179046,-0.4714469045772163,-0.8966960123552943,-20.074739433884517,0.4395723100264468,196,,,,,,,,,,,,,,,,,,,,,,,,,,,,,,,,,,,,,,,,,,,,,,,,,,,,,,,,,,,,,,,,,,,,,,,,,,,,,,,,,,,,,,,,,,,,,,,,,,,,,,,,,,,,,,,,,,,,,,,,,,,,,,,,,,,,,,,,,,,,,,,,,,,,,,,,,,,,,,,,
250,PP,HT,#3,#6,Olefin,24953.613064922334,1.0927685362941149,2.17352717243917,50000000,-0.5016578311219878,0.9522677008035979,70.13494026291062,,,,,,,,,,,,,,,PS,LT,#4,-,GASOLINE_1,1.1997465062546164,3.2367126956532477,83.45666577690355,0.11382787157545748,-0.008542662060626744,-30.127140309950224,0.6390085797282373,197,,,,,,,,,,,,,,,PVC,HT,#2,#5,FT_1,1.0345401440444966,2.3571709540753982,45.292060606179035,-0.546551979247949,-1.0517532435433798,-24.741898301996635,0.4537254880688475,197,,,,,,,,,,,,,,,,,,,,,,,,,,,,,,,,,,,,,,,,,,,,,,,,,,,,,,,,,,,,,,,,,,,,,,,,,,,,,,,,,,,,,,,,,,,,,,,,,,,,,,,,,,,,,,,,,,,,,,,,,,,,,,,,,,,,,,,,,,,,,,,,,,,,,,,,,,,,,,,,
251,PP,HT,#3,#7,MeOH_1,85113.71637454715,1.282603084382497,3.8003295428748802,50000000,-0.49613242814132946,-0.6120035443547794,85.68783026486797,,,,,,,,,,,,,,,PS,LT,#6,-,MeOH_1,1.290991069159628,4.240224693245747,97.01770419087157,0.03312402574812694,-0.9719758061905902,-43.399191796214076,0.5526672976013637,198,,,,,,,,,,,,,,,PVC,HT,#2,#10,Olefin,0.7667318835434395,1.3681707288650933,33.180296703141806,-0.3823092545767864,-0.08492356691891939,-17.31873335469445,0.4780416368894447,198,,,,,,,,,,,,,,,,,,,,,,,,,,,,,,,,,,,,,,,,,,,,,,,,,,,,,,,,,,,,,,,,,,,,,,,,,,,,,,,,,,,,,,,,,,,,,,,,,,,,,,,,,,,,,,,,,,,,,,,,,,,,,,,,,,,,,,,,,,,,,,,,,,,,,,,,,,,,,,,,
252,PP,HT,#3,#8,FT_1,79077.75619929854,1.4167985975610708,4.572761564320524,50000000,-0.5448453960593577,-1.0772854361370316,91.87147793089996,,,,,,,,,,,,,,,PS,LT,#7,-,GASOLINE_1,1.368398466051498,4.904968966962777,100.70901809690358,-0.055603556721902404,-1.6836471416744805,-47.74064557234606,0.5259546118659466,199,,,,,,,,,,,,,,,PVC,HT,#2,#11,Olefin,0.8163293575157252,1.5823790421648505,34.81166411317381,-0.4337429983844259,-0.3018400969124079,-19.01977726037583,0.453637803738944,199,,,,,,,,,,,,,,,,,,,,,,,,,,,,,,,,,,,,,,,,,,,,,,,,,,,,,,,,,,,,,,,,,,,,,,,,,,,,,,,,,,,,,,,,,,,,,,,,,,,,,,,,,,,,,,,,,,,,,,,,,,,,,,,,,,,,,,,,,,,,,,,,,,,,,,,,,,,,,,,,
253,PP,HT,#3,#9,H2_1,187145.1537846404,1.3232411996881348,3.1666947684143945,50000000,-0.587188712975823,0.5818539025196245,83.68623386604088,,,,,,,,,,,,,,,PS,SG,#1,-,MeOH_1,0.7004661403250789,3.9537013765976323,77.71176083732654,0.15152954719732692,-0.8456949785603982,-39.94397799321374,0.485998289540393,200,,,,,,,,,,,,,,,PVC,HT,#3,#1,MeOH_1,0.7840895372293161,2.156028077165836,35.03243249142132,-0.3900925437641307,-0.7974249222083679,-18.599133142450473,0.4690881614628103,200,,,,,,,,,,,,,,,,,,,,,,,,,,,,,,,,,,,,,,,,,,,,,,,,,,,,,,,,,,,,,,,,,,,,,,,,,,,,,,,,,,,,,,,,,,,,,,,,,,,,,,,,,,,,,,,,,,,,,,,,,,,,,,,,,,,,,,,,,,,,,,,,,,,,,,,,,,,,,,,,
254,PP,HT,#3,#10,MeOH_1,62043.97870231751,1.6303234898767414,6.6934681587366365,50000000,-0.835407491242167,-3.641216721569992,119.500038264868,,,,,,,,,,,,,,,PS,SG,#2,-,FT_1,0.8503343092724729,4.588528613569978,79.88735443732654,0.07053337462046883,-1.7120988764697773,-43.956516391127984,0.4497687812955068,201,,,,,,,,,,,,,,,PVC,HT,#3,#2,MeOH_1,1.0169495516824016,2.3953006375157013,45.506244651421305,-0.5000178996753338,-1.0083378627330422,-24.024653561425904,0.4720580934450819,201,,,,,,,,,,,,,,,,,,,,,,,,,,,,,,,,,,,,,,,,,,,,,,,,,,,,,,,,,,,,,,,,,,,,,,,,,,,,,,,,,,,,,,,,,,,,,,,,,,,,,,,,,,,,,,,,,,,,,,,,,,,,,,,,,,,,,,,,,,,,,,,,,,,,,,,,,,,,,,,,
255,PP,HT,#3,#11,FT_1,77326.4151248311,1.8215981231838472,8.013389009364921,50000000,-0.9493104051458408,-4.522847131509714,127.18279313089997,,,,,,,,,,,,,,,PS,SG,#3,-,H2_1,0.6363107053064585,4.585222893016057,71.82709538062574,0.0879237418335915,-1.2035664599950182,-24.148143899987684,0.6638017481839968,202,,,,,,,,,,,,,,,PVC,HT,#3,#3,MeOH_1,0.7789800069287771,1.5341843443514698,32.72602153066471,-0.36789259127490054,-0.16720835988766164,-15.742536533535526,0.5189596597073506,202,,,,,,,,,,,,,,,,,,,,,,,,,,,,,,,,,,,,,,,,,,,,,,,,,,,,,,,,,,,,,,,,,,,,,,,,,,,,,,,,,,,,,,,,,,,,,,,,,,,,,,,,,,,,,,,,,,,,,,,,,,,,,,,,,,,,,,,,,,,,,,,,,,,,,,,,,,,,,,,,
256,PP,HT,#4,#1,MeOH_1,51545.60528929626,1.3444603645685254,4.210330142979392,50000000,-0.47942803135890355,-1.1471212309363916,87.16970681496734,,,,,,,,,,,,,,,PS,SG,#4,-,MeOH_1,1.0505380581668362,8.309803115160461,124.35406643732652,-0.21205947606868605,-5.231161895270281,-87.66231173826544,0.2950587443600282,203,,,,,,,,,,,,,,,PVC,HT,#3,#4,MeOH_1,0.8732701375276549,2.5968366039013064,40.279182891421314,-0.49833882042600647,-1.2769696402457573,-23.984424356271038,0.4045454094507152,203,,,,,,,,,,,,,,,,,,,,,,,,,,,,,,,,,,,,,,,,,,,,,,,,,,,,,,,,,,,,,,,,,,,,,,,,,,,,,,,,,,,,,,,,,,,,,,,,,,,,,,,,,,,,,,,,,,,,,,,,,,,,,,,,,,,,,,,,,,,,,,,,,,,,,,,,,,,,,,,,
257,PP,HT,#4,#2,FT_1,28521.4435524307,1.466723660192081,4.4624813599955,50000000,-0.4919760142714844,-1.1097872523659627,88.98349848099932,,,,,,,,,,,,,,,PS,SG,#5,-,FT_1,1.1892917797294635,8.945633786063095,126.24064627732655,-0.27133838582560105,-6.073841526577752,-90.63309356053682,0.28206091910022985,204,,,,,,,,,,,,,,,PVC,HT,#3,#5,FT_1,1.0903115700998591,2.81015990820557,49.75085169142131,-0.5734438950967394,-1.432026871433843,-28.651583224383153,0.42409863850986823,204,,,,,,,,,,,,,,,,,,,,,,,,,,,,,,,,,,,,,,,,,,,,,,,,,,,,,,,,,,,,,,,,,,,,,,,,,,,,,,,,,,,,,,,,,,,,,,,,,,,,,,,,,,,,,,,,,,,,,,,,,,,,,,,,,,,,,,,,,,,,,,,,,,,,,,,,,,,,,,,,
258,PP,HT,#4,#3,DIESEL_1,159917.08539275633,1.377194454424013,4.0793395270614035,50000000,-0.5835125772167903,-0.4262832023164019,84.68967715281597,,,,,,,,,,,,,,,PS,SG,#6,-,MeOH_1,0.7106188968423405,3.712023133929189,80.9172939450494,0.1834512060066308,-0.566824599100998,-42.728847945682034,0.47194418074955613,205,,,,,,,,,,,,,,,PVC,HT,#3,#7,MeOH_1,0.7536201646706504,1.5795737984299505,34.63801457238407,-0.3410989783018624,-0.21652620650199159,-18.104251877345455,0.477329976880965,205,,,,,,,,,,,,,,,,,,,,,,,,,,,,,,,,,,,,,,,,,,,,,,,,,,,,,,,,,,,,,,,,,,,,,,,,,,,,,,,,,,,,,,,,,,,,,,,,,,,,,,,,,,,,,,,,,,,,,,,,,,,,,,,,,,,,,,,,,,,,,,,,,,,,,,,,,,,,,,,,
259,PP,HT,#4,#4,MeOH_1,23675.348977939353,1.6866067961700237,7.120838026239466,50000000,-0.8250297796734004,-4.229624728395348,121.01953561496735,,,,,,,,,,,,,,,PS,SG,#7,-,FT_1,0.8656523796715939,4.806818489557282,85.51616561108138,0.012398071906619207,-1.8767358441274755,-50.10482166644425,0.4140894729270748,206,,,,,,,,,,,,,,,PVC,HT,#3,#8,MeOH_1,0.810760797203798,1.7333932805505425,36.21297583841608,-0.3990160781671056,-0.3792861690183157,-19.75437723867815,0.45449450697387955,206,,,,,,,,,,,,,,,,,,,,,,,,,,,,,,,,,,,,,,,,,,,,,,,,,,,,,,,,,,,,,,,,,,,,,,,,,,,,,,,,,,,,,,,,,,,,,,,,,,,,,,,,,,,,,,,,,,,,,,,,,,,,,,,,,,,,,,,,,,,,,,,,,,,,,,,,,,,,,,,,
260,PP,HT,#4,#5,FT_1,25630.028443181895,1.840365397806214,7.922607756857348,50000000,-0.8606113567642294,-4.578783463026651,124.80563945496735,,,,,,,,,,,,,,,PS,SG,#8,-,H2_1,0.7190798161707944,5.283546527601112,87.63362804431141,0.06709739497306089,-1.8312656770082198,-40.120411087306316,0.5421801883288493,207,,,,,,,,,,,,,,,PVC,HT,#3,#9,MeOH_1,0.7663899685473089,1.5844550705016913,35.8138082424704,-0.3522815969529981,-0.21554508455829113,-19.090022056829437,0.466964754834667,207,,,,,,,,,,,,,,,,,,,,,,,,,,,,,,,,,,,,,,,,,,,,,,,,,,,,,,,,,,,,,,,,,,,,,,,,,,,,,,,,,,,,,,,,,,,,,,,,,,,,,,,,,,,,,,,,,,,,,,,,,,,,,,,,,,,,,,,,,,,,,,,,,,,,,,,,,,,,,,,,
261,PP,HT,#4,#6,Olefin,0,1.145711022650026,2.2982808145241425,50000000,-0.47639327390944375,0.7499863808384737,71.7399393029106,,,,,,,,,,,,,,,PS,SG,#9,-,MeOH_1,1.1518654309221719,8.212263957310592,129.13418034504937,-0.2586171452211295,-5.09700827650944,-90.89495055736208,0.2961201262555835,208,,,,,,,,,,,,,,,PVC,HT,#3,#10,MeOH_1,0.822503309598802,1.8211596829952652,37.639087788384074,-0.4092011704255766,-0.46519719480938254,-21.228418277080984,0.4360007235979733,208,,,,,,,,,,,,,,,,,,,,,,,,,,,,,,,,,,,,,,,,,,,,,,,,,,,,,,,,,,,,,,,,,,,,,,,,,,,,,,,,,,,,,,,,,,,,,,,,,,,,,,,,,,,,,,,,,,,,,,,,,,,,,,,,,,,,,,,,,,,,,,,,,,,,,,,,,,,,,,,,
262,PP,HT,#4,#7,MeOH_1,60160.103309624814,1.335545570738408,3.9250831849598526,50000000,-0.4708678709287855,-0.814284864319903,87.29282930486798,,,,,,,,,,,,,,,PE,HT,#1,#1,MeOH_1,0.8854184192527849,2.739820066946581,75.02553626578532,0.32181506962184414,-0.008753356616047024,-24.01361984659789,0.6799273815047814,209,,,,,,,,,,,,,,,PVC,HT,#3,#11,MeOH_1,0.872100783571088,2.0353679962950224,39.27045519841608,-0.4606349142332164,-0.682113724802871,-22.92946218276235,0.4161141736985218,209,,,,,,,,,,,,,,,,,,,,,,,,,,,,,,,,,,,,,,,,,,,,,,,,,,,,,,,,,,,,,,,,,,,,,,,,,,,,,,,,,,,,,,,,,,,,,,,,,,,,,,,,,,,,,,,,,,,,,,,,,,,,,,,,,,,,,,,,,,,,,,,,,,,,,,,,,,,,,,,,
263,PP,HT,#4,#8,FT_1,54124.14313437621,1.4697410839169818,4.697515206405496,50000000,-0.5195808388468137,-1.279566756102155,93.47647697089998,,,,,,,,,,,,,,,PE,HT,#1,#2,FT_1,0.9953322769198866,3.5108255481763946,81.7509647318173,0.2196792529401401,-0.8913561360329956,-32.77795210498549,0.5990511890286185,210,,,,,,,,,,,,,,,PVC,HT,#4,#1,DIESEL_1,0.819862761314979,2.2587410992183656,36.16228783745332,-0.42999856201227593,-0.938585084183014,-20.225848540374123,0.44069223077677644,210,,,,,,,,,,,,,,,,,,,,,,,,,,,,,,,,,,,,,,,,,,,,,,,,,,,,,,,,,,,,,,,,,,,,,,,,,,,,,,,,,,,,,,,,,,,,,,,,,,,,,,,,,,,,,,,,,,,,,,,,,,,,,,,,,,,,,,,,,,,,,,,,,,,,,,,,,,,,,,,,
264,PP,HT,#4,#9,DIESEL_1,162191.54071971806,1.3761836860440462,3.2914484104993673,50000000,-0.5619241557632794,0.3795725825544998,85.29123290604089,,,,,,,,,,,,,,,PE,HT,#1,#3,DIESEL_1,0.9122349016645714,2.9866640768248867,73.20069846714527,0.23001707429827706,-0.08019905914310932,-19.21803648700485,0.7374610230579904,211,,,,,,,,,,,,,,,PVC,HT,#4,#2,FT_1,1.0527227757680644,2.498013659568232,46.636099997453314,-0.5399239179234788,-1.1494980247076894,-25.651368959349565,0.4499675367204735,211,,,,,,,,,,,,,,,,,,,,,,,,,,,,,,,,,,,,,,,,,,,,,,,,,,,,,,,,,,,,,,,,,,,,,,,,,,,,,,,,,,,,,,,,,,,,,,,,,,,,,,,,,,,,,,,,,,,,,,,,,,,,,,,,,,,,,,,,,,,,,,,,,,,,,,,,,,,,,,,,
265,PP,HT,#4,#10,MeOH_1,37090.36563739517,1.6832659762326523,6.818221800821609,50000000,-0.8101429340296227,-3.8434980415351165,121.10503730486799,,,,,,,,,,,,,,,PE,HT,#1,#4,MeOH_1,1.1645960416783296,5.306914419589095,104.9146562657853,0.04545087761503609,-2.614238737335127,-55.02150471025589,0.4755594054383852,212,,,,,,,,,,,,,,,PVC,HT,#4,#3,DIESEL_1,0.8147532310144401,1.6368973664039999,33.855876876696705,-0.4077986095230456,-0.30836852186230806,-17.369251931459168,0.4869649368492779,212,,,,,,,,,,,,,,,,,,,,,,,,,,,,,,,,,,,,,,,,,,,,,,,,,,,,,,,,,,,,,,,,,,,,,,,,,,,,,,,,,,,,,,,,,,,,,,,,,,,,,,,,,,,,,,,,,,,,,,,,,,,,,,,,,,,,,,,,,,,,,,,,,,,,,,,,,,,,,,,,
266,PP,HT,#4,#11,FT_1,52372.802059908754,1.8745406095397583,8.138142651449895,50000000,-0.9240458479332968,-4.725128451474839,128.7877921709,,,,,,,,,,,,,,,PE,HT,#1,#5,FT_1,1.2968272385807047,6.485859998984656,112.05916633181731,-0.08211580605333679,-3.8701666731973225,-63.431786617906845,0.43394379331647354,213,,,,,,,,,,,,,,,PVC,HT,#4,#4,DIESEL_1,0.9090433616133182,2.6995496259538365,41.409038237453316,-0.5382448386741518,-1.4181298022204039,-25.611139754194692,0.38150846181619036,213,,,,,,,,,,,,,,,,,,,,,,,,,,,,,,,,,,,,,,,,,,,,,,,,,,,,,,,,,,,,,,,,,,,,,,,,,,,,,,,,,,,,,,,,,,,,,,,,,,,,,,,,,,,,,,,,,,,,,,,,,,,,,,,,,,,,,,,,,,,,,,,,,,,,,,,,,,,,,,,,
267,PP,HT,#5,#1,MeOH_1,94373.72154762047,1.276948513476303,3.8637566827760046,50000000,-0.4853095494153861,-0.6184541959301445,84.6911877851064,,,,,,,,,,,,,,,PE,HT,#1,#7,MeOH_1,0.889335496289018,2.783361038525662,76.0405189598677,0.31854998050334943,-0.03994783195335925,-25.460450336127504,0.66517258582145,214,,,,,,,,,,,,,,,PVC,HT,#4,#5,FT_1,1.126084794185522,2.9128729302581,50.88070703745332,-0.6133499133448846,-1.5731870334084894,-30.278298622306814,0.4049159222567615,214,,,,,,,,,,,,,,,,,,,,,,,,,,,,,,,,,,,,,,,,,,,,,,,,,,,,,,,,,,,,,,,,,,,,,,,,,,,,,,,,,,,,,,,,,,,,,,,,,,,,,,,,,,,,,,,,,,,,,,,,,,,,,,,,,,,,,,,,,,,,,,,,,,,,,,,,,,,,,,,,
268,PP,HT,#5,#2,FT_1,71349.55981075492,1.3992118090998593,4.115907899792114,50000000,-0.49785753232796764,-0.5811202173597151,86.5049794511384,,,,,,,,,,,,,,,PE,HT,#1,#8,FT_1,1.0190201018639422,3.614650736068261,83.18128022589968,0.19006941160005453,-0.9943729063750005,-34.331006812373644,0.5872748445426764,215,,,,,,,,,,,,,,,PVC,HT,#4,#6,DIESEL_1,0.7177468431652798,1.3966108789635605,32.2773045448285,-0.31562430915671175,-0.08329463592827946,-15.927837959461467,0.5065313481384417,215,,,,,,,,,,,,,,,,,,,,,,,,,,,,,,,,,,,,,,,,,,,,,,,,,,,,,,,,,,,,,,,,,,,,,,,,,,,,,,,,,,,,,,,,,,,,,,,,,,,,,,,,,,,,,,,,,,,,,,,,,,,,,,,,,,,,,,,,,,,,,,,,,,,,,,,,,,,,,,,,
269,PP,HT,#5,#3,H2_1,202745.20165108054,1.3096826033317928,3.7327660668580167,50000000,-0.589394095273275,0.10238383268984466,82.21115812295504,,,,,,,,,,,,,,,PE,HT,#1,#9,DIESEL_1,0.9368305419712091,3.0292933832347866,74.93275572773791,0.2198568473309669,-0.10968047385737359,-20.15880009090662,0.7309747933980704,216,,,,,,,,,,,,,,,PVC,HT,#4,#7,DIESEL_1,0.7893933887563134,1.6822868204824808,35.76786991841607,-0.3810049965500077,-0.3576863684766385,-19.73096727526911,0.4483605727633762,216,,,,,,,,,,,,,,,,,,,,,,,,,,,,,,,,,,,,,,,,,,,,,,,,,,,,,,,,,,,,,,,,,,,,,,,,,,,,,,,,,,,,,,,,,,,,,,,,,,,,,,,,,,,,,,,,,,,,,,,,,,,,,,,,,,,,,,,,,,,,,,,,,,,,,,,,,,,,,,,,
270,PP,HT,#5,#4,MeOH_1,66503.46523626357,1.619094945077802,6.774264566036079,50000000,-0.8309112977298831,-3.700957693389101,118.5410165851064,,,,,,,,,,,,,,,PE,HT,#1,#10,MeOH_1,1.2091861386991627,5.6528256811222395,109.36027095986766,0.003953235358999052,-2.9564195562885525,-59.49500816409739,0.4559723778854709,217,,,,,,,,,,,,,,,PVC,HT,#4,#8,DIESEL_1,0.8465340212894608,1.8361063026030722,37.34283118444808,-0.43892209641525065,-0.5204463309929621,-21.381092636601803,0.42743782518808465,217,,,,,,,,,,,,,,,,,,,,,,,,,,,,,,,,,,,,,,,,,,,,,,,,,,,,,,,,,,,,,,,,,,,,,,,,,,,,,,,,,,,,,,,,,,,,,,,,,,,,,,,,,,,,,,,,,,,,,,,,,,,,,,,,,,,,,,,,,,,,,,,,,,,,,,,,,,,,,,,,
271,PP,HT,#5,#5,FT_1,68458.14470150611,1.7728535467139945,7.57603429665396,50000000,-0.8664928748207146,-4.050116428020403,122.32712042510639,,,,,,,,,,,,,,,PE,HT,#1,#11,FT_1,1.344539533868227,6.859928299041642,116.27753462589968,-0.13634203049999186,-4.244546367122585,-67.91197968361762,0.4159492639561787,218,,,,,,,,,,,,,,,PVC,HT,#4,#9,DIESEL_1,0.802163192632972,1.6871680925542218,36.9436635885024,-0.3921876152011433,-0.3567052465329379,-20.716737454753083,0.43923435191737337,218,,,,,,,,,,,,,,,,,,,,,,,,,,,,,,,,,,,,,,,,,,,,,,,,,,,,,,,,,,,,,,,,,,,,,,,,,,,,,,,,,,,,,,,,,,,,,,,,,,,,,,,,,,,,,,,,,,,,,,,,,,,,,,,,,,,,,,,,,,,,,,,,,,,,,,,,,,,,,,,,
272,PP,HT,#5,#6,Olefin,42828.11625832422,1.0781991715578059,1.9517073543207548,50000000,-0.4822747919659283,1.2786534158447218,69.26142027304968,,,,,,,,,,,,,,,PE,HT,#2,#1,MeOH_1,0.96542034356504,3.1470315283126373,79.45125926434532,0.18532046292238022,-0.43503645898452165,-28.162201328102835,0.6455411583294949,219,,,,,,,,,,,,,,,PVC,HT,#4,#10,DIESEL_1,0.858276533684465,1.9238727050477953,38.76894313441607,-0.44910718867372185,-0.6063573567840294,-22.855133675004627,0.41047828939356346,219,,,,,,,,,,,,,,,,,,,,,,,,,,,,,,,,,,,,,,,,,,,,,,,,,,,,,,,,,,,,,,,,,,,,,,,,,,,,,,,,,,,,,,,,,,,,,,,,,,,,,,,,,,,,,,,,,,,,,,,,,,,,,,,,,,,,,,,,,,,,,,,,,,,,,,,,,,,,,,,,
273,PP,HT,#5,#7,MeOH_1,102988.21956794904,1.268033719646186,3.5785097247564654,50000000,-0.47674938898526803,-0.2856178293136552,84.81431027500703,,,,,,,,,,,,,,,PE,HT,#2,#2,FT_1,1.0753342012321416,3.9180370095424517,86.17668773037731,0.08318464624067616,-1.3176392384014708,-36.92653358649043,0.5715020551494948,220,,,,,,,,,,,,,,,PVC,HT,#4,#11,DIESEL_1,0.907874007656751,2.138081018347552,40.40031054444808,-0.5005409324813616,-0.8232738867775172,-24.556177580686008,0.39217849442841524,220,,,,,,,,,,,,,,,,,,,,,,,,,,,,,,,,,,,,,,,,,,,,,,,,,,,,,,,,,,,,,,,,,,,,,,,,,,,,,,,,,,,,,,,,,,,,,,,,,,,,,,,,,,,,,,,,,,,,,,,,,,,,,,,,,,,,,,,,,,,,,,,,,,,,,,,,,,,,,,,,
274,PP,HT,#5,#8,FT_1,96952.25939270043,1.40222923282476,4.35094174620211,50000000,-0.5254623569032966,-0.7508997210959074,90.99795794103903,,,,,,,,,,,,,,,PE,HT,#2,#3,H2_1,0.9922368259768267,3.3938755381909425,77.62642146570528,0.09352246759881311,-0.5064821615115833,-23.366617968509782,0.6989862790617887,221,,,,,,,,,,,,,,,PVC,HT,#5,#1,DIESEL_1,0.7829627313803144,2.0220992154543147,34.5563446004856,-0.3862325044859281,-0.630873048732332,-17.190285418468722,0.5025432922026377,221,,,,,,,,,,,,,,,,,,,,,,,,,,,,,,,,,,,,,,,,,,,,,,,,,,,,,,,,,,,,,,,,,,,,,,,,,,,,,,,,,,,,,,,,,,,,,,,,,,,,,,,,,,,,,,,,,,,,,,,,,,,,,,,,,,,,,,,,,,,,,,,,,,,,,,,,,,,,,,,,
275,PP,HT,#5,#9,H2_1,205019.65697804227,1.308671834951824,2.9448749502959792,50000000,-0.5678056738197619,0.9082396175607481,82.81271387617994,,,,,,,,,,,,,,,PE,HT,#2,#4,MeOH_1,1.244597965990585,5.714125880955152,109.3403792643453,-0.09104372908442812,-3.0405218397036022,-59.17008619176082,0.45884506172500966,222,,,,,,,,,,,,,,,PVC,HT,#5,#2,FT_1,1.0158227458334,2.2613717758041796,45.0301567604856,-0.4961578603971314,-0.8417859892570061,-22.615805837444167,0.4977631111138001,222,,,,,,,,,,,,,,,,,,,,,,,,,,,,,,,,,,,,,,,,,,,,,,,,,,,,,,,,,,,,,,,,,,,,,,,,,,,,,,,,,,,,,,,,,,,,,,,,,,,,,,,,,,,,,,,,,,,,,,,,,,,,,,,,,,,,,,,,,,,,,,,,,,,,,,,,,,,,,,,,
276,PP,HT,#5,#10,MeOH_1,79918.4818957194,1.6157541251404324,6.471648340618222,50000000,-0.8160244520861076,-3.314831006528869,118.62651827500704,,,,,,,,,,,,,,,PE,HT,#2,#5,FT_1,1.37682916289296,6.893071460350712,116.48488933037731,-0.22859204550826034,-4.299528581849583,-68.00725999027101,0.41617096963205985,223,,,,,,,,,,,,,,,PVC,HT,#5,#3,DIESEL_1,0.7778532010797755,1.4002554826399476,32.249933639728994,-0.364032551996698,-0.0006564864116248489,-14.333688809553774,0.555543618486831,223,,,,,,,,,,,,,,,,,,,,,,,,,,,,,,,,,,,,,,,,,,,,,,,,,,,,,,,,,,,,,,,,,,,,,,,,,,,,,,,,,,,,,,,,,,,,,,,,,,,,,,,,,,,,,,,,,,,,,,,,,,,,,,,,,,,,,,,,,,,,,,,,,,,,,,,,,,,,,,,,
277,PP,HT,#5,#11,FT_1,95200.91831823297,1.8070287584475389,7.7915691912465075,50000000,-0.9299273659897823,-4.1964614164685905,126.30927314103903,,,,,,,,,,,,,,,PE,HT,#2,#7,MeOH_1,0.9693374206012735,3.1905724998917186,80.4662419584277,0.172073741048426,-0.46930974060561953,-30.03592370849164,0.6267264013148585,224,,,,,,,,,,,,,,,PVC,HT,#5,#4,DIESEL_1,0.8721433316786535,2.462907742189785,39.803095000485605,-0.4944787811478042,-1.1104177667697215,-22.57557663228929,0.43281856267674995,224,,,,,,,,,,,,,,,,,,,,,,,,,,,,,,,,,,,,,,,,,,,,,,,,,,,,,,,,,,,,,,,,,,,,,,,,,,,,,,,,,,,,,,,,,,,,,,,,,,,,,,,,,,,,,,,,,,,,,,,,,,,,,,,,,,,,,,,,,,,,,,,,,,,,,,,,,,,,,,,,
278,PP,HT,#6,#1,MeOH_1,60797.15038226909,1.3856612364222578,4.650039880365766,50000000,-0.5922012947717713,-1.6016013076347562,93.26396393496732,,,,,,,,,,,,,,,PE,HT,#2,#8,FT_1,1.0990220261761976,4.021862197434318,87.60700322445969,0.04359317214513112,-1.4237348150272608,-38.90648018473777,0.5558976023291804,225,,,,,,,,,,,,,,,PVC,HT,#5,#5,FT_1,1.0891847642508576,2.676231046494049,49.2747638004856,-0.569583855818537,-1.2654749979578077,-27.242735500401412,0.44712600529740265,225,,,,,,,,,,,,,,,,,,,,,,,,,,,,,,,,,,,,,,,,,,,,,,,,,,,,,,,,,,,,,,,,,,,,,,,,,,,,,,,,,,,,,,,,,,,,,,,,,,,,,,,,,,,,,,,,,,,,,,,,,,,,,,,,,,,,,,,,,,,,,,,,,,,,,,,,,,,,,,,,
279,PP,HT,#6,#2,FT_1,37772.98864540352,1.5079245320458134,4.902191097381875,50000000,-0.604749277684352,-1.5642673290643279,95.07775560099935,,,,,,,,,,,,,,,PE,HT,#2,#9,H2_1,1.0168324662834645,3.436504844600842,79.35847872629789,0.0733806078760439,-0.5390423825096327,-24.73427346327074,0.6883222327310784,226,,,,,,,,,,,,,,,PVC,HT,#5,#7,DIESEL_1,0.7524933588216485,1.445644936718429,34.16192668144836,-0.3372389390236598,-0.049974333025955706,-16.69540415336371,0.5112862248946237,226,,,,,,,,,,,,,,,,,,,,,,,,,,,,,,,,,,,,,,,,,,,,,,,,,,,,,,,,,,,,,,,,,,,,,,,,,,,,,,,,,,,,,,,,,,,,,,,,,,,,,,,,,,,,,,,,,,,,,,,,,,,,,,,,,,,,,,,,,,,,,,,,,,,,,,,,,,,,,,,,
280,PP,HT,#6,#3,MeOH_1,169168.63048572914,1.4183953262777453,4.519049264447777,50000000,-0.6962858406296579,-0.8807632790147665,90.78393427281597,,,,,,,,,,,,,,,PE,HT,#2,#10,MeOH_1,1.2891880630114185,6.060037142488296,113.7859939584277,-0.1425230040959245,-3.385781464940812,-64.07048153646157,0.43692119471338403,227,,,,,,,,,,,,,,,PVC,HT,#5,#8,DIESEL_1,0.809633991354796,1.599464418839021,35.736887947480355,-0.3951560388889028,-0.21273429554227977,-18.34552951469639,0.48665005353411434,227,,,,,,,,,,,,,,,,,,,,,,,,,,,,,,,,,,,,,,,,,,,,,,,,,,,,,,,,,,,,,,,,,,,,,,,,,,,,,,,,,,,,,,,,,,,,,,,,,,,,,,,,,,,,,,,,,,,,,,,,,,,,,,,,,,,,,,,,,,,,,,,,,,,,,,,,,,,,,,,,
281,PP,HT,#6,#4,MeOH_1,32926.89407091217,1.7278076680237564,7.560547763625838,50000000,-0.9378030430862682,-4.68410480509371,127.11379273496736,,,,,,,,,,,,,,,PE,HT,#2,#11,FT_1,1.4245414581804823,7.267139760407701,120.70325762445968,-0.28281826995491527,-4.673908275774848,-72.48745305598177,0.39945735945661265,228,,,,,,,,,,,,,,,PVC,HT,#5,#9,DIESEL_1,0.7652631626983072,1.4505262087901696,35.33772035153469,-0.34842155767479555,-0.04899321108225495,-17.681174332847693,0.49965152938678986,228,,,,,,,,,,,,,,,,,,,,,,,,,,,,,,,,,,,,,,,,,,,,,,,,,,,,,,,,,,,,,,,,,,,,,,,,,,,,,,,,,,,,,,,,,,,,,,,,,,,,,,,,,,,,,,,,,,,,,,,,,,,,,,,,,,,,,,,,,,,,,,,,,,,,,,,,,,,,,,,,
282,PP,HT,#6,#5,FT_1,34881.57353615471,1.881566269659947,8.362317494243722,50000000,-0.9733846201770978,-5.033263539725017,130.89989657496733,,,,,,,,,,,,,,,PE,HT,#3,#1,MeOH_1,1.0426255203440593,3.879433076880131,86.6665201561461,0.14410155127583493,-1.0557906761896283,-34.61963123085851,0.6005420412809387,229,,,,,,,,,,,,,,,PVC,HT,#5,#10,DIESEL_1,0.8213765037498003,1.6872308212837437,37.16299989744836,-0.4053411311473739,-0.29864532133334665,-19.81957055309923,0.4666853965559423,229,,,,,,,,,,,,,,,,,,,,,,,,,,,,,,,,,,,,,,,,,,,,,,,,,,,,,,,,,,,,,,,,,,,,,,,,,,,,,,,,,,,,,,,,,,,,,,,,,,,,,,,,,,,,,,,,,,,,,,,,,,,,,,,,,,,,,,,,,,,,,,,,,,,,,,,,,,,,,,,,
283,PP,HT,#6,#6,Olefin,9251.545092972821,1.1869118945037584,2.737990551910517,50000000,-0.5891665373223113,0.2955063041401082,77.83419642291061,,,,,,,,,,,,,,,PE,HT,#3,#2,FT_1,1.1525393780111606,4.650438558109945,93.39194862217806,0.041965734594131304,-1.9383934556065767,-43.383963489246085,0.5354635583763421,230,,,,,,,,,,,,,,,PVC,HT,#5,#11,DIESEL_1,0.8709739777220862,1.9014391345835007,38.79436730748036,-0.4567748749550137,-0.5155618513268349,-21.520614458780592,0.4452644558368406,230,,,,,,,,,,,,,,,,,,,,,,,,,,,,,,,,,,,,,,,,,,,,,,,,,,,,,,,,,,,,,,,,,,,,,,,,,,,,,,,,,,,,,,,,,,,,,,,,,,,,,,,,,,,,,,,,,,,,,,,,,,,,,,,,,,,,,,,,,,,,,,,,,,,,,,,,,,,,,,,,
284,PP,HT,#6,#7,MeOH_1,69411.64840259764,1.376746442592141,4.364792922346227,50000000,-0.5836411343416532,-1.2687649410182682,93.38708642486796,,,,,,,,,,,,,,,PE,HT,#3,#3,H2_1,1.0694420027558453,4.126277086758438,84.84168235750604,0.052303555952268405,-1.1272363787166912,-29.82404787126545,0.6484741103365582,231,,,,,,,,,,,,,,,PVC,HT,#6,#1,MeOH_1,0.8552202804541582,2.6223770209466215,41.13060177142131,-0.4587789989796155,-1.2860647179556624,-24.96255224934945,0.3930905171756051,231,,,,,,,,,,,,,,,,,,,,,,,,,,,,,,,,,,,,,,,,,,,,,,,,,,,,,,,,,,,,,,,,,,,,,,,,,,,,,,,,,,,,,,,,,,,,,,,,,,,,,,,,,,,,,,,,,,,,,,,,,,,,,,,,,,,,,,,,,,,,,,,,,,,,,,,,,,,,,,,,
285,PP,HT,#6,#8,FT_1,63375.68822734903,1.5109419557707149,5.137224943791872,50000000,-0.6323541022596814,-1.734046832800521,99.57073409089998,,,,,,,,,,,,,,,PE,HT,#3,#4,MeOH_1,1.321803142769604,6.446527429522645,116.55564015614608,-0.1322626407309731,-3.661276056908707,-65.6275160945165,0.4369425966294099,232,,,,,,,,,,,,,,,PVC,HT,#6,#2,MeOH_1,1.0880802949072437,2.861649581296487,51.60441393142132,-0.5687043548908186,-1.496977658480337,-30.388072668324906,0.4111342353638869,232,,,,,,,,,,,,,,,,,,,,,,,,,,,,,,,,,,,,,,,,,,,,,,,,,,,,,,,,,,,,,,,,,,,,,,,,,,,,,,,,,,,,,,,,,,,,,,,,,,,,,,,,,,,,,,,,,,,,,,,,,,,,,,,,,,,,,,,,,,,,,,,,,,,,,,,,,,,,,,,,
286,PP,HT,#6,#9,MeOH_1,171443.08581269087,1.4173845578977788,3.731158147885741,50000000,-0.6746974191761467,-0.07490749414386451,91.38549002604088,,,,,,,,,,,,,,,PE,HT,#3,#5,FT_1,1.4540343396719786,7.625473008918205,123.70015022217805,-0.25982932439934603,-4.9172039927709035,-74.03779800216743,0.4014736613562068,233,,,,,,,,,,,,,,,PVC,HT,#6,#3,MeOH_1,0.8501107501536194,2.0005332881322553,38.8241908106647,-0.4365790464903855,-0.6558481556349564,-22.105955640434495,0.4306138729783349,233,,,,,,,,,,,,,,,,,,,,,,,,,,,,,,,,,,,,,,,,,,,,,,,,,,,,,,,,,,,,,,,,,,,,,,,,,,,,,,,,,,,,,,,,,,,,,,,,,,,,,,,,,,,,,,,,,,,,,,,,,,,,,,,,,,,,,,,,,,,,,,,,,,,,,,,,,,,,,,,,
287,PP,HT,#6,#10,MeOH_1,46341.91073036799,1.7244668480863854,7.257931538207981,50000000,-0.9229161974424909,-4.2979781182334795,127.19929442486797,,,,,,,,,,,,,,,PE,HT,#3,#7,MeOH_1,1.0465425973802922,3.922974048459212,87.6815028502285,0.1408364621573402,-1.0869851515269404,-36.06646172038813,0.5886651055468977,234,,,,,,,,,,,,,,,PVC,HT,#6,#4,MeOH_1,0.9444008807524973,3.0631855476820924,46.37735217142131,-0.5670252756414915,-1.765609435993052,-30.34784346317002,0.3456322527642924,234,,,,,,,,,,,,,,,,,,,,,,,,,,,,,,,,,,,,,,,,,,,,,,,,,,,,,,,,,,,,,,,,,,,,,,,,,,,,,,,,,,,,,,,,,,,,,,,,,,,,,,,,,,,,,,,,,,,,,,,,,,,,,,,,,,,,,,,,,,,,,,,,,,,,,,,,,,,,,,,,
288,PP,HT,#6,#11,FT_1,61624.34715288158,1.9157414813934914,8.57785238883627,50000000,-1.036819111346165,-5.179608528173205,134.88204929089997,,,,,,,,,,,,,,,PE,HT,#3,#8,FT_1,1.1762272029552163,4.754263746001812,94.82226411626047,0.012355893254045468,-2.0414102259485825,-44.937018196634256,0.5260921196572832,235,,,,,,,,,,,,,,,PVC,HT,#6,#5,MeOH_1,1.1614423133247014,3.276508851986356,55.84902097142131,-0.6421303503122242,-1.9206666671811379,-35.01500233128214,0.37304178798049503,235,,,,,,,,,,,,,,,,,,,,,,,,,,,,,,,,,,,,,,,,,,,,,,,,,,,,,,,,,,,,,,,,,,,,,,,,,,,,,,,,,,,,,,,,,,,,,,,,,,,,,,,,,,,,,,,,,,,,,,,,,,,,,,,,,,,,,,,,,,,,,,,,,,,,,,,,,,,,,,,,
289,PP,HT,#7,#1,MeOH_1,63466.115458194,1.4353252229756404,4.961455104422662,50000000,-0.6276812925042765,-1.8220790405963327,94.98572969496735,,,,,,,,,,,,,,,PE,HT,#3,#9,H2_1,1.0940376430624834,4.168906393168336,86.57373961809868,0.04214332898495769,-1.1567177934309547,-30.764811475167217,0.6446403769678943,236,,,,,,,,,,,,,,,PVC,HT,#6,#6,MeOH_1,0.7531043623044592,1.760246800691816,37.24561847879651,-0.34440474612405153,-0.43077426970092775,-20.6645416684368,0.44518194320760485,236,,,,,,,,,,,,,,,,,,,,,,,,,,,,,,,,,,,,,,,,,,,,,,,,,,,,,,,,,,,,,,,,,,,,,,,,,,,,,,,,,,,,,,,,,,,,,,,,,,,,,,,,,,,,,,,,,,,,,,,,,,,,,,,,,,,,,,,,,,,,,,,,,,,,,,,,,,,,,,,,
290,PP,HT,#7,#2,FT_1,40441.953721328435,1.557588518599197,5.21360632143877,50000000,-0.640229275416858,-1.7847450620259038,96.79952136099934,,,,,,,,,,,,,,,PE,HT,#3,#10,MeOH_1,1.366393239790437,6.79243869105579,121.00125485022845,-0.17376028298701005,-4.003456875862134,-70.101019548358,0.42065873915831004,237,,,,,,,,,,,,,,,PVC,HT,#6,#7,MeOH_1,0.8247509078954924,2.0459227422107364,40.73618385238407,-0.40978543351734714,-0.7051660022492865,-24.467670984244442,0.39936271220426367,237,,,,,,,,,,,,,,,,,,,,,,,,,,,,,,,,,,,,,,,,,,,,,,,,,,,,,,,,,,,,,,,,,,,,,,,,,,,,,,,,,,,,,,,,,,,,,,,,,,,,,,,,,,,,,,,,,,,,,,,,,,,,,,,,,,,,,,,,,,,,,,,,,,,,,,,,,,,,,,,,
291,PP,HT,#7,#3,H2_1,171837.59556165405,1.4680593128311301,4.830464488504673,50000000,-0.7317658383621652,-1.1012410119763432,92.50570003281597,,,,,,,,,,,,,,,PE,HT,#4,#1,MeOH_1,1.0932394050392886,4.066027425782801,88.8766649421781,0.08819007105411174,-1.3024021794933922,-37.722234682029,0.575566491985601,238,,,,,,,,,,,,,,,PVC,HT,#6,#8,MeOH_1,0.8818915404286402,2.199742224331328,42.31114511841608,-0.46770253338259044,-0.8679259647656103,-26.11779634557714,0.3827206455301237,238,,,,,,,,,,,,,,,,,,,,,,,,,,,,,,,,,,,,,,,,,,,,,,,,,,,,,,,,,,,,,,,,,,,,,,,,,,,,,,,,,,,,,,,,,,,,,,,,,,,,,,,,,,,,,,,,,,,,,,,,,,,,,,,,,,,,,,,,,,,,,,,,,,,,,,,,,,,,,,,,
292,PP,HT,#7,#4,MeOH_1,35595.85914683709,1.7774716545771396,7.8719629876827355,50000000,-0.9732830408187738,-4.904582538055289,128.83555849496733,,,,,,,,,,,,,,,PE,HT,#4,#2,FT_1,1.2031532627063901,4.837032907012615,95.60209340821008,-0.013945745627592031,-2.185004958910341,-46.4865669404166,0.513749487242667,239,,,,,,,,,,,,,,,PVC,HT,#6,#9,MeOH_1,0.8375207117721511,2.0508040142824777,41.9119775224704,-0.42096805216848304,-0.7041848803055865,-25.453441163728414,0.39269290860632905,239,,,,,,,,,,,,,,,,,,,,,,,,,,,,,,,,,,,,,,,,,,,,,,,,,,,,,,,,,,,,,,,,,,,,,,,,,,,,,,,,,,,,,,,,,,,,,,,,,,,,,,,,,,,,,,,,,,,,,,,,,,,,,,,,,,,,,,,,,,,,,,,,,,,,,,,,,,,,,,,,
293,PP,HT,#7,#5,FT_1,37550.53861207963,1.9312302562133319,8.673732718300617,50000000,-1.0088646179096046,-5.253741272686592,132.62166233496737,,,,,,,,,,,,,,,PE,HT,#4,#3,H2_1,1.120055887451075,4.312871435661107,87.05182714353805,-0.003607924269455083,-1.3738478820204538,-32.92665132243596,0.6217580675458557,240,,,,,,,,,,,,,,,PVC,HT,#6,#10,MeOH_1,0.8936340528236443,2.2875086267760505,43.737257068384075,-0.47788762564106146,-0.9538369905566773,-27.59183738397996,0.3691456841740311,240,,,,,,,,,,,,,,,,,,,,,,,,,,,,,,,,,,,,,,,,,,,,,,,,,,,,,,,,,,,,,,,,,,,,,,,,,,,,,,,,,,,,,,,,,,,,,,,,,,,,,,,,,,,,,,,,,,,,,,,,,,,,,,,,,,,,,,,,,,,,,,,,,,,,,,,,,,,,,,,,
294,PP,HT,#7,#6,Olefin,11920.510168897736,1.2365758810571417,3.049405775967412,50000000,-0.6246465350548169,0.07502857117853284,79.55596218291062,,,,,,,,,,,,,,,PE,HT,#4,#4,MeOH_1,1.3724170274648335,6.633121778425314,118.7657849421781,-0.1881741209526963,-3.9078875602124707,-68.730119545687,0.42129697051092013,241,,,,,,,,,,,,,,,PVC,HT,#6,#11,MeOH_1,0.9432315267959303,2.501716940075808,45.36862447841608,-0.5293213694487013,-1.1707535205501658,-29.29288128966133,0.3543361381036075,241,,,,,,,,,,,,,,,,,,,,,,,,,,,,,,,,,,,,,,,,,,,,,,,,,,,,,,,,,,,,,,,,,,,,,,,,,,,,,,,,,,,,,,,,,,,,,,,,,,,,,,,,,,,,,,,,,,,,,,,,,,,,,,,,,,,,,,,,,,,,,,,,,,,,,,,,,,,,,,,,
295,PP,HT,#7,#7,MeOH_1,72080.61347852254,1.4264104291455233,4.676208146403123,50000000,-0.6191211320741583,-1.4892426739798448,95.10885218486797,,,,,,,,,,,,,,,PE,HT,#4,#6,Olefin,0.9514912275431727,2.64015908202367,75.61726889088652,-0.003610827571471731,-0.16597318338032097,-27.244063605354157,0.6397110870974918,242,,,,,,,,,,,,,,,PVC,HT,#7,#1,DIESEL_1,0.8890368316743797,2.8654332060406036,42.450075197453316,-0.49803188854346647,-1.5479073030020678,-26.586076180894608,0.3737095621802438,242,,,,,,,,,,,,,,,,,,,,,,,,,,,,,,,,,,,,,,,,,,,,,,,,,,,,,,,,,,,,,,,,,,,,,,,,,,,,,,,,,,,,,,,,,,,,,,,,,,,,,,,,,,,,,,,,,,,,,,,,,,,,,,,,,,,,,,,,,,,,,,,,,,,,,,,,,,,,,,,,
296,PP,HT,#7,#8,FT_1,66044.65330327394,1.5606059423240972,5.448640167848767,50000000,-0.6678340999921865,-1.9545245657620969,101.29249985089999,,,,,,,,,,,,,,,PE,HT,#4,#7,MeOH_1,1.0971564820755217,4.1095683973618815,89.89164763626049,0.08492498193561716,-1.3335966548307043,-39.16906517155862,0.5642635750759272,243,,,,,,,,,,,,,,,PVC,HT,#7,#2,FT_1,1.1218968461274654,3.104705766390469,52.92388735745332,-0.6079572444546697,-1.7588202435267424,-32.01159659987006,0.3951389779125543,243,,,,,,,,,,,,,,,,,,,,,,,,,,,,,,,,,,,,,,,,,,,,,,,,,,,,,,,,,,,,,,,,,,,,,,,,,,,,,,,,,,,,,,,,,,,,,,,,,,,,,,,,,,,,,,,,,,,,,,,,,,,,,,,,,,,,,,,,,,,,,,,,,,,,,,,,,,,,,,,,
297,PP,HT,#7,#9,H2_1,174112.05088861578,1.4670485444511616,4.042573371942637,50000000,-0.710177416908652,-0.2953852271054408,93.10725578604088,,,,,,,,,,,,,,,PE,HT,#4,#8,FT_1,1.226841087650446,4.940858094904482,97.03240890229247,-0.04355558696767786,-2.288021729252346,-48.039621647804765,0.5049115837557056,244,,,,,,,,,,,,,,,PVC,HT,#7,#3,DIESEL_1,0.8839273013738406,2.243589473226237,40.1436642366967,-0.47583193605423607,-0.9176907406813612,-23.729479571979656,0.4088860590287689,244,,,,,,,,,,,,,,,,,,,,,,,,,,,,,,,,,,,,,,,,,,,,,,,,,,,,,,,,,,,,,,,,,,,,,,,,,,,,,,,,,,,,,,,,,,,,,,,,,,,,,,,,,,,,,,,,,,,,,,,,,,,,,,,,,,,,,,,,,,,,,,,,,,,,,,,,,,,,,,,,
298,PP,HT,#7,#10,MeOH_1,49010.875806292905,1.7741308346397702,7.56934676226488,50000000,-0.9583961951749982,-4.518455851195059,128.92106018486797,,,,,,,,,,,,,,,PE,HT,#4,#9,H2_1,1.144651527757713,4.355500742071005,88.78388440413069,-0.01376815123676522,-1.4033292967347175,-33.867414926337716,0.6185409643468806,245,,,,,,,,,,,,,,,PVC,HT,#7,#4,DIESEL_1,0.9782174319727187,3.306241732776074,47.69682559745332,-0.6062781652053424,-2.0274520210394575,-31.971367394715177,0.3296961172103195,245,,,,,,,,,,,,,,,,,,,,,,,,,,,,,,,,,,,,,,,,,,,,,,,,,,,,,,,,,,,,,,,,,,,,,,,,,,,,,,,,,,,,,,,,,,,,,,,,,,,,,,,,,,,,,,,,,,,,,,,,,,,,,,,,,,,,,,,,,,,,,,,,,,,,,,,,,,,,,,,,
299,PP,HT,#7,#11,FT_1,64293.31222880649,1.9654054679468758,8.889267612893166,50000000,-1.072299109078672,-5.4000862611347795,136.60381505089998,,,,,,,,,,,,,,,PE,HT,#4,#10,MeOH_1,1.417007124485667,6.979033039958459,123.21139963626047,-0.2296717632087338,-4.250068379165897,-73.20362299952853,0.40586972296689106,246,,,,,,,,,,,,,,,PVC,HT,#7,#5,FT_1,1.195258864544923,3.5195650370803384,57.16849439745331,-0.6813832398760752,-2.182509252227544,-36.6385262628273,0.3591133254602654,246,,,,,,,,,,,,,,,,,,,,,,,,,,,,,,,,,,,,,,,,,,,,,,,,,,,,,,,,,,,,,,,,,,,,,,,,,,,,,,,,,,,,,,,,,,,,,,,,,,,,,,,,,,,,,,,,,,,,,,,,,,,,,,,,,,,,,,,,,,,,,,,,,,,,,,,,,,,,,,,,
300,PP,HT,#8,#1,MeOH_1,51545.60528929626,1.2431593273622825,2.691608655204079,50000000,-0.4914439206706771,0.3776684486363685,71.2303394701914,,,,,,,,,,,,,,,PE,HT,#5,#1,MeOH_1,1.0525658204366346,3.666055345747651,85.79288827848882,0.13778233634463077,-0.7944796619768631,-32.46182121246823,0.6216257330433353,247,,,,,,,,,,,,,,,PVC,HT,#7,#6,DIESEL_1,0.7869209135246806,2.0033029857857976,38.5650919048285,-0.3836576356879024,-0.6926168547473326,-22.288065599981955,0.422066316995049,247,,,,,,,,,,,,,,,,,,,,,,,,,,,,,,,,,,,,,,,,,,,,,,,,,,,,,,,,,,,,,,,,,,,,,,,,,,,,,,,,,,,,,,,,,,,,,,,,,,,,,,,,,,,,,,,,,,,,,,,,,,,,,,,,,,,,,,,,,,,,,,,,,,,,,,,,,,,,,,,,
301,PP,HT,#8,#2,FT_1,28521.4435524307,1.3654226229858386,2.943759872220187,50000000,-0.5039919035832583,0.4150024272067985,73.0441311362234,,,,,,,,,,,,,,,PE,HT,#5,#2,FT_1,1.162479678103736,4.437060826977465,92.51831674452082,0.035646519662927006,-1.6770824413938117,-41.22615347085584,0.5544000915548719,248,,,,,,,,,,,,,,,PVC,HT,#7,#7,DIESEL_1,0.8585674591157139,2.2889789273047185,42.05565727841607,-0.449038323081198,-0.967008587295692,-26.0911949157896,0.3796032066967553,248,,,,,,,,,,,,,,,,,,,,,,,,,,,,,,,,,,,,,,,,,,,,,,,,,,,,,,,,,,,,,,,,,,,,,,,,,,,,,,,,,,,,,,,,,,,,,,,,,,,,,,,,,,,,,,,,,,,,,,,,,,,,,,,,,,,,,,,,,,,,,,,,,,,,,,,,,,,,,,,,
302,PP,HT,#8,#3,H2_1,159917.08539275633,1.2758934172177703,2.560618039286091,50000000,-0.5955284665285638,1.098506477256358,68.75030980804006,,,,,,,,,,,,,,,PE,HT,#5,#3,H2_1,1.079382302848421,3.9128993556259553,83.9680504798488,0.045984341021063954,-0.8659253645039242,-27.66623785287521,0.6705147053579059,249,,,,,,,,,,,,,,,PVC,HT,#7,#8,DIESEL_1,0.9157080916488614,2.4427984094253095,43.63061854444807,-0.506955422946441,-1.1297685498120154,-27.741320277122288,0.36417769899683605,249,,,,,,,,,,,,,,,,,,,,,,,,,,,,,,,,,,,,,,,,,,,,,,,,,,,,,,,,,,,,,,,,,,,,,,,,,,,,,,,,,,,,,,,,,,,,,,,,,,,,,,,,,,,,,,,,,,,,,,,,,,,,,,,,,,,,,,,,,,,,,,,,,,,,,,,,,,,,,,,,
303,PP,HT,#8,#4,MeOH_1,23675.348977939353,1.5853057589637813,5.602116538464152,50000000,-0.8370456689851742,-2.704835048822585,105.08016827019142,,,,,,,,,,,,,,,PE,HT,#5,#4,MeOH_1,1.3317434428621795,6.2331496983901635,115.68200827848882,-0.1385818556621773,-3.3999650426959414,-63.46970607612626,0.4513433245096204,250,,,,,,,,,,,,,,,PVC,HT,#7,#9,DIESEL_1,0.8713372629923725,2.293860199376459,43.231450948502406,-0.4602209417323338,-0.9660274653519914,-27.07696509527357,0.3736743851709294,250,,,,,,,,,,,,,,,,,,,,,,,,,,,,,,,,,,,,,,,,,,,,,,,,,,,,,,,,,,,,,,,,,,,,,,,,,,,,,,,,,,,,,,,,,,,,,,,,,,,,,,,,,,,,,,,,,,,,,,,,,,,,,,,,,,,,,,,,,,,,,,,,,,,,,,,,,,,,,,,,
304,PP,HT,#8,#5,FT_1,25630.028443181895,1.739064360599972,6.403886269082035,50000000,-0.8726272460760033,-3.0539937834538913,108.86627211019142,,,,,,,,,,,,,,,PE,HT,#5,#5,FT_1,1.4639746397645548,7.412095277785726,122.82651834452082,-0.2661485393305506,-4.655892978558138,-71.8799879837772,0.41478445410169273,251,,,,,,,,,,,,,,,PVC,HT,#7,#10,DIESEL_1,0.9274506040438658,2.530564811870032,45.05673049441607,-0.5171405152049124,-1.2156795756030823,-29.21536131552512,0.35158718808623257,251,,,,,,,,,,,,,,,,,,,,,,,,,,,,,,,,,,,,,,,,,,,,,,,,,,,,,,,,,,,,,,,,,,,,,,,,,,,,,,,,,,,,,,,,,,,,,,,,,,,,,,,,,,,,,,,,,,,,,,,,,,,,,,,,,,,,,,,,,,,,,,,,,,,,,,,,,,,,,,,,
305,PP,HT,#8,#6,Olefin,0,1.0444099854437838,0.7795593267488293,50000000,-0.4884091632212175,2.2747760604112344,55.80057195813468,,,,,,,,,,,,,,,PE,HT,#5,#7,MeOH_1,1.0564828974728677,3.709596317326732,86.8078709725712,0.1345172472261359,-0.8256741373141754,-33.908651701997854,0.609382751562793,252,,,,,,,,,,,,,,,PVC,HT,#7,#11,DIESEL_1,0.9770480780161515,2.744773125169789,46.68809790444807,-0.5685742590125521,-1.4325961055965704,-30.916405221206485,0.33780970720888986,252,,,,,,,,,,,,,,,,,,,,,,,,,,,,,,,,,,,,,,,,,,,,,,,,,,,,,,,,,,,,,,,,,,,,,,,,,,,,,,,,,,,,,,,,,,,,,,,,,,,,,,,,,,,,,,,,,,,,,,,,,,,,,,,,,,,,,,,,,,,,,,,,,,,,,,,,,,,,,,,,
306,PP,HT,#8,#7,MeOH_1,60160.103309624814,1.2342445335321652,2.40636169718454,50000000,-0.48288376024055873,0.7105048152528575,71.35346196009205,,,,,,,,,,,,,,,PE,HT,#5,#8,FT_1,1.1861675030477918,4.540886014869331,93.9486322386032,0.0060366783228414525,-1.7800992117358165,-42.77920817824399,0.54465320932404,253,,,,,,,,,,,,,,,PVC,HT,#8,#1,Aromatics,0.8576391715504942,1.3291332192001486,25.105712576408106,-0.5709166020505038,-0.08121018919343113,-10.780499736993377,0.5705957477134571,253,,,,,,,,,,,,,,,,,,,,,,,,,,,,,,,,,,,,,,,,,,,,,,,,,,,,,,,,,,,,,,,,,,,,,,,,,,,,,,,,,,,,,,,,,,,,,,,,,,,,,,,,,,,,,,,,,,,,,,,,,,,,,,,,,,,,,,,,,,,,,,,,,,,,,,,,,,,,,,,,
307,PP,HT,#8,#8,FT_1,54124.14313437621,1.3684400467107394,3.178793718630183,50000000,-0.5315967281585872,0.24522292347060562,77.53710962612405,,,,,,,,,,,,,,,PE,HT,#5,#9,H2_1,1.103977943155059,3.9555286620358574,85.70010774044141,0.03582411405375367,-0.8954067792181909,-28.607001456776956,0.6661964353251627,254,,,,,,,,,,,,,,,PVC,HT,#8,#2,Aromatics,1.09049918600358,1.5684057795500141,35.57952473640811,-0.6808419579617071,-0.2921231297181061,-16.206020155968826,0.544512742201264,254,,,,,,,,,,,,,,,,,,,,,,,,,,,,,,,,,,,,,,,,,,,,,,,,,,,,,,,,,,,,,,,,,,,,,,,,,,,,,,,,,,,,,,,,,,,,,,,,,,,,,,,,,,,,,,,,,,,,,,,,,,,,,,,,,,,,,,,,,,,,,,,,,,,,,,,,,,,,,,,,
308,PP,HT,#8,#9,H2_1,162191.54071971806,1.2748826488378038,1.7727269227240539,50000000,-0.5739400450750528,1.904362262127261,69.35186556126494,,,,,,,,,,,,,,,PE,HT,#5,#10,MeOH_1,1.3763335398830128,6.579060959923308,120.1276229725712,-0.18007949791821473,-3.7421458616493672,-67.94320952996776,0.43440810823767595,255,,,,,,,,,,,,,,,PVC,HT,#8,#4,Aromatics,0.9468197718488333,1.7699417459356193,30.352462976408106,-0.6791628787123798,-0.560754907230821,-16.165790950813946,0.4673977211213784,255,,,,,,,,,,,,,,,,,,,,,,,,,,,,,,,,,,,,,,,,,,,,,,,,,,,,,,,,,,,,,,,,,,,,,,,,,,,,,,,,,,,,,,,,,,,,,,,,,,,,,,,,,,,,,,,,,,,,,,,,,,,,,,,,,,,,,,,,,,,,,,,,,,,,,,,,,,,,,,,,
309,PP,HT,#8,#10,MeOH_1,37090.36563739517,1.5819649390264099,5.299500313046295,50000000,-0.8221588233413963,-2.318708361962354,105.16566996009207,,,,,,,,,,,,,,,PE,HT,#6,#1,MeOH_1,1.1136959705934248,4.08388754878081,90.70564559614611,0.07666995882767509,-1.296602537551083,-39.19003312820466,0.5679427353100746,256,,,,,,,,,,,,,,,PVC,HT,#8,#5,Aromatics,1.1638612044210372,1.983265050239883,39.82413177640811,-0.7542679533831126,-0.7158121384189069,-20.832949818926078,0.47687623333780865,256,,,,,,,,,,,,,,,,,,,,,,,,,,,,,,,,,,,,,,,,,,,,,,,,,,,,,,,,,,,,,,,,,,,,,,,,,,,,,,,,,,,,,,,,,,,,,,,,,,,,,,,,,,,,,,,,,,,,,,,,,,,,,,,,,,,,,,,,,,,,,,,,,,,,,,,,,,,,,,,,
310,PP,HT,#8,#11,FT_1,52372.802059908754,1.7732395723335155,6.619421163674583,50000000,-0.9360617372450704,-3.2003387719020795,112.84842482612406,,,,,,,,,,,,,,,PE,HT,#6,#2,FT_1,1.2236098282605261,4.854893030010625,97.43107406217808,-0.02546585785402854,-2.1792053169680328,-47.95436538659226,0.5078124115106339,257,,,,,,,,,,,,,,,PVC,HT,#9,#1,Aromatics,0.9216201499919177,1.6530127443651006,27.41593541880811,-0.6487495213255126,-0.4131259784203142,-12.752058206255178,0.5348669300735621,257,,,,,,,,,,,,,,,,,,,,,,,,,,,,,,,,,,,,,,,,,,,,,,,,,,,,,,,,,,,,,,,,,,,,,,,,,,,,,,,,,,,,,,,,,,,,,,,,,,,,,,,,,,,,,,,,,,,,,,,,,,,,,,,,,,,,,,,,,,,,,,,,,,,,,,,,,,,,,,,,
311,PP,HT,#9,#1,MeOH_1,52841.94654288868,1.364046840314635,3.1042224552804583,50000000,-0.6298186978026691,0.032128865522756275,74.3177160818714,,,,,,,,,,,,,,,PE,HT,#6,#3,MeOH_1,1.1405124530052115,4.330731558659116,88.88080779750605,-0.015128036495892304,-1.3680482400781446,-34.394449768611615,0.6130272595297372,258,,,,,,,,,,,,,,,PVC,HT,#9,#2,Aromatics,1.154480164445003,1.8922853047149661,37.889747578808105,-0.7586748772367156,-0.6240389189449892,-18.177578625230613,0.5202507330664454,258,,,,,,,,,,,,,,,,,,,,,,,,,,,,,,,,,,,,,,,,,,,,,,,,,,,,,,,,,,,,,,,,,,,,,,,,,,,,,,,,,,,,,,,,,,,,,,,,,,,,,,,,,,,,,,,,,,,,,,,,,,,,,,,,,,,,,,,,,,,,,,,,,,,,,,,,,,,,,,,,
312,PP,HT,#9,#2,FT_1,29817.784806023126,1.486310135938189,3.356373672296567,50000000,-0.642366680715248,0.06946284409318566,76.13150774790343,,,,,,,,,,,,,,,PE,HT,#6,#4,MeOH_1,1.3928735930189693,6.650981901423324,120.59476559614609,-0.19969423317913298,-3.902087918270163,-70.19791799186265,0.41790244672024135,259,,,,,,,,,,,,,,,PVC,HT,#9,#4,Aromatics,1.0108007502902565,2.0938212711005715,32.662685818808114,-0.7569957979873885,-0.8926706964577044,-18.137349420075747,0.44470734829676073,259,,,,,,,,,,,,,,,,,,,,,,,,,,,,,,,,,,,,,,,,,,,,,,,,,,,,,,,,,,,,,,,,,,,,,,,,,,,,,,,,,,,,,,,,,,,,,,,,,,,,,,,,,,,,,,,,,,,,,,,,,,,,,,,,,,,,,,,,,,,,,,,,,,,,,,,,,,,,,,,,
313,PP,HT,#9,#3,H2_1,161213.42664634876,1.3967809301701226,2.9732318393624713,50000000,-0.7339032436605558,0.7529668941427449,71.83768641972004,,,,,,,,,,,,,,,PE,HT,#6,#6,Olefin,0.9719477930973086,2.65801920502168,77.44624954485452,-0.015130939797908523,-0.16017354143801243,-28.711862051529817,0.6292672373385779,260,,,,,,,,,,,,,,,PVC,HT,#9,#5,Aromatics,1.2278421828624604,2.3071445754048354,42.13435461880811,-0.8321008726581212,-1.0477279276457903,-22.804508288187872,0.45876687813302125,260,,,,,,,,,,,,,,,,,,,,,,,,,,,,,,,,,,,,,,,,,,,,,,,,,,,,,,,,,,,,,,,,,,,,,,,,,,,,,,,,,,,,,,,,,,,,,,,,,,,,,,,,,,,,,,,,,,,,,,,,,,,,,,,,,,,,,,,,,,,,,,,,,,,,,,,,,,,,,,,,
314,PP,HT,#9,#4,MeOH_1,24971.69023153178,1.7061932719161337,6.014730338540532,50000000,-0.9754204461171659,-3.0503746319361986,108.16754488187141,,,,,,,,,,,,,,,PE,HT,#6,#7,MeOH_1,1.117613047629658,4.127428520359892,91.72062829022846,0.07340486970918023,-1.3277970128883958,-40.636863617734264,0.5569495720292231,261,,,,,,,,,,,,,,,PVC,HT,#9,#10,Aromatics,0.9600339223614034,1.3181443501945298,30.022590715770868,-0.6678581479869584,-0.08089825102132917,-15.381343340885687,0.48767434874279975,261,,,,,,,,,,,,,,,,,,,,,,,,,,,,,,,,,,,,,,,,,,,,,,,,,,,,,,,,,,,,,,,,,,,,,,,,,,,,,,,,,,,,,,,,,,,,,,,,,,,,,,,,,,,,,,,,,,,,,,,,,,,,,,,,,,,,,,,,,,,,,,,,,,,,,,,,,,,,,,,,
315,PP,HT,#9,#5,FT_1,26926.36969677432,1.8599518735523242,6.816500069158415,50000000,-1.0110020232079955,-3.3995333665675043,111.95364872187142,,,,,,,,,,,,,,,PE,HT,#6,#8,FT_1,1.247297653204582,4.958718217902492,98.86138955626048,-0.05507569919411467,-2.282222087310037,-49.507420093980414,0.4992239102020054,262,,,,,,,,,,,,,,,PVC,HT,#9,#11,Aromatics,1.0096313963336891,1.5323526634942868,31.653958125802873,-0.719291891794598,-0.29781478101481734,-17.08238724656706,0.46033961444327975,262,,,,,,,,,,,,,,,,,,,,,,,,,,,,,,,,,,,,,,,,,,,,,,,,,,,,,,,,,,,,,,,,,,,,,,,,,,,,,,,,,,,,,,,,,,,,,,,,,,,,,,,,,,,,,,,,,,,,,,,,,,,,,,,,,,,,,,,,,,,,,,,,,,,,,,,,,,,,,,,,
316,PP,HT,#9,#6,Olefin,1296.3412535924244,1.165297498396136,1.1921731268252094,50000000,-0.6267839403532093,1.9292364772976214,58.88794856981466,,,,,,,,,,,,,,,PE,HT,#6,#9,MeOH_1,1.165108093311849,4.3733608650690154,90.61286505809869,-0.025288263463202017,-1.3975296547924096,-35.33521337251339,0.6100419807953612,263,,,,,,,,,,,,,,,PVC,LT,#1,#2,GASOLINE_1,0.9956502530601379,2.0305930570790207,44.2261065193227,-0.4011739782847502,-0.6560158462276605,-20.01705300700223,0.547392827848035,263,,,,,,,,,,,,,,,,,,,,,,,,,,,,,,,,,,,,,,,,,,,,,,,,,,,,,,,,,,,,,,,,,,,,,,,,,,,,,,,,,,,,,,,,,,,,,,,,,,,,,,,,,,,,,,,,,,,,,,,,,,,,,,,,,,,,,,,,,,,,,,,,,,,,,,,,,,,,,,,,
317,PP,HT,#9,#7,MeOH_1,61456.44456321724,1.355132046484518,2.818975497260919,50000000,-0.6212585373725511,0.36496523213924525,74.44083857177202,,,,,,,,,,,,,,,PE,HT,#6,#10,MeOH_1,1.4374636900398028,6.996893162956468,125.04038029022848,-0.24119187543517015,-4.244268737223586,-74.6714214457042,0.4028215423498712,264,,,,,,,,,,,,,,,PVC,LT,#1,#4,GASOLINE_1,0.7972213408406609,2.3054120618450638,37.1002089193227,-0.3933066519833705,-1.0137762865071853,-20.614792094485445,0.4443483555762739,264,,,,,,,,,,,,,,,,,,,,,,,,,,,,,,,,,,,,,,,,,,,,,,,,,,,,,,,,,,,,,,,,,,,,,,,,,,,,,,,,,,,,,,,,,,,,,,,,,,,,,,,,,,,,,,,,,,,,,,,,,,,,,,,,,,,,,,,,,,,,,,,,,,,,,,,,,,,,,,,,
318,PP,HT,#9,#8,FT_1,55420.48438796863,1.4893275596630922,3.5914075187065637,50000000,-0.6699715052905797,-0.10031665964300782,80.62448623780405,,,,,,,,,,,,,,,PE,HT,#7,#1,MeOH_1,1.1614192921476931,4.464748213876824,92.80363279614609,0.021100858986975196,-1.7057529868157177,-41.631180131547545,0.551405706035288,265,,,,,,,,,,,,,,,PVC,LT,#2,#1,Olefin,0.7792886240449315,1.9876900878812733,32.646182203002695,-0.3951246842133721,-0.687205913815054,-14.568395918674986,0.553748863248854,265,,,,,,,,,,,,,,,,,,,,,,,,,,,,,,,,,,,,,,,,,,,,,,,,,,,,,,,,,,,,,,,,,,,,,,,,,,,,,,,,,,,,,,,,,,,,,,,,,,,,,,,,,,,,,,,,,,,,,,,,,,,,,,,,,,,,,,,,,,,,,,,,,,,,,,,,,,,,,,,,
319,PP,HT,#9,#9,H2_1,163487.8819733105,1.3957701617901561,2.185340722800434,50000000,-0.7123148222070447,1.5588226790136475,72.43924217294494,,,,,,,,,,,,,,,PE,HT,#7,#2,FT_1,1.2713331498147946,5.23575369510664,99.52906126217808,-0.0810349576947283,-2.588355766232668,-50.39551238993514,0.4936603264328599,266,,,,,,,,,,,,,,,PVC,LT,#2,#2,FT_1,1.0476290262296561,2.2549278082859807,46.0637114830027,-0.4970798239752247,-0.9090618977725139,-21.13447275105869,0.5411904062733369,266,,,,,,,,,,,,,,,,,,,,,,,,,,,,,,,,,,,,,,,,,,,,,,,,,,,,,,,,,,,,,,,,,,,,,,,,,,,,,,,,,,,,,,,,,,,,,,,,,,,,,,,,,,,,,,,,,,,,,,,,,,,,,,,,,,,,,,,,,,,,,,,,,,,,,,,,,,,,,,,,
320,PP,HT,#9,#10,MeOH_1,38386.706890987596,1.7028524519787631,5.712114113122675,50000000,-0.9605336004733892,-2.6642479450759677,108.25304657177206,,,,,,,,,,,,,,,PE,HT,#7,#3,H2_1,1.1882357745594796,4.71159222375513,90.97879499750604,-0.07069713633659135,-1.7771986893427807,-36.835596771954506,0.5951188760747572,267,,,,,,,,,,,,,,,PVC,LT,#2,#4,Olefin,0.8492001140101789,2.5297468130520238,38.937813883002704,-0.48921249767384467,-1.266822338052039,-21.732211838541907,0.44187385804860135,267,,,,,,,,,,,,,,,,,,,,,,,,,,,,,,,,,,,,,,,,,,,,,,,,,,,,,,,,,,,,,,,,,,,,,,,,,,,,,,,,,,,,,,,,,,,,,,,,,,,,,,,,,,,,,,,,,,,,,,,,,,,,,,,,,,,,,,,,,,,,,,,,,,,,,,,,,,,,,,,,
321,PP,HT,#9,#11,FT_1,53669.14331350118,1.8941270852858683,7.032034963750963,50000000,-1.0744365143770627,-3.545878355015693,115.93580143780407,,,,,,,,,,,,,,,PE,HT,#7,#4,MeOH_1,1.4405969145732376,7.031842566519336,122.69275279614611,-0.2552633330198323,-4.311238367534796,-72.63906499520557,0.40795961179634377,268,,,,,,,,,,,,,,,PVC,LT,#2,#5,FT_1,0.9181901347574485,2.4598661858431505,41.40168908300271,-0.365859762747668,-1.1235320001012672,-16.785848968234415,0.5945612524507901,268,,,,,,,,,,,,,,,,,,,,,,,,,,,,,,,,,,,,,,,,,,,,,,,,,,,,,,,,,,,,,,,,,,,,,,,,,,,,,,,,,,,,,,,,,,,,,,,,,,,,,,,,,,,,,,,,,,,,,,,,,,,,,,,,,,,,,,,,,,,,,,,,,,,,,,,,,,,,,,,,
322,PP,LT,#1,#1,DIESEL_1,24450.81928184532,1.1719414051074593,2.127229719780866,50000000,-0.3582212962593157,0.8122069381664363,71.64056914935549,,,,,,,,,,,,,,,PE,HT,#7,#6,Olefin,1.0196711146515771,3.038879870117693,79.54423674485453,-0.07070003963860813,-0.5693239907026467,-31.15300905487272,0.6083561760131175,269,,,,,,,,,,,,,,,PVC,LT,#2,#7,Olefin,0.7459061502254275,1.3066414599060514,32.168359067244474,-0.3434449515836473,-0.008959627486686557,-14.217901982281898,0.5580159388123929,269,,,,,,,,,,,,,,,,,,,,,,,,,,,,,,,,,,,,,,,,,,,,,,,,,,,,,,,,,,,,,,,,,,,,,,,,,,,,,,,,,,,,,,,,,,,,,,,,,,,,,,,,,,,,,,,,,,,,,,,,,,,,,,,,,,,,,,,,,,,,,,,,,,,,,,,,,,,,,,,,
323,PP,LT,#1,#2,DIESEL_1,14594.398651937145,1.2200987842607502,2.1938512037837365,50000000,-0.39073421108893247,0.7264928769298526,72.9905713893555,,,,,,,,,,,,,,,PE,HT,#7,#7,MeOH_1,1.1653363691839262,4.508289185455906,93.81861549022848,0.01783576986848061,-1.7369474621530312,-43.07801062107716,0.5408372805761146,270,,,,,,,,,,,,,,,PVC,LT,#2,#8,Olefin,0.7818075294557055,1.3828131542824582,33.29321537327646,-0.3795441470697065,-0.1087958779242906,-15.735550980982941,0.5273646355703622,270,,,,,,,,,,,,,,,,,,,,,,,,,,,,,,,,,,,,,,,,,,,,,,,,,,,,,,,,,,,,,,,,,,,,,,,,,,,,,,,,,,,,,,,,,,,,,,,,,,,,,,,,,,,,,,,,,,,,,,,,,,,,,,,,,,,,,,,,,,,,,,,,,,,,,,,,,,,,,,,,
324,PP,LT,#1,#3,DIESEL_1,27454.505150394816,1.1568390092335894,1.8941784958248424,50000000,-0.3373739202372887,1.0629697069048747,70.85883343199487,,,,,,,,,,,,,,,PE,HT,#7,#8,FT_1,1.2950209747588506,5.339578882998506,100.9593767562605,-0.11064479903481413,-2.691372536574673,-51.94856709732332,0.4854507945038201,,,,,,,,,,,,,,,,PVC,LT,#2,#10,Olefin,0.7855385983533435,1.4717648898853275,34.723485307244474,-0.3813920396446991,-0.19216182542685925,-17.021718650003677,0.5097923350899232,271,,,,,,,,,,,,,,,,,,,,,,,,,,,,,,,,,,,,,,,,,,,,,,,,,,,,,,,,,,,,,,,,,,,,,,,,,,,,,,,,,,,,,,,,,,,,,,,,,,,,,,,,,,,,,,,,,,,,,,,,,,,,,,,,,,,,,,,,,,,,,,,,,,,,,,,,,,,,,,,,
325,PP,LT,#1,#4,DIESEL_1,14371.06392063683,1.2293517397289055,2.324478312277976,50000000,-0.4141276701097599,0.5532891768937025,74.62416018935549,,,,,,,,,,,,,,,PE,HT,#7,#9,H2_1,1.2128314148661175,4.7542215301650295,92.7108522580987,-0.08085736330390177,-1.8066801040570444,-37.77636037585629,0.5925357231029407,,,,,,,,,,,,,,,,PVC,LT,#2,#11,Olefin,0.800761829903571,1.5603250214067161,35.198452349276465,-0.39848993285688633,-0.2901237204654622,-17.656934109106736,0.4983604979589482,272,,,,,,,,,,,,,,,,,,,,,,,,,,,,,,,,,,,,,,,,,,,,,,,,,,,,,,,,,,,,,,,,,,,,,,,,,,,,,,,,,,,,,,,,,,,,,,,,,,,,,,,,,,,,,,,,,,,,,,,,,,,,,,,,,,,,,,,,,,,,,,,,,,,,,,,,,,,,,,,,
326,PP,LT,#1,#5,DIESEL_1,17239.338500537717,1.282716098742551,2.437695678297762,50000000,-0.44134184529379666,0.5109885486440244,75.6229512293555,,,,,,,,,,,,,,,PE,HT,#7,#10,MeOH_1,1.4851870115940713,7.377753828052481,127.13836749022848,-0.29676097527587003,-4.653419186488222,-77.1125684490471,0.3934752351215005,,,,,,,,,,,,,,,,PVC,LT,#3,#1,MeOH_1,0.83161263486775,2.4227785998503593,36.948797022886296,-0.41178474619724914,-1.0451764873259621,-18.184173189559075,0.5078547975920381,273,,,,,,,,,,,,,,,,,,,,,,,,,,,,,,,,,,,,,,,,,,,,,,,,,,,,,,,,,,,,,,,,,,,,,,,,,,,,,,,,,,,,,,,,,,,,,,,,,,,,,,,,,,,,,,,,,,,,,,,,,,,,,,,,,,,,,,,,,,,,,,,,,,,,,,,,,,,,,,,,
327,PP,LT,#1,#6,DIESEL_1,12249.677995905873,1.0604232894515815,1.3754777826716078,50000000,-0.24687160646512382,1.5575150043806427,64.25902158617185,,,,,,,,,,,,,,,PE,HT,#8,#2,FT_1,1.1385157657429381,3.3252859869487272,76.58097271071836,-0.07979482879605442,-0.8067684584489441,-31.361922640233765,0.590473696923357,,,,,,,,,,,,,,,,PVC,LT,#3,#2,MeOH_1,1.0999530370524746,2.690016320255066,50.36632630288629,-0.5137398859591017,-1.2670324712834216,-24.750250021942772,0.5085952889813122,274,,,,,,,,,,,,,,,,,,,,,,,,,,,,,,,,,,,,,,,,,,,,,,,,,,,,,,,,,,,,,,,,,,,,,,,,,,,,,,,,,,,,,,,,,,,,,,,,,,,,,,,,,,,,,,,,,,,,,,,,,,,,,,,,,,,,,,,,,,,,,,,,,,,,,,,,,,,,,,,,
328,PP,LT,#1,#7,DIESEL_1,24413.679104297902,1.163483562196995,2.0279644979863165,50000000,-0.3481101138288153,0.9104079342291271,71.28106408857185,,,,,,,,,,,,,,,PE,HT,#8,#4,MeOH_1,1.307779530501381,5.121374858361428,99.74466424468636,-0.2540232041211586,-2.529651059751075,-53.60547524550416,0.4625730042661419,,,,,,,,,,,,,,,,PVC,LT,#3,#3,MeOH_1,0.8104088299899136,1.6472429775636859,34.51607974109726,-0.36936045956083446,-0.26425190760834816,-15.380850148332307,0.5543859481232223,275,,,,,,,,,,,,,,,,,,,,,,,,,,,,,,,,,,,,,,,,,,,,,,,,,,,,,,,,,,,,,,,,,,,,,,,,,,,,,,,,,,,,,,,,,,,,,,,,,,,,,,,,,,,,,,,,,,,,,,,,,,,,,,,,,,,,,,,,,,,,,,,,,,,,,,,,,,,,,,,,
329,PP,LT,#1,#8,DIESEL_1,17231.354692352703,1.2257235909006754,2.1317633330964707,50000000,-0.4036055636435236,0.7874366915483477,72.70236871460385,,,,,,,,,,,,,,,PE,HT,#8,#8,FT_1,1.1622035906869936,3.4291111748405934,78.01128820480074,-0.10940467013613982,-0.9097852287909484,-32.91497734762193,0.5780741722760531,,,,,,,,,,,,,,,,PVC,LT,#3,#4,MeOH_1,0.9015241248329975,2.9648353250211095,43.240428702886305,-0.5058725596577218,-1.6247929115629471,-25.347989109426003,0.4137895976102101,276,,,,,,,,,,,,,,,,,,,,,,,,,,,,,,,,,,,,,,,,,,,,,,,,,,,,,,,,,,,,,,,,,,,,,,,,,,,,,,,,,,,,,,,,,,,,,,,,,,,,,,,,,,,,,,,,,,,,,,,,,,,,,,,,,,,,,,,,,,,,,,,,,,,,,,,,,,,,,,,,
330,PP,LT,#1,#9,DIESEL_1,27055.684163552083,1.1488835930062067,1.868045597252211,50000000,-0.3298441192337191,1.0859525384446156,70.4431017974924,,,,,,,,,,,,,,,PE,HT,#8,#9,DIESEL_1,1.0800140307942607,2.8437538220071192,69.76276370663895,-0.07961723440522775,-0.025092796273322105,-18.74277062615488,0.7313356061269226,,,,,,,,,,,,,,,,PVC,LT,#3,#5,FT_1,0.9705141455802664,2.894954697812236,45.70430390288629,-0.3825198247315446,-1.481502573612175,-20.40162623911849,0.5536169573336375,277,,,,,,,,,,,,,,,,,,,,,,,,,,,,,,,,,,,,,,,,,,,,,,,,,,,,,,,,,,,,,,,,,,,,,,,,,,,,,,,,,,,,,,,,,,,,,,,,,,,,,,,,,,,,,,,,,,,,,,,,,,,,,,,,,,,,,,,,,,,,,,,,,,,,,,,,,,,,,,,,
331,PP,LT,#1,#10,DIESEL_1,15480.810652686845,1.2208287511567524,2.293462980289629,50000000,-0.4026030311655602,0.5919405012096748,74.95033256857185,,,,,,,,,,,,,,,PE,HT,#8,#10,MeOH_1,1.3523696275222143,5.467286119894572,104.19027893876873,-0.2955208463771959,-2.871831878704501,-58.07897869934568,0.44256816191577775,,,,,,,,,,,,,,,,PVC,LT,#3,#7,MeOH_1,0.7982301610482461,1.7417299718751371,36.47097388712806,-0.3601050135675245,-0.3669302009975946,-17.833679253165972,0.5110171911405927,278,,,,,,,,,,,,,,,,,,,,,,,,,,,,,,,,,,,,,,,,,,,,,,,,,,,,,,,,,,,,,,,,,,,,,,,,,,,,,,,,,,,,,,,,,,,,,,,,,,,,,,,,,,,,,,,,,,,,,,,,,,,,,,,,,,,,,,,,,,,,,,,,,,,,,,,,,,,,,,,,
332,PP,LT,#1,#11,DIESEL_1,15961.5248720011,1.236774269841091,2.3003255792957478,50000000,-0.4136633220987648,0.6140453049755686,74.51147336857186,,,,,,,,,,,,,,,PE,HT,#9,#1,MeOH_1,1.1026973186375317,2.9726208563675542,72.79705509172635,-0.09765613335779974,-0.35715692868860366,-25.469180752234514,0.6501344632671936,,,,,,,,,,,,,,,,PVC,LT,#3,#8,MeOH_1,0.834131540278524,1.8179016662515444,37.59583019316007,-0.3962042090535835,-0.46676645143519907,-19.351328251867038,0.4852799325764673,279,,,,,,,,,,,,,,,,,,,,,,,,,,,,,,,,,,,,,,,,,,,,,,,,,,,,,,,,,,,,,,,,,,,,,,,,,,,,,,,,,,,,,,,,,,,,,,,,,,,,,,,,,,,,,,,,,,,,,,,,,,,,,,,,,,,,,,,,,,,,,,,,,,,,,,,,,,,,,,,,
333,PP,LT,#2,#1,DIESEL_1,12201.141285939446,1.2396295117827467,2.714339130370434,50000000,-0.47706439318994187,0.29849916512126534,75.9676490968755,,,,,,,,,,,,,,,PE,HT,#9,#2,FT_1,1.2126111763046332,3.7436263375973673,79.52248355775835,-0.19979195003950379,-1.2397597081055516,-34.23351301062212,0.5695115207794308,,,,,,,,,,,,,,,,PVC,LT,#3,#9,MeOH_1,0.797853621006548,1.712972638496625,38.134245232252376,-0.355666671518698,-0.33150620697982996,-19.23150291449939,0.49568943092036927,280,,,,,,,,,,,,,,,,,,,,,,,,,,,,,,,,,,,,,,,,,,,,,,,,,,,,,,,,,,,,,,,,,,,,,,,,,,,,,,,,,,,,,,,,,,,,,,,,,,,,,,,,,,,,,,,,,,,,,,,,,,,,,,,,,,,,,,,,,,,,,,,,,,,,,,,,,,,,,,,,
334,PP,LT,#2,#2,DIESEL_1,2344.7206560312725,1.2877868909360373,2.780960614373305,50000000,-0.5095773080195584,0.21278510388468147,77.3176513368755,,,,,,,,,,,,,,,PE,HT,#9,#3,H2_1,1.1295138010493184,3.2194648662458594,70.9722172930863,-0.189454128681367,-0.42860263121566505,-20.673597392641483,0.7087085879356431,,,,,,,,,,,,,,,,PVC,LT,#3,#10,MeOH_1,0.8378626091761621,1.9068534018544137,39.02610012712807,-0.39805210162857635,-0.5501323989377678,-20.637495920887766,0.4711873373547233,281,,,,,,,,,,,,,,,,,,,,,,,,,,,,,,,,,,,,,,,,,,,,,,,,,,,,,,,,,,,,,,,,,,,,,,,,,,,,,,,,,,,,,,,,,,,,,,,,,,,,,,,,,,,,,,,,,,,,,,,,,,,,,,,,,,,,,,,,,,,,,,,,,,,,,,,,,,,,,,,,
335,PP,LT,#2,#3,DIESEL_1,15204.827154488941,1.2245271159088742,2.4812879064144107,50000000,-0.4562170171679125,0.5492619338597032,75.18591337951487,,,,,,,,,,,,,,,PE,HT,#9,#7,MeOH_1,1.1066143956737649,3.0161618279466347,73.81203778580874,-0.10092122247629447,-0.38835140402591556,-26.916011241764124,0.6353438809009679,,,,,,,,,,,,,,,,PVC,LT,#3,#11,MeOH_1,0.8530858407263895,1.995413533375802,39.50106716916007,-0.41514999484076354,-0.6480942939763704,-21.272711379990827,0.4614648943814052,282,,,,,,,,,,,,,,,,,,,,,,,,,,,,,,,,,,,,,,,,,,,,,,,,,,,,,,,,,,,,,,,,,,,,,,,,,,,,,,,,,,,,,,,,,,,,,,,,,,,,,,,,,,,,,,,,,,,,,,,,,,,,,,,,,,,,,,,,,,,,,,,,,,,,,,,,,,,,,,,,
336,PP,LT,#2,#4,DIESEL_1,2121.385924730957,1.2970398464041906,2.9115877228675435,50000000,-0.5329707670403836,0.039581403848531545,78.95124013687551,,,,,,,,,,,,,,,PE,HT,#9,#8,FT_1,1.2362990012486887,3.847451525489234,80.95279905184074,-0.22940179137958921,-1.3427764784475564,-35.786567718010275,0.5579329172411545,,,,,,,,,,,,,,,,PVC,LT,#4,#1,GASOLINE_1,0.8792710587084738,2.5578106627207564,38.1961283689183,-0.46428438640066616,-1.2181181376301484,-20.084974064991094,0.47416204409515417,283,,,,,,,,,,,,,,,,,,,,,,,,,,,,,,,,,,,,,,,,,,,,,,,,,,,,,,,,,,,,,,,,,,,,,,,,,,,,,,,,,,,,,,,,,,,,,,,,,,,,,,,,,,,,,,,,,,,,,,,,,,,,,,,,,,,,,,,,,,,,,,,,,,,,,,,,,,,,,,,,
337,PP,LT,#2,#5,DIESEL_1,4989.660504631845,1.3504042054178362,3.024805088887331,50000000,-0.5601849422244207,-0.0027192244011473654,79.95003117687551,,,,,,,,,,,,,,,PE,HT,#9,#9,H2_1,1.1541094413559558,3.2620941726557593,72.70427455367896,-0.19961435564867672,-0.4580840459299302,-21.614360996543237,0.7027085253345738,,,,,,,,,,,,,,,,PVC,LT,#4,#2,FT_1,1.1476114608931984,2.8250483831254636,51.613657648918306,-0.5662395261625188,-1.4399741215876087,-26.651050897374787,0.48364343642029545,284,,,,,,,,,,,,,,,,,,,,,,,,,,,,,,,,,,,,,,,,,,,,,,,,,,,,,,,,,,,,,,,,,,,,,,,,,,,,,,,,,,,,,,,,,,,,,,,,,,,,,,,,,,,,,,,,,,,,,,,,,,,,,,,,,,,,,,,,,,,,,,,,,,,,,,,,,,,,,,,,
338,PP,LT,#2,#6,DIESEL_1,0,1.1281113961268667,1.9625871932611763,50000000,-0.36571470339574763,1.0438072313354712,68.58610153369186,,,,,,,,,,,,,,,PE,LT,#2,#1,WAX_1,1.1082208078282603,2.541682194889084,79.73041881292106,-0.27346521302845445,-0.04060184836902201,-28.248665703780045,0.6456977634839404,,,,,,,,,,,,,,,,PVC,LT,#4,#3,GASOLINE_1,0.8580672538306372,1.7822750404340824,35.76341108712925,-0.4218600997642515,-0.4371935579125345,-17.28165102376431,0.5167784476245407,285,,,,,,,,,,,,,,,,,,,,,,,,,,,,,,,,,,,,,,,,,,,,,,,,,,,,,,,,,,,,,,,,,,,,,,,,,,,,,,,,,,,,,,,,,,,,,,,,,,,,,,,,,,,,,,,,,,,,,,,,,,,,,,,,,,,,,,,,,,,,,,,,,,,,,,,,,,,,,,,,
339,PP,LT,#2,#7,DIESEL_1,12164.001108392027,1.23117166887228,2.6150739085758845,50000000,-0.4669532107594391,0.39670016118395596,75.60814403609187,,,,,,,,,,,,,,,PE,LT,#2,#8,WAX_1,1.1324297454687,2.5319945487500486,76.41800648408311,-0.294400481110425,-0.04146410878025532,-24.627411961511278,0.6777276312927523,,,,,,,,,,,,,,,,PVC,LT,#4,#4,GASOLINE_1,0.9491825486737212,3.099867387891506,44.4877600489183,-0.5583721998611391,-1.7977345618671328,-27.248789984857996,0.3874991693244276,286,,,,,,,,,,,,,,,,,,,,,,,,,,,,,,,,,,,,,,,,,,,,,,,,,,,,,,,,,,,,,,,,,,,,,,,,,,,,,,,,,,,,,,,,,,,,,,,,,,,,,,,,,,,,,,,,,,,,,,,,,,,,,,,,,,,,,,,,,,,,,,,,,,,,,,,,,,,,,,,,
340,PP,LT,#2,#8,DIESEL_1,4981.676696446828,1.2934116975759609,2.7188727436860396,50000000,-0.5224486605741478,0.27372891850317566,77.02944866212387,,,,,,,,,,,,,,,PE,LT,#3,#1,WAX_1,1.18226959444016,3.2506587764493275,84.46774863525168,-0.29064289490010226,-0.6333614568032205,-31.995768421805014,0.6212072780586466,,,,,,,,,,,,,,,,PVC,LT,#4,#5,FT_1,1.0181725694209902,3.0299867606826325,46.95163524891829,-0.43501946493496185,-1.6544442239163608,-22.302427114550504,0.5249914726864742,287,,,,,,,,,,,,,,,,,,,,,,,,,,,,,,,,,,,,,,,,,,,,,,,,,,,,,,,,,,,,,,,,,,,,,,,,,,,,,,,,,,,,,,,,,,,,,,,,,,,,,,,,,,,,,,,,,,,,,,,,,,,,,,,,,,,,,,,,,,,,,,,,,,,,,,,,,,,,,,,,
341,PP,LT,#2,#9,DIESEL_1,14806.00616764621,1.216571699681492,2.455155007841779,50000000,-0.448687216164343,0.5722447653994444,74.77018174501241,,,,,,,,,,,,,,,PE,LT,#3,#3,WAX_1,1.1704513411161122,3.1090938619372963,83.71689427001175,-0.2754114819768624,-0.48994683904977293,-31.13090510523935,0.6281407071213969,,,,,,,,,,,,,,,,PVC,LT,#4,#6,GASOLINE_1,0.7778706930564319,1.4800305239164928,33.554902096462804,-0.3476311459675734,-0.17289492701952963,-14.960839599646055,0.5541384815656144,288,,,,,,,,,,,,,,,,,,,,,,,,,,,,,,,,,,,,,,,,,,,,,,,,,,,,,,,,,,,,,,,,,,,,,,,,,,,,,,,,,,,,,,,,,,,,,,,,,,,,,,,,,,,,,,,,,,,,,,,,,,,,,,,,,,,,,,,,,,,,,,,,,,,,,,,,,,,,,,,,
342,PP,LT,#2,#10,DIESEL_1,3231.13265678097,1.2885168578320398,2.880572390879197,50000000,-0.5214461280961864,0.07823272816450358,79.27741251609186,,,,,,,,,,,,,,,PE,LT,#3,#4,WAX_1,1.176535969183647,3.150475379127523,83.82244650725167,-0.28503440690117926,-0.544830742368102,-31.54825019496896,0.6236300476837114,,,,,,,,,,,,,,,,PVC,LT,#4,#7,GASOLINE_1,0.84588858488897,1.8767620347455334,37.71830523316007,-0.41260465377094174,-0.5398718513017806,-19.734480128597998,0.47679303174925214,289,,,,,,,,,,,,,,,,,,,,,,,,,,,,,,,,,,,,,,,,,,,,,,,,,,,,,,,,,,,,,,,,,,,,,,,,,,,,,,,,,,,,,,,,,,,,,,,,,,,,,,,,,,,,,,,,,,,,,,,,,,,,,,,,,,,,,,,,,,,,,,,,,,,,,,,,,,,,,,,,
343,PP,LT,#2,#11,DIESEL_1,3711.846876095227,1.304462376516376,2.8874349898853153,50000000,-0.5325064190293886,0.10033753193039804,78.83855331609188,,,,,,,,,,,,,,,PE,LT,#3,#6,WAX_1,1.1232957865984192,2.910872169452401,80.93731461127194,-0.23520123443888194,-0.31098545222991614,-28.571822403827056,0.6469882582458706,,,,,,,,,,,,,,,,PVC,LT,#4,#8,GASOLINE_1,0.8817899641192478,1.9529337291219406,38.843161539192074,-0.44870384925700074,-0.6397081017393851,-21.25212912729905,0.45287334281850306,290,,,,,,,,,,,,,,,,,,,,,,,,,,,,,,,,,,,,,,,,,,,,,,,,,,,,,,,,,,,,,,,,,,,,,,,,,,,,,,,,,,,,,,,,,,,,,,,,,,,,,,,,,,,,,,,,,,,,,,,,,,,,,,,,,,,,,,,,,,,,,,,,,,,,,,,,,,,,,,,,
344,PP,LT,#3,#1,DIESEL_1,45267.24546746008,1.3591653344790495,3.587170785596956,50000000,-0.5429215025242478,-0.6049962989317319,84.57975125983184,,,,,,,,,,,,,,,PE,LT,#3,#7,WAX_1,1.1654223702587019,3.138517545997996,83.6316669177929,-0.27148055849956504,-0.5216294869229394,-30.958062759631648,0.6298284621055995,,,,,,,,,,,,,,,,PVC,LT,#4,#9,GASOLINE_1,0.8455120448472717,1.8480047013670216,39.38157657828438,-0.40816631172211515,-0.5044478572840158,-21.132303789931406,0.46339619624105927,291,,,,,,,,,,,,,,,,,,,,,,,,,,,,,,,,,,,,,,,,,,,,,,,,,,,,,,,,,,,,,,,,,,,,,,,,,,,,,,,,,,,,,,,,,,,,,,,,,,,,,,,,,,,,,,,,,,,,,,,,,,,,,,,,,,,,,,,,,,,,,,,,,,,,,,,,,,,,,,,,
345,PP,LT,#3,#2,DIESEL_1,35410.8248375519,1.40732271363234,3.653792269599827,50000000,-0.5754344173538641,-0.6907103601683161,85.92975349983183,,,,,,,,,,,,,,,PE,LT,#3,#8,WAX_1,1.2064785320805997,3.2409711303102915,84.84316722382489,-0.3115781629820731,-0.6342237172144538,-32.06234559694744,0.6220986716306369,,,,,,,,,,,,,,,,PVC,LT,#4,#10,GASOLINE_1,0.8855210330168858,2.04188546472481,40.27343147316007,-0.45055174183199337,-0.7230740492419538,-22.53829679631978,0.440368104432813,292,,,,,,,,,,,,,,,,,,,,,,,,,,,,,,,,,,,,,,,,,,,,,,,,,,,,,,,,,,,,,,,,,,,,,,,,,,,,,,,,,,,,,,,,,,,,,,,,,,,,,,,,,,,,,,,,,,,,,,,,,,,,,,,,,,,,,,,,,,,,,,,,,,,,,,,,,,,,,,,,
346,PP,LT,#3,#3,DIESEL_1,48270.93133600957,1.3440629386051792,3.354119561640933,50000000,-0.5220741265022203,-0.35423353019329457,83.7980155424712,,,,,,,,,,,,,,,PE,LT,#3,#9,WAX_1,1.1606158439456975,3.0787189904180545,83.44409198641372,-0.2656492893685876,-0.459973019244501,-30.86393068236985,0.6301244348444095,,,,,,,,,,,,,,,,PVC,LT,#4,#11,GASOLINE_1,0.9007442645671132,2.130445596246199,40.74839851519207,-0.4676496350441805,-0.821035944280557,-23.173512255422846,0.43130250267913844,293,,,,,,,,,,,,,,,,,,,,,,,,,,,,,,,,,,,,,,,,,,,,,,,,,,,,,,,,,,,,,,,,,,,,,,,,,,,,,,,,,,,,,,,,,,,,,,,,,,,,,,,,,,,,,,,,,,,,,,,,,,,,,,,,,,,,,,,,,,,,,,,,,,,,,,,,,,,,,,,,
347,PP,LT,#3,#4,DIESEL_1,35187.49010625159,1.4165756691004956,3.7844193780940665,50000000,-0.5988278763746915,-0.8639140602044663,87.56334229983185,,,,,,,,,,,,,,,PE,LT,#4,#6,WAX_1,1.1769371970230396,3.1691283837567723,83.41917699730394,-0.2972688553266197,-0.6308675051996893,-32.17540653801919,0.6142924481374459,,,,,,,,,,,,,,,,PVC,LT,#5,#1,GASOLINE_1,0.8414604574150094,2.335960637888273,36.622792948438395,-0.42120693610732096,-0.9158783432106021,-16.779885250706347,0.5418185261203066,294,,,,,,,,,,,,,,,,,,,,,,,,,,,,,,,,,,,,,,,,,,,,,,,,,,,,,,,,,,,,,,,,,,,,,,,,,,,,,,,,,,,,,,,,,,,,,,,,,,,,,,,,,,,,,,,,,,,,,,,,,,,,,,,,,,,,,,,,,,,,,,,,,,,,,,,,,,,,,,,,
348,PP,LT,#3,#5,DIESEL_1,38055.76468615248,1.4699400281141408,3.897636744113853,50000000,-0.6260420515587285,-0.9062146884541449,88.56213333983183,,,,,,,,,,,,,,,PE,LT,#5,#1,WAX_1,1.1945522532105086,3.132145239751136,83.84372528003392,-0.30761382323770264,-0.44777037981281104,-29.987844506109052,0.6423364490789129,,,,,,,,,,,,,,,,PVC,LT,#5,#2,FT_1,1.1098008595997342,2.60319835829298,50.0403222284384,-0.5231620758691737,-1.137734327168062,-23.345962083090043,0.533456999407124,295,,,,,,,,,,,,,,,,,,,,,,,,,,,,,,,,,,,,,,,,,,,,,,,,,,,,,,,,,,,,,,,,,,,,,,,,,,,,,,,,,,,,,,,,,,,,,,,,,,,,,,,,,,,,,,,,,,,,,,,,,,,,,,,,,,,,,,,,,,,,,,,,,,,,,,,,,,,,,,,,
349,PP,LT,#3,#6,DIESEL_1,33066.10418152063,1.2476472188231715,2.835418848487699,50000000,-0.43157181273005546,0.14031176728247285,77.1982036966482,,,,,,,,,,,,,,,PE,LT,#5,#3,WAX_1,1.182733999886461,2.990580325239104,83.09287091479398,-0.29238241031446266,-0.3043557620593628,-29.12298118954338,0.6495128779530678,,,,,,,,,,,,,,,,PVC,LT,#5,#3,GASOLINE_1,0.8202566525371731,1.5604250156015995,34.19007566664936,-0.3787826494709064,-0.13495376349298835,-13.976562209479582,0.5912099655540396,296,,,,,,,,,,,,,,,,,,,,,,,,,,,,,,,,,,,,,,,,,,,,,,,,,,,,,,,,,,,,,,,,,,,,,,,,,,,,,,,,,,,,,,,,,,,,,,,,,,,,,,,,,,,,,,,,,,,,,,,,,,,,,,,,,,,,,,,,,,,,,,,,,,,,,,,,,,,,,,,,
350,PP,LT,#3,#7,DIESEL_1,45230.10528991266,1.3507074915685848,3.4879055638024066,50000000,-0.5328103200937467,-0.5067953028690418,84.22024619904819,,,,,,,,,,,,,,,PE,LT,#5,#4,WAX_1,1.1888186279539958,3.0319618424293315,83.1984231520339,-0.30200533523877976,-0.3592396653776932,-29.540326279272985,0.6449412722006519,,,,,,,,,,,,,,,,PVC,LT,#5,#4,GASOLINE_1,0.911371947380257,2.878017363059023,42.914424628438404,-0.5152947495677939,-1.4954947674475867,-23.943701170573274,0.44205936866490503,297,,,,,,,,,,,,,,,,,,,,,,,,,,,,,,,,,,,,,,,,,,,,,,,,,,,,,,,,,,,,,,,,,,,,,,,,,,,,,,,,,,,,,,,,,,,,,,,,,,,,,,,,,,,,,,,,,,,,,,,,,,,,,,,,,,,,,,,,,,,,,,,,,,,,,,,,,,,,,,,,
351,PP,LT,#3,#8,DIESEL_1,38047.78087796746,1.4129475202722654,3.5917043989125608,50000000,-0.5883057699084553,-0.6297665455498209,85.64155082508019,,,,,,,,,,,,,,,PE,LT,#5,#6,WAX_1,1.135578445368768,2.79235863275421,80.31329125605416,-0.25217216277648247,-0.12539437523950786,-26.56389848813107,0.6692465459616108,,,,,,,,,,,,,,,,PVC,LT,#5,#5,FT_1,0.9803619681275261,2.80813673585015,45.378299828438394,-0.3919420146416167,-1.3522044294968152,-18.997338300265767,0.5813563229100925,298,,,,,,,,,,,,,,,,,,,,,,,,,,,,,,,,,,,,,,,,,,,,,,,,,,,,,,,,,,,,,,,,,,,,,,,,,,,,,,,,,,,,,,,,,,,,,,,,,,,,,,,,,,,,,,,,,,,,,,,,,,,,,,,,,,,,,,,,,,,,,,,,,,,,,,,,,,,,,,,,
352,PP,LT,#3,#9,DIESEL_1,47872.11034916685,1.3361075223777967,3.3279866630683013,50000000,-0.5145443254986507,-0.33125069865355283,83.38228390796876,,,,,,,,,,,,,,,PE,LT,#5,#7,WAX_1,1.177705029029051,3.020004009299804,83.00764356257513,-0.2884514868371656,-0.3360384099325299,-28.95013884393568,0.6512352645920892,,,,,,,,,,,,,,,,PVC,LT,#5,#7,GASOLINE_1,0.8080779835955056,1.6549120099130512,36.14496981268018,-0.36952720347759643,-0.23763205688223496,-16.429391314313264,0.5454584303304745,299,,,,,,,,,,,,,,,,,,,,,,,,,,,,,,,,,,,,,,,,,,,,,,,,,,,,,,,,,,,,,,,,,,,,,,,,,,,,,,,,,,,,,,,,,,,,,,,,,,,,,,,,,,,,,,,,,,,,,,,,,,,,,,,,,,,,,,,,,,,,,,,,,,,,,,,,,,,,,,,,
353,PP,LT,#3,#10,DIESEL_1,36297.23683830161,1.4080526805283424,3.75340404610572,50000000,-0.587303237430492,-0.8252627358884945,87.88951467904822,,,,,,,,,,,,,,,PE,LT,#5,#9,WAX_1,1.1728985027160463,2.960205453719863,82.82006863119595,-0.2826202177061883,-0.27438194225409207,-28.856006766673886,0.651581950563554,,,,,,,,,,,,,,,,PVC,LT,#5,#8,GASOLINE_1,0.8439793628257837,1.731083704289458,37.269826118712174,-0.40562639896365543,-0.3374683073198393,-17.947040313014316,0.5184565590445942,300,,,,,,,,,,,,,,,,,,,,,,,,,,,,,,,,,,,,,,,,,,,,,,,,,,,,,,,,,,,,,,,,,,,,,,,,,,,,,,,,,,,,,,,,,,,,,,,,,,,,,,,,,,,,,,,,,,,,,,,,,,,,,,,,,,,,,,,,,,,,,,,,,,,,,,,,,,,,,,,,
354,PP,LT,#3,#11,DIESEL_1,36777.951057615865,1.4239981992126807,3.7602666451118387,50000000,-0.5983635283636962,-0.803157932122601,87.4506554790482,,,,,,,,,,,,,,,PE,HT,#1,-,MeOH_1,0.9965639318094733,3.686610528050007,85.04136933738852,0.17945466535179122,-0.8916347955672014,-34.053927966246846,0.5995604465028881,,,,,,,,,,,,,,,,PVC,LT,#5,#9,GASOLINE_1,0.8077014435538075,1.626154676534539,37.80824115780448,-0.36508886142876984,-0.20220806286446988,-17.827214975646672,0.5284833562809963,301,,,,,,,,,,,,,,,,,,,,,,,,,,,,,,,,,,,,,,,,,,,,,,,,,,,,,,,,,,,,,,,,,,,,,,,,,,,,,,,,,,,,,,,,,,,,,,,,,,,,,,,,,,,,,,,,,,,,,,,,,,,,,,,,,,,,,,,,,,,,,,,,,,,,,,,,,,,,,,,,
355,PP,LT,#4,#1,DIESEL_1,34289.99174966302,1.4283376393431428,3.837073162547333,50000000,-0.5828467563792173,-0.7925827003252205,86.97366165983183,,,,,,,,,,,,,,,PE,HT,#2,-,FT_1,1.102217739694659,4.653834139488559,89.1893064783005,0.031049054147639622,-1.9449656814874714,-37.857519138772616,0.5755374648194709,,,,,,,,,,,,,,,,PVC,LT,#5,#10,GASOLINE_1,0.8477104317234216,1.8200354398923273,38.70009605268017,-0.4074742915386482,-0.42083425482240766,-19.23320798203504,0.5030191150984741,302,,,,,,,,,,,,,,,,,,,,,,,,,,,,,,,,,,,,,,,,,,,,,,,,,,,,,,,,,,,,,,,,,,,,,,,,,,,,,,,,,,,,,,,,,,,,,,,,,,,,,,,,,,,,,,,,,,,,,,,,,,,,,,,,,,,,,,,,,,,,,,,,,,,,,,,,,,,,,,,,
356,PP,LT,#4,#2,DIESEL_1,24433.57111975485,1.4764950184964338,3.9036946465502043,50000000,-0.6153596712088342,-0.8782967615618047,88.32366389983184,,,,,,,,,,,,,,,PE,HT,#3,-,H2_1,1.03654858113266,3.979856352125911,82.5333870683591,0.06387846908956121,-0.966951774341979,-26.12669455254547,0.6834409021538668,,,,,,,,,,,,,,,,PVC,LT,#5,#11,GASOLINE_1,0.8629336632736487,1.9085955714137162,39.17506309471218,-0.42457218475083514,-0.5187961498610109,-19.86842344113811,0.49282982919254226,303,,,,,,,,,,,,,,,,,,,,,,,,,,,,,,,,,,,,,,,,,,,,,,,,,,,,,,,,,,,,,,,,,,,,,,,,,,,,,,,,,,,,,,,,,,,,,,,,,,,,,,,,,,,,,,,,,,,,,,,,,,,,,,,,,,,,,,,,,,,,,,,,,,,,,,,,,,,,,,,,
357,PP,LT,#4,#3,DIESEL_1,37293.677618212525,1.4132352434692705,3.604021938591311,50000000,-0.5619993803571883,-0.5418199315867832,86.19192594247122,,,,,,,,,,,,,,,PE,HT,#4,-,MeOH_1,1.3803443812225311,7.294891462810497,126.97420121226847,-0.20503328225382347,-4.55836139004499,-78.53346373842669,0.38150062777604105,,,,,,,,,,,,,,,,PVC,LT,#6,#1,MeOH_1,0.9394730565952887,3.038733292584192,45.357933662886296,-0.40054651838339544,-1.5362530896892113,-20.819313556840942,0.5409995148461503,304,,,,,,,,,,,,,,,,,,,,,,,,,,,,,,,,,,,,,,,,,,,,,,,,,,,,,,,,,,,,,,,,,,,,,,,,,,,,,,,,,,,,,,,,,,,,,,,,,,,,,,,,,,,,,,,,,,,,,,,,,,,,,,,,,,,,,,,,,,,,,,,,,,,,,,,,,,,,,,,,
358,PP,LT,#4,#4,DIESEL_1,24210.236388454534,1.4857479739645865,4.034321755044443,50000000,-0.638753130229659,-1.0515004615979548,89.95725269983183,,,,,,,,,,,,,,,PE,HT,#7,-,MeOH_1,0.9872427878559381,3.5830892458515953,84.30952905219588,0.18433384912474252,-0.800671398448388,-33.10858734599362,0.6072972092455154,,,,,,,,,,,,,,,,PVC,LT,#6,#2,MeOH_1,1.2078134587800133,3.3059710129888993,58.775462942886286,-0.502501658145248,-1.7581090736466711,-27.385390389224625,0.534067636084198,305,,,,,,,,,,,,,,,,,,,,,,,,,,,,,,,,,,,,,,,,,,,,,,,,,,,,,,,,,,,,,,,,,,,,,,,,,,,,,,,,,,,,,,,,,,,,,,,,,,,,,,,,,,,,,,,,,,,,,,,,,,,,,,,,,,,,,,,,,,,,,,,,,,,,,,,,,,,,,,,,
359,PP,LT,#4,#5,DIESEL_1,27078.510968355422,1.5391123329782321,4.147539121064232,50000000,-0.6659673054136962,-1.0938010898476347,90.95604373983184,,,,,,,,,,,,,,,PE,HT,#8,-,FT_1,1.1310363919197175,4.608872809971183,92.91431271822788,0.05116310412917699,-1.9619018905314904,-44.091591370976964,0.5254596403818946,,,,,,,,,,,,,,,,PVC,LT,#6,#3,MeOH_1,0.9182692517174522,2.2631976702975187,42.92521638109725,-0.3581222317469808,-0.7553285099715972,-18.01599051561416,0.5802935422464692,306,,,,,,,,,,,,,,,,,,,,,,,,,,,,,,,,,,,,,,,,,,,,,,,,,,,,,,,,,,,,,,,,,,,,,,,,,,,,,,,,,,,,,,,,,,,,,,,,,,,,,,,,,,,,,,,,,,,,,,,,,,,,,,,,,,,,,,,,,,,,,,,,,,,,,,,,,,,,,,,,
360,PP,LT,#4,#6,DIESEL_1,22088.85046372358,1.3168195236872628,3.0853212254380775,50000000,-0.4714970665850233,-0.04727463411101669,79.5921140966482,,,,,,,,,,,,,,,PE,HT,#9,-,H2_1,1.0285150501218798,3.9648475958315266,81.75017313406491,0.05933028551380943,-0.966730678917473,-25.808864378809968,0.6842959055697029,,,,,,,,,,,,,,,,PVC,LT,#6,#4,MeOH_1,1.0093845465605362,3.5807900177549428,51.649565342886284,-0.49463433184386835,-2.1158695139261963,-27.98312947670786,0.4582117140592359,307,,,,,,,,,,,,,,,,,,,,,,,,,,,,,,,,,,,,,,,,,,,,,,,,,,,,,,,,,,,,,,,,,,,,,,,,,,,,,,,,,,,,,,,,,,,,,,,,,,,,,,,,,,,,,,,,,,,,,,,,,,,,,,,,,,,,,,,,,,,,,,,,,,,,,,,,,,,,,,,,
361,PP,LT,#4,#7,DIESEL_1,34252.85157211561,1.419879796432676,3.737807940752785,50000000,-0.5727355739487144,-0.6943817042625317,86.6141565990482,,,,,,,,,,,,,,,PE,HT,#10,-,MeOH_1,1.371237005222996,7.21830915510747,126.1101818521959,-0.1954496899888143,-4.482340553572752,-76.25923437150924,0.39529676944810965,,,,,,,,,,,,,,,,PVC,LT,#6,#5,MeOH_1,1.0783745673078051,3.5109093905460687,54.113440542886295,-0.371281596917691,-1.9725791759754234,-23.036766606400356,0.5742875268087394,308,,,,,,,,,,,,,,,,,,,,,,,,,,,,,,,,,,,,,,,,,,,,,,,,,,,,,,,,,,,,,,,,,,,,,,,,,,,,,,,,,,,,,,,,,,,,,,,,,,,,,,,,,,,,,,,,,,,,,,,,,,,,,,,,,,,,,,,,,,,,,,,,,,,,,,,,,,,,,,,,
362,PP,LT,#4,#8,DIESEL_1,27070.527160170408,1.4821198251363568,3.8416067758629393,50000000,-0.6282310237634229,-0.8173529469433108,88.03546122508018,,,,,,,,,,,,,,,PE,LT,#1,-,WAX_1,1.1368827587074515,3.0185282501567348,81.45959605472005,-0.24730641039270837,-0.3986312927728468,-29.25657656747166,0.6408455481682145,,,,,,,,,,,,,,,,PVC,LT,#6,#7,MeOH_1,0.9060905827757847,2.3576846646089695,44.88011052712806,-0.34886678575367086,-0.8580068033608433,-20.468819620447835,0.5439222546460679,309,,,,,,,,,,,,,,,,,,,,,,,,,,,,,,,,,,,,,,,,,,,,,,,,,,,,,,,,,,,,,,,,,,,,,,,,,,,,,,,,,,,,,,,,,,,,,,,,,,,,,,,,,,,,,,,,,,,,,,,,,,,,,,,,,,,,,,,,,,,,,,,,,,,,,,,,,,,,,,,,
363,PP,LT,#4,#9,DIESEL_1,36894.85663136979,1.40527982724189,3.5778890400186794,50000000,-0.5544695793536205,-0.5188371000470424,85.77619430796875,,,,,,,,,,,,,,,PE,LT,#3,-,WAX_1,1.1431132392486256,2.768740759319183,80.42346010541691,-0.24947929918035258,-0.07867824563941747,-26.206705672881156,0.674141032498103,,,,,,,,,,,,,,,,PVC,LT,#6,#8,MeOH_1,0.9419919620060628,2.4338563589853766,46.00496683316007,-0.38496598123973,-0.9578430537984473,-21.9864686191489,0.5220848935967234,310,,,,,,,,,,,,,,,,,,,,,,,,,,,,,,,,,,,,,,,,,,,,,,,,,,,,,,,,,,,,,,,,,,,,,,,,,,,,,,,,,,,,,,,,,,,,,,,,,,,,,,,,,,,,,,,,,,,,,,,,,,,,,,,,,,,,,,,,,,,,,,,,,,,,,,,,,,,,,,,,
364,PP,LT,#4,#10,DIESEL_1,25319.98312050455,1.4772249853924357,4.003306423056097,50000000,-0.6272284912854619,-1.0128491372819826,90.2834250790482,,,,,,,,,,,,,,,PE,LT,#7,-,WAX_1,1.1587470881239923,3.220001315754248,83.98328895080773,-0.265831976912297,-0.5898843258331984,-31.564373731521673,0.6241588758209964,,,,,,,,,,,,,,,,PVC,LT,#6,#9,MeOH_1,0.9057140427340866,2.3289273312304575,46.54338187225239,-0.34442844370484427,-0.8225828093430781,-21.866643281781265,0.5301879149693368,311,,,,,,,,,,,,,,,,,,,,,,,,,,,,,,,,,,,,,,,,,,,,,,,,,,,,,,,,,,,,,,,,,,,,,,,,,,,,,,,,,,,,,,,,,,,,,,,,,,,,,,,,,,,,,,,,,,,,,,,,,,,,,,,,,,,,,,,,,,,,,,,,,,,,,,,,,,,,,,,,
365,PP,LT,#4,#11,DIESEL_1,25800.697339818806,1.493170504076772,4.0101690220622155,50000000,-0.6382887822186639,-0.990744333516089,89.84456587904818,,,,,,,,,,,,,,,PE,LT,#9,-,WAX_1,1.1600045099837983,2.9322367506692575,82.61166088938236,-0.2662276363298724,-0.24217423698949248,-28.541923132805657,0.6545049109831661,,,,,,,,,,,,,,,,PVC,LT,#6,#10,MeOH_1,0.9457230309037007,2.5228080945882465,47.43523676712807,-0.3868138738147226,-1.0412090013010165,-23.27263628816963,0.5093808342852579,312,,,,,,,,,,,,,,,,,,,,,,,,,,,,,,,,,,,,,,,,,,,,,,,,,,,,,,,,,,,,,,,,,,,,,,,,,,,,,,,,,,,,,,,,,,,,,,,,,,,,,,,,,,,,,,,,,,,,,,,,,,,,,,,,,,,,,,,,,,,,,,,,,,,,,,,,,,,,,,,,
366,PP,LT,#5,#1,DIESEL_1,83350.24292917005,1.372701442715366,3.426773356694478,50000000,-0.5612318371965291,-0.22755710340696395,83.73211035594916,,,,,,,,,,,,,,,PE,SG,#1,-,MeOH_1,0.8127458362106276,4.041559744044348,85.37226838506902,0.2515321009826157,-1.300774986974063,-39.415495144902614,0.5383103214837841,,,,,,,,,,,,,,,,PVC,LT,#6,#11,MeOH_1,0.9609462624539281,2.6113682261096347,47.91020380916007,-0.4039117670269097,-1.1391708963396192,-23.907851747272698,0.5009862232583178,313,,,,,,,,,,,,,,,,,,,,,,,,,,,,,,,,,,,,,,,,,,,,,,,,,,,,,,,,,,,,,,,,,,,,,,,,,,,,,,,,,,,,,,,,,,,,,,,,,,,,,,,,,,,,,,,,,,,,,,,,,,,,,,,,,,,,,,,,,,,,,,,,,,,,,,,,,,,,,,,,
367,PP,LT,#5,#2,DIESEL_1,73493.82229926188,1.420858821868657,3.493394840697348,50000000,-0.5937447520261459,-0.31327116464354726,85.08211259594916,,,,,,,,,,,,,,,PE,SG,#2,-,FT_1,1.024241272533695,5.677962293925761,93.21430645110102,0.018732332218832824,-3.1646440445287674,-49.816111265798085,0.46557440416154416,,,,,,,,,,,,,,,,PVC,LT,#7,#1,GASOLINE_1,0.9603301368175807,3.2801819267883414,45.647827422886294,-0.5433024569042261,-1.9421327543303006,-27.358327562518607,0.4006652866725032,314,,,,,,,,,,,,,,,,,,,,,,,,,,,,,,,,,,,,,,,,,,,,,,,,,,,,,,,,,,,,,,,,,,,,,,,,,,,,,,,,,,,,,,,,,,,,,,,,,,,,,,,,,,,,,,,,,,,,,,,,,,,,,,,,,,,,,,,,,,,,,,,,,,,,,,,,,,,,,,,,
368,PP,LT,#5,#3,DIESEL_1,86353.92879771956,1.3575990468414942,3.1937221327384537,50000000,-0.5403844611745003,0.02320566533147484,82.95037463858853,,,,,,,,,,,,,,,PE,SG,#3,-,H2_1,0.7331495579433133,5.1567611694152165,77.33209524398757,0.14287907033532307,-2.0998157256304353,-20.2153489612401,0.738590440392706,,,,,,,,,,,,,,,,PVC,LT,#7,#2,FT_1,1.2286705390023056,3.5474196471930473,59.065356702886284,-0.6452575966660787,-2.1639887382877596,-33.92440439490229,0.42564632995360313,315,,,,,,,,,,,,,,,,,,,,,,,,,,,,,,,,,,,,,,,,,,,,,,,,,,,,,,,,,,,,,,,,,,,,,,,,,,,,,,,,,,,,,,,,,,,,,,,,,,,,,,,,,,,,,,,,,,,,,,,,,,,,,,,,,,,,,,,,,,,,,,,,,,,,,,,,,,,,,,,,
369,PP,LT,#5,#4,DIESEL_1,73270.48756796158,1.4301117773368102,3.6240219491915884,50000000,-0.6171382110469712,-0.48647486467969836,86.71570139594915,,,,,,,,,,,,,,,PE,SG,#4,-,MeOH_1,1.2323783357284992,9.289262571719169,141.38444278506904,-0.16442823521791283,-6.55753902843744,-94.56642985724342,0.33113977751426155,,,,,,,,,,,,,,,,PVC,LT,#7,#3,GASOLINE_1,0.9391263319397445,2.504646304501667,43.21511014109724,-0.5008781702678116,-1.1612081746126863,-24.555004521291824,0.4317958593390186,316,,,,,,,,,,,,,,,,,,,,,,,,,,,,,,,,,,,,,,,,,,,,,,,,,,,,,,,,,,,,,,,,,,,,,,,,,,,,,,,,,,,,,,,,,,,,,,,,,,,,,,,,,,,,,,,,,,,,,,,,,,,,,,,,,,,,,,,,,,,,,,,,,,,,,,,,,,,,,,,,
370,PP,LT,#5,#5,DIESEL_1,76138.76214786245,1.4834761363504576,3.7372393152113736,50000000,-0.6443523862310102,-0.5287754929293754,87.71449243594917,,,,,,,,,,,,,,,PE,SG,#6,-,MeOH_1,0.8365914376122038,4.017470396803597,88.99923978878815,0.2562181230027713,-1.2348686911718088,-41.70676480770435,0.5313806622766407,,,,,,,,,,,,,,,,PVC,LT,#7,#4,GASOLINE_1,1.0302416267828285,3.8222386519590907,51.939459102886296,-0.6373902703646991,-2.5217491785672843,-34.52214348238552,0.3353387948457262,317,,,,,,,,,,,,,,,,,,,,,,,,,,,,,,,,,,,,,,,,,,,,,,,,,,,,,,,,,,,,,,,,,,,,,,,,,,,,,,,,,,,,,,,,,,,,,,,,,,,,,,,,,,,,,,,,,,,,,,,,,,,,,,,,,,,,,,,,,,,,,,,,,,,,,,,,,,,,,,,,
371,PP,LT,#5,#6,DIESEL_1,71149.1016432306,1.2611833270594863,2.67502141958522,50000000,-0.449882147402335,0.517750962807242,76.3505627927655,,,,,,,,,,,,,,,PE,SG,#7,-,FT_1,1.0500973912299634,6.044972656811135,99.64161065482017,-0.003340874797204094,-3.4585646914627786,-55.796290260168725,0.44003022538988257,,,,,,,,,,,,,,,,PVC,LT,#7,#5,FT_1,1.0992316475300972,3.752358024750218,54.40333430288631,-0.5140375354385216,-2.3784588406165135,-29.57578061207803,0.45636088318746804,318,,,,,,,,,,,,,,,,,,,,,,,,,,,,,,,,,,,,,,,,,,,,,,,,,,,,,,,,,,,,,,,,,,,,,,,,,,,,,,,,,,,,,,,,,,,,,,,,,,,,,,,,,,,,,,,,,,,,,,,,,,,,,,,,,,,,,,,,,,,,,,,,,,,,,,,,,,,,,,,,
372,PP,LT,#5,#7,DIESEL_1,83313.10275162263,1.3642435998049014,3.3275081348999276,50000000,-0.5511206547660283,-0.12935610734427244,83.3726052951655,,,,,,,,,,,,,,,PE,SG,#8,-,H2_1,0.8168409902760868,5.690493860474993,90.3027197143264,0.12944876970011152,-2.554007169355174,-33.12553529515975,0.6331723407672246,,,,,,,,,,,,,,,,PVC,LT,#7,#6,GASOLINE_1,0.8589297711655389,2.202401787984077,41.0066011504308,-0.4266492164711333,-0.8969095437196812,-22.23419309717357,0.45778990520066576,319,,,,,,,,,,,,,,,,,,,,,,,,,,,,,,,,,,,,,,,,,,,,,,,,,,,,,,,,,,,,,,,,,,,,,,,,,,,,,,,,,,,,,,,,,,,,,,,,,,,,,,,,,,,,,,,,,,,,,,,,,,,,,,,,,,,,,,,,,,,,,,,,,,,,,,,,,,,,,,,,
373,PP,LT,#5,#8,DIESEL_1,76130.77833967745,1.42648362850858,3.4313069700100822,50000000,-0.606616104580735,-0.2523273500250524,84.7939099211975,,,,,,,,,,,,,,,PE,SG,#9,-,MeOH_1,1.257621591228742,9.421619183295167,143.96028458878817,-0.1650186658910239,-6.657345302027512,-97.3065104073078,0.3240739229902428,,,,,,,,,,,,,,,,PVC,LT,#7,#7,GASOLINE_1,0.9269476629980768,2.5991332988131184,45.170004287128066,-0.4916227242745014,-1.2638864680019326,-27.007833626125514,0.40208476726175923,320,,,,,,,,,,,,,,,,,,,,,,,,,,,,,,,,,,,,,,,,,,,,,,,,,,,,,,,,,,,,,,,,,,,,,,,,,,,,,,,,,,,,,,,,,,,,,,,,,,,,,,,,,,,,,,,,,,,,,,,,,,,,,,,,,,,,,,,,,,,,,,,,,,,,,,,,,,,,,,,,
374,PP,LT,#5,#9,DIESEL_1,85955.10781087681,1.3496436306141137,3.1675892341658223,50000000,-0.5328546601709325,0.046188496871216,82.53464300408606,,,,,,,,,,,,,,,PE,OG,#1,-,MeOH_1,0.709422172163351,2.5508674606310446,54.07164927999999,-0.19763801837918607,-0.20544431110363215,-29.320413141205997,0.45774886596531056,,,,,,,,,,,,,,,,PVC,LT,#7,#8,GASOLINE_1,0.9628490422283551,2.6753049931895254,46.29486059316007,-0.5277219197605608,-1.363722718439537,-28.52548262482656,0.3838304671546819,321,,,,,,,,,,,,,,,,,,,,,,,,,,,,,,,,,,,,,,,,,,,,,,,,,,,,,,,,,,,,,,,,,,,,,,,,,,,,,,,,,,,,,,,,,,,,,,,,,,,,,,,,,,,,,,,,,,,,,,,,,,,,,,,,,,,,,,,,,,,,,,,,,,,,,,,,,,,,,,,,
375,PP,LT,#5,#10,DIESEL_1,74380.23430001158,1.4215887887646592,3.5930066172032404,50000000,-0.6056135721027734,-0.4478235403637251,87.04187377516548,,,,,,,,,,,,,,,PE,HG,#2,-,DIESEL_1,0.7984394462786006,2.4946183111458127,80.32142112,-0.0052872756217009,-0.10262009118621826,-42.73940753718327,0.4678952769855665,,,,,,,,,,,,,,,,PVC,LT,#7,#9,GASOLINE_1,0.9265711229563789,2.570375965434606,46.83327563225238,-0.487184382225675,-1.2284624739841676,-28.405657287458915,0.3934727626034986,322,,,,,,,,,,,,,,,,,,,,,,,,,,,,,,,,,,,,,,,,,,,,,,,,,,,,,,,,,,,,,,,,,,,,,,,,,,,,,,,,,,,,,,,,,,,,,,,,,,,,,,,,,,,,,,,,,,,,,,,,,,,,,,,,,,,,,,,,,,,,,,,,,,,,,,,,,,,,,,,,
376,PP,LT,#5,#11,DIESEL_1,74860.94851932583,1.4375343074489957,3.5998692162093584,50000000,-0.616673863035976,-0.42571873659783066,86.60301457516552,,,,,,,,,,,,,,,PE,HG,#4,-,MeOH_1,0.8578798507411917,3.005561994045711,88.17238736,-0.05740410356429223,-0.5930753549495176,-50.24534461241865,0.43014648784237414,,,,,,,,,,,,,,,,PVC,LT,#7,#10,GASOLINE_1,0.966580111125993,2.764256728792395,47.725130527128066,-0.5295698123355533,-1.4470886659421056,-29.81165029384729,0.37534690917394853,323,,,,,,,,,,,,,,,,,,,,,,,,,,,,,,,,,,,,,,,,,,,,,,,,,,,,,,,,,,,,,,,,,,,,,,,,,,,,,,,,,,,,,,,,,,,,,,,,,,,,,,,,,,,,,,,,,,,,,,,,,,,,,,,,,,,,,,,,,,,,,,,,,,,,,,,,,,,,,,,,
377,PP,LT,#6,#1,DIESEL_1,27553.127767377588,1.5120210916267247,4.652332204956178,50000000,-0.6909049534226719,-1.7753833700720778,97.9348507798318,,,,,,,,,,,,,,,PE,HG,#5,-,DIESEL_1,0.9165187435491484,3.5383979940502823,91.4753208,-0.12341530737224872,-1.1481751326876455,-53.916574700448244,0.41058884266358053,,,,,,,,,,,,,,,,PVC,LT,#7,#11,FT_1,0.98180334267622,2.852816860313783,48.20009756916007,-0.5466677055477401,-1.5450505609807084,-30.44686575295036,0.3683235659582728,324,,,,,,,,,,,,,,,,,,,,,,,,,,,,,,,,,,,,,,,,,,,,,,,,,,,,,,,,,,,,,,,,,,,,,,,,,,,,,,,,,,,,,,,,,,,,,,,,,,,,,,,,,,,,,,,,,,,,,,,,,,,,,,,,,,,,,,,,,,,,,,,,,,,,,,,,,,,,,,,,
378,PP,LT,#6,#2,DIESEL_1,17696.707137469413,1.5601784707800146,4.718953688959049,50000000,-0.7234178682522879,-1.8610974313086626,99.28485301983183,,,,,,,,,,,,,,,,,,,,,,,,,,,,,,,,,,,,,,,,,,PVC,LT,#8,#1,Aromatics,0.8574271690941648,1.584597583484256,26.60212767423976,-0.5788950522750351,-0.3463179688054782,-11.905363041849085,0.5524657580913095,325,,,,,,,,,,,,,,,,,,,,,,,,,,,,,,,,,,,,,,,,,,,,,,,,,,,,,,,,,,,,,,,,,,,,,,,,,,,,,,,,,,,,,,,,,,,,,,,,,,,,,,,,,,,,,,,,,,,,,,,,,,,,,,,,,,,,,,,,,,,,,,,,,,,,,,,,,,,,,,,,
379,PP,LT,#6,#3,DIESEL_1,30556.813635927083,1.4969186957528537,4.4192809810001545,50000000,-0.6700575774006443,-1.5246206013336399,97.1531150624712,,,,,,,,,,,,,,,,,,,,,,,,,,,,,,,,,,,,,,,,,,PVC,LT,#8,#2,FT_1,1.1257675712788893,1.8518353038889634,40.01965695423976,-0.6808501920368875,-0.5681739527629381,-18.47143987423278,0.5384408243340556,326,,,,,,,,,,,,,,,,,,,,,,,,,,,,,,,,,,,,,,,,,,,,,,,,,,,,,,,,,,,,,,,,,,,,,,,,,,,,,,,,,,,,,,,,,,,,,,,,,,,,,,,,,,,,,,,,,,,,,,,,,,,,,,,,,,,,,,,,,,,,,,,,,,,,,,,,,,,,,,,,
380,PP,LT,#6,#4,MeOH_1,17473.3724061691,1.5694314262481701,4.849580797453288,50000000,-0.7468113272731154,-2.034301131344812,100.91844181983184,,,,,,,,,,,,,,,,,,,,,,,,,,,,,,,,,,,,,,,,,,PVC,LT,#8,#4,Aromatics,0.9273386590594124,2.1266543086550067,32.89375935423975,-0.6729828657355078,-0.925934393042463,-19.069178961715995,0.42027973281022596,327,,,,,,,,,,,,,,,,,,,,,,,,,,,,,,,,,,,,,,,,,,,,,,,,,,,,,,,,,,,,,,,,,,,,,,,,,,,,,,,,,,,,,,,,,,,,,,,,,,,,,,,,,,,,,,,,,,,,,,,,,,,,,,,,,,,,,,,,,,,,,,,,,,,,,,,,,,,,,,,,
381,PP,LT,#6,#5,DIESEL_1,20341.646986069984,1.6227957852618158,4.962798163473075,50000000,-0.7740255024571526,-2.0766017595944914,101.91723285983181,,,,,,,,,,,,,,,,,,,,,,,,,,,,,,,,,,,,,,,,,,PVC,LT,#8,#5,FT_1,0.9963286798066813,2.056773681446133,35.35763455423975,-0.5496301308093305,-0.7826440550916913,-14.122816091408506,0.600572372290809,328,,,,,,,,,,,,,,,,,,,,,,,,,,,,,,,,,,,,,,,,,,,,,,,,,,,,,,,,,,,,,,,,,,,,,,,,,,,,,,,,,,,,,,,,,,,,,,,,,,,,,,,,,,,,,,,,,,,,,,,,,,,,,,,,,,,,,,,,,,,,,,,,,,,,,,,,,,,,,,,,
382,PP,LT,#6,#6,DIESEL_1,15351.986481438142,1.400502975970846,3.9005802678469217,50000000,-0.5795552636284792,-1.0300753038578734,90.5533032166482,,,,,,,,,,,,,,,,,,,,,,,,,,,,,,,,,,,,,,,,,,PVC,LT,#9,#1,Aromatics,0.9164179746755994,1.8823665683629875,28.74486651423976,-0.6518811202574979,-0.6478337358535686,-14.122341566704652,0.5087003949136913,329,,,,,,,,,,,,,,,,,,,,,,,,,,,,,,,,,,,,,,,,,,,,,,,,,,,,,,,,,,,,,,,,,,,,,,,,,,,,,,,,,,,,,,,,,,,,,,,,,,,,,,,,,,,,,,,,,,,,,,,,,,,,,,,,,,,,,,,,,,,,,,,,,,,,,,,,,,,,,,,,
383,PP,LT,#6,#7,DIESEL_1,27515.98758983017,1.5035632487162596,4.55306698316163,50000000,-0.6807937709921708,-1.6771823740093883,97.5753457190482,,,,,,,,,,,,,,,,,,,,,,,,,,,,,,,,,,,,,,,,,,PVC,LT,#9,#2,FT_1,1.1847583768603245,2.1496042887676947,42.16239579423976,-0.753836260019351,-0.8696897198110283,-20.688418399088345,0.5093158723699757,330,,,,,,,,,,,,,,,,,,,,,,,,,,,,,,,,,,,,,,,,,,,,,,,,,,,,,,,,,,,,,,,,,,,,,,,,,,,,,,,,,,,,,,,,,,,,,,,,,,,,,,,,,,,,,,,,,,,,,,,,,,,,,,,,,,,,,,,,,,,,,,,,,,,,,,,,,,,,,,,,
384,PP,LT,#6,#8,DIESEL_1,20333.66317788497,1.5658032774199409,4.656865818271784,50000000,-0.7362892208068798,-1.8001536166901686,98.99665034508018,,,,,,,,,,,,,,,,,,,,,,,,,,,,,,,,,,,,,,,,,,PVC,LT,#9,#4,Aromatics,0.9863294646408471,2.4244232935337378,35.03649819423976,-0.7459689337179708,-1.227450160090553,-21.28615748657157,0.3924576203773938,331,,,,,,,,,,,,,,,,,,,,,,,,,,,,,,,,,,,,,,,,,,,,,,,,,,,,,,,,,,,,,,,,,,,,,,,,,,,,,,,,,,,,,,,,,,,,,,,,,,,,,,,,,,,,,,,,,,,,,,,,,,,,,,,,,,,,,,,,,,,,,,,,,,,,,,,,,,,,,,,,
385,PP,LT,#6,#9,DIESEL_1,30157.99264908435,1.488963279525472,4.3931480824275235,50000000,-0.662527776397075,-1.5016377697938998,96.73738342796875,,,,,,,,,,,,,,,,,,,,,,,,,,,,,,,,,,,,,,,,,,PVC,LT,#9,#5,FT_1,1.055319485388116,2.354542666324864,37.50037339423975,-0.6226161987917936,-1.084159822139781,-16.33979461626406,0.5642764821436701,332,,,,,,,,,,,,,,,,,,,,,,,,,,,,,,,,,,,,,,,,,,,,,,,,,,,,,,,,,,,,,,,,,,,,,,,,,,,,,,,,,,,,,,,,,,,,,,,,,,,,,,,,,,,,,,,,,,,,,,,,,,,,,,,,,,,,,,,,,,,,,,,,,,,,,,,,,,,,,,,,
386,PP,LT,#6,#10,MeOH_1,18583.11913821911,1.560908437676017,4.818565465464942,50000000,-0.7352866883289159,-1.9956498070288404,101.24461419904823,,,,,,,,,,,,,,,,,,,,,,,,,,,,,,,,,,,,,,,,,,PVC,LT,#9,#8,Aromatics,0.9189368800863739,1.2774896347641733,29.391899684513525,-0.6363005831138326,-0.0694236999628061,-15.28949662901261,0.4798057698506441,333,,,,,,,,,,,,,,,,,,,,,,,,,,,,,,,,,,,,,,,,,,,,,,,,,,,,,,,,,,,,,,,,,,,,,,,,,,,,,,,,,,,,,,,,,,,,,,,,,,,,,,,,,,,,,,,,,,,,,,,,,,,,,,,,,,,,,,,,,,,,,,,,,,,,,,,,,,,,,,,,
387,PP,LT,#6,#11,DIESEL_1,19063.833357533367,1.5768539563603559,4.825428064471061,50000000,-0.7463469792621206,-1.973545003262947,100.80575499904819,,,,,,,,,,,,,,,,,,,,,,,,,,,,,,,,,,,,,,,,,,PVC,LT,#9,#10,Aromatics,0.9226679489840116,1.3664413703670415,30.822169618481528,-0.6381484756888252,-0.1527896474653737,-16.575664298033338,0.4622161741626952,334,,,,,,,,,,,,,,,,,,,,,,,,,,,,,,,,,,,,,,,,,,,,,,,,,,,,,,,,,,,,,,,,,,,,,,,,,,,,,,,,,,,,,,,,,,,,,,,,,,,,,,,,,,,,,,,,,,,,,,,,,,,,,,,,,,,,,,,,,,,,,,,,,,,,,,,,,,,,,,,,
388,PP,LT,#7,#1,DIESEL_1,32706.794033556576,1.5904549677064368,5.1828924616746805,50000000,-0.743992594376504,-2.143710748278427,100.87052741983184,,,,,,,,,,,,,,,,,,,,,,,,,,,,,,,,,,,,,,,,,,PVC,LT,#9,#11,Aromatics,0.9378911805342391,1.4550015018884312,31.297136660513527,-0.6552463689010125,-0.25075154250397774,-17.210879757136397,0.4500813303202032,335,,,,,,,,,,,,,,,,,,,,,,,,,,,,,,,,,,,,,,,,,,,,,,,,,,,,,,,,,,,,,,,,,,,,,,,,,,,,,,,,,,,,,,,,,,,,,,,,,,,,,,,,,,,,,,,,,,,,,,,,,,,,,,,,,,,,,,,,,,,,,,,,,,,,,,,,,,,,,,,,
389,PP,LT,#7,#2,DIESEL_1,22850.3734036484,1.6386123468597278,5.249513945677552,50000000,-0.7765055092061209,-2.229424809515012,102.22052965983185,,,,,,,,,,,,,,,,,,,,,,,,,,,,,,,,,,,,,,,,,,PVC,HT,#1,-,MeOH_1,0.7435289949847906,1.6017230871361878,34.21103456057986,-0.3508234724837083,-0.24632335863318502,-17.871010258885185,0.477624383815703,336,,,,,,,,,,,,,,,,,,,,,,,,,,,,,,,,,,,,,,,,,,,,,,,,,,,,,,,,,,,,,,,,,,,,,,,,,,,,,,,,,,,,,,,,,,,,,,,,,,,,,,,,,,,,,,,,,,,,,,,,,,,,,,,,,,,,,,,,,,,,,,,,,,,,,,,,,,,,,,,,
390,PP,LT,#7,#3,DIESEL_1,35710.47990210607,1.5753525718325672,4.949841237718658,50000000,-0.7231452183544773,-1.8929479795399908,100.08879170247118,,,,,,,,,,,,,,,,,,,,,,,,,,,,,,,,,,,,,,,,,,PVC,HT,#2,-,FT_1,0.806801047154552,1.7002936453817907,34.975416501491864,-0.43073701686648325,-0.43971044546570986,-19.39585422597533,0.4454432236668859,337,,,,,,,,,,,,,,,,,,,,,,,,,,,,,,,,,,,,,,,,,,,,,,,,,,,,,,,,,,,,,,,,,,,,,,,,,,,,,,,,,,,,,,,,,,,,,,,,,,,,,,,,,,,,,,,,,,,,,,,,,,,,,,,,,,,,,,,,,,,,,,,,,,,,,,,,,,,,,,,,
391,PP,LT,#7,#4,DIESEL_1,22627.038672348084,1.6478653023278835,5.380141054171791,50000000,-0.7998989682269485,-2.4026285095511626,103.85411845983185,,,,,,,,,,,,,,,,,,,,,,,,,,,,,,,,,,,,,,,,,,PVC,HT,#3,-,DIESEL_1,0.7597583039297939,2.5522247961748166,35.15247321206159,-0.31198492425944185,-1.1597520555370038,-10.035115724720185,0.7145260401968838,338,,,,,,,,,,,,,,,,,,,,,,,,,,,,,,,,,,,,,,,,,,,,,,,,,,,,,,,,,,,,,,,,,,,,,,,,,,,,,,,,,,,,,,,,,,,,,,,,,,,,,,,,,,,,,,,,,,,,,,,,,,,,,,,,,,,,,,,,,,,,,,,,,,,,,,,,,,,,,,,,
392,PP,LT,#7,#5,DIESEL_1,25495.313252248972,1.701229661341529,5.493358420191577,50000000,-0.8271131434109853,-2.4449291378008406,104.85290949983185,,,,,,,,,,,,,,,,,,,,,,,,,,,,,,,,,,,,,,,,,,PVC,HT,#4,-,MeOH_1,0.9338027845021064,2.6782240455355986,48.96046323545987,-0.5768431799418451,-1.401737267193515,-35.039850132248226,0.28432355789333236,339,,,,,,,,,,,,,,,,,,,,,,,,,,,,,,,,,,,,,,,,,,,,,,,,,,,,,,,,,,,,,,,,,,,,,,,,,,,,,,,,,,,,,,,,,,,,,,,,,,,,,,,,,,,,,,,,,,,,,,,,,,,,,,,,,,,,,,,,,,,,,,,,,,,,,,,,,,,,,,,,
393,PP,LT,#7,#6,DIESEL_1,20505.65274761713,1.478936852050559,4.431140524565424,50000000,-0.632642904582312,-1.398402682064223,93.48897985664817,,,,,,,,,,,,,,,,,,,,,,,,,,,,,,,,,,,,,,,,,,PVC,HT,#5,-,FT_1,0.9884996377645843,2.860600128973855,48.95852450149186,-0.5725833676313713,-1.589769081473307,-32.87343541255611,0.3285452176657326,340,,,,,,,,,,,,,,,,,,,,,,,,,,,,,,,,,,,,,,,,,,,,,,,,,,,,,,,,,,,,,,,,,,,,,,,,,,,,,,,,,,,,,,,,,,,,,,,,,,,,,,,,,,,,,,,,,,,,,,,,,,,,,,,,,,,,,,,,,,,,,,,,,,,,,,,,,,,,,,,,
394,PP,LT,#7,#7,DIESEL_1,32669.653856009154,1.5819971247959723,5.083627239880132,50000000,-0.7338814119460034,-2.0455097522157373,100.5110223590482,,,,,,,,,,,,,,,,,,,,,,,,,,,,,,,,,,,,,,,,,,PVC,HT,#8,-,DIESEL_1,0.7807909188045277,2.1035953221231587,35.502719092528366,-0.3727463460347461,-0.7891720620589731,-19.344853788663826,0.4551162760732037,341,,,,,,,,,,,,,,,,,,,,,,,,,,,,,,,,,,,,,,,,,,,,,,,,,,,,,,,,,,,,,,,,,,,,,,,,,,,,,,,,,,,,,,,,,,,,,,,,,,,,,,,,,,,,,,,,,,,,,,,,,,,,,,,,,,,,,,,,,,,,,,,,,,,,,,,,,,,,,,,,
395,PP,LT,#7,#8,DIESEL_1,25487.32944406396,1.6442371534996534,5.187426074990287,50000000,-0.7893768617607123,-2.168480994896518,101.93232698508021,,,,,,,,,,,,,,,,,,,,,,,,,,,,,,,,,,,,,,,,,,PVC,HT,#10,-,MeOH_1,0.8312550816353342,2.6184204339157287,42.02946262649637,-0.41530050568827725,-1.2885116016022262,-25.833594466552082,0.3853455920641257,342,,,,,,,,,,,,,,,,,,,,,,,,,,,,,,,,,,,,,,,,,,,,,,,,,,,,,,,,,,,,,,,,,,,,,,,,,,,,,,,,,,,,,,,,,,,,,,,,,,,,,,,,,,,,,,,,,,,,,,,,,,,,,,,,,,,,,,,,,,,,,,,,,,,,,,,,,,,,,,,,
396,PP,LT,#7,#9,DIESEL_1,35311.65891526334,1.5673971556051844,4.923708339146027,50000000,-0.7156154173509076,-1.8699651480002495,99.67306006796873,,,,,,,,,,,,,,,,,,,,,,,,,,,,,,,,,,,,,,,,,,PVC,HT,#11,-,DIESEL_1,0.9030550191209152,2.974630245886484,45.030031252528374,-0.4954902023346997,-1.6631500603079856,-29.130366936643735,0.3530902349749512,343,,,,,,,,,,,,,,,,,,,,,,,,,,,,,,,,,,,,,,,,,,,,,,,,,,,,,,,,,,,,,,,,,,,,,,,,,,,,,,,,,,,,,,,,,,,,,,,,,,,,,,,,,,,,,,,,,,,,,,,,,,,,,,,,,,,,,,,,,,,,,,,,,,,,,,,,,,,,,,,,
397,PP,LT,#7,#10,DIESEL_1,23736.7854043981,1.6393423137557304,5.349125722183445,50000000,-0.788374329282749,-2.3639771852351905,104.1802908390482,,,,,,,,,,,,,,,,,,,,,,,,,,,,,,,,,,,,,,,,,,PVC,LT,#1,-,MeOH_1,0.7771280684805779,2.2687472256108263,34.96459757233244,-0.3585151420088787,-0.8961865641208383,-16.425180045510075,0.5302339741925887,344,,,,,,,,,,,,,,,,,,,,,,,,,,,,,,,,,,,,,,,,,,,,,,,,,,,,,,,,,,,,,,,,,,,,,,,,,,,,,,,,,,,,,,,,,,,,,,,,,,,,,,,,,,,,,,,,,,,,,,,,,,,,,,,,,,,,,,,,,,,,,,,,,,,,,,,,,,,,,,,,
398,PP,LT,#7,#11,DIESEL_1,24217.499623712356,1.6552878324400688,5.355988321189563,50000000,-0.799434620215953,-2.3418723814692965,103.7414316390482,,,,,,,,,,,,,,,,,,,,,,,,,,,,,,,,,,,,,,,,,,PVC,LT,#2,-,FT_1,0.8293787868529081,2.2463772395851542,35.24796047324444,-0.4260100399874895,-0.9745469865266454,-17.355076051055697,0.5076289289353533,345,,,,,,,,,,,,,,,,,,,,,,,,,,,,,,,,,,,,,,,,,,,,,,,,,,,,,,,,,,,,,,,,,,,,,,,,,,,,,,,,,,,,,,,,,,,,,,,,,,,,,,,,,,,,,,,,,,,,,,,,,,,,,,,,,,,,,,,,,,,,,,,,,,,,,,,,,,,,,,,,
399,PP,LT,#8,#1,DIESEL_1,12201.141285939446,1.2083491354976372,1.7091872313234615,50000000,-0.4840624321273225,1.0358846657654044,67.36463280113496,,,,,,,,,,,,,,,,,,,,,,,,,,,,,,,,,,,,,,,,,,PVC,LT,#3,-,GASOLINE_1,0.7834656658603129,1.6315295184561012,34.668003404555776,-0.3513867030052379,-0.21542520850767122,-14.749150803531423,0.5745601316748108,346,,,,,,,,,,,,,,,,,,,,,,,,,,,,,,,,,,,,,,,,,,,,,,,,,,,,,,,,,,,,,,,,,,,,,,,,,,,,,,,,,,,,,,,,,,,,,,,,,,,,,,,,,,,,,,,,,,,,,,,,,,,,,,,,,,,,,,,,,,,,,,,,,,,,,,,,,,,,,,,,
400,PP,LT,#8,#2,DIESEL_1,2344.7206560312725,1.256506514650928,1.7758087153263324,50000000,-0.5165753469569391,0.9501706045288204,68.71463504113495,,,,,,,,,,,,,,,,,,,,,,,,,,,,,,,,,,,,,,,,,,PVC,LT,#4,-,MeOH_1,0.9868509648539472,3.1852121044287096,52.82146608721245,-0.530077010601391,-1.847188716140756,-32.07347759379441,0.39279463502890016,347,,,,,,,,,,,,,,,,,,,,,,,,,,,,,,,,,,,,,,,,,,,,,,,,,,,,,,,,,,,,,,,,,,,,,,,,,,,,,,,,,,,,,,,,,,,,,,,,,,,,,,,,,,,,,,,,,,,,,,,,,,,,,,,,,,,,,,,,,,,,,,,,,,,,,,,,,,,,,,,,
401,PP,LT,#8,#3,DIESEL_1,15204.827154488941,1.193246739623767,1.4761360073674388,50000000,-0.4632150561052954,1.286647434503842,66.58289708377431,,,,,,,,,,,,,,,,,,,,,,,,,,,,,,,,,,,,,,,,,,PVC,LT,#5,-,FT_1,1.0317042286647649,3.517106234321442,52.72114447324445,-0.5607173678664247,-2.225395955702665,-31.965382489594564,0.3936895185229383,348,,,,,,,,,,,,,,,,,,,,,,,,,,,,,,,,,,,,,,,,,,,,,,,,,,,,,,,,,,,,,,,,,,,,,,,,,,,,,,,,,,,,,,,,,,,,,,,,,,,,,,,,,,,,,,,,,,,,,,,,,,,,,,,,,,,,,,,,,,,,,,,,,,,,,,,,,,,,,,,,
402,PP,LT,#8,#4,DIESEL_1,2121.385924730957,1.2657594701190835,1.9064358238205716,50000000,-0.5399688059777666,0.7769669044926703,70.34822384113495,,,,,,,,,,,,,,,,,,,,,,,,,,,,,,,,,,,,,,,,,,PVC,LT,#7,-,MeOH_1,0.765013630323078,1.7109961974302008,35.82813467892529,-0.3254831351696669,-0.3295311870913625,-16.930335038608774,0.5274569778658479,349,,,,,,,,,,,,,,,,,,,,,,,,,,,,,,,,,,,,,,,,,,,,,,,,,,,,,,,,,,,,,,,,,,,,,,,,,,,,,,,,,,,,,,,,,,,,,,,,,,,,,,,,,,,,,,,,,,,,,,,,,,,,,,,,,,,,,,,,,,,,,,,,,,,,,,,,,,,,,,,,
403,PP,LT,#8,#5,DIESEL_1,4989.660504631845,1.3191238291327285,2.019653189840359,50000000,-0.5671829811618034,0.7346662762429914,71.34701488113495,,,,,,,,,,,,,,,,,,,,,,,,,,,,,,,,,,,,,,,,,,PVC,LT,#8,-,GASOLINE_1,0.8455769651746963,1.8880857913963354,38.05269642495729,-0.4109837901947286,-0.5747010684023706,-20.09945341331946,0.47179949644417296,350,,,,,,,,,,,,,,,,,,,,,,,,,,,,,,,,,,,,,,,,,,,,,,,,,,,,,,,,,,,,,,,,,,,,,,,,,,,,,,,,,,,,,,,,,,,,,,,,,,,,,,,,,,,,,,,,,,,,,,,,,,,,,,,,,,,,,,,,,,,,,,,,,,,,,,,,,,,,,,,,
404,PP,LT,#8,#6,DIESEL_1,0,1.0968310198417588,0.9574352942142041,50000000,-0.3727127423331298,1.78119273197961,59.9830852379513,,,,,,,,,,,,,,,,,,,,,,,,,,,,,,,,,,,,,,,,,,PVC,LT,#9,-,GASOLINE_1,0.774453745761528,1.4769184649140246,35.09543197308448,-0.3316012545411373,-0.051646604707098004,-15.242743587627103,0.5656772767659015,351,,,,,,,,,,,,,,,,,,,,,,,,,,,,,,,,,,,,,,,,,,,,,,,,,,,,,,,,,,,,,,,,,,,,,,,,,,,,,,,,,,,,,,,,,,,,,,,,,,,,,,,,,,,,,,,,,,,,,,,,,,,,,,,,,,,,,,,,,,,,,,,,,,,,,,,,,,,,,,,,
405,PP,LT,#8,#7,DIESEL_1,12164.001108392027,1.1998912925871728,1.609922009528912,50000000,-0.47395124969682184,1.1340856618280952,67.00512774035131,,,,,,,,,,,,,,,,,,,,,,,,,,,,,,,,,,,,,,,,,,PVC,LT,#10,-,MeOH_1,0.8803985843746058,2.4507717452302815,45.78176795892529,-0.43808566001704047,-1.1133538978063975,-27.57926889333541,0.39759275093790364,352,,,,,,,,,,,,,,,,,,,,,,,,,,,,,,,,,,,,,,,,,,,,,,,,,,,,,,,,,,,,,,,,,,,,,,,,,,,,,,,,,,,,,,,,,,,,,,,,,,,,,,,,,,,,,,,,,,,,,,,,,,,,,,,,,,,,,,,,,,,,,,,,,,,,,,,,,,,,,,,,
406,PP,LT,#8,#8,DIESEL_1,4981.676696446828,1.2621313212908511,1.713720844639067,50000000,-0.5294466995115283,1.0111144191473147,68.42643236638331,,,,,,,,,,,,,,,,,,,,,,,,,,,,,,,,,,,,,,,,,,PVC,LT,#11,-,FT_1,0.9380224970188631,2.822517613039731,47.78963770495729,-0.503530037733925,-1.515603221414979,-29.960873139230237,0.373067581633448,353,,,,,,,,,,,,,,,,,,,,,,,,,,,,,,,,,,,,,,,,,,,,,,,,,,,,,,,,,,,,,,,,,,,,,,,,,,,,,,,,,,,,,,,,,,,,,,,,,,,,,,,,,,,,,,,,,,,,,,,,,,,,,,,,,,,,,,,,,,,,,,,,,,,,,,,,,,,,,,,,
407,PP,LT,#8,#9,DIESEL_1,14806.00616764621,1.1852913233963847,1.4500031087948066,50000000,-0.4556852551017256,1.3096302660435837,66.16716544927185,,,,,,,,,,,,,,,,,,,,,,,,,,,,,,,,,,,,,,,,,,PVC,SG,#4,-,MeOH_1,0.75508022029931,3.844835972933493,52.363769054931666,-0.37287416104634924,-2.520927149401666,-35.00003728426775,0.3315982039499234,354,,,,,,,,,,,,,,,,,,,,,,,,,,,,,,,,,,,,,,,,,,,,,,,,,,,,,,,,,,,,,,,,,,,,,,,,,,,,,,,,,,,,,,,,,,,,,,,,,,,,,,,,,,,,,,,,,,,,,,,,,,,,,,,,,,,,,,,,,,,,,,,,,,,,,,,,,,,,,,,,
408,PP,LT,#8,#10,DIESEL_1,3231.13265678097,1.2572364815469301,1.875420491832225,50000000,-0.5284441670335668,0.8156182288086423,70.67439622035131,,,,,,,,,,,,,,,,,,,,,,,,,,,,,,,,,,,,,,,,,,PVC,SG,#5,-,FT_1,0.8518751982495919,4.131610273211943,53.27796265493168,-0.4331926632575348,-2.8981489476418885,-37.05218054218253,0.30454959807377696,355,,,,,,,,,,,,,,,,,,,,,,,,,,,,,,,,,,,,,,,,,,,,,,,,,,,,,,,,,,,,,,,,,,,,,,,,,,,,,,,,,,,,,,,,,,,,,,,,,,,,,,,,,,,,,,,,,,,,,,,,,,,,,,,,,,,,,,,,,,,,,,,,,,,,,,,,,,,,,,,,
409,PP,LT,#8,#11,DIESEL_1,3711.846876095227,1.2731820002312686,1.8822830908383434,50000000,-0.5395044579667713,0.8377230325745365,70.2355370203513,,,,,,,,,,,,,,,,,,,,,,,,,,,,,,,,,,,,,,,,,,PVC,SG,#9,-,MeOH_1,0.7512749609285382,3.893391146028051,56.79891774139432,-0.34134567725226517,-2.5550541795975144,-39.61148082195839,0.3026014861355351,356,,,,,,,,,,,,,,,,,,,,,,,,,,,,,,,,,,,,,,,,,,,,,,,,,,,,,,,,,,,,,,,,,,,,,,,,,,,,,,,,,,,,,,,,,,,,,,,,,,,,,,,,,,,,,,,,,,,,,,,,,,,,,,,,,,,,,,,,,,,,,,,,,,,,,,,,,,,,,,,,
410,PP,LT,#9,#1,DIESEL_1,14429.07855329733,1.282162104776764,2.1234514809396656,50000000,-0.6010301969001257,0.7985753581064364,67.58932420545496,,,,,,,,,,,,,,,,,,,,,,,,,,,,,,,,,,,,,,,,,,PVC,SG,#10,-,FT_1,0.8489772526107936,4.466610182465974,59.29079740742632,-0.44168244027353754,-3.20521307188964,-43.15673937537166,0.27211740670625284,357,,,,,,,,,,,,,,,,,,,,,,,,,,,,,,,,,,,,,,,,,,,,,,,,,,,,,,,,,,,,,,,,,,,,,,,,,,,,,,,,,,,,,,,,,,,,,,,,,,,,,,,,,,,,,,,,,,,,,,,,,,,,,,,,,,,,,,,,,,,,,,,,,,,,,,,,,,,,,,,,
411,PP,LT,#9,#2,DIESEL_1,4572.657923389157,1.3303194839300527,2.1900729649425363,50000000,-0.6335431117297403,0.7128612968698526,68.93932644545497,,,,,,,,,,,,,,,,,,,,,,,,,,,,,,,,,,,,,,,,,,PVC,OG,#1,-,MeOH_1,0.5061525986359917,1.3813738714383186,18.613416900078747,-0.37205439402657786,-0.21439029744086296,-9.812836662839304,0.47280842010271684,358,,,,,,,,,,,,,,,,,,,,,,,,,,,,,,,,,,,,,,,,,,,,,,,,,,,,,,,,,,,,,,,,,,,,,,,,,,,,,,,,,,,,,,,,,,,,,,,,,,,,,,,,,,,,,,,,,,,,,,,,,,,,,,,,,,,,,,,,,,,,,,,,,,,,,,,,,,,,,,,,
412,PP,LT,#9,#3,DIESEL_1,17432.764421846823,1.2670597089028919,1.8904002569836422,50000000,-0.5801828208780968,1.0493381268448743,66.80758848809432,,,,,,,,,,,,,,,,,,,,,,,,,,,,,,,,,,,,,,,,,,PVC,OG,#2,-,FT_1,0.8674724561924828,1.5731123734529633,34.18456922007874,-0.4450021625840381,-0.33870576417773457,-17.552159480001077,0.48654729661792584,359,,,,,,,,,,,,,,,,,,,,,,,,,,,,,,,,,,,,,,,,,,,,,,,,,,,,,,,,,,,,,,,,,,,,,,,,,,,,,,,,,,,,,,,,,,,,,,,,,,,,,,,,,,,,,,,,,,,,,,,,,,,,,,,,,,,,,,,,,,,,,,,,,,,,,,,,,,,,,,,,
413,PP,LT,#9,#4,DIESEL_1,4349.323192088841,1.3395724393982085,2.320700073436776,50000000,-0.6569365707505679,0.5396575968337017,70.57291524545496,,,,,,,,,,,,,,,,,,,,,,,,,,,,,,,,,,,,,,,,,,PVC,OG,#4,-,MeOH_1,0.6324368000619519,2.497964676258821,30.88100922007874,-0.5095198271664713,-1.337902167774636,-22.459128250573503,0.27272039296012907,360,,,,,,,,,,,,,,,,,,,,,,,,,,,,,,,,,,,,,,,,,,,,,,,,,,,,,,,,,,,,,,,,,,,,,,,,,,,,,,,,,,,,,,,,,,,,,,,,,,,,,,,,,,,,,,,,,,,,,,,,,,,,,,,,,,,,,,,,,,,,,,,,,,,,,,,,,,,,,,,,
414,PP,LT,#9,#5,DIESEL_1,7217.597771989728,1.392936798411854,2.433917439456563,50000000,-0.684150745934605,0.4973569685840234,71.57170628545497,,,,,,,,,,,,,,,,,,,,,,,,,,,,,,,,,,,,,,,,,,PVC,OG,#5,-,FT_1,1.1717826581411803,4.035829720438596,63.03540074007874,-0.712829030911196,-2.7376080057040437,-43.797555873589715,0.30519112499680423,361,,,,,,,,,,,,,,,,,,,,,,,,,,,,,,,,,,,,,,,,,,,,,,,,,,,,,,,,,,,,,,,,,,,,,,,,,,,,,,,,,,,,,,,,,,,,,,,,,,,,,,,,,,,,,,,,,,,,,,,,,,,,,,,,,,,,,,,,,,,,,,,,,,,,,,,,,,,,,,,,
415,PP,LT,#9,#6,DIESEL_1,2227.9372673578837,1.1706439891208846,1.3716995438304083,50000000,-0.48968050710593203,1.5438834243206419,60.20777664227132,,,,,,,,,,,,,,,,,,,,,,,,,,,,,,,,,,,,,,,,,,PVC,OG,#9,-,MeOH_1,0.5969357986183332,2.0722990206266125,30.72029341611398,-0.4229051482153253,-0.8903421668227232,-23.075833293714062,0.24884072618883593,362,,,,,,,,,,,,,,,,,,,,,,,,,,,,,,,,,,,,,,,,,,,,,,,,,,,,,,,,,,,,,,,,,,,,,,,,,,,,,,,,,,,,,,,,,,,,,,,,,,,,,,,,,,,,,,,,,,,,,,,,,,,,,,,,,,,,,,,,,,,,,,,,,,,,,,,,,,,,,,,,
416,PP,LT,#9,#7,DIESEL_1,14391.938375749913,1.273704261866298,2.0241862591451163,50000000,-0.5909190144696232,0.8967763541691266,67.22981914467131,,,,,,,,,,,,,,,,,,,,,,,,,,,,,,,,,,,,,,,,,,PVC,OG,#10,-,FT_1,0.8313333748133517,2.3124186033872736,42.04710498411397,-0.5158808522610059,-1.0847364884666741,-29.749021809776455,0.2924834701219959,363,,,,,,,,,,,,,,,,,,,,,,,,,,,,,,,,,,,,,,,,,,,,,,,,,,,,,,,,,,,,,,,,,,,,,,,,,,,,,,,,,,,,,,,,,,,,,,,,,,,,,,,,,,,,,,,,,,,,,,,,,,,,,,,,,,,,,,,,,,,,,,,,,,,,,,,,,,,,,,,,
417,PP,LT,#9,#8,DIESEL_1,7209.613963804712,1.3359442905699785,2.1279850942552705,50000000,-0.6464144642843319,0.7738051114883472,68.65112377070331,,,,,,,,,,,,,,,,,,,,,,,,,,,,,,,,,,,,,,,,,,PS,SG,#10,-,FT_1,1.313081658420727,9.438827874812649,134.2241435450494,-0.43618757170358197,-6.508776151746466,-98.97052191872199,0.2626473948369453,364,,,,,,,,,,,,,,,,,,,,,,,,,,,,,,,,,,,,,,,,,,,,,,,,,,,,,,,,,,,,,,,,,,,,,,,,,,,,,,,,,,,,,,,,,,,,,,,,,,,,,,,,,,,,,,,,,,,,,,,,,,,,,,,,,,,,,,,,,,,,,,,,,,,,,,,,,,,,,,,,
418,PP,LT,#9,#9,DIESEL_1,17033.943435004094,1.2591042926755094,1.8642673584110108,50000000,-0.5726530198745271,1.0723209583846154,66.39185685359185,,,,,,,,,,,,,,,,,,,,,,,,,,,,,,,,,,,,,,,,,,PS,OG,#1,-,MeOH_1,0.6352423733052536,3.3704936177671696,53.7473936,-0.32333890044661695,-0.6354047797739149,-32.05402499906742,0.4036171272300092,365,,,,,,,,,,,,,,,,,,,,,,,,,,,,,,,,,,,,,,,,,,,,,,,,,,,,,,,,,,,,,,,,,,,,,,,,,,,,,,,,,,,,,,,,,,,,,,,,,,,,,,,,,,,,,,,,,,,,,,,,,,,,,,,,,,,,,,,,,,,,,,,,,,,,,,,,,,,,,,,,
419,PP,LT,#9,#10,DIESEL_1,5459.069924138854,1.3310494508260573,2.289684741448429,50000000,-0.6454119318063702,0.578308921149674,70.89908762467132,,,,,,,,,,,,,,,,,,,,,,,,,,,,,,,,,,,,,,,,,,PS,OG,#2,-,FT_1,1.5994837026944992,4.428217526029058,101.6191344,-0.5407360388889444,-1.4126847257479942,-58.62106916934807,0.4231296151510215,366,,,,,,,,,,,,,,,,,,,,,,,,,,,,,,,,,,,,,,,,,,,,,,,,,,,,,,,,,,,,,,,,,,,,,,,,,,,,,,,,,,,,,,,,,,,,,,,,,,,,,,,,,,,,,,,,,,,,,,,,,,,,,,,,,,,,,,,,,,,,,,,,,,,,,,,,,,,,,,,,
420,PP,LT,#9,#11,DIESEL_1,5939.784143453111,1.346994969510394,2.2965473404545476,50000000,-0.656472222739573,0.6004137249155682,70.4602284246713,,,,,,,,,,,,,,,,,,,,,,,,,,,,,,,,,,,,,,,,,,PS,OG,#4,-,MeOH_1,0.8789019536156618,5.8708081679748,82.72375872,-0.5332443582391689,-3.1140319305824242,-61.00165520863965,0.26258603147959525,367,,,,,,,,,,,,,,,,,,,,,,,,,,,,,,,,,,,,,,,,,,,,,,,,,,,,,,,,,,,,,,,,,,,,,,,,,,,,,,,,,,,,,,,,,,,,,,,,,,,,,,,,,,,,,,,,,,,,,,,,,,,,,,,,,,,,,,,,,,,,,,,,,,,,,,,,,,,,,,,,
421,PP,HT,#1,-,MeOH_1,52820.685370412815,1.1643147876573718,3.2804887590752916,50000000,-0.3966417529236636,-0.30080314259500207,79.57669597980977,,,,,,,,,,,,,,,,,,,,,,,,,,,,,,,,,,,,,,,,,,PS,OG,#5,-,FT_1,1.653112247590221,6.577741460424254,119.83336784,-0.6481614177418724,-3.6709687659659753,-80.40095214618574,0.3290603978222821,368,,,,,,,,,,,,,,,,,,,,,,,,,,,,,,,,,,,,,,,,,,,,,,,,,,,,,,,,,,,,,,,,,,,,,,,,,,,,,,,,,,,,,,,,,,,,,,,,,,,,,,,,,,,,,,,,,,,,,,,,,,,,,,,,,,,,,,,,,,,,,,,,,,,,,,,,,,,,,,,,
422,PP,HT,#2,-,FT_1,70843.7383588016,1.2882853701667016,3.8300765083342294,50000000,-0.4530145388673238,-0.39853624421691536,82.85050237980978,,,,,,,,,,,,,,,,,,,,,,,,,,,,,,,,,,,,,,,,,,PS,OG,#9,-,MeOH_1,0.7997931346181946,4.244468230175231,81.16730619555753,-0.35352540608272726,-1.4529546176316828,-60.68976100627053,0.25228809663770485,369,,,,,,,,,,,,,,,,,,,,,,,,,,,,,,,,,,,,,,,,,,,,,,,,,,,,,,,,,,,,,,,,,,,,,,,,,,,,,,,,,,,,,,,,,,,,,,,,,,,,,,,,,,,,,,,,,,,,,,,,,,,,,,,,,,,,,,,,,,,,,,,,,,,,,,,,,,,,,,,,
423,PP,HT,#3,-,H2_1,183556.66168345406,1.2205273646617618,3.9140078218710954,50000000,-0.5339864835857518,-0.23041761741309016,77.27825911645358,,,,,,,,,,,,,,,,,,,,,,,,,,,,,,,,,,,,,,,,,,PS,OG,#10,-,FT_1,1.0908033802916621,4.736842451604328,94.07406475555754,-0.40312810570591057,-1.9641352452937484,-69.41313137620726,0.2621438059833957,370,,,,,,,,,,,,,,,,,,,,,,,,,,,,,,,,,,,,,,,,,,,,,,,,,,,,,,,,,,,,,,,,,,,,,,,,,,,,,,,,,,,,,,,,,,,,,,,,,,,,,,,,,,,,,,,,,,,,,,,,,,,,,,,,,,,,,,,,,,,,,,,,,,,,,,,,,,,,,,,,
424,PP,HT,#4,-,MeOH_1,30023.56777776337,1.458325903377806,4.093876367710986,50000000,-0.8055327191867739,-1.341905970638435,91.1485727798098,,,,,,,,,,,,,,,,,,,,,,,,,,,,,,,,,,,,,,,,,,PE,HT,#3,#11,FT_1,1.501746634959501,7.999541308975194,127.91851851626048,-0.31405554884600106,-5.291583686696168,-78.51799106787824,0.3861874576205527,371,,,,,,,,,,,,,,,,,,,,,,,,,,,,,,,,,,,,,,,,,,,,,,,,,,,,,,,,,,,,,,,,,,,,,,,,,,,,,,,,,,,,,,,,,,,,,,,,,,,,,,,,,,,,,,,,,,,,,,,,,,,,,,,,,,,,,,,,,,,,,,,,,,,,,,,,,,,,,,,,
425,PP,HT,#5,-,FT_1,66387.71273392174,1.6000542898603345,5.030733464681105,50000000,-0.7525367238391163,-1.5980655546635898,95.57942077980978,,,,,,,,,,,,,,,,,,,,,,,,,,,,,,,,,,,,,,,,,,PE,HT,#4,#5,FT_1,1.5046482243672081,7.812067357820876,125.91029500821008,-0.31574080462106935,-5.163815496074667,-77.14040145333796,0.38733841066524416,372,,,,,,,,,,,,,,,,,,,,,,,,,,,,,,,,,,,,,,,,,,,,,,,,,,,,,,,,,,,,,,,,,,,,,,,,,,,,,,,,,,,,,,,,,,,,,,,,,,,,,,,,,,,,,,,,,,,,,,,,,,,,,,,,,,,,,,,,,,,,,,,,,,,,,,,,,,,,,,,,
426,PP,HT,#6,-,Olefin,7832.502477683276,0.960456279220676,1.5173377117774733,50000000,-0.34725271940151853,1.8027721982757163,63.40391747228963,,,,,,,,,,,,,,,,,,,,,,,,,,,,,,,,,,,,,,,,,,PE,HT,#4,#11,FT_1,1.5523605196547308,8.186135657877863,130.12866330229247,-0.3699670290677241,-5.53819518999993,-81.62059451904874,0.3727700535166349,373,,,,,,,,,,,,,,,,,,,,,,,,,,,,,,,,,,,,,,,,,,,,,,,,,,,,,,,,,,,,,,,,,,,,,,,,,,,,,,,,,,,,,,,,,,,,,,,,,,,,,,,,,,,,,,,,,,,,,,,,,,,,,,,,,,,,,,,,,,,,,,,,,,,,,,,,,,,,,,,,
427,PP,HT,#7,-,MeOH_1,69349.27538740318,1.1847180245870568,3.639983943419606,50000000,-0.40080340998702213,-0.5548467310494849,81.83779293399945,,,,,,,,,,,,,,,,,,,,,,,,,,,,,,,,,,,,,,,,,,PE,HT,#5,#11,FT_1,1.5116869350520765,7.786163577842713,127.04488663860319,-0.3203747637772051,-5.030272672483403,-76.36018104948798,0.3989511654514274,374,,,,,,,,,,,,,,,,,,,,,,,,,,,,,,,,,,,,,,,,,,,,,,,,,,,,,,,,,,,,,,,,,,,,,,,,,,,,,,,,,,,,,,,,,,,,,,,,,,,,,,,,,,,,,,,,,,,,,,,,,,,,,,,,,,,,,,,,,,,,,,,,,,,,,,,,,,,,,,,,
428,PP,HT,#8,-,FT_1,65952.79615918196,1.343322775499172,4.906427897194564,50000000,-0.4514141412865995,-1.4135791678127554,89.63251420003144,,,,,,,,,,,,,,,,,,,,,,,,,,,,,,,,,,,,,,,,,,PE,HT,#6,#5,FT_1,1.5251047899213446,7.829927480818885,127.7392756621781,-0.32726091684750597,-5.1580158541323575,-78.60819989951362,0.3846199652219535,375,,,,,,,,,,,,,,,,,,,,,,,,,,,,,,,,,,,,,,,,,,,,,,,,,,,,,,,,,,,,,,,,,,,,,,,,,,,,,,,,,,,,,,,,,,,,,,,,,,,,,,,,,,,,,,,,,,,,,,,,,,,,,,,,,,,,,,,,,,,,,,,,,,,,,,,,,,,,,,,,
429,PP,HT,#9,-,H2_1,193442.57917772085,1.202352358430641,3.7035249659023113,50000000,-0.49115372644455746,0.05814864894764602,79.18836001579317,,,,,,,,,,,,,,,,,,,,,,,,,,,,,,,,,,,,,,,,,,PE,HT,#6,#11,FT_1,1.5728170852088665,8.203995780875873,131.95764395626045,-0.38148714129416095,-5.532395548057623,-83.08839296522439,0.37034043292887664,376,,,,,,,,,,,,,,,,,,,,,,,,,,,,,,,,,,,,,,,,,,,,,,,,,,,,,,,,,,,,,,,,,,,,,,,,,,,,,,,,,,,,,,,,,,,,,,,,,,,,,,,,,,,,,,,,,,,,,,,,,,,,,,,,,,,,,,,,,,,,,,,,,,,,,,,,,,,,,,,,
430,PP,HT,#10,-,MeOH_1,44884.83468923884,1.6013386994204373,7.244896020591651,50000000,-0.8096056218032431,-4.302403280249021,123.18678653399944,,,,,,,,,,,,,,,,,,,,,,,,,,,,,,,,,,,,,,,,,,PE,HT,#7,#5,FT_1,1.5728281114756124,8.210788145914899,129.83726286217808,-0.3828300166882053,-5.567166303396992,-81.0493469028565,0.37576204922857803,377,,,,,,,,,,,,,,,,,,,,,,,,,,,,,,,,,,,,,,,,,,,,,,,,,,,,,,,,,,,,,,,,,,,,,,,,,,,,,,,,,,,,,,,,,,,,,,,,,,,,,,,,,,,,,,,,,,,,,,,,,,,,,,,,,,,,,,,,,,,,,,,,,,,,,,,,,,,,,,,,
431,PP,HT,#11,-,FT_1,64227.804168879826,1.5799829146849356,6.938188867696175,50000000,-0.6873992953926331,-3.4497271193091583,119.98818237399942,,,,,,,,,,,,,,,,,,,,,,,,,,,,,,,,,,,,,,,,,,PE,HT,#7,#11,FT_1,1.6205404067631353,8.584856445971887,134.05563115626046,-0.4370562411348605,-5.941545997322259,-85.52953996856729,0.3619847280501725,378,,,,,,,,,,,,,,,,,,,,,,,,,,,,,,,,,,,,,,,,,,,,,,,,,,,,,,,,,,,,,,,,,,,,,,,,,,,,,,,,,,,,,,,,,,,,,,,,,,,,,,,,,,,,,,,,,,,,,,,,,,,,,,,,,,,,,,,,,,,,,,,,,,,,,,,,,,,,,,,,
432,PP,LT,#1,-,DIESEL_1,38113.412869805245,1.2498658678777268,3.0600619146387023,50000000,-0.43271541154536874,-0.12043210468335538,78.7306040170012,,,,,,,,,,,,,,,,,,,,,,,,,,,,,,,,,,,,,,,,,,PE,HT,#8,#5,FT_1,1.4400107274037564,6.300320437756988,106.88917431071835,-0.38158988778953173,-3.7855789956132706,-62.015757153155114,0.41981255301982,379,,,,,,,,,,,,,,,,,,,,,,,,,,,,,,,,,,,,,,,,,,,,,,,,,,,,,,,,,,,,,,,,,,,,,,,,,,,,,,,,,,,,,,,,,,,,,,,,,,,,,,,,,,,,,,,,,,,,,,,,,,,,,,,,,,,,,,,,,,,,,,,,,,,,,,,,,,,,,,,,
433,PP,LT,#2,-,DIESEL_1,33439.6406651172,1.319427036105692,3.340748447924441,50000000,-0.4898491501653065,-0.3271559513452363,80.1174553979132,,,,,,,,,,,,,,,,,,,,,,,,,,,,,,,,,,,,,,,,,,PE,HT,#8,#11,FT_1,1.487723022691279,6.674388737813977,111.10754260480073,-0.43581611223618677,-4.159958689538537,-66.4959502188659,0.4015172268242323,380,,,,,,,,,,,,,,,,,,,,,,,,,,,,,,,,,,,,,,,,,,,,,,,,,,,,,,,,,,,,,,,,,,,,,,,,,,,,,,,,,,,,,,,,,,,,,,,,,,,,,,,,,,,,,,,,,,,,,,,,,,,,,,,,,,,,,,,,,,,,,,,,,,,,,,,,,,,,,,,,
434,PP,LT,#3,-,DIESEL_1,84232.00476393627,1.2680236421623539,2.8539363794380566,50000000,-0.4556550776416289,0.34623151088971943,77.74659066436084,,,,,,,,,,,,,,,,,,,,,,,,,,,,,,,,,,,,,,,,,,PE,HT,#9,#4,MeOH_1,1.3818749410630762,5.539715209010067,102.68617509172635,-0.37402032536460794,-2.9626423094076824,-56.47706561589253,0.45000322034155693,381,,,,,,,,,,,,,,,,,,,,,,,,,,,,,,,,,,,,,,,,,,,,,,,,,,,,,,,,,,,,,,,,,,,,,,,,,,,,,,,,,,,,,,,,,,,,,,,,,,,,,,,,,,,,,,,,,,,,,,,,,,,,,,,,,,,,,,,,,,,,,,,,,,,,,,,,,,,,,,,,
435,PP,LT,#4,-,MeOH_1,15097.809558531693,1.4309712369615788,4.339294880922428,50000000,-0.6063548357775058,-1.5378975581685153,94.84832901188123,,,,,,,,,,,,,,,,,,,,,,,,,,,,,,,,,,,,,,,,,,PE,HT,#9,#5,FT_1,1.5141061379654515,6.7186607884056295,109.83068515775837,-0.5015870090329808,-4.21857024526988,-64.8873475235435,0.4092056565945961,382,,,,,,,,,,,,,,,,,,,,,,,,,,,,,,,,,,,,,,,,,,,,,,,,,,,,,,,,,,,,,,,,,,,,,,,,,,,,,,,,,,,,,,,,,,,,,,,,,,,,,,,,,,,,,,,,,,,,,,,,,,,,,,,,,,,,,,,,,,,,,,,,,,,,,,,,,,,,,,,,
436,PP,LT,#5,-,DIESEL_1,30124.601679534782,1.4939690536793477,4.831758776362313,50000000,-0.6598038555830371,-1.8251830253143617,96.14621987791323,,,,,,,,,,,,,,,,,,,,,,,,,,,,,,,,,,,,,,,,,,PE,HT,#9,#10,MeOH_1,1.4264650380839095,5.885626470543213,107.13178978580873,-0.41551796762064486,-3.3048231283611087,-60.95056906973405,0.43106925412527836,383,,,,,,,,,,,,,,,,,,,,,,,,,,,,,,,,,,,,,,,,,,,,,,,,,,,,,,,,,,,,,,,,,,,,,,,,,,,,,,,,,,,,,,,,,,,,,,,,,,,,,,,,,,,,,,,,,,,,,,,,,,,,,,,,,,,,,,,,,,,,,,,,,,,,,,,,,,,,,,,,
437,PP,LT,#6,-,DIESEL_1,0,1.1273969705219014,1.9962891138744971,50000000,-0.36736626297816216,1.0004028976169712,69.07664187897186,,,,,,,,,,,,,,,,,,,,,,,,,,,,,,,,,,,,,,,,,,PE,HT,#9,#11,FT_1,1.5618184332529739,7.092729088462616,114.04905345184075,-0.555813233479636,-4.592949939195144,-69.36754058925428,0.3917745172821977,384,,,,,,,,,,,,,,,,,,,,,,,,,,,,,,,,,,,,,,,,,,,,,,,,,,,,,,,,,,,,,,,,,,,,,,,,,,,,,,,,,,,,,,,,,,,,,,,,,,,,,,,,,,,,,,,,,,,,,,,,,,,,,,,,,,,,,,,,,,,,,,,,,,,,,,,,,,,,,,,,
438,PP,LT,#7,-,DIESEL_1,42941.96226169365,1.2705502752921884,3.1125074785922773,50000000,-0.4452692706846319,-0.14449696876517146,79.846246399407,,,,,,,,,,,,,,,,,,,,,,,,,,,,,,,,,,,,,,,,,,PE,LT,#2,#2,WAX_1,1.172876698367619,2.674723834862137,76.69080876768113,-0.3262075867543882,-0.17858349962163866,-24.899110728834614,0.6753312277060306,385,,,,,,,,,,,,,,,,,,,,,,,,,,,,,,,,,,,,,,,,,,,,,,,,,,,,,,,,,,,,,,,,,,,,,,,,,,,,,,,,,,,,,,,,,,,,,,,,,,,,,,,,,,,,,,,,,,,,,,,,,,,,,,,,,,,,,,,,,,,,,,,,,,,,,,,,,,,,,,,,
439,PP,LT,#8,-,DIESEL_1,44799.49313397789,1.4754690988665768,3.9494751446668883,50000000,-0.5753733309537202,-0.7812936648591444,90.18459839940698,,,,,,,,,,,,,,,,,,,,,,,,,,,,,,,,,,,,,,,,,,PE,LT,#2,#5,WAX_1,1.1659355996910914,2.6755465799091827,73.91122910894133,-0.31192206729492494,-0.1727552562697768,-21.754757303924727,0.7056637054180314,386,,,,,,,,,,,,,,,,,,,,,,,,,,,,,,,,,,,,,,,,,,,,,,,,,,,,,,,,,,,,,,,,,,,,,,,,,,,,,,,,,,,,,,,,,,,,,,,,,,,,,,,,,,,,,,,,,,,,,,,,,,,,,,,,,,,,,,,,,,,,,,,,,,,,,,,,,,,,,,,,
440,PP,LT,#9,-,DIESEL_1,85061.20670291522,1.279238903385117,2.860039782912664,50000000,-0.4647797236226428,0.3466775162420261,78.47954852921656,,,,,,,,,,,,,,,,,,,,,,,,,,,,,,,,,,,,,,,,,,PE,LT,#2,#10,WAX_1,1.150586090660178,2.5240991215495225,78.32800836149428,-0.3132615941761878,-0.0320401413271001,-26.967754115283267,0.6557073940802445,387,,,,,,,,,,,,,,,,,,,,,,,,,,,,,,,,,,,,,,,,,,,,,,,,,,,,,,,,,,,,,,,,,,,,,,,,,,,,,,,,,,,,,,,,,,,,,,,,,,,,,,,,,,,,,,,,,,,,,,,,,,,,,,,,,,,,,,,,,,,,,,,,,,,,,,,,,,,,,,,,
441,PP,LT,#10,-,MeOH_1,18279.37658667226,1.5276980409386989,4.7283230151288445,50000000,-0.7010340847158439,-1.9067931418740007,99.45395215940701,,,,,,,,,,,,,,,,,,,,,,,,,,,,,,,,,,,,,,,,,,PE,LT,#2,#11,WAX_1,1.1590709834387507,2.5829659576800017,73.57616413056006,-0.32335899740283364,-0.09406683459759146,-22.3516892807124,0.696210185121236,388,,,,,,,,,,,,,,,,,,,,,,,,,,,,,,,,,,,,,,,,,,,,,,,,,,,,,,,,,,,,,,,,,,,,,,,,,,,,,,,,,,,,,,,,,,,,,,,,,,,,,,,,,,,,,,,,,,,,,,,,,,,,,,,,,,,,,,,,,,,,,,,,,,,,,,,,,,,,,,,,
442,PP,LT,#11,-,DIESEL_1,109122.36013809545,1.6183005163353477,5.2716084435297335,50000000,-0.5699363439774244,-1.5862516652060519,102.06442783940699,,,,,,,,,,,,,,,,,,,,,,,,,,,,,,,,,,,,,,,,,,PE,LT,#3,#2,WAX_1,1.246925484979519,3.3837004164223794,86.75650431525168,-0.34338526862603613,-0.7713431080558366,-33.97457917209952,0.6083915616442509,389,,,,,,,,,,,,,,,,,,,,,,,,,,,,,,,,,,,,,,,,,,,,,,,,,,,,,,,,,,,,,,,,,,,,,,,,,,,,,,,,,,,,,,,,,,,,,,,,,,,,,,,,,,,,,,,,,,,,,,,,,,,,,,,,,,,,,,,,,,,,,,,,,,,,,,,,,,,,,,,,
443,PP,SG,#1,-,MeOH_1,52307.927913719774,1.0197478852338275,3.9085361451139904,50000000,-0.17202125155727982,-0.8731966091620419,86.55423262408677,,,,,,,,,,,,,,,,,,,,,,,,,,,,,,,,,,,,,,,,,,PE,LT,#3,#5,WAX_1,1.2399843863029913,3.3845231614694256,87.04433375525167,-0.3290997491665731,-0.7655148647039747,-33.89763484592944,0.6105704600917313,390,,,,,,,,,,,,,,,,,,,,,,,,,,,,,,,,,,,,,,,,,,,,,,,,,,,,,,,,,,,,,,,,,,,,,,,,,,,,,,,,,,,,,,,,,,,,,,,,,,,,,,,,,,,,,,,,,,,,,,,,,,,,,,,,,,,,,,,,,,,,,,,,,,,,,,,,,,,,,,,,
444,PP,SG,#2,-,FT_1,59888.558181407214,1.2693679810860268,5.665728331166643,50000000,-0.2758797360099645,-1.9193337033501265,95.29502269011876,,,,,,,,,,,,,,,,,,,,,,,,,,,,,,,,,,,,,,,,,,PE,LT,#3,#10,WAX_1,1.2246348772720774,3.2330757031097646,84.9929420537929,-0.33043927604783546,-0.6247997497612972,-32.64246070327625,0.6159391601879542,391,,,,,,,,,,,,,,,,,,,,,,,,,,,,,,,,,,,,,,,,,,,,,,,,,,,,,,,,,,,,,,,,,,,,,,,,,,,,,,,,,,,,,,,,,,,,,,,,,,,,,,,,,,,,,,,,,,,,,,,,,,,,,,,,,,,,,,,,,,,,,,,,,,,,,,,,,,,,,,,,
445,PP,SG,#3,-,H2_1,255650.35940421213,0.9314408064593445,5.015439467704688,50000000,-0.256067430443089,-0.9125210175607154,78.44151179362476,,,,,,,,,,,,,,,,,,,,,,,,,,,,,,,,,,,,,,,,,,PE,LT,#3,#11,WAX_1,1.2331197700506504,3.2919425392402446,85.3540938638249,-0.3405366792744816,-0.6868264430317896,-33.13939190967161,0.6117422093128578,392,,,,,,,,,,,,,,,,,,,,,,,,,,,,,,,,,,,,,,,,,,,,,,,,,,,,,,,,,,,,,,,,,,,,,,,,,,,,,,,,,,,,,,,,,,,,,,,,,,,,,,,,,,,,,,,,,,,,,,,,,,,,,,,,,,,,,,,,,,,,,,,,,,,,,,,,,,,,,,,,
446,PP,SG,#4,-,MeOH_1,48839.241936383936,1.4652211122296783,9.152078962064623,50000000,-0.6177902360489115,-6.138011008848294,142.54637502408676,,,,,,,,,,,,,,,,,,,,,,,,,,,,,,,,,,,,,,,,,,PE,LT,#4,#1,WAX_1,1.23591100486478,3.5089149907536976,86.94961102128369,-0.3527105157878397,-0.9532435097729921,-35.599352555997164,0.5905749072611366,393,,,,,,,,,,,,,,,,,,,,,,,,,,,,,,,,,,,,,,,,,,,,,,,,,,,,,,,,,,,,,,,,,,,,,,,,,,,,,,,,,,,,,,,,,,,,,,,,,,,,,,,,,,,,,,,,,,,,,,,,,,,,,,,,,,,,,,,,,,,,,,,,,,,,,,,,,,,,,,,,
447,PP,SG,#5,-,FT_1,59464.06445896398,1.7202628366739803,10.914697239132812,50000000,-0.7273130479628261,-7.170534527355541,150.97061149011878,,,,,,,,,,,,,,,,,,,,,,,,,,,,,,,,,,,,,,,,,,PE,LT,#4,#2,WAX_1,1.300566895404139,3.6419566307267504,89.23836670128368,-0.4054528895137737,-1.0912251610256087,-37.578163306291664,0.5789012652811013,394,,,,,,,,,,,,,,,,,,,,,,,,,,,,,,,,,,,,,,,,,,,,,,,,,,,,,,,,,,,,,,,,,,,,,,,,,,,,,,,,,,,,,,,,,,,,,,,,,,,,,,,,,,,,,,,,,,,,,,,,,,,,,,,,,,,,,,,,,,,,,,,,,,,,,,,,,,,,,,,,
448,PP,SG,#6,-,MeOH_1,71228.05951450217,1.051408851094635,3.9457194267625653,50000000,-0.18990714961844732,-0.7887275068430254,89.94071153710495,,,,,,,,,,,,,,,,,,,,,,,,,,,,,,,,,,,,,,,,,,PE,LT,#4,#3,WAX_1,1.2240927515407323,3.367350076241667,86.19875665604376,-0.3374791028646,-0.8098288920195449,-34.73448923943151,0.5970418763923536,395,,,,,,,,,,,,,,,,,,,,,,,,,,,,,,,,,,,,,,,,,,,,,,,,,,,,,,,,,,,,,,,,,,,,,,,,,,,,,,,,,,,,,,,,,,,,,,,,,,,,,,,,,,,,,,,,,,,,,,,,,,,,,,,,,,,,,,,,,,,,,,,,,,,,,,,,,,,,,,,,
449,PP,SG,#7,-,FT_1,82599.26896110304,1.3181374807301327,6.0165660092319335,50000000,-0.34464406059931635,-2.1969745577782605,101.14291953710497,,,,,,,,,,,,,,,,,,,,,,,,,,,,,,,,,,,,,,,,,,PE,LT,#4,#4,WAX_1,1.2301773796082671,3.408731593431893,86.30430889328368,-0.3471020277889168,-0.8647127953378737,-35.151834329161126,0.592698965093078,396,,,,,,,,,,,,,,,,,,,,,,,,,,,,,,,,,,,,,,,,,,,,,,,,,,,,,,,,,,,,,,,,,,,,,,,,,,,,,,,,,,,,,,,,,,,,,,,,,,,,,,,,,,,,,,,,,,,,,,,,,,,,,,,,,,,,,,,,,,,,,,,,,,,,,,,,,,,,,,,,
450,PP,SG,#8,-,H2_1,269769.1232321518,0.9832561827525128,5.152809980713184,50000000,-0.2710550146335582,-0.9383752013217321,85.06180642268117,,,,,,,,,,,,,,,,,,,,,,,,,,,,,,,,,,,,,,,,,,PE,LT,#4,#5,WAX_1,1.293625796727611,3.6427793757737956,89.52619614128368,-0.39116737005431035,-1.085396917673747,-37.50121898012159,0.5811145720863654,397,,,,,,,,,,,,,,,,,,,,,,,,,,,,,,,,,,,,,,,,,,,,,,,,,,,,,,,,,,,,,,,,,,,,,,,,,,,,,,,,,,,,,,,,,,,,,,,,,,,,,,,,,,,,,,,,,,,,,,,,,,,,,,,,,,,,,,,,,,,,,,,,,,,,,,,,,,,,,,,,
451,PP,SG,#9,-,MeOH_1,59317.09227121783,1.4890647988213381,9.251383825552624,50000000,-0.6262525012625504,-6.16561939977165,144.50676593710494,,,,,,,,,,,,,,,,,,,,,,,,,,,,,,,,,,,,,,,,,,PE,LT,#4,#7,WAX_1,1.219063780683322,3.396773760302366,86.1135293038249,-0.3335481793873025,-0.841511539892711,-34.5616468938238,0.5986502100978379,398,,,,,,,,,,,,,,,,,,,,,,,,,,,,,,,,,,,,,,,,,,,,,,,,,,,,,,,,,,,,,,,,,,,,,,,,,,,,,,,,,,,,,,,,,,,,,,,,,,,,,,,,,,,,,,,,,,,,,,,,,,,,,,,,,,,,,,,,,,,,,,,,,,,,,,,,,,,,,,,,
452,PP,SG,#10,-,FT_1,82754.97819825845,1.7441065232656399,11.014002102620811,50000000,-0.7718606543107149,-7.194664136254006,152.93100240313697,,,,,,,,,,,,,,,,,,,,,,,,,,,,,,,,,,,,,,,,,,PE,LT,#4,#8,WAX_1,1.2601199425052196,3.499227344614662,87.32502960985691,-0.3736457838698106,-0.9541057701842255,-35.6659297311396,0.5915726580284633,399,,,,,,,,,,,,,,,,,,,,,,,,,,,,,,,,,,,,,,,,,,,,,,,,,,,,,,,,,,,,,,,,,,,,,,,,,,,,,,,,,,,,,,,,,,,,,,,,,,,,,,,,,,,,,,,,,,,,,,,,,,,,,,,,,,,,,,,,,,,,,,,,,,,,,,,,,,,,,,,,
453,PP,OG,#1,-,MeOH_1,9264.64449850796,0.8881350805248821,2.2283474767511042,50000000,-0.4510723312439605,0.22364599687367528,57.7485152,,,,,,,,,,,,,,,,,,,,,,,,,,,,,,,,,,,,,,,,,,PE,LT,#4,#9,WAX_1,1.2142572543703172,3.3369752047224246,85.92595437244572,-0.32771691025632493,-0.7798550722142726,-34.467514816562,0.5988695724325308,400,,,,,,,,,,,,,,,,,,,,,,,,,,,,,,,,,,,,,,,,,,,,,,,,,,,,,,,,,,,,,,,,,,,,,,,,,,,,,,,,,,,,,,,,,,,,,,,,,,,,,,,,,,,,,,,,,,,,,,,,,,,,,,,,,,,,,,,,,,,,,,,,,,,,,,,,,,,,,,,,
454,PP,OG,#2,-,FT_1,27064.444440539257,1.4254526792538136,3.753609208375001,50000000,-0.5015464885076569,-0.2538732886101276,88.38298863999998,,,,,,,,,,,,,,,,,,,,,,,,,,,,,,,,,,,,,,,,,,PE,LT,#4,#10,WAX_1,1.2782762876966978,3.4913319174141346,87.47480443982488,-0.3925068969355734,-0.9446818027310687,-36.246044837468375,0.5856401729665767,401,,,,,,,,,,,,,,,,,,,,,,,,,,,,,,,,,,,,,,,,,,,,,,,,,,,,,,,,,,,,,,,,,,,,,,,,,,,,,,,,,,,,,,,,,,,,,,,,,,,,,,,,,,,,,,,,,,,,,,,,,,,,,,,,,,,,,,,,,,,,,,,,,,,,,,,,,,,,,,,,
455,PP,OG,#3,-,H2_1,139622.46239927554,0.9089095400845281,2.242929154991412,50000000,-0.49657771549345114,0.9435489238864899,55.734171419216345,,,,,,,,,,,,,,,,,,,,,,,,,,,,,,,,,,,,,,,,,,PE,LT,#4,#11,WAX_1,1.2867611804752708,3.5501987535446142,87.83595624985688,-0.4026043001622195,-1.0067084960015606,-36.74297604386373,0.5816863888935735,402,,,,,,,,,,,,,,,,,,,,,,,,,,,,,,,,,,,,,,,,,,,,,,,,,,,,,,,,,,,,,,,,,,,,,,,,,,,,,,,,,,,,,,,,,,,,,,,,,,,,,,,,,,,,,,,,,,,,,,,,,,,,,,,,,,,,,,,,,,,,,,,,,,,,,,,,,,,,,,,,
456,PP,OG,#4,-,MeOH_1,9262.727035887825,1.2050418949299067,5.759154490941914,50000000,-0.7680320447692437,-3.3072109013951327,96.80473423999999,,,,,,,,,,,,,,,,,,,,,,,,,,,,,,,,,,,,,,,,,,PE,LT,#5,#2,WAX_1,1.2592081437498674,3.265186879724189,86.13248096003392,-0.3603561969636364,-0.5857520310654283,-31.966655256403538,0.6288664287838603,403,,,,,,,,,,,,,,,,,,,,,,,,,,,,,,,,,,,,,,,,,,,,,,,,,,,,,,,,,,,,,,,,,,,,,,,,,,,,,,,,,,,,,,,,,,,,,,,,,,,,,,,,,,,,,,,,,,,,,,,,,,,,,,,,,,,,,,,,,,,,,,,,,,,,,,,,,,,,,,,,
457,PP,OG,#5,-,FT_1,24593.928701595465,1.7294767261441917,6.969296316699843,50000000,-0.8009287187891884,-3.4822564744513347,122.75122544000001,,,,,,,,,,,,,,,,,,,,,,,,,,,,,,,,,,,,,,,,,,PE,LT,#5,#5,WAX_1,1.2522670450733397,3.266009624771234,86.42031040003391,-0.34607067750417314,-0.5799237877135656,-31.88971093023347,0.6309928675028116,404,,,,,,,,,,,,,,,,,,,,,,,,,,,,,,,,,,,,,,,,,,,,,,,,,,,,,,,,,,,,,,,,,,,,,,,,,,,,,,,,,,,,,,,,,,,,,,,,,,,,,,,,,,,,,,,,,,,,,,,,,,,,,,,,,,,,,,,,,,,,,,,,,,,,,,,,,,,,,,,,
458,PP,OG,#6,-,MeOH_1,16990.70715224172,0.9117210658014231,2.1154372125163654,50000000,-0.43108141854318516,0.3967524107758385,66.13528103252321,,,,,,,,,,,,,,,,,,,,,,,,,,,,,,,,,,,,,,,,,,PE,LT,#5,#8,WAX_1,1.2187611908509486,3.1224575936120997,84.2191438686071,-0.32854909131967364,-0.4486326402240443,-30.05442168125145,0.6431402612197022,405,,,,,,,,,,,,,,,,,,,,,,,,,,,,,,,,,,,,,,,,,,,,,,,,,,,,,,,,,,,,,,,,,,,,,,,,,,,,,,,,,,,,,,,,,,,,,,,,,,,,,,,,,,,,,,,,,,,,,,,,,,,,,,,,,,,,,,,,,,,,,,,,,,,,,,,,,,,,,,,,
459,PP,OG,#7,-,FT_1,5235.960593577961,1.041476486472691,2.346137348843497,50000000,-0.3538244822192595,0.6748984865381441,66.62877079252321,,,,,,,,,,,,,,,,,,,,,,,,,,,,,,,,,,,,,,,,,,PE,LT,#5,#10,WAX_1,1.2369175360424265,3.1145621664115732,84.3689186985751,-0.3474102043854362,-0.4392086727708882,-30.63453678758023,0.6368978379700674,406,,,,,,,,,,,,,,,,,,,,,,,,,,,,,,,,,,,,,,,,,,,,,,,,,,,,,,,,,,,,,,,,,,,,,,,,,,,,,,,,,,,,,,,,,,,,,,,,,,,,,,,,,,,,,,,,,,,,,,,,,,,,,,,,,,,,,,,,,,,,,,,,,,,,,,,,,,,,,,,,
460,PP,OG,#8,-,H2_1,146822.93023263843,0.9227619088639478,2.831753841079097,50000000,-0.482045857816469,0.41159676229363173,69.36769552746307,,,,,,,,,,,,,,,,,,,,,,,,,,,,,,,,,,,,,,,,,,PE,LT,#5,#11,WAX_1,1.2454024288209995,3.1734290025420533,84.73007050860713,-0.35750760761208245,-0.5012353660413804,-31.131467993975626,0.6325806433642327,407,,,,,,,,,,,,,,,,,,,,,,,,,,,,,,,,,,,,,,,,,,,,,,,,,,,,,,,,,,,,,,,,,,,,,,,,,,,,,,,,,,,,,,,,,,,,,,,,,,,,,,,,,,,,,,,,,,,,,,,,,,,,,,,,,,,,,,,,,,,,,,,,,,,,,,,,,,,,,,,,
461,PP,OG,#9,-,MeOH_1,10164.004508375674,1.1547591265233779,5.237517140817601,50000000,-0.6784914058903433,-2.7699032799533927,99.37936423252322,,,,,,,,,,,,,,,,,,,,,,,,,,,,,,,,,,,,,,,,,,PE,LT,#6,#1,WAX_1,1.3055435744420427,4.204371561644139,96.26009215525167,-0.41186694977299043,-1.6178121652213717,-44.45300760158313,0.538198991853366,408,,,,,,,,,,,,,,,,,,,,,,,,,,,,,,,,,,,,,,,,,,,,,,,,,,,,,,,,,,,,,,,,,,,,,,,,,,,,,,,,,,,,,,,,,,,,,,,,,,,,,,,,,,,,,,,,,,,,,,,,,,,,,,,,,,,,,,,,,,,,,,,,,,,,,,,,,,,,,,,,
462,PP,OG,#10,-,FT_1,21725.00212072232,1.3121374073846943,5.83040360087723,50000000,-0.6142022974778852,-2.722086915233648,103.2814562325232,,,,,,,,,,,,,,,,,,,,,,,,,,,,,,,,,,,,,,,,,,PE,LT,#6,#2,WAX_1,1.3701994649814015,4.337413201617191,98.54884783525168,-0.464609323498924,-1.7557938164739877,-46.43181835187763,0.528844635205683,409,,,,,,,,,,,,,,,,,,,,,,,,,,,,,,,,,,,,,,,,,,,,,,,,,,,,,,,,,,,,,,,,,,,,,,,,,,,,,,,,,,,,,,,,,,,,,,,,,,,,,,,,,,,,,,,,,,,,,,,,,,,,,,,,,,,,,,,,,,,,,,,,,,,,,,,,,,,,,,,,
463,PVC,HT,#1,#1,DIESEL_1,12577.576333995174,0.9260481605872849,1.546691455750759,50000000,-0.657998852096647,-0.2406860133156079,28.664933457788806,,,,,,,,,,,,,,,,,,,,,,,,,,,,,,,,,,,,,,,,,,PE,LT,#6,#3,WAX_1,1.2937253211179955,4.062806647132108,95.50923779001175,-0.396635536849751,-1.4743975474679238,-43.58814428501747,0.543623786624168,410,,,,,,,,,,,,,,,,,,,,,,,,,,,,,,,,,,,,,,,,,,,,,,,,,,,,,,,,,,,,,,,,,,,,,,,,,,,,,,,,,,,,,,,,,,,,,,,,,,,,,,,,,,,,,,,,,,,,,,,,,,,,,,,,,,,,,,,,,,,,,,,,,,,,,,,,,,,,,,,,
464,PVC,HT,#1,#2,DIESEL_1,11902.916215550038,1.1477081823168978,1.7859640161006245,50000000,-0.753111283433946,-0.30145175277419867,39.1387456177888,,,,,,,,,,,,,,,,,,,,,,,,,,,,,,,,,,,,,,,,,,PE,LT,#6,#4,WAX_1,1.2998099491855302,4.104188164322334,95.61479002725166,-0.4062584617740677,-1.5292814507862527,-44.00548937474708,0.5397627358465689,411,,,,,,,,,,,,,,,,,,,,,,,,,,,,,,,,,,,,,,,,,,,,,,,,,,,,,,,,,,,,,,,,,,,,,,,,,,,,,,,,,,,,,,,,,,,,,,,,,,,,,,,,,,,,,,,,,,,,,,,,,,,,,,,,,,,,,,,,,,,,,,,,,,,,,,,,,,,,,,,,
465,PVC,HT,#1,#3,DIESEL_1,16819.15103195095,0.9175617711392695,0.9248477229363928,50000000,-0.6326921713699944,0.40541941380294955,26.358522497032194,,,,,,,,,,,,,,,,,,,,,,,,,,,,,,,,,,,,,,,,,,PE,LT,#6,#5,WAX_1,1.363258366304874,4.338235946664237,98.83667727525167,-0.45032380403946093,-1.7499655731221253,-46.35487402570756,0.5309952205635848,412,,,,,,,,,,,,,,,,,,,,,,,,,,,,,,,,,,,,,,,,,,,,,,,,,,,,,,,,,,,,,,,,,,,,,,,,,,,,,,,,,,,,,,,,,,,,,,,,,,,,,,,,,,,,,,,,,,,,,,,,,,,,,,,,,,,,,,,,,,,,,,,,,,,,,,,,,,,,,,,,
466,PVC,HT,#1,#4,DIESEL_1,1474.695852363181,1.025977474919725,1.9874999824862292,50000000,-0.7701034661986447,-0.76355254076108,33.91168385778881,,,,,,,,,,,,,,,,,,,,,,,,,,,,,,,,,,,,,,,,,,PE,LT,#6,#6,WAX_1,1.2465697666003024,3.864584954647213,92.72965813127193,-0.3564252893117706,-1.2954361606480682,-41.02906158360516,0.5575411102505875,413,,,,,,,,,,,,,,,,,,,,,,,,,,,,,,,,,,,,,,,,,,,,,,,,,,,,,,,,,,,,,,,,,,,,,,,,,,,,,,,,,,,,,,,,,,,,,,,,,,,,,,,,,,,,,,,,,,,,,,,,,,,,,,,,,,,,,,,,,,,,,,,,,,,,,,,,,,,,,,,,
467,PVC,HT,#1,#5,DIESEL_1,8926.000456342575,1.2283940017613781,2.2008232867904938,50000000,-0.8315097782954117,-0.7254824623290744,43.3833526577888,,,,,,,,,,,,,,,,,,,,,,,,,,,,,,,,,,,,,,,,,,PE,LT,#6,#7,WAX_1,1.288696350260585,4.092230331192807,95.42401043779289,-0.3927046133724532,-1.5060801953410905,-43.41530193940977,0.5450274858473666,414,,,,,,,,,,,,,,,,,,,,,,,,,,,,,,,,,,,,,,,,,,,,,,,,,,,,,,,,,,,,,,,,,,,,,,,,,,,,,,,,,,,,,,,,,,,,,,,,,,,,,,,,,,,,,,,,,,,,,,,,,,,,,,,,,,,,,,,,,,,,,,,,,,,,,,,,,,,,,,,,
468,PVC,HT,#1,#6,DIESEL_1,11192.080693978996,0.8088309310117461,0.6845612354959536,50000000,-0.5259644132847182,0.6320645081515524,24.77995016516399,,,,,,,,,,,,,,,,,,,,,,,,,,,,,,,,,,,,,,,,,,PE,LT,#6,#8,WAX_1,1.3297525120824831,4.194683915505102,96.6355107438249,-0.43280221785496154,-1.6186744256326038,-44.51958477672556,0.5393040877618541,415,,,,,,,,,,,,,,,,,,,,,,,,,,,,,,,,,,,,,,,,,,,,,,,,,,,,,,,,,,,,,,,,,,,,,,,,,,,,,,,,,,,,,,,,,,,,,,,,,,,,,,,,,,,,,,,,,,,,,,,,,,,,,,,,,,,,,,,,,,,,,,,,,,,,,,,,,,,,,,,,
469,PVC,HT,#1,#7,DIESEL_1,14572.826250878217,0.8877311359763728,0.9702371770148739,50000000,-0.6014706648520295,0.34773892135575374,28.270515538751567,,,,,,,,,,,,,,,,,,,,,,,,,,,,,,,,,,,,,,,,,,PE,LT,#6,#9,WAX_1,1.2838898239475804,4.032431775612865,95.23643550641371,-0.3868733442414762,-1.4444237276626515,-43.32116986214796,0.5451197891669256,416,,,,,,,,,,,,,,,,,,,,,,,,,,,,,,,,,,,,,,,,,,,,,,,,,,,,,,,,,,,,,,,,,,,,,,,,,,,,,,,,,,,,,,,,,,,,,,,,,,,,,,,,,,,,,,,,,,,,,,,,,,,,,,,,,,,,,,,,,,,,,,,,,,,,,,,,,,,,,,,,
470,PVC,HT,#1,#8,DIESEL_1,12535.269612766922,0.9550963982832172,1.1240566591354655,50000000,-0.6661858934460164,0.1922157841226408,29.84547680478356,,,,,,,,,,,,,,,,,,,,,,,,,,,,,,,,,,,,,,,,,,PE,LT,#6,#10,WAX_1,1.3479088572739608,4.186788488304577,96.78528557379288,-0.4516633309207242,-1.609250458179449,-45.099699883054335,0.5340231770182817,417,,,,,,,,,,,,,,,,,,,,,,,,,,,,,,,,,,,,,,,,,,,,,,,,,,,,,,,,,,,,,,,,,,,,,,,,,,,,,,,,,,,,,,,,,,,,,,,,,,,,,,,,,,,,,,,,,,,,,,,,,,,,,,,,,,,,,,,,,,,,,,,,,,,,,,,,,,,,,,,,
471,PVC,HT,#1,#9,DIESEL_1,17308.86783517621,0.8991332996500873,0.9751184490866147,50000000,-0.6116295442362963,0.35901669061191177,29.446309208837885,,,,,,,,,,,,,,,,,,,,,,,,,,,,,,,,,,,,,,,,,,PE,LT,#6,#11,WAX_1,1.3563937500525338,4.245655324435056,97.14643738382489,-0.4617607341473703,-1.6712771514499403,-45.59663108944971,0.5306402137085301,418,,,,,,,,,,,,,,,,,,,,,,,,,,,,,,,,,,,,,,,,,,,,,,,,,,,,,,,,,,,,,,,,,,,,,,,,,,,,,,,,,,,,,,,,,,,,,,,,,,,,,,,,,,,,,,,,,,,,,,,,,,,,,,,,,,,,,,,,,,,,,,,,,,,,,,,,,,,,,,,,
472,PVC,HT,#1,#10,DIESEL_1,11261.88945991033,0.9630847963140262,1.2118230615801884,50000000,-0.6756305539220637,0.08660869674561322,31.271588754751562,,,,,,,,,,,,,,,,,,,,,,,,,,,,,,,,,,,,,,,,,,PE,LT,#7,#1,WAX_1,1.3621819411485,4.669351718746523,98.8163094212837,-0.47892146529687335,-2.117403188896422,-47.57946967788555,0.5185059029573759,419,,,,,,,,,,,,,,,,,,,,,,,,,,,,,,,,,,,,,,,,,,,,,,,,,,,,,,,,,,,,,,,,,,,,,,,,,,,,,,,,,,,,,,,,,,,,,,,,,,,,,,,,,,,,,,,,,,,,,,,,,,,,,,,,,,,,,,,,,,,,,,,,,,,,,,,,,,,,,,,,
473,PVC,HT,#1,#11,DIESEL_1,12240.14363065422,1.0170282303594544,1.4260313748799451,50000000,-0.7281634714834395,-0.11055780042120993,32.90295616478356,,,,,,,,,,,,,,,,,,,,,,,,,,,,,,,,,,,,,,,,,,PE,LT,#7,#2,WAX_1,1.4268378316878587,4.802393358719576,101.10506510128369,-0.5316638390228071,-2.2553848401490377,-49.558280428180026,0.5098338507716286,420,,,,,,,,,,,,,,,,,,,,,,,,,,,,,,,,,,,,,,,,,,,,,,,,,,,,,,,,,,,,,,,,,,,,,,,,,,,,,,,,,,,,,,,,,,,,,,,,,,,,,,,,,,,,,,,,,,,,,,,,,,,,,,,,,,,,,,,,,,,,,,,,,,,,,,,,,,,,,,,,
474,PVC,HT,#2,#1,Olefin,12577.576333995174,1.006047623066189,1.815391087755892,50000000,-0.749793224095291,-0.4074239883330971,31.567856013859046,,,,,,,,,,,,,,,,,,,,,,,,,,,,,,,,,,,,,,,,,,PE,LT,#7,#3,WAX_1,1.3503636878244523,4.527786804234492,98.06545505604375,-0.46369005237363353,-1.9739885711429739,-46.714606361319845,0.5236385092525928,421,,,,,,,,,,,,,,,,,,,,,,,,,,,,,,,,,,,,,,,,,,,,,,,,,,,,,,,,,,,,,,,,,,,,,,,,,,,,,,,,,,,,,,,,,,,,,,,,,,,,,,,,,,,,,,,,,,,,,,,,,,,,,,,,,,,,,,,,,,,,,,,,,,,,,,,,,,,,,,,,
475,PVC,HT,#2,#2,FT_1,11902.916215550038,1.2277076447958015,2.0546636481057576,50000000,-0.8449056554325896,-0.4681897277916878,42.041668173859044,,,,,,,,,,,,,,,,,,,,,,,,,,,,,,,,,,,,,,,,,,PE,LT,#7,#4,WAX_1,1.3564483158919873,4.569168321424718,98.17100729328367,-0.4733129772979505,-2.028872474461303,-47.13195145104948,0.5198994820309438,422,,,,,,,,,,,,,,,,,,,,,,,,,,,,,,,,,,,,,,,,,,,,,,,,,,,,,,,,,,,,,,,,,,,,,,,,,,,,,,,,,,,,,,,,,,,,,,,,,,,,,,,,,,,,,,,,,,,,,,,,,,,,,,,,,,,,,,,,,,,,,,,,,,,,,,,,,,,,,,,,
476,PVC,HT,#2,#3,Olefin,16819.15103195095,0.9975612336181736,1.1935473549415259,50000000,-0.7244865433686386,0.23868143878546058,29.26144505310244,,,,,,,,,,,,,,,,,,,,,,,,,,,,,,,,,,,,,,,,,,PE,LT,#7,#5,WAX_1,1.419896733011331,4.803216103766622,101.39289454128367,-0.5173783195633438,-2.2495565967971767,-49.481336102009934,0.511984184632752,423,,,,,,,,,,,,,,,,,,,,,,,,,,,,,,,,,,,,,,,,,,,,,,,,,,,,,,,,,,,,,,,,,,,,,,,,,,,,,,,,,,,,,,,,,,,,,,,,,,,,,,,,,,,,,,,,,,,,,,,,,,,,,,,,,,,,,,,,,,,,,,,,,,,,,,,,,,,,,,,,
477,PVC,HT,#2,#4,Olefin,1474.695852363181,1.1059769373986288,2.2561996144913627,50000000,-0.8618978381972887,-0.9302905157785699,36.814606413859046,,,,,,,,,,,,,,,,,,,,,,,,,,,,,,,,,,,,,,,,,,PE,LT,#7,#6,WAX_1,1.3032081333067596,4.329565111749598,95.28587539730394,-0.42347980483565306,-1.7950271843231183,-44.15552365990757,0.5365994857496275,424,,,,,,,,,,,,,,,,,,,,,,,,,,,,,,,,,,,,,,,,,,,,,,,,,,,,,,,,,,,,,,,,,,,,,,,,,,,,,,,,,,,,,,,,,,,,,,,,,,,,,,,,,,,,,,,,,,,,,,,,,,,,,,,,,,,,,,,,,,,,,,,,,,,,,,,,,,,,,,,,
478,PVC,HT,#2,#5,FT_1,8926.000456342575,1.3083934642402815,2.4695229187956262,50000000,-0.9233041502940553,-0.8922204373465633,46.28627521385905,,,,,,,,,,,,,,,,,,,,,,,,,,,,,,,,,,,,,,,,,,PE,LT,#7,#7,WAX_1,1.3453347169670424,4.557210488295193,97.9802277038249,-0.45975912889633636,-2.005671219016142,-46.54176401571217,0.5249882031668793,425,,,,,,,,,,,,,,,,,,,,,,,,,,,,,,,,,,,,,,,,,,,,,,,,,,,,,,,,,,,,,,,,,,,,,,,,,,,,,,,,,,,,,,,,,,,,,,,,,,,,,,,,,,,,,,,,,,,,,,,,,,,,,,,,,,,,,,,,,,,,,,,,,,,,,,,,,,,,,,,,
479,PVC,HT,#2,#6,Olefin,11192.080693978996,0.8888303934906502,0.9532608675010866,50000000,-0.6177587852833621,0.4653265331340632,27.682872721234236,,,,,,,,,,,,,,,,,,,,,,,,,,,,,,,,,,,,,,,,,,PE,LT,#7,#8,WAX_1,1.38639087878894,4.659664072607487,99.19172800985692,-0.49985673337884434,-2.1182654493076547,-47.646046853027954,0.519657053980416,426,,,,,,,,,,,,,,,,,,,,,,,,,,,,,,,,,,,,,,,,,,,,,,,,,,,,,,,,,,,,,,,,,,,,,,,,,,,,,,,,,,,,,,,,,,,,,,,,,,,,,,,,,,,,,,,,,,,,,,,,,,,,,,,,,,,,,,,,,,,,,,,,,,,,,,,,,,,,,,,,
480,PVC,HT,#2,#7,Olefin,14572.826250878217,0.9677305984552768,1.2389368090200066,50000000,-0.6932650368506738,0.18100094633826494,31.173438094821805,,,,,,,,,,,,,,,,,,,,,,,,,,,,,,,,,,,,,,,,,,PE,LT,#7,#9,WAX_1,1.3405281906540374,4.49741193271525,97.79265277244572,-0.45392785976535865,-1.9440147513377017,-46.44763193845037,0.5250396566444553,427,,,,,,,,,,,,,,,,,,,,,,,,,,,,,,,,,,,,,,,,,,,,,,,,,,,,,,,,,,,,,,,,,,,,,,,,,,,,,,,,,,,,,,,,,,,,,,,,,,,,,,,,,,,,,,,,,,,,,,,,,,,,,,,,,,,,,,,,,,,,,,,,,,,,,,,,,,,,,,,,
481,PVC,HT,#2,#8,Olefin,12535.269612766922,1.035095860762121,1.3927562911405986,50000000,-0.7579802654446602,0.025477809105151444,32.7483993608538,,,,,,,,,,,,,,,,,,,,,,,,,,,,,,,,,,,,,,,,,,PE,LT,#7,#10,WAX_1,1.4045472239804175,4.651768645406961,99.34150283982488,-0.5187178464446066,-2.108841481854499,-48.22616195935674,0.5145416509641989,428,,,,,,,,,,,,,,,,,,,,,,,,,,,,,,,,,,,,,,,,,,,,,,,,,,,,,,,,,,,,,,,,,,,,,,,,,,,,,,,,,,,,,,,,,,,,,,,,,,,,,,,,,,,,,,,,,,,,,,,,,,,,,,,,,,,,,,,,,,,,,,,,,,,,,,,,,,,,,,,,
482,PVC,HT,#2,#9,Olefin,17308.86783517621,0.9791327621289911,1.2438180810917474,50000000,-0.7034239162349406,0.19227871559442297,32.34923176490813,,,,,,,,,,,,,,,,,,,,,,,,,,,,,,,,,,,,,,,,,,PE,LT,#7,#11,WAX_1,1.4130321167589903,4.71063548153744,99.7026546498569,-0.5288152496712526,-2.1708681751249905,-48.723093165752104,0.5113159891593514,429,,,,,,,,,,,,,,,,,,,,,,,,,,,,,,,,,,,,,,,,,,,,,,,,,,,,,,,,,,,,,,,,,,,,,,,,,,,,,,,,,,,,,,,,,,,,,,,,,,,,,,,,,,,,,,,,,,,,,,,,,,,,,,,,,,,,,,,,,,,,,,,,,,,,,,,,,,,,,,,,
483,PVC,HT,#2,#10,Olefin,11261.88945991033,1.0430842587929299,1.4805226935853213,50000000,-0.7674249259207074,-0.08012927827187598,34.174511310821806,,,,,,,,,,,,,,,,,,,,,,,,,,,,,,,,,,,,,,,,,,PE,HT,#5,-,FT_1,1.4901347370721039,8.599926528320786,131.0738728783005,-0.3552397373760175,-5.898675733504049,-80.61265919450277,0.3849830067251463,430,,,,,,,,,,,,,,,,,,,,,,,,,,,,,,,,,,,,,,,,,,,,,,,,,,,,,,,,,,,,,,,,,,,,,,,,,,,,,,,,,,,,,,,,,,,,,,,,,,,,,,,,,,,,,,,,,,,,,,,,,,,,,,,,,,,,,,,,,,,,,,,,,,,,,,,,,,,,,,,,
484,PVC,HT,#2,#11,Olefin,12240.14363065422,1.0970276928383582,1.6947310068850783,50000000,-0.8199578434820832,-0.2772957754386991,35.80587872085381,,,,,,,,,,,,,,,,,,,,,,,,,,,,,,,,,,,,,,,,,,PE,HT,#11,-,FT_1,1.5410594301655518,8.770464319491857,135.30289191822789,-0.3590801038776914,-6.127885807781871,-86.89116955304505,0.3578025693230646,431,,,,,,,,,,,,,,,,,,,,,,,,,,,,,,,,,,,,,,,,,,,,,,,,,,,,,,,,,,,,,,,,,,,,,,,,,,,,,,,,,,,,,,,,,,,,,,,,,,,,,,,,,,,,,,,,,,,,,,,,,,,,,,,,,,,,,,,,,,,,,,,,,,,,,,,,,,,,,,,,
485,PVC,HT,#3,#1,MeOH_1,30104.90971015617,1.0719442638685894,2.2427216577306757,50000000,-0.7967802037550986,-0.8486351190769058,35.475655669021315,,,,,,,,,,,,,,,,,,,,,,,,,,,,,,,,,,,,,,,,,,PE,LT,#2,-,WAX_1,1.1861154976784771,3.2415812310635714,82.73784407563205,-0.31999421246667126,-0.6815508157782352,-31.1525606649026,0.6234786993431262,432,,,,,,,,,,,,,,,,,,,,,,,,,,,,,,,,,,,,,,,,,,,,,,,,,,,,,,,,,,,,,,,,,,,,,,,,,,,,,,,,,,,,,,,,,,,,,,,,,,,,,,,,,,,,,,,,,,,,,,,,,,,,,,,,,,,,,,,,,,,,,,,,,,,,,,,,,,,,,,,,
486,PVC,HT,#3,#2,MeOH_1,29430.24959171104,1.293604285598202,2.481994218080541,50000000,-0.891892635092397,-0.9094008585354966,45.94946782902131,,,,,,,,,,,,,,,,,,,,,,,,,,,,,,,,,,,,,,,,,,PE,LT,#4,-,WAX_1,1.269166498136079,4.018239829003924,94.47231832960004,-0.37610119548151544,-1.4466714159680218,-42.97114591965794,0.5451456397022255,433,,,,,,,,,,,,,,,,,,,,,,,,,,,,,,,,,,,,,,,,,,,,,,,,,,,,,,,,,,,,,,,,,,,,,,,,,,,,,,,,,,,,,,,,,,,,,,,,,,,,,,,,,,,,,,,,,,,,,,,,,,,,,,,,,,,,,,,,,,,,,,,,,,,,,,,,,,,,,,,,
487,PVC,HT,#3,#3,MeOH_1,34346.48440811195,1.063457874420574,1.6208779249163094,50000000,-0.7714735230284462,-0.20252969195834844,33.169244708264706,,,,,,,,,,,,,,,,,,,,,,,,,,,,,,,,,,,,,,,,,,PE,LT,#5,-,DIESEL_1,1.313099825309543,4.432856207433673,95.59720551563206,-0.5788634275527439,-1.9716765602459199,-64.68187493085883,0.3233915721492293,434,,,,,,,,,,,,,,,,,,,,,,,,,,,,,,,,,,,,,,,,,,,,,,,,,,,,,,,,,,,,,,,,,,,,,,,,,,,,,,,,,,,,,,,,,,,,,,,,,,,,,,,,,,,,,,,,,,,,,,,,,,,,,,,,,,,,,,,,,,,,,,,,,,,,,,,,,,,,,,,,
488,PVC,HT,#3,#4,MeOH_1,19002.029228524185,1.1718735782010297,2.683530184466147,50000000,-0.9088848178570965,-1.3715016465223788,40.72240606902132,,,,,,,,,,,,,,,,,,,,,,,,,,,,,,,,,,,,,,,,,,PE,LT,#8,-,WAX_1,1.2385936002957099,3.5399170640619673,87.65917103080774,-0.35409835366238857,-0.9917172737603348,-36.88970926715588,0.5791688555417547,435,,,,,,,,,,,,,,,,,,,,,,,,,,,,,,,,,,,,,,,,,,,,,,,,,,,,,,,,,,,,,,,,,,,,,,,,,,,,,,,,,,,,,,,,,,,,,,,,,,,,,,,,,,,,,,,,,,,,,,,,,,,,,,,,,,,,,,,,,,,,,,,,,,,,,,,,,,,,,,,,
489,PVC,HT,#3,#5,FT_1,26453.333832503577,1.374290105042682,2.8968534887704096,50000000,-0.970291129953863,-1.3334315680903719,50.194074869021314,,,,,,,,,,,,,,,,,,,,,,,,,,,,,,,,,,,,,,,,,,PE,LT,#10,-,WAX_1,1.2907562571282858,4.207218901700776,97.05319999080774,-0.39255979130402924,-1.6276235299521238,-45.3729698926487,0.5324938291890825,436,,,,,,,,,,,,,,,,,,,,,,,,,,,,,,,,,,,,,,,,,,,,,,,,,,,,,,,,,,,,,,,,,,,,,,,,,,,,,,,,,,,,,,,,,,,,,,,,,,,,,,,,,,,,,,,,,,,,,,,,,,,,,,,,,,,,,,,,,,,,,,,,,,,,,,,,,,,,,,,,
490,PVC,HT,#3,#6,MeOH_1,28719.414070139996,0.9547270342930506,1.3805914374758703,50000000,-0.6647457649431698,0.02411540239025414,31.59067237639651,,,,,,,,,,,,,,,,,,,,,,,,,,,,,,,,,,,,,,,,,,PE,LT,#11,-,WAX_1,1.3369421363576817,4.6626189095405595,99.24744991080775,-0.4498965349111823,-2.121337993643567,-48.035731567960035,0.5160003444811019,437,,,,,,,,,,,,,,,,,,,,,,,,,,,,,,,,,,,,,,,,,,,,,,,,,,,,,,,,,,,,,,,,,,,,,,,,,,,,,,,,,,,,,,,,,,,,,,,,,,,,,,,,,,,,,,,,,,,,,,,,,,,,,,,,,,,,,,,,,,,,,,,,,,,,,,,,,,,,,,,,
491,PVC,HT,#3,#7,MeOH_1,32100.159627039222,1.0336272392576769,1.6662673789947906,50000000,-0.7402520165104809,-0.2602101844055444,35.081237749984076,,,,,,,,,,,,,,,,,,,,,,,,,,,,,,,,,,,,,,,,,,PE,SG,#5,-,FT_1,1.4255269995416364,10.906449874190505,148.67836085110105,-0.38360335419742664,-8.394800393930478,-105.42186198940077,0.2909401113523235,438,,,,,,,,,,,,,,,,,,,,,,,,,,,,,,,,,,,,,,,,,,,,,,,,,,,,,,,,,,,,,,,,,,,,,,,,,,,,,,,,,,,,,,,,,,,,,,,,,,,,,,,,,,,,,,,,,,,,,,,,,,,,,,,,,,,,,,,,,,,,,,,,,,,,,,,,,,,,,,,,
492,PVC,HT,#3,#8,MeOH_1,30062.602988927927,1.1009925015645214,1.8200868611153822,50000000,-0.8049672451044677,-0.41573332163865745,36.656199016016075,,,,,,,,,,,,,,,,,,,,,,,,,,,,,,,,,,,,,,,,,,PE,SG,#10,-,FT_1,1.450770255041879,11.038806485766504,151.25420265482018,-0.4046485838689865,-8.451490998443832,-107.48688580159421,0.2893626496653988,439,,,,,,,,,,,,,,,,,,,,,,,,,,,,,,,,,,,,,,,,,,,,,,,,,,,,,,,,,,,,,,,,,,,,,,,,,,,,,,,,,,,,,,,,,,,,,,,,,,,,,,,,,,,,,,,,,,,,,,,,,,,,,,,,,,,,,,,,,,,,,,,,,,,,,,,,,,,,,,,,
493,PVC,HT,#3,#9,MeOH_1,34836.20121133721,1.0450294029313913,1.6711486510665314,50000000,-0.7504108958947479,-0.24893241514938652,36.257031420070405,,,,,,,,,,,,,,,,,,,,,,,,,,,,,,,,,,,,,,,,,,PE,OG,#2,-,FT_1,1.3903870170742088,3.3260592030781897,84.60905728,-0.4394215276383895,-0.9378201366033548,-46.49129603688072,0.4505163214025032,440,,,,,,,,,,,,,,,,,,,,,,,,,,,,,,,,,,,,,,,,,,,,,,,,,,,,,,,,,,,,,,,,,,,,,,,,,,,,,,,,,,,,,,,,,,,,,,,,,,,,,,,,,,,,,,,,,,,,,,,,,,,,,,,,,,,,,,,,,,,,,,,,,,,,,,,,,,,,,,,,
494,PVC,HT,#3,#10,MeOH_1,28789.222836071334,1.1089808995953305,1.9078532635601053,50000000,-0.8144119055805151,-0.5213404090156853,38.08231096598408,,,,,,,,,,,,,,,,,,,,,,,,,,,,,,,,,,,,,,,,,,PE,OG,#4,-,MeOH_1,0.993659082532612,5.79760161929218,90.61194559999998,-0.4878438911222842,-3.4649881266699083,-63.418380811711714,0.30011015223458887,441,,,,,,,,,,,,,,,,,,,,,,,,,,,,,,,,,,,,,,,,,,,,,,,,,,,,,,,,,,,,,,,,,,,,,,,,,,,,,,,,,,,,,,,,,,,,,,,,,,,,,,,,,,,,,,,,,,,,,,,,,,,,,,,,,,,,,,,,,,,,,,,,,,,,,,,,,,,,,,,,
495,PVC,HT,#3,#11,MeOH_1,29767.477006815225,1.1629243336407586,2.122061576859862,50000000,-0.8669448231418909,-0.7185069061825085,39.713678376016084,,,,,,,,,,,,,,,,,,,,,,,,,,,,,,,,,,,,,,,,,,PE,OG,#5,-,FT_1,1.7106248089962643,6.823076076578983,123.71772768,-0.7472018151087301,-4.413380851198961,-85.15009336958218,0.31173894827889403,442,,,,,,,,,,,,,,,,,,,,,,,,,,,,,,,,,,,,,,,,,,,,,,,,,,,,,,,,,,,,,,,,,,,,,,,,,,,,,,,,,,,,,,,,,,,,,,,,,,,,,,,,,,,,,,,,,,,,,,,,,,,,,,,,,,,,,,,,,,,,,,,,,,,,,,,,,,,,,,,,
496,PVC,HT,#4,#1,DIESEL_1,33410.942341900845,1.1142227918765222,2.3454346797832057,50000000,-0.8150976151934274,-0.8644339280394632,36.60551101505332,,,,,,,,,,,,,,,,,,,,,,,,,,,,,,,,,,,,,,,,,,PE,OG,#7,-,FT_1,1.124727216356433,2.563732206032202,74.56901162592052,-0.3862067045333775,-0.23541520177286626,-46.089293590836476,0.38192430627824453,443,,,,,,,,,,,,,,,,,,,,,,,,,,,,,,,,,,,,,,,,,,,,,,,,,,,,,,,,,,,,,,,,,,,,,,,,,,,,,,,,,,,,,,,,,,,,,,,,,,,,,,,,,,,,,,,,,,,,,,,,,,,,,,,,,,,,,,,,,,,,,,,,,,,,,,,,,,,,,,,,
497,PVC,HT,#4,#2,FT_1,32736.282223455706,1.3358828136061351,2.584707240133071,50000000,-0.9102100465307259,-0.9251996674980539,47.07932317505332,,,,,,,,,,,,,,,,,,,,,,,,,,,,,,,,,,,,,,,,,,PE,OG,#9,-,MeOH_1,0.9635398824959092,5.040963443490506,93.24176650592051,-0.3616609610691941,-2.655659649888498,-68.08235065921103,0.26982989264914836,444,,,,,,,,,,,,,,,,,,,,,,,,,,,,,,,,,,,,,,,,,,,,,,,,,,,,,,,,,,,,,,,,,,,,,,,,,,,,,,,,,,,,,,,,,,,,,,,,,,,,,,,,,,,,,,,,,,,,,,,,,,,,,,,,,,,,,,,,,,,,,,,,,,,,,,,,,,,,,,,,
498,PVC,HT,#4,#3,DIESEL_1,37652.517039856626,1.105736402428507,1.7235909469688397,50000000,-0.7897909344667746,-0.21832850092090578,34.29910005429671,,,,,,,,,,,,,,,,,,,,,,,,,,,,,,,,,,,,,,,,,,PE,OG,#10,-,FT_1,1.1206264737349563,5.642149047314839,98.65712570592052,-0.3840482376458799,-3.3153403369418175,-70.40182413514394,0.28639899417909925,445,,,,,,,,,,,,,,,,,,,,,,,,,,,,,,,,,,,,,,,,,,,,,,,,,,,,,,,,,,,,,,,,,,,,,,,,,,,,,,,,,,,,,,,,,,,,,,,,,,,,,,,,,,,,,,,,,,,,,,,,,,,,,,,,,,,,,,,,,,,,,,,,,,,,,,,,,,,,,,,,
499,PVC,HT,#4,#4,DIESEL_1,22308.06186026885,1.2141521062089624,2.786243206518677,50000000,-0.927202229295425,-1.3873004554849362,41.85226141505331,,,,,,,,,,,,,,,,,,,,,,,,,,,,,,,,,,,,,,,,,,,,,,,,,,,,,,446,,,,,,,,,,,,,,,,,,,,,,,,,,,,,,,,,,,,,,,,,,,,,,,,,,,,,,,,,,,,,,,,,,,,,,,,,,,,,,,,,,,,,,,,,,,,,,,,,,,,,,,,,,,,,,,,,,,,,,,,,,,,,,,,,,,,,,,,,,,,,,,,,,,,,,,,,,,,,,,,
500,PVC,HT,#4,#5,FT_1,29759.366464248247,1.416568633050615,2.999566510822941,50000000,-0.9886085413921918,-1.34923037705293,51.32393021505332,,,,,,,,,,,,,,,,,,,,,,,,,,,,,,,,,,,,,,,,,,,,,,,,,,,,,,447,,,,,,,,,,,,,,,,,,,,,,,,,,,,,,,,,,,,,,,,,,,,,,,,,,,,,,,,,,,,,,,,,,,,,,,,,,,,,,,,,,,,,,,,,,,,,,,,,,,,,,,,,,,,,,,,,,,,,,,,,,,,,,,,,,,,,,,,,,,,,,,,,,,,,,,,,,,,,,,,
501,PVC,HT,#4,#6,DIESEL_1,32025.446701884666,0.9970055623009835,1.4833044595284004,50000000,-0.6830631763814986,0.008316593427697121,32.7205277224285,,,,,,,,,,,,,,,,,,,,,,,,,,,,,,,,,,,,,,,,,,,,,,,,,,,,,,448,,,,,,,,,,,,,,,,,,,,,,,,,,,,,,,,,,,,,,,,,,,,,,,,,,,,,,,,,,,,,,,,,,,,,,,,,,,,,,,,,,,,,,,,,,,,,,,,,,,,,,,,,,,,,,,,,,,,,,,,,,,,,,,,,,,,,,,,,,,,,,,,,,,,,,,,,,,,,,,,
502,PVC,HT,#4,#7,DIESEL_1,35406.192258783885,1.07590576726561,1.7689804010473207,50000000,-0.7585694279488099,-0.2760089933681014,36.21109309601608,,,,,,,,,,,,,,,,,,,,,,,,,,,,,,,,,,,,,,,,,,,,,,,,,,,,,,449,,,,,,,,,,,,,,,,,,,,,,,,,,,,,,,,,,,,,,,,,,,,,,,,,,,,,,,,,,,,,,,,,,,,,,,,,,,,,,,,,,,,,,,,,,,,,,,,,,,,,,,,,,,,,,,,,,,,,,,,,,,,,,,,,,,,,,,,,,,,,,,,,,,,,,,,,,,,,,,,
503,PVC,HT,#4,#8,DIESEL_1,33368.63562067259,1.1432710295724542,1.9227998831679127,50000000,-0.8232846565427961,-0.43153213060121476,37.78605436204807,,,,,,,,,,,,,,,,,,,,,,,,,,,,,,,,,,,,,,,,,,,,,,,,,,,,,,450,,,,,,,,,,,,,,,,,,,,,,,,,,,,,,,,,,,,,,,,,,,,,,,,,,,,,,,,,,,,,,,,,,,,,,,,,,,,,,,,,,,,,,,,,,,,,,,,,,,,,,,,,,,,,,,,,,,,,,,,,,,,,,,,,,,,,,,,,,,,,,,,,,,,,,,,,,,,,,,,
504,PVC,HT,#4,#9,DIESEL_1,38142.23384308188,1.0873079309393245,1.7738616731190615,50000000,-0.7687283073330766,-0.26473122411194355,37.38688676610241,,,,,,,,,,,,,,,,,,,,,,,,,,,,,,,,,,,,,,,,,,,,,,,,,,,,,,451,,,,,,,,,,,,,,,,,,,,,,,,,,,,,,,,,,,,,,,,,,,,,,,,,,,,,,,,,,,,,,,,,,,,,,,,,,,,,,,,,,,,,,,,,,,,,,,,,,,,,,,,,,,,,,,,,,,,,,,,,,,,,,,,,,,,,,,,,,,,,,,,,,,,,,,,,,,,,,,,
505,PVC,HT,#4,#10,DIESEL_1,32095.255467816,1.1512594276032635,2.010566285612635,50000000,-0.8327293170188439,-0.537139217978242,39.21216631201607,,,,,,,,,,,,,,,,,,,,,,,,,,,,,,,,,,,,,,,,,,,,,,,,,,,,,,452,,,,,,,,,,,,,,,,,,,,,,,,,,,,,,,,,,,,,,,,,,,,,,,,,,,,,,,,,,,,,,,,,,,,,,,,,,,,,,,,,,,,,,,,,,,,,,,,,,,,,,,,,,,,,,,,,,,,,,,,,,,,,,,,,,,,,,,,,,,,,,,,,,,,,,,,,,,,,,,,
506,PVC,HT,#4,#11,DIESEL_1,33073.50963855989,1.2052028616486914,2.224774598912392,50000000,-0.8852622345802194,-0.7343057151450655,40.84353372204808,,,,,,,,,,,,,,,,,,,,,,,,,,,,,,,,,,,,,,,,,,,,,,,,,,,,,,453,,,,,,,,,,,,,,,,,,,,,,,,,,,,,,,,,,,,,,,,,,,,,,,,,,,,,,,,,,,,,,,,,,,,,,,,,,,,,,,,,,,,,,,,,,,,,,,,,,,,,,,,,,,,,,,,,,,,,,,,,,,,,,,,,,,,,,,,,,,,,,,,,,,,,,,,,,,,,,,,
507,PVC,HT,#5,#1,DIESEL_1,46371.37982469737,1.0716419171453986,2.1087927960191544,50000000,-0.794969227499152,-0.6210965319256947,34.999567778085606,,,,,,,,,,,,,,,,,,,,,,,,,,,,,,,,,,,,,,,,,,,,,,,,,,,,,,454,,,,,,,,,,,,,,,,,,,,,,,,,,,,,,,,,,,,,,,,,,,,,,,,,,,,,,,,,,,,,,,,,,,,,,,,,,,,,,,,,,,,,,,,,,,,,,,,,,,,,,,,,,,,,,,,,,,,,,,,,,,,,,,,,,,,,,,,,,,,,,,,,,,,,,,,,,,,,,,,
508,PVC,HT,#5,#2,FT_1,45696.71970625223,1.2933019388750115,2.3480653563690193,50000000,-0.8900816588364509,-0.6818622713842851,45.47337993808561,,,,,,,,,,,,,,,,,,,,,,,,,,,,,,,,,,,,,,,,,,,,,,,,,,,,,,455,,,,,,,,,,,,,,,,,,,,,,,,,,,,,,,,,,,,,,,,,,,,,,,,,,,,,,,,,,,,,,,,,,,,,,,,,,,,,,,,,,,,,,,,,,,,,,,,,,,,,,,,,,,,,,,,,,,,,,,,,,,,,,,,,,,,,,,,,,,,,,,,,,,,,,,,,,,,,,,,
509,PVC,HT,#5,#3,DIESEL_1,50612.95452265315,1.0631555276973832,1.486949063204788,50000000,-0.7696625467724996,0.0250088951928629,32.693156817329,,,,,,,,,,,,,,,,,,,,,,,,,,,,,,,,,,,,,,,,,,,,,,,,,,,,,,456,,,,,,,,,,,,,,,,,,,,,,,,,,,,,,,,,,,,,,,,,,,,,,,,,,,,,,,,,,,,,,,,,,,,,,,,,,,,,,,,,,,,,,,,,,,,,,,,,,,,,,,,,,,,,,,,,,,,,,,,,,,,,,,,,,,,,,,,,,,,,,,,,,,,,,,,,,,,,,,,
510,PVC,HT,#5,#4,DIESEL_1,35268.49934306537,1.1715712314778386,2.549601322754625,50000000,-0.9070738416011499,-1.1439630593711674,40.2463181780856,,,,,,,,,,,,,,,,,,,,,,,,,,,,,,,,,,,,,,,,,,,,,,,,,,,,,,457,,,,,,,,,,,,,,,,,,,,,,,,,,,,,,,,,,,,,,,,,,,,,,,,,,,,,,,,,,,,,,,,,,,,,,,,,,,,,,,,,,,,,,,,,,,,,,,,,,,,,,,,,,,,,,,,,,,,,,,,,,,,,,,,,,,,,,,,,,,,,,,,,,,,,,,,,,,,,,,,
511,PVC,HT,#5,#5,FT_1,42719.80394704476,1.373987758319492,2.7629246270588887,50000000,-0.9684801536979172,-1.105892980939161,49.71798697808561,,,,,,,,,,,,,,,,,,,,,,,,,,,,,,,,,,,,,,,,,,,,,,,,,,,,,,458,,,,,,,,,,,,,,,,,,,,,,,,,,,,,,,,,,,,,,,,,,,,,,,,,,,,,,,,,,,,,,,,,,,,,,,,,,,,,,,,,,,,,,,,,,,,,,,,,,,,,,,,,,,,,,,,,,,,,,,,,,,,,,,,,,,,,,,,,,,,,,,,,,,,,,,,,,,,,,,,
512,PVC,HT,#5,#6,DIESEL_1,44985.88418468119,0.9544246875698602,1.2466625757643486,50000000,-0.6629347886872236,0.2516539895414656,31.114584485460796,,,,,,,,,,,,,,,,,,,,,,,,,,,,,,,,,,,,,,,,,,,,,,,,,,,,,,459,,,,,,,,,,,,,,,,,,,,,,,,,,,,,,,,,,,,,,,,,,,,,,,,,,,,,,,,,,,,,,,,,,,,,,,,,,,,,,,,,,,,,,,,,,,,,,,,,,,,,,,,,,,,,,,,,,,,,,,,,,,,,,,,,,,,,,,,,,,,,,,,,,,,,,,,,,,,,,,,
513,PVC,HT,#5,#7,DIESEL_1,48366.62974158041,1.0333248925344864,1.532338517283269,50000000,-0.7384410402545348,-0.0326715972543332,34.60514985904836,,,,,,,,,,,,,,,,,,,,,,,,,,,,,,,,,,,,,,,,,,,,,,,,,,,,,,460,,,,,,,,,,,,,,,,,,,,,,,,,,,,,,,,,,,,,,,,,,,,,,,,,,,,,,,,,,,,,,,,,,,,,,,,,,,,,,,,,,,,,,,,,,,,,,,,,,,,,,,,,,,,,,,,,,,,,,,,,,,,,,,,,,,,,,,,,,,,,,,,,,,,,,,,,,,,,,,,
514,PVC,HT,#5,#8,DIESEL_1,46329.07310346911,1.1006901548413306,1.6861579994038605,50000000,-0.803156268848521,-0.18819473448744595,36.18011112508036,,,,,,,,,,,,,,,,,,,,,,,,,,,,,,,,,,,,,,,,,,,,,,,,,,,,,,461,,,,,,,,,,,,,,,,,,,,,,,,,,,,,,,,,,,,,,,,,,,,,,,,,,,,,,,,,,,,,,,,,,,,,,,,,,,,,,,,,,,,,,,,,,,,,,,,,,,,,,,,,,,,,,,,,,,,,,,,,,,,,,,,,,,,,,,,,,,,,,,,,,,,,,,,,,,,,,,,
515,PVC,HT,#5,#9,DIESEL_1,51102.6713258784,1.0447270562082005,1.5372197893550097,50000000,-0.748599919638801,-0.021393827998174877,35.780943529134696,,,,,,,,,,,,,,,,,,,,,,,,,,,,,,,,,,,,,,,,,,,,,,,,,,,,,,462,,,,,,,,,,,,,,,,,,,,,,,,,,,,,,,,,,,,,,,,,,,,,,,,,,,,,,,,,,,,,,,,,,,,,,,,,,,,,,,,,,,,,,,,,,,,,,,,,,,,,,,,,,,,,,,,,,,,,,,,,,,,,,,,,,,,,,,,,,,,,,,,,,,,,,,,,,,,,,,,
516,PVC,HT,#5,#10,DIESEL_1,45055.69295061252,1.1086785528721395,1.7739244018485836,50000000,-0.8126009293245684,-0.2938018218644737,37.60622307504836,,,,,,,,,,,,,,,,,,,,,,,,,,,,,,,,,,,,,,,,,,,,,,,,,,,,,,463,,,,,,,,,,,,,,,,,,,,,,,,,,,,,,,,,,,,,,,,,,,,,,,,,,,,,,,,,,,,,,,,,,,,,,,,,,,,,,,,,,,,,,,,,,,,,,,,,,,,,,,,,,,,,,,,,,,,,,,,,,,,,,,,,,,,,,,,,,,,,,,,,,,,,,,,,,,,,,,,
517,PVC,HT,#5,#11,DIESEL_1,46033.94712135641,1.162621986917568,1.9881327151483406,50000000,-0.8651338468859444,-0.49096831903129695,39.23759048508036,,,,,,,,,,,,,,,,,,,,,,,,,,,,,,,,,,,,,,,,,,,,,,,,,,,,,,464,,,,,,,,,,,,,,,,,,,,,,,,,,,,,,,,,,,,,,,,,,,,,,,,,,,,,,,,,,,,,,,,,,,,,,,,,,,,,,,,,,,,,,,,,,,,,,,,,,,,,,,,,,,,,,,,,,,,,,,,,,,,,,,,,,,,,,,,,,,,,,,,,,,,,,,,,,,,,,,,
518,PVC,HT,#6,#1,MeOH_1,19833.39790772478,1.1527168776587247,2.709070601511461,50000000,-0.8737136020234291,-1.375959150423991,41.573824949021315,,,,,,,,,,,,,,,,,,,,,,,,,,,,,,,,,,,,,,,,,,,,,,,,,,,,,,465,,,,,,,,,,,,,,,,,,,,,,,,,,,,,,,,,,,,,,,,,,,,,,,,,,,,,,,,,,,,,,,,,,,,,,,,,,,,,,,,,,,,,,,,,,,,,,,,,,,,,,,,,,,,,,,,,,,,,,,,,,,,,,,,,,,,,,,,,,,,,,,,,,,,,,,,,,,,,,,,
519,PVC,HT,#6,#2,MeOH_1,19158.737789279643,1.3743768993883372,2.9483431618613274,50000000,-0.9688260333607277,-1.4367248898825824,52.04763710902132,,,,,,,,,,,,,,,,,,,,,,,,,,,,,,,,,,,,,,,,,,,,,,,,,,,,,,466,,,,,,,,,,,,,,,,,,,,,,,,,,,,,,,,,,,,,,,,,,,,,,,,,,,,,,,,,,,,,,,,,,,,,,,,,,,,,,,,,,,,,,,,,,,,,,,,,,,,,,,,,,,,,,,,,,,,,,,,,,,,,,,,,,,,,,,,,,,,,,,,,,,,,,,,,,,,,,,,
520,PVC,HT,#6,#3,MeOH_1,24074.97260568056,1.1442304882107095,2.087226868697095,50000000,-0.8484069212967769,-0.7298537233054334,39.2674139882647,,,,,,,,,,,,,,,,,,,,,,,,,,,,,,,,,,,,,,,,,,,,,,,,,,,,,,467,,,,,,,,,,,,,,,,,,,,,,,,,,,,,,,,,,,,,,,,,,,,,,,,,,,,,,,,,,,,,,,,,,,,,,,,,,,,,,,,,,,,,,,,,,,,,,,,,,,,,,,,,,,,,,,,,,,,,,,,,,,,,,,,,,,,,,,,,,,,,,,,,,,,,,,,,,,,,,,,
521,PVC,HT,#6,#4,MeOH_1,8730.517426092789,1.252646191991165,3.149879128246932,50000000,-0.9858182161254272,-1.8988256778694637,46.82057534902131,,,,,,,,,,,,,,,,,,,,,,,,,,,,,,,,,,,,,,,,,,,,,,,,,,,,,,468,,,,,,,,,,,,,,,,,,,,,,,,,,,,,,,,,,,,,,,,,,,,,,,,,,,,,,,,,,,,,,,,,,,,,,,,,,,,,,,,,,,,,,,,,,,,,,,,,,,,,,,,,,,,,,,,,,,,,,,,,,,,,,,,,,,,,,,,,,,,,,,,,,,,,,,,,,,,,,,,
522,PVC,HT,#6,#5,MeOH_1,16181.822030072184,1.4550627188328176,3.363202432551196,50000000,-1.0472245282221937,-1.8607555994374578,56.29224414902131,,,,,,,,,,,,,,,,,,,,,,,,,,,,,,,,,,,,,,,,,,,,,,,,,,,,,,469,,,,,,,,,,,,,,,,,,,,,,,,,,,,,,,,,,,,,,,,,,,,,,,,,,,,,,,,,,,,,,,,,,,,,,,,,,,,,,,,,,,,,,,,,,,,,,,,,,,,,,,,,,,,,,,,,,,,,,,,,,,,,,,,,,,,,,,,,,,,,,,,,,,,,,,,,,,,,,,,
523,PVC,HT,#6,#6,MeOH_1,18447.902267708603,1.0354996480831857,1.8469403812566558,50000000,-0.7416791632115003,-0.503208628956831,37.688841656396505,,,,,,,,,,,,,,,,,,,,,,,,,,,,,,,,,,,,,,,,,,,,,,,,,,,,,,470,,,,,,,,,,,,,,,,,,,,,,,,,,,,,,,,,,,,,,,,,,,,,,,,,,,,,,,,,,,,,,,,,,,,,,,,,,,,,,,,,,,,,,,,,,,,,,,,,,,,,,,,,,,,,,,,,,,,,,,,,,,,,,,,,,,,,,,,,,,,,,,,,,,,,,,,,,,,,,,,
524,PVC,HT,#6,#7,MeOH_1,21828.647824607826,1.114399853047812,2.1326163227755766,50000000,-0.8171854147788113,-0.7875342157526296,41.179407029984084,,,,,,,,,,,,,,,,,,,,,,,,,,,,,,,,,,,,,,,,,,,,,,,,,,,,,,471,,,,,,,,,,,,,,,,,,,,,,,,,,,,,,,,,,,,,,,,,,,,,,,,,,,,,,,,,,,,,,,,,,,,,,,,,,,,,,,,,,,,,,,,,,,,,,,,,,,,,,,,,,,,,,,,,,,,,,,,,,,,,,,,,,,,,,,,,,,,,,,,,,,,,,,,,,,,,,,,
525,PVC,HT,#6,#8,MeOH_1,19791.09118649653,1.1817651153546567,2.286435804896168,50000000,-0.8819006433727984,-0.9430573529857427,42.75436829601608,,,,,,,,,,,,,,,,,,,,,,,,,,,,,,,,,,,,,,,,,,,,,,,,,,,,,,472,,,,,,,,,,,,,,,,,,,,,,,,,,,,,,,,,,,,,,,,,,,,,,,,,,,,,,,,,,,,,,,,,,,,,,,,,,,,,,,,,,,,,,,,,,,,,,,,,,,,,,,,,,,,,,,,,,,,,,,,,,,,,,,,,,,,,,,,,,,,,,,,,,,,,,,,,,,,,,,,
526,PVC,HT,#6,#9,MeOH_1,24564.68940890582,1.1258020167215266,2.137497594847317,50000000,-0.8273442941630782,-0.7762564464964715,42.3552007000704,,,,,,,,,,,,,,,,,,,,,,,,,,,,,,,,,,,,,,,,,,,,,,,,,,,,,,473,,,,,,,,,,,,,,,,,,,,,,,,,,,,,,,,,,,,,,,,,,,,,,,,,,,,,,,,,,,,,,,,,,,,,,,,,,,,,,,,,,,,,,,,,,,,,,,,,,,,,,,,,,,,,,,,,,,,,,,,,,,,,,,,,,,,,,,,,,,,,,,,,,,,,,,,,,,,,,,,
527,PVC,HT,#6,#10,MeOH_1,18517.71103363994,1.1897535133854658,2.3742022073408906,50000000,-0.8913453038488457,-1.04866444036277,44.18048024598408,,,,,,,,,,,,,,,,,,,,,,,,,,,,,,,,,,,,,,,,,,,,,,,,,,,,,,474,,,,,,,,,,,,,,,,,,,,,,,,,,,,,,,,,,,,,,,,,,,,,,,,,,,,,,,,,,,,,,,,,,,,,,,,,,,,,,,,,,,,,,,,,,,,,,,,,,,,,,,,,,,,,,,,,,,,,,,,,,,,,,,,,,,,,,,,,,,,,,,,,,,,,,,,,,,,,,,,
528,PVC,HT,#6,#11,MeOH_1,19495.965204383825,1.2436969474308939,2.5884105206406476,50000000,-0.9438782214102215,-1.2458309375295935,45.811847656016084,,,,,,,,,,,,,,,,,,,,,,,,,,,,,,,,,,,,,,,,,,,,,,,,,,,,,,475,,,,,,,,,,,,,,,,,,,,,,,,,,,,,,,,,,,,,,,,,,,,,,,,,,,,,,,,,,,,,,,,,,,,,,,,,,,,,,,,,,,,,,,,,,,,,,,,,,,,,,,,,,,,,,,,,,,,,,,,,,,,,,,,,,,,,,,,,,,,,,,,,,,,,,,,,,,,,,,,
529,PVC,HT,#7,#1,DIESEL_1,21941.002968618297,1.1945081419977905,2.9521267866054433,50000000,-0.904264528725166,-1.5457636598990556,42.89329837505331,,,,,,,,,,,,,,,,,,,,,,,,,,,,,,,,,,,,,,,,,,,,,,,,,,,,,,476,,,,,,,,,,,,,,,,,,,,,,,,,,,,,,,,,,,,,,,,,,,,,,,,,,,,,,,,,,,,,,,,,,,,,,,,,,,,,,,,,,,,,,,,,,,,,,,,,,,,,,,,,,,,,,,,,,,,,,,,,,,,,,,,,,,,,,,,,,,,,,,,,,,,,,,,,,,,,,,,
530,PVC,HT,#7,#2,FT_1,21266.342850173158,1.4161681637274035,3.191399346955309,50000000,-0.9993769600624648,-1.6065293993576466,53.36711053505332,,,,,,,,,,,,,,,,,,,,,,,,,,,,,,,,,,,,,,,,,,,,,,,,,,,,,,477,,,,,,,,,,,,,,,,,,,,,,,,,,,,,,,,,,,,,,,,,,,,,,,,,,,,,,,,,,,,,,,,,,,,,,,,,,,,,,,,,,,,,,,,,,,,,,,,,,,,,,,,,,,,,,,,,,,,,,,,,,,,,,,,,,,,,,,,,,,,,,,,,,,,,,,,,,,,,,,,
531,PVC,HT,#7,#3,DIESEL_1,26182.577666574074,1.1860217525497754,2.330283053791077,50000000,-0.8789578479985137,-0.8996582327804983,40.586887414296704,,,,,,,,,,,,,,,,,,,,,,,,,,,,,,,,,,,,,,,,,,,,,,,,,,,,,,478,,,,,,,,,,,,,,,,,,,,,,,,,,,,,,,,,,,,,,,,,,,,,,,,,,,,,,,,,,,,,,,,,,,,,,,,,,,,,,,,,,,,,,,,,,,,,,,,,,,,,,,,,,,,,,,,,,,,,,,,,,,,,,,,,,,,,,,,,,,,,,,,,,,,,,,,,,,,,,,,
532,PVC,HT,#7,#4,DIESEL_1,10838.122486986302,1.2944374563302308,3.392935313340914,50000000,-1.016369142827164,-2.0686301873445285,48.14004877505332,,,,,,,,,,,,,,,,,,,,,,,,,,,,,,,,,,,,,,,,,,,,,,,,,,,,,,479,,,,,,,,,,,,,,,,,,,,,,,,,,,,,,,,,,,,,,,,,,,,,,,,,,,,,,,,,,,,,,,,,,,,,,,,,,,,,,,,,,,,,,,,,,,,,,,,,,,,,,,,,,,,,,,,,,,,,,,,,,,,,,,,,,,,,,,,,,,,,,,,,,,,,,,,,,,,,,,,
533,PVC,HT,#7,#5,FT_1,18289.427090965695,1.496853983171884,3.6062586176451776,50000000,-1.077775454923931,-2.030560108912522,57.61171757505331,,,,,,,,,,,,,,,,,,,,,,,,,,,,,,,,,,,,,,,,,,,,,,,,,,,,,,480,,,,,,,,,,,,,,,,,,,,,,,,,,,,,,,,,,,,,,,,,,,,,,,,,,,,,,,,,,,,,,,,,,,,,,,,,,,,,,,,,,,,,,,,,,,,,,,,,,,,,,,,,,,,,,,,,,,,,,,,,,,,,,,,,,,,,,,,,,,,,,,,,,,,,,,,,,,,,,,,
534,PVC,HT,#7,#6,DIESEL_1,20555.507328602118,1.077290912422252,2.089996566350638,50000000,-0.7722300899132375,-0.6730131384318957,39.008315082428496,,,,,,,,,,,,,,,,,,,,,,,,,,,,,,,,,,,,,,,,,,,,,,,,,,,,,,481,,,,,,,,,,,,,,,,,,,,,,,,,,,,,,,,,,,,,,,,,,,,,,,,,,,,,,,,,,,,,,,,,,,,,,,,,,,,,,,,,,,,,,,,,,,,,,,,,,,,,,,,,,,,,,,,,,,,,,,,,,,,,,,,,,,,,,,,,,,,,,,,,,,,,,,,,,,,,,,,
535,PVC,HT,#7,#7,DIESEL_1,23936.252885501337,1.1561911173868784,2.375672507869558,50000000,-0.8477363414805487,-0.9573387252276939,42.498880456016074,,,,,,,,,,,,,,,,,,,,,,,,,,,,,,,,,,,,,,,,,,,,,,,,,,,,,,482,,,,,,,,,,,,,,,,,,,,,,,,,,,,,,,,,,,,,,,,,,,,,,,,,,,,,,,,,,,,,,,,,,,,,,,,,,,,,,,,,,,,,,,,,,,,,,,,,,,,,,,,,,,,,,,,,,,,,,,,,,,,,,,,,,,,,,,,,,,,,,,,,,,,,,,,,,,,,,,,
536,PVC,HT,#7,#8,DIESEL_1,21898.696247390042,1.2235563796937228,2.5294919899901496,50000000,-0.9124515700745351,-1.1128618624608069,44.07384172204807,,,,,,,,,,,,,,,,,,,,,,,,,,,,,,,,,,,,,,,,,,,,,,,,,,,,,,483,,,,,,,,,,,,,,,,,,,,,,,,,,,,,,,,,,,,,,,,,,,,,,,,,,,,,,,,,,,,,,,,,,,,,,,,,,,,,,,,,,,,,,,,,,,,,,,,,,,,,,,,,,,,,,,,,,,,,,,,,,,,,,,,,,,,,,,,,,,,,,,,,,,,,,,,,,,,,,,,
537,PVC,HT,#7,#9,DIESEL_1,26672.29446979933,1.167593281060593,2.3805537799412986,50000000,-0.8578952208648155,-0.9460609559715357,43.6746741261024,,,,,,,,,,,,,,,,,,,,,,,,,,,,,,,,,,,,,,,,,,,,,,,,,,,,,,484,,,,,,,,,,,,,,,,,,,,,,,,,,,,,,,,,,,,,,,,,,,,,,,,,,,,,,,,,,,,,,,,,,,,,,,,,,,,,,,,,,,,,,,,,,,,,,,,,,,,,,,,,,,,,,,,,,,,,,,,,,,,,,,,,,,,,,,,,,,,,,,,,,,,,,,,,,,,,,,,
538,PVC,HT,#7,#10,DIESEL_1,20625.31609453345,1.2315447777245319,2.6172583924348727,50000000,-0.9218962305505827,-1.218468949837835,45.499953672016076,,,,,,,,,,,,,,,,,,,,,,,,,,,,,,,,,,,,,,,,,,,,,,,,,,,,,,485,,,,,,,,,,,,,,,,,,,,,,,,,,,,,,,,,,,,,,,,,,,,,,,,,,,,,,,,,,,,,,,,,,,,,,,,,,,,,,,,,,,,,,,,,,,,,,,,,,,,,,,,,,,,,,,,,,,,,,,,,,,,,,,,,,,,,,,,,,,,,,,,,,,,,,,,,,,,,,,,
539,PVC,HT,#7,#11,DIESEL_1,21603.570265277336,1.2854882117699598,2.8314667057346297,50000000,-0.9744291481119582,-1.415635447004658,47.131321082048075,,,,,,,,,,,,,,,,,,,,,,,,,,,,,,,,,,,,,,,,,,,,,,,,,,,,,,486,,,,,,,,,,,,,,,,,,,,,,,,,,,,,,,,,,,,,,,,,,,,,,,,,,,,,,,,,,,,,,,,,,,,,,,,,,,,,,,,,,,,,,,,,,,,,,,,,,,,,,,,,,,,,,,,,,,,,,,,,,,,,,,,,,,,,,,,,,,,,,,,,,,,,,,,,,,,,,,,
540,PVC,HT,#8,#1,Aromatics,12577.576333995174,1.0890735762679973,1.3291332192001486,50000000,-0.857371043914635,0.09335191220596463,25.105712576408106,,,,,,,,,,,,,,,,,,,,,,,,,,,,,,,,,,,,,,,,,,,,,,,,,,,,,,487,,,,,,,,,,,,,,,,,,,,,,,,,,,,,,,,,,,,,,,,,,,,,,,,,,,,,,,,,,,,,,,,,,,,,,,,,,,,,,,,,,,,,,,,,,,,,,,,,,,,,,,,,,,,,,,,,,,,,,,,,,,,,,,,,,,,,,,,,,,,,,,,,,,,,,,,,,,,,,,,
541,PVC,HT,#8,#2,Aromatics,11902.916215550038,1.3107335979976102,1.5684057795500141,50000000,-0.9524834752519338,0.03258617274737388,35.57952473640811,,,,,,,,,,,,,,,,,,,,,,,,,,,,,,,,,,,,,,,,,,,,,,,,,,,,,,488,,,,,,,,,,,,,,,,,,,,,,,,,,,,,,,,,,,,,,,,,,,,,,,,,,,,,,,,,,,,,,,,,,,,,,,,,,,,,,,,,,,,,,,,,,,,,,,,,,,,,,,,,,,,,,,,,,,,,,,,,,,,,,,,,,,,,,,,,,,,,,,,,,,,,,,,,,,,,,,,
542,PVC,HT,#8,#3,Aromatics,16819.15103195095,1.0805871868199821,0.7072894863857824,50000000,-0.8320643631879826,0.7394573393245223,22.799301615651498,,,,,,,,,,,,,,,,,,,,,,,,,,,,,,,,,,,,,,,,,,,,,,,,,,,,,,489,,,,,,,,,,,,,,,,,,,,,,,,,,,,,,,,,,,,,,,,,,,,,,,,,,,,,,,,,,,,,,,,,,,,,,,,,,,,,,,,,,,,,,,,,,,,,,,,,,,,,,,,,,,,,,,,,,,,,,,,,,,,,,,,,,,,,,,,,,,,,,,,,,,,,,,,,,,,,,,,
543,PVC,HT,#8,#4,Aromatics,1474.695852363181,1.1890028906004375,1.7699417459356193,50000000,-0.9694756580166329,-0.42951461523950785,30.352462976408106,,,,,,,,,,,,,,,,,,,,,,,,,,,,,,,,,,,,,,,,,,,,,,,,,,,,,,490,,,,,,,,,,,,,,,,,,,,,,,,,,,,,,,,,,,,,,,,,,,,,,,,,,,,,,,,,,,,,,,,,,,,,,,,,,,,,,,,,,,,,,,,,,,,,,,,,,,,,,,,,,,,,,,,,,,,,,,,,,,,,,,,,,,,,,,,,,,,,,,,,,,,,,,,,,,,,,,,
544,PVC,HT,#8,#5,Aromatics,8926.000456342575,1.3914194174420904,1.983265050239883,50000000,-1.0308819701134,-0.39144453680750163,39.82413177640811,,,,,,,,,,,,,,,,,,,,,,,,,,,,,,,,,,,,,,,,,,,,,,,,,,,,,,491,,,,,,,,,,,,,,,,,,,,,,,,,,,,,,,,,,,,,,,,,,,,,,,,,,,,,,,,,,,,,,,,,,,,,,,,,,,,,,,,,,,,,,,,,,,,,,,,,,,,,,,,,,,,,,,,,,,,,,,,,,,,,,,,,,,,,,,,,,,,,,,,,,,,,,,,,,,,,,,,
545,PVC,HT,#8,#6,Aromatics,11192.080693978996,0.9718563466924582,0.46700299894534253,50000000,-0.7253366051027061,0.9661024336731255,21.22072928378329,,,,,,,,,,,,,,,,,,,,,,,,,,,,,,,,,,,,,,,,,,,,,,,,,,,,,,492,,,,,,,,,,,,,,,,,,,,,,,,,,,,,,,,,,,,,,,,,,,,,,,,,,,,,,,,,,,,,,,,,,,,,,,,,,,,,,,,,,,,,,,,,,,,,,,,,,,,,,,,,,,,,,,,,,,,,,,,,,,,,,,,,,,,,,,,,,,,,,,,,,,,,,,,,,,,,,,,
546,PVC,HT,#8,#7,Aromatics,14572.826250878217,1.050756551657085,0.7526789404642633,50000000,-0.8008428566700175,0.6817768468773265,24.711294657370868,,,,,,,,,,,,,,,,,,,,,,,,,,,,,,,,,,,,,,,,,,,,,,,,,,,,,,493,,,,,,,,,,,,,,,,,,,,,,,,,,,,,,,,,,,,,,,,,,,,,,,,,,,,,,,,,,,,,,,,,,,,,,,,,,,,,,,,,,,,,,,,,,,,,,,,,,,,,,,,,,,,,,,,,,,,,,,,,,,,,,,,,,,,,,,,,,,,,,,,,,,,,,,,,,,,,,,,
547,PVC,HT,#8,#8,Aromatics,12535.269612766922,1.1181218139639293,0.9064984225848549,50000000,-0.8655580852640041,0.5262537096442135,26.286255923402866,,,,,,,,,,,,,,,,,,,,,,,,,,,,,,,,,,,,,,,,,,,,,,,,,,,,,,494,,,,,,,,,,,,,,,,,,,,,,,,,,,,,,,,,,,,,,,,,,,,,,,,,,,,,,,,,,,,,,,,,,,,,,,,,,,,,,,,,,,,,,,,,,,,,,,,,,,,,,,,,,,,,,,,,,,,,,,,,,,,,,,,,,,,,,,,,,,,,,,,,,,,,,,,,,,,,,,,
548,PVC,HT,#8,#9,Aromatics,17308.86783517621,1.0621587153307992,0.7575602125360041,50000000,-0.8110017360542842,0.6930546161334844,25.887088327457196,,,,,,,,,,,,,,,,,,,,,,,,,,,,,,,,,,,,,,,,,,,,,,,,,,,,,,495,,,,,,,,,,,,,,,,,,,,,,,,,,,,,,,,,,,,,,,,,,,,,,,,,,,,,,,,,,,,,,,,,,,,,,,,,,,,,,,,,,,,,,,,,,,,,,,,,,,,,,,,,,,,,,,,,,,,,,,,,,,,,,,,,,,,,,,,,,,,,,,,,,,,,,,,,,,,,,,,
549,PVC,HT,#8,#10,Aromatics,11261.88945991033,1.1261102119947384,0.9942648250295778,50000000,-0.8750027457400514,0.4206466222671859,27.712367873370866,,,,,,,,,,,,,,,,,,,,,,,,,,,,,,,,,,,,,,,,,,,,,,,,,,,,,,496,,,,,,,,,,,,,,,,,,,,,,,,,,,,,,,,,,,,,,,,,,,,,,,,,,,,,,,,,,,,,,,,,,,,,,,,,,,,,,,,,,,,,,,,,,,,,,,,,,,,,,,,,,,,,,,,,,,,,,,,,,,,,,,,,,,,,,,,,,,,,,,,,,,,,,,,,,,,,,,,
550,PVC,HT,#8,#11,Aromatics,12240.14363065422,1.1800536460401665,1.2084731383293348,50000000,-0.9275356633014272,0.2234801251003626,29.343735283402868,,,,,,,,,,,,,,,,,,,,,,,,,,,,,,,,,,,,,,,,,,,,,,,,,,,,,,497,,,,,,,,,,,,,,,,,,,,,,,,,,,,,,,,,,,,,,,,,,,,,,,,,,,,,,,,,,,,,,,,,,,,,,,,,,,,,,,,,,,,,,,,,,,,,,,,,,,,,,,,,,,,,,,,,,,,,,,,,,,,,,,,,,,,,,,,,,,,,,,,,,,,,,,,,,,,,,,,
551,PVC,HT,#9,#1,Aromatics,13223.219559621923,1.182060312356251,1.6530127443651006,50000000,-0.9587322737890996,-0.18957417399396478,27.41593541880811,,,,,,,,,,,,,,,,,,,,,,,,,,,,,,,,,,,,,,,,,,,,,,,,,,,,,,498,,,,,,,,,,,,,,,,,,,,,,,,,,,,,,,,,,,,,,,,,,,,,,,,,,,,,,,,,,,,,,,,,,,,,,,,,,,,,,,,,,,,,,,,,,,,,,,,,,,,,,,,,,,,,,,,,,,,,,,,,,,,,,,,,,,,,,,,,,,,,,,,,,,,,,,,,,,,,,,,
552,PVC,HT,#9,#2,Aromatics,12548.559441176789,1.4037203340858635,1.8922853047149661,50000000,-1.0538447051263982,-0.2503399134525555,37.889747578808105,,,,,,,,,,,,,,,,,,,,,,,,,,,,,,,,,,,,,,,,,,,,,,,,,,,,,,499,,,,,,,,,,,,,,,,,,,,,,,,,,,,,,,,,,,,,,,,,,,,,,,,,,,,,,,,,,,,,,,,,,,,,,,,,,,,,,,,,,,,,,,,,,,,,,,,,,,,,,,,,,,,,,,,,,,,,,,,,,,,,,,,,,,,,,,,,,,,,,,,,,,,,,,,,,,,,,,,
553,PVC,HT,#9,#3,Aromatics,17464.7942575777,1.1735739229082356,1.0311690115507344,50000000,-0.933425593062447,0.4565312531245929,25.1095244580515,,,,,,,,,,,,,,,,,,,,,,,,,,,,,,,,,,,,,,,,,,,,,,,,,,,,,,,,,,,,,,,,,,,,,,,,,,,,,,,,,,,,,,,,,,,,,,,,,,,,,,,,,,,,,,,,,,,,,,,,,,,,,,,,,,,,,,,,,,,,,,,,,,,,,,,,,,,,,,,,,,,,,,,,,,,,,,,,,,,,,,,,,,,,,,,,,,,,,,,,,,,,,,,,,,,,,,
554,PVC,HT,#9,#4,Aromatics,2120.339077989931,1.2819896266886905,2.0938212711005715,50000000,-1.070836887891097,-0.7124407014394376,32.662685818808114,,,,,,,,,,,,,,,,,,,,,,,,,,,,,,,,,,,,,,,,,,,,,,,,,,,,,,,,,,,,,,,,,,,,,,,,,,,,,,,,,,,,,,,,,,,,,,,,,,,,,,,,,,,,,,,,,,,,,,,,,,,,,,,,,,,,,,,,,,,,,,,,,,,,,,,,,,,,,,,,,,,,,,,,,,,,,,,,,,,,,,,,,,,,,,,,,,,,,,,,,,,,,,,,,,,,,,
555,PVC,HT,#9,#5,Aromatics,9571.643681969324,1.4844061535303437,2.3071445754048354,50000000,-1.1322431999878642,-0.6743706230074313,42.13435461880811,,,,,,,,,,,,,,,,,,,,,,,,,,,,,,,,,,,,,,,,,,,,,,,,,,,,,,,,,,,,,,,,,,,,,,,,,,,,,,,,,,,,,,,,,,,,,,,,,,,,,,,,,,,,,,,,,,,,,,,,,,,,,,,,,,,,,,,,,,,,,,,,,,,,,,,,,,,,,,,,,,,,,,,,,,,,,,,,,,,,,,,,,,,,,,,,,,,,,,,,,,,,,,,,,,,,,,
556,PVC,HT,#9,#6,Aromatics,11837.723919605745,1.064843082780712,0.7908825241102946,50000000,-0.8266978349771706,0.6831763474731961,23.530952126183294,,,,,,,,,,,,,,,,,,,,,,,,,,,,,,,,,,,,,,,,,,,,,,,,,,,,,,,,,,,,,,,,,,,,,,,,,,,,,,,,,,,,,,,,,,,,,,,,,,,,,,,,,,,,,,,,,,,,,,,,,,,,,,,,,,,,,,,,,,,,,,,,,,,,,,,,,,,,,,,,,,,,,,,,,,,,,,,,,,,,,,,,,,,,,,,,,,,,,,,,,,,,,,,,,,,,,,
557,PVC,HT,#9,#7,Aromatics,15218.469476504968,1.1437432877453382,1.0765584656292153,50000000,-0.9022040865444815,0.3988507606773971,27.02151749977087,,,,,,,,,,,,,,,,,,,,,,,,,,,,,,,,,,,,,,,,,,,,,,,,,,,,,,,,,,,,,,,,,,,,,,,,,,,,,,,,,,,,,,,,,,,,,,,,,,,,,,,,,,,,,,,,,,,,,,,,,,,,,,,,,,,,,,,,,,,,,,,,,,,,,,,,,,,,,,,,,,,,,,,,,,,,,,,,,,,,,,,,,,,,,,,,,,,,,,,,,,,,,,,,,,,,,,
558,PVC,HT,#9,#8,Aromatics,13180.912838393673,1.2111085500521825,1.230377947749807,50000000,-0.9669193151384682,0.24332762344428405,28.596478765802875,,,,,,,,,,,,,,,,,,,,,,,,,,,,,,,,,,,,,,,,,,,,,,,,,,,,,,,,,,,,,,,,,,,,,,,,,,,,,,,,,,,,,,,,,,,,,,,,,,,,,,,,,,,,,,,,,,,,,,,,,,,,,,,,,,,,,,,,,,,,,,,,,,,,,,,,,,,,,,,,,,,,,,,,,,,,,,,,,,,,,,,,,,,,,,,,,,,,,,,,,,,,,,,,,,,,,,
559,PVC,HT,#9,#9,Aromatics,17954.51106080296,1.1551454514190527,1.081439737700956,50000000,-0.9123629659287484,0.4101285299335552,28.19731116985719,,,,,,,,,,,,,,,,,,,,,,,,,,,,,,,,,,,,,,,,,,,,,,,,,,,,,,,,,,,,,,,,,,,,,,,,,,,,,,,,,,,,,,,,,,,,,,,,,,,,,,,,,,,,,,,,,,,,,,,,,,,,,,,,,,,,,,,,,,,,,,,,,,,,,,,,,,,,,,,,,,,,,,,,,,,,,,,,,,,,,,,,,,,,,,,,,,,,,,,,,,,,,,,,,,,,,,
560,PVC,HT,#9,#10,Aromatics,11907.53268553708,1.2190969480829918,1.3181443501945298,50000000,-0.9763639756145157,0.13772053606725662,30.022590715770868,,,,,,,,,,,,,,,,,,,,,,,,,,,,,,,,,,,,,,,,,,,,,,,,,,,,,,,,,,,,,,,,,,,,,,,,,,,,,,,,,,,,,,,,,,,,,,,,,,,,,,,,,,,,,,,,,,,,,,,,,,,,,,,,,,,,,,,,,,,,,,,,,,,,,,,,,,,,,,,,,,,,,,,,,,,,,,,,,,,,,,,,,,,,,,,,,,,,,,,,,,,,,,,,,,,,,,
561,PVC,HT,#9,#11,Aromatics,12885.786856280969,1.2730403821284195,1.5323526634942868,50000000,-1.0288968931758913,-0.05944596109956682,31.653958125802873,,,,,,,,,,,,,,,,,,,,,,,,,,,,,,,,,,,,,,,,,,,,,,,,,,,,,,,,,,,,,,,,,,,,,,,,,,,,,,,,,,,,,,,,,,,,,,,,,,,,,,,,,,,,,,,,,,,,,,,,,,,,,,,,,,,,,,,,,,,,,,,,,,,,,,,,,,,,,,,,,,,,,,,,,,,,,,,,,,,,,,,,,,,,,,,,,,,,,,,,,,,,,,,,,,,,,,
562,PVC,LT,#1,#1,GASOLINE_1,11708.474221501168,0.8759007092014466,1.7301916152707528,50000000,-0.5887553865701397,-0.40957113911677034,29.595082910352236,,,,,,,,,,,,,,,,,,,,,,,,,,,,,,,,,,,,,,,,,,,,,,,,,,,,,,,,,,,,,,,,,,,,,,,,,,,,,,,,,,,,,,,,,,,,,,,,,,,,,,,,,,,,,,,,,,,,,,,,,,,,,,,,,,,,,,,,,,,,,,,,,,,,,,,,,,,,,,,,,,,,,,,,,,,,,,,,,,,,,,,,,,,,,,,,,,,,,,,,,,,,,,,,,,,,,,
563,PVC,LT,#1,#2,GASOLINE_1,12221.070045450904,1.1244153243928168,1.99742933567546,50000000,-0.6690638884187581,-0.4373136570937091,43.01261219035223,,,,,,,,,,,,,,,,,,,,,,,,,,,,,,,,,,,,,,,,,,,,,,,,,,,,,,,,,,,,,,,,,,,,,,,,,,,,,,,,,,,,,,,,,,,,,,,,,,,,,,,,,,,,,,,,,,,,,,,,,,,,,,,,,,,,,,,,,,,,,,,,,,,,,,,,,,,,,,,,,,,,,,,,,,,,,,,,,,,,,,,,,,,,,,,,,,,,,,,,,,,,,,,,,,,,,,
564,PVC,LT,#1,#3,GASOLINE_1,14606.049557270124,0.8506203414852436,0.9546559929840793,50000000,-0.5423174499647858,0.38217366651191526,27.16236562856319,,,,,,,,,,,,,,,,,,,,,,,,,,,,,,,,,,,,,,,,,,,,,,,,,,,,,,,,,,,,,,,,,,,,,,,,,,,,,,,,,,,,,,,,,,,,,,,,,,,,,,,,,,,,,,,,,,,,,,,,,,,,,,,,,,,,,,,,,,,,,,,,,,,,,,,,,,,,,,,,,,,,,,,,,,,,,,,,,,,,,,,,,,,,,,,,,,,,,,,,,,,,,,,,,,,,,,
565,PVC,LT,#1,#4,GASOLINE_1,1640.8329729431155,0.9576118539888391,2.272248340441503,50000000,-0.6874996500807712,-1.028720600880415,35.88671459035223,,,,,,,,,,,,,,,,,,,,,,,,,,,,,,,,,,,,,,,,,,,,,,,,,,,,,,,,,,,,,,,,,,,,,,,,,,,,,,,,,,,,,,,,,,,,,,,,,,,,,,,,,,,,,,,,,,,,,,,,,,,,,,,,,,,,,,,,,,,,,,,,,,,,,,,,,,,,,,,,,,,,,,,,,,,,,,,,,,,,,,,,,,,,,,,,,,,,,,,,,,,,,,,,,,,,,,
566,PVC,LT,#1,#5,GASOLINE_1,8853.01964444344,1.047974664004738,2.202367713232629,50000000,-0.5881818210051413,-0.6503835248056644,38.35058979035224,,,,,,,,,,,,,,,,,,,,,,,,,,,,,,,,,,,,,,,,,,,,,,,,,,,,,,,,,,,,,,,,,,,,,,,,,,,,,,,,,,,,,,,,,,,,,,,,,,,,,,,,,,,,,,,,,,,,,,,,,,,,,,,,,,,,,,,,,,,,,,,,,,,,,,,,,,,,,,,,,,,,,,,,,,,,,,,,,,,,,,,,,,,,,,,,,,,,,,,,,,,,,,,,,,,,,,
567,PVC,LT,#1,#6,GASOLINE_1,1595.040324884591,0.7567888545599054,0.6524114764664896,50000000,-0.4497088337171741,0.6552319347070953,24.953856637896738,,,,,,,,,,,,,,,,,,,,,,,,,,,,,,,,,,,,,,,,,,,,,,,,,,,,,,,,,,,,,,,,,,,,,,,,,,,,,,,,,,,,,,,,,,,,,,,,,,,,,,,,,,,,,,,,,,,,,,,,,,,,,,,,,,,,,,,,,,,,,,,,,,,,,,,,,,,,,,,,,,,,,,,,,,,,,,,,,,,,,,,,,,,,,,,,,,,,,,,,,,,,,,,,,,,,,,
568,PVC,LT,#1,#7,GASOLINE_1,11104.68874538002,0.8338045083042644,1.0491429872955307,50000000,-0.5277314123968393,0.2662476675109783,29.117259774594,,,,,,,,,,,,,,,,,,,,,,,,,,,,,,,,,,,,,,,,,,,,,,,,,,,,,,,,,,,,,,,,,,,,,,,,,,,,,,,,,,,,,,,,,,,,,,,,,,,,,,,,,,,,,,,,,,,,,,,,,,,,,,,,,,,,,,,,,,,,,,,,,,,,,,,,,,,,,,,,,,,,,,,,,,,,,,,,,,,,,,,,,,,,,,,,,,,,,,,,,,,,,,,,,,,,,,
569,PVC,LT,#1,#8,GASOLINE_1,4282.008933496166,0.8754113504326915,1.1253146816719375,50000000,-0.5620751077788356,0.17366117943110168,30.242116080626,,,,,,,,,,,,,,,,,,,,,,,,,,,,,,,,,,,,,,,,,,,,,,,,,,,,,,,,,,,,,,,,,,,,,,,,,,,,,,,,,,,,,,,,,,,,,,,,,,,,,,,,,,,,,,,,,,,,,,,,,,,,,,,,,,,,,,,,,,,,,,,,,,,,,,,,,,,,,,,,,,,,,,,,,,,,,,,,,,,,,,,,,,,,,,,,,,,,,,,,,,,,,,,,,,,,,,
570,PVC,LT,#1,#9,GASOLINE_1,14219.989324082107,0.8316588278834786,1.0203856539170184,50000000,-0.5219124296165415,0.3133947287018916,30.78053111971832,,,,,,,,,,,,,,,,,,,,,,,,,,,,,,,,,,,,,,,,,,,,,,,,,,,,,,,,,,,,,,,,,,,,,,,,,,,,,,,,,,,,,,,,,,,,,,,,,,,,,,,,,,,,,,,,,,,,,,,,,,,,,,,,,,,,,,,,,,,,,,,,,,,,,,,,,,,,,,,,,,,,,,,,,,,,,,,,,,,,,,,,,,,,,,,,,,,,,,,,,,,,,,,,,,,,,,
571,PVC,LT,#1,#10,GASOLINE_1,2816.289161392909,0.8802342358930964,1.214266417274807,50000000,-0.5713164977054515,0.05182054269808203,31.672386014594,,,,,,,,,,,,,,,,,,,,,,,,,,,,,,,,,,,,,,,,,,,,,,,,,,,,,,,,,,,,,,,,,,,,,,,,,,,,,,,,,,,,,,,,,,,,,,,,,,,,,,,,,,,,,,,,,,,,,,,,,,,,,,,,,,,,,,,,,,,,,,,,,,,,,,,,,,,,,,,,,,,,,,,,,,,,,,,,,,,,,,,,,,,,,,,,,,,,,,,,,,,,,,,,,,,,,,
572,PVC,LT,#1,#11,GASOLINE_1,3060.083584429759,0.8993984614630455,1.3028265487961956,50000000,-0.585088572702133,-0.008554421760810315,32.147353056626,,,,,,,,,,,,,,,,,,,,,,,,,,,,,,,,,,,,,,,,,,,,,,,,,,,,,,,,,,,,,,,,,,,,,,,,,,,,,,,,,,,,,,,,,,,,,,,,,,,,,,,,,,,,,,,,,,,,,,,,,,,,,,,,,,,,,,,,,,,,,,,,,,,,,,,,,,,,,,,,,,,,,,,,,,,,,,,,,,,,,,,,,,,,,,,,,,,,,,,,,,,,,,,,,,,,,,
573,PVC,LT,#2,#1,Olefin,11708.474221501168,0.987234544912948,2.017315129020414,50000000,-0.7223871239296525,-0.5805435826852697,32.6021389508427,,,,,,,,,,,,,,,,,,,,,,,,,,,,,,,,,,,,,,,,,,,,,,,,,,,,,,,,,,,,,,,,,,,,,,,,,,,,,,,,,,,,,,,,,,,,,,,,,,,,,,,,,,,,,,,,,,,,,,,,,,,,,,,,,,,,,,,,,,,,,,,,,,,,,,,,,,,,,,,,,,,,,,,,,,,,,,,,,,,,,,,,,,,,,,,,,,,,,,,,,,,,,,,,,,,,,,
574,PVC,LT,#2,#2,FT_1,12221.070045450904,1.2357491601043185,2.28455284942512,50000000,-0.8026956257782711,-0.6082861006622079,46.0196682308427,,,,,,,,,,,,,,,,,,,,,,,,,,,,,,,,,,,,,,,,,,,,,,,,,,,,,,,,,,,,,,,,,,,,,,,,,,,,,,,,,,,,,,,,,,,,,,,,,,,,,,,,,,,,,,,,,,,,,,,,,,,,,,,,,,,,,,,,,,,,,,,,,,,,,,,,,,,,,,,,,,,,,,,,,,,,,,,,,,,,,,,,,,,,,,,,,,,,,,,,,,,,,,,,,,,,,,
575,PVC,LT,#2,#3,Olefin,14606.049557270124,0.9619541771967451,1.24177950673374,50000000,-0.6759491873242988,0.21120122294341565,30.16942166905365,,,,,,,,,,,,,,,,,,,,,,,,,,,,,,,,,,,,,,,,,,,,,,,,,,,,,,,,,,,,,,,,,,,,,,,,,,,,,,,,,,,,,,,,,,,,,,,,,,,,,,,,,,,,,,,,,,,,,,,,,,,,,,,,,,,,,,,,,,,,,,,,,,,,,,,,,,,,,,,,,,,,,,,,,,,,,,,,,,,,,,,,,,,,,,,,,,,,,,,,,,,,,,,,,,,,,,
576,PVC,LT,#2,#4,Olefin,1640.8329729431155,1.0689456897003404,2.5593718541911636,50000000,-0.8211313874402836,-1.1996930444489144,38.8937706308427,,,,,,,,,,,,,,,,,,,,,,,,,,,,,,,,,,,,,,,,,,,,,,,,,,,,,,,,,,,,,,,,,,,,,,,,,,,,,,,,,,,,,,,,,,,,,,,,,,,,,,,,,,,,,,,,,,,,,,,,,,,,,,,,,,,,,,,,,,,,,,,,,,,,,,,,,,,,,,,,,,,,,,,,,,,,,,,,,,,,,,,,,,,,,,,,,,,,,,,,,,,,,,,,,,,,,,
577,PVC,LT,#2,#5,FT_1,8853.01964444344,1.1593084997162395,2.48949122698229,50000000,-0.7218135583646543,-0.8213559683741641,41.35764583084269,,,,,,,,,,,,,,,,,,,,,,,,,,,,,,,,,,,,,,,,,,,,,,,,,,,,,,,,,,,,,,,,,,,,,,,,,,,,,,,,,,,,,,,,,,,,,,,,,,,,,,,,,,,,,,,,,,,,,,,,,,,,,,,,,,,,,,,,,,,,,,,,,,,,,,,,,,,,,,,,,,,,,,,,,,,,,,,,,,,,,,,,,,,,,,,,,,,,,,,,,,,,,,,,,,,,,,
578,PVC,LT,#2,#6,Olefin,1595.040324884591,0.8681226902714069,0.9395349902161503,50000000,-0.5833405710766869,0.48425949113859573,27.960912678387206,,,,,,,,,,,,,,,,,,,,,,,,,,,,,,,,,,,,,,,,,,,,,,,,,,,,,,,,,,,,,,,,,,,,,,,,,,,,,,,,,,,,,,,,,,,,,,,,,,,,,,,,,,,,,,,,,,,,,,,,,,,,,,,,,,,,,,,,,,,,,,,,,,,,,,,,,,,,,,,,,,,,,,,,,,,,,,,,,,,,,,,,,,,,,,,,,,,,,,,,,,,,,,,,,,,,,,
579,PVC,LT,#2,#7,Olefin,11104.68874538002,0.9451383440157658,1.3362665010451913,50000000,-0.661363149756352,0.09527522394247889,32.12431581508447,,,,,,,,,,,,,,,,,,,,,,,,,,,,,,,,,,,,,,,,,,,,,,,,,,,,,,,,,,,,,,,,,,,,,,,,,,,,,,,,,,,,,,,,,,,,,,,,,,,,,,,,,,,,,,,,,,,,,,,,,,,,,,,,,,,,,,,,,,,,,,,,,,,,,,,,,,,,,,,,,,,,,,,,,,,,,,,,,,,,,,,,,,,,,,,,,,,,,,,,,,,,,,,,,,,,,,
580,PVC,LT,#2,#8,Olefin,4282.008933496166,0.9867451861441927,1.4124381954215983,50000000,-0.6957068451383484,0.0026887358626022937,33.249172121116466,,,,,,,,,,,,,,,,,,,,,,,,,,,,,,,,,,,,,,,,,,,,,,,,,,,,,,,,,,,,,,,,,,,,,,,,,,,,,,,,,,,,,,,,,,,,,,,,,,,,,,,,,,,,,,,,,,,,,,,,,,,,,,,,,,,,,,,,,,,,,,,,,,,,,,,,,,,,,,,,,,,,,,,,,,,,,,,,,,,,,,,,,,,,,,,,,,,,,,,,,,,,,,,,,,,,,,
581,PVC,LT,#2,#9,Olefin,14219.989324082107,0.9429926635949799,1.3075091676666792,50000000,-0.6555441669760541,0.14242228513339222,33.78758716020878,,,,,,,,,,,,,,,,,,,,,,,,,,,,,,,,,,,,,,,,,,,,,,,,,,,,,,,,,,,,,,,,,,,,,,,,,,,,,,,,,,,,,,,,,,,,,,,,,,,,,,,,,,,,,,,,,,,,,,,,,,,,,,,,,,,,,,,,,,,,,,,,,,,,,,,,,,,,,,,,,,,,,,,,,,,,,,,,,,,,,,,,,,,,,,,,,,,,,,,,,,,,,,,,,,,,,,
582,PVC,LT,#2,#10,Olefin,2816.289161392909,0.9915680716045974,1.5013899310244676,50000000,-0.704948235064964,-0.11915190087041735,34.679442055084465,,,,,,,,,,,,,,,,,,,,,,,,,,,,,,,,,,,,,,,,,,,,,,,,,,,,,,,,,,,,,,,,,,,,,,,,,,,,,,,,,,,,,,,,,,,,,,,,,,,,,,,,,,,,,,,,,,,,,,,,,,,,,,,,,,,,,,,,,,,,,,,,,,,,,,,,,,,,,,,,,,,,,,,,,,,,,,,,,,,,,,,,,,,,,,,,,,,,,,,,,,,,,,,,,,,,,,
583,PVC,LT,#2,#11,Olefin,3060.083584429759,1.010732297174547,1.5899500625458565,50000000,-0.7187203100616458,-0.17952686532931014,35.15440909711647,,,,,,,,,,,,,,,,,,,,,,,,,,,,,,,,,,,,,,,,,,,,,,,,,,,,,,,,,,,,,,,,,,,,,,,,,,,,,,,,,,,,,,,,,,,,,,,,,,,,,,,,,,,,,,,,,,,,,,,,,,,,,,,,,,,,,,,,,,,,,,,,,,,,,,,,,,,,,,,,,,,,,,,,,,,,,,,,,,,,,,,,,,,,,,,,,,,,,,,,,,,,,,,,,,,,,,
584,PVC,LT,#3,#1,MeOH_1,28765.131064652876,1.048865713423335,2.4236679668035594,50000000,-0.7596171065281031,-1.017303354672504,36.7018492004863,,,,,,,,,,,,,,,,,,,,,,,,,,,,,,,,,,,,,,,,,,,,,,,,,,,,,,,,,,,,,,,,,,,,,,,,,,,,,,,,,,,,,,,,,,,,,,,,,,,,,,,,,,,,,,,,,,,,,,,,,,,,,,,,,,,,,,,,,,,,,,,,,,,,,,,,,,,,,,,,,,,,,,,,,,,,,,,,,,,,,,,,,,,,,,,,,,,,,,,,,,,,,,,,,,,,,,
585,PVC,LT,#3,#2,MeOH_1,29277.72688860261,1.2973803286147054,2.690905687208266,50000000,-0.8399256083767216,-1.0450458726494423,50.1193784804863,,,,,,,,,,,,,,,,,,,,,,,,,,,,,,,,,,,,,,,,,,,,,,,,,,,,,,,,,,,,,,,,,,,,,,,,,,,,,,,,,,,,,,,,,,,,,,,,,,,,,,,,,,,,,,,,,,,,,,,,,,,,,,,,,,,,,,,,,,,,,,,,,,,,,,,,,,,,,,,,,,,,,,,,,,,,,,,,,,,,,,,,,,,,,,,,,,,,,,,,,,,,,,,,,,,,,,
586,PVC,LT,#3,#3,MeOH_1,31662.70640042183,1.0235853457071322,1.6481323445168858,50000000,-0.7131791699227492,-0.22555854904381842,34.269131918697255,,,,,,,,,,,,,,,,,,,,,,,,,,,,,,,,,,,,,,,,,,,,,,,,,,,,,,,,,,,,,,,,,,,,,,,,,,,,,,,,,,,,,,,,,,,,,,,,,,,,,,,,,,,,,,,,,,,,,,,,,,,,,,,,,,,,,,,,,,,,,,,,,,,,,,,,,,,,,,,,,,,,,,,,,,,,,,,,,,,,,,,,,,,,,,,,,,,,,,,,,,,,,,,,,,,,,,
587,PVC,LT,#3,#4,MeOH_1,18697.489816094825,1.1305768582107272,2.9657246919743097,50000000,-0.858361370038734,-1.636452816436149,42.993480880486295,,,,,,,,,,,,,,,,,,,,,,,,,,,,,,,,,,,,,,,,,,,,,,,,,,,,,,,,,,,,,,,,,,,,,,,,,,,,,,,,,,,,,,,,,,,,,,,,,,,,,,,,,,,,,,,,,,,,,,,,,,,,,,,,,,,,,,,,,,,,,,,,,,,,,,,,,,,,,,,,,,,,,,,,,,,,,,,,,,,,,,,,,,,,,,,,,,,,,,,,,,,,,,,,,,,,,,
588,PVC,LT,#3,#5,FT_1,25909.67648759515,1.2209396682266265,2.895844064765436,50000000,-0.7590435409631046,-1.258115740361398,45.457356080486285,,,,,,,,,,,,,,,,,,,,,,,,,,,,,,,,,,,,,,,,,,,,,,,,,,,,,,,,,,,,,,,,,,,,,,,,,,,,,,,,,,,,,,,,,,,,,,,,,,,,,,,,,,,,,,,,,,,,,,,,,,,,,,,,,,,,,,,,,,,,,,,,,,,,,,,,,,,,,,,,,,,,,,,,,,,,,,,,,,,,,,,,,,,,,,,,,,,,,,,,,,,,,,,,,,,,,,
589,PVC,LT,#3,#6,MeOH_1,18651.6971680363,0.9297538587817943,1.3458878279992963,50000000,-0.6205705536751378,0.04749971915136143,32.0606229280308,,,,,,,,,,,,,,,,,,,,,,,,,,,,,,,,,,,,,,,,,,,,,,,,,,,,,,,,,,,,,,,,,,,,,,,,,,,,,,,,,,,,,,,,,,,,,,,,,,,,,,,,,,,,,,,,,,,,,,,,,,,,,,,,,,,,,,,,,,,,,,,,,,,,,,,,,,,,,,,,,,,,,,,,,,,,,,,,,,,,,,,,,,,,,,,,,,,,,,,,,,,,,,,,,,,,,,
590,PVC,LT,#3,#7,MeOH_1,28161.345588531727,1.006769512526153,1.742619338828337,50000000,-0.6985931323548028,-0.3414845480447555,36.224026064728065,,,,,,,,,,,,,,,,,,,,,,,,,,,,,,,,,,,,,,,,,,,,,,,,,,,,,,,,,,,,,,,,,,,,,,,,,,,,,,,,,,,,,,,,,,,,,,,,,,,,,,,,,,,,,,,,,,,,,,,,,,,,,,,,,,,,,,,,,,,,,,,,,,,,,,,,,,,,,,,,,,,,,,,,,,,,,,,,,,,,,,,,,,,,,,,,,,,,,,,,,,,,,,,,,,,,,,
591,PVC,LT,#3,#8,MeOH_1,21338.66577664787,1.04837635465458,1.8187910332047441,50000000,-0.732936827736799,-0.43407103612463205,37.348882370760066,,,,,,,,,,,,,,,,,,,,,,,,,,,,,,,,,,,,,,,,,,,,,,,,,,,,,,,,,,,,,,,,,,,,,,,,,,,,,,,,,,,,,,,,,,,,,,,,,,,,,,,,,,,,,,,,,,,,,,,,,,,,,,,,,,,,,,,,,,,,,,,,,,,,,,,,,,,,,,,,,,,,,,,,,,,,,,,,,,,,,,,,,,,,,,,,,,,,,,,,,,,,,,,,,,,,,,
592,PVC,LT,#3,#9,MeOH_1,31276.646167233812,1.0046238321053673,1.713862005449825,50000000,-0.6927741495745051,-0.294337486853842,37.88729740985238,,,,,,,,,,,,,,,,,,,,,,,,,,,,,,,,,,,,,,,,,,,,,,,,,,,,,,,,,,,,,,,,,,,,,,,,,,,,,,,,,,,,,,,,,,,,,,,,,,,,,,,,,,,,,,,,,,,,,,,,,,,,,,,,,,,,,,,,,,,,,,,,,,,,,,,,,,,,,,,,,,,,,,,,,,,,,,,,,,,,,,,,,,,,,,,,,,,,,,,,,,,,,,,,,,,,,,
593,PVC,LT,#3,#10,MeOH_1,19872.946004544618,1.0531992401149848,1.9077427688076136,50000000,-0.742178217663415,-0.5559116728576518,38.779152304728065,,,,,,,,,,,,,,,,,,,,,,,,,,,,,,,,,,,,,,,,,,,,,,,,,,,,,,,,,,,,,,,,,,,,,,,,,,,,,,,,,,,,,,,,,,,,,,,,,,,,,,,,,,,,,,,,,,,,,,,,,,,,,,,,,,,,,,,,,,,,,,,,,,,,,,,,,,,,,,,,,,,,,,,,,,,,,,,,,,,,,,,,,,,,,,,,,,,,,,,,,,,,,,,,,,,,,,
594,PVC,LT,#3,#11,MeOH_1,20116.740427581466,1.072363465684934,1.9963029003290025,50000000,-0.7559502926600962,-0.6162866373165443,39.25411934676007,,,,,,,,,,,,,,,,,,,,,,,,,,,,,,,,,,,,,,,,,,,,,,,,,,,,,,,,,,,,,,,,,,,,,,,,,,,,,,,,,,,,,,,,,,,,,,,,,,,,,,,,,,,,,,,,,,,,,,,,,,,,,,,,,,,,,,,,,,,,,,,,,,,,,,,,,,,,,,,,,,,,,,,,,,,,,,,,,,,,,,,,,,,,,,,,,,,,,,,,,,,,,,,,,,,,,,
595,PVC,LT,#4,#1,GASOLINE_1,23352.927608857513,1.1073664004756882,2.558700029673956,50000000,-0.8032575356324321,-1.1167689840521449,37.94918054651829,,,,,,,,,,,,,,,,,,,,,,,,,,,,,,,,,,,,,,,,,,,,,,,,,,,,,,,,,,,,,,,,,,,,,,,,,,,,,,,,,,,,,,,,,,,,,,,,,,,,,,,,,,,,,,,,,,,,,,,,,,,,,,,,,,,,,,,,,,,,,,,,,,,,,,,,,,,,,,,,,,,,,,,,,,,,,,,,,,,,,,,,,,,,,,,,,,,,,,,,,,,,,,,,,,,,,,
596,PVC,LT,#4,#2,FT_1,23865.52343280725,1.3558810156670582,2.8259377500786633,50000000,-0.8835660374810504,-1.1445115020290837,51.366709826518296,,,,,,,,,,,,,,,,,,,,,,,,,,,,,,,,,,,,,,,,,,,,,,,,,,,,,,,,,,,,,,,,,,,,,,,,,,,,,,,,,,,,,,,,,,,,,,,,,,,,,,,,,,,,,,,,,,,,,,,,,,,,,,,,,,,,,,,,,,,,,,,,,,,,,,,,,,,,,,,,,,,,,,,,,,,,,,,,,,,,,,,,,,,,,,,,,,,,,,,,,,,,,,,,,,,,,,
597,PVC,LT,#4,#3,GASOLINE_1,26250.502944626474,1.082086032759485,1.7831644073872823,50000000,-0.7568195990270782,-0.3250241784234594,35.51646326472925,,,,,,,,,,,,,,,,,,,,,,,,,,,,,,,,,,,,,,,,,,,,,,,,,,,,,,,,,,,,,,,,,,,,,,,,,,,,,,,,,,,,,,,,,,,,,,,,,,,,,,,,,,,,,,,,,,,,,,,,,,,,,,,,,,,,,,,,,,,,,,,,,,,,,,,,,,,,,,,,,,,,,,,,,,,,,,,,,,,,,,,,,,,,,,,,,,,,,,,,,,,,,,,,,,,,,,
598,PVC,LT,#4,#4,GASOLINE_1,13285.286360299462,1.1890775452630804,3.100756754844707,50000000,-0.9020017991430631,-1.7359184458157904,44.24081222651829,,,,,,,,,,,,,,,,,,,,,,,,,,,,,,,,,,,,,,,,,,,,,,,,,,,,,,,,,,,,,,,,,,,,,,,,,,,,,,,,,,,,,,,,,,,,,,,,,,,,,,,,,,,,,,,,,,,,,,,,,,,,,,,,,,,,,,,,,,,,,,,,,,,,,,,,,,,,,,,,,,,,,,,,,,,,,,,,,,,,,,,,,,,,,,,,,,,,,,,,,,,,,,,,,,,,,,
599,PVC,LT,#4,#5,FT_1,20497.47303179979,1.2794403552789795,3.0308761276358323,50000000,-0.8026839700674335,-1.3575813697410393,46.7046874265183,,,,,,,,,,,,,,,,,,,,,,,,,,,,,,,,,,,,,,,,,,,,,,,,,,,,,,,,,,,,,,,,,,,,,,,,,,,,,,,,,,,,,,,,,,,,,,,,,,,,,,,,,,,,,,,,,,,,,,,,,,,,,,,,,,,,,,,,,,,,,,,,,,,,,,,,,,,,,,,,,,,,,,,,,,,,,,,,,,,,,,,,,,,,,,,,,,,,,,,,,,,,,,,,,,,,,,
600,PVC,LT,#4,#6,GASOLINE_1,13239.49371224094,0.9882545458341471,1.4809198908696928,50000000,-0.6642109827794667,-0.05196591022827983,33.30795427406281,,,,,,,,,,,,,,,,,,,,,,,,,,,,,,,,,,,,,,,,,,,,,,,,,,,,,,,,,,,,,,,,,,,,,,,,,,,,,,,,,,,,,,,,,,,,,,,,,,,,,,,,,,,,,,,,,,,,,,,,,,,,,,,,,,,,,,,,,,,,,,,,,,,,,,,,,,,,,,,,,,,,,,,,,,,,,,,,,,,,,,,,,,,,,,,,,,,,,,,,,,,,,,,,,,,,,,
601,PVC,LT,#4,#7,GASOLINE_1,22749.142132736364,1.0652701995785057,1.8776514016987336,50000000,-0.7422335614591312,-0.4409501774243963,37.47135741076007,,,,,,,,,,,,,,,,,,,,,,,,,,,,,,,,,,,,,,,,,,,,,,,,,,,,,,,,,,,,,,,,,,,,,,,,,,,,,,,,,,,,,,,,,,,,,,,,,,,,,,,,,,,,,,,,,,,,,,,,,,,,,,,,,,,,,,,,,,,,,,,,,,,,,,,,,,,,,,,,,,,,,,,,,,,,,,,,,,,,,,,,,,,,,,,,,,,,,,,,,,,,,,,,,,,,,,
602,PVC,LT,#4,#8,GASOLINE_1,15926.462320852514,1.1068770417069327,1.9538230960751408,50000000,-0.7765772568411279,-0.5335366655042731,38.59621371679207,,,,,,,,,,,,,,,,,,,,,,,,,,,,,,,,,,,,,,,,,,,,,,,,,,,,,,,,,,,,,,,,,,,,,,,,,,,,,,,,,,,,,,,,,,,,,,,,,,,,,,,,,,,,,,,,,,,,,,,,,,,,,,,,,,,,,,,,,,,,,,,,,,,,,,,,,,,,,,,,,,,,,,,,,,,,,,,,,,,,,,,,,,,,,,,,,,,,,,,,,,,,,,,,,,,,,,
603,PVC,LT,#4,#9,GASOLINE_1,25864.442711438456,1.0631245191577203,1.8488940683202215,50000000,-0.736414578678834,-0.39380311623348324,39.134628755884385,,,,,,,,,,,,,,,,,,,,,,,,,,,,,,,,,,,,,,,,,,,,,,,,,,,,,,,,,,,,,,,,,,,,,,,,,,,,,,,,,,,,,,,,,,,,,,,,,,,,,,,,,,,,,,,,,,,,,,,,,,,,,,,,,,,,,,,,,,,,,,,,,,,,,,,,,,,,,,,,,,,,,,,,,,,,,,,,,,,,,,,,,,,,,,,,,,,,,,,,,,,,,,,,,,,,,,
604,PVC,LT,#4,#10,GASOLINE_1,14460.742548749256,1.1116999271673382,2.04277483167801,50000000,-0.7858186467677442,-0.6553773022372925,40.02648365076007,,,,,,,,,,,,,,,,,,,,,,,,,,,,,,,,,,,,,,,,,,,,,,,,,,,,,,,,,,,,,,,,,,,,,,,,,,,,,,,,,,,,,,,,,,,,,,,,,,,,,,,,,,,,,,,,,,,,,,,,,,,,,,,,,,,,,,,,,,,,,,,,,,,,,,,,,,,,,,,,,,,,,,,,,,,,,,,,,,,,,,,,,,,,,,,,,,,,,,,,,,,,,,,,,,,,,,
605,PVC,LT,#4,#11,GASOLINE_1,14704.536971786107,1.130864152737287,2.1313349631993987,50000000,-0.7995907217644254,-0.7157522666961855,40.50145069279207,,,,,,,,,,,,,,,,,,,,,,,,,,,,,,,,,,,,,,,,,,,,,,,,,,,,,,,,,,,,,,,,,,,,,,,,,,,,,,,,,,,,,,,,,,,,,,,,,,,,,,,,,,,,,,,,,,,,,,,,,,,,,,,,,,,,,,,,,,,,,,,,,,,,,,,,,,,,,,,,,,,,,,,,,,,,,,,,,,,,,,,,,,,,,,,,,,,,,,,,,,,,,,,,,,,,,,
606,PVC,LT,#5,#1,GASOLINE_1,50147.17560405555,1.0606352079707508,2.3368500048414726,50000000,-0.7724227929672625,-0.8078804345052052,36.375845126038406,,,,,,,,,,,,,,,,,,,,,,,,,,,,,,,,,,,,,,,,,,,,,,,,,,,,,,,,,,,,,,,,,,,,,,,,,,,,,,,,,,,,,,,,,,,,,,,,,,,,,,,,,,,,,,,,,,,,,,,,,,,,,,,,,,,,,,,,,,,,,,,,,,,,,,,,,,,,,,,,,,,,,,,,,,,,,,,,,,,,,,,,,,,,,,,,,,,,,,,,,,,,,,,,,,,,,,
607,PVC,LT,#5,#2,FT_1,50659.77142800529,1.3091498231621208,2.60408772524618,50000000,-0.8527312948158805,-0.8356229524821439,49.79337440603841,,,,,,,,,,,,,,,,,,,,,,,,,,,,,,,,,,,,,,,,,,,,,,,,,,,,,,,,,,,,,,,,,,,,,,,,,,,,,,,,,,,,,,,,,,,,,,,,,,,,,,,,,,,,,,,,,,,,,,,,,,,,,,,,,,,,,,,,,,,,,,,,,,,,,,,,,,,,,,,,,,,,,,,,,,,,,,,,,,,,,,,,,,,,,,,,,,,,,,,,,,,,,,,,,,,,,,
608,PVC,LT,#5,#3,GASOLINE_1,53044.75093982451,1.0353548402545476,1.5613143825547997,50000000,-0.7259848563619085,-0.0161356288765201,33.94312784424936,,,,,,,,,,,,,,,,,,,,,,,,,,,,,,,,,,,,,,,,,,,,,,,,,,,,,,,,,,,,,,,,,,,,,,,,,,,,,,,,,,,,,,,,,,,,,,,,,,,,,,,,,,,,,,,,,,,,,,,,,,,,,,,,,,,,,,,,,,,,,,,,,,,,,,,,,,,,,,,,,,,,,,,,,,,,,,,,,,,,,,,,,,,,,,,,,,,,,,,,,,,,,,,,,,,,,,
609,PVC,LT,#5,#4,GASOLINE_1,40079.5343554975,1.1423463527581426,2.8789067300122233,50000000,-0.8711670564778933,-1.4270298962688506,42.6674768060384,,,,,,,,,,,,,,,,,,,,,,,,,,,,,,,,,,,,,,,,,,,,,,,,,,,,,,,,,,,,,,,,,,,,,,,,,,,,,,,,,,,,,,,,,,,,,,,,,,,,,,,,,,,,,,,,,,,,,,,,,,,,,,,,,,,,,,,,,,,,,,,,,,,,,,,,,,,,,,,,,,,,,,,,,,,,,,,,,,,,,,,,,,,,,,,,,,,,,,,,,,,,,,,,,,,,,,
610,PVC,LT,#5,#5,FT_1,47291.72102699782,1.232709162774042,2.8090261028033496,50000000,-0.7718492274022637,-1.0486928201940995,45.131352006038405,,,,,,,,,,,,,,,,,,,,,,,,,,,,,,,,,,,,,,,,,,,,,,,,,,,,,,,,,,,,,,,,,,,,,,,,,,,,,,,,,,,,,,,,,,,,,,,,,,,,,,,,,,,,,,,,,,,,,,,,,,,,,,,,,,,,,,,,,,,,,,,,,,,,,,,,,,,,,,,,,,,,,,,,,,,,,,,,,,,,,,,,,,,,,,,,,,,,,,,,,,,,,,,,,,,,,,
611,PVC,LT,#5,#6,GASOLINE_1,40033.741707438974,0.9415233533292093,1.2590698660372097,50000000,-0.6333762401142967,0.2569226393186599,31.734618853582912,,,,,,,,,,,,,,,,,,,,,,,,,,,,,,,,,,,,,,,,,,,,,,,,,,,,,,,,,,,,,,,,,,,,,,,,,,,,,,,,,,,,,,,,,,,,,,,,,,,,,,,,,,,,,,,,,,,,,,,,,,,,,,,,,,,,,,,,,,,,,,,,,,,,,,,,,,,,,,,,,,,,,,,,,,,,,,,,,,,,,,,,,,,,,,,,,,,,,,,,,,,,,,,,,,,,,,
612,PVC,LT,#5,#7,GASOLINE_1,49543.3901279344,1.018539007073568,1.6558013768662507,50000000,-0.7113988187939616,-0.13206162787745684,35.89802199028018,,,,,,,,,,,,,,,,,,,,,,,,,,,,,,,,,,,,,,,,,,,,,,,,,,,,,,,,,,,,,,,,,,,,,,,,,,,,,,,,,,,,,,,,,,,,,,,,,,,,,,,,,,,,,,,,,,,,,,,,,,,,,,,,,,,,,,,,,,,,,,,,,,,,,,,,,,,,,,,,,,,,,,,,,,,,,,,,,,,,,,,,,,,,,,,,,,,,,,,,,,,,,,,,,,,,,,
613,PVC,LT,#5,#8,GASOLINE_1,42720.71031605055,1.0601458492019955,1.731973071242658,50000000,-0.7457425141759584,-0.22464811595733358,37.022878296312186,,,,,,,,,,,,,,,,,,,,,,,,,,,,,,,,,,,,,,,,,,,,,,,,,,,,,,,,,,,,,,,,,,,,,,,,,,,,,,,,,,,,,,,,,,,,,,,,,,,,,,,,,,,,,,,,,,,,,,,,,,,,,,,,,,,,,,,,,,,,,,,,,,,,,,,,,,,,,,,,,,,,,,,,,,,,,,,,,,,,,,,,,,,,,,,,,,,,,,,,,,,,,,,,,,,,,,
614,PVC,LT,#5,#9,GASOLINE_1,52658.690706636495,1.016393326652783,1.6270440434877387,50000000,-0.7055798360136645,-0.08491456668654368,37.561293335404486,,,,,,,,,,,,,,,,,,,,,,,,,,,,,,,,,,,,,,,,,,,,,,,,,,,,,,,,,,,,,,,,,,,,,,,,,,,,,,,,,,,,,,,,,,,,,,,,,,,,,,,,,,,,,,,,,,,,,,,,,,,,,,,,,,,,,,,,,,,,,,,,,,,,,,,,,,,,,,,,,,,,,,,,,,,,,,,,,,,,,,,,,,,,,,,,,,,,,,,,,,,,,,,,,,,,,,
615,PVC,LT,#5,#10,GASOLINE_1,41254.99054394729,1.0649687346624004,1.8209248068455273,50000000,-0.7549839041025741,-0.3464887526903534,38.45314823028018,,,,,,,,,,,,,,,,,,,,,,,,,,,,,,,,,,,,,,,,,,,,,,,,,,,,,,,,,,,,,,,,,,,,,,,,,,,,,,,,,,,,,,,,,,,,,,,,,,,,,,,,,,,,,,,,,,,,,,,,,,,,,,,,,,,,,,,,,,,,,,,,,,,,,,,,,,,,,,,,,,,,,,,,,,,,,,,,,,,,,,,,,,,,,,,,,,,,,,,,,,,,,,,,,,,,,,
616,PVC,LT,#5,#11,GASOLINE_1,41498.78496698414,1.0841329602323495,1.9094849383669157,50000000,-0.7687559790992557,-0.40686371714924546,38.92811527231218,,,,,,,,,,,,,,,,,,,,,,,,,,,,,,,,,,,,,,,,,,,,,,,,,,,,,,,,,,,,,,,,,,,,,,,,,,,,,,,,,,,,,,,,,,,,,,,,,,,,,,,,,,,,,,,,,,,,,,,,,,,,,,,,,,,,,,,,,,,,,,,,,,,,,,,,,,,,,,,,,,,,,,,,,,,,,,,,,,,,,,,,,,,,,,,,,,,,,,,,,,,,,,,,,,,,,,
617,PVC,LT,#6,#1,MeOH_1,54994.24164417194,1.1773900978428888,3.039622659537392,50000000,-0.7975879163238366,-1.4026043269248263,45.1109858404863,,,,,,,,,,,,,,,,,,,,,,,,,,,,,,,,,,,,,,,,,,,,,,,,,,,,,,,,,,,,,,,,,,,,,,,,,,,,,,,,,,,,,,,,,,,,,,,,,,,,,,,,,,,,,,,,,,,,,,,,,,,,,,,,,,,,,,,,,,,,,,,,,,,,,,,,,,,,,,,,,,,,,,,,,,,,,,,,,,,,,,,,,,,,,,,,,,,,,,,,,,,,,,,,,,,,,,
618,PVC,LT,#6,#2,MeOH_1,55506.83746812168,1.4259047130342588,3.306860379942098,50000000,-0.8778964181724547,-1.4303468449017644,58.528515120486276,,,,,,,,,,,,,,,,,,,,,,,,,,,,,,,,,,,,,,,,,,,,,,,,,,,,,,,,,,,,,,,,,,,,,,,,,,,,,,,,,,,,,,,,,,,,,,,,,,,,,,,,,,,,,,,,,,,,,,,,,,,,,,,,,,,,,,,,,,,,,,,,,,,,,,,,,,,,,,,,,,,,,,,,,,,,,,,,,,,,,,,,,,,,,,,,,,,,,,,,,,,,,,,,,,,,,,
619,PVC,LT,#6,#3,MeOH_1,57891.8169799409,1.1521097301266856,2.264087037250718,50000000,-0.7511499797184823,-0.6108595212961409,42.678268558697255,,,,,,,,,,,,,,,,,,,,,,,,,,,,,,,,,,,,,,,,,,,,,,,,,,,,,,,,,,,,,,,,,,,,,,,,,,,,,,,,,,,,,,,,,,,,,,,,,,,,,,,,,,,,,,,,,,,,,,,,,,,,,,,,,,,,,,,,,,,,,,,,,,,,,,,,,,,,,,,,,,,,,,,,,,,,,,,,,,,,,,,,,,,,,,,,,,,,,,,,,,,,,,,,,,,,,,
620,PVC,LT,#6,#4,MeOH_1,44926.60039561389,1.2591012426302808,3.5816793847081416,50000000,-0.8963321798344674,-2.0217537886884713,51.40261752048629,,,,,,,,,,,,,,,,,,,,,,,,,,,,,,,,,,,,,,,,,,,,,,,,,,,,,,,,,,,,,,,,,,,,,,,,,,,,,,,,,,,,,,,,,,,,,,,,,,,,,,,,,,,,,,,,,,,,,,,,,,,,,,,,,,,,,,,,,,,,,,,,,,,,,,,,,,,,,,,,,,,,,,,,,,,,,,,,,,,,,,,,,,,,,,,,,,,,,,,,,,,,,,,,,,,,,,
621,PVC,LT,#6,#5,MeOH_1,52138.787067114215,1.3494640526461803,3.511798757499269,50000000,-0.7970143507588383,-1.643416712613721,53.8664927204863,,,,,,,,,,,,,,,,,,,,,,,,,,,,,,,,,,,,,,,,,,,,,,,,,,,,,,,,,,,,,,,,,,,,,,,,,,,,,,,,,,,,,,,,,,,,,,,,,,,,,,,,,,,,,,,,,,,,,,,,,,,,,,,,,,,,,,,,,,,,,,,,,,,,,,,,,,,,,,,,,,,,,,,,,,,,,,,,,,,,,,,,,,,,,,,,,,,,,,,,,,,,,,,,,,,,,,
622,PVC,LT,#6,#6,MeOH_1,44880.807747555365,1.0582782432013478,1.9618425207331285,50000000,-0.6585413634708711,-0.337801253100961,40.4697595680308,,,,,,,,,,,,,,,,,,,,,,,,,,,,,,,,,,,,,,,,,,,,,,,,,,,,,,,,,,,,,,,,,,,,,,,,,,,,,,,,,,,,,,,,,,,,,,,,,,,,,,,,,,,,,,,,,,,,,,,,,,,,,,,,,,,,,,,,,,,,,,,,,,,,,,,,,,,,,,,,,,,,,,,,,,,,,,,,,,,,,,,,,,,,,,,,,,,,,,,,,,,,,,,,,,,,,,
623,PVC,LT,#6,#7,MeOH_1,54390.45616805079,1.1352938969457065,2.3585740315621697,50000000,-0.7365639421505359,-0.7267855202970782,44.63316270472807,,,,,,,,,,,,,,,,,,,,,,,,,,,,,,,,,,,,,,,,,,,,,,,,,,,,,,,,,,,,,,,,,,,,,,,,,,,,,,,,,,,,,,,,,,,,,,,,,,,,,,,,,,,,,,,,,,,,,,,,,,,,,,,,,,,,,,,,,,,,,,,,,,,,,,,,,,,,,,,,,,,,,,,,,,,,,,,,,,,,,,,,,,,,,,,,,,,,,,,,,,,,,,,,,,,,,,
624,PVC,LT,#6,#8,MeOH_1,47567.77635616694,1.1769007390741337,2.4347457259385767,50000000,-0.7709076375325323,-0.8193720083769548,45.758019010760066,,,,,,,,,,,,,,,,,,,,,,,,,,,,,,,,,,,,,,,,,,,,,,,,,,,,,,,,,,,,,,,,,,,,,,,,,,,,,,,,,,,,,,,,,,,,,,,,,,,,,,,,,,,,,,,,,,,,,,,,,,,,,,,,,,,,,,,,,,,,,,,,,,,,,,,,,,,,,,,,,,,,,,,,,,,,,,,,,,,,,,,,,,,,,,,,,,,,,,,,,,,,,,,,,,,,,,
625,PVC,LT,#6,#9,MeOH_1,57505.756746752886,1.1331482165249207,2.3298166981836577,50000000,-0.7307449593702382,-0.6796384591061648,46.29643404985238,,,,,,,,,,,,,,,,,,,,,,,,,,,,,,,,,,,,,,,,,,,,,,,,,,,,,,,,,,,,,,,,,,,,,,,,,,,,,,,,,,,,,,,,,,,,,,,,,,,,,,,,,,,,,,,,,,,,,,,,,,,,,,,,,,,,,,,,,,,,,,,,,,,,,,,,,,,,,,,,,,,,,,,,,,,,,,,,,,,,,,,,,,,,,,,,,,,,,,,,,,,,,,,,,,,,,,
626,PVC,LT,#6,#10,MeOH_1,46102.05658406369,1.1817236245345384,2.5236974615414463,50000000,-0.7801490274591482,-0.9412126451099745,47.18828894472807,,,,,,,,,,,,,,,,,,,,,,,,,,,,,,,,,,,,,,,,,,,,,,,,,,,,,,,,,,,,,,,,,,,,,,,,,,,,,,,,,,,,,,,,,,,,,,,,,,,,,,,,,,,,,,,,,,,,,,,,,,,,,,,,,,,,,,,,,,,,,,,,,,,,,,,,,,,,,,,,,,,,,,,,,,,,,,,,,,,,,,,,,,,,,,,,,,,,,,,,,,,,,,,,,,,,,,
627,PVC,LT,#6,#11,MeOH_1,46345.85100710053,1.2008878501044875,2.612257593062835,50000000,-0.7939211024558298,-1.0015876095688672,47.66325598676007,,,,,,,,,,,,,,,,,,,,,,,,,,,,,,,,,,,,,,,,,,,,,,,,,,,,,,,,,,,,,,,,,,,,,,,,,,,,,,,,,,,,,,,,,,,,,,,,,,,,,,,,,,,,,,,,,,,,,,,,,,,,,,,,,,,,,,,,,,,,,,,,,,,,,,,,,,,,,,,,,,,,,,,,,,,,,,,,,,,,,,,,,,,,,,,,,,,,,,,,,,,,,,,,,,,,,,
628,PVC,LT,#7,#1,GASOLINE_1,22691.527253025626,1.1975179723059923,3.2810712937415403,50000000,-0.8908456961910878,-1.8396176890249956,45.4008796004863,,,,,,,,,,,,,,,,,,,,,,,,,,,,,,,,,,,,,,,,,,,,,,,,,,,,,,,,,,,,,,,,,,,,,,,,,,,,,,,,,,,,,,,,,,,,,,,,,,,,,,,,,,,,,,,,,,,,,,,,,,,,,,,,,,,,,,,,,,,,,,,,,,,,,,,,,,,,,,,,,,,,,,,,,,,,,,,,,,,,,,,,,,,,,,,,,,,,,,,,,,,,,,,,,,,,,,
629,PVC,LT,#7,#2,FT_1,23204.12307697536,1.4460325874973627,3.5483090141462474,50000000,-0.9711541980397064,-1.8673602070019346,58.81840888048629,,,,,,,,,,,,,,,,,,,,,,,,,,,,,,,,,,,,,,,,,,,,,,,,,,,,,,,,,,,,,,,,,,,,,,,,,,,,,,,,,,,,,,,,,,,,,,,,,,,,,,,,,,,,,,,,,,,,,,,,,,,,,,,,,,,,,,,,,,,,,,,,,,,,,,,,,,,,,,,,,,,,,,,,,,,,,,,,,,,,,,,,,,,,,,,,,,,,,,,,,,,,,,,,,,,,,,
630,PVC,LT,#7,#3,GASOLINE_1,25589.10258879458,1.1722376045897898,2.5055356714548673,50000000,-0.8444077595857343,-1.0478728833963105,42.968162318697246,,,,,,,,,,,,,,,,,,,,,,,,,,,,,,,,,,,,,,,,,,,,,,,,,,,,,,,,,,,,,,,,,,,,,,,,,,,,,,,,,,,,,,,,,,,,,,,,,,,,,,,,,,,,,,,,,,,,,,,,,,,,,,,,,,,,,,,,,,,,,,,,,,,,,,,,,,,,,,,,,,,,,,,,,,,,,,,,,,,,,,,,,,,,,,,,,,,,,,,,,,,,,,,,,,,,,,
631,PVC,LT,#7,#4,GASOLINE_1,12623.886004467573,1.279229117093385,3.823128018912291,50000000,-0.9895899597017193,-2.458767150788641,51.692511280486286,,,,,,,,,,,,,,,,,,,,,,,,,,,,,,,,,,,,,,,,,,,,,,,,,,,,,,,,,,,,,,,,,,,,,,,,,,,,,,,,,,,,,,,,,,,,,,,,,,,,,,,,,,,,,,,,,,,,,,,,,,,,,,,,,,,,,,,,,,,,,,,,,,,,,,,,,,,,,,,,,,,,,,,,,,,,,,,,,,,,,,,,,,,,,,,,,,,,,,,,,,,,,,,,,,,,,,
632,PVC,LT,#7,#5,FT_1,19836.0726759679,1.3695919271092838,3.753247391703417,50000000,-0.8902721306260895,-2.0804300747138895,54.1563864804863,,,,,,,,,,,,,,,,,,,,,,,,,,,,,,,,,,,,,,,,,,,,,,,,,,,,,,,,,,,,,,,,,,,,,,,,,,,,,,,,,,,,,,,,,,,,,,,,,,,,,,,,,,,,,,,,,,,,,,,,,,,,,,,,,,,,,,,,,,,,,,,,,,,,,,,,,,,,,,,,,,,,,,,,,,,,,,,,,,,,,,,,,,,,,,,,,,,,,,,,,,,,,,,,,,,,,,
633,PVC,LT,#7,#6,GASOLINE_1,12578.093356409048,1.0784061176644515,2.203291154937278,50000000,-0.7517991433381227,-0.7748146152011308,40.75965332803081,,,,,,,,,,,,,,,,,,,,,,,,,,,,,,,,,,,,,,,,,,,,,,,,,,,,,,,,,,,,,,,,,,,,,,,,,,,,,,,,,,,,,,,,,,,,,,,,,,,,,,,,,,,,,,,,,,,,,,,,,,,,,,,,,,,,,,,,,,,,,,,,,,,,,,,,,,,,,,,,,,,,,,,,,,,,,,,,,,,,,,,,,,,,,,,,,,,,,,,,,,,,,,,,,,,,,,
634,PVC,LT,#7,#7,GASOLINE_1,22087.741776904473,1.1554217714088104,2.6000226657663186,50000000,-0.8298217220177876,-1.1637988823972476,44.92305646472806,,,,,,,,,,,,,,,,,,,,,,,,,,,,,,,,,,,,,,,,,,,,,,,,,,,,,,,,,,,,,,,,,,,,,,,,,,,,,,,,,,,,,,,,,,,,,,,,,,,,,,,,,,,,,,,,,,,,,,,,,,,,,,,,,,,,,,,,,,,,,,,,,,,,,,,,,,,,,,,,,,,,,,,,,,,,,,,,,,,,,,,,,,,,,,,,,,,,,,,,,,,,,,,,,,,,,,
635,PVC,LT,#7,#8,GASOLINE_1,15265.061965020623,1.1970286135372374,2.6761943601427256,50000000,-0.864165417399784,-1.2563853704771244,46.04791277076006,,,,,,,,,,,,,,,,,,,,,,,,,,,,,,,,,,,,,,,,,,,,,,,,,,,,,,,,,,,,,,,,,,,,,,,,,,,,,,,,,,,,,,,,,,,,,,,,,,,,,,,,,,,,,,,,,,,,,,,,,,,,,,,,,,,,,,,,,,,,,,,,,,,,,,,,,,,,,,,,,,,,,,,,,,,,,,,,,,,,,,,,,,,,,,,,,,,,,,,,,,,,,,,,,,,,,,
636,PVC,LT,#7,#9,GASOLINE_1,25203.04235560656,1.1532760909880246,2.571265332387806,50000000,-0.8240027392374899,-1.1166518212063339,46.58632780985238,,,,,,,,,,,,,,,,,,,,,,,,,,,,,,,,,,,,,,,,,,,,,,,,,,,,,,,,,,,,,,,,,,,,,,,,,,,,,,,,,,,,,,,,,,,,,,,,,,,,,,,,,,,,,,,,,,,,,,,,,,,,,,,,,,,,,,,,,,,,,,,,,,,,,,,,,,,,,,,,,,,,,,,,,,,,,,,,,,,,,,,,,,,,,,,,,,,,,,,,,,,,,,,,,,,,,,
637,PVC,LT,#7,#10,GASOLINE_1,13799.342192917366,1.2018514989976423,2.7651460957455947,50000000,-0.8734068073263999,-1.378226007210143,47.47818270472807,,,,,,,,,,,,,,,,,,,,,,,,,,,,,,,,,,,,,,,,,,,,,,,,,,,,,,,,,,,,,,,,,,,,,,,,,,,,,,,,,,,,,,,,,,,,,,,,,,,,,,,,,,,,,,,,,,,,,,,,,,,,,,,,,,,,,,,,,,,,,,,,,,,,,,,,,,,,,,,,,,,,,,,,,,,,,,,,,,,,,,,,,,,,,,,,,,,,,,,,,,,,,,,,,,,,,,
638,PVC,LT,#7,#11,FT_1,14043.136615954216,1.2210157245675914,2.8537062272669833,50000000,-0.8871788823230812,-1.4386009716690362,47.953149746760076,,,,,,,,,,,,,,,,,,,,,,,,,,,,,,,,,,,,,,,,,,,,,,,,,,,,,,,,,,,,,,,,,,,,,,,,,,,,,,,,,,,,,,,,,,,,,,,,,,,,,,,,,,,,,,,,,,,,,,,,,,,,,,,,,,,,,,,,,,,,,,,,,,,,,,,,,,,,,,,,,,,,,,,,,,,,,,,,,,,,,,,,,,,,,,,,,,,,,,,,,,,,,,,,,,,,,,
639,PVC,LT,#8,#1,Aromatics,11708.474221501168,1.088810834548891,1.584597583484256,50000000,-0.8779285362822957,-0.19324862151718705,26.60212767423976,,,,,,,,,,,,,,,,,,,,,,,,,,,,,,,,,,,,,,,,,,,,,,,,,,,,,,,,,,,,,,,,,,,,,,,,,,,,,,,,,,,,,,,,,,,,,,,,,,,,,,,,,,,,,,,,,,,,,,,,,,,,,,,,,,,,,,,,,,,,,,,,,,,,,,,,,,,,,,,,,,,,,,,,,,,,,,,,,,,,,,,,,,,,,,,,,,,,,,,,,,,,,,,,,,,,,,
640,PVC,LT,#8,#2,FT_1,12221.070045450904,1.3373254497402614,1.8518353038889634,50000000,-0.9582370381309143,-0.22099113949412613,40.01965695423976,,,,,,,,,,,,,,,,,,,,,,,,,,,,,,,,,,,,,,,,,,,,,,,,,,,,,,,,,,,,,,,,,,,,,,,,,,,,,,,,,,,,,,,,,,,,,,,,,,,,,,,,,,,,,,,,,,,,,,,,,,,,,,,,,,,,,,,,,,,,,,,,,,,,,,,,,,,,,,,,,,,,,,,,,,,,,,,,,,,,,,,,,,,,,,,,,,,,,,,,,,,,,,,,,,,,,,
641,PVC,LT,#8,#3,Aromatics,14606.049557270124,1.063530466832688,0.8090619611975827,50000000,-0.8314905996769419,0.5984961841114981,24.169410392450715,,,,,,,,,,,,,,,,,,,,,,,,,,,,,,,,,,,,,,,,,,,,,,,,,,,,,,,,,,,,,,,,,,,,,,,,,,,,,,,,,,,,,,,,,,,,,,,,,,,,,,,,,,,,,,,,,,,,,,,,,,,,,,,,,,,,,,,,,,,,,,,,,,,,,,,,,,,,,,,,,,,,,,,,,,,,,,,,,,,,,,,,,,,,,,,,,,,,,,,,,,,,,,,,,,,,,,
642,PVC,LT,#8,#4,Aromatics,1640.8329729431155,1.170521979336283,2.1266543086550067,50000000,-0.9766727997929269,-0.8123980832808327,32.89375935423975,,,,,,,,,,,,,,,,,,,,,,,,,,,,,,,,,,,,,,,,,,,,,,,,,,,,,,,,,,,,,,,,,,,,,,,,,,,,,,,,,,,,,,,,,,,,,,,,,,,,,,,,,,,,,,,,,,,,,,,,,,,,,,,,,,,,,,,,,,,,,,,,,,,,,,,,,,,,,,,,,,,,,,,,,,,,,,,,,,,,,,,,,,,,,,,,,,,,,,,,,,,,,,,,,,,,,,
643,PVC,LT,#8,#5,FT_1,8853.01964444344,1.2608847893521824,2.056773681446133,50000000,-0.8773549707172972,-0.43406100720608204,35.35763455423975,,,,,,,,,,,,,,,,,,,,,,,,,,,,,,,,,,,,,,,,,,,,,,,,,,,,,,,,,,,,,,,,,,,,,,,,,,,,,,,,,,,,,,,,,,,,,,,,,,,,,,,,,,,,,,,,,,,,,,,,,,,,,,,,,,,,,,,,,,,,,,,,,,,,,,,,,,,,,,,,,,,,,,,,,,,,,,,,,,,,,,,,,,,,,,,,,,,,,,,,,,,,,,,,,,,,,,
644,PVC,LT,#8,#6,Aromatics,1595.040324884591,0.9696989799073498,0.5068174446799933,50000000,-0.7388819834293303,0.8715544523066774,21.960901401784263,,,,,,,,,,,,,,,,,,,,,,,,,,,,,,,,,,,,,,,,,,,,,,,,,,,,,,,,,,,,,,,,,,,,,,,,,,,,,,,,,,,,,,,,,,,,,,,,,,,,,,,,,,,,,,,,,,,,,,,,,,,,,,,,,,,,,,,,,,,,,,,,,,,,,,,,,,,,,,,,,,,,,,,,,,,,,,,,,,,,,,,,,,,,,,,,,,,,,,,,,,,,,,,,,,,,,,
645,PVC,LT,#8,#7,Aromatics,11104.68874538002,1.0467146336517086,0.9035489555090339,50000000,-0.8169045621089953,0.48257018511056116,26.124304538481525,,,,,,,,,,,,,,,,,,,,,,,,,,,,,,,,,,,,,,,,,,,,,,,,,,,,,,,,,,,,,,,,,,,,,,,,,,,,,,,,,,,,,,,,,,,,,,,,,,,,,,,,,,,,,,,,,,,,,,,,,,,,,,,,,,,,,,,,,,,,,,,,,,,,,,,,,,,,,,,,,,,,,,,,,,,,,,,,,,,,,,,,,,,,,,,,,,,,,,,,,,,,,,,,,,,,,,
646,PVC,LT,#8,#8,Aromatics,4282.008933496166,1.0883214757801356,0.9797206498854423,50000000,-0.8512482574909918,0.38998369703068314,27.249160844513522,,,,,,,,,,,,,,,,,,,,,,,,,,,,,,,,,,,,,,,,,,,,,,,,,,,,,,,,,,,,,,,,,,,,,,,,,,,,,,,,,,,,,,,,,,,,,,,,,,,,,,,,,,,,,,,,,,,,,,,,,,,,,,,,,,,,,,,,,,,,,,,,,,,,,,,,,,,,,,,,,,,,,,,,,,,,,,,,,,,,,,,,,,,,,,,,,,,,,,,,,,,,,,,,,,,,,,
647,PVC,LT,#8,#9,Aromatics,14219.989324082107,1.044568953230923,0.8747916221305223,50000000,-0.8110855793286977,0.5297172463014739,27.787575883605843,,,,,,,,,,,,,,,,,,,,,,,,,,,,,,,,,,,,,,,,,,,,,,,,,,,,,,,,,,,,,,,,,,,,,,,,,,,,,,,,,,,,,,,,,,,,,,,,,,,,,,,,,,,,,,,,,,,,,,,,,,,,,,,,,,,,,,,,,,,,,,,,,,,,,,,,,,,,,,,,,,,,,,,,,,,,,,,,,,,,,,,,,,,,,,,,,,,,,,,,,,,,,,,,,,,,,,
648,PVC,LT,#8,#10,Aromatics,2816.289161392909,1.0931443612405407,1.0686723854883107,50000000,-0.8604896474176078,0.2681430602976647,28.679430778481528,,,,,,,,,,,,,,,,,,,,,,,,,,,,,,,,,,,,,,,,,,,,,,,,,,,,,,,,,,,,,,,,,,,,,,,,,,,,,,,,,,,,,,,,,,,,,,,,,,,,,,,,,,,,,,,,,,,,,,,,,,,,,,,,,,,,,,,,,,,,,,,,,,,,,,,,,,,,,,,,,,,,,,,,,,,,,,,,,,,,,,,,,,,,,,,,,,,,,,,,,,,,,,,,,,,,,,
649,PVC,LT,#8,#11,Aromatics,3060.083584429759,1.1123085868104898,1.1572325170097002,50000000,-0.874261722414289,0.20776809583877118,29.154397820513523,,,,,,,,,,,,,,,,,,,,,,,,,,,,,,,,,,,,,,,,,,,,,,,,,,,,,,,,,,,,,,,,,,,,,,,,,,,,,,,,,,,,,,,,,,,,,,,,,,,,,,,,,,,,,,,,,,,,,,,,,,,,,,,,,,,,,,,,,,,,,,,,,,,,,,,,,,,,,,,,,,,,,,,,,,,,,,,,,,,,,,,,,,,,,,,,,,,,,,,,,,,,,,,,,,,,,,
650,PVC,LT,#9,#1,Aromatics,11989.009044223434,1.1748835228533712,1.8823665683629875,50000000,-0.9727202347856606,-0.4716745868244502,28.74486651423976,,,,,,,,,,,,,,,,,,,,,,,,,,,,,,,,,,,,,,,,,,,,,,,,,,,,,,,,,,,,,,,,,,,,,,,,,,,,,,,,,,,,,,,,,,,,,,,,,,,,,,,,,,,,,,,,,,,,,,,,,,,,,,,,,,,,,,,,,,,,,,,,,,,,,,,,,,,,,,,,,,,,,,,,,,,,,,,,,,,,,,,,,,,,,,,,,,,,,,,,,,,,,,,,,,,,,,
651,PVC,LT,#9,#2,FT_1,12501.60486817317,1.4233981380447414,2.1496042887676947,50000000,-1.0530287366342794,-0.49941710480138896,42.16239579423976,,,,,,,,,,,,,,,,,,,,,,,,,,,,,,,,,,,,,,,,,,,,,,,,,,,,,,,,,,,,,,,,,,,,,,,,,,,,,,,,,,,,,,,,,,,,,,,,,,,,,,,,,,,,,,,,,,,,,,,,,,,,,,,,,,,,,,,,,,,,,,,,,,,,,,,,,,,,,,,,,,,,,,,,,,,,,,,,,,,,,,,,,,,,,,,,,,,,,,,,,,,,,,,,,,,,,,
652,PVC,LT,#9,#3,Aromatics,14886.58437999239,1.1496031551371684,1.1068309460763137,50000000,-0.926282298180307,0.3200702188042356,26.312149232450714,,,,,,,,,,,,,,,,,,,,,,,,,,,,,,,,,,,,,,,,,,,,,,,,,,,,,,,,,,,,,,,,,,,,,,,,,,,,,,,,,,,,,,,,,,,,,,,,,,,,,,,,,,,,,,,,,,,,,,,,,,,,,,,,,,,,,,,,,,,,,,,,,,,,,,,,,,,,,,,,,,,,,,,,,,,,,,,,,,,,,,,,,,,,,,,,,,,,,,,,,,,,,,,,,,,,,,
653,PVC,LT,#9,#4,Aromatics,1921.367795665382,1.2565946676407633,2.4244232935337378,50000000,-1.071464498296292,-1.0908240485880951,35.03649819423976,,,,,,,,,,,,,,,,,,,,,,,,,,,,,,,,,,,,,,,,,,,,,,,,,,,,,,,,,,,,,,,,,,,,,,,,,,,,,,,,,,,,,,,,,,,,,,,,,,,,,,,,,,,,,,,,,,,,,,,,,,,,,,,,,,,,,,,,,,,,,,,,,,,,,,,,,,,,,,,,,,,,,,,,,,,,,,,,,,,,,,,,,,,,,,,,,,,,,,,,,,,,,,,,,,,,,,
654,PVC,LT,#9,#5,FT_1,9133.554467165706,1.3469574776566628,2.354542666324864,50000000,-0.9721466692206624,-0.7124869725133443,37.50037339423975,,,,,,,,,,,,,,,,,,,,,,,,,,,,,,,,,,,,,,,,,,,,,,,,,,,,,,,,,,,,,,,,,,,,,,,,,,,,,,,,,,,,,,,,,,,,,,,,,,,,,,,,,,,,,,,,,,,,,,,,,,,,,,,,,,,,,,,,,,,,,,,,,,,,,,,,,,,,,,,,,,,,,,,,,,,,,,,,,,,,,,,,,,,,,,,,,,,,,,,,,,,,,,,,,,,,,,
655,PVC,LT,#9,#6,Aromatics,1875.5751476068572,1.05577166821183,0.8045864295587245,50000000,-0.8336736819326951,0.5931284869994151,24.10364024178426,,,,,,,,,,,,,,,,,,,,,,,,,,,,,,,,,,,,,,,,,,,,,,,,,,,,,,,,,,,,,,,,,,,,,,,,,,,,,,,,,,,,,,,,,,,,,,,,,,,,,,,,,,,,,,,,,,,,,,,,,,,,,,,,,,,,,,,,,,,,,,,,,,,,,,,,,,,,,,,,,,,,,,,,,,,,,,,,,,,,,,,,,,,,,,,,,,,,,,,,,,,,,,,,,,,,,,
656,PVC,LT,#9,#7,Aromatics,11385.223568102285,1.1327873219561888,1.201317940387765,50000000,-0.9116962606123601,0.20414421980329872,28.267043378481528,,,,,,,,,,,,,,,,,,,,,,,,,,,,,,,,,,,,,,,,,,,,,,,,,,,,,,,,,,,,,,,,,,,,,,,,,,,,,,,,,,,,,,,,,,,,,,,,,,,,,,,,,,,,,,,,,,,,,,,,,,,,,,,,,,,,,,,,,,,,,,,,,,,,,,,,,,,,,,,,,,,,,,,,,,,,,,,,,,,,,,,,,,,,,,,,,,,,,,,,,,,,,,,,,,,,,,
657,PVC,LT,#9,#8,Aromatics,4562.5437562184325,1.174394164084616,1.2774896347641733,50000000,-0.9460399559943565,0.11155773172342077,29.391899684513525,,,,,,,,,,,,,,,,,,,,,,,,,,,,,,,,,,,,,,,,,,,,,,,,,,,,,,,,,,,,,,,,,,,,,,,,,,,,,,,,,,,,,,,,,,,,,,,,,,,,,,,,,,,,,,,,,,,,,,,,,,,,,,,,,,,,,,,,,,,,,,,,,,,,,,,,,,,,,,,,,,,,,,,,,,,,,,,,,,,,,,,,,,,,,,,,,,,,,,,,,,,,,,,,,,,,,,
658,PVC,LT,#9,#9,Aromatics,14500.524146804373,1.1306416415354035,1.172560607009253,50000000,-0.9058772778320627,0.25129128099421205,29.93031472360584,,,,,,,,,,,,,,,,,,,,,,,,,,,,,,,,,,,,,,,,,,,,,,,,,,,,,,,,,,,,,,,,,,,,,,,,,,,,,,,,,,,,,,,,,,,,,,,,,,,,,,,,,,,,,,,,,,,,,,,,,,,,,,,,,,,,,,,,,,,,,,,,,,,,,,,,,,,,,,,,,,,,,,,,,,,,,,,,,,,,,,,,,,,,,,,,,,,,,,,,,,,,,,,,,,,,,,
659,PVC,LT,#9,#10,Aromatics,3096.8239841151753,1.179217049545021,1.3664413703670415,50000000,-0.9552813459209726,-0.01028290500959769,30.822169618481528,,,,,,,,,,,,,,,,,,,,,,,,,,,,,,,,,,,,,,,,,,,,,,,,,,,,,,,,,,,,,,,,,,,,,,,,,,,,,,,,,,,,,,,,,,,,,,,,,,,,,,,,,,,,,,,,,,,,,,,,,,,,,,,,,,,,,,,,,,,,,,,,,,,,,,,,,,,,,,,,,,,,,,,,,,,,,,,,,,,,,,,,,,,,,,,,,,,,,,,,,,,,,,,,,,,,,,
660,PVC,LT,#9,#11,Aromatics,3340.6184071520256,1.19838127511497,1.4550015018884312,50000000,-0.969053420917654,-0.07065786946849137,31.297136660513527,,,,,,,,,,,,,,,,,,,,,,,,,,,,,,,,,,,,,,,,,,,,,,,,,,,,,,,,,,,,,,,,,,,,,,,,,,,,,,,,,,,,,,,,,,,,,,,,,,,,,,,,,,,,,,,,,,,,,,,,,,,,,,,,,,,,,,,,,,,,,,,,,,,,,,,,,,,,,,,,,,,,,,,,,,,,,,,,,,,,,,,,,,,,,,,,,,,,,,,,,,,,,,,,,,,,,,
661,PVC,HT,#1,-,MeOH_1,29013.715480243274,1.0241973922455478,1.688416667701028,50000000,-0.7498695090987854,-0.30172913005385144,35.02551151417986,,,,,,,,,,,,,,,,,,,,,,,,,,,,,,,,,,,,,,,,,,,,,,,,,,,,,,,,,,,,,,,,,,,,,,,,,,,,,,,,,,,,,,,,,,,,,,,,,,,,,,,,,,,,,,,,,,,,,,,,,,,,,,,,,,,,,,,,,,,,,,,,,,,,,,,,,,,,,,,,,,,,,,,,,,,,,,,,,,,,,,,,,,,,,,,,,,,,,,,,,,,,,,,,,,,,,,
662,PVC,HT,#2,-,FT_1,6598.887485133079,1.1020348985548891,1.786987225946631,50000000,-0.8115342521640675,-0.4521197387708023,35.78989345509186,,,,,,,,,,,,,,,,,,,,,,,,,,,,,,,,,,,,,,,,,,,,,,,,,,,,,,,,,,,,,,,,,,,,,,,,,,,,,,,,,,,,,,,,,,,,,,,,,,,,,,,,,,,,,,,,,,,,,,,,,,,,,,,,,,,,,,,,,,,,,,,,,,,,,,,,,,,,,,,,,,,,,,,,,,,,,,,,,,,,,,,,,,,,,,,,,,,,,,,,,,,,,,,,,,,,,,
663,PVC,HT,#3,-,DIESEL_1,48808.48480348472,1.0389550153788265,2.638918376739657,50000000,-0.710084052748566,-1.1412129295230264,35.966950165661586,,,,,,,,,,,,,,,,,,,,,,,,,,,,,,,,,,,,,,,,,,,,,,,,,,,,,,,,,,,,,,,,,,,,,,,,,,,,,,,,,,,,,,,,,,,,,,,,,,,,,,,,,,,,,,,,,,,,,,,,,,,,,,,,,,,,,,,,,,,,,,,,,,,,,,,,,,,,,,,,,,,,,,,,,,,,,,,,,,,,,,,,,,,,,,,,,,,,,,,,,,,,,,,,,,,,,,
664,PVC,HT,#4,-,MeOH_1,3066.66270943046,1.215659730735011,2.764917626100438,50000000,-0.9652442057001946,-1.5571897903116583,49.77494018905987,,,,,,,,,,,,,,,,,,,,,,,,,,,,,,,,,,,,,,,,,,,,,,,,,,,,,,,,,,,,,,,,,,,,,,,,,,,,,,,,,,,,,,,,,,,,,,,,,,,,,,,,,,,,,,,,,,,,,,,,,,,,,,,,,,,,,,,,,,,,,,,,,,,,,,,,,,,,,,,,,,,,,,,,,,,,,,,,,,,,,,,,,,,,,,,,,,,,,,,,,,,,,,,,,,,,,,
665,PVC,HT,#5,-,FT_1,5780.038940225464,1.2803367345189955,2.9472937095386946,50000000,-0.9493370849753451,-1.5528318385413935,49.77300145509186,,,,,,,,,,,,,,,,,,,,,,,,,,,,,,,,,,,,,,,,,,,,,,,,,,,,,,,,,,,,,,,,,,,,,,,,,,,,,,,,,,,,,,,,,,,,,,,,,,,,,,,,,,,,,,,,,,,,,,,,,,,,,,,,,,,,,,,,,,,,,,,,,,,,,,,,,,,,,,,,,,,,,,,,,,,,,,,,,,,,,,,,,,,,,,,,,,,,,,,,,,,,,,,,,,,,,,
666,PVC,HT,#6,-,Olefin,0,0.8610807493486351,0.9300354309496947,50000000,-0.621821393227949,0.3644065323998296,27.314703188434244,,,,,,,,,,,,,,,,,,,,,,,,,,,,,,,,,,,,,,,,,,,,,,,,,,,,,,,,,,,,,,,,,,,,,,,,,,,,,,,,,,,,,,,,,,,,,,,,,,,,,,,,,,,,,,,,,,,,,,,,,,,,,,,,,,,,,,,,,,,,,,,,,,,,,,,,,,,,,,,,,,,,,,,,,,,,,,,,,,,,,,,,,,,,,,,,,,,,,,,,,,,,,,,,,,,,,,
667,PVC,HT,#7,-,MeOH_1,28992.827235059747,0.9763047415967421,2.007440342081226,50000000,-0.6815791184289824,-0.6208247211463612,33.75222870009637,,,,,,,,,,,,,,,,,,,,,,,,,,,,,,,,,,,,,,,,,,,,,,,,,,,,,,,,,,,,,,,,,,,,,,,,,,,,,,,,,,,,,,,,,,,,,,,,,,,,,,,,,,,,,,,,,,,,,,,,,,,,,,,,,,,,,,,,,,,,,,,,,,,,,,,,,,,,,,,,,,,,,,,,,,,,,,,,,,,,,,,,,,,,,,,,,,,,,,,,,,,,,,,,,,,,,,
668,PVC,HT,#8,-,DIESEL_1,22541.87267558471,1.0649511035259442,2.190288902687999,50000000,-0.7550623994300713,-0.7741974104408109,36.31719604612837,,,,,,,,,,,,,,,,,,,,,,,,,,,,,,,,,,,,,,,,,,,,,,,,,,,,,,,,,,,,,,,,,,,,,,,,,,,,,,,,,,,,,,,,,,,,,,,,,,,,,,,,,,,,,,,,,,,,,,,,,,,,,,,,,,,,,,,,,,,,,,,,,,,,,,,,,,,,,,,,,,,,,,,,,,,,,,,,,,,,,,,,,,,,,,,,,,,,,,,,,,,,,,,,,,,,,,
669,PVC,HT,#9,-,DIESEL_1,50592.11288675384,0.9812582575358297,1.3505852995980459,50000000,-0.6864288528962688,0.16120804221140161,32.74460344552127,,,,,,,,,,,,,,,,,,,,,,,,,,,,,,,,,,,,,,,,,,,,,,,,,,,,,,,,,,,,,,,,,,,,,,,,,,,,,,,,,,,,,,,,,,,,,,,,,,,,,,,,,,,,,,,,,,,,,,,,,,,,,,,,,,,,,,,,,,,,,,,,,,,,,,,,,,,,,,,,,,,,,,,,,,,,,,,,,,,,,,,,,,,,,,,,,,,,,,,,,,,,,,,,,,,,,,
670,PVC,HT,#10,-,MeOH_1,16950.327666106932,1.1150826044919775,2.7051140144805683,50000000,-0.8161205517166229,-1.389279258711871,42.84393958009637,,,,,,,,,,,,,,,,,,,,,,,,,,,,,,,,,,,,,,,,,,,,,,,,,,,,,,,,,,,,,,,,,,,,,,,,,,,,,,,,,,,,,,,,,,,,,,,,,,,,,,,,,,,,,,,,,,,,,,,,,,,,,,,,,,,,,,,,,,,,,,,,,,,,,,,,,,,,,,,,,,,,,,,,,,,,,,,,,,,,,,,,,,,,,,,,,,,,,,,,,,,,,,,,,,,,,,
671,PVC,HT,#11,-,DIESEL_1,21539.098238503662,1.1980707679979783,3.0613238264513236,50000000,-0.8878697836589218,-1.648168733367443,45.84450820612837,,,,,,,,,,,,,,,,,,,,,,,,,,,,,,,,,,,,,,,,,,,,,,,,,,,,,,,,,,,,,,,,,,,,,,,,,,,,,,,,,,,,,,,,,,,,,,,,,,,,,,,,,,,,,,,,,,,,,,,,,,,,,,,,,,,,,,,,,,,,,,,,,,,,,,,,,,,,,,,,,,,,,,,,,,,,,,,,,,,,,,,,,,,,,,,,,,,,,,,,,,,,,,,,,,,,,,
672,PVC,LT,#1,-,MeOH_1,26733.312455033225,0.9839342895698003,2.2696365925640265,50000000,-0.6953923423478641,-0.8760306382911658,34.717649749932434,,,,,,,,,,,,,,,,,,,,,,,,,,,,,,,,,,,,,,,,,,,,,,,,,,,,,,,,,,,,,,,,,,,,,,,,,,,,,,,,,,,,,,,,,,,,,,,,,,,,,,,,,,,,,,,,,,,,,,,,,,,,,,,,,,,,,,,,,,,,,,,,,,,,,,,,,,,,,,,,,,,,,,,,,,,,,,,,,,,,,,,,,,,,,,,,,,,,,,,,,,,,,,,,,,,,,,
673,PVC,LT,#2,-,FT_1,3853.5184814340987,1.050914087867324,2.247266606538354,50000000,-0.7407959184594557,-0.8915482301960811,35.00101265084444,,,,,,,,,,,,,,,,,,,,,,,,,,,,,,,,,,,,,,,,,,,,,,,,,,,,,,,,,,,,,,,,,,,,,,,,,,,,,,,,,,,,,,,,,,,,,,,,,,,,,,,,,,,,,,,,,,,,,,,,,,,,,,,,,,,,,,,,,,,,,,,,,,,,,,,,,,,,,,,,,,,,,,,,,,,,,,,,,,,,,,,,,,,,,,,,,,,,,,,,,,,,,,,,,,,,,,
674,PVC,LT,#3,-,GASOLINE_1,50672.9073714072,0.9897734275638843,1.632418885409301,50000000,-0.6879250954504004,-0.10597401605138392,34.42105558215578,,,,,,,,,,,,,,,,,,,,,,,,,,,,,,,,,,,,,,,,,,,,,,,,,,,,,,,,,,,,,,,,,,,,,,,,,,,,,,,,,,,,,,,,,,,,,,,,,,,,,,,,,,,,,,,,,,,,,,,,,,,,,,,,,,,,,,,,,,,,,,,,,,,,,,,,,,,,,,,,,,,,,,,,,,,,,,,,,,,,,,,,,,,,,,,,,,,,,,,,,,,,,,,,,,,,,,
675,PVC,LT,#4,-,MeOH_1,4466.467667487442,1.192368148065976,3.18610147138191,50000000,-0.8677091645928797,-1.9094750115850907,52.57451826481245,,,,,,,,,,,,,,,,,,,,,,,,,,,,,,,,,,,,,,,,,,,,,,,,,,,,,,,,,,,,,,,,,,,,,,,,,,,,,,,,,,,,,,,,,,,,,,,,,,,,,,,,,,,,,,,,,,,,,,,,,,,,,,,,,,,,,,,,,,,,,,,,,,,,,,,,,,,,,,,,,,,,,,,,,,,,,,,,,,,,,,,,,,,,,,,,,,,,,,,,,,,,,,,,,,,,,,
676,PVC,LT,#5,-,FT_1,4178.477429338846,1.2486841115895504,3.51799560127464,50000000,-0.8712044954008433,-2.068584203977796,52.47419665084444,,,,,,,,,,,,,,,,,,,,,,,,,,,,,,,,,,,,,,,,,,,,,,,,,,,,,,,,,,,,,,,,,,,,,,,,,,,,,,,,,,,,,,,,,,,,,,,,,,,,,,,,,,,,,,,,,,,,,,,,,,,,,,,,,,,,,,,,,,,,,,,,,,,,,,,,,,,,,,,,,,,,,,,,,,,,,,,,,,,,,,,,,,,,,,,,,,,,,,,,,,,,,,,,,,,,,,
677,PVC,LT,#6,-,Olefin,0,0.8446114173676279,0.8738956303762108,50000000,-0.5746962642448435,0.4878849720008595,27.388471762067198,,,,,,,,,,,,,,,,,,,,,,,,,,,,,,,,,,,,,,,,,,,,,,,,,,,,,,,,,,,,,,,,,,,,,,,,,,,,,,,,,,,,,,,,,,,,,,,,,,,,,,,,,,,,,,,,,,,,,,,,,,,,,,,,,,,,,,,,,,,,,,,,,,,,,,,,,,,,,,,,,,,,,,,,,,,,,,,,,,,,,,,,,,,,,,,,,,,,,,,,,,,,,,,,,,,,,,
678,PVC,LT,#7,-,MeOH_1,30859.2529092948,0.9683114671208295,1.711885564383401,50000000,-0.6593940370889573,-0.2938413827057834,35.581186856525285,,,,,,,,,,,,,,,,,,,,,,,,,,,,,,,,,,,,,,,,,,,,,,,,,,,,,,,,,,,,,,,,,,,,,,,,,,,,,,,,,,,,,,,,,,,,,,,,,,,,,,,,,,,,,,,,,,,,,,,,,,,,,,,,,,,,,,,,,,,,,,,,,,,,,,,,,,,,,,,,,,,,,,,,,,,,,,,,,,,,,,,,,,,,,,,,,,,,,,,,,,,,,,,,,,,,,,
679,PVC,LT,#8,-,GASOLINE_1,15980.556254340283,1.0636632499581173,1.8889751583495349,50000000,-0.7318991307894762,-0.4685286911332118,37.80574860255728,,,,,,,,,,,,,,,,,,,,,,,,,,,,,,,,,,,,,,,,,,,,,,,,,,,,,,,,,,,,,,,,,,,,,,,,,,,,,,,,,,,,,,,,,,,,,,,,,,,,,,,,,,,,,,,,,,,,,,,,,,,,,,,,,,,,,,,,,,,,,,,,,,,,,,,,,,,,,,,,,,,,,,,,,,,,,,,,,,,,,,,,,,,,,,,,,,,,,,,,,,,,,,,,,,,,,,
680,PVC,LT,#9,-,GASOLINE_1,52994.26206186222,0.9776828908971085,1.4778078318672243,50000000,-0.6668945404700083,0.06697213800768584,34.84848415068449,,,,,,,,,,,,,,,,,,,,,,,,,,,,,,,,,,,,,,,,,,,,,,,,,,,,,,,,,,,,,,,,,,,,,,,,,,,,,,,,,,,,,,,,,,,,,,,,,,,,,,,,,,,,,,,,,,,,,,,,,,,,,,,,,,,,,,,,,,,,,,,,,,,,,,,,,,,,,,,,,,,,,,,,,,,,,,,,,,,,,,,,,,,,,,,,,,,,,,,,,,,,,,,,,,,,,,
681,PVC,LT,#10,-,MeOH_1,10923.355460222687,1.096345416076914,2.451661112183481,50000000,-0.7816502893515491,-1.1528265947515401,45.53482013652529,,,,,,,,,,,,,,,,,,,,,,,,,,,,,,,,,,,,,,,,,,,,,,,,,,,,,,,,,,,,,,,,,,,,,,,,,,,,,,,,,,,,,,,,,,,,,,,,,,,,,,,,,,,,,,,,,,,,,,,,,,,,,,,,,,,,,,,,,,,,,,,,,,,,,,,,,,,,,,,,,,,,,,,,,,,,,,,,,,,,,,,,,,,,,,,,,,,,,,,,,,,,,,,,,,,,,,
682,PVC,LT,#11,-,FT_1,13876.491598181901,1.1654809837935587,2.82340697999293,50000000,-0.8321556956832074,-1.410567555154624,47.54268988255729,,,,,,,,,,,,,,,,,,,,,,,,,,,,,,,,,,,,,,,,,,,,,,,,,,,,,,,,,,,,,,,,,,,,,,,,,,,,,,,,,,,,,,,,,,,,,,,,,,,,,,,,,,,,,,,,,,,,,,,,,,,,,,,,,,,,,,,,,,,,,,,,,,,,,,,,,,,,,,,,,,,,,,,,,,,,,,,,,,,,,,,,,,,,,,,,,,,,,,,,,,,,,,,,,,,,,,
683,PVC,SG,#1,-,MeOH_1,13746.648735749859,0.8130556349889462,1.8806268638335246,50000000,-0.5086315112412019,-0.5731524927330786,31.44165865493168,,,,,,,,,,,,,,,,,,,,,,,,,,,,,,,,,,,,,,,,,,,,,,,,,,,,,,,,,,,,,,,,,,,,,,,,,,,,,,,,,,,,,,,,,,,,,,,,,,,,,,,,,,,,,,,,,,,,,,,,,,,,,,,,,,,,,,,,,,,,,,,,,,,,,,,,,,,,,,,,,,,,,,,,,,,,,,,,,,,,,,,,,,,,,,,,,,,,,,,,,,,,,,,,,,,,,,
684,PVC,SG,#2,-,FT_1,6406.317983587559,0.9317934100247938,2.1451503750468333,50000000,-0.5170436571882673,-0.5381051955599024,32.15640649493168,,,,,,,,,,,,,,,,,,,,,,,,,,,,,,,,,,,,,,,,,,,,,,,,,,,,,,,,,,,,,,,,,,,,,,,,,,,,,,,,,,,,,,,,,,,,,,,,,,,,,,,,,,,,,,,,,,,,,,,,,,,,,,,,,,,,,,,,,,,,,,,,,,,,,,,,,,,,,,,,,,,,,,,,,,,,,,,,,,,,,,,,,,,,,,,,,,,,,,,,,,,,,,,,,,,,,,
685,PVC,SG,#3,-,H2_1,106939.76040070098,0.8090955107565712,2.216968181138067,50000000,-0.5175320164005148,-0.3744079390301937,33.54006506455463,,,,,,,,,,,,,,,,,,,,,,,,,,,,,,,,,,,,,,,,,,,,,,,,,,,,,,,,,,,,,,,,,,,,,,,,,,,,,,,,,,,,,,,,,,,,,,,,,,,,,,,,,,,,,,,,,,,,,,,,,,,,,,,,,,,,,,,,,,,,,,,,,,,,,,,,,,,,,,,,,,,,,,,,,,,,,,,,,,,,,,,,,,,,,,,,,,,,,,,,,,,,,,,,,,,,,,
686,PVC,SG,#4,-,MeOH_1,10689.322367075512,1.0190267211146011,3.844835972933493,50000000,-0.713483674834336,-2.557844540377194,52.363769054931666,,,,,,,,,,,,,,,,,,,,,,,,,,,,,,,,,,,,,,,,,,,,,,,,,,,,,,,,,,,,,,,,,,,,,,,,,,,,,,,,,,,,,,,,,,,,,,,,,,,,,,,,,,,,,,,,,,,,,,,,,,,,,,,,,,,,,,,,,,,,,,,,,,,,,,,,,,,,,,,,,,,,,,,,,,,,,,,,,,,,,,,,,,,,,,,,,,,,,,,,,,,,,,,,,,,,,,
687,PVC,SG,#5,-,FT_1,5850.613020188687,1.136632347848302,4.131610273211943,50000000,-0.7225708894307241,-2.5277639649355628,53.27796265493168,,,,,,,,,,,,,,,,,,,,,,,,,,,,,,,,,,,,,,,,,,,,,,,,,,,,,,,,,,,,,,,,,,,,,,,,,,,,,,,,,,,,,,,,,,,,,,,,,,,,,,,,,,,,,,,,,,,,,,,,,,,,,,,,,,,,,,,,,,,,,,,,,,,,,,,,,,,,,,,,,,,,,,,,,,,,,,,,,,,,,,,,,,,,,,,,,,,,,,,,,,,,,,,,,,,,,,
688,PVC,SG,#6,-,MeOH_1,12768.920390899879,0.825056139859571,1.8249573411986366,50000000,-0.4957179254857377,-0.5146891835432288,34.98731006139432,,,,,,,,,,,,,,,,,,,,,,,,,,,,,,,,,,,,,,,,,,,,,,,,,,,,,,,,,,,,,,,,,,,,,,,,,,,,,,,,,,,,,,,,,,,,,,,,,,,,,,,,,,,,,,,,,,,,,,,,,,,,,,,,,,,,,,,,,,,,,,,,,,,,,,,,,,,,,,,,,,,,,,,,,,,,,,,,,,,,,,,,,,,,,,,,,,,,,,,,,,,,,,,,,,,,,,
689,PVC,SG,#7,-,FT_1,17019.701523688713,0.946311919079227,2.376028746652511,50000000,-0.553194420452923,-0.7704335604624438,37.35357420742632,,,,,,,,,,,,,,,,,,,,,,,,,,,,,,,,,,,,,,,,,,,,,,,,,,,,,,,,,,,,,,,,,,,,,,,,,,,,,,,,,,,,,,,,,,,,,,,,,,,,,,,,,,,,,,,,,,,,,,,,,,,,,,,,,,,,,,,,,,,,,,,,,,,,,,,,,,,,,,,,,,,,,,,,,,,,,,,,,,,,,,,,,,,,,,,,,,,,,,,,,,,,,,,,,,,,,,
690,PVC,SG,#8,-,H2_1,108464.68600761429,0.84340413324775,2.510215620857096,50000000,-0.5409338372179048,-0.6556108323476505,38.894403423204714,,,,,,,,,,,,,,,,,,,,,,,,,,,,,,,,,,,,,,,,,,,,,,,,,,,,,,,,,,,,,,,,,,,,,,,,,,,,,,,,,,,,,,,,,,,,,,,,,,,,,,,,,,,,,,,,,,,,,,,,,,,,,,,,,,,,,,,,,,,,,,,,,,,,,,,,,,,,,,,,,,,,,,,,,,,,,,,,,,,,,,,,,,,,,,,,,,,,,,,,,,,,,,,,,,,,,,
691,PVC,SG,#9,-,MeOH_1,12769.617819526895,1.0105045259583656,3.893391146028051,50000000,-0.681165310657613,-2.5831167726883684,56.79891774139432,,,,,,,,,,,,,,,,,,,,,,,,,,,,,,,,,,,,,,,,,,,,,,,,,,,,,,,,,,,,,,,,,,,,,,,,,,,,,,,,,,,,,,,,,,,,,,,,,,,,,,,,,,,,,,,,,,,,,,,,,,,,,,,,,,,,,,,,,,,,,,,,,,,,,,,,,,,,,,,,,,,,,,,,,,,,,,,,,,,,,,,,,,,,,,,,,,,,,,,,,,,,,,,,,,,,,,
692,PVC,SG,#10,-,FT_1,17446.32755462353,1.1288064881261162,4.466610182465974,50000000,-0.735291567792512,-2.8586838187754644,59.29079740742632,,,,,,,,,,,,,,,,,,,,,,,,,,,,,,,,,,,,,,,,,,,,,,,,,,,,,,,,,,,,,,,,,,,,,,,,,,,,,,,,,,,,,,,,,,,,,,,,,,,,,,,,,,,,,,,,,,,,,,,,,,,,,,,,,,,,,,,,,,,,,,,,,,,,,,,,,,,,,,,,,,,,,,,,,,,,,,,,,,,,,,,,,,,,,,,,,,,,,,,,,,,,,,,,,,,,,,
693,PVC,OG,#1,-,MeOH_1,3117.750831681755,0.7480289793849286,1.3813738714383186,50000000,-0.6379155895785052,-0.29427960097751454,18.613416900078747,,,,,,,,,,,,,,,,,,,,,,,,,,,,,,,,,,,,,,,,,,,,,,,,,,,,,,,,,,,,,,,,,,,,,,,,,,,,,,,,,,,,,,,,,,,,,,,,,,,,,,,,,,,,,,,,,,,,,,,,,,,,,,,,,,,,,,,,,,,,,,,,,,,,,,,,,,,,,,,,,,,,,,,,,,,,,,,,,,,,,,,,,,,,,,,,,,,,,,,,,,,,,,,,,,,,,,
694,PVC,OG,#2,-,FT_1,5928.478603734882,1.0813355198935235,1.5731123734529633,50000000,-0.6635478045898623,0.034474138007640986,34.18456922007874,,,,,,,,,,,,,,,,,,,,,,,,,,,,,,,,,,,,,,,,,,,,,,,,,,,,,,,,,,,,,,,,,,,,,,,,,,,,,,,,,,,,,,,,,,,,,,,,,,,,,,,,,,,,,,,,,,,,,,,,,,,,,,,,,,,,,,,,,,,,,,,,,,,,,,,,,,,,,,,,,,,,,,,,,,,,,,,,,,,,,,,,,,,,,,,,,,,,,,,,,,,,,,,,,,,,,,
695,PVC,OG,#3,-,H2_1,45571.87472408358,0.770293023574942,1.0572215858264429,50000000,-0.6225026943496607,0.3006275705422804,23.556914238371533,,,,,,,,,,,,,,,,,,,,,,,,,,,,,,,,,,,,,,,,,,,,,,,,,,,,,,,,,,,,,,,,,,,,,,,,,,,,,,,,,,,,,,,,,,,,,,,,,,,,,,,,,,,,,,,,,,,,,,,,,,,,,,,,,,,,,,,,,,,,,,,,,,,,,,,,,,,,,,,,,,,,,,,,,,,,,,,,,,,,,,,,,,,,,,,,,,,,,,,,,,,,,,,,,,,,,,
696,PVC,OG,#4,-,MeOH_1,2847.8409594948125,0.8888924431171267,2.497964676258821,50000000,-0.7875945665060047,-1.4194598698150867,30.88100922007874,,,,,,,,,,,,,,,,,,,,,,,,,,,,,,,,,,,,,,,,,,,,,,,,,,,,,,,,,,,,,,,,,,,,,,,,,,,,,,,,,,,,,,,,,,,,,,,,,,,,,,,,,,,,,,,,,,,,,,,,,,,,,,,,,,,,,,,,,,,,,,,,,,,,,,,,,,,,,,,,,,,,,,,,,,,,,,,,,,,,,,,,,,,,,,,,,,,,,,,,,,,,,,,,,,,,,,
697,PVC,OG,#5,-,FT_1,23475.089507492903,1.3889585900204673,4.035829720438596,50000000,-0.9485466413859641,-2.3165069036421615,63.03540074007874,,,,,,,,,,,,,,,,,,,,,,,,,,,,,,,,,,,,,,,,,,,,,,,,,,,,,,,,,,,,,,,,,,,,,,,,,,,,,,,,,,,,,,,,,,,,,,,,,,,,,,,,,,,,,,,,,,,,,,,,,,,,,,,,,,,,,,,,,,,,,,,,,,,,,,,,,,,,,,,,,,,,,,,,,,,,,,,,,,,,,,,,,,,,,,,,,,,,,,,,,,,,,,,,,,,,,,
698,PVC,OG,#6,-,MeOH_1,2642.988428554986,0.7437165411959398,0.8107699049045326,50000000,-0.5908583029414088,0.299151319952829,19.950742104113978,,,,,,,,,,,,,,,,,,,,,,,,,,,,,,,,,,,,,,,,,,,,,,,,,,,,,,,,,,,,,,,,,,,,,,,,,,,,,,,,,,,,,,,,,,,,,,,,,,,,,,,,,,,,,,,,,,,,,,,,,,,,,,,,,,,,,,,,,,,,,,,,,,,,,,,,,,,,,,,,,,,,,,,,,,,,,,,,,,,,,,,,,,,,,,,,,,,,,,,,,,,,,,,,,,,,,,
699,PVC,OG,#7,-,FT_1,9022.5063913644,0.942692499883919,1.1364751347160191,50000000,-0.6526906003616392,0.2827355423239243,28.94746530411398,,,,,,,,,,,,,,,,,,,,,,,,,,,,,,,,,,,,,,,,,,,,,,,,,,,,,,,,,,,,,,,,,,,,,,,,,,,,,,,,,,,,,,,,,,,,,,,,,,,,,,,,,,,,,,,,,,,,,,,,,,,,,,,,,,,,,,,,,,,,,,,,,,,,,,,,,,,,,,,,,,,,,,,,,,,,,,,,,,,,,,,,,,,,,,,,,,,,,,,,,,,,,,,,,,,,,,
700,PVC,OG,#8,-,H2_1,48444.60424944502,0.7744025705697206,1.0210180681126837,50000000,-0.6152068665706361,0.3595211945212359,24.934495810327896,,,,,,,,,,,,,,,,,,,,,,,,,,,,,,,,,,,,,,,,,,,,,,,,,,,,,,,,,,,,,,,,,,,,,,,,,,,,,,,,,,,,,,,,,,,,,,,,,,,,,,,,,,,,,,,,,,,,,,,,,,,,,,,,,,,,,,,,,,,,,,,,,,,,,,,,,,,,,,,,,,,,,,,,,,,,,,,,,,,,,,,,,,,,,,,,,,,,,,,,,,,,,,,,,,,,,,
701,PVC,OG,#9,-,MeOH_1,2335.4419239297326,0.8434204202688512,2.0722990206266125,50000000,-0.6993971369464744,-0.9714624119765926,30.72029341611398,,,,,,,,,,,,,,,,,,,,,,,,,,,,,,,,,,,,,,,,,,,,,,,,,,,,,,,,,,,,,,,,,,,,,,,,,,,,,,,,,,,,,,,,,,,,,,,,,,,,,,,,,,,,,,,,,,,,,,,,,,,,,,,,,,,,,,,,,,,,,,,,,,,,,,,,,,,,,,,,,,,,,,,,,,,,,,,,,,,,,,,,,,,,,,,,,,,,,,,,,,,,,,,,,,,,,,
702,PVC,OG,#10,-,FT_1,15442.387296408764,1.0677341133095917,2.3124186033872736,50000000,-0.7644786808644234,-0.8467486557081384,42.04710498411397,,,,,,,,,,,,,,,,,,,,,,,,,,,,,,,,,,,,,,,,,,,,,,,,,,,,,,,,,,,,,,,,,,,,,,,,,,,,,,,,,,,,,,,,,,,,,,,,,,,,,,,,,,,,,,,,,,,,,,,,,,,,,,,,,,,,,,,,,,,,,,,,,,,,,,,,,,,,,,,,,,,,,,,,,,,,,,,,,,,,,,,,,,,,,,,,,,,,,,,,,,,,,,,,,,,,,,
703,PS,HT,#1,-,GASOLINE_1,0,1.2021061966308897,1.531773900195635,50000000,-0.3237789319462513,1.7024303958992903,65.88056956652426,,,,,,,,,,,,,,,,,,,,,,,,,,,,,,,,,,,,,,,,,,,,,,,,,,,,,,,,,,,,,,,,,,,,,,,,,,,,,,,,,,,,,,,,,,,,,,,,,,,,,,,,,,,,,,,,,,,,,,,,,,,,,,,,,,,,,,,,,,,,,,,,,,,,,,,,,,,,,,,,,,,,,,,,,,,,,,,,,,,,,,,,,,,,,,,,,,,,,,,,,,,,,,,,,,,,,,
704,PS,HT,#2,-,GASOLINE_1,4279.228926762134,1.2734598715432737,2.1555991557421024,50000000,-0.5256024972721259,1.3075621132826052,71.74702843105656,,,,,,,,,,,,,,,,,,,,,,,,,,,,,,,,,,,,,,,,,,,,,,,,,,,,,,,,,,,,,,,,,,,,,,,,,,,,,,,,,,,,,,,,,,,,,,,,,,,,,,,,,,,,,,,,,,,,,,,,,,,,,,,,,,,,,,,,,,,,,,,,,,,,,,,,,,,,,,,,,,,,,,,,,,,,,,,,,,,,,,,,,,,,,,,,,,,,,,,,,,,,,,,,,,,,,,
705,PS,HT,#3,-,GASOLINE_1,36102.44587842954,1.386746493961831,3.0183577885802566,50000000,-0.5778541429983551,0.3616534762778124,80.5314148825701,,,,,,,,,,,,,,,,,,,,,,,,,,,,,,,,,,,,,,,,,,,,,,,,,,,,,,,,,,,,,,,,,,,,,,,,,,,,,,,,,,,,,,,,,,,,,,,,,,,,,,,,,,,,,,,,,,,,,,,,,,,,,,,,,,,,,,,,,,,,,,,,,,,,,,,,,,,,,,,,,,,,,,,,,,,,,,,,,,,,,,,,,,,,,,,,,,,,,,,,,,,,,,,,,,,,,,
706,PS,HT,#4,-,GASOLINE_1,26776.026927478364,1.4631026688982314,3.3535542974827863,50000000,-0.6143298313751399,0.13256874806945293,83.45958622860212,,,,,,,,,,,,,,,,,,,,,,,,,,,,,,,,,,,,,,,,,,,,,,,,,,,,,,,,,,,,,,,,,,,,,,,,,,,,,,,,,,,,,,,,,,,,,,,,,,,,,,,,,,,,,,,,,,,,,,,,,,,,,,,,,,,,,,,,,,,,,,,,,,,,,,,,,,,,,,,,,,,,,,,,,,,,,,,,,,,,,,,,,,,,,,,,,,,,,,,,,,,,,,,,,,,,,,
707,PS,HT,#5,-,GASOLINE_1,85680.0918477412,1.4064354886872714,2.9266793304267535,50000000,-0.6056888475280526,0.7339903301282361,79.68754681878802,,,,,,,,,,,,,,,,,,,,,,,,,,,,,,,,,,,,,,,,,,,,,,,,,,,,,,,,,,,,,,,,,,,,,,,,,,,,,,,,,,,,,,,,,,,,,,,,,,,,,,,,,,,,,,,,,,,,,,,,,,,,,,,,,,,,,,,,,,,,,,,,,,,,,,,,,,,,,,,,,,,,,,,,,,,,,,,,,,,,,,,,,,,,,,,,,,,,,,,,,,,,,,,,,,,,,,
708,PS,HT,#6,-,MeOH_1,18593.034190077975,1.5702443831088198,4.3787941115299915,50000000,-0.7541795224715535,-1.102727133336735,97.0778404825701,,,,,,,,,,,,,,,,,,,,,,,,,,,,,,,,,,,,,,,,,,,,,,,,,,,,,,,,,,,,,,,,,,,,,,,,,,,,,,,,,,,,,,,,,,,,,,,,,,,,,,,,,,,,,,,,,,,,,,,,,,,,,,,,,,,,,,,,,,,,,,,,,,,,,,,,,,,,,,,,,,,,,,,,,,,,,,,,,,,,,,,,,,,,,,,,,,,,,,,,,,,,,,,,,,,,,,
709,PS,HT,#7,-,GASOLINE_1,25289.74453628219,1.6641393184974445,5.030281051811022,50000000,-0.8137958096900405,-1.5488956265024898,100.72848894860215,,,,,,,,,,,,,,,,,,,,,,,,,,,,,,,,,,,,,,,,,,,,,,,,,,,,,,,,,,,,,,,,,,,,,,,,,,,,,,,,,,,,,,,,,,,,,,,,,,,,,,,,,,,,,,,,,,,,,,,,,,,,,,,,,,,,,,,,,,,,,,,,,,,,,,,,,,,,,,,,,,,,,,,,,,,,,,,,,,,,,,,,,,,,,,,,,,,,,,,,,,,,,,,,,,,,,,
710,PS,HT,#8,-,Aromatics,0,1.1815353458471896,1.0924503298271817,50000000,-0.6778539094388459,2.3390982530782036,55.65288202818166,,,,,,,,,,,,,,,,,,,,,,,,,,,,,,,,,,,,,,,,,,,,,,,,,,,,,,,,,,,,,,,,,,,,,,,,,,,,,,,,,,,,,,,,,,,,,,,,,,,,,,,,,,,,,,,,,,,,,,,,,,,,,,,,,,,,,,,,,,,,,,,,,,,,,,,,,,,,,,,,,,,,,,,,,,,,,,,,,,,,,,,,,,,,,,,,,,,,,,,,,,,,,,,,,,,,,,
711,PS,HT,#9,-,Aromatics,645.6432256267498,1.2675728925133056,1.494936192884302,50000000,-0.7722659498911728,1.977565828986106,57.79364694794164,,,,,,,,,,,,,,,,,,,,,,,,,,,,,,,,,,,,,,,,,,,,,,,,,,,,,,,,,,,,,,,,,,,,,,,,,,,,,,,,,,,,,,,,,,,,,,,,,,,,,,,,,,,,,,,,,,,,,,,,,,,,,,,,,,,,,,,,,,,,,,,,,,,,,,,,,,,,,,,,,,,,,,,,,,,,,,,,,,,,,,,,,,,,,,,,,,,,,,,,,,,,,,,,,,,,,,
712,PS,LT,#1,-,GASOLINE_1,0,1.2127525654396487,1.476590091714593,50000000,-0.32328945075408355,1.7596327074647606,65.44101526225894,,,,,,,,,,,,,,,,,,,,,,,,,,,,,,,,,,,,,,,,,,,,,,,,,,,,,,,,,,,,,,,,,,,,,,,,,,,,,,,,,,,,,,,,,,,,,,,,,,,,,,,,,,,,,,,,,,,,,,,,,,,,,,,,,,,,,,,,,,,,,,,,,,,,,,,,,,,,,,,,,,,,,,,,,,,,,,,,,,,,,,,,,,,,,,,,,,,,,,,,,,,,,,,,,,,,,,
713,PS,LT,#2,-,GASOLINE_1,4488.18581924153,1.2727295407993298,2.0322511628359154,50000000,-0.42968598116353435,1.547366474614761,71.14678184017563,,,,,,,,,,,,,,,,,,,,,,,,,,,,,,,,,,,,,,,,,,,,,,,,,,,,,,,,,,,,,,,,,,,,,,,,,,,,,,,,,,,,,,,,,,,,,,,,,,,,,,,,,,,,,,,,,,,,,,,,,,,,,,,,,,,,,,,,,,,,,,,,,,,,,,,,,,,,,,,,,,,,,,,,,,,,,,,,,,,,,,,,,,,,,,,,,,,,,,,,,,,,,,,,,,,,,,
714,PS,LT,#3,-,GASOLINE_1,43732.4544551675,1.417492316313971,3.1065062442657427,50000000,-0.5598849053308376,0.3455065200451031,81.59498231407154,,,,,,,,,,,,,,,,,,,,,,,,,,,,,,,,,,,,,,,,,,,,,,,,,,,,,,,,,,,,,,,,,,,,,,,,,,,,,,,,,,,,,,,,,,,,,,,,,,,,,,,,,,,,,,,,,,,,,,,,,,,,,,,,,,,,,,,,,,,,,,,,,,,,,,,,,,,,,,,,,,,,,,,,,,,,,,,,,,,,,,,,,,,,,,,,,,,,,,,,,,,,,,,,,,,,,,
715,PS,LT,#4,-,GASOLINE_1,27823.435458620013,1.5017135929469525,3.405850334794448,50000000,-0.603174563468297,0.11058322721950799,84.65115894010356,,,,,,,,,,,,,,,,,,,,,,,,,,,,,,,,,,,,,,,,,,,,,,,,,,,,,,,,,,,,,,,,,,,,,,,,,,,,,,,,,,,,,,,,,,,,,,,,,,,,,,,,,,,,,,,,,,,,,,,,,,,,,,,,,,,,,,,,,,,,,,,,,,,,,,,,,,,,,,,,,,,,,,,,,,,,,,,,,,,,,,,,,,,,,,,,,,,,,,,,,,,,,,,,,,,,,,
716,PS,LT,#5,-,GASOLINE_1,88357.67798831231,1.42632411471407,2.8691938242991055,50000000,-0.5712156000156491,0.8366707180741647,80.2261188692664,,,,,,,,,,,,,,,,,,,,,,,,,,,,,,,,,,,,,,,,,,,,,,,,,,,,,,,,,,,,,,,,,,,,,,,,,,,,,,,,,,,,,,,,,,,,,,,,,,,,,,,,,,,,,,,,,,,,,,,,,,,,,,,,,,,,,,,,,,,,,,,,,,,,,,,,,,,,,,,,,,,,,,,,,,,,,,,,,,,,,,,,,,,,,,,,,,,,,,,,,,,,,,,,,,,,,,
717,PS,LT,#6,-,MeOH_1,19209.4661869175,1.5983797042156624,4.409362332386946,50000000,-0.7313961101666246,-1.10296182573769,98.21219735407153,,,,,,,,,,,,,,,,,,,,,,,,,,,,,,,,,,,,,,,,,,,,,,,,,,,,,,,,,,,,,,,,,,,,,,,,,,,,,,,,,,,,,,,,,,,,,,,,,,,,,,,,,,,,,,,,,,,,,,,,,,,,,,,,,,,,,,,,,,,,,,,,,,,,,,,,,,,,,,,,,,,,,,,,,,,,,,,,,,,,,,,,,,,,,,,,,,,,,,,,,,,,,,,,,,,,,,
718,PS,LT,#7,-,GASOLINE_1,25563.816028417445,1.6936237299338934,5.074106606103976,50000000,-0.7940794201815078,-1.5653501207885119,101.90351126010357,,,,,,,,,,,,,,,,,,,,,,,,,,,,,,,,,,,,,,,,,,,,,,,,,,,,,,,,,,,,,,,,,,,,,,,,,,,,,,,,,,,,,,,,,,,,,,,,,,,,,,,,,,,,,,,,,,,,,,,,,,,,,,,,,,,,,,,,,,,,,,,,,,,,,,,,,,,,,,,,,,,,,,,,,,,,,,,,,,,,,,,,,,,,,,,,,,,,,,,,,,,,,,,,,,,,,,
719,PS,LT,#8,-,Aromatics,0,1.0849279766098467,0.9893069664883944,50000000,-0.2576971900497425,2.9708031849057353,53.84353192850068,,,,,,,,,,,,,,,,,,,,,,,,,,,,,,,,,,,,,,,,,,,,,,,,,,,,,,,,,,,,,,,,,,,,,,,,,,,,,,,,,,,,,,,,,,,,,,,,,,,,,,,,,,,,,,,,,,,,,,,,,,,,,,,,,,,,,,,,,,,,,,,,,,,,,,,,,,,,,,,,,,,,,,,,,,,,,,,,,,,,,,,,,,,,,,,,,,,,,,,,,,,,,,,,,,,,,,
720,PS,LT,#9,-,Aromatics,1454.4161958472866,1.1884625990436881,1.4362888489759162,50000000,-0.3967235924327451,2.6513901641134003,56.796355064292676,,,,,,,,,,,,,,,,,,,,,,,,,,,,,,,,,,,,,,,,,,,,,,,,,,,,,,,,,,,,,,,,,,,,,,,,,,,,,,,,,,,,,,,,,,,,,,,,,,,,,,,,,,,,,,,,,,,,,,,,,,,,,,,,,,,,,,,,,,,,,,,,,,,,,,,,,,,,,,,,,,,,,,,,,,,,,,,,,,,,,,,,,,,,,,,,,,,,,,,,,,,,,,,,,,,,,,
721,PS,SG,#1,-,MeOH_1,34393.33900028468,0.9603265197992903,3.9537013765976323,50000000,-0.2825056908060283,-0.7744345658941916,77.71176083732654,,,,,,,,,,,,,,,,,,,,,,,,,,,,,,,,,,,,,,,,,,,,,,,,,,,,,,,,,,,,,,,,,,,,,,,,,,,,,,,,,,,,,,,,,,,,,,,,,,,,,,,,,,,,,,,,,,,,,,,,,,,,,,,,,,,,,,,,,,,,,,,,,,,,,,,,,,,,,,,,,,,,,,,,,,,,,,,,,,,,,,,,,,,,,,,,,,,,,,,,,,,,,,,,,,,,,,
722,PS,SG,#2,-,FT_1,13640.03888188283,1.1497464457181275,4.588528613569978,50000000,-0.23965227631581257,-0.7878748532393077,79.88735443732654,,,,,,,,,,,,,,,,,,,,,,,,,,,,,,,,,,,,,,,,,,,,,,,,,,,,,,,,,,,,,,,,,,,,,,,,,,,,,,,,,,,,,,,,,,,,,,,,,,,,,,,,,,,,,,,,,,,,,,,,,,,,,,,,,,,,,,,,,,,,,,,,,,,,,,,,,,,,,,,,,,,,,,,,,,,,,,,,,,,,,,,,,,,,,,,,,,,,,,,,,,,,,,,,,,,,,,
723,PS,SG,#3,-,H2_1,204941.38662706327,0.8888697615862663,4.585222893016057,50000000,-0.32650721361568785,-0.4999194784494999,71.82709538062574,,,,,,,,,,,,,,,,,,,,,,,,,,,,,,,,,,,,,,,,,,,,,,,,,,,,,,,,,,,,,,,,,,,,,,,,,,,,,,,,,,,,,,,,,,,,,,,,,,,,,,,,,,,,,,,,,,,,,,,,,,,,,,,,,,,,,,,,,,,,,,,,,,,,,,,,,,,,,,,,,,,,,,,,,,,,,,,,,,,,,,,,,,,,,,,,,,,,,,,,,,,,,,,,,,,,,,
724,PS,SG,#4,-,MeOH_1,24592.62286245737,1.3400014349115756,8.309803115160461,50000000,-0.6713903635937655,-5.197645664008486,124.35406643732652,,,,,,,,,,,,,,,,,,,,,,,,,,,,,,,,,,,,,,,,,,,,,,,,,,,,,,,,,,,,,,,,,,,,,,,,,,,,,,,,,,,,,,,,,,,,,,,,,,,,,,,,,,,,,,,,,,,,,,,,,,,,,,,,,,,,,,,,,,,,,,,,,,,,,,,,,,,,,,,,,,,,,,,,,,,,,,,,,,,,,,,,,,,,,,,,,,,,,,,,,,,,,,,,,,,,,,
725,PS,SG,#5,-,FT_1,12331.794376326508,1.5178123646637451,8.945633786063095,50000000,-0.609599175062764,-5.152720595223425,126.24064627732655,,,,,,,,,,,,,,,,,,,,,,,,,,,,,,,,,,,,,,,,,,,,,,,,,,,,,,,,,,,,,,,,,,,,,,,,,,,,,,,,,,,,,,,,,,,,,,,,,,,,,,,,,,,,,,,,,,,,,,,,,,,,,,,,,,,,,,,,,,,,,,,,,,,,,,,,,,,,,,,,,,,,,,,,,,,,,,,,,,,,,,,,,,,,,,,,,,,,,,,,,,,,,,,,,,,,,,
726,PS,SG,#6,-,MeOH_1,43569.05574819599,0.9724448009413112,3.712023133929189,50000000,-0.2601481013347454,-0.4592289406348875,80.9172939450494,,,,,,,,,,,,,,,,,,,,,,,,,,,,,,,,,,,,,,,,,,,,,,,,,,,,,,,,,,,,,,,,,,,,,,,,,,,,,,,,,,,,,,,,,,,,,,,,,,,,,,,,,,,,,,,,,,,,,,,,,,,,,,,,,,,,,,,,,,,,,,,,,,,,,,,,,,,,,,,,,,,,,,,,,,,,,,,,,,,,,,,,,,,,,,,,,,,,,,,,,,,,,,,,,,,,,,
727,PS,SG,#7,-,FT_1,36946.37492815541,1.165577669971371,4.806818489557282,50000000,-0.31670912242667965,-1.01019243081095,85.51616561108138,,,,,,,,,,,,,,,,,,,,,,,,,,,,,,,,,,,,,,,,,,,,,,,,,,,,,,,,,,,,,,,,,,,,,,,,,,,,,,,,,,,,,,,,,,,,,,,,,,,,,,,,,,,,,,,,,,,,,,,,,,,,,,,,,,,,,,,,,,,,,,,,,,,,,,,,,,,,,,,,,,,,,,,,,,,,,,,,,,,,,,,,,,,,,,,,,,,,,,,,,,,,,,,,,,,,,,
728,PS,SG,#8,-,H2_1,222824.49807650765,0.9780767078707558,5.283546527601112,50000000,-0.36789627941074304,-1.0569942778908483,87.63362804431141,,,,,,,,,,,,,,,,,,,,,,,,,,,,,,,,,,,,,,,,,,,,,,,,,,,,,,,,,,,,,,,,,,,,,,,,,,,,,,,,,,,,,,,,,,,,,,,,,,,,,,,,,,,,,,,,,,,,,,,,,,,,,,,,,,,,,,,,,,,,,,,,,,,,,,,,,,,,,,,,,,,,,,,,,,,,,,,,,,,,,,,,,,,,,,,,,,,,,,,,,,,,,,,,,,,,,,
729,PS,SG,#9,-,MeOH_1,31366.463852523037,1.4653612955871018,8.212263957310592,50000000,-0.7509567714190598,-5.0357257698652935,129.13418034504937,,,,,,,,,,,,,,,,,,,,,,,,,,,,,,,,,,,,,,,,,,,,,,,,,,,,,,,,,,,,,,,,,,,,,,,,,,,,,,,,,,,,,,,,,,,,,,,,,,,,,,,,,,,,,,,,,,,,,,,,,,,,,,,,,,,,,,,,,,,,,,,,,,,,,,,,,,,,,,,,,,,,,,,,,,,,,,,,,,,,,,,,,,,,,,,,,,,,,,,,,,,,,,,,,,,,,,
730,PS,SG,#10,-,FT_1,36989.11014239271,1.6657903413090804,9.438827874812649,50000000,-0.8181119128144176,-5.642842798978654,134.2241435450494,,,,,,,,,,,,,,,,,,,,,,,,,,,,,,,,,,,,,,,,,,,,,,,,,,,,,,,,,,,,,,,,,,,,,,,,,,,,,,,,,,,,,,,,,,,,,,,,,,,,,,,,,,,,,,,,,,,,,,,,,,,,,,,,,,,,,,,,,,,,,,,,,,,,,,,,,,,,,,,,,,,,,,,,,,,,,,,,,,,,,,,,,,,,,,,,,,,,,,,,,,,,,,,,,,,,,,
731,PS,OG,#1,-,MeOH_1,7833.520723686747,0.8918415915329639,3.3704936177671696,50000000,-0.6345996693837949,-0.6966136806557116,53.7473936,,,,,,,,,,,,,,,,,,,,,,,,,,,,,,,,,,,,,,,,,,,,,,,,,,,,,,,,,,,,,,,,,,,,,,,,,,,,,,,,,,,,,,,,,,,,,,,,,,,,,,,,,,,,,,,,,,,,,,,,,,,,,,,,,,,,,,,,,,,,,,,,,,,,,,,,,,,,,,,,,,,,,,,,,,,,,,,,,,,,,,,,,,,,,,,,,,,,,,,,,,,,,,,,,,,,,,
732,PS,OG,#2,-,FT_1,46214.391035220746,1.7523472261722692,4.428217526029058,50000000,-0.7301017612097661,-0.3190232340643826,101.6191344,,,,,,,,,,,,,,,,,,,,,,,,,,,,,,,,,,,,,,,,,,,,,,,,,,,,,,,,,,,,,,,,,,,,,,,,,,,,,,,,,,,,,,,,,,,,,,,,,,,,,,,,,,,,,,,,,,,,,,,,,,,,,,,,,,,,,,,,,,,,,,,,,,,,,,,,,,,,,,,,,,,,,,,,,,,,,,,,,,,,,,,,,,,,,,,,,,,,,,,,,,,,,,,,,,,,,,
733,PS,OG,#3,-,H2_1,99167.34106721575,0.8805612641190848,2.2029270169541793,50000000,-0.5489202093525001,1.0469255441072345,53.75784738839299,,,,,,,,,,,,,,,,,,,,,,,,,,,,,,,,,,,,,,,,,,,,,,,,,,,,,,,,,,,,,,,,,,,,,,,,,,,,,,,,,,,,,,,,,,,,,,,,,,,,,,,,,,,,,,,,,,,,,,,,,,,,,,,,,,,,,,,,,,,,,,,,,,,,,,,,,,,,,,,,,,,,,,,,,,,,,,,,,,,,,,,,,,,,,,,,,,,,,,,,,,,,,,,,,,,,,,
734,PS,OG,#4,-,MeOH_1,7684.79122862649,1.1611654928551327,5.8708081679748,50000000,-0.8782408843853531,-3.1735362348536027,82.72375872,,,,,,,,,,,,,,,,,,,,,,,,,,,,,,,,,,,,,,,,,,,,,,,,,,,,,,,,,,,,,,,,,,,,,,,,,,,,,,,,,,,,,,,,,,,,,,,,,,,,,,,,,,,,,,,,,,,,,,,,,,,,,,,,,,,,,,,,,,,,,,,,,,,,,,,,,,,,,,,,,,,,,,,,,,,,,,,,,,,,,,,,,,,,,,,,,,,,,,,,,,,,,,,,,,,,,,
735,PS,OG,#5,-,FT_1,15805.266598152064,1.8574554461894899,6.577741460424254,50000000,-0.8649883247966638,-2.6532020106367327,119.83336784,,,,,,,,,,,,,,,,,,,,,,,,,,,,,,,,,,,,,,,,,,,,,,,,,,,,,,,,,,,,,,,,,,,,,,,,,,,,,,,,,,,,,,,,,,,,,,,,,,,,,,,,,,,,,,,,,,,,,,,,,,,,,,,,,,,,,,,,,,,,,,,,,,,,,,,,,,,,,,,,,,,,,,,,,,,,,,,,,,,,,,,,,,,,,,,,,,,,,,,,,,,,,,,,,,,,,,
736,PS,OG,#6,-,MeOH_1,6832.186556443498,0.8651560810563272,1.797987247189005,50000000,-0.4726953178218932,0.9616615645564947,54.76427531555752,,,,,,,,,,,,,,,,,,,,,,,,,,,,,,,,,,,,,,,,,,,,,,,,,,,,,,,,,,,,,,,,,,,,,,,,,,,,,,,,,,,,,,,,,,,,,,,,,,,,,,,,,,,,,,,,,,,,,,,,,,,,,,,,,,,,,,,,,,,,,,,,,,,,,,,,,,,,,,,,,,,,,,,,,,,,,,,,,,,,,,,,,,,,,,,,,,,,,,,,,,,,,,,,,,,,,,
737,PS,OG,#7,-,FT_1,8224.334543489074,1.1803276831347496,2.3050951710087197,50000000,-0.5009654677690611,1.0862351166239999,69.39587467555754,,,,,,,,,,,,,,,,,,,,,,,,,,,,,,,,,,,,,,,,,,,,,,,,,,,,,,,,,,,,,,,,,,,,,,,,,,,,,,,,,,,,,,,,,,,,,,,,,,,,,,,,,,,,,,,,,,,,,,,,,,,,,,,,,,,,,,,,,,,,,,,,,,,,,,,,,,,,,,,,,,,,,,,,,,,,,,,,,,,,,,,,,,,,,,,,,,,,,,,,,,,,,,,,,,,,,,
738,PS,OG,#8,-,H2_1,107447.06893631129,0.9024618333720019,2.4500280477675824,50000000,-0.5479202018811355,0.8652215176195511,62.7802188715777,,,,,,,,,,,,,,,,,,,,,,,,,,,,,,,,,,,,,,,,,,,,,,,,,,,,,,,,,,,,,,,,,,,,,,,,,,,,,,,,,,,,,,,,,,,,,,,,,,,,,,,,,,,,,,,,,,,,,,,,,,,,,,,,,,,,,,,,,,,,,,,,,,,,,,,,,,,,,,,,,,,,,,,,,,,,,,,,,,,,,,,,,,,,,,,,,,,,,,,,,,,,,,,,,,,,,,
739,PS,OG,#9,-,MeOH_1,5644.317628643768,1.0633347942640041,4.244468230175231,50000000,-0.6939214364539992,-1.5161137485765341,81.16730619555753,,,,,,,,,,,,,,,,,,,,,,,,,,,,,,,,,,,,,,,,,,,,,,,,,,,,,,,,,,,,,,,,,,,,,,,,,,,,,,,,,,,,,,,,,,,,,,,,,,,,,,,,,,,,,,,,,,,,,,,,,,,,,,,,,,,,,,,,,,,,,,,,,,,,,,,,,,,,,,,,,,,,,,,,,,,,,,,,,,,,,,,,,,,,,,,,,,,,,,,,,,,,,,,,,,,,,,
740,PS,OG,#10,-,FT_1,5608.814275755682,1.3492075336176073,4.736842451604328,50000000,-0.6659623521128478,-1.3524594303433433,94.07406475555754,,,,,,,,,,,,,,,,,,,,,,,,,,,,,,,,,,,,,,,,,,,,,,,,,,,,,,,,,,,,,,,,,,,,,,,,,,,,,,,,,,,,,,,,,,,,,,,,,,,,,,,,,,,,,,,,,,,,,,,,,,,,,,,,,,,,,,,,,,,,,,,,,,,,,,,,,,,,,,,,,,,,,,,,,,,,,,,,,,,,,,,,,,,,,,,,,,,,,,,,,,,,,,,,,,,,,,
741,PE,HT,#1,#1,MeOH_1,50425.40032630654,1.0955409605867368,2.64850214340851,50000000,-0.25574629367113744,0.44984359742782326,75.02553626578532,,,,,,,,,,,,,,,,,,,,,,,,,,,,,,,,,,,,,,,,,,,,,,,,,,,,,,,,,,,,,,,,,,,,,,,,,,,,,,,,,,,,,,,,,,,,,,,,,,,,,,,,,,,,,,,,,,,,,,,,,,,,,,,,,,,,,,,,,,,,,,,,,,,,,,,,,,,,,,,,,,,,,,,,,,,,,,,,,,,,,,,,,,,,,,,,,,,,,,,,,,,,,,,,,,,,,,
742,PE,HT,#1,#2,FT_1,47607.14645047431,1.226243483972775,3.4195076246383236,50000000,-0.2936725016025589,0.01922371847500205,81.7509647318173,,,,,,,,,,,,,,,,,,,,,,,,,,,,,,,,,,,,,,,,,,,,,,,,,,,,,,,,,,,,,,,,,,,,,,,,,,,,,,,,,,,,,,,,,,,,,,,,,,,,,,,,,,,,,,,,,,,,,,,,,,,,,,,,,,,,,,,,,,,,,,,,,,,,,,,,,,,,,,,,,,,,,,,,,,,,,,,,,,,,,,,,,,,,,,,,,,,,,,,,,,,,,,,,,,,,,,
743,PE,HT,#1,#3,DIESEL_1,151849.9668880414,1.1285078409245028,2.8953461532868157,50000000,-0.3510320675220397,0.7557794316413152,73.20069846714527,,,,,,,,,,,,,,,,,,,,,,,,,,,,,,,,,,,,,,,,,,,,,,,,,,,,,,,,,,,,,,,,,,,,,,,,,,,,,,,,,,,,,,,,,,,,,,,,,,,,,,,,,,,,,,,,,,,,,,,,,,,,,,,,,,,,,,,,,,,,,,,,,,,,,,,,,,,,,,,,,,,,,,,,,,,,,,,,,,,,,,,,,,,,,,,,,,,,,,,,,,,,,,,,,,,,,,
744,PE,HT,#1,#4,MeOH_1,32347.738529791855,1.4034944713483446,5.215596496051023,50000000,-0.558740300825006,-2.2236388115127803,104.9146562657853,,,,,,,,,,,,,,,,,,,,,,,,,,,,,,,,,,,,,,,,,,,,,,,,,,,,,,,,,,,,,,,,,,,,,,,,,,,,,,,,,,,,,,,,,,,,,,,,,,,,,,,,,,,,,,,,,,,,,,,,,,,,,,,,,,,,,,,,,,,,,,,,,,,,,,,,,,,,,,,,,,,,,,,,,,,,,,,,,,,,,,,,,,,,,,,,,,,,,,,,,,,,,,,,,,,,,,
745,PE,HT,#1,#5,FT_1,46279.83075049178,1.5644229051605645,6.3945420754465845,50000000,-0.6311036466505248,-2.9591119376071275,112.05916633181731,,,,,,,,,,,,,,,,,,,,,,,,,,,,,,,,,,,,,,,,,,,,,,,,,,,,,,,,,,,,,,,,,,,,,,,,,,,,,,,,,,,,,,,,,,,,,,,,,,,,,,,,,,,,,,,,,,,,,,,,,,,,,,,,,,,,,,,,,,,,,,,,,,,,,,,,,,,,,,,,,,,,,,,,,,,,,,,,,,,,,,,,,,,,,,,,,,,,,,,,,,,,,,,,,,,,,,
746,PE,HT,#1,#6,Olefin,3190.446430903371,0.9460888955829021,1.2226337996493795,50000000,-0.28195350665334684,1.9214336092949411,61.76614021449375,,,,,,,,,,,,,,,,,,,,,,,,,,,,,,,,,,,,,,,,,,,,,,,,,,,,,,,,,,,,,,,,,,,,,,,,,,,,,,,,,,,,,,,,,,,,,,,,,,,,,,,,,,,,,,,,,,,,,,,,,,,,,,,,,,,,,,,,,,,,,,,,,,,,,,,,,,,,,,,,,,,,,,,,,,,,,,,,,,,,,,,,,,,,,,,,,,,,,,,,,,,,,,,,,,,,,,
747,PE,HT,#1,#7,MeOH_1,55197.7736938933,1.1021074417847538,2.6920431149875914,50000000,-0.26304036690204285,0.43682740745089027,76.0405189598677,,,,,,,,,,,,,,,,,,,,,,,,,,,,,,,,,,,,,,,,,,,,,,,,,,,,,,,,,,,,,,,,,,,,,,,,,,,,,,,,,,,,,,,,,,,,,,,,,,,,,,,,,,,,,,,,,,,,,,,,,,,,,,,,,,,,,,,,,,,,,,,,,,,,,,,,,,,,,,,,,,,,,,,,,,,,,,,,,,,,,,,,,,,,,,,,,,,,,,,,,,,,,,,,,,,,,,
748,PE,HT,#1,#8,FT_1,48568.52021838761,1.254266853056071,3.523332812530191,50000000,-0.3283772232032267,-0.09165101005581826,83.18128022589968,,,,,,,,,,,,,,,,,,,,,,,,,,,,,,,,,,,,,,,,,,,,,,,,,,,,,,,,,,,,,,,,,,,,,,,,,,,,,,,,,,,,,,,,,,,,,,,,,,,,,,,,,,,,,,,,,,,,,,,,,,,,,,,,,,,,,,,,,,,,,,,,,,,,,,,,,,,,,,,,,,,,,,,,,,,,,,,,,,,,,,,,,,,,,,,,,,,,,,,,,,,,,,,,,,,,,,
749,PE,HT,#1,#9,DIESEL_1,155179.20089240046,1.1570365440519907,2.937975459696716,50000000,-0.3677549356493272,0.7394459086226853,74.93275572773791,,,,,,,,,,,,,,,,,,,,,,,,,,,,,,,,,,,,,,,,,,,,,,,,,,,,,,,,,,,,,,,,,,,,,,,,,,,,,,,,,,,,,,,,,,,,,,,,,,,,,,,,,,,,,,,,,,,,,,,,,,,,,,,,,,,,,,,,,,,,,,,,,,,,,,,,,,,,,,,,,,,,,,,,,,,,,,,,,,,,,,,,,,,,,,,,,,,,,,,,,,,,,,,,,,,,,,
750,PE,HT,#1,#10,MeOH_1,33329.41972004569,1.4529490593759489,5.561507757584168,50000000,-0.6058239751921646,-2.561957818892543,109.36027095986766,,,,,,,,,,,,,,,,,,,,,,,,,,,,,,,,,,,,,,,,,,,,,,,,,,,,,,,,,,,,,,,,,,,,,,,,,,,,,,,,,,,,,,,,,,,,,,,,,,,,,,,,,,,,,,,,,,,,,,,,,,,,,,,,,,,,,,,,,,,,,,,,,,,,,,,,,,,,,,,,,,,,,,,,,,,,,,,,,,,,,,,,,,,,,,,,,,,,,,,,,,,,,,,,,,,,,,
751,PE,HT,#1,#11,FT_1,46885.16088257618,1.618361519218554,6.768610375503572,50000000,-0.6920343067561764,-3.341639135821588,116.27753462589968,,,,,,,,,,,,,,,,,,,,,,,,,,,,,,,,,,,,,,,,,,,,,,,,,,,,,,,,,,,,,,,,,,,,,,,,,,,,,,,,,,,,,,,,,,,,,,,,,,,,,,,,,,,,,,,,,,,,,,,,,,,,,,,,,,,,,,,,,,,,,,,,,,,,,,,,,,,,,,,,,,,,,,,,,,,,,,,,,,,,,,,,,,,,,,,,,,,,,,,,,,,,,,,,,,,,,,
752,PE,HT,#2,#1,MeOH_1,50425.40032630654,1.208171618270913,3.100427489753121,50000000,-0.38840608790862263,0.13982171076639116,79.45125926434532,,,,,,,,,,,,,,,,,,,,,,,,,,,,,,,,,,,,,,,,,,,,,,,,,,,,,,,,,,,,,,,,,,,,,,,,,,,,,,,,,,,,,,,,,,,,,,,,,,,,,,,,,,,,,,,,,,,,,,,,,,,,,,,,,,,,,,,,,,,,,,,,,,,,,,,,,,,,,,,,,,,,,,,,,,,,,,,,,,,,,,,,,,,,,,,,,,,,,,,,,,,,,,,,,,,,,,
753,PE,HT,#2,#2,FT_1,47607.14645047431,1.3388741416569487,3.8714329709829354,50000000,-0.42633229584004156,-0.2907981681864306,86.17668773037731,,,,,,,,,,,,,,,,,,,,,,,,,,,,,,,,,,,,,,,,,,,,,,,,,,,,,,,,,,,,,,,,,,,,,,,,,,,,,,,,,,,,,,,,,,,,,,,,,,,,,,,,,,,,,,,,,,,,,,,,,,,,,,,,,,,,,,,,,,,,,,,,,,,,,,,,,,,,,,,,,,,,,,,,,,,,,,,,,,,,,,,,,,,,,,,,,,,,,,,,,,,,,,,,,,,,,,
754,PE,HT,#2,#3,H2_1,151849.9668880414,1.2411384986086769,3.347271499631427,50000000,-0.4836918617595225,0.44575754497988285,77.62642146570528,,,,,,,,,,,,,,,,,,,,,,,,,,,,,,,,,,,,,,,,,,,,,,,,,,,,,,,,,,,,,,,,,,,,,,,,,,,,,,,,,,,,,,,,,,,,,,,,,,,,,,,,,,,,,,,,,,,,,,,,,,,,,,,,,,,,,,,,,,,,,,,,,,,,,,,,,,,,,,,,,,,,,,,,,,,,,,,,,,,,,,,,,,,,,,,,,,,,,,,,,,,,,,,,,,,,,,
755,PE,HT,#2,#4,MeOH_1,32347.738529791855,1.5161251290325206,5.667521842395636,50000000,-0.6914000950624906,-2.5336606981742147,109.3403792643453,,,,,,,,,,,,,,,,,,,,,,,,,,,,,,,,,,,,,,,,,,,,,,,,,,,,,,,,,,,,,,,,,,,,,,,,,,,,,,,,,,,,,,,,,,,,,,,,,,,,,,,,,,,,,,,,,,,,,,,,,,,,,,,,,,,,,,,,,,,,,,,,,,,,,,,,,,,,,,,,,,,,,,,,,,,,,,,,,,,,,,,,,,,,,,,,,,,,,,,,,,,,,,,,,,,,,,
756,PE,HT,#2,#5,FT_1,46279.83075049178,1.67705356284474,6.846467421791197,50000000,-0.7637634408880092,-3.2691338242685615,116.48488933037731,,,,,,,,,,,,,,,,,,,,,,,,,,,,,,,,,,,,,,,,,,,,,,,,,,,,,,,,,,,,,,,,,,,,,,,,,,,,,,,,,,,,,,,,,,,,,,,,,,,,,,,,,,,,,,,,,,,,,,,,,,,,,,,,,,,,,,,,,,,,,,,,,,,,,,,,,,,,,,,,,,,,,,,,,,,,,,,,,,,,,,,,,,,,,,,,,,,,,,,,,,,,,,,,,,,,,,
757,PE,HT,#2,#6,Olefin,3190.446430903371,1.0587195532670781,1.67455914599399,50000000,-0.41461330089083137,1.6114117226335094,66.19186321305375,,,,,,,,,,,,,,,,,,,,,,,,,,,,,,,,,,,,,,,,,,,,,,,,,,,,,,,,,,,,,,,,,,,,,,,,,,,,,,,,,,,,,,,,,,,,,,,,,,,,,,,,,,,,,,,,,,,,,,,,,,,,,,,,,,,,,,,,,,,,,,,,,,,,,,,,,,,,,,,,,,,,,,,,,,,,,,,,,,,,,,,,,,,,,,,,,,,,,,,,,,,,,,,,,,,,,,
758,PE,HT,#2,#7,MeOH_1,55197.7736938933,1.214738099468928,3.143968461332202,50000000,-0.3957001611395258,0.12680552078945845,80.4662419584277,,,,,,,,,,,,,,,,,,,,,,,,,,,,,,,,,,,,,,,,,,,,,,,,,,,,,,,,,,,,,,,,,,,,,,,,,,,,,,,,,,,,,,,,,,,,,,,,,,,,,,,,,,,,,,,,,,,,,,,,,,,,,,,,,,,,,,,,,,,,,,,,,,,,,,,,,,,,,,,,,,,,,,,,,,,,,,,,,,,,,,,,,,,,,,,,,,,,,,,,,,,,,,,,,,,,,,
759,PE,HT,#2,#8,FT_1,48568.52021838761,1.3668975107402452,3.975258158874802,50000000,-0.4610370174407098,-0.40167289671725037,87.60700322445969,,,,,,,,,,,,,,,,,,,,,,,,,,,,,,,,,,,,,,,,,,,,,,,,,,,,,,,,,,,,,,,,,,,,,,,,,,,,,,,,,,,,,,,,,,,,,,,,,,,,,,,,,,,,,,,,,,,,,,,,,,,,,,,,,,,,,,,,,,,,,,,,,,,,,,,,,,,,,,,,,,,,,,,,,,,,,,,,,,,,,,,,,,,,,,,,,,,,,,,,,,,,,,,,,,,,,,
760,PE,HT,#2,#9,H2_1,155179.20089240046,1.269667201736165,3.3899008060413265,50000000,-0.5004147298868101,0.42942402196125357,79.35847872629789,,,,,,,,,,,,,,,,,,,,,,,,,,,,,,,,,,,,,,,,,,,,,,,,,,,,,,,,,,,,,,,,,,,,,,,,,,,,,,,,,,,,,,,,,,,,,,,,,,,,,,,,,,,,,,,,,,,,,,,,,,,,,,,,,,,,,,,,,,,,,,,,,,,,,,,,,,,,,,,,,,,,,,,,,,,,,,,,,,,,,,,,,,,,,,,,,,,,,,,,,,,,,,,,,,,,,,
761,PE,HT,#2,#10,MeOH_1,33329.41972004569,1.5655797170601249,6.01343310392878,50000000,-0.7384837694296491,-2.8719797055539775,113.7859939584277,,,,,,,,,,,,,,,,,,,,,,,,,,,,,,,,,,,,,,,,,,,,,,,,,,,,,,,,,,,,,,,,,,,,,,,,,,,,,,,,,,,,,,,,,,,,,,,,,,,,,,,,,,,,,,,,,,,,,,,,,,,,,,,,,,,,,,,,,,,,,,,,,,,,,,,,,,,,,,,,,,,,,,,,,,,,,,,,,,,,,,,,,,,,,,,,,,,,,,,,,,,,,,,,,,,,,,
762,PE,HT,#2,#11,FT_1,46885.16088257618,1.7309921769027279,7.220535721848184,50000000,-0.8246941009936589,-3.651661022483021,120.70325762445968,,,,,,,,,,,,,,,,,,,,,,,,,,,,,,,,,,,,,,,,,,,,,,,,,,,,,,,,,,,,,,,,,,,,,,,,,,,,,,,,,,,,,,,,,,,,,,,,,,,,,,,,,,,,,,,,,,,,,,,,,,,,,,,,,,,,,,,,,,,,,,,,,,,,,,,,,,,,,,,,,,,,,,,,,,,,,,,,,,,,,,,,,,,,,,,,,,,,,,,,,,,,,,,,,,,,,,
763,PE,HT,#3,#1,MeOH_1,78395.77257611656,1.2982320629043702,3.801409519169051,50000000,-0.4433593883755505,-0.5544794415007186,86.6665201561461,,,,,,,,,,,,,,,,,,,,,,,,,,,,,,,,,,,,,,,,,,,,,,,,,,,,,,,,,,,,,,,,,,,,,,,,,,,,,,,,,,,,,,,,,,,,,,,,,,,,,,,,,,,,,,,,,,,,,,,,,,,,,,,,,,,,,,,,,,,,,,,,,,,,,,,,,,,,,,,,,,,,,,,,,,,,,,,,,,,,,,,,,,,,,,,,,,,,,,,,,,,,,,,,,,,,,,
764,PE,HT,#3,#2,FT_1,75577.51870028433,1.4289345862904081,4.572415000398865,50000000,-0.4812855963069717,-0.9850993204535404,93.39194862217806,,,,,,,,,,,,,,,,,,,,,,,,,,,,,,,,,,,,,,,,,,,,,,,,,,,,,,,,,,,,,,,,,,,,,,,,,,,,,,,,,,,,,,,,,,,,,,,,,,,,,,,,,,,,,,,,,,,,,,,,,,,,,,,,,,,,,,,,,,,,,,,,,,,,,,,,,,,,,,,,,,,,,,,,,,,,,,,,,,,,,,,,,,,,,,,,,,,,,,,,,,,,,,,,,,,,,,
765,PE,HT,#3,#3,H2_1,179820.33913785146,1.3311989432421363,4.048253529047357,50000000,-0.5386451622264528,-0.24854360728722663,84.84168235750604,,,,,,,,,,,,,,,,,,,,,,,,,,,,,,,,,,,,,,,,,,,,,,,,,,,,,,,,,,,,,,,,,,,,,,,,,,,,,,,,,,,,,,,,,,,,,,,,,,,,,,,,,,,,,,,,,,,,,,,,,,,,,,,,,,,,,,,,,,,,,,,,,,,,,,,,,,,,,,,,,,,,,,,,,,,,,,,,,,,,,,,,,,,,,,,,,,,,,,,,,,,,,,,,,,,,,,
766,PE,HT,#3,#4,MeOH_1,60318.11077960188,1.6061855736659783,6.368503871811564,50000000,-0.7463533955294194,-3.2279618504413223,116.55564015614608,,,,,,,,,,,,,,,,,,,,,,,,,,,,,,,,,,,,,,,,,,,,,,,,,,,,,,,,,,,,,,,,,,,,,,,,,,,,,,,,,,,,,,,,,,,,,,,,,,,,,,,,,,,,,,,,,,,,,,,,,,,,,,,,,,,,,,,,,,,,,,,,,,,,,,,,,,,,,,,,,,,,,,,,,,,,,,,,,,,,,,,,,,,,,,,,,,,,,,,,,,,,,,,,,,,,,,
767,PE,HT,#3,#5,FT_1,74250.2030003018,1.7671140074781975,7.547449451207125,50000000,-0.8187167413549375,-3.9634349765356696,123.70015022217805,,,,,,,,,,,,,,,,,,,,,,,,,,,,,,,,,,,,,,,,,,,,,,,,,,,,,,,,,,,,,,,,,,,,,,,,,,,,,,,,,,,,,,,,,,,,,,,,,,,,,,,,,,,,,,,,,,,,,,,,,,,,,,,,,,,,,,,,,,,,,,,,,,,,,,,,,,,,,,,,,,,,,,,,,,,,,,,,,,,,,,,,,,,,,,,,,,,,,,,,,,,,,,,,,,,,,,
768,PE,HT,#3,#6,Olefin,31160.818680713393,1.148779997900535,2.375541175409921,50000000,-0.46956660135775946,0.9171105703663986,73.40712410485453,,,,,,,,,,,,,,,,,,,,,,,,,,,,,,,,,,,,,,,,,,,,,,,,,,,,,,,,,,,,,,,,,,,,,,,,,,,,,,,,,,,,,,,,,,,,,,,,,,,,,,,,,,,,,,,,,,,,,,,,,,,,,,,,,,,,,,,,,,,,,,,,,,,,,,,,,,,,,,,,,,,,,,,,,,,,,,,,,,,,,,,,,,,,,,,,,,,,,,,,,,,,,,,,,,,,,,
769,PE,HT,#3,#7,MeOH_1,83168.14594370333,1.304798544102387,3.844950490748131,50000000,-0.4506534616064559,-0.5674956314776501,87.6815028502285,,,,,,,,,,,,,,,,,,,,,,,,,,,,,,,,,,,,,,,,,,,,,,,,,,,,,,,,,,,,,,,,,,,,,,,,,,,,,,,,,,,,,,,,,,,,,,,,,,,,,,,,,,,,,,,,,,,,,,,,,,,,,,,,,,,,,,,,,,,,,,,,,,,,,,,,,,,,,,,,,,,,,,,,,,,,,,,,,,,,,,,,,,,,,,,,,,,,,,,,,,,,,,,,,,,,,,
770,PE,HT,#3,#8,FT_1,76538.89246819762,1.4569579553737042,4.676240188290731,50000000,-0.5159903179076395,-1.0959740489843592,94.82226411626047,,,,,,,,,,,,,,,,,,,,,,,,,,,,,,,,,,,,,,,,,,,,,,,,,,,,,,,,,,,,,,,,,,,,,,,,,,,,,,,,,,,,,,,,,,,,,,,,,,,,,,,,,,,,,,,,,,,,,,,,,,,,,,,,,,,,,,,,,,,,,,,,,,,,,,,,,,,,,,,,,,,,,,,,,,,,,,,,,,,,,,,,,,,,,,,,,,,,,,,,,,,,,,,,,,,,,,
771,PE,HT,#3,#9,H2_1,183149.5731422105,1.3597276463696242,4.090882835457257,50000000,-0.5553680303537403,-0.26487713030585647,86.57373961809868,,,,,,,,,,,,,,,,,,,,,,,,,,,,,,,,,,,,,,,,,,,,,,,,,,,,,,,,,,,,,,,,,,,,,,,,,,,,,,,,,,,,,,,,,,,,,,,,,,,,,,,,,,,,,,,,,,,,,,,,,,,,,,,,,,,,,,,,,,,,,,,,,,,,,,,,,,,,,,,,,,,,,,,,,,,,,,,,,,,,,,,,,,,,,,,,,,,,,,,,,,,,,,,,,,,,,,
772,PE,HT,#3,#10,MeOH_1,61299.79196985571,1.6556401616935825,6.714415133344708,50000000,-0.7934370698965775,-3.5662808578210856,121.00125485022845,,,,,,,,,,,,,,,,,,,,,,,,,,,,,,,,,,,,,,,,,,,,,,,,,,,,,,,,,,,,,,,,,,,,,,,,,,,,,,,,,,,,,,,,,,,,,,,,,,,,,,,,,,,,,,,,,,,,,,,,,,,,,,,,,,,,,,,,,,,,,,,,,,,,,,,,,,,,,,,,,,,,,,,,,,,,,,,,,,,,,,,,,,,,,,,,,,,,,,,,,,,,,,,,,,,,,,
773,PE,HT,#3,#11,FT_1,74855.5331323862,1.8210526215361875,7.921517751264113,50000000,-0.8796474014605895,-4.34596217475013,127.91851851626048,,,,,,,,,,,,,,,,,,,,,,,,,,,,,,,,,,,,,,,,,,,,,,,,,,,,,,,,,,,,,,,,,,,,,,,,,,,,,,,,,,,,,,,,,,,,,,,,,,,,,,,,,,,,,,,,,,,,,,,,,,,,,,,,,,,,,,,,,,,,,,,,,,,,,,,,,,,,,,,,,,,,,,,,,,,,,,,,,,,,,,,,,,,,,,,,,,,,,,,,,,,,,,,,,,,,,,
774,PE,HT,#4,#1,MeOH_1,66620.52471866885,1.360343595476856,3.98800386807172,50000000,-0.48429153192324564,-0.7228872024524924,88.8766649421781,,,,,,,,,,,,,,,,,,,,,,,,,,,,,,,,,,,,,,,,,,,,,,,,,,,,,,,,,,,,,,,,,,,,,,,,,,,,,,,,,,,,,,,,,,,,,,,,,,,,,,,,,,,,,,,,,,,,,,,,,,,,,,,,,,,,,,,,,,,,,,,,,,,,,,,,,,,,,,,,,,,,,,,,,,,,,,,,,,,,,,,,,,,,,,,,,,,,,,,,,,,,,,,,,,,,,,
775,PE,HT,#4,#2,FT_1,63802.270842836624,1.4910461188628938,4.759009349301534,50000000,-0.522217739854667,-1.1535070814053139,95.60209340821008,,,,,,,,,,,,,,,,,,,,,,,,,,,,,,,,,,,,,,,,,,,,,,,,,,,,,,,,,,,,,,,,,,,,,,,,,,,,,,,,,,,,,,,,,,,,,,,,,,,,,,,,,,,,,,,,,,,,,,,,,,,,,,,,,,,,,,,,,,,,,,,,,,,,,,,,,,,,,,,,,,,,,,,,,,,,,,,,,,,,,,,,,,,,,,,,,,,,,,,,,,,,,,,,,,,,,,
776,PE,HT,#4,#3,H2_1,168045.09128040372,1.3933104758146218,4.234847877950025,50000000,-0.579577305774148,-0.41695136823900014,87.05182714353805,,,,,,,,,,,,,,,,,,,,,,,,,,,,,,,,,,,,,,,,,,,,,,,,,,,,,,,,,,,,,,,,,,,,,,,,,,,,,,,,,,,,,,,,,,,,,,,,,,,,,,,,,,,,,,,,,,,,,,,,,,,,,,,,,,,,,,,,,,,,,,,,,,,,,,,,,,,,,,,,,,,,,,,,,,,,,,,,,,,,,,,,,,,,,,,,,,,,,,,,,,,,,,,,,,,,,,
777,PE,HT,#4,#4,MeOH_1,48542.86292215416,1.6682971062384637,6.555098220714232,50000000,-0.7872855390771143,-3.3963696113930952,118.7657849421781,,,,,,,,,,,,,,,,,,,,,,,,,,,,,,,,,,,,,,,,,,,,,,,,,,,,,,,,,,,,,,,,,,,,,,,,,,,,,,,,,,,,,,,,,,,,,,,,,,,,,,,,,,,,,,,,,,,,,,,,,,,,,,,,,,,,,,,,,,,,,,,,,,,,,,,,,,,,,,,,,,,,,,,,,,,,,,,,,,,,,,,,,,,,,,,,,,,,,,,,,,,,,,,,,,,,,,
778,PE,HT,#4,#5,FT_1,62474.955142854094,1.8292255400506834,7.734043800109795,50000000,-0.8596488849026328,-4.131842737487443,125.91029500821008,,,,,,,,,,,,,,,,,,,,,,,,,,,,,,,,,,,,,,,,,,,,,,,,,,,,,,,,,,,,,,,,,,,,,,,,,,,,,,,,,,,,,,,,,,,,,,,,,,,,,,,,,,,,,,,,,,,,,,,,,,,,,,,,,,,,,,,,,,,,,,,,,,,,,,,,,,,,,,,,,,,,,,,,,,,,,,,,,,,,,,,,,,,,,,,,,,,,,,,,,,,,,,,,,,,,,,
779,PE,HT,#4,#6,Olefin,19385.570823265683,1.2108915304730212,2.5621355243125903,50000000,-0.5104987449054549,0.7487028094146249,75.61726889088652,,,,,,,,,,,,,,,,,,,,,,,,,,,,,,,,,,,,,,,,,,,,,,,,,,,,,,,,,,,,,,,,,,,,,,,,,,,,,,,,,,,,,,,,,,,,,,,,,,,,,,,,,,,,,,,,,,,,,,,,,,,,,,,,,,,,,,,,,,,,,,,,,,,,,,,,,,,,,,,,,,,,,,,,,,,,,,,,,,,,,,,,,,,,,,,,,,,,,,,,,,,,,,,,,,,,,,
780,PE,HT,#4,#7,MeOH_1,71392.89808625562,1.3669100766748727,4.031544839650801,50000000,-0.4915856051541509,-0.7359033924294248,89.89164763626049,,,,,,,,,,,,,,,,,,,,,,,,,,,,,,,,,,,,,,,,,,,,,,,,,,,,,,,,,,,,,,,,,,,,,,,,,,,,,,,,,,,,,,,,,,,,,,,,,,,,,,,,,,,,,,,,,,,,,,,,,,,,,,,,,,,,,,,,,,,,,,,,,,,,,,,,,,,,,,,,,,,,,,,,,,,,,,,,,,,,,,,,,,,,,,,,,,,,,,,,,,,,,,,,,,,,,,
781,PE,HT,#4,#8,FT_1,64763.64461074992,1.51906948794619,4.862834537193401,50000000,-0.5569224614553349,-1.264381809936134,97.03240890229247,,,,,,,,,,,,,,,,,,,,,,,,,,,,,,,,,,,,,,,,,,,,,,,,,,,,,,,,,,,,,,,,,,,,,,,,,,,,,,,,,,,,,,,,,,,,,,,,,,,,,,,,,,,,,,,,,,,,,,,,,,,,,,,,,,,,,,,,,,,,,,,,,,,,,,,,,,,,,,,,,,,,,,,,,,,,,,,,,,,,,,,,,,,,,,,,,,,,,,,,,,,,,,,,,,,,,,
782,PE,HT,#4,#9,H2_1,171374.32528476277,1.4218391789421096,4.277477184359926,50000000,-0.5963001739014352,-0.4332848912576303,88.78388440413069,,,,,,,,,,,,,,,,,,,,,,,,,,,,,,,,,,,,,,,,,,,,,,,,,,,,,,,,,,,,,,,,,,,,,,,,,,,,,,,,,,,,,,,,,,,,,,,,,,,,,,,,,,,,,,,,,,,,,,,,,,,,,,,,,,,,,,,,,,,,,,,,,,,,,,,,,,,,,,,,,,,,,,,,,,,,,,,,,,,,,,,,,,,,,,,,,,,,,,,,,,,,,,,,,,,,,,
783,PE,HT,#4,#10,MeOH_1,49524.544112408,1.717751694266068,6.901009482247377,50000000,-0.8343692134442726,-3.7346886187728585,123.21139963626047,,,,,,,,,,,,,,,,,,,,,,,,,,,,,,,,,,,,,,,,,,,,,,,,,,,,,,,,,,,,,,,,,,,,,,,,,,,,,,,,,,,,,,,,,,,,,,,,,,,,,,,,,,,,,,,,,,,,,,,,,,,,,,,,,,,,,,,,,,,,,,,,,,,,,,,,,,,,,,,,,,,,,,,,,,,,,,,,,,,,,,,,,,,,,,,,,,,,,,,,,,,,,,,,,,,,,,
784,PE,HT,#4,#11,FT_1,63080.28527493849,1.8831641541086725,8.108112100166782,50000000,-0.9205795450082837,-4.514369935701903,130.12866330229247,,,,,,,,,,,,,,,,,,,,,,,,,,,,,,,,,,,,,,,,,,,,,,,,,,,,,,,,,,,,,,,,,,,,,,,,,,,,,,,,,,,,,,,,,,,,,,,,,,,,,,,,,,,,,,,,,,,,,,,,,,,,,,,,,,,,,,,,,,,,,,,,,,,,,,,,,,,,,,,,,,,,,,,,,,,,,,,,,,,,,,,,,,,,,,,,,,,,,,,,,,,,,,,,,,,,,,
785,PE,HT,#5,#1,MeOH_1,102363.75871763071,1.3114020183027806,3.588031788036571,50000000,-0.4546628834257888,-0.20332090267795652,85.79288827848882,,,,,,,,,,,,,,,,,,,,,,,,,,,,,,,,,,,,,,,,,,,,,,,,,,,,,,,,,,,,,,,,,,,,,,,,,,,,,,,,,,,,,,,,,,,,,,,,,,,,,,,,,,,,,,,,,,,,,,,,,,,,,,,,,,,,,,,,,,,,,,,,,,,,,,,,,,,,,,,,,,,,,,,,,,,,,,,,,,,,,,,,,,,,,,,,,,,,,,,,,,,,,,,,,,,,,,
786,PE,HT,#5,#2,FT_1,99545.50484179848,1.4421045416888187,4.359037269266385,50000000,-0.49258909135720985,-0.6339407816307786,92.51831674452082,,,,,,,,,,,,,,,,,,,,,,,,,,,,,,,,,,,,,,,,,,,,,,,,,,,,,,,,,,,,,,,,,,,,,,,,,,,,,,,,,,,,,,,,,,,,,,,,,,,,,,,,,,,,,,,,,,,,,,,,,,,,,,,,,,,,,,,,,,,,,,,,,,,,,,,,,,,,,,,,,,,,,,,,,,,,,,,,,,,,,,,,,,,,,,,,,,,,,,,,,,,,,,,,,,,,,,
787,PE,HT,#5,#3,H2_1,203788.32527936558,1.3443688986405464,3.834875797914876,50000000,-0.5499486572766908,0.10261493153553575,83.9680504798488,,,,,,,,,,,,,,,,,,,,,,,,,,,,,,,,,,,,,,,,,,,,,,,,,,,,,,,,,,,,,,,,,,,,,,,,,,,,,,,,,,,,,,,,,,,,,,,,,,,,,,,,,,,,,,,,,,,,,,,,,,,,,,,,,,,,,,,,,,,,,,,,,,,,,,,,,,,,,,,,,,,,,,,,,,,,,,,,,,,,,,,,,,,,,,,,,,,,,,,,,,,,,,,,,,,,,,
788,PE,HT,#5,#4,MeOH_1,84286.09692111604,1.6193555290643906,6.1551261406790845,50000000,-0.7576568905796595,-2.8768033116185605,115.68200827848882,,,,,,,,,,,,,,,,,,,,,,,,,,,,,,,,,,,,,,,,,,,,,,,,,,,,,,,,,,,,,,,,,,,,,,,,,,,,,,,,,,,,,,,,,,,,,,,,,,,,,,,,,,,,,,,,,,,,,,,,,,,,,,,,,,,,,,,,,,,,,,,,,,,,,,,,,,,,,,,,,,,,,,,,,,,,,,,,,,,,,,,,,,,,,,,,,,,,,,,,,,,,,,,,,,,,,,
789,PE,HT,#5,#5,FT_1,98218.18914181595,1.7802839628766105,7.334071720074644,50000000,-0.8300202364051784,-3.6122764377129064,122.82651834452082,,,,,,,,,,,,,,,,,,,,,,,,,,,,,,,,,,,,,,,,,,,,,,,,,,,,,,,,,,,,,,,,,,,,,,,,,,,,,,,,,,,,,,,,,,,,,,,,,,,,,,,,,,,,,,,,,,,,,,,,,,,,,,,,,,,,,,,,,,,,,,,,,,,,,,,,,,,,,,,,,,,,,,,,,,,,,,,,,,,,,,,,,,,,,,,,,,,,,,,,,,,,,,,,,,,,,,
790,PE,HT,#5,#6,Olefin,55128.80482222755,1.1619499532989461,2.1621634442774402,50000000,-0.48087009640799805,1.2682691091891616,72.53349222719729,,,,,,,,,,,,,,,,,,,,,,,,,,,,,,,,,,,,,,,,,,,,,,,,,,,,,,,,,,,,,,,,,,,,,,,,,,,,,,,,,,,,,,,,,,,,,,,,,,,,,,,,,,,,,,,,,,,,,,,,,,,,,,,,,,,,,,,,,,,,,,,,,,,,,,,,,,,,,,,,,,,,,,,,,,,,,,,,,,,,,,,,,,,,,,,,,,,,,,,,,,,,,,,,,,,,,,
791,PE,HT,#5,#7,MeOH_1,107136.13208521748,1.3179684995007974,3.631572759615652,50000000,-0.4619569566566939,-0.2163370926548895,86.8078709725712,,,,,,,,,,,,,,,,,,,,,,,,,,,,,,,,,,,,,,,,,,,,,,,,,,,,,,,,,,,,,,,,,,,,,,,,,,,,,,,,,,,,,,,,,,,,,,,,,,,,,,,,,,,,,,,,,,,,,,,,,,,,,,,,,,,,,,,,,,,,,,,,,,,,,,,,,,,,,,,,,,,,,,,,,,,,,,,,,,,,,,,,,,,,,,,,,,,,,,,,,,,,,,,,,,,,,,
792,PE,HT,#5,#8,FT_1,100506.87860971178,1.470127910772115,4.462862457158252,50000000,-0.5272938129578784,-0.7448155101615981,93.9486322386032,,,,,,,,,,,,,,,,,,,,,,,,,,,,,,,,,,,,,,,,,,,,,,,,,,,,,,,,,,,,,,,,,,,,,,,,,,,,,,,,,,,,,,,,,,,,,,,,,,,,,,,,,,,,,,,,,,,,,,,,,,,,,,,,,,,,,,,,,,,,,,,,,,,,,,,,,,,,,,,,,,,,,,,,,,,,,,,,,,,,,,,,,,,,,,,,,,,,,,,,,,,,,,,,,,,,,,
793,PE,HT,#5,#9,H2_1,207117.55928372464,1.372897601768035,3.8775051043247766,50000000,-0.5666715254039789,0.0862814085169056,85.70010774044141,,,,,,,,,,,,,,,,,,,,,,,,,,,,,,,,,,,,,,,,,,,,,,,,,,,,,,,,,,,,,,,,,,,,,,,,,,,,,,,,,,,,,,,,,,,,,,,,,,,,,,,,,,,,,,,,,,,,,,,,,,,,,,,,,,,,,,,,,,,,,,,,,,,,,,,,,,,,,,,,,,,,,,,,,,,,,,,,,,,,,,,,,,,,,,,,,,,,,,,,,,,,,,,,,,,,,,
794,PE,HT,#5,#10,MeOH_1,85267.77811136987,1.6688101170919958,6.501037402212229,50000000,-0.8047405649468189,-3.215122318998324,120.1276229725712,,,,,,,,,,,,,,,,,,,,,,,,,,,,,,,,,,,,,,,,,,,,,,,,,,,,,,,,,,,,,,,,,,,,,,,,,,,,,,,,,,,,,,,,,,,,,,,,,,,,,,,,,,,,,,,,,,,,,,,,,,,,,,,,,,,,,,,,,,,,,,,,,,,,,,,,,,,,,,,,,,,,,,,,,,,,,,,,,,,,,,,,,,,,,,,,,,,,,,,,,,,,,,,,,,,,,,
795,PE,HT,#5,#11,FT_1,98823.51927390035,1.834222576934598,7.708140020131632,50000000,-0.8909508965108276,-3.9948036359273673,127.04488663860319,,,,,,,,,,,,,,,,,,,,,,,,,,,,,,,,,,,,,,,,,,,,,,,,,,,,,,,,,,,,,,,,,,,,,,,,,,,,,,,,,,,,,,,,,,,,,,,,,,,,,,,,,,,,,,,,,,,,,,,,,,,,,,,,,,,,,,,,,,,,,,,,,,,,,,,,,,,,,,,,,,,,,,,,,,,,,,,,,,,,,,,,,,,,,,,,,,,,,,,,,,,,,,,,,,,,,,
796,PE,HT,#6,#1,MeOH_1,61622.972137398516,1.379959551534902,4.005863991069731,50000000,-0.5191857380849174,-0.8584561273110279,90.70564559614611,,,,,,,,,,,,,,,,,,,,,,,,,,,,,,,,,,,,,,,,,,,,,,,,,,,,,,,,,,,,,,,,,,,,,,,,,,,,,,,,,,,,,,,,,,,,,,,,,,,,,,,,,,,,,,,,,,,,,,,,,,,,,,,,,,,,,,,,,,,,,,,,,,,,,,,,,,,,,,,,,,,,,,,,,,,,,,,,,,,,,,,,,,,,,,,,,,,,,,,,,,,,,,,,,,,,,,
797,PE,HT,#6,#2,FT_1,58804.71826156629,1.5106620749209394,4.776869472299544,50000000,-0.5571119460163387,-1.2890760062638489,97.43107406217808,,,,,,,,,,,,,,,,,,,,,,,,,,,,,,,,,,,,,,,,,,,,,,,,,,,,,,,,,,,,,,,,,,,,,,,,,,,,,,,,,,,,,,,,,,,,,,,,,,,,,,,,,,,,,,,,,,,,,,,,,,,,,,,,,,,,,,,,,,,,,,,,,,,,,,,,,,,,,,,,,,,,,,,,,,,,,,,,,,,,,,,,,,,,,,,,,,,,,,,,,,,,,,,,,,,,,,
798,PE,HT,#6,#3,MeOH_1,163047.5386991334,1.4129264318726678,4.252708000948036,50000000,-0.6144715119358197,-0.5525202930975354,88.88080779750605,,,,,,,,,,,,,,,,,,,,,,,,,,,,,,,,,,,,,,,,,,,,,,,,,,,,,,,,,,,,,,,,,,,,,,,,,,,,,,,,,,,,,,,,,,,,,,,,,,,,,,,,,,,,,,,,,,,,,,,,,,,,,,,,,,,,,,,,,,,,,,,,,,,,,,,,,,,,,,,,,,,,,,,,,,,,,,,,,,,,,,,,,,,,,,,,,,,,,,,,,,,,,,,,,,,,,,
799,PE,HT,#6,#4,MeOH_1,43545.31034088384,1.6879130622965115,6.5729583437122425,50000000,-0.8221797452387878,-3.531938536251631,120.59476559614609,,,,,,,,,,,,,,,,,,,,,,,,,,,,,,,,,,,,,,,,,,,,,,,,,,,,,,,,,,,,,,,,,,,,,,,,,,,,,,,,,,,,,,,,,,,,,,,,,,,,,,,,,,,,,,,,,,,,,,,,,,,,,,,,,,,,,,,,,,,,,,,,,,,,,,,,,,,,,,,,,,,,,,,,,,,,,,,,,,,,,,,,,,,,,,,,,,,,,,,,,,,,,,,,,,,,,,
800,PE,HT,#6,#5,FT_1,57477.40256158377,1.8488414961087296,7.751903923107807,50000000,-0.8945430910643049,-4.267411662345981,127.7392756621781,,,,,,,,,,,,,,,,,,,,,,,,,,,,,,,,,,,,,,,,,,,,,,,,,,,,,,,,,,,,,,,,,,,,,,,,,,,,,,,,,,,,,,,,,,,,,,,,,,,,,,,,,,,,,,,,,,,,,,,,,,,,,,,,,,,,,,,,,,,,,,,,,,,,,,,,,,,,,,,,,,,,,,,,,,,,,,,,,,,,,,,,,,,,,,,,,,,,,,,,,,,,,,,,,,,,,,
801,PE,HT,#6,#6,Olefin,14388.01824199535,1.2305074865310668,2.5799956473106005,50000000,-0.5453929510671267,0.6131338845560896,77.44624954485452,,,,,,,,,,,,,,,,,,,,,,,,,,,,,,,,,,,,,,,,,,,,,,,,,,,,,,,,,,,,,,,,,,,,,,,,,,,,,,,,,,,,,,,,,,,,,,,,,,,,,,,,,,,,,,,,,,,,,,,,,,,,,,,,,,,,,,,,,,,,,,,,,,,,,,,,,,,,,,,,,,,,,,,,,,,,,,,,,,,,,,,,,,,,,,,,,,,,,,,,,,,,,,,,,,,,,,
802,PE,HT,#6,#7,MeOH_1,66395.34550498528,1.386526032732919,4.049404962648811,50000000,-0.5264798113158228,-0.8714723172879604,91.72062829022846,,,,,,,,,,,,,,,,,,,,,,,,,,,,,,,,,,,,,,,,,,,,,,,,,,,,,,,,,,,,,,,,,,,,,,,,,,,,,,,,,,,,,,,,,,,,,,,,,,,,,,,,,,,,,,,,,,,,,,,,,,,,,,,,,,,,,,,,,,,,,,,,,,,,,,,,,,,,,,,,,,,,,,,,,,,,,,,,,,,,,,,,,,,,,,,,,,,,,,,,,,,,,,,,,,,,,,
803,PE,HT,#6,#8,FT_1,59766.09202947959,1.538685444004236,4.880694660191411,50000000,-0.5918166676170068,-1.399950734794669,98.86138955626048,,,,,,,,,,,,,,,,,,,,,,,,,,,,,,,,,,,,,,,,,,,,,,,,,,,,,,,,,,,,,,,,,,,,,,,,,,,,,,,,,,,,,,,,,,,,,,,,,,,,,,,,,,,,,,,,,,,,,,,,,,,,,,,,,,,,,,,,,,,,,,,,,,,,,,,,,,,,,,,,,,,,,,,,,,,,,,,,,,,,,,,,,,,,,,,,,,,,,,,,,,,,,,,,,,,,,,
804,PE,HT,#6,#9,MeOH_1,166376.77270349246,1.441455135000155,4.295337307357937,50000000,-0.6311943800631066,-0.5688538161161664,90.61286505809869,,,,,,,,,,,,,,,,,,,,,,,,,,,,,,,,,,,,,,,,,,,,,,,,,,,,,,,,,,,,,,,,,,,,,,,,,,,,,,,,,,,,,,,,,,,,,,,,,,,,,,,,,,,,,,,,,,,,,,,,,,,,,,,,,,,,,,,,,,,,,,,,,,,,,,,,,,,,,,,,,,,,,,,,,,,,,,,,,,,,,,,,,,,,,,,,,,,,,,,,,,,,,,,,,,,,,,
805,PE,HT,#6,#10,MeOH_1,44526.99153113767,1.737367650324116,6.918869605245389,50000000,-0.8692634196059464,-3.870257543631395,125.04038029022848,,,,,,,,,,,,,,,,,,,,,,,,,,,,,,,,,,,,,,,,,,,,,,,,,,,,,,,,,,,,,,,,,,,,,,,,,,,,,,,,,,,,,,,,,,,,,,,,,,,,,,,,,,,,,,,,,,,,,,,,,,,,,,,,,,,,,,,,,,,,,,,,,,,,,,,,,,,,,,,,,,,,,,,,,,,,,,,,,,,,,,,,,,,,,,,,,,,,,,,,,,,,,,,,,,,,,,
806,PE,HT,#6,#11,FT_1,58082.73269366816,1.9027801101667192,8.125972223164792,50000000,-0.9554737511699564,-4.6499388605604395,131.95764395626045,,,,,,,,,,,,,,,,,,,,,,,,,,,,,,,,,,,,,,,,,,,,,,,,,,,,,,,,,,,,,,,,,,,,,,,,,,,,,,,,,,,,,,,,,,,,,,,,,,,,,,,,,,,,,,,,,,,,,,,,,,,,,,,,,,,,,,,,,,,,,,,,,,,,,,,,,,,,,,,,,,,,,,,,,,,,,,,,,,,,,,,,,,,,,,,,,,,,,,,,,,,,,,,,,,,,,,
807,PE,HT,#7,#1,MeOH_1,65038.3741905163,1.4390770154988686,4.386724656165745,50000000,-0.5606846234543914,-1.1261748861605367,92.80363279614609,,,,,,,,,,,,,,,,,,,,,,,,,,,,,,,,,,,,,,,,,,,,,,,,,,,,,,,,,,,,,,,,,,,,,,,,,,,,,,,,,,,,,,,,,,,,,,,,,,,,,,,,,,,,,,,,,,,,,,,,,,,,,,,,,,,,,,,,,,,,,,,,,,,,,,,,,,,,,,,,,,,,,,,,,,,,,,,,,,,,,,,,,,,,,,,,,,,,,,,,,,,,,,,,,,,,,,
808,PE,HT,#7,#2,FT_1,62220.12031468408,1.5697795388849047,5.157730137395559,50000000,-0.598610831385811,-1.556794765113359,99.52906126217808,,,,,,,,,,,,,,,,,,,,,,,,,,,,,,,,,,,,,,,,,,,,,,,,,,,,,,,,,,,,,,,,,,,,,,,,,,,,,,,,,,,,,,,,,,,,,,,,,,,,,,,,,,,,,,,,,,,,,,,,,,,,,,,,,,,,,,,,,,,,,,,,,,,,,,,,,,,,,,,,,,,,,,,,,,,,,,,,,,,,,,,,,,,,,,,,,,,,,,,,,,,,,,,,,,,,,,
809,PE,HT,#7,#3,H2_1,166462.9407522512,1.4720438958366326,4.63356866604405,50000000,-0.6559703973052917,-0.820239051947045,90.97879499750604,,,,,,,,,,,,,,,,,,,,,,,,,,,,,,,,,,,,,,,,,,,,,,,,,,,,,,,,,,,,,,,,,,,,,,,,,,,,,,,,,,,,,,,,,,,,,,,,,,,,,,,,,,,,,,,,,,,,,,,,,,,,,,,,,,,,,,,,,,,,,,,,,,,,,,,,,,,,,,,,,,,,,,,,,,,,,,,,,,,,,,,,,,,,,,,,,,,,,,,,,,,,,,,,,,,,,,
810,PE,HT,#7,#4,MeOH_1,46960.712394001624,1.7470305262604766,6.9538190088082565,50000000,-0.8636786306082604,-3.7996572951011394,122.69275279614611,,,,,,,,,,,,,,,,,,,,,,,,,,,,,,,,,,,,,,,,,,,,,,,,,,,,,,,,,,,,,,,,,,,,,,,,,,,,,,,,,,,,,,,,,,,,,,,,,,,,,,,,,,,,,,,,,,,,,,,,,,,,,,,,,,,,,,,,,,,,,,,,,,,,,,,,,,,,,,,,,,,,,,,,,,,,,,,,,,,,,,,,,,,,,,,,,,,,,,,,,,,,,,,,,,,,,,
811,PE,HT,#7,#5,FT_1,60892.804614701556,1.9079589600726963,8.132764588203818,50000000,-0.936041976433779,-4.535130421195487,129.83726286217808,,,,,,,,,,,,,,,,,,,,,,,,,,,,,,,,,,,,,,,,,,,,,,,,,,,,,,,,,,,,,,,,,,,,,,,,,,,,,,,,,,,,,,,,,,,,,,,,,,,,,,,,,,,,,,,,,,,,,,,,,,,,,,,,,,,,,,,,,,,,,,,,,,,,,,,,,,,,,,,,,,,,,,,,,,,,,,,,,,,,,,,,,,,,,,,,,,,,,,,,,,,,,,,,,,,,,,
812,PE,HT,#7,#6,Olefin,17803.420295113137,1.289624950495034,2.9608563124066136,50000000,-0.586891836436601,0.34541512570658117,79.54423674485453,,,,,,,,,,,,,,,,,,,,,,,,,,,,,,,,,,,,,,,,,,,,,,,,,,,,,,,,,,,,,,,,,,,,,,,,,,,,,,,,,,,,,,,,,,,,,,,,,,,,,,,,,,,,,,,,,,,,,,,,,,,,,,,,,,,,,,,,,,,,,,,,,,,,,,,,,,,,,,,,,,,,,,,,,,,,,,,,,,,,,,,,,,,,,,,,,,,,,,,,,,,,,,,,,,,,,,
813,PE,HT,#7,#7,MeOH_1,69810.74755810306,1.4456434966968836,4.430265627744825,50000000,-0.567978696685295,-1.1391910761374697,93.81861549022848,,,,,,,,,,,,,,,,,,,,,,,,,,,,,,,,,,,,,,,,,,,,,,,,,,,,,,,,,,,,,,,,,,,,,,,,,,,,,,,,,,,,,,,,,,,,,,,,,,,,,,,,,,,,,,,,,,,,,,,,,,,,,,,,,,,,,,,,,,,,,,,,,,,,,,,,,,,,,,,,,,,,,,,,,,,,,,,,,,,,,,,,,,,,,,,,,,,,,,,,,,,,,,,,,,,,,,
814,PE,HT,#7,#8,FT_1,63181.494082597375,1.5978029079682003,5.261555325287425,50000000,-0.6333155529864789,-1.6676694936441776,100.9593767562605,,,,,,,,,,,,,,,,,,,,,,,,,,,,,,,,,,,,,,,,,,,,,,,,,,,,,,,,,,,,,,,,,,,,,,,,,,,,,,,,,,,,,,,,,,,,,,,,,,,,,,,,,,,,,,,,,,,,,,,,,,,,,,,,,,,,,,,,,,,,,,,,,,,,,,,,,,,,,,,,,,,,,,,,,,,,,,,,,,,,,,,,,,,,,,,,,,,,,,,,,,,,,,,,,,,,,,
815,PE,HT,#7,#9,H2_1,169792.17475661024,1.5005725989641208,4.67619797245395,50000000,-0.6726932654325796,-0.8365725749656746,92.7108522580987,,,,,,,,,,,,,,,,,,,,,,,,,,,,,,,,,,,,,,,,,,,,,,,,,,,,,,,,,,,,,,,,,,,,,,,,,,,,,,,,,,,,,,,,,,,,,,,,,,,,,,,,,,,,,,,,,,,,,,,,,,,,,,,,,,,,,,,,,,,,,,,,,,,,,,,,,,,,,,,,,,,,,,,,,,,,,,,,,,,,,,,,,,,,,,,,,,,,,,,,,,,,,,,,,,,,,,
816,PE,HT,#7,#10,MeOH_1,47942.393584255464,1.7964851142880809,7.299730270341402,50000000,-0.9107623049754188,-4.1379763024809035,127.13836749022848,,,,,,,,,,,,,,,,,,,,,,,,,,,,,,,,,,,,,,,,,,,,,,,,,,,,,,,,,,,,,,,,,,,,,,,,,,,,,,,,,,,,,,,,,,,,,,,,,,,,,,,,,,,,,,,,,,,,,,,,,,,,,,,,,,,,,,,,,,,,,,,,,,,,,,,,,,,,,,,,,,,,,,,,,,,,,,,,,,,,,,,,,,,,,,,,,,,,,,,,,,,,,,,,,,,,,,
817,PE,HT,#7,#11,FT_1,61498.13474678594,1.9618975741306839,8.506832888260806,50000000,-0.9969726365394284,-4.917657619409948,134.05563115626046,,,,,,,,,,,,,,,,,,,,,,,,,,,,,,,,,,,,,,,,,,,,,,,,,,,,,,,,,,,,,,,,,,,,,,,,,,,,,,,,,,,,,,,,,,,,,,,,,,,,,,,,,,,,,,,,,,,,,,,,,,,,,,,,,,,,,,,,,,,,,,,,,,,,,,,,,,,,,,,,,,,,,,,,,,,,,,,,,,,,,,,,,,,,,,,,,,,,,,,,,,,,,,,,,,,,,,
818,PE,HT,#8,#1,MeOH_1,50425.40032630654,1.2893231354635015,2.5542805057189133,50000000,-0.49208239958661976,0.606220688915703,69.85554424468637,,,,,,,,,,,,,,,,,,,,,,,,,,,,,,,,,,,,,,,,,,,,,,,,,,,,,,,,,,,,,,,,,,,,,,,,,,,,,,,,,,,,,,,,,,,,,,,,,,,,,,,,,,,,,,,,,,,,,,,,,,,,,,,,,,,,,,,,,,,,,,,,,,,,,,,,,,,,,,,,,,,,,,,,,,,,,,,,,,,,,,,,,,,,,,,,,,,,,,,,,,,,,,,,,,,,,,
819,PE,HT,#8,#2,FT_1,47607.14645047431,1.4200256588495375,3.3252859869487272,50000000,-0.5300086075180388,0.17560080996288122,76.58097271071836,,,,,,,,,,,,,,,,,,,,,,,,,,,,,,,,,,,,,,,,,,,,,,,,,,,,,,,,,,,,,,,,,,,,,,,,,,,,,,,,,,,,,,,,,,,,,,,,,,,,,,,,,,,,,,,,,,,,,,,,,,,,,,,,,,,,,,,,,,,,,,,,,,,,,,,,,,,,,,,,,,,,,,,,,,,,,,,,,,,,,,,,,,,,,,,,,,,,,,,,,,,,,,,,,,,,,,
820,PE,HT,#8,#3,DIESEL_1,151849.9668880414,1.3222900158012671,2.801124515597219,50000000,-0.5873681734375217,0.9121565231291949,68.03070644604632,,,,,,,,,,,,,,,,,,,,,,,,,,,,,,,,,,,,,,,,,,,,,,,,,,,,,,,,,,,,,,,,,,,,,,,,,,,,,,,,,,,,,,,,,,,,,,,,,,,,,,,,,,,,,,,,,,,,,,,,,,,,,,,,,,,,,,,,,,,,,,,,,,,,,,,,,,,,,,,,,,,,,,,,,,,,,,,,,,,,,,,,,,,,,,,,,,,,,,,,,,,,,,,,,,,,,,
821,PE,HT,#8,#4,MeOH_1,32347.738529791855,1.5972766462251091,5.121374858361428,50000000,-0.795076406740488,-2.0672617200249017,99.74466424468636,,,,,,,,,,,,,,,,,,,,,,,,,,,,,,,,,,,,,,,,,,,,,,,,,,,,,,,,,,,,,,,,,,,,,,,,,,,,,,,,,,,,,,,,,,,,,,,,,,,,,,,,,,,,,,,,,,,,,,,,,,,,,,,,,,,,,,,,,,,,,,,,,,,,,,,,,,,,,,,,,,,,,,,,,,,,,,,,,,,,,,,,,,,,,,,,,,,,,,,,,,,,,,,,,,,,,,
822,PE,HT,#8,#5,FT_1,46279.83075049178,1.7582050800373283,6.300320437756988,50000000,-0.8674397525660061,-2.8027348461192476,106.88917431071835,,,,,,,,,,,,,,,,,,,,,,,,,,,,,,,,,,,,,,,,,,,,,,,,,,,,,,,,,,,,,,,,,,,,,,,,,,,,,,,,,,,,,,,,,,,,,,,,,,,,,,,,,,,,,,,,,,,,,,,,,,,,,,,,,,,,,,,,,,,,,,,,,,,,,,,,,,,,,,,,,,,,,,,,,,,,,,,,,,,,,,,,,,,,,,,,,,,,,,,,,,,,,,,,,,,,,,
823,PE,HT,#8,#6,Olefin,3190.446430903371,1.1398710704596662,1.1284121619597827,50000000,-0.5182896125688282,2.0778107007828206,56.596148193394804,,,,,,,,,,,,,,,,,,,,,,,,,,,,,,,,,,,,,,,,,,,,,,,,,,,,,,,,,,,,,,,,,,,,,,,,,,,,,,,,,,,,,,,,,,,,,,,,,,,,,,,,,,,,,,,,,,,,,,,,,,,,,,,,,,,,,,,,,,,,,,,,,,,,,,,,,,,,,,,,,,,,,,,,,,,,,,,,,,,,,,,,,,,,,,,,,,,,,,,,,,,,,,,,,,,,,,
824,PE,HT,#8,#7,MeOH_1,55197.7736938933,1.2958896166615186,2.5978214772979946,50000000,-0.4993764728175252,0.59320449893877,70.87052693876873,,,,,,,,,,,,,,,,,,,,,,,,,,,,,,,,,,,,,,,,,,,,,,,,,,,,,,,,,,,,,,,,,,,,,,,,,,,,,,,,,,,,,,,,,,,,,,,,,,,,,,,,,,,,,,,,,,,,,,,,,,,,,,,,,,,,,,,,,,,,,,,,,,,,,,,,,,,,,,,,,,,,,,,,,,,,,,,,,,,,,,,,,,,,,,,,,,,,,,,,,,,,,,,,,,,,,,
825,PE,HT,#8,#8,FT_1,48568.52021838761,1.4480490279328353,3.4291111748405934,50000000,-0.5647133291187086,0.06472608143206239,78.01128820480074,,,,,,,,,,,,,,,,,,,,,,,,,,,,,,,,,,,,,,,,,,,,,,,,,,,,,,,,,,,,,,,,,,,,,,,,,,,,,,,,,,,,,,,,,,,,,,,,,,,,,,,,,,,,,,,,,,,,,,,,,,,,,,,,,,,,,,,,,,,,,,,,,,,,,,,,,,,,,,,,,,,,,,,,,,,,,,,,,,,,,,,,,,,,,,,,,,,,,,,,,,,,,,,,,,,,,,
826,PE,HT,#8,#9,DIESEL_1,155179.20089240046,1.3508187189287553,2.8437538220071192,50000000,-0.6040910415648092,0.8958230001105651,69.76276370663895,,,,,,,,,,,,,,,,,,,,,,,,,,,,,,,,,,,,,,,,,,,,,,,,,,,,,,,,,,,,,,,,,,,,,,,,,,,,,,,,,,,,,,,,,,,,,,,,,,,,,,,,,,,,,,,,,,,,,,,,,,,,,,,,,,,,,,,,,,,,,,,,,,,,,,,,,,,,,,,,,,,,,,,,,,,,,,,,,,,,,,,,,,,,,,,,,,,,,,,,,,,,,,,,,,,,,,
827,PE,HT,#8,#10,MeOH_1,33329.41972004569,1.6467312342527134,5.467286119894572,50000000,-0.8421600811076465,-2.405580727404665,104.19027893876873,,,,,,,,,,,,,,,,,,,,,,,,,,,,,,,,,,,,,,,,,,,,,,,,,,,,,,,,,,,,,,,,,,,,,,,,,,,,,,,,,,,,,,,,,,,,,,,,,,,,,,,,,,,,,,,,,,,,,,,,,,,,,,,,,,,,,,,,,,,,,,,,,,,,,,,,,,,,,,,,,,,,,,,,,,,,,,,,,,,,,,,,,,,,,,,,,,,,,,,,,,,,,,,,,,,,,,
828,PE,HT,#8,#11,FT_1,46885.16088257618,1.8121436940953188,6.674388737813977,50000000,-0.9283704126716585,-3.1852620443337094,111.10754260480073,,,,,,,,,,,,,,,,,,,,,,,,,,,,,,,,,,,,,,,,,,,,,,,,,,,,,,,,,,,,,,,,,,,,,,,,,,,,,,,,,,,,,,,,,,,,,,,,,,,,,,,,,,,,,,,,,,,,,,,,,,,,,,,,,,,,,,,,,,,,,,,,,,,,,,,,,,,,,,,,,,,,,,,,,,,,,,,,,,,,,,,,,,,,,,,,,,,,,,,,,,,,,,,,,,,,,,
829,PE,HT,#9,#1,MeOH_1,50425.40032630654,1.398262734909074,2.9726208563675542,50000000,-0.6249763211054139,0.2513609987458438,72.79705509172635,,,,,,,,,,,,,,,,,,,,,,,,,,,,,,,,,,,,,,,,,,,,,,,,,,,,,,,,,,,,,,,,,,,,,,,,,,,,,,,,,,,,,,,,,,,,,,,,,,,,,,,,,,,,,,,,,,,,,,,,,,,,,,,,,,,,,,,,,,,,,,,,,,,,,,,,,,,,,,,,,,,,,,,,,,,,,,,,,,,,,,,,,,,,,,,,,,,,,,,,,,,,,,,,,,,,,,
830,PE,HT,#9,#2,FT_1,47607.14645047431,1.5289652582951117,3.7436263375973673,50000000,-0.6629025290368351,-0.17925888020697683,79.52248355775835,,,,,,,,,,,,,,,,,,,,,,,,,,,,,,,,,,,,,,,,,,,,,,,,,,,,,,,,,,,,,,,,,,,,,,,,,,,,,,,,,,,,,,,,,,,,,,,,,,,,,,,,,,,,,,,,,,,,,,,,,,,,,,,,,,,,,,,,,,,,,,,,,,,,,,,,,,,,,,,,,,,,,,,,,,,,,,,,,,,,,,,,,,,,,,,,,,,,,,,,,,,,,,,,,,,,,,
831,PE,HT,#9,#3,H2_1,151849.9668880414,1.4312296152468402,3.2194648662458594,50000000,-0.7202620949563163,0.5572968329593361,70.9722172930863,,,,,,,,,,,,,,,,,,,,,,,,,,,,,,,,,,,,,,,,,,,,,,,,,,,,,,,,,,,,,,,,,,,,,,,,,,,,,,,,,,,,,,,,,,,,,,,,,,,,,,,,,,,,,,,,,,,,,,,,,,,,,,,,,,,,,,,,,,,,,,,,,,,,,,,,,,,,,,,,,,,,,,,,,,,,,,,,,,,,,,,,,,,,,,,,,,,,,,,,,,,,,,,,,,,,,,
832,PE,HT,#9,#4,MeOH_1,32347.738529791855,1.7062162456706833,5.539715209010067,50000000,-0.927970328259284,-2.42212141019476,102.68617509172635,,,,,,,,,,,,,,,,,,,,,,,,,,,,,,,,,,,,,,,,,,,,,,,,,,,,,,,,,,,,,,,,,,,,,,,,,,,,,,,,,,,,,,,,,,,,,,,,,,,,,,,,,,,,,,,,,,,,,,,,,,,,,,,,,,,,,,,,,,,,,,,,,,,,,,,,,,,,,,,,,,,,,,,,,,,,,,,,,,,,,,,,,,,,,,,,,,,,,,,,,,,,,,,,,,,,,,
833,PE,HT,#9,#5,FT_1,46279.83075049178,1.8671446794829034,6.7186607884056295,50000000,-1.0003336740848032,-3.157594536289108,109.83068515775837,,,,,,,,,,,,,,,,,,,,,,,,,,,,,,,,,,,,,,,,,,,,,,,,,,,,,,,,,,,,,,,,,,,,,,,,,,,,,,,,,,,,,,,,,,,,,,,,,,,,,,,,,,,,,,,,,,,,,,,,,,,,,,,,,,,,,,,,,,,,,,,,,,,,,,,,,,,,,,,,,,,,,,,,,,,,,,,,,,,,,,,,,,,,,,,,,,,,,,,,,,,,,,,,,,,,,,
834,PE,HT,#9,#6,Olefin,3190.446430903371,1.248810669905239,1.5467525126084232,50000000,-0.6511835340876231,1.7229510106129617,59.53765904043481,,,,,,,,,,,,,,,,,,,,,,,,,,,,,,,,,,,,,,,,,,,,,,,,,,,,,,,,,,,,,,,,,,,,,,,,,,,,,,,,,,,,,,,,,,,,,,,,,,,,,,,,,,,,,,,,,,,,,,,,,,,,,,,,,,,,,,,,,,,,,,,,,,,,,,,,,,,,,,,,,,,,,,,,,,,,,,,,,,,,,,,,,,,,,,,,,,,,,,,,,,,,,,,,,,,,,,
835,PE,HT,#9,#7,MeOH_1,55197.7736938933,1.404829216107091,3.0161618279466347,50000000,-0.6322703943363194,0.23834480876891107,73.81203778580874,,,,,,,,,,,,,,,,,,,,,,,,,,,,,,,,,,,,,,,,,,,,,,,,,,,,,,,,,,,,,,,,,,,,,,,,,,,,,,,,,,,,,,,,,,,,,,,,,,,,,,,,,,,,,,,,,,,,,,,,,,,,,,,,,,,,,,,,,,,,,,,,,,,,,,,,,,,,,,,,,,,,,,,,,,,,,,,,,,,,,,,,,,,,,,,,,,,,,,,,,,,,,,,,,,,,,,
836,PE,HT,#9,#8,FT_1,48568.52021838761,1.5569886273784084,3.847451525489234,50000000,-0.6976072506375037,-0.29013360873779653,80.95279905184074,,,,,,,,,,,,,,,,,,,,,,,,,,,,,,,,,,,,,,,,,,,,,,,,,,,,,,,,,,,,,,,,,,,,,,,,,,,,,,,,,,,,,,,,,,,,,,,,,,,,,,,,,,,,,,,,,,,,,,,,,,,,,,,,,,,,,,,,,,,,,,,,,,,,,,,,,,,,,,,,,,,,,,,,,,,,,,,,,,,,,,,,,,,,,,,,,,,,,,,,,,,,,,,,,,,,,,
837,PE,HT,#9,#9,H2_1,155179.20089240046,1.4597583183743281,3.2620941726557593,50000000,-0.7369849630836038,0.5409633099407062,72.70427455367896,,,,,,,,,,,,,,,,,,,,,,,,,,,,,,,,,,,,,,,,,,,,,,,,,,,,,,,,,,,,,,,,,,,,,,,,,,,,,,,,,,,,,,,,,,,,,,,,,,,,,,,,,,,,,,,,,,,,,,,,,,,,,,,,,,,,,,,,,,,,,,,,,,,,,,,,,,,,,,,,,,,,,,,,,,,,,,,,,,,,,,,,,,,,,,,,,,,,,,,,,,,,,,,,,,,,,,
838,PE,HT,#9,#10,MeOH_1,33329.41972004569,1.7556708336982882,5.885626470543213,50000000,-0.975054002626443,-2.760440417574524,107.13178978580873,,,,,,,,,,,,,,,,,,,,,,,,,,,,,,,,,,,,,,,,,,,,,,,,,,,,,,,,,,,,,,,,,,,,,,,,,,,,,,,,,,,,,,,,,,,,,,,,,,,,,,,,,,,,,,,,,,,,,,,,,,,,,,,,,,,,,,,,,,,,,,,,,,,,,,,,,,,,,,,,,,,,,,,,,,,,,,,,,,,,,,,,,,,,,,,,,,,,,,,,,,,,,,,,,,,,,,
839,PE,HT,#9,#11,FT_1,46885.16088257618,1.921083293540891,7.092729088462616,50000000,-1.0612643341904526,-3.5401217345035683,114.04905345184075,,,,,,,,,,,,,,,,,,,,,,,,,,,,,,,,,,,,,,,,,,,,,,,,,,,,,,,,,,,,,,,,,,,,,,,,,,,,,,,,,,,,,,,,,,,,,,,,,,,,,,,,,,,,,,,,,,,,,,,,,,,,,,,,,,,,,,,,,,,,,,,,,,,,,,,,,,,,,,,,,,,,,,,,,,,,,,,,,,,,,,,,,,,,,,,,,,,,,,,,,,,,,,,,,,,,,,
840,PE,LT,#1,#1,DIESEL_1,6116.6064104256375,1.2142319518849356,1.8012461523060475,50000000,-0.4154744298378154,1.0603780880003755,85.93895404236105,,,,,,,,,,,,,,,,,,,,,,,,,,,,,,,,,,,,,,,,,,,,,,,,,,,,,,,,,,,,,,,,,,,,,,,,,,,,,,,,,,,,,,,,,,,,,,,,,,,,,,,,,,,,,,,,,,,,,,,,,,,,,,,,,,,,,,,,,,,,,,,,,,,,,,,,,,,,,,,,,,,,,,,,,,,,,,,,,,,,,,,,,,,,,,,,,,,,,,,,,,,,,,,,,,,,,,
841,PE,LT,#1,#2,DIESEL_1,3611.90095345195,1.2893736516440553,1.9342877922791002,50000000,-0.4762139399816095,0.937088153357767,88.22770972236106,,,,,,,,,,,,,,,,,,,,,,,,,,,,,,,,,,,,,,,,,,,,,,,,,,,,,,,,,,,,,,,,,,,,,,,,,,,,,,,,,,,,,,,,,,,,,,,,,,,,,,,,,,,,,,,,,,,,,,,,,,,,,,,,,,,,,,,,,,,,,,,,,,,,,,,,,,,,,,,,,,,,,,,,,,,,,,,,,,,,,,,,,,,,,,,,,,,,,,,,,,,,,,,,,,,,,,
842,PE,LT,#1,#3,DIESEL_1,6936.488248931191,1.200003974765337,1.659681237794016,50000000,-0.39797052847716413,1.2068877647320186,85.18809967712112,,,,,,,,,,,,,,,,,,,,,,,,,,,,,,,,,,,,,,,,,,,,,,,,,,,,,,,,,,,,,,,,,,,,,,,,,,,,,,,,,,,,,,,,,,,,,,,,,,,,,,,,,,,,,,,,,,,,,,,,,,,,,,,,,,,,,,,,,,,,,,,,,,,,,,,,,,,,,,,,,,,,,,,,,,,,,,,,,,,,,,,,,,,,,,,,,,,,,,,,,,,,,,,,,,,,,,
843,PE,LT,#1,#4,DIESEL_1,1061.8766286212215,1.2065914638988031,1.701062754984243,50000000,-0.4070214911329721,1.1298015553218062,85.29365191436105,,,,,,,,,,,,,,,,,,,,,,,,,,,,,,,,,,,,,,,,,,,,,,,,,,,,,,,,,,,,,,,,,,,,,,,,,,,,,,,,,,,,,,,,,,,,,,,,,,,,,,,,,,,,,,,,,,,,,,,,,,,,,,,,,,,,,,,,,,,,,,,,,,,,,,,,,,,,,,,,,,,,,,,,,,,,,,,,,,,,,,,,,,,,,,,,,,,,,,,,,,,,,,,,,,,,,,
844,PE,LT,#1,#5,DIESEL_1,5100.415495672858,1.274361618325977,1.9351105373261455,50000000,-0.45503318142875326,0.9518077727511357,88.51553916236105,,,,,,,,,,,,,,,,,,,,,,,,,,,,,,,,,,,,,,,,,,,,,,,,,,,,,,,,,,,,,,,,,,,,,,,,,,,,,,,,,,,,,,,,,,,,,,,,,,,,,,,,,,,,,,,,,,,,,,,,,,,,,,,,,,,,,,,,,,,,,,,,,,,,,,,,,,,,,,,,,,,,,,,,,,,,,,,,,,,,,,,,,,,,,,,,,,,,,,,,,,,,,,,,,,,,,,
845,PE,LT,#1,#6,DIESEL_1,1060.7564373491289,1.1463892223198433,1.4614595453091217,50000000,-0.34919505734251216,1.3856804243520702,82.40852001838132,,,,,,,,,,,,,,,,,,,,,,,,,,,,,,,,,,,,,,,,,,,,,,,,,,,,,,,,,,,,,,,,,,,,,,,,,,,,,,,,,,,,,,,,,,,,,,,,,,,,,,,,,,,,,,,,,,,,,,,,,,,,,,,,,,,,,,,,,,,,,,,,,,,,,,,,,,,,,,,,,,,,,,,,,,,,,,,,,,,,,,,,,,,,,,,,,,,,,,,,,,,,,,,,,,,,,,
846,PE,LT,#1,#7,DIESEL_1,5996.707088899648,1.19512312078677,1.6891049218547163,50000000,-0.3939794045301422,1.1716431594474432,85.10287232490226,,,,,,,,,,,,,,,,,,,,,,,,,,,,,,,,,,,,,,,,,,,,,,,,,,,,,,,,,,,,,,,,,,,,,,,,,,,,,,,,,,,,,,,,,,,,,,,,,,,,,,,,,,,,,,,,,,,,,,,,,,,,,,,,,,,,,,,,,,,,,,,,,,,,,,,,,,,,,,,,,,,,,,,,,,,,,,,,,,,,,,,,,,,,,,,,,,,,,,,,,,,,,,,,,,,,,,
847,PE,LT,#1,#8,DIESEL_1,2939.5634915409923,1.2467293893990834,1.7915585061670118,50000000,-0.44167848270856114,1.0600286575130315,86.3143726309343,,,,,,,,,,,,,,,,,,,,,,,,,,,,,,,,,,,,,,,,,,,,,,,,,,,,,,,,,,,,,,,,,,,,,,,,,,,,,,,,,,,,,,,,,,,,,,,,,,,,,,,,,,,,,,,,,,,,,,,,,,,,,,,,,,,,,,,,,,,,,,,,,,,,,,,,,,,,,,,,,,,,,,,,,,,,,,,,,,,,,,,,,,,,,,,,,,,,,,,,,,,,,,,,,,,,,,
848,PE,LT,#1,#9,DIESEL_1,6834.936225643819,1.188529443129595,1.6293063662747747,50000000,-0.38648909106076856,1.2364605328233202,84.9152973935231,,,,,,,,,,,,,,,,,,,,,,,,,,,,,,,,,,,,,,,,,,,,,,,,,,,,,,,,,,,,,,,,,,,,,,,,,,,,,,,,,,,,,,,,,,,,,,,,,,,,,,,,,,,,,,,,,,,,,,,,,,,,,,,,,,,,,,,,,,,,,,,,,,,,,,,,,,,,,,,,,,,,,,,,,,,,,,,,,,,,,,,,,,,,,,,,,,,,,,,,,,,,,,,,,,,,,,
849,PE,LT,#1,#10,DIESEL_1,1960.7355780401565,1.2705615808530497,1.7836630789664853,50000000,-0.46866986629086554,1.0532878365723324,86.46414746090227,,,,,,,,,,,,,,,,,,,,,,,,,,,,,,,,,,,,,,,,,,,,,,,,,,,,,,,,,,,,,,,,,,,,,,,,,,,,,,,,,,,,,,,,,,,,,,,,,,,,,,,,,,,,,,,,,,,,,,,,,,,,,,,,,,,,,,,,,,,,,,,,,,,,,,,,,,,,,,,,,,,,,,,,,,,,,,,,,,,,,,,,,,,,,,,,,,,,,,,,,,,,,,,,,,,,,,
850,PE,LT,#1,#11,DIESEL_1,2411.1641275142697,1.2811530770613218,1.8425299150969652,50000000,-0.4780020951757314,1.007115484764993,86.82529927093428,,,,,,,,,,,,,,,,,,,,,,,,,,,,,,,,,,,,,,,,,,,,,,,,,,,,,,,,,,,,,,,,,,,,,,,,,,,,,,,,,,,,,,,,,,,,,,,,,,,,,,,,,,,,,,,,,,,,,,,,,,,,,,,,,,,,,,,,,,,,,,,,,,,,,,,,,,,,,,,,,,,,,,,,,,,,,,,,,,,,,,,,,,,,,,,,,,,,,,,,,,,,,,,,,,,,,,
851,PE,LT,#2,#1,WAX_1,47216.78483090007,1.204596364623909,2.216236056081799,50000000,-0.4863573622839321,1.3102136549141847,79.73041881292106,,,,,,,,,,,,,,,,,,,,,,,,,,,,,,,,,,,,,,,,,,,,,,,,,,,,,,,,,,,,,,,,,,,,,,,,,,,,,,,,,,,,,,,,,,,,,,,,,,,,,,,,,,,,,,,,,,,,,,,,,,,,,,,,,,,,,,,,,,,,,,,,,,,,,,,,,,,,,,,,,,,,,,,,,,,,,,,,,,,,,,,,,,,,,,,,,,,,,,,,,,,,,,,,,,,,,,
852,PE,LT,#2,#2,WAX_1,44712.079373926375,1.2797380643830285,2.349277696054852,50000000,-0.5470968724277262,1.1869237202715763,76.69080876768113,,,,,,,,,,,,,,,,,,,,,,,,,,,,,,,,,,,,,,,,,,,,,,,,,,,,,,,,,,,,,,,,,,,,,,,,,,,,,,,,,,,,,,,,,,,,,,,,,,,,,,,,,,,,,,,,,,,,,,,,,,,,,,,,,,,,,,,,,,,,,,,,,,,,,,,,,,,,,,,,,,,,,,,,,,,,,,,,,,,,,,,,,,,,,,,,,,,,,,,,,,,,,,,,,,,,,,
853,PE,LT,#2,#3,WAX_1,48036.66666940562,1.1903683875043103,2.074671141569768,50000000,-0.4688534609232808,1.456723331645828,76.79636100492105,,,,,,,,,,,,,,,,,,,,,,,,,,,,,,,,,,,,,,,,,,,,,,,,,,,,,,,,,,,,,,,,,,,,,,,,,,,,,,,,,,,,,,,,,,,,,,,,,,,,,,,,,,,,,,,,,,,,,,,,,,,,,,,,,,,,,,,,,,,,,,,,,,,,,,,,,,,,,,,,,,,,,,,,,,,,,,,,,,,,,,,,,,,,,,,,,,,,,,,,,,,,,,,,,,,,,,
854,PE,LT,#2,#4,WAX_1,42162.05504909565,1.1969558766377766,2.116052658759995,50000000,-0.4779044235790886,1.3796371222356156,80.01824825292105,,,,,,,,,,,,,,,,,,,,,,,,,,,,,,,,,,,,,,,,,,,,,,,,,,,,,,,,,,,,,,,,,,,,,,,,,,,,,,,,,,,,,,,,,,,,,,,,,,,,,,,,,,,,,,,,,,,,,,,,,,,,,,,,,,,,,,,,,,,,,,,,,,,,,,,,,,,,,,,,,,,,,,,,,,,,,,,,,,,,,,,,,,,,,,,,,,,,,,,,,,,,,,,,,,,,,,
855,PE,LT,#2,#5,WAX_1,46200.593916147285,1.2647260310649504,2.350100441101897,50000000,-0.5259161138748701,1.201643339664945,73.91122910894133,,,,,,,,,,,,,,,,,,,,,,,,,,,,,,,,,,,,,,,,,,,,,,,,,,,,,,,,,,,,,,,,,,,,,,,,,,,,,,,,,,,,,,,,,,,,,,,,,,,,,,,,,,,,,,,,,,,,,,,,,,,,,,,,,,,,,,,,,,,,,,,,,,,,,,,,,,,,,,,,,,,,,,,,,,,,,,,,,,,,,,,,,,,,,,,,,,,,,,,,,,,,,,,,,,,,,,
856,PE,LT,#2,#6,WAX_1,42160.93485782356,1.1367536350588163,1.876449449084873,50000000,-0.4200779897886282,1.6355159912658797,76.60558141546228,,,,,,,,,,,,,,,,,,,,,,,,,,,,,,,,,,,,,,,,,,,,,,,,,,,,,,,,,,,,,,,,,,,,,,,,,,,,,,,,,,,,,,,,,,,,,,,,,,,,,,,,,,,,,,,,,,,,,,,,,,,,,,,,,,,,,,,,,,,,,,,,,,,,,,,,,,,,,,,,,,,,,,,,,,,,,,,,,,,,,,,,,,,,,,,,,,,,,,,,,,,,,,,,,,,,,,
857,PE,LT,#2,#7,WAX_1,47096.88550937408,1.185487533525743,2.1040948256304675,50000000,-0.4648623369762586,1.421478726361253,77.81708172149429,,,,,,,,,,,,,,,,,,,,,,,,,,,,,,,,,,,,,,,,,,,,,,,,,,,,,,,,,,,,,,,,,,,,,,,,,,,,,,,,,,,,,,,,,,,,,,,,,,,,,,,,,,,,,,,,,,,,,,,,,,,,,,,,,,,,,,,,,,,,,,,,,,,,,,,,,,,,,,,,,,,,,,,,,,,,,,,,,,,,,,,,,,,,,,,,,,,,,,,,,,,,,,,,,,,,,,
858,PE,LT,#2,#8,WAX_1,44039.74191201542,1.2370938021380564,2.2065484099427635,50000000,-0.5125614151546775,1.3098642244268413,76.41800648408311,,,,,,,,,,,,,,,,,,,,,,,,,,,,,,,,,,,,,,,,,,,,,,,,,,,,,,,,,,,,,,,,,,,,,,,,,,,,,,,,,,,,,,,,,,,,,,,,,,,,,,,,,,,,,,,,,,,,,,,,,,,,,,,,,,,,,,,,,,,,,,,,,,,,,,,,,,,,,,,,,,,,,,,,,,,,,,,,,,,,,,,,,,,,,,,,,,,,,,,,,,,,,,,,,,,,,,
859,PE,LT,#2,#9,WAX_1,47935.11464611825,1.1788938558685687,2.044296270050526,50000000,-0.4573720235068855,1.4862960997371302,77.96685655146227,,,,,,,,,,,,,,,,,,,,,,,,,,,,,,,,,,,,,,,,,,,,,,,,,,,,,,,,,,,,,,,,,,,,,,,,,,,,,,,,,,,,,,,,,,,,,,,,,,,,,,,,,,,,,,,,,,,,,,,,,,,,,,,,,,,,,,,,,,,,,,,,,,,,,,,,,,,,,,,,,,,,,,,,,,,,,,,,,,,,,,,,,,,,,,,,,,,,,,,,,,,,,,,,,,,,,,
860,PE,LT,#2,#10,WAX_1,43060.91399851459,1.2609259935920227,2.198652982742236,50000000,-0.539552798736982,1.3031234034861425,78.32800836149428,,,,,,,,,,,,,,,,,,,,,,,,,,,,,,,,,,,,,,,,,,,,,,,,,,,,,,,,,,,,,,,,,,,,,,,,,,,,,,,,,,,,,,,,,,,,,,,,,,,,,,,,,,,,,,,,,,,,,,,,,,,,,,,,,,,,,,,,,,,,,,,,,,,,,,,,,,,,,,,,,,,,,,,,,,,,,,,,,,,,,,,,,,,,,,,,,,,,,,,,,,,,,,,,,,,,,,
861,PE,LT,#2,#11,WAX_1,43511.3425479887,1.2715174898002946,2.2575198188727166,50000000,-0.5488850276218475,1.2569510516788027,73.57616413056006,,,,,,,,,,,,,,,,,,,,,,,,,,,,,,,,,,,,,,,,,,,,,,,,,,,,,,,,,,,,,,,,,,,,,,,,,,,,,,,,,,,,,,,,,,,,,,,,,,,,,,,,,,,,,,,,,,,,,,,,,,,,,,,,,,,,,,,,,,,,,,,,,,,,,,,,,,,,,,,,,,,,,,,,,,,,,,,,,,,,,,,,,,,,,,,,,,,,,,,,,,,,,,,,,,,,,,
862,PE,LT,#3,#1,WAX_1,72177.76042361559,1.4470187686544458,3.0204727760681274,50000000,-0.6855299666737005,0.4543982969710648,84.46774863525168,,,,,,,,,,,,,,,,,,,,,,,,,,,,,,,,,,,,,,,,,,,,,,,,,,,,,,,,,,,,,,,,,,,,,,,,,,,,,,,,,,,,,,,,,,,,,,,,,,,,,,,,,,,,,,,,,,,,,,,,,,,,,,,,,,,,,,,,,,,,,,,,,,,,,,,,,,,,,,,,,,,,,,,,,,,,,,,,,,,,,,,,,,,,,,,,,,,,,,,,,,,,,,,,,,,,,,
863,PE,LT,#3,#2,WAX_1,69673.0549666419,1.522160468413567,3.153514416041179,50000000,-0.7462694768174962,0.3311083623284569,86.75650431525168,,,,,,,,,,,,,,,,,,,,,,,,,,,,,,,,,,,,,,,,,,,,,,,,,,,,,,,,,,,,,,,,,,,,,,,,,,,,,,,,,,,,,,,,,,,,,,,,,,,,,,,,,,,,,,,,,,,,,,,,,,,,,,,,,,,,,,,,,,,,,,,,,,,,,,,,,,,,,,,,,,,,,,,,,,,,,,,,,,,,,,,,,,,,,,,,,,,,,,,,,,,,,,,,,,,,,,
864,PE,LT,#3,#3,WAX_1,72997.64226212115,1.4327907915348468,2.8789078615560957,50000000,-0.6680260653130489,0.6009079737027082,83.71689427001175,,,,,,,,,,,,,,,,,,,,,,,,,,,,,,,,,,,,,,,,,,,,,,,,,,,,,,,,,,,,,,,,,,,,,,,,,,,,,,,,,,,,,,,,,,,,,,,,,,,,,,,,,,,,,,,,,,,,,,,,,,,,,,,,,,,,,,,,,,,,,,,,,,,,,,,,,,,,,,,,,,,,,,,,,,,,,,,,,,,,,,,,,,,,,,,,,,,,,,,,,,,,,,,,,,,,,,
865,PE,LT,#3,#4,WAX_1,67123.03064181117,1.4393782806683153,2.920289378746322,50000000,-0.6770770279688594,0.5238217642924958,83.82244650725167,,,,,,,,,,,,,,,,,,,,,,,,,,,,,,,,,,,,,,,,,,,,,,,,,,,,,,,,,,,,,,,,,,,,,,,,,,,,,,,,,,,,,,,,,,,,,,,,,,,,,,,,,,,,,,,,,,,,,,,,,,,,,,,,,,,,,,,,,,,,,,,,,,,,,,,,,,,,,,,,,,,,,,,,,,,,,,,,,,,,,,,,,,,,,,,,,,,,,,,,,,,,,,,,,,,,,,
866,PE,LT,#3,#5,WAX_1,71161.56950886281,1.5071484350954891,3.1543371610882245,50000000,-0.7250887182646403,0.34582798172182533,87.04433375525167,,,,,,,,,,,,,,,,,,,,,,,,,,,,,,,,,,,,,,,,,,,,,,,,,,,,,,,,,,,,,,,,,,,,,,,,,,,,,,,,,,,,,,,,,,,,,,,,,,,,,,,,,,,,,,,,,,,,,,,,,,,,,,,,,,,,,,,,,,,,,,,,,,,,,,,,,,,,,,,,,,,,,,,,,,,,,,,,,,,,,,,,,,,,,,,,,,,,,,,,,,,,,,,,,,,,,,
867,PE,LT,#3,#6,WAX_1,67121.91045053909,1.3791760390893535,2.6806861690712007,50000000,-0.6192505941783973,0.7797006333227599,80.93731461127194,,,,,,,,,,,,,,,,,,,,,,,,,,,,,,,,,,,,,,,,,,,,,,,,,,,,,,,,,,,,,,,,,,,,,,,,,,,,,,,,,,,,,,,,,,,,,,,,,,,,,,,,,,,,,,,,,,,,,,,,,,,,,,,,,,,,,,,,,,,,,,,,,,,,,,,,,,,,,,,,,,,,,,,,,,,,,,,,,,,,,,,,,,,,,,,,,,,,,,,,,,,,,,,,,,,,,,
868,PE,LT,#3,#7,WAX_1,72057.8611020896,1.427909937556282,2.908331545616795,50000000,-0.6640349413660291,0.5656633684181336,83.6316669177929,,,,,,,,,,,,,,,,,,,,,,,,,,,,,,,,,,,,,,,,,,,,,,,,,,,,,,,,,,,,,,,,,,,,,,,,,,,,,,,,,,,,,,,,,,,,,,,,,,,,,,,,,,,,,,,,,,,,,,,,,,,,,,,,,,,,,,,,,,,,,,,,,,,,,,,,,,,,,,,,,,,,,,,,,,,,,,,,,,,,,,,,,,,,,,,,,,,,,,,,,,,,,,,,,,,,,,
869,PE,LT,#3,#8,WAX_1,69000.71750473094,1.4795162061685954,3.0107851299290918,50000000,-0.7117340195444478,0.45404886648372056,84.84316722382489,,,,,,,,,,,,,,,,,,,,,,,,,,,,,,,,,,,,,,,,,,,,,,,,,,,,,,,,,,,,,,,,,,,,,,,,,,,,,,,,,,,,,,,,,,,,,,,,,,,,,,,,,,,,,,,,,,,,,,,,,,,,,,,,,,,,,,,,,,,,,,,,,,,,,,,,,,,,,,,,,,,,,,,,,,,,,,,,,,,,,,,,,,,,,,,,,,,,,,,,,,,,,,,,,,,,,,
870,PE,LT,#3,#9,WAX_1,72896.09023883377,1.4213162598991071,2.8485329900368543,50000000,-0.6565446278966559,0.6304807417940095,83.44409198641372,,,,,,,,,,,,,,,,,,,,,,,,,,,,,,,,,,,,,,,,,,,,,,,,,,,,,,,,,,,,,,,,,,,,,,,,,,,,,,,,,,,,,,,,,,,,,,,,,,,,,,,,,,,,,,,,,,,,,,,,,,,,,,,,,,,,,,,,,,,,,,,,,,,,,,,,,,,,,,,,,,,,,,,,,,,,,,,,,,,,,,,,,,,,,,,,,,,,,,,,,,,,,,,,,,,,,,
871,PE,LT,#3,#10,WAX_1,68021.88959123011,1.5033483976225617,3.002889702728564,50000000,-0.7387254031267525,0.44730804554302245,84.9929420537929,,,,,,,,,,,,,,,,,,,,,,,,,,,,,,,,,,,,,,,,,,,,,,,,,,,,,,,,,,,,,,,,,,,,,,,,,,,,,,,,,,,,,,,,,,,,,,,,,,,,,,,,,,,,,,,,,,,,,,,,,,,,,,,,,,,,,,,,,,,,,,,,,,,,,,,,,,,,,,,,,,,,,,,,,,,,,,,,,,,,,,,,,,,,,,,,,,,,,,,,,,,,,,,,,,,,,,
872,PE,LT,#3,#11,WAX_1,68472.31814070423,1.5139398938308337,3.0617565388590444,50000000,-0.7480576320116183,0.401135693735683,85.3540938638249,,,,,,,,,,,,,,,,,,,,,,,,,,,,,,,,,,,,,,,,,,,,,,,,,,,,,,,,,,,,,,,,,,,,,,,,,,,,,,,,,,,,,,,,,,,,,,,,,,,,,,,,,,,,,,,,,,,,,,,,,,,,,,,,,,,,,,,,,,,,,,,,,,,,,,,,,,,,,,,,,,,,,,,,,,,,,,,,,,,,,,,,,,,,,,,,,,,,,,,,,,,,,,,,,,,,,,
873,PE,LT,#4,#1,WAX_1,63734.511896615695,1.5124581773618802,3.278728990372498,50000000,-0.7268755262044154,0.2578853411429909,86.94961102128369,,,,,,,,,,,,,,,,,,,,,,,,,,,,,,,,,,,,,,,,,,,,,,,,,,,,,,,,,,,,,,,,,,,,,,,,,,,,,,,,,,,,,,,,,,,,,,,,,,,,,,,,,,,,,,,,,,,,,,,,,,,,,,,,,,,,,,,,,,,,,,,,,,,,,,,,,,,,,,,,,,,,,,,,,,,,,,,,,,,,,,,,,,,,,,,,,,,,,,,,,,,,,,,,,,,,,,
874,PE,LT,#4,#2,WAX_1,61229.806439642,1.5875998771209994,3.41177063034555,50000000,-0.787615036348209,0.1345954065003827,89.23836670128368,,,,,,,,,,,,,,,,,,,,,,,,,,,,,,,,,,,,,,,,,,,,,,,,,,,,,,,,,,,,,,,,,,,,,,,,,,,,,,,,,,,,,,,,,,,,,,,,,,,,,,,,,,,,,,,,,,,,,,,,,,,,,,,,,,,,,,,,,,,,,,,,,,,,,,,,,,,,,,,,,,,,,,,,,,,,,,,,,,,,,,,,,,,,,,,,,,,,,,,,,,,,,,,,,,,,,,
875,PE,LT,#4,#3,WAX_1,64554.39373512124,1.4982302002422812,3.137164075860467,50000000,-0.7093716248437637,0.40439501787463367,86.19875665604376,,,,,,,,,,,,,,,,,,,,,,,,,,,,,,,,,,,,,,,,,,,,,,,,,,,,,,,,,,,,,,,,,,,,,,,,,,,,,,,,,,,,,,,,,,,,,,,,,,,,,,,,,,,,,,,,,,,,,,,,,,,,,,,,,,,,,,,,,,,,,,,,,,,,,,,,,,,,,,,,,,,,,,,,,,,,,,,,,,,,,,,,,,,,,,,,,,,,,,,,,,,,,,,,,,,,,,
876,PE,LT,#4,#4,WAX_1,58679.78211481128,1.5048176893757501,3.178545593050694,50000000,-0.7184225874995741,0.32730880846442134,86.30430889328368,,,,,,,,,,,,,,,,,,,,,,,,,,,,,,,,,,,,,,,,,,,,,,,,,,,,,,,,,,,,,,,,,,,,,,,,,,,,,,,,,,,,,,,,,,,,,,,,,,,,,,,,,,,,,,,,,,,,,,,,,,,,,,,,,,,,,,,,,,,,,,,,,,,,,,,,,,,,,,,,,,,,,,,,,,,,,,,,,,,,,,,,,,,,,,,,,,,,,,,,,,,,,,,,,,,,,,
877,PE,LT,#4,#5,WAX_1,62718.32098186292,1.572587843802924,3.4125933753925954,50000000,-0.7664342777953554,0.14931502589375167,89.52619614128368,,,,,,,,,,,,,,,,,,,,,,,,,,,,,,,,,,,,,,,,,,,,,,,,,,,,,,,,,,,,,,,,,,,,,,,,,,,,,,,,,,,,,,,,,,,,,,,,,,,,,,,,,,,,,,,,,,,,,,,,,,,,,,,,,,,,,,,,,,,,,,,,,,,,,,,,,,,,,,,,,,,,,,,,,,,,,,,,,,,,,,,,,,,,,,,,,,,,,,,,,,,,,,,,,,,,,,
878,PE,LT,#4,#6,WAX_1,58678.661923539184,1.4446154477967879,2.938942383375572,50000000,-0.6605961537091122,0.5831876774946859,83.41917699730394,,,,,,,,,,,,,,,,,,,,,,,,,,,,,,,,,,,,,,,,,,,,,,,,,,,,,,,,,,,,,,,,,,,,,,,,,,,,,,,,,,,,,,,,,,,,,,,,,,,,,,,,,,,,,,,,,,,,,,,,,,,,,,,,,,,,,,,,,,,,,,,,,,,,,,,,,,,,,,,,,,,,,,,,,,,,,,,,,,,,,,,,,,,,,,,,,,,,,,,,,,,,,,,,,,,,,,
879,PE,LT,#4,#7,WAX_1,63614.612575089704,1.4933493462637142,3.1665877599211667,50000000,-0.7053805008967418,0.36915041259005843,86.1135293038249,,,,,,,,,,,,,,,,,,,,,,,,,,,,,,,,,,,,,,,,,,,,,,,,,,,,,,,,,,,,,,,,,,,,,,,,,,,,,,,,,,,,,,,,,,,,,,,,,,,,,,,,,,,,,,,,,,,,,,,,,,,,,,,,,,,,,,,,,,,,,,,,,,,,,,,,,,,,,,,,,,,,,,,,,,,,,,,,,,,,,,,,,,,,,,,,,,,,,,,,,,,,,,,,,,,,,,
880,PE,LT,#4,#8,WAX_1,60557.46897773105,1.5449556148760295,3.2690413442334627,50000000,-0.7530795790751625,0.2575359106556466,87.32502960985691,,,,,,,,,,,,,,,,,,,,,,,,,,,,,,,,,,,,,,,,,,,,,,,,,,,,,,,,,,,,,,,,,,,,,,,,,,,,,,,,,,,,,,,,,,,,,,,,,,,,,,,,,,,,,,,,,,,,,,,,,,,,,,,,,,,,,,,,,,,,,,,,,,,,,,,,,,,,,,,,,,,,,,,,,,,,,,,,,,,,,,,,,,,,,,,,,,,,,,,,,,,,,,,,,,,,,,
881,PE,LT,#4,#9,WAX_1,64452.84171183387,1.4867556686065397,3.106789204341225,50000000,-0.6978901874273684,0.4339677859659359,85.92595437244572,,,,,,,,,,,,,,,,,,,,,,,,,,,,,,,,,,,,,,,,,,,,,,,,,,,,,,,,,,,,,,,,,,,,,,,,,,,,,,,,,,,,,,,,,,,,,,,,,,,,,,,,,,,,,,,,,,,,,,,,,,,,,,,,,,,,,,,,,,,,,,,,,,,,,,,,,,,,,,,,,,,,,,,,,,,,,,,,,,,,,,,,,,,,,,,,,,,,,,,,,,,,,,,,,,,,,,
882,PE,LT,#4,#10,WAX_1,59578.64106423021,1.5687878063299963,3.2611459170329358,50000000,-0.7800709626574674,0.25079508971494824,87.47480443982488,,,,,,,,,,,,,,,,,,,,,,,,,,,,,,,,,,,,,,,,,,,,,,,,,,,,,,,,,,,,,,,,,,,,,,,,,,,,,,,,,,,,,,,,,,,,,,,,,,,,,,,,,,,,,,,,,,,,,,,,,,,,,,,,,,,,,,,,,,,,,,,,,,,,,,,,,,,,,,,,,,,,,,,,,,,,,,,,,,,,,,,,,,,,,,,,,,,,,,,,,,,,,,,,,,,,,,
883,PE,LT,#4,#11,WAX_1,60029.06961370433,1.5793793025382683,3.320012753163417,50000000,-0.7894031915423334,0.20462273790760727,87.83595624985688,,,,,,,,,,,,,,,,,,,,,,,,,,,,,,,,,,,,,,,,,,,,,,,,,,,,,,,,,,,,,,,,,,,,,,,,,,,,,,,,,,,,,,,,,,,,,,,,,,,,,,,,,,,,,,,,,,,,,,,,,,,,,,,,,,,,,,,,,,,,,,,,,,,,,,,,,,,,,,,,,,,,,,,,,,,,,,,,,,,,,,,,,,,,,,,,,,,,,,,,,,,,,,,,,,,,,,
884,PE,LT,#5,#1,WAX_1,106968.32839102401,1.4622231556153953,2.9019592393699356,50000000,-0.7070505709483392,0.7701497339357063,83.84372528003392,,,,,,,,,,,,,,,,,,,,,,,,,,,,,,,,,,,,,,,,,,,,,,,,,,,,,,,,,,,,,,,,,,,,,,,,,,,,,,,,,,,,,,,,,,,,,,,,,,,,,,,,,,,,,,,,,,,,,,,,,,,,,,,,,,,,,,,,,,,,,,,,,,,,,,,,,,,,,,,,,,,,,,,,,,,,,,,,,,,,,,,,,,,,,,,,,,,,,,,,,,,,,,,,,,,,,,
885,PE,LT,#5,#2,WAX_1,104463.62293405032,1.537364855374515,3.035000879342989,50000000,-0.7677900810921334,0.646859799293097,86.13248096003392,,,,,,,,,,,,,,,,,,,,,,,,,,,,,,,,,,,,,,,,,,,,,,,,,,,,,,,,,,,,,,,,,,,,,,,,,,,,,,,,,,,,,,,,,,,,,,,,,,,,,,,,,,,,,,,,,,,,,,,,,,,,,,,,,,,,,,,,,,,,,,,,,,,,,,,,,,,,,,,,,,,,,,,,,,,,,,,,,,,,,,,,,,,,,,,,,,,,,,,,,,,,,,,,,,,,,,
886,PE,LT,#5,#3,WAX_1,107788.21022952955,1.4479951784957967,2.760394324857903,50000000,-0.6895466695876878,0.91665941066735,83.09287091479398,,,,,,,,,,,,,,,,,,,,,,,,,,,,,,,,,,,,,,,,,,,,,,,,,,,,,,,,,,,,,,,,,,,,,,,,,,,,,,,,,,,,,,,,,,,,,,,,,,,,,,,,,,,,,,,,,,,,,,,,,,,,,,,,,,,,,,,,,,,,,,,,,,,,,,,,,,,,,,,,,,,,,,,,,,,,,,,,,,,,,,,,,,,,,,,,,,,,,,,,,,,,,,,,,,,,,,
887,PE,LT,#5,#4,WAX_1,101913.59860921958,1.4545826676292655,2.8017758420481305,50000000,-0.6985976322434982,0.8395732012571374,83.1984231520339,,,,,,,,,,,,,,,,,,,,,,,,,,,,,,,,,,,,,,,,,,,,,,,,,,,,,,,,,,,,,,,,,,,,,,,,,,,,,,,,,,,,,,,,,,,,,,,,,,,,,,,,,,,,,,,,,,,,,,,,,,,,,,,,,,,,,,,,,,,,,,,,,,,,,,,,,,,,,,,,,,,,,,,,,,,,,,,,,,,,,,,,,,,,,,,,,,,,,,,,,,,,,,,,,,,,,,
888,PE,LT,#5,#5,WAX_1,105952.13747627122,1.5223528220564393,3.035823624390034,50000000,-0.7466093225392795,0.661579418686466,86.42031040003391,,,,,,,,,,,,,,,,,,,,,,,,,,,,,,,,,,,,,,,,,,,,,,,,,,,,,,,,,,,,,,,,,,,,,,,,,,,,,,,,,,,,,,,,,,,,,,,,,,,,,,,,,,,,,,,,,,,,,,,,,,,,,,,,,,,,,,,,,,,,,,,,,,,,,,,,,,,,,,,,,,,,,,,,,,,,,,,,,,,,,,,,,,,,,,,,,,,,,,,,,,,,,,,,,,,,,,
889,PE,LT,#5,#6,WAX_1,101912.4784179475,1.394380426050303,2.5621726323730103,50000000,-0.6407711984530358,1.0954520702874002,80.31329125605416,,,,,,,,,,,,,,,,,,,,,,,,,,,,,,,,,,,,,,,,,,,,,,,,,,,,,,,,,,,,,,,,,,,,,,,,,,,,,,,,,,,,,,,,,,,,,,,,,,,,,,,,,,,,,,,,,,,,,,,,,,,,,,,,,,,,,,,,,,,,,,,,,,,,,,,,,,,,,,,,,,,,,,,,,,,,,,,,,,,,,,,,,,,,,,,,,,,,,,,,,,,,,,,,,,,,,,
890,PE,LT,#5,#7,WAX_1,106848.42906949802,1.4431143245172298,2.7898180089186044,50000000,-0.6855555456406659,0.8814148053827738,83.00764356257513,,,,,,,,,,,,,,,,,,,,,,,,,,,,,,,,,,,,,,,,,,,,,,,,,,,,,,,,,,,,,,,,,,,,,,,,,,,,,,,,,,,,,,,,,,,,,,,,,,,,,,,,,,,,,,,,,,,,,,,,,,,,,,,,,,,,,,,,,,,,,,,,,,,,,,,,,,,,,,,,,,,,,,,,,,,,,,,,,,,,,,,,,,,,,,,,,,,,,,,,,,,,,,,,,,,,,,
891,PE,LT,#5,#8,WAX_1,103791.28547213937,1.494720593129545,2.8922715932308996,50000000,-0.733254623819087,0.7698003034483627,84.2191438686071,,,,,,,,,,,,,,,,,,,,,,,,,,,,,,,,,,,,,,,,,,,,,,,,,,,,,,,,,,,,,,,,,,,,,,,,,,,,,,,,,,,,,,,,,,,,,,,,,,,,,,,,,,,,,,,,,,,,,,,,,,,,,,,,,,,,,,,,,,,,,,,,,,,,,,,,,,,,,,,,,,,,,,,,,,,,,,,,,,,,,,,,,,,,,,,,,,,,,,,,,,,,,,,,,,,,,,
892,PE,LT,#5,#9,WAX_1,107686.6582062422,1.4365206468600573,2.730019453338663,50000000,-0.6780652321712947,0.9462321787586507,82.82006863119595,,,,,,,,,,,,,,,,,,,,,,,,,,,,,,,,,,,,,,,,,,,,,,,,,,,,,,,,,,,,,,,,,,,,,,,,,,,,,,,,,,,,,,,,,,,,,,,,,,,,,,,,,,,,,,,,,,,,,,,,,,,,,,,,,,,,,,,,,,,,,,,,,,,,,,,,,,,,,,,,,,,,,,,,,,,,,,,,,,,,,,,,,,,,,,,,,,,,,,,,,,,,,,,,,,,,,,
893,PE,LT,#5,#10,WAX_1,102812.45755863852,1.5185527845835114,2.884376166030373,50000000,-0.7602460074013913,0.7630594825076634,84.3689186985751,,,,,,,,,,,,,,,,,,,,,,,,,,,,,,,,,,,,,,,,,,,,,,,,,,,,,,,,,,,,,,,,,,,,,,,,,,,,,,,,,,,,,,,,,,,,,,,,,,,,,,,,,,,,,,,,,,,,,,,,,,,,,,,,,,,,,,,,,,,,,,,,,,,,,,,,,,,,,,,,,,,,,,,,,,,,,,,,,,,,,,,,,,,,,,,,,,,,,,,,,,,,,,,,,,,,,,
894,PE,LT,#5,#11,WAX_1,103262.88610811264,1.5291442807917837,2.9432430021608535,50000000,-0.7695782362862572,0.7168871307003233,84.73007050860713,,,,,,,,,,,,,,,,,,,,,,,,,,,,,,,,,,,,,,,,,,,,,,,,,,,,,,,,,,,,,,,,,,,,,,,,,,,,,,,,,,,,,,,,,,,,,,,,,,,,,,,,,,,,,,,,,,,,,,,,,,,,,,,,,,,,,,,,,,,,,,,,,,,,,,,,,,,,,,,,,,,,,,,,,,,,,,,,,,,,,,,,,,,,,,,,,,,,,,,,,,,,,,,,,,,,,,
895,PE,LT,#6,#1,WAX_1,58027.36074724496,1.585656500367286,3.974185561262939,50000000,-0.8201853170658581,-0.5833481991561773,96.26009215525167,,,,,,,,,,,,,,,,,,,,,,,,,,,,,,,,,,,,,,,,,,,,,,,,,,,,,,,,,,,,,,,,,,,,,,,,,,,,,,,,,,,,,,,,,,,,,,,,,,,,,,,,,,,,,,,,,,,,,,,,,,,,,,,,,,,,,,,,,,,,,,,,,,,,,,,,,,,,,,,,,,,,,,,,,,,,,,,,,,,,,,,,,,,,,,,,,,,,,,,,,,,,,,,,,,,,,,
896,PE,LT,#6,#2,WAX_1,55522.655290271265,1.660798200126405,4.107227201235991,50000000,-0.8809248272096519,-0.7066381337987855,98.54884783525168,,,,,,,,,,,,,,,,,,,,,,,,,,,,,,,,,,,,,,,,,,,,,,,,,,,,,,,,,,,,,,,,,,,,,,,,,,,,,,,,,,,,,,,,,,,,,,,,,,,,,,,,,,,,,,,,,,,,,,,,,,,,,,,,,,,,,,,,,,,,,,,,,,,,,,,,,,,,,,,,,,,,,,,,,,,,,,,,,,,,,,,,,,,,,,,,,,,,,,,,,,,,,,,,,,,,,,
897,PE,LT,#6,#3,WAX_1,58847.2425857505,1.5714285232476872,3.8326206467509083,50000000,-0.8026814157052068,-0.43683852242453547,95.50923779001175,,,,,,,,,,,,,,,,,,,,,,,,,,,,,,,,,,,,,,,,,,,,,,,,,,,,,,,,,,,,,,,,,,,,,,,,,,,,,,,,,,,,,,,,,,,,,,,,,,,,,,,,,,,,,,,,,,,,,,,,,,,,,,,,,,,,,,,,,,,,,,,,,,,,,,,,,,,,,,,,,,,,,,,,,,,,,,,,,,,,,,,,,,,,,,,,,,,,,,,,,,,,,,,,,,,,,,
898,PE,LT,#6,#4,WAX_1,52972.63096544054,1.5780160123811562,3.874002163941135,50000000,-0.8117323783610175,-0.5139247318347469,95.61479002725166,,,,,,,,,,,,,,,,,,,,,,,,,,,,,,,,,,,,,,,,,,,,,,,,,,,,,,,,,,,,,,,,,,,,,,,,,,,,,,,,,,,,,,,,,,,,,,,,,,,,,,,,,,,,,,,,,,,,,,,,,,,,,,,,,,,,,,,,,,,,,,,,,,,,,,,,,,,,,,,,,,,,,,,,,,,,,,,,,,,,,,,,,,,,,,,,,,,,,,,,,,,,,,,,,,,,,,
899,PE,LT,#6,#5,WAX_1,57011.16983249217,1.6457861668083296,4.108049946283036,50000000,-0.8597440686567984,-0.6919185144054165,98.83667727525167,,,,,,,,,,,,,,,,,,,,,,,,,,,,,,,,,,,,,,,,,,,,,,,,,,,,,,,,,,,,,,,,,,,,,,,,,,,,,,,,,,,,,,,,,,,,,,,,,,,,,,,,,,,,,,,,,,,,,,,,,,,,,,,,,,,,,,,,,,,,,,,,,,,,,,,,,,,,,,,,,,,,,,,,,,,,,,,,,,,,,,,,,,,,,,,,,,,,,,,,,,,,,,,,,,,,,,
900,PE,LT,#6,#6,WAX_1,52971.51077416845,1.5178137708021935,3.6343989542660133,50000000,-0.7539059445705548,-0.25804586280448316,92.72965813127193,,,,,,,,,,,,,,,,,,,,,,,,,,,,,,,,,,,,,,,,,,,,,,,,,,,,,,,,,,,,,,,,,,,,,,,,,,,,,,,,,,,,,,,,,,,,,,,,,,,,,,,,,,,,,,,,,,,,,,,,,,,,,,,,,,,,,,,,,,,,,,,,,,,,,,,,,,,,,,,,,,,,,,,,,,,,,,,,,,,,,,,,,,,,,,,,,,,,,,,,,,,,,,,,,,,,,,
901,PE,LT,#6,#7,WAX_1,57907.46142571897,1.56654766926912,3.862044330811607,50000000,-0.7986902917581847,-0.4720831277091092,95.42401043779289,,,,,,,,,,,,,,,,,,,,,,,,,,,,,,,,,,,,,,,,,,,,,,,,,,,,,,,,,,,,,,,,,,,,,,,,,,,,,,,,,,,,,,,,,,,,,,,,,,,,,,,,,,,,,,,,,,,,,,,,,,,,,,,,,,,,,,,,,,,,,,,,,,,,,,,,,,,,,,,,,,,,,,,,,,,,,,,,,,,,,,,,,,,,,,,,,,,,,,,,,,,,,,,,,,,,,,
902,PE,LT,#6,#8,WAX_1,54850.317828360305,1.6181539378814358,3.964497915123903,50000000,-0.8463893699366062,-0.583697629643521,96.6355107438249,,,,,,,,,,,,,,,,,,,,,,,,,,,,,,,,,,,,,,,,,,,,,,,,,,,,,,,,,,,,,,,,,,,,,,,,,,,,,,,,,,,,,,,,,,,,,,,,,,,,,,,,,,,,,,,,,,,,,,,,,,,,,,,,,,,,,,,,,,,,,,,,,,,,,,,,,,,,,,,,,,,,,,,,,,,,,,,,,,,,,,,,,,,,,,,,,,,,,,,,,,,,,,,,,,,,,,
903,PE,LT,#6,#9,WAX_1,58745.69056246314,1.5599539916119478,3.802245775231665,50000000,-0.7911999782888137,-0.40726575433323176,95.23643550641371,,,,,,,,,,,,,,,,,,,,,,,,,,,,,,,,,,,,,,,,,,,,,,,,,,,,,,,,,,,,,,,,,,,,,,,,,,,,,,,,,,,,,,,,,,,,,,,,,,,,,,,,,,,,,,,,,,,,,,,,,,,,,,,,,,,,,,,,,,,,,,,,,,,,,,,,,,,,,,,,,,,,,,,,,,,,,,,,,,,,,,,,,,,,,,,,,,,,,,,,,,,,,,,,,,,,,,
904,PE,LT,#6,#10,WAX_1,53871.48991485947,1.6419861293354017,3.956602487923375,50000000,-0.8733807535189103,-0.5904384505842194,96.78528557379288,,,,,,,,,,,,,,,,,,,,,,,,,,,,,,,,,,,,,,,,,,,,,,,,,,,,,,,,,,,,,,,,,,,,,,,,,,,,,,,,,,,,,,,,,,,,,,,,,,,,,,,,,,,,,,,,,,,,,,,,,,,,,,,,,,,,,,,,,,,,,,,,,,,,,,,,,,,,,,,,,,,,,,,,,,,,,,,,,,,,,,,,,,,,,,,,,,,,,,,,,,,,,,,,,,,,,,
905,PE,LT,#6,#11,WAX_1,54321.91846433358,1.652577625543674,4.015469324053856,50000000,-0.882712982403776,-0.6366108023915592,97.14643738382489,,,,,,,,,,,,,,,,,,,,,,,,,,,,,,,,,,,,,,,,,,,,,,,,,,,,,,,,,,,,,,,,,,,,,,,,,,,,,,,,,,,,,,,,,,,,,,,,,,,,,,,,,,,,,,,,,,,,,,,,,,,,,,,,,,,,,,,,,,,,,,,,,,,,,,,,,,,,,,,,,,,,,,,,,,,,,,,,,,,,,,,,,,,,,,,,,,,,,,,,,,,,,,,,,,,,,,
906,PE,LT,#7,#1,WAX_1,62491.890504496936,1.6557005483785856,4.439165718365324,50000000,-0.869076432337003,-0.9065622511547938,98.8163094212837,,,,,,,,,,,,,,,,,,,,,,,,,,,,,,,,,,,,,,,,,,,,,,,,,,,,,,,,,,,,,,,,,,,,,,,,,,,,,,,,,,,,,,,,,,,,,,,,,,,,,,,,,,,,,,,,,,,,,,,,,,,,,,,,,,,,,,,,,,,,,,,,,,,,,,,,,,,,,,,,,,,,,,,,,,,,,,,,,,,,,,,,,,,,,,,,,,,,,,,,,,,,,,,,,,,,,,
907,PE,LT,#7,#2,WAX_1,59987.18504752324,1.7308422481377044,4.5722073583383755,50000000,-0.9298159424807967,-1.029852185797402,101.10506510128369,,,,,,,,,,,,,,,,,,,,,,,,,,,,,,,,,,,,,,,,,,,,,,,,,,,,,,,,,,,,,,,,,,,,,,,,,,,,,,,,,,,,,,,,,,,,,,,,,,,,,,,,,,,,,,,,,,,,,,,,,,,,,,,,,,,,,,,,,,,,,,,,,,,,,,,,,,,,,,,,,,,,,,,,,,,,,,,,,,,,,,,,,,,,,,,,,,,,,,,,,,,,,,,,,,,,,,
908,PE,LT,#7,#3,WAX_1,63311.772343002485,1.6414725712589868,4.2976008038532925,50000000,-0.8515725309763518,-0.7600525744231513,98.06545505604375,,,,,,,,,,,,,,,,,,,,,,,,,,,,,,,,,,,,,,,,,,,,,,,,,,,,,,,,,,,,,,,,,,,,,,,,,,,,,,,,,,,,,,,,,,,,,,,,,,,,,,,,,,,,,,,,,,,,,,,,,,,,,,,,,,,,,,,,,,,,,,,,,,,,,,,,,,,,,,,,,,,,,,,,,,,,,,,,,,,,,,,,,,,,,,,,,,,,,,,,,,,,,,,,,,,,,,
909,PE,LT,#7,#4,WAX_1,57437.16072269252,1.648060060392455,4.338982321043519,50000000,-0.8606234936321617,-0.8371387838333634,98.17100729328367,,,,,,,,,,,,,,,,,,,,,,,,,,,,,,,,,,,,,,,,,,,,,,,,,,,,,,,,,,,,,,,,,,,,,,,,,,,,,,,,,,,,,,,,,,,,,,,,,,,,,,,,,,,,,,,,,,,,,,,,,,,,,,,,,,,,,,,,,,,,,,,,,,,,,,,,,,,,,,,,,,,,,,,,,,,,,,,,,,,,,,,,,,,,,,,,,,,,,,,,,,,,,,,,,,,,,,
910,PE,LT,#7,#5,WAX_1,61475.69958974415,1.7158302148196285,4.57303010338542,50000000,-0.908635183927943,-1.0151325664040325,101.39289454128367,,,,,,,,,,,,,,,,,,,,,,,,,,,,,,,,,,,,,,,,,,,,,,,,,,,,,,,,,,,,,,,,,,,,,,,,,,,,,,,,,,,,,,,,,,,,,,,,,,,,,,,,,,,,,,,,,,,,,,,,,,,,,,,,,,,,,,,,,,,,,,,,,,,,,,,,,,,,,,,,,,,,,,,,,,,,,,,,,,,,,,,,,,,,,,,,,,,,,,,,,,,,,,,,,,,,,,
911,PE,LT,#7,#6,WAX_1,57436.040531420425,1.5878578188134929,4.099379111368397,50000000,-0.8027970598416996,-0.5812599148030994,95.28587539730394,,,,,,,,,,,,,,,,,,,,,,,,,,,,,,,,,,,,,,,,,,,,,,,,,,,,,,,,,,,,,,,,,,,,,,,,,,,,,,,,,,,,,,,,,,,,,,,,,,,,,,,,,,,,,,,,,,,,,,,,,,,,,,,,,,,,,,,,,,,,,,,,,,,,,,,,,,,,,,,,,,,,,,,,,,,,,,,,,,,,,,,,,,,,,,,,,,,,,,,,,,,,,,,,,,,,,,
912,PE,LT,#7,#7,WAX_1,62371.991182970945,1.6365917172804199,4.3270244879139925,50000000,-0.8475814070293298,-0.795297179707726,97.9802277038249,,,,,,,,,,,,,,,,,,,,,,,,,,,,,,,,,,,,,,,,,,,,,,,,,,,,,,,,,,,,,,,,,,,,,,,,,,,,,,,,,,,,,,,,,,,,,,,,,,,,,,,,,,,,,,,,,,,,,,,,,,,,,,,,,,,,,,,,,,,,,,,,,,,,,,,,,,,,,,,,,,,,,,,,,,,,,,,,,,,,,,,,,,,,,,,,,,,,,,,,,,,,,,,,,,,,,,
913,PE,LT,#7,#8,WAX_1,59314.84758561229,1.6881979858927347,4.429478072226288,50000000,-0.8952804852077506,-0.9069116816421374,99.19172800985692,,,,,,,,,,,,,,,,,,,,,,,,,,,,,,,,,,,,,,,,,,,,,,,,,,,,,,,,,,,,,,,,,,,,,,,,,,,,,,,,,,,,,,,,,,,,,,,,,,,,,,,,,,,,,,,,,,,,,,,,,,,,,,,,,,,,,,,,,,,,,,,,,,,,,,,,,,,,,,,,,,,,,,,,,,,,,,,,,,,,,,,,,,,,,,,,,,,,,,,,,,,,,,,,,,,,,,
914,PE,LT,#7,#9,WAX_1,63210.22031971512,1.6299980396232447,4.267225932334051,50000000,-0.8400910935599563,-0.7304798063318488,97.79265277244572,,,,,,,,,,,,,,,,,,,,,,,,,,,,,,,,,,,,,,,,,,,,,,,,,,,,,,,,,,,,,,,,,,,,,,,,,,,,,,,,,,,,,,,,,,,,,,,,,,,,,,,,,,,,,,,,,,,,,,,,,,,,,,,,,,,,,,,,,,,,,,,,,,,,,,,,,,,,,,,,,,,,,,,,,,,,,,,,,,,,,,,,,,,,,,,,,,,,,,,,,,,,,,,,,,,,,,
915,PE,LT,#7,#10,WAX_1,58336.01967211145,1.712030177346701,4.421582645025761,50000000,-0.922271868790055,-0.913652502582837,99.34150283982488,,,,,,,,,,,,,,,,,,,,,,,,,,,,,,,,,,,,,,,,,,,,,,,,,,,,,,,,,,,,,,,,,,,,,,,,,,,,,,,,,,,,,,,,,,,,,,,,,,,,,,,,,,,,,,,,,,,,,,,,,,,,,,,,,,,,,,,,,,,,,,,,,,,,,,,,,,,,,,,,,,,,,,,,,,,,,,,,,,,,,,,,,,,,,,,,,,,,,,,,,,,,,,,,,,,,,,
916,PE,LT,#7,#11,WAX_1,58786.44822158557,1.722621673554974,4.480449481156242,50000000,-0.9316040976749215,-0.9598248543901774,99.7026546498569,,,,,,,,,,,,,,,,,,,,,,,,,,,,,,,,,,,,,,,,,,,,,,,,,,,,,,,,,,,,,,,,,,,,,,,,,,,,,,,,,,,,,,,,,,,,,,,,,,,,,,,,,,,,,,,,,,,,,,,,,,,,,,,,,,,,,,,,,,,,,,,,,,,,,,,,,,,,,,,,,,,,,,,,,,,,,,,,,,,,,,,,,,,,,,,,,,,,,,,,,,,,,,,,,,,,,,
917,PE,HT,#1,-,MeOH_1,68137.93273026237,1.242020314596128,3.6085869703389255,50000000,-0.3941081839500916,-0.42961539835546436,81.4055216573885,,,,,,,,,,,,,,,,,,,,,,,,,,,,,,,,,,,,,,,,,,,,,,,,,,,,,,,,,,,,,,,,,,,,,,,,,,,,,,,,,,,,,,,,,,,,,,,,,,,,,,,,,,,,,,,,,,,,,,,,,,,,,,,,,,,,,,,,,,,,,,,,,,,,,,,,,,,,,,,,,,,,,,,,,,,,,,,,,,,,,,,,,,,,,,,,,,,,,,,,,,,,,,,,,,,,,,
918,PE,HT,#2,-,FT_1,88948.22594899467,1.3696324876161328,4.5758105817774775,50000000,-0.4766062350312156,-0.9797860289770439,85.55345879830051,,,,,,,,,,,,,,,,,,,,,,,,,,,,,,,,,,,,,,,,,,,,,,,,,,,,,,,,,,,,,,,,,,,,,,,,,,,,,,,,,,,,,,,,,,,,,,,,,,,,,,,,,,,,,,,,,,,,,,,,,,,,,,,,,,,,,,,,,,,,,,,,,,,,,,,,,,,,,,,,,,,,,,,,,,,,,,,,,,,,,,,,,,,,,,,,,,,,,,,,,,,,,,,,,,,,,,
919,PE,HT,#3,-,H2_1,195161.46311625402,1.2912290468434107,3.9018327944148314,50000000,-0.5149345164591992,-0.032480891640618445,78.8975393883591,,,,,,,,,,,,,,,,,,,,,,,,,,,,,,,,,,,,,,,,,,,,,,,,,,,,,,,,,,,,,,,,,,,,,,,,,,,,,,,,,,,,,,,,,,,,,,,,,,,,,,,,,,,,,,,,,,,,,,,,,,,,,,,,,,,,,,,,,,,,,,,,,,,,,,,,,,,,,,,,,,,,,,,,,,,,,,,,,,,,,,,,,,,,,,,,,,,,,,,,,,,,,,,,,,,,,,
920,PE,HT,#4,-,MeOH_1,41001.090329660685,1.6629560259957805,7.216867905099418,50000000,-0.8122299167255183,-4.19849803043564,123.3383535322685,,,,,,,,,,,,,,,,,,,,,,,,,,,,,,,,,,,,,,,,,,,,,,,,,,,,,,,,,,,,,,,,,,,,,,,,,,,,,,,,,,,,,,,,,,,,,,,,,,,,,,,,,,,,,,,,,,,,,,,,,,,,,,,,,,,,,,,,,,,,,,,,,,,,,,,,,,,,,,,,,,,,,,,,,,,,,,,,,,,,,,,,,,,,,,,,,,,,,,,,,,,,,,,,,,,,,,
921,PE,HT,#5,-,FT_1,85949.32662960855,1.7920566924378472,8.521902970609705,50000000,-0.8950335688103466,-4.928858738335715,127.4380251983005,,,,,,,,,,,,,,,,,,,,,,,,,,,,,,,,,,,,,,,,,,,,,,,,,,,,,,,,,,,,,,,,,,,,,,,,,,,,,,,,,,,,,,,,,,,,,,,,,,,,,,,,,,,,,,,,,,,,,,,,,,,,,,,,,,,,,,,,,,,,,,,,,,,,,,,,,,,,,,,,,,,,,,,,,,,,,,,,,,,,,,,,,,,,,,,,,,,,,,,,,,,,,,,,,,,,,,
922,PE,HT,#6,-,Olefin,5669.860635145344,1.016571004856032,1.7153921132279382,50000000,-0.3266817970816443,1.7856664237347286,62.82225975689376,,,,,,,,,,,,,,,,,,,,,,,,,,,,,,,,,,,,,,,,,,,,,,,,,,,,,,,,,,,,,,,,,,,,,,,,,,,,,,,,,,,,,,,,,,,,,,,,,,,,,,,,,,,,,,,,,,,,,,,,,,,,,,,,,,,,,,,,,,,,,,,,,,,,,,,,,,,,,,,,,,,,,,,,,,,,,,,,,,,,,,,,,,,,,,,,,,,,,,,,,,,,,,,,,,,,,,
923,PE,HT,#7,-,MeOH_1,64667.09460753338,1.2314452239846838,3.505065688140515,50000000,-0.3856561243652017,-0.35224086898035256,80.67368137219589,,,,,,,,,,,,,,,,,,,,,,,,,,,,,,,,,,,,,,,,,,,,,,,,,,,,,,,,,,,,,,,,,,,,,,,,,,,,,,,,,,,,,,,,,,,,,,,,,,,,,,,,,,,,,,,,,,,,,,,,,,,,,,,,,,,,,,,,,,,,,,,,,,,,,,,,,,,,,,,,,,,,,,,,,,,,,,,,,,,,,,,,,,,,,,,,,,,,,,,,,,,,,,,,,,,,,,
924,PE,HT,#8,-,FT_1,62937.56079452125,1.4025280720307463,4.530849252260102,50000000,-0.44002472727237163,-0.9402233433800533,89.27846503822788,,,,,,,,,,,,,,,,,,,,,,,,,,,,,,,,,,,,,,,,,,,,,,,,,,,,,,,,,,,,,,,,,,,,,,,,,,,,,,,,,,,,,,,,,,,,,,,,,,,,,,,,,,,,,,,,,,,,,,,,,,,,,,,,,,,,,,,,,,,,,,,,,,,,,,,,,,,,,,,,,,,,,,,,,,,,,,,,,,,,,,,,,,,,,,,,,,,,,,,,,,,,,,,,,,,,,,
925,PE,HT,#9,-,H2_1,191417.01613170264,1.2824461288200382,3.886824038120446,50000000,-0.515775780848383,-0.047047457085990015,78.11432545406493,,,,,,,,,,,,,,,,,,,,,,,,,,,,,,,,,,,,,,,,,,,,,,,,,,,,,,,,,,,,,,,,,,,,,,,,,,,,,,,,,,,,,,,,,,,,,,,,,,,,,,,,,,,,,,,,,,,,,,,,,,,,,,,,,,,,,,,,,,,,,,,,,,,,,,,,,,,,,,,,,,,,,,,,,,,,,,,,,,,,,,,,,,,,,,,,,,,,,,,,,,,,,,,,,,,,,,
926,PE,HT,#10,-,MeOH_1,42578.64522806335,1.653201446683055,7.14028559739639,50000000,-0.800748341391071,-4.116945896695658,122.4743341721959,,,,,,,,,,,,,,,,,,,,,,,,,,,,,,,,,,,,,,,,,,,,,,,,,,,,,,,,,,,,,,,,,,,,,,,,,,,,,,,,,,,,,,,,,,,,,,,,,,,,,,,,,,,,,,,,,,,,,,,,,,,,,,,,,,,,,,,,,,,,,,,,,,,,,,,,,,,,,,,,,,,,,,,,,,,,,,,,,,,,,,,,,,,,,,,,,,,,,,,,,,,,,,,,,,,,,,
927,PE,HT,#11,-,FT_1,61375.546861494164,1.859810341134192,8.692440761780777,50000000,-0.8962934174732475,-5.105448049726353,131.66704423822787,,,,,,,,,,,,,,,,,,,,,,,,,,,,,,,,,,,,,,,,,,,,,,,,,,,,,,,,,,,,,,,,,,,,,,,,,,,,,,,,,,,,,,,,,,,,,,,,,,,,,,,,,,,,,,,,,,,,,,,,,,,,,,,,,,,,,,,,,,,,,,,,,,,,,,,,,,,,,,,,,,,,,,,,,,,,,,,,,,,,,,,,,,,,,,,,,,,,,,,,,,,,,,,,,,,,,,
928,PE,LT,#1,-,WAX_1,35192.91412824521,1.057219005546914,2.6533250748343336,50000000,-0.38535222235752686,0.5264884615434098,71.79682773472,,,,,,,,,,,,,,,,,,,,,,,,,,,,,,,,,,,,,,,,,,,,,,,,,,,,,,,,,,,,,,,,,,,,,,,,,,,,,,,,,,,,,,,,,,,,,,,,,,,,,,,,,,,,,,,,,,,,,,,,,,,,,,,,,,,,,,,,,,,,,,,,,,,,,,,,,,,,,,,,,,,,,,,,,,,,,,,,,,,,,,,,,,,,,,,,,,,,,,,,,,,,,,,,,,,,,,
929,PE,LT,#2,-,WAX_1,28971.583378844152,1.1155323882896515,2.8763780557411702,50000000,-0.43682344552778946,0.34351868992222073,73.075075755632,,,,,,,,,,,,,,,,,,,,,,,,,,,,,,,,,,,,,,,,,,,,,,,,,,,,,,,,,,,,,,,,,,,,,,,,,,,,,,,,,,,,,,,,,,,,,,,,,,,,,,,,,,,,,,,,,,,,,,,,,,,,,,,,,,,,,,,,,,,,,,,,,,,,,,,,,,,,,,,,,,,,,,,,,,,,,,,,,,,,,,,,,,,,,,,,,,,,,,,,,,,,,,,,,,,,,,
930,PE,LT,#3,-,WAX_1,70443.15856952222,1.0645496840555067,2.4035375839967816,50000000,-0.3910841966018883,0.9785481835509807,70.76069178541684,,,,,,,,,,,,,,,,,,,,,,,,,,,,,,,,,,,,,,,,,,,,,,,,,,,,,,,,,,,,,,,,,,,,,,,,,,,,,,,,,,,,,,,,,,,,,,,,,,,,,,,,,,,,,,,,,,,,,,,,,,,,,,,,,,,,,,,,,,,,,,,,,,,,,,,,,,,,,,,,,,,,,,,,,,,,,,,,,,,,,,,,,,,,,,,,,,,,,,,,,,,,,,,,,,,,,,
931,PE,LT,#4,-,WAX_1,13270.961457571337,1.2041930229560378,3.653036653681522,50000000,-0.5255828450213891,-0.6041910287444207,84.8095500096,,,,,,,,,,,,,,,,,,,,,,,,,,,,,,,,,,,,,,,,,,,,,,,,,,,,,,,,,,,,,,,,,,,,,,,,,,,,,,,,,,,,,,,,,,,,,,,,,,,,,,,,,,,,,,,,,,,,,,,,,,,,,,,,,,,,,,,,,,,,,,,,,,,,,,,,,,,,,,,,,,,,,,,,,,,,,,,,,,,,,,,,,,,,,,,,,,,,,,,,,,,,,,,,,,,,,,
932,PE,LT,#5,-,DIESEL_1,25706.521157255815,1.2562735270371927,4.067653032111273,50000000,-0.5711261206571265,-0.85525782318145,85.934437195632,,,,,,,,,,,,,,,,,,,,,,,,,,,,,,,,,,,,,,,,,,,,,,,,,,,,,,,,,,,,,,,,,,,,,,,,,,,,,,,,,,,,,,,,,,,,,,,,,,,,,,,,,,,,,,,,,,,,,,,,,,,,,,,,,,,,,,,,,,,,,,,,,,,,,,,,,,,,,,,,,,,,,,,,,,,,,,,,,,,,,,,,,,,,,,,,,,,,,,,,,,,,,,,,,,,,,,
933,PE,LT,#6,-,WAX_1,3844.065979889252,0.9301506786957654,1.929445444601693,50000000,-0.30301200998091743,1.2707855064659337,65.05592111454126,,,,,,,,,,,,,,,,,,,,,,,,,,,,,,,,,,,,,,,,,,,,,,,,,,,,,,,,,,,,,,,,,,,,,,,,,,,,,,,,,,,,,,,,,,,,,,,,,,,,,,,,,,,,,,,,,,,,,,,,,,,,,,,,,,,,,,,,,,,,,,,,,,,,,,,,,,,,,,,,,,,,,,,,,,,,,,,,,,,,,,,,,,,,,,,,,,,,,,,,,,,,,,,,,,,,,,
934,PE,LT,#7,-,WAX_1,39242.23355430939,1.0827515991339425,2.8547981404318468,50000000,-0.40862255019787996,0.3506332261134705,74.32052063080768,,,,,,,,,,,,,,,,,,,,,,,,,,,,,,,,,,,,,,,,,,,,,,,,,,,,,,,,,,,,,,,,,,,,,,,,,,,,,,,,,,,,,,,,,,,,,,,,,,,,,,,,,,,,,,,,,,,,,,,,,,,,,,,,,,,,,,,,,,,,,,,,,,,,,,,,,,,,,,,,,,,,,,,,,,,,,,,,,,,,,,,,,,,,,,,,,,,,,,,,,,,,,,,,,,,,,,
935,PE,LT,#8,-,WAX_1,23024.643632510026,1.1782024332642071,3.174713888739567,50000000,-0.4764223693376041,0.05532322111928761,77.99640271080767,,,,,,,,,,,,,,,,,,,,,,,,,,,,,,,,,,,,,,,,,,,,,,,,,,,,,,,,,,,,,,,,,,,,,,,,,,,,,,,,,,,,,,,,,,,,,,,,,,,,,,,,,,,,,,,,,,,,,,,,,,,,,,,,,,,,,,,,,,,,,,,,,,,,,,,,,,,,,,,,,,,,,,,,,,,,,,,,,,,,,,,,,,,,,,,,,,,,,,,,,,,,,,,,,,,,,,
936,PE,LT,#9,-,WAX_1,70443.15856952222,1.0837980824169366,2.567033575346856,50000000,-0.41018966137766527,0.8150521922009065,72.94889256938231,,,,,,,,,,,,,,,,,,,,,,,,,,,,,,,,,,,,,,,,,,,,,,,,,,,,,,,,,,,,,,,,,,,,,,,,,,,,,,,,,,,,,,,,,,,,,,,,,,,,,,,,,,,,,,,,,,,,,,,,,,,,,,,,,,,,,,,,,,,,,,,,,,,,,,,,,,,,,,,,,,,,,,,,,,,,,,,,,,,,,,,,,,,,,,,,,,,,,,,,,,,,,,,,,,,,,,
937,PE,LT,#10,-,WAX_1,15873.070325974082,1.2289379898084294,3.842015726378375,50000000,-0.546424977670226,-0.7750982784862461,87.39043167080767,,,,,,,,,,,,,,,,,,,,,,,,,,,,,,,,,,,,,,,,,,,,,,,,,,,,,,,,,,,,,,,,,,,,,,,,,,,,,,,,,,,,,,,,,,,,,,,,,,,,,,,,,,,,,,,,,,,,,,,,,,,,,,,,,,,,,,,,,,,,,,,,,,,,,,,,,,,,,,,,,,,,,,,,,,,,,,,,,,,,,,,,,,,,,,,,,,,,,,,,,,,,,,,,,,,,,,
938,PE,LT,#11,-,WAX_1,20751.70786443258,1.2858050746721732,4.297415734218159,50000000,-0.5796793893172676,-1.0752494587536456,89.58468159080769,,,,,,,,,,,,,,,,,,,,,,,,,,,,,,,,,,,,,,,,,,,,,,,,,,,,,,,,,,,,,,,,,,,,,,,,,,,,,,,,,,,,,,,,,,,,,,,,,,,,,,,,,,,,,,,,,,,,,,,,,,,,,,,,,,,,,,,,,,,,,,,,,,,,,,,,,,,,,,,,,,,,,,,,,,,,,,,,,,,,,,,,,,,,,,,,,,,,,,,,,,,,,,,,,,,,,,
939,PE,SG,#1,-,MeOH_1,49811.1215252258,1.0782190983067315,4.041559744044348,50000000,-0.23426769342404172,-0.9833132511627171,85.37226838506902,,,,,,,,,,,,,,,,,,,,,,,,,,,,,,,,,,,,,,,,,,,,,,,,,,,,,,,,,,,,,,,,,,,,,,,,,,,,,,,,,,,,,,,,,,,,,,,,,,,,,,,,,,,,,,,,,,,,,,,,,,,,,,,,,,,,,,,,,,,,,,,,,,,,,,,,,,,,,,,,,,,,,,,,,,,,,,,,,,,,,,,,,,,,,,,,,,,,,,,,,,,,,,,,,,,,,,
940,PE,SG,#2,-,FT_1,53927.0140333034,1.3407894533610658,5.677962293925761,50000000,-0.34040982302130246,-1.912107390002236,93.21430645110102,,,,,,,,,,,,,,,,,,,,,,,,,,,,,,,,,,,,,,,,,,,,,,,,,,,,,,,,,,,,,,,,,,,,,,,,,,,,,,,,,,,,,,,,,,,,,,,,,,,,,,,,,,,,,,,,,,,,,,,,,,,,,,,,,,,,,,,,,,,,,,,,,,,,,,,,,,,,,,,,,,,,,,,,,,,,,,,,,,,,,,,,,,,,,,,,,,,,,,,,,,,,,,,,,,,,,,
941,PE,SG,#3,-,H2_1,254523.81442181717,0.9903422875971856,5.1567611694152165,50000000,-0.3153479838266138,-1.0245524337144836,77.33209524398757,,,,,,,,,,,,,,,,,,,,,,,,,,,,,,,,,,,,,,,,,,,,,,,,,,,,,,,,,,,,,,,,,,,,,,,,,,,,,,,,,,,,,,,,,,,,,,,,,,,,,,,,,,,,,,,,,,,,,,,,,,,,,,,,,,,,,,,,,,,,,,,,,,,,,,,,,,,,,,,,,,,,,,,,,,,,,,,,,,,,,,,,,,,,,,,,,,,,,,,,,,,,,,,,,,,,,,
942,PE,SG,#4,-,MeOH_1,46029.33372044906,1.531698356967069,9.289262571719169,50000000,-0.683247200127593,-6.254408024156043,141.38444278506904,,,,,,,,,,,,,,,,,,,,,,,,,,,,,,,,,,,,,,,,,,,,,,,,,,,,,,,,,,,,,,,,,,,,,,,,,,,,,,,,,,,,,,,,,,,,,,,,,,,,,,,,,,,,,,,,,,,,,,,,,,,,,,,,,,,,,,,,,,,,,,,,,,,,,,,,,,,,,,,,,,,,,,,,,,,,,,,,,,,,,,,,,,,,,,,,,,,,,,,,,,,,,,,,,,,,,,
943,PE,SG,#5,-,FT_1,53444.72815583994,1.77546492269521,10.906449874190505,50000000,-0.7757543207463039,-7.143248406693721,148.67836085110105,,,,,,,,,,,,,,,,,,,,,,,,,,,,,,,,,,,,,,,,,,,,,,,,,,,,,,,,,,,,,,,,,,,,,,,,,,,,,,,,,,,,,,,,,,,,,,,,,,,,,,,,,,,,,,,,,,,,,,,,,,,,,,,,,,,,,,,,,,,,,,,,,,,,,,,,,,,,,,,,,,,,,,,,,,,,,,,,,,,,,,,,,,,,,,,,,,,,,,,,,,,,,,,,,,,,,,
944,PE,SG,#6,-,MeOH_1,64750.667298821136,1.1045559286994695,4.017470396803597,50000000,-0.23755593063640051,-0.8601753499644902,88.99923978878815,,,,,,,,,,,,,,,,,,,,,,,,,,,,,,,,,,,,,,,,,,,,,,,,,,,,,,,,,,,,,,,,,,,,,,,,,,,,,,,,,,,,,,,,,,,,,,,,,,,,,,,,,,,,,,,,,,,,,,,,,,,,,,,,,,,,,,,,,,,,,,,,,,,,,,,,,,,,,,,,,,,,,,,,,,,,,,,,,,,,,,,,,,,,,,,,,,,,,,,,,,,,,,,,,,,,,,
945,PE,SG,#7,-,FT_1,78451.25148539031,1.3656087726844108,6.044972656811135,50000000,-0.3808165733628201,-2.201851396932778,99.64161065482017,,,,,,,,,,,,,,,,,,,,,,,,,,,,,,,,,,,,,,,,,,,,,,,,,,,,,,,,,,,,,,,,,,,,,,,,,,,,,,,,,,,,,,,,,,,,,,,,,,,,,,,,,,,,,,,,,,,,,,,,,,,,,,,,,,,,,,,,,,,,,,,,,,,,,,,,,,,,,,,,,,,,,,,,,,,,,,,,,,,,,,,,,,,,,,,,,,,,,,,,,,,,,,,,,,,,,,
946,PE,SG,#8,-,H2_1,274664.794550582,1.0806558203530592,5.690493860474993,50000000,-0.35130863435193277,-1.3992026301041844,90.3027197143264,,,,,,,,,,,,,,,,,,,,,,,,,,,,,,,,,,,,,,,,,,,,,,,,,,,,,,,,,,,,,,,,,,,,,,,,,,,,,,,,,,,,,,,,,,,,,,,,,,,,,,,,,,,,,,,,,,,,,,,,,,,,,,,,,,,,,,,,,,,,,,,,,,,,,,,,,,,,,,,,,,,,,,,,,,,,,,,,,,,,,,,,,,,,,,,,,,,,,,,,,,,,,,,,,,,,,,
947,PE,SG,#9,-,MeOH_1,56422.491836874935,1.558720772320524,9.421619183295167,50000000,-0.6907028985293445,-6.314043435072769,143.96028458878817,,,,,,,,,,,,,,,,,,,,,,,,,,,,,,,,,,,,,,,,,,,,,,,,,,,,,,,,,,,,,,,,,,,,,,,,,,,,,,,,,,,,,,,,,,,,,,,,,,,,,,,,,,,,,,,,,,,,,,,,,,,,,,,,,,,,,,,,,,,,,,,,,,,,,,,,,,,,,,,,,,,,,,,,,,,,,,,,,,,,,,,,,,,,,,,,,,,,,,,,,,,,,,,,,,,,,,
948,PE,SG,#10,-,FT_1,78772.67521763634,1.8024873380486632,11.038806485766504,50000000,-0.8185838588671337,-7.194919603972209,151.25420265482018,,,,,,,,,,,,,,,,,,,,,,,,,,,,,,,,,,,,,,,,,,,,,,,,,,,,,,,,,,,,,,,,,,,,,,,,,,,,,,,,,,,,,,,,,,,,,,,,,,,,,,,,,,,,,,,,,,,,,,,,,,,,,,,,,,,,,,,,,,,,,,,,,,,,,,,,,,,,,,,,,,,,,,,,,,,,,,,,,,,,,,,,,,,,,,,,,,,,,,,,,,,,,,,,,,,,,,
949,PE,OG,#1,-,MeOH_1,11321.31377280541,0.97041240918558,2.5508674606310446,50000000,-0.5590881700929496,-0.06502765613466233,54.07164927999999,,,,,,,,,,,,,,,,,,,,,,,,,,,,,,,,,,,,,,,,,,,,,,,,,,,,,,,,,,,,,,,,,,,,,,,,,,,,,,,,,,,,,,,,,,,,,,,,,,,,,,,,,,,,,,,,,,,,,,,,,,,,,,,,,,,,,,,,,,,,,,,,,,,,,,,,,,,,,,,,,,,,,,,,,,,,,,,,,,,,,,,,,,,,,,,,,,,,,,,,,,,,,,,,,,,,,,
950,PE,OG,#2,-,FT_1,21672.584456300316,1.594245008687142,3.3260592030781897,50000000,-0.660397498511588,0.19630995212737917,84.60905728,,,,,,,,,,,,,,,,,,,,,,,,,,,,,,,,,,,,,,,,,,,,,,,,,,,,,,,,,,,,,,,,,,,,,,,,,,,,,,,,,,,,,,,,,,,,,,,,,,,,,,,,,,,,,,,,,,,,,,,,,,,,,,,,,,,,,,,,,,,,,,,,,,,,,,,,,,,,,,,,,,,,,,,,,,,,,,,,,,,,,,,,,,,,,,,,,,,,,,,,,,,,,,,,,,,,,,
951,PE,OG,#3,-,H2_1,134746.3648208006,0.9575835778720778,2.374676720067861,50000000,-0.5451264499893597,0.8114759962172265,58.60661462730207,,,,,,,,,,,,,,,,,,,,,,,,,,,,,,,,,,,,,,,,,,,,,,,,,,,,,,,,,,,,,,,,,,,,,,,,,,,,,,,,,,,,,,,,,,,,,,,,,,,,,,,,,,,,,,,,,,,,,,,,,,,,,,,,,,,,,,,,,,,,,,,,,,,,,,,,,,,,,,,,,,,,,,,,,,,,,,,,,,,,,,,,,,,,,,,,,,,,,,,,,,,,,,,,,,,,,,
952,PE,OG,#4,-,MeOH_1,10448.191824686266,1.2803844981276022,5.79760161929218,50000000,-0.8708980056529481,-3.328982878194026,90.61194559999998,,,,,,,,,,,,,,,,,,,,,,,,,,,,,,,,,,,,,,,,,,,,,,,,,,,,,,,,,,,,,,,,,,,,,,,,,,,,,,,,,,,,,,,,,,,,,,,,,,,,,,,,,,,,,,,,,,,,,,,,,,,,,,,,,,,,,,,,,,,,,,,,,,,,,,,,,,,,,,,,,,,,,,,,,,,,,,,,,,,,,,,,,,,,,,,,,,,,,,,,,,,,,,,,,,,,,,
953,PE,OG,#5,-,FT_1,27355.640112031208,1.9301644383346552,6.823076076578983,50000000,-0.98834815596015,-3.2606584968414793,123.71772768,,,,,,,,,,,,,,,,,,,,,,,,,,,,,,,,,,,,,,,,,,,,,,,,,,,,,,,,,,,,,,,,,,,,,,,,,,,,,,,,,,,,,,,,,,,,,,,,,,,,,,,,,,,,,,,,,,,,,,,,,,,,,,,,,,,,,,,,,,,,,,,,,,,,,,,,,,,,,,,,,,,,,,,,,,,,,,,,,,,,,,,,,,,,,,,,,,,,,,,,,,,,,,,,,,,,,,
954,PE,OG,#6,-,MeOH_1,28173.564675825823,1.0060244375891612,2.0667906866856,50000000,-0.5387388088130557,0.5520842992876965,62.394003625920526,,,,,,,,,,,,,,,,,,,,,,,,,,,,,,,,,,,,,,,,,,,,,,,,,,,,,,,,,,,,,,,,,,,,,,,,,,,,,,,,,,,,,,,,,,,,,,,,,,,,,,,,,,,,,,,,,,,,,,,,,,,,,,,,,,,,,,,,,,,,,,,,,,,,,,,,,,,,,,,,,,,,,,,,,,,,,,,,,,,,,,,,,,,,,,,,,,,,,,,,,,,,,,,,,,,,,,
955,PE,OG,#7,-,FT_1,24708.186884459417,1.3708290199038475,2.563732206032202,50000000,-0.6518241422913665,0.6302429120353695,74.56901162592052,,,,,,,,,,,,,,,,,,,,,,,,,,,,,,,,,,,,,,,,,,,,,,,,,,,,,,,,,,,,,,,,,,,,,,,,,,,,,,,,,,,,,,,,,,,,,,,,,,,,,,,,,,,,,,,,,,,,,,,,,,,,,,,,,,,,,,,,,,,,,,,,,,,,,,,,,,,,,,,,,,,,,,,,,,,,,,,,,,,,,,,,,,,,,,,,,,,,,,,,,,,,,,,,,,,,,,
956,PE,OG,#8,-,H2_1,141249.21516636826,0.9945407531454655,2.5749983279894613,50000000,-0.5654389721316117,0.6625168169771197,64.44052435839897,,,,,,,,,,,,,,,,,,,,,,,,,,,,,,,,,,,,,,,,,,,,,,,,,,,,,,,,,,,,,,,,,,,,,,,,,,,,,,,,,,,,,,,,,,,,,,,,,,,,,,,,,,,,,,,,,,,,,,,,,,,,,,,,,,,,,,,,,,,,,,,,,,,,,,,,,,,,,,,,,,,,,,,,,,,,,,,,,,,,,,,,,,,,,,,,,,,,,,,,,,,,,,,,,,,,,,
957,PE,OG,#9,-,MeOH_1,12759.895252274493,1.2352194459773849,5.040963443490506,50000000,-0.7475094646881889,-2.5060427694269483,93.24176650592051,,,,,,,,,,,,,,,,,,,,,,,,,,,,,,,,,,,,,,,,,,,,,,,,,,,,,,,,,,,,,,,,,,,,,,,,,,,,,,,,,,,,,,,,,,,,,,,,,,,,,,,,,,,,,,,,,,,,,,,,,,,,,,,,,,,,,,,,,,,,,,,,,,,,,,,,,,,,,,,,,,,,,,,,,,,,,,,,,,,,,,,,,,,,,,,,,,,,,,,,,,,,,,,,,,,,,,
958,PE,OG,#10,-,FT_1,24335.423164760694,1.434867469318648,5.642149047314839,50000000,-0.7175104419351649,-2.4512954044649162,98.65712570592052,,,,,,,,,,,,,,,,,,,,,,,,,,,,,,,,,,,,,,,,,,,,,,,,,,,,,,,,,,,,,,,,,,,,,,,,,,,,,,,,,,,,,,,,,,,,,,,,,,,,,,,,,,,,,,,,,,,,,,,,,,,,,,,,,,,,,,,,,,,,,,,,,,,,,,,,,,,,,,,,,,,,,,,,,,,,,,,,,,,,,,,,,,,,,,,,,,,,,,,,,,,,,,,,,,,,,,
959,PE,HG,#1,-,DIESEL_1,26706.88941470825,0.9072707150953437,2.1025817352196463,50000000,-0.2703160108851228,0.8214300090115807,77.535172,,,,,,,,,,,,,,,,,,,,,,,,,,,,,,,,,,,,,,,,,,,,,,,,,,,,,,,,,,,,,,,,,,,,,,,,,,,,,,,,,,,,,,,,,,,,,,,,,,,,,,,,,,,,,,,,,,,,,,,,,,,,,,,,,,,,,,,,,,,,,,,,,,,,,,,,,,,,,,,,,,,,,,,,,,,,,,,,,,,,,,,,,,,,,,,,,,,,,,,,,,,,,,,,,,,,,,
960,PE,HG,#2,-,DIESEL_1,23910.0324,0.9773139237539488,2.4946183111458127,50000000,-0.3192705623334599,0.506722756590744,80.32142112,,,,,,,,,,,,,,,,,,,,,,,,,,,,,,,,,,,,,,,,,,,,,,,,,,,,,,,,,,,,,,,,,,,,,,,,,,,,,,,,,,,,,,,,,,,,,,,,,,,,,,,,,,,,,,,,,,,,,,,,,,,,,,,,,,,,,,,,,,,,,,,,,,,,,,,,,,,,,,,,,,,,,,,,,,,,,,,,,,,,,,,,,,,,,,,,,,,,,,,,,,,,,,,,,,,,,,
961,PE,HG,#3,-,DIESEL_1,58843.738600000004,0.9195160530745633,2.0040515214828476,50000000,-0.2881482142940744,1.1037105116025876,76.4637355428969,,,,,,,,,,,,,,,,,,,,,,,,,,,,,,,,,,,,,,,,,,,,,,,,,,,,,,,,,,,,,,,,,,,,,,,,,,,,,,,,,,,,,,,,,,,,,,,,,,,,,,,,,,,,,,,,,,,,,,,,,,,,,,,,,,,,,,,,,,,,,,,,,,,,,,,,,,,,,,,,,,,,,,,,,,,,,,,,,,,,,,,,,,,,,,,,,,,,,,,,,,,,,,,,,,,,,,
962,PE,HG,#4,-,MeOH_1,17477.1336,1.0380731530976177,3.005561994045711,50000000,-0.39721386315712875,-0.13576604096027522,88.17238736,,,,,,,,,,,,,,,,,,,,,,,,,,,,,,,,,,,,,,,,,,,,,,,,,,,,,,,,,,,,,,,,,,,,,,,,,,,,,,,,,,,,,,,,,,,,,,,,,,,,,,,,,,,,,,,,,,,,,,,,,,,,,,,,,,,,,,,,,,,,,,,,,,,,,,,,,,,,,,,,,,,,,,,,,,,,,,,,,,,,,,,,,,,,,,,,,,,,,,,,,,,,,,,,,,,,,,
963,PE,HG,#5,-,DIESEL_1,23339.996400000004,1.1096430553969103,3.5383979940502823,50000000,-0.4511981884564214,-0.5392276376941192,91.4753208,,,,,,,,,,,,,,,,,,,,,,,,,,,,,,,,,,,,,,,,,,,,,,,,,,,,,,,,,,,,,,,,,,,,,,,,,,,,,,,,,,,,,,,,,,,,,,,,,,,,,,,,,,,,,,,,,,,,,,,,,,,,,,,,,,,,,,,,,,,,,,,,,,,,,,,,,,,,,,,,,,,,,,,,,,,,,,,,,,,,,,,,,,,,,,,,,,,,,,,,,,,,,,,,,,,,,,
